"","Year","Plot","Site","Zone","Replicate","Date","TIMESTAMP","TIMESTAMP_min","TIMESTAMP_max","Notes","ch4_HM81_AIC","ch4_HM81_flux.estimate","ch4_HM81_p.value","ch4_HM81_r.squared","ch4_HM81_RMSE","ch4_lin_AIC","ch4_lin_flux.estimate","ch4_lin_flux.std.error","ch4_lin_int.estimate","ch4_lin_int.std.error","ch4_lin_p.value","ch4_lin_r.squared","ch4_lin_RMSE","ch4_poly_AIC","ch4_poly_r.squared","ch4_poly_RMSE","ch4_rob_AIC","ch4_rob_converged","ch4_rob_flux.estimate","ch4_rob_flux.std.error","ch4_rob_RMSE","ch4_qaqc_flag","co2_HM81_AIC","co2_HM81_flux.estimate","co2_HM81_p.value","co2_HM81_r.squared","co2_HM81_RMSE","co2_lin_AIC","co2_lin_flux.estimate","co2_lin_flux.std.error","co2_lin_int.estimate","co2_lin_int.std.error","co2_lin_p.value","co2_lin_r.squared","co2_lin_RMSE","co2_poly_AIC","co2_poly_r.squared","co2_poly_RMSE","co2_rob_AIC","co2_rob_converged","co2_rob_flux.estimate","co2_rob_flux.std.error","co2_rob_RMSE","co2_qaqc_flag","HydraGO_Notes","Latitude","Longitude","Soil.Moisture.wfv","Soil.Moisture.percent","Soil.Temperature.C","Soil.Temperature.F","Bulk.EC.Raw.dS.per.m.","Bulk.EC.TC.dS.per.m","Pore.Water.EC.dS.per.m","Pore.Water.EC.Offset","Raw.Real.Dielectric","Raw.Imaginary.Dielectric","Loss.Tangent","soil.EC.10cm.TEROS","soil.salinity.10cm.TEROS","soil.temp.10cm.TEROS","soil.vwc.10cm.TEROS"
"1","2023","GCW_WC_1_202305","GCW","WC",1,202305,2023-05-18 08:31:14.5,"2023-05-18 08:28:50","2023-05-18 08:33:39","changed start time from 8:28:20 because it appears to include chamber adjustment or placement? ",3392.82199662811,3.7063911235507,1.14434251437691e-142,0.894475880699524,83.4184875671731,2489.98777866234,3.04970468588822,0.0123376110086331,36461.8923843209,2.16799946609646,0,0.995308660710494,17.5887455063407,2126.72657214544,0.998677795854813,9.37020145051168,2491.18650390745,TRUE,3.04859059793668,0.0126527383881256,18.8221027638813,NA,2607.87615198222,4.18762084312602,1.83750812208601e-221,0.970057343449595,21.5530007695829,2959.89946014462,1.40599155847189,0.0277391551016352,9586.4730791878,4.87440181152014,1.5641930396465e-145,0.899198062103538,39.5454954206429,2175.89250590949,0.993341513402054,10.1991404472059,2960.70897896276,TRUE,1.38511048261119,0.0281021596347922,45.7068845313996,"low r squared, but checked and flux is okay",NA,38.874972,-76.549987,0.95,95,21.3,70.3,4.06,4.33,2.5,3.4,139.1,145.9,1.05,6530.5,9.64708100339735,13.85,0.5887892665
"2","2023","GCW_WC_1_202306","GCW","WC",1,202306,2023-06-27 10:52:34.5,"2023-06-27 10:50:10","2023-06-27 10:54:59",NA,NA,NA,NA,NA,NA,2839.23807103601,5.55484776412714,0.0225291061274003,68988.4509751338,3.95887745380018,0,0.995284980022249,32.1179451907592,2796.74854337534,0.995983365202246,29.7474939290419,2844.5226880031,TRUE,5.54207047080788,0.00951421498845458,14.8935780661962,NA,4080.34022980788,8.87435771751406,6.52039028469493e-128,0.866409892571698,272.938425566301,2693.12741340183,8.88438030570782,0.0175121189368232,19155.3045951218,3.07727845193724,0,0.998882287996519,24.965627708721,2650.38205178456,0.999048682259573,23.1128530245658,2693.63336693787,TRUE,8.88247868655638,0.0174027969721412,24.2232827330431,NA,NA,38.87438,-76.550234,0.95,95,25.6,78.2,3.83,3.81,2.13,3.4,143.614,137.687,0.96,7178,9.70477568152069,22.4,0.605079127
"3","2023","GCW_WC_1_202307","GCW","WC",1,202307,2023-07-11 09:02:34.5,"2023-07-11 09:00:10","2023-07-11 09:04:59",NA,NA,NA,NA,NA,NA,2533.02234546527,7.4007547198289,0.0132878479733791,72678.3135191763,2.33497775960829,0,0.999072429897419,18.943422366548,2460.74562360419,0.999286954527205,16.6669799210834,2539.60146596824,TRUE,7.42806204332074,0.0120376991655742,15.6259546332798,NA,NA,NA,NA,NA,NA,2600.9857775907,6.06093775986366,0.0149397920799131,18043.2832093711,2.62526199198367,0,0.998253202112779,21.2984669906811,2565.13583416692,0.998477474095204,19.9536609648048,2600.99800619035,TRUE,6.06088370240724,0.0148185521665807,19.4642589985748,NA,NA,38.874414,-76.550204,0.95,95,27.5,81.5,3.61,3.5,1.83,3.4,153.8,129.917,0.84,6930,9.21646566321239,23.5,0.608546953
"4","2023","GCW_WC_1_202308","GCW","WC",1,202308,2023-08-15 07:17:34.5,"2023-08-15 07:15:10","2023-08-15 07:19:59","written time 8:15:00 AM",4068.64426717584,9.13959295771854,1.33878027771343e-131,0.874055456206027,267.489622062456,3151.39528713939,8.94848941304651,0.0385906560381278,75281.3334833645,6.78125786494889,0,0.99467232909591,55.0156126256861,3144.54772065669,0.994867931663567,54.1847034637851,3152.79373786707,TRUE,8.93360964084249,0.0373002526705048,54.6298537215606,NA,NA,NA,NA,NA,NA,2865.14204930452,7.15202871668283,0.0235581094235485,20975.0724872575,4.13969678706491,0,0.996884986641448,33.5849129115336,2867.99494908333,0.996897283796029,33.6355492579005,2866.55148058567,TRUE,7.13554224464839,0.0219078354891604,32.8586699184345,NA,NA,38.874641,-76.552022,0.778,77.8,26.4,79.5,3.45,3.38,3.6,3.4,77.069,124.066,1.61,7175.5,9.4848503340643,23.8,0.6109849045
"5","2023","GCW_WC_1_202309","GCW","WC",1,202309,2023-09-12 07:35:34.5,"2023-09-12 07:33:10","2023-09-12 07:37:59","written time 8:33:00 AM",3886.66987432812,6.86183441065133,2.39643059746911e-134,0.879465548041913,195.455321028753,2797.10135159214,6.69225248488092,0.0209504172492785,74265.0547235146,3.68146583476748,0,0.99718544889528,29.8673346883252,2723.72690588187,0.997844561140487,26.2284714098911,2797.55786603986,TRUE,6.6980648060343,0.021107337975723,31.5015710431791,NA,NA,NA,NA,NA,NA,2977.30827512,3.04090663940579,0.0285843725711848,18403.5427358523,5.02292578601056,3.29944678649504e-233,0.975184087569068,40.7504543838505,2609.54734640547,0.993113583550837,21.5415624520595,2978.6112578248,TRUE,3.06506265544698,0.0287969288293616,44.0491255414419,NA,NA,38.874278,-76.550329,0.95,95,26.2,79.1,3.86,3.81,2.12,3.4,144.726,138.901,0.96,7335,9.84515726434208,22.4,0.6077808505
"6","2023","GCW_WC_1_202310","GCW","WC",1,202310,2023-10-12 07:40:34.5,"2023-10-12 07:38:10","2023-10-12 07:42:59","written time 8:38:00 AM",3466.99769050583,2.99283971712242,8.3341158989453e-129,0.868303782564943,94.7990213259207,1815.87256833168,3.10894706203269,0.00385891014733948,77978.4242649462,0.678098469249202,0,0.999556490925698,5.50133964070484,1761.31939957115,0.999637577454559,4.99043075174511,1816.17564656612,TRUE,3.11094837055734,0.00389503242753949,5.50474474425102,NA,NA,NA,NA,NA,NA,2493.78736156535,2.28368298768396,0.0124187000775518,16414.0396014962,2.1822486637733,1.26665658352771e-300,0.991555187281526,17.7043477080602,2441.01563069453,0.993056626273132,16.1095503037609,2494.32749470748,TRUE,2.27510002493372,0.0131329441620214,16.9586689108403,NA,"sent to zoe",38.874584,-76.549865,0.95,95,18.4,65.1,4.72,5.2,2.97,3.4,141.1,169.8,1.2,8368.5,11.8027022019621,13.95,0.6054340555
"7","2023","GCW_WC_1_202311","GCW","WC",1,202311,2023-11-07 08:34:34.5,"2023-11-07 08:32:10","2023-11-07 08:36:59","water above chamber base",NA,NA,NA,NA,NA,2267.76415721919,2.68912182546055,0.00841072962852056,72825.8206125395,1.4779569019768,0,0.997190577581781,11.9905047140141,2228.87503630389,0.997576808684801,11.1747038294699,2275.3265569916,TRUE,2.67026720415901,0.00650022100302149,9.56804859615161,NA,NA,NA,NA,NA,NA,2596.89435766077,0.942233926485886,0.0148347750521457,14072.6988005457,2.60680810654576,1.9861179474035e-171,0.933366997387956,21.1487526112976,2596.16028090687,0.934445911078768,21.0500525996709,2598.32693250892,TRUE,0.934736347391733,0.0116803714273984,17.6456791838909,NA,NA,38.8743,-76.550267,0.95,95,16.7,62,4.77,5.36,2.37,3.4,181.02,171.754,0.95,9129.5,12.9903429102138,11.15,0.606948805
"8","2023","GCW_WC_2_202305","GCW","WC",2,202305,2023-05-18 08:39:54.5,"2023-05-18 08:37:30","2023-05-18 08:42:19",NA,3806.28242737686,6.19757703976646,3.52466002631479e-137,0.884800532596483,170.158910811006,2598.41731448727,5.96256472123545,0.0148737792069029,35154.3695078558,2.61366202556055,0,0.998211078343821,21.2043577159839,2446.54294871544,0.998954897257674,16.2638058907171,2598.65794036709,TRUE,5.96963968880997,0.0154972204453291,26.1406098553388,NA,3220.33902704396,2.24141214425169,3.89617081891176e-138,0.886548248027214,61.9597839086758,2246.57212531777,2.18543274685696,0.00810896501361678,8357.74971320202,1.42492998099993,0,0.996050611521773,11.5603030314803,2131.74575380139,0.997378321811687,9.45164080900353,2246.57919696942,TRUE,2.1854493710973,0.00845127734797666,12.3841834194457,NA,NA,38.874958,-76.550012,0.95,95,21.1,70,4.04,4.3,2.8,3.4,123.8,145.3,1.17,6552,9.66809546658398,13.85,0.5891655295
"9","2023","GCW_WC_2_202306","GCW","WC",2,202306,2023-06-27 11:02:34.5,"2023-06-27 11:00:10","2023-06-27 11:04:59",NA,4407.56948026198,19.0159801254143,8.5962338644693e-140,0.88951230559205,479.831300685383,3206.64789973967,17.1688867680348,0.042447724232929,68689.6447943985,7.45903266115339,0,0.998242670629365,60.5143263419387,2883.44192970763,0.999431356281532,34.5433910891953,3206.68718371737,TRUE,17.1650483998627,0.0447734850435563,58.988932707313,NA,4049.77331498893,9.91962227035765,2.5919921541132e-136,0.883193979687652,258.926605500547,2801.04984152449,9.01143866972189,0.0210935288499182,16004.3967047057,3.70661380495084,0,0.998424501703628,30.0713574542314,2645.83067321316,0.999090135884254,22.9321915128223,2801.66468821844,TRUE,9.02714662659797,0.020833760715183,30.1023870983382,NA,NA,38.874941,-76.549966,0.95,95,25.6,78.2,3.96,3.93,2.48,3.4,128.025,142.465,1.11,7178,9.70477568152069,22.4,0.605079127
"10","2023","GCW_WC_2_202307","GCW","WC",2,202307,2023-07-11 09:12:34.5,"2023-07-11 09:10:10","2023-07-11 09:14:59",NA,4079.18339277449,16.9540269495506,7.53512591336152e-162,0.922340780117908,272.3945796983,3743.776843615,11.4927490597085,0.107163712312175,90641.312233908,18.8311068419274,3.42517132341282e-234,0.975571365935017,152.774735891303,3373.50098547591,0.99327958731484,80.4105714313926,3743.77684361496,TRUE,11.4927490597085,0.107163712312175,212.508115197921,NA,3918.7972349744,7.44286516375075,2.82519530788757e-134,0.879327759245704,206.587451662018,2788.78564714557,7.07065791089458,0.0206521853344847,17106.1016460648,3.62905968972096,0,0.997549023702348,29.4421692938653,2706.51995913076,0.998179668651174,25.4617764844719,2788.79983692303,TRUE,7.06837854515098,0.0218451629765003,32.8683255334539,NA,NA,38.874974,-76.549915,0.95,95,27.5,81.5,3.45,3.34,1.86,3.4,144.335,123.946,0.86,6893,9.17277661146672,23.45,0.6083782165
"11","2023","GCW_WC_2_202308","GCW","WC",2,202308,2023-08-15 07:25:54.5,"2023-08-15 07:23:30","2023-08-15 07:28:19","written time 8:23:20 AM",NA,NA,NA,NA,NA,3393.46889765822,12.8488811426825,0.0585791288172565,68824.2249015445,10.2936881306552,1.63041663127611e-322,0.994049469584025,83.5115799994756,3381.25275759477,0.99437307767278,81.492482550582,3393.80088321414,TRUE,12.8318684370424,0.0600496524035989,94.7118818724024,NA,NA,NA,NA,NA,NA,3078.30009692508,8.82167636265661,0.0340212042824782,15464.4797534909,5.97830103970373,0,0.995734859688068,48.5013106285342,3065.52222152588,0.995974615895098,47.2828563197423,3079.15959172257,TRUE,8.82316737030605,0.0343167375440037,50.2073892712853,NA,NA,38.874915,-76.549986,0.95,95,26.7,80,3.56,3.47,2.31,3.4,121.394,127.916,1.05,7184.5,9.4902828109396,23.9,0.6110198155
"12","2023","GCW_WC_2_202310","GCW","WC",2,202310,2023-10-12 07:49:44.5,"2023-10-12 07:48:10","2023-10-12 07:51:19","written time 8:48:00 AM",2398.99591201969,8.18798884213804,3.0414451341954e-95,0.898281086605198,132.119945057606,1562.69099808333,7.50830271726867,0.0193480981111832,77983.8892950673,2.28344447291639,5.89658624659177e-275,0.99875316486583,14.627565251878,1506.22197597299,0.999093033317353,12.5425444156197,1563.0815299737,TRUE,7.50695875650336,0.019158536633575,14.7988182663573,NA,NA,NA,NA,NA,NA,1629.04301616954,2.6542527204916,0.0230393747927566,16514.9352173604,2.71908550016919,2.55433825664192e-176,0.986032904768682,17.4182473236854,1631.2916653949,0.986161056826841,17.4311211455805,1629.13513154151,TRUE,2.64819901043198,0.0237991494078035,15.5584223195009,NA,"sent to zoe",38.87493,-76.550015,0.95,95,17.5,63.5,5.35,5.94,3.9,3.4,123.4,192.5,1.56,8368.5,11.8027022019621,13.95,0.6054340555
"13","2023","GCW_WC_2_202311","GCW","WC",2,202311,2023-11-07 08:44:34.5,"2023-11-07 08:42:10","2023-11-07 08:46:59","water above chamber base",3690.70349292749,4.51041205339859,1.59187227985585e-130,0.871872522636075,139.415508647411,1925.09060444622,4.63574199771777,0.00465849184423521,73091.3191355721,0.818603198305537,0,0.999709250910713,6.64123933185139,1897.39635294985,0.999739352182808,6.31001255274485,1925.28314383989,TRUE,4.63596585705388,0.00479338484329817,6.4107195009461,NA,2784.41747777835,0.976005664691663,3.81934810049016e-114,0.833533988542394,29.2212636047835,2456.56260224271,0.829340112201988,0.0116466989492328,14273.6697126536,2.04659046926139,7.12628989668776e-185,0.94625465279564,16.6037674282062,2458.84054698163,0.946572853509953,16.6123251201788,2456.97186670593,TRUE,0.835771748287477,0.0117672224483581,16.4779481388405,NA,NA,38.874937,-76.550039,0.95,95,15.5,59.9,4.16,4.73,2.03,3.4,186.338,149.791,0.8,9361.5,13.3437412619162,11.15,0.6065550865
"14","2023","GCW_WC_3_202304","GCW","WC",3,202304,2023-04-19 09:14:14.5,"2023-04-19 09:11:50","2023-04-19 09:16:39",NA,NA,NA,NA,NA,NA,1972.48330995492,1.56087194869991,0.00505512873190823,33252.9808060405,0.888301340037154,0,0.996988294964269,7.20669282773695,1707.77411770329,0.998807653810535,4.55034374079383,1972.66477115978,TRUE,1.55985562363275,0.0052934758471994,8.19962543583237,NA,2915.75265082901,1.20753439089155,1.18120051729787e-128,0.867984603223319,36.647184475838,2182.32099876669,1.19432624962951,0.00725863966303261,7490.12440789705,1.27550843538751,7.58215188395806e-287,0.989474047274093,10.3480621707051,2178.08036831235,0.989768942688159,10.2376860604217,2183.01171207566,TRUE,1.1923281101231,0.00665617121645308,8.73588808070511,NA,NA,38.874964,-76.550039,0.765,76.5,19.3,66.8,5.11,5.43,6,3.4,75.1,183.8,2.45,6480.5,9.75565844721649,11.25,0.5863648915
"15","2023","GCW_WC_3_202305","GCW","WC",3,202305,2023-05-18 08:47:34.5,"2023-05-18 08:45:10","2023-05-18 08:49:59",NA,NA,NA,NA,NA,NA,2421.75449459094,1.77483107996685,0.0109682946800387,34538.9540809124,1.92737937625633,8.8201180621731e-285,0.989120576230922,15.6366207064527,2043.00343009276,0.99709323139044,8.11070140335937,2421.76877585913,TRUE,1.77465618859354,0.0118799325966948,18.2938565502022,NA,NA,NA,NA,NA,NA,2226.81245826072,1.20727397749169,0.00783735848740687,7904.82847797723,1.37720252360162,1.07971012031325e-278,0.988008298066834,11.173095324573,2134.88854621413,0.991385534763551,9.50299454903311,2226.8557605674,TRUE,1.20589826602285,0.00805236404532685,11.6878484283195,NA,NA,38.87497,-76.550023,0.839,83.9,21.1,70,4.18,4.44,4.2,3.4,87.2,150.2,1.72,6552,9.66809546658398,13.85,0.5891655295
"16","2023","GCW_WC_3_202306","GCW","WC",3,202306,2023-06-27 11:09:34.5,"2023-06-27 11:07:10","2023-06-27 11:11:59",NA,3973.40437712385,8.48686370474421,5.92218254490598e-137,0.884384835949442,226.982758889685,2600.40015876848,7.94249978445202,0.0149247151695028,66942.8603871122,2.62261263517569,0,0.998984105180311,21.2769730450507,2314.83457648277,0.999625712922088,12.9598840088465,2600.74533215875,TRUE,7.93421983382409,0.0153628166936229,21.7220108479713,NA,4017.08692699741,7.87872914354963,1.06031580807683e-130,0.872233385302979,244.738135375352,2512.54072328205,8.14761433435814,0.0128268007384255,14585.9999280689,2.25396125175072,0,0.999286722747471,18.2861441887609,2498.6578082708,0.999329378446504,17.7928260912813,2512.56099389377,TRUE,8.14921716028447,0.0131792571296754,16.1359502233594,NA,NA,38.874994,-76.550059,0.95,95,25.6,78.2,4.25,4.22,2.2,3.4,153.745,152.882,0.99,7170,9.68758832397191,22.35,0.605358415
"17","2023","GCW_WC_3_202307","GCW","WC",3,202307,2023-07-11 09:22:34.5,"2023-07-11 09:20:10","2023-07-11 09:24:59",NA,NA,NA,NA,NA,NA,2534.58421542631,8.08372535363104,0.0133236787657189,73463.2861787664,2.34127404651571,0,0.999218231721554,18.9945034621762,2391.46752315974,0.999529281882289,14.7904915443436,2536.13028101292,TRUE,8.07424597879863,0.0134498797471847,18.6629690300713,NA,NA,NA,NA,NA,NA,2617.96699491002,6.27797189520776,0.0153836648664345,17221.316965911,2.70326055779352,0,0.998273673282932,21.931260930598,2600.23914241189,0.998398289313876,21.1986092637203,2617.99704988793,TRUE,6.27531539711697,0.0161647084236985,25.1008367870555,NA,NA,38.875008,-76.550102,0.95,95,27.5,81.5,3.98,3.85,1.86,3.4,165.898,143.316,0.86,6908,9.20087386444169,23.4,0.608213359
"18","2023","GCW_WC_3_202308","GCW","WC",3,202308,2023-08-15 07:32:34.5,"2023-08-15 07:30:10","2023-08-15 07:34:59","written time 8:30:00 AM",NA,NA,NA,NA,NA,3426.48304722691,14.328953553492,0.0620102328345973,68799.2457724843,10.8966113118539,0,0.994635193234406,88.4030306477867,3408.26556334098,0.995030852260403,85.3776690750249,3429.19441122805,TRUE,14.2978216621027,0.0525357283137069,75.7746189196998,NA,NA,NA,NA,NA,NA,2904.7634136067,6.37153109885978,0.0252236691947839,14454.1816206471,4.43237360207095,0,0.99550669825871,35.9593683001303,2866.96290836906,0.996109848461875,33.5757520328237,2906.32689294865,TRUE,6.35704641031361,0.0237397561094276,32.4612478180821,NA,NA,38.875041,-76.550036,0.95,95,26.7,80,3.58,3.5,1.65,3.4,169.831,128.882,0.76,7184.5,9.4902828109396,23.9,0.6110198155
"19","2023","GCW_WC_3_202309","GCW","WC",3,202309,2023-09-12 08:36:34.024055,"2023-09-12 08:34:10","2023-09-12 08:38:59","written time 9:34:00 AM",NA,NA,NA,NA,NA,2719.94367807646,5.45016356224913,0.017963743110561,73852.4458929594,3.15125571027756,0,0.996870239727397,25.7296294267687,2638.80563951449,0.997664126684434,22.30543053038,2720.24764264743,TRUE,5.4595120131674,0.0177271926061888,25.9504817644704,NA,NA,NA,NA,NA,NA,2681.64216330261,3.73037892766946,0.0168196070473539,14159.2723366312,2.95054780211356,0,0.994159103260349,24.0908731420156,2678.59599005724,0.994298834186575,23.8837537949204,2681.78461637495,TRUE,3.73668938620812,0.0168334281318341,22.1506779435752,NA,NA,38.874276,-76.550331,0.95,95,24.2,75.5,3.74,3.77,2.33,3.4,130.159,134.562,1.03,7376.5,9.91169770785795,22.3,0.607596598
"20","2023","GCW_WC_3_202310","GCW","WC",3,202310,2023-10-12 07:57:34.5,"2023-10-12 07:55:10","2023-10-12 07:59:59","written time 8:55:00 AM",3829.84959200198,6.03804744078719,1.64306127283062e-133,0.877844054518121,177.215377053266,2275.53285066732,6.03408999838124,0.00852414330916035,76693.0688292695,1.49788627070978,0,0.999425591481455,12.152189530006,2150.28270585191,0.999632159031693,9.75859679585084,2275.92135111793,TRUE,6.03907117333293,0.00880479549749569,11.8653794179098,NA,NA,NA,NA,NA,NA,2482.65626214763,2.07594021869267,0.0121826384053016,16049.7034931445,2.14076724739163,3.50685711668723e-291,0.990178921394281,17.3678134572961,2480.90024182626,0.990371931755265,17.2563269097982,2482.74798686359,TRUE,2.07771401353254,0.0130854433534391,17.7208338601957,NA,"sent to zoe",38.874931,-76.550033,0.95,95,17,62.6,4.64,5.16,2.98,3.4,140,167,1.19,8368,11.8014698901343,13.9,0.6054961195
"21","2023","GCW_WC_3_202311","GCW","WC",3,202311,2023-11-07 08:53:34.5,"2023-11-07 08:51:10","2023-11-07 08:55:59","water above chamber base",5065.086044528,50.8648156702491,1.07406451574823e-131,0.874247898954163,1490.82335557818,3526.16586662567,50.0294315414333,0.0736383792587896,79372.9786858281,12.9399416795969,0,0.999376439063796,104.980349224493,3392.48072631651,0.999612130032969,83.0854290485448,3526.1939820722,TRUE,50.0223375955323,0.0752508805998651,132.466545698501,NA,3170.3618378372,2.86040852167028,4.37887475465319e-132,0.875028621982957,56.8444142021988,2506.52348984554,1.90198387760496,0.0126944164761876,14907.7543908361,2.2306983194334,2.87615984481876e-275,0.987333167241008,18.097414531462,2479.26907202534,0.988627329769348,17.2078640559507,2506.55691480726,TRUE,1.90279362890723,0.0134537016531609,16.9995824096051,NA,NA,38.874953,-76.55003,0.95,95,15.2,59.4,4.64,5.29,2.38,3.4,177.836,166.958,0.94,9353.5,13.3251781316094,11.15,0.6067373995
"22","2023","GCW_WC_4_202304","GCW","WC",4,202304,2023-04-19 09:21:44.5,"2023-04-19 09:19:20","2023-04-19 09:24:09",NA,NA,NA,NA,NA,NA,1976.60937632469,1.13160588462294,0.00509121866831301,33287.3266914868,0.894643164463478,4.94065645841247e-324,0.994204096547326,7.25814336433756,1841.06648537755,0.996417829204283,5.72599998789051,1984.08351681506,TRUE,1.12472082840841,0.00424871467099007,5.84187433311864,NA,2886.29798196569,1.05936536386722,7.98060074552342e-124,0.857391345547831,34.8325638341371,2074.06046526556,1.09323917375738,0.00602270410171837,7466.95716511127,1.05832638651403,5.15222764297667e-299,0.991335058486169,8.58608766567483,2076.57277485087,0.99137939552872,8.59398492516119,2074.2110366834,TRUE,1.09159616519891,0.00594606114779801,7.91613380042117,NA,NA,38.874997,-76.550077,0.786,78.6,18.4,65.1,4.93,5.31,5.6,3.4,78.4,177.3,2.26,6480.5,9.75565844721649,11.25,0.5863648915
"23","2023","GCW_WC_4_202305","GCW","WC",4,202305,2023-05-18 09:00:54.5,"2023-05-18 08:58:30","2023-05-18 09:03:19",NA,3273.08293139062,2.29328022769158,2.33808960138775e-132,0.875571714702445,67.8584076639286,1465.40446713818,2.28972601271466,0.00210882190242597,34731.9626227637,0.370568074755548,0,0.999755769905166,3.00637876603608,1313.93419134209,0.999857119817667,2.30750861702055,1465.53758194541,TRUE,2.2895873642028,0.0021811763603219,3.09069448002215,NA,NA,NA,NA,NA,NA,2090.53095225701,2.98777921430368,0.00619618472787286,8037.93394906509,1.0888108866833,0,0.998762894897997,8.83340512296675,2086.40026998513,0.99879709770053,8.74084169116273,2090.56859308995,TRUE,2.98894924509513,0.00671660955389742,8.18388797970391,NA,NA,38.875,-76.550064,0.95,95,21.1,70,3.99,4.24,3.1,3.4,112.6,143.4,1.27,6537,9.65370462189527,13.85,0.5888784835
"24","2023","GCW_WC_4_202306","GCW","WC",4,202306,2023-06-27 11:17:34.5,"2023-06-27 11:15:10","2023-06-27 11:19:59",NA,3734.64633932047,5.54430944619266,2.21169778845304e-137,0.885172580768844,150.388549241197,2446.50322925352,5.27947388815951,0.0114464431672842,66426.8188233553,2.01140096393144,0,0.998648037141784,16.3182787722256,2109.21372101972,0.99958326421525,9.0915010323989,2446.80837550357,TRUE,5.28574661911889,0.0118441174858057,17.1237984114564,NA,4006.91436573401,8.5516133118221,2.7120269380285e-135,0.881274789848408,240.483121209148,2734.81164937921,8.30203459278454,0.0188170340163211,14654.8398908561,3.30658177440974,0,0.998522649067314,26.8259407972611,2584.35789398302,0.999132681128753,20.6260350653838,2735.55232351661,TRUE,8.31565252093948,0.0192925970239835,26.0995122703978,NA,"Not sure how we can have the other ones but not this one… ",NA,NA,NA,NA,NA,NA,NA,NA,NA,NA,NA,NA,NA,7170,9.68758832397191,22.35,0.605358415
"25","2023","GCW_WC_4_202307","GCW","WC",4,202307,2023-07-11 09:32:34.5,"2023-07-11 09:30:10","2023-07-11 09:34:59",NA,NA,NA,NA,NA,NA,2762.36866054229,7.18044403803901,0.0197326497686012,71286.6508494886,3.46747633176801,0,0.997829713186112,28.131260963149,2258.99803848786,0.999622692410921,11.7704110930556,2765.69088504347,TRUE,7.21172128379884,0.0189425109717479,29.9051254368698,NA,NA,NA,NA,NA,NA,2676.06008282807,7.60204134935045,0.0170043079351947,15615.4027687127,2.98804448438566,0,0.99856111989662,24.2416821679909,2629.36452651385,0.998791895210677,22.2903033878353,2676.76860510346,TRUE,7.61146133319493,0.0163541433646662,23.0633374489961,NA,"Not sure how we can have the other ones but not this one… It is not listed in the file",NA,NA,NA,NA,NA,NA,NA,NA,NA,NA,NA,NA,NA,6908,9.20087386444169,23.4,0.608213359
"26","2023","GCW_WC_4_202308","GCW","WC",4,202308,2023-08-15 07:41:34.5,"2023-08-15 07:39:10","2023-08-15 07:43:59","written time 8:39:00 AM",NA,NA,NA,NA,NA,2480.01967013537,4.85274740754589,0.0121273836642411,68433.1555995441,2.13105772996279,0,0.998204559988864,17.2890411911051,2385.01793184561,0.998723828195346,14.6269325719204,2480.14099653438,TRUE,4.8485712380867,0.0124043397630913,15.478389439529,NA,NA,NA,NA,NA,NA,2813.99754848627,7.58165639616803,0.0215697082926895,14896.3576054255,3.79028938663128,0,0.99767436450035,30.7502084107412,2693.01662813768,0.998488617727996,24.8758327791755,2814.00659037331,TRUE,7.57965586290753,0.0224816457932095,29.3036945934209,NA,NA,38.874911,-76.550088,0.95,95,26.4,79.5,3.55,3.47,2.31,3.4,121.122,127.595,1.05,7073.5,9.33421332771403,24.05,0.6110353315
"27","2023","GCW_WC_4_202309","GCW","WC",4,202309,2023-09-12 08:21:34.5,"2023-09-12 08:19:10","2023-09-12 08:23:59","written time 9:19:00 AM",NA,NA,NA,NA,NA,2634.39076313762,5.77106455011692,0.0158255079469358,74158.2765545908,2.78090245799241,0,0.997838991818893,22.5611612809362,2499.01546108314,0.998663612105095,17.8038012925659,2636.34046235621,TRUE,5.7817387084495,0.0146786467886363,18.0118000012912,NA,3922.96944405548,7.62309234499219,3.64364698040162e-132,0.8751879598143,208.078888913263,2835.2930875855,7.00090671166379,0.0223763899584909,14943.4787043415,3.93204174205434,0,0.997066486646717,31.9002299598468,2770.70875443664,0.997684320648507,28.4414817058245,2835.5559422517,TRUE,7.01142904073913,0.0232777555954369,32.5704309379065,NA,NA,38.874944,-76.55002,0.95,95,23.7,74.7,3.57,3.61,2.55,3.4,114.502,128.294,1.12,7299.5,9.79776746858421,22.35,0.6077924875
"28","2023","GCW_WC_4_202310","GCW","WC",4,202310,2023-10-12 08:12:34.5,"2023-10-12 08:10:10","2023-10-12 08:14:59","written time 9:10:00 AM",4126.71334371238,10.639161067286,4.31789495634164e-139,0.8882674732513,295.656961091787,2896.97207670677,10.5206137573461,0.024887096790498,79353.6752564194,4.37323015912369,0,0.998390987344422,35.4795439354864,2563.94582434261,0.999496684846536,19.912763189149,2897.29894375095,TRUE,10.5119316876781,0.0273609077504504,33.0160593484142,NA,3384.1505510409,2.59280114341017,1.87856308061895e-127,0.865425141307445,82.1805938806001,2584.49496570986,2.65532385636446,0.0145209992852002,16198.3682949498,2.55167055238427,6.29587883059233e-300,0.991460627207917,20.701427589703,2574.75524316187,0.991855774016082,20.2873557277805,2584.53173966825,TRUE,2.65281288006678,0.0143271729065428,20.0573998682833,NA,"sent to zoe",38.874988,-76.550084,0.95,95,15.7,60.2,3.71,4.22,2.21,3.4,153.5,146.6,0.96,8357.5,11.7987001111969,13.8,0.60530023
"29","2023","GCW_WC_4_202311","GCW","WC",4,202311,2023-11-07 09:02:34.5,"2023-11-07 09:00:10","2023-11-07 09:04:59","water above chamber base",3117.60670094772,1.80801146038584,1.65098302832454e-132,0.875871875133979,51.9021817978597,1930.39817310424,1.75183433557893,0.00470131726042616,73445.4228745016,0.82612860005247,0,0.99793011761381,6.70229210341784,1903.41307183155,0.998139869566889,6.37581113068768,1930.68879752163,TRUE,1.75395409173083,0.00474768911743274,6.08561569463952,NA,2802.53917499459,0.912007357499268,1.03547137857839e-107,0.815512250842849,30.1486744022777,2442.87650924685,0.812953288938773,0.0113750922625887,14182.5956101637,1.99886298367114,2.64169000271744e-185,0.946623692258604,16.2165594925807,2446.3112057402,0.946727638547541,16.2573088736539,2442.9252231459,TRUE,0.812241227179153,0.011923667553782,16.1133335266371,NA,NA,38.874979,-76.550069,0.95,95,14.7,58.5,4.24,4.94,2.22,3.4,177.712,152.68,0.86,9353.5,13.3251781316094,11.15,0.6067373995
"30","2023","GCW_WC_5_202304","GCW","WC",5,202304,2023-04-19 09:27:34.5,"2023-04-19 09:26:00","2023-04-19 09:29:09",NA,1388.0754536877,0.733261709607696,5.29987850642591e-99,0.907223721871531,9.23862614561971,988.642602835616,0.546963842384704,0.0042713949245424,33312.9626669968,0.504106040606231,7.63962624947145e-185,0.988664801214545,3.22926354912222,928.236116099441,0.991923720472435,2.74041946434382,988.663234556067,TRUE,0.546787282424168,0.00453619579996922,3.60390473423963,NA,1754.46854607333,1.48042218732415,4.51992599713099e-93,0.892725998929213,24.2298546837878,1315.51020430414,1.33451922226338,0.0100957884598739,7520.07744514617,1.19149552715507,2.07885770723749e-187,0.989355117534086,7.63262640169295,1311.84852333657,0.989775829025381,7.52038499424241,1315.56243051823,TRUE,1.3347337193172,0.0107335460480853,7.03426122545655,NA,NA,38.875021,-76.550112,0.911,91.1,18.2,64.8,4.25,4.63,3.8,3.4,100,152.8,1.53,6565,9.90699163132403,11.15,0.585804376
"31","2023","GCW_WC_5_202305","GCW","WC",5,202305,2023-05-18 09:07:04.5,"2023-05-18 09:05:10","2023-05-18 09:08:59",NA,2087.16133207884,1.03855066988983,4.65132287083287e-110,0.887299935465632,22.4141414000313,1072.42738223265,1.00053736562053,0.00245186214566829,34494.8227344156,0.345951579945703,0,0.998632692804056,2.4688407363036,1042.89363170469,0.998818193334704,2.30540083668622,1072.50502441845,TRUE,1.00102621407173,0.00257795993725567,2.54671360836083,NA,NA,NA,NA,NA,NA,1682.69082381475,2.70714054695187,0.00923968182860835,7824.55010034435,1.30369585926757,8.98780421597983e-296,0.997351040505197,9.3036645348325,1679.08748171015,0.997437178217415,9.1915507820377,1682.75797785544,TRUE,2.70913777489868,0.00976069336551836,8.91704942329062,NA,NA,38.875016,-76.550112,0.95,95,21.1,70,3.99,4.24,3.1,3.4,112.6,143.4,1.27,6537,9.65370462189527,13.85,0.5888784835
"32","2023","GCW_WC_5_202306","GCW","WC",5,202306,2023-06-27 11:27:54.5,"2023-06-27 11:25:30","2023-06-27 11:30:19",NA,NA,NA,NA,NA,NA,1774.5642820322,2.74003639833205,0.00359363280800731,66115.9741119846,0.631483194246838,0,0.999504855304379,5.12315494945078,1769.27174646522,0.999520469831873,5.05932548955149,1774.56511007175,TRUE,2.74000337808819,0.00385954270442889,5.32310742044163,NA,NA,NA,NA,NA,NA,2564.01432878947,8.07380439338343,0.0140171893243595,15214.2634306745,2.46313965889505,0,0.999132676563012,19.9831860129029,2559.13338697312,0.999158834842515,19.7482244615029,2564.0349153472,TRUE,8.07193317316058,0.0144545692870935,19.3491313481496,NA,NA,38.874964,-76.550085,0.95,95,25.4,77.7,3.83,3.81,2.56,3.4,120.073,137.783,1.15,7166.5,9.68453496948108,22.3,0.605408842
"33","2023","GCW_WC_5_202307","GCW","WC",5,202307,2023-07-11 09:41:34.5,"2023-07-11 09:39:10","2023-07-11 09:43:59",NA,NA,NA,NA,NA,NA,2775.03613104348,3.11516363311107,0.0201683607888403,70396.2470332314,3.54404068921045,5.00249351260737e-279,0.988072191999849,28.7524193254877,2077.08823010193,0.9989399008118,8.60162593147825,2775.29960451151,TRUE,3.1127201416239,0.0219123512901099,32.6792061454436,NA,NA,NA,NA,NA,NA,2834.78015095785,6.28337992235361,0.0223566096201691,15065.037385741,3.92856588575681,0,0.996367236103595,31.8720307131265,2549.60892935857,0.99865975609095,19.4265776017771,2835.1037231531,TRUE,6.29006146145636,0.0233040174218605,33.0132977036577,NA,NA,38.874983,-76.550076,0.95,95,26.7,80,3.9,3.78,2.26,3.4,134.854,140.391,1.04,6954,9.27339445762472,23.3,0.6079941955
"34","2023","GCW_WC_5_202308","GCW","WC",5,202308,2023-08-15 07:49:34.5,"2023-08-15 07:47:10","2023-08-15 07:51:59","wiggly flux; written time 8:47:00 AM",3670.47476629593,4.82825952581531,1.06298712405985e-129,0.870172742701336,134.636914116804,2780.66509094315,4.43464423169883,0.0203650497125223,67519.799930059,3.57860341624337,1.28951133564565e-321,0.993963070320666,29.0328229968417,2780.06156624471,0.994058145272233,28.9038337069104,2781.52627507976,TRUE,4.43347243713253,0.0200662561671947,30.5994843583469,NA,3934.86593959795,6.98614702596018,7.14933559863893e-125,0.859759378362498,212.390907618261,3050.0881925425,6.72892709778618,0.0324059734367945,14090.9807493424,5.69446816406724,1.0497870281977e-315,0.993364712983459,46.1986051648231,3047.07028573712,0.993523357481899,45.8022905433333,3051.16232635712,TRUE,6.72233038533998,0.030407177288926,42.9961020223477,NA,NA,38.875014,-76.550099,0.95,95,26.4,79.5,4.09,4.01,2.26,3.4,142.402,147.267,1.03,7073.5,9.33421332771403,24.05,0.6110353315
"35","2023","GCW_WC_5_202309","GCW","WC",5,202309,2023-09-12 08:28:34.5,"2023-09-12 08:26:10","2023-09-12 08:30:59","written time 9:26:00 AM",NA,NA,NA,NA,NA,2450.55329470163,1.46755699840249,0.0115266519264311,73242.8901601278,2.02549547111641,3.29604406342604e-255,0.982543361613622,16.4326259866925,2249.68272137944,0.991387025348436,11.5828778039129,2450.92270491306,TRUE,1.47286129631948,0.0120116844680608,19.3750809056384,NA,NA,NA,NA,NA,NA,2935.93176700989,3.17968057739578,0.0266162344637719,14055.177118819,4.67707906065266,2.16281135762366e-247,0.980219285723559,37.9446372553647,2650.96401617563,0.992697133688736,23.1360557968088,2936.53808470703,TRUE,3.20007031274837,0.0284190202705362,38.1110150897486,NA,NA,38.87502,-76.550094,0.95,95,23.7,74.7,3.71,3.77,2.35,3.4,129.312,133.53,1.03,7376.5,9.91169770785795,22.3,0.607596598
"36","2023","GCW_WC_5_202310","GCW","WC",5,202310,2023-10-12 08:21:34.5,"2023-10-12 08:19:10","2023-10-12 08:23:59","written time 9:19:00 AM",2761.0000854933,0.92724097015148,6.25016337815425e-130,0.870650408919515,28.064960350517,1791.47561773833,0.926786927497143,0.00369995660218205,74856.4282949837,0.650166708327715,0,0.995430832932101,5.27473228121293,1789.56751701763,0.995522977672804,5.23949898285467,1791.50658264796,TRUE,0.927397430558163,0.00382873744670109,5.36669058921248,NA,NA,NA,NA,NA,NA,2454.44531629532,1.99568116513254,0.0116042602642869,15257.3716601982,2.039133025009,2.53531035042959e-292,0.990356456817525,16.5432659884531,2458.25257489917,0.990362864032837,16.5954929923361,2454.49927593461,TRUE,1.99744894628374,0.0120774476153586,15.9437883184377,NA,"sent to zoe",38.874951,-76.55005,0.95,95,16.5,61.7,4.1,4.63,2.53,3.4,147.7,147.5,1,8357.5,11.7987001111969,13.8,0.60530023
"37","2023","GCW_WC_5_202311","GCW","WC",5,202311,2023-11-07 09:10:34.5,"2023-11-07 09:08:10","2023-11-07 09:12:59","water above chamber base",NA,NA,NA,NA,NA,2484.79060637716,6.87147311155125,0.0122275519312442,73473.5254468121,2.14865957761632,0,0.999088879240879,17.4318430799713,2375.70558498253,0.999383087563611,14.3939611725044,2485.9326755207,TRUE,6.86508943751855,0.0122175813083744,17.2580509112379,NA,3184.70712849812,2.15499615934073,3.01804648965349e-122,0.853750059234433,58.2678929340596,2506.42860306232,1.80089988558439,0.0126923398661528,14258.5647648362,2.230333411718,1.50718877083682e-268,0.985896463041182,18.09445407458,2507.58106905426,0.986034269166081,18.068684104893,2506.54324260083,TRUE,1.79679214444658,0.0129708545934726,17.845839920026,NA,NA,38.874993,-76.550068,0.95,95,14.6,58.3,4.24,4.94,2.23,3.4,177.512,152.458,0.86,9356,13.3225264850555,11.15,0.606898378
"38","2023","GWI_TR_1_202304","GWI","TR",1,202304,2023-04-27 11:09:09.5,"2023-04-27 11:07:10","2023-04-27 11:11:09","changed the obs length to 275 because the end of the flux had high variation and could be starting to open the chamber",1935.77361506404,0.720591244662902,1.27152541923434e-96,0.839803954597309,13.5394451719091,1685.1787825499,0.472321537982827,0.00748419618085103,104058.50410009,1.09918783526053,1.30840943054094e-150,0.943612177984574,8.03281255013351,1637.56585054173,0.954523335325067,7.24438882895462,1686.08399879828,TRUE,0.476977150605258,0.00725645641549977,7.19768374327515,NA,NA,NA,NA,NA,NA,2520.27939523267,5.76986546377283,0.0426312078848284,23292.4529465391,6.26115403406457,3.79510249345353e-227,0.987173902857705,45.7562166262804,2401.01977445356,0.992325522743057,35.543461764772,2520.40587391662,TRUE,5.76893762667313,0.0450917561376189,50.0734832878236,NA,"Have data from that day but looks like the collar measurements weren't taken / were forgotten",NA,NA,NA,NA,NA,NA,NA,NA,NA,NA,NA,NA,NA,3990,7.30554442077605,14.6,0.526734964
"39","2023","GWI_TR_1_202305","GWI","TR",1,202305,2023-05-23 11:30:34.5,"2023-05-23 11:28:10","2023-05-23 11:32:59","Iva in collar",NA,NA,NA,NA,NA,2170.30696090587,0.672815570013611,0.00710983174274713,133405.060581222,1.24935949200583,5.66308202549295e-219,0.968841829554868,10.1359186173545,2053.73923675373,0.979440446334275,8.26222863857737,2170.45210532634,TRUE,0.674961618818613,0.00727093155713138,10.0249641210752,NA,NA,NA,NA,NA,NA,3453.596864448,12.2110168659239,0.0649779107726448,34427.7100709824,11.4180999680233,2.57166911852174e-303,0.991911033560246,92.6338117901468,3219.62317115622,0.996439496303034,61.6725585927423,3458.15036754037,TRUE,12.3265527453467,0.0580913499567756,83.4504845090275,NA,"Have data from that day but looks like the collar measurements weren't taken / were forgotten",NA,NA,NA,NA,NA,NA,NA,NA,NA,NA,NA,NA,NA,3579.75,6.96762301409612,17.625,0.5101464205
"40","2023","GWI_TR_1_202306","GWI","TR",1,202306,2023-06-22 12:02:34.5,"2023-06-22 12:00:10","2023-06-22 12:04:59",NA,NA,NA,NA,NA,NA,2180.46066989676,0.831729448371885,0.00723539513866462,130773.663611506,1.27142384264227,1.12448536716164e-242,0.978670083703102,10.3149243109332,2143.61156954279,0.981472582878912,9.64699685343843,2180.52113351298,TRUE,0.832206546872791,0.00728481090913215,10.734950730242,NA,NA,NA,NA,NA,NA,3017.16870537321,4.16002622543022,0.0306179070233666,32049.2265020252,5.38026413972702,3.31797149264566e-263,0.984638690215986,43.6495018520171,2948.91732435486,0.988026339208906,38.6715759255258,3017.20566661186,TRUE,4.15558429875849,0.0312518398480922,44.7446332790297,NA,NA,37.21933,-76.40928,0.95,95,25.9,78.6,3.42,3.35,2.18,3.4,123.976,122.883,0.99,9751.75,14.4627071706073,20.3,0.57942439075
"41","2023","GWI_TR_1_202307","GWI","TR",1,202307,2023-07-20 12:37:34.5,"2023-07-20 12:35:10","2023-07-20 12:39:59",NA,3455.31774181616,3.42091629172978,1.15556416482541e-136,0.883847129447039,92.9090672272902,2484.12568011731,3.2385299605976,0.0122135419972849,135958.182159681,2.14619771289044,0,0.995920522039752,17.4118702373522,2425.75209879715,0.996709999507698,15.6911341399676,2484.62914520401,TRUE,3.24384131868122,0.0124114719844724,17.1015268603746,NA,NA,NA,NA,NA,NA,3010.45124726401,10.2359942906923,0.0302653414204712,33999.5348982143,5.31831032725016,0,0.997488509876937,43.146877262923,3001.86891882015,0.997595146680093,42.3683114136585,3010.56366362421,TRUE,10.2273370412961,0.030198068043783,44.9129777779511,NA,"Steph should have these data, still looking for it, taken on 07/20/23",NA,NA,NA,NA,NA,NA,NA,NA,NA,NA,NA,NA,NA,7922.5,11.9343943147406,23.825,0.56661399325
"42","2023","GWI_TR_1_202308","GWI","TR",1,202308,2023-08-24 09:57:34.5,"2023-08-24 09:55:10","2023-08-24 09:59:59","10:55:00",3147.4530956522,1.68888302207075,2.76178118395658e-124,0.858437773331668,54.6429459258779,2516.44821973954,1.71488617046579,0.0129135074475854,107255.987045701,2.26919759686114,2.16664501394943e-260,0.983931505324524,18.4097550109888,2516.7111303531,0.984137243751423,18.3553624765581,2517.33528255845,TRUE,1.70611771830801,0.0135254737163204,16.6652848912405,NA,3765.48764711313,5.03529177812664,4.87340033663467e-129,0.868793334493772,158.601844950639,3370.38262132725,5.12392287119451,0.0562932449547332,21155.6909489623,9.89200623372712,2.88811444024941e-214,0.9664061654034,80.2527781547067,3350.73509290489,0.969036801487059,77.3154738004197,3374.15085131916,TRUE,5.17519899009245,0.0517811709710984,68.9780387536793,NA,NA,37.219276,-76.409254,0.662,66.2,25.6,78.2,3.96,3.92,5.5,3.4,59.5,142.6,2.4,3078,6.38282326108512,23.3,0.4952665765
"43","2023","GWI_TR_1_202309","GWI","TR",1,202309,2023-09-21 10:45:34.5,"2023-09-21 10:43:10","2023-09-21 10:47:59","written time 11:45:00 AM",NA,NA,NA,NA,NA,2278.75262856737,2.07055939873126,0.00857159532647415,103504.735653547,1.50622467172838,0,0.995088635290384,12.2198380768528,2080.38568285039,0.997555758636696,8.65066771585291,2285.26950295506,TRUE,2.08619139639026,0.0076612089315898,10.2760399161514,NA,NA,NA,NA,NA,NA,2945.34631319066,5.75508734286737,0.0270517939799812,20336.4698670438,4.75361679538384,1.01526537695209e-318,0.993676958799875,38.5655796305224,2827.18398084969,0.99585065341228,31.3501729233905,2950.34349121133,TRUE,5.70309695215792,0.0255348404085846,34.6201010386265,NA,NA,37.219309,-76.409286,0.95,95,28.9,84,3.74,3.52,2.13,3.4,133.5,134.4,1.01,7502.5,11.2033631680768,21.9,0.5733042985
"44","2023","GWI_TR_1_202310","GWI","TR",1,202310,2023-10-19 09:42:34.5,"2023-10-19 09:40:10","2023-10-19 09:44:59","written time 10:42:00 AM, changed time to a minute earlier because included chamber opening",2716.23572821505,0.895626272751126,3.29334439980019e-124,0.858264718162187,25.9803870538478,1928.04822229312,0.817631804543727,0.00468230775434923,104761.024351833,0.822788196549983,3.26846155784198e-294,0.990643482550164,6.67519177059372,1930.30141298501,0.990699671951612,6.67834717487619,1928.16175917681,TRUE,0.819186136206074,0.00502674121396035,6.6759688733515,NA,3115.69059632263,1.45786722075217,4.2236613366634e-111,0.825237833712934,51.7309991799421,2703.9768055988,1.44159925875322,0.0178427809980815,20967.1801023296,3.13538331289978,6.42184144496087e-200,0.957744975358599,25.4370261698985,2707.12408658279,0.957869039982665,25.4883112637035,2704.15135909047,TRUE,1.44806463153561,0.0176281326462705,24.3781617281127,NA,"Have data from that day but looks like the collar measurements weren't taken / were forgotten",NA,NA,NA,NA,NA,NA,NA,NA,NA,NA,NA,NA,NA,13146.375,18.8937253337055,17.075,0.5883199075
"45","2023","GWI_TR_1_202311","GWI","TR",1,202311,2023-11-09 11:23:34.5,"2023-11-09 11:21:10","2023-11-09 11:25:59",NA,2753.40627650655,0.944442611670803,1.76927637047983e-134,0.879719128763998,27.6999071583837,2010.00236951707,0.946348251367044,0.00539294356672338,105766.14431118,0.947663106347198,8.07922463250436e-295,0.99073385112885,7.68828842624241,1952.99548332312,0.992491773544445,6.94483512276391,2010.18880864712,TRUE,0.948604672745757,0.00546465708967745,7.52996370459468,NA,3282.51743047961,2.39901980399447,2.04009017494884e-124,0.85873504627887,68.9712445307339,2793.70514210007,2.15566944439831,0.0208280998433287,23037.4931097608,3.65997187855441,7.41882831853334e-230,0.973817856925046,29.6929565430959,2784.67975426138,0.974967812771739,29.1348960778579,2793.75129415781,TRUE,2.15455308849728,0.0215185803385998,28.7814750927892,NA,"Have data from that day but looks like the collar measurements weren't taken / were forgotten",NA,NA,NA,NA,NA,NA,NA,NA,NA,NA,NA,NA,NA,10186.75,14.8130399242735,15.75,0.58976192575
"46","2023","GWI_TR_2_202304","GWI","TR",2,202304,2023-04-27 10:46:22,"2023-04-27 10:44:10","2023-04-27 10:48:34","changed the obs length to 275 because the end of the flux had high variation and could be starting to open the chamber",NA,NA,NA,NA,NA,1829.83470300243,0.437817693658566,0.0060901207033613,102532.123281455,0.982304564705958,6.14031359257154e-175,0.95157560208177,7.58404665373849,1823.65223494656,0.953400986649385,7.46818147014927,1830.94203545372,TRUE,0.432327233175575,0.00584453829679746,6.57637549141717,NA,NA,NA,NA,NA,NA,2660.41970533178,3.58935708665903,0.0291895104999558,25009.7777294693,4.70811512648899,2.08901262762715e-234,0.982904285022774,36.3497901296557,2551.38699854859,0.988840520346714,29.4807050930361,2662.79339421956,TRUE,3.55035823844784,0.0264993165298197,32.9472072951238,NA,"Have data from that day but looks like the collar measurements weren't taken / were forgotten",NA,NA,NA,NA,NA,NA,NA,NA,NA,NA,NA,NA,NA,3892.75,7.23050134221661,14.625,0.52641009775
"47","2023","GWI_TR_2_202305","GWI","TR",2,202305,2023-05-23 11:43:34.5,"2023-05-23 11:41:10","2023-05-23 11:45:59","Not a lot of veg",NA,NA,NA,NA,NA,2082.00989076356,1.06854159088107,0.00610581899957584,133361.932695709,1.07293156851025,1.75137536750703e-294,0.99068393312191,8.70457792972818,2081.29447021417,0.990834188140383,8.66423285345912,2082.05512329034,TRUE,1.06742745169564,0.00624706190801217,8.54323798247035,NA,NA,NA,NA,NA,NA,2964.00976725027,6.65597165268662,0.0279364333854527,36738.928064383,4.90906810256218,0,0.994952066353951,39.8267392956172,2938.91228174567,0.995433975911864,38.0102091127789,2964.02253932123,TRUE,6.65812767221838,0.0289313718007511,42.3797997591357,NA,"Have data from that day but looks like the collar measurements weren't taken / were forgotten",NA,NA,NA,NA,NA,NA,NA,NA,NA,NA,NA,NA,NA,3683,7.1597890652302,17.625,0.5094443215
"48","2023","GWI_TR_2_202306","GWI","TR",2,202306,2023-06-22 12:14:14.5,"2023-06-22 12:11:50","2023-06-22 12:16:39",NA,2531.26556117767,0.787437924005001,1.19857833267287e-123,0.85698822999151,18.8861307168465,2111.10905177685,0.584428172687344,0.00641996854459468,130977.066698904,1.12813480399877,2.79354453219226e-214,0.966413930426742,9.15243581683474,2100.79343002609,0.968031623748278,8.96046642094783,2111.11945756,TRUE,0.5848643717994,0.00643943288539012,9.25083875234396,NA,NA,NA,NA,NA,NA,3079.4849570767,3.91925929248111,0.0340907759576233,33841.3117317048,5.99052636877793,1.09049841728477e-242,0.978674628908105,48.6004934028752,3039.78122222324,0.981657973425316,45.2302789504178,3080.67723047319,TRUE,3.92417139132046,0.0322869116310706,43.3742982984495,NA,NA,37.219292,-76.409236,0.95,95,25.9,78.6,3.84,3.78,2.29,3.4,133.199,138.308,1.04,10870.5,15.9258361352471,20.3,0.57842166925
"49","2023","GWI_TR_2_202307","GWI","TR",2,202307,2023-07-20 12:22:34.5,"2023-07-20 12:20:10","2023-07-20 12:24:59",NA,3796.09581293863,5.69486166824229,1.18041822808384e-131,0.874165458940368,167.19647895714,2025.89375840907,5.60994500707943,0.00554274740047429,68426.2928730644,0.973987054424659,0,0.999718937197399,7.90185177378799,1832.81792263613,0.999857547830082,5.64514308596969,2026.49238956731,TRUE,5.61391871162735,0.00555966153864975,8.5076295438574,NA,NA,NA,NA,NA,NA,2659.27072137153,11.946532131496,0.0165191372967261,18656.5583017731,2.90278894468437,0,0.99944964309521,23.5500131827067,2635.15009725948,0.999500504136777,22.5137645562801,2659.29520780809,TRUE,11.9473178459482,0.0178455902821377,25.4935011060691,NA,"Steph should have these data, still looking for it, taken on 07/20/23",NA,NA,NA,NA,NA,NA,NA,NA,NA,NA,NA,NA,NA,8025.5,12.2057384391208,23.825,0.5661514225
"50","2023","GWI_TR_2_202308","GWI","TR",2,202308,2023-08-24 10:12:04.5,"2023-08-24 10:09:40","2023-08-24 10:14:29","11:09:30",2577.37168884614,0.725979701550321,1.10392387342153e-119,0.847635062295603,20.4487376452616,2076.67961342326,0.61510492478191,0.00604996276503647,102357.032343134,1.06311635496731,1.09434725732097e-227,0.972894025869341,8.62494816237955,2078.41291898771,0.973105065414412,8.62129403556736,2076.96871460966,TRUE,0.612904807672461,0.00602207792364506,8.35448334348482,NA,3261.2558662261,7.24465587305666,7.23579532209319e-171,0.932766209689762,66.4886863026389,3332.74425674656,2.91818317528764,0.0527561742483835,22857.3477291708,9.27046228996476,1.90687250915641e-155,0.913970725060737,75.2102592709142,3022.25027360273,0.970914911104603,43.8836133137955,3332.85820763633,TRUE,2.90943217639626,0.0551155474031589,89.2467142088836,NA,NA,37.219153,-76.40915,0.33,33,26.4,79.5,2.55,2.5,10.7,3.4,21.8,91.7,4.21,2962.5,6.17683714985199,23.3,0.49522681675
"51","2023","GWI_TR_2_202309","GWI","TR",2,202309,2023-09-21 10:56:34.5,"2023-09-21 10:54:10","2023-09-21 10:58:59","written time 11:53:00 AM",3540.11018547226,4.33269761870759,1.14347605371555e-139,0.889293252884829,107.534864019144,2254.31646933078,3.84475940070064,0.00821796456605763,69987.953627448,1.44408368679687,0,0.99868595081294,11.7156949778503,1721.76684495772,0.999793417982465,4.66145750875602,2255.29813698114,TRUE,3.83933007242874,0.00820855267394953,12.652603540736,NA,4233.06256544902,12.0895025789025,2.21074333835523e-132,0.875620075049478,355.157230473146,2705.83337168428,11.9839085524669,0.0178999868203855,13877.2831988672,3.14543567977419,0,0.999357871456888,25.5185799366107,2614.27722496333,0.99953812949834,21.717951342384,2705.89123389661,TRUE,11.9860812444893,0.018573407784797,24.5849216213478,NA,NA,37.219275,-76.409222,0.044,4.4,29.2,84.6,1.9,1.79,176.27,3.4,4.2,68.2,16.24,7696.5,11.5391793508932,21.9,0.572130901
"52","2023","GWI_TR_2_202310","GWI","TR",2,202310,2023-10-19 09:50:34.5,"2023-10-19 09:48:10","2023-10-19 09:52:59","written time 10:48:00 AM",3117.52012219596,1.65877389586934,4.84109540160506e-129,0.868799391216896,51.8944347448589,1705.8741498215,1.70461417491884,0.00319227028787024,69744.2183530621,0.560954651179673,0,0.998990976749429,4.55096449722022,1709.14447361303,0.998993512386583,4.56110746941784,1705.96172659998,TRUE,1.70376771029256,0.00330693636444052,4.80896636720902,NA,3099.91252983672,1.73388551505336,6.96652459797722e-121,0.850528863067107,50.3427006374903,2487.96969798712,1.53595942373738,0.0122947575114402,14613.5694416044,2.16046912987744,7.02739480216444e-253,0.981881099605117,17.5276527019351,2488.21950642364,0.982113899208638,17.4754716078645,2488.01003378888,TRUE,1.53833984030987,0.0126605302643675,18.8945949629138,NA,"Have data from that day but looks like the collar measurements weren't taken / were forgotten",NA,NA,NA,NA,NA,NA,NA,NA,NA,NA,NA,NA,NA,13146.375,18.8937253337055,17.075,0.5883199075
"53","2023","GWI_TR_2_202311","GWI","TR",2,202311,2023-11-09 11:45:54.5,"2023-11-09 11:43:30","2023-11-09 11:48:19",NA,2622.40511985454,1.04261524073914,1.47997478847983e-145,0.899236781960194,22.0997213160707,1857.13857621654,0.825770506587419,0.00414346787354149,70375.7750496129,0.728101747683568,1.31654746476256e-310,0.992801135982907,5.90701083787,1686.39140786684,0.9960593456209,4.38564205754776,1857.32356140536,TRUE,0.824068115752984,0.0043745305661167,6.1719441136316,NA,3184.45305521438,2.24238006021109,5.78158530475686e-132,0.874787342724575,58.2423738430286,2456.17242047791,1.94934793710617,0.0116388665331192,14895.8444323456,2.04521413522553,4.80765889479968e-289,0.989837535146364,16.5926013788289,2444.62877805157,0.990367890571408,16.210219020543,2456.21818386316,TRUE,1.95182921700632,0.0119930443783116,16.4829519764504,NA,"Have data from that day but looks like the collar measurements weren't taken / were forgotten",NA,NA,NA,NA,NA,NA,NA,NA,NA,NA,NA,NA,NA,10153.75,14.7355887641752,15.75,0.59019637375
"54","2023","GWI_TR_3_202304","GWI","TR",3,202304,2023-04-27 10:36:34.5,"2023-04-27 10:34:10","2023-04-27 10:38:59","Removed large debris",3126.62695969104,1.10594663893393,3.74097232499282e-97,0.781615182780767,52.7156828218612,2714.06776596023,1.30700305921763,0.0181559296178788,136178.358895583,3.19041066301272,3.65850921665237e-186,0.947351338597091,25.8834571179501,2684.8173839025,0.953054642266198,24.5266463596709,2750.10576884644,TRUE,1.21849948031576,0.00889712166696742,11.4043747869855,NA,NA,NA,NA,NA,NA,3291.56771193254,5.63375502415101,0.0491406586275173,32058.0477587737,8.63513378672241,2.39174093961162e-242,0.978558009803847,70.0559077449084,3233.066356984,0.982715169889655,63.1186938495959,3303.04562722149,TRUE,5.50778027699229,0.0383155006241793,52.372971025512,NA,"Have data from that day but looks like the collar measurements weren't taken / were forgotten",NA,NA,NA,NA,NA,NA,NA,NA,NA,NA,NA,NA,NA,3958.25,7.33200535839779,14.625,0.5260270465
"55","2023","GWI_TR_3_202305","GWI","TR",3,202305,2023-05-23 11:59:34.5,"2023-05-23 11:57:10","2023-05-23 12:01:59",NA,NA,NA,NA,NA,NA,3711.48799499924,10.1887614161221,0.101360884077913,134276.827603581,17.8114176569688,2.65800411326089e-226,0.972286911947783,144.502107668706,2849.06108020198,0.99860314151222,32.5552589137702,3712.82650474752,TRUE,10.0885535442051,0.0995142986437875,180.237516419766,NA,NA,NA,NA,NA,NA,3573.66092613406,12.8586023960929,0.0799222574872533,31654.6523922558,14.044162313137,4.52182347488819e-284,0.98899639113874,113.938771959327,3116.91434095413,0.997753346065548,51.6636731008851,3573.83538013762,TRUE,12.829038636487,0.0824834872813692,139.047087759784,NA,"Have data from that day but looks like the collar measurements weren't taken / were forgotten",NA,NA,NA,NA,NA,NA,NA,NA,NA,NA,NA,NA,NA,3810.5,7.40623406942846,17.625,0.51053141125
"56","2023","GWI_TR_3_202306","GWI","TR",3,202306,2023-06-22 12:27:34.5,"2023-06-22 12:25:10","2023-06-22 12:29:59",NA,2729.74275112852,1.1359362062401,6.0991734953082e-135,0.880605012591206,26.5925175158161,2241.50298502491,0.905920291166256,0.00803840229875888,131177.128192451,1.41253050365936,2.97819418395113e-240,0.977827521375379,11.4597074110637,2192.06624948653,0.981558801457202,10.4875539043387,2241.59010891387,TRUE,0.905750141777257,0.00808751183736709,10.8758601364811,NA,3714.80760019334,6.24040883435202,9.76378892847759e-143,0.894592091308773,145.331530620981,3159.78196266484,5.28704359120623,0.0391527225295788,32717.6197462722,6.88002575871081,1.89621981092357e-262,0.984451624564061,55.8169058800169,3034.68829621445,0.990037723740182,44.8348547138097,3159.91491191662,TRUE,5.30049043086098,0.0412799833167775,60.1792606963379,NA,NA,37.219292,-76.409236,0.95,95,25.4,77.7,3.39,3.35,2.2,3.4,123.151,122.035,0.99,10992.75,16.2037364493243,20.3,0.5791771045
"57","2023","GWI_TR_3_202307","GWI","TR",3,202307,2023-07-20 12:10:34.5,"2023-07-20 12:08:10","2023-07-20 12:12:59",NA,NA,NA,NA,NA,NA,2214.09459204139,0.665103772387277,0.00766737638100653,134554.864391808,1.34733279309512,1.86064689762512e-208,0.963136622161137,10.9307654271548,2182.36357116017,0.967409912722274,10.3135695055295,2214.52786184567,TRUE,0.669935389809232,0.00776093501371454,10.942493396501,NA,NA,NA,NA,NA,NA,2975.53099105335,7.59409176081998,0.0284969160320851,33020.785342828,5.0075576786888,0,0.995960953579205,40.6257745890333,2920.27180516839,0.996707435944687,36.8080301433169,2975.53239452291,TRUE,7.59514578353189,0.0299623838480572,42.7206802775556,NA,"Steph should have these data, still looking for it, taken on 07/20/23",NA,NA,NA,NA,NA,NA,NA,NA,NA,NA,NA,NA,NA,7605.75,11.4601656498597,23.825,0.5665432015
"58","2023","GWI_TR_3_202308","GWI","TR",3,202308,2023-08-24 10:25:34.5,"2023-08-24 10:23:10","2023-08-24 10:27:59","11:22:00",NA,NA,NA,NA,NA,2371.15493999398,1.16573505361384,0.0100519656030939,137944.22151336,1.7663594714956,9.36333712564483e-244,0.979035089100058,14.3302836106272,2307.30777376943,0.983408435806693,12.7927869798635,2371.28102352713,TRUE,1.1690993965456,0.00951561353511717,12.8589950606082,NA,NA,NA,NA,NA,NA,3043.68186425135,3.73781227484253,0.0320500062230256,32626.0293617295,5.6319166110268,1.91941659463093e-244,0.979264535013797,45.6911311710976,2996.95864607262,0.982591860751705,42.0111358741564,3043.70183332793,TRUE,3.73793483412169,0.0314497648533903,44.6813497751801,NA,NA,37.219196,-76.409227,0.922,92.2,25.9,78.6,4.95,4.89,3.91,3.4,102,178.1,1.75,2988,6.23637007901888,23.3,0.495404281
"59","2023","GWI_TR_3_202309","GWI","TR",3,202309,2023-09-21 11:07:22,"2023-09-21 11:05:10","2023-09-21 11:09:34","written time 12:05:00 PM",NA,NA,NA,NA,NA,2892.89922610504,7.60123467841447,0.0452611939885563,139906.153550551,7.30039347733485,1.48276372500666e-269,0.990761349555466,56.363908620672,2342.21854322554,0.998860874153641,19.8673667094584,2893.19124325879,TRUE,7.62214459395175,0.0462141911280104,71.7327035418327,NA,NA,NA,NA,NA,NA,2781.10996196809,7.02200301391948,0.0366541582627163,31866.2598240946,5.91212370504388,1.79740465752309e-284,0.992884930509586,45.645539695876,2674.17074136124,0.995318697281192,37.1663366930403,2781.18104426029,TRUE,7.02924015059439,0.0389645382008236,49.595021757508,NA,NA,37.219211,-76.409227,0.752,75.2,29.2,84.6,3.72,3.5,3.96,3.4,73,133.8,1.83,7696.5,11.5391793508932,21.9,0.572130901
"60","2023","GWI_TR_3_202310","GWI","TR",3,202310,2023-10-19 10:01:09.5,"2023-10-19 09:59:10","2023-10-19 10:03:09","written time 10:59:00 AM; shortened observation time because it included chamber lid removal",NA,NA,NA,NA,NA,1729.59809854351,0.520938423689102,0.00820984351582042,142563.871516191,1.20576210242476,3.86085979451145e-151,0.944187414715633,8.81165223825219,1730.79753726961,0.944834906927368,8.79743230395186,1729.66737589708,TRUE,0.520075106560859,0.00809582733492707,9.85140230124287,NA,NA,NA,NA,NA,NA,2408.57251751233,0.65485985454697,0.0337798308041399,28398.6165677716,4.96117127341888,7.14863073106537e-51,0.612265223819505,36.2560042879617,2395.02792110184,0.639598367902519,35.1025295531239,2408.86825361035,TRUE,0.645447185192342,0.0345963286686476,35.7423445977543,"low r squared, but checked and flux is okay","Have data from that day but looks like the collar measurements weren't taken / were forgotten",NA,NA,NA,NA,NA,NA,NA,NA,NA,NA,NA,NA,NA,12202.25,17.5393634963327,17.05,0.5884130035
"61","2023","GWI_TR_3_202311","GWI","TR",3,202311,2023-11-09 11:59:14.5,"2023-11-09 11:56:50","2023-11-09 12:01:39",NA,3043.86641471531,1.72227487066177,3.19089547454226e-138,0.886705399524589,45.7056719661677,2479.97587275889,1.60328030382318,0.012126467927113,143689.84344404,2.13089681407693,7.56320359325765e-260,0.983791409728999,17.2877356979034,2332.73644897193,0.990378250480249,13.3661319131218,2481.72267791835,TRUE,1.59894529652325,0.0123286203297266,14.4563522868997,NA,3196.55323446652,1.94017639892385,1.27107539820532e-109,0.821060150529737,59.470211536807,2934.08693234811,1.61184166492835,0.0265317093893257,28378.3798268625,4.66222607848757,2.9999318184093e-166,0.927615405131813,37.8241366153058,2932.32726109523,0.929038848641144,37.5811013596971,2934.40496524814,TRUE,1.59842765017414,0.0250922445537818,37.8424729140842,NA,"Have data from that day but looks like the collar measurements weren't taken / were forgotten",NA,NA,NA,NA,NA,NA,NA,NA,NA,NA,NA,NA,NA,10351.5,15.094598986726,15.725,0.5893400845
"62","2023","GWI_TR_4_202304","GWI","TR",4,202304,2023-04-27 10:20:34.5,"2023-04-27 10:18:10","2023-04-27 10:22:59","Pine seedling",2428.03696293945,-0.744054381668534,0.0467305898616746,0.0136624991681456,15.8069147450777,2431.99083651297,0.00209814369911083,0.0111635909458245,102820.387622536,1.96169738155395,0.851051935838655,0.000122635689639397,15.9150389768003,2319.56463651625,0.330746454163746,13.0660075841703,2432.96891353039,TRUE,-0.00137714684237229,0.0112879735191784,15.9287766003304,"low r squared, but checked and flux is okay",NA,NA,NA,NA,NA,2733.6373820973,2.0447496290796,0.0187789756120481,23152.4924500491,3.29989404531156,4.80515845580037e-236,0.97628449379907,26.7716839734183,2728.66343607148,0.977007123218399,26.4526614381654,2733.64824658761,TRUE,2.04603624361653,0.0196415255859411,26.5304860005506,NA,"Have data from that day but looks like the collar measurements weren't taken / were forgotten",NA,NA,NA,NA,NA,NA,NA,NA,NA,NA,NA,NA,NA,4000.25,7.3881029398997,14.65,0.52665253525
"63","2023","GWI_TR_4_202305","GWI","TR",4,202305,2023-05-23 12:11:34.5,"2023-05-23 12:09:10","2023-05-23 12:13:59",NA,2214.05279118085,0.299894790934841,1.20839829575648e-101,0.796733810041757,10.9299776703677,1934.23785602686,0.277187743768431,0.00473254390120537,99836.5632844058,0.831615832588001,5.11243708549353e-162,0.92254963234041,6.74680942831153,1938.05599204467,0.922598187570066,6.76823600166398,1934.26826993005,TRUE,0.277409454131132,0.00474802359576909,6.51514713845677,NA,NA,NA,NA,NA,NA,2855.35811966826,3.99865942129108,0.0231640444012406,25860.7080740608,4.07045058069862,8.71230446125626e-293,0.990427723767368,33.0231259184541,2832.92445109983,0.991261658195672,31.661997524348,2856.04675433033,TRUE,3.98470747679574,0.022174345048372,31.933563970908,NA,"Have data from that day but looks like the collar measurements weren't taken / were forgotten",NA,NA,NA,NA,NA,NA,NA,NA,NA,NA,NA,NA,NA,3634.75,7.06933139837737,17.65,0.5099835025
"64","2023","GWI_TR_4_202306","GWI","TR",4,202306,2023-06-22 12:37:34.5,"2023-06-22 12:36:40","2023-06-22 12:38:29","ebullition at the beginning and end of flux, use portion from 12:36:30 to 12:38:30",NA,NA,NA,NA,NA,750.90645163634,0.291772676004882,0.0216651251520375,98226.7180154052,1.55755525517734,7.40786235944233e-25,0.626776151863359,7.2150884595621,748.555005575157,0.64771590084054,7.07558630312404,750.954409976338,TRUE,0.293086894254131,0.0210815149744212,6.85341681494665,"low r squared, but checked and flux is okay",NA,NA,NA,NA,NA,1068.05872312137,3.49072082643089,0.0915884402791232,23596.0066961023,6.58450184197659,1.84711789409213e-64,0.930796273135361,30.5014946301867,1071.83126327161,0.930939225914483,30.7560845055865,1068.10622775635,TRUE,3.50614834578215,0.0978374397332116,28.6219595773537,NA,NA,37.219292,-76.409236,0.95,95,24.4,75.9,3.23,3.26,2.39,3.4,110.289,116.352,1.05,10690.25,15.7377297454402,20.275,0.5785487065
"65","2023","GWI_TR_4_202307","GWI","TR",4,202307,2023-07-20 11:22:34.5,"2023-07-20 11:20:10","2023-07-20 11:24:59","Not a lot of veg; rewrote 11:38:00 but I am testing the original start time",3973.15016777902,8.27727527952512,1.27956217583325e-134,0.879989373393292,226.883295966756,2674.51286959257,7.79092456047678,0.0169590075385908,76875.7262946296,2.98008417216779,0,0.998637228293896,24.1771010147477,2537.24314174093,0.999162736419934,19.016780707258,2674.62088844338,TRUE,7.7886931553358,0.0175515201791117,25.3246616922107,NA,3739.73150701028,5.59042308732456,1.286176602792e-136,0.883760759646146,151.712882516258,2697.49263999421,5.2886343263617,0.0176444167991307,22236.7599920594,3.10052620181749,0,0.996804564592103,25.1542341925478,2616.20776611833,0.997618721366326,21.7903604017446,2697.51643355639,TRUE,5.28813856481615,0.0185192594080617,27.3301422865851,NA,"Steph should have these data, still looking for it, taken on 07/20/23",NA,NA,NA,NA,NA,NA,NA,NA,NA,NA,NA,NA,NA,7721.75,11.6781944497732,23.85,0.5667255145
"66","2023","GWI_TR_4_202308","GWI","TR",4,202308,2023-08-24 10:37:07,"2023-08-24 10:34:55","2023-08-24 10:39:19","11:37:00",1655.55194224079,0.261050568274756,2.20853431332708e-97,0.811815874230573,5.45870465464259,1528.79510572399,0.1540173764693,0.00345101593395769,67962.6721473236,0.556630791066035,1.02038668129224e-124,0.883359892376262,4.2975611027684,1514.2290014624,0.891252093396384,4.16549078168297,1528.8536923,TRUE,0.15457760025203,0.0034747023462619,4.40447755316854,"low r squared, but checked and flux is okay",3010.30696486413,5.83591140650118,1.06085175506751e-155,0.932185430574507,70.3408753125042,2761.73635715022,3.4706224937851,0.0353384960459879,14397.6987941509,5.69991428193833,2.80071914408942e-209,0.973456768877374,44.0071413589232,2422.32854608916,0.99273624992613,23.1091691260537,2766.5533303268,TRUE,3.50472670070039,0.0329490581970623,37.599505527556,NA,NA,37.21915,-76.409269,0.589,58.9,25.9,78.6,3.88,3.83,6.53,3.4,49.6,139.5,2.81,2988,6.23637007901888,23.3,0.495404281
"67","2023","GWI_TR_4_202309","GWI","TR",4,202309,2023-09-21 11:17:09.5,"2023-09-21 11:15:10","2023-09-21 11:19:09","written time 12:15:00 PM",2063.99565831458,0.785565401732065,3.31583759950384e-115,0.88816257559523,17.6853488187579,1372.69070648025,0.757738091758058,0.00390312219740123,68574.6556744563,0.573243182734277,4.28960836063484e-264,0.99372477745564,4.18923398242938,1349.17699527477,0.994404467641166,3.97258533027162,1372.8210590992,TRUE,0.757067849097623,0.0039531385354878,4.2246492319499,NA,2798.88914455238,3.65411813309036,3.22196069292227e-118,0.894492071887318,81.7580799973573,2127.04187046522,3.60624775285493,0.0187903177009081,15002.6708032991,2.75969364490525,6.47850557905513e-263,0.993579972147743,20.1677102258545,2081.11603351378,0.994785735018267,18.2522816799736,2127.13318522233,TRUE,3.60118140040172,0.0193912122751179,20.0941016059734,NA,NA,37.219145,-76.409255,0.261,26.1,29.2,84.6,1.82,1.72,10.5,3.4,16.3,65.4,4.01,7701.5,11.5157842896246,21.85,0.57290573125
"68","2023","GWI_TR_4_202310","GWI","TR",4,202310,2023-10-19 10:10:34.5,"2023-10-19 10:08:10","2023-10-19 10:12:59","written time 11:08:00 AM",2505.7147083833,0.631387034768124,1.28201544994278e-130,0.872064896733714,18.0721961643182,1629.55479586802,0.599584268477758,0.00279867827091496,69512.9455061923,0.491791562635077,1.36816658646358e-319,0.993764354813428,3.98985183005073,1621.37578305551,0.994020807914522,3.92058207614718,1629.82021693304,TRUE,0.599184352916791,0.00280736470896263,3.57167803017099,NA,3022.84558693481,1.3193405486829,4.38597852630939e-126,0.862450045029593,44.0788288928822,2525.36016664371,1.39717863153043,0.0131134612403155,14001.9514112938,2.30433403580216,2.15281026042104e-233,0.97525755491117,18.6948131450877,2525.25822279123,0.975605064250522,18.6278566770224,2525.4217468719,TRUE,1.39606192314374,0.0137054860225691,18.8591233951955,NA,"Have data from that day but looks like the collar measurements weren't taken / were forgotten",NA,NA,NA,NA,NA,NA,NA,NA,NA,NA,NA,NA,NA,12896.5,18.5798192965911,17.025,0.588027043
"69","2023","GWI_TR_4_202311","GWI","TR",4,202311,2023-11-09 12:21:44.5,"2023-11-09 12:19:20","2023-11-09 12:24:09",NA,2008.44186202593,0.282877817274704,7.51264645689366e-126,0.861935298018057,7.6676306570121,1751.983970314,0.238541405691199,0.00345641540926343,69980.7658348634,0.607370969683451,3.5593211886849e-181,0.942980981356579,4.92753507589022,1729.6303523368,0.947934094588944,4.72508684512638,1752.23672046241,TRUE,0.238317282459514,0.00352449550416764,4.82404897578214,NA,2970.53599424585,1.52696786137629,3.50193743494349e-128,0.866985026141724,40.2774050834004,2492.65465489359,1.29769398214468,0.0123944707368658,14610.4855260567,2.17799101635401,2.91192878133362e-231,0.974399931689433,17.6698058744091,2483.67308334786,0.975520623683544,17.3390228058664,2492.71322086543,TRUE,1.29810956252525,0.0120992309245457,18.2916267606967,NA,"Have data from that day but looks like the collar measurements weren't taken / were forgotten",NA,NA,NA,NA,NA,NA,NA,NA,NA,NA,NA,NA,NA,10277.75,14.9652789219189,15.725,0.590179888
"70","2023","GWI_TR_5_202304","GWI","TR",5,202304,2023-04-27 11:02:34.5,"2023-04-27 11:00:10","2023-04-27 11:04:59","Collar not level",NA,NA,NA,NA,NA,2914.10849082754,13.1822650775548,0.0256333697767115,108799.72680184,4.50436733264463,0,0.998912194808982,36.5434456603487,2902.25421673978,0.998970068629559,35.6821735647575,2914.26529378309,TRUE,13.1920803796567,0.0266692373022858,38.8863993168738,NA,NA,NA,NA,NA,NA,3131.5452540698,6.47243940076387,0.0372922667966348,25139.2725574707,6.55310128095768,1.86203410448309e-293,0.990529746824984,53.1646029025873,3105.40712980645,0.991464524428542,50.648766012613,3141.92150716539,TRUE,6.37387162559355,0.0259430178144344,36.1154952453084,NA,"Have data from that day but looks like the collar measurements weren't taken / were forgotten",NA,NA,NA,NA,NA,NA,NA,NA,NA,NA,NA,NA,NA,3980.75,7.3842731399051,14.6,0.526389733
"71","2023","GWI_TR_5_202305","GWI","TR",5,202305,2023-05-23 11:10:34.5,"2023-05-23 11:08:10","2023-05-23 11:12:59",NA,NA,NA,NA,NA,NA,3163.08453007774,15.8880513034729,0.0393762972545639,138488.289996359,6.9193129338423,0,0.998234151688509,56.1356384885147,2832.65976856444,0.999442647635715,31.6475518935172,3167.57428862257,TRUE,15.8193083612731,0.0368882943901796,59.7767001246328,NA,NA,NA,NA,NA,NA,2956.65608236445,9.24567434937565,0.0275844698015147,34124.3238087127,4.847220078538,0,0.997442988590077,39.3249729568136,2931.79656939837,0.997685199291996,37.5467309165848,2956.73568486879,TRUE,9.23850389186792,0.0282789996766315,39.7394668997335,NA,"Have data from that day but looks like the collar measurements weren't taken / were forgotten",NA,NA,NA,NA,NA,NA,NA,NA,NA,NA,NA,NA,NA,3692.25,7.19624072542785,17.675,0.51052753225
"72","2023","GWI_TR_5_202306","GWI","TR",5,202306,2023-06-22 12:53:34.5,"2023-06-22 12:51:10","2023-06-22 12:55:59",NA,NA,NA,NA,NA,NA,2378.43308625283,1.68207511164771,0.0101788977152144,131123.534948515,1.78866433676613,2.21254856685926e-287,0.989563690025877,14.5112405734547,2226.28725305063,0.993908726570253,11.1249567669564,2378.96925004628,TRUE,1.68622218019077,0.0102058390475713,14.1871070597478,NA,NA,NA,NA,NA,NA,2990.66618290099,4.01728072264845,0.0292503351103701,33953.4599835351,5.13995058346801,1.56038255720149e-264,0.984961344701414,41.6998639259645,2989.12811090109,0.985245810059852,41.4477583911459,2990.76977645729,TRUE,4.01789514695013,0.0295449144682067,42.0026387004652,NA,NA,37.219292,-76.409236,0.95,95,22.8,73,3.27,3.37,1.84,3.4,146.979,117.729,0.8,10294.25,15.2083674601685,20.275,0.579004489
"73","2023","GWI_TR_5_202307","GWI","TR",5,202307,2023-07-20 11:45:14.5,"2023-07-20 11:43:20","2023-07-20 11:47:09","Alice wrote 10:43 as the start time but it doesn't really make sense because that would mean it started immediately after the wetland fluxes and that is not possible -wrong time written; reduce obs length by 1 minute to avoid chamber opening",NA,NA,NA,NA,NA,1759.29220445228,1.12253509757419,0.0109138452698237,135097.917954356,1.53991610868046,4.89000998508571e-193,0.978902546776912,10.9894211791058,1712.61246851776,0.983074765822471,9.88644942812637,1759.51034678743,TRUE,1.11907970905311,0.0114345773324588,10.6070441861666,NA,NA,NA,NA,NA,NA,2453.56749839983,8.09106457132292,0.0493691783147897,39928.0124154807,6.96586684891593,1.55972787027965e-238,0.991582864396044,49.7110487050517,2445.07978808429,0.992027682821326,48.5932841355987,2453.65128801175,TRUE,8.10470513491563,0.0525032822367994,47.7789166076932,NA,"Steph should have these data, still looking for it, taken on 07/20/23",NA,NA,NA,NA,NA,NA,NA,NA,NA,NA,NA,NA,NA,7664.25,11.5728308061505,23.825,0.56726372575
"74","2023","GWI_TR_5_202308","GWI","TR",5,202308,2023-08-24 10:46:44.5,"2023-08-24 10:45:10","2023-08-24 10:48:19","11:45:00 AM; decreased the observation time because it included a bubble that might be the result of stepping near the chamber ",NA,NA,NA,NA,NA,1547.56181812559,1.68598806217703,0.0185929131439651,136691.883392826,2.19431824823454,4.03447991871356e-157,0.977647503505992,14.0566296838577,1475.95734130414,0.984985450228811,11.5823529590858,1548.66846939688,TRUE,1.66912227680132,0.0178886225723993,12.0435617243041,NA,2226.64090525915,4.20349798576014,1.31584174306556e-85,0.871221356554946,83.9435355853119,1874.4398834239,4.19937759962654,0.0439470688619026,29367.057960041,5.1865920317814,2.62754802424346e-161,0.979825783069411,33.2248996109181,1873.79079188523,0.980313433556509,32.9968722358689,1874.6348947546,TRUE,4.19495217919603,0.0458518999385039,33.2855361049801,NA,NA,37.219259,-76.409296,0.697,69.7,25.9,78.6,4.38,4.32,5.56,3.4,64.6,157.5,2.44,3082.5,6.44580380841149,23.275,0.49450532275
"75","2023","GWI_TR_5_202309","GWI","TR",5,202309,2023-09-21 11:27:34.5,"2023-09-21 11:25:10","2023-09-21 11:29:59","written time 12:25:00 PM",3527.66427359529,4.07614882742829,6.60664525759099e-136,0.882432903226367,105.251912423531,2585.445659677,3.64574627992115,0.0145448205726159,137414.791605206,2.55585649554318,0,0.99543700364189,20.7353876944344,2458.01905272155,0.997099786637936,16.5888125861319,2588.26035491198,TRUE,3.62385896385682,0.014730696139134,20.2447226771848,NA,3317.78987220857,2.68822034857905,2.19454490258885e-114,0.834172873381879,73.2958672877336,2967.77482426468,2.08880208260151,0.0281183720036441,37764.9983706068,4.94103886471583,6.80154440354618e-190,0.950399674380634,40.0861146358596,2971.57777989726,0.950433364536433,40.2123679560501,2967.92810045279,TRUE,2.09894015754381,0.0288920487506221,36.4133365825076,NA,NA,37.219296,-76.409332,0.95,95,28.9,84,3.68,3.48,2.59,3.4,109.4,132.4,1.21,8196.75,12.1861282835255,21.85,0.573651469
"76","2023","GWI_TR_5_202310","GWI","TR",5,202310,2023-10-19 10:19:34.5,"2023-10-19 10:17:10","2023-10-19 10:21:59","written time 11:17:00 AM",3706.01092057977,4.87640087647226,9.67694001559174e-133,0.876331288314893,143.143963504219,2457.85764617617,4.84141532003148,0.011672733153137,104302.601305547,2.05116527228647,0,0.998328653645285,16.6408823110317,2372.52513923085,0.998771754934377,14.3152475070011,2457.89668712695,TRUE,4.84329425579157,0.0115085208333742,15.3089694889652,NA,NA,NA,NA,NA,NA,2745.97160369503,1.51474855719555,0.0191826039652083,22113.0613197907,3.37082074688615,3.54515792976689e-197,0.955851404035816,27.3471046426152,2708.8576428554,0.961687016010464,25.5646069885181,2746.5897149036,TRUE,1.52075742651796,0.0191884298687945,25.0765855274576,NA,"Have data from that day but looks like the collar measurements weren't taken / were forgotten",NA,NA,NA,NA,NA,NA,NA,NA,NA,NA,NA,NA,NA,12896.5,18.5798192965911,17.025,0.588027043
"77","2023","GWI_TR_5_202311","GWI","TR",5,202311,2023-11-09 11:35:54.5,"2023-11-09 11:33:30","2023-11-09 11:38:19",NA,3391.06852717504,3.02587056329512,6.46615079319114e-132,0.874690049573465,83.1666756942148,2409.6335085673,2.79077312370228,0.0107414550281721,105581.020608756,1.88751847905411,0,0.995751646115066,15.3132335527618,2243.58477114776,0.997636469135216,11.461736753698,2409.63876806318,TRUE,2.79033097444216,0.0112885167853129,17.7566092468386,NA,NA,NA,NA,NA,NA,2768.08412396748,1.88277640947172,0.0199280614150446,21256.5242492878,3.50181461207706,8.89660867506172e-219,0.968743949458906,28.4098437224745,2734.94520692926,0.972501052159648,26.7407177769928,2768.2097813531,TRUE,1.87850312855604,0.0206076803840365,28.030819531383,NA,"Have data from that day but looks like the collar measurements weren't taken / were forgotten",NA,NA,NA,NA,NA,NA,NA,NA,NA,NA,NA,NA,NA,10186.75,14.8130399242735,15.75,0.58976192575
"78","2023","GWI_WC_1_202304","GWI","WC",1,202304,2023-04-27 09:54:22,"2023-04-27 09:52:10","2023-04-27 09:56:34","changed obs length to 250 because it looks like it may include chamber removal",2093.11263939009,0.536099744436393,3.62049082298381e-42,0.506036323916093,12.4634173313277,2153.99043729371,0.14207126045799,0.0112265610663272,36068.7289125676,1.81078548661882,5.50117008973197e-29,0.378466678877035,13.9804721507535,2047.48142009771,0.590402748163733,11.3926765645352,2154.02092793225,TRUE,0.141397088486982,0.0120626010983072,17.3317077437303,"low r squared, but checked and flux is okay",2876.00491538634,1.8497149443105,2.03119120823118e-113,0.857857547786787,54.5955827594227,2013.2510710903,1.88063746643077,0.00860838321144788,7754.41303543553,1.38848711466035,2.21420854078848e-299,0.994519727339916,10.720046952903,1998.91080182795,0.994886181977998,10.3950326929348,2013.41251893336,TRUE,1.87725239136879,0.00865659259582164,10.4363643437098,NA,NA,37.218861,-76.410086,0.95,95,22.8,73,4.46,4.6,2.67,3.4,138.699,160.29,1.16,10879,15.0120001947949,14.95,0.61139026
"79","2023","GWI_WC_1_202305","GWI","WC",1,202305,2023-05-23 10:34:34.5,"2023-05-23 10:32:10","2023-05-23 10:36:59","Low flux",NA,NA,NA,NA,NA,1317.82787381595,0.236007777362621,0.00163507234192473,33339.0597679355,0.287319478774412,1.16049742166042e-270,0.986365114154437,2.33099189838672,1302.968195579,0.987223618503502,2.26429065321144,1318.0373734359,TRUE,0.235835793459984,0.00165314803233357,2.26823328488478,NA,NA,NA,NA,NA,NA,2446.69986094021,3.40331977399329,0.0114503244000285,8385.49403127735,2.01208298498976,0,0.996750556111126,16.3238119354078,2359.80637343441,0.997624856037119,14.0047466964948,2450.08613756566,TRUE,3.40294101028946,0.0104365011855645,13.3537263282225,NA,NA,37.219262,-76.409262,0.95,95,23.9,75.1,4.19,4.2,2.22,3.4,152.107,150.758,0.99,13909.5,18.5427707687393,19.15,0.616805344
"80","2023","GWI_WC_1_202306","GWI","WC",1,202306,2023-06-22 10:00:04.5,"2023-06-22 09:57:40","2023-06-22 10:02:29",NA,NA,NA,NA,NA,NA,1378.4753586749,0.262422012268824,0.00181530169721342,32772.424152026,0.31898988447673,7.52566781041416e-271,0.98640606076029,2.58793047918056,1320.29914150161,0.989029352464423,2.33297079265877,1378.64120957616,TRUE,0.26269063446472,0.00183104471291209,2.66452048108595,NA,NA,NA,NA,NA,NA,2449.78623532856,1.84511444491917,0.0115114178188794,7664.4158226014,2.0228184911877,1.31832818101089e-283,0.988914324228063,16.4109079376671,2315.53553512704,0.993117876507234,12.9755561370798,2450.14685834699,TRUE,1.83843188256758,0.0118547776262813,17.3576110179743,NA,NA,37.218715,-76.421355,0.95,95,21.9,71.5,4.09,4.28,2.05,3.4,167.251,147.189,0.88,NA,NA,NA,NA
"81","2023","GWI_WC_1_202307","GWI","WC",1,202307,2023-07-20 10:40:34.5,"2023-07-20 10:38:10","2023-07-20 10:42:59",NA,3141.77444642395,1.91501948940517,1.13462440459085e-133,0.878157594177715,54.1105596524065,1479.10784029363,1.84497125279487,0.00215923924207717,34484.3270334237,0.379427550497595,0,0.999605684792481,3.07825473583373,1305.5930545476,0.999786202210873,2.27456119255659,1480.05439163673,TRUE,1.84302489713536,0.00219622566822094,3.12944168811088,NA,3747.77592810544,5.05581826842832,1.57033444550092e-130,0.87188463664665,153.831753476368,2137.07516522125,5.11481709110066,0.00671391594559161,8076.6478289002,1.179788062314,0,0.999504014917075,9.57149312256172,2128.86933094922,0.999524457257361,9.40488285692011,2137.21212097806,TRUE,5.11703018771388,0.00722757073776749,9.3525688740072,NA,"Steph should have these data, still looking for it, taken on 07/20/23",NA,NA,NA,NA,NA,NA,NA,NA,NA,NA,NA,NA,NA,14309,17.9861691270745,25.4,0.6274047115
"82","2023","GWI_WC_1_202308","GWI","WC",1,202308,2023-08-24 09:02:22,"2023-08-24 09:00:10","2023-08-24 09:04:34","10:00:00",NA,NA,NA,NA,NA,1295.51804951995,0.0228846790392919,0.00222225683587702,35534.2234217288,0.358438385732847,4.08508947474041e-21,0.287354946040388,2.76738349546645,1228.8675499079,0.454131656791381,2.43127611640488,1298.47458137929,TRUE,0.0193468341466347,0.00209807323580965,2.38095104106134,"low r squared, but checked and flux is okay",NA,NA,NA,NA,NA,2707.9308177561,2.54566137374535,0.0319270311877522,7164.3218218369,5.14966287218723,3.00331357648745e-186,0.960274712572222,39.7588333363631,2555.70496588261,0.977968870481561,29.7218686454082,2708.47726110563,TRUE,2.52803233131942,0.0336306223005234,38.5194774502855,NA,NA,37.218901,-76.410094,0.95,95,28,82.5,3.02,2.9,1.28,3.4,181.4,108.6,0.6,11580,14.4702861218881,25.3,0.631421416
"83","2023","GWI_WC_1_202309","GWI","WC",1,202309,2023-09-21 12:13:34.5,"2023-09-21 12:11:10","2023-09-21 12:15:59","written time 1:11:00 PM",2434.42706167481,0.574975475596026,4.37752834542306e-137,0.884627120581853,15.9820289122553,1404.11827329667,0.559182637786628,0.0018973602917196,34078.9357604577,0.333409449897745,0,0.996695185359029,2.70491485600743,1326.26432128645,0.997507900867645,2.35708872508716,1404.45677223569,TRUE,0.55809300539325,0.00192486416754558,2.38866529411824,NA,NA,NA,NA,NA,NA,2211.95701786597,4.8025252171528,0.00763917048250984,6479.33493434753,1.34237637383058,0,0.999271835953602,10.8905545329964,2134.68068831428,0.999449810284556,9.4995895169871,2212.00323874132,TRUE,4.80094815773178,0.00788119409734246,11.4508504651629,NA,NA,37.218904,-76.410121,0.95,95,43.2,109.8,3.46,2.76,1.21,3.4,183.4,124.3,0.68,14660.25,18.7108883190468,21.95,0.629575012
"84","2023","GWI_WC_1_202310","GWI","WC",1,202310,2023-10-19 09:20:34.5,"2023-10-19 09:18:10","2023-10-19 09:22:59","written time 10:18:00 AM",1925.21067655229,0.183695313974744,4.95494755015102e-126,0.862333549348429,6.64261434933627,1267.67163288322,0.211591699016624,0.00149961854393745,35047.8010200103,0.263517159061812,7.38129124339535e-268,0.985740009874529,2.13788624940828,1254.4988627628,0.986559920183147,2.08275954197727,1267.72520566416,TRUE,0.211928155231491,0.00151796926835742,2.09706292434865,NA,NA,NA,NA,NA,NA,2106.74452800991,1.84247144792274,0.00637183933248361,6806.12666932035,1.11967740441894,0,0.9965673679748,9.08382184751363,2080.58768224328,0.996906391534186,8.65368105025784,2106.95182028685,TRUE,1.84521706004235,0.00642455271750112,8.36582588401291,NA,NA,37.218879,-76.41014,0.95,95,14,57.2,3.93,4.65,2.1,3.4,177.334,141.188,0.8,14269,18.8732278924331,16,0.626250709
"85","2023","GWI_WC_1_202311","GWI","WC",1,202311,2023-11-09 10:31:44.5,"2023-11-09 10:29:20","2023-11-09 10:34:09",NA,1792.97005718812,0.183189503062035,1.22923511390304e-118,0.845065113712743,5.28834078497818,1265.88881455788,0.157907467899004,0.00149501605666159,35494.9544327178,0.262708397142687,2.4771488915558e-232,0.974834263317853,2.13132485131147,1266.96715546611,0.975086527351809,2.12801745435299,1266.05171576155,TRUE,0.158471085983152,0.00155916206707901,2.24912531880086,NA,NA,NA,NA,NA,NA,2101.0838127332,1.84520616745591,0.00630995360045676,7349.02481491448,1.10880267073677,0,0.996643436750398,8.99559630771243,2102.23175737777,0.996676285660589,8.98271483055474,2101.15221944111,TRUE,1.84361240030821,0.00657370621835349,10.0278001829157,NA,NA,37.218896,-76.410096,0.95,95,22.4,72.3,3.1,3.21,1.4,3.4,183.9,111.5,0.61,14385.5,19.3038037710989,14.9,0.6251238595
"86","2023","GWI_WC_2_202304","GWI","WC",2,202304,2023-04-27 09:48:34.5,"2023-04-27 09:46:10","2023-04-27 09:50:59",NA,NA,NA,NA,NA,NA,2565.75073800992,-0.000901218826761543,0.0140592169919384,36655.3736079549,2.47052487802772,0.948933767045748,1.42672266168401e-05,20.0431014980608,2454.6895964222,0.327515909158595,16.4938582719784,2566.31017631466,TRUE,0.00447916561030768,0.0159050011562731,21.2828713687002,"low r squared, but checked and flux is okay",3123.76366488381,1.75684096523702,2.51005412499874e-132,0.875510405371386,52.4560818253153,2181.99550282253,1.76550278913553,0.00725456725797606,8030.17699970453,1.27479282099651,0,0.99516081792233,10.3422564684433,2165.8598294619,0.995485419103726,10.0242356795474,2182.05805612734,TRUE,1.76696653890283,0.00702407750045775,9.65710108708978,NA,NA,37.218857,-76.410078,0.95,95,22.6,72.6,4.45,4.59,2.67,3.4,138.556,160.01,1.15,9934,13.7982149293179,15,0.611494993
"87","2023","GWI_WC_2_202305","GWI","WC",2,202305,2023-05-23 10:15:34.5,"2023-05-23 10:13:10","2023-05-23 10:17:59","Low flux",2044.8977999497,0.325096019173221,5.34488303990168e-140,0.889876147040159,8.16504895904803,1351.65642674481,0.291413284758728,0.00173327406047119,33347.1649020852,0.304575759040462,1.61323667391355e-289,0.989914304078875,2.47099023636239,1291.79198152442,0.991907837912483,2.22107696565871,1351.69006036387,TRUE,0.291292202322322,0.00176425945361963,2.39488613570272,NA,3489.56311451971,3.41636455674997,7.86989021878036e-134,0.878466603638593,98.5599496682252,2250.66266964533,3.36261054149424,0.00816635695327093,8313.77166667244,1.43501505293495,0,0.998304261070205,11.6421221308169,2201.92897209871,0.998586204041349,10.6674164708627,2250.88349059284,TRUE,3.36029069980231,0.00850396347419611,11.8573885752532,NA,NA,37.218844,-76.410044,0.95,95,23.7,74.7,4.13,4.16,2.5,3.4,134.248,148.442,1.11,11169,14.9251408575343,19.2,0.61689844
"88","2023","GWI_WC_2_202306","GWI","WC",2,202306,2023-06-22 09:53:24.5,"2023-06-22 09:51:00","2023-06-22 09:55:49",NA,NA,NA,NA,NA,NA,1355.8594019492,0.216746434296855,0.00174587986537957,32776.6135009099,0.306790886287703,4.1355749150119e-252,0.981656723069999,2.48896132446696,1339.56471376632,0.982896528678886,2.4117653208754,1355.88152977485,TRUE,0.216974292256369,0.00183569099687151,2.64772162305882,NA,3210.12924850416,2.26932323468941,3.53453463380173e-137,0.884798295460453,60.8786453100994,2353.36740756911,2.12872920821941,0.00974836948215677,7648.17138985627,1.71301071316305,5.78056805634258e-322,0.99399655561391,13.8974708963879,2264.81688778979,0.995636852740392,11.8890920660946,2353.42847960741,TRUE,2.1310840293756,0.00998235262984629,13.1015113087242,NA,NA,37.21886,-76.410077,0.95,95,21.5,70.7,4.28,4.5,2.22,3.4,162.57,154.019,0.95,NA,NA,NA,NA
"89","2023","GWI_WC_2_202307","GWI","WC",2,202307,2023-07-20 10:32:34.5,"2023-07-20 10:30:10","2023-07-20 10:34:59",NA,3044.09045368546,1.62550619543101,1.38706862172974e-134,0.879922151332853,45.7233302931102,1565.54212817615,1.57014435321019,0.0025062324039901,34737.3806971409,0.440402158080859,0,0.999266774680264,3.57293514138845,1362.02774814238,0.999641515214124,2.50700383090682,1565.95965972006,TRUE,1.57108549791695,0.00260786123324919,3.75086948491059,NA,3731.56671582208,4.88141002900415,3.18634662637223e-130,0.871253875837209,149.592148005107,2177.85974445366,4.96137885634237,0.0072030217052195,8238.40864910025,1.26573509249642,0,0.999393328493945,10.2687720954326,2172.18918186087,0.999413225434556,10.1342259739038,2177.90788210665,TRUE,4.96176916828509,0.00712210749337268,9.59082422407693,NA,"Steph should have these data, still looking for it, taken on 07/20/23",NA,NA,NA,NA,NA,NA,NA,NA,NA,NA,NA,NA,NA,13029,16.4064738203175,25.45,0.627243733
"90","2023","GWI_WC_2_202308","GWI","WC",2,202308,2023-08-24 09:09:34.103093,"2023-08-24 09:07:10","2023-08-24 09:11:59","10:08:30",1293.97904154888,0.106859313397938,2.00639409100548e-25,0.313629526924428,2.22005543098457,1279.93805861969,0.018733871471077,0.00151518864557455,38246.6409080815,0.26581787961725,1.7928146134955e-28,0.345961165459866,2.16713661568797,1269.07395953919,0.378530179002012,2.11983723818828,1279.98475454382,TRUE,0.0188196974362744,0.0015718356681928,2.34760949166234,"low r squared, but checked and flux is okay",NA,NA,NA,NA,NA,3427.49334827263,5.05211866091249,0.0606729213396517,6604.20545018583,10.6441843712304,4.9963019239604e-204,0.959986574719948,86.7789696022017,3055.47373372405,0.989009278620095,45.6386402159296,3430.77056542314,TRUE,5.14385990200203,0.0629795724048538,88.0315964613961,NA,NA,37.218902,-76.410117,0.95,95,27.5,81.5,3.81,3.67,1.74,3.4,169.7,137,0.81,11721,14.6017592850624,25.25,0.6319625365
"91","2023","GWI_WC_2_202309","GWI","WC",2,202309,2023-09-21 12:07:34.5,"2023-09-21 12:05:10","2023-09-21 12:09:59","written time 1:05:00 PM",2528.7200403456,0.672816474142413,3.34536394646334e-131,0.873252318341256,18.8034243430883,1302.25347949291,0.628142487176336,0.00159175096344786,34573.8280494843,0.279706925149346,0,0.998154032898862,2.26923207304611,1292.06831045723,0.998242154452902,2.22213540368373,1302.52616106334,TRUE,0.628217834686654,0.00156313618416451,2.23110020024122,NA,NA,NA,NA,NA,NA,2248.8757104146,4.25159847869332,0.00814123541907315,6481.45842664389,1.43060062677983,0,0.998945102530455,11.6063083682154,2144.45346056251,0.999274160418095,9.66100998681206,2251.07714969804,TRUE,4.26196593612639,0.00792365674135137,11.0851862832782,NA,NA,37.218889,-76.410128,0.95,95,40.1,104.2,3.69,2.99,1.48,3.4,162.7,132.7,0.82,14660.25,18.7108883190468,21.95,0.629575012
"92","2023","GWI_WC_2_202310","GWI","WC",2,202310,2023-10-19 09:13:04.5,"2023-10-19 09:10:40","2023-10-19 09:15:29","written time 10:10:00 AM, added 20s to start time because included chamber lid closing ",2076.33112612917,0.311717571800115,2.7284252980865e-134,0.879356948677444,8.61976750365628,1276.01197758087,0.294287587818816,0.00152133870828212,35048.4512590482,0.267333887006131,6.6265879093254e-307,0.992362158822624,2.16885095098195,1253.3106788775,0.993033997359233,2.07849718296522,1276.01504994761,TRUE,0.294254311812066,0.00155895742444933,2.28144080209102,NA,NA,NA,NA,NA,NA,2079.87037635588,1.57666197870305,0.00608333723594543,6694.53032279207,1.06898101021225,0,0.995730853600932,8.67252747694991,2080.28565980259,0.995783300094709,8.64917600629156,2079.91184910399,TRUE,1.57543492759936,0.00643041445674268,9.3332278522961,NA,NA,37.218885,-76.410125,0.95,95,14,57.2,4.14,4.91,2.25,3.4,174.47,149.073,0.85,14269,18.8732278924331,16,0.626250709
"93","2023","GWI_WC_2_202311","GWI","WC",2,202311,2023-11-09 10:20:54.5,"2023-11-09 10:18:30","2023-11-09 10:23:19",NA,1651.81882812125,0.14625135220747,7.11293649735862e-121,0.850507285654036,4.14598483967534,1255.10447779483,0.125193924257843,0.00146747503837848,35572.3910158362,0.257868812486325,1.88017472156624e-206,0.961936069038744,2.09206182371009,1253.7597095301,0.962631171123383,2.08010695937784,1255.18828960521,TRUE,0.125078488232818,0.0014608354369935,2.24607770564898,NA,3079.48234647734,1.76277139017365,7.73278099068852e-134,0.878481429114071,48.6002746509239,2108.73539101706,1.65607372479195,0.0063937483940492,7254.64983469901,1.12352732591052,0,0.995725514248066,9.11505584475104,2084.25970578163,0.996125286265322,8.70864195180131,2108.74397844262,TRUE,1.65604984204482,0.00653672375252392,9.50519576968213,NA,NA,37.218871,-76.410104,0.95,95,18.9,66.1,4.19,4.56,1.83,3.4,199.6,150.5,0.75,17276.5,23.0875013857276,14.9,0.625517578
"94","2023","GWI_WC_3_202304","GWI","WC",3,202304,2023-04-27 09:40:34.5,"2023-04-27 09:38:10","2023-04-27 09:42:59",NA,NA,NA,NA,NA,NA,2212.38651722446,0.307298319478927,0.00764482950655336,36026.9958316216,1.34337079334149,3.93199094033947e-120,0.848722765248606,10.8986221510828,1778.87287444165,0.966536797193351,5.14377291769621,2212.44939705271,TRUE,0.305427126333313,0.00844850532153653,12.3429962674978,"low r squared, but checked and flux is okay",3149.62931758686,2.22971136905806,8.36762333705888e-138,0.885944693917282,54.8483572155383,2273.07493850072,1.92792200721108,0.00848809630214004,8053.34263815901,1.4915519899548,0,0.994448422261122,12.1008001943962,2195.22740903904,0.995813565971354,10.5448700105334,2273.09095661403,TRUE,1.92767759152412,0.00850483346475842,12.2901117664259,NA,NA,37.21886,-76.410111,0.95,95,22.6,72.6,4.96,5.12,2.64,3.4,155.495,178.529,1.15,9934,13.7982149293179,15,0.611494993
"95","2023","GWI_WC_3_202305","GWI","WC",3,202305,2023-05-23 10:03:34.5,"2023-05-23 10:01:10","2023-05-23 10:05:59","Low flux",2041.93820444404,0.278200685240816,8.50039042122532e-129,0.86828572400293,8.12349086881871,1321.08337383504,0.264986667917011,0.00164427569500076,33665.1039906175,0.288936717682428,2.81362438548441e-284,0.989032584074087,2.34411238297211,1317.39008607961,0.989319708685333,2.32129881003852,1321.37271496142,TRUE,0.26432396852188,0.00175994863133664,2.36277716464111,NA,3523.23911361267,3.62442704656389,4.86204076145909e-132,0.874937798173523,104.451939499164,2298.82596395573,3.51274992216126,0.00887344462674488,8974.22263153099,1.55926647385447,0,0.99816563766641,12.6501604885429,2284.86144101694,0.998275822218991,12.3071564843832,2299.09154808055,TRUE,3.51347050284629,0.00894534958999192,12.9541750820399,NA,NA,37.218863,-76.410069,0.95,95,23.7,74.7,3.32,3.35,1.8,3.4,149.753,119.515,0.8,11862,15.7489102954291,19.2,0.617049721
"96","2023","GWI_WC_3_202306","GWI","WC",3,202306,2023-06-22 09:46:44.5,"2023-06-22 09:44:20","2023-06-22 09:49:09",NA,2261.73159191359,0.328711346274333,3.64549047415006e-110,0.822604293640242,11.8664381035625,1624.20193976044,0.332065271204004,0.00277296791863438,32870.0447922324,0.487273667721836,1.0987529530495e-247,0.980312089728587,3.9531986365901,1580.47407419045,0.983299712935625,3.65362543281646,1624.25977873151,TRUE,0.332248563070341,0.00301732622445911,4.15011336921081,NA,NA,NA,NA,NA,NA,2539.07194740998,2.26122395630569,0.0134271701807829,7828.10201115272,2.35945984702827,1.00758349055553e-289,0.989947215859146,19.1420428975157,2388.26422335863,0.994105440027742,14.7090298453759,2539.6708395826,TRUE,2.26370335031856,0.0139803467822225,21.3490176519044,NA,NA,37.218848,-76.410125,0.95,95,21.7,71.1,3.77,3.97,2.15,3.4,148.283,135.757,0.92,NA,NA,NA,NA
"97","2023","GWI_WC_3_202307","GWI","WC",3,202307,2023-07-20 10:22:34.5,"2023-07-20 10:20:10","2023-07-20 10:24:59",NA,NA,NA,NA,NA,NA,1362.8392221235,1.08315581471015,0.00176701701417579,38192.2466262844,0.31050516511145,0,0.99923412245684,2.5190948673908,1329.96307115939,0.999325573196322,2.37216827633861,1362.94207192793,TRUE,1.08299405774733,0.00186255322799648,2.55482597614639,NA,3666.37639566769,4.38977446197198,5.39041520485242e-130,0.870783202084407,133.68890198936,2139.70644092389,4.42571184721916,0.0067444440446457,10029.8726115788,1.18515254514653,0,0.999331612749143,9.61501459237294,2140.47620623268,0.999339016430768,9.59498783113172,2139.88561832034,TRUE,4.42743216117992,0.00667052631754112,8.83146508710367,NA,"Steph should have these data, still looking for it, taken on 07/20/23",NA,NA,NA,NA,NA,NA,NA,NA,NA,NA,NA,NA,NA,13029,16.4064738203175,25.45,0.627243733
"98","2023","GWI_WC_3_202309","GWI","WC",3,202309,2023-09-21 12:01:34.5,"2023-09-21 11:59:10","2023-09-21 12:03:59","written time 12:59:00 PM",2807.94452423221,1.37025094194004,3.1370081175147e-143,0.895419610278604,30.4309603613623,1749.61677041413,1.11864319675376,0.00344233721628485,34700.5614007878,0.604897110292049,0,0.997280222684532,4.90746492184531,1567.01307003542,0.998570836980519,3.56980622654666,1772.88746723681,TRUE,1.10414488396209,0.00210288337764028,3.00572088522641,NA,3686.24787331171,4.39274334742954,8.85010216486023e-130,0.870337757293932,138.34860764851,2194.00161689354,4.57189685603925,0.00740630329169364,6558.04284079068,1.30145630064886,0,0.999244778208917,10.5585743989837,2108.75631876736,0.999444832948694,9.08433407766861,2194.10547614759,TRUE,4.57416631689565,0.00781086681828388,10.7658026572234,NA,NA,37.21888,-76.410151,0.95,95,38.2,100.8,3.42,2.82,1.21,3.4,187.5,122.9,0.66,15456.5,19.7501803289924,21.95,0.629105653
"99","2023","GWI_WC_3_202310","GWI","WC",3,202310,2023-10-19 09:06:34.5,"2023-10-19 09:04:10","2023-10-19 09:08:59","written time 10:04:00 AM",1912.76599490783,0.277414548929834,5.22230404838095e-138,0.886317316096974,6.50160627526963,1303.55764324559,0.227941801838072,0.00159533413509524,35968.8896268863,0.28033657007923,2.08586984900082e-269,0.986088822707273,2.27434031435533,1262.06878024611,0.988108373576877,2.1101210155025,1304.02891118059,TRUE,0.226961747338319,0.00167526743319433,2.36483274777237,NA,3043.3866829929,1.87035210855302,7.28559536299905e-130,0.870512710320497,45.6678833536005,2078.66759753817,1.50722321889709,0.00607073494686653,6795.76309004504,1.06676650077639,0,0.995349544410303,8.6545614010823,2067.34706117835,0.9955888485491,8.45836699470578,2078.90165377428,TRUE,1.50993120403146,0.0058927070341283,8.20069553363059,NA,NA,37.218863,-76.410098,0.95,95,14,57.2,3.04,3.6,1.84,3.4,157.144,109.245,0.7,17151.5,22.6656642565839,16.05,0.626607577
"100","2023","GWI_WC_3_202311","GWI","WC",3,202311,2023-11-09 10:09:34.5,"2023-11-09 10:07:10","2023-11-09 10:11:59",NA,NA,NA,NA,NA,NA,1245.28885284361,0.189519727565465,0.00144284920264209,35870.2979654353,0.253541491849347,4.82833868801483e-259,0.983581410653988,2.05695473876915,1231.22602911698,0.984572855455603,2.00084210019929,1245.54370096481,TRUE,0.188813966555981,0.00143888563933939,2.09691602604647,NA,NA,NA,NA,NA,NA,2064.14046211678,1.98662154488714,0.00592057096534431,7079.87728221138,1.04037926652664,0,0.99744859202135,8.44048461965638,2055.20896440405,0.997559863491469,8.28319178415426,2064.1746548042,TRUE,1.98702755652709,0.00615740845676364,8.51570653706832,NA,NA,37.218865,-76.410153,0.95,95,21.1,70,3.07,3.22,1.43,3.4,181.4,110.3,0.61,17276.5,23.0875013857276,14.9,0.625517578
"101","2023","GWI_WC_4_202304","GWI","WC",4,202304,2023-04-27 09:25:34.5,"2023-04-27 09:23:10","2023-04-27 09:27:59",NA,NA,NA,NA,NA,NA,1625.12415478561,0.304537646835822,0.00277738051660291,35350.2988750629,0.488049061761507,6.72172180872176e-237,0.976606200731132,3.9594893246849,1420.0448151842,0.988623978548571,2.77074925610808,1625.19960618557,TRUE,0.305270333931486,0.0029883337765449,4.45340073242455,NA,NA,NA,NA,NA,NA,2127.8166853161,1.38506299516553,0.00660759326763892,7789.28150754437,1.16110474437878,7.02215502434164e-317,0.993488174692519,9.41991738210809,2082.9669134058,0.99449766629223,8.68925242086295,2127.82133632682,TRUE,1.38550259563762,0.00674281871079589,9.25350304091698,NA,NA,37.218866,-76.41013,0.95,95,22.6,72.6,4.4,4.55,2.2,3.4,165.97,158.392,0.95,10058.5,13.8955670449478,15,0.611638516
"102","2023","GWI_WC_4_202305","GWI","WC",4,202305,2023-05-23 09:49:34.5,"2023-05-23 09:47:10","2023-05-23 09:51:59","Low flux",2518.7598935348,0.601745738928678,1.0638728583557e-127,0.865955186523221,18.4832761665948,1302.62513353755,0.600352955085891,0.00159277125700216,33258.9070239325,0.279886213982447,0,0.997976950482694,2.27068662398437,1269.35842801625,0.998220913280069,2.13680913392673,1302.88125245828,TRUE,0.599855417950766,0.00164048461623816,2.2399675820391,NA,NA,NA,NA,NA,NA,2306.11022846185,2.41347024761674,0.00898558964359648,8040.50780534484,1.57897290944314,0,0.996023770394302,12.8100366720136,2265.237129686,0.99659379348989,11.89770948864,2311.89418693202,TRUE,2.43240382907504,0.0074223638318737,9.23049550227191,NA,NA,37.218877,-76.410098,0.95,95,23.7,74.7,3.95,3.99,2.07,3.4,154.52,142.014,0.92,10760,14.3153201658263,19.25,0.617030326
"103","2023","GWI_WC_4_202306","GWI","WC",4,202306,2023-06-22 09:36:44.5,"2023-06-22 09:34:20","2023-06-22 09:39:09",NA,2444.92876911813,0.575720304551633,8.422984967649e-132,0.874459883620398,16.2740414641048,1296.83265873277,0.546104511264056,0.00157694337807439,32809.8215934553,0.27710489488908,0,0.997604305291111,2.24812208258563,1284.78236873478,0.99773329456382,2.19439560678055,1296.93550929193,TRUE,0.546608515468885,0.00156909135896777,2.08831347247867,NA,3218.22520478855,2.05431409960389,6.41401959136781e-130,0.87062717302948,61.734381159044,2119.45435317129,2.04014759281042,0.00651300969923087,7655.51762041199,1.14448425556075,0,0.997073423347553,9.28507715147943,2118.38292325709,0.997124157506383,9.2363703942676,2119.59712283466,TRUE,2.03842286659087,0.00685697262377705,9.04477319400943,NA,NA,37.218872,-76.410182,0.95,95,21.7,71.1,3.68,3.88,1.8,3.4,172.214,132.529,0.77,NA,NA,NA,NA
"104","2023","GWI_WC_4_202307","GWI","WC",4,202307,2023-07-20 10:04:34.5,"2023-07-20 10:02:10","2023-07-20 10:06:59",NA,3638.85841622993,4.33270509669473,1.18450552897916e-132,0.876157629709464,127.494175565714,1726.46045841483,4.31232396939039,0.00330761037692872,37034.5478795487,0.581222533780553,0,0.99983059553968,4.71539563966009,1428.95658685097,0.999940103349261,2.81365091136809,1727.2886630285,TRUE,4.30961769621954,0.00333388386109575,4.77445189652462,NA,3502.29873906233,3.34729789874023,1.12879194259616e-130,0.872177874964538,100.748061753494,2096.74597667571,3.35280293893922,0.00626293731997527,9536.04889943683,1.10054083861137,0,0.998996086375795,8.92856895602619,2091.96958363978,0.999026013112895,8.82517782968686,2096.79224445043,TRUE,3.35380746900616,0.00655640487065708,8.12437931419363,NA,"Steph should have these data, still looking for it, taken on 07/20/23",NA,NA,NA,NA,NA,NA,NA,NA,NA,NA,NA,NA,NA,12284.5,15.4617333292524,25.5,0.6274861705
"105","2023","GWI_WC_4_202308","GWI","WC",4,202308,2023-08-24 09:23:34.5,"2023-08-24 09:21:10","2023-08-24 09:25:59","10:21:00",NA,NA,NA,NA,NA,1954.73765650681,0.393490824508787,0.00490280438161121,38906.998085843,0.861534479752262,4.02946623021363e-199,0.957202705371578,6.98953618129071,1956.86291775201,0.957478481111528,6.99129795134936,1956.17533182978,TRUE,0.398333836189461,0.00511104474629244,6.8590923759468,NA,NA,NA,NA,NA,NA,3165.55036991392,3.61078206002804,0.0395440598989042,6528.85260895122,6.94879265427651,1.197257045886e-214,0.966610942982382,56.3748042763407,3135.70996299669,0.970288411533601,53.3653218519409,3166.857520476,TRUE,3.64960107311515,0.0422939089238023,60.7386628185739,NA,NA,37.218879,-76.410175,0.95,95,27.5,81.5,3.71,3.58,1.45,3.4,198.1,133.4,0.67,13598.5,16.9579870334187,25.25,0.6315862735
"106","2023","GWI_WC_4_202309","GWI","WC",4,202309,2023-09-21 11:55:34.5,"2023-09-21 11:53:10","2023-09-21 11:57:59","written time 12:53:00 PM",3007.96076496692,1.42690320982953,1.44209314963391e-131,0.873990455741589,42.9620045764233,1305.0174596361,1.44044999013018,0.00159935452855368,34666.5065656124,0.281043044846937,0,0.999645079210325,2.28007186784055,1245.01487973772,0.99971536829383,2.04897982393789,1305.04760955239,TRUE,1.44053145949201,0.00158286671495613,2.2609007147413,NA,NA,NA,NA,NA,NA,2088.94569668532,3.55270630975528,0.00617927244320078,6673.41536040946,1.08583901278373,0,0.999129496861993,8.80929463100685,2080.27807514971,0.999166703175637,8.64906290186254,2089.16607068986,TRUE,3.55126997519817,0.00621038549594919,8.91503931386323,NA,NA,37.21886,-76.410185,0.95,95,36.5,97.7,3.71,3.1,1.39,3.4,178.8,133.3,0.75,15456.5,19.7501803289924,21.95,0.629105653
"107","2023","GWI_WC_4_202310","GWI","WC",4,202310,2023-10-19 08:59:34.5,"2023-10-19 08:57:10","2023-10-19 09:01:59","written time 9:57:00 AM",1664.02858431232,0.421369514389796,6.10633521928939e-175,0.937005191509074,4.23418836831793,1588.73491306779,0.195881801383288,0.00260848123940667,36156.1736362741,0.458369609027157,3.51104447623497e-191,0.951409940693276,3.71870313028058,1345.71390882743,0.979269160911861,2.43747102854809,1591.01258847343,TRUE,0.193492765612646,0.00255459630062327,3.12748203199811,NA,NA,NA,NA,NA,NA,2183.24088360512,0.732664391007525,0.00727016106019152,6838.33828084939,1.2775330074762,1.299178090234e-226,0.972424322202264,10.3644873053899,2130.14171450142,0.9773527041014,9.42553760490951,2183.40926968271,TRUE,0.735149710648587,0.0075630520681638,10.3483579394795,NA,NA,37.218868,-76.410154,0.95,95,14.1,57.4,3.24,3.83,1.64,3.4,187.255,116.449,0.62,17151.5,22.6656642565839,16.05,0.626607577
"108","2023","GWI_WC_4_202311","GWI","WC",4,202311,2023-11-09 10:02:34.5,"2023-11-09 10:00:10","2023-11-09 10:04:59",NA,2093.7860164494,0.352068788164722,9.52843907359822e-129,0.868181308984944,8.8831191509106,1364.76159891384,0.289694176053892,0.00177288340743518,36025.8145341897,0.311536024120166,5.45745012390701e-286,0.989328782928306,2.52745811518711,1334.18756549864,0.990528101912364,2.38950930310625,1366.57091259445,TRUE,0.291795522670954,0.00159866089805659,2.07171849052086,NA,2875.85062622913,1.24671471513494,7.03881354145428e-129,0.868458096451177,34.2107529810876,2088.13060242628,1.117959571006,0.00617059459486801,7149.38145228869,1.08431411703697,8.85968054024472e-299,0.991302379218446,8.79692331651486,2077.24035977286,0.991737692965333,8.6038823696688,2088.13340422463,TRUE,1.11769586533585,0.00603342931033909,8.72826391835371,NA,NA,37.218857,-76.410202,0.95,95,20.7,69.2,3.06,3.22,1.43,3.4,180.7,110.3,0.61,15815,21.0577627739032,14.9,0.6253139305
"109","2023","GWI_WC_5_202304","GWI","WC",5,202304,2023-04-27 09:19:34.5,"2023-04-27 09:17:10","2023-04-27 09:21:59","Low CH4",NA,NA,NA,NA,NA,1324.92499272987,0.226299376691198,0.00165520267094425,35006.5861429956,0.290856836414893,5.64690556643849e-264,0.984826428211715,2.35969009885969,1308.15950398905,0.98587494624295,2.28464822822858,1325.46018949807,TRUE,0.225342213411738,0.0016610685631184,2.34782983123478,NA,3088.11271641083,1.55588973921411,6.6348677144123e-121,0.850579454891768,49.328851367263,2105.31896616444,1.51527218489083,0.00635619744071021,7796.43694022423,1.11692876750782,0,0.994957909315943,9.06152245312945,2078.1024592689,0.995472464792512,8.61668050401514,2105.35266656757,TRUE,1.51554600344967,0.00655707126494313,9.29138110648556,NA,NA,37.218853,-76.410135,0.95,95,22.6,72.6,3.96,4.08,2.75,3.4,119.757,142.294,1.19,9219.5,12.7286295692362,15.1,0.611440687
"110","2023","GWI_WC_5_202305","GWI","WC",5,202305,2023-05-23 09:38:34.5,"2023-05-23 09:36:10","2023-05-23 09:40:59","Low flux, changed start time to 09:36 because looks lke it might include chamber being placed",2803.10671463726,1.01981428727287,2.88156790068306e-129,0.869270988872163,30.1781898197192,1849.6578069924,0.991144866983914,0.00409036909739556,33140.8970691313,0.71877108243126,0,0.995118894606068,5.83131215846801,1554.09357623235,0.998262596767648,3.49116791625657,1850.35136988268,TRUE,0.994229982090135,0.0042943382524852,6.33184356379593,NA,3030.64658811739,3.46601545546552,1.78955522838929e-177,0.939505175114716,44.6756941530043,2875.93020035815,2.1235358534409,0.0240003969746221,9876.98568526438,4.21741679087422,7.63031553768063e-211,0.96451702383145,34.2154469080271,2575.56272099283,0.987577491799574,20.3156195183725,2878.83180735031,TRUE,2.0882610543671,0.0233767513841709,29.895362419925,NA,NA,37.218862,-76.410127,0.95,95,23.5,74.3,3.77,3.81,1.94,3.4,157.654,135.663,0.86,10760,14.3153201658263,19.25,0.617030326
"111","2023","GWI_WC_5_202306","GWI","WC",5,202306,2023-06-22 09:30:04.209622,"2023-06-22 09:27:40","2023-06-22 09:32:29",NA,NA,NA,NA,NA,NA,1313.66332773093,0.439662838282844,0.00160801356821593,32873.8096800803,0.282155876849327,0,0.996149101341389,2.29642590982288,1313.69957779144,0.996201199325015,2.28877246261588,1314.27226986578,TRUE,0.440845939296726,0.00167413709423727,2.13706467679685,NA,3355.11769570478,2.64170069708531,2.5770751114277e-134,0.878517770268586,76.6314460436187,2149.07883589412,2.6146783193667,0.00675593544708507,8132.61504171063,1.18545448103692,0,0.998074271073939,9.64824272160218,2109.82887765204,0.998340229611039,8.98840479453236,2149.1067215783,TRUE,2.61448028176274,0.00693632022685047,9.99147156926685,NA,NA,37.218854,-76.410202,0.95,95,21.7,71.1,3.32,3.49,1.79,3.4,156.431,119.559,0.76,NA,NA,NA,NA
"112","2023","GWI_WC_5_202307","GWI","WC",5,202307,2023-07-20 09:54:34.5,"2023-07-20 09:52:10","2023-07-20 09:56:59",NA,NA,NA,NA,NA,NA,1456.63630482369,2.72743455109014,0.00207718150730192,37717.7178309048,0.365008136150902,0,0.999832983196876,2.96127158465652,1446.89958893962,0.999840710000199,2.9020550015245,1456.73141459864,TRUE,2.72805474831499,0.00213968426519168,3.1852781121584,NA,NA,NA,NA,NA,NA,2167.89515199104,3.97664459183291,0.00708032837605528,11429.049398098,1.24417507800614,0,0.999087843396726,10.0938580265351,2141.52464654073,0.99917853789401,9.61234795144311,2167.89648571823,TRUE,3.9767128992898,0.00755538216811099,11.2385435125615,NA,"Steph should have these data, still looking for it, taken on 07/20/23",NA,NA,NA,NA,NA,NA,NA,NA,NA,NA,NA,NA,NA,12284.5,15.4617333292524,25.5,0.6274861705
"113","2023","GWI_WC_5_202308","GWI","WC",5,202308,2023-08-24 09:30:34.5,"2023-08-24 09:28:10","2023-08-24 09:32:59","10:28:00",2276.33493897463,0.540711552390608,3.28685481460493e-134,0.879200918009006,12.1690065505984,1874.4217032523,0.410444354257481,0.0042687949859036,38776.381319192,0.750124577913695,6.655593231267e-221,0.969788550450947,6.0856796808769,1475.3513269498,0.992474305284628,3.04796400375051,1877.87830170376,TRUE,0.417127958285459,0.004046884557176,6.7961556497298,NA,3776.77192598729,5.29923527201979,9.45292088867342e-121,0.850211916026451,161.71776024521,3180.71830738532,4.92613387229426,0.0405918418626934,6554.93642453465,7.13291182746905,2.5468343740629e-249,0.980820073906117,57.868543242039,2765.43847774777,0.995481989689371,28.1842135778528,3184.27971541687,TRUE,4.98261411121812,0.0398067240868933,60.2151858132529,NA,NA,37.218858,-76.410183,0.95,95,27.2,81,3.45,3.34,1.54,3.4,174.3,124.3,0.71,13598.5,16.9579870334187,25.25,0.6315862735
"114","2023","GWI_WC_5_202309","GWI","WC",5,202309,2023-09-21 11:48:34.5,"2023-09-21 11:46:10","2023-09-21 11:50:59","written time 12:46:00 PM",3203.69610790258,2.00111290826258,4.89515016477492e-132,0.874931906777511,60.2071333676316,1396.6068587439,2.02634652457319,0.00187294654874528,34323.7658573479,0.329119398793304,0,0.999754014799079,2.67011013475854,1300.72458167727,0.999825687488701,2.25554861737027,1396.8351130719,TRUE,2.02545860696123,0.00189119004581422,2.60817781220279,NA,3640.12392993459,4.52010945986826,6.34048821358647e-134,0.878648754847859,127.772661386702,2178.62349144299,4.36453075885388,0.00721251292900016,6829.11440196879,1.2674029168487,0,0.999214132826664,10.2823029742636,2080.86678598641,0.999446698757094,8.65784631921897,2178.69543249598,TRUE,4.36309690373435,0.00732769143771623,10.1365870092647,NA,NA,37.218856,-76.410214,0.95,95,35.7,96.3,3.64,3.09,1.42,3.4,175.2,131,0.75,11844,15.1199251486936,21.95,0.629074621
"115","2023","GWI_WC_5_202311","GWI","WC",5,202311,2023-11-09 09:49:34.5,"2023-11-09 09:47:10","2023-11-09 09:51:59",NA,2298.56087304857,0.460637872167843,3.66206880277647e-132,0.875183590744227,12.6443800121888,1341.11811161846,0.425063397355204,0.00170206570095787,35895.8392597345,0.299091738940032,0,0.995403398766307,2.4264989736077,1320.39765945237,0.995778990870571,2.3333671013189,1341.37167224164,TRUE,0.425858895081608,0.00175123833715556,2.38150787729697,NA,3099.61644968201,1.89625438096042,3.2275141063764e-133,0.87727025206872,50.3170081017239,2096.98823507133,1.70643937482925,0.00626555381317985,7310.44837352038,1.1010006161053,0,0.996132353835815,8.93229908117458,2074.4581474906,0.996470475938569,8.56270908518018,2097.4076685324,TRUE,1.70476886378772,0.0062622991399418,8.6820646762562,NA,NA,37.218849,-76.410204,0.95,95,19.9,67.8,3.03,3.22,1.45,3.4,178.9,109.2,0.61,15571,20.7238265511285,14.9,0.625024945
"116","2023","MSM_WC_1_202304","MSM","WC",1,202304,2023-04-24 10:46:22,"2023-04-24 10:44:10","2023-04-24 10:48:34","changed start time from 10:42 because looks like might include before chamber closing and shortened observation time",NA,NA,NA,NA,NA,1263.29887897723,0.151531737936062,0.0020911881231404,35220.3093042352,0.337297689007369,8.43361693915129e-176,0.952301029964726,2.6041632112295,1257.71277237837,0.953995656408026,2.56726522705741,1263.3177188202,TRUE,0.151254017440379,0.00217929450556915,2.88958731445755,NA,NA,NA,NA,NA,NA,2495.12637951002,3.01700677453577,0.0213688705460132,7953.76271536267,3.44668687245791,5.942696471095e-250,0.986978115558284,26.6107223571474,2421.73964445902,0.990275913563431,23.083505976177,2495.32889245375,TRUE,3.02487280340886,0.0232100766927776,28.4638349488885,NA,"would either be steph or Alice who had these data - have email from Alice, but no attached file ",NA,NA,NA,NA,NA,NA,NA,NA,NA,NA,NA,NA,NA,NA,NA,NA,NA
"117","2023","MSM_WC_1_202305","MSM","WC",1,202305,2023-05-19 10:07:34.5,"2023-05-19 10:05:10","2023-05-19 10:09:59","Low flux",2466.23668892945,0.931971761089766,5.33233671166673e-157,0.916080635728979,16.8830318148364,1833.25003772772,0.690474523793297,0.00397627699251031,34028.4653848864,0.698722499094992,1.60955751439005e-293,0.990539324387819,5.66866016727578,1392.11206133065,0.99796155908361,2.64047243224458,1834.65439492793,TRUE,0.68655440771394,0.00403222512805477,5.9885512913873,NA,NA,NA,NA,NA,NA,2329.40523196703,2.73828959286469,0.00935383053751326,11384.0081542554,1.64368122784026,0,0.996650687257086,13.3350082701291,2287.45765747175,0.997141447832908,12.3623696937409,2330.43627663371,TRUE,2.74615432868202,0.0091993549454804,11.8687056436024,NA,NA,38.430041,-76.227161,0.95,95,21.1,70,3.94,4.15,2.31,3.4,144.528,141.592,0.98,9887.5,12.958036451239,16.5,0.6259500865
"118","2023","MSM_WC_1_202306","MSM","WC",1,202306,2023-06-29 09:59:34.5,"2023-06-29 09:57:10","2023-06-29 10:01:59",NA,2113.21163044794,0.366249627198856,5.39270899201004e-137,0.884459973464563,9.18567484970562,1616.19364244824,0.3183239085866,0.00273494352924155,34929.1373082461,0.480591915813415,3.37373307227114e-244,0.979183168025847,3.89899030504224,1436.15212685816,0.988964294471852,2.84877478035722,1616.59952087289,TRUE,0.319006052269365,0.00276219199922547,4.30276335195324,NA,3695.5382318546,5.15978499884563,2.85006662596009e-135,0.881233869568996,140.582499536346,2350.13775312169,4.8531981724191,0.00969423780900364,7755.51104146815,1.7034985443637,0,0.998852203206288,13.8202996983126,2223.54285089534,0.999268371915768,11.0724408426617,2350.35877810255,TRUE,4.84886906496307,0.0104441668230924,14.1710457766151,NA,NA,38.430667,-76.226585,0.95,95,30.1,86.2,3.17,2.95,1.5,3.4,158.218,114.091,0.72,10437,13.1420095140618,21.45,0.631421416
"119","2023","MSM_WC_1_202307","MSM","WC",1,202307,2023-07-13 10:19:09.5,"2023-07-13 10:17:10","2023-07-13 10:21:09",NA,NA,NA,NA,NA,NA,1141.22822981437,0.648099594455396,0.00240984710417245,35011.1633909694,0.353929073708882,1.25759631184727e-297,0.996720212538424,2.58649687882689,1109.77573876248,0.997170613484216,2.41250223754093,1141.49405283027,TRUE,0.647103357298202,0.00243370467722787,2.78103354820221,NA,3217.96528056193,7.79598608075292,4.00043017378157e-111,0.878977311148466,195.750311490114,1844.22824309344,8.08628792085706,0.0104243734403748,10390.4849591014,1.53100536102863,0,0.999604627248191,11.1885145412636,1844.53528439064,0.999610664411355,11.1497105184772,1844.24856250763,TRUE,8.08768258887595,0.0106185833636272,11.131259768039,NA,NA,38.43071,-76.226569,0.95,95,33.4,92.2,3.51,3.09,1.36,3.4,182.146,126.34,0.69,11401,14.1409573645983,24.45,0.6340494385
"120","2023","MSM_WC_1_202308","MSM","WC",1,202308,2023-08-17 09:23:04.5,"2023-08-17 09:20:40","2023-08-17 09:25:29","written time 10:20:00 AM",NA,NA,NA,NA,NA,1424.91947172975,0.623571784731055,0.00196664242373701,34758.5641954824,0.345583899644836,0,0.997143540554088,2.80368485186304,1340.80452787577,0.997892002872574,2.41692624989267,1424.97734233645,TRUE,0.623186256233152,0.00205339988627776,2.78700040051333,NA,NA,NA,NA,NA,NA,2627.15746287078,6.16179901932379,0.0156293703343411,6523.91405001577,2.74643660888361,0,0.998150491129105,22.2815435697168,2518.742483469,0.998744815882936,18.4197617755893,2634.42492356521,TRUE,6.19002525708068,0.0139534804497031,18.2590843306575,NA,NA,38.429147,-76.227376,0.95,95,32.7,90.9,3.46,3.08,1.38,3.4,178.6,124.3,0.7,14673.75,18.2753813046793,23.75,0.634637107
"121","2023","MSM_WC_1_202309","MSM","WC",1,202309,2023-09-14 08:45:34.5,"2023-09-14 08:43:10","2023-09-14 08:47:59","written time 9:43:00 AM; fan battery died",2226.98560978981,0.407168479803811,1.60419553990196e-131,0.873897249594029,11.17643140621,1294.32491911159,0.373707790588221,0.00157013988402885,35798.3350396932,0.275909365912845,0,0.994941724034935,2.23842288512858,1286.56308272626,0.995142773235897,2.20114318546944,1294.39657023499,TRUE,0.373568878588301,0.00163144812278964,2.28017453004011,NA,3575.38308953087,3.98954343722426,2.80575545052472e-133,0.877389490803102,114.277587107069,2232.03156629483,3.88266908913955,0.00790820091938576,6907.15365415937,1.38965115361595,0,0.998806648055745,11.2740897153229,2169.60624288022,0.999050943297094,10.0891951322077,2232.21437005519,TRUE,3.8820431175351,0.00795015417602054,11.107994121088,NA,NA,38.429266,-76.237432,0.95,95,22.6,72.6,3.22,3.35,1.67,3.4,160.483,116.001,0.72,15102,18.8794995827176,23,0.634800025
"122","2023","MSM_WC_1_202310","MSM","WC",1,202310,2023-10-10 08:37:34.5,"2023-10-10 08:35:10","2023-10-10 08:39:59","written time 9:35:00 AM",NA,NA,NA,NA,NA,1426.96039794417,0.0242468587543477,0.00197357491041801,35554.1635469075,0.346802095567256,3.52420179778961e-28,0.343873560347362,2.81356794380627,1352.38599483995,0.499600241417414,2.46567261073303,1427.16368873154,TRUE,0.0247096747535136,0.00206912701525066,2.7669441953115,"low r squared, but checked and flux is okay",2729.55029080473,1.22621787590558,2.00515487762225e-143,0.895744008689406,26.5836948339602,2197.27610525491,0.971885224875767,0.0074482350881089,6898.82762054818,1.30882467303288,3.14250887933341e-258,0.983366460586548,10.6183532082893,2125.2861058637,0.987200749392283,9.34695884324036,2197.32183487963,TRUE,0.972631717657673,0.00727184489921503,10.5663888487674,NA,NA,38.430453,-76.22709,0.95,95,22.1,71.9,3.09,3.21,1.58,3.4,162.589,111.227,0.68,11963.5,15.6183252319419,16.05,0.629190991
"123","2023","MSM_WC_1_202311","MSM","WC",1,202311,2023-11-06 10:44:14.5,"2023-11-06 10:41:50","2023-11-06 10:46:39",NA,NA,NA,NA,NA,NA,1625.01211435184,0.0380963711625168,0.00277684405304419,37419.9945122273,0.487954792886596,2.6271361017922e-33,0.395236652322755,3.95872453148457,1331.0324411155,0.783558326206644,2.37654597540107,1629.94849748047,TRUE,0.0328155398323326,0.00270640606292771,3.7080952426154,"low r squared, but checked and flux is okay",NA,NA,NA,NA,NA,2406.56286697245,0.0101574193182058,0.0106847377823174,8112.04859947644,1.87755196619797,0.342580431753625,0.00312813779636849,15.2323763104268,2070.06031083008,0.691884259565577,8.49802807152257,2406.7744167801,TRUE,0.0132165242309073,0.0114760129364808,16.376269044905,"low r squared, but checked and flux is okay",NA,0,0,0.95,95,13.5,56.4,3.15,3.75,1.96,3.4,154.3,113.2,0.73,15206.5,20.5792797788455,11,0.6258298375
"124","2023","MSM_WC_2_202304","MSM","WC",2,202304,2023-04-24 10:32:34.5,"2023-04-24 10:30:10","2023-04-24 10:34:59",NA,1968.41168047902,0.210110501057119,6.12741828167469e-101,0.794431237422764,7.1562786399574,1574.59278945468,0.182854880324132,0.00254564786029116,35156.1204541233,0.447328352151725,6.6448930475244e-186,0.947132731042722,3.62912660579842,1567.65193742818,0.949090103386159,3.57374051846266,1574.64783690608,TRUE,0.183197385326929,0.00260057115915252,3.70387830968173,NA,NA,NA,NA,NA,NA,2791.81336283343,2.84516031563673,0.0207602757425389,7802.56236899976,3.648053638127,2.86021649129638e-264,0.984897930559266,29.596265145778,2786.42739316472,0.985378890058444,29.2228168815762,2793.6174238122,TRUE,2.85145893158246,0.0208522583061457,26.7037246653298,NA,"would either be steph or Alice who had these data - have email from Alice, but no attached file ",NA,NA,NA,NA,NA,NA,NA,NA,NA,NA,NA,NA,NA,NA,NA,NA,NA
"125","2023","MSM_WC_2_202305","MSM","WC",2,202305,2023-05-19 10:27:34.5,"2023-05-19 10:25:10","2023-05-19 10:29:59","Low flux",2520.6211455054,0.654852881601074,4.4237968220033e-132,0.875019768201016,18.5426852912381,1309.96079165888,0.623773063931578,0.00161304406017949,33823.0407973399,0.283448607579877,0,0.99807781087876,2.29958793847197,1291.37494165367,0.998221834059756,2.21948050924868,1309.99346506979,TRUE,0.623488910000562,0.00162540643740405,2.1890502218817,NA,3755.88818513974,5.31829146002895,5.34549108611407e-132,0.874855483219265,155.998461552054,2200.87005820361,5.24782498716645,0.00749453114581073,7684.67792915107,1.3169599455998,0,0.999412959970694,10.6843537959472,2135.49054844127,0.999537866725839,9.51286315908784,2200.89471567488,TRUE,5.24890244375705,0.00770315110847884,11.877862730127,NA,NA,38.429095,-76.227461,0.95,95,21.1,70,4.27,4.5,2.23,3.4,162.164,153.51,0.95,11266.5,14.8577862597258,16.5,0.6258686275
"126","2023","MSM_WC_2_202306","MSM","WC",2,202306,2023-06-29 10:07:34.5,"2023-06-29 10:05:10","2023-06-29 10:09:59",NA,2522.58796777994,0.62410084899906,7.12081007622507e-128,0.866328191643202,18.6056716238478,1412.03520894933,0.604904063115559,0.00192343661377702,35068.4938160236,0.337991654042347,0,0.997096562637259,2.74208978331615,1400.06371830414,0.997252143297469,2.67692194415594,1412.33579834164,TRUE,0.605797497282238,0.00196321967335912,2.76018314356432,NA,3827.16539055837,6.41611553778809,7.87454455169854e-135,0.880393095411754,176.397130923692,2333.32353996732,6.06953395075851,0.00941723617643138,8336.15414132197,1.65482304380656,0,0.999307168340317,13.4254006196543,2147.58381345463,0.999639853052612,9.71329296790422,2333.69500987087,TRUE,6.06396522786446,0.00943349522642574,13.1324070851654,NA,"sent to zoe",38.429104,-76.227474,0.95,95,30.1,86.2,3.18,2.95,1.49,3.4,158.475,114.236,0.72,12628,16.0084060363792,21.4,0.6314892985
"127","2023","MSM_WC_2_202307","MSM","WC",2,202307,2023-07-13 10:33:34.5,"2023-07-13 10:31:10","2023-07-13 10:35:59",NA,2875.90172186806,1.10722999928552,2.50218400226499e-130,0.871469691577462,34.2137669419168,1590.23348523296,1.13516473727244,0.00261522960433296,34853.4749814225,0.459555450560577,0,0.99847373130901,3.7283237345604,1582.32094170135,0.998535156726206,3.6652780480172,1590.51396812597,TRUE,1.13511843391868,0.00262508538775148,3.66548436121757,NA,4114.0677955945,9.85704387792081,2.38413606116903e-132,0.87555486986944,289.280613465027,2466.8196305125,9.75956768160312,0.011854497356819,9487.38246329673,2.08310538583538,0,0.999575269823106,16.9000090024542,2395.35755962732,0.999672581210978,14.890024178596,2466.98093843746,TRUE,9.76401617312267,0.0125912887426849,16.5044556931811,NA,NA,38.429117,-76.227424,0.95,95,33.4,92.2,3.02,2.67,1.14,3.4,187.211,108.765,0.58,15176,18.8427481779507,24.45,0.6339524635
"128","2023","MSM_WC_2_202308","MSM","WC",2,202308,2023-08-17 09:34:04.5,"2023-08-17 09:31:40","2023-08-17 09:36:29","written 10:31:00 AM",NA,NA,NA,NA,NA,1658.48445489096,1.09433911182444,0.00294181277679694,34847.39094454,0.516943557791592,0,0.997923099071942,4.1939072501294,1382.29474085315,0.999209662005199,2.59615482823413,1661.4740941194,TRUE,1.09879988762241,0.00297236344683144,3.99434129175852,NA,NA,NA,NA,NA,NA,2265.7930135829,7.37667690963852,0.00838219408296131,6912.62969791183,1.47294255620971,0,0.99962827230507,11.949823868397,2174.64658984998,0.999732245513087,10.1772548709994,2266.09476423242,TRUE,7.38048700162863,0.00824632452504325,10.9513713682083,NA,NA,38.429144,-76.227423,0.95,95,32.7,90.9,3.01,2.69,1.27,3.4,169.7,108.3,0.64,14673.75,18.2753813046793,23.75,0.634637107
"129","2023","MSM_WC_2_202309","MSM","WC",2,202309,2023-09-14 08:54:34.5,"2023-09-14 08:52:10","2023-09-14 08:56:59","written time 9:52:00 AM",2925.36854172866,1.2359249661471,1.76822210858756e-131,0.873812010555249,37.2598271329057,1392.2599942614,1.24820411154507,0.00185896204444822,35755.3671802705,0.326662002638697,0,0.999361611612735,2.65017354517558,1338.02267880305,0.999477759334617,2.40536172264433,1392.41130372508,TRUE,1.24860912701919,0.00189228625309871,2.68490166396146,NA,3674.79325572104,5.06745351882695,8.84357314795317e-136,0.882194685951742,135.643117622526,2309.76660949752,4.7019348210272,0.00904241467358927,6906.64994768279,1.58895836242906,0,0.998935989833651,12.8910475735759,2102.02449320045,0.999487318396733,8.9795054126565,2309.89953565569,TRUE,4.703146614672,0.00967393505687387,13.3458444700528,NA,NA,38.429139,-76.227463,0.95,95,22.8,73,3.94,4.09,1.9,3.4,172.269,141.753,0.82,12693,15.8005061164783,22.95,0.6349765195
"130","2023","MSM_WC_2_202310","MSM","WC",2,202310,2023-10-10 08:42:44.5,"2023-10-10 08:41:10","2023-10-10 08:44:19","written time 9:41:00 AM",1336.71820635095,0.534373218297308,2.08972197709475e-92,0.890965487727621,8.07071871304884,900.604912864098,0.440836250690635,0.00338807638609609,35451.6898470203,0.399857611491952,3.92394599552199e-186,0.989017189871974,2.56145633184082,892.723729253388,0.989682940476795,2.49591987408895,900.729353570077,TRUE,0.441521008972089,0.0035096669039183,2.60012422641783,NA,NA,NA,NA,NA,NA,1457.39680980275,1.74256209999034,0.0146655932732617,6704.08540768801,1.73081962420447,8.29607148178044e-179,0.986858782471863,11.0874940435693,1452.02426958826,0.987491298678065,10.875373002443,1457.73283888679,TRUE,1.75090089755876,0.0140850399945479,11.167450217514,NA,NA,38.429135,-76.227424,0.95,95,22.1,71.9,3.66,3.8,1.99,3.4,153.126,131.576,0.86,11963.5,15.6183252319419,16.05,0.629190991
"131","2023","MSM_WC_2_202311","MSM","WC",2,202311,2023-11-06 10:56:34.5,"2023-11-06 10:54:10","2023-11-06 10:58:59",NA,2261.16400142611,0.410986851448537,2.26563943233027e-128,0.867386447469128,11.8548312365332,1280.42230727727,0.386645569326586,0.0015329510876637,37287.1103611498,0.269374446745108,0,0.995493272106068,2.18540579174673,1282.49649394416,0.995523100942248,2.18576415521268,1280.49656058851,TRUE,0.386779514507684,0.00157838027550825,2.18008774626547,NA,NA,NA,NA,NA,NA,2125.31513937641,1.21760900752423,0.00657915601936233,7303.14854844679,1.15610767168474,2.03839649165998e-301,0.991661639490376,9.37937667106706,2126.84420709601,0.991732384308318,9.37210209701498,2125.37452039381,TRUE,1.21720226388603,0.00647166195755849,8.90458105274065,NA,NA,38.42914,-76.227456,0.95,95,13.3,55.9,3.14,3.76,1.97,3.4,153.8,112.9,0.73,13612.5,18.4084033511581,10.95,0.6260586985
"132","2023","MSM_WC_3_202304","MSM","WC",3,202304,2023-04-24 10:20:34.5,"2023-04-24 10:18:10","2023-04-24 10:22:59",NA,1891.80734406986,0.220506799997463,3.42181462697539e-132,0.875242365359383,6.27086096839786,1453.54530033671,0.20841314036589,0.002066140991678,35036.6660591909,0.363068065908669,1.00111892885145e-226,0.972474179109467,2.94553200432512,1413.81526453059,0.976327091839414,2.7411489809548,1453.83277469031,TRUE,0.208492103180633,0.00214003181907456,3.12800713125134,NA,2778.46301898651,1.2033878779644,5.35349354170993e-143,0.895030878639067,28.9228037665642,2453.28563389539,1.04434644278089,0.0115810812784544,7886.23571511603,2.03505994887827,3.87114274960427e-213,0.965795237227385,16.5102215617307,2379.29521446023,0.973860896384761,14.4833218755979,2453.30786892703,TRUE,1.04277990369391,0.0123469184440787,19.408587971924,NA,"would either be steph or Alice who had these data - have email from Alice, but no attached file ",NA,NA,NA,NA,NA,NA,NA,NA,NA,NA,NA,NA,NA,NA,NA,NA,NA
"133","2023","MSM_WC_3_202305","MSM","WC",3,202305,2023-05-19 10:38:34.5,"2023-05-19 10:36:10","2023-05-19 10:40:59","Low flux",2606.23734136443,0.805870351279796,6.79296852163917e-135,0.880515694593838,21.4921879545883,1405.62741629115,0.739442046050208,0.00190230359594568,33918.4913988173,0.334278101123285,0,0.998097534259743,2.71196212957863,1338.26448932393,0.998512537356759,2.40636476236053,1405.8937524142,TRUE,0.740311006065222,0.00198032982143438,2.79591491077009,NA,3656.53508159415,4.68135918353405,5.11336706488637e-136,0.882641807600372,131.439634234158,2329.35454298102,4.56456791754675,0.00935301309705222,7910.25969456564,1.64353758491928,0,0.99879226571131,13.3338429106259,2182.27707968778,0.999282663803055,10.3120316274196,2329.81549919353,TRUE,4.56708012827798,0.00930785978731363,12.5561950596818,NA,NA,38.429178,-76.22747,0.95,95,21.1,70,4.26,4.5,2.23,3.4,161.963,153.259,0.95,10213,13.4222239798491,16.5,0.6255660655
"134","2023","MSM_WC_3_202306","MSM","WC",3,202306,2023-06-29 10:15:34.5,"2023-06-29 10:13:10","2023-06-29 10:17:59",NA,2761.9317435578,1.00416355886608,2.56655728014103e-136,0.883201974818057,28.1100775193118,1526.15703591768,0.978315057563367,0.00234169554700484,34879.0390004021,0.411489282010474,0,0.998352672846868,3.33836810066219,1404.99595405782,0.998930101130198,2.69978316602678,1526.94395651908,TRUE,0.978109041564337,0.0024164998929458,3.38941208806201,NA,3875.94106746563,6.88047046547458,1.27319454638098e-134,0.87999352910058,191.873034281726,2502.90297403118,6.58984184661367,0.0126154213292202,7841.19365847695,2.21681707157028,0,0.99894564252791,17.9847974668396,2400.15168152387,0.999270339816299,15.013611123909,2504.0305405706,TRUE,6.58200031457993,0.01075647764418,15.0091982171404,NA,NA,38.429141,-76.227474,0.95,95,30.4,86.8,3.81,3.54,1.56,3.4,181.443,137.142,0.76,12628,16.0084060363792,21.4,0.6314892985
"135","2023","MSM_WC_3_202307","MSM","WC",3,202307,2023-07-13 10:45:34.5,"2023-07-13 10:43:10","2023-07-13 10:47:59",NA,2930.78115412494,1.31680492111215,5.16355604467184e-131,0.872869886362242,37.6091667046573,1333.75103745102,1.25530680856515,0.00168058303793977,34900.3044130843,0.295316745392175,0,0.99948407265284,2.39587285868486,1304.39854240866,0.999540123786631,2.26988154592116,1333.80446881322,TRUE,1.25563250074779,0.00166477671833994,2.29540453215964,NA,4024.32141817373,8.20931056426789,7.11815701611329e-132,0.874606463955348,247.809935785826,2216.37848718639,8.3295241051711,0.00769762811706838,8454.36472256515,1.35264871265076,0,0.999754099645654,10.9738929083458,2121.88704227246,0.999824909896577,9.29234161374048,2216.39528078579,TRUE,8.32997854776642,0.00762886288947122,9.92621670049976,NA,NA,38.429121,-76.227447,0.95,95,33.4,92.2,3.32,2.94,1.29,3.4,182.993,119.538,0.65,12344,15.2968226542835,24.45,0.633756574
"136","2023","MSM_WC_3_202308","MSM","WC",3,202308,2023-08-17 09:43:34.5,"2023-08-17 09:41:10","2023-08-17 09:45:59","written time 10:41:00 AM",NA,NA,NA,NA,NA,1352.0251504803,1.57799186395507,0.00173437630612076,34954.4474641728,0.30476944872464,0,0.999652208821616,2.47256161985002,1351.295606919,0.999657834866627,2.46104155208571,1352.03255156796,TRUE,1.57804887861056,0.00176185429184105,2.6138482657919,NA,NA,NA,NA,NA,NA,2332.91342762708,6.61367425608433,0.00941057969427048,7012.78024439319,1.6536533481693,0,0.99941724436892,13.4159110052862,2225.68768022987,0.999602883026517,11.1134623268891,2333.10980236351,TRUE,6.61269511570229,0.00992733213464204,12.8307527320573,NA,NA,38.429159,-76.227429,0.95,95,32.7,90.9,3.79,3.39,1.4,3.4,193.9,136.5,0.7,15193.5,18.9777461211716,23.75,0.634156111
"137","2023","MSM_WC_3_202309","MSM","WC",3,202309,2023-09-14 09:02:34.5,"2023-09-14 09:00:10","2023-09-14 09:04:59","written time 10:00:00 AM",3152.06727373097,1.97086573077737,5.83535586917541e-134,0.878718664241993,55.0793905202016,1576.13147326245,1.88221668916046,0.00255241018336202,35816.9063353101,0.448516646449297,0,0.999470672764241,3.63876710908888,1392.01266833885,0.99972330348288,2.64001998057406,1576.18904733049,TRUE,1.88254615401688,0.00259548924968336,3.68569976734295,NA,3674.05862638816,4.84531769277584,3.94422552474598e-134,0.879047947336434,135.471420496969,2281.45951619284,4.63465813214857,0.00861169286591053,6868.14929320544,1.51327072335289,0,0.999006649482833,12.2770019326498,2129.0130996368,0.999420820070754,9.40721440047134,2281.46705225021,TRUE,4.6342258003105,0.00902042200415238,12.6515255892304,NA,NA,38.429136,-76.227424,0.95,95,22.6,72.6,3.94,4.09,1.9,3.4,172.269,141.753,0.82,12693,15.8005061164783,22.95,0.6349765195
"138","2023","MSM_WC_3_202310","MSM","WC",3,202310,2023-10-10 08:52:22,"2023-10-10 08:50:10","2023-10-10 08:54:34","written time 9:50:00 AM; shortened obs length because looks like someone may have stepped near the flux and caused a bubble",NA,NA,NA,NA,NA,1929.16537483187,1.0995953889119,0.00734547342819655,35582.3595575142,1.18478638271675,1.48198249549787e-256,0.98839988753206,9.14734138889761,1813.85174456868,0.992605217533934,7.33135264103521,1965.93074485288,TRUE,1.0606132966836,0.00238060018253593,2.96098064342701,NA,2870.30010976384,2.09765333231583,5.36106769906791e-122,0.877672120803199,54.011079067811,1901.33598932832,2.00787128318757,0.00696972653106005,6930.827217835,1.12418037666048,0,0.996841059788727,8.67942258454486,1896.25081282568,0.996947524471032,8.56453615044967,1901.4025172977,TRUE,2.00928695235653,0.00742521508228203,8.33328175152883,NA,NA,38.429121,-76.227435,0.95,95,22.1,71.9,3.12,3.24,1.76,3.4,147.892,112.309,0.76,11963.5,15.6183252319419,16.05,0.629190991
"139","2023","MSM_WC_3_202311","MSM","WC",3,202311,2023-11-06 11:07:34.5,"2023-11-06 11:05:10","2023-11-06 11:09:59",NA,NA,NA,NA,NA,NA,1314.50272089868,0.864487308470521,0.00162572525490386,37404.4141226844,0.285676982536151,0,0.99898251635667,2.31766650380906,1316.43167347163,0.998989756874702,2.31746618086515,1314.51384409156,TRUE,0.864451579589248,0.00168831540568475,2.19604715999165,NA,2950.63222205908,1.24198018382623,1.87129700290224e-128,0.867562342673375,38.91865875811,2112.41057705827,1.26835565417253,0.0064343911886885,7311.46714745878,1.13066919130221,3.02614345438554e-309,0.992642703378256,9.17299702729253,2114.46918995472,0.992691791853247,9.17425487372802,2112.42573140598,TRUE,1.2691448201532,0.00667910365438277,9.69628951869809,NA,NA,38.429151,-76.227459,0.95,95,13.1,55.6,4.07,4.89,2.28,3.4,172.1,146.6,0.85,12805.75,17.3154074764797,10.95,0.6258104425
"140","2023","MSM_WC_4_202304","MSM","WC",4,202304,2023-04-24 10:07:34.5,"2023-04-24 10:05:10","2023-04-24 10:09:59",NA,NA,NA,NA,NA,NA,1287.41360411635,0.0250478967029085,0.00155154103501157,35008.0781875271,0.27264112421587,3.37827600523151e-42,0.4750512199422,2.2119079932385,1290.16435951792,0.477307699144998,2.21485281721407,1287.49803725839,TRUE,0.0254820146750677,0.00154136062928799,2.22858347472065,"low r squared, but checked and flux is okay",NA,NA,NA,NA,NA,2465.86523021041,0.981726463713815,0.0118350066114379,7739.68350778038,2.07968041761824,4.44873941588866e-203,0.959826360826699,16.8722226052338,2288.9208628117,0.978473926009541,12.3935964546483,2467.68402252931,TRUE,0.991352001731005,0.0113970307492061,14.8778888094408,NA,"would either be steph or Alice who had these data - have email from Alice, but no attached file ",NA,NA,NA,NA,NA,NA,NA,NA,NA,NA,NA,NA,NA,NA,NA,NA,NA
"141","2023","MSM_WC_4_202305","MSM","WC",4,202305,2023-05-19 10:51:34.5,"2023-05-19 10:49:10","2023-05-19 10:53:59","Low flux",1546.1937771716,0.129264698549344,5.26700129632429e-130,0.870803973267195,3.45571091644915,1404.23492362305,0.109822391884798,0.00189774192957413,33769.7177991487,0.33347651236748,1.24781660632513e-160,0.920812571913829,2.70545892658107,1335.4590394697,0.938387410462396,2.39475332290241,1404.23915690277,TRUE,0.109760806754851,0.00194947122422969,2.86595742471701,NA,3294.56322188231,2.71567163569175,1.09528718050828e-141,0.89280827762664,70.4186594936226,2398.44408591701,2.55410024496364,0.0105362158314246,7848.3751517945,1.8514532741567,0,0.995122888968107,15.0206404407733,2197.70039585793,0.997592616871971,10.589926902779,2398.44723241932,TRUE,2.55351852695546,0.0112458254731744,17.9136567343789,NA,NA,38.429153,-76.227474,0.95,95,21.1,70,3.21,3.38,1.89,3.4,143.764,115.405,0.8,10213,13.4222239798491,16.5,0.6255660655
"142","2023","MSM_WC_4_202306","MSM","WC",4,202306,2023-06-29 10:23:34.5,"2023-06-29 10:21:10","2023-06-29 10:25:59",NA,NA,NA,NA,NA,NA,1446.4720314773,0.462445379326859,0.00204109682161786,34779.0001198874,0.358667234395888,0,0.994420837283416,2.90982853358859,1402.78709401274,0.995266769759624,2.6895209211294,1446.86683971896,TRUE,0.461167657968516,0.00207769230996739,2.83813987826822,NA,3538.96521235924,3.82916798683011,5.47949512439618e-135,0.880693771564641,107.322789746043,2256.60407891609,3.69608078761798,0.00825044149253721,8095.14181674887,1.44979062302779,0,0.998567016559418,11.7619947350948,2182.4919442529,0.998905380948553,10.315852490609,2256.8589536187,TRUE,3.69731996639529,0.00836321160385455,11.5798878961376,NA,NA,38.429141,-76.227479,0.95,95,30.1,86.2,3.8,3.53,1.75,3.4,162.042,136.835,0.84,13402,16.9765951125277,21.4,0.631945081
"143","2023","MSM_WC_4_202307","MSM","WC",4,202307,2023-07-13 10:56:34.5,"2023-07-13 10:54:10","2023-07-13 10:58:59",NA,2719.48380600467,0.901784013836577,3.25331383794702e-133,0.877263469299032,26.1262888593715,1393.16498189376,0.887172331996847,0.00186186489072002,34682.6107319828,0.327172098893396,0,0.998733158437056,2.65431190099529,1348.02700657295,0.99893061303933,2.44721131539455,1393.23348814847,TRUE,0.887385596470847,0.00192433155514991,2.44417754108025,NA,3806.38403644634,5.65934553060602,1.29235261053969e-130,0.872057765201305,170.188723230236,2108.75280767417,5.66286948986676,0.00639394039300684,7956.37700033412,1.12356106450362,0,0.999632973753614,9.11532956231281,2096.05245244025,0.999653512781781,8.88752121560806,2108.75345443389,TRUE,5.66276314436517,0.00647037353219334,8.54715266217997,NA,NA,38.429141,-76.227447,0.95,95,33.4,92.2,4.07,3.6,1.48,3.4,194.269,146.241,0.75,11311.5,13.9994970988278,24.45,0.6342239935
"144","2023","MSM_WC_4_202308","MSM","WC",4,202308,2023-08-17 09:53:04.5,"2023-08-17 09:50:40","2023-08-17 09:55:29","written time 10:50:00 AM",2913.10927536235,1.18014094376345,1.81334035371108e-127,0.865458143246203,36.4805433490546,1599.67359257085,1.18306760850775,0.00265814349151066,35097.2061809737,0.467096398676405,0,0.998548225223296,3.78950263213856,1594.14374027163,0.998595157450271,3.74075825811662,1599.6823236516,TRUE,1.18330396806968,0.00265366373716337,3.47883578802882,NA,NA,NA,NA,NA,NA,2269.1899414953,4.56397633313895,0.00843143072793376,6865.00015353356,1.48159455698506,0,0.999018067543071,12.0200166161989,2252.60319156408,0.999085357085259,11.6413480762744,2269.31799526141,TRUE,4.56590796704771,0.00895098098204299,11.922095262044,NA,NA,38.429163,-76.227451,0.95,95,32.4,90.3,3.79,3.39,1.4,3.4,193.5,136.5,0.71,12909.75,16.09257662362,23.75,0.634745719
"145","2023","MSM_WC_4_202309","MSM","WC",4,202309,2023-09-14 09:09:34.780069,"2023-09-14 09:07:10","2023-09-14 09:11:59","written time 10:07:00 AM",3049.66968337729,1.61651405428334,1.71991648778731e-134,0.878857099141207,45.3396874606283,1486.40124489752,1.55040929164756,0.00216392096384484,35784.5845938975,0.380774981295032,0,0.999437343320312,3.08994875616846,1304.90781922267,0.999702553259786,2.25445783687018,1486.46802560064,TRUE,1.55058740033714,0.00220303063918392,3.08534855037776,NA,3440.87934575596,3.08823487431475,1.78625279712055e-134,0.878825382900263,88.7980155463399,2145.516704357,3.03479524016253,0.00671552914011169,6808.12165810427,1.18170003684831,0,0.998586859390392,9.58937098914721,2081.9170329674,0.998879793174483,8.5675078798802,2145.59151283539,TRUE,3.03658101546774,0.00690555157434551,9.38147412872685,NA,NA,38.429139,-76.227426,0.95,95,22.6,72.6,3.1,3.21,1.4,3.4,183.926,111.469,0.61,12972.5,16.1680703491906,23,0.635199562
"146","2023","MSM_WC_4_202310","MSM","WC",4,202310,2023-10-10 08:59:34.5,"2023-10-10 08:57:10","2023-10-10 09:01:59","written time 9:57:00 AM",2716.72360170084,0.876159811854226,1.08701483060952e-132,0.876231438719275,26.0022499407581,1371.64380683989,0.879301931574477,0.00179404552687961,35520.8604209281,0.315254690855962,0,0.998802534558309,2.55762725676747,1338.91074314,0.998944999274847,2.40904750221396,1371.65697743304,TRUE,0.879505317131386,0.00183494321220988,2.47016645523571,NA,NA,NA,NA,NA,NA,2089.69172469554,1.42632054099315,0.00618722567829991,6755.02181465133,1.08723657746919,0,0.994609824898518,8.82063292235132,2088.59451355983,0.994703738042793,8.77397248653659,2089.70576793503,TRUE,1.42680762956883,0.00641927064811666,8.77314647646029,NA,NA,38.429129,-76.227433,0.95,95,21.9,71.5,3.66,3.8,1.99,3.4,153.126,131.576,0.86,10758,14.0371926196204,16.1,0.629303482
"147","2023","MSM_WC_4_202311","MSM","WC",4,202311,2023-11-06 11:16:34.5,"2023-11-06 11:14:10","2023-11-06 11:18:59",NA,1965.43209530421,0.294020798185381,2.33413129825826e-126,0.86305091818387,7.11960956125555,1289.76072677457,0.22748666088129,0.00155783247558053,37305.7298425562,0.273746673725005,4.27526964207745e-272,0.986674121182954,2.2208771969975,1292.93216160003,0.986712140496293,2.22544751478424,1289.86784081953,TRUE,0.227044467272508,0.00156810607002385,2.37513177663717,NA,2781.50143631091,0.96786003738463,8.07798475787348e-127,0.864055791314755,29.0747177935235,2096.07733165894,0.932679085324415,0.00625572133911153,7131.21140166483,1.09927282629935,1.1670799919396e-274,0.987209366107151,8.91828170909466,2098.37829176602,0.987284084247526,8.92323233242879,2096.32271706893,TRUE,0.933339843757275,0.00640117499159606,8.52457034033143,NA,NA,38.429152,-76.22751,0.95,95,12.1,53.9,4.42,5.39,2.68,3.4,161.7,158.9,0.98,12805.75,17.3154074764797,10.95,0.6258104425
"148","2023","MSM_WC_5_202304","MSM","WC",5,202304,2023-04-24 09:57:34.5,"2023-04-24 09:55:10","2023-04-24 09:59:59",NA,NA,NA,NA,NA,NA,1436.34386607964,0.0702066817857828,0.00200576386226818,35044.6300545315,0.352458428091968,9.24566607308031e-106,0.809671419884782,2.85945715864797,1348.70330355618,0.861239419189191,2.45006649973693,1436.66903391435,TRUE,0.0695355261329317,0.00208158271281968,2.75454482475599,"low r squared, but checked and flux is okay",2797.6459840197,1.36255660189724,5.88361712619476e-135,0.880634828381496,29.8953939276113,2626.35718822045,0.995411042990891,0.0156078200518862,8264.04709838386,2.74264973305946,6.58599870434227e-172,0.933875690788135,22.2508210551698,2397.66509572207,0.970359255518679,14.9493822964095,2626.35810883659,TRUE,0.995127969466897,0.0160575951338674,27.6239375345825,NA,"would either be steph or Alice who had these data - have email from Alice, but no attached file ",NA,NA,NA,NA,NA,NA,NA,NA,NA,NA,NA,NA,NA,NA,NA,NA,NA
"149","2023","MSM_WC_5_202305","MSM","WC",5,202305,2023-05-19 11:01:34.5,"2023-05-19 10:59:10","2023-05-19 11:03:59","Low flux",NA,NA,NA,NA,NA,1357.51921697712,0.188471199077667,0.00175088329303336,33686.880181086,0.307670102569889,1.20724145254211e-234,0.975747618136599,2.49609431120161,1360.07510579156,0.975868087371934,2.49857788124311,1357.60128362706,TRUE,0.188969936131485,0.00174388371698421,2.33341325380577,NA,3340.50441982533,2.78898273372917,7.05739247281389e-132,0.874613925492205,76.2233037661328,2163.91148677149,2.55967074119378,0.00703186455609874,7629.44627275769,1.23565888020113,0,0.997831185807939,10.0247670335637,2144.80814604561,0.997997264750903,9.66691975912713,2163.91874447286,TRUE,2.5602032875065,0.00702983979626335,9.23754846058206,NA,NA,38.429149,-76.227492,0.95,95,21.1,70,3.46,3.65,1.91,3.4,153.6,124.409,0.81,11502.5,15.1130708157684,16.5,0.6262565275
"150","2023","MSM_WC_5_202306","MSM","WC",5,202306,2023-06-29 10:30:34.5,"2023-06-29 10:28:10","2023-06-29 10:32:59",NA,1944.38706611589,0.381979956258599,4.70648765477847e-147,0.901620120618803,6.86590840061263,1611.40515933878,0.256479670734295,0.00271245677391568,34597.4196510171,0.476640480360747,7.07568593683353e-219,0.968793611493729,3.86693273600287,1450.31307499738,0.982339336165034,2.91918488413972,1611.54883196173,TRUE,0.255533718526548,0.00275464835413848,4.00751705901762,NA,NA,NA,NA,NA,NA,2100.83263965372,3.70535704557352,0.00630722162226233,7674.0388394862,1.10832259989787,0,0.999166229946382,8.99170154484811,2098.4110046222,0.999184489677237,8.92373563009778,2100.96381985977,TRUE,3.70732155435483,0.00641417895405573,9.32273507217641,NA,NA,38.429223,-76.227509,0.95,95,30.1,86.2,3.17,2.95,1.5,3.4,158.218,114.091,0.72,13402,16.9765951125277,21.4,0.631945081
"151","2023","MSM_WC_5_202307","MSM","WC",5,202307,2023-07-13 11:08:34.5,"2023-07-13 11:06:10","2023-07-13 11:10:59",NA,2143.19915566762,0.470470216211581,1.9129220343431e-145,0.89905713210005,9.67309014773681,1540.2178575969,0.360132203666696,0.00239915851162207,34948.1059287379,0.421586834650389,1.69346975686097e-275,0.987379672129321,3.42028845460957,1391.29603177191,0.992551652496002,2.63676003830151,1540.25723323537,TRUE,0.359741617413319,0.00253288768544284,4.02968120226542,NA,3831.78072053878,5.72072346039124,2.04759461206433e-130,0.871648435373563,177.806404691672,2203.91703812883,5.9065997856792,0.00753400661784263,7846.30065201071,1.32389668580252,0,0.999531654939152,10.7406308199858,2185.69954077372,0.999566195802745,10.3730606947608,2203.93596784065,TRUE,5.90559387149672,0.00781382258155591,11.0371084222529,NA,NA,38.429186,-76.227507,0.95,95,33.4,92.2,3.01,2.67,1.15,3.4,186.003,108.318,0.58,10317,12.7227709029533,24.45,0.63443152
"152","2023","MSM_WC_5_202308","MSM","WC",5,202308,2023-08-17 10:02:34.5,"2023-08-17 10:00:10","2023-08-17 10:04:59","written time 11:00:00 AM",2574.59115644231,0.689818473835373,2.20953787610803e-127,0.865273482299252,20.350940567619,1377.01588729794,0.65929407055762,0.00181073954151757,35179.188725808,0.31818820973549,0,0.997832277590827,2.58142657859247,1371.81304083505,0.997899987951676,2.54965878791606,1377.01595350971,TRUE,0.659300453327213,0.0018038004746238,2.71842660466728,NA,3800.59768551401,5.37965728620103,4.91710062911479e-127,0.86452338392634,168.499282366019,2264.88935205958,5.44766994427615,0.00836914448204476,7046.16820928273,1.47064944388836,0,0.999320737023775,11.9312200958093,2243.499115771,0.999377679139298,11.4600441900954,2264.91015230694,TRUE,5.44664102964016,0.00872848398636869,11.9624883559958,NA,NA,38.429193,-76.22749,0.95,95,32.4,90.3,3.23,2.89,1.16,3.4,199.9,116.1,0.58,12909.75,16.09257662362,23.75,0.634745719
"153","2023","MSM_WC_5_202309","MSM","WC",5,202309,2023-09-14 09:17:34.5,"2023-09-14 09:15:10","2023-09-14 09:19:59","written time 10:15:00 AM",2193.18685814478,0.366544577864933,1.05363909874604e-130,0.872238987062722,10.5437525863086,1252.42419105149,0.350270534525427,0.00146070921125838,35487.0857489676,0.256679902447435,0,0.995016401425321,2.08241632497681,1247.81525737803,0.995162170076571,2.05889670603807,1252.75669553451,TRUE,0.350597898881574,0.00148971718920055,2.20957742900061,NA,3499.97654818667,3.32551551400157,8.40530645635996e-131,0.872439217806571,100.345495374438,2133.65931898036,3.34258557472919,0.0066744912832483,7000.14071293874,1.17286025053168,0,0.998852994936512,9.51528853383343,2128.61668315413,0.998888208420407,9.40078698541521,2133.7067511312,TRUE,3.34138590503231,0.00686498291426922,11.0286089594772,NA,NA,38.42914,-76.227437,0.95,95,22.8,73,3.58,3.71,1.67,3.4,177.759,128.617,0.72,12972.5,16.1680703491906,23,0.635199562
"154","2023","MSM_WC_5_202310","MSM","WC",5,202310,2023-10-10 09:05:29.5,"2023-10-10 09:03:10","2023-10-10 09:07:49","written time 10:03:00 AM",1798.76844247508,0.215830834382028,1.09966991678177e-116,0.850371942693994,5.96564947288227,1270.23185392895,0.187954701219779,0.00171640703061079,35427.3521594245,0.291705887087727,1.15028578164655e-230,0.97734179759604,2.32147461470523,1254.77446283166,0.978862869338686,2.25030863133617,1270.46905162781,TRUE,0.188345634122587,0.00172450456444599,2.37030139838134,NA,NA,NA,NA,NA,NA,2029.57084336056,1.2848121293289,0.00666050729047446,6645.10568288926,1.13196296273078,4.28200384110618e-298,0.992584377872056,9.00846845773716,2010.55953040564,0.993169447162837,8.67706700038442,2029.82264741117,TRUE,1.28339847685529,0.00679066604201239,9.24795761048302,NA,NA,38.429132,-76.227474,0.95,95,21.9,71.5,3.51,3.65,2.09,3.4,140.599,126.236,0.9,10758,14.0371926196204,16.1,0.629303482
"155","2023","MSM_WC_5_202311","MSM","WC",5,202311,2023-11-06 11:32:34.5,"2023-11-06 11:30:10","2023-11-06 11:34:59",NA,2006.12430026966,0.264423755883364,4.4490096180043e-131,0.873001247446606,7.63705349882406,1267.45631381573,0.25383310933136,0.00149906192921695,37447.9496964218,0.26341934916847,2.12634291553664e-290,0.990055235058056,2.13709272830788,1260.66633456618,0.990418449262956,2.10502488595122,1267.53324991456,TRUE,0.253948886645476,0.00151694115878721,2.28546996662105,NA,2803.40870853322,1.09480468287487,2.22544383053827e-130,0.871574212113214,30.1939070648342,2088.32965182805,0.997479171428905,0.00617271263615776,7526.67541746606,1.08468630516821,1.29894034720193e-284,0.989091292095399,8.79994283862422,2082.26358660563,0.989463443405832,8.67872193781614,2088.4384843161,TRUE,0.999271068911243,0.00632931249075528,8.54357735965942,NA,NA,38.42917,-76.227529,0.95,95,12.1,53.9,3.98,4.86,2.31,3.4,169.1,143.3,0.85,12916,17.42379266197,10.95,0.6268189825
"156","2023","SWH_WC_1_202305","SWH","WC",1,202305,2023-05-24 11:14:34.5,"2023-05-24 11:12:10","2023-05-24 11:16:59","7 Minute fluxes to accommodate for bubbling, chambers have water in the bottom",5517.42492638452,114.160330441821,2.86517616693578e-134,0.879315988352346,3251.8471178979,3982.43031513989,111.395063184852,0.161713975174933,154884.007075552,28.4168313942031,0,0.999393414271231,230.542683845381,3767.48705494743,0.999714891642689,158.607402110987,3982.46977042355,TRUE,111.413057651694,0.170334328488394,251.539776689574,NA,NA,NA,NA,NA,NA,2570.61568872365,1.94602303410993,0.01417763950034,15528.6797381769,2.49133441196495,1.84594486787991e-264,0.984943783990958,20.2119269992896,2565.56110140516,0.98540661688197,19.9682967406135,2570.73938596133,TRUE,1.94912338016138,0.0141026393118727,21.8640716582278,NA,NA,37.566579,-76.897041,0.715,71.5,21.9,71.5,1.26,1.31,1.6,3.4,67.3,45.4,0.67,1101.5,1.53308750131866,20.45,0.5655812095
"157","2023","SWH_WC_1_202307","SWH","WC",1,202307,2023-07-19 13:08:34.5,"2023-07-19 13:06:10","2023-07-19 13:10:59",NA,5751.70025137774,157.979825931674,7.95372013141941e-129,0.868346479319039,4870.25429805119,4369.80841560864,159.692344136222,0.315362403896094,71089.0589847682,55.4163624380128,0,0.998878093615835,449.586963028328,4358.22926329991,0.998936773500716,439.199182372793,4370.15562259869,TRUE,159.705723308258,0.323575175454398,414.319374989354,NA,NA,NA,NA,NA,NA,2330.62784090041,2.21338289533107,0.00937356870745952,7222.85776521433,1.64714967419306,0,0.994861316526202,13.3631474007682,2112.65944413931,0.997609772263928,9.14567350577604,2331.19792394664,TRUE,2.21957573238513,0.00985746017124048,12.5266550943594,NA,"sent to zoe",37.566705,-76.897039,0.578,57.8,30.1,86.2,2.91,2.71,4.74,3.4,48.265,104.625,2.17,NA,NA,NA,NA
"158","2023","SWH_WC_1_202308","SWH","WC",1,202308,2023-08-23 10:06:34.5,"2023-08-23 10:04:10","2023-08-23 10:08:59","written time 11:04:00 AM",NA,NA,NA,NA,NA,4341.68934446682,192.325349714692,0.300437969669694,43803.1722344767,52.7937991709438,0,0.999297697927752,428.310390501394,4294.03232552369,0.999412288628675,393.180444611914,4348.2995725053,TRUE,192.865272479796,0.201164857983583,269.48480408499,NA,NA,NA,NA,NA,NA,2397.86664574769,1.61736906059668,0.0105257313371705,6267.55102403086,1.84961090954259,2.18985463974166e-278,0.987949267923934,15.0056935356498,2254.56028244889,0.992748760393926,11.6806957625717,2399.51150401033,TRUE,1.6272299307534,0.00997436878653588,14.6998416041651,NA,"sent to zoe",37.566629,-76.897056,0.744,74.4,29.2,84.6,4.04,3.76,4.32,3.4,71.763,145.443,2.03,2918,4.57456437256595,26.4,0.5462793055
"159","2023","SWH_WC_1_202309","SWH","WC",1,202309,2023-09-20 11:33:34.5,"2023-09-20 11:31:10","2023-09-20 11:35:59","written time 12:31:00 PM",5729.64254541575,151.815207784897,6.9285459241708e-131,0.872610172846092,4688.51370728109,3647.62547755026,156.364868557633,0.0907927529800969,42239.3041920725,15.9543561430606,0,0.99990291004016,129.435968184566,3417.1976737636,0.999956738364221,86.702677940567,3647.86196269381,TRUE,156.401066655427,0.0947511390138718,142.932067929067,NA,NA,NA,NA,NA,NA,2193.7464602756,0.680316182029621,0.00740304578879334,6609.34688253477,1.30088388314083,2.01338855467824e-215,0.967021721164932,10.5539304375669,2116.30907774329,0.975095946854015,9.20340384053501,2193.81560232703,TRUE,0.679540982463686,0.0070749471339222,10.2076439425566,NA,"sent to zoe",37.565863,-76.89702,0.878,87.8,38.2,100.8,4.81,4.05,3.51,3.4,94.037,172.899,1.84,896.5,2.36219405438959,23.2,0.5977691515
"160","2023","SWH_WC_1_202310","SWH","WC",1,202310,2023-10-18 08:36:34.5,"2023-10-18 08:34:10","2023-10-18 08:38:59","written time 9:34:00 AM",5792.68412437752,193.824642545717,7.12064453474038e-137,0.884236842084345,5226.8458228089,4289.30796632674,182.81255196764,0.274493776347989,49239.2079566886,48.2348130568248,0,0.999351121217553,391.32382856623,3306.30914574464,0.999978419249982,71.61450616171,4289.82973367598,TRUE,182.653070693615,0.283634460683601,491.237266920016,NA,2657.25001316108,0.54988162267257,3.20657483939057e-85,0.735758792666937,23.4681081760116,2480.50154185586,0.502916317758958,0.0121374634426466,6903.42477615674,2.13282897677761,2.27834144269393e-123,0.856349270620301,17.3034111252042,2480.76389851084,0.858188822392195,17.2522708609975,2482.38346774744,TRUE,0.513396572631381,0.00558540216819782,8.27205981798552,"low r squared, but checked and flux is okay",NA,37.566588,-76.897029,0.711,71.1,14.7,58.5,4.43,5.22,6.48,3.4,66.614,159.461,2.39,1562,4.52295591961315,17.35,0.586386226
"161","2023","SWH_WC_1_202311","SWH","WC",1,202311,2023-11-08 13:01:34.5,"2023-11-08 12:59:10","2023-11-08 13:03:59",NA,4973.8270719128,40.7952869174955,9.16800060112975e-131,0.87236229295809,1273.77572132973,3479.71699591124,42.4263297638134,0.0679710641420758,49433.4359633795,11.9440652381498,0,0.999261332855843,96.9009112180288,3443.27576718204,0.999357481960922,90.6899912317508,3479.95698671783,TRUE,42.451574249055,0.0660359755991947,82.710306351916,NA,2206.50563075897,0.3748648026229,3.71004834772501e-83,0.726906602444302,10.7886743615514,2097.81354192694,0.221490295456078,0.00627447568435887,6982.70826985308,1.10256839222818,1.27664751427393e-106,0.81226835066986,8.94501827952654,2096.79435699745,0.815489566556974,8.89889692498344,2097.93564647627,TRUE,0.220153659869735,0.00655701450807954,8.47919025825296,"low r squared, but checked and flux is okay",NA,37.508535,-76.887874,0.674,67.4,20.1,68.2,4.77,5.09,6.9,3.4,61.291,171.47,2.8,6069,8.90272966545466,15.05,0.588558466
"162","2023","SWH_WC_2_202307","SWH","WC",2,202307,2023-07-19 13:18:34.5,"2023-07-19 13:16:10","2023-07-19 13:20:59",NA,5184.62958146796,66.8730977227739,1.10457548756559e-134,0.880111811626215,1832.05465884622,4393.71689616872,62.7384053403966,0.328633774811111,148130.397274712,57.7484448029044,2.86617622884418e-305,0.992159720978961,468.506895370266,4313.24556818033,0.994140911872681,406.423180606437,4395.31005135308,TRUE,62.5503902360832,0.21070183913143,270.548211158169,NA,NA,NA,NA,NA,NA,2135.95089349329,1.96621148419139,0.00670091429933524,8727.87585443345,1.17750337671948,0,0.996666120842706,9.55295771509858,2114.181468028,0.996949588650245,9.16970490877612,2136.12061798605,TRUE,1.9634820066503,0.00676375794822667,9.20632601121418,NA,"sent to zoe",37.566579,-76.897031,0.636,63.6,30.1,86.2,2.7,2.51,3.75,3.4,55.884,97.227,1.74,NA,NA,NA,NA
"163","2023","SWH_WC_2_202308","SWH","WC",2,202308,2023-08-23 09:57:34.5,"2023-08-23 09:55:10","2023-08-23 09:59:59","written time10:55:00 AM",5255.69855274924,82.3595021808822,3.35360501876232e-134,0.879184059274254,2070.874145248,4239.33007378615,70.7936181421229,0.25183139793123,82086.0089231289,44.2525166241013,0,0.996368850214396,359.015887728912,4156.77113058111,0.99730588374875,310.322295537877,4241.24726570311,TRUE,70.9583491524275,0.233381870550921,301.674929698362,NA,NA,NA,NA,NA,NA,2729.12367292738,1.47751779983526,0.0186333999822888,12852.8754996335,3.27431308904912,1.12681385198221e-197,0.956201361017205,26.5641484382187,2721.89858991497,0.957864291644793,26.1459223916575,2730.77837308978,TRUE,1.4627291409147,0.0153396547630491,21.4201132749218,NA,"sent to zoe",37.56657,-76.897064,0.782,78.2,30.1,86.2,4.26,3.92,4.14,3.4,77.679,153.158,1.97,2918,4.57456437256595,26.4,0.5462793055
"164","2023","SWH_WC_2_202309","SWH","WC",2,202309,2023-09-20 11:25:34.5,"2023-09-20 11:23:10","2023-09-20 11:27:59","written time 12:23:00 PM",5181.82018505205,65.894528385774,5.16490154561774e-136,0.882633638415798,1823.20203386877,3648.36253633134,63.3324970665387,0.0909082049357347,81345.5539003543,15.9746436831693,0,0.999406954798341,129.600558806243,3003.44939903644,0.999936715583527,42.4839210617201,3648.39659234598,TRUE,63.3225302967156,0.0939870403174592,167.722807716956,NA,NA,NA,NA,NA,NA,2518.73147484908,1.26682659178207,0.0129644435575434,13999.0698678195,2.27814823237046,7.29365565154666e-223,0.970720732095465,18.4823705501324,2481.28276274523,0.97462021243549,17.2677115360345,2518.73517047886,TRUE,1.26683218968524,0.0130298523154251,18.2139366995473,NA,"sent to zoe",37.566597,-76.897034,0.95,95,35.7,96.3,4.22,3.58,2.64,3.4,110.05,151.704,1.38,896.5,2.36219405438959,23.2,0.5977691515
"165","2023","SWH_WC_2_202310","SWH","WC",2,202310,2023-10-18 08:28:34.5,"2023-10-18 08:26:10","2023-10-18 08:30:59","written time 9:26:00 AM",5110.30399845273,57.6201358595129,5.47446432133011e-135,0.880694532228561,1611.70164708131,3491.31238742347,55.5327828277026,0.0693436197371817,86778.5043834557,12.1852545409488,0,0.999551139232074,98.8576539811722,3093.64164214909,0.999887647504467,49.6316901398667,3492.17793873758,TRUE,55.51153141556,0.0714533907833041,104.014146775143,NA,2646.03831256927,0.585313716285447,3.52503478631465e-102,0.798463929017043,23.0188140173351,2482.2494428651,0.57434958310668,0.0121740963458618,14675.1115930829,2.1392662128484,1.5991199798263e-137,0.885430781146331,17.3556357261711,2477.36087378185,0.888889085338956,17.151343262921,2482.72380966955,TRUE,0.567957068459752,0.0121953592086707,16.051390184737,"low r squared, but checked and flux is okay","Have data from that day and it looks like this one measurement just wasn't taken… ",NA,NA,NA,NA,NA,NA,NA,NA,NA,NA,NA,NA,NA,1562,4.52295591961315,17.35,0.586386226
"166","2023","SWH_WC_2_202311","SWH","WC",2,202311,2023-11-08 13:11:04.5,"2023-11-08 13:08:40","2023-11-08 13:13:29",NA,NA,NA,NA,NA,NA,3224.08833464845,5.13253867763769,0.043743499379336,43312.6923643096,7.68672988905477,3.47916145696595e-245,0.979508983874927,62.361609358695,3204.76849459741,0.981092223154634,60.1130866215864,3225.11454177781,TRUE,5.09639529225033,0.0447629226804796,62.4555283178023,NA,2373.63287240324,0.496547696446217,1.00362206322338e-96,0.780114870659972,14.3916378103611,2077.56933611264,0.350576890548386,0.0060592505579083,6930.25385652689,1.06474843187209,1.31782660221132e-160,0.920782556181932,8.63818902603004,2078.33411053152,0.921661390814111,8.6201226826088,2077.63790546303,TRUE,0.351324564712373,0.00619990624375368,9.09690651191474,NA,NA,37.566647,-76.897095,0.781,78.1,19.7,67.5,4.57,4.89,5.18,3.4,77.576,164.494,2.12,7627.5,11.2443939512164,15,0.588411064
"167","2023","SWH_WC_3_202305","SWH","WC",3,202305,2023-05-24 11:26:34.5,"2023-05-24 11:24:10","2023-05-24 11:28:59","7 Minute fluxes to accommodate for bubbling, chambers have water in the bottom",5754.89490622805,248.76377544987,2.76324728843859e-137,0.884994982143619,4897.15379698003,5154.54431410085,170.64911055945,1.22013330056252,920986.143490468,214.405231477559,8.97071240563251e-267,0.985490533400461,1739.44648541674,4939.88282657151,0.993173608685344,1197.27569385977,5156.49397602833,TRUE,170.518783507131,1.1425847315046,1701.68233344009,NA,NA,NA,NA,NA,NA,2861.10034133455,5.65586426926126,0.0233945162910977,15318.2496564072,4.11094974490561,0,0.995096705717794,33.3516912634165,2754.44066026244,0.99665213719173,27.6548263620128,2862.45029408377,TRUE,5.67846521954003,0.0210820227584523,29.7234834212598,NA,NA,37.510083,-76.850294,0.717,71.7,22.1,71.9,1.21,1.25,1.5,3.4,67.6,43.4,0.64,606,0.749157484210017,20.45,0.5655695725
"168","2023","SWH_WC_3_202307","SWH","WC",3,202307,2023-07-19 13:29:34.5,"2023-07-19 13:27:10","2023-07-19 13:31:59",NA,6144.9242802231,361.451505424338,5.5019419226021e-135,0.880690386008879,9593.81496649718,4658.38857992124,330.515715139861,0.518673439172437,191239.057962378,91.1427454162249,0,0.999291257680665,739.431249381983,4431.32646994523,0.999680509952979,498.190580306263,4658.72870625365,TRUE,330.764459020997,0.514945542950567,633.322613007438,NA,NA,NA,NA,NA,NA,2596.53296775051,4.2516353349031,0.0148255345898242,16260.336473786,2.60518434669748,0,0.996510340872444,21.1355792230281,2595.23961633575,0.996573459593445,21.0166652474186,2596.97375528556,TRUE,4.26070430105029,0.0146071973368255,20.121325368473,NA,"sent to zoe",37.566561,-76.897017,0.655,65.5,30.1,86.2,2.59,2.41,3.43,3.4,58.528,93.059,1.59,NA,NA,NA,NA
"169","2023","SWH_WC_3_202308","SWH","WC",3,202308,2023-08-23 09:45:34.5,"2023-08-23 09:43:10","2023-08-23 09:47:59","written time10:43:00 AM",6094.8447268189,329.747923674704,8.98085235572149e-136,0.882182089342746,8800.20097175875,4611.62020718888,305.088338037856,0.478491931228641,198539.904075135,84.0819386110707,0,0.999292081996654,682.147686398038,4324.19249300703,0.999740850498729,414.166862381427,4614.43573123464,TRUE,304.302667433468,0.482411697628871,657.204585417427,NA,3736.94433026462,4.79701420137268,6.26110155516031e-124,0.857631318919804,150.98557864699,2621.13084762198,4.75620170375859,0.0154678107999823,13423.5552426017,2.71804691626098,0,0.996963251593723,22.051221059794,2554.25401005979,0.997621703555805,19.5827850752406,2621.20024573614,TRUE,4.75482800869459,0.0151647417322866,24.2706687146513,NA,"sent to zoe",37.56654,-76.897031,0.699,69.9,30.7,87.3,4.19,3.82,4.88,3.4,64.854,150.591,2.32,1369,4.41134080953622,26.45,0.546424768
"170","2023","SWH_WC_3_202310","SWH","WC",3,202310,2023-10-18 08:20:34.5,"2023-10-18 08:18:10","2023-10-18 08:22:59","written time 9:18:00 AM",5968.19240832097,251.853153158013,2.01206927492089e-134,0.879611719736435,7073.87551117536,4224.04762020533,242.657584455641,0.24528253491905,44837.0657818028,43.1017321242489,0,0.999705821979998,349.679697375973,3420.41975830789,0.999981839272507,87.1856792744329,4225.27235262096,TRUE,242.50326682861,0.24911693668493,389.446845540244,NA,3125.36749171677,1.90506901398792,1.49084830683706e-124,0.859042229252577,52.6013350985046,2096.61622226591,1.66441423060409,0.00626153636679896,6910.06866171462,1.10029465920629,0,0.995940571595009,8.92657172910217,2090.28509771913,0.996082641363949,8.79958417229141,2096.68934665859,TRUE,1.66356079477938,0.00630019892263347,8.72852387556901,NA,NA,37.56655,-76.897029,0.732,73.2,14.6,58.3,4.71,5.57,6.59,3.4,69.791,169.341,2.43,1637,4.75711126801276,17.35,0.586165123
"171","2023","SWH_WC_3_202311","SWH","WC",3,202311,2023-11-08 13:21:34.5,"2023-11-08 13:19:10","2023-11-08 13:23:59",NA,5649.94337098342,145.528683209129,3.35006287977992e-132,0.875260715066985,4086.55883697019,4252.47884133989,137.66695818887,0.257605693646518,74875.299375241,45.2671919951329,0,0.998992590048224,367.247839420653,4216.30595756818,0.999122909020436,343.867935026779,4252.73932064116,TRUE,137.648694852173,0.264987122282957,380.577686453286,NA,NA,NA,NA,NA,NA,2069.98014091293,1.17458487990727,0.00598048281388591,7474.84168665965,1.05090714388962,8.59276865442474e-309,0.992589189468398,8.52589615160331,2064.44050645276,0.992829004226115,8.41608560049038,2070.24366586781,TRUE,1.17762540168974,0.00616440407170939,8.52977397095205,NA,NA,37.56661,-76.897031,0.833,83.3,19.7,67.5,4.42,4.75,4.5,3.4,86.255,159.039,1.84,7627.5,11.2443939512164,15,0.588411064
"172","2023","SWH_WC_4_202305","SWH","WC",4,202305,2023-05-24 10:14:34.5,"2023-05-24 10:12:10","2023-05-24 10:16:59","7 Minute fluxes to accommodate for bubbling, chambers have water in the bottom",6297.10822073272,556.997345809956,1.24572591168306e-140,0.890983862890293,12472.2318452622,5287.99931239006,448.911246101922,1.53580540948852,320820.908806566,269.876016148451,0,0.99664043995198,2189.47497014236,5077.79893095419,0.99839489685011,1518.67023658665,5291.74714070463,TRUE,449.055271531502,1.28755579669034,1901.03882996413,NA,NA,NA,NA,NA,NA,2763.22151164344,7.91787742210218,0.019761686649838,16146.5513223643,3.47257877364063,0,0.998209210539662,28.1726565229551,2766.7116422759,0.998212356286195,28.2461490150196,2764.28546262898,TRUE,7.9284535802818,0.0173987288681712,25.0832017024388,NA,NA,37.566535,-76.897017,0.655,65.5,22.6,72.6,1.31,1.35,1.9,3.4,58.6,47,0.8,597.5,0.735357517926393,20.45,0.565171975
"173","2023","SWH_WC_4_202308","SWH","WC",4,202308,2023-08-23 09:27:09.5,"2023-08-23 09:25:10","2023-08-23 09:29:09","written tim e10:24:00 AM, chamker sinking, need more chambers out here too ",5442.24338438574,696.693772430755,2.92109157379605e-97,0.841770258658434,20145.8308938075,4864.51829705802,722.753498702,5.63311362495678,299220.827576624,827.323311892226,1.06069834027292e-221,0.985748528391351,6046.03951171889,4820.52703516929,0.988331457087505,5493.91474788819,4864.57098982973,TRUE,721.779331101604,5.40903470636592,6264.36003918181,NA,3127.96733348761,7.80537154850426,8.28107141828027e-107,0.868443065909643,162.283402191214,2424.68000647783,6.40845016754206,0.0349326237770469,13185.8875148529,5.13047950395875,2.78603478510547e-258,0.992977804950756,37.4933008040747,2423.8310084231,0.993118258838832,37.2733884943512,2424.70322521865,TRUE,6.40552301635564,0.0341527029320942,32.404950006324,NA,"sent to zoe",37.566532,-76.897031,0.731,73.1,31.1,87.9,4.1,3.72,4.41,3.4,69.625,147.626,2.12,1538.5,2.3044816980622,26.5,0.5465081665
"174","2023","SWH_WC_4_202309","SWH","WC",4,202309,2023-09-20 11:01:34.5,"2023-09-20 10:59:10","2023-09-20 11:03:59","written time 11:59:00 AM",6638.28279489485,956.035538125834,3.26284443389676e-143,0.895391054481349,22460.0178770615,5484.31610615147,825.834316344912,2.15444289081897,149535.345811151,378.584722258019,0,0.998043741753502,3071.41696135856,4720.56877194928,0.999861428800542,820.30507958504,5487.09913066463,TRUE,822.777987851977,2.11622188135743,3378.23638556655,NA,NA,NA,NA,NA,NA,2608.96983157277,4.36589933218708,0.0151468694390225,13765.8559901799,2.66165020390538,0,0.996545478187191,21.5936806237703,2592.87009389752,0.996776800167318,20.9309792589331,2609.31474492158,TRUE,4.37253497835694,0.0142029518682555,18.9175949178485,NA,"sent to zoe",37.566515,-76.897022,0.922,92.2,33.4,92.2,4.29,3.72,2.96,3.4,102.085,154.261,1.51,7921.5,10.7675181292737,23.2,0.5976760555
"175","2023","SWH_WC_4_202310","SWH","WC",4,202310,2023-10-18 08:11:34.5,"2023-10-18 08:09:10","2023-10-18 08:13:59","written time 9:09:00 AM",6652.28943611596,823.066811028792,8.96764041395682e-135,0.880285129390031,23009.0157137578,4942.71374871578,791.488968491674,0.846821799047471,60039.841225177,148.80589175077,0,0.999670433043748,1207.2461274914,4193.29964469925,0.999975472379009,330.495028621015,4945.70394577861,TRUE,790.348135138199,0.871522880821109,1300.84305235632,NA,NA,NA,NA,NA,NA,2307.61897723674,2.72775113484979,0.00900899420482638,7159.86913672479,1.58308562431274,0,0.996868348549287,12.8434026835431,2270.78153952434,0.997279701179604,12.0119889349234,2309.24785580073,TRUE,2.73822639325725,0.00734717582171741,11.0296482058756,NA,NA,37.566499,-76.897037,0.721,72.1,14.3,57.7,4.71,5.6,6.78,3.4,68.241,169.525,2.48,1637,4.75711126801276,17.35,0.586165123
"176","2023","SWH_WC_4_202311","SWH","WC",4,202311,2023-11-08 13:31:34.5,"2023-11-08 13:29:10","2023-11-08 13:33:59",NA,6286.20670258992,405.380373999213,7.17038679808345e-133,0.876588355290078,12239.996607361,4725.75696603862,414.641023586613,0.582556900174928,191926.413161628,102.368525613775,0,0.999431830612872,830.504791646429,4675.33391903172,0.999529049067313,758.759750945781,4725.77725997914,TRUE,414.565296114777,0.558562194522783,756.879508744119,NA,3066.70568633616,1.60657474377751,6.04836210243789e-130,0.870679871498789,47.541378481775,2110.68488654504,1.56996302972192,0.00641527521364527,7174.81881403413,1.12731007877559,0,0.995214131567803,9.14574491017637,2105.86236216713,0.995357537200807,9.03911995645444,2110.7988296718,TRUE,1.56972651305487,0.00697185222929117,9.27576210492415,NA,NA,37.566613,-76.897026,0.833,83.3,19.5,67.1,4.41,4.74,4.49,3.4,86.265,158.792,1.84,7652.5,11.2717700078189,15,0.588438217
"177","2023","SWH_WC_5_202305","SWH","WC",5,202305,2023-05-24 10:34:34.5,"2023-05-24 10:32:10","2023-05-24 10:36:59","7 Minute fluxes to accommodate for bubbling, chambers have water in the bottom",5431.47194951757,94.7931332285474,1.63457065944297e-132,0.875880482633046,2803.94790774378,4055.33919525712,94.6908343351685,0.183375168460425,210632.113088642,32.2231967792925,0,0.998921081024097,261.42331509527,4044.61040608864,0.99897450988073,255.757789273298,4055.78583473983,TRUE,94.6493529069785,0.181376420531903,285.11481501892,NA,3325.51938666751,2.3415014322138,2.83210740817507e-131,0.873398760342162,74.2792006839711,2452.42950698888,2.47732085320435,0.0115639992761972,15846.3972901242,2.03205825173061,1.38911496984725e-319,0.993763696967437,16.4858691169802,2446.78106223616,0.993967768280958,16.2704842133481,2452.46079122616,TRUE,2.47673129451937,0.0117675718380361,17.6203058820083,NA,NA,37.566513,-76.897013,0.7,70,23.5,74.3,1.26,1.29,1.6,3.4,65,0,0,767.5,1.00217458514271,20.45,0.565633576
"178","2023","SWH_WC_5_202307","SWH","WC",5,202307,2023-07-19 12:40:34.5,"2023-07-19 12:38:10","2023-07-19 12:42:59",NA,5510.71723529922,168.448069543807,3.04768132611719e-148,0.903471778459267,3214.45618548879,4885.5094800513,122.470607678196,0.767288009632168,315916.537141077,134.82999213225,4.35173315288586e-283,0.988822010677874,1093.86116340055,4299.21934196078,0.998539960674263,396.712479329693,4887.22113260678,TRUE,123.330105146586,0.773433378923351,1266.41339624597,NA,NA,NA,NA,NA,NA,2522.94050760771,1.90930708115569,0.0130588681184374,10692.2826982231,2.294740779944,3.01237398051439e-272,0.986706480597156,18.6169840964624,2163.64351073781,0.99620179575298,9.98600377058013,2526.59989733222,TRUE,1.88897893251431,0.0131082526684758,18.3416951484418,NA,NA,37.566536,-76.897087,0.656,65.6,30.4,86.8,2.63,2.45,3.48,3.4,58.743,94.705,1.61,NA,NA,NA,NA
"179","2023","SWH_WC_5_202308","SWH","WC",5,202308,2023-08-23 09:10:34.5,"2023-08-23 09:08:10","2023-08-23 09:12:59","written time 10:08:00 AM",5734.50656213435,247.9815774914,2.38268882748296e-142,0.89393729014363,4727.9980193819,5405.60714114661,169.843871947056,1.88104421981271,88701.6188724767,330.542344170536,2.71225879968772e-213,0.965879629299916,2681.65433691401,5312.21654290805,0.975612640663896,2275.05312568525,5406.15749022759,TRUE,168.943172933633,1.91647080341682,2274.13861277025,NA,3498.03042865401,3.39180293200808,2.45662641912124e-129,0.869415675659386,100.009362498105,2814.67009757885,3.27403883694269,0.0215947343301591,12947.2507891318,3.7946870318346,9.91813530549402e-277,0.987625916478091,30.7858860312932,2797.4129467784,0.988500498036897,29.7815898958947,2814.81763986906,TRUE,3.27669300621437,0.0219180507169141,26.8460195943189,NA,"sent to zoe",37.566528,-76.89703,0.592,59.2,33.8,92.9,4.23,3.73,6.28,3.4,50.025,152.082,3.04,8754,14.333297320112,26.5,0.5462521525
"180","2023","SWH_WC_5_202309","SWH","WC",5,202309,2023-09-20 10:50:34.5,"2023-09-20 10:48:10","2023-09-20 10:52:59","written time 11:48:00 AM",5753.51099451949,165.20310238979,6.84755087738516e-132,0.874640192598896,4885.48284958981,3774.42246273149,164.244637290327,0.112978209193313,79762.9451057048,19.8528464741063,0,0.99986374881543,161.063999170732,3509.95723489703,0.999946012207151,101.739441364039,3774.49357901147,TRUE,164.256832776466,0.116148702759553,185.071818659206,NA,NA,NA,NA,NA,NA,2585.89756105412,1.96130980817014,0.0145561574444919,13373.7966530369,2.55784864233378,3.52904011621369e-262,0.984384413342281,20.7515497661779,2532.88599065511,0.987171388650779,18.8744556510481,2586.29165811831,TRUE,1.95396696259415,0.0141855982575122,19.9575943598916,NA,"sent to zoe",37.566482,-76.897023,0.898,89.8,32.1,89.7,4.83,4.29,3.57,3.4,97.687,173.568,1.78,982.5,2.60436271688936,23.25,0.5977730305
"181","2023","SWH_WC_5_202311","SWH","WC",5,202311,2023-11-08 13:40:34.5,"2023-11-08 13:38:10","2023-11-08 13:42:59",NA,NA,NA,NA,NA,NA,3782.23173240708,59.0084657526192,0.114509663771123,46510.7959323996,20.1219579499601,0,0.998916628607103,163.247271508041,3778.27233325552,0.998945958698336,161.58434834722,3783.51532298119,TRUE,58.9307597446296,0.114204136043073,158.662355717217,NA,2359.7769086337,0.487208742246128,1.60871598713354e-115,0.83715294788356,14.0519016810642,2051.72400745282,0.402676535606501,0.00579517231020557,6938.2078571899,1.01834386459998,5.61250790203893e-182,0.943707571210474,8.26171378383335,2050.63157391192,0.944687444249604,8.21807767906094,2051.9520769032,TRUE,0.400213793960535,0.00578744225240645,7.04171902289729,NA,NA,37.566601,-76.897024,0.702,70.2,18.8,65.8,4.59,4.99,6.32,3.4,65.341,165.021,2.53,7017,10.3186925374758,14.95,0.588492523
