"","IDs","H2S_mean","H2S_sd","H2S_cv","H2S_flag","Dilution","H2S_cv_flag"
"1","1",5.49887260992971,0.808440653410162,14.7019345738307,"Within_Range",1,"High CV"
"2","10 Spike",1.40201988773505,0.538960435606775,38.4417111569979,"Within_Range",1,"High CV"
"3","16 Dup",2.64060326886367,0.673700544508468,25.513129990117,"Within_Range",1,"High CV"
"4","17 Spike",0.733822134132093,0.213229001941937,29.0573140307532,"Within_Range",1,"High CV"
"5","26 Spike",8.674674256988,2.91412969320647,33.5935345452189,"Within_Range",1,"High CV"
"6","42 Spike",29.3936461630724,3.14105890891759,10.686183304689,"Within_Range",1,"High CV"
"7","54",5.87879494522597,0.797164660008496,13.5600011130828,"Within_Range",1,"High CV"
