"","IDs","H2S_mean","H2S_sd","H2S_cv","H2S_flag","Dilution","H2S_cv_flag"
"1","WC-3",1.0866556735184,0,0,"Within_Range",1,"within range"
"2","58",1.91601738606496,0.14661182274954,7.65190461296627,"Within_Range",1,"within range"
"3","59",1.0866556735184,0.293223645499081,26.9840440394218,"Within_Range",1,"High CV"
"4","WC-2",7.5660440527884,0.0733059113747705,0.968880313983292,"Within_Range",1,"within range"
"5","80",17.3110441752105,0.219917734124312,1.27038976908877,"Within_Range",1,"within range"
"6","28",3512.50426259501,248.880496555511,7.08555713955604,"Within_Range",100,"within range"
"7","85",19.8509644198843,0.822856814368814,4.14517298486805,"Within_Range",1,"within range"
