"Project","Region","Sample_ID","Year","Month","Day","Site","Zone","Lysimeter","Depth_cm","Sampling_Time","Sampling_Time_Zone","Field_Notes","ic_mgL","ic_uM","ic_flag","npoc_mgL","npoc_uM","npoc_flag","tdn_mgL","tdn_uM","tdn_flag","NOx_mgL","NOx_uM","NOx_Conc_Flag","NH3_mgL","NH3_uM","NH3_Conc_Flag","PO4_mgL","PO4_uM","PO4_Conc_Flag","SO4_ppm","SO4_mM","SO4_Conc_flag","Cl_ppm","Cl_mM","Cl_Conc_flag","salinity","H2S_mean_uM","H2S_sd_uM","H2S_cv","H2S_Conc_flag","H2S_cv_flag"
"COMPASS:Synoptic","CB","MSM_202206_TR_LYSA_10CM",2022,6,6,"MSM","TR","A",10,NA,NA,"",NA,NA,NA,NA,NA,NA,NA,NA,NA,0,0,"bdl",0.245,17.4896,"Within_Range",0.0114,0.8136,"Within_Range",331.4201,10.3375,NA,2755.8535,77.7392,NA,4.9799,0,0,0,"bdl","Within Range"
"COMPASS:Synoptic","CB","MSM_202206_TR_LYSA_20CM",2022,6,6,"MSM","TR","A",20,NA,NA,"",NA,NA,NA,NA,NA,NA,NA,NA,NA,0,0,"bdl",1.454,103.8042,"Within_Range",0.012,0.8592,"Within_Range",419.4743,13.084,NA,2817.4242,79.476,NA,5.0911,0,0,0,"bdl","Within Range"
"COMPASS:Synoptic","CB","MSM_202206_TR_LYSA_45CM",2022,6,6,"MSM","TR","A",45,NA,NA,"",NA,NA,NA,NA,NA,NA,NA,NA,NA,0,0,"bdl",0.9846,70.2984,"Within_Range",0.0212,1.5119,"Within_Range",489.302,15.2621,NA,3366.3801,94.9614,NA,6.0831,104.725,0.9552,0.9121,"adl","Within Range"
"COMPASS:Synoptic","CB","MSM_202206_TR_LYSB_10CM",2022,6,6,"MSM","TR","B",10,NA,NA,"",NA,NA,NA,NA,NA,NA,NA,NA,NA,0,0,"bdl",0.4871,34.7761,"Within_Range",0.0089,0.6352,"Within_Range",367.1323,11.4514,NA,3027.1985,85.3935,NA,5.4702,0,0,0,"bdl","Within Range"
"COMPASS:Synoptic","CB","MSM_202206_TR_LYSB_20CM",2022,6,6,"MSM","TR","B",20,NA,NA,"",NA,NA,NA,NA,NA,NA,NA,NA,NA,0,0,"bdl",0.6271,44.7691,"Within_Range",0.0082,0.5835,"Within_Range",348.7404,10.8777,NA,2952.4617,83.2852,NA,5.3351,0,0,0,"bdl","Within Range"
"COMPASS:Synoptic","CB","MSM_202206_TR_LYSB_45CM",2022,6,6,"MSM","TR","B",45,NA,NA,"",NA,NA,NA,NA,NA,NA,NA,NA,NA,0,0,"bdl",1.4234,101.6205,"Within_Range",0.0124,0.8886,"Within_Range",461.7393,14.4023,NA,3741.1335,105.5327,NA,6.7603,0,0,0,"bdl","Within Range"
"COMPASS:Synoptic","CB","MSM_202206_TR_LYSC_10CM",2022,6,6,"MSM","TR","C",10,NA,NA,"",NA,NA,NA,NA,NA,NA,NA,NA,NA,0,0,"bdl",0.6567,46.8832,"Within_Range",0.0082,0.5864,"Within_Range",314.1841,9.7999,NA,2868.5932,80.9194,NA,5.1836,0,0,0,"bdl","Within Range"
"COMPASS:Synoptic","CB","MSM_202206_TR_LYSC_20CM",2022,6,6,"MSM","TR","C",20,NA,NA,"",NA,NA,NA,NA,NA,NA,NA,NA,NA,0,0,"bdl",1.387,99.0245,"Within_Range",0.0094,0.6745,"Within_Range",308.5873,9.6253,NA,2918.0163,82.3136,NA,5.2729,39.7576,0.3184,0.8008,"Within Range","Within Range"
"COMPASS:Synoptic","CB","MSM_202206_TR_LYSC_45CM",2022,6,6,"MSM","TR","C",45,NA,NA,"",NA,NA,NA,NA,NA,NA,NA,NA,NA,0,0,"bdl",1.736,123.9393,"Within_Range",0.0231,1.65,"Within_Range",451.001,14.0674,NA,3028.6085,85.4332,NA,5.4727,0,0,0,"bdl","Within Range"
"COMPASS:Synoptic","CB","MSM_202206_UP_LYSA_10CM",2022,6,6,"MSM","UP","A",10,NA,NA,"",NA,NA,NA,NA,NA,NA,NA,NA,NA,0,0,"bdl",0.8827,63.0233,"Within_Range",0.0111,0.7922,"Within_Range",126.0804,3.9326,NA,1568.6751,44.2504,NA,2.8346,0,0,0,"bdl","Within Range"
"COMPASS:Synoptic","CB","MSM_202206_UP_LYSA_20CM",2022,6,6,"MSM","UP","A",20,NA,NA,"",NA,NA,NA,NA,NA,NA,NA,NA,NA,0,0,"bdl",1.8807,134.2681,"Within_Range",0.0133,0.9462,"Within_Range",180.9152,5.643,NA,2031.261,57.2993,NA,3.6705,0,0,0,"bdl","Within Range"
"COMPASS:Synoptic","CB","MSM_202206_UP_LYSA_45CM",2022,6,6,"MSM","UP","A",45,NA,NA,"",NA,NA,NA,NA,NA,NA,NA,NA,NA,0,0,"bdl",1.004,71.6771,"Within_Range",0.0138,0.9858,"Within_Range",190.4671,5.941,NA,2334.0716,65.8412,NA,4.2177,120.4523,1.8194,1.5104,"adl","Within Range"
"COMPASS:Synoptic","CB","MSM_202206_UP_LYSB_10CM",2022,6,6,"MSM","UP","B",10,NA,NA,"",NA,NA,NA,NA,NA,NA,NA,NA,NA,0,0,"bdl",0.1155,8.2489,"Within_Range",0.009,0.6435,"Within_Range",103.5657,3.2304,NA,1069.0949,30.1578,NA,1.9319,0,0,0,"bdl","Within Range"
"COMPASS:Synoptic","CB","MSM_202206_UP_LYSB_20CM",2022,6,6,"MSM","UP","B",20,NA,NA,"",NA,NA,NA,NA,NA,NA,NA,NA,NA,0,0,"bdl",0.4783,34.1478,"Within_Range",0.0097,0.6913,"Within_Range",120.921,3.7717,NA,1237.6007,34.9112,NA,2.2364,0,0,0,"bdl","Within Range"
"COMPASS:Synoptic","CB","MSM_202206_UP_LYSB_45CM",2022,6,6,"MSM","UP","B",45,NA,NA,"",NA,NA,NA,NA,NA,NA,NA,NA,NA,0,0,"bdl",0.8145,58.1517,"Within_Range",0.0193,1.3757,"Within_Range",215.2179,6.713,NA,2229.8247,62.9006,NA,4.0293,153.8687,9.87,6.4146,"adl","Within Range"
"COMPASS:Synoptic","CB","MSM_202206_UP_LYSC_10CM",2022,6,6,"MSM","UP","C",10,NA,NA,"",NA,NA,NA,NA,NA,NA,NA,NA,NA,0,0,"bdl",0.8626,61.5878,"Within_Range",0.0114,0.8171,"Within_Range",139.2101,4.3422,NA,1527.3732,43.0853,NA,2.76,0,0,0,"bdl","Within Range"
"COMPASS:Synoptic","CB","MSM_202206_UP_LYSC_20CM",2022,6,6,"MSM","UP","C",20,NA,NA,"",NA,NA,NA,NA,NA,NA,NA,NA,NA,0,0,"bdl",2.2202,158.5108,"adl",0.0175,1.2494,"Within_Range",170.5623,5.3201,NA,1915.3132,54.0286,NA,3.461,0,0,0,"bdl","Within Range"
"COMPASS:Synoptic","CB","MSM_202206_UP_LYSC_45CM",2022,6,6,"MSM","UP","C",45,NA,NA,"",NA,NA,NA,NA,NA,NA,NA,NA,NA,0,0,"bdl",1.0508,75.0231,"Within_Range",0.0165,1.1749,"Within_Range",241.6542,7.5376,NA,2196.0487,61.9478,NA,3.9683,0,0,0,"bdl","Within Range"
"COMPASS:Synoptic","CB","MSM_202206_WC_LYSA_10CM",2022,6,6,"MSM","WC","A",10,NA,NA,"",NA,NA,NA,NA,NA,NA,NA,NA,NA,NA,NA,NA,NA,NA,NA,NA,NA,NA,NA,NA,NA,NA,NA,NA,NA,0,0,0,"bdl","Within Range"
"COMPASS:Synoptic","CB","MSM_202206_WC_LYSA_20CM",2022,6,6,"MSM","WC","A",20,NA,NA,"",NA,NA,NA,NA,NA,NA,NA,NA,NA,NA,NA,NA,NA,NA,NA,NA,NA,NA,NA,NA,NA,NA,NA,NA,NA,0,0,0,"bdl","Within Range"
"COMPASS:Synoptic","CB","MSM_202206_WC_LYSA_45CM",2022,6,6,"MSM","WC","A",45,NA,NA,"",NA,NA,NA,NA,NA,NA,NA,NA,NA,NA,NA,NA,NA,NA,NA,NA,NA,NA,NA,NA,NA,NA,NA,NA,NA,100.7048,2.5826,2.5645,"adl","Within Range"
"COMPASS:Synoptic","CB","MSM_202206_WC_LYSB_10CM",2022,6,6,"MSM","WC","B",10,NA,NA,"",NA,NA,NA,NA,NA,NA,NA,NA,NA,NA,NA,NA,NA,NA,NA,NA,NA,NA,NA,NA,NA,NA,NA,NA,NA,0,0,0,"bdl","Within Range"
"COMPASS:Synoptic","CB","MSM_202206_WC_LYSB_20CM",2022,6,6,"MSM","WC","B",20,NA,NA,"",NA,NA,NA,NA,NA,NA,NA,NA,NA,NA,NA,NA,NA,NA,NA,NA,NA,NA,NA,NA,NA,NA,NA,NA,NA,99.5791,2.6836,2.6949,"adl","Within Range"
"COMPASS:Synoptic","CB","MSM_202206_WC_LYSB_45CM",2022,6,6,"MSM","WC","B",45,NA,NA,"",NA,NA,NA,NA,NA,NA,NA,NA,NA,NA,NA,NA,NA,NA,NA,NA,NA,NA,NA,NA,NA,NA,NA,NA,NA,0,0,0,"bdl","Within Range"
"COMPASS:Synoptic","CB","MSM_202206_WC_LYSC_10CM",2022,6,6,"MSM","WC","C",10,NA,NA,"",NA,NA,NA,NA,NA,NA,NA,NA,NA,NA,NA,NA,NA,NA,NA,NA,NA,NA,NA,NA,NA,NA,NA,NA,NA,0,0,0,"bdl","Within Range"
"COMPASS:Synoptic","CB","MSM_202206_WC_LYSC_20CM",2022,6,6,"MSM","WC","C",20,NA,NA,"",NA,NA,NA,NA,NA,NA,NA,NA,NA,NA,NA,NA,NA,NA,NA,NA,NA,NA,NA,NA,NA,NA,NA,NA,NA,145.4422,10.8707,7.4742,"adl","Within Range"
"COMPASS:Synoptic","CB","MSM_202206_WC_LYSC_45CM",2022,6,6,"MSM","WC","C",45,NA,NA,"",NA,NA,NA,NA,NA,NA,NA,NA,NA,NA,NA,NA,NA,NA,NA,NA,NA,NA,NA,NA,NA,NA,NA,NA,NA,0,0,0,"bdl","Within Range"
"COMPASS:Synoptic","CB","GWI_202206_TR_LYSA_10CM",2022,6,9,"GWI","TR","A",10,NA,NA,"",NA,NA,NA,NA,NA,NA,NA,NA,NA,0,0,"bdl",0.4161,29.7045,"Within_Range",0.0067,0.4759,"Within_Range",1166.3401,36.3799,NA,8618.8088,243.1258,NA,15.5742,0,0,0,"bdl","Within Range"
"COMPASS:Synoptic","CB","GWI_202206_TR_LYSA_20CM",2022,6,9,"GWI","TR","A",20,NA,NA,"",NA,NA,NA,NA,NA,NA,NA,NA,NA,0,0,"bdl",0.5617,40.1006,"Within_Range",0.0101,0.7231,"Within_Range",1048.1038,32.6919,NA,7487.9046,211.2244,NA,13.5307,0,0,0,"bdl","Within Range"
"COMPASS:Synoptic","CB","GWI_202206_TR_LYSA_45CM",2022,6,9,"GWI","TR","A",45,NA,NA,"",NA,NA,NA,NA,NA,NA,NA,NA,NA,NA,NA,NA,NA,NA,NA,NA,NA,NA,633.3503,19.7552,NA,5328.1588,150.3007,NA,9.628,0,0,0,"bdl","Within Range"
"COMPASS:Synoptic","CB","GWI_202206_TR_LYSB_10CM",2022,6,9,"GWI","TR","B",10,NA,NA,"",NA,NA,NA,NA,NA,NA,NA,NA,NA,0,0,"bdl",0.2809,20.0512,"Within_Range",0.0068,0.4825,"Within_Range",1054.9614,32.9058,NA,7896.1734,222.7411,NA,14.2684,0.7772,0.0455,5.8521,"Within Range","Within Range"
"COMPASS:Synoptic","CB","GWI_202206_TR_LYSB_20CM",2022,6,9,"GWI","TR","B",20,NA,NA,"",NA,NA,NA,NA,NA,NA,NA,NA,NA,0,0,"bdl",0.4074,29.0862,"Within_Range",0.0075,0.5357,"Within_Range",1145.7933,35.739,NA,8878.5123,250.4517,NA,16.0435,26.3246,0.7056,2.6804,"Within Range","Within Range"
"COMPASS:Synoptic","CB","GWI_202206_TR_LYSB_45CM",2022,6,9,"GWI","TR","B",45,NA,NA,"",NA,NA,NA,NA,NA,NA,NA,NA,NA,0,0,"bdl",0.5963,42.5714,"Within_Range",0.0108,0.7714,"Within_Range",1065.4746,33.2338,NA,7901.501,222.8914,NA,14.278,0,0,0,"bdl","Within Range"
"COMPASS:Synoptic","CB","GWI_202206_TR_LYSC_10CM",2022,6,9,"GWI","TR","C",10,NA,NA,"",NA,NA,NA,NA,NA,NA,NA,NA,NA,0,0,"bdl",0.1407,10.0441,"Within_Range",0.008,0.5685,"Within_Range",939.7829,29.3133,NA,7379.9328,208.1786,NA,13.3356,13.5456,0.9713,7.1704,"Within Range","Within Range"
"COMPASS:Synoptic","CB","GWI_202206_TR_LYSC_20CM",2022,6,9,"GWI","TR","C",20,NA,NA,"",NA,NA,NA,NA,NA,NA,NA,NA,NA,0,0,"bdl",0.2743,19.5803,"Within_Range",0.0065,0.4651,"Within_Range",1031.8017,32.1835,NA,8228.9291,232.1278,NA,14.8697,0,0,0,"bdl","Within Range"
"COMPASS:Synoptic","CB","GWI_202206_TR_LYSC_45CM",2022,6,9,"GWI","TR","C",45,NA,NA,"",NA,NA,NA,NA,NA,NA,NA,NA,NA,0,0,"bdl",0.4098,29.2564,"Within_Range",0.0288,2.0592,"Within_Range",884.0311,27.5743,NA,7337.9827,206.9953,NA,13.2598,0,0,0,"bdl","Within Range"
"COMPASS:Synoptic","CB","GWI_202206_UP_LYSA_10CM",2022,6,9,"GWI","UP","A",10,NA,NA,"",NA,NA,NA,NA,NA,NA,NA,NA,NA,0,0,"bdl",0.1717,12.2598,"Within_Range",0.0175,1.2501,"Within_Range",705.1898,21.9959,NA,4974.0704,140.3123,NA,8.9882,0,0,0,"bdl","Within Range"
"COMPASS:Synoptic","CB","GWI_202206_UP_LYSA_20CM",2022,6,9,"GWI","UP","A",20,NA,NA,"",NA,NA,NA,NA,NA,NA,NA,NA,NA,0,0,"bdl",0.8607,61.4522,"Within_Range",0.0151,1.0783,"Within_Range",682.3081,21.2822,NA,5074.2239,143.1375,NA,9.1691,0,0,0,"bdl","Within Range"
"COMPASS:Synoptic","CB","GWI_202206_UP_LYSA_45CM",2022,6,9,"GWI","UP","A",45,NA,NA,"",NA,NA,NA,NA,NA,NA,NA,NA,NA,0,0,"bdl",0.2337,16.685,"Within_Range",0.0149,1.0666,"Within_Range",620.3873,19.3508,NA,5158.362,145.5109,NA,9.3212,0,0,0,"bdl","Within Range"
"COMPASS:Synoptic","CB","GWI_202206_UP_LYSB_10CM",2022,6,9,"GWI","UP","B",10,NA,NA,"",NA,NA,NA,NA,NA,NA,NA,NA,NA,0,0,"bdl",0.0888,6.343,"Within_Range",0.0205,1.4621,"Within_Range",531.2826,16.5715,NA,3905.7877,110.1774,NA,7.0578,1.7957,0.0983,5.4718,"Within Range","Within Range"
"COMPASS:Synoptic","CB","GWI_202206_UP_LYSB_20CM",2022,6,9,"GWI","UP","B",20,NA,NA,"",NA,NA,NA,NA,NA,NA,NA,NA,NA,0,0,"bdl",0.0934,6.6679,"Within_Range",0.0088,0.6268,"Within_Range",650.3517,20.2855,NA,4976.2069,140.3726,NA,8.992,0,0,0,"bdl","Within Range"
"COMPASS:Synoptic","CB","GWI_202206_UP_LYSB_45CM",2022,6,9,"GWI","UP","B",45,NA,NA,"",NA,NA,NA,NA,NA,NA,NA,NA,NA,0,0,"bdl",0.2293,16.3686,"Within_Range",0.0089,0.633,"Within_Range",565.631,17.6429,NA,4357.2527,122.9126,NA,7.8736,0,0,0,"bdl","Within Range"
"COMPASS:Synoptic","CB","GWI_202206_UP_LYSC_10CM",2022,6,9,"GWI","UP","C",10,NA,NA,"",NA,NA,NA,NA,NA,NA,NA,NA,NA,0,0,"bdl",0.3265,23.3108,"Within_Range",0.0105,0.7466,"Within_Range",1136.6741,35.4546,NA,7773.1471,219.2707,NA,14.0461,30.9131,1.6412,5.3091,"Within Range","Within Range"
"COMPASS:Synoptic","CB","GWI_202206_UP_LYSC_20CM",2022,6,9,"GWI","UP","C",20,NA,NA,"",NA,NA,NA,NA,NA,NA,NA,NA,NA,0,0,"bdl",0.2117,15.1112,"Within_Range",0.009,0.6458,"Within_Range",750.6523,23.414,NA,6075.7183,171.3884,NA,10.9788,0,0,0,"bdl","Within Range"
"COMPASS:Synoptic","CB","GWI_202206_UP_LYSC_45CM",2022,6,9,"GWI","UP","C",45,NA,NA,"",NA,NA,NA,NA,NA,NA,NA,NA,NA,NA,NA,NA,NA,NA,NA,NA,NA,NA,853.7856,26.6309,NA,6483.2126,182.8833,NA,11.7152,0,0,0,"bdl","Within Range"
"COMPASS:Synoptic","CB","GCW_202206_TR_LYSA_10CM",2022,6,10,"GCW","TR","A",10,NA,NA,"",NA,NA,NA,NA,NA,NA,NA,NA,NA,0,0,"bdl",0.3684,26.3016,"Within_Range",0.0045,0.3213,"Within_Range",4.4018,0.1373,NA,5.802,0.1637,NA,0.0105,0,0,0,"bdl","Within Range"
"COMPASS:Synoptic","CB","GCW_202206_TR_LYSA_20CM",2022,6,10,"GCW","TR","A",20,NA,NA,"",NA,NA,NA,NA,NA,NA,NA,NA,NA,0.0014,0.0977,"bdl",0.253,18.0597,"Within_Range",0.0038,0.2742,"Within_Range",9.4652,0.2952,NA,3.7973,0.1071,NA,0.0069,0,0,0,"bdl","Within Range"
"COMPASS:Synoptic","CB","GCW_202206_TR_LYSA_45CM",2022,6,10,"GCW","TR","A",45,NA,NA,"",NA,NA,NA,NA,NA,NA,NA,NA,NA,0.0012,0.0884,"bdl",0.0817,5.836,"Within_Range",0.0038,0.2698,"Within_Range",3.1151,0.0972,NA,11.191,0.3157,NA,0.0202,169.7889,1.2736,0.7501,"adl","Within Range"
"COMPASS:Synoptic","CB","GCW_202206_TR_LYSB_10CM",2022,6,10,"GCW","TR","B",10,NA,NA,"",NA,NA,NA,NA,NA,NA,NA,NA,NA,0,0,"bdl",1.1709,83.5972,"Within_Range",0.0081,0.5753,"Within_Range",0,0,NA,29.7153,0.8382,NA,0.0537,0,0,0,"bdl","Within Range"
"COMPASS:Synoptic","CB","GCW_202206_TR_LYSB_20CM",2022,6,10,"GCW","TR","B",20,NA,NA,"",NA,NA,NA,NA,NA,NA,NA,NA,NA,0,0,"bdl",0.7528,53.7454,"Within_Range",0.0064,0.4552,"Within_Range",0,0,NA,5.8317,0.1645,NA,0.0106,0,0,0,"bdl","Within Range"
"COMPASS:Synoptic","CB","GCW_202206_TR_LYSB_45CM",2022,6,10,"GCW","TR","B",45,NA,NA,"",NA,NA,NA,NA,NA,NA,NA,NA,NA,0,0,"bdl",0.1727,12.3317,"Within_Range",0.0037,0.2627,"Within_Range",6.4804,0.2021,NA,7.8649,0.2219,NA,0.0142,0,0,0,"bdl","Within Range"
"COMPASS:Synoptic","CB","GCW_202206_TR_LYSC_10CM",2022,6,10,"GCW","TR","C",10,NA,NA,"",NA,NA,NA,NA,NA,NA,NA,NA,NA,0.0017,0.1197,"bdl",0.3146,22.4586,"Within_Range",0.0236,1.6838,"Within_Range",12.3101,0.384,NA,22.1716,0.6254,NA,0.0401,0,0,0,"bdl","Within Range"
"COMPASS:Synoptic","CB","GCW_202206_TR_LYSC_20CM",2022,6,10,"GCW","TR","C",20,NA,NA,"",NA,NA,NA,NA,NA,NA,NA,NA,NA,3e-04,0.0205,"bdl",0.2751,19.6425,"Within_Range",0.009,0.6445,"Within_Range",33.2619,1.0375,NA,34.6283,0.9768,NA,0.0626,132.6417,5.8674,4.4235,"adl","Within Range"
"COMPASS:Synoptic","CB","GCW_202206_TR_LYSC_45CM",2022,6,10,"GCW","TR","C",45,NA,NA,"",NA,NA,NA,NA,NA,NA,NA,NA,NA,0,0,"bdl",0.0656,4.6852,"Within_Range",0.0059,0.42,"Within_Range",8.4172,0.2625,NA,4.2921,0.1211,NA,0.0078,0,0,0,"bdl","Within Range"
"COMPASS:Synoptic","CB","GCW_202206_UP_LYSA_10CM",2022,6,10,"GCW","UP","A",10,NA,NA,"",NA,NA,NA,NA,NA,NA,NA,NA,NA,0.0686,4.8959,"Within_Range",2.036,145.3582,"adl",1.1614,82.9194,"Within_Range",3.6335,0.1133,NA,0,0,NA,0,0,0,0,"bdl","Within Range"
"COMPASS:Synoptic","CB","GCW_202206_UP_LYSA_20CM",2022,6,10,"GCW","UP","A",20,NA,NA,"",NA,NA,NA,NA,NA,NA,NA,NA,NA,0.0061,0.4327,"bdl",0.8581,61.2645,"Within_Range",0.9378,66.9503,"Within_Range",6.3223,0.1972,NA,7.4852,0.2111,NA,0.0136,159.0468,8.7329,5.4908,"adl","Within Range"
"COMPASS:Synoptic","CB","GCW_202206_UP_LYSA_45CM",2022,6,10,"GCW","UP","A",45,NA,NA,"",NA,NA,NA,NA,NA,NA,NA,NA,NA,NA,NA,NA,NA,NA,NA,NA,NA,NA,1.3993,0.0436,NA,8.6165,0.2431,NA,0.0156,0,0,0,"bdl","Within Range"
"COMPASS:Synoptic","CB","GCW_202206_UP_LYSB_10CM",2022,6,10,"GCW","UP","B",10,NA,NA,"",NA,NA,NA,NA,NA,NA,NA,NA,NA,0.0088,0.6263,"bdl",0.0638,4.5546,"Within_Range",0.0204,1.458,"Within_Range",1.4062,0.0439,NA,6.0218,0.1699,NA,0.0109,0,0,0,"bdl","Within Range"
"COMPASS:Synoptic","CB","GCW_202206_UP_LYSB_20CM",2022,6,10,"GCW","UP","B",20,NA,NA,"",NA,NA,NA,NA,NA,NA,NA,NA,NA,0,0,"bdl",0.0488,3.4828,"Within_Range",0.0156,1.1115,"Within_Range",1.4627,0.0456,NA,5.4847,0.1547,NA,0.0099,152.9681,11.3255,7.4038,"adl","Within Range"
"COMPASS:Synoptic","CB","GCW_202206_UP_LYSC_10CM",2022,6,10,"GCW","UP","C",10,NA,NA,"",NA,NA,NA,NA,NA,NA,NA,NA,NA,NA,NA,NA,NA,NA,NA,NA,NA,NA,2.6083,0.0814,NA,10.7516,0.3033,NA,0.0195,0,0,0,"bdl","Within Range"
"COMPASS:Synoptic","CB","GCW_202206_WC_LYSA_10CM",2022,6,10,"GCW","WC","A",10,NA,NA,"",NA,NA,NA,NA,NA,NA,NA,NA,NA,0,0,"bdl",0.1826,13.036,"Within_Range",0.1718,12.2654,"Within_Range",285.3617,8.9009,NA,3313.6944,93.4752,NA,5.9879,NA,NA,NA,NA,NA
"COMPASS:Synoptic","CB","GCW_202206_WC_LYSA_20CM",2022,6,10,"GCW","WC","A",20,NA,NA,"",NA,NA,NA,NA,NA,NA,NA,NA,NA,0,0,"bdl",0.5137,36.6783,"Within_Range",0.2549,18.1966,"Within_Range",380.7819,11.8772,NA,4139.3895,116.767,NA,7.4799,NA,NA,NA,NA,NA
"COMPASS:Synoptic","CB","GCW_202206_WC_LYSA_45CM",2022,6,10,"GCW","WC","A",45,NA,NA,"",NA,NA,NA,NA,NA,NA,NA,NA,NA,0,0,"bdl",1.8457,131.7729,"Within_Range",0.4712,33.6413,"Within_Range",145.5024,4.5384,NA,4983.5113,140.5786,NA,9.0052,NA,NA,NA,NA,NA
"COMPASS:Synoptic","CB","GCW_202207_TR_LYSA_20CM",2022,7,11,"GCW","TR","A",20,NA,NA,"",NA,NA,NA,NA,NA,NA,NA,NA,NA,0,0.0026,"bdl",0.3069,21.9087,"Within_Range",0.0388,2.7684,"Within_Range",22.5506,0.7034,NA,4.2462,0.1198,NA,0.0077,0,0,0,"bdl","Within Range"
"COMPASS:Synoptic","CB","GCW_202207_TR_LYSA_45CM",2022,7,11,"GCW","TR","A",45,NA,NA,"",NA,NA,NA,NA,NA,NA,NA,NA,NA,0,0,"bdl",0.0739,5.2793,"Within_Range",0.0259,1.8505,"Within_Range",22.5602,0.7037,NA,2.5252,0.0712,NA,0.0046,0,0,0,"bdl","Within Range"
"COMPASS:Synoptic","CB","GCW_202207_TR_LYSB_10CM",2022,7,11,"GCW","TR","B",10,NA,NA,"",NA,NA,NA,NA,NA,NA,NA,NA,NA,0.0011,0.0809,"bdl",1.3936,99.4956,"Within_Range",0.0678,4.8431,"Within_Range",6.0239,0.1879,NA,43.1294,1.2166,NA,0.078,0,0,0,"bdl","Within Range"
"COMPASS:Synoptic","CB","GCW_202207_TR_LYSB_20CM",2022,7,11,"GCW","TR","B",20,NA,NA,"",NA,NA,NA,NA,NA,NA,NA,NA,NA,0,0,"bdl",1.0475,74.7846,"Within_Range",0.0368,2.6251,"Within_Range",4.1594,0.1297,NA,24.038,0.6781,NA,0.0435,0,0,0,"bdl","Within Range"
"COMPASS:Synoptic","CB","GCW_202207_TR_LYSB_45CM",2022,7,11,"GCW","TR","B",45,NA,NA,"",NA,NA,NA,NA,NA,NA,NA,NA,NA,0.0085,0.6054,"bdl",0.0442,3.1563,"Within_Range",0.0316,2.2556,"Within_Range",23.8275,0.7432,NA,29.3885,0.829,NA,0.0531,0,0,0,"bdl","Within Range"
"COMPASS:Synoptic","CB","GCW_202207_TR_LYSC_10CM",2022,7,11,"GCW","TR","C",10,NA,NA,"",NA,NA,NA,NA,NA,NA,NA,NA,NA,0,0,"bdl",0.0429,3.066,"Within_Range",0.0344,2.4594,"Within_Range",14.4031,0.4493,NA,31.7915,0.8968,NA,0.0575,0,0,0,"bdl","Within Range"
"COMPASS:Synoptic","CB","GCW_202207_TR_LYSC_20CM",2022,7,11,"GCW","TR","C",20,NA,NA,"",NA,NA,NA,NA,NA,NA,NA,NA,NA,0,0,"bdl",0.41,29.2682,"Within_Range",0.0395,2.8197,"Within_Range",19.4722,0.6074,NA,44.7562,1.2625,NA,0.0809,0,0,0,"bdl","Within Range"
"COMPASS:Synoptic","CB","GCW_202207_TR_LYSC_45CM",2022,7,11,"GCW","TR","C",45,NA,NA,"",NA,NA,NA,NA,NA,NA,NA,NA,NA,0.0093,0.6628,"bdl",0.0839,5.9926,"Within_Range",0.0346,2.4711,"Within_Range",26.1724,0.8164,NA,6.1883,0.1746,NA,0.0112,0,0,0,"bdl","Within Range"
"COMPASS:Synoptic","CB","GCW_202207_UP_LYSA_20CM",2022,7,11,"GCW","UP","A",20,NA,NA,"",NA,NA,NA,NA,NA,NA,NA,NA,NA,0,0,"bdl",0.0399,2.8513,"Within_Range",0.1354,9.6701,"Within_Range",4.5447,0.1418,NA,1.2245,0.0345,NA,0.0022,0,0,0,"bdl","Within Range"
"COMPASS:Synoptic","CB","GCW_202207_UP_LYSB_10CM",2022,7,11,"GCW","UP","B",10,NA,NA,"",NA,NA,NA,NA,NA,NA,NA,NA,NA,0.0078,0.5552,"bdl",0.0646,4.6126,"Within_Range",0.0064,0.4594,"Within_Range",3.3588,0.1048,NA,12.7223,0.3589,NA,0.023,0,0,0,"bdl","Within Range"
"COMPASS:Synoptic","CB","GCW_202207_UP_LYSB_20CM",2022,7,11,"GCW","UP","B",20,NA,NA,"",NA,NA,NA,NA,NA,NA,NA,NA,NA,0.0117,0.8327,"bdl",0.0329,2.3472,"Within_Range",0.0131,0.9323,"Within_Range",3.6999,0.1154,NA,11.977,0.3379,NA,0.0217,0,0,0,"bdl","Within Range"
"COMPASS:Synoptic","CB","GCW_202207_UP_LYSB_45CM",2022,7,11,"GCW","UP","B",45,NA,NA,"",NA,NA,NA,NA,NA,NA,NA,NA,NA,NA,NA,NA,NA,NA,NA,NA,NA,NA,7.1961,0.2245,NA,6.8084,0.1921,NA,0.0123,0,0,0,"bdl","Within Range"
"COMPASS:Synoptic","CB","GCW_202207_UP_LYSC_10CM",2022,7,11,"GCW","UP","C",10,NA,NA,"",NA,NA,NA,NA,NA,NA,NA,NA,NA,NA,NA,NA,NA,NA,NA,NA,NA,NA,3.3268,0.1038,NA,4.8228,0.136,NA,0.0087,0,0,0,"bdl","Within Range"
"COMPASS:Synoptic","CB","GCW_202207_UP_LYSC_20CM",2022,7,11,"GCW","UP","C",20,NA,NA,"",NA,NA,NA,NA,NA,NA,NA,NA,NA,NA,NA,NA,NA,NA,NA,NA,NA,NA,3.5197,0.1098,NA,2.7997,0.079,NA,0.0051,0,0,0,"bdl","Within Range"
"COMPASS:Synoptic","CB","GCW_202207_UP_LYSC_45CM",2022,7,11,"GCW","UP","C",45,NA,NA,"",NA,NA,NA,NA,NA,NA,NA,NA,NA,NA,NA,NA,NA,NA,NA,NA,NA,NA,8.8104,0.2748,NA,29.1268,0.8216,NA,0.0527,0,0,0,"bdl","Within Range"
"COMPASS:Synoptic","CB","GCW_202207_WC_LYSA_10CM",2022,7,11,"GCW","WC","A",10,NA,NA,"",NA,NA,NA,NA,NA,NA,NA,NA,NA,0,0,"bdl",0.5516,39.3797,"Within_Range",0,0,"bdl",391.9489,12.2255,NA,4124.3958,116.344,NA,7.4528,9172.9764,508.2522,5.5408,"adl","Within Range"
"COMPASS:Synoptic","CB","GCW_202207_WC_LYSA_20CM",2022,7,11,"GCW","WC","A",20,NA,NA,"",NA,NA,NA,NA,NA,NA,NA,NA,NA,0,0,"bdl",0.7084,50.5724,"Within_Range",0.2923,20.8703,"Within_Range",277.7426,8.6632,NA,4099.0346,115.6286,NA,7.407,8874.8441,380.5715,4.2882,"adl","Within Range"
"COMPASS:Synoptic","CB","GCW_202207_WC_LYSA_45CM",2022,7,11,"GCW","WC","A",45,NA,NA,"",NA,NA,NA,NA,NA,NA,NA,NA,NA,0.0082,0.5849,"bdl",2.0601,147.0801,"adl",0.8173,58.3516,"Within_Range",65.6575,2.048,NA,4824.411,136.0906,NA,8.7177,9084.0788,258.2567,2.843,"adl","Within Range"
"COMPASS:Synoptic","CB","GWI_202207_TR_LYSA_10CM",2022,7,13,"GWI","TR","A",10,NA,NA,"",NA,NA,NA,NA,NA,NA,NA,NA,NA,0.0055,0.3892,"bdl",0.3134,22.3736,"Within_Range",5e-04,0.0377,"bdl",1035.2309,32.2904,NA,7264.5339,204.9234,NA,13.127,0,0,0,"bdl","Within Range"
"COMPASS:Synoptic","CB","GWI_202207_TR_LYSA_20CM",2022,7,13,"GWI","TR","A",20,NA,NA,"",NA,NA,NA,NA,NA,NA,NA,NA,NA,0.0057,0.4101,"bdl",0.4699,33.5453,"Within_Range",3e-04,0.0235,"bdl",788.8762,24.6062,NA,8414.2701,237.356,NA,15.2046,0,0,0,"bdl","Within Range"
"COMPASS:Synoptic","CB","GWI_202207_TR_LYSA_45CM",2022,7,13,"GWI","TR","A",45,NA,NA,"",NA,NA,NA,NA,NA,NA,NA,NA,NA,NA,NA,NA,NA,NA,NA,NA,NA,NA,925.3642,28.8635,NA,7369.0268,207.871,NA,13.3159,0,0,0,"bdl","Within Range"
"COMPASS:Synoptic","CB","GWI_202207_TR_LYSB_10CM",2022,7,13,"GWI","TR","B",10,NA,NA,"",NA,NA,NA,NA,NA,NA,NA,NA,NA,0.0126,0.9,"bdl",0.0859,6.1296,"Within_Range",0.0337,2.4056,"Within_Range",764.2602,23.8384,NA,5485.2515,154.7321,NA,9.9119,0,0,0,"bdl","Within Range"
"COMPASS:Synoptic","CB","GWI_202207_TR_LYSB_20CM",2022,7,13,"GWI","TR","B",20,NA,NA,"",NA,NA,NA,NA,NA,NA,NA,NA,NA,0.006,0.4249,"bdl",0.5559,39.6864,"Within_Range",0.1004,7.1688,"Within_Range",386.4381,12.0536,NA,7630.9817,215.2604,NA,13.7892,171.1873,4.8852,2.8537,"adl","Within Range"
"COMPASS:Synoptic","CB","GWI_202207_TR_LYSB_45CM",2022,7,13,"GWI","TR","B",45,NA,NA,"",NA,NA,NA,NA,NA,NA,NA,NA,NA,0.0094,0.6745,"bdl",0.5622,40.1374,"Within_Range",0.0164,1.174,"Within_Range",1022.4111,31.8906,NA,8308.1946,234.3637,NA,15.0129,0,0,0,"bdl","Within Range"
"COMPASS:Synoptic","CB","GWI_202207_TR_LYSC_10CM",2022,7,13,"GWI","TR","C",10,NA,NA,"",NA,NA,NA,NA,NA,NA,NA,NA,NA,0.0174,1.239,"bdl",0.0451,3.2175,"Within_Range",0.0385,2.7507,"Within_Range",393.6444,12.2784,NA,3348.8624,94.4672,NA,6.0514,0,0,0,"bdl","Within Range"
"COMPASS:Synoptic","CB","GWI_202207_TR_LYSC_20CM",2022,7,13,"GWI","TR","C",20,NA,NA,"",NA,NA,NA,NA,NA,NA,NA,NA,NA,0.0066,0.4699,"bdl",0.1741,12.4284,"Within_Range",0.0491,3.5033,"Within_Range",765.3006,23.8709,NA,6142.471,173.2714,NA,11.0995,35.9112,2.1811,6.0736,"Within Range","Within Range"
"COMPASS:Synoptic","CB","GWI_202207_TR_LYSC_45CM",2022,7,13,"GWI","TR","C",45,NA,NA,"",NA,NA,NA,NA,NA,NA,NA,NA,NA,0.0075,0.5375,"bdl",0.6061,43.2687,"Within_Range",0.1039,7.415,"Within_Range",1175.809,36.6753,NA,8155.5798,230.0587,NA,14.7372,0,0,0,"bdl","Within Range"
"COMPASS:Synoptic","CB","GWI_202207_UP_LYSA_10CM",2022,7,13,"GWI","UP","A",10,NA,NA,"",NA,NA,NA,NA,NA,NA,NA,NA,NA,0.0095,0.6814,"bdl",0.0372,2.6533,"Within_Range",0.0012,0.087,"bdl",342.7449,10.6907,NA,2303.3105,64.9735,NA,4.1621,0,0,0,"bdl","Within Range"
"COMPASS:Synoptic","CB","GWI_202207_UP_LYSA_20CM",2022,7,13,"GWI","UP","A",20,NA,NA,"",NA,NA,NA,NA,NA,NA,NA,NA,NA,0,0,"bdl",0.2789,19.9093,"Within_Range",0,0,"bdl",519.7981,16.2133,NA,3932.782,110.9388,NA,7.1066,0,0,0,"bdl","Within Range"
"COMPASS:Synoptic","CB","GWI_202207_UP_LYSA_45CM",2022,7,13,"GWI","UP","A",45,NA,NA,"",NA,NA,NA,NA,NA,NA,NA,NA,NA,0.0052,0.3701,"bdl",0.2791,19.9259,"Within_Range",0,0,"bdl",641.5114,20.0097,NA,4754.7098,134.1244,NA,8.5918,0,0,0,"bdl","Within Range"
"COMPASS:Synoptic","CB","GWI_202207_UP_LYSB_10CM",2022,7,13,"GWI","UP","B",10,NA,NA,"",NA,NA,NA,NA,NA,NA,NA,NA,NA,0.012,0.8551,"bdl",0.0564,4.0289,"Within_Range",0.1406,10.0394,"Within_Range",148.7517,4.6398,NA,1221.3071,34.4515,NA,2.2069,0,0,0,"bdl","Within Range"
"COMPASS:Synoptic","CB","GWI_202207_UP_LYSB_20CM",2022,7,13,"GWI","UP","B",20,NA,NA,"",NA,NA,NA,NA,NA,NA,NA,NA,NA,0.0016,0.1177,"bdl",0.5425,38.7341,"Within_Range",0.0949,6.776,"Within_Range",430.5717,13.4302,NA,3177.9449,89.6458,NA,5.7426,0,0,0,"bdl","Within Range"
"COMPASS:Synoptic","CB","GWI_202207_UP_LYSB_45CM",2022,7,13,"GWI","UP","B",45,NA,NA,"",NA,NA,NA,NA,NA,NA,NA,NA,NA,0.0025,0.1768,"bdl",0.4089,29.1929,"Within_Range",0.0891,6.3646,"Within_Range",646.2377,20.1571,NA,4407.1351,124.3197,NA,7.9637,0,0,0,"bdl","Within Range"
"COMPASS:Synoptic","CB","GWI_202207_UP_LYSC_10CM",2022,7,13,"GWI","UP","C",10,NA,NA,"",NA,NA,NA,NA,NA,NA,NA,NA,NA,0.0222,1.587,"bdl",0.7263,51.8532,"Within_Range",0.1907,13.6182,"Within_Range",702.7388,21.9195,NA,5105.362,144.0159,NA,9.2254,0,0,0,"bdl","Within Range"
"COMPASS:Synoptic","CB","GWI_202207_UP_LYSC_20CM",2022,7,13,"GWI","UP","C",20,NA,NA,"",NA,NA,NA,NA,NA,NA,NA,NA,NA,0.0064,0.4545,"bdl",0.5882,41.9907,"Within_Range",0.0817,5.8324,"Within_Range",774.4437,24.1561,NA,5336.3478,150.5317,NA,9.6428,0,0,0,"bdl","Within Range"
"COMPASS:Synoptic","CB","MSM_202207_TR_LYSA_10CM",2022,7,14,"MSM","TR","A",10,NA,NA,"",NA,NA,NA,NA,NA,NA,NA,NA,NA,0,0,"bdl",0.1505,10.7421,"Within_Range",0,0,"bdl",327.6731,10.2206,NA,2362.5675,66.6451,NA,4.2692,NA,NA,NA,NA,NA
"COMPASS:Synoptic","CB","MSM_202207_TR_LYSA_20CM",2022,7,14,"MSM","TR","A",20,NA,NA,"",NA,NA,NA,NA,NA,NA,NA,NA,NA,0,0,"bdl",1.5623,111.5362,"Within_Range",2e-04,0.0121,"bdl",432.8485,13.5012,NA,2931.0333,82.6808,NA,5.2964,NA,NA,NA,NA,NA
"COMPASS:Synoptic","CB","MSM_202207_TR_LYSA_45CM",2022,7,14,"MSM","TR","A",45,NA,NA,"",NA,NA,NA,NA,NA,NA,NA,NA,NA,0.005,0.3601,"bdl",0.8424,60.1434,"Within_Range",0.01,0.7108,"bdl",500.9737,15.6261,NA,3509.2634,98.9919,NA,6.3413,NA,NA,NA,NA,NA
"COMPASS:Synoptic","CB","MSM_202207_TR_LYSB_10CM",2022,7,14,"MSM","TR","B",10,NA,NA,"",NA,NA,NA,NA,NA,NA,NA,NA,NA,0,0,"bdl",0.2567,18.3246,"Within_Range",0.0832,5.9434,"Within_Range",414.8244,12.939,NA,3071.4164,86.6408,NA,5.5501,NA,NA,NA,NA,NA
"COMPASS:Synoptic","CB","MSM_202207_TR_LYSB_20CM",2022,7,14,"MSM","TR","B",20,NA,NA,"",NA,NA,NA,NA,NA,NA,NA,NA,NA,0.0015,0.1064,"bdl",0.6857,48.9586,"Within_Range",0.0645,4.6033,"Within_Range",249.469,7.7813,NA,2766.1286,78.029,NA,4.9984,NA,NA,NA,NA,NA
"COMPASS:Synoptic","CB","MSM_202207_TR_LYSB_45CM",2022,7,14,"MSM","TR","B",45,NA,NA,"",NA,NA,NA,NA,NA,NA,NA,NA,NA,0.0045,0.32,"bdl",1.6541,118.0926,"Within_Range",0.093,6.6367,"Within_Range",348.8308,10.8806,NA,3349.064,94.4729,NA,6.0518,NA,NA,NA,NA,NA
"COMPASS:Synoptic","CB","MSM_202207_TR_LYSC_10CM",2022,7,14,"MSM","TR","C",10,NA,NA,"",NA,NA,NA,NA,NA,NA,NA,NA,NA,0,0,"bdl",0.2906,20.7462,"Within_Range",0.0723,5.1647,"Within_Range",384.2227,11.9845,NA,3079.0178,86.8552,NA,5.5638,NA,NA,NA,NA,NA
"COMPASS:Synoptic","CB","MSM_202207_TR_LYSC_20CM",2022,7,14,"MSM","TR","C",20,NA,NA,"",NA,NA,NA,NA,NA,NA,NA,NA,NA,0.001,0.074,"bdl",1.5102,107.822,"Within_Range",0.0813,5.8032,"Within_Range",279.6787,8.7236,NA,3079.6877,86.8741,NA,5.565,NA,NA,NA,NA,NA
"COMPASS:Synoptic","CB","MSM_202207_TR_LYSC_45CM",2022,7,14,"MSM","TR","C",45,NA,NA,"",NA,NA,NA,NA,NA,NA,NA,NA,NA,0,0,"bdl",1.5213,108.6098,"Within_Range",0.1811,12.9311,"Within_Range",503.2238,15.6963,NA,3667.0027,103.4415,NA,6.6263,NA,NA,NA,NA,NA
"COMPASS:Synoptic","CB","MSM_202207_UP_LYSA_20CM",2022,7,14,"MSM","UP","A",20,NA,NA,"",NA,NA,NA,NA,NA,NA,NA,NA,NA,0.0013,0.0901,"bdl",1.7958,128.2067,"Within_Range",0,0,"bdl",184.9015,5.7674,NA,2012.9327,56.7823,NA,3.6374,0,0,0,"bdl","Within Range"
"COMPASS:Synoptic","CB","MSM_202207_UP_LYSA_45CM",2022,7,14,"MSM","UP","A",45,NA,NA,"",NA,NA,NA,NA,NA,NA,NA,NA,NA,1e-04,0.0047,"bdl",1.1487,82.0103,"Within_Range",0,0,"bdl",200.5974,6.2569,NA,2471.6349,69.7217,NA,4.4663,0,0,0,"bdl","Within Range"
"COMPASS:Synoptic","CB","MSM_202207_UP_LYSB_10CM",2022,7,14,"MSM","UP","B",10,NA,NA,"",NA,NA,NA,NA,NA,NA,NA,NA,NA,0.0011,0.0787,"bdl",0.0428,3.0527,"Within_Range",0,0,"bdl",119.0623,3.7137,NA,884.6905,24.956,NA,1.5987,0,0,0,"bdl","Within Range"
"COMPASS:Synoptic","CB","MSM_202207_UP_LYSB_20CM",2022,7,14,"MSM","UP","B",20,NA,NA,"",NA,NA,NA,NA,NA,NA,NA,NA,NA,0.0032,0.2281,"bdl",0.5888,42.0388,"Within_Range",0.0999,7.1302,"Within_Range",123.0181,3.8371,NA,1103.9664,31.1415,NA,1.9949,0,0,0,"bdl","Within Range"
"COMPASS:Synoptic","CB","MSM_202207_UP_LYSB_45CM",2022,7,14,"MSM","UP","B",45,NA,NA,"",NA,NA,NA,NA,NA,NA,NA,NA,NA,0.001,0.0717,"bdl",0.9115,65.0777,"Within_Range",0.1752,12.5072,"Within_Range",244.3392,7.6213,NA,2152.0769,60.7074,NA,3.8888,NA,NA,NA,NA,NA
"COMPASS:Synoptic","CB","MSM_202207_UP_LYSC_10CM",2022,7,14,"MSM","UP","C",10,NA,NA,"",NA,NA,NA,NA,NA,NA,NA,NA,NA,0.0025,0.1776,"bdl",0.5682,40.5636,"Within_Range",0.1222,8.721,"Within_Range",119.7154,3.7341,NA,1018.6301,28.7343,NA,1.8407,0,0,0,"bdl","Within Range"
"COMPASS:Synoptic","CB","MSM_202207_UP_LYSC_20CM",2022,7,14,"MSM","UP","C",20,NA,NA,"",NA,NA,NA,NA,NA,NA,NA,NA,NA,0,0,"bdl",1.7984,128.3923,"Within_Range",0.1555,11.1003,"Within_Range",166.3247,5.1879,NA,1670.7735,47.1304,NA,3.0191,0,0,0,"bdl","Within Range"
"COMPASS:Synoptic","CB","MSM_202207_UP_LYSC_45CM",2022,7,14,"MSM","UP","C",45,NA,NA,"",NA,NA,NA,NA,NA,NA,NA,NA,NA,0.0052,0.3743,"bdl",1.9389,138.43,"Within_Range",0.1597,11.404,"Within_Range",295.8905,9.2293,NA,2639.3236,74.452,NA,4.7693,NA,NA,NA,NA,NA
"COMPASS:Synoptic","CB","GCW_202208_SW_A",2022,8,15,"GCW","SW","A",0,NA,NA,"",18.19,1514.445091999,"",NA,NA,NA,NA,NA,NA,NA,NA,NA,2.5773,184.002,"Within_Range",0.6966,49.7346,"Within_Range",676.2962,21.0947,NA,5025.4214,141.7608,NA,9.081,0,0,0,"bdl","Within Range"
"COMPASS:Synoptic","CB","GCW_202208_SW_B",2022,8,15,"GCW","SW","B",0,NA,NA,"",18.03,1501.12396969445,"",NA,NA,NA,NA,NA,NA,NA,NA,NA,0.8859,63.2497,"Within_Range",0.2065,14.7423,"Within_Range",706.1613,22.0262,NA,5249.1061,148.0707,NA,9.4852,0,0,0,"bdl","Within Range"
"COMPASS:Synoptic","CB","GCW_202208_SW_C",2022,8,15,"GCW","SW","C",0,NA,NA,"",18,1498.62625926234,"",NA,NA,NA,NA,NA,NA,NA,NA,NA,0.5935,42.3704,"Within_Range",0,0,"bdl",649.4723,20.258,NA,4840.8344,136.5539,NA,8.7474,0,0,0,"bdl","Within Range"
"COMPASS:Synoptic","CB","GCW_202208_TR_LYSA_10CM",2022,8,15,"GCW","TR","A",10,NA,NA,"",NA,NA,NA,NA,NA,NA,NA,NA,NA,NA,NA,NA,0.3504,25.0183,"Within_Range",0.0206,1.473,"Within_Range",6.2806,0.1959,NA,3.7362,0.1054,NA,0.0068,0,0,0,"bdl","Within Range"
"COMPASS:Synoptic","CB","GCW_202208_TR_LYSA_20CM",2022,8,15,"GCW","TR","A",20,NA,NA,"",42.06,3501.79002580967,"",NA,NA,NA,NA,NA,NA,NA,NA,NA,0.3225,23.0265,"Within_Range",0.0213,1.5226,"Within_Range",11.2477,0.3508,NA,3.7475,0.1057,NA,0.0068,0,0,0,"bdl","Within Range"
"COMPASS:Synoptic","CB","GCW_202208_TR_LYSA_45CM",2022,8,15,"GCW","TR","A",45,NA,NA,"",NA,NA,NA,NA,NA,NA,NA,NA,NA,NA,NA,NA,0.0869,6.2037,"Within_Range",0.0173,1.2382,"Within_Range",16.6168,0.5183,NA,2.1285,0.06,NA,0.0039,0,0,0,"bdl","Within Range"
"COMPASS:Synoptic","CB","GCW_202208_TR_LYSB_20CM",2022,8,15,"GCW","TR","B",20,NA,NA,"",NA,NA,NA,NA,NA,NA,NA,NA,NA,NA,NA,NA,1.2074,86.199,"Within_Range",0.022,1.5692,"Within_Range",1.9019,0.0593,NA,6.6606,0.1879,NA,0.0121,0,0,0,"bdl","Within Range"
"COMPASS:Synoptic","CB","GCW_202208_TR_LYSB_45CM",2022,8,15,"GCW","TR","B",45,NA,NA,"",NA,NA,NA,NA,NA,NA,NA,NA,NA,NA,NA,NA,0.047,3.3578,"Within_Range",0.0142,1.0167,"Within_Range",2.7212,0.0849,NA,3.1153,0.0879,NA,0.0057,0,0,0,"bdl","Within Range"
"COMPASS:Synoptic","CB","GCW_202208_TR_LYSC_10CM",2022,8,15,"GCW","TR","C",10,NA,NA,"",NA,NA,NA,NA,NA,NA,NA,NA,NA,NA,NA,NA,0.1304,9.3082,"Within_Range",0.0317,2.2647,"Within_Range",5.3369,0.1665,NA,27.0484,0.763,NA,0.0489,0,0,0,"bdl","Within Range"
"COMPASS:Synoptic","CB","GCW_202208_TR_LYSC_20CM",2022,8,15,"GCW","TR","C",20,NA,NA,"",92.35,7688.78528015985,"",NA,NA,NA,NA,NA,NA,NA,NA,NA,0.5121,36.5576,"Within_Range",0.0233,1.662,"Within_Range",2.5114,0.0783,NA,35.9906,1.0152,NA,0.0651,0,0,0,"bdl","Within Range"
"COMPASS:Synoptic","CB","GCW_202208_TR_LYSC_45CM",2022,8,15,"GCW","TR","C",45,NA,NA,"",NA,NA,NA,NA,NA,NA,NA,NA,NA,NA,NA,NA,0.0595,4.2478,"Within_Range",0,0,"bdl",20.8843,0.6514,NA,4.861,0.1371,NA,0.0088,0,0,0,"bdl","Within Range"
"COMPASS:Synoptic","CB","GCW_202208_UP_LYSA_10CM",2022,8,15,"GCW","UP","A",10,NA,NA,"",NA,NA,NA,NA,NA,NA,NA,NA,NA,NA,NA,NA,0.067,4.7866,"Within_Range",0.0405,2.89,"Within_Range",NA,NA,NA,NA,NA,NA,NA,NA,NA,NA,NA,NA
"COMPASS:Synoptic","CB","GCW_202208_UP_LYSA_20CM",2022,8,15,"GCW","UP","A",20,NA,NA,"",NA,NA,NA,NA,NA,NA,NA,NA,NA,NA,NA,NA,NA,NA,NA,NA,NA,NA,2.4251,0.0756,NA,10.7228,0.3025,NA,0.0194,0,0,0,"bdl","Within Range"
"COMPASS:Synoptic","CB","GCW_202208_UP_LYSB_10CM",2022,8,15,"GCW","UP","B",10,NA,NA,"",NA,NA,NA,NA,NA,NA,NA,NA,NA,NA,NA,NA,0.0356,2.5412,"Within_Range",0.0081,0.5751,"Within_Range",2.1244,0.0663,NA,2.74,0.0773,NA,0.005,0,0,0,"bdl","Within Range"
"COMPASS:Synoptic","CB","GCW_202208_UP_LYSB_20CM",2022,8,15,"GCW","UP","B",20,NA,NA,"",4.962,413.121305469986,"",NA,NA,NA,NA,NA,NA,NA,NA,NA,0.0418,2.9813,"Within_Range",7e-04,0.0506,"bdl",2.8035,0.0874,NA,1.5278,0.0431,NA,0.0028,0,0,0,"bdl","Within Range"
"COMPASS:Synoptic","CB","GCW_202208_UP_LYSB_45CM",2022,8,15,"GCW","UP","B",45,NA,NA,"",NA,NA,NA,NA,NA,NA,NA,NA,NA,NA,NA,NA,NA,NA,NA,NA,NA,NA,6.1576,0.1921,NA,26.9899,0.7614,NA,0.0488,0,0,0,"bdl","Within Range"
"COMPASS:Synoptic","CB","GCW_202208_UP_LYSC_20CM",2022,8,15,"GCW","UP","C",20,NA,NA,"",NA,NA,NA,NA,NA,NA,NA,NA,NA,NA,NA,NA,NA,NA,NA,NA,NA,NA,3.0541,0.0953,NA,26.3339,0.7428,NA,0.0476,0,0,0,"bdl","Within Range"
"COMPASS:Synoptic","CB","GCW_202208_UP_LYSC_45CM",2022,8,15,"GCW","UP","C",45,NA,NA,"",NA,NA,NA,NA,NA,NA,NA,NA,NA,NA,NA,NA,NA,NA,NA,NA,NA,NA,6.0238,0.1879,NA,5.314,0.1499,NA,0.0096,0,0,0,"bdl","Within Range"
"COMPASS:Synoptic","CB","GCW_202208_WC_LYSA_10CM",2022,8,15,"GCW","WC","A",10,NA,NA,"",90.1,7501.45699775206,"",NA,NA,NA,NA,NA,NA,NA,NA,NA,0.0793,5.6607,"Within_Range",0.0645,4.6082,"Within_Range",726.8367,22.6711,NA,4848.3842,136.7668,NA,8.7611,80.6506,2.5428,3.1528,"Within Range","Within Range"
"COMPASS:Synoptic","CB","GCW_202208_WC_LYSA_20CM",2022,8,15,"GCW","WC","A",20,NA,NA,"",140.3,11680.9591208059,"",NA,NA,NA,NA,NA,NA,NA,NA,NA,0.0972,6.9388,"Within_Range",0.0753,5.3738,"Within_Range",521.7319,16.2736,NA,8833.1347,249.1716,NA,15.9615,136.9671,3.3389,2.4377,"adl","Within Range"
"COMPASS:Synoptic","CB","GCW_202208_WC_LYSA_45CM",2022,8,15,"GCW","WC","A",45,NA,NA,"",192.8,16051.9523769878,"",NA,NA,NA,NA,NA,NA,NA,NA,NA,0.1144,8.1642,"Within_Range",0.0682,4.8712,"Within_Range",25.4716,0.7945,NA,4759.3224,134.2545,NA,8.6001,159.5375,2.7035,1.6946,"adl","Within Range"
"COMPASS:Synoptic","CB","GWI_202208_SW_A",2022,8,18,"GWI","SW","A",0,NA,NA,"",21.12,1758.38814420115,"",NA,NA,NA,NA,NA,NA,0.0067,0.4756,"bdl",0.3825,27.3069,"Within_Range",0.021,1.5,"Within_Range",2659.6013,82.957,NA,14576.8593,411.1949,NA,26.3404,0,0,0,"bdl","Within Range"
"COMPASS:Synoptic","CB","GWI_202208_SW_B",2022,8,18,"GWI","SW","B",0,NA,NA,"",20.44,1701.77337440679,"",NA,NA,NA,NA,NA,NA,0.0048,0.3447,"bdl",0.3551,25.3515,"Within_Range",0.0149,1.0663,"Within_Range",1772.3515,55.2823,NA,12965.0314,365.7273,NA,23.4278,0,0,0,"bdl","Within Range"
"COMPASS:Synoptic","CB","GWI_202208_SW_C",2022,8,18,"GWI","SW","C",0,NA,NA,"",20.27,1687.61968195821,"",NA,NA,NA,NA,NA,NA,4e-04,0.027,"bdl",0.277,19.7786,"Within_Range",0,0,"bdl",1714.6325,53.482,NA,12548.6343,353.9812,NA,22.6754,0,0,0,"bdl","Within Range"
"COMPASS:Synoptic","CB","GWI_202208_TR_LYSA_10CM",2022,8,18,"GWI","TR","A",10,NA,NA,"",42.45,3534.26026142703,"",NA,NA,NA,NA,NA,NA,0,0,"bdl",0.2857,20.3975,"Within_Range",0.0403,2.8773,"Within_Range",778.0269,24.2678,NA,6604.1369,186.2944,NA,11.9337,23.0791,0.3919,1.698,"Within Range","Within Range"
"COMPASS:Synoptic","CB","GWI_202208_TR_LYSA_20CM",2022,8,18,"GWI","TR","A",20,NA,NA,"",80.66,6715.51078178337,"",NA,NA,NA,NA,NA,NA,0,0,"bdl",0.2552,18.2182,"Within_Range",0.0368,2.63,"Within_Range",533.0071,16.6253,NA,8009.3099,225.9326,NA,14.4728,10.3696,0.5012,4.8334,"Within Range","Within Range"
"COMPASS:Synoptic","CB","GWI_202208_TR_LYSA_45CM",2022,8,18,"GWI","TR","A",45,NA,NA,"",NA,NA,NA,NA,NA,NA,NA,NA,NA,NA,NA,NA,NA,NA,NA,NA,NA,NA,658.9266,20.5529,NA,7268.5465,205.0366,NA,13.1343,0,0,0,"bdl","Within Range"
"COMPASS:Synoptic","CB","GWI_202208_TR_LYSB_10CM",2022,8,18,"GWI","TR","B",10,NA,NA,"",25.67,2137.20755973691,"",NA,NA,NA,NA,NA,NA,0,0,"bdl",0.3591,25.6374,"Within_Range",0.0333,2.3782,"Within_Range",1023.1981,31.9151,NA,6852.2538,193.2935,NA,12.382,0,0,0,"bdl","Within Range"
"COMPASS:Synoptic","CB","GWI_202208_TR_LYSB_20CM",2022,8,18,"GWI","TR","B",20,NA,NA,"",67.63,5630.67188410624,"",NA,NA,NA,NA,NA,NA,0.0096,0.6855,"bdl",0.7239,51.6803,"Within_Range",0.0591,4.2213,"Within_Range",150.2146,4.6854,NA,7523.8989,212.2397,NA,13.5957,165.2947,1.5334,0.9277,"adl","Within Range"
"COMPASS:Synoptic","CB","GWI_202208_TR_LYSB_45CM",2022,8,18,"GWI","TR","B",45,NA,NA,"",62.54,5206.89368079261,"",NA,NA,NA,NA,NA,NA,0,0,"bdl",0.5301,37.8485,"Within_Range",0.0591,4.2199,"Within_Range",921.8022,28.7524,NA,8193.0316,231.1151,NA,14.8048,2.7897,0.1268,4.5445,"Within Range","Within Range"
"COMPASS:Synoptic","CB","GWI_202208_TR_LYSC_10CM",2022,8,18,"GWI","TR","C",10,NA,NA,"",NA,NA,NA,NA,NA,NA,NA,NA,NA,0.0019,0.1375,"bdl",0.1693,12.0874,"Within_Range",0.0551,3.9313,"Within_Range",861.6755,26.877,NA,5741.8935,161.9716,NA,10.3756,0,0,0,"bdl","Within Range"
"COMPASS:Synoptic","CB","GWI_202208_TR_LYSC_20CM",2022,8,18,"GWI","TR","C",20,NA,NA,"",37.87,3152.94313545916,"",NA,NA,NA,NA,NA,NA,0,0,"bdl",0.3124,22.3072,"Within_Range",0.045,3.2106,"Within_Range",741.0385,23.1141,NA,6654.258,187.7083,NA,12.0243,4.3136,0.1035,2.3997,"Within Range","Within Range"
"COMPASS:Synoptic","CB","GWI_202208_TR_LYSC_45CM",2022,8,18,"GWI","TR","C",45,NA,NA,"",NA,NA,NA,NA,NA,NA,NA,NA,NA,0,0,"bdl",0.8708,62.1737,"Within_Range",0,0,"bdl",1066.1956,33.2563,NA,7915.2705,223.2798,NA,14.3029,0,0,0,"bdl","Within Range"
"COMPASS:Synoptic","CB","GWI_202208_UP_LYSA_10CM",2022,8,18,"GWI","UP","A",10,NA,NA,"",NA,NA,NA,NA,NA,NA,NA,NA,NA,0,0,"bdl",0.0164,1.1679,"bdl",0.1216,8.6833,"Within_Range",486.9415,15.1884,NA,3506.9076,98.9255,NA,6.337,0,0,0,"bdl","Within Range"
"COMPASS:Synoptic","CB","GWI_202208_UP_LYSA_20CM",2022,8,18,"GWI","UP","A",20,NA,NA,"",17.43,1451.16976105237,"",NA,NA,NA,NA,NA,NA,0,0,"bdl",0.1186,8.4639,"Within_Range",0.0967,6.9046,"Within_Range",536.3795,16.7305,NA,4064.2796,114.6482,NA,7.3442,0,0,0,"bdl","Within Range"
"COMPASS:Synoptic","CB","GWI_202208_UP_LYSA_45CM",2022,8,18,"GWI","UP","A",45,NA,NA,"",23.82,1983.1820830905,"",NA,NA,NA,NA,NA,NA,0,0,"bdl",0.3265,23.3109,"Within_Range",0.1215,8.6736,"Within_Range",1185.7101,36.9841,NA,9581.8268,270.2913,NA,17.3144,0,0,0,"bdl","Within Range"
"COMPASS:Synoptic","CB","GWI_202208_UP_LYSB_10CM",2022,8,18,"GWI","UP","B",10,NA,NA,"",7.018,584.297727083507,"",NA,NA,NA,NA,NA,NA,0,0,"bdl",0.0395,2.8234,"Within_Range",0.1691,12.0722,"Within_Range",419.6273,13.0888,NA,3434.7029,96.8887,NA,6.2065,0.8772,0.0423,4.8172,"Within Range","Within Range"
"COMPASS:Synoptic","CB","GWI_202208_UP_LYSB_10CM",2022,8,18,"GWI","UP","B",10,NA,NA,"",7.018,584.297727083507,"",NA,NA,NA,NA,NA,NA,0,0,"bdl",0.0395,2.8234,"Within_Range",0.1691,12.0722,"Within_Range",419.6273,13.0888,NA,2259.7299,63.7441,NA,4.0834,0.8772,0.0423,4.8172,"Within Range","Within Range"
"COMPASS:Synoptic","CB","GWI_202208_UP_LYSB_10CM",2022,8,18,"GWI","UP","B",10,NA,NA,"",7.018,584.297727083507,"",NA,NA,NA,NA,NA,NA,0,0,"bdl",0.0395,2.8234,"Within_Range",0.1691,12.0722,"Within_Range",419.6273,13.0888,NA,3438.2963,96.99,NA,6.213,0.8772,0.0423,4.8172,"Within Range","Within Range"
"COMPASS:Synoptic","CB","GWI_202208_UP_LYSB_10CM",2022,8,18,"GWI","UP","B",10,NA,NA,"",7.018,584.297727083507,"",NA,NA,NA,NA,NA,NA,0,0,"bdl",0.0395,2.8234,"Within_Range",0.1691,12.0722,"Within_Range",419.6273,13.0888,NA,3434.2094,96.8747,NA,6.2056,0.8772,0.0423,4.8172,"Within Range","Within Range"
"COMPASS:Synoptic","CB","GWI_202208_UP_LYSB_10CM",2022,8,18,"GWI","UP","B",10,NA,NA,"",7.018,584.297727083507,"",NA,NA,NA,NA,NA,NA,0,0,"bdl",0.0395,2.8234,"Within_Range",0.1691,12.0722,"Within_Range",281.8372,8.7909,NA,3434.7029,96.8887,NA,6.2065,0.8772,0.0423,4.8172,"Within Range","Within Range"
"COMPASS:Synoptic","CB","GWI_202208_UP_LYSB_10CM",2022,8,18,"GWI","UP","B",10,NA,NA,"",7.018,584.297727083507,"",NA,NA,NA,NA,NA,NA,0,0,"bdl",0.0395,2.8234,"Within_Range",0.1691,12.0722,"Within_Range",281.8372,8.7909,NA,2259.7299,63.7441,NA,4.0834,0.8772,0.0423,4.8172,"Within Range","Within Range"
"COMPASS:Synoptic","CB","GWI_202208_UP_LYSB_10CM",2022,8,18,"GWI","UP","B",10,NA,NA,"",7.018,584.297727083507,"",NA,NA,NA,NA,NA,NA,0,0,"bdl",0.0395,2.8234,"Within_Range",0.1691,12.0722,"Within_Range",281.8372,8.7909,NA,3438.2963,96.99,NA,6.213,0.8772,0.0423,4.8172,"Within Range","Within Range"
"COMPASS:Synoptic","CB","GWI_202208_UP_LYSB_10CM",2022,8,18,"GWI","UP","B",10,NA,NA,"",7.018,584.297727083507,"",NA,NA,NA,NA,NA,NA,0,0,"bdl",0.0395,2.8234,"Within_Range",0.1691,12.0722,"Within_Range",281.8372,8.7909,NA,3434.2094,96.8747,NA,6.2056,0.8772,0.0423,4.8172,"Within Range","Within Range"
"COMPASS:Synoptic","CB","GWI_202208_UP_LYSB_10CM",2022,8,18,"GWI","UP","B",10,NA,NA,"",7.018,584.297727083507,"",NA,NA,NA,NA,NA,NA,0,0,"bdl",0.0395,2.8234,"Within_Range",0.1691,12.0722,"Within_Range",420.5175,13.1166,NA,3434.7029,96.8887,NA,6.2065,0.8772,0.0423,4.8172,"Within Range","Within Range"
"COMPASS:Synoptic","CB","GWI_202208_UP_LYSB_10CM",2022,8,18,"GWI","UP","B",10,NA,NA,"",7.018,584.297727083507,"",NA,NA,NA,NA,NA,NA,0,0,"bdl",0.0395,2.8234,"Within_Range",0.1691,12.0722,"Within_Range",420.5175,13.1166,NA,2259.7299,63.7441,NA,4.0834,0.8772,0.0423,4.8172,"Within Range","Within Range"
"COMPASS:Synoptic","CB","GWI_202208_UP_LYSB_10CM",2022,8,18,"GWI","UP","B",10,NA,NA,"",7.018,584.297727083507,"",NA,NA,NA,NA,NA,NA,0,0,"bdl",0.0395,2.8234,"Within_Range",0.1691,12.0722,"Within_Range",420.5175,13.1166,NA,3438.2963,96.99,NA,6.213,0.8772,0.0423,4.8172,"Within Range","Within Range"
"COMPASS:Synoptic","CB","GWI_202208_UP_LYSB_10CM",2022,8,18,"GWI","UP","B",10,NA,NA,"",7.018,584.297727083507,"",NA,NA,NA,NA,NA,NA,0,0,"bdl",0.0395,2.8234,"Within_Range",0.1691,12.0722,"Within_Range",420.5175,13.1166,NA,3434.2094,96.8747,NA,6.2056,0.8772,0.0423,4.8172,"Within Range","Within Range"
"COMPASS:Synoptic","CB","GWI_202208_UP_LYSB_10CM",2022,8,18,"GWI","UP","B",10,NA,NA,"",7.018,584.297727083507,"",NA,NA,NA,NA,NA,NA,0,0,"bdl",0.0395,2.8234,"Within_Range",0.1691,12.0722,"Within_Range",420.0492,13.102,NA,3434.7029,96.8887,NA,6.2065,0.8772,0.0423,4.8172,"Within Range","Within Range"
"COMPASS:Synoptic","CB","GWI_202208_UP_LYSB_10CM",2022,8,18,"GWI","UP","B",10,NA,NA,"",7.018,584.297727083507,"",NA,NA,NA,NA,NA,NA,0,0,"bdl",0.0395,2.8234,"Within_Range",0.1691,12.0722,"Within_Range",420.0492,13.102,NA,2259.7299,63.7441,NA,4.0834,0.8772,0.0423,4.8172,"Within Range","Within Range"
"COMPASS:Synoptic","CB","GWI_202208_UP_LYSB_10CM",2022,8,18,"GWI","UP","B",10,NA,NA,"",7.018,584.297727083507,"",NA,NA,NA,NA,NA,NA,0,0,"bdl",0.0395,2.8234,"Within_Range",0.1691,12.0722,"Within_Range",420.0492,13.102,NA,3438.2963,96.99,NA,6.213,0.8772,0.0423,4.8172,"Within Range","Within Range"
"COMPASS:Synoptic","CB","GWI_202208_UP_LYSB_10CM",2022,8,18,"GWI","UP","B",10,NA,NA,"",7.018,584.297727083507,"",NA,NA,NA,NA,NA,NA,0,0,"bdl",0.0395,2.8234,"Within_Range",0.1691,12.0722,"Within_Range",420.0492,13.102,NA,3434.2094,96.8747,NA,6.2056,0.8772,0.0423,4.8172,"Within Range","Within Range"
"COMPASS:Synoptic","CB","GWI_202208_UP_LYSB_20CM",2022,8,18,"GWI","UP","B",20,NA,NA,"",16.3,1357.08933477646,"",NA,NA,NA,NA,NA,NA,0,0,"bdl",0.3515,25.0985,"Within_Range",0.0633,4.5191,"Within_Range",421.24,13.1391,NA,3438.0829,96.984,NA,6.2126,0,0,0,"bdl","Within Range"
"COMPASS:Synoptic","CB","GWI_202208_UP_LYSB_45CM",2022,8,18,"GWI","UP","B",45,NA,NA,"",26.69,2222.12971442844,"",NA,NA,NA,NA,NA,NA,0.0259,1.8501,"Within_Range",0.1171,8.3579,"Within_Range",0.0561,4.0047,"Within_Range",545.7102,17.0215,NA,4284.8729,120.8709,NA,7.7428,0,0,0,"bdl","Within Range"
"COMPASS:Synoptic","CB","GWI_202208_UP_LYSC_10CM",2022,8,18,"GWI","UP","C",10,NA,NA,"",17.91,1491.13312796603,"",NA,NA,NA,NA,NA,NA,NA,NA,NA,0.3293,23.5113,"Within_Range",0.0788,5.6237,"Within_Range",618.2517,19.2842,NA,5109.2591,144.1258,NA,9.2325,0,0,0,"bdl","Within Range"
"COMPASS:Synoptic","CB","GWI_202208_UP_LYSC_20CM",2022,8,18,"GWI","UP","C",20,NA,NA,"",22.78,1896.5947881109,"",NA,NA,NA,NA,NA,NA,6e-04,0.0434,"bdl",0.3675,26.2354,"Within_Range",0,0,"bdl",535.7515,16.7109,NA,4748.0596,133.9368,NA,8.5798,0,0,0,"bdl","Within Range"
"COMPASS:Synoptic","CB","MSM_202208_SW_A",2022,8,31,"MSM","SW","A",0,NA,NA,"",21.15,1760.88585463325,"",NA,NA,NA,NA,NA,NA,0.0076,0.544,"bdl",0.2685,19.1703,"Within_Range",0.0053,0.38,"Within_Range",1023.1997,31.9151,NA,7614.686,214.8007,NA,13.7598,NA,NA,NA,NA,NA
"COMPASS:Synoptic","CB","MSM_202208_SW_B",2022,8,31,"MSM","SW","B",0,NA,NA,"",20.71,1724.25276829573,"",NA,NA,NA,NA,NA,NA,0.0052,0.3712,"bdl",0.1966,14.0384,"Within_Range",0.0031,0.2181,"Within_Range",1036.0978,32.3175,NA,7696.6153,217.1119,NA,13.9078,NA,NA,NA,NA,NA
"COMPASS:Synoptic","CB","MSM_202208_SW_C",2022,8,31,"MSM","SW","C",0,NA,NA,"",20.54,1710.09907584714,"",NA,NA,NA,NA,NA,NA,0.0027,0.1904,"bdl",0.6284,44.8625,"Within_Range",1.2569,89.7362,"Within_Range",502.3477,15.669,NA,3725.7517,105.0988,NA,6.7325,NA,NA,NA,NA,NA
"COMPASS:Synoptic","CB","MSM_202208_TR_LYSA_10CM",2022,8,31,"MSM","TR","A",10,NA,NA,"",18.3,1523.60336358338,"",NA,NA,NA,NA,NA,NA,0.0093,0.6655,"bdl",0.3297,23.5398,"Within_Range",0.0368,2.6277,"Within_Range",472.809,14.7476,NA,3629.7693,102.3912,NA,6.559,NA,NA,NA,NA,NA
"COMPASS:Synoptic","CB","MSM_202208_TR_LYSA_20CM",2022,8,31,"MSM","TR","A",20,NA,NA,"",42.4,3530.09741070685,"",NA,NA,NA,NA,NA,NA,0.0058,0.4124,"bdl",1.5802,112.8171,"Within_Range",0.0282,2.0112,"Within_Range",406.2132,12.6704,NA,2697.0533,76.0805,NA,4.8736,NA,NA,NA,NA,NA
"COMPASS:Synoptic","CB","MSM_202208_TR_LYSA_45CM",2022,8,31,"MSM","TR","A",45,NA,NA,"",NA,NA,NA,NA,NA,NA,NA,NA,NA,0.0041,0.2934,"bdl",2.0228,144.4156,"adl",0.7508,53.6021,"Within_Range",469.2068,14.6353,NA,3444.0709,97.1529,NA,6.2235,NA,NA,NA,NA,NA
"COMPASS:Synoptic","CB","MSM_202208_TR_LYSB_10CM",2022,8,31,"MSM","TR","B",10,NA,NA,"",27.29,2272.08392307052,"",NA,NA,NA,NA,NA,NA,0.0421,3.0025,"Within_Range",0.5652,40.352,"Within_Range",0.0321,2.291,"Within_Range",378.0426,11.7917,NA,2925.5982,82.5275,NA,5.2866,NA,NA,NA,NA,NA
"COMPASS:Synoptic","CB","MSM_202208_TR_LYSB_20CM",2022,8,31,"MSM","TR","B",20,NA,NA,"",57.36,4775.62234618267,"",NA,NA,NA,NA,NA,NA,0.0051,0.3651,"bdl",0.65,46.4056,"Within_Range",0.0156,1.1139,"Within_Range",169.541,5.2882,NA,2694.2745,76.0021,NA,4.8686,NA,NA,NA,NA,NA
"COMPASS:Synoptic","CB","MSM_202208_TR_LYSB_45CM",2022,8,31,"MSM","TR","B",45,NA,NA,"",74.84,6230.95495795521,"",NA,NA,NA,NA,NA,NA,0.0034,0.2414,"bdl",1.1173,79.7706,"Within_Range",0.0334,2.3854,"Within_Range",285.5842,8.9078,NA,3085.4377,87.0363,NA,5.5754,NA,NA,NA,NA,NA
"COMPASS:Synoptic","CB","MSM_202208_TR_LYSC_10CM",2022,8,31,"MSM","TR","C",10,NA,NA,"",17.09,1422.86237615519,"",NA,NA,NA,NA,NA,NA,0.042,2.9993,"Within_Range",0.2894,20.6597,"Within_Range",0.0197,1.4081,"Within_Range",401.9924,12.5388,NA,3133.7062,88.3979,NA,5.6626,NA,NA,NA,NA,NA
"COMPASS:Synoptic","CB","MSM_202208_TR_LYSC_20CM",2022,8,31,"MSM","TR","C",20,NA,NA,"",39.06,3252.01898259928,"",NA,NA,NA,NA,NA,NA,0.0062,0.4408,"bdl",1.2274,87.6303,"Within_Range",0.0211,1.5082,"Within_Range",281.1557,8.7697,NA,2884.2085,81.3599,NA,5.2118,NA,NA,NA,NA,NA
"COMPASS:Synoptic","CB","MSM_202208_TR_LYSC_45CM",2022,8,31,"MSM","TR","C",45,NA,NA,"",26.4,2197.98518025144,"",NA,NA,NA,NA,NA,NA,0.003,0.2122,"bdl",1.1606,82.8602,"Within_Range",0.0394,2.8127,"Within_Range",500.6626,15.6164,NA,3680.3177,103.8171,NA,6.6504,NA,NA,NA,NA,NA
"COMPASS:Synoptic","CB","MSM_202208_UP_LYSA_20CM",2022,8,31,"MSM","UP","A",20,NA,NA,"",30.74,2559.32062276247,"",NA,NA,NA,NA,NA,NA,0.0049,0.3478,"bdl",1.7519,125.0788,"Within_Range",0.0408,2.9147,"Within_Range",157.5194,4.9133,NA,1860.3225,52.4774,NA,3.3616,0,0,0,"bdl","Within Range"
"COMPASS:Synoptic","CB","MSM_202208_UP_LYSA_45CM",2022,8,31,"MSM","UP","A",45,NA,NA,"",NA,NA,NA,NA,NA,NA,NA,NA,NA,0.004,0.2879,"bdl",0.9706,69.2924,"Within_Range",0.0449,3.2045,"Within_Range",185.4838,5.7855,NA,2505.1425,70.6669,NA,4.5268,NA,NA,NA,NA,NA
"COMPASS:Synoptic","CB","MSM_202208_UP_LYSB_10CM",2022,8,31,"MSM","UP","B",10,NA,NA,"",25.3,2106.40246440763,"",NA,NA,NA,NA,NA,NA,0.0045,0.3221,"bdl",0.067,4.785,"Within_Range",0.0231,1.6462,"Within_Range",106.3955,3.3186,NA,724.1041,20.4261,NA,1.3085,NA,NA,NA,NA,NA
"COMPASS:Synoptic","CB","MSM_202208_UP_LYSB_20CM",2022,8,31,"MSM","UP","B",20,NA,NA,"",26.92,2241.27882774124,"",NA,NA,NA,NA,NA,NA,0.0042,0.2987,"bdl",0.2893,20.6535,"Within_Range",0.0169,1.2066,"Within_Range",100.6902,3.1407,NA,794.4473,22.4104,NA,1.4356,NA,NA,NA,NA,NA
"COMPASS:Synoptic","CB","MSM_202208_UP_LYSB_45CM",2022,8,31,"MSM","UP","B",45,NA,NA,"",NA,NA,NA,NA,NA,NA,NA,NA,NA,0.0031,0.2214,"bdl",0.4958,35.3988,"Within_Range",0.0604,4.3151,"Within_Range",226.6307,7.069,NA,2036.4254,57.445,NA,3.6798,NA,NA,NA,NA,NA
"COMPASS:Synoptic","CB","MSM_202208_UP_LYSC_10CM",2022,8,31,"MSM","UP","C",10,NA,NA,"",32.42,2699.19240696029,"",NA,NA,NA,NA,NA,NA,0.0041,0.2949,"bdl",0.5662,40.4241,"Within_Range",0.0251,1.7902,"Within_Range",86.0538,2.6841,NA,906.846,25.581,NA,1.6387,NA,NA,NA,NA,NA
"COMPASS:Synoptic","CB","MSM_202208_UP_LYSC_20CM",2022,8,31,"MSM","UP","C",20,NA,NA,"",38.29,3187.91108150862,"",NA,NA,NA,NA,NA,NA,0.0035,0.249,"bdl",1.4219,101.5124,"Within_Range",0.0403,2.8798,"Within_Range",126.311,3.9398,NA,1431.205,40.3725,NA,2.5862,NA,NA,NA,NA,NA
"COMPASS:Synoptic","CB","MSM_202208_UP_LYSC_45CM",2022,8,31,"MSM","UP","C",45,NA,NA,"",NA,NA,NA,NA,NA,NA,NA,NA,NA,NA,NA,NA,NA,NA,NA,NA,NA,NA,9.8873,0.3084,NA,2.0883,0.0589,NA,0.0038,NA,NA,NA,NA,NA
"COMPASS:Synoptic","CB","MSM_202209_SW_A",2022,9,18,"MSM","SW","A",0,NA,NA,"",18.83,1567.72958121722,NA,NA,NA,NA,NA,NA,NA,0.0017,0.1227,"bdl",0.182,12.993,"Within_Range",0.004,0.2862,"Within_Range",2421.399,75.5271,NA,18122.6203,511.2164,NA,32.7476,0,0,0,"bdl","Within Range"
"COMPASS:Synoptic","CB","MSM_202209_SW_B",2022,9,18,"MSM","SW","B",0,NA,NA,"",18.63,1551.07817833653,NA,NA,NA,NA,NA,NA,NA,0.0059,0.4197,"bdl",0.1866,13.3218,"Within_Range",0.005,0.3595,"Within_Range",2568.7298,80.1226,NA,19169.2282,540.7399,NA,34.6388,0,0,0,"bdl","Within Range"
"COMPASS:Synoptic","CB","MSM_202209_SW_C",2022,9,18,"MSM","SW","C",0,NA,NA,"",18.65,1552.74331862459,NA,NA,NA,NA,NA,NA,NA,0,0,"bdl",0.0485,3.466,"Within_Range",0.0021,0.1491,"bdl",2561.9768,79.9119,NA,19079.5703,538.2107,NA,34.4768,0,0,0,"bdl","Within Range"
"COMPASS:Synoptic","CB","MSM_202209_TR_LYSA_10CM",2022,9,18,"MSM","TR","A",10,NA,NA,"",62.6,5211.88910165682,NA,NA,NA,NA,NA,NA,NA,0,0,"bdl",0.4719,33.6928,"Within_Range",0.0363,2.5908,"Within_Range",477.6392,14.8983,NA,5716.5885,161.2578,NA,10.3299,4.2768,0.0808,1.8889,"Within Range","Within Range"
"COMPASS:Synoptic","CB","MSM_202209_TR_LYSA_20CM",2022,9,18,"MSM","TR","A",20,NA,NA,"",39.6,3296.97777037715,NA,NA,NA,NA,NA,NA,NA,3e-04,0.0249,"bdl",1.0493,74.9106,"Within_Range",0.0236,1.682,"Within_Range",505.359,15.7629,NA,3550.8813,100.1659,NA,6.4165,1.8281,0.0404,2.2096,"Within Range","Within Range"
"COMPASS:Synoptic","CB","MSM_202209_TR_LYSA_45CM",2022,9,18,"MSM","TR","A",45,NA,NA,"",NA,NA,NA,NA,NA,NA,NA,NA,NA,2e-04,0.0129,"bdl",0.661,47.1903,"Within_Range",0.0757,5.4056,"Within_Range",505.958,15.7816,NA,4102.3381,115.7218,NA,7.413,0,0,0,"bdl","Within Range"
"COMPASS:Synoptic","CB","MSM_202209_TR_LYSB_10CM",2022,9,18,"MSM","TR","B",10,NA,NA,"",42.04,3500.12488552161,NA,NA,NA,NA,NA,NA,NA,0,0,"bdl",0.5621,40.1292,"Within_Range",0.0132,0.9438,"Within_Range",554.2428,17.2877,NA,5302.4598,149.5757,NA,9.5816,5.4662,0.1616,2.9559,"Within Range","Within Range"
"COMPASS:Synoptic","CB","MSM_202209_TR_LYSB_20CM",2022,9,18,"MSM","TR","B",20,NA,NA,"",42.05,3500.95745566564,NA,NA,NA,NA,NA,NA,NA,0.0037,0.2658,"bdl",1.3292,94.8943,"Within_Range",0.018,1.285,"Within_Range",401.4114,12.5206,NA,4386.958,123.7506,NA,7.9273,23.4234,0.5867,2.505,"Within Range","Within Range"
"COMPASS:Synoptic","CB","MSM_202209_TR_LYSC_10CM",2022,9,18,"MSM","TR","C",10,NA,NA,"",49.45,4117.05936225127,NA,NA,NA,NA,NA,NA,NA,0,0,"bdl",0.5296,37.8118,"Within_Range",0.0188,1.34,"Within_Range",528.2071,16.4756,NA,5217.3394,147.1746,NA,9.4278,0.7787,0.0404,5.1875,"Within Range","Within Range"
"COMPASS:Synoptic","CB","MSM_202209_TR_LYSC_20CM",2022,9,18,"MSM","TR","C",20,NA,NA,"",51.11,4255.26600616102,NA,NA,NA,NA,NA,NA,NA,2e-04,0.0161,"bdl",0.7222,51.5622,"Within_Range",0.0156,1.1168,"Within_Range",282.8731,8.8232,NA,4018.9656,113.37,NA,7.2623,20.415,0.3306,1.6196,"Within Range","Within Range"
"COMPASS:Synoptic","CB","MSM_202209_TR_LYSC_45CM",2022,9,18,"MSM","TR","C",45,NA,NA,"",69.57,5792.19049204895,NA,NA,NA,NA,NA,NA,NA,0.0072,0.516,"bdl",0.4411,31.4907,"Within_Range",0.0048,0.3396,"bdl",349.7409,10.9089,NA,4020.9585,113.4262,NA,7.2659,7.0287,0.3206,4.5615,"Within Range","Within Range"
"COMPASS:Synoptic","CB","MSM_202209_UP_LYSA_20CM",2022,9,18,"MSM","UP","A",20,NA,NA,"",21.77,1812.5052035634,NA,NA,NA,NA,NA,NA,NA,0.0052,0.3697,"bdl",1.3903,99.2629,"Within_Range",0.016,1.1392,"Within_Range",185.4786,5.7854,NA,2155.4837,60.8035,NA,3.895,3.4956,0.3463,9.9068,"Within Range","Within Range"
"COMPASS:Synoptic","CB","MSM_202209_UP_LYSA_45CM",2022,9,18,"MSM","UP","A",45,NA,NA,"",NA,NA,NA,NA,NA,NA,NA,NA,NA,0.0044,0.3177,"bdl",0.681,48.6217,"Within_Range",0.0423,3.0167,"Within_Range",219.3885,6.8431,NA,2904.6761,81.9373,NA,5.2488,0.3122,0.0989,31.6881,"Within Range","High CV"
"COMPASS:Synoptic","CB","MSM_202209_UP_LYSB_10CM",2022,9,18,"MSM","UP","B",10,NA,NA,"",19.17,1596.0369661144,NA,NA,NA,NA,NA,NA,NA,0,0,"bdl",0.0299,2.1338,"Within_Range",0.0116,0.8262,"Within_Range",111.5232,3.4786,NA,787.0968,22.203,NA,1.4223,0.2773,0.0495,17.8431,"Within Range","High CV"
"COMPASS:Synoptic","CB","MSM_202209_UP_LYSB_20CM",2022,9,18,"MSM","UP","B",20,NA,NA,"",NA,NA,NA,NA,NA,NA,NA,NA,NA,0,0,"bdl",0.1945,13.8837,"Within_Range",0.0091,0.6525,"Within_Range",100.0613,3.1211,NA,940.4314,26.5284,NA,1.6994,0.767,0.0495,6.45,"Within Range","Within Range"
"COMPASS:Synoptic","CB","MSM_202209_UP_LYSB_45CM",2022,9,18,"MSM","UP","B",45,NA,NA,"",NA,NA,NA,NA,NA,NA,NA,NA,NA,0.0202,1.4403,"bdl",0.3954,28.232,"Within_Range",0.0393,2.8055,"Within_Range",260.305,8.1193,NA,2391.3201,67.4561,NA,4.3211,0.2073,0.0495,23.8652,"Within Range","High CV"
"COMPASS:Synoptic","CB","MSM_202209_UP_LYSC_10CM",2022,9,18,"MSM","UP","C",10,NA,NA,"",21.61,1799.18408125885,NA,NA,NA,NA,NA,NA,NA,0,0,"bdl",0.3755,26.8071,"Within_Range",0.0042,0.299,"bdl",103.6062,3.2316,NA,1078.225,30.4154,NA,1.9484,0.8253,0.0808,9.7887,"Within Range","Within Range"
"COMPASS:Synoptic","CB","MSM_202209_UP_LYSC_20CM",2022,9,18,"MSM","UP","C",20,NA,NA,"",34.39,2863.20872533511,NA,NA,NA,NA,NA,NA,NA,5e-04,0.0376,"bdl",1.107,79.0304,"Within_Range",0.0391,2.7889,"Within_Range",146.242,4.5615,NA,1725.1963,48.6656,NA,3.1175,7.2386,0.4947,6.8344,"Within Range","Within Range"
"COMPASS:Synoptic","CB","MSM_202209_UP_LYSC_45CM",2022,9,18,"MSM","UP","C",45,NA,NA,"",NA,NA,NA,NA,NA,NA,NA,NA,NA,4e-04,0.0296,"bdl",0.351,25.0599,"Within_Range",0.0272,1.9454,"Within_Range",379.776,11.8458,NA,3051.8994,86.0903,NA,5.5148,0,0,0,"bdl","Within Range"
"COMPASS:Synoptic","CB","MSM_202209_WC_LYSA_10CM",2022,9,18,"MSM","WC","A",10,NA,NA,"",NA,NA,NA,NA,NA,NA,NA,NA,NA,NA,NA,NA,0.2403,17.1556,"Within_Range",0.0376,2.6832,"Within_Range",NA,NA,NA,NA,NA,NA,NA,153.2519,7.2228,4.713,"adl","Within Range"
"COMPASS:Synoptic","CB","MSM_202209_WC_LYSA_20CM",2022,9,18,"MSM","WC","A",20,NA,NA,"",NA,NA,NA,NA,NA,NA,NA,NA,NA,NA,NA,NA,0.5327,38.0312,"Within_Range",0.0512,3.6585,"Within_Range",NA,NA,NA,NA,NA,NA,NA,172.1886,2.0426,1.1862,"adl","Within Range"
"COMPASS:Synoptic","CB","MSM_202209_WC_LYSA_45CM",2022,9,18,"MSM","WC","A",45,NA,NA,"",NA,NA,NA,NA,NA,NA,NA,NA,NA,NA,NA,NA,0.0897,6.4034,"Within_Range",0.0104,0.7457,"Within_Range",NA,NA,NA,NA,NA,NA,NA,0.6621,0,0,"Within Range","Within Range"
"COMPASS:Synoptic","CB","MSM_202209_WC_LYSB_10CM",2022,9,18,"MSM","WC","B",10,NA,NA,"",NA,NA,NA,NA,NA,NA,NA,NA,NA,NA,NA,NA,0.3475,24.8083,"Within_Range",0.0737,5.2624,"Within_Range",NA,NA,NA,NA,NA,NA,NA,170.7194,3.0898,1.8098,"adl","Within Range"
"COMPASS:Synoptic","CB","MSM_202209_WC_LYSB_20CM",2022,9,18,"MSM","WC","B",20,NA,NA,"",NA,NA,NA,NA,NA,NA,NA,NA,NA,NA,NA,NA,0.6333,45.2161,"Within_Range",0.077,5.4972,"Within_Range",NA,NA,NA,NA,NA,NA,NA,177.1327,2.3512,1.3273,"adl","Within Range"
"COMPASS:Synoptic","CB","MSM_202209_WC_LYSB_45CM",2022,9,18,"MSM","WC","B",45,NA,NA,"",NA,NA,NA,NA,NA,NA,NA,NA,NA,NA,NA,NA,0.2147,15.3251,"Within_Range",0.03,2.1429,"Within_Range",NA,NA,NA,NA,NA,NA,NA,1.1518,0.07,6.0743,"Within Range","Within Range"
"COMPASS:Synoptic","CB","MSM_202209_WC_LYSC_10CM",2022,9,18,"MSM","WC","C",10,NA,NA,"",NA,NA,NA,NA,NA,NA,NA,NA,NA,NA,NA,NA,0.9053,64.6334,"Within_Range",0.0503,3.5881,"Within_Range",NA,NA,NA,NA,NA,NA,NA,166.7782,6.4299,3.8554,"adl","Within Range"
"COMPASS:Synoptic","CB","MSM_202209_WC_LYSC_20CM",2022,9,18,"MSM","WC","C",20,NA,NA,"",NA,NA,NA,NA,NA,NA,NA,NA,NA,NA,NA,NA,2.0012,142.8753,"adl",0.092,6.5699,"Within_Range",NA,NA,NA,NA,NA,NA,NA,173.448,3.0707,1.7704,"adl","Within Range"
"COMPASS:Synoptic","CB","MSM_202209_WC_LYSC_45CM",2022,9,18,"MSM","WC","C",45,NA,NA,"",NA,NA,NA,NA,NA,NA,NA,NA,NA,NA,NA,NA,0.0147,1.0509,"bdl",0.0044,0.3126,"bdl",NA,NA,NA,NA,NA,NA,NA,0.4172,0.0495,11.8584,"Within Range","High CV"
"COMPASS:Synoptic","CB","GCW_202209_SW_A",2022,9,19,"GCW","SW","A",0,NA,NA,"",24.02,1999.83348597119,NA,NA,NA,NA,NA,NA,NA,0.0184,1.3171,"bdl",0.2676,19.1084,"Within_Range",0.0653,4.6648,"Within_Range",1082.1631,33.7543,NA,8075.8847,227.8106,NA,14.5931,NA,NA,NA,NA,NA
"COMPASS:Synoptic","CB","GCW_202209_SW_B",2022,9,19,"GCW","SW","B",0,NA,NA,"",23.73,1975.68895179419,NA,NA,NA,NA,NA,NA,NA,0.0049,0.3532,"bdl",0.1745,12.4605,"Within_Range",0.0606,4.3242,"Within_Range",1050.2681,32.7595,NA,7850.4868,221.4524,NA,14.1859,NA,NA,NA,NA,NA
"COMPASS:Synoptic","CB","GCW_202209_SW_C",2022,9,19,"GCW","SW","C",0,NA,NA,"",23.51,1957.37240862543,NA,NA,NA,NA,NA,NA,NA,0.009,0.645,"bdl",0.095,6.7843,"Within_Range",0.0386,2.7582,"Within_Range",1062.9607,33.1554,NA,7955.1625,224.4051,NA,14.375,NA,NA,NA,NA,NA
"COMPASS:Synoptic","CB","GCW_202209_TR_LYSA_20CM",2022,9,19,"GCW","TR","A",20,NA,NA,"",49.12,4089.58454749813,NA,NA,NA,NA,NA,NA,NA,NA,NA,NA,0.2889,20.6231,"Within_Range",0.0077,0.5491,"Within_Range",10.4618,0.3263,NA,4.9391,0.1393,NA,0.009,0.9186,0.0808,8.7946,"Within Range","Within Range"
"COMPASS:Synoptic","CB","GCW_202209_TR_LYSA_45CM",2022,9,19,"GCW","TR","A",45,NA,NA,"",42.17,3510.94829739406,NA,NA,NA,NA,NA,NA,NA,NA,NA,NA,0.1101,7.8637,"Within_Range",0.0083,0.5938,"Within_Range",20.1818,0.6295,NA,4.8398,0.1365,NA,0.0088,0.0162,0.0229,141.4214,"Within Range","High CV"
"COMPASS:Synoptic","CB","GCW_202209_TR_LYSB_10CM",2022,9,19,"GCW","TR","B",10,NA,NA,"",8.935,743.901423694946,NA,NA,NA,NA,NA,NA,NA,0.0061,0.4384,"bdl",0.4546,32.4565,"Within_Range",0.0077,0.5497,"Within_Range",87.6693,2.7345,NA,856.2971,24.1551,NA,1.5474,0,0,0,"bdl","Within Range"
"COMPASS:Synoptic","CB","GCW_202209_TR_LYSB_20CM",2022,9,19,"GCW","TR","B",20,NA,NA,"",79.29,6601.44867205062,NA,NA,NA,NA,NA,NA,NA,NA,NA,NA,1.5155,108.2,"Within_Range",0.0099,0.7039,"Within_Range",5.8173,0.1815,NA,84.9773,2.3971,NA,0.1536,0.2423,0,0,"Within Range","Within Range"
"COMPASS:Synoptic","CB","GCW_202209_TR_LYSB_45CM",2022,9,19,"GCW","TR","B",45,NA,NA,"",78.38,6525.68478894347,NA,NA,NA,NA,NA,NA,NA,NA,NA,NA,0.0672,4.798,"Within_Range",0.0123,0.8763,"Within_Range",3.8628,0.1205,NA,45.7117,1.2895,NA,0.0826,NA,NA,NA,NA,NA
"COMPASS:Synoptic","CB","GCW_202209_TR_LYSC_10CM",2022,9,19,"GCW","TR","C",10,NA,NA,"",NA,NA,NA,NA,NA,NA,NA,NA,NA,NA,NA,NA,0.0615,4.3927,"Within_Range",0.0193,1.3758,"Within_Range",27.2237,0.8491,NA,41.778,1.1785,NA,0.0755,NA,NA,NA,NA,NA
"COMPASS:Synoptic","CB","GCW_202209_TR_LYSC_20CM",2022,9,19,"GCW","TR","C",20,NA,NA,"",72.7,6052.7849471318,NA,NA,NA,NA,NA,NA,NA,NA,NA,NA,0.4484,32.0108,"Within_Range",0.0388,2.7731,"Within_Range",3.0774,0.096,NA,38.8503,1.0959,NA,0.0702,NA,NA,NA,NA,NA
"COMPASS:Synoptic","CB","GCW_202209_TR_LYSC_45CM",2022,9,19,"GCW","TR","C",45,NA,NA,"",38.84,3233.70243943052,NA,NA,NA,NA,NA,NA,NA,NA,NA,NA,0.0672,4.7975,"Within_Range",0.0048,0.3453,"bdl",24.2209,0.7555,NA,37.0775,1.0459,NA,0.067,NA,NA,NA,NA,NA
"COMPASS:Synoptic","CB","GCW_202209_UP_LYSA_10CM",2022,9,19,"GCW","UP","A",10,NA,NA,"",NA,NA,NA,NA,NA,NA,NA,NA,NA,NA,NA,NA,0.0203,1.4474,"Within_Range",0.0301,2.1493,"Within_Range",NA,NA,NA,NA,NA,NA,NA,NA,NA,NA,NA,NA
"COMPASS:Synoptic","CB","GCW_202209_UP_LYSA_20CM",2022,9,19,"GCW","UP","A",20,NA,NA,"",NA,NA,NA,NA,NA,NA,NA,NA,NA,NA,NA,NA,NA,NA,NA,NA,NA,NA,6.3756,0.1989,NA,2.7097,0.0764,NA,0.0049,0,0,0,"bdl","Within Range"
"COMPASS:Synoptic","CB","GCW_202209_WC_LYSA_10CM",2022,9,19,"GCW","WC","A",10,NA,NA,"",NA,NA,NA,NA,NA,NA,NA,NA,NA,NA,NA,NA,0.4695,33.5222,"Within_Range",0.1469,10.488,"Within_Range",NA,NA,NA,NA,NA,NA,NA,NA,NA,NA,NA,NA
"COMPASS:Synoptic","CB","GCW_202209_WC_LYSA_20CM",2022,9,19,"GCW","WC","A",20,NA,NA,"",NA,NA,NA,NA,NA,NA,NA,NA,NA,NA,NA,NA,0.6527,46.5981,"Within_Range",0.1172,8.3653,"Within_Range",NA,NA,NA,NA,NA,NA,NA,NA,NA,NA,NA,NA
"COMPASS:Synoptic","CB","GCW_202209_WC_LYSA_45CM",2022,9,19,"GCW","WC","A",45,NA,NA,"",NA,NA,NA,NA,NA,NA,NA,NA,NA,NA,NA,NA,1.9305,137.8253,"Within_Range",0.5406,38.5923,"Within_Range",NA,NA,NA,NA,NA,NA,NA,NA,NA,NA,NA,NA
"COMPASS:Synoptic","CB","GCW_202209_WC_LYSB_10CM",2022,9,19,"GCW","WC","B",10,NA,NA,"",NA,NA,NA,NA,NA,NA,NA,NA,NA,NA,NA,NA,0.6431,45.9134,"Within_Range",0.2131,15.2114,"Within_Range",NA,NA,NA,NA,NA,NA,NA,NA,NA,NA,NA,NA
"COMPASS:Synoptic","CB","GCW_202209_WC_LYSB_20CM",2022,9,19,"GCW","WC","B",20,NA,NA,"",NA,NA,NA,NA,NA,NA,NA,NA,NA,NA,NA,NA,1.1314,80.7788,"Within_Range",0.1584,11.3113,"Within_Range",NA,NA,NA,NA,NA,NA,NA,NA,NA,NA,NA,NA
"COMPASS:Synoptic","CB","GCW_202209_WC_LYSB_45CM",2022,9,19,"GCW","WC","B",45,NA,NA,"",NA,NA,NA,NA,NA,NA,NA,NA,NA,NA,NA,NA,2.9479,210.4641,"Within_Range",0.5808,41.4642,"Within_Range",NA,NA,NA,NA,NA,NA,NA,NA,NA,NA,NA,NA
"COMPASS:Synoptic","CB","GCW_202209_WC_LYSC_10CM",2022,9,19,"GCW","WC","C",10,NA,NA,"",NA,NA,NA,NA,NA,NA,NA,NA,NA,NA,NA,NA,0.2808,20.0454,"Within_Range",0.0873,6.2321,"Within_Range",NA,NA,NA,NA,NA,NA,NA,NA,NA,NA,NA,NA
"COMPASS:Synoptic","CB","GCW_202209_WC_LYSC_20CM",2022,9,19,"GCW","WC","C",20,NA,NA,"",NA,NA,NA,NA,NA,NA,NA,NA,NA,NA,NA,NA,0.2009,14.3461,"Within_Range",0.0606,4.3271,"Within_Range",NA,NA,NA,NA,NA,NA,NA,NA,NA,NA,NA,NA
"COMPASS:Synoptic","CB","GCW_202209_WC_LYSC_45CM",2022,9,19,"GCW","WC","C",45,NA,NA,"",NA,NA,NA,NA,NA,NA,NA,NA,NA,NA,NA,NA,1.0078,71.9512,"Within_Range",0.1932,13.7939,"Within_Range",NA,NA,NA,NA,NA,NA,NA,NA,NA,NA,NA,NA
"COMPASS:Synoptic","CB","GWI_202209_SW_A",2022,9,22,"GWI","SW","A",0,NA,NA,"",19.7,1640.16318374823,"",NA,NA,NA,NA,NA,NA,0.0121,0.8672,"bdl",0.3867,27.6104,"Within_Range",0.024,1.7131,"Within_Range",1915.1562,59.7366,NA,14113.3028,398.1186,NA,25.5028,0,0,0,"bdl","Within Range"
"COMPASS:Synoptic","CB","GWI_202209_SW_B",2022,9,22,"GWI","SW","B",0,NA,NA,"",19.12,1591.87411539422,"",NA,NA,NA,NA,NA,NA,0.0053,0.3808,"bdl",0.3426,24.4605,"Within_Range",0.026,1.859,"Within_Range",1900.3468,59.2747,NA,13984.4804,394.4846,NA,25.27,0,0,0,"bdl","Within Range"
"COMPASS:Synoptic","CB","GWI_202209_SW_C",2022,9,22,"GWI","SW","C",0,NA,NA,"",18.89,1572.72500208143,"",NA,NA,NA,NA,NA,NA,0.0053,0.3773,"bdl",0.3519,25.1257,"Within_Range",0.0248,1.7732,"Within_Range",1992.7458,62.1568,NA,14697.3038,414.5925,NA,26.5581,0,0,0,"bdl","Within Range"
"COMPASS:Synoptic","CB","GWI_202209_TR_LYSA_10CM",2022,9,22,"GWI","TR","A",10,NA,NA,"",37.19,3096.32836566481,"",NA,NA,NA,NA,NA,NA,0.0019,0.1373,"bdl",0.2904,20.7354,"Within_Range",0.0179,1.2788,"Within_Range",1157.2521,36.0964,NA,9359.8905,264.0308,NA,16.9133,4.4168,0.0808,1.8291,"Within Range","Within Range"
"COMPASS:Synoptic","CB","GWI_202209_TR_LYSA_20CM",2022,9,22,"GWI","TR","A",20,NA,NA,"",53.34,4440.92914828074,"",NA,NA,NA,NA,NA,NA,0.0029,0.2096,"bdl",0.2407,17.1843,"Within_Range",0.034,2.4257,"Within_Range",608.0759,18.9668,NA,9328.8425,263.1549,NA,16.8572,1.385,0.0404,2.9165,"Within Range","Within Range"
"COMPASS:Synoptic","CB","GWI_202209_TR_LYSA_45CM",2022,9,22,"GWI","TR","A",45,NA,NA,"",NA,NA,NA,NA,NA,NA,NA,NA,NA,NA,NA,NA,NA,NA,NA,NA,NA,NA,689.8972,21.5189,NA,8687.1963,245.0549,NA,15.6978,0,0,0,"bdl","Within Range"
"COMPASS:Synoptic","CB","GWI_202209_TR_LYSB_10CM",2022,9,22,"GWI","TR","B",10,NA,NA,"",18.61,1549.41303804846,"",NA,NA,NA,NA,NA,NA,0,0,"bdl",0.3711,26.4964,"Within_Range",0.013,0.9282,"Within_Range",1698.7295,52.9859,NA,12719.2675,358.7946,NA,22.9837,0,0,0,"bdl","Within Range"
"COMPASS:Synoptic","CB","GWI_202209_TR_LYSB_20CM",2022,9,22,"GWI","TR","B",20,NA,NA,"",57.6,4795.6040296395,"",NA,NA,NA,NA,NA,NA,0.0063,0.4475,"bdl",0.9412,67.1981,"Within_Range",0.0207,1.4744,"Within_Range",234.6447,7.3189,NA,9633.9934,271.7629,NA,17.4087,147.1418,5.2758,3.5855,"adl","Within Range"
"COMPASS:Synoptic","CB","GWI_202209_TR_LYSB_45CM",2022,9,22,"GWI","TR","B",45,NA,NA,"",42.99,3579.2190492049,"",NA,NA,NA,NA,NA,NA,0,0.0014,"bdl",0.5013,35.7868,"Within_Range",0.0202,1.4422,"Within_Range",1061.1332,33.0984,NA,9572.9728,270.0415,NA,17.2984,20.6249,1.8462,8.9513,"Within Range","Within Range"
"COMPASS:Synoptic","CB","GWI_202209_TR_LYSC_10CM",2022,9,22,"GWI","TR","C",10,NA,NA,"",5.946,495.046207642994,"",NA,NA,NA,NA,NA,NA,0.0028,0.2004,"bdl",0.5865,41.8728,"Within_Range",0.0293,2.0899,"Within_Range",1711.1247,53.3726,NA,12677.0072,357.6025,NA,22.9074,0.0674,0.0495,73.4338,"Within Range","High CV"
"COMPASS:Synoptic","CB","GWI_202209_TR_LYSC_20CM",2022,9,22,"GWI","TR","C",20,NA,NA,"",34.36,2860.71101490301,"",NA,NA,NA,NA,NA,NA,0.0019,0.1381,"bdl",0.3403,24.2961,"Within_Range",0.0155,1.1086,"Within_Range",1311.3738,40.9037,NA,10942.8498,308.6841,NA,19.7738,20.2984,0.6032,2.9717,"Within Range","Within Range"
"COMPASS:Synoptic","CB","GWI_202209_TR_LYSC_45CM",2022,9,22,"GWI","TR","C",45,NA,NA,"",NA,NA,NA,NA,NA,NA,NA,NA,NA,0.0036,0.2564,"bdl",0.7335,52.3702,"Within_Range",0.0289,2.0647,"Within_Range",1212.2979,37.8134,NA,9277.8011,261.7151,NA,16.765,0.0674,0.0495,73.4338,"Within Range","High CV"
"COMPASS:Synoptic","CB","GWI_202209_UP_LYSA_20CM",2022,9,22,"GWI","UP","A",20,NA,NA,"",12.29,1023.22870701857,"",NA,NA,NA,NA,NA,NA,9e-04,0.0631,"bdl",0.1716,12.2535,"Within_Range",0.043,3.0664,"Within_Range",768.0581,23.9569,NA,6435.7454,181.5443,NA,11.6294,NA,NA,NA,NA,NA
"COMPASS:Synoptic","CB","GWI_202209_UP_LYSA_20CM",2022,9,22,"GWI","UP","A",20,NA,NA,"",12.29,1023.22870701857,"",NA,NA,NA,NA,NA,NA,9e-04,0.0631,"bdl",0.1716,12.2535,"Within_Range",0.043,3.0664,"Within_Range",658.08,20.5265,NA,5681.5527,160.2695,NA,10.2666,NA,NA,NA,NA,NA
"COMPASS:Synoptic","CB","GWI_202209_UP_LYSA_45CM",2022,9,22,"GWI","UP","A",45,NA,NA,"",NA,NA,NA,NA,NA,NA,NA,NA,NA,0.0139,0.9911,"bdl",0.1162,8.2925,"Within_Range",0.0497,3.5483,"Within_Range",660.3451,20.5972,NA,5639.4854,159.0828,NA,10.1906,0,0,0,"bdl","Within Range"
"COMPASS:Synoptic","CB","GWI_202209_UP_LYSB_10CM",2022,9,22,"GWI","UP","B",10,NA,NA,"",5.335,444.176171842478,"",NA,NA,NA,NA,NA,NA,6e-04,0.0448,"bdl",0.2159,15.4112,"Within_Range",0.0928,6.6288,"Within_Range",617.3104,19.2548,NA,5109.0418,144.1197,NA,9.2321,0,0,0,"bdl","Within Range"
"COMPASS:Synoptic","CB","GWI_202209_UP_LYSB_20CM",2022,9,22,"GWI","UP","B",20,NA,NA,"",13.88,1155.60735992007,"",NA,NA,NA,NA,NA,NA,2e-04,0.0164,"bdl",0.3017,21.5369,"Within_Range",0.0289,2.0615,"Within_Range",662.2054,20.6552,NA,5497.4765,155.0769,NA,9.934,0.1373,0.0495,36.0233,"Within Range","High CV"
"COMPASS:Synoptic","CB","GWI_202209_UP_LYSB_45CM",2022,9,22,"GWI","UP","B",45,NA,NA,"",16.52,1375.40587794522,"",NA,NA,NA,NA,NA,NA,0.0298,2.1291,"Within_Range",0.2833,20.2252,"Within_Range",0.0438,3.1291,"Within_Range",757.4692,23.6266,NA,6268.9506,176.8392,NA,11.328,0.0162,0.0229,141.4214,"Within Range","High CV"
"COMPASS:Synoptic","CB","GWI_202209_UP_LYSC_10CM",2022,9,22,"GWI","UP","C",10,NA,NA,"",14.97,1246.35750561985,"",NA,NA,NA,NA,NA,NA,0.0179,1.2797,"bdl",0.4448,31.7582,"Within_Range",0.0509,3.6367,"Within_Range",972.9317,30.3472,NA,8451.7001,238.4119,NA,15.2722,0.8953,0.0404,4.5119,"Within Range","Within Range"
"COMPASS:Synoptic","CB","GWI_202209_UP_LYSC_20CM",2022,9,22,"GWI","UP","C",20,NA,NA,"",15.44,1285.48830238948,"",NA,NA,NA,NA,NA,NA,0.0082,0.583,"bdl",0.3828,27.3311,"Within_Range",0.0394,2.8144,"Within_Range",853.226,26.6134,NA,8029.0787,226.4902,NA,14.5086,0.3122,0,0,"Within Range","Within Range"
"COMPASS:Synoptic","CB","GWI_202209_WC_LYSA_10CM",2022,9,22,"GWI","WC","A",10,NA,NA,"",NA,NA,NA,NA,NA,NA,NA,NA,NA,NA,NA,NA,0.5474,39.0805,"Within_Range",0.0241,1.7195,"Within_Range",NA,NA,NA,NA,NA,NA,NA,0.1024,0,0,"Within Range","Within Range"
"COMPASS:Synoptic","CB","GWI_202209_WC_LYSA_20CM",2022,9,22,"GWI","WC","A",20,NA,NA,"",NA,NA,NA,NA,NA,NA,NA,NA,NA,NA,NA,NA,0.4913,35.0758,"Within_Range",0.0264,1.8851,"Within_Range",NA,NA,NA,NA,NA,NA,NA,0.9419,0,0,"Within Range","Within Range"
"COMPASS:Synoptic","CB","GWI_202209_WC_LYSA_45CM",2022,9,22,"GWI","WC","A",45,NA,NA,"",NA,NA,NA,NA,NA,NA,NA,NA,NA,NA,NA,NA,0.447,31.9162,"Within_Range",0.0024,0.1725,"bdl",NA,NA,NA,NA,NA,NA,NA,1.1285,0.0404,3.5794,"Within Range","Within Range"
"COMPASS:Synoptic","CB","GWI_202209_WC_LYSB_10CM",2022,9,22,"GWI","WC","B",10,NA,NA,"",NA,NA,NA,NA,NA,NA,NA,NA,NA,NA,NA,NA,0.5848,41.7514,"Within_Range",0.0394,2.8122,"Within_Range",NA,NA,NA,NA,NA,NA,NA,0.2073,0.0495,23.8652,"Within Range","High CV"
"COMPASS:Synoptic","CB","GWI_202209_WC_LYSB_20CM",2022,9,22,"GWI","WC","B",20,NA,NA,"",NA,NA,NA,NA,NA,NA,NA,NA,NA,NA,NA,NA,0.522,37.2675,"Within_Range",0.0156,1.1143,"Within_Range",NA,NA,NA,NA,NA,NA,NA,0.3122,0,0,"Within Range","Within Range"
"COMPASS:Synoptic","CB","GWI_202209_WC_LYSB_45CM",2022,9,22,"GWI","WC","B",45,NA,NA,"",NA,NA,NA,NA,NA,NA,NA,NA,NA,NA,NA,NA,0.5873,41.9267,"Within_Range",0.0253,1.8071,"Within_Range",NA,NA,NA,NA,NA,NA,NA,0.1373,0.0495,36.0233,"Within Range","High CV"
"COMPASS:Synoptic","CB","GWI_202209_WC_LYSC_10CM",2022,9,22,"GWI","WC","C",10,NA,NA,"",NA,NA,NA,NA,NA,NA,NA,NA,NA,NA,NA,NA,0.8366,59.7296,"Within_Range",0.0369,2.6342,"Within_Range",NA,NA,NA,NA,NA,NA,NA,0.802,0,0,"Within Range","Within Range"
"COMPASS:Synoptic","CB","GWI_202209_WC_LYSC_20CM",2022,9,22,"GWI","WC","C",20,NA,NA,"",NA,NA,NA,NA,NA,NA,NA,NA,NA,NA,NA,NA,1.3526,96.5659,"Within_Range",0.052,3.7132,"Within_Range",NA,NA,NA,NA,NA,NA,NA,0.4172,0.0495,11.8584,"Within Range","High CV"
"COMPASS:Synoptic","CB","GWI_202209_WC_LYSC_45CM",2022,9,22,"GWI","WC","C",45,NA,NA,"",NA,NA,NA,NA,NA,NA,NA,NA,NA,NA,NA,NA,0.6702,47.8457,"Within_Range",0.0534,3.8106,"Within_Range",NA,NA,NA,NA,NA,NA,NA,0.3472,0.0495,14.2478,"Within Range","High CV"
"COMPASS:Synoptic","CB","GCW_202210_SW_A",2022,10,11,"GCW","SW","A",0,NA,NA,"",26.26,2186.32919823495,"",NA,NA,NA,NA,NA,NA,0.0076,0.5398,"bdl",0.2494,17.8048,"Within_Range",0.126,8.994,"Within_Range",852.2257,26.5822,NA,6542.6426,184.5597,NA,11.8226,0,0,0,"bdl","Within Range"
"COMPASS:Synoptic","CB","GCW_202210_SW_B",2022,10,11,"GCW","SW","B",0,NA,NA,"",26.06,2169.67779535426,"",NA,NA,NA,NA,NA,NA,0.0081,0.5795,"bdl",0.3055,21.8134,"Within_Range",0.1377,9.8304,"Within_Range",898.5838,28.0282,NA,6892.9704,194.442,NA,12.4556,0,0,0,"bdl","Within Range"
"COMPASS:Synoptic","CB","GCW_202210_SW_C",2022,10,11,"GCW","SW","C",0,NA,NA,"",25.81,2148.86354175339,"",NA,NA,NA,NA,NA,NA,0,0,"bdl",0.1242,8.8655,"Within_Range",0.0029,0.2105,"bdl",856.0543,26.7016,NA,6528.1527,184.151,NA,11.7964,0,0,0,"bdl","Within Range"
"COMPASS:Synoptic","CB","GCW_202210_TR_LYSA_10CM",2022,10,11,"GCW","TR","A",10,NA,NA,"",NA,NA,NA,NA,NA,NA,NA,NA,NA,NA,NA,NA,NA,NA,NA,NA,NA,NA,46.8346,1.4608,NA,0,0,NA,0,0,0,0,"bdl","Within Range"
"COMPASS:Synoptic","CB","GCW_202210_TR_LYSA_20CM",2022,10,11,"GCW","TR","A",20,NA,NA,"",39.19,3262.84239447173,"",NA,NA,NA,NA,NA,NA,0.0056,0.402,"bdl",0.2994,21.3778,"Within_Range",0.0072,0.5138,"Within_Range",8.2599,0.2576,NA,5.0212,0.1416,NA,0.0091,0.0621,0,0,"Within Range","Within Range"
"COMPASS:Synoptic","CB","GCW_202210_TR_LYSA_45CM",2022,10,11,"GCW","TR","A",45,NA,NA,"",20.98,1746.73216218466,"",NA,NA,NA,NA,NA,NA,0.0083,0.5939,"bdl",0.0855,6.1076,"Within_Range",0.0038,0.2707,"Within_Range",26.7256,0.8336,NA,8.9064,0.2512,NA,0.0161,0,0,0,"bdl","Within Range"
"COMPASS:Synoptic","CB","GCW_202210_TR_LYSB_10CM",2022,10,11,"GCW","TR","B",10,NA,NA,"",17.89,1489.46798767796,"",NA,NA,NA,NA,NA,NA,0.0028,0.1991,"bdl",0.0594,4.2375,"Within_Range",0.0019,0.1358,"bdl",52.6281,1.6416,NA,94.1821,2.6568,NA,0.1702,0,0,0,"bdl","Within Range"
"COMPASS:Synoptic","CB","GCW_202210_TR_LYSB_20CM",2022,10,11,"GCW","TR","B",20,NA,NA,"",38.16,3177.08766963617,"",NA,NA,NA,NA,NA,NA,0.0022,0.1553,"bdl",0.6801,48.5549,"Within_Range",0.01,0.7139,"Within_Range",28.5838,0.8916,NA,41.4508,1.1693,NA,0.0749,0,0,0,"bdl","Within Range"
"COMPASS:Synoptic","CB","GCW_202210_TR_LYSB_45CM",2022,10,11,"GCW","TR","B",45,NA,NA,"",64.68,5385.06369161602,"",NA,NA,NA,NA,NA,NA,0.0049,0.3472,"bdl",0.1748,12.4818,"Within_Range",0.0075,0.5337,"Within_Range",4.0623,0.1267,NA,116.8442,3.296,NA,0.2112,0,0,0,"bdl","Within Range"
"COMPASS:Synoptic","CB","GCW_202210_TR_LYSC_10CM",2022,10,11,"GCW","TR","C",10,NA,NA,"",NA,NA,NA,NA,NA,NA,NA,NA,NA,0.0037,0.2642,"bdl",0.0127,0.9096,"bdl",0.0032,0.2303,"bdl",18.6907,0.583,NA,31.0947,0.8771,NA,0.0562,0,0,0,"bdl","Within Range"
"COMPASS:Synoptic","CB","GCW_202210_TR_LYSC_20CM",2022,10,11,"GCW","TR","C",20,NA,NA,"",44.79,3729.08167513113,"",NA,NA,NA,NA,NA,NA,0.0055,0.3938,"bdl",0.3847,27.4637,"Within_Range",0.0164,1.1702,"Within_Range",25.7435,0.803,NA,45.0862,1.2718,NA,0.0815,0,0,0,"bdl","Within Range"
"COMPASS:Synoptic","CB","GCW_202210_TR_LYSC_45CM",2022,10,11,"GCW","TR","C",45,NA,NA,"",NA,NA,NA,NA,NA,NA,NA,NA,NA,0.0043,0.3082,"bdl",0.1997,14.2549,"Within_Range",0.0038,0.2678,"Within_Range",23.9418,0.7468,NA,112.4517,3.1721,NA,0.2032,0,0,0,"bdl","Within Range"
"COMPASS:Synoptic","CB","GCW_202210_UP_LYSA_20CM",2022,10,11,"GCW","UP","A",20,NA,NA,"",NA,NA,NA,NA,NA,NA,NA,NA,NA,0.0051,0.3644,"bdl",0.0033,0.2359,"bdl",0.0148,1.057,"Within_Range",4.1491,0.1294,NA,14.4387,0.4073,NA,0.0261,0,0,0,"bdl","Within Range"
"COMPASS:Synoptic","CB","GCW_202210_UP_LYSB_10CM",2022,10,11,"GCW","UP","B",10,NA,NA,"",NA,NA,NA,NA,NA,NA,NA,NA,NA,0.009,0.6432,"bdl",0.0249,1.7752,"Within_Range",0.0047,0.3376,"Within_Range",5.1171,0.1596,NA,13.0643,0.3685,NA,0.0236,0,0,0,"bdl","Within Range"
"COMPASS:Synoptic","CB","GCW_202210_UP_LYSB_20CM",2022,10,11,"GCW","UP","B",20,NA,NA,"",NA,NA,NA,NA,NA,NA,NA,NA,NA,0.0073,0.5232,"bdl",0.0073,0.5226,"bdl",0.0055,0.3939,"Within_Range",3.4629,0.108,NA,13.5171,0.3813,NA,0.0245,0,0,0,"bdl","Within Range"
"COMPASS:Synoptic","CB","GCW_202210_UP_LYSB_45CM",2022,10,11,"GCW","UP","B",45,NA,NA,"",NA,NA,NA,NA,NA,NA,NA,NA,NA,NA,NA,NA,NA,NA,NA,NA,NA,NA,7.4954,0.2338,NA,1.4517,0.041,NA,0.0026,0,0,0,"bdl","Within Range"
"COMPASS:Synoptic","CB","GCW_202210_UP_LYSC_20CM",2022,10,11,"GCW","UP","C",20,NA,NA,"",NA,NA,NA,NA,NA,NA,NA,NA,NA,NA,NA,NA,NA,NA,NA,NA,NA,NA,15.0061,0.4681,NA,17.1166,0.4828,NA,0.031,0,0,0,"bdl","Within Range"
"COMPASS:Synoptic","CB","GWI_202210_SW_A",2022,10,14,"GWI","SW","A",0,NA,NA,"",20.78,1730.08075930397,"",NA,NA,NA,NA,NA,NA,0.0042,0.302,"bdl",0.2415,17.2412,"Within_Range",0.0064,0.4534,"Within_Range",1979.39,61.7402,NA,14347.4461,404.7234,NA,25.9259,0,0,0,"bdl","Within Range"
"COMPASS:Synoptic","CB","GWI_202210_SW_B",2022,10,14,"GWI","SW","B",0,NA,NA,"",20.1,1673.46598950962,"",NA,NA,NA,NA,NA,NA,0.0035,0.2529,"bdl",0.4184,29.8712,"Within_Range",0.0107,0.7653,"Within_Range",1968.0803,61.3874,NA,14255.3579,402.1258,NA,25.7595,0,0,0,"bdl","Within Range"
"COMPASS:Synoptic","CB","GWI_202210_SW_C",2022,10,14,"GWI","SW","C",0,NA,NA,"",19.85,1652.65173590875,"",NA,NA,NA,NA,NA,NA,0.0048,0.3444,"bdl",0.3184,22.7284,"Within_Range",0.0084,0.6033,"Within_Range",1991.78,62.1266,NA,14428.7075,407.0157,NA,26.0727,0,0,0,"bdl","Within Range"
"COMPASS:Synoptic","CB","GWI_202210_TR_LYSA_10CM",2022,10,14,"GWI","TR","A",10,NA,NA,"",27.66,2302.8890183998,"",NA,NA,NA,NA,NA,NA,0.0059,0.4188,"bdl",0.6508,46.4644,"Within_Range",0.0115,0.8222,"Within_Range",1622.3719,50.6042,NA,12740.5862,359.3959,NA,23.0223,28.1678,2.5349,8.9993,"Within Range","Within Range"
"COMPASS:Synoptic","CB","GWI_202210_TR_LYSA_20CM",2022,10,14,"GWI","TR","A",20,NA,NA,"",NA,NA,NA,NA,NA,NA,NA,NA,NA,0.0035,0.2488,"bdl",0.4394,31.3671,"Within_Range",0.021,1.5027,"Within_Range",721.0604,22.491,NA,9997.5066,282.0171,NA,18.0655,2.1772,0.0507,2.3286,"Within Range","Within Range"
"COMPASS:Synoptic","CB","GWI_202210_TR_LYSA_45CM",2022,10,14,"GWI","TR","A",45,NA,NA,"",NA,NA,NA,NA,NA,NA,NA,NA,NA,NA,NA,NA,NA,NA,NA,NA,NA,NA,685.3496,21.3771,NA,8321.3883,234.7359,NA,15.0368,0,0,0,"bdl","Within Range"
"COMPASS:Synoptic","CB","GWI_202210_TR_LYSB_10CM",2022,10,14,"GWI","TR","B",10,NA,NA,"",20.01,1665.9728582133,"",NA,NA,NA,NA,NA,NA,0.0035,0.247,"bdl",0.3419,24.4133,"Within_Range",0,0,"bdl",1745.0152,54.4297,NA,12859.4817,362.7498,NA,23.2371,0,0,0,"bdl","Within Range"
"COMPASS:Synoptic","CB","GWI_202210_TR_LYSB_20CM",2022,10,14,"GWI","TR","B",20,NA,NA,"",68.37,5692.2820747648,"",NA,NA,NA,NA,NA,NA,0.0055,0.3903,"bdl",1.4109,100.7269,"Within_Range",0.0217,1.5525,"Within_Range",439.3121,13.7028,NA,10976.2673,309.6267,NA,19.8341,171.3015,4.5126,2.6343,"adl","Within Range"
"COMPASS:Synoptic","CB","GWI_202210_TR_LYSB_45CM",2022,10,14,"GWI","TR","B",45,NA,NA,"",NA,NA,NA,NA,NA,NA,NA,NA,NA,0.0041,0.2937,"bdl",0.2938,20.9727,"Within_Range",0.0065,0.4651,"Within_Range",1109.8531,34.618,NA,9834.0798,277.407,NA,17.7702,22.3363,0.1656,0.7413,"Within Range","Within Range"
"COMPASS:Synoptic","CB","GWI_202210_TR_LYSC_10CM",2022,10,14,"GWI","TR","C",10,NA,NA,"",12.67,1054.86637249188,"",NA,NA,NA,NA,NA,NA,NA,NA,NA,0.3543,25.292,"Within_Range",0,0,"bdl",1823.0267,56.863,NA,13299.1843,375.1533,NA,24.0317,2.4998,0.0717,2.8681,"Within Range","Within Range"
"COMPASS:Synoptic","CB","GWI_202210_TR_LYSC_20CM",2022,10,14,"GWI","TR","C",20,NA,NA,"",32.15,2676.71301307135,"",NA,NA,NA,NA,NA,NA,0.0049,0.3475,"bdl",0.5577,39.8164,"Within_Range",0.0068,0.4856,"Within_Range",1414.411,44.1176,NA,11742.605,331.2441,NA,21.2189,27.5225,0.7887,2.8656,"Within Range","Within Range"
"COMPASS:Synoptic","CB","GWI_202210_TR_LYSC_45CM",2022,10,14,"GWI","TR","C",45,NA,NA,"",NA,NA,NA,NA,NA,NA,NA,NA,NA,0.0044,0.313,"bdl",0.837,59.7601,"Within_Range",0.0272,1.9402,"Within_Range",1283.4039,40.0313,NA,9835.5647,277.4489,NA,17.7729,0,0,0,"bdl","Within Range"
"COMPASS:Synoptic","CB","GWI_202210_UP_LYSA_10CM",2022,10,14,"GWI","UP","A",10,NA,NA,"",NA,NA,NA,NA,NA,NA,NA,NA,NA,0.0051,0.3637,"bdl",0.1877,13.4006,"Within_Range",0.0518,3.7002,"Within_Range",838.9632,26.1685,NA,6874.9098,193.9326,NA,12.423,0,0,0,"bdl","Within Range"
"COMPASS:Synoptic","CB","GWI_202210_UP_LYSA_20CM",2022,10,14,"GWI","UP","A",20,NA,NA,"",14.91,1241.36208475564,"",NA,NA,NA,NA,NA,NA,0.0029,0.2071,"bdl",0.3053,21.7965,"Within_Range",0.0353,2.5181,"Within_Range",819.3349,25.5563,NA,6654.1545,187.7053,NA,12.0241,0,0,0,"bdl","Within Range"
"COMPASS:Synoptic","CB","GWI_202210_UP_LYSA_45CM",2022,10,14,"GWI","UP","A",45,NA,NA,"",NA,NA,NA,NA,NA,NA,NA,NA,NA,0.0095,0.6772,"bdl",0.1211,8.6473,"Within_Range",0.0117,0.8385,"Within_Range",655.8744,20.4577,NA,5534.61,156.1244,NA,10.0011,0.1386,0.196,141.4214,"Within Range","High CV"
"COMPASS:Synoptic","CB","GWI_202210_UP_LYSB_10CM",2022,10,14,"GWI","UP","B",10,NA,NA,"",4.675,389.226542336192,"blank is ≥ 25% of sample value",NA,NA,NA,NA,NA,NA,0.0026,0.1827,"bdl",0.2546,18.1802,"Within_Range",0.1241,8.8625,"Within_Range",689.042,21.4923,NA,5572.4027,157.1905,NA,10.0694,0,0,0,"bdl","Within Range"
"COMPASS:Synoptic","CB","GWI_202210_UP_LYSB_20CM",2022,10,14,"GWI","UP","B",20,NA,NA,"",14.29,1189.74273582549,"",NA,NA,NA,NA,NA,NA,0.0017,0.1207,"bdl",0.3983,28.4397,"Within_Range",0.0351,2.505,"Within_Range",664.5241,20.7275,NA,5455.6771,153.8978,NA,9.8584,0,0,0,"bdl","Within Range"
"COMPASS:Synoptic","CB","GWI_202210_UP_LYSC_10CM",2022,10,14,"GWI","UP","C",10,NA,NA,"",15.2,1265.50661893265,"",NA,NA,NA,NA,NA,NA,0.0044,0.3154,"bdl",0.637,45.475,"Within_Range",0.0379,2.7034,"Within_Range",1143.0658,35.654,NA,8981.3661,253.3531,NA,16.2294,6.0489,0.0507,0.8381,"Within Range","Within Range"
"COMPASS:Synoptic","CB","GWI_202210_UP_LYSC_20CM",2022,10,14,"GWI","UP","C",20,NA,NA,"",21.88,1821.66347514778,"",NA,NA,NA,NA,NA,NA,0.002,0.1438,"bdl",0.6228,44.4629,"Within_Range",0.0307,2.189,"Within_Range",1073.6858,33.4899,NA,9117.6201,257.1966,NA,16.4756,0.6357,0,0,"Within Range","Within Range"
"COMPASS:Synoptic","CB","MSM_202210_SW_A",2022,10,27,"MSM","SW","A",0,NA,NA,"",18.56,1545.25018732828,"",NA,NA,NA,NA,NA,NA,NA,NA,NA,NA,NA,NA,NA,NA,NA,1878.929,58.6066,NA,13742.9921,387.6726,NA,24.8336,NA,NA,NA,NA,NA
"COMPASS:Synoptic","CB","MSM_202210_SW_B",2022,10,27,"MSM","SW","B",0,NA,NA,"",17.9,1490.300557822,"",NA,NA,NA,NA,NA,NA,NA,NA,NA,NA,NA,NA,NA,NA,NA,1472.3485,45.9248,NA,10721.221,302.4322,NA,19.3733,NA,NA,NA,NA,NA
"COMPASS:Synoptic","CB","MSM_202210_SW_C",2022,10,27,"MSM","SW","C",0,NA,NA,"",17.58,1463.65831321289,"",NA,NA,NA,NA,NA,NA,NA,NA,NA,NA,NA,NA,NA,NA,NA,1339.2629,41.7736,NA,9769.9315,275.5975,NA,17.6543,NA,NA,NA,NA,NA
"COMPASS:Synoptic","CB","MSM_202210_TR_LYSA_10CM",2022,10,27,"MSM","TR","A",10,NA,NA,"",24.29,2022.31287986013,"",NA,NA,NA,NA,NA,NA,NA,NA,NA,NA,NA,NA,NA,NA,NA,565.987,17.654,NA,4482.4315,126.4438,NA,8.0998,NA,NA,NA,NA,NA
"COMPASS:Synoptic","CB","MSM_202210_TR_LYSA_20CM",2022,10,27,"MSM","TR","A",20,NA,NA,"",32.8,2730.8300724336,"",NA,NA,NA,NA,NA,NA,NA,NA,NA,NA,NA,NA,NA,NA,NA,560.94,17.4966,NA,4279.1899,120.7106,NA,7.7325,NA,NA,NA,NA,NA
"COMPASS:Synoptic","CB","MSM_202210_TR_LYSA_45CM",2022,10,27,"MSM","TR","A",45,NA,NA,"",NA,NA,NA,NA,NA,NA,NA,NA,NA,NA,NA,NA,NA,NA,NA,NA,NA,NA,595.7644,18.5828,NA,4319.3938,121.8447,NA,7.8052,NA,NA,NA,NA,NA
"COMPASS:Synoptic","CB","MSM_202210_TR_LYSB_10CM",2022,10,27,"MSM","TR","B",10,NA,NA,"",15.97,1329.61452002331,"",NA,NA,NA,NA,NA,NA,NA,NA,NA,NA,NA,NA,NA,NA,NA,470.4802,14.675,NA,4395.8034,124.0001,NA,7.9432,NA,NA,NA,NA,NA
"COMPASS:Synoptic","CB","MSM_202210_TR_LYSB_20CM",2022,10,27,"MSM","TR","B",20,NA,NA,"",39.62,3298.64291066522,"",NA,NA,NA,NA,NA,NA,NA,NA,NA,NA,NA,NA,NA,NA,NA,414.0537,12.915,NA,4624.6051,130.4543,NA,8.3567,NA,NA,NA,NA,NA
"COMPASS:Synoptic","CB","MSM_202210_TR_LYSB_45CM",2022,10,27,"MSM","TR","B",45,NA,NA,"",NA,NA,NA,NA,NA,NA,NA,NA,NA,NA,NA,NA,NA,NA,NA,NA,NA,NA,615.053,19.1844,NA,4558.519,128.5901,NA,8.2373,NA,NA,NA,NA,NA
"COMPASS:Synoptic","CB","MSM_202210_TR_LYSC_10CM",2022,10,27,"MSM","TR","C",10,NA,NA,"",24.13,2008.99175755557,"",NA,NA,NA,NA,NA,NA,NA,NA,NA,NA,NA,NA,NA,NA,NA,536.2166,16.7254,NA,4506.6901,127.1281,NA,8.1436,NA,NA,NA,NA,NA
"COMPASS:Synoptic","CB","MSM_202210_TR_LYSC_20CM",2022,10,27,"MSM","TR","C",20,NA,NA,"",50.25,4183.66497377404,"",NA,NA,NA,NA,NA,NA,NA,NA,NA,NA,NA,NA,NA,NA,NA,351.6494,10.9685,NA,4344.6776,122.5579,NA,7.8509,NA,NA,NA,NA,NA
"COMPASS:Synoptic","CB","MSM_202210_TR_LYSC_45CM",2022,10,27,"MSM","TR","C",45,NA,NA,"",NA,NA,NA,NA,NA,NA,NA,NA,NA,NA,NA,NA,NA,NA,NA,NA,NA,NA,341.6003,10.655,NA,4025.7821,113.5623,NA,7.2746,NA,NA,NA,NA,NA
"COMPASS:Synoptic","CB","MSM_202210_UP_LYSA_20CM",2022,10,27,"MSM","UP","A",20,NA,NA,"",NA,NA,NA,NA,NA,NA,NA,NA,NA,NA,NA,NA,NA,NA,NA,NA,NA,NA,195.2139,6.089,NA,1999.9055,56.4148,NA,3.6139,4.4357,0.2151,4.8492,"Within Range","Within Range"
"COMPASS:Synoptic","CB","MSM_202210_UP_LYSA_45CM",2022,10,27,"MSM","UP","A",45,NA,NA,"",NA,NA,NA,NA,NA,NA,NA,NA,NA,NA,NA,NA,NA,NA,NA,NA,NA,NA,228.7879,7.1362,NA,2812.1121,79.3262,NA,5.0815,0,0,0,"bdl","Within Range"
"COMPASS:Synoptic","CB","MSM_202210_UP_LYSB_10CM",2022,10,27,"MSM","UP","B",10,NA,NA,"",18.7,1556.90616934477,"",NA,NA,NA,NA,NA,NA,NA,NA,NA,NA,NA,NA,NA,NA,NA,110.9772,3.4615,NA,686.4152,19.3629,NA,1.2404,NA,NA,NA,NA,NA
"COMPASS:Synoptic","CB","MSM_202210_UP_LYSB_20CM",2022,10,27,"MSM","UP","B",20,NA,NA,"",NA,NA,NA,NA,NA,NA,NA,NA,NA,NA,NA,NA,NA,NA,NA,NA,NA,NA,105.4792,3.2901,NA,845.1635,23.841,NA,1.5272,NA,NA,NA,NA,NA
"COMPASS:Synoptic","CB","MSM_202210_UP_LYSB_45CM",2022,10,27,"MSM","UP","B",45,NA,NA,"",NA,NA,NA,NA,NA,NA,NA,NA,NA,NA,NA,NA,NA,NA,NA,NA,NA,NA,270.9957,8.4528,NA,2188.7268,61.7412,NA,3.9551,NA,NA,NA,NA,NA
"COMPASS:Synoptic","CB","MSM_202210_UP_LYSC_10CM",2022,10,27,"MSM","UP","C",10,NA,NA,"",24.21,2015.65231870785,"",NA,NA,NA,NA,NA,NA,NA,NA,NA,NA,NA,NA,NA,NA,NA,109.6287,3.4195,NA,1183.7901,33.3932,NA,2.1391,NA,NA,NA,NA,NA
"COMPASS:Synoptic","CB","MSM_202210_UP_LYSC_20CM",2022,10,27,"MSM","UP","C",20,NA,NA,"",18.61,1549.41303804846,"",NA,NA,NA,NA,NA,NA,NA,NA,NA,NA,NA,NA,NA,NA,NA,145.6867,4.5442,NA,1564.5007,44.1326,NA,2.8271,NA,NA,NA,NA,NA
"COMPASS:Synoptic","CB","MSM_202210_UP_LYSC_45CM",2022,10,27,"MSM","UP","C",45,NA,NA,"",NA,NA,NA,NA,NA,NA,NA,NA,NA,NA,NA,NA,NA,NA,NA,NA,NA,NA,377.929,11.7882,NA,2842.6667,80.1881,NA,5.1367,NA,NA,NA,NA,NA
"COMPASS:Synoptic","CB","MSM_202211_SW_A",2022,11,13,"MSM","SW","A",0,NA,NA,"",21.58,1796.68637082674,"",NA,NA,NA,NA,NA,NA,0,0,"bdl",0.2899,20.6995,"Within_Range",0.0015,0.1089,"bdl",2500.6712,77.9997,NA,13253.0274,373.8513,NA,23.9482,0,0,0,"bdl","Within Range"
"COMPASS:Synoptic","CB","MSM_202211_SW_B",2022,11,13,"MSM","SW","B",0,NA,NA,"",23.27,1937.3907251686,"",NA,NA,NA,NA,NA,NA,0,0,"bdl",0.1699,12.1306,"Within_Range",7e-04,0.0474,"bdl",1790.3195,55.8428,NA,14007.9493,395.1467,NA,25.3124,0,0,0,"bdl","Within Range"
"COMPASS:Synoptic","CB","MSM_202211_SW_C",2022,11,13,"MSM","SW","C",0,NA,NA,"",23.32,1941.55357588877,"",NA,NA,NA,NA,NA,NA,0,0,"bdl",0.371,26.4892,"Within_Range",0.0025,0.1795,"bdl",2098.9347,65.469,NA,12472.3483,351.8293,NA,22.5376,0,0,0,"bdl","Within Range"
"COMPASS:Synoptic","CB","MSM_202211_TR_LYSA_10CM",2022,11,13,"MSM","TR","A",10,NA,NA,"",18.46,1536.92448588794,"",NA,NA,NA,NA,NA,NA,0.0019,0.1359,"bdl",0.1525,10.8906,"Within_Range",0.0159,1.1341,"Within_Range",1130.0614,35.2483,NA,6907.9772,194.8654,NA,12.4827,0,0,0,"bdl","Within Range"
"COMPASS:Synoptic","CB","MSM_202211_TR_LYSA_20CM",2022,11,13,"MSM","TR","A",20,NA,NA,"",35.13,2924.81891599367,"",NA,NA,NA,NA,NA,NA,0.0028,0.2033,"bdl",1.74,124.2283,"Within_Range",0.0179,1.2762,"Within_Range",1325.3953,41.3411,NA,6875.5636,193.951,NA,12.4242,5.9542,0.5083,8.5374,"Within Range","Within Range"
"COMPASS:Synoptic","CB","MSM_202211_TR_LYSA_45CM",2022,11,13,"MSM","TR","A",45,NA,NA,"",NA,NA,NA,NA,NA,NA,NA,NA,NA,0,0,"bdl",0.645,46.0479,"Within_Range",0.0064,0.4577,"Within_Range",960.7725,29.968,NA,5319.3357,150.0518,NA,9.6121,0,0,0,"bdl","Within Range"
"COMPASS:Synoptic","CB","MSM_202211_TR_LYSB_10CM",2022,11,13,"MSM","TR","B",10,NA,NA,"",17.49,1456.16518191658,"",NA,NA,NA,NA,NA,NA,0,0,"bdl",0.397,28.3461,"Within_Range",0.0072,0.5165,"Within_Range",801.3316,24.9947,NA,5780.1615,163.0511,NA,10.4448,0,0,0,"bdl","Within Range"
"COMPASS:Synoptic","CB","MSM_202211_TR_LYSB_10CM",2022,11,13,"MSM","TR","B",10,NA,NA,"",17.49,1456.16518191658,"",NA,NA,NA,NA,NA,NA,0,0,"bdl",0.397,28.3461,"Within_Range",0.0072,0.5165,"Within_Range",1048.6566,32.7092,NA,6370.2701,179.6973,NA,11.5111,0,0,0,"bdl","Within Range"
"COMPASS:Synoptic","CB","MSM_202211_TR_LYSB_20CM",2022,11,13,"MSM","TR","B",20,NA,NA,"",41.88,3486.80376321705,"",NA,NA,NA,NA,NA,NA,0.0028,0.1979,"bdl",1.5597,111.3516,"Within_Range",0.0106,0.7587,"Within_Range",807.1753,25.177,NA,6655.4242,187.7412,NA,12.0264,12.8816,0.5318,4.1284,"Within Range","Within Range"
"COMPASS:Synoptic","CB","MSM_202211_TR_LYSB_20CM",2022,11,13,"MSM","TR","B",20,NA,NA,"",41.88,3486.80376321705,"",NA,NA,NA,NA,NA,NA,0.0028,0.1979,"bdl",1.5597,111.3516,"Within_Range",0.0106,0.7587,"Within_Range",701.6766,21.8864,NA,6346.5882,179.0293,NA,11.4683,12.8816,0.5318,4.1284,"Within Range","Within Range"
"COMPASS:Synoptic","CB","MSM_202211_TR_LYSB_45CM",2022,11,13,"MSM","TR","B",45,NA,NA,"",NA,NA,NA,NA,NA,NA,NA,NA,NA,3e-04,0.0193,"bdl",0.8404,60.0016,"Within_Range",0.0063,0.4514,"Within_Range",1387.9801,43.2932,NA,7314.8545,206.3429,NA,13.218,0,0,0,"bdl","Within Range"
"COMPASS:Synoptic","CB","MSM_202211_TR_LYSB_45CM",2022,11,13,"MSM","TR","B",45,NA,NA,"",NA,NA,NA,NA,NA,NA,NA,NA,NA,3e-04,0.0193,"bdl",0.8404,60.0016,"Within_Range",0.0063,0.4514,"Within_Range",625.2173,19.5015,NA,5590.7615,157.7084,NA,10.1025,0,0,0,"bdl","Within Range"
"COMPASS:Synoptic","CB","MSM_202211_TR_LYSC_10CM",2022,11,13,"MSM","TR","C",10,NA,NA,"",24.16,2011.48946798768,"",NA,NA,NA,NA,NA,NA,0.0014,0.0981,"bdl",0.2931,20.9243,"Within_Range",0.0089,0.632,"Within_Range",NA,NA,NA,NA,NA,NA,NA,NA,NA,NA,NA,NA
"COMPASS:Synoptic","CB","MSM_202211_TR_LYSC_20CM",2022,11,13,"MSM","TR","C",20,NA,NA,"",21.43,1784.19781866622,"",NA,NA,NA,NA,NA,NA,0,0,"bdl",1.1409,81.4564,"Within_Range",0.0125,0.8937,"Within_Range",NA,NA,NA,NA,NA,NA,NA,NA,NA,NA,NA,NA
"COMPASS:Synoptic","CB","MSM_202211_TR_LYSC_45CM",2022,11,13,"MSM","TR","C",45,NA,NA,"",36.99,3079.67696278411,"",NA,NA,NA,NA,NA,NA,0,0,"bdl",0.032,2.2875,"bdl",0,0,"bdl",NA,NA,NA,NA,NA,NA,NA,NA,NA,NA,NA,NA
"COMPASS:Synoptic","CB","MSM_202211_UP_LYSA_10CM",2022,11,13,"MSM","UP","A",10,NA,NA,"",NA,NA,NA,NA,NA,NA,NA,NA,NA,0.0114,0.8103,"bdl",1.076,76.8179,"Within_Range",0.0106,0.7587,"Within_Range",264.6481,8.2548,NA,3270.8644,92.267,NA,5.9105,0,0,0,"bdl","Within Range"
"COMPASS:Synoptic","CB","MSM_202211_UP_LYSA_20CM",2022,11,13,"MSM","UP","A",20,NA,NA,"",NA,NA,NA,NA,NA,NA,NA,NA,NA,0.0031,0.2228,"bdl",1.9573,139.7418,"Within_Range",0.0054,0.3821,"Within_Range",277.1974,8.6462,NA,2342.0044,66.065,NA,4.232,0,0,0,"bdl","Within Range"
"COMPASS:Synoptic","CB","MSM_202211_UP_LYSB_10CM",2022,11,13,"MSM","UP","B",10,NA,NA,"",12.18,1014.07043543419,"",NA,NA,NA,NA,NA,NA,0.0032,0.2252,"bdl",0.0931,6.6498,"Within_Range",0.0017,0.1212,"bdl",86.2372,2.6899,NA,654.6429,18.4667,NA,1.183,0,0,0,"bdl","Within Range"
"COMPASS:Synoptic","CB","MSM_202211_UP_LYSB_20CM",2022,11,13,"MSM","UP","B",20,NA,NA,"",NA,NA,NA,NA,NA,NA,NA,NA,NA,0.0041,0.2903,"bdl",0.3762,26.8616,"Within_Range",0.0022,0.1601,"bdl",114.7059,3.5779,NA,997.4385,28.1365,NA,1.8024,0,0,0,"bdl","Within Range"
"COMPASS:Synoptic","CB","MSM_202211_UP_LYSB_45CM",2022,11,13,"MSM","UP","B",45,NA,NA,"",NA,NA,NA,NA,NA,NA,NA,NA,NA,0.0045,0.3222,"bdl",0.8206,58.5882,"Within_Range",0.0098,0.6965,"Within_Range",547.2917,17.0709,NA,3075.0677,86.7438,NA,5.5567,0,0,0,"bdl","Within Range"
"COMPASS:Synoptic","CB","MSM_202211_UP_LYSC_10CM",2022,11,13,"MSM","UP","C",10,NA,NA,"",13.58,1130.63025559903,"",NA,NA,NA,NA,NA,NA,0.0074,0.5305,"bdl",0.525,37.4851,"Within_Range",0.0025,0.1784,"bdl",96.2034,3.0007,NA,1094.3512,30.8703,NA,1.9775,0,0,0,"bdl","Within Range"
"COMPASS:Synoptic","CB","MSM_202211_UP_LYSC_20CM",2022,11,13,"MSM","UP","C",20,NA,NA,"",33.96,2827.40820914162,"",NA,NA,NA,NA,NA,NA,0.011,0.783,"bdl",1.6427,117.2814,"Within_Range",0.0078,0.5579,"Within_Range",202.4505,6.3147,NA,1848.6897,52.1492,NA,3.3406,22.5825,0.4972,2.2017,"Within Range","Within Range"
"COMPASS:Synoptic","CB","MSM_202211_UP_LYSC_45CM",2022,11,13,"MSM","UP","C",45,NA,NA,"",NA,NA,NA,NA,NA,NA,NA,NA,NA,NA,NA,NA,1.1965,85.4203,"Within_Range",0,0,"bdl",647.3701,20.1925,NA,3552.1977,100.203,NA,6.4188,0,0,0,"bdl","Within Range"
"COMPASS:Synoptic","CB","GCW_202211_SW_A",2022,11,15,"GCW","SW","A",0,NA,NA,"",13.26,1103.98801098993,"",NA,NA,NA,NA,NA,NA,0.0191,1.3648,"bdl",0.0332,2.3739,"Within_Range",0.0279,1.9942,"Within_Range",663.6499,20.7002,NA,5151.5591,145.319,NA,9.3089,0,0,0,"bdl","Within Range"
"COMPASS:Synoptic","CB","GCW_202211_SW_B",2022,11,15,"GCW","SW","B",0,NA,NA,"",13.14,1093.99716926151,"",NA,NA,NA,NA,NA,NA,0.0163,1.1669,"bdl",0.0378,2.7023,"Within_Range",0.0387,2.7632,"Within_Range",661.216,20.6243,NA,5082.9487,143.3836,NA,9.1849,0,0,0,"bdl","Within Range"
"COMPASS:Synoptic","CB","GCW_202211_SW_C",2022,11,15,"GCW","SW","C",0,NA,NA,"",12.71,1058.19665306802,"",NA,NA,NA,NA,NA,NA,0.0213,1.5206,"bdl",0.0314,2.239,"Within_Range",0.0327,2.3317,"Within_Range",622.387,19.4132,NA,4786.6191,135.0245,NA,8.6494,0,0,0,"bdl","Within Range"
"COMPASS:Synoptic","CB","GCW_202211_TR_LYSA_20CM",2022,11,15,"GCW","TR","A",20,NA,NA,"",64.3,5353.4260261427,"",NA,NA,NA,NA,NA,NA,0.0158,1.1297,"bdl",0.3304,23.5884,"Within_Range",0.0027,0.1943,"bdl",12.7006,0.3962,NA,39.3372,1.1097,NA,0.0711,9.2617,0.6629,7.1579,"Within Range","Within Range"
"COMPASS:Synoptic","CB","GCW_202211_TR_LYSA_45CM",2022,11,15,"GCW","TR","A",45,NA,NA,"",43.7,3638.33152943135,"",NA,NA,NA,NA,NA,NA,0.0235,1.6745,"bdl",0.0737,5.264,"Within_Range",0.0034,0.2412,"Within_Range",29.8886,0.9323,NA,9.2674,0.2614,NA,0.0168,7.2043,0.5652,7.8452,"Within Range","Within Range"
"COMPASS:Synoptic","CB","GCW_202211_TR_LYSB_10CM",2022,11,15,"GCW","TR","B",10,NA,NA,"",35.07,2919.82349512946,"",NA,NA,NA,NA,NA,NA,0.0115,0.8188,"bdl",0.0958,6.8395,"Within_Range",0.0117,0.8325,"Within_Range",37.2271,1.1612,NA,42.8304,1.2082,NA,0.0774,8.0507,1.0497,13.0381,"Within Range","High CV"
"COMPASS:Synoptic","CB","GCW_202211_TR_LYSB_20CM",2022,11,15,"GCW","TR","B",20,NA,NA,"",54.45,4533.34443426859,"",NA,NA,NA,NA,NA,NA,0.0156,1.1148,"bdl",0.7895,56.3633,"Within_Range",0.0084,0.6021,"Within_Range",23.2492,0.7252,NA,27.3018,0.7701,NA,0.0494,2.0739,1.9888,95.8993,"Within Range","High CV"
"COMPASS:Synoptic","CB","GCW_202211_TR_LYSB_45CM",2022,11,15,"GCW","TR","B",45,NA,NA,"",NA,NA,NA,NA,NA,NA,NA,NA,NA,0.0241,1.7182,"bdl",0.0851,6.0746,"Within_Range",0.0011,0.0775,"bdl",8.5226,0.2658,NA,78.9566,2.2273,NA,0.1427,0,0,0,"bdl","Within Range"
"COMPASS:Synoptic","CB","GCW_202211_TR_LYSC_10CM",2022,11,15,"GCW","TR","C",10,NA,NA,"",14.11,1174.75647323287,"",NA,NA,NA,NA,NA,NA,0.0153,1.093,"bdl",0.0077,0.5467,"bdl",0.0133,0.952,"Within_Range",23.2523,0.7253,NA,36.3126,1.0243,NA,0.0656,0,0,0,"bdl","Within Range"
"COMPASS:Synoptic","CB","GCW_202211_TR_LYSC_20CM",2022,11,15,"GCW","TR","C",20,NA,NA,"",73.03,6080.25976188494,"",NA,NA,NA,NA,NA,NA,0.0049,0.3514,"bdl",0.4811,34.3511,"Within_Range",0.01,0.7141,"Within_Range",36.2821,1.1317,NA,48.2589,1.3613,NA,0.0872,0,0,0,"bdl","Within Range"
"COMPASS:Synoptic","CB","GCW_202211_TR_LYSC_45CM",2022,11,15,"GCW","TR","C",45,NA,NA,"",NA,NA,NA,NA,NA,NA,NA,NA,NA,0.0023,0.1622,"bdl",0.1445,10.3186,"Within_Range",0.0032,0.2265,"Within_Range",158.7476,4.9516,NA,134.0034,3.7801,NA,0.2422,0,0,0,"bdl","Within Range"
"COMPASS:Synoptic","CB","GCW_202211_TR_LYSC_45CM",2022,11,15,"GCW","TR","C",45,NA,NA,"",NA,NA,NA,NA,NA,NA,NA,NA,NA,0.0023,0.1622,"bdl",0.1445,10.3186,"Within_Range",0.0032,0.2265,"Within_Range",158.7476,4.9516,NA,133.2425,3.7586,NA,0.2408,0,0,0,"bdl","Within Range"
"COMPASS:Synoptic","CB","GCW_202211_TR_LYSC_45CM",2022,11,15,"GCW","TR","C",45,NA,NA,"",NA,NA,NA,NA,NA,NA,NA,NA,NA,0.0023,0.1622,"bdl",0.1445,10.3186,"Within_Range",0.0032,0.2265,"Within_Range",19.3955,0.605,NA,134.0034,3.7801,NA,0.2422,0,0,0,"bdl","Within Range"
"COMPASS:Synoptic","CB","GCW_202211_TR_LYSC_45CM",2022,11,15,"GCW","TR","C",45,NA,NA,"",NA,NA,NA,NA,NA,NA,NA,NA,NA,0.0023,0.1622,"bdl",0.1445,10.3186,"Within_Range",0.0032,0.2265,"Within_Range",19.3955,0.605,NA,133.2425,3.7586,NA,0.2408,0,0,0,"bdl","Within Range"
"COMPASS:Synoptic","CB","GCW_202211_UP_LYSB_10CM",2022,11,15,"GCW","UP","B",10,NA,NA,"",2.523,210.057447339938,"blank is ≥ 25% of sample value",NA,NA,NA,NA,NA,NA,0.0183,1.3037,"bdl",0.01,0.7116,"bdl",0.0019,0.1366,"bdl",25.2283,0.7869,NA,96.1308,2.7117,NA,0.1737,2.3082,0.6629,28.7205,"Within Range","High CV"
"COMPASS:Synoptic","CB","GCW_202211_UP_LYSB_20CM",2022,11,15,"GCW","UP","B",20,NA,NA,"",NA,NA,NA,NA,NA,NA,NA,NA,NA,0.0163,1.1642,"bdl",0.0283,2.0187,"Within_Range",0.0015,0.1048,"bdl",24.7076,0.7707,NA,6.0037,0.1694,NA,0.0109,0,0,0,"bdl","Within Range"
"COMPASS:Synoptic","CB","GCW_202211_UP_LYSC_10CM",2022,11,15,"GCW","UP","C",10,NA,NA,"",2.83,235.617350761802,"blank is ≥ 25% of sample value",NA,NA,NA,NA,NA,NA,0.0165,1.1784,"bdl",0.0066,0.4686,"bdl",0.0028,0.1965,"bdl",8.7733,0.2737,NA,6.819,0.1924,NA,0.0123,0,0,0,"bdl","Within Range"
"COMPASS:Synoptic","CB","GCW_202211_UP_LYSC_20CM",2022,11,15,"GCW","UP","C",20,NA,NA,"",NA,NA,NA,NA,NA,NA,NA,NA,NA,0.0158,1.1282,"bdl",0.1045,7.4613,"Within_Range",0.0808,5.771,"Within_Range",3.9959,0.1246,NA,8.5123,0.2401,NA,0.0154,0,0,0,"bdl","Within Range"
"COMPASS:Synoptic","CB","GCW_202211_UP_LYSC_45CM",2022,11,15,"GCW","UP","C",45,NA,NA,"",NA,NA,NA,NA,NA,NA,NA,NA,NA,NA,NA,NA,NA,NA,NA,NA,NA,NA,8.5612,0.267,NA,5.5322,0.1561,NA,0.01,0,0,0,"bdl","Within Range"
"COMPASS:Synoptic","CB","GWI_202211_SW_A",2022,11,17,"GWI","SW","A",0,NA,NA,"",21.22,1766.7138456415,"",NA,NA,NA,NA,NA,NA,0.0203,1.4517,"bdl",0.7089,50.6145,"Within_Range",0.0094,0.6698,"Within_Range",1977.6984,61.6874,NA,14413.7914,406.595,NA,26.0457,0,0,0,"bdl","Within Range"
"COMPASS:Synoptic","CB","GWI_202211_SW_B",2022,11,17,"GWI","SW","B",0,NA,NA,"",20.76,1728.4156190159,"",NA,NA,NA,NA,NA,NA,0.0162,1.1593,"bdl",0.7375,52.6516,"Within_Range",0.0092,0.6601,"Within_Range",2028.0536,63.2581,NA,14791.6628,417.2542,NA,26.7286,0,0,0,"bdl","Within Range"
"COMPASS:Synoptic","CB","GWI_202211_SW_C",2022,11,17,"GWI","SW","C",0,NA,NA,"",20.69,1722.58762800766,"",NA,NA,NA,NA,NA,NA,0.0198,1.416,"bdl",0.6751,48.199,"Within_Range",0.0076,0.5451,"Within_Range",2131.0356,66.4702,NA,15474.59,436.5188,NA,27.9626,0,0,0,"bdl","Within Range"
"COMPASS:Synoptic","CB","GWI_202211_TR_LYSA_10CM",2022,11,17,"GWI","TR","A",10,NA,NA,"",39.55,3292.81491965698,"",NA,NA,NA,NA,NA,NA,0.006,0.4255,"bdl",0.7712,55.0613,"Within_Range",0.0096,0.6886,"Within_Range",1862.6278,58.0982,NA,14578.7194,411.2474,NA,26.3438,18.6371,0.9944,5.3357,"Within Range","Within Range"
"COMPASS:Synoptic","CB","GWI_202211_TR_LYSA_20CM",2022,11,17,"GWI","TR","A",20,NA,NA,"",69.3,5769.71109816002,"",NA,NA,NA,NA,NA,NA,0.011,0.7859,"bdl",0.6976,49.8073,"Within_Range",0.0103,0.7365,"Within_Range",995.7634,31.0594,NA,12009.4475,338.7714,NA,21.7011,17.1526,4.4196,25.7663,"Within Range","High CV"
"COMPASS:Synoptic","CB","GWI_202211_TR_LYSA_45CM",2022,11,17,"GWI","TR","A",45,NA,NA,"",NA,NA,NA,NA,NA,NA,NA,NA,NA,0.0345,2.4647,"Within_Range",1.2558,89.6594,"Within_Range",0.0019,0.1332,"bdl",699.8877,21.8306,NA,8161.5412,230.2268,NA,14.7479,10.0429,3.3147,33.0053,"Within Range","High CV"
"COMPASS:Synoptic","CB","GWI_202211_TR_LYSB_10CM",2022,11,17,"GWI","TR","B",10,NA,NA,"",23.51,1957.37240862543,"",NA,NA,NA,NA,NA,NA,0.0118,0.8452,"bdl",0.5399,38.5469,"Within_Range",0.0072,0.5119,"Within_Range",1891.15,58.9878,NA,14206.1918,400.7388,NA,25.6706,0.6072,0.8587,141.4214,"Within Range","High CV"
"COMPASS:Synoptic","CB","GWI_202211_TR_LYSB_20CM",2022,11,17,"GWI","TR","B",20,NA,NA,"",94.85,7896.92781616851,"",NA,NA,NA,NA,NA,NA,0.0142,1.0121,"bdl",1.7007,121.4172,"Within_Range",0.014,0.9996,"Within_Range",746.6544,23.2893,NA,12574.3688,354.7072,NA,22.7219,144.4496,11.0635,7.659,"adl","Within Range"
"COMPASS:Synoptic","CB","GWI_202211_TR_LYSB_45CM",2022,11,17,"GWI","TR","B",45,NA,NA,"",49.28,4102.90566980268,"",NA,NA,NA,NA,NA,NA,0.0104,0.7434,"bdl",0.5904,42.148,"Within_Range",0.0107,0.7633,"Within_Range",1244.6327,38.822,NA,10803.9026,304.7645,NA,19.5227,23.5071,1.1086,4.7159,"Within Range","Within Range"
"COMPASS:Synoptic","CB","GWI_202211_TR_LYSC_10CM",2022,11,17,"GWI","TR","C",10,NA,NA,"",10.87,905.003746565648,"",NA,NA,NA,NA,NA,NA,0.024,1.7125,"bdl",0.8656,61.7981,"Within_Range",0.008,0.5718,"Within_Range",1844.5566,57.5345,NA,13773.3261,388.5282,NA,24.8884,0,0,0,"bdl","Within Range"
"COMPASS:Synoptic","CB","GWI_202211_TR_LYSC_20CM",2022,11,17,"GWI","TR","C",20,NA,NA,"",34.22,2849.05503288652,"",NA,NA,NA,NA,NA,NA,0.0125,0.8949,"bdl",0.9542,68.1275,"Within_Range",0.0094,0.6725,"Within_Range",1616.3877,50.4176,NA,13512.9722,381.184,NA,24.418,32.1012,1.6708,5.2048,"Within Range","Within Range"
"COMPASS:Synoptic","CB","GWI_202211_TR_LYSC_45CM",2022,11,17,"GWI","TR","C",45,NA,NA,"",NA,NA,NA,NA,NA,NA,NA,NA,NA,0.014,1.0017,"bdl",1.3943,99.5477,"Within_Range",0.0241,1.7194,"Within_Range",1482.4622,46.2402,NA,11314.8145,319.1767,NA,20.4459,0,0,0,"bdl","Within Range"
"COMPASS:Synoptic","CB","GWI_202211_UP_LYSA_10CM",2022,11,17,"GWI","UP","A",10,NA,NA,"",NA,NA,NA,NA,NA,NA,NA,NA,NA,0.007,0.5026,"bdl",0.09,6.429,"Within_Range",0.0432,3.0845,"Within_Range",855.1248,26.6726,NA,6963.7294,196.4381,NA,12.5835,0,0,0,"bdl","Within Range"
"COMPASS:Synoptic","CB","GWI_202211_UP_LYSA_20CM",2022,11,17,"GWI","UP","A",20,NA,NA,"",13.41,1116.47656315045,"",NA,NA,NA,NA,NA,NA,0.0067,0.4791,"bdl",0.1987,14.1882,"Within_Range",0.0262,1.871,"Within_Range",906.615,28.2787,NA,7209.5632,203.3727,NA,13.0277,8.4413,0.3867,4.5812,"Within Range","Within Range"
"COMPASS:Synoptic","CB","GWI_202211_UP_LYSA_45CM",2022,11,17,"GWI","UP","A",45,NA,NA,"",NA,NA,NA,NA,NA,NA,NA,NA,NA,0.0107,0.7618,"bdl",0.2709,19.3378,"Within_Range",0.0324,2.3153,"Within_Range",721.3934,22.5014,NA,6087.5963,171.7234,NA,11.0003,7.4257,0.6077,8.1837,"Within Range","Within Range"
"COMPASS:Synoptic","CB","GWI_202211_UP_LYSB_10CM",2022,11,17,"GWI","UP","B",10,NA,NA,"",2.676,222.795770543668,"blank is ≥ 25% of sample value",NA,NA,NA,NA,NA,NA,0.0075,0.5376,"bdl",0.0141,1.0049,"bdl",0.0795,5.6759,"Within_Range",491.0359,15.3162,NA,3760.6402,106.0829,NA,6.7955,5.824,0.6629,11.3829,"Within Range","High CV"
"COMPASS:Synoptic","CB","GWI_202211_UP_LYSB_20CM",2022,11,17,"GWI","UP","B",20,NA,NA,"",12.06,1004.07959370577,"",NA,NA,NA,NA,NA,NA,0.0111,0.7935,"bdl",0.4201,29.9913,"Within_Range",0.0213,1.5216,"Within_Range",675.1521,21.059,NA,5696.8235,160.7002,NA,10.2942,1.4228,0.0902,6.3407,"Within Range","Within Range"
"COMPASS:Synoptic","CB","GWI_202211_UP_LYSC_10CM",2022,11,17,"GWI","UP","C",10,NA,NA,"",7.829,651.819165764716,"",NA,NA,NA,NA,NA,NA,0.0091,0.648,"bdl",0.535,38.1964,"Within_Range",0.0353,2.5193,"Within_Range",1006.3729,31.3903,NA,7422.5731,209.3815,NA,13.4126,2.1129,0.1657,7.8439,"Within Range","Within Range"
"COMPASS:Synoptic","CB","GWI_202211_UP_LYSC_20CM",2022,11,17,"GWI","UP","C",20,NA,NA,"",16.03,1334.60994088752,"",NA,NA,NA,NA,NA,NA,0.0115,0.8237,"bdl",0.8919,63.6732,"Within_Range",0.0286,2.0447,"Within_Range",1144.9459,35.7126,NA,9289.2814,262.039,NA,16.7858,0.0213,0.0301,141.4214,"Within Range","High CV"
"COMPASS:Synoptic","CB","GWI_202211_UP_LYSC_20CM",2022,11,17,"GWI","UP","C",20,NA,NA,"",16.03,1334.60994088752,"",NA,NA,NA,NA,NA,NA,0.0115,0.8237,"bdl",0.8919,63.6732,"Within_Range",0.0286,2.0447,"Within_Range",1144.9459,35.7126,NA,8633.3808,243.5368,NA,15.6005,0.0213,0.0301,141.4214,"Within Range","High CV"
"COMPASS:Synoptic","CB","GWI_202211_UP_LYSC_20CM",2022,11,17,"GWI","UP","C",20,NA,NA,"",16.03,1334.60994088752,"",NA,NA,NA,NA,NA,NA,0.0115,0.8237,"bdl",0.8919,63.6732,"Within_Range",0.0286,2.0447,"Within_Range",1062.65,33.1457,NA,9289.2814,262.039,NA,16.7858,0.0213,0.0301,141.4214,"Within Range","High CV"
"COMPASS:Synoptic","CB","GWI_202211_UP_LYSC_20CM",2022,11,17,"GWI","UP","C",20,NA,NA,"",16.03,1334.60994088752,"",NA,NA,NA,NA,NA,NA,0.0115,0.8237,"bdl",0.8919,63.6732,"Within_Range",0.0286,2.0447,"Within_Range",1062.65,33.1457,NA,8633.3808,243.5368,NA,15.6005,0.0213,0.0301,141.4214,"Within Range","High CV"
"COMPASS:Synoptic","CB","GCW_202304_SW_A",2023,4,19,"GCW","SW","A",0,NA,NA,"",NA,NA,NA,NA,NA,NA,NA,NA,NA,0.0204,1.4551,"bdl",0.0469,3.3464,"Within_Range",0.0755,2.4389,"Within_Range",898.2051,28.0164,NA,7714.6715,217.6212,NA,13.9404,0,0,0,"bdl","Within Range"
"COMPASS:Synoptic","CB","GCW_202304_SW_B",2023,4,19,"GCW","SW","B",0,NA,NA,"",NA,NA,NA,NA,NA,NA,NA,NA,NA,0.0136,0.968,"bdl",0.0139,0.9952,"bdl",0.0379,1.2222,"Within_Range",914.3108,28.5187,NA,7716.746,217.6797,NA,13.9442,0,0,0,"bdl","Within Range"
"COMPASS:Synoptic","CB","GCW_202304_SW_C",2023,4,19,"GCW","SW","C",0,NA,NA,"",NA,NA,NA,NA,NA,NA,NA,NA,NA,0.0134,0.9572,"bdl",0.1044,7.4571,"Within_Range",0.0648,2.0914,"Within_Range",923.4885,28.805,NA,7755.6354,218.7767,NA,14.0145,0,0,0,"bdl","Within Range"
"COMPASS:Synoptic","CB","GCW_202304_TR_LYSA_10CM",2023,4,19,"GCW","TR","A",10,NA,NA,"",NA,NA,NA,NA,NA,NA,NA,NA,NA,0.0101,0.7217,"bdl",0.3526,25.1759,"Within_Range",0.006,0.1922,"Within_Range",NA,NA,NA,NA,NA,NA,NA,NA,NA,NA,NA,NA
"COMPASS:Synoptic","CB","GCW_202304_TR_LYSA_20CM",2023,4,19,"GCW","TR","A",20,NA,NA,"",NA,NA,NA,NA,NA,NA,NA,NA,NA,0.0125,0.8925,"bdl",0.0022,0.1577,"bdl",0.0205,0.6616,"Within_Range",12.3175,0.3842,NA,79.1702,2.2333,NA,0.1431,0,0,0,"bdl","Within Range"
"COMPASS:Synoptic","CB","GCW_202304_TR_LYSA_45CM",2023,4,19,"GCW","TR","A",45,NA,NA,"",NA,NA,NA,NA,NA,NA,NA,NA,NA,0.008,0.5747,"bdl",0.0253,1.8038,"Within_Range",0.0035,0.1135,"Within_Range",28.1976,0.8795,NA,78.1492,2.2045,NA,0.1412,0,0,0,"bdl","Within Range"
"COMPASS:Synoptic","CB","GCW_202304_TR_LYSB_10CM",2023,4,19,"GCW","TR","B",10,NA,NA,"",NA,NA,NA,NA,NA,NA,NA,NA,NA,0.0092,0.6565,"bdl",0.5716,40.8112,"Within_Range",0.011,0.3566,"Within_Range",32.3604,1.0094,NA,77.7315,2.1927,NA,0.1405,6.6111,0.3452,5.2212,"Within Range","Within Range"
"COMPASS:Synoptic","CB","GCW_202304_TR_LYSB_20CM",2023,4,19,"GCW","TR","B",20,NA,NA,"",NA,NA,NA,NA,NA,NA,NA,NA,NA,0.0082,0.5859,"bdl",0.0428,3.0548,"Within_Range",0.0096,0.3101,"Within_Range",24.9499,0.7782,NA,73.6636,2.078,NA,0.1331,0,0,0,"bdl","Within Range"
"COMPASS:Synoptic","CB","GCW_202304_TR_LYSB_45CM",2023,4,19,"GCW","TR","B",45,NA,NA,"",NA,NA,NA,NA,NA,NA,NA,NA,NA,0.0098,0.7012,"bdl",0.013,0.9258,"bdl",0.0105,0.3401,"Within_Range",15.1401,0.4722,NA,101.5811,2.8655,NA,0.1836,0,0,0,"bdl","Within Range"
"COMPASS:Synoptic","CB","GCW_202304_TR_LYSC_10CM",2023,4,19,"GCW","TR","C",10,NA,NA,"",NA,NA,NA,NA,NA,NA,NA,NA,NA,0.012,0.8552,"bdl",0,0,"bdl",0.0099,0.318,"Within_Range",30.0811,0.9383,NA,92.321,2.6043,NA,0.1669,6.3937,0.5919,9.2576,"Within Range","Within Range"
"COMPASS:Synoptic","CB","GCW_202304_TR_LYSC_20CM",2023,4,19,"GCW","TR","C",20,NA,NA,"",NA,NA,NA,NA,NA,NA,NA,NA,NA,0.0227,1.6236,"bdl",0.3391,24.2127,"Within_Range",0.0318,1.028,"Within_Range",20.6465,0.644,NA,85.2878,2.4059,NA,0.1541,0,0,0,"bdl","Within Range"
"COMPASS:Synoptic","CB","GCW_202304_TR_LYSC_45CM",2023,4,19,"GCW","TR","C",45,NA,NA,"",NA,NA,NA,NA,NA,NA,NA,NA,NA,0.0171,1.2231,"bdl",0.0171,1.2211,"bdl",0.0065,0.2101,"Within_Range",35.4017,1.1042,NA,135.0146,3.8086,NA,0.244,0,0,0,"bdl","Within Range"
"COMPASS:Synoptic","CB","GCW_202304_UP_LYSA_20CM",2023,4,19,"GCW","UP","A",20,NA,NA,"",NA,NA,NA,NA,NA,NA,NA,NA,NA,NA,NA,NA,NA,NA,NA,NA,NA,NA,8.2441,0.2571,NA,0.0017,0,NA,0,0,0,0,"bdl","Within Range"
"COMPASS:Synoptic","CB","GCW_202304_UP_LYSB_10CM",2023,4,19,"GCW","UP","B",10,NA,NA,"",NA,NA,NA,NA,NA,NA,NA,NA,NA,NA,NA,NA,NA,NA,NA,NA,NA,NA,12.3025,0.3837,NA,0,0,NA,0,0,0,0,"bdl","Within Range"
"COMPASS:Synoptic","CB","GCW_202304_UP_LYSB_20CM",2023,4,19,"GCW","UP","B",20,NA,NA,"",NA,NA,NA,NA,NA,NA,NA,NA,NA,NA,NA,NA,NA,NA,NA,NA,NA,NA,9.8512,0.3073,NA,0,0,NA,0,0,0,0,"bdl","Within Range"
"COMPASS:Synoptic","CB","GCW_202304_UP_LYSC_10CM",2023,4,19,"GCW","UP","C",10,NA,NA,"",NA,NA,NA,NA,NA,NA,NA,NA,NA,0.009,0.6438,"bdl",0.0225,1.6084,"Within_Range",0.0038,0.1224,"Within_Range",6.8551,0.2138,NA,0,0,NA,0,0,0,0,"bdl","Within Range"
"COMPASS:Synoptic","CB","GCW_202304_UP_LYSC_20CM",2023,4,19,"GCW","UP","C",20,NA,NA,"",NA,NA,NA,NA,NA,NA,NA,NA,NA,0.0081,0.5751,"bdl",0,0,"bdl",0.02,0.6448,"Within_Range",5.9284,0.1849,NA,0,0,NA,0,0,0,0,"bdl","Within Range"
"COMPASS:Synoptic","CB","GCW_202304_UP_LYSC_45CM",2023,4,19,"GCW","UP","C",45,NA,NA,"",NA,NA,NA,NA,NA,NA,NA,NA,NA,NA,NA,NA,NA,NA,NA,NA,NA,NA,13.7793,0.4298,NA,80.6304,2.2745,NA,0.1457,0,0,0,"bdl","Within Range"
"COMPASS:Synoptic","CB","GCW_202304_WC_LYSA_10CM",2023,4,19,"GCW","WC","A",10,NA,NA,"",NA,NA,NA,NA,NA,NA,NA,NA,NA,0.0177,1.264,"bdl",0.1402,10.0083,"Within_Range",0.0636,2.053,"Within_Range",763.3848,23.8111,NA,7149.4783,201.6778,NA,12.9191,201.5912,4.4516,2.2082,"adl","Within Range"
"COMPASS:Synoptic","CB","GCW_202304_WC_LYSA_20CM",2023,4,19,"GCW","WC","A",20,NA,NA,"",NA,NA,NA,NA,NA,NA,NA,NA,NA,0.0141,1.0063,"bdl",0.0322,2.3011,"Within_Range",0.0696,2.2485,"Within_Range",744.1903,23.2124,NA,7533.2472,212.5034,NA,13.6126,1616.4714,103.1836,6.3833,"adl","Within Range"
"COMPASS:Synoptic","CB","GCW_202304_WC_LYSA_45CM",2023,4,19,"GCW","WC","A",45,NA,NA,"",NA,NA,NA,NA,NA,NA,NA,NA,NA,0.0151,1.0796,"bdl",1.4617,104.3575,"Within_Range",0.3886,12.5459,"adl",467.4926,14.5818,NA,8337.7609,235.1978,NA,15.0664,167.1267,9.3636,5.6027,"adl","Within Range"
"COMPASS:Synoptic","CB","GCW_202304_WC_LYSB_10CM",2023,4,19,"GCW","WC","B",10,NA,NA,"",NA,NA,NA,NA,NA,NA,NA,NA,NA,0.0144,1.0282,"bdl",0.0978,6.982,"Within_Range",0.1338,4.3213,"Within_Range",716.6762,22.3542,NA,6894.7553,194.4924,NA,12.4588,199.482,1.7459,0.8752,"adl","Within Range"
"COMPASS:Synoptic","CB","GCW_202304_WC_LYSB_20CM",2023,4,19,"GCW","WC","B",20,NA,NA,"",NA,NA,NA,NA,NA,NA,NA,NA,NA,0.0137,0.9755,"bdl",0.332,23.7027,"Within_Range",0.1959,6.326,"Within_Range",676.0206,21.0861,NA,6859.3584,193.4939,NA,12.3949,1582.333,14.43,0.9119,"adl","Within Range"
"COMPASS:Synoptic","CB","GCW_202304_WC_LYSB_45CM",2023,4,19,"GCW","WC","B",45,NA,NA,"",NA,NA,NA,NA,NA,NA,NA,NA,NA,0.0152,1.083,"bdl",1.6693,119.1817,"Within_Range",0.455,14.691,"adl",440.9736,13.7546,NA,7417.9642,209.2515,NA,13.4043,166.2787,3.9369,2.3677,"adl","Within Range"
"COMPASS:Synoptic","CB","GCW_202304_WC_LYSC_10CM",2023,4,19,"GCW","WC","C",10,NA,NA,"",NA,NA,NA,NA,NA,NA,NA,NA,NA,0.0136,0.9726,"bdl",0.028,1.996,"Within_Range",0.0796,2.5685,"Within_Range",819.6518,25.5662,NA,7487.4238,211.2108,NA,13.5298,806.7182,51.0331,6.326,"Within Range","Within Range"
"COMPASS:Synoptic","CB","GCW_202304_WC_LYSC_20CM",2023,4,19,"GCW","WC","C",20,NA,NA,"",NA,NA,NA,NA,NA,NA,NA,NA,NA,0.0119,0.8529,"bdl",0.1132,8.0794,"Within_Range",0.103,3.3247,"Within_Range",879.3778,27.4291,NA,7806.7506,220.2186,NA,14.1068,651.6822,26.7718,4.1081,"Within Range","Within Range"
"COMPASS:Synoptic","CB","GCW_202304_WC_LYSC_45CM",2023,4,19,"GCW","WC","C",45,NA,NA,"",NA,NA,NA,NA,NA,NA,NA,NA,NA,0.0153,1.0916,"bdl",0.2543,18.1568,"Within_Range",0.2493,8.0477,"Within_Range",848.2726,26.4589,NA,8642.368,243.7904,NA,15.6168,1677.3551,53.5026,3.1897,"adl","Within Range"
"COMPASS:Synoptic","CB","MSM_202304_SW_A",2023,4,24,"MSM","SW","A",0,NA,NA,"",NA,NA,NA,NA,NA,NA,NA,NA,NA,0.0099,0.7058,"bdl",0.1524,10.8776,"Within_Range",0.002,0.0642,"bdl",1521.3339,47.4527,NA,12617.5151,355.9243,NA,22.7999,0,0,0,"bdl","Within Range"
"COMPASS:Synoptic","CB","MSM_202304_SW_B",2023,4,24,"MSM","SW","B",0,NA,NA,"",NA,NA,NA,NA,NA,NA,NA,NA,NA,0.0098,0.6981,"bdl",0.1575,11.2471,"Within_Range",0.0013,0.0421,"bdl",1518.8697,47.3758,NA,12539.0912,353.712,NA,22.6582,0,0,0,"bdl","Within Range"
"COMPASS:Synoptic","CB","MSM_202304_SW_C",2023,4,24,"MSM","SW","C",0,NA,NA,"",NA,NA,NA,NA,NA,NA,NA,NA,NA,0.0115,0.8237,"bdl",0.1388,9.913,"Within_Range",0.0017,0.0563,"bdl",1560.1883,48.6646,NA,12897.8306,363.8316,NA,23.3064,0,0,0,"bdl","Within Range"
"COMPASS:Synoptic","CB","MSM_202304_TR_LYSA_10CM",2023,4,24,"MSM","TR","A",10,NA,NA,"",NA,NA,NA,NA,NA,NA,NA,NA,NA,0.0066,0.4699,"bdl",0.0615,4.3919,"Within_Range",0.008,0.2598,"Within_Range",537.0337,16.7509,NA,4665.5802,131.6102,NA,8.4307,0,0,0,"bdl","Within Range"
"COMPASS:Synoptic","CB","MSM_202304_TR_LYSA_20CM",2023,4,24,"MSM","TR","A",20,NA,NA,"",NA,NA,NA,NA,NA,NA,NA,NA,NA,3e-04,0.0224,"bdl",1.655,118.1595,"Within_Range",0.0186,0.6,"Within_Range",641.1689,19.999,NA,5097.133,143.7837,NA,9.2105,3.5126,0.1384,3.9395,"Within Range","Within Range"
"COMPASS:Synoptic","CB","MSM_202304_TR_LYSA_45CM",2023,4,24,"MSM","TR","A",45,NA,NA,"",NA,NA,NA,NA,NA,NA,NA,NA,NA,0.0025,0.177,"bdl",1.1015,78.6394,"Within_Range",0.0414,1.3373,"Within_Range",726.517,22.6612,NA,6015.0163,169.6761,NA,10.8692,0,0,0,"bdl","Within Range"
"COMPASS:Synoptic","CB","MSM_202304_TR_LYSB_10CM",2023,4,24,"MSM","TR","B",10,NA,NA,"",NA,NA,NA,NA,NA,NA,NA,NA,NA,0.0126,0.9014,"bdl",0.173,12.3524,"Within_Range",0.0097,0.3142,"Within_Range",561.2596,17.5065,NA,5011.7803,141.376,NA,9.0563,0,0,0,"bdl","Within Range"
"COMPASS:Synoptic","CB","MSM_202304_TR_LYSB_20CM",2023,4,24,"MSM","TR","B",20,NA,NA,"",NA,NA,NA,NA,NA,NA,NA,NA,NA,0.0027,0.1937,"bdl",1.1419,81.5233,"Within_Range",0.0108,0.3474,"Within_Range",495.4686,15.4544,NA,5167.2731,145.7623,NA,9.3373,12.2646,1.0238,8.3478,"Within Range","Within Range"
"COMPASS:Synoptic","CB","MSM_202304_TR_LYSB_45CM",2023,4,24,"MSM","TR","B",45,NA,NA,"",NA,NA,NA,NA,NA,NA,NA,NA,NA,0.0047,0.3348,"bdl",1.508,107.6645,"Within_Range",0.0229,0.7385,"Within_Range",508.6113,15.8644,NA,5790.1846,163.3338,NA,10.4629,9.2205,0.848,9.1972,"Within Range","Within Range"
"COMPASS:Synoptic","CB","MSM_202304_TR_LYSC_10CM",2023,4,24,"MSM","TR","C",10,NA,NA,"",NA,NA,NA,NA,NA,NA,NA,NA,NA,0.005,0.354,"bdl",0.3952,28.2179,"Within_Range",0.0103,0.333,"Within_Range",579.3436,18.0706,NA,5440.5188,153.4702,NA,9.831,2.3928,0.2291,9.5742,"Within Range","Within Range"
"COMPASS:Synoptic","CB","MSM_202304_TR_LYSC_20CM",2023,4,24,"MSM","TR","C",20,NA,NA,"",NA,NA,NA,NA,NA,NA,NA,NA,NA,0.0023,0.1639,"bdl",1.7687,126.2764,"Within_Range",0.0172,0.5566,"Within_Range",468.4367,14.6113,NA,5252.3757,148.1629,NA,9.4911,6.7416,0.3632,5.3874,"Within Range","Within Range"
"COMPASS:Synoptic","CB","MSM_202304_TR_LYSC_45CM",2023,4,24,"MSM","TR","C",45,NA,NA,"",NA,NA,NA,NA,NA,NA,NA,NA,NA,0.0019,0.1383,"bdl",1.6932,120.885,"Within_Range",0.0409,1.3207,"Within_Range",739.1251,23.0544,NA,6354.9549,179.2653,NA,11.4834,0,0,0,"bdl","Within Range"
"COMPASS:Synoptic","CB","MSM_202304_UP_LYSA_20CM",2023,4,24,"MSM","UP","A",20,NA,NA,"",NA,NA,NA,NA,NA,NA,NA,NA,NA,0.0065,0.462,"bdl",1.2937,92.3603,"Within_Range",0.0097,0.3117,"Within_Range",213.5946,6.6623,NA,2409.7962,67.9773,NA,4.3545,0.2836,0,0,"Within Range","Within Range"
"COMPASS:Synoptic","CB","MSM_202304_UP_LYSA_45CM",2023,4,24,"MSM","UP","A",45,NA,NA,"",NA,NA,NA,NA,NA,NA,NA,NA,NA,0.0068,0.4836,"bdl",1.18,84.2483,"Within_Range",0.0208,0.6702,"Within_Range",292.032,9.1089,NA,3709.1606,104.6308,NA,6.7025,0,0,0,"bdl","Within Range"
"COMPASS:Synoptic","CB","MSM_202304_UP_LYSB_10CM",2023,4,24,"MSM","UP","B",10,NA,NA,"",NA,NA,NA,NA,NA,NA,NA,NA,NA,0.004,0.2845,"bdl",0.0554,3.9575,"Within_Range",0.004,0.1293,"Within_Range",53.4623,1.6676,NA,724.8933,20.4483,NA,1.3099,0,0,0,"bdl","Within Range"
"COMPASS:Synoptic","CB","MSM_202304_UP_LYSB_20CM",2023,4,24,"MSM","UP","B",20,NA,NA,"",NA,NA,NA,NA,NA,NA,NA,NA,NA,0.0078,0.5538,"bdl",0.3106,22.1785,"Within_Range",0.0039,0.1255,"Within_Range",66.2282,2.0658,NA,903.5627,25.4884,NA,1.6328,0,0,0,"bdl","Within Range"
"COMPASS:Synoptic","CB","MSM_202304_UP_LYSB_45CM",2023,4,24,"MSM","UP","B",45,NA,NA,"",NA,NA,NA,NA,NA,NA,NA,NA,NA,0.0069,0.4903,"bdl",0.651,46.4788,"Within_Range",0.0157,0.5066,"Within_Range",222.6503,6.9448,NA,2656.9852,74.9502,NA,4.8012,0,0,0,"bdl","Within Range"
"COMPASS:Synoptic","CB","MSM_202304_UP_LYSC_10CM",2023,4,24,"MSM","UP","C",10,NA,NA,"",NA,NA,NA,NA,NA,NA,NA,NA,NA,0.0078,0.559,"bdl",0.4114,29.3694,"Within_Range",0.007,0.2272,"Within_Range",103.6061,3.2316,NA,1129.6121,31.8649,NA,2.0412,0,0,0,"bdl","Within Range"
"COMPASS:Synoptic","CB","MSM_202304_UP_LYSC_20CM",2023,4,24,"MSM","UP","C",20,NA,NA,"",NA,NA,NA,NA,NA,NA,NA,NA,NA,0.0086,0.6106,"bdl",1.4122,100.8232,"Within_Range",0.0087,0.2801,"Within_Range",179.8703,5.6104,NA,1984.2002,55.9718,NA,3.5855,4.241,0.1642,3.8709,"Within Range","Within Range"
"COMPASS:Synoptic","CB","MSM_202304_WC_LYSA_10CM",2023,4,24,"MSM","WC","A",10,NA,NA,"",NA,NA,NA,NA,NA,NA,NA,NA,NA,0.0059,0.4198,"bdl",0,0,"bdl",0.005,0.1608,"Within_Range",1521.8959,47.4702,NA,12882.3394,363.3946,NA,23.2784,87.8039,5.684,6.4735,"Within Range","Within Range"
"COMPASS:Synoptic","CB","MSM_202304_WC_LYSA_20CM",2023,4,24,"MSM","WC","A",20,NA,NA,"",NA,NA,NA,NA,NA,NA,NA,NA,NA,0.0043,0.3105,"bdl",0.3794,27.0863,"Within_Range",0.0219,0.7069,"Within_Range",1448.9153,45.1939,NA,12668.0913,357.351,NA,22.8913,136.0977,9.1409,6.7165,"adl","Within Range"
"COMPASS:Synoptic","CB","MSM_202304_WC_LYSA_45CM",2023,4,24,"MSM","WC","A",45,NA,NA,"",NA,NA,NA,NA,NA,NA,NA,NA,NA,0.0049,0.3469,"bdl",0.2645,18.8809,"Within_Range",0.0197,0.6352,"Within_Range",194.9079,6.0795,NA,11814.517,333.2727,NA,21.3489,0,0,0,"bdl","Within Range"
"COMPASS:Synoptic","CB","MSM_202304_WC_LYSB_10CM",2023,4,24,"MSM","WC","B",10,NA,NA,"",NA,NA,NA,NA,NA,NA,NA,NA,NA,0.005,0.3546,"bdl",0.1798,12.8349,"Within_Range",0.0227,0.7326,"Within_Range",1373.8016,42.851,NA,11902.4883,335.7543,NA,21.5078,600.8008,16.8135,2.7985,"Within Range","Within Range"
"COMPASS:Synoptic","CB","MSM_202304_WC_LYSB_20CM",2023,4,24,"MSM","WC","B",20,NA,NA,"",NA,NA,NA,NA,NA,NA,NA,NA,NA,0.0021,0.1497,"bdl",0.1996,14.2537,"Within_Range",0.0366,1.183,"Within_Range",1224.0856,38.1811,NA,11387.0133,321.2134,NA,20.5764,803.4566,68.4859,8.5239,"Within Range","Within Range"
"COMPASS:Synoptic","CB","MSM_202304_WC_LYSB_45CM",2023,4,24,"MSM","WC","B",45,NA,NA,"",NA,NA,NA,NA,NA,NA,NA,NA,NA,NA,NA,NA,NA,NA,NA,NA,NA,NA,276.8845,8.6364,NA,11859.1742,334.5324,NA,21.4296,0,0,0,"bdl","Within Range"
"COMPASS:Synoptic","CB","MSM_202304_WC_LYSC_10CM",2023,4,24,"MSM","WC","C",10,NA,NA,"",NA,NA,NA,NA,NA,NA,NA,NA,NA,0.0012,0.0872,"bdl",0.3318,23.6868,"Within_Range",0.0239,0.7705,"Within_Range",1314.9284,41.0146,NA,11340.3433,319.8968,NA,20.492,538.6125,8.8806,1.6488,"Within Range","Within Range"
"COMPASS:Synoptic","CB","MSM_202304_WC_LYSC_20CM",2023,4,24,"MSM","WC","C",20,NA,NA,"",NA,NA,NA,NA,NA,NA,NA,NA,NA,0.0067,0.4779,"bdl",1.1532,82.3308,"Within_Range",0.0577,1.8613,"Within_Range",1044.9479,32.5935,NA,10714.5931,302.2452,NA,19.3613,986.3251,17.4591,1.7701,"adl","Within Range"
"COMPASS:Synoptic","CB","MSM_202304_WC_LYSC_45CM",2023,4,24,"MSM","WC","C",45,NA,NA,"",NA,NA,NA,NA,NA,NA,NA,NA,NA,0.0077,0.5469,"bdl",1.437,102.5955,"Within_Range",0.0138,0.445,"Within_Range",153.484,4.7874,NA,10612.6841,299.3705,NA,19.1771,0,0,0,"bdl","Within Range"
"COMPASS:Synoptic","CB","GWI_202304_SW_A",2023,4,25,"GWI","SW","A",0,NA,NA,"",NA,NA,NA,NA,NA,NA,NA,NA,NA,0.0034,0.2439,"bdl",0.2248,16.0463,"Within_Range",0.0018,0.0584,"bdl",2230.0383,69.5583,NA,19018.8101,536.4968,NA,34.367,0,0,0,"bdl","Within Range"
"COMPASS:Synoptic","CB","GWI_202304_SW_B",2023,4,25,"GWI","SW","B",0,NA,NA,"",NA,NA,NA,NA,NA,NA,NA,NA,NA,0.0038,0.2742,"bdl",0.2022,14.4394,"Within_Range",0.0024,0.0762,"bdl",2235.8118,69.7384,NA,19106.6499,538.9746,NA,34.5257,0,0,0,"bdl","Within Range"
"COMPASS:Synoptic","CB","GWI_202304_SW_C",2023,4,25,"GWI","SW","C",0,NA,NA,"",NA,NA,NA,NA,NA,NA,NA,NA,NA,0.0093,0.6626,"bdl",0.2055,14.6743,"Within_Range",0.0027,0.0858,"bdl",2292.5121,71.5069,NA,19356.5144,546.023,NA,34.9772,0,0,0,"bdl","Within Range"
"COMPASS:Synoptic","CB","GWI_202304_TR_LYSA_10CM",2023,4,25,"GWI","TR","A",10,NA,NA,"",NA,NA,NA,NA,NA,NA,NA,NA,NA,0.0148,1.0571,"bdl",0.0658,4.6985,"Within_Range",0.0051,0.1662,"Within_Range",917.7231,28.6252,NA,8249.6694,232.7128,NA,14.9072,0,0,0,"bdl","Within Range"
"COMPASS:Synoptic","CB","GWI_202304_TR_LYSA_20CM",2023,4,25,"GWI","TR","A",20,NA,NA,"",NA,NA,NA,NA,NA,NA,NA,NA,NA,0.0117,0.8328,"bdl",0.2597,18.5407,"Within_Range",0.0102,0.3307,"Within_Range",1227.6656,38.2928,NA,11915.6181,336.1246,NA,21.5315,0,0,0,"bdl","Within Range"
"COMPASS:Synoptic","CB","GWI_202304_TR_LYSA_45CM",2023,4,25,"GWI","TR","A",45,NA,NA,"",NA,NA,NA,NA,NA,NA,NA,NA,NA,NA,NA,NA,NA,NA,NA,NA,NA,NA,1069.8696,33.3709,NA,13014.96,367.1357,NA,23.5181,0,0,0,"bdl","Within Range"
"COMPASS:Synoptic","CB","GWI_202304_TR_LYSB_10CM",2023,4,25,"GWI","TR","B",10,NA,NA,"",NA,NA,NA,NA,NA,NA,NA,NA,NA,0.0124,0.8869,"bdl",0.092,6.5703,"Within_Range",0.0045,0.1448,"Within_Range",956.7408,29.8422,NA,8295.9188,234.0175,NA,14.9908,0,0,0,"bdl","Within Range"
"COMPASS:Synoptic","CB","GWI_202304_TR_LYSB_20CM",2023,4,25,"GWI","TR","B",20,NA,NA,"",NA,NA,NA,NA,NA,NA,NA,NA,NA,0.0168,1.2003,"bdl",0.6206,44.3088,"Within_Range",0.0167,0.5382,"Within_Range",712.7612,22.2321,NA,9936.2575,280.2894,NA,17.9548,562.7485,26.5163,4.7119,"Within Range","Within Range"
"COMPASS:Synoptic","CB","GWI_202304_TR_LYSB_45CM",2023,4,25,"GWI","TR","B",45,NA,NA,"",NA,NA,NA,NA,NA,NA,NA,NA,NA,0.009,0.6427,"bdl",0.6583,46.9967,"Within_Range",0.0155,0.5014,"Within_Range",1508.4209,47.0499,NA,13559.5424,382.4977,NA,24.5021,5.0456,0.4613,9.142,"Within Range","Within Range"
"COMPASS:Synoptic","CB","GWI_202304_TR_LYSC_10CM",2023,4,25,"GWI","TR","C",10,NA,NA,"",NA,NA,NA,NA,NA,NA,NA,NA,NA,0.0137,0.9754,"bdl",0.0187,1.3384,"bdl",0.0068,0.2208,"Within_Range",895.1388,27.9207,NA,8180.4926,230.7614,NA,14.7822,0,0,0,"bdl","Within Range"
"COMPASS:Synoptic","CB","GWI_202304_TR_LYSC_20CM",2023,4,25,"GWI","TR","C",20,NA,NA,"",NA,NA,NA,NA,NA,NA,NA,NA,NA,0.0096,0.6832,"bdl",0.1166,8.3217,"Within_Range",0.007,0.2245,"Within_Range",908.8907,28.3497,NA,9087.9279,256.359,NA,16.4219,3.3169,0.1384,4.1719,"Within Range","Within Range"
"COMPASS:Synoptic","CB","GWI_202304_TR_LYSC_45CM",2023,4,25,"GWI","TR","C",45,NA,NA,"",NA,NA,NA,NA,NA,NA,NA,NA,NA,0.0084,0.5979,"bdl",0.8396,59.9452,"Within_Range",0.0247,0.7988,"Within_Range",1665.617,51.9531,NA,14243.4464,401.7897,NA,25.7379,0,0,0,"bdl","Within Range"
"COMPASS:Synoptic","CB","GWI_202304_UP_LYSA_10CM",2023,4,25,"GWI","UP","A",10,NA,NA,"",NA,NA,NA,NA,NA,NA,NA,NA,NA,0.0106,0.7564,"bdl",0.0342,2.4402,"Within_Range",0.0309,0.9961,"Within_Range",0,0,NA,0,0,NA,0,NA,NA,NA,NA,NA
"COMPASS:Synoptic","CB","GWI_202304_UP_LYSA_20CM",2023,4,25,"GWI","UP","A",20,NA,NA,"No water ",NA,NA,NA,NA,NA,NA,NA,NA,NA,NA,NA,NA,NA,NA,NA,NA,NA,NA,790.9509,24.671,NA,6770.702,190.993,NA,12.2347,0,0,0,"bdl","Within Range"
"COMPASS:Synoptic","CB","GWI_202304_UP_LYSA_45CM",2023,4,25,"GWI","UP","A",45,NA,NA,"",NA,NA,NA,NA,NA,NA,NA,NA,NA,0.0113,0.8036,"bdl",0.3645,26.0249,"Within_Range",0.0326,1.0541,"Within_Range",853.1523,26.6111,NA,7929.1749,223.6721,NA,14.328,0,0,0,"bdl","Within Range"
"COMPASS:Synoptic","CB","GWI_202304_UP_LYSB_10CM",2023,4,25,"GWI","UP","B",10,NA,NA,"",NA,NA,NA,NA,NA,NA,NA,NA,NA,NA,NA,"NULL",0,0,"bdl",0.0499,1.6108,"Within_Range",386.0871,12.0426,NA,3655.9504,103.1298,NA,6.6063,0,0,0,"bdl","Within Range"
"COMPASS:Synoptic","CB","GWI_202304_UP_LYSB_20CM",2023,4,25,"GWI","UP","B",20,NA,NA,"",NA,NA,NA,NA,NA,NA,NA,NA,NA,0.0126,0.8981,"bdl",0.0779,5.5643,"Within_Range",0.0135,0.4352,"Within_Range",486.7507,15.1825,NA,4684.2454,132.1367,NA,8.4645,0,0,0,"bdl","Within Range"
"COMPASS:Synoptic","CB","GWI_202304_UP_LYSB_45CM",2023,4,25,"GWI","UP","B",45,NA,NA,"",NA,NA,NA,NA,NA,NA,NA,NA,NA,0.012,0.8544,"bdl",0.2958,21.121,"Within_Range",0.022,0.7091,"Within_Range",333.6946,10.4084,NA,5899.5953,166.4202,NA,10.6606,0,0,0,"bdl","Within Range"
"COMPASS:Synoptic","CB","GWI_202304_UP_LYSC_10CM",2023,4,25,"GWI","UP","C",10,NA,NA,"",NA,NA,NA,NA,NA,NA,NA,NA,NA,0.0187,1.3379,"bdl",0.1813,12.9407,"Within_Range",0.0305,0.984,"Within_Range",739.8528,23.0771,NA,7975.024,224.9654,NA,14.4109,0,0,0,"bdl","Within Range"
"COMPASS:Synoptic","CB","GWI_202304_UP_LYSC_20CM",2023,4,25,"GWI","UP","C",20,NA,NA,"",NA,NA,NA,NA,NA,NA,NA,NA,NA,0.0135,0.9654,"bdl",0.1947,13.8981,"Within_Range",0.0327,1.0572,"Within_Range",808.7482,25.2261,NA,7213.3618,203.4799,NA,13.0346,0,0,0,"bdl","Within Range"
"COMPASS:Synoptic","CB","GWI_202304_UP_LYSC_45CM",2023,4,25,"GWI","UP","C",45,NA,NA,"",NA,NA,NA,NA,NA,NA,NA,NA,NA,NA,NA,NA,NA,NA,NA,NA,NA,NA,1042.9228,32.5303,NA,9361.3845,264.0729,NA,16.916,0,0,0,"bdl","Within Range"
"COMPASS:Synoptic","CB","GWI_202304_WC_LYSA_10CM",2023,4,25,"GWI","WC","A",10,NA,NA,"",NA,NA,NA,NA,NA,NA,NA,NA,NA,0.008,0.5702,"bdl",0.1468,10.4784,"Within_Range",0.0096,0.3091,"Within_Range",1173.9844,36.6184,NA,11690.645,329.7784,NA,21.125,0,0,0,"bdl","Within Range"
"COMPASS:Synoptic","CB","GWI_202304_WC_LYSA_20CM",2023,4,25,"GWI","WC","A",20,NA,NA,"",NA,NA,NA,NA,NA,NA,NA,NA,NA,0.0118,0.8433,"bdl",0.3675,26.237,"Within_Range",0.0167,0.5377,"Within_Range",2028.1896,63.2623,NA,16731.9768,471.9881,NA,30.2347,0,0,0,"bdl","Within Range"
"COMPASS:Synoptic","CB","GWI_202304_WC_LYSA_45CM",2023,4,25,"GWI","WC","A",45,NA,NA,"",NA,NA,NA,NA,NA,NA,NA,NA,NA,0.0081,0.5776,"bdl",0.7604,54.2873,"Within_Range",0.0211,0.6825,"Within_Range",1716.8033,53.5497,NA,16365.9362,461.6625,NA,29.5733,0,0,0,"bdl","Within Range"
"COMPASS:Synoptic","CB","GWI_202304_WC_LYSB_10CM",2023,4,25,"GWI","WC","B",10,NA,NA,"",NA,NA,NA,NA,NA,NA,NA,NA,NA,0.0087,0.6194,"bdl",0.1521,10.8567,"Within_Range",0.0113,0.3635,"Within_Range",1441.7346,44.9699,NA,13453.7536,379.5135,NA,24.311,3.306,0.1358,4.1074,"Within Range","Within Range"
"COMPASS:Synoptic","CB","GWI_202304_WC_LYSB_20CM",2023,4,25,"GWI","WC","B",20,NA,NA,"",NA,NA,NA,NA,NA,NA,NA,NA,NA,0.0076,0.5392,"bdl",0.2575,18.3806,"Within_Range",0.0144,0.4645,"Within_Range",2050.6464,63.9628,NA,17258.5113,486.8409,NA,31.1862,0,0,0,"bdl","Within Range"
"COMPASS:Synoptic","CB","GWI_202304_WC_LYSB_45CM",2023,4,25,"GWI","WC","B",45,NA,NA,"",NA,NA,NA,NA,NA,NA,NA,NA,NA,0.0103,0.7335,"bdl",0.6781,48.4153,"Within_Range",0.0215,0.6955,"Within_Range",2368.0439,73.8629,NA,21806.253,615.127,NA,39.4039,0,0,0,"bdl","Within Range"
"COMPASS:Synoptic","CB","GWI_202304_WC_LYSC_10CM",2023,4,25,"GWI","WC","C",10,NA,NA,"",NA,NA,NA,NA,NA,NA,NA,NA,NA,0.0124,0.8831,"bdl",0.2991,21.3506,"Within_Range",0.014,0.4511,"Within_Range",1606.9662,50.1237,NA,14233.5779,401.5114,NA,25.7201,0,0,0,"bdl","Within Range"
"COMPASS:Synoptic","CB","GWI_202304_WC_LYSC_20CM",2023,4,25,"GWI","WC","C",20,NA,NA,"",NA,NA,NA,NA,NA,NA,NA,NA,NA,0.0157,1.1178,"bdl",0.327,23.3435,"Within_Range",0.0081,0.2626,"Within_Range",2556.713,79.7478,NA,20448.131,576.8161,NA,36.9498,0,0,0,"bdl","Within Range"
"COMPASS:Synoptic","CB","GCW_202305_SW_A",2023,5,18,"GCW","SW","A",0,NA,NA,"",20.18,1680.12655066189,"IC checks out of range; IC dups out of range",5.998,499.375572391974,"NPOC checks out of range",0.71,50.6900269156903,"",0.0216,1.54,"bdl",NA,NA,NA,NA,NA,NA,577.2588,18.0056,NA,4151.1452,117.0986,NA,7.5011,0,0,0,"bdl","Within Range"
"COMPASS:Synoptic","CB","GCW_202305_SW_B",2023,5,18,"GCW","SW","B",0,NA,NA,"",19.72,1641.8283240363,"IC checks out of range; IC dups out of range",6.294,524.019648655399,"NPOC checks out of range",0.6882,49.1336289061663,"",0.0094,0.6678,"bdl",NA,NA,NA,NA,NA,NA,584.1073,18.2192,NA,4236.4861,119.506,NA,7.6554,0,0,0,"bdl","Within Range"
"COMPASS:Synoptic","CB","GCW_202305_SW_C",2023,5,18,"GCW","SW","C",0,NA,NA,"",15.71,1307.96769627841,"IC checks out of range; IC dups out of range",5.967,496.794604945467,"NPOC checks out of range",0.6197,44.2431122248638,"",0.0116,0.8267,"bdl",NA,NA,NA,NA,NA,NA,362.6511,11.3116,NA,2166.0136,61.1005,NA,3.914,0,0,0,"bdl","Within Range"
"COMPASS:Synoptic","CB","GCW_202305_TR_LYSA_20CM",2023,5,18,"GCW","TR","A",20,NA,NA,"",NA,NA,NA,36.34,3025.55990342186,"NPOC checks out of range",1.919,137.005861480577,"",0.008,0.5697,"bdl",NA,NA,NA,NA,NA,NA,1.7791,0.0555,NA,4.4299,0.125,NA,0.008,0,0,0,"bdl","Within Range"
"COMPASS:Synoptic","CB","GCW_202305_TR_LYSA_45CM",2023,5,18,"GCW","TR","A",45,NA,NA,"",NA,NA,NA,NA,NA,NA,NA,NA,NA,0.0065,0.4658,"bdl",NA,NA,NA,NA,NA,NA,9.1303,0.2848,NA,4.504,0.1271,NA,0.0082,0,0,0,"bdl","Within Range"
"COMPASS:Synoptic","CB","GCW_202305_TR_LYSB_10CM",2023,5,18,"GCW","TR","B",10,NA,NA,"",39.49,3287.81949879277,"IC checks out of range; IC dups out of range",20.86,1736.74132045625,"NPOC checks out of range",0.8044,57.429658663354,"",0.0059,0.4215,"bdl",NA,NA,NA,NA,NA,NA,2.6182,0.0817,NA,3.1325,0.0884,NA,0.0057,3.8411,0.0403,1.0496,"Within Range","Within Range"
"COMPASS:Synoptic","CB","GCW_202305_TR_LYSB_20CM",2023,5,18,"GCW","TR","B",20,NA,NA,"",35.49,2954.79144117892,"IC checks out of range; IC dups out of range",22.08,1838.31487802847,"NPOC checks out of range",1.46,104.235829995645,"",0.0029,0.2045,"bdl",NA,NA,NA,NA,NA,NA,8.7255,0.2722,NA,2.6409,0.0745,NA,0.0048,0,0,0,"bdl","Within Range"
"COMPASS:Synoptic","CB","GCW_202305_TR_LYSB_45CM",2023,5,18,"GCW","TR","B",45,NA,NA,"",NA,NA,NA,NA,NA,NA,NA,NA,NA,NA,NA,NA,NA,NA,NA,NA,NA,NA,3.7603,0.1173,NA,3.1051,0.0876,NA,0.0056,0,0,0,"bdl","Within Range"
"COMPASS:Synoptic","CB","GCW_202305_TR_LYSC_10CM",2023,5,18,"GCW","TR","C",10,NA,NA,"",NA,NA,NA,83.88,6983.59836816252,"NPOC checks out of range",2.241,159.994859602904,"",0.0082,0.5876,"bdl",NA,NA,NA,NA,NA,NA,2.4952,0.0778,NA,4.8296,0.1362,NA,0.0088,0,0,0,"bdl","Within Range"
"COMPASS:Synoptic","CB","GCW_202305_TR_LYSC_20CM",2023,5,18,"GCW","TR","C",20,NA,NA,"",NA,NA,NA,NA,NA,NA,NA,NA,NA,0.012,0.8584,"bdl",NA,NA,NA,NA,NA,NA,3.418,0.1066,NA,6.8751,0.1939,NA,0.0124,0,0,0,"bdl","Within Range"
"COMPASS:Synoptic","CB","GCW_202305_TR_LYSC_45CM",2023,5,18,"GCW","TR","C",45,NA,NA,"",NA,NA,NA,NA,NA,NA,NA,NA,NA,NA,NA,NA,NA,NA,NA,NA,NA,NA,16.4178,0.5121,NA,6.8918,0.1944,NA,0.0125,0,0,0,"bdl","Within Range"
"COMPASS:Synoptic","CB","GCW_202305_UP_LYSA_20CM",2023,5,18,"GCW","UP","A",20,NA,NA,"",NA,NA,NA,NA,NA,NA,NA,NA,NA,0.008,0.5701,"bdl",NA,NA,NA,NA,NA,NA,1.123,0.035,NA,0.7193,0.0203,NA,0.0013,0,0,0,"bdl","Within Range"
"COMPASS:Synoptic","CB","GCW_202305_UP_LYSB_10CM",2023,5,18,"GCW","UP","B",10,NA,NA,"",NA,NA,NA,NA,NA,NA,NA,NA,NA,0.007,0.5025,"bdl",NA,NA,NA,NA,NA,NA,2.1096,0.0658,NA,0.2449,0.0069,NA,5e-04,0,0,0,"bdl","Within Range"
"COMPASS:Synoptic","CB","GCW_202305_UP_LYSB_20CM",2023,5,18,"GCW","UP","B",20,NA,NA,"",NA,NA,NA,NA,NA,NA,NA,NA,NA,0.0063,0.4526,"bdl",NA,NA,NA,NA,NA,NA,1.5687,0.0489,NA,0.3755,0.0106,NA,7e-04,0,0,0,"bdl","Within Range"
"COMPASS:Synoptic","CB","GCW_202305_UP_LYSC_10CM",2023,5,18,"GCW","UP","C",10,NA,NA,"",NA,NA,NA,NA,NA,NA,NA,NA,NA,NA,NA,NA,NA,NA,NA,NA,NA,NA,0.5029,0.0157,NA,0.6189,0.0175,NA,0.0011,0,0,0,"bdl","Within Range"
"COMPASS:Synoptic","CB","GCW_202305_UP_LYSC_20CM",2023,5,18,"GCW","UP","C",20,NA,NA,"",NA,NA,NA,NA,NA,NA,NA,NA,NA,NA,NA,NA,NA,NA,NA,NA,NA,NA,0.2163,0.0067,NA,0.736,0.0208,NA,0.0014,0,0,0,"bdl","Within Range"
"COMPASS:Synoptic","CB","GCW_202305_WC_LYSA_10CM",2023,5,18,"GCW","WC","A",10,NA,NA,"",69.46,5783.03222046457,"IC checks out of range; IC dups out of range",9.111,758.554658229956,"NPOC checks out of range",0.6783,48.4268243055109,"",0.0106,0.758,"bdl",NA,NA,NA,NA,NA,NA,500.9219,15.6245,NA,2695.9261,76.0487,NA,4.8716,302.7176,0,0,"Within Range","Within Range"
"COMPASS:Synoptic","CB","GCW_202305_WC_LYSA_20CM",2023,5,18,"GCW","WC","A",20,NA,NA,"",82.27,6849.55457497294,"IC checks out of range; IC dups out of range",12.09,1006.57730413787,"NPOC checks out of range",2.014,143.788329870705,"",0.007,0.498,"bdl",NA,NA,NA,NA,NA,NA,499.5899,15.583,NA,5001.5706,141.088,NA,9.0379,948.6418,24.6885,2.6025,"Within Range","Within Range"
"COMPASS:Synoptic","CB","GCW_202305_WC_LYSA_45CM",2023,5,18,"GCW","WC","A",45,NA,NA,"",151,12571.809174923,"IC checks out of range; IC dups out of range",11.77,979.935059528765,"NPOC checks out of range",2.151,153.56936323331,"",0.0099,0.7099,"bdl",NA,NA,NA,NA,NA,NA,208.7718,6.5119,NA,3909.8845,110.2929,NA,7.0652,3299.5733,215.4653,6.5301,"Within Range","Within Range"
"COMPASS:Synoptic","CB","GCW_202305_WC_LYSB_10CM",2023,5,18,"GCW","WC","B",10,NA,NA,"",72.53,6038.63125468321,"IC checks out of range; IC dups out of range",9.461,787.694613271168,"NPOC checks out of range",0.7046,50.3044971335147,"",0.0047,0.3381,"bdl",NA,NA,NA,NA,NA,NA,407.0352,12.696,NA,4147.1956,116.9872,NA,7.494,541.3022,26.6666,4.9264,"Within Range","Within Range"
"COMPASS:Synoptic","CB","GCW_202305_WC_LYSB_20CM",2023,5,18,"GCW","WC","B",20,NA,NA,"",72.22,6012.82158021813,"IC checks out of range; IC dups out of range",8.825,734.743152110565,"NPOC checks out of range",1.053,75.1783075242562,"",0.0037,0.2669,"bdl",NA,NA,NA,NA,NA,NA,477.8621,14.9052,NA,4633.9891,130.719,NA,8.3736,640.2275,26.6666,4.1652,"Within Range","Within Range"
"COMPASS:Synoptic","CB","GCW_202305_WC_LYSB_45CM",2023,5,18,"GCW","WC","B",45,NA,NA,"",130,10823.4118724503,"IC checks out of range; IC dups out of range",12.53,1043.2103904754,"NPOC checks out of range",4.341,309.923108226777,"value above cal curve",0.006,0.4292,"bdl",NA,NA,NA,NA,NA,NA,302.1698,9.4251,NA,4817.2025,135.8872,NA,8.7047,2898.0528,131.0275,4.5212,"Within Range","Within Range"
"COMPASS:Synoptic","CB","GCW_202305_WC_LYSC_10CM",2023,5,18,"GCW","WC","C",10,NA,NA,"",55.68,4635.75056198485,"IC checks out of range; IC dups out of range",6.801,566.230954957955,"NPOC checks out of range",0.5245,37.4463649539149,"",0.0094,0.6698,"bdl",NA,NA,NA,NA,NA,NA,401.9731,12.5382,NA,3340.5189,94.2318,NA,6.0363,75.7712,0,0,"Within Range","Within Range"
"COMPASS:Synoptic","CB","GCW_202305_WC_LYSC_20CM",2023,5,18,"GCW","WC","C",20,NA,NA,"",46.22,3848.13920572808,"IC checks out of range; IC dups out of range",5.497,457.663808175839,"NPOC checks out of range",0.461,32.9128202931454,"",0.0022,0.1546,"bdl",NA,NA,NA,NA,NA,NA,460.8081,14.3733,NA,2726.6323,76.9149,NA,4.9271,568.542,27.3994,4.8192,"Within Range","Within Range"
"COMPASS:Synoptic","CB","GCW_202305_WC_LYSC_45CM",2023,5,18,"GCW","WC","C",45,NA,NA,"",79.21,6594.78811089834,"IC checks out of range; IC dups out of range",8.257,687.453167929398,"NPOC checks out of range",1.294,92.3843589139483,"",0.002,0.1414,"bdl",NA,NA,NA,NA,NA,NA,444.6425,13.8691,NA,3954.5726,111.5535,NA,7.1459,1117.3968,10.079,0.902,"Within Range","Within Range"
"COMPASS:Synoptic","CB","MSM_202305_SW_A",2023,5,19,"MSM","SW","A",0,NA,NA,"",17.24,1435.35092831571,"IC checks out of range; IC dups out of range",4.488,373.657480642744,"NPOC checks out of range",0.456,32.5558482726124,"",0.0015,0.1071,"bdl",NA,NA,NA,NA,NA,NA,861.5794,26.874,NA,6268.2104,176.8183,NA,11.3267,0,0,0,"bdl","Within Range"
"COMPASS:Synoptic","CB","MSM_202305_SW_B",2023,5,19,"MSM","SW","B",0,NA,NA,"",19.9,1656.81458662892,"IC checks out of range; IC dups out of range",4.506,375.156106902007,"NPOC checks out of range",0.4563,32.5772665938444,"",0.0227,1.6182,"bdl",NA,NA,NA,NA,NA,NA,1033.7577,32.2445,NA,7496.5445,211.4681,NA,13.5463,0,0,0,"bdl","Within Range"
"COMPASS:Synoptic","CB","MSM_202305_SW_C",2023,5,19,"MSM","SW","C",0,NA,NA,"",20,1665.14028806927,"IC checks out of range; IC dups out of range",4.417,367.746232620098,"NPOC checks out of range",0.4533,32.3630833815246,"",0.0193,1.3751,"bdl",NA,NA,NA,NA,NA,NA,1031.0177,32.159,NA,7486.6599,211.1893,NA,13.5284,0,0,0,"bdl","Within Range"
"COMPASS:Synoptic","CB","MSM_202305_TR_LYSA_10CM",2023,5,19,"MSM","TR","A",10,NA,NA,"",19.59,1631.00491216385,"IC checks out of range; IC dups out of range",21.86,1819.99833485971,"NPOC checks out of range",0.7861,56.1231410682031,"",0,0,"bdl",NA,NA,NA,NA,NA,NA,355.2793,11.0817,NA,3032.6257,85.5466,NA,5.48,0,0,0,"bdl","Within Range"
"COMPASS:Synoptic","CB","MSM_202305_TR_LYSA_20CM",2023,5,19,"MSM","TR","A",20,NA,NA,"",37.58,3128.79860128216,"IC checks out of range; IC dups out of range",26.55,2210.47373241196,"NPOC checks out of range",2.206,157.496055459173,"",0,0,"bdl",NA,NA,NA,NA,NA,NA,473.9533,14.7833,NA,3104.407,87.5714,NA,5.6097,1.3854,0.0494,3.564,"Within Range","Within Range"
"COMPASS:Synoptic","CB","MSM_202305_TR_LYSA_45CM",2023,5,19,"MSM","TR","A",45,NA,NA,"",NA,NA,NA,NA,NA,NA,NA,NA,NA,0,0,"bdl",NA,NA,NA,NA,NA,NA,497.6286,15.5218,NA,2967.5062,83.7096,NA,5.3623,0,0,0,"bdl","Within Range"
"COMPASS:Synoptic","CB","MSM_202305_TR_LYSB_10CM",2023,5,19,"MSM","TR","B",10,NA,NA,"",18.35,1527.76621430356,"IC checks out of range; IC dups out of range",23.98,1996.50320539505,"NPOC checks out of range",0.9902,70.6947389463614,"",0.0096,0.6864,"bdl",NA,NA,NA,NA,NA,NA,242.6754,7.5694,NA,2151.0362,60.678,NA,3.8869,0,0,0,"bdl","Within Range"
"COMPASS:Synoptic","CB","MSM_202305_TR_LYSB_20CM",2023,5,19,"MSM","TR","B",20,NA,NA,"",48.85,4067.10515360919,"IC checks out of range; IC dups out of range",42.95,3575.88876862876,"NPOC checks out of range",2.042,145.78737318569,"",0,0,"bdl",NA,NA,NA,NA,NA,NA,342.8051,10.6926,NA,3255.584,91.8359,NA,5.8829,11.1267,0,0,"Within Range","Within Range"
"COMPASS:Synoptic","CB","MSM_202305_TR_LYSB_45CM",2023,5,19,"MSM","TR","B",45,NA,NA,"",NA,NA,NA,31.22,2599.28398967613,"NPOC checks out of range",2.275,162.422269342529,"",0,0,"bdl",NA,NA,NA,NA,NA,NA,285.8905,8.9174,NA,3109.9044,87.7265,NA,5.6196,0,0,0,"bdl","Within Range"
"COMPASS:Synoptic","CB","MSM_202305_TR_LYSC_10CM",2023,5,19,"MSM","TR","C",10,NA,NA,"",18.47,1537.75705603197,"IC checks out of range; IC dups out of range",18.37,1529.43135459162,"NPOC checks out of range",1.021,72.8936865928449,"",0,0,"bdl",NA,NA,NA,NA,NA,NA,320.4288,9.9947,NA,2628.3192,74.1416,NA,4.7494,0,0,0,"bdl","Within Range"
"COMPASS:Synoptic","CB","MSM_202305_TR_LYSC_20CM",2023,5,19,"MSM","TR","C",20,NA,NA,"",35.87,2986.42910665224,"IC checks out of range; IC dups out of range",26.8,2231.28798601282,"NPOC checks out of range",2.559,182.698280108805,"",0,0,"bdl",NA,NA,NA,NA,NA,NA,303.4444,9.4649,NA,3119.0697,87.985,NA,5.6362,5.2261,0.5431,10.393,"Within Range","High CV"
"COMPASS:Synoptic","CB","MSM_202305_TR_LYSC_45CM",2023,5,19,"MSM","TR","C",45,NA,NA,"",NA,NA,NA,14.63,1218.05012072267,"NPOC checks out of range",1.606,114.659412995209,"",0,0,"bdl",NA,NA,NA,NA,NA,NA,508.7294,15.868,NA,2438.3969,68.7841,NA,4.4062,0,0,0,"bdl","Within Range"
"COMPASS:Synoptic","CB","MSM_202305_UP_LYSA_20CM",2023,5,19,"MSM","UP","A",20,NA,NA,"",NA,NA,NA,58.74,4890.51702605945,"NPOC checks out of range",3.33,237.743365674998,"value above cal curve",0.0088,0.6249,"bdl",NA,NA,NA,NA,NA,NA,119.1245,3.7157,NA,1199.3359,33.8318,NA,2.1672,2.0139,0.1481,7.3554,"Within Range","Within Range"
"COMPASS:Synoptic","CB","MSM_202305_UP_LYSA_45CM",2023,5,19,"MSM","UP","A",45,NA,NA,"",NA,NA,NA,NA,NA,NA,NA,NA,NA,0.0116,0.8249,"bdl",NA,NA,NA,NA,NA,NA,176.713,5.5119,NA,1859.7198,52.4604,NA,3.3605,0,0,0,"bdl","Within Range"
"COMPASS:Synoptic","CB","MSM_202305_UP_LYSB_10CM",2023,5,19,"MSM","UP","B",10,NA,NA,"",17.4,1448.67205062026,"IC checks out of range; IC dups out of range",78.95,6573.14128715344,"NPOC checks out of range",1.586,113.231524913077,"",9e-04,0.0622,"bdl",NA,NA,NA,NA,NA,NA,43.7542,1.3648,NA,306.2031,8.6376,NA,0.5533,0,0,0,"bdl","Within Range"
"COMPASS:Synoptic","CB","MSM_202305_UP_LYSB_20CM",2023,5,19,"MSM","UP","B",20,NA,NA,"",NA,NA,NA,71.11,5920.40629423029,"NPOC checks out of range",1.958,139.790243240735,"",0,0,"bdl",NA,NA,NA,NA,NA,NA,53.8198,1.6787,NA,382.7669,10.7974,NA,0.6917,0,0,0,"bdl","Within Range"
"COMPASS:Synoptic","CB","MSM_202305_UP_LYSB_45CM",2023,5,19,"MSM","UP","B",45,NA,NA,"",NA,NA,NA,NA,NA,NA,NA,NA,NA,0.0032,0.2299,"bdl",NA,NA,NA,NA,NA,NA,218.3943,6.812,NA,1465.2734,41.3335,NA,2.6478,0,0,0,"bdl","Within Range"
"COMPASS:Synoptic","CB","MSM_202305_UP_LYSC_10CM",2023,5,19,"MSM","UP","C",10,NA,NA,"",28.92,2407.79285654816,"IC checks out of range; IC dups out of range",88.78,7391.55773873949,"NPOC checks out of range",2.395,170.989597835322,"",0.0027,0.1932,"bdl",NA,NA,NA,NA,NA,NA,48.7458,1.5205,NA,504.5854,14.2337,NA,0.9118,0,0,0,"bdl","Within Range"
"COMPASS:Synoptic","CB","MSM_202305_UP_LYSC_20CM",2023,5,19,"MSM","UP","C",20,NA,NA,"",35.96,2993.92223794855,"IC checks out of range; IC dups out of range",87.99,7325.78469736075,"NPOC checks out of range",3.892,277.867020782911,"value above cal curve",0,0,"bdl",NA,NA,NA,NA,NA,NA,104.3911,3.2561,NA,1005.7316,28.3704,NA,1.8174,10.5215,0.4649,4.419,"Within Range","Within Range"
"COMPASS:Synoptic","CB","MSM_202305_UP_LYSC_45CM",2023,5,19,"MSM","UP","C",45,NA,NA,"",NA,NA,NA,NA,NA,NA,NA,NA,NA,0,0,"bdl",NA,NA,NA,NA,NA,NA,231.2032,7.2116,NA,1140.2145,32.164,NA,2.0604,0,0,0,"bdl","Within Range"
"COMPASS:Synoptic","CB","MSM_202305_WC_LYSA_10CM",2023,5,19,"MSM","WC","A",10,NA,NA,"",51.24,4266.08941803347,"IC checks out of range; IC dups out of range",10.76,895.845474981267,"NPOC checks out of range",0.6143,43.8575824426881,"",0,0,"bdl",NA,NA,NA,NA,NA,NA,696.1571,21.7142,NA,5637.9656,159.0399,NA,10.1878,230.4501,7.0553,3.0615,"Within Range","Within Range"
"COMPASS:Synoptic","CB","MSM_202305_WC_LYSA_20CM",2023,5,19,"MSM","WC","A",20,NA,NA,"",49.71,4138.70618599617,"IC checks out of range; IC dups out of range",13.88,1155.60735992007,"NPOC checks out of range",0.848,60.542454682402,"",0,0,"bdl",NA,NA,NA,NA,NA,NA,899.7415,28.0643,NA,7282.9476,205.4428,NA,13.1603,168.965,5.0819,3.0077,"adl","Within Range"
"COMPASS:Synoptic","CB","MSM_202305_WC_LYSA_45CM",2023,5,19,"MSM","WC","A",45,NA,NA,"",NA,NA,NA,NA,NA,NA,NA,NA,NA,0,0,"bdl",NA,NA,NA,NA,NA,NA,112.0317,3.4944,NA,7642.7148,215.5914,NA,13.8104,0,0,0,"bdl","Within Range"
"COMPASS:Synoptic","CB","MSM_202305_WC_LYSB_10CM",2023,5,19,"MSM","WC","B",10,NA,NA,"",61.1,5087.00358005162,"IC checks out of range; IC dups out of range",12.82,1067.3549246524,"NPOC checks out of range",0.7501,53.5529425203652,"",0,0,"bdl",NA,NA,NA,NA,NA,NA,783.719,24.4454,NA,6230.3184,175.7495,NA,11.2582,187.9586,4.7259,2.5144,"adl","Within Range"
"COMPASS:Synoptic","CB","MSM_202305_WC_LYSB_20CM",2023,5,19,"MSM","WC","B",20,NA,NA,"",70.73,5888.76862875697,"IC checks out of range; IC dups out of range",18.83,1567.72958121722,"NPOC checks out of range",1.153,82.3177479349169,"",0,0,"bdl",NA,NA,NA,NA,NA,NA,790.7635,24.6651,NA,6892.9859,194.4425,NA,12.4557,200.0392,9.8982,4.9481,"adl","Within Range"
"COMPASS:Synoptic","CB","MSM_202305_WC_LYSB_45CM",2023,5,19,"MSM","WC","B",45,NA,NA,"",NA,NA,NA,NA,NA,NA,NA,NA,NA,NA,NA,NA,NA,NA,NA,NA,NA,NA,136.029,4.243,NA,7542.8329,212.7738,NA,13.6299,2.3281,0.4938,21.2087,"Within Range","High CV"
"COMPASS:Synoptic","CB","MSM_202305_WC_LYSC_10CM",2023,5,19,"MSM","WC","C",10,NA,NA,"",57.51,4788.11089834318,"IC checks out of range; IC dups out of range",12.68,1055.69894263592,"NPOC checks out of range",1.025,73.1792642092713,"",0,0,"bdl",NA,NA,NA,NA,NA,NA,888.1692,27.7033,NA,6572.8464,185.4117,NA,11.8772,188.1216,5.4163,2.8792,"adl","Within Range"
"COMPASS:Synoptic","CB","MSM_202305_WC_LYSC_20CM",2023,5,19,"MSM","WC","C",20,NA,NA,"",NA,NA,NA,30.38,2529.34809757722,"NPOC checks out of range",2.798,199.761542690284,"",0,0,"bdl",NA,NA,NA,NA,NA,NA,738.343,23.03,NA,7018.5516,197.9845,NA,12.6825,181.511,2.7642,1.5229,"adl","Within Range"
"COMPASS:Synoptic","CB","MSM_202305_WC_LYSC_45CM",2023,5,19,"MSM","WC","C",45,NA,NA,"",NA,NA,NA,NA,NA,NA,NA,NA,NA,NA,NA,NA,NA,NA,NA,NA,NA,NA,48.6901,1.5187,NA,6942.0795,195.8273,NA,12.5444,0,0,0,"bdl","Within Range"
"COMPASS:Synoptic","CB","GWI_202305_SW_A",2023,5,23,"GWI","SW","A",0,NA,NA,"",25.52,2124.71900757639,"IC checks out of range; IC dups out of range",3.988,332.028973441012,"NPOC checks out of range",0.3459,24.6953243804751,"",0.0094,0.669,"bdl",0.4277,30.5345,"Within_Range",0.0035,0.1142,"Within_Range",1574.3848,49.1074,NA,11468.6765,323.517,NA,20.7239,0,0,0,"bdl","Within Range"
"COMPASS:Synoptic","CB","GWI_202305_SW_B",2023,5,23,"GWI","SW","B",0,NA,NA,"",24.51,2040.62942302889,"IC checks out of range; IC dups out of range",3.907,325.285155274332,"NPOC checks out of range",0.06779,4.83982665438683,"blank is ≥ 25% of sample value",0.011,0.7873,"bdl",0.4572,32.64,"Within_Range",0.0033,0.1053,"Within_Range",1609.8636,50.2141,NA,11757.4226,331.6621,NA,21.2457,0,0,0,"bdl","Within Range"
"COMPASS:Synoptic","CB","GWI_202305_SW_C",2023,5,23,"GWI","SW","C",0,NA,NA,"",24.73,2058.94596619765,"IC checks out of range; IC dups out of range",5.197,432.6867038548,"NPOC checks out of range",0.3885,27.7367259954165,"",0.0105,0.7464,"bdl",0.2334,16.6609,"Within_Range",0.0028,0.0901,"bdl",1426.7353,44.502,NA,11314.7585,319.1751,NA,20.4458,0,0,0,"bdl","Within Range"
"COMPASS:Synoptic","CB","GWI_202305_TR_LYSA_10CM",2023,5,23,"GWI","TR","A",10,NA,NA,"",38.97,3244.52585130297,"IC checks out of range; IC dups out of range",48.99,4078.76113562568,"NPOC checks out of range",1.543,110.161565536493,"",0.011,0.7867,"bdl",NA,NA,NA,NA,NA,NA,679.6859,21.2004,NA,5224.9103,147.3882,NA,9.4414,0,0,0,"bdl","Within Range"
"COMPASS:Synoptic","CB","GWI_202305_TR_LYSA_20CM",2023,5,23,"GWI","TR","A",20,NA,NA,"",50.95,4241.94488385647,"IC checks out of range; IC dups out of range",64.33,5355.92373657481,"NPOC checks out of range",1.758,125.511362419414,"",0.0026,0.1845,"bdl",NA,NA,NA,NA,NA,NA,771.8082,24.0739,NA,6911.9813,194.9783,NA,12.49,0,0,0,"bdl","Within Range"
"COMPASS:Synoptic","CB","GWI_202305_TR_LYSA_45CM",2023,5,23,"GWI","TR","A",45,NA,NA,"",NA,NA,NA,NA,NA,NA,NA,NA,NA,NA,NA,NA,NA,NA,NA,NA,NA,NA,789,24.6101,NA,8687.0886,245.0519,NA,15.6976,0,0,0,"bdl","Within Range"
"COMPASS:Synoptic","CB","GWI_202305_TR_LYSB_10CM",2023,5,23,"GWI","TR","B",10,NA,NA,"",26.34,2192.98975938723,"IC checks out of range; IC dups out of range",35.39,2946.46573973857,"NPOC checks out of range",1.098,78.3910557090535,"",0.011,0.7888,"bdl",0.061,4.3518,"Within_Range",0.0038,0.1238,"Within_Range",619.96,19.3375,NA,4729.3397,133.4087,NA,8.5459,0,0,0,"bdl","Within Range"
"COMPASS:Synoptic","CB","GWI_202305_TR_LYSB_20CM",2023,5,23,"GWI","TR","B",20,NA,NA,"",NA,NA,NA,64.7,5386.72883190409,"NPOC checks out of range",2.603,185.839633889496,"",0.0159,1.1383,"bdl",0.3568,25.4736,"Within_Range",0.0073,0.235,"Within_Range",463.5888,14.46,NA,6322.1478,178.3399,NA,11.4241,341.5956,25.4384,7.4469,"Within Range","Within Range"
"COMPASS:Synoptic","CB","GWI_202305_TR_LYSB_45CM",2023,5,23,"GWI","TR","B",45,NA,NA,"",NA,NA,NA,NA,NA,NA,NA,NA,NA,0.0092,0.6598,"bdl",0.4191,29.9233,"Within_Range",0.0054,0.176,"Within_Range",1079.3489,33.6665,NA,5370.678,151.5001,NA,9.7048,0.0936,0,0,"Within Range","Within Range"
"COMPASS:Synoptic","CB","GWI_202305_TR_LYSC_10CM",2023,5,23,"GWI","TR","C",10,NA,NA,"",5.794,482.391141453668,"IC checks out of range; IC dups out of range",35.54,2958.95429189909,"NPOC checks out of range",1.06,75.6780683530025,"",0.0104,0.7393,"bdl",0.0469,3.3465,"Within_Range",0.004,0.1306,"Within_Range",200.3206,6.2483,NA,1764.9857,49.788,NA,3.1894,0,0,0,"bdl","Within Range"
"COMPASS:Synoptic","CB","GWI_202305_TR_LYSC_20CM",2023,5,23,"GWI","TR","C",20,NA,NA,"",45.05,3750.72849887603,"IC checks out of range; IC dups out of range",34.73,2891.51611023229,"NPOC checks out of range",1.019,72.7508977846316,"",0.0094,0.6688,"bdl",0.0812,5.795,"Within_Range",0.0029,0.095,"bdl",500.2833,15.6046,NA,4860.5994,137.1114,NA,8.7831,26.5823,0.6488,2.4408,"Within Range","Within Range"
"COMPASS:Synoptic","CB","GWI_202305_TR_LYSC_45CM",2023,5,23,"GWI","TR","C",45,NA,NA,"",NA,NA,NA,NA,NA,NA,NA,NA,NA,0.0074,0.5277,"bdl",1.0268,73.3042,"Within_Range",0.013,0.4189,"Within_Range",1282.1768,39.993,NA,7660.9362,216.1054,NA,13.8433,0,0,0,"bdl","Within Range"
"COMPASS:Synoptic","CB","GWI_202305_UP_LYSA_10CM",2023,5,23,"GWI","UP","A",10,NA,NA,"",NA,NA,NA,NA,NA,NA,NA,NA,NA,NA,NA,NA,NA,NA,NA,NA,NA,NA,496.8458,15.4974,NA,2642.5607,74.5433,NA,4.7751,0,0,0,"bdl","Within Range"
"COMPASS:Synoptic","CB","GWI_202305_UP_LYSA_20CM",2023,5,23,"GWI","UP","A",20,NA,NA,"",14.53,1209.72441928232,"IC checks out of range; IC dups out of range",28.82,2399.46715510782,"NPOC checks out of range",0.8315,59.364447014643,"",0.009,0.6453,"bdl",NA,NA,NA,NA,NA,NA,306.4486,9.5586,NA,2120.7175,59.8228,NA,3.8322,0,0,0,"bdl","Within Range"
"COMPASS:Synoptic","CB","GWI_202305_UP_LYSA_45CM",2023,5,23,"GWI","UP","A",45,NA,NA,"",NA,NA,NA,18.19,1514.445091999,"NPOC checks out of range",0.6729,48.0412945233353,"",0.0138,0.988,"bdl",NA,NA,NA,NA,NA,NA,559.5514,17.4533,NA,3388.0368,95.5723,NA,6.1222,0,0,0,"bdl","Within Range"
"COMPASS:Synoptic","CB","GWI_202305_UP_LYSB_10CM",2023,5,23,"GWI","UP","B",10,NA,NA,"",4.893,407.376571476147,"IC checks out of range; IC dups out of range",28.99,2413.62084755641,"NPOC checks out of range",0.7714,55.073643327836,"",0.0103,0.7325,"bdl",NA,NA,NA,NA,NA,NA,259.3859,8.0906,NA,1879.8663,53.0287,NA,3.3969,0,0,0,"bdl","Within Range"
"COMPASS:Synoptic","CB","GWI_202305_UP_LYSB_20CM",2023,5,23,"GWI","UP","B",20,NA,NA,"",12.88,1072.35034551661,"IC checks out of range; IC dups out of range",39.43,3282.82407792857,"NPOC checks out of range",1.032,73.6790250380175,"",0.0089,0.6374,"bdl",NA,NA,NA,NA,NA,NA,455.8807,14.2196,NA,2894.9531,81.663,NA,5.2312,0,0,0,"bdl","Within Range"
"COMPASS:Synoptic","CB","GWI_202305_UP_LYSB_45CM",2023,5,23,"GWI","UP","B",45,NA,NA,"",28.77,2395.30430438765,"IC checks out of range; IC dups out of range",46.58,3878.11173091333,"NPOC checks out of range",1.188,84.8165520786481,"",0.0561,4.0069,"Within_Range",NA,NA,NA,NA,NA,NA,340.4585,10.6194,NA,2377.3253,67.0614,NA,4.2959,0,0,0,"bdl","Within Range"
"COMPASS:Synoptic","CB","GWI_202305_UP_LYSC_10CM",2023,5,23,"GWI","UP","C",10,NA,NA,"",14.25,1186.41245524935,"IC checks out of range; IC dups out of range",52.29,4353.50928315711,"NPOC checks out of range",1.468,104.806985228498,"",0.0096,0.6843,"bdl",NA,NA,NA,NA,NA,NA,639.5483,19.9485,NA,3965.9855,111.8755,NA,7.1666,0,0,0,"bdl","Within Range"
"COMPASS:Synoptic","CB","GWI_202305_UP_LYSC_20CM",2023,5,23,"GWI","UP","C",20,NA,NA,"",23.65,1969.02839064191,"IC checks out of range; IC dups out of range",73.54,6122.72083923071,"NPOC checks out of range",1.804,128.795505008317,"",0.0139,0.9915,"bdl",NA,NA,NA,NA,NA,NA,559.5832,17.4542,NA,4371.8877,123.3255,NA,7.9,0,0,0,"bdl","Within Range"
"COMPASS:Synoptic","CB","GWI_202305_WC_LYSA_10CM",2023,5,23,"GWI","WC","A",10,NA,NA,"",63.72,5305.13695778869,"IC checks out of range; IC dups out of range",24.65,2052.28540504537,"NPOC checks out of range",1.15,82.103564722597,"",0.0065,0.4671,"bdl",0.1158,8.2704,"Within_Range",0.0033,0.1072,"Within_Range",829.5504,25.8749,NA,8195.033,231.1716,NA,14.8085,0,0,0,"bdl","Within Range"
"COMPASS:Synoptic","CB","GWI_202305_WC_LYSA_20CM",2023,5,23,"GWI","WC","A",20,NA,NA,"",NA,NA,NA,48.77,4060.44459245691,"NPOC checks out of range",1.793,128.010166563145,"",0.0096,0.685,"bdl",0.2659,18.9858,"Within_Range",0.0039,0.1266,"Within_Range",1361.0362,42.4528,NA,8196.6248,231.2165,NA,14.8113,0.2333,0,0,"Within Range","Within Range"
"COMPASS:Synoptic","CB","GWI_202305_WC_LYSA_45CM",2023,5,23,"GWI","WC","A",45,NA,NA,"",46.1,3838.14836399967,"IC checks out of range; IC dups out of range",34.22,2849.05503288652,"NPOC checks out of range",1.374,98.0959112424768,"",0.0066,0.468,"bdl",0.8288,59.1742,"Within_Range",0.0061,0.1973,"Within_Range",1373.8606,42.8528,NA,9935.0159,280.2543,NA,17.9526,0,0,0,"bdl","Within Range"
"COMPASS:Synoptic","CB","GWI_202305_WC_LYSB_10CM",2023,5,23,"GWI","WC","B",10,NA,NA,"",66.07,5500.79094163683,"IC checks out of range; IC dups out of range",25.09,2088.9184913829,"NPOC checks out of range",1.221,87.1725674141661,"",0.0152,1.0867,"bdl",0.0779,5.5612,"Within_Range",0.0069,0.222,"Within_Range",971.2816,30.2957,NA,8904.4628,251.1837,NA,16.0904,7.4024,0.3971,5.364,"Within Range","Within Range"
"COMPASS:Synoptic","CB","GWI_202305_WC_LYSB_20CM",2023,5,23,"GWI","WC","B",20,NA,NA,"",60.74,5057.03105486637,"IC checks out of range; IC dups out of range",31.05,2585.13029722754,"NPOC checks out of range",0.06975,4.97975968643578,"blank is ≥ 25% of sample value",0.0254,1.8128,"Within_Range",0.3492,24.9285,"Within_Range",0.0028,0.0909,"bdl",1227.5264,38.2884,NA,9239.3442,260.6303,NA,16.6955,0,0,0,"bdl","Within Range"
"COMPASS:Synoptic","CB","GWI_202305_WC_LYSB_45CM",2023,5,23,"GWI","WC","B",45,NA,NA,"",47.98,3994.67155107818,"IC checks out of range; IC dups out of range",45.63,3799.01756723004,"NPOC checks out of range",1.521,108.590888646148,"",0.0161,1.1503,"bdl",0.3586,25.6049,"Within_Range",0.003,0.0984,"Within_Range",1376.7938,42.9443,NA,8628.6595,243.4037,NA,15.592,0,0,0,"bdl","Within Range"
"COMPASS:Synoptic","CB","GWI_202305_WC_LYSC_10CM",2023,5,23,"GWI","WC","C",10,NA,NA,"",70.68,5884.6057780368,"IC checks out of range; IC dups out of range",26.35,2193.82232953126,"NPOC checks out of range",1.174,83.8170304211556,"",0.017,1.2173,"bdl",0.1019,7.2772,"Within_Range",0.0033,0.1071,"Within_Range",958.8118,29.9068,NA,7841.2804,221.1927,NA,14.1692,0,0,0,"bdl","Within Range"
"COMPASS:Synoptic","CB","GWI_202305_WC_LYSC_20CM",2023,5,23,"GWI","WC","C",20,NA,NA,"",85.6,7126.80043293647,"IC checks out of range; IC dups out of range",38.11,3172.92481891599,"NPOC checks out of range",1.412,100.808898598528,"",0.0146,1.0418,"bdl",0.4939,35.2643,"Within_Range",0.0032,0.1047,"Within_Range",1411.9603,44.0412,NA,9624.5536,271.4966,NA,17.3916,0,0,0,"bdl","Within Range"
"COMPASS:Synoptic","CB","SWH_202305_SW_A",2023,5,24,"SWH","SW","A",0,NA,NA,"",8.682,722.83739905087,"IC checks out of range; IC dups out of range",5.889,490.300557821997,"NPOC checks out of range",0.4949,35.3330905923594,"",0.1352,9.652,"Within_Range",NA,NA,NA,NA,NA,NA,72.7092,2.2679,NA,466.0788,13.1475,NA,0.8422,0,0,0,"bdl","Within Range"
"COMPASS:Synoptic","CB","SWH_202305_SW_B",2023,5,24,"SWH","SW","B",0,NA,NA,"",8.407,699.941720089918,"IC checks out of range; IC dups out of range",5.881,489.634501706769,"NPOC checks out of range",0.4735,33.805250344478,"",NA,NA,NA,NA,NA,NA,NA,NA,NA,39.5429,1.2334,NA,291.5184,8.2234,NA,0.5268,0,0,0,"bdl","Within Range"
"COMPASS:Synoptic","CB","SWH_202305_SW_C",2023,5,24,"SWH","SW","C",0,NA,NA,"",8.375,697.277495629007,"IC checks out of range; IC dups out of range",6.09,507.035217717093,"NPOC checks out of range",0.6054,43.2221722461394,"",0.1369,9.774,"Within_Range",NA,NA,NA,NA,NA,NA,39.1144,1.22,NA,272.8942,7.698,NA,0.4931,0,0,0,"bdl","Within Range"
"COMPASS:Synoptic","CB","SWH_202305_SWAMP_LYSA_10CM",2023,5,24,"SWH","SWAMP","A",10,NA,NA,"",43.1,3588.37732078928,"IC checks out of range; IC dups out of range",43.61,3630.83839813504,"NPOC checks out of range",3.206,228.890459565779,"value above cal curve",0.012,0.8595,"bdl",NA,NA,NA,NA,NA,NA,0.925,0.0289,NA,83.4151,2.353,NA,0.1508,0,0,0,"bdl","Within Range"
"COMPASS:Synoptic","CB","SWH_202305_SWAMP_LYSA_20CM",2023,5,24,"SWH","SWAMP","A",20,NA,NA,"",29.9,2489.38473066356,"IC checks out of range; IC dups out of range",23.04,1918.2416118558,"NPOC checks out of range",2.039,145.57318997337,"",0.0073,0.5208,"bdl",NA,NA,NA,NA,NA,NA,0.1078,0.0034,NA,90.5649,2.5547,NA,0.1637,0.7221,0.0988,13.6767,"Within Range","High CV"
"COMPASS:Synoptic","CB","SWH_202305_SWAMP_LYSA_45CM",2023,5,24,"SWH","SWAMP","A",45,NA,NA,"",32.17,2678.37815335942,"IC checks out of range; IC dups out of range",14.45,1203.06385813005,"NPOC checks out of range",1.562,111.518059214519,"",0.0079,0.5665,"bdl",NA,NA,NA,NA,NA,NA,0.0364,0.0011,NA,79.9109,2.2542,NA,0.1444,3.1195,0.1454,4.6597,"Within Range","Within Range"
"COMPASS:Synoptic","CB","SWH_202305_SWAMP_LYSB_10CM",2023,5,24,"SWH","SWAMP","B",10,NA,NA,"",NA,NA,NA,132.8,11056.53151278,"NPOC checks out of range; value above cal curve",4.827,344.620788622588,"value above cal curve",0.0588,4.1953,"Within_Range",NA,NA,NA,NA,NA,NA,0.3694,0.0115,NA,39.5784,1.1165,NA,0.0715,0.6173,0.0494,7.9986,"Within Range","Within Range"
"COMPASS:Synoptic","CB","SWH_202305_SWAMP_LYSB_20CM",2023,5,24,"SWH","SWAMP","B",20,NA,NA,"",36.77,3061.36041961535,"IC checks out of range; IC dups out of range",52.21,4346.84872200483,"NPOC checks out of range",1.866,133.221958062927,"",0.023,1.6436,"bdl",NA,NA,NA,NA,NA,NA,0.1088,0.0034,NA,26.3485,0.7433,NA,0.0476,0,0,0,"bdl","Within Range"
"COMPASS:Synoptic","CB","SWH_202305_SWAMP_LYSB_45CM",2023,5,24,"SWH","SWAMP","B",45,NA,NA,"",31.67,2636.74964615769,"IC checks out of range; IC dups out of range",5.2,432.93647489801,"NPOC checks out of range",1.389,99.1668273040759,"",0.0013,0.0941,"bdl",NA,NA,NA,NA,NA,NA,0.28,0.0087,NA,113.1482,3.1918,NA,0.2045,4.1903,0.2644,6.3092,"Within Range","Within Range"
"COMPASS:Synoptic","CB","SWH_202305_SWAMP_LYSC_10CM",2023,5,24,"SWH","SWAMP","C",10,NA,NA,"",12.9,1074.01548580468,"IC checks out of range; IC dups out of range",14.06,1170.5936225127,"NPOC checks out of range",1.412,100.808898598528,"",0.0061,0.4383,"bdl",NA,NA,NA,NA,NA,NA,10.5164,0.328,NA,68.3732,1.9287,NA,0.1236,3.2359,0.0988,3.0518,"Within Range","Within Range"
"COMPASS:Synoptic","CB","SWH_202305_SWAMP_LYSC_20CM",2023,5,24,"SWH","SWAMP","C",20,NA,NA,"",21.48,1788.3606693864,"IC checks out of range; IC dups out of range",16.64,1385.39671967363,"NPOC checks out of range",1.06,75.6780683530025,"",0.0085,0.6064,"bdl",NA,NA,NA,NA,NA,NA,2.9596,0.0923,NA,31.3645,0.8848,NA,0.0567,9.8232,0.3149,3.2055,"Within Range","Within Range"
"COMPASS:Synoptic","CB","SWH_202305_SWAMP_LYSC_45CM",2023,5,24,"SWH","SWAMP","C",45,NA,NA,"",24.69,2055.61568562151,"IC checks out of range; IC dups out of range",18.33,1526.10107401549,"NPOC checks out of range",1.287,91.8845980852021,"",0.012,0.8587,"bdl",NA,NA,NA,NA,NA,NA,1.2593,0.0393,NA,19.0912,0.5385,NA,0.0345,48.8812,4.1608,8.512,"Within Range","Within Range"
"COMPASS:Synoptic","CB","SWH_202305_TR_LYSA_10CM",2023,5,24,"SWH","TR","A",10,NA,NA,"",42.67,3552.57680459579,"IC checks out of range; IC dups out of range",57.23,4764.79893431022,"NPOC checks out of range",2.291,163.564579808235,"",0.0192,1.372,"bdl",NA,NA,NA,NA,NA,NA,10.7976,0.3368,NA,300.7515,8.4838,NA,0.5435,0.4777,0.0494,10.3373,"Within Range","High CV"
"COMPASS:Synoptic","CB","SWH_202305_TR_LYSA_20CM",2023,5,24,"SWH","TR","A",20,NA,NA,"",35.19,2929.81433685788,"IC checks out of range; IC dups out of range",20.46,1703.43851469486,"NPOC checks out of range",2.251,160.70880364397,"",0.0126,0.8962,"bdl",NA,NA,NA,NA,NA,NA,1.1559,0.0361,NA,262.0045,7.3908,NA,0.4735,9.0085,0.1613,1.7901,"Within Range","Within Range"
"COMPASS:Synoptic","CB","SWH_202305_TR_LYSA_45CM",2023,5,24,"SWH","TR","A",45,NA,NA,"",38.14,3175.4225293481,"IC checks out of range; IC dups out of range",15.96,1328.78194987928,"NPOC checks out of range",2.362,168.633582499804,"",0.0071,0.5101,"bdl",NA,NA,NA,NA,NA,NA,1.8433,0.0575,NA,311.9145,8.7987,NA,0.5637,44.5285,2.0267,4.5514,"Within Range","Within Range"
"COMPASS:Synoptic","CB","SWH_202305_TR_LYSB_10CM",2023,5,24,"SWH","TR","B",10,NA,NA,"",15.07,1254.68320706019,"IC checks out of range; IC dups out of range",12.13,1009.90758471401,"NPOC checks out of range",0.6374,45.5067931775507,"",0.0147,1.0487,"bdl",NA,NA,NA,NA,NA,NA,26.485,0.8261,NA,268.7086,7.5799,NA,0.4856,0,0,0,"bdl","Within Range"
"COMPASS:Synoptic","CB","SWH_202305_TR_LYSB_20CM",2023,5,24,"SWH","TR","B",20,NA,NA,"",34.67,2886.52068936808,"IC checks out of range; IC dups out of range",19.88,1655.14944634085,"NPOC checks out of range",1.259,89.8855547702171,"",0.0098,0.6997,"bdl",NA,NA,NA,NA,NA,NA,2.9438,0.0918,NA,282.0825,7.9572,NA,0.5097,19.9718,1.7835,8.9301,"Within Range","Within Range"
"COMPASS:Synoptic","CB","SWH_202305_TR_LYSB_45CM",2023,5,24,"SWH","TR","B",45,NA,NA,"",44.96,3743.23536757972,"IC checks out of range; IC dups out of range",18.68,1555.2410290567,"NPOC checks out of range",2.92,208.47165999129,"",0.011,0.7882,"bdl",NA,NA,NA,NA,NA,NA,0.6961,0.0217,NA,460.6917,12.9955,NA,0.8325,72.9608,4.3946,6.0232,"Within Range","Within Range"
"COMPASS:Synoptic","CB","SWH_202305_TR_LYSC_10CM",2023,5,24,"SWH","TR","C",10,NA,NA,"",14.97,1246.35750561985,"IC checks out of range; IC dups out of range",8.638,719.174090417118,"NPOC checks out of range",0.5642,40.2807227969472,"",0.0224,1.5979,"bdl",NA,NA,NA,NA,NA,NA,41.1769,1.2844,NA,362.3567,10.2216,NA,0.6548,0,0,0,"bdl","Within Range"
"COMPASS:Synoptic","CB","SWH_202305_TR_LYSC_20CM",2023,5,24,"SWH","TR","C",20,NA,NA,"",22.59,1880.77595537424,"IC checks out of range; IC dups out of range",11.24,935.80884189493,"NPOC checks out of range",0.8795,62.7913784117601,"",0.016,1.1432,"bdl",NA,NA,NA,NA,NA,NA,25.7416,0.8029,NA,300.485,8.4763,NA,0.543,0.2333,0.0988,42.3373,"Within Range","High CV"
"COMPASS:Synoptic","CB","SWH_202305_TR_LYSC_45CM",2023,5,24,"SWH","TR","C",45,NA,NA,"",38.81,3231.20472899842,"IC checks out of range; IC dups out of range",17.34,1443.67662975606,"NPOC checks out of range",2.483,177.272305396703,"",0.0102,0.7313,"bdl",NA,NA,NA,NA,NA,NA,0.6546,0.0204,NA,381.9195,10.7735,NA,0.6902,86.822,2.6249,3.0233,"Within Range","Within Range"
"COMPASS:Synoptic","CB","SWH_202305_UP_LYSA_10CM",2023,5,24,"SWH","UP","A",10,NA,NA,"",NA,NA,NA,101.3,8433.93555907085,"NPOC checks out of range; value above cal curve",1.834,130.937337131516,"",0.0149,1.0653,"bdl",NA,NA,NA,NA,NA,NA,3.6309,0.1133,NA,4.7325,0.1335,NA,0.0086,0,0,0,"bdl","Within Range"
"COMPASS:Synoptic","CB","SWH_202305_UP_LYSA_20CM",2023,5,24,"SWH","UP","A",20,NA,NA,"",21.86,1819.99833485971,"IC checks out of range; IC dups out of range",56.32,4689.03505120306,"NPOC checks out of range",1.124,80.2473102158253,"",0.0156,1.1152,"bdl",NA,NA,NA,NA,NA,NA,20.1577,0.6287,NA,13.0425,0.3679,NA,0.0236,0,0,0,"bdl","Within Range"
"COMPASS:Synoptic","CB","SWH_202305_UP_LYSA_45CM",2023,5,24,"SWH","UP","A",45,NA,NA,"",35.4,2947.29830988261,"IC checks out of range; IC dups out of range",114,9491.29964199484,"NPOC checks out of range; value above cal curve",1.318,94.0978246125069,"",0.0079,0.5617,"bdl",NA,NA,NA,NA,NA,NA,21.4853,0.6702,NA,4.4029,0.1242,NA,0.008,0,0,0,"bdl","Within Range"
"COMPASS:Synoptic","CB","SWH_202305_UP_LYSB_10CM",2023,5,24,"SWH","UP","B",10,NA,NA,"",NA,NA,NA,NA,NA,NA,NA,NA,NA,0.0263,1.877,"Within_Range",NA,NA,NA,NA,NA,NA,10.2016,0.3182,NA,9.8772,0.2786,NA,0.0179,0,0,0,"bdl","Within Range"
"COMPASS:Synoptic","CB","SWH_202305_UP_LYSB_20CM",2023,5,24,"SWH","UP","B",20,NA,NA,"",NA,NA,NA,77,6410.79010906669,"NPOC checks out of range",1.269,90.5994988112832,"",0.009,0.6431,"bdl",NA,NA,NA,NA,NA,NA,15.8897,0.4956,NA,5.2152,0.1471,NA,0.0094,0,0,0,"bdl","Within Range"
"COMPASS:Synoptic","CB","SWH_202305_UP_LYSB_45CM",2023,5,24,"SWH","UP","B",45,NA,NA,"",NA,NA,NA,NA,NA,NA,NA,NA,NA,0.0086,0.6144,"bdl",NA,NA,NA,NA,NA,NA,27.7212,0.8647,NA,8.2705,0.2333,NA,0.015,0,0,0,"bdl","Within Range"
"COMPASS:Synoptic","CB","SWH_202305_UP_LYSC_10CM",2023,5,24,"SWH","UP","C",10,NA,NA,"",NA,NA,NA,NA,NA,NA,NA,NA,NA,NA,NA,NA,NA,NA,NA,NA,NA,NA,11.4036,0.3557,NA,14.7441,0.4159,NA,0.0267,0,0,0,"bdl","Within Range"
"COMPASS:Synoptic","CB","SWH_202305_UP_LYSC_20CM",2023,5,24,"SWH","UP","C",20,NA,NA,"",NA,NA,NA,82.37,6857.88027641329,"NPOC checks out of range",2.267,161.851114109676,"",0.016,1.1427,"bdl",NA,NA,NA,NA,NA,NA,26.4198,0.8241,NA,11.8243,0.3335,NA,0.0214,0,0,0,"bdl","Within Range"
"COMPASS:Synoptic","CB","SWH_202305_UP_LYSC_45CM",2023,5,24,"SWH","UP","C",45,NA,NA,"",NA,NA,NA,NA,NA,NA,NA,NA,NA,0.0088,0.6293,"bdl",NA,NA,NA,NA,NA,NA,25.0282,0.7807,NA,8.9026,0.2511,NA,0.0161,0,0,0,"bdl","Within Range"
"COMPASS:Synoptic","CB","SWH_202305_WC_LYSA_10CM",2023,5,24,"SWH","WC","A",10,NA,NA,"",NA,NA,NA,NA,NA,NA,NA,NA,NA,0.0081,0.5769,"bdl",NA,NA,NA,NA,NA,NA,0.4183,0.013,NA,262.2728,7.3984,NA,0.474,7.2395,0.6259,8.6453,"Within Range","Within Range"
"COMPASS:Synoptic","CB","SWH_202305_WC_LYSA_20CM",2023,5,24,"SWH","WC","A",20,NA,NA,"",NA,NA,NA,NA,NA,NA,NA,NA,NA,0.0116,0.8297,"bdl",NA,NA,NA,NA,NA,NA,2.1648,0.0675,NA,968.753,27.3273,NA,1.7506,10.568,0.2793,2.643,"Within Range","Within Range"
"COMPASS:Synoptic","CB","SWH_202305_WC_LYSA_45CM",2023,5,24,"SWH","WC","A",45,NA,NA,"",NA,NA,NA,NA,NA,NA,NA,NA,NA,0.0081,0.5778,"bdl",NA,NA,NA,NA,NA,NA,0,0,NA,258.2436,7.2847,NA,0.4667,11.3362,0.9701,8.5576,"Within Range","Within Range"
"COMPASS:Synoptic","CB","SWH_202305_WC_LYSB_10CM",2023,5,24,"SWH","WC","B",10,NA,NA,"",NA,NA,NA,12.19,1014.90300557822,"NPOC checks out of range",0.6204,44.2930883077384,"",0.0093,0.6648,"bdl",NA,NA,NA,NA,NA,NA,0,0,NA,208.0509,5.8689,NA,0.376,6.6343,0.1757,2.6489,"Within Range","Within Range"
"COMPASS:Synoptic","CB","SWH_202305_WC_LYSB_20CM",2023,5,24,"SWH","WC","B",20,NA,NA,"",NA,NA,NA,NA,NA,NA,NA,NA,NA,0.0069,0.4909,"bdl",NA,NA,NA,NA,NA,NA,0.2229,0.007,NA,399.6806,11.2745,NA,0.7222,11.4293,1.0127,8.8608,"Within Range","Within Range"
"COMPASS:Synoptic","CB","SWH_202305_WC_LYSB_45CM",2023,5,24,"SWH","WC","B",45,NA,NA,"",NA,NA,NA,NA,NA,NA,NA,NA,NA,NA,NA,NA,NA,NA,NA,NA,NA,NA,0.2425,0.0076,NA,311.6701,8.7918,NA,0.5632,6.2852,0.33,5.2505,"Within Range","Within Range"
"COMPASS:Synoptic","CB","SWH_202305_WC_LYSC_10CM",2023,5,24,"SWH","WC","C",10,NA,NA,"",45.37,3777.37074348514,"IC checks out of range; IC dups out of range",10.67,888.352343684955,"NPOC checks out of range",0.4873,34.7904931211492,"",0.0107,0.7648,"bdl",NA,NA,NA,NA,NA,NA,0.9558,0.0298,NA,191.2575,5.3951,NA,0.3456,11.5224,0.9933,8.6205,"Within Range","Within Range"
"COMPASS:Synoptic","CB","SWH_202305_WC_LYSC_20CM",2023,5,24,"SWH","WC","C",20,NA,NA,"",NA,NA,NA,10.9,907.501456997752,"NPOC checks out of range",0.4811,34.3478478156882,"",0.0126,0.9016,"bdl",NA,NA,NA,NA,NA,NA,0.4182,0.013,NA,375.1654,10.5829,NA,0.6779,8.8572,0.3456,3.9023,"Within Range","Within Range"
"COMPASS:Synoptic","CB","SWH_202305_WC_LYSC_45CM",2023,5,24,"SWH","WC","C",45,NA,NA,"",68.39,5693.94721505287,"IC checks out of range; IC dups out of range",10.04,835.900424610773,"NPOC checks out of range",0.4914,35.0832101779863,"",0.0054,0.3826,"bdl",NA,NA,NA,NA,NA,NA,1.8259,0.057,NA,522.1953,14.7305,NA,0.9436,12.3836,1.7776,14.3542,"Within Range","High CV"
"COMPASS:Synoptic","CB","SWH_202306_SW_A",2023,6,21,"SWH","SW","A",0,NA,NA,"",9.295,773.873948880193,"",NA,NA,NA,NA,NA,NA,0.0772,5.5143,"Within_Range",0.0064,0.4569,"bdl",0.0095,0.3067,"Within_Range",NA,NA,NA,NA,NA,NA,NA,NA,NA,NA,NA,NA
"COMPASS:Synoptic","CB","SWH_202306_SW_B",2023,6,21,"SWH","SW","B",0,NA,NA,"",9.185,764.715677295812,"",NA,NA,NA,NA,NA,NA,0.076,5.4294,"Within_Range",0.0095,0.6798,"bdl",0.008,0.2584,"Within_Range",NA,NA,NA,NA,NA,NA,NA,NA,NA,NA,NA,NA
"COMPASS:Synoptic","CB","SWH_202306_SW_C",2023,6,21,"SWH","SW","C",0,NA,NA,"",9.106,758.138373157939,"",NA,NA,NA,NA,NA,NA,0.073,5.2136,"Within_Range",0.013,0.9295,"bdl",0.0078,0.2527,"Within_Range",NA,NA,NA,NA,NA,NA,NA,NA,NA,NA,NA,NA
"COMPASS:Synoptic","CB","SWH_202306_SWAMP_LYSA_10CM",2023,6,21,"SWH","SWAMP","A",10,NA,NA,"",21.41,1782.53267837815,"",23.26,1936.55815502456,"NPOC checks out of range",2.627,187.553099588054,"",0.0049,0.3473,"bdl",1.4214,101.4827,"Within_Range",0.034,1.0982,"Within_Range",24.3114,0.7583,NA,267.9499,7.5585,NA,0.4842,5.5333,0.5495,9.9311,"Within Range","Within Range"
"COMPASS:Synoptic","CB","SWH_202306_SWAMP_LYSA_20CM",2023,6,21,"SWH","SWAMP","A",20,NA,NA,"",33.72,2807.42652568479,"",17.85,1486.13770710182,"NPOC checks out of range",2.161,154.283307274376,"",0.0022,0.1589,"bdl",1.1266,80.4318,"Within_Range",0.0295,0.9523,"Within_Range",11.3858,0.3551,NA,184.5417,5.2057,NA,0.3335,12.7083,0.1691,1.3305,"Within Range","Within Range"
"COMPASS:Synoptic","CB","SWH_202306_SWAMP_LYSA_45CM",2023,6,21,"SWH","SWAMP","A",45,NA,NA,"",28.78,2396.13687453168,"",12.23,1018.23328615436,"NPOC checks out of range",1.538,109.80459351596,"",0.0015,0.1106,"bdl",0.7507,53.5951,"Within_Range",0.0095,0.307,"Within_Range",4.3411,0.1354,NA,123.8195,3.4928,NA,0.2238,9.6577,0.2571,2.6623,"Within Range","Within Range"
"COMPASS:Synoptic","CB","SWH_202306_SWAMP_LYSB_10CM",2023,6,21,"SWH","SWAMP","B",10,NA,NA,"",18.1,1506.95196070269,"",54.44,4532.51186412455,"NPOC checks out of range",2.569,183.412224149871,"",0.0112,0.7965,"bdl",0.3349,23.9096,"Within_Range",0.0722,2.3321,"Within_Range",9.8276,0.3065,NA,152.7087,4.3077,NA,0.276,0.0455,0.0643,141.4214,"Within Range","High CV"
"COMPASS:Synoptic","CB","SWH_202306_SWAMP_LYSB_20CM",2023,6,21,"SWH","SWAMP","B",20,NA,NA,"",26.69,2222.12971442844,"",33,2747.4814753143,"NPOC checks out of range",1.854,132.365225213648,"",0.0069,0.4934,"bdl",0.4688,33.4701,"Within_Range",0.0681,2.1985,"Within_Range",4.4472,0.1387,NA,104.4997,2.9478,NA,0.1889,15.1732,1.3199,8.6989,"Within Range","Within Range"
"COMPASS:Synoptic","CB","SWH_202306_SWAMP_LYSB_45CM",2023,6,21,"SWH","SWAMP","B",45,NA,NA,"",22.53,1875.78053451003,"",6.256,520.855882108068,"NPOC checks out of range",1.306,93.2410917632276,"",0.0039,0.2774,"bdl",0.8099,57.8225,"Within_Range",0.0066,0.2141,"Within_Range",4.5955,0.1433,NA,147.5089,4.161,NA,0.2666,12.867,1.6049,12.473,"Within Range","High CV"
"COMPASS:Synoptic","CB","SWH_202306_SWAMP_LYSC_10CM",2023,6,21,"SWH","SWAMP","C",10,NA,NA,"",2.677,222.879027558072,"blank is ≥ 25% of sample value",7.092,590.458746149363,"NPOC checks out of range",0.541,38.6243726216739,"",0.0065,0.4621,"bdl",0.121,8.6396,"Within_Range",0.0044,0.1434,"Within_Range",67.3441,2.1006,NA,443.5128,12.5109,NA,0.8015,0,0,0,"bdl","Within Range"
"COMPASS:Synoptic","CB","SWH_202306_SWAMP_LYSC_20CM",2023,6,21,"SWH","SWAMP","C",20,NA,NA,"",6.003,499.791857463991,"",7.62,634.418449754392,"NPOC checks out of range",0.9164,65.4258319232938,"",0.0023,0.1619,"bdl",0.4907,35.0317,"Within_Range",0.0034,0.1089,"Within_Range",40.4909,1.263,NA,371.3526,10.4754,NA,0.6711,17.9554,0.6589,3.6698,"Within Range","Within Range"
"COMPASS:Synoptic","CB","SWH_202306_SWAMP_LYSC_45CM",2023,6,21,"SWH","SWAMP","C",45,NA,NA,"",16.75,1394.55499125801,"",8.619,717.592207143452,"NPOC checks out of range",1.617,115.444751440382,"",0.0021,0.1489,"bdl",1.0587,75.5824,"Within_Range",0.003,0.0964,"bdl",14.5471,0.4537,NA,177.4722,5.0063,NA,0.3207,73.623,3.5115,4.7696,"Within Range","Within Range"
"COMPASS:Synoptic","CB","SWH_202306_TR_LYSA_10CM",2023,6,21,"SWH","TR","A",10,NA,NA,"",NA,NA,NA,39.6,3296.97777037715,"NPOC checks out of range",2.168,154.783068103122,"",0.0076,0.543,"bdl",0.5003,35.7188,"Within_Range",0.0635,2.0504,"Within_Range",67.0826,2.0924,NA,1176.5244,33.1883,NA,2.126,21.1036,1.3968,6.619,"Within Range","Within Range"
"COMPASS:Synoptic","CB","SWH_202306_TR_LYSA_20CM",2023,6,21,"SWH","TR","A",20,NA,NA,"",40.18,3345.26683873116,"",14.87,1238.0318041795,"NPOC checks out of range",3.898,278.295387207551,"value above cal curve",0,0,"bdl",1.911,136.4355,"Within_Range",0.3616,11.6739,"Within_Range",2.7475,0.0857,NA,885.1249,24.9683,NA,1.5994,33.5501,1.731,5.1595,"Within Range","Within Range"
"COMPASS:Synoptic","CB","SWH_202306_TR_LYSA_45CM",2023,6,21,"SWH","TR","A",45,NA,NA,"",41.33,3441.01240529515,"",12.02,1000.74931312963,"NPOC checks out of range",3.409,243.38352359942,"value above cal curve",0.0042,0.2966,"bdl",1.75,124.9435,"Within_Range",0.2912,9.4015,"Within_Range",0,0,NA,578.6957,16.3243,NA,1.0457,131.4627,3.0243,2.3005,"adl","Within Range"
"COMPASS:Synoptic","CB","SWH_202306_TR_LYSB_10CM",2023,6,21,"SWH","TR","B",10,NA,NA,"",12.78,1064.02464407626,"",8.684,723.003913079677,"NPOC checks out of range",0.5406,38.5958148600313,"",0.0276,1.9734,"Within_Range",0.0531,3.7879,"Within_Range",0.0051,0.1662,"Within_Range",181.8555,5.6723,NA,1490.4256,42.043,NA,2.6932,0,0,0,"bdl","Within Range"
"COMPASS:Synoptic","CB","SWH_202306_TR_LYSB_20CM",2023,6,21,"SWH","TR","B",20,NA,NA,"",25.04,2084.75564066273,"",13.26,1103.98801098993,"NPOC checks out of range",1.671,119.300049262139,"",0.0027,0.1933,"bdl",0.452,32.2675,"Within_Range",0.1316,4.2476,"Within_Range",53.5791,1.6712,NA,1195.2704,33.7171,NA,2.1599,60.4932,1.9659,3.2498,"Within Range","Within Range"
"COMPASS:Synoptic","CB","SWH_202306_TR_LYSB_45CM",2023,6,21,"SWH","TR","B",45,NA,NA,"",25.86,2153.02639247357,"",15.92,1325.45166930314,"NPOC checks out of range",3.933,280.794191351282,"value above cal curve",6e-04,0.0413,"bdl",1.9556,139.6187,"Within_Range",0.2634,8.5041,"Within_Range",0.5601,0.0175,NA,768.6828,21.6836,NA,1.389,141.2002,6.1436,4.351,"adl","Within Range"
"COMPASS:Synoptic","CB","SWH_202306_TR_LYSC_10CM",2023,6,21,"SWH","TR","C",10,NA,NA,"",13.14,1093.99716926151,"",6.955,579.052535176089,"NPOC checks out of range",0.576,41.1231767654051,"",2e-04,0.0146,"bdl",0.0548,3.9116,"Within_Range",0.0052,0.1681,"Within_Range",205.1024,6.3975,NA,1638.4734,46.2193,NA,2.9607,0,0,0,"bdl","Within Range"
"COMPASS:Synoptic","CB","SWH_202306_TR_LYSC_20CM",2023,6,21,"SWH","TR","C",20,NA,NA,"",17.17,1429.52293730747,"",8.702,724.502539338939,"NPOC checks out of range",0.9586,68.4386757765926,"",0.0105,0.7487,"bdl",0.2802,20.007,"Within_Range",0.0248,0.8012,"Within_Range",152.7607,4.7648,NA,1461.9685,41.2403,NA,2.6418,23.5929,2.3531,9.9739,"Within Range","Within Range"
"COMPASS:Synoptic","CB","SWH_202306_TR_LYSC_45CM",2023,6,21,"SWH","TR","C",45,NA,NA,"",34.99,2913.16293397719,"",12.71,1058.19665306802,"NPOC checks out of range",3.087,220.394525477093,"value above cal curve",0.0016,0.1159,"bdl",1.2728,90.8716,"Within_Range",0.2439,7.8742,"Within_Range",2.5053,0.0781,NA,625.0734,17.6325,NA,1.1295,132.146,12.8129,9.696,"adl","Within Range"
"COMPASS:Synoptic","CB","SWH_202306_UP_LYSA_10CM",2023,6,21,"SWH","UP","A",10,NA,NA,"",11.27,938.306552327034,"",24.73,2058.94596619765,"NPOC checks out of range",0.9685,69.145480377248,"",0.0045,0.3221,"bdl",0.0259,1.8522,"Within_Range",0.0042,0.136,"Within_Range",15.6727,0.4889,NA,3.6902,0.1041,NA,0.0067,0,0,0,"bdl","Within Range"
"COMPASS:Synoptic","CB","SWH_202306_UP_LYSA_20CM",2023,6,21,"SWH","UP","A",20,NA,NA,"",9.144,761.30213970527,"",115.6,9624.51086504038,"NPOC checks out of range; value above cal curve",3.533,252.236429708639,"value above cal curve",0.0042,0.3025,"bdl",0.0936,6.6854,"Within_Range",0.0048,0.1542,"Within_Range",13.9944,0.4365,NA,3.6702,0.1035,NA,0.0067,0.7865,0.1553,19.7467,"Within Range","High CV"
"COMPASS:Synoptic","CB","SWH_202306_UP_LYSA_45CM",2023,6,21,"SWH","UP","A",45,NA,NA,"",37.97,3161.26883689951,"",112.6,9374.73982182999,"NPOC checks out of range; value above cal curve",2.37,169.204737732657,"",0.0085,0.6066,"bdl",0.0546,3.8966,"Within_Range",0.0042,0.1366,"Within_Range",13.2094,0.412,NA,4.3761,0.1234,NA,0.0079,20.5179,0.8153,3.9735,"Within Range","Within Range"
"COMPASS:Synoptic","CB","SWH_202306_UP_LYSB_10CM",2023,6,21,"SWH","UP","B",10,NA,NA,"",8.897,740.737657147615,"",96.91,8068.43726583965,"NPOC checks out of range",2.976,212.46974662126,"",0.0259,1.848,"Within_Range",0.1411,10.0752,"Within_Range",0.0377,1.2182,"Within_Range",6.9768,0.2176,NA,4.5387,0.128,NA,0.0082,0,0,0,"bdl","Within Range"
"COMPASS:Synoptic","CB","SWH_202306_UP_LYSB_20CM",2023,6,21,"SWH","UP","B",20,NA,NA,"",31.48,2620.93081342103,"",171.8,14303.555074515,"NPOC checks out of range; value above cal curve",4.84,345.548915875974,"value above cal curve",0.0112,0.8015,"bdl",0.0626,4.4673,"Within_Range",0.0081,0.2622,"Within_Range",8.2041,0.2559,NA,5.5306,0.156,NA,0.01,0.3838,0,0,"Within Range","Within Range"
"COMPASS:Synoptic","CB","SWH_202306_UP_LYSB_45CM",2023,6,21,"SWH","UP","B",45,NA,NA,"",19.75,1644.3260344684,"",77.01,6411.62267921072,"NPOC checks out of range",1.934,138.076777542176,"",0.0044,0.3128,"bdl",0.0637,4.5502,"Within_Range",0.004,0.1287,"Within_Range",7.8557,0.245,NA,6.9483,0.196,NA,0.0126,26.9364,1.7894,6.6431,"Within Range","Within Range"
"COMPASS:Synoptic","CB","SWH_202306_UP_LYSC_10CM",2023,6,21,"SWH","UP","C",10,NA,NA,"",4.113,342.436100241445,"blank is ≥ 25% of sample value",50.77,4226.95862126384,"NPOC checks out of range",1.605,114.588018591103,"",0.009,0.6416,"bdl",0.1334,9.5254,"Within_Range",0.0142,0.4585,"Within_Range",10.2118,0.3185,NA,4.8237,0.1361,NA,0.0087,0,0,0,"bdl","Within Range"
"COMPASS:Synoptic","CB","SWH_202306_UP_LYSC_20CM",2023,6,21,"SWH","UP","C",20,NA,NA,"",6.853,570.560319706935,"",56.49,4703.18874365165,"NPOC checks out of range",1.792,127.938772159038,"",0.0053,0.3782,"bdl",0.0507,3.6185,"Within_Range",0.0071,0.2278,"Within_Range",22.4137,0.6991,NA,59.4081,1.6758,NA,0.1074,0,0,0,"bdl","Within Range"
"COMPASS:Synoptic","CB","SWH_202306_UP_LYSC_45CM",2023,6,21,"SWH","UP","C",45,NA,NA,"",44.91,3739.07251685955,"",80.55,6706.35251019898,"NPOC checks out of range",2.323,165.849200739646,"",0.0024,0.1684,"bdl",0.135,9.6349,"Within_Range",0.0045,0.1438,"Within_Range",7.5091,0.2342,NA,6.9949,0.1973,NA,0.0127,22.7143,0.5528,2.4335,"Within Range","Within Range"
"COMPASS:Synoptic","CB","SWH_202306_WC_LYSA_10CM",2023,6,21,"SWH","WC","A",10,NA,NA,"",NA,NA,NA,NA,NA,NA,NA,NA,NA,0.0026,0.1828,"bdl",0.0524,3.7395,"Within_Range",0.0219,0.7058,"Within_Range",NA,NA,NA,NA,NA,NA,NA,NA,NA,NA,NA,NA
"COMPASS:Synoptic","CB","SWH_202306_WC_LYSA_45CM",2023,6,21,"SWH","WC","A",45,NA,NA,"",NA,NA,NA,NA,NA,NA,NA,NA,NA,0.0065,0.4609,"bdl",0.0239,1.7033,"Within_Range",0.0792,2.5578,"Within_Range",NA,NA,NA,NA,NA,NA,NA,NA,NA,NA,NA,NA
"COMPASS:Synoptic","CB","SWH_202306_WC_LYSB_10CM",2023,6,21,"SWH","WC","B",10,NA,NA,"",NA,NA,NA,NA,NA,NA,NA,NA,NA,0.0023,0.1616,"bdl",0.0287,2.0503,"Within_Range",0.0219,0.7054,"Within_Range",NA,NA,NA,NA,NA,NA,NA,NA,NA,NA,NA,NA
"COMPASS:Synoptic","CB","SWH_202306_WC_LYSB_20CM",2023,6,21,"SWH","WC","B",20,NA,NA,"",NA,NA,NA,NA,NA,NA,NA,NA,NA,0.0083,0.5894,"bdl",0.0364,2.6012,"Within_Range",0.0457,1.4757,"Within_Range",NA,NA,NA,NA,NA,NA,NA,NA,NA,NA,NA,NA
"COMPASS:Synoptic","CB","SWH_202306_WC_LYSB_45CM",2023,6,21,"SWH","WC","B",45,NA,NA,"",NA,NA,NA,NA,NA,NA,NA,NA,NA,0.0036,0.2548,"bdl",0.0159,1.1374,"bdl",0.0551,1.7805,"Within_Range",NA,NA,NA,NA,NA,NA,NA,NA,NA,NA,NA,NA
"COMPASS:Synoptic","CB","SWH_202306_WC_LYSC_10CM",2023,6,21,"SWH","WC","C",10,NA,NA,"",47.22,3931.39622013155,"",NA,NA,NA,NA,NA,NA,0.0015,0.1051,"bdl",0.0354,2.5303,"Within_Range",0.0295,0.9528,"Within_Range",NA,NA,NA,NA,NA,NA,NA,NA,NA,NA,NA,NA
"COMPASS:Synoptic","CB","SWH_202306_WC_LYSC_20CM",2023,6,21,"SWH","WC","C",20,NA,NA,"",NA,NA,NA,NA,NA,NA,NA,NA,NA,0,0,"bdl",0.0217,1.5484,"Within_Range",0.0331,1.0694,"Within_Range",NA,NA,NA,NA,NA,NA,NA,NA,NA,NA,NA,NA
"COMPASS:Synoptic","CB","SWH_202306_WC_LYSC_45CM",2023,6,21,"SWH","WC","C",45,NA,NA,"",38.12,3173.75738906003,"",NA,NA,NA,NA,NA,NA,0,0,"bdl",0.0421,3.0048,"Within_Range",0.1821,5.8782,"Within_Range",NA,NA,NA,NA,NA,NA,NA,NA,NA,NA,NA,NA
"COMPASS:Synoptic","CB","GWI_202306_SW_A",2023,6,22,"GWI","SW","A",0,NA,NA,"",19.87,1654.31687619682,"",3.463,288.319040879194,"NPOC checks out of range",0.5004,35.7257598149457,"",0.0054,0.3876,"bdl",0.208,14.8509,"Within_Range",0.0046,0.1494,"Within_Range",1790.3015,55.8422,NA,13061.0534,368.4359,NA,23.6013,0,0,0,"bdl","Within Range"
"COMPASS:Synoptic","CB","GWI_202306_SW_B",2023,6,22,"GWI","SW","B",0,NA,NA,"",19.14,1593.53925568229,"",3.326,276.91282990592,"NPOC checks out of range",0.4513,32.2202945733113,"",0.0045,0.3232,"bdl",0.3974,28.3707,"Within_Range",0.0061,0.1983,"Within_Range",1768.6562,55.1671,NA,12947.2548,365.2258,NA,23.3957,0,0,0,"bdl","Within Range"
"COMPASS:Synoptic","CB","GWI_202306_SW_C",2023,6,22,"GWI","SW","C",0,NA,NA,"",19.35,1611.02322870702,"",3.228,268.75364249438,"NPOC checks out of range",0.4387,31.3207250815681,"",0.0046,0.3297,"bdl",0.3459,24.6966,"Within_Range",0.0058,0.186,"Within_Range",1788.3432,55.7811,NA,13100.2913,369.5428,NA,23.6723,0,0,0,"bdl","Within Range"
"COMPASS:Synoptic","CB","GWI_202306_TR_LYSA_10CM",2023,6,22,"GWI","TR","A",10,NA,NA,"",56.64,4715.67729581217,"",47.05,3917.24252768296,"NPOC checks out of range",1.489,106.306267714737,"",0.0098,0.698,"bdl",0.2235,15.9555,"Within_Range",0.0042,0.1354,"Within_Range",804.1254,25.0819,NA,8506.098,239.9463,NA,15.3705,103.7387,2.6844,2.5877,"adl","Within Range"
"COMPASS:Synoptic","CB","GWI_202306_TR_LYSA_20CM",2023,6,22,"GWI","TR","A",20,NA,NA,"",38.57,3211.22304554159,"",64.96,5408.37565564899,"NPOC checks out of range",1.942,138.647932775029,"",0.007,0.4998,"bdl",0.5548,39.6085,"Within_Range",0.005,0.163,"Within_Range",889.0632,27.7312,NA,8345.043,235.4032,NA,15.0795,6.2654,0.1843,2.9408,"Within Range","Within Range"
"COMPASS:Synoptic","CB","GWI_202306_TR_LYSA_45CM",2023,6,22,"GWI","TR","A",45,NA,NA,"",NA,NA,NA,NA,NA,NA,NA,NA,NA,NA,NA,NA,NA,NA,NA,NA,NA,NA,850.8908,26.5406,NA,9214.8158,259.9384,NA,16.6512,0,0,0,"bdl","Within Range"
"COMPASS:Synoptic","CB","GWI_202306_TR_LYSB_10CM",2023,6,22,"GWI","TR","B",10,NA,NA,"",19.57,1629.33977187578,"",21.51,1790.8583798185,"NPOC checks out of range",0.8766,62.5843346398509,"",0.0076,0.5424,"bdl",0.3364,24.0194,"Within_Range",0.0031,0.0985,"Within_Range",1259.0005,39.2701,NA,9609.3805,271.0686,NA,17.3642,0.4571,0.2071,45.3082,"Within Range","High CV"
"COMPASS:Synoptic","CB","GWI_202306_TR_LYSB_20CM",2023,6,22,"GWI","TR","B",20,NA,NA,"",NA,NA,NA,62.3,5186.91199733578,"NPOC checks out of range",2.647,188.980987670186,"",0.0103,0.7374,"bdl",0.4111,29.352,"Within_Range",0.0079,0.2549,"Within_Range",434.7335,13.56,NA,7953.2029,224.3499,NA,14.3715,168.1433,6.7669,4.0245,"adl","Within Range"
"COMPASS:Synoptic","CB","GWI_202306_TR_LYSB_45CM",2023,6,22,"GWI","TR","B",45,NA,NA,"",NA,NA,NA,30.45,2535.17608858546,"NPOC checks out of range",1.118,79.8189437911856,"",0.0036,0.2591,"bdl",0.3551,25.3512,"Within_Range",0.0053,0.1708,"Within_Range",1086.0915,33.8768,NA,8584.6174,242.1613,NA,15.5124,31.6099,0.3624,1.1465,"Within Range","Within Range"
"COMPASS:Synoptic","CB","GWI_202306_TR_LYSC_10CM",2023,6,22,"GWI","TR","C",10,NA,NA,"",13.89,1156.43993006411,"",18.7,1556.90616934477,"NPOC checks out of range",0.7754,55.3592209442624,"",0.0112,0.7988,"bdl",0.1611,11.5006,"Within_Range",0.0039,0.125,"Within_Range",1194.5508,37.2599,NA,8912.3638,251.4066,NA,16.1047,0,0,0,"bdl","Within Range"
"COMPASS:Synoptic","CB","GWI_202306_TR_LYSC_20CM",2023,6,22,"GWI","TR","C",20,NA,NA,"",31.61,2631.75422529348,"",25.36,2111.39788527183,"NPOC checks out of range",1.044,74.5357578872968,"",0.0062,0.4454,"bdl",0.036,2.571,"Within_Range",0.0027,0.0876,"bdl",1006.7912,31.4033,NA,8949.3259,252.4492,NA,16.1715,64.2515,3.0155,4.6932,"Within Range","Within Range"
"COMPASS:Synoptic","CB","GWI_202306_TR_LYSC_45CM",2023,6,22,"GWI","TR","C",45,NA,NA,"",NA,NA,NA,NA,NA,NA,NA,NA,NA,0.0107,0.7635,"bdl",1.1317,80.7982,"Within_Range",0.0115,0.3719,"Within_Range",1235.9156,38.5501,NA,9466.1522,267.0283,NA,17.1054,0,0,0,"bdl","Within Range"
"COMPASS:Synoptic","CB","GWI_202306_UP_LYSA_10CM",2023,6,22,"GWI","UP","A",10,NA,NA,"",NA,NA,NA,40.86,3401.88160852552,"NPOC checks out of range",1.127,80.4614934281451,"",0.0076,0.5452,"bdl",0.7102,50.7041,"Within_Range",0.0118,0.382,"Within_Range",584.8446,18.2422,NA,4370.4775,123.2857,NA,7.8975,0,0,0,"bdl","Within Range"
"COMPASS:Synoptic","CB","GWI_202306_UP_LYSA_20CM",2023,6,22,"GWI","UP","A",20,NA,NA,"",10.79,898.343185413371,"",28.84,2401.13229539589,"NPOC checks out of range",0.8919,63.676669022682,"",0.0026,0.184,"bdl",0.1007,7.1866,"Within_Range",0.0055,0.1769,"Within_Range",717.6001,22.383,NA,5435.1048,153.3175,NA,9.8213,0,0,0,"bdl","Within Range"
"COMPASS:Synoptic","CB","GWI_202306_UP_LYSA_45CM",2023,6,22,"GWI","UP","A",45,NA,NA,"",5.57,463.741570227292,"",16.04,1335.44251103155,"NPOC checks out of range",0.6045,43.1579172824434,"",0.009,0.6401,"bdl",0.8674,61.9273,"Within_Range",0.0096,0.3101,"Within_Range",672.3196,20.9707,NA,5408.139,152.5568,NA,9.7725,0,0,0,"bdl","Within Range"
"COMPASS:Synoptic","CB","GWI_202306_UP_LYSB_10CM",2023,6,22,"GWI","UP","B",10,NA,NA,"",4.294,357.505619848472,"blank is ≥ 25% of sample value",33.02,2749.14661560236,"NPOC checks out of range",0.9114,65.0688599027608,"",0.0076,0.546,"bdl",0.1636,11.6833,"Within_Range",0.0309,0.9987,"Within_Range",267.5522,8.3454,NA,2035.2314,57.4113,NA,3.6777,0,0,0,"bdl","Within Range"
"COMPASS:Synoptic","CB","GWI_202306_UP_LYSB_20CM",2023,6,22,"GWI","UP","B",20,NA,NA,"",6.923,576.388310715178,"",36.25,3018.06677212555,"NPOC checks out of range",1.055,75.3210963324695,"",0.0126,0.8999,"bdl",0.2732,19.5023,"Within_Range",0.0062,0.1997,"Within_Range",409.2282,12.7644,NA,3182.6537,89.7787,NA,5.7511,0,0,0,"bdl","Within Range"
"COMPASS:Synoptic","CB","GWI_202306_UP_LYSB_45CM",2023,6,22,"GWI","UP","B",45,NA,NA,"",25.27,2103.90475397552,"",39.15,3259.5121138956,"NPOC checks out of range",1.115,79.6047605788658,"",0.0131,0.9375,"bdl",0.2832,20.2193,"Within_Range",0.0061,0.1971,"Within_Range",627.1934,19.5631,NA,5049.8423,142.4497,NA,9.1251,0,0,0,"bdl","Within Range"
"COMPASS:Synoptic","CB","GWI_202306_UP_LYSC_10CM",2023,6,22,"GWI","UP","C",10,NA,NA,"",13.42,1117.30913329448,"",55.31,4604.94546665557,"NPOC checks out of range",1.642,117.229611543047,"",0.0037,0.2614,"bdl",0.1842,13.148,"Within_Range",0.0218,0.7042,"Within_Range",801.4295,24.9978,NA,5746.6384,162.1055,NA,10.3842,0,0,0,"bdl","Within Range"
"COMPASS:Synoptic","CB","GWI_202306_UP_LYSC_20CM",2023,6,22,"GWI","UP","C",20,NA,NA,"",16.58,1380.40129880942,"",60.01,4996.25343435184,"NPOC checks out of range",1.747,124.726023974241,"",0.0044,0.317,"bdl",0.1925,13.7454,"Within_Range",0.0111,0.3599,"Within_Range",660.1095,20.5898,NA,5382.3055,151.8281,NA,9.7259,0,0,0,"bdl","Within Range"
"COMPASS:Synoptic","CB","GWI_202306_UP_LYSC_45CM",2023,6,22,"GWI","UP","C",45,NA,NA,"",17.27,1437.84863874781,"",49.31,4105.40338023478,"NPOC checks out of range",1.993,142.289047384466,"",0.0072,0.5108,"bdl",0.5681,40.5562,"Within_Range",0.0082,0.2634,"Within_Range",717.0423,22.3656,NA,5637.3548,159.0227,NA,10.1867,0,0,0,"bdl","Within Range"
"COMPASS:Synoptic","CB","GWI_202306_WC_LYSA_10CM",2023,6,22,"GWI","WC","A",10,NA,NA,"",NA,NA,NA,31.43,2616.76796270086,"NPOC checks out of range",1.646,117.515189159474,"",0.0055,0.3925,"bdl",0.1868,13.3398,"Within_Range",0.0037,0.1206,"Within_Range",1136.178,35.4391,NA,11561.988,326.1492,NA,20.8925,1.8725,0.1524,8.1391,"Within Range","Within Range"
"COMPASS:Synoptic","CB","GWI_202306_WC_LYSA_20CM",2023,6,22,"GWI","WC","A",20,NA,NA,"",NA,NA,NA,51.88,4319.37390725169,"NPOC checks out of range",2.074,148.071994117101,"",0.0074,0.5264,"bdl",0.2913,20.7995,"Within_Range",0.0046,0.149,"Within_Range",1325.5768,41.3467,NA,10940.2142,308.6097,NA,19.769,5.5821,0.4393,7.8696,"Within Range","Within Range"
"COMPASS:Synoptic","CB","GWI_202306_WC_LYSA_45CM",2023,6,22,"GWI","WC","A",45,NA,NA,"",36.07,3003.08050953293,"",34.35,2859.87844475897,"NPOC checks out of range",1.628,116.230089885555,"",0.0075,0.5376,"bdl",0.7939,56.6785,"Within_Range",0.0066,0.2132,"Within_Range",1374.3504,42.8681,NA,11492.149,324.1791,NA,20.7663,4.1178,0.264,6.4107,"Within Range","Within Range"
"COMPASS:Synoptic","CB","GWI_202306_WC_LYSB_10CM",2023,6,22,"GWI","WC","B",10,NA,NA,"",NA,NA,NA,33.94,2825.74306885355,"NPOC checks out of range",1.52,108.519494242041,"",0.0075,0.5382,"bdl",0.2764,19.7307,"Within_Range",0.0059,0.1892,"Within_Range",1309.7705,40.8537,NA,12131.0664,342.2022,NA,21.9209,22.8852,1.0259,4.4827,"Within Range","Within Range"
"COMPASS:Synoptic","CB","GWI_202306_WC_LYSB_20CM",2023,6,22,"GWI","WC","B",20,NA,NA,"",43.05,3584.2144700691,"",34.15,2843.22704187828,"NPOC checks out of range",1.604,114.516624186996,"",0.0065,0.4644,"bdl",0.1313,9.3769,"Within_Range",0.0037,0.1189,"Within_Range",1272.8472,39.702,NA,11054.966,311.8467,NA,19.9763,10.3044,0.1553,1.5072,"Within Range","Within Range"
"COMPASS:Synoptic","CB","GWI_202306_WC_LYSB_45CM",2023,6,22,"GWI","WC","B",45,NA,NA,"",18.68,1555.2410290567,"",45.77,3810.67354924652,"NPOC checks out of range",1.796,128.224349775465,"",0.0024,0.1748,"bdl",NA,NA,NA,NA,NA,NA,1666.5338,51.9817,NA,13351.2461,376.6219,NA,24.1257,3.7151,0.2589,6.9676,"Within Range","Within Range"
"COMPASS:Synoptic","CB","GWI_202306_WC_LYSC_10CM",2023,6,22,"GWI","WC","C",10,NA,NA,"",65.55,5457.49729414703,"",35.36,2943.96802930647,"NPOC checks out of range",1.785,127.439011330292,"",0.0081,0.5805,"bdl",0.4218,30.1154,"Within_Range",0.0042,0.1355,"Within_Range",1199.1082,37.402,NA,11468.4257,323.5099,NA,20.7235,5.8017,0.3191,5.5007,"Within Range","Within Range"
"COMPASS:Synoptic","CB","GWI_202306_WC_LYSC_20CM",2023,6,22,"GWI","WC","C",20,NA,NA,"",NA,NA,NA,52.52,4372.6583964699,"NPOC checks out of range",1.897,135.435184590232,"",0.0116,0.8297,"bdl",0.4256,30.3867,"Within_Range",0.0029,0.0936,"bdl",1599.5532,49.8925,NA,12648.3147,356.7931,NA,22.8555,0.6035,0.1035,17.1573,"Within Range","High CV"
"COMPASS:Synoptic","CB","GWI_202306_WC_LYSC_45CM",2023,6,22,"GWI","WC","C",45,NA,NA,"",NA,NA,NA,NA,NA,NA,NA,NA,NA,NA,NA,NA,0.6601,47.1297,"Within_Range",0.0038,0.1239,"Within_Range",NA,NA,NA,NA,NA,NA,NA,NA,NA,NA,NA,NA
"COMPASS:Synoptic","CB","GCW_202306_SW_A",2023,6,27,"GCW","SW","A",0,NA,NA,"",21.55,1794.18866039464,"",7.384,614.769794355174,"NPOC checks out of range",0.6324,45.1498211570177,"",0.0088,0.6247,"bdl",0.0954,6.8108,"Within_Range",0.088,2.8404,"Within_Range",685.8568,21.3929,NA,5248.4561,148.0524,NA,9.484,0,0,0,"bdl","Within Range"
"COMPASS:Synoptic","CB","GCW_202306_SW_B",2023,6,27,"GCW","SW","B",0,NA,NA,"",21.84,1818.33319457164,"",7.527,626.67554741487,"NPOC checks out of range",0.5968,42.6081803708225,"",0.0114,0.8125,"bdl",0.1513,10.8032,"Within_Range",0.0842,2.7171,"Within_Range",676.4929,21.1008,NA,5180.0941,146.124,NA,9.3605,0,0,0,"bdl","Within Range"
"COMPASS:Synoptic","CB","GCW_202306_SW_C",2023,6,27,"GCW","SW","C",0,NA,NA,"",21.59,1797.51894097078,"",7.422,617.933560902506,"NPOC checks out of range",0.5578,39.8237986106649,"",0.0093,0.666,"bdl",0.104,7.4227,"Within_Range",0.0817,2.6373,"Within_Range",683.3037,21.3133,NA,5232.599,147.605,NA,9.4553,0,0,0,"bdl","Within Range"
"COMPASS:Synoptic","CB","GCW_202306_WC_LYSA_10CM",2023,6,27,"GCW","WC","A",10,NA,NA,"",91.28,7599.70027474815,"",11.53,959.953376071934,"NPOC checks out of range",0.7899,56.3944398038082,"",0.0102,0.7283,"bdl",0.1747,12.4714,"Within_Range",0.0643,2.0759,"Within_Range",466.9293,14.5642,NA,5160.7804,145.5791,NA,9.3256,1616.6599,107.3695,6.6414,"Within Range","Within Range"
"COMPASS:Synoptic","CB","GCW_202306_WC_LYSA_20CM",2023,6,27,"GCW","WC","A",20,NA,NA,"",94.89,7900.25809674465,"",11.8,982.432769960869,"NPOC checks out of range",1.028,73.3934474215911,"",0.0102,0.7291,"bdl",0.222,15.8521,"Within_Range",0.0866,2.7953,"Within_Range",409.7137,12.7796,NA,4716.309,133.0412,NA,8.5224,1722.8213,25.8853,1.5025,"Within Range","Within Range"
"COMPASS:Synoptic","CB","GCW_202306_WC_LYSA_45CM",2023,6,27,"GCW","WC","A",45,NA,NA,"",146.9,12230.4554158688,"",30.69,2555.15777204229,"NPOC checks out of range",4.041,288.504786994795,"value above cal curve",0.0237,1.6921,"bdl",1.749,124.8664,"Within_Range",0.3588,11.5826,"Within_Range",277.9708,8.6703,NA,5284.0229,149.0557,NA,9.5483,3132.2055,137.3265,4.3843,"adl","Within Range"
"COMPASS:Synoptic","CB","GCW_202306_WC_LYSB_10CM",2023,6,27,"GCW","WC","B",10,NA,NA,"",77.32,6437.4323536758,"",9.323,776.20514528349,"NPOC checks out of range",0.8476,60.5138969207594,"",0.0108,0.7713,"bdl",0.2617,18.6841,"Within_Range",0.1252,4.0436,"Within_Range",430.4655,13.4269,NA,4894.8392,138.0773,NA,8.845,1866.8104,142.3026,7.6228,"Within Range","Within Range"
"COMPASS:Synoptic","CB","GCW_202306_WC_LYSB_20CM",2023,6,27,"GCW","WC","B",20,NA,NA,"",79.53,6621.43035550745,"",9.515,792.190492048955,"NPOC checks out of range",0.9714,69.3525241491572,"",0.011,0.784,"bdl",0.2174,15.5183,"Within_Range",0.0726,2.3438,"Within_Range",403.0272,12.571,NA,4632.348,130.6727,NA,8.3707,1753.9376,69.8904,3.9848,"Within Range","Within Range"
"COMPASS:Synoptic","CB","GCW_202306_WC_LYSB_45CM",2023,6,27,"GCW","WC","B",45,NA,NA,"",103.8,8642.07809507951,"",12.9,1074.01548580468,"NPOC checks out of range",3.897,278.223992803444,"value above cal curve",0.0145,1.0322,"bdl",1.103,78.747,"Within_Range",0.1557,5.0276,"Within_Range",327.7402,10.2227,NA,4800.2882,135.4101,NA,8.6741,2342.4013,200.6113,8.5643,"Within Range","Within Range"
"COMPASS:Synoptic","CB","GCW_202306_WC_LYSC_10CM",2023,6,27,"GCW","WC","C",10,NA,NA,"",87.06,7248.35567396553,"",8.139,677.628840229789,"NPOC checks out of range",0.6442,45.9922751254757,"",0.0083,0.5953,"bdl",0.171,12.2064,"Within_Range",0.0671,2.1657,"Within_Range",561.8125,17.5238,NA,5977.4844,168.6173,NA,10.8013,1584.3234,124.1731,7.8376,"Within Range","Within Range"
"COMPASS:Synoptic","CB","GCW_202306_WC_LYSC_20CM",2023,6,27,"GCW","WC","C",20,NA,NA,"",48.44,4032.96977770377,"",5.774,480.726001165598,"NPOC checks out of range",0.4383,31.2921673199255,"",0.0048,0.3425,"bdl",0.1341,9.5736,"Within_Range",0.0331,1.0693,"Within_Range",566.0143,17.6548,NA,5208.6139,146.9285,NA,9.412,1297.5656,129.4827,9.9789,"Within Range","Within Range"
"COMPASS:Synoptic","CB","GCW_202306_WC_LYSC_45CM",2023,6,27,"GCW","WC","C",45,NA,NA,"",58.67,4884.6890350512,"",7.906,658.229955873783,"NPOC checks out of range",0.9422,67.2678075492443,"",0.0217,1.5493,"bdl",0.3693,26.3664,"Within_Range",0.1774,5.7279,"Within_Range",531.0496,16.5642,NA,5063.1697,142.8257,NA,9.1492,1561.7489,15.6387,1.0014,"Within Range","Within Range"
"COMPASS:Synoptic","CB","GCW_202306_TR_LYSA_10CM",2023,6,28,"GCW","TR","A",10,NA,NA,"",NA,NA,NA,NA,NA,NA,NA,NA,NA,NA,NA,NA,NA,NA,NA,NA,NA,NA,9.9516,0.3104,NA,3.8924,0.1098,NA,0.0071,0,0,0,"bdl","Within Range"
"COMPASS:Synoptic","CB","GCW_202306_TR_LYSA_20CM",2023,6,28,"GCW","TR","A",20,NA,NA,"",54.8,4562.4843893098,"",39.15,3259.5121138956,"NPOC checks out of range",2.101,149.999643027979,"",0.0034,0.2423,"bdl",0.5372,38.3536,"Within_Range",0.0039,0.1245,"Within_Range",4.9808,0.1554,NA,2.3446,0.0661,NA,0.0043,0,0,0,"bdl","Within Range"
"COMPASS:Synoptic","CB","GCW_202306_TR_LYSA_45CM",2023,6,28,"GCW","TR","A",45,NA,NA,"",13.74,1143.95137790359,"",9.943,827.824494213638,"NPOC checks out of range",0.4123,29.4359128131537,"",0.0035,0.2527,"bdl",0.0936,6.6836,"Within_Range",0.0035,0.1117,"Within_Range",13.7418,0.4286,NA,3.0212,0.0852,NA,0.0055,0,0,0,"bdl","Within Range"
"COMPASS:Synoptic","CB","GCW_202306_TR_LYSB_10CM",2023,6,28,"GCW","TR","B",10,NA,NA,"",33.44,2784.11456165182,"",16.91,1407.87611356257,"NPOC checks out of range",0.8027,57.3082881763727,"",0.0048,0.3432,"bdl",0.3864,27.5896,"Within_Range",0.005,0.1603,"Within_Range",14.8488,0.4632,NA,152.4712,4.301,NA,0.2755,6.0946,0.4453,7.3073,"Within Range","Within Range"
"COMPASS:Synoptic","CB","GCW_202306_TR_LYSB_20CM",2023,6,28,"GCW","TR","B",20,NA,NA,"",42.29,3520.93913912247,"",30.74,2559.32062276247,"NPOC checks out of range",1.945,138.862115987349,"",0.0056,0.3991,"bdl",0.8789,62.7451,"Within_Range",0.0057,0.1848,"Within_Range",4.9649,0.1549,NA,6.2568,0.1765,NA,0.0113,0,0,0,"bdl","Within Range"
"COMPASS:Synoptic","CB","GCW_202306_TR_LYSB_45CM",2023,6,28,"GCW","TR","B",45,NA,NA,"",NA,NA,NA,30.19,2513.52926484056,"NPOC checks out of range",0.9846,70.2949302833644,"",0.0071,0.5098,"bdl",0.0597,4.2597,"Within_Range",0.005,0.1615,"Within_Range",5.5728,0.1738,NA,4.2406,0.1196,NA,0.0077,0,0,0,"bdl","Within Range"
"COMPASS:Synoptic","CB","GCW_202306_TR_LYSC_10CM",2023,6,28,"GCW","TR","C",10,NA,NA,"",21.22,1766.7138456415,"",24.33,2025.64316043627,"NPOC checks out of range",0.9088,64.8832344520837,"",0.0083,0.5934,"bdl",0.2401,17.1424,"Within_Range",0.0108,0.3483,"Within_Range",18.1892,0.5673,NA,53.0561,1.4966,NA,0.0959,0,0,0,"bdl","Within Range"
"COMPASS:Synoptic","CB","GCW_202306_TR_LYSC_20CM",2023,6,28,"GCW","TR","C",20,NA,NA,"",54.32,4522.52102239614,"",78.38,6525.68478894347,"NPOC checks out of range",2.977,212.541141025366,"",0.0243,1.7323,"bdl",0.6211,44.3407,"Within_Range",0.0346,1.1167,"Within_Range",7.5668,0.236,NA,59.5652,1.6803,NA,0.1077,0.0178,0,0,"Within Range","Within Range"
"COMPASS:Synoptic","CB","GCW_202306_TR_LYSC_45CM",2023,6,28,"GCW","TR","C",45,NA,NA,"",NA,NA,NA,17.93,1492.7982682541,"NPOC checks out of range",0.5865,41.8728180085245,"",0.0065,0.4644,"bdl",0.0706,5.0424,"Within_Range",0.0043,0.1394,"Within_Range",18.4423,0.5752,NA,54.1842,1.5285,NA,0.0979,0,0,0,"bdl","Within Range"
"COMPASS:Synoptic","CB","GCW_202306_UP_LYSA_20CM",2023,6,28,"GCW","UP","A",20,NA,NA,"",NA,NA,NA,14.29,1189.74273582549,"NPOC checks out of range",0.4624,33.0127724588947,"",0.0021,0.1524,"bdl",0.0288,2.0539,"Within_Range",0.0193,0.6228,"Within_Range",5.2274,0.1631,NA,7.1807,0.2026,NA,0.013,0.0089,0.0126,141.4214,"Within Range","High CV"
"COMPASS:Synoptic","CB","GCW_202306_UP_LYSA_45CM",2023,6,28,"GCW","UP","A",45,NA,NA,"",NA,NA,NA,NA,NA,NA,NA,NA,NA,NA,NA,NA,NA,NA,NA,NA,NA,NA,6.8195,0.2127,NA,1.2722,0.0359,NA,0.0023,0,0,0,"bdl","Within Range"
"COMPASS:Synoptic","CB","GCW_202306_UP_LYSB_10CM",2023,6,28,"GCW","UP","B",10,NA,NA,"",NA,NA,NA,NA,NA,NA,NA,NA,NA,0.0053,0.3797,"bdl",0.0698,4.9819,"Within_Range",0.0039,0.1244,"Within_Range",8.4999,0.2651,NA,2.9259,0.0825,NA,0.0053,0,0,0,"bdl","Within Range"
"COMPASS:Synoptic","CB","GCW_202306_UP_LYSC_10CM",2023,6,28,"GCW","UP","C",10,NA,NA,"",NA,NA,NA,21.33,1775.87211722588,"NPOC checks out of range",0.5342,38.138890673749,"",0.0075,0.5376,"bdl",0.0242,1.7278,"Within_Range",0.0039,0.1255,"Within_Range",5.1459,0.1605,NA,7.4212,0.2093,NA,0.0134,0.6401,0.0518,8.088,"Within Range","Within Range"
"COMPASS:Synoptic","CB","GCW_202306_UP_LYSC_20CM",2023,6,28,"GCW","UP","C",20,NA,NA,"",NA,NA,NA,7.732,643.74323536758,"NPOC checks out of range",0.1922,13.7220044692897,"blank is ≥ 25% of sample value",0.0223,1.5907,"bdl",0.0598,4.2673,"Within_Range",0.0149,0.481,"Within_Range",5.0887,0.1587,NA,3.5742,0.1008,NA,0.0065,0,0,0,"bdl","Within Range"
"COMPASS:Synoptic","CB","MSM_202306_SW_A",2023,6,29,"MSM","SW","A",0,NA,NA,"",20.07,1670.96827907751,"",6.8,566.147697943552,"NPOC checks out of range",0.4816,34.3835450177415,"",0.0014,0.1028,"bdl",0.2344,16.7343,"Within_Range",0.0034,0.109,"Within_Range",1157.6209,36.108,NA,8547.8103,241.123,NA,15.4459,0,0,0,"bdl","Within Range"
"COMPASS:Synoptic","CB","MSM_202306_SW_B",2023,6,29,"MSM","SW","B",0,NA,NA,"",19.84,1651.81916576472,"",6.575,547.414869702773,"NPOC checks out of range",0.493,35.1974412245568,"",0.0036,0.2585,"bdl",0.1895,13.5322,"Within_Range",0.004,0.129,"Within_Range",1181.9727,36.8675,NA,8767.3943,247.3172,NA,15.8427,0,0,0,"bdl","Within Range"
"COMPASS:Synoptic","CB","MSM_202306_SW_C",2023,6,29,"MSM","SW","C",0,NA,NA,"",19.34,1610.19065856298,"",NA,NA,NA,NA,NA,NA,0.0054,0.389,"bdl",0.2145,15.3147,"Within_Range",0.0038,0.1228,"Within_Range",1194.6644,37.2634,NA,8890.4806,250.7893,NA,16.0651,0,0,0,"bdl","Within Range"
"COMPASS:Synoptic","CB","MSM_202306_TR_LYSA_10CM",2023,6,29,"MSM","TR","A",10,NA,NA,"",9.274,772.12555157772,"",17.91,1491.13312796603,"NPOC checks out of range",1.121,80.0331270035055,"",0.0038,0.2731,"bdl",0.9218,65.8084,"Within_Range",0.0085,0.2741,"Within_Range",796.1063,24.8318,NA,6958.4493,196.2891,NA,12.5739,0,0,0,"bdl","Within Range"
"COMPASS:Synoptic","CB","MSM_202306_TR_LYSA_20CM",2023,6,29,"MSM","TR","A",20,NA,NA,"",38.15,3176.25509949213,"",26.99,2247.10681874948,"NPOC checks out of range",2.629,187.695888396267,"",0.003,0.2113,"bdl",1.8847,134.5572,"Within_Range",0.0129,0.4168,"Within_Range",489.5831,15.2708,NA,3763.3205,106.1585,NA,6.8003,6.4363,0.1524,2.368,"Within Range","Within Range"
"COMPASS:Synoptic","CB","MSM_202306_TR_LYSA_45CM",2023,6,29,"MSM","TR","A",45,NA,NA,"",NA,NA,NA,11.93,993.256181833319,"NPOC checks out of range",1.217,86.8869897977397,"",0.0092,0.6539,"bdl",0.7603,54.2791,"Within_Range",0.0067,0.2178,"Within_Range",533.6611,16.6457,NA,3970.3536,111.9987,NA,7.1745,0,0,0,"bdl","Within Range"
"COMPASS:Synoptic","CB","MSM_202306_TR_LYSB_10CM",2023,6,29,"MSM","TR","B",10,NA,NA,"",12.12,1009.07501456998,"",30.25,2518.52468570477,"NPOC checks out of range",2.23,159.209521157732,"",0.007,0.4968,"bdl",1.4905,106.4107,"Within_Range",0.008,0.259,"Within_Range",895.6398,27.9364,NA,7768.2429,219.1324,NA,14.0372,7.1928,0.4453,6.1916,"Within Range","Within Range"
"COMPASS:Synoptic","CB","MSM_202306_TR_LYSB_20CM",2023,6,29,"MSM","TR","B",20,NA,NA,"",30.56,2544.33436016984,"",23.68,1971.52610107402,"NPOC checks out of range",3.305,235.958505572333,"value above cal curve",0.0039,0.2815,"bdl",2.4335,173.7379,"Within_Range",0.0083,0.2668,"Within_Range",474.3845,14.7968,NA,5288.9036,149.1933,NA,9.5571,37.1865,1.0669,2.8689,"Within Range","Within Range"
"COMPASS:Synoptic","CB","MSM_202306_TR_LYSB_45CM",2023,6,29,"MSM","TR","B",45,NA,NA,"",NA,NA,NA,14.9,1240.52951461161,"NPOC checks out of range",1.832,130.794548323302,"",0.0021,0.1486,"bdl",1.8479,131.9308,"Within_Range",0.0183,0.5894,"Within_Range",528.7906,16.4938,NA,4311.8321,121.6314,NA,7.7915,0,0,0,"bdl","Within Range"
"COMPASS:Synoptic","CB","MSM_202306_TR_LYSC_10CM",2023,6,29,"MSM","TR","C",10,NA,NA,"",34.43,2866.53900591125,"",38.47,3202.89734410124,"NPOC checks out of range",2.123,151.570319918325,"",0.0038,0.2683,"bdl",1.2549,89.5937,"Within_Range",0.0097,0.3127,"Within_Range",816.4901,25.4676,NA,7210.9679,203.4124,NA,13.0302,3.947,0.1524,3.8614,"Within Range","Within Range"
"COMPASS:Synoptic","CB","MSM_202306_TR_LYSC_20CM",2023,6,29,"MSM","TR","C",20,NA,NA,"",24.9,2073.09965864624,"",39.73,3307.8011822496,"NPOC checks out of range",2.234,159.495098774158,"",0.002,0.1434,"bdl",1.1449,81.7426,"Within_Range",0.0092,0.298,"Within_Range",362.4253,11.3046,NA,4350.2834,122.716,NA,7.861,32.6227,1.4203,4.3538,"Within Range","Within Range"
"COMPASS:Synoptic","CB","MSM_202306_TR_LYSC_45CM",2023,6,29,"MSM","TR","C",45,NA,NA,"",26.41,2198.81775039547,"",34.83,2899.84181167263,"NPOC checks out of range",2.508,179.057165499368,"",0,0,"bdl",1.6425,117.262,"Within_Range",0.0111,0.3579,"Within_Range",350.9006,10.9451,NA,3984.148,112.3878,NA,7.1994,17.5893,1.5129,8.6013,"Within Range","Within Range"
"COMPASS:Synoptic","CB","MSM_202306_UP_LYSA_20CM",2023,6,29,"MSM","UP","A",20,NA,NA,"",NA,NA,NA,NA,NA,NA,NA,NA,NA,NA,NA,NA,NA,NA,NA,NA,NA,NA,159.9095,4.9878,NA,1614.3067,45.5376,NA,2.9171,0,0,0,"bdl","Within Range"
"COMPASS:Synoptic","CB","MSM_202306_UP_LYSA_45CM",2023,6,29,"MSM","UP","A",45,NA,NA,"",NA,NA,NA,NA,NA,NA,NA,NA,NA,0.0116,0.8302,"bdl",1.2077,86.2222,"Within_Range",0.0075,0.2424,"Within_Range",148.3657,4.6278,NA,2385.3388,67.2874,NA,4.3103,0,0,0,"bdl","Within Range"
"COMPASS:Synoptic","CB","MSM_202306_UP_LYSB_10CM",2023,6,29,"MSM","UP","B",10,NA,NA,"",6.477,539.255682291233,"",27,2247.93938889351,"NPOC checks out of range",0.7034,50.2188238485868,"",0.006,0.4311,"bdl",0.0359,2.5617,"Within_Range",0.0032,0.1038,"Within_Range",62.4994,1.9495,NA,500.5485,14.1198,NA,0.9045,0.091,0,0,"Within Range","Within Range"
"COMPASS:Synoptic","CB","MSM_202306_UP_LYSB_45CM",2023,6,29,"MSM","UP","B",45,NA,NA,"",NA,NA,NA,NA,NA,NA,NA,NA,NA,0.0059,0.4209,"bdl",0.6171,44.0564,"Within_Range",0.0069,0.2213,"Within_Range",177.5412,5.5378,NA,1472.7281,41.5438,NA,2.6612,0,0,0,"bdl","Within Range"
"COMPASS:Synoptic","CB","MSM_202306_UP_LYSC_10CM",2023,6,29,"MSM","UP","C",10,NA,NA,"",3.397,282.824077928565,"blank is ≥ 25% of sample value",31.88,2654.23361918242,"NPOC checks out of range",1.391,99.3096161122891,"",0.0095,0.6804,"bdl",0.4432,31.6445,"Within_Range",0.0048,0.1565,"Within_Range",88.7488,2.7682,NA,840.0194,23.6959,NA,1.5179,0,0,0,"bdl","Within Range"
"COMPASS:Synoptic","CB","MSM_202306_UP_LYSC_20CM",2023,6,29,"MSM","UP","C",20,NA,NA,"",5.363,446.507368245775,"",31.01,2581.8000166514,"NPOC checks out of range",3.296,235.315955935374,"value above cal curve",0.0041,0.295,"bdl",1.8586,132.6951,"Within_Range",0.0055,0.1788,"Within_Range",118.6368,3.7005,NA,1293.7494,36.495,NA,2.3378,0,0,0,"bdl","Within Range"
"COMPASS:Synoptic","CB","MSM_202306_UP_LYSC_45CM",2023,6,29,"MSM","UP","C",45,NA,NA,"",NA,NA,NA,NA,NA,NA,NA,NA,NA,0.0167,1.1904,"bdl",1.303,93.0248,"Within_Range",0.0131,0.4218,"Within_Range",275.5391,8.5945,NA,2117.1383,59.7218,NA,3.8257,0,0,0,"bdl","Within Range"
"COMPASS:Synoptic","CB","MSM_202306_WC_LYSA_10CM",2023,6,29,"MSM","WC","A",10,NA,NA,"",40.53,3374.40679377238,"",10.4,865.87294979602,"NPOC checks out of range",0.6766,48.3054538185297,"",0.0048,0.3404,"bdl",0.2863,20.4406,"Within_Range",0.0188,0.6071,"Within_Range",1112.1188,34.6887,NA,8965.4426,252.9039,NA,16.2006,428.7505,28.4739,6.6411,"Within Range","Within Range"
"COMPASS:Synoptic","CB","MSM_202306_WC_LYSA_20CM",2023,6,29,"MSM","WC","A",20,NA,NA,"",46.56,3876.44659062526,"",12.07,1004.9121638498,"NPOC checks out of range",0.9257,66.0897998814853,"",0,0,"bdl",0.4692,33.5007,"Within_Range",0.0245,0.791,"Within_Range",1019.6351,31.804,NA,8556.4852,241.3677,NA,15.4616,700.2552,56.0384,8.0026,"Within Range","Within Range"
"COMPASS:Synoptic","CB","MSM_202306_WC_LYSA_45CM",2023,6,29,"MSM","WC","A",45,NA,NA,"",102.3,8517.19257347432,"",75.21,6261.76005328449,"NPOC checks out of range",1.838,131.222914747942,"",0.0054,0.385,"bdl",0.2416,17.2488,"Within_Range",0.0055,0.1769,"Within_Range",50.9608,1.5895,NA,7953.0474,224.3455,NA,14.3712,2.1654,0.1118,5.1648,"Within Range","Within Range"
"COMPASS:Synoptic","CB","MSM_202306_WC_LYSB_10CM",2023,6,29,"MSM","WC","B",10,NA,NA,"",125.4,10440.4296061943,"",21.95,1827.49146615602,"NPOC checks out of range",1.231,87.8865114552322,"",0.0073,0.5223,"bdl",0.3059,21.8377,"Within_Range",0.0365,1.1779,"Within_Range",709.2035,22.1211,NA,8809.7013,248.5106,NA,15.9192,1175.541,75.1121,6.3896,"Within Range","Within Range"
"COMPASS:Synoptic","CB","MSM_202306_WC_LYSB_20CM",2023,6,29,"MSM","WC","B",20,NA,NA,"",100.7,8383.98135042877,"",19.95,1660.9774373491,"NPOC checks out of range",1.213,86.6014121813132,"",0.0028,0.1969,"bdl",0.3066,21.8909,"Within_Range",0.0258,0.8333,"Within_Range",768.0227,23.9558,NA,8289.447,233.8349,NA,14.9791,1221.9104,97.9262,8.0142,"Within Range","Within Range"
"COMPASS:Synoptic","CB","MSM_202306_WC_LYSB_45CM",2023,6,29,"MSM","WC","B",45,NA,NA,"",NA,NA,NA,NA,NA,NA,NA,NA,NA,0.0051,0.3636,"bdl",0.1368,9.7675,"Within_Range",0.0068,0.2206,"Within_Range",161.2438,5.0294,NA,8472.3278,238.9937,NA,15.3095,0.6767,0.1035,15.301,"Within Range","High CV"
"COMPASS:Synoptic","CB","MSM_202306_WC_LYSC_10CM",2023,6,29,"MSM","WC","C",10,NA,NA,"",95.21,7926.90034135376,"",15.21,1266.33918907668,"NPOC checks out of range",1.547,110.44714315292,"",0.0311,2.2171,"Within_Range",0.4028,28.7552,"Within_Range",0.0134,0.4316,"Within_Range",879.7446,27.4406,NA,8932.8329,251.984,NA,16.1417,1656.9281,44.0051,2.6558,"Within Range","Within Range"
"COMPASS:Synoptic","CB","MSM_202306_WC_LYSC_20CM",2023,6,29,"MSM","WC","C",20,NA,NA,"",88.86,7398.21829989177,"",21.66,1803.34693197902,"NPOC checks out of range",3.187,227.533965887754,"value above cal curve",0.0144,1.0272,"bdl",1.4583,104.1128,"Within_Range",0.049,1.5808,"Within_Range",697.9243,21.7693,NA,7679.9906,216.6429,NA,13.8778,1348.8159,66.5594,4.9347,"Within Range","Within Range"
"COMPASS:Synoptic","CB","MSM_202306_WC_LYSC_45CM",2023,6,29,"MSM","WC","C",45,NA,NA,"",NA,NA,NA,84.71,7052.70169011739,"NPOC checks out of range",4.623,330.05633018484,"value above cal curve",0.0041,0.2934,"bdl",1.5076,107.6368,"Within_Range",0.0064,0.2056,"Within_Range",50.9291,1.5886,NA,7485.9971,211.1706,NA,13.5272,1.5065,0.0423,2.8059,"Within Range","Within Range"
"COMPASS:Synoptic","CB","GCW_202307_SW_A",2023,7,11,"GCW","SW","A",0,NA,NA,"",2.482,206.643909749396,"blank is ≥ 25% of sample value",8.815,733.910581966531,"",0.9115,65.0759993431715,"",0.012,0.8597,"bdl",0.0421,3.0023,"Within_Range",0.0385,1.2445,"Within_Range",620.4881,19.354,NA,4653.4305,131.2674,NA,8.4088,0,0,0,"bdl","Within Range"
"COMPASS:Synoptic","CB","GCW_202307_SW_B",2023,7,11,"GCW","SW","B",0,NA,NA,"",2.403,200.066605611523,"blank is ≥ 25% of sample value",6.345,528.265756389976,"",0.4568,32.6129637958977,"",0.0115,0.8227,"bdl",0.0577,4.12,"Within_Range",0.0273,0.8811,"Within_Range",613.9951,19.1514,NA,4614.727,130.1757,NA,8.3388,0,0,0,"bdl","Within Range"
"COMPASS:Synoptic","CB","GCW_202307_SW_C",2023,7,11,"GCW","SW","C",0,NA,NA,"",2.399,199.733577553909,"blank is ≥ 25% of sample value",6.311,525.435017900258,"",0.4695,33.5196727280516,"",0.0127,0.9092,"bdl",0.0893,6.3789,"Within_Range",0.0302,0.974,"Within_Range",616.93,19.243,NA,4641.0413,130.9179,NA,8.3864,0,0,0,"bdl","Within Range"
"COMPASS:Synoptic","CB","GCW_202307_TR_LYSA_20CM",2023,7,11,"GCW","TR","A",20,NA,NA,"",32.08,2670.88502206311,"",13.98,1163.93306136042,"",0.3713,26.5087422447829,"",0.0104,0.7403,"bdl",0.5728,40.8981,"Within_Range",0.0038,0.1228,"Within_Range",8.8034,0.2746,NA,62.6102,1.7662,NA,0.1132,3.4363,0.1987,5.7839,"Within Range","Within Range"
"COMPASS:Synoptic","CB","GCW_202307_TR_LYSA_45CM",2023,7,11,"GCW","TR","A",45,NA,NA,"",19.29,1606.02780784281,"",44.32,3689.9508783615,"",2.101,149.999643027979,"",0.0115,0.8201,"bdl",0.0798,5.6955,"Within_Range",0.0035,0.1132,"Within_Range",18.6434,0.5815,NA,4.8013,0.1354,NA,0.0087,0,0,0,"bdl","Within Range"
"COMPASS:Synoptic","CB","GCW_202307_TR_LYSB_10CM",2023,7,11,"GCW","TR","B",10,NA,NA,"",32.06,2669.21988177504,"",11.43,951.627674631588,"",0.4102,29.2859845645298,"",0.011,0.7825,"bdl",0.3187,22.7542,"Within_Range",0.0051,0.1646,"Within_Range",16.6885,0.5205,NA,117.9954,3.3285,NA,0.2132,0.5904,0.0497,8.4161,"Within Range","Within Range"
"COMPASS:Synoptic","CB","GCW_202307_TR_LYSB_45CM",2023,7,11,"GCW","TR","B",45,NA,NA,"",NA,NA,NA,4.383,364.91549413038,"",0.4576,32.670079319183,"",0.0123,0.8789,"bdl",0.0272,1.9408,"Within_Range",0.0057,0.1843,"Within_Range",13.1347,0.4097,NA,124.921,3.5239,NA,0.2258,0,0,0,"bdl","Within Range"
"COMPASS:Synoptic","CB","GCW_202307_TR_LYSC_10CM",2023,7,11,"GCW","TR","C",10,NA,NA,"",11.51,958.288235783865,"",-0.04784,-3.98301556906169,"blank is ≥ 25% of sample value",0.03846,2.74582878194007,"blank is ≥ 25% of sample value",0.0095,0.6748,"bdl",0.0382,2.7303,"Within_Range",0.0081,0.2608,"Within_Range",23.3824,0.7293,NA,54.2112,1.5292,NA,0.098,0,0,0,"bdl","Within Range"
"COMPASS:Synoptic","CB","GCW_202307_TR_LYSC_20CM",2023,7,11,"GCW","TR","C",20,NA,NA,"",48.38,4027.97435683956,"",14.15,1178.08675380901,"",0.3389,24.1955635517288,"",0.02,1.4265,"bdl",0.6725,48.0105,"Within_Range",0.0279,0.8998,"Within_Range",6.5457,0.2042,NA,62.1675,1.7537,NA,0.1124,0,0,0,"bdl","Within Range"
"COMPASS:Synoptic","CB","GCW_202307_TR_LYSC_45CM",2023,7,11,"GCW","TR","C",45,NA,NA,"",NA,NA,NA,115.7,9632.83656648073,"value above cal curve",3.604,257.305432400208,"value above cal curve",0.0096,0.6843,"bdl",0.0703,5.0205,"Within_Range",0.0043,0.1375,"Within_Range",20.0613,0.6257,NA,4.7001,0.1326,NA,0.0085,0,0,0,"bdl","Within Range"
"COMPASS:Synoptic","CB","GCW_202307_UP_LYSA_20CM",2023,7,11,"GCW","UP","A",20,NA,NA,"",NA,NA,NA,49.11,4088.75197735409,"",2.079,148.428966137634,"",0.0118,0.8404,"bdl",0.0089,0.637,"bdl",0.0093,0.2991,"Within_Range",8.3626,0.2608,NA,1.2711,0.0359,NA,0.0023,0,0,0,"bdl","Within Range"
"COMPASS:Synoptic","CB","GCW_202307_UP_LYSB_10CM",2023,7,11,"GCW","UP","B",10,NA,NA,"",NA,NA,NA,NA,NA,NA,NA,NA,NA,NA,NA,NA,NA,NA,NA,NA,NA,NA,11.7348,0.366,NA,0.5334,0.015,NA,0.001,0,0,0,"bdl","Within Range"
"COMPASS:Synoptic","CB","GCW_202307_UP_LYSB_20CM",2023,7,11,"GCW","UP","B",20,NA,NA,"",NA,NA,NA,NA,NA,NA,NA,NA,NA,NA,NA,NA,NA,NA,NA,NA,NA,NA,8.9804,0.2801,NA,0.2149,0.0061,NA,4e-04,0,0,0,"bdl","Within Range"
"COMPASS:Synoptic","CB","GCW_202307_UP_LYSC_20CM",2023,7,11,"GCW","UP","C",20,NA,NA,"",NA,NA,NA,NA,NA,NA,NA,NA,NA,0.0127,0.91,"bdl",0.0185,1.3241,"bdl",0.0187,0.6042,"Within_Range",5.653,0.1763,NA,0.1476,0.0042,NA,3e-04,0,0,0,"bdl","Within Range"
"COMPASS:Synoptic","CB","GCW_202307_WC_LYSA_10CM",2023,7,11,"GCW","WC","A",10,NA,NA,"",41.26,3435.1844142869,"",15.84,1318.79110815086,"",0.5605,40.0165635017527,"",0.0221,1.5787,"bdl",0.2685,19.1678,"Within_Range",0.0722,2.3316,"Within_Range",444.4554,13.8632,NA,5599.8937,157.966,NA,10.119,1654.6485,9.9375,0.6006,"Within Range","Within Range"
"COMPASS:Synoptic","CB","GCW_202307_WC_LYSA_20CM",2023,7,11,"GCW","WC","A",20,NA,NA,"",29.99,2496.87786195987,"",14.27,1188.07759553742,"",0.8588,61.3135142467533,"",0.0143,1.0232,"bdl",0.3702,26.4268,"Within_Range",0.0883,2.8503,"Within_Range",408.8772,12.7535,NA,5166.5243,145.7412,NA,9.3359,1629.1763,80.7418,4.956,"Within Range","Within Range"
"COMPASS:Synoptic","CB","GCW_202307_WC_LYSA_45CM",2023,7,11,"GCW","WC","A",45,NA,NA,"",34.21,2848.22246274249,"",50.18,4177.8369827658,"",2.667,190.408875752318,"",0.0286,2.0436,"Within_Range",1.8261,130.3744,"Within_Range",0.3885,12.5425,"Within_Range",273.6038,8.5341,NA,5203.021,146.7707,NA,9.4019,2966.3255,140.4965,4.7364,"adl","Within Range"
"COMPASS:Synoptic","CB","GCW_202307_WC_LYSB_10CM",2023,7,11,"GCW","WC","B",10,NA,NA,"",26.1,2173.0080759304,"",15.59,1297.97685455,"",4.855,346.619831937573,"value above cal curve",0.0175,1.2489,"bdl",0.3441,24.564,"Within_Range",0.0893,2.8819,"Within_Range",336.2202,10.4872,NA,5022.2283,141.6708,NA,9.0752,2637.5279,294.3971,11.1619,"adl","High CV"
"COMPASS:Synoptic","CB","GCW_202307_WC_LYSB_20CM",2023,7,11,"GCW","WC","B",20,NA,NA,"",23.66,1969.86096078595,"",11.46,954.125385063692,"",1.215,86.7442009895264,"",0.019,1.3564,"bdl",0.4364,31.1595,"Within_Range",0.1559,5.0348,"Within_Range",355.1234,11.0768,NA,4711.7524,132.9126,NA,8.5142,1905.8581,146.5774,7.6909,"Within Range","Within Range"
"COMPASS:Synoptic","CB","GCW_202307_WC_LYSB_45CM",2023,7,11,"GCW","WC","B",45,NA,NA,"",21.43,1784.19781866622,"",11.27,938.306552327034,"",1.074,76.677590010495,"",0.0179,1.2805,"bdl",1.6005,114.268,"Within_Range",0.3635,11.7342,"Within_Range",302.9565,9.4497,NA,4733.9492,133.5388,NA,8.5543,97.1509,7.4,7.617,"adl","Within Range"
"COMPASS:Synoptic","CB","GCW_202307_WC_LYSC_10CM",2023,7,11,"GCW","WC","C",10,NA,NA,"",21.9,1823.32861543585,"",14.08,1172.25876280077,"",3.78,269.870847522971,"value above cal curve",0.0157,1.1197,"bdl",0.1494,10.668,"Within_Range",0.037,1.1934,"Within_Range",485.2825,15.1367,NA,6280.7542,177.1722,NA,11.3493,79.5135,7.8268,9.8433,"Within Range","Within Range"
"COMPASS:Synoptic","CB","GCW_202307_WC_LYSC_20CM",2023,7,11,"GCW","WC","C",20,NA,NA,"",14.19,1181.41703438515,"",9.149,761.718424777287,"",0.7532,53.7742651730957,"",0.0158,1.1291,"bdl",0.1063,7.5911,"Within_Range",0.0317,1.025,"Within_Range",573.0091,17.873,NA,5600.293,157.9772,NA,10.1198,69.8399,3.2201,4.6107,"Within Range","Within Range"
"COMPASS:Synoptic","CB","GCW_202307_WC_LYSC_45CM",2023,7,11,"GCW","WC","C",45,NA,NA,"",15.35,1277.99517109316,"",6.621,551.244692365332,"",0.4433,31.6491393404585,"",0.0155,1.1081,"bdl",0.4285,30.5932,"Within_Range",0.206,6.6502,"Within_Range",513.9643,16.0313,NA,5010.2501,141.3329,NA,9.0535,69.2309,5.8345,8.4276,"Within Range","Within Range"
"COMPASS:Synoptic","CB","MSM_202307_SW_A",2023,7,13,"MSM","SW","A",0,NA,NA,"",1.938,161.352093913912,"blank is ≥ 25% of sample value",6.753,562.234618266589,"",0.5344,38.1531695545703,"",0.0064,0.4541,"bdl",0.1854,13.2386,"Within_Range",0.0039,0.1248,"Within_Range",1161.0182,36.2139,NA,8591.1575,242.3458,NA,15.5242,0,0,0,"bdl","Within Range"
"COMPASS:Synoptic","CB","MSM_202307_SW_B",2023,7,13,"MSM","SW","B",0,NA,NA,"",1.931,160.769294813088,"blank is ≥ 25% of sample value",6.82,567.812838231621,"",0.5078,36.2540784053346,"",0.0109,0.7809,"bdl",0.2099,14.9867,"Within_Range",0.0039,0.126,"Within_Range",1152.6563,35.9531,NA,8538.0343,240.8472,NA,15.4283,0,0,0,"bdl","Within Range"
"COMPASS:Synoptic","CB","MSM_202307_SW_C",2023,7,13,"MSM","SW","C",0,NA,NA,"",1.891,157.439014236949,"blank is ≥ 25% of sample value",6.76,562.817417367413,"",0.5577,39.8166591702542,"",0.0083,0.5905,"bdl",0.1805,12.884,"Within_Range",0.0046,0.1482,"Within_Range",720.7318,22.4807,NA,5305.9974,149.6755,NA,9.588,0,0,0,"bdl","Within Range"
"COMPASS:Synoptic","CB","MSM_202307_TR_LYSA_10CM",2023,7,13,"MSM","TR","A",10,NA,NA,"",26.09,2172.17550578636,"",21.05,1752.56015319291,"",1.948,139.076299199669,"",0.0116,0.8317,"bdl",1.3013,92.9049,"Within_Range",0.0084,0.2717,"Within_Range",822.3254,25.6496,NA,7165.7425,202.1366,NA,12.9485,0,0,0,"bdl","Within Range"
"COMPASS:Synoptic","CB","MSM_202307_TR_LYSA_20CM",2023,7,13,"MSM","TR","A",20,NA,NA,"",37.1,3088.8352343685,"",27.41,2282.07476479893,"",2.621,187.124733163415,"",0.0102,0.7259,"bdl",0.0324,2.3103,"bdl",0.0134,0.4327,"Within_Range",537.0032,16.7499,NA,4438.2738,125.1981,NA,8.02,0.3093,0.3478,112.4469,"Within Range","High CV"
"COMPASS:Synoptic","CB","MSM_202307_TR_LYSA_45CM",2023,7,13,"MSM","TR","A",45,NA,NA,"",NA,NA,NA,NA,NA,NA,NA,NA,NA,0.0107,0.7613,"bdl",1.25,89.2402,"Within_Range",0.0095,0.3051,"Within_Range",477.5338,14.895,NA,3710.2537,104.6616,NA,6.7045,0,0,0,"bdl","Within Range"
"COMPASS:Synoptic","CB","MSM_202307_TR_LYSB_10CM",2023,7,13,"MSM","TR","B",10,NA,NA,"",NA,NA,NA,36.26,3018.89934226959,"",2.972,212.184169004833,"",0.0123,0.8816,"bdl",1.9958,142.4914,"Within_Range",0.011,0.355,"Within_Range",837.6044,26.1262,NA,7678.4516,216.5995,NA,13.875,0.7661,0,0,"Within Range","Within Range"
"COMPASS:Synoptic","CB","MSM_202307_TR_LYSB_20CM",2023,7,13,"MSM","TR","B",20,NA,NA,"",26.17,2178.83606693864,"",27.75,2310.38214969611,"",3.683,262.94559032463,"value above cal curve",0.0069,0.4933,"bdl",2.4875,177.5908,"Within_Range",0.0092,0.2954,"Within_Range",493.7298,15.4002,NA,5537.9056,156.2174,NA,10.007,17.326,0.4518,2.6074,"Within Range","Within Range"
"COMPASS:Synoptic","CB","MSM_202307_TR_LYSB_45CM",2023,7,13,"MSM","TR","B",45,NA,NA,"",NA,NA,NA,16.01,1332.94480059945,"",1.851,132.151042001328,"",0.0092,0.6572,"bdl",1.9152,136.7372,"Within_Range",0.0197,0.6364,"Within_Range",492.8967,15.3742,NA,4249.1106,119.8621,NA,7.6782,0,0,0,"bdl","Within Range"
"COMPASS:Synoptic","CB","MSM_202307_TR_LYSC_10CM",2023,7,13,"MSM","TR","C",10,NA,NA,"",39.35,3276.16351677629,"",48.34,4024.64407626343,"",3.33,237.743365674998,"value above cal curve",0.0087,0.6213,"bdl",2.2807,162.8292,"Within_Range",0.0103,0.3327,"Within_Range",776.5446,24.2216,NA,7197.2888,203.0265,NA,13.0055,0,0,0,"bdl","Within Range"
"COMPASS:Synoptic","CB","MSM_202307_TR_LYSC_20CM",2023,7,13,"MSM","TR","C",20,NA,NA,"",50.01,4163.68329031721,"",41.1,3421.86329198235,"",2.565,183.126646533445,"",0.0095,0.6761,"bdl",1.283,91.5975,"Within_Range",0.0083,0.267,"Within_Range",368.389,11.4906,NA,4824.7179,136.0992,NA,8.7183,11.7748,0.8324,7.0695,"Within Range","Within Range"
"COMPASS:Synoptic","CB","MSM_202307_TR_LYSC_45CM",2023,7,13,"MSM","TR","C",45,NA,NA,"",NA,NA,NA,30.97,2578.46973607526,"",2.39,170.632625814789,"",0.0068,0.482,"bdl",1.7051,121.7353,"Within_Range",0.0115,0.3713,"Within_Range",327.1966,10.2058,NA,3958.2935,111.6585,NA,7.1527,4.0335,0.5466,13.5504,"Within Range","High CV"
"COMPASS:Synoptic","CB","MSM_202307_UP_LYSA_45CM",2023,7,13,"MSM","UP","A",45,NA,NA,"",NA,NA,NA,NA,NA,NA,NA,NA,NA,0.0363,2.5917,"Within_Range",1.3744,98.1279,"Within_Range",0.0047,0.1525,"Within_Range",128.0668,3.9946,NA,2204.6211,62.1896,NA,3.9838,0,0,0,"bdl","Within Range"
"COMPASS:Synoptic","CB","MSM_202307_UP_LYSB_10CM",2023,7,13,"MSM","UP","B",10,NA,NA,"",3.18,264.757305803014,"blank is ≥ 25% of sample value",30.78,2562.65090333861,"",0.7295,52.0822177957692,"",0.0129,0.923,"bdl",0.024,1.7165,"Within_Range",0.0044,0.142,"Within_Range",57.9909,1.8088,NA,492.1021,13.8816,NA,0.8893,0,0,0,"bdl","Within Range"
"COMPASS:Synoptic","CB","MSM_202307_UP_LYSB_45CM",2023,7,13,"MSM","UP","B",45,NA,NA,"",NA,NA,NA,NA,NA,NA,NA,NA,NA,0.0137,0.9812,"bdl",0.6808,48.6023,"Within_Range",0.0048,0.1547,"Within_Range",140.805,4.3919,NA,1436.2257,40.5141,NA,2.5953,0,0,0,"bdl","Within Range"
"COMPASS:Synoptic","CB","MSM_202307_UP_LYSC_10CM",2023,7,13,"MSM","UP","C",10,NA,NA,"",4.184,348.347348264091,"blank is ≥ 25% of sample value",40.37,3361.08567146782,"",1.193,85.1735240991811,"",0.0119,0.851,"bdl",0.1989,14.2029,"Within_Range",0.0063,0.2035,"Within_Range",94.5152,2.9481,NA,841.9324,23.7499,NA,1.5214,0,0,0,"bdl","Within Range"
"COMPASS:Synoptic","CB","MSM_202307_UP_LYSC_20CM",2023,7,13,"MSM","UP","C",20,NA,NA,"",NA,NA,NA,32.37,2695.02955624011,"",4.067,290.361041501567,"value above cal curve",0.0153,1.093,"bdl",2.7503,196.3592,"Within_Range",0.0054,0.1735,"Within_Range",124.2031,3.8741,NA,1196.7131,33.7578,NA,2.1625,0,0,0,"bdl","Within Range"
"COMPASS:Synoptic","CB","MSM_202307_UP_LYSC_45CM",2023,7,13,"MSM","UP","C",45,NA,NA,"",NA,NA,NA,NA,NA,NA,NA,NA,NA,NA,NA,NA,NA,NA,NA,NA,NA,NA,170.1827,5.3083,NA,1911.9427,53.9335,NA,3.4549,0,0,0,"bdl","Within Range"
"COMPASS:Synoptic","CB","MSM_202307_WC_LYSA_10CM",2023,7,13,"MSM","WC","A",10,NA,NA,"",43.64,3633.33610856715,"",14.03,1168.09591208059,"",0.8394,59.9284628070852,"",0.0067,0.4751,"bdl",0.2767,19.755,"Within_Range",0.0263,0.8504,"Within_Range",1063.2926,33.1657,NA,8852.7983,249.7263,NA,15.997,189.0854,3.6722,1.9421,"adl","Within Range"
"COMPASS:Synoptic","CB","MSM_202307_WC_LYSA_20CM",2023,7,13,"MSM","WC","A",20,NA,NA,"",40.84,3400.21646823745,"",14.86,1237.19923403547,"",1.052,75.1069131201496,"",0.0099,0.7094,"bdl",0.3385,24.164,"Within_Range",0.0184,0.5953,"Within_Range",967.6514,30.1825,NA,8406.7476,237.1438,NA,15.191,188.6169,3.7614,1.9942,"adl","Within Range"
"COMPASS:Synoptic","CB","MSM_202307_WC_LYSA_45CM",2023,7,13,"MSM","WC","A",45,NA,NA,"",NA,NA,NA,85.19,7092.66505703106,"",2.029,144.859245932304,"",0.0099,0.708,"bdl",0.1789,12.774,"Within_Range",0.0061,0.1983,"Within_Range",74.3475,2.319,NA,7910.6792,223.1503,NA,14.2946,0.8363,0,0,"Within Range","Within Range"
"COMPASS:Synoptic","CB","MSM_202307_WC_LYSB_10CM",2023,7,13,"MSM","WC","B",10,NA,NA,"",28.43,2366.99691949047,"",25.55,2127.21671800849,"",1.495,106.734634139376,"",0.0082,0.5848,"bdl",0.2993,21.3693,"Within_Range",0.0455,1.4705,"Within_Range",620.7032,19.3607,NA,8868.6968,250.1748,NA,16.0258,2045.2238,102.9488,5.0336,"Within Range","Within Range"
"COMPASS:Synoptic","CB","MSM_202307_WC_LYSB_20CM",2023,7,13,"MSM","WC","B",20,NA,NA,"",39.23,3266.17267504787,"",24.99,2080.59278994255,"",1.427,101.879814660127,"",0.0109,0.7788,"bdl",0.2498,17.836,"Within_Range",0.0278,0.8966,"Within_Range",706.9865,22.052,NA,8426.7097,237.7069,NA,15.2271,1509.4272,41.9163,2.777,"Within Range","Within Range"
"COMPASS:Synoptic","CB","MSM_202307_WC_LYSB_45CM",2023,7,13,"MSM","WC","B",45,NA,NA,"",NA,NA,NA,NA,NA,NA,NA,NA,NA,NA,NA,NA,NA,NA,NA,NA,NA,NA,162.6276,5.0726,NA,7977.7014,225.0409,NA,14.4157,5.193,0.2981,5.7409,"Within Range","Within Range"
"COMPASS:Synoptic","CB","MSM_202307_WC_LYSC_10CM",2023,7,13,"MSM","WC","C",10,NA,NA,"",25.52,2124.71900757639,"",18.99,1581.05070352177,"",2.26,161.35135328093,"",0.0124,0.8883,"bdl",0.5359,38.2595,"Within_Range",0.0273,0.8805,"Within_Range",688.9171,21.4884,NA,8350.8593,235.5673,NA,15.09,2311.0726,175.2518,7.5831,"Within Range","Within Range"
"COMPASS:Synoptic","CB","MSM_202307_WC_LYSC_20CM",2023,7,13,"MSM","WC","C",20,NA,NA,"",8.132,677.046041128965,"",35.23,2933.14461743402,"",3.443,245.810933339045,"value above cal curve",0.0135,0.965,"bdl",1.4723,105.1168,"Within_Range",0.051,1.6482,"Within_Range",650.2437,20.2821,NA,7739.8836,218.3324,NA,13.986,1619.5143,135.5402,8.3692,"Within Range","Within Range"
"COMPASS:Synoptic","CB","MSM_202307_WC_LYSC_45CM",2023,7,13,"MSM","WC","C",45,NA,NA,"",NA,NA,NA,NA,NA,NA,NA,NA,NA,0.0108,0.774,"bdl",1.5517,110.7845,"Within_Range",0.0041,0.1331,"Within_Range",66.2836,2.0675,NA,7548.069,212.9216,NA,13.6394,0.239,0.0497,20.7859,"Within Range","High CV"
"COMPASS:Synoptic","CB","SWH_202307_SW_A",2023,7,19,"SWH","SW","A",0,NA,NA,"",2.397,199.567063525102,"blank is ≥ 25% of sample value",5.947,495.129464657397,"",0.3093,22.0822891901733,"",0,0,"bdl",0.0489,3.4936,"Within_Range",0.0103,0.3324,"Within_Range",85.8469,2.6777,NA,714.6382,20.159,NA,1.2914,0,0,0,"bdl","Within Range"
"COMPASS:Synoptic","CB","SWH_202307_SW_B",2023,7,19,"SWH","SW","B",0,NA,NA,"",2.042,170.010823411872,"blank is ≥ 25% of sample value",5.746,478.394804762301,"",0.3358,23.9742408989983,"",0,0,"bdl",0.0089,0.6366,"bdl",0.011,0.3558,"Within_Range",86.9593,2.7124,NA,720.9228,20.3363,NA,1.3027,0,0,0,"bdl","Within Range"
"COMPASS:Synoptic","CB","SWH_202307_SW_C",2023,7,19,"SWH","SW","C",0,NA,NA,"",2.007,167.096827907751,"blank is ≥ 25% of sample value",5.843,486.470735159437,"",0.3322,23.7172210442146,"",0,0,"bdl",0.0159,1.1337,"bdl",0.0099,0.3182,"Within_Range",88.3412,2.7555,NA,729.5476,20.5796,NA,1.3183,0,0,0,"bdl","Within Range"
"COMPASS:Synoptic","CB","SWH_202307_SWAMP_LYSA_10CM",2023,7,19,"SWH","SWAMP","A",10,NA,NA,"",32.81,2731.66264257764,"",40.26,3351.92739988344,"",3.052,217.895721333362,"value above cal curve",0.01,0.711,"bdl",1.4817,105.7832,"Within_Range",0.0584,1.8853,"Within_Range",5.9208,0.1847,NA,197.6871,5.5765,NA,0.3572,0,0,0,"bdl","Within Range"
"COMPASS:Synoptic","CB","SWH_202307_SWAMP_LYSA_20CM",2023,7,19,"SWH","SWAMP","A",20,NA,NA,"",35.34,2942.3028890184,"",17.49,1456.16518191658,"",2.249,160.566014835757,"",0.0072,0.5141,"bdl",1.2161,86.8216,"Within_Range",0.023,0.7421,"Within_Range",5.9103,0.1844,NA,171.2173,4.8298,NA,0.3094,0,0,0,"bdl","Within Range"
"COMPASS:Synoptic","CB","SWH_202307_SWAMP_LYSA_45CM",2023,7,19,"SWH","SWAMP","A",45,NA,NA,"",29.79,2480.22645907918,"",12.54,1044.04296061943,"",1.601,114.302440974676,"",0.008,0.5714,"bdl",0.9331,66.6153,"Within_Range",0.0125,0.4032,"Within_Range",4.6692,0.1456,NA,133.5238,3.7665,NA,0.2413,1.0471,0.0994,9.4902,"Within Range","Within Range"
"COMPASS:Synoptic","CB","SWH_202307_SWAMP_LYSB_10CM",2023,7,19,"SWH","SWAMP","B",10,NA,NA,"",23.6,1964.86553992174,"",50.64,4216.13520939139,"",2.562,182.912463321125,"",0.0132,0.9453,"bdl",0.7048,50.3211,"Within_Range",0.0347,1.1191,"Within_Range",6.5429,0.2041,NA,193.2081,5.4502,NA,0.3492,0,0,0,"bdl","Within Range"
"COMPASS:Synoptic","CB","SWH_202307_SWAMP_LYSB_20CM",2023,7,19,"SWH","SWAMP","B",20,NA,NA,"",32,2664.22446091083,"",21.48,1788.3606693864,"",1.905,136.006339823085,"",0.0054,0.3879,"bdl",0.8776,62.6579,"Within_Range",0.0171,0.5516,"Within_Range",4.9446,0.1542,NA,154.5605,4.36,NA,0.2793,1.4219,0.1073,7.5489,"Within Range","Within Range"
"COMPASS:Synoptic","CB","SWH_202307_SWAMP_LYSB_45CM",2023,7,19,"SWH","SWAMP","B",45,NA,NA,"",23.29,1939.05586545666,"",7.521,626.176005328449,"",1.196,85.3877073115009,"",0.0069,0.4902,"bdl",0.7522,53.7026,"Within_Range",0.0085,0.2752,"Within_Range",4.2958,0.134,NA,116.6785,3.2914,NA,0.2109,3.4011,0.1491,4.3827,"Within Range","Within Range"
"COMPASS:Synoptic","CB","SWH_202307_SWAMP_LYSC_10CM",2023,7,19,"SWH","SWAMP","C",10,NA,NA,"",17.35,1444.50919990009,"",32.77,2728.3323620015,"",0.9616,68.6528589889125,"",0.0131,0.9348,"bdl",0.1022,7.2959,"Within_Range",0.0172,0.5562,"Within_Range",7.3106,0.228,NA,70.5782,1.9909,NA,0.1276,0,0,0,"bdl","Within Range"
"COMPASS:Synoptic","CB","SWH_202307_SWAMP_LYSC_20CM",2023,7,19,"SWH","SWAMP","C",20,NA,NA,"",18.75,1561.06902006494,"",24.67,2053.95054533344,"",1.179,84.1740024416886,"",0.0099,0.7034,"bdl",0.3625,25.8803,"Within_Range",0.0107,0.3455,"Within_Range",5.5109,0.1719,NA,76.5063,2.1581,NA,0.1383,6.9145,0.6459,9.3417,"Within Range","Within Range"
"COMPASS:Synoptic","CB","SWH_202307_SWAMP_LYSC_45CM",2023,7,19,"SWH","SWAMP","C",45,NA,NA,"",19.26,1603.53009741071,"",14.02,1167.26334193656,"",1.367,97.5961504137306,"",0.0053,0.3785,"bdl",0.7725,55.1545,"Within_Range",0.0039,0.1251,"Within_Range",4.7828,0.1492,NA,111.9682,3.1585,NA,0.2024,37.4813,2.4347,6.4957,"Within Range","Within Range"
"COMPASS:Synoptic","CB","SWH_202307_TR_LYSA_10CM",2023,7,19,"SWH","TR","A",10,NA,NA,"",37.72,3140.45458329864,"",38.18,3178.75280992424,"",2.531,180.69923679382,"",0.0062,0.4404,"bdl",0.6664,47.5798,"Within_Range",0.083,2.6806,"Within_Range",6.8064,0.2123,NA,765.7474,21.6008,NA,1.3837,5.5092,0.2484,4.5095,"Within Range","Within Range"
"COMPASS:Synoptic","CB","SWH_202307_TR_LYSA_20CM",2023,7,19,"SWH","TR","A",20,NA,NA,"",47.28,3936.39164099575,"",23.36,1944.88385646491,"",4.949,353.330905923594,"value above cal curve",0.0068,0.4836,"bdl",2.7205,194.2259,"Within_Range",1.0901,35.1935,"Within_Range",0,0,NA,675.831,19.0643,NA,1.2213,30.0446,1.6029,5.335,"Within Range","Within Range"
"COMPASS:Synoptic","CB","SWH_202307_TR_LYSA_45CM",2023,7,19,"SWH","TR","A",45,NA,NA,"",47.4,3946.38248272417,"",14.16,1178.91932395304,"",4.327,308.923586569285,"value above cal curve",4e-04,0.025,"bdl",2.1002,149.9428,"Within_Range",0.417,13.4638,"Within_Range",0,0,NA,714.0097,20.1413,NA,1.2902,342.9716,22.9271,6.6849,"Within Range","Within Range"
"COMPASS:Synoptic","CB","SWH_202307_TR_LYSB_10CM",2023,7,19,"SWH","TR","B",10,NA,NA,"",21.32,1775.03954708184,"",17.75,1477.81200566148,"",1.766,126.082517652266,"",0.0071,0.5073,"bdl",0.7692,54.9194,"Within_Range",0.0392,1.2658,"Within_Range",21.1419,0.6594,NA,621.7679,17.5393,NA,1.1236,0,0,0,"bdl","Within Range"
"COMPASS:Synoptic","CB","SWH_202307_TR_LYSB_20CM",2023,7,19,"SWH","TR","B",20,NA,NA,"",49.71,4138.70618599617,"",24.41,2032.30372158854,"",4.614,329.413780547881,"value above cal curve",0.0063,0.4497,"bdl",1.8818,134.3528,"Within_Range",0.9299,30.0235,"Within_Range",0,0,NA,640.1021,18.0565,NA,1.1567,5.8956,0.4969,8.4278,"Within Range","Within Range"
"COMPASS:Synoptic","CB","SWH_202307_TR_LYSB_45CM",2023,7,19,"SWH","TR","B",45,NA,NA,"",46.06,3834.81808342353,"",17.84,1485.30513695779,"",4.208,300.427652480599,"value above cal curve",0.0036,0.257,"bdl",2.1304,152.1019,"Within_Range",0.3071,9.9144,"Within_Range",0,0,NA,791.2957,22.3215,NA,1.4299,325.6973,58.3825,17.9254,"Within Range","High CV"
"COMPASS:Synoptic","CB","SWH_202307_TR_LYSC_10CM",2023,7,19,"SWH","TR","C",10,NA,NA,"",NA,NA,NA,14.97,1246.35750561985,"",1.227,87.6009338388057,"",0.0478,3.4124,"Within_Range",0.0804,5.7373,"Within_Range",0.0052,0.1678,"Within_Range",46.0312,1.4358,NA,732.785,20.6709,NA,1.3242,0,0,0,"bdl","Within Range"
"COMPASS:Synoptic","CB","SWH_202307_TR_LYSC_20CM",2023,7,19,"SWH","TR","C",20,NA,NA,"",37.6,3130.46374157023,"",20.2,1681.79169094996,"",2.206,157.496055459173,"",0.0061,0.439,"bdl",0.7069,50.4661,"Within_Range",0.1141,3.6823,"Within_Range",21.7021,0.6769,NA,677.3523,19.1073,NA,1.224,0,0,0,"bdl","Within Range"
"COMPASS:Synoptic","CB","SWH_202307_TR_LYSC_45CM",2023,7,19,"SWH","TR","C",45,NA,NA,"",38.82,3232.03729914245,"",18.8,1565.23187078511,"",3.686,263.15977353695,"value above cal curve",7e-04,0.053,"bdl",1.3449,96.0215,"Within_Range",0.1736,5.6056,"Within_Range",1.0057,0.0314,NA,761.6329,21.4847,NA,1.3763,56.6763,2.6705,4.7119,"Within Range","Within Range"
"COMPASS:Synoptic","CB","SWH_202307_UP_LYSA_10CM",2023,7,19,"SWH","UP","A",10,NA,NA,"",9.017,750.72849887603,"",24.83,2067.271667638,"",0.9826,70.1521414751512,"",0.0084,0.6014,"bdl",0.0449,3.2073,"Within_Range",0.0044,0.1424,"Within_Range",12.62,0.3936,NA,2.1453,0.0605,NA,0.0039,0,0,0,"bdl","Within Range"
"COMPASS:Synoptic","CB","SWH_202307_UP_LYSA_20CM",2023,7,19,"SWH","UP","A",20,NA,NA,"",20.63,1717.59220714345,"",62.1,5170.26059445508,"",1.781,127.153433713865,"",0.019,1.3595,"bdl",0.364,25.9897,"Within_Range",0.0038,0.1241,"Within_Range",14.2377,0.4441,NA,3.0806,0.0869,NA,0.0056,0,0,0,"bdl","Within Range"
"COMPASS:Synoptic","CB","SWH_202307_UP_LYSA_45CM",2023,7,19,"SWH","UP","A",45,NA,NA,"",NA,NA,NA,98.18,8174.17367413205,"",2.005,143.145780233745,"",0.0059,0.4246,"bdl",0.0936,6.6839,"Within_Range",0.0033,0.1057,"Within_Range",13.5279,0.422,NA,4.0092,0.1131,NA,0.0073,6.0596,0.2259,3.7277,"Within Range","Within Range"
"COMPASS:Synoptic","CB","SWH_202307_UP_LYSB_10CM",2023,7,19,"SWH","UP","B",10,NA,NA,"",10.41,866.705519940055,"",66.12,5504.95379235701,"",2.058,146.929683651395,"",0.0121,0.8617,"bdl",0.046,3.2808,"Within_Range",0.022,0.7091,"Within_Range",9.0624,0.2827,NA,4.9079,0.1384,NA,0.0089,0,0,0,"bdl","Within Range"
"COMPASS:Synoptic","CB","SWH_202307_UP_LYSB_20CM",2023,7,19,"SWH","UP","B",20,NA,NA,"",NA,NA,NA,68.51,5703.93805678128,"",1.885,134.578451740953,"",0.0103,0.7335,"bdl",0.0419,2.9928,"Within_Range",0.007,0.2274,"Within_Range",9.2652,0.289,NA,8.6182,0.2431,NA,0.0156,0,0,0,"bdl","Within Range"
"COMPASS:Synoptic","CB","SWH_202307_UP_LYSB_45CM",2023,7,19,"SWH","UP","B",45,NA,NA,"",57.48,4785.61318791108,"",80.35,6689.70110731829,"",2.038,145.501795569263,"",0.0069,0.4955,"bdl",0.0854,6.0967,"Within_Range",0.0037,0.1181,"Within_Range",7.2504,0.2262,NA,8.3017,0.2342,NA,0.015,14.3279,1.2491,8.7181,"Within Range","Within Range"
"COMPASS:Synoptic","CB","SWH_202307_UP_LYSC_10CM",2023,7,19,"SWH","UP","C",10,NA,NA,"",5.619,467.821163933061,"blank is ≥ 25% of sample value",23.53,1959.0375489135,"",0.7453,53.2102493806535,"",0.0108,0.7738,"bdl",0.1677,11.9739,"Within_Range",0.0045,0.1441,"Within_Range",19.0342,0.5937,NA,78.4974,2.2143,NA,0.1419,0,0,0,"bdl","Within Range"
"COMPASS:Synoptic","CB","SWH_202307_UP_LYSC_20CM",2023,7,19,"SWH","UP","C",20,NA,NA,"",24.63,2050.62026475731,"",55.24,4599.11747564732,"",1.536,109.661804707747,"",0.0118,0.8419,"bdl",0.0962,6.8691,"Within_Range",0.005,0.1621,"Within_Range",13.599,0.4242,NA,75.275,2.1234,NA,0.136,0,0,0,"bdl","Within Range"
"COMPASS:Synoptic","CB","SWH_202307_UP_LYSC_45CM",2023,7,19,"SWH","UP","C",45,NA,NA,"",41.72,3473.4826409125,"",71.68,5967.86279244026,"",1.901,135.720762206658,"",0.0107,0.7646,"bdl",0.1562,11.1509,"Within_Range",0.0037,0.1188,"Within_Range",4.9297,0.1538,NA,51.612,1.4559,NA,0.0933,7.0902,0.5488,7.7404,"Within Range","Within Range"
"COMPASS:Synoptic","CB","SWH_202307_WC_LYSA_10CM",2023,7,19,"SWH","WC","A",10,NA,NA,"",NA,NA,NA,NA,NA,NA,NA,NA,NA,0.0027,0.1932,"bdl",0.0559,3.9888,"Within_Range",0.0159,0.5147,"Within_Range",0,0,NA,1007.2101,28.4121,NA,1.8201,4.8768,0.3478,7.132,"Within Range","Within Range"
"COMPASS:Synoptic","CB","SWH_202307_WC_LYSA_20CM",2023,7,19,"SWH","WC","A",20,NA,NA,"",NA,NA,NA,NA,NA,NA,NA,NA,NA,0.0016,0.1167,"bdl",0.1126,8.0407,"Within_Range",0.0725,2.3397,"Within_Range",0,0,NA,865.3286,24.4098,NA,1.5637,1009.9359,40.5187,4.012,"Within Range","Within Range"
"COMPASS:Synoptic","CB","SWH_202307_WC_LYSA_45CM",2023,7,19,"SWH","WC","A",45,NA,NA,"",NA,NA,NA,NA,NA,NA,NA,NA,NA,0,0,"bdl",0.0538,3.8412,"Within_Range",0.0286,0.9229,"Within_Range",0,0,NA,769.4657,21.7057,NA,1.3905,4.3497,0.2981,6.8538,"Within Range","Within Range"
"COMPASS:Synoptic","CB","SWH_202307_WC_LYSB_10CM",2023,7,19,"SWH","WC","B",10,NA,NA,"",NA,NA,NA,13.25,1103.15544084589,"",1.181,84.3167912499018,"",6e-04,0.0435,"bdl",0.0896,6.3987,"Within_Range",0.0465,1.5016,"Within_Range",0,0,NA,1128.7562,31.8408,NA,2.0397,0,0,0,"bdl","Within Range"
"COMPASS:Synoptic","CB","SWH_202307_WC_LYSB_20CM",2023,7,19,"SWH","WC","B",20,NA,NA,"",NA,NA,NA,NA,NA,NA,NA,NA,NA,0,0,"bdl",0.0137,0.9816,"bdl",0.0191,0.6177,"Within_Range",0.5574,0.0174,NA,923.2323,26.0432,NA,1.6683,0,0,0,"bdl","Within Range"
"COMPASS:Synoptic","CB","SWH_202307_WC_LYSB_45CM",2023,7,19,"SWH","WC","B",45,NA,NA,"",NA,NA,NA,NA,NA,NA,NA,NA,NA,0.0011,0.0814,"bdl",0.0684,4.8849,"Within_Range",0.0246,0.7936,"Within_Range",1.4819,0.0462,NA,601.9171,16.9793,NA,1.0877,0,0,0,"bdl","Within Range"
"COMPASS:Synoptic","CB","SWH_202307_WC_LYSC_10CM",2023,7,19,"SWH","WC","C",10,NA,NA,"",23.77,1979.01923237033,"",11.36,945.799683623345,"",0.5132,36.6396081875103,"",0,0,"bdl",0.0533,3.803,"Within_Range",0.0597,1.9284,"Within_Range",0.9262,0.0289,NA,977.3282,27.5692,NA,1.7661,21.5889,0.6376,2.9534,"Within Range","Within Range"
"COMPASS:Synoptic","CB","SWH_202307_WC_LYSC_20CM",2023,7,19,"SWH","WC","C",20,NA,NA,"",NA,NA,NA,NA,NA,NA,NA,NA,NA,0,0,"bdl",0.061,4.3539,"Within_Range",0.0121,0.3918,"Within_Range",0,0,NA,831.7407,23.4624,NA,1.503,7.6875,0.6459,8.4024,"Within Range","Within Range"
"COMPASS:Synoptic","CB","SWH_202307_WC_LYSC_45CM",2023,7,19,"SWH","WC","C",45,NA,NA,"",29.68,2471.0681874948,"",9.535,793.855632337024,"",0.43,30.6995937658406,"",0,0,"bdl",0.0882,6.2942,"Within_Range",0.0913,2.9489,"Within_Range",0,0,NA,743.573,20.9753,NA,1.3437,20.2655,1.2422,6.1295,"Within Range","Within Range"
"COMPASS:Synoptic","CB","GWI_202307_SW_A",2023,7,20,"GWI","SW","A",0,NA,NA,"",3.529,293.814003829823,"blank is ≥ 25% of sample value",4.169,347.098493048039,"",0.3504,25.0165991989548,"",0.0032,0.2303,"bdl",0.3649,26.0533,"Within_Range",0.0131,0.4229,"Within_Range",1538.5654,47.9902,NA,11244.9442,317.2058,NA,20.3196,0,0,0,"bdl","Within Range"
"COMPASS:Synoptic","CB","GWI_202307_SW_B",2023,7,20,"GWI","SW","B",0,NA,NA,"",3.232,269.086670551994,"blank is ≥ 25% of sample value",3.937,327.782865706436,"",0.37,26.4159295194443,"",0.0201,1.4376,"bdl",0.1851,13.2132,"Within_Range",0.0075,0.2432,"Within_Range",1560.1897,48.6647,NA,11383.4088,321.1117,NA,20.5698,0,0,0,"bdl","Within Range"
"COMPASS:Synoptic","CB","GWI_202307_SW_C",2023,7,20,"GWI","SW","C",0,NA,NA,"",2.951,245.691449504621,"blank is ≥ 25% of sample value",4.217,351.094829739406,"",0.3878,27.6867499125419,"",0.0059,0.4207,"bdl",0.3897,27.8197,"Within_Range",0.0145,0.4681,"Within_Range",1580.7081,49.3047,NA,11540.0307,325.5298,NA,20.8529,NA,NA,NA,NA,NA
"COMPASS:Synoptic","CB","GWI_202307_TR_LYSA_10CM",2023,7,20,"GWI","TR","A",10,NA,NA,"",60.73,5056.19848472234,"",69.69,5802.18133377737,"",1.918,136.934467076471,"",0.0558,3.9857,"Within_Range",0.6059,43.2604,"Within_Range",0.0045,0.1458,"Within_Range",753.0785,23.4897,NA,8324.2697,234.8172,NA,15.042,91.061,7.7512,8.5121,"Within Range","Within Range"
"COMPASS:Synoptic","CB","GWI_202307_TR_LYSA_20CM",2023,7,20,"GWI","TR","A",20,NA,NA,"",45.9,3821.49696111897,"",81.58,6792.10723503455,"",2.021,144.288090699451,"",0.0132,0.9405,"bdl",0.1483,10.5909,"Within_Range",0.0075,0.241,"Within_Range",830.2435,25.8966,NA,8667.9821,244.5129,NA,15.6631,5.2867,0.387,7.3205,"Within Range","Within Range"
"COMPASS:Synoptic","CB","GWI_202307_TR_LYSA_45CM",2023,7,20,"GWI","TR","A",45,NA,NA,"",NA,NA,NA,NA,NA,NA,NA,NA,NA,NA,NA,NA,NA,NA,NA,NA,NA,NA,771.5374,24.0654,NA,8474.4743,239.0543,NA,15.3134,0,0,0,"bdl","Within Range"
"COMPASS:Synoptic","CB","GWI_202307_TR_LYSB_10CM",2023,7,20,"GWI","TR","B",10,NA,NA,"",37.51,3122.97061027392,"",44.54,3708.26742153026,"",1.212,86.5300177772066,"",0.0206,1.4673,"bdl",0.1714,12.2335,"Within_Range",0.0043,0.1375,"Within_Range",861.392,26.8681,NA,6751.7466,190.4583,NA,12.2004,11.3766,0.6246,5.4899,"Within Range","Within Range"
"COMPASS:Synoptic","CB","GWI_202307_TR_LYSB_20CM",2023,7,20,"GWI","TR","B",20,NA,NA,"",NA,NA,NA,75.14,6255.93206227625,"",2.582,184.340351403257,"",0.0112,0.7993,"bdl",0.6131,43.7703,"Within_Range",0.0071,0.2291,"Within_Range",359.7055,11.2198,NA,7629.7358,215.2253,NA,13.787,183.7918,11.3087,6.153,"adl","Within Range"
"COMPASS:Synoptic","CB","GWI_202307_TR_LYSB_45CM",2023,7,20,"GWI","TR","B",45,NA,NA,"",NA,NA,NA,38.9,3238.69786029473,"",1.086,77.5343228597742,"",0.028,2.0025,"Within_Range",0.5654,40.3653,"Within_Range",0.0071,0.228,"Within_Range",935.8254,29.1898,NA,7640.9459,215.5415,NA,13.8072,22.9943,1.6928,7.3617,"Within Range","Within Range"
"COMPASS:Synoptic","CB","GWI_202307_TR_LYSC_10CM",2023,7,20,"GWI","TR","C",10,NA,NA,"",17.27,1437.84863874781,"",47.74,3974.68986762135,"",1.219,87.0297786059529,"",0.0156,1.1105,"bdl",0.0984,7.0287,"Within_Range",0.0081,0.2605,"Within_Range",542.0541,16.9075,NA,4812.0547,135.742,NA,8.6954,1.1877,0.1987,16.7344,"Within Range","High CV"
"COMPASS:Synoptic","CB","GWI_202307_TR_LYSC_20CM",2023,7,20,"GWI","TR","C",20,NA,NA,"",47.04,3916.40995753892,"",39.38,3278.66122720839,"",1.035,73.8932082503373,"",0.0112,0.803,"bdl",0.2292,16.3671,"Within_Range",0.0031,0.0995,"Within_Range",879.656,27.4378,NA,8002.9607,225.7535,NA,14.4614,95.8392,8.5462,8.9172,"Within Range","Within Range"
"COMPASS:Synoptic","CB","GWI_202307_TR_LYSC_45CM",2023,7,20,"GWI","TR","C",45,NA,NA,"",NA,NA,NA,NA,NA,NA,NA,NA,NA,0.0093,0.6641,"bdl",0.6789,48.4669,"Within_Range",0.0146,0.472,"Within_Range",1050.3611,32.7624,NA,8192.4573,231.0989,NA,14.8038,0,0,0,"bdl","Within Range"
"COMPASS:Synoptic","CB","GWI_202307_UP_LYSA_10CM",2023,7,20,"GWI","UP","A",10,NA,NA,"",NA,NA,NA,28.41,2365.3317792024,"",0.7404,52.8604168005312,"",0.009,0.6442,"bdl",0.7135,50.9405,"Within_Range",0.0065,0.2109,"Within_Range",453.396,14.1421,NA,3165.553,89.2963,NA,5.7202,0,0,0,"bdl","Within Range"
"COMPASS:Synoptic","CB","GWI_202307_UP_LYSA_20CM",2023,7,20,"GWI","UP","A",20,NA,NA,"Chewed, but fixed",17.22,1433.68578802764,"",NA,NA,NA,NA,NA,NA,0.0136,0.9725,"bdl",0.1396,9.9649,"Within_Range",0.0095,0.3075,"Within_Range",606.416,18.915,NA,4280.9278,120.7596,NA,7.7357,0,0,0,"bdl","Within Range"
"COMPASS:Synoptic","CB","GWI_202307_UP_LYSA_45CM",2023,7,20,"GWI","UP","A",45,NA,NA,"",16.83,1401.21555241029,"",22.26,1853.3011406211,"",0.6976,49.8047363047684,"",0.013,0.9261,"bdl",0.4837,34.5307,"Within_Range",0.0079,0.2537,"Within_Range",604.4219,18.8528,NA,4875.5539,137.5333,NA,8.8102,0,0,0,"bdl","Within Range"
"COMPASS:Synoptic","CB","GWI_202307_UP_LYSB_10CM",2023,7,20,"GWI","UP","B",10,NA,NA,"",7.445,619.848472233786,"",58.92,4905.50328865207,"",1.104,78.8194221336932,"",0.0065,0.4628,"bdl",0.0816,5.8235,"Within_Range",0.0305,0.9834,"Within_Range",170.0541,5.3042,NA,1265.7263,35.7046,NA,2.2872,0,0,0,"bdl","Within Range"
"COMPASS:Synoptic","CB","GWI_202307_UP_LYSB_20CM",2023,7,20,"GWI","UP","B",20,NA,NA,"",19.87,1654.31687619682,"",57.19,4761.46865373408,"",1.339,95.5971070987456,"",0.0068,0.4868,"bdl",0.4284,30.5841,"Within_Range",0.0071,0.2282,"Within_Range",385.0371,12.0099,NA,2883.0102,81.3261,NA,5.2096,0,0,0,"bdl","Within Range"
"COMPASS:Synoptic","CB","GWI_202307_UP_LYSC_10CM",2023,7,20,"GWI","UP","C",10,NA,NA,"",17.53,1459.49546249272,"",84.48,7033.5525768046,"",2.057,146.858289247289,"",0.0099,0.7054,"bdl",0.6111,43.6268,"Within_Range",0.0155,0.501,"Within_Range",682.3363,21.2831,NA,4840.3851,136.5412,NA,8.7466,9.1983,0.9937,10.8036,"Within Range","High CV"
"COMPASS:Synoptic","CB","GWI_202307_UP_LYSC_20CM",2023,7,20,"GWI","UP","C",20,NA,NA,"",27.21,2265.42336191824,"",121.5,10115.7272500208,"value above cal curve",2.599,185.554056273069,"",0.0157,1.124,"bdl",0.3039,21.699,"Within_Range",0.0158,0.5089,"Within_Range",563.9504,17.5905,NA,4585.8661,129.3615,NA,8.2867,0,0,0,"bdl","Within Range"
"COMPASS:Synoptic","CB","GWI_202307_UP_LYSC_45CM",2023,7,20,"GWI","UP","C",45,NA,NA,"",NA,NA,NA,63.09,5252.68503871451,"",1.915,136.720283864151,"",0.0064,0.4589,"bdl",0.3067,21.8998,"Within_Range",0.0052,0.1682,"Within_Range",627.6117,19.5762,NA,4700.6201,132.5986,NA,8.494,0,0,0,"bdl","Within Range"
"COMPASS:Synoptic","CB","GWI_202307_WC_LYSA_10CM",2023,7,20,"GWI","WC","A",10,NA,NA,"",54.82,4564.14952959787,"",77.7,6469.07001914911,"",2.772,197.905288183512,"",0.016,1.144,"bdl",0.3117,22.2552,"Within_Range",0.009,0.2891,"Within_Range",686.7787,21.4217,NA,9522.7318,268.6243,NA,17.2076,0,0,0,"bdl","Within Range"
"COMPASS:Synoptic","CB","GWI_202307_WC_LYSA_20CM",2023,7,20,"GWI","WC","A",20,NA,NA,"",NA,NA,NA,72.12,6004.49587877779,"",2.245,160.280437219331,"",0.0092,0.6569,"bdl",0.4391,31.3509,"Within_Range",0.0063,0.2026,"Within_Range",1081.0056,33.7182,NA,10415.003,293.7942,NA,18.8199,0,0,0,"bdl","Within Range"
"COMPASS:Synoptic","CB","GWI_202307_WC_LYSA_45CM",2023,7,20,"GWI","WC","A",45,NA,NA,"",51.04,4249.43801515278,"",45.89,3820.66439097494,"",1.595,113.874074550037,"",0.0057,0.4073,"bdl",0.7907,56.4491,"Within_Range",0.0075,0.2437,"Within_Range",1199.5768,37.4166,NA,10087.3029,284.5502,NA,18.2278,0,0,0,"bdl","Within Range"
"COMPASS:Synoptic","CB","GWI_202307_WC_LYSB_10CM",2023,7,20,"GWI","WC","B",10,NA,NA,"",51.38,4277.74540004995,"",82.69,6884.5225210224,"",2.906,207.472138333797,"",0.0148,1.0593,"bdl",0.5309,37.9028,"Within_Range",0.0139,0.4479,"Within_Range",918.5799,28.6519,NA,11741.9481,331.2256,NA,21.2177,0,0,0,"bdl","Within Range"
"COMPASS:Synoptic","CB","GWI_202307_WC_LYSB_20CM",2023,7,20,"GWI","WC","B",20,NA,NA,"",44.11,3672.46690533677,"",67.84,5648.15585713096,"",2.187,156.139561781148,"",0.0112,0.8013,"bdl",0.4163,29.7243,"Within_Range",0.0057,0.1829,"Within_Range",1025.3364,31.9818,NA,10700.0701,301.8355,NA,19.3351,0,0,0,"bdl","Within Range"
"COMPASS:Synoptic","CB","GWI_202307_WC_LYSB_45CM",2023,7,20,"GWI","WC","B",45,NA,NA,"",42.26,3518.44142869037,"",67.83,5647.32328698693,"",1.958,139.790243240735,"",0.0095,0.6802,"bdl",0.5127,36.6072,"Within_Range",0.0055,0.179,"Within_Range",1361.1263,42.4556,NA,10878.9015,306.8802,NA,19.6582,0,0,0,"bdl","Within Range"
"COMPASS:Synoptic","CB","GWI_202307_WC_LYSC_10CM",2023,7,20,"GWI","WC","C",10,NA,NA,"",55.55,4624.9271501124,"",89.08,7416.53484306053,"",3.05,217.752932525149,"value above cal curve",0.014,0.998,"bdl",0.3657,26.1103,"Within_Range",0.0051,0.1632,"Within_Range",752.8586,23.4828,NA,10631.5287,299.9021,NA,19.2112,0,0,0,"bdl","Within Range"
"COMPASS:Synoptic","CB","GWI_202307_WC_LYSC_20CM",2023,7,20,"GWI","WC","C",20,NA,NA,"",50.88,4236.11689284822,"",98.74,8220.79760219799,"",2.851,203.545446107934,"",0.0092,0.6604,"bdl",0.2656,18.962,"Within_Range",0.0152,0.4915,"Within_Range",1194.9463,37.2722,NA,11309.7015,319.0325,NA,20.4367,0,0,0,"bdl","Within Range"
"COMPASS:Synoptic","CB","GCW_202308_SW_A",2023,8,15,"GCW","SW","A",0,NA,NA,"",21.03,1750.89501290484,"IC dups out of range",5.169,430.355507451503,"",0.5282,37.7105242491094,"",0.0265,1.8921,"Within_Range",0.1472,10.5066,"Within_Range",0.0961,3.1021,"Within_Range",853.4492,26.6204,NA,6217.2702,175.3814,NA,11.2346,0,0,0,"bdl","Within Range"
"COMPASS:Synoptic","CB","GCW_202308_SW_B",2023,8,15,"GCW","SW","B",0,NA,NA,"",20.5,1706.768795271,"IC dups out of range",5.216,434.268587128466,"",0.5446,38.8813924764577,"",0.0202,1.445,"bdl",0.1377,9.8281,"Within_Range",0.0985,3.181,"Within_Range",904.4817,28.2122,NA,6182.7733,174.4083,NA,11.1723,0,0,0,"bdl","Within Range"
"COMPASS:Synoptic","CB","GCW_202308_SW_C",2023,8,15,"GCW","SW","C",0,NA,NA,"",20.52,1708.43393555907,"IC dups out of range",5.259,437.848638747815,"",0.5754,41.0803401229412,"",0.0208,1.4858,"bdl",0.1997,14.2606,"Within_Range",0.0958,3.0914,"Within_Range",853.8607,26.6332,NA,6231.3067,175.7773,NA,11.26,0,0,0,"bdl","Within Range"
"COMPASS:Synoptic","CB","GCW_202308_TR_LYSA_20CM",2023,8,15,"GCW","TR","A",20,NA,NA,"",NA,NA,NA,52.45,4366.83040546166,"",2.412,172.203302705134,"",0.0123,0.8766,"bdl",0.552,39.4071,"Within_Range",0.0044,0.1436,"Within_Range",6.2202,0.194,NA,1.5851,0.0447,NA,0.0029,0,0,0,"bdl","Within Range"
"COMPASS:Synoptic","CB","GCW_202308_TR_LYSA_45CM",2023,8,15,"GCW","TR","A",45,NA,NA,"",NA,NA,NA,NA,NA,NA,NA,NA,NA,0.017,1.2164,"bdl",0.1042,7.442,"Within_Range",0.0044,0.1412,"Within_Range",16.4155,0.512,NA,1.9038,0.0537,NA,0.0035,0,0,0,"bdl","Within Range"
"COMPASS:Synoptic","CB","GCW_202308_TR_LYSB_10CM",2023,8,15,"GCW","TR","B",10,NA,NA,"",28.1,2339.52210473732,"IC dups out of range",4.747,395.221047373241,"",0.3571,25.494941706469,"",0.0098,0.7017,"bdl",0.1761,12.5744,"Within_Range",0.0081,0.2618,"Within_Range",31.64,0.9869,NA,92.6384,2.6132,NA,0.1674,0,0,0,"bdl","Within Range"
"COMPASS:Synoptic","CB","GCW_202308_TR_LYSB_20CM",2023,8,15,"GCW","TR","B",20,NA,NA,"",NA,NA,NA,15.16,1262.17633835651,"",1.739,124.154868741388,"",NA,NA,NA,NA,NA,NA,NA,NA,NA,6.8772,0.2145,NA,3.9627,0.1118,NA,0.0072,0,0,0,"bdl","Within Range"
"COMPASS:Synoptic","CB","GCW_202308_TR_LYSB_45CM",2023,8,15,"GCW","TR","B",45,NA,NA,"",NA,NA,NA,NA,NA,NA,NA,NA,NA,NA,NA,NA,NA,NA,NA,NA,NA,NA,7.9258,0.2472,NA,2.2173,0.0625,NA,0.004,0,0,0,"bdl","Within Range"
"COMPASS:Synoptic","CB","GCW_202308_TR_LYSC_10CM",2023,8,15,"GCW","TR","C",10,NA,NA,"",NA,NA,NA,21.4,1781.70010823412,"",0.5961,42.5582042879479,"",0.0137,0.9801,"bdl",0.0292,2.0837,"Within_Range",0.0138,0.446,"Within_Range",18.5077,0.5773,NA,5.0972,0.1438,NA,0.0092,0,0,0,"bdl","Within Range"
"COMPASS:Synoptic","CB","GCW_202308_TR_LYSC_20CM",2023,8,15,"GCW","TR","C",20,NA,NA,"",NA,NA,NA,NA,NA,NA,NA,NA,NA,0.019,1.3597,"bdl",0.4533,32.3654,"Within_Range",0.0139,0.4497,"Within_Range",12.9278,0.4032,NA,62.6609,1.7676,NA,0.1133,0,0,0,"bdl","Within Range"
"COMPASS:Synoptic","CB","GCW_202308_TR_LYSC_45CM",2023,8,15,"GCW","TR","C",45,NA,NA,"",NA,NA,NA,NA,NA,NA,NA,NA,NA,0.01,0.7175,"bdl",0.0925,6.6023,"Within_Range",0.007,0.2266,"Within_Range",16.8171,0.5246,NA,3.4387,0.097,NA,0.0062,0,0,0,"bdl","Within Range"
"COMPASS:Synoptic","CB","GCW_202308_UP_LYSA_20CM",2023,8,15,"GCW","UP","A",20,NA,NA,"",NA,NA,NA,NA,NA,NA,NA,NA,NA,0.0203,1.4465,"bdl",0.0366,2.6102,"Within_Range",0.0109,0.3505,"Within_Range",7.5725,0.2362,NA,0.597,0.0168,NA,0.0011,0,0,0,"bdl","Within Range"
"COMPASS:Synoptic","CB","GCW_202308_UP_LYSB_10CM",2023,8,15,"GCW","UP","B",10,NA,NA,"",NA,NA,NA,NA,NA,NA,NA,NA,NA,0.0128,0.911,"bdl",0.1111,7.9315,"Within_Range",0.0062,0.2,"Within_Range",NA,NA,NA,NA,NA,NA,NA,NA,NA,NA,NA,NA
"COMPASS:Synoptic","CB","GCW_202308_UP_LYSB_20CM",2023,8,15,"GCW","UP","B",20,NA,NA,"",NA,NA,NA,NA,NA,NA,NA,NA,NA,0.0277,1.9804,"Within_Range",0.0536,3.8297,"Within_Range",0.0204,0.6599,"Within_Range",9.6062,0.2996,NA,0.2541,0.0072,NA,5e-04,0,0,0,"bdl","Within Range"
"COMPASS:Synoptic","CB","GCW_202308_UP_LYSC_10CM",2023,8,15,"GCW","UP","C",10,NA,NA,"",NA,NA,NA,NA,NA,NA,NA,NA,NA,0.0168,1.2025,"bdl",0.0811,5.7897,"Within_Range",0.0072,0.2333,"Within_Range",NA,NA,NA,NA,NA,NA,NA,NA,NA,NA,NA,NA
"COMPASS:Synoptic","CB","GCW_202308_WC_LYSA_10CM",2023,8,15,"GCW","WC","A",10,NA,NA,"",161.7,13462.65922904,"IC dups out of range",17.36,1445.34177004413,"",1.319,94.1692190166135,"",0.0202,1.4442,"bdl",0.3279,23.4074,"Within_Range",0.103,3.3243,"Within_Range",280.5117,8.7496,NA,6454.5468,182.0747,NA,11.6634,3439.5873,322.5548,9.3777,"adl","Within Range"
"COMPASS:Synoptic","CB","GCW_202308_WC_LYSA_20CM",2023,8,15,"GCW","WC","A",20,NA,NA,"",147.6,12288.7353259512,"IC dups out of range",15.3,1273.83232037299,"",1.399,99.880771345142,"",0.0267,1.9062,"Within_Range",0.2756,19.6794,"Within_Range",0.0683,2.2053,"Within_Range",301.9826,9.4193,NA,6111.7949,172.4061,NA,11.044,3204.0288,161.1482,5.0295,"adl","Within Range"
"COMPASS:Synoptic","CB","GCW_202308_WC_LYSA_45CM",2023,8,15,"GCW","WC","A",45,NA,NA,"",169.7,14128.7153442678,"IC dups out of range",15.77,1312.96311714262,"",3.884,277.295865550058,"value above cal curve",0.0245,1.7515,"bdl",1.8678,133.3493,"Within_Range",0.3883,12.5372,"Within_Range",248.7117,7.7577,NA,5355.677,151.0769,NA,9.6777,3528.0101,89.2649,2.5302,"adl","Within Range"
"COMPASS:Synoptic","CB","GCW_202308_WC_LYSB_10CM",2023,8,15,"GCW","WC","B",10,NA,NA,"",197.8,16468.2374490051,"IC dups out of range",31.24,2600.9491299642,"",3.37,240.599141839263,"value above cal curve",0.0309,2.2086,"Within_Range",1.1725,83.713,"Within_Range",0.2197,7.0929,"Within_Range",44.5147,1.3885,NA,5774.5799,162.8937,NA,10.4347,4391.7243,212.2183,4.8322,"adl","Within Range"
"COMPASS:Synoptic","CB","GCW_202308_WC_LYSB_20CM",2023,8,15,"GCW","WC","B",20,NA,NA,"",164.8,13720.7559736908,"IC dups out of range",13.64,1135.62567646324,"",1.651,117.872161180007,"",0.0185,1.3209,"bdl",0.6462,46.1351,"Within_Range",0.1246,4.0238,"Within_Range",174.3873,5.4394,NA,5727.1482,161.5557,NA,10.349,3789.7417,200.6786,5.2953,"adl","Within Range"
"COMPASS:Synoptic","CB","GCW_202308_WC_LYSB_45CM",2023,8,15,"GCW","WC","B",45,NA,NA,"",142.3,11847.4731496129,"IC dups out of range",14.02,1167.26334193656,"",3.524,251.59388007168,"value above cal curve",0.0249,1.7759,"bdl",1.8217,130.06,"Within_Range",0.3913,12.6324,"Within_Range",285.0832,8.8922,NA,5115.8808,144.3126,NA,9.2444,3348.3349,284.5921,8.4995,"adl","Within Range"
"COMPASS:Synoptic","CB","GCW_202308_WC_LYSC_10CM",2023,8,15,"GCW","WC","C",10,NA,NA,"",120.3,10015.8188327367,"IC dups out of range",6.596,549.163267005245,"",0.948,67.6818950930626,"",0.0316,2.2541,"Within_Range",0.3522,25.1485,"Within_Range",0.1988,6.4177,"Within_Range",364.7391,11.3768,NA,5789.5632,163.3163,NA,10.4618,3311.551,34.1088,1.03,"adl","Within Range"
"COMPASS:Synoptic","CB","GCW_202308_WC_LYSC_20CM",2023,8,15,"GCW","WC","C",20,NA,NA,"",96.84,8062.60927483141,"IC dups out of range",7.419,617.683789859296,"",0.6336,45.2354944419456,"",0.0189,1.3524,"bdl",0.2539,18.1257,"Within_Range",0.1207,3.8963,"Within_Range",515.7861,16.0882,NA,5919.9396,166.9941,NA,10.6974,2784.5509,147.3174,5.2905,"adl","Within Range"
"COMPASS:Synoptic","CB","GCW_202308_WC_LYSC_45CM",2023,8,15,"GCW","WC","C",45,NA,NA,"",93.12,7752.89318125052,"IC dups out of range",9.075,755.557405711431,"",1.171,83.6028472088358,"",0.0172,1.227,"bdl",0.5379,38.4018,"Within_Range",0.1901,6.1365,"Within_Range",481.9739,15.0335,NA,5345.4713,150.789,NA,9.6593,2695.4207,132.0515,4.8991,"adl","Within Range"
"COMPASS:Synoptic","CB","MSM_202308_SW_A",2023,8,17,"MSM","SW","A",0,NA,NA,"",22.26,1853.3011406211,"IC dups out of range",6.585,548.247439846807,"",0.6158,43.964674048848,"",0.0112,0.8003,"bdl",0.1728,12.3384,"Within_Range",0.0033,0.107,"Within_Range",1238.6004,38.6338,NA,9113.4271,257.0783,NA,16.468,0,0,0,"bdl","Within Range"
"COMPASS:Synoptic","CB","MSM_202308_SW_B",2023,8,17,"MSM","SW","B",0,NA,NA,"",21.56,1795.02123053867,"IC dups out of range",6.598,549.329781034052,"",0.726,51.832337381396,"",0.0098,0.6963,"bdl",0.2166,15.466,"Within_Range",0.0033,0.1078,"Within_Range",1292.9228,40.3282,NA,9485.2843,267.568,NA,17.1399,0,0,0,"bdl","Within Range"
"COMPASS:Synoptic","CB","MSM_202308_SW_C",2023,8,17,"MSM","SW","C",0,NA,NA,"",21.71,1807.50978269919,"IC dups out of range",6.657,554.241944883856,"",0.7616,54.3739781675912,"",0.009,0.6413,"bdl",0.1767,12.614,"Within_Range",0.0035,0.1115,"Within_Range",1312.4254,40.9365,NA,9646.1423,272.1056,NA,17.4306,0,0,0,"bdl","Within Range"
"COMPASS:Synoptic","CB","MSM_202308_TR_LYSA_10CM",2023,8,17,"MSM","TR","A",10,NA,NA,"",14.8,1232.20381317126,"IC dups out of range",26.33,2192.15718924319,"",1.536,109.661804707747,"",0.0956,6.8247,"Within_Range",0.6381,45.5581,"Within_Range",0.0085,0.2741,"Within_Range",538.6268,16.8006,NA,4899.026,138.1954,NA,8.8526,0,0,0,"bdl","Within Range"
"COMPASS:Synoptic","CB","MSM_202308_TR_LYSA_20CM",2023,8,17,"MSM","TR","A",20,NA,NA,"",42.68,3553.40937473982,"IC dups out of range",30.65,2551.82749146616,"",3.137,223.964245682423,"value above cal curve",0.0032,0.2303,"bdl",2.8351,202.4132,"Within_Range",0.0145,0.4687,"Within_Range",560.6621,17.4879,NA,4627.0926,130.5245,NA,8.3612,3.8599,0.098,2.5394,"Within Range","Within Range"
"COMPASS:Synoptic","CB","MSM_202308_TR_LYSA_45CM",2023,8,17,"MSM","TR","A",45,NA,NA,"",NA,NA,NA,NA,NA,NA,NA,NA,NA,0.0047,0.3334,"bdl",1.227,87.6044,"Within_Range",0.0158,0.5116,"Within_Range",507.2198,15.821,NA,4042.2568,114.027,NA,7.3044,0,0,0,"bdl","Within Range"
"COMPASS:Synoptic","CB","MSM_202308_TR_LYSB_10CM",2023,8,17,"MSM","TR","B",10,NA,NA,"",NA,NA,NA,31.61,2631.75422529348,"",2.73,194.906723211035,"",0.0089,0.6348,"bdl",1.5711,112.1691,"Within_Range",0.0076,0.2452,"Within_Range",512.6074,15.989,NA,5592.8421,157.7671,NA,10.1063,0,0,0,"bdl","Within Range"
"COMPASS:Synoptic","CB","MSM_202308_TR_LYSB_20CM",2023,8,17,"MSM","TR","B",20,NA,NA,"",46.16,3843.14378486388,"IC dups out of range",28.23,2350.34551660977,"",3.899,278.366781611657,"value above cal curve",0.0067,0.4781,"bdl",2.5528,182.2556,"Within_Range",0.0094,0.3039,"Within_Range",466.0289,14.5361,NA,5745.526,162.0741,NA,10.3822,21.7425,0.663,3.0492,"Within Range","Within Range"
"COMPASS:Synoptic","CB","MSM_202308_TR_LYSB_45CM",2023,8,17,"MSM","TR","B",45,NA,NA,"",NA,NA,NA,17.47,1454.50004162851,"",1.919,137.005861480577,"",0.0065,0.4658,"bdl",2.2107,157.8333,"Within_Range",0.0198,0.6392,"Within_Range",539.2446,16.8199,NA,4786.6341,135.0249,NA,8.6495,0,0,0,"bdl","Within Range"
"COMPASS:Synoptic","CB","MSM_202308_TR_LYSC_10CM",2023,8,17,"MSM","TR","C",10,NA,NA,"",34.33,2858.2133044709,"IC dups out of range",46.59,3878.94430105737,"",3.199,228.390698737033,"value above cal curve",0.0573,4.0923,"Within_Range",1.553,110.8772,"Within_Range",0.0098,0.3158,"Within_Range",536.4569,16.7329,NA,5930.9298,167.3041,NA,10.7172,0,0,0,"bdl","Within Range"
"COMPASS:Synoptic","CB","MSM_202308_TR_LYSC_20CM",2023,8,17,"MSM","TR","C",20,NA,NA,"",63.92,5321.78836066939,"IC dups out of range",45.96,3826.49238198318,"",3.393,242.241213133715,"value above cal curve",0.0058,0.4117,"bdl",1.9396,138.4748,"Within_Range",0.0102,0.3296,"Within_Range",372.9395,11.6325,NA,5830.0554,164.4585,NA,10.5349,12.4616,0.8023,6.4382,"Within Range","Within Range"
"COMPASS:Synoptic","CB","MSM_202308_TR_LYSC_45CM",2023,8,17,"MSM","TR","C",45,NA,NA,"",53.2,4429.27316626426,"IC dups out of range",35,2913.99550412122,"",2.83,202.046163621695,"",0.003,0.2127,"bdl",1.7922,127.9541,"Within_Range",0.0118,0.3794,"Within_Range",327.8583,10.2264,NA,4443.9228,125.3575,NA,8.0302,1.3699,0.2401,17.5265,"Within Range","High CV"
"COMPASS:Synoptic","CB","MSM_202308_UP_LYSA_20CM",2023,8,17,"MSM","UP","A",20,NA,NA,"",NA,NA,NA,NA,NA,NA,NA,NA,NA,0.0181,1.2895,"bdl",0.0869,6.2037,"Within_Range",0.0038,0.1239,"Within_Range",149.8293,4.6734,NA,1634.4984,46.1071,NA,2.9536,0,0,0,"bdl","Within Range"
"COMPASS:Synoptic","CB","MSM_202308_UP_LYSA_45CM",2023,8,17,"MSM","UP","A",45,NA,NA,"",NA,NA,NA,NA,NA,NA,NA,NA,NA,0.0146,1.0459,"bdl",1.4797,105.6436,"Within_Range",0.0042,0.1352,"Within_Range",138.55,4.3216,NA,2096.2117,59.1315,NA,3.7879,0,0,0,"bdl","Within Range"
"COMPASS:Synoptic","CB","MSM_202308_UP_LYSB_10CM",2023,8,17,"MSM","UP","B",10,NA,NA,"",8.313,692.115560735992,"IC dups out of range; blank is ≥ 25% of sample value",32.22,2682.54100407959,"",0.7694,54.9308545196227,"",0.0083,0.5896,"bdl",0.0379,2.7035,"Within_Range",0.0038,0.1236,"Within_Range",58.4528,1.8232,NA,490.8198,13.8454,NA,0.8869,0,0,0,"bdl","Within Range"
"COMPASS:Synoptic","CB","MSM_202308_UP_LYSB_20CM",2023,8,17,"MSM","UP","B",20,NA,NA,"",NA,NA,NA,24.39,2030.63858130047,"",1.783,127.296222522079,"",NA,NA,NA,NA,NA,NA,NA,NA,NA,NA,NA,NA,NA,NA,NA,NA,NA,NA,NA,NA,NA
"COMPASS:Synoptic","CB","MSM_202308_UP_LYSB_45CM",2023,8,17,"MSM","UP","B",45,NA,NA,"",NA,NA,NA,24.96,2078.09507951045,"",1.75,124.940207186561,"",NA,NA,NA,NA,NA,NA,NA,NA,NA,152.7034,4.7631,NA,1532.7686,43.2375,NA,2.7697,0,0,0,"bdl","Within Range"
"COMPASS:Synoptic","CB","MSM_202308_UP_LYSC_10CM",2023,8,17,"MSM","UP","C",10,NA,NA,"",9.244,769.627841145617,"IC dups out of range; blank is ≥ 25% of sample value",42.87,3569.22820747648,"",1.125,80.3187046199319,"",0.0102,0.7263,"bdl",0.0364,2.6,"Within_Range",0.0051,0.1649,"Within_Range",81.9546,2.5563,NA,565.0347,15.9389,NA,1.021,0,0,0,"bdl","Within Range"
"COMPASS:Synoptic","CB","MSM_202308_UP_LYSC_20CM",2023,8,17,"MSM","UP","C",20,NA,NA,"",15.03,1251.35292648406,"IC dups out of range",35.41,2948.13088002664,"",2.929,209.114209628249,"",0.0092,0.6578,"bdl",1.5272,109.0321,"Within_Range",0.0111,0.3582,"Within_Range",135.216,4.2176,NA,1079.1902,30.4426,NA,1.9501,0,0,0,"bdl","Within Range"
"COMPASS:Synoptic","CB","MSM_202308_UP_LYSC_45CM",2023,8,17,"MSM","UP","C",45,NA,NA,"",NA,NA,NA,NA,NA,NA,NA,NA,NA,0.0128,0.9146,"bdl",0.7565,54.0104,"Within_Range",0.0073,0.2366,"Within_Range",144.8163,4.517,NA,1891.7621,53.3642,NA,3.4184,0,0,0,"bdl","Within Range"
"COMPASS:Synoptic","CB","MSM_202308_WC_LYSA_10CM",2023,8,17,"MSM","WC","A",10,NA,NA,"",54.75,4558.32153858963,"IC dups out of range",14.14,1177.25418366497,"",1.074,76.677590010495,"",0.0068,0.4824,"bdl",0.3338,23.83,"Within_Range",0.0303,0.9778,"Within_Range",1138.225,35.503,NA,9598.2625,270.7549,NA,17.3441,1024.2292,19.5076,1.9046,"Within Range","Within Range"
"COMPASS:Synoptic","CB","MSM_202308_WC_LYSA_20CM",2023,8,17,"MSM","WC","A",20,NA,NA,"",66.97,5575.72225459995,"IC dups out of range",16.4,1365.4150362168,"",1.622,115.801723460915,"",0.0081,0.575,"bdl",0.6774,48.3659,"Within_Range",0.0361,1.1668,"Within_Range",1051.0458,32.7837,NA,9457.3113,266.7789,NA,17.0894,1391.3608,100.5392,7.226,"Within Range","Within Range"
"COMPASS:Synoptic","CB","MSM_202308_WC_LYSA_45CM",2023,8,17,"MSM","WC","A",45,NA,NA,"",NA,NA,NA,86.12,7170.09408042628,"",2.493,177.986249437769,"",0.0075,0.5324,"bdl",0.2461,17.5676,"Within_Range",0.0053,0.1721,"Within_Range",22.1616,0.6913,NA,8250.225,232.7285,NA,14.9082,0.903,0.1801,19.941,"Within Range","High CV"
"COMPASS:Synoptic","CB","MSM_202308_WC_LYSB_10CM",2023,8,17,"MSM","WC","B",10,NA,NA,"",162,13487.6363333611,"IC dups out of range",15.02,1250.52035634002,"",1.589,113.445708125397,"",0.009,0.6427,"bdl",0.3307,23.6119,"Within_Range",0.0523,1.6886,"Within_Range",801.5951,25.003,NA,9723.4972,274.2877,NA,17.5704,3061.8449,96.256,3.1437,"adl","Within Range"
"COMPASS:Synoptic","CB","MSM_202308_WC_LYSB_20CM",2023,8,17,"MSM","WC","B",20,NA,NA,"",141.1,11747.5647323287,"IC dups out of range",NA,NA,NA,NA,NA,NA,0.0121,0.8649,"bdl",0.6637,47.387,"Within_Range",0.0618,1.9949,"Within_Range",736.3388,22.9675,NA,9223.3107,260.178,NA,16.6665,2413.175,197.8156,8.1973,"Within Range","Within Range"
"COMPASS:Synoptic","CB","MSM_202308_WC_LYSC_10CM",2023,8,17,"MSM","WC","C",10,NA,NA,"",150.6,12538.5063691616,"IC dups out of range",22.64,1884.93880609441,"",3.993,285.077855597678,"value above cal curve",0.0192,1.3703,"bdl",1.3737,98.0768,"Within_Range",0.0865,2.7919,"Within_Range",616.4442,19.2278,NA,9301.5234,262.3843,NA,16.8079,3236.5684,156.0609,4.8218,"adl","Within Range"
"COMPASS:Synoptic","CB","MSM_202308_WC_LYSC_20CM",2023,8,17,"MSM","WC","C",20,NA,NA,"",NA,NA,NA,34.85,2901.5069519607,"",4.291,306.353388021447,"value above cal curve",0.0208,1.4839,"bdl",2.0317,145.0532,"Within_Range",0.0547,1.7654,"Within_Range",530.3495,16.5424,NA,8538.3834,240.8571,NA,15.4289,2477.5469,109.4982,4.4196,"adl","Within Range"
"COMPASS:Synoptic","CB","MSM_202308_WC_LYSC_45CM",2023,8,17,"MSM","WC","C",45,NA,NA,"",NA,NA,NA,NA,NA,NA,NA,NA,NA,0.0122,0.8721,"bdl",1.8228,130.1371,"Within_Range",0.0061,0.1958,"Within_Range",49.5973,1.547,NA,7246.0132,204.4009,NA,13.0936,2.2187,0.12,5.4106,"Within Range","Within Range"
"COMPASS:Synoptic","CB","SWH_202308_SW_A",2023,8,23,"SWH","SW","A",0,NA,NA,"",13.65,1136.45824660728,"IC dups out of range; blank is ≥ 25% of sample value",6.076,505.869619515444,"",0.404,28.8433392590689,"",0.0086,0.6176,"bdl",0.0621,4.4359,"Within_Range",0.0104,0.3357,"Within_Range",375.1638,11.7019,NA,2738.9131,77.2613,NA,4.9492,0,0,0,"bdl","Within Range"
"COMPASS:Synoptic","CB","SWH_202308_SW_B",2023,8,23,"SWH","SW","B",0,NA,NA,"",12.98,1080.67604695696,"IC dups out of range; blank is ≥ 25% of sample value",6.008,500.208142536009,"",0.3808,27.1869890837956,"",0.0054,0.383,"bdl",0.0125,0.8948,"bdl",0.0143,0.4624,"Within_Range",373.5574,11.6518,NA,2728.1958,76.959,NA,4.9299,0,0,0,"bdl","Within Range"
"COMPASS:Synoptic","CB","SWH_202308_SW_C",2023,8,23,"SWH","SW","C",0,NA,NA,"",12.91,1074.84805594871,"IC dups out of range; blank is ≥ 25% of sample value",6.029,501.956539838481,"",0.3897,27.8223992803444,"",0.0033,0.2376,"bdl",0.0096,0.6837,"bdl",0.0168,0.541,"Within_Range",373.4708,11.6491,NA,2733.5514,77.1101,NA,4.9396,0,0,0,"bdl","Within Range"
"COMPASS:Synoptic","CB","SWH_202308_SWAMP_LYSA_10CM",2023,8,23,"SWH","SWAMP","A",10,NA,NA,"",11.87,988.260760969112,"IC dups out of range; blank is ≥ 25% of sample value",9.022,751.144783948048,"",0.9562,68.2673292067368,"",0.0755,5.3902,"Within_Range",0.3533,25.222,"Within_Range",0.0431,1.3924,"Within_Range",30.9303,0.9648,NA,199.46,5.6265,NA,0.3605,0,0,0,"bdl","Within Range"
"COMPASS:Synoptic","CB","SWH_202308_SWAMP_LYSA_20CM",2023,8,23,"SWH","SWAMP","A",20,NA,NA,"",26.96,2244.60910831738,"IC dups out of range",9.002,749.479643659979,"",1.812,129.36666024117,"",0.0508,3.6272,"Within_Range",1.133,80.8881,"Within_Range",0.0234,0.7553,"Within_Range",10.7865,0.3364,NA,168.4313,4.7512,NA,0.3044,0,0,0,"bdl","Within Range"
"COMPASS:Synoptic","CB","SWH_202308_SWAMP_LYSA_45CM",2023,8,23,"SWH","SWAMP","A",45,NA,NA,"",27.95,2327.0335525768,"IC dups out of range",10.55,878.36150195654,"",1.72,122.798375063363,"",0.0108,0.7701,"bdl",1.108,79.1048,"Within_Range",0.0055,0.1779,"Within_Range",4.9217,0.1535,NA,151.9266,4.2857,NA,0.2746,3.7467,0.12,3.2041,"Within Range","Within Range"
"COMPASS:Synoptic","CB","SWH_202308_SWAMP_LYSB_10CM",2023,8,23,"SWH","SWAMP","B",10,NA,NA,"",15.36,1278.8277412372,"IC dups out of range",12.32,1025.72641745067,"",1.456,103.950252379219,"",0.0152,1.0853,"bdl",0.7634,54.5057,"Within_Range",0.0388,1.2535,"Within_Range",15.1707,0.4732,NA,194.9326,5.4988,NA,0.3523,0,0,0,"bdl","Within Range"
"COMPASS:Synoptic","CB","SWH_202308_SWAMP_LYSB_20CM",2023,8,23,"SWH","SWAMP","B",20,NA,NA,"",30.72,2557.6554824744,"IC dups out of range",18.42,1533.5942053118,"",1.831,130.723153919196,"",0.0113,0.8086,"bdl",0.7362,52.5585,"Within_Range",0.0235,0.7589,"Within_Range",5.7644,0.1798,NA,152.2615,4.2951,NA,0.2752,0.3513,0.12,34.1762,"Within Range","High CV"
"COMPASS:Synoptic","CB","SWH_202308_SWAMP_LYSB_45CM",2023,8,23,"SWH","SWAMP","B",45,NA,NA,"",29.63,2466.90533677462,"IC dups out of range",6.641,552.909832653401,"",1.031,73.6076306339109,"",0.0098,0.7026,"bdl",0.6404,45.724,"Within_Range",0.0102,0.3304,"Within_Range",4.7258,0.1474,NA,108.202,3.0522,NA,0.1955,1.0869,0.098,9.0178,"Within Range","Within Range"
"COMPASS:Synoptic","CB","SWH_202308_SWAMP_LYSC_10CM",2023,8,23,"SWH","SWAMP","C",10,NA,NA,"",NA,NA,NA,NA,NA,NA,NA,NA,NA,0.0084,0.6006,"bdl",0.0493,3.5166,"Within_Range",0.0039,0.1258,"Within_Range",136.9328,4.2711,NA,103.0413,2.9067,NA,0.1862,0,0,0,"bdl","Within Range"
"COMPASS:Synoptic","CB","SWH_202308_SWAMP_LYSC_20CM",2023,8,23,"SWH","SWAMP","C",20,NA,NA,"",4.422,368.162517692116,"IC dups out of range; blank is ≥ 25% of sample value",8.416,700.691033219549,"",0.9859,70.387743008703,"",0.5067,36.1753,"Within_Range",0.0274,1.9569,"Within_Range",0.0031,0.1014,"Within_Range",131.0819,4.0886,NA,90.8086,2.5616,NA,0.1641,0,0,0,"bdl","Within Range"
"COMPASS:Synoptic","CB","SWH_202308_SWAMP_LYSC_45CM",2023,8,23,"SWH","SWAMP","C",45,NA,NA,"",13.29,1106.48572142203,"IC dups out of range; blank is ≥ 25% of sample value",12.65,1053.20123220381,"",1.497,106.877422947589,"",0.0093,0.661,"bdl",0.8755,62.5073,"Within_Range",0.0033,0.1057,"Within_Range",22.4751,0.701,NA,115.9496,3.2708,NA,0.2095,0.2664,0,0,"Within Range","Within Range"
"COMPASS:Synoptic","CB","SWH_202308_TR_LYSA_10CM",2023,8,23,"SWH","TR","A",10,NA,NA,"",36.95,3076.34668220798,"IC dups out of range",24.35,2027.30830072434,"",1.573,112.303397659691,"",0.0094,0.6717,"bdl",0.5503,39.2863,"Within_Range",0.0215,0.6941,"Within_Range",67.221,2.0967,NA,1385.8931,39.0943,NA,2.5043,5.3595,0.2401,4.4798,"Within Range","Within Range"
"COMPASS:Synoptic","CB","SWH_202308_TR_LYSA_20CM",2023,8,23,"SWH","TR","A",20,NA,NA,"",44.11,3672.46690533677,"IC dups out of range",15.2,1265.50661893265,"",5.518,393.954321860253,"value above cal curve",0.0072,0.5111,"bdl",2.1252,151.7247,"Within_Range",0.5066,16.3561,"Within_Range",24.3014,0.758,NA,1140.4228,32.1699,NA,2.0608,71.712,4.9934,6.9631,"Within Range","Within Range"
"COMPASS:Synoptic","CB","SWH_202308_TR_LYSA_45CM",2023,8,23,"SWH","TR","A",45,NA,NA,"",41.84,3483.47348264091,"IC dups out of range",12.56,1045.7081009075,"",4.924,351.546045820929,"value above cal curve",0.0102,0.7284,"bdl",1.9259,137.4953,"Within_Range",0.3407,11.0003,"Within_Range",0.5588,0.0174,NA,851.7228,24.026,NA,1.5391,301.6379,12.0047,3.9798,"Within Range","Within Range"
"COMPASS:Synoptic","CB","SWH_202308_TR_LYSB_10CM",2023,8,23,"SWH","TR","B",10,NA,NA,"",16.7,1390.39214053784,"IC dups out of range",11.31,941.636832903172,"",1.075,76.7489844146016,"",0.0318,2.2683,"Within_Range",0.3249,23.1986,"Within_Range",0.0096,0.309,"Within_Range",153.5284,4.7888,NA,1556.3624,43.903,NA,2.8124,0,0,0,"bdl","Within Range"
"COMPASS:Synoptic","CB","SWH_202308_TR_LYSB_20CM",2023,8,23,"SWH","TR","B",20,NA,NA,"",45.96,3826.49238198318,"IC dups out of range",17.25,1436.18349845975,"",3.449,246.239299763684,"value above cal curve",0.01,0.7112,"bdl",0.9743,69.5622,"Within_Range",0.0074,0.2398,"bdl",37.9941,1.1851,NA,1233.1688,34.7861,NA,2.2284,58.8942,0.8375,1.422,"Within Range","Within Range"
"COMPASS:Synoptic","CB","SWH_202308_TR_LYSB_45CM",2023,8,23,"SWH","TR","B",45,NA,NA,"",51.44,4282.74082091416,"IC dups out of range",18.1,1506.95196070269,"",5.45,389.099502381003,"value above cal curve",0.007,0.5002,"bdl",0.0141,1.0038,"bdl",0.0201,0.6489,"Within_Range",0.7001,0.0218,NA,873.9571,24.6532,NA,1.5793,234.7902,1.5006,0.6391,"Within Range","Within Range"
"COMPASS:Synoptic","CB","SWH_202308_TR_LYSC_10CM",2023,8,23,"SWH","TR","C",10,NA,NA,"",24.52,2041.46199317293,"IC dups out of range",10.78,897.510615269336,"",0.86,61.3991875316813,"",0.0307,2.1897,"Within_Range",0.0359,2.5628,"Within_Range",0.0062,0.2008,"Within_Range",125.8915,3.9267,NA,1505.8672,42.4786,NA,2.7211,0,0,0,"bdl","Within Range"
"COMPASS:Synoptic","CB","SWH_202308_TR_LYSC_20CM",2023,8,23,"SWH","TR","C",20,NA,NA,"",38.67,3219.54874698193,"IC dups out of range",14.58,1213.8872700025,"",2.165,154.568884890802,"",0.0075,0.5381,"bdl",0.8398,59.9591,"Within_Range",0.0862,2.783,"Within_Range",76.4887,2.3858,NA,1341.2704,37.8356,NA,2.4237,0,0,0,"bdl","Within Range"
"COMPASS:Synoptic","CB","SWH_202308_TR_LYSC_45CM",2023,8,23,"SWH","TR","C",45,NA,NA,"",46.12,3839.81350428774,"IC dups out of range",16.14,1343.7682124719,"",3.342,238.600098524278,"value above cal curve",0.0064,0.4574,"bdl",1.9416,138.6163,"Within_Range",0.2794,9.0221,"Within_Range",2.0707,0.0646,NA,881.3172,24.8609,NA,1.5926,74.8528,4.7387,6.3307,"Within Range","Within Range"
"COMPASS:Synoptic","CB","SWH_202308_UP_LYSA_10CM",2023,8,23,"SWH","UP","A",10,NA,NA,"",4.966,413.4543335276,"IC dups out of range; blank is ≥ 25% of sample value",9.423,784.530846723837,"",0.5419,38.6886275853699,"",0.0099,0.7072,"bdl",0.0254,1.8143,"Within_Range",0.0034,0.1099,"Within_Range",17.779,0.5546,NA,3.5539,0.1003,NA,0.0064,0,0,0,"bdl","Within Range"
"COMPASS:Synoptic","CB","SWH_202308_UP_LYSA_20CM",2023,8,23,"SWH","UP","A",20,NA,NA,"",11.93,993.256181833319,"IC dups out of range; blank is ≥ 25% of sample value",9.206,766.464074598285,"",0.5203,37.1465084566672,"",0.0083,0.5944,"bdl",0.0222,1.5852,"Within_Range",0.0029,0.0929,"bdl",27.645,0.8623,NA,4.2612,0.1202,NA,0.0077,0,0,0,"bdl","Within Range"
"COMPASS:Synoptic","CB","SWH_202308_UP_LYSA_45CM",2023,8,23,"SWH","UP","A",45,NA,NA,"",42.99,3579.2190492049,"IC dups out of range",40.87,3402.71417866955,"",1.285,91.7418092769889,"",0.0048,0.3433,"bdl",0.0907,6.4736,"Within_Range",0.0031,0.0996,"Within_Range",23.2857,0.7263,NA,6.9209,0.1952,NA,0.0125,7.9485,0.4202,5.286,"Within Range","Within Range"
"COMPASS:Synoptic","CB","SWH_202308_UP_LYSB_10CM",2023,8,23,"SWH","UP","B",10,NA,NA,"",NA,NA,NA,30.7,2555.99034218633,"",1.531,109.304832687214,"",0.0111,0.7934,"bdl",0.0258,1.8395,"Within_Range",0.0078,0.2506,"Within_Range",20.6461,0.644,NA,7.3711,0.2079,NA,0.0133,0,0,0,"bdl","Within Range"
"COMPASS:Synoptic","CB","SWH_202308_UP_LYSB_20CM",2023,8,23,"SWH","UP","B",20,NA,NA,"",15.74,1310.46540671052,"IC dups out of range",13.74,1143.95137790359,"",0.7489,53.4672692354373,"",0.0081,0.5789,"bdl",0.0274,1.9558,"Within_Range",0.0043,0.1395,"Within_Range",24.6067,0.7675,NA,62.8251,1.7722,NA,0.1136,0,0,0,"bdl","Within Range"
"COMPASS:Synoptic","CB","SWH_202308_UP_LYSB_45CM",2023,8,23,"SWH","UP","B",45,NA,NA,"",51.41,4280.24311048206,"IC dups out of range",71.58,5959.53709099992,"",2.048,146.215739610329,"",0.0092,0.6595,"bdl",0.088,6.2848,"Within_Range",0.0029,0.0934,"bdl",12.3395,0.3849,NA,58.889,1.6612,NA,0.1064,7.4392,0.9004,12.1027,"Within Range","High CV"
"COMPASS:Synoptic","CB","SWH_202308_UP_LYSC_10CM",2023,8,23,"SWH","UP","C",10,NA,NA,"",NA,NA,NA,NA,NA,NA,NA,NA,NA,0.0109,0.7778,"bdl",0.0889,6.345,"Within_Range",0.0049,0.1569,"Within_Range",28.2645,0.8816,NA,67.7265,1.9105,NA,0.1224,0,0,0,"bdl","Within Range"
"COMPASS:Synoptic","CB","SWH_202308_UP_LYSC_20CM",2023,8,23,"SWH","UP","C",20,NA,NA,"",8.92,742.652568478894,"IC dups out of range; blank is ≥ 25% of sample value",21.37,1779.20239780201,"",0.8887,63.4482069295409,"",0.0089,0.638,"bdl",0.0422,3.0101,"Within_Range",0.0043,0.138,"Within_Range",24.783,0.773,NA,72.6981,2.0507,NA,0.1314,0,0,0,"bdl","Within Range"
"COMPASS:Synoptic","CB","SWH_202308_UP_LYSC_45CM",2023,8,23,"SWH","UP","C",45,NA,NA,"",50.05,4167.01357089335,"IC dups out of range",53.54,4457.58055116144,"",1.525,108.876466262574,"",0.0078,0.5604,"bdl",0.1258,8.9836,"Within_Range",0.0038,0.1235,"Within_Range",5.4538,0.1701,NA,64.4905,1.8192,NA,0.1166,20.356,1.0748,5.2802,"Within Range","Within Range"
"COMPASS:Synoptic","CB","SWH_202308_WC_LYSA_10CM",2023,8,23,"SWH","WC","A",10,NA,NA,"",NA,NA,NA,NA,NA,NA,NA,NA,NA,0.012,0.8603,"bdl",0.0491,3.5059,"Within_Range",0.0434,1.4007,"Within_Range",0,0,NA,1252.1351,35.3212,NA,2.2626,2.9403,0.7803,26.5384,"Within Range","High CV"
"COMPASS:Synoptic","CB","SWH_202308_WC_LYSA_20CM",2023,8,23,"SWH","WC","A",20,NA,NA,"",NA,NA,NA,NA,NA,NA,NA,NA,NA,0.01,0.717,"bdl",0.0295,2.103,"Within_Range",0.0155,0.5002,"Within_Range",0,0,NA,1049.6264,29.6086,NA,1.8967,3.1949,0.06,1.8787,"Within Range","Within Range"
"COMPASS:Synoptic","CB","SWH_202308_WC_LYSA_45CM",2023,8,23,"SWH","WC","A",45,NA,NA,"",NA,NA,NA,NA,NA,NA,NA,NA,NA,0.0135,0.961,"bdl",0.3402,24.2874,"Within_Range",0.4678,15.1018,"Within_Range",0.5745,0.0179,NA,1001.2921,28.2452,NA,1.8094,4.3126,0.3214,7.452,"Within Range","Within Range"
"COMPASS:Synoptic","CB","SWH_202308_WC_LYSB_10CM",2023,8,23,"SWH","WC","B",10,NA,NA,"",NA,NA,NA,10.54,877.528931812505,"",0.553,39.4811054709532,"",0.0028,0.2024,"bdl",0.0321,2.2938,"Within_Range",0.0111,0.3589,"Within_Range",0,0,NA,1523.735,42.9827,NA,2.7534,14.3857,1.0782,7.4949,"Within Range","Within Range"
"COMPASS:Synoptic","CB","SWH_202308_WC_LYSB_20CM",2023,8,23,"SWH","WC","B",20,NA,NA,"",NA,NA,NA,NA,NA,NA,NA,NA,NA,0.0094,0.671,"bdl",0.052,3.7108,"Within_Range",0.0176,0.5683,"Within_Range",0,0,NA,1137.905,32.0989,NA,2.0562,1.1577,0.3001,25.9241,"Within Range","High CV"
"COMPASS:Synoptic","CB","SWH_202308_WC_LYSB_45CM",2023,8,23,"SWH","WC","B",45,NA,NA,"",NA,NA,NA,NA,NA,NA,NA,NA,NA,NA,NA,NA,NA,NA,NA,NA,NA,NA,0,0,NA,966.9851,27.2774,NA,1.7474,0.8606,0,0,"Within Range","Within Range"
"COMPASS:Synoptic","CB","SWH_202308_WC_LYSC_10CM",2023,8,23,"SWH","WC","C",10,NA,NA,"",50.23,4181.99983348597,"IC dups out of range",7.805,649.820997419033,"",0.4812,34.3549872560989,"",0.0056,0.4007,"bdl",0.0585,4.1737,"Within_Range",0.0814,2.6281,"Within_Range",43.1141,1.3448,NA,1615.3209,45.5662,NA,2.9189,100.743,6.5535,6.5051,"adl","Within Range"
"COMPASS:Synoptic","CB","SWH_202308_WC_LYSC_20CM",2023,8,23,"SWH","WC","C",20,NA,NA,"",NA,NA,NA,NA,NA,NA,NA,NA,NA,0.0035,0.249,"bdl",0.022,1.573,"Within_Range",0.01,0.3233,"Within_Range",0,0,NA,1090.0557,30.7491,NA,1.9698,8.3305,0.6738,8.0878,"Within Range","Within Range"
"COMPASS:Synoptic","CB","SWH_202308_WC_LYSC_45CM",2023,8,23,"SWH","WC","C",45,NA,NA,"",63.41,5279.32728332362,"IC dups out of range",7.477,622.512696694697,"",0.3556,25.3878501003091,"",0.0027,0.1943,"bdl",0.0462,3.2989,"Within_Range",0.0614,1.9824,"Within_Range",0,0,NA,963.7434,27.186,NA,1.7415,21.1908,0.4202,1.9828,"Within Range","Within Range"
"COMPASS:Synoptic","CB","GWI_202308_SW_A",2023,8,24,"GWI","SW","A",0,NA,NA,"",22,1831.6543168762,"IC dups out of range",4.45,370.493714095413,"",0.4838,34.540612706776,"",0.015,1.0683,"bdl",0.2545,18.1718,"Within_Range",0.0134,0.4338,"Within_Range",1864.6615,58.1616,NA,13529.2759,381.6439,NA,24.4474,0,0,0,"bdl","Within Range"
"COMPASS:Synoptic","CB","GWI_202308_SW_B",2023,8,24,"GWI","SW","B",0,NA,NA,"",21.62,1800.01665140288,"IC dups out of range",4.093,340.770959953376,"",0.4626,33.027051339716,"",0.0189,1.3494,"bdl",0.3332,23.7854,"Within_Range",0.0149,0.4796,"Within_Range",1867.3566,58.2457,NA,13480.9755,380.2814,NA,24.3601,0,0,0,"bdl","Within Range"
"COMPASS:Synoptic","CB","GWI_202308_SW_C",2023,8,24,"GWI","SW","C",0,NA,NA,"",21.86,1819.99833485971,"IC dups out of range",3.756,312.713346099409,"",0.3789,27.0513397159931,"",0.0155,1.1031,"bdl",0.4436,31.6704,"Within_Range",0.0204,0.6602,"Within_Range",1891.0865,58.9859,NA,13626.7307,384.393,NA,24.6235,0,0,0,"bdl","Within Range"
"COMPASS:Synoptic","CB","GWI_202308_TR_LYSA_10CM",2023,8,24,"GWI","TR","A",10,NA,NA,"",25.84,2151.3612521855,"IC dups out of range",71.02,5912.91316293398,"",2.248,160.494620431651,"",0.0213,1.5194,"bdl",0.4624,33.0129,"Within_Range",0.0038,0.1219,"Within_Range",543.482,16.952,NA,8172.1218,230.5253,NA,14.7671,38.2953,1.6699,4.3606,"Within Range","Within Range"
"COMPASS:Synoptic","CB","GWI_202308_TR_LYSA_20CM",2023,8,24,"GWI","TR","A",20,NA,NA,"",NA,NA,NA,93.4,7776.20514528349,"",2.523,180.128081560967,"",0.0256,1.8291,"Within_Range",0.1305,9.3198,"Within_Range",0.0029,0.0949,"bdl",768.2647,23.9633,NA,9769.0086,275.5715,NA,17.6526,8.1608,0.3061,3.7504,"Within Range","Within Range"
"COMPASS:Synoptic","CB","GWI_202308_TR_LYSA_45CM",2023,8,24,"GWI","TR","A",45,NA,NA,"",NA,NA,NA,NA,NA,NA,NA,NA,NA,NA,NA,NA,NA,NA,NA,NA,NA,NA,832.7813,25.9757,NA,9120.6689,257.2826,NA,16.4811,0,0,0,"bdl","Within Range"
"COMPASS:Synoptic","CB","GWI_202308_TR_LYSB_10CM",2023,8,24,"GWI","TR","B",10,NA,NA,"",4.647,386.895345932895,"IC dups out of range; blank is ≥ 25% of sample value",37.51,3122.97061027392,"",1.293,92.3129645098417,"",0.0201,1.4323,"bdl",0.129,9.2127,"Within_Range",0.0026,0.0825,"bdl",1006.7959,31.4035,NA,7741.7928,218.3863,NA,13.9894,0,0,0,"bdl","Within Range"
"COMPASS:Synoptic","CB","GWI_202308_TR_LYSB_20CM",2023,8,24,"GWI","TR","B",20,NA,NA,"",NA,NA,NA,78.52,6537.34077095995,"",2.897,206.829588696838,"",0.0261,1.8602,"Within_Range",0.3954,28.2308,"Within_Range",0.005,0.1629,"Within_Range",463.7718,14.4657,NA,9057.6019,255.5036,NA,16.3671,353.2768,28.8903,8.1778,"Within Range","Within Range"
"COMPASS:Synoptic","CB","GWI_202308_TR_LYSB_45CM",2023,8,24,"GWI","TR","B",45,NA,NA,"",NA,NA,NA,35.5,2955.62401132295,"",1.231,87.8865114552322,"",0.0225,1.6045,"bdl",0.5157,36.8175,"Within_Range",0.0042,0.1351,"Within_Range",1004.2827,31.3251,NA,8516.9094,240.2513,NA,15.3901,32.6079,2.8141,8.63,"Within Range","Within Range"
"COMPASS:Synoptic","CB","GWI_202308_TR_LYSC_10CM",2023,8,24,"GWI","TR","C",10,NA,NA,"",NA,NA,NA,43.33,3607.52643410207,"",1.629,116.301484289661,"",0.0304,2.1685,"Within_Range",0.1845,13.1748,"Within_Range",0.0051,0.1635,"Within_Range",1119.1039,34.9065,NA,7253.3077,204.6067,NA,13.1068,0,0,0,"bdl","Within Range"
"COMPASS:Synoptic","CB","GWI_202308_TR_LYSC_20CM",2023,8,24,"GWI","TR","C",20,NA,NA,"",22.72,1891.59936724669,"IC dups out of range",39.32,3273.66580634418,"",1.311,93.5980637837606,"",0.0225,1.6096,"bdl",0.2176,15.5386,"Within_Range",0.0024,0.0769,"bdl",892.721,27.8453,NA,8024.7337,226.3677,NA,14.5007,35.0413,3.0516,8.7085,"Within Range","Within Range"
"COMPASS:Synoptic","CB","GWI_202308_TR_LYSC_45CM",2023,8,24,"GWI","TR","C",45,NA,NA,"",NA,NA,NA,NA,NA,NA,NA,NA,NA,0.0245,1.7462,"bdl",1.0867,77.5832,"Within_Range",0.0119,0.3829,"Within_Range",1093.3388,34.1029,NA,8828.0445,249.0281,NA,15.9523,0,0,0,"bdl","Within Range"
"COMPASS:Synoptic","CB","GWI_202308_UP_LYSA_20CM",2023,8,24,"GWI","UP","A",20,NA,NA,"",13.12,1092.33202897344,"IC dups out of range; blank is ≥ 25% of sample value",28.93,2408.6254266922,"",0.8969,64.033641043215,"",0.0173,1.2371,"bdl",0.3805,27.1644,"Within_Range",0.0072,0.2339,"Within_Range",720.3238,22.468,NA,5327.2995,150.2764,NA,9.6265,0,0,0,"bdl","Within Range"
"COMPASS:Synoptic","CB","GWI_202308_UP_LYSA_45CM",2023,8,24,"GWI","UP","A",45,NA,NA,"",NA,NA,NA,18.01,1499.45882940638,"",0.713,50.9042101280102,"",0.0165,1.1749,"bdl",0.2462,17.5762,"Within_Range",0.0076,0.2465,"Within_Range",603.085,18.8111,NA,4866.6646,137.2825,NA,8.7941,0,0,0,"bdl","Within Range"
"COMPASS:Synoptic","CB","GWI_202308_UP_LYSB_10CM",2023,8,24,"GWI","UP","B",10,NA,NA,"",4.044,336.691366247606,"IC dups out of range; blank is ≥ 25% of sample value",28.75,2393.63916409958,"",0.9153,65.3472980787766,"",0.0168,1.2008,"bdl",0.0563,4.0216,"Within_Range",0.0445,1.4379,"Within_Range",307.8231,9.6015,NA,2528.6263,71.3294,NA,4.5693,0,0,0,"bdl","Within Range"
"COMPASS:Synoptic","CB","GWI_202308_UP_LYSB_20CM",2023,8,24,"GWI","UP","B",20,NA,NA,"",14.01,1166.43077179252,"IC dups out of range",53.86,4484.22279577054,"",1.443,103.022125125833,"",0.0318,2.2684,"Within_Range",0.2523,18.01,"Within_Range",0.0073,0.235,"Within_Range",417.3385,13.0174,NA,3205.2919,90.4173,NA,5.792,10.9337,0.8587,7.8537,"Within Range","Within Range"
"COMPASS:Synoptic","CB","GWI_202308_UP_LYSC_10CM",2023,8,24,"GWI","UP","C",10,NA,NA,"",8.357,695.778869369744,"IC dups out of range; blank is ≥ 25% of sample value",48.74,4057.94688202481,"",1.473,105.163957249031,"",0.0201,1.435,"bdl",0.5722,40.8507,"Within_Range",0.0166,0.5349,"Within_Range",718.4591,22.4098,NA,5322.6621,150.1456,NA,9.6181,0,0,0,"bdl","Within Range"
"COMPASS:Synoptic","CB","GWI_202308_UP_LYSC_20CM",2023,8,24,"GWI","UP","C",20,NA,NA,"",15.61,1299.64199483807,"IC dups out of range",115.8,9641.16226792107,"value above cal curve",3.056,218.181298949788,"value above cal curve",0.0252,1.8011,"Within_Range",0.3802,27.1417,"Within_Range",0.0184,0.5939,"Within_Range",457.4127,14.2674,NA,3807.7026,107.4105,NA,6.8805,0.521,0,0,"Within Range","Within Range"
"COMPASS:Synoptic","CB","GWI_202308_WC_LYSA_10CM",2023,8,24,"GWI","WC","A",10,NA,NA,"",5.01,417.117642161352,"IC dups out of range; blank is ≥ 25% of sample value",18.62,1550.24560819249,"",1.103,78.7480277295866,"",0.0177,1.2625,"bdl",0.7621,54.4106,"Within_Range",0.0047,0.1516,"Within_Range",2718.7356,84.8015,NA,11504.4834,324.527,NA,20.7886,0,0,0,"bdl","Within Range"
"COMPASS:Synoptic","CB","GWI_202308_WC_LYSA_20CM",2023,8,24,"GWI","WC","A",20,NA,NA,"",NA,NA,NA,63.09,5252.68503871451,"",2.361,168.562188095697,"",0.024,1.7145,"bdl",0.51,36.4087,"Within_Range",0.0049,0.1584,"Within_Range",945.2254,29.483,NA,10942.6965,308.6797,NA,19.7735,4.6521,0.3534,7.5967,"Within Range","Within Range"
"COMPASS:Synoptic","CB","GWI_202308_WC_LYSA_45CM",2023,8,24,"GWI","WC","A",45,NA,NA,"",57.25,4766.46407459829,"IC dups out of range",40.06,3335.27599700275,"",1.654,118.086344392327,"",0.0243,1.7331,"bdl",0.6392,45.6372,"Within_Range",0.0039,0.1256,"Within_Range",1252.6509,39.0721,NA,10793.0786,304.4592,NA,19.5031,3.5769,0.2941,8.2208,"Within Range","Within Range"
"COMPASS:Synoptic","CB","GWI_202308_WC_LYSB_10CM",2023,8,24,"GWI","WC","B",10,NA,NA,"",9.161,762.717508950129,"IC dups out of range; blank is ≥ 25% of sample value",23.4,1948.21413704105,"",1.282,91.527626064669,"",0.0225,1.6062,"bdl",0.4326,30.885,"Within_Range",0.0034,0.1102,"Within_Range",2326.4733,72.5662,NA,11959.0176,337.3489,NA,21.61,0,0,0,"bdl","Within Range"
"COMPASS:Synoptic","CB","GWI_202308_WC_LYSB_20CM",2023,8,24,"GWI","WC","B",20,NA,NA,"",41.34,3441.84497543918,"IC dups out of range",46.6,3879.7768712014,"",1.923,137.291439097004,"",0.0231,1.6489,"bdl",0.5441,38.8456,"Within_Range",0.0037,0.1183,"Within_Range",1279.3425,39.9046,NA,11689.5061,329.7463,NA,21.123,0.4786,0.06,12.5418,"Within Range","High CV"
"COMPASS:Synoptic","CB","GWI_202308_WC_LYSB_45CM",2023,8,24,"GWI","WC","B",45,NA,NA,"",44.54,3708.26742153026,"IC dups out of range",60.83,5064.52418616268,"",2.111,150.713587069046,"",0.0263,1.8745,"Within_Range",0.4678,33.4014,"Within_Range",0.0036,0.1164,"Within_Range",1476.8948,46.0666,NA,11903.274,335.7764,NA,21.5092,0.7757,0,0,"Within Range","Within Range"
"COMPASS:Synoptic","CB","GWI_202308_WC_LYSC_10CM",2023,8,24,"GWI","WC","C",10,NA,NA,"",29.5,2456.08192490217,"IC dups out of range",32.01,2665.05703105487,"",1.457,104.021646783325,"",0.0206,1.4684,"bdl",0.5371,38.3445,"Within_Range",0.0034,0.1103,"Within_Range",1402.0502,43.7321,NA,12627.7278,356.2123,NA,22.8183,0,0,0,"bdl","Within Range"
"COMPASS:Synoptic","CB","GWI_202308_WC_LYSC_20CM",2023,8,24,"GWI","WC","C",20,NA,NA,"",NA,NA,NA,64.04,5331.7792023978,"",2.267,161.851114109676,"",0.0274,1.9587,"Within_Range",0.5251,37.4913,"Within_Range",0.0032,0.1021,"Within_Range",1017.4247,31.735,NA,11857.2876,334.4792,NA,21.4261,0.7332,0.06,8.186,"Within Range","Within Range"
"COMPASS:Synoptic","CB","GCW_202309_SW_A",2023,9,12,"GCW","SW","A",0,NA,NA,"",29.21,2431.93739072517,"",NA,NA,NA,NA,NA,NA,0,0,"bdl",0.1969,14.0586,"Within_Range",0.0978,3.1562,"Within_Range",823.9085,25.699,NA,6275.9806,177.0375,NA,11.3407,0,0,0,"bdl","Within Range"
"COMPASS:Synoptic","CB","GCW_202309_SW_B",2023,9,12,"GCW","SW","B",0,NA,NA,"",29.74,2476.063608359,"",NA,NA,NA,NA,NA,NA,0,0,"bdl",0.1758,12.5489,"Within_Range",0.0086,0.2789,"bdl",809.5272,25.2504,NA,6202.5891,174.9673,NA,11.2081,0,0,0,"bdl","Within Range"
"COMPASS:Synoptic","CB","GCW_202309_SW_C",2023,9,12,"GCW","SW","C",0,NA,NA,"",28.87,2403.63000582799,"",NA,NA,NA,NA,NA,NA,0,0,"bdl",0.2839,20.2714,"Within_Range",0.2345,7.5709,"Within_Range",811.2022,25.3026,NA,6193.2976,174.7052,NA,11.1913,0,0,0,"bdl","Within Range"
"COMPASS:Synoptic","CB","GCW_202309_TR_LYSA_20CM",2023,9,12,"GCW","TR","A",20,NA,NA,"",NA,NA,NA,NA,NA,NA,NA,NA,NA,0,0,"bdl",0.1141,8.1439,"Within_Range",0.0041,0.1337,"Within_Range",8.3848,0.2615,NA,63.3731,1.7877,NA,0.1145,0,0,0,"bdl","Within Range"
"COMPASS:Synoptic","CB","GCW_202309_TR_LYSA_45CM",2023,9,12,"GCW","TR","A",45,NA,NA,"",46.14,3841.47864457581,"",NA,NA,NA,NA,NA,NA,0,0,"bdl",0.1434,10.2366,"Within_Range",0.0039,0.1265,"Within_Range",16.1585,0.504,NA,59.89,1.6894,NA,0.1082,0,0,0,"bdl","Within Range"
"COMPASS:Synoptic","CB","GCW_202309_TR_LYSB_10CM",2023,9,12,"GCW","TR","B",10,NA,NA,"",9.519,792.523520106569,"",NA,NA,NA,NA,NA,NA,0,0,"bdl",0.2173,15.5119,"Within_Range",0.0062,0.1992,"Within_Range",50.1758,1.5651,NA,201.0964,5.6727,NA,0.3634,0,0,0,"bdl","Within Range"
"COMPASS:Synoptic","CB","GCW_202309_TR_LYSB_20CM",2023,9,12,"GCW","TR","B",20,NA,NA,"",21.25,1769.2115560736,"",NA,NA,NA,NA,NA,NA,0,0,"bdl",1.8236,130.1945,"Within_Range",0.0041,0.131,"Within_Range",25.692,0.8014,NA,267.8079,7.5545,NA,0.484,0,0,0,"bdl","Within Range"
"COMPASS:Synoptic","CB","GCW_202309_TR_LYSB_45CM",2023,9,12,"GCW","TR","B",45,NA,NA,"",NA,NA,NA,NA,NA,NA,NA,NA,NA,0,0,"bdl",0.2682,19.1462,"Within_Range",0.0051,0.1644,"Within_Range",11.4937,0.3585,NA,181.1123,5.109,NA,0.3273,0,0,0,"bdl","Within Range"
"COMPASS:Synoptic","CB","GCW_202309_TR_LYSC_10CM",2023,9,12,"GCW","TR","C",10,NA,NA,"",NA,NA,NA,NA,NA,NA,NA,NA,NA,0,0,"bdl",0.0373,2.6642,"Within_Range",0.0061,0.1965,"Within_Range",31.9036,0.9951,NA,90.9168,2.5646,NA,0.1643,0,0,0,"bdl","Within Range"
"COMPASS:Synoptic","CB","GCW_202309_TR_LYSC_20CM",2023,9,12,"GCW","TR","C",20,NA,NA,"",NA,NA,NA,NA,NA,NA,NA,NA,NA,0,0,"bdl",0.7363,52.5665,"Within_Range",0.0382,1.2332,"Within_Range",25.9022,0.8079,NA,84.1103,2.3726,NA,0.152,0,0,0,"bdl","Within Range"
"COMPASS:Synoptic","CB","GCW_202309_TR_LYSC_45CM",2023,9,12,"GCW","TR","C",45,NA,NA,"",NA,NA,NA,NA,NA,NA,NA,NA,NA,0,0,"bdl",0.2075,14.8155,"Within_Range",0.0033,0.1056,"Within_Range",14.8381,0.4628,NA,134.2325,3.7865,NA,0.2426,0.5542,0.1262,22.7719,"Within Range","High CV"
"COMPASS:Synoptic","CB","GCW_202309_UP_LYSA_20CM",2023,9,12,"GCW","UP","A",20,NA,NA,"",NA,NA,NA,NA,NA,NA,NA,NA,NA,NA,NA,NA,NA,NA,NA,NA,NA,NA,7.4516,0.2324,NA,3.3628,0.0949,NA,0.0061,0,0,0,"bdl","Within Range"
"COMPASS:Synoptic","CB","GCW_202309_WC_LYSA_10CM",2023,9,12,"GCW","WC","A",10,NA,NA,"",114.7,9549.57955207726,"",NA,NA,NA,NA,NA,NA,0,0,"bdl",0.414,29.5554,"Within_Range",0.1667,5.3822,"Within_Range",593.4642,18.511,NA,6978.7764,196.8625,NA,12.6107,1720.126,149.2599,8.6773,"Within Range","Within Range"
"COMPASS:Synoptic","CB","GCW_202309_WC_LYSA_20CM",2023,9,12,"GCW","WC","A",20,NA,NA,"",157.8,13137.9568728665,"",NA,NA,NA,NA,NA,NA,0.0038,0.2702,"bdl",0.6495,46.3717,"Within_Range",0.1126,3.6352,"Within_Range",304.1532,9.487,NA,6569.5026,185.3174,NA,11.8711,2387.7107,131.4669,5.506,"Within Range","Within Range"
"COMPASS:Synoptic","CB","GCW_202309_WC_LYSA_45CM",2023,9,12,"GCW","WC","A",45,NA,NA,"",163,13570.8933477645,"",NA,NA,NA,NA,NA,NA,0,0,"bdl",1.5932,113.7491,"Within_Range",0.1908,6.1606,"Within_Range",228.8569,7.1384,NA,5506.8946,155.3426,NA,9.951,2570.6582,198.7779,7.7326,"adl","Within Range"
"COMPASS:Synoptic","CB","GCW_202309_WC_LYSB_10CM",2023,9,12,"GCW","WC","B",10,NA,NA,"",171.5,14278.577970194,"",NA,NA,NA,NA,NA,NA,0,0,"bdl",1.924,137.3642,"Within_Range",0.1976,6.3796,"Within_Range",293.2979,9.1484,NA,6840.1267,192.9514,NA,12.3601,2472.7392,189.0687,7.6461,"adl","Within Range"
"COMPASS:Synoptic","CB","GCW_202309_WC_LYSB_20CM",2023,9,12,"GCW","WC","B",20,NA,NA,"",175.6,14619.9317292482,"",NA,NA,NA,NA,NA,NA,0.0126,0.8967,"bdl",1.017,72.6071,"Within_Range",0.1452,4.6893,"Within_Range",134.6521,4.2,NA,6335.1128,178.7056,NA,11.4476,2592.721,208.0965,8.0262,"adl","Within Range"
"COMPASS:Synoptic","CB","GCW_202309_WC_LYSB_45CM",2023,9,12,"GCW","WC","B",45,NA,NA,"",150.4,12521.8549662809,"",NA,NA,NA,NA,NA,NA,0,0,"bdl",1.4563,103.9682,"Within_Range",0.3194,10.3108,"Within_Range",216.1628,6.7424,NA,5345.4178,150.7875,NA,9.6592,2161.8772,96.3969,4.4589,"Within Range","Within Range"
"COMPASS:Synoptic","CB","GCW_202309_WC_LYSC_10CM",2023,9,12,"GCW","WC","C",10,NA,NA,"",101,8408.95845474981,"",NA,NA,NA,NA,NA,NA,0,0,"bdl",0.4427,31.6028,"Within_Range",0.1772,5.7199,"Within_Range",664.8657,20.7382,NA,7607.9703,214.6113,NA,13.7476,1818.2929,158.0568,8.6926,"Within Range","Within Range"
"COMPASS:Synoptic","CB","GCW_202309_WC_LYSC_20CM",2023,9,12,"GCW","WC","C",20,NA,NA,"",79.68,6633.91890766797,"",NA,NA,NA,NA,NA,NA,0,0,"bdl",0.3093,22.0834,"Within_Range",0.1388,4.4813,"Within_Range",681.8377,21.2676,NA,6694.3581,188.8394,NA,12.0967,1519.8258,23.1382,1.5224,"Within Range","Within Range"
"COMPASS:Synoptic","CB","GCW_202309_WC_LYSC_45CM",2023,9,12,"GCW","WC","C",45,NA,NA,"",98.38,8190.82507701274,"",NA,NA,NA,NA,NA,NA,0,0,"bdl",0.4187,29.8942,"Within_Range",0.1428,4.6095,"Within_Range",489.5922,15.2711,NA,5600.9372,157.9954,NA,10.1209,1810.3602,118.6396,6.5534,"Within Range","Within Range"
"COMPASS:Synoptic","CB","MSM_202309_SW_A",2023,9,14,"MSM","SW","A",0,NA,NA,"",23.02,1916.57647156773,"",NA,NA,NA,NA,NA,NA,0,0,"bdl",0.5285,37.735,"Within_Range",0.0037,0.119,"Within_Range",1201.1444,37.4655,NA,8723.1382,246.0688,NA,15.7627,0,0,0,"bdl","Within Range"
"COMPASS:Synoptic","CB","MSM_202309_SW_B",2023,9,14,"MSM","SW","B",0,NA,NA,"",22.66,1886.60394638248,"",NA,NA,NA,NA,NA,NA,0,0,"bdl",0.0858,6.1286,"Within_Range",0.003,0.098,"Within_Range",1200.8849,37.4574,NA,8726.424,246.1615,NA,15.7687,0,0,0,"bdl","Within Range"
"COMPASS:Synoptic","CB","MSM_202309_SW_C",2023,9,14,"MSM","SW","C",0,NA,NA,"",22.48,1871.61768378986,"",NA,NA,NA,NA,NA,NA,0,0,"bdl",0.2124,15.1617,"Within_Range",0.0037,0.1206,"Within_Range",1205.7288,37.6085,NA,8752.5005,246.8971,NA,15.8158,0,0,0,"bdl","Within Range"
"COMPASS:Synoptic","CB","MSM_202309_TR_LYSA_10CM",2023,9,14,"MSM","TR","A",10,NA,NA,"",24.06,2003.16376654733,"",NA,NA,NA,NA,NA,NA,0,0,"bdl",1.5821,112.9499,"Within_Range",0.0116,0.3735,"Within_Range",811.9736,25.3267,NA,7726.724,217.9612,NA,13.9622,0,0,0,"bdl","Within Range"
"COMPASS:Synoptic","CB","MSM_202309_TR_LYSA_20CM",2023,9,14,"MSM","TR","A",20,NA,NA,"",42.36,3526.76713013071,"",NA,NA,NA,NA,NA,NA,0,0,"bdl",2.3532,168.0075,"Within_Range",0.0101,0.3267,"Within_Range",601.936,18.7753,NA,4773.2003,134.646,NA,8.6252,4.0149,0.3778,9.4112,"Within Range","Within Range"
"COMPASS:Synoptic","CB","MSM_202309_TR_LYSA_45CM",2023,9,14,"MSM","TR","A",45,NA,NA,"",NA,NA,NA,NA,NA,NA,NA,NA,NA,0,0,"bdl",1.4248,101.7242,"Within_Range",0.0162,0.5226,"Within_Range",503.5731,15.7072,NA,3988.6796,112.5156,NA,7.2076,0,0,0,"bdl","Within Range"
"COMPASS:Synoptic","CB","MSM_202309_TR_LYSB_10CM",2023,9,14,"MSM","TR","B",10,NA,NA,"",41,3413.537590542,"",NA,NA,NA,NA,NA,NA,0,0,"bdl",0.032,2.2868,"bdl",0.01,0.3234,"Within_Range",675.2835,21.0631,NA,6882.4336,194.1448,NA,12.4366,0,0,0,"bdl","Within Range"
"COMPASS:Synoptic","CB","MSM_202309_TR_LYSB_20CM",2023,9,14,"MSM","TR","B",20,NA,NA,"",57.43,4781.45033719091,"",NA,NA,NA,NA,NA,NA,0,0,"bdl",0.0351,2.5068,"bdl",0.0094,0.3025,"Within_Range",356.4543,11.1183,NA,6096.5688,171.9766,NA,11.0165,0,0,0,"bdl","Within Range"
"COMPASS:Synoptic","CB","MSM_202309_TR_LYSB_45CM",2023,9,14,"MSM","TR","B",45,NA,NA,"",52.82,4397.63550079094,"",NA,NA,NA,NA,NA,NA,0,0,"bdl",2.0371,145.4363,"adl",0.0109,0.351,"Within_Range",296.1888,9.2386,NA,4609.6755,130.0332,NA,8.3297,0,0,0,"bdl","Within Range"
"COMPASS:Synoptic","CB","MSM_202309_TR_LYSC_10CM",2023,9,14,"MSM","TR","C",10,NA,NA,"",NA,NA,NA,NA,NA,NA,NA,NA,NA,0,0,"bdl",2.4214,172.8737,"Within_Range",0.005,0.1622,"Within_Range",787.4267,24.561,NA,8146.2198,229.7946,NA,14.7202,0.8517,0.2103,24.6972,"Within Range","High CV"
"COMPASS:Synoptic","CB","MSM_202309_TR_LYSC_20CM",2023,9,14,"MSM","TR","C",20,NA,NA,"",43.03,3582.54932978103,"",NA,NA,NA,NA,NA,NA,0,0,"bdl",1.9544,139.5338,"Within_Range",0.006,0.1934,"Within_Range",455.304,14.2016,NA,6005.5097,169.4079,NA,10.852,20.7925,0.6553,3.1518,"Within Range","Within Range"
"COMPASS:Synoptic","CB","MSM_202309_TR_LYSC_45CM",2023,9,14,"MSM","TR","C",45,NA,NA,"",NA,NA,NA,NA,NA,NA,NA,NA,NA,0,0,"bdl",2.2262,158.9349,"Within_Range",0.017,0.5499,"Within_Range",559.1838,17.4418,NA,4976.6902,140.3862,NA,8.9929,0,0,0,"bdl","Within Range"
"COMPASS:Synoptic","CB","MSM_202309_UP_LYSA_45CM",2023,9,14,"MSM","UP","A",45,NA,NA,"",NA,NA,NA,NA,NA,NA,NA,NA,NA,NA,NA,NA,NA,NA,NA,NA,NA,NA,138.162,4.3095,NA,1970.2394,55.578,NA,3.5602,0,0,0,"bdl","Within Range"
"COMPASS:Synoptic","CB","MSM_202309_UP_LYSB_10CM",2023,9,14,"MSM","UP","B",10,NA,NA,"",NA,NA,NA,NA,NA,NA,NA,NA,NA,0,0,"bdl",0.0402,2.8715,"Within_Range",NA,NA,"c(""adl"", ""Within_Range"")",63.7281,1.9878,NA,540.6394,15.2508,NA,0.977,0,0,0,"bdl","Within Range"
"COMPASS:Synoptic","CB","MSM_202309_UP_LYSB_45CM",2023,9,14,"MSM","UP","B",45,NA,NA,"",NA,NA,NA,NA,NA,NA,NA,NA,NA,0,0,"bdl",0.7623,54.4206,"Within_Range",0.0045,0.1453,"Within_Range",166.5854,5.1961,NA,1585.3749,44.7214,NA,2.8648,0,0,0,"bdl","Within Range"
"COMPASS:Synoptic","CB","MSM_202309_UP_LYSC_10CM",2023,9,14,"MSM","UP","C",10,NA,NA,"",6.426,535.009574556656,"blank is ≥ 25% of sample value",NA,NA,NA,NA,NA,NA,0,0,"bdl",0.0406,2.8975,"Within_Range",0.0075,0.241,"Within_Range",104.7758,3.2681,NA,734.3999,20.7165,NA,1.3271,0,0,0,"bdl","Within Range"
"COMPASS:Synoptic","CB","MSM_202309_UP_LYSC_20CM",2023,9,14,"MSM","UP","C",20,NA,NA,"",8.023,667.971026558988,"",NA,NA,NA,NA,NA,NA,0,0,"bdl",0.248,17.7039,"Within_Range",0.0043,0.1388,"Within_Range",129.6157,4.0429,NA,961.5,27.1227,NA,1.7375,0,0,0,"bdl","Within Range"
"COMPASS:Synoptic","CB","MSM_202309_UP_LYSC_45CM",2023,9,14,"MSM","UP","C",45,NA,NA,"",NA,NA,NA,NA,NA,NA,NA,NA,NA,NA,NA,NA,NA,NA,NA,NA,NA,NA,136.9984,4.2732,NA,1759.7866,49.6414,NA,3.18,0,0,0,"bdl","Within Range"
"COMPASS:Synoptic","CB","MSM_202309_WC_LYSA_10CM",2023,9,14,"MSM","WC","A",10,NA,NA,"",51.53,4290.23395221047,"",NA,NA,NA,NA,NA,NA,0,0,"bdl",0.3235,23.0993,"Within_Range",0.0324,1.0446,"Within_Range",1100.5264,34.3271,NA,9005.0876,254.0222,NA,16.2722,521.7952,8.4139,1.6125,"Within Range","Within Range"
"COMPASS:Synoptic","CB","MSM_202309_WC_LYSA_20CM",2023,9,14,"MSM","WC","A",20,NA,NA,"",70.01,5828.82357838648,"",NA,NA,NA,NA,NA,NA,0,0,"bdl",0.6526,46.5946,"Within_Range",0.0291,0.9388,"Within_Range",1024.3616,31.9514,NA,9222.2252,260.1474,NA,16.6646,1121.7043,87.7091,7.8193,"Within Range","Within Range"
"COMPASS:Synoptic","CB","MSM_202309_WC_LYSA_45CM",2023,9,14,"MSM","WC","A",45,NA,NA,"",NA,NA,NA,NA,NA,NA,NA,NA,NA,0,0,"bdl",0.2334,16.6607,"Within_Range",0.0055,0.1791,"Within_Range",32.0042,0.9983,NA,8272.0363,233.3438,NA,14.9476,0,0,0,"bdl","Within Range"
"COMPASS:Synoptic","CB","MSM_202309_WC_LYSB_10CM",2023,9,14,"MSM","WC","B",10,NA,NA,"",159.8,13304.4709016735,"",NA,NA,NA,NA,NA,NA,0,0,"bdl",0.2801,19.9989,"Within_Range",0.0412,1.3309,"Within_Range",685.5478,21.3833,NA,9424.2428,265.8461,NA,17.0296,1883.2417,149.5117,7.9391,"Within Range","Within Range"
"COMPASS:Synoptic","CB","MSM_202309_WC_LYSB_20CM",2023,9,14,"MSM","WC","B",20,NA,NA,"",142.4,11855.7988510532,"",NA,NA,NA,NA,NA,NA,0,0,"bdl",0.6737,48.0956,"Within_Range",0.0444,1.432,"Within_Range",728.9486,22.737,NA,9246.8867,260.8431,NA,16.7092,1728.0587,113.5874,6.5731,"Within Range","Within Range"
"COMPASS:Synoptic","CB","MSM_202309_WC_LYSB_45CM",2023,9,14,"MSM","WC","B",45,NA,NA,"",NA,NA,NA,NA,NA,NA,NA,NA,NA,NA,NA,NA,NA,NA,NA,NA,NA,NA,140.9858,4.3976,NA,8449.8905,238.3608,NA,15.269,1.0004,0.0595,5.9469,"Within Range","Within Range"
"COMPASS:Synoptic","CB","MSM_202309_WC_LYSC_10CM",2023,9,14,"MSM","WC","C",10,NA,NA,"",153.2,12754.9746066106,"",NA,NA,NA,NA,NA,NA,0,0,"bdl",0.0319,2.2782,"bdl",0.0688,2.2222,"Within_Range",715.4543,22.3161,NA,9437.8836,266.2308,NA,17.0543,2403.824,159.686,6.643,"Within Range","Within Range"
"COMPASS:Synoptic","CB","MSM_202309_WC_LYSC_20CM",2023,9,14,"MSM","WC","C",20,NA,NA,"",138.2,11506.1193905587,"",NA,NA,NA,NA,NA,NA,0,0,"bdl",2.0771,148.2965,"Within_Range",0.0683,2.2046,"Within_Range",456.3583,14.2345,NA,8437.5841,238.0137,NA,15.2467,2026.5258,80.2127,3.9581,"Within Range","Within Range"
"COMPASS:Synoptic","CB","MSM_202309_WC_LYSC_45CM",2023,9,14,"MSM","WC","C",45,NA,NA,"",NA,NA,NA,NA,NA,NA,NA,NA,NA,0,0,"bdl",1.6515,117.9063,"Within_Range",0.0055,0.178,"Within_Range",52.0456,1.6234,NA,7008.8131,197.7098,NA,12.665,0,0,0,"bdl","Within Range"
"COMPASS:Synoptic","CB","SWH_202309_SW_A",2023,9,20,"SWH","SW","A",0,NA,NA,"",12.68,1055.69894263592,"",NA,NA,NA,NA,NA,NA,0.0021,0.153,"bdl",0.0401,2.8651,"Within_Range",0.0103,0.3318,"Within_Range",324.7311,10.1289,NA,2401.3178,67.7382,NA,4.3392,0,0,0,"bdl","Within Range"
"COMPASS:Synoptic","CB","SWH_202309_SW_B",2023,9,20,"SWH","SW","B",0,NA,NA,"",12.08,1005.74473399384,"",NA,NA,NA,NA,NA,NA,0,0,"bdl",0.0314,2.2443,"Within_Range",0.009,0.2896,"Within_Range",324.6682,10.1269,NA,2392.1945,67.4808,NA,4.3227,0,0,0,"bdl","Within Range"
"COMPASS:Synoptic","CB","SWH_202309_SW_C",2023,9,20,"SWH","SW","C",0,NA,NA,"",12.06,1004.07959370577,"",NA,NA,NA,NA,NA,NA,0,0,"bdl",0.0599,4.2731,"Within_Range",0.0057,0.1851,"Within_Range",324.2186,10.1129,NA,2396.5013,67.6023,NA,4.3305,0,0,0,"bdl","Within Range"
"COMPASS:Synoptic","CB","SWH_202309_SWAMP_LYSA_10CM",2023,9,20,"SWH","SWAMP","A",10,NA,NA,"",20.22,1683.45683123803,"",NA,NA,NA,NA,NA,NA,0.013,0.9286,"bdl",0.3656,26.105,"Within_Range",0.0049,0.1597,"Within_Range",115.1014,3.5902,NA,969.4154,27.346,NA,1.7518,0,0,0,"bdl","Within Range"
"COMPASS:Synoptic","CB","SWH_202309_SWAMP_LYSA_20CM",2023,9,20,"SWH","SWAMP","A",20,NA,NA,"",24.08,2004.8289068354,"",NA,NA,NA,NA,NA,NA,0.0019,0.1347,"bdl",0.7726,55.1574,"Within_Range",0.0079,0.2541,"Within_Range",66.5222,2.0749,NA,736.2646,20.7691,NA,1.3305,4.7189,0.0421,0.8915,"Within Range","Within Range"
"COMPASS:Synoptic","CB","SWH_202309_SWAMP_LYSA_45CM",2023,9,20,"SWH","SWAMP","A",45,NA,NA,"",33.51,2789.94255266006,"",NA,NA,NA,NA,NA,NA,0.0037,0.2668,"bdl",1.2504,89.2728,"Within_Range",0.006,0.1944,"Within_Range",7.1839,0.2241,NA,227.6073,6.4205,NA,0.4113,5.6113,0.631,11.2459,"Within Range","High CV"
"COMPASS:Synoptic","CB","SWH_202309_SWAMP_LYSB_10CM",2023,9,20,"SWH","SWAMP","B",10,NA,NA,"",16.61,1382.89900924153,"",NA,NA,NA,NA,NA,NA,0.0119,0.8521,"bdl",0.326,23.2738,"Within_Range",0.0035,0.114,"Within_Range",90.8451,2.8336,NA,932.8824,26.3154,NA,1.6857,0,0,0,"bdl","Within Range"
"COMPASS:Synoptic","CB","SWH_202309_SWAMP_LYSB_20CM",2023,9,20,"SWH","SWAMP","B",20,NA,NA,"",29.57,2461.90991591042,"",NA,NA,NA,NA,NA,NA,0.0021,0.1498,"bdl",1.0998,78.5228,"Within_Range",0.0172,0.5554,"Within_Range",145.5849,4.541,NA,487.9044,13.7632,NA,0.8817,2.6961,0.1262,4.6812,"Within Range","Within Range"
"COMPASS:Synoptic","CB","SWH_202309_SWAMP_LYSB_45CM",2023,9,20,"SWH","SWAMP","B",45,NA,NA,"",29.69,2471.90075763883,"",NA,NA,NA,NA,NA,NA,0.0029,0.2043,"bdl",0.6382,45.5613,"Within_Range",0.0152,0.4892,"Within_Range",4.0573,0.1266,NA,97.4005,2.7475,NA,0.176,0.703,0.4207,59.8455,"Within Range","High CV"
"COMPASS:Synoptic","CB","SWH_202309_SWAMP_LYSC_10CM",2023,9,20,"SWH","SWAMP","C",10,NA,NA,"",4.538,377.820331362917,"blank is ≥ 25% of sample value",NA,NA,NA,NA,NA,NA,0.0294,2.0959,"Within_Range",0.0642,4.5824,"Within_Range",0.0043,0.1372,"Within_Range",137.3027,4.2827,NA,927.1675,26.1542,NA,1.6754,0,0,0,"bdl","Within Range"
"COMPASS:Synoptic","CB","SWH_202309_SWAMP_LYSC_20CM",2023,9,20,"SWH","SWAMP","C",20,NA,NA,"",16.2,1348.76363333611,"",NA,NA,NA,NA,NA,NA,0.0032,0.2295,"bdl",1.069,76.3208,"Within_Range",0.0032,0.1038,"Within_Range",96.2032,3.0007,NA,807.5429,22.7798,NA,1.4593,0,0,0,"bdl","Within Range"
"COMPASS:Synoptic","CB","SWH_202309_SWAMP_LYSC_45CM",2023,9,20,"SWH","SWAMP","C",45,NA,NA,"",22.16,1844.97543918075,"",NA,NA,NA,NA,NA,NA,0.0014,0.0992,"bdl",1.5988,114.1482,"Within_Range",0.0037,0.12,"Within_Range",150.2839,4.6876,NA,1389.2461,39.1889,NA,2.5104,43.4998,2.306,5.3012,"Within Range","Within Range"
"COMPASS:Synoptic","CB","SWH_202309_TR_LYSA_10CM",2023,9,20,"SWH","TR","A",10,NA,NA,"",30.82,2565.98118391475,"",NA,NA,NA,NA,NA,NA,0.0051,0.364,"bdl",0.8296,59.232,"Within_Range",0.0655,2.1155,"Within_Range",109.054,3.4016,NA,2690.5223,75.8963,NA,4.8618,29.4689,1.0517,3.569,"Within Range","Within Range"
"COMPASS:Synoptic","CB","SWH_202309_TR_LYSA_20CM",2023,9,20,"SWH","TR","A",20,NA,NA,"",62.61,5212.72167180085,"",NA,NA,NA,NA,NA,NA,0.0023,0.1637,"bdl",2.7289,194.8248,"Within_Range",1.0824,34.9452,"Within_Range",69.6925,2.1738,NA,2361.0433,66.6021,NA,4.2664,585.0088,91.5009,15.641,"Within Range","High CV"
"COMPASS:Synoptic","CB","SWH_202309_TR_LYSA_45CM",2023,9,20,"SWH","TR","A",45,NA,NA,"",60.38,5027.05852968113,"",NA,NA,NA,NA,NA,NA,0.0027,0.1921,"bdl",2.9921,213.6224,"Within_Range",0.3671,11.8514,"Within_Range",26.7554,0.8345,NA,1786.1214,50.3842,NA,3.2275,759.7757,35.5418,4.6779,"Within Range","Within Range"
"COMPASS:Synoptic","CB","SWH_202309_TR_LYSB_10CM",2023,9,20,"SWH","TR","B",10,NA,NA,"",17.49,1456.16518191658,"",NA,NA,NA,NA,NA,NA,0.0507,3.6188,"Within_Range",0.6343,45.2879,"Within_Range",0.0592,1.9108,"Within_Range",203.6413,6.3519,NA,2326.1883,65.6189,NA,4.2034,0,0,0,"bdl","Within Range"
"COMPASS:Synoptic","CB","SWH_202309_TR_LYSB_20CM",2023,9,20,"SWH","TR","B",20,NA,NA,"",38.51,3206.22762467738,"",NA,NA,NA,NA,NA,NA,0.013,0.9248,"bdl",0.8802,62.8405,"Within_Range",0.4087,13.1936,"Within_Range",126.2873,3.9391,NA,2269.3828,64.0164,NA,4.1008,230.2692,13.632,5.92,"Within Range","Within Range"
"COMPASS:Synoptic","CB","SWH_202309_TR_LYSB_45CM",2023,9,20,"SWH","TR","B",45,NA,NA,"",58.46,4867.20506202648,"",NA,NA,NA,NA,NA,NA,0,0,"bdl",2.443,174.4149,"Within_Range",0.2065,6.6675,"Within_Range",1.106,0.0345,NA,1631.7049,46.0283,NA,2.9485,602.8573,123.053,20.4116,"Within Range","High CV"
"COMPASS:Synoptic","CB","SWH_202309_TR_LYSC_10CM",2023,9,20,"SWH","TR","C",10,NA,NA,"",24.77,2062.27624677379,"",NA,NA,NA,NA,NA,NA,0.044,3.1434,"Within_Range",0.0416,2.9719,"Within_Range",0.0059,0.1911,"Within_Range",249.9739,7.7971,NA,2388.4026,67.3738,NA,4.3159,0,0,0,"bdl","Within Range"
"COMPASS:Synoptic","CB","SWH_202309_TR_LYSC_20CM",2023,9,20,"SWH","TR","C",20,NA,NA,"",47.77,3977.18757805345,"",NA,NA,NA,NA,NA,NA,0,0,"bdl",1.0783,76.9877,"Within_Range",0.1998,6.4505,"Within_Range",152.6105,4.7602,NA,2250.7617,63.4912,NA,4.0672,12.8102,1.6407,12.8078,"Within Range","High CV"
"COMPASS:Synoptic","CB","SWH_202309_TR_LYSC_45CM",2023,9,20,"SWH","TR","C",45,NA,NA,"",57.04,4748.98010157356,"",NA,NA,NA,NA,NA,NA,0,0,"bdl",1.706,121.7977,"Within_Range",0.2664,8.6018,"Within_Range",50.6908,1.5811,NA,1871.8522,52.8026,NA,3.3825,274.8905,18.9312,6.8868,"Within Range","Within Range"
"COMPASS:Synoptic","CB","SWH_202309_UP_LYSA_10CM",2023,9,20,"SWH","UP","A",10,NA,NA,"",5.271,438.847722920656,"blank is ≥ 25% of sample value",NA,NA,NA,NA,NA,NA,0.0065,0.4637,"bdl",0.0344,2.4578,"Within_Range",0.0053,0.1696,"Within_Range",0,0,NA,0.9723,0.0274,NA,0.0018,0,0,0,"bdl","Within Range"
"COMPASS:Synoptic","CB","SWH_202309_UP_LYSA_20CM",2023,9,20,"SWH","UP","A",20,NA,NA,"",9.73,810.0907501457,"",NA,NA,NA,NA,NA,NA,0.005,0.3569,"bdl",0.0768,5.4828,"Within_Range",0.0043,0.1394,"Within_Range",116.9987,3.6494,NA,18.4797,0.5213,NA,0.0334,0,0,0,"bdl","Within Range"
"COMPASS:Synoptic","CB","SWH_202309_UP_LYSA_45CM",2023,9,20,"SWH","UP","A",45,NA,NA,"",43.2,3596.70302222962,"",NA,NA,NA,NA,NA,NA,0.0095,0.6797,"bdl",0.1875,13.3892,"Within_Range",0.0038,0.1225,"Within_Range",56.7756,1.7709,NA,216.165,6.0977,NA,0.3906,10.6684,0.1262,1.183,"Within Range","Within Range"
"COMPASS:Synoptic","CB","SWH_202309_UP_LYSB_10CM",2023,9,20,"SWH","UP","B",10,NA,NA,"",4.825,401.715094496711,"blank is ≥ 25% of sample value",NA,NA,NA,NA,NA,NA,NA,NA,NA,NA,NA,NA,NA,NA,NA,23.359,0.7286,NA,7.7931,0.2198,NA,0.0141,0,0,0,"bdl","Within Range"
"COMPASS:Synoptic","CB","SWH_202309_UP_LYSB_20CM",2023,9,20,"SWH","UP","B",20,NA,NA,"",15.41,1282.99059195737,"",NA,NA,NA,NA,NA,NA,3e-04,0.023,"bdl",0.0369,2.6335,"Within_Range",0.0047,0.1527,"Within_Range",50.9605,1.5895,NA,56.9288,1.6059,NA,0.1029,0,0,0,"bdl","Within Range"
"COMPASS:Synoptic","CB","SWH_202309_UP_LYSB_45CM",2023,9,20,"SWH","UP","B",45,NA,NA,"",49.1,4087.91940721006,"",NA,NA,NA,NA,NA,NA,0.001,0.0683,"bdl",0.1933,13.8034,"Within_Range",0.0039,0.1252,"Within_Range",16.4347,0.5126,NA,100.8057,2.8436,NA,0.1822,12.007,1.6828,14.0149,"Within Range","High CV"
"COMPASS:Synoptic","CB","SWH_202309_UP_LYSC_10CM",2023,9,20,"SWH","UP","C",10,NA,NA,"",NA,NA,NA,NA,NA,NA,NA,NA,NA,0.0044,0.3119,"bdl",0.0505,3.6046,"Within_Range",0.005,0.1601,"Within_Range",26.0762,0.8134,NA,61.1381,1.7246,NA,0.1105,0,0,0,"bdl","Within Range"
"COMPASS:Synoptic","CB","SWH_202309_UP_LYSC_20CM",2023,9,20,"SWH","UP","C",20,NA,NA,"",7.488,623.428523853135,"",NA,NA,NA,NA,NA,NA,0.001,0.0688,"bdl",0.0428,3.0545,"Within_Range",0.0039,0.125,"Within_Range",54.0317,1.6853,NA,94.1461,2.6557,NA,0.1701,0,0,0,"bdl","Within Range"
"COMPASS:Synoptic","CB","SWH_202309_UP_LYSC_45CM",2023,9,20,"SWH","UP","C",45,NA,NA,"",47.76,3976.35500790942,"",NA,NA,NA,NA,NA,NA,0.0042,0.2969,"bdl",0.1227,8.759,"Within_Range",0.0035,0.1137,"Within_Range",5.3712,0.1675,NA,87.1215,2.4576,NA,0.1575,16.6179,0.9676,5.8226,"Within Range","Within Range"
"COMPASS:Synoptic","CB","SWH_202309_WC_LYSA_10CM",2023,9,20,"SWH","WC","A",10,NA,NA,"",NA,NA,NA,NA,NA,NA,NA,NA,NA,NA,NA,NA,NA,NA,NA,NA,NA,NA,0,0,NA,1905.8898,53.7628,NA,3.444,1.5062,0.2945,19.5522,"Within Range","High CV"
"COMPASS:Synoptic","CB","SWH_202309_WC_LYSA_20CM",2023,9,20,"SWH","WC","A",20,NA,NA,"",NA,NA,NA,NA,NA,NA,NA,NA,NA,NA,NA,NA,NA,NA,NA,NA,NA,NA,0.8748,0.0273,NA,1458.8772,41.1531,NA,2.6362,0,0,0,"bdl","Within Range"
"COMPASS:Synoptic","CB","SWH_202309_WC_LYSA_45CM",2023,9,20,"SWH","WC","A",45,NA,NA,"",NA,NA,NA,NA,NA,NA,NA,NA,NA,0,0,"bdl",0.0339,2.4216,"Within_Range",0.0145,0.4667,"Within_Range",84.0746,2.6224,NA,1946.3615,54.9044,NA,3.5171,2.2498,0.3366,14.9591,"Within Range","High CV"
"COMPASS:Synoptic","CB","SWH_202309_WC_LYSB_10CM",2023,9,20,"SWH","WC","B",10,NA,NA,"",NA,NA,NA,NA,NA,NA,NA,NA,NA,0,0,"bdl",0.0498,3.5521,"Within_Range",0.0123,0.3975,"Within_Range",1.0155,0.0317,NA,2526.1496,71.2595,NA,4.5648,14.962,1.1387,7.6108,"Within Range","Within Range"
"COMPASS:Synoptic","CB","SWH_202309_WC_LYSB_20CM",2023,9,20,"SWH","WC","B",20,NA,NA,"",NA,NA,NA,NA,NA,NA,NA,NA,NA,0,0,"bdl",0.0423,3.0204,"Within_Range",0.0092,0.2976,"Within_Range",0,0,NA,1415.1307,39.9191,NA,2.5572,0,0,0,"bdl","Within Range"
"COMPASS:Synoptic","CB","SWH_202309_WC_LYSB_45CM",2023,9,20,"SWH","WC","B",45,NA,NA,"",NA,NA,NA,NA,NA,NA,NA,NA,NA,NA,NA,NA,NA,NA,NA,NA,NA,NA,0.89,0.0278,NA,1112.2282,31.3746,NA,2.0098,0,0,0,"bdl","Within Range"
"COMPASS:Synoptic","CB","SWH_202309_WC_LYSC_10CM",2023,9,20,"SWH","WC","C",10,NA,NA,"",75.8,6310.88169178253,"",NA,NA,NA,NA,NA,NA,0,0,"bdl",0.1352,9.6546,"Within_Range",0.1923,6.2075,"Within_Range",59.3683,1.8518,NA,2629.5291,74.1757,NA,4.7516,86.5544,3.2981,3.8104,"Within Range","Within Range"
"COMPASS:Synoptic","CB","SWH_202309_WC_LYSC_20CM",2023,9,20,"SWH","WC","C",20,NA,NA,"",NA,NA,NA,NA,NA,NA,NA,NA,NA,0,0,"bdl",0.0664,4.7402,"Within_Range",0.0084,0.2703,"Within_Range",14.934,0.4658,NA,1656.2151,46.7197,NA,2.9928,8.4968,0.5048,5.9414,"Within Range","Within Range"
"COMPASS:Synoptic","CB","SWH_202309_WC_LYSC_45CM",2023,9,20,"SWH","WC","C",45,NA,NA,"",64.88,5401.71509449671,"",NA,NA,NA,NA,NA,NA,0,0,"bdl",0.0622,4.4414,"Within_Range",0.0429,1.3858,"Within_Range",0,0,NA,1239.7034,34.9705,NA,2.2402,12.5722,0.8835,7.027,"Within Range","Within Range"
"COMPASS:Synoptic","CB","GWI_202309_SW_A",2023,9,21,"GWI","SW","A",0,NA,NA,"",21.88,1821.66347514778,"",NA,NA,NA,NA,NA,NA,0,0,"bdl",0.3748,26.7594,"Within_Range",0.0098,0.317,"Within_Range",1931.3778,60.2426,NA,13871.3668,391.2938,NA,25.0656,0,0,0,"bdl","Within Range"
"COMPASS:Synoptic","CB","GWI_202309_SW_B",2023,9,21,"GWI","SW","B",0,NA,NA,"",21.11,1757.55557405711,"",NA,NA,NA,NA,NA,NA,0,0,"bdl",0.4271,30.4955,"Within_Range",0.0096,0.3101,"Within_Range",1766.9321,55.1133,NA,12686.6442,357.8743,NA,22.9248,0,0,0,"bdl","Within Range"
"COMPASS:Synoptic","CB","GWI_202309_SW_C",2023,9,21,"GWI","SW","C",0,NA,NA,"",21.13,1759.22071434518,"",NA,NA,NA,NA,NA,NA,0,0,"bdl",0.3733,26.655,"Within_Range",0.0135,0.4362,"Within_Range",1739.8131,54.2674,NA,12538.5268,353.6961,NA,22.6571,0,0,0,"bdl","Within Range"
"COMPASS:Synoptic","CB","GWI_202309_TR_LYSA_10CM",2023,9,21,"GWI","TR","A",10,NA,NA,"",59.27,4934.64324369328,"",NA,NA,NA,NA,NA,NA,0,0,"bdl",0.34,24.2727,"Within_Range",0.0037,0.1208,"Within_Range",807.4648,25.1861,NA,8551.3841,241.2238,NA,15.4524,0,0,0,"bdl","Within Range"
"COMPASS:Synoptic","CB","GWI_202309_TR_LYSA_20CM",2023,9,21,"GWI","TR","A",20,NA,NA,"",54.11,4505.03704937141,"",NA,NA,NA,NA,NA,NA,0,0,"bdl",0.2948,21.0452,"Within_Range",0.0046,0.1471,"Within_Range",621.523,19.3862,NA,8549.2875,241.1647,NA,15.4486,0,0,0,"bdl","Within Range"
"COMPASS:Synoptic","CB","GWI_202309_TR_LYSA_45CM",2023,9,21,"GWI","TR","A",45,NA,NA,"",NA,NA,NA,NA,NA,NA,NA,NA,NA,NA,NA,NA,NA,NA,NA,NA,NA,NA,757.6086,23.631,NA,8228.0383,232.1026,NA,14.8681,0,0,0,"bdl","Within Range"
"COMPASS:Synoptic","CB","GWI_202309_TR_LYSB_10CM",2023,9,21,"GWI","TR","B",10,NA,NA,"",35.98,2995.58737823662,"",NA,NA,NA,NA,NA,NA,0,0,"bdl",0.0592,4.2233,"Within_Range",0.0031,0.1009,"Within_Range",857.7447,26.7544,NA,6539.3428,184.4667,NA,11.8166,0,0,0,"bdl","Within Range"
"COMPASS:Synoptic","CB","GWI_202309_TR_LYSB_20CM",2023,9,21,"GWI","TR","B",20,NA,NA,"",NA,NA,NA,NA,NA,NA,NA,NA,NA,5e-04,0.0383,"bdl",0.6541,46.6964,"Within_Range",0.0064,0.2058,"Within_Range",572.3121,17.8513,NA,8041.696,226.8461,NA,14.5314,90.6596,2.8638,3.1589,"Within Range","Within Range"
"COMPASS:Synoptic","CB","GWI_202309_TR_LYSB_45CM",2023,9,21,"GWI","TR","B",45,NA,NA,"",NA,NA,NA,NA,NA,NA,NA,NA,NA,0.0043,0.3066,"bdl",0.6592,47.0606,"Within_Range",0.0071,0.2296,"Within_Range",994.3663,31.0158,NA,8360.0819,235.8274,NA,15.1067,15.0016,0.9636,6.4235,"Within Range","Within Range"
"COMPASS:Synoptic","CB","GWI_202309_TR_LYSC_10CM",2023,9,21,"GWI","TR","C",10,NA,NA,"",20.79,1730.91332944801,"",NA,NA,NA,NA,NA,NA,0,0,"bdl",0.0734,5.2401,"Within_Range",0.0047,0.1514,"Within_Range",788.881,24.6064,NA,6095.3894,171.9433,NA,11.0144,0,0,0,"bdl","Within Range"
"COMPASS:Synoptic","CB","GWI_202309_TR_LYSC_20CM",2023,9,21,"GWI","TR","C",20,NA,NA,"",45.05,3750.72849887603,"",NA,NA,NA,NA,NA,NA,0,0,"bdl",0.0713,5.0923,"Within_Range",0.0025,0.0802,"bdl",1056.3073,32.9478,NA,8415.0182,237.3771,NA,15.206,10.8766,0.2524,2.3207,"Within Range","Within Range"
"COMPASS:Synoptic","CB","GWI_202309_TR_LYSC_45CM",2023,9,21,"GWI","TR","C",45,NA,NA,"",NA,NA,NA,NA,NA,NA,NA,NA,NA,NA,NA,NA,NA,NA,NA,NA,NA,NA,1187.112,37.0278,NA,9569.5749,269.9457,NA,17.2922,0,0,0,"bdl","Within Range"
"COMPASS:Synoptic","CB","GWI_202309_UP_LYSA_20CM",2023,9,21,"GWI","UP","A",20,NA,NA,"",20.75,1727.58304887187,"",NA,NA,NA,NA,NA,NA,0,0,"bdl",0.1421,10.145,"Within_Range",0.0048,0.1557,"Within_Range",710.8913,22.1738,NA,5004.2928,141.1648,NA,9.0428,0,0,0,"bdl","Within Range"
"COMPASS:Synoptic","CB","GWI_202309_UP_LYSA_45CM",2023,9,21,"GWI","UP","A",45,NA,NA,"",21.36,1778.36982765798,"",NA,NA,NA,NA,NA,NA,0,0,"bdl",0.1465,10.4611,"Within_Range",0.0056,0.1811,"Within_Range",616.0707,19.2162,NA,4957.6896,139.8502,NA,8.9586,0,0,0,"bdl","Within Range"
"COMPASS:Synoptic","CB","GWI_202309_UP_LYSB_10CM",2023,9,21,"GWI","UP","B",10,NA,NA,"",7.18,597.785363416868,"",NA,NA,NA,NA,NA,NA,0.0044,0.3115,"bdl",0.1274,9.0992,"Within_Range",0.0373,1.2047,"Within_Range",265.2792,8.2745,NA,2020.7474,57.0027,NA,3.6515,0,0,0,"bdl","Within Range"
"COMPASS:Synoptic","CB","GWI_202309_UP_LYSB_20CM",2023,9,21,"GWI","UP","B",20,NA,NA,"",20.59,1714.26192656731,"",NA,NA,NA,NA,NA,NA,0,0,"bdl",0.5096,36.3854,"Within_Range",0.0088,0.2844,"Within_Range",449.8576,14.0317,NA,3087.6007,87.0973,NA,5.5793,0,0,0,"bdl","Within Range"
"COMPASS:Synoptic","CB","GWI_202309_UP_LYSC_10CM",2023,9,21,"GWI","UP","C",10,NA,NA,"",19.42,1616.85121971526,"",NA,NA,NA,NA,NA,NA,0,0,"bdl",0.6499,46.4027,"Within_Range",0.0238,0.7679,"Within_Range",751.6861,23.4462,NA,5443.417,153.552,NA,9.8363,0,0,0,"bdl","Within Range"
"COMPASS:Synoptic","CB","GWI_202309_UP_LYSC_20CM",2023,9,21,"GWI","UP","C",20,NA,NA,"",30.33,2525.18524685705,"",NA,NA,NA,NA,NA,NA,0,0,"bdl",0.4505,32.1601,"Within_Range",0.0188,0.6056,"Within_Range",567.2058,17.692,NA,4571.2341,128.9488,NA,8.2602,0,0,0,"bdl","Within Range"
"COMPASS:Synoptic","CB","GWI_202309_WC_LYSA_10CM",2023,9,21,"GWI","WC","A",10,NA,NA,"",65.42,5446.67388227458,"",NA,NA,NA,NA,NA,NA,0,0,"bdl",0.944,67.3973,"Within_Range",0.0053,0.1713,"Within_Range",1855.2192,57.8671,NA,13352.3605,376.6533,NA,24.1277,0,0,0,"bdl","Within Range"
"COMPASS:Synoptic","CB","GWI_202309_WC_LYSA_20CM",2023,9,21,"GWI","WC","A",20,NA,NA,"",NA,NA,NA,NA,NA,NA,NA,NA,NA,0,0,"bdl",0.3,21.4181,"Within_Range",0.0032,0.1049,"Within_Range",1376.2186,42.9263,NA,13901.3223,392.1389,NA,25.1197,0,0,0,"bdl","Within Range"
"COMPASS:Synoptic","CB","GWI_202309_WC_LYSA_45CM",2023,9,21,"GWI","WC","A",45,NA,NA,"",51.93,4323.53675797186,"",NA,NA,NA,NA,NA,NA,0,0,"bdl",0.7488,53.4587,"Within_Range",0.0057,0.1847,"Within_Range",1402.7146,43.7528,NA,12239.4304,345.259,NA,22.1167,0,0,0,"bdl","Within Range"
"COMPASS:Synoptic","CB","GWI_202309_WC_LYSB_10CM",2023,9,21,"GWI","WC","B",10,NA,NA,"",80.52,6703.85479976688,"",NA,NA,NA,NA,NA,NA,0,0,"bdl",0.4931,35.2027,"Within_Range",0.0028,0.0896,"bdl",1619.3436,50.5098,NA,12915.6765,364.335,NA,23.3387,0,0,0,"bdl","Within Range"
"COMPASS:Synoptic","CB","GWI_202309_WC_LYSB_20CM",2023,9,21,"GWI","WC","B",20,NA,NA,"",76.23,6346.68220797602,"",NA,NA,NA,NA,NA,NA,0,0,"bdl",0.6169,44.0409,"Within_Range",0.0039,0.1249,"Within_Range",1716.9226,53.5534,NA,13841.5623,390.4531,NA,25.0117,0,0,0,"bdl","Within Range"
"COMPASS:Synoptic","CB","GWI_202309_WC_LYSB_45CM",2023,9,21,"GWI","WC","B",45,NA,NA,"",NA,NA,NA,NA,NA,NA,NA,NA,NA,0,0,"bdl",0.0136,0.9718,"bdl",0.0067,0.2148,"Within_Range",1693.2363,52.8146,NA,13694.8782,386.3153,NA,24.7467,0,0,0,"bdl","Within Range"
"COMPASS:Synoptic","CB","GWI_202309_WC_LYSC_10CM",2023,9,21,"GWI","WC","C",10,NA,NA,"",77.73,6471.56772958122,"",NA,NA,NA,NA,NA,NA,0,0,"bdl",0.4909,35.0445,"Within_Range",0.0027,0.0875,"bdl",2352.6008,73.3812,NA,16941.3424,477.894,NA,30.613,0,0,0,"bdl","Within Range"
"COMPASS:Synoptic","CB","GWI_202309_WC_LYSC_20CM",2023,9,21,"GWI","WC","C",20,NA,NA,"",102.2,8508.86687203397,"",NA,NA,NA,NA,NA,NA,0.0075,0.5339,"bdl",1.0052,71.7677,"Within_Range",0.0092,0.2972,"Within_Range",1175.5635,36.6676,NA,13445.2265,379.273,NA,24.2956,0,0,0,"bdl","Within Range"
"COMPASS:Synoptic","CB","MSM_202310_SW_A",2023,10,10,"MSM","SW","A",0,NA,NA,"",20.53,1709.26650570311,"",NA,NA,NA,NA,NA,NA,0.0151,1.0752,"bdl",0.3539,25.2663,"Within_Range",0.0068,0.2194,"Within_Range",1235.1993,38.5277,NA,9139.8621,257.824,NA,16.5158,0,0,0,"bdl","Within Range"
"COMPASS:Synoptic","CB","MSM_202310_SW_B",2023,10,10,"MSM","SW","B",0,NA,NA,"",20.07,1670.96827907751,"",NA,NA,NA,NA,NA,NA,0.011,0.7836,"bdl",0.2734,19.5218,"Within_Range",0.0061,0.197,"Within_Range",1284.8415,40.0762,NA,9468.5463,267.0958,NA,17.1097,0,0,0,"bdl","Within Range"
"COMPASS:Synoptic","CB","MSM_202310_SW_C",2023,10,10,"MSM","SW","C",0,NA,NA,"",NA,NA,NA,NA,NA,NA,NA,NA,NA,0.0081,0.5797,"bdl",0.2977,21.2563,"Within_Range",0.0061,0.197,"Within_Range",1266.0749,39.4908,NA,9334.5874,263.317,NA,16.8676,0,0,0,"bdl","Within Range"
"COMPASS:Synoptic","CB","MSM_202310_TR_LYSA_10CM",2023,10,10,"MSM","TR","A",10,NA,NA,"",31.57,2628.42394471734,"",NA,NA,NA,NA,NA,NA,0,0,"bdl",1.2862,91.8277,"Within_Range",0.0087,0.2823,"Within_Range",702.8722,21.9236,NA,6678.7219,188.3984,NA,12.0685,0,0,0,"bdl","Within Range"
"COMPASS:Synoptic","CB","MSM_202310_TR_LYSA_20CM",2023,10,10,"MSM","TR","A",20,NA,NA,"",35.94,2992.25709766048,"",NA,NA,NA,NA,NA,NA,0,0,"bdl",3.1248,223.0965,"Within_Range",0.0147,0.4756,"Within_Range",652.7621,20.3606,NA,5531.6413,156.0407,NA,9.9957,1.8687,0.2227,11.9151,"Within Range","High CV"
"COMPASS:Synoptic","CB","MSM_202310_TR_LYSA_45CM",2023,10,10,"MSM","TR","A",45,NA,NA,"",NA,NA,NA,NA,NA,NA,NA,NA,NA,0,0,"bdl",0.8048,57.4564,"Within_Range",0.0082,0.2656,"Within_Range",543.5656,16.9546,NA,4326.3707,122.0415,NA,7.8178,0,0,0,"bdl","Within Range"
"COMPASS:Synoptic","CB","MSM_202310_TR_LYSB_10CM",2023,10,10,"MSM","TR","B",10,NA,NA,"",32.27,2686.70385479977,"",NA,NA,NA,NA,NA,NA,0,0,"bdl",1.7116,122.1985,"Within_Range",0.0096,0.3109,"Within_Range",744.7543,23.23,NA,7094.4554,200.1257,NA,12.8197,2.3411,0.1781,7.6089,"Within Range","Within Range"
"COMPASS:Synoptic","CB","MSM_202310_TR_LYSB_20CM",2023,10,10,"MSM","TR","B",20,NA,NA,"",57.1,4753.97552243777,"",NA,NA,NA,NA,NA,NA,0,0,"bdl",2.616,186.7653,"Within_Range",0.0099,0.3205,"Within_Range",398.4344,12.4278,NA,6612.6314,186.534,NA,11.9491,19.2821,0.7263,3.7667,"Within Range","Within Range"
"COMPASS:Synoptic","CB","MSM_202310_TR_LYSB_45CM",2023,10,10,"MSM","TR","B",45,NA,NA,"",NA,NA,NA,NA,NA,NA,NA,NA,NA,0,0,"bdl",1.888,134.7961,"Within_Range",0.011,0.3547,"Within_Range",271.4192,8.466,NA,4909.4915,138.4906,NA,8.8715,10.4652,0.4453,4.2553,"Within Range","Within Range"
"COMPASS:Synoptic","CB","MSM_202310_TR_LYSC_10CM",2023,10,10,"MSM","TR","C",10,NA,NA,"",NA,NA,NA,NA,NA,NA,NA,NA,NA,0.001,0.0721,"bdl",1.6475,117.6236,"Within_Range",0.0045,0.1448,"Within_Range",800.7903,24.9779,NA,7947.7445,224.1959,NA,14.3616,2.404,0.2271,9.4454,"Within Range","Within Range"
"COMPASS:Synoptic","CB","MSM_202310_TR_LYSC_20CM",2023,10,10,"MSM","TR","C",20,NA,NA,"",40.66,3385.23020564483,"",NA,NA,NA,NA,NA,NA,0,0,"bdl",2.7386,195.519,"Within_Range",0.0086,0.2767,"Within_Range",526.1948,16.4128,NA,6720.8767,189.5875,NA,12.1447,27.1963,1.9759,7.2652,"Within Range","Within Range"
"COMPASS:Synoptic","CB","MSM_202310_TR_LYSC_45CM",2023,10,10,"MSM","TR","C",45,NA,NA,"",NA,NA,NA,NA,NA,NA,NA,NA,NA,0,0,"bdl",2.5588,182.6869,"Within_Range",0.0192,0.621,"Within_Range",613.4807,19.1354,NA,5633.5817,158.9163,NA,10.1799,0,0,0,"bdl","Within Range"
"COMPASS:Synoptic","CB","MSM_202310_UP_LYSA_20CM",2023,10,10,"MSM","UP","A",20,NA,NA,"",NA,NA,NA,NA,NA,NA,NA,NA,NA,0.0017,0.1195,"bdl",0.1911,13.6445,"Within_Range",0.0073,0.236,"Within_Range",156.4865,4.8811,NA,2514.5857,70.9333,NA,4.5439,2.8449,0.5344,18.7841,"Within Range","High CV"
"COMPASS:Synoptic","CB","MSM_202310_UP_LYSA_45CM",2023,10,10,"MSM","UP","A",45,NA,NA,"",NA,NA,NA,NA,NA,NA,NA,NA,NA,0.0035,0.2497,"bdl",1.6725,119.4049,"Within_Range",0.0046,0.1479,"Within_Range",139.8693,4.3627,NA,1846.9028,52.0988,NA,3.3374,0,0,0,"bdl","Within Range"
"COMPASS:Synoptic","CB","MSM_202310_UP_LYSB_10CM",2023,10,10,"MSM","UP","B",10,NA,NA,"",27.98,2329.53126300891,"",NA,NA,NA,NA,NA,NA,0.0014,0.0987,"bdl",0.1091,7.7893,"Within_Range",0.0037,0.119,"Within_Range",52.6539,1.6424,NA,757.6396,21.3721,NA,1.3691,0,0,0,"bdl","Within Range"
"COMPASS:Synoptic","CB","MSM_202310_UP_LYSB_45CM",2023,10,10,"MSM","UP","B",45,NA,NA,"",NA,NA,NA,NA,NA,NA,NA,NA,NA,NA,NA,NA,NA,NA,NA,NA,NA,NA,161.8893,5.0496,NA,1568.3973,44.2425,NA,2.8341,0,0,0,"bdl","Within Range"
"COMPASS:Synoptic","CB","MSM_202310_UP_LYSC_10CM",2023,10,10,"MSM","UP","C",10,NA,NA,"",16.18,1347.09849304804,"",NA,NA,NA,NA,NA,NA,0.0021,0.1529,"bdl",0.1616,11.5392,"Within_Range",0.0049,0.1581,"Within_Range",80.3605,2.5066,NA,983.8201,27.7523,NA,1.7778,0,0,0,"bdl","Within Range"
"COMPASS:Synoptic","CB","MSM_202310_UP_LYSC_20CM",2023,10,10,"MSM","UP","C",20,NA,NA,"",23.43,1950.71184747315,"",NA,NA,NA,NA,NA,NA,0.0013,0.0912,"bdl",0.0777,5.5474,"Within_Range",0.0043,0.1379,"Within_Range",119.0145,3.7122,NA,841.639,23.7416,NA,1.5209,0,0,0,"bdl","Within Range"
"COMPASS:Synoptic","CB","MSM_202310_UP_LYSC_45CM",2023,10,10,"MSM","UP","C",45,NA,NA,"",NA,NA,NA,NA,NA,NA,NA,NA,NA,0.0045,0.3223,"bdl",0.7523,53.7118,"Within_Range",0.0042,0.1349,"Within_Range",147.6944,4.6068,NA,1746.7746,49.2743,NA,3.1564,0,0,0,"bdl","Within Range"
"COMPASS:Synoptic","CB","MSM_202310_WC_LYSA_10CM",2023,10,10,"MSM","WC","A",10,NA,NA,"",47.62,3964.69902589293,"",NA,NA,NA,NA,NA,NA,0,0,"bdl",0.311,22.2019,"Within_Range",0.0222,0.7179,"Within_Range",1155.9976,36.0573,NA,9494.232,267.8204,NA,17.1561,423.7975,13.3596,3.1524,"Within Range","Within Range"
"COMPASS:Synoptic","CB","MSM_202310_WC_LYSA_20CM",2023,10,10,"MSM","WC","A",20,NA,NA,"",63.4,5278.49471317959,"",NA,NA,NA,NA,NA,NA,0,0,"bdl",0.5473,39.0775,"Within_Range",0.026,0.8393,"Within_Range",1033.0708,32.223,NA,9269.2213,261.4731,NA,16.7495,922.8963,31.1724,3.3777,"Within Range","Within Range"
"COMPASS:Synoptic","CB","MSM_202310_WC_LYSA_45CM",2023,10,10,"MSM","WC","A",45,NA,NA,"",NA,NA,NA,NA,NA,NA,NA,NA,NA,0,0,"bdl",0.2807,20.0401,"Within_Range",0.0054,0.1734,"Within_Range",51.2113,1.5974,NA,9703.7507,273.7306,NA,17.5347,0,0,0,"bdl","Within Range"
"COMPASS:Synoptic","CB","MSM_202310_WC_LYSB_10CM",2023,10,10,"MSM","WC","B",10,NA,NA,"",104.8,8725.33510948297,"",NA,NA,NA,NA,NA,NA,0,0,"bdl",0.4301,30.7066,"Within_Range",0.0505,1.6311,"Within_Range",888.9918,27.729,NA,9296.0155,262.2289,NA,16.7979,1625.6233,39.0238,2.4005,"Within Range","Within Range"
"COMPASS:Synoptic","CB","MSM_202310_WC_LYSB_20CM",2023,10,10,"MSM","WC","B",20,NA,NA,"",133.9,11148.1142286238,"",NA,NA,NA,NA,NA,NA,0,0,"bdl",1.0207,72.8753,"Within_Range",0.0559,1.8056,"Within_Range",747.1359,23.3043,NA,9510.8725,268.2898,NA,17.1862,2122.623,305.0443,14.3711,"Within Range","High CV"
"COMPASS:Synoptic","CB","MSM_202310_WC_LYSB_45CM",2023,10,10,"MSM","WC","B",45,NA,NA,"",NA,NA,NA,NA,NA,NA,NA,NA,NA,0,0,"bdl",0.2709,19.3392,"Within_Range",0.0075,0.2436,"Within_Range",NA,NA,NA,NA,NA,NA,NA,NA,NA,NA,NA,NA
"COMPASS:Synoptic","CB","MSM_202310_WC_LYSC_10CM",2023,10,10,"MSM","WC","C",10,NA,NA,"",146,12155.5241029057,"",NA,NA,NA,NA,NA,NA,0,0,"bdl",1.989,142.0056,"Within_Range",0.0686,2.2135,"Within_Range",713.4771,22.2544,NA,9464.0019,266.9676,NA,17.1015,2057.0211,203.0077,9.869,"Within Range","Within Range"
"COMPASS:Synoptic","CB","MSM_202310_WC_LYSC_20CM",2023,10,10,"MSM","WC","C",20,NA,NA,"",NA,NA,NA,NA,NA,NA,NA,NA,NA,0,0,"bdl",2.4336,173.7441,"Within_Range",0.0627,2.0235,"Within_Range",472.7631,14.7462,NA,8988.6093,253.5574,NA,16.2424,2090.0844,202.4024,9.6839,"Within Range","Within Range"
"COMPASS:Synoptic","CB","MSM_202310_WC_LYSC_45CM",2023,10,10,"MSM","WC","C",45,NA,NA,"",NA,NA,NA,NA,NA,NA,NA,NA,NA,1e-04,0.0055,"bdl",1.5289,109.1516,"Within_Range",0.0046,0.1491,"Within_Range",63.746,1.9883,NA,7377.6416,208.114,NA,13.3314,0,0,0,"bdl","Within Range"
"COMPASS:Synoptic","CB","GCW_202310_SW_A",2023,10,12,"GCW","SW","A",0,NA,NA,"",19.54,1626.84206144368,"",NA,NA,NA,NA,NA,NA,0.0212,1.5118,"bdl",0.2099,14.989,"Within_Range",0.047,1.517,"Within_Range",1021.5933,31.865,NA,7420.9191,209.3348,NA,13.4096,0,0,0,"bdl","Within Range"
"COMPASS:Synoptic","CB","GCW_202310_SW_B",2023,10,12,"GCW","SW","B",0,NA,NA,"",19.51,1624.34435101157,"",NA,NA,NA,NA,NA,NA,0.0212,1.5138,"bdl",0.1999,14.2709,"Within_Range",0.0448,1.4465,"Within_Range",1020.3123,31.8251,NA,7395.5294,208.6186,NA,13.3637,0,0,0,"bdl","Within Range"
"COMPASS:Synoptic","CB","GCW_202310_SW_C",2023,10,12,"GCW","SW","C",0,NA,NA,"",19.26,1603.53009741071,"",NA,NA,NA,NA,NA,NA,0.0182,1.3027,"bdl",0.1662,11.8637,"Within_Range",0.045,1.4539,"Within_Range",386.9446,12.0694,NA,2819.8051,79.5432,NA,5.0954,0,0,0,"bdl","Within Range"
"COMPASS:Synoptic","CB","GCW_202310_TR_LYSA_20CM",2023,10,12,"GCW","TR","A",20,NA,NA,"",NA,NA,NA,NA,NA,NA,NA,NA,NA,0.0045,0.3229,"bdl",0.1446,10.3256,"Within_Range",0.0038,0.1234,"Within_Range",8.317,0.2594,NA,188.3486,5.3131,NA,0.3404,0,0,0,"bdl","Within Range"
"COMPASS:Synoptic","CB","GCW_202310_TR_LYSA_45CM",2023,10,12,"GCW","TR","A",45,NA,NA,"",NA,NA,NA,NA,NA,NA,NA,NA,NA,0.0089,0.6329,"bdl",0.1838,13.1197,"Within_Range",0.0032,0.1039,"Within_Range",7.8955,0.2463,NA,153.0237,4.3166,NA,0.2765,0,0,0,"bdl","Within Range"
"COMPASS:Synoptic","CB","GCW_202310_TR_LYSB_10CM",2023,10,12,"GCW","TR","B",10,NA,NA,"",5.921,492.964782282907,"",NA,NA,NA,NA,NA,NA,0.0058,0.4127,"bdl",0.1116,7.9701,"Within_Range",0.0074,0.2378,"Within_Range",196.2532,6.1214,NA,2213.0475,62.4273,NA,3.999,0,0,0,"bdl","Within Range"
"COMPASS:Synoptic","CB","GCW_202310_TR_LYSB_20CM",2023,10,12,"GCW","TR","B",20,NA,NA,"",NA,NA,NA,NA,NA,NA,NA,NA,NA,0.0072,0.5142,"bdl",2.7866,198.9483,"Within_Range",0.0115,0.3711,"Within_Range",50.6452,1.5797,NA,776.0658,21.8918,NA,1.4024,0,0,0,"bdl","Within Range"
"COMPASS:Synoptic","CB","GCW_202310_TR_LYSB_45CM",2023,10,12,"GCW","TR","B",45,NA,NA,"",NA,NA,NA,NA,NA,NA,NA,NA,NA,0.0073,0.524,"bdl",0.7262,51.8441,"Within_Range",0.0091,0.2931,"Within_Range",2.7248,0.085,NA,516.0988,14.5585,NA,0.9326,0,0,0,"bdl","Within Range"
"COMPASS:Synoptic","CB","GCW_202310_TR_LYSC_20CM",2023,10,12,"GCW","TR","C",20,NA,NA,"",14.89,1239.69694446757,"",NA,NA,NA,NA,NA,NA,0.0024,0.1683,"bdl",0.1505,10.7431,"Within_Range",0.0033,0.1073,"Within_Range",19.5767,0.6106,NA,227.0965,6.4061,NA,0.4104,0,0,0,"bdl","Within Range"
"COMPASS:Synoptic","CB","GCW_202310_TR_LYSC_45CM",2023,10,12,"GCW","TR","C",45,NA,NA,"",NA,NA,NA,NA,NA,NA,NA,NA,NA,0.0044,0.3141,"bdl",0.5054,36.0824,"Within_Range",0.0058,0.1866,"Within_Range",4.3136,0.1345,NA,361.5485,10.1988,NA,0.6533,0,0,0,"bdl","Within Range"
"COMPASS:Synoptic","CB","GCW_202310_WC_LYSA_10CM",2023,10,12,"GCW","WC","A",10,NA,NA,"",111.1,9249.85430022479,"",NA,NA,NA,NA,NA,NA,0.0059,0.4245,"bdl",0.4378,31.254,"Within_Range",0.2254,7.2769,"Within_Range",509.8781,15.9039,NA,6465.9011,182.395,NA,11.6839,1852.6057,119.1231,6.43,"Within Range","Within Range"
"COMPASS:Synoptic","CB","GCW_202310_WC_LYSA_20CM",2023,10,12,"GCW","WC","A",20,NA,NA,"",138.5,11531.0964948797,"",NA,NA,NA,NA,NA,NA,0.0173,1.2386,"bdl",0.4621,32.9924,"Within_Range",0.0612,1.9743,"Within_Range",312.0153,9.7322,NA,6566.5906,185.2353,NA,11.8659,2346.7189,114.3434,4.8725,"Within Range","Within Range"
"COMPASS:Synoptic","CB","GCW_202310_WC_LYSA_45CM",2023,10,12,"GCW","WC","A",45,NA,NA,"",167.2,13920.5728082591,"",NA,NA,NA,NA,NA,NA,0.0173,1.2338,"bdl",1.8427,131.5618,"Within_Range",0.0064,0.2075,"bdl",201.3266,6.2797,NA,5780.9789,163.0742,NA,10.4463,2637.4663,96.2731,3.6502,"adl","Within Range"
"COMPASS:Synoptic","CB","GCW_202310_WC_LYSB_10CM",2023,10,12,"GCW","WC","B",10,NA,NA,"",139.6,11622.6792107235,"",NA,NA,NA,NA,NA,NA,0.0177,1.2641,"bdl",1.6866,120.4131,"Within_Range",0.2602,8.401,"Within_Range",338.6308,10.5624,NA,6408.2701,180.7693,NA,11.5798,2567.6659,162.5444,6.3304,"adl","Within Range"
"COMPASS:Synoptic","CB","GCW_202310_WC_LYSB_20CM",2023,10,12,"GCW","WC","B",20,NA,NA,"",169.1,14078.7611356257,"",NA,NA,NA,NA,NA,NA,0.0135,0.9605,"bdl",1.4765,105.4104,"Within_Range",0.2031,6.5561,"Within_Range",218.4787,6.8147,NA,6704.3179,189.1204,NA,12.1147,2685.2244,153.751,5.7258,"adl","Within Range"
"COMPASS:Synoptic","CB","GCW_202310_WC_LYSB_45CM",2023,10,12,"GCW","WC","B",45,NA,NA,"",161.1,13412.705020398,"",NA,NA,NA,NA,NA,NA,0.0205,1.4669,"bdl",1.9879,141.9221,"Within_Range",0.3797,12.2574,"Within_Range",258.2486,8.0552,NA,6046.3546,170.5601,NA,10.9258,2639.0407,18.1574,0.688,"adl","Within Range"
"COMPASS:Synoptic","CB","GCW_202310_WC_LYSC_10CM",2023,10,12,"GCW","WC","C",10,NA,NA,"",60.57,5042.87736241778,"",NA,NA,NA,NA,NA,NA,0.0065,0.4671,"bdl",0.1148,8.1986,"Within_Range",0.0843,2.7209,"Within_Range",646.1683,20.155,NA,6057.8974,170.8857,NA,10.9466,1182.6797,88.2391,7.461,"Within Range","Within Range"
"COMPASS:Synoptic","CB","GCW_202310_WC_LYSC_20CM",2023,10,12,"GCW","WC","C",20,NA,NA,"",58.45,4866.37249188244,"",NA,NA,NA,NA,NA,NA,0.0085,0.6051,"bdl",0.1871,13.3568,"Within_Range",0.1066,3.4431,"Within_Range",696.4385,21.723,NA,6298.4809,177.6722,NA,11.3814,1188.9774,37.8522,3.1836,"Within Range","Within Range"
"COMPASS:Synoptic","CB","GCW_202310_WC_LYSC_45CM",2023,10,12,"GCW","WC","C",45,NA,NA,"",94.57,7873.61585213554,"",NA,NA,NA,NA,NA,NA,0.0137,0.9776,"bdl",0.4339,30.9758,"Within_Range",0.1181,3.8141,"Within_Range",508.6705,15.8662,NA,6097.8479,172.0126,NA,11.0188,2265.8974,155.862,6.8786,"Within Range","Within Range"
"COMPASS:Synoptic","CB","SWH_202310_SW_A",2023,10,18,"SWH","SW","A",0,NA,NA,"",11.7,974.107068520523,"",NA,NA,NA,NA,NA,NA,0.0193,1.3784,"bdl",0.0126,0.899,"bdl",0.0093,0.2998,"Within_Range",374.4315,11.6791,NA,2798.5196,78.9427,NA,5.057,0,0,0,"bdl","Within Range"
"COMPASS:Synoptic","CB","SWH_202310_SW_B",2023,10,18,"SWH","SW","B",0,NA,NA,"",11.37,946.63225376738,"",NA,NA,NA,NA,NA,NA,0.0196,1.3968,"bdl",0.0132,0.9391,"bdl",0.0096,0.3094,"Within_Range",365.4349,11.3985,NA,2737.3174,77.2163,NA,4.9464,0,0,0,"bdl","Within Range"
"COMPASS:Synoptic","CB","SWH_202310_SW_C",2023,10,18,"SWH","SW","C",0,NA,NA,"",11.48,955.790525351761,"",NA,NA,NA,NA,NA,NA,0.0184,1.3148,"bdl",0.0205,1.4668,"Within_Range",0.0096,0.3115,"Within_Range",363.4946,11.3379,NA,2720.6312,76.7456,NA,4.9162,0,0,0,"bdl","Within Range"
"COMPASS:Synoptic","CB","SWH_202310_SWAMP_LYSA_10CM",2023,10,18,"SWH","SWAMP","A",10,NA,NA,"",19.33,1609.35808841895,"",NA,NA,NA,NA,NA,NA,0.0029,0.2069,"bdl",0.4428,31.6137,"Within_Range",0.008,0.2596,"Within_Range",147.2382,4.5926,NA,1445.3825,40.7724,NA,2.6118,0,0,0,"bdl","Within Range"
"COMPASS:Synoptic","CB","SWH_202310_SWAMP_LYSA_20CM",2023,10,18,"SWH","SWAMP","A",20,NA,NA,"",21.37,1779.20239780201,"",NA,NA,NA,NA,NA,NA,0.0044,0.3127,"bdl",0.9501,67.8347,"Within_Range",0.0075,0.2412,"Within_Range",119.4922,3.7271,NA,1329.1047,37.4924,NA,2.4017,14.9051,0.1336,0.8963,"Within Range","Within Range"
"COMPASS:Synoptic","CB","SWH_202310_SWAMP_LYSA_45CM",2023,10,18,"SWH","SWAMP","A",45,NA,NA,"",32.48,2704.18782782449,"",NA,NA,NA,NA,NA,NA,0.0024,0.1696,"bdl",1.7067,121.8497,"Within_Range",0.0047,0.1526,"Within_Range",0.4711,0.0147,NA,308.5425,8.7036,NA,0.5576,5.9518,0.4287,7.2026,"Within Range","Within Range"
"COMPASS:Synoptic","CB","SWH_202310_SWAMP_LYSB_10CM",2023,10,18,"SWH","SWAMP","B",10,NA,NA,"",8.84,735.992007326617,"",NA,NA,NA,NA,NA,NA,0.0092,0.6598,"bdl",0.1349,9.6336,"Within_Range",0.0037,0.1179,"Within_Range",122.0597,3.8072,NA,1274.8846,35.9629,NA,2.3037,0,0,0,"bdl","Within Range"
"COMPASS:Synoptic","CB","SWH_202310_SWAMP_LYSB_20CM",2023,10,18,"SWH","SWAMP","B",20,NA,NA,"",28.02,2332.86154358505,"",NA,NA,NA,NA,NA,NA,0.0017,0.1199,"bdl",1.7492,124.8838,"Within_Range",0.0056,0.1801,"Within_Range",0.9322,0.0291,NA,103.1652,2.9102,NA,0.1864,16.1017,0.8461,5.2548,"Within Range","Within Range"
"COMPASS:Synoptic","CB","SWH_202310_SWAMP_LYSB_45CM",2023,10,18,"SWH","SWAMP","B",45,NA,NA,"",31.96,2660.89418033469,"",NA,NA,NA,NA,NA,NA,0.0064,0.4539,"bdl",0.766,54.6904,"Within_Range",0.0092,0.2971,"Within_Range",5.6347,0.1758,NA,121.555,3.4289,NA,0.2197,3.2857,0.3272,9.9595,"Within Range","Within Range"
"COMPASS:Synoptic","CB","SWH_202310_SWAMP_LYSC_10CM",2023,10,18,"SWH","SWAMP","C",10,NA,NA,"",7.255,604.029639497128,"",NA,NA,NA,NA,NA,NA,0.0044,0.3158,"bdl",0.2571,18.3568,"Within_Range",0.0039,0.1258,"Within_Range",136.8769,4.2694,NA,78.2979,2.2087,NA,0.1415,0,0,0,"bdl","Within Range"
"COMPASS:Synoptic","CB","SWH_202310_SWAMP_LYSC_20CM",2023,10,18,"SWH","SWAMP","C",20,NA,NA,"",16.35,1361.25218549663,"",NA,NA,NA,NA,NA,NA,0.0028,0.1965,"bdl",0.88,62.825,"Within_Range",0.0027,0.0863,"bdl",113.2862,3.5336,NA,1151.7192,32.4886,NA,2.0812,0,0,0,"bdl","Within Range"
"COMPASS:Synoptic","CB","SWH_202310_SWAMP_LYSC_45CM",2023,10,18,"SWH","SWAMP","C",45,NA,NA,"",16.81,1399.55041212222,"",NA,NA,NA,NA,NA,NA,0.0024,0.1691,"bdl",1.0383,74.1301,"Within_Range",0.0029,0.0942,"bdl",147.553,4.6024,NA,10.1302,0.2858,NA,0.0183,43.9904,2.4885,5.6569,"Within Range","Within Range"
"COMPASS:Synoptic","CB","SWH_202310_TR_LYSA_10CM",2023,10,18,"SWH","TR","A",10,NA,NA,"",34.57,2878.19498792773,"",NA,NA,NA,NA,NA,NA,0.0077,0.5517,"bdl",0.2886,20.6024,"Within_Range",0.049,1.5827,"Within_Range",169.5438,5.2883,NA,2622.3081,73.972,NA,4.7385,0,0,0,"bdl","Within Range"
"COMPASS:Synoptic","CB","SWH_202310_TR_LYSA_20CM",2023,10,18,"SWH","TR","A",20,NA,NA,"",38.33,3191.24136208476,"",NA,NA,NA,NA,NA,NA,0.0048,0.3411,"bdl",1.188,84.814,"Within_Range",0.009,0.2916,"bdl",163.2511,5.092,NA,2407.8787,67.9232,NA,4.3511,350.5858,16.6995,4.7633,"Within Range","Within Range"
"COMPASS:Synoptic","CB","SWH_202310_TR_LYSA_45CM",2023,10,18,"SWH","TR","A",45,NA,NA,"",53.73,4473.39938389809,"",NA,NA,NA,NA,NA,NA,0.0048,0.3393,"bdl",2.5657,183.1794,"Within_Range",0.3716,11.9958,"Within_Range",72.4193,2.2589,NA,1981.7573,55.9029,NA,3.5811,602.2345,10.4832,1.7407,"Within Range","Within Range"
"COMPASS:Synoptic","CB","SWH_202310_TR_LYSB_10CM",2023,10,18,"SWH","TR","B",10,NA,NA,"",14.63,1218.05012072267,"",NA,NA,NA,NA,NA,NA,0.0542,3.8716,"Within_Range",0.1029,7.3467,"Within_Range",0.0113,0.3653,"Within_Range",250.5199,7.8141,NA,2353.6279,66.3929,NA,4.253,0,0,0,"bdl","Within Range"
"COMPASS:Synoptic","CB","SWH_202310_TR_LYSB_20CM",2023,10,18,"SWH","TR","B",20,NA,NA,"",21.26,1770.04412621763,"",NA,NA,NA,NA,NA,NA,0.0092,0.654,"bdl",0.2339,16.7008,"Within_Range",0.1516,4.896,"Within_Range",244.124,7.6146,NA,2383.8801,67.2463,NA,4.3077,18.0645,1.3687,7.5768,"Within Range","Within Range"
"COMPASS:Synoptic","CB","SWH_202310_TR_LYSB_45CM",2023,10,18,"SWH","TR","B",45,NA,NA,"",54.13,4506.70218965948,"",NA,NA,NA,NA,NA,NA,0.0034,0.2444,"bdl",2.4423,174.3651,"Within_Range",0.2434,7.8589,"Within_Range",50.7395,1.5826,NA,74.6209,2.105,NA,0.1349,698.2756,53.9998,7.7333,"Within Range","Within Range"
"COMPASS:Synoptic","CB","SWH_202310_TR_LYSC_10CM",2023,10,18,"SWH","TR","C",10,NA,NA,"",24.69,2055.61568562151,"",NA,NA,NA,NA,NA,NA,0.1482,10.5782,"Within_Range",0.0225,1.604,"Within_Range",0.0048,0.1558,"Within_Range",273.6427,8.5353,NA,2523.5393,71.1859,NA,4.5601,0,0,0,"bdl","Within Range"
"COMPASS:Synoptic","CB","SWH_202310_TR_LYSC_20CM",2023,10,18,"SWH","TR","C",20,NA,NA,"",32.67,2720.00666056115,"",NA,NA,NA,NA,NA,NA,2e-04,0.0134,"bdl",1.0237,73.088,"Within_Range",0.1164,3.7596,"Within_Range",231.7983,7.2301,NA,2504.0476,70.636,NA,4.5248,3.4432,0.4008,11.6401,"Within Range","High CV"
"COMPASS:Synoptic","CB","SWH_202310_TR_LYSC_45CM",2023,10,18,"SWH","TR","C",45,NA,NA,"",49.74,4141.20389642827,"",NA,NA,NA,NA,NA,NA,6e-04,0.042,"bdl",1.8556,132.4791,"Within_Range",0.3742,12.0814,"Within_Range",116.9843,3.6489,NA,2416.002,68.1524,NA,4.3657,278.1614,3.3399,1.2007,"Within Range","Within Range"
"COMPASS:Synoptic","CB","SWH_202310_UP_LYSA_10CM",2023,10,18,"SWH","UP","A",10,NA,NA,"",4.205,350.095745566564,"blank is ≥ 25% of sample value",NA,NA,NA,NA,NA,NA,9e-04,0.0618,"bdl",0.0189,1.3465,"bdl",0.011,0.3565,"Within_Range",41.9978,1.31,NA,270.0649,7.6182,NA,0.488,0,0,0,"bdl","Within Range"
"COMPASS:Synoptic","CB","SWH_202310_UP_LYSA_20CM",2023,10,18,"SWH","UP","A",20,NA,NA,"",7.21,600.283073848972,"",NA,NA,NA,NA,NA,NA,0,0,"bdl",0.0119,0.8524,"bdl",0.0065,0.2083,"Within_Range",37.5939,1.1726,NA,215.4962,6.0789,NA,0.3894,0,0,0,"bdl","Within Range"
"COMPASS:Synoptic","CB","SWH_202310_UP_LYSA_45CM",2023,10,18,"SWH","UP","A",45,NA,NA,"",44.19,3679.12746648905,"",NA,NA,NA,NA,NA,NA,0.0023,0.162,"bdl",0.3161,22.5696,"Within_Range",0.0046,0.1488,"Within_Range",32.6709,1.0191,NA,258.6919,7.2974,NA,0.4675,24.2573,1.2469,5.1403,"Within Range","Within Range"
"COMPASS:Synoptic","CB","SWH_202310_UP_LYSB_10CM",2023,10,18,"SWH","UP","B",10,NA,NA,"",4.057,337.773707434851,"blank is ≥ 25% of sample value",NA,NA,NA,NA,NA,NA,0.0033,0.2357,"bdl",0.0168,1.2005,"bdl",0.0446,1.4403,"Within_Range",55.7036,1.7375,NA,522.5632,14.7409,NA,0.9443,0,0,0,"bdl","Within Range"
"COMPASS:Synoptic","CB","SWH_202310_UP_LYSB_20CM",2023,10,18,"SWH","UP","B",20,NA,NA,"",12.51,1041.54525018733,"",NA,NA,NA,NA,NA,NA,0.0183,1.3085,"bdl",0.1143,8.1583,"Within_Range",0.0191,0.617,"Within_Range",54.0858,1.687,NA,316.7978,8.9365,NA,0.5725,0,0,0,"bdl","Within Range"
"COMPASS:Synoptic","CB","SWH_202310_UP_LYSB_45CM",2023,10,18,"SWH","UP","B",45,NA,NA,"",40.33,3357.75539089168,"",NA,NA,NA,NA,NA,NA,0,0,"bdl",0.2834,20.2305,"Within_Range",0.0044,0.1436,"Within_Range",14.7359,0.4596,NA,187.7368,5.2958,NA,0.3393,22.7249,1.2742,5.6069,"Within Range","Within Range"
"COMPASS:Synoptic","CB","SWH_202310_UP_LYSC_10CM",2023,10,18,"SWH","UP","C",10,NA,NA,"",NA,NA,NA,NA,NA,NA,NA,NA,NA,0.0024,0.1704,"bdl",0.0215,1.5354,"Within_Range",0.0219,0.7081,"Within_Range",136.2152,4.2488,NA,1353.7206,38.1868,NA,2.4462,0,0,0,"bdl","Within Range"
"COMPASS:Synoptic","CB","SWH_202310_UP_LYSC_20CM",2023,10,18,"SWH","UP","C",20,NA,NA,"",6.851,570.393805678129,"",NA,NA,NA,NA,NA,NA,0.0072,0.5153,"bdl",0.0392,2.7991,"Within_Range",0.0058,0.1881,"Within_Range",92.8373,2.8957,NA,965.1334,27.2252,NA,1.744,0,0,0,"bdl","Within Range"
"COMPASS:Synoptic","CB","SWH_202310_UP_LYSC_45CM",2023,10,18,"SWH","UP","C",45,NA,NA,"",44.98,3744.90050786779,"",NA,NA,NA,NA,NA,NA,0.0042,0.2993,"bdl",0.1936,13.8197,"Within_Range",0.0039,0.1266,"Within_Range",4.7081,0.1469,NA,198.6767,5.6044,NA,0.359,20.2897,1.1578,5.7065,"Within Range","Within Range"
"COMPASS:Synoptic","CB","SWH_202310_WC_LYSA_10CM",2023,10,18,"SWH","WC","A",10,NA,NA,"",NA,NA,NA,NA,NA,NA,NA,NA,NA,0.0031,0.2216,"bdl",0.0344,2.4583,"Within_Range",0.0113,0.3652,"Within_Range",2.5344,0.0791,NA,2440.8647,68.8537,NA,4.4107,5.9938,0.8016,13.3735,"Within Range","High CV"
"COMPASS:Synoptic","CB","SWH_202310_WC_LYSA_20CM",2023,10,18,"SWH","WC","A",20,NA,NA,"",NA,NA,NA,NA,NA,NA,NA,NA,NA,0.0013,0.0923,"bdl",0.0254,1.8116,"Within_Range",0.0103,0.3337,"Within_Range",1.9752,0.0616,NA,2108.3674,59.4744,NA,3.8098,0,0,0,"bdl","Within Range"
"COMPASS:Synoptic","CB","SWH_202310_WC_LYSA_45CM",2023,10,18,"SWH","WC","A",45,NA,NA,"",NA,NA,NA,NA,NA,NA,NA,NA,NA,0.0038,0.2743,"bdl",0.0244,1.7424,"Within_Range",0.0085,0.2757,"Within_Range",62.9489,1.9635,NA,77.8392,2.1957,NA,0.1407,3.2857,0.2271,6.9108,"Within Range","Within Range"
"COMPASS:Synoptic","CB","SWH_202310_WC_LYSB_10CM",2023,10,18,"SWH","WC","B",10,NA,NA,"",NA,NA,NA,NA,NA,NA,NA,NA,NA,0.0021,0.1509,"bdl",0.0397,2.8374,"Within_Range",0.0512,1.6539,"Within_Range",22.1231,0.6901,NA,3021.6968,85.2383,NA,5.4602,35.8872,1.0563,2.9435,"Within Range","Within Range"
"COMPASS:Synoptic","CB","SWH_202310_WC_LYSB_20CM",2023,10,18,"SWH","WC","B",20,NA,NA,"",NA,NA,NA,NA,NA,NA,NA,NA,NA,0,0,"bdl",0.0614,4.3863,"Within_Range",0.0607,1.9602,"Within_Range",0,0,NA,2097.6714,59.1727,NA,3.7905,0,0,0,"bdl","Within Range"
"COMPASS:Synoptic","CB","SWH_202310_WC_LYSB_45CM",2023,10,18,"SWH","WC","B",45,NA,NA,"",NA,NA,NA,NA,NA,NA,NA,NA,NA,0,0,"bdl",0.0341,2.4345,"Within_Range",0.0088,0.2841,"Within_Range",0.6654,0.0208,NA,1387.4582,39.1385,NA,2.5072,0,0,0,"bdl","Within Range"
"COMPASS:Synoptic","CB","SWH_202310_WC_LYSC_10CM",2023,10,18,"SWH","WC","C",10,NA,NA,"",72.99,6076.9294813088,"",NA,NA,NA,NA,NA,NA,0,0,"bdl",0.3193,22.7981,"Within_Range",0.4052,13.081,"Within_Range",126.1397,3.9345,NA,3120.8934,88.0365,NA,5.6395,278.9486,64.5714,23.1481,"Within Range","High CV"
"COMPASS:Synoptic","CB","SWH_202310_WC_LYSC_20CM",2023,10,18,"SWH","WC","C",20,NA,NA,"",48.76,4059.61202231288,"",NA,NA,NA,NA,NA,NA,0,0,"bdl",0.0436,3.1139,"Within_Range",0.0421,1.3596,"Within_Range",255.7044,7.9758,NA,2966.3111,83.6759,NA,5.3602,3.6006,0.2672,7.4207,"Within Range","Within Range"
"COMPASS:Synoptic","CB","SWH_202310_WC_LYSC_45CM",2023,10,18,"SWH","WC","C",45,NA,NA,"",53.05,4416.78461410374,"",NA,NA,NA,NA,NA,NA,0,0,"bdl",0.0264,1.8867,"Within_Range",0.0188,0.6073,"Within_Range",0.8988,0.028,NA,1622.3449,45.7643,NA,2.9316,11.5358,1.0926,9.4716,"Within Range","Within Range"
"COMPASS:Synoptic","CB","GWI_202310_SW_A",2023,10,19,"GWI","SW","A",0,NA,NA,"",18.96,1578.55299308967,"",NA,NA,NA,NA,NA,NA,0.0131,0.9317,"bdl",0.3159,22.5533,"Within_Range",0.0081,0.2605,"Within_Range",1981.343,61.8011,NA,14229.5146,401.3967,NA,25.7128,0,0,0,"bdl","Within Range"
"COMPASS:Synoptic","CB","GWI_202310_SW_B",2023,10,19,"GWI","SW","B",0,NA,NA,"",18.25,1519.44051286321,"",NA,NA,NA,NA,NA,NA,0.0151,1.0759,"bdl",0.1093,7.8023,"Within_Range",0.0057,0.1845,"Within_Range",1925.0477,60.0452,NA,108.1539,3.0509,NA,0.1955,0,0,0,"bdl","Within Range"
"COMPASS:Synoptic","CB","GWI_202310_SW_C",2023,10,19,"GWI","SW","C",0,NA,NA,"",18.4,1531.92906502373,"",NA,NA,NA,NA,NA,NA,0.0164,1.1743,"bdl",0.2493,17.8006,"Within_Range",0.0117,0.3791,"Within_Range",1946.6882,60.7202,NA,13991.2256,394.6749,NA,25.2822,0,0,0,"bdl","Within Range"
"COMPASS:Synoptic","CB","GWI_202310_TR_LYSA_10CM",2023,10,19,"GWI","TR","A",10,NA,NA,"",51.6,4296.06194321872,"",NA,NA,NA,NA,NA,NA,0.0091,0.6514,"bdl",0.2269,16.197,"Within_Range",0.0029,0.0945,"bdl",1018.1034,31.7562,NA,10663.45,300.8025,NA,19.2689,8.2295,0.4008,4.8702,"Within Range","Within Range"
"COMPASS:Synoptic","CB","GWI_202310_TR_LYSA_20CM",2023,10,19,"GWI","TR","A",20,NA,NA,"",NA,NA,NA,NA,NA,NA,NA,NA,NA,0.0054,0.3882,"bdl",0.3084,22.0184,"Within_Range",0.0048,0.1545,"Within_Range",671.7054,20.9515,NA,9420.6483,265.7447,NA,17.0231,0,0,0,"bdl","Within Range"
"COMPASS:Synoptic","CB","GWI_202310_TR_LYSA_45CM",2023,10,19,"GWI","TR","A",45,NA,NA,"",NA,NA,NA,NA,NA,NA,NA,NA,NA,NA,NA,NA,NA,NA,NA,NA,NA,NA,875.154,27.2974,NA,9262.5911,261.2861,NA,16.7375,0,0,0,"bdl","Within Range"
"COMPASS:Synoptic","CB","GWI_202310_TR_LYSB_10CM",2023,10,19,"GWI","TR","B",10,NA,NA,"",25.5,2123.05386728832,"",NA,NA,NA,NA,NA,NA,0.0053,0.3812,"bdl",0.2242,16.0071,"Within_Range",0.0026,0.0836,"bdl",1467.8638,45.7849,NA,11101.5813,313.1617,NA,20.0606,3.3172,0.0445,1.3425,"Within Range","Within Range"
"COMPASS:Synoptic","CB","GWI_202310_TR_LYSB_20CM",2023,10,19,"GWI","TR","B",20,NA,NA,"",NA,NA,NA,NA,NA,NA,NA,NA,NA,0.0084,0.5978,"bdl",0.2553,18.2303,"Within_Range",0.0151,0.4888,"Within_Range",616.0395,19.2152,NA,9305.8738,262.507,NA,16.8157,71.9315,1.1492,1.5977,"Within Range","Within Range"
"COMPASS:Synoptic","CB","GWI_202310_TR_LYSB_45CM",2023,10,19,"GWI","TR","B",45,NA,NA,"",NA,NA,NA,NA,NA,NA,NA,NA,NA,0.005,0.3538,"bdl",0.4911,35.0599,"Within_Range",0.0071,0.2307,"Within_Range",1087.8386,33.9313,NA,8939.7778,252.1799,NA,16.1542,9.9614,0.3563,3.5764,"Within Range","Within Range"
"COMPASS:Synoptic","CB","GWI_202310_TR_LYSC_10CM",2023,10,19,"GWI","TR","C",10,NA,NA,"",13.62,1133.96053617517,"",NA,NA,NA,NA,NA,NA,0.0137,0.9775,"bdl",0.2186,15.6052,"Within_Range",0.0028,0.0898,"bdl",1522.5492,47.4906,NA,11275.9861,318.0814,NA,20.3757,0,0,0,"bdl","Within Range"
"COMPASS:Synoptic","CB","GWI_202310_TR_LYSC_20CM",2023,10,19,"GWI","TR","C",20,NA,NA,"",44.67,3719.09083340271,"",NA,NA,NA,NA,NA,NA,0.0089,0.6379,"bdl",0.1757,12.5411,"Within_Range",0.0028,0.0892,"bdl",1298.2484,40.4943,NA,10784.4806,304.2167,NA,19.4876,9.4261,1.1133,11.8109,"Within Range","High CV"
"COMPASS:Synoptic","CB","GWI_202310_TR_LYSC_45CM",2023,10,19,"GWI","TR","C",45,NA,NA,"",NA,NA,NA,NA,NA,NA,NA,NA,NA,0.0103,0.737,"bdl",0.8847,63.1633,"Within_Range",0.0146,0.4713,"Within_Range",1169.1941,36.4689,NA,9434.979,266.1489,NA,17.049,0,0,0,"bdl","Within Range"
"COMPASS:Synoptic","CB","GWI_202310_UP_LYSA_45CM",2023,10,19,"GWI","UP","A",45,NA,NA,"",NA,NA,NA,NA,NA,NA,NA,NA,NA,0.0025,0.1792,"bdl",0.0635,4.5313,"Within_Range",0.0055,0.1761,"Within_Range",661.3168,20.6275,NA,5261.004,148.4063,NA,9.5067,0,0,0,"bdl","Within Range"
"COMPASS:Synoptic","CB","GWI_202310_UP_LYSB_10CM",2023,10,19,"GWI","UP","B",10,NA,NA,"",5.009,417.034385146949,"blank is ≥ 25% of sample value",NA,NA,NA,NA,NA,NA,0.0042,0.2984,"bdl",0,0,"bdl",0.0313,1.0103,"Within_Range",434.7648,13.561,NA,3598.4837,101.5087,NA,6.5025,0,0,0,"bdl","Within Range"
"COMPASS:Synoptic","CB","GWI_202310_UP_LYSB_20CM",2023,10,19,"GWI","UP","B",20,NA,NA,"",18.01,1499.45882940638,"",NA,NA,NA,NA,NA,NA,0.0047,0.3326,"bdl",0.3083,22.0113,"Within_Range",0.0096,0.3104,"Within_Range",450.0776,14.0386,NA,3721.3545,104.9747,NA,6.7245,1.0185,0.0891,8.7444,"Within Range","Within Range"
"COMPASS:Synoptic","CB","GWI_202310_UP_LYSC_10CM",2023,10,19,"GWI","UP","C",10,NA,NA,"",15.99,1331.27966031138,"",NA,NA,NA,NA,NA,NA,0.0092,0.6545,"bdl",0.1429,10.2005,"Within_Range",0.0125,0.4036,"Within_Range",856.5254,26.7163,NA,6612.5143,186.5307,NA,11.9488,0,0,0,"bdl","Within Range"
"COMPASS:Synoptic","CB","GWI_202310_UP_LYSC_20CM",2023,10,19,"GWI","UP","C",20,NA,NA,"",24.24,2018.15002913995,"",NA,NA,NA,NA,NA,NA,0.01,0.7107,"bdl",0.525,37.4786,"Within_Range",0.0198,0.6384,"Within_Range",638.5644,19.9178,NA,114.9096,3.2415,NA,0.2077,0,0,0,"bdl","Within Range"
"COMPASS:Synoptic","CB","GWI_202310_UP_LYSC_45CM",2023,10,19,"GWI","UP","C",45,NA,NA,"",NA,NA,NA,NA,NA,NA,NA,NA,NA,NA,NA,NA,NA,NA,NA,NA,NA,NA,0,0,NA,2411.5128,68.0257,NA,4.3576,NA,NA,NA,NA,NA
"COMPASS:Synoptic","CB","GWI_202310_WC_LYSA_10CM",2023,10,19,"GWI","WC","A",10,NA,NA,"",77.26,6432.43693281159,"",NA,NA,NA,NA,NA,NA,0.0108,0.7738,"bdl",0.8539,60.962,"Within_Range",0.0094,0.3031,"Within_Range",1797.0279,56.052,NA,14570.5587,411.0172,NA,26.329,0,0,0,"bdl","Within Range"
"COMPASS:Synoptic","CB","GWI_202310_WC_LYSA_20CM",2023,10,19,"GWI","WC","A",20,NA,NA,"",NA,NA,NA,NA,NA,NA,NA,NA,NA,0.0109,0.7759,"bdl",0.3367,24.0409,"Within_Range",0.0041,0.133,"Within_Range",1448.6028,45.1841,NA,13511.7884,381.1506,NA,24.4158,0,0,0,"bdl","Within Range"
"COMPASS:Synoptic","CB","GWI_202310_WC_LYSA_45CM",2023,10,19,"GWI","WC","A",45,NA,NA,"",51.06,4251.10315544085,"",NA,NA,NA,NA,NA,NA,0.022,1.571,"bdl",0.7978,56.9549,"Within_Range",0.0058,0.1873,"Within_Range",1413.1583,44.0785,NA,12517.1196,353.0922,NA,22.6185,0,0,0,"bdl","Within Range"
"COMPASS:Synoptic","CB","GWI_202310_WC_LYSB_10CM",2023,10,19,"GWI","WC","B",10,NA,NA,"",90.47,7532.26209308134,"",NA,NA,NA,NA,NA,NA,0.0089,0.6378,"bdl",0.2742,19.5768,"Within_Range",0.0029,0.0947,"bdl",1707.3696,53.2554,NA,15025.4587,423.8493,NA,27.151,0,0,0,"bdl","Within Range"
"COMPASS:Synoptic","CB","GWI_202310_WC_LYSB_20CM",2023,10,19,"GWI","WC","B",20,NA,NA,"",73.9,6152.69336441595,"",NA,NA,NA,NA,NA,NA,0.0063,0.4484,"bdl",0.6204,44.2951,"Within_Range",0.0025,0.0813,"bdl",1659.2605,51.7549,NA,14243.213,401.7832,NA,25.7375,0,0,0,"bdl","Within Range"
"COMPASS:Synoptic","CB","GWI_202310_WC_LYSB_45CM",2023,10,19,"GWI","WC","B",45,NA,NA,"",57.52,4788.94346848722,"",NA,NA,NA,NA,NA,NA,0.0135,0.9633,"bdl",0.7425,53.0088,"Within_Range",0.004,0.1304,"Within_Range",1619.9601,50.529,NA,13232.1042,373.261,NA,23.9104,0,0,0,"bdl","Within Range"
"COMPASS:Synoptic","CB","GWI_202310_WC_LYSC_10CM",2023,10,19,"GWI","WC","C",10,NA,NA,"",84.41,7027.72458579635,"",NA,NA,NA,NA,NA,NA,0.007,0.4995,"bdl",0.8071,57.6247,"Within_Range",0.0029,0.0944,"bdl",1924.8722,60.0397,NA,15362.5526,433.3583,NA,27.7602,0,0,0,"bdl","Within Range"
"COMPASS:Synoptic","CB","GWI_202310_WC_LYSC_20CM",2023,10,19,"GWI","WC","C",20,NA,NA,"",NA,NA,NA,NA,NA,NA,NA,NA,NA,0.0163,1.1639,"bdl",0.6438,45.9618,"Within_Range",0.0037,0.1199,"Within_Range",1350.3266,42.1187,NA,14363.297,405.1706,NA,25.9545,0,0,0,"bdl","Within Range"
"COMPASS:Synoptic","CB","MSM_202311_SW_A",2023,11,7,"MSM","SW","A",0,NA,NA,"",18.34,1526.93364415952,"",NA,NA,NA,NA,NA,NA,0.0055,0.3945,"bdl",0.2702,19.2934,"Within_Range",0.0037,0.1187,"Within_Range",1325.2692,41.3372,NA,9655.0128,272.3558,NA,17.4466,0,0,0,"bdl","Within Range"
"COMPASS:Synoptic","CB","MSM_202311_SW_B",2023,11,7,"MSM","SW","B",0,NA,NA,"",17.99,1497.79368911831,"",NA,NA,NA,NA,NA,NA,0.0049,0.3518,"bdl",0.2712,19.3622,"Within_Range",0.0046,0.1487,"Within_Range",1329.9084,41.4819,NA,9665.0661,272.6394,NA,17.4648,0,0,0,"bdl","Within Range"
"COMPASS:Synoptic","CB","MSM_202311_SW_C",2023,11,7,"MSM","SW","C",0,NA,NA,"",17.68,1471.98401465323,"",NA,NA,NA,NA,NA,NA,0.0028,0.2032,"bdl",0.2609,18.6245,"Within_Range",0.0038,0.1214,"Within_Range",1337.7957,41.7279,NA,9761.9133,275.3713,NA,17.6398,0,0,0,"bdl","Within Range"
"COMPASS:Synoptic","CB","MSM_202311_TR_LYSA_10CM",2023,11,7,"MSM","TR","A",10,NA,NA,"",12.52,1042.37782033136,"",NA,NA,NA,NA,NA,NA,0.0283,2.018,"Within_Range",0.8855,63.2178,"Within_Range",0.0094,0.3041,"Within_Range",707.1895,22.0583,NA,7014.5203,197.8708,NA,12.6753,0,0,0,"bdl","Within Range"
"COMPASS:Synoptic","CB","MSM_202311_TR_LYSA_20CM",2023,11,7,"MSM","TR","A",20,NA,NA,"",41.38,3445.17525601532,"",NA,NA,NA,NA,NA,NA,0.0051,0.3644,"bdl",3.2701,233.4688,"Within_Range",0.0165,0.5328,"Within_Range",643.5869,20.0745,NA,5522.2483,155.7757,NA,9.9787,0,0,0,"bdl","Within Range"
"COMPASS:Synoptic","CB","MSM_202311_TR_LYSA_45CM",2023,11,7,"MSM","TR","A",45,NA,NA,"",NA,NA,NA,NA,NA,NA,NA,NA,NA,NA,NA,NA,NA,NA,NA,NA,NA,NA,532.8335,16.6199,NA,4351.4206,122.7481,NA,7.863,0,0,0,"bdl","Within Range"
"COMPASS:Synoptic","CB","MSM_202311_TR_LYSB_10CM",2023,11,7,"MSM","TR","B",10,NA,NA,"",27.23,2267.08850220631,"",NA,NA,NA,NA,NA,NA,0.0095,0.6816,"bdl",1.7865,127.5452,"Within_Range",0.0086,0.2775,"Within_Range",709.273,22.1233,NA,7178.4101,202.4939,NA,12.9714,0,0,0,"bdl","Within Range"
"COMPASS:Synoptic","CB","MSM_202311_TR_LYSB_20CM",2023,11,7,"MSM","TR","B",20,NA,NA,"",49.54,4124.55249354758,"",NA,NA,NA,NA,NA,NA,0.0066,0.47,"bdl",2.9063,207.4964,"Within_Range",0.0099,0.3207,"Within_Range",411.3711,12.8313,NA,6758.7082,190.6547,NA,12.213,0.8518,0.3413,40.0694,"Within Range","High CV"
"COMPASS:Synoptic","CB","MSM_202311_TR_LYSB_45CM",2023,11,7,"MSM","TR","B",45,NA,NA,"",NA,NA,NA,NA,NA,NA,NA,NA,NA,0.0054,0.385,"bdl",1.9617,140.0552,"Within_Range",0.0112,0.3604,"Within_Range",254.7283,7.9454,NA,4964.8593,140.0524,NA,8.9715,3.3256,0.1707,5.1316,"Within Range","Within Range"
"COMPASS:Synoptic","CB","MSM_202311_TR_LYSC_10CM",2023,11,7,"MSM","TR","C",10,NA,NA,"",21.64,1801.68179169095,"",NA,NA,NA,NA,NA,NA,0.0028,0.2027,"bdl",2.142,152.9248,"Within_Range",0.0035,0.1115,"Within_Range",807.7148,25.1938,NA,7903.4132,222.9454,NA,14.2815,4.8943,0.256,5.2302,"Within Range","Within Range"
"COMPASS:Synoptic","CB","MSM_202311_TR_LYSC_20CM",2023,11,7,"MSM","TR","C",20,NA,NA,"",36.88,3070.51869119973,"",NA,NA,NA,NA,NA,NA,0.0058,0.4116,"bdl",1.9449,138.8533,"Within_Range",0.0062,0.2012,"Within_Range",518.1813,16.1629,NA,6629.8164,187.0188,NA,11.9801,19.2343,1.2889,6.7011,"Within Range","Within Range"
"COMPASS:Synoptic","CB","MSM_202311_TR_LYSC_45CM",2023,11,7,"MSM","TR","C",45,NA,NA,"",NA,NA,NA,NA,NA,NA,NA,NA,NA,0.0085,0.6066,"bdl",3.4657,247.4348,"Within_Range",0.0219,0.7081,"Within_Range",589.952,18.4015,NA,5492.6976,154.9421,NA,9.9253,0,0,0,"bdl","Within Range"
"COMPASS:Synoptic","CB","MSM_202311_UP_LYSA_20CM",2023,11,7,"MSM","UP","A",20,NA,NA,"",NA,NA,NA,NA,NA,NA,NA,NA,NA,0.0074,0.5276,"bdl",0.1502,10.724,"Within_Range",0.0059,0.1906,"Within_Range",200.7171,6.2607,NA,2967.9003,83.7207,NA,5.363,0,0,0,"bdl","Within Range"
"COMPASS:Synoptic","CB","MSM_202311_UP_LYSA_45CM",2023,11,7,"MSM","UP","A",45,NA,NA,"",NA,NA,NA,NA,NA,NA,NA,NA,NA,0.0086,0.6146,"bdl",1.4288,102.0076,"Within_Range",0.0197,0.6375,"Within_Range",144.9018,4.5197,NA,1881.8531,53.0847,NA,3.4005,0,0,0,"bdl","Within Range"
"COMPASS:Synoptic","CB","MSM_202311_UP_LYSB_10CM",2023,11,7,"MSM","UP","B",10,NA,NA,"",13.07,1088.16917825327,"",NA,NA,NA,NA,NA,NA,0.0034,0.2392,"bdl",0,0,"bdl",0.0099,0.3203,"Within_Range",59.7517,1.8637,NA,1175.496,33.1593,NA,2.1241,0,0,0,"bdl","Within Range"
"COMPASS:Synoptic","CB","MSM_202311_UP_LYSB_45CM",2023,11,7,"MSM","UP","B",45,NA,NA,"",NA,NA,NA,NA,NA,NA,NA,NA,NA,0.0046,0.3288,"bdl",0.7261,51.8424,"Within_Range",0.0063,0.2049,"Within_Range",174.2337,5.4346,NA,1831.7935,51.6726,NA,3.3101,0,0,0,"bdl","Within Range"
"COMPASS:Synoptic","CB","MSM_202311_UP_LYSC_10CM",2023,11,7,"MSM","UP","C",10,NA,NA,"",9.707,808.17583881442,"",NA,NA,NA,NA,NA,NA,0.0087,0.6195,"bdl",0.0062,0.443,"bdl",0.0234,0.7568,"Within_Range",114.4357,3.5694,NA,1350.4021,38.0931,NA,2.4402,0,0,0,"bdl","Within Range"
"COMPASS:Synoptic","CB","MSM_202311_UP_LYSC_20CM",2023,11,7,"MSM","UP","C",20,NA,NA,"",16.96,1412.03896428274,"",NA,NA,NA,NA,NA,NA,0.0075,0.5369,"bdl",0.0313,2.2338,"Within_Range",0.0044,0.1428,"Within_Range",118.3496,3.6915,NA,1055.1504,29.7645,NA,1.9067,0,0,0,"bdl","Within Range"
"COMPASS:Synoptic","CB","MSM_202311_UP_LYSC_45CM",2023,11,7,"MSM","UP","C",45,NA,NA,"",NA,NA,NA,NA,NA,NA,NA,NA,NA,NA,NA,NA,NA,NA,NA,NA,NA,NA,0,0,NA,0,0,NA,0,0,0,0,"bdl","Within Range"
"COMPASS:Synoptic","CB","MSM_202311_WC_LYSA_10CM",2023,11,7,"MSM","WC","A",10,NA,NA,"",37.83,3149.61285488302,"",NA,NA,NA,NA,NA,NA,2e-04,0.0145,"bdl",0.3203,22.8705,"Within_Range",0.0152,0.4915,"Within_Range",1286.9748,40.1427,NA,10051.5854,283.5426,NA,18.1632,254.3443,13.8659,5.4516,"Within Range","Within Range"
"COMPASS:Synoptic","CB","MSM_202311_WC_LYSA_20CM",2023,11,7,"MSM","WC","A",20,NA,NA,"",52.63,4381.81666805428,"",NA,NA,NA,NA,NA,NA,0.0032,0.227,"bdl",0.8143,58.139,"Within_Range",0.0201,0.6486,"Within_Range",1103.6002,34.423,NA,9465.8311,267.0192,NA,17.1048,707.6212,61.8632,8.7424,"Within Range","Within Range"
"COMPASS:Synoptic","CB","MSM_202311_WC_LYSB_10CM",2023,11,7,"MSM","WC","B",10,NA,NA,"",84.78,7058.52968112563,"",NA,NA,NA,NA,NA,NA,0.0016,0.1145,"bdl",0.5555,39.6569,"Within_Range",0.042,1.3564,"Within_Range",966.5694,30.1488,NA,9220.4093,260.0962,NA,16.6613,1293.8895,50.0813,3.8706,"Within Range","Within Range"
"COMPASS:Synoptic","CB","MSM_202311_WC_LYSB_20CM",2023,11,7,"MSM","WC","B",20,NA,NA,"",107.5,8950.12904837233,"",NA,NA,NA,NA,NA,NA,0.0058,0.4176,"bdl",1.178,84.1033,"Within_Range",0.0473,1.5277,"Within_Range",842.8573,26.29,NA,9269.7859,261.489,NA,16.7505,1485.4574,86.0895,5.7955,"Within Range","Within Range"
"COMPASS:Synoptic","CB","MSM_202311_WC_LYSB_45CM",2023,11,7,"MSM","WC","B",45,NA,NA,"",NA,NA,NA,NA,NA,NA,NA,NA,NA,NA,NA,NA,NA,NA,NA,NA,NA,NA,145.5572,4.5401,NA,8790.9472,247.9816,NA,15.8853,0,0,0,"bdl","Within Range"
"COMPASS:Synoptic","CB","MSM_202311_WC_LYSC_10CM",2023,11,7,"MSM","WC","C",10,NA,NA,"",100.9,8400.63275330947,"",NA,NA,NA,NA,NA,NA,0.0032,0.23,"bdl",1.8433,131.6004,"Within_Range",0.0694,2.24,"Within_Range",867.7145,27.0653,NA,9054.0832,255.4043,NA,16.3608,1837.4195,115.233,6.2715,"Within Range","Within Range"
"COMPASS:Synoptic","CB","MSM_202311_WC_LYSC_20CM",2023,11,7,"MSM","WC","C",20,NA,NA,"",NA,NA,NA,NA,NA,NA,NA,NA,NA,0.0077,0.5511,"bdl",2.9515,210.7237,"Within_Range",0.0666,2.1502,"Within_Range",525.0511,16.3771,NA,9071.1039,255.8845,NA,16.3915,1911.3315,150.8635,7.8931,"Within Range","Within Range"
"COMPASS:Synoptic","CB","MSM_202311_WC_LYSC_45CM",2023,11,7,"MSM","WC","C",45,NA,NA,"",NA,NA,NA,NA,NA,NA,NA,NA,NA,0.0126,0.8986,"bdl",1.9738,140.9152,"Within_Range",0.0059,0.1903,"Within_Range",93.75,2.9242,NA,7237.1758,204.1516,NA,13.0776,3.4262,0.2438,7.1172,"Within Range","Within Range"
"COMPASS:Synoptic","CB","GCW_202311_SW_A",2023,11,8,"GCW","SW","A",0,NA,NA,"",18.25,1519.44051286321,"",NA,NA,NA,NA,NA,NA,0.008,0.5744,"bdl",0.1789,12.7747,"Within_Range",0.0173,0.5586,"Within_Range",1173.5852,36.6059,NA,8498.1525,239.7222,NA,15.3562,0,0,0,"bdl","Within Range"
"COMPASS:Synoptic","CB","SWH_202311_SW_A",2023,11,8,"SWH","SW","A",0,NA,NA,"",14.74,1227.20839230705,"",NA,NA,NA,NA,NA,NA,0.0703,5.0195,"Within_Range",0.1816,12.9639,"Within_Range",0.0112,0.3611,"Within_Range",528.5575,16.4865,NA,3921.8119,110.6294,NA,7.0867,0,0,0,"bdl","Within Range"
"COMPASS:Synoptic","CB","GCW_202311_SW_B",2023,11,8,"GCW","SW","B",0,NA,NA,"",17.78,1480.30971609358,"",NA,NA,NA,NA,NA,NA,0.0078,0.5581,"bdl",0.2116,15.1088,"Within_Range",0.0179,0.5787,"Within_Range",1187.7832,37.0488,NA,8626.7276,243.3492,NA,15.5885,0,0,0,"bdl","Within Range"
"COMPASS:Synoptic","CB","SWH_202311_SW_B",2023,11,8,"SWH","SW","B",0,NA,NA,"",14.15,1178.08675380901,"",NA,NA,NA,NA,NA,NA,0.0508,3.628,"Within_Range",0.0325,2.3175,"Within_Range",0.0137,0.4419,"Within_Range",548.7604,17.1167,NA,4057.9593,114.4699,NA,7.3328,0,0,0,"bdl","Within Range"
"COMPASS:Synoptic","CB","GCW_202311_SW_C",2023,11,8,"GCW","SW","C",0,NA,NA,"",17.71,1474.48172508534,"",NA,NA,NA,NA,NA,NA,0.0045,0.3182,"bdl",0.086,6.1413,"Within_Range",0.0202,0.6509,"Within_Range",1173.6474,36.6078,NA,8535.3156,240.7705,NA,15.4233,0,0,0,"bdl","Within Range"
"COMPASS:Synoptic","CB","SWH_202311_SW_C",2023,11,8,"SWH","SW","C",0,NA,NA,"",13.97,1163.10049121639,"",NA,NA,NA,NA,NA,NA,0.0548,3.9146,"Within_Range",0.0331,2.3659,"Within_Range",0.0135,0.4347,"Within_Range",551.2815,17.1953,NA,4102.1062,115.7153,NA,7.4125,0,0,0,"bdl","Within Range"
"COMPASS:Synoptic","CB","SWH_202311_SWAMP_LYSA_10CM",2023,11,8,"SWH","SWAMP","A",10,NA,NA,"",19.36,1611.85579885105,"",NA,NA,NA,NA,NA,NA,0.016,1.1396,"bdl",0.4669,33.3358,"Within_Range",0.0071,0.2296,"Within_Range",68.3896,2.1332,NA,1031.6297,29.101,NA,1.8642,5.0754,0.256,5.0437,"Within Range","Within Range"
"COMPASS:Synoptic","CB","SWH_202311_SWAMP_LYSA_20CM",2023,11,8,"SWH","SWAMP","A",20,NA,NA,"",25.74,2143.03555074515,"",NA,NA,NA,NA,NA,NA,0.013,0.9287,"bdl",0.9032,64.4804,"Within_Range",0.0079,0.2556,"Within_Range",53.0649,1.6552,NA,913.046,25.7559,NA,1.6499,11.0487,0.512,4.6338,"Within Range","Within Range"
"COMPASS:Synoptic","CB","SWH_202311_SWAMP_LYSA_45CM",2023,11,8,"SWH","SWAMP","A",45,NA,NA,"",30.73,2558.48805261843,"",NA,NA,NA,NA,NA,NA,0.0136,0.9724,"bdl",1.9169,136.8591,"Within_Range",0.0043,0.1374,"Within_Range",0.6079,0.019,NA,362.6534,10.23,NA,0.6553,7.0262,0.6993,9.9529,"Within Range","Within Range"
"COMPASS:Synoptic","CB","SWH_202311_SWAMP_LYSB_10CM",2023,11,8,"SWH","SWAMP","B",10,NA,NA,"",7.568,630.089085005412,"",NA,NA,NA,NA,NA,NA,0.0324,2.3125,"Within_Range",0.0386,2.7564,"Within_Range",0.0034,0.1112,"Within_Range",125.5034,3.9146,NA,1133.9587,31.9876,NA,2.0491,0,0,0,"bdl","Within Range"
"COMPASS:Synoptic","CB","SWH_202311_SWAMP_LYSB_20CM",2023,11,8,"SWH","SWAMP","B",20,NA,NA,"",23.92,1991.50778453085,"",NA,NA,NA,NA,NA,NA,0.0238,1.7005,"bdl",1.7018,121.5011,"Within_Range",0.0052,0.169,"Within_Range",9.0377,0.2819,NA,463.7646,13.0822,NA,0.838,15.1314,0.9828,6.4952,"Within Range","Within Range"
"COMPASS:Synoptic","CB","SWH_202311_SWAMP_LYSB_45CM",2023,11,8,"SWH","SWAMP","B",45,NA,NA,"",28.85,2401.96486553992,"",NA,NA,NA,NA,NA,NA,0.014,0.9972,"bdl",0.9027,64.4511,"Within_Range",0.0074,0.2384,"Within_Range",7.5745,0.2363,NA,172.6506,4.8703,NA,0.312,2.6619,0.3413,12.8222,"Within Range","High CV"
"COMPASS:Synoptic","CB","SWH_202311_SWAMP_LYSC_10CM",2023,11,8,"SWH","SWAMP","C",10,NA,NA,"",3.301,274.831404545833,"blank is ≥ 25% of sample value",NA,NA,NA,NA,NA,NA,0.0381,2.7216,"Within_Range",0.0221,1.5771,"Within_Range",0.0034,0.1091,"Within_Range",131.0489,4.0876,NA,1225.7829,34.5778,NA,2.215,0,0,0,"bdl","Within Range"
"COMPASS:Synoptic","CB","SWH_202311_SWAMP_LYSC_20CM",2023,11,8,"SWH","SWAMP","C",20,NA,NA,"",17.66,1470.31887436517,"",NA,NA,NA,NA,NA,NA,0.0253,1.8088,"Within_Range",0.8883,63.4228,"Within_Range",0.0029,0.0941,"bdl",46.2085,1.4413,NA,622.9781,17.5734,NA,1.1257,8.4341,0.2851,3.3808,"Within Range","Within Range"
"COMPASS:Synoptic","CB","SWH_202311_SWAMP_LYSC_45CM",2023,11,8,"SWH","SWAMP","C",45,NA,NA,"",24.24,2018.15002913995,"",NA,NA,NA,NA,NA,NA,0.0131,0.9329,"bdl",1.2747,91.0072,"Within_Range",0.0029,0.0935,"bdl",53.4458,1.6671,NA,852.9346,24.0602,NA,1.5413,74.3616,2.6877,3.6144,"Within Range","Within Range"
"COMPASS:Synoptic","CB","SWH_202311_TR_LYSA_10CM",2023,11,8,"SWH","TR","A",10,NA,NA,"",26.11,2173.84064607443,"",NA,NA,NA,NA,NA,NA,0.025,1.7876,"Within_Range",0.3362,24.0024,"Within_Range",0.0374,1.2067,"Within_Range",196.6056,6.1324,NA,2225.4726,62.7778,NA,4.0215,21.2254,0.4365,2.0564,"Within Range","Within Range"
"COMPASS:Synoptic","CB","SWH_202311_TR_LYSA_20CM",2023,11,8,"SWH","TR","A",20,NA,NA,"",31.02,2582.63258679544,"",NA,NA,NA,NA,NA,NA,0.0083,0.5936,"bdl",0.8137,58.091,"Within_Range",0.1819,5.8713,"Within_Range",155.4911,4.85,NA,2065.7696,58.2728,NA,3.7329,271.691,29.865,10.9923,"Within Range","High CV"
"COMPASS:Synoptic","CB","GCW_202311_TR_LYSA_20CM",2023,11,8,"GCW","TR","A",20,NA,NA,"",NA,NA,NA,NA,NA,NA,NA,NA,NA,0.0064,0.4558,"bdl",0.3683,26.2911,"Within_Range",0.0049,0.159,"Within_Range",1.7685,0.0552,NA,279.7281,7.8908,NA,0.5055,0,0,0,"bdl","Within Range"
"COMPASS:Synoptic","CB","SWH_202311_TR_LYSA_45CM",2023,11,8,"SWH","TR","A",45,NA,NA,"",46.55,3875.61402048122,"",NA,NA,NA,NA,NA,NA,0.0144,1.026,"bdl",1.9534,139.4633,"Within_Range",0.0072,0.2317,"bdl",71.2683,2.223,NA,1797.8027,50.7138,NA,3.2487,600.5242,54.8655,9.1363,"Within Range","Within Range"
"COMPASS:Synoptic","CB","GCW_202311_TR_LYSA_45CM",2023,11,8,"GCW","TR","A",45,NA,NA,"",NA,NA,NA,NA,NA,NA,NA,NA,NA,0.0196,1.3967,"bdl",0.2221,15.8586,"Within_Range",0.0034,0.11,"Within_Range",15.1705,0.4732,NA,99.0325,2.7936,NA,0.179,0,0,0,"bdl","Within Range"
"COMPASS:Synoptic","CB","SWH_202311_TR_LYSB_10CM",2023,11,8,"SWH","TR","B",10,NA,NA,"",12.29,1023.22870701857,"",NA,NA,NA,NA,NA,NA,0.0175,1.2502,"bdl",0.0286,2.0395,"Within_Range",0.0155,0.5,"Within_Range",228.7498,7.1351,NA,2033.7587,57.3698,NA,3.675,0,0,0,"bdl","Within Range"
"COMPASS:Synoptic","CB","GCW_202311_TR_LYSB_10CM",2023,11,8,"GCW","TR","B",10,NA,NA,"",NA,NA,NA,NA,NA,NA,NA,NA,NA,0.0072,0.5166,"bdl",0,0,"bdl",0.014,0.4507,"Within_Range",188.6481,5.8842,NA,1543.5175,43.5407,NA,2.7892,0,0,0,"bdl","Within Range"
"COMPASS:Synoptic","CB","SWH_202311_TR_LYSB_20CM",2023,11,8,"SWH","TR","B",20,NA,NA,"",25.89,2155.52410290567,"",NA,NA,NA,NA,NA,NA,0.0089,0.6342,"bdl",0.1656,11.8251,"Within_Range",0.1993,6.4357,"Within_Range",173.6402,5.4161,NA,2029.1699,57.2403,NA,3.6667,52.9717,0,0,"Within Range","Within Range"
"COMPASS:Synoptic","CB","GCW_202311_TR_LYSB_20CM",2023,11,8,"GCW","TR","B",20,NA,NA,"",NA,NA,NA,NA,NA,NA,NA,NA,NA,0.0079,0.5665,"bdl",1.8591,132.7276,"Within_Range",0.008,0.2581,"Within_Range",38.978,1.2158,NA,924.489,26.0787,NA,1.6706,0,0,0,"bdl","Within Range"
"COMPASS:Synoptic","CB","SWH_202311_TR_LYSB_45CM",2023,11,8,"SWH","TR","B",45,NA,NA,"",47.62,3964.69902589293,"",NA,NA,NA,NA,NA,NA,0.0097,0.6957,"bdl",1.9306,137.8339,"Within_Range",0.4399,14.2032,"Within_Range",80.1092,2.4987,NA,2092.4791,59.0262,NA,3.7811,750.3595,45.1852,6.0218,"Within Range","Within Range"
"COMPASS:Synoptic","CB","SWH_202311_TR_LYSC_10CM",2023,11,8,"SWH","TR","C",10,NA,NA,"",21.23,1767.54641578553,"",NA,NA,NA,NA,NA,NA,0.1422,10.1505,"Within_Range",0.2618,18.6944,"Within_Range",0.0076,0.2459,"Within_Range",190.5496,5.9435,NA,1953.9106,55.1174,NA,3.5307,0,0,0,"bdl","Within Range"
"COMPASS:Synoptic","CB","SWH_202311_TR_LYSC_20CM",2023,11,8,"SWH","TR","C",20,NA,NA,"",29.28,2437.76538173341,"",NA,NA,NA,NA,NA,NA,0.014,0.9972,"bdl",1.4001,99.9608,"Within_Range",0.1173,3.7881,"Within_Range",174.5262,5.4437,NA,2100.9549,59.2653,NA,3.7965,2.3904,0.2986,12.4938,"Within Range","High CV"
"COMPASS:Synoptic","CB","SWH_202311_TR_LYSC_45CM",2023,11,8,"SWH","TR","C",45,NA,NA,"",41.22,3431.85413371077,"",NA,NA,NA,NA,NA,NA,0.0108,0.7683,"bdl",2.1805,155.6751,"Within_Range",0.4213,13.6029,"Within_Range",134.695,4.2013,NA,2269.8285,64.029,NA,4.1016,238.506,19.1989,8.0497,"Within Range","Within Range"
"COMPASS:Synoptic","CB","GCW_202311_TR_LYSC_45CM",2023,11,8,"GCW","TR","C",45,NA,NA,"",NA,NA,NA,NA,NA,NA,NA,NA,NA,NA,NA,NA,NA,NA,NA,NA,NA,NA,4.7491,0.1481,NA,435.8184,12.2939,NA,0.7875,0,0,0,"bdl","Within Range"
"COMPASS:Synoptic","CB","SWH_202311_UP_LYSA_10CM",2023,11,8,"SWH","UP","A",10,NA,NA,"",3.556,296.061943218716,"blank is ≥ 25% of sample value",NA,NA,NA,NA,NA,NA,0.0104,0.7433,"bdl",0.0377,2.6899,"Within_Range",0.0117,0.3765,"Within_Range",49.317,1.5383,NA,299.4958,8.4484,NA,0.5412,0,0,0,"bdl","Within Range"
"COMPASS:Synoptic","CB","SWH_202311_UP_LYSA_20CM",2023,11,8,"SWH","UP","A",20,NA,NA,"",6.349,528.59878444759,"",NA,NA,NA,NA,NA,NA,0.0117,0.8336,"bdl",0.0647,4.6227,"Within_Range",0.0081,0.2623,"Within_Range",42.8066,1.3352,NA,216.4663,6.1062,NA,0.3912,0,0,0,"bdl","Within Range"
"COMPASS:Synoptic","CB","SWH_202311_UP_LYSA_45CM",2023,11,8,"SWH","UP","A",45,NA,NA,"",40.36,3360.25310132379,"",NA,NA,NA,NA,NA,NA,0.0087,0.6183,"bdl",0.3187,22.7553,"Within_Range",0.0057,0.1849,"Within_Range",19.7838,0.6171,NA,438.3781,12.3661,NA,0.7922,27.6411,2.6452,9.5697,"Within Range","Within Range"
"COMPASS:Synoptic","CB","SWH_202311_UP_LYSB_10CM",2023,11,8,"SWH","UP","B",10,NA,NA,"",4.772,397.302472733328,"blank is ≥ 25% of sample value",NA,NA,NA,NA,NA,NA,0.0103,0.7347,"bdl",0.016,1.1459,"bdl",0.0546,1.7639,"Within_Range",52.6294,1.6416,NA,467.0255,13.1742,NA,0.8439,0,0,0,"bdl","Within Range"
"COMPASS:Synoptic","CB","SWH_202311_UP_LYSB_20CM",2023,11,8,"SWH","UP","B",20,NA,NA,"",11.47,954.957955207726,"",NA,NA,NA,NA,NA,NA,0.0107,0.7633,"bdl",0.188,13.4231,"Within_Range",0.0174,0.5609,"Within_Range",46.1793,1.4404,NA,277.33,7.8231,NA,0.5012,0,0,0,"bdl","Within Range"
"COMPASS:Synoptic","CB","SWH_202311_UP_LYSB_45CM",2023,11,8,"SWH","UP","B",45,NA,NA,"",45.15,3759.05420031638,"",NA,NA,NA,NA,NA,NA,0.0109,0.7811,"bdl",0.3567,25.4685,"Within_Range",0.006,0.1941,"Within_Range",6.7134,0.2094,NA,349.2465,9.8518,NA,0.6311,23.4578,2.2498,9.5907,"Within Range","Within Range"
"COMPASS:Synoptic","CB","SWH_202311_UP_LYSC_10CM",2023,11,8,"SWH","UP","C",10,NA,NA,"",NA,NA,NA,NA,NA,NA,NA,NA,NA,NA,NA,NA,NA,NA,NA,NA,NA,NA,114.8808,3.5833,NA,1194.9932,33.7093,NA,2.1594,0,0,0,"bdl","Within Range"
"COMPASS:Synoptic","CB","SWH_202311_UP_LYSC_20CM",2023,11,8,"SWH","UP","C",20,NA,NA,"",6.358,529.348097577221,"",NA,NA,NA,NA,NA,NA,0.0091,0.6486,"bdl",0.0216,1.5386,"Within_Range",0.0064,0.2057,"Within_Range",91.9423,2.8678,NA,916.7248,25.8597,NA,1.6565,0,0,0,"bdl","Within Range"
"COMPASS:Synoptic","CB","SWH_202311_UP_LYSC_45CM",2023,11,8,"SWH","UP","C",45,NA,NA,"",45.88,3819.83182083091,"",NA,NA,NA,NA,NA,NA,0.0106,0.7542,"bdl",0.2384,17.0231,"Within_Range",0.0044,0.1436,"Within_Range",0.4264,0.0133,NA,284.4258,8.0233,NA,0.514,18.3292,0.7198,3.9272,"Within Range","Within Range"
"COMPASS:Synoptic","CB","GCW_202311_WC_LYSA_10CM",2023,11,8,"GCW","WC","A",10,NA,NA,"",72.81,6061.94321871618,"",NA,NA,NA,NA,NA,NA,0.0062,0.4396,"bdl",0.3203,22.8711,"Within_Range",0.2382,7.689,"Within_Range",741.2192,23.1198,NA,6870.4416,193.8065,NA,12.4149,1411.294,120.5265,8.5401,"Within Range","Within Range"
"COMPASS:Synoptic","CB","SWH_202311_WC_LYSA_10CM",2023,11,8,"SWH","WC","A",10,NA,NA,"",NA,NA,NA,NA,NA,NA,NA,NA,NA,NA,NA,NA,NA,NA,NA,NA,NA,NA,37.8213,1.1797,NA,2574.1908,72.6147,NA,4.6516,6.1212,0.4529,7.3982,"Within Range","Within Range"
"COMPASS:Synoptic","CB","GCW_202311_WC_LYSA_20CM",2023,11,8,"GCW","WC","A",20,NA,NA,"",135.6,11289.6511531096,"",NA,NA,NA,NA,NA,NA,0.0063,0.4509,"bdl",1.2342,88.1173,"Within_Range",0.2358,7.6126,"Within_Range",347.5821,10.8416,NA,6165.7449,173.9279,NA,11.1415,2175.3031,151.4055,6.9602,"Within Range","Within Range"
"COMPASS:Synoptic","CB","SWH_202311_WC_LYSA_20CM",2023,11,8,"SWH","WC","A",20,NA,NA,"",NA,NA,NA,NA,NA,NA,NA,NA,NA,0.0175,1.2527,"bdl",0.0271,1.9333,"Within_Range",0.0072,0.231,"Within_Range",13.8919,0.4333,NA,2372.4334,66.9234,NA,4.287,0,0,0,"bdl","Within Range"
"COMPASS:Synoptic","CB","GCW_202311_WC_LYSA_45CM",2023,11,8,"GCW","WC","A",45,NA,NA,"",166.5,13862.2928981767,"",NA,NA,NA,NA,NA,NA,0.0285,2.0357,"Within_Range",2.0579,146.926,"Within_Range",0.3596,11.6088,"Within_Range",169.6292,5.291,NA,5397.5125,152.2571,NA,9.7533,2519.7231,62.1445,2.4663,"adl","Within Range"
"COMPASS:Synoptic","CB","SWH_202311_WC_LYSA_45CM",2023,11,8,"SWH","WC","A",45,NA,NA,"",NA,NA,NA,NA,NA,NA,NA,NA,NA,0.0199,1.4213,"bdl",0.0167,1.1913,"bdl",0.0097,0.3127,"Within_Range",86.386,2.6945,NA,2345.8498,66.1735,NA,4.239,1.244,0.128,10.2889,"Within Range","High CV"
"COMPASS:Synoptic","CB","GCW_202311_WC_LYSB_10CM",2023,11,8,"GCW","WC","B",10,NA,NA,"",113.7,9466.3225376738,"",NA,NA,NA,NA,NA,NA,0.0077,0.5475,"bdl",1.4209,101.4421,"Within_Range",0.2897,9.3537,"Within_Range",448.3201,13.9838,NA,6112.9008,172.4373,NA,11.046,2126.0284,119.3487,5.6137,"Within Range","Within Range"
"COMPASS:Synoptic","CB","SWH_202311_WC_LYSB_10CM",2023,11,8,"SWH","WC","B",10,NA,NA,"",NA,NA,NA,NA,NA,NA,NA,NA,NA,0.011,0.7879,"bdl",0.0336,2.3976,"Within_Range",0.1858,5.9989,"Within_Range",180.4021,5.627,NA,2912.9081,82.1695,NA,5.2637,40.6738,2.8639,7.0412,"Within Range","Within Range"
"COMPASS:Synoptic","CB","GCW_202311_WC_LYSB_20CM",2023,11,8,"GCW","WC","B",20,NA,NA,"",144.3,12013.9871784198,"",NA,NA,NA,NA,NA,NA,0.0078,0.5589,"bdl",1.4004,99.9782,"Within_Range",0.1992,6.4325,"Within_Range",327.9315,10.2287,NA,6199.9929,174.894,NA,11.2034,2490.5606,183.4563,7.3661,"adl","Within Range"
"COMPASS:Synoptic","CB","SWH_202311_WC_LYSB_20CM",2023,11,8,"SWH","WC","B",20,NA,NA,"",NA,NA,NA,NA,NA,NA,NA,NA,NA,0.0117,0.8357,"bdl",0.047,3.357,"Within_Range",0.0098,0.3173,"Within_Range",0.7421,0.0231,NA,2329.2348,65.7048,NA,4.209,0,0,0,"bdl","Within Range"
"COMPASS:Synoptic","CB","GCW_202311_WC_LYSB_45CM",2023,11,8,"GCW","WC","B",45,NA,NA,"",155.9,12979.7685455,"",NA,NA,NA,NA,NA,NA,0.0205,1.4658,"bdl",1.531,109.3032,"Within_Range",0.0104,0.3374,"bdl",263.8893,8.2311,NA,5642.432,159.1659,NA,10.1959,2429.2186,193.5961,7.9695,"adl","Within Range"
"COMPASS:Synoptic","CB","SWH_202311_WC_LYSB_45CM",2023,11,8,"SWH","WC","B",45,NA,NA,"",NA,NA,NA,NA,NA,NA,NA,NA,NA,0.0189,1.3497,"bdl",0.072,5.1406,"Within_Range",0.0144,0.4657,"Within_Range",1.3669,0.0426,NA,1547.7472,43.66,NA,2.7968,0,0,0,"bdl","Within Range"
"COMPASS:Synoptic","CB","GCW_202311_WC_LYSC_10CM",2023,11,8,"GCW","WC","C",10,NA,NA,"",49.48,4119.55707268337,"",NA,NA,NA,NA,NA,NA,0.0078,0.5552,"bdl",0.2547,18.1844,"Within_Range",0.1795,5.7952,"Within_Range",876.5061,27.3396,NA,7313.6162,206.3079,NA,13.2157,848.6574,37.3312,4.3989,"Within Range","Within Range"
"COMPASS:Synoptic","CB","SWH_202311_WC_LYSC_10CM",2023,11,8,"SWH","WC","C",10,NA,NA,"",53.56,4459.24569144951,"",NA,NA,NA,NA,NA,NA,0.012,0.8532,"bdl",0.3068,21.9022,"Within_Range",0.336,10.8493,"Within_Range",253.6214,7.9108,NA,3011.8765,84.9613,NA,5.4425,172.1361,8.5328,4.957,"Within Range","Within Range"
"COMPASS:Synoptic","CB","GCW_202311_WC_LYSC_20CM",2023,11,8,"GCW","WC","C",20,NA,NA,"",47.65,3967.19673632504,"",NA,NA,NA,NA,NA,NA,0.0077,0.5492,"bdl",0.22,15.7065,"Within_Range",0.1137,3.6723,"Within_Range",844.9853,26.3564,NA,7007.5952,197.6755,NA,12.6628,852.4285,41.5018,4.8687,"Within Range","Within Range"
"COMPASS:Synoptic","CB","SWH_202311_WC_LYSC_20CM",2023,11,8,"SWH","WC","C",20,NA,NA,"",23.93,1992.34035467488,"",NA,NA,NA,NA,NA,NA,0.0148,1.0585,"bdl",0.0395,2.8234,"Within_Range",0.0095,0.3066,"Within_Range",374.4658,11.6802,NA,3319.8437,93.6486,NA,5.999,2.2395,0.256,11.4303,"Within Range","High CV"
"COMPASS:Synoptic","CB","GCW_202311_WC_LYSC_45CM",2023,11,8,"GCW","WC","C",45,NA,NA,"",92.82,7727.91607692948,"",NA,NA,NA,NA,NA,NA,0.0077,0.5499,"bdl",0.482,34.4129,"Within_Range",0.1894,6.1149,"Within_Range",501.1456,15.6315,NA,5838.0819,164.685,NA,10.5494,1841.9447,134.3924,7.2962,"Within Range","Within Range"
"COMPASS:Synoptic","CB","SWH_202311_WC_LYSC_45CM",2023,11,8,"SWH","WC","C",45,NA,NA,"",57.45,4783.11547747898,"",NA,NA,NA,NA,NA,NA,0.0164,1.1681,"bdl",0.0537,3.8312,"Within_Range",0.0089,0.2873,"Within_Range",10.4249,0.3252,NA,1804.6159,50.9059,NA,3.261,16.1571,1.51,9.3458,"Within Range","Within Range"
"COMPASS:Synoptic","CB","GWI_202311_SW_A",2023,11,9,"GWI","SW","A",0,NA,NA,"",19.46,1620.1815002914,"",NA,NA,NA,NA,NA,NA,0.0253,1.8095,"Within_Range",0.4228,30.1836,"Within_Range",0.0063,0.2039,"Within_Range",1821.9714,56.83,NA,13267.8279,374.2688,NA,23.975,0,0,0,"bdl","Within Range"
"COMPASS:Synoptic","CB","GWI_202311_SW_B",2023,11,9,"GWI","SW","B",0,NA,NA,"",18.89,1572.72500208143,"",NA,NA,NA,NA,NA,NA,0.0105,0.7474,"bdl",0.3866,27.5984,"Within_Range",0.0065,0.2097,"Within_Range",1751.7279,54.639,NA,12729.3102,359.0779,NA,23.0019,0,0,0,"bdl","Within Range"
"COMPASS:Synoptic","CB","GWI_202311_SW_C",2023,11,9,"GWI","SW","C",0,NA,NA,"",18.59,1547.74789776039,"",NA,NA,NA,NA,NA,NA,0.008,0.5692,"bdl",0.4347,31.0383,"Within_Range",0.0064,0.2051,"Within_Range",1766.9177,55.1128,NA,12862.3136,362.8297,NA,23.2422,0,0,0,"bdl","Within Range"
"COMPASS:Synoptic","CB","GWI_202311_TR_LYSA_10CM",2023,11,9,"GWI","TR","A",10,NA,NA,"",52.82,4397.63550079094,"",NA,NA,NA,NA,NA,NA,0.0103,0.7346,"bdl",0.459,32.7712,"Within_Range",0.0035,0.1145,"Within_Range",1014.8258,31.654,NA,10151.7466,286.368,NA,18.3442,0,0,0,"bdl","Within Range"
"COMPASS:Synoptic","CB","GWI_202311_TR_LYSA_20CM",2023,11,9,"GWI","TR","A",20,NA,NA,"",NA,NA,NA,NA,NA,NA,NA,NA,NA,0.0074,0.5288,"bdl",0.8095,57.7917,"Within_Range",0.0055,0.1782,"Within_Range",628.1181,19.592,NA,8948.909,252.4375,NA,16.1707,0,0,0,"bdl","Within Range"
"COMPASS:Synoptic","CB","GWI_202311_TR_LYSA_45CM",2023,11,9,"GWI","TR","A",45,NA,NA,"",NA,NA,NA,NA,NA,NA,NA,NA,NA,0.0395,2.8226,"Within_Range",0.7328,52.3174,"Within_Range",0.0159,0.5146,"Within_Range",820.1254,25.581,NA,8586.0672,242.2022,NA,15.515,0,0,0,"bdl","Within Range"
"COMPASS:Synoptic","CB","GWI_202311_TR_LYSB_10CM",2023,11,9,"GWI","TR","B",10,NA,NA,"",25.25,2102.23961368745,"",NA,NA,NA,NA,NA,NA,0.0098,0.697,"bdl",0.4236,30.2449,"Within_Range",0.0037,0.119,"Within_Range",1425.1956,44.454,NA,11263.1989,317.7207,NA,20.3526,0,0,0,"bdl","Within Range"
"COMPASS:Synoptic","CB","GWI_202311_TR_LYSB_20CM",2023,11,9,"GWI","TR","B",20,NA,NA,"",NA,NA,NA,NA,NA,NA,NA,NA,NA,0.0109,0.7773,"bdl",0.4832,34.4947,"Within_Range",0.0055,0.1762,"Within_Range",651.0651,20.3077,NA,9213.5854,259.9037,NA,16.649,52.8316,0.7253,1.3728,"Within Range","Within Range"
"COMPASS:Synoptic","CB","GWI_202311_TR_LYSB_45CM",2023,11,9,"GWI","TR","B",45,NA,NA,"",NA,NA,NA,NA,NA,NA,NA,NA,NA,0.0087,0.6237,"bdl",0.6423,45.8543,"Within_Range",0.0075,0.2418,"Within_Range",1037.7547,32.3691,NA,8564.1602,241.5842,NA,15.4755,1.2742,0,0,"Within Range","Within Range"
"COMPASS:Synoptic","CB","GWI_202311_TR_LYSC_10CM",2023,11,9,"GWI","TR","C",10,NA,NA,"",11.07,921.655149446341,"",NA,NA,NA,NA,NA,NA,0.0316,2.2566,"Within_Range",0.1417,10.1188,"Within_Range",0.0027,0.087,"bdl",1578.4128,49.2331,NA,12049.8714,339.9117,NA,21.7741,1.2742,0.0853,6.6968,"Within Range","Within Range"
"COMPASS:Synoptic","CB","GWI_202311_TR_LYSC_20CM",2023,11,9,"GWI","TR","C",20,NA,NA,"",35.7,2972.27541420365,"",NA,NA,NA,NA,NA,NA,0.0095,0.6798,"bdl",0.4044,28.8753,"Within_Range",0.0045,0.1449,"Within_Range",1237.7441,38.6071,NA,10528.4119,296.9933,NA,19.0249,22.6634,1.1519,5.0828,"Within Range","Within Range"
"COMPASS:Synoptic","CB","GWI_202311_TR_LYSC_45CM",2023,11,9,"GWI","TR","C",45,NA,NA,"",NA,NA,NA,NA,NA,NA,NA,NA,NA,0.0123,0.8767,"bdl",0.7122,50.8482,"Within_Range",0.0124,0.4006,"Within_Range",1076.1519,33.5668,NA,8908.1834,251.2887,NA,16.0971,0,0,0,"bdl","Within Range"
"COMPASS:Synoptic","CB","GWI_202311_UP_LYSA_20CM",2023,11,9,"GWI","UP","A",20,NA,NA,"",NA,NA,NA,NA,NA,NA,NA,NA,NA,NA,NA,NA,NA,NA,NA,NA,NA,NA,705.6875,22.0115,NA,5372.4641,151.5505,NA,9.7081,0,0,0,"bdl","Within Range"
"COMPASS:Synoptic","CB","GWI_202311_UP_LYSA_45CM",2023,11,9,"GWI","UP","A",45,NA,NA,"",NA,NA,NA,NA,NA,NA,NA,NA,NA,0.0087,0.621,"bdl",0.3484,24.877,"Within_Range",0.0094,0.3019,"Within_Range",608.8664,18.9915,NA,4850.3224,136.8215,NA,8.7646,0,0,0,"bdl","Within Range"
"COMPASS:Synoptic","CB","GWI_202311_UP_LYSB_10CM",2023,11,9,"GWI","UP","B",10,NA,NA,"",4.219,351.261343768213,"blank is ≥ 25% of sample value",NA,NA,NA,NA,NA,NA,0.0058,0.4117,"bdl",0.0615,4.3942,"Within_Range",0.0509,1.6419,"Within_Range",485.6314,15.1476,NA,4175.7533,117.7928,NA,7.5456,0,0,0,"bdl","Within Range"
"COMPASS:Synoptic","CB","GWI_202311_UP_LYSB_20CM",2023,11,9,"GWI","UP","B",20,NA,NA,"",13.73,1143.11880775955,"",NA,NA,NA,NA,NA,NA,0.0065,0.463,"bdl",0.4516,32.2411,"Within_Range",0.0125,0.4045,"Within_Range",457.3149,14.2643,NA,3969.7479,111.9816,NA,7.1734,2.0284,0.0427,2.1034,"Within Range","Within Range"
"COMPASS:Synoptic","CB","GWI_202311_UP_LYSC_10CM",2023,11,9,"GWI","UP","C",10,NA,NA,"",9.156,762.301223878112,"",NA,NA,NA,NA,NA,NA,0.0059,0.4221,"bdl",0.2691,19.2138,"Within_Range",0.0179,0.5766,"Within_Range",802.369,25.0271,NA,6583.4919,185.712,NA,11.8964,0,0,0,"bdl","Within Range"
"COMPASS:Synoptic","CB","GWI_202311_UP_LYSC_20CM",2023,11,9,"GWI","UP","C",20,NA,NA,"",13.75,1144.78394804762,"",NA,NA,NA,NA,NA,NA,0.0087,0.6194,"bdl",0.4771,34.0591,"Within_Range",0.0201,0.6477,"Within_Range",600.5444,18.7319,NA,5615.4785,158.4056,NA,10.1472,0,0,0,"bdl","Within Range"
"COMPASS:Synoptic","CB","GWI_202311_UP_LYSC_45CM",2023,11,9,"GWI","UP","C",45,NA,NA,"",NA,NA,NA,NA,NA,NA,NA,NA,NA,NA,NA,NA,NA,NA,NA,NA,NA,NA,656.2242,20.4686,NA,5360.4516,151.2116,NA,9.6864,0,0,0,"bdl","Within Range"
"COMPASS:Synoptic","CB","GWI_202311_WC_LYSA_10CM",2023,11,9,"GWI","WC","A",10,NA,NA,"",57.7,4803.92973107984,"",NA,NA,NA,NA,NA,NA,0.0084,0.598,"bdl",0.9813,70.0601,"Within_Range",0.0089,0.2881,"Within_Range",1566.6521,48.8663,NA,12820.3289,361.6454,NA,23.1664,0,0,0,"bdl","Within Range"
"COMPASS:Synoptic","CB","GWI_202311_WC_LYSA_20CM",2023,11,9,"GWI","WC","A",20,NA,NA,"",NA,NA,NA,NA,NA,NA,NA,NA,NA,0.0121,0.8612,"bdl",0.4671,33.3494,"Within_Range",0.0036,0.1153,"Within_Range",1317.4105,41.092,NA,12162.4069,343.0862,NA,21.9775,0,0,0,"bdl","Within Range"
"COMPASS:Synoptic","CB","GWI_202311_WC_LYSA_45CM",2023,11,9,"GWI","WC","A",45,NA,NA,"",49.15,4092.08225793023,"",NA,NA,NA,NA,NA,NA,0.0104,0.7431,"bdl",0.7781,55.5536,"Within_Range",0.0071,0.2285,"Within_Range",1199.1944,37.4047,NA,10824.8116,305.3543,NA,19.5605,0,0,0,"bdl","Within Range"
"COMPASS:Synoptic","CB","GWI_202311_WC_LYSB_10CM",2023,11,9,"GWI","WC","B",10,NA,NA,"",70.8,5894.59661976522,"",NA,NA,NA,NA,NA,NA,0.0088,0.6264,"bdl",0.5222,37.2829,"Within_Range",0.0026,0.0845,"bdl",1592.8158,49.6823,NA,13596.1213,383.5295,NA,24.5682,0,0,0,"bdl","Within Range"
"COMPASS:Synoptic","CB","GWI_202311_WC_LYSB_20CM",2023,11,9,"GWI","WC","B",20,NA,NA,"",NA,NA,NA,NA,NA,NA,NA,NA,NA,0.012,0.8536,"bdl",0.8003,57.1343,"Within_Range",0.0034,0.1107,"Within_Range",1506.0823,46.977,NA,13253.9769,373.8781,NA,23.95,0,0,0,"bdl","Within Range"
"COMPASS:Synoptic","CB","GWI_202311_WC_LYSB_45CM",2023,11,9,"GWI","WC","B",45,NA,NA,"",NA,NA,NA,NA,NA,NA,NA,NA,NA,0.0081,0.5817,"bdl",1.0934,78.0622,"Within_Range",0.0079,0.2538,"Within_Range",1472.7331,45.9368,NA,12262.5308,345.9106,NA,22.1584,0,0,0,"bdl","Within Range"
"COMPASS:Synoptic","CB","GWI_202311_WC_LYSC_10CM",2023,11,9,"GWI","WC","C",10,NA,NA,"",69.7,5803.01390392141,"",NA,NA,NA,NA,NA,NA,0.0098,0.7017,"bdl",0.8503,60.7102,"Within_Range",0.0073,0.2357,"Within_Range",1788.5839,55.7886,NA,14254.5661,402.1034,NA,25.758,0,0,0,"bdl","Within Range"
"COMPASS:Synoptic","CB","GWI_202311_WC_LYSC_20CM",2023,11,9,"GWI","WC","C",20,NA,NA,"",NA,NA,NA,NA,NA,NA,NA,NA,NA,0.0138,0.9845,"bdl",0.8886,63.4384,"Within_Range",0.0034,0.1102,"Within_Range",1373.8994,42.854,NA,13728.3106,387.2584,NA,24.8071,0,0,0,"bdl","Within Range"
"COMPASS:Synoptic","CB","GCW_202404_SW_A",2024,4,9,"GCW","SW","A",0,"","","",NA,NA,NA,NA,NA,NA,NA,NA,NA,NA,NA,NA,NA,NA,NA,NA,NA,NA,350.8583,10.9438,"Within_Range",2479.7671,69.9511,"Within_Range",4.481,NA,NA,NA,NA,NA
"COMPASS:Synoptic","CB","GCW_202404_SW_B",2024,4,9,"GCW","SW","B",0,"","","",NA,NA,NA,NA,NA,NA,NA,NA,NA,NA,NA,NA,NA,NA,NA,NA,NA,NA,349.8315,10.9118,"Within_Range",2481.0768,69.9881,"Within_Range",4.4833,NA,NA,NA,NA,NA
"COMPASS:Synoptic","CB","GCW_202404_SW_C",2024,4,9,"GCW","SW","C",0,"","","",NA,NA,NA,NA,NA,NA,NA,NA,NA,NA,NA,NA,NA,NA,NA,NA,NA,NA,344.2814,10.7387,"Within_Range",2443.4145,68.9257,"Within_Range",4.4153,NA,NA,NA,NA,NA
"COMPASS:Synoptic","CB","GCW_202404_TR_LYSA_20CM",2024,4,9,"GCW","TR","A",20,"","","",NA,NA,NA,NA,NA,NA,NA,NA,NA,NA,NA,NA,NA,NA,NA,NA,NA,NA,7.7133,0.2406,"Within_Range",63.2673,1.7847,"Within_Range",0.1144,NA,NA,NA,NA,NA
"COMPASS:Synoptic","CB","GCW_202404_TR_LYSA_45CM",2024,4,9,"GCW","TR","A",45,"","","",NA,NA,NA,NA,NA,NA,NA,NA,NA,NA,NA,NA,NA,NA,NA,NA,NA,NA,12.3547,0.3854,"Within_Range",24.5947,0.6938,"Within_Range",0.0445,NA,NA,NA,NA,NA
"COMPASS:Synoptic","CB","GCW_202404_TR_LYSB_10CM",2024,4,9,"GCW","TR","B",10,"","","",NA,NA,NA,NA,NA,NA,NA,NA,NA,NA,NA,NA,NA,NA,NA,NA,NA,NA,20.456,0.6381,"Within_Range",8.8521,0.2497,"Within_Range",0.016,NA,NA,NA,NA,NA
"COMPASS:Synoptic","CB","GCW_202404_TR_LYSB_20CM",2024,4,9,"GCW","TR","B",20,"","","",NA,NA,NA,NA,NA,NA,NA,NA,NA,NA,NA,NA,NA,NA,NA,NA,NA,NA,22.3625,0.6975,"Within_Range",4.7091,0.1328,"Within_Range",0.0085,NA,NA,NA,NA,NA
"COMPASS:Synoptic","CB","GCW_202404_TR_LYSB_45CM",2024,4,9,"GCW","TR","B",45,"","","",NA,NA,NA,NA,NA,NA,NA,NA,NA,NA,NA,NA,NA,NA,NA,NA,NA,NA,6.526,0.2036,"Within_Range",154.1659,4.3488,"Within_Range",0.2786,NA,NA,NA,NA,NA
"COMPASS:Synoptic","CB","GCW_202404_TR_LYSC_10CM",2024,4,9,"GCW","TR","C",10,"","","",NA,NA,NA,NA,NA,NA,NA,NA,NA,NA,NA,NA,NA,NA,NA,NA,NA,NA,18.7358,0.5844,"Within_Range",7.0271,0.1982,"Within_Range",0.0127,NA,NA,NA,NA,NA
"COMPASS:Synoptic","CB","GCW_202404_TR_LYSC_20CM",2024,4,9,"GCW","TR","C",20,"","","",NA,NA,NA,NA,NA,NA,NA,NA,NA,NA,NA,NA,NA,NA,NA,NA,NA,NA,20.114,0.6274,"Within_Range",23.1144,0.652,"Within_Range",0.0418,NA,NA,NA,NA,NA
"COMPASS:Synoptic","CB","GCW_202404_UP_LYSB_10CM",2024,4,9,"GCW","UP","B",10,"","","",NA,NA,NA,NA,NA,NA,NA,NA,NA,NA,NA,NA,NA,NA,NA,NA,NA,NA,3.2664,0.1019,"Within_Range",3.3562,0.0947,"Within_Range",0.0061,NA,NA,NA,NA,NA
"COMPASS:Synoptic","CB","GCW_202404_UP_LYSB_20CM",2024,4,9,"GCW","UP","B",20,"","","",NA,NA,NA,NA,NA,NA,NA,NA,NA,NA,NA,NA,NA,NA,NA,NA,NA,NA,2.3298,0.0727,"Within_Range",2.2143,0.0625,"Within_Range",0.004,NA,NA,NA,NA,NA
"COMPASS:Synoptic","CB","GCW_202404_WC_LYSA_10CM",2024,4,9,"GCW","WC","A",10,"","","",NA,NA,NA,NA,NA,NA,NA,NA,NA,NA,NA,NA,NA,NA,NA,NA,NA,NA,361.9292,11.2891,"Within_Range",3697.8355,104.3113,"Within_Range",6.682,NA,NA,NA,NA,NA
"COMPASS:Synoptic","CB","GCW_202404_WC_LYSA_20CM",2024,4,9,"GCW","WC","A",20,"","","",NA,NA,NA,NA,NA,NA,NA,NA,NA,NA,NA,NA,NA,NA,NA,NA,NA,NA,394.2508,12.2973,"Within_Range",4787.46,135.0482,"Within_Range",8.651,NA,NA,NA,NA,NA
"COMPASS:Synoptic","CB","GCW_202404_WC_LYSA_45CM",2024,4,9,"GCW","WC","A",45,"","","",NA,NA,NA,NA,NA,NA,NA,NA,NA,NA,NA,NA,NA,NA,NA,NA,NA,NA,170.3739,5.3142,"Within_Range",5691.5097,160.5503,"Within_Range",10.2846,NA,NA,NA,NA,NA
"COMPASS:Synoptic","CB","GCW_202404_WC_LYSB_10CM",2024,4,9,"GCW","WC","B",10,"","","",NA,NA,NA,NA,NA,NA,NA,NA,NA,NA,NA,NA,NA,NA,NA,NA,NA,NA,282.0782,8.7984,"Within_Range",3226.7759,91.0233,"Within_Range",5.8308,NA,NA,NA,NA,NA
"COMPASS:Synoptic","CB","GCW_202404_WC_LYSB_20CM",2024,4,9,"GCW","WC","B",20,"","","",NA,NA,NA,NA,NA,NA,NA,NA,NA,NA,NA,NA,NA,NA,NA,NA,NA,NA,373.3728,11.6461,"Within_Range",4489.1648,126.6337,"Within_Range",8.1119,NA,NA,NA,NA,NA
"COMPASS:Synoptic","CB","GCW_202404_WC_LYSB_45CM",2024,4,9,"GCW","WC","B",45,"","","",NA,NA,NA,NA,NA,NA,NA,NA,NA,NA,NA,NA,NA,NA,NA,NA,NA,NA,234.1666,7.304,"Within_Range",5767.3728,162.6903,"Within_Range",10.4217,NA,NA,NA,NA,NA
"COMPASS:Synoptic","CB","GCW_202404_WC_LYSC_10CM",2024,4,9,"GCW","WC","C",10,"","","",NA,NA,NA,NA,NA,NA,NA,NA,NA,NA,NA,NA,NA,NA,NA,NA,NA,NA,201.9508,6.2992,"Within_Range",1707.6564,48.1708,"Within_Range",3.0858,NA,NA,NA,NA,NA
"COMPASS:Synoptic","CB","GCW_202404_WC_LYSC_20CM",2024,4,9,"GCW","WC","C",20,"","","",NA,NA,NA,NA,NA,NA,NA,NA,NA,NA,NA,NA,NA,NA,NA,NA,NA,NA,345.3179,10.771,"Within_Range",2876.4837,81.142,"Within_Range",5.1978,NA,NA,NA,NA,NA
"COMPASS:Synoptic","CB","GCW_202404_WC_LYSC_45CM",2024,4,9,"GCW","WC","C",45,"","","",NA,NA,NA,NA,NA,NA,NA,NA,NA,NA,NA,NA,NA,NA,NA,NA,NA,NA,594.7975,18.5526,"Within_Range",6210.4817,175.1899,"Within_Range",11.2224,NA,NA,NA,NA,NA
"COMPASS:Synoptic","CB","SWH_202404_SW_A",2024,4,25,"SWH","SW","A",0,"","","",NA,NA,NA,NA,NA,NA,NA,NA,NA,NA,NA,NA,NA,NA,NA,NA,NA,NA,9.6876,0.3022,"Within_Range",14.611,0.4122,"Within_Range",0.0264,NA,NA,NA,NA,NA
"COMPASS:Synoptic","CB","SWH_202404_SW_B",2024,4,25,"SWH","SW","B",0,"","","",NA,NA,NA,NA,NA,NA,NA,NA,NA,NA,NA,NA,NA,NA,NA,NA,NA,NA,10.9308,0.3409,"Within_Range",14.7927,0.4173,"Within_Range",0.0268,NA,NA,NA,NA,NA
"COMPASS:Synoptic","CB","SWH_202404_SW_C",2024,4,25,"SWH","SW","C",0,"","","",NA,NA,NA,NA,NA,NA,NA,NA,NA,NA,NA,NA,NA,NA,NA,NA,NA,NA,10.1854,0.3177,"Within_Range",14.495,0.4089,"Within_Range",0.0262,NA,NA,NA,NA,NA
"COMPASS:Synoptic","CB","SWH_202404_SWAMP_LYSA_10CM",2024,4,25,"SWH","SWAMP","A",10,"","","",NA,NA,NA,NA,NA,NA,NA,NA,NA,NA,NA,NA,NA,NA,NA,NA,NA,NA,3.8002,0.1185,"Within_Range",3.5931,0.1014,"Within_Range",0.0065,NA,NA,NA,NA,NA
"COMPASS:Synoptic","CB","SWH_202404_SWAMP_LYSA_20CM",2024,4,25,"SWH","SWAMP","A",20,"","","",NA,NA,NA,NA,NA,NA,NA,NA,NA,NA,NA,NA,NA,NA,NA,NA,NA,NA,3.7686,0.1175,"Within_Range",3.7415,0.1055,"Within_Range",0.0068,NA,NA,NA,NA,NA
"COMPASS:Synoptic","CB","SWH_202404_SWAMP_LYSA_45CM",2024,4,25,"SWH","SWAMP","A",45,"","","",NA,NA,NA,NA,NA,NA,NA,NA,NA,NA,NA,NA,NA,NA,NA,NA,NA,NA,0.1714,0.0053,"Within_Range",34.1271,0.9627,"Within_Range",0.0617,NA,NA,NA,NA,NA
"COMPASS:Synoptic","CB","SWH_202404_SWAMP_LYSB_10CM",2024,4,25,"SWH","SWAMP","B",10,"","","",NA,NA,NA,NA,NA,NA,NA,NA,NA,NA,NA,NA,NA,NA,NA,NA,NA,NA,1.0034,0.0313,"Within_Range",16.0764,0.4535,"Within_Range",0.0291,NA,NA,NA,NA,NA
"COMPASS:Synoptic","CB","SWH_202404_SWAMP_LYSB_20CM",2024,4,25,"SWH","SWAMP","B",20,"","","",NA,NA,NA,NA,NA,NA,NA,NA,NA,NA,NA,NA,NA,NA,NA,NA,NA,NA,8.3011,0.2589,"Within_Range",18.1028,0.5107,"Within_Range",0.0327,NA,NA,NA,NA,NA
"COMPASS:Synoptic","CB","SWH_202404_SWAMP_LYSB_45CM",2024,4,25,"SWH","SWAMP","B",45,"","","",NA,NA,NA,NA,NA,NA,NA,NA,NA,NA,NA,NA,NA,NA,NA,NA,NA,NA,1.5859,0.0495,"Within_Range",50.8875,1.4355,"Within_Range",0.092,NA,NA,NA,NA,NA
"COMPASS:Synoptic","CB","SWH_202404_SWAMP_LYSC_10CM",2024,4,25,"SWH","SWAMP","C",10,"","","",NA,NA,NA,NA,NA,NA,NA,NA,NA,NA,NA,NA,NA,NA,NA,NA,NA,NA,5.0264,0.1568,"Within_Range",3.3267,0.0938,"Within_Range",0.006,NA,NA,NA,NA,NA
"COMPASS:Synoptic","CB","SWH_202404_SWAMP_LYSC_20CM",2024,4,25,"SWH","SWAMP","C",20,"","","",NA,NA,NA,NA,NA,NA,NA,NA,NA,NA,NA,NA,NA,NA,NA,NA,NA,NA,10.6651,0.3327,"Within_Range",3.2862,0.0927,"Within_Range",0.006,NA,NA,NA,NA,NA
"COMPASS:Synoptic","CB","SWH_202404_SWAMP_LYSC_45CM",2024,4,25,"SWH","SWAMP","C",45,"","","",NA,NA,NA,NA,NA,NA,NA,NA,NA,NA,NA,NA,NA,NA,NA,NA,NA,NA,9.7095,0.3029,"Within_Range",3.1904,0.09,"Within_Range",0.0058,NA,NA,NA,NA,NA
"COMPASS:Synoptic","CB","SWH_202404_TR_LYSA_10CM",2024,4,25,"SWH","TR","A",10,"","","",NA,NA,NA,NA,NA,NA,NA,NA,NA,NA,NA,NA,NA,NA,NA,NA,NA,NA,6.498,0.2027,"Within_Range",93.4423,2.6359,"Within_Range",0.1689,NA,NA,NA,NA,NA
"COMPASS:Synoptic","CB","SWH_202404_TR_LYSA_20CM",2024,4,25,"SWH","TR","A",20,"","","",NA,NA,NA,NA,NA,NA,NA,NA,NA,NA,NA,NA,NA,NA,NA,NA,NA,NA,0.4411,0.0138,"Within_Range",103.0657,2.9074,"Within_Range",0.1863,NA,NA,NA,NA,NA
"COMPASS:Synoptic","CB","SWH_202404_TR_LYSA_45CM",2024,4,25,"SWH","TR","A",45,"","","",NA,NA,NA,NA,NA,NA,NA,NA,NA,NA,NA,NA,NA,NA,NA,NA,NA,NA,0.9471,0.0295,"Within_Range",376.3513,10.6164,"Within_Range",0.6801,NA,NA,NA,NA,NA
"COMPASS:Synoptic","CB","SWH_202404_TR_LYSB_10CM",2024,4,25,"SWH","TR","B",10,"","","",NA,NA,NA,NA,NA,NA,NA,NA,NA,NA,NA,NA,NA,NA,NA,NA,NA,NA,7.0591,0.2202,"Within_Range",74.1635,2.0921,"Within_Range",0.134,NA,NA,NA,NA,NA
"COMPASS:Synoptic","CB","SWH_202404_TR_LYSB_20CM",2024,4,25,"SWH","TR","B",20,"","","",NA,NA,NA,NA,NA,NA,NA,NA,NA,NA,NA,NA,NA,NA,NA,NA,NA,NA,5.8577,0.1827,"Within_Range",96.2834,2.716,"Within_Range",0.174,NA,NA,NA,NA,NA
"COMPASS:Synoptic","CB","SWH_202404_TR_LYSB_45CM",2024,4,25,"SWH","TR","B",45,"","","",NA,NA,NA,NA,NA,NA,NA,NA,NA,NA,NA,NA,NA,NA,NA,NA,NA,NA,0,0,"bdl",327.1,9.2271,"Within_Range",0.5911,NA,NA,NA,NA,NA
"COMPASS:Synoptic","CB","SWH_202404_TR_LYSC_10CM",2024,4,25,"SWH","TR","C",10,"","","",NA,NA,NA,NA,NA,NA,NA,NA,NA,NA,NA,NA,NA,NA,NA,NA,NA,NA,5.2705,0.1644,"Within_Range",100.0441,2.8221,"Within_Range",0.1808,NA,NA,NA,NA,NA
"COMPASS:Synoptic","CB","SWH_202404_TR_LYSC_20CM",2024,4,25,"SWH","TR","C",20,"","","",NA,NA,NA,NA,NA,NA,NA,NA,NA,NA,NA,NA,NA,NA,NA,NA,NA,NA,5.819,0.1815,"Within_Range",162.301,4.5783,"Within_Range",0.2933,NA,NA,NA,NA,NA
"COMPASS:Synoptic","CB","SWH_202404_TR_LYSC_45CM",2024,4,25,"SWH","TR","C",45,"","","",NA,NA,NA,NA,NA,NA,NA,NA,NA,NA,NA,NA,NA,NA,NA,NA,NA,NA,1.6375,0.0511,"Within_Range",182.5156,5.1485,"Within_Range",0.3298,NA,NA,NA,NA,NA
"COMPASS:Synoptic","CB","SWH_202404_UP_LYSA_10CM",2024,4,25,"SWH","UP","A",10,"","","",NA,NA,NA,NA,NA,NA,NA,NA,NA,NA,NA,NA,NA,NA,NA,NA,NA,NA,7.0707,0.2205,"Within_Range",1.1391,0.0321,"Within_Range",0.0021,NA,NA,NA,NA,NA
"COMPASS:Synoptic","CB","SWH_202404_UP_LYSA_20CM",2024,4,25,"SWH","UP","A",20,"","","",NA,NA,NA,NA,NA,NA,NA,NA,NA,NA,NA,NA,NA,NA,NA,NA,NA,NA,6.6178,0.2064,"Within_Range",1.2704,0.0358,"Within_Range",0.0023,NA,NA,NA,NA,NA
"COMPASS:Synoptic","CB","SWH_202404_UP_LYSA_45CM",2024,4,25,"SWH","UP","A",45,"","","",NA,NA,NA,NA,NA,NA,NA,NA,NA,NA,NA,NA,NA,NA,NA,NA,NA,NA,4.9655,0.1549,"Within_Range",0.9155,0.0258,"Within_Range",0.0017,NA,NA,NA,NA,NA
"COMPASS:Synoptic","CB","SWH_202404_UP_LYSB_10CM",2024,4,25,"SWH","UP","B",10,"","","",NA,NA,NA,NA,NA,NA,NA,NA,NA,NA,NA,NA,NA,NA,NA,NA,NA,NA,5.8404,0.1822,"Within_Range",1.9679,0.0555,"Within_Range",0.0036,NA,NA,NA,NA,NA
"COMPASS:Synoptic","CB","SWH_202404_UP_LYSB_20CM",2024,4,25,"SWH","UP","B",20,"","","",NA,NA,NA,NA,NA,NA,NA,NA,NA,NA,NA,NA,NA,NA,NA,NA,NA,NA,6.0345,0.1882,"Within_Range",2.4277,0.0685,"Within_Range",0.0044,NA,NA,NA,NA,NA
"COMPASS:Synoptic","CB","SWH_202404_UP_LYSB_45CM",2024,4,25,"SWH","UP","B",45,"","","",NA,NA,NA,NA,NA,NA,NA,NA,NA,NA,NA,NA,NA,NA,NA,NA,NA,NA,6.1956,0.1933,"Within_Range",5.363,0.1513,"Within_Range",0.0097,NA,NA,NA,NA,NA
"COMPASS:Synoptic","CB","SWH_202404_UP_LYSC_10CM",2024,4,25,"SWH","UP","C",10,"","","",NA,NA,NA,NA,NA,NA,NA,NA,NA,NA,NA,NA,NA,NA,NA,NA,NA,NA,11.4321,0.3566,"Within_Range",6.8856,0.1942,"Within_Range",0.0125,NA,NA,NA,NA,NA
"COMPASS:Synoptic","CB","SWH_202404_UP_LYSC_20CM",2024,4,25,"SWH","UP","C",20,"","","",NA,NA,NA,NA,NA,NA,NA,NA,NA,NA,NA,NA,NA,NA,NA,NA,NA,NA,10.0787,0.3144,"Within_Range",4.0982,0.1156,"Within_Range",0.0074,NA,NA,NA,NA,NA
"COMPASS:Synoptic","CB","SWH_202404_UP_LYSC_45CM",2024,4,25,"SWH","UP","C",45,"","","",NA,NA,NA,NA,NA,NA,NA,NA,NA,NA,NA,NA,NA,NA,NA,NA,NA,NA,2.7567,0.086,"Within_Range",4.6553,0.1313,"Within_Range",0.0084,NA,NA,NA,NA,NA
"COMPASS:Synoptic","CB","SWH_202404_WC_LYSA_10CM",2024,4,25,"SWH","WC","A",10,"","","",NA,NA,NA,NA,NA,NA,NA,NA,NA,NA,NA,NA,NA,NA,NA,NA,NA,NA,18.3444,0.5722,"Within_Range",243.4869,6.8685,"Within_Range",0.44,NA,NA,NA,NA,NA
"COMPASS:Synoptic","CB","SWH_202404_WC_LYSA_20CM",2024,4,25,"SWH","WC","A",20,"","","",NA,NA,NA,NA,NA,NA,NA,NA,NA,NA,NA,NA,NA,NA,NA,NA,NA,NA,1.8288,0.057,"Within_Range",311.8239,8.7962,"Within_Range",0.5635,NA,NA,NA,NA,NA
"COMPASS:Synoptic","CB","SWH_202404_WC_LYSA_45CM",2024,4,25,"SWH","WC","A",45,"","","",NA,NA,NA,NA,NA,NA,NA,NA,NA,NA,NA,NA,NA,NA,NA,NA,NA,NA,37.5878,1.1724,"Within_Range",795.8355,22.4495,"Within_Range",1.4381,NA,NA,NA,NA,NA
"COMPASS:Synoptic","CB","SWH_202404_WC_LYSB_10CM",2024,4,25,"SWH","WC","B",10,"","","",NA,NA,NA,NA,NA,NA,NA,NA,NA,NA,NA,NA,NA,NA,NA,NA,NA,NA,0.563,0.0176,"Within_Range",114.55,3.2313,"Within_Range",0.207,NA,NA,NA,NA,NA
"COMPASS:Synoptic","CB","SWH_202404_WC_LYSB_20CM",2024,4,25,"SWH","WC","B",20,"","","",NA,NA,NA,NA,NA,NA,NA,NA,NA,NA,NA,NA,NA,NA,NA,NA,NA,NA,3.4027,0.1061,"Within_Range",170.9029,4.821,"Within_Range",0.3088,NA,NA,NA,NA,NA
"COMPASS:Synoptic","CB","SWH_202404_WC_LYSB_45CM",2024,4,25,"SWH","WC","B",45,"","","",NA,NA,NA,NA,NA,NA,NA,NA,NA,NA,NA,NA,NA,NA,NA,NA,NA,NA,0,0,"bdl",1049.168,29.5957,"Within_Range",1.8959,NA,NA,NA,NA,NA
"COMPASS:Synoptic","CB","SWH_202404_WC_LYSC_10CM",2024,4,25,"SWH","WC","C",10,"","","",NA,NA,NA,NA,NA,NA,NA,NA,NA,NA,NA,NA,NA,NA,NA,NA,NA,NA,1.2023,0.0375,"Within_Range",64.9106,1.831,"Within_Range",0.1173,NA,NA,NA,NA,NA
"COMPASS:Synoptic","CB","SWH_202404_WC_LYSC_20CM",2024,4,25,"SWH","WC","C",20,"","","",NA,NA,NA,NA,NA,NA,NA,NA,NA,NA,NA,NA,NA,NA,NA,NA,NA,NA,1.0629,0.0332,"Within_Range",199.9525,5.6404,"Within_Range",0.3613,NA,NA,NA,NA,NA
"COMPASS:Synoptic","CB","SWH_202404_WC_LYSC_45CM",2024,4,25,"SWH","WC","C",45,"","","",NA,NA,NA,NA,NA,NA,NA,NA,NA,NA,NA,NA,NA,NA,NA,NA,NA,NA,2.2722,0.0709,"Within_Range",963.1453,27.1691,"Within_Range",1.7404,NA,NA,NA,NA,NA
"COMPASS:Synoptic","CB","SWH_202405_SW_A",2024,5,15,"SWH","SW","A",0,"","","",8.326,693.197901923237,"",5.148,428.60711014903,"",0.474,33.8409475465313,"",0.0838,5.9793,"Within_Range",NA,NA,NA,NA,NA,NA,22.6213,0.7056,"Within_Range",115.2606,3.2514,"Within_Range",0.2083,0,0,0,"bdl","within range"
"COMPASS:Synoptic","CB","SWH_202405_SW_B",2024,5,15,"SWH","SW","B",0,"","","",7.798,649.238198318208,"",4.959,412.871534426775,"",0.4468,31.8990197548316,"",0.0661,4.7209,"Within_Range",NA,NA,NA,NA,NA,NA,7.2811,0.2271,"Within_Range",115.071,3.246,"Within_Range",0.208,0,0,0,"bdl","within range"
"COMPASS:Synoptic","CB","SWH_202405_SW_C",2024,5,15,"SWH","SW","C",0,"","","",7.886,656.564815585713,"",4.993,415.702272916493,"",0.4185,29.8785581186147,"",0.0691,4.9355,"Within_Range",NA,NA,NA,NA,NA,NA,7.2573,0.2264,"Within_Range",117.3691,3.3108,"Within_Range",0.2121,0,0,0,"bdl","within range"
"COMPASS:Synoptic","CB","SWH_202405_SWAMP_LYSA_10CM",2024,5,15,"SWH","SWAMP","A",10,"","","",9.499,790.8583798185,"",12.4,1032.38697860295,"",0.3487,24.8952287119736,"",0.0058,0.4134,"bdl",0.0781,5.5783,"Within_Range",NA,NA,NA,2.8185,0.0879,"Within_Range",3.1096,0.0877,"Within_Range",0.0056,1.1336,0,0,"within range","within range"
"COMPASS:Synoptic","CB","SWH_202405_SWAMP_LYSA_20CM",2024,5,15,"SWH","SWAMP","A",20,"","","",11.12,925.818000166514,"",11.71,974.939638664558,"",0.4125,29.450191693975,"",0.0254,1.8167,"Within_Range",0.0947,6.7639,"Within_Range",NA,NA,NA,2.5729,0.0803,"Within_Range",3.6983,0.1043,"Within_Range",0.0067,1.3026,0.1195,9.1748,"within range","within range"
"COMPASS:Synoptic","CB","SWH_202405_SWAMP_LYSA_45CM",2024,5,15,"SWH","SWAMP","A",45,"","","",15.67,1304.63741570227,"",19.23,1601.0323869786,"",0.8035,57.365403699658,"",0.0219,1.565,"bdl",0.3313,23.6531,"Within_Range",NA,NA,NA,0.1401,0.0044,"Within_Range",15.8045,0.4458,"Within_Range",0.0286,2.1759,0.0488,2.2424,"within range","within range"
"COMPASS:Synoptic","CB","SWH_202405_SWAMP_LYSB_10CM",2024,5,15,"SWH","SWAMP","B",10,"","","",26.12,2174.67321621847,"",108.7,9050.03746565648,"value above cal curve",3.514,250.879936030614,"value above cal curve",0.047,3.3572,"Within_Range",0.0776,5.5421,"Within_Range",NA,NA,NA,0.8063,0.0251,"Within_Range",14.9544,0.4218,"Within_Range",0.027,3.5421,0.1793,5.0611,"within range","within range"
"COMPASS:Synoptic","CB","SWH_202405_SWAMP_LYSB_20CM",2024,5,15,"SWH","SWAMP","B",20,"","","",26.06,2169.67779535426,"",24.1,2006.49404712347,"",0.9743,69.5595679210663,"",0.0282,2.0134,"Within_Range",0.2799,19.982,"Within_Range",NA,NA,NA,0.0756,0.0024,"Within_Range",13.097,0.3694,"Within_Range",0.0237,4.1759,0.239,5.7239,"within range","within range"
"COMPASS:Synoptic","CB","SWH_202405_SWAMP_LYSB_45CM",2024,5,15,"SWH","SWAMP","B",45,"","","",22.38,1863.29198234951,"",6.492,540.504537507285,"",0.4909,35.0475129759329,"",0.0193,1.3763,"bdl",0.3274,23.3755,"Within_Range",NA,NA,NA,8.2037,0.2559,"Within_Range",40.203,1.1341,"Within_Range",0.0727,4.2605,0.1195,2.8052,"within range","within range"
"COMPASS:Synoptic","CB","SWH_202405_SWAMP_LYSC_10CM",2024,5,15,"SWH","SWAMP","C",10,"","","",8.236,685.704770626925,"",26.67,2220.46457414037,"",0.6526,46.5919881199711,"",0.2017,14.3985,"Within_Range",0.3534,25.2319,"Within_Range",NA,NA,NA,3.5659,0.1112,"Within_Range",9.6198,0.2714,"Within_Range",0.0174,2.2604,0.1291,5.7109,"within range","within range"
"COMPASS:Synoptic","CB","SWH_202405_SWAMP_LYSC_20CM",2024,5,15,"SWH","SWAMP","C",20,"","","",5.649,470.318874365165,"blank is ≥ 25% of sample value",26.39,2197.1526101074,"",0.6576,46.9489601405042,"",0.0063,0.4475,"bdl",0.0835,5.9624,"Within_Range",NA,NA,NA,3.46,0.1079,"Within_Range",8.9069,0.2513,"Within_Range",0.0161,0.4153,0.1793,43.1674,"within range","High CV"
"COMPASS:Synoptic","CB","SWH_202405_SWAMP_LYSC_45CM",2024,5,15,"SWH","SWAMP","C",45,"","","",8.619,717.592207143452,"",22.04,1834.98459745234,"",0.6351,45.3425860481055,"",0.0157,1.1186,"bdl",0.1639,11.699,"Within_Range",NA,NA,NA,2.7931,0.0871,"Within_Range",7.634,0.2153,"Within_Range",0.0138,8.6972,0.2988,3.4354,"within range","within range"
"COMPASS:Synoptic","CB","SWH_202405_TR_LYSA_10CM",2024,5,15,"SWH","TR","A",10,"","","",33.56,2794.10540338023,"",36.55,3043.04387644659,"",1.465,104.592802016178,"",0.0337,2.4064,"Within_Range",0.2913,20.7954,"Within_Range",NA,NA,NA,3.0202,0.0942,"Within_Range",104.2797,2.9416,"Within_Range",0.1885,4.4295,0.2236,5.0478,"within range","within range"
"COMPASS:Synoptic","CB","SWH_202405_TR_LYSA_20CM",2024,5,15,"SWH","TR","A",20,"","","",25.57,2128.88185829656,"",17.5,1456.99775206061,"",2.28,162.779241363062,"",0.0031,0.2223,"bdl",1.1987,85.5839,"Within_Range",NA,NA,NA,1.3428,0.0419,"Within_Range",121.683,3.4325,"Within_Range",0.2199,0,0,0,"bdl","within range"
"COMPASS:Synoptic","CB","SWH_202405_TR_LYSA_45CM",2024,5,15,"SWH","TR","A",45,"","","",38.89,3237.8652901507,"",16.36,1362.08475564066,"",2.76,197.048555334233,"",0.0265,1.895,"Within_Range",1.2739,90.9523,"Within_Range",NA,NA,NA,0.7591,0.0237,"Within_Range",427.7771,12.0671,"Within_Range",0.773,0,0,0,"bdl","within range"
"COMPASS:Synoptic","CB","SWH_202405_TR_LYSB_10CM",2024,5,15,"SWH","TR","B",10,"","","",10.55,878.36150195654,"",13.04,1085.67146782116,"",0.5977,42.6724353345185,"",0.02,1.4283,"bdl",0.057,4.0696,"Within_Range",NA,NA,NA,6.2297,0.1943,"Within_Range",47.8059,1.3485,"Within_Range",0.0864,NA,NA,NA,NA,NA
"COMPASS:Synoptic","CB","SWH_202405_TR_LYSB_20CM",2024,5,15,"SWH","TR","B",20,"","","",35.52,2957.28915161102,"",21.74,1810.0074931313,"",2.093,149.428487795127,"",0.0305,2.1782,"Within_Range",1.0383,74.1287,"Within_Range",NA,NA,NA,0.1181,0.0037,"Within_Range",124.6164,3.5153,"Within_Range",0.2252,15.6269,0.0598,0.3824,"within range","within range"
"COMPASS:Synoptic","CB","SWH_202405_TR_LYSB_45CM",2024,5,15,"SWH","TR","B",45,"","","",39.11,3256.18183331946,"",25.04,2084.75564066273,"",2.923,208.68584320361,"",0.0064,0.456,"bdl",1.5463,110.3961,"Within_Range",NA,NA,NA,0.3353,0.0105,"Within_Range",401.5456,11.3271,"Within_Range",0.7256,88.2907,4.9258,5.579,"within range","within range"
"COMPASS:Synoptic","CB","SWH_202405_TR_LYSC_10CM",2024,5,15,"SWH","TR","C",10,"","","",12.87,1071.51777537257,"",13.38,1113.97885271834,"",0.5602,39.9951451805208,"",0.061,4.3576,"Within_Range",0.0468,3.3405,"Within_Range",NA,NA,NA,7.7121,0.2406,"Within_Range",57.8967,1.6332,"Within_Range",0.1046,0,0,0,"bdl","within range"
"COMPASS:Synoptic","CB","SWH_202405_TR_LYSC_20CM",2024,5,15,"SWH","TR","C",20,"","","",24.13,2008.99175755557,"",17.6,1465.32345350096,"",1.557,111.161087193986,"",0.0159,1.1373,"bdl",0.6956,49.6624,"Within_Range",NA,NA,NA,1.7559,0.0548,"Within_Range",129.3815,3.6497,"Within_Range",0.2338,11.2288,0.791,7.0441,"within range","within range"
"COMPASS:Synoptic","CB","SWH_202405_TR_LYSC_45CM",2024,5,15,"SWH","TR","C",45,"","","",28.83,2400.29972525185,"",20.1,1673.46598950962,"",1.566,111.803636830945,"",0.0148,1.0584,"bdl",0.7255,51.7955,"Within_Range",NA,NA,NA,0.5793,0.0181,"Within_Range",159.9236,4.5112,"Within_Range",0.289,126.6313,5.6459,4.4586,"within range","within range"
"COMPASS:Synoptic","CB","SWH_202405_UP_LYSA_10CM",2024,5,15,"SWH","UP","A",10,"","","",10.45,870.035800516193,"",14.51,1208.05927899426,"",0.3734,26.6586704934067,"",0.0276,1.9709,"Within_Range",0.0995,7.1023,"Within_Range",NA,NA,NA,4.6882,0.1462,"Within_Range",4.1514,0.1171,"Within_Range",0.0075,0,0,0,"bdl","within range"
"COMPASS:Synoptic","CB","SWH_202405_UP_LYSA_20CM",2024,5,15,"SWH","UP","A",20,"","","",8.737,727.416534843061,"",17.51,1457.83032220465,"",0.5254,37.5106199176109,"",0.0262,1.8685,"Within_Range",0.086,6.1428,"Within_Range",NA,NA,NA,5.2141,0.1626,"Within_Range",3.4282,0.0967,"Within_Range",0.0062,0,0,0,"bdl","within range"
"COMPASS:Synoptic","CB","SWH_202405_UP_LYSA_45CM",2024,5,15,"SWH","UP","A",45,"","","",17.74,1476.97943551744,"",13.59,1131.46282574307,"",0.3952,28.2150685029307,"",0.0216,1.5451,"bdl",0.0807,5.7586,"Within_Range",NA,NA,NA,4.8308,0.1507,"Within_Range",3.9297,0.1109,"Within_Range",0.0071,32.0812,2.354,7.3376,"within range","within range"
"COMPASS:Synoptic","CB","SWH_202405_UP_LYSB_10CM",2024,5,15,"SWH","UP","B",10,"","","",11.27,938.306552327034,"",29.88,2487.71959037549,"",0.6257,44.6714786495035,"",0.0277,1.9791,"Within_Range",0.0309,2.2039,"Within_Range",NA,NA,NA,11.5634,0.3607,"Within_Range",2.4184,0.0682,"Within_Range",0.0044,0,0,0,"bdl","within range"
"COMPASS:Synoptic","CB","SWH_202405_UP_LYSB_20CM",2024,5,15,"SWH","UP","B",20,"","","",26.53,2208.80859212389,"",52.66,4384.31437848639,"",1.326,94.6689798453597,"",0.0135,0.9617,"bdl",0.1066,7.6079,"Within_Range",NA,NA,NA,5.6388,0.1759,"Within_Range",4.0176,0.1133,"Within_Range",0.0073,11.1472,0.8861,7.9491,"within range","within range"
"COMPASS:Synoptic","CB","SWH_202405_UP_LYSB_45CM",2024,5,15,"SWH","UP","B",45,"","","",NA,NA,NA,NA,NA,NA,NA,NA,NA,NA,NA,NA,NA,NA,NA,NA,NA,NA,6.5563,0.2045,"Within_Range",6.0838,0.1716,"Within_Range",0.011,16.4651,1.5583,9.4644,"within range","within range"
"COMPASS:Synoptic","CB","SWH_202405_UP_LYSC_10CM",2024,5,15,"SWH","UP","C",10,"","","",9.696,807.260011655982,"",27,2247.93938889351,"",0.6164,44.007510691312,"",0.024,1.7148,"bdl",0.0943,6.7296,"Within_Range",NA,NA,NA,6.0774,0.1896,"Within_Range",5.7864,0.1632,"Within_Range",0.0105,0,0,0,"bdl","within range"
"COMPASS:Synoptic","CB","SWH_202405_UP_LYSC_20CM",2024,5,15,"SWH","UP","C",20,"","","",28.62,2382.81575222713,"",26.18,2179.66863708267,"",0.7101,50.697166356101,"",0.0084,0.6017,"bdl",0.0828,5.9085,"Within_Range",NA,NA,NA,5.6858,0.1773,"Within_Range",5.8169,0.1641,"Within_Range",0.0105,0,0,0,"bdl","within range"
"COMPASS:Synoptic","CB","SWH_202405_UP_LYSC_45CM",2024,5,15,"SWH","UP","C",45,"","","",39.26,3268.67038547998,"",23.67,1970.69353092998,"",0.5842,41.7086108790793,"",0.0289,2.0649,"Within_Range",0.0539,3.8468,"Within_Range",NA,NA,NA,2.5782,0.0804,"Within_Range",5.1171,0.1443,"Within_Range",0.0093,33.895,2.8312,8.3527,"within range","within range"
"COMPASS:Synoptic","CB","SWH_202405_WC_LYSA_10CM",2024,5,15,"SWH","WC","A",10,"","","",NA,NA,NA,18.84,1568.56215136125,"",0.6611,47.1988405548773,"",0.0012,0.088,"bdl",0.0447,3.1905,"Within_Range",NA,NA,NA,11.9762,0.3736,"Within_Range",194.2634,5.4799,"Within_Range",0.3511,19.102,1.3386,7.0075,"within range","within range"
"COMPASS:Synoptic","CB","SWH_202405_WC_LYSA_20CM",2024,5,15,"SWH","WC","A",20,"","","",NA,NA,NA,22.04,1834.98459745234,"",0.6764,48.2911749377084,"",NA,NA,NA,NA,NA,NA,NA,NA,NA,2.4475,0.0763,"Within_Range",224.5986,6.3356,"Within_Range",0.4059,13.509,0.9735,7.2063,"within range","within range"
"COMPASS:Synoptic","CB","SWH_202405_WC_LYSA_45CM",2024,5,15,"SWH","WC","A",45,"","","",NA,NA,NA,10.96,912.49687786196,"",0.3437,24.5382566914405,"",0.0207,1.4772,"bdl",0.0302,2.1553,"Within_Range",NA,NA,NA,21.0368,0.6562,"Within_Range",656.9192,18.5309,"Within_Range",1.1871,13.0358,1.3994,10.7352,"within range","High CV"
"COMPASS:Synoptic","CB","SWH_202405_WC_LYSB_10CM",2024,5,15,"SWH","WC","B",10,"","","",NA,NA,NA,13.74,1143.95137790359,"",0.5769,41.1874317291011,"",0,0,"bdl",0.0375,2.679,"Within_Range",NA,NA,NA,0.1168,0.0036,"Within_Range",101.0351,2.8501,"Within_Range",0.1826,35.3074,3.0547,8.6518,"within range","within range"
"COMPASS:Synoptic","CB","SWH_202405_WC_LYSB_20CM",2024,5,15,"SWH","WC","B",20,"","","",69.89,5818.83273665806,"",16.8,1398.71784197819,"",0.6101,43.5577259454404,"",0.0231,1.6504,"bdl",0.0405,2.8902,"Within_Range",NA,NA,NA,0.31,0.0097,"Within_Range",158.1933,4.4624,"Within_Range",0.2859,18.8439,0.4868,2.5831,"within range","within range"
"COMPASS:Synoptic","CB","SWH_202405_WC_LYSB_45CM",2024,5,15,"SWH","WC","B",45,"","","",NA,NA,NA,10.21,850.054117059362,"",0.372,26.5587183276575,"",NA,NA,NA,NA,NA,NA,NA,NA,NA,0.2487,0.0078,"Within_Range",862.3858,24.3268,"Within_Range",1.5584,1.2044,0.2434,20.2072,"within range","High CV"
"COMPASS:Synoptic","CB","SWH_202405_WC_LYSC_20CM",2024,5,15,"SWH","WC","C",20,"","","",66.43,5530.76346682208,"",22.56,1878.27824494214,"",1.444,103.093519529939,"",0,0,"bdl",0.3034,21.6579,"Within_Range",NA,NA,NA,0.5775,0.018,"Within_Range",191.3889,5.3988,"Within_Range",0.3459,11.1428,1.7645,15.8352,"within range","High CV"
"COMPASS:Synoptic","CB","SWH_202405_WC_LYSC_45CM",2024,5,15,"SWH","WC","C",45,"","","",63.75,5307.6346682208,"",10.86,904.171176421614,"",0.5355,38.2317033990876,"",0.0144,1.0275,"bdl",0.0422,3.0161,"Within_Range",NA,NA,NA,0.5798,0.0181,"Within_Range",786.4554,22.1849,"Within_Range",1.4212,15.7175,0.8619,5.4837,"within range","within range"
"COMPASS:Synoptic","CB","GWI_202405_SW_A",2024,5,16,"GWI","SW","A",0,"","","",19.62,1633.50262259595,"",5.912,492.215469153276,"",0.4142,29.5715621809563,"",0.0557,3.9795,"Within_Range",NA,NA,NA,NA,NA,NA,1280.8709,39.9523,"Within_Range",9413.062,265.5307,"Within_Range",17.0094,0,0,0,"bdl","within range"
"COMPASS:Synoptic","CB","GWI_202405_SW_B",2024,5,16,"GWI","SW","B",0,"","","",19.07,1587.71126467405,"",5.894,490.716842894014,"",0.3852,27.5011244618647,"",0.042,2.9974,"Within_Range",NA,NA,NA,NA,NA,NA,1267.8281,39.5455,"Within_Range",9260.219,261.2192,"Within_Range",16.7332,0,0,0,"bdl","within range"
"COMPASS:Synoptic","CB","GWI_202405_SW_C",2024,5,16,"GWI","SW","C",0,"","","",19.02,1583.54841395388,"",5.57,463.741570227292,"",0.3805,27.1655707625636,"",0.0393,2.8053,"Within_Range",NA,NA,NA,NA,NA,NA,1193.2984,37.2208,"Within_Range",8703.3395,245.5103,"Within_Range",15.727,0,0,0,"bdl","within range"
"COMPASS:Synoptic","CB","GWI_202405_TR_LYSA_10CM",2024,5,16,"GWI","TR","A",10,"","","",47.53,3957.20589459662,"",38.56,3210.39047539755,"",1.172,83.6742416129424,"",0.0494,3.5291,"Within_Range",NA,NA,NA,NA,NA,NA,900.1055,28.0757,"Within_Range",8133.4421,229.4342,"Within_Range",14.6972,0,0,0,"bdl","within range"
"COMPASS:Synoptic","CB","GWI_202405_TR_LYSA_20CM",2024,5,16,"GWI","TR","A",20,"","","",54.25,4516.69303138789,"",71.88,5984.51419532096,"",1.828,130.508970706876,"",0.0491,3.503,"Within_Range",NA,NA,NA,NA,NA,NA,778.2152,24.2737,"Within_Range",9203.0557,259.6066,"Within_Range",16.6299,0,0,0,"bdl","within range"
"COMPASS:Synoptic","CB","GWI_202405_TR_LYSA_45CM",2024,5,16,"GWI","TR","A",45,"","","",NA,NA,NA,NA,NA,NA,NA,NA,NA,NA,NA,NA,NA,NA,NA,NA,NA,NA,916.9242,28.6003,"Within_Range",9148.0754,258.0557,"Within_Range",16.5306,0,0,0,"bdl","within range"
"COMPASS:Synoptic","CB","GWI_202405_TR_LYSB_10CM",2024,5,16,"GWI","TR","B",10,"","","",29.42,2449.4213637499,"",24.29,2022.31287986013,"",0.7586,54.1597949552714,"",0.0437,3.1184,"Within_Range",NA,NA,NA,NA,NA,NA,924.1739,28.8264,"Within_Range",7134.5899,201.2578,"Within_Range",12.8922,0,0,0,"bdl","within range"
"COMPASS:Synoptic","CB","GWI_202405_TR_LYSB_20CM",2024,5,16,"GWI","TR","B",20,"","","",NA,NA,NA,59.76,4975.43918075098,"",1.541,110.01877672828,"",0.0553,3.9446,"Within_Range",NA,NA,NA,NA,NA,NA,644.4604,20.1017,"Within_Range",7320.4972,206.502,"Within_Range",13.2282,54.286,5.2722,9.7118,"within range","within range"
"COMPASS:Synoptic","CB","GWI_202405_TR_LYSB_45CM",2024,5,16,"GWI","TR","B",45,"","","",NA,NA,NA,27.12,2257.93023062193,"",0.8442,60.2711559467969,"",0.0433,3.0923,"Within_Range",NA,NA,NA,NA,NA,NA,1069.8062,33.3689,"Within_Range",8708.4327,245.654,"Within_Range",15.7362,1.6748,0.0659,3.935,"within range","within range"
"COMPASS:Synoptic","CB","GWI_202405_TR_LYSC_10CM",2024,5,16,"GWI","TR","C",10,"","","",12.88,1072.35034551661,"",17.74,1476.97943551744,"",0.5719,40.830459708568,"",0.0534,3.8135,"Within_Range",NA,NA,NA,NA,NA,NA,901.2631,28.1118,"Within_Range",6798.35,191.7729,"Within_Range",12.2846,0,0,0,"bdl","within range"
"COMPASS:Synoptic","CB","GWI_202405_TR_LYSC_20CM",2024,5,16,"GWI","TR","C",20,"","","",33.66,2802.43110482058,"",25.39,2113.89559570394,"",0.7521,53.6957313285785,"",0.0418,2.9809,"Within_Range",NA,NA,NA,NA,NA,NA,947.8584,29.5651,"Within_Range",7985.6117,225.2641,"Within_Range",14.43,23.6699,1.9112,8.0742,"within range","within range"
"COMPASS:Synoptic","CB","GWI_202405_TR_LYSC_45CM",2024,5,16,"GWI","TR","C",45,"","","",NA,NA,NA,NA,NA,NA,NA,NA,NA,0.055,3.9242,"Within_Range",NA,NA,NA,NA,NA,NA,1182.612,36.8875,"Within_Range",9404.511,265.2894,"Within_Range",16.994,0,0,0,"bdl","within range"
"COMPASS:Synoptic","CB","GWI_202405_UP_LYSA_10CM",2024,5,16,"GWI","UP","A",10,"","","",NA,NA,NA,NA,NA,NA,NA,NA,NA,0.054,3.8559,"Within_Range",NA,NA,NA,NA,NA,NA,398.6759,12.4353,"Within_Range",2549.4387,71.9165,"Within_Range",4.6069,0,0,0,"bdl","within range"
"COMPASS:Synoptic","CB","GWI_202405_UP_LYSA_20CM",2024,5,16,"GWI","UP","A",20,"","","",24.16,2011.48946798768,"",19.54,1626.84206144368,"",0.6521,46.5562909179178,"",0.0518,3.6998,"Within_Range",NA,NA,NA,NA,NA,NA,586.7234,18.3008,"Within_Range",4431.9628,125.0201,"Within_Range",8.0086,0.6451,0.0608,9.4317,"within range","within range"
"COMPASS:Synoptic","CB","GWI_202405_UP_LYSA_45CM",2024,5,16,"GWI","UP","A",45,"","","",16,1332.11223045542,"",29.49,2455.24935475814,"",0.7372,52.63195470739,"",0.0533,3.8041,"Within_Range",NA,NA,NA,NA,NA,NA,468.5266,14.6141,"Within_Range",3093.7548,87.2709,"Within_Range",5.5904,0,0,0,"bdl","within range"
"COMPASS:Synoptic","CB","GWI_202405_UP_LYSB_10CM",2024,5,16,"GWI","UP","B",10,"","","",8.189,681.791690949963,"",60.22,5013.73740737657,"",1.178,84.102608037582,"",0.0596,4.2541,"Within_Range",NA,NA,NA,NA,NA,NA,126.797,3.955,"Within_Range",769.4994,21.7066,"Within_Range",1.3905,0,0,0,"bdl","within range"
"COMPASS:Synoptic","CB","GWI_202405_UP_LYSB_20CM",2024,5,16,"GWI","UP","B",20,"","","",15.16,1262.17633835651,"",49.44,4116.22679210724,"",1.149,82.0321703184904,"",0.053,3.7872,"Within_Range",NA,NA,NA,NA,NA,NA,267.555,8.3454,"Within_Range",1694.5414,47.8009,"Within_Range",3.0621,0,0,0,"bdl","within range"
"COMPASS:Synoptic","CB","GWI_202405_UP_LYSB_45CM",2024,5,16,"GWI","UP","B",45,"","","",28.49,2371.99234035467,"",41.59,3462.65922904005,"",1.048,74.8213355037232,"",0.0516,3.6863,"Within_Range",NA,NA,NA,NA,NA,NA,356.9663,11.1343,"Within_Range",2751.0888,77.6048,"Within_Range",4.9712,0,0,0,"bdl","within range"
"COMPASS:Synoptic","CB","GWI_202405_UP_LYSC_20CM",2024,5,16,"GWI","UP","C",20,"","","",23.55,1960.70268920157,"",82.15,6839.56373324453,"",1.852,132.222436405435,"",0.0584,4.1666,"Within_Range",NA,NA,NA,NA,NA,NA,280.9511,8.7633,"Within_Range",2292.2254,64.6608,"Within_Range",4.1421,0,0,0,"bdl","within range"
"COMPASS:Synoptic","CB","GWI_202405_WC_LYSA_10CM",2024,5,16,"GWI","WC","A",10,"","","",72.2,6011.15643993007,"",33.93,2824.91049870952,"",1.372,97.9531224342636,"",0.043,3.0666,"Within_Range",NA,NA,NA,NA,NA,NA,1010.7213,31.5259,"Within_Range",9846.8503,277.7673,"Within_Range",17.7933,0,0,0,"bdl","within range"
"COMPASS:Synoptic","CB","GWI_202405_WC_LYSA_20CM",2024,5,16,"GWI","WC","A",20,"","","",NA,NA,NA,48.64,4049.62118058446,"",1.73,123.512319104429,"",0.0422,3.0156,"Within_Range",NA,NA,NA,NA,NA,NA,1410.5261,43.9964,"Within_Range",11595.7777,327.1023,"Within_Range",20.9536,0.4166,0.5272,126.5617,"within range","High CV"
"COMPASS:Synoptic","CB","GWI_202405_WC_LYSA_45CM",2024,5,16,"GWI","WC","A",45,"","","",37.61,3131.29631171426,"",33.67,2803.26367496462,"",1.258,89.8141603661105,"",0.0387,2.7647,"Within_Range",NA,NA,NA,NA,NA,NA,1348.4392,42.0599,"Within_Range",11906.9936,335.8813,"Within_Range",21.516,0,0,0,"bdl","within range"
"COMPASS:Synoptic","CB","GWI_202405_WC_LYSB_10CM",2024,5,16,"GWI","WC","B",10,"","","",91.33,7603.86312546832,"",35.9,2988.92681708434,"",1.399,99.880771345142,"",0.0511,3.6489,"Within_Range",NA,NA,NA,NA,NA,NA,1083.4459,33.7943,"Within_Range",10254.6197,289.2699,"Within_Range",18.5301,0,0,0,"bdl","within range"
"COMPASS:Synoptic","CB","GWI_202405_WC_LYSB_20CM",2024,5,16,"GWI","WC","B",20,"","","",67.41,5612.35534093747,"",39.39,3279.49379735243,"",1.455,103.878857975112,"",0.0414,2.9525,"Within_Range",NA,NA,NA,NA,NA,NA,0.002,1e-04,"Within_Range",11698.0417,329.9871,"Within_Range",21.1384,0,0,0,"bdl","within range"
"COMPASS:Synoptic","CB","GWI_202405_WC_LYSB_45CM",2024,5,16,"GWI","WC","B",45,"","","",39.01,3247.85613187911,"",47.12,3923.0705186912,"",1.521,108.590888646148,"",0.0457,3.2646,"Within_Range",NA,NA,NA,NA,NA,NA,1725.9243,53.8342,"Within_Range",14757.4928,416.2903,"Within_Range",26.6668,0,0,0,"bdl","within range"
"COMPASS:Synoptic","CB","GWI_202405_WC_LYSC_10CM",2024,5,16,"GWI","WC","C",10,"","","",76.73,6388.31071517775,"",32.77,2728.3323620015,"",1.366,97.524756009624,"",0.0501,3.5743,"Within_Range",NA,NA,NA,NA,NA,NA,1094.5526,34.1408,"Within_Range",10137.9317,285.9783,"Within_Range",18.3193,0,0,0,"bdl","within range"
"COMPASS:Synoptic","CB","GWI_202405_WC_LYSC_20CM",2024,5,16,"GWI","WC","C",20,"","","",80.58,6708.85022063109,"",58.75,4891.34959620348,"",1.925,137.434227905217,"",0.0518,3.696,"Within_Range",NA,NA,NA,NA,NA,NA,1361.9475,42.4812,"Within_Range",11704.8807,330.18,"Within_Range",21.1507,0,0,0,"bdl","within range"
"COMPASS:Synoptic","CB","GWI_202405_WC_LYSC_45CM",2024,5,16,"GWI","WC","C",45,"","","",NA,NA,NA,NA,NA,NA,NA,NA,NA,NA,NA,NA,NA,NA,NA,NA,NA,NA,1623.2288,50.631,"Within_Range",14056.2828,396.5101,"Within_Range",25.3997,0,0,0,"bdl","within range"
"COMPASS:Synoptic","CB","MSM_202405_SW_A",2024,5,21,"MSM","SW","A",0,"","","",17.08,1422.02980601116,"",7.269,605.195237698776,"",0.5596,39.9523085380568,"",0.0277,1.9795,"Within_Range",0.1277,9.1203,"Within_Range",0.0041,0.132,"Within_Range",699.737,21.8259,"Within_Range",5110.3382,144.1562,"Within_Range",9.2344,0,0,0,"bdl","within range"
"COMPASS:Synoptic","CB","MSM_202405_SW_B",2024,5,21,"MSM","SW","B",0,"","","",16.83,1401.21555241029,"",6.998,582.632586795438,"",0.5423,38.7171853470125,"",0.0408,2.9101,"Within_Range",0.1035,7.3862,"Within_Range",0.0037,0.1191,"Within_Range",707.585,22.0706,"Within_Range",5163.2275,145.6482,"Within_Range",9.33,0,0,0,"bdl","within range"
"COMPASS:Synoptic","CB","MSM_202405_SW_C",2024,5,21,"MSM","SW","C",0,"","","",16.77,1396.22013154608,"",-0.1941,-16.1601864957123,"blank is ≥ 25% of sample value",0.5889,42.0441645783803,"",0.0375,2.6756,"Within_Range",0.1697,12.1186,"Within_Range",0.0044,0.1421,"Within_Range",686.668,21.4182,"Within_Range",5022.1811,141.6694,"Within_Range",9.0751,0,0,0,"bdl","within range"
"COMPASS:Synoptic","CB","MSM_202405_TR_LYSA_10CM",2024,5,21,"MSM","TR","A",10,"","","",41.47,3452.66838731163,"",127.2,10590.2922321206,"value above cal curve",3.603,257.234037996102,"value above cal curve",0.0462,3.3011,"Within_Range",1.0918,77.949,"Within_Range",0.0091,0.2952,"Within_Range",423.9925,13.225,"Within_Range",4630.5729,130.6226,"Within_Range",8.3675,0.3564,0.0657,18.4333,"within range","High CV"
"COMPASS:Synoptic","CB","MSM_202405_TR_LYSA_20CM",2024,5,21,"MSM","TR","A",20,"","","",37.23,3099.65864624095,"",35.79,2979.76854549996,"",2.972,212.184169004833,"",0.035,2.4971,"Within_Range",2.532,180.7699,"Within_Range",0.0131,0.4235,"Within_Range",621.9075,19.3982,"Within_Range",4622.5493,130.3963,"Within_Range",8.353,0,0,0,"bdl","within range"
"COMPASS:Synoptic","CB","MSM_202405_TR_LYSA_45CM",2024,5,21,"MSM","TR","A",45,"","","",NA,NA,NA,NA,NA,NA,NA,NA,NA,0.0115,0.8183,"bdl",1.4551,103.8859,"Within_Range",0.0134,0.4322,"Within_Range",531.5507,16.5799,"Within_Range",5088.9204,143.5521,"Within_Range",9.1957,0,0,0,"bdl","within range"
"COMPASS:Synoptic","CB","MSM_202405_TR_LYSB_10CM",2024,5,21,"MSM","TR","B",10,"","","",28.36,2361.16892848222,"",78.77,6558.15502456082,"",0.00177,0.126368095268693,"blank is ≥ 25% of sample value",0.0375,2.6768,"Within_Range",0.7136,50.9447,"Within_Range",0.0065,0.2093,"Within_Range",488.6235,15.2409,"Within_Range",4530.2957,127.794,"Within_Range",8.1863,5.5128,0.1314,2.3834,"within range","within range"
"COMPASS:Synoptic","CB","MSM_202405_TR_LYSB_20CM",2024,5,21,"MSM","TR","B",20,"","","",36.71,3056.36499875114,"",65.3,5436.68304054617,"",3.256,232.46017977111,"value above cal curve",0.0119,0.8518,"bdl",1.8928,135.1333,"Within_Range",0.0085,0.2737,"Within_Range",473.4438,14.7674,"Within_Range",5373.5136,151.5801,"Within_Range",9.71,0.3564,0.0657,18.4333,"within range","High CV"
"COMPASS:Synoptic","CB","MSM_202405_TR_LYSB_45CM",2024,5,21,"MSM","TR","B",45,"","","",NA,NA,NA,47.28,3936.39164099575,"",-0.01257,-0.897427659620039,"blank is ≥ 25% of sample value",0.027,1.9283,"Within_Range",2.6538,189.463,"Within_Range",0.0124,0.4014,"Within_Range",389.6791,12.1547,"Within_Range",6020.309,169.8254,"Within_Range",10.8787,0.217,0,0,"within range","within range"
"COMPASS:Synoptic","CB","MSM_202405_TR_LYSC_20CM",2024,5,21,"MSM","TR","C",20,"","","",27.43,2283.739905087,"",37.07,3086.33752393639,"",0.01339,0.955971070987456,"blank is ≥ 25% of sample value",0.0146,1.0429,"bdl",1.3199,94.2354,"Within_Range",0.0065,0.2108,"Within_Range",475.1822,14.8217,"Within_Range",4631.4244,130.6467,"Within_Range",8.369,8.7181,0.3285,3.7678,"within range","within range"
"COMPASS:Synoptic","CB","MSM_202405_TR_LYSC_45CM",2024,5,21,"MSM","TR","C",45,"","","",NA,NA,NA,18.49,1539.42219632004,"",1.915,136.720283864151,"",0.0207,1.4762,"bdl",2.3308,166.4075,"Within_Range",0.0174,0.5628,"Within_Range",656.4168,20.4746,"Within_Range",5869.0712,165.5591,"Within_Range",10.6054,0,0,0,"bdl","within range"
"COMPASS:Synoptic","CB","MSM_202405_UP_LYSA_20CM",2024,5,21,"MSM","UP","A",20,"","","",30.91,2573.47431521106,"",85.67,7132.62842394472,"",2.288,163.350396595915,"",NA,NA,NA,NA,NA,NA,NA,NA,NA,153.0415,4.7736,"Within_Range",2182.3117,61.5603,"Within_Range",3.9435,4.4908,0.1314,2.9258,"within range","within range"
"COMPASS:Synoptic","CB","MSM_202405_UP_LYSA_45CM",2024,5,21,"MSM","UP","A",45,"","","",NA,NA,NA,28.36,2361.16892848222,"",1.99,142.074864172146,"",0.022,1.5721,"bdl",0.8327,59.4528,"Within_Range",0.0054,0.1742,"Within_Range",164.9018,5.1435,"Within_Range",2003.4391,56.5145,"Within_Range",3.6202,0,0,0,"bdl","within range"
"COMPASS:Synoptic","CB","MSM_202405_UP_LYSB_10CM",2024,5,21,"MSM","UP","B",10,"","","",20.31,1690.94996253434,"",53.07,4418.44975439181,"",1.252,89.3857939414709,"",0.0476,3.4009,"Within_Range",0.2039,14.5555,"Within_Range",0.0057,0.1848,"Within_Range",91.5641,2.856,"Within_Range",988.5186,27.8849,"Within_Range",1.7863,0,0,0,"bdl","within range"
"COMPASS:Synoptic","CB","MSM_202405_UP_LYSB_20CM",2024,5,21,"MSM","UP","B",20,"","","",28.78,2396.13687453168,"",45.69,3804.01298809425,"",1.197,85.4591017156075,"",0.0219,1.5648,"bdl",0.2147,15.3286,"Within_Range",0.0051,0.1642,"Within_Range",127.8397,3.9875,"Within_Range",1163.7036,32.8266,"Within_Range",2.1028,0,0,0,"bdl","within range"
"COMPASS:Synoptic","CB","MSM_202405_UP_LYSB_45CM",2024,5,21,"MSM","UP","B",45,"","","",NA,NA,NA,NA,NA,NA,NA,NA,NA,0.0279,1.9908,"Within_Range",0.9448,67.457,"Within_Range",0.0041,0.1333,"Within_Range",186.3779,5.8134,"Within_Range",1631.7657,46.0301,"Within_Range",2.9486,0,0,0,"bdl","within range"
"COMPASS:Synoptic","CB","MSM_202405_UP_LYSC_10CM",2024,5,21,"MSM","UP","C",10,"","","",20.76,1728.4156190159,"",53.61,4463.40854216968,"",1.351,96.4538399480249,"",0.0189,1.3468,"bdl",0.1518,10.8388,"Within_Range",0.0058,0.1861,"Within_Range",74.8595,2.335,"Within_Range",769.0689,21.6945,"Within_Range",1.3897,0,0,0,"bdl","within range"
"COMPASS:Synoptic","CB","MSM_202405_UP_LYSC_20CM",2024,5,21,"MSM","UP","C",20,"","","",17.6,1465.32345350096,"",30.1,2506.03613354425,"",0.7263,51.853755702628,"",0.036,2.5732,"Within_Range",0.0756,5.396,"Within_Range",0.004,0.1298,"Within_Range",102.8554,3.2082,"Within_Range",986.6726,27.8328,"Within_Range",1.7829,0,0,0,"bdl","within range"
"COMPASS:Synoptic","CB","MSM_202405_UP_LYSC_45CM",2024,5,21,"MSM","UP","C",45,"","","",NA,NA,NA,25.5,2123.05386728832,"",1.089,77.7485060720941,"",0.0177,1.2618,"bdl",0.4749,33.9087,"Within_Range",0.0055,0.1766,"Within_Range",188.8951,5.8919,"Within_Range",1830.0157,51.6224,"Within_Range",3.3069,0,0,0,"bdl","within range"
"COMPASS:Synoptic","CB","MSM_202405_WC_LYSA_10CM",2024,5,21,"MSM","WC","A",10,"","","",35.93,2991.42452751644,"",12.28,1022.39613687453,"",0.6736,48.0912706062099,"",0.0243,1.7315,"bdl",0.148,10.5634,"Within_Range",0.0225,0.7274,"Within_Range",633.3665,19.7557,"Within_Range",5340.6275,150.6524,"Within_Range",9.6505,183.7101,0.1314,0.0715,"within range","within range"
"COMPASS:Synoptic","CB","MSM_202405_WC_LYSA_20CM",2024,5,21,"MSM","WC","A",20,"","","",60.8,5062.02647573058,"",18.99,1581.05070352177,"",1.116,79.6761549829724,"",0.0281,2.0071,"Within_Range",0.4178,29.8289,"Within_Range",0.0376,1.2131,"Within_Range",505.9139,15.7802,"Within_Range",6070.555,171.2427,"Within_Range",10.9695,235.6921,5.7155,2.425,"within range","within range"
"COMPASS:Synoptic","CB","MSM_202405_WC_LYSA_45CM",2024,5,21,"MSM","WC","A",45,"","","",NA,NA,NA,NA,NA,NA,NA,NA,NA,0.0293,2.0904,"Within_Range",0.2228,15.9038,"Within_Range",0.008,0.2575,"Within_Range",155.7701,4.8587,"Within_Range",9413.4515,265.5417,"Within_Range",17.0101,0,0,0,"bdl","within range"
"COMPASS:Synoptic","CB","MSM_202405_WC_LYSB_10CM",2024,5,21,"MSM","WC","B",10,"","","",97.23,8095.07951044876,"",18.09,1506.11939055865,"",0.9562,68.2673292067368,"",0.0408,2.9115,"Within_Range",0.1635,11.6716,"Within_Range",0.0444,1.434,"Within_Range",469.219,14.6357,"Within_Range",6287.1527,177.3527,"Within_Range",11.3609,1786.8335,56.5674,3.1658,"within range","within range"
"COMPASS:Synoptic","CB","MSM_202405_WC_LYSB_20CM",2024,5,21,"MSM","WC","B",20,"","","",95.55,7955.20772625094,"",24.87,2070.60194821414,"",1.524,108.805071858468,"",0.0353,2.5181,"Within_Range",0.3736,26.6728,"Within_Range",0.0557,1.7996,"Within_Range",605.6536,18.8913,"Within_Range",6776.8157,191.1655,"Within_Range",12.2457,1586.3755,37.1173,2.3398,"within range","within range"
"COMPASS:Synoptic","CB","MSM_202405_WC_LYSB_45CM",2024,5,21,"MSM","WC","B",45,"","","",NA,NA,NA,NA,NA,NA,NA,NA,NA,NA,NA,NA,NA,NA,NA,NA,NA,NA,223.0276,6.9566,"Within_Range",9664.0561,272.6109,"Within_Range",17.463,0,0,0,"bdl","within range"
"COMPASS:Synoptic","CB","MSM_202405_WC_LYSC_10CM",2024,5,21,"MSM","WC","C",10,"","","",80.78,6725.50162351178,"",18.94,1576.8878528016,"",-0.00904,-0.645405413123719,"blank is ≥ 25% of sample value",0.0492,3.5092,"Within_Range",0.6028,43.0364,"Within_Range",0.0615,1.985,"Within_Range",546.7721,17.0547,"Within_Range",6003.4967,169.3511,"Within_Range",10.8483,1965.61,137.7758,7.0093,"within range","within range"
"COMPASS:Synoptic","CB","MSM_202405_WC_LYSC_20CM",2024,5,21,"MSM","WC","C",20,"","","",83.19,6926.15102822413,"",43.62,3631.67096827908,"",2.879,205.544489422919,"",0.0276,1.9676,"Within_Range",1.0026,71.578,"Within_Range",0.0587,1.8945,"Within_Range",676.4537,21.0996,"Within_Range",7085.0947,199.8616,"Within_Range",12.8028,218.1766,13.2388,6.0679,"within range","within range"
"COMPASS:Synoptic","CB","MSM_202405_WC_LYSC_45CM",2024,5,21,"MSM","WC","C",45,"","","",NA,NA,NA,NA,NA,NA,NA,NA,NA,0.0332,2.3687,"Within_Range",0.7347,52.4533,"Within_Range",0.0035,0.1138,"Within_Range",163.0768,5.0866,"Within_Range",8530.5445,240.636,"Within_Range",15.4147,NA,NA,NA,NA,NA
"COMPASS:Synoptic","CB","GCW_202405_SW_A",2024,5,23,"GCW","SW","A",0,"","","",17.24,1435.35092831571,"",8.489,706.768795271002,"",0.285,20.3474051703827,"",0.0133,0.951,"bdl",0.0623,4.4462,"Within_Range",0.0377,1.2164,"Within_Range",325.2328,10.1445,"Within_Range",2391.5744,67.4633,"Within_Range",4.3216,0,0,0,"bdl","within range"
"COMPASS:Synoptic","CB","GCW_202405_SW_B",2024,5,23,"GCW","SW","B",0,"","","",17.08,1422.02980601116,"",8.069,671.800849221547,"",0.3583,25.580614991397,"",0.0172,1.2276,"bdl",0.0587,4.1886,"Within_Range",0.0517,1.6691,"Within_Range",328.7163,10.2532,"Within_Range",2407.6047,67.9155,"Within_Range",4.3506,0,0,0,"bdl","within range"
"COMPASS:Synoptic","CB","GCW_202405_SW_C",2024,5,23,"GCW","SW","C",0,"","","",16.83,1401.21555241029,"",-0.1982,-16.5015402547665,"blank is ≥ 25% of sample value",-0.00266,-0.189909114923572,"blank is ≥ 25% of sample value",0.0333,2.3754,"Within_Range",0.0721,5.1442,"Within_Range",0.0469,1.5133,"Within_Range",326.5186,10.1846,"Within_Range",2415.9292,68.1503,"Within_Range",4.3656,0,0,0,"bdl","within range"
"COMPASS:Synoptic","CB","GCW_202405_TR_LYSA_20CM",2024,5,23,"GCW","TR","A",20,"","","",NA,NA,NA,NA,NA,NA,NA,NA,NA,0.0143,1.0196,"bdl",0.3006,21.4637,"Within_Range",0.005,0.1612,"Within_Range",6.7775,0.2114,"Within_Range",4.285,0.1209,"Within_Range",0.0078,0,0,0,"bdl","within range"
"COMPASS:Synoptic","CB","GCW_202405_TR_LYSA_45CM",2024,5,23,"GCW","TR","A",45,"","","",NA,NA,NA,NA,NA,NA,NA,NA,NA,0.0231,1.6488,"bdl",0.1883,13.4421,"Within_Range",0.0037,0.1209,"Within_Range",9.1524,0.2855,"Within_Range",2.4734,0.0698,"Within_Range",0.0045,0,0,0,"bdl","within range"
"COMPASS:Synoptic","CB","GCW_202405_TR_LYSB_10CM",2024,5,23,"GCW","TR","B",10,"","","",45.2,3763.21705103655,"",41.98,3495.1294646574,"",0.8432,60.1997615426903,"",0.0165,1.1767,"bdl",0.1299,9.2767,"Within_Range",0.0105,0.3396,"Within_Range",9.6555,0.3012,"Within_Range",70.1889,1.9799,"Within_Range",0.1269,6.2368,0.4255,6.8225,"within range","within range"
"COMPASS:Synoptic","CB","GCW_202405_TR_LYSB_20CM",2024,5,23,"GCW","TR","B",20,"","","",39.16,3260.34468403963,"",21.32,1775.03954708184,"",0.8306,59.300192050947,"",0.0266,1.8995,"Within_Range",0.4641,33.1374,"Within_Range",0.0201,0.6496,"Within_Range",17.8331,0.5562,"Within_Range",6.3551,0.1793,"Within_Range",0.0115,0.5201,0.1216,23.3742,"within range","High CV"
"COMPASS:Synoptic","CB","GCW_202405_TR_LYSB_45CM",2024,5,23,"GCW","TR","B",45,"","","",NA,NA,NA,NA,NA,NA,NA,NA,NA,0.0236,1.6848,"bdl",0.2054,14.6611,"Within_Range",0.0172,0.5561,"Within_Range",5.3897,0.1681,"Within_Range",16.9626,0.4785,"Within_Range",0.0307,0,0,0,"bdl","within range"
"COMPASS:Synoptic","CB","GCW_202405_TR_LYSC_10CM",2024,5,23,"GCW","TR","C",10,"","","",NA,NA,NA,10.71,891.682624261094,"",0.3841,27.4225906173474,"",0.0234,1.6713,"bdl",0.1063,7.5872,"Within_Range",0.0044,0.1413,"Within_Range",6.8708,0.2143,"Within_Range",89.7046,2.5305,"Within_Range",0.1621,1.8096,0.1216,6.7183,"within range","within range"
"COMPASS:Synoptic","CB","GCW_202405_TR_LYSC_20CM",2024,5,23,"GCW","TR","C",20,"","","",NA,NA,NA,89.21,7427.35825493298,"",0.1686,12.0370965323738,"",0.0222,1.5885,"bdl",0.3738,26.688,"Within_Range",0.0063,0.2042,"Within_Range",9.0216,0.2814,"Within_Range",29.7571,0.8394,"Within_Range",0.0538,1.1219,0.2431,21.6733,"within range","High CV"
"COMPASS:Synoptic","CB","GCW_202405_TR_LYSC_45CM",2024,5,23,"GCW","TR","C",45,"","","",NA,NA,NA,NA,NA,NA,NA,NA,NA,0.0251,1.7929,"Within_Range",0.1505,10.7452,"Within_Range",0.0062,0.2,"Within_Range",12.011,0.3746,"Within_Range",7.9696,0.2248,"Within_Range",0.0144,0,0,0,"bdl","within range"
"COMPASS:Synoptic","CB","GCW_202405_UP_LYSA_20CM",2024,5,23,"GCW","UP","A",20,"","","",NA,NA,NA,NA,NA,NA,NA,NA,NA,NA,NA,NA,NA,NA,NA,NA,NA,NA,1.1524,0.0359,"Within_Range",2.0521,0.0579,"Within_Range",0.0037,0,0,0,"bdl","within range"
"COMPASS:Synoptic","CB","GCW_202405_UP_LYSB_10CM",2024,5,23,"GCW","UP","B",10,"","","",NA,NA,NA,22.36,1861.62684206144,"",0.00022,0.0157067689034533,"blank is ≥ 25% of sample value",0.0173,1.2331,"bdl",0.0707,5.0452,"Within_Range",0.0098,0.3178,"Within_Range",2.2661,0.0707,"Within_Range",0.3926,0.0111,"Within_Range",7e-04,0,0,0,"bdl","within range"
"COMPASS:Synoptic","CB","GCW_202405_UP_LYSB_20CM",2024,5,23,"GCW","UP","B",20,"","","",NA,NA,NA,NA,NA,NA,NA,NA,NA,NA,NA,NA,NA,NA,NA,NA,NA,NA,2.291,0.0715,"Within_Range",1.1032,0.0311,"Within_Range",0.002,0,0,0,"bdl","within range"
"COMPASS:Synoptic","CB","GCW_202405_WC_LYSA_10CM",2024,5,23,"GCW","WC","A",10,"","","",NA,NA,NA,18.51,1541.08733660811,"",1.372,97.9531224342636,"",0.0366,2.6152,"Within_Range",0.5105,36.4471,"Within_Range",0.2424,7.8264,"Within_Range",257.3715,8.0278,"Within_Range",4350.6025,122.725,"Within_Range",7.8616,2286.7791,88.2713,3.8601,"within range","within range"
"COMPASS:Synoptic","CB","GCW_202405_WC_LYSA_20CM",2024,5,23,"GCW","WC","A",20,"","","",103.7,8633.75239363916,"",18.31,1524.43593372742,"",1.909,136.291917439511,"",0.0683,4.8758,"Within_Range",0.3212,22.9312,"Within_Range",0.0075,0.2431,"bdl",155.9826,4.8653,"Within_Range",3484.6296,98.297,"Within_Range",6.2968,2156.757,71.4241,3.3116,"within range","within range"
"COMPASS:Synoptic","CB","GCW_202405_WC_LYSA_45CM",2024,5,23,"GCW","WC","A",45,"","","",185.6,15452.5018732828,"",22.84,1901.59020897511,"",-0.01174,-0.838170304211556,"blank is ≥ 25% of sample value",0.025,1.7884,"Within_Range",1.0991,78.4719,"Within_Range",0.233,7.5237,"Within_Range",180.7153,5.6368,"Within_Range",6113.7547,172.4613,"Within_Range",11.0476,5291.4433,96.4325,1.8224,"within range","within range"
"COMPASS:Synoptic","CB","GCW_202405_WC_LYSB_10CM",2024,5,23,"GCW","WC","B",10,"","","",87.09,7250.85338439764,"",16.62,1383.73157938556,"",1.781,127.153433713865,"",0.0561,4.0082,"Within_Range",0.5449,38.9026,"Within_Range",0.3685,11.8959,"Within_Range",138.0371,4.3056,"Within_Range",2913.4925,82.186,"Within_Range",5.2647,1994.4979,9.118,0.4572,"within range","within range"
"COMPASS:Synoptic","CB","GCW_202405_WC_LYSB_20CM",2024,5,23,"GCW","WC","B",20,"","","",95.68,7966.03113812339,"",17.63,1467.82116393306,"",2.026,144.645062719984,"",0.0529,3.7786,"Within_Range",0.5035,35.944,"Within_Range",0.2636,8.5116,"Within_Range",259.6228,8.098,"Within_Range",3886.0047,109.6193,"Within_Range",7.022,2376.3261,54.7641,2.3046,"within range","within range"
"COMPASS:Synoptic","CB","GCW_202405_WC_LYSB_45CM",2024,5,23,"GCW","WC","B",45,"","","",160.2,13337.7737074349,"",19.03,1584.38098409791,"",3.508,250.451569605974,"value above cal curve",0.0263,1.8781,"Within_Range",0.7253,51.7851,"Within_Range",0.2759,8.9065,"Within_Range",273.7715,8.5393,"Within_Range",5801.1484,163.6431,"Within_Range",10.4827,3139.2203,117.5794,3.7455,"within range","within range"
"COMPASS:Synoptic","CB","GCW_202405_WC_LYSC_10CM",2024,5,23,"GCW","WC","C",10,"","","",66.67,5550.74515027891,"",-0.1777,-14.7947714594955,"blank is ≥ 25% of sample value",0.5689,40.6162764962482,"",0.0298,2.1296,"Within_Range",0.0804,5.7385,"Within_Range",0.1708,5.5143,"Within_Range",76.0834,2.3732,"Within_Range",2021.4255,57.0219,"Within_Range",3.6527,1802.1332,40.0603,2.2229,"within range","within range"
"COMPASS:Synoptic","CB","GCW_202405_WC_LYSC_20CM",2024,5,23,"GCW","WC","C",20,"","","",48.05,4000.49954208642,"",-0.2012,-16.7513112979769,"blank is ≥ 25% of sample value",0.4515,32.2345734541327,"",0.0345,2.465,"Within_Range",0.0607,4.3321,"Within_Range",0.1701,5.4929,"Within_Range",188.4085,5.8767,"Within_Range",2213.8176,62.449,"Within_Range",4.0004,1677.6222,49.7979,2.9684,"within range","within range"
"COMPASS:Synoptic","CB","GCW_202405_WC_LYSC_45CM",2024,5,23,"GCW","WC","C",45,"","","",93.48,7782.86570643577,"",13.04,1085.67146782116,"",1.061,75.7494627571091,"",0.0107,0.7607,"bdl",0.2437,17.3989,"Within_Range",0.1777,5.7378,"Within_Range",488.1167,15.2251,"Within_Range",5475.5825,154.4593,"Within_Range",9.8944,2672.9067,173.813,6.5028,"within range","within range"
"COMPASS:Synoptic","CB","SWH_202406_SW_A",2024,6,26,"SWH","SW","A",0,"","","",9.437,785.696444925485,"",5.713,475.647323286987,"",0.4738,33.82666866571,"",0.0796,5.6814,"Within_Range",0.0276,1.9738,"Within_Range",0.0217,0.6991,"Within_Range",49.9737,1.5588,"Within_Range",389.9355,10.9996,"Within_Range",0.7046,0,0,0,"bdl","within range"
"COMPASS:Synoptic","CB","SWH_202406_SW_B",2024,6,26,"SWH","SW","B",0,"","","",8.986,748.147531429523,"",5.974,497.377404046291,"",0.4971,35.4901582813939,"",0.0765,5.4615,"Within_Range",0.0223,1.59,"Within_Range",0.022,0.7087,"Within_Range",51.1545,1.5956,"Within_Range",392.7739,11.0797,"Within_Range",0.7098,0,0,0,"bdl","within range"
"COMPASS:Synoptic","CB","SWH_202406_SW_C",2024,6,26,"SWH","SW","C",0,"","","",8.988,748.31404545833,"",5.902,491.382899009242,"",0.4867,34.7476564786852,"",0.0798,5.7007,"Within_Range",0.0304,2.1738,"Within_Range",0.0213,0.6862,"Within_Range",51.2766,1.5994,"Within_Range",405.1228,11.428,"Within_Range",0.7321,0,0,0,"bdl","within range"
"COMPASS:Synoptic","CB","SWH_202406_SWAMP_LYSA_10CM",2024,6,26,"SWH","SWAMP","A",10,"","","",22.03,1834.1520273083,"",13.84,1152.27707934393,"",0.6162,43.9932318104907,"",0,0,"bdl",0.0788,5.6287,"Within_Range",0.0528,1.706,"Within_Range",2.886,0.09,"Within_Range",5.5272,0.1559,"Within_Range",0.01,0,0,0,"bdl","within range"
"COMPASS:Synoptic","CB","SWH_202406_SWAMP_LYSA_20CM",2024,6,26,"SWH","SWAMP","A",20,"","","",20.68,1721.75505786363,"",10.65,886.687203396886,"",0.6169,44.0432078933653,"",0.0016,0.117,"bdl",0.1607,11.4762,"Within_Range",0.0794,2.5639,"Within_Range",1.8087,0.0564,"Within_Range",5.2574,0.1483,"Within_Range",0.0095,0,0,0,"bdl","within range"
"COMPASS:Synoptic","CB","SWH_202406_SWAMP_LYSA_45CM",2024,6,26,"SWH","SWAMP","A",45,"","","",18.67,1554.40845891266,"",17.22,1433.68578802764,"",1.007,71.8941649353524,"",0,0,"bdl",0.3501,24.9978,"Within_Range",0.2601,8.3985,"Within_Range",0,0,"bdl",8.8585,0.2499,"Within_Range",0.016,0,0,0,"bdl","within range"
"COMPASS:Synoptic","CB","SWH_202406_SWAMP_LYSB_10CM",2024,6,26,"SWH","SWAMP","B",10,"","","",27.94,2326.20098243277,"",116.5,9699.4421780035,"value above cal curve",4.385,313.064462007468,"value above cal curve",0.0835,5.9584,"Within_Range",0.1984,14.166,"Within_Range",0.459,14.8193,"Within_Range",0,0,"bdl",11.1223,0.3137,"Within_Range",0.0201,2.6186,0.1824,6.9647,"within range","within range"
"COMPASS:Synoptic","CB","SWH_202406_SWAMP_LYSB_20CM",2024,6,26,"SWH","SWAMP","B",20,"","","",30.29,2521.85496628091,"",25.1,2089.75106152693,"",1.498,106.948817351696,"",0,0,"bdl",0.3607,25.7532,"Within_Range",0.3432,11.0805,"Within_Range",0,0,"bdl",8.4541,0.2385,"Within_Range",0.0153,0,0,0,"bdl","within range"
"COMPASS:Synoptic","CB","SWH_202406_SWAMP_LYSB_45CM",2024,6,26,"SWH","SWAMP","B",45,"","","",23.59,1964.0329697777,"",7.031,585.380068270752,"",0.7005,50.0117800766776,"",0,0,"bdl",0.3093,22.0841,"Within_Range",0.1406,4.5386,"Within_Range",0,0,"bdl",23.0768,0.651,"Within_Range",0.0417,0,0,0,"bdl","within range"
"COMPASS:Synoptic","CB","SWH_202406_SWAMP_LYSC_10CM",2024,6,26,"SWH","SWAMP","C",10,"","","",15.42,1283.82316210141,"",9.689,806.677212555158,"",0.4293,30.649617682966,"",0,0,"bdl",0.0614,4.3871,"Within_Range",0.0137,0.4432,"Within_Range",3.5851,0.1118,"Within_Range",4.6999,0.1326,"Within_Range",0.0085,0,0,0,"bdl","within range"
"COMPASS:Synoptic","CB","SWH_202406_SWAMP_LYSC_20CM",2024,6,26,"SWH","SWAMP","C",20,"","","",18.32,1525.26850387145,"",12.84,1069.02006494047,"",0.6491,46.342107705598,"",0,0,"bdl",0.1666,11.8949,"Within_Range",0.0099,0.321,"Within_Range",1.8247,0.0569,"Within_Range",3.9119,0.1103,"Within_Range",0.0071,16.538,0.8808,5.3258,"within range","within range"
"COMPASS:Synoptic","CB","SWH_202406_SWAMP_LYSC_45CM",2024,6,26,"SWH","SWAMP","C",45,"","","",18.09,1506.11939055865,"",15.93,1326.28423944717,"",0.8413,60.0641121748877,"",0.0026,0.1878,"bdl",0.2794,19.9511,"Within_Range",0.0309,0.9977,"Within_Range",1.327,0.0414,"Within_Range",7.6443,0.2156,"Within_Range",0.0138,15.5831,0,0,"within range","within range"
"COMPASS:Synoptic","CB","SWH_202406_TR_LYSA_10CM",2024,6,26,"SWH","TR","A",10,"","","",40.63,3382.73249521272,"",20.53,1709.26650570311,"",1.747,124.726023974241,"",0.0051,0.3671,"bdl",0.598,42.6951,"Within_Range",0.1201,3.8774,"Within_Range",5.2123,0.1626,"Within_Range",182.3339,5.1434,"Within_Range",0.3295,0,0,0,"bdl","within range"
"COMPASS:Synoptic","CB","SWH_202406_TR_LYSA_20CM",2024,6,26,"SWH","TR","A",20,"","","",38.12,3173.75738906003,"",17.21,1432.85321788361,"",4.026,287.433870933196,"value above cal curve",0,0,"bdl",1.8425,131.5463,"Within_Range",0.5269,17.0099,"Within_Range",0.3088,0.0096,"Within_Range",168.2231,4.7454,"Within_Range",0.304,21.645,2.0136,9.3029,"within range","within range"
"COMPASS:Synoptic","CB","SWH_202406_TR_LYSA_45CM",2024,6,26,"SWH","TR","A",45,"","","",45.3,3771.5427524769,"",16.74,1393.72242111398,"",3.844,274.440089385794,"value above cal curve",0,0,"bdl",1.9055,136.0385,"Within_Range",0.8128,26.2414,"Within_Range",0.7713,0.0241,"Within_Range",302.8452,8.5429,"Within_Range",0.5473,120.3953,4.8466,4.0255,"within range","within range"
"COMPASS:Synoptic","CB","SWH_202406_TR_LYSB_10CM",2024,6,26,"SWH","TR","B",10,"","","",6.221,517.941886603947,"blank is ≥ 25% of sample value",14.84,1235.5340937474,"",0.9902,70.6947389463614,"",0.2018,14.4045,"Within_Range",0.0611,4.3648,"Within_Range",0.0131,0.4238,"Within_Range",27.4459,0.8561,"Within_Range",263.9309,7.4452,"Within_Range",0.4769,0,0,0,"bdl","within range"
"COMPASS:Synoptic","CB","SWH_202406_TR_LYSB_20CM",2024,6,26,"SWH","TR","B",20,"","","",39.85,3317.79202397802,"",22.18,1846.64057946882,"",4.469,319.061591952423,"value above cal curve",0.0017,0.1234,"bdl",2.1878,156.2002,"Within_Range",0.8259,26.6636,"Within_Range",0,0,"bdl",162.2048,4.5756,"Within_Range",0.2931,22.8491,2.6423,11.5643,"within range","High CV"
"COMPASS:Synoptic","CB","SWH_202406_TR_LYSB_45CM",2024,6,26,"SWH","TR","B",45,"","","",51.32,4272.74997918575,"",27.19,2263.75822163017,"",4.266,304.568527918782,"value above cal curve",0,0,"bdl",1.8384,131.2527,"Within_Range",1.0054,32.4592,"Within_Range",0,0,"bdl",246.6432,6.9575,"Within_Range",0.4457,32.8555,1.2539,3.8164,"within range","within range"
"COMPASS:Synoptic","CB","SWH_202406_TR_LYSC_10CM",2024,6,26,"SWH","TR","C",10,"","","",NA,NA,NA,8.53,710.182332861544,"",0.5225,37.3035761457017,"",0.0209,1.4923,"bdl",0.0267,1.9043,"Within_Range",0.0131,0.4215,"Within_Range",43.5993,1.3599,"Within_Range",255.9568,7.2202,"Within_Range",0.4625,0,0,0,"bdl","within range"
"COMPASS:Synoptic","CB","SWH_202406_TR_LYSC_20CM",2024,6,26,"SWH","TR","C",20,"","","",30.35,2526.85038714512,"",15.44,1285.48830238948,"",2.325,165.991989547859,"",0,0,"bdl",1.0289,73.4597,"Within_Range",0.4685,15.125,"Within_Range",3.7665,0.1175,"Within_Range",212.453,5.993,"Within_Range",0.3839,29.1463,2.782,9.5448,"within range","within range"
"COMPASS:Synoptic","CB","SWH_202406_TR_LYSC_45CM",2024,6,26,"SWH","TR","C",45,"","","",40.31,3356.09025060361,"",19.11,1591.04154525019,"",2.651,189.266565286613,"",0.0024,0.1699,"bdl",1.1792,84.1907,"Within_Range",0.8133,26.2591,"Within_Range",0,0,"bdl",173.3097,4.8888,"Within_Range",0.3132,106.7614,4.5958,4.3048,"within range","within range"
"COMPASS:Synoptic","CB","SWH_202406_UP_LYSA_10CM",2024,6,26,"SWH","UP","A",10,"","","",8.897,740.737657147615,"",10.25,853.384397635501,"",0.4833,34.5049155047227,"",0.012,0.8559,"bdl",0.0248,1.7673,"Within_Range",0.0072,0.2327,"Within_Range",3.1987,0.0998,"Within_Range",6.7358,0.19,"Within_Range",0.0122,0,0,0,"bdl","within range"
"COMPASS:Synoptic","CB","SWH_202406_UP_LYSA_20CM",2024,6,26,"SWH","UP","A",20,"","","",12.17,1013.23786529015,"",8.057,670.801765048705,"",0.4038,28.8290603782476,"",NA,NA,NA,NA,NA,NA,NA,NA,NA,8.7328,0.2724,"Within_Range",6.4981,0.1833,"Within_Range",0.0118,0,0,0,"bdl","within range"
"COMPASS:Synoptic","CB","SWH_202406_UP_LYSA_45CM",2024,6,26,"SWH","UP","A",45,"","","",35.05,2918.1583548414,"",14.69,1223.04554158688,"",0.541,38.6243726216739,"",0.0083,0.5914,"bdl",0.0175,1.2513,"bdl",0.004,0.1295,"Within_Range",2.7313,0.0852,"Within_Range",4.9825,0.1406,"Within_Range",0.009,24.2698,1.0954,4.5134,"within range","within range"
"COMPASS:Synoptic","CB","SWH_202406_UP_LYSB_10CM",2024,6,26,"SWH","UP","B",10,"","","",8.177,680.792606777121,"",20.5,1706.768795271,"",0.7361,52.5534208628728,"",0,0,"bdl",0.0258,1.8443,"Within_Range",0.01,0.3214,"Within_Range",3.0547,0.0953,"Within_Range",8.4974,0.2397,"Within_Range",0.0154,0,0,0,"bdl","within range"
"COMPASS:Synoptic","CB","SWH_202406_UP_LYSB_20CM",2024,6,26,"SWH","UP","B",20,"","","",34.05,2834.90134043793,"",17.9,1490.300557822,"",0.8948,63.8837127945912,"",0.0017,0.1184,"bdl",0.1712,12.2201,"Within_Range",0.0052,0.1672,"Within_Range",5.9004,0.184,"Within_Range",4.6609,0.1315,"Within_Range",0.0084,0,0,0,"bdl","within range"
"COMPASS:Synoptic","CB","SWH_202406_UP_LYSB_45CM",2024,6,26,"SWH","UP","B",45,"","","",44.46,3701.60686037799,"",29.69,2471.90075763883,"",0.9551,68.1887953622195,"",0,0,"bdl",0.0229,1.6364,"Within_Range",0.0047,0.1503,"Within_Range",2.0368,0.0635,"Within_Range",5.5054,0.1553,"Within_Range",0.01,17.0623,1.0335,6.0571,"within range","within range"
"COMPASS:Synoptic","CB","SWH_202406_UP_LYSC_10CM",2024,6,26,"SWH","UP","C",10,"","","",NA,NA,NA,24.11,2007.3266172675,"",0.8482,60.5567335632233,"",0,0,"bdl",0.0503,3.5939,"Within_Range",0.0124,0.4007,"Within_Range",6.7888,0.2118,"Within_Range",6.2066,0.1751,"Within_Range",0.0112,0,0,0,"bdl","within range"
"COMPASS:Synoptic","CB","SWH_202406_UP_LYSC_20CM",2024,6,26,"SWH","UP","C",20,"","","",14.82,1233.86895345933,"",21.23,1767.54641578553,"",0.9012,64.3406369808734,"",0.0069,0.494,"bdl",0.0342,2.4443,"Within_Range",0.0116,0.3749,"Within_Range",3.0299,0.0945,"Within_Range",5.4982,0.1551,"Within_Range",0.01,0,0,0,"bdl","within range"
"COMPASS:Synoptic","CB","SWH_202406_UP_LYSC_45CM",2024,6,26,"SWH","UP","C",45,"","","",44.47,3702.43943052202,"",25.8,2148.03097160936,"",0.9094,64.9260710945476,"",0.0122,0.8694,"bdl",0.0254,1.8118,"Within_Range",0.0104,0.3356,"Within_Range",1.7743,0.0553,"Within_Range",5.1666,0.1457,"Within_Range",0.0094,25.4735,1.9076,7.4888,"within range","within range"
"COMPASS:Synoptic","CB","SWH_202406_WC_LYSA_10CM",2024,6,26,"SWH","WC","A",10,"","","",NA,NA,NA,19.6,1631.83748230788,"",1.006,71.8227705312458,"",NA,NA,NA,NA,NA,NA,NA,NA,NA,0,0,"bdl",270.8039,7.639,"Within_Range",0.4894,8.0264,0.2349,2.9263,"within range","within range"
"COMPASS:Synoptic","CB","SWH_202406_WC_LYSA_20CM",2024,6,26,"SWH","WC","A",20,"","","",NA,NA,NA,NA,NA,NA,NA,NA,NA,0.0089,0.6355,"bdl",0.0265,1.894,"Within_Range",0.2539,8.1971,"Within_Range",0,0,"bdl",219.3358,6.1872,"Within_Range",0.3964,9.355,0,0,"within range","within range"
"COMPASS:Synoptic","CB","SWH_202406_WC_LYSA_45CM",2024,6,26,"SWH","WC","A",45,"","","",NA,NA,NA,13.59,1131.46282574307,"",0.5882,41.9941884955057,"",0,0,"bdl",0.0187,1.3374,"bdl",0.1927,6.2219,"Within_Range",0,0,"bdl",454.1614,12.8113,"Within_Range",0.8207,4.2896,0.362,8.4382,"within range","within range"
"COMPASS:Synoptic","CB","SWH_202406_WC_LYSB_10CM",2024,6,26,"SWH","WC","B",10,"","","",NA,NA,NA,10.04,835.900424610773,"",0.5226,37.3107155861124,"",0,0,"bdl",0.0376,2.6826,"Within_Range",0.4575,14.7703,"Within_Range",0,0,"bdl",200.9459,5.6684,"Within_Range",0.3631,6.5593,0.5652,8.6174,"within range","within range"
"COMPASS:Synoptic","CB","SWH_202406_WC_LYSB_20CM",2024,6,26,"SWH","WC","B",20,"","","",NA,NA,NA,15.97,1329.61452002331,"",0.6925,49.4406248438247,"",0,0,"bdl",0.0255,1.8198,"Within_Range",0.2328,7.5171,"Within_Range",0,0,"bdl",229.8446,6.4836,"Within_Range",0.4154,3.8329,0.6459,16.8517,"within range","High CV"
"COMPASS:Synoptic","CB","SWH_202406_WC_LYSB_45CM",2024,6,26,"SWH","WC","B",45,"","","",NA,NA,NA,NA,NA,NA,NA,NA,NA,NA,NA,NA,NA,NA,NA,NA,NA,NA,1.2169,0.038,"Within_Range",720.6123,20.3276,"Within_Range",1.3022,0,0,0,"bdl","within range"
"COMPASS:Synoptic","CB","SWH_202406_WC_LYSC_10CM",2024,6,26,"SWH","WC","C",10,"","","",47.9,3988.0109899259,"",10.42,867.53809008409,"",1.141,81.4610150856376,"",0,0,"bdl",0.4729,33.7611,"Within_Range",0.2978,9.6154,"Within_Range",1.6013,0.0499,"Within_Range",254.4852,7.1787,"Within_Range",0.4599,8.4169,0.9883,11.7419,"within range","High CV"
"COMPASS:Synoptic","CB","SWH_202406_WC_LYSC_20CM",2024,6,26,"SWH","WC","C",20,"","","",74.48,6200.98243276996,"",18.56,1545.25018732828,"",0.8912,63.6266929398074,"",0,0,"bdl",0.0737,5.2623,"Within_Range",0.5327,17.1982,"Within_Range",0,0,"bdl",197.3932,5.5682,"Within_Range",0.3567,1.0859,0.0475,4.3711,"within range","within range"
"COMPASS:Synoptic","CB","SWH_202406_WC_LYSC_45CM",2024,6,26,"SWH","WC","C",45,"","","",79.19,6593.12297061027,"",15.88,1322.121388727,"",0.7257,51.8109190601641,"",0,0,"bdl",0.0239,1.7058,"Within_Range",0.1446,4.6687,"Within_Range",0,0,"bdl",649.0196,18.308,"Within_Range",1.1728,1.1408,0,0,"within range","within range"
"COMPASS:Synoptic","CB","GCW_202407_SW_A",2024,7,16,"GCW","SW","A",0,"","","",21.58,1796.68637082674,NA,5.976,497.543918075098,"",0.6337,45.2426338823563,"",0,0,"bdl",0.047,3.3587,"Within_Range",0.0704,2.2714,"Within_Range",601.2764,18.7547,"Within_Range",4617.2159,130.2459,"Within_Range",8.3433,0,0,0,"bdl","within range"
"COMPASS:Synoptic","CB","GCW_202407_SW_B",2024,7,16,"GCW","SW","B",0,"","","",21.22,1766.7138456415,NA,6.157,512.613437682125,"",0.5855,41.8014236044179,"",0,0,"bdl",0.0408,2.916,"Within_Range",0.0639,2.0641,"Within_Range",611.6804,19.0792,"Within_Range",4677.4513,131.945,"Within_Range",8.4522,0,0,0,"bdl","within range"
"COMPASS:Synoptic","CB","GCW_202407_SW_C",2024,7,16,"GCW","SW","C",0,"","","",21.24,1768.37898592956,NA,6.058,504.370993256182,"",0.5528,39.4668265901319,"",0.0065,0.4627,"bdl",0.0387,2.7645,"Within_Range",0.0394,1.2706,"Within_Range",620.2344,19.3461,"Within_Range",4732.8311,133.5072,"Within_Range",8.5523,0,0,0,"bdl","within range"
"COMPASS:Synoptic","CB","GCW_202407_TR_LYSA_20CM",2024,7,16,"GCW","TR","A",20,"","","",NA,NA,NA,NA,NA,NA,NA,NA,NA,0,0,"bdl",0.1228,8.7642,"Within_Range",0.0089,0.2866,"Within_Range",2.2106,0.069,"Within_Range",6.2394,0.176,"Within_Range",0.0113,0,0,0,"bdl","within range"
"COMPASS:Synoptic","CB","GCW_202407_TR_LYSA_45CM",2024,7,16,"GCW","TR","A",45,"","","",NA,NA,NA,NA,NA,NA,NA,NA,NA,0,0,"bdl",0.159,11.3533,"Within_Range",0.0068,0.218,"Within_Range",4.8468,0.1512,"Within_Range",9.846,0.2777,"Within_Range",0.0178,0,0,0,"bdl","within range"
"COMPASS:Synoptic","CB","GCW_202407_TR_LYSB_10CM",2024,7,16,"GCW","TR","B",10,"","","",NA,NA,NA,NA,NA,NA,NA,NA,NA,NA,NA,NA,NA,NA,NA,NA,NA,NA,36.0849,1.1255,"Within_Range",31.9797,0.9021,"Within_Range",0.0578,0,0,0,"bdl","within range"
"COMPASS:Synoptic","CB","GCW_202407_TR_LYSB_20CM",2024,7,16,"GCW","TR","B",20,"","","",NA,NA,NA,27.03,2250.43709932562,"",1.274,90.9564708318162,"",0.0088,0.6264,"bdl",NA,NA,NA,NA,NA,NA,5.3744,0.1676,"Within_Range",6.3811,0.18,"Within_Range",0.0116,0,0,0,"bdl","within range"
"COMPASS:Synoptic","CB","GCW_202407_TR_LYSB_45CM",2024,7,16,"GCW","TR","B",45,"","","",NA,NA,NA,NA,NA,NA,NA,NA,NA,0.0116,0.8305,"bdl",0.1214,8.6679,"Within_Range",0.0081,0.2604,"bdl",2.3899,0.0745,"Within_Range",13.4456,0.3793,"Within_Range",0.0243,0,0,0,"bdl","within range"
"COMPASS:Synoptic","CB","GCW_202407_TR_LYSC_20CM",2024,7,16,"GCW","TR","C",20,"","","",NA,NA,NA,NA,NA,NA,NA,NA,NA,0,0,"bdl",0.111,7.9214,"Within_Range",0.0542,1.7487,"Within_Range",7.7159,0.2407,"Within_Range",16.6779,0.4705,"Within_Range",0.0302,0,0,0,"bdl","within range"
"COMPASS:Synoptic","CB","GCW_202407_TR_LYSC_45CM",2024,7,16,"GCW","TR","C",45,"","","",NA,NA,NA,NA,NA,NA,NA,NA,NA,NA,NA,NA,NA,NA,NA,NA,NA,NA,2.288,0.0714,"Within_Range",99.6559,2.8112,"Within_Range",0.1801,0,0,0,"bdl","within range"
"COMPASS:Synoptic","CB","GCW_202407_WC_LYSA_10CM",2024,7,16,"GCW","WC","A",10,"","","",110.8,9224.87719590375,NA,11.83,984.930480392973,"",1.161,82.8889031677697,"",0.0014,0.0977,"bdl",0.3459,24.6934,"Within_Range",0.207,6.6839,"Within_Range",679.2859,21.188,"Within_Range",5616.6849,158.4396,"Within_Range",10.1494,3113.1264,260.0011,8.3518,"Within_Range","within range"
"COMPASS:Synoptic","CB","GCW_202407_WC_LYSA_20CM",2024,7,16,"GCW","WC","A",20,"","","",124.9,10398.8010989926,NA,13.61,1133.12796603114,"",2.347,167.562666438205,"",0.0105,0.7516,"bdl",0.8498,60.6675,"Within_Range",0.2536,8.1887,"Within_Range",523.8194,16.3387,"Within_Range",5354.9375,151.0561,"Within_Range",9.6764,3236.9102,217.7899,6.7283,"Within_Range","within range"
"COMPASS:Synoptic","CB","GCW_202407_WC_LYSA_45CM",2024,7,16,"GCW","WC","A",45,"","","",185.4,15435.8504704021,NA,24.7,2056.44825576555,"",5.932,423.511605160388,"value above cal curve",0.001,0.0697,"bdl",1.8958,135.3464,"Within_Range",0.2141,6.9137,"Within_Range",128.3735,4.0042,"Within_Range",5769.1193,162.7396,"Within_Range",10.4248,5743.531,537.0435,9.3504,"Within_Range","within range"
"COMPASS:Synoptic","CB","GCW_202407_WC_LYSB_10CM",2024,7,16,"GCW","WC","B",10,"","","",119,9907.58471401216,NA,11.63,968.279077512281,"",1.648,117.657977967687,"",0,0,"bdl",0.4312,30.7849,"Within_Range",0.235,7.587,"Within_Range",367.7099,11.4694,"Within_Range",4052.2577,114.3091,"Within_Range",7.3225,3110.0318,236.8729,7.6164,"Within_Range","within range"
"COMPASS:Synoptic","CB","GCW_202407_WC_LYSB_20CM",2024,7,16,"GCW","WC","B",20,"","","",125.6,10457.081009075,NA,12.94,1077.34576638082,"",3.279,234.102251065561,"value above cal curve",0,0,"bdl",1.5184,108.4061,"Within_Range",0.2668,8.6148,"Within_Range",195.6412,6.1023,"Within_Range",4273.3436,120.5457,"Within_Range",7.722,4097.2072,141.8121,3.4612,"Within_Range","within range"
"COMPASS:Synoptic","CB","GCW_202407_WC_LYSB_45CM",2024,7,16,"GCW","WC","B",45,"","","",154.4,12854.8830238948,NA,14.49,1206.39413870619,"",5.942,424.225549201454,"value above cal curve",9e-04,0.0656,"bdl",1.5339,109.5142,"Within_Range",0.2339,7.5531,"Within_Range",182.6958,5.6986,"Within_Range",5625.8532,158.6983,"Within_Range",10.1659,5418.5987,200.0506,3.6919,"Within_Range","within range"
"COMPASS:Synoptic","CB","GCW_202407_WC_LYSC_10CM",2024,7,16,"GCW","WC","C",10,"","","",82.79,6892.84822246274,NA,7.618,634.251935725585,"",0.7509,53.6100580436505,"",0,0,"bdl",0.3632,25.9334,"Within_Range",0.0905,2.9212,"Within_Range",625.3652,19.5061,"Within_Range",5475.7046,154.4628,"Within_Range",9.8946,1773.1674,125.5887,7.0827,"Within_Range","within range"
"COMPASS:Synoptic","CB","GCW_202407_WC_LYSC_20CM",2024,7,16,"GCW","WC","C",20,"","","",86.05,7164.26608941803,NA,6.695,557.405711431188,"",0.5026,35.8828275039802,"",0,0,"bdl",0.0996,7.1119,"Within_Range",0.1261,4.0727,"Within_Range",364.4446,11.3676,"Within_Range",4104.2228,115.775,"Within_Range",7.4164,1929.0144,124.9781,6.4789,"Within_Range","within range"
"COMPASS:Synoptic","CB","GCW_202407_WC_LYSC_45CM",2024,7,16,"GCW","WC","C",45,"","","",103.2,8592.12388643743,NA,10.19,848.388976771293,"",1.595,113.874074550037,"",0,0,"bdl",0.7306,52.162,"Within_Range",0.207,6.684,"Within_Range",355.3064,11.0825,"Within_Range",4990.3861,140.7725,"Within_Range",9.0177,3719.6668,370.2278,9.9533,"Within_Range","within range"
"COMPASS:Synoptic","CB","MSM_202407_SW_A",2024,7,18,"MSM","SW","A",0,"","","",19.17,1596.0369661144,NA,6.445,536.591457830322,"",0.63,44.9784745871619,"",0.0134,0.9577,"bdl",0.1231,8.7855,"Within_Range",0.0061,0.1985,"Within_Range",829.9175,25.8864,"Within_Range",6185.7528,174.4923,"Within_Range",11.1777,0,0,0,"bdl","within range"
"COMPASS:Synoptic","CB","MSM_202407_SW_B",2024,7,18,"MSM","SW","B",0,"","","",18.95,1577.72042294563,NA,6.37,530.347181750063,"",0.671,47.9056451555327,"",0.014,1.0012,"bdl",0.1562,11.155,"Within_Range",0.0054,0.1728,"Within_Range",818.2,25.5209,"Within_Range",6105.5504,172.2299,"Within_Range",11.0328,0,0,0,"bdl","within range"
"COMPASS:Synoptic","CB","MSM_202407_SW_C",2024,7,18,"MSM","SW","C",0,"","","",19.04,1585.21355424194,NA,6.467,538.423112147198,"",0.657,46.9061234980402,"",0.0027,0.1902,"bdl",0.0578,4.1266,"Within_Range",0.0041,0.1317,"Within_Range",819.821,25.5715,"Within_Range",6095.9742,171.9598,"Within_Range",11.0155,0,0,0,"bdl","within range"
"COMPASS:Synoptic","CB","MSM_202407_TR_LYSA_10CM",2024,7,18,"MSM","TR","A",10,"","","",21.91,1824.16118557989,NA,NA,NA,NA,NA,NA,NA,0.0768,5.4809,"Within_Range",0.4019,28.6902,"Within_Range",0.008,0.2567,"Within_Range",695.2461,21.6858,"Within_Range",4561.8631,128.6844,"Within_Range",8.2433,0,0,0,"bdl","within range"
"COMPASS:Synoptic","CB","MSM_202407_TR_LYSA_20CM",2024,7,18,"MSM","TR","A",20,"","","",27.92,2324.5358421447,NA,27.35,2277.07934393473,"",3.318,236.886632825719,"value above cal curve",0.0083,0.5916,"bdl",2.7403,195.6425,"Within_Range",0.0133,0.4285,"Within_Range",578.2853,18.0376,"Within_Range",4643.1097,130.9763,"Within_Range",8.3901,1.5645,0.1205,7.6996,"Within_Range","within range"
"COMPASS:Synoptic","CB","MSM_202407_TR_LYSA_45CM",2024,7,18,"MSM","TR","A",45,"","","",NA,NA,NA,17.14,1427.02522687536,"",1.6,114.23104657057,"",0.0146,1.0454,"bdl",1.6811,120.0218,"Within_Range",0.0127,0.4105,"Within_Range",574.0811,17.9065,"Within_Range",4644.7803,131.0234,"Within_Range",8.3931,0,0,0,"bdl","within range"
"COMPASS:Synoptic","CB","MSM_202407_TR_LYSB_10CM",2024,7,18,"MSM","TR","B",10,"","","",19.86,1653.48430605278,NA,42.61,3547.58138373158,"",2.635,188.124254820907,"",0.0178,1.2743,"bdl",1.1167,79.7264,"Within_Range",0.0089,0.288,"Within_Range",673.656,21.0124,"Within_Range",4829.7362,136.2408,"Within_Range",8.7274,0,0,0,"bdl","within range"
"COMPASS:Synoptic","CB","MSM_202407_TR_LYSB_20CM",2024,7,18,"MSM","TR","B",20,"","","",38,3163.76654733161,NA,60.23,5014.56997752061,"",4.308,307.567092891259,"value above cal curve",0.0043,0.3102,"bdl",2.266,161.7801,"Within_Range",0.0083,0.269,"Within_Range",416.7939,13.0004,"Within_Range",5265.4128,148.5307,"Within_Range",9.5146,5.0568,0,0,"Within_Range","within range"
"COMPASS:Synoptic","CB","MSM_202407_TR_LYSB_45CM",2024,7,18,"MSM","TR","B",45,"","","",NA,NA,NA,37.52,3123.80318041795,"",3.875,276.653315913099,"value above cal curve",0.0115,0.8241,"bdl",3.1739,226.5979,"Within_Range",0.0152,0.4906,"Within_Range",348.9427,10.8841,"Within_Range",5356.0431,151.0873,"Within_Range",9.6784,0.9744,0.0656,6.7368,"Within_Range","within range"
"COMPASS:Synoptic","CB","MSM_202407_TR_LYSC_10CM",2024,7,18,"MSM","TR","C",10,"","","",20.99,1747.5647323287,NA,32.73,2725.00208142536,"",2.53,180.627842389713,"",0.0343,2.4497,"Within_Range",1.212,86.5297,"Within_Range",0.0058,0.1883,"Within_Range",919.8849,28.6926,"Within_Range",5805.1978,163.7573,"Within_Range",10.49,0,0,0,"bdl","within range"
"COMPASS:Synoptic","CB","MSM_202407_TR_LYSC_20CM",2024,7,18,"MSM","TR","C",20,"","","",32.99,2746.64890517026,NA,31.8,2647.57305803014,"",3.8,271.298735605103,"value above cal curve",0.0069,0.4938,"bdl",2.3727,169.3964,"Within_Range",0.0091,0.2931,"Within_Range",524.1953,16.3504,"Within_Range",5403.4023,152.4232,"Within_Range",9.764,16.0606,0.3939,2.4524,"Within_Range","within range"
"COMPASS:Synoptic","CB","MSM_202407_TR_LYSC_45CM",2024,7,18,"MSM","TR","C",45,"","","",NA,NA,NA,19.81,1649.32145533261,"",2.259,161.279958876823,"",0.0072,0.5167,"bdl",2.4189,172.6967,"Within_Range",0.0188,0.6072,"Within_Range",569.112,17.7515,"Within_Range",5312.6756,149.8639,"Within_Range",9.6,0,0,0,"bdl","within range"
"COMPASS:Synoptic","CB","MSM_202407_UP_LYSA_20CM",2024,7,18,"MSM","UP","A",20,"","","",NA,NA,NA,30.35,2526.85038714512,"",0.9968,71.165942013465,"",0.0144,1.0278,"bdl",0.0317,2.2653,"Within_Range",0.0071,0.2284,"Within_Range",161.605,5.0407,"Within_Range",1961.6488,55.3357,"Within_Range",3.5447,0,0,0,"bdl","within range"
"COMPASS:Synoptic","CB","MSM_202407_UP_LYSA_45CM",2024,7,18,"MSM","UP","A",45,"","","",NA,NA,NA,23.91,1990.67521438681,"",1.886,134.649846145059,"",0.1874,13.3802,"Within_Range",0.9971,71.1839,"Within_Range",0.0046,0.1491,"Within_Range",135.2181,4.2177,"Within_Range",1849.3099,52.1667,"Within_Range",3.3417,0,0,0,"bdl","within range"
"COMPASS:Synoptic","CB","MSM_202407_UP_LYSB_10CM",2024,7,18,"MSM","UP","B",10,"","","",7.437,619.182416118558,NA,29.54,2459.41220547831,"",0.8969,64.033641043215,"",0.0103,0.7332,"bdl",0.0159,1.135,"bdl",0.0042,0.1354,"Within_Range",69.6807,2.1734,"Within_Range",717.5956,20.2425,"Within_Range",1.2967,0,0,0,"bdl","within range"
"COMPASS:Synoptic","CB","MSM_202407_UP_LYSB_45CM",2024,7,18,"MSM","UP","B",45,"","","",NA,NA,NA,23.24,1934.89301473649,"",1.223,87.3153562223793,"",NA,NA,NA,NA,NA,NA,NA,NA,NA,158.0056,4.9284,"Within_Range",1690.2742,47.6805,"Within_Range",3.0544,0,0,0,"bdl","within range"
"COMPASS:Synoptic","CB","MSM_202407_UP_LYSC_10CM",2024,7,18,"MSM","UP","C",10,"","","",8.551,711.930730164016,NA,33.15,2759.97002747482,"",0.9247,66.0184054773787,"",0.0328,2.3405,"Within_Range",0.0263,1.8804,"Within_Range",0.0057,0.1846,"Within_Range",110.1072,3.4344,"Within_Range",855.5652,24.1344,"Within_Range",1.546,0,0,0,"bdl","within range"
"COMPASS:Synoptic","CB","MSM_202407_UP_LYSC_20CM",2024,7,18,"MSM","UP","C",20,"","","",11.17,929.980850886687,NA,26.98,2246.27424860545,"",0.8438,60.2425981851542,"",0.0434,3.0971,"Within_Range",0.0298,2.1309,"Within_Range",0.0058,0.1862,"Within_Range",112.4865,3.5086,"Within_Range",957.0896,26.9983,"Within_Range",1.7295,0,0,0,"bdl","within range"
"COMPASS:Synoptic","CB","MSM_202407_UP_LYSC_45CM",2024,7,18,"MSM","UP","C",45,"","","",NA,NA,NA,22.93,1909.08334027142,"",2.069,147.715022096568,"",NA,NA,NA,NA,NA,NA,NA,NA,NA,156.9997,4.8971,"Within_Range",1583.0881,44.6569,"Within_Range",2.8607,0,0,0,"bdl","within range"
"COMPASS:Synoptic","CB","MSM_202407_WC_LYSA_10CM",2024,7,18,"MSM","WC","A",10,"","","",54.58,4544.16784614104,NA,14.81,1233.03638331529,"",1.243,88.7432443045114,"",0.0109,0.7791,"bdl",0.2748,19.6163,"Within_Range",0.0333,1.0743,"Within_Range",766.6184,23.912,"Within_Range",6165.3249,173.9161,"Within_Range",11.1408,885.019,51.1311,5.7774,"Within_Range","within range"
"COMPASS:Synoptic","CB","MSM_202407_WC_LYSA_20CM",2024,7,18,"MSM","WC","A",20,"","","",103.8,8642.07809507951,NA,18.82,1566.89701107318,"",1.797,128.295744179571,"",0.0151,1.0763,"bdl",0.5389,38.4769,"Within_Range",0.0384,1.2382,"Within_Range",713.1499,22.2442,"Within_Range",6884.8685,194.2135,"Within_Range",12.441,1465.8554,33.1267,2.2599,"Within_Range","within range"
"COMPASS:Synoptic","CB","MSM_202407_WC_LYSA_45CM",2024,7,18,"MSM","WC","A",45,"","","",NA,NA,NA,95.93,7986.84539172425,"",2.551,182.127124875952,"",NA,NA,NA,NA,NA,NA,NA,NA,NA,75.371,2.3509,"Within_Range",8905.0643,251.2007,"Within_Range",16.0915,0,0,0,"bdl","within range"
"COMPASS:Synoptic","CB","MSM_202407_WC_LYSB_10CM",2024,7,18,"MSM","WC","B",10,"","","",102.4,8525.51827491466,NA,17.67,1471.1514445092,"",2.13,152.070080747071,"",0.0154,1.1007,"bdl",0.8834,63.0662,"Within_Range",0.0849,2.7416,"Within_Range",772.4522,24.094,"Within_Range",6932.8212,195.5662,"Within_Range",12.5276,1835.0592,182.0032,9.9181,"Within_Range","within range"
"COMPASS:Synoptic","CB","MSM_202407_WC_LYSB_20CM",2024,7,18,"MSM","WC","B",20,"","","",102,8492.21546915328,NA,22.91,1907.41819998335,"",2.706,193.193257512476,"",0.0082,0.5879,"bdl",0.5945,42.4406,"Within_Range",0.0575,1.8551,"Within_Range",719.8729,22.4539,"Within_Range",6875.5996,193.952,"Within_Range",12.4242,1847.4637,160.9505,8.712,"Within_Range","within range"
"COMPASS:Synoptic","CB","MSM_202407_WC_LYSC_10CM",2024,7,18,"MSM","WC","C",10,"","","",84.04,6996.91949046707,NA,16.92,1408.7086837066,"",3.249,231.960418942363,"value above cal curve",0.0168,1.2001,"bdl",1.3503,96.4064,"Within_Range",0.0667,2.1523,"Within_Range",691.3247,21.5635,"Within_Range",6651.8996,187.6417,"Within_Range",12.02,2358.0456,144.4217,6.1246,"Within_Range","within range"
"COMPASS:Synoptic","CB","MSM_202407_WC_LYSC_20CM",2024,7,18,"MSM","WC","C",20,"","","",NA,NA,NA,37.94,3158.7711264674,"",4.427,316.063026979945,"value above cal curve",0.0058,0.4139,"bdl",1.068,76.2469,"Within_Range",0.063,2.0335,"Within_Range",467.072,14.5687,"Within_Range",6443.916,181.7748,"Within_Range",11.6442,2002.1934,153.2586,7.6545,"Within_Range","within range"
"COMPASS:Synoptic","CB","MSM_202407_WC_LYSC_45CM",2024,7,18,"MSM","WC","C",45,"","","",NA,NA,NA,NA,NA,NA,NA,NA,NA,0.0299,2.1358,"Within_Range",1.4175,101.1996,"Within_Range",0.0051,0.1657,"Within_Range",92.443,2.8834,"Within_Range",7611.8271,214.7201,"Within_Range",13.7546,0,0,0,"bdl","within range"
"COMPASS:Synoptic","CB","SWH_202407_SWAMP_LYSA_10CM",2024,7,23,"SWH","SWAMP","A",10,"","","",27.35,2277.07934393473,NA,18,1498.62625926234,"",1.074,76.677590010495,"",0,0,"bdl",NA,NA,NA,NA,NA,NA,1.4269,0.0445,"Within_Range",7.5511,0.213,"Within_Range",0.0137,7.0255,0.4389,6.2474,"Within_Range","within range"
"COMPASS:Synoptic","CB","SWH_202407_SWAMP_LYSA_20CM",2024,7,23,"SWH","SWAMP","A",20,"","","",24.09,2005.66147697944,NA,11.48,955.790525351761,"",0.8252,58.9146622687714,"",0,0,"bdl",0.3647,26.037,"Within_Range",0.1506,4.8627,"Within_Range",3.7642,0.1174,"Within_Range",10.5065,0.2964,"Within_Range",0.019,18.9793,1.0028,5.2835,"Within_Range","within range"
"COMPASS:Synoptic","CB","SWH_202407_SWAMP_LYSA_45CM",2024,7,23,"SWH","SWAMP","A",45,"","","",NA,NA,NA,12.16,1012.40529514612,"",1.007,71.8941649353524,"",0,0,"bdl",0.4228,30.1871,"Within_Range",0.2904,9.3748,"Within_Range",1.2902,0.0402,"Within_Range",10.6346,0.3,"Within_Range",0.0192,7.5834,0.6636,8.7503,"Within_Range","within range"
"COMPASS:Synoptic","CB","SWH_202407_SWAMP_LYSB_10CM",2024,7,23,"SWH","SWAMP","B",10,"","","",NA,NA,NA,106.3,8850.22063108817,"value above cal curve",4.263,304.354344706462,"value above cal curve",NA,NA,NA,NA,NA,NA,NA,NA,NA,1.0123,0.0316,"Within_Range",11.0982,0.3131,"Within_Range",0.0201,1.8721,0.046,2.4577,"Within_Range","within range"
"COMPASS:Synoptic","CB","SWH_202407_SWAMP_LYSB_20CM",2024,7,23,"SWH","SWAMP","B",20,"","","",NA,NA,NA,23.87,1987.34493381067,"",1.457,104.021646783325,"",0,0,"bdl",0.2789,19.9148,"Within_Range",0.1371,4.4252,"Within_Range",0.7052,0.022,"Within_Range",8.6704,0.2446,"Within_Range",0.0157,5.0465,0.3945,7.8164,"Within_Range","within range"
"COMPASS:Synoptic","CB","SWH_202407_SWAMP_LYSB_45CM",2024,7,23,"SWH","SWAMP","B",45,"","","",21.45,1785.86295895429,NA,7.177,597.535592373657,"",0.6391,45.628163664532,"",0,0,"bdl",0.1344,9.5927,"Within_Range",0.0129,0.4155,"Within_Range",1.2536,0.0391,"Within_Range",16.3114,0.4601,"Within_Range",0.0295,11.8601,1.5778,13.3035,"Within_Range","High CV"
"COMPASS:Synoptic","CB","SWH_202407_SWAMP_LYSC_10CM",2024,7,23,"SWH","SWAMP","C",10,"","","",17.65,1469.48630422113,NA,31.37,2611.77254183665,"",1.015,72.4653201682052,"",0,0,"bdl",0.2783,19.8708,"Within_Range",0.0234,0.7548,"Within_Range",1.7985,0.0561,"Within_Range",6.5912,0.1859,"Within_Range",0.0119,3.9707,0.3381,8.5151,"Within_Range","within range"
"COMPASS:Synoptic","CB","SWH_202407_SWAMP_LYSC_20CM",2024,7,23,"SWH","SWAMP","C",20,"","","",15.7,1307.13512613438,NA,25.42,2116.39330613604,"",1.104,78.8194221336932,"",0,0,"bdl",0.3635,25.9506,"Within_Range",0.022,0.7118,"Within_Range",1.5981,0.0498,"Within_Range",6.0518,0.1707,"Within_Range",0.011,11.1429,0.6762,6.0685,"Within_Range","within range"
"COMPASS:Synoptic","CB","SWH_202407_SWAMP_LYSC_45CM",2024,7,23,"SWH","SWAMP","C",45,"","","",23.05,1919.07418199983,NA,20.07,1670.96827907751,"",1.124,80.2473102158253,"",0,0,"bdl",0.3582,25.5699,"Within_Range",0.0542,1.7499,"Within_Range",0,0,"bdl",9.7789,0.2759,"Within_Range",0.0177,41.4465,3.4371,8.2928,"Within_Range","within range"
"COMPASS:Synoptic","CB","SWH_202407_UP_LYSA_10CM",2024,7,23,"SWH","UP","A",10,"","","",7.368,613.437682124719,NA,11.64,969.111647656315,"",0.5614,40.0808184654487,"",0,0,"bdl",0.0854,6.1002,"Within_Range",0.0041,0.1312,"Within_Range",3.1635,0.0987,"Within_Range",10.7798,0.3041,"Within_Range",0.0195,0,0,0,"bdl","within range"
"COMPASS:Synoptic","CB","SWH_202407_UP_LYSA_20CM",2024,7,23,"SWH","UP","A",20,"","","",10.39,865.040379651986,NA,10.47,871.700940804263,"",0.4694,33.5125332876409,"",0,0,"bdl",0.0207,1.4791,"Within_Range",0.004,0.1305,"Within_Range",12.432,0.3878,"Within_Range",9.8308,0.2773,"Within_Range",0.0178,0,0,0,"bdl","within range"
"COMPASS:Synoptic","CB","SWH_202407_UP_LYSA_45CM",2024,7,23,"SWH","UP","A",45,"","","",38.78,3228.70701856631,NA,15.64,1302.13970527017,"",0.5888,42.0370251379697,"",0,0,"bdl",0.0376,2.6839,"Within_Range",0.0025,0.0823,"bdl",1.9395,0.0605,"Within_Range",11.4221,0.3222,"Within_Range",0.0207,19.3113,2.8739,14.8818,"Within_Range","High CV"
"COMPASS:Synoptic","CB","SWH_202407_UP_LYSB_10CM",2024,7,23,"SWH","UP","B",10,"","","",NA,NA,NA,26.99,2247.10681874948,"",0.8222,58.7004790564516,"",0,0,"bdl",0.0835,5.9609,"Within_Range",0.01,0.3215,"Within_Range",5.5104,0.1719,"Within_Range",6.0424,0.1704,"Within_Range",0.0109,0,0,0,"bdl","within range"
"COMPASS:Synoptic","CB","SWH_202407_UP_LYSB_20CM",2024,7,23,"SWH","UP","B",20,"","","",33.33,2774.95629006744,NA,13.81,1149.77936891183,"",0.5357,38.2459822799089,"",0,0,"bdl",0.0347,2.4801,"Within_Range",0.0051,0.1654,"Within_Range",15.4028,0.4804,"Within_Range",5.5491,0.1565,"Within_Range",0.0101,0,0,0,"bdl","within range"
"COMPASS:Synoptic","CB","SWH_202407_UP_LYSB_45CM",2024,7,23,"SWH","UP","B",45,"","","",NA,NA,NA,35.32,2940.63774873033,"",1.057,75.4638851406827,"",0,0,"bdl",0.0273,1.9521,"Within_Range",0.0057,0.1828,"Within_Range",1.7632,0.055,"Within_Range",10.4452,0.2946,"Within_Range",0.0189,21.556,1.9928,9.2449,"Within_Range","within range"
"COMPASS:Synoptic","CB","SWH_202407_UP_LYSC_10CM",2024,7,23,"SWH","UP","C",10,"","","",NA,NA,NA,NA,NA,NA,NA,NA,NA,NA,NA,NA,0.0305,2.1797,"Within_Range",0.0058,0.1875,"Within_Range",14.5661,0.4543,"Within_Range",8.773,0.2475,"Within_Range",0.0159,0,0,0,"bdl","within range"
"COMPASS:Synoptic","CB","SWH_202407_UP_LYSC_20CM",2024,7,23,"SWH","UP","C",20,"","","",NA,NA,NA,19.18,1596.86953625843,"",0.6677,47.6700436219809,"",0,0,"bdl",0.3273,23.3652,"Within_Range",0.0704,2.2738,"Within_Range",11.6483,0.3633,"Within_Range",6.539,0.1845,"Within_Range",0.0118,0,0,0,"bdl","within range"
"COMPASS:Synoptic","CB","SWH_202407_UP_LYSC_45CM",2024,7,23,"SWH","UP","C",45,"","","",36.99,3079.67696278411,NA,28.37,2362.00149862626,"",0.9438,67.3820385958149,"",NA,NA,NA,0.3102,22.145,"Within_Range",0.08,2.583,"Within_Range",NA,NA,NA,NA,NA,NA,NA,NA,NA,NA,NA,NA
"COMPASS:Synoptic","CB","SWH_202407_SW_A",2024,7,24,"SWH","SW","A",0,"","","",10.36,862.542669219882,NA,5.894,490.716842894014,"",0.3778,26.9728058714758,"",0,0,"bdl",0.0276,1.9681,"Within_Range",0.021,0.6792,"Within_Range",71.6507,2.2349,"Within_Range",534.547,15.0789,"Within_Range",0.966,0,0,0,"bdl","within range"
"COMPASS:Synoptic","CB","SWH_202407_SW_B",2024,7,24,"SWH","SW","B",0,"","","",9.466,788.110898343185,NA,6.07,505.370077429023,"",0.4986,35.5972498875538,"",0,0,"bdl",0.0215,1.5324,"Within_Range",0.0187,0.6048,"Within_Range",72.9628,2.2758,"Within_Range",545.1049,15.3767,"Within_Range",0.985,0,0,0,"bdl","within range"
"COMPASS:Synoptic","CB","SWH_202407_SW_C",2024,7,24,"SWH","SW","C",0,"","","",9.835,818.832736658063,NA,6.054,504.037965198568,"",0.4196,29.9570919631319,"",0,0,"bdl",0.025,1.7859,"Within_Range",0.018,0.5803,"Within_Range",70.6664,2.2042,"Within_Range",533.3014,15.0438,"Within_Range",0.9637,0,0,0,"bdl","within range"
"COMPASS:Synoptic","CB","SWH_202407_TR_LYSA_10CM",2024,7,24,"SWH","TR","A",10,"","","",35.07,2919.82349512946,NA,32.26,2685.87128465573,"",1.854,132.365225213648,"",0,0,"bdl",NA,NA,NA,NA,NA,NA,2.7581,0.086,"Within_Range",349.764,9.8664,"Within_Range",0.632,0,0,0,"bdl","within range"
"COMPASS:Synoptic","CB","SWH_202407_TR_LYSA_20CM",2024,7,24,"SWH","TR","A",20,"","","",40.2,3346.93197901923,NA,19.33,1609.35808841895,"",4.791,342.05059007475,"value above cal curve",0,0,"bdl",2.4722,176.5028,"Within_Range",0.8193,26.4521,"Within_Range",0.4722,0.0147,"Within_Range",306.8884,8.6569,"Within_Range",0.5546,6.5488,0.6209,9.4804,"Within_Range","within range"
"COMPASS:Synoptic","CB","SWH_202407_TR_LYSA_45CM",2024,7,24,"SWH","TR","A",45,"","","",45.36,3776.5381733411,NA,15.77,1312.96311714262,"",3.713,265.087422447829,"value above cal curve",0,0,"bdl",1.7295,123.4783,"Within_Range",0.4758,15.3617,"Within_Range",0.6326,0.0197,"Within_Range",371.838,10.4891,"Within_Range",0.6719,140.8027,6.3891,4.5376,"Within_Range","within range"
"COMPASS:Synoptic","CB","SWH_202407_TR_LYSB_10CM",2024,7,24,"SWH","TR","B",10,"","","",25.79,2147.19840146532,NA,20.54,1710.09907584714,"",1.723,123.012558275682,"",0,0,"bdl",0.5398,38.5414,"Within_Range",0.1112,3.5911,"Within_Range",4.4333,0.1383,"Within_Range",285.7662,8.0611,"Within_Range",0.5164,0,0,0,"bdl","within range"
"COMPASS:Synoptic","CB","SWH_202407_TR_LYSB_20CM",2024,7,24,"SWH","TR","B",20,"","","",52.5,4370.99325618183,NA,23.64,1968.19582049788,"",4.022,287.14829331677,"value above cal curve",0,0,"bdl",1.6538,118.0756,"Within_Range",0.9917,32.0176,"Within_Range",0.8862,0.0276,"Within_Range",317.1364,8.946,"Within_Range",0.5731,2.6443,0.1629,6.1621,"Within_Range","within range"
"COMPASS:Synoptic","CB","SWH_202407_TR_LYSB_45CM",2024,7,24,"SWH","TR","B",45,"","","",56.66,4717.34243610024,NA,21.79,1814.17034385147,"",5.385,384.458866114074,"value above cal curve",0,0,"bdl",2.4899,177.7631,"Within_Range",0.9833,31.7464,"Within_Range",0.8911,0.0278,"Within_Range",303.3374,8.5568,"Within_Range",0.5482,36.441,2.2269,6.1108,"Within_Range","within range"
"COMPASS:Synoptic","CB","SWH_202407_TR_LYSC_10CM",2024,7,24,"SWH","TR","C",10,"","","",36.68,3053.86728831904,NA,13.62,1133.96053617517,"",0.6904,49.2906965952009,"",0,0,"bdl",0.0821,5.8612,"Within_Range",0.011,0.3566,"Within_Range",18.6391,0.5814,"Within_Range",388.5132,10.9595,"Within_Range",0.7021,0,0,0,"bdl","within range"
"COMPASS:Synoptic","CB","SWH_202407_TR_LYSC_20CM",2024,7,24,"SWH","TR","C",20,"","","",45.1,3754.8913495962,NA,16.71,1391.22471068187,"",3.278,234.030856661455,"value above cal curve",0,0,"bdl",1.2923,92.2621,"Within_Range",0.5499,17.7523,"Within_Range",0.6988,0.0218,"Within_Range",277.3567,7.8239,"Within_Range",0.5012,7.3681,1.0863,14.7428,"Within_Range","High CV"
"COMPASS:Synoptic","CB","SWH_202407_TR_LYSC_45CM",2024,7,24,"SWH","TR","C",45,"","","",48.07,4002.16468237449,NA,15.01,1249.68778619599,"",3.768,269.014114673692,"value above cal curve",0,0,"bdl",1.5553,111.0432,"Within_Range",0.5761,18.6,"Within_Range",0.6679,0.0208,"Within_Range",279.2489,7.8773,"Within_Range",0.5046,83.6669,7.1703,8.5701,"Within_Range","within range"
"COMPASS:Synoptic","CB","SWH_202407_WC_LYSA_10CM",2024,7,24,"SWH","WC","A",10,"","","",NA,NA,NA,NA,NA,NA,NA,NA,NA,0,0,"bdl",NA,NA,NA,NA,NA,NA,0.6041,0.0188,"Within_Range",578.1417,16.3087,"Within_Range",1.0447,20.9252,1.4665,7.0081,"Within_Range","within range"
"COMPASS:Synoptic","CB","SWH_202407_WC_LYSA_20CM",2024,7,24,"SWH","WC","A",20,"","","",NA,NA,NA,NA,NA,NA,NA,NA,NA,0,0,"bdl",0.0309,2.2034,"Within_Range",0.0627,2.023,"Within_Range",0.678,0.0211,"Within_Range",369.5683,10.4251,"Within_Range",0.6678,9.7493,0.7327,7.5157,"Within_Range","within range"
"COMPASS:Synoptic","CB","SWH_202407_WC_LYSA_45CM",2024,7,24,"SWH","WC","A",45,"","","",NA,NA,NA,14.06,1170.5936225127,"",0.599,42.7652480598571,"",NA,NA,NA,0.0542,3.8697,"Within_Range",0.177,5.7144,"Within_Range",0.5768,0.018,"Within_Range",472.7357,13.3353,"Within_Range",0.8543,9.3908,0.8213,8.7459,"Within_Range","within range"
"COMPASS:Synoptic","CB","SWH_202407_WC_LYSB_10CM",2024,7,24,"SWH","WC","B",10,"","","",NA,NA,NA,7.821,651.153109649488,"",0.4798,34.2550350903496,"",0,0,"bdl",0.0375,2.6798,"Within_Range",0.188,6.0689,"Within_Range",0.5093,0.0159,"Within_Range",598.0306,16.8697,"Within_Range",1.0807,18.3905,2.8786,15.6527,"Within_Range","High CV"
"COMPASS:Synoptic","CB","SWH_202407_WC_LYSB_20CM",2024,7,24,"SWH","WC","B",20,"","","",NA,NA,NA,NA,NA,NA,NA,NA,NA,0,0,"bdl",0.0316,2.2542,"Within_Range",0.0707,2.2814,"Within_Range",0,0,"bdl",595.1218,16.7876,"Within_Range",1.0754,11.5927,0.869,7.4962,"Within_Range","within range"
"COMPASS:Synoptic","CB","SWH_202407_WC_LYSB_45CM",2024,7,24,"SWH","WC","B",45,"","","",NA,NA,NA,NA,NA,NA,NA,NA,NA,0,0,"bdl",0.012,0.8537,"bdl",0.0972,3.1371,"Within_Range",0.3433,0.0107,"Within_Range",591.751,16.6926,"Within_Range",1.0693,4.4493,0.4345,9.7657,"Within_Range","within range"
"COMPASS:Synoptic","CB","SWH_202407_WC_LYSC_10CM",2024,7,24,"SWH","WC","C",10,"","","",52.91,4405.12863208725,NA,8.497,707.434851386229,"",0.6343,45.2854705248203,"",0,0,"bdl",0.0956,6.8225,"Within_Range",0.1424,4.5958,"Within_Range",2.1356,0.0666,"Within_Range",654.3972,18.4597,"Within_Range",1.1825,13.2978,0.494,3.7153,"Within_Range","within range"
"COMPASS:Synoptic","CB","SWH_202407_WC_LYSC_20CM",2024,7,24,"SWH","WC","C",20,"","","",84.1,7001.91491133128,NA,15.8,1315.46082757472,"",0.8539,60.963681666631,"",0,0,"bdl",0.0453,3.2312,"Within_Range",0.1986,6.4128,"Within_Range",0,0,"bdl",353.2466,9.9646,"Within_Range",0.6383,8.8,0.6793,7.7195,"Within_Range","within range"
"COMPASS:Synoptic","CB","SWH_202407_WC_LYSC_45CM",2024,7,24,"SWH","WC","C",45,"","","",93.05,7747.06519024228,NA,19.78,1646.82374490051,"",0.8994,64.2121270534816,"",0,0,"bdl",0.0551,3.9355,"Within_Range",0.2136,6.8964,"Within_Range",0,0,"bdl",524.7463,14.8024,"Within_Range",0.9482,14.3895,0.8028,5.5792,"Within_Range","within range"
"COMPASS:Synoptic","CB","GWI_202407_SW_A",2024,7,25,"GWI","SW","A",0,"","","",19.89,1655.98201648489,NA,4.015,334.276912829906,"",0.4438,31.6848365425118,"",0,0,"bdl",0.468,33.4102,"Within_Range",0.0261,0.8437,"Within_Range",1538.9808,48.0031,"Within_Range",11126.8035,313.8732,"Within_Range",20.1062,0,0,0,"bdl","within range"
"COMPASS:Synoptic","CB","GWI_202407_SW_B",2024,7,25,"GWI","SW","B",0,"","","",19.35,1611.02322870702,NA,3.965,330.114062109733,"",0.4726,33.7409953807821,"",0.0086,0.6115,"bdl",0.2754,19.662,"Within_Range",0.0169,0.5454,"Within_Range",1524.6904,47.5574,"Within_Range",10978.9004,309.701,"Within_Range",19.8389,0,0,0,"bdl","within range"
"COMPASS:Synoptic","CB","GWI_202407_SW_C",2024,7,25,"GWI","SW","C",0,"","","",19.18,1596.86953625843,NA,3.817,317.79202397802,"",0.4186,29.8856975590253,"",0,0,"bdl",0.2972,21.2176,"Within_Range",0.0152,0.4923,"Within_Range",1515.0064,47.2553,"Within_Range",10936.6126,308.5081,"Within_Range",19.7625,0,0,0,"bdl","within range"
"COMPASS:Synoptic","CB","GWI_202407_TR_LYSA_10CM",2024,7,25,"GWI","TR","A",10,"","","",44.6,3713.26284239447,NA,49.95,4158.687869453,"",2.063,147.286655671928,"",0,0,"bdl",0.6089,43.4748,"Within_Range",0.0088,0.2849,"Within_Range",1767.9083,55.1437,"Within_Range",11332.8404,319.6852,"Within_Range",20.4785,27.4462,2.5267,9.206,"Within_Range","within range"
"COMPASS:Synoptic","CB","GWI_202407_TR_LYSA_20CM",2024,7,25,"GWI","TR","A",20,"","","",NA,NA,NA,66.02,5496.62809091666,"",2.12,151.356136706005,"",0,0,"bdl",0.8365,59.7215,"Within_Range",0.0083,0.2685,"Within_Range",1221.5573,38.1022,"Within_Range",12575.0075,354.7252,"Within_Range",22.7231,5.2457,0.2254,4.2969,"Within_Range","within range"
"COMPASS:Synoptic","CB","GWI_202407_TR_LYSB_10CM",2024,7,25,"GWI","TR","B",10,"","","",26.84,2234.61826658896,NA,72.65,6048.62209641162,"",2.337,166.848722397139,"",0.0071,0.5041,"bdl",0.04,2.8564,"Within_Range",0.0159,0.5124,"Within_Range",651.0546,20.3074,"Within_Range",4502.5761,127.012,"Within_Range",8.1362,1.7986,0.1008,5.6071,"Within_Range","within range"
"COMPASS:Synoptic","CB","GWI_202407_TR_LYSB_20CM",2024,7,25,"GWI","TR","B",20,"","","",NA,NA,NA,72.68,6051.11980684373,"",2.418,172.631669129774,"",0,0,"bdl",0.4816,34.3864,"Within_Range",0.0115,0.3723,"Within_Range",1224.7234,38.201,"Within_Range",10106.0386,285.0787,"Within_Range",18.2616,77.184,3.6436,4.7207,"Within_Range","within range"
"COMPASS:Synoptic","CB","GWI_202407_TR_LYSB_45CM",2024,7,25,"GWI","TR","B",45,"","","",NA,NA,NA,36.28,3020.56448255766,"",1.145,81.746592702064,"",0,0,"bdl",0.3547,25.321,"Within_Range",0.01,0.3227,"Within_Range",1097.2732,34.2256,"Within_Range",9420.8406,265.7501,"Within_Range",17.0235,26.2844,2.322,8.8343,"Within_Range","within range"
"COMPASS:Synoptic","CB","GWI_202407_TR_LYSC_10CM",2024,7,25,"GWI","TR","C",10,"","","",18.66,1553.57588876863,NA,74.74,6222.62925651486,"",2.109,150.570798260832,"",0.0024,0.1742,"bdl",0.047,3.358,"Within_Range",0.0129,0.4154,"Within_Range",395.4711,12.3353,"Within_Range",2889.3903,81.5061,"Within_Range",5.2212,0.7214,0,0,"Within_Range","within range"
"COMPASS:Synoptic","CB","GWI_202407_TR_LYSC_20CM",2024,7,25,"GWI","TR","C",20,"","","",29.07,2420.28140870868,NA,33.76,2810.75680626093,"",1.227,87.6009338388057,"",0,0,"bdl",0.3093,22.0787,"Within_Range",0.0071,0.2283,"Within_Range",1507.1472,47.0102,"Within_Range",9217.184,260.0052,"Within_Range",16.6555,1.1909,0.1878,15.77,"Within_Range","High CV"
"COMPASS:Synoptic","CB","GWI_202407_TR_LYSC_45CM",2024,7,25,"GWI","TR","C",45,"","","",NA,NA,NA,NA,NA,NA,NA,NA,NA,0,0,"bdl",0.9054,64.6398,"Within_Range",0.0172,0.5545,"Within_Range",NA,NA,NA,NA,NA,NA,NA,NA,NA,NA,NA,NA
"COMPASS:Synoptic","CB","GWI_202407_UP_LYSA_10CM",2024,7,25,"GWI","UP","A",10,"","","",NA,NA,NA,50.04,4166.18100074931,"",1.35,96.3824455439183,"",0.0021,0.1529,"bdl",0.0638,4.5532,"Within_Range",0.0073,0.237,"Within_Range",505.2171,15.7585,"Within_Range",3805.8878,107.3593,"Within_Range",6.8773,0,0,0,"bdl","within range"
"COMPASS:Synoptic","CB","GWI_202407_UP_LYSA_45CM",2024,7,25,"GWI","UP","A",45,"","","",25.68,2138.04012988094,NA,32.3,2689.20156523187,"",1.06,75.6780683530025,"",0,0,"bdl",0.2535,18.0966,"Within_Range",0.0143,0.4602,"Within_Range",611.4499,19.072,"Within_Range",4675.0485,131.8772,"Within_Range",8.4478,0,0,0,"bdl","within range"
"COMPASS:Synoptic","CB","GWI_202407_UP_LYSB_10CM",2024,7,25,"GWI","UP","B",10,"","","",11.82,984.097910248939,NA,62.75,5224.37765381733,"",1.501,107.163000564016,"",0,0,"bdl",0.0425,3.0318,"Within_Range",0.048,1.5498,"Within_Range",152.6746,4.7622,"Within_Range",1266.4304,35.7244,"Within_Range",2.2885,0,0,0,"bdl","within range"
"COMPASS:Synoptic","CB","GWI_202407_UP_LYSB_20CM",2024,7,25,"GWI","UP","B",20,"","","",26.32,2191.32461909916,NA,60.95,5074.5150278911,"",1.765,126.01112324816,"",0,0,"bdl",0.199,14.2109,"Within_Range",0.0126,0.4069,"Within_Range",422.4637,13.1773,"Within_Range",2968.6465,83.7418,"Within_Range",5.3644,2.0315,0.1235,6.0799,"Within_Range","within range"
"COMPASS:Synoptic","CB","GWI_202407_UP_LYSB_45CM",2024,7,25,"GWI","UP","B",45,"","","",20.77,1729.24818915994,NA,34.26,2852.38531346266,"",1.326,94.6689798453597,"",0.2872,20.5059,"Within_Range",NA,NA,NA,NA,NA,NA,506.4372,15.7965,"Within_Range",4047.1715,114.1656,"Within_Range",7.3133,0,0,0,"bdl","within range"
"COMPASS:Synoptic","CB","GWI_202407_UP_LYSC_20CM",2024,7,25,"GWI","UP","C",20,"","","",39.64,3300.30805095329,NA,75.02,6245.94122054783,"",2.189,156.282350589361,"",0,0,"bdl",0.2696,19.2514,"Within_Range",0.0197,0.6359,"Within_Range",603.5501,18.8256,"Within_Range",4751.5048,134.034,"Within_Range",8.586,0,0,0,"bdl","within range"
"COMPASS:Synoptic","CB","GWI_202407_WC_LYSA_10CM",2024,7,25,"GWI","WC","A",10,"","","",29.67,2470.23561735076,NA,34.26,2852.38531346266,"",1.817,129.723632261703,"",0,0,"bdl",0.1642,11.7196,"Within_Range",0.0084,0.2713,"Within_Range",1733.8053,54.08,"Within_Range",7281.1249,205.3914,"Within_Range",13.157,0,0,0,"bdl","within range"
"COMPASS:Synoptic","CB","GWI_202407_WC_LYSA_20CM",2024,7,25,"GWI","WC","A",20,"","","",NA,NA,NA,55.21,4596.61976521522,"",2.116,151.070559089579,"",NA,NA,NA,NA,NA,NA,NA,NA,NA,1833.211,57.1806,"Within_Range",12747.8584,359.6011,"Within_Range",23.0354,2.6073,0.1878,7.2027,"Within_Range","within range"
"COMPASS:Synoptic","CB","GWI_202407_WC_LYSA_45CM",2024,7,25,"GWI","WC","A",45,"","","",NA,NA,NA,39.33,3274.49837648822,"",1.725,123.155347083896,"",0,0,"bdl",0.9368,66.8838,"Within_Range",0.009,0.2895,"Within_Range",1349.0981,42.0804,"Within_Range",12036.9034,339.5459,"Within_Range",21.7507,5.2632,0.6886,13.0832,"Within_Range","High CV"
"COMPASS:Synoptic","CB","GWI_202407_WC_LYSB_10CM",2024,7,25,"GWI","WC","B",10,"","","",40.1,3338.60627757889,NA,35.79,2979.76854549996,"",1.939,138.433749562709,"",0,0,"bdl",0.2986,21.3176,"Within_Range",0.0087,0.2818,"Within_Range",1523.4021,47.5172,"Within_Range",6833.4167,192.7621,"Within_Range",12.348,0,0,0,"bdl","within range"
"COMPASS:Synoptic","CB","GWI_202407_WC_LYSB_20CM",2024,7,25,"GWI","WC","B",20,"","","",42.48,3536.75797185913,NA,38.24,3183.74823078844,"",1.781,127.153433713865,"",0,0,"bdl",0.5529,39.4746,"Within_Range",0.0095,0.3077,"Within_Range",2231.5599,69.6057,"Within_Range",11369.7691,320.7269,"Within_Range",20.5452,4.7763,0.3756,7.8638,"Within_Range","within range"
"COMPASS:Synoptic","CB","GWI_202407_WC_LYSB_45CM",2024,7,25,"GWI","WC","B",45,"","","",NA,NA,NA,62.36,5191.90741819998,"",2.16,154.211912870269,"",0,0,"bdl",0.6459,46.1149,"Within_Range",0.0061,0.1964,"Within_Range",1502.5707,46.8675,"Within_Range",12929.9517,364.7377,"Within_Range",23.3644,3.4926,0.1878,5.377,"Within_Range","within range"
"COMPASS:Synoptic","CB","GWI_202407_WC_LYSC_10CM",2024,7,25,"GWI","WC","C",10,"","","",40.27,3352.75997002747,NA,NA,NA,NA,NA,NA,NA,0,0,"bdl",0.8605,61.4327,"Within_Range",0.0087,0.2814,"Within_Range",2799.2596,87.3132,"Within_Range",11314.3661,319.1641,"Within_Range",20.4451,0.4826,0.313,64.8532,"Within_Range","High CV"
"COMPASS:Synoptic","CB","GWI_202407_WC_LYSC_20CM",2024,7,25,"GWI","WC","C",20,"","","",NA,NA,NA,44.88,3736.57480642744,"",1.846,131.794069980795,"",0.0025,0.1816,"bdl",0.8418,60.0986,"Within_Range",0.0059,0.1918,"Within_Range",2013.9565,62.8184,"Within_Range",13575.5846,382.9502,"Within_Range",24.5311,0,0,0,"bdl","within range"
"COMPASS:Synoptic","CB","GWI_202407_WC_LYSC_45CM",2024,7,25,"GWI","WC","C",45,"","","",NA,NA,NA,NA,NA,NA,NA,NA,NA,NA,NA,NA,NA,NA,NA,NA,NA,NA,1354.5533,42.2506,"Within_Range",12165.6572,343.1779,"Within_Range",21.9834,0,0,0,"bdl","within range"
"COMPASS:Synoptic","CB","SWH_202408_SWAMP_LYSA_10CM",2024,8,20,"SWH","SWAMP","A",10,"","","",22.2,1848.30571975689,NA,17.63,1467.82116393306,"NPOC checks out of range",0.746,53.2602254635282,"",0.0029,0.2064,"bdl",0.1314,9.3787,"Within_Range",0.0604,1.9504,"Within_Range",0.8863,0.0276,"Within_Range",6.1375,0.1731,"Within_Range",0.0111,5.7294,0.3215,5.6117,"Within_Range","within range"
"COMPASS:Synoptic","CB","SWH_202408_SWAMP_LYSA_20CM",2024,8,20,"SWH","SWAMP","A",20,"","","",26.53,2208.80859212389,NA,14.01,1166.43077179252,"NPOC checks out of range",0.9175,65.5043657678111,"",0.0165,1.1806,"bdl",0.3889,27.7621,"Within_Range",0.0771,2.4894,"Within_Range",0,0,"bdl",6.7848,0.1914,"Within_Range",0.0123,13.5956,0.7716,5.6756,"Within_Range","within range"
"COMPASS:Synoptic","CB","SWH_202408_SWAMP_LYSA_45CM",2024,8,20,"SWH","SWAMP","A",45,"","","",20.49,1705.93622512697,NA,11.08,922.487719590375,"NPOC checks out of range",1.047,74.7499410996166,"",0.0516,3.6838,"Within_Range",0.4697,33.536,"Within_Range",0.0993,3.2045,"Within_Range",0,0,"bdl",12.6253,0.3561,"Within_Range",0.0228,13.7774,0.7716,5.6007,"Within_Range","within range"
"COMPASS:Synoptic","CB","SWH_202408_SWAMP_LYSB_10CM",2024,8,20,"SWH","SWAMP","B",10,"","","",NA,NA,NA,111.4,9274.83140454583,"NPOC checks out of range; value above cal curve",4.721,337.052981787288,"value above cal curve",0.0511,3.647,"Within_Range",0.3052,21.7926,"Within_Range",0.4616,14.9014,"Within_Range",0.6323,0.0197,"Within_Range",7.8999,0.2228,"Within_Range",0.0143,3.2286,0.1575,4.8785,"Within_Range","within range"
"COMPASS:Synoptic","CB","SWH_202408_SWAMP_LYSB_20CM",2024,8,20,"SWH","SWAMP","B",20,"","","",34.09,2838.23162101407,NA,26.86,2236.28340687703,"NPOC checks out of range",2.035,145.287612356943,"",0.0055,0.3946,"bdl",0.5801,41.4145,"Within_Range",0.2729,8.8114,"Within_Range",1.0912,0.034,"Within_Range",7.0421,0.1986,"Within_Range",0.0128,10.7462,0.9199,8.5605,"Within_Range","within range"
"COMPASS:Synoptic","CB","SWH_202408_SWAMP_LYSB_45CM",2024,8,20,"SWH","SWAMP","B",45,"","","",28.61,2381.98318208309,NA,7.351,612.02231287986,"NPOC checks out of range",0.7199,51.3968315163457,"",0.0038,0.2703,"bdl",0.3385,24.1701,"Within_Range",0.1372,4.4303,"Within_Range",0,0,"bdl",13.036,0.3677,"Within_Range",0.0236,15.5507,1.3504,8.6836,"Within_Range","within range"
"COMPASS:Synoptic","CB","SWH_202408_SWAMP_LYSC_10CM",2024,8,20,"SWH","SWAMP","C",10,"","","",8.348,695.029556240113,NA,16.79,1397.88527183415,"NPOC checks out of range",0.6342,45.2783310844096,"",0.0035,0.2529,"bdl",0.0788,5.6276,"Within_Range",0.0093,0.3009,"Within_Range",1.1582,0.0361,"Within_Range",3.6651,0.1034,"Within_Range",0.0066,0,0,0,"bdl","within range"
"COMPASS:Synoptic","CB","SWH_202408_SWAMP_LYSC_20CM",2024,8,20,"SWH","SWAMP","C",20,"","","",10.77,896.678045125302,NA,16,1332.11223045542,"NPOC checks out of range",0.695,49.6191108540913,"",0.0043,0.3089,"bdl",0.182,12.9924,"Within_Range",0.0143,0.4626,"Within_Range",0.9449,0.0295,"Within_Range",3.7808,0.1067,"Within_Range",0.0069,9.1981,0.8981,9.7639,"Within_Range","within range"
"COMPASS:Synoptic","CB","SWH_202408_SWAMP_LYSC_45CM",2024,8,20,"SWH","SWAMP","C",45,"","","",15.91,1324.6190991591,NA,18.37,1529.43135459162,"NPOC checks out of range",1.213,86.6014121813132,"",0.0032,0.2272,"bdl",0.4787,34.1751,"Within_Range",0.0276,0.8905,"Within_Range",2.3475,0.0732,"Within_Range",14.4903,0.4088,"Within_Range",0.0262,38.005,1.2766,3.359,"Within_Range","within range"
"COMPASS:Synoptic","CB","SWH_202408_UP_LYSA_10CM",2024,8,20,"SWH","UP","A",10,"","","",11.89,989.925901257181,NA,12.17,1013.23786529015,"NPOC checks out of range",0.4036,28.8147814974262,"",0.0146,1.0421,"bdl",0.0789,5.6305,"Within_Range",0.0048,0.1538,"Within_Range",2.864,0.0893,"Within_Range",5.2141,0.1471,"Within_Range",0.0094,0,0,0,"bdl","within range"
"COMPASS:Synoptic","CB","SWH_202408_UP_LYSA_20CM",2024,8,20,"SWH","UP","A",20,"","","",18.2,1515.27766214304,NA,10.97,913.329448005995,"NPOC checks out of range",0.3824,27.3012201303662,"",0.3103,22.1549,"Within_Range",0.0522,3.7251,"Within_Range",0.0034,0.1088,"Within_Range",6.0852,0.1898,"Within_Range",6.4269,0.1813,"Within_Range",0.0116,0,0,0,"bdl","within range"
"COMPASS:Synoptic","CB","SWH_202408_UP_LYSA_45CM",2024,8,20,"SWH","UP","A",45,"","","",38.19,3179.58538006827,NA,19.02,1583.54841395388,"NPOC checks out of range",0.6092,43.4934709817445,"",0.0973,6.9457,"Within_Range",0.0712,5.0801,"Within_Range",0.003,0.0983,"Within_Range",2.498,0.0779,"Within_Range",10.0876,0.2846,"Within_Range",0.0183,30.5555,0.5787,1.894,"Within_Range","within range"
"COMPASS:Synoptic","CB","SWH_202408_UP_LYSB_10CM",2024,8,20,"SWH","UP","B",10,"","","",NA,NA,NA,34.86,2902.33952210474,"NPOC checks out of range",0.936,66.8251622437833,"",0.0129,0.9221,"bdl",0.0593,4.233,"Within_Range",0.0086,0.2789,"Within_Range",2.6254,0.0819,"Within_Range",3.0034,0.0847,"Within_Range",0.0055,0,0,0,"bdl","within range"
"COMPASS:Synoptic","CB","SWH_202408_UP_LYSB_20CM",2024,8,20,"SWH","UP","B",20,"","","",24.15,2010.65689784364,NA,17.96,1495.2959786862,"NPOC checks out of range",0.6905,49.2978360356115,"",0.0111,0.7947,"bdl",0.0965,6.8861,"Within_Range",0.0059,0.1915,"Within_Range",7.1264,0.2223,"Within_Range",5.3072,0.1497,"Within_Range",0.0096,0,0,0,"bdl","within range"
"COMPASS:Synoptic","CB","SWH_202408_UP_LYSB_45CM",2024,8,20,"SWH","UP","B",45,"","","",NA,NA,NA,38.85,3234.53500957456,"NPOC checks out of range",1.056,75.3924907365761,"",0.0075,0.5327,"bdl",0.0592,4.224,"Within_Range",0.003,0.0969,"Within_Range",5.0893,0.1587,"Within_Range",12.3469,0.3483,"Within_Range",0.0223,27.7819,1.5025,5.4084,"Within_Range","within range"
"COMPASS:Synoptic","CB","SWH_202408_UP_LYSC_10CM",2024,8,20,"SWH","UP","C",10,"","","",NA,NA,NA,39.57,3294.48005994505,"NPOC checks out of range",0.9501,67.8318233416865,"",0.003,0.212,"bdl",0.0479,3.4226,"Within_Range",0.0095,0.3059,"Within_Range",9.135,0.2849,"Within_Range",8.1351,0.2295,"Within_Range",0.0147,0,0,0,"bdl","within range"
"COMPASS:Synoptic","CB","SWH_202408_UP_LYSC_20CM",2024,8,20,"SWH","UP","C",20,"","","",30.75,2560.1531929065,NA,26.93,2242.11139788527,"NPOC checks out of range",0.8475,60.5067574803487,"",0.0122,0.8681,"bdl",0.082,5.8577,"Within_Range",0.0073,0.2354,"Within_Range",3.7203,0.116,"Within_Range",7.1657,0.2021,"Within_Range",0.013,0,0,0,"bdl","within range"
"COMPASS:Synoptic","CB","SWH_202408_UP_LYSC_45CM",2024,8,20,"SWH","UP","C",45,"","","",36.22,3015.56906169345,NA,33.13,2758.30488718675,"NPOC checks out of range",0.9548,68.1673770409875,"",0.0099,0.7051,"bdl",0.0448,3.1993,"Within_Range",0.0033,0.1059,"Within_Range",0.7614,0.0237,"Within_Range",14.7952,0.4174,"Within_Range",0.0268,22.6591,1.4388,6.3498,"Within_Range","within range"
"COMPASS:Synoptic","CB","SWH_202408_SW_A",2024,8,21,"SWH","SW","A",0,"","","",10.79,898.343185413371,NA,5.09,423.778203313629,"NPOC checks out of range",0.3628,25.9018898098767,"",0.0079,0.5644,"bdl",0.0538,3.8429,"Within_Range",0.0111,0.3578,"Within_Range",64.6016,2.015,"Within_Range",476.9501,13.4542,"Within_Range",0.8619,0,0,0,"bdl","within range"
"COMPASS:Synoptic","CB","SWH_202408_SW_B",2024,8,21,"SWH","SW","B",0,"","","",10.2,849.221546915328,NA,5.058,421.113978852718,"NPOC checks out of range",0.278,19.8476443416365,"",0,0,"bdl",0.0489,3.4909,"Within_Range",0.0117,0.379,"Within_Range",64.1456,2.0008,"Within_Range",472.7866,13.3367,"Within_Range",0.8544,0,0,0,"bdl","within range"
"COMPASS:Synoptic","CB","SWH_202408_SW_C",2024,8,21,"SWH","SW","C",0,"","","",10.09,840.063275330947,NA,5.032,418.949296478228,"NPOC checks out of range",0.3011,21.4968550764991,"",0.0018,0.1287,"bdl",0.048,3.4246,"Within_Range",0.0107,0.347,"Within_Range",64.6117,2.0153,"Within_Range",474.5886,13.3875,"Within_Range",0.8576,0,0,0,"bdl","within range"
"COMPASS:Synoptic","CB","SWH_202408_TR_LYSA_10CM",2024,8,21,"SWH","TR","A",10,"","","",30.36,2527.68295728915,NA,21.57,1795.85380068271,"NPOC checks out of range",1.366,97.524756009624,"",0.0136,0.9728,"bdl",0.2991,21.3556,"Within_Range",0.0344,1.1121,"Within_Range",10.2213,0.3188,"Within_Range",473.369,13.3531,"Within_Range",0.8554,0,0,0,"bdl","within range"
"COMPASS:Synoptic","CB","SWH_202408_TR_LYSA_20CM",2024,8,21,"SWH","TR","A",20,"","","",40.34,3358.58796103572,NA,19.3,1606.86037798685,"NPOC checks out of range",2.694,192.336524663197,"",0.0022,0.1594,"bdl",0.8785,62.7192,"Within_Range",6.9734,225.14,"adl",0,0,"bdl",394.6167,11.1316,"Within_Range",0.7131,0.4721,0.0672,14.2324,"Within_Range","High CV"
"COMPASS:Synoptic","CB","SWH_202408_TR_LYSA_45CM",2024,8,21,"SWH","TR","A",45,"","","",53.11,4421.78003496795,NA,14.9,1240.52951461161,"NPOC checks out of range",2.529,180.556447985607,"",0.0248,1.7701,"bdl",1.2838,91.6559,"Within_Range",7.1649,231.3205,"adl",0,0,"bdl",366.1395,10.3283,"Within_Range",0.6616,81.0483,0.637,0.7859,"Within_Range","within range"
"COMPASS:Synoptic","CB","SWH_202408_TR_LYSB_10CM",2024,8,21,"SWH","TR","B",10,"","","",20.02,1666.80542835734,NA,9.726,809.757722088086,"NPOC checks out of range",0.9647,68.8741816416429,"",0.0189,1.3514,"bdl",0.354,25.2739,"Within_Range",0.0553,1.785,"Within_Range",29.2254,0.9116,"Within_Range",441.5075,12.4544,"Within_Range",0.7978,0,0,0,"bdl","within range"
"COMPASS:Synoptic","CB","SWH_202408_TR_LYSB_20CM",2024,8,21,"SWH","TR","B",20,"","","",48.08,4002.99725251852,NA,18.85,1569.39472150529,"NPOC checks out of range",2.05,146.358528418543,"",2e-04,0.0129,"bdl",0.7817,55.8112,"Within_Range",6.7903,219.226,"adl",0,0,"bdl",375.7752,10.6001,"Within_Range",0.6791,0,0,0,"bdl","within range"
"COMPASS:Synoptic","CB","SWH_202408_TR_LYSB_45CM",2024,8,21,"SWH","TR","B",45,"","","",53.76,4475.8970943302,NA,17.88,1488.63541753393,"NPOC checks out of range",5.15,367.681181149022,"value above cal curve",0.0015,0.1102,"bdl",2.1364,152.5269,"Within_Range",7.3861,238.4629,"adl",0,0,"bdl",338.813,9.5575,"Within_Range",0.6123,25.1773,0.4703,1.8681,"Within_Range","within range"
"COMPASS:Synoptic","CB","SWH_202408_TR_LYSC_10CM",2024,8,21,"SWH","TR","C",10,"","","",46.47,3868.95345932895,NA,10.95,911.664307717925,"NPOC checks out of range",0.5784,41.294523335261,"",0.0077,0.5515,"bdl",0.1454,10.3806,"Within_Range",0.0123,0.3969,"Within_Range",20.2361,0.6312,"Within_Range",570.4335,16.0912,"Within_Range",1.0308,0,0,0,"bdl","within range"
"COMPASS:Synoptic","CB","SWH_202408_TR_LYSC_20CM",2024,8,21,"SWH","TR","C",20,"","","",44.31,3689.11830821747,NA,11.46,954.125385063692,"NPOC checks out of range",3.171,226.391655422048,"value above cal curve",0.0028,0.2,"bdl",1.5524,110.8339,"Within_Range",0.1758,5.6748,"Within_Range",1.6195,0.0505,"Within_Range",451.8846,12.7471,"Within_Range",0.8166,15.9604,0.7391,4.6307,"Within_Range","within range"
"COMPASS:Synoptic","CB","SWH_202408_TR_LYSC_45CM",2024,8,21,"SWH","TR","C",45,"","","",54.27,4518.35817167596,NA,12.22,1017.40071601032,"NPOC checks out of range",4.16,297.000721083481,"value above cal curve",0.0021,0.1499,"bdl",11.7845,841.3504,"adl",0.4802,15.504,"Within_Range",0,0,"bdl",409.466,11.5505,"Within_Range",0.7399,75.3954,4.1657,5.5252,"Within_Range","within range"
"COMPASS:Synoptic","CB","SWH_202408_WC_LYSA_10CM",2024,8,21,"SWH","WC","A",10,"","","",NA,NA,NA,14.32,1192.2404462576,"NPOC checks out of range",0.8243,58.8504073050754,"",0.0194,1.3849,"bdl",0.0493,3.523,"Within_Range",0.0464,1.4974,"Within_Range",0,0,"bdl",623.0996,17.5769,"Within_Range",1.126,8.2546,0.771,9.3408,"Within_Range","within range"
"COMPASS:Synoptic","CB","SWH_202408_WC_LYSA_20CM",2024,8,21,"SWH","WC","A",20,"","","",NA,NA,NA,NA,NA,NA,NA,NA,NA,0.0066,0.4743,"bdl",0.0464,3.3112,"Within_Range",0.1008,3.255,"Within_Range",0,0,"bdl",511.1696,14.4195,"Within_Range",0.9237,5.6982,0.0672,1.1791,"Within_Range","within range"
"COMPASS:Synoptic","CB","SWH_202408_WC_LYSA_45CM",2024,8,21,"SWH","WC","A",45,"","","",NA,NA,NA,11.55,961.618516360003,"NPOC checks out of range",0.5388,38.4673049326394,"",0.0031,0.2188,"bdl",0.0404,2.8873,"Within_Range",0.1541,4.9742,"Within_Range",0,0,"bdl",523.2681,14.7607,"Within_Range",0.9456,11.3139,0.4097,3.6216,"Within_Range","within range"
"COMPASS:Synoptic","CB","SWH_202408_WC_LYSB_10CM",2024,8,21,"SWH","WC","B",10,"","","",48.8,4062.94230288902,NA,7.383,614.686537340771,"NPOC checks out of range",0.3217,22.9675798010952,"",0,0,"bdl",0.0498,3.5529,"Within_Range",0.2115,6.8283,"Within_Range",0,0,"bdl",666.7303,18.8076,"Within_Range",1.2048,30.3559,1.7469,5.7548,"Within_Range","within range"
"COMPASS:Synoptic","CB","SWH_202408_WC_LYSB_20CM",2024,8,21,"SWH","WC","B",20,"","","",NA,NA,NA,10.05,836.732994754808,"NPOC checks out of range",0.5332,38.0674962696424,"",0,0,"bdl",0.0408,2.9152,"Within_Range",0.0478,1.5449,"Within_Range",0,0,"bdl",633.5386,17.8713,"Within_Range",1.1448,7.4065,0.5552,7.4963,"Within_Range","within range"
"COMPASS:Synoptic","CB","SWH_202408_WC_LYSB_45CM",2024,8,21,"SWH","WC","B",45,"","","",NA,NA,NA,NA,NA,NA,NA,NA,NA,0.0067,0.4805,"bdl",0.0333,2.3806,"Within_Range",0.0923,2.981,"Within_Range",0,0,"bdl",523.7479,14.7743,"Within_Range",0.9464,0,0,0,"bdl","within range"
"COMPASS:Synoptic","CB","SWH_202408_WC_LYSC_10CM",2024,8,21,"SWH","WC","C",10,"","","",40.75,3392.72333694114,NA,6.484,539.838481392057,"NPOC checks out of range",0.4377,31.2493306774615,"",0,0,"bdl",0.0705,5.0339,"Within_Range",0.0794,2.5636,"Within_Range",4.0889,0.1275,"Within_Range",745.5266,21.0304,"Within_Range",1.3472,20.5785,1.5924,7.7381,"Within_Range","within range"
"COMPASS:Synoptic","CB","SWH_202408_WC_LYSC_20CM",2024,8,21,"SWH","WC","C",20,"","","",59.68,4968.7786195987,NA,8.478,705.852968112564,"NPOC checks out of range",0.358,25.559196670165,"",6e-04,0.0439,"bdl",0.0696,4.9708,"Within_Range",0.0369,1.1925,"Within_Range",0,0,"bdl",535.1972,15.0972,"Within_Range",0.9671,5.3101,0.1274,2.399,"Within_Range","within range"
"COMPASS:Synoptic","CB","SWH_202408_WC_LYSC_45CM",2024,8,21,"SWH","WC","C",45,"","","",89.65,7463.9913412705,NA,15.31,1274.66489051703,"NPOC checks out of range",0.6946,49.5905530924486,"",0,0,"bdl",0.0505,3.604,"Within_Range",0.1817,5.8665,"Within_Range",0,0,"bdl",484.6676,13.6719,"Within_Range",0.8758,8.9133,0.2383,2.6739,"Within_Range","within range"
"COMPASS:Synoptic","CB","GCW_202409_SW_A",2024,9,10,"GCW","SW","A",0,"11:05","EDT","",23.01,1915.7439014237,"",4.98,414.619931729248,"",0.5341,38.1317512333383,"",0,0,"bdl",0.0787,5.618,"Within_Range",0.0335,1.0827,"Within_Range",658.4371,20.5377,"Within_Range",5034.2191,142.009,"Within_Range",9.0969,0,0,0,"bdl","within range"
"COMPASS:Synoptic","CB","GCW_202409_SW_B",2024,9,10,"GCW","SW","B",0,"11:05","EDT","",22.95,1910.74848055949,"",5.097,424.361002414454,"",0.5018,35.825711980695,"",0.005,0.3605,"bdl",0.1113,7.9444,"Within_Range",0.0365,1.1778,"Within_Range",613.1161,19.124,"Within_Range",4703.2179,132.6719,"Within_Range",8.4987,0,0,0,"bdl","within range"
"COMPASS:Synoptic","CB","GCW_202409_SW_C",2024,9,10,"GCW","SW","C",0,"11:05","EDT","",22.96,1911.58105070352,"",5.003,416.534843060528,"",0.5166,36.8823491614727,"",0.0144,1.0278,"bdl",0.1646,11.7489,"Within_Range",0.0369,1.1925,"Within_Range",642.1646,20.0301,"Within_Range",4885.7578,137.8211,"Within_Range",8.8286,0,0,0,"bdl","within range"
"COMPASS:Synoptic","CB","GCW_202409_WC_LYSA_10CM",2024,9,10,"GCW","WC","A",10,"11:51","EDT","",108.3,9016.7346598951,"",12.77,1063.19207393223,"",0.9853,70.344906366239,"",0.0043,0.3076,"bdl",0.3035,21.6704,"Within_Range",0.1042,3.3636,"Within_Range",739.3098,23.0602,"Within_Range",6209.9609,175.1752,"Within_Range",11.2214,3512.5043,248.8805,7.0856,"Within_Range","within range"
"COMPASS:Synoptic","CB","GCW_202409_WC_LYSA_20CM",2024,9,10,"GCW","WC","A",20,"11:51","EDT","",122.5,10198.9842644243,"",12.91,1074.84805594871,"",1.551,110.732720769346,"",0.0064,0.4601,"bdl",0.8659,61.8178,"Within_Range",0.2237,7.2234,"Within_Range",663.671,20.7009,"Within_Range",6301.6625,177.762,"Within_Range",11.3871,4374.4276,265.7103,6.0742,"Within_Range","within range"
"COMPASS:Synoptic","CB","GCW_202409_WC_LYSA_45CM",2024,9,10,"GCW","WC","A",45,"11:51","EDT","",188.3,15677.2958121722,"",43.56,3626.67554741487,"",3.45,246.310694167791,"value above cal curve",0.0084,0.603,"bdl",0.6043,43.1406,"Within_Range",0.2207,7.1267,"Within_Range",125.55,3.9161,"Within_Range",5973.1251,168.4944,"Within_Range",10.7935,6657.4222,467.5564,7.0231,"Within_Range","within range"
"COMPASS:Synoptic","CB","GCW_202409_WC_LYSB_10CM",2024,9,10,"GCW","WC","B",10,"12:05","EDT","",117.3,9766.04778952627,"",10.72,892.515194405129,"",0.7509,53.6100580436505,"",0.0051,0.3628,"bdl",0.2325,16.5982,"Within_Range",0.2031,6.5568,"Within_Range",538.9603,16.811,"Within_Range",5261.6554,148.4247,"Within_Range",9.5078,2579.8056,181.8101,7.0474,"Within_Range","within range"
"COMPASS:Synoptic","CB","GCW_202409_WC_LYSB_20CM",2024,9,10,"GCW","WC","B",20,"12:05","EDT","",140.9,11730.913329448,"",11.28,939.139122471068,"",1.759,125.58275682352,"",0.0128,0.9116,"bdl",0.8028,57.3165,"Within_Range",0.2262,7.3043,"Within_Range",307.2567,9.5838,"Within_Range",4877.2026,137.5798,"Within_Range",8.8131,4483.2818,274.601,6.125,"Within_Range","within range"
"COMPASS:Synoptic","CB","GCW_202409_WC_LYSB_45CM",2024,9,10,"GCW","WC","B",45,"12:05","EDT","",174.3,14511.6976105237,"",21.56,1795.02123053867,"",3.308,236.172688784653,"value above cal curve",0.005,0.3564,"bdl",1.4286,101.9928,"Within_Range",0.3296,10.6424,"Within_Range",161.9262,5.0507,"Within_Range",5466.8842,154.2139,"Within_Range",9.8787,5898.3853,189.7763,3.2174,"Within_Range","within range"
"COMPASS:Synoptic","CB","GCW_202409_WC_LYSC_10CM",2024,9,10,"GCW","WC","C",10,"12:17","EDT","",68.31,5687.28665390059,"",6.81,566.980268087586,"",0.5301,37.8461736169119,"",0.0061,0.4379,"bdl",0.1285,9.1771,"Within_Range",0.0527,1.6999,"Within_Range",651.9454,20.3352,"Within_Range",5842.2507,164.8026,"Within_Range",10.557,951.0593,80.0774,8.4198,"Within_Range","within range"
"COMPASS:Synoptic","CB","GCW_202409_WC_LYSC_20CM",2024,9,10,"GCW","WC","C",20,"12:17","EDT","",79.12,6587.29497960203,"",6.828,568.478894346849,"",0.3927,28.0365824926642,"",0,0,"bdl",0.0703,5.0217,"Within_Range",0.1044,3.3713,"Within_Range",537.533,16.7665,"Within_Range",4916.2469,138.6812,"Within_Range",8.8837,1803.0461,115.7212,6.4181,"Within_Range","within range"
"COMPASS:Synoptic","CB","GCW_202409_WC_LYSC_45CM",2024,9,10,"GCW","WC","C",45,"12:17","EDT","",126.6,10540.3380234785,"",10.59,881.691782532679,"",1.086,77.5343228597742,"",0.0102,0.731,"bdl",0.3037,21.6841,"Within_Range",0.2547,8.2231,"Within_Range",311.7949,9.7254,"Within_Range",4907.7179,138.4406,"Within_Range",8.8683,4756.8881,137.8667,2.8983,"Within_Range","within range"
"COMPASS:Synoptic","CB","GCW_202409_TR_LYSA_20CM",2024,9,11,"GCW","TR","A",20,"13:23","EDT","started collection on 9-10-24, but only got SO4 so left to sit overnight and collected some on 9-11-24 to get more water ",10.74,894.180334693198,"",2.588,215.469153276164,"blank is ≥ 25% of sample value",0.1089,7.77485060720941,"blank is ≥ 25% of sample value",0,0,"bdl",0.1094,7.8095,"Within_Range",0.0043,0.1383,"Within_Range",6.6408,0.2071,"Within_Range",215.9282,6.0911,"Within_Range",0.3902,0,0,0,"bdl","within range"
"COMPASS:Synoptic","CB","GCW_202409_TR_LYSA_45CM",2024,9,11,"GCW","TR","A",45,"13:23","EDT","started collection on 9-10-24, but only got SO4 so left to sit overnight and collected some on 9-11-24 to get more water ",28.43,2366.99691949047,"",4.946,411.78919323953,"",0.5272,37.6391298450027,"",0.0083,0.5959,"bdl",0.7109,50.7524,"Within_Range",0.0083,0.2678,"Within_Range",6.167,0.1924,"Within_Range",160.341,4.523,"Within_Range",0.2898,3.7631,0.154,4.0926,"Within_Range","within range"
"COMPASS:Synoptic","CB","GCW_202409_TR_LYSB_10CM",2024,9,11,"GCW","TR","B",10,"13:29","EDT","started collection on 9-10-24, but only got SO4 so left to sit overnight and collected some on 9-11-24 to get more water ",3.44,286.404129547914,"blank is ≥ 25% of sample value",4.23,352.177170926651,"",0.2595,18.5268478656643,"",0.0149,1.0626,"bdl",0.0478,3.4107,"Within_Range",0.0095,0.3057,"Within_Range",199.5653,6.2247,"Within_Range",1988.474,56.0924,"Within_Range",3.5932,0,0,0,"bdl","within range"
"COMPASS:Synoptic","CB","GCW_202409_TR_LYSB_20CM",2024,9,11,"GCW","TR","B",20,"13:29","EDT","started collection on 9-10-24, but only got SO4 so left to sit overnight and collected some on 9-11-24 to get more water ",12.93,1076.51319623678,"",2.644,220.131546082757,"blank is ≥ 25% of sample value",0.812,57.9722561345642,"",0.0074,0.5308,"bdl",0.8374,59.7881,"Within_Range",0.0119,0.3855,"Within_Range",15.7609,0.4916,"Within_Range",583.3016,16.4542,"Within_Range",1.0541,0,0,0,"bdl","within range"
"COMPASS:Synoptic","CB","GCW_202409_TR_LYSB_45CM",2024,9,11,"GCW","TR","B",45,"13:29","EDT","started collection on 9-10-24, but only got SO4 so left to sit overnight and collected some on 9-11-24 to get more water ",NA,NA,NA,5.406,450.087419865124,"",0.904,64.5405413123719,"",9e-04,0.0644,"bdl",1.0115,72.2182,"Within_Range",0.0112,0.3601,"Within_Range",2.6703,0.0833,"Within_Range",433.4481,12.227,"Within_Range",0.7833,0,0,0,"bdl","within range"
"COMPASS:Synoptic","CB","GCW_202409_TR_LYSC_20CM",2024,9,11,"GCW","TR","C",20,"13:34","EDT","started collection on 9-10-24, but only got SO4 so left to sit overnight and collected some on 9-11-24 to get more water ",4.742,394.804762301224,"blank is ≥ 25% of sample value",2.417,201.232203813171,"blank is ≥ 25% of sample value",0.1689,12.0585148536058,"blank is ≥ 25% of sample value",0.0025,0.1774,"bdl",0.0443,3.1603,"Within_Range",0.005,0.1618,"Within_Range",19.6122,0.6117,"Within_Range",305.7691,8.6254,"Within_Range",0.5526,0,0,0,"bdl","within range"
"COMPASS:Synoptic","CB","GCW_202409_TR_LYSC_45CM",2024,9,11,"GCW","TR","C",45,"13:34","EDT","started collection on 9-10-24, but only got SO4 so left to sit overnight and collected some on 9-11-24 to get more water ",NA,NA,NA,3.705,308.467238364832,"blank is ≥ 25% of sample value",0.7279,51.9679867491986,"",0,0,"bdl",1.1908,85.017,"Within_Range",0.0125,0.4027,"Within_Range",0.9206,0.0287,"Within_Range",705.4457,19.8997,"Within_Range",1.2748,0,0,0,"bdl","within range"
"COMPASS:Synoptic","CB","MSM_202409_SW_A",2024,9,12,"MSM","SW","A",0,"11:15","EDT","",20.1,1673.46598950962,"",5.357,446.007826159354,"",0.5871,41.9156546509885,"",0.0021,0.1481,"bdl",0.199,14.2068,"Within_Range",0.0043,0.1396,"Within_Range",1006.0676,31.3808,"Within_Range",7522.6511,212.2045,"Within_Range",13.5935,0,0,0,"bdl","within range"
"COMPASS:Synoptic","CB","MSM_202409_SW_B",2024,9,12,"MSM","SW","B",0,"11:15","EDT","",19.7,1640.16318374823,"",5.188,431.937390725169,"",0.5829,41.6157981537407,"",0,0,"bdl",0.159,11.3509,"Within_Range",0.0043,0.1394,"Within_Range",1015.9423,31.6888,"Within_Range",7606.4473,214.5683,"Within_Range",13.7449,0,0,0,"bdl","within range"
"COMPASS:Synoptic","CB","MSM_202409_SW_C",2024,9,12,"MSM","SW","C",0,"11:15","EDT","",19.56,1628.50720173175,"",5.024,418.283240363001,"",0.4975,35.5187160430365,"",0.0031,0.2215,"bdl",0.1919,13.701,"Within_Range",0.005,0.1624,"Within_Range",1004.9946,31.3473,"Within_Range",7495.7851,211.4467,"Within_Range",13.5449,0.7968,0.0683,8.5758,"Within_Range","within range"
"COMPASS:Synoptic","CB","MSM_202409_TR_LYSA_10CM",2024,9,12,"MSM","TR","A",10,"12:51","EDT","",12.9,1074.01548580468,"",19.09,1589.37640496212,"",1.383,98.7384608794363,"",0.1545,11.0311,"Within_Range",0.626,44.6918,"Within_Range",0.0122,0.3931,"Within_Range",1178.3199,36.7536,"adl",8760.0321,247.1095,"Within_Range",15.8294,0,0,0,"bdl","within range"
"COMPASS:Synoptic","CB","MSM_202409_TR_LYSA_20CM",2024,9,12,"MSM","TR","A",20,"12:51","EDT","",32.52,2707.51810840063,"",23.56,1961.5352593456,"",2.993,213.683451491072,"",0,0,"bdl",2.8874,206.1469,"Within_Range",0.0152,0.4916,"Within_Range",665.1574,20.7473,"Within_Range",5576.1291,157.2956,"Within_Range",10.0761,1.7011,0.1157,6.8031,"Within_Range","within range"
"COMPASS:Synoptic","CB","MSM_202409_TR_LYSA_45CM",2024,9,12,"MSM","TR","A",45,"12:51","EDT","",NA,NA,NA,17.62,1466.98859378903,"",1.422,101.522842639594,"",NA,NA,NA,NA,NA,NA,NA,NA,NA,564.0824,17.5946,"Within_Range",4883.0726,137.7453,"Within_Range",8.8237,0,0,0,"bdl","within range"
"COMPASS:Synoptic","CB","MSM_202409_TR_LYSB_10CM",2024,9,12,"MSM","TR","B",10,"13:06","EDT","",27.23,2267.08850220631,"",27.7,2306.21929897594,"",3.462,247.16742701707,"value above cal curve",0.0499,3.5646,"Within_Range",2.3939,170.9113,"Within_Range",0.0103,0.3333,"Within_Range",1086.7584,33.8976,"adl",7871.7468,222.0521,"Within_Range",14.2243,0.9646,0,0,"Within_Range","within range"
"COMPASS:Synoptic","CB","MSM_202409_TR_LYSB_20CM",2024,9,12,"MSM","TR","B",20,"13:06","EDT","",42,3496.79460494547,"",38.09,3171.25967862793,"",3.668,261.874674263031,"value above cal curve",0.0012,0.0845,"bdl",2.6649,190.2592,"Within_Range",0.0114,0.3682,"Within_Range",558.9277,17.4338,"Within_Range",5895.3789,166.3012,"Within_Range",10.653,3.4196,0.2315,6.7686,"Within_Range","within range"
"COMPASS:Synoptic","CB","MSM_202409_TR_LYSB_45CM",2024,9,12,"MSM","TR","B",45,"13:06","EDT","",NA,NA,NA,28.09,2338.68953459329,"",3.142,224.321217702956,"value above cal curve",0.0027,0.1925,"bdl",2.6769,191.116,"Within_Range",0.0137,0.4436,"Within_Range",435.6498,13.5886,"Within_Range",5637.3906,159.0237,"Within_Range",10.1868,6.2428,0.1736,2.7807,"Within_Range","within range"
"COMPASS:Synoptic","CB","MSM_202409_TR_LYSC_10CM",2024,9,12,"MSM","TR","C",10,"13:14","EDT","",NA,NA,NA,23.64,1968.19582049788,"",2.276,162.493663746636,"",0.0172,1.2262,"bdl",1.8729,133.7147,"Within_Range",0.008,0.2571,"Within_Range",1244.6733,38.8232,"adl",9276.7225,261.6847,"Within_Range",16.7631,0,0,0,"bdl","within range"
"COMPASS:Synoptic","CB","MSM_202409_TR_LYSC_20CM",2024,9,12,"MSM","TR","C",20,"13:14","EDT","",37.41,3114.64490883357,"",23.68,1971.52610107402,"",3.422,244.311650852806,"value above cal curve",0.0028,0.2031,"bdl",2.6176,186.8804,"Within_Range",0.0122,0.3938,"Within_Range",647.7744,20.2051,"Within_Range",6532.4992,184.2736,"Within_Range",11.8043,11.6029,0.3472,2.9922,"Within_Range","within range"
"COMPASS:Synoptic","CB","MSM_202409_TR_LYSC_45CM",2024,9,12,"MSM","TR","C",45,"13:14","EDT","",NA,NA,NA,17.26,1437.01606860378,"",1.915,136.720283864151,"",0,0,"bdl",2.7097,193.4559,"Within_Range",0.0208,0.6718,"Within_Range",587.7043,18.3314,"Within_Range",5729.2145,161.6139,"Within_Range",10.3527,0,0,0,"bdl","within range"
"COMPASS:Synoptic","CB","MSM_202409_UP_LYSA_45CM",2024,9,12,"MSM","UP","A",45,"13:43","EDT","",NA,NA,NA,NA,NA,NA,NA,NA,NA,0.6876,49.094,"Within_Range",0.2235,15.9562,"Within_Range",0.0073,0.2346,"Within_Range",NA,NA,NA,NA,NA,NA,NA,NA,NA,NA,NA,NA
"COMPASS:Synoptic","CB","MSM_202409_UP_LYSB_45CM",2024,9,12,"MSM","UP","B",45,"13:45","EDT","",NA,NA,NA,NA,NA,NA,NA,NA,NA,NA,NA,NA,NA,NA,NA,NA,NA,NA,193.8698,6.0471,"Within_Range",2096.488,59.1393,"Within_Range",3.7884,0,0,0,"bdl","within range"
"COMPASS:Synoptic","CB","MSM_202409_UP_LYSC_20CM",2024,9,12,"MSM","UP","C",20,"13:48","EDT","",NA,NA,NA,NA,NA,NA,NA,NA,NA,1.8177,129.7738,"Within_Range",0.1481,10.5719,"Within_Range",0.0108,0.3498,"Within_Range",NA,NA,NA,NA,NA,NA,NA,NA,NA,NA,NA,NA
"COMPASS:Synoptic","CB","MSM_202409_WC_LYSA_10CM",2024,9,12,"MSM","WC","A",10,"11:41","EDT","",72.47,6033.635833819,"",12.76,1062.35950378819,"",1.026,73.2506586133779,"",0.0146,1.0459,"bdl",0.7274,51.9305,"Within_Range",0.0537,1.7343,"Within_Range",935.415,29.177,"Within_Range",8316.0244,234.5846,"Within_Range",15.0271,1114.9035,65.0045,5.8305,"Within_Range","within range"
"COMPASS:Synoptic","CB","MSM_202409_WC_LYSA_20CM",2024,9,12,"MSM","WC","A",20,"11:41","EDT","",97.08,8082.59095828824,"",17.48,1455.33261177254,"",1.652,117.943555584113,"",0.002,0.1408,"bdl",0.6525,46.5842,"Within_Range",0.0454,1.4649,"Within_Range",806.4952,25.1558,"Within_Range",8064.0235,227.476,"Within_Range",14.5717,1788.127,164.8705,9.2203,"Within_Range","within range"
"COMPASS:Synoptic","CB","MSM_202409_WC_LYSA_45CM",2024,9,12,"MSM","WC","A",45,"11:41","EDT","",NA,NA,NA,98.13,8170.01082341187,"",2.27,162.065297321996,"",NA,NA,NA,NA,NA,NA,NA,NA,NA,53.4643,1.6676,"Within_Range",9327.341,263.1126,"Within_Range",16.8545,4.452,0.2139,4.804,"Within_Range","within range"
"COMPASS:Synoptic","CB","MSM_202409_WC_LYSB_10CM",2024,9,12,"MSM","WC","B",10,"11:54","EDT","",92,7659.64532511864,"",16.9,1407.04354341853,"",1.913,136.577495055938,"",0.0027,0.1903,"bdl",1.1274,80.4874,"Within_Range",0.0627,2.0254,"Within_Range",794.6301,24.7857,"Within_Range",8158.3539,230.1369,"Within_Range",14.7422,2063.5367,147.0577,7.1265,"Within_Range","within range"
"COMPASS:Synoptic","CB","MSM_202409_WC_LYSB_20CM",2024,9,12,"MSM","WC","B",20,"11:54","EDT","",108.1,9000.0832570144,"",21.23,1767.54641578553,"",2.301,164.278523849301,"",0.006,0.4312,"bdl",1.0212,72.9058,"Within_Range",0.0508,1.6399,"Within_Range",731.6691,22.8219,"Within_Range",7872.3286,222.0685,"Within_Range",14.2253,1826.781,162.0858,8.8728,"Within_Range","within range"
"COMPASS:Synoptic","CB","MSM_202409_WC_LYSC_20CM",2024,9,12,"MSM","WC","C",20,"11:35","EDT","",NA,NA,NA,33.14,2759.13745733078,"",3.399,242.669579558354,"value above cal curve",0.0144,1.0316,"bdl",1.1469,81.8832,"Within_Range",0.0881,2.8444,"Within_Range",521.4181,16.2638,"Within_Range",7717.0858,217.6893,"Within_Range",13.9448,2359.8839,214.0379,9.0698,"Within_Range","within range"
"COMPASS:Synoptic","CB","MSM_202409_WC_LYSC_45CM",2024,9,12,"MSM","WC","C",45,"11:35","EDT","",NA,NA,NA,NA,NA,NA,NA,NA,NA,0.0256,1.8276,"Within_Range",1.8447,131.704,"Within_Range",0.0198,0.6406,"Within_Range",123.5642,3.8542,"Within_Range",8868.7967,250.1776,"Within_Range",16.0259,7.8028,2.4599,31.5261,"Within_Range","High CV"
"COMPASS:Synoptic","CB","SWH_202409_SWAMP_LYSA_10CM",2024,9,24,"SWH","SWAMP","A",10,"15:36","EDT","",23.46,1953.20955790525,"",3.457,287.819498792773,"blank is ≥ 25% of sample value",0.5967,42.6010409304119,"",0,0,"bdl",0.695,49.6186,"Within_Range",0.0142,0.4583,"Within_Range",101.7472,3.1736,"Within_Range",996.0315,28.0968,"Within_Range",1.7999,37.8255,1.3166,3.4806,"Within_Range","within range"
"COMPASS:Synoptic","CB","SWH_202409_SWAMP_LYSA_20CM",2024,9,24,"SWH","SWAMP","A",20,"15:40","EDT","",28.31,2357.00607776205,"",2.986,248.605445008742,"blank is ≥ 25% of sample value",1.113,79.4619717706526,"",2e-04,0.0166,"bdl",1.0262,73.2654,"Within_Range",0.0122,0.3954,"Within_Range",59.1727,1.8457,"Within_Range",566.0353,15.9671,"Within_Range",1.0229,52.7635,3.1651,5.9987,"Within_Range","within range"
"COMPASS:Synoptic","CB","SWH_202409_SWAMP_LYSA_45CM",2024,9,24,"SWH","SWAMP","A",45,"15:45","EDT","",26.82,2232.95312630089,"",9.209,766.713845641495,"",0.9114,65.0688599027608,"",0.0091,0.6466,"bdl",0.6661,47.5544,"Within_Range",0.0338,1.0923,"Within_Range",1.202,0.0375,"Within_Range",43.8156,1.236,"Within_Range",0.0792,19.1614,0.3609,1.8836,"Within_Range","within range"
"COMPASS:Synoptic","CB","SWH_202409_SWAMP_LYSB_10CM",2024,9,24,"SWH","SWAMP","B",10,"15:50","EDT","",20.53,1709.26650570311,"",5.258,437.765381733411,"",0.9712,69.3382452683359,"",4e-04,0.0286,"bdl",0.8246,58.8729,"Within_Range",0.0138,0.444,"Within_Range",51.9703,1.621,"Within_Range",674.5712,19.0288,"Within_Range",1.219,19.851,0.8229,4.1452,"Within_Range","within range"
"COMPASS:Synoptic","CB","SWH_202409_SWAMP_LYSB_20CM",2024,9,24,"SWH","SWAMP","B",20,"15:55","EDT","",NA,NA,NA,29.45,2451.919074182,"",1.65,117.8007667759,"",0,0,"bdl",0.6847,48.8867,"Within_Range",0.2231,7.2036,"Within_Range",0,0,"bdl",11.9703,0.3377,"Within_Range",0.0217,9.5657,0.2165,2.2638,"Within_Range","within range"
"COMPASS:Synoptic","CB","SWH_202409_SWAMP_LYSB_45CM",2024,9,24,"SWH","SWAMP","B",45,"16:00","EDT","",27.77,2312.04728998418,"",7.713,642.161352093914,"",0.5208,37.1822056587205,"",0,0,"bdl",0.3186,22.747,"Within_Range",0.1351,4.3605,"Within_Range",0.304,0.0095,"Within_Range",14.4633,0.408,"Within_Range",0.0262,18.6,0.5775,3.1047,"Within_Range","within range"
"COMPASS:Synoptic","CB","SWH_202409_SWAMP_LYSC_10CM",2024,9,24,"SWH","SWAMP","C",10,"16:05","EDT","",18.48,1538.58962617601,"",9.739,810.840063275331,"",0.6923,49.4263459630034,"",0.0106,0.7566,"bdl",0.4953,35.3637,"Within_Range",0.0053,0.1703,"Within_Range",154.5028,4.8192,"Within_Range",1433.9712,40.4505,"Within_Range",2.5912,17.0177,0.2165,1.2725,"Within_Range","within range"
"COMPASS:Synoptic","CB","SWH_202409_SWAMP_LYSC_20CM",2024,9,24,"SWH","SWAMP","C",20,"16:10","EDT","",15.25,1269.66946965282,"",7.66,637.74873033053,"",1.004,71.6799817230325,"",0,0,"bdl",0.7428,53.0349,"Within_Range",0.0046,0.1491,"Within_Range",150.6141,4.6979,"Within_Range",1334.981,37.6581,"Within_Range",2.4123,34.3887,2.9627,8.6154,"Within_Range","within range"
"COMPASS:Synoptic","CB","SWH_202409_SWAMP_LYSC_45CM",2024,9,24,"SWH","SWAMP","C",45,"16:22","EDT","",15.93,1326.28423944717,"",6.188,515.194405128632,"",1.364,97.3819672014108,"",0,0,"bdl",1.21,86.3862,"Within_Range",0.0045,0.1451,"Within_Range",120.6125,3.7621,"Within_Range",1133.0937,31.9632,"Within_Range",2.0475,65.728,6.3998,9.7368,"Within_Range","within range"
"COMPASS:Synoptic","CB","SWH_202409_UP_LYSA_10CM",2024,9,24,"SWH","UP","A",10,"14:39","EDT","",7.115,592.373657480643,"",9.214,767.130130713513,"",0.3618,25.8304954057701,"",0,0,"bdl",0.0462,3.2996,"Within_Range",0.0061,0.1963,"Within_Range",11.3894,0.3553,"Within_Range",70.9642,2.0018,"Within_Range",0.1283,0,0,0,"bdl","within range"
"COMPASS:Synoptic","CB","SWH_202409_UP_LYSA_20CM",2024,9,24,"SWH","UP","A",20,"14:45","EDT","",15.56,1295.47914411789,"",8.529,710.09907584714,"",0.2183,15.5853984164721,"",0.0011,0.0817,"bdl",0.0418,2.9844,"Within_Range",0.005,0.1601,"Within_Range",13.4465,0.4194,"Within_Range",69.7929,1.9688,"Within_Range",0.1261,0,0,0,"bdl","within range"
"COMPASS:Synoptic","CB","SWH_202409_UP_LYSA_45CM",2024,9,24,"SWH","UP","A",45,"14:50","EDT","",33.97,2828.24077928566,"",18.4,1531.92906502373,"",0.5812,41.4944276667595,"",0,0,"bdl",0.0848,6.0549,"Within_Range",0.0036,0.1151,"Within_Range",10.3757,0.3236,"Within_Range",31.371,0.8849,"Within_Range",0.0567,24.4036,2.0935,8.5787,"Within_Range","within range"
"COMPASS:Synoptic","CB","SWH_202409_UP_LYSB_10CM",2024,9,24,"SWH","UP","B",10,"14:55","EDT","",NA,NA,NA,19.59,1631.00491216385,"",0.5859,41.8299813660605,"",0.0034,0.245,"bdl",0.0848,6.051,"Within_Range",0.0168,0.5438,"Within_Range",49.8505,1.5549,"Within_Range",473.5062,13.357,"Within_Range",0.8557,0,0,0,"bdl","within range"
"COMPASS:Synoptic","CB","SWH_202409_UP_LYSB_20CM",2024,9,24,"SWH","UP","B",20,"15:00","EDT","",26.25,2185.49662809092,"",10.26,854.216967779535,"",0.4666,33.3126289561424,"",0,0,"bdl",0.2322,16.5754,"Within_Range",0.0036,0.1161,"Within_Range",19.8995,0.6207,"Within_Range",132.032,3.7245,"Within_Range",0.2386,0,0,0,"bdl","within range"
"COMPASS:Synoptic","CB","SWH_202409_UP_LYSB_45CM",2024,9,24,"SWH","UP","B",45,"15:05","EDT","",NA,NA,NA,42.67,3552.57680459579,"",1.125,80.3187046199319,"",0.0113,0.8101,"bdl",0.0803,5.7331,"Within_Range",0.0058,0.1861,"Within_Range",1.4334,0.0447,"Within_Range",34.3919,0.9702,"Within_Range",0.0622,22.4281,0.5053,2.2529,"Within_Range","within range"
"COMPASS:Synoptic","CB","SWH_202409_UP_LYSC_10CM",2024,9,24,"SWH","UP","C",10,"15:10","EDT","",5.596,465.906252601782,"blank is ≥ 25% of sample value",17.17,1429.52293730747,"",0.7735,55.2235715764598,"",9e-04,0.064,"bdl",0.1389,9.9194,"Within_Range",0.0166,0.5348,"Within_Range",127.8793,3.9887,"Within_Range",1091.25,30.7828,"Within_Range",1.9719,0,0,0,"bdl","within range"
"COMPASS:Synoptic","CB","SWH_202409_UP_LYSC_20CM",2024,9,24,"SWH","UP","C",20,"15:15","EDT","",28.12,2341.18724502539,"",16.82,1400.38298226626,"",0.922,65.8256405862909,"",0,0,"bdl",0.3575,25.5249,"Within_Range",0.0184,0.595,"Within_Range",45.3246,1.4137,"Within_Range",445.2825,12.5609,"Within_Range",0.8047,0,0,0,"bdl","within range"
"COMPASS:Synoptic","CB","SWH_202409_UP_LYSC_45CM",2024,9,24,"SWH","UP","C",45,"15:29","EDT","",27.59,2297.06102739156,"",39.48,3286.98692864874,"",0.9944,70.9945954436091,"",0.0151,1.0763,"bdl",0.0718,5.1265,"Within_Range",0.0054,0.1758,"Within_Range",NA,NA,NA,NA,NA,NA,NA,18.3618,1.8156,9.888,"Within_Range","within range"
"COMPASS:Synoptic","CB","SWH_202409_SW_A",2024,9,25,"SWH","SW","A",0,"10:10","EDT","",14.94,1243.85979518774,"",6.429,535.259345599867,"",0.3948,28.1865107412881,"",0.0602,4.2944,"Within_Range",0.0458,3.2724,"Within_Range",0.0161,0.5199,"Within_Range",430.0696,13.4145,"Within_Range",3246.8215,91.5888,"Within_Range",5.867,0,0,0,"bdl","within range"
"COMPASS:Synoptic","CB","SWH_202409_SW_B",2024,9,25,"SWH","SW","B",0,"10:10","EDT","",14.38,1197.23586712181,"",6.262,521.355424194488,"",0.406,28.9861280672821,"",0.0822,5.8659,"Within_Range",0.0538,3.8413,"Within_Range",0.0174,0.5629,"Within_Range",433.8676,13.533,"Within_Range",3278.0119,92.4686,"Within_Range",5.9234,0,0,0,"bdl","within range"
"COMPASS:Synoptic","CB","SWH_202409_SW_C",2024,9,25,"SWH","SW","C",0,"10:10","EDT","",13.87,1154.77478977604,"",6.008,500.208142536009,"",0.4054,28.9432914248181,"",0.0745,5.3188,"Within_Range",0.0467,3.3325,"Within_Range",0.0183,0.5894,"Within_Range",450.4095,14.049,"Within_Range",3388.6521,95.5896,"Within_Range",6.1233,0,0,0,"bdl","within range"
"COMPASS:Synoptic","CB","SWH_202409_TR_LYSA_10CM",2024,9,25,"SWH","TR","A",10,"12:11","EDT","",35.45,2951.46116060278,"",25.5,2123.05386728832,"",1.394,99.5237993246089,"",0,0,"bdl",0.3986,28.4544,"Within_Range",0.074,2.3899,"Within_Range",150.6877,4.7002,"Within_Range",2000.6834,56.4368,"Within_Range",3.6153,3.2536,0.2357,7.2458,"Within_Range","within range"
"COMPASS:Synoptic","CB","SWH_202409_TR_LYSA_20CM",2024,9,25,"SWH","TR","A",20,"12:15","EDT","",47.36,3943.05220214803,"",17.25,1436.18349845975,"",1.547,110.44714315292,"",0,0,"bdl",0.8226,58.7288,"Within_Range",0.376,12.1382,"Within_Range",10.5074,0.3277,"Within_Range",1406.3294,39.6708,"Within_Range",2.5413,8.1876,0.6375,7.7862,"Within_Range","within range"
"COMPASS:Synoptic","CB","SWH_202409_TR_LYSA_45CM",2024,9,25,"SWH","TR","A",45,"12:20","EDT","",50.45,4200.31637665473,"",14.03,1168.09591208059,"",1.55,110.661326365239,"",0.0094,0.6727,"bdl",0.7957,56.8082,"Within_Range",0.2815,9.0873,"Within_Range",1.1531,0.036,"Within_Range",657.7733,18.555,"Within_Range",1.1886,88.8666,0.943,1.0611,"Within_Range","within range"
"COMPASS:Synoptic","CB","SWH_202409_TR_LYSB_10CM",2024,9,25,"SWH","TR","B",10,"12:25","EDT","",17.14,1427.02522687536,"",12.01,999.916742985597,"",0.69,49.2621388335582,"",0.0081,0.5767,"bdl",0.1485,10.6037,"Within_Range",0.0895,2.8886,"Within_Range",258.3193,8.0574,"Within_Range",2186.1824,61.6695,"Within_Range",3.9505,0,0,0,"bdl","within range"
"COMPASS:Synoptic","CB","SWH_202409_TR_LYSB_20CM",2024,9,25,"SWH","TR","B",20,"12:30","EDT","",67.75,5640.66272583465,"",18.05,1502.78910998252,"",2.284,163.064818979488,"",0,0,"bdl",1.0284,73.4219,"Within_Range",0.5673,18.3143,"Within_Range",31.1771,0.9725,"Within_Range",1486.0024,41.9183,"Within_Range",2.6852,8.1535,0.5238,6.4248,"Within_Range","within range"
"COMPASS:Synoptic","CB","SWH_202409_TR_LYSB_45CM",2024,9,25,"SWH","TR","B",45,"12:40","EDT","",66.33,5522.43776538173,"",17.21,1432.85321788361,"",3.851,274.93985021454,"value above cal curve",0.0034,0.2427,"bdl",2.7041,193.0585,"Within_Range",1.0205,32.9472,"Within_Range",0.7692,0.024,"Within_Range",597.3857,16.8515,"Within_Range",1.0795,45.8219,3.1635,6.9038,"Within_Range","within range"
"COMPASS:Synoptic","CB","SWH_202409_TR_LYSC_10CM",2024,9,25,"SWH","TR","C",10,"12:50","EDT","",43.48,3620.01498626259,"",15.06,1253.85063691616,"",0.9694,69.209735340944,"",0,0,"bdl",0.2305,16.4596,"Within_Range",0.016,0.5156,"Within_Range",130.9002,4.083,"Within_Range",1847.7318,52.1222,"Within_Range",3.3389,0.1231,0,0,"Within_Range","within range"
"COMPASS:Synoptic","CB","SWH_202409_TR_LYSC_20CM",2024,9,25,"SWH","TR","C",20,"13:00","EDT","",47.1,3921.40537840313,"",13.52,1125.63483473483,"",1.907,136.149128631298,"",0,0,"bdl",1.3686,97.71,"Within_Range",0.2409,7.7783,"Within_Range",98.2819,3.0656,"Within_Range",1691.5413,47.7163,"Within_Range",3.0566,17.311,0.2199,1.2704,"Within_Range","within range"
"COMPASS:Synoptic","CB","SWH_202409_TR_LYSC_45CM",2024,9,25,"SWH","TR","C",45,"13:11","EDT","",46.09,3837.31579385563,"",12.2,1015.73557572225,"",1.91,136.363311843618,"",0,0,"bdl",1.5301,109.2436,"Within_Range",0.4361,14.0781,"Within_Range",17.4065,0.5429,"Within_Range",1043.0068,29.4219,"Within_Range",1.8847,231.4455,2.1843,0.9438,"Within_Range","within range"
"COMPASS:Synoptic","CB","SWH_202409_WC_LYSA_10CM",2024,9,25,"SWH","WC","A",10,"10:53","EDT","",NA,NA,NA,NA,NA,NA,NA,NA,NA,0,0,"bdl",0.0543,3.8735,"Within_Range",0.0371,1.1971,"Within_Range",2.3744,0.0741,"Within_Range",1090.9886,30.7754,"Within_Range",1.9714,23.1937,0.8662,3.7346,"Within_Range","within range"
"COMPASS:Synoptic","CB","SWH_202409_WC_LYSA_20CM",2024,9,25,"SWH","WC","A",20,"11:00","EDT","",NA,NA,NA,NA,NA,NA,NA,NA,NA,0.0068,0.4854,"bdl",0.0425,3.0343,"Within_Range",0.0557,1.7979,"Within_Range",0.4773,0.0149,"Within_Range",708.0384,19.9729,"Within_Range",1.2795,12.1177,0.9384,7.7439,"Within_Range","within range"
"COMPASS:Synoptic","CB","SWH_202409_WC_LYSA_45CM",2024,9,25,"SWH","WC","A",45,"11:05","EDT","",NA,NA,NA,10.57,880.026642244609,"",0.379,27.0584791564037,"",NA,NA,NA,NA,NA,NA,NA,NA,NA,0.3828,0.0119,"Within_Range",713.2198,20.119,"Within_Range",1.2888,21.7305,1.5957,7.343,"Within_Range","within range"
"COMPASS:Synoptic","CB","SWH_202409_WC_LYSB_10CM",2024,9,25,"SWH","WC","B",10,"11:10","EDT","",NA,NA,NA,8.028,668.387311631005,"",0.343,24.4882806085659,"",0,0,"bdl",0.0717,5.1189,"Within_Range",0.2263,7.307,"Within_Range",150.7374,4.7017,"Within_Range",1829.6402,51.6119,"Within_Range",3.3062,33.9123,1.0755,3.1714,"Within_Range","within range"
"COMPASS:Synoptic","CB","SWH_202409_WC_LYSB_20CM",2024,9,25,"SWH","WC","B",20,"11:15","EDT","",NA,NA,NA,NA,NA,NA,NA,NA,NA,NA,NA,NA,NA,NA,NA,NA,NA,NA,0.2688,0.0084,"Within_Range",913.0276,25.7554,"Within_Range",1.6499,9.1063,0.1768,1.9416,"Within_Range","within range"
"COMPASS:Synoptic","CB","SWH_202409_WC_LYSB_45CM",2024,9,25,"SWH","WC","B",45,"11:20","EDT","",NA,NA,NA,NA,NA,NA,NA,NA,NA,0.0018,0.1308,"bdl",0.0284,2.0251,"Within_Range",0.0684,2.2093,"Within_Range",NA,NA,NA,NA,NA,NA,NA,NA,NA,NA,NA,NA
"COMPASS:Synoptic","CB","SWH_202409_WC_LYSC_10CM",2024,9,25,"SWH","WC","C",10,"11:25","EDT","",NA,NA,NA,8.409,700.108234118725,"",0.3434,24.5168383702085,"",0,0,"bdl",0.055,3.9262,"Within_Range",0.1818,5.8701,"Within_Range",24.0286,0.7495,"Within_Range",1495.7542,42.1933,"Within_Range",2.7029,41.1601,0.4331,1.0522,"Within_Range","within range"
"COMPASS:Synoptic","CB","SWH_202409_WC_LYSC_20CM",2024,9,25,"SWH","WC","C",20,"11:30","EDT","",NA,NA,NA,NA,NA,NA,NA,NA,NA,NA,NA,NA,NA,NA,NA,NA,NA,NA,3.8029,0.1186,"Within_Range",870.4972,24.5556,"Within_Range",1.573,12.2198,0.5053,4.1349,"Within_Range","within range"
"COMPASS:Synoptic","CB","SWH_202409_WC_LYSC_45CM",2024,9,25,"SWH","WC","C",45,"11:34","EDT","",88,7326.61726750479,"",16.31,1357.92190492049,"",0.6078,43.3935188159952,"",0.0094,0.6739,"bdl",0.0482,3.4426,"Within_Range",0.271,8.7481,"Within_Range",0.3309,0.0103,"Within_Range",558.9991,15.7687,"Within_Range",1.0101,20.0972,0.6153,3.0617,"Within_Range","within range"
"COMPASS:Synoptic","CB","GWI_202409_SW_A",2024,9,26,"GWI","SW","A",0,"","EDT","",19.44,1618.51636000333,"",2.031,169.094996253434,"blank is ≥ 25% of sample value",-0.00384,-0.274154511769368,"blank is ≥ 25% of sample value",0.009,0.6412,"bdl",0.483,34.4855,"Within_Range",0.0111,0.3581,"Within_Range",1537.0378,47.9425,"Within_Range",11515.3301,324.833,"Within_Range",20.8082,0,0,0,"bdl","within range"
"COMPASS:Synoptic","CB","GWI_202409_SW_B",2024,9,26,"GWI","SW","B",0,"","EDT","",18.87,1571.05986179336,"",9.979,830.821746732162,"",0.04158,2.96857932275268,"blank is ≥ 25% of sample value",0.0076,0.5445,"bdl",0.3014,21.5183,"Within_Range",0.0096,0.311,"Within_Range",1546.5658,48.2397,"Within_Range",11561.9462,326.148,"Within_Range",20.8925,0,0,0,"bdl","within range"
"COMPASS:Synoptic","CB","GWI_202409_SW_C",2024,9,26,"GWI","SW","C",0,"","EDT","",18.74,1560.23644992091,"",6.702,557.988510532012,"",0.1351,9.64538399480249,"blank is ≥ 25% of sample value",0.0108,0.7743,"bdl",0.5374,38.3639,"Within_Range",0.0082,0.2636,"Within_Range",1505.5984,46.9619,"Within_Range",11237.6406,316.9997,"Within_Range",20.3064,0,0,0,"bdl","within range"
"COMPASS:Synoptic","CB","GWI_202409_TR_LYSA_10CM",2024,9,26,"GWI","TR","A",10,"12:05","EDT","",36.52,3040.54616601449,"",68.16,5674.79810174007,"",0.00813,0.580436505386708,"blank is ≥ 25% of sample value",0,0,"bdl",0.6474,46.2237,"Within_Range",0.0091,0.2952,"Within_Range",1695.6851,52.891,"Within_Range",12720.9559,358.8422,"Within_Range",22.9868,0,0,0,"bdl","within range"
"COMPASS:Synoptic","CB","GWI_202409_TR_LYSA_20CM",2024,9,26,"GWI","TR","A",20,"12:10","EDT","",NA,NA,NA,-0.6809,-56.6897011073183,"blank is ≥ 25% of sample value",-0.00449,-0.320560874438662,"blank is ≥ 25% of sample value",0.0036,0.2542,"bdl",0.5617,40.1019,"Within_Range",0.0083,0.2668,"Within_Range",997.5932,31.1164,"Within_Range",11670.4607,329.209,"Within_Range",21.0885,0,0,0,"bdl","within range"
"COMPASS:Synoptic","CB","GWI_202409_TR_LYSB_10CM",2024,9,26,"GWI","TR","B",10,"12:15","EDT","",21.58,1796.68637082674,"",-0.6195,-51.5777204229456,"blank is ≥ 25% of sample value",0.00847,0.604710602782954,"blank is ≥ 25% of sample value",4e-04,0.0308,"bdl",0.5782,41.281,"Within_Range",0.0051,0.165,"Within_Range",1445.456,45.086,"Within_Range",10775.626,303.9669,"Within_Range",19.4716,0,0,0,"bdl","within range"
"COMPASS:Synoptic","CB","GWI_202409_TR_LYSB_20CM",2024,9,26,"GWI","TR","B",20,"12:20","EDT","",NA,NA,NA,-0.681,-56.6980268087586,"blank is ≥ 25% of sample value",0.02945,2.10256520093955,"blank is ≥ 25% of sample value",2e-04,0.0109,"bdl",0.5834,41.6485,"Within_Range",0.0103,0.3333,"Within_Range",1328.7146,41.4446,"Within_Range",10261.3623,289.4601,"Within_Range",18.5423,12.3271,0.8748,7.0963,"Within_Range","within range"
"COMPASS:Synoptic","CB","GWI_202409_TR_LYSB_45CM",2024,9,26,"GWI","TR","B",45,"12:25","EDT","",NA,NA,NA,47.19,3928.89850969944,"",0.0235,1.67776849650524,"blank is ≥ 25% of sample value",0.0033,0.2336,"bdl",0.7295,52.0812,"Within_Range",0.0093,0.2996,"Within_Range",1145.1222,35.7181,"Within_Range",9569.5721,269.9456,"Within_Range",17.2922,12.2238,0.984,8.0496,"Within_Range","within range"
"COMPASS:Synoptic","CB","GWI_202409_TR_LYSC_10CM",2024,9,26,"GWI","TR","C",10,"12:30","EDT","",16.2,1348.76363333611,"",-0.5746,-47.8394804762301,"blank is ≥ 25% of sample value",0.00549,0.391955278545268,"blank is ≥ 25% of sample value",0.0087,0.62,"bdl",0.4796,34.2393,"Within_Range",0.0105,0.3403,"Within_Range",1521.1633,47.4474,"Within_Range",11330.3489,319.6149,"Within_Range",20.474,0,0,0,"bdl","within range"
"COMPASS:Synoptic","CB","GWI_202409_TR_LYSC_20CM",2024,9,26,"GWI","TR","C",20,"12:35","EDT","",26.44,2201.31546082757,"",-0.6125,-50.9949213221214,"blank is ≥ 25% of sample value",-0.00603,-0.430508256762835,"blank is ≥ 25% of sample value",1e-04,0.0076,"bdl",0.6032,43.0661,"Within_Range",0.0061,0.1954,"Within_Range",1589.2638,49.5715,"Within_Range",11147.4968,314.4569,"Within_Range",20.1436,0,0,0,"bdl","within range"
"COMPASS:Synoptic","CB","GWI_202409_TR_LYSC_45CM",2024,9,26,"GWI","TR","C",45,"12:40","EDT","",NA,NA,NA,NA,NA,NA,NA,NA,NA,0.0022,0.1596,"bdl",0.9471,67.6153,"Within_Range",0.0244,0.7872,"Within_Range",NA,NA,NA,NA,NA,NA,NA,0,0,0,"bdl","within range"
"COMPASS:Synoptic","CB","GWI_202409_UP_LYSA_10CM",2024,9,26,"GWI","UP","A",10,"12:50","EDT","",NA,NA,NA,NA,NA,NA,NA,NA,NA,NA,NA,NA,NA,NA,NA,NA,NA,NA,781.9846,24.3913,"Within_Range",6627.4968,186.9534,"Within_Range",11.9759,0,0,0,"bdl","within range"
"COMPASS:Synoptic","CB","GWI_202409_UP_LYSA_20CM",2024,9,26,"GWI","UP","A",20,"12:50","EDT","",17.37,1446.17434018816,"",21.53,1792.52352010657,"",0.548,39.1241334504202,"",0.0523,3.7369,"Within_Range",0.0509,3.6313,"Within_Range",0.0081,0.2611,"Within_Range",525.5821,16.3937,"Within_Range",4427.4867,124.8938,"Within_Range",8.0005,0,0,0,"bdl","within range"
"COMPASS:Synoptic","CB","GWI_202409_UP_LYSA_45CM",2024,9,26,"GWI","UP","A",45,"12:55","EDT","",NA,NA,NA,38.46,3202.06477395721,"",0.7417,52.9532295258698,"",0,0,"bdl",0.3208,22.9001,"Within_Range",0.0155,0.5002,"Within_Range",728.9636,22.7375,"Within_Range",6395.1035,180.3978,"Within_Range",11.556,0,0,0,"bdl","within range"
"COMPASS:Synoptic","CB","GWI_202409_UP_LYSB_10CM",2024,9,26,"GWI","UP","B",10,"13:00","EDT","",9.99,831.7375738906,"",60.79,5061.19390558655,"",-0.00416,-0.297000721083481,"blank is ≥ 25% of sample value",3e-04,0.0181,"bdl",0.0978,6.9825,"Within_Range",0.0205,0.6611,"Within_Range",597.6235,18.6408,"Within_Range",5033.357,141.9847,"Within_Range",9.0953,0,0,0,"bdl","within range"
"COMPASS:Synoptic","CB","GWI_202409_UP_LYSB_20CM",2024,9,26,"GWI","UP","B",20,"13:05","EDT","",20.23,1684.28940138207,"",55.44,4615.76887852802,"",0.8378,59.8142317605146,"",0,0,"bdl",0.1226,8.7502,"Within_Range",0.0118,0.3804,"Within_Range",443.2689,13.8262,"Within_Range",3783.5006,106.7278,"Within_Range",6.8368,0,0,0,"bdl","within range"
"COMPASS:Synoptic","CB","GWI_202409_UP_LYSB_45CM",2024,9,26,"GWI","UP","B",45,"13:10","EDT","",18.3,1523.60336358338,"",58.39,4861.37707101823,"",0.9445,67.4320146786895,"",0.2968,21.1867,"Within_Range",0.0769,5.4901,"Within_Range",0.0095,0.3076,"Within_Range",658.5522,20.5412,"Within_Range",5436.1798,153.3478,"Within_Range",9.8232,0,0,0,"bdl","within range"
"COMPASS:Synoptic","CB","GWI_202409_UP_LYSC_20CM",2024,9,26,"GWI","UP","C",20,"13:20","EDT","",28.51,2373.65748064274,"",78.33,6521.5219382233,"",-0.00923,-0.658970349903975,"blank is ≥ 25% of sample value",0,0,"bdl",0.2911,20.7822,"Within_Range",0.015,0.4857,"Within_Range",667.5317,20.8213,"Within_Range",5565.1373,156.9855,"Within_Range",10.0562,0,0,0,"bdl","within range"
"COMPASS:Synoptic","CB","GWI_202409_WC_LYSA_10CM",2024,9,26,"GWI","WC","A",10,"10:45","EDT","",59.25,4932.97810340521,"",12.8,1065.68978436433,"",-0.00216,-0.154211912870269,"blank is ≥ 25% of sample value",5e-04,0.0329,"bdl",0.8403,59.9907,"Within_Range",0.0077,0.2478,"Within_Range",1833.1457,57.1786,"Within_Range",12770.6902,360.2451,"Within_Range",23.0767,0,0,0,"bdl","within range"
"COMPASS:Synoptic","CB","GWI_202409_WC_LYSA_45CM",2024,9,26,"GWI","WC","A",45,"10:50","EDT","",NA,NA,NA,69.42,5779.70193988843,"",-0.00923,-0.658970349903975,"blank is ≥ 25% of sample value",0,0,"bdl",0.8203,58.5683,"Within_Range",0.0137,0.4412,"Within_Range",1304.1329,40.6779,"Within_Range",12112.3732,341.6748,"Within_Range",21.8871,2.8797,0.1972,6.849,"Within_Range","within range"
"COMPASS:Synoptic","CB","GWI_202409_WC_LYSB_10CM",2024,9,26,"GWI","WC","B",10,"10:55","EDT","",68.16,5674.79810174007,"",7.406,616.601448672051,"",0.0325,2.3203181334647,"blank is ≥ 25% of sample value",0.0053,0.3786,"bdl",0.704,50.2598,"Within_Range",0.0148,0.477,"Within_Range",1671.0025,52.1211,"Within_Range",12091.3498,341.0818,"Within_Range",21.8491,0,0,0,"bdl","within range"
"COMPASS:Synoptic","CB","GWI_202409_WC_LYSB_20CM",2024,9,26,"GWI","WC","B",20,"11:00","EDT","",67.08,5584.88052618433,"",-0.5307,-44.1844975439181,"blank is ≥ 25% of sample value",0.03074,2.19466398223707,"blank is ≥ 25% of sample value",0,0,"bdl",0.8686,62.011,"Within_Range",0.0091,0.2951,"Within_Range",2111.5499,65.8624,"Within_Range",12962.2108,365.6477,"Within_Range",23.4227,1.916,0.1466,7.6519,"Within_Range","within range"
"COMPASS:Synoptic","CB","GWI_202409_WC_LYSB_45CM",2024,9,26,"GWI","WC","B",45,"11:05","EDT","",NA,NA,NA,32.46,2702.52268753643,"",0.4154,29.6572354658842,"",0.0071,0.5093,"bdl",1.0997,78.5159,"Within_Range",0.0078,0.2521,"Within_Range",1576.0107,49.1582,"Within_Range",13401.664,378.0441,"Within_Range",24.2168,1.0867,0.2932,26.984,"Within_Range","High CV"
"COMPASS:Synoptic","CB","GWI_202409_WC_LYSC_45CM",2024,9,26,"GWI","WC","C",45,"11:20","EDT","",NA,NA,NA,NA,NA,NA,NA,NA,NA,0.0166,1.184,"bdl",1.0154,72.4915,"Within_Range",0.0204,0.657,"Within_Range",1438.7063,44.8754,"Within_Range",13446.6639,379.3135,"Within_Range",24.2981,0,0,0,"bdl","within range"
"COMPASS:Synoptic","CB","SWH_202410_SW_A",2024,10,22,"SWH","SW","A",0,"9:50","EDT","",13.38,1113.97885271834,NA,6.275,522.437765381733,NA,0.4035,28.8076420570156,"",0.0462,3.2965,"Within_Range",0.0448,3.1963,"Within_Range",0.0163,0.5251,"Within_Range",210.6927,6.5718,"Within_Range",1572.8597,44.3684,"Within_Range",2.8422,0,0,0,"bdl","within range"
"COMPASS:Synoptic","CB","SWH_202410_SW_B",2024,10,22,"SWH","SW","B",0,"9:50","EDT","",13.11,1091.49945882941,NA,6.145,511.614353509283,NA,0.3598,25.6877065975569,"",0.0232,1.6566,"bdl",0.0304,2.1732,"Within_Range",0.0174,0.5602,"Within_Range",209.7447,6.5423,"Within_Range",1563.7828,44.1123,"Within_Range",2.8258,0,0,0,"bdl","within range"
"COMPASS:Synoptic","CB","SWH_202410_SW_C",2024,10,22,"SWH","SW","C",0,"9:50","EDT","",12.99,1081.50861710099,NA,6.19,515.360919157439,NA,0.4331,30.9209164185711,"",0.0317,2.2638,"Within_Range",0.0333,2.3786,"Within_Range",0.0192,0.6195,"Within_Range",218.6212,6.8191,"Within_Range",1629.3742,45.9626,"Within_Range",2.9443,0,0,0,"bdl","within range"
"COMPASS:Synoptic","CB","SWH_202410_SWAMP_LYSA_10CM",2024,10,22,"SWH","SWAMP","A",10,"14:08","EDT","",24.04,2001.49862625926,NA,4.656,387.644659062526,NA,0.9841,70.2592330813111,"",0,0,"bdl",0.8024,57.2863,"Within_Range",0.0151,0.4887,"Within_Range",18.7681,0.5854,"Within_Range",633.203,17.8619,"Within_Range",1.1442,55.2427,4.225,7.6482,"Within_Range","within range"
"COMPASS:Synoptic","CB","SWH_202410_SWAMP_LYSA_20CM",2024,10,22,"SWH","SWAMP","A",20,"14:08","EDT","",29.13,2425.27682957289,NA,5.436,452.585130297228,NA,1.311,93.5980637837606,"",0.0065,0.4626,"bdl",1.1304,80.7034,"Within_Range",0.0116,0.3746,"Within_Range",13.645,0.4256,"Within_Range",500.3333,14.1138,"Within_Range",0.9041,48.6298,0.7583,1.5593,"Within_Range","within range"
"COMPASS:Synoptic","CB","SWH_202410_SWAMP_LYSA_45CM",2024,10,22,"SWH","SWAMP","A",45,"14:08","EDT","",NA,NA,NA,5.555,462.49271501124,NA,1.27,90.6708932153898,"",0.0071,0.5075,"bdl",0.9228,65.8802,"Within_Range",0.0142,0.4593,"Within_Range",0,0,"bdl",97.57,2.7523,"Within_Range",0.1763,13.6174,0.2275,1.6705,"Within_Range","within range"
"COMPASS:Synoptic","CB","SWH_202410_SWAMP_LYSB_10CM",2024,10,22,"SWH","SWAMP","B",10,"14:30","EDT","",NA,NA,NA,6.323,526.4341020731,NA,1.456,103.950252379219,"",0.0145,1.0359,"bdl",1.1632,83.0437,"Within_Range",0.0146,0.4707,"Within_Range",34.5277,1.077,"Within_Range",632.7826,17.85,"Within_Range",1.1435,2.4113,0.1857,7.7027,"Within_Range","within range"
"COMPASS:Synoptic","CB","SWH_202410_SWAMP_LYSB_20CM",2024,10,22,"SWH","SWAMP","B",20,"14:30","EDT","",NA,NA,NA,11.37,946.63225376738,NA,1.409,100.594715386208,"",0.0106,0.7541,"bdl",0.9218,65.8083,"Within_Range",0.0245,0.7917,"Within_Range",4.1665,0.13,"Within_Range",122.4305,3.4536,"Within_Range",0.2213,12.1161,0.0758,0.6258,"Within_Range","within range"
"COMPASS:Synoptic","CB","SWH_202410_SWAMP_LYSB_45CM",2024,10,22,"SWH","SWAMP","B",45,"14:30","EDT","",NA,NA,NA,6.627,551.744234451753,NA,0.626,44.6928969707354,"",0.0021,0.1514,"bdl",0.3657,26.1065,"Within_Range",0.1027,3.3154,"Within_Range",0,0,"bdl",11.4766,0.3237,"Within_Range",0.0208,12.4915,0.3033,2.4281,"Within_Range","within range"
"COMPASS:Synoptic","CB","SWH_202410_SWAMP_LYSC_10CM",2024,10,22,"SWH","SWAMP","C",10,"13:52","EDT","",14.55,1211.38955957039,NA,7.004,583.132128881858,NA,0.5959,42.5439254071266,"",0.0048,0.3435,"bdl",0.3925,28.0244,"Within_Range",0.0044,0.1407,"Within_Range",74.7849,2.3327,"Within_Range",484.1244,13.6565,"Within_Range",0.8748,15.2081,0.9611,6.3199,"Within_Range","within range"
"COMPASS:Synoptic","CB","SWH_202410_SWAMP_LYSC_20CM",2024,10,22,"SWH","SWAMP","C",20,"13:52","EDT","",23.85,1985.6797935226,NA,8.01,666.888685371743,NA,1.312,93.6694581878672,"",0.002,0.1437,"bdl",1.0647,76.011,"Within_Range",0.006,0.1927,"Within_Range",1.5038,0.0469,"Within_Range",327.2657,9.2318,"Within_Range",0.5914,76.9936,5.687,7.3864,"Within_Range","within range"
"COMPASS:Synoptic","CB","SWH_202410_SWAMP_LYSC_45CM",2024,10,22,"SWH","SWAMP","C",45,"13:52","EDT","",28.86,2402.79743568396,NA,7.113,592.207143451836,NA,1.34,95.6685015028522,"",0.0104,0.7399,"bdl",1.1475,81.9231,"Within_Range",0.005,0.1609,"Within_Range",10.0025,0.312,"Within_Range",364.8252,10.2913,"Within_Range",0.6593,228.0973,25.136,11.0199,"Within_Range","High CV"
"COMPASS:Synoptic","CB","SWH_202410_TR_LYSA_10CM",2024,10,22,"SWH","TR","A",10,"9:00","EDT","",25.57,2128.88185829656,NA,16.74,1393.72242111398,NA,1.113,79.4619717706526,"",0.0198,1.4105,"bdl",0.2389,17.0567,"Within_Range",0.0646,2.0865,"Within_Range",92.7378,2.8926,"Within_Range",1179.4323,33.2703,"Within_Range",2.1313,19.5302,2.1901,11.2142,"Within_Range","High CV"
"COMPASS:Synoptic","CB","SWH_202410_TR_LYSA_20CM",2024,10,22,"SWH","TR","A",20,"9:00","EDT","",44.72,3723.25368412289,NA,16.61,1382.89900924153,NA,2.675,190.980030985171,"",0.0067,0.4766,"bdl",0.9085,64.8612,"Within_Range",0.7835,25.2972,"Within_Range",18.0747,0.5638,"Within_Range",1323.611,37.3374,"Within_Range",2.3918,49.5827,4.4395,8.9537,"Within_Range","within range"
"COMPASS:Synoptic","CB","SWH_202410_TR_LYSA_45CM",2024,10,22,"SWH","TR","A",45,"9:00","EDT","",52.2,4346.01615186079,NA,11.57,963.283656648073,NA,1.947,139.004904795562,"",0,0,"bdl",1.011,72.1784,"Within_Range",0.2869,9.2615,"Within_Range",0,0,"bdl",1184.2937,33.4074,"Within_Range",2.14,357.287,19.4084,5.4322,"Within_Range","within range"
"COMPASS:Synoptic","CB","SWH_202410_TR_LYSB_10CM",2024,10,22,"SWH","TR","B",10,"9:10","EDT","",15.68,1305.46998584631,NA,17.7,1473.6491549413,NA,2.059,147.001078055502,"",0.028,1.998,"Within_Range",0.7081,50.554,"Within_Range",0.2105,6.7954,"Within_Range",139.132,4.3397,"Within_Range",883.5288,24.9232,"Within_Range",1.5966,4.2946,0.296,6.8915,"Within_Range","within range"
"COMPASS:Synoptic","CB","SWH_202410_TR_LYSB_20CM",2024,10,22,"SWH","TR","B",20,"9:10","EDT","",54.44,4532.51186412455,NA,26.75,2227.12513529265,NA,3.366,240.313564222836,"value above cal curve",0.0028,0.199,"bdl",1.3943,99.5469,"Within_Range",0.8693,28.0659,"Within_Range",16.0825,0.5016,"Within_Range",1093.5233,30.8469,"Within_Range",1.976,32.7706,2.1511,6.5642,"Within_Range","within range"
"COMPASS:Synoptic","CB","SWH_202410_TR_LYSB_45CM",2024,10,22,"SWH","TR","B",45,"9:10","EDT","",63.58,5293.48097577221,NA,14.57,1213.05469985846,NA,5.247,374.606438347362,"value above cal curve",0.0101,0.7177,"bdl",1.747,124.7279,"Within_Range",0.7737,24.9784,"Within_Range",5.0774,0.1584,"Within_Range",949.3023,26.7786,"Within_Range",1.7154,92.485,4.1956,4.5365,"Within_Range","within range"
"COMPASS:Synoptic","CB","SWH_202410_TR_LYSC_10CM",2024,10,22,"SWH","TR","C",10,"9:20","EDT","",23.11,1924.06960286404,NA,5.764,479.893431021564,NA,0.3678,26.2588618304097,"",0.0504,3.5953,"Within_Range",0.0634,4.5297,"Within_Range",0.0115,0.3719,"Within_Range",148.3377,4.6269,"Within_Range",1051.2423,29.6542,"Within_Range",1.8996,0,0,0,"bdl","within range"
"COMPASS:Synoptic","CB","SWH_202410_TR_LYSC_20CM",2024,10,22,"SWH","TR","C",20,"9:20","EDT","",38.59,3212.88818582966,NA,10.76,895.845474981267,NA,2.731,194.978117615141,"",0.0056,0.4022,"bdl",1.2454,88.9137,"Within_Range",0.3691,11.9164,"Within_Range",41.686,1.3002,"Within_Range",1060.5,29.9154,"Within_Range",1.9163,36.7624,3.4919,9.4985,"Within_Range","within range"
"COMPASS:Synoptic","CB","SWH_202410_TR_LYSC_45CM",2024,10,22,"SWH","TR","C",45,"9:20","EDT","",54.13,4506.70218965948,NA,10.31,858.379818499709,NA,2.253,160.851592452184,"",0,0,"bdl",1.6822,120.1002,"Within_Range",0.5643,18.2186,"Within_Range",2.8554,0.0891,"Within_Range",1268.2417,35.7755,"Within_Range",2.2917,208.5954,17.8047,8.5355,"Within_Range","within range"
"COMPASS:Synoptic","CB","SWH_202410_UP_LYSA_10CM",2024,10,22,"SWH","UP","A",10,"14:45","EDT","",5.394,449.088335692282,NA,10.2,849.221546915328,NA,0.3739,26.69436769546,"",0.0037,0.2654,"bdl",0.0253,1.8075,"Within_Range",0.0067,0.2159,"Within_Range",20.2274,0.6309,"Within_Range",15.1353,0.4269,"Within_Range",0.0274,0,0,0,"bdl","within range"
"COMPASS:Synoptic","CB","SWH_202410_UP_LYSA_20CM",2024,10,22,"SWH","UP","A",20,"14:45","EDT","",10.35,861.710099075847,NA,8.957,745.733078011823,NA,0.3271,23.3531095832709,"",0.0016,0.1119,"bdl",0.0202,1.4405,"Within_Range",0.0052,0.1691,"Within_Range",21.7398,0.6781,"Within_Range",13.4196,0.3786,"Within_Range",0.0243,0,0,0,"bdl","within range"
"COMPASS:Synoptic","CB","SWH_202410_UP_LYSA_45CM",2024,10,22,"SWH","UP","A",45,"14:45","EDT","",35.52,2957.28915161102,NA,14.86,1237.19923403547,NA,0.431,30.7709881699472,"",0.0131,0.9335,"bdl",0.0977,6.9724,"Within_Range",0.0044,0.1413,"Within_Range",13.1077,0.4088,"Within_Range",9.8588,0.2781,"Within_Range",0.0178,41.379,1.835,4.4346,"Within_Range","within range"
"COMPASS:Synoptic","CB","SWH_202410_UP_LYSB_10CM",2024,10,22,"SWH","UP","B",10,"14:55","EDT","",NA,NA,NA,14.86,1237.19923403547,NA,0.5144,36.7252814724382,"",0.0054,0.3849,"bdl",0.043,3.0683,"Within_Range",0.0374,1.2073,"Within_Range",39.025,1.2172,"Within_Range",310.975,8.7722,"Within_Range",0.562,0,0,0,"bdl","within range"
"COMPASS:Synoptic","CB","SWH_202410_UP_LYSB_20CM",2024,10,22,"SWH","UP","B",20,"14:55","EDT","",27.38,2279.57705436683,NA,9.445,786.362501040713,NA,0.4249,30.3354823048969,"",0.0032,0.232,"bdl",0.0399,2.8507,"Within_Range",0.014,0.4504,"Within_Range",14.3121,0.4464,"Within_Range",172.6986,4.8716,"Within_Range",0.3121,0,0,0,"bdl","within range"
"COMPASS:Synoptic","CB","SWH_202410_UP_LYSB_45CM",2024,10,22,"SWH","UP","B",45,"14:55","EDT","",NA,NA,NA,35.22,2932.31204728998,NA,0.9985,71.2873125004462,"",0.0024,0.17,"bdl",0.1387,9.9033,"Within_Range",0.0046,0.1492,"Within_Range",0.8934,0.0279,"Within_Range",35.8411,1.011,"Within_Range",0.0648,27.1898,1.1839,4.3541,"Within_Range","within range"
"COMPASS:Synoptic","CB","SWH_202410_UP_LYSC_10CM",2024,10,22,"SWH","UP","C",10,"15:05","EDT","",NA,NA,NA,NA,NA,NA,NA,NA,NA,NA,NA,NA,0.0262,1.8731,"Within_Range",0.0145,0.4687,"Within_Range",33.9245,1.0582,"Within_Range",236.9604,6.6844,"Within_Range",0.4282,0,0,0,"bdl","within range"
"COMPASS:Synoptic","CB","SWH_202410_UP_LYSC_20CM",2024,10,22,"SWH","UP","C",20,"15:05","EDT","",13.87,1154.77478977604,NA,12.41,1033.21954874698,NA,0.398,28.4149728344292,"",0.0239,1.7085,"bdl",0.2076,14.8184,"Within_Range",0.0046,0.1495,"Within_Range",19.0123,0.593,"Within_Range",178.9103,5.0468,"Within_Range",0.3233,0,0,0,"bdl","within range"
"COMPASS:Synoptic","CB","SWH_202410_UP_LYSC_45CM",2024,10,22,"SWH","UP","C",45,"15:05","EDT","",49.95,4158.687869453,NA,18.84,1568.56215136125,NA,0.5647,40.3164199990005,"",0,0,"bdl",NA,NA,NA,NA,NA,NA,0.4185,0.0131,"Within_Range",69.9287,1.9726,"Within_Range",0.1264,18.8744,1.1148,5.9062,"Within_Range","within range"
"COMPASS:Synoptic","CB","SWH_202410_WC_LYSA_10CM",2024,10,22,"SWH","WC","A",10,"10:20","EDT","",NA,NA,NA,9.343,777.87028557156,NA,0.4545,32.4487566664525,"",0.0156,1.117,"bdl",0.0389,2.7777,"Within_Range",0.0443,1.4302,"Within_Range",18.8033,0.5865,"Within_Range",1212.4211,34.2009,"Within_Range",2.1909,26.8074,2.9573,11.0315,"Within_Range","High CV"
"COMPASS:Synoptic","CB","SWH_202410_WC_LYSA_20CM",2024,10,22,"SWH","WC","A",20,"10:20","EDT","",NA,NA,NA,NA,NA,NA,NA,NA,NA,0.0133,0.951,"bdl",0.0322,2.2994,"Within_Range",0.0564,1.8219,"Within_Range",0.8866,0.0277,"Within_Range",795.4851,22.4396,"Within_Range",1.4375,1.7679,0.1517,8.5782,"Within_Range","within range"
"COMPASS:Synoptic","CB","SWH_202410_WC_LYSA_45CM",2024,10,22,"SWH","WC","A",45,"10:20","EDT","",NA,NA,NA,9.342,777.787028557156,NA,0.4442,31.7133943041544,"",NA,NA,NA,NA,NA,NA,NA,NA,NA,2.9745,0.0928,"Within_Range",0,0,"bdl",0,7.6122,0.3791,4.9806,"Within_Range","within range"
"COMPASS:Synoptic","CB","SWH_202410_WC_LYSB_10CM",2024,10,22,"SWH","WC","B",10,"10:30","EDT","",46.89,3903.9214053784,NA,8.417,700.774290233952,NA,0.3899,27.8366781611657,"",0.0147,1.0509,"bdl",0.049,3.4965,"Within_Range",0.2121,6.8477,"Within_Range",65.2279,2.0346,"Within_Range",0,0,"bdl",0,34.6892,0.7583,2.1859,"Within_Range","within range"
"COMPASS:Synoptic","CB","SWH_202410_WC_LYSB_20CM",2024,10,22,"SWH","WC","B",20,"10:30","EDT","",NA,NA,NA,NA,NA,NA,NA,NA,NA,0.0044,0.3163,"bdl",0.036,2.5694,"Within_Range",0.0298,0.9621,"Within_Range",1.2315,0.0384,"Within_Range",0,0,"bdl",0,2.1968,0,0,"Within_Range","within range"
"COMPASS:Synoptic","CB","SWH_202410_WC_LYSB_45CM",2024,10,22,"SWH","WC","B",45,"10:30","EDT","",NA,NA,NA,NA,NA,NA,NA,NA,NA,NA,NA,NA,NA,NA,NA,NA,NA,NA,0,0,"bdl",634.1079,17.8874,"Within_Range",1.1459,1.2835,0.1396,10.8798,"Within_Range","High CV"
"COMPASS:Synoptic","CB","SWH_202410_WC_LYSC_10CM",2024,10,22,"SWH","WC","C",10,"10:10","EDT","",45.42,3781.53359420531,NA,7.369,613.520939139122,NA,0.3435,24.5239778106192,"",0,0,"bdl",0.0215,1.534,"Within_Range",0.2996,9.674,"Within_Range",29.5047,0.9203,"Within_Range",0,0,"bdl",0,32.5195,2.1999,6.7648,"Within_Range","within range"
"COMPASS:Synoptic","CB","SWH_202410_WC_LYSC_20CM",2024,10,22,"SWH","WC","C",20,"10:10","EDT","",NA,NA,NA,7.46,621.097327449838,NA,0.3309,23.624408318876,"",0,0,"bdl",0.0353,2.5212,"Within_Range",0.0844,2.7249,"Within_Range",7.866,0.2454,"Within_Range",0,0,"bdl",0,17.8725,0.8379,4.688,"Within_Range","within range"
"COMPASS:Synoptic","CB","SWH_202410_WC_LYSC_45CM",2024,10,22,"SWH","WC","C",45,"10:10","EDT","",81.92,6820.41461993173,NA,13.13,1093.16459911748,NA,0.5422,38.7100459066018,"",0.006,0.43,"bdl",0.0274,1.9546,"Within_Range",0.1686,5.444,"Within_Range",0.2166,0.0068,"Within_Range",551.1066,15.546,"Within_Range",0.9959,18.2181,0.4888,2.6828,"Within_Range","within range"
"COMPASS:Synoptic","CB","SWH_202411_SW_A",2024,11,12,"SWH","SW","A",0,"13:10","EDT","",12.61,1049.87095162767,"IC dups out of range",5.602,466.405794688203,NA,0.4266,30.4568527918782,"",0.0533,3.8022,"Within_Range",0.0288,2.0571,"Within_Range",0.0246,0.7928,"Within_Range",239.039,7.456,"Within_Range",1794.1514,50.6108,"Within_Range",3.2421,0,0,0,"bdl","within range"
"COMPASS:Synoptic","CB","SWH_202411_SW_B",2024,11,12,"SWH","SW","B",0,"13:10","EDT","",12.64,1052.36866205978,"IC dups out of range",5.635,469.153276163517,NA,0.4051,28.9218731035861,"",0.0559,3.9919,"Within_Range",0.0414,2.9539,"Within_Range",0.024,0.7746,"Within_Range",245.0692,7.6441,"Within_Range",1832.7131,51.6985,"Within_Range",3.3117,0,0,0,"bdl","within range"
"COMPASS:Synoptic","CB","SWH_202411_SW_C",2024,11,12,"SWH","SW","C",0,"13:10","EDT","",12.67,1054.86637249188,"IC dups out of range",5.674,472.400299725252,NA,0.4204,30.0142074864172,"",0.049,3.4983,"Within_Range",0.036,2.5708,"Within_Range",0.0215,0.6954,"Within_Range",243.61,7.5986,"Within_Range",1819.0037,51.3118,"Within_Range",3.287,0,0,0,"bdl","within range"
"COMPASS:Synoptic","CB","SWH_202411_SWAMP_LYSA_10CM",2024,11,12,"SWH","SWAMP","A",10,"14:20","EDT","",11.39,948.297394055449,"IC dups out of range",9.826,818.083423528432,NA,0.9653,68.9170182841069,"",0.0049,0.3478,"bdl",0.6771,48.3401,"Within_Range",0.0102,0.3281,"Within_Range",17.5713,0.5481,"Within_Range",481.4343,13.5807,"Within_Range",0.87,41.4571,2.4636,5.9425,"Within_Range","within range"
"COMPASS:Synoptic","CB","SWH_202411_SWAMP_LYSA_20CM",2024,11,12,"SWH","SWAMP","A",20,"14:22","EDT","",13.22,1100.65773041379,"IC dups out of range",7.955,662.309549579552,NA,1.421,101.451448235487,"",0.0064,0.4571,"bdl",1.1043,78.8434,"Within_Range",0.0096,0.3095,"Within_Range",11.4971,0.3586,"Within_Range",426.187,12.0222,"Within_Range",0.7701,38.3505,1.6557,4.3172,"Within_Range","within range"
"COMPASS:Synoptic","CB","SWH_202411_SWAMP_LYSA_45CM",2024,11,12,"SWH","SWAMP","A",45,"14:25","EDT","",16.84,1402.04812255433,"IC dups out of range",4.935,410.873366081092,NA,1.263,90.1711323866435,"",0.002,0.1399,"bdl",0.8143,58.1341,"Within_Range",0.0093,0.2988,"Within_Range",0.0888,0.0028,"Within_Range",108.127,3.0501,"Within_Range",0.1954,14.0639,0.1848,1.3138,"Within_Range","within range"
"COMPASS:Synoptic","CB","SWH_202411_SWAMP_LYSB_10CM",2024,11,12,"SWH","SWAMP","B",10,"14:30","EDT","",5.504,458.246607276663,"IC dups out of range; blank is ≥ 25% of sample value",3.31,275.580717675464,NA,0.5001,35.7043414937137,"",0.0041,0.2906,"bdl",0.2043,14.5879,"Within_Range",0.007,0.2246,"Within_Range",48.1771,1.5027,"Within_Range",701.7687,19.796,"Within_Range",1.2681,0.694,0,0,"Within_Range","within range"
"COMPASS:Synoptic","CB","SWH_202411_SWAMP_LYSB_20CM",2024,11,12,"SWH","SWAMP","B",20,"14:32","EDT","",14.33,1193.07301640163,"IC dups out of range",8.053,670.468736991092,NA,1.351,96.4538399480249,"",0.0084,0.6001,"bdl",1.091,77.8938,"Within_Range",0.0125,0.403,"Within_Range",0.402,0.0125,"Within_Range",221.3418,6.2438,"Within_Range",0.4,19.1593,0.9854,5.1433,"Within_Range","within range"
"COMPASS:Synoptic","CB","SWH_202411_SWAMP_LYSB_45CM",2024,11,12,"SWH","SWAMP","B",45,"14:35","EDT","",19.45,1619.34893014737,"IC dups out of range",5.513,458.995920406294,NA,0.5552,39.6381731599877,"",0.0072,0.5115,"bdl",0.2935,20.9564,"Within_Range",0.0807,2.6059,"Within_Range",1.0131,0.0316,"Within_Range",10.9948,0.3101,"Within_Range",0.0199,13.9438,0.3066,2.1988,"Within_Range","within range"
"COMPASS:Synoptic","CB","SWH_202411_SWAMP_LYSC_10CM",2024,11,12,"SWH","SWAMP","C",10,"14:40","EDT","",7.477,622.512696694697,"IC dups out of range",11.23,934.976271750895,NA,0.6043,43.1436384016221,"",0.006,0.4258,"bdl",0.2137,15.256,"Within_Range",0.0065,0.2092,"Within_Range",64.2012,2.0025,"Within_Range",320.5941,9.0436,"Within_Range",0.5793,0,0,0,"bdl","within range"
"COMPASS:Synoptic","CB","SWH_202411_SWAMP_LYSC_20CM",2024,11,12,"SWH","SWAMP","C",20,"14:42","EDT","",11.5,957.45566563983,"IC dups out of range",12.18,1014.07043543419,NA,1.146,81.8179871061706,"",0.0086,0.6163,"bdl",0.6929,49.472,"Within_Range",0.0073,0.2344,"Within_Range",5.3821,0.1679,"Within_Range",168.5944,4.7558,"Within_Range",0.3047,72.899,5.3908,7.395,"Within_Range","within range"
"COMPASS:Synoptic","CB","SWH_202411_SWAMP_LYSC_45CM",2024,11,12,"SWH","SWAMP","C",45,"14:45","EDT","",13.64,1135.62567646324,"IC dups out of range",8.214,683.873116310049,NA,1.241,88.6004554962982,"",0.0081,0.5774,"bdl",0.9914,70.7781,"Within_Range",0.0061,0.1966,"Within_Range",1.0215,0.0319,"Within_Range",214.3739,6.0472,"Within_Range",0.3874,92.1508,5.157,5.5962,"Within_Range","within range"
"COMPASS:Synoptic","CB","SWH_202411_TR_LYSA_10CM",2024,11,12,"SWH","TR","A",10,"12:30","EDT","",13.94,1160.60278078428,"IC dups out of range",10.95,911.664307717925,NA,0.8734,62.3558725467098,"",0.0325,2.3173,"Within_Range",0.2854,20.3765,"Within_Range",0.0283,0.914,"Within_Range",192.6498,6.009,"Within_Range",1235.9979,34.8659,"Within_Range",2.2335,9.9267,0.2464,2.4818,"Within_Range","within range"
"COMPASS:Synoptic","CB","SWH_202411_TR_LYSA_20CM",2024,11,12,"SWH","TR","A",20,"12:35","EDT","",35.59,2963.11714261927,"IC dups out of range",12.5,1040.71268004329,NA,2.098,149.78545981566,"",0.0016,0.1143,"bdl",1.9256,137.4755,"Within_Range",0.5687,18.3618,"adl",31.033,0.968,"Within_Range",1089.4313,30.7315,"Within_Range",1.9686,49.3542,1.7031,3.4508,"Within_Range","within range"
"COMPASS:Synoptic","CB","SWH_202411_TR_LYSA_45CM",2024,11,12,"SWH","TR","A",45,"12:40","EDT","",38.08,3170.42710848389,"IC dups out of range",15.51,1291.31629339772,NA,2.392,170.775414623002,"",0.0018,0.1259,"bdl",1.5567,111.1407,"Within_Range",0.159,5.1324,"Within_Range",1.0642,0.0332,"Within_Range",1064.6939,30.0337,"Within_Range",1.9239,167.4916,8.9921,5.3687,"adl","within range"
"COMPASS:Synoptic","CB","SWH_202411_TR_LYSB_10CM",2024,11,12,"SWH","TR","B",10,"12:45","EDT","",8.676,722.337856964449,"IC dups out of range",11.74,977.437349096662,NA,1.192,85.1021296950745,"",0.043,3.0705,"Within_Range",0.3652,26.075,"Within_Range",0.0331,1.0693,"Within_Range",224.3536,6.9979,"Within_Range",858.0409,24.2043,"Within_Range",1.5505,0,0,0,"bdl","within range"
"COMPASS:Synoptic","CB","SWH_202411_TR_LYSB_20CM",2024,11,12,"SWH","TR","B",20,"12:50","EDT","",0,0,"IC dups out of range; blank is ≥ 25% of sample value",24.16,2011.48946798768,NA,3.434,245.168383702085,"value above cal curve",0.0036,0.2559,"bdl",1.8362,131.0929,"Within_Range",0.6745,21.7769,"adl",16.9639,0.5291,"Within_Range",914.4862,25.7965,"Within_Range",1.6525,15.7624,0.9854,6.2518,"Within_Range","within range"
"COMPASS:Synoptic","CB","SWH_202411_TR_LYSB_45CM",2024,11,12,"SWH","TR","B",45,"12:55","EDT","",61.52,5121.97152610107,"IC dups out of range",13.37,1113.14628257431,NA,5.303,378.604524977332,"value above cal curve",0.0051,0.363,"bdl",3.6895,263.4103,"Within_Range",0.7626,24.621,"adl",0.6297,0.0196,"Within_Range",921.258,25.9875,"Within_Range",1.6647,91.9754,4.5576,4.9553,"Within_Range","within range"
"COMPASS:Synoptic","CB","SWH_202411_TR_LYSC_10CM",2024,11,12,"SWH","TR","C",10,"13:00","EDT","",18.25,1519.44051286321,"IC dups out of range",4.724,393.306136041962,NA,0.3335,23.8100337695531,"",0.0358,2.5585,"Within_Range",0.0306,2.1845,"Within_Range",0.0151,0.4884,"Within_Range",147.2583,4.5932,"Within_Range",849.1841,23.9544,"Within_Range",1.5345,0,0,0,"bdl","within range"
"COMPASS:Synoptic","CB","SWH_202411_TR_LYSC_20CM",2024,11,12,"SWH","TR","C",20,"13:05","EDT","",35.73,2974.77312463575,"IC dups out of range",9.516,792.273749063359,NA,1.951,139.290482411989,"",0.0064,0.4544,"bdl",1.4592,104.1766,"Within_Range",0.3245,10.4774,"adl",27.7312,0.865,"Within_Range",858.1249,24.2066,"Within_Range",1.5507,33.8503,3.0576,9.0328,"Within_Range","within range"
"COMPASS:Synoptic","CB","SWH_202411_TR_LYSC_45CM",2024,11,12,"SWH","TR","C",45,"13:10","EDT","",53.28,4435.93372741654,"IC dups out of range",10.45,870.035800516193,NA,3.197,228.24790992882,"value above cal curve",0.0039,0.2802,"bdl",2.6394,188.4405,"Within_Range",0.563,18.1768,"adl",1.1827,0.0369,"Within_Range",1155.821,32.6043,"Within_Range",2.0886,95.7207,5.9126,6.1769,"Within_Range","within range"
"COMPASS:Synoptic","CB","SWH_202411_UP_LYSA_10CM",2024,11,12,"SWH","UP","A",10,"14:50","EDT","",3.132,260.760969111648,"IC dups out of range; blank is ≥ 25% of sample value",10.46,870.868370660228,NA,0.4063,29.0075463885141,"",0.0062,0.4447,"bdl",0.0113,0.806,"bdl",0.0108,0.3477,"Within_Range",17.3473,0.5411,"Within_Range",14.5148,0.4094,"Within_Range",0.0263,0,0,0,"bdl","within range"
"COMPASS:Synoptic","CB","SWH_202411_UP_LYSA_20CM",2024,11,12,"SWH","UP","A",20,"14:55","EDT","",5.006,416.784614103738,"IC dups out of range; blank is ≥ 25% of sample value",8.729,726.750478727833,NA,0.3279,23.4102251065561,"",0.0095,0.6807,"bdl",0.012,0.8569,"bdl",0.0078,0.2518,"Within_Range",19.9741,0.623,"Within_Range",9.6575,0.2724,"Within_Range",0.0175,0,0,0,"bdl","within range"
"COMPASS:Synoptic","CB","SWH_202411_UP_LYSA_45CM",2024,11,12,"SWH","UP","A",45,"15:00","EDT","",15.5,1290.48372325368,"IC dups out of range",13.47,1121.47198401465,NA,0.4663,33.2912106349104,"",0.0091,0.6466,"bdl",0.0739,5.2738,"Within_Range",0.0057,0.1853,"Within_Range",11.3964,0.3555,"Within_Range",10.3404,0.2917,"Within_Range",0.0187,40.5889,3.8381,9.4561,"Within_Range","within range"
"COMPASS:Synoptic","CB","SWH_202411_UP_LYSB_10CM",2024,11,12,"SWH","UP","B",10,"15:05","EDT","",3.023,251.68595454167,"IC dups out of range; blank is ≥ 25% of sample value",14.98,1247.19007576388,NA,0.5209,37.1893450991311,"",0.004,0.2851,"bdl",0.0112,0.796,"bdl",0.0206,0.6638,"Within_Range",35.8882,1.1194,"Within_Range",274.0088,7.7294,"Within_Range",0.4952,0,0,0,"bdl","within range"
"COMPASS:Synoptic","CB","SWH_202411_UP_LYSB_20CM",2024,11,12,"SWH","UP","B",20,"15:10","EDT","",11.62,967.446507368246,"IC dups out of range",9.971,830.155690616935,NA,0.3969,28.336438989912,"",0.0017,0.1244,"bdl",0.0207,1.4807,"Within_Range",0.0101,0.3262,"Within_Range",18.683,0.5828,"Within_Range",155.9289,4.3986,"Within_Range",0.2818,0,0,0,"bdl","within range"
"COMPASS:Synoptic","CB","SWH_202411_UP_LYSB_45CM",2024,11,12,"SWH","UP","B",45,"15:15","EDT","",NA,NA,NA,33.33,2774.95629006744,NA,0.928,66.2540070109305,"",0.0077,0.5529,"bdl",0.0573,4.0944,"Within_Range",0.0057,0.1835,"Within_Range",1.2378,0.0386,"Within_Range",30.4547,0.8591,"Within_Range",0.0551,48.5297,4.5489,9.3734,"Within_Range","within range"
"COMPASS:Synoptic","CB","SWH_202411_UP_LYSC_10CM",2024,11,12,"SWH","UP","C",10,"15:20","EDT","",NA,NA,NA,NA,NA,NA,NA,NA,NA,0.0125,0.8948,"bdl",0.0271,1.9313,"Within_Range",0.0224,0.7226,"Within_Range",31.0107,0.9673,"Within_Range",356.7942,10.0647,"Within_Range",0.6448,0,0,0,"bdl","within range"
"COMPASS:Synoptic","CB","SWH_202411_UP_LYSC_20CM",2024,11,12,"SWH","UP","C",20,"15:25","EDT","",5.291,440.512863208725,"IC dups out of range; blank is ≥ 25% of sample value",13.18,1097.32744983765,NA,0.7801,55.6947746435634,"",0.2257,16.1164,"Within_Range",0.023,1.6439,"Within_Range",0.0172,0.5549,"Within_Range",19.0013,0.5927,"Within_Range",165.3152,4.6633,"Within_Range",0.2988,0,0,0,"bdl","within range"
"COMPASS:Synoptic","CB","SWH_202411_UP_LYSC_45CM",2024,11,12,"SWH","UP","C",45,"15:30","EDT","",20.63,1717.59220714345,"IC dups out of range",16.15,1344.60078261594,NA,0.5398,38.538699336746,"",0.0048,0.3447,"bdl",0.1718,12.269,"Within_Range",0.0058,0.1867,"Within_Range",0.1223,0.0038,"Within_Range",72.1317,2.0347,"Within_Range",0.1304,20.5965,0.5543,2.6913,"Within_Range","within range"
"COMPASS:Synoptic","CB","SWH_202411_WC_LYSA_10CM",2024,11,12,"SWH","WC","A",10,"13:30","EDT","",33.79,2813.25451669303,"IC dups out of range",7.483,623.012238781117,NA,0.3939,28.1222557775922,"",0,0,"bdl",0.0256,1.8262,"Within_Range",0.0281,0.9079,"Within_Range",58.5314,1.8257,"Within_Range",1342.5893,37.8728,"Within_Range",2.4261,56.8702,3.1273,5.4991,"Within_Range","within range"
"COMPASS:Synoptic","CB","SWH_202411_WC_LYSA_20CM",2024,11,12,"SWH","WC","A",20,"13:35","EDT","",NA,NA,NA,9.989,831.654316876197,NA,0.4348,31.0422869055523,"",NA,NA,NA,NA,NA,NA,NA,NA,NA,0.7739,0.0241,"Within_Range",866.5095,24.4431,"Within_Range",1.5658,5.8788,0.7972,13.56,"Within_Range","High CV"
"COMPASS:Synoptic","CB","SWH_202411_WC_LYSA_45CM",2024,11,12,"SWH","WC","A",45,"13:40","EDT","",NA,NA,NA,7.82,651.069852635085,NA,0.4083,29.1503351967273,"",0.0045,0.3193,"bdl",0.0345,2.4666,"Within_Range",0.0464,1.4971,"Within_Range",7.9039,0.2465,"Within_Range",888.0091,25.0496,"Within_Range",1.6047,16.2418,1.4717,9.0611,"Within_Range","within range"
"COMPASS:Synoptic","CB","SWH_202411_WC_LYSB_10CM",2024,11,12,"SWH","WC","B",10,"13:45","EDT","",47.87,3985.5132794938,"IC dups out of range",7.079,589.376404962118,NA,0.3813,27.2226862858489,"",0.0044,0.3161,"bdl",0.0376,2.6829,"Within_Range",0.2453,7.9184,"Within_Range",92.5616,2.8871,"Within_Range",1411.4369,39.8149,"Within_Range",2.5505,29.0186,1.7373,5.9868,"Within_Range","within range"
"COMPASS:Synoptic","CB","SWH_202411_WC_LYSB_20CM",2024,11,12,"SWH","WC","B",20,"13:50","EDT","",NA,NA,NA,7.998,665.889601198901,NA,0.3959,28.2650445858054,"",NA,NA,NA,NA,NA,NA,NA,NA,NA,1.8574,0.0579,"Within_Range",1193.3805,33.6638,"Within_Range",2.1565,4.3178,0.184,4.2605,"Within_Range","within range"
"COMPASS:Synoptic","CB","SWH_202411_WC_LYSB_45CM",2024,11,12,"SWH","WC","B",45,"13:55","EDT","",NA,NA,NA,NA,NA,NA,NA,NA,NA,0.0087,0.6187,"bdl",0.0295,2.1061,"Within_Range",0.0475,1.533,"Within_Range",0.2319,0.0072,"Within_Range",707.2727,19.9513,"Within_Range",1.2781,2.6268,0.1226,4.6688,"Within_Range","within range"
"COMPASS:Synoptic","CB","SWH_202411_WC_LYSC_10CM",2024,11,12,"SWH","WC","C",10,"14:00","EDT","",41.64,3466.82207976022,"IC dups out of range",6.868,571.809174922987,NA,0.3467,24.7524399037603,"",0.0044,0.3149,"bdl",0.0318,2.2708,"Within_Range",0.3506,11.3195,"adl",31.0999,0.9701,"Within_Range",1384.0458,39.0422,"Within_Range",2.501,21.3583,1.5777,7.387,"Within_Range","within range"
"COMPASS:Synoptic","CB","SWH_202411_WC_LYSC_20CM",2024,11,12,"SWH","WC","C",20,"14:05","EDT","",48.09,4003.82982266256,"IC dups out of range",6.312,525.518274914662,NA,0.3338,23.8314520907851,"",0.0016,0.1159,"bdl",0.0275,1.9661,"Within_Range",0.0639,2.0644,"Within_Range",53.9263,1.682,"Within_Range",1232.7424,34.7741,"Within_Range",2.2276,16.3719,1.2877,7.8655,"Within_Range","within range"
"COMPASS:Synoptic","CB","SWH_202411_WC_LYSC_45CM",2024,11,12,"SWH","WC","C",45,"14:10","EDT","",72.07,6000.33302805761,"IC dups out of range",11.27,938.306552327034,NA,0.4774,34.0836885204938,"",0.0069,0.4911,"bdl",0.0285,2.0338,"Within_Range",0.1417,4.5745,"Within_Range",0,0,"bdl",605.8641,17.0907,"Within_Range",1.0948,8.6972,0.1226,1.4101,"Within_Range","within range"
"COMPASS:Synoptic","CB","GWI_202411_SW_A",2024,11,14,"GWI","SW","A",0,"10:00","EDT","",19.25,1602.69752726667,"IC dups out of range",3.097,257.846973607526,NA,0.3065,21.8823848586748,"",0.0147,1.0477,"bdl",0.3973,28.3639,"Within_Range",0.0124,0.3993,"Within_Range",1628.489,50.795,"Within_Range",12140.6575,342.4727,"Within_Range",21.9382,0,0,0,"bdl","within range"
"COMPASS:Synoptic","CB","GWI_202411_SW_B",2024,11,14,"GWI","SW","B",0,"10:00","EDT","",19.31,1607.69294813088,"IC dups out of range",2.946,245.275164432603,NA,0.2854,20.3759629320254,"",0.01,0.7167,"bdl",0.4805,34.3074,"Within_Range",0.01,0.3226,"Within_Range",1635.3805,51.01,"Within_Range",12217.9901,344.6542,"Within_Range",22.0779,0,0,0,"bdl","within range"
"COMPASS:Synoptic","CB","GWI_202411_SW_C",2024,11,14,"GWI","SW","C",0,"10:00","EDT","",19.33,1609.35808841895,"IC dups out of range",2.935,244.359337274165,NA,0.3041,21.7110382888189,"",0.0074,0.526,"bdl",0.4041,28.853,"Within_Range",0.0115,0.3721,"Within_Range",1649.3482,51.4457,"Within_Range",12205.9035,344.3132,"Within_Range",22.0561,0,0,0,"bdl","within range"
"COMPASS:Synoptic","CB","GWI_202411_TR_LYSA_10CM",2024,11,14,"GWI","TR","A",10,"12:00","EDT","",28.68,2387.81117309133,"IC dups out of range",27.85,2318.70785113646,NA,0.9713,69.3453847087465,"",0.0147,1.0475,"bdl",0.5895,42.0864,"Within_Range",0.0069,0.2242,"Within_Range",1552.1425,48.4137,"Within_Range",12036.2573,339.5277,"Within_Range",21.7495,2.0213,0.2021,9.999,"Within_Range","within range"
"COMPASS:Synoptic","CB","GWI_202411_TR_LYSA_20CM",2024,11,14,"GWI","TR","A",20,"12:05","EDT","",49.42,4114.56165181917,"IC dups out of range",71.34,5939.55540754309,NA,1.757,125.439968015307,"",NA,NA,NA,NA,NA,NA,NA,NA,NA,1023.2611,31.9171,"Within_Range",11294.133,318.5933,"Within_Range",20.4085,1.4973,0,0,"Within_Range","within range"
"COMPASS:Synoptic","CB","GWI_202411_TR_LYSA_45CM",2024,11,14,"GWI","TR","A",45,"12:07","EDT","",NA,NA,NA,NA,NA,NA,NA,NA,NA,NA,NA,NA,NA,NA,NA,NA,NA,NA,827.4382,25.8091,"Within_Range",9415.1641,265.59,"Within_Range",17.0132,0,0,0,"bdl","within range"
"COMPASS:Synoptic","CB","GWI_202411_TR_LYSB_10CM",2024,11,14,"GWI","TR","B",10,"12:10","EDT","",9.632,801.93156273416,"IC dups out of range",13.73,1143.11880775955,NA,0.6222,44.4215982351303,"",0.0281,2.0045,"Within_Range",0.6016,42.954,"Within_Range",0.0049,0.1589,"Within_Range",1927.0838,60.1087,"Within_Range",13838.8427,390.3764,"Within_Range",25.0068,0,0,0,"bdl","within range"
"COMPASS:Synoptic","CB","GWI_202411_TR_LYSB_20CM",2024,11,14,"GWI","TR","B",20,"12:15","EDT","",NA,NA,NA,48.03,3998.83440179835,NA,1.447,103.307702742259,"",0.007,0.5005,"bdl",0.5926,42.3073,"Within_Range",0.0114,0.3676,"Within_Range",1207.5492,37.6653,"Within_Range",11629.3318,328.0489,"Within_Range",21.0142,59.7742,4.0761,6.8192,"Within_Range","within range"
"COMPASS:Synoptic","CB","GWI_202411_TR_LYSB_45CM",2024,11,14,"GWI","TR","B",45,"12:20","EDT","",NA,NA,NA,23.49,1955.70726833736,NA,0.7986,57.0155711195357,"",0.0067,0.4769,"bdl",0.5963,42.5703,"Within_Range",0.0113,0.3643,"Within_Range",1168.0789,36.4342,"Within_Range",9722.1789,274.2505,"Within_Range",17.568,17.6942,1.7645,9.9724,"Within_Range","within range"
"COMPASS:Synoptic","CB","GWI_202411_TR_LYSC_10CM",2024,11,14,"GWI","TR","C",10,"12:25","EDT","",10.08,839.230705186912,"IC dups out of range",13.19,1098.16001998168,NA,0.7702,54.987970042908,"",0.2149,15.3428,"Within_Range",0.7095,50.6574,"Within_Range",0.0064,0.2054,"Within_Range",1756.7779,54.7966,"Within_Range",12875.4586,363.2005,"Within_Range",23.266,0,0,0,"bdl","within range"
"COMPASS:Synoptic","CB","GWI_202411_TR_LYSC_20CM",2024,11,14,"GWI","TR","C",20,"12:29","EDT","",14.7,1223.87811173091,"IC dups out of range",19.56,1628.50720173175,NA,0.7514,53.6457552457038,"",0.0337,2.4063,"Within_Range",0.6754,48.2211,"Within_Range",0.0067,0.2152,"Within_Range",1581.3101,49.3235,"Within_Range",11917.8981,336.1889,"Within_Range",21.5357,11.5012,0.2695,2.3431,"Within_Range","within range"
"COMPASS:Synoptic","CB","GWI_202411_TR_LYSC_45CM",2024,11,14,"GWI","TR","C",45,"12:29","EDT","",NA,NA,NA,NA,NA,NA,NA,NA,NA,0.0198,1.4113,"bdl",1.2691,90.6079,"Within_Range",0.0229,0.7408,"Within_Range",NA,NA,NA,NA,NA,NA,NA,NA,NA,NA,NA,NA
"COMPASS:Synoptic","CB","GWI_202411_UP_LYSA_20CM",2024,11,14,"GWI","UP","A",20,"12:35","EDT","",15.58,1297.14428440596,"IC dups out of range",19.62,1633.50262259595,NA,0.6218,44.3930404734877,"",0.0295,2.1076,"Within_Range",0.1556,11.1057,"Within_Range",0.0098,0.3175,"Within_Range",565.4046,17.6358,"Within_Range",4806.6608,135.5899,"Within_Range",8.6857,5.4989,0.8084,14.7019,"Within_Range","High CV"
"COMPASS:Synoptic","CB","GWI_202411_UP_LYSA_45CM",2024,11,14,"GWI","UP","A",45,"12:40","EDT","",8.909,741.736741320456,"IC dups out of range",26.65,2218.7994338523,NA,0.7509,53.6100580436505,"",0.0119,0.8478,"bdl",0.117,8.3555,"Within_Range",0.0116,0.3732,"Within_Range",943.8581,29.4404,"Within_Range",8363.4366,235.922,"Within_Range",15.1128,0,0,0,"bdl","within range"
"COMPASS:Synoptic","CB","GWI_202411_UP_LYSB_10CM",2024,11,14,"GWI","UP","B",10,"12:42","EDT","",4.115,342.602614270252,"IC dups out of range; blank is ≥ 25% of sample value",24.71,2057.28082590958,NA,0.7918,56.5300891716107,"",0.0137,0.9806,"bdl",0.1597,11.4048,"Within_Range",0.0614,1.9824,"Within_Range",705.8326,22.016,"Within_Range",6236.6504,175.9281,"Within_Range",11.2697,0,0,0,"bdl","within range"
"COMPASS:Synoptic","CB","GWI_202411_UP_LYSB_20CM",2024,11,14,"GWI","UP","B",20,"12:45","EDT","",11.58,964.116226792107,"IC dups out of range",30.75,2560.1531929065,NA,0.9166,65.4401108041152,"",0.0216,1.5395,"bdl",0.2837,20.2558,"Within_Range",0.0168,0.5431,"Within_Range",616.0324,19.215,"Within_Range",5418.4171,152.8467,"Within_Range",9.7911,5.5465,0.0674,1.2146,"Within_Range","within range"
"COMPASS:Synoptic","CB","GWI_202411_UP_LYSB_45CM",2024,11,14,"GWI","UP","B",45,"12:50","EDT","",25.72,2141.37041045708,"IC dups out of range",38.08,3170.42710848389,NA,1.114,79.5333661747592,"",0.0586,4.1837,"Within_Range",0.1564,11.1674,"Within_Range",0.0101,0.3249,"Within_Range",700.0831,21.8367,"Within_Range",5867.5021,165.5149,"Within_Range",10.6026,0,0,0,"bdl","within range"
"COMPASS:Synoptic","CB","GWI_202411_UP_LYSC_20CM",2024,11,14,"GWI","UP","C",20,"12:55","EDT","",NA,NA,NA,47.06,3918.07509782699,NA,1.324,94.5261910371465,"",0.0092,0.654,"bdl",0.5452,38.923,"Within_Range",0.0264,0.8534,"Within_Range",835.1933,26.0509,"Within_Range",7685.3359,216.7937,"Within_Range",13.8874,0,0,0,"bdl","within range"
"COMPASS:Synoptic","CB","GWI_202411_WC_LYSA_10CM",2024,11,14,"GWI","WC","A",10,"11:35","EDT","",30,2497.71043210391,"IC dups out of range",13.98,1163.93306136042,NA,0.7687,54.8808784367481,"",0.0421,3.0046,"Within_Range",0.6188,44.1754,"Within_Range",0.0051,0.1657,"Within_Range",1940.6262,60.5311,"Within_Range",13818.1213,389.7919,"Within_Range",24.9694,0,0,0,"bdl","within range"
"COMPASS:Synoptic","CB","GWI_202411_WC_LYSA_20CM",2024,11,14,"GWI","WC","A",20,"11:37","EDT","",NA,NA,NA,50.26,4184.49754391808,NA,1.847,131.865464384901,"",0.0328,2.3444,"Within_Range",0.6114,43.6503,"Within_Range",0.0107,0.3445,"Within_Range",1773.3146,55.3124,"Within_Range",12731.3475,359.1353,"Within_Range",23.0056,2.2595,0.165,7.3035,"Within_Range","within range"
"COMPASS:Synoptic","CB","GWI_202411_WC_LYSA_45CM",2024,11,14,"GWI","WC","A",45,"11:40","EDT","",43.54,3625.0104071268,"IC dups out of range",35.02,2915.66064440929,NA,1.414,100.951687406741,"",0.0057,0.4046,"bdl",0.4446,31.7435,"Within_Range",0.0088,0.2854,"Within_Range",1353.5683,42.2198,"Within_Range",12440.9997,350.945,"Within_Range",22.4809,0,0,0,"bdl","within range"
"COMPASS:Synoptic","CB","GWI_202411_WC_LYSB_10CM",2024,11,14,"GWI","WC","B",10,"11:42","EDT","",41.41,3447.67296644742,"IC dups out of range",15.3,1273.83232037299,NA,0.7861,56.1231410682031,"",0.0109,0.7754,"bdl",0.64,45.6913,"Within_Range",0.0079,0.2556,"Within_Range",2055.8944,64.1265,"Within_Range",14932.9711,421.2404,"Within_Range",26.9839,0,0,0,"bdl","within range"
"COMPASS:Synoptic","CB","GWI_202411_WC_LYSB_20CM",2024,11,14,"GWI","WC","B",20,"11:45","EDT","",60.59,5044.54250270585,"IC dups out of range",27.68,2304.55415868787,NA,1.215,86.7442009895264,"",0.0096,0.6832,"bdl",0.8127,58.0254,"Within_Range",0.0073,0.2358,"Within_Range",1956.0361,61.0117,"Within_Range",13468.6809,379.9346,"Within_Range",24.3379,0,0,0,"bdl","within range"
"COMPASS:Synoptic","CB","GWI_202411_WC_LYSB_45CM",2024,11,14,"GWI","WC","B",45,"11:50","EDT","",53.42,4447.58970943302,"IC dups out of range",60.75,5057.86362501041,NA,1.942,138.647932775029,"",0.0107,0.7657,"bdl",0.7997,57.097,"Within_Range",0.0094,0.3043,"Within_Range",1628.7008,50.8016,"Within_Range",13499.8891,380.8149,"Within_Range",24.3943,0,0,0,"bdl","within range"
"COMPASS:Synoptic","CB","GWI_202411_WC_LYSC_10CM",2024,11,14,"GWI","WC","C",10,"11:52","EDT","",42.66,3551.74423445175,"IC dups out of range",13.63,1134.79310631921,NA,0.7627,54.4525120121085,"",0.0174,1.243,"bdl",0.6668,47.6061,"Within_Range",0.0137,0.4415,"Within_Range",2074.9477,64.7208,"Within_Range",14077.0104,397.0948,"Within_Range",25.4372,0,0,0,"bdl","within range"
"COMPASS:Synoptic","CB","GWI_202411_WC_LYSC_45CM",2024,11,14,"GWI","WC","C",45,"11:55","EDT","",NA,NA,NA,NA,NA,NA,NA,NA,NA,NA,NA,NA,NA,NA,NA,NA,NA,NA,1441.7097,44.9691,"Within_Range",13193.5819,372.1744,"Within_Range",23.8408,0,0,0,"bdl","within range"
"COMPASS:Synoptic","CB","GCW_202411_SW_A",2024,11,19,"GCW","SW","A",0,"10:14","EST","",19.44,1618.51636000333,"IC dups out of range",4.242,353.176255099492,NA,0.5064,36.1541262395853,"",0.0424,3.0258,"Within_Range",0.1027,7.3345,"Within_Range",0.0404,1.3031,"Within_Range",1235.1054,38.5248,"Within_Range",9214.8406,259.9391,"Within_Range",16.6512,NA,NA,NA,NA,NA
"COMPASS:Synoptic","CB","GCW_202411_SW_B",2024,11,19,"GCW","SW","B",0,"10:14","EST","",19.1,1590.20897510615,"IC dups out of range",4.272,355.673965531596,NA,0.4601,32.8485653294495,"",0.0181,1.29,"bdl",0.386,27.5568,"Within_Range",0.042,1.3571,"Within_Range",1201.9993,37.4922,"Within_Range",8952.8983,252.55,"Within_Range",16.1779,NA,NA,NA,NA,NA
"COMPASS:Synoptic","CB","GCW_202411_SW_C",2024,11,19,"GCW","SW","C",0,"10:14","EST","",18.92,1575.22271251353,"IC dups out of range",4.276,356.00699358921,NA,0.4376,31.2421912370508,"",0.0228,1.6254,"bdl",0.3156,22.5356,"Within_Range",0.048,1.5512,"Within_Range",1160.2086,36.1887,"Within_Range",8598.3017,242.5473,"Within_Range",15.5372,NA,NA,NA,NA,NA
"COMPASS:Synoptic","CB","GCW_202411_TR_LYSA_20CM",2024,11,19,"GCW","TR","A",20,"11:58","EST","Collected on 11-19-2024, but then left overnight and collected some also on 11-20-2024",6.483,539.755224377654,"IC dups out of range",3.996,332.69502955624,NA,0.3428,24.4740017277446,"",0.009,0.6437,"bdl",0.0439,3.1316,"Within_Range",0.0051,0.1645,"Within_Range",131.2691,4.0945,"Within_Range",2727.4527,76.938,"Within_Range",4.9285,NA,NA,NA,NA,NA
"COMPASS:Synoptic","CB","GCW_202411_TR_LYSA_45CM",2024,11,19,"GCW","TR","A",45,"11:58","EST","Collected on 11-19-2024, but then left overnight and collected some also on 11-20-2024",NA,NA,NA,3.355,279.32728332362,NA,1.036,73.9646026544439,"",0.0033,0.2371,"bdl",1.4096,100.6411,"Within_Range",0.0284,0.9182,"Within_Range",3.9598,0.1235,"Within_Range",682.5589,19.2541,"Within_Range",1.2334,NA,NA,NA,NA,NA
"COMPASS:Synoptic","CB","GCW_202411_TR_LYSB_10CM",2024,11,19,"GCW","TR","B",10,"12:03","EST","Collected on 11-19-2024, but then left overnight and collected some also on 11-20-2024",2.683,223.378569644493,"IC dups out of range; blank is ≥ 25% of sample value",4.916,409.291482807427,NA,0.2497,17.8271827054195,"",0.0097,0.69,"bdl",0.0898,6.4145,"Within_Range",0.0126,0.4055,"Within_Range",623.7935,19.4571,"Within_Range",5027.8539,141.8294,"Within_Range",9.0854,NA,NA,NA,NA,NA
"COMPASS:Synoptic","CB","GCW_202411_TR_LYSB_20CM",2024,11,19,"GCW","TR","B",20,"12:03","EST","Collected on 11-19-2024, but then left overnight and collected some also on 11-20-2024",8.445,703.105486637249,"IC dups out of range",3.127,260.34468403963,NA,1.113,79.4619717706526,"",0.0164,1.1735,"bdl",0.8429,60.178,"Within_Range",0.0212,0.6854,"Within_Range",281.7166,8.7872,"Within_Range",3835.4973,108.1946,"Within_Range",6.9308,NA,NA,NA,NA,NA
"COMPASS:Synoptic","CB","GCW_202411_TR_LYSB_45CM",2024,11,19,"GCW","TR","B",45,"12:03","EST","Collected on 11-19-2024, but then left overnight and collected some also on 11-20-2024",23.04,1918.2416118558,"IC dups out of range",4.333,360.752643410207,NA,1.548,110.518537557026,"",NA,NA,NA,NA,NA,NA,NA,NA,NA,1.6712,0.0521,"Within_Range",1579.905,44.5671,"Within_Range",2.8549,NA,NA,NA,NA,NA
"COMPASS:Synoptic","CB","GCW_202411_TR_LYSC_10CM",2024,11,19,"GCW","TR","C",10,"12:09","EST","Collected on 11-19-2024, but then left overnight and collected some also on 11-20-2024",NA,NA,NA,12.47,1038.21496961119,NA,0.4907,35.0332340951116,"",0.0119,0.8462,"bdl",0.1101,7.8641,"Within_Range",0.0161,0.5201,"Within_Range",481.7202,15.0256,"Within_Range",4438.8123,125.2133,"Within_Range",8.021,NA,NA,NA,NA,NA
"COMPASS:Synoptic","CB","GCW_202411_TR_LYSC_20CM",2024,11,19,"GCW","TR","C",20,"12:09","EST","Collected on 11-19-2024, but then left overnight and collected some also on 11-20-2024",5.111,425.526600616102,"IC dups out of range; blank is ≥ 25% of sample value",4.862,404.795604029639,NA,0.2685,19.1693975026237,"",0.0046,0.3292,"bdl",0.0221,1.5758,"Within_Range",0.0068,0.219,"Within_Range",217.5239,6.7849,"Within_Range",3250.9539,91.7053,"Within_Range",5.8745,NA,NA,NA,NA,NA
"COMPASS:Synoptic","CB","GCW_202411_TR_LYSC_45CM",2024,11,19,"GCW","TR","C",45,"12:09","EST","",NA,NA,NA,4.062,338.189992506869,NA,1.527,109.019255070788,"",0.0063,0.4483,"bdl",1.5601,111.3843,"Within_Range",0.0235,0.7591,"Within_Range",1.6245,0.0507,"Within_Range",2138.3656,60.3206,"Within_Range",3.8641,NA,NA,NA,NA,NA
"COMPASS:Synoptic","CB","GCW_202411_WC_LYSA_10CM",2024,11,19,"GCW","WC","A",10,"10:42","EST","",107.6,8958.45474981267,"IC dups out of range",9.829,818.333194571643,NA,0.8915,63.6481112610393,"",0.0081,0.5792,"bdl",0.3545,25.3079,"Within_Range",0.2093,6.7568,"Within_Range",552.3935,17.23,"Within_Range",6542.8644,184.566,"Within_Range",11.823,NA,NA,NA,NA,NA
"COMPASS:Synoptic","CB","GCW_202411_WC_LYSA_20CM",2024,11,19,"GCW","WC","A",20,"10:42","EST","",135.6,11289.6511531096,"IC dups out of range",11.3,940.804262759138,NA,1.903,135.863551014871,"",0.0416,2.9721,"Within_Range",0.3854,27.5123,"Within_Range",0.1243,4.0128,"Within_Range",419.3959,13.0816,"Within_Range",6378.6133,179.9327,"Within_Range",11.5262,NA,NA,NA,NA,NA
"COMPASS:Synoptic","CB","GCW_202411_WC_LYSA_45CM",2024,11,19,"GCW","WC","A",45,"10:42","EST","",181.3,15094.4967113479,"IC dups out of range",41.34,3441.84497543918,NA,4.674,333.697444794277,"value above cal curve",0.0053,0.3765,"bdl",2.3854,170.305,"Within_Range",0.1119,3.6127,"Within_Range",113.0152,3.5251,"Within_Range",6117.4969,172.5669,"Within_Range",11.0543,NA,NA,NA,NA,NA
"COMPASS:Synoptic","CB","GCW_202411_WC_LYSB_10CM",2024,11,19,"GCW","WC","B",10,"10:50","EST","",112.3,9349.76271750895,"IC dups out of range",10.03,835.067854466739,NA,1.392,99.3810105163957,"",0.0245,1.7519,"bdl",0.5505,39.304,"Within_Range",0.1718,5.5482,"Within_Range",542.6566,16.9263,"Within_Range",6267.9079,176.8098,"Within_Range",11.3261,NA,NA,NA,NA,NA
"COMPASS:Synoptic","CB","GCW_202411_WC_LYSB_20CM",2024,11,19,"GCW","WC","B",20,"10:50","EST","",148.5,12363.6666389143,"IC dups out of range",10.34,860.877528931813,NA,2.189,156.282350589361,"",0.0096,0.6837,"bdl",0.6828,48.7486,"Within_Range",0.0383,1.2365,"Within_Range",368.5794,11.4966,"Within_Range",6390.697,180.2735,"Within_Range",11.548,NA,NA,NA,NA,NA
"COMPASS:Synoptic","CB","GCW_202411_WC_LYSB_45CM",2024,11,19,"GCW","WC","B",45,"10:50","EST","",176.2,14669.8859378903,"IC dups out of range",33.62,2799.10082424444,NA,4.603,328.628442102708,"value above cal curve",0.0414,2.9555,"Within_Range",0.7845,56.0106,"Within_Range",0.1594,5.1449,"Within_Range",77.4691,2.4164,"Within_Range",5733.7884,161.743,"Within_Range",10.361,NA,NA,NA,NA,NA
"COMPASS:Synoptic","CB","GCW_202411_WC_LYSC_10CM",2024,11,19,"GCW","WC","C",10,"11:05","EST","",46.39,3862.29289817667,"IC dups out of range",5.75,478.727832819915,NA,0.5106,36.4539827368331,"",0,0,"bdl",0.2299,16.4124,"Within_Range",0.0535,1.7257,"Within_Range",1044.0764,32.5663,"Within_Range",7799.589,220.0166,"Within_Range",14.0939,NA,NA,NA,NA,NA
"COMPASS:Synoptic","CB","GCW_202411_WC_LYSC_20CM",2024,11,19,"GCW","WC","C",20,"11:05","EST","",47.85,3983.84813920573,"IC dups out of range",5.141,428.024311048206,NA,0.4077,29.1074985542633,"",7e-04,0.0488,"bdl",0.2252,16.0774,"Within_Range",0.0698,2.2521,"Within_Range",990.5352,30.8963,"Within_Range",8030.0362,226.5172,"Within_Range",14.5103,NA,NA,NA,NA,NA
"COMPASS:Synoptic","CB","GCW_202411_WC_LYSC_45CM",2024,11,19,"GCW","WC","C",45,"11:05","EST","",113.2,9424.69403047207,"IC dups out of range",8.213,683.789859295646,NA,1.014,72.3939257640986,"",0.0258,1.8393,"Within_Range",0.1904,13.596,"Within_Range",0.0932,3.0092,"Within_Range",408.8087,12.7514,"Within_Range",5393.9038,152.1553,"Within_Range",9.7468,NA,NA,NA,NA,NA
"COMPASS:Synoptic","CB","MSM_202411_SW_A",2024,11,21,"MSM","SW","A",0,"12:00","EST","",18.5,1540.25476646407,"IC dups out of range",4.883,406.544001332112,NA,0.4564,32.584406034255,"",0.0532,3.7974,"Within_Range",0.1611,11.4996,"Within_Range",0.0031,0.0999,"Within_Range",1270.3674,39.6247,"Within_Range",9513.4774,268.3633,"Within_Range",17.1909,NA,NA,NA,NA,NA
"COMPASS:Synoptic","CB","MSM_202411_SW_B",2024,11,21,"MSM","SW","B",0,"12:00","EST","",18.14,1510.28224127883,"IC dups out of range",5.654,470.735159437183,NA,0.434,30.9851713822671,"",0.0095,0.6787,"bdl",0.5239,37.4029,"Within_Range",0.0036,0.1168,"Within_Range",1314.7404,41.0087,"Within_Range",9827.4648,277.2204,"Within_Range",17.7583,NA,NA,NA,NA,NA
"COMPASS:Synoptic","CB","MSM_202411_SW_C",2024,11,21,"MSM","SW","C",0,"12:00","EST","",18.21,1516.11023228707,"IC dups out of range",5.398,449.421363749896,NA,0.426,30.4140161494142,"",0.0038,0.2744,"bdl",0.3552,25.3563,"Within_Range",0.004,0.1288,"Within_Range",1260.837,39.3274,"Within_Range",9434.1031,266.1242,"Within_Range",17.0475,NA,NA,NA,NA,NA
"COMPASS:Synoptic","CB","MSM_202411_TR_LYSA_10CM",2024,11,21,"MSM","TR","A",10,"12:24","EST","",19.3,1606.86037798685,"IC dups out of range",25.5,2123.05386728832,NA,1.301,92.8841197426946,"",0.0026,0.1853,"bdl",0.7916,56.5185,"Within_Range",0.0085,0.2753,"Within_Range",1150.0714,35.8725,"adl",9059.6046,255.5601,"Within_Range",16.3707,NA,NA,NA,NA,NA
"COMPASS:Synoptic","CB","MSM_202411_TR_LYSA_20CM",2024,11,21,"MSM","TR","A",20,"12:24","EST","",27.31,2273.74906335859,"IC dups out of range",25.9,2156.3566730497,NA,3.201,228.533487545246,"value above cal curve",0,0,"bdl",3.1041,221.6154,"Within_Range",0.016,0.5168,"Within_Range",805.023,25.1099,"Within_Range",6873.0303,193.8796,"Within_Range",12.4196,NA,NA,NA,NA,NA
"COMPASS:Synoptic","CB","MSM_202411_TR_LYSA_45CM",2024,11,21,"MSM","TR","A",45,"12:24","EST","",NA,NA,NA,NA,NA,NA,NA,NA,NA,0.001,0.0713,"bdl",1.8042,128.8104,"Within_Range",0.0172,0.5568,"Within_Range",622.9464,19.4306,"Within_Range",5479.5315,154.5707,"Within_Range",9.9015,NA,NA,NA,NA,NA
"COMPASS:Synoptic","CB","MSM_202411_TR_LYSB_10CM",2024,11,21,"MSM","TR","B",10,"12:32","EST","",19.5,1623.51178086754,"IC dups out of range",31.21,2598.4514195321,NA,2.138,152.641235979924,"",0.0044,0.3126,"bdl",1.3517,96.504,"Within_Range",0.0079,0.2552,"Within_Range",1110.5419,34.6395,"adl",8745.4371,246.6978,"Within_Range",15.803,NA,NA,NA,NA,NA
"COMPASS:Synoptic","CB","MSM_202411_TR_LYSB_20CM",2024,11,21,"MSM","TR","B",20,"12:32","EST","",34.76,2894.01382066439,"IC dups out of range",40.56,3376.90450420448,NA,4.342,309.994502630884,"value above cal curve",0,0,"bdl",2.9082,207.6285,"Within_Range",0.0094,0.3021,"Within_Range",795.5028,24.8129,"Within_Range",7707.0974,217.4075,"Within_Range",13.9268,NA,NA,NA,NA,NA
"COMPASS:Synoptic","CB","MSM_202411_TR_LYSB_45CM",2024,11,21,"MSM","TR","B",45,"12:32","EST","",NA,NA,NA,31.4,2614.27025226875,NA,3.563,254.378261831838,"value above cal curve",0.0024,0.1728,"bdl",3.2651,233.1109,"Within_Range",0.0144,0.4635,"Within_Range",463.1048,14.4449,"Within_Range",6481.321,182.8299,"Within_Range",11.7118,NA,NA,NA,NA,NA
"COMPASS:Synoptic","CB","MSM_202411_TR_LYSC_10CM",2024,11,21,"MSM","TR","C",10,"12:43","EST","",NA,NA,NA,NA,NA,NA,NA,NA,NA,0.0031,0.2213,"bdl",1.2657,90.3619,"Within_Range",0.0061,0.198,"Within_Range",1148.1926,35.8139,"adl",8914.2293,251.4592,"Within_Range",16.108,NA,NA,NA,NA,NA
"COMPASS:Synoptic","CB","MSM_202411_TR_LYSC_20CM",2024,11,21,"MSM","TR","C",20,"12:43","EST","",31.84,2650.90333860628,"IC dups out of range",26.18,2179.66863708267,NA,3.702,264.302084002656,"value above cal curve",0.003,0.2143,"bdl",2.3767,169.6804,"Within_Range",0.0075,0.2408,"Within_Range",715.1732,22.3073,"Within_Range",7205.093,203.2466,"Within_Range",13.0196,NA,NA,NA,NA,NA
"COMPASS:Synoptic","CB","MSM_202411_TR_LYSC_45CM",2024,11,21,"MSM","TR","C",45,"12:43","EST","",NA,NA,NA,17.17,1429.52293730747,NA,2.119,151.284742301898,"",4e-04,0.0273,"bdl",2.7818,198.604,"Within_Range",0.0263,0.8498,"Within_Range",695.9355,21.7073,"Within_Range",6735.1977,189.9915,"Within_Range",12.1705,NA,NA,NA,NA,NA
"COMPASS:Synoptic","CB","MSM_202411_UP_LYSA_20CM",2024,11,21,"MSM","UP","A",20,"13:28","EST","",NA,NA,NA,NA,NA,NA,NA,NA,NA,0.0083,0.5957,"bdl",0.0858,6.1231,"Within_Range",0.0077,0.2475,"Within_Range",230.2678,7.1824,"Within_Range",3258.6456,91.9223,"Within_Range",5.8884,NA,NA,NA,NA,NA
"COMPASS:Synoptic","CB","MSM_202411_UP_LYSA_45CM",2024,11,21,"MSM","UP","A",45,"13:28","EST","",NA,NA,NA,NA,NA,NA,NA,NA,NA,0.0098,0.7027,"bdl",0.0683,4.873,"Within_Range",0.0755,2.4375,"Within_Range",177.5549,5.5382,"Within_Range",2590.8002,73.0832,"Within_Range",4.6816,NA,NA,NA,NA,NA
"COMPASS:Synoptic","CB","MSM_202411_UP_LYSB_10CM",2024,11,21,"MSM","UP","B",10,"13:30","EST","",5.382,448.08925151944,"IC dups out of range; blank is ≥ 25% of sample value",24.69,2055.61568562151,NA,0.7511,53.6243369244719,"",0.0474,3.3836,"Within_Range",0.0287,2.0469,"Within_Range",0.0056,0.1804,"Within_Range",173.7858,5.4206,"Within_Range",2505.3652,70.6732,"Within_Range",4.5272,NA,NA,NA,NA,NA
"COMPASS:Synoptic","CB","MSM_202411_UP_LYSB_45CM",2024,11,21,"MSM","UP","B",45,"13:30","EST","",NA,NA,NA,NA,NA,NA,NA,NA,NA,0.0196,1.3984,"bdl",0.0816,5.8247,"Within_Range",0.0084,0.2716,"Within_Range",222.1623,6.9296,"Within_Range",2634.7611,74.3233,"Within_Range",4.761,NA,NA,NA,NA,NA
"COMPASS:Synoptic","CB","MSM_202411_UP_LYSC_10CM",2024,11,21,"MSM","UP","C",10,"13:35","EST","",7.977,664.141203896428,"IC dups out of range",29.7,2472.73332778287,NA,0.8972,64.055059364447,"",0.0406,2.9018,"Within_Range",0.0247,1.7663,"Within_Range",0.0065,0.209,"Within_Range",199.4303,6.2205,"Within_Range",2184.863,61.6322,"Within_Range",3.9481,NA,NA,NA,NA,NA
"COMPASS:Synoptic","CB","MSM_202411_UP_LYSC_20CM",2024,11,21,"MSM","UP","C",20,"13:35","EST","",13.42,1117.30913329448,"IC dups out of range",25.63,2133.87727916077,NA,0.8753,62.4915219145123,"",0.0789,5.6327,"Within_Range",0.0188,1.3411,"bdl",0.0047,0.1518,"Within_Range",131.501,4.1017,"Within_Range",1286.7572,36.2978,"Within_Range",2.3252,NA,NA,NA,NA,NA
"COMPASS:Synoptic","CB","MSM_202411_UP_LYSC_45CM",2024,11,21,"MSM","UP","C",45,"13:35","EST","",NA,NA,NA,18.29,1522.77079343935,NA,2.614,186.624972334668,"",NA,NA,NA,NA,NA,NA,NA,NA,NA,188.4214,5.8771,"Within_Range",1912.0131,53.9355,"Within_Range",3.455,NA,NA,NA,NA,NA
"COMPASS:Synoptic","CB","MSM_202411_WC_LYSA_20CM",2024,11,21,"MSM","WC","A",20,"11:28","EST","",65.25,5432.52018982599,"IC dups out of range",14.05,1169.76105236866,NA,1.704,121.656064597657,"",3e-04,0.0223,"bdl",1.276,91.1014,"Within_Range",0.0385,1.243,"Within_Range",1114.1507,34.752,"Within_Range",9264.8085,261.3486,"Within_Range",16.7415,NA,NA,NA,NA,NA
"COMPASS:Synoptic","CB","MSM_202411_WC_LYSA_45CM",2024,11,21,"MSM","WC","A",45,"12:10","EST","",NA,NA,NA,83.69,6967.77953542586,NA,1.958,139.790243240735,"",0.0212,1.5113,"bdl",0.3302,23.5757,"Within_Range",0.009,0.2909,"Within_Range",65.2142,2.0341,"Within_Range",9687.5002,273.2722,"Within_Range",17.5053,NA,NA,NA,NA,NA
"COMPASS:Synoptic","CB","MSM_202411_WC_LYSB_10CM",2024,11,21,"MSM","WC","B",10,"11:41","EST","",69.02,5746.39913412705,"IC dups out of range",13.13,1093.16459911748,NA,1.717,122.584191851043,"",0.0532,3.7993,"Within_Range",0.8588,61.3139,"Within_Range",0.051,1.6464,"Within_Range",1075.7241,33.5535,"Within_Range",8993.0053,253.6814,"Within_Range",16.2504,NA,NA,NA,NA,NA
"COMPASS:Synoptic","CB","MSM_202411_WC_LYSB_20CM",2024,11,21,"MSM","WC","B",20,"11:41","EST","",84.65,7047.70626925319,"IC dups out of range",18.52,1541.91990675214,NA,2.443,174.416529232439,"",0,0,"bdl",1.7251,123.1609,"Within_Range",0.0545,1.7586,"Within_Range",870.2456,27.1443,"Within_Range",8281.7191,233.6169,"Within_Range",14.9651,NA,NA,NA,NA,NA
"COMPASS:Synoptic","CB","MSM_202411_WC_LYSC_20CM",2024,11,21,"MSM","WC","C",20,"11:45","EST","",103.2,8592.12388643743,"IC dups out of range",28.31,2357.00607776205,NA,3.779,269.799453118865,"value above cal curve",0.0129,0.9177,"bdl",1.3709,97.8749,"Within_Range",0.068,2.1964,"Within_Range",680.8278,21.2361,"Within_Range",8637.9432,243.6655,"Within_Range",15.6088,NA,NA,NA,NA,NA
"COMPASS:Synoptic","CB","GCW_202505_SW_A",2025,5,14,"GCW","SW","A",0,"9:30","EDT","",16.05,1336.27508117559,NA,4.733,394.055449171593,"blank is ≥ 25% of sample value",0.3946,28.1722318604668,"",NA,NA,NA,NA,NA,NA,NA,NA,NA,701.6721,21.8862,"Within_Range",4971.835,140.2492,"Within_Range",8.9841,0,0,0,"bdl","Within range"
"COMPASS:Synoptic","CB","GCW_202505_SW_B",2025,5,14,"GCW","SW","B",0,"9:30","EDT","",15.86,1320.45624843893,NA,4.612,383.981350428774,"blank is ≥ 25% of sample value",0.3337,23.8243126503745,"",NA,NA,NA,NA,NA,NA,NA,NA,NA,648.7578,20.2357,"Within_Range",4600.8515,129.7842,"Within_Range",8.3138,0,0,0,"bdl","Within range"
"COMPASS:Synoptic","CB","GCW_202505_SW_C",2025,5,14,"GCW","SW","C",0,"9:30","EDT","",15.85,1319.6236782949,NA,4.592,382.316210140704,"blank is ≥ 25% of sample value",0.3276,23.3888067853242,"",NA,NA,NA,NA,NA,NA,NA,NA,NA,679.4655,21.1936,"Within_Range",4818.177,135.9147,"Within_Range",8.7065,0,0,0,"bdl","Within range"
"COMPASS:Synoptic","CB","GCW_202505_TR_LYSA_20CM",2025,5,14,"GCW","TR","A",20,"12:59","EDT","",13.31,1108.1508617101,NA,4.148,345.350095745567,"blank is ≥ 25% of sample value",0.1838,13.1222914747942,"",NA,NA,NA,NA,NA,NA,NA,NA,NA,27.6833,0.8635,"Within_Range",92.2238,2.6015,"Within_Range",0.1667,0,0,0,"bdl","Within range"
"COMPASS:Synoptic","CB","GCW_202505_TR_LYSA_45CM",2025,5,14,"GCW","TR","A",45,"13:02","EDT","",NA,NA,NA,NA,NA,NA,NA,NA,NA,NA,NA,NA,NA,NA,NA,NA,NA,NA,2.9065,0.0907,"Within_Range",793.6169,22.3869,"Within_Range",1.4341,0,0,0,"bdl","Within range"
"COMPASS:Synoptic","CB","GCW_202505_TR_LYSB_10CM",2025,5,14,"GCW","TR","B",10,"12:41","EDT","",11.02,917.492298726168,NA,11.04,919.157439014237,"",0.349,24.9166470332055,"",NA,NA,NA,NA,NA,NA,NA,NA,NA,36.8506,1.1494,"Within_Range",216.0618,6.0948,"Within_Range",0.3904,0,0,0,"bdl","Within range"
"COMPASS:Synoptic","CB","GCW_202505_TR_LYSB_20CM",2025,5,14,"GCW","TR","B",20,"12:44","EDT","",16.11,1341.2705020398,NA,3.815,317.625509949213,"blank is ≥ 25% of sample value",0.2285,16.3136213383595,"",NA,NA,NA,NA,NA,NA,NA,NA,NA,43.9815,1.3718,"Within_Range",192.4894,5.4299,"Within_Range",0.3479,0,0,0,"bdl","Within range"
"COMPASS:Synoptic","CB","GCW_202505_TR_LYSB_45CM",2025,5,14,"GCW","TR","B",45,"12:47","EDT","",NA,NA,NA,NA,NA,NA,NA,NA,NA,NA,NA,NA,NA,NA,NA,NA,NA,NA,18.2438,0.5691,"Within_Range",559.7064,15.7886,"Within_Range",1.0114,0,0,0,"bdl","Within range"
"COMPASS:Synoptic","CB","GCW_202505_TR_LYSC_10CM",2025,5,14,"GCW","TR","C",10,"12:49","EDT","",11.46,954.125385063692,NA,20.96,1745.0670218966,"",0.4355,31.092262988427,"",NA,NA,NA,NA,NA,NA,NA,NA,NA,38.6898,1.2068,"Within_Range",188.4644,5.3163,"Within_Range",0.3406,0,0,0,"bdl","Within range"
"COMPASS:Synoptic","CB","GCW_202505_TR_LYSC_20CM",2025,5,14,"GCW","TR","C",20,"12:53","EDT","",11.02,917.492298726168,NA,9.597,799.017567230039,"",0.2155,15.3854940849736,"",NA,NA,NA,NA,NA,NA,NA,NA,NA,80.4013,2.5078,"Within_Range",449.1283,12.6693,"Within_Range",0.8116,0,0,0,"bdl","Within range"
"COMPASS:Synoptic","CB","GCW_202505_TR_LYSC_45CM",2025,5,14,"GCW","TR","C",45,"12:56","EDT","",NA,NA,NA,NA,NA,NA,NA,NA,NA,NA,NA,NA,NA,NA,NA,NA,NA,NA,13.0954,0.4085,"Within_Range",2479.659,69.9481,"Within_Range",4.4808,0,0,0,"bdl","Within range"
"COMPASS:Synoptic","CB","GCW_202505_UP_LYSA_10CM",2025,5,14,"GCW","UP","A",10,"13:21","EDT","",NA,NA,NA,39.9,3321.95487469819,"",1.017,72.6081089764184,"",NA,NA,NA,NA,NA,NA,NA,NA,NA,1.3011,0.0406,"Within_Range",7.5402,0.2127,"Within_Range",0.0137,0,0,0,"bdl","Within range"
"COMPASS:Synoptic","CB","GCW_202505_UP_LYSA_20CM",2025,5,14,"GCW","UP","A",20,"13:25","EDT","",NA,NA,NA,30.3,2522.68753642494,"",0.8458,60.3853869933675,"",NA,NA,NA,NA,NA,NA,NA,NA,NA,0.3311,0.0103,"Within_Range",0.5917,0.0167,"Within_Range",0.0011,0,0,0,"bdl","Within range"
"COMPASS:Synoptic","CB","GCW_202505_UP_LYSB_10CM",2025,5,14,"GCW","UP","B",10,"13:28","EDT","",NA,NA,NA,24.24,2018.15002913995,"",0.8178,58.3863436783825,"",NA,NA,NA,NA,NA,NA,NA,NA,NA,1.5783,0.0492,"Within_Range",0.7101,0.02,"Within_Range",0.0013,0,0,0,"bdl","Within range"
"COMPASS:Synoptic","CB","GCW_202505_UP_LYSB_20CM",2025,5,14,"GCW","UP","B",20,"13:30","EDT","",NA,NA,NA,11.93,993.25618183332,"",0.3681,26.2802801516417,"",NA,NA,NA,NA,NA,NA,NA,NA,NA,1.6303,0.0509,"Within_Range",0.211,0.006,"Within_Range",4e-04,0,0,0,"bdl","Within range"
"COMPASS:Synoptic","CB","GCW_202505_UP_LYSC_10CM",2025,5,14,"GCW","UP","C",10,"13:35","EDT","",NA,NA,NA,22.37,1862.45941220548,"",0.5436,38.8099980723511,"",NA,NA,NA,NA,NA,NA,NA,NA,NA,0.2337,0.0073,"Within_Range",0.6179,0.0174,"Within_Range",0.0011,0,0,0,"bdl","Within range"
"COMPASS:Synoptic","CB","GCW_202505_UP_LYSC_20CM",2025,5,14,"GCW","UP","C",20,"13:37","EDT","",NA,NA,NA,NA,NA,NA,NA,NA,NA,NA,NA,NA,NA,NA,NA,NA,NA,NA,16.2828,0.5079,"Within_Range",1.6986,0.0479,"Within_Range",0.0031,0,0,0,"bdl","Within range"
"COMPASS:Synoptic","CB","GCW_202505_WC_LYSA_10CM",2025,5,14,"GCW","WC","A",10,"10:40","EDT","",52.58,4377.65381733411,NA,8.968,746.648905170261,"",0.8169,58.3220887146865,"",NA,NA,NA,NA,NA,NA,NA,NA,NA,931.8163,29.0648,"Within_Range",5516.7583,155.6208,"Within_Range",9.9688,1256.2608,41.9092,3.336,"Within_Range","Within range"
"COMPASS:Synoptic","CB","GCW_202505_WC_LYSA_20CM",2025,5,14,"GCW","WC","A",20,"10:50","EDT","",89.48,7449.83764882191,NA,9.244,769.627841145617,"",2.16,154.211912870269,"",NA,NA,NA,NA,NA,NA,NA,NA,NA,669.4087,20.8799,"Within_Range",5874.2238,165.7045,"Within_Range",10.6147,2355.5334,111.953,4.7528,"Within_Range","Within range"
"COMPASS:Synoptic","CB","GCW_202505_WC_LYSA_45CM",2025,5,14,"GCW","WC","A",45,"10:55","EDT","",189.4,15768.878528016,NA,19.22,1600.19981683457,"",4.566,325.986849150764,"value above cal curve",NA,NA,NA,NA,NA,NA,NA,NA,NA,178.8883,5.5798,"Within_Range",6192.0803,174.6708,"Within_Range",11.1891,4715.0966,244.1369,5.1778,"Within_Range","Within range"
"COMPASS:Synoptic","CB","GCW_202505_WC_LYSB_10CM",2025,5,14,"GCW","WC","B",10,"11:15","EDT","",75.54,6289.23486803763,NA,8.698,724.169511281326,"",1.757,125.439968015307,"",NA,NA,NA,NA,NA,NA,NA,NA,NA,715.2364,22.3093,"Within_Range",4616.1352,130.2154,"Within_Range",8.3414,1451.4019,55.837,3.8471,"Within_Range","Within range"
"COMPASS:Synoptic","CB","GCW_202505_WC_LYSB_20CM",2025,5,14,"GCW","WC","B",20,"11:21","EDT","",95.2,7926.06777120972,NA,9.449,786.695529098326,"",2.659,189.837720519466,"",NA,NA,NA,NA,NA,NA,NA,NA,NA,656.5758,20.4796,"Within_Range",5546.8504,156.4697,"Within_Range",10.0232,2265.7655,19.4854,0.86,"Within_Range","Within range"
"COMPASS:Synoptic","CB","GCW_202505_WC_LYSB_45CM",2025,5,14,"GCW","WC","B",45,"11:26","EDT","",155.9,12979.7685455,NA,11.78,980.7676296728,"",4.696,335.268121684622,"value above cal curve",NA,NA,NA,NA,NA,NA,NA,NA,NA,309.2304,9.6454,"Within_Range",5600.6403,157.987,"Within_Range",10.1204,3779.0465,311.0871,8.2319,"Within_Range","Within range"
"COMPASS:Synoptic","CB","GCW_202505_WC_LYSC_10CM",2025,5,14,"GCW","WC","C",10,"11:30","EDT","",44.66,3718.25826325868,NA,6.064,504.870535342603,"",0.4259,30.4068767090035,"",NA,NA,NA,NA,NA,NA,NA,NA,NA,693.5916,21.6342,"Within_Range",4100.9244,115.6819,"Within_Range",7.4104,402.2458,3.3094,0.8227,"Within_Range","Within range"
"COMPASS:Synoptic","CB","GCW_202505_WC_LYSC_20CM",2025,5,14,"GCW","WC","C",20,"11:34","EDT","",45.29,3770.71018233286,NA,5.931,493.797352426942,"",0.3279,23.4102251065561,"",NA,NA,NA,NA,NA,NA,NA,NA,NA,768.9106,23.9835,"Within_Range",5016.636,141.513,"Within_Range",9.0651,339.0624,26.4755,7.8084,"Within_Range","Within range"
"COMPASS:Synoptic","CB","MSM_202505_SW_A",2025,5,15,"MSM","SW","A",0,"10:45","EDT","",17.67,1471.1514445092,NA,5.169,430.355507451503,"blank is ≥ 25% of sample value",0.3291,23.4958983914841,"",NA,NA,NA,NA,NA,NA,NA,NA,NA,1070.1897,33.3808,"Within_Range",7575.5289,213.6962,"Within_Range",13.689,0,0,0,"bdl","Within range"
"COMPASS:Synoptic","CB","MSM_202505_SW_B",2025,5,15,"MSM","SW","B",0,"10:45","EDT","",17.09,1422.86237615519,NA,4.772,397.302472733328,"blank is ≥ 25% of sample value",0.3267,23.3245518216282,"",NA,NA,NA,NA,NA,NA,NA,NA,NA,1109.5379,34.6082,"Within_Range",7838.8464,221.124,"Within_Range",14.1648,0,0,0,"bdl","Within range"
"COMPASS:Synoptic","CB","MSM_202505_SW_C",2025,5,15,"MSM","SW","C",0,"10:45","EDT","",17.65,1469.48630422113,NA,5.18,431.271334609941,"blank is ≥ 25% of sample value",0.3346,23.8885676140704,"",NA,NA,NA,NA,NA,NA,NA,NA,NA,1082.5968,33.7678,"Within_Range",7645.1443,215.6599,"Within_Range",13.8148,0,0,0,"bdl","Within range"
"COMPASS:Synoptic","CB","MSM_202505_TR_LYSA_10CM",2025,5,15,"MSM","TR","A",10,"13:05","EDT","",18.06,1503.62168012655,NA,41.42,3448.50553659146,"",0.9439,67.3891780362255,"",NA,NA,NA,NA,NA,NA,NA,NA,NA,327.95,10.2293,"Within_Range",2277.9519,64.2582,"Within_Range",4.1163,0,0,0,"bdl","Within range"
"COMPASS:Synoptic","CB","MSM_202505_TR_LYSA_20CM",2025,5,15,"MSM","TR","A",20,"13:09","EDT","",20.47,1704.2710848389,NA,27.99,2330.36383315294,"",2.196,156.782111418107,"",NA,NA,NA,NA,NA,NA,NA,NA,NA,748.896,23.3592,"Within_Range",5094.7184,143.7156,"Within_Range",9.2062,2.8947,0.1479,5.108,"Within_Range","Within range"
"COMPASS:Synoptic","CB","MSM_202505_TR_LYSA_45CM",2025,5,15,"MSM","TR","A",45,"13:12","EDT","",NA,NA,NA,NA,NA,NA,NA,NA,NA,NA,NA,NA,NA,NA,NA,NA,NA,NA,663.0477,20.6815,"Within_Range",5590.9665,157.7141,"Within_Range",10.1029,0,0,0,"bdl","Within range"
"COMPASS:Synoptic","CB","MSM_202505_TR_LYSB_10CM",2025,5,15,"MSM","TR","B",10,"13:16","EDT","",17.85,1486.13770710182,NA,42.19,3512.61343768212,"",1.296,92.5271477221615,"",NA,NA,NA,NA,NA,NA,NA,NA,NA,344.8118,10.7552,"Within_Range",2425.267,68.4137,"Within_Range",4.3825,0,0,0,"bdl","Within range"
"COMPASS:Synoptic","CB","MSM_202505_TR_LYSB_20CM",2025,5,15,"MSM","TR","B",20,"13:20","EDT","",31.22,2599.28398967613,NA,52.57,4376.82124719008,"",3.205,228.819065161673,"value above cal curve",NA,NA,NA,NA,NA,NA,NA,NA,NA,682.6296,21.2923,"Within_Range",5271.5093,148.7027,"Within_Range",9.5256,3.1038,0.8872,28.5832,"Within_Range","High CV"
"COMPASS:Synoptic","CB","MSM_202505_TR_LYSB_45CM",2025,5,15,"MSM","TR","B",45,"13:25","EDT","",NA,NA,NA,37.94,3158.7711264674,"",3.949,281.936501816988,"value above cal curve",NA,NA,NA,NA,NA,NA,NA,NA,NA,541.9084,16.9029,"Within_Range",6361.9459,179.4625,"Within_Range",11.4961,4.4108,0.3697,8.3808,"Within_Range","Within range"
"COMPASS:Synoptic","CB","MSM_202505_TR_LYSC_20CM",2025,5,15,"MSM","TR","C",20,"13:30","EDT","",30.11,2506.86870368829,NA,35.25,2934.80975772209,"",2.529,180.556447985607,"",NA,NA,NA,NA,NA,NA,NA,NA,NA,468.2511,14.6055,"Within_Range",4036.9764,113.878,"Within_Range",7.2948,6.4844,0.3672,5.6625,"Within_Range","Within range"
"COMPASS:Synoptic","CB","MSM_202505_TR_LYSC_45CM",2025,5,15,"MSM","TR","C",45,"13:33","EDT","",NA,NA,NA,16.11,1341.2705020398,"",1.84,131.365703556155,"",NA,NA,NA,NA,NA,NA,NA,NA,NA,726.1526,22.6498,"Within_Range",6428.5873,181.3424,"Within_Range",11.6165,0,0,0,"bdl","Within range"
"COMPASS:Synoptic","CB","MSM_202505_UP_LYSA_20CM",2025,5,15,"MSM","UP","A",20,"14:09","EDT","",18.99,1581.05070352177,NA,53.32,4439.26400799267,"",1.378,98.3814888589032,"",NA,NA,NA,NA,NA,NA,NA,NA,NA,189.981,5.9258,"Within_Range",1894.7946,53.4498,"Within_Range",3.4239,0,0,0,"bdl","Within range"
"COMPASS:Synoptic","CB","MSM_202505_UP_LYSA_45CM",2025,5,15,"MSM","UP","A",45,"14:11","EDT","NUTR is only 2.5 mL",NA,NA,NA,27.64,2301.22387811173,"",0.7538,53.8171018155597,"",NA,NA,NA,NA,NA,NA,NA,NA,NA,202.2217,6.3076,"Within_Range",2395.6235,67.5775,"Within_Range",4.3289,0,0,0,"bdl","Within range"
"COMPASS:Synoptic","CB","MSM_202505_UP_LYSB_10CM",2025,5,15,"MSM","UP","B",10,"14:13","EDT","",9.081,756.056947797852,NA,33.06,2752.4768961785,"",0.7303,52.1393333190544,"",NA,NA,NA,NA,NA,NA,NA,NA,NA,154.5915,4.8219,"Within_Range",0,0,"bdl",0,0,0,0,"bdl","Within range"
"COMPASS:Synoptic","CB","MSM_202505_UP_LYSB_20CM",2025,5,15,"MSM","UP","B",20,"14:16","EDT","",11,915.827158438098,NA,60.01,4996.25343435184,"",1.048,74.8213355037232,"",NA,NA,NA,NA,NA,NA,NA,NA,NA,87.6977,2.7354,"Within_Range",651.6735,18.3829,"Within_Range",1.1776,0,0,0,"bdl","Within range"
"COMPASS:Synoptic","CB","MSM_202505_UP_LYSB_45CM",2025,5,15,"MSM","UP","B",45,"14:18","EDT","",NA,NA,NA,26.04,2168.01265506619,"",0.6721,47.98417900005,"",NA,NA,NA,NA,NA,NA,NA,NA,NA,231.3662,7.2167,"Within_Range",2444.1331,68.9459,"Within_Range",4.4166,0,0,0,"bdl","Within range"
"COMPASS:Synoptic","CB","MSM_202505_UP_LYSC_10CM",2025,5,15,"MSM","UP","C",10,"14:22","EDT","",14.05,1169.76105236866,NA,58.81,4896.34501706769,"",1.205,86.0302569484604,"",NA,NA,NA,NA,NA,NA,NA,NA,NA,114.6156,3.575,"Within_Range",0,0,"bdl",0,0,0,0,"bdl","Within range"
"COMPASS:Synoptic","CB","MSM_202505_UP_LYSC_20CM",2025,5,15,"MSM","UP","C",20,"14:24","EDT","",21.34,1776.70468736991,NA,42.71,3555.90708517193,"",0.9319,66.5324451869462,"",NA,NA,NA,NA,NA,NA,NA,NA,NA,111.6981,3.484,"Within_Range",983.4297,27.7413,"Within_Range",1.7771,0,0,0,"bdl","Within range"
"COMPASS:Synoptic","CB","MSM_202505_UP_LYSC_45CM",2025,5,15,"MSM","UP","C",45,"14:26","EDT","",NA,NA,NA,NA,NA,NA,NA,NA,NA,NA,NA,NA,NA,NA,NA,NA,NA,NA,195.9688,6.1126,"Within_Range",1906.8247,53.7891,"Within_Range",3.4457,0,0,0,"bdl","Within range"
"COMPASS:Synoptic","CB","MSM_202505_WC_LYSA_10CM",2025,5,15,"MSM","WC","A",10,"12:01","EDT","",26.57,2212.13887270003,NA,10.07,838.398135042877,"",0.7011,50.0546167191415,"",NA,NA,NA,NA,NA,NA,NA,NA,NA,1355.3623,42.2758,"Within_Range",7986.5448,225.2904,"Within_Range",14.4317,17.2412,1.606,9.3147,"Within_Range","Within range"
"COMPASS:Synoptic","CB","MSM_202505_WC_LYSA_20CM",2025,5,15,"MSM","WC","A",20,"12:07","EDT","",46.84,3899.75855465823,NA,14.45,1203.06385813005,"",1.15,82.103564722597,"",NA,NA,NA,NA,NA,NA,NA,NA,NA,1079.3933,33.6679,"Within_Range",6921.7182,195.253,"Within_Range",12.5076,511.4959,29.5724,5.7816,"Within_Range","Within range"
"COMPASS:Synoptic","CB","MSM_202505_WC_LYSA_45CM",2025,5,15,"MSM","WC","A",45,"12:09","EDT","",NA,NA,NA,NA,NA,NA,NA,NA,NA,NA,NA,NA,NA,NA,NA,NA,NA,NA,102.2182,3.1883,"Within_Range",8832.4876,249.1534,"Within_Range",15.9603,2.4988,0.1469,5.8775,"Within_Range","Within range"
"COMPASS:Synoptic","CB","MSM_202505_WC_LYSB_10CM",2025,5,15,"MSM","WC","B",10,"12:13","EDT","",35.88,2987.26167679627,NA,11.53,959.953376071934,"",1.127,80.4614934281451,"",NA,NA,NA,NA,NA,NA,NA,NA,NA,1161.8337,36.2394,"Within_Range",7328.4732,206.727,"Within_Range",13.2426,161.2391,14.7862,9.1704,"Within_Range","Within range"
"COMPASS:Synoptic","CB","MSM_202505_WC_LYSB_20CM",2025,5,15,"MSM","WC","B",20,"12:18","EDT","",53.1,4420.94746482391,NA,17.6,1465.32345350096,"",1.701,121.441881385337,"",NA,NA,NA,NA,NA,NA,NA,NA,NA,1099.9158,34.308,"Within_Range",7554.6171,213.1063,"Within_Range",13.6512,593.8324,83.1724,14.006,"Within_Range","High CV"
"COMPASS:Synoptic","CB","MSM_202505_WC_LYSC_10CM",2025,5,15,"MSM","WC","C",10,"12:21","EDT","",20.67,1720.92248771959,NA,10.21,850.054117059362,"",0.6848,48.8908879322039,"",NA,NA,NA,NA,NA,NA,NA,NA,NA,1323.0705,41.2686,"Within_Range",7872.3334,222.0686,"Within_Range",14.2253,5.0787,0.068,1.3386,"Within_Range","Within range"
"COMPASS:Synoptic","CB","MSM_202505_WC_LYSC_20CM",2025,5,15,"MSM","WC","C",20,"12:24","EDT","",60.73,5056.19848472234,NA,26.31,2190.49204895512,"",2.435,173.845373999586,"",NA,NA,NA,NA,NA,NA,NA,NA,NA,944.1055,29.4481,"Within_Range",7134.1751,201.2461,"Within_Range",12.8915,775.4955,11.0897,1.43,"Within_Range","Within range"
"COMPASS:Synoptic","CB","MSM_202505_WC_LYSC_45CM",2025,5,15,"MSM","WC","C",45,"12:27","EDT","",NA,NA,NA,NA,NA,NA,NA,NA,NA,NA,NA,NA,NA,NA,NA,NA,NA,NA,150.4188,4.6918,"Within_Range",7720.9833,217.7992,"Within_Range",13.9518,0.8964,0.136,15.1694,"Within_Range","High CV"
"COMPASS:Synoptic","CB","GWI_202505_SW_A",2025,5,20,"GWI","SW","A",0,"","","",18.26,1520.27308300724,NA,4.544,378.319873449338,"blank is ≥ 25% of sample value",0.1832,13.0794548323302,"",NA,NA,NA,NA,NA,NA,NA,NA,NA,1528.6415,47.6806,"Within_Range",10887.4304,307.1207,"Within_Range",19.6736,0,0,0,"bdl","Within range"
"COMPASS:Synoptic","CB","GWI_202505_SW_B",2025,5,20,"GWI","SW","B",0,"","","",17.74,1476.97943551744,NA,4.289,357.089334776455,"blank is ≥ 25% of sample value",0.187,13.3507535679353,"",NA,NA,NA,NA,NA,NA,NA,NA,NA,1614.5797,50.3612,"Within_Range",11457.5449,323.203,"Within_Range",20.7038,0,0,0,"bdl","Within range"
"COMPASS:Synoptic","CB","GWI_202505_SW_C",2025,5,20,"GWI","SW","C",0,"","","",17.94,1493.63083839814,NA,4.343,361.585213554242,"blank is ≥ 25% of sample value",0.164,11.7086822734834,"",NA,NA,NA,NA,NA,NA,NA,NA,NA,1649.8459,51.4612,"Within_Range",11749.1611,331.4291,"Within_Range",21.2308,0,0,0,"bdl","Within range"
"COMPASS:Synoptic","CB","GWI_202505_TR_LYSA_10CM",2025,5,20,"GWI","TR","A",10,"13:08","EDT","",NA,NA,NA,45.74,3808.17583881442,"",1.19,84.9593408868613,"",NA,NA,NA,NA,NA,NA,NA,NA,NA,921.363,28.7387,"Within_Range",6227.7547,175.6771,"Within_Range",11.2536,0,0,0,"bdl","Within range"
"COMPASS:Synoptic","CB","GWI_202505_TR_LYSA_20CM",2025,5,20,"GWI","TR","A",20,"13:10","EDT","",NA,NA,NA,74.42,6195.98701190575,"",1.842,131.508492364368,"",NA,NA,NA,NA,NA,NA,NA,NA,NA,1182.9539,36.8981,"Within_Range",9611.7121,271.1343,"Within_Range",17.3684,0,0,0,"bdl","Within range"
"COMPASS:Synoptic","CB","GWI_202505_TR_LYSB_10CM",2025,5,20,"GWI","TR","B",10,"13:13","EDT","",NA,NA,NA,43.74,3641.66181000749,"",1.184,84.5309744622216,"",NA,NA,NA,NA,NA,NA,NA,NA,NA,733.2024,22.8697,"Within_Range",4530.1571,127.79,"Within_Range",8.186,0,0,0,"bdl","Within range"
"COMPASS:Synoptic","CB","GWI_202505_TR_LYSB_20CM",2025,5,20,"GWI","TR","B",20,"13:20","EDT","",NA,NA,NA,60.76,5058.69619515444,"",1.624,115.944512269128,"",NA,NA,NA,NA,NA,NA,NA,NA,NA,851.9613,26.574,"Within_Range",6743.6642,190.2303,"Within_Range",12.1858,8.842,0.5163,5.8395,"Within_Range","Within range"
"COMPASS:Synoptic","CB","GWI_202505_TR_LYSB_45CM",2025,5,20,"GWI","TR","B",45,"","","",NA,NA,NA,41.13,3424.36100241445,"",0.7371,52.6248152669794,"",NA,NA,NA,NA,NA,NA,NA,NA,NA,1324.3727,41.3092,"Within_Range",10160.4116,286.6125,"Within_Range",18.3599,4.6174,0.1545,3.3463,"Within_Range","Within range"
"COMPASS:Synoptic","CB","GWI_202505_TR_LYSC_10CM",2025,5,20,"GWI","TR","C",10,"13:00","EDT","",NA,NA,NA,71.94,5989.50961618516,"",1.696,121.084909364804,"",NA,NA,NA,NA,NA,NA,NA,NA,NA,468.0341,14.5987,"Within_Range",2947.2083,83.137,"Within_Range",5.3256,0,0,0,"bdl","Within range"
"COMPASS:Synoptic","CB","GWI_202505_TR_LYSC_20CM",2025,5,20,"GWI","TR","C",20,"13:02","EDT","",NA,NA,NA,40.47,3369.41137290817,"",0.9258,66.096939321896,"",NA,NA,NA,NA,NA,NA,NA,NA,NA,812.1363,25.3318,"Within_Range",5199.8928,146.6824,"Within_Range",9.3962,1.5998,0.3443,21.5201,"Within_Range","High CV"
"COMPASS:Synoptic","CB","GWI_202505_UP_LYSA_10CM",2025,5,20,"GWI","UP","A",10,"14:02","EDT","",NA,NA,NA,NA,NA,NA,NA,NA,NA,NA,NA,NA,NA,NA,NA,NA,NA,NA,634.0564,19.7772,"Within_Range",3901.9742,110.0698,"Within_Range",7.0509,0,0,0,"bdl","Within range"
"COMPASS:Synoptic","CB","GWI_202505_UP_LYSA_20CM",2025,5,20,"GWI","UP","A",20,"13:45","EDT","",NA,NA,NA,22.77,1895.76221796686,"",0.5242,37.4249466326829,"",NA,NA,NA,NA,NA,NA,NA,NA,NA,638.9837,19.9309,"Within_Range",5148.1865,145.2239,"Within_Range",9.3028,2.5415,0.9271,36.4776,"Within_Range","High CV"
"COMPASS:Synoptic","CB","GWI_202505_UP_LYSA_45CM",2025,5,20,"GWI","UP","A",45,"13:48","EDT","",10.21,850.054117059362,NA,27.59,2297.06102739156,"",0.6139,43.8290246810455,"",NA,NA,NA,NA,NA,NA,NA,NA,NA,702.3447,21.9072,"Within_Range",4657.5463,131.3835,"Within_Range",8.4162,0,0,0,"bdl","Within range"
"COMPASS:Synoptic","CB","GWI_202505_UP_LYSB_10CM",2025,5,20,"GWI","UP","B",10,"13:51","EDT","",NA,NA,NA,40.08,3336.94113729082,"",0.7178,51.2469032677219,"",NA,NA,NA,NA,NA,NA,NA,NA,NA,210.6566,6.5707,"Within_Range",1268.2404,35.7755,"Within_Range",2.2917,0,0,0,"bdl","Within range"
"COMPASS:Synoptic","CB","GWI_202505_UP_LYSB_20CM",2025,5,20,"GWI","UP","B",20,"13:53","EDT","",13.01,1083.17375738906,NA,31.68,2637.58221630172,"",0.6884,49.1479077869877,"",NA,NA,NA,NA,NA,NA,NA,NA,NA,426.9815,13.3182,"Within_Range",2543.0925,71.7374,"Within_Range",4.5954,0,0,0,"bdl","Within range"
"COMPASS:Synoptic","CB","GWI_202505_UP_LYSB_45CM",2025,5,20,"GWI","UP","B",45,"13:55","EDT","",18.05,1502.78910998252,NA,30.94,2575.97202564316,"",0.7135,50.9399073300635,"",NA,NA,NA,NA,NA,NA,NA,NA,NA,508.407,15.858,"Within_Range",3686.3483,103.9873,"Within_Range",6.6613,0,0,0,"bdl","Within range"
"COMPASS:Synoptic","CB","GWI_202505_UP_LYSC_20CM",2025,5,20,"GWI","UP","C",20,"13:41","EDT","",NA,NA,NA,46.18,3844.80892515194,"",0.857,61.1850043193614,"",NA,NA,NA,NA,NA,NA,NA,NA,NA,347.2475,10.8312,"Within_Range",2484.7939,70.0929,"Within_Range",4.49,0,0,0,"bdl","Within range"
"COMPASS:Synoptic","CB","GWI_202505_WC_LYSA_10CM",2025,5,20,"GWI","WC","A",10,"","","",22.11,1840.81258846058,NA,25.79,2147.19840146532,"",1.028,73.3934474215911,"",NA,NA,NA,NA,NA,NA,NA,NA,NA,1596.731,49.8045,"Within_Range",6438.5843,181.6244,"Within_Range",11.6345,0,0,0,"bdl","Within range"
"COMPASS:Synoptic","CB","GWI_202505_WC_LYSA_20CM",2025,5,20,"GWI","WC","A",20,"","","",NA,NA,NA,51.94,4324.36932811589,"",1.562,111.518059214519,"",NA,NA,NA,NA,NA,NA,NA,NA,NA,1726.4464,53.8505,"Within_Range",10633.9264,299.9697,"Within_Range",19.2155,0,0,0,"bdl","Within range"
"COMPASS:Synoptic","CB","GWI_202505_WC_LYSA_45CM",2025,5,20,"GWI","WC","A",45,"","","",23.88,1988.17750395471,NA,45.2,3763.21705103655,"",1.224,87.3867506264859,"",NA,NA,NA,NA,NA,NA,NA,NA,NA,1468.8449,45.8155,"Within_Range",12235.5912,345.1507,"Within_Range",22.1097,0,0,0,"bdl","Within range"
"COMPASS:Synoptic","CB","GWI_202505_WC_LYSB_10CM",2025,5,20,"GWI","WC","B",10,"","","",22.44,1868.28740321372,NA,25.18,2096.41162267921,"",0.8872,63.341115323381,"",NA,NA,NA,NA,NA,NA,NA,NA,NA,1671.9164,52.1496,"Within_Range",7337.6499,206.9859,"Within_Range",13.2592,0,0,0,"bdl","Within range"
"COMPASS:Synoptic","CB","GWI_202505_WC_LYSB_20CM",2025,5,20,"GWI","WC","B",20,"","","",25.54,2126.38414786446,NA,34.11,2839.89676130214,"",1.095,78.1768724967337,"",NA,NA,NA,NA,NA,NA,NA,NA,NA,1604.1273,50.0352,"Within_Range",8633.0984,243.5289,"Within_Range",15.6,0,0,0,"bdl","Within range"
"COMPASS:Synoptic","CB","GWI_202505_WC_LYSB_45CM",2025,5,20,"GWI","WC","B",45,"","","",NA,NA,NA,55.65,4633.25285155274,"",1.361,97.1677839890909,"",NA,NA,NA,NA,NA,NA,NA,NA,NA,1855.9409,57.8896,"Within_Range",14171.5182,399.7607,"Within_Range",25.608,0,0,0,"bdl","Within range"
"COMPASS:Synoptic","CB","GWI_202505_WC_LYSC_10CM",2025,5,20,"GWI","WC","C",10,"","","",29.6,2464.40762634252,NA,27.38,2279.57705436683,"",0.94,67.1107398602098,"",NA,NA,NA,NA,NA,NA,NA,NA,NA,1506.6885,46.9959,"Within_Range",7601.9868,214.4425,"Within_Range",13.7368,0,0,0,"bdl","Within range"
"COMPASS:Synoptic","CB","SWH_202505_SW_A",2025,5,21,"SWH","SW","A",0,"10:25","EDT","",8.073,672.133877279161,NA,7.418,617.600532844892,"",0.2143,15.2998208000457,"",NA,NA,NA,NA,NA,NA,NA,NA,NA,8.117,0.2532,"Within_Range",32.1574,0.9071,"Within_Range",0.0581,0.0791,0.068,85.9413,"Within_Range","High CV"
"COMPASS:Synoptic","CB","SWH_202505_SW_B",2025,5,21,"SWH","SW","B",0,"10:30","EDT","",7.728,643.410207309966,NA,7.05,586.961951544418,"",0.1492,10.6520450927056,"",NA,NA,NA,NA,NA,NA,NA,NA,NA,8.0364,0.2507,"Within_Range",34.3592,0.9692,"Within_Range",0.0621,0,0,0,"bdl","Within range"
"COMPASS:Synoptic","CB","SWH_202505_SW_C",2025,5,21,"SWH","SW","C",0,"10:38","EDT","",7.686,639.91341270502,NA,6.817,567.563067188411,"",0.1889,13.4864029357379,"",NA,NA,NA,NA,NA,NA,NA,NA,NA,9.0204,0.2814,"Within_Range",40.5307,1.1433,"Within_Range",0.0733,0,0,0,"bdl","Within range"
"COMPASS:Synoptic","CB","SWH_202505_SWAMP_LYSA_10CM",2025,5,21,"SWH","SWAMP","A",10,"11:29","EDT","",13.83,1151.4445091999,NA,19.12,1591.87411539422,"",0.3276,23.3888067853242,"",NA,NA,NA,NA,NA,NA,NA,NA,NA,12.4477,0.3883,"Within_Range",18.7782,0.5297,"Within_Range",0.034,14.9567,0.8775,5.8671,"Within_Range","Within range"
"COMPASS:Synoptic","CB","SWH_202505_SWAMP_LYSA_20CM",2025,5,21,"SWH","SWAMP","A",20,"11:34","EDT","",16.83,1401.21555241029,NA,15.11,1258.01348763633,"",0.3206,22.8890459565779,"",NA,NA,NA,NA,NA,NA,NA,NA,NA,0.7144,0.0223,"Within_Range",13.2165,0.3728,"Within_Range",0.0239,26.9532,1.7551,6.5115,"Within_Range","Within range"
"COMPASS:Synoptic","CB","SWH_202505_SWAMP_LYSA_45CM",2025,5,21,"SWH","SWAMP","A",45,"11:36","EDT","",NA,NA,NA,14.26,1187.24502539339,"",0.5537,39.5310815538278,"",NA,NA,NA,NA,NA,NA,NA,NA,NA,9.4691,0.2954,"Within_Range",46.5777,1.3139,"Within_Range",0.0842,0.2197,0.0731,33.2908,"Within_Range","High CV"
"COMPASS:Synoptic","CB","SWH_202505_SWAMP_LYSB_10CM",2025,5,21,"SWH","SWAMP","B",10,"11:37","EDT","",11.85,986.595620681042,NA,58.76,4892.18216634751,"",1.196,85.3877073115009,"",NA,NA,NA,NA,NA,NA,NA,NA,NA,8.5886,0.2679,"Within_Range",35.7691,1.009,"Within_Range",0.0647,3.1671,0.1463,4.618,"Within_Range","Within range"
"COMPASS:Synoptic","CB","SWH_202505_SWAMP_LYSB_20CM",2025,5,21,"SWH","SWAMP","B",20,"11:40","EDT","",13.84,1152.27707934393,NA,22.28,1854.96628090917,"",0.2421,17.2845852342093,"",NA,NA,NA,NA,NA,NA,NA,NA,NA,12.9433,0.4037,"Within_Range",21.102,0.5953,"Within_Range",0.0382,0,0,0,"bdl","Within range"
"COMPASS:Synoptic","CB","SWH_202505_SWAMP_LYSB_45CM",2025,5,21,"SWH","SWAMP","B",45,"11:42","EDT","",13.17,1096.49487969361,NA,11.58,964.116226792107,"",0.4896,34.9547002505944,"",NA,NA,NA,NA,NA,NA,NA,NA,NA,11.9924,0.3741,"Within_Range",41.524,1.1713,"Within_Range",0.0751,8.6482,0.5758,6.6581,"Within_Range","Within range"
"COMPASS:Synoptic","CB","SWH_202505_SWAMP_LYSC_10CM",2025,5,21,"SWH","SWAMP","C",10,"11:48","EDT","",7.694,640.579468820248,NA,33.32,2774.1237199234,"",0.4857,34.6762620745786,"",NA,NA,NA,NA,NA,NA,NA,NA,NA,1.0798,0.0337,"Within_Range",34.8317,0.9826,"Within_Range",0.063,5.1837,0.0731,1.4107,"Within_Range","Within range"
"COMPASS:Synoptic","CB","SWH_202505_SWAMP_LYSC_20CM",2025,5,21,"SWH","SWAMP","C",20,"11:51","EDT","",7.611,633.669136624761,NA,31.25,2601.78170010823,"",0.4515,32.2345734541327,"",NA,NA,NA,NA,NA,NA,NA,NA,NA,1.0947,0.0341,"Within_Range",3.4169,0.0964,"Within_Range",0.0062,10.1478,0.6581,6.4856,"Within_Range","Within range"
"COMPASS:Synoptic","CB","SWH_202505_SWAMP_LYSC_45CM",2025,5,21,"SWH","SWAMP","C",45,"11:53","EDT","",9.059,754.225293480976,NA,32.99,2746.64890517026,"",0.5068,36.182684001228,"",NA,NA,NA,NA,NA,NA,NA,NA,NA,0.9019,0.0281,"Within_Range",4.0829,0.1152,"Within_Range",0.0074,13.8708,1.9744,14.2345,"Within_Range","High CV"
"COMPASS:Synoptic","CB","SWH_202505_TR_LYSA_10CM",2025,5,21,"SWH","TR","A",10,"10:21","EDT","",15.62,1300.4745649821,NA,17.59,1464.49088335692,"",0.326,23.2745757387536,"",NA,NA,NA,NA,NA,NA,NA,NA,NA,6.3849,0.1992,"Within_Range",114.284,3.2238,"Within_Range",0.2065,0,0,0,"bdl","Within range"
"COMPASS:Synoptic","CB","SWH_202505_TR_LYSA_20CM",2025,5,21,"SWH","TR","A",20,"10:29","EDT","",44.5,3704.93714095413,NA,35.42,2948.96345017068,"",2.339,166.991511205352,"",NA,NA,NA,NA,NA,NA,NA,NA,NA,0.4644,0.0145,"Within_Range",159.7353,4.5059,"Within_Range",0.2887,29.194,2.3363,8.0026,"Within_Range","Within range"
"COMPASS:Synoptic","CB","SWH_202505_TR_LYSA_45CM",2025,5,21,"SWH","TR","A",45,"10:35","EDT","",57.92,4822.24627424861,NA,23.33,1942.3861460328,"",3.219,229.818586819165,"value above cal curve",NA,NA,NA,NA,NA,NA,NA,NA,NA,0,0,"bdl",559.8287,15.7921,"Within_Range",1.0116,13.3954,0.8158,6.0904,"Within_Range","Within range"
"COMPASS:Synoptic","CB","SWH_202505_TR_LYSB_10CM",2025,5,21,"SWH","TR","B",10,"10:42","EDT","",8.815,733.910581966531,NA,10.99,914.994588294064,"",0.2036,14.535900676105,"",NA,NA,NA,NA,NA,NA,NA,NA,NA,11.1485,0.3477,"Within_Range",32.286,0.9107,"Within_Range",0.0584,0,0,0,"bdl","Within range"
"COMPASS:Synoptic","CB","SWH_202505_TR_LYSB_20CM",2025,5,21,"SWH","TR","B",20,"10:50","EDT","",37.94,3158.7711264674,NA,47.38,3944.7173424361,"",2.053,146.572711630862,"",NA,NA,NA,NA,NA,NA,NA,NA,NA,0,0,"bdl",167.2167,4.717,"Within_Range",0.3022,22.4011,0.7216,3.2214,"Within_Range","Within range"
"COMPASS:Synoptic","CB","SWH_202505_TR_LYSB_45CM",2025,5,21,"SWH","TR","B",45,"10:55","EDT","Two samples (FE, NUTR) not checked off on the datasheet, but I think they were taken ",51.97,4326.867038548,NA,36.06,3002.24793938889,"",2.735,195.263695231568,"",NA,NA,NA,NA,NA,NA,NA,NA,NA,0,0,"bdl",510.4166,14.3982,"Within_Range",0.9223,519.3859,82.2273,15.8316,"Within_Range","High CV"
"COMPASS:Synoptic","CB","SWH_202505_TR_LYSC_10CM",2025,5,21,"SWH","TR","C",10,"11:19","EDT","",15.41,1282.99059195737,NA,14.93,1243.02722504371,"",0.3262,23.2888546195749,"",NA,NA,NA,NA,NA,NA,NA,NA,NA,14.0216,0.4374,"Within_Range",64.1332,1.8091,"Within_Range",0.1159,0,0,0,"bdl","Within range"
"COMPASS:Synoptic","CB","SWH_202505_TR_LYSC_20CM",2025,5,21,"SWH","TR","C",20,"11:25","EDT","NUTR label came off and had to get a new vial and label ",24.9,2073.09965864624,NA,20.16,1678.46141037382,"",0.8434,60.2140404235116,"",NA,NA,NA,NA,NA,NA,NA,NA,NA,5.1397,0.1603,"Within_Range",118.6388,3.3467,"Within_Range",0.2144,14.2607,0.8158,5.7208,"Within_Range","Within range"
"COMPASS:Synoptic","CB","SWH_202505_TR_LYSC_45CM",2025,5,21,"SWH","TR","C",45,"11:30","EDT","",38.48,3203.72991424528,NA,29.93,2491.88244109566,"",1.75,124.940207186561,"",NA,NA,NA,NA,NA,NA,NA,NA,NA,0,0,"bdl",209.0462,5.8969,"Within_Range",0.3778,297.8869,15.6623,5.2578,"Within_Range","Within range"
"COMPASS:Synoptic","CB","SWH_202505_UP_LYSA_10CM",2025,5,21,"SWH","UP","A",10,"10:20","EDT","",11.86,987.428190825077,NA,23.07,1920.7393222879,"",0.4156,29.6715143467055,"",NA,NA,NA,NA,NA,NA,NA,NA,NA,2.5702,0.0802,"Within_Range",2.2788,0.0643,"Within_Range",0.0041,0,0,0,"bdl","Within range"
"COMPASS:Synoptic","CB","SWH_202505_UP_LYSA_20CM",2025,5,21,"SWH","UP","A",20,"10:24","EDT","",18.54,1543.58504704021,NA,27.17,2262.0930813421,"",0.5244,37.4392255135042,"",NA,NA,NA,NA,NA,NA,NA,NA,NA,13.7296,0.4282,"Within_Range",2.5073,0.0707,"Within_Range",0.0046,0,0,0,"bdl","Within range"
"COMPASS:Synoptic","CB","SWH_202505_UP_LYSA_45CM",2025,5,21,"SWH","UP","A",45,"10:26","EDT","",16.45,1369.57788693697,NA,16.72,1392.05728082591,"",0.2362,16.8633582499804,"",NA,NA,NA,NA,NA,NA,NA,NA,NA,1.3921,0.0434,"Within_Range",3.3899,0.0956,"Within_Range",0.0062,19.8574,1.5148,7.6283,"Within_Range","Within range"
"COMPASS:Synoptic","CB","SWH_202505_UP_LYSB_10CM",2025,5,21,"SWH","UP","B",10,"10:28","EDT","",NA,NA,NA,40.34,3358.58796103572,"",0.5554,39.652452040809,"",NA,NA,NA,NA,NA,NA,NA,NA,NA,2.3081,0.072,"Within_Range",1.7499,0.0494,"Within_Range",0.0032,0,0,0,"bdl","Within range"
"COMPASS:Synoptic","CB","SWH_202505_UP_LYSB_20CM",2025,5,21,"SWH","UP","B",20,"10:31","EDT","",25.53,2125.55157772042,NA,34.86,2902.33952210474,"",0.4855,34.6619831937573,"",NA,NA,NA,NA,NA,NA,NA,NA,NA,2.9274,0.0913,"Within_Range",1.928,0.0544,"Within_Range",0.0035,0,0,0,"bdl","Within range"
"COMPASS:Synoptic","CB","SWH_202505_UP_LYSB_45CM",2025,5,21,"SWH","UP","B",45,"10:34","EDT","",NA,NA,NA,32.52,2707.51810840063,"",0.4322,30.8566614548752,"",NA,NA,NA,NA,NA,NA,NA,NA,NA,0.6371,0.0199,"Within_Range",4.086,0.1153,"Within_Range",0.0074,13.302,1.0238,7.6965,"Within_Range","Within range"
"COMPASS:Synoptic","CB","SWH_202505_UP_LYSC_10CM",2025,5,21,"SWH","UP","C",10,"10:36","EDT","",11.05,919.990009158272,NA,69.84,5814.66988593789,"",0.9478,67.6676162122413,"",NA,NA,NA,NA,NA,NA,NA,NA,NA,1.0424,0.0325,"Within_Range",8.3166,0.2346,"Within_Range",0.0151,0,0,0,"bdl","Within range"
"COMPASS:Synoptic","CB","SWH_202505_UP_LYSC_20CM",2025,5,21,"SWH","UP","C",20,"10:39","EDT","",24.06,2003.16376654733,NA,62.15,5174.42344517526,"",0.8783,62.7057051268322,"",NA,NA,NA,NA,NA,NA,NA,NA,NA,0.7427,0.0232,"Within_Range",4.4981,0.1269,"Within_Range",0.0082,0,0,0,"bdl","Within range"
"COMPASS:Synoptic","CB","SWH_202505_UP_LYSC_45CM",2025,5,21,"SWH","UP","C",45,"10:43","EDT","",NA,NA,NA,38.93,3241.19557072683,"",0.5458,38.9670657613856,"",NA,NA,NA,NA,NA,NA,NA,NA,NA,0.9607,0.03,"Within_Range",8.9303,0.2519,"Within_Range",0.0162,18.3695,0.585,3.1847,"Within_Range","Within range"
"COMPASS:Synoptic","CB","SWH_202505_WC_LYSA_10CM",2025,5,21,"SWH","WC","A",10,"11:56","EDT","",38.68,3220.38131712597,NA,15.17,1263.00890850054,"",0.3354,23.9456831373557,"",NA,NA,NA,NA,NA,NA,NA,NA,NA,15.011,0.4682,"Within_Range",164.9042,4.6517,"Within_Range",0.298,36.3911,0.1566,0.4304,"Within_Range","Within range"
"COMPASS:Synoptic","CB","SWH_202505_WC_LYSA_20CM",2025,5,21,"SWH","WC","A",20,"11:59","EDT","",NA,NA,NA,20.04,1668.47056864541,"",0.3433,24.5096989297979,"",NA,NA,NA,NA,NA,NA,NA,NA,NA,0.6237,0.0195,"Within_Range",408.9197,11.5351,"Within_Range",0.7389,13.6875,0.9397,6.8657,"Within_Range","Within range"
"COMPASS:Synoptic","CB","SWH_202505_WC_LYSA_45CM",2025,5,21,"SWH","WC","A",45,"12:02","EDT","",NA,NA,NA,15.5,1290.48372325368,"",0.2231,15.9280915561838,"",NA,NA,NA,NA,NA,NA,NA,NA,NA,3.082,0.0961,"Within_Range",559.6246,15.7863,"Within_Range",1.0113,5.6028,0.4699,8.3864,"Within_Range","Within range"
"COMPASS:Synoptic","CB","SWH_202505_WC_LYSB_10CM",2025,5,21,"SWH","WC","B",10,"12:04","EDT","",47.09,3920.5728082591,NA,14.4,1198.90100740987,"",0.3421,24.42402564487,"",NA,NA,NA,NA,NA,NA,NA,NA,NA,7.7107,0.2405,"Within_Range",118.5161,3.3432,"Within_Range",0.2142,17.6744,1.5386,8.7051,"Within_Range","Within range"
"COMPASS:Synoptic","CB","SWH_202505_WC_LYSB_20CM",2025,5,21,"SWH","WC","B",20,"12:06","EDT","",65.1,5420.03163766547,NA,19.47,1621.01407043543,"",0.3993,28.5077855597678,"",NA,NA,NA,NA,NA,NA,NA,NA,NA,0.7906,0.0247,"Within_Range",215.5893,6.0815,"Within_Range",0.3896,6.2119,0.0783,1.2607,"Within_Range","Within range"
"COMPASS:Synoptic","CB","SWH_202505_WC_LYSB_45CM",2025,5,21,"SWH","WC","B",45,"12:09","EDT","",NA,NA,NA,18.43,1534.42677545583,"",0.31,22.1322652730479,"",NA,NA,NA,NA,NA,NA,NA,NA,NA,0,0,"bdl",632.8896,17.853,"Within_Range",1.1437,0,0,0,"bdl","Within range"
"COMPASS:Synoptic","CB","SWH_202505_WC_LYSC_10CM",2025,5,21,"SWH","WC","C",10,"12:12","EDT","",46.43,3865.62317875281,NA,12.27,1021.5635667305,"",0.2715,19.3835807149436,"",NA,NA,NA,NA,NA,NA,NA,NA,NA,0,0,"bdl",128.7588,3.6321,"Within_Range",0.2327,13.466,2.6626,19.7728,"Within_Range","High CV"
"COMPASS:Synoptic","CB","SWH_202505_WC_LYSC_20CM",2025,5,21,"SWH","WC","C",20,"12:14","EDT","",52.48,4369.32811589376,NA,14.59,1214.71984014653,"",0.3404,24.3026551578887,"",NA,NA,NA,NA,NA,NA,NA,NA,NA,4.9084,0.1531,"Within_Range",206.3616,5.8212,"Within_Range",0.3729,4.9383,0.3836,7.7689,"Within_Range","Within range"
"COMPASS:Synoptic","CB","SWH_202505_WC_LYSC_45CM",2025,5,21,"SWH","WC","C",45,"12:20","EDT","also collected a DIC dup",61.34,5106.98526350845,NA,13.92,1158.93764049621,"",0.2601,18.5696845081283,"",NA,NA,NA,NA,NA,NA,NA,NA,NA,0.8405,0.0262,"Within_Range",745.044,21.0168,"Within_Range",1.3463,3.2216,0.2349,7.2924,"Within_Range","Within range"
"COMPASS:Synoptic","CB","MSM_202507_SW_A",2025,7,15,"MSM","SW","A",0,"10:15","EDT","",17.3,1440.34634917992,NA,6.994,582.299558737824,"NPOC checks out of range",0.4025,28.736247652909,"",NA,NA,NA,NA,NA,NA,NA,NA,NA,854.3693,26.6491,"Within_Range",6150.812,173.5067,"Within_Range",11.1145,0,0,0,"bdl","Within range"
"COMPASS:Synoptic","CB","MSM_202507_SW_B",2025,7,15,"MSM","SW","B",0,"10:15","EDT","",16.77,1396.22013154608,NA,7.017,584.214470069103,"NPOC checks out of range",0.4842,34.5691704684187,"",NA,NA,NA,NA,NA,NA,NA,NA,NA,839.6937,26.1913,"Within_Range",6031.8786,170.1517,"Within_Range",10.8996,0,0,0,"bdl","Within range"
"COMPASS:Synoptic","CB","MSM_202507_SW_C",2025,7,15,"MSM","SW","C",0,"10:15","EDT","",16.79,1397.88527183415,NA,7.648,636.749646157689,"NPOC checks out of range",0.463,33.0556091013586,"",NA,NA,NA,NA,NA,NA,NA,NA,NA,877.7337,27.3778,"Within_Range",6319.3335,178.2605,"Within_Range",11.4191,0,0,0,"bdl","Within range"
"COMPASS:Synoptic","CB","MSM_202507_TR_LYSA_10CM",2025,7,15,"MSM","TR","A",10,"12:14","EDT","dic duplicate",28.03,2333.69411372908,NA,93.14,7754.55832153859,"NPOC checks out of range",2.378,169.775892965509,"",NA,NA,NA,NA,NA,NA,NA,NA,NA,488.3082,15.2311,"Within_Range",3677.5949,103.7403,"Within_Range",6.6454,0,0,0,"bdl","Within range"
"COMPASS:Synoptic","CB","MSM_202507_TR_LYSA_20CM",2025,7,15,"MSM","TR","A",20,"12:16","EDT","",36.06,3002.24793938889,NA,33.78,2812.421946549,"NPOC checks out of range",1.668,119.085866049819,"",NA,NA,NA,NA,NA,NA,NA,NA,NA,779.452,24.3123,"Within_Range",5348.7229,150.8808,"Within_Range",9.6652,9.3932,1.0666,11.355,"Within_Range","High CV"
"COMPASS:Synoptic","CB","MSM_202507_TR_LYSA_45CM",2025,7,15,"MSM","TR","A",45,"12:18","EDT","",NA,NA,NA,30.01,2498.54300224794,"NPOC checks out of range",1.544,110.2329599406,"",NA,NA,NA,NA,NA,NA,NA,NA,NA,672.2942,20.9699,"Within_Range",5672.643,160.0181,"Within_Range",10.2505,0,0,0,"bdl","Within range"
"COMPASS:Synoptic","CB","MSM_202507_TR_LYSB_10CM",2025,7,15,"MSM","TR","B",10,"12:20","EDT","",36.08,3003.91307967696,NA,96.26,8014.3202064774,"NPOC checks out of range",2.395,170.989597835322,"",NA,NA,NA,NA,NA,NA,NA,NA,NA,438.486,13.677,"Within_Range",3363.3031,94.8746,"Within_Range",6.0775,0.7421,0.3764,50.7285,"Within_Range","High CV"
"COMPASS:Synoptic","CB","MSM_202507_TR_LYSB_20CM",2025,7,15,"MSM","TR","B",20,"12:22","EDT","",50.16,4176.17184247773,NA,54.18,4510.86504037965,"NPOC checks out of range",3.73,266.301127317641,"value above cal curve",NA,NA,NA,NA,NA,NA,NA,NA,NA,563.8803,17.5883,"Within_Range",5053.4229,142.5507,"Within_Range",9.1316,8.9348,0.5199,5.8189,"Within_Range","Within range"
"COMPASS:Synoptic","CB","MSM_202507_TR_LYSB_45CM",2025,7,15,"MSM","TR","B",45,"12:23","EDT","",37.73,3141.28715344268,NA,44.02,3664.97377404046,"NPOC checks out of range",3.843,274.368694981687,"value above cal curve",NA,NA,NA,NA,NA,NA,NA,NA,NA,518.7984,16.1821,"Within_Range",6155.7744,173.6467,"Within_Range",11.1235,6.9532,0.1255,1.8047,"Within_Range","Within range"
"COMPASS:Synoptic","CB","MSM_202507_TR_LYSC_20CM",2025,7,15,"MSM","TR","C",20,"12:26","EDT","",36.68,3053.86728831904,NA,50.22,4181.16726334194,"NPOC checks out of range",2.889,206.258433463985,"",NA,NA,NA,NA,NA,NA,NA,NA,NA,432.208,13.4812,"Within_Range",4576.8636,129.1076,"Within_Range",8.2704,24.6103,0.3764,1.5296,"Within_Range","Within range"
"COMPASS:Synoptic","CB","MSM_202507_TR_LYSC_45CM",2025,7,15,"MSM","TR","C",45,"12:27","EDT","",NA,NA,NA,23.08,1921.57189243194,"NPOC checks out of range",2.166,154.640279294909,"",NA,NA,NA,NA,NA,NA,NA,NA,NA,702.6305,21.9161,"Within_Range",6250.6642,176.3234,"Within_Range",11.295,0.2097,0.1255,59.8374,"Within_Range","High CV"
"COMPASS:Synoptic","CB","MSM_202507_UP_LYSA_10CM",2025,7,15,"MSM","UP","A",10,"","","",NA,NA,NA,NA,NA,NA,NA,NA,NA,NA,NA,NA,NA,NA,NA,NA,NA,NA,128.5503,4.0097,"Within_Range",1211.8954,34.186,"Within_Range",2.1899,0,0,0,"bdl","Within range"
"COMPASS:Synoptic","CB","MSM_202507_UP_LYSA_20CM",2025,7,15,"MSM","UP","A",20,"","","",NA,NA,NA,78.75,6556.48988427275,"NPOC checks out of range",1.719,122.726980659256,"",NA,NA,NA,NA,NA,NA,NA,NA,NA,182.4647,5.6914,"Within_Range",1804.8695,50.9131,"Within_Range",3.2614,0,0,0,"bdl","Within range"
"COMPASS:Synoptic","CB","MSM_202507_UP_LYSA_45CM",2025,7,15,"MSM","UP","A",45,"13:42","EDT","",NA,NA,NA,36.86,3068.85355091166,"NPOC checks out of range",0.8249,58.8932439475394,"",NA,NA,NA,NA,NA,NA,NA,NA,NA,194.6609,6.0718,"Within_Range",2361.5604,66.6167,"Within_Range",4.2674,0,0,0,"bdl","Within range"
"COMPASS:Synoptic","CB","MSM_202507_UP_LYSB_10CM",2025,7,15,"MSM","UP","B",10,"13:38","EDT","",21,1748.39730247273,NA,84.86,7065.19024227791,"NPOC checks out of range",1.467,104.735590824391,"",NA,NA,NA,NA,NA,NA,NA,NA,NA,97.0051,3.0257,"Within_Range",587.1877,16.5638,"Within_Range",1.0611,0,0,0,"bdl","Within range"
"COMPASS:Synoptic","CB","MSM_202507_UP_LYSB_20CM",2025,7,15,"MSM","UP","B",20,"13:40","EDT","",17.39,1447.83948047623,NA,105.1,8750.31221380401,"NPOC checks out of range; value above cal curve",1.618,115.516145844489,"",NA,NA,NA,NA,NA,NA,NA,NA,NA,61.7145,1.925,"Within_Range",499.9943,14.1042,"Within_Range",0.9035,0,0,0,"bdl","Within range"
"COMPASS:Synoptic","CB","MSM_202507_UP_LYSB_45CM",2025,7,15,"MSM","UP","B",45,"","","",NA,NA,NA,30.9,2572.64174506702,"NPOC checks out of range",0.6782,48.4196848651003,"",NA,NA,NA,NA,NA,NA,NA,NA,NA,221.0948,6.8963,"Within_Range",2274.4015,64.158,"Within_Range",4.1099,0,0,0,"bdl","Within range"
"COMPASS:Synoptic","CB","MSM_202507_UP_LYSC_10CM",2025,7,15,"MSM","UP","C",10,"","","",30.33,2525.18524685705,NA,60.91,5071.18474731496,"NPOC checks out of range",1.251,89.3143995373643,"",NA,NA,NA,NA,NA,NA,NA,NA,NA,106.7654,3.3302,"Within_Range",848.2299,23.9275,"Within_Range",1.5328,3.0091,0,0,"Within_Range","Within range"
"COMPASS:Synoptic","CB","MSM_202507_UP_LYSC_20CM",2025,7,15,"MSM","UP","C",20,"","","",34.37,2861.54358504704,NA,72.86,6066.10606943635,"NPOC checks out of range",1.519,108.448099837935,"",NA,NA,NA,NA,NA,NA,NA,NA,NA,109.6934,3.4215,"Within_Range",1027.5064,28.9847,"Within_Range",1.8567,0,0,0,"bdl","Within range"
"COMPASS:Synoptic","CB","MSM_202507_UP_LYSC_45CM",2025,7,15,"MSM","UP","C",45,"","","",NA,NA,NA,30.67,2553.49263175423,"NPOC checks out of range",0.9981,71.2587547388036,"",NA,NA,NA,NA,NA,NA,NA,NA,NA,188.5396,5.8808,"Within_Range",1891.0355,53.3437,"Within_Range",3.4171,7.7517,0.8784,11.3314,"Within_Range","High CV"
"COMPASS:Synoptic","CB","MSM_202507_WC_LYSA_10CM",2025,7,15,"MSM","WC","A",10,"11:30","EDT","",61.19,5094.49671134793,NA,19.18,1596.86953625843,"NPOC checks out of range",0.9523,67.988891030721,"",NA,NA,NA,NA,NA,NA,NA,NA,NA,717.8863,22.392,"Within_Range",6496.931,183.2703,"Within_Range",11.74,2262.6704,20.1278,0.8896,"Within_Range","Within range"
"COMPASS:Synoptic","CB","MSM_202507_WC_LYSA_20CM",2025,7,15,"MSM","WC","A",20,"11:32","EDT","",81.35,6772.95812172175,NA,22.57,1879.11081508617,"NPOC checks out of range",1.53,109.233438283107,"",NA,NA,NA,NA,NA,NA,NA,NA,NA,920.5094,28.7121,"Within_Range",7786.0027,219.6334,"Within_Range",14.0693,1165.7319,50.888,4.3653,"Within_Range","Within range"
"COMPASS:Synoptic","CB","MSM_202507_WC_LYSA_45CM",2025,7,15,"MSM","WC","A",45,"11:35","EDT","",NA,NA,NA,103.8,8642.07809507951,"NPOC checks out of range; value above cal curve",2.091,149.285698986913,"",NA,NA,NA,NA,NA,NA,NA,NA,NA,88.2803,2.7536,"Within_Range",9020.0066,254.4431,"Within_Range",16.2992,1.3742,0.5268,38.3363,"Within_Range","High CV"
"COMPASS:Synoptic","CB","MSM_202507_WC_LYSB_10CM",2025,7,15,"MSM","WC","B",10,"11:17","EDT","",76.18,6342.51935725585,NA,22.91,1907.41819998335,"NPOC checks out of range",1.428,101.951209064234,"",NA,NA,NA,NA,NA,NA,NA,NA,NA,838.5124,26.1545,"Within_Range",7851.5493,221.4823,"Within_Range",14.1878,1180.1698,74.413,6.3053,"Within_Range","Within range"
"COMPASS:Synoptic","CB","MSM_202507_WC_LYSB_20CM",2025,7,15,"MSM","WC","B",20,"11:22","EDT","",88.06,7331.612688369,NA,25.48,2121.38872700025,"NPOC checks out of range",1.77,126.368095268693,"",NA,NA,NA,NA,NA,NA,NA,NA,NA,949.4409,29.6145,"Within_Range",8470.9071,238.9537,"Within_Range",15.307,1274.0753,81.7745,6.4183,"Within_Range","Within range"
"COMPASS:Synoptic","CB","MSM_202507_WC_LYSC_10CM",2025,7,15,"MSM","WC","C",10,"11:07","EDT","dic duplicate",83.88,6983.59836816252,NA,22.32,1858.29656148531,"NPOC checks out of range",1.069,76.3206179899619,"",NA,NA,NA,NA,NA,NA,NA,NA,NA,913.5242,28.4942,"Within_Range",8591.4762,242.3548,"Within_Range",15.5248,1793.8826,173.1411,9.6518,"Within_Range","Within range"
"COMPASS:Synoptic","CB","MSM_202507_WC_LYSC_20CM",2025,7,15,"MSM","WC","C",20,"11:11","EDT","",91.25,7597.20256431604,NA,37.33,3107.98434768129,"NPOC checks out of range",2.714,193.764412745329,"",NA,NA,NA,NA,NA,NA,NA,NA,NA,901.4927,28.1189,"Within_Range",8171.4645,230.5068,"Within_Range",14.7659,1443.4008,16.3509,1.1328,"Within_Range","Within range"
"COMPASS:Synoptic","CB","GCW_202507_SW_A",2025,7,16,"GCW","SW","A",0,"10:30","EDT","",18.14,1510.28224127883,NA,7.687,639.996669719424,"NPOC checks out of range",0.5487,39.1741095332948,"",NA,NA,NA,NA,NA,NA,NA,NA,NA,414.9446,12.9428,"Within_Range",3135.4278,88.4465,"Within_Range",5.6657,0,0,0,"bdl","Within range"
"COMPASS:Synoptic","CB","GCW_202507_SW_B",2025,7,16,"GCW","SW","B",0,"10:54","EDT","",17.4,1448.67205062026,NA,6.587,548.413953875614,"NPOC checks out of range",0.4585,32.7343342828789,"",NA,NA,NA,NA,NA,NA,NA,NA,NA,335.2263,10.4562,"Within_Range",2464.9331,69.5327,"Within_Range",4.4542,0,0,0,"bdl","Within range"
"COMPASS:Synoptic","CB","GCW_202507_SW_C",2025,7,16,"GCW","SW","C",0,"10:35","EDT","",17.07,1421.19723586712,NA,7.017,584.214470069103,"NPOC checks out of range",0.4429,31.6205815788159,"",NA,NA,NA,NA,NA,NA,NA,NA,NA,410.2565,12.7965,"Within_Range",3069.8099,86.5955,"Within_Range",5.5472,0,0,0,"bdl","Within range"
"COMPASS:Synoptic","CB","GCW_202507_TR_LYSA_20CM",2025,7,16,"GCW","TR","A",20,"12:56","EDT","",23.25,1935.72558488053,NA,7.353,612.188826908667,"NPOC checks out of range",0.2971,21.2112774600727,"",NA,NA,NA,NA,NA,NA,NA,NA,NA,23.6017,0.7362,"Within_Range",23.7154,0.669,"Within_Range",0.0429,0,0,0,"bdl","Within range"
"COMPASS:Synoptic","CB","GCW_202507_TR_LYSA_45CM",2025,7,16,"GCW","TR","A",45,"12:59","EDT","",NA,NA,NA,NA,NA,NA,NA,NA,NA,NA,NA,NA,NA,NA,NA,NA,NA,NA,6.1443,0.1917,"Within_Range",230.4893,6.5018,"Within_Range",0.4165,0,0,0,"bdl","Within range"
"COMPASS:Synoptic","CB","GCW_202507_TR_LYSB_10CM",2025,7,16,"GCW","TR","B",10,"13:01","EDT","",15.48,1288.81858296561,NA,6.755,562.401132295396,"NPOC checks out of range",0.5425,38.7314642278338,"",NA,NA,NA,NA,NA,NA,NA,NA,NA,41.7017,1.3007,"Within_Range",169.7557,4.7886,"Within_Range",0.3068,0,0,0,"bdl","Within range"
"COMPASS:Synoptic","CB","GCW_202507_TR_LYSB_20CM",2025,7,16,"GCW","TR","B",20,"13:04","EDT","",35.27,2936.47489801016,NA,9.303,774.540004995421,"NPOC checks out of range",0.456,32.5558482726124,"",NA,NA,NA,NA,NA,NA,NA,NA,NA,39.7572,1.2401,"Within_Range",116.6307,3.29,"Within_Range",0.2108,4.9441,0.8281,16.7487,"Within_Range","High CV"
"COMPASS:Synoptic","CB","GCW_202507_TR_LYSB_45CM",2025,7,16,"GCW","TR","B",45,"13:07","EDT","",NA,NA,NA,NA,NA,NA,NA,NA,NA,NA,NA,NA,NA,NA,NA,NA,NA,NA,8.5992,0.2682,"Within_Range",97.7144,2.7564,"Within_Range",0.1766,0,0,0,"bdl","Within range"
"COMPASS:Synoptic","CB","GCW_202507_TR_LYSC_10CM",2025,7,16,"GCW","TR","C",10,"13:10","EDT","",12.42,1034.05211889102,NA,15.72,1308.80026642245,"NPOC checks out of range",0.3131,22.3535879257784,"",NA,NA,NA,NA,NA,NA,NA,NA,NA,35.1292,1.0957,"Within_Range",170.2301,4.802,"Within_Range",0.3076,0,0,0,"bdl","Within range"
"COMPASS:Synoptic","CB","GCW_202507_TR_LYSC_20CM",2025,7,16,"GCW","TR","C",20,"13:13","EDT","",21.31,1774.20697693781,NA,4.182,348.180834235284,"NPOC checks out of range",0.1473,10.5163957249031,"",NA,NA,NA,NA,NA,NA,NA,NA,NA,59.2295,1.8475,"Within_Range",623.8329,17.5975,"Within_Range",1.1273,0,0,0,"bdl","Within range"
"COMPASS:Synoptic","CB","GCW_202507_TR_LYSC_45CM",2025,7,16,"GCW","TR","C",45,"13:15","EDT","",NA,NA,NA,NA,NA,NA,NA,NA,NA,NA,NA,NA,NA,NA,NA,NA,NA,NA,27.7255,0.8648,"Within_Range",1333.6556,37.6208,"Within_Range",2.4099,0,0,0,"bdl","Within range"
"COMPASS:Synoptic","CB","GCW_202507_UP_LYSA_20CM",2025,7,16,"GCW","UP","A",20,"13:39","EDT","",NA,NA,NA,NA,NA,NA,NA,NA,NA,NA,NA,NA,NA,NA,NA,NA,NA,NA,0.4165,0.013,"Within_Range",2.3068,0.0651,"Within_Range",0.0042,0,0,0,"bdl","Within range"
"COMPASS:Synoptic","CB","GCW_202507_UP_LYSB_10CM",2025,7,16,"GCW","UP","B",10,"10:40","EDT","",NA,NA,NA,NA,NA,NA,NA,NA,NA,NA,NA,NA,NA,NA,NA,NA,NA,NA,2.7658,0.0863,"Within_Range",0.5784,0.0163,"Within_Range",0.0011,0,0,0,"bdl","Within range"
"COMPASS:Synoptic","CB","GCW_202507_UP_LYSB_20CM",2025,7,16,"GCW","UP","B",20,"13:43","EDT","",NA,NA,NA,20.63,1717.59220714345,"NPOC checks out of range",0.5867,41.8870968893458,"",NA,NA,NA,NA,NA,NA,NA,NA,NA,1.6748,0.0522,"Within_Range",0.4902,0.0138,"Within_Range",9e-04,0,0,0,"bdl","Within range"
"COMPASS:Synoptic","CB","GCW_202507_WC_LYSA_10CM",2025,7,16,"GCW","WC","A",10,"10:10","EDT","",94.58,7874.44842227958,NA,15.15,1261.34376821247,"NPOC checks out of range",1.027,73.3220530174845,"",NA,NA,NA,NA,NA,NA,NA,NA,NA,478.8307,14.9355,"Within_Range",4955.6516,139.7927,"Within_Range",8.9549,2537.7015,70.2433,2.768,"Within_Range","Within range"
"COMPASS:Synoptic","CB","GCW_202507_WC_LYSA_20CM",2025,7,16,"GCW","WC","A",20,"10:16","EDT","",118.6,9874.28190825077,NA,13.26,1103.98801098993,"NPOC checks out of range",2.255,160.994381260397,"",NA,NA,NA,NA,NA,NA,NA,NA,NA,571.3589,17.8216,"Within_Range",5464.3971,154.1438,"Within_Range",9.8742,3848.4257,253.6153,6.5901,"Within_Range","Within range"
"COMPASS:Synoptic","CB","GCW_202507_WC_LYSA_45CM",2025,7,16,"GCW","WC","A",45,"10:22","EDT","",179.2,14919.6569811007,NA,38.27,3186.24594122055,"NPOC checks out of range",4.761,339.908757951552,"value above cal curve",NA,NA,NA,NA,NA,NA,NA,NA,NA,194.2135,6.0578,"Within_Range",5757.9944,162.4258,"Within_Range",10.4047,7194.6234,367.1949,5.1037,"Within_Range","Within range"
"COMPASS:Synoptic","CB","GCW_202507_WC_LYSB_10CM",2025,7,16,"GCW","WC","B",10,"10:30","EDT","",114.5,9532.92814919657,NA,13.24,1102.32287070186,"NPOC checks out of range",1.241,88.6004554962982,"",NA,NA,NA,NA,NA,NA,NA,NA,NA,410.6542,12.8089,"Within_Range",4316.4918,121.7628,"Within_Range",7.7999,2711.5449,169.7548,6.2604,"Within_Range","Within range"
"COMPASS:Synoptic","CB","GCW_202507_WC_LYSB_20CM",2025,7,16,"GCW","WC","B",20,"10:35","EDT","",102.4,8525.51827491466,NA,12.78,1064.02464407626,"NPOC checks out of range",2.158,154.069124062056,"",NA,NA,NA,NA,NA,NA,NA,NA,NA,544.3812,16.9801,"Within_Range",4743.4794,133.8076,"Within_Range",8.5715,2585.3015,166.828,6.4529,"Within_Range","Within range"
"COMPASS:Synoptic","CB","GCW_202507_WC_LYSB_45CM",2025,7,16,"GCW","WC","B",45,"10:44","EDT","",146,12155.5241029057,NA,15.27,1271.33460994089,"NPOC checks out of range",4.422,315.706054959412,"value above cal curve",NA,NA,NA,NA,NA,NA,NA,NA,NA,386.8219,12.0656,"Within_Range",5857.835,165.2422,"Within_Range",10.5851,5685.6663,124.3494,2.1871,"Within_Range","Within range"
"COMPASS:Synoptic","CB","GCW_202507_WC_LYSC_10CM",2025,7,16,"GCW","WC","C",10,"10:53","EDT","",68.71,5720.58945966198,NA,11.63,968.279077512281,"NPOC checks out of range",0.667,47.6200675391063,"",NA,NA,NA,NA,NA,NA,NA,NA,NA,243.5689,7.5973,"Within_Range",3525.6792,99.455,"Within_Range",6.3709,1169.8948,58.9243,5.0367,"Within_Range","Within range"
"COMPASS:Synoptic","CB","GCW_202507_WC_LYSC_20CM",2025,7,16,"GCW","WC","C",20,"10:59","EDT","",63.27,5267.67130130714,NA,9.791,815.169428024311,"NPOC checks out of range",0.4657,33.2483739924465,"",NA,NA,NA,NA,NA,NA,NA,NA,NA,362.9263,11.3202,"Within_Range",3481.9127,98.2204,"Within_Range",6.2918,1411.5069,110.0539,7.7969,"Within_Range","Within range"
"COMPASS:Synoptic","CB","GCW_202507_WC_LYSC_45CM",2025,7,16,"GCW","WC","C",45,"11:01","EDT","",NA,NA,NA,12.17,1013.23786529015,"NPOC checks out of range",1.32,94.2406134207201,"",NA,NA,NA,NA,NA,NA,NA,NA,NA,572.7001,17.8634,"Within_Range",5482.6211,154.6579,"Within_Range",9.9071,1745.7618,46.8681,2.6847,"Within_Range","Within range"
"COMPASS:Synoptic","CB","SWH_202507_SW_A",2025,7,21,"SWH","SW","A",0,"12:00","EDT","",7.363,613.021397052702,NA,12.51,1041.54525018733,"NPOC checks out of range",0.1685,12.0299570919631,"",NA,NA,NA,NA,NA,NA,NA,NA,NA,3.8311,0.1195,"Within_Range",10.5041,0.2963,"Within_Range",0.019,0,0,0,"bdl","Within range"
"COMPASS:Synoptic","CB","SWH_202507_SW_B",2025,7,21,"SWH","SW","B",0,"12:00","EDT","",6.91,575.305969527933,NA,11.87,988.260760969112,"NPOC checks out of range",0.2739,19.5549272847994,"",NA,NA,NA,NA,NA,NA,NA,NA,NA,4.0372,0.1259,"Within_Range",11.6284,0.328,"Within_Range",0.021,0,0,0,"bdl","Within range"
"COMPASS:Synoptic","CB","SWH_202507_SW_C",2025,7,21,"SWH","SW","C",0,"12:00","EDT","",6.782,564.649071684289,NA,12.65,1053.20123220381,"NPOC checks out of range",0.1719,12.2726980659256,"",NA,NA,NA,NA,NA,NA,NA,NA,NA,3.8522,0.1202,"Within_Range",8.0174,0.2262,"Within_Range",0.0145,0,0,0,"bdl","Within range"
"COMPASS:Synoptic","CB","SWH_202507_SWAMP_LYSA_10CM",2025,7,21,"SWH","SWAMP","A",10,"","","",21.73,1809.17492298726,NA,28.64,2384.48089251519,"NPOC checks out of range",0.6889,49.183604989041,"",NA,NA,NA,NA,NA,NA,NA,NA,NA,0,0,"bdl",5.1913,0.1464,"Within_Range",0.0094,19.3459,0.8997,4.6506,"Within_Range","Within range"
"COMPASS:Synoptic","CB","SWH_202507_SWAMP_LYSA_20CM",2025,7,21,"SWH","SWAMP","A",20,"","","dic duplicate",23.45,1952.37698776122,NA,28.15,2343.6849554575,"NPOC checks out of range",0.6348,45.3211677268736,"",NA,NA,NA,NA,NA,NA,NA,NA,NA,0,0,"bdl",5.0915,0.1436,"Within_Range",0.0092,25.0362,0.5363,2.1421,"Within_Range","Within range"
"COMPASS:Synoptic","CB","SWH_202507_SWAMP_LYSA_45CM",2025,7,21,"SWH","SWAMP","A",45,"15:57","EDT","",NA,NA,NA,26.34,2192.98975938723,"NPOC checks out of range",0.6154,43.9361162872054,"",NA,NA,NA,NA,NA,NA,NA,NA,NA,0.1776,0.0055,"Within_Range",21.2809,0.6003,"Within_Range",0.0385,4.0986,0.0545,1.3285,"Within_Range","Within range"
"COMPASS:Synoptic","CB","SWH_202507_SWAMP_LYSB_10CM",2025,7,21,"SWH","SWAMP","B",10,"","","",20.9,1740.07160103239,NA,122.3,10182.3328615436,"NPOC checks out of range; value above cal curve",1.833,130.865942727409,"",NA,NA,NA,NA,NA,NA,NA,NA,NA,0.2571,0.008,"Within_Range",9.4533,0.2667,"Within_Range",0.0171,5.0417,0.1089,2.16,"Within_Range","Within range"
"COMPASS:Synoptic","CB","SWH_202507_SWAMP_LYSB_20CM",2025,7,21,"SWH","SWAMP","B",20,"","","",NA,NA,NA,19.55,1627.67463158771,"NPOC checks out of range",0.2424,17.3060035554413,"",NA,NA,NA,NA,NA,NA,NA,NA,NA,0.1223,0.0038,"Within_Range",7.7902,0.2198,"Within_Range",0.0141,11.9895,0,0,"Within_Range","Within range"
"COMPASS:Synoptic","CB","SWH_202507_SWAMP_LYSB_45CM",2025,7,21,"SWH","SWAMP","B",45,"","","",NA,NA,NA,12.04,1002.4144534177,"NPOC checks out of range",0.4777,34.1051068417257,"",NA,NA,NA,NA,NA,NA,NA,NA,NA,0,0,"bdl",27.4829,0.7753,"Within_Range",0.0497,9.4902,1.0003,10.5408,"Within_Range","High CV"
"COMPASS:Synoptic","CB","SWH_202507_SWAMP_LYSC_10CM",2025,7,21,"SWH","SWAMP","C",10,"","","",10.7,890.850054117059,NA,47.83,3982.18299891766,"NPOC checks out of range",0.5011,35.7757358978203,"",NA,NA,NA,NA,NA,NA,NA,NA,NA,0.5398,0.0168,"Within_Range",2.8561,0.0806,"Within_Range",0.0052,10.2447,0.867,8.4626,"Within_Range","Within range"
"COMPASS:Synoptic","CB","SWH_202507_SWAMP_LYSC_20CM",2025,7,21,"SWH","SWAMP","C",20,"","","",9.367,779.868453917243,NA,44.98,3744.90050786779,"NPOC checks out of range",0.5761,41.1303162058158,"",NA,NA,NA,NA,NA,NA,NA,NA,NA,17.7349,0.5532,"Within_Range",2.563,0.0723,"Within_Range",0.0047,18.7172,0.7623,4.0729,"Within_Range","Within range"
"COMPASS:Synoptic","CB","SWH_202507_SWAMP_LYSC_45CM",2025,7,21,"SWH","SWAMP","C",45,"","","",10.67,888.352343684955,NA,43.4,3613.35442511032,"NPOC checks out of range",0.6436,45.9494384830117,"",NA,NA,NA,NA,NA,NA,NA,NA,NA,0.1878,0.0059,"Within_Range",3.2201,0.0908,"Within_Range",0.0058,23.4643,1.7425,7.426,"Within_Range","Within range"
"COMPASS:Synoptic","CB","SWH_202507_TR_LYSA_10CM",2025,7,21,"SWH","TR","A",10,"12:45","EDT","",40.42,3365.248522188,NA,73.2,6094.41345433353,"NPOC checks out of range",1.531,109.304832687214,"",NA,NA,NA,NA,NA,NA,NA,NA,NA,2.8739,0.0896,"Within_Range",117.9582,3.3275,"Within_Range",0.2132,4.2086,0.3334,7.923,"Within_Range","Within range"
"COMPASS:Synoptic","CB","SWH_202507_TR_LYSA_20CM",2025,7,21,"SWH","TR","A",20,"12:47","EDT","",55.28,4602.44775622346,NA,54.11,4505.03704937141,"NPOC checks out of range",1.381,98.595672071223,"",NA,NA,NA,NA,NA,NA,NA,NA,NA,0,0,"bdl",81.7739,2.3067,"Within_Range",0.1478,3.0989,0.1265,4.0806,"Within_Range","Within range"
"COMPASS:Synoptic","CB","SWH_202507_TR_LYSA_45CM",2025,7,21,"SWH","TR","A",45,"12:43","EDT","",51.33,4273.58254932978,NA,53.32,4439.26400799267,"NPOC checks out of range",2.796,199.618753882071,"",NA,NA,NA,NA,NA,NA,NA,NA,NA,0,0,"bdl",224.954,6.3457,"Within_Range",0.4065,246.6857,11.6707,4.731,"Within_Range","Within range"
"COMPASS:Synoptic","CB","SWH_202507_TR_LYSB_10CM",2025,7,21,"SWH","TR","B",10,"12:51","EDT","",40.6,3380.23478478062,NA,52.94,4407.62634251936,"NPOC checks out of range",1.909,136.291917439511,"",NA,NA,NA,NA,NA,NA,NA,NA,NA,1.4057,0.0438,"Within_Range",48.9399,1.3805,"Within_Range",0.0885,2.4638,0.1334,5.4135,"Within_Range","Within range"
"COMPASS:Synoptic","CB","SWH_202507_TR_LYSB_20CM",2025,7,21,"SWH","TR","B",20,"12:53","EDT","",60.68,5052.03563400216,NA,50.1,4171.17642161352,"NPOC checks out of range",3.83,273.440567728301,"value above cal curve",NA,NA,NA,NA,NA,NA,NA,NA,NA,0,0,"bdl",62.521,1.7636,"Within_Range",0.113,3.568,0,0,"Within_Range","Within range"
"COMPASS:Synoptic","CB","SWH_202507_TR_LYSB_45CM",2025,7,21,"SWH","TR","B",45,"12:55","EDT","",65.28,5435.0179002581,NA,66.84,5564.8988427275,"NPOC checks out of range",3.402,242.883762770674,"value above cal curve",NA,NA,NA,NA,NA,NA,NA,NA,NA,0,0,"bdl",232.2012,6.5501,"Within_Range",0.4196,181.8698,0,0,"Within_Range","Within range"
"COMPASS:Synoptic","CB","SWH_202507_TR_LYSC_10CM",2025,7,21,"SWH","TR","C",10,"13:00","EDT","",36.41,3031.38789443011,NA,27.11,2257.0976604779,"NPOC checks out of range",0.6687,47.7414380260875,"",NA,NA,NA,NA,NA,NA,NA,NA,NA,12.8764,0.4016,"Within_Range",77.5085,2.1864,"Within_Range",0.1401,0,0,0,"bdl","Within range"
"COMPASS:Synoptic","CB","SWH_202507_TR_LYSC_20CM",2025,7,21,"SWH","TR","C",20,"13:02","EDT","",44.78,3728.2491049871,NA,35.47,2953.12630089085,"NPOC checks out of range",2.078,148.357571733528,"",NA,NA,NA,NA,NA,NA,NA,NA,NA,1.1247,0.0351,"Within_Range",87.411,2.4658,"Within_Range",0.158,1.3328,0.3512,26.3512,"Within_Range","High CV"
"COMPASS:Synoptic","CB","SWH_202507_TR_LYSC_45CM",2025,7,21,"SWH","TR","C",45,"13:05","EDT","",49.57,4127.05020397969,NA,37.96,3160.43626675547,"NPOC checks out of range",2.038,145.501795569263,"",NA,NA,NA,NA,NA,NA,NA,NA,NA,1.0783,0.0336,"Within_Range",92.2999,2.6037,"Within_Range",0.1668,113.4751,6.4483,5.6826,"Within_Range","Within range"
"COMPASS:Synoptic","CB","SWH_202507_UP_LYSA_10CM",2025,7,21,"SWH","UP","A",10,"15:21","EDT","",NA,NA,NA,36.83,3066.35584047956,"NPOC checks out of range",0.846,60.3996658741888,"",NA,NA,NA,NA,NA,NA,NA,NA,NA,0.6416,0.02,"Within_Range",3.0495,0.086,"Within_Range",0.0055,0,0,0,"bdl","Within range"
"COMPASS:Synoptic","CB","SWH_202507_UP_LYSA_20CM",2025,7,21,"SWH","UP","A",20,"12:23","EDT","",29.1,2422.77911914079,NA,125.6,10457.081009075,"NPOC checks out of range; value above cal curve",2.545,181.698758451313,"",NA,NA,NA,NA,NA,NA,NA,NA,NA,0,0,"bdl",3.6391,0.1027,"Within_Range",0.0066,0,0,0,"bdl","Within range"
"COMPASS:Synoptic","CB","SWH_202507_UP_LYSA_45CM",2025,7,21,"SWH","UP","A",45,"15:25","EDT","",NA,NA,NA,29.32,2441.09566230955,"NPOC checks out of range",0.6662,47.562952015821,"",NA,NA,NA,NA,NA,NA,NA,NA,NA,0.2241,0.007,"Within_Range",4.0921,0.1154,"Within_Range",0.0074,3.9565,0.0679,1.7156,"Within_Range","Within range"
"COMPASS:Synoptic","CB","SWH_202507_UP_LYSB_10CM",2025,7,21,"SWH","UP","B",10,"15:26","EDT","",NA,NA,NA,NA,NA,NA,NA,NA,NA,NA,NA,NA,NA,NA,NA,NA,NA,NA,20.3376,0.6344,"Within_Range",1.7663,0.0498,"Within_Range",0.0032,0,0,0,"bdl","Within range"
"COMPASS:Synoptic","CB","SWH_202507_UP_LYSB_20CM",2025,7,21,"SWH","UP","B",20,"15:28","EDT","",NA,NA,NA,87.63,7295.81217217551,"NPOC checks out of range",1.676,119.657021282672,"",NA,NA,NA,NA,NA,NA,NA,NA,NA,0.5116,0.016,"Within_Range",2.9966,0.0845,"Within_Range",0.0054,0,0,0,"bdl","Within range"
"COMPASS:Synoptic","CB","SWH_202507_UP_LYSB_45CM",2025,7,21,"SWH","UP","B",45,"15:29","EDT","",NA,NA,NA,NA,NA,NA,NA,NA,NA,NA,NA,NA,NA,NA,NA,NA,NA,NA,0.1568,0.0049,"Within_Range",4.0524,0.1143,"Within_Range",0.0073,13.3158,1.2218,9.1755,"Within_Range","Within range"
"COMPASS:Synoptic","CB","SWH_202507_UP_LYSC_10CM",2025,7,21,"SWH","UP","C",10,"15:31","EDT","",NA,NA,NA,NA,NA,NA,NA,NA,NA,NA,NA,NA,NA,NA,NA,NA,NA,NA,0.5342,0.0167,"Within_Range",5.7046,0.1609,"Within_Range",0.0103,0,0,0,"bdl","Within range"
"COMPASS:Synoptic","CB","SWH_202507_UP_LYSC_20CM",2025,7,21,"SWH","UP","C",20,"15:33","EDT","",35.63,2966.4474231954,NA,102.1,8500.54117059362,"NPOC checks out of range; value above cal curve",1.827,130.437576302769,"",NA,NA,NA,NA,NA,NA,NA,NA,NA,0,0,"bdl",5.5722,0.1572,"Within_Range",0.0101,0,0,0,"bdl","Within range"
"COMPASS:Synoptic","CB","SWH_202507_UP_LYSC_45CM",2025,7,21,"SWH","UP","C",45,"15:35","EDT","",NA,NA,NA,70.99,5910.41545250187,"NPOC checks out of range",1.141,81.4610150856376,"",NA,NA,NA,NA,NA,NA,NA,NA,NA,0.1297,0.004,"Within_Range",16.9513,0.4782,"Within_Range",0.0307,16.2807,0.867,5.3251,"Within_Range","Within range"
"COMPASS:Synoptic","CB","SWH_202507_WC_LYSA_10CM",2025,7,21,"SWH","WC","A",10,"13:20","EDT","",47.59,3962.20131546083,NA,28.45,2368.66205977854,"NPOC checks out of range",0.6824,48.719541362348,"",NA,NA,NA,NA,NA,NA,NA,NA,NA,0.3217,0.01,"Within_Range",124.7964,3.5203,"Within_Range",0.2255,18.9779,1.6219,8.5465,"Within_Range","Within range"
"COMPASS:Synoptic","CB","SWH_202507_WC_LYSA_20CM",2025,7,21,"SWH","WC","A",20,"13:23","EDT","",NA,NA,NA,NA,NA,NA,NA,NA,NA,NA,NA,NA,NA,NA,NA,NA,NA,NA,0.3548,0.0111,"Within_Range",261.4349,7.3748,"Within_Range",0.4724,2.624,0.3869,14.7449,"Within_Range","High CV"
"COMPASS:Synoptic","CB","SWH_202507_WC_LYSA_45CM",2025,7,21,"SWH","WC","A",45,"13:25","EDT","",54.06,4500.87419865124,NA,22.21,1849.13828990092,"NPOC checks out of range",0.441,31.4849322110133,"",NA,NA,NA,NA,NA,NA,NA,NA,NA,0.3712,0.0116,"Within_Range",342.3985,9.6586,"Within_Range",0.6187,5.5421,0.2579,4.654,"Within_Range","Within range"
"COMPASS:Synoptic","CB","SWH_202507_WC_LYSB_10CM",2025,7,21,"SWH","WC","B",10,"13:26","EDT","",44.21,3680.79260677712,NA,17.76,1478.64457580551,"NPOC checks out of range",0.5374,38.3673527668901,"",NA,NA,NA,NA,NA,NA,NA,NA,NA,0.4242,0.0132,"Within_Range",83.3443,2.351,"Within_Range",0.1506,14.8438,0.6384,4.3005,"Within_Range","Within range"
"COMPASS:Synoptic","CB","SWH_202507_WC_LYSB_20CM",2025,7,21,"SWH","WC","B",20,"13:28","EDT","",63.47,5284.32270418783,NA,41.28,3436.84955457497,"NPOC checks out of range",0.6662,47.562952015821,"",NA,NA,NA,NA,NA,NA,NA,NA,NA,0,0,"bdl",175.7316,4.9572,"Within_Range",0.3176,10.3753,1.1607,11.1871,"Within_Range","High CV"
"COMPASS:Synoptic","CB","SWH_202507_WC_LYSB_45CM",2025,7,21,"SWH","WC","B",45,"13:31","EDT","",NA,NA,NA,NA,NA,NA,NA,NA,NA,NA,NA,NA,NA,NA,NA,NA,NA,NA,0,0,"bdl",415.9146,11.7324,"Within_Range",0.7516,0,0,0,"bdl","Within range"
"COMPASS:Synoptic","CB","SWH_202507_WC_LYSC_10CM",2025,7,21,"SWH","WC","C",10,"13:35","EDT","",49.02,4081.25884605778,NA,25.01,2082.25793023062,"NPOC checks out of range",0.3242,23.1460658113617,"",NA,NA,NA,NA,NA,NA,NA,NA,NA,0,0,"bdl",100.7364,2.8416,"Within_Range",0.1821,3.0799,0.129,4.1873,"Within_Range","Within range"
"COMPASS:Synoptic","CB","SWH_202507_WC_LYSC_20CM",2025,7,21,"SWH","WC","C",20,"13:37","EDT","",52.11,4338.52302056448,NA,26.66,2219.63200399634,"NPOC checks out of range",0.211,15.0642192664939,"",NA,NA,NA,NA,NA,NA,NA,NA,NA,1.9375,0.0604,"Within_Range",168.3554,4.7491,"Within_Range",0.3042,16.3941,1.0517,6.415,"Within_Range","Within range"
"COMPASS:Synoptic","CB","SWH_202507_WC_LYSC_45CM",2025,7,21,"SWH","WC","C",45,"13:39","EDT","",72.74,6056.11522770793,NA,33.33,2774.95629006744,"NPOC checks out of range",0.4229,30.1926934966837,"",NA,NA,NA,NA,NA,NA,NA,NA,NA,0,0,"bdl",521.5773,14.713,"Within_Range",0.9425,3.3991,0.1934,5.6912,"Within_Range","Within range"
"COMPASS:Synoptic","CB","GWI_202507_SW_A",2025,7,23,"GWI","SW","A",0,"10:00","EDT","",20.69,1722.58762800766,NA,6.702,557.988510532012,"NPOC checks out of range",0.2853,20.3688234916147,"",NA,NA,NA,NA,NA,NA,NA,NA,NA,1702.6475,53.1082,"Within_Range",12196.5633,344.0497,"Within_Range",22.0392,0,0,0,"bdl","Within range"
"COMPASS:Synoptic","CB","GWI_202507_SW_B",2025,7,23,"GWI","SW","B",0,"10:00","EDT","",19.84,1651.81916576472,NA,6.413,533.927233369412,"NPOC checks out of range",0.1884,13.4507057336846,"",NA,NA,NA,NA,NA,NA,NA,NA,NA,1623.4432,50.6377,"Within_Range",11533.4561,325.3443,"Within_Range",20.841,0,0,0,"bdl","Within range"
"COMPASS:Synoptic","CB","GWI_202507_SW_C",2025,7,23,"GWI","SW","C",0,"10:00","EDT","",19.59,1631.00491216385,NA,6.349,528.59878444759,"NPOC checks out of range",0.243,17.3488401979053,"",NA,NA,NA,NA,NA,NA,NA,NA,NA,1660.0169,51.7784,"Within_Range",11818.5904,333.3876,"Within_Range",21.3562,0,0,0,"bdl","Within range"
"COMPASS:Synoptic","CB","GWI_202507_TR_LYSA_10CM",2025,7,23,"GWI","TR","A",10,"11:44","EDT","",34.51,2873.19956706353,NA,82.14,6838.73116310049,"NPOC checks out of range",1.63,116.372878693768,"",NA,NA,NA,NA,NA,NA,NA,NA,NA,1445.5604,45.0892,"Within_Range",9840.1024,277.5769,"Within_Range",17.7811,0.4177,0.5076,121.5328,"Within_Range","High CV"
"COMPASS:Synoptic","CB","GWI_202507_TR_LYSA_20CM",2025,7,23,"GWI","TR","A",20,"11:45","EDT","",45.59,3795.6872866539,NA,135.3,11264.6740487886,"NPOC checks out of range; value above cal curve",2.219,158.424182712559,"",NA,NA,NA,NA,NA,NA,NA,NA,NA,1121.2039,34.972,"Within_Range",10175.2521,287.0311,"Within_Range",18.3867,0,0,0,"bdl","Within range"
"COMPASS:Synoptic","CB","GWI_202507_TR_LYSB_10CM",2025,7,23,"GWI","TR","B",10,"11:50","EDT","",24.6,2048.1225543252,NA,55.68,4635.75056198485,"NPOC checks out of range",1.166,83.2458751883027,"",NA,NA,NA,NA,NA,NA,NA,NA,NA,1184.5373,36.9475,"Within_Range",8089.4635,228.1936,"Within_Range",14.6177,0,0,0,"bdl","Within range"
"COMPASS:Synoptic","CB","GWI_202507_TR_LYSB_20CM",2025,7,23,"GWI","TR","B",20,"11:51","EDT","",NA,NA,NA,91.81,7643.82649238198,"NPOC checks out of range",1.674,119.514232474459,"",NA,NA,NA,NA,NA,NA,NA,NA,NA,1087.032,33.9062,"Within_Range",9682.2269,273.1235,"Within_Range",17.4958,48.4546,3.6497,7.5323,"Within_Range","Within range"
"COMPASS:Synoptic","CB","GWI_202507_TR_LYSB_45CM",2025,7,23,"GWI","TR","B",45,"11:52","EDT","",NA,NA,NA,77.47,6449.92090583632,"NPOC checks out of range",0.8282,59.1288454810912,"",NA,NA,NA,NA,NA,NA,NA,NA,NA,1343.1087,41.8936,"Within_Range",10130.6763,285.7737,"Within_Range",18.3062,1.4945,0,0,"Within_Range","Within range"
"COMPASS:Synoptic","CB","GWI_202507_TR_LYSC_10CM",2025,7,23,"GWI","TR","C",10,"11:56","EDT","",6.555,545.749729414703,NA,82.91,6902.83906419116,"NPOC checks out of range",0.9792,69.9094005011887,"",NA,NA,NA,NA,NA,NA,NA,NA,NA,936.9919,29.2262,"Within_Range",6485.3768,182.9443,"Within_Range",11.7191,0,0,0,"bdl","Within range"
"COMPASS:Synoptic","CB","GWI_202507_TR_LYSC_20CM",2025,7,23,"GWI","TR","C",20,"11:58","EDT","",31.9,2655.89875947049,NA,60.38,5027.05852968113,"NPOC checks out of range",0.9187,65.590039052739,"",NA,NA,NA,NA,NA,NA,NA,NA,NA,1395.5179,43.5283,"Within_Range",9074.594,255.9829,"Within_Range",16.3978,0,0,0,"bdl","Within range"
"COMPASS:Synoptic","CB","GWI_202507_UP_LYSA_20CM",2025,7,23,"GWI","UP","A",20,"12:42","EDT","",16.79,1397.88527183415,NA,32.43,2700.02497710432,"NPOC checks out of range",0.6614,47.2202588761093,"",NA,NA,NA,NA,NA,NA,NA,NA,NA,654.9156,20.4278,"Within_Range",5271.0182,148.6888,"Within_Range",9.5248,0,0,0,"bdl","Within range"
"COMPASS:Synoptic","CB","GWI_202507_UP_LYSA_45CM",2025,7,23,"GWI","UP","A",45,"12:44","EDT","",13.79,1148.11422862376,NA,41.91,3489.30147364916,"NPOC checks out of range",0.7488,53.4601297950267,"",NA,NA,NA,NA,NA,NA,NA,NA,NA,821.6826,25.6295,"Within_Range",5903.1177,166.5195,"Within_Range",10.667,0,0,0,"bdl","Within range"
"COMPASS:Synoptic","CB","GWI_202507_UP_LYSB_10CM",2025,7,23,"GWI","UP","B",10,"12:46","EDT","",6.363,529.764382649238,NA,58.75,4891.34959620348,"NPOC checks out of range",0.7734,55.2164321360492,"",NA,NA,NA,NA,NA,NA,NA,NA,NA,265.1799,8.2714,"Within_Range",1690.8027,47.6954,"Within_Range",3.0553,0,0,0,"bdl","Within range"
"COMPASS:Synoptic","CB","GWI_202507_UP_LYSB_20CM",2025,7,23,"GWI","UP","B",20,"12:48","EDT","",14.57,1213.05469985846,NA,78.62,6545.6664724003,"NPOC checks out of range",0.8877,63.3768125254343,"",NA,NA,NA,NA,NA,NA,NA,NA,NA,411.4985,12.8353,"Within_Range",2676.8747,75.5113,"Within_Range",4.8371,0,0,0,"bdl","Within range"
"COMPASS:Synoptic","CB","GWI_202507_UP_LYSB_45CM",2025,7,23,"GWI","UP","B",45,"12:50","EDT","",18.3,1523.60336358338,NA,50.78,4227.79119140788,"NPOC checks out of range",1.016,72.5367145723118,"",NA,NA,NA,NA,NA,NA,NA,NA,NA,562.8844,17.5572,"Within_Range",3974.7394,112.1224,"Within_Range",7.1824,0,0,0,"bdl","Within range"
"COMPASS:Synoptic","CB","GWI_202507_UP_LYSC_20CM",2025,7,23,"GWI","UP","C",20,"12:52","EDT","",21.34,1776.70468736991,NA,78.6,6544.00133211223,"NPOC checks out of range",1.135,81.0326486609979,"",NA,NA,NA,NA,NA,NA,NA,NA,NA,449.99,14.0359,"Within_Range",3567.318,100.6296,"Within_Range",6.4462,0,0,0,"bdl","Within range"
"COMPASS:Synoptic","CB","GWI_202507_UP_LYSC_45CM",2025,7,23,"GWI","UP","C",45,"12:54","EDT","",NA,NA,NA,NA,NA,NA,NA,NA,NA,NA,NA,NA,NA,NA,NA,NA,NA,NA,542.4669,16.9204,"Within_Range",3735.2597,105.367,"Within_Range",6.7496,0,0,0,"bdl","Within range"
"COMPASS:Synoptic","CB","GWI_202507_WC_LYSA_10CM",2025,7,23,"GWI","WC","A",10,"10:58","EDT","",57.95,4824.74398468071,NA,55.23,4598.28490550329,"NPOC checks out of range",1.606,114.659412995209,"",NA,NA,NA,NA,NA,NA,NA,NA,NA,1486.2319,46.3578,"Within_Range",10815.798,305.1001,"Within_Range",19.5442,0,0,0,"bdl","Within range"
"COMPASS:Synoptic","CB","GWI_202507_WC_LYSA_45CM",2025,7,23,"GWI","WC","A",45,"10:00","EDT","",35.06,2918.99092498543,NA,53.22,4430.93830655233,"NPOC checks out of range",1.19,84.9593408868613,"",NA,NA,NA,NA,NA,NA,NA,NA,NA,1644.2842,51.2877,"Within_Range",13257.2388,373.9701,"Within_Range",23.9559,0,0,0,"bdl","Within range"
"COMPASS:Synoptic","CB","GWI_202507_WC_LYSB_10CM",2025,7,23,"GWI","WC","B",10,"10:52","EDT","",49.48,4119.55707268337,NA,46.46,3868.12088918491,"NPOC checks out of range",1.268,90.5281044071766,"",NA,NA,NA,NA,NA,NA,NA,NA,NA,1572.433,49.0466,"Within_Range",11313.2695,319.1331,"Within_Range",20.4431,0,0,0,"bdl","Within range"
"COMPASS:Synoptic","CB","GWI_202507_WC_LYSB_20CM",2025,7,23,"GWI","WC","B",20,"10:53","EDT","",48.17,4010.49038381484,NA,70,5827.99100824244,"NPOC checks out of range",1.649,117.729372371794,"",NA,NA,NA,NA,NA,NA,NA,NA,NA,1708.6172,53.2944,"Within_Range",11494.5816,324.2477,"Within_Range",20.7707,0,0,0,"bdl","Within range"
"COMPASS:Synoptic","CB","GWI_202507_WC_LYSB_45CM",2025,7,23,"GWI","WC","B",45,"10:54","EDT","",NA,NA,NA,108.4,9025.06036133544,"NPOC checks out of range; value above cal curve",1.928,137.648411117537,"",NA,NA,NA,NA,NA,NA,NA,NA,NA,1770.7705,55.233,"Within_Range",13474.4867,380.0984,"Within_Range",24.3484,0,0,0,"bdl","Within range"
"COMPASS:Synoptic","CB","GWI_202507_WC_LYSC_10CM",2025,7,23,"GWI","WC","C",10,"10:48","EDT","",60.38,5027.05852968113,NA,50.06,4167.84614103738,"NPOC checks out of range",1.399,99.880771345142,"",NA,NA,NA,NA,NA,NA,NA,NA,NA,1658.3692,51.727,"Within_Range",11356.9323,320.3648,"Within_Range",20.522,0,0,0,"bdl","Within range"
"COMPASS:Synoptic","CB","GCW_202509_SW_A",2025,9,9,"GCW","SW","A",0,"9:45","EDT","",21.43,1784.19781866622,"",NA,NA,NA,NA,NA,NA,NA,NA,NA,NA,NA,NA,NA,NA,NA,1021.4045,31.8592,"Within_Range",7384.2766,208.3012,"Within_Range",13.3434,0,0,0,"bdl","Within range"
"COMPASS:Synoptic","CB","GCW_202509_SW_B",2025,9,9,"GCW","SW","B",0,"9:45","EDT","",20.59,1714.26192656731,"",NA,NA,NA,NA,NA,NA,NA,NA,NA,NA,NA,NA,NA,NA,NA,961.9767,30.0055,"Within_Range",6959.9326,196.331,"Within_Range",12.5766,0,0,0,"bdl","Within range"
"COMPASS:Synoptic","CB","GCW_202509_SW_C",2025,9,9,"GCW","SW","C",0,"9:45","EDT","",21.02,1750.0624427608,"",NA,NA,NA,NA,NA,NA,NA,NA,NA,NA,NA,NA,NA,NA,NA,924.1266,28.8249,"Within_Range",6651.0209,187.617,"Within_Range",12.0184,0,0,0,"bdl","Within range"
"COMPASS:Synoptic","CB","GCW_202509_TR_LYSA_20CM",2025,9,9,"GCW","TR","A",20,"12:52","EDT","",NA,NA,NA,NA,NA,NA,NA,NA,NA,NA,NA,NA,NA,NA,NA,NA,NA,NA,11.8962,0.3711,"Within_Range",231.6573,6.5348,"Within_Range",0.4186,0,0,0,"bdl","Within range"
"COMPASS:Synoptic","CB","GCW_202509_TR_LYSA_45CM",2025,9,9,"GCW","TR","A",45,"12:56","EDT","",NA,NA,NA,NA,NA,NA,NA,NA,NA,NA,NA,NA,NA,NA,NA,NA,NA,NA,15.5329,0.4845,"Within_Range",189.8518,5.3555,"Within_Range",0.3431,0,0,0,"bdl","Within range"
"COMPASS:Synoptic","CB","GCW_202509_TR_LYSB_10CM",2025,9,9,"GCW","TR","B",10,"12:09","EDT","",4.59,382.149696111897,"blank is ≥ 25% of sample value",NA,NA,NA,NA,NA,NA,NA,NA,NA,NA,NA,NA,NA,NA,NA,302.2874,9.4288,"Within_Range",2711.1142,76.4771,"Within_Range",4.899,0,0,0,"bdl","Within range"
"COMPASS:Synoptic","CB","GCW_202509_TR_LYSB_20CM",2025,9,9,"GCW","TR","B",20,"13:09","EDT","",NA,NA,NA,NA,NA,NA,NA,NA,NA,NA,NA,NA,NA,NA,NA,NA,NA,NA,28.8957,0.9013,"Within_Range",693.382,19.5594,"Within_Range",1.253,0,0,0,"bdl","Within range"
"COMPASS:Synoptic","CB","GCW_202509_TR_LYSB_45CM",2025,9,9,"GCW","TR","B",45,"13:10","EDT","",NA,NA,NA,NA,NA,NA,NA,NA,NA,NA,NA,NA,NA,NA,NA,NA,NA,NA,8.2731,0.2581,"Within_Range",353.8576,9.9819,"Within_Range",0.6394,0,0,0,"bdl","Within range"
"COMPASS:Synoptic","CB","GCW_202509_TR_LYSC_10CM",2025,9,9,"GCW","TR","C",10,"13:13","EDT","",NA,NA,NA,NA,NA,NA,NA,NA,NA,NA,NA,NA,NA,NA,NA,NA,NA,NA,106.4247,3.3195,"Within_Range",1825.1122,51.4841,"Within_Range",3.298,0,0,0,"bdl","Within range"
"COMPASS:Synoptic","CB","GCW_202509_TR_LYSC_20CM",2025,9,9,"GCW","TR","C",20,"13:15","EDT","",NA,NA,NA,NA,NA,NA,NA,NA,NA,NA,NA,NA,NA,NA,NA,NA,NA,NA,76.8295,2.3964,"Within_Range",1271.4205,35.8652,"Within_Range",2.2975,0,0,0,"bdl","Within range"
"COMPASS:Synoptic","CB","GCW_202509_TR_LYSC_45CM",2025,9,9,"GCW","TR","C",45,"13:16","EDT","",NA,NA,NA,NA,NA,NA,NA,NA,NA,NA,NA,NA,NA,NA,NA,NA,NA,NA,46.0185,1.4354,"Within_Range",774.5324,21.8486,"Within_Range",1.3996,0,0,0,"bdl","Within range"
"COMPASS:Synoptic","CB","GCW_202509_WC_LYSA_10CM",2025,9,9,"GCW","WC","A",10,"10:22","EDT","",150,12488.5521605195,"",NA,NA,NA,NA,NA,NA,NA,NA,NA,NA,NA,NA,NA,NA,NA,31.6015,0.9857,"Within_Range",6043.0791,170.4677,"Within_Range",10.9199,4429.7481,186.0304,4.1996,"Within_Range","Within range"
"COMPASS:Synoptic","CB","GCW_202509_WC_LYSA_20CM",2025,9,9,"GCW","WC","A",20,"10:22","EDT","",147.4,12272.0839230705,"",NA,NA,NA,NA,NA,NA,NA,NA,NA,NA,NA,NA,NA,NA,NA,137.8943,4.3011,"Within_Range",5812.039,163.9503,"Within_Range",10.5024,5099.3559,319.7622,6.2706,"adl","Within range"
"COMPASS:Synoptic","CB","GCW_202509_WC_LYSA_45CM",2025,9,9,"GCW","WC","A",45,"10:22","EDT","",182.2,15169.428024311,"",NA,NA,NA,NA,NA,NA,NA,NA,NA,NA,NA,NA,NA,NA,NA,193.7325,6.0428,"Within_Range",6205.736,175.056,"Within_Range",11.2138,4912.0738,309.9099,6.3091,"adl","Within range"
"COMPASS:Synoptic","CB","GCW_202509_WC_LYSB_10CM",2025,9,9,"GCW","WC","B",10,"10:32","EDT","",161.6,13454.3335275997,"",NA,NA,NA,NA,NA,NA,NA,NA,NA,NA,NA,NA,NA,NA,NA,40.7312,1.2705,"Within_Range",4987.0654,140.6789,"Within_Range",9.0117,4275.9092,50.4489,1.1798,"Within_Range","Within range"
"COMPASS:Synoptic","CB","GCW_202509_WC_LYSB_20CM",2025,9,9,"GCW","WC","B",20,"10:32","EDT","",158.2,13171.2596786279,"",NA,NA,NA,NA,NA,NA,NA,NA,NA,NA,NA,NA,NA,NA,NA,252.7764,7.8845,"Within_Range",5148.6701,145.2375,"Within_Range",9.3037,4284.8274,252.2446,5.8869,"Within_Range","Within range"
"COMPASS:Synoptic","CB","GCW_202509_WC_LYSB_45CM",2025,9,9,"GCW","WC","B",45,"10:32","EDT","",160.8,13387.7279160769,"",NA,NA,NA,NA,NA,NA,NA,NA,NA,NA,NA,NA,NA,NA,NA,317.6301,9.9074,"Within_Range",5761.9499,162.5374,"Within_Range",10.4119,5197.456,523.452,10.0713,"adl","High CV"
"COMPASS:Synoptic","CB","GCW_202509_WC_LYSC_10CM",2025,9,9,"GCW","WC","C",10,"10:43","EDT","",100,8325.70144034635,"",NA,NA,NA,NA,NA,NA,NA,NA,NA,NA,NA,NA,NA,NA,NA,434.4382,13.5508,"Within_Range",5419.9249,152.8893,"Within_Range",9.7938,3045.1983,160.2176,5.2613,"Within_Range","Within range"
"COMPASS:Synoptic","CB","GCW_202509_WC_LYSC_20CM",2025,9,9,"GCW","WC","C",20,"10:43","EDT","",78.59,6543.1687619682,"",NA,NA,NA,NA,NA,NA,NA,NA,NA,NA,NA,NA,NA,NA,NA,430.7199,13.4348,"Within_Range",4973.7061,140.302,"Within_Range",8.9875,1850.3663,128.8646,6.9643,"Within_Range","Within range"
"COMPASS:Synoptic","CB","GCW_202509_WC_LYSC_45CM",2025,9,9,"GCW","WC","C",45,"10:43","EDT","",99.28,8265.75638997586,"",NA,NA,NA,NA,NA,NA,NA,NA,NA,NA,NA,NA,NA,NA,NA,479.7771,14.965,"Within_Range",5438.6381,153.4172,"Within_Range",9.8276,2070.3903,338.6032,16.3546,"Within_Range","High CV"
"COMPASS:Synoptic","CB","MSM_202509_SW_A",2025,9,11,"MSM","SW","A",0,"10:30","EDT","",20.44,1701.77337440679,"",NA,NA,NA,NA,NA,NA,NA,NA,NA,NA,NA,NA,NA,NA,NA,1237.9734,38.6143,"Within_Range",8901.0983,251.0888,"Within_Range",16.0843,0,0,0,"bdl","Within range"
"COMPASS:Synoptic","CB","MSM_202509_SW_B",2025,9,11,"MSM","SW","B",0,"10:30","EDT","",19.45,1619.34893014737,"",NA,NA,NA,NA,NA,NA,NA,NA,NA,NA,NA,NA,NA,NA,NA,1244.7172,38.8246,"Within_Range",8908.1795,251.2886,"Within_Range",16.0971,0,0,0,"bdl","Within range"
"COMPASS:Synoptic","CB","MSM_202509_SW_C",2025,9,11,"MSM","SW","C",0,"10:30","EDT","",19.72,1641.8283240363,"",NA,NA,NA,NA,NA,NA,NA,NA,NA,NA,NA,NA,NA,NA,NA,1191.9976,37.1802,"Within_Range",8580.1214,242.0345,"Within_Range",15.5043,0,0,0,"bdl","Within range"
"COMPASS:Synoptic","CB","MSM_202509_TR_LYSA_10CM",2025,9,11,"MSM","TR","A",10,"12:23","EDT","",26.19,2180.50120722671,"",NA,NA,NA,NA,NA,NA,NA,NA,NA,NA,NA,NA,NA,NA,NA,714.7996,22.2957,"Within_Range",7009.7475,197.7362,"Within_Range",12.6666,0.8691,0.0598,6.8811,"Within_Range","Within range"
"COMPASS:Synoptic","CB","MSM_202509_TR_LYSA_20CM",2025,9,11,"MSM","TR","A",20,"12:25","EDT","",42.42,3531.76255099492,"",NA,NA,NA,NA,NA,NA,NA,NA,NA,NA,NA,NA,NA,NA,NA,735.9902,22.9567,"Within_Range",5423.2072,152.9819,"Within_Range",9.7998,4.7174,0.1465,3.1054,"Within_Range","Within range"
"COMPASS:Synoptic","CB","MSM_202509_TR_LYSA_45CM",2025,9,11,"MSM","TR","A",45,"12:30","EDT","",NA,NA,NA,NA,NA,NA,NA,NA,NA,NA,NA,NA,NA,NA,NA,NA,NA,NA,681.496,21.2569,"Within_Range",5684.8655,160.3629,"Within_Range",10.2726,0,0,0,"bdl","Within range"
"COMPASS:Synoptic","CB","MSM_202509_TR_LYSB_10CM",2025,9,11,"MSM","TR","B",10,"12:32","EDT","",35.53,2958.12172175506,"",NA,NA,NA,NA,NA,NA,NA,NA,NA,NA,NA,NA,NA,NA,NA,699.3411,21.8135,"Within_Range",7105.067,200.425,"Within_Range",12.8389,4.7174,0.5075,10.7573,"Within_Range","High CV"
"COMPASS:Synoptic","CB","MSM_202509_TR_LYSB_20CM",2025,9,11,"MSM","TR","B",20,"12:35","EDT","",70.31,5853.80068270752,"",NA,NA,NA,NA,NA,NA,NA,NA,NA,NA,NA,NA,NA,NA,NA,376.2041,11.7344,"Within_Range",4916.7552,138.6955,"Within_Range",8.8846,11.1454,0.7752,6.9551,"Within_Range","Within range"
"COMPASS:Synoptic","CB","MSM_202509_TR_LYSB_45CM",2025,9,11,"MSM","TR","B",45,"12:40","EDT","",NA,NA,NA,NA,NA,NA,NA,NA,NA,NA,NA,NA,NA,NA,NA,NA,NA,NA,426.2861,13.2965,"Within_Range",6018.083,169.7626,"Within_Range",10.8747,12.4705,0.4172,3.3456,"Within_Range","Within range"
"COMPASS:Synoptic","CB","MSM_202509_TR_LYSC_20CM",2025,9,11,"MSM","TR","C",20,"12:42","EDT","",49.42,4114.56165181917,"",NA,NA,NA,NA,NA,NA,NA,NA,NA,NA,NA,NA,NA,NA,NA,376.6367,11.7479,"Within_Range",5565.6106,156.9989,"Within_Range",10.0571,21.7741,0.1761,0.8086,"Within_Range","Within range"
"COMPASS:Synoptic","CB","MSM_202509_TR_LYSC_45CM",2025,9,11,"MSM","TR","C",45,"12:43","EDT","",NA,NA,NA,NA,NA,NA,NA,NA,NA,NA,NA,NA,NA,NA,NA,NA,NA,NA,693.0987,21.6188,"Within_Range",6134.4008,173.0437,"Within_Range",11.0849,0,0,0,"bdl","Within range"
"COMPASS:Synoptic","CB","MSM_202509_UP_LYSA_20CM",2025,9,11,"MSM","UP","A",20,"14:14","EDT","",NA,NA,NA,NA,NA,NA,NA,NA,NA,NA,NA,NA,NA,NA,NA,NA,NA,NA,195.443,6.0962,"Within_Range",1835.3656,51.7734,"Within_Range",3.3165,0,0,0,"bdl","Within range"
"COMPASS:Synoptic","CB","MSM_202509_UP_LYSA_45CM",2025,9,11,"MSM","UP","A",45,"14:15","EDT","",NA,NA,NA,NA,NA,NA,NA,NA,NA,NA,NA,NA,NA,NA,NA,NA,NA,NA,184.7541,5.7628,"Within_Range",2458.1049,69.3401,"Within_Range",4.4418,0,0,0,"bdl","Within range"
"COMPASS:Synoptic","CB","MSM_202509_UP_LYSB_10CM",2025,9,11,"MSM","UP","B",10,"14:07","EDT","",5.715,475.813837315794,"",NA,NA,NA,NA,NA,NA,NA,NA,NA,NA,NA,NA,NA,NA,NA,125.6132,3.9181,"Within_Range",1010.3851,28.5017,"Within_Range",1.8258,0,0,0,"bdl","Within range"
"COMPASS:Synoptic","CB","MSM_202509_UP_LYSB_20CM",2025,9,11,"MSM","UP","B",20,"14:09","EDT","",NA,NA,NA,NA,NA,NA,NA,NA,NA,NA,NA,NA,NA,NA,NA,NA,NA,NA,141.1628,4.4031,"Within_Range",1928.9906,54.4144,"Within_Range",3.4857,0,0,0,"bdl","Within range"
"COMPASS:Synoptic","CB","MSM_202509_UP_LYSB_45CM",2025,9,11,"MSM","UP","B",45,"14:10","EDT","",NA,NA,NA,NA,NA,NA,NA,NA,NA,NA,NA,NA,NA,NA,NA,NA,NA,NA,226.4723,7.064,"Within_Range",2481.869,70.0104,"Within_Range",4.4848,0,0,0,"bdl","Within range"
"COMPASS:Synoptic","CB","MSM_202509_UP_LYSC_10CM",2025,9,11,"MSM","UP","C",10,"13:55","EDT","",13.09,1089.83431854134,"",NA,NA,NA,NA,NA,NA,NA,NA,NA,NA,NA,NA,NA,NA,NA,151.192,4.7159,"Within_Range",1488.1446,41.9787,"Within_Range",2.6891,0,0,0,"bdl","Within range"
"COMPASS:Synoptic","CB","MSM_202509_UP_LYSC_20CM",2025,9,11,"MSM","UP","C",20,"13:57","EDT","",16.03,1334.60994088752,"",NA,NA,NA,NA,NA,NA,NA,NA,NA,NA,NA,NA,NA,NA,NA,150.2753,4.6873,"Within_Range",1575.3658,44.4391,"Within_Range",2.8467,0,0,0,"bdl","Within range"
"COMPASS:Synoptic","CB","MSM_202509_UP_LYSC_45CM",2025,9,11,"MSM","UP","C",45,"13:59","EDT","cloudy; leak or crack??",NA,NA,NA,NA,NA,NA,NA,NA,NA,NA,NA,NA,NA,NA,NA,NA,NA,NA,199.5684,6.2248,"Within_Range",2135.6191,60.2431,"Within_Range",3.8591,4.4214,0.0598,1.3526,"Within_Range","Within range"
"COMPASS:Synoptic","CB","MSM_202509_WC_LYSA_10CM",2025,9,11,"MSM","WC","A",10,"11:15","EDT","",42.95,3575.88876862876,"",NA,NA,NA,NA,NA,NA,NA,NA,NA,NA,NA,NA,NA,NA,NA,1074.9795,33.5302,"Within_Range",8878.1438,250.4413,"Within_Range",16.0428,719.132,56.5747,7.8671,"Within_Range","Within range"
"COMPASS:Synoptic","CB","MSM_202509_WC_LYSA_20CM",2025,9,11,"MSM","WC","A",20,"11:17","EDT","",63.46,5283.49013404379,"",NA,NA,NA,NA,NA,NA,NA,NA,NA,NA,NA,NA,NA,NA,NA,930.5658,29.0258,"Within_Range",8692.1783,245.1954,"Within_Range",15.7068,1061.3915,44.0025,4.1457,"Within_Range","Within range"
"COMPASS:Synoptic","CB","MSM_202509_WC_LYSA_45CM",2025,9,11,"MSM","WC","A",45,"11:21","EDT","debris in water; leak?",NA,NA,NA,NA,NA,NA,NA,NA,NA,NA,NA,NA,NA,NA,NA,NA,NA,NA,44.6958,1.3941,"Within_Range",9423.4028,265.8224,"Within_Range",17.0281,1.7995,0.0598,3.3235,"Within_Range","Within range"
"COMPASS:Synoptic","CB","MSM_202509_WC_LYSB_10CM",2025,9,11,"MSM","WC","B",10,"11:09","EDT","",106.8,8891.8491382899,"",NA,NA,NA,NA,NA,NA,NA,NA,NA,NA,NA,NA,NA,NA,NA,367.5355,11.464,"Within_Range",7293.8378,205.75,"Within_Range",13.18,2504.5116,347.3117,13.8674,"Within_Range","High CV"
"COMPASS:Synoptic","CB","MSM_202509_WC_LYSB_20CM",2025,9,11,"MSM","WC","B",20,"11:12","EDT","",108.3,9016.7346598951,"",NA,NA,NA,NA,NA,NA,NA,NA,NA,NA,NA,NA,NA,NA,NA,505.6073,15.7707,"Within_Range",7791.5724,219.7905,"Within_Range",14.0794,2010.3837,15.7152,0.7817,"Within_Range","Within range"
"COMPASS:Synoptic","CB","MSM_202509_WC_LYSC_10CM",2025,9,11,"MSM","WC","C",10,"11:04","EDT","",118.9,9899.25901257181,"",NA,NA,NA,NA,NA,NA,NA,NA,NA,NA,NA,NA,NA,NA,NA,517.5972,16.1446,"Within_Range",8476.0176,239.0978,"Within_Range",15.3162,2538.5894,156.7953,6.1765,"Within_Range","Within range"
"COMPASS:Synoptic","CB","MSM_202509_WC_LYSC_20CM",2025,9,11,"MSM","WC","C",20,"11:23","EDT","replace stopcock and luer",118.4,9857.63050537008,"",NA,NA,NA,NA,NA,NA,NA,NA,NA,NA,NA,NA,NA,NA,NA,513.3027,16.0107,"Within_Range",8108.3705,228.727,"Within_Range",14.6519,2094.8374,47.1456,2.2506,"Within_Range","Within range"
"COMPASS:Synoptic","CB","SWH_202509_SW_A",2025,9,16,"SWH","SW","A",0,"12:57","EDT","",13.19,1098.16001998168,"",NA,NA,NA,NA,NA,NA,NA,NA,NA,NA,NA,NA,NA,NA,NA,379.701,11.8434,"Within_Range",2702.2359,76.2267,"Within_Range",4.883,0,0,0,"bdl","Within range"
"COMPASS:Synoptic","CB","SWH_202509_SW_B",2025,9,16,"SWH","SW","B",0,"13:00","EDT","",12.32,1025.72641745067,"",NA,NA,NA,NA,NA,NA,NA,NA,NA,NA,NA,NA,NA,NA,NA,369.8082,11.5349,"Within_Range",2650.8088,74.776,"Within_Range",4.79,0,0,0,"bdl","Within range"
"COMPASS:Synoptic","CB","SWH_202509_SW_C",2025,9,16,"SWH","SW","C",0,"13:05","EDT","",12.31,1024.89384730664,"",NA,NA,NA,NA,NA,NA,NA,NA,NA,NA,NA,NA,NA,NA,NA,355.4011,11.0855,"Within_Range",2549.1759,71.9091,"Within_Range",4.6064,0,0,0,"bdl","Within range"
"COMPASS:Synoptic","CB","SWH_202509_TR_LYSA_10CM",2025,9,16,"SWH","TR","A",10,"14:49","EDT","",22.02,1833.31945716427,"",NA,NA,NA,NA,NA,NA,NA,NA,NA,NA,NA,NA,NA,NA,NA,121.6433,3.7942,"Within_Range",1440.5551,40.6363,"Within_Range",2.6031,17.1178,1.7121,10.0018,"Within_Range","High CV"
"COMPASS:Synoptic","CB","SWH_202509_TR_LYSA_20CM",2025,9,16,"SWH","TR","A",20,"14:49","EDT","",30.91,2573.47431521106,"",NA,NA,NA,NA,NA,NA,NA,NA,NA,NA,NA,NA,NA,NA,NA,84.0236,2.6208,"Within_Range",1203.0597,33.9368,"Within_Range",2.174,22.6242,1.1454,5.0627,"Within_Range","Within range"
"COMPASS:Synoptic","CB","SWH_202509_TR_LYSA_45CM",2025,9,16,"SWH","TR","A",45,"14:49","EDT","",44.13,3674.13204562484,"",NA,NA,NA,NA,NA,NA,NA,NA,NA,NA,NA,NA,NA,NA,NA,0.8073,0.0252,"Within_Range",597.4568,16.8535,"Within_Range",1.0796,113.9878,7.1278,6.2531,"adl","Within range"
"COMPASS:Synoptic","CB","SWH_202509_TR_LYSB_10CM",2025,9,16,"SWH","TR","B",10,"14:59","EDT","",44.68,3719.92340354675,"",NA,NA,NA,NA,NA,NA,NA,NA,NA,NA,NA,NA,NA,NA,NA,94.7356,2.9549,"Within_Range",1392.7899,39.2889,"Within_Range",2.5168,9.8992,0.2628,2.6545,"Within_Range","Within range"
"COMPASS:Synoptic","CB","SWH_202509_TR_LYSB_20CM",2025,9,16,"SWH","TR","B",20,"14:59","EDT","",51.78,4311.04820581134,"",NA,NA,NA,NA,NA,NA,NA,NA,NA,NA,NA,NA,NA,NA,NA,36.1821,1.1286,"Within_Range",1173.0736,33.0909,"Within_Range",2.1198,18.6732,0.6172,3.3051,"Within_Range","Within range"
"COMPASS:Synoptic","CB","SWH_202509_TR_LYSB_45CM",2025,9,16,"SWH","TR","B",45,"14:59","EDT","",62.46,5200.23311964033,"",NA,NA,NA,NA,NA,NA,NA,NA,NA,NA,NA,NA,NA,NA,NA,0.4595,0.0143,"Within_Range",333.5985,9.4104,"Within_Range",0.6028,54.6153,15.7152,28.7744,"Within_Range","High CV"
"COMPASS:Synoptic","CB","SWH_202509_TR_LYSC_10CM",2025,9,16,"SWH","TR","C",10,"15:10","EDT","",27.27,2270.41878278245,"",NA,NA,NA,NA,NA,NA,NA,NA,NA,NA,NA,NA,NA,NA,NA,138.978,4.3349,"Within_Range",1444.1948,40.7389,"Within_Range",2.6097,0.2298,0.398,173.2051,"Within_Range","High CV"
"COMPASS:Synoptic","CB","SWH_202509_TR_LYSC_20CM",2025,9,16,"SWH","TR","C",20,"15:10","EDT","",28.28,2354.50836732995,"",NA,NA,NA,NA,NA,NA,NA,NA,NA,NA,NA,NA,NA,NA,NA,139.5681,4.3533,"Within_Range",1398.1465,39.44,"Within_Range",2.5265,15.1854,0.794,5.2284,"Within_Range","Within range"
"COMPASS:Synoptic","CB","SWH_202509_TR_LYSC_45CM",2025,9,16,"SWH","TR","C",45,"15:10","EDT","",52.42,4364.33269502956,"",NA,NA,NA,NA,NA,NA,NA,NA,NA,NA,NA,NA,NA,NA,NA,3.7927,0.1183,"Within_Range",618.617,17.4504,"Within_Range",1.1179,74.6174,24.7483,33.1669,"Within_Range","High CV"
"COMPASS:Synoptic","CB","SWH_202509_WC_LYSA_10CM",2025,9,16,"SWH","WC","A",10,"13:28","EDT","",38.71,3222.87902755807,"",NA,NA,NA,NA,NA,NA,NA,NA,NA,NA,NA,NA,NA,NA,NA,107.1421,3.3419,"Within_Range",1380.9915,38.956,"Within_Range",2.4955,22.9648,2.3699,10.3197,"Within_Range","High CV"
"COMPASS:Synoptic","CB","SWH_202509_WC_LYSA_20CM",2025,9,16,"SWH","WC","A",20,"13:28","EDT","",NA,NA,NA,NA,NA,NA,NA,NA,NA,NA,NA,NA,NA,NA,NA,NA,NA,NA,0.9937,0.031,"Within_Range",252.5917,7.1253,"Within_Range",0.4565,4.6403,0.0944,2.0342,"Within_Range","Within range"
"COMPASS:Synoptic","CB","SWH_202509_WC_LYSA_45CM",2025,9,16,"SWH","WC","A",45,"13:28","EDT","",NA,NA,NA,NA,NA,NA,NA,NA,NA,NA,NA,NA,NA,NA,NA,NA,NA,NA,0,0,"bdl",318.1925,8.9758,"Within_Range",0.575,13.5232,0.6936,5.1292,"Within_Range","Within range"
"COMPASS:Synoptic","CB","SWH_202509_WC_LYSB_10CM",2025,9,16,"SWH","WC","B",10,"13:20","EDT","",48.83,4065.44001332112,"",NA,NA,NA,NA,NA,NA,NA,NA,NA,NA,NA,NA,NA,NA,NA,47.9149,1.4945,"Within_Range",1121.7816,31.6441,"Within_Range",2.0271,29.2183,0.1156,0.3957,"Within_Range","Within range"
"COMPASS:Synoptic","CB","SWH_202509_WC_LYSB_20CM",2025,9,16,"SWH","WC","B",20,"13:20","EDT","",NA,NA,NA,NA,NA,NA,NA,NA,NA,NA,NA,NA,NA,NA,NA,NA,NA,NA,0.8394,0.0262,"Within_Range",301.8238,8.5141,"Within_Range",0.5454,11.6704,1.0351,8.8693,"Within_Range","Within range"
"COMPASS:Synoptic","CB","SWH_202509_WC_LYSB_45CM",2025,9,16,"SWH","WC","B",45,"13:20","EDT","",NA,NA,NA,NA,NA,NA,NA,NA,NA,NA,NA,NA,NA,NA,NA,NA,NA,NA,1.7906,0.0559,"Within_Range",451.6465,12.7404,"Within_Range",0.8162,1.5476,0.1734,11.2049,"Within_Range","High CV"
"COMPASS:Synoptic","CB","SWH_202509_WC_LYSC_10CM",2025,9,16,"SWH","WC","C",10,"13:11","EDT","",35.96,2993.92223794855,"",NA,NA,NA,NA,NA,NA,NA,NA,NA,NA,NA,NA,NA,NA,NA,164.7002,5.1372,"Within_Range",1579.1535,44.5459,"Within_Range",2.8536,25.4171,2.1387,8.4144,"Within_Range","Within range"
"COMPASS:Synoptic","CB","SWH_202509_WC_LYSC_20CM",2025,9,16,"SWH","WC","C",20,"13:11","EDT","",NA,NA,NA,NA,NA,NA,NA,NA,NA,NA,NA,NA,NA,NA,NA,NA,NA,NA,8.1311,0.2536,"Within_Range",553.7092,15.6194,"Within_Range",1.0006,18.4824,1.2934,6.9978,"Within_Range","Within range"
"COMPASS:Synoptic","CB","SWH_202509_WC_LYSC_45CM",2025,9,16,"SWH","WC","C",45,"13:11","EDT","",79.36,6607.27666305886,"",NA,NA,NA,NA,NA,NA,NA,NA,NA,NA,NA,NA,NA,NA,NA,0.6984,0.0218,"Within_Range",525.4085,14.8211,"Within_Range",0.9494,12.6785,1.0221,8.0615,"Within_Range","Within range"
"COMPASS:Synoptic","CB","GWI_202509_SW_A",2025,9,17,"GWI","SW","A",0,"11:04","EDT","",17.94,1493.63083839814,"",NA,NA,NA,NA,NA,NA,NA,NA,NA,NA,NA,NA,NA,NA,NA,1455.8186,45.4092,"Within_Range",10531.4102,297.0779,"Within_Range",19.0303,0,0,0,"bdl","Within range"
"COMPASS:Synoptic","CB","GWI_202509_SW_B",2025,9,17,"GWI","SW","B",0,"11:10","EDT","",17.37,1446.17434018816,"",NA,NA,NA,NA,NA,NA,NA,NA,NA,NA,NA,NA,NA,NA,NA,1333.7349,41.6012,"Within_Range",9593.7827,270.6286,"Within_Range",17.336,0,0,0,"bdl","Within range"
"COMPASS:Synoptic","CB","GWI_202509_SW_C",2025,9,17,"GWI","SW","C",0,"11:15","EDT","",5.813,483.973024727333,"",NA,NA,NA,NA,NA,NA,NA,NA,NA,NA,NA,NA,NA,NA,NA,1327.0975,41.3942,"Within_Range",9560.7062,269.6955,"Within_Range",17.2762,0,0,0,"bdl","Within range"
"COMPASS:Synoptic","CB","GWI_202509_TR_LYSA_10CM",2025,9,17,"GWI","TR","A",10,"13:08","EDT","",62.93,5239.36391640996,"",NA,NA,NA,NA,NA,NA,NA,NA,NA,NA,NA,NA,NA,NA,NA,1341.9591,41.8577,"Within_Range",11173.0715,315.1783,"Within_Range",20.1898,0,0,0,"bdl","Within range"
"COMPASS:Synoptic","CB","GWI_202509_TR_LYSA_20CM",2025,9,17,"GWI","TR","A",20,"13:08","EDT","",73.71,6136.87453167929,"",NA,NA,NA,NA,NA,NA,NA,NA,NA,NA,NA,NA,NA,NA,NA,956.9061,29.8474,"Within_Range",10357.6793,292.1771,"Within_Range",18.7164,0,0,0,"bdl","Within range"
"COMPASS:Synoptic","CB","GWI_202509_TR_LYSB_10CM",2025,9,17,"GWI","TR","B",10,"13:13","EDT","",22.91,1907.41819998335,"",NA,NA,NA,NA,NA,NA,NA,NA,NA,NA,NA,NA,NA,NA,NA,1007.522,31.4261,"Within_Range",7574.0582,213.6547,"Within_Range",13.6863,0,0,0,"bdl","Within range"
"COMPASS:Synoptic","CB","GWI_202509_TR_LYSB_20CM",2025,9,17,"GWI","TR","B",20,"13:13","EDT","",NA,NA,NA,NA,NA,NA,NA,NA,NA,NA,NA,NA,NA,NA,NA,NA,NA,NA,1048.0388,32.6899,"Within_Range",10623.425,299.6735,"Within_Range",19.1966,82.3384,8.1827,9.9379,"Within_Range","Within range"
"COMPASS:Synoptic","CB","GWI_202509_TR_LYSB_45CM",2025,9,17,"GWI","TR","B",45,"13:13","EDT","",NA,NA,NA,NA,NA,NA,NA,NA,NA,NA,NA,NA,NA,NA,NA,NA,NA,NA,1358.7693,42.3821,"Within_Range",10488.1464,295.8574,"Within_Range",18.9521,2.4652,0.3619,14.6812,"Within_Range","High CV"
"COMPASS:Synoptic","CB","GWI_202509_TR_LYSC_10CM",2025,9,17,"GWI","TR","C",10,"13:20","EDT","",16.33,1359.58704520856,"",NA,NA,NA,NA,NA,NA,NA,NA,NA,NA,NA,NA,NA,NA,NA,985.04,30.7249,"Within_Range",7292.4866,205.7119,"Within_Range",13.1775,0,0,0,"bdl","Within range"
"COMPASS:Synoptic","CB","GWI_202509_TR_LYSC_20CM",2025,9,17,"GWI","TR","C",20,"13:20","EDT","",38.07,3169.59453833986,"",NA,NA,NA,NA,NA,NA,NA,NA,NA,NA,NA,NA,NA,NA,NA,1351.2007,42.146,"Within_Range",10299.2622,290.5293,"Within_Range",18.6108,17.7346,1.9208,10.8306,"Within_Range","High CV"
"COMPASS:Synoptic","CB","GWI_202509_TR_LYSC_45CM",2025,9,17,"GWI","TR","C",45,"13:20","EDT","",NA,NA,NA,NA,NA,NA,NA,NA,NA,NA,NA,NA,NA,NA,NA,NA,NA,NA,1242.8187,38.7654,"Within_Range",9733.9416,274.5823,"Within_Range",17.5893,0,0,0,"bdl","Within range"
"COMPASS:Synoptic","CB","GWI_202509_UP_LYSA_10CM",2025,9,17,"GWI","UP","A",10,"12:32","EDT","",NA,NA,NA,NA,NA,NA,NA,NA,NA,NA,NA,NA,NA,NA,NA,NA,NA,NA,492.0947,15.3492,"Within_Range",3709.2538,104.6334,"Within_Range",6.7026,0,0,0,"bdl","Within range"
"COMPASS:Synoptic","CB","GWI_202509_UP_LYSA_10CM",2025,9,17,"GWI","UP","A",10,"12:32","EDT","",NA,NA,NA,NA,NA,NA,NA,NA,NA,NA,NA,NA,NA,NA,NA,NA,NA,NA,492.0947,15.3492,"Within_Range",3709.2538,104.6334,"Within_Range",6.7026,0,0,0,"bdl","Within range"
"COMPASS:Synoptic","CB","GWI_202509_UP_LYSA_10CM",2025,9,17,"GWI","UP","A",10,"12:32","EDT","",NA,NA,NA,NA,NA,NA,NA,NA,NA,NA,NA,NA,NA,NA,NA,NA,NA,NA,2.0995,0.0655,"Within_Range",13.0059,0.3669,"Within_Range",0.0235,0,0,0,"bdl","Within range"
"COMPASS:Synoptic","CB","GWI_202509_UP_LYSA_10CM",2025,9,17,"GWI","UP","A",10,"12:32","EDT","",NA,NA,NA,NA,NA,NA,NA,NA,NA,NA,NA,NA,NA,NA,NA,NA,NA,NA,2.0995,0.0655,"Within_Range",13.0059,0.3669,"Within_Range",0.0235,0,0,0,"bdl","Within range"
"COMPASS:Synoptic","CB","GWI_202509_UP_LYSA_20CM",2025,9,17,"GWI","UP","A",20,"12:32","EDT","",20.91,1740.90417117642,"",NA,NA,NA,NA,NA,NA,NA,NA,NA,NA,NA,NA,NA,NA,NA,587.5225,18.3257,"Within_Range",4652.5361,131.2422,"Within_Range",8.4072,4.0859,0.3619,8.8576,"Within_Range","Within range"
"COMPASS:Synoptic","CB","GWI_202509_UP_LYSA_20CM",2025,9,17,"GWI","UP","A",20,"12:32","EDT","",20.91,1740.90417117642,"",NA,NA,NA,NA,NA,NA,NA,NA,NA,NA,NA,NA,NA,NA,NA,587.5225,18.3257,"Within_Range",4652.5361,131.2422,"Within_Range",8.4072,0,0,0,"bdl","Within range"
"COMPASS:Synoptic","CB","GWI_202509_UP_LYSA_20CM",2025,9,17,"GWI","UP","A",20,"12:32","EDT","",20.91,1740.90417117642,"",NA,NA,NA,NA,NA,NA,NA,NA,NA,NA,NA,NA,NA,NA,NA,1.8771,0.0585,"Within_Range",6.9319,0.1955,"Within_Range",0.0126,4.0859,0.3619,8.8576,"Within_Range","Within range"
"COMPASS:Synoptic","CB","GWI_202509_UP_LYSA_20CM",2025,9,17,"GWI","UP","A",20,"12:32","EDT","",20.91,1740.90417117642,"",NA,NA,NA,NA,NA,NA,NA,NA,NA,NA,NA,NA,NA,NA,NA,1.8771,0.0585,"Within_Range",6.9319,0.1955,"Within_Range",0.0126,0,0,0,"bdl","Within range"
"COMPASS:Synoptic","CB","GWI_202509_UP_LYSA_45CM",2025,9,17,"GWI","UP","A",45,"12:32","EDT","",16.31,1357.92190492049,"",NA,NA,NA,NA,NA,NA,NA,NA,NA,NA,NA,NA,NA,NA,NA,620.7882,19.3633,"Within_Range",4701.3603,132.6195,"Within_Range",8.4954,0,0,0,"bdl","Within range"
"COMPASS:Synoptic","CB","GWI_202509_UP_LYSA_45CM",2025,9,17,"GWI","UP","A",45,"12:32","EDT","",16.31,1357.92190492049,"",NA,NA,NA,NA,NA,NA,NA,NA,NA,NA,NA,NA,NA,NA,NA,620.7882,19.3633,"Within_Range",4701.3603,132.6195,"Within_Range",8.4954,2.7285,0.5522,20.238,"Within_Range","High CV"
"COMPASS:Synoptic","CB","GWI_202509_UP_LYSA_45CM",2025,9,17,"GWI","UP","A",45,"12:32","EDT","",16.31,1357.92190492049,"",NA,NA,NA,NA,NA,NA,NA,NA,NA,NA,NA,NA,NA,NA,NA,2.3004,0.0718,"Within_Range",7.0467,0.1988,"Within_Range",0.0128,0,0,0,"bdl","Within range"
"COMPASS:Synoptic","CB","GWI_202509_UP_LYSA_45CM",2025,9,17,"GWI","UP","A",45,"12:32","EDT","",16.31,1357.92190492049,"",NA,NA,NA,NA,NA,NA,NA,NA,NA,NA,NA,NA,NA,NA,NA,2.3004,0.0718,"Within_Range",7.0467,0.1988,"Within_Range",0.0128,2.7285,0.5522,20.238,"Within_Range","High CV"
"COMPASS:Synoptic","CB","GWI_202509_UP_LYSB_10CM",2025,9,17,"GWI","UP","B",10,"12:44","EDT","",11.88,989.093331113146,"",NA,NA,NA,NA,NA,NA,NA,NA,NA,NA,NA,NA,NA,NA,NA,184.5884,5.7576,"Within_Range",1513.6664,42.6986,"Within_Range",2.7352,0,0,0,"bdl","Within range"
"COMPASS:Synoptic","CB","GWI_202509_UP_LYSB_10CM",2025,9,17,"GWI","UP","B",10,"12:44","EDT","",11.88,989.093331113146,"",NA,NA,NA,NA,NA,NA,NA,NA,NA,NA,NA,NA,NA,NA,NA,184.5884,5.7576,"Within_Range",1513.6664,42.6986,"Within_Range",2.7352,0,0,0,"bdl","Within range"
"COMPASS:Synoptic","CB","GWI_202509_UP_LYSB_10CM",2025,9,17,"GWI","UP","B",10,"12:44","EDT","",11.88,989.093331113146,"",NA,NA,NA,NA,NA,NA,NA,NA,NA,NA,NA,NA,NA,NA,NA,7.2678,0.2267,"Within_Range",48.8513,1.378,"Within_Range",0.0883,0,0,0,"bdl","Within range"
"COMPASS:Synoptic","CB","GWI_202509_UP_LYSB_10CM",2025,9,17,"GWI","UP","B",10,"12:44","EDT","",11.88,989.093331113146,"",NA,NA,NA,NA,NA,NA,NA,NA,NA,NA,NA,NA,NA,NA,NA,7.2678,0.2267,"Within_Range",48.8513,1.378,"Within_Range",0.0883,0,0,0,"bdl","Within range"
"COMPASS:Synoptic","CB","GWI_202509_UP_LYSB_20CM",2025,9,17,"GWI","UP","B",20,"12:44","EDT","",19.36,1611.85579885105,"",NA,NA,NA,NA,NA,NA,NA,NA,NA,NA,NA,NA,NA,NA,NA,314.9923,9.8251,"Within_Range",2254.2953,63.5908,"Within_Range",4.0735,12.0477,0.6948,5.7668,"Within_Range","Within range"
"COMPASS:Synoptic","CB","GWI_202509_UP_LYSB_45CM",2025,9,17,"GWI","UP","B",45,"12:44","EDT","",32.2,2680.87586379152,"",NA,NA,NA,NA,NA,NA,NA,NA,NA,NA,NA,NA,NA,NA,NA,439.0638,13.6951,"Within_Range",3364.3235,94.9033,"Within_Range",6.0794,0,0,0,"bdl","Within range"
"COMPASS:Synoptic","CB","GWI_202509_UP_LYSC_20CM",2025,9,17,"GWI","UP","C",20,"12:51","EDT","",23.79,1980.6843726584,"",NA,NA,NA,NA,NA,NA,NA,NA,NA,NA,NA,NA,NA,NA,NA,498.4347,15.5469,"Within_Range",4647.1196,131.0894,"Within_Range",8.3974,19.1848,0.6151,3.2064,"Within_Range","Within range"
"COMPASS:Synoptic","CB","GWI_202509_WC_LYSA_10CM",2025,9,17,"GWI","WC","A",10,"11:29","EDT","",115.2,9591.208059279,"",NA,NA,NA,NA,NA,NA,NA,NA,NA,NA,NA,NA,NA,NA,NA,1148.3741,35.8195,"Within_Range",12062.8461,340.2777,"Within_Range",21.7976,0,0,0,"bdl","Within range"
"COMPASS:Synoptic","CB","GWI_202509_WC_LYSA_45CM",2025,9,17,"GWI","WC","A",45,"11:29","EDT","",59.13,4922.9872616768,"",NA,NA,NA,NA,NA,NA,NA,NA,NA,NA,NA,NA,NA,NA,NA,1578.5174,49.2364,"Within_Range",12710.6978,358.5528,"Within_Range",22.9683,0,0,0,"bdl","Within range"
"COMPASS:Synoptic","CB","GWI_202509_WC_LYSB_10CM",2025,9,17,"GWI","WC","B",10,"11:37","EDT","",115.4,9607.85946215969,"",NA,NA,NA,NA,NA,NA,NA,NA,NA,NA,NA,NA,NA,NA,NA,1351.0976,42.1428,"Within_Range",12853.7103,362.587,"Within_Range",23.2267,0,0,0,"bdl","Within range"
"COMPASS:Synoptic","CB","GWI_202509_WC_LYSB_20CM",2025,9,17,"GWI","WC","B",20,"11:37","EDT","",88.86,7398.21829989177,"",NA,NA,NA,NA,NA,NA,NA,NA,NA,NA,NA,NA,NA,NA,NA,1241.7617,38.7324,"Within_Range",11998.9383,338.475,"Within_Range",21.6821,0,0,0,"bdl","Within range"
"COMPASS:Synoptic","CB","GWI_202509_WC_LYSB_45CM",2025,9,17,"GWI","WC","B",45,"11:37","EDT","",61.94,5156.93947215053,"",NA,NA,NA,NA,NA,NA,NA,NA,NA,NA,NA,NA,NA,NA,NA,1777.2807,55.4361,"Within_Range",13825.664,390.0046,"Within_Range",24.983,0,0,0,"bdl","Within range"
"COMPASS:Synoptic","CB","GWI_202509_WC_LYSC_10CM",2025,9,17,"GWI","WC","C",10,"11:47","EDT","",96.78,8057.6138539672,"",NA,NA,NA,NA,NA,NA,NA,NA,NA,NA,NA,NA,NA,NA,NA,1268.2357,39.5582,"Within_Range",12929.1612,364.7154,"Within_Range",23.363,0,0,0,"bdl","Within range"
"COMPASS:Synoptic","CB","GWI_202509_WC_LYSC_45CM",2025,9,17,"GWI","WC","C",45,"11:47","EDT","",NA,NA,NA,NA,NA,NA,NA,NA,NA,NA,NA,NA,NA,NA,NA,NA,NA,NA,1841.0002,57.4236,"Within_Range",14192.2435,400.3454,"Within_Range",25.6454,0,0,0,"bdl","Within range"
"COMPASS:Synoptic","CB","SWH_202509_SWAMP_LYSA_10CM",2025,9,18,"SWH","SWAMP","A",10,"11:00","EDT","",19.64,1635.16776288402,"",NA,NA,NA,NA,NA,NA,NA,NA,NA,NA,NA,NA,NA,NA,NA,11.6561,0.3636,"Within_Range",62.3439,1.7586,"Within_Range",0.1127,19.6486,1.7793,9.0556,"Within_Range","Within range"
"COMPASS:Synoptic","CB","SWH_202509_SWAMP_LYSA_20CM",2025,9,18,"SWH","SWAMP","A",20,"11:00","EDT","",23.17,1929.06502372825,"",NA,NA,NA,NA,NA,NA,NA,NA,NA,NA,NA,NA,NA,NA,NA,10.9502,0.3416,"Within_Range",62.4697,1.7622,"Within_Range",0.1129,NA,NA,NA,NA,NA
"COMPASS:Synoptic","CB","SWH_202509_SWAMP_LYSA_45CM",2025,9,18,"SWH","SWAMP","A",45,"11:00","EDT","",NA,NA,NA,NA,NA,NA,NA,NA,NA,NA,NA,NA,NA,NA,NA,NA,NA,NA,0.2777,0.0087,"Within_Range",39.5354,1.1152,"Within_Range",0.0715,5.5051,0.4295,7.8016,"Within_Range","Within range"
"COMPASS:Synoptic","CB","SWH_202509_SWAMP_LYSB_10CM",2025,9,18,"SWH","SWAMP","B",10,"11:08","EDT","",22.05,1835.81716759637,"",NA,NA,NA,NA,NA,NA,NA,NA,NA,NA,NA,NA,NA,NA,NA,11.5586,0.3605,"Within_Range",111.751,3.1524,"Within_Range",0.202,15.9175,1.4112,8.8655,"Within_Range","Within range"
"COMPASS:Synoptic","CB","SWH_202509_SWAMP_LYSB_20CM",2025,9,18,"SWH","SWAMP","B",20,"11:08","EDT","",25.79,2147.19840146532,"",NA,NA,NA,NA,NA,NA,NA,NA,NA,NA,NA,NA,NA,NA,NA,0.7852,0.0245,"Within_Range",13.2166,0.3728,"Within_Range",0.0239,10.9283,0.0868,0.794,"Within_Range","Within range"
"COMPASS:Synoptic","CB","SWH_202509_SWAMP_LYSB_45CM",2025,9,18,"SWH","SWAMP","B",45,"11:08","EDT","",26.17,2178.83606693864,"",NA,NA,NA,NA,NA,NA,NA,NA,NA,NA,NA,NA,NA,NA,NA,0,0,"bdl",23.5662,0.6648,"Within_Range",0.0426,10.7167,0.7595,7.0875,"Within_Range","Within range"
"COMPASS:Synoptic","CB","SWH_202509_SWAMP_LYSC_10CM",2025,9,18,"SWH","SWAMP","C",10,"9:57","EDT","",7.868,655.066189326451,"",NA,NA,NA,NA,NA,NA,NA,NA,NA,NA,NA,NA,NA,NA,NA,13.4977,0.421,"Within_Range",48.7462,1.3751,"Within_Range",0.0881,22.8694,1.8285,7.9953,"Within_Range","Within range"
"COMPASS:Synoptic","CB","SWH_202509_SWAMP_LYSC_20CM",2025,9,18,"SWH","SWAMP","C",20,"9:57","EDT","",10.04,835.900424610773,"",NA,NA,NA,NA,NA,NA,NA,NA,NA,NA,NA,NA,NA,NA,NA,12.3062,0.3838,"Within_Range",52.9218,1.4929,"Within_Range",0.0957,28.5714,0.5302,1.8556,"Within_Range","Within range"
"COMPASS:Synoptic","CB","SWH_202509_SWAMP_LYSC_45CM",2025,9,18,"SWH","SWAMP","C",45,"9:57","EDT","",10.25,853.384397635501,"",NA,NA,NA,NA,NA,NA,NA,NA,NA,NA,NA,NA,NA,NA,NA,11.0782,0.3455,"Within_Range",43.4733,1.2263,"Within_Range",0.0786,27.9785,0.5522,1.9737,"Within_Range","Within range"
"COMPASS:Synoptic","CB","SWH_202509_UP_LYSA_10CM",2025,9,18,"SWH","UP","A",10,"10:14","EDT","",20.26,1686.78711181417,"",NA,NA,NA,NA,NA,NA,NA,NA,NA,NA,NA,NA,NA,NA,NA,NA,NA,NA,NA,NA,NA,NA,NA,NA,NA,NA,NA
"COMPASS:Synoptic","CB","SWH_202509_UP_LYSA_20CM",2025,9,18,"SWH","UP","A",20,"10:14","EDT","",32.13,2675.04787278328,"",NA,NA,NA,NA,NA,NA,NA,NA,NA,NA,NA,NA,NA,NA,NA,NA,NA,NA,NA,NA,NA,NA,NA,NA,NA,NA,NA
"COMPASS:Synoptic","CB","SWH_202509_UP_LYSA_45CM",2025,9,18,"SWH","UP","A",45,"10:14","EDT","",41.06,3418.53301140621,"",NA,NA,NA,NA,NA,NA,NA,NA,NA,NA,NA,NA,NA,NA,NA,NA,NA,NA,NA,NA,NA,NA,NA,NA,NA,NA,NA
"COMPASS:Synoptic","CB","SWH_202509_UP_LYSB_20CM",2025,9,18,"SWH","UP","B",20,"10:23","EDT","",35.82,2982.26625593206,"",NA,NA,NA,NA,NA,NA,NA,NA,NA,NA,NA,NA,NA,NA,NA,2.8108,0.0877,"Within_Range",26.0585,0.7351,"Within_Range",0.0471,0,0,0,"bdl","Within range"
"COMPASS:Synoptic","CB","SWH_202509_UP_LYSB_45CM",2025,9,18,"SWH","UP","B",45,"10:23","EDT","",NA,NA,NA,NA,NA,NA,NA,NA,NA,NA,NA,NA,NA,NA,NA,NA,NA,NA,0.1452,0.0045,"Within_Range",13.405,0.3781,"Within_Range",0.0242,8.3685,0.5522,6.5985,"Within_Range","Within range"
"COMPASS:Synoptic","CB","SWH_202509_UP_LYSC_10CM",2025,9,18,"SWH","UP","C",10,"10:30","EDT","",9.39,781.783365248522,"",NA,NA,NA,NA,NA,NA,NA,NA,NA,NA,NA,NA,NA,NA,NA,6.565,0.2048,"Within_Range",57.6349,1.6258,"Within_Range",0.1042,0,0,0,"bdl","Within range"
"COMPASS:Synoptic","CB","SWH_202509_UP_LYSC_20CM",2025,9,18,"SWH","UP","C",20,"10:30","EDT","",28.33,2358.67121805012,"",NA,NA,NA,NA,NA,NA,NA,NA,NA,NA,NA,NA,NA,NA,NA,4.2713,0.1332,"Within_Range",68.9894,1.9461,"Within_Range",0.1247,0,0,0,"bdl","Within range"
"COMPASS:Synoptic","CB","SWH_202509_UP_LYSC_45CM",2025,9,18,"SWH","UP","C",45,"10:30","EDT","",NA,NA,NA,NA,NA,NA,NA,NA,NA,NA,NA,NA,NA,NA,NA,NA,NA,NA,0.5679,0.0177,"Within_Range",22.3877,0.6315,"Within_Range",0.0405,7.4864,1.8697,24.9753,"Within_Range","High CV"
"COMPASS:Synoptic","CB","SWH_202511_SW_A",2025,11,4,"SWH","SW","A",0,"12:00","EST","",19.6,1631.83748230788,"IC checks out of range; blank is ≥ 25% of sample value",5.724,476.563150445425,"",0.4039,28.8361998186582,"",NA,NA,NA,NA,NA,NA,NA,NA,NA,361.6786,11.2813,"Within_Range",2566.1004,72.3865,"Within_Range",4.637,0,0,0,"bdl","Within Range"
"COMPASS:Synoptic","CB","SWH_202511_SW_B",2025,11,4,"SWH","SW","B",0,"12:03","EST","",21.61,1799.18408125885,"IC checks out of range; blank is ≥ 25% of sample value",5.563,463.158771126467,"",0.3346,23.8885676140704,"",NA,NA,NA,NA,NA,NA,NA,NA,NA,378.3646,11.8018,"Within_Range",2694.0579,75.996,"Within_Range",4.8682,0,0,0,"bdl","Within Range"
"COMPASS:Synoptic","CB","SWH_202511_SW_C",2025,11,4,"SWH","SW","C",0,"12:10","EST","",21.61,1799.18408125885,"IC checks out of range; blank is ≥ 25% of sample value",5.369,447.006910332196,"",0.36,25.7019854783782,"",NA,NA,NA,NA,NA,NA,NA,NA,NA,370.1383,11.5452,"Within_Range",2630.5878,74.2056,"Within_Range",4.7535,0,0,0,"bdl","Within Range"
"COMPASS:Synoptic","CB","SWH_202511_TR_LYSA_10CM",2025,11,4,"SWH","TR","A",10,"12:42","EST","",14.1,1173.92390308884,"IC checks out of range; blank is ≥ 25% of sample value",10.75,895.012904837233,"",0.5017,35.8185725402843,"",NA,NA,NA,NA,NA,NA,NA,NA,NA,157.0069,4.8973,"Within_Range",1337.5528,37.7307,"Within_Range",2.417,0,0,0,"bdl","Within Range"
"COMPASS:Synoptic","CB","SWH_202511_TR_LYSA_20CM",2025,11,4,"SWH","TR","A",20,"12:45","EST","",51.11,4255.26600616102,"IC checks out of range",12.83,1068.18749479644,"",2.888,206.187039059878,"",NA,NA,NA,NA,NA,NA,NA,NA,NA,102.8406,3.2078,"Within_Range",1713.7587,48.343,"Within_Range",3.0968,6.004,0.1353,2.2533,"Within Range","Within Range"
"COMPASS:Synoptic","CB","SWH_202511_TR_LYSA_45CM",2025,11,4,"SWH","TR","A",45,"12:48","EST","",62.61,5212.72167180085,"IC checks out of range",12,999.084172841562,"",3.448,246.167905359578,"value above cal curve",NA,NA,NA,NA,NA,NA,NA,NA,NA,2.0868,0.0651,"Within_Range",878.4201,24.7791,"Within_Range",1.5873,272.5319,8.6232,3.1641,"Within Range","Within Range"
"COMPASS:Synoptic","CB","SWH_202511_TR_LYSB_10CM",2025,11,4,"SWH","TR","B",10,"12:53","EST","",45.94,3824.82724169511,"IC checks out of range",13.77,1146.44908833569,"",3.363,240.099381010516,"value above cal curve",NA,NA,NA,NA,NA,NA,NA,NA,NA,114.7392,3.5789,"Within_Range",1384.7967,39.0634,"Within_Range",2.5024,0,0,0,"bdl","Within Range"
"COMPASS:Synoptic","CB","SWH_202511_TR_LYSB_20CM",2025,11,4,"SWH","TR","B",20,"12:53","EST","",86.4,7193.40604445925,"IC checks out of range",15.59,1297.97685455,"",3.295,235.244561531267,"value above cal curve",NA,NA,NA,NA,NA,NA,NA,NA,NA,38.4806,1.2003,"Within_Range",1570.92,44.3137,"Within_Range",2.8387,2.8471,0.947,33.2637,"Within Range","High CV"
"COMPASS:Synoptic","CB","SWH_202511_TR_LYSB_45CM",2025,11,4,"SWH","TR","B",45,"12:53","EST","",102,8492.21546915328,"IC checks out of range",17.66,1470.31887436517,"",4.835,345.191943855441,"value above cal curve",NA,NA,NA,NA,NA,NA,NA,NA,NA,2.253,0.0703,"Within_Range",0,0,"bdl",0,95.8019,1.2703,1.326,"Within Range","Within Range"
"COMPASS:Synoptic","CB","SWH_202511_TR_LYSC_10CM",2025,11,4,"SWH","TR","C",10,"12:30","EST","",25,2081.42536008659,"IC checks out of range",4.462,371.492798268254,"",0.3672,26.2160251879458,"",NA,NA,NA,NA,NA,NA,NA,NA,NA,129.9428,4.0531,"Within_Range",1013.9787,28.6031,"Within_Range",1.8323,0,0,0,"bdl","Within Range"
"COMPASS:Synoptic","CB","SWH_202511_TR_LYSC_20CM",2025,11,4,"SWH","TR","C",20,"12:35","EST","",33.7,2805.76138539672,"IC checks out of range",6.394,532.345350095746,"",0.9319,66.5324451869462,"",NA,NA,NA,NA,NA,NA,NA,NA,NA,84.7693,2.6441,"Within_Range",874.3849,24.6653,"Within_Range",1.58,0,0,0,"bdl","Within Range"
"COMPASS:Synoptic","CB","SWH_202511_TR_LYSC_45CM",2025,11,4,"SWH","TR","C",45,"12:37","EST","",72.83,6063.60835900425,"IC checks out of range",8.443,702.938972608442,"",2.756,196.762977717806,"",NA,NA,NA,NA,NA,NA,NA,NA,NA,25.6562,0.8003,"Within_Range",1141.8078,32.209,"Within_Range",2.0633,244.7889,17.0059,6.9471,"Within Range","Within Range"
"COMPASS:Synoptic","CB","SWH_202511_WC_LYSA_10CM",2025,11,4,"SWH","WC","A",10,"11:18","EST","",35.81,2981.43368578803,"IC checks out of range",6.545,544.917159270669,"",0.3426,24.4597228469233,"",NA,NA,NA,NA,NA,NA,NA,NA,NA,173.9881,5.427,"Within_Range",1798.779,50.7413,"Within_Range",3.2504,4.6966,0.4521,9.6261,"Within Range","Within Range"
"COMPASS:Synoptic","CB","SWH_202511_WC_LYSA_45CM",2025,11,4,"SWH","WC","A",45,"11:18","EST","",NA,NA,NA,NA,NA,NA,NA,NA,NA,NA,NA,NA,NA,NA,NA,NA,NA,NA,4.7219,0.1473,"Within_Range",533.7137,15.0554,"Within_Range",0.9644,5.0474,0.2706,5.3609,"Within Range","Within Range"
"COMPASS:Synoptic","CB","SWH_202511_WC_LYSB_10CM",2025,11,4,"SWH","WC","B",10,"11:25","EST","",61.72,5138.62292898177,"IC checks out of range",6.472,538.839397219216,"",0.2889,20.6258433463985,"",NA,NA,NA,NA,NA,NA,NA,NA,NA,174.4949,5.4428,"Within_Range",1847.2474,52.1085,"Within_Range",3.338,5.43,0.5326,9.8092,"Within Range","Within Range"
"COMPASS:Synoptic","CB","SWH_202511_WC_LYSB_20CM",2025,11,4,"SWH","WC","B",20,"11:25","EST","",NA,NA,NA,9.549,795.021230538673,"",0.356,25.4164078619518,"",NA,NA,NA,NA,NA,NA,NA,NA,NA,1.8604,0.058,"Within_Range",696.2648,19.6408,"Within_Range",1.2582,0.7424,0.2706,36.4459,"Within Range","High CV"
"COMPASS:Synoptic","CB","SWH_202511_WC_LYSB_45CM",2025,11,4,"SWH","WC","B",45,"11:25","EST","",NA,NA,NA,NA,NA,NA,NA,NA,NA,NA,NA,NA,NA,NA,NA,NA,NA,NA,1.3981,0.0436,"Within_Range",539.3677,15.2149,"Within_Range",0.9747,0,0,0,"bdl","Within Range"
"COMPASS:Synoptic","CB","SWH_202511_WC_LYSC_10CM",2025,11,4,"SWH","WC","C",10,"11:07","EST","broken at second pull",NA,NA,NA,5.862,488.052618433103,"",0.2366,16.891916011623,"",NA,NA,NA,NA,NA,NA,NA,NA,NA,168.5243,5.2565,"Within_Range",1981.0086,55.8818,"Within_Range",3.5797,11.3613,0.5412,4.7632,"Within Range","Within Range"
"COMPASS:Synoptic","CB","SWH_202511_WC_LYSC_20CM",2025,11,4,"SWH","WC","C",20,"11:07","EST","",NA,NA,NA,5.421,451.336275081176,"",0.2773,19.7976682587619,"",NA,NA,NA,NA,NA,NA,NA,NA,NA,42.7689,1.334,"Within_Range",0,0,"bdl",0,6.291,0.2706,4.3011,"Within Range","Within Range"
"COMPASS:Synoptic","CB","SWH_202511_WC_LYSC_45CM",2025,11,4,"SWH","WC","C",45,"11:07","EST","",96.22,8010.98992590126,"IC checks out of range",15.11,1258.01348763633,"",0.5533,39.5025237921852,"",NA,NA,NA,NA,NA,NA,NA,NA,NA,0.7633,0.0238,"Within_Range",445.4022,12.5642,"Within_Range",0.8049,4.2183,0.0552,1.3094,"Within Range","Within Range"
"COMPASS:Synoptic","CB","SWH_202511_SWAMP_LYSA_10CM",2025,11,5,"SWH","SWAMP","A",10,"11:50","EST","",24.92,2074.76479893431,"IC checks out of range",6.749,561.901590208975,"",0.9056,64.6547723589425,"",NA,NA,NA,NA,NA,NA,NA,NA,NA,3.1831,0.0993,"Within_Range",257.318,7.2586,"Within_Range",0.465,28.4376,1.5558,5.4711,"Within Range","Within Range"
"COMPASS:Synoptic","CB","SWH_202511_SWAMP_LYSA_20CM",2025,11,5,"SWH","SWAMP","A",20,"11:50","EST","",29.27,2436.93281158938,"IC checks out of range",6.355,529.098326534011,"",1.172,83.6742416129424,"",NA,NA,NA,NA,NA,NA,NA,NA,NA,2.304,0.0719,"Within_Range",180.6357,5.0955,"Within_Range",0.3264,28.8202,4.6675,16.1954,"Within Range","High CV"
"COMPASS:Synoptic","CB","SWH_202511_SWAMP_LYSA_45CM",2025,11,5,"SWH","SWAMP","A",45,"11:50","EST","",27.91,2323.70327200067,"IC checks out of range",9.457,787.361585213554,"",1.059,75.6066739488959,"",NA,NA,NA,NA,NA,NA,NA,NA,NA,0,0,"bdl",83.3932,2.3524,"Within_Range",0.1507,4.3777,0.947,21.6332,"Within Range","High CV"
"COMPASS:Synoptic","CB","SWH_202511_SWAMP_LYSB_10CM",2025,11,5,"SWH","SWAMP","B",10,"11:30","EST","",23.27,1937.3907251686,"IC checks out of range",6.425,534.926317542253,"",0.4382,31.2850278795148,"",NA,NA,NA,NA,NA,NA,NA,NA,NA,12.6549,0.3947,"Within_Range",230.1861,6.4933,"Within_Range",0.416,10.5003,0.2706,2.5769,"Within Range","Within Range"
"COMPASS:Synoptic","CB","SWH_202511_SWAMP_LYSB_20CM",2025,11,5,"SWH","SWAMP","B",20,"11:30","EST","",32.22,2682.54100407959,"IC checks out of range",7.545,628.174173674132,"",0.3481,24.8523920695096,"",NA,NA,NA,NA,NA,NA,NA,NA,NA,1.1653,0.0363,"Within_Range",38.3291,1.0812,"Within_Range",0.0693,8.1405,0.718,8.8203,"Within Range","Within Range"
"COMPASS:Synoptic","CB","SWH_202511_SWAMP_LYSB_45CM",2025,11,5,"SWH","SWAMP","B",45,"11:30","EST","",31.5,2622.5959537091,"IC checks out of range",6.015,500.790941636833,"",0.727,51.9037317855027,"",NA,NA,NA,NA,NA,NA,NA,NA,NA,0,0,"bdl",16.7603,0.4728,"Within_Range",0.0303,3.1341,0.0957,3.0524,"Within Range","Within Range"
"COMPASS:Synoptic","CB","SWH_202511_SWAMP_LYSC_10CM",2025,11,5,"SWH","SWAMP","C",10,"11:18","EST","In fridge 11/7",NA,NA,NA,NA,NA,NA,NA,NA,NA,NA,NA,NA,NA,NA,NA,NA,NA,NA,2.4115,0.0752,"Within_Range",112.0197,3.1599,"Within_Range",0.2024,29.0115,1.6911,5.8292,"Within Range","Within Range"
"COMPASS:Synoptic","CB","SWH_202511_SWAMP_LYSC_20CM",2025,11,5,"SWH","SWAMP","C",20,"11:18","EST","",17.36,1445.34177004413,"IC checks out of range; blank is ≥ 25% of sample value",13.12,1092.33202897344,"",0.6368,45.4639565350868,"",NA,NA,NA,NA,NA,NA,NA,NA,NA,1.6983,0.053,"Within_Range",119.0375,3.3579,"Within_Range",0.2151,51.6842,4.1264,7.9838,"Within Range","Within Range"
"COMPASS:Synoptic","CB","SWH_202511_SWAMP_LYSC_45CM",2025,11,5,"SWH","SWAMP","C",45,"11:18","EST","",18.53,1542.75247689618,"IC checks out of range; blank is ≥ 25% of sample value",11.14,927.483140454583,"",0.7749,55.3235237422091,"",NA,NA,NA,NA,NA,NA,NA,NA,NA,1.4524,0.0453,"Within_Range",91.0562,2.5686,"Within_Range",0.1646,63.0206,4.3293,6.8697,"Within Range","Within Range"
"COMPASS:Synoptic","CB","SWH_202511_UP_LYSA_10CM",2025,11,5,"SWH","UP","A",10,"10:25","EST","",24.28,2021.48030971609,"IC checks out of range",7.694,640.579468820248,"",0.272,19.4192779169969,"",NA,NA,NA,NA,NA,NA,NA,NA,NA,7.8721,0.2455,"Within_Range",63.4854,1.7908,"Within_Range",0.1147,0,0,0,"bdl","Within Range"
"COMPASS:Synoptic","CB","SWH_202511_UP_LYSA_20CM",2025,11,5,"SWH","UP","A",20,"10:25","EST","",33.31,2773.29114977937,"IC checks out of range",7.945,661.476979435517,"",0.259,18.491150663611,"",NA,NA,NA,NA,NA,NA,NA,NA,NA,3.0869,0.0963,"Within_Range",16.7962,0.4738,"Within_Range",0.0304,0,0,0,"bdl","Within Range"
"COMPASS:Synoptic","CB","SWH_202511_UP_LYSA_45CM",2025,11,5,"SWH","UP","A",45,"10:25","EST","",37.27,3102.98892681709,"IC checks out of range",14.99,1248.02264590792,"",0.3287,23.4673406298414,"",NA,NA,NA,NA,NA,NA,NA,NA,NA,1.5042,0.0469,"Within_Range",11.0936,0.3129,"Within_Range",0.0201,4.4734,0.5412,12.0975,"Within Range","High CV"
"COMPASS:Synoptic","CB","SWH_202511_UP_LYSB_10CM",2025,11,5,"SWH","UP","B",10,"10:36","EST","",NA,NA,NA,13.89,1156.43993006411,"",0.458,32.6986370808256,"",NA,NA,NA,NA,NA,NA,NA,NA,NA,18.101,0.5646,"Within_Range",167.8123,4.7338,"Within_Range",0.3033,0,0,0,"bdl","Within Range"
"COMPASS:Synoptic","CB","SWH_202511_UP_LYSB_20CM",2025,11,5,"SWH","UP","B",20,"10:36","EST","",31.14,2592.62342852385,"IC checks out of range",8.929,743.401881608526,"",0.3329,23.7671971270892,"",NA,NA,NA,NA,NA,NA,NA,NA,NA,9.8565,0.3074,"Within_Range",80.2279,2.2631,"Within_Range",0.145,0,0,0,"bdl","Within Range"
"COMPASS:Synoptic","CB","SWH_202511_UP_LYSB_45CM",2025,11,5,"SWH","UP","B",45,"10:36","EST","",NA,NA,NA,30.28,2521.02239613688,"",0.6962,49.7047841390192,"",NA,NA,NA,NA,NA,NA,NA,NA,NA,1.278,0.0399,"Within_Range",19.1515,0.5402,"Within_Range",0.0346,8.7464,0.718,8.2093,"Within Range","Within Range"
"COMPASS:Synoptic","CB","SWH_202511_UP_LYSC_10CM",2025,11,5,"SWH","UP","C",10,"10:43","EST","",6.159,512.779951710932,"IC checks out of range; blank is ≥ 25% of sample value",16.26,1353.75905420032,"",0.6781,48.4125454246896,"",NA,NA,NA,NA,NA,NA,NA,NA,NA,64.4674,2.0108,"Within_Range",586.1864,16.5356,"Within_Range",1.0593,0,0,0,"bdl","Within Range"
"COMPASS:Synoptic","CB","SWH_202511_UP_LYSC_20CM",2025,11,5,"SWH","UP","C",20,"10:43","EST","",37.56,3127.13346099409,"IC checks out of range",10.41,866.705519940055,"",0.3867,27.6082160680246,"",NA,NA,NA,NA,NA,NA,NA,NA,NA,5.1416,0.1604,"Within_Range",172.1407,4.8559,"Within_Range",0.3111,0,0,0,"bdl","Within Range"
"COMPASS:Synoptic","CB","SWH_202511_UP_LYSC_45CM",2025,11,5,"SWH","UP","C",45,"10:43","EST","",33.35,2776.62143035551,"IC checks out of range",32.5,2705.85296811256,"",0.816,58.2578337509906,"",NA,NA,NA,NA,NA,NA,NA,NA,NA,0.1834,0.0057,"Within_Range",28.4106,0.8014,"Within_Range",0.0514,9.4958,1.0147,10.6856,"Within Range","High CV"
"COMPASS:Synoptic","CB","GWI_202511_SW_A",2025,11,6,"GWI","SW","A",0,"10:30","EST","",12,999.084172841562,"IC checks out of range; blank is ≥ 25% of sample value",4.447,370.243943052202,"",0.14,9.99521657492486,"",NA,NA,NA,NA,NA,NA,NA,NA,NA,1903.3581,59.3686,"Within_Range",13467.0453,379.8884,"Within_Range",24.335,0,0,0,"bdl","Within Range"
"COMPASS:Synoptic","CB","GWI_202511_SW_B",2025,11,6,"GWI","SW","B",0,"10:30","EST","",3.947,328.61543585047,"IC checks out of range; blank is ≥ 25% of sample value",5.138,427.774540004995,"",0.1556,11.1089692789879,"",NA,NA,NA,NA,NA,NA,NA,NA,NA,1928.9461,60.1668,"Within_Range",13604.9843,383.7795,"Within_Range",24.5842,0,0,0,"bdl","Within Range"
"COMPASS:Synoptic","CB","GWI_202511_SW_C",2025,11,6,"GWI","SW","C",0,"10:30","EST","",33.41,2781.61685121972,"IC checks out of range",5.221,434.684872200483,"",0.1939,13.8433749562709,"",NA,NA,NA,NA,NA,NA,NA,NA,NA,1939.1951,60.4864,"Within_Range",13745.1504,387.7334,"Within_Range",24.8375,0,0,0,"bdl","Within Range"
"COMPASS:Synoptic","CB","GWI_202511_TR_LYSA_10CM",2025,11,6,"GWI","TR","A",10,"13:00","EST","",85.88,7150.11239696945,"IC checks out of range",43.34,3608.35900424611,"",1.145,81.746592702064,"",NA,NA,NA,NA,NA,NA,NA,NA,NA,1231.1564,38.4016,"Within_Range",10956.9647,309.0822,"Within_Range",19.7993,0,0,0,"bdl","Within Range"
"COMPASS:Synoptic","CB","GWI_202511_TR_LYSA_20CM",2025,11,6,"GWI","TR","A",20,"13:00","EST","",90.36,7523.10382149696,"IC checks out of range",101.9,8483.88976771293,"value above cal curve",1.85,132.079647597221,"",NA,NA,NA,NA,NA,NA,NA,NA,NA,951.8342,29.6892,"Within_Range",11213.6913,316.3242,"Within_Range",20.2632,0,0,0,"bdl","Within Range"
"COMPASS:Synoptic","CB","GWI_202511_TR_LYSA_45CM",2025,11,6,"GWI","TR","A",45,"13:00","EST","",NA,NA,NA,NA,NA,NA,NA,NA,NA,NA,NA,NA,NA,NA,NA,NA,NA,NA,964.1951,30.0747,"Within_Range",10486.0693,295.7989,"Within_Range",18.9484,0,0,0,"bdl","Within Range"
"COMPASS:Synoptic","CB","GWI_202511_TR_LYSB_10CM",2025,11,6,"GWI","TR","B",10,"13:10","EST","",42.92,3573.39105819665,"IC checks out of range",15.51,1291.31629339772,"",0.4018,28.6862715700343,"",NA,NA,NA,NA,NA,NA,NA,NA,NA,1439.3863,44.8966,"Within_Range",10837.1229,305.7016,"Within_Range",19.5827,0.0728,0,0,"Within Range","Within Range"
"COMPASS:Synoptic","CB","GWI_202511_TR_LYSB_20CM",2025,11,6,"GWI","TR","B",20,"13:10","EST","Got DOC",49.31,4105.40338023478,"IC checks out of range",55.84,4649.0716842894,"",1.084,77.3915340515611,"",NA,NA,NA,NA,NA,NA,NA,NA,NA,1032.1965,32.1958,"Within_Range",10144.3823,286.1603,"Within_Range",18.3309,32.2163,1.2176,3.7795,"Within Range","Within Range"
"COMPASS:Synoptic","CB","GWI_202511_TR_LYSB_45CM",2025,11,6,"GWI","TR","B",45,"13:10","EST","Got DOC",NA,NA,NA,31.87,2653.40104903838,"",0.6639,47.3987448863758,"",NA,NA,NA,NA,NA,NA,NA,NA,NA,1265.2112,39.4639,"Within_Range",9572.8052,270.0368,"Within_Range",17.2981,0,0,0,"bdl","Within Range"
"COMPASS:Synoptic","CB","GWI_202511_TR_LYSC_10CM",2025,11,6,"GWI","TR","C",10,"13:15","EST","",20.68,1721.75505786363,"IC checks out of range; blank is ≥ 25% of sample value",16.17,1346.265922904,"",0.4038,28.8290603782476,"",NA,NA,NA,NA,NA,NA,NA,NA,NA,1541.9347,48.0953,"Within_Range",11332.54,319.6767,"Within_Range",20.4779,0,0,0,"bdl","Within Range"
"COMPASS:Synoptic","CB","GWI_202511_TR_LYSC_20CM",2025,11,6,"GWI","TR","C",20,"13:15","EST","",NA,NA,NA,30.33,2525.18524685705,"",0.5516,39.3811533052039,"",NA,NA,NA,NA,NA,NA,NA,NA,NA,1304.5479,40.6908,"Within_Range",10241.7079,288.9057,"Within_Range",18.5068,0,0,0,"bdl","Within Range"
"COMPASS:Synoptic","CB","GWI_202511_UP_LYSA_20CM",2025,11,6,"GWI","UP","A",20,"13:36","EST","",50.5,4204.47922737491,"IC checks out of range",21.11,1757.55557405711,"",0.58,41.4087543818315,"",NA,NA,NA,NA,NA,NA,NA,NA,NA,630.2512,19.6585,"Within_Range",4806.4794,135.5848,"Within_Range",8.6853,0,0,0,"bdl","Within Range"
"COMPASS:Synoptic","CB","GWI_202511_UP_LYSA_45CM",2025,11,6,"GWI","UP","A",45,"13:36","EST","",26.95,2243.77653817334,"IC checks out of range",26.99,2247.10681874948,"",0.6397,45.6710003069959,"",NA,NA,NA,NA,NA,NA,NA,NA,NA,767.4973,23.9394,"Within_Range",5849.4439,165.0055,"Within_Range",10.57,0,0,0,"bdl","Within Range"
"COMPASS:Synoptic","CB","GWI_202511_UP_LYSB_10CM",2025,11,6,"GWI","UP","B",10,"13:40","EST","",12.64,1052.36866205978,"IC checks out of range; blank is ≥ 25% of sample value",25.61,2132.2121388727,"",0.7198,51.3896920759351,"",NA,NA,NA,NA,NA,NA,NA,NA,NA,788.6535,24.5993,"Within_Range",6132.8212,172.9992,"Within_Range",11.082,0,0,0,"bdl","Within Range"
"COMPASS:Synoptic","CB","GWI_202511_UP_LYSB_20CM",2025,11,6,"GWI","UP","B",20,"13:40","EST","",26.49,2205.47831154775,"IC checks out of range",48.33,4023.81150611939,"",1.088,77.6771116679875,"",NA,NA,NA,NA,NA,NA,NA,NA,NA,366.6683,11.4369,"Within_Range",3664.603,103.3739,"Within_Range",6.622,0,0,0,"bdl","Within Range"
"COMPASS:Synoptic","CB","GWI_202511_UP_LYSB_45CM",2025,11,6,"GWI","UP","B",45,"13:40","EST","",40.08,3336.94113729082,"IC checks out of range",41.25,3434.35184414287,"",0.9749,69.6024045635303,"",NA,NA,NA,NA,NA,NA,NA,NA,NA,387.5023,12.0868,"Within_Range",3247.7243,91.6142,"Within_Range",5.8687,0,0,0,"bdl","Within Range"
"COMPASS:Synoptic","CB","GWI_202511_UP_LYSC_20CM",2025,11,6,"GWI","UP","C",20,"13:45","EST","",33.99,2829.90591957372,"IC checks out of range",83.15,6922.82074764799,"",1.795,128.152955371358,"",NA,NA,NA,NA,NA,NA,NA,NA,NA,551.1467,17.1911,"Within_Range",5328.5683,150.3122,"Within_Range",9.6287,1.5077,0.2706,17.9462,"Within Range","High CV"
"COMPASS:Synoptic","CB","GWI_202511_WC_LYSA_10CM",2025,11,6,"GWI","WC","A",10,"10:57","EST","",3.947,328.61543585047,"IC checks out of range; blank is ≥ 25% of sample value",37,3080.50953292815,"",0.7705,55.00938836414,"",NA,NA,NA,NA,NA,NA,NA,NA,NA,1204.8593,37.5814,"Within_Range",11377.5863,320.9474,"Within_Range",20.5593,0,0,0,"bdl","Within Range"
"COMPASS:Synoptic","CB","GWI_202511_WC_LYSA_45CM",2025,11,6,"GWI","WC","A",45,"10:57","EST","",NA,NA,NA,51.53,4290.23395221047,"",1.035,73.8932082503373,"",NA,NA,NA,NA,NA,NA,NA,NA,NA,1543.1394,48.1329,"Within_Range",12252.233,345.6201,"Within_Range",22.1398,0,0,0,"bdl","Within Range"
"COMPASS:Synoptic","CB","GWI_202511_WC_LYSB_10CM",2025,11,6,"GWI","WC","B",10,"11:02","EST","",NA,NA,NA,43.22,3598.36816251769,"",0.7534,53.7885440539171,"",NA,NA,NA,NA,NA,NA,NA,NA,NA,1354.5207,42.2496,"Within_Range",12166.0339,343.1885,"Within_Range",21.984,0,0,0,"bdl","Within Range"
"COMPASS:Synoptic","CB","GWI_202511_WC_LYSB_20CM",2025,11,6,"GWI","WC","B",20,"11:02","EST","",100.5,8367.32994754808,"IC checks out of range",64.39,5360.91915743901,"",1.413,100.880293002634,"",NA,NA,NA,NA,NA,NA,NA,NA,NA,1211.2301,37.7801,"Within_Range",12465.7223,351.6424,"Within_Range",22.5256,0,0,0,"bdl","Within Range"
"COMPASS:Synoptic","CB","GWI_202511_WC_LYSB_45CM",2025,11,6,"GWI","WC","B",45,"11:02","EST","",NA,NA,NA,100.5,8367.32994754808,"value above cal curve",1.447,103.307702742259,"",NA,NA,NA,NA,NA,NA,NA,NA,NA,1676.9119,52.3054,"Within_Range",13192.4457,372.1423,"Within_Range",23.8388,0,0,0,"bdl","Within Range"
"COMPASS:Synoptic","CB","GWI_202511_WC_LYSC_10CM",2025,11,6,"GWI","WC","C",10,"11:10","EST","dup DIC",85.15,7089.33477645492,"IC checks out of range",56.88,4735.658979269,"",1.098,78.3910557090535,"",NA,NA,NA,NA,NA,NA,NA,NA,NA,1282.8474,40.014,"Within_Range",12633.3432,356.3708,"Within_Range",22.8285,0,0,0,"bdl","Within Range"
"COMPASS:Synoptic","CB","GWI_202511_WC_LYSC_45CM",2025,11,6,"GWI","WC","C",45,"11:10","EST","",NA,NA,NA,NA,NA,NA,NA,NA,NA,NA,NA,NA,NA,NA,NA,NA,NA,NA,1730.0157,53.9618,"Within_Range",13167.858,371.4487,"Within_Range",23.7943,0,0,0,"bdl","Within Range"
"COMPASS:Synoptic","CB","GCW_202511_SW_A",2025,11,12,"GCW","SW","A",0,"10:30","EST","",NA,NA,NA,6.241,519.607026892016,"",0.8155,58.2221365489373,"",NA,NA,NA,NA,NA,NA,NA,NA,NA,1091.6482,34.0502,"Within_Range",8058.4536,227.3189,"Within_Range",14.5617,0,0,0,"bdl","Within Range"
"COMPASS:Synoptic","CB","GCW_202511_SW_B",2025,11,12,"GCW","SW","B",0,"10:30","EST","",NA,NA,NA,5.964,496.544833902256,"",0.7871,56.1945354723097,"",NA,NA,NA,NA,NA,NA,NA,NA,NA,1073.0937,33.4714,"Within_Range",7888.6129,222.5279,"Within_Range",14.2547,0,0,0,"bdl","Within Range"
"COMPASS:Synoptic","CB","GCW_202511_SW_C",2025,11,12,"GCW","SW","C",0,"10:30","EST","",46.7,3888.10257264175,"IC checks out of range",5.808,483.556739655316,"",0.8048,57.4582164249966,"",NA,NA,NA,NA,NA,NA,NA,NA,NA,1061.849,33.1207,"Within_Range",7792.146,219.8067,"Within_Range",14.0804,0,0,0,"bdl","Within Range"
"COMPASS:Synoptic","CB","GCW_202511_TR_LYSA_20CM",2025,11,12,"GCW","TR","A",20,"13:13","EST","",NA,NA,NA,3.025,251.852468570477,"",0.2193,15.6567928205787,"",NA,NA,NA,NA,NA,NA,NA,NA,NA,89.9922,2.807,"Within_Range",2217.0635,62.5406,"Within_Range",4.0063,0,0,0,"bdl","Within Range"
"COMPASS:Synoptic","CB","GCW_202511_TR_LYSA_45CM",2025,11,12,"GCW","TR","A",45,"13:13","EST","",NA,NA,NA,NA,NA,NA,NA,NA,NA,NA,NA,NA,NA,NA,NA,NA,NA,NA,11.4254,0.3564,"Within_Range",510.7375,14.4073,"Within_Range",0.9229,0,0,0,"bdl","Within Range"
"COMPASS:Synoptic","CB","GCW_202511_TR_LYSB_10CM",2025,11,12,"GCW","TR","B",10,"13:18","EST","",6.221,517.941886603947,"IC checks out of range; blank is ≥ 25% of sample value",5.835,485.804679044209,"",0.3136,22.3892851278317,"",NA,NA,NA,NA,NA,NA,NA,NA,NA,766.8754,23.92,"Within_Range",5788.8372,163.2958,"Within_Range",10.4605,0,0,0,"bdl","Within Range"
"COMPASS:Synoptic","CB","GCW_202511_TR_LYSB_20CM",2025,11,12,"GCW","TR","B",20,"13:18","EST","",NA,NA,NA,NA,NA,NA,NA,NA,NA,NA,NA,NA,NA,NA,NA,NA,NA,NA,520.6013,16.2383,"Within_Range",4799.3341,135.3832,"Within_Range",8.6724,0,0,0,"bdl","Within Range"
"COMPASS:Synoptic","CB","GCW_202511_TR_LYSB_45CM",2025,11,12,"GCW","TR","B",45,"13:18","EST","Got nutr",NA,NA,NA,NA,NA,NA,NA,NA,NA,NA,NA,NA,NA,NA,NA,NA,NA,NA,60.4818,1.8865,"Within_Range",2891.2196,81.5577,"Within_Range",5.2245,0,0,0,"bdl","Within Range"
"COMPASS:Synoptic","CB","GCW_202511_TR_LYSC_10CM",2025,11,12,"GCW","TR","C",10,"13:26","EST","",NA,NA,NA,12.51,1041.54525018733,"",0.4032,28.7862237357836,"",NA,NA,NA,NA,NA,NA,NA,NA,NA,505.9217,15.7805,"Within_Range",4358.9129,122.9595,"Within_Range",7.8766,0,0,0,"bdl","Within Range"
"COMPASS:Synoptic","CB","GCW_202511_TR_LYSC_20CM",2025,11,12,"GCW","TR","C",20,"13:26","EST","",NA,NA,NA,5.225,435.017900258097,"",0.4113,29.3645184090471,"",NA,NA,NA,NA,NA,NA,NA,NA,NA,436.7353,13.6224,"Within_Range",4230.8906,119.3481,"Within_Range",7.6452,0,0,0,"bdl","Within Range"
"COMPASS:Synoptic","CB","GCW_202511_WC_LYSA_10CM",2025,11,12,"GCW","WC","A",10,"11:08","EST","",122.4,10190.6585629839,"IC checks out of range",10.6,882.524352676713,"",0.888,63.3982308466662,"",NA,NA,NA,NA,NA,NA,NA,NA,NA,614.047,19.1531,"Within_Range",6811.0802,192.132,"Within_Range",12.3076,2416.7976,23.676,0.9796,"Within Range","Within Range"
"COMPASS:Synoptic","CB","GCW_202511_WC_LYSA_20CM",2025,11,12,"GCW","WC","A",20,"11:08","EST","",144.3,12013.9871784198,"IC checks out of range",12.03,1001.58188327367,"",2.129,151.998686342964,"",NA,NA,NA,NA,NA,NA,NA,NA,NA,444.0529,13.8507,"Within_Range",6322.9256,178.3618,"Within_Range",11.4256,2736.6827,83.9914,3.0691,"Within Range","Within Range"
"COMPASS:Synoptic","CB","GCW_202511_WC_LYSA_45CM",2025,11,12,"GCW","WC","A",45,"11:08","EST","",291.7,24286.0711014903,"IC checks out of range; value above cal curve",16.16,1345.43335275997,"",3.885,277.367259954165,"value above cal curve",NA,NA,NA,NA,NA,NA,NA,NA,NA,164.1129,5.1189,"Within_Range",5651.5682,159.4236,"Within_Range",10.2124,4511.0724,301.9275,6.693,"Within Range","Within Range"
"COMPASS:Synoptic","CB","GCW_202511_WC_LYSB_10CM",2025,11,12,"GCW","WC","B",10,"11:19","EST","",241.3,20089.9175755557,"IC checks out of range; value above cal curve",13.91,1158.10507035218,"",2.849,203.402657299721,"",NA,NA,NA,NA,NA,NA,NA,NA,NA,254.9076,7.951,"Within_Range",5400.0293,152.328,"Within_Range",9.7579,3031.4478,75.175,2.4798,"Within Range","Within Range"
"COMPASS:Synoptic","CB","GCW_202511_WC_LYSB_20CM",2025,11,12,"GCW","WC","B",20,"11:19","EST","",177,14736.491549413,"IC checks out of range",12.94,1077.34576638082,"",2.242,160.066254007011,"",NA,NA,NA,NA,NA,NA,NA,NA,NA,303.2613,9.4592,"Within_Range",5679.9976,160.2256,"Within_Range",10.2638,2660.7444,199.5546,7.5,"Within Range","Within Range"
"COMPASS:Synoptic","CB","GCW_202511_WC_LYSB_45CM",2025,11,12,"GCW","WC","B",45,"11:19","EST","",215.1,17908.583798185,"IC checks out of range; value above cal curve",15.97,1329.61452002331,"",3.974,283.721361919653,"value above cal curve",NA,NA,NA,NA,NA,NA,NA,NA,NA,191.687,5.979,"Within_Range",5833.8067,164.5644,"Within_Range",10.5417,6635.0472,217.0115,3.2707,"Within Range","Within Range"
"COMPASS:Synoptic","CB","GCW_202511_WC_LYSC_10CM",2025,11,12,"GCW","WC","C",10,"11:30","EST","",31.25,2601.78170010823,"IC checks out of range",6.393,532.262093081342,"",0.4929,35.1903017841462,"",NA,NA,NA,NA,NA,NA,NA,NA,NA,983.5205,30.6775,"Within_Range",7590.6572,214.1229,"Within_Range",13.7163,797.661,29.8715,3.7449,"Within Range","Within Range"
"COMPASS:Synoptic","CB","GCW_202511_WC_LYSC_20CM",2025,11,12,"GCW","WC","C",20,"11:30","EST","",34.48,2870.70185663142,"IC checks out of range",5.8,482.890683540088,"",0.42,29.9856497247746,"",NA,NA,NA,NA,NA,NA,NA,NA,NA,956.2161,29.8258,"Within_Range",7597.5215,214.3165,"Within_Range",13.7287,493.9234,98.0862,19.8586,"Within Range","High CV"
"COMPASS:Synoptic","CB","GCW_202511_WC_LYSC_45CM",2025,11,12,"GCW","WC","C",45,"11:30","EST","",NA,NA,NA,12.68,1055.69894263592,"",1.409,100.594715386208,"",NA,NA,NA,NA,NA,NA,NA,NA,NA,467.0154,14.5669,"Within_Range",5608.6918,158.2142,"Within_Range",10.1349,1273.5963,77.7925,6.1081,"Within Range","Within Range"
"COMPASS:Synoptic","CB","MSM_202511_SW_A",2025,11,13,"MSM","SW","A",0,"11:19","EST","",27.36,2277.91191407876,"IC checks out of range",7.414,617.267504787278,"",0.3978,28.4006939536079,"",NA,NA,NA,NA,NA,NA,NA,NA,NA,1360.3492,42.4314,"Within_Range",9826.806,277.2019,"Within_Range",17.7571,0,0,0,"bdl","Within Range"
"COMPASS:Synoptic","CB","MSM_202511_SW_B",2025,11,13,"MSM","SW","B",0,"11:19","EST","",14.38,1197.23586712181,"IC checks out of range; blank is ≥ 25% of sample value",8.398,699.192406960286,"",0.3072,21.9323609415494,"",NA,NA,NA,NA,NA,NA,NA,NA,NA,1411.73,44.034,"Within_Range",10203.5354,287.8289,"Within_Range",18.4378,0,0,0,"bdl","Within Range"
"COMPASS:Synoptic","CB","MSM_202511_SW_C",2025,11,13,"MSM","SW","C",0,"11:19","EST","",NA,NA,NA,7.686,639.91341270502,"",0.2775,19.8119471395832,"",NA,NA,NA,NA,NA,NA,NA,NA,NA,1414.2302,44.112,"Within_Range",10208.9872,287.9827,"Within_Range",18.4477,0,0,0,"bdl","Within Range"
"COMPASS:Synoptic","CB","MSM_202511_TR_LYSA_10CM",2025,11,13,"MSM","TR","A",10,"13:12","EST","",52.84,4399.30064107901,"IC checks out of range",56.1,4670.7185080343,"",1.429,102.02260346834,"",NA,NA,NA,NA,NA,NA,NA,NA,NA,729.4738,22.7534,"Within_Range",7081.3284,199.7554,"Within_Range",12.796,0.3119,0.2029,65.0588,"Within Range","High CV"
"COMPASS:Synoptic","CB","MSM_202511_TR_LYSA_20CM",2025,11,13,"MSM","TR","A",20,"13:12","EST","",48.78,4061.27716260095,"IC checks out of range",33.37,2778.28657064358,"",0.8365,59.721419035176,"",NA,NA,NA,NA,NA,NA,NA,NA,NA,747.6475,23.3203,"Within_Range",5935.5995,167.4358,"Within_Range",10.7257,0,0,0,"bdl","Within Range"
"COMPASS:Synoptic","CB","MSM_202511_TR_LYSA_45CM",2025,11,13,"MSM","TR","A",45,"13:12","EST","",NA,NA,NA,26.83,2233.78569644493,"",1.311,93.5980637837606,"",NA,NA,NA,NA,NA,NA,NA,NA,NA,711.044,22.1785,"Within_Range",5703.7543,160.8957,"Within_Range",10.3067,0,0,0,"bdl","Within Range"
"COMPASS:Synoptic","CB","MSM_202511_TR_LYSB_10CM",2025,11,13,"MSM","TR","B",10,"13:20","EST","",31.41,2615.10282241279,"IC checks out of range",38.79,3229.53958871035,"",1.162,82.9602975718763,"",NA,NA,NA,NA,NA,NA,NA,NA,NA,850.438,26.5265,"Within_Range",7384.9865,208.3212,"Within_Range",13.3447,0,0,0,"bdl","Within Range"
"COMPASS:Synoptic","CB","MSM_202511_TR_LYSB_20CM",2025,11,13,"MSM","TR","B",20,"13:20","EST","",89.34,7438.18166680543,"IC checks out of range",58.84,4898.84272749979,"",3.551,253.521528982558,"value above cal curve",NA,NA,NA,NA,NA,NA,NA,NA,NA,328.8854,10.2584,"Within_Range",5434.1934,153.2918,"Within_Range",9.8196,4.4734,0.3314,7.4082,"Within Range","Within Range"
"COMPASS:Synoptic","CB","MSM_202511_TR_LYSB_45CM",2025,11,13,"MSM","TR","B",45,"13:20","EST","",NA,NA,NA,42.31,3522.60427941054,"",3.338,238.314520907851,"value above cal curve",NA,NA,NA,NA,NA,NA,NA,NA,NA,380.1196,11.8565,"Within_Range",5968.3985,168.361,"Within_Range",10.7849,2.0339,1.0147,49.8885,"Within Range","High CV"
"COMPASS:Synoptic","CB","MSM_202511_TR_LYSC_20CM",2025,11,13,"MSM","TR","C",20,"13:30","EST","",53.73,4473.39938389809,"IC checks out of range",31.63,2633.41936558155,"",0.7495,53.5101058779013,"",NA,NA,NA,NA,NA,NA,NA,NA,NA,501.3538,15.638,"Within_Range",6693.686,188.8205,"Within_Range",12.0955,4.9039,0.3382,6.8972,"Within Range","Within Range"
"COMPASS:Synoptic","CB","MSM_202511_TR_LYSC_45CM",2025,11,13,"MSM","TR","C",45,"13:30","EST","",NA,NA,NA,20.12,1675.13112979769,"",1.683,120.156782111418,"",NA,NA,NA,NA,NA,NA,NA,NA,NA,702.5397,21.9133,"Within_Range",6089.0741,171.7651,"Within_Range",11.003,0,0,0,"bdl","Within Range"
"COMPASS:Synoptic","CB","MSM_202511_UP_LYSA_20CM",2025,11,13,"MSM","UP","A",20,"14:30","EST","Got DOC",NA,NA,NA,49.86,4151.19473815669,"",1.144,81.6751982979574,"",NA,NA,NA,NA,NA,NA,NA,NA,NA,209.7505,6.5424,"Within_Range",2112.9145,59.6027,"Within_Range",3.8181,0,0,0,"bdl","Within Range"
"COMPASS:Synoptic","CB","MSM_202511_UP_LYSA_45CM",2025,11,13,"MSM","UP","A",45,"14:30","EST","No DOC",NA,NA,NA,NA,NA,NA,NA,NA,NA,NA,NA,NA,NA,NA,NA,NA,NA,NA,218.6679,6.8206,"Within_Range",2680.8689,75.6239,"Within_Range",4.8444,0,0,0,"bdl","Within Range"
"COMPASS:Synoptic","CB","MSM_202511_UP_LYSB_10CM",2025,11,13,"MSM","UP","B",10,"14:40","EST","",24.85,2068.93680792607,"IC checks out of range",30.46,2536.0086587295,"",0.6857,48.9551428958998,"",NA,NA,NA,NA,NA,NA,NA,NA,NA,221.7991,6.9183,"Within_Range",2329.5687,65.7142,"Within_Range",4.2096,0,0,0,"bdl","Within Range"
"COMPASS:Synoptic","CB","MSM_202511_UP_LYSB_20CM",2025,11,13,"MSM","UP","B",20,"14:40","EST","",23.58,1963.20039963367,"IC checks out of range",36.56,3043.87644659063,"",0.9276,66.2254492492878,"",NA,NA,NA,NA,NA,NA,NA,NA,NA,386.0512,12.0415,"Within_Range",3696.9521,104.2864,"Within_Range",6.6804,0,0,0,"bdl","Within Range"
"COMPASS:Synoptic","CB","MSM_202511_UP_LYSB_45CM",2025,11,13,"MSM","UP","B",45,"14:40","EST","",NA,NA,NA,32.14,2675.88044292732,"",0.7612,54.3454204059486,"",NA,NA,NA,NA,NA,NA,NA,NA,NA,258.4136,8.0603,"Within_Range",2910.0901,82.09,"Within_Range",5.2586,0,0,0,"bdl","Within Range"
"COMPASS:Synoptic","CB","MSM_202511_UP_LYSC_10CM",2025,11,13,"MSM","UP","C",10,"14:45","EST","",32.23,2683.37357422363,"IC checks out of range",39.29,3271.16809591208,"",0.929,66.3254014150371,"",NA,NA,NA,NA,NA,NA,NA,NA,NA,182.8154,5.7023,"Within_Range",2079.0179,58.6465,"Within_Range",3.7568,0,0,0,"bdl","Within Range"
"COMPASS:Synoptic","CB","MSM_202511_UP_LYSC_20CM",2025,11,13,"MSM","UP","C",20,"14:45","EST","",3.95,328.865206893681,"IC checks out of range; blank is ≥ 25% of sample value",46.08,3836.4832237116,"",1.18,84.2453968457952,"",NA,NA,NA,NA,NA,NA,NA,NA,NA,189.6092,5.9142,"Within_Range",1974.5164,55.6986,"Within_Range",3.568,0,0,0,"bdl","Within Range"
"COMPASS:Synoptic","CB","MSM_202511_WC_LYSA_10CM",2025,11,13,"MSM","WC","A",10,"11:39","EST","",80.51,6703.02222962285,"IC checks out of range",14.72,1225.54325201898,"",0.8442,60.2711559467969,"",NA,NA,NA,NA,NA,NA,NA,NA,NA,1122.4274,35.0102,"Within_Range",8164.4983,230.3102,"Within_Range",14.7533,417.391,43.9697,10.5344,"Within Range","High CV"
"COMPASS:Synoptic","CB","MSM_202511_WC_LYSA_20CM",2025,11,13,"MSM","WC","A",20,"11:39","EST","",110.7,9216.55149446341,"IC checks out of range",19.02,1583.54841395388,"",1.444,103.093519529939,"",NA,NA,NA,NA,NA,NA,NA,NA,NA,885.1264,27.6084,"Within_Range",8430.3073,237.8084,"Within_Range",15.2336,974.6419,47.352,4.8584,"Within Range","Within Range"
"COMPASS:Synoptic","CB","MSM_202511_WC_LYSB_10CM",2025,11,13,"MSM","WC","B",10,"11:46","EST","",105.8,8808.59212388644,"IC checks out of range",18.73,1559.40387977687,"",1.412,100.808898598528,"",NA,NA,NA,NA,NA,NA,NA,NA,NA,756.2499,23.5886,"Within_Range",7849.1126,221.4136,"Within_Range",14.1834,816.794,0,0,"Within Range","Within Range"
"COMPASS:Synoptic","CB","MSM_202511_WC_LYSB_20CM",2025,11,13,"MSM","WC","B",20,"11:46","EST","",113.4,9441.34543335276,"IC checks out of range",26.22,2182.99891765881,"",1.937,138.290960754496,"",NA,NA,NA,NA,NA,NA,NA,NA,NA,726.5167,22.6612,"Within_Range",8123.009,229.1399,"Within_Range",14.6783,2036.5277,324.6991,15.9438,"Within Range","High CV"
"COMPASS:Synoptic","CB","MSM_202511_WC_LYSC_10CM",2025,11,13,"MSM","WC","C",10,"11:56","EST","",126.6,10540.3380234785,"IC checks out of range",18.65,1552.74331862459,"",1.347,96.1682623315984,"",NA,NA,NA,NA,NA,NA,NA,NA,NA,922.2334,28.7659,"Within_Range",8694.232,245.2534,"Within_Range",15.7105,472.3986,27.0583,5.7278,"Within Range","Within Range"
"COMPASS:Synoptic","CB","MSM_202511_WC_LYSC_20CM",2025,11,13,"MSM","WC","C",20,"11:56","EST","",162.6,13537.5905420032,"IC checks out of range",35.49,2954.79144117892,"",2.441,174.273740424226,"",NA,NA,NA,NA,NA,NA,NA,NA,NA,517.5542,16.1433,"Within_Range",7858.626,221.682,"Within_Range",14.2006,1866.7217,3.3823,0.1812,"Within Range","Within Range"
