"","RepNumber","Month","Site","Zone","Replicate","Plot","TIMESTAMP","TIMESTAMP_min","TIMESTAMP_max","co2_HM81_AIC","co2_HM81_flux.estimate","co2_HM81_p.value","co2_HM81_r.squared","co2_HM81_RMSE","co2_lin_AIC","co2_lin_flux.estimate","co2_lin_flux.std.error","co2_lin_int.estimate","co2_lin_int.std.error","co2_lin_p.value","co2_lin_r.squared","co2_lin_RMSE","co2_poly_AIC","co2_poly_r.squared","co2_poly_RMSE","co2_rob_AIC","co2_rob_converged","co2_rob_flux.estimate","co2_rob_flux.std.error","co2_rob_RMSE","co2_qaqc_flag","ch4_HM81_AIC","ch4_HM81_flux.estimate","ch4_HM81_p.value","ch4_HM81_r.squared","ch4_HM81_RMSE","ch4_lin_AIC","ch4_lin_flux.estimate","ch4_lin_flux.std.error","ch4_lin_int.estimate","ch4_lin_int.std.error","ch4_lin_p.value","ch4_lin_r.squared","ch4_lin_RMSE","ch4_poly_AIC","ch4_poly_r.squared","ch4_poly_RMSE","ch4_rob_AIC","ch4_rob_converged","ch4_rob_flux.estimate","ch4_rob_flux.std.error","ch4_rob_RMSE","soilp_c","soilp_m","soilp_t","ch4_qaqc_flag"
"1",1,"Apr","GCW","TR","1","1-Apr-GCW-TR-1",2025-04-16 10:58:19,2025-04-16 10:57:52,2025-04-16 10:58:45,NA,NA,NA,NA,NA,471.518764859292,6.24657148946232,0.160323651806428,3745.92998528209,5.63456480185583,3.72538556075633e-40,0.966880194944329,18.3621331791064,277.024798072264,0.999161115928152,2.98021015953883,472.005208558991,TRUE,6.34031395879236,0.159716085496841,21.5535894172902,NA,181.33883702578,1.63279549641179,6.2397538170839e-47,0.981819934372389,1.25036984184146,273.690051434498,0.553743154567552,0.0256731898102061,18294.1170739528,0.902282664011468,1.33206009545419e-27,0.899462240549784,2.94039291842391,148.269034336938,0.990849139934942,0.904666260536522,273.841788569586,TRUE,0.544950333147977,0.0265943097329427,3.36008555398949,0.033,0.506,17.5779661016949,"low r2, but also low flux - checked"
"2",1,"Apr","GCW","TR","2","1-Apr-GCW-TR-2",2025-04-16 11:07:22,2025-04-16 11:06:55,2025-04-16 11:07:48,415.102619226537,2.76743861960672,1.62090469049495e-31,0.928875502984662,10.8908048976915,299.816220313533,2.56030931683454,0.0326993833669992,3820.19682120306,1.14921780090526,1.2279542072798e-55,0.991589352124217,3.74511449492458,285.714441346151,0.99398485546428,3.22990744268734,299.821579786759,TRUE,2.55842698531465,0.0318580441402611,4.2360809606773,NA,NA,NA,NA,NA,NA,167.544242256864,-0.572836313854947,0.00960818830046355,18364.1262126817,0.337679182063293,1.50227949662334e-49,0.985581574165705,1.10044170772793,169.952989513996,0.986000252173401,1.10582115597581,167.743747418416,TRUE,-0.575319004145655,0.0092438080983656,1.19062313484625,0.022,0.334,16.8661016949153,NA
"3",1,"Apr","GCW","TR","3","1-Apr-GCW-TR-3",2025-04-16 11:11:26,2025-04-16 11:10:59,2025-04-16 11:11:52,417.93954025976,2.71583600177118,2.23666420325082e-31,0.927990441088526,11.1806726701341,314.595000247544,2.609335496773,0.0374945944802055,3865.56426159373,1.31774519815144,5.32589969102027e-53,0.989377110127418,4.29431795985647,275.580475582194,0.995210405160074,2.94062006323788,314.596259367989,TRUE,2.60971005609907,0.0386364675339686,5.16589477220709,NA,NA,NA,NA,NA,NA,161.883711041566,-0.641945097916216,0.00911757032461613,18470.9841847092,0.320436443722943,2.92491629357814e-53,0.989619126616451,1.04425041897503,163.524207424804,0.990062946941005,1.04191714673726,162.0125910649,TRUE,-0.643942495681487,0.0100309875291676,0.916798974726574,0.0123898305084746,0.244881355932203,16.6271186440678,NA
"4",1,"Apr","GCW","TR","4","1-Apr-GCW-TR-4",2025-04-16 11:15:47,2025-04-16 11:15:20,2025-04-16 11:16:13,350.525370006146,1.57922295971739,7.54491129855052e-33,0.936780297788758,5.98934078249886,308.608214061803,1.47780988674913,0.0354727065061997,3821.67784913834,1.24668607067233,1.27381818891618e-41,0.970910643018224,4.06274778394285,292.648632087706,0.979899383637188,3.44408735669717,308.76538336187,TRUE,1.46687434126814,0.0342161946443476,3.83712902598701,NA,247.767106387458,-0.885121417841722,7.0845373061958e-36,0.951633746326374,2.31293192002079,199.900526992321,-0.655534586328534,0.0129644489075077,18339.8546327714,0.455634752992647,6.83964920431348e-46,0.980066849590932,1.48483978970738,159.17346271706,0.991293192182815,1.00077805579059,199.906236921293,TRUE,-0.656200946921779,0.0140160851632628,1.83982673032662,0.027,0.375067796610169,16.6203389830508,NA
"5",1,"Apr","GCW","TR","5","1-Apr-GCW-TR-5",2025-04-16 11:20:04,2025-04-16 11:19:37,2025-04-16 11:20:30,407.144263182604,1.85965465374011,7.86095334263057e-29,0.909811788017079,10.1171334110802,302.436747024301,2.10728482245301,0.0335025098412156,3867.92467345433,1.17744363104367,9.63020556784333e-51,0.987026995078264,3.83709789920128,296.056174832529,0.989295782361707,3.55448530737085,302.481371557783,TRUE,2.10647040959526,0.034357003279237,4.05665939421513,NA,302.553557078433,-1.04415166718829,3.43787210115997e-34,0.943853605790711,3.84125025186671,222.923883546064,-1.01409674960542,0.0160448855146003,18439.161411146,0.563896506546193,7.51588211057874e-51,0.987150063392252,1.8376472924801,171.649925608314,0.995382991131229,1.12333344804206,222.955187169062,TRUE,-1.0164616808179,0.0169789965336356,2.29975375462069,0.024,0.43335593220339,17.464406779661,NA
"6",1,"Apr","GCW","UP","1","1-Apr-GCW-UP-1",2025-04-16 11:25:27,2025-04-16 11:25:00,2025-04-16 11:25:53,NA,NA,NA,NA,NA,292.189608298885,1.79161013526379,0.0304699040055152,3823.87361870419,1.07086288698495,3.05580760292949e-49,0.985182491688971,3.48976853383666,295.644342771294,0.985331358765663,3.5409569413256,292.296547614464,TRUE,1.78435068055001,0.0332190924295424,3.73728323297892,NA,NA,NA,NA,NA,NA,208.244704454865,-1.02679308141039,0.0140058039890121,18377.2452428129,0.492233112762812,3.64866465748439e-54,0.990417652053844,1.6041079106482,166.954748654807,0.995857830165741,1.07554412587869,210.78602708724,TRUE,-1.04588598565456,0.0108608306019679,1.37166464682883,0.013,0.270237288135593,17.2745762711864,NA
"7",1,"Apr","GCW","UP","2","1-Apr-GCW-UP-2",2025-04-16 11:33:35,2025-04-16 11:33:08,2025-04-16 11:34:01,NA,NA,NA,NA,NA,312.497514172747,1.31606682702938,0.0367734312687739,3835.44671600567,1.29239996180145,2.64367089085724e-38,0.96098493381917,4.21172194371677,273.067739074715,0.982543836604782,2.87299312263863,312.594191979722,TRUE,1.32425830506974,0.0384772331937308,5.00192405959433,NA,265.371076039774,-0.480149309840991,2.59415715665333e-27,0.896857056134588,2.72240496562811,184.761012850949,-0.527492308376909,0.0112687141367382,18355.3097045647,0.396038259618127,3.46923175639742e-44,0.976818909476235,1.29062447994819,180.308136038484,0.980177807826253,1.21709780071024,184.841963093886,TRUE,-0.524452330505839,0.0105662194005026,1.05987624598707,0.00528813559322034,0.130440677966102,17.3,NA
"8",1,"Apr","GCW","UP","3","1-Apr-GCW-UP-3",2025-04-16 11:38:37,2025-04-16 11:38:10,2025-04-16 11:39:03,NA,NA,NA,NA,NA,393.320973058985,5.54636689618055,0.0777222028943288,3800.71379945413,2.73154200154966,1.46299648253886e-53,0.989892024480922,8.90165252873795,331.497614050095,0.997012688930777,4.93509413207991,394.357825464561,TRUE,5.49206776167888,0.0687128292370107,7.24452308848239,NA,NA,NA,NA,NA,NA,235.222500922834,-1.3392737566705,0.0179801114232197,18276.6410523938,0.631909901110781,1.60897086804424e-54,0.990714656567539,2.05929191861817,201.80566104774,0.995356201192144,1.4851567621165,235.243167677001,TRUE,-1.33834081908478,0.0201567014258777,2.08884806918242,0.012,0.146830508474576,17.6,NA
"9",1,"Apr","GCW","UP","4","1-Apr-GCW-UP-4",2025-04-16 11:43:34,2025-04-16 11:43:07,2025-04-16 11:44:00,NA,NA,NA,NA,NA,278.115784343628,1.94242828554147,0.0267471053898794,3827.6455437957,0.940025360470863,5.93819196066506e-54,0.990236492564626,3.06339024710805,275.679337261646,0.991333558746834,2.94331309783728,278.146175911322,TRUE,1.94550287777799,0.0272687114059831,3.73084301876004,NA,363.222427131002,-1.71287341057294,3.4460942308796e-32,0.932981934469485,6.73654173005741,187.269594025921,-1.63627732810424,0.011533522890986,18293.1917214428,0.405344946866677,5.38029241942947e-69,0.997423127589478,1.3209534648341,146.307086725614,0.998879318037037,0.888380303672559,187.296395379715,TRUE,-1.63503320367219,0.0129988638897627,1.4277365247674,0.00691525423728814,0.102864406779661,17.5135593220339,NA
"10",1,"Apr","GCW","UP","5","1-Apr-GCW-UP-5",2025-04-16 11:29:22,2025-04-16 11:28:55,2025-04-16 11:29:48,NA,NA,NA,NA,NA,350.397159654324,2.21292976736748,0.0522321523868739,3820.56096788054,1.83569575697782,5.44369877668395e-42,0.971845919822457,5.98223485775604,270.933370119884,0.993998157195814,2.81677245700496,350.828450380514,TRUE,2.24418213291603,0.050093635458314,6.25332430321684,NA,NA,NA,NA,NA,NA,310.577029703442,-1.77788772929146,0.0361252961537882,18371.7338086892,1.26962129337295,2.71448796351123e-45,0.978981960681903,4.13748995632547,172.751728934318,0.998479579980293,1.13485222073293,313.998217833195,TRUE,-1.83529344763022,0.0318604766391806,3.26333535516425,0.007,0.196966101694915,17.5322033898305,NA
"11",1,"Jul","GCW","TR","1","1-Jul-GCW-TR-1",2025-07-16 15:06:10,2025-07-16 15:05:13,2025-07-16 15:07:06,1408.3902180954,11.0050768582106,6.04864880872884e-56,0.891959141651745,114.519549365513,866.075719062885,10.4892167606673,0.0302084772067179,3946.2020236278,2.10706384215446,1.15184409652603e-171,0.999071918061908,10.6139925346853,798.117577149236,0.999506309771308,7.81134018892757,873.437823462874,TRUE,10.4154065995773,0.0213896763599046,6.35663984717232,NA,761.479279512358,0.825764927364394,1.00737084908311e-60,0.911215032732038,6.70877832931602,454.156001250449,0.676126197401307,0.00496025503716706,17717.7114170303,0.34598149271672,2.6365094163808e-126,0.994008156559555,1.74282568347797,382.679487431844,0.996909526129942,1.26298714289069,457.475344061239,TRUE,0.668843309126912,0.00439959684234731,1.50730583179993,0.016,0.414,28.8747899159664,NA
"12",1,"Jul","GCW","TR","2","1-Jul-GCW-TR-2",2025-07-16 14:59:38,2025-07-16 14:58:41,2025-07-16 15:00:34,1408.50154268605,13.6969404623882,5.23920716564345e-60,0.908564375701126,114.575478992146,1010.5460468199,11.3969094799207,0.0569266943214854,4010.83989626096,3.97067943668168,6.31734898033564e-145,0.997213468919127,20.0016539866562,827.27881926234,0.999460923342522,8.87711603064947,1021.67844365702,TRUE,11.2348572666366,0.0400353393704854,13.6812217488654,NA,1233.84823928279,6.51096778543361,4.91576534342125e-61,0.912344353851355,53.2613299219578,862.727851333669,5.40935958839837,0.0297681478212569,17831.1947589338,2.07635053872,3.15362716071173e-140,0.996619667671433,10.4592792474811,633.434087489404,0.999563279771472,3.79346762317952,872.780416619521,TRUE,5.32836224713961,0.0213606448031627,8.15615923256888,0.019,0.312,29,NA
"13",1,"Jul","GCW","TR","3","1-Jul-GCW-TR-3",2025-07-16 14:50:56,2025-07-16 14:49:59,2025-07-16 14:51:52,1086.92677979887,18.005150527168,1.57787505735183e-70,0.940657061595749,27.961209769306,1236.9152116328,3.05102887617453,0.153639905699249,4004.63442942354,10.7164981470472,1.72351525774664e-38,0.778810205792073,53.9826221945059,993.239262446207,0.974810554314404,18.3820273639485,1237.26030694406,TRUE,2.97400190624988,0.149436290631513,67.5989496716095,NA,NA,NA,NA,NA,NA,460.777255193972,0.102455974061657,0.00510641578242848,17641.6358729873,0.356176313838461,6.98060381199476e-39,0.782342859207668,1.79418044222508,417.304299697918,0.856477525180609,1.47011830213081,460.86443298722,TRUE,0.10394142778833,0.00534113676309088,1.80303275400656,0.0146386554621849,0.386638655462185,29.3865546218487,"low r2, but also low flux - checked"
"14",1,"Jul","GCW","TR","4","1-Jul-GCW-TR-4",2025-07-16 14:43:56,2025-07-16 14:42:59,2025-07-16 14:44:52,1382.51672323028,13.0583252269568,2.20889154854683e-61,0.913586578722078,102.234102350544,1020.44989370365,10.456332831629,0.0594539641036116,4178.94466893523,4.14695839112376,1.21114712779706e-138,0.996392127793091,20.8896306435748,777.420578032464,0.999586792602719,7.13348743603572,1029.38827379884,TRUE,10.3065764254374,0.0466335482726154,15.5788027263217,NA,915.505604315782,1.69529577350644,3.04475947149197e-61,0.91309034277177,13.1835642790271,564.011344262151,1.34428593489273,0.00803075734594227,17700.9005313557,0.560151321529981,3.00653832766372e-136,0.996018788485796,2.82167147765877,383.243789160741,0.999212728298899,1.26611691715629,569.701809501046,TRUE,1.32784167579526,0.00707869782777734,2.38259431774612,0.022,0.396504201680672,29.8226890756303,NA
"15",1,"Jul","GCW","TR","5","1-Jul-GCW-TR-5",2025-07-16 14:37:11,2025-07-16 14:36:14,2025-07-16 14:38:07,1315.17216306778,10.0395269593688,5.14669302568705e-63,0.919192796967207,76.0882938155086,1001.49107263575,8.04135085325984,0.0547101678767702,4073.78154856869,3.81607506205931,5.95230730474065e-130,0.994842367814292,19.2228595119745,700.2454484614,0.999645524341284,5.08509049554501,1006.66374448176,TRUE,7.93570880439352,0.0472840663373328,18.4335016475214,NA,635.424220458602,0.864941132471983,7.27758053661121e-77,0.95426177430813,3.85952377385343,570.750005968408,0.536471883004007,0.00827165303085676,17656.7223279662,0.576953975432094,1.1485864204006e-90,0.97406439524316,2.9063121228599,368.074243867291,0.995768013755837,1.18461944279681,575.027020087196,TRUE,0.522490980014219,0.0075166119138497,2.52822361232169,0.02,0.429,30.4974789915966,NA
"16",1,"Jul","GCW","UP","1","1-Jul-GCW-UP-1",2025-07-16 15:15:38,2025-07-16 15:15:11,2025-07-16 15:16:04,591.559694376519,29.2521187613957,1.02083139062242e-40,0.968487897596762,55.8003785152431,565.586507058581,19.5975971407393,0.383060219858366,4322.76818706507,13.4626276752421,3.76060475853326e-46,0.980520030646394,43.8725209499941,490.451434869884,0.995500697318064,21.502439295588,577.495943192322,TRUE,18.4380149056841,0.190393953403223,19.3366696263972,NA,325.909988974755,-2.4694404161726,2.90332386091197e-39,0.964160476042673,4.76864004476614,290.963073995711,-1.57100121614774,0.0301258209662208,17648.9991880386,1.05877010990385,1.41795370533377e-46,0.981237011860687,3.45036013388439,234.417636098317,0.993885430289342,2.00869059064743,299.113223900883,TRUE,-1.49662613708677,0.0191083383678877,1.93184209477751,0.016,0.260474576271186,28.6,NA
"17",1,"Jul","GCW","UP","2","1-Jul-GCW-UP-2",2025-07-16 15:23:19,2025-07-16 15:22:52,2025-07-16 15:23:45,637.328221173629,25.8987312163512,1.64692192734504e-34,0.945418908049387,85.2478851575931,515.489658202292,22.9083431073325,0.240888096840669,3793.1990938011,8.46599722717924,5.359505179201e-60,0.994283150672021,27.5893124040759,411.987066287494,0.999219148979635,10.3983220625204,515.490078960639,TRUE,22.9043571683757,0.244905139305356,35.3478285556703,NA,321.929879289704,-1.52660426749763,7.62537826122648e-35,0.947010022922087,4.59610079547613,229.621959317165,-1.25105491345205,0.0170714821254949,17592.6233534186,0.599976180781877,3.72286775888112e-54,0.990410230448595,1.95522510135652,141.735927647947,0.998250895960409,0.851563757678039,229.632888605475,TRUE,-1.25267501473782,0.0184108928990436,2.37982138788461,0.0131525423728814,0.227457627118644,28.4305084745763,NA
"18",1,"Jul","GCW","UP","3","1-Jul-GCW-UP-3",2025-07-16 15:27:17,2025-07-16 15:26:50,2025-07-16 15:27:43,610.927443203838,29.3571869417933,1.72352554040444e-38,0.961621154449678,66.7605048182158,542.350868233407,21.3401038477059,0.308909206891151,3881.51412822787,10.8565949222489,7.77710953397587e-53,0.989221322930326,35.379882713974,431.642755178558,0.998711671655163,12.4739388057761,548.824307470323,TRUE,20.6860906493883,0.235019111348612,22.6516773293455,NA,314.321445912111,-1.66133058057112,7.24166435027997e-37,0.955692066319535,4.28345460051512,240.342222950962,-1.27400402851809,0.0188529812838463,17601.5894229448,0.662586858240137,2.41729548341498e-52,0.988740883675281,2.15926314836664,180.331513390499,0.996558888154386,1.21736127851875,241.707972039829,TRUE,-1.25725336535525,0.0169820604896661,1.92583578457111,0.024,0.301118644067797,28.8881355932203,NA
"19",1,"Jul","GCW","UP","4","1-Jul-GCW-UP-4",2025-07-16 15:30:56,2025-07-16 15:30:29,2025-07-16 15:31:22,603.409498146536,15.7876950265364,1.74342908466769e-32,0.934713240520818,62.2713256916695,418.141588006608,15.3282462200425,0.0978036088693389,4020.81340413683,3.43730176939218,3.07146493805202e-71,0.997887436737756,11.2016091900423,352.310432308985,0.999420313317234,5.98396281906545,418.4985263297,TRUE,15.2748358106384,0.0946821127537892,11.7624874264078,NA,350.769745455715,-1.61139527596894,1.06092198815381e-32,0.935947108217293,6.00290842157384,209.308917493597,-1.48988636127756,0.014144496928265,17618.1744481298,0.497107467513187,2.70834729276203e-62,0.995335110187888,1.61999264251944,181.467802573636,0.997413219796683,1.23023699047548,209.461217877112,TRUE,-1.48706374793859,0.0142235829831613,1.60264474474509,0.0280677966101695,0.320440677966102,28.7,NA
"20",1,"Jul","GCW","UP","5","1-Jul-GCW-UP-5",2025-07-16 15:19:27,2025-07-16 15:19:00,2025-07-16 15:19:53,669.691053603919,35.0422927832017,2.08819617875729e-34,0.944918812858617,115.033013854061,545.443270050328,30.7748228946459,0.31788216221919,3962.90275483834,11.1719488808841,2.12956638194565e-60,0.994482508348543,36.4075701380514,478.820617054403,0.998508031425767,19.3071139560874,546.254327330301,TRUE,30.5450937533048,0.320027269578931,37.3865911170927,NA,455.566709044544,-4.65748505838603,4.78216695172569e-34,0.943137144969248,15.8407596693858,329.554328902686,-4.17097320694089,0.0430649343480143,17627.5452330368,1.5135144474162,2.08335981795679e-60,0.994487161078021,4.9322982039011,273.74843040166,0.998178677141452,2.89115791258531,329.706753391815,TRUE,-4.15910833525111,0.0453416508899707,5.18960444315761,0.008,0.228576271186441,28.6,NA
"21",1,"Jul","GWI","TR","1","1-Jul-GWI-TR-1",2025-07-23 11:50:55,2025-07-23 11:49:58,2025-07-23 11:51:51,NA,NA,NA,NA,NA,1084.38488130308,8.62687781845238,0.0829026868147713,3297.54985374965,5.80730031214313,1.70389703062047e-112,0.989853325175038,28.8354287066305,995.362431697555,0.99554539438901,19.2804609050572,1085.36391775274,TRUE,8.54709541933676,0.056835764736698,15.1810908751607,NA,838.958111740448,2.20882500763118,4.11449361314434e-76,0.954108767494299,9.73420174671119,757.339671915264,1.36095868560911,0.0195029312643372,17162.6406111265,1.36617259549314,1.58333544617874e-93,0.977713368647626,6.78356040859832,403.616325195186,0.999059841053538,1.40599690311879,764.170705313532,TRUE,1.31723967121634,0.0156736823642431,6.32670652477816,0.279,0.731135593220339,32.8,NA
"22",1,"Jul","GWI","TR","2","1-Jul-GWI-TR-2",2025-07-23 11:59:02,2025-07-23 11:58:08,2025-07-23 12:00:01,1239.13090391592,26.9902228523005,2.29027705030309e-77,0.964738153007888,82.0427761351163,1262.65351372784,12.8788410692371,0.271004423204556,4021.29560745206,18.3213066223849,2.36224590732352e-72,0.955976967142086,91.6701197318733,1037.7419490703,0.994920718024525,31.4416670576133,1266.43499636015,TRUE,12.4433832405743,0.231646176439068,86.2254769130661,NA,649.51567003279,1.58146857678442,1.53646765113742e-79,0.967972481731112,5.0836872657985,703.198234531985,0.833343476762634,0.0193597302101981,17230.8923159409,1.30881831784701,4.24909156271936e-68,0.946854429224768,6.54863402360803,367.994924591992,0.997833737047969,1.33502485797978,703.318483832604,TRUE,0.827719225131135,0.019819245794051,8.28896194418588,0.163,0.342189189189189,33.0810810810811,NA
"23",1,"Jul","GWI","TR","3","1-Jul-GWI-TR-3",2025-07-23 12:05:41,2025-07-23 12:04:44,2025-07-23 12:06:37,1429.36047605783,11.497893013608,3.22444262693852e-56,0.893164761634834,125.552043375301,1035.16927302353,11.5503096360754,0.0634188402271575,3411.83217425456,4.42351146135556,2.45060326180527e-140,0.996634857705369,22.2827219036304,991.479443528443,0.997785252478565,18.2406917631242,1035.45342392657,TRUE,11.5403882574277,0.0524831292804651,15.7148229485605,NA,550.492585517313,1.50188640961856,4.94471774701046e-100,0.982352700770586,2.65923006173977,728.024077799957,0.577141157393193,0.0164880014666144,17304.4851308899,1.15005041405951,3.8294775272161e-62,0.916246618545992,5.79319252940061,432.38219372255,0.993953745642594,1.57062556545636,730.063843803468,TRUE,0.557043357553264,0.0159069040001011,5.78272907144572,0.165478991596639,0.348949579831933,32.6,NA
"24",1,"Jul","GWI","TR","4","1-Jul-GWI-TR-4",2025-07-23 12:26:19,2025-07-23 12:25:22,2025-07-23 12:27:15,1149.92874342417,11.879715150277,5.9378356456657e-85,0.967198357093468,36.8605762704679,1164.96153711415,6.01437668944483,0.112058975307263,3772.16847798296,7.81619720329051,9.58761428092587e-82,0.962574764829565,39.3728263499252,895.923089511493,0.996588093887879,11.9956980979038,1179.87839226926,TRUE,5.64513914435675,0.0765483017275727,28.920291071265,NA,685.242554693191,3.53962097359541,4.05377398290984e-105,0.985682583009349,4.80206131884961,913.429424889934,1.14296125417727,0.0371816098221855,17229.0235640766,2.59344504899439,2.03940905521636e-56,0.894034244587851,13.0640590182579,462.332627031398,0.998043731551962,1.79110999917816,914.204721974623,TRUE,1.11740002200561,0.037458843781035,15.239967954809,0.056,0.199840336134454,32.3336134453781,NA
"25",1,"Jul","GWI","TR","5","1-Jul-GWI-TR-5",2025-07-23 12:34:51,2025-07-23 12:33:54,2025-07-23 12:35:47,1102.37025942627,3.72048802298824,4.93751206507129e-68,0.934248694005672,29.9207656910356,1081.70716825772,3.41687954007536,0.07777923998622,3276.66737720546,5.42516006761087,1.91787861862232e-72,0.94514878442925,27.3283643832153,982.456670660755,0.977826048836377,17.5329390701213,1084.67811276551,TRUE,3.30239504456431,0.0742441787753166,24.4590861656292,NA,635.386927185635,-0.613295972378321,3.54819308299864e-53,0.878949391798065,3.85889253480598,551.433270652059,-0.324244536994586,0.00759972337464289,17208.464192989,0.530086380174274,4.21472107011012e-71,0.942038840401397,2.67022420932212,514.16012864973,0.959644486839747,2.24824327035149,551.739215518792,TRUE,-0.322490492522763,0.00771768970864179,2.97174184822135,0.266394957983193,0.563705882352941,32.5705882352941,NA
"26",1,"Jul","GWI","UP","1","1-Jul-GWI-UP-1",2025-07-23 12:51:08,2025-07-23 12:50:41,2025-07-23 12:51:34,NA,NA,NA,NA,NA,353.664961291678,6.13825587640564,0.0538367152470728,3385.22444490418,1.89208801920846,4.48167155847768e-64,0.99601584045695,6.16600809770689,311.26940131819,0.998312666709076,4.09216218129008,353.938896737112,TRUE,6.1610072770177,0.060999042577148,6.07863618278395,NA,172.4745922293,-0.342363841109961,2.2257037863413e-13,0.647828230926036,1.15184273744138,175.283826487316,-0.0969226060715651,0.0103220099102337,17212.1875752427,0.362766398278098,8.72840224655146e-13,0.629022322057101,1.18219687807889,173.379683169696,0.667444785098263,1.14146991563832,175.359786605191,TRUE,-0.0993854282752461,0.00994414017638847,1.26831527409824,0.01,0.057,33.9,"low r2, but also low flux - checked"
"27",1,"Jul","GWI","UP","2","1-Jul-GWI-UP-2",2025-07-23 12:54:42,2025-07-23 12:54:15,2025-07-23 12:55:08,535.204701361783,9.05606349545446,1.23013159723508e-32,0.935581966678322,33.1146294444759,379.764836180845,8.1998231618723,0.0685539606710839,3381.10820188889,2.40932469709133,3.74618245709215e-65,0.996378538793618,7.85159857335031,323.180499936636,0.998820671227346,4.56930644689252,380.01608795024,TRUE,8.22227339365014,0.0727435949023184,8.37533075991102,NA,207.368629261646,-0.513330584959858,2.95011859473138e-30,0.920491933919119,1.59114833019017,186.631245275837,-0.345534495911937,0.0114655534978196,17286.3574923204,0.40295616675829,1.34241404814334e-34,0.945845945429974,1.31316881774452,180.564364011003,0.955056366301321,1.21998877042354,188.957828708304,TRUE,-0.330666959385829,0.0121250402991576,0.89264342679986,0.00603389830508475,0.0363559322033898,33.8322033898305,NA
"28",1,"Jul","GWI","UP","3","1-Jul-GWI-UP-3",2025-07-23 12:58:32,2025-07-23 12:58:05,2025-07-23 12:58:58,455.636014023713,2.85616086315977,2.92966626222738e-30,0.920513171304817,15.8509281494263,370.138049253445,3.5108357580528,0.062707701195884,3377.6925817064,2.20385827033322,3.75780126058553e-48,0.983681561133829,7.18201680002066,341.8150172063,0.99103147684596,5.42980519597956,370.228763588148,TRUE,3.52785424629314,0.0658815018174042,8.29963542808256,NA,277.420724746489,-1.41009299555923,3.81733915894492e-38,0.960430152375145,3.04373837807698,247.096154984173,-0.952455517881029,0.0200696247866129,17286.4259791832,0.705345718706792,1.72617117547019e-44,0.977432714847994,2.29860734229923,185.61807467393,0.993287682609141,1.27843320732049,247.419715863377,TRUE,-0.944468886291843,0.0241558425610756,2.00799152055824,0.002,0.0116101694915254,33.1,NA
"29",1,"Jul","GWI","UP","4","1-Jul-GWI-UP-4",2025-07-23 13:04:35,2025-07-23 13:04:08,2025-07-23 13:05:01,473.226678896893,2.59159574335879,3.03307559249741e-22,0.838630574590811,18.6548204812363,426.669409844721,2.82249089414353,0.10583939357808,3398.95595853967,3.71971892472141,5.30389435987685e-32,0.931862708995231,12.1219609120621,424.221578968638,0.939531632343821,11.6455831318897,426.782892779529,TRUE,2.78935874634881,0.104085486822731,12.7696754778069,NA,NA,NA,NA,NA,NA,178.119383116288,-0.324001401730076,0.0105966048623326,17357.3193152166,0.372417020843331,6.58056616363423e-35,0.947309199033316,1.21364669240097,181.108785055102,0.948286125727188,1.22615418190536,178.202224267073,TRUE,-0.322501031462513,0.0110653473432994,1.16246415228862,0.003,0.00855932203389831,32.7559322033898,NA
"30",1,"Jul","GWI","UP","5","1-Jul-GWI-UP-5",2025-07-23 13:08:47,2025-07-23 13:08:20,2025-07-23 13:09:13,NA,NA,NA,NA,NA,412.107040804715,1.58228263125091,0.092488659759662,3390.94647090248,3.25050821248644,5.23908003384604e-23,0.849134870389286,10.5928792722015,345.446266145589,0.959233796512524,5.61547361695448,413.43869715843,TRUE,1.48775270485823,0.084415606105679,9.69322260209372,NA,234.339865819032,-1.29620854578525,7.13234768512533e-38,0.95946804511802,2.04253084173289,262.588108367663,-0.616543009747655,0.0231652075903467,17285.2380379102,0.814139784402151,5.83744380314941e-32,0.931611391032834,2.65314956404041,173.553595477461,0.987788905480111,1.14330950441523,262.69335261607,TRUE,-0.62283729256366,0.0235123220268938,3.19929068553285,0.002,0,32.3,NA
"31",1,"Jul","SWH","SWAMP","2","1-Jul-SWH-SWAMP-2",2025-07-22 10:22:38,2025-07-22 10:22:11,2025-07-22 10:23:04,452.063786732475,10.6811628961375,6.75217534778134e-45,0.978232556663085,15.335215929721,457.987341659632,6.46431406383419,0.141443966235333,4049.63118000693,4.97103942309613,1.17118875666112e-43,0.975708879058348,16.1998115445252,313.455010859239,0.998448050051287,4.17581941633455,460.245486388474,TRUE,6.28475450572261,0.118898964610022,15.9145960925415,NA,987.082170043816,6054.33860699934,2.85074209052479e-68,0.997252463051539,2173.35165810212,1173.4500949321,2494.8889429983,106.570153247408,104408.687311506,3745.40142798911,2.77794952627684e-29,0.913342573137734,12205.6560264068,1001.67239595732,0.996657161989527,2444.73937658347,1176.22577931914,TRUE,2344.47516775563,85.4949894847826,11439.3617984493,0.024,0.599,24.335593220339,NA
"32",1,"Jul","SWH","SWAMP","3","1-Jul-SWH-SWAMP-3",2025-07-22 10:29:50,2025-07-22 10:29:23,2025-07-22 10:30:16,485.292966040937,9.81200437410991,1.34295704642177e-39,0.965206930922423,20.8599168715326,436.182674075967,6.99162274294198,0.115585275100224,4242.91965453356,4.06223732652297,7.15181976538776e-50,0.98598723988487,13.2381728523531,292.688178622704,0.999087357639445,3.44534871466785,437.140736249188,TRUE,6.89880222733914,0.109411694287172,13.5031033846933,NA,854.372799390239,167.212329857424,8.34168190620525e-33,0.936536026974462,636.023383290643,706.136337907939,158.634804803975,1.40751290893498,28022.97753444,49.4669539115672,8.15577304354364e-64,0.995923035428783,161.204782912382,676.106051283814,0.997829055685547,119.963869549853,707.298292443397,TRUE,157.152941595664,1.1637121272437,134.751398909263,0.025,0.622152542372881,24.0847457627119,NA
"33",1,"Jul","SWH","SWAMP","4","1-Jul-SWH-SWAMP-4",2025-07-22 10:34:55,2025-07-22 10:34:33,2025-07-22 10:35:17,433.51914823868,13.7293949031906,1.45624925035541e-32,0.963564198017792,28.6171277812021,375.951258824356,11.2269709385145,0.173265316331083,4330.94178318585,5.1912170213427,1.63129599401847e-44,0.989862256582295,15.0949793676813,262.235128394598,0.99925892139433,4.17961533025032,376.149878819923,TRUE,11.161922901262,0.192848553250452,16.5676888545418,NA,NA,NA,NA,NA,NA,293.522713130619,11.3872580658906,0.0693351026836583,28203.2338808106,2.07735496549219,8.36896780211481e-62,0.998408360660548,6.04051616692851,279.56189039712,0.998932162984045,5.06694865816369,293.54719096883,TRUE,11.3956336363204,0.0721997315983238,7.25089250390104,0.014,0.299,24.4,NA
"34",1,"Jul","SWH","SWAMP","5","1-Jul-SWH-SWAMP-5",2025-07-22 10:43:23,2025-07-22 10:42:56,2025-07-22 10:43:49,579.48261902351,13.9024733878479,5.47794670511793e-32,0.931778152110849,49.8967505303303,400.995244147752,12.0127512533434,0.0834459430616274,4068.61647887864,2.9327024948284,2.52247580835876e-69,0.997497117401911,9.55720196296262,380.019274531938,0.998423944587518,7.73415613551019,404.116050624025,TRUE,11.8890417468742,0.0534281912164859,5.65663998831327,NA,791.754723985229,103.253398780063,1.33095189876471e-31,0.929411863233631,356.180752718065,619.80256930022,84.2839931131655,0.632824280169786,34739.5392918049,22.2405700882461,1.42388488817929e-67,0.997077138988425,72.4784121402094,606.403711908836,0.997882233761152,62.9158789329641,624.22862549273,TRUE,83.1524546649547,0.262497667848702,25.9094548380891,0.015,0.415,24.9,NA
"35",1,"Jul","SWH","TR","1","1-Jul-SWH-TR-1",2025-07-21 16:43:32,2025-07-21 16:42:35,2025-07-21 16:44:28,1805.4436941688,60.3544034339408,3.37996850626835e-54,0.886157667525217,700.7355122384,1476.85507008491,62.3853304921006,0.468265341297184,3837.21127204464,32.7844932721407,2.60163512186859e-124,0.993785094543571,163.726696052959,1445.74990449864,0.995444727603784,141.451530626233,1477.57000290998,TRUE,62.1238207233193,0.478690165908495,169.600843106427,NA,2962.62427382211,17363.8539058708,4.83031272967766e-67,0.931517413364354,104564.729442344,2858.95303748152,11868.0832146804,188.869689039931,338352.47775553,13173.8018415074,3.61275972472485e-89,0.972417467463794,66360.8912087884,2635.42139821929,0.996251742292169,24684.3974451256,2858.9559090675,TRUE,11863.8218592601,192.26005911707,91467.4841880135,0.025,0.442403361344538,28.3310924369748,NA
"36",1,"Jul","SWH","TR","10","1-Jul-SWH-TR-10",2025-07-21 16:00:52,2025-07-21 16:00:27,2025-07-21 16:01:16,352.346398177412,6.9824472692319,8.93305084367211e-35,0.958300780435547,7.884796770013,416.416332344214,2.41674784791123,0.146644299505412,3491.69494430462,4.8158756003204,2.14807257488213e-21,0.849813013191577,14.9638274812135,345.830415670287,0.966210072233475,7.25039846443278,417.852103823203,TRUE,2.25437756475336,0.126258642297422,9.12002250615831,NA,634.488332048107,50.2245510249632,1.55014128567081e-31,0.943119512985945,132.469944341464,534.496499808145,37.5664783437488,0.477618166245043,30082.128180022,15.6852307307342,2.16448955889211e-52,0.992300805578587,48.7369496508837,488.319417417283,0.997177638192054,30.142810753546,534.882418242751,TRUE,37.3869596549837,0.411535360456691,38.6799556964163,0.055,0.69,28.5,NA
"37",1,"Jul","SWH","TR","2","1-Jul-SWH-TR-2",2025-07-21 16:57:52,2025-07-21 16:57:32,2025-07-21 16:58:11,367.240842590293,9.44547967483487,1.40551084636582e-26,0.951504074079143,22.6966797295327,279.079061500178,8.67905905016779,0.10327531704035,4149.26918730503,2.79702659605288,8.94983349063259e-45,0.994648187623357,7.53980547594917,250.580242676424,0.997625077524791,5.1603002102369,279.221551518788,TRUE,8.64718617670853,0.111367723387585,8.47546794831366,NA,892.710731654027,5392.47854236926,6.75665844266922e-25,0.940556977647198,16164.8152271028,763.493131078449,5591.61829604301,44.027700554642,652784.453115112,1192.4112454312,1.44980767660343e-51,0.997649617145142,3214.32368593593,744.633214723726,0.998672788236861,2481.5953252868,763.620983459181,TRUE,5604.89271143332,52.9995020064071,3292.28898890703,0.028,0.475,27.7,NA
"38",1,"Jul","SWH","TR","4","1-Jul-SWH-TR-4",2025-07-21 16:07:43,2025-07-21 16:06:46,2025-07-21 16:08:39,1593.71763952435,34.609232440509,1.00795068225453e-57,0.899569317260312,258.161436706802,1353.94107460666,24.3859134070124,0.256693539110653,4460.78270364167,17.9045660287185,6.76309199193935e-109,0.98774217431425,90.1913489110446,1256.76273972581,0.994953800876093,58.3919558745476,1354.08697356175,TRUE,24.3720184329413,0.261916873960999,80.8012931620907,NA,2181.01509366498,653.15282578021,2.23675613427705e-60,0.909942401817142,3392.93680615463,2096.53548819561,333.15640785089,6.66667131147936,38472.3485179531,465.005302048883,2.07098975172825e-78,0.957077323558681,2342.3888283752,1926.4537682398,0.990678089066491,1101.49044492753,2096.54477632217,TRUE,333.230669362021,6.85832689895831,3028.38157296089,0.027,0.400873949579832,28.2941176470588,NA
"39",1,"Jul","SWH","TR","5","1-Jul-SWH-TR-5",2025-07-21 15:45:55,2025-07-21 15:45:02,2025-07-21 15:46:48,NA,NA,NA,NA,NA,1152.09662898523,16.7482109410981,0.161919040320086,3279.24104936126,10.6399414998059,1.74483307922423e-107,0.990281328834651,51.7325632416598,982.65112782931,0.998078583055795,23.2245548596536,1153.57113178815,TRUE,16.8831937699969,0.137677559763659,34.2752594443837,NA,NA,NA,NA,NA,NA,1303.24986391744,32.6595384895446,0.328133319248682,20510.139853917,21.5621295311617,9.52430278853472e-106,0.989512041527355,104.837440094576,1079.93800469172,0.998746652605563,36.5917092751096,1304.04045711183,TRUE,32.9490812756807,0.348657828161552,92.8793554390457,0.034,0.335723214285714,29.61875,NA
"40",1,"Jul","SWH","TR","7a","1-Jul-SWH-TR-7a",2025-07-21 16:52:14,2025-07-21 16:51:54,2025-07-21 16:52:33,NA,NA,NA,NA,NA,229.986718097031,0.537494717985706,0.0559100478346947,3676.33224892079,1.51422329421783,1.00909396317772e-11,0.7086349333752,4.08181641950235,231.971351876546,0.722951425537285,4.08934014411212,230.000420360121,TRUE,0.531860895666841,0.0546018033959149,4.63356467283656,"low r2, but also low flux - checked",703.246586450783,497.854232502142,7.57279461516802e-25,0.940199707610218,1513.66697272108,533.007817382825,522.423460473353,2.46885029013537,136169.871292386,66.8643788378159,5.60007918221482e-60,0.999152071257077,180.242980320153,472.021779374757,0.999832974640783,82.1883830631286,533.048313663578,TRUE,522.031386669599,2.6468208500332,200.098870363049,0.043,0.72,27.8,NA
"41",1,"Jul","SWH","TR","8","1-Jul-SWH-TR-8",2025-07-21 16:26:38,2025-07-21 16:25:54,2025-07-21 16:27:22,NA,NA,NA,NA,NA,694.766698181951,0.154877170717168,0.048386391238256,3121.74479527243,2.67704022858557,0.00191354552515874,0.105356016231094,11.7270885314215,673.23632379855,0.328463939121203,10.2789774612476,694.849452923193,TRUE,0.141189220823698,0.0499060913377076,10.3035161590255,"low r2, but also low flux - checked",NA,NA,NA,NA,NA,1621.38906840395,956.254148950752,8.82163278034077,469432.427485954,488.068343813784,1.30348378842991e-94,0.99265034696658,2138.04059280521,1623.65757995817,0.992791952000976,2142.10880489387,1623.34174092607,TRUE,947.86530901552,6.9825734420778,1558.61803353906,0.06,0.64218085106383,28.6489361702128,NA
"42",1,"Jul","SWH","TR","9","1-Jul-SWH-TR-9",2025-07-21 15:53:20,2025-07-21 15:52:31,2025-07-21 15:54:08,NA,NA,NA,NA,NA,651.717471178388,0.996851325949963,0.0235389725615371,3100.39932495357,1.424545480895,6.39497533036253e-64,0.949191175355436,6.59194206683705,608.88943255333,0.968492269634685,5.24594891944651,651.973033431987,TRUE,0.999388044291303,0.0233501713102627,6.86402609541344,NA,1741.73899710319,1906.42294402046,9.93119494736445e-90,0.985262622294885,1715.02394243628,1981.26535770771,450.365464419769,20.7866251810013,207085.386742755,1257.97729222213,9.64618921564631e-39,0.830214902603424,5821.16439449508,1437.20542901523,0.999367398595282,359.084654506152,1982.39369628266,TRUE,431.641133672903,19.7742738526285,6847.49634869352,0.055,0.679,29.3009708737864,NA
"43",1,"Jul","SWH","UP","1","1-Jul-SWH-UP-1",2025-07-22 09:46:19,2025-07-22 09:45:52,2025-07-22 09:46:45,615.310680730458,22.4257838374613,4.44737093747782e-35,0.948096474625543,69.5257503863854,495.39437524597,19.1600507223627,0.199989539446781,5248.01505283393,7.02861996348941,3.65662886483361e-60,0.994366593111148,22.9051329381127,378.336244715103,0.999401364776215,7.61456432340168,498.265284800925,TRUE,18.860119869949,0.166017345288708,17.5995518668258,NA,253.603036756332,-3.85083139042181,6.80406842145792e-57,0.992474886894477,2.44135287225513,371.939869729326,-1.71124895484017,0.0637626623307832,25504.7525083262,2.2409348140063,3.89530554409821e-32,0.932665773466818,7.30284324477498,204.08931960783,0.997206623500056,1.51689474918395,372.365812196439,TRUE,-1.67963288960091,0.0641585250931607,8.16156066753262,0.009,0.221,24.4,NA
"44",1,"Jul","SWH","UP","2","1-Jul-SWH-UP-2",2025-07-22 09:50:58,2025-07-22 09:50:33,2025-07-22 09:51:23,498.531945906179,10.787878737309,2.65163959487813e-33,0.948892113739749,30.8707366687293,379.207190903637,9.07084894988888,0.0911603996190513,4670.08907297608,3.04626721506076,3.30132457703777e-58,0.995075426180505,9.58268824332148,293.716346264434,0.999148269151126,4.06914656719351,382.830239819232,TRUE,8.95931246591864,0.0684558768161239,6.30017593226838,NA,308.090822122291,6.2048299331436,9.07539395186883e-52,0.990981026482475,4.77187285917722,385.067806699608,3.2770403139474,0.0965516024354408,21588.4127174907,3.22642268232441,1.05802480154276e-35,0.959199955762917,10.1494059854756,202.675720551714,0.998944582547288,1.66675418730497,386.578206373999,TRUE,3.17860685075473,0.0856735502653097,10.460812824289,0.019,0.489,24.4,NA
"45",1,"Jul","SWH","UP","3","1-Jul-SWH-UP-3",2025-07-22 09:58:06,2025-07-22 09:57:39,2025-07-22 09:58:32,593.660383149682,26.9023714559645,4.46478697421818e-39,0.963562722919913,56.8963661197603,536.041067593936,18.6486949018375,0.291378562821059,4626.36306101165,10.2404815233946,3.9464715455946e-51,0.987464457818593,33.3720690351838,419.450587342385,0.998656321580343,11.1423273325219,538.533341088664,TRUE,18.2546483330949,0.227224955374195,29.1201606988965,NA,495.214203252388,13.3546349887033,1.07563058580548e-41,0.9710991310983,22.8669530951573,470.859048341844,8.39062336455957,0.159347302025727,21152.1839220105,5.60025104935172,8.64250069644319e-47,0.981590804904573,18.2503102228511,350.65139429364,0.998154576977677,5.89274282507712,472.718376572789,TRUE,8.20456076116762,0.131213595217519,16.504199273918,0.011,0.272101694915254,24.5,NA
"46",1,"Jul","SWH","UP","4","1-Jul-SWH-UP-4",2025-07-22 10:02:00,2025-07-22 10:01:33,2025-07-22 10:02:26,608.388860035539,21.2652926233249,4.21606427244104e-34,0.943411722060948,65.2095715286912,473.239086506385,17.2193217205112,0.162897879772972,4324.89355137777,5.72503588412478,2.25553771408801e-62,0.995367816865322,18.6569637684952,417.221625605379,0.998475610784803,10.9147228151157,478.431210749214,TRUE,16.9024569144518,0.115135799766946,12.9293284412076,NA,728.830840100283,64.6597805486573,5.49514307895386e-34,0.942832738470715,198.901510453035,591.23241529366,52.2597389303828,0.48573068398029,22386.2245825795,17.0709747707166,9.03931546309852e-63,0.995527880730659,55.6315391268234,532.432658984553,0.998602193872711,31.7179073622971,595.324811244134,TRUE,51.4473029314128,0.336091667982188,43.3915158589034,0.016,0.503,24.6,NA
"47",1,"Jul","SWH","UP","5","1-Jul-SWH-UP-5",2025-07-22 10:05:45,2025-07-22 10:05:18,2025-07-22 10:06:11,660.112202605019,51.1639055531927,2.57389370619639e-39,0.964325993654333,105.269749572285,601.811322517236,34.8783630380932,0.535717605475574,4788.04922482565,18.8277620272253,1.6389196875108e-51,0.987880976810543,61.3566239746795,480.028458815108,0.998820059407721,19.5242512508503,605.116177474879,TRUE,34.0487306631456,0.387095119422951,52.203023320491,NA,644.349872984214,47.8097585781758,1.92387609944912e-40,0.967710863233945,90.9744413574083,600.144057064584,31.6484726061148,0.527510897390782,22684.3205834659,18.5393377804428,1.08810348285723e-49,0.985759291913928,60.4166961155203,469.295993477917,0.998827757867893,17.6773236363198,602.882742657159,TRUE,30.9061935318946,0.39715236077008,55.0653965196594,0.0038135593220339,0.0739830508474576,24.6,NA
"48",1,"Jun","GCW","TR","1","1-Jun-GCW-TR-1",2025-06-17 14:40:25,2025-06-17 14:39:28,2025-06-17 14:41:21,1254.3789146626,11.6193509321339,3.65479028136502e-71,0.942186110312209,58.2799062251809,1087.81509985461,7.25153171981605,0.079891041974512,4491.86254820773,5.57245983319887,1.0440309128568e-106,0.98658809214796,28.0703630740159,844.409595716587,0.998469002876999,9.56979436123387,1100.04931637596,TRUE,7.00951191348729,0.0515137257223207,19.081804116813,NA,NA,NA,NA,NA,NA,481.586208713114,0.0820426527709811,0.00559439433991859,17606.7292658571,0.39021318260209,7.98001008862465e-28,0.657562237818454,1.96563565100121,339.643166742377,0.904808771268298,1.04573906115808,482.300197478539,TRUE,0.0786008047839317,0.00554430643382408,2.00358090113671,0.02,0.533,23.3344537815126,"low r2, but also low flux - checked"
"49",1,"Jun","GCW","TR","2","1-Jun-GCW-TR-2",2025-06-17 14:47:07,2025-06-17 14:46:10,2025-06-17 14:48:03,1338.5561617956,11.5905767990806,4.80815810164742e-63,0.919290843127877,84.3062350262104,1025.0902541125,8.91525427189252,0.0606763959571743,4318.70415247567,4.23222392571241,6.18110134636459e-130,0.994838892995157,21.3191419519101,799.389875994983,0.999311861054118,7.85505132954804,1037.58067107631,TRUE,8.73601555958203,0.0431660613698686,15.1722784526535,NA,417.510992915162,0.656781601472146,3.42432621480323e-60,0.909255506116108,1.48406364499535,518.083388539466,0.131115625197694,0.00656557727287787,17605.4158693403,0.457953917368453,1.05404353084215e-38,0.780739220681346,2.30686862112759,366.006339151947,0.944233971814714,1.17392380841721,518.091243008562,TRUE,0.131147362894042,0.00673261022352542,2.94364026234027,0.022,0.383,23,"low r2, but also low flux - checked"
"50",1,"Jun","GCW","TR","3","1-Jun-GCW-TR-3",2025-06-17 14:53:06,2025-06-17 14:52:11,2025-06-17 14:54:01,1173.97011343114,10.8809721583215,2.57759970305237e-73,0.95120115227209,47.0532182069155,1062.30448985659,6.52847350192958,0.0842876070148317,4541.14188831787,5.73320973697572,3.9210983411936e-97,0.982155236717253,28.4537783668326,735.814442947905,0.999091243155438,6.48081696921714,1068.04495085219,TRUE,6.35685797922276,0.0680797663149476,26.0067795560847,NA,345.63154399283,-0.289196671542491,7.92581422435792e-35,0.75243226906105,1.12752441484463,409.215248366824,-0.0524922917454983,0.00444771914710447,17742.2379669082,0.302532099612528,3.30610194827794e-21,0.560995189681354,1.5014593406046,346.623538697707,0.75905105655357,1.12269764022631,412.664810371986,TRUE,-0.0453570606561676,0.00382878491402865,1.24014983798959,0.017,0.4275,22.85,"low r2, but also low flux - checked"
"51",1,"Jun","GCW","TR","4","1-Jun-GCW-TR-4",2025-06-17 14:58:49,2025-06-17 14:57:54,2025-06-17 14:59:44,1265.6777929708,9.40734982240015,3.55204286981195e-61,0.918527369071856,71.1205922750721,950.713667699504,7.68754780602186,0.0509871419664634,4857.23714719992,3.46812525750379,2.3556821973202e-128,0.995228062032277,17.2122200220573,737.643653651006,0.999324858653101,6.53443748284686,957.760897815023,TRUE,7.57120020114353,0.0401220211308073,14.3750452207846,NA,598.555269105014,0.415862777761242,4.91460883978624e-57,0.902965349015115,3.52302679543831,361.039316407301,0.347772842631289,0.00358007128077725,17601.4435426165,0.243515034451121,1.06060814693747e-107,0.988580929784297,1.20855910338958,336.54160462313,0.991166523590236,1.07285173828083,361.073328765077,TRUE,0.347771098986755,0.00371162941159604,1.26082276205512,0.0186724137931034,0.338681034482759,22.7,NA
"52",1,"Jun","GCW","TR","5","1-Jun-GCW-TR-5",2025-06-17 15:04:43,2025-06-17 15:03:46,2025-06-17 15:05:39,1411.87828533093,18.4532776199035,1.87492133114728e-66,0.929839723265343,116.285001316537,1172.83994858657,13.1661089586533,0.115998787009173,4656.35495921102,8.09100201139735,1.83419692517796e-117,0.991381123178196,40.7571110229322,774.482384927834,0.999747286169633,7.04214931813462,1174.19806342332,TRUE,13.0512538285095,0.112838048157794,46.8310366640818,NA,542.143098257517,0.557259941333381,1.44017654918454e-73,0.947625782153951,2.56360910493901,483.574112673708,0.332077532159812,0.00564338443513123,17526.5057756381,0.393630278324588,4.55789967442415e-86,0.96866764051143,1.98284871676755,331.659742374901,0.992019656161498,1.00975613564794,484.310536590696,TRUE,0.328017855580747,0.00569359469636475,1.96132004393929,0.0159075630252101,0.321302521008403,22.7,NA
"53",1,"Jun","GCW","UP","1","1-Jun-GCW-UP-1",2025-06-17 15:12:15,2025-06-17 15:11:48,2025-06-17 15:12:41,643.125050994077,26.6551032466074,1.86058843030603e-33,0.940090459720666,89.9485336572296,496.321798880036,23.0920417096075,0.201714295656221,5000.90066300263,7.08923641352653,3.63343005771947e-64,0.99604786072983,23.1026721212737,377.335619184024,0.999594755555195,7.5443408095399,496.364627805554,TRUE,23.1259960190959,0.212304390285026,27.6759224258265,NA,383.523550944624,-2.11674966090205,1.46774577522952e-32,0.935143475491607,8.12966783042869,238.889496266244,-2.00540825717536,0.0186010845224121,17548.6244446016,0.653733962178413,8.12664796502583e-63,0.995546149090149,2.13041299538719,179.525275950742,0.998622379676195,1.20830731668664,239.162379399802,TRUE,-2.01447919755932,0.0195387323633014,2.05219338248049,0.013,0.25128813559322,22.635593220339,NA
"54",1,"Jun","GCW","UP","2","1-Jun-GCW-UP-2",2025-06-17 15:20:37,2025-06-17 15:20:10,2025-06-17 15:21:03,671.973848461507,36.6833713024713,1.24184964376594e-34,0.946007718555964,117.490344246087,543.035784718179,31.7565323552437,0.310874478374025,4836.06450628843,10.9256642666578,1.32419484398334e-61,0.995041520313398,35.6049685094574,387.450951768706,0.999741839941671,8.28509574669822,543.167853147718,TRUE,31.6969164694601,0.339569359956087,40.7482932818614,NA,312.573958917415,-1.48496004047032,4.2442189201949e-34,0.943397250204194,4.21470414725425,203.124027456954,-1.11121742407022,0.0133572343699456,17516.2109508357,0.469439173715331,5.37886623652124e-57,0.992542598833698,1.52982615878541,160.913037666855,0.996830899118043,1.01702828484823,203.641442456726,TRUE,-1.1040720210609,0.0127769178087587,1.32617593939847,0.017,0.296,22.6,NA
"55",1,"Jun","GCW","UP","3","1-Jun-GCW-UP-3",2025-06-17 15:28:00,2025-06-17 15:27:33,2025-06-17 15:28:26,602.311615337844,33.8737255045268,2.4847126625267e-42,0.972682084086425,61.6415081061167,582.232237617078,23.2593028189941,0.446893067601831,4920.49386393125,15.7060291512253,1.5659165617091e-46,0.981165271632451,51.1834026462414,417.515844188609,0.999171944614993,10.9444977453298,586.148034895315,TRUE,22.5031817246082,0.379735755784997,42.5579239794944,NA,294.165227915005,-1.57592838170342,3.34302934400907e-40,0.967017769030952,3.5541935412641,270.477511420594,-1.21901373184283,0.0249207679105714,17528.3786483561,0.875838843002786,3.7017854309612e-45,0.978729789102896,2.85421679299077,186.966184497199,0.995793094187023,1.29449126155308,272.02842836859,TRUE,-1.19243081187544,0.0243095838537223,2.58048517820001,0.0111864406779661,0.159881355932203,22.7,NA
"56",1,"Jun","GCW","UP","4","1-Jun-GCW-UP-4",2025-06-17 15:24:24,2025-06-17 15:23:57,2025-06-17 15:24:50,647.902240606552,30.7042923378032,2.03895592523784e-34,0.944969288739118,94.0165561167035,509.386497843522,25.1800676180805,0.22765282090862,5130.03689552324,8.00084427520175,2.15859339843559e-63,0.995767532871729,26.0734543470256,391.4564152868,0.999557440085323,8.59813941372329,510.398006439153,TRUE,24.9962393547675,0.205450705718831,26.3420419116243,NA,380.328149989487,-2.522185299471,4.3337772684926e-34,0.943351822275492,7.89265846821838,253.564640417977,-2.08222268039381,0.0213083891300157,17540.8454369923,0.748882014745998,1.31512966305458e-60,0.994583838142531,2.44048507272015,202.717298165127,0.998038526655913,1.49774615503562,255.018216538819,TRUE,-2.05978208755667,0.0196582558597742,2.3226578306837,0.0141525423728814,0.200203389830508,22.6,NA
"57",1,"Jun","GCW","UP","5","1-Jun-GCW-UP-5",2025-06-17 15:16:58,2025-06-17 15:16:31,2025-06-17 15:17:24,663.533290536514,21.7394115004772,5.34221726092952e-30,0.918658206772728,108.657728848795,445.675324996989,23.9699480107242,0.126204484713739,4676.98109572346,4.43544878994498,1.42946501831057e-75,0.998560561399146,14.4544085043181,442.031083682768,0.998750562871478,13.7333859534356,445.749642496814,TRUE,23.9864952781685,0.132027217208022,14.7737377730147,NA,NA,NA,NA,NA,NA,249.458681792887,-3.22434369925001,0.0205134899409337,17510.5229925666,0.720945332033499,2.64084952564106e-71,0.997899674179329,2.34944395302615,245.450307540516,0.998189162838527,2.22473415493869,249.461169725014,TRUE,-3.2242720307802,0.0222050759995197,2.36852857732885,0.009,0.21171186440678,22.6,NA
"58",1,"Mar","GWI","TR","1","1-Mar-GWI-TR-1",2025-03-19 11:52:43,2025-03-19 11:52:16,2025-03-19 11:53:09,NA,NA,NA,NA,NA,447.717359308647,5.48028100397632,0.12861342645585,4114.81460312754,4.52011089810486,4.07505497003952e-42,0.972157580511505,14.7303085888718,430.125651066741,0.981333802092003,12.2999391111786,449.842785143607,TRUE,5.52588554501547,0.11060802317682,10.2762249582041,NA,288.400396101509,1.91657386986855,1.00981649668408e-33,0.941480601917774,3.36945197756776,314.490470889689,0.834335945148333,0.0374583223521766,18253.2237279934,1.31647041646092,2.93772202815482e-28,0.905129972475115,4.29016365300248,218.347665908654,0.985149828188204,1.73097882286622,314.685446333479,TRUE,0.848897563165146,0.0403104772630396,4.7213874792829,0.189,0.50593220338983,21.1813559322034,NA
"59",1,"Mar","GWI","TR","2","1-Mar-GWI-TR-2",2025-03-19 11:56:27,2025-03-19 11:56:00,2025-03-19 11:56:53,NA,NA,NA,NA,NA,520.991663514267,6.77294688976946,0.253477988991176,4074.88361703966,8.90846820617153,4.82212241596488e-32,0.932111476333003,29.0312535885078,501.816110464794,0.955801533505075,23.8884448283366,522.320597251736,TRUE,6.52386934651138,0.232209995382009,23.6068541680632,NA,303.440359449581,3.07305664407547,8.30655614209582e-46,0.979917379630384,3.87292111772784,330.772529785436,1.69179251761858,0.0435534411198142,18313.614803928,1.53068298762121,4.34058055532821e-40,0.966685055325981,4.98824769296037,210.638374432339,0.996655806927213,1.61172448358871,333.106169922719,TRUE,1.63254826722333,0.0404290907896905,4.10730522539482,0.122118644067797,0.496864406779661,20.806779661017,NA
"60",1,"Mar","GWI","TR","3","1-Mar-GWI-TR-3",2025-03-19 12:00:16,2025-03-19 11:59:49,2025-03-19 12:00:42,444.713793199116,4.75947195822426,5.51892240681192e-35,0.947664183844041,14.3262910275971,380.833746289535,3.91111359685574,0.0692358296407745,4095.77660994799,2.43328893975176,2.37893367817416e-48,0.983965909267414,7.92969415495093,334.386626672405,0.99370024207831,5.06889002654896,380.845541033959,TRUE,3.91725456195903,0.0750590658870527,9.73096667730385,NA,297.353422206114,1.07747200965817,4.40920919488917e-33,0.93807148398669,3.66067846456414,220.623631327438,0.919221927613157,0.0157067649426083,18312.0029295531,0.552013280008728,3.88681859693445e-49,0.98504480547982,1.79892178377594,190.611049328012,0.992033891783927,1.33892428365821,220.626107246792,TRUE,0.91879017090708,0.016056603825178,2.03173782790503,0.0529491525423729,0.304271186440678,19.5508474576271,NA
"61",1,"Mar","GWI","TR","4","1-Mar-GWI-TR-4",2025-03-19 12:04:52,2025-03-19 12:04:25,2025-03-19 12:05:18,460.839876725059,8.29302708945269,1.87453544367468e-32,0.934531154964326,16.6333875039338,506.853811849769,3.76576854125852,0.22237629220436,4140.04414567643,7.81540100106212,8.2266632239693e-23,0.846502498366549,25.4691247818035,445.927090473185,0.953875807347797,14.2378503523941,506.949697943675,TRUE,3.7896451291144,0.255383405674126,27.4299823882901,NA,320.926263022514,2.23096115485981,5.2553869189712e-39,0.963333687566106,4.55358824602827,304.131322551912,1.47700757215558,0.0340323271288827,18316.9455030295,1.19606402676736,1.6091207100686e-42,0.973134551998727,3.89777875001225,189.463192220701,0.997015945247205,1.32476914176687,304.272530237997,TRUE,1.48791239676163,0.034758086639863,4.3665141250183,0.0687966101694915,0.202033898305085,18.8661016949153,NA
"62",1,"Mar","GWI","TR","5","1-Mar-GWI-TR-5",2025-03-19 12:09:12,2025-03-19 12:08:45,2025-03-19 12:09:38,491.599461351975,4.48944952505932,1.71387503776484e-27,0.898484977721263,22.1142664196025,437.701323468462,4.28748762596765,0.117222066313763,4045.89740591122,4.11976225223342,8.89714396283249e-39,0.962584198104339,13.4256372589503,383.38692380084,0.987292443257237,7.97912150933819,437.711158343667,TRUE,4.28790916432267,0.120428638695046,16.7502836786903,NA,309.101158350124,1.22409691337492,1.55033942225292e-33,0.940508831560289,4.08133376316831,237.062620339211,1.04525497973847,0.0182890838115566,18304.8400403051,0.642768716541024,1.31013732247126e-48,0.984329485774557,2.0946790376077,187.612465847958,0.994176140443544,1.30226083304974,237.315649792611,TRUE,1.05242759264806,0.019865521594763,2.15136817735167,0.160322033898305,0.442033898305085,18.6,NA
"63",1,"Mar","GWI","UP","1","1-Mar-GWI-UP-1",2025-03-19 12:14:54,2025-03-19 12:14:27,2025-03-19 12:15:20,464.52918260347,8.11373020936577,2.47635888078426e-31,0.927708338849503,17.2114043971721,463.572868543753,3.88464107260051,0.148951609067687,4156.86340034875,5.23489506492721,1.56156011434284e-31,0.928977319754812,17.0596743033606,439.462838965231,0.957799031846777,13.4106578874895,463.583882214628,TRUE,3.87065452473719,0.163207220929558,20.6398434844422,NA,315.828876254089,-2.69239686923069,9.46538048937203e-43,0.973677018277069,4.34366091797383,317.630055277064,-1.66254253195461,0.0385632263357881,18464.5963577514,1.35530219845528,2.25405655834629e-42,0.972784203606906,4.41671013487588,164.962322887792,0.998504376388997,1.05588397849488,317.630088446163,TRUE,-1.66273039281261,0.0392887570307509,6.11660583921718,0.011,0.269745762711864,18.0372881355932,NA
"64",1,"Mar","GWI","UP","2","1-Mar-GWI-UP-2",2025-03-19 12:18:39,2025-03-19 12:18:12,2025-03-19 12:19:05,477.021483149776,7.75846235215195,9.57403509326608e-38,0.959006832398668,19.3219481563617,505.525197650985,5.79603114263153,0.21965738105588,4190.34934671694,7.71984503733508,8.86447515949383e-32,0.930505196931302,25.1577233881349,457.618391040841,0.973423833594735,15.8656551458173,505.828786675025,TRUE,5.68280314108069,0.238700768540957,23.7707566442305,NA,241.255526297139,-1.00890449391649,2.90417380742656e-37,0.957220846578217,2.177600409455,214.145955614377,-0.654246307639612,0.0147923925065405,18432.3825900309,0.519877717438864,6.17491229712257e-43,0.974105726920647,1.6941971953749,179.094163675123,0.987435938263574,1.20349363328278,214.421792754712,TRUE,-0.647318670135813,0.0149982974498388,1.77814906406249,0.0161186440677966,0.317118644067797,18.1762711864407,NA
"65",1,"Mar","GWI","UP","3a","1-Mar-GWI-UP-3a",2025-03-19 12:25:37,2025-03-19 12:25:19,2025-03-19 12:25:55,NA,NA,NA,NA,NA,310.512619831887,3.37368281581149,0.234646210838733,4361.51674264768,5.95002830747947,2.96510379736273e-16,0.855204058141834,15.2393636708621,314.043189610976,0.857029523564754,15.5951254439416,310.513199506143,TRUE,3.3690722703515,0.24452311199601,17.5210686978612,NA,NA,NA,NA,NA,NA,121.217677407363,-0.15750889685896,0.0181748565644831,18507.5274163565,0.460867919650219,3.11983979547501e-10,0.682121284190974,1.18038662487617,124.902108240864,0.684820910044,1.2104568312316,121.610833588708,TRUE,-0.159047940188501,0.0178130704115397,1.0225209945573,0.007,0.174,17.2,"low r2, but also low flux - checked"
"66",1,"Mar","GWI","UP","4","1-Mar-GWI-UP-4",2025-03-19 12:30:01,2025-03-19 12:29:34,2025-03-19 12:30:27,NA,NA,NA,NA,NA,631.042931020143,5.83909123040251,0.702236476541646,4254.72599750129,24.6800574258262,4.05943361915375e-11,0.570741421205997,80.4283058687609,601.0169795968,0.771405595552938,59.8547879563268,631.092540786581,TRUE,5.93837793556276,0.726530411608016,97.4195002204903,NA,NA,NA,NA,NA,NA,170.908540050241,-0.335045644311683,0.00991220264352216,18536.9791443818,0.348363747299654,4.57207581332457e-37,0.956468233995774,1.1352609735861,172.178041501244,0.958614683805861,1.12883995822456,170.910351199885,TRUE,-0.335380973599815,0.00963030631766267,0.988847168366404,0.005,0.116491525423729,16.7491525423729,NA
"67",1,"Mar","GWI","UP","5","1-Mar-GWI-UP-5",2025-03-19 12:34:03,2025-03-19 12:33:36,2025-03-19 12:34:29,NA,NA,NA,NA,NA,392.646579055286,3.37825298477457,0.077238387369737,4151.18387543937,2.7145383349369,1.08652877277837e-42,0.973537072023115,8.8462403359855,374.726062712174,0.982366344480575,7.36423489512047,393.23792563778,TRUE,3.37764043394677,0.0712022998873026,7.5986111303246,NA,170.027851889523,-1.18867726446391,3.00949061782533e-50,0.986445957983393,1.12604110814327,267.521406510196,-0.583327193890666,0.0242479036618444,18536.9579672184,0.85219107070228,7.5852424468208e-30,0.917555857507913,2.77715253698504,169.178970781524,0.987609987406587,1.0979242443074,268.95403118826,TRUE,-0.558977962988324,0.0221399780998554,2.76951686257724,0.00520338983050847,0.122949152542373,16.8474576271186,NA
"68",1,"Mar","MSM","TR","1","1-Mar-MSM-TR-1",2025-03-13 13:56:21,2025-03-13 13:55:54,2025-03-13 13:56:47,NA,NA,NA,NA,NA,331.883232316853,0.376241609352999,0.0440036681837391,3917.69310246777,1.54650618986648,1.73689722436192e-11,0.584354069943767,5.03981294372329,335.289447339126,0.58889948359134,5.11144076502309,331.912420998805,TRUE,0.377677899962232,0.0443109026963806,4.07596441941423,"low r2, but also low flux - checked",233.047088402235,-2.24884635939945,3.4224395959416e-50,0.98637877772156,2.01822716780821,313.485879134626,-1.05537352860066,0.0371115089375533,17968.6477427209,1.30428168050817,2.31535825427672e-33,0.939585069148398,4.25044253864499,179.454158837894,0.995311590939204,1.20751191815453,313.709783239974,TRUE,-1.0414604539575,0.038984574937692,4.90847132989823,0.363338983050847,0.620898305084746,16.3440677966102,NA
"69",1,"Mar","MSM","TR","2b","1-Mar-MSM-TR-2b",2025-03-13 13:49:08,2025-03-13 13:48:41,2025-03-13 13:49:34,NA,NA,NA,NA,NA,321.126936976035,0.775864555547368,0.0398322812820672,3914.85812687182,1.39990305585441,1.50575643406352e-25,0.879463225948125,4.56205709817557,323.077880567586,0.883951362017351,4.56496684831957,321.140204445999,TRUE,0.77145366405549,0.0421242218179839,4.63097032368545,"low r2, but also low flux - checked",179.632648358432,0.546845062591684,9.42319996738293e-21,0.815923302960447,1.2307716591175,205.63188540072,0.151338000045812,0.0136710306829343,18030.8024373811,0.480467525678355,2.76591714613815e-15,0.702081530994685,1.56576576984897,184.72476845122,0.812162552349102,1.26790244567434,206.185368893421,TRUE,0.144566885252068,0.012619977164564,1.37318811670805,0.241,0.491,15.3,"low r2, but also low flux - checked"
"70",1,"Mar","MSM","TR","3","1-Mar-MSM-TR-3",2025-03-13 13:52:48,2025-03-13 13:52:21,2025-03-13 13:53:14,353.585758660668,1.48964256981595,3.81306106280017e-23,0.850961293361058,6.16148786589986,323.122102996137,0.961335222221726,0.0405749722901472,3928.88444378808,1.42600488528276,1.57045940437437e-29,0.915219609093789,4.64711872849419,318.515771602584,0.927709858134773,4.37615069926763,323.176721488016,TRUE,0.96918852012772,0.0398435098243926,5.72892417117828,NA,307.161653740244,-2.9316746114692,2.59463952564457e-45,0.979018417820535,4.00869383656204,325.764831161887,-1.71645658514378,0.0415800770594439,17966.4351908076,1.46132923007809,2.02273706503937e-41,0.97038892936302,4.76223504118312,172.102148771708,0.998402453530252,1.12804698922619,326.469542828692,TRUE,-1.690087635308,0.0412369142309389,4.83787691136344,0.211169491525424,0.413559322033898,15.935593220339,NA
"71",1,"Mar","MSM","TR","4","1-Mar-MSM-TR-4",2025-03-13 14:00:10,2025-03-13 13:59:43,2025-03-13 14:00:36,NA,NA,NA,NA,NA,320.519239335829,0.351743308141565,0.0396087811948931,3929.33143039362,1.39204815914881,5.31602390481234e-12,0.602635356604133,4.53645926329598,323.025147715955,0.613479080126363,4.56273846905719,320.746927335984,TRUE,0.333857954542107,0.0364166391073484,3.86584026057797,"low r2, but also low flux - checked",233.157597124229,-1.12915887657803,6.9465043113668e-42,0.971580845046888,2.02029333308765,247.504752578157,-0.740427972584421,0.0201456982339638,17986.3114185921,0.708019315296997,6.97737695596958e-39,0.96293209681291,2.30732016012686,178.238868843738,0.990455397349442,1.19400033014304,248.122335367684,TRUE,-0.727546178567968,0.0207368447104512,2.32064216426243,0.170033898305085,0.396,16.5067796610169,NA
"72",1,"Mar","MSM","TR","5","1-Mar-MSM-TR-5",2025-03-13 14:04:08,2025-03-13 14:03:41,2025-03-13 14:04:34,318.630076452871,0.326380009953261,2.87507631405653e-10,0.537671120809481,4.45779638970045,302.598757312738,0.334436755159924,0.0335528045115041,3928.06280935686,1.17921123411243,1.16316985354219e-13,0.656426790455446,3.84285823102775,302.67966278561,0.680478554829269,3.77930021810536,302.636079798457,TRUE,0.335606197380505,0.0345834883121077,4.50922916426376,"low r2, but also low flux - checked",308.00653989067,-2.90613842121885,2.52944754470133e-45,0.979038934707109,4.04017691407253,331.691449914926,-1.7282042414366,0.0439255974368453,17966.7790411254,1.54376239830768,2.28102419906397e-40,0.967498828719138,5.03087137187345,160.527153398023,0.998731934058163,1.01340092439786,331.767699373023,TRUE,-1.72051610328482,0.0450087605254269,5.99768429703544,0.218,0.51,17,NA
"73",1,"Mar","MSM","UP","1","1-Mar-MSM-UP-1",2025-03-13 14:08:51,2025-03-13 14:08:24,2025-03-13 14:09:17,NA,NA,NA,NA,NA,334.657260510739,1.20864403895276,0.0451485626560278,3980.97500810665,1.58674343510579,4.40125818280006e-32,0.932349194476518,5.17093960244967,327.666687215029,0.94480733154262,4.76310707581859,334.974846599523,TRUE,1.21477504718327,0.0433561846854884,4.90060069310289,NA,243.40946584851,-0.454179304444283,2.21548416952052e-29,0.914092061172391,2.22146619410676,194.763294118409,-0.468798126531345,0.0123622063188725,18159.5859844869,0.434468974557164,1.45209061109466e-39,0.965102289962167,1.41586394931173,187.142469187202,0.97185919240647,1.29660594056062,194.980038292482,TRUE,-0.466020928613755,0.0125685623240239,1.20069567414984,0.0188474576271186,0.217915254237288,17.0271186440678,NA
"74",1,"Mar","MSM","UP","2","1-Mar-MSM-UP-2",2025-03-13 14:12:43,2025-03-13 14:12:16,2025-03-13 14:13:09,NA,NA,NA,NA,NA,334.988953794723,0.702002382037413,0.0452874376113065,3991.47361514691,1.59162418679811,3.87160131215499e-21,0.822089772570177,5.18684518091758,337.814061814893,0.825918805766274,5.2323336049614,335.015362877361,TRUE,0.705676954462172,0.0442819600175351,5.67678587043895,"low r2, but also low flux - checked",303.277375182241,-1.44782453107721,2.82394843837695e-33,0.939122445430639,3.86708084777346,279.762121207167,-0.967175672999186,0.0271579580499868,18220.4276864024,0.954464751735383,3.38051360955606e-38,0.960614533468507,3.11044588223661,255.349939209576,0.976728129419216,2.43829904559545,280.028001266674,TRUE,-0.95634904300466,0.0289913110728105,3.1043825168479,0.0817118644067797,0.347627118644068,16.5813559322034,NA
"75",1,"Mar","MSM","UP","3","1-Mar-MSM-UP-3",2025-03-13 14:15:54,2025-03-13 14:15:27,2025-03-13 14:16:20,323.936872291169,1.62360861143582,1.10334200148013e-08,0.469337496674722,4.68230991342825,326.272505079084,0.270232004186872,0.041775991986167,3988.24399080703,1.46821464803005,3.47869458675799e-08,0.445881428819461,4.78467350198246,325.183787093517,0.495714198914047,4.65485325645637,326.791268819902,TRUE,0.281121742882979,0.0413363406089622,4.2083241987234,"low r2, but also low flux - checked",236.915874878385,-0.476879774474943,5.98158721642881e-30,0.918304352602471,2.09183481626407,172.256540959322,-0.455071625321766,0.0100366970221386,18221.4323914284,0.352739094516844,1.75254695833607e-43,0.97532956279679,1.14951952080884,168.504563098658,0.978628665668013,1.09108960098339,172.329069980347,TRUE,-0.454924174862162,0.0101546955646723,1.26083571868559,0.0923389830508475,0.503576271186441,15.7661016949153,NA
"76",1,"Mar","MSM","UP","4","1-Mar-MSM-UP-4",2025-03-13 14:22:28,2025-03-13 14:22:01,2025-03-13 14:22:54,NA,NA,NA,NA,NA,328.633571807639,0.699924592847414,0.0426993436574368,3971.88973092931,1.50066578526433,3.43876222584764e-22,0.837852328392685,4.89042649705194,329.100588114656,0.848121349623383,4.82676785497914,328.801297394953,TRUE,0.706393932729226,0.0387652022480324,3.9571416539988,"low r2, but also low flux - checked",222.458102006624,-1.96298873312712,3.3398110157994e-48,0.983755381259564,1.82973896761797,319.627576551349,-0.858343512030757,0.0392831119101706,18108.6969466043,1.38060253233039,7.25227910486264e-28,0.901781320787136,4.49915982112984,168.326577189468,0.99446411203452,1.0892929468985,319.675678529327,TRUE,-0.851217612917148,0.0412401761410064,5.38905034683697,0.0381186440677966,0.236966101694915,14.4661016949153,NA
"77",1,"Mar","MSM","UP","5","1-Mar-MSM-UP-5",2025-03-13 14:19:06,2025-03-13 14:18:39,2025-03-13 14:19:32,NA,NA,NA,NA,NA,334.237558377212,0.713394258504379,0.0449734499090401,3978.38700727671,1.58058910847079,1.43369722079113e-21,0.828733825719662,5.15088364972331,326.562512749601,0.862033021212551,4.71465793250646,334.23939314258,TRUE,0.711697375296128,0.0473011257648529,4.96161008522423,"low r2, but also low flux - checked",255.374321836902,-1.82840238938914,7.83877037380672e-45,0.978107323275174,2.4817231297143,289.179680579056,-1.03419461941644,0.0296324410151641,18159.7787070208,1.04143030211602,9.27293475729424e-38,0.959057143662658,3.39385251153966,181.155719676795,0.994856881784803,1.22668715958418,289.195409228145,TRUE,-1.03067736199837,0.0304506704455128,4.38297044092221,0.112457627118644,0.605830508474576,15.0016949152542,NA
"78",1,"Mar","SWH","TR","1","1-Mar-SWH-TR-1",2025-03-20 10:32:30,2025-03-20 10:31:44,2025-03-20 10:33:35,NA,NA,NA,NA,NA,815.365334286379,9.09307235312306,0.119407957911088,3934.58984842164,7.17594795991465,2.01064933202972e-76,0.986392294339215,34.0749411478879,606.574670780141,0.998984249108609,9.4283122944258,818.245880309518,TRUE,9.25632827318817,0.103637631208514,34.5133625699354,NA,NA,NA,NA,NA,NA,1145.16720732653,55.8690138336677,0.892059539474053,18054.3324042173,53.6092647793019,9.63825057501828e-70,0.980012103181159,254.563237155635,913.586629671649,0.998870027769692,61.2976341911009,1147.97550669265,TRUE,57.0747376661264,0.788721754786815,255.398762538872,0.0687471264367816,0.678114942528736,12.7701149425287,NA
"79",1,"Mar","SWH","TR","2","1-Mar-SWH-TR-2",2025-03-20 10:38:28,2025-03-20 10:37:31,2025-03-20 10:39:24,1322.12533827537,8.09452684383492,1.37829978330471e-58,0.903071629383593,78.4444561348127,931.723464607197,7.57721142433484,0.040287904834469,4150.58978811067,2.81011144560414,6.77442859861549e-142,0.9968437190521,14.155480868002,777.264285751925,0.999213842698709,7.12859915982514,931.830208701452,TRUE,7.57087123051024,0.0411627326319834,17.1029564210774,NA,1269.36129327047,7.71879998422799,1.22197251503743e-60,0.910908581255768,62.2382373441407,1003.72882185533,6.25328376499335,0.0552497748963164,18928.2359020897,3.85371305460286,2.50970691726691e-117,0.991332732090936,19.412454798024,725.483415553241,0.999271147045859,5.68030917819031,1003.91117087824,TRUE,6.27339522206359,0.0558741211514619,25.2702556325169,0.0452941176470588,0.561680672268908,13.5411764705882,NA
"80",1,"Mar","SWH","TR","3","1-Mar-SWH-TR-3",2025-03-20 10:58:12,2025-03-20 10:57:19,2025-03-20 10:59:07,937.326054683335,6.83807208643009,3.15313106115106e-44,0.907900361425654,62.5970223661018,767.458745558285,6.30033006593962,0.077290667915068,4233.98221740684,5.13269867437876,2.97104622244537e-80,0.987809692747789,22.7736183401424,736.084935926497,0.9919993373691,18.6788280255269,767.61513904354,TRUE,6.27422009811757,0.0844491629766563,24.6619463659357,NA,585.82048970785,2.07497651187123,1.55259998207821e-46,0.919083675545602,7.72469763812545,592.084814254003,0.797365805000569,0.0272126183190125,19024.0419905644,1.80712851551307,3.314359458249e-45,0.912818610801228,8.01817089113729,544.163088774319,0.953012805741673,5.95957246214792,592.314450399852,TRUE,0.78819377022546,0.0268459975327999,9.35208573054959,0.0374269662921348,0.587213483146067,13.8640449438202,NA
"81",1,"Mar","SWH","TR","4","1-Mar-SWH-TR-4",2025-03-20 11:04:28,2025-03-20 11:03:32,2025-03-20 11:05:24,816.951734762888,2.4341052866254,3.67625626542417e-38,0.867336503263349,28.8835177766303,495.452228800015,2.35596030459818,0.014234273808454,4063.52412994068,0.994820183799894,2.32188623665211e-106,0.996979360108905,4.35836744834916,496.183374006084,0.997093319878529,4.32782331818218,495.453871622519,TRUE,2.35650515319368,0.0148656539717768,4.49495116886863,NA,610.518407404895,2.85570814403927,6.69730413966506e-62,0.964415891766321,8.57591268482017,632.775561308165,1.32106261489771,0.0319265200451948,18919.4191611219,2.23131485082071,3.52868300895594e-57,0.953764494986994,9.77552543786264,529.117691906332,0.986970906216158,5.25298244205752,638.421797455117,TRUE,1.25574030673029,0.0187410493064978,7.23455005756174,0.035,0.490584269662921,14.2921348314607,NA
"82",1,"Mar","SWH","TR","5","1-Mar-SWH-TR-5",2025-03-20 11:10:21,2025-03-20 11:09:32,2025-03-20 11:11:09,1074.27530342742,6.17508071131641,8.79527403002109e-45,0.878336804851662,63.785254529563,595.87856950965,6.40701929325497,0.0190872384706642,4137.13670248474,1.15638056406775,1.57968395066483e-146,0.999166434320423,5.27971641814072,573.342811674005,0.999367741484074,4.64791354145305,595.878870459009,TRUE,6.40728621055326,0.020359280910318,5.8761104996965,NA,NA,NA,NA,NA,NA,603.512964968175,0.291095765872044,0.0198614853169782,19271.1936771787,1.20328750695759,5.16177829179425e-26,0.695602706377459,5.49388065108934,578.636910371929,0.774675519312883,4.77785570636338,608.683125961731,TRUE,0.315991551870001,0.0143592697398891,3.42219949276597,0.0369108910891089,0.460326732673267,14.9435643564356,"low r2, but also low flux - checked"
"83",1,"Mar","SWH","TR","6c","1-Mar-SWH-TR-6c",2025-03-20 10:27:16,2025-03-20 10:26:19,2025-03-20 10:28:12,NA,NA,NA,NA,NA,682.421475923988,0.306954301775155,0.0134990798086885,4080.72169168537,0.941570896560111,8.86447950726743e-44,0.821955955646596,4.74301075602311,681.416887267558,0.829602991348937,4.68202831727057,682.499074424004,TRUE,0.303488679909556,0.0138076449862822,5.15739724704275,"low r2, but also low flux - checked",1202.15964772793,4.04547688296407,5.81892828231599e-54,0.882790514433655,46.3501950298036,613.860792974913,4.07645960313443,0.00999331901308553,18940.3937909373,0.697041463278547,1.70659444131525e-179,0.999327365683983,3.51123337584296,612.517737856056,0.99935816393963,3.46094670345578,614.508398070279,TRUE,4.06871303813733,0.0078905289651817,2.34487240260017,0.132100840336134,0.750605042016807,12.8899159663866,NA
"84",1,"Mar","SWH","TR","7a","1-Mar-SWH-TR-7a",2025-03-20 10:51:23,2025-03-20 10:50:36,2025-03-20 10:52:10,321.542811526656,0.621672574644736,5.70383530149834e-21,0.831461443683364,5.12811076190512,278.745566530416,0.442522056843882,0.0176920433009834,4084.35192422493,1.04760663879976,6.27953270180027e-30,0.92599441211951,3.39813022898727,281.668500761328,0.927511509393732,3.43246939829083,279.560046799481,TRUE,0.456800166224344,0.0175421116590804,2.488146771141,NA,500.589327450464,4.43790029258394,5.65742783762365e-29,0.919203807618018,28.6839700955762,368.886874127505,3.70312635475957,0.0420920273974254,19506.4974133806,2.49241348734623,1.72794867143323e-56,0.993581462079977,8.0846620294334,293.035730107868,0.998617917485709,3.82891022256717,369.109549368296,TRUE,3.6887296928789,0.0426662896119434,9.31396242846136,0.082,0.75,13.6,NA
"85",1,"Mar","SWH","UP","1","1-Mar-SWH-UP-1",2025-03-20 11:24:40,2025-03-20 11:24:18,2025-03-20 11:25:01,NA,NA,NA,NA,NA,246.890687485957,6.6576919443239,0.0454175291327856,4153.26056131604,1.33461092120791,1.52178659662225e-58,0.998049253308867,3.82560127341861,243.060628868143,0.998367265298252,3.58634218761329,246.994715317961,TRUE,6.65989602526503,0.046970470703131,4.02034389007328,NA,NA,NA,NA,NA,NA,169.065630476169,-0.360036797617829,0.0187561647854778,18551.31884566,0.551156851564695,2.08597844766829e-22,0.897679025591308,1.57986595171194,153.168634814563,0.934900931945043,1.29127856271002,169.125068845678,TRUE,-0.361534289773711,0.0189740241595016,1.57800628477885,0.013,0.313020408163265,16.0979591836735,"low r2, but also low flux - checked"
"86",1,"Mar","SWH","UP","2","1-Mar-SWH-UP-2",2025-03-20 11:28:00,2025-03-20 11:27:33,2025-03-20 11:28:26,402.376393827768,1.72295193967444,4.8031349028005e-27,0.894389521043295,9.68020835649662,308.742288928635,1.85788795191708,0.0355167708742732,4123.82143711467,1.24823471015606,1.21012948789089e-46,0.98135099686688,4.06779454894541,312.622716147813,0.981392245869197,4.14376242698059,309.313722272013,TRUE,1.84116281240185,0.0364865839407333,3.90036603418945,NA,239.523601016428,-2.95025745562915,3.17768188761698e-23,0.851999196423119,2.14295816746727,290.073800545025,-0.27673163713934,0.0298787830044163,18684.1211599708,1.05008797605384,1.37136072526503e-12,0.622589856682499,3.4220664672679,178.918114102933,0.95526215456141,1.20153343007975,293.306790006632,TRUE,-0.230596712166687,0.0240676603851781,2.84234811982682,0.0109322033898305,0.237559322033898,15.8,"low r2, but also low flux - checked"
"87",1,"Mar","SWH","UP","3","1-Mar-SWH-UP-3",2025-03-20 11:31:38,2025-03-20 11:31:11,2025-03-20 11:32:04,NA,NA,NA,NA,NA,327.064214023084,4.19810495055895,0.042083361908395,4090.37018623506,1.47901714488826,4.52010693407024e-61,0.994801785806665,4.81987708787643,330.932259299967,0.994814472686791,4.90932756790862,327.121411528181,TRUE,4.20123683403401,0.0414548368253422,4.63634316614488,NA,NA,NA,NA,NA,NA,186.531879485449,-0.392119994967505,0.0114550094251792,18676.1604087265,0.402585595979131,2.43611639195668e-37,0.957508795653955,1.31196118765445,179.722230658073,0.965217359853169,1.21051286246647,186.637733796917,TRUE,-0.388598635360817,0.010984997308769,1.21644254045479,0.013,0.279406779661017,15.7,NA
"88",1,"Mar","SWH","UP","4a","1-Mar-SWH-UP-4a",2025-03-20 11:41:13,2025-03-20 11:40:46,2025-03-20 11:41:39,NA,NA,NA,NA,NA,321.05631151051,3.27194260971693,0.0398062418951567,4056.95860597955,1.39898790321601,1.00122756986688e-56,0.992362265000025,4.55907476409718,315.235781710944,0.993632293037443,4.24524369403991,321.064924802568,TRUE,3.27228022736719,0.0388206260837407,4.07995824634797,NA,207.330550686972,1.43406909330913,1.84264343731639e-42,0.972994234441502,1.59058742296233,251.510912602161,0.59046091024133,0.020907017177715,18676.9117794223,0.734775822369489,3.2451472798867e-33,0.938796447654621,2.39451527874738,177.92326936458,0.98545282197566,1.19051629463702,251.651862719298,TRUE,0.58599071661937,0.0212353713450072,2.32866254416033,0.021,0.527,15.4,NA
"89",1,"Mar","SWH","UP","5","1-Mar-SWH-UP-5",2025-03-20 11:45:12,2025-03-20 11:44:45,2025-03-20 11:45:38,559.723224996836,9.9202009901625,1.40265644889525e-31,0.929269457755563,41.554197077917,393.903398089541,9.82141158278428,0.0781424772976422,4070.10013986841,2.74631251939496,2.87478820630142e-66,0.996719027271169,8.94978725170899,358.351266533258,0.998422733853361,6.32820532807875,394.249138987244,TRUE,9.83667352982583,0.0789842419293513,7.76981328192554,NA,412.439715908817,-3.33152739857166,1.97574594849201e-34,0.945035831441076,10.6255590898384,298.88543973805,-2.84397513780837,0.0324187799117455,18605.3597891267,1.13935600986921,3.47209163315258e-58,0.993288486220545,3.71297651679203,217.438661151084,0.998620837026173,1.71647081535267,298.89218812434,TRUE,-2.84644271693391,0.0345521632163849,4.26580813530578,0.00786440677966102,0.134440677966102,15.528813559322,NA
"90",1,"May","GCW","TR","1","1-May-GCW-TR-1",2025-05-14 13:18:49,2025-05-14 13:17:52,2025-05-14 13:19:45,1258.87308804079,9.65552855218101,1.43913335449218e-66,0.930170138506734,59.4400748126102,1015.50732787384,6.74709788033134,0.0581789950750783,3998.60226095316,4.05802834935085,1.68019573302961e-118,0.991741240757431,20.4416599743417,737.484018246448,0.999304145239215,5.98729597123024,1022.03306477039,TRUE,6.62178093875885,0.0454902612713435,17.8069526041763,NA,NA,NA,NA,NA,NA,387.035177226189,-0.0196647106970903,0.00369532157042368,17991.6903030397,0.257751438872319,5.34186295836128e-07,0.201816018516633,1.29838108996161,344.290217639882,0.470308045859591,1.06727180043427,387.064050104959,TRUE,-0.0193370887473648,0.00383538278627193,1.29004203845846,0.02,0.338,21.8142857142857,"low r2, but also low flux - checked"
"91",1,"May","GCW","TR","2","1-May-GCW-TR-2",2025-05-14 13:28:11,2025-05-14 13:27:14,2025-05-14 13:29:07,1222.21798266118,7.22065316825327,5.11673986388526e-64,0.922453690072996,50.612604850153,935.723382247427,5.45718480765833,0.0410009318358738,3818.40179807031,2.85984561137685,3.74151728583833e-125,0.993717520198436,14.4060086658168,653.533274368957,0.999489658294785,4.14306092851824,939.763183451891,TRUE,5.38792343233092,0.0367375279528838,13.7993500232701,NA,NA,NA,NA,NA,NA,432.471578150481,-0.16946693920462,0.00451023852137573,18058.9848696647,0.314592504708236,2.5409488263787e-65,0.926499191555188,1.58470874476541,341.316332438706,0.968100151276011,1.05344138781499,432.533171799939,TRUE,-0.16889062314562,0.00481269529835543,1.67397539378576,0.033,0.453,20.890756302521,NA
"92",1,"May","GCW","TR","3a","1-May-GCW-TR-3a",2025-05-14 13:44:51,2025-05-14 13:43:54,2025-05-14 13:45:47,1184.4950092571,4.87719622923361,2.08126303356783e-59,0.906286229476183,42.894731744932,793.604627580726,4.21405790266694,0.0219829449420433,3624.53584962792,1.53332682460244,8.06065456575093e-143,0.996961444781871,7.72388531565432,648.889717137019,0.999175629004404,4.05953481830184,795.254772564939,TRUE,4.19274737357175,0.0207305862309609,7.86032377588835,NA,NA,NA,NA,NA,NA,406.589037557252,-0.0205924979166364,0.00402622867217783,18056.7069413057,0.280832456311466,1.31125977586767e-06,0.189339835936469,1.41464797371276,356.379154042532,0.496127308923159,1.12538739115132,406.641233668074,TRUE,-0.021132878747822,0.00442245506933852,1.47634659259551,0.033,0.533,20.2302521008403,"low r2, but also low flux - checked"
"93",1,"May","GCW","TR","4","1-May-GCW-TR-4",2025-05-14 13:51:50,2025-05-14 13:50:53,2025-05-14 13:52:46,1255.51533299786,10.4094619855099,2.61577631009785e-71,0.942530209058109,58.5711153666676,1098.40027189365,7.30557749855142,0.0836875251670246,3744.25795673615,5.83726737075033,7.75418345290986e-105,0.985515818188005,29.4042881172295,764.001114058094,0.999255733806212,6.72574660176599,1104.11089023721,TRUE,7.13732055285774,0.0718413287817275,27.4614325272229,NA,627.15542427635,-0.602241669682199,2.02956723246862e-70,0.940389838021297,3.72205952669696,498.591355345265,-0.454726708484721,0.00602760084724789,18062.7172049449,0.420429659968138,7.42848599203136e-98,0.980700656652004,2.11784625742488,338.074358442978,0.995441746616863,1.03856830284603,501.734255400682,TRUE,-0.446142213589345,0.00538162039254895,2.0064462565648,0.042,0.48881512605042,19.981512605042,NA
"94",1,"May","GCW","TR","5","1-May-GCW-TR-5",2025-05-14 13:58:03,2025-05-14 13:57:06,2025-05-14 13:58:59,NA,NA,NA,NA,NA,797.914442891305,3.28387024622807,0.0224024341761631,3543.00705262988,1.5625865119193,8.03663492170136e-130,0.994814643329312,7.87127624730774,641.053552349153,0.998735371776004,3.92238248697402,797.962728726509,TRUE,3.27996240348456,0.0236159287811861,9.37527056938658,NA,NA,NA,NA,NA,NA,343.899804255163,0.0199556172398437,0.00305835548046666,18093.2506533298,0.213322578468576,2.04766760746024e-09,0.275432521936164,1.07457790791481,336.565739216637,0.344004931291722,1.03171903991996,343.9006661809,TRUE,0.0200442998922378,0.00320489913032875,0.938462070918043,0.019,0.426991596638655,20.1890756302521,"low r2, but also low flux - checked"
"95",1,"May","GCW","UP","1","1-May-GCW-UP-1",2025-05-14 14:08:07,2025-05-14 14:07:40,2025-05-14 14:08:33,526.136735082848,6.50780009187647,6.95441392979295e-30,0.91783027014585,30.447762525699,366.482060348754,6.67337948453692,0.0606204634683357,3639.07266337688,2.13050242981788,2.75869211202733e-63,0.99572741541369,6.94296200867913,364.946963401676,0.996143665432772,6.72672195019868,366.507557075147,TRUE,6.68163063782194,0.0669842854137147,7.88617946798616,NA,302.608738416332,-0.708156471533892,3.88222304500219e-28,0.904109294111085,3.84321339527347,194.901967947287,-0.776301419263161,0.0123780897962729,18064.0349752864,0.435027198385544,1.11889242272631e-50,0.98695194293101,1.41768311026575,197.068770365916,0.987387465315026,1.42142548604645,194.915148060729,TRUE,-0.774992621030298,0.0125797668048134,1.17778405520351,0.02,0.364762711864407,20.2,NA
"96",1,"May","GCW","UP","2","1-May-GCW-UP-2",2025-05-14 14:20:55,2025-05-14 14:20:28,2025-05-14 14:21:21,603.319186016023,10.6459381675829,5.54049662367838e-28,0.902791126587579,62.2192747162224,422.165401406121,12.5432408120841,0.101516262603428,3575.2900137251,3.56778275467333,6.96302985360867e-66,0.996605480285389,11.6268255666974,354.398698741432,0.999101340193853,6.10079339552562,422.519003729677,TRUE,12.5980254672456,0.0982075730525836,13.2313709901192,NA,278.261802100251,-0.488662804021552,9.79417772630161e-26,0.881435849839117,3.06753480166952,171.549418210541,-0.556276720089693,0.00997119708447346,18009.9331795797,0.350437103268932,4.50854222966282e-48,0.983566878391243,1.14201770454481,165.420561747802,0.986377436587152,1.0603735617722,171.687820442378,TRUE,-0.55356276721087,0.0100987653254172,1.09770846680217,0.013,0.307932203389831,20.2966101694915,NA
"97",1,"May","GCW","UP","3","1-May-GCW-UP-3",2025-05-14 14:25:51,2025-05-14 14:25:24,2025-05-14 14:26:17,571.636004301698,10.1058333181261,3.486076659823e-31,0.926752573028953,46.4001197936077,394.006359549363,10.7796675252587,0.0782170097042139,3680.44534121109,2.74893195620254,2.42003354777703e-68,0.997269717032782,8.95832357158574,370.83128955227,0.998349359791453,7.10339221124832,394.091173693788,TRUE,10.8017741844865,0.0847334603795054,8.8118601213081,NA,299.776016899395,-0.884173299633341,2.31224096607209e-32,0.934001283134658,3.7437206211463,187.864157284836,-0.913692946175529,0.0115971925150554,18009.5192651157,0.407582611856755,8.91694465150708e-56,0.991692211438608,1.32824565225282,160.909170422071,0.995316934306279,1.01699186793236,187.878001062384,TRUE,-0.914412214484516,0.0125676884708367,1.33244599357452,0.0215593220338983,0.273983050847458,20.4898305084746,NA
"98",1,"May","GCW","UP","4","1-May-GCW-UP-4",2025-05-14 14:30:28,2025-05-14 14:30:01,2025-05-14 14:30:54,531.982061700699,7.06271888949602,3.46771204317405e-30,0.919996863635722,32.141110311029,315.322689267474,7.14938937313763,0.0377480808762413,3742.77399635159,1.32665396182267,1.65360497938509e-75,0.998552474947353,4.32335017631771,315.753381900199,0.998645060297604,4.26563825735853,315.374893008584,TRUE,7.15233347732993,0.0367064401035852,4.01349952245106,NA,NA,NA,NA,NA,NA,177.71205610498,-0.903753785271713,0.0105567145467744,17990.3918020482,0.371015078176442,1.22594930515588e-57,0.992954851626006,1.20907798854111,170.224213540777,0.994304927195452,1.10860173179508,177.726084099765,TRUE,-0.903286653191146,0.010982757188348,1.36860991071494,0.03,0.379542372881356,20.4,NA
"99",1,"May","GCW","UP","5a","1-May-GCW-UP-5a",2025-05-14 14:13:58,2025-05-14 14:13:31,2025-05-14 14:14:24,606.057047766449,13.7095294190342,1.13230307912499e-29,0.916277791247704,63.8167315776196,421.250100746018,13.8674377562028,0.100659547119715,3802.46732278611,3.53767354211896,2.46757133156662e-68,0.997267673595608,11.5287045244726,387.978471170127,0.998629825578668,8.32566278362408,421.499591325158,TRUE,13.916830523996,0.102282647413176,11.0058516850345,NA,438.971655355161,-3.1103052181515,1.86575630640546e-30,0.921878601691143,13.58448645259,257.077149700019,-3.05597124800589,0.0220127996210986,18016.8677549175,0.773638477778076,1.65740613565699e-68,0.997309176625494,2.52116237207234,222.658964499041,0.998678986348288,1.80147626045711,257.0935929902,TRUE,-3.05540920367375,0.0233264425700926,2.94767937854989,0.01,0.272,20.2,NA
"100",1,"May","GWI","TR","1","1-May-GWI-TR-1",2025-05-20 15:03:00,2025-05-20 15:02:03,2025-05-20 15:03:56,1394.80244890499,13.5018138612056,2.4136244843415e-60,0.909820038330022,107.894086601954,1021.02915556126,10.8034541297005,0.0596052062068204,3937.63395214819,4.15750764075664,4.20085736461535e-140,0.996602315573924,20.9427707784914,799.964545775083,0.999528179571835,7.87487481290712,1022.63049934951,TRUE,10.7498625797786,0.0567119297442839,20.4853565321726,NA,425.621135944144,0.144894530638059,7.37600944849099e-27,0.643755404474045,1.53780309164462,371.949135611776,0.0684294573172977,0.00345872744155206,17639.7888664386,0.241248821716213,2.38543081836654e-38,0.777525933322259,1.21525183123037,370.030302485933,0.788781962770723,1.19482625577672,372.09843765917,TRUE,0.0696175187412561,0.00344054794477026,1.18281211721932,0.120563025210084,0.328941176470588,24.8378151260504,"low r2, but also low flux - checked"
"101",1,"May","GWI","TR","2","1-May-GWI-TR-2",2025-05-20 15:10:07,2025-05-20 15:09:10,2025-05-20 15:11:03,1374.04593029176,11.2263735766069,6.25958379515652e-58,0.900419231557721,98.5055315030932,1010.35223301138,9.38296497504282,0.0568783237454937,4019.92601412964,3.96730555288744,1.53288364844099e-135,0.995901285172607,19.9846585939735,923.412293097957,0.99815412264308,13.5327784527388,1010.40144934403,TRUE,9.37360080928948,0.0632995712187698,19.9970528477477,NA,750.382685607434,-0.506034817866787,1.45179868922791e-46,0.841192941649611,6.39008516226412,427.235997363131,-0.480723835124302,0.00440784966269758,17502.1282026372,0.307450805360603,1.54069933626277e-115,0.99067154017471,1.54873359202242,387.705259759123,0.993632408178638,1.29113609499349,427.271417887756,TRUE,-0.480664806946944,0.00458418810244092,1.71966353404271,0.003,0,24.6739495798319,NA
"102",1,"May","GWI","TR","3","1-May-GWI-TR-3",2025-05-20 15:16:54,2025-05-20 15:15:57,2025-05-20 15:17:50,1202.2866012242,4.33662925527226,5.887343187197e-56,0.892011223044891,46.3760106344103,735.922511351364,4.24688616407833,0.0170691917230688,3947.31650585076,1.19058886842804,1.79034086344991e-155,0.998194000396259,5.99739842170777,694.840414689056,0.998783889991077,4.96595952899485,736.223833616662,TRUE,4.24007777397751,0.0178274839087537,6.33503277451492,NA,427.471711729472,1.39313542965513,7.26731121630935e-98,0.980708213590283,1.55033555486264,673.387783016863,0.306881943684644,0.0129746838242638,17528.015729608,0.904993885074517,2.28686587540861e-45,0.833192917381145,4.55875999006045,363.788251932131,0.989345686101032,1.1625587181587,676.712092194127,TRUE,0.286972136380105,0.0121304523430507,4.43698702754377,0.018,0.111991596638655,25.8512605042017,"low r2, but also low flux - checked"
"103",1,"May","GWI","TR","4","1-May-GWI-TR-4",2025-05-20 15:24:20,2025-05-20 15:23:23,2025-05-20 15:25:16,NA,NA,NA,NA,NA,880.046795498303,6.51959205393565,0.0334533099671128,4295.47250208422,2.34276340565092,1.439728780749e-142,0.997085977284134,11.6750486712561,864.786001911195,0.997542646390496,10.8191788811068,880.339580851662,TRUE,6.53741770100241,0.0373666292022063,11.1227117602882,NA,NA,NA,NA,NA,NA,500.939208646755,-0.0663372039067198,0.006250637983505,17539.5266046609,0.437737429991924,1.37946183887327e-18,0.50365105918084,2.18144341338913,364.331840542929,0.856982614895885,1.18166142731396,501.391995938289,TRUE,-0.0703448797800756,0.00633495200406568,2.32593014755605,0.044,0.253033898305085,26.1228813559322,"low r2, but also low flux - checked"
"104",1,"May","GWI","TR","5","1-May-GWI-TR-5",2025-05-20 15:31:08,2025-05-20 15:30:11,2025-05-20 15:32:04,1074.94368139909,2.94476311001607,4.16234878165007e-55,0.888177178595378,26.529590566092,734.007356001804,2.38287184980144,0.0169264143458394,3939.62582158166,1.18063003975293,7.256340711572e-128,0.994380480590557,5.9472324366545,720.566021671552,0.995177695214101,5.55911068654744,735.776645704324,TRUE,2.36480170474248,0.0130836130422909,4.30376069361254,NA,541.947574906611,-0.289663030493507,1.53176775617894e-57,0.898816701428218,2.56141160239351,384.878920160185,-0.239426562125377,0.00366053865950213,17592.1664404297,0.255325304862778,4.56364839155222e-91,0.974488266278157,1.28615983318227,347.605746212678,0.982237435817637,1.08290523856018,384.976199789407,TRUE,-0.24023246356021,0.00340722517270171,1.09805705197043,0.159,0.39563025210084,26.0243697478992,NA
"105",1,"May","GWI","UP","1","1-May-GWI-UP-1",2025-05-20 15:39:27,2025-05-20 15:39:00,2025-05-20 15:39:53,455.171190305881,2.97916417243335,1.65117749814148e-28,0.907205197850575,15.7828535691966,317.023771244706,3.25037770483008,0.0383473488764666,3919.93219781851,1.34771519853293,2.04970651714627e-57,0.992814212702155,4.39198533217981,320.554468132943,0.992876392343928,4.45954312269743,317.461539939058,TRUE,3.27167563082019,0.037594969837432,4.23529269861358,NA,282.673910556313,-1.42470586973776,2.54993750581871e-40,0.967359306405463,3.1954473666901,260.896441734557,-1.10138760627195,0.022805184495653,17705.4723141193,0.801486795062403,7.08648757560058e-45,0.978192077525416,2.61191552316227,164.001477843509,0.996633586067526,1.04653174513973,261.03413871626,TRUE,-1.09632522522335,0.0241069552689866,3.02697297574747,0.002,0.041,25.8,NA
"106",1,"May","GWI","UP","2","1-May-GWI-UP-2",2025-05-20 15:42:54,2025-05-20 15:42:27,2025-05-20 15:43:20,503.659334024544,5.84625475174651,1.54040261879281e-31,0.929014521364265,24.7268185857204,357.537532202595,5.82944756154676,0.0558021730407986,3940.62829981701,1.96116391150058,4.15421473772883e-62,0.995257729464866,6.39111523168037,343.290016581734,0.996617554120034,5.50447093570113,357.968092867531,TRUE,5.81122934698155,0.0385515226670983,3.01007454775264,NA,287.62426342303,-2.45980786758254,9.74976130346523e-45,0.977922930363016,3.34532450060265,311.03200048639,-1.39321958804911,0.0362778019199999,17637.1455439779,1.27498109907033,7.69551497176968e-40,0.965943663503137,4.15495669412871,165.280095025999,0.997872744450061,1.05899531752775,311.044684444902,TRUE,-1.38958964697874,0.0377669406712995,5.22386425984571,0.00210169491525424,0.0115593220338983,25.5474576271186,NA
"107",1,"May","GWI","UP","3","1-May-GWI-UP-3",2025-05-20 15:46:48,2025-05-20 15:46:21,2025-05-20 15:47:14,479.435736465283,6.13082963379552,2.35252408343354e-34,0.944666005773499,19.7587386606083,377.989795761169,5.26617824874296,0.067436446615707,3978.00249346491,2.37004973490666,1.40795963666361e-55,0.991544992140555,7.72360783908779,325.745631463274,0.997016192069538,4.67913212361328,378.007121789522,TRUE,5.27486586172362,0.0720703994914604,7.57593788711419,NA,270.075787807846,-1.05805042735936,1.95907359167105e-36,0.953964748075642,2.84361978902119,216.611997254608,-0.827286792458675,0.0151340435770074,17731.5801702709,0.531885023126318,1.27725633890159e-47,0.982895574114259,1.7333270579124,169.555073480788,0.993355172945983,1.10175435645174,216.628048316741,TRUE,-0.825569534676512,0.0165155719528078,2.01175525140661,0.000847457627118644,0,25.2576271186441,NA
"108",1,"May","GWI","UP","4","1-May-GWI-UP-4",2025-05-20 15:51:10,2025-05-20 15:50:43,2025-05-20 15:51:36,471.850215499655,4.50230889928092,1.22842481897174e-31,0.929628857895527,18.4185728967604,335.17569507261,4.35928599341871,0.0453658112192397,3918.84325822769,1.59437862238936,3.13323394559582e-60,0.994399960628732,5.19582143994351,321.813255783248,0.995939740146895,4.51182515859795,335.446866393666,TRUE,4.38247866477383,0.0453889890395306,4.22226688358991,NA,298.96427126978,-1.34593324179315,6.98863949694294e-36,0.951659068496516,3.71568768786589,229.580828269572,-1.05689988753942,0.0170649818083387,17813.6152874546,0.599747727538474,2.13033756108201e-50,0.986624829092387,1.95448060927451,175.453539432224,0.995441613167774,1.16360064776411,229.889611842525,TRUE,-1.0557452115476,0.0180668004792549,1.79881914840332,0.00159322033898305,0,24.6203389830508,NA
"109",1,"May","GWI","UP","5","1-May-GWI-UP-5",2025-05-20 15:55:09,2025-05-20 15:54:42,2025-05-20 15:55:35,469.487239477713,4.50791162496756,3.64864647304372e-32,0.932834748297808,18.0199620190895,340.704742278162,4.36425612463579,0.0477487861683498,3974.48279198093,1.67812812921928,4.16751172713146e-59,0.993813961074384,5.46874750471943,326.173418052537,0.995610908333785,4.69770285977567,340.899627582085,TRUE,4.36422487928414,0.0477016247995874,4.94063874073842,NA,294.374292035024,-1.9398814536939,2.29400995800125e-41,0.970245334652758,3.56108033759586,290.7280169893,-1.28160895259279,0.0300603248103452,17783.8322285851,1.05646825156669,3.96026280929383e-42,0.972188146182351,3.44285875075497,178.982790373626,0.996739005521474,1.20225318910487,290.743776579882,TRUE,-1.27868915084095,0.0314854258938706,4.24025259921581,0.000779661016949153,0.00233898305084746,23.8440677966102,NA
"110",1,"May","MSM","TR","1","1-May-MSM-TR-1",2025-05-15 14:15:20,2025-05-15 14:14:23,2025-05-15 14:16:16,NA,NA,NA,NA,NA,785.539294837153,2.22255042506417,0.0212189076904203,3535.78674109449,1.48003465578712,1.35930839402611e-113,0.989894685914837,7.45543465429014,744.290708428691,0.993205292448553,6.16873498823369,785.615077962472,TRUE,2.22034803682716,0.0215533532914716,7.17044129707273,NA,515.989391313233,0.28471845132157,5.65764790065484e-55,0.887563290084488,2.28577887656013,334.521880550793,0.202960538790672,0.00293511343764788,17588.2556591328,0.204726353955843,1.04304915089554e-93,0.977112973652772,1.0312758204416,325.852215617398,0.979520327613991,0.984360825327018,334.653597958409,TRUE,0.20231408566997,0.00298104634460232,0.95402430952164,0.238521008403361,0.574,29,NA
"111",1,"May","MSM","TR","2","1-May-MSM-TR-2",2025-05-15 14:24:00,2025-05-15 14:23:03,2025-05-15 14:24:56,1030.94142953589,2.440043834803,9.75282947912704e-58,0.899628329353095,21.873336911098,711.527129339669,2.07320188118276,0.0153371485512726,3588.36683510059,1.06977756386051,6.68031200131051e-126,0.99390785536656,5.38883105932815,673.370224095431,0.995791093977183,4.51967023728903,711.559470307286,TRUE,2.07589228641132,0.0156840474918663,5.73230848492224,NA,517.162441394985,-1.6558663951772,9.12502524782465e-99,0.981409828834999,2.29756941433964,726.915790510983,-0.476930210125194,0.0164080492668384,17727.6407901029,1.14447368842399,5.3832374905551e-54,0.882953104822914,5.76510067803892,368.461057836648,0.995129740659367,1.18663091767459,727.587251037573,TRUE,-0.465874661598968,0.0165046325803099,6.82731515699074,0.213,0.456,28.318487394958,"low r2, but also low flux - checked"
"112",1,"May","MSM","TR","3","1-May-MSM-TR-3",2025-05-15 14:31:59,2025-05-15 14:31:02,2025-05-15 14:32:55,NA,NA,NA,NA,NA,909.587728003933,3.35037559017373,0.0365603650568175,3473.88976322073,2.55011276272001,3.62986268927728e-107,0.986838716092342,12.8457796506252,889.448050603604,0.989350340430202,11.6598206623599,912.906957923636,TRUE,3.40631983941153,0.0279352298737087,8.10916681981703,NA,NA,NA,NA,NA,NA,470.853535949026,0.0908519367094422,0.00533715083725997,17480.9088040551,0.372270256205237,7.57694544441e-33,0.72123169199787,1.87525106795417,352.877933520296,0.904376407342074,1.10823769746114,471.180300566595,TRUE,0.0908028567465112,0.00567905242840825,1.75715201387968,0.281806722689076,0.584495798319328,28.2697478991597,"low r2, but also low flux - checked"
"113",1,"May","MSM","TR","4","1-May-MSM-TR-4",2025-05-15 14:38:45,2025-05-15 14:37:48,2025-05-15 14:39:41,NA,NA,NA,NA,NA,777.147757497914,2.1187674263512,0.020452142977122,3477.07610963413,1.42655224448334,4.61014598700835e-113,0.989671902517464,7.18602567722995,764.946990456404,0.991040126571774,6.75370686186939,777.379875304322,TRUE,2.12503126471709,0.0218130596105793,5.72034565159827,NA,548.770745555672,1.05804346136856,3.68581337444938e-89,0.972407607753257,2.63922338297327,612.388238300386,0.466886018282524,0.00992898440989228,17601.4818897572,0.692554076666497,1.39029909691842e-75,0.951788948767259,3.48862889322232,351.150999431835,0.995293493903934,1.09987531281582,614.910980941522,TRUE,0.454016256005623,0.00923592582061461,3.60918768105212,0.312495798319328,0.658436974789916,28.1941176470588,NA
"114",1,"May","MSM","TR","5","1-May-MSM-TR-5",2025-05-15 14:46:06,2025-05-15 14:45:09,2025-05-15 14:47:02,1061.30720091608,2.06968109137927,2.26794960149977e-52,0.874877472234276,24.9893968834553,654.787689362943,2.12411308216308,0.0119582414594853,3597.84943048694,0.834096271143073,3.99938136290364e-139,0.996462809203975,4.20162475289273,636.416625239842,0.997093076088277,3.84341712373577,654.804289745615,TRUE,2.12501712191988,0.0124264938173526,4.11827779949575,NA,549.95913954069,0.256813047633971,1.73548095762267e-48,0.853244728090751,2.65301559949828,346.871294116931,0.206000572319036,0.00309847544035351,17603.6796255542,0.216120975628677,7.66769631224887e-92,0.975287874003272,1.08867437996856,350.387044745399,0.975392623574066,1.09619615159356,347.110512425056,TRUE,0.204554430584322,0.00294918291673206,1.09097635160141,0.217252100840336,0.529210084033613,27.3638655462185,NA
"115",1,"May","MSM","UP","1","1-May-MSM-UP-1",2025-05-15 15:14:07,2025-05-15 15:13:40,2025-05-15 15:14:33,NA,NA,NA,NA,NA,331.692231044751,3.54278413317857,0.047014375027624,3579.55961184927,1.66501687283304,5.74246491435032e-54,0.991098586304518,5.32739739132383,288.363050635247,0.996355545481181,3.477674384053,331.950407714538,TRUE,3.56123628385223,0.0453410390079674,6.2666350032551,NA,176.533435875172,-0.562848345994487,2.04254832375697e-21,0.832295032471179,1.23256899616807,211.563239442779,-0.155869736242676,0.015137286927803,17800.7275684154,0.53608791202474,4.70920936372564e-14,0.67522066585424,1.71526991145826,156.694237287651,0.893044796262128,1.0042140276048,211.626825491565,TRUE,-0.154072459005509,0.017069025280949,1.75375008621369,0.00506896551724138,0.0878620689655172,24.8,"low r2, but also low flux - checked"
"116",1,"May","MSM","UP","2","1-May-MSM-UP-2",2025-05-15 15:10:41,2025-05-15 15:10:14,2025-05-15 15:11:07,NA,NA,NA,NA,NA,410.769955944283,3.16999755721898,0.0913506706586731,3564.51728165053,3.21051365609329,1.2340944403798e-37,0.958604929487655,10.4625434970786,309.408168983527,0.994117289641595,4.0222435675142,413.159383647861,TRUE,3.2867680833953,0.0803836007157245,9.61060599883374,NA,261.124906174929,-1.88216789400164,1.97033327503585e-44,0.977317641511494,2.61744664749695,284.857736862445,-1.07480137357516,0.0284700239933357,17770.4109454215,1.00057722795963,1.81919963072276e-39,0.964798653742318,3.26071896621447,168.306248738384,0.99622405998398,1.08908793250491,284.933726933268,TRUE,-1.06830068652081,0.0289812676039513,4.06426428472175,0.0414915254237288,0.443389830508475,24.8,NA
"117",1,"May","MSM","UP","3","1-May-MSM-UP-3",2025-05-15 15:06:54,2025-05-15 15:06:27,2025-05-15 15:07:20,404.535374626273,1.54586065028556,1.87590107413813e-26,0.888720999900654,9.87566833941172,294.91250618155,1.85028741186049,0.0312478776903003,3591.22805620355,1.0982047238984,2.13309017753654e-49,0.985385890841619,3.57887114751159,284.388324659432,0.988832350979302,3.19049036078858,295.321201243156,TRUE,1.86695619661113,0.0318616850519431,3.69762377643642,NA,NA,NA,NA,NA,NA,180.738551175977,0.155272598436673,0.010856730496391,17785.3752724102,0.381559120123202,1.16625897374183e-19,0.797307505054658,1.24343931178097,180.73170235502,0.811803030729676,1.22188052172867,180.774750170788,TRUE,0.154231249582939,0.0104810875980148,1.2406783761183,0.0480169491525424,0.426067796610169,25.3966101694915,"low r2, but also low flux - checked"
"118",1,"May","MSM","UP","4","1-May-MSM-UP-4",2025-05-15 15:03:17,2025-05-15 15:02:50,2025-05-15 15:03:43,NA,NA,NA,NA,NA,329.403345622653,1.94339287470706,0.043004771920017,3584.58658864504,1.51140004261461,2.07483502549066e-43,0.97516893834575,4.92540770145298,284.369741882055,0.989985183397955,3.18994144345758,329.458527708752,TRUE,1.95207663920876,0.0446501264566046,6.01798520761788,NA,205.426398789515,-1.08217100672742,6.41874504558327e-40,0.966180311347321,1.56278949195648,228.926814240588,-0.52087841838365,0.0169619539133466,17724.3044626153,0.596126818557231,5.31522751838635e-35,0.947739751448383,1.94268065394857,170.098334739133,0.983674216710335,1.10731035991046,228.940638956477,TRUE,-0.521365501986707,0.0180201540379256,2.17980731106866,0.0364067796610169,0.423474576271186,26.2186440677966,NA
"119",1,"May","MSM","UP","5","1-May-MSM-UP-5",2025-05-15 14:57:49,2025-05-15 14:57:22,2025-05-15 14:58:15,NA,NA,NA,NA,NA,362.991893424158,4.21407075422883,0.0586927468787268,3592.54000942133,2.0627529498043,1.06807474526766e-53,0.990013582441781,6.72217743727535,326.543385981786,0.995278250010131,4.71382304192322,363.822963573823,TRUE,4.26129976434202,0.0571445483805398,4.96035838559395,NA,233.206984481791,-0.529845836000662,1.51305560075211e-30,0.922504684432853,2.02121740499707,193.306999551817,-0.44860194607607,0.0121966305834876,17783.6379969102,0.428649825603598,6.72384309481431e-39,0.962984791067206,1.39690028630811,183.484005534583,0.971344439453147,1.25341944431352,193.319718891833,TRUE,-0.449946659420136,0.0125751386993949,1.55107978034287,0.032271186440678,0.328406779661017,27,NA
"120",1,"May","SWH","SWAMP","1a","1-May-SWH-SWAMP-1a",2025-05-21 10:09:37,2025-05-21 10:08:40,2025-05-21 10:10:33,976.338408771109,1.72977056364618,1.67160733893769e-52,0.875556447081173,17.2150064119502,707.251934770761,1.46121634337099,0.0150522433826994,3973.11310304727,1.04990521561085,6.18106128784349e-110,0.988254801060313,5.28872732647077,704.191101691787,0.988960194488954,5.17385636539071,707.299540987726,TRUE,1.45971771165977,0.0147546473902763,5.10948835857577,NA,1652.95061322316,69.8460459649903,1.78066923738849e-75,0.951575522387827,334.748283617195,1638.92712301408,44.8272282946412,0.895893663979119,19339.0094556762,62.489252035713,1.8096435527821e-78,0.957180553808931,314.779477173766,1438.82499230564,0.992853499602114,129.761323529106,1638.92756480048,TRUE,44.8115752443485,0.918751336787247,415.674501331206,0.031,0.707,15.7,NA
"121",1,"May","SWH","SWAMP","2","1-May-SWH-SWAMP-2",2025-05-21 10:16:43,2025-05-21 10:15:46,2025-05-21 10:17:39,1107.71340839737,8.87454088910172,2.45770329949082e-82,0.963473228777742,30.6302354574027,1080.57633067551,4.7572996522211,0.0773944245215891,4150.12864908218,5.39831890160713,3.97616009545041e-88,0.97121078296681,27.1931563606171,798.007462499178,0.997669136250279,7.80756854279635,1090.76705086249,TRUE,4.54433440973119,0.0547795330153691,21.1166551760402,NA,1716.55901814417,136.626917263973,2.38618154532633e-83,0.964962671297253,442.465762826317,1702.4431738221,70.0881870691964,1.18370058307669,20154.3062611057,82.5639995512055,2.31933157169157e-86,0.969043257347549,415.902763522443,1424.84839528442,0.997381867714566,122.045744089588,1712.80964727717,TRUE,66.8092610033387,0.887704792510326,306.71903999539,0.025,0.598495798319328,15.7705882352941,NA
"122",1,"May","SWH","SWAMP","3a","1-May-SWH-SWAMP-3a",2025-05-21 10:30:19,2025-05-21 10:29:27,2025-05-21 10:31:10,977.724213455811,2.87172610141431,6.38816368446826e-53,0.900511104013289,26.1153048699995,632.035863520899,2.7263976521286,0.0161872970224049,4255.18730666531,1.03567080303231,1.45256839322267e-126,0.996417289638698,4.95579854936475,603.01861636918,0.997391837193747,4.27046561067462,632.035997359782,TRUE,2.72625637653371,0.0162010636452991,4.55875052914509,NA,NA,NA,NA,NA,NA,925.761019222645,5.44736070433442,0.0664444972846281,18701.5748991901,4.25114988404812,6.37714330104262e-95,0.985051253664458,20.3422191364417,912.841198985429,0.98729574648334,18.9395913368619,925.896879869211,TRUE,5.43054698764207,0.0676280621509616,24.3329620259051,0.033,0.674,15.6,NA
"123",1,"May","SWH","SWAMP","4a","1-May-SWH-SWAMP-4a",2025-05-21 10:51:58,2025-05-21 10:51:04,2025-05-21 10:52:51,1155.85803706217,8.77872027352133,2.68424495070535e-64,0.93374106069288,50.090149477933,951.928090411469,6.15273479866424,0.0601450340836868,4369.33320534283,3.98692474259553,8.98659218738053e-108,0.989972511799618,19.4861556775137,665.504501947908,0.999318716771663,5.12778963192025,956.112924690666,TRUE,6.0508274859653,0.0560016231791206,17.9827521108342,NA,379.196614089064,-0.404732661388638,3.74962167709907e-75,0.958643668348559,1.37460942409776,451.480830847177,-0.205943698253551,0.00592910586007863,18287.5923929502,0.39303159795577,9.7402203050279e-60,0.919236604536672,1.92094794820788,343.123355517461,0.97146370337857,1.15277189750963,454.698887299748,TRUE,-0.196795372804038,0.00555221607231423,1.70191479949923,0.017,0.445026548672566,15.1150442477876,NA
"124",1,"May","SWH","SWAMP","5","1-May-SWH-SWAMP-5",2025-05-21 10:37:54,2025-05-21 10:36:58,2025-05-21 10:38:49,1255.96893099952,9.2875948934799,4.70394208051303e-62,0.919649558875171,64.7341680310109,957.774916559534,6.98064881277167,0.0499771569969666,4310.05328150065,3.42826540400035,1.14838806779458e-125,0.994393363279395,17.0997848705327,671.051845167187,0.999581797989358,4.7132118527976,958.50175665685,TRUE,6.94758322247418,0.0485057465421642,19.7177666645654,NA,1530.19385045154,29.6231401041653,3.83098327632665e-59,0.909245382056762,220.193686434867,1148.22391974669,22.3715412554462,0.116954480694498,23208.4640031543,8.02268524462308,1.26211346496866e-140,0.997002695009529,40.0162109990004,1019.48464122961,0.999083743178881,22.3287068102555,1154.75965697649,TRUE,22.1688737376117,0.0829777573826755,22.2741296870531,0.016,0.465222222222222,15.4196581196581,NA
"125",1,"May","SWH","TR","1","1-May-SWH-TR-1",2025-05-21 12:15:52,2025-05-21 12:14:58,2025-05-21 12:16:45,1410.6090064792,17.8819472357758,1.73866093226231e-55,0.902868033001366,162.914741835654,1097.51926034172,16.5668897590211,0.118012679756863,5247.29187920798,7.82288479890074,3.10483064672331e-122,0.994650027570649,38.2344691410947,1011.65124870818,0.997672068305302,25.4624783265517,1097.53885499734,TRUE,16.5686938226353,0.122922437170297,46.4713185077087,NA,2287.55900497026,1387.42072400284,5.89111103926161e-61,0.923397215166417,9444.43260417658,2078.27808525075,1078.37829633233,11.0627865253672,144903.789170653,733.335644280594,1.42031344076285e-105,0.98896748151222,3584.18918111271,1873.40704531558,0.998405028245336,1375.83500182693,2078.27808525075,TRUE,1078.37829633233,11.0627865253672,4960.66393461773,0.082,0.615672566371681,16.6796460176991,NA
"126",1,"May","SWH","TR","10","1-May-SWH-TR-10",2025-05-21 12:52:40,2025-05-21 12:51:51,2025-05-21 12:53:29,NA,NA,NA,NA,NA,581.505935669657,0.411425481031904,0.0157279814469612,4139.17766199065,0.960909733123411,9.83551414550541e-46,0.875845405560399,4.47211538558801,584.383229752622,0.877245422818568,4.49339413769911,581.683315900351,TRUE,0.415252065544236,0.0158637277397744,3.84394678506041,"low r2, but also low flux - checked",NA,NA,NA,NA,NA,564.942142027513,6.02030506207425,0.0144657800014924,36836.1815921389,0.883794837089009,1.52881820598636e-159,0.999440274239091,4.11321932997987,392.859305210799,0.99990547801643,1.70798754069096,567.787787677147,TRUE,6.03828633101079,0.01317152217937,3.81147091346458,0.05,0.745,17.6134615384615,NA
"127",1,"May","SWH","TR","2","1-May-SWH-TR-2",2025-05-21 12:05:00,2025-05-21 12:04:07,2025-05-21 12:05:53,NA,NA,NA,NA,NA,974.941849901405,9.40084038024244,0.0707583385342216,4351.9127402591,4.64963589914622,8.18342272661321e-119,0.994086624934746,22.6070400112315,702.064213861542,0.999555330830607,6.2592246179815,977.21089143346,TRUE,9.47858602576622,0.0706770444951998,20.8734683649321,NA,NA,NA,NA,NA,NA,1517.42905880149,82.1749255415445,0.892706041824011,32111.2576681679,58.6610446971162,3.17202579011153e-102,0.987760066086524,285.216437014317,1189.94791427738,0.999447471765582,61.1840595225227,1520.08591477709,TRUE,82.9278381342025,0.820337626082031,252.68565474468,0.054,0.508,16.6,NA
"128",1,"May","SWH","TR","3","1-May-SWH-TR-3",2025-05-21 12:25:01,2025-05-21 12:24:08,2025-05-21 12:25:54,935.557302216385,1.96326333753083,8.38197435007646e-49,0.872696842323414,18.8068547969625,623.841694020978,1.68468573848507,0.0137167190129105,4219.80466501619,0.901346052805982,2.9707190277747e-115,0.993087431149268,4.38244342605237,624.488689354503,0.993300687997624,4.35599851225167,623.88994669102,TRUE,1.68199743925253,0.0152537011833422,5.04729646336313,NA,NA,NA,NA,NA,NA,651.060861893084,5.98848355669905,0.0155771925420759,26936.0664490076,1.02360054167354,3.80016430022007e-167,0.999290053672302,4.97685816762149,607.785486181105,0.999543602823663,4.02893274061215,653.093393076294,TRUE,5.9777605306311,0.0131216642239299,3.76526348363761,0.035,0.439767857142857,17,NA
"129",1,"May","SWH","TR","4","1-May-SWH-TR-4",2025-05-21 12:41:11,2025-05-21 12:40:17,2025-05-21 12:42:05,1261.27546396616,9.2173049659027,6.94101509143008e-58,0.910451157062544,77.3596495332199,917.377908270071,8.12484086558917,0.0486271717278904,4217.97347894444,3.25148193645059,3.28141861902412e-131,0.996181870050205,15.9738593803339,716.841074553718,0.999415339505896,6.31006187947256,917.381015134864,TRUE,8.12397108374654,0.0506689911217729,20.0462309977554,NA,1420.25668870898,17.6705817126568,1.31286413224038e-56,0.905397371968984,160.41063463172,1029.13780371275,16.4011354728363,0.0811940959512043,27807.4521583682,5.42908680375416,5.31596283660952e-140,0.997384543623674,26.6719824565488,831.473688478574,0.999588806302798,10.6758391148495,1029.14271553024,TRUE,16.3954975228526,0.0884725629089738,32.3567705828103,0.023,0.373035087719298,16.8964912280702,NA
"130",1,"May","SWH","TR","5","1-May-SWH-TR-5",2025-05-21 12:32:46,2025-05-21 12:31:53,2025-05-21 12:33:38,NA,NA,NA,NA,NA,872.926012174258,5.62252666354296,0.04629128299509,4114.99779808389,3.01515847411855,6.91836529381379e-114,0.992999680913063,14.5830399557343,740.942965229791,0.998059206716673,7.75345680149029,872.969450598846,TRUE,5.63185854933846,0.0509406093880408,16.3775073614189,NA,NA,NA,NA,NA,NA,866.69099511018,5.04138898179003,0.0449496607346561,19485.4411230928,2.92777261082238,2.58373587413696e-110,0.991800074690701,14.1603916780556,633.277022733334,0.999126833841496,4.66589916835961,866.719664261998,TRUE,5.04787032084384,0.0459938699108719,18.4687051829411,0.028,0.414,17,NA
"131",1,"May","SWH","TR","6a","1-May-SWH-TR-6a",2025-05-21 13:45:56,2025-05-21 13:45:23,2025-05-21 13:46:28,476.113393400971,1.64979117282396,5.64049800043621e-31,0.878321024393215,8.65305465275087,383.158739184485,1.26303981813546,0.0276479548609918,4152.45332492393,1.16291342941422,1.43623023007741e-50,0.970245440599668,4.27896206398361,383.175194309436,0.971988205969275,4.21819136911241,383.341398378159,TRUE,1.26034949627881,0.0317518552374258,4.08001764564796,NA,1258.6808126541,562.313967222414,2.15561144496095e-35,0.911406177042681,3250.14032917449,915.670046643574,564.29798043386,1.56200937397828,298313.74238617,65.7003994329101,1.22295850707781e-107,0.999509863169762,241.745868309048,902.755400686386,0.99962067169015,216.073825785882,917.620929262882,TRUE,562.561703342565,1.52906728923013,213.520253640729,0.079,0.724816901408451,17.8,NA
"132",1,"May","SWH","TR","8a","1-May-SWH-TR-8a",2025-05-21 13:15:07,2025-05-21 13:14:10,2025-05-21 13:16:03,NA,NA,NA,NA,NA,688.097847567972,0.384653327918752,0.0138393763486631,4082.45821590174,0.965306834326319,4.42563636224422e-52,0.87337668787983,4.86257669475456,690.893917431879,0.874706893796474,4.88074239754067,688.230984438202,TRUE,0.38164456756045,0.0135278801747603,4.2355674506503,"low r2, but also low flux - checked",NA,NA,NA,NA,NA,1562.06314774723,127.361670656289,0.639507934824317,24079.3770131113,44.6061559812599,1.13500716901623e-144,0.997184161290868,224.696279777647,1530.4612268694,0.997939471283205,193.951882437963,1562.44460054175,TRUE,127.73926218912,0.708706297678647,216.496863466549,0.046,0.737,17.9403361344538,NA
"133",1,"May","SWH","TR","9","1-May-SWH-TR-9",2025-05-21 13:00:03,2025-05-21 12:59:12,2025-05-21 13:00:54,NA,NA,NA,NA,NA,601.221085106313,0.59265102566909,0.0145625140957295,4108.38326852225,0.923313924669744,1.84272969084874e-64,0.942523763977374,4.39421299008254,603.882611789176,0.94326582917615,4.4096324256417,601.291345217206,TRUE,0.591250817059447,0.015332601294031,4.99709316637443,NA,1274.16817512057,12.3186297572819,2.89460992170914e-51,0.895147038776347,115.240574147723,738.120333001689,11.8496605656038,0.0283041986284864,29273.372601608,1.79458440682049,1.98181041550354e-165,0.999424081419923,8.54074210466479,611.658570187039,0.999837716104928,4.57926592389116,738.188936120395,TRUE,11.844001082599,0.0290346593917378,10.2237559153181,0.048,0.686444444444445,17.6,NA
"134",1,"May","SWH","UP","1","1-May-SWH-UP-1",2025-05-21 10:59:31,2025-05-21 10:59:04,2025-05-21 10:59:57,597.795933347274,13.5865705731443,4.26225176044961e-31,0.92618489620571,59.1173000266924,414.959671490953,13.6827968479737,0.0949641343258436,4263.04329513116,3.33750861262288,2.41112002105116e-69,0.997501459733148,10.8763994712087,358.988882143696,0.999177053021474,6.36567659549615,414.996611782784,TRUE,13.6949881265743,0.101588540759805,13.0654612563169,NA,234.379284035459,-0.769144327805472,3.23772968823412e-32,0.933142293290207,2.04327646782095,194.710903381934,-0.489496032059192,0.0123562108741695,18344.3695662944,0.434258265024824,1.61344571069425e-40,0.967928527148765,1.41517728110735,184.357058603946,0.975414545232515,1.26359293234281,194.756051817924,TRUE,-0.489288344747089,0.0114351528405188,1.4812149295876,0.01,0.196135593220339,15,NA
"135",1,"May","SWH","UP","2","1-May-SWH-UP-2",2025-05-21 11:03:42,2025-05-21 11:03:19,2025-05-21 11:04:04,385.155387287551,5.48200407399493,1.88330479492175e-29,0.9455863861261,15.2494213447666,287.400323928125,4.80028250826778,0.0585258994031317,4278.27567400706,1.7871973702229,9.12742127441637e-50,0.993501935881901,5.26976896119892,263.087783430864,0.9964886018421,3.96498282579099,287.544561756049,TRUE,4.79353592049784,0.0645987121021867,4.76490117833851,NA,155.658361129047,-0.450355171577885,1.66435535191413e-26,0.925965518374166,1.25861091536927,151.229542121591,-0.329111108495789,0.0133211392076462,18239.7137997789,0.406785802577595,1.99452475467451e-27,0.93276107785018,1.19945744773138,139.526764059346,0.95220660079421,1.03504713344302,151.431031450756,TRUE,-0.333999291568072,0.0133833474039263,1.39617601154148,0.0326666666666667,0.459254901960784,14.9,NA
"136",1,"May","SWH","UP","3","1-May-SWH-UP-3",2025-05-21 11:07:54,2025-05-21 11:07:27,2025-05-21 11:08:20,564.423709773622,11.8367437340981,9.3436429828956e-33,0.936258893550835,43.4026950063123,405.29205541969,10.8057547914089,0.0868327906923911,4311.52997379197,3.05173304480982,4.81145186854837e-66,0.996653392388107,9.94510322739058,360.501247880123,0.998644170144113,6.45544468658673,405.377427819332,TRUE,10.7819383398311,0.0863381146557408,11.9507219305314,NA,326.045262717288,-1.60822385397234,1.97149717619554e-34,0.945040377358672,4.77461667385644,225.382059184929,-1.27683465702909,0.016414269119656,19182.576743339,0.576878470442214,1.72037380276143e-55,0.991479582149855,1.87995340810177,184.13371383211,0.996314032427491,1.2609825132413,226.067225309236,TRUE,-1.26427225584762,0.0158798569397307,1.52641753676119,0.01,0.229338983050847,15.1084745762712,NA
"137",1,"May","SWH","UP","4","1-May-SWH-UP-4",2025-05-21 11:11:42,2025-05-21 11:11:15,2025-05-21 11:12:08,457.068520840468,6.42450271880895,2.42898938060629e-36,0.953582830893938,16.0625746311069,379.954065844023,4.66790081073893,0.0686741811730115,4226.07431790447,2.41354983917729,1.78993173718171e-52,0.988870224974613,7.86536762640256,316.396801121519,0.996814645792755,4.29112701181453,380.062157038762,TRUE,4.64785505438309,0.0680636369968674,10.1393998467319,NA,241.011564339486,-3.50878973085599,1.46472020177352e-58,0.993507596982155,2.17268696421082,374.355175081966,-1.63132670437616,0.0652047114328693,22064.1123781266,2.29161554028475,1.1583483430249e-30,0.923295616978783,7.46800351504681,220.068154247552,0.995909293370529,1.75877490444405,376.353296265499,TRUE,-1.55424731518462,0.0578906355763628,7.45714628568672,0.0179661016949153,0.434779661016949,15.2,NA
"138",1,"May","SWH","UP","5","1-May-SWH-UP-5",2025-05-21 11:15:50,2025-05-21 11:15:23,2025-05-21 11:16:16,608.339861845295,25.9596227778527,8.23604269283317e-37,0.955472440778608,65.1799935073767,515.615493608386,19.3701341846761,0.241168929409171,4364.87767854878,8.4758670703862,3.30197955824961e-56,0.992003608515256,27.621476622928,398.275178718884,0.99915469053915,9.15850111036402,516.729954568705,TRUE,19.154549315273,0.207794622077443,28.8175288459615,NA,418.782609591138,-5.65904935631368,8.08927707300936e-39,0.962720836170339,11.2682927542243,359.005833525916,-3.6518142045882,0.0565660054663706,22017.1797230268,1.98800875473582,2.52903685362255e-51,0.98767712580971,6.47859822353367,240.048346096306,0.99873576560501,2.11619415621693,359.926864684477,TRUE,-3.60976875392817,0.0497688663618616,6.52684255267599,0.014,0.332338983050847,15,NA
"139",1,"Nov","GCW","TR","1","1-Nov-GCW-TR-1",2025-11-12 13:36:05,2025-11-12 13:35:09,2025-11-12 13:37:01,960.622531332268,2.33811341180691,2.11022791384603e-65,0.928451871943529,16.6762204072646,765.583457871785,1.88220444172743,0.0202903430657707,4053.77371858597,1.4035579909509,5.1125556578956e-107,0.987264914231451,7.03557222606953,563.943867917194,0.997936215438304,2.85810979820873,765.586296748058,TRUE,1.88120680038143,0.0212725097662627,8.87883580503662,NA,460.527508077049,1.43359079253425,2.77896555670604e-91,0.975539017420559,1.82425911377414,702.079588328817,0.315518412864267,0.015319928368507,18967.6096055543,1.05973604353134,1.02821820046638e-39,0.79258775613181,5.3121064629347,303.460066797432,0.994119135859543,0.90264792699579,705.345590993149,TRUE,0.291979125728739,0.0137848398307162,5.53862876497887,0.210567796610169,0.337508474576271,14.2372881355932,"low r2, but also low flux - checked"
"140",1,"Nov","GCW","TR","2","1-Nov-GCW-TR-2",2025-11-12 13:42:50,2025-11-12 13:41:53,2025-11-12 13:43:46,1131.89496033862,5.21779654252496,9.80751722058621e-68,0.933438451061571,34.0573901186198,930.337342213401,3.95346466366032,0.0400437181708257,4149.28280265863,2.79307924347828,9.5385780513517e-111,0.988640234326443,14.0696839108351,625.374612578429,0.999244308154,3.66171628114059,931.079331549948,TRUE,3.92437477565621,0.040785294688112,16.8899132059894,NA,849.224510119486,2.22363629680299,3.96681348380599e-78,0.95657645979275,9.85781330722755,784.618555246246,1.40721351392931,0.0211333914938636,18992.2372918968,1.47406983722146,6.47758769289462e-92,0.975362176747152,7.4253878477055,494.357779980674,0.998135397447136,2.06121731128731,793.150140911925,TRUE,1.35447419025802,0.0169117661567941,6.47263739414223,0.0724033613445378,0.296336134453782,14.1764705882353,NA
"141",1,"Nov","GCW","TR","3","1-Nov-GCW-TR-3",2025-11-12 13:49:37,2025-11-12 13:48:40,2025-11-12 13:50:33,968.7262794548,3.82534862130013,3.74125397776151e-77,0.954801784227486,16.6497456022291,908.022323294502,2.32737084406887,0.036310208279241,4139.63798711347,2.53266414068937,4.15385983737891e-90,0.973462289252698,12.7578850456927,567.294623283756,0.998710003409417,2.83827130557136,908.678853515258,TRUE,2.30257768140009,0.0368507258605507,15.214951937382,NA,450.943584741013,1.49832533349793,3.33712685397624e-105,0.985732227610014,1.71844223987561,721.421559417069,0.398795817458756,0.0160173821764641,18932.9668648178,1.11722436715517,1.81476269622305e-47,0.8469725789573,5.62783663945777,328.236591871666,0.995304810541208,0.994709080332534,723.460464022517,TRUE,0.379421080376154,0.0150541304146613,6.34483992758974,0.209974789915966,0.325109243697479,13.6168067226891,"low r2, but also low flux - checked"
"142",1,"Nov","GCW","TR","4","1-Nov-GCW-TR-4",2025-11-12 13:56:18,2025-11-12 13:55:21,2025-11-12 13:57:14,1046.78841987354,3.97019882024307,6.93065931025424e-70,0.939068841348732,23.4477079009356,924.947188397982,2.83105067983993,0.0391081461232184,4142.68371839012,2.72782239455624,6.89540877590398e-96,0.979074637333815,13.7409631129938,688.506395749525,0.997460842868752,4.82989994733199,924.947191652715,TRUE,2.83099244206414,0.0394535899024797,18.6483606031272,NA,695.540384866907,2.18419960714531,7.58110386511739e-95,0.978159539179572,5.02392343384837,799.39301515268,0.995737885582982,0.0225481852861336,18858.7935925073,1.57275276067361,1.10307493926195e-72,0.945687617726132,7.92248707738575,302.31237826531,0.99933014361999,0.887801002482613,800.210266063287,TRUE,0.978428778802504,0.0222650940738702,9.63638287454782,0.245857142857143,0.357344537815126,13.3,NA
"143",1,"Nov","GCW","TR","5","1-Nov-GCW-TR-5",2025-11-12 14:03:18,2025-11-12 14:02:21,2025-11-12 14:04:14,995.206775149313,3.03019846440888,5.62373336061817e-68,0.934095816336378,18.7002606476472,832.856939470589,2.17659533950197,0.0261128148820192,4094.2937374222,1.82138833673284,1.26931415789238e-102,0.984135553141231,9.17494848617315,606.062186595531,0.997904975636157,3.36432834891929,832.857855081006,TRUE,2.17668892378023,0.0266290468634674,11.9498557645843,NA,539.387515442892,2.12605971126782,2.94754728246266e-91,0.974686596335794,2.53281208802333,775.795064411835,0.428511848109447,0.0203311624213727,18922.7290898018,1.41811376038238,8.84075531282883e-41,0.798641988768775,7.14351818151019,291.092448158969,0.997231738739705,0.845169671445611,777.483198452679,TRUE,0.406190244313628,0.0193797897821676,8.14027743413395,0.290512605042017,0.430689075630252,13.3504201680672,"low r2, but also low flux - checked"
"144",1,"Nov","GCW","UP","1","1-Nov-GCW-UP-1",2025-11-12 14:13:05,2025-11-12 14:12:33,2025-11-12 14:13:36,564.3778647762,3.15871563913423,2.73769428558864e-34,0.911113976562151,19.2837521631098,364.32142978077,3.4395005094762,0.0273393771710493,4084.05774833978,1.11841111584821,2.16024792464405e-76,0.996098062921258,4.04031228040154,313.712178878067,0.998337697696432,2.68071117961894,364.385702884964,TRUE,3.44530615187137,0.030126630563392,4.24460527115671,NA,NA,NA,NA,NA,NA,219.718835402176,-2.24412214977366,0.00883410926321408,18862.2324508387,0.361389578730373,2.83542121675192e-95,0.999040141585593,1.30553669599939,197.079390684676,0.999366953129212,1.07776393803061,220.762682710305,TRUE,-2.2522811598893,0.0076217927380829,0.823901521949707,0.008,0.104478260869565,13.1,NA
"145",1,"Nov","GCW","UP","2","1-Nov-GCW-UP-2",2025-11-12 14:24:42,2025-11-12 14:24:10,2025-11-12 14:25:13,602.382218149942,5.42147963192733,2.67239425287145e-37,0.928902889485119,25.9500074122848,442.174414956392,5.17028145818292,0.0502270887078718,4111.6729523217,2.05471156040319,5.14155658073505e-71,0.994182912125285,7.42274127335005,357.160429646538,0.998552328721062,3.76414816244215,442.178307741173,TRUE,5.16925669079106,0.0518322016454839,9.6600221669003,NA,NA,NA,NA,NA,NA,253.46647546541,-1.04596295466584,0.0114991568993176,18785.7805623201,0.470412504959998,1.0482760609016e-67,0.992562126595529,1.69938709810023,213.483981874445,0.996258979209223,1.22513290961753,253.601448170519,TRUE,-1.0443494385965,0.0116062714819496,1.67649214518314,0.011,0.188275362318841,14.1,NA
"146",1,"Nov","GCW","UP","3","1-Nov-GCW-UP-3",2025-11-12 14:30:58,2025-11-12 14:30:26,2025-11-12 14:31:29,NA,NA,NA,NA,NA,313.757993924882,2.72868411129723,0.0184174983050125,4025.81275484573,0.75343102008388,8.82983731055731e-81,0.99718342387826,2.7218046742782,313.766279905572,0.997353729012408,2.68184445995423,313.797829945106,TRUE,2.73195597247675,0.0184278495964405,2.21716174577571,NA,NA,NA,NA,NA,NA,246.604814946146,-1.54628622006107,0.010898955912162,18810.2008322238,0.44585922228724,1.28607822245573e-79,0.996929238807988,1.61068722012049,249.766740588587,0.996969188018513,1.6266267439018,247.004338676593,TRUE,-1.54040794510595,0.00961679416001457,1.11216065643022,0.013,0.162507246376812,14.1,NA
"147",1,"Nov","GCW","UP","4","1-Nov-GCW-UP-4",2025-11-12 14:35:17,2025-11-12 14:34:45,2025-11-12 14:35:48,531.040425676634,3.33149525247075,4.52189096915905e-38,0.932858501344209,14.8620969275461,365.778088772994,3.04823885518604,0.0276522804054584,4053.43013592795,1.13121149726724,7.53304741496493e-73,0.99492372208806,4.08655425484927,313.095366459743,0.997906346214389,2.66782431739075,365.863233417887,TRUE,3.04033622834094,0.0262014471890659,3.46872191078731,NA,492.560957058923,-2.21012283215402,2.34619662078919e-36,0.923748463508553,11.0032787104846,299.835145710098,-2.11909652610129,0.0165192927571435,18786.8154596344,0.67577840306854,6.49263846938972e-77,0.996246469875656,2.44128097625106,262.2867685457,0.998038904255252,1.79377279171455,300.438431721332,TRUE,-2.10653033728153,0.0134308663244595,1.81694816453021,0.00469565217391304,0.0579130434782609,14.0782608695652,NA
"148",1,"Nov","GCW","UP","5","1-Nov-GCW-UP-5",2025-11-12 14:17:35,2025-11-12 14:17:03,2025-11-12 14:18:06,627.122517999641,7.18072767154156,1.24354442268284e-37,0.930633918491108,31.4832446305962,475.378043588351,6.34839885927731,0.0651021676268315,4077.64613201621,2.66322774963448,1.44458667252942e-69,0.993522137490526,9.62103436730747,359.883794424569,0.99899870621066,3.84509331293206,475.379172603366,TRUE,6.35025609541156,0.0658933502719145,13.3174314279892,NA,583.573109342761,-4.53711907651532,3.2654263348256e-36,0.922932001376245,22.4036912379369,375.392252410738,-4.29342658088762,0.0298092530981723,18819.389601148,1.21944987303634,5.06410840638489e-80,0.997020181950024,4.4053194997317,293.361280267839,0.999223044108665,2.28665655136046,375.40263247987,TRUE,-4.29315049887849,0.0305776120827119,5.4921519539288,0.004,0.0793478260869565,13.2,NA
"149",1,"Nov","GWI","TR","1a","1-Nov-GWI-TR-1a",2025-11-06 12:53:01,2025-11-06 12:52:04,2025-11-06 12:53:57,889.208314686195,1.735000395148,8.85359453112286e-67,0.930772902986342,11.7473999328531,759.633803719528,1.32979414397824,0.0189399241180019,3857.9278586099,1.32107384987007,1.96560304043808e-94,0.977784864317462,6.65469536317023,633.625633118354,0.992898178539093,3.79665590146643,759.854750031835,TRUE,1.32198662487043,0.0193856304169842,7.42827250215899,NA,716.447091595687,2.89035510888994,1.8453640175055e-101,0.983358936147843,5.50637918041568,863.113174468195,1.24635563902269,0.0298184989353783,18394.6966776176,2.07986256652768,3.67406908233916e-70,0.9397550980789,10.4769705182374,410.669964806017,0.998900857698975,1.42795723378672,865.478981536187,TRUE,1.20734824770902,0.0267335915772025,11.3687131354924,0.390058823529412,0.95,15.1,NA
"150",1,"Nov","GWI","TR","2","1-Nov-GWI-TR-2",2025-11-06 12:39:52,2025-11-06 12:38:55,2025-11-06 12:40:48,806.952107332958,0.984454557287438,1.61746284592247e-63,0.920844658479981,8.18955117294158,752.664090593101,0.854931686800314,0.0183697109477598,3897.0076637716,1.28130105546155,4.17184203489242e-75,0.950834035928783,6.45434635879266,651.489472751973,0.980456998752036,4.10608831520892,752.785027293915,TRUE,0.849855669518427,0.0188712528565174,7.99351715269395,NA,524.029291736054,2.17670389489273,1.61217603328578e-97,0.980431811016106,2.36781964912205,774.926761377482,0.462590941425834,0.0202538815568035,18463.2939829695,1.41272336237225,5.89511553363271e-44,0.823245770537657,7.11636492535635,270.261331033114,0.997960340719804,0.771373624155167,776.279493215095,TRUE,0.442566868348067,0.0192187001646489,8.09727618223405,0.349411764705882,0.95,14.8,"low r2, but also low flux - checked"
"151",1,"Nov","GWI","TR","3","1-Nov-GWI-TR-3",2025-11-06 12:30:44,2025-11-06 12:29:47,2025-11-06 12:31:40,1085.56826785988,2.85734923187158,4.84468683974708e-59,0.904862899287932,27.7951014570685,755.761134928767,2.70710251274151,0.0186209388445621,3937.74477875756,1.29882438885801,2.0174777592e-129,0.994728715922111,6.54261731011923,657.162829923967,0.99785682396074,4.2095425030292,756.169376899872,TRUE,2.69748675629269,0.0186265165308048,7.97073621662677,NA,765.69794543645,1.30262170959419,4.72672305978403e-72,0.944258582282774,6.83406584090424,635.516173452626,0.864073804237902,0.0109890190933795,18493.9032025724,0.766492287378716,7.82505850095004e-100,0.982207481002447,3.86108064377064,371.537514648985,0.998304312779625,1.20275091435803,639.273268281961,TRUE,0.847244803094795,0.0102436135853158,3.61028949333135,0.368983193277311,0.95,15.353781512605,NA
"152",1,"Nov","GWI","TR","4","1-Nov-GWI-TR-4",2025-11-06 12:16:23,2025-11-06 12:15:26,2025-11-06 12:17:19,952.91595848096,2.27826678441085,4.36834719410409e-68,0.934392252347837,15.534314630744,836.232429338792,1.80506654288038,0.0265022852627342,3893.76470234405,1.84855418660932,5.46951152975432e-93,0.976425772408237,9.31179205114674,685.068753138276,0.993955981017275,4.75762394662005,836.615030681962,TRUE,1.79122302979274,0.0278136190427502,10.3992314470046,NA,756.083439051109,2.65907282500482,7.64208910375817e-92,0.975289349832732,6.55187258944334,825.467106198492,1.22656202499547,0.0252800269677642,18346.428239361,1.76330075786211,4.89705491711403e-77,0.954584066993895,8.88234172402518,323.481280868864,0.999463457316697,0.974177656252201,827.318270657063,TRUE,1.19735992221019,0.0240646581252035,9.90867932706884,0.289,0.95,16,NA
"153",1,"Nov","GWI","TR","5","1-Nov-GWI-TR-5",2025-11-06 12:05:25,2025-11-06 12:04:28,2025-11-06 12:06:21,749.324170986016,1.00968226470274,3.23470543675254e-70,0.939891881918659,6.36048726073081,776.760964512574,0.750947939691848,0.0204174761389721,3874.78783094303,1.42413420663629,2.32742650218516e-64,0.923536115136501,7.17384520355675,643.138067836157,0.977135164923156,3.95840773883363,777.182010829452,TRUE,0.740575104391789,0.0220324122369399,7.62982368266321,NA,561.16341273412,1.85928658772443,1.37648111640039e-76,0.953738492258121,2.78664539263895,746.767781259247,0.341171117359732,0.0179007418878637,18511.0220031233,1.24859011334969,6.0570226326857e-37,0.764333246689131,6.2895702905826,291.659563315426,0.995799709560328,0.847274518499825,747.139017981807,TRUE,0.331920666664855,0.0179596569681298,7.93779720639295,0.356016806722689,0.95,17.3890756302521,"low r2, but also low flux - checked"
"154",1,"Nov","GWI","UP","1a","1-Nov-GWI-UP-1a",2025-11-06 13:08:04,2025-11-06 13:07:32,2025-11-06 13:08:35,594.919017211427,4.48583342001413,8.29773852017704e-35,0.914466757080068,24.4802247341089,385.87751261257,4.45253928562379,0.032353912203772,3874.62769825462,1.32354789297078,8.44505090382092e-79,0.996737050316736,4.78137844831218,309.204930398808,0.999074922258363,2.58795825451507,385.887053997351,TRUE,4.45513595138036,0.0330009517894434,6.32473795489092,NA,NA,NA,NA,NA,NA,190.910932028812,-0.277335421919822,0.00705374397736421,18481.2999641948,0.288557622336234,1.52290779395373e-45,0.96143952610337,1.04242785913689,159.526342885287,0.977816615689827,0.80372772404447,191.755009217093,TRUE,-0.272608070366715,0.00732561661693342,0.783667995286192,0.413246376811594,0.82,14.9,NA
"155",1,"Nov","GWI","UP","2","1-Nov-GWI-UP-2",2025-11-06 13:12:36,2025-11-06 13:12:04,2025-11-06 13:13:07,590.903832612498,4.01099634740873,5.58114113788497e-34,0.909051238620753,23.7242328346772,350.957045782779,4.18695186410441,0.0246288569002193,3927.88241314288,1.0075279753267,1.78486272895911e-84,0.99785931099545,3.63974176747455,304.763906342268,0.999022874383785,2.49970755157887,350.970030963217,TRUE,4.18690885350129,0.0266297659767587,3.70834502154072,NA,137.402363191282,0.0920459392868952,5.34286492665083e-06,0.285851647614667,0.686270632102712,142.467048611847,0.0206168617114881,0.00483117977313089,18431.1106550589,0.197636000524999,6.8882185214937e-05,0.227040675491353,0.713969262872534,136.473088252829,0.338790458585731,0.671260312156263,142.682744290727,TRUE,0.0195267368705189,0.00523698335466392,0.688007634148648,0.235347826086957,0.375652173913043,14.8,"low r2, but also low flux - checked"
"156",1,"Nov","GWI","UP","3a","1-Nov-GWI-UP-3a",2025-11-06 13:21:27,2025-11-06 13:20:55,2025-11-06 13:21:58,NA,NA,NA,NA,NA,365.724640761888,3.59567460045404,0.0276407362580922,3866.54563595463,1.13073924427271,2.73754202624241e-77,0.996349587990502,4.08484821889684,291.360152213702,0.998927068194146,2.25118538785868,370.812860848008,TRUE,3.64871980895506,0.0209181769916185,2.43927616850482,NA,187.984590371791,-0.123730372938678,3.24964341682568e-28,0.860556719891449,1.0188661875842,152.212202101778,-0.139458255224611,0.00521336076844924,18456.1784503216,0.213270426677274,9.38959145941239e-36,0.920264543798301,0.77044935600194,151.891022342253,0.925470432643837,0.757186521248149,152.316139378846,TRUE,-0.138220434236258,0.00550107426188533,0.643180579318039,0.163,0.322782608695652,14.7,NA
"157",1,"Nov","GWI","UP","4","1-Nov-GWI-UP-4",2025-11-06 13:26:52,2025-11-06 13:26:20,2025-11-06 13:27:23,NA,NA,NA,NA,NA,450.071343640205,0.523909693206325,0.0534234213674229,3912.18644274833,2.18546852512937,3.15405543940916e-14,0.608022099462561,7.89510690245108,314.546443978253,0.9556936102498,2.69824030310295,450.095634169382,TRUE,0.516198674716616,0.0570478616671919,9.33135119663847,"low r2, but also low flux - checked",180.56395689237,0.433316588733909,6.21536117171165e-44,0.956542092717857,0.961478311811759,239.948972549702,0.231841400035669,0.0103467062055249,18414.4958866491,0.423267551425006,1.99935604064851e-31,0.890087599374603,1.52907375622869,157.310149795022,0.971612409795556,0.789931751813598,240.395129234144,TRUE,0.230496471479438,0.0108297604761648,1.4320699993897,0.115579710144928,0.273159420289855,14.7579710144928,"low r2, but also low flux - checked"
"158",1,"Nov","GWI","UP","5","1-Nov-GWI-UP-5",2025-11-06 13:33:23,2025-11-06 13:32:51,2025-11-06 13:33:54,562.747668470492,3.32869873321273,6.33320109014345e-35,0.915207903532457,19.0397133838052,365.793873172184,3.47697979104365,0.0276556905737835,3869.52449314519,1.13135100191425,2.25091483497563e-76,0.996092884863657,4.08705822188831,321.977698857085,0.99814910082563,2.85952778106919,365.812569505474,TRUE,3.47558205419199,0.0311402308413306,4.39185791996089,NA,237.751215398183,0.680465944845048,6.06269577422962e-47,0.965245775613283,1.50304370108188,246.81834970328,0.420884597603111,0.0109171531640088,18451.0574761199,0.446603643369551,4.91128775519013e-45,0.959956150017845,1.61337647597465,155.025242267695,0.991036078491978,0.77595591776255,246.87540642337,TRUE,0.422870045739912,0.0113972418929506,1.88921920482115,0.20531884057971,0.346159420289855,14.9,NA
"159",1,"Nov","MSM","TR","1a","1-Nov-MSM-TR-1a",2025-11-13 12:54:47,2025-11-13 12:53:50,2025-11-13 12:55:43,757.498403257635,1.10578076756845,8.14559698154127e-67,0.930875791591289,6.59265983329407,678.697559121292,0.742082079792978,0.0132803905482415,3896.45695450395,0.926317157346372,1.23589407176366e-83,0.965371760028814,4.66617251747448,560.832220171354,0.988110266079921,2.75895310591406,678.775267237494,TRUE,0.740550114711255,0.0135628977754807,5.1694174679187,NA,NA,NA,NA,NA,NA,794.923767874245,0.398702707235939,0.0221105003765743,18366.9322476848,1.54222391140795,6.59940500662154e-35,0.743802701015372,7.76870294815549,262.240528950821,0.997687798416863,0.744709266952039,795.700211961969,TRUE,0.382695255169955,0.0220257738733011,9.03687525264099,0.426285714285714,0.95,14.8235294117647,"low r2, but also low flux - checked"
"160",1,"Nov","MSM","TR","2","1-Nov-MSM-TR-2",2025-11-13 13:02:39,2025-11-13 13:01:42,2025-11-13 13:03:35,871.585558753269,1.205116219027,8.46826823262751e-61,0.911489610979907,10.87361426137,675.830976667409,1.09208562167611,0.013114465036805,3885.52696708744,0.91474372902536,1.41135637992914e-102,0.984105478687796,4.60787324844316,601.449442564951,0.992008190844653,3.29694740167939,675.856370065904,TRUE,1.09089268700021,0.0138234474534498,5.10643074823132,NA,NA,NA,NA,NA,NA,401.125759687832,-0.0396718443942575,0.00393089989040139,18335.2418289869,0.27418320259956,2.00862823831973e-17,0.476279774856091,1.38115343603078,257.72665001928,0.856263325818331,0.730110711257298,402.6583004863,TRUE,-0.0433582732189036,0.00383380291167836,1.37713763500046,0.41309243697479,0.95,14.7,"low r2, but also low flux - checked"
"161",1,"Nov","MSM","TR","3","1-Nov-MSM-TR-3",2025-11-13 13:10:13,2025-11-13 13:09:16,2025-11-13 13:11:09,934.665500258041,1.80210277698398,1.83658795789655e-65,0.926923744738194,14.3393220143882,758.484905621449,1.58521988113976,0.0188447253897126,3958.26877120135,1.31443366748601,4.62627035326602e-103,0.984418883878554,6.62124652083174,628.655129864671,0.995183178481266,3.71478276175413,758.650156101298,TRUE,1.57770102991419,0.0205396452491362,6.58229962147649,NA,511.833203995784,2.2123962843481,5.95278952442162e-119,0.991892849097363,2.24448913731338,810.805810692216,0.707678531978589,0.0237055858058554,18415.6931081728,1.65348231116729,3.80472600331331e-55,0.888356224668718,8.32914910115822,286.794852012964,0.998912764594625,0.829388179554237,812.371326074168,TRUE,0.682468049472325,0.0223933252868194,9.65077104492549,0.424075630252101,0.93453781512605,14.6,"low r2, but also low flux - checked"
"162",1,"Nov","MSM","TR","4","1-Nov-MSM-TR-4",2025-11-13 13:18:36,2025-11-13 13:17:39,2025-11-13 13:19:32,846.0530893703,1.25499018697841,8.18862830334788e-66,0.927969525096055,9.721642928706,807.984681769198,1.06252874156576,0.0234140749683518,3901.78510860709,1.63314921257721,6.12550563271563e-74,0.948418870821097,8.22672441315191,714.969627337104,0.977975694420029,5.42432006440037,808.938290292455,TRUE,1.04225522686701,0.0248113819017386,7.78313808891196,NA,765.699100555868,1.34498958121286,1.0256142113416e-77,0.9558338953459,6.83410046451018,736.280230053836,0.962625493603615,0.0170959933089291,18552.0632538974,1.19245829905483,5.40259895782826e-84,0.965879534542729,6.00681537544209,483.686111020074,0.996406697274799,1.96696386862331,737.756384777609,TRUE,0.945109703386218,0.0169522280956281,6.48820589105648,0.414193277310924,0.95,14.1327731092437,NA
"163",1,"Nov","MSM","TR","5","1-Nov-MSM-TR-5",2025-11-13 13:27:19,2025-11-13 13:26:22,2025-11-13 13:28:15,900.931651963383,1.13040983316987,2.70268393267638e-59,0.905848380743903,12.3672281112445,807.365426465721,1.18857912473686,0.0233505678734116,3887.48307952913,1.62871954528373,2.87438713503429e-79,0.958563999112075,8.20441068224182,747.135036363989,0.97641229468517,6.24617273140036,808.060400574539,TRUE,1.17080701339203,0.0231953289239469,7.33848217992592,NA,572.498129869897,2.10796054127758,3.43700332085364e-101,0.983173122071204,2.92868107264226,820.705087573031,0.627530854420701,0.0247575028724815,18335.4289046085,1.72685431204193,3.30125765466078e-48,0.851552479329756,8.69874866143643,383.382804596854,0.996907488934839,1.2668891253334,821.633154304423,TRUE,0.607356971607773,0.0244109881387463,10.3503695985375,0.394915966386555,0.772193277310924,13.9109243697479,"low r2, but also low flux - checked"
"164",1,"Nov","MSM","UP","1","1-Nov-MSM-UP-1",2025-11-13 12:19:37,2025-11-13 12:19:05,2025-11-13 12:20:08,528.055026683314,3.07302398278378,5.6563448928108e-34,0.909012023007023,14.5194729701461,371.812386562678,2.55447493178741,0.0289871071479626,3938.74013195271,1.18581716941579,7.35785216793265e-67,0.992079644232575,4.28381979042478,338.999444492187,0.995544078413902,3.26623807692446,371.839397595254,TRUE,2.55354572370149,0.0292314578218895,5.34989613696827,NA,NA,NA,NA,NA,NA,162.202002592333,-0.0367493273403602,0.00563653787602905,18440.2036123496,0.230581939596118,1.44674921639971e-08,0.406745791009198,0.832988003237476,142.394221437668,0.591036295704745,0.703041456793042,162.445534445895,TRUE,-0.03435728917897,0.00561476191383716,0.740244954649522,0.290072463768116,0.44495652173913,15.8811594202899,"low r2, but also low flux - checked"
"165",1,"Nov","MSM","UP","2","1-Nov-MSM-UP-2",2025-11-13 12:24:14,2025-11-13 12:23:42,2025-11-13 12:24:45,505.865730058194,1.7908794771805,8.33923770490365e-32,0.893138961971004,12.2085537367978,344.901759186358,1.98125158090771,0.023490870907376,3931.76099612388,0.960974750060713,1.09298663416382e-65,0.991359441382533,3.47156607155275,316.370732040869,0.99480254056307,2.73697164858984,345.063269524699,TRUE,1.97573186189535,0.0234313932941397,3.99269466528146,NA,237.831223511022,0.206426452625475,1.75937949509489e-31,0.890539150937304,1.50398349234426,160.248992410657,0.238228277266265,0.00555118896761376,18443.4936006283,0.227090449380376,8.08485193289072e-48,0.967431531982332,0.820374832109557,153.284504689483,0.972559378255446,0.76547472677263,160.586392790418,TRUE,0.238261458009811,0.00527663483671692,0.696210217631102,0.435,0.837521739130435,15.604347826087,NA
"166",1,"Nov","MSM","UP","3a","1-Nov-MSM-UP-3a",2025-11-13 12:30:38,2025-11-13 12:30:06,2025-11-13 12:31:09,NA,NA,NA,NA,NA,325.28361209491,0.980334941999396,0.0201528375435222,3935.02616287696,0.824421031376896,4.255959644212e-51,0.974468121512813,2.97825939861764,294.712975137859,0.985123815095679,2.310931859636,325.329090281193,TRUE,0.977947238581289,0.0220834189991787,3.22789526749516,NA,151.402045721181,0.401069172177229,2.82254037745899e-39,0.938599495895329,0.765588314730814,202.971355081426,0.152888027125966,0.00775068007849373,18473.3232325917,0.317068187067189,2.07274206233761e-28,0.862559856263685,1.145423602984,146.211444066143,0.946812952724774,0.724323353193126,203.102512702928,TRUE,0.150168822286105,0.00884199872728567,1.1424861193311,0.35,0.558173913043478,14.8173913043478,"low r2, but also low flux - checked"
"167",1,"Nov","MSM","UP","4","1-Nov-MSM-UP-4",2025-11-13 12:13:50,2025-11-13 12:13:18,2025-11-13 12:14:21,474.250288568668,1.61986897271747,1.39723121069365e-33,0.906323047576626,9.53663974470827,328.179621319628,1.65220070008539,0.0206139941239868,3920.52271752844,0.843286225068446,2.50611021570738e-64,0.990440857644993,3.04641079005505,259.515657348267,0.996928630436017,1.75535620194995,328.550117013485,TRUE,1.66391452602133,0.0205191339769633,3.11016475612774,NA,321.344396765283,1.89526179971927,2.68371486209498e-54,0.979868042167178,2.88799911815169,366.341179212652,1.06220558474751,0.0277741947332785,18365.1859022569,1.13619882154175,7.92087159187878e-45,0.959334371781961,4.10457119622897,174.308136502586,0.998099024970866,0.902116187526963,366.715754766934,TRUE,1.05380602673074,0.0279872159888744,4.37648225370237,0.379260869565217,0.664869565217391,16.2739130434783,NA
"168",1,"Nov","MSM","UP","5","1-Nov-MSM-UP-5",2025-11-13 12:35:30,2025-11-13 12:34:58,2025-11-13 12:36:01,552.400409763024,3.8283821620193,6.72825443433234e-37,0.926756037769174,17.5611489711661,375.2999175952,3.44933052382736,0.029787757478096,3988.55091157823,1.21857052087389,3.61230613615582e-74,0.995397495428014,4.40214279906198,303.049114283854,0.998601805410102,2.46644275570296,375.32444226722,TRUE,3.45299737687428,0.0318250973151493,4.95082526549142,NA,219.020068875488,0.449688216892464,4.14447584720224e-38,0.933046788336998,1.29842904140922,173.615254584017,0.262923748588801,0.00616221355562694,18482.1039996382,0.252086508618118,1.14427006313432e-47,0.967064739922544,0.910674261066233,144.003927969474,0.980520417993773,0.711938615569655,173.662092194945,TRUE,0.262130883541111,0.00647435343085955,1.01808470019158,0.4,0.704449275362319,14.6710144927536,NA
"169",1,"Nov","SWH","SWAMP","1","1-Nov-SWH-SWAMP-1",2025-11-04 15:03:29,2025-11-04 15:02:37,2025-11-04 15:04:21,922.67239940536,1.99627446630224,2.97180606244675e-51,0.89038233020006,19.2167791526643,458.573038363623,1.89539030974052,0.00678761946894738,4516.68199590672,0.438191526247213,3.89296825319197e-150,0.998680827471559,2.10809954964367,448.308131506748,0.998848404454262,1.98906158473973,458.717360050388,TRUE,1.89287958862878,0.00731857742502669,1.92356417396166,NA,1280.40140078242,13.656921046318,8.03856988345512e-57,0.914517436390336,105.557438626973,1032.42517511156,11.7500104472693,0.104347795682687,27300.3852449182,6.73642947426751,1.1646472984574e-109,0.991942252257674,32.408349067202,958.8533401635,0.996150840931886,22.6199129502483,1033.73715646039,TRUE,11.7636563854563,0.0844972779915559,21.1687931180864,0.124790909090909,0.675418181818182,13.9036363636364,NA
"170",1,"Nov","SWH","SWAMP","2","1-Nov-SWH-SWAMP-2",2025-11-04 14:53:10,2025-11-04 14:52:13,2025-11-04 14:54:06,1085.39596029715,2.87383124412965,5.07756484683931e-58,0.90079033006034,27.7741036635568,655.132685190369,2.65293763246708,0.0119763496447629,4325.14518749641,0.83535933058776,7.80765319615985e-150,0.997722687013115,4.20798721009434,529.990798521737,0.999266426391358,2.40989193228474,655.304748007128,TRUE,2.64983137944758,0.0123661552587092,4.55504013582491,NA,1258.02609079543,5.53663114233318,2.22796966753584e-56,0.893866953814832,59.219670510329,810.42927503603,5.46946517139911,0.0236664689995243,19113.3104748741,1.65075388471676,6.84219328217352e-152,0.997907403577813,8.31540509521121,778.504680187628,0.998473041914054,7.16748675122837,815.314010264311,TRUE,5.42511854394012,0.0169713687739985,4.96890368628634,0.136428571428571,0.609932773109244,14.4428571428571,NA
"171",1,"Nov","SWH","SWAMP","3b","1-Nov-SWH-SWAMP-3b",2025-11-04 14:42:37,2025-11-04 14:41:46,2025-11-04 14:43:28,971.490451494132,3.49229956362255,2.81185966105096e-55,0.912661669556773,26.5150515402699,623.585405116318,2.9837182754519,0.0162324992551682,4551.89306279561,1.02919677852077,2.24125068370558e-129,0.997019561207749,4.89812807181987,469.725664728289,0.999356316609431,2.29916041643556,631.119325916555,TRUE,2.94639642191474,0.0139158858156657,3.78589157111209,NA,475.229699807533,-3.32090600535762,1.32714757343003e-59,0.928284753347047,2.38376168348492,625.135791251018,-0.246728234613316,0.016355128302369,21204.4529445698,1.03697188562832,1.27235882858957e-27,0.692614605752095,4.93513117091588,413.711041835374,0.962037459598007,1.75177292456829,631.269805104267,TRUE,-0.212155530242633,0.0120449286715565,3.88104008726015,0.1,0.640166666666667,14.7,"low r2, but also low flux - checked"
"172",1,"Nov","SWH","SWAMP","4a","1-Nov-SWH-SWAMP-4a",2025-11-04 14:11:16,2025-11-04 14:10:19,2025-11-04 14:12:12,1252.22319409636,9.34636964055674,3.35187872414859e-69,0.937330555387741,57.7314714669263,1081.09878403522,6.89746068054163,0.0775719742589952,4215.42813830037,5.41070312836945,1.01674439121653e-105,0.986031808823212,27.2555398953602,714.390463181066,0.999459383265469,5.41055872655719,1081.37933926313,TRUE,6.86313560130228,0.0807465262788766,34.668920950296,NA,1263.12237743435,22.0642116416635,2.96880960509024e-90,0.973620943121774,60.5582609892039,1322.29190146944,10.9788642255282,0.223423875813769,19023.7608746493,15.5839821709553,1.25787063055214e-77,0.955672674831945,78.5017839108568,805.271111455041,0.999541023605936,8.06030743175414,1324.21428130092,TRUE,10.7168807384571,0.210958797695461,90.5824927704419,0.045,0.446,15.3378151260504,NA
"173",1,"Nov","SWH","SWAMP","5","1-Nov-SWH-SWAMP-5",2025-11-04 14:31:22,2025-11-04 14:30:25,2025-11-04 14:32:18,1199.86865474072,4.55411880100234,1.61633568722122e-56,0.894472823625536,45.8867904051626,723.963769764701,4.25120298678186,0.0161969760941951,4247.89506832203,1.12975117702157,4.53612346298303e-158,0.998376857213537,5.69093841347398,596.076037284516,0.999489592408024,3.22015483419752,723.963832815645,TRUE,4.25114273883758,0.0169486803059369,7.09770279954655,NA,1611.62238580325,37.4800381255265,1.23565516281578e-58,0.9032603638254,279.252028451774,1331.20406544561,26.9308875331628,0.232330097428798,20897.960582009,16.2051977789724,1.77091966475101e-118,0.991733482013548,81.6310568327354,1252.17978167653,0.996009445523156,57.2299547226811,1331.4488777548,TRUE,26.8825753453505,0.250934550384655,85.1795489641547,0.123831932773109,0.585487394957983,14.8831932773109,NA
"174",1,"Nov","SWH","TR","1","1-Nov-SWH-TR-1",2025-11-04 11:53:32,2025-11-04 11:52:35,2025-11-04 11:54:28,NA,NA,NA,NA,NA,996.076398302567,4.07705884628577,0.0534261862465484,3755.65832400857,3.72651638458883,2.10349154504158e-98,0.981130551382989,18.7717221923212,838.942898885469,0.995409025138735,9.34307079294032,1007.56303556422,TRUE,3.92468732321112,0.0403453399992719,14.3846569846802,NA,NA,NA,NA,NA,NA,2025.97962253426,257.545182758964,4.89231267060861,18882.1668672566,341.242461915992,7.7172705655444e-81,0.961155182698792,1718.9535840502,1872.796440169,0.990215741489409,870.510945901853,2062.66709010147,TRUE,230.873208221731,1.52581595524297,459.139183017425,0.0987310924369748,0.361941176470588,16.0991596638655,NA
"175",1,"Nov","SWH","TR","10","1-Nov-SWH-TR-10",2025-11-05 09:53:16,2025-11-05 09:52:19,2025-11-05 09:54:12,1241.81488602844,5.71834945005191,3.85574735972145e-55,0.888329693685331,55.1552526170196,904.831033488376,4.95691900229993,0.0358055187457469,4083.74129367983,2.4974616688712,4.68572053239664e-127,0.994190165239088,12.5805583004819,871.619374467912,0.995808183935077,10.7828062566131,904.840185181682,TRUE,4.95539151849242,0.0381167466749564,15.0629970409342,NA,1405.3128097204,12.8851310970008,1.37304256400978e-57,0.899013971231678,112.984217417228,1133.13752665084,10.6591467953061,0.0974604158896248,20684.0950030977,6.79793678301326,1.1265477385479e-115,0.99072354290654,34.2435045500991,1050.12160425393,0.995675994679237,23.5908132896405,1133.8862878213,TRUE,10.6380649446129,0.107796850086369,33.3151397961411,0.171,0.597915966386555,12.0974789915966,NA
"176",1,"Nov","SWH","TR","2","1-Nov-SWH-TR-2",2025-11-04 11:44:49,2025-11-04 11:43:52,2025-11-04 11:45:45,806.467334676438,1.86007685192081,6.96287008543536e-72,0.943871876206319,8.17215708130226,734.810508898031,1.02330632804598,0.0169861444810932,3823.29602917365,1.184796261288,3.5469520140738e-87,0.970063802852928,5.96821910226299,637.518381857274,0.987688412095322,3.86203448289843,739.882037273244,TRUE,0.992244120816632,0.014670011595974,4.5814806293227,NA,1218.8000913782,5.16604922373938,8.3406985501733e-60,0.907802687851276,49.8595424690501,859.24389091727,4.93619206894185,0.0293167325164205,19865.2632587754,2.04486398413114,1.56514296276142e-136,0.996064927841516,10.3006708329361,658.420952215366,0.999347381942714,4.23283530293866,861.052882970998,TRUE,4.9245087102195,0.0303512719089023,8.89100962951368,0.0331008403361345,0.167201680672269,16.7,NA
"177",1,"Nov","SWH","TR","3a","1-Nov-SWH-TR-3a",2025-11-04 12:05:44,2025-11-04 12:04:47,2025-11-04 12:06:40,672.947348184254,0.883916906537788,3.01255415021471e-73,0.946931316269522,4.54996218900631,743.249037561712,0.564901780598523,0.0176265990679865,3765.83392344778,1.22946844695795,3.07159648799044e-58,0.901675967369138,6.19324799589353,639.609853642192,0.961753000526116,3.89762438152797,744.772762447449,TRUE,0.546161126480678,0.0181797116579858,6.27645244764762,NA,1381.18349210777,11.501860945837,8.67071550803996e-59,0.903869803570894,101.638032393194,1089.40820388057,9.837047338574,0.0804512193050121,19135.762174735,5.61153262029152,4.69302381014697e-121,0.992564460551383,28.267185905016,1033.33680437526,0.995610000857964,21.9165010461536,1092.03990149794,TRUE,9.81518566504324,0.0478687018037249,11.9739552047057,0.158,0.453495798319328,15.4142857142857,NA
"178",1,"Nov","SWH","TR","4","1-Nov-SWH-TR-4",2025-11-04 11:29:04,2025-11-04 11:28:07,2025-11-04 11:30:00,951.705034662091,1.39625967485486,1.90975014851597e-58,0.902506045082717,15.4520295123612,767.101445072769,1.47612222638444,0.0195705306057349,3745.93806255405,1.36505912326991,7.59235453249245e-98,0.980693136740572,6.87626404759348,729.792797219971,0.986561763927428,5.78869258747791,767.788804614839,TRUE,1.46217617521531,0.0184642042083195,6.0245112610233,NA,1325.21366427408,11.4150954899452,1.43873484976926e-64,0.924189601679897,79.5142378956741,1069.66629067061,8.66328990415351,0.0737782291960888,18783.0268160601,5.14608657740261,4.21721158145949e-119,0.991942592649148,25.9225769161064,754.675100304755,0.999509130269179,6.45619005526454,1070.20564962843,TRUE,8.62030741289727,0.077929131914062,30.8375773965948,0.189521008403361,0.453033613445378,14.8075630252101,NA
"179",1,"Nov","SWH","TR","5","1-Nov-SWH-TR-5",2025-11-04 11:36:11,2025-11-04 11:35:19,2025-11-04 11:37:02,932.415777949486,2.68966348892772,8.09317853897719e-57,0.916549030055605,21.0035720125904,797.361562057613,2.37102175966,0.0358399032764566,3712.10855146053,2.29305370473851,1.35458260631801e-85,0.977225054654806,10.9725138434785,768.531587743737,0.983390277554022,9.46365150628635,799.921900804961,TRUE,2.31388812621568,0.0269758344334463,8.13678346644946,NA,NA,NA,NA,NA,NA,549.977912179025,3.96836617121181,0.0109104104302286,18945.865200749,0.698053141055434,1.31726029659021e-160,0.999229586019415,3.34026095328102,476.907973960471,0.999632813126984,2.32895972560269,550.07764986111,TRUE,3.96515949185475,0.0110989774479461,2.9675974509166,0.149587155963303,0.431587155963303,15.6660550458716,NA
"180",1,"Nov","SWH","TR","6","1-Nov-SWH-TR-6",2025-11-04 11:12:16,2025-11-04 11:11:23,2025-11-04 11:13:08,814.004273906922,1.34720941159119,1.03248097292888e-56,0.912043609733823,11.0444327661617,651.748443814235,1.19400169176393,0.0163081218109882,3812.37147092457,1.06222097323538,2.69000233655488e-91,0.980967924342805,5.13751135387299,597.806934610406,0.988982248586988,3.94705143128016,651.764237812982,TRUE,1.1928387545647,0.0150690842280163,4.12886005678747,NA,NA,NA,NA,NA,NA,1310.09008866515,21.6808332477674,0.363961601450354,19883.1337816942,23.7064482957449,3.38669844125868e-82,0.971526096662241,114.658014055617,885.517407207896,0.999500501412578,15.3343237451884,1311.14991486941,TRUE,21.3651370458639,0.357728634149117,129.148936093888,0.301648648648649,0.72618018018018,13.5369369369369,NA
"181",1,"Nov","SWH","TR","7","1-Nov-SWH-TR-7",2025-11-04 10:55:18,2025-11-04 10:54:21,2025-11-04 10:56:14,NA,NA,NA,NA,NA,675.118963892329,1.13708971011048,0.0130735742399502,3860.22397303499,0.911891565411156,1.16259720732096e-104,0.985410698096826,4.59350593659279,671.761628233438,0.986322522776914,4.48789507897432,675.186953355024,TRUE,1.1337452451781,0.0139405205890279,4.76890137174396,NA,NA,NA,NA,NA,NA,1821.31745979383,181.737580398017,1.9937635142002,17617.7080375359,139.066493879534,6.53769123035879e-107,0.986699718529116,700.524919241639,1373.51668527091,0.999747256336234,97.4419530136112,1822.31819272648,TRUE,183.427010580127,1.97320828481048,827.880226400086,0.126,0.413,14.2,NA
"182",1,"Nov","SWH","TR","8","1-Nov-SWH-TR-8",2025-11-04 11:19:32,2025-11-04 11:18:35,2025-11-04 11:20:28,NA,NA,NA,NA,NA,642.227907982085,1.23773680554638,0.0113173159991059,3864.77450192387,0.789391241695868,1.12923369468839e-115,0.990723148449436,3.97643041405848,630.760736349724,0.991900152190752,3.74924811288348,642.233200861881,TRUE,1.23702941765094,0.0116643890744281,3.41832495260512,NA,1790.68698505003,56.104398856141,1.00754347260907e-55,0.890971245071848,612.46129658812,1181.49016662959,55.8539704622841,0.12048427988741,22327.5003833842,8.40386848901881,1.03314214085686e-185,0.9994791119244,42.3331251860494,1018.16741473561,0.999879963993144,20.5057926563439,1200.65189520693,TRUE,55.3925309154729,0.0765246644225781,22.9560250877098,0.247,0.709756302521008,14.3016806722689,NA
"183",1,"Nov","SWH","TR","9a","1-Nov-SWH-TR-9a",2025-11-05 09:41:50,2025-11-05 09:41:05,2025-11-05 09:42:34,621.104321431244,1.0787029814188,1.69555433866674e-47,0.908605328925711,7.45991578214271,408.560986373412,0.93516769296074,0.00929339236830922,4115.28021542669,0.519530280514602,1.21129059300526e-92,0.991384227271506,2.29044888731479,390.249327050883,0.993275972967383,2.04682316433712,408.567241016468,TRUE,0.934805225868892,0.00966396308808414,2.44982701724307,NA,1043.70259547973,11.0077513645722,1.49179078387024e-47,0.908870590287768,78.047086220902,667.971943492813,9.83372115804846,0.0392705798262765,21271.2148578552,2.19535069052813,2.38754141050018e-127,0.998598566615409,9.67862458643463,558.808284499647,0.999601432507942,5.22120160389094,669.554985223758,TRUE,9.79130721092227,0.0351979004546001,8.4317151606858,0.319263157894737,0.683263157894737,12.4105263157895,NA
"184",1,"Nov","SWH","UP","1c","1-Nov-SWH-UP-1c",2025-11-04 13:09:45,2025-11-04 13:09:13,2025-11-04 13:10:16,NA,NA,NA,NA,NA,435.128778163304,4.80766599880061,0.0475371000283723,3874.7252918643,1.94466833513747,1.52807687981193e-70,0.993974904971062,7.02520499342953,426.144784018264,0.995081230767697,6.45246257493854,435.705336970717,TRUE,4.829651626495,0.0393893601775036,5.39685942423311,NA,296.610348215752,1.45052378149697,3.34485696787327e-50,0.972713126724611,2.38054430564925,348.290872392492,0.743975701116663,0.0241211565506775,18540.904538059,0.986758748914002,2.53172169857361e-39,0.938814272935886,3.56471196909311,231.765138029229,0.990693627831067,1.4132201124022,348.301334684772,TRUE,0.74282427323507,0.0266288668529298,4.07686697018811,0.021,0.266,15.5,NA
"185",1,"Nov","SWH","UP","2a","1-Nov-SWH-UP-2a",2025-11-04 13:19:00,2025-11-04 13:18:31,2025-11-04 13:19:29,475.105620964395,2.85393958360092,4.95428983609758e-35,0.932374161367557,13.1152531956126,354.201645052854,2.89822810403073,0.0359889536790912,3974.61010190612,1.36852698982527,2.0803887828819e-60,0.991287400402329,4.70754223604301,330.947837530036,0.994510477548737,3.80402807236617,354.253364041356,TRUE,2.8989744457873,0.0385930315198118,5.25246975409241,NA,202.563883196134,0.719960911163357,3.3482096955927e-39,0.951700606924462,1.30225864370521,258.702791442527,0.319907089433679,0.0160209898863748,18538.3580811847,0.609219074795153,2.08727267235535e-27,0.874923454449616,2.09562876503254,179.410369549046,0.969516365983032,1.05321215964883,258.714738894808,TRUE,0.320394744381104,0.0172348054327725,2.25369028801547,0.024453125,0.475578125,15,"low r2, but also low flux - checked"
"186",1,"Nov","SWH","UP","3b","1-Nov-SWH-UP-3b",2025-11-04 13:35:07,2025-11-04 13:34:35,2025-11-04 13:35:38,622.167120114351,6.2865603050235,2.38629092986594e-38,0.934227215710073,30.2876924989766,522.765964200317,6.24840951088546,0.0942712226815568,4029.59332489794,3.85648812304705,2.85896107992165e-59,0.986083668493157,13.9317430790668,458.241533890654,0.995229892432857,8.29139069564066,522.866617440331,TRUE,6.22739777379835,0.0988841551726851,17.3603192901108,NA,211.299729954206,2.10981038895303,3.89052728671584e-64,0.990304291461371,1.22242911399047,351.091273688203,0.632330668493347,0.0246546976333859,18462.4222320406,1.00858507926269,1.03186875144147e-34,0.913864103600377,3.64356060471047,203.974515206588,0.991876777878281,1.13741327527003,352.33122930511,TRUE,0.61180531664399,0.0220221681292801,3.5496082426623,0.043,0.475,14.5,NA
"187",1,"Nov","SWH","UP","4","1-Nov-SWH-UP-4",2025-11-04 13:39:36,2025-11-04 13:39:04,2025-11-04 13:40:07,NA,NA,NA,NA,NA,305.273454947128,3.69078431926505,0.0172362676259009,4168.68621616481,0.705108722409214,1.11776377588727e-90,0.998649626342935,2.54723812183107,286.076185348898,0.999060188541884,2.16014624495622,305.642073737596,TRUE,3.70095778364652,0.0161582822161508,2.57209107117344,NA,457.543381633644,1.43150495041773,3.81871704776105e-35,0.916578457429462,8.36970371112857,208.774374083176,1.54265466312586,0.00811015254569156,18659.9076007277,0.331773642887929,1.70837746094601e-87,0.998289320196814,1.19854774749537,192.583814508896,0.998752160889349,1.04056806274954,210.88331604947,TRUE,1.53457277457342,0.00715675544440782,0.700945743439422,0.082,0.549,14.5130434782609,NA
"188",1,"Nov","SWH","UP","5","1-Nov-SWH-UP-5",2025-11-04 13:43:47,2025-11-04 13:43:15,2025-11-04 13:44:18,716.339921613323,13.3892252124942,1.21663979669944e-37,0.930682787652923,63.2102488628424,558.804543806367,12.754064722608,0.124926726633125,4284.32306880053,5.11055679355317,8.54974914324742e-71,0.994086706384467,18.4621245980934,492.902484011066,0.998016261318493,10.8699965495087,558.846017014635,TRUE,12.7339284564108,0.129761814771885,22.8586703394598,NA,467.282481699273,4.13549516665662,2.41822655446946e-45,0.960860393756353,9.03138022176926,407.172421335618,2.41361050060775,0.0382101589627587,18693.2709036986,1.56311777897888,5.41389903274982e-58,0.984699045554187,5.64683582685302,297.379686620808,0.997414539258557,2.35958210472552,410.328635085454,TRUE,2.35587259786798,0.0297532420630268,4.47000031478712,0.0182898550724638,0.243869565217391,14.6,NA
"189",1,"Sep","GCW","TR","1","1-Sep-GCW-TR-1",2025-09-09 13:09:44,2025-09-09 13:08:48,2025-09-09 13:10:39,1291.90595696047,6.82023174382225,2.72968485466666e-54,0.888823349327755,75.9991619399939,899.873819425742,6.97508043816385,0.0385933121153621,3630.15723138493,2.64737181346497,6.35593129331515e-138,0.996643719249057,13.2047794286111,890.452201613652,0.99702275740579,12.5514409366462,900.980396361951,TRUE,6.94413556691337,0.0259691171777101,7.81038175326289,NA,516.428671026744,2.15769125805986,5.26914832422605e-79,0.960466839643693,2.3839771007651,711.511812477859,0.323421735125951,0.0166461204532845,18431.6790463757,1.14186805112347,2.35968174303723e-37,0.774357117092682,5.69550362173294,346.417101887277,0.99163994423145,1.10639540790643,712.581806407047,TRUE,0.308944339483487,0.0163734748127853,6.45000273718357,0.069,0.272,20.7316239316239,"low r2, but also low flux - checked"
"190",1,"Sep","GCW","TR","2","1-Sep-GCW-TR-2",2025-09-09 13:18:44,2025-09-09 13:17:51,2025-09-09 13:19:37,1147.21386958829,4.92144216228393,1.72574153696737e-51,0.886828974190898,50.5655644666911,590.740799815604,4.81925923992502,0.0117510004185813,3581.07898415803,0.772175753825716,4.30111693202939e-170,0.999376110941831,3.75440325674667,575.331850019447,0.999479608971432,3.46200882835618,590.750954118585,TRUE,4.82009002291798,0.0120845600204248,4.44833758915611,NA,384.049589499097,0.660221445026781,1.73684501386379e-84,0.97335631922808,1.42915387845734,511.937790948114,0.268162977868346,0.00813113093091365,18391.7337784626,0.534308733927514,3.19979910662989e-57,0.911961973609658,2.59786770152643,312.631401775929,0.98683306020004,1.01437921928559,512.477416161041,TRUE,0.262848638852202,0.0082300238632326,2.92778135793025,0.06375,0.2296875,21.09375,NA
"191",1,"Sep","GCW","TR","3","1-Sep-GCW-TR-3",2025-09-09 13:24:39,2025-09-09 13:23:44,2025-09-09 13:25:33,NA,NA,NA,NA,NA,587.2397270325,5.22604024077411,0.0102960896196922,3589.87750069235,0.694394725956321,3.05716587465849e-184,0.999580974101528,3.42888383391924,572.288122490189,0.999647290273478,3.17541141940151,587.426202869299,TRUE,5.22180516193196,0.0112190910252527,3.46094840520914,NA,607.906169185902,-0.768143132683043,5.83291713772752e-67,0.937791255618683,3.76660162345808,478.056026121451,-0.466730597033792,0.00626810844039558,18584.5250697772,0.422737330724895,1.18134790424165e-94,0.980893287201373,2.08745421751366,347.109079190524,0.994397296203146,1.14098976308078,482.165987067096,TRUE,-0.455474366638221,0.0054173557642351,1.63745205643566,0.0365304347826087,0.170904347826087,21.2234782608696,NA
"192",1,"Sep","GCW","TR","4","1-Sep-GCW-TR-4",2025-09-09 13:30:16,2025-09-09 13:29:19,2025-09-09 13:31:12,1219.11844076611,4.59182133178906,2.73973455114899e-55,0.889008273059068,49.9292084396879,658.272870325163,4.51224215496508,0.012142437936528,3551.73303536018,0.846944112958237,5.79880047542031e-175,0.999189612150889,4.26634367330927,603.966383270015,0.999514075847763,3.33354473959358,658.398211425997,TRUE,4.50887459414898,0.0121045273975236,4.46441128171667,NA,649.716575215932,0.790949828109236,2.66118709004925e-70,0.940100883380845,4.10920495296817,512.130001535841,0.501164973018903,0.006396360068498,18407.5183777151,0.446150891006701,1.15708844548753e-99,0.982082784896561,2.24741278918553,351.078683407466,0.99578797551157,1.09952651458158,515.505895437268,TRUE,0.49138071426103,0.00621310270194146,2.03733299919102,0.113689075630252,0.279008403361345,21.4672268907563,NA
"193",1,"Sep","GCW","TR","5","1-Sep-GCW-TR-5",2025-09-09 13:36:39,2025-09-09 13:35:45,2025-09-09 13:37:32,1164.67193510191,4.46802544704719,2.83841488386897e-50,0.878211312056975,52.1763566775318,710.981486983579,4.74679209414008,0.0197127443075997,3549.59243841754,1.30672846431631,5.40246601235088e-147,0.998175237221222,6.38665536167844,624.226167554534,0.99921248828909,4.23579611628025,711.00015491092,TRUE,4.74925930175888,0.0212586702094234,7.6031183004642,NA,462.863334854415,-0.282859709249075,5.26422906304161e-56,0.90503105867468,2.02489037853175,389.934583965311,-0.203693841206785,0.00445905602942556,18644.1085635534,0.295584183851323,1.47105925324272e-71,0.951658824476968,1.44467222087268,347.989147280041,0.96840929338922,1.17903487530332,389.965608717526,TRUE,-0.204471888345289,0.00459293189161496,1.61115027214557,0.077,0.252,21.6,NA
"194",1,"Sep","GCW","UP","1","1-Sep-GCW-UP-1",2025-09-09 13:43:48,2025-09-09 13:43:21,2025-09-09 13:44:14,NA,NA,NA,NA,NA,335.46070264928,3.44534196259575,0.0483338572582034,3526.95187601853,1.70782783526983,9.51755715988283e-53,0.990062638447114,5.52020194314652,291.565115395162,0.995974652580502,3.58433136666416,335.778023703625,TRUE,3.46826232142099,0.0497077148256375,5.11827314584072,NA,NA,NA,NA,NA,NA,261.617093635127,-2.21562015336438,0.024082717634072,18252.283367321,0.850938407516217,2.34699155712671e-58,0.99401062402882,2.75048324758501,177.890517966442,0.99885572777974,1.22650674675446,261.962248829592,TRUE,-2.2265102244981,0.025851450247009,2.8435556472026,0.00303448275862069,0.048551724137931,21.7,NA
"195",1,"Sep","GCW","UP","2","1-Sep-GCW-UP-2",2025-09-09 13:51:40,2025-09-09 13:51:13,2025-09-09 13:52:06,NA,NA,NA,NA,NA,351.416604807416,4.45486933317814,0.0527275220019138,3552.85243096976,1.85310549138296,2.42115105413369e-57,0.992768041675879,6.03897035960968,271.318931961551,0.998476293964742,2.8268463540021,353.492634119707,TRUE,4.52116523655533,0.0472244108788812,4.70243996366119,NA,NA,NA,NA,NA,NA,226.191047853702,-1.873999130088,0.016537684083125,18264.63414508,0.581215881680979,6.16345050619071e-64,0.99596671620264,1.89408832812124,186.238167865501,0.998212820533244,1.28579457686895,227.074961532062,TRUE,-1.88100630643821,0.0152660002568252,1.51552770410744,0.004,0.029,21.8237288135593,NA
"196",1,"Sep","GCW","UP","3","1-Sep-GCW-UP-3",2025-09-09 13:55:33,2025-09-09 13:55:06,2025-09-09 13:55:59,NA,NA,NA,NA,NA,301.524612803931,2.84844080603647,0.0332207496259667,3560.66890410952,1.16754118574931,1.13120554548505e-57,0.992976609421436,3.80482743543203,298.379363454247,0.993847080667296,3.63177416151593,301.737538587141,TRUE,2.83787047989303,0.0335723326551947,3.63425858590021,NA,NA,NA,NA,NA,NA,186.471726960333,-1.14405312283322,0.0114486311299101,18255.9049570645,0.402361431187383,4.13389630550044e-61,0.994819610372291,1.31123067094111,184.928046797958,0.995325045045003,1.27029114773473,186.598608841746,TRUE,-1.14542369870177,0.0116388020061292,1.36059834978987,0.005,0.0488813559322034,22.0118644067797,NA
"197",1,"Sep","GCW","UP","4","1-Sep-GCW-UP-4",2025-09-09 13:59:27,2025-09-09 13:59:00,2025-09-09 13:59:53,488.18729627692,5.8848007358088,3.14094844681395e-32,0.933220182052613,21.4265073885924,337.207262265325,5.20975962459227,0.0462272555844616,3572.62956101779,1.62465403119116,8.18160507946526e-64,0.99592253956349,5.29448408879394,306.996883252623,0.997836020656731,3.93343515208344,337.275367705689,TRUE,5.21040640857164,0.0463430921420333,6.14705794238709,NA,376.248658969274,-2.12670017498238,2.66559692525782e-33,0.939257254664351,7.60008897587955,230.305647393696,-1.93758915477678,0.0171798949955866,18248.7334154867,0.603786344379101,7.87374596167602e-64,0.995928549621874,1.96764180679282,182.361118142597,0.998444085357318,1.24045502315316,231.656820989331,TRUE,-1.91924771847583,0.0143596395044786,1.58979517274927,0.011,0.148,22.1016949152542,NA
"198",1,"Sep","GCW","UP","5","1-Sep-GCW-UP-5",2025-09-09 13:47:50,2025-09-09 13:47:23,2025-09-09 13:48:16,NA,NA,NA,NA,NA,350.682002253529,9.58690039072333,0.0523700929339502,3601.85179252416,1.8405436689518,9.67877801337417e-75,0.998450683231714,5.99803341690608,346.506532729286,0.998668353088774,5.67087380637851,351.01693570676,TRUE,9.61085776793146,0.0515159775123428,5.86319005172246,NA,NA,NA,NA,NA,NA,249.846568516029,-4.0682101155931,0.0205872974993677,18246.8352474537,0.723539294098219,1.82548906765347e-76,0.998670105091507,2.35789725484607,251.08448475711,0.998736418405772,2.34387545111785,249.923460502827,TRUE,-4.07082087729104,0.0211895893206596,2.2363859081721,0.003,0.025,21.7406779661017,NA
"199",1,"Sep","GWI","TR","1","1-Sep-GWI-TR-1",2025-09-17 11:32:21,2025-09-17 11:31:24,2025-09-17 11:33:17,930.428152652301,1.02581852887451,1.11574883790221e-45,0.835313300736768,14.0752888610466,665.524567241368,1.03623255318936,0.0125348438221886,3790.6040851544,0.874314716496647,3.15355745255245e-102,0.983875671553826,4.40421865166279,648.45825283805,0.986596216960983,4.05185987054164,665.864635417495,TRUE,1.0409126078034,0.0121120636689767,3.74552366582951,NA,NA,NA,NA,NA,NA,583.896112682366,0.862134220344768,0.00876260061417604,18518.6755721069,0.611197935964309,1.39882228671562e-110,0.988562309542685,3.07881052284922,387.122835879736,0.998034503298442,1.28784210886728,585.261512340941,TRUE,0.870877089768344,0.00887659535686148,3.29633776880238,0.358100840336134,0.95,19.0403361344538,NA
"200",1,"Sep","GWI","TR","2","1-Sep-GWI-TR-2",2025-09-17 11:39:10,2025-09-17 11:38:13,2025-09-17 11:40:06,866.353256237465,1.30812265153225,6.97580612621414e-57,0.896042877344409,10.6269204782274,651.380542872179,0.984888739181916,0.0117808705667304,3832.15484136369,0.821724518928721,9.15839715747161e-103,0.984227735657161,4.13930405666274,638.341250181069,0.986417455219158,3.87599802440565,651.721872226058,TRUE,0.982593718209827,0.0123180757474621,4.28796075281689,NA,807.515107155885,0.929942733715476,1.44079678086012e-43,0.820407890869227,8.20979859909596,803.031286386771,0.530748163617882,0.0229108802443807,18516.8862000857,1.59805100483946,1.58579801649914e-44,0.827334454906501,8.04992288134432,759.363011555189,0.886339754446023,6.59030996677978,803.100073153808,TRUE,0.53372977904911,0.0241789951544788,9.16520895507798,0.273252100840336,0.66281512605042,19.2495798319328,"low r2, but also low flux - checked"
"201",1,"Sep","GWI","TR","3","1-Sep-GWI-TR-3",2025-09-17 11:48:06,2025-09-17 11:47:09,2025-09-17 11:49:02,908.707139491543,1.82818803456041,5.09504922831649e-55,0.887773155919381,12.7962619768909,642.547749126185,1.14425025204668,0.0113332032069772,3817.24228853371,0.790499386308031,7.98535741626839e-112,0.989132347438638,3.98201251290406,642.587096711693,0.989503433989475,3.94885363670338,644.028831143121,TRUE,1.13221883931332,0.010927391405767,3.36171206292988,NA,NA,NA,NA,NA,NA,597.021856758157,0.20799069510406,0.00928185842087185,18510.6728177827,0.647416555716577,3.4102706401118e-43,0.817628795120365,3.26125594855312,358.213080882704,0.978325365616022,1.13447599151953,601.537338837082,TRUE,0.224758827832649,0.00833552115495568,2.99767307019438,0.252865546218487,0.726806722689076,19.4,"low r2, but also low flux - checked"
"202",1,"Sep","GWI","TR","4","1-Sep-GWI-TR-4",2025-09-17 11:57:25,2025-09-17 11:56:28,2025-09-17 11:58:21,939.155925670795,1.93552875872237,1.73759130875769e-61,0.9139558111404,14.624532152359,693.337061390465,1.49419299003309,0.0141610734733199,3950.51691215147,0.987745448985743,6.0323565268772e-114,0.990040218224963,4.97560757864097,643.757116224822,0.993775110804811,3.96916991242177,696.04419921696,TRUE,1.47373311056985,0.0123218598221885,4.14908530543609,NA,NA,NA,NA,NA,NA,377.165227869479,0.719465644680282,0.00353876688036029,18617.4123635335,0.246831632339373,1.13143878917038e-145,0.997297743031281,1.24337433473088,348.487089542858,0.997971215182043,1.08709935411445,377.370031865733,TRUE,0.719931394612503,0.00340461329598687,1.08574800122543,0.301,0.95,19.5941176470588,NA
"203",1,"Sep","GWI","TR","5","1-Sep-GWI-TR-5",2025-09-17 12:03:51,2025-09-17 12:02:54,2025-09-17 12:04:47,950.385759416639,1.50912267973783,1.68983144728121e-53,0.88054043648051,15.3628776903505,625.06209256471,1.33420042461353,0.0104965357903525,3776.80384238939,0.73214120925015,6.2867136200345e-123,0.99311557538678,3.68804265625423,623.843558544645,0.993423616702337,3.63720968454194,625.150303532793,TRUE,1.3323579281253,0.0111067917266595,3.93413641735,NA,NA,NA,NA,NA,NA,518.769990630301,0.3401176455414,0.0065853787357469,18577.0096545006,0.459335084189527,6.02029271448981e-80,0.959704304920125,2.3138260250917,374.155288600063,0.989058018506644,1.21663983653205,527.38478606944,TRUE,0.357084642071248,0.00460411723864271,1.53914551678136,0.363344537815126,0.95,19.6151260504202,NA
"204",1,"Sep","GWI","UP","1","1-Sep-GWI-UP-1",2025-09-17 12:11:43,2025-09-17 12:11:16,2025-09-17 12:12:09,475.515867602274,6.0508863889113,5.69923870949634e-36,0.952036437105849,19.0544520037331,385.946796163671,5.45286619871103,0.0725924957666666,3854.15641065771,2.55125876261588,1.04267154910957e-54,0.990868270490591,8.31413868167519,321.658466620493,0.997421632587203,4.50536329372751,388.661280418485,TRUE,5.34830916375055,0.0542513683509883,4.47110180365098,NA,NA,NA,NA,NA,NA,169.472607412132,-0.105024347520319,0.00978128548706602,18594.6301487031,0.343762671953532,8.41517703546797e-15,0.689160793535598,1.12026681498759,147.360944411784,0.808339334224405,0.897091499287264,169.481017391909,TRUE,-0.104149455885299,0.00992158548657441,1.36444307398378,0.044,0.312,19.3322033898305,"low r2, but also low flux - checked"
"205",1,"Sep","GWI","UP","2","1-Sep-GWI-UP-2",2025-09-17 12:16:25,2025-09-17 12:15:58,2025-09-17 12:16:51,504.348283482298,7.03431685186507,2.27352253987927e-33,0.939627373574425,24.8850591428975,362.808302122978,6.36266871036117,0.0585930586913691,3837.41705548876,2.05924941464079,5.59667242225823e-63,0.995609579398811,6.71075998419204,318.827069136358,0.998194416731877,4.38878264484471,364.95879067867,TRUE,6.2843326313393,0.0491177587672012,5.17630791609422,NA,NA,NA,NA,NA,NA,158.721659579377,-0.0546757732517716,0.00885449378566192,18584.2104356989,0.311190635073479,1.01815446125897e-07,0.423053106373381,1.01411982757353,143.326615021117,0.597142568374931,0.864198908937534,158.741240650335,TRUE,-0.0551995876267975,0.00888824362763689,1.02144686424836,0.0113728813559322,0.198372881355932,19.2627118644068,"low r2, but also low flux - checked"
"206",1,"Sep","GWI","UP","3","1-Sep-GWI-UP-3",2025-09-17 12:19:51,2025-09-17 12:19:24,2025-09-17 12:20:17,513.399879803344,8.98525898493558,1.51109061922655e-34,0.945599115472648,27.0605964971969,390.315185678523,7.28447182640985,0.0755889118256957,3878.76576705368,2.65656761921744,2.69884985980382e-60,0.994432009449473,8.6573231720231,331.023536764081,0.998275449126426,4.91347849742138,397.956312612033,TRUE,7.10503286851679,0.0470411396029749,4.14947896638234,NA,162.073306903151,-0.387526483920121,1.25306037749591e-27,0.899697888141987,1.04608522863396,190.148995195572,-0.18961283055644,0.0118451553271756,18597.1807434261,0.416297249513764,9.66440604944178e-22,0.831302544960079,1.3566452435066,157.740260244867,0.914040945595315,0.987585069094275,190.323910901718,TRUE,-0.186996911779651,0.0127713785934261,1.42481850857311,0.00793220338983051,0.185983050847458,19.1186440677966,"low r2, but also low flux - checked"
"207",1,"Sep","GWI","UP","4","1-Sep-GWI-UP-4",2025-09-17 12:23:23,2025-09-17 12:22:56,2025-09-17 12:23:49,482.781708342706,8.38347828312112,2.34023288829723e-36,0.953649180306827,20.3804697768424,396.82495587071,5.93202622286186,0.0802851966488964,3860.65389847173,2.8216182581353,2.43983328588552e-54,0.990564801056694,9.19519644523636,332.097944830847,0.997357501588557,4.9626028211546,402.037766895037,TRUE,5.76862241690399,0.0517004788925829,5.13523779521104,NA,162.531431694466,-0.608554895776957,1.27354392581784e-24,0.869175459823745,1.05053203839165,183.615626641089,-0.164245563050047,0.0111498360922796,18608.2242004766,0.391860298116671,3.38310518066773e-20,0.806688071899815,1.27700918077164,162.175022253687,0.879315127536188,1.02898200741514,183.616488313028,TRUE,-0.164040109583415,0.0116778149700937,1.50554689600579,0.006,0.138677966101695,19.1,"low r2, but also low flux - checked"
"208",1,"Sep","GWI","UP","5","1-Sep-GWI-UP-5",2025-09-17 12:27:43,2025-09-17 12:27:16,2025-09-17 12:28:09,537.226017008024,6.46797902022174,1.27758978204466e-30,0.923006458928455,33.7402351824493,398.591322688959,7.63326338059065,0.0816090776669372,3965.4768437968,2.868145974427,1.26394475954037e-59,0.994091379524492,9.34682272927277,387.483547684033,0.995533349625024,8.28759668223085,399.580451838444,TRUE,7.59040494657392,0.0742001727090392,6.0556096908428,NA,NA,NA,NA,NA,NA,185.428240422086,-0.102864646501997,0.0113385481215017,18624.9667730074,0.398492570682575,2.68577842222815e-12,0.612816734055067,1.29862268179929,165.556912804737,0.751153431990446,1.0617131392081,185.864316521075,TRUE,-0.104323355208456,0.0102161546434129,0.887620698930581,0.01,0.0986779661016949,19,"low r2, but also low flux - checked"
"209",1,"Sep","MSM","TR","1","1-Sep-MSM-TR-1",2025-09-11 14:11:17,2025-09-11 14:10:24,2025-09-11 14:12:09,814.482178485374,2.76958701472905,1.16911630259093e-71,0.954602653791848,11.0693579486006,770.500892663861,1.65640040636677,0.0285545506284902,3510.86216753051,1.8598857005383,4.94570782457372e-81,0.970019839116982,8.99547659496666,623.243868727263,0.992803586312298,4.45022370346716,776.326896420295,TRUE,1.59895467978207,0.0240497443785856,7.8205201766647,NA,NA,NA,NA,NA,NA,575.208221386911,-0.0886055552162455,0.0113659775683167,19162.4217606402,0.740316996298991,5.12765099525768e-12,0.368827364790413,3.58059864169941,337.443403380669,0.935492645205328,1.15585341985656,576.898346772292,TRUE,-0.101074606080619,0.011213011609434,3.57379252514885,0.33590990990991,0.95,25.109009009009,"low r2, but also low flux - checked"
"210",1,"Sep","MSM","TR","2","1-Sep-MSM-TR-2",2025-09-11 14:17:57,2025-09-11 14:17:15,2025-09-11 14:18:38,NA,NA,NA,NA,NA,486.228114887451,1.70382792478393,0.0192144999310008,3603.08149561951,1.00764741042206,3.22271909737942e-83,0.989679161388078,4.26998761359427,487.393075474711,0.990021681906677,4.25069287106402,486.298063623632,TRUE,1.7073635307026,0.0200351757312406,5.13562853513925,NA,NA,NA,NA,NA,NA,278.441376358724,0.0819342429783228,0.00557805067618561,21652.0367364226,0.292524309206349,1.12126488501364e-24,0.724608148455818,1.23959548158134,245.328183413272,0.822960783070856,1.00623892692064,278.71864133768,TRUE,0.0825977056209219,0.00557469195945495,1.17054229124745,0.307674157303371,0.95,24.7,"low r2, but also low flux - checked"
"211",1,"Sep","MSM","TR","3","1-Sep-MSM-TR-3",2025-09-11 14:25:34,2025-09-11 14:24:37,2025-09-11 14:26:30,927.339509019314,2.5272931059392,1.69782436156704e-70,0.940579411367913,13.8859010746913,837.629643104269,1.69242631105282,0.0266651933779851,3698.54125393768,1.85991714929326,1.21391638926133e-89,0.972949320424837,9.36903113364929,747.09280811735,0.988195962363106,6.24501597483019,848.813574467892,TRUE,1.61484090474677,0.0176036068740536,5.64319997851025,NA,570.597481831804,0.236482280974793,7.09771901691358e-53,0.877443189673092,2.90436855044822,355.716401194633,0.247550080373855,0.00322104076531707,18129.9157505289,0.224669998565695,9.66146397220654e-99,0.98139085883868,1.13173869715583,356.094502192371,0.981972797332499,1.1239832520458,355.720425524504,TRUE,0.247633678358746,0.00313718612219122,1.08657715894678,0.312033613445378,0.95,24.6,NA
"212",1,"Sep","MSM","TR","4","1-Sep-MSM-TR-4",2025-09-11 14:32:25,2025-09-11 14:31:28,2025-09-11 14:33:21,1012.78975551433,3.3477665463581,2.53247696227753e-70,0.940153856529694,20.199458499139,882.053539413607,2.46327549865764,0.0324013713212813,3618.87434338356,2.26001984410224,3.18805080816263e-98,0.98098994442082,11.3844835992318,709.997360153578,0.995942302759639,5.30730603471421,896.710309488342,TRUE,2.35550218215437,0.0235690125786109,7.22918413714749,NA,922.385598034683,2.19017956904714,1.97120776653189e-67,0.932604045826322,13.5874467642411,718.658890707578,1.56752864500262,0.0158244711772816,18733.5290444787,1.10376868091354,6.60240234181531e-111,0.988714614061207,5.56005580127881,559.192683840526,0.997309856565326,2.73918477703936,740.712574954256,TRUE,1.50255674846172,0.00764300041336853,2.36136893021696,0.307949579831933,0.842201680672269,24.4,NA
"213",1,"Sep","MSM","TR","5","1-Sep-MSM-TR-5",2025-09-11 14:38:38,2025-09-11 14:37:41,2025-09-11 14:39:34,937.181653126229,2.3637319613204,2.46183513748378e-73,0.947122192191929,14.4984437041255,872.623330405597,1.87036488200796,0.0310885685479468,3608.68884938681,2.1684508703786,4.10632926864212e-87,0.969985438050449,10.9232197380867,702.021018632734,0.993511162219753,5.12484568527182,875.706304425373,FALSE,1.8231364108155,0.0297996544105858,10.1900763192009,NA,394.742148729822,0.627507117970821,9.50818605526868e-84,0.965533481194728,1.3430198255896,520.328823786218,0.20628439160332,0.00663055715417212,17954.0991886192,0.462486312609884,6.11390669445164e-57,0.896287164394244,2.32969982742251,370.420768946217,0.973115357106882,1.19687423515503,522.43660022191,TRUE,0.198233307052392,0.0068860376062237,1.96473100903014,0.329058823529412,0.95,24.4504201680672,"low r2, but also low flux - checked"
"214",1,"Sep","MSM","UP","1","1-Sep-MSM-UP-1",2025-09-11 15:04:58,2025-09-11 15:04:31,2025-09-11 15:05:24,576.400067480457,13.846209933761,9.60886860171775e-33,0.936190322534319,48.4927225945169,410.199026514726,12.0689716924803,0.0908690301606841,3863.82051563612,3.19358643065562,1.64470909211787e-67,0.99706088707879,10.4073804137227,345.91606562663,0.999170051366423,5.63995410660851,410.3516126261,TRUE,12.034630033217,0.0982648189100426,10.3943522253586,NA,161.919535766159,-0.136419481378246,8.69362898187672e-20,0.799574558706558,1.0445968651694,158.357682060282,-0.132411242297133,0.00882470293348197,17986.0056108097,0.310143637420799,1.55277577783636e-20,0.812368100911629,1.01070783196912,158.403463589649,0.825616692690167,0.993668262182784,158.40895588782,TRUE,-0.131108427780336,0.0101973622835437,0.932095669274703,0.0379661016949153,0.160406779661017,23.3050847457627,"low r2, but also low flux - checked"
"215",1,"Sep","MSM","UP","2","1-Sep-MSM-UP-2",2025-09-11 15:00:58,2025-09-11 15:00:31,2025-09-11 15:01:24,NA,NA,NA,NA,NA,408.621147629863,7.31548880496642,0.0895510855896308,3748.33599141789,3.14726735042522,1.37703550120192e-56,0.992268079601667,10.2564340407846,382.709997644996,0.995556478995092,7.92926610000872,409.480008657868,TRUE,7.38679901850575,0.0865549798935811,8.43305978490656,NA,180.398434761537,-0.16428295628564,6.59985402632967e-18,0.763459668089088,1.2395295998114,174.82050804208,-0.142323855713624,0.0102778234836482,17981.1043527193,0.361213469055533,4.43570109927767e-19,0.786673513900099,1.17713613351295,176.497064103506,0.795657593269799,1.17489815800717,174.849122181226,TRUE,-0.143673037401112,0.0114156085043074,1.35725339286364,0.0249830508474576,0.100237288135593,23.4050847457627,"low r2, but also low flux - checked"
"216",1,"Sep","MSM","UP","3","1-Sep-MSM-UP-3",2025-09-11 14:57:17,2025-09-11 14:56:50,2025-09-11 14:57:44,481.635723746016,6.34556195316056,4.16701348662357e-35,0.945235163898551,18.6070999867282,390.244193939222,4.89119435632439,0.0688606764251851,3707.4786090533,2.45978201450223,3.0652825121941e-54,0.989604384479326,8.10686422867645,338.939554239984,0.996196790828729,4.9986847460954,390.293116127572,TRUE,4.90609752239173,0.0721017294914625,8.98661249905834,NA,NA,NA,NA,NA,NA,176.170085123743,-0.05922358823202,0.00983509409442153,17976.3489163303,0.351320794687214,1.67238776101641e-07,0.406231546228337,1.15787088711449,179.946809688408,0.408637094925336,1.1779624871724,176.458234240191,TRUE,-0.0630084177764061,0.0108744681470606,0.994558077447421,0.0602666666666667,0.308266666666667,23.5266666666667,"low r2, but also low flux - checked"
"217",1,"Sep","MSM","UP","4","1-Sep-MSM-UP-4",2025-09-11 14:53:11,2025-09-11 14:52:44,2025-09-11 14:53:37,518.520297874055,6.90488461414666,2.07179597082555e-32,0.93427905542433,28.3744741773573,374.225239875131,6.95286199761468,0.065126310570562,3722.70904635523,2.28886014684021,1.34995389151921e-62,0.995458365532598,7.45902413453231,323.423786167864,0.998353840125251,4.57961109841192,374.233321456294,TRUE,6.95269372934745,0.0661842680441203,9.16394643960254,NA,NA,NA,NA,NA,NA,179.163578073218,-0.243958516674156,0.0106995547197935,17972.3206763771,0.376035187200381,9.72680636254702e-29,0.909071347823812,1.22543770995932,181.947166501652,0.911096721819526,1.2357096011411,179.238187417764,TRUE,-0.246823538100215,0.0123458892269503,1.37452964755226,0.0441525423728814,0.228610169491525,23.5847457627119,NA
"218",1,"Sep","MSM","UP","5","1-Sep-MSM-UP-5",2025-09-11 14:49:06,2025-09-11 14:48:39,2025-09-11 14:49:32,529.726405768899,18.928374831797,4.50051877186538e-42,0.972051088138837,31.4767822527913,508.017917849845,11.74317548696,0.224786197284317,3804.2286293144,7.90009696567082,1.29400357037485e-46,0.981302885041142,25.745135199035,352.236924581782,0.999030076475252,5.97989135751375,508.622514418703,TRUE,11.5958662506732,0.217898127315709,28.5015609251997,NA,159.319278339609,-0.166560983445066,1.34747850463628e-06,0.364467923910361,1.01974702147796,158.067250708734,-0.0495836778242677,0.00880100360622566,17968.9320112604,0.309310726033855,7.24352927316561e-07,0.379033667013087,1.00799350879576,161.731429444183,0.382883419140405,1.02476429532407,158.069721591582,TRUE,-0.050004253535903,0.00918137849793872,0.946530206011702,0.0330677966101695,0.170135593220339,23.7932203389831,"low r2, but also low flux - checked"
"219",1,"Sep","SWH","SWAMP","1","1-Sep-SWH-SWAMP-1",2025-09-16 13:16:02,2025-09-16 13:15:15,2025-09-16 13:17:07,649.004371642977,1.5760093466416,4.19669132312263e-49,0.932212009075273,11.7844103884735,542.204188063889,1.39535383966734,0.0214144976599874,3761.7726518904,1.29737603770707,9.53917628556814e-72,0.98127918784408,6.19289647019131,434.050452758995,0.99515287361432,3.19082225641259,544.711474295626,TRUE,1.36668324899903,0.0190277588530115,4.92745193820881,NA,1655.37148634428,569.597042251506,1.59133156481401e-42,0.901503976767516,5060.54772595927,1572.69612251944,492.604542482746,10.634416829298,30773.578027247,644.275564544256,4.65084743619731e-60,0.963623336612667,3075.38581994183,1467.65994522766,0.990220986886901,1614.5989099754,1572.73794992492,TRUE,494.747160131647,12.0361079955681,3572.79234588521,0.087,0.627,17.7,NA
"220",1,"Sep","SWH","SWAMP","2","1-Sep-SWH-SWAMP-2",2025-09-16 13:23:54,2025-09-16 13:22:57,2025-09-16 13:24:50,1070.8481653861,3.83083644595907,5.69895308560576e-64,0.924077181212523,27.1589820286265,806.468960916184,2.94979193397895,0.024036123109392,3808.36882230718,1.68138567796824,2.22540002012145e-120,0.992683893376824,8.43077189147159,624.763961336055,0.998585648349642,3.74071194981428,809.911699415587,TRUE,2.91182441931329,0.0210345523020963,8.00325397580674,NA,NA,NA,NA,NA,NA,1455.15901864104,126.046395525527,0.424056973754248,23746.8777625819,29.6638238649371,7.0621966163042e-163,0.998745226745622,148.739777976626,1208.95336870166,0.999862928749135,49.6096234644438,1456.18339112705,TRUE,126.388417279783,0.45043751638975,146.798164770255,0.05,0.584872881355932,17.6,NA
"221",1,"Sep","SWH","SWAMP","3","1-Sep-SWH-SWAMP-3",2025-09-16 12:58:55,2025-09-16 12:58:02,2025-09-16 12:59:48,1066.77755838898,3.82508830926755,5.45357593792528e-53,0.894028041905641,34.7229269363346,621.691646391194,3.41814006422577,0.0135795977803055,3897.54593552901,0.892335612215341,7.42229983993836e-148,0.998345509523416,4.33863367505899,594.598069102482,0.998762740427142,3.78815111632169,622.051362047531,TRUE,3.41399804350793,0.0132196574522112,3.59596470304434,NA,886.280368730745,-1.01403685429225,0.184518501636844,0.0167087691446861,14.9387032076457,887.769755019427,0.0261365652972062,0.0470835720273578,21367.7028868962,3.0939317018101,0.580000054672264,0.00292614774710812,15.0430354746018,824.231970189663,0.469600449737678,11.0776955907841,888.639642254987,TRUE,0.042810132954405,0.0425119007014244,15.3548621838747,0.037,0.6,17.8116071428571,"low r2, but also low flux - checked"
"222",1,"Sep","SWH","SWAMP","4","1-Sep-SWH-SWAMP-4",2025-09-16 12:49:38,2025-09-16 12:48:44,2025-09-16 12:50:32,1148.27644074432,5.75013225681419,8.29680004450051e-57,0.908281718437016,48.3624839713421,758.882575007857,5.00551288597674,0.0243019643377374,3795.45934709032,1.62951236719216,8.10965747524302e-140,0.997507657664441,7.97231575994641,633.467152594971,0.999248036868096,4.42094570469347,763.039842740355,TRUE,4.96665467360669,0.0198354198545588,6.81798890543033,NA,NA,NA,NA,NA,NA,402.033159898405,0.178183763075662,0.00465748945088142,18395.5174291114,0.312297251152369,7.36292998066547e-64,0.932468333941074,1.52790021559645,315.541627705436,0.970784129925686,1.01458149117274,402.480651930508,TRUE,0.180850759062638,0.00455199422255902,1.72536756187297,0.029,0.335008849557522,17.7,NA
"223",1,"Sep","SWH","SWAMP","5","1-Sep-SWH-SWAMP-5",2025-09-16 13:05:50,2025-09-16 13:04:58,2025-09-16 13:06:41,1124.21531801327,5.79808144896037,1.89010882376954e-52,0.898374620789368,52.8155519832682,660.475708388161,5.46217939545317,0.0185590366917141,3909.41188367717,1.18741581175719,3.09524288880019e-151,0.998823835652018,5.68191508360544,572.263815653876,0.999515381949649,3.68349947563208,660.896195793247,TRUE,5.45304755095583,0.0192569875581697,6.10476374512982,NA,1398.93355449299,18.800582872569,8.51864909985357e-50,0.885454307653124,197.861332570074,827.237501141254,19.2810354613321,0.041375801779295,23839.4628300141,2.64724306939924,1.41163411638546e-171,0.999530507818308,12.6673488571207,822.148643939083,0.999569796312503,12.2464072901787,827.328652100765,TRUE,19.283472114438,0.0403797315308822,12.6582473645256,0.024,0.427333333333333,17.9,NA
"224",1,"Sep","SWH","TR","1b","1-Sep-SWH-TR-1b",2025-09-16 14:18:16,2025-09-16 14:17:19,2025-09-16 14:19:12,NA,NA,NA,NA,NA,1279.70387681803,23.9044847240966,0.185356532636704,3688.142608383,12.9287565590718,1.25305414033267e-123,0.993311013894087,65.1265153221172,1187.94103635887,0.997112366257076,43.1778901565026,1280.26414750224,TRUE,23.9899169535935,0.157522035618042,71.5103716050743,NA,2777.17846916866,4230.18078004897,1.60340058221362e-54,0.885454569820904,46360.4862880203,2231.87580679511,4123.91713584325,12.0699461086853,57532.939876305,841.887753835805,7.01032281263583e-171,0.999041499479118,4240.87308390212,2067.6447385932,0.999780871354146,2046.07403992852,2235.61582483058,TRUE,4145.61940070584,11.1175461797856,2964.29347768332,0.206,0.487,18.7,NA
"225",1,"Sep","SWH","TR","2","1-Sep-SWH-TR-2",2025-09-16 14:36:36,2025-09-16 14:35:39,2025-09-16 14:37:32,1295.58299753668,15.7934661950464,1.34411799496e-76,0.953758134512019,69.8239471993965,1389.88498659971,9.24857446158329,0.30052521341916,4046.15207410204,20.9618580413066,1.82106927342894e-56,0.894248077489871,105.591961815484,1251.24128076065,0.969739736384924,56.994867116209,1395.60288125179,TRUE,9.10419724458541,0.216502137125465,70.5076348870971,NA,2622.34566263672,3736.48550500994,1.01060829059291e-70,0.941127053296346,23508.3634913799,2579.45758604843,2858.680252795,55.4343843938992,114898.16866252,3866.5897049091,7.09253718192767e-80,0.959586233653981,19477.3188365443,2411.72388491894,0.991040320079022,9253.87069356189,2589.3798074991,TRUE,2704.89540423386,46.6821156935821,12779.7817595316,0.0795210084033613,0.328588235294118,19.0521008403361,NA
"226",1,"Sep","SWH","TR","3b","1-Sep-SWH-TR-3b",2025-09-16 14:58:44,2025-09-16 14:57:47,2025-09-16 14:59:40,1328.68817206835,6.71661673708525,5.53261830518995e-54,0.882895947969947,80.7352407191838,1135.16306208011,7.02957311674479,0.0983301045465635,3608.53577630776,6.85859821624035,2.72159119429088e-95,0.978555371615278,34.549076686327,1090.03326006923,0.98606350396136,28.1039037690516,1135.42482024815,TRUE,6.99764657717349,0.10988486048709,33.9105228010473,NA,2399.55262021721,805.704307262647,4.53200990966784e-54,0.883311898827435,8848.02070039036,2294.38839385383,761.865092246629,15.8773979226467,32235.246164921,1107.46036092371,1.60136583745186e-76,0.953613365899226,5578.65204088223,2227.5140339041,0.975089075362282,4125.1565653704,2294.61788646923,TRUE,758.70504521711,17.0012045363175,6236.34747497495,0.237,0.63036974789916,18.8,NA
"227",1,"Sep","SWH","TR","4","1-Sep-SWH-TR-4",2025-09-16 15:43:51,2025-09-16 15:42:54,2025-09-16 15:44:47,NA,NA,NA,NA,NA,1166.77829917537,13.015116251286,0.112955456711533,3637.189837294,7.87872745065042,3.44732609015491e-118,0.991634574959429,39.687812334399,1103.42292643776,0.995366694510592,29.8037760250979,1166.85615180193,TRUE,13.0167335515807,0.120870748561641,45.8270463957414,NA,NA,NA,NA,NA,NA,1332.82232475976,45.5861141289781,0.233984956004785,20281.7594976701,16.3206254003478,1.32233841300686e-143,0.997057956091877,82.212504763768,1286.3712092137,0.998110049002456,66.4892211632135,1332.87165791024,TRUE,45.6366032880773,0.256439105453785,84.0136072969787,0.229294117647059,0.494084033613445,18.4394957983193,NA
"228",1,"Sep","SWH","TR","5","1-Sep-SWH-TR-5",2025-09-16 15:15:50,2025-09-16 15:14:58,2025-09-16 15:16:42,1104.0345153445,4.10562585574064,7.21947320577047e-48,0.872492891149696,45.577443548589,658.060094444646,4.16707580768339,0.017549731466031,3695.9771716104,1.1329662264525,6.79789332457385e-143,0.998176428972699,5.45059739562043,605.603937944926,0.99893484641435,4.20675098306799,658.063315141836,TRUE,4.16760070827249,0.0193864967376853,5.59546802506464,NA,NA,NA,NA,NA,NA,764.934446906399,9.81534585891423,0.0291940270896705,26791.3002509537,1.88469246784529,1.9697576104617e-158,0.999089628875108,9.0670839226589,587.490330052009,0.999838288620576,3.85910517279227,771.529296110534,TRUE,9.87970588626986,0.0231483290195664,7.56371171595876,0.133,0.416672727272727,18.7327272727273,NA
"229",1,"Sep","SWH","TR","6","1-Sep-SWH-TR-6",2025-09-16 13:54:20,2025-09-16 13:53:28,2025-09-16 13:55:12,NA,NA,NA,NA,NA,568.452794478161,0.588424910983143,0.0114539794553275,3655.97318749051,0.739439911458753,3.17526791005216e-75,0.962438667814161,3.55737811199781,553.224858464462,0.968723972116653,3.27810799037111,568.476748227682,TRUE,0.590028318386115,0.0116634872347281,4.12651012326337,NA,NA,NA,NA,NA,NA,454.850697404682,2.78344538181238,0.00666836600587588,29907.8711191883,0.430492824628386,4.2118679912854e-168,0.999409181603089,2.07106179687267,359.208962835411,0.999771270567282,1.30132269705437,455.37604631,TRUE,2.78789404974097,0.00657525955587688,1.98074392500589,0.355118181818182,0.756209090909091,19.1881818181818,NA
"230",1,"Sep","SWH","TR","7","1-Sep-SWH-TR-7",2025-09-16 14:26:00,2025-09-16 14:25:06,2025-09-16 14:26:53,845.225894246816,1.61852545984543,6.126810335368e-61,0.923340537649221,11.890177026251,734.183617474354,1.34584506089521,0.0219481447989692,3680.69558860089,1.45490983397437,1.28877301907164e-84,0.972581887994124,7.11089407298762,634.855354989613,0.98946755338804,4.44945001533026,734.185445602031,TRUE,1.34492975602604,0.0230831000049903,8.48855968747496,NA,1765.17352109712,115.154591014973,3.1632880590114e-59,0.917423037453978,841.115839125398,1464.92126357841,92.7764460674048,0.646599617948657,37917.4099348471,42.8621257702726,3.09968730497274e-123,0.994877629899061,209.489295472623,1149.53808110742,0.999733833825015,48.2102134143518,1465.05436007895,TRUE,92.6953427787632,0.660419565751244,246.485690869754,0.360309734513274,0.755,18.9690265486726,NA
"231",1,"Sep","SWH","TR","8","1-Sep-SWH-TR-8",2025-09-16 15:07:49,2025-09-16 15:06:56,2025-09-16 15:08:42,813.367614244476,0.852959794663806,5.21956243986412e-41,0.82091700443986,10.6253384657491,613.575643295041,0.79405255463743,0.0130742318021701,3722.0832239389,0.859127260481512,1.28318721152451e-83,0.972322088426763,4.17717102451219,597.533579415254,0.977049822498725,3.8404724998679,614.416941369646,TRUE,0.791154023440316,0.0125800858537372,3.46078162624173,NA,1752.90075023436,101.75349468586,1.88291679103892e-55,0.904863455958051,857.124623945521,1424.04718380234,88.9285078768226,0.577029530359614,60063.1716189088,37.9174705738738,1.51217958797275e-125,0.995598632235229,184.35890314458,1282.73043428818,0.998868193662159,94.3913906162754,1435.67344099063,TRUE,90.5159229394241,0.4176828848605,115.495220445733,0.298401785714286,0.7220625,18.90625,NA
"232",1,"Sep","SWH","TR","9","1-Sep-SWH-TR-9",2025-09-16 15:23:33,2025-09-16 15:22:41,2025-09-16 15:24:24,936.589955196571,2.53514563743641,4.29000603766942e-53,0.901283980488907,21.4293328827547,607.195545904192,2.24528185932591,0.0143651077934533,3772.17973345851,0.919086287444994,2.8818143012675e-123,0.995842170002979,4.39792883677424,580.138757356868,0.996915559325549,3.82563146076165,607.304685175286,TRUE,2.2441110445593,0.0148545189455836,4.39907036966376,NA,1718.11627944967,328.901177516929,3.00723868041161e-81,0.97228856615166,917.909476525415,1748.05815206957,178.506499161618,3.46240451109875,80881.4093215814,221.526253300293,7.1938591260145e-75,0.963043271668764,1060.02745422336,1437.55201157345,0.998203841497751,236.016719591848,1753.20459015019,TRUE,171.923013752611,2.95421543892129,995.251045067917,0.337,0.659449541284404,18.5449541284404,NA
"233",1,"Sep","SWH","UP","1","1-Sep-SWH-UP-1",2025-09-16 12:22:48,2025-09-16 12:22:21,2025-09-16 12:23:14,524.150939349392,9.87895309097518,9.0301049275733e-35,0.94666465746008,29.8930351056459,405.396957025919,8.12550600097103,0.0869171733260703,3848.41274441386,3.05469866723833,1.29855804328845e-59,0.994085237303595,9.95476771008022,339.493872089727,0.998379151455876,5.31435246827472,408.997790463526,TRUE,7.97890829906773,0.0726596878674483,6.74027984772071,NA,NA,NA,NA,NA,NA,171.651505132479,0.208156839322063,0.00998062680732767,18221.0094356188,0.350768510293953,6.40170192262576e-27,0.893218653779676,1.14309770630962,167.977498198243,0.90736453952065,1.08577780410877,171.657488794449,TRUE,0.207572586213066,0.010764920079852,1.1985975178258,0.016,0.352,18.3,"low r2, but also low flux - checked"
"234",1,"Sep","SWH","UP","2","1-Sep-SWH-UP-2",2025-09-16 12:26:43,2025-09-16 12:26:16,2025-09-16 12:27:09,463.36562552089,6.74019175815866,1.52590566993472e-36,0.954404680637636,17.0269695952445,380.559911691546,4.99581384958277,0.0690605041746384,3804.98989130014,2.42712713711548,7.25732339965472e-54,0.9901608834975,7.90961383914845,322.106049149952,0.996904922609994,4.52407353628153,385.451582232946,TRUE,4.86867298480319,0.0516410493256435,4.77676685430368,NA,171.175851587156,0.086565882563734,0.54445640128527,0.00710711128939409,1.13807434603043,171.477740352448,-0.00282269492773759,0.0099645815573438,18240.6106849069,0.350204600978156,0.77809244445675,0.0015407662172445,1.14126001727387,163.988335777696,0.192900809642721,1.04640440484069,171.696782310055,TRUE,-0.00671728289091347,0.0103727183242526,0.987467811996325,0.014,0.421033898305085,18.1,"low r2, but also low flux - checked"
"235",1,"Sep","SWH","UP","3a","1-Sep-SWH-UP-3a",2025-09-16 12:34:00,2025-09-16 12:33:33,2025-09-16 12:34:26,507.473855660999,13.4824822072999,1.2046747354808e-40,0.968286680591078,25.6157673011616,471.209162416428,8.98287799470184,0.159864711844967,3910.37952096431,5.61843538536686,3.12197892875e-48,0.983797454332752,18.3095700257686,363.698772306151,0.997945235699844,6.64942656303939,479.502954222069,TRUE,8.58717949660055,0.105797756120599,10.7991281227296,NA,310.022326121287,0.847425596080329,1.53716022184422e-28,0.907459738904889,4.11629369109061,202.318756109857,0.84657463332449,0.0132580103206372,18440.5606834509,0.465951950654783,4.44396389739894e-51,0.987407098916194,1.51846186420104,204.21579665307,0.987888086493928,1.51867220054761,202.322821326255,TRUE,0.847337448285426,0.0129581911362828,1.4942444960067,0.014,0.345864406779661,17.9,NA
"236",1,"Sep","SWH","UP","4","1-Sep-SWH-UP-4",2025-09-16 12:38:39,2025-09-16 12:38:12,2025-09-16 12:39:05,386.294213996091,4.07214826426947,3.92896137408946e-37,0.956721094649562,8.34092693076873,357.011682948841,2.49240262195822,0.0555311340556333,3814.19574211245,1.95163826317274,2.93253988446426e-43,0.974836456803726,6.36007268813636,331.146788279406,0.985526163453313,4.91908904704113,359.938101276328,TRUE,2.4096030772951,0.0387118220295522,3.50703642093595,NA,250.867422032904,0.890146682424145,6.86139181223969e-27,0.892934098704451,2.3802905868271,213.059596669367,0.445675648145102,0.0146443434704049,18568.4841921961,0.51467454324367,8.28698365235398e-35,0.94684035102245,1.67724089424322,210.557816524379,0.952870633718055,1.61052273598268,213.796474176437,TRUE,0.433766908779375,0.0104413926014047,1.00704944246427,0.033,0.568016949152542,17.8491525423729,NA
"237",1,"Sep","SWH","UP","5","1-Sep-SWH-UP-5",2025-09-16 12:42:57,2025-09-16 12:42:30,2025-09-16 12:43:23,578.419282368097,19.3449293198075,7.64035706973578e-37,0.955600719538767,49.4078921340437,488.354261833813,14.701377964089,0.187368792499037,3975.4372011451,6.58506459456139,1.10245199906197e-55,0.991624150437676,21.4596579026883,401.248463202668,0.998450072595933,9.41414121072674,493.755128367512,FALSE,14.35183536428,0.123553689963219,14.5890356158932,NA,583.679176157252,17.2162624059051,6.97322224297246e-35,0.947191735925458,51.8737504993913,458.24567345493,14.1757550400016,0.141782699652881,18818.961363063,4.98294418805266,4.02201107992475e-61,0.99482507393345,16.2386072434452,380.319583846528,0.998864951654898,7.75569198122217,466.505116633075,TRUE,13.8295659831118,0.0797681229359922,7.94049676883602,0.00832203389830508,0.18728813559322,17.8186440677966,NA
"238",2,"Apr","GCW","TR","1","2-Apr-GCW-TR-1",2025-04-16 10:59:44,2025-04-16 10:59:17,2025-04-16 11:00:10,NA,NA,NA,NA,NA,430.759276279148,4.64493421298049,0.109924297445798,3765.30549867055,3.86328261786753,6.21907655338179e-42,0.971701432665742,12.5898117126004,310.665344608278,0.997157240010755,4.06933812494349,430.985057655364,TRUE,4.68888559740181,0.110776270104201,15.5149391596749,NA,NA,NA,NA,NA,NA,258.09690271039,0.0467334215595463,0.022221632306239,18312.8820792358,0.780977889548647,0.0403179045740228,0.0783877399249267,2.54508032512226,167.758780164701,0.839366989773597,1.08358114780393,258.304553848767,TRUE,0.0379940230515522,0.0219955840654747,3.00270738198412,0.034,0.506016949152542,17.3966101694915,"low r2, but also low flux - checked"
"239",2,"Apr","GCW","TR","2","2-Apr-GCW-TR-2",2025-04-16 11:08:48,2025-04-16 11:08:21,2025-04-16 11:09:14,NA,NA,NA,NA,NA,286.742532202254,2.24867716370799,0.0289712382323278,3832.82184367569,1.01819237131117,1.92648936378181e-55,0.99144242452466,3.31812386252227,280.567080689256,0.992912145936227,3.07957849234696,286.79897809234,TRUE,2.24598952039082,0.030251523469326,3.39207348900601,NA,NA,NA,NA,NA,NA,178.073448363077,-0.854658888671128,0.010592098853715,18406.494806514,0.372258657449861,2.60382583242815e-56,0.992076321410056,1.2131306117765,179.881921867164,0.992391456638692,1.21230407772615,178.098617315154,TRUE,-0.854062411144087,0.0111926028806059,1.26320368549033,0.022,0.334,16.8915254237288,NA
"240",2,"Apr","GCW","TR","3","2-Apr-GCW-TR-3",2025-04-16 11:12:51,2025-04-16 11:12:24,2025-04-16 11:13:17,NA,NA,NA,NA,NA,313.076359449906,2.25531132278784,0.0369710541619367,3844.43232560597,1.29934540612804,4.63682822403471e-50,0.98621879210075,4.23435602073915,262.636391154077,0.994971315813853,2.60848040476679,314.510674681201,TRUE,2.2990062589574,0.0360752256778182,3.71086988529633,NA,NA,NA,NA,NA,NA,151.103277598146,-0.398307117864841,0.00825141357949338,18460.9091947219,0.289995418621724,7.26887894400919e-45,0.978170760958345,0.945048053455513,149.938266498693,0.980161947080853,0.918757263318181,151.256080734172,TRUE,-0.395625261954644,0.00893373920000642,0.926467957863694,0.017,0.337,16.5864406779661,NA
"241",2,"Apr","GCW","TR","4","2-Apr-GCW-TR-4",2025-04-16 11:17:12,2025-04-16 11:16:45,2025-04-16 11:17:38,380.609723624762,1.74973060899892,8.87683367332267e-30,0.917056582261812,7.91326276534631,285.22066425502,1.7176710741702,0.0285658566969588,3803.85796308088,1.00394526238634,9.70197966403508e-50,0.985821955601654,3.27169484436478,283.575634116796,0.987229255056581,3.16657230371346,285.241878542453,TRUE,1.72166301899814,0.0300907938695011,3.73043053302552,NA,NA,NA,NA,NA,NA,156.055578703623,0.0322759737067876,0.00863858821569619,18275.1307889201,0.303602647204276,0.000465365483676999,0.211638711165582,0.989391805318848,149.660757457279,0.349683099440185,0.916399521096504,156.066116347656,TRUE,0.0318853148268893,0.00792864015926548,0.989792655856933,0.027,0.376,17.0474576271186,"low r2, but also low flux - checked"
"242",2,"Apr","GCW","TR","5","2-Apr-GCW-TR-5",2025-04-16 11:21:29,2025-04-16 11:21:02,2025-04-16 11:21:55,NA,NA,NA,NA,NA,263.376790088442,3.04875659797376,0.0233349932172518,3859.44517491462,0.820106889732159,3.85695086028603e-67,0.996962948101789,2.67259539288726,267.213849082413,0.996972098369194,2.72141428008002,263.663031970624,TRUE,3.06081939598253,0.0241011709265873,2.70148342290602,NA,235.544742598631,-0.471065780497231,2.45064201800641e-27,0.897082103448721,2.06544544312553,168.202249308942,-0.399324482238729,0.00966690639771967,18395.1099669837,0.339742825950539,1.95547587322971e-41,0.970427397531338,1.10716678858588,159.541238096102,0.976608208509406,1.00419184214064,168.210689714456,TRUE,-0.399258948115574,0.0102624027812009,1.08830132814994,0.024,0.434779661016949,17.4,NA
"243",2,"Apr","GCW","UP","1","2-Apr-GCW-UP-1",2025-04-16 11:26:52,2025-04-16 11:26:25,2025-04-16 11:27:18,NA,NA,NA,NA,NA,292.903992666176,1.66370141100582,0.0306721204276457,3820.88819199436,1.07796977060228,1.89901943477917e-47,0.982632736098873,3.51292871533405,286.023406152599,0.98580209091321,3.23916074378455,292.938048165908,TRUE,1.6667705222054,0.03319818671682,4.0532110836781,NA,NA,NA,NA,NA,NA,219.940897525155,-1.309446868632,0.015607786094008,18382.3812100726,0.548534674511863,3.47969757738734e-57,0.992666462134185,1.78758557243448,174.700627596593,0.997053549561866,1.15551692555362,221.43905537522,TRUE,-1.32630376251731,0.0146332733930322,1.40852012421171,0.0131525423728814,0.272,17.3152542372881,NA
"244",2,"Apr","GCW","UP","2","2-Apr-GCW-UP-2",2025-04-16 11:35:00,2025-04-16 11:34:33,2025-04-16 11:35:26,NA,NA,NA,NA,NA,312.121489169737,1.77262157801413,0.0366456193667028,3820.98105448371,1.28790802042816,6.53810146712285e-45,0.978259502003776,4.19708343504222,294.237081792802,0.985503460220322,3.49511688556261,312.736293104784,TRUE,1.7982451792591,0.0366346998651018,3.69977493981358,NA,NA,NA,NA,NA,NA,278.21553516593,-0.482114402774659,0.0267718209293682,18346.6759282102,0.940893986573708,5.3102925763872e-24,0.861811681783449,3.06622095875024,159.160306066908,0.985848553559766,1.00065614759807,278.61840915867,TRUE,-0.492520611330943,0.025486548446574,3.37105574075096,0.006,0.15028813559322,17.328813559322,"low r2, but also low flux - checked"
"245",2,"Apr","GCW","UP","3","2-Apr-GCW-UP-3",2025-04-16 11:40:02,2025-04-16 11:39:35,2025-04-16 11:40:28,NA,NA,NA,NA,NA,430.983484045549,11.5229523603679,0.110152737087592,3745.58920437717,3.87131111491397,3.87113629334661e-62,0.995270583469129,12.6159752828456,364.659490173841,0.998714039825164,6.70884064341109,432.265217890329,TRUE,11.6315427121282,0.102684342611785,11.9078846542865,NA,NA,NA,NA,NA,NA,300.213822207011,-2.95006806706289,0.0328199879812799,18336.7125089414,1.15345644259605,9.88030611800353e-59,0.993605156178497,3.75892754100034,216.418519953568,0.998741836545159,1.70033379115389,303.094966752535,TRUE,-2.99907168997571,0.0287750514277759,2.90197696074815,0.012,0.148322033898305,17.7,NA
"246",2,"Apr","GCW","UP","4","2-Apr-GCW-UP-4",2025-04-16 11:45:00,2025-04-16 11:44:33,2025-04-16 11:45:26,390.568757783074,1.76789808096543,1.37320052448086e-29,0.915655415697171,8.67767349409581,291.814792813499,1.86848292315451,0.030364341069359,3810.99782722454,1.06715288413918,2.96664744753908e-50,0.98645342872594,3.47767823605066,287.773463104772,0.988327683118929,3.29207642393606,291.95013903746,TRUE,1.86568481048347,0.030084241474679,3.70472224891623,NA,NA,NA,NA,NA,NA,193.872432197805,-0.845135939183154,0.0122606533389229,18235.815209666,0.430899901373635,8.70631461629828e-53,0.989174441386204,1.4042329184466,188.125356883891,0.990962265976186,1.3084599662847,194.608924491201,TRUE,-0.85472794188462,0.0117680114203976,1.11360695720188,0.008,0.119,17.5576271186441,NA
"247",2,"Apr","GCW","UP","5","2-Apr-GCW-UP-5",2025-04-16 11:30:47,2025-04-16 11:30:20,2025-04-16 11:31:13,NA,NA,NA,NA,NA,351.063815379369,2.71844513398162,0.0525555649324916,3817.11272224492,1.84706207084033,2.14836876902167e-46,0.980934869181845,6.01927583185759,273.689458272664,0.995775383379572,2.88957966076402,354.177156113553,TRUE,2.79810725353241,0.0438700135704806,4.54133419385339,NA,NA,NA,NA,NA,NA,303.822041690647,-2.32249967432494,0.033935007770042,18397.408517317,1.1926437439352,1.25770678012362e-52,0.989020233544023,3.88663260277943,208.968129138249,0.998239802258827,1.5869905380802,308.742309524085,TRUE,-2.38637306929808,0.0250667631540358,2.72760585874483,0.007,0.200067796610169,17.5864406779661,NA
"248",2,"Jul","GCW","TR","1","2-Jul-GCW-TR-1",2025-07-16 15:08:55,2025-07-16 15:07:58,2025-07-16 15:09:51,NA,NA,NA,NA,NA,870.801327015247,9.50493419286941,0.0308411222625345,4024.55749153469,2.15119130720036,7.18521153568933e-166,0.99882220873203,10.8362774864753,686.983975524282,0.999773243777775,4.7977567787743,871.053900600583,TRUE,9.51151271335568,0.0320308348435276,11.448941203599,NA,714.711214750336,0.615030752617529,3.53357305612901e-56,0.892990146463806,5.46461557564446,410.047897352134,0.501297596949576,0.0040877739776706,17821.8630407325,0.285125287326109,3.38471701281332e-121,0.992607723943039,1.43627241405032,405.11210722038,0.993165033594821,1.39356936854338,411.989361159238,TRUE,0.496502092034989,0.00351082631941354,1.24808518210876,0.016,0.41336974789916,28.7243697478992,NA
"249",2,"Jul","GCW","TR","2","2-Jul-GCW-TR-2",2025-07-16 15:02:23,2025-07-16 15:01:26,2025-07-16 15:03:19,1396.58740320342,10.0584647630227,4.66023385335921e-56,0.892460545497682,108.742077120968,847.276259302193,9.9835280056109,0.0278175972854946,4347.88047240913,1.94029818235409,2.85497506257758e-173,0.999131216226851,9.77393755735104,730.068613223371,0.99969997394944,5.79569951805404,848.100607119018,TRUE,9.97612293728463,0.0265484853607473,8.30567853035374,NA,1231.24355624496,5.16457947119008,7.45243382730882e-57,0.895920236518446,52.6563322515876,695.632635603263,4.91383450719671,0.0143043716967659,17769.6445073241,0.997740607073382,3.82918859366014e-171,0.999051794328694,5.0259565672206,517.613067403774,0.999807920652932,2.28255084840665,699.939358237235,TRUE,4.8927356931262,0.0117614093092002,4.08110918699955,0.019,0.312,28.9134453781513,NA
"250",2,"Jul","GCW","TR","3","2-Jul-GCW-TR-3",2025-07-16 14:53:40,2025-07-16 14:52:43,2025-07-16 14:54:36,1291.7874216748,6.74405325012663,1.43677268607945e-55,0.890278858740084,68.671191354489,712.205774474769,6.24224551413201,0.0153828677930493,4012.90714000136,1.07296651511346,3.06325734287018e-179,0.99932030252483,5.40489488431305,640.859263416186,0.99964902552424,3.91904147424994,714.199893119308,TRUE,6.22634762781378,0.0140869802031082,4.60768044839198,NA,407.936475171095,-0.177770802179855,5.63425182622492e-41,0.800251858866316,1.4230330329143,344.540927762509,-0.0902435670080568,0.00306696751110778,17687.1768993485,0.213923274036487,1.6020052692417e-54,0.885456348565285,1.0776038144611,347.172121231796,0.88682345883715,1.08084765736431,344.608679164044,TRUE,-0.090245839649634,0.00326722974811971,1.08698489219634,0.015,0.386,29.2,"low r2, but also low flux - checked"
"251",2,"Jul","GCW","TR","4","2-Jul-GCW-TR-4",2025-07-16 14:46:42,2025-07-16 14:45:44,2025-07-16 14:47:37,1264.09039593552,11.0338127553896,3.25634843256114e-54,0.903957895116571,97.6689593914567,834.440515150028,9.33076559733455,0.0368580738990005,3969.04509756731,2.62989401744654,9.36246883126626e-146,0.998395386269405,12.6244067228409,680.687884883756,0.999642822685493,6.01486085545118,843.565270316292,TRUE,9.23821685839476,0.0280489109251958,8.54651401963546,NA,803.372367761467,1.38102010768597,8.58694357282051e-57,0.914407926989971,10.8882956944909,476.236366139219,1.1006709208649,0.00669486392096271,17710.1273558464,0.477691336275604,1.70610016339315e-126,0.996203757711589,2.29308469357099,337.698657298724,0.999023216533925,1.17462762222751,488.093584719872,TRUE,1.08072742542952,0.00470931248521818,1.30144630118392,0.022,0.396,29.5463636363636,NA
"252",2,"Jul","GCW","TR","5","2-Jul-GCW-TR-5",2025-07-16 14:39:56,2025-07-16 14:39:00,2025-07-16 14:40:52,1268.3851274808,6.03918576046755,2.18181047193641e-57,0.900256380051492,65.0896256208767,765.973797698963,6.25844709354921,0.0203254181659449,4605.68910378815,1.42394025040714,1.41372493826116e-164,0.998830606625944,7.0477343368733,710.128442781339,0.999311417250633,5.45752231701404,766.36987283961,TRUE,6.24580334934958,0.0209944472977267,6.48227608127838,NA,622.179340064038,0.536168775918216,1.0903580798273e-62,0.919933636308785,3.73014658725561,388.638585626807,0.398510710689889,0.0038276360641685,17688.8407524325,0.268153157351097,1.60988257419685e-112,0.989863695370515,1.32721314259075,313.844448379595,0.994952817096207,0.94509095909819,388.653242583683,TRUE,0.398911954093702,0.00414417952821275,1.38281976145947,0.02,0.42835593220339,30.1220338983051,NA
"253",2,"Jul","GCW","UP","1","2-Jul-GCW-UP-1",2025-07-16 15:17:04,2025-07-16 15:16:37,2025-07-16 15:17:30,585.03476443024,18.0667999063915,4.74666189832478e-35,0.947966428256196,52.5289599060318,477.712074530843,14.4470482763592,0.169786209729238,4122.94996608357,5.96712581332628,1.67894747263501e-57,0.99286913959996,19.4458955986614,427.60507087494,0.997381896106033,12.0161984044711,481.028412976902,TRUE,14.2049856940635,0.134132254044195,14.5635980045179,NA,328.11742828244,-1.29449291011027,1.42153348208742e-31,0.929233132291098,4.86711038641009,206.732394351562,-1.14763330853514,0.0138110492628979,17640.1030535097,0.485388469989313,5.7123035944927e-57,0.992525330365593,1.58180232954476,202.201807877025,0.993617587896006,1.49061435921221,206.848812767856,TRUE,-1.14475755414965,0.0143322480513055,1.69481789366216,0.016,0.261915254237288,28.6,NA
"254",2,"Jul","GCW","UP","2","2-Jul-GCW-UP-2",2025-07-16 15:24:48,2025-07-16 15:24:18,2025-07-16 15:25:10,440.596934956671,21.0453558235941,3.97888753790139e-23,0.931414954250712,65.3095915519523,292.615153456371,16.2019216463156,0.104705905630042,3891.52226178988,4.11251244562981,1.25753814892836e-53,0.998457090584186,9.79563210724279,290.317320017118,0.998687167579178,9.29038555582952,292.661737402563,TRUE,16.1877474795599,0.106018344343658,9.61951483166376,NA,204.311001860525,-0.993115252048788,1.39143773775381e-22,0.92662273832326,3.15766261574401,109.923266271859,-0.755445852551172,0.0100638705750596,17567.881734434,0.395276586760787,4.83262876035672e-42,0.993476469267358,0.94151302292833,105.266108958737,0.994775091111272,0.866345603637154,109.944872959459,TRUE,-0.756877377101049,0.00958404873274354,0.812047955314919,0.014,0.231380952380952,28.6690476190476,NA
"255",2,"Jul","GCW","UP","3","2-Jul-GCW-UP-3",2025-07-16 15:28:42,2025-07-16 15:28:15,2025-07-16 15:29:08,603.51186939418,16.6045342427538,1.81597105913866e-33,0.940146296844132,62.3303795392068,474.865937265019,15.9965740791671,0.165370255546251,3814.56998781276,5.81192737737683,2.22280009902111e-60,0.994473408680441,18.9401290576228,416.929385196005,0.998244773267098,10.8852282653898,474.875275313412,TRUE,15.999661295997,0.167310558857373,26.2296156471068,NA,306.328651481246,-1.22116783875647,8.49577648675766e-34,0.941867765099836,3.97789377848951,212.31719103484,-1.03346534953991,0.0145440216122115,17624.8524966008,0.511148737757926,1.82218384325481e-53,0.989806325750032,1.66575086579035,175.961619657105,0.995171953374749,1.16908764130401,212.343858378494,TRUE,-1.03159681513097,0.0151905086916338,1.86156794679955,0.024,0.302542372881356,28.8,NA
"256",2,"Jul","GCW","UP","4","2-Jul-GCW-UP-4",2025-07-16 15:32:22,2025-07-16 15:31:55,2025-07-16 15:32:48,592.110040541711,11.8424770502482,4.42224102267467e-30,0.91924638288328,56.0854516835005,347.258378513476,12.421013931977,0.0507359870746588,4431.92622618608,1.78311311984987,2.68285861942351e-81,0.999133148227199,5.81087656837512,345.108710740409,0.999226453905773,5.59794978085667,347.316380117444,TRUE,12.4309733332387,0.0543692933688863,5.98443840662825,NA,NA,NA,NA,NA,NA,153.197854170633,-1.07517912517869,0.00841300527993572,17577.3393253529,0.295674548914263,1.21106256940471e-66,0.996826317229601,0.963555418343527,157.166448501059,0.996828162463938,0.982351873293222,153.689511326355,TRUE,-1.07104989904949,0.00891107545759934,0.835426028312739,0.036,0.412203389830508,28.6796610169492,NA
"257",2,"Jul","GCW","UP","5","2-Jul-GCW-UP-5",2025-07-16 15:20:53,2025-07-16 15:20:26,2025-07-16 15:21:19,658.777583293545,22.0677052324933,8.77745173842812e-31,0.924108393248938,103.976874426771,496.626561646933,23.7189954809353,0.202284312563446,3988.78640310602,7.10926962238702,1.04985273966739e-64,0.996232131721615,23.1679571010436,486.907035544284,0.997077486306372,20.8082152367001,496.743380458741,TRUE,23.7337899236426,0.213998297211027,25.9423964296657,NA,436.329685289995,-3.02536964901397,7.24396924009739e-32,0.931041979795207,13.2562051211928,284.326975000861,-3.17178662505022,0.0283304523919074,17623.0868980843,0.995671992681575,1.1519450842144e-63,0.995868531506275,3.24473359971007,266.938648235496,0.997219716819575,2.71448851968742,284.381857692246,TRUE,-3.17564600634461,0.0285896132040454,3.82238031639583,0.008,0.230728813559322,28.5271186440678,NA
"258",2,"Jul","GWI","TR","1","2-Jul-GWI-TR-1",2025-07-23 11:53:37,2025-07-23 11:52:43,2025-07-23 11:54:36,NA,NA,NA,NA,NA,1057.87778943634,8.57710964752441,0.105891125257045,3297.69373521082,7.07776226217784,8.79479866707956e-96,0.9843958429366,34.8925468920788,1007.25146178881,0.990679701617044,27.2297720781225,1058.56407612213,TRUE,8.4969287231284,0.103618124929521,30.1830950265611,NA,787.58825916754,1.89726663293519,1.18122575869701e-68,0.948146144163769,9.75053968539109,691.602086982235,1.31123516653976,0.0188157797922998,17171.4211980606,1.25764662358735,4.12707093641324e-89,0.979034056758753,6.2000519601634,370.250024125726,0.999026112721672,1.34930166555725,692.092743412897,TRUE,1.3007104585651,0.0191509476606226,7.4049260433415,0.278522522522523,0.732477477477477,32.9486486486486,NA
"259",2,"Jul","GWI","TR","2","2-Jul-GWI-TR-2",2025-07-23 12:01:50,2025-07-23 12:00:53,2025-07-23 12:02:46,1418.67139880833,10.8003607904846,5.27194671357642e-53,0.880387853708895,126.56407191617,1027.42002034462,11.0464710894438,0.0643301663726987,3466.60610252245,4.5058474902336,1.73849986969013e-136,0.996249636327352,22.4109098605897,956.350812542723,0.998069993169423,16.2237206815988,1027.44448117115,TRUE,11.0370677264288,0.0687457368047946,25.2236187255691,NA,488.986873385598,1.73540773393514,1.05094859781822e-78,0.95878715821281,2.06907228376437,660.682550548062,0.277694043233361,0.0126961208816311,17316.3577158301,0.889268404480266,4.79062306362748e-42,0.811672838150269,4.42298903766148,365.778752356484,0.98662998761656,1.1892510058333,661.106409607841,TRUE,0.271508813956926,0.012845665783084,5.09263368519167,0.163,0.341906779661017,32.8305084745763,"low r2, but also low flux - checked"
"260",2,"Jul","GWI","TR","3","2-Jul-GWI-TR-3",2025-07-23 12:08:26,2025-07-23 12:07:29,2025-07-23 12:09:22,NA,NA,NA,NA,NA,897.277700282849,10.9482978194245,0.0346387633162514,3600.66849516731,2.4160796064354,4.26310541732035e-167,0.998880142009505,12.1706093535779,894.691237544693,0.998943009315038,11.931061794101,898.683130837782,TRUE,10.9843339125293,0.0322091563764602,10.7708881009952,NA,534.583270658591,0.917145616587955,1.08370997342993e-90,0.974091302483816,2.48000092626849,631.804813670208,0.449748619791123,0.0108115890195352,17321.835254427,0.754116407239183,6.07716170022005e-70,0.939211582054846,3.79873915378671,351.183346885066,0.994993586736191,1.10003136847014,633.21984692046,TRUE,0.438883898067354,0.0103762197834977,4.34592666107436,0.164100840336134,0.345100840336134,32.5100840336134,NA
"261",2,"Jul","GWI","TR","4","2-Jul-GWI-TR-4",2025-07-23 12:29:04,2025-07-23 12:28:07,2025-07-23 12:30:00,1285.99485305996,6.81212606456064,2.17756771849447e-59,0.906210570845828,66.9485068059456,1090.85373209513,6.52851620420315,0.0809629032673707,3514.43107241269,5.6472229587458,4.8941391410445e-101,0.983066601148579,28.4469701993195,986.501329995105,0.993454169595078,17.8467439219529,1090.85793691214,TRUE,6.53083873597876,0.0829062532166709,36.5036978370003,NA,647.852228211912,1.04933775511142,1.09147826848236e-69,0.938572961296187,4.07574114876054,761.839735896957,0.452084270492482,0.0191240598902241,17292.1437858637,1.33391745747868,2.40563765527268e-45,0.833042293428851,6.71939295445765,618.808130358978,0.954029972846079,3.55776168217744,762.484651922877,TRUE,0.43771279498589,0.0151181841210382,4.82507600950241,0.056,0.2,32.4,"low r2, but also low flux - checked"
"262",2,"Jul","GWI","TR","5","2-Jul-GWI-TR-5",2025-07-23 12:37:36,2025-07-23 12:36:39,2025-07-23 12:38:32,1078.63294425982,3.54769257223276,1.19248359023615e-64,0.92444313001899,26.9623571236549,1069.1427324938,2.84992270722058,0.0736090060420151,3321.4459184774,5.13428313604527,1.12317293581249e-66,0.930478354796597,25.8631189936913,993.27720046365,0.96549641252242,18.3850862924485,1072.37073229668,TRUE,2.74142352471834,0.0647272768010439,24.0347015225047,NA,NA,NA,NA,NA,NA,804.182777188267,-0.191065629206961,0.023026881994875,17205.2316336292,1.60614221355617,2.67081384323194e-13,0.380697311428788,8.09068103361172,792.241585522837,0.461515272701147,7.61259913130814,805.352631318906,TRUE,-0.200273021404888,0.0162842557713665,4.7928845626819,0.265016806722689,0.566966386554622,32.846218487395,"low r2, but also low flux - checked"
"263",2,"Jul","GWI","UP","1","2-Jul-GWI-UP-1",2025-07-23 12:52:32,2025-07-23 12:52:05,2025-07-23 12:52:58,NA,NA,NA,NA,NA,311.832111375079,5.35100794574617,0.0365475616415525,3395.54351212724,1.28446178775782,1.04971775455022e-69,0.997580103757532,4.18585272149395,302.76334460042,0.998100272481247,3.7822296741816,311.910077076417,TRUE,5.34980338146608,0.0415684203234732,4.13140583880854,NA,161.649871302089,-0.16941377852798,1.19583266531776e-18,0.778422079992701,1.04199187192316,156.643237858747,-0.124505962061308,0.00868572138246726,17217.961991455,0.30525913942795,1.06072396570908e-19,0.798042177354332,0.994790044915139,157.396790123201,0.809825993961748,0.984449262146169,156.726896493828,TRUE,-0.12587775419179,0.00946033967325429,1.10500990321854,0.01,0.056,34,"low r2, but also low flux - checked"
"264",2,"Jul","GWI","UP","2","2-Jul-GWI-UP-2",2025-07-23 12:56:07,2025-07-23 12:55:40,2025-07-23 12:56:33,NA,NA,NA,NA,NA,388.761782474603,7.21079541215383,0.0745094706747461,3370.07247324381,2.61863072689815,2.16993930380411e-60,0.994478521819132,8.53369299051578,298.160359185981,0.999042311392506,3.6244170490071,392.767794272537,TRUE,7.34172582840371,0.0520843491707608,5.55332365483543,NA,185.299949003696,-0.112896136710928,3.54156060011219e-07,0.3954392747426,1.29708098519744,191.702146890921,-0.0593540902301477,0.0120167316768853,17278.1788105719,0.422327289685707,8.51399593518144e-06,0.319341072173861,1.37629616679993,184.034564450494,0.451605455832714,1.25982539968488,191.761303972275,TRUE,-0.0580406087973866,0.0120221624786911,1.2303870968241,0.01,0.065,33.6016949152542,"low r2, but also low flux - checked"
"265",2,"Jul","GWI","UP","3","2-Jul-GWI-UP-3",2025-07-23 12:59:58,2025-07-23 12:59:31,2025-07-23 13:00:24,NA,NA,NA,NA,NA,353.002527775159,1.87522496239855,0.05350751066321,3409.65695191751,1.88051814452096,7.53658811612287e-38,0.959382079265739,6.12830375187925,320.650077988655,0.979281731401502,4.4634927991849,353.491324887322,TRUE,1.90078728680605,0.0533767058960665,5.41348502334553,NA,222.074724866645,-0.324411885370016,1.62409964713814e-28,0.907264082195197,1.82325529621697,181.006182400107,-0.368703237569982,0.0108836675629104,17254.4701733576,0.382505821655792,4.09194298055533e-37,0.956653442159357,1.24652445859063,176.155305625507,0.96320646425243,1.17118615090717,181.024655050754,TRUE,-0.368385156454998,0.0106356001373314,1.6167534471334,0.002,0.011,33.1,NA
"266",2,"Jul","GWI","UP","4","2-Jul-GWI-UP-4",2025-07-23 13:06:00,2025-07-23 13:05:33,2025-07-23 13:06:26,NA,NA,NA,NA,NA,467.491585632622,2.3395487402183,0.154455479977493,3442.74613083546,5.42832826678436,1.03921691875498e-20,0.815231912467053,17.6900417476382,460.249746636506,0.849957399943305,16.2569599693735,467.614741007364,TRUE,2.28975755284175,0.160998764793424,17.7173861349668,NA,195.131282180272,-0.410501407101223,2.61197904067724e-19,0.790953860540468,1.42069644631394,189.821850566551,-0.176133037755956,0.011809329254647,17349.1902467555,0.415038144416147,2.002966758121e-20,0.810529719156248,1.35254202412729,189.407863774803,0.82540104002731,1.32409063578683,189.849448103743,TRUE,-0.177533377333348,0.0130841008942296,1.52724740447702,0.003,0.008,32.6135593220339,"low r2, but also low flux - checked"
"267",2,"Jul","GWI","UP","5","2-Jul-GWI-UP-5",2025-07-23 13:10:22,2025-07-23 13:10:05,2025-07-23 13:10:39,218.4323088566,3.77479944097089,1.5377862998691e-21,0.938344840696778,5.18219642249347,249.208583854456,1.85154045977672,0.134623891193147,3405.5641143242,3.25889934776618,3.21933510822388e-15,0.851456320075227,8.04370708849745,215.17663951949,0.949888422215274,4.82030278992467,249.215799351967,TRUE,1.84141125163966,0.144923938985432,9.38942686377548,NA,91.7423754192603,-0.287646100221089,2.94489018296792e-07,0.554188411498154,0.848209852889605,95.8343717999414,-0.0862692808923737,0.0150507033898924,17253.0433718635,0.364338952217416,2.12548813124455e-06,0.498897536687442,0.899271655804826,93.543505276926,0.581334800385131,0.848080720976848,95.9360775505928,TRUE,-0.081751681436904,0.0167203547347613,0.847831447082253,0.002,0,32.4,"low r2, but also low flux - checked"
"268",2,"Jul","SWH","SWAMP","2","2-Jul-SWH-SWAMP-2",2025-07-22 10:24:06,2025-07-22 10:23:42,2025-07-22 10:24:30,411.604489596169,4.23524132040156,1.26354094193279e-29,0.935503245390119,15.4981263721951,293.72638261059,4.21385054145349,0.0470197514794052,4288.61136109439,1.51707025789237,3.44193074147492e-54,0.994182100687938,4.65471791691111,276.226843446849,0.996248434767387,3.81996329640229,293.977240062804,TRUE,4.23393675040633,0.0494224990595482,5.02436635531558,NA,972.176939745531,1140.18088370633,9.43069132147892e-29,0.929752584697878,4726.05539849232,782.772180931614,1233.95592849473,6.91073311447716,127379.534789702,222.971567018963,3.23372994740219e-68,0.998528002571173,684.127674750412,767.714470374766,0.999002309922935,575.604435532476,783.269701851789,TRUE,1233.61839179303,6.60268528833774,597.204078100534,0.024,0.599,24.1925925925926,NA
"269",2,"Jul","SWH","SWAMP","3","2-Jul-SWH-SWAMP-3",2025-07-22 10:31:15,2025-07-22 10:30:48,2025-07-22 10:31:41,484.055372142899,4.22423681828907,1.78807053278587e-30,0.922006084802769,20.6222432305781,311.150833941478,4.64185493134578,0.0363177407083526,4473.47109775101,1.27638474531058,1.20485150402275e-66,0.996826944763508,4.15953094965795,298.196143603842,0.997681966553742,3.62561815218658,311.258444484234,TRUE,4.64002060268722,0.0354995550044965,3.57500829049629,NA,862.664490727118,142.01755492382,6.06134563012106e-29,0.910707472017321,686.777418117417,638.020258557823,144.604487563761,0.749101953000309,34101.8773270404,26.3271416900682,6.15402288340133e-76,0.998606470917728,85.7958864505409,641.297889930532,0.998624988299044,86.9117138476937,638.587066879128,TRUE,145.141139349484,0.716818287553368,77.4490558328575,0.025,0.622,24.2,NA
"270",2,"Jul","SWH","SWAMP","4","2-Jul-SWH-SWAMP-4",2025-07-22 10:36:15,2025-07-22 10:35:48,2025-07-22 10:36:41,543.924742174799,7.60553029643625,1.06560200432541e-29,0.916472738672393,35.8992455715515,324.00480588886,7.81516538652772,0.0409079575563381,4300.93797625685,1.43770763181626,1.05530779617107e-75,0.998577264184271,4.68525608212596,317.489616720442,0.99882900253067,4.33476790110483,324.082185335388,TRUE,7.82609248905109,0.0410303036733688,4.29970132967191,NA,584.825799862386,19.4890122343965,1.00778274451622e-36,0.955125764203761,52.4274221367038,494.889083482878,15.5162090532557,0.199056048331983,25882.8191314815,6.99581247614105,1.54654053942747e-55,0.991514413067174,22.7982186557951,288.265275929143,0.999828311211689,3.30710214171491,494.947250304135,TRUE,15.4772967057954,0.217214862704489,28.323757410606,0.014,0.3,24.4254237288136,NA
"271",2,"Jul","SWH","SWAMP","5","2-Jul-SWH-SWAMP-5",2025-07-22 10:44:48,2025-07-22 10:44:21,2025-07-22 10:45:14,NA,NA,NA,NA,NA,318.239665929913,11.4816430141325,0.0387815136146256,4297.27736631589,1.3629738913351,1.37924629490051e-85,0.999407092148057,4.44171093818941,321.91193393208,0.999410679674107,4.51594943648287,318.364879830111,TRUE,11.4917943279712,0.0385771245445739,4.92908255279857,NA,804.783979117985,81.5467850701149,4.09901408473354e-30,0.919481397911871,401.850281666481,534.93011957603,89.1403097721509,0.288396644128809,38803.2914478365,10.1356821758496,1.4707614851932e-86,0.999455999686398,33.0305449522465,521.513279364295,0.999605974453773,28.6678433991739,535.276934333048,TRUE,88.9865156931375,0.295000409732187,35.4846080957124,0.015,0.415,24.9813559322034,NA
"272",2,"Jul","SWH","TR","1","2-Jul-SWH-TR-1",2025-07-21 16:46:16,2025-07-21 16:45:19,2025-07-21 16:47:12,NA,NA,NA,NA,NA,1516.72121833948,31.0853676069194,0.524177788267083,4137.39421283327,36.5617921406662,1.95948163818576e-86,0.969136292598609,184.174100979756,1428.36157705714,0.986272396168345,123.940872597948,1534.87708007326,TRUE,29.1019533601052,0.26656028494677,85.4214331635704,NA,NA,NA,NA,NA,NA,2382.46651314773,4373.37965836774,23.3641810296914,155022.175524563,1629.66907309932,1.15284862228919e-141,0.996813611351909,8209.19377468762,2355.49063335074,0.997571752153535,7231.19892668434,2382.74343045419,TRUE,4377.19407275428,24.0857094310937,9381.22951094248,0.025,0.44153781512605,28.2,NA
"273",2,"Jul","SWH","TR","2","2-Jul-SWH-TR-2",2025-07-21 16:59:42,2025-07-21 16:59:02,2025-07-21 17:00:21,NA,NA,NA,NA,NA,711.346430487197,3.67327298288868,0.0974541824827985,3542.86193024171,4.88584772554387,8.02623789456249e-52,0.947955242242093,20.1284766530764,605.349288876836,0.986840554307844,10.2537261819456,712.767182140763,TRUE,3.73620554485792,0.0931776463760725,17.9718107971464,NA,1899.33246524605,4267.08404849648,1.45811209002824e-40,0.898891301826689,33760.5513007579,1572.98738661337,4536.07641322058,21.2611835387584,38147.6283554149,1065.92557229187,1.11764904456802e-109,0.998289334160139,4391.34807325698,1513.27557925426,0.999228574299624,2987.46501086925,1572.9969322887,TRUE,4534.03800085854,22.7706996560442,5287.92458382836,0.028,0.475,27.6247058823529,NA
"274",2,"Jul","SWH","TR","3","2-Jul-SWH-TR-3",2025-07-21 16:21:08,2025-07-21 16:20:41,2025-07-21 16:21:34,424.833484037921,1.84166686861405,2.52522381787667e-24,0.865695304675864,11.9176375031903,351.85621656654,2.01157717630441,0.0529425856953924,3472.16139012745,1.86066389155522,1.31741659999177e-39,0.965232599333797,6.06360196035697,353.702983379326,0.966591662431617,6.06161956092643,351.925740478546,TRUE,1.99788538226744,0.0503752064611945,5.31614551500283,NA,NA,NA,NA,NA,NA,806.050075337553,266.295425186807,3.5500136585068,39621.7035621291,124.765009909335,1.11953639963576e-54,0.990843258805304,406.588939627278,752.411356891346,0.996850931560254,243.160378103952,806.176284749201,TRUE,266.926456028474,3.50937778825938,477.818897418545,0.04,0.617,27.8,NA
"275",2,"Jul","SWH","TR","4","2-Jul-SWH-TR-4",2025-07-21 16:10:27,2025-07-21 16:09:30,2025-07-21 16:11:23,1554.52789768641,50.3612985222487,1.54176879426293e-78,0.957302824833925,217.391587999825,1526.2992047991,31.1559458652247,0.546666884105058,4234.12628706054,38.130423368208,1.45781016088759e-84,0.9666681748886,192.07582650212,1330.99022492759,0.994198083669451,80.8614571007824,1534.04662636602,TRUE,29.8408045010005,0.434082549293713,161.078877044755,NA,2045.08930867649,402.99958913001,1.30792102281415e-74,0.949820980076961,1869.23664673658,1972.59609044234,247.979151688588,3.87105404037706,28790.1157531251,270.008909872841,4.42399375126228e-90,0.973432422365683,1360.12611310273,1817.84857298022,0.993399340928182,684.084135998926,1985.25263909664,TRUE,236.160068992082,2.60751734341039,872.109282227385,0.027,0.397394957983193,27.8285714285714,NA
"276",2,"Jul","SWH","TR","5","2-Jul-SWH-TR-5",2025-07-21 15:48:41,2025-07-21 15:47:49,2025-07-21 15:49:33,1346.48538204669,12.5406357765415,1.95367230479248e-48,0.875683992230541,144.595598741794,827.119827867984,13.3950558280681,0.0392552423492898,3279.04232021009,2.53421904939333,4.28715765648853e-159,0.999116188821073,12.1918971881499,809.59378060228,0.999280012776032,11.1125023786627,829.531205473498,TRUE,13.3714984714623,0.0331729914233334,9.32731318226824,NA,1438.13591982451,19.3262779089959,1.12635762002791e-47,0.871388423239237,223.714795016331,961.906765133937,20.3704221459853,0.0745841155876732,21996.872621495,4.81496165079351,3.80703581950783e-149,0.998621106907725,23.1643422558171,893.276689322242,0.999309565339846,16.5528924412479,962.251404336902,TRUE,20.3689751024536,0.0750418011456866,20.4219852753445,0.034,0.335145454545455,29.6,NA
"277",2,"Jul","SWH","TR","6","2-Jul-SWH-TR-6",2025-07-21 16:36:47,2025-07-21 16:36:26,2025-07-21 16:37:08,NA,NA,NA,NA,NA,325.48097197533,1.50503086620364,0.125016963261548,3765.04324066184,3.60170377954735,4.83808140497529e-15,0.779484778548329,10.173339401838,252.940571714773,0.962813067761761,4.28350273258152,325.533240998985,TRUE,1.47712592556044,0.131428702598816,11.3868624818714,NA,NA,NA,NA,NA,NA,618.570744120296,154.2032567409,3.77618696669412,50585.5417727468,108.790891375001,7.78221152480801e-35,0.97600311089555,307.289752164313,591.963177330405,0.988223331569649,220.719881154823,621.969229987558,TRUE,148.241703813518,1.52055538384842,111.523040694966,0.045,0.745,28.9,NA
"278",2,"Jul","SWH","TR","7a","2-Jul-SWH-TR-7a",2025-07-21 16:54:22,2025-07-21 16:53:25,2025-07-21 16:55:18,882.844818548162,1.33893719251045,6.62005560190344e-64,0.922096438764807,11.4240623456811,862.052108725334,1.19213793963375,0.0296800520926058,3484.12351384203,2.07020579586459,2.40998215019194e-68,0.935084951050028,10.4283261014539,783.221307448084,0.968609870393423,7.31730456980213,865.764543413134,TRUE,1.14128252321522,0.0260763157360356,7.66742915666435,NA,2154.39777720844,343.180779153921,1.89696446657613e-59,0.906441124278342,3019.08330772596,1794.36746860147,296.706072381413,1.77149239094714,21693.1287410977,123.56291706046,2.81809034131284e-136,0.996023387512143,622.428164256603,1500.54966965929,0.999708293322195,170.105538517552,1794.36767695637,TRUE,296.727962290728,1.80138869438259,844.490770021066,0.043,0.72,27.8,NA
"279",2,"Jul","SWH","TR","8","2-Jul-SWH-TR-8",2025-07-21 16:29:53,2025-07-21 16:29:21,2025-07-21 16:30:24,NA,NA,NA,NA,NA,390.383474203031,0.489623740694766,0.0335131457470031,3504.99115913338,1.37097032225665,9.55590278068552e-22,0.774913129016464,4.95269418426573,382.416962169407,0.813298764064928,4.5852207208127,390.394356934649,TRUE,0.48618306213759,0.0347600350563939,5.92135430036857,"low r2, but also low flux - checked",1130.35021238311,659.550485894045,1.24194191821809e-45,0.961692221108515,1605.06871895475,1118.42587064269,429.935342144638,9.89484303057355,219350.182169203,404.782536402673,3.83938878870264e-48,0.968204170286995,1462.29577795234,1006.26229067166,0.994822723203681,599.820157770249,1118.42614877213,TRUE,429.80565568379,10.0326595291534,2016.96119115948,0.06,0.648072463768116,29.1942028985507,NA
"280",2,"Jul","SWH","TR","9","2-Jul-SWH-TR-9",2025-07-21 15:56:01,2025-07-21 15:55:09,2025-07-21 15:56:53,849.018224345672,1.61933748345661,7.42271145650806e-60,0.925354849150308,13.5318970722776,735.97865698204,1.59774688424037,0.0254338107997972,3305.13141188262,1.64194242526891,6.03745387894057e-84,0.974563675389595,7.89923556234503,672.163793776732,0.986665929983958,5.77560091881068,736.091565861744,TRUE,1.59602717874252,0.0257774578148495,7.11895254608979,NA,1666.3922302873,69.0819779257163,6.71405335463404e-52,0.893499754783551,663.352694155781,1346.55804868299,66.2539543425995,0.465727330674163,38370.8414860979,30.0661772182111,4.74103504951857e-120,0.994936249254054,144.645642046166,1123.13584235292,0.999419472619423,49.4582189629977,1346.56949971766,TRUE,66.2113910433496,0.469809834298094,202.334116389947,0.056,0.678672727272727,28.88,NA
"281",2,"Jul","SWH","UP","1","2-Jul-SWH-UP-1",2025-07-22 09:47:47,2025-07-22 09:47:23,2025-07-22 09:48:11,527.888902688344,12.7697856919137,3.56374268032915e-29,0.932597998206228,50.7694492624101,366.868536181957,13.5255173978761,0.0991780047608793,5740.65637341197,3.19993186960462,9.99855744160785e-63,0.997479279460618,9.81812155953572,349.212127991155,0.998379755157967,8.04449990076494,367.528004861379,TRUE,13.4499832252356,0.0918186293645982,6.86394043422524,NA,305.76548382748,1.00470796021687,2.76899235023161e-26,0.910575180169097,5.26314776738503,183.909597005901,1.21431493093096,0.0153327078213492,24469.4689450875,0.494702636165799,1.10600826239309e-51,0.99256243554317,1.51786063441992,145.067055311936,0.996897507403763,1.00187738934334,184.131899244198,TRUE,1.22118867407161,0.0158598872985143,1.17696274045637,0.009,0.221,24.4,NA
"282",2,"Jul","SWH","UP","2","2-Jul-SWH-UP-2",2025-07-22 09:52:20,2025-07-22 09:51:53,2025-07-22 09:52:47,547.080130268512,6.86161534740913,8.44308686190506e-31,0.920419195815859,33.7335326850544,306.814609757936,7.3908589265717,0.0322537564578697,4716.39481904627,1.15214102088295,4.3012065682502e-81,0.998991656484259,3.79718640656736,300.550348975477,0.999163320353833,3.52606335553159,307.149980152453,TRUE,7.37765307957977,0.0328659012929214,3.87192858620562,NA,375.162255429823,1.72669612270838,5.03303112606658e-33,0.934388936521178,7.06817707035853,218.208588556656,1.7031487046567,0.0144129229630584,21343.2553291883,0.514846070666403,7.01020414322883e-66,0.996218800458678,1.69681181867033,186.098982989207,0.998038904951938,1.2457217594497,218.737629062298,TRUE,1.69678400260344,0.0146487063732749,1.36080867907863,0.019,0.489,24.4,NA
"283",2,"Jul","SWH","UP","3","2-Jul-SWH-UP-3",2025-07-22 09:59:37,2025-07-22 09:59:15,2025-07-22 09:59:58,458.665072234034,11.9336538023399,1.89336808138766e-25,0.92664728759383,42.4464274412701,301.875027348155,12.045631929207,0.0848360167678489,5631.39333742238,2.49293778530141,5.7935578447099e-58,0.997921036667126,7.14589234544164,303.511038363555,0.998029785639163,7.12827496937001,301.875108847594,TRUE,12.0451070078633,0.0867643319098273,8.41295263190576,NA,NA,NA,NA,NA,NA,237.645640764106,2.54073480596841,0.0408881702660294,23016.0066697224,1.2015140327363,5.73257102049866e-43,0.989239623372213,3.44408511920924,226.217202639893,0.992422190030349,2.96160165915634,237.893734791868,TRUE,2.52449160043776,0.0400651901454251,3.95440096179858,0.011,0.273,24.565306122449,NA
"284",2,"Jul","SWH","UP","4","2-Jul-SWH-UP-4",2025-07-22 10:03:29,2025-07-22 10:03:05,2025-07-22 10:03:53,NA,NA,NA,NA,NA,304.186748584205,8.85557165040478,0.0523162058298664,4529.74404969869,1.6879578767027,3.964767089128e-67,0.99836233403774,5.17904014715496,302.751606951231,0.998534273862638,5.00732412881407,304.481903673899,TRUE,8.87768311977855,0.0564519056695749,5.21895703611018,NA,NA,NA,NA,NA,NA,415.899868042309,22.4710653079139,0.163569172844209,24069.7414711501,5.27748274762137,7.09040417006276e-63,0.997515876029776,16.19252198357,347.39367146527,0.999434360442118,7.89660513161843,417.13512446245,TRUE,22.614640636705,0.164879646592717,15.2385269104627,0.016,0.504,24.6,NA
"285",2,"Jul","SWH","UP","5","2-Jul-SWH-UP-5",2025-07-22 10:07:13,2025-07-22 10:06:50,2025-07-22 10:07:36,NA,NA,NA,NA,NA,299.803798964131,21.6062037884924,0.0605572955939666,5432.77236378018,1.88410087205173,2.56025263129669e-79,0.999646625647321,5.63150290396949,280.762770575456,0.999783564336365,4.50861592389635,299.810198823713,TRUE,21.6097699512572,0.0670946708394965,5.75471361496718,NA,NA,NA,NA,NA,NA,352.797056475967,14.4175156098082,0.106415155974202,26787.3747772353,3.31086265005682,2.05056323454487e-60,0.997554457365316,9.89603736456803,231.702706179847,0.999829209033166,2.67533508319492,352.860625631024,TRUE,14.4062238977399,0.115622686330677,11.351352868096,0.005,0.097,24.7,NA
"286",2,"Jun","GCW","TR","1","2-Jun-GCW-TR-1",2025-06-17 14:43:10,2025-06-17 14:42:13,2025-06-17 14:44:06,1272.2977919866,6.74321269694442,1.21121066480305e-58,0.903294842251683,63.0450114976183,866.332475629346,6.09800276824038,0.0302425148986737,4455.69593810265,2.10943799658469,2.84738127059244e-145,0.997252840490109,10.6259519527601,765.073284978648,0.998908840122157,6.75744893406805,869.066593777174,TRUE,6.05371057929434,0.0300914628181935,8.67544112519722,NA,NA,NA,NA,NA,NA,384.488097976742,-0.0522997248054466,0.00365426938636186,17624.8006122649,0.254888018379912,4.77315470129043e-27,0.646500291704295,1.28395707341211,382.291707706853,0.665201666992196,1.26084089485016,384.575143557527,TRUE,-0.0521545024445167,0.00383249800266282,1.24705441206443,0.02,0.534025210084034,23.1470588235294,"low r2, but also low flux - checked"
"287",2,"Jun","GCW","TR","2","2-Jun-GCW-TR-2",2025-06-17 14:49:51,2025-06-17 14:48:54,2025-06-17 14:50:47,1319.22748591427,10.9540233177237,2.2994533510488e-64,0.923552611762079,77.4537458471209,1120.68876199964,8.38091372531588,0.0922817557751638,4547.03179667535,6.43672137306993,9.8121557354879e-107,0.986602943546933,32.4239404781193,940.566272342385,0.997335742367901,14.5902212532969,1120.70228110138,TRUE,8.37189796563723,0.0946763351425402,41.5361617310801,NA,465.644799683503,0.23358723068292,7.21725147151814e-41,0.799368631441464,1.83289598022284,464.424393351385,0.110344473117503,0.00518875594254259,17582.0850416446,0.361919601490679,3.95773063845983e-41,0.801504998535391,1.82311132274499,413.443740379326,0.87745510058195,1.44543540928301,464.562362894362,TRUE,0.111803854540076,0.00539631789807745,1.82947591862754,0.022,0.383,22.9,"low r2, but also low flux - checked"
"288",2,"Jun","GCW","TR","3","2-Jun-GCW-TR-3",2025-06-17 14:55:48,2025-06-17 14:54:51,2025-06-17 14:56:44,1205.17071355373,4.61899592819248,2.0121279959288e-56,0.89405969840907,46.9663754080029,728.937521739494,4.34272570395024,0.0165541903910245,4980.77190419624,1.15466714096107,4.80474895591833e-158,0.998375188832848,5.81644854276267,660.150305572674,0.999141949864434,4.26506293097878,729.25953859838,TRUE,4.33376883180589,0.0178700604160315,5.96482453677587,NA,369.007191653402,0.0795513785759125,1.68397503525459e-42,0.812363848901712,1.19967184973407,392.28439245761,0.073192902261885,0.00378138540962927,17592.0366544757,0.263754455921678,1.59827802794331e-37,0.769859338654686,1.32862031521561,344.883137990162,0.853386115366543,1.07005088245097,392.40309727684,TRUE,0.0719180585013765,0.00380501263312775,1.37888300176226,0.017,0.428,22.7655462184874,"low r2, but also low flux - checked"
"289",2,"Jun","GCW","TR","4","2-Jun-GCW-TR-4",2025-06-17 15:01:32,2025-06-17 15:00:35,2025-06-17 15:02:28,1276.47169356548,6.66605450428032,2.30192579806514e-57,0.898078780757491,64.2097793467656,801.279596545558,6.05320129653723,0.0227355338265843,5259.48844325153,1.58582046126517,9.18662526383093e-159,0.99842248878265,7.98831350074767,672.933746525814,0.999505930993707,4.51102616883403,803.15716737031,TRUE,6.02831196512924,0.0229614495070226,7.31738802472061,NA,NA,NA,NA,NA,NA,358.39438046029,0.261468326989645,0.00325909662952592,17694.5645056045,0.227324423510975,8.56332365237994e-101,0.982896611580092,1.14510993251635,355.862451279087,0.983849048365115,1.1228398807411,358.454634833733,TRUE,0.261943712414619,0.00322612331718813,1.077796109061,0.021,0.382,22.7,NA
"290",2,"Jun","GCW","TR","5","2-Jun-GCW-TR-5",2025-06-17 15:07:28,2025-06-17 15:06:31,2025-06-17 15:08:24,1364.18938354339,10.2889613279179,3.83332881358737e-59,0.905259495672694,94.337826237326,942.783805544194,9.22074674063427,0.0422904614503324,4941.64610054341,2.94979126489059,4.58343258006385e-149,0.997649562542708,14.8590953145565,682.698901007693,0.999768212155128,4.70842889502016,943.800280652508,TRUE,9.18617075883646,0.0434074034130174,16.2048848667445,NA,442.69545639514,0.194974991205423,1.72461306678192e-55,0.889920886542557,1.65738689832751,351.826844899008,0.146683887880669,0.0031665576053766,17589.1658347662,0.220869757476702,6.87055283603684e-75,0.950394275656009,1.11259559871638,330.722819053498,0.960198862821678,1.00561524575457,351.960083680047,TRUE,0.146355748486619,0.00328547386249656,1.0680057370088,0.019,0.383680672268908,22.7,NA
"291",2,"Jun","GCW","UP","1","2-Jun-GCW-UP-1",2025-06-17 15:13:46,2025-06-17 15:13:25,2025-06-17 15:14:07,446.755137793468,14.5034273659002,6.49026546531385e-27,0.941629753947029,41.6764088237497,311.064249679619,13.5566093362458,0.10572201278918,5759.98756504591,3.0458216477992,5.08043252568929e-55,0.997512683980143,8.60319984016588,274.721376218143,0.999026640835744,5.51811457254062,311.411717499995,TRUE,13.6099831175053,0.106042119359651,7.71786126997683,NA,235.45803695726,-1.3171357192174,3.40392160166444e-27,0.943436211024562,3.57152330226498,143.561904905652,-1.17768037741392,0.0150761111045029,17487.0536935852,0.434338548380536,3.12229037515271e-46,0.993325797912559,1.22682867288218,124.778388464003,0.996070939101877,0.96513540210621,143.592768613355,TRUE,-1.18004482486486,0.0150950283480095,1.3567014098514,0.013,0.254083333333333,22.5916666666667,NA
"292",2,"Jun","GCW","UP","2","2-Jun-GCW-UP-2",2025-06-17 15:22:02,2025-06-17 15:21:35,2025-06-17 15:22:28,640.817279314262,18.3517248969082,6.05387406794745e-30,0.918266660995362,88.0468802036498,426.211023316981,19.3756670075137,0.105391129316092,5202.83395627194,3.70396470502849,7.7511236169045e-75,0.998463861102178,12.0706204642534,390.940669100738,0.99925766653489,8.5571775042007,426.496362958569,TRUE,19.4242559091129,0.114782373674977,13.021661381729,NA,286.553209984165,-0.624845557660335,8.18446774754361e-28,0.901324378045672,3.31231234137614,174.221190986066,-0.6597958071423,0.0102209474118931,17481.5590624169,0.359214563040305,2.53945816952728e-51,0.987675177101333,1.1706220228842,172.069085626585,0.989002285554569,1.12770170151443,174.36322831663,TRUE,-0.658864923772568,0.00948802030557573,0.724391257267769,0.017,0.299847457627119,22.6,NA
"293",2,"Jun","GCW","UP","3","2-Jun-GCW-UP-3",2025-06-17 15:29:25,2025-06-17 15:28:58,2025-06-17 15:29:51,603.101746256133,16.0262649683825,8.71404817965852e-33,0.936429472075364,62.0941327331848,424.380434806773,15.4879506406544,0.103619815088134,4916.65995541348,3.6417119763174,3.59345908688546e-70,0.997677844034083,11.8677489141774,341.200416689064,0.99953788834063,5.39899331078344,425.198325122807,TRUE,15.407229459173,0.0980355316073424,12.292948445232,NA,273.277229218739,-0.813154624325164,1.73445416908336e-32,0.934726182333035,2.92917493205685,186.809645070127,-0.717091960096406,0.0114845085228772,17504.1099827659,0.403622339938633,1.40298230600189e-50,0.986837926911566,1.31533976813519,176.77131150893,0.989851049481146,1.17788540078403,186.849957786818,TRUE,-0.716428736497358,0.0114344190758956,1.52912103270822,0.0248135593220339,0.337440677966102,22.7,NA
"294",2,"Jun","GCW","UP","4","2-Jun-GCW-UP-4",2025-06-17 15:25:49,2025-06-17 15:25:22,2025-06-17 15:26:15,NA,NA,NA,NA,NA,461.107144974677,15.0939825362457,0.145589454906972,6076.9263292633,5.1167323654195,6.15753062951036e-62,0.995185407923175,16.6746012229253,421.523363871512,0.997851984774275,11.358240374589,465.240446559449,TRUE,15.3539953694853,0.0748351915014767,8.29178816285542,NA,NA,NA,NA,NA,NA,212.478086831722,-1.13578816312932,0.0145657050928086,17443.360758505,0.511910802339027,1.51823300357778e-55,0.991520439100515,1.66823431070958,188.280664952899,0.994969677041536,1.31034293457893,213.893621369536,TRUE,-1.15134244859933,0.0115720748456485,1.41594532706627,0.018,0.250406779661017,22.7,NA
"295",2,"Jun","GCW","UP","5","2-Jun-GCW-UP-5",2025-06-17 15:18:23,2025-06-17 15:17:56,2025-06-17 15:18:49,653.934683333928,19.2712144065826,5.25062254232074e-29,0.911198348364034,99.4173699955164,492.708047971601,20.9580947416922,0.195076475108627,5086.37853139442,6.85595062195997,9.73827830428354e-63,0.995515052379189,22.342431548279,493.245903827037,0.995793575345186,22.066069166755,493.658299057316,TRUE,20.8001073104003,0.151402836061095,12.4946531600721,NA,433.341452727604,-2.4812490431213,3.64132140071831e-29,0.912437448989255,12.894449324166,283.019835083117,-2.7361590481612,0.0279896314147941,17431.4090348424,0.983693860573562,1.28913794780505e-60,0.994587994391708,3.20569880913817,283.446385922775,0.994934540966481,3.16278499860695,285.69157622142,TRUE,-2.70017712082926,0.0175575828122885,1.83772261270786,0.009,0.213779661016949,22.6,NA
"296",2,"Mar","GWI","TR","1","2-Mar-GWI-TR-1",2025-03-19 11:54:08,2025-03-19 11:53:41,2025-03-19 11:54:34,NA,NA,NA,NA,NA,356.988845700639,1.96551205384571,0.0555193929054587,4107.93658745363,1.95122562117786,4.54767312417542e-38,0.960163028328416,6.35872795477511,349.711061066036,0.967671553023906,5.84165866802457,357.242596793706,TRUE,1.95951164504975,0.0521185439130318,5.6285214113235,NA,278.579500990724,1.12929623022413,3.89002031370432e-35,0.948362820071753,3.0765717202685,229.561819150374,0.843510414929954,0.0170619784590151,18288.0848252747,0.59964217501272,2.15499551949311e-45,0.979167649199791,1.9541366307059,172.266875419327,0.993304634606026,1.12976885201492,229.737793611185,TRUE,0.84834095249813,0.0171493626347367,2.19873818188089,0.189,0.51,21.0389830508475,NA
"297",2,"Mar","GWI","TR","2","2-Mar-GWI-TR-2",2025-03-19 11:57:52,2025-03-19 11:57:25,2025-03-19 11:58:18,517.30616593706,13.466032287474,1.39361323043827e-15,0.709775569993325,28.0572757133814,539.664204538223,2.45585830230082,0.301319417319014,4167.93004081038,10.5898522383417,7.37168254625173e-11,0.560915326712344,34.5106115530773,506.601458322187,0.778959681843388,24.970712509216,541.119106827862,TRUE,2.65676709573835,0.244428375609111,28.8990059944296,"significant ebullition, flux compromised",265.04811122045,1.48511621930564,3.04071007507282e-39,0.964096731162353,2.71427600553976,260.435352814242,0.886920179403487,0.0227080289097581,18382.3157597354,0.798072268020267,3.29449999797997e-40,0.967036302065727,2.60078813311598,198.798308550209,0.990224237835239,1.44437178178138,260.444124034218,TRUE,0.888865889851992,0.0241751590216038,2.97085356409503,0.131338983050847,0.533,20.364406779661,NA
"298",2,"Mar","GWI","TR","3","2-Mar-GWI-TR-3",2025-03-19 12:01:41,2025-03-19 12:01:14,2025-03-19 12:02:07,477.803649097788,3.97035900838141,1.60765179153723e-26,0.889377996703752,19.4623910120107,475.830005117306,3.48226593076699,0.16685305037146,4180.55957251629,5.86404010956799,6.20249242042423e-27,0.89334812224013,19.1099560029985,470.697294940749,0.909942731108248,17.9081816038087,476.509774066705,TRUE,3.57107461274682,0.153783472356229,15.0930121712894,NA,238.681813089118,0.591808320296448,4.16108508441101e-32,0.932494849783456,2.1263201639322,218.83440213783,0.503085032461205,0.0154486955702915,18374.7411350455,0.542943447920266,2.91355815243827e-36,0.953257246086155,1.76936467145635,186.623662968857,0.976094943553578,1.29039229153887,218.944182721471,TRUE,0.499540062285247,0.0150073182874048,1.6919489220581,0.0711525423728813,0.407,19.2694915254237,NA
"299",2,"Mar","GWI","TR","4","2-Mar-GWI-TR-4",2025-03-19 12:06:17,2025-03-19 12:05:50,2025-03-19 12:06:43,498.719865578711,8.82496107204713,5.30095726327363e-09,0.483810022130244,23.6213888400992,497.316220273766,1.45941520676953,0.203580178286972,4271.22168534371,7.15481274289009,2.66310027074085e-09,0.497054688108437,23.3163747470336,498.599815821904,0.52172893460867,23.1875235519515,499.657595417518,TRUE,1.68068502226799,0.13517934015209,13.8220183958499,"significant ebullition, flux compromised",219.306746989762,1.47645779626738,3.78907272238048e-44,0.9767401838398,1.7771200470537,274.275477346649,0.709645654603338,0.0258127320275754,18366.7616493326,0.907186866588586,1.20707152825208e-32,0.935628776420258,2.95637491952339,169.529199418538,0.991407869443345,1.10149043565253,274.280695669751,TRUE,0.709064197792516,0.027516589873521,3.44561025900029,0.201,0.595237288135593,18.7237288135593,NA
"300",2,"Mar","GWI","TR","5","2-Mar-GWI-TR-5",2025-03-19 12:10:45,2025-03-19 12:10:26,2025-03-19 12:11:04,NA,NA,NA,NA,NA,249.728614904954,1.25482528621455,0.0804233164343609,4193.16377426846,2.1318500505307,7.42118465332911e-18,0.868067272690197,5.65256353718635,252.515562867831,0.872107732074604,5.72213588428449,249.730074639381,TRUE,1.25734112251112,0.083683954594949,6.11066838713908,NA,112.571690952444,0.509831642050088,3.44480925715302e-23,0.931946233446716,0.974030232491404,126.477540425737,0.30702763544537,0.0165628487319909,18343.9590311559,0.439045683163857,2.56123747028462e-20,0.90279148405208,1.16412203531542,114.870048035799,0.934851700123864,0.979861596302626,126.480654866284,TRUE,0.30780226552033,0.0168826248151418,1.44475358836838,0.236136363636364,0.653136363636364,18.2727272727273,NA
"301",2,"Mar","GWI","UP","1","2-Mar-GWI-UP-1",2025-03-19 12:16:19,2025-03-19 12:15:52,2025-03-19 12:16:45,388.413033916104,4.29278450656826,1.51809595253469e-40,0.968003533338964,8.50618083186437,389.361588552331,2.94490286788493,0.0749244296156211,4113.95072586731,2.63321443314564,2.39755666054355e-40,0.967436523535498,8.58121892477661,323.6812119665,0.991039608123245,4.59053995183819,390.096347469128,TRUE,2.88806562750023,0.0753347385956462,8.57835368743028,NA,268.660905906922,-0.825450314330618,8.39427439724776e-33,0.936520703137232,2.80660917623846,208.782459116366,-0.693978126493098,0.0140757157340766,18346.6974022282,0.494690156708221,2.47652114057725e-45,0.979055968915685,1.61211501851528,178.991549539904,0.988797957714692,1.20235069987007,208.869854226685,TRUE,-0.69766967850402,0.0150246497207854,1.65008808525913,0.011,0.271796610169492,18.1796610169492,NA
"302",2,"Mar","GWI","UP","2","2-Mar-GWI-UP-2",2025-03-19 12:20:04,2025-03-19 12:19:37,2025-03-19 12:20:30,502.231802422934,7.65597022510772,2.42037091699016e-30,0.921093937388193,24.4021328926062,472.331892385332,5.34403533149425,0.161535277355231,4157.43429710112,5.67714730664157,1.33108298553761e-36,0.954643385229575,18.5009026584668,461.087771271368,0.96579891094738,16.3835963259759,472.680020781451,TRUE,5.25437983675815,0.104871770736947,9.6248287566604,NA,236.414885187182,-0.690921840203095,1.26437749263614e-33,0.940973003170701,2.08215369836024,175.432033162115,-0.53441691142372,0.010336184363012,18475.2439868761,0.363264558542104,2.19478236480628e-46,0.980919195339932,1.1838203016145,158.952528881142,0.986941584931179,0.998732873080318,175.490863417162,TRUE,-0.533097019794019,0.0103676803131302,1.13195141568792,0.017,0.318,17.9457627118644,NA
"303",2,"Mar","GWI","UP","3a","2-Mar-GWI-UP-3a",2025-03-19 12:27:01,2025-03-19 12:26:42,2025-03-19 12:27:20,385.278340929631,4.52120141596785,6.70621940961588e-08,0.549669352841137,32.134369747116,372.016355315902,3.4161044776127,0.385713815273123,4453.86305235395,10.2244479963907,1.12697989806305e-10,0.679484328806935,27.1099470236515,366.460935374652,0.749133630854009,24.6599445979682,372.30201173456,TRUE,3.55828558164292,0.366270822479873,29.3720302835113,NA,124.145586649388,-0.147639229344029,0.001709649825179,0.236177483520629,1.12983357358423,126.371753636652,-0.0489354458140021,0.0165404007452363,18516.1727969441,0.438450635063147,0.00536244832520598,0.191309187907683,1.16254427556815,125.629514866998,0.28389930480558,1.12479178316716,126.414687852528,TRUE,-0.0502469132125375,0.0156448499967226,1.13211685533818,0.007,0.174,17,"low r2, but also low flux - checked"
"304",2,"Mar","GWI","UP","4","2-Mar-GWI-UP-4",2025-03-19 12:31:26,2025-03-19 12:30:59,2025-03-19 12:31:52,478.922964024093,3.58866725951763,3.95897326690051e-25,0.874909238016471,19.6651486376657,427.538027615436,3.41515482767071,0.106694066472231,4176.02531203508,3.74975635059228,6.84251136374546e-36,0.951698304032837,12.2198480131238,429.366280963354,0.953602334631155,12.2137590518337,430.13063160595,TRUE,3.53327139760949,0.0874149245091367,9.60591528834929,NA,NA,NA,NA,NA,NA,188.389967275003,-0.276997726401556,0.0116537924039567,18578.8524986244,0.409571811442712,1.34782663250035e-29,0.915715794933768,1.33472813120224,163.023674731858,0.95107080518014,1.03709948963977,188.842221347494,TRUE,-0.282843484772826,0.0106628621103119,1.32828353468709,0.005,0.117,16.8,NA
"305",2,"Mar","GWI","UP","5","2-Mar-GWI-UP-5",2025-03-19 12:35:29,2025-03-19 12:35:02,2025-03-19 12:35:55,464.549795416781,3.58365322921198,3.21103384011294e-28,0.904805450451088,17.2146896686899,348.327640176826,3.49344148095935,0.0512407971452189,4126.9663633298,1.80085463847892,1.53280121638242e-52,0.988936398749496,5.86869330122356,350.351605223045,0.989333933855829,5.87640828522732,348.37115585141,TRUE,3.4925786208014,0.047568098582278,4.96467714743558,NA,NA,NA,NA,NA,NA,170.39313843009,-0.0144156070763821,0.00986501195324405,18482.5420379432,0.346705233415892,0.149953711775363,0.039444788344323,1.12985614572734,165.010264656304,0.192652210768654,1.05635279499847,170.425124231853,TRUE,-0.0139693827586009,0.0104371391891869,1.34991882219149,0.009,0.234966101694915,16.8,"low r2, but also low flux - checked"
"306",2,"Mar","MSM","TR","1","2-Mar-MSM-TR-1",2025-03-13 13:57:46,2025-03-13 13:57:19,2025-03-13 13:58:12,318.32118935734,0.345212367711942,4.70970246753055e-15,0.695968439268842,4.44506501411535,305.267526888093,0.442853345784673,0.0343922511357261,3916.68807896513,1.20871353367076,8.41201380621025e-18,0.761254764285116,3.93900144219491,301.688754008831,0.792517006323064,3.74478342082497,305.861179935633,TRUE,0.423194935182187,0.0316443897519988,3.24757274982613,"low r2, but also low flux - checked",NA,NA,NA,NA,NA,183.714085459931,-0.361439130165074,0.0111600055390547,17967.1408553933,0.392217702693025,3.82311740806431e-36,0.952766688822518,1.27817390434136,166.007640097092,0.968400914555852,1.06615335268183,183.736527001417,TRUE,-0.362905047439161,0.0118081536605268,1.35010404923513,0.361,0.61764406779661,16.5,NA
"307",2,"Mar","MSM","TR","2b","2-Mar-MSM-TR-2b",2025-03-13 13:50:34,2025-03-13 13:50:07,2025-03-13 13:51:00,NA,NA,NA,NA,NA,321.135141898477,0.673123865202544,0.0398353075153401,3921.69996910797,1.40000941263514,9.05005779033894e-23,0.84594018535772,4.56240369768077,321.41555069215,0.8561947986817,4.49524112124895,321.175595470131,TRUE,0.666233665619924,0.0436841308173956,4.58462304089287,"low r2, but also low flux - checked",NA,NA,NA,NA,NA,190.104640078793,-0.109169218652805,0.0118402915737104,18025.2544249349,0.416126313199807,1.58904374359506e-12,0.620468692277349,1.35608818977266,182.614561497868,0.693211723140165,1.24336941440532,190.297656747931,TRUE,-0.110016717368449,0.0121632499335171,1.20474168019126,0.239559322033898,0.491559322033898,15.5440677966102,"low r2, but also low flux - checked"
"308",2,"Mar","MSM","TR","3","2-Mar-MSM-TR-3",2025-03-13 13:54:13,2025-03-13 13:53:46,2025-03-13 13:54:39,356.339789158047,1.71079004989258,2.09776063159033e-24,0.86664719874067,6.32062798182528,334.448822026544,1.04019854893248,0.0450615105954212,3924.92352415662,1.58368399583344,5.41799566821669e-29,0.911091302088044,5.16096938587611,334.152118193719,0.917891512797452,5.05789550739865,335.211198475805,TRUE,1.00852885722923,0.044307762706646,4.67760109284416,NA,305.426727562738,-0.913075614491612,2.67782122606566e-31,0.927490854830419,3.9448121283613,220.034106415719,-0.915467474997887,0.0156212621345547,17938.0925649443,0.549008289121292,3.62411269746441e-49,0.985084993435116,1.7891290056613,199.718549906535,0.990492511277827,1.45673149968043,220.14762262809,TRUE,-0.913608579404046,0.0158257184671468,1.81111678174382,0.309915254237288,0.612,16.2,NA
"309",2,"Mar","MSM","TR","4","2-Mar-MSM-TR-4",2025-03-13 14:01:36,2025-03-13 14:01:09,2025-03-13 14:02:02,341.201567337874,0.481775810052631,3.87147472869471e-13,0.640325958000157,5.49396296619759,311.672998207729,0.513242103686934,0.0364937568571471,3926.78088603574,1.28257082194607,2.34162696126949e-19,0.791826299836557,4.17969037048839,306.895014733646,0.823058781486778,3.92972677893067,311.695362791656,TRUE,0.516705031321554,0.0382982689111984,3.93388195086509,"low r2, but also low flux - checked",213.119063740784,-0.163395531845718,5.13514605870504e-19,0.78547474897901,1.67816467265728,189.468894716209,-0.211745122339219,0.0117707980672282,17966.1190494616,0.413683968223443,5.57187773603758e-24,0.861556630329103,1.34812898346261,192.584616266991,0.863805252013676,1.36361639718434,189.503197717297,TRUE,-0.211061538171186,0.0126476973859077,1.32086805841423,0.170525423728814,0.396474576271186,16.7474576271186,"low r2, but also low flux - checked"
"310",2,"Mar","MSM","TR","5","2-Mar-MSM-TR-5",2025-03-13 14:05:33,2025-03-13 14:05:06,2025-03-13 14:05:59,330.560268465492,0.704613500015841,2.45581348300017e-11,0.578852048391842,4.97845350559503,318.750276632982,0.392866696289411,0.0389653019582073,3917.72419636707,1.36943312127447,7.82187198716691e-14,0.661582395717694,4.46276052135191,321.730037465525,0.667916205356901,4.50834995599857,319.055159397887,TRUE,0.381461484428193,0.0411516741222122,3.88524950495267,"low r2, but also low flux - checked",326.775843235723,-0.882235389625144,9.20177537672193e-29,0.909264844364586,4.80702470084256,191.641790616124,-1.00102602909875,0.0120100179497316,17956.6356176952,0.422091336161174,4.87980701519819e-57,0.992570471263626,1.37552723251771,193.662977089664,0.992837796144587,1.37730006559093,191.709040048625,TRUE,-1.00016303616277,0.0121780847897048,1.13690462300554,0.216,0.508576271186441,17.0423728813559,NA
"311",2,"Mar","MSM","UP","1","2-Mar-MSM-UP-1",2025-03-13 14:10:16,2025-03-13 14:09:49,2025-03-13 14:10:42,375.030903826139,2.01867599490615,8.38349645827255e-26,0.882141205051708,7.51487540824563,330.2364162108,1.34231578768111,0.0433377769260449,3982.49432346129,1.52310348290346,3.47976282998877e-35,0.948583470493556,4.96354731592093,333.809350306896,0.948988500962046,5.04186832314081,330.27413678328,TRUE,1.33437834995832,0.04342971888756,4.20126456005268,NA,254.474471489407,-0.513583217089104,4.82118226285964e-28,0.903308652719949,2.46113144602641,167.679402131624,-0.493477842461917,0.00962022028637671,18180.5740459937,0.338102045462167,3.2866830328192e-46,0.980620654786153,1.10181975098765,167.67941163513,0.982004280553032,1.0827851232775,168.011354453541,TRUE,-0.495491742269536,0.00919423570235878,0.885484273354558,0.024,0.299,16.8864406779661,NA
"312",2,"Mar","MSM","UP","2","2-Mar-MSM-UP-2",2025-03-13 14:14:08,2025-03-13 14:13:41,2025-03-13 14:14:34,NA,NA,NA,NA,NA,348.067540035948,1.07315194442568,0.0511175406396184,3978.04735648193,1.79652279623211,4.71136126309801e-27,0.894467684574286,5.85457652964602,338.397848054098,0.918069217965874,5.26069318706083,348.162217942063,TRUE,1.07826558916329,0.0520122753350354,6.40120289874756,NA,201.569154174509,-0.337864934660976,3.20445550868321e-26,0.88641097105871,1.50795907768301,168.163830943371,-0.272952168447656,0.00966346824312825,18179.5499620743,0.339621992220606,3.2253222123785e-33,0.938810853530012,1.10677301105034,167.858052150321,0.943500421145984,1.08457761729744,168.171886553727,TRUE,-0.272435485158994,0.00922557704909025,0.995212917914757,0.135,0.586,16.2,NA
"313",2,"Mar","MSM","UP","3","2-Mar-MSM-UP-3",2025-03-13 14:17:19,2025-03-13 14:16:52,2025-03-13 14:17:45,NA,NA,NA,NA,NA,318.131012267592,0.385781394432979,0.0387425169982668,3984.14440439319,1.36160335767116,1.20369155690238e-13,0.655978255080574,4.43724459117793,321.381851836988,0.660718031872791,4.49383870598657,318.141463506568,TRUE,0.38892302785097,0.042795912956756,4.08346080317982,"low r2, but also low flux - checked",NA,NA,NA,NA,NA,164.27889521453,-0.21135004547138,0.00932203533136391,18207.9278740754,0.327622353707224,1.27160390139356e-28,0.90813106654272,1.06766813459008,168.037455789777,0.908540904876285,1.086380754999,164.301766800329,TRUE,-0.211443740351796,0.00993693605115781,1.07187363861531,0.081,0.479186440677966,15.3440677966102,NA
"314",2,"Mar","MSM","UP","4","2-Mar-MSM-UP-4",2025-03-13 14:23:53,2025-03-13 14:23:26,2025-03-13 14:24:19,364.497921593654,0.683562738059692,8.00991166565289e-18,0.761701549389463,6.81657284889697,327.827090362282,0.824359315225713,0.042381677241426,3960.94720544298,1.48950141877057,1.60628849778424e-25,0.879163980588524,4.8540436366842,329.359229681486,0.884562034403392,4.83834099248451,328.000947453584,TRUE,0.815277435860203,0.0460359412009576,4.78827048329056,"low r2, but also low flux - checked",NA,NA,NA,NA,NA,177.233944109415,0.0610866550652347,0.0105100836556678,18070.4193636576,0.36937623839985,3.80554356209348e-07,0.393809466011501,1.20373727540794,179.824439048623,0.409427501065284,1.21165900260297,177.324892031753,TRUE,0.0625927233193356,0.0103940470035535,1.33434073318848,0.091,0.584,14.3237288135593,"low r2, but also low flux - checked"
"315",2,"Mar","MSM","UP","5","2-Mar-MSM-UP-5",2025-03-13 14:20:31,2025-03-13 14:20:04,2025-03-13 14:20:57,NA,NA,NA,NA,NA,302.48133676356,0.965904420196673,0.0335163448097889,3975.38297142826,1.17792986015634,1.20687910975312e-33,0.941078449793262,3.83868244104903,304.595124146841,0.943101041419277,3.84692688685366,302.533601205067,TRUE,0.964504969619417,0.0351830935942121,3.90767515562925,NA,NA,NA,NA,NA,NA,171.705997907879,-0.255825478147822,0.00998566393035388,18114.3834633131,0.350945539670381,3.69365756093138e-31,0.926589681928148,1.14367461634631,172.192750034402,0.931213716789481,1.1289937055452,171.876865906017,TRUE,-0.257857644944329,0.0106220933974465,1.04976989222729,0.113389830508475,0.607389830508475,14.7610169491525,NA
"316",2,"Mar","SWH","TR","1","2-Mar-SWH-TR-1",2025-03-20 10:35:13,2025-03-20 10:34:23,2025-03-20 10:36:03,NA,NA,NA,NA,NA,488.187413919476,8.01576545169217,0.132675588784207,4066.56873608753,8.39393759022356,1.11887304540667e-47,0.986753630705896,27.8934451830215,322.032591574165,0.999528881472674,5.37115804952078,490.89609583579,TRUE,8.20036653433222,0.108141933080761,25.5503891361493,NA,NA,NA,NA,NA,NA,681.423353547567,44.6936082390745,0.882163102915631,19099.5144279847,55.8114879920791,5.45806081032376e-44,0.981267724475374,185.464171511485,505.785458756234,0.999446815480202,32.5423472932476,684.97198707418,TRUE,46.1031203123482,0.707690079899425,148.77915461717,0.046962962962963,0.650407407407407,13.162962962963,NA
"317",2,"Mar","SWH","TR","2","2-Mar-SWH-TR-2",2025-03-20 10:41:00,2025-03-20 10:40:08,2025-03-20 10:41:51,NA,NA,NA,NA,NA,742.95235270793,5.01866109963512,0.02759071083395,4239.5988554409,1.76526653004999,5.82794096980145e-130,0.996926640151565,8.44699424107542,663.735537032233,0.998619273669514,5.71806885729573,744.121747128797,TRUE,5.04380433628374,0.0267200973761713,8.80969025211336,NA,NA,NA,NA,NA,NA,675.576989063381,3.41971039900914,0.0199565844113313,19110.8742053496,1.2768315657925,2.51767110048978e-127,0.996538311858995,6.109779287985,523.349180689426,0.999229283049675,2.91158244971627,676.774526303528,TRUE,3.4391044818281,0.0201018625204543,6.05949038556428,0.045,0.56,13.7,NA
"318",2,"Mar","SWH","TR","3","2-Mar-SWH-TR-3",2025-03-20 11:00:35,2025-03-20 10:59:39,2025-03-20 11:01:31,NA,NA,NA,NA,NA,868.46801137588,4.51427003941188,0.129969939219842,4203.42322416078,8.99966960096832,3.28038050821292e-51,0.935628684740534,39.1072563640033,749.03961527559,0.984932059500739,19.1529044448879,877.058003858982,TRUE,4.33964959567863,0.0826976841991302,19.7784244776095,NA,NA,NA,NA,NA,NA,714.233495396097,0.0490148513639382,0.0524594939629179,19072.4358079123,3.63251776475537,0.352840365547415,0.0104084265591056,15.7847798610073,434.589969000653,0.964825913150513,3.01244056948166,720.630534037476,TRUE,0.162400750299339,0.0415252890786082,12.9896511237235,0.037,0.583233333333333,14.0255555555556,"low r2, but also low flux - checked"
"319",2,"Mar","SWH","TR","4","2-Mar-SWH-TR-4",2025-03-20 11:07:07,2025-03-20 11:06:23,2025-03-20 11:07:51,NA,NA,NA,NA,NA,659.98957314138,3.63067548988774,0.0440447055435963,4107.1153182154,2.42913684749989,6.94177789968598e-83,0.987645292191364,10.4986918433865,563.926158719222,0.996088648365808,5.97795713288833,660.583282636836,TRUE,3.66114839597827,0.0452990385016935,10.8273456762875,NA,735.524016045899,1.39087321738716,1.98553685369232e-34,0.829738827126383,16.2055966818142,596.940448575632,1.49253473597242,0.0306567805358998,19136.8632344489,1.69077109964466,7.32139406326057e-64,0.965380434451227,7.30748651363239,486.079653513656,0.990754102156064,3.82166115317019,596.947438774154,TRUE,1.49161176670002,0.0307473163283358,9.48357111965277,0.035,0.489,14.554347826087,NA
"320",2,"Mar","SWH","TR","5","2-Mar-SWH-TR-5",2025-03-20 11:12:47,2025-03-20 11:12:00,2025-03-20 11:13:34,NA,NA,NA,NA,NA,661.969072427773,6.30560827208082,0.0311995194624632,4145.29602853506,1.83187417461072,1.60846644092328e-122,0.997777116167585,8.31987227600521,599.15611004083,0.998916294241041,5.87407732402932,664.019292473142,TRUE,6.27971287021874,0.0275159289470263,7.33231781006787,NA,NA,NA,NA,NA,NA,531.551561204992,0.407456402196815,0.0154751154300927,19303.5473446356,0.908618619578848,2.43172238162143e-44,0.883966663252067,4.12669765602357,530.925833215245,0.889596865578993,4.07031157740168,531.756171920663,TRUE,0.408730129902011,0.0150271886114704,4.18346635600336,0.036,0.459663265306122,15.2275510204082,"low r2, but also low flux - checked"
"321",2,"Mar","SWH","TR","6c","2-Mar-SWH-TR-6c",2025-03-20 10:29:41,2025-03-20 10:28:44,2025-03-20 10:30:37,NA,NA,NA,NA,NA,686.735221350955,0.231998317189963,0.0137569129378104,4106.45678149519,0.959554949843058,1.61353211912127e-32,0.717456227077079,4.83360250909188,683.622527072848,0.734546036036836,4.72754138665094,686.954182661969,TRUE,0.234942440996506,0.0141705419404123,4.51059943344085,"low r2, but also low flux - checked",1158.28696376827,4.520668114482,1.98773248972882e-59,0.906363074744673,38.2369164173844,789.310758384973,3.75679829208333,0.0215728194430756,19528.5749939949,1.50472026480444,3.6448125069526e-138,0.996320446454275,7.57978440800054,647.482163284785,0.998976126255027,4.03455055325454,801.725874012823,TRUE,3.69018096860634,0.0121872128250946,4.47223211721994,0.133,0.751,12.718487394958,NA
"322",2,"Mar","SWH","TR","7a","2-Mar-SWH-TR-7a",2025-03-20 10:53:54,2025-03-20 10:52:56,2025-03-20 10:54:35,418.955137762529,0.333458875849363,1.15772492997015e-23,0.789284685097671,5.35466905551058,380.405587093093,0.366798668683475,0.0166830482892474,4103.51271533972,1.16939346587298,8.30642940037146e-32,0.881472905964925,4.01599720737259,383.910938213099,0.882344747773922,4.06421474311541,380.444440132737,TRUE,0.364424332114088,0.0150734693670496,4.09343554556101,"low r2, but also low flux - checked",621.564125091395,2.09835531722978,4.35511048843074e-30,0.866151120042679,24.2878510634653,402.679553105323,2.2177343386879,0.0196999630152658,19226.7611501359,1.38086323485853,3.15137655450602e-76,0.994897260809119,4.74223865345053,292.469700363569,0.999072114721358,2.05407012542003,407.592594385594,TRUE,2.25627146045519,0.0149354991074991,3.57803238171689,0.082,0.75,13.6,NA
"323",2,"Mar","SWH","UP","1","2-Mar-SWH-UP-1",2025-03-20 11:26:12,2025-03-20 11:25:57,2025-03-20 11:26:26,234.527384989775,4.49983810680295,1.27343789087599e-18,0.93976458780659,11.294858841037,166.885785874431,5.12044317755994,0.0771657775623726,4265.38229663239,1.64630372787071,2.42505134836275e-32,0.993681129642556,3.65826015576332,170.578193219198,0.993745586573617,3.77694359170168,166.933121020731,TRUE,5.10913349806322,0.0751709060911097,3.34221308657015,NA,119.120658558265,-0.40778471096822,1.09215413488396e-14,0.88520013226068,1.65020943777676,98.9494436637711,-0.527452711623022,0.0248705330923957,18692.0399589585,0.5306037551562,8.66493560837072e-19,0.941395206008127,1.17905738966945,101.306555259277,0.944518282328763,1.19051717029917,98.9852319214872,TRUE,-0.526801985009139,0.0260615990571242,1.38720473182457,0.013,0.314742857142857,15.9257142857143,NA
"324",2,"Mar","SWH","UP","2","2-Mar-SWH-UP-2",2025-03-20 11:29:31,2025-03-20 11:29:10,2025-03-20 11:29:52,NA,NA,NA,NA,NA,243.845143785067,1.61114498648708,0.0483852791671927,4144.24741676968,1.39396637307804,2.62985075092879e-31,0.964340795533876,3.93738460908472,240.994519879491,0.969592464125079,3.72796866275142,243.897280781898,TRUE,1.60768145098625,0.0547653459486132,2.87905705319607,NA,131.69184065219,-0.143809445377915,1.14356418256856e-09,0.599171134190754,1.06866320056964,128.134777062393,-0.105504603438076,0.0126003707424106,18655.3024732399,0.363013160315633,2.04804365534267e-10,0.630994275085039,1.02536363711979,131.106738679007,0.639711791900371,1.0388336497568,128.148512878056,TRUE,-0.104713895151611,0.0124781627144752,1.07866769505175,0.021,0.534,15.8,"low r2, but also low flux - checked"
"325",2,"Mar","SWH","UP","3","2-Mar-SWH-UP-3",2025-03-20 11:33:03,2025-03-20 11:32:36,2025-03-20 11:33:29,NA,NA,NA,NA,NA,393.198961504205,3.61444994109345,0.0776344468556001,4111.51698004388,2.72845782100986,4.5692233957134e-44,0.976572163634069,8.89160168438496,314.052101675975,0.99497629233303,4.19896986557246,393.769442344588,TRUE,3.66553330308727,0.0756492009157746,9.41148872609678,NA,NA,NA,NA,NA,NA,280.58910339857,-0.30284664474528,0.0273667113382187,18700.2858632284,0.96180137310653,2.80047281841172e-15,0.701940323929572,3.13435474182721,179.638057706716,0.957318915397323,1.20956978150184,281.090313259711,TRUE,-0.318406394125103,0.0265592782127291,3.33510702849302,0.013,0.285491525423729,15.6508474576271,"low r2, but also low flux - checked"
"326",2,"Mar","SWH","UP","4a","2-Mar-SWH-UP-4a",2025-03-20 11:42:38,2025-03-20 11:42:11,2025-03-20 11:43:04,NA,NA,NA,NA,NA,395.595720927394,2.96114736254044,0.0793765868126273,4092.26959537978,2.78968522177805,3.3072253772988e-39,0.963980602998784,9.09113185692744,313.327873372556,0.992709990374101,4.17090653838378,395.867638946648,TRUE,2.98969235142007,0.0771428484553162,10.2572416925074,NA,232.991998071975,-0.11505348762295,0.00136513018439988,0.180476917369222,2.01719794143234,236.394841428353,0.0500311289258741,0.0181763487686285,18631.3570417212,0.638806650447461,0.00812378431598951,0.127172290164208,2.08176730656319,219.914925618042,0.402663574165612,1.75628135276537,236.577425514272,TRUE,0.0513866040539678,0.0175421179984885,1.90802494140072,0.021,0.527,15.4,"low r2, but also low flux - checked"
"327",2,"Mar","SWH","UP","5","2-Mar-SWH-UP-5",2025-03-20 11:46:43,2025-03-20 11:46:20,2025-03-20 11:47:05,NA,NA,NA,NA,NA,346.979126283579,6.74159074472166,0.111839528080385,4134.56781678626,3.41522834353128,6.22086938541829e-44,0.988035593804113,10.0702164293713,309.735921533232,0.995119026517513,6.58336822719599,347.622131453966,TRUE,6.80337205741961,0.0964936392903736,9.14811368614939,NA,NA,NA,NA,NA,NA,180.184708307317,-1.75763157041686,0.018248488502008,18470.1580555965,0.557251592780929,8.06560208904262e-53,0.995279415181089,1.64312414294194,173.511990340298,0.996256888990957,1.49758168743868,180.271974641706,TRUE,-1.76186851104238,0.0190511067983124,1.74455389991316,0.011,0.203098039215686,15.6,NA
"328",2,"May","GCW","TR","1","2-May-GCW-TR-1",2025-05-14 13:21:34,2025-05-14 13:20:37,2025-05-14 13:22:30,1269.87080694032,6.34303786047843,2.90676032900561e-57,0.897653720781538,62.377477220511,792.563100260606,5.86830833802512,0.0218827536174435,3889.17842481938,1.52633840489769,4.1023160323166e-159,0.99844503622394,7.68868228426467,638.462930418216,0.999611472507102,3.87806713946179,793.081132837323,TRUE,5.85412412504811,0.0236969385833892,8.03345397345668,NA,442.84177700484,-0.143587832430792,5.21419502004741e-49,0.85635782787908,1.65845087944299,335.588366997179,-0.128053607475264,0.00294887480226846,18029.5226244609,0.205686219413883,6.53529398163558e-72,0.943935326674296,1.0361109870854,332.085869589847,0.94750622850215,1.01164511335361,337.173513724264,TRUE,-0.126993124441966,0.00262172496437245,0.879370399318464,0.02,0.338,21.5445378151261,NA
"329",2,"May","GCW","TR","2","2-May-GCW-TR-2",2025-05-14 13:30:56,2025-05-14 13:29:59,2025-05-14 13:31:52,1209.07067740687,4.92408418869607,7.61580828806173e-58,0.900070226788569,47.7766503355681,765.923353018994,4.54759714827837,0.0194696690997654,3723.35850900119,1.35802395791419,2.08789763820537e-152,0.997951289768211,6.84082554256484,635.156889470167,0.999371834442729,3.82224019794601,768.582757056748,TRUE,4.51982952378929,0.0194386892247917,6.24434497938352,NA,NA,NA,NA,NA,NA,388.082781906088,-0.192588586851957,0.00371233974368459,18062.4212065458,0.258938469164916,3.72888442403132e-80,0.96004740105497,1.30436056263443,358.640305995086,0.970205057236412,1.13660375910242,388.376394157567,TRUE,-0.194059663584786,0.00376287083036559,1.24121616608891,0.033,0.452,20.6025210084034,NA
"330",2,"May","GCW","TR","3a","2-May-GCW-TR-3a",2025-05-14 13:47:37,2025-05-14 13:46:40,2025-05-14 13:48:33,1183.01080918534,4.15813197925902,4.56230865030006e-56,0.892501276951037,42.6164089532953,663.617551299305,3.91281172870097,0.012430438310189,3586.11302703299,0.867032354073985,6.74614661654798e-167,0.998870926077221,4.36753493148183,594.389298030621,0.999406047149773,3.19642009855603,664.126427855222,TRUE,3.90464095236835,0.0127831902186216,4.64333752730805,NA,NA,NA,NA,NA,NA,394.415348243797,-0.0364424882341795,0.00381689303584359,18078.405063192,0.266231139364043,3.65843249962513e-16,0.44870567636257,1.34109620656837,372.90238152111,0.559253061335563,1.20997248542395,394.473494337323,TRUE,-0.0358690998839065,0.00402468537909133,1.41026521892599,0.033,0.533,20.0924369747899,"low r2, but also low flux - checked"
"331",2,"May","GCW","TR","4","2-May-GCW-TR-4",2025-05-14 13:54:34,2025-05-14 13:53:37,2025-05-14 13:55:30,1251.86311557789,6.43693119378308,9.06992746129852e-60,0.907664712263826,57.6403685884037,860.619407874982,5.70496385234247,0.0294941340490939,3612.29897865262,2.05723787350269,2.95516371583869e-143,0.997015405069856,10.3630022947491,678.27972037061,0.999417889290293,4.61804711445397,867.759113488407,TRUE,5.63955151220681,0.0268565074122752,8.05496717540699,NA,NA,NA,NA,NA,NA,373.647119147039,-0.318308046411761,0.00348458176220694,18079.7879112272,0.243052179887583,5.1652609469392e-107,0.986755557327569,1.22433595568135,365.169738507965,0.988128657100377,1.16962422159409,373.649177278361,TRUE,-0.3181518373788,0.00346864953727861,1.13467043364225,0.042,0.48844537815126,19.9,NA
"332",2,"May","GCW","TR","5","2-May-GCW-TR-5",2025-05-14 14:00:49,2025-05-14 13:59:52,2025-05-14 14:01:45,NA,NA,NA,NA,NA,765.682512225474,3.95685054709785,0.0194491137715242,3590.22560221226,1.35659020842049,1.04965237429212e-145,0.997301361113455,6.83360326191141,660.102110647787,0.998967982177247,4.26416147192634,765.741572530588,TRUE,3.95950769699094,0.0204127740323232,7.52334091892549,NA,NA,NA,NA,NA,NA,380.275377139958,0.0033365294474282,0.00358736996289669,18103.6972819395,0.250221733638717,0.354331685814005,0.00766439958853088,1.26045142046658,349.519274294575,0.268437058050503,1.09203194678825,380.293314872184,TRUE,0.00381205404918858,0.00385778627017389,1.38446535483926,0.019,0.427,20.2142857142857,"low r2, but also low flux - checked"
"333",2,"May","GCW","UP","1","2-May-GCW-UP-1",2025-05-14 14:09:32,2025-05-14 14:09:05,2025-05-14 14:09:58,525.832758106177,6.3229423580498,2.1919111162575e-30,0.921393788091151,30.362184693735,390.797351239757,6.79635389252625,0.0759271326464136,3697.62034778831,2.66845436899016,1.22613026645943e-58,0.993551838538023,8.69606016237974,375.873593283352,0.995458056140222,7.44289915036257,390.885283493343,TRUE,6.80802066508589,0.0830012330339915,8.87435730729668,NA,NA,NA,NA,NA,NA,197.54045522081,-0.837165300382871,0.0126842161224672,18054.9233231807,0.445785989138255,8.12736104857051e-52,0.98820346274856,1.45274426504781,187.123968453586,0.990967455976143,1.29638384698094,197.941553765029,TRUE,-0.843078424649508,0.0119767806232352,1.25172964310848,0.02,0.370728813559322,20.2,NA
"334",2,"May","GCW","UP","2","2-May-GCW-UP-2",2025-05-14 14:22:21,2025-05-14 14:21:54,2025-05-14 14:22:47,NA,NA,NA,NA,NA,383.104144146694,10.1680332423869,0.0707067258328247,3670.50531293167,2.48498349521833,2.66527147691663e-69,0.99749181121162,8.09815833017865,353.988347086456,0.998641602911427,6.07765709320655,383.106150788794,TRUE,10.1656562025926,0.0715800616128552,10.0453624784604,NA,NA,NA,NA,NA,NA,166.366301621583,-0.518556511297629,0.00950396257836806,18017.657902674,0.334016175522771,1.40499957549771e-47,0.982832770082803,1.08850456328141,158.01748690715,0.986342066314018,0.990123370986696,166.585025024326,TRUE,-0.51805239167069,0.00935153906386829,1.08040600183895,0.013,0.308,20.3389830508475,NA
"335",2,"May","GCW","UP","3","2-May-GCW-UP-3",2025-05-14 14:27:16,2025-05-14 14:26:49,2025-05-14 14:27:42,538.636577529924,10.2841387788298,2.0605564999637e-34,0.944947003384009,34.1837981358425,416.645741486926,9.14647517856182,0.0964583246476723,3673.33864526297,3.39002183883616,6.23014245813846e-60,0.994249960411301,11.0475315616721,340.77444760214,0.998689893142007,5.37774076622888,416.775459599726,TRUE,9.11740334720897,0.100886916111875,12.3969700345437,NA,249.336370684863,-0.900766533909731,2.08608423011013e-37,0.957761338165077,2.34678468975096,221.896354065253,-0.709749390992416,0.0158929557649599,18015.7575881225,0.5585569449155,3.78317540507821e-43,0.974588864005288,1.82024652680809,172.585903454275,0.990531628426623,1.13311108170764,221.960620013318,TRUE,-0.706397851346797,0.0159315975344363,2.26521791179226,0.024,0.312915254237288,20.4,NA
"336",2,"May","GCW","UP","4","2-May-GCW-UP-4",2025-05-14 14:31:53,2025-05-14 14:31:26,2025-05-14 14:32:19,NA,NA,NA,NA,NA,351.53022393707,6.61148537411883,0.0527830220717346,3700.93543981105,1.85505603789553,3.43097907758372e-66,0.996696633533034,6.04532687445959,334.968404553291,0.997742703954456,5.09626896337946,351.56447842653,TRUE,6.60901774706619,0.0550480016438708,5.98232770055939,NA,NA,NA,NA,NA,NA,170.807700808831,-0.842971827022233,0.00990295197215774,17989.5868803065,0.34803863302814,1.64502449754615e-57,0.992874734883233,1.13420147888475,167.916629051608,0.993728381251773,1.08516602866897,170.990115820437,TRUE,-0.840714531600619,0.0111343364671792,0.990364693546085,0.03,0.382932203389831,20.4,NA
"337",2,"May","GCW","UP","5a","2-May-GCW-UP-5a",2025-05-14 14:15:23,2025-05-14 14:14:56,2025-05-14 14:15:49,590.845976010766,12.6321423374774,5.0666011611545e-32,0.931982392909733,55.4328373111114,421.695142860887,13.3624923568809,0.101075196795782,3850.71783159132,3.55228152421196,2.09114449884413e-67,0.997033615819888,11.5763095697782,376.100862704978,0.998815961363783,7.45857808027843,421.698653874179,TRUE,13.3647233318901,0.116258605908991,12.4445373179776,NA,421.88102145324,-2.73451888156621,2.15201607166076e-32,0.934183083595995,11.5962506893103,270.097560635919,-2.84029535415796,0.0248332491220775,17999.3841137215,0.872763000607777,3.80901921454871e-64,0.996040680909865,2.84419312129984,217.184730610434,0.998619934769158,1.71243977498727,270.107716455525,TRUE,-2.84254215244181,0.0268396664388118,2.95557722952173,0.01,0.274,20.1,NA
"338",2,"May","GWI","TR","1","2-May-GWI-TR-1",2025-05-20 15:05:44,2025-05-20 15:04:47,2025-05-20 15:06:40,1379.91555206818,9.02451434116302,4.20745081955438e-55,0.888155679456079,101.074377746415,827.230735127659,9.09918735103528,0.0254763316521253,3982.77113103557,1.77699315617905,4.9029179914041e-173,0.999122786190704,8.95131496091079,754.103174080914,0.999554056079266,6.4400153311833,827.26334117236,TRUE,9.10273607241406,0.0259280683465901,8.30992212185226,NA,599.248315964054,0.378168569341856,4.70784085018316e-53,0.878337301559307,3.29325867543698,382.714428166109,0.281783817791829,0.00362595218439797,17633.7682785518,0.25291287239818,2.8462262972679e-99,0.981792522152803,1.27400759571447,382.565179068459,0.982443303246673,1.26235409986788,382.759822715789,TRUE,0.282129696389397,0.00361868109593636,1.28738920966104,0.121,0.328,24.6067226890756,NA
"339",2,"May","GWI","TR","2","2-May-GWI-TR-2",2025-05-20 15:12:52,2025-05-20 15:11:55,2025-05-20 15:13:48,NA,NA,NA,NA,NA,1088.77376697635,7.88700226781721,0.0802276654706839,3852.22547164089,5.59593957341715,1.53097040812404e-110,0.988543859170372,28.1886384591311,1024.18427390213,0.993723178741639,21.0541385818607,1089.95352883028,TRUE,7.84756744509978,0.0834942638247852,25.2611036302439,NA,NA,NA,NA,NA,NA,618.129349438175,-0.311357594630767,0.0101821736495753,17495.218257083,0.71021421519344,3.45423285277132e-56,0.893033486939165,3.57758897821663,438.325578009265,0.978668133405044,1.61210610564289,618.435723241438,TRUE,-0.316891129266787,0.0110057479342843,3.54061157458588,0.003,0,25.0495798319328,"low r2, but also low flux - checked"
"340",2,"May","GWI","TR","3","2-May-GWI-TR-3",2025-05-20 15:19:40,2025-05-20 15:18:43,2025-05-20 15:20:36,NA,NA,NA,NA,NA,688.324630710497,4.27362116754936,0.0138531487112502,3872.20885659496,0.966267466900742,6.43419366048146e-166,0.99882452831928,4.86741572562278,690.088035080116,0.998847365447406,4.8635215156479,688.373599395886,TRUE,4.27600143955189,0.0140228562781216,4.58441841318664,NA,NA,NA,NA,NA,NA,511.069055689781,-0.00495814478164868,0.00636666521274794,17580.2908250237,0.444079652644675,0.437759628351011,0.00538580977710662,2.23697926169942,367.881069728695,0.726518978131514,1.18361619312226,516.715952236437,TRUE,-0.0181767687765983,0.00543647894515068,1.76333294564053,0.018,0.111,25.9,"low r2, but also low flux - checked"
"341",2,"May","GWI","TR","4","2-May-GWI-TR-4",2025-05-20 15:27:04,2025-05-20 15:26:07,2025-05-20 15:28:00,NA,NA,NA,NA,NA,983.963554753637,6.48496754358591,0.0506619176972071,4044.29403659525,3.53370658916404,2.87750717769176e-123,0.993210978710428,17.8004741037201,859.235147305537,0.997805157621423,10.2127410818561,985.570546089765,TRUE,6.54847032449037,0.0473633671600615,14.7845029553078,NA,NA,NA,NA,NA,NA,477.831633846379,-0.0781169060557164,0.00550302340960705,17559.180301474,0.38383999198523,8.64394716237412e-27,0.642749723464222,1.9335317364087,386.077251494651,0.845763695911331,1.28194971961325,481.637981808655,TRUE,-0.0875293379584417,0.00504839894877125,1.5583990110292,0.044,0.251403361344538,26.2,"low r2, but also low flux - checked"
"342",2,"May","GWI","TR","5","2-May-GWI-TR-5",2025-05-20 15:33:53,2025-05-20 15:32:56,2025-05-20 15:34:49,NA,NA,NA,NA,NA,669.277705187871,2.31007387720473,0.0127428891657934,3897.01798039882,0.888826034562716,4.11586423904142e-140,0.996603555453558,4.47731706403183,667.489901360053,0.996771689440437,4.40459425762897,669.379072759411,TRUE,2.30633286201673,0.0136697929672166,4.3798646636043,NA,NA,NA,NA,NA,NA,418.179273925278,-0.12826703806493,0.00423619090706563,17586.1032885824,0.295477478975886,9.25502472668505e-56,0.891136304081604,1.48841990132153,385.004432747191,0.921429091858824,1.27593187254559,418.261043406171,TRUE,-0.129440560656173,0.0042181818725226,1.4237433428159,0.159,0.395504201680672,25.7495798319328,"low r2, but also low flux - checked"
"343",2,"May","GWI","UP","1","2-May-GWI-UP-1",2025-05-20 15:40:52,2025-05-20 15:40:25,2025-05-20 15:41:18,NA,NA,NA,NA,NA,302.915601653185,3.2289787491402,0.0336513843801721,3921.02104636922,1.18267581748432,3.37508276100018e-60,0.994383924528427,3.85414874653726,306.577758046261,0.994418951052149,3.91819990193447,302.999548496883,TRUE,3.22076470985887,0.0303677783564618,3.56118111162407,NA,224.575428075146,-0.514787779081673,2.57814066527643e-28,0.905604281156426,1.86596470422159,182.441737283679,-0.374024664063713,0.0110293009229603,17665.4050146972,0.387624097064738,3.88593607040028e-37,0.956739404427285,1.26320408834224,179.985558817807,0.961614363995378,1.21346796475461,182.448560379251,TRUE,-0.374785741999823,0.0117080295566377,1.3851116907059,0.002,0.0405084745762712,25.7508474576271,NA
"344",2,"May","GWI","UP","2","2-May-GWI-UP-2",2025-05-20 15:44:18,2025-05-20 15:43:51,2025-05-20 15:44:44,516.156415562275,5.80555946609323,4.83631187332915e-30,0.918968359436693,27.7601668273765,333.425040775803,6.13159297726084,0.0446363702206294,3918.12845219091,1.56874246372225,2.86713313439923e-68,0.997251857154205,5.11227735513839,332.740912011652,0.997480193206149,4.99223529938148,333.454422089637,TRUE,6.13552409096798,0.0459459555325271,6.24457060392507,NA,238.234705972136,-0.798128131920133,5.42992357642502e-36,0.952125571111258,2.11753564806641,218.420369967716,-0.599142455899522,0.0153895843465913,17610.0441183291,0.540865987628518,3.87544876260038e-40,0.966829883340114,1.76259456517612,165.438982465742,0.988452851881675,1.06055443684785,218.489587966672,TRUE,-0.603103485306858,0.0158211728065591,2.11644925356448,0.004,0.022,25.5,NA
"345",2,"May","GWI","UP","3","2-May-GWI-UP-3",2025-05-20 15:48:13,2025-05-20 15:47:46,2025-05-20 15:48:39,482.227444876438,4.67577215188144,4.31913486786062e-31,0.926147303312026,20.2761437302239,319.928052666418,4.68902821582688,0.0393925570217546,3950.03264716845,1.38444897399086,4.81468533694799e-65,0.996343420221086,4.51169475089263,310.342538035222,0.99715675894056,4.05719323704168,319.968345656446,TRUE,4.68410310091146,0.0407835624103895,4.72948000650384,NA,246.030889905242,-0.498752008329201,1.15719468514345e-26,0.890764891409755,2.27604632705405,177.904374913403,-0.426827586141904,0.0105755299495841,17708.1026694989,0.371676344341537,6.31332660445216e-41,0.969064623815319,1.21123294776464,175.976026775158,0.972281053609068,1.16924360711092,177.981243857089,TRUE,-0.429655505132466,0.0109823654915181,1.11463029144779,0.002,0,25.0305084745763,NA
"346",2,"May","GWI","UP","4","2-May-GWI-UP-4",2025-05-20 15:52:36,2025-05-20 15:52:09,2025-05-20 15:53:02,482.016191417008,4.39618152649359,1.88781824735509e-30,0.921843328138759,20.2365213324627,317.672581374333,4.54902559418566,0.0385784139879063,3949.60596087638,1.35583596754726,7.84727716270249e-65,0.996274074640074,4.41844960180874,308.171552871381,0.997098301679315,3.97645094508669,317.776371587143,TRUE,4.55796403332841,0.037973463167764,5.1155304383616,NA,247.136102800349,-0.560445968098596,3.65789511787248e-32,0.932828216817526,2.29945772496581,175.824662191165,-0.553577681423023,0.0103738294725871,17785.9346116758,0.364587593583931,4.37452787124732e-47,0.982066489946635,1.18813185831727,158.29599894836,0.987962917613802,0.992680011316695,175.882234996591,TRUE,-0.555272964007757,0.0115170623748353,1.22296858107123,0.002,0,24.3559322033898,NA
"347",2,"May","GWI","UP","5","2-May-GWI-UP-5",2025-05-20 15:56:34,2025-05-20 15:56:07,2025-05-20 15:57:00,483.639637010938,4.68834347932782,1.89867782903107e-30,0.921826110725304,20.5430125735348,331.102905656351,4.61530109551561,0.0436868766452069,3947.02450094141,1.53537257088745,2.32419205918056e-62,0.9953624722548,5.00353028452111,331.027045471777,0.995699623752023,4.91363812927202,331.134577554855,TRUE,4.61815687950789,0.0446117006969869,5.45190877092951,NA,227.358114763678,-0.454289363239393,1.95450508186457e-29,0.914504475190798,1.91466716725001,173.778723795331,-0.405698266619139,0.0101791586849951,17735.2585928335,0.357745900824589,1.18961111756723e-40,0.968302015789036,1.16583589083169,164.326058881086,0.975291936077104,1.04968170172974,173.803870560557,TRUE,-0.404114094902551,0.0105978695081719,1.37403821573795,0.001,0.003,23.7813559322034,NA
"348",2,"May","MSM","TR","1","2-May-MSM-TR-1",2025-05-15 14:18:04,2025-05-15 14:17:08,2025-05-15 14:19:01,1020.95340689252,1.90297798739121,8.02382675772693e-55,0.889066289537558,21.7787462981755,726.277809561707,1.96169115575376,0.0169051157924457,3578.58746513606,1.17467493214514,1.06075667512397e-117,0.991824154218608,5.9124495990503,690.652528346196,0.994242415866365,5.00690663423236,726.958634304068,TRUE,1.95050490009158,0.0185949892420783,5.31539623486284,NA,NA,NA,NA,NA,NA,574.938816067439,-0.0617419630511197,0.0086535939620913,17681.5962791221,0.601306730165886,1.05410262169653e-10,0.314416444798856,3.02653580014956,339.00229242379,0.917982034612726,1.05637558630085,576.164503038974,TRUE,-0.0536666835539088,0.00874438650015246,3.24409890333106,0.23885593220339,0.573635593220339,28.8796610169492,"low r2, but also low flux - checked"
"349",2,"May","MSM","TR","2","2-May-MSM-TR-2",2025-05-15 14:26:46,2025-05-15 14:25:49,2025-05-15 14:27:42,NA,NA,NA,NA,NA,663.253622864433,1.98412239344038,0.0124106129527607,3536.05808606843,0.865649520589559,5.0622063599346e-134,0.99563716620654,4.36056913197126,645.905408767198,0.996382233802265,4.0067455107888,663.271465301296,TRUE,1.98560337767686,0.012215370719196,5.06063600362435,NA,NA,NA,NA,NA,NA,410.84509631999,-0.0748164750673035,0.00410209184154421,17713.5659059967,0.286123969022593,2.54359467160098e-35,0.748114846788839,1.44130311120289,351.900833350073,0.85498595717892,1.10349847709895,411.641514289841,TRUE,-0.0773218493267664,0.00431483001825114,1.17849485893388,0.213504201680672,0.456294117647059,28.2193277310924,"low r2, but also low flux - checked"
"350",2,"May","MSM","TR","3","2-May-MSM-TR-3",2025-05-15 14:34:43,2025-05-15 14:33:46,2025-05-15 14:35:40,NA,NA,NA,NA,NA,930.762763316487,2.70601885524952,0.0382211683782683,3530.86795480968,2.68801083415616,1.89699989411949e-95,0.977953337315236,13.6064138503537,859.887000298397,0.988503212519623,9.91375613431305,934.944481200837,TRUE,2.77615642024042,0.024978841597744,7.29974373899176,NA,NA,NA,NA,NA,NA,605.311056148964,-0.0237024733530071,0.00928483185840012,17519.2535291203,0.652981834089828,0.0120191720611627,0.0545268018585393,3.30532189769927,370.995645217478,0.880969755081759,1.18330185596806,609.980066634635,TRUE,-0.0409948298146668,0.00803695470974515,3.08159304988188,0.282,0.584825,28.1325,"low r2, but also low flux - checked"
"351",2,"May","MSM","TR","4","2-May-MSM-TR-4",2025-05-15 14:41:30,2025-05-15 14:40:33,2025-05-15 14:42:26,NA,NA,NA,NA,NA,822.497266216913,1.95256099804103,0.0249528744027951,3507.09623625904,1.74048162216727,1.33470947611053e-99,0.982037042864294,8.76739402710807,792.019385087757,0.986725111779854,7.6051837854366,827.841077539782,TRUE,2.00093522862871,0.019211584453959,5.99023159054213,NA,362.039940647867,0.479926163740054,2.5533396198041e-83,0.964920296706342,1.16356659906,535.88723734293,0.171377389189284,0.00709881232536821,17649.9937365615,0.495147460451845,3.35046032578735e-46,0.838807549431365,2.49422506506997,328.485187780947,0.974765930322681,0.995794235886923,537.68858114076,TRUE,0.163998999488478,0.00697858252963543,2.42147069424697,0.313621848739496,0.656495798319328,27.6756302521008,"low r2, but also low flux - checked"
"352",2,"May","MSM","TR","5","2-May-MSM-TR-5",2025-05-15 14:48:51,2025-05-15 14:47:54,2025-05-15 14:49:47,NA,NA,NA,NA,NA,846.968213818736,2.20137227993593,0.0277800389562624,3487.88458691567,1.93767846084495,3.33267816974271e-100,0.982476577108416,9.76074113492439,829.485272867876,0.985486320964156,8.96344070944821,852.662218695956,TRUE,2.25568037589417,0.0204666342059143,5.93400906550141,NA,385.57419025481,0.613400980981302,1.23583438211394e-81,0.962404781724283,1.29008787396978,524.848856670714,0.187188823399463,0.00676331761841666,17605.9749384018,0.471746454124568,6.68949611683322e-52,0.872440302726453,2.37634628916734,325.981459528224,0.978478640706285,0.98491897755601,524.975496968881,TRUE,0.185082881962407,0.00711914211372928,2.80585384962604,0.252,0.612235294117647,26.9285714285714,"low r2, but also low flux - checked"
"353",2,"May","MSM","UP","1","2-May-MSM-UP-1",2025-05-15 15:15:32,2025-05-15 15:15:05,2025-05-15 15:15:58,NA,NA,NA,NA,NA,419.177229961036,2.78969952703349,0.0987459859374404,3603.78637055802,3.47042155301844,3.19481150747509e-33,0.938833191341178,11.3095411952982,299.822677594112,0.993770717623069,3.68063502494407,421.470519024054,TRUE,2.91642570820889,0.0794163750870832,10.3249003211594,NA,NA,NA,NA,NA,NA,156.059459183239,0.0639499486989028,0.00863889860891578,17801.9171566106,0.303613555954733,1.12947311692761e-09,0.513098885904966,0.989427355167993,160.033930457718,0.513329016038286,1.00878339679024,156.194354728366,TRUE,0.0626362760954613,0.00930496340314536,1.02808806142547,0.021,0.364661016949153,24.6677966101695,"low r2, but also low flux - checked"
"354",2,"May","MSM","UP","2","2-May-MSM-UP-2",2025-05-15 15:12:17,2025-05-15 15:12:00,2025-05-15 15:12:34,NA,NA,NA,NA,NA,195.891453064145,3.83752095017141,0.0628538130453689,3597.15632171039,1.52152971157468,1.60246391492073e-35,0.991224983943491,3.75548245598373,196.071622200991,0.992132262204886,3.66895883906659,195.903275191761,TRUE,3.8403886269655,0.0677375131619888,4.1480779021305,NA,114.48873050301,-0.403657862853353,3.65650447200816e-16,0.869725069974799,1.17388730444617,113.261606371477,-0.292366485282576,0.0193054071686657,17701.000956249,0.467334425358875,2.04540943851855e-16,0.874213456115717,1.15348798131331,110.994998690385,0.894833959374703,1.08820286828645,113.290515550163,TRUE,-0.293070503878457,0.0198058203229154,0.973014344848704,0.051,0.547,24.9,"low r2, but also low flux - checked"
"355",2,"May","MSM","UP","3","2-May-MSM-UP-3",2025-05-15 15:08:17,2025-05-15 15:07:50,2025-05-15 15:08:43,NA,NA,NA,NA,NA,336.270335018248,0.694834854602524,0.0458279569919751,3636.22161056721,1.61062070691676,9.97069344134919e-21,0.815524686129544,5.24875176015212,281.401830054059,0.937986124708459,3.10347327401379,336.496401277059,TRUE,0.707982309956098,0.0468039535235514,5.56709460053097,"low r2, but also low flux - checked",238.253819527312,0.356813440598647,1.79250673501718e-22,0.841851019347942,2.11791043710453,193.226176118882,0.323590856131991,0.0121875064650921,17792.1680512144,0.42832915902833,6.56063258306931e-32,0.931303911890012,1.39585528592774,159.069893632358,0.966110865995926,0.999818796674906,193.226398414719,TRUE,0.32351147488547,0.0127815218666492,1.6842853448357,0.049,0.43,25.1186440677966,NA
"356",2,"May","MSM","UP","4","2-May-MSM-UP-4",2025-05-15 15:04:52,2025-05-15 15:04:35,2025-05-15 15:05:09,NA,NA,NA,NA,NA,179.774222472983,2.10691612489303,0.0499271753580932,3615.99935707739,1.2086089457692,2.70283243543398e-30,0.981806373041546,2.98312261499237,183.197554434026,0.982103679448099,3.05259690597023,179.851220914483,TRUE,2.09553539293122,0.0541809388956886,2.94490327405499,NA,NA,NA,NA,NA,NA,116.449436735853,-0.0607228620062197,0.020204910211162,17690.0044100409,0.489109088477914,0.00503731751837719,0.214886495574741,1.20723281764902,118.293268201066,0.261793582741419,1.20778558015276,116.63709099053,TRUE,-0.0522362549278459,0.0190182433468927,0.966908046862036,0.038,0.43,25.8,"low r2, but also low flux - checked"
"357",2,"May","MSM","UP","5","2-May-MSM-UP-5",2025-05-15 14:59:14,2025-05-15 14:58:47,2025-05-15 14:59:40,NA,NA,NA,NA,NA,435.045836234911,3.91856505652503,0.114374973716343,3611.27554875032,4.01970135943129,2.33418020319354e-37,0.957578537311813,13.0995550317927,306.13194014602,0.996380680649085,3.90205913105134,436.481046264305,TRUE,4.02801847235251,0.0989731463794048,13.4276779660009,NA,NA,NA,NA,NA,NA,160.138080841923,-0.00317424007100831,0.00897138541725314,17747.6112488614,0.315298784217878,0.72490568642181,0.00240166749994506,1.02750761959684,162.920773853307,0.0246386664647486,1.03611182644667,160.148793635771,TRUE,-0.00319185859355599,0.00948158278614644,1.14576050395478,0.035,0.35035593220339,26.828813559322,"low r2, but also low flux - checked"
"358",2,"May","SWH","SWAMP","1a","2-May-SWH-SWAMP-1a",2025-05-21 10:12:30,2025-05-21 10:11:39,2025-05-21 10:13:20,NA,NA,NA,NA,NA,605.317110181932,1.36485347891845,0.0155116165276502,4059.41482181708,0.974540275106383,1.52057740325089e-96,0.987248289417841,4.61260028863365,606.071145208022,0.987647700502233,4.58587768446821,605.360498904527,TRUE,1.36611506663499,0.0182566931924314,4.24579726005544,NA,1324.05024860281,24.1927891626424,1.34733966146763e-59,0.930134254699493,156.333791558129,1199.98575250826,19.6829079975004,0.286183027081584,21791.190981911,17.979872403738,5.0874400670918e-86,0.979297449876885,85.1006025687596,1104.58593643166,0.992187313503842,52.8089914882209,1200.30180967244,TRUE,19.5531389959751,0.350061387210676,88.8675455752475,0.031,0.707,15.6,NA
"359",2,"May","SWH","SWAMP","2","2-May-SWH-SWAMP-2",2025-05-21 10:19:34,2025-05-21 10:18:41,2025-05-21 10:20:26,1052.1806336634,3.81101211914371,8.64501716186106e-54,0.899902806750972,33.9673535629368,678.89545835303,3.47036588142614,0.0185360078327871,4145.27530535763,1.20733316247216,2.43498787050625e-133,0.997041792860205,5.83935733373407,643.725516607607,0.99795569958319,4.90162073152171,679.346888961751,TRUE,3.4589687563111,0.0189543414417397,5.68591597889149,NA,NA,NA,NA,NA,NA,1119.31621470389,33.2771857425295,0.147993981527567,34158.1556623276,9.63951047908343,1.36232754321e-141,0.997947250984865,46.6222149438723,1096.39118649573,0.998407714862664,41.4621654690251,1119.41606202864,TRUE,33.3085063164513,0.151706750905945,47.7383137894643,0.025,0.599,15.8,NA
"360",2,"May","SWH","SWAMP","3a","2-May-SWH-SWAMP-3a",2025-05-21 10:33:22,2025-05-21 10:32:48,2025-05-21 10:33:55,567.285583873365,2.7087214758211,4.90584977325878e-36,0.908798511292795,15.2272689406345,412.41921195079,2.51899238908054,0.0301269372297751,4317.1964231767,1.30192296536178,1.07855911633942e-68,0.990647678749533,4.87619160722236,411.943371008476,0.991243437806633,4.79148191786894,412.425409344727,TRUE,2.5206039893335,0.0294906365844347,5.33661268182085,NA,NA,NA,NA,NA,NA,365.569739336686,1.59838026242432,0.0213475777700667,23615.4638510615,0.922526625980028,1.45989170310354e-65,0.988364155336879,3.45520949451333,252.720131058635,0.997913028862083,1.48598911869688,371.532422607975,TRUE,1.6440013401037,0.0152847282216194,2.4435251460279,0.033,0.674,15.6,NA
"361",2,"May","SWH","SWAMP","4a","2-May-SWH-SWAMP-4a",2025-05-21 10:54:39,2025-05-21 10:53:42,2025-05-21 10:55:35,1237.14935500986,6.11517900464709,4.7930011783954e-61,0.912383898654056,54.0380878340134,897.92980177936,5.48648613804669,0.0347379752552996,4320.54252885374,2.42299971326661,1.96660938249316e-133,0.995530150807708,12.2054682699411,725.551864101847,0.999048599549616,5.68201473646861,899.184599587341,TRUE,5.45557172284323,0.0342105259626556,12.7520463928223,NA,439.519091793977,-0.231580438028431,1.3915769888774e-66,0.930212000662168,1.63445723153802,432.914532960347,-0.180114343064883,0.00451900945901695,18273.3937163141,0.315204284158062,5.41512311601184e-68,0.934140259344934,1.58779048457007,362.774071767054,0.965630401249921,1.15739895680282,433.110806609136,TRUE,-0.178188549190551,0.00468771702229561,1.57266781541719,0.0175042016806723,0.457831932773109,15.1,NA
"362",2,"May","SWH","SWAMP","5","2-May-SWH-SWAMP-5",2025-05-21 10:40:38,2025-05-21 10:39:41,2025-05-21 10:41:34,1253.74041751359,6.05479570563403,5.54835297948217e-58,0.900633270626491,58.1169259687331,802.339561205054,5.54790918435235,0.022841476662976,4252.17389678957,1.59321005321211,2.63917714250987e-154,0.998105110152654,8.02553737227452,641.411456342554,0.999554062759467,3.92854449913022,802.814561120152,TRUE,5.53608764249858,0.024328734348894,7.91567528610075,NA,1526.5489208503,25.4122119434234,5.28337050133236e-62,0.915764284761943,192.286311997434,1184.73735790702,19.9133896620442,0.122212502594448,20164.0594474395,8.52441331331671,6.07824847101615e-135,0.995799212702852,42.9403501972691,973.830495998462,0.99936229274701,16.8819878343321,1192.10382480299,TRUE,19.6280771399219,0.0890285136411685,36.0902746022857,0.0163361344537815,0.469,15.3336134453782,NA
"363",2,"May","SWH","TR","1","2-May-SWH-TR-1",2025-05-21 12:18:34,2025-05-21 12:17:37,2025-05-21 12:19:30,NA,NA,NA,NA,NA,1331.92625633099,11.3742032905473,0.233067170639467,4030.48852386888,16.2566091857969,2.62715219839164e-77,0.955086098489824,81.8900334604557,1019.16674334958,0.997209683198909,20.5958672156336,1332.23745377995,TRUE,11.3290128449621,0.247167507561832,87.7695038033451,NA,NA,NA,NA,NA,NA,2445.95423409376,736.927229427598,30.8661168691233,8602.31718280857,2152.93469967366,9.51414079533618e-46,0.835780400174782,10845.0595434431,2168.2782949819,0.986121193223118,3181.32603445438,2445.95423409376,TRUE,736.927229427598,30.8661168691233,15694.3781912478,0.081,0.612243697478992,16.763025210084,NA
"364",2,"May","SWH","TR","10","2-May-SWH-TR-10",2025-05-21 12:55:23,2025-05-21 12:54:32,2025-05-21 12:56:14,NA,NA,NA,NA,NA,611.014768480119,0.443105618077917,0.0152715688034449,4151.4047384848,0.968270453513774,8.53331685977041e-51,0.892880727127675,4.60816899979626,614.29644927829,0.893625175129276,4.63828156356521,611.077179094896,TRUE,0.44617646393036,0.0141659610402322,4.18618214868602,"low r2, but also low flux - checked",1142.4813979558,7.71222584053446,1.67978419879185e-52,0.900888126208035,60.8106958792152,730.741951517135,6.427432531414,0.0273083569089341,36962.160521849,1.73144458629326,3.39964824716842e-140,0.998180104837057,8.24024861903746,677.273194330239,0.998958325204938,6.2968927634771,743.470463101146,TRUE,6.34186944812402,0.00841052004466281,2.7356706669291,0.05,0.745,17.7,NA
"365",2,"May","SWH","TR","2","2-May-SWH-TR-2",2025-05-21 12:07:40,2025-05-21 12:06:43,2025-05-21 12:08:36,NA,NA,NA,NA,NA,1064.53624525819,8.34621631308892,0.0721367405064071,4356.52856656163,5.03159151558054,2.17973691021156e-118,0.991702766645646,25.3458266026488,859.01692716554,0.998679469733158,10.2029710835517,1068.89996511584,TRUE,8.47567437624775,0.0657029002579959,22.5758555242764,NA,NA,NA,NA,NA,NA,1576.10265334708,66.7297203195121,0.680124457899211,27635.1061878483,47.4391887945164,1.90479179211718e-110,0.988499082987715,238.967223319479,1335.24239309697,0.998657505094442,82.3836623237362,1582.59121778598,TRUE,68.1859003888881,0.641626437159061,196.03139547698,0.054,0.508,16.5823529411765,NA
"366",2,"May","SWH","TR","3","2-May-SWH-TR-3",2025-05-21 12:27:37,2025-05-21 12:26:54,2025-05-21 12:28:19,704.319862229547,1.5773762894851,4.37874429344461e-40,0.877677877725093,14.1940933174344,497.942397479754,1.6067316676704,0.0185730610751394,4165.282024613,0.995436372600338,6.98202169724064e-84,0.988900279259918,4.27573891645074,501.778444098743,0.988921419994168,4.32344479983133,498.200726647395,TRUE,1.61348732505501,0.0187870302358374,4.2239848355004,NA,840.518069568126,3.73631169637632,1.92238783952928e-42,0.892487711285459,31.3331285259781,359.211334748259,3.80364533751163,0.0082907153444741,22062.5684935318,0.444346765208885,1.49958692727912e-144,0.999601076171012,1.9086209914548,358.507464689072,0.999622309782048,1.87964265442755,359.308995308906,TRUE,3.80108866196765,0.00877238934840511,2.14578414262447,0.035,0.438956043956044,17.1,NA
"367",2,"May","SWH","TR","4","2-May-SWH-TR-4",2025-05-21 12:43:58,2025-05-21 12:43:06,2025-05-21 12:44:50,NA,NA,NA,NA,NA,809.086446869536,6.6995203219039,0.0360249500554632,4296.83294912679,2.32567955820173,5.46200902505355e-132,0.99703062477864,11.1886326767866,745.176071692893,0.998444828094575,8.17695490320435,809.612950206325,TRUE,6.68853333828106,0.0377146202477556,11.8726962840376,NA,NA,NA,NA,NA,NA,1258.84049526524,18.3362388884748,0.306708473968283,21598.4255009976,19.8003224747597,8.66943839991858e-82,0.971988937639674,95.2575492486621,1028.8596455382,0.9969831583544,31.5695794488705,1258.84096587217,TRUE,18.330545529849,0.30914052620403,118.105180535589,0.023,0.372,16.9863636363636,NA
"368",2,"May","SWH","TR","5","2-May-SWH-TR-5",2025-05-21 12:35:27,2025-05-21 12:34:30,2025-05-21 12:36:23,NA,NA,NA,NA,NA,1037.03852186231,6.98229667333883,0.0639409142176039,4021.80008837535,4.4599265120273,1.33851439400345e-115,0.990694942610229,22.4661568182483,743.186798764395,0.999317625297895,6.13893995583387,1042.7489963113,TRUE,7.12134185597582,0.0572469584436597,16.435875704611,NA,NA,NA,NA,NA,NA,1060.26525477962,6.20464196292199,0.0707980230428488,19806.4545434887,4.93821497286302,5.03111191109277e-105,0.985627260988396,24.8754574057169,683.988248335735,0.999488511371882,4.7351306402078,1066.60429011521,TRUE,6.36349876980452,0.0631493176055244,19.686644703369,0.028,0.413,16.9,NA
"369",2,"May","SWH","TR","6a","2-May-SWH-TR-6a",2025-05-21 13:48:30,2025-05-21 13:47:45,2025-05-21 13:49:14,NA,NA,NA,NA,NA,538.745749219611,1.24540758007562,0.0191547807518006,4208.68762859683,1.07081335025879,3.54284620087431e-76,0.979607699447267,4.72088603611842,535.798597244225,0.98112257378214,4.59466556991829,538.770792187321,TRUE,1.2468991714656,0.0200777860336266,4.06824165948564,NA,1766.08690367248,492.747315298277,1.54634197184637e-44,0.893312940201191,4318.04689202822,1253.8250999803,503.093050371542,1.01761343167519,270523.510429076,56.8878371493768,2.51847304115573e-153,0.999640088799896,250.800941133734,1240.83408106403,0.999702007524682,230.848065924435,1253.85089831247,TRUE,503.133760810422,1.07189291199711,243.89651062036,0.079,0.724378947368421,17.8,NA
"370",2,"May","SWH","TR","7a","2-May-SWH-TR-7a",2025-05-21 13:28:49,2025-05-21 13:28:17,2025-05-21 13:29:20,NA,NA,NA,NA,NA,399.557028908704,0.83657060972831,0.0360031404133119,4182.30264837042,1.47283210556572,2.66318257086189e-32,0.896995219588749,5.32067462381558,401.456211341327,0.900321488272796,5.32058031125825,399.837045428592,TRUE,0.852793718004006,0.0360552269114266,5.43169292990446,"low r2, but also low flux - checked",NA,NA,NA,NA,NA,787.770151151452,68.5971404674785,0.747340710231354,24784.548272814,30.5725383727373,5.99996424277173e-68,0.992694790272318,110.444719727895,580.336034047474,0.999731544556501,21.5221146174767,788.309308985523,TRUE,69.034056087149,0.756841417610986,119.809590462986,0.046,0.762057971014493,17.5057971014493,NA
"371",2,"May","SWH","TR","8a","2-May-SWH-TR-8a",2025-05-21 13:17:43,2025-05-21 13:16:56,2025-05-21 13:18:29,606.618846563188,0.404116492413452,1.36710391756962e-25,0.697087897470166,5.96909705051915,565.432146647686,0.354686897377995,0.0182258423712355,4089.75639508228,1.06094129770841,2.25034233344706e-34,0.804553577006084,4.79473037883694,568.398688798126,0.806690591468003,4.8211371055061,565.482547598352,TRUE,0.355565769320847,0.0191812691342763,4.34146049907813,"low r2, but also low flux - checked",NA,NA,NA,NA,NA,1134.71709706862,43.1637022303941,0.376512759289073,23347.5450094329,21.9171178652547,4.52941434275088e-101,0.993048471695989,99.0504103026905,991.512418758978,0.998547981991027,45.769354930373,1135.08633980226,TRUE,42.9691544367967,0.37198210782073,116.199276302589,0.046,0.737,18,NA
"372",2,"May","SWH","TR","9","2-May-SWH-TR-9",2025-05-21 13:02:49,2025-05-21 13:01:57,2025-05-21 13:03:40,NA,NA,NA,NA,NA,639.814269968121,0.792318371948679,0.0168041013580002,4130.31296531294,1.07513423171195,4.52615408204537e-71,0.956131872251933,5.1446353902131,614.849124681148,0.966795778394846,4.52039919497148,639.828617028062,TRUE,0.790467771004544,0.0160666285047398,4.85025217746242,NA,NA,NA,NA,NA,NA,1004.42978633038,13.0905792835549,0.0969875091291548,62526.4332162855,6.20530600784468,8.4705923950149e-117,0.994432128549972,29.6930708310038,895.077408793979,0.99812785257354,17.3892408557174,1006.58747894965,TRUE,13.159568489978,0.0821866362856249,19.2219516732402,0.048,0.682211009174312,17.5220183486239,NA
"373",2,"May","SWH","UP","1","2-May-SWH-UP-1",2025-05-21 11:00:56,2025-05-21 11:00:29,2025-05-21 11:01:22,560.674993020486,9.71945053849714,2.12351132282448e-31,0.928133874984959,41.9220187388397,348.73653898351,9.83892924919457,0.0514351676513699,4437.31879996141,1.80768577786564,9.87278970799006e-76,0.998580905733559,5.89095487697874,313.111194065193,0.999318721334506,4.16254687954653,348.977870800223,TRUE,9.81477841622291,0.0540333024674647,5.30526142544332,NA,NA,NA,NA,NA,NA,174.255101622321,-0.220755658809617,0.0102241571642022,18276.5191708233,0.35932736958619,1.26811737825778e-27,0.899651892784039,1.17098964112835,174.719375458654,0.906011841324085,1.15571753066782,174.361457722309,TRUE,-0.222478505930264,0.0109749868770109,1.00916728956392,0.01,0.19664406779661,14.9,"low r2, but also low flux - checked"
"374",2,"May","SWH","UP","2","2-May-SWH-UP-2",2025-05-21 11:05:06,2025-05-21 11:04:42,2025-05-21 11:05:29,410.053198600341,4.14876570021081,4.03861206985596e-28,0.929397819125331,16.6303403567233,296.846624126156,4.40797771502934,0.0532830227097913,4367.18039636156,1.68846380216259,1.08189943470293e-51,0.993323521131685,5.11405999669115,288.105588012117,0.994880010026868,4.57909034490346,296.97094013501,TRUE,4.425491730674,0.0531877599366322,5.54244307646046,NA,157.426932272137,-0.687666867616965,1.66176193891921e-28,0.932067745932763,1.19686441781975,171.084705566795,-0.309499479064851,0.0143765408739577,18356.4943290028,0.455572293602778,1.16890684477149e-25,0.909708087982646,1.37984838012562,151.315245907768,0.944971523143511,1.10142078249411,171.096836618628,TRUE,-0.310913953509847,0.0131678418649636,0.98724093412554,0.034,0.481,15,NA
"375",2,"May","SWH","UP","3","2-May-SWH-UP-3",2025-05-21 11:09:22,2025-05-21 11:08:58,2025-05-21 11:09:46,498.195388888343,11.445421447017,4.44798498038516e-31,0.944053826026073,37.4984553862365,371.155837654668,10.9560293653826,0.103613148491822,4353.24174568483,3.34302970470562,1.50224914559983e-57,0.995813997811904,10.2571783886118,320.895354183952,0.998616814266487,6.02574994765883,372.10337953913,TRUE,10.8657033930844,0.0783626994576032,6.97312206995806,NA,NA,NA,NA,NA,NA,322.236306415249,-0.57216085123786,0.0628961747780882,19595.7496312135,2.02931561926334,6.19905321743303e-12,0.63777546966064,6.22640363747926,176.731867458043,0.982864483977641,1.38401121055136,322.596183829563,TRUE,-0.544070891332489,0.0643480187428505,6.95368266634263,0.01,0.233574074074074,15.2,"low r2, but also low flux - checked"
"376",2,"May","SWH","UP","4","2-May-SWH-UP-4",2025-05-21 11:13:08,2025-05-21 11:12:41,2025-05-21 11:13:34,423.680671539027,3.38747021702083,4.81852261661769e-32,0.932113423643181,11.7911029070332,321.017106525432,2.83481755644709,0.0397917944887011,4390.09652830162,1.39848015001194,1.59560036676722e-53,0.989858243704087,4.55742007872519,308.619521289077,0.992514242598245,3.99297894406314,321.18296632752,TRUE,2.82672224594239,0.0401409775080138,3.46905746008842,NA,196.780376276243,-0.741015956199456,4.21986004170633e-33,0.938175816925506,1.44255608102905,209.133549955788,-0.35080199936228,0.0141215481058941,22174.1481312911,0.496300932573908,1.62917717813295e-30,0.922284317160495,1.61736427591271,186.522887794841,0.952521972012631,1.2891887836089,209.563643509485,TRUE,-0.347391787371714,0.0138875923293135,1.37184696624978,0.02,0.484,15.1,NA
"377",2,"May","SWH","UP","5","2-May-SWH-UP-5",2025-05-21 11:17:16,2025-05-21 11:16:49,2025-05-21 11:17:42,NA,NA,NA,NA,NA,423.517615461854,11.5164030968852,0.102795287328008,5083.01436235402,3.61273399931266,1.11236473118509e-63,0.995874083178975,11.773314385206,337.986580808614,0.999213917765889,5.24069840384641,425.874308605408,TRUE,11.649699376549,0.0857775658062226,10.8818995599552,NA,NA,NA,NA,NA,NA,224.589809991656,-1.89133028849163,0.0162943005007105,21913.3209988927,0.572662180768039,1.77500532168228e-64,0.996155259227047,1.86621320362433,210.095179635851,0.997270241819534,1.60363853553799,224.706385671961,TRUE,-1.89634625101185,0.0149188146356681,1.46288974451689,0.0144576271186441,0.356576271186441,15,NA
"378",2,"Nov","GCW","TR","1","2-Nov-GCW-TR-1",2025-11-12 13:38:51,2025-11-12 13:37:54,2025-11-12 13:39:47,921.694544447372,1.79706731216376,1.12106775042949e-64,0.924526348429713,13.5463264200709,702.970343400504,1.47694213720443,0.0147722161979362,4085.55169343327,1.0303731103744,2.36142313184755e-111,0.988919904870194,5.19033751263652,539.929269665627,0.99744033167287,2.51726171789337,702.997153889015,TRUE,1.47461628716332,0.0160831307841947,6.07931356500026,NA,457.707089930177,1.38305274887773,1.08473554874202e-80,0.960918384748981,1.77018259522172,670.021958162134,0.233314379612579,0.0127845533283625,18956.0057492162,0.891732141012975,2.41686446968783e-35,0.748343947782613,4.4919561041743,314.005638644283,0.989302336078221,0.934520768943987,673.369514473438,TRUE,0.213503405230654,0.0115179953437586,4.65029446697338,0.211949579831933,0.335991596638655,13.9605042016807,"low r2, but also low flux - checked"
"379",2,"Nov","GCW","TR","2","2-Nov-GCW-TR-2",2025-11-12 13:45:37,2025-11-12 13:44:40,2025-11-12 13:46:33,NA,NA,NA,NA,NA,691.010843385289,3.60255990103017,0.0140173266899647,4123.84161949681,0.977719003509489,4.76184730818933e-157,0.998307260139179,4.92510098491309,679.054907633677,0.998528350196312,4.63377493837244,691.432125931009,TRUE,3.59639229606079,0.013341456075635,4.21654297483748,NA,869.660008263727,1.3894053754808,7.1529354764236e-64,0.92198874373095,10.7821689628147,605.427543183142,1.15827519469844,0.00963043921054851,18967.5132832563,0.671730326085446,2.93821529251981e-120,0.992316889437176,3.38373262534966,401.839651948656,0.998756315839231,1.373710499826,613.269047003584,TRUE,1.13518986309844,0.00780285588521026,2.9730978619312,0.0801596638655462,0.321991596638655,13.9008403361345,NA
"380",2,"Nov","GCW","TR","3","2-Nov-GCW-TR-3",2025-11-12 13:52:25,2025-11-12 13:51:28,2025-11-12 13:53:21,960.659338264489,2.23824584597157,2.08298943205472e-65,0.926759389661518,16.0709551714103,781.014905630077,1.77504794062928,0.0208019939287965,4110.7653047453,1.4509546096,9.5677076399164e-104,0.984851194306542,7.30894863570665,618.79091442961,0.996475225330186,3.55749305120624,781.084699197695,TRUE,1.77059551479425,0.021817781829094,8.96617156850992,NA,NA,NA,NA,NA,NA,657.615835688229,0.183680467732332,0.0121074970676355,18902.4531155727,0.844506961262273,6.31650270248778e-29,0.672661348949892,4.25406691672064,288.898479686413,0.987552189127937,0.83707588802124,658.177637609793,TRUE,0.176199846488333,0.0122697392893017,5.03723016273571,0.254731092436975,0.391268907563025,13.4773109243697,"low r2, but also low flux - checked"
"381",2,"Nov","GCW","TR","4","2-Nov-GCW-TR-4",2025-11-12 13:59:06,2025-11-12 13:58:09,2025-11-12 14:00:02,1031.81635845888,2.67652521289176,1.05292135138569e-62,0.918154089890653,21.957435075723,814.077613455642,2.29770516124053,0.0240482137273448,4086.83159674393,1.67738086453502,3.58858945502693e-109,0.987880092565532,8.44953418962119,679.975199423634,0.996391021895592,4.65251635511284,814.085226872706,TRUE,2.29601904012012,0.0244851359827963,11.1384590061177,NA,607.900070905138,1.52396744118158,1.68973933246216e-95,0.978737087768776,3.4206269296373,728.415235280812,0.684605527633653,0.0165163126095638,18912.5515624448,1.15202513742045,8.85362763037687e-70,0.938801975478011,5.80313987821453,318.893358126147,0.998373012699684,0.954770710041711,729.052329913728,TRUE,0.673452472620062,0.0166897814645049,7.34632009098074,0.249571428571429,0.359428571428571,13.2428571428571,NA
"382",2,"Nov","GCW","TR","5","2-Nov-GCW-TR-5",2025-11-12 14:06:05,2025-11-12 14:05:08,2025-11-12 14:07:01,980.346820771852,1.83619558136889,4.17498014864273e-59,0.905115079341341,17.5203353033228,667.652889409311,1.70793876775432,0.0126524012405174,4150.85029483375,0.882514434206431,7.78621743367856e-126,0.99389116811935,4.44552340039275,570.073803462298,0.997493992223121,2.87307980837252,667.675385579349,TRUE,1.70973476532385,0.0135628562188803,4.80727877803171,NA,NA,NA,NA,NA,NA,530.375529853748,0.0891754399473687,0.00692926215423693,18963.6047364644,0.483321209410553,8.1064714715038e-24,0.59657293391648,2.43465224256961,310.248266455622,0.943515453251136,0.919246349246863,532.772151092646,TRUE,0.0814041276391484,0.00707862962018197,2.13068966638998,0.293058823529412,0.430563025210084,13.2378151260504,"low r2, but also low flux - checked"
"383",2,"Nov","GCW","UP","1","2-Nov-GCW-UP-1",2025-11-12 14:14:43,2025-11-12 14:14:11,2025-11-12 14:15:14,547.087961657089,2.68226766502047,1.50008899271402e-33,0.906108501010318,16.8472176140127,340.853960933881,2.92395305417799,0.0227596322137337,4074.00266349545,0.93106091997632,5.92277538553278e-77,0.996257575781441,3.36350096621609,310.281678864605,0.997819527315843,2.60982023502659,340.873104877047,TRUE,2.92086170624625,0.0237778701934894,3.91211011915064,NA,494.203207709785,-1.79454156736163,1.03703490033148e-33,0.907218193946232,11.1453612080309,221.002471889165,-1.94827400935302,0.00892314704084277,18865.0061601241,0.365031974810112,3.34755364683528e-91,0.998701137257779,1.31869502159408,223.596363784805,0.998729362645161,1.32584808579214,221.010510345668,TRUE,-1.9477080246014,0.00981545132344549,1.32988134496547,0.008,0.103710144927536,13,NA
"384",2,"Nov","GCW","UP","2","2-Nov-GCW-UP-2",2025-11-12 14:26:19,2025-11-12 14:25:47,2025-11-12 14:26:50,583.16641540275,3.70706075684393,5.57251486663287e-36,0.921593562727853,22.3326210356162,396.740326429123,4.24039771963629,0.035219527250917,4065.4616251982,1.44077571796537,3.25793968436932e-75,0.99574115331743,5.204869429597,354.223921621448,0.997941084131759,3.67877609885984,396.784512655646,TRUE,4.2351230576762,0.0379818401514629,5.96075210240852,NA,NA,NA,NA,NA,NA,245.874694310502,-1.05399807542407,0.0108369645020046,18836.9585017407,0.443323250755284,1.69731163850439e-69,0.993488363632113,1.60152590477042,213.918262687446,0.99628725482364,1.22929662301751,245.906065410206,TRUE,-1.05237492736845,0.0121621577693758,1.71348128564117,0.011,0.189811594202899,14.1,NA
"385",2,"Nov","GCW","UP","3","2-Nov-GCW-UP-3",2025-11-12 14:32:36,2025-11-12 14:32:04,2025-11-12 14:33:07,NA,NA,NA,NA,NA,339.643786114441,2.52498554492807,0.0225454654948328,4038.24291698669,0.922299694818745,2.83404886548597e-73,0.99508129391277,3.3318506320108,305.33846311088,0.997296560547597,2.5109532713335,342.490858620251,TRUE,2.55913073934639,0.0187199803565976,2.2586483663205,NA,NA,NA,NA,NA,NA,252.431971267011,-1.35476677006047,0.0114065945280882,18821.1222187086,0.466625923274376,7.5524186370734e-75,0.995624073538279,1.6857078952844,203.336012001634,0.998091163495403,1.13175363721601,254.917888710663,TRUE,-1.3703131768589,0.00972056435213083,1.45432499960158,0.013,0.163188405797101,14.0811594202899,NA
"386",2,"Nov","GCW","UP","4","2-Nov-GCW-UP-4",2025-11-12 14:36:54,2025-11-12 14:36:22,2025-11-12 14:37:25,NA,NA,NA,NA,NA,325.72770133504,3.20326141051142,0.0202228781799658,4010.98588570199,0.827286284153853,1.41567301305172e-82,0.9975349769212,2.98861025781168,326.245156926762,0.997665526430502,2.95647007911694,326.834471835404,TRUE,3.2207652277511,0.0219253903968782,2.43445716200975,NA,NA,NA,NA,NA,NA,270.049541400461,-2.52527815441955,0.013089742682904,18852.3049625156,0.535480879047061,7.12252144273247e-88,0.998336922079602,1.93444963205076,273.261550580022,0.998357272947302,1.9543576883022,270.613601891035,TRUE,-2.53346385756697,0.0127515758159948,1.8807002016469,0.006,0.074,14.0550724637681,NA
"387",2,"Nov","GCW","UP","5","2-Nov-GCW-UP-5",2025-11-12 14:19:13,2025-11-12 14:18:41,2025-11-12 14:19:44,NA,NA,NA,NA,NA,360.342997402695,4.71102629685697,0.0265026982142314,4172.8535533161,1.0841838896811,1.12974234867622e-85,0.998041653742845,3.91666483068696,299.780412268488,0.999285869829749,2.40425527397152,360.84957645464,TRUE,4.72838248926347,0.0259380615262287,4.0708012091237,NA,NA,NA,NA,NA,NA,259.079903039504,-3.44728623806909,0.0120146726355158,18772.980752351,0.491501446604552,1.50211562834741e-98,0.999247452474445,1.77557188265733,239.365070931059,0.999480472419387,1.49967039007681,261.094419132942,TRUE,-3.46181344562888,0.0102171898472045,1.45219959036987,0.004,0.0817246376811594,13.2724637681159,NA
"388",2,"Nov","GWI","TR","1a","2-Nov-GWI-TR-1a",2025-11-06 12:55:52,2025-11-06 12:54:59,2025-11-06 12:56:45,770.457195445349,1.69415291614731,1.08677357078361e-69,0.949028509425375,8.69480389865862,720.08711983634,1.21534542722032,0.0215066122668152,3884.06116129392,1.41323155032024,1.98887969179226e-80,0.968166534905553,6.87128689132217,553.968459471408,0.993507653148181,3.13309106842294,720.188265065788,TRUE,1.20948596081046,0.0232013145564734,8.17954486144461,NA,656.623715993842,2.35240062624265,3.25846819693115e-88,0.977373089401981,5.10792598084649,738.338252650335,1.06230919684037,0.0234213055685954,18441.7948656858,1.5390489012676,8.53416989794458e-71,0.951438686722566,7.48302465932598,333.381493806957,0.998937312148893,1.11766296365193,739.235642154112,TRUE,1.0434437888264,0.0229914463627192,8.8642205540951,0.379982142857143,0.95,15.1,NA
"389",2,"Nov","GWI","TR","2","2-Nov-GWI-TR-2",2025-11-06 12:42:40,2025-11-06 12:41:43,2025-11-06 12:43:36,796.612623777074,0.863910669704488,1.11408168142023e-62,0.918071591731168,7.82646142399127,753.001059112665,0.800239171486012,0.0183968802055125,3880.53964436097,1.28319613147737,5.45718366962118e-72,0.944115435710657,6.46389249701693,662.367656918704,0.975634440284481,4.30674397875527,753.329712882409,TRUE,0.791548715159347,0.019147252342129,7.38037791780578,NA,516.641961866551,1.95806153139364,1.45391920291538e-84,0.966669765137984,2.29233049350158,741.70546600301,0.32970026314789,0.0175076691337874,18474.5441148866,1.22117299524134,1.6913372167928e-36,0.759983852287328,6.15146100262334,330.573185274273,0.993708528609258,1.00495548854717,745.072853917716,TRUE,0.302347753505465,0.0154336883334666,6.47811004963463,0.348,0.95,14.8,"low r2, but also low flux - checked"
"390",2,"Nov","GWI","TR","3","2-Nov-GWI-TR-3",2025-11-06 12:33:31,2025-11-06 12:32:34,2025-11-06 12:34:27,1070.71946946722,2.46544524771899,1.00102776431754e-55,0.890983862442848,26.0425956015132,747.632854077877,2.36811170105319,0.0179687895181522,3928.44500859262,1.25333648637419,1.12377928083192e-124,0.993592925280192,6.3134793752724,706.366744531569,0.995692612083946,5.22346312428629,754.128359346438,TRUE,2.33253477453566,0.0161576108050138,4.85423748192076,NA,746.168949539173,1.23890890889671,4.57572873309391e-71,0.941953763244647,6.27307269237737,607.743558833686,0.777458187086588,0.00972876340068258,18497.708701957,0.678588511766999,1.31847480420002e-100,0.982764312909151,3.41827962395938,340.690826791433,0.998401083006554,1.05055528917933,609.615933571656,TRUE,0.766992045846833,0.00954198524049216,3.50890532721736,0.369495798319328,0.95,15.1756302521008,NA
"391",2,"Nov","GWI","TR","4","2-Nov-GWI-TR-4",2025-11-06 12:19:11,2025-11-06 12:18:14,2025-11-06 12:20:07,923.35778283718,1.8836527590053,5.14808597023804e-68,0.93419967027006,13.6455069036481,794.286948257801,1.58518405070717,0.0220488303989318,3890.21313399492,1.53792238441777,1.46567877620109e-95,0.978791022774404,7.74703470325083,648.480195348222,0.994300774876716,4.05224983657135,797.785268396422,TRUE,1.55117862575386,0.0209001149389104,7.2618466171965,NA,781.510063800507,1.65146559332375,1.49527760600801e-76,0.95367008511019,7.32483906706056,700.341160755704,1.01328872479985,0.0146028487524678,18358.0840319376,1.01855960458453,7.13063449131452e-94,0.977267856390052,5.13082889227412,286.387993230007,0.999418692797808,0.8279094823376,702.601041431435,TRUE,0.994724360493552,0.0137502043750009,5.34364560171593,0.291294117647059,0.95,15.9798319327731,NA
"392",2,"Nov","GWI","TR","5","2-Nov-GWI-TR-5",2025-11-06 12:08:13,2025-11-06 12:07:16,2025-11-06 12:09:09,753.692600150625,1.10875244140812,8.36977826604022e-73,0.945954565251168,6.48352772850271,774.256297111134,0.812380855451382,0.0201944098145732,3874.34052292541,1.40857516394351,2.05184735418082e-68,0.935271060841546,7.09546904822431,630.715558212181,0.982256994608243,3.74850527399606,774.866510658916,TRUE,0.799346849573438,0.0212693861393248,7.82381714630199,NA,574.879765369378,2.34778087811102,5.3223025427157e-105,0.985612814827095,2.95943373875893,828.170685063114,0.692087837086168,0.0255815768491185,18472.0299820059,1.78433408725702,6.16357848528106e-51,0.867287111120833,8.98829371119844,334.306931292982,0.99831635320134,1.02154821009593,828.771939857047,TRUE,0.67529285831701,0.0254651785253294,11.1390658409354,0.360957983193277,0.95,16.7117647058824,"low r2, but also low flux - checked"
"393",2,"Nov","GWI","UP","1a","2-Nov-GWI-UP-1a",2025-11-06 13:09:42,2025-11-06 13:09:10,2025-11-06 13:10:13,NA,NA,NA,NA,NA,356.106513706564,4.46523460597267,0.0256398817046305,3876.04540954481,1.04888741715221,4.01345744783842e-85,0.997959915025006,3.78915467865742,299.743105199082,0.999205614799757,2.40355462828229,356.563949479095,TRUE,4.48139264244373,0.026029967693903,3.90070972767782,NA,NA,NA,NA,NA,NA,214.8763968487,0.0278339173030106,0.0085061440380329,18451.6914150275,0.347973034850847,0.00174620695770091,0.147266751582747,1.25706880594638,153.230493926675,0.694261688846211,0.76515179589436,214.884636799739,TRUE,0.0271387890156362,0.00903165496166508,1.383743749503,0.414,0.818,14.9,"low r2, but also low flux - checked"
"394",2,"Nov","GWI","UP","2","2-Nov-GWI-UP-2",2025-11-06 13:14:13,2025-11-06 13:13:41,2025-11-06 13:14:44,NA,NA,NA,NA,NA,375.329683974482,3.98744504846927,0.0297946854217909,3937.79509663874,1.21885393220363,4.74102620315318e-78,0.996550317638054,4.40316663569927,319.092291027195,0.998654086596459,2.7957887048767,376.160323419537,TRUE,4.0074662723845,0.0285419803131911,4.32193941629662,NA,157.145813056994,0.13917111714919,4.49812782582251e-24,0.810512588130253,0.800725153876297,151.578472526498,0.0890905308064707,0.00518761314611691,18431.3329291205,0.212217131759728,3.00501608391762e-25,0.826299439790138,0.766644279022695,135.176425602542,0.873713780364553,0.664494652931424,151.580069981561,TRUE,0.0892852444209162,0.00534143854234091,0.871587774128501,0.236869565217391,0.375028985507246,14.8014492753623,"low r2, but also low flux - checked"
"395",2,"Nov","GWI","UP","3a","2-Nov-GWI-UP-3a",2025-11-06 13:23:04,2025-11-06 13:22:32,2025-11-06 13:23:35,NA,NA,NA,NA,NA,385.503807376494,3.66421583864684,0.0322595903792223,3867.88669663472,1.31968933480453,1.18747412104506e-73,0.995217386932556,4.76743922710558,290.596207139093,0.998980251722316,2.23778960599542,390.884051957754,TRUE,3.72857490329839,0.0225189197905005,2.78575182795884,NA,NA,NA,NA,NA,NA,180.856168623676,-0.0140197465994167,0.00652085627200606,18451.9470468672,0.266758020631975,0.0354650332037527,0.0693825971504361,0.963675781993255,151.217272989869,0.449822751872148,0.753211414679298,180.960955652242,TRUE,-0.0152965999498336,0.00669273868342116,1.06237542864615,0.163,0.322,14.7,"low r2, but also low flux - checked"
"396",2,"Nov","GWI","UP","4","2-Nov-GWI-UP-4",2025-11-06 13:28:29,2025-11-06 13:27:57,2025-11-06 13:29:00,385.520746642982,1.97368269804475,1.35049575763277e-38,0.93542272419904,4.76807018231947,352.754331621542,0.98016989760676,0.0249771172520586,3893.54217309403,1.0217747610625,1.70598024251589e-45,0.961298152171329,3.69120894492741,317.053101580428,0.979187461303831,2.75160143851342,353.220084724627,TRUE,0.985575904143809,0.0246381390090302,3.23355112252747,NA,184.306455959302,0.692622594964899,1.97028654662032e-48,0.968880781485596,0.990005285612391,242.895138463344,0.287158149959099,0.0105876174083186,18415.0978170558,0.433122851545822,4.2626565332472e-36,0.922267476231244,1.56467648722888,167.342114146866,0.977573175916109,0.854333192729452,243.424343256322,TRUE,0.280676766361164,0.0107244368200393,1.71532763734422,0.116,0.274,14.9246376811594,NA
"397",2,"Nov","GWI","UP","5","2-Nov-GWI-UP-5",2025-11-06 13:35:01,2025-11-06 13:34:29,2025-11-06 13:35:32,561.238880402462,3.20583151333983,3.92849656072803e-35,0.916502261142177,18.8166020723463,342.330691567981,3.46481221897701,0.0230237296476819,3889.56777731827,0.941864732511872,3.36243226304644e-81,0.997269788438076,3.40253024252067,289.239928192272,0.998881111341306,2.21420332556043,342.342536329284,TRUE,3.4637492262415,0.0232568378050347,3.81003428299932,NA,208.034906091278,0.562247097391644,2.5131135551242e-40,0.943203665972518,1.191643587063,212.115756533012,0.25822356408136,0.00832465195611664,18480.2312315375,0.340548477934879,1.81760539645224e-39,0.939464191255051,1.23024724806033,169.848028558672,0.970620362850106,0.871223660233337,212.135521994978,TRUE,0.257646818435781,0.00912913360877806,1.3803570725035,0.207,0.347710144927536,14.9,NA
"398",2,"Nov","MSM","TR","1a","2-Nov-MSM-TR-1a",2025-11-13 12:57:35,2025-11-13 12:56:38,2025-11-13 12:58:31,766.276517333118,1.11440900039585,1.10717189662135e-66,0.930496154218202,6.8514299615497,712.765740250403,0.765571884844541,0.0154206943981466,3891.70178149634,1.07560494906453,4.19247507712941e-78,0.956533553109896,5.41818556763245,603.576588158183,0.983895447346162,3.32785048813457,712.791760202585,TRUE,0.763116030692198,0.0160597601212449,6.16865218525986,NA,638.4378682486,3.26086587546268,7.45493529718592e-67,0.930985000123133,3.91087664473308,805.062832100886,0.375781719951964,0.0231159349824746,18355.4283927518,1.61235372593804,3.01786260984167e-31,0.702341647578428,8.12197052030465,286.41865835701,0.996961547483687,0.828020840481419,805.542458582129,TRUE,0.362199881601169,0.0231677803986478,10.3298213814068,0.426840336134454,0.95,14.7,"low r2, but also low flux - checked"
"399",2,"Nov","MSM","TR","2","2-Nov-MSM-TR-2",2025-11-13 13:05:27,2025-11-13 13:04:30,2025-11-13 13:06:23,911.704619715233,1.19135541621409,1.82913863732849e-57,0.898495935010609,12.9656031369599,654.381854225461,1.21924590199927,0.0119369749772761,3886.4403361054,0.832612918129078,2.21350409429247e-112,0.989378485587461,4.1941526025469,595.534637263461,0.993879827827815,3.2125174498256,654.402203267259,TRUE,1.21758579904918,0.0125553033657448,4.66472632553233,NA,NA,NA,NA,NA,NA,477.513737778206,-0.0937444051790966,0.00549535599512761,18351.1535854115,0.383305184099951,6.37520373495733e-33,0.722087168851742,1.9308377283828,312.218835817664,0.937054799920886,0.927225688227449,485.889459847033,TRUE,-0.108045324825286,0.00391407400899708,1.26181151843103,0.411285714285714,0.95,14.6,"low r2, but also low flux - checked"
"400",2,"Nov","MSM","TR","3","2-Nov-MSM-TR-3",2025-11-13 13:13:01,2025-11-13 13:12:04,2025-11-13 13:13:57,948.223774690032,1.87329773293572,1.16596898735805e-62,0.918005017674481,15.2178894096414,723.448566852173,1.59157392990066,0.0161604177248006,3931.86285889502,1.12720120345779,1.25281163642641e-110,0.988584801094139,5.67809333501544,627.353682574929,0.995255811458251,3.69363880563321,723.604759096784,TRUE,1.5854596251998,0.0171474794330133,5.66181889871083,NA,506.018527995006,1.66874416513962,1.04955956302904e-115,0.990735260516824,2.18797175323719,766.156116632012,0.652868148525111,0.0194895556987498,18413.5330368591,1.35941106304289,3.43906260946649e-60,0.909248553427313,6.84781285979094,357.336536064034,0.997572407507861,1.13012287757181,768.734452339885,TRUE,0.62626848364566,0.0178026665146262,7.44868189786007,0.431117647058824,0.95,14.5117647058824,NA
"401",2,"Nov","MSM","TR","4","2-Nov-MSM-TR-4",2025-11-13 13:21:24,2025-11-13 13:20:27,2025-11-13 13:22:20,840.592965480683,1.21615289251512,2.18317603364781e-65,0.926697967219402,9.49159545394361,722.409404429281,1.0421277251392,0.01608693050001,3909.93869098111,1.12207541465496,1.30459098890943e-90,0.974005358077261,5.65227300484834,627.042689771569,0.989127326870095,3.68860410374391,722.526145693281,TRUE,1.03670730121932,0.0173418382063021,5.55378089587576,NA,771.856611743799,1.72823437561945,6.9622976904918e-79,0.957904462548055,7.02118131444534,716.101289020301,1.01735493451146,0.0156479512722351,18369.7301188137,1.09145628572728,8.79933414457067e-91,0.974187471933888,5.49803410645568,488.421803788296,0.996617605901985,2.00824609739183,725.515388773397,TRUE,0.976548610885561,0.0114380943123748,4.26758767380104,0.414697478991597,0.95,13.9428571428571,NA
"402",2,"Nov","MSM","TR","5","2-Nov-MSM-TR-5",2025-11-13 13:30:13,2025-11-13 13:29:21,2025-11-13 13:31:04,717.603146997968,1.56223227059388,6.15598302676304e-68,0.949468471689419,7.47780639051116,694.808501983337,1.07487224489548,0.0218897465099995,3900.01225421346,1.400516177272,8.56000829298341e-73,0.959414202689508,6.70162373928571,580.55598460586,0.986981456695507,3.83331299743234,695.176913476645,TRUE,1.06192308909581,0.0224185380497482,6.2697063191664,NA,468.696332619544,2.16182216582156,4.97461174042831e-84,0.975558065061555,2.25979049770401,690.202955488399,0.424978872038946,0.0214103891995719,18406.7564221996,1.36984667328113,8.22186162621115e-37,0.794350826464679,6.55486679398741,252.622234944525,0.997054722002427,0.792252500662626,692.502798027821,TRUE,0.397438331175225,0.0199138064828019,7.02597896792305,0.39,0.762045871559633,14.3954128440367,"low r2, but also low flux - checked"
"403",2,"Nov","MSM","UP","1","2-Nov-MSM-UP-1",2025-11-13 12:21:15,2025-11-13 12:20:43,2025-11-13 12:21:46,517.177773508292,1.94659545674051,9.24829822407747e-32,0.892782365919339,13.3366004807567,333.648885037794,2.16348717836706,0.0215138904585915,3932.03074560868,0.880099575183776,2.16840065721205e-70,0.993906504749901,3.17940073306083,305.908147801664,0.99628910595353,2.52215358066025,333.73994205865,TRUE,2.15751964926474,0.021054086609153,3.19772719943382,NA,165.80353985567,1.50799282771929,8.44324474267921e-35,0.914418849558949,0.856758644053486,227.202064822902,0.137513972965343,0.00936597097174744,18430.9891035161,0.383147208510895,7.52584083028981e-22,0.776632810638453,1.38413714761239,152.492397054915,0.934700887340849,0.760752335171881,227.445758331731,TRUE,0.137445356636372,0.00972856753438107,1.44069975064916,0.288,0.439,15.8507246376812,"low r2, but also low flux - checked"
"404",2,"Nov","MSM","UP","2","2-Nov-MSM-UP-2",2025-11-13 12:25:52,2025-11-13 12:25:20,2025-11-13 12:26:23,NA,NA,NA,NA,NA,363.897600570634,1.79373517497307,0.0272490016696886,3950.02428543396,1.11471399558502,4.35090842456723e-59,0.985893917536168,4.02695626114366,297.53921564547,0.995301438865148,2.36252473363475,364.777832989112,TRUE,1.8148629489794,0.0278857244135362,3.69568339355319,NA,219.133302046335,0.583479998101888,1.63285423943264e-43,0.955167731749435,1.29957818428759,193.549570122278,0.32206913485528,0.00720066149844371,18451.5143425692,0.294567788100441,6.72811185187259e-49,0.969940392041154,1.06413986306843,140.565983805067,0.987660397494595,0.693071213312691,193.639677153071,TRUE,0.321337061489601,0.00716123585599901,1.08733891904407,0.436,0.835,15.3840579710145,NA
"405",2,"Nov","MSM","UP","3a","2-Nov-MSM-UP-3a",2025-11-13 12:32:15,2025-11-13 12:31:43,2025-11-13 12:32:46,444.922445815168,0.867139682779289,1.19203261271436e-27,0.854601862348036,7.58382298339778,342.359621962256,1.04405915414353,0.023028934029369,3929.91581843669,0.942077635618387,2.98062844177381e-49,0.970719211046311,3.40329936491546,279.619806075348,0.98967960524643,2.05388980754306,342.556567425185,TRUE,1.05096921918197,0.0246861296588844,3.11528206841459,NA,189.788735214717,0.648201698247619,7.17813425846856e-29,0.867170760383743,1.03332866990495,250.527189668164,0.122433885113319,0.0112381085213707,18477.906096644,0.459733424531673,4.90800631950827e-16,0.656872279278735,1.66080842234624,144.459829552611,0.938545304815874,0.714478870658359,251.866615854599,TRUE,0.112352849619843,0.0109535453910823,1.60061426710689,0.350492753623188,0.557,14.7507246376812,"low r2, but also low flux - checked"
"406",2,"Nov","MSM","UP","4","2-Nov-MSM-UP-4",2025-11-13 12:15:27,2025-11-13 12:14:55,2025-11-13 12:15:58,NA,NA,NA,NA,NA,371.192960181922,1.40109751046623,0.0288471696212801,3917.81122853932,1.18009254429406,4.67391464448894e-51,0.97439088354102,4.26313931537201,278.959217014941,0.994306665168777,2.04331729121354,371.522938703497,TRUE,1.41450311733519,0.0277672571638105,4.8568382795194,NA,289.20102477557,1.1863632480523,2.92788490296259e-50,0.972830020366696,2.24665809734737,322.057580882066,0.709533220767836,0.0196512653500472,18386.2526615371,0.803902498234274,2.41145732377653e-43,0.954600714683341,2.90413524135808,167.436843675261,0.996192216184632,0.854965696910357,322.07595744608,TRUE,0.708829206916875,0.019964121714217,3.78867009025325,0.380333333333333,0.664666666666667,16.0333333333333,NA
"407",2,"Nov","MSM","UP","5","2-Nov-MSM-UP-5",2025-11-13 12:37:07,2025-11-13 12:36:35,2025-11-13 12:37:38,NA,NA,NA,NA,NA,357.634560577629,3.18764906755065,0.0259478014769514,3969.94523110695,1.06148393293962,9.39433035532364e-76,0.995908606025249,3.83466017900963,304.149025509524,0.998333585601066,2.48772836075932,358.333007130747,TRUE,3.20628176561,0.0241438979417492,3.56853567952851,NA,241.311808976035,0.576795169347645,2.51391263793373e-43,0.954539782813583,1.54544102637193,210.643575418672,0.38071957586292,0.00822945517783532,18466.8200390999,0.336654126781352,8.81378011540415e-50,0.97184721042139,1.21617872301902,149.280556604056,0.989861406528659,0.741900661493139,210.715353855898,TRUE,0.378764633177093,0.00887864377459112,1.41643577677189,0.399623188405797,0.703,14.7,NA
"408",2,"Nov","SWH","SWAMP","1","2-Nov-SWH-SWAMP-1",2025-11-04 15:06:18,2025-11-04 15:05:26,2025-11-04 15:07:09,NA,NA,NA,NA,NA,456.849349426297,1.7761524589646,0.00697257044687808,4465.88783494335,0.446108304797433,7.58267306796568e-145,0.998430564839109,2.13467723846388,451.434456485203,0.998566401140407,2.06050863839542,456.927158330359,TRUE,1.77680543065398,0.00730443985149522,2.31569383069472,NA,NA,NA,NA,NA,NA,970.826047167255,8.37923915398811,0.0825187681390726,22534.0638902356,5.27958922021026,2.75907907762801e-104,0.990204617055689,25.2634143225369,899.52322630207,0.995251420307221,17.7649212391374,970.852959130649,TRUE,8.37090666091686,0.0874764016490038,30.3054341034288,0.126,0.675,13.7348623853211,NA
"409",2,"Nov","SWH","SWAMP","2","2-Nov-SWH-SWAMP-2",2025-11-04 14:56:07,2025-11-04 14:55:19,2025-11-04 14:56:55,892.02396648938,2.34054714103556,4.18707590247633e-47,0.888827137989473,23.5379110659467,455.787731727306,2.49354580773551,0.00900848807491828,4378.1168621885,0.539983533659713,6.64952634350326e-140,0.998761618191011,2.48425290565329,445.600209435591,0.998930124359153,2.33375629624141,455.849612724871,TRUE,2.4923943747108,0.00902348796934422,2.34625626084898,NA,NA,NA,NA,NA,NA,574.071253478809,5.67687305005569,0.0165746783030857,19893.9770248584,0.993513371493735,1.10711431416647e-148,0.999190822323786,4.57076619209296,554.066758614651,0.999368214777724,4.08199172576708,575.862253006248,TRUE,5.66329029223942,0.0137716205502823,3.14158281982029,0.136,0.608,14.3,NA
"410",2,"Nov","SWH","SWAMP","3b","2-Nov-SWH-SWAMP-3b",2025-11-04 14:45:24,2025-11-04 14:44:32,2025-11-04 14:46:16,992.348061707907,2.86966831026047,3.76093477622365e-53,0.899289992638773,26.7777864416555,556.888807350436,2.75509996647875,0.0108402993932327,4418.84239169498,0.6998222805254,6.24296603284206e-146,0.998407963237986,3.36678129547829,473.776128276512,0.999305546715324,2.24552452909008,557.02024720933,TRUE,2.75387373905717,0.0117138635598293,2.99530743558787,NA,557.263998473389,2.86690176495754,1.76904113491721e-96,0.985474238279103,3.37280184570294,779.84648806798,0.857357188332248,0.0313424640324982,20352.4453692651,2.02339011690038,4.8372681829908e-49,0.879004061652723,9.73434568833878,494.804889415972,0.992286439779186,2.48202831525353,781.193018283233,TRUE,0.826403056430066,0.0295987917105177,10.9588314065705,0.0992909090909091,0.639,14.7,"low r2, but also low flux - checked"
"411",2,"Nov","SWH","SWAMP","4a","2-Nov-SWH-SWAMP-4a",2025-11-04 14:14:09,2025-11-04 14:13:17,2025-11-04 14:15:01,1116.38775760874,6.06939224138646,2.5824715064162e-56,0.912559915369589,48.3389618130528,768.225106014949,5.33330730914319,0.0296550947957748,4357.34798081223,1.91445783149973,1.70109457566772e-130,0.99682559874121,9.21028237802906,520.801464235659,0.999710439736465,2.80911449791241,769.575663086568,TRUE,5.30645702065503,0.030250167281668,9.31526031736334,NA,1116.15259147515,7.01753087472594,6.97234011073957e-59,0.922039178552324,48.2848602695353,839.004339957298,5.63515302609416,0.0415408762794229,19403.6858719337,2.68177378855769,6.1892272046433e-118,0.994433874257345,12.9017696081945,504.660188730655,0.999778121644552,2.60128639946519,840.122012113775,TRUE,5.61262624889953,0.0421245284608734,12.8845385445243,0.0459727272727273,0.446,15.3,NA
"412",2,"Nov","SWH","SWAMP","5","2-Nov-SWH-SWAMP-5",2025-11-04 14:34:09,2025-11-04 14:33:12,2025-11-04 14:35:05,NA,NA,NA,NA,NA,685.520354270477,3.99745731134757,0.0136838060358969,4341.95451402709,0.954455688844901,2.8598152463524e-163,0.998689326312525,4.80791580844046,589.087463413447,0.999456893040923,3.12294917505151,691.35919238924,TRUE,4.02632426587152,0.00885701476945015,2.86311993563249,NA,NA,NA,NA,NA,NA,1268.94214984169,24.7655911203101,0.176810867651612,20527.24669208,12.3326900452241,1.27435387910521e-127,0.994323687171773,62.1239268852686,939.725979713163,0.99969475696658,14.5365480474787,1274.09291934921,TRUE,25.1266296619441,0.159057587875622,48.1068650448083,0.124,0.584,14.7,NA
"413",2,"Nov","SWH","TR","1","2-Nov-SWH-TR-1",2025-11-04 11:56:19,2025-11-04 11:55:22,2025-11-04 11:57:15,1143.61066170057,3.26043845725446,6.2996300047894e-56,0.891880758699203,35.8531597558498,850.262243655263,3.2706682314061,0.0281843043291648,3736.10580524523,1.96587627247408,1.5647199955993e-118,0.991751734243231,9.90278303993851,795.49059598295,0.995074320681055,7.72185562436662,850.306191133521,TRUE,3.27019585517699,0.0323035037097141,9.83992286195036,NA,NA,NA,NA,NA,NA,1684.32338711429,117.156235135596,1.09326963334629,18277.9320982709,76.256373281774,1.08223431129866e-114,0.99034112395218,384.12911870166,1627.87578710067,0.994316113822778,297.337228079566,1685.00141632522,TRUE,116.669795043414,1.11235421442407,271.871787711449,0.0914201680672269,0.34053781512605,15.9352941176471,NA
"414",2,"Nov","SWH","TR","10","2-Nov-SWH-TR-10",2025-11-05 09:56:04,2025-11-05 09:55:07,2025-11-05 09:57:00,NA,NA,NA,NA,NA,1062.00173020126,5.70770970834294,0.0713392878538471,4011.81564257533,4.97596859759824,1.15749306209942e-100,0.982804339057662,25.0656351701871,743.39190898903,0.99898514436707,6.1444650694174,1062.46594520521,TRUE,5.7536645945167,0.0721852058336001,28.8641971833159,NA,1475.62760067626,14.8003024599719,3.86278065967695e-52,0.873683500706106,153.798967845332,1246.48565685953,12.9233718638611,0.160226305721979,20286.1648564985,11.1759044667664,4.75516593031662e-101,0.983075308256593,56.2968070570303,984.214232256976,0.998362682299092,17.6686158127173,1246.8224088006,TRUE,13.0024150699673,0.161450411680619,68.7187556697174,0.171,0.596,12,NA
"415",2,"Nov","SWH","TR","2","2-Nov-SWH-TR-2",2025-11-04 11:47:43,2025-11-04 11:46:52,2025-11-04 11:48:34,690.582514962304,1.89107754679046,4.66076856028109e-66,0.946558029223044,6.78070985289895,641.404672013235,0.960569261736847,0.0176991506956402,3779.65678752786,1.12218756903419,1.5576457209605e-76,0.96684672115983,5.34068756184196,562.365719139414,0.985195396273715,3.60475216916579,645.407803523176,TRUE,0.93139949277512,0.0151125407138141,4.766533583581,NA,NA,NA,NA,NA,NA,602.307308741463,4.95987021583213,0.0146395040199456,19000.7289395102,0.928195353015199,3.74535342173495e-156,0.999120873224696,4.41744456416871,564.471857514477,0.999414328129593,3.64179610231242,602.347641681482,TRUE,4.96074525945596,0.0162746821206622,4.42922698155966,0.033,0.166,16.5777777777778,NA
"416",2,"Nov","SWH","TR","3a","2-Nov-SWH-TR-3a",2025-11-04 12:08:31,2025-11-04 12:07:34,2025-11-04 12:09:27,795.671038598883,0.429917475714425,8.78763565945791e-44,0.821983582377715,7.79420666819045,731.625813775397,0.527423631772516,0.0167505320199233,3761.00322403791,1.16836211618711,1.82675274137944e-57,0.898498298476261,5.88543476041011,714.507330189088,0.915662575891216,5.41333275240064,731.748780801314,TRUE,0.53262129437503,0.0163061303715857,6.0782217889421,"low r2, but also low flux - checked",1318.24115353843,12.0831684426364,5.02440292273481e-64,0.922478885023495,77.1194031639229,1040.93968067078,8.31437011372674,0.0650443787699851,18859.4412327513,4.53689398852442,3.36122548211675e-123,0.99319211642229,22.8538680041223,872.739243078739,0.998496867692254,10.8358984938605,1046.12950211973,TRUE,8.18137542761982,0.0483745987607177,18.5565324730108,0.159,0.453,15.4495798319328,NA
"417",2,"Nov","SWH","TR","4","2-Nov-SWH-TR-4",2025-11-04 11:32:00,2025-11-04 11:31:11,2025-11-04 11:32:48,700.040481309127,2.25182166680101,7.88593486393202e-62,0.943833560982606,8.43503591816926,644.624785566022,1.22522703211839,0.0227023917618288,3735.5605325164,1.37391678864803,1.26961892544352e-73,0.968092116053285,6.35766284536769,572.093659216986,0.985386828724065,4.34802886064166,646.131990659729,TRUE,1.20217078476122,0.02301053233406,6.36016386422253,NA,1047.58919613287,6.12283521059508,4.20095581668451e-51,0.906078523574623,49.6799634994282,678.756659870507,5.66545601033387,0.0270209502074677,18842.4209609862,1.6352698660448,1.40086130356213e-129,0.997821009345219,7.5670481323202,537.301868061522,0.999506074608371,3.64083651977524,678.884938865643,TRUE,5.67354453814232,0.0295075960371892,8.24360734037088,0.190485436893204,0.455485436893204,15.2970873786408,NA
"418",2,"Nov","SWH","TR","5","2-Nov-SWH-TR-5",2025-11-04 11:39:02,2025-11-04 11:38:14,2025-11-04 11:39:50,837.535114996072,2.42357945411945,6.65839020309385e-51,0.907504120622627,17.7740937455072,741.66517055269,2.02972379596874,0.0393211403958823,3750.48222185809,2.35697357446863,2.63959603189848e-71,0.965573929058616,10.8435129701781,728.966363103101,0.971018389753228,10.0555969548109,741.847977279162,TRUE,2.03530952831518,0.030808346073818,6.42228323875222,NA,916.212657208941,3.73958236932291,1.34368606604995e-52,0.914793559823709,26.6635197831768,623.480285519179,3.22175425041176,0.0213822654142147,18671.6886822561,1.28168801912104,7.15939498961334e-115,0.995832911802405,5.89654496325616,454.400842081209,0.999300302122871,2.44206306275657,623.494456401681,TRUE,3.2232134167086,0.0231590263583496,6.59190342375012,0.15,0.431509803921569,16.2019607843137,NA
"419",2,"Nov","SWH","TR","6","2-Nov-SWH-TR-6",2025-11-04 11:14:59,2025-11-04 11:14:02,2025-11-04 11:15:55,NA,NA,NA,NA,NA,610.582955168839,1.87988507843966,0.00985067804055687,3901.16897916317,0.687092148933167,1.33060213228568e-142,0.996934127188816,3.46111531768335,612.773831984461,0.996982397040087,3.4648362915548,610.674441836338,TRUE,1.88260860963487,0.01015663090446,3.02177210541733,NA,NA,NA,NA,NA,NA,1304.85462336211,72.8401882616467,0.206973644873089,21594.8776019538,14.4365662792834,2.55686431822835e-172,0.999096530595606,72.7218623609088,1254.45101254345,0.999439394421443,57.802902123335,1312.63900211846,TRUE,73.3473301062185,0.10824218917985,38.1185597476555,0.299521008403361,0.727521008403361,13.5478991596639,NA
"420",2,"Nov","SWH","TR","7","2-Nov-SWH-TR-7",2025-11-04 10:58:05,2025-11-04 10:57:08,2025-11-04 10:59:01,NA,NA,NA,NA,NA,640.675207738329,0.970244672714075,0.0112405059109193,3869.3860174265,0.784033680689955,2.69273801007643e-104,0.985190263994949,3.94944256899028,635.293267900497,0.98636026689976,3.82452715868747,641.392130851808,TRUE,0.978248810140157,0.0113148234776836,4.14391624924561,NA,1907.91808260695,79.3017673943418,4.72328593202261e-53,0.878330194123024,1024.18989392316,1535.01017107117,88.2353896698623,0.56795694927831,19758.7197979027,39.6154213115567,1.23678182077092e-132,0.995380951020576,199.556262912917,1353.21908044376,0.999094762169539,89.1421480244584,1535.54862527158,TRUE,88.6489129994525,0.564614328866524,236.440958837101,0.126529411764706,0.413,14.1,NA
"421",2,"Nov","SWH","TR","8","2-Nov-SWH-TR-8",2025-11-04 11:22:20,2025-11-04 11:21:23,2025-11-04 11:23:16,927.646691510389,1.28735103405006,5.17198892794419e-56,0.89226048645046,13.9046220414189,722.582438547318,1.26451499785544,0.016099143852469,3810.11728245387,1.12292730510882,8.81609058724338e-100,0.98216955899074,5.6565642649121,693.713174885432,0.986635789288659,4.9414682478702,723.351013727184,TRUE,1.25234396700211,0.0162124996593026,5.79658477576169,NA,NA,NA,NA,NA,NA,1372.61470892025,50.586760977834,0.278602162521462,22516.4960825041,19.4327088710207,3.44307679172755e-140,0.996614363055749,97.8891207562221,1066.713259082,0.999776622410991,25.3715326774393,1372.95605285104,TRUE,50.4483560707619,0.280198980246796,122.388854207205,0.246344537815126,0.710655462184874,14.6,NA
"422",2,"Nov","SWH","TR","9a","2-Nov-SWH-TR-9a",2025-11-05 09:44:29,2025-11-05 09:43:37,2025-11-05 09:45:21,770.071381231351,0.859579095574032,7.3743229563889e-50,0.883338011229907,9.29161421877398,462.482450003725,0.886163269108961,0.00691516296919063,4086.24579045106,0.446425411674966,2.10283144805322e-115,0.993766971214167,2.14771202300827,459.874828129226,0.994147127045806,2.1016914434332,462.495753674325,TRUE,0.885903424579488,0.00715155953136732,2.48442046587141,NA,1265.58732378997,9.52988389668449,2.30805364547759e-49,0.88072786692236,98.3676532567024,709.884522843873,9.30459546917379,0.0224619247198648,21368.5515067553,1.45008498494598,9.23605230332927e-168,0.999400104564538,6.97622687935102,696.519132062269,0.999491548063081,6.48583201266346,710.519928585399,TRUE,9.31765297132259,0.0226461113132755,6.68738151578885,0.320454545454545,0.682654545454546,12.2890909090909,NA
"423",2,"Nov","SWH","UP","1c","2-Nov-SWH-UP-1c",2025-11-04 13:11:22,2025-11-04 13:10:50,2025-11-04 13:11:53,NA,NA,NA,NA,NA,448.432023009599,3.93499639551169,0.0527435800516668,3961.30582526795,2.15765728130339,2.03843315555057e-62,0.988983810355242,7.79463748796556,388.372594184664,0.995951131735188,4.80360472015136,451.742806996758,TRUE,4.0169626170974,0.0388481404571015,5.12684395647315,NA,301.014086474712,0.459050342133122,2.30271170315158e-35,0.917926721933094,2.46387020203029,277.390887852993,0.445042927096718,0.0138624423138265,18498.8297673417,0.567090811161778,2.43846580610765e-40,0.943258832543911,2.04864198502008,241.130396073706,0.969752007438945,1.52049653106632,277.434744609893,TRUE,0.442608578691598,0.0142524735680371,2.55403871783766,0.021,0.266,15.4202898550725,NA
"424",2,"Nov","SWH","UP","2a","2-Nov-SWH-UP-2a",2025-11-04 13:20:35,2025-11-04 13:20:03,2025-11-04 13:21:06,NA,NA,NA,NA,NA,412.209549969138,2.62779798446229,0.039743805367281,3903.71172080633,1.62585685221625,3.32279664881187e-59,0.986016026009697,5.87348365292519,333.645990355984,0.996150834621494,3.13244868766499,414.102800371692,TRUE,2.67699292971463,0.0337533570303936,4.04091107806434,NA,196.081150677531,0.674700826979088,5.54804242615518e-41,0.945902644316209,1.08539590042335,264.619189494982,0.228172080162174,0.0125460302140704,18483.8901099957,0.513238453216942,1.53550556241702e-26,0.842142589104324,1.8540978321143,191.710594120065,0.952534868863022,1.03349343087519,264.993623548202,TRUE,0.222014029944615,0.0134490819857494,1.8353620056887,0.026,0.473,14.9014492753623,"low r2, but also low flux - checked"
"425",2,"Nov","SWH","UP","3b","2-Nov-SWH-UP-3b",2025-11-04 13:36:45,2025-11-04 13:36:13,2025-11-04 13:37:16,599.609509124586,5.36821168137225,3.97400224515265e-37,0.927988105889721,25.3939283976763,426.431277289345,5.02979248372772,0.0444142886375873,4136.69985531729,1.81691901040707,1.42733294631845e-73,0.995188920780431,6.56370460398661,352.560995824048,0.998574962283588,3.63129199790559,426.437150235472,TRUE,5.0265606873723,0.0473339250849104,7.97224216517401,NA,204.880171342453,0.418893577397855,5.06739795840884e-39,0.937430639179067,1.16263287679367,185.463162171515,0.241858260438737,0.00675983062637013,18541.5401498649,0.276534087315983,4.13580092488249e-43,0.953804381947636,0.99899227851025,159.37182043879,0.971132750083257,0.802758044040564,185.478929990155,TRUE,0.24177432463075,0.00738687845836758,1.02565767635959,0.043,0.475,14.4,NA
"426",2,"Nov","SWH","UP","4","2-Nov-SWH-UP-4",2025-11-04 13:41:17,2025-11-04 13:40:48,2025-11-04 13:41:45,NA,NA,NA,NA,NA,303.22214659621,2.92387206542028,0.0250421336905068,4181.46499773629,0.937827070856846,1.439154468996e-68,0.995908961236328,3.19270018313397,251.204115040743,0.9984426731652,2.00598812163336,303.508305627817,TRUE,2.93578269936227,0.0262652973523698,3.26000361940623,NA,NA,NA,NA,NA,NA,165.93609754491,1.00037530183574,0.00766802688286208,18644.1942827241,0.287167350820918,2.94491951692997e-71,0.996720536773646,0.977620802434689,159.900502722393,0.997241595972527,0.913051184486447,165.989996193414,TRUE,1.00093438410214,0.00816393553997766,1.04830391088777,0.082,0.549,14.6,NA
"427",2,"Nov","SWH","UP","5","2-Nov-SWH-UP-5",2025-11-04 13:45:25,2025-11-04 13:44:53,2025-11-04 13:45:56,NA,NA,NA,NA,NA,506.446096552666,7.6314745528859,0.0829864224373589,4270.61418439907,3.39484461323796,5.34613672963406e-68,0.992721925987127,12.2640343846349,393.553838254194,0.998828336267151,5.0020362959921,514.954890234535,TRUE,7.8413429008211,0.0450867260506212,7.50146575540048,NA,445.680688508624,1.4646659403437,3.23554278498914e-35,0.917022590735642,7.62888113971861,202.158043363522,1.40977243038348,0.00770158840371906,18550.0876627717,0.315059923513118,1.83812876607167e-86,0.998153065822947,1.13816865729827,160.886098271363,0.999089578025989,0.812311306510302,202.559329509289,TRUE,1.41400155266485,0.00787532070300351,1.14011101549577,0.019,0.246840579710145,14.6,NA
"428",2,"Sep","GCW","TR","1","2-Sep-GCW-TR-1",2025-09-09 13:12:28,2025-09-09 13:11:31,2025-09-09 13:13:24,NA,NA,NA,NA,NA,927.893768276178,6.17918222808981,0.0396168440252382,3556.47960515116,2.76330445307217,7.94538545865368e-133,0.995417304994414,13.9196982308715,911.329041858091,0.996173712862396,12.834258746023,930.814566591381,TRUE,6.19089811674631,0.0221401111744035,7.51563164616279,NA,452.000569464022,1.29623634294608,9.51886809670859e-80,0.959373413541253,1.72642725722211,646.148682898877,0.227401701589571,0.0115136158656283,18305.2283509177,0.803083303964967,2.770524871041e-38,0.776932075823443,4.04540195815753,375.952056156566,0.979869365688987,1.22626551716207,648.879494183206,TRUE,0.212001738288282,0.0111396961331457,3.96005958418864,0.069,0.271226890756303,20.9,"low r2, but also low flux - checked"
"429",2,"Sep","GCW","TR","2","2-Sep-GCW-TR-2",2025-09-09 13:21:28,2025-09-09 13:20:33,2025-09-09 13:22:22,1214.49940603787,5.39436371690802,1.66477998045555e-52,0.884836128872209,59.347806074485,665.489258749036,5.45516476430027,0.0146940678423515,3583.64519755734,0.991005672003683,1.40279189239526e-169,0.999217017754799,4.89353274303159,634.207902222736,0.999431858552164,4.2075929952754,665.715725320007,TRUE,5.46209607366137,0.0146574774607531,4.44335802119066,NA,355.831451579772,0.301239288479322,1.28752258535978e-62,0.925141709133894,1.19767119192984,417.770784935853,0.127304767716696,0.00476573036037864,18417.1548389263,0.321413094661444,2.13106852737851e-49,0.868542747879449,1.58712058588403,329.658276393254,0.943100003561447,1.0539808362832,417.920471821065,TRUE,0.125613017640142,0.00495348640112755,1.70288405323375,0.068,0.244217391304348,21.1,"low r2, but also low flux - checked"
"430",2,"Sep","GCW","TR","3","2-Sep-GCW-TR-3",2025-09-09 13:27:21,2025-09-09 13:26:24,2025-09-09 13:28:17,1248.22871741819,5.42701373968324,3.03184495205853e-56,0.893282071704214,56.7288456487256,763.768870662699,5.22652942193712,0.019286557291353,3509.79732800836,1.34525177254593,1.27192022595562e-159,0.998477214245156,6.77648772923511,685.330164712814,0.999261109212054,4.76308189054759,763.990675561237,TRUE,5.22710380760832,0.0186848266971136,6.72522613528095,NA,NA,NA,NA,NA,NA,422.254352890138,-0.0663355765689509,0.00431258567077183,18350.921046295,0.300806070789162,2.21055525990439e-29,0.678716267886562,1.51526181877794,345.243898925954,0.842140307530928,1.07174534791399,422.356272916537,TRUE,-0.0676169346870576,0.00471040797909327,1.7060136112252,0.041,0.193285714285714,21.3210084033613,"low r2, but also low flux - checked"
"431",2,"Sep","GCW","TR","4","2-Sep-GCW-TR-4",2025-09-09 13:33:06,2025-09-09 13:32:14,2025-09-09 13:33:58,1103.02260457355,4.5966952038575,5.03969482345858e-52,0.894090651521337,45.3583513289409,655.254238792514,4.5510490564122,0.0173168052429063,3611.51321937041,1.11792909927103,1.99190000375023e-147,0.998510972981853,5.37825514539327,629.792781484693,0.998875276091347,4.72031521874342,656.200062044583,TRUE,4.53489402595249,0.0136698303332902,3.94429336503327,NA,443.355246047769,0.227036286448531,8.15590793762573e-44,0.84720417331688,1.9607384775836,332.86753868002,0.159479204376897,0.00373035226002814,18880.969839022,0.240822096427124,2.25306054648862e-67,0.94665188286772,1.15857318686681,328.670645758496,0.950658128675386,1.12519983272389,333.061347903951,TRUE,0.158172233634459,0.00376657019740411,1.05550430177842,0.116,0.281,21.56,NA
"432",2,"Sep","GCW","TR","5","2-Sep-GCW-TR-5",2025-09-09 13:39:23,2025-09-09 13:38:29,2025-09-09 13:40:17,1131.61295738129,4.12098360986452,3.53501358770335e-52,0.885548364239522,42.6779835912495,653.74934651822,3.96957200846604,0.0145105668832931,3523.52129063374,0.970256842670225,4.5711758896913e-154,0.998572274648948,4.76667152718055,651.911143132949,0.998646733884617,4.68469944474768,654.238417619859,TRUE,3.97775267655892,0.0128268343507078,3.91414598999586,NA,NA,NA,NA,NA,NA,329.87927611212,-0.099281876014001,0.00328456627018472,18751.2529131471,0.219624286527343,3.21176935985869e-54,0.895165717585547,1.07896877118242,327.594616420777,0.901039239566245,1.05824436064274,330.416197111592,TRUE,-0.0971831634183451,0.00313149283733298,1.03613560104758,0.0762543859649123,0.251,21.7,"low r2, but also low flux - checked"
"433",2,"Sep","GCW","UP","1","2-Sep-GCW-UP-1",2025-09-09 13:45:13,2025-09-09 13:44:46,2025-09-09 13:45:39,NA,NA,NA,NA,NA,368.135776463599,4.02983000212193,0.0615558383367035,3594.09639962795,2.16337612156867,1.23416370318337e-51,0.988012439684253,7.0500920404108,370.96045419978,0.98827053274131,7.11189272999755,368.223508586576,TRUE,4.03126143884841,0.0476331122474488,4.44781895677783,NA,NA,NA,NA,NA,NA,272.348313486491,-2.52766121817522,0.0253562120126566,18234.2180148023,0.891142498970824,4.68923804125013e-61,0.994794436960393,2.90408892666821,275.645435764877,0.994861754828006,2.94238932876244,272.889218817804,TRUE,-2.51673665088009,0.0196523013912963,1.87501406370949,0.008,0.128,21.7796610169492,NA
"434",2,"Sep","GCW","UP","2","2-Sep-GCW-UP-2",2025-09-09 13:53:05,2025-09-09 13:52:38,2025-09-09 13:53:31,NA,NA,NA,NA,NA,372.970152077657,4.37062308035252,0.0643738465069856,3573.26051706053,2.26241484398241,1.89782255252882e-52,0.988845147272983,7.37284317999316,285.678876897175,0.997942903638198,3.22884400780618,379.547019080395,TRUE,4.51258395392102,0.0517959413258235,4.12413606176192,NA,NA,NA,NA,NA,NA,267.969499505699,-1.72777242958002,0.024348717431656,18260.1834986076,0.855734164391341,1.95672128850505e-53,0.989778364264827,2.78869890488965,199.004747433875,0.997353316062979,1.44713529711347,270.644848715123,TRUE,-1.76088657796388,0.0209211541221163,2.55341801183266,0.004,0.029,21.9,NA
"435",2,"Sep","GCW","UP","3","2-Sep-GCW-UP-3",2025-09-09 13:56:58,2025-09-09 13:56:31,2025-09-09 13:57:24,NA,NA,NA,NA,NA,346.334303669107,2.88768877269371,0.0503037292481734,3571.07064084908,1.76792144534022,1.04474552982289e-48,0.984465283020976,5.76136936411546,298.565568646731,0.994044012320656,3.63804118480555,347.949893337805,TRUE,2.94380302812733,0.04777174399178,5.08815689666344,NA,NA,NA,NA,NA,NA,173.194161502333,-1.177319008899,0.0101242116676181,18250.1668366073,0.355814791305867,1.61320611441732e-64,0.996169366111313,1.15954271799348,166.251102868524,0.996872039916028,1.06855947713399,173.204998079058,TRUE,-1.17832946836132,0.0109655744292948,1.33370349100074,0.005,0.048,22.1,NA
"436",2,"Sep","GCW","UP","4","2-Sep-GCW-UP-4",2025-09-09 14:00:52,2025-09-09 14:00:25,2025-09-09 14:01:18,495.825573435361,5.08593504115647,7.75505812946625e-31,0.924468470386247,22.996766222906,314.10866301511,5.26152005017472,0.0373261313171362,3577.96081005999,1.31182457073094,7.51386014535081e-69,0.997389812105136,4.27502359498144,302.308979967344,0.998051937116015,3.76635095654408,314.226212558495,TRUE,5.26936765944123,0.0404506673782092,4.54258688460359,NA,386.20426326134,-1.90572144071553,1.14450537982295e-31,0.929819849424633,8.33398285530365,211.692679017841,-1.97796654940677,0.0144601632256272,18283.0116959604,0.508201539961067,3.57109382034033e-68,0.997228553153187,1.65614642598813,190.533830872461,0.998260730989726,1.33796731409317,211.790773899361,TRUE,-1.97393292973166,0.0142078527490694,1.39126774912176,0.011,0.148,22.1559322033898,NA
"437",2,"Sep","GCW","UP","5","2-Sep-GCW-UP-5",2025-09-09 13:49:15,2025-09-09 13:48:48,2025-09-09 13:49:41,569.525597303514,10.8863321036238,7.63015758161652e-32,0.930904276088363,45.5022254363084,380.821654722365,10.8874741834885,0.0692280785035331,3598.33845359011,2.43301652651402,2.56524777115949e-71,0.997902019131432,7.92880640437444,336.507813968443,0.999142492508606,5.16943028989998,380.849007971079,TRUE,10.8804807208744,0.0773249686260194,8.64871036795626,NA,471.024217836265,-4.54719666163657,1.85514261079945e-32,0.934557301662416,18.2782426368874,296.841277218749,-4.49277455252428,0.031810946211744,18223.205986932,1.11799373217143,6.79681965571605e-69,0.997399860977543,3.64336031715822,231.231573748515,0.999283590729876,1.9502985921539,297.57215475469,TRUE,-4.47141366580299,0.0310192357584838,3.88837863224143,0.003,0.025,21.8,NA
"438",2,"Sep","GWI","TR","1","2-Sep-GWI-TR-1",2025-09-17 11:35:06,2025-09-17 11:34:09,2025-09-17 11:36:02,NA,NA,NA,NA,NA,605.227579384615,1.25924232982871,0.00962199668869205,3778.50925486258,0.671141453881839,2.44850067483254e-124,0.993503206342152,3.3807662770844,596.943605400074,0.994166864869648,3.2324312622802,605.256885031188,TRUE,1.26049580185337,0.00946025535604072,3.14201956791689,NA,NA,NA,NA,NA,NA,366.676548414235,0.997226013345581,0.00337966079352467,18510.98660728,0.23573386397641,9.34297077752025e-164,0.998715249683046,1.18747112563034,354.184465869267,0.998888292632082,1.11460657905487,366.736539699195,TRUE,0.997012362304279,0.00377687229126713,1.14517696075559,0.357218487394958,0.95,19.2,NA
"439",2,"Sep","GWI","TR","2","2-Sep-GWI-TR-2",2025-09-17 11:41:56,2025-09-17 11:40:59,2025-09-17 11:42:52,856.378932215046,0.802525816403861,1.38969601555417e-49,0.859705060046598,10.172046451796,659.64292543225,0.807706581662958,0.0122156216723824,3800.21289587242,0.852048733181142,1.39609148097615e-91,0.975022073993516,4.29205737018659,663.443061426008,0.97506582675475,4.32710552141847,659.971723417629,TRUE,0.808481163420612,0.0119309017525007,3.53511421407208,NA,NA,NA,NA,NA,NA,438.080511369061,0.16882602749976,0.00462256905767037,18480.8407940111,0.322427643493173,4.81504263356461e-64,0.922537737788696,1.62417698626231,348.014754354541,0.966058017869015,1.08484960071162,438.716911486619,TRUE,0.172102323246776,0.00465557900610972,1.77732105045593,0.335302521008403,0.817084033613445,19.3193277310924,NA
"440",2,"Sep","GWI","TR","3","2-Sep-GWI-TR-3",2025-09-17 11:50:51,2025-09-17 11:49:54,2025-09-17 11:51:47,NA,NA,NA,NA,NA,632.332650040049,1.08686736890234,0.010836647619398,3776.46700002427,0.755864263291132,1.66764510611511e-111,0.988988510435393,3.80754369530839,630.705060622784,0.989518891836389,3.74833268906908,632.527100635173,TRUE,1.08769205716093,0.00975489338028008,2.85672700184076,NA,NA,NA,NA,NA,NA,481.508283586854,0.217810494662704,0.0055924826320414,18492.8013130229,0.390079839550163,6.0551068647871e-67,0.931240669045081,1.96496395699299,353.334666060631,0.978432344697253,1.11045995859671,481.751878536158,TRUE,0.220357175656061,0.00570859328272336,2.26129981291004,0.322,0.930344537815126,19.5151260504202,NA
"441",2,"Sep","GWI","TR","4","2-Sep-GWI-TR-4",2025-09-17 12:00:09,2025-09-17 11:59:12,2025-09-17 12:01:05,925.679282414593,1.52762900748721,1.23170714421966e-55,0.890579850242336,13.7851554142228,621.151218503923,1.25046780479036,0.0103180245441635,3947.92956357928,0.719689916532252,1.2593101633793e-120,0.992432246566713,3.62532128763171,614.191590234127,0.993125910757461,3.4864485936079,621.215655432459,TRUE,1.24945163495572,0.0106182431020585,3.76208809179646,NA,752.401487395869,0.678058056398901,8.23038985867104e-58,0.89993177849227,6.44691672598594,364.774970261829,0.612825469401201,0.00335159077876251,18621.1941234616,0.233775959486576,1.57882798591405e-140,0.996661172952175,1.17760849915316,318.702561780636,0.997848020946648,0.953972067223355,366.333679567709,TRUE,0.610032916322911,0.00337282256091607,1.03827551869844,0.300697478991597,0.95,19.6,NA
"442",2,"Sep","GWI","TR","5","2-Sep-GWI-TR-5",2025-09-17 12:06:36,2025-09-17 12:05:39,2025-09-17 12:07:32,NA,NA,NA,NA,NA,608.832168692068,1.35308514481609,0.00977532546885441,3731.51146969419,0.681836250790367,4.76807650524173e-127,0.994188357437101,3.4346395828078,612.202100424374,0.994220389289205,3.45615877131096,608.862364628669,TRUE,1.35450120773042,0.0110872814835661,3.65829559861099,NA,NA,NA,NA,NA,NA,499.558297458091,0.287935365207746,0.006053218029311,18542.6927720888,0.422216477545658,4.0671980702066e-76,0.952835155231821,2.12684706131568,347.794883263308,0.987971208565615,1.08380393364549,500.331538390118,TRUE,0.292208752345442,0.00599207867038238,2.28420738505941,0.362,0.95,19.7529411764706,NA
"443",2,"Sep","GWI","UP","1","2-Sep-GWI-UP-1",2025-09-17 12:13:09,2025-09-17 12:12:42,2025-09-17 12:13:35,NA,NA,NA,NA,NA,315.026242442079,5.00355024029903,0.0376446090727196,3896.15167323404,1.32301745170368,1.58285141567197e-67,0.997065217214525,4.3114993794132,308.682216728897,0.997576828036919,3.99529759451187,315.22230285227,TRUE,4.99172048180073,0.0418249974919154,4.29049959838291,NA,161.176005972029,-0.137080336725515,3.54093647699353e-07,0.395443265220694,1.03742999992855,166.017234657417,-0.0488932954395214,0.00947329439451167,18582.5134225301,0.332938344102722,3.90913004036662e-06,0.338739473081017,1.0849920854281,164.460229423408,0.403403862161287,1.05098655248278,166.024452607697,TRUE,-0.0492773394294347,0.0103960424961618,1.01683121773035,0.044,0.311,19.3,"low r2, but also low flux - checked"
"444",2,"Sep","GWI","UP","2","2-Sep-GWI-UP-2",2025-09-17 12:17:50,2025-09-17 12:17:23,2025-09-17 12:18:16,513.072664600139,6.24388198061823,1.50307840664327e-30,0.922524370695748,26.9787331790733,323.244304220245,6.09556910634125,0.0406209085631758,3880.95092547867,1.42761931275007,2.92828840932138e-70,0.997696053736839,4.65237988586929,321.393095317376,0.997932649783002,4.49430656725977,323.473223050566,TRUE,6.08179325918085,0.0404268293731758,4.2863697118111,NA,NA,NA,NA,NA,NA,162.249781560152,0.000471901188159201,0.00914852714578092,18583.3703017391,0.321524419283299,0.9590592427868,5.11651456134954e-05,1.04779595493697,162.336563547117,0.0699511494086434,1.030522261681,162.262057725803,TRUE,-0.000445616075142309,0.00978228917704549,1.30981749146006,0.012,0.199,19.2,"low r2, but also low flux - checked"
"445",2,"Sep","GWI","UP","3","2-Sep-GWI-UP-3",2025-09-17 12:21:16,2025-09-17 12:20:49,2025-09-17 12:21:42,527.036758007782,6.69585753261555,1.07354584362847e-29,0.916448915022712,30.7025605540579,293.377559877424,6.68397694058025,0.0308069093444533,3953.92152608139,1.08270691872589,1.42425425818821e-78,0.99889655615943,3.52836631305342,294.116255193567,0.998961225635883,3.49120885828144,293.670270041009,TRUE,6.67040623560718,0.0304493755863834,3.16552324234594,NA,157.462296777905,-0.0994713841040037,1.98788605737239e-06,0.355183333920507,1.00236309236812,162.405733789425,-0.042568548923225,0.0091617471809831,18590.3641362575,0.321989036600771,2.3417923314884e-05,0.293367189911069,1.04931006744801,161.328662477573,0.356777094837711,1.02094973477077,162.717543519189,TRUE,-0.0376044172917089,0.00748594985722853,0.8584623627929,0.007,0.184,19.1,"low r2, but also low flux - checked"
"446",2,"Sep","GWI","UP","4","2-Sep-GWI-UP-4",2025-09-17 12:24:48,2025-09-17 12:24:21,2025-09-17 12:25:14,503.774796502694,5.54462461695952,2.8931638433068e-30,0.920551431645691,24.7532680898058,293.651425979596,5.52475529358242,0.0308851285523253,3902.13985430993,1.08545592793656,3.21094660155825e-74,0.998377551634326,3.53732488838481,292.72281760019,0.998519076588927,3.44645392297507,293.77455023861,TRUE,5.51836907031351,0.0300429921855431,3.04551315593021,NA,171.468756874343,-0.191302300109571,1.50026711514708e-12,0.621297782424207,1.14116509081103,182.884069440245,-0.0851712986128367,0.0110745659110055,18602.899659044,0.389214932262927,3.9333206780644e-10,0.532151339886153,1.2683883623372,172.385980451701,0.642311770957541,1.13101547591899,182.908528130843,TRUE,-0.0835574156748107,0.0109567933038267,1.33227427883121,0.006,0.140762711864407,19.1,"low r2, but also low flux - checked"
"447",2,"Sep","GWI","UP","5","2-Sep-GWI-UP-5",2025-09-17 12:29:08,2025-09-17 12:28:41,2025-09-17 12:29:34,530.300780633544,7.04907430553511,2.13163980119621e-30,0.921477907479511,31.6446307137857,325.058077676483,7.10393143115038,0.0413088648394024,3869.51585603021,1.45179749342127,2.48188796090781e-73,0.998244788744682,4.73117265676204,313.816687528937,0.998676418582798,4.18982708456896,325.105210497905,TRUE,7.10291639369567,0.0422747870314985,4.76517784686795,NA,NA,NA,NA,NA,NA,177.558817309948,-0.0580057170063386,0.010541746481022,18617.5406651006,0.370489026433667,1.16106329206369e-06,0.367990563878287,1.20736367119814,148.36294908526,0.658220420753757,0.905453283271134,177.576122800064,TRUE,-0.05833997799225,0.0108886714659961,1.29948768035096,0.01,0.1,19,"low r2, but also low flux - checked"
"448",2,"Sep","MSM","TR","1","2-Sep-MSM-TR-1",2025-09-11 14:13:59,2025-09-11 14:13:04,2025-09-11 14:14:54,892.012407047875,2.11559155128224,1.72819943205076e-66,0.934897652976545,13.2129776898535,750.384506006627,1.58692537554774,0.0206804719594468,3524.24319151204,1.40667753424641,1.06458061723594e-96,0.981825244609771,6.98130587041166,653.051968697665,0.992705447598366,4.46398845955112,754.005750322652,TRUE,1.55355755522507,0.0196286947971444,6.47027744881038,NA,361.914922167559,0.421925668634799,6.61264695812824e-48,0.857364679805471,1.21333527889126,392.627665542973,0.089527228618388,0.00412750278691112,17928.7974841355,0.2807511092722,2.40422942647614e-41,0.811898342838667,1.39336082333655,360.062397252372,0.864690369051083,1.19275981647716,392.706941577996,TRUE,0.0892000593539747,0.00409045612804741,1.11921726057467,0.337224137931035,0.95,24.9258620689655,"low r2, but also low flux - checked"
"449",2,"Sep","MSM","TR","2","2-Sep-MSM-TR-2",2025-09-11 14:20:26,2025-09-11 14:19:29,2025-09-11 14:21:22,975.525214622143,1.89306620909366,6.64899591217254e-65,0.925226641171863,17.1537160295612,858.070576049833,1.86410431553579,0.0291662526817891,3497.46113162696,2.03436790330073,5.68147740383552e-90,0.973313500281465,10.247798527243,767.782178763062,0.988329472989044,6.83821378715973,869.143018535281,TRUE,1.78202005528117,0.0232621474451454,7.15591568543035,NA,546.242474313787,1.02148511132832,1.89762537348073e-91,0.974884829248968,2.61011894164829,621.421365697582,0.483883144611895,0.0103302571641301,17992.3918308317,0.720543150909151,2.0984037782659e-75,0.951433400796281,3.62961931748992,373.578710834525,0.99466766120544,1.2135670240436,634.740311331156,TRUE,0.451122925464546,0.00730476658331089,2.48709743053204,0.306042016806723,0.95,24.7,NA
"450",2,"Sep","MSM","TR","3","2-Sep-MSM-TR-3",2025-09-11 14:28:19,2025-09-11 14:27:22,2025-09-11 14:29:15,964.027122518378,1.94925571633733,2.99221907452032e-64,0.923192528411525,16.3101008465253,781.242637247091,1.75886203792484,0.020822781816297,3599.72204780522,1.45240458027569,2.93405044280941e-103,0.984545051490913,7.31625262793479,690.429454424509,0.993272291080099,4.87080986744152,786.27431294547,FALSE,1.71901224412049,0.0184572410206289,5.59700734559319,NA,533.813406621587,0.469805270072257,1.14848682407159e-68,0.935937945611085,2.47164108528848,445.598552114633,0.289754992896187,0.00477753386981461,18040.2797218138,0.33323655485408,1.70945714174909e-87,0.970451360558326,1.67862512504079,353.338059666676,0.987299423126058,1.11047648706896,447.607318723783,TRUE,0.283926720453936,0.00491760509315273,1.48126451179349,0.313100840336134,0.95,24.5605042016807,NA
"451",2,"Sep","MSM","TR","4","2-Sep-MSM-TR-4",2025-09-11 14:35:10,2025-09-11 14:34:13,2025-09-11 14:36:06,NA,NA,NA,NA,NA,702.543800889006,2.12534587422653,0.0147446061631351,3609.43167880308,1.02844728983032,5.22119837293551e-129,0.994638449667258,5.18063650383506,701.03663092137,0.994891301546725,5.1027669122058,703.184924730093,TRUE,2.13430313799986,0.0130613446702804,4.629707452237,NA,937.004152278587,1.44019444128656,1.24856926637097e-57,0.899185029137995,14.487160877102,490.770243175042,1.37291159032666,0.00582434145759003,18101.5411578168,0.40625216576359,7.51110271385607e-153,0.997988351914634,2.04642942864301,395.034847499983,0.999161312880509,1.33331702247959,492.549078066233,TRUE,1.36643227217672,0.00562679859700283,1.96275289193101,0.307823529411765,0.842857142857143,24.3,NA
"452",2,"Sep","MSM","TR","5","2-Sep-MSM-TR-5",2025-09-11 14:41:23,2025-09-11 14:40:26,2025-09-11 14:42:19,962.189242757097,1.73093435975888,1.75974766966095e-62,0.917400584363553,16.1791556193451,781.921577512566,1.68114467939768,0.0208848804794257,3542.15111656222,1.45673600839864,5.92719819483746e-101,0.983008600628368,7.33807149494858,706.462865377905,0.991537022602639,5.22566571001468,783.177021913313,TRUE,1.66018165914513,0.0213526013228211,6.45857347793537,NA,363.785758261847,0.321815093871596,9.52616284360146e-64,0.921588880985751,1.17251033663782,457.010356088705,0.114371940240583,0.00502274329910485,17941.3205395747,0.35034009564752,7.78886532990861e-44,0.822365979066812,1.76478143918106,364.047109149115,0.924118677495752,1.1638793655779,457.39146470997,TRUE,0.111660895404077,0.00505568328972827,1.74645290056496,0.329857142857143,0.95,24.2638655462185,"low r2, but also low flux - checked"
"453",2,"Sep","MSM","UP","1","2-Sep-MSM-UP-1",2025-09-11 15:06:22,2025-09-11 15:05:55,2025-09-11 15:06:48,NA,NA,NA,NA,NA,342.080033900615,10.2709647607924,0.048360715829452,4284.74578364375,1.69963435921597,4.3152459971824e-78,0.998848494740433,5.53883282155697,334.22641406654,0.999075443827899,5.06137615596764,342.373497362585,TRUE,10.2903460914544,0.0516063180604266,5.46656541547339,NA,177.731712349612,-0.403241654672975,8.16393691218347e-05,0.260122457050183,1.20929806350018,181.208959635451,-0.0406518171122224,0.0109041215737784,17981.751411601,0.383224676599496,0.000477362007246837,0.210911755345602,1.248867090307,182.135185181598,0.254573595921465,1.23786273858834,181.360706677502,TRUE,-0.039490940202981,0.0114321745781344,1.10467080667896,0.0413389830508475,0.171338983050847,23.3,"low r2, but also low flux - checked"
"454",2,"Sep","MSM","UP","2","2-Sep-MSM-UP-2",2025-09-11 15:02:24,2025-09-11 15:01:57,2025-09-11 15:02:50,NA,NA,NA,NA,NA,365.804963511693,5.93405106112394,0.0602415974907959,4034.11947649839,2.11718720852886,8.69067811451869e-61,0.994669443851336,6.89956986124341,341.81313266101,0.996825696183691,5.42971044945615,369.451400165426,TRUE,6.02953783217318,0.0378652565125967,4.66026555980082,NA,NA,NA,NA,NA,NA,148.754743373541,-0.0495055797567201,0.00807391779855895,17973.2035828484,0.283757340406423,1.19266456983022e-07,0.419615833398783,0.92471916790728,141.725239061672,0.526836894658282,0.85147948395302,148.765996226272,TRUE,-0.0502413216832098,0.00889434259237089,1.07090706066694,0.023,0.09,23.4,"low r2, but also low flux - checked"
"455",2,"Sep","MSM","UP","3","2-Sep-MSM-UP-3",2025-09-11 14:58:43,2025-09-11 14:58:16,2025-09-11 14:59:09,NA,NA,NA,NA,NA,331.354724224457,3.64521561785115,0.0437888581465934,3808.72979697689,1.53895670443031,5.2045916279901e-57,0.992552038454819,5.0152103946556,312.909444384581,0.995085023135403,4.15477828136693,332.660363407073,TRUE,3.69031935425494,0.0300239749937031,3.30380823648983,NA,162.082203439369,-0.145979579032371,9.84346196137767e-10,0.515624888655715,1.04617140380477,156.813057667679,-0.0708657326925262,0.00869938960291871,17976.8400941456,0.305739508188217,7.48737401373492e-11,0.560655933606655,0.996355488824525,160.575162307042,0.562587193376765,1.01385150854605,156.940107444242,TRUE,-0.0700164244194656,0.00934125781786183,1.07751420876845,0.061,0.309694915254237,23.5305084745763,"low r2, but also low flux - checked"
"456",2,"Sep","MSM","UP","4","2-Sep-MSM-UP-4",2025-09-11 14:54:36,2025-09-11 14:54:09,2025-09-11 14:55:02,515.470512641149,5.15801393275374,7.41092126246222e-28,0.901699706587111,27.5844219776763,326.554394335671,5.5311580728008,0.0418851733301843,3831.56357264069,1.47205181959574,2.21636103694268e-67,0.997026973740214,4.7971782220093,308.62571564103,0.998019214002756,3.99320796838018,326.587394997367,TRUE,5.52374030958991,0.0469165711811525,4.66555497042242,NA,170.086827693058,-0.125858406681612,1.00118126206579e-13,0.658384313936434,1.12665617587079,162.791436958897,-0.101655156859193,0.00919452525938501,17964.3147708879,0.323141020133798,2.89696200517587e-15,0.701554734207843,1.05306419501552,166.66847521617,0.702233541624173,1.07269697769507,162.800394549682,TRUE,-0.101133619756813,0.00912077701076839,1.05228921925289,0.0455762711864407,0.233152542372881,23.5,"low r2, but also low flux - checked"
"457",2,"Sep","MSM","UP","5","2-Sep-MSM-UP-5",2025-09-11 14:50:31,2025-09-11 14:50:04,2025-09-11 14:50:57,NA,NA,NA,NA,NA,381.182466310067,8.46034088297751,0.0694597457605936,3868.10925102667,2.44115845789887,1.4625728901913e-65,0.996507194221234,7.95533963873789,338.031147423075,0.998541318727837,5.24286144441729,382.213406456476,TRUE,8.52034045191437,0.067492480481362,6.2116249577885,NA,NA,NA,NA,NA,NA,163.442217126426,-0.0333259796860814,0.00925009635951207,17964.7298279395,0.325094063002073,0.000704013778333048,0.199753271399642,1.05942884508396,167.351980208389,0.201089410235429,1.07950733641269,163.864084949337,TRUE,-0.0336306834838598,0.00865703633340001,1.0285657387633,0.034,0.172491525423729,23.7,"low r2, but also low flux - checked"
"458",2,"Sep","SWH","SWAMP","1","2-Sep-SWH-SWAMP-1",2025-09-16 13:18:58,2025-09-16 13:18:02,2025-09-16 13:19:53,NA,NA,NA,NA,NA,589.596741227126,1.49064662996014,0.0100044447808662,3681.54872018545,0.6893027723087,8.51700591040621e-128,0.99511419648318,3.38368981736846,584.342609983694,0.995505011062825,3.27573091395853,589.739688604631,TRUE,1.48701348382129,0.0103564088587334,3.57004177594913,NA,1978.0571419014,244.832934596396,1.39358765043136e-63,0.926397600351572,1760.39396225229,1748.1508144066,199.368197622083,1.84778243201758,23328.5209841564,127.31156809911,1.27593531047013e-112,0.990723823438008,624.954481420897,1537.08577717865,0.998663670608054,239.409844129929,1763.19994987317,TRUE,193.225172610442,1.3455272911186,464.010323239308,0.086,0.629,17.7,NA
"459",2,"Sep","SWH","SWAMP","2","2-Sep-SWH-SWAMP-2",2025-09-16 13:26:40,2025-09-16 13:25:42,2025-09-16 13:27:35,1073.91215108174,2.90895687439564,8.52537897699972e-53,0.883954659150507,29.9811161349608,600.161017134902,2.68135639804969,0.0103637732285995,3781.42822409246,0.732021554766463,7.66685525877536e-154,0.998374276820416,3.54860157882475,574.209083468971,0.998758754252809,3.12956653640049,600.179889616832,TRUE,2.68105158232237,0.0108459006757205,3.72322352943423,NA,1938.44751820573,138.306990245256,1.73821471900738e-52,0.882429641094695,1472.72716726687,1303.94670275406,130.937251685965,0.246786150175831,19838.3160957076,17.431178525599,8.24078677805168e-188,0.999612944276931,84.5006642686236,1208.2879971519,0.999842292430319,54.4403622069499,1308.53698170645,TRUE,130.4910224758,0.232858788688268,72.2020088229128,0.05,0.58348275862069,17.6,NA
"460",2,"Sep","SWH","SWAMP","3","2-Sep-SWH-SWAMP-3",2025-09-16 13:01:40,2025-09-16 13:00:48,2025-09-16 13:02:31,1032.56031870663,3.33952861217506,5.60178599470464e-50,0.886390755798625,33.9930692195198,580.118222391258,3.32449593158208,0.0126116722770158,3814.06140479456,0.806900666407665,2.32160866221393e-146,0.998534260188594,3.86110831777479,576.220535042264,0.998641446128418,3.75424024862547,580.428605453772,TRUE,3.32746514185143,0.0118234997123893,3.60766242220332,NA,NA,NA,NA,NA,NA,745.966025779042,0.817383326990771,0.0279933775163481,19002.3974726004,1.79102933193942,2.44642003783462e-51,0.893148000216678,8.57027207787202,710.335685987763,0.927005526130924,7.15399050565338,748.162247476072,TRUE,0.781052141934132,0.0242582959529079,5.84861609348802,0.037,0.601,17.9,"low r2, but also low flux - checked"
"461",2,"Sep","SWH","SWAMP","4","2-Sep-SWH-SWAMP-4",2025-09-16 12:52:22,2025-09-16 12:51:29,2025-09-16 12:53:15,1123.90597404688,4.7154878209779,3.0872334621559e-52,0.892786111757867,47.6425824822856,647.03167682608,4.6953283431319,0.0159084855862876,3769.13668072034,1.03744012909264,7.37157481675681e-154,0.998807548025494,5.0244695638072,607.713046812702,0.999207572809679,4.13586200141115,647.046415161919,TRUE,4.69365340271048,0.0161932907047962,5.53112916232587,NA,NA,NA,NA,NA,NA,351.180092176293,0.224045673591268,0.00394057364879126,18539.2712441566,0.256976643862622,3.74048666641409e-80,0.968830703044827,1.24457430312276,317.372059361067,0.978181592734584,1.05144226958925,351.625560396467,TRUE,0.226610050271069,0.00365936665006742,1.1683935381674,0.029,0.338243243243243,17.7351351351351,NA
"462",2,"Sep","SWH","SWAMP","5","2-Sep-SWH-SWAMP-5",2025-09-16 13:08:30,2025-09-16 13:07:33,2025-09-16 13:09:26,1253.21091810815,5.08729589812216,1.99350612966559e-54,0.885008774553001,57.982113808854,631.124363265368,5.14889685992696,0.0107793706722577,3712.40289196056,0.751869153458799,3.62419908519027e-187,0.999509359588465,3.78741897716399,608.86957936967,0.999610288633901,3.40600983655427,631.43655082841,TRUE,5.15047580996896,0.0113426915916626,3.52237868023754,NA,1566.54715373283,21.7106641799634,4.51479428625945e-55,0.888014936791498,229.159052662849,947.207456464836,20.6210000309388,0.0431189916125211,19246.0914298164,3.00758186237539,3.16929127315067e-187,0.999510533307774,15.1502060811156,900.329056411369,0.999686745906879,12.2297622535757,948.841715549127,TRUE,20.5739328823578,0.0403393633713138,15.2598787995515,0.024,0.425571428571429,17.9,NA
"463",2,"Sep","SWH","TR","10a","2-Sep-SWH-TR-10a",2025-09-16 15:38:30,2025-09-16 15:37:53,2025-09-16 15:39:06,511.570950973579,1.22951627520296,2.03055585310651e-38,0.904289030807995,7.46914767498104,399.445656304015,1.10312063397346,0.0190559584171263,3622.68013686292,0.889425504063629,3.99231910009208e-62,0.978966293387024,3.50145133797822,381.186658641959,0.984430265057946,3.05525896360881,399.568844497697,TRUE,1.109105529973,0.019616460628248,3.00690432585226,NA,1079.49837104963,71.2507083348992,7.6945644175048e-38,0.900686173821468,346.585078693775,972.510945972132,50.1895724651641,0.915474580930607,22220.5242038972,42.7292305523638,1.84070396361579e-60,0.976605316791421,168.214561877068,971.401339938084,0.978166181981477,164.811334423896,973.318962062554,TRUE,50.1971653086001,0.755936115749029,131.904062451049,0.298215189873418,0.562607594936709,18.6,NA
"464",2,"Sep","SWH","TR","1b","2-Sep-SWH-TR-1b",2025-09-16 14:21:11,2025-09-16 14:20:06,2025-09-16 14:21:57,1117.90430768115,27.2343061417472,1.0853572711766e-37,0.880240364911431,255.47442168098,736.711114555359,22.8383630891843,0.0826621221809361,3562.73380797884,6.42668097368073,2.00979263218552e-118,0.99897921516346,23.5862717380102,690.053458414201,0.999458086520797,17.4099560449895,739.76286401679,TRUE,22.9710042350523,0.0580776835632069,15.9379902975144,NA,1884.95370310329,3694.0964271179,2.91492820181709e-39,0.890832199870819,30858.9165017669,1459.59781222888,2890.09139886962,7.57647509041313,27187.8808726865,589.043530778762,2.42418304911351e-129,0.999464236521478,2161.82207260053,1427.84944285713,0.999657305912812,1751.56881640078,1459.64391532245,TRUE,2890.11594242511,7.10446899676862,2110.90028769112,0.206,0.486734939759036,18.6734939759036,NA
"465",2,"Sep","SWH","TR","2","2-Sep-SWH-TR-2",2025-09-16 14:39:21,2025-09-16 14:38:24,2025-09-16 14:40:17,NA,NA,NA,NA,NA,1073.59007249087,10.1308848666688,0.0750589091176673,3808.01434997833,5.23541495822981,7.89516391041038e-126,0.993889652233612,26.3725541537519,970.24684092966,0.997616961403127,16.6187148270021,1081.55494449441,TRUE,9.96927876358875,0.0607247959203005,19.3706210422506,NA,2638.9555086853,2258.40488864732,7.89367159124491e-55,0.886893341643823,25284.8765721016,2297.21376138508,2258.11868190641,16.0753741716803,77571.9118897696,1121.26935212473,9.25824708220386e-128,0.994355979719009,5648.21259552084,2271.53952903327,0.995649475800084,5003.80313943338,2297.41233074673,TRUE,2262.92962739038,17.2900295858006,6276.76915140268,0.0786470588235294,0.326142857142857,19,NA
"466",2,"Sep","SWH","TR","3b","2-Sep-SWH-TR-3b",2025-09-16 15:01:30,2025-09-16 15:00:33,2025-09-16 15:02:26,1297.91785977889,16.4850678463448,1.25734394944699e-76,0.953813185838375,70.5426617414065,1316.02638831517,9.61536414101103,0.217367709826416,3753.09488080867,15.161560071135,9.21444480137223e-73,0.945861742903441,76.3739010606651,1138.63940760044,0.988972113234259,34.781768243559,1316.21788735052,TRUE,9.52114206561141,0.27289964468545,69.562087756638,NA,2318.24616304011,1391.24289816189,4.39852909883635e-75,0.950787579782899,6194.03366114592,2354.54090799388,812.048591899986,20.6708273607438,37799.8565178365,1441.80564353488,2.45764207085133e-67,0.932338252491554,7262.86220226664,2204.18762567617,0.982528956905321,3723.98810882367,2354.56766916292,TRUE,808.84520610725,26.2930445759011,6864.28236685464,0.236067226890756,0.625705882352941,18.8,NA
"467",2,"Sep","SWH","TR","4","2-Sep-SWH-TR-4",2025-09-16 15:46:37,2025-09-16 15:45:40,2025-09-16 15:47:33,1413.88405793688,10.281758489642,2.99607483913052e-54,0.884170107458818,117.312502307399,1044.94075873865,10.358625162608,0.0661958899224619,3701.72736193123,4.6172127512551,5.51821878566184e-133,0.99544703831309,23.2584607511304,1041.18122669215,0.995746628890203,22.6836678274394,1044.99254729978,TRUE,10.355014280559,0.0707111079580969,26.0688718486233,NA,1711.75362859308,37.6628749892946,3.4716666229464e-53,0.878996457212965,433.237821840344,1277.31452293636,37.4631384215179,0.183424208881943,20303.0019663865,12.7939755342908,6.78285987676443e-146,0.997322320726821,64.4475777587546,1142.30900325165,0.999208951649559,35.3461001866122,1277.82962024754,TRUE,37.5679221478387,0.194349475958389,69.6145609540267,0.228,0.490521008403361,18.3512605042017,NA
"468",2,"Sep","SWH","TR","5","2-Sep-SWH-TR-5",2025-09-16 15:18:34,2025-09-16 15:17:40,2025-09-16 15:19:28,NA,NA,NA,NA,NA,786.297396131654,4.40307603724565,0.0266528399802491,3741.20330845757,1.78215645022149,1.09856094588298e-130,0.99609465863118,8.7553666561868,611.430921342714,0.999243181362677,3.89079174439215,786.343539075648,TRUE,4.40232708237921,0.0283762371002322,10.0309053629403,NA,NA,NA,NA,NA,NA,926.979356856238,9.75918873121567,0.0508167388821744,30406.1432629236,3.3978885193923,1.16689604528786e-137,0.997107244035067,16.6931246919595,667.355566915468,0.999742402557089,5.02863080664014,927.156453855008,TRUE,9.77103537635466,0.0513863724949511,18.6088127141999,0.133991228070175,0.421964912280702,18.5535087719298,NA
"469",2,"Sep","SWH","TR","6","2-Sep-SWH-TR-6",2025-09-16 13:57:08,2025-09-16 13:56:17,2025-09-16 13:57:58,NA,NA,NA,NA,NA,546.675886855296,0.561782082615179,0.0116363313851726,3764.48396155221,0.731069748218757,4.19179366163229e-71,0.958861152760369,3.46022901031675,543.268840787308,0.961742685731434,3.37072238560089,546.713400012784,TRUE,0.563680188592849,0.0124118176939232,3.99924952104752,NA,NA,NA,NA,NA,NA,537.800509254768,1.83547321207636,0.0111409272440455,41438.1888891765,0.699945249548857,1.37756139592938e-123,0.996329295069866,3.31291352709294,361.177942653997,0.999375263772171,1.38060890492745,537.993219349365,TRUE,1.83744627901225,0.0117107755229533,3.86276820328096,0.356775700934579,0.756,19.2,NA
"470",2,"Sep","SWH","TR","7","2-Sep-SWH-TR-7",2025-09-16 14:28:26,2025-09-16 14:27:49,2025-09-16 14:29:02,NA,NA,NA,NA,NA,387.023218207876,1.1754756471519,0.0175217757843888,3715.09810278686,0.81781844386865,1.18356128865047e-66,0.984254056995143,3.21955180217352,384.056387450882,0.985668837192605,3.11507869664109,387.131337726016,TRUE,1.17161770459338,0.0172165584720337,3.05794174119873,NA,1068.47382033857,73.7795052086066,4.17401255112591e-44,0.933446084705078,321.706010729249,868.958015896345,57.4571570346224,0.454755830445284,26493.4697079804,21.2254574063385,2.84175938628435e-86,0.995509999307429,83.5594503362778,722.480172311534,0.999412354566236,30.6582443743588,871.951993401743,TRUE,56.8459389792479,0.408344818514737,63.1863404041952,0.361,0.754,19.1341772151899,NA
"471",2,"Sep","SWH","TR","8","2-Sep-SWH-TR-8",2025-09-16 15:10:31,2025-09-16 15:09:34,2025-09-16 15:11:27,836.35299095408,0.633512205077853,3.88321977391224e-47,0.844883005921029,9.31671723342177,613.806643549425,0.70462321509632,0.00999094590681551,3637.92718354665,0.69687593734419,1.20371577704694e-94,0.977978512294633,3.51039956578157,612.763268139798,0.978931510083863,3.46467576021952,613.920731467314,TRUE,0.70223887739893,0.0100933710175326,3.05007327524985,NA,1776.10961040767,71.6788148294358,8.54605343501999e-61,0.911475170294069,574.528610924514,1424.89750548571,58.043503808075,0.350406999522539,23237.2991656681,24.4411498692687,9.68533345406625e-136,0.995934750428164,123.118330380673,1211.19059203613,0.999397841530957,47.8131304665591,1425.19485841531,TRUE,57.8767120898259,0.354847818793041,150.832703300216,0.298,0.722563025210084,19,NA
"472",2,"Sep","SWH","TR","9","2-Sep-SWH-TR-9",2025-09-16 15:26:13,2025-09-16 15:25:16,2025-09-16 15:27:09,NA,NA,NA,NA,NA,599.510860793192,1.80992912335906,0.00938374063574943,3676.36222720129,0.654522916280804,4.05620430117693e-143,0.996998479092166,3.29705308790338,587.732251266206,0.997386447847584,3.10444169499534,599.595865471756,TRUE,1.81255260460481,0.00990506400446841,3.604987265122,NA,2138.72873185803,1122.74905728233,1.18735226738179e-68,0.935899885317002,2818.56914757553,2266.0824218188,300.686877390403,14.0236835638561,31568.2021838717,978.162400210162,1.8889093060429e-41,0.80410402387481,4927.33452391494,2017.5683619969,0.978618027257285,1642.61522945869,2266.0824218188,TRUE,300.686877390403,14.0236835638561,6795.55246078056,0.335924369747899,0.657504201680672,18.6285714285714,NA
"473",2,"Sep","SWH","UP","1","2-Sep-SWH-UP-1",2025-09-16 12:24:16,2025-09-16 12:23:51,2025-09-16 12:24:40,474.579275825294,5.97882496096022,1.37718060598151e-28,0.924551570566975,26.769554678761,300.265684131766,6.60932337284197,0.0459017591076579,3930.05220297426,1.50743781002,6.10235848742275e-65,0.997690161669866,4.68389161179678,293.414718707084,0.998140777802952,4.29262939741488,300.266323976375,TRUE,6.60913843796502,0.0507907029774095,4.80283840572737,NA,141.972777729207,-0.226578288137767,4.55504535818103e-21,0.845052113982781,0.9619433106871,156.860174570352,-0.14759574619048,0.0109402466834776,18512.2666015462,0.359283431010571,5.96380793512599e-18,0.791312737849294,1.11636091225923,145.644784501739,0.846065224560192,0.979414941836618,156.878571258941,TRUE,-0.146188146642363,0.011911703474531,1.19799270833141,0.016,0.353,18.2,"low r2, but also low flux - checked"
"474",2,"Sep","SWH","UP","2","2-Sep-SWH-UP-2",2025-09-16 12:28:09,2025-09-16 12:27:42,2025-09-16 12:28:35,483.803421069193,4.59049118832496,3.50902413150584e-31,0.926734113839078,20.5741900782743,295.638930394421,4.78034801444145,0.0314587640381077,3803.00481004004,1.10561631151607,1.52643744974263e-70,0.997753064034074,3.60302430994561,277.241801662722,0.998515903971279,2.98620429344096,295.818397079999,TRUE,4.76727731570263,0.0282544399023743,3.50656173046898,NA,NA,NA,NA,NA,NA,176.757640117612,0.0636041570625263,0.0104638339127534,18182.0029815948,0.367750794052844,1.44711100740159e-07,0.41538786753499,1.19844021580803,157.385099119209,0.620777246473882,0.984342701244866,176.785964351066,TRUE,0.0649157458370354,0.0122206664998291,1.17921593220846,0.014,0.425,18,"low r2, but also low flux - checked"
"475",2,"Sep","SWH","UP","3a","2-Sep-SWH-UP-3a",2025-09-16 12:35:25,2025-09-16 12:34:58,2025-09-16 12:35:51,522.58288455783,6.69102497598954,1.76793456526398e-31,0.928637921439944,29.4621529202842,339.835885954698,6.93554898863277,0.047366189859743,3874.51733902239,1.66468180567621,1.04531287972548e-69,0.997580495087045,5.42492811629286,322.459213576129,0.998371436016974,4.53889165688228,339.931544433941,TRUE,6.92149669706835,0.0442947870230843,4.82028363008001,NA,NA,NA,NA,NA,NA,149.396363892295,0.723371443805591,0.00812202715057714,18375.0886198621,0.285448140600078,1.58957910255825e-58,0.993487139940731,0.930229211615523,151.998012977201,0.993653628034268,0.936447708158699,149.451921678677,TRUE,0.725092996977246,0.00779420063718553,0.876238506678179,0.014,0.346,17.9,NA
"476",2,"Sep","SWH","UP","4","2-Sep-SWH-UP-4",2025-09-16 12:40:08,2025-09-16 12:39:45,2025-09-16 12:40:32,304.609113194703,2.09592735948765,1.51788281416763e-25,0.931943954995472,7.98108591618417,240.827625598392,2.03346549610771,0.0397708607328718,3811.51793676666,1.26284589746186,9.20660370765532e-39,0.984558770878491,3.80162754866656,233.448000525109,0.988149160556586,3.41478067115547,240.874657074749,TRUE,2.04184034891913,0.0457345560059301,3.52079986775209,NA,NA,NA,NA,NA,NA,126.354221549301,0.395025582022092,0.0105070704649315,18472.2905889371,0.333631472552324,2.11556824198283e-33,0.971811072913525,1.00435262901538,124.176917191654,0.975583210169941,0.958408937307807,126.357351906771,TRUE,0.395473718427323,0.0106608161192958,1.29348117360242,0.033,0.57,17.9,NA
"477",2,"Sep","SWH","UP","5","2-Sep-SWH-UP-5",2025-09-16 12:44:22,2025-09-16 12:43:55,2025-09-16 12:44:48,570.071251889587,12.2934349055174,2.63529089455925e-32,0.933668918560529,45.7327006675184,390.905623972969,11.166626280957,0.0760032896867203,3822.89032485045,2.67113090344961,8.76221187528747e-70,0.997596859102882,8.70478255424696,357.432072785294,0.998799399393197,6.27457418821937,394.107370077455,TRUE,11.0521845454876,0.0583838542493195,6.81588690359308,NA,560.843788388813,11.2377758162383,2.62059258479647e-32,0.93368316742847,41.9875907321438,368.980488557581,10.2558677116266,0.0620391794201737,18626.3449975291,2.18036311397763,1.9272531359942e-72,0.998100824814621,7.10544989463639,317.824138249103,0.999316134635077,4.3482153200781,374.727878480405,TRUE,10.1283253004539,0.0345288567870954,3.65803639333933,0.01,0.231220338983051,17.8,NA
