"","Site","Zone","Replicate","Date","Plot","TIMESTAMP","HM81_AIC","HM81_flux.estimate","HM81_p.value","HM81_r.squared","HM81_RMSE","lin_AIC","lin_flux.estimate","lin_flux.std.error","lin_int.estimate","lin_int.std.error","lin_p.value","lin_r.squared","lin_RMSE","poly_AIC","poly_r.squared","poly_RMSE","rob_AIC","rob_converged","rob_flux.estimate","rob_flux.std.error","rob_RMSE","TIMESTAMP_min","TIMESTAMP_max","c0"
"1","GCW","W","1","202404","GCW_W_1_202404",2024-04-09 13:37:34.5,3177.17898035178,2.02837618445704,1.27703709434444e-134,0.879991018875206,57.5164879894329,1793.13218788605,1.97541068468459,0.00371053935911658,68660.748466698,0.652026339934502,0,0.998984895628517,5.28981927158301,1641.4002239724,0.999406676404075,4.05830350235571,1793.79665054436,TRUE,1.97731334593982,0.00371311059050396,5.09848906394545,2024-04-09 13:35:00,2024-04-09 13:39:59,68659.8019018772
"2","GCW","W","1","202405","GCW_W_1_202405",2024-05-23 10:15:04.5,4239.1455967112,14.9948521825907,1.13245033543533e-142,0.894483532592228,358.901715885416,3167.6476919622,13.1352304022904,0.0396873129369132,87287.4721246025,6.97396547822946,0,0.997377713443363,56.5790286781952,2477.05174668629,0.999760956984789,17.1422044141807,3167.64769196219,TRUE,13.1352304022904,0.0396873129369132,84.6358723654427,2024-05-23 10:12:30,2024-05-23 10:17:29,87254.5733220061
"3","GCW","W","1","202406","GCW_W_1_202406",2024-06-19 04:23:34.5,3966.52229799986,8.07019288841971,1.92867266335556e-135,0.881555363587284,224.305375947952,2369.59832328784,7.75657495244227,0.0100250240868855,65871.1961024896,1.76162523301827,0,0.999519144633492,14.2918752451979,2022.1928743468,0.999856859938183,7.82484620636399,2376.04807653192,TRUE,7.73337786605264,0.00860973306926466,12.4659510377102,2024-06-19 04:21:00,2024-06-19 04:25:59,65829.857216419
"4","GCW","W","1","202407","GCW_W_1_202407",2024-07-16 08:50:34.5,4176.8531935801,24.5766613897328,2.40923843900514e-180,0.942218877208546,322.353214583305,3892.63476560125,15.7895928775596,0.138519246020755,73420.5282538739,24.3409888030141,1.20826876670783e-241,0.978315481293475,197.475813128201,2853.18566879915,0.999406371604106,32.7875962063034,3893.08806128268,TRUE,15.7102988708874,0.143607046876974,250.697363333483,2024-07-16 08:48:00,2024-07-16 08:52:59,73062.4096757803
"5","GCW","W","1","202408","GCW_W_1_202408",2024-08-13 08:52:34.5,4283.60469028757,14.0262326039733,3.51322334160089e-135,0.881061290593655,387.494706755164,2802.23574623827,13.3702761858782,0.0211367021365936,77310.3370798668,3.71420033547093,0,0.99928076020077,30.132906156932,2464.27029164556,0.999778814083922,16.7685737701006,2803.21467217126,TRUE,13.3837667249369,0.0223876158884309,29.3220999496005,2024-08-13 08:50:00,2024-08-13 08:54:59,77295.0572970323
"6","GCW","W","1","202409","GCW_W_1_202409",2024-09-10 09:50:34.5,3831.0669831853,6.70310453317009,1.44944931905043e-133,0.877950315657373,177.587733967572,2845.99801448547,6.03876239477994,0.0227932206947822,70903.3652476856,4.00528840326775,0,0.995913705115391,32.4944722110184,2663.43930084295,0.997852439054565,23.6390822330817,2846.08570185788,TRUE,6.0401599890942,0.0256048101432769,34.0271540943415,2024-09-10 09:48:00,2024-09-10 09:52:59,70950.4640986902
"7","GCW","W","1","202410","GCW_W_1_202410",2024-10-02 09:07:34.5,NA,NA,NA,NA,NA,2336.80062676471,8.85690232045243,0.00947386185818731,70020.9431922528,1.66477346676351,0,0.999670587717819,13.506127326375,2311.97188488224,0.999701759368534,12.8960758288552,2338.7620300667,TRUE,8.84558815212629,0.00771640357684002,9.51639649841357,2024-10-02 09:05:00,2024-10-02 09:09:59,70043.7487093691
"8","GCW","W","1","202411","GCW_W_1_202411",2024-11-19 07:52:34.5,3382.27531657354,3.43714937958165,2.99637599453433e-134,0.879278476149388,81.9153197038343,2724.7433663595,2.78889820988104,0.0184932058938417,73827.5818351942,3.24967779225703,4.51885018430062e-276,0.987494920960583,26.3642849361628,2575.61230417131,0.992624993825409,20.3173563391425,2726.81385780234,TRUE,2.78774398193124,0.0160079349090686,21.9219690536237,2024-11-19 07:50:00,2024-11-19 07:54:59,73814.2973106746
"9","GCW","W","2","202404","GCW_W_2_202404",2024-04-09 13:45:34.5,2807.33102462523,1.08749086899492,1.44023647635711e-137,0.885513972365821,30.3987887891924,1850.65650645045,1.0672166338892,0.00409741835331737,68388.9278888803,0.720009797370818,0,0.995772650769057,5.84136171898106,1714.76594893031,0.997390407955194,4.6055295559659,1851.06411668022,TRUE,1.06888968586933,0.00420863899544205,6.28773732749561,2024-04-09 13:43:00,2024-04-09 13:47:59,68385.068023791
"10","GCW","W","2","202405","GCW_W_2_202405",2024-05-23 10:25:04.5,NA,NA,NA,NA,NA,2645.65529132789,5.53265948470525,0.0161358687332689,74337.8312120282,2.83543992222246,0,0.997556306536416,23.0036178377317,2615.55201561544,0.997827424984966,21.7657380479342,2646.9146073351,TRUE,5.54542253720793,0.0162765361898397,24.3325260562459,2024-05-23 10:22:30,2024-05-23 10:27:29,74390.4055374629
"11","GCW","W","2","202406","GCW_W_2_202406",2024-06-19 04:32:34.5,4090.04201116052,10.7130731416066,3.10166075332568e-137,0.884902717974493,277.542321536046,2671.18388362558,9.73422905105181,0.0168619479032739,70089.8688360796,2.96302858195676,0,0.99913656488964,24.0387308535122,2341.63791880255,0.999726648025642,13.5728489985764,2702.19836374668,TRUE,9.65152988941582,0.0110087854850924,14.7275704252111,2024-06-19 04:30:00,2024-06-19 04:34:59,69963.366523498
"12","GCW","W","2","202407","GCW_W_2_202407",2024-07-16 08:40:34.5,NA,NA,NA,NA,NA,2977.57902606533,12.3663804021955,0.0285977192135347,106279.819766321,5.02527109528224,0,0.9984621934553,40.7694816246585,2876.95534527741,0.998927935995636,34.1592181319855,2979.36997452276,TRUE,12.3557250622844,0.0270960754698108,41.1643880177305,2024-07-16 08:38:00,2024-07-16 08:42:59,106421.655131065
"13","GCW","W","2","202408","GCW_W_2_202408",2024-08-13 09:06:44.553265,4114.0079947532,9.77419687423916,1.26446494290825e-132,0.875201888362688,282.292209118996,2323.41645282364,9.52701388823741,0.0091308540497515,72638.5876029595,1.60432252392383,0,0.999734605588597,13.0178952343154,2105.51887194244,0.999876198135315,8.92208695183257,2323.77746346199,TRUE,9.53234187632665,0.00969803745535878,13.3529922925032,2024-08-13 09:04:10,2024-08-13 09:09:09,72637.0706500659
"14","GCW","W","2","202409","GCW_W_2_202409",2024-09-10 09:58:34.5,4847.74276547797,43.6091555356005,5.1991919580594e-139,0.888123327095259,1024.90380920419,4225.66631768363,36.2362498397174,0.245968039703723,73048.9365374263,43.222190939666,3.48835423662341e-273,0.986904011911304,350.656966734892,3769.67159043463,0.997319194749814,159.20591387506,4225.78916814636,TRUE,36.3099630597438,0.251175430467412,483.879957490099,2024-09-10 09:56:00,2024-09-10 10:00:59,73247.6300898706
"15","GCW","W","2","202410","GCW_W_2_202410",2024-10-02 09:14:34.5,4377.49681307664,16.3962989470556,4.03137441140855e-135,0.880947658610571,455.586299159695,2797.24983124924,15.7138623186832,0.0209557812302668,77460.6503832933,3.68240840848866,0,0.999488068413775,29.8749816871192,2295.10379184159,0.999910623317583,12.5264216652913,2797.25134659371,TRUE,15.7146751343641,0.021678960312734,39.0429017886349,2024-10-02 09:12:00,2024-10-02 09:16:59,77454.3090615275
"16","GCW","W","2","202411","GCW_W_2_202411",2024-11-19 08:00:34.5,3716.44782033846,4.84190687268859,1.30006471793276e-132,0.876077585073347,145.743104899201,2202.18669224235,4.92674642385222,0.0075115634962502,72334.7878335077,1.31995291779136,0,0.999330975376549,10.7086354560713,2099.20377104288,0.999537376179566,8.93594127659049,2202.28386838099,TRUE,4.92450530660046,0.00763192242334271,10.7285207429356,2024-11-19 07:58:00,2024-11-19 08:02:59,72333.1644185559
"17","GCW","W","3","202404","GCW_W_3_202404",2024-04-09 13:53:34.5,2750.89206509716,1.0097937133325,2.57568633056949e-132,0.875488099783463,27.5800921692609,1701.16207275908,0.92887487286652,0.00316644048581862,68276.9322054365,0.556415766219036,0,0.996664432929196,4.51414101377216,1682.03810863678,0.996920076084816,4.35284802001454,1701.31539142836,TRUE,0.929553995832341,0.0032612606233198,4.10780710346189,2024-04-09 13:51:00,2024-04-09 13:55:59,68278.2754525978
"18","GCW","W","3","202405","GCW_W_3_202405",2024-05-23 10:46:44.5,3531.29644370712,18.3282368017844,1.98956313107417e-191,0.951601189938372,105.913106184456,3994.83814215292,4.99826685233377,0.165210760407539,76726.6073308498,29.0312962619995,2.03991852109741e-91,0.76065766819846,235.527770950461,3505.67913632448,0.956300066438448,100.991768804854,4037.40316228999,TRUE,4.10781825186797,0.111554588313974,119.420521629801,2024-05-23 10:44:10,2024-05-23 10:49:09,76094.3223005732
"19","GCW","W","3","202406","GCW_W_3_202406",2024-06-19 04:42:34.5,NA,NA,NA,NA,NA,2651.65806387548,9.1187247871585,0.0163037358277128,66455.9980831481,2.86493799692062,0,0.999080188410128,23.2429325317188,2083.53611829674,0.999872089019088,8.69778413245849,2653.27867702042,TRUE,9.13327639821563,0.0177033757915595,23.6966129772106,2024-06-19 04:40:00,2024-06-19 04:44:59,66522.1306036987
"20","GCW","W","3","202407","GCW_W_3_202407",2024-07-16 08:29:34.5,NA,NA,NA,NA,NA,2700.19016672422,8.60161212373336,0.0177266704900276,70911.5475857622,3.11498005012119,0,0.998778323470923,25.271496702699,2580.99631691522,0.999201150138673,20.5068359886538,2700.36543479729,TRUE,8.59484625160896,0.0186296914818886,28.6548023259944,2024-07-16 08:27:00,2024-07-16 08:31:59,70912.3781114306
"21","GCW","W","3","202408","GCW_W_3_202408",2024-08-13 09:18:24.5,NA,NA,NA,NA,NA,2522.63485765596,6.30946759763871,0.0130519881341538,71787.360063045,2.29353180988949,0,0.998769092284553,18.607175852989,1976.46960873958,0.999815364131288,7.23167632057137,2522.63577960598,TRUE,6.30907706204933,0.0132878997637418,25.2921211853224,2024-08-13 09:15:50,2024-08-13 09:20:49,71823.4670377168
"22","GCW","W","3","202409","GCW_W_3_202409",2024-09-10 10:06:34.5,3891.53637727873,6.71161289811963,4.49076878504044e-133,0.876988543717777,197.102192658934,2264.50489617709,6.68826322562441,0.00836359879122919,70684.1548247267,1.46967493960882,0,0.999549850663134,11.9233140478439,2148.36120366352,0.999702536718887,9.72632069468306,2265.01128025029,TRUE,6.68233281029763,0.00876518371713972,12.0321858070869,2024-09-10 10:04:00,2024-09-10 10:08:59,70698.9072441125
"23","GCW","W","3","202410","GCW_W_3_202410",2024-10-02 09:21:34.5,3935.96681645297,7.3311924917986,6.87425120112422e-134,0.878580653906018,212.794421883621,2261.34531965406,7.26819967615901,0.00831816157736737,70328.8071245248,1.46169058548026,0,0.999622923299006,11.858537845176,1894.03642994834,0.999895197970629,6.27356450811462,2261.39513766854,TRUE,7.26694636354329,0.00863895564970752,14.6473626114196,2024-10-02 09:19:00,2024-10-02 09:23:59,70321.3496334024
"24","GCW","W","3","202411","GCW_W_3_202411",2024-11-19 08:07:34.5,NA,NA,NA,NA,NA,2167.94589227304,3.59899935699887,0.00708094781325082,71792.7421588027,1.24428392724026,0,0.998886403547846,10.0947411086149,2018.75903559611,0.999343370742357,7.77865676099093,2168.65561865054,TRUE,3.59378643886807,0.00726141473723902,10.5099687475881,2024-11-19 08:05:00,2024-11-19 08:09:59,71813.16842375
"25","GCW","W","4","202404","GCW_W_4_202404",2024-04-09 14:03:34.5,3318.37840415456,2.39498878094289,1.83235194007217e-127,0.865448403437792,73.3702791025091,2120.61945972421,2.37847110887622,0.00652610621154399,68450.4576388953,1.14678561128373,0,0.997836462775141,9.30374780189424,2120.19455008521,0.997869224117909,9.26526524965192,2128.68723280291,TRUE,2.39289427517596,0.00485924726495754,5.97681790214111,2024-04-09 14:01:00,2024-04-09 14:05:59,68457.5724687551
"26","GCW","W","4","202405","GCW_W_4_202405",2024-05-23 11:11:44.5,4576.37563232339,22.172518615805,7.58933252366393e-132,0.874550666092704,641.930264157261,2824.37514850378,21.571548775563,0.0219591157707439,73373.385719169,3.85871715631255,0,0.999701647323939,31.3053555153931,2761.54691925085,0.999763053567205,27.995742229412,2824.92038816276,TRUE,21.5555352120184,0.0225869893639911,32.4530108434069,2024-05-23 11:09:10,2024-05-23 11:14:09,73368.2352404874
"27","GCW","W","4","202406","GCW_W_4_202406",2024-06-19 04:51:34.5,3932.06461355001,7.71544843445049,1.18675615500985e-134,0.88005207835652,211.367559923862,2453.97922285023,7.26231469591782,0.0115949387177395,66061.4310451123,2.03749501681408,0,0.999266397912545,16.5299770048863,2332.11473982622,0.999524697564504,13.351812267724,2455.42726609956,TRUE,7.24881146029703,0.0106424569952167,14.3980694694935,2024-06-19 04:49:00,2024-06-19 04:53:59,66040.8494556824
"28","GCW","W","4","202407","GCW_W_4_202407",2024-07-16 08:17:34.5,NA,NA,NA,NA,NA,2493.59258839015,5.73355472575844,0.0124145303817746,69766.7591369705,2.18151595318513,0,0.998651598719037,17.6984033061972,2467.01733180419,0.998786525496679,16.848182742095,2495.22996013456,TRUE,5.74032916145825,0.0121688914804112,17.645895921651,2024-07-16 08:15:00,2024-07-16 08:19:59,69772.3161156171
"29","GCW","W","4","202408","GCW_W_4_202408",2024-08-13 09:32:34.5,NA,NA,NA,NA,NA,2910.43393792589,9.89965755097161,0.0254714845502939,73275.240618335,4.47592040850376,0,0.998097023522863,36.3126588372999,2119.45682892382,0.999877283829688,9.25348794424527,2918.97119259845,TRUE,9.83640682040757,0.0229223179712536,38.1806211922017,2024-08-13 09:30:00,2024-08-13 09:34:59,73317.4188013985
"30","GCW","W","4","202409","GCW_W_4_202409",2024-09-10 10:16:34.5,NA,NA,NA,NA,NA,1910.58357717149,2.68752110061543,0.00454341822243838,69781.7813778373,0.798382140076133,0,0.999177574000396,6.47718807047988,1902.24909184494,0.999211820543596,6.36302858800785,1910.79363487571,TRUE,2.68953299011942,0.00478148355634894,6.48307194256376,2024-09-10 10:14:00,2024-09-10 10:18:59,69776.9893549725
"31","GCW","W","4","202410","GCW_W_4_202410",2024-10-02 09:28:34.5,3591.13762424067,4.42560740819648,1.36945392138048e-136,0.883710128292961,117.424251093538,2128.24327571333,4.09747674229293,0.00661245494467686,70003.6345687329,1.16195905184683,0,0.99925052124147,9.42684828632403,1802.20014562192,0.999759841717266,5.35486917920622,2129.43499117327,TRUE,4.09208631179063,0.00669718288940957,8.82583025505236,2024-10-02 09:26:00,2024-10-02 09:30:59,69988.6206610246
"32","GCW","W","4","202411","GCW_W_4_202411",2024-11-19 08:15:34.5,3859.00376471541,5.92706115826934,3.53411391552208e-129,0.869085637947479,186.350932023813,2338.64655571294,6.12886480135069,0.00950406174524476,72367.5571115602,1.67008027526727,0,0.99930792965983,13.5491808905862,2342.28901567515,0.999308782385287,13.5880941738344,2339.72828161457,TRUE,6.1362936750673,0.00889546287340078,10.915999310954,2024-11-19 08:13:00,2024-11-19 08:17:59,72371.1157957345
"33","GCW","W","5","202404","GCW_W_5_202404",2024-04-09 14:14:34.5,2010.53283692943,0.217016019290339,2.56507968673501e-108,0.817290050959469,7.69532334362127,1714.65902240702,0.207129741955342,0.00324098950092181,68369.8478202615,0.569515727372669,3.76029372520158e-172,0.934132484436074,4.62041958370606,1715.4377047481,0.934860091658203,4.6108667690334,1714.87097172058,TRUE,0.206451784726287,0.00333560938671955,4.05481725960211,2024-04-09 14:12:00,2024-04-09 14:16:59,68361.4791758266
"34","GCW","W","5","202405","GCW_W_5_202405",2024-05-23 11:21:44.5,3647.35792903486,4.30409571937182,2.55316769575799e-132,0.875495688650106,129.376274365571,1958.67247134002,4.36390106329982,0.00493617888922538,71124.4641336414,0.867399141447149,0,0.999631646777631,7.03711554818875,1850.95315401229,0.999749413719103,5.82444190735649,1958.91771677987,TRUE,4.3659453851434,0.00503392685463514,6.62985337501665,2024-05-23 11:19:10,2024-05-23 11:24:09,71121.7294107241
"35","GCW","W","5","202406","GCW_W_5_202406",2024-06-19 05:00:34.5,3863.84627292942,6.07396780142478,3.66303719471737e-129,0.869053076728592,187.91331751911,2063.65622204794,6.18080557927372,0.0059156299632585,65823.0298029923,1.03951101983962,0,0.999736251643201,8.43344062806248,2064.12043022519,0.999739447840638,8.41144241811896,2064.28643646445,TRUE,6.18182441537911,0.00569820405886111,7.7837989472527,2024-06-19 04:58:00,2024-06-19 05:02:59,65831.8906414905
"36","GCW","W","5","202407","GCW_W_5_202407",2024-07-16 08:06:34.5,3515.83081965996,3.97111435031612,1.00626110182144e-137,0.88579856607626,103.126267543189,2483.37193173535,3.62676760755582,0.0121976800003085,69987.956336523,2.14341039847828,0,0.996752904866496,17.3892570565797,2206.96656000949,0.998765278156636,10.7604718091073,2483.82738674819,TRUE,3.62902432114117,0.0123760174286081,19.6301759803253,2024-07-16 08:04:00,2024-07-16 08:08:59,69979.3879063175
"37","GCW","W","5","202408","GCW_W_5_202408",2024-08-13 09:52:34.5,3303.18594644456,2.95257840443667,1.52944881896141e-139,0.889069530353673,71.4733779610485,2367.98600151475,2.54889181922437,0.00999719457111059,71438.4429617039,1.75673495277685,0,0.995589111208611,14.2522009297906,2213.80822702804,0.997443509019486,10.8881536794491,2369.74304587839,TRUE,2.53645296784315,0.0100283822178896,13.7680810771775,2024-08-13 09:50:00,2024-08-13 09:54:59,71435.5109955946
"38","GCW","W","5","202409","GCW_W_5_202409",2024-09-10 10:24:34.5,2988.07842807862,1.39808799700125,1.64248212928453e-129,0.869780052127208,41.5142283128037,1695.7118899169,1.36842909616868,0.00313682522904265,69432.1477812665,0.551211690581242,0,0.998488974455229,4.47192091020649,1679.65745334745,0.998589935624869,4.33501803274417,1695.85422353038,TRUE,1.36734271301611,0.00309639269559111,4.29706128453529,2024-09-10 10:22:00,2024-09-10 10:26:59,69431.9829898814
"39","GCW","W","5","202410","GCW_W_5_202410",2024-10-02 09:36:34.5,3231.47506340923,2.14096107443757,1.14524101378019e-132,0.876186603628721,63.1609095901237,1771.68747283347,2.13590432889451,0.00357585246413107,69869.315244792,0.628358782559379,0,0.999193438192902,5.09780693489305,1730.83590046832,0.999309013741986,4.73491829979945,1771.80092689956,TRUE,2.13563233244939,0.00361267570141498,5.19919697229019,2024-10-02 09:34:00,2024-10-02 09:38:59,69872.0533890624
"40","GCW","W","5","202411","GCW_W_5_202411",2024-11-19 08:23:34.5,2375.7574380464,0.473574082406933,2.85673428240419e-130,0.871351418019742,14.4444516866761,1691.03934672612,0.476474972301234,0.00311165614182054,71816.3012287993,0.546788908275858,5.88283746665664e-278,0.987866288540435,4.43603935506044,1681.22470186859,0.98843074737324,4.34674775370162,1691.03970278784,TRUE,0.476432043063116,0.00315338151838855,5.10880486398349,2024-11-19 08:21:00,2024-11-19 08:25:59,71815.0716120348
"41","GWI","TR","1","202404","GWI_TR_1_202404",2024-04-24 10:56:34.5,NA,NA,NA,NA,NA,2010.77323900685,0.0137599857231619,0.00540011601422988,106964.868698162,0.9489234688561,0.0113508554294158,0.022047286940036,7.69851361114742,2012.62668649906,0.0292592760540275,7.69684615558261,2011.44942360171,TRUE,0.0174205565907249,0.00549932054602148,7.92716341812753,2024-04-24 10:54:00,2024-04-24 10:58:59,106956.939074953
"42","GWI","TR","1","202405","GWI_TR_1_202405",2024-05-16 10:18:34.5,NA,NA,NA,NA,NA,2117.2995080426,0.220186392970294,0.00648885713269647,135954.581987999,1.14024009910982,1.23663881704097e-102,0.799923377551848,9.25064476859742,2104.53632568849,0.811160711423365,9.01847769544329,2117.94969926934,TRUE,0.224373074554442,0.00668584266218781,9.00673833121368,2024-05-16 10:16:00,2024-05-16 10:20:59,135965.103082704
"43","GWI","TR","1","202406","GWI_TR_1_202406",2024-06-27 05:23:34.5,NA,NA,NA,NA,NA,2598.48483074201,4.25621328798166,0.0148755107246918,133921.176026635,2.61396629270265,0,0.996494383958857,21.2068262024443,2356.21006427569,0.99850048318472,13.9181784639417,2600.68977144682,TRUE,4.27187642042734,0.015322777404705,20.4399749996831,2024-06-27 05:21:00,2024-06-27 05:25:59,133956.279402416
"44","GWI","TR","1","202408","GWI_TR_1_202408",2024-08-22 09:04:34.5,NA,NA,NA,NA,NA,2623.15804106617,0.110389640177942,0.0155219678794843,141845.911861837,2.72756354953492,9.08233102812148e-12,0.149384014692965,22.1284284776694,2319.85099139098,0.705204677357326,13.072460064754,2623.18740857406,TRUE,0.107932412088177,0.0167483988523752,25.9542803795473,2024-08-22 09:02:00,2024-08-22 09:06:59,141793.177634507
"45","GWI","TR","1","202409","GWI_TR_1_202409",2024-09-26 10:08:34.5,2421.18883035631,0.598361342181879,1.03810507959086e-114,0.83503209680078,15.621378007731,2074.51108146467,0.446265613830375,0.00602738510613619,130385.937678699,1.05914894568464,1.68843679340725e-189,0.950085556214472,8.59276099938274,2074.74919455268,0.950728866032823,8.56700697606752,2074.5607561528,TRUE,0.44742317831374,0.00605446946411375,8.36553711524277,2024-09-26 10:06:00,2024-09-26 10:10:59,130380.605517464
"46","GWI","TR","1","202410","GWI_TR_1_202410",2024-10-23 07:06:34.5,2310.00516511233,1.05959756349292,7.62285311202755e-148,0.902855503818556,12.8963507878722,2207.0018126114,0.47548217122617,0.00757418355721207,141924.3662801,1.33095668980503,4.59890964206578e-170,0.931897389395612,10.7979078699186,2041.85392373605,0.961993888909854,8.09464266205048,2207.20102790176,TRUE,0.478844842775711,0.00789527520503691,12.1562337697174,2024-10-23 07:04:00,2024-10-23 07:08:59,141905.230783468
"47","GWI","TR","1","202411","GWI_TR_1_202411",2024-11-14 09:04:34.5,2217.33844599833,0.344334209231206,1.73160421737837e-87,0.745157218602144,10.9920708528818,2109.34334894178,0.235343867894259,0.00640045385606322,134992.338179467,1.12470562842437,8.46428564607458e-111,0.824392757426017,9.12461528577933,2109.8779177292,0.826478734035714,9.1019182806069,2109.36444034247,TRUE,0.234427681433065,0.00656686717677236,9.1190171681743,2024-11-14 09:02:00,2024-11-14 09:06:59,134994.588254258
"48","GWI","TR","2","202404","GWI_TR_2_202404",2024-04-24 10:10:34.5,1923.01350442009,-0.78278143181633,4.17475465053649e-71,0.668963096537435,6.61749821575356,1962.58415294059,-0.107855453092728,0.00496958236955604,106222.192543149,0.873268894308701,1.47966191091409e-62,0.620566112518041,7.08473621917205,1910.73536139576,0.687032818903493,6.45681367092349,1962.77850101925,TRUE,-0.105673299673426,0.00515562906116284,7.11110317792224,2024-04-24 10:08:00,2024-04-24 10:12:59,106227.748567087
"49","GWI","TR","2","202405","GWI_TR_2_202405",2024-05-16 10:30:34.5,NA,NA,NA,NA,NA,2228.7841853999,0.302224894685824,0.00786404715794021,134354.550624286,1.38189233133074,2.15285036399756e-115,0.836823345843364,11.2111432281408,2036.32321980631,0.917120994738026,8.01782146084673,2229.85917375011,TRUE,0.295393879616276,0.0081626211772494,11.035299201199,2024-05-16 10:28:00,2024-05-16 10:32:59,134380.436803899
"50","GWI","TR","2","202406","GWI_TR_2_202406",2024-06-27 05:33:34.5,NA,NA,NA,NA,NA,2060.94471089836,-0.00440337119338955,0.00588803882426641,133531.99387973,1.03466262783228,0.455160709611705,0.00193818049348158,8.39410614737392,2062.7191170399,0.00956845102332908,8.39114442240094,2061.13096613267,TRUE,-0.00434270378282166,0.00608741232396123,9.02726087051921,2024-06-27 05:31:00,2024-06-27 05:35:59,133528.091631783
"51","GWI","TR","2","202408","GWI_TR_2_202408",2024-08-22 09:16:34.5,1959.34201687604,0.236917762306593,4.23497319934692e-78,0.703936703027552,7.04524380663316,2017.53384541492,0.123128039880341,0.00546342922285045,104706.135347,0.960049042712351,1.5739395444629e-65,0.638148194727933,7.78877419018803,1951.48395272739,0.715798527684276,6.92675983972039,2017.62117098474,TRUE,0.121756139790272,0.00553864512825311,7.89563715628959,2024-08-22 09:14:00,2024-08-22 09:18:59,104712.52966454
"52","GWI","TR","2","202409","GWI_TR_2_202409",2024-09-26 10:19:34.57732,NA,NA,NA,NA,NA,2309.1917892522,1.068180429815,0.00890981098512154,130430.440490761,1.56569611894844,1.81778825572049e-248,0.980289397660359,12.703581539129,2086.58727765758,0.990952875078882,8.63653421588211,2309.64208402284,TRUE,1.07352858311944,0.00935600669348345,13.7832658183439,2024-09-26 10:17:00,2024-09-26 10:21:59,130459.942696626
"53","GWI","TR","2","202410","GWI_TR_2_202410",2024-10-23 07:17:34.5,NA,NA,NA,NA,NA,2332.2835658943,0.693136539607362,0.00940036564818073,105953.019607974,1.65185850746199,5.21651434202315e-189,0.949693086788578,13.4013496564856,2209.58299971988,0.967499872799067,10.8091230581093,2353.07584608758,TRUE,0.655825635820733,0.00620587858145929,8.36781776628289,2024-10-23 07:15:00,2024-10-23 07:19:59,105956.214047768
"54","GWI","TR","2","202411","GWI_TR_2_202411",2024-11-14 09:15:04.5,NA,NA,NA,NA,NA,2089.97798389243,0.550778203624527,0.00619028013933686,135003.040526189,1.08777331589389,1.61670595804928e-211,0.964897286536537,8.82498742321866,2057.34522789258,0.969062823433449,8.31375679725157,2089.99665093465,TRUE,0.55159683964944,0.00653271641649284,9.63318883023035,2024-11-14 09:12:30,2024-11-14 09:17:29,135010.184983636
"55","GWI","TR","3","202404","GWI_TR_3_202404",2024-04-24 10:20:34.5,2268.84640369801,0.426113247836351,3.33381066486036e-119,0.846461846746847,12.0128991897186,1907.65708050943,0.356794550853929,0.00452055130838591,106461.256008911,0.794363902070221,4.04018115207311e-197,0.955811319157576,6.44458853954127,1904.65769057958,0.956865081659811,6.38950763841848,1907.69076140162,TRUE,0.356274814877265,0.00469421892743651,6.3231193429904,2024-04-24 10:18:00,2024-04-24 10:22:59,106465.683032735
"56","GWI","TR","3","202405","GWI_TR_3_202405",2024-05-16 10:44:34.5,NA,NA,NA,NA,NA,2582.58797414671,2.49743666138644,0.0144733338551423,134064.251385313,2.54329464988221,9.76792274045166e-293,0.990420118520267,20.6334747973714,2251.73210625988,0.996980806285568,11.6238773933468,2584.08409299725,TRUE,2.51057924316186,0.0147360916175181,22.1363818750002,2024-05-16 10:42:00,2024-05-16 10:46:59,134128.950476233
"57","GWI","TR","3","202406","GWI_TR_3_202406",2024-06-27 05:47:34.5,NA,NA,NA,NA,NA,2067.85367352814,0.410953761596628,0.00595859657725568,133273.666875288,1.04706123325943,4.26412477734392e-181,0.942909413474521,8.49469469405117,2071.54460981542,0.942970224611435,8.51980353393549,2067.92470357027,TRUE,0.411400895889609,0.00603227463444792,8.82430214094559,2024-06-27 05:45:00,2024-06-27 05:49:59,133273.135691663
"58","GWI","TR","3","202408","GWI_TR_3_202408",2024-08-22 09:25:34.5,NA,NA,NA,NA,NA,2165.10833525729,4.88830966072132,0.00704639001444914,104999.478018062,1.2382113343129,0,0.999401934693757,10.0454748180861,2158.05623126219,0.999424298525838,9.89026805779312,2165.10958227797,TRUE,4.88830218650679,0.00712693015874439,10.1313063784053,2024-08-22 09:23:00,2024-08-22 09:27:59,105009.694668041
"59","GWI","TR","3","202409","GWI_TR_3_202409",2024-09-26 10:32:34.5,NA,NA,NA,NA,NA,2383.43101814502,2.38229027773915,0.0102669895425161,130495.012762193,1.80414407870514,0,0.994679255180561,14.6368260478641,2108.97606163478,0.997963110698255,9.08777648424993,2383.44659994241,TRUE,2.38248546614748,0.0106375216912355,17.64752672468,2024-09-26 10:30:00,2024-09-26 10:34:59,130529.570162681
"60","GWI","TR","3","202410","GWI_TR_3_202410",2024-10-23 07:31:34.5,NA,NA,NA,NA,NA,2213.42948391607,3.73340037387431,0.00765858894742781,105804.763528034,1.34578864072286,0,0.998789527699246,10.91823788574,2024.35050691908,0.999377977467616,7.85400928419976,2213.58965116502,TRUE,3.73089881195274,0.00745591143715422,10.2515747019782,2024-10-23 07:29:00,2024-10-23 07:33:59,105836.849334294
"61","GWI","TR","3","202411","GWI_TR_3_202411",2024-11-14 09:26:34.5,NA,NA,NA,NA,NA,1894.69171955826,0.645056463241971,0.00442061968585739,101294.928669447,0.776803638244721,5.27315704846761e-272,0.986654694535382,6.30212401578056,1868.90023928219,0.987957579834782,6.00748646393231,1895.06862307866,TRUE,0.644052017131913,0.00461666059864134,6.30353055979167,2024-11-14 09:24:00,2024-11-14 09:28:59,101298.952918252
"62","GWI","TR","4","202404","GWI_TR_4_202404",2024-04-24 10:29:34.5,NA,NA,NA,NA,NA,1923.52036981689,0.012352217139679,0.00464589696097399,106233.765760502,0.816389990240639,0.00828210915798054,0.0239567156316119,6.62328381386588,1924.66148095006,0.0335315092731938,6.61372150826518,1923.56691826447,TRUE,0.0115540983784528,0.00475655648708267,7.30595177777481,2024-04-24 10:27:00,2024-04-24 10:31:59,106239.025450854
"63","GWI","TR","4","202405","GWI_TR_4_202405",2024-05-16 10:57:34.5,2109.28274569015,0.375501496068465,4.14920331220139e-108,0.816679293596274,9.12366191945657,2092.73397336836,0.230658040760298,0.0062197645256642,136215.275261606,1.09295439461093,1.11317355144514e-111,0.826847556830747,8.86702095525005,2021.66506324203,0.866338020745771,7.81772868553173,2092.81846204383,TRUE,0.229612031466109,0.00648938180978535,9.69780619649651,2024-05-16 10:55:00,2024-05-16 10:59:59,136206.826055866
"64","GWI","TR","4","202406","GWI_TR_4_202406",2024-06-27 06:07:34.5,NA,NA,NA,NA,NA,2093.6706709205,-0.0867921017977682,0.00622981753472153,133120.231548226,1.09472093744112,4.4557288826279e-34,0.402604827797952,8.88135272642995,2082.38159803658,0.433284234047522,8.68048795953436,2093.7151425792,TRUE,-0.0862308611115763,0.00630842390441582,8.37689228818061,2024-06-27 06:05:00,2024-06-27 06:09:59,133113.748123932
"65","GWI","TR","4","202408","GWI_TR_4_202408",2024-08-22 09:34:34.5,NA,NA,NA,NA,NA,2240.54112444399,-0.0983659783655409,0.00802508261824785,138215.092939102,1.41018993219733,4.43846710783243e-28,0.34282856329394,11.4407186075935,2098.59097293796,0.602709187141786,8.92650500744059,2240.82576379192,TRUE,-0.102518559961649,0.00822488049549083,10.9919988367544,2024-08-22 09:32:00,2024-08-22 09:36:59,138171.592343985
"66","GWI","TR","4","202409","GWI_TR_4_202409",2024-09-26 10:43:34.5,2159.63471239993,0.17461281335667,2.3798821258391e-50,0.539008662805208,9.95111878406288,2091.77947207818,0.139048861558277,0.00620953712757239,130305.341985771,1.09115720765252,5.10927233671082e-65,0.635183070709536,8.85244057156775,2089.98942724373,0.642394654187862,8.79509949266121,2091.78575681829,TRUE,0.139380703929142,0.00628032210731377,8.27116552339621,2024-09-26 10:41:00,2024-09-26 10:45:59,130305.424069497
"67","GWI","TR","4","202410","GWI_TR_4_202410",2024-10-23 07:42:34.5,2141.95729934105,0.478357036921251,2.93721739758487e-85,0.73591955003279,9.65240094583169,2015.39059429832,0.203619594748419,0.00544327768392224,140091.698484792,0.956507958007476,1.40653581536531e-112,0.829315490713409,7.76004575244419,2014.84311071163,0.831971114920238,7.72631531672181,2015.4191671066,TRUE,0.204530862334816,0.00560643933235081,7.4051923066747,2024-10-23 07:40:00,2024-10-23 07:44:59,140091.740188909
"68","GWI","TR","4","202411","GWI_TR_4_202411",2024-11-14 09:36:34.5,NA,NA,NA,NA,NA,1870.6804795754,0.139437072371599,0.00424134822823616,101182.751523668,0.745301556995994,1.74561163115842e-99,0.789597994656931,6.04655103309824,1862.29152216953,0.798397191099667,5.93942362347631,1870.86020978148,TRUE,0.139142502732838,0.0045045894416498,5.790134885828,2024-11-14 09:34:00,2024-11-14 09:38:59,101185.306018212
"69","GWI","TR","5","202404","GWI_TR_5_202404",2024-04-24 10:40:34.5,NA,NA,NA,NA,NA,1948.75184078508,0.812145090630818,0.00485246582000872,106336.109629637,0.852688847108964,5.88310378700765e-289,0.989823278856943,6.91777251905805,1951.57334448154,0.989864550899368,6.92782749994705,1948.86780428625,TRUE,0.810586788919976,0.004863511854636,6.67219217836264,2024-04-24 10:38:00,2024-04-24 10:42:59,106337.445274403
"70","GWI","TR","5","202405","GWI_TR_5_202405",2024-05-16 11:13:34.5,NA,NA,NA,NA,NA,2961.72334236893,6.52608971717402,0.0278265216245222,134418.624661457,4.88975410094159,0,0.994791217845463,39.6700468865432,2924.17786984944,0.995486441680286,37.0567538791504,2962.42282465669,TRUE,6.51501977098842,0.0291404432042206,40.8065955356116,2024-05-16 11:11:00,2024-05-16 11:15:59,134413.186135951
"71","GWI","TR","5","202406","GWI_TR_5_202406",2024-06-27 05:11:44.5,3099.57782087104,1.93630969597454,5.86753604151567e-142,0.893271703003922,50.3136570302236,2343.95854784742,1.82608085449273,0.00959150553331212,132243.428825513,1.68544614194201,6.26301170698574e-305,0.992117046647897,13.6738425072761,2244.87102841117,0.994475302915441,11.4871834806299,2344.1522934007,TRUE,1.82313796718054,0.0101749141851664,13.4418479529759,2024-06-27 05:09:10,2024-06-27 05:14:09,132223.735472564
"72","GWI","TR","5","202408","GWI_TR_5_202408",2024-08-22 09:44:34.5,NA,NA,NA,NA,NA,2676.36838822002,6.38017268694158,0.0170133491652453,104480.261903931,2.98963323458283,0,0.997956292344731,24.2545715267422,2352.50400967266,0.999340188562977,13.8295283203486,2684.63100806597,TRUE,6.33646420415472,0.0158754452952259,20.52616456001,2024-08-22 09:42:00,2024-08-22 09:46:59,104524.439403542
"73","GWI","TR","5","202409","GWI_TR_5_202409",2024-09-26 10:59:34.5,3682.59239030726,5.69895511006625,1.72143347534196e-141,0.892471320846067,137.479399669796,2563.71248677717,4.98510777621971,0.0140098964348997,130830.785380011,2.46185813198971,0,0.997730519317894,19.9727891235356,2234.88731970799,0.999279724829674,11.2911433386132,2563.9919818582,TRUE,4.97800466548906,0.0146803347371217,22.7368193596772,2024-09-26 10:57:00,2024-09-26 11:01:59,130819.476312189
"74","GWI","TR","5","202410","GWI_TR_5_202410",2024-10-23 07:57:34.5,NA,NA,NA,NA,NA,2441.03301171005,3.88589474156688,0.0113389945661513,140015.997910635,1.99251979563021,0,0.997553778184943,16.1650978931221,2261.87407688988,0.998699222472044,11.8289218246585,2441.32586441555,TRUE,3.89005190542893,0.0127057896540664,16.2617915939272,2024-10-23 07:55:00,2024-10-23 07:59:59,140046.500413148
"75","GWI","TR","5","202411","GWI_TR_5_202411",2024-11-14 09:46:34.5,NA,NA,NA,NA,NA,2213.88459648675,1.35771194461543,0.00766460082322928,134946.534939479,1.34684506433021,5.48747967098935e-296,0.990905298618377,10.9268085363639,2061.87315570392,0.994689311474185,8.37891440614575,2213.95753663587,TRUE,1.3556494812729,0.00734678586313437,10.0960819435914,2024-11-14 09:44:00,2024-11-14 09:48:59,134974.185476956
"76","GWI","W","1","202404","GWI_W_1_202404",2024-04-24 13:27:34.5,NA,NA,NA,NA,NA,1261.74400020384,0.0879994423628848,0.00148437040904464,35075.6059277471,0.260837714209527,2.04097356084045e-163,0.924262243550631,2.11614820272418,1264.69966766981,0.924534495815605,2.11971429260234,1262.16444375469,TRUE,0.0872804324434432,0.00153973743318717,1.93207406657029,2024-04-24 13:25:00,2024-04-24 13:29:59,35074.0678729323
"77","GWI","W","1","202405","GWI_W_1_202405",2024-05-16 11:57:09.5,NA,NA,NA,NA,NA,1072.73502821813,0.297950439403603,0.002089383681483,33858.2211534301,0.30686329839323,1.75816915750826e-232,0.988431636387415,2.24254242581229,1057.52056665476,0.989321697904925,2.16365633828649,1072.99458006546,TRUE,0.297258606635615,0.00218841089599305,2.14110369873658,2024-05-16 11:55:00,2024-05-16 11:59:09,33859.0633165931
"78","GWI","W","1","202406","GWI_W_1_202406",2024-06-27 08:52:34.5,NA,NA,NA,NA,NA,1435.44883994589,0.120743909602974,0.00200267105770191,33524.8244107886,0.351914951835203,2.28495802986683e-165,0.92658786239968,2.85504799447682,1370.86205052293,0.942049852566786,2.54548169468131,1435.90183614931,TRUE,0.119573238248173,0.00199974991135155,2.63481021322393,2024-06-27 08:50:00,2024-06-27 08:54:59,33526.0549487821
"79","GWI","W","1","202407","GWI_W_1_202407",2024-07-25 07:04:34.5,1944.10457865569,0.211253203714476,8.78028751583574e-124,0.857296795613657,6.86256519237042,1201.90060006027,0.21505603517959,0.00133885187805559,33164.5066140531,0.235266791502479,7.18904382044198e-284,0.988960906626469,1.90869406867571,1200.16630387721,0.989177043496608,1.89651291422782,1201.91629877886,TRUE,0.215210834488096,0.00130698912495633,1.82963288556475,2024-07-25 07:02:00,2024-07-25 07:06:59,33164.5355340325
"80","GWI","W","1","202408","GWI_W_1_202408",2024-08-22 11:33:34.5,NA,NA,NA,NA,NA,1796.22433916564,0.0754780477518324,0.00373037416582413,34239.3346767883,0.655511767568912,3.00997948721261e-57,0.587031254359736,5.3180961695256,1578.79514979724,0.807552577832102,3.64306458599923,1796.46818877495,TRUE,0.0773110091412399,0.00386051745138979,5.52234478492923,2024-08-22 11:31:00,2024-08-22 11:35:59,34254.3583850449
"81","GWI","W","1","202409","GWI_W_1_202409",2024-09-26 09:17:34.5,NA,NA,NA,NA,NA,1305.8865532617,0.272330126825519,0.00160175285743599,32712.827126382,0.281464485896807,6.64478882627391e-291,0.990135237300533,2.28349097355898,1273.96136816597,0.991284621265634,2.15383454115571,1305.9436281866,TRUE,0.27229899125884,0.00159260262988989,2.2241466189952,2024-09-26 09:15:00,2024-09-26 09:19:59,32715.3418675148
"82","GWI","W","1","202410","GWI_W_1_202410",2024-10-23 06:13:34.5,1776.99733790835,0.15870310018637,6.08578884129147e-97,0.780876672314858,5.14469133488388,1432.21330042038,0.126389221948217,0.00199153022785892,35988.3442966595,0.349957254098211,2.47373137259826e-171,0.93326535473531,2.83916540418436,1353.24444517072,0.949869744075949,2.46932472221531,1432.25710225528,TRUE,0.126742946398718,0.00208754375409814,3.18149538605932,2024-10-23 06:11:00,2024-10-23 06:15:59,35991.4622447984
"83","GWI","W","1","202411","GWI_W_1_202411",2024-11-14 11:47:34.5,1539.83933253461,0.124231654822775,4.81576346164708e-103,0.801228326348426,3.41805700198196,1264.76147677978,0.0876796588691752,0.00149211303733785,33897.0300823761,0.262198270478818,2.14652036582266e-162,0.923014856073521,2.12718624878546,1267.85013239241,0.92325640729078,2.13125956004271,1264.93195053203,TRUE,0.0880853467876645,0.001510263546172,2.00794824196989,2024-11-14 11:45:00,2024-11-14 11:49:59,33895.1197148576
"84","GWI","W","2","202404","GWI_W_2_202404",2024-04-24 13:17:34.5,1588.41304364555,0.11356238096124,1.15692420001439e-108,0.818296757910539,3.71664001860643,1216.73021333168,0.101140170012733,0.0013735254257297,35119.8529967812,0.241359724144992,7.55039285948388e-189,0.949563763938527,1.95812537311666,1215.67870971309,0.950434704158702,1.94792054993194,1216.74964467263,TRUE,0.101241611812476,0.0013814977055818,1.9502527433332,2024-04-24 13:15:00,2024-04-24 13:19:59,35118.4909793773
"85","GWI","W","2","202405","GWI_W_2_202405",2024-05-16 11:51:09.5,1611.65716055416,0.341760785144659,5.1868817208879e-112,0.881035999215066,6.89202313960303,1069.24004117945,0.285425403090137,0.00207422566439093,33197.654746701,0.304637072945412,7.71777927346916e-229,0.98758693431432,2.22627327586085,1056.441640905,0.988426057122459,2.15879841560669,1069.28898276891,TRUE,0.285529051730738,0.00215485334358824,2.38920169385876,2024-05-16 11:49:00,2024-05-16 11:53:09,33199.2189757902
"86","GWI","W","2","202406","GWI_W_2_202406",2024-06-27 09:05:54.5,NA,NA,NA,NA,NA,1889.70638617986,0.289902599307302,0.00438278551380496,34295.1399261599,0.770155311858644,3.52236068093501e-176,0.938240618936352,6.24818686188525,1633.80085877952,0.974795566099429,4.00547700557507,1889.71485545888,TRUE,0.290210187338902,0.00458916671226319,7.7525827013952,2024-06-27 09:03:20,2024-06-27 09:08:19,34306.4818497825
"87","GWI","W","2","202407","GWI_W_2_202407",2024-07-25 07:13:34.5,NA,NA,NA,NA,NA,1214.9018428643,0.193879003307768,0.00136920239263453,33370.2230324794,0.240600068695029,2.68773689919632e-268,0.985839697475133,1.95196237050026,1217.71489908587,0.985897535868604,1.95477107670236,1215.10217123346,TRUE,0.194078238506058,0.00135654444959177,2.05874044113765,2024-07-25 07:11:00,2024-07-25 07:15:59,33369.8745134001
"88","GWI","W","2","202408","GWI_W_2_202408",2024-08-22 11:41:34.5,NA,NA,NA,NA,NA,1794.5689737044,0.214761779712192,0.0037197425644914,33932.8121310213,0.653643552888048,2.31169276697056e-160,0.920472878305159,5.30293954560258,1484.59001546541,0.973065390612595,3.09690306626319,1795.11991838247,TRUE,0.217034222623724,0.00387803181178638,6.21465208944648,2024-08-22 11:39:00,2024-08-22 11:43:59,33940.7078757449
"89","GWI","W","2","202409","GWI_W_2_202409",2024-09-26 09:25:34.5,NA,NA,NA,NA,NA,1272.1071618335,0.312514109243079,0.0015111307859471,32664.7711091478,0.265540122382105,3.33168248861409e-315,0.99331128478842,2.15429833232883,1260.91792169112,0.993652601020595,2.10593818256761,1272.11460709214,TRUE,0.312450192752276,0.00154573713656381,2.36912318610865,2024-09-26 09:23:00,2024-09-26 09:27:59,32666.9651025472
"90","GWI","W","2","202410","GWI_W_2_202410",2024-10-23 06:21:34.5,NA,NA,NA,NA,NA,1401.00794348881,-0.0146007908863921,0.00188721266940807,35851.4921261682,0.331626281362269,1.7297657095432e-13,0.17207231204081,2.69044820227624,1270.9783186952,0.478476311486597,2.14278540185074,1401.03692970176,TRUE,-0.0147332298726246,0.00201883930940187,2.68521131432445,2024-10-23 06:19:00,2024-10-23 06:23:59,35849.4812124623
"91","GWI","W","2","202411","GWI_W_2_202411",2024-11-14 11:57:34.5,NA,NA,NA,NA,NA,1298.12884702665,0.0738966076276544,0.00158047148366004,33886.7988369972,0.277724863456793,1.57855029051728e-136,0.883595372425811,2.25315182061369,1287.73980094701,0.889230120684334,2.20561345189265,1298.18070662857,TRUE,0.0735380698778421,0.00163684256569201,2.31647583419363,2024-11-14 11:55:00,2024-11-14 11:59:59,33886.202220249
"92","GWI","W","3","202404","GWI_W_3_202404",2024-04-24 13:06:34.5,1558.05356874209,0.142602661621961,6.13834149940899e-123,0.855357734581186,3.52710040040919,1239.78092472933,0.107701058350881,0.00142921214354531,35320.338902554,0.251145149735768,1.3478846921957e-191,0.951731861573544,2.0375134740267,1231.71026104097,0.953699687763254,2.00251326602584,1239.86693308293,TRUE,0.107894679499636,0.00148344103471915,2.09119168119412,2024-04-24 13:04:00,2024-04-24 13:08:59,35319.765799903
"93","GWI","W","3","202405","GWI_W_3_202405",2024-05-16 11:44:34.5,2186.10279946177,0.344856955328715,8.5550236394179e-122,0.852688664601285,10.415755569116,1341.23773322375,0.321752086282886,0.00170241677824915,33337.4205885526,0.299153431222235,5.06676294724639e-304,0.992001768454746,2.42699947642993,1329.21036776438,0.99243181192375,2.36909175735317,1341.37708450376,TRUE,0.321973496287409,0.0017345567563471,2.2687784829114,2024-05-16 11:42:00,2024-05-16 11:46:59,33343.8613632778
"94","GWI","W","3","202406","GWI_W_3_202406",2024-06-27 09:12:34.5,1995.33298051587,0.337604564012355,1.23392736767223e-143,0.896094792484835,7.49627430199982,1630.64668625414,0.272713600337687,0.00280395194010264,34099.4409671576,0.492718266514399,2.68922133823276e-222,0.970454245210877,3.99737007853189,1530.26479944107,0.979385338811348,3.35064286963066,1631.69384530618,TRUE,0.274246950185872,0.00287452595002559,4.19355641050779,2024-06-27 09:10:00,2024-06-27 09:14:59,34094.4403419027
"95","GWI","W","3","202407","GWI_W_3_202407",2024-07-25 07:21:34.5,NA,NA,NA,NA,NA,1260.89264217472,0.558801086536104,0.00148219316140574,33534.5095314043,0.260455122173242,0,0.997977872541958,2.11304427485693,1263.14292050529,0.997990036362236,2.11403250866149,1260.94017036827,TRUE,0.558485569664836,0.0015874226678843,2.13153939438868,2024-07-25 07:19:00,2024-07-25 07:23:59,33536.7404055926
"96","GWI","W","3","202408","GWI_W_3_202408",2024-08-22 11:53:34.5,2109.17238215818,0.74111785735812,1.3509535458306e-167,0.929156804865813,9.12192601642091,1834.27704732234,0.402332156886853,0.00398332404811564,34036.465268786,0.699960827388793,6.91373397998077e-227,0.97254484441239,5.67870659097357,1506.6079173477,0.991251630740703,3.21672737982399,1834.5630886464,TRUE,0.400220579035166,0.00425663785659633,6.03822900808265,2024-08-22 11:51:00,2024-08-22 11:55:59,34025.7254541049
"97","GWI","W","3","202409","GWI_W_3_202409",2024-09-26 09:33:34.5,NA,NA,NA,NA,NA,1288.04762751096,0.734041904433981,0.00155323801980454,32802.0779222041,0.272939323123468,0,0.99871214449926,2.21432724876786,1285.27727015609,0.998741862600783,2.19626883604039,1288.05317393517,TRUE,0.734007812383319,0.00160506481525923,2.26343115979265,2024-09-26 09:31:00,2024-09-26 09:35:59,32801.3429578395
"98","GWI","W","3","202410","GWI_W_3_202410",2024-10-23 06:29:34.5,NA,NA,NA,NA,NA,1371.58438409484,0.126541370461294,0.00179386173093303,35437.7881070818,0.315222393718875,9.24928708102267e-184,0.94528955946642,2.55736523358264,1260.45342282756,0.963216431199163,2.10425229585377,1371.59351219475,TRUE,0.126480812464852,0.00185171485837937,2.74429367603098,2024-10-23 06:27:00,2024-10-23 06:31:59,35439.138842816
"99","GWI","W","3","202411","GWI_W_3_202411",2024-11-14 12:06:34.5,1640.2779648259,0.131574964674158,1.60078223929443e-111,0.8264104993715,4.06430321396212,1248.14827046217,0.113485503586101,0.00144998005625971,33865.4270986014,0.25479454536392,4.07858545085273e-196,0.955096220808961,2.06712062659262,1250.96336990683,0.955279317234835,2.07010232817496,1248.17253959115,TRUE,0.113365432356861,0.00153812294299721,2.10420148629427,2024-11-14 12:04:00,2024-11-14 12:08:59,33865.0550919556
"100","GWI","W","4","202404","GWI_W_4_202404",2024-04-24 12:57:34.5,1972.32777425636,0.231395728793166,2.40423557404159e-126,0.863022787427932,7.20476050407508,1248.51789761256,0.230421128620489,0.00145090440593306,35321.7914230022,0.254956974670283,1.82940637521346e-282,0.988709987853272,2.06843839801141,1250.51706804546,0.988787614205913,2.06851002618691,1248.67687778843,TRUE,0.230416984635792,0.00151529410134458,1.93524860253008,2024-04-24 12:55:00,2024-04-24 12:59:59,35322.1268877563
"101","GWI","W","4","202405","GWI_W_4_202405",2024-05-16 11:38:34.5,NA,NA,NA,NA,NA,1340.44863227659,0.518143946405503,0.00170010218297255,33223.2819105214,0.298746704075433,0,0.996909012825581,2.42369974301786,1294.93852907397,0.997394131492039,2.23315923430139,1340.61535590685,TRUE,0.517662265298417,0.00174495436272078,2.30195771970866,2024-05-16 11:36:00,2024-05-16 11:40:59,33226.2516702455
"102","GWI","W","4","202406","GWI_W_4_202406",2024-06-27 09:22:34.5,NA,NA,NA,NA,NA,1503.47085329879,0.228130150665483,0.00225187038193228,34249.4343522745,0.395704953117055,2.98863652013758e-227,0.972704270027478,3.2103115451896,1495.15452685214,0.973839250219847,3.1538290184985,1503.49679719095,TRUE,0.228485266950519,0.00233661468955507,3.32171841425134,2024-06-27 09:20:00,2024-06-27 09:24:59,34247.5387690321
"103","GWI","W","4","202407","GWI_W_4_202407",2024-07-25 07:30:34.5,2249.04084965304,0.359147799537878,2.04780577470942e-122,0.854143198728635,11.6096134196101,1328.63252987447,0.360759293198997,0.00166581712121221,33904.8511562629,0.29272203726275,6.20546451176606e-321,0.993896859133296,2.37482227188104,1301.35741269563,0.994520804392706,2.25801096238917,1328.65983896149,TRUE,0.360899390291043,0.00164540134824785,2.36694048453137,2024-07-25 07:28:00,2024-07-25 07:32:59,33909.6786582206
"104","GWI","W","4","202408","GWI_W_4_202408",2024-08-22 12:06:34.5,2128.94037923422,0.765833218293566,4.68687832375436e-161,0.921349069328344,9.43818525159803,2109.52845685696,0.385600868461283,0.00640249689701315,34213.3504690758,1.12506463728642,3.04453510915251e-165,0.926441441805477,9.12752788590119,1644.24353990225,0.985416978404837,4.07824724202285,2114.40835945832,TRUE,0.39744610696368,0.00670698536698767,9.04624811923477,2024-08-22 12:04:00,2024-08-22 12:08:59,34196.7567964647
"105","GWI","W","4","202409","GWI_W_4_202409",2024-09-26 09:40:34.5,2538.16739830185,0.683443606448753,1.54948694208576e-134,0.879829823354083,19.1122128579361,1319.3679513826,0.655714063258536,0.00163941972883624,32707.1124888934,0.288083413745004,0,0.998202939699624,2.33718962029176,1250.20496523435,0.998603643974745,2.06739724320923,1319.40194577667,TRUE,0.655869041574684,0.00179724679901206,2.47086930387899,2024-09-26 09:38:00,2024-09-26 09:42:59,32705.9134304228
"106","GWI","W","4","202410","GWI_W_4_202410",2024-10-23 06:36:34.5,NA,NA,NA,NA,NA,1364.10547682783,0.158029609272289,0.00177087897595298,35562.2919004087,0.311183799821621,7.11175112417979e-212,0.96509688152651,2.52460055749618,1323.48312314525,0.970074648582635,2.34581314158081,1364.80085014288,TRUE,0.159028728068418,0.00174196262855993,2.1617944194171,2024-10-23 06:34:00,2024-10-23 06:38:59,35562.9038811144
"107","GWI","W","4","202411","GWI_W_4_202411",2024-11-14 12:14:34.5,1507.76748199835,0.145356908236352,2.13932475988839e-116,0.839417135670507,3.2341817765097,1240.03999483012,0.0929594803332542,0.00142985067602851,33862.1670139691,0.251257354447173,3.72750295210584e-174,0.93620901583212,2.03842377873129,1236.90079349127,0.937760245793954,2.0205145739471,1240.20094437062,TRUE,0.0929311690241552,0.00139736711596737,2.05777992682345,2024-11-14 12:12:00,2024-11-14 12:16:59,33862.2175390787
"108","GWI","W","5","202404","GWI_W_5_202404",2024-04-24 12:47:34.5,NA,NA,NA,NA,NA,1292.6016769179,0.288035394529486,0.00156548175339594,35139.8936074468,0.275090826187603,1.08303577685967e-300,0.991564366504972,2.23178216074683,1294.26782637372,0.991631982021307,2.23057833731097,1292.62852505178,TRUE,0.28826188478593,0.0016404723027959,2.1901300241476,2024-04-24 12:45:00,2024-04-24 12:49:59,35140.0278891811
"109","GWI","W","5","202405","GWI_W_5_202405",2024-05-16 11:31:34.5,2505.05915251149,0.586721976947618,5.94780324141577e-131,0.872745056177025,18.0517812651837,1283.82613031131,0.601817782222463,0.00154197390704747,33238.1311716731,0.270959961768479,0,0.998112894538027,2.19826890388244,1246.51893423832,0.998363425158828,2.05430012843886,1283.85650767028,TRUE,0.601929880860083,0.00155614351384693,2.24395703473899,2024-05-16 11:29:00,2024-05-16 11:33:59,33239.5160362878
"110","GWI","W","5","202406","GWI_W_5_202406",2024-06-27 09:30:34.5,2326.3386560929,0.541520732827831,1.14598401434865e-135,0.881982577810037,13.2646894758644,1404.56677405535,0.458507611356405,0.00189882804453343,33884.2236789494,0.33366736752171,0,0.995084917552731,2.70700731383339,1356.70760965086,0.995889750126066,2.48411310062555,1404.91530506244,TRUE,0.458129363447641,0.00202069667581165,2.66025414117401,2024-06-27 09:28:00,2024-06-27 09:32:59,33882.669580487
"111","GWI","W","5","202407","GWI_W_5_202407",2024-07-25 07:37:34.5,NA,NA,NA,NA,NA,1283.78552000128,0.598553284190146,0.00154186594524366,33473.8676318168,0.270940990418769,0,0.998092559925753,2.19811499137131,1282.82274584154,0.998124924259614,2.18699400056397,1283.92629859766,TRUE,0.598760856766222,0.00165425193633272,2.34521839095453,2024-07-25 07:35:00,2024-07-25 07:39:59,33474.7605025577
"112","GWI","W","5","202408","GWI_W_5_202408",2024-08-22 12:16:34.5,2170.46911498472,0.614122014729166,6.90170425353009e-163,0.923618913614843,10.1387527730802,1820.2155131882,0.431687722757304,0.0038879134841069,34011.9243596751,0.683195016593966,1.97120114083728e-238,0.977172543031285,5.54268737884312,1412.28499269969,0.994484766483958,2.73392626667612,1820.24205768277,TRUE,0.431119750614411,0.00396240379610702,7.05220593503634,2024-08-22 12:14:00,2024-08-22 12:18:59,34003.1787345565
"113","GWI","W","5","202409","GWI_W_5_202409",2024-09-26 09:47:34.5,2584.49476938464,0.763026168722475,2.80629580348728e-138,0.886806359569869,20.7014205824416,1458.38449903551,0.731602189669342,0.00208345184319342,32675.4718111621,0.366109977087166,0,0.997669783641546,2.97021070116439,1300.12279283975,0.998668324403667,2.25320954832563,1458.43624902682,TRUE,0.731821719075262,0.00220451862049314,2.93974730070398,2024-09-26 09:45:00,2024-09-26 09:49:59,32673.5693983685
"114","GWI","W","5","202410","GWI_W_5_202410",2024-10-23 06:43:34.5,NA,NA,NA,NA,NA,1288.61813413616,0.321235932631057,0.0015547665862493,35614.13004219,0.273207927088517,4.36085199436917e-315,0.99329876966726,2.21650640372482,1258.73966065815,0.994037625433352,2.09804390704553,1288.67205089878,TRUE,0.321287196180042,0.00161449786812569,2.32520716984585,2024-10-23 06:41:00,2024-10-23 06:45:59,35617.1562512938
"115","GWI","W","5","202411","GWI_W_5_202411",2024-11-14 12:23:34.5,1482.54386244294,0.21420168651951,6.20937105311558e-146,0.899842483889399,3.09654498285916,1344.46365498722,0.112792332833183,0.00171191188925089,33861.0840017474,0.300821938647853,1.01670484454318e-175,0.93778441933212,2.4405358969612,1244.90450587612,0.956467623558896,2.04858994066483,1344.48021667748,TRUE,0.112573012114267,0.00181093707621052,2.40925603687432,2024-11-14 12:21:00,2024-11-14 12:25:59,33859.6737912152
"116","MSM","TR","1","202404","MSM_TR_1_202404",2024-04-11 11:53:34.5,2153.51856046983,0.841958512639347,2.23800840430239e-175,0.93744266430791,9.84673468264419,1956.71870399454,0.46115017316628,0.00491957902735122,34136.0395470434,0.864482167354249,7.99950695933743e-218,0.96826363092932,7.01345045243069,1516.56772596164,0.993138622551107,3.27244229349436,1957.10433744912,TRUE,0.458340541705649,0.00476551886638657,7.03334484608728,2024-04-11 11:51:00,2024-04-11 11:55:59,34125.8292881338
"117","MSM","TR","1","202405","MSM_TR_1_202405",2024-05-21 11:56:34.5,2220.59257474244,0.305819959888363,7.18956288690333e-125,0.859753916862323,11.0539159314142,2184.13214308904,0.328923842066059,0.00728134137225723,69337.0813393188,1.27949764313964,9.77034973957623e-133,0.876323041864109,10.3804261823303,2114.95670257066,0.903904365849476,9.18196943442147,2185.3357271312,TRUE,0.326463256151672,0.00767723332512967,9.94441955330982,2024-05-21 11:54:00,2024-05-21 11:58:59,69325.1649082803
"118","MSM","TR","1","202406","MSM_TR_1_202406",2024-06-18 07:32:34.5,3350.36486518088,4.43596320933546,1.49816971739459e-157,0.916817010789626,77.5302364098081,2676.97027500776,3.18689355466921,0.0170310136914192,66671.2293832977,2.99273729446015,8.73536081612923e-303,0.99184205287607,24.2797544292624,1944.320789136,0.999356721859604,6.84173850141863,2677.63548480845,TRUE,3.17767930851618,0.0174591003583795,29.0108087826951,2024-06-18 07:30:00,2024-06-18 07:34:59,66609.5359730372
"119","MSM","TR","1","202407","MSM_TR_1_202407",2024-07-18 11:24:34.5,NA,NA,NA,NA,NA,1938.0788654588,0.22284084378674,0.00476398884823256,66264.7062842357,0.83714142650717,1.41529172740733e-136,0.883683549230127,6.79163797496733,1856.18637099137,0.913500945324085,5.87723241191364,1938.13304725821,TRUE,0.221812301059345,0.00507714419122693,7.48061109522483,2024-07-18 11:22:00,2024-07-18 11:26:59,66281.0060265345
"120","MSM","TR","1","202408","MSM_TR_1_202408",2024-08-15 10:53:34.5,NA,NA,NA,NA,NA,1741.38442564361,0.770071302208038,0.00339382283554375,66861.774965957,0.596372027804759,0,0.994437290936752,4.83830184840623,1714.12817209675,0.99500566112219,4.60046802889884,1741.50227455137,TRUE,0.768965822653544,0.00328607373024935,4.71672494646142,2024-08-15 10:51:00,2024-08-15 10:55:59,66864.4789089687
"121","MSM","TR","1","202409","MSM_TR_1_202409",2024-09-12 10:32:34.5,NA,NA,NA,NA,NA,1645.2845409102,1.21706257356346,0.00287561771828161,68390.0830019252,0.505311577222661,0,0.998394792125347,4.09953824812499,1646.50449777847,0.998410106696146,4.09417610541647,1645.53253660762,TRUE,1.21676277805334,0.00300539699327142,3.60928804674155,2024-09-12 10:30:00,2024-09-12 10:34:59,68392.7585323289
"122","MSM","TR","1","202410","MSM_TR_1_202410",2024-10-17 11:05:34.5,NA,NA,NA,NA,NA,2799.27493983878,0.0894971196554334,0.021029077619845,69232.2397931064,3.69528825478638,2.82006264484023e-05,0.0591693294582204,29.9794744890014,2190.0256632348,0.886465074963806,10.4507208771132,2803.66898051268,TRUE,0.103472540962497,0.0207313729132326,27.2055091084384,2024-10-17 11:03:00,2024-10-17 11:07:59,69161.7524956694
"123","MSM","TR","1","202411","MSM_TR_1_202411",2024-11-21 11:30:34.5,2491.04327208361,0.502750209788932,6.22265563180642e-123,0.855344038888752,17.6207829333906,1725.31090377133,0.548652414381274,0.00330106121604066,69084.7641659674,0.580071696937119,4.29141231474463e-288,0.989681877670301,4.70605902464933,1722.80726949022,0.989910699825898,4.66982690066629,1725.33135467702,TRUE,0.548876013084589,0.00327835796287303,4.46462403396791,2024-11-21 11:28:00,2024-11-21 11:32:59,69089.4958748421
"124","MSM","TR","2","202404","MSM_TR_2_202404",2024-04-11 12:31:34.5,NA,NA,NA,NA,NA,1344.40600742802,-0.0130596024610795,0.00171174174677201,33872.4634930745,0.300792040736248,3.46642687736956e-13,0.168130383463444,2.44029333843357,1313.85565819973,0.261562415082923,2.30719619696058,1344.47199762586,TRUE,-0.0130326753316951,0.00178682669393974,2.48589553438294,2024-04-11 12:29:00,2024-04-11 12:33:59,33869.9892380048
"125","MSM","TR","2","202405","MSM_TR_2_202405",2024-05-21 11:46:34.5,NA,NA,NA,NA,NA,1645.53417958157,-0.0172320304289478,0.00287685568362208,34485.3117696907,0.505529115949997,6.24890012116599e-09,0.110778214196082,4.10130311632386,1384.74864335885,0.643157999186549,2.60716208112669,1647.31579307082,TRUE,-0.0206370508885024,0.00291691093190409,3.95470531432512,2024-05-21 11:44:00,2024-05-21 11:48:59,34489.2399380913
"126","MSM","TR","2","202406","MSM_TR_2_202406",2024-06-18 07:45:34.5,NA,NA,NA,NA,NA,1588.45680250194,0.0100377029760769,0.00260723076993216,33166.5208728168,0.458149873038462,0.000145596163800502,0.0489465592798688,3.71692043593763,1319.25719483535,0.629259394114249,2.32878346679389,1588.51034741166,TRUE,0.00947024797879271,0.00280811093878148,3.85821265048089,2024-06-18 07:43:00,2024-06-18 07:47:59,33158.4598979256
"127","MSM","TR","2","202407","MSM_TR_2_202407",2024-07-18 11:32:34.5,1912.39624579411,0.25992060122304,6.04480962673686e-140,0.889782036717583,6.4974628320638,1468.25026455351,0.230182825573096,0.00211919436244326,33262.8965746506,0.372390752400666,9.58240208293743e-236,0.976170554465946,3.02116595290647,1285.57721852439,0.987481320804257,2.19740493539314,1469.39846416661,TRUE,0.232211066866455,0.00214888313724327,3.04768565875015,2024-07-18 11:30:00,2024-07-18 11:34:59,33259.4068185067
"128","MSM","TR","2","202408","MSM_TR_2_202408",2024-08-15 11:05:34.5,NA,NA,NA,NA,NA,1241.52058753369,0.19212929715912,0.00143350538446704,33448.9591341553,0.251899570021804,1.58915356220404e-261,0.98422038822578,2.04363400432361,1236.35737825772,0.98471118616114,2.01862239429331,1241.53382035854,TRUE,0.192173704024698,0.00148441761686226,2.20018187780651,2024-08-15 11:03:00,2024-08-15 11:07:59,33453.185865314
"129","MSM","TR","2","202409","MSM_TR_2_202409",2024-09-12 10:43:34.5,NA,NA,NA,NA,NA,1459.80495005705,0.0157790031434093,0.00208856058142481,34115.5851949513,0.367007698838185,5.5957536376042e-13,0.165404881888176,2.97749382076894,1284.35933628572,0.550485217350044,2.19279567213491,1462.20504623382,TRUE,0.0127011339252917,0.00213883562638114,2.66784349916419,2024-09-12 10:41:00,2024-09-12 10:45:59,34107.9770333285
"130","MSM","TR","2","202410","MSM_TR_2_202410",2024-10-17 11:15:34.5,2353.59557494665,0.578688032197175,2.06750565477636e-146,0.900604175917341,13.9029391261876,1649.85752845535,0.522636969253545,0.00289838003122104,34575.903567052,0.509311434428832,3.41900924492292e-298,0.991220432185243,4.13198865762057,1431.78208258968,0.995917743974323,2.82739117762929,1650.22496560453,TRUE,0.520886635030225,0.00314155932830202,4.17635329854965,2024-10-17 11:13:00,2024-10-17 11:17:59,34572.9765542201
"131","MSM","TR","2","202411","MSM_TR_2_202411",2024-11-21 12:23:34.5,NA,NA,NA,NA,NA,1470.74127260756,-0.00294959939430842,0.00212831553926308,34427.7156023646,0.373993551067418,0.166854349489145,0.006624831716662,3.03416928537415,1403.32249569472,0.223468847320309,2.69200478122257,1470.8689044172,TRUE,-0.00262864381227788,0.00230264165561968,3.04212594130578,2024-11-21 12:21:00,2024-11-21 12:25:59,34422.8328068854
"132","MSM","TR","3","202404","MSM_TR_3_202404",2024-04-11 12:21:34.5,1899.23181333027,0.320045780995028,8.86356287220096e-157,0.915784064875755,6.35164903550491,1422.87358029518,0.258413123735007,0.00195971751181284,33827.9478103636,0.344367034779843,1.60578488904011e-259,0.98370644615558,2.79381255864495,1244.28675199471,0.991318799659684,2.04640916363732,1426.39003336006,TRUE,0.255244711416873,0.00185624384480018,2.61125011472526,2024-04-11 12:19:00,2024-04-11 12:23:59,33821.3175189813
"133","MSM","TR","3","202405","MSM_TR_3_202405",2024-05-21 12:05:34.5,2157.61430019444,0.393416206273413,5.02579416803674e-134,0.878844328110562,9.9165146732522,1429.07638120779,0.337470433796474,0.0019807881490141,34417.1521919563,0.348069626000353,3.68579665765932e-291,0.990175526754732,2.82385128130608,1359.73120695287,0.992370959005349,2.49709684099735,1429.21823492564,TRUE,0.338162414873344,0.00198840554210079,2.42783166205207,2024-05-21 12:03:00,2024-05-21 12:07:59,34416.1660940102
"134","MSM","TR","3","202406","MSM_TR_3_202406",2024-06-18 07:53:34.5,NA,NA,NA,NA,NA,1708.19777707032,1.00441718712117,0.00320508498541445,33146.3750809867,0.563206485624332,0,0.997076038865257,4.56923338685275,1373.57353380886,0.999090382005948,2.55740960785098,1710.04042987495,TRUE,1.00741790817693,0.00318786350480411,4.73156654527724,2024-06-18 07:51:00,2024-06-18 07:55:59,33158.9827796159
"135","MSM","TR","3","202407","MSM_TR_3_202407",2024-07-18 11:41:34.5,2320.69619262401,0.529292777881317,7.81439683269786e-130,0.870449720368111,13.1362711302545,1467.42920373145,0.432968709167727,0.00211619650647097,33295.889373577,0.371863960776031,7.2064383926862e-314,0.993166963867035,3.01689214935371,1446.5598534985,0.993728517790983,2.90035561835628,1467.44188523424,TRUE,0.432836633484337,0.00223937218912351,3.10182899735154,2024-07-18 11:39:00,2024-07-18 11:43:59,33296.998836761
"136","MSM","TR","3","202408","MSM_TR_3_202408",2024-08-15 11:15:34.5,NA,NA,NA,NA,NA,1193.18188088436,0.29198161704316,0.00131887640374668,33316.0533326499,0.231756645364264,9.88131291682493e-324,0.994158220325183,1.88021663218155,1192.60271604307,0.994249738881653,1.87194167855103,1193.32504074797,TRUE,0.292436420722171,0.00135120112194595,2.08795875906859,2024-08-15 11:13:00,2024-08-15 11:17:59,33316.8515540111
"137","MSM","TR","3","202409","MSM_TR_3_202409",2024-09-12 10:52:34.5,NA,NA,NA,NA,NA,1290.08066689579,0.118051585702511,0.00155869204558723,34003.8780928574,0.273897719767412,3.38540867072796e-192,0.952192688818756,2.22210261722531,1284.05136430518,0.953817784441924,2.19163163702266,1290.31634653597,TRUE,0.117688083546695,0.00164334946010753,2.2149511641332,2024-09-12 10:50:00,2024-09-12 10:54:59,34004.0674739408
"138","MSM","TR","3","202410","MSM_TR_3_202410",2024-10-17 11:23:34.5,1614.88977824809,0.373453601744278,1.49707899403823e-167,0.929106272600238,3.89023505692225,1501.78358960613,0.169700572013149,0.00224532904059344,34931.9819697546,0.39455549034665,6.00737214912768e-192,0.95200193880169,3.20098607788491,1302.76370383262,0.976166502556308,2.26349246849747,1502.28200966307,TRUE,0.168278522764209,0.0022968166624957,3.317500473407,2024-10-17 11:21:00,2024-10-17 11:25:59,34926.9176422794
"139","MSM","TR","3","202411","MSM_TR_3_202411",2024-11-21 12:08:34.5,NA,NA,NA,NA,NA,1354.83414220903,0.0438423180717706,0.0017427964184753,34385.2749041923,0.30624905438544,1.15518613362523e-74,0.687241973247265,2.48456550076628,1313.79594124296,0.732230731078558,2.30695865964522,1354.93275497392,TRUE,0.0443838369804381,0.00184569504802363,2.39999373799331,2024-11-21 12:06:00,2024-11-21 12:10:59,34386.8926531041
"140","MSM","TR","4","202404","MSM_TR_4_202404",2024-04-11 12:12:34.5,1851.41131487993,0.38262943015087,2.3625493684253e-161,0.921722223584228,5.84896857984967,1501.26402300769,0.245929268976235,0.00224331856541045,33850.2833689995,0.394202204032121,7.10829017376253e-237,0.97659711554976,3.19811990417302,1300.88816042917,0.988433477570301,2.25618484471833,1506.21182105419,TRUE,0.241691185339388,0.00218215697392767,2.98412042922008,2024-04-11 12:10:00,2024-04-11 12:14:59,33842.0929723279
"141","MSM","TR","4","202405","MSM_TR_4_202405",2024-05-21 12:12:34.5,NA,NA,NA,NA,NA,1557.06023090829,0.457685621629398,0.0024698480496559,34198.0209694073,0.434008597713653,1.41100294184552e-301,0.991682912883854,3.52106487668738,1445.03038078377,0.994425463606145,2.89271739252003,1557.57101457935,TRUE,0.459383697814234,0.00251636167285254,3.59316045461976,2024-05-21 12:10:00,2024-05-21 12:14:59,34202.0299555385
"142","MSM","TR","4","202406","MSM_TR_4_202406",2024-06-18 08:01:34.5,1310.62921370703,0.166634895117231,8.31150163302606e-109,0.818713260294222,2.30223963042747,1333.92677060736,0.0576986913819099,0.00168109231191847,33092.6402862028,0.295406236438144,8.86779332533586e-104,0.80354834350318,2.39659888987502,1253.27116151529,0.85328374480496,2.07835557274457,1334.10459967708,TRUE,0.0576189061250447,0.00173254437868662,2.31001130367321,2024-06-18 07:59:00,2024-06-18 08:03:59,33091.0529840219
"143","MSM","TR","4","202407","MSM_TR_4_202407",2024-07-18 12:23:34.5,2086.10586488103,0.328033358762548,6.05160687232459e-112,0.8275783468028,8.7662674409741,1543.46460734327,0.247953162026048,0.00241262628772656,33207.6893831888,0.423953429883747,5.3269344193759e-229,0.973456996300889,3.43948838612569,1450.23858390584,0.981017755371474,2.91880998878635,1543.50127302927,TRUE,0.24761845153533,0.00256017230704793,3.30781275886086,2024-07-18 12:21:00,2024-07-18 12:25:59,33205.4734150212
"144","MSM","TR","4","202408","MSM_TR_4_202408",2024-08-15 11:22:34.5,2934.18902686912,1.4005695811134,8.7797465647416e-134,0.878374278077213,37.8307951963451,1704.88147420246,1.29016119112858,0.00318681135918305,33548.2823058447,0.559995392983658,0,0.998245898227751,4.54318213908386,1519.36297902603,0.999087488998463,3.28825157292458,1704.89748779828,TRUE,1.29054526846632,0.00341348216515018,5.16250367439643,2024-08-15 11:20:00,2024-08-15 11:24:59,33547.7502811666
"145","MSM","TR","4","202409","MSM_TR_4_202409",2024-09-12 11:00:34.5,NA,NA,NA,NA,NA,3528.96209865657,7.62072076772321,0.0739942536530753,33884.96600394,13.0024769221385,2.94403870574223e-229,0.973566065719136,105.487690892903,2333.84075473615,0.9995769447999,13.3916049425361,3531.45822338537,TRUE,7.72035424729971,0.0727573756340671,127.448633639688,2024-09-12 10:58:00,2024-09-12 11:02:59,34212.6378202166
"146","MSM","TR","4","202410","MSM_TR_4_202410",2024-10-17 11:30:34.5,3353.21427159317,5.20981124165847,1.70569425932088e-168,0.93016735003666,77.9120617462552,2853.76843024355,3.48771935344784,0.0231006423002534,35906.1446998425,4.05930938642742,3.26338847250403e-276,0.987523153761198,32.9327386126742,1684.56726901094,0.999781647952041,4.37187058692025,2856.12038022992,TRUE,3.45749787202989,0.0226373761556394,39.0271025836604,2024-10-17 11:28:00,2024-10-17 11:32:59,35800.3245809789
"147","MSM","TR","4","202411","MSM_TR_4_202411",2024-11-21 11:57:34.745704,NA,NA,NA,NA,NA,1433.86316669207,0.0184242238691561,0.00197787741567297,34475.9661294887,0.347948536846478,3.21891389604247e-18,0.230916641496959,2.82323360077478,1363.79586281018,0.403742545314211,2.49450851647876,1433.87749861711,TRUE,0.0183388009105337,0.00199768144495855,2.70245538168167,2024-11-21 11:55:00,2024-11-21 11:59:59,34472.7810826451
"148","MSM","TR","5","202404","MSM_TR_5_202404",2024-04-11 12:02:34.5,NA,NA,NA,NA,NA,1281.2356795608,0.031736797660351,0.00153510235423702,33830.3663054117,0.269752473315983,7.56354070236583e-59,0.597437433722618,2.1884726804862,1285.09018524857,0.597639350528113,2.19556052140068,1281.27043201097,TRUE,0.0320189359859679,0.00156663535559523,2.18693965805591,2024-04-11 12:00:00,2024-04-11 12:04:59,33829.6251505726
"149","MSM","TR","5","202405","MSM_TR_5_202405",2024-05-21 12:19:34.5,NA,NA,NA,NA,NA,1924.9863089145,0.500665381382172,0.0046576542300923,34171.775172091,0.818456010408841,1.78859993416029e-234,0.97568132856296,6.64004521234302,1586.95101050785,0.992523144142418,3.69465461151651,1927.43306974327,TRUE,0.504790785113743,0.00456432318725749,6.31932999706881,2024-05-21 12:17:00,2024-05-21 12:21:59,34194.9612264094
"150","MSM","TR","5","202406","MSM_TR_5_202406",2024-06-18 08:08:34.5,NA,NA,NA,NA,NA,1324.27834687583,0.45306243707208,0.00165335830282793,33085.7061276243,0.290532738898066,0,0.996179256966806,2.35706073071092,1268.28199932036,0.996893300346901,2.13284708293172,1324.4380640516,TRUE,0.453554432902087,0.00171957151454777,2.51027340798261,2024-06-18 08:06:00,2024-06-18 08:10:59,33090.4155667181
"151","MSM","TR","5","202407","MSM_TR_5_202407",2024-07-18 12:31:34.5,1490.94566658617,0.142271272793048,3.76037349462229e-99,0.788474751220996,3.1417275930906,1377.44569843366,0.0752776259645851,0.00181208189403867,33108.2863840388,0.318424091669766,1.20519966327474e-123,0.856982761720325,2.58334026324802,1379.16932050901,0.858100992276487,2.58220266900327,1377.59880186848,TRUE,0.0748045582079645,0.00182330808777399,2.40741472875183,2024-07-18 12:29:00,2024-07-18 12:33:59,33102.8015180609
"152","MSM","TR","5","202408","MSM_TR_5_202408",2024-08-15 11:34:34.5,NA,NA,NA,NA,NA,1343.05836963768,0.33397841810585,0.00170776910885796,33519.3807547601,0.300093957706184,2.92097870244835e-308,0.992525952397594,2.43462986620948,1298.1806785857,0.993685219871468,2.24567735503375,1343.06247484761,TRUE,0.334029251507097,0.00182025437894855,2.40072193247312,2024-08-15 11:32:00,2024-08-15 11:36:59,33522.0939405339
"153","MSM","TR","5","202409","MSM_TR_5_202409",2024-09-12 11:07:34.5,NA,NA,NA,NA,NA,1260.7868398687,0.0312182850539925,0.00148192280769542,33906.1318670934,0.260407614864152,2.89266643143696e-60,0.606438650534739,2.11265885318948,1263.35402451516,0.608378340159669,2.11480209825866,1260.80569633696,TRUE,0.0312923306317425,0.00153334741543885,2.24651405546664,2024-09-12 11:05:00,2024-09-12 11:09:59,33906.089674349
"154","MSM","TR","5","202410","MSM_TR_5_202410",2024-10-17 11:37:34.5,1552.89892728467,0.196601305363411,1.18267419596268e-141,0.892751145745621,3.49589283677008,1385.93594627626,0.123182115067162,0.00183880289681921,34897.4104587637,0.323119580911666,1.13843486453837e-177,0.939694852945929,2.62143426031539,1333.5345873259,0.950353394832264,2.38682064890361,1386.24632360244,TRUE,0.122461931229688,0.00194293553314611,2.81032760529354,2024-10-17 11:35:00,2024-10-17 11:39:59,34891.51224011
"155","MSM","TR","5","202411","MSM_TR_5_202411",2024-11-21 11:39:34.5,1536.45963574644,-0.132266606571248,2.01108257157431e-35,0.415258479548122,3.39819768397711,1573.76574489019,-0.0306175838749554,0.00254202050877596,34535.3577777132,0.446690943812073,2.47906243117755e-27,0.334983628017332,3.62395538078426,1521.79165410565,0.451713723057598,3.30204957013688,1574.66285637044,TRUE,-0.0319547805941837,0.00256205305797682,3.50961157896999,2024-11-21 11:37:00,2024-11-21 11:41:59,34537.674980295
"156","MSM","W","1","202404","MSM_W_1_202404",2024-04-11 11:00:34.5,1810.15591563479,0.17463271896681,3.11172531271045e-120,0.848968207751964,5.44738314163138,1345.40647178462,0.164300669752591,0.00171469694412577,34073.6164931267,0.301311336269287,1.74303824820599e-220,0.969585907496118,2.44450632700484,1340.29046521809,0.97052708916175,2.41478504111266,1345.4624989344,TRUE,0.164029906506448,0.0017978834832434,2.46811224597511,2024-04-11 10:58:00,2024-04-11 11:02:59,34072.1712208021
"157","MSM","W","1","202405","MSM_W_1_202405",2024-05-21 11:12:34.5,2116.60251229565,0.270342220474651,6.08741840937773e-119,0.84581891614063,9.23953479018204,1315.04614081466,0.278744373982185,0.00162724916089903,34426.0658060651,0.28594476755398,7.85381367081929e-292,0.99028044055388,2.31983901473568,1298.44530481257,0.990946939046361,2.24670218384964,1315.08794827557,TRUE,0.278787246678387,0.00169898398026757,2.57471709573644,2024-05-21 11:10:00,2024-05-21 11:14:59,34429.8763501866
"158","MSM","W","1","202406","MSM_W_1_202406",2024-06-18 07:10:34.5,2307.86185852497,0.426641832505465,4.46865228985481e-125,0.86021604086277,12.848782123933,1316.28922592427,0.408159346090006,0.00163074050304405,33144.8226980514,0.286558275947222,0,0.995423739832608,2.32481634206601,1311.07396693183,0.995566872344101,2.29615733164287,1316.29839109473,TRUE,0.408254906741077,0.00169348011955041,2.3146800032363,2024-06-18 07:08:00,2024-06-18 07:12:59,33146.1697192113
"159","MSM","W","1","202407","MSM_W_1_202407",2024-07-18 10:22:34.5,2316.99292897426,0.479667431765103,5.64520036128516e-132,0.87480808845136,13.052664059366,1337.91522378001,0.438199938239202,0.00169269242347485,33395.3613202234,0.297444640440612,0,0.995721006431379,2.41313624138234,1262.45877631064,0.996746504084518,2.11154035279336,1338.35048912036,TRUE,0.437987904686429,0.00170923979180858,2.18801855021415,2024-07-18 10:20:00,2024-07-18 10:24:59,33393.8629426028
"160","MSM","W","1","202408","MSM_W_1_202408",2024-08-15 10:19:34.5,2582.48079214195,0.755793596414536,1.28482333129112e-131,0.874091412900233,20.6296621545019,1363.53864127576,0.691429409075753,0.00176914913661692,34020.4213314851,0.310879827621948,0,0.998118052117151,2.52213446387178,1352.73447507461,0.998211712426014,2.46715450098969,1363.55386425331,TRUE,0.691301172359738,0.00181519798522689,2.73600854334274,2024-08-15 10:17:00,2024-08-15 10:21:59,34019.1728002643
"161","MSM","W","1","202409","MSM_W_1_202409",2024-09-12 10:10:34.5,1987.24771638812,0.268750865836841,3.61972749017442e-129,0.869063886427316,7.39250039973708,1306.53698548966,0.241667335711073,0.00160355012652447,34413.8102973574,0.281780307040911,5.44624480816458e-276,0.987478700688194,2.28605319638977,1302.29368196066,0.987829609974418,2.26165891676592,1306.56655372776,TRUE,0.24192527719077,0.00163286402267235,2.4102037319734,2024-09-12 10:08:00,2024-09-12 10:12:59,34410.2787387149
"162","MSM","W","1","202410","MSM_W_1_202410",2024-10-17 10:07:34.5,2402.26387011945,0.794942592163665,2.25895912103853e-144,0.897312248899477,15.1198903608422,1618.28542655688,0.559735803645872,0.00274482497773946,35004.9186823764,0.482328311542924,1.85073440363952e-313,0.99312206199971,3.91307749605047,1352.19881920558,0.997289899364791,2.46487702560549,1622.93800324774,TRUE,0.564541438225617,0.00250866460015934,3.17393492595551,2024-10-17 10:05:00,2024-10-17 10:09:59,34999.1404509917
"163","MSM","W","1","202411","MSM_W_1_202411",2024-11-21 10:26:34.5,NA,NA,NA,NA,NA,1376.15551395897,0.0666032586310146,0.00180805547756697,34820.3233609579,0.317716558521346,5.48838361616804e-111,0.824919889910145,2.5776001232344,1237.53159463915,0.892934904057167,2.02271325714157,1376.2162831965,TRUE,0.0661707339669555,0.00182098145844384,2.65247520151976,2024-11-21 10:24:00,2024-11-21 10:28:59,34823.1102581339
"164","MSM","W","2","202404","MSM_W_2_202404",2024-04-11 11:10:34.5,2336.38539433455,0.431489454474134,6.14262852314074e-130,0.870665989197875,13.4964615073207,1353.13939168486,0.445766796517125,0.00173771142856038,34010.4098393544,0.30535550575492,0,0.995642515977714,2.47731623723761,1330.57851905846,0.996023883394368,2.37468676055029,1353.14913569987,TRUE,0.445897713105803,0.00176256030574311,2.41919297745675,2024-04-11 11:08:00,2024-04-11 11:12:59,34011.9276281182
"165","MSM","W","2","202405","MSM_W_2_202405",2024-05-21 11:05:34.5,NA,NA,NA,NA,NA,1660.96372736148,0.475275275052373,0.00295441478750461,34446.1119971916,0.519158018311287,4.67953543298267e-284,0.988993771189541,4.21187292914541,1298.30955587481,0.996891511364528,2.24617640497626,1661.23645304887,TRUE,0.475790509939925,0.00310210769811706,4.73114244258466,2024-05-21 11:03:00,2024-05-21 11:07:59,34455.9925682665
"166","MSM","W","2","202406","MSM_W_2_202406",2024-06-18 07:03:34.5,NA,NA,NA,NA,NA,1302.92027494271,0.697223537444833,0.0015935819679917,33145.1545804053,0.280028674381892,0,0.998497742748507,2.27184238981814,1303.93641651775,0.998513120476547,2.26807369549195,1302.97760652785,TRUE,0.697451862383358,0.00163344460270343,2.22853238390056,2024-06-18 07:01:00,2024-06-18 07:05:59,33147.2934890335
"167","MSM","W","2","202407","MSM_W_2_202407",2024-07-18 10:30:34.5,2570.24057172633,0.750333229985383,4.22713788256574e-134,0.878989775830739,20.1988590922124,1573.550599892,0.689860687112833,0.00254107774743752,33191.9923850141,0.446525279156496,0,0.996107650081299,3.62261136132673,1520.363114817,0.996804272239183,3.29392663359322,1577.660263385,TRUE,0.684934341207541,0.00211335051738141,2.95437309013168,2024-07-18 10:28:00,2024-07-18 10:32:59,33184.8897492967
"168","MSM","W","2","202408","MSM_W_2_202408",2024-08-15 10:11:34.5,2504.83085559815,0.56404884698857,1.62158820649149e-127,0.865562470641063,18.0446772048862,1250.33273809802,0.585322166831321,0.00145545144728133,33927.8558396313,0.255755993476151,0,0.99822243571532,2.07492075128269,1247.36594558391,0.998264630037804,2.05730234682347,1250.4469445791,TRUE,0.585120602996678,0.0014700564258687,2.2644007596501,2024-08-15 10:09:00,2024-08-15 10:13:59,33931.0387301049
"169","MSM","W","2","202409","MSM_W_2_202409",2024-09-12 10:03:34.5,2430.36599734547,0.522652830246811,1.11911224682552e-129,0.870126369580899,15.8705162343084,1277.05201817425,0.523592951720986,0.00152406917981514,34479.1257925479,0.267813693090277,0,0.997565802463981,2.17274356591955,1279.21732810172,0.997581153845675,2.17344129354797,1277.06716423794,TRUE,0.523576025442227,0.00152397749259237,2.09944473484712,2024-09-12 10:01:00,2024-09-12 10:05:59,34480.6314575655
"170","MSM","W","2","202410","MSM_W_2_202410",2024-10-17 10:17:34.5,NA,NA,NA,NA,NA,1951.85294686479,0.49709914362433,0.00487848015088972,34564.0674574615,0.857260157990902,5.88268199376983e-228,0.973010607009099,6.95485907050335,1718.8336105783,0.98808097479167,4.63794262767789,1952.19973218242,TRUE,0.494564503055642,0.00521248596174283,6.41153914960563,2024-10-17 10:15:00,2024-10-17 10:19:59,34572.7405517108
"171","MSM","W","2","202411","MSM_W_2_202411",2024-11-21 10:37:34.5,2009.23431851008,0.273853775863441,2.74106296788557e-132,0.875434306571159,7.67811413379816,1317.90432475258,0.257477739576664,0.0016352878782192,34962.381319259,0.287357353414082,2.12151793535809e-281,0.988516207372202,2.33129917124758,1251.39446037443,0.990994826538562,2.07164152318476,1318.0474904919,TRUE,0.257293725916348,0.00167945682800901,2.35286133700491,2024-11-21 10:35:00,2024-11-21 10:39:59,34961.8152468458
"172","MSM","W","3","202404","MSM_W_3_202404",2024-04-11 11:19:34.5,2416.97153981051,0.573930128386565,7.37057006608628e-135,0.880447993476915,15.5082039445808,1372.40247071381,0.533048125612981,0.00179639374772509,34002.0986588124,0.315667326781647,0,0.996739797954847,2.56097492746441,1306.71788363329,0.997436182160979,2.27897666688567,1372.48424867382,TRUE,0.533048062694906,0.00186519735698203,2.60517921794063,2024-04-11 11:17:00,2024-04-11 11:21:59,34003.9788643246
"173","MSM","W","3","202405","MSM_W_3_202405",2024-05-21 10:58:34.5,NA,NA,NA,NA,NA,1397.70916616352,0.711786223569833,0.0018765095246118,34467.3246051075,0.329745494864166,0,0.99800231767254,2.67518958455783,1370.62058785891,0.998205393678897,2.54442219318595,1397.85283626003,TRUE,0.712482521658064,0.00194963934956352,2.65732327791186,2024-05-21 10:56:00,2024-05-21 11:00:59,34475.5497449102
"174","MSM","W","3","202406","MSM_W_3_202406",2024-06-18 06:56:34.5,NA,NA,NA,NA,NA,1350.64926463093,0.882620444878542,0.00173026686536447,33150.9189623329,0.30404732631704,0,0.998894419702284,2.46670311875243,1344.98877627483,0.998930642153761,2.43442553688228,1350.72256944912,TRUE,0.882315442792435,0.00173536534188998,2.12580953395513,2024-06-18 06:54:00,2024-06-18 06:58:59,33155.395157582
"175","MSM","W","3","202407","MSM_W_3_202407",2024-07-18 10:44:34.5,2923.54879872742,1.39761100123432,2.31859177757892e-136,0.883284320147074,37.1431080729525,1548.59188222864,1.29355463115802,0.00243404876483258,33057.3580160462,0.427717847395031,0,0.998981317481296,3.47002869880612,1377.20996277211,0.999443592920601,2.57349418201438,1550.37313913291,TRUE,1.29060738291999,0.00230056507583773,3.3008560626547,2024-07-18 10:42:00,2024-07-18 10:46:59,33048.2018958926
"176","MSM","W","3","202408","MSM_W_3_202408",2024-08-15 10:02:34.5,2780.83307433813,0.993419452623667,1.49906299507698e-132,0.87595501618603,29.0412328908071,1379.15807200094,0.981077666107424,0.00181743973229758,34035.9272904345,0.319365585973373,0,0.999012637274984,2.59097850484392,1333.28381065372,0.999168644698097,2.3857888738044,1379.17345642932,TRUE,0.981046135126058,0.00191930129124547,2.76318470692795,2024-08-15 10:00:00,2024-08-15 10:04:59,34034.8867420468
"177","MSM","W","3","202409","MSM_W_3_202409",2024-09-12 09:55:34.5,2861.65859670423,1.17676339657925,4.24616798079288e-134,0.878986002896073,33.3838080288921,1363.2747081263,1.14198558194849,0.00176834425579266,34509.6222444469,0.310738391715429,0,0.999309911050682,2.52098700963845,1240.06534082888,0.999554958511388,2.03156886536852,1363.34480614911,TRUE,1.14168149617763,0.00183071766730179,2.66153648688536,2024-09-12 09:53:00,2024-09-12 09:57:59,34507.4879643424
"178","MSM","W","3","202410","MSM_W_3_202410",2024-10-17 10:24:34.5,2941.51786870436,3.87433751357894,1.18918810087819e-190,0.950996619138715,38.311855557902,2858.0793195275,2.02200330448854,0.0232729790476855,34554.6334304794,4.08959288103267,1.19948522247729e-208,0.963248826474823,33.1784253335355,1838.61894919893,0.998922119657253,5.70188780916454,2858.25443074704,TRUE,2.01510063310595,0.0245998963682782,40.4278499505076,2024-10-17 10:22:00,2024-10-17 10:26:59,34483.8503004045
"179","MSM","W","3","202411","MSM_W_3_202411",2024-11-21 10:54:34.5,2580.11636950116,0.750892659197559,8.73555201308694e-135,0.88030691648898,20.5457346496564,1349.03906551711,0.706328473688309,0.00172546995089443,35031.8482550086,0.303204399108305,0,0.998284273377696,2.45986454135116,1281.19411571978,0.998660769130533,2.18086157256417,1349.09908763599,TRUE,0.7064874848544,0.00183201136690884,2.58170108394884,2024-11-21 10:52:00,2024-11-21 10:56:59,35031.0284100087
"180","MSM","W","4","202404","MSM_W_4_202404",2024-04-11 11:29:34.5,NA,NA,NA,NA,NA,1427.95047478737,0.183484507118271,0.00197694673718703,33967.4631113417,0.347394602384816,1.2726435385535e-216,0.967648007539737,2.81837488762143,1363.29368655944,0.974468114976018,2.51248172493816,1430.53066265257,TRUE,0.180861928475974,0.00187637471317952,2.44715382965738,2024-04-11 11:27:00,2024-04-11 11:31:59,33967.7307741226
"181","MSM","W","4","202405","MSM_W_4_202405",2024-05-21 10:51:34.5,NA,NA,NA,NA,NA,1322.92628545366,0.174982993431119,0.00164950858138448,34449.5143902413,0.289856255093528,7.324601402944e-233,0.975046285889179,2.35157249067062,1260.25175051264,0.980171694573765,2.10352075161014,1322.96598721003,TRUE,0.17526097824062,0.00170066617335673,2.33500057316731,2024-05-21 10:49:00,2024-05-21 10:53:59,34452.4513627135
"182","MSM","W","4","202406","MSM_W_4_202406",2024-06-18 06:47:34.5,NA,NA,NA,NA,NA,1341.48480923196,0.545488012700244,0.00170314215057082,33112.0668590156,0.299280895672606,0,0.99720033366544,2.42803358174856,1331.99013903714,0.997327626848711,2.38047337756696,1341.49186858093,TRUE,0.545575090749131,0.00163366660087808,2.27743812086095,2024-06-18 06:45:00,2024-06-18 06:49:59,33112.1030604434
"183","MSM","W","4","202407","MSM_W_4_202407",2024-07-18 10:38:34.5,1992.43186524832,0.574537958469203,4.46391194991688e-170,0.931911474887709,7.45887213544802,1748.92485080277,0.335233883839956,0.00343823307752705,33109.8609941637,0.604175919566432,1.3450531854343e-222,0.970596040614688,4.90161397938302,1284.17346981574,0.994159915500209,2.19209308266324,1749.31160160852,TRUE,0.336188196537276,0.00362851875042757,5.52930960849155,2024-07-18 10:36:00,2024-07-18 10:40:59,33097.7755812953
"184","MSM","W","4","202408","MSM_W_4_202408",2024-08-15 09:54:34.5,2507.52168919152,0.665179613080461,1.77013451141779e-133,0.877780874482693,18.1285876027658,1312.35927798381,0.616674264577665,0.00161972832682794,33625.5027079904,0.284623185584884,0,0.99801708923082,2.30911716296233,1283.90320089788,0.998227043763575,2.19107184712794,1312.47386154552,TRUE,0.616237316796539,0.00166063146494609,2.20825487286603,2024-08-15 09:52:00,2024-08-15 09:56:59,33623.8539830498
"185","MSM","W","4","202409","MSM_W_4_202409",2024-09-12 09:48:34.5,3414.30363328813,3.21879014836041,1.33587225782828e-137,0.885573735468772,86.5660116063432,1980.11789968952,3.04508994313848,0.00512210969583723,34884.5897748917,0.900071422100456,0,0.999185790364961,7.30218223224908,1273.54034121968,0.999929757718749,2.15227162163112,1981.33890012725,TRUE,3.0418406194529,0.0053090515512643,7.92651116800894,2024-09-12 09:46:00,2024-09-12 09:50:59,34873.9408432846
"186","MSM","W","4","202410","MSM_W_4_202410",2024-10-17 10:33:34.5,NA,NA,NA,NA,NA,1929.03509411984,2.45074749666589,0.00469028149749099,34350.0206877232,0.824189364965979,0,0.998946255567694,6.68655929861477,1877.31665319217,0.999130452752791,6.09529702245905,1929.3383412607,TRUE,2.45150988158862,0.00476738970221843,6.31238882344104,2024-10-17 10:31:00,2024-10-17 10:35:59,34363.1818483126
"187","MSM","W","4","202411","MSM_W_4_202411",2024-11-21 11:05:34.5,NA,NA,NA,NA,NA,1444.54578020935,-0.0148283125574862,0.00203432933232401,34971.1183976516,0.357478032275185,3.01932494057181e-12,0.155747416599986,2.90018066522712,1379.77739324785,0.33398023290531,2.58491127317475,1444.54676463661,TRUE,-0.0147685927253752,0.00210939633767093,3.02438898044821,2024-11-21 11:03:00,2024-11-21 11:07:59,34967.0635313567
"188","MSM","W","5","202404","MSM_W_5_202404",2024-04-11 11:36:34.5,NA,NA,NA,NA,NA,1287.00305995272,0.159037415950806,0.0015504431889205,33900.3287161446,0.272448207634401,9.13912522722417e-229,0.973357321662815,2.21034288184965,1282.88930381808,0.97409241172535,2.18724498374966,1287.06651654947,TRUE,0.1594224923709,0.00154350618428409,2.23023968069668,2024-04-11 11:34:00,2024-04-11 11:38:59,33907.2879075011
"189","MSM","W","5","202405","MSM_W_5_202405",2024-05-21 10:45:34.5,2000.04745476448,0.305210262418745,1.15815114916988e-137,0.885687069432964,7.55745536242572,1310.31147027739,0.264671420031596,0.00161401963104383,34443.9613007846,0.283620037616983,1.98863785648056e-286,0.989403330578614,2.30097873184713,1266.62688695468,0.991010024272361,2.12676937681853,1310.40929123877,TRUE,0.265027750195984,0.00163101780497823,2.34219565113873,2024-05-21 10:43:00,2024-05-21 10:47:59,34441.7179174682
"190","MSM","W","5","202406","MSM_W_5_202406",2024-06-18 06:40:34.5,2115.15225125954,0.327868315960794,8.44320709258231e-134,0.878407270225637,9.21646065472441,1254.90186871498,0.31364549047673,0.0014669625007202,33119.2930269179,0.257778747937465,2.43895506069531e-319,0.99373927151191,2.09133113975291,1240.2046255342,0.994130183939126,2.03205679717905,1255.00765897384,TRUE,0.313296941827712,0.00148472212663668,1.86036548377386,2024-06-18 06:38:00,2024-06-18 06:42:59,33119.6426086822
"191","MSM","W","5","202407","MSM_W_5_202407",2024-07-18 10:51:34.5,NA,NA,NA,NA,NA,1272.67530435863,0.653285439095958,0.00151261174851737,33035.4791676908,0.265800361261367,0,0.998458400911516,2.15640962224831,1275.40786776389,0.998465123724022,2.15921283258518,1272.72274877556,TRUE,0.652978666411669,0.001584290735053,2.21995211718179,2024-07-18 10:49:00,2024-07-18 10:53:59,33034.4003352243
"192","MSM","W","5","202408","MSM_W_5_202408",2024-08-15 09:47:34.5,NA,NA,NA,NA,NA,1543.00724169308,0.362201352018553,0.00241072453352813,33563.2003775746,0.423619248324289,1.30369958896909e-275,0.987402574917578,3.43677720722821,1433.28336443374,0.991489155842248,2.83471912474138,1544.25923977383,TRUE,0.359853842482671,0.00246165214493002,3.56798654313798,2024-08-15 09:45:00,2024-08-15 09:49:59,33565.8746580149
"193","MSM","W","5","202409","MSM_W_5_202409",2024-09-12 09:41:34.5,2776.09346323684,0.98870843192854,1.56425810597695e-132,0.875918356637313,28.8048824041323,1330.24962577575,0.973017260581699,0.00167046806052083,34573.9310817115,0.293539313308402,0,0.999151876181848,2.38145274416676,1278.59576971291,0.999299974482037,2.17111336756794,1330.26780189583,TRUE,0.972801244125071,0.00178383213437065,2.53648251124664,2024-09-12 09:39:00,2024-09-12 09:43:59,34570.9448755439
"194","MSM","W","5","202410","MSM_W_5_202410",2024-10-17 10:40:34.5,2394.44193064981,1.48078621149009,1.92030757240813e-186,0.947586432167576,14.9173507736855,2267.52361182907,0.762408602823313,0.00840724214100121,34523.3004920157,1.47734407092915,8.11504685015005e-214,0.966164311755857,11.9855328819154,1608.85292681955,0.996556650177936,3.83683957410911,2267.77082823659,TRUE,0.759026622570777,0.00867413541545897,14.8320469967607,2024-10-17 10:38:00,2024-10-17 10:42:59,34490.509026625
"195","MSM","W","5","202411","MSM_W_5_202411",2024-11-21 11:15:34.5,1595.45966765814,0.0399415637612043,8.60249838964918e-57,0.584016025377206,3.76207020031847,1520.83078254491,0.057190547395153,0.00232028973636746,34759.0358882925,0.407727793177609,6.43801884229743e-73,0.678400895164737,3.30785154803345,1389.27457849232,0.798483640346175,2.62758622859972,1520.95948304353,TRUE,0.0579533671637101,0.00244086758908042,3.30950376562891,2024-11-21 11:13:00,2024-11-21 11:17:59,34766.1047939481
"196","SWH","W","1","202404","SWH_W_1_202404",2024-04-25 11:09:34.5,5373.16643877297,87.6073261799996,1.12763476610347e-133,0.878162820098965,2535.78092930255,3661.0214185713,86.4653415966984,0.0929141472986283,43269.063764927,16.3271334778897,0,0.999667548994999,132.46027043896,3011.3938142633,0.99996509590334,43.0698382704404,3667.72494088504,TRUE,86.6685110919434,0.0867469461231417,135.818977061296,2024-04-25 11:07:00,2024-04-25 11:11:59,43293.0603928073
"197","SWH","W","1","202405","SWH_W_1_202405",2024-05-15 13:38:34.5,NA,NA,NA,NA,NA,4642.12418750825,135.654310554529,0.504330807895877,82509.3539353501,88.622418188511,0,0.996035111886985,718.984106799989,4635.00832196432,0.99618421250101,707.79768847983,4644.34008352326,TRUE,135.788433500101,0.469774916203751,686.014575805271,2024-05-15 13:36:00,2024-05-15 13:40:59,83131.1193012187
"198","SWH","W","1","202406","SWH_W_1_202406",2024-06-26 04:07:34.5,6296.43319023635,434.586827815082,1.86841456573916e-133,0.87773502624882,12457.7245358389,4547.35830667276,424.049303907159,0.428308173452483,132222.134140233,75.2635085285131,0,0.999706272289754,610.604715602554,4272.31281919207,0.999887783800452,378.72912067723,4548.79185480768,TRUE,423.97793264014,0.434553648655008,559.666483989316,2024-06-26 04:05:00,2024-06-26 04:09:59,132108.741997913
"199","SWH","W","1","202407","SWH_W_1_202407",2024-07-24 07:44:34.5,6378.2917781646,520.852343802766,1.21704151478948e-134,0.880031096103227,14346.0747985748,4792.73611058359,492.925381488291,0.653869733306813,151070.940492239,114.899815832568,0,0.999493484706602,932.169795707197,4296.4617589727,0.999909760202256,394.830805033503,4794.70538127202,TRUE,493.582187865767,0.679345607092156,969.749993380461,2024-07-24 07:42:00,2024-07-24 07:46:59,150265.623464721
"200","SWH","W","1","202408","SWH_W_1_202408",2024-08-21 09:05:34.5,NA,NA,NA,NA,NA,5001.82885605282,336.115923678437,0.937683883150843,200986.032662768,164.772430952458,0,0.997763572319404,1336.78093551474,4784.2481736192,0.998958347401845,915.498193784418,5003.00425064576,TRUE,336.138796796923,0.925823784524286,1405.01171860437,2024-08-21 09:03:00,2024-08-21 09:07:59,203217.499076243
"201","SWH","W","1","202409","SWH_W_1_202409",2024-09-25 13:10:34.5,5885.8413463467,241.631587688764,9.01520787030821e-135,0.880280733238958,6137.53934037206,4908.91132328061,210.720946319428,0.798879593510621,169551.652987761,140.381353488488,0,0.995877641954073,1138.8987584902,4684.32818566773,0.998125751788833,770.617814703173,4913.01327243382,TRUE,212.138065849852,0.778751707442204,1115.15298523738,2024-09-25 13:08:00,2024-09-25 13:12:59,170298.255765047
"202","SWH","W","1","202410","SWH_W_1_202410",2024-10-24 06:54:34.5,5885.19084495074,303.925139263395,2.2082522103043e-150,0.90671772914715,6130.65961648347,5021.25888016759,238.378916339061,0.969628416387549,69222.3141883655,170.385813555737,0,0.995257547883241,1382.3217022828,4434.40801255459,0.999381750053256,500.844513036067,5025.71907738456,TRUE,236.611389965157,0.926221140333669,1516.29811962228,2024-10-24 06:52:00,2024-10-24 06:56:59,65214.9666812997
"203","SWH","W","1","202411","SWH_W_1_202411",2024-11-12 12:02:34.5,5601.06316901315,194.64589064785,2.7741826257489e-156,0.915114338336356,3756.27226021826,4909.81471178231,152.871264830621,0.80012487105841,50253.4226760506,140.600177137318,2.28140246430108e-305,0.99217213483801,1140.67405111836,4341.72739373971,0.998911310222205,426.879396407576,4910.08704132835,TRUE,152.488102452861,0.817154460178456,1403.74463859861,2024-11-12 12:00:00,2024-11-12 12:04:59,47539.4550190268
"204","SWH","W","2","202404","SWH_W_2_202404",2024-04-25 11:00:34.5,6063.6104130413,288.359009577712,1.14379425071497e-133,0.878150786461839,8338.82478848155,4220.21366283322,284.341345710372,0.243666497916442,55447.2316530636,42.817757588466,0,0.99978854777494,347.375842638795,3501.01625458866,0.999982534719822,100.183105361694,4221.57611750825,TRUE,284.131913705646,0.251551892945563,387.508954418452,2024-04-25 10:58:00,2024-04-25 11:02:59,55304.7002367128
"205","SWH","W","2","202405","SWH_W_2_202405",2024-05-15 13:29:34.5,6502.64783987631,551.979384637729,2.34692066812374e-122,0.854005121413783,17776.6069121919,5544.32320095484,552.338637464563,2.38928146641418,173648.085906988,419.851212679302,0,0.994639786413601,3406.20754101985,5509.85751617984,0.995305631822274,3198.7614973915,5545.6026280106,TRUE,551.779833467038,2.21473122955251,3028.23445699919,2024-05-15 13:27:00,2024-05-15 13:31:59,169563.877801282
"206","SWH","W","2","202406","SWH_W_2_202406",2024-06-26 04:25:34.5,6599.88100876672,845.183236719599,2.05257189992822e-142,0.894047034093718,21021.1015552524,5513.91381548103,767.797566527801,2.26723880156651,163010.994926672,398.405534740064,0,0.997495019830423,3232.22107221164,4959.25242624345,0.999635102127313,1237.93489279365,5514.20122928515,TRUE,768.841690124026,2.44687170295243,3671.90206326899,2024-06-26 04:23:00,2024-06-26 04:27:59,158513.38139613
"207","SWH","W","2","202407","SWH_W_2_202407",2024-07-24 07:58:34.5,6617.65367586085,831.074062311477,1.88311754990753e-140,0.890670722533815,21675.2118954919,5528.94889734389,779.346953926711,2.32677981742571,190945.278882845,408.868248348336,0,0.99743948140537,3317.10393765485,5111.54995383921,0.999401237342847,1609.66571398835,5534.58608168096,TRUE,784.011400026453,2.33915932342209,3234.40045268531,2024-07-24 07:56:00,2024-07-24 08:00:59,187411.562235258
"208","SWH","W","2","202408","SWH_W_2_202408",2024-08-21 09:19:34.5,NA,NA,NA,NA,NA,5367.78870127575,868.812727984546,1.76230542428466,196159.827657471,309.677231376038,0,0.998816445723794,2512.37793041918,5371.70683416647,0.998816779794456,2520.79132923383,5368.80953052079,TRUE,869.218481509162,1.72422694366129,2217.0365545951,2024-08-21 09:17:00,2024-08-21 09:21:59,201041.115544058
"209","SWH","W","2","202409","SWH_W_2_202409",2024-09-25 13:24:34.5,6602.70127716695,746.445921978659,7.96846269655848e-131,0.872486463925954,21123.5662454613,5535.40499648435,703.043587206796,2.35282436622177,672308.759834032,413.444869206707,0,0.996784796920662,3354.23356836543,5479.78215374733,0.997382304076207,3037.11979257927,5536.13271186326,TRUE,703.354559360396,2.26391040183641,3561.33921196948,2024-09-25 13:22:00,2024-09-25 13:26:59,666270.927458236
"210","SWH","W","2","202410","SWH_W_2_202410",2024-10-24 07:01:34.5,6522.18794812471,668.238581454928,1.07352811331917e-135,0.882036069419358,18385.7005111474,4920.5706470171,637.082490065572,0.81510139800528,86420.1364978577,143.231894282726,0,0.999528784322135,1162.02488807157,4410.64734027251,0.999919908753145,480.741172970967,4926.02161186727,TRUE,635.385054198623,0.815253781247378,1064.0960604739,2024-10-24 06:59:00,2024-10-24 07:03:59,84225.6014940874
"211","SWH","W","2","202411","SWH_W_2_202411",2024-11-12 12:13:34.5,6194.5726252224,460.944960020792,1.09427720617233e-140,0.891081910408578,10451.2251559548,5265.22050803433,376.138621776726,1.4766575765811,89430.3079232679,259.482393746648,0,0.995580910607659,2105.1526341948,5158.25084792122,0.996985965174723,1744.63490326678,5265.40270926447,TRUE,376.347567487056,1.38692456457799,1837.41310950845,2024-11-12 12:11:00,2024-11-12 12:15:59,86214.0946483648
"212","SWH","W","3","202404","SWH_W_3_202404",2024-04-25 10:37:34.5,5340.80309692966,92.4933480963312,1.37904475083411e-138,0.887363220897426,2398.16241399885,4171.98711581769,84.9759312736623,0.22422527972976,94076.5394163517,39.4014924282579,0,0.997998757250139,319.660052379276,3994.27125313441,0.998930531346659,234.49616127783,4172.15857881131,TRUE,84.8985500202139,0.240780338412828,357.91594601341,2024-04-25 10:35:00,2024-04-25 10:39:59,93269.2528223767
"213","SWH","W","3","202405","SWH_W_3_202405",2024-05-15 13:16:34.5,NA,NA,NA,NA,NA,5322.28846626866,323.739613122939,1.62933860878617,65665.3963716885,286.311931172656,3.12074444837115e-310,0.992757861382501,2322.81777351726,4474.15330272313,0.999616524890476,536.368841775475,5332.6414085937,TRUE,328.361150819537,1.50451660686811,2048.21038976369,2024-05-15 13:14:00,2024-05-15 13:18:59,72223.9594150481
"214","SWH","W","3","202406","SWH_W_3_202406",2024-06-26 04:36:34.5,6237.3354754876,602.18090486484,3.60323816577617e-157,0.916308675229044,11250.9015534552,5514.82201014857,461.349138775618,2.27079174492976,142092.137779208,399.02986787143,5.36484079236671e-313,0.993071041017985,3237.2862194732,4462.10194461013,0.999818799787401,525.339047236801,5518.08400755714,TRUE,457.862901517198,2.2591774161615,3519.91588815855,2024-06-26 04:34:00,2024-06-26 04:38:59,132920.213594132
"215","SWH","W","3","202407","SWH_W_3_202407",2024-07-24 08:07:34.5,6624.22861466585,881.704549670524,2.90418164617373e-141,0.892080239846081,21922.3222830649,5634.43829808238,792.967192048421,2.79089835819748,311565.978904959,490.424454642616,0,0.996445131998204,3978.76063056701,5334.81110455058,0.99875226786718,2365.42934062231,5635.16969234166,TRUE,795.038906899969,2.81174366094831,5103.28767775446,2024-07-24 08:05:00,2024-07-24 08:09:59,308801.128626079
"216","SWH","W","3","202408","SWH_W_3_202408",2024-08-21 09:33:34.5,NA,NA,NA,NA,NA,5297.66179398705,436.803747704844,1.56160539459048,133049.015180265,274.409661591414,0,0.996332529012656,2226.25594594944,5176.18090617083,0.997620692203316,1799.41066472968,5302.82568278637,TRUE,433.727449723485,1.50229713936429,2009.35075625689,2024-08-21 09:31:00,2024-08-21 09:35:59,133310.25242985
"217","SWH","W","3","202409","SWH_W_3_202409",2024-09-25 13:37:34.5,6120.25770712946,403.857912910975,1.02664412879009e-145,0.899492276234682,9194.35806576938,5107.95625842084,344.705256997694,1.12595986093686,245611.995101543,197.856811634686,0,0.996936555528408,1605.19094259945,4656.98677870418,0.999361938335618,735.133557107081,5112.79916781642,TRUE,343.010628212236,1.03410548499355,1408.12276701566,2024-09-25 13:35:00,2024-09-25 13:39:59,241442.23161904
"218","SWH","W","3","202410","SWH_W_3_202410",2024-10-24 07:08:34.5,6213.26507801349,327.747736024695,1.94264692913234e-123,0.85650810067545,10793.5375304836,5239.74415263866,338.340701987634,1.41319965005042,61999.0639708596,248.331389655027,0,0.995000640147602,2014.68574240131,5185.79446978332,0.995906160093258,1829.48464508618,5244.30616642266,TRUE,338.674201631429,1.18666269614015,1409.48485216765,2024-10-24 07:06:00,2024-10-24 07:10:59,62102.5409431409
"219","SWH","W","3","202411","SWH_W_3_202411",2024-11-12 12:23:34.5,NA,NA,NA,NA,NA,4613.98419289717,156.683424503382,0.480446166418061,70148.1943906192,84.4253422768472,0,0.997299392948822,684.933683248011,4612.73282845384,0.99734785584415,681.129383685082,4614.89225408399,TRUE,156.623065271731,0.463847226412592,729.576655163044,2024-11-12 12:21:00,2024-11-12 12:25:59,69447.7490126628
"220","SWH","W","4","202404","SWH_W_4_202404",2024-04-25 10:25:34.5,5665.20107293905,143.394240671581,7.1786412124877e-132,0.874599099397616,4195.48790066845,3809.27468586522,141.019553778116,0.11997519355111,55677.1232264207,21.0823761084395,0,0.999791586325012,171.039040294579,3714.50646674236,0.999851743354864,144.76129405207,3809.30727672588,TRUE,141.041073967754,0.11861540679406,154.970720020237,2024-04-25 10:23:00,2024-04-25 10:27:59,55780.2620530993
"221","SWH","W","4","202405","SWH_W_4_202405",2024-05-15 13:06:34.5,NA,NA,NA,NA,NA,5499.00778976115,213.688108327527,2.2097130374133,78160.0081364272,388.296946790285,1.3366084856952e-221,0.970123443885389,3150.21118998724,4879.00967298481,0.996525827044209,1077.98656300093,5505.17830399114,TRUE,208.901908901513,2.19714538591456,3041.90323604647,2024-05-15 13:04:00,2024-05-15 13:08:59,78793.9132148271
"222","SWH","W","4","202406","SWH_W_4_202406",2024-06-26 04:50:34.5,NA,NA,NA,NA,NA,5413.6267412621,469.992510778602,1.90723386755133,293174.858151184,335.144462220363,0,0.995279764281502,2718.99082358496,5082.8765427502,0.998511829208052,1532.02380652405,5414.19339832916,TRUE,470.061930338365,2.20019434433301,2546.96510831603,2024-06-26 04:48:00,2024-06-26 04:52:59,299158.548271841
"223","SWH","W","4","202407","SWH_W_4_202407",2024-07-24 08:16:34.5,6423.05699831383,861.594879494745,3.31650435091406e-159,0.918988655786434,15497.1755639263,6065.61464046976,640.44503329564,5.86950922526917,212825.710542466,1031.40655494225,2.66252507050615e-236,0.976381522697324,8367.68997970023,5515.41077376063,0.996506229498297,3229.53539024898,6065.61545708523,TRUE,640.589419715816,5.96355891297727,11588.9964154708,2024-07-24 08:14:00,2024-07-24 08:18:59,208042.856907073
"224","SWH","W","4","202408","SWH_W_4_202408",2024-08-21 09:43:34.5,6240.17407879143,387.153643031791,4.92921405551025e-135,0.880781383113323,11306.1000460907,4864.6924626713,389.58980201666,0.74023730933885,150500.709592313,130.076567522541,0,0.99896135303723,1055.29714295166,4676.25024767649,0.999465099738209,759.959445440225,4865.02676572959,TRUE,390.009781445259,0.788991072149677,1166.85418457049,2024-08-21 09:41:00,2024-08-21 09:45:59,149969.424379394
"225","SWH","W","4","202409","SWH_W_4_202409",2024-09-25 13:47:34.5,5917.87019740058,362.46810121881,1.21640977698098e-162,0.9233178052499,6486.00033753794,5525.59350731731,276.041102751264,2.3133578964052,201335.110624247,406.509710898412,3.00509122460919e-247,0.980174057679933,3297.96937806541,5029.032095515,0.99647134257938,1396.20013444885,5525.59350731731,TRUE,276.041102751264,2.3133578964052,4658.47240760535,2024-09-25 13:45:00,2024-09-25 13:49:59,199046.589023944
"226","SWH","W","4","202410","SWH_W_4_202410",2024-10-24 07:16:34.5,5877.84359658462,207.718167158034,3.47300399232517e-133,0.87720778686308,6053.48826859045,4324.05012740354,205.582953025784,0.291438459168352,89799.6125985542,51.2123800494959,0,0.999421556793939,415.480507975598,4233.5186372317,0.999582464441149,354.225851312659,4326.68119086809,TRUE,205.258824773276,0.272468265733317,363.444139871248,2024-10-24 07:14:00,2024-10-24 07:18:59,89387.1521553662
"227","SWH","W","4","202411","SWH_W_4_202411",2024-11-12 12:32:34.5,5484.76476984183,117.497176639035,4.21001566012583e-139,0.888287095079347,3073.79379997987,4192.10546673939,109.404233744393,0.232139404222098,39449.8538063934,40.792184488658,0,0.998705031515449,330.942586858912,3674.68753799973,0.999785513075201,135.156425157763,4192.10806326957,TRUE,109.396037323015,0.24993280220648,378.897834597332,2024-11-12 12:30:00,2024-11-12 12:34:59,38824.2211119795
"228","SWH","W","5","202404","SWH_W_5_202404",2024-04-25 10:14:34.5,5154.40570663541,101.317823191978,1.29012259634623e-140,0.890957359610316,1739.03084496493,5033.5985587645,60.3949819025799,0.990478569776896,99591.6159906937,174.049660744994,1.12151550857245e-166,0.928108169872756,1412.04609880307,4970.68501953136,0.942921569951996,1262.57836304794,5034.70338554773,TRUE,59.3569663068532,0.892392055364225,1078.84539292802,2024-04-25 10:12:00,2024-04-25 10:16:59,93415.1880968539
"229","SWH","W","5","202405","SWH_W_5_202405",2024-05-15 12:55:34.5,6524.5612582464,727.255943628254,2.15676071306449e-134,0.879553676083593,18461.0873495641,5467.40624875761,632.221019671429,2.09253708124829,86016.3227667873,367.706460493762,0,0.99685491125573,2983.16279860852,5287.47536544548,0.998332046072564,2180.04648846624,5468.30773156027,TRUE,633.359650253728,2.13005719455827,2851.36184166295,2024-05-15 12:53:00,2024-05-15 12:57:59,78815.0096921198
"230","SWH","W","5","202406","SWH_W_5_202406",2024-06-26 05:02:34.5,6553.68775692319,784.383016248869,8.70630841879217e-142,0.892978947887651,19411.8408217453,5420.19312519543,705.598558145359,1.92894902328258,243623.159952393,338.960310037141,0,0.997852244409581,2749.94838477896,4905.61191984709,0.999640768290192,1128.58084101915,5420.64790177721,TRUE,705.734645249182,2.01310214797002,3117.97446886061,2024-06-26 05:00:00,2024-06-26 05:04:59,237040.081833711
"231","SWH","W","5","202407","SWH_W_5_202407",2024-07-24 08:27:34.5,6678.13642505005,1228.01034401181,1.09269989279024e-152,0.910092913986905,24057.5746373708,5897.29677844357,952.185194118037,4.39104751568796,299371.033042755,771.607133905772,4.28354914944361e-321,0.993912568389751,6259.96533734466,5282.11213786277,0.999280280118676,2159.98063731532,5897.55188297629,TRUE,950.278352594083,4.41638683362988,8365.4588534921,2024-07-24 08:25:00,2024-07-24 08:29:59,283370.451179239
"232","SWH","W","5","202408","SWH_W_5_202408",2024-08-21 09:53:34.5,6864.7905458864,1287.63013549521,4.58825538354451e-139,0.888220360657906,33190.6214781815,5521.52075961141,1181.10918492435,2.29717044677078,154241.228489808,403.665207036171,0,0.998911756806297,3274.8922254613,4944.13584877867,0.999853423955119,1206.08734089245,5522.69579505868,TRUE,1178.84143747032,2.30076412810856,3929.03453166688,2024-08-21 09:51:00,2024-08-21 09:55:59,147797.001404465
"233","SWH","W","5","202409","SWH_W_5_202409",2024-09-25 13:57:34.5,6255.06097567779,511.99039272795,5.15997882101752e-150,0.906166499781187,11600.0507226953,5420.93134627028,449.595879974184,1.93140574298959,325341.551567675,339.392011685817,0,0.994713201466468,2753.45073362727,5043.77567875286,0.9985796788862,1432.14644296504,5442.1143619846,FALSE,441.636976997597,1.66949321459466,2007.98958151851,2024-09-25 13:55:00,2024-09-25 13:59:59,319840.517800998
"234","SWH","W","5","202410","SWH_W_5_202410",2024-10-24 07:23:34.5,6108.65548634591,464.688278784659,2.92801348161081e-153,0.910911110439684,9012.26307051953,5424.10387760563,357.916054199586,1.94199924995146,78364.1046786804,341.253532317433,6.68262318599972e-301,0.991592603604842,2768.55304945176,4553.3752714528,0.999588190204158,614.870491873553,5430.44738901172,TRUE,361.891340097217,1.78966931736048,2795.22652199738,2024-10-24 07:21:00,2024-10-24 07:25:59,73289.9396427746
"235","SWH","W","5","202411","SWH_W_5_202411",2024-11-12 12:40:34.5,5364.72554848148,196.026295961953,1.60880284973622e-172,0.934519595330249,2499.14429023577,5039.22891985526,115.013777219076,1.00014048014797,47577.0781155312,175.747478621673,1.00764082980933e-242,0.978686327571078,1425.82031185801,4418.86617854507,0.997524669815941,487.601968227289,5039.41429975738,TRUE,114.946640917353,1.02881891726867,1693.99146750717,2024-11-12 12:38:00,2024-11-12 12:42:59,44067.9911582851
