"","IDs","H2S_mean","H2S_sd","H2S_cv","H2S_flag","Dilution","H2S_cv_flag"
"1","10 Spike",24.8040310011351,2.6636920393764,10.7389481945677,"Within_Range",1,"High CV"
"2","12",136.642948538543,13.6736191354655,10.0068238293384,"adl",1,"High CV"
"3","10",19.5301898298352,2.19014678793171,11.2141602668191,"Within_Range",1,"High CV"
