"","IDs","H2S_mean","H2S_sd","H2S_cv","H2S_flag","Dilution","H2S_cv_flag"
"1","33",1.28351892953041,0.139644718936999,10.8798332244379,"Within_Range",1,"High CV"
"2","27",228.097263372859,25.1360494086598,11.019882061264,"Within_Range",5,"High CV"
