"","IDs","H2S_mean","H2S_sd","H2S_cv","H2S_flag","Dilution","H2S_cv_flag"
"1","12",136.642948538543,13.6736191354655,10.0068238293384,"adl",1,"High CV"
"2","18",169.376974357686,15.7720041202428,9.31177580663111,"adl",1,"within range"
"3","26 Spike",95.9206630073668,4.09465491583226,4.26879338346295,"adl",1,"within range"
"4","27",126.875974749156,11.1598782449516,8.79589557204631,"adl",1,"within range"
