"","IDs","H2S_mean","H2S_sd","H2S_cv","H2S_flag","Dilution","H2S_cv_flag"
"1","10 Spike",24.8040310011351,2.6636920393764,10.7389481945677,"Within_Range",1,"High CV"
"2","12",136.642948538543,13.6736191354655,10.0068238293384,"adl",1,"High CV"
"3","10",19.5301898298352,2.19014678793171,11.2141602668191,"Within_Range",1,"High CV"
"4","28",26.8073890434531,2.95725077254553,11.0314763133105,"Within_Range",1,"High CV"
"5","33",1.28351892953041,0.139644718936999,10.8798332244379,"Within_Range",1,"High CV"
"6","27",228.097263372859,25.1360494086598,11.019882061264,"Within_Range",5,"High CV"
