"","RepNumber","Month","Site","Zone","Replicate","Plot","TIMESTAMP","HM81_AIC","HM81_flux.estimate","HM81_p.value","HM81_r.squared","HM81_RMSE","lin_AIC","lin_flux.estimate","lin_flux.std.error","lin_int.estimate","lin_int.std.error","lin_p.value","lin_r.squared","lin_RMSE","poly_AIC","poly_r.squared","poly_RMSE","rob_AIC","rob_converged","rob_flux.estimate","rob_flux.std.error","rob_RMSE","TIMESTAMP_min","TIMESTAMP_max","c0"
"1","1","Apr","GCW","TR","1","1-Apr-GCW-TR-1",2023-04-19 10:03:44.5,372.890615896152,2.21882186857028,1.26325285245257e-32,0.935516189315441,7.36741547705341,349.718190839209,1.78793723325899,0.0519048120236335,4217.63871159226,1.8241914002085,1.78265114422413e-37,0.95801572209437,5.94474402420159,336.136040771452,0.969683265887742,5.15166592348028,349.813426408808,TRUE,1.80148535874902,0.0598262150384031,5.52838675969091,2023-04-19 10:03:13,2023-04-19 10:04:11,4219.25204695931
"2","1","Apr","GCW","TR","2","1-Apr-GCW-TR-2",2023-04-19 10:07:02.5,476.574204889107,4.0497161713839,6.90673429134499e-28,0.901965199159681,19.2420924510224,366.86026565487,3.8444055527737,0.0608331224669715,4189.45088183906,2.137976317139,7.56373242986386e-51,0.987146927204613,6.96731819574628,369.41028430718,0.987487459212683,7.01054181795771,366.904404945444,TRUE,3.85190431318559,0.0639384827312784,8.16327299571001,2023-04-19 10:06:31,2023-04-19 10:07:29,4207.20543483826
"3","1","Apr","GCW","TR","3","1-Apr-GCW-TR-3",2023-04-19 10:00:04.5,336.204263160022,1.94081192810712,4.01460318531436e-31,0.92635439436506,5.24554167938039,339.60561761115,1.16830536891046,0.0472653073141559,4214.42489445158,1.66113629486678,2.06996254339354e-30,0.921566391056055,5.41337387138485,326.622140204451,0.942731903981895,4.71726164243385,339.926379490495,TRUE,1.1562924854339,0.0467109691294721,5.1408432357224,2023-04-19 09:59:33,2023-04-19 10:00:31,4209.34758386499
"4","1","Apr","GCW","TR","4","1-Apr-GCW-TR-4",2023-04-19 10:10:37.5,NA,NA,NA,NA,NA,264.020545682868,1.78111119157214,0.143821868760616,4244.44390277125,3.56424909824491,3.74288317923013e-14,0.818538047956318,8.96438373748007,266.421302345363,0.826422779538913,9.03729552126224,264.020545682866,TRUE,1.78111119157214,0.143821868760616,12.5662275053018,2023-04-19 10:10:15,2023-04-19 10:10:55,4248.83972944231
"5","1","Apr","GCW","TR","5","1-Apr-GCW-TR-5",2023-04-19 10:14:01.5,432.657939168088,4.12859623138728,2.06276703046569e-30,0.921576878584262,12.8131002497899,399.059209017961,2.81948379057059,0.0819633980627371,4232.14328349019,2.88059854276772,1.90866480181293e-37,0.95790537360743,9.38740363060857,390.859014699978,0.966417987914976,8.55071021599001,399.075925264902,TRUE,2.82974199801374,0.0835065151376613,11.5918051807057,2023-04-19 10:13:30,2023-04-19 10:14:28,4229.86626862752
"6","1","Apr","GCW","UP","1","1-Apr-GCW-UP-1",2023-04-19 10:21:54.5,NA,NA,NA,NA,NA,380.009879498323,2.8746187675522,0.0687096806878342,4225.99730787843,2.41479746742458,1.02859596258804e-41,0.971148762103253,7.86943344458736,380.29092108752,0.973068858331157,7.75363392535076,380.036936087361,TRUE,2.88456066725631,0.0745604598802168,8.25544400270676,2023-04-19 10:21:23,2023-04-19 10:22:21,4253.61335819164
"7","1","Apr","GCW","UP","2","1-Apr-GCW-UP-2",2023-04-19 10:36:50.5,471.396684873906,4.50713170495737,2.24609178304386e-30,0.921320046655024,18.3413888968769,384.166176348259,4.0846295643681,0.0714054596336681,4192.7907151184,2.50954045132392,1.25112064619805e-48,0.984357233384666,8.17818546880272,383.126054018013,0.985751195416357,7.95987151106932,384.19309932215,TRUE,4.08190063850955,0.0723449179163065,9.96476668459511,2023-04-19 10:36:19,2023-04-19 10:37:17,4200.97518459792
"8","1","Apr","GCW","UP","3a","1-Apr-GCW-UP-3a",2023-04-19 10:32:48.5,NA,NA,NA,NA,NA,434.829263901756,6.1046677367484,0.114145847462488,4181.29513894316,4.01164873144656,3.90627625894012e-47,0.982144383397902,13.0733128227318,399.007012085336,0.991459077640444,9.22077200782414,435.247655389435,TRUE,6.16720675151006,0.120968533333031,13.6312112693077,2023-04-19 10:32:17,2023-04-19 10:33:15,4222.40425131243
"9","1","Apr","GCW","UP","4","1-Apr-GCW-UP-4",2023-04-19 10:25:47.5,457.200573376461,4.58649174714984,1.09637920174259e-30,0.923457404217889,16.0822264921183,386.402687686119,3.62196276684148,0.072899572164179,4219.46369141954,2.56205094356616,1.67307980957744e-45,0.979369399469078,8.34930864969769,383.876505191178,0.981717940846044,8.0153742596472,386.410722984458,TRUE,3.6254363498109,0.0809674315475444,8.80600574495494,2023-04-19 10:25:16,2023-04-19 10:26:14,4227.80699630815
"10","1","Apr","GCW","UP","5","1-Apr-GCW-UP-5",2023-04-19 10:18:29.5,NA,NA,NA,NA,NA,364.49874081842,3.33818827269923,0.0595173845593538,4221.46662024912,2.09173478995821,3.42892177546805e-48,0.983738926136608,6.81662455562359,364.330331508669,0.984946938684126,6.68842479805853,364.568564073335,TRUE,3.32344764046282,0.0637854228609347,7.74711244405573,2023-04-19 10:17:58,2023-04-19 10:18:56,4234.92609285871
"11","1","Apr","MSM","TR","1","1-Apr-MSM-TR-1",2023-04-24 12:54:55.5,435.973566284274,1.48680305393339,1.60787837836708e-21,0.827979760134559,13.2125661213921,398.344122731882,1.91787177665813,0.081422497200666,4008.84506664742,2.86158861550883,2.07551904527032e-29,0.914307046765009,9.32545335967764,400.392216986328,0.917349225623914,9.33979905202476,398.611124736587,TRUE,1.94473114987796,0.0818958097116397,9.70503690595669,2023-04-24 12:54:24,2023-04-24 12:55:22,4017.96232270401
"12","1","Apr","MSM","TR","2","1-Apr-MSM-TR-2",2023-04-24 12:37:21.5,433.65071256622,3.39583412335979,1.20703009376352e-30,0.923174255520089,12.9314257153202,406.071695234797,2.86893385342442,0.0874618947954231,4043.13143425754,3.07384286950323,2.03228218599624e-36,0.953899801521239,10.0171555614863,398.675443924138,0.962670811115167,9.192506951108,406.073779667454,TRUE,2.87079831050962,0.0918612795351506,12.5057881162895,2023-04-24 12:36:50,2023-04-24 12:37:48,4053.26852169655
"13","1","Apr","MSM","TR","3","1-Apr-MSM-TR-3",2023-04-24 12:42:31.5,NA,NA,NA,NA,NA,396.382796613719,2.15631160631151,0.0799571755874108,4040.83980654097,2.81008997826837,3.07730351458534e-32,0.933272671061206,9.15762765018532,396.214278111771,0.938229876370813,8.98539173470415,396.442734818445,TRUE,2.14311382261609,0.0854039787829472,9.69294058645417,2023-04-24 12:42:00,2023-04-24 12:42:58,4043.38849425175
"14","1","Apr","MSM","TR","4","1-Apr-MSM-TR-4",2023-04-24 12:51:08.5,NA,NA,NA,NA,NA,386.588374250005,0.907890478605369,0.0730250176687979,4033.11789376536,2.56645971804773,3.36144065839548e-17,0.748268646842752,8.36367613095562,390.230200450163,0.749932817484841,8.50106960559178,386.589078849861,TRUE,0.909513557683105,0.0781612667820889,10.0864472204922,2023-04-24 12:50:37,2023-04-24 12:51:35,4038.84211719502
"15","1","Apr","MSM","TR","5","1-Apr-MSM-TR-5",2023-04-24 12:47:23.5,435.316063155195,2.46469033846252,2.49454554533825e-24,0.865758249450016,13.1323724821956,390.179342482745,2.19006154838958,0.0754938953042054,4033.40642021082,2.65322826946117,8.73271409843959e-34,0.94180630093167,8.64644077256325,387.50331870532,0.948573838812734,8.28911399009506,390.372149764043,TRUE,2.21645942132265,0.0797406199135603,7.03606195016656,2023-04-24 12:46:52,2023-04-24 12:47:50,4039.62308334529
"16","1","Apr","MSM","UP","1","1-Apr-MSM-UP-1",2023-04-24 13:42:02.5,437.788611005942,4.2304341274604,1.75334630267698e-29,0.91486026296188,13.4364924859375,401.094687119956,2.836069722502,0.0835228128217069,4109.51053161171,2.93540407778007,3.64446409875233e-37,0.956845928808951,9.56600598380497,398.096493292813,0.962091302136814,9.1433609470602,401.100380070298,TRUE,2.82998251210202,0.0944915649301158,10.6349890627354,2023-04-24 13:41:31,2023-04-24 13:42:29,4094.1699669175
"17","1","Apr","MSM","UP","2","1-Apr-MSM-UP-2",2023-04-24 13:37:47.5,476.433297826189,5.16826597563901,4.13143766873318e-27,0.894998338539932,19.2170037587969,398.847197414296,3.6870189932107,0.0818026559674095,4065.0137284255,2.87494927179426,2.36925365358895e-43,0.975041946986191,9.36899357240045,402.524153955879,0.975190807496943,9.52599992363584,398.87852511108,TRUE,3.67822310656315,0.0852276080555831,10.0467718178864,2023-04-24 13:37:16,2023-04-24 13:38:14,4077.83650170907
"18","1","Apr","MSM","UP","3","1-Apr-MSM-UP-3",2023-04-24 13:33:10.5,399.332885024636,1.15765703648799,1.11480633407642e-17,0.758669907737441,9.41122182501911,388.638785532904,1.08021724797643,0.0744246630775875,4061.61395991627,2.61565016915451,6.30236246994172e-20,0.802027764859326,8.52397983605554,392.188029844912,0.803673425961288,8.65658273615756,388.659131589454,TRUE,1.08094867543573,0.0807501654155038,10.0795796914412,2023-04-24 13:32:39,2023-04-24 13:33:37,4077.12138204274
"19","1","Apr","MSM","UP","4b","1-Apr-MSM-UP-4b",2023-04-24 13:26:51.5,447.543567563278,3.77199368083985,1.60297992138881e-26,0.889390349909602,14.7066238908625,400.633798376283,2.71878987523397,0.083167139644932,4058.69063484244,2.92290396603586,2.40624550479197e-36,0.953599607972421,9.52527014622523,403.113409673716,0.954887807135951,9.57811650657445,400.659443952859,TRUE,2.71604511157563,0.0869856505446876,10.5883380992326,2023-04-24 13:26:20,2023-04-24 13:27:18,4053.36574548542
"20","1","Apr","MSM","UP","5","1-Apr-MSM-UP-5",2023-04-24 13:15:48.5,NA,NA,NA,NA,NA,446.950243730908,2.70402587875919,0.127703132019846,4114.35180590461,4.48811865659437,3.15997230938017e-27,0.896073052637181,14.6260510605672,448.931341691886,0.899886839788701,14.6394666535788,447.526569023517,TRUE,2.63979079356156,0.106140692517146,12.7311953854214,2023-04-24 13:15:17,2023-04-24 13:16:15,4113.32218614294
"21","1","Aug","GCW","TR","1","1-Aug-GCW-TR-1",2023-08-15 09:23:26.5,437.296569092881,14.7016713402063,6.62299199936976e-49,0.984735174456626,13.3754158200288,521.077151237441,6.56606435035254,0.253678709681911,4348.07594111378,8.91552252240168,2.25095355506695e-31,0.92797282635716,29.0542424614129,448.153814819554,0.982668299395898,14.5344508809839,531.062334901458,TRUE,5.87350961005118,0.13604138114086,16.0756551078109,2023-08-15 09:22:55,2023-08-15 09:23:53,4249.44455286528
"22","1","Aug","GCW","TR","2","1-Aug-GCW-TR-2",2023-08-15 09:30:10,402.541390651888,14.2573430721341,2.12049833078484e-28,0.957698712386471,31.2474350617122,332.823861953552,12.4746992517115,0.176244381734407,5036.11093349807,4.8746787382454,8.29158953474316e-43,0.992275554838909,13.3527656765741,276.592553374868,0.998222276364159,6.5765957189721,332.948192267738,TRUE,12.4190201675464,0.182318574148563,14.7044635814351,2023-08-15 09:29:45,2023-08-15 09:30:30,5049.78359651421
"23","1","Aug","GCW","TR","3","1-Aug-GCW-TR-3",2023-08-15 09:33:25.5,478.302342397005,14.7805763625,5.83398662547545e-44,0.976351041587068,19.5524670013211,489.170994592699,7.88857982098165,0.188791110328125,4504.50846935107,6.63505186647379,1.09593166821215e-41,0.9710783511689,21.6225583176082,417.457763057778,0.992882948468496,10.9386135054367,494.228529544868,TRUE,7.52334782371135,0.112851377664427,14.5685774490889,2023-08-15 09:32:54,2023-08-15 09:33:52,4400.7036400978
"24","1","Aug","GCW","TR","4","1-Aug-GCW-TR-4",2023-08-15 09:36:59.5,543.00391672782,11.5089856360796,2.35718385974066e-32,0.933952463220081,35.5944639594064,428.616922384396,8.6855821006634,0.107765256832756,4462.52859403107,3.78740326939369,2.76010687345899e-56,0.992058540583427,12.3425332179487,408.986543734126,0.994873119116533,10.1134056591071,432.178204264672,TRUE,8.52911769949498,0.068886401775682,6.60861892732731,2023-08-15 09:36:28,2023-08-15 09:37:26,4399.03939201816
"25","1","Aug","GCW","TR","5","1-Aug-GCW-TR-5",2023-08-15 09:40:34.5,515.895544768296,11.0032919628039,2.29145551710688e-35,0.94940223979686,27.6931938866138,425.909284980442,7.71432293679168,0.105097090778689,4326.20213962644,3.69363073886333,3.42545206961335e-54,0.990440885547702,12.036943743927,380.648410880606,0.996160828135697,7.77934168074579,433.035996416624,TRUE,7.47447239624941,0.0510226203704864,6.04341731454409,2023-08-15 09:40:03,2023-08-15 09:41:01,4251.0018920974
"26","1","Aug","GCW","UP","1","1-Aug-GCW-UP-1",2023-08-15 09:45:00.5,585.792482725368,32.3045796008587,2.33127684043614e-43,0.975057446140216,52.8987942135905,579.258611688091,20.8544466731554,0.434756354777249,4261.20922677079,15.2794851315432,1.00166426396136e-44,0.977899997462125,49.7933648400254,471.021338006293,0.997234809050136,17.9619939785187,588.975737339831,TRUE,19.6946071534836,0.266967280155056,24.1546014922983,2023-08-15 09:44:29,2023-08-15 09:45:27,4178.15817999089
"27","1","Aug","GCW","UP","2","1-Aug-GCW-UP-2",2023-08-15 09:54:00.5,683.265664773495,29.6419879329003,4.0272787677441e-31,0.926345477685091,130.439563991723,502.520593722517,30.221936428252,0.213630645198703,4207.94568461351,7.50803577932285,6.23627131453699e-69,0.997408454026979,24.4674713560867,438.020179539634,0.999271138528315,13.2327100433302,502.520593722517,TRUE,30.221936428252,0.213630645198703,35.1795071036269,2023-08-15 09:53:29,2023-08-15 09:54:27,4334.39775030504
"28","1","Aug","GCW","UP","3","1-Aug-GCW-UP-3",2023-08-15 09:57:47.5,695.730185392623,46.1794882801427,1.08853079337114e-34,0.946280383486523,146.397018557289,600.776791367213,39.5842497343461,0.530610470403493,4320.4390546437,18.6482720817853,1.48608850027484e-54,0.990742981252044,60.7716953424995,563.337176574008,0.995702722109974,42.225924752607,608.317071823281,TRUE,38.3519581303142,0.313573401541645,29.1922033547718,2023-08-15 09:57:16,2023-08-15 09:58:14,4267.548718519
"29","1","Aug","GCW","UP","4","1-Aug-GCW-UP-4",2023-08-15 10:01:20.5,653.933901874478,21.3904314031779,5.51777753785807e-30,0.918557150172354,99.416650640311,458.724547814968,21.9094878388205,0.142412763066596,4137.29477991337,5.00508772766055,8.0405022779518e-71,0.997807782678869,16.310769448981,447.809220557205,0.998336866051963,14.4881498938503,460.029062231562,TRUE,21.7758873676773,0.118329977570936,14.0249445825935,2023-08-15 10:00:49,2023-08-15 10:01:47,4198.44932640429
"30","1","Aug","GCW","UP","5","1-Aug-GCW-UP-5",2023-08-15 09:50:15.5,648.386708473428,28.5712277196951,5.30451012303152e-33,0.937630140518204,94.4392442022642,475.425698225152,23.7788112512511,0.166229589955408,4309.64364970484,5.84212863190353,3.50555066119559e-69,0.997465236176847,19.038550049713,402.067571578987,0.999394958019778,9.48581267522464,477.769662350929,TRUE,23.5482544636629,0.128312926569953,11.8124752250175,2023-08-15 09:49:44,2023-08-15 09:50:42,4265.90865156889
"31","1","Aug","GWI","TR","1","1-Aug-GWI-TR-1",2023-08-24 12:25:34.5,465.614434468929,4.08473668637747,2.28872591778072e-32,0.934027191559993,17.3852272820677,353.497127252308,4.24394837468432,0.0537531169484682,3334.09656099592,1.88914996218752,7.99493889677847e-56,0.991727007994567,6.15643344621146,328.475795250359,0.995166532302992,4.79892504264871,353.636865061079,TRUE,4.23491422889512,0.053927798043062,6.74820794891118,2023-08-24 12:25:03,2023-08-24 12:26:01,3326.15159339068
"32","1","Aug","GWI","TR","2","1-Aug-GWI-TR-2",2023-08-24 12:21:42.5,517.22243553165,7.30201041443456,6.29035820061502e-32,0.931414824095211,28.0355318555892,371.293342138255,6.7246393301056,0.0633820959012945,3354.00479802139,2.22755983043897,1.86352076098961e-62,0.995401704008199,7.25925634176328,354.124597030589,0.996892955353331,6.08532934321883,371.462438078234,TRUE,6.69907517058593,0.0688966982062007,7.16401631959471,2023-08-24 12:21:11,2023-08-24 12:22:09,3334.18613121016
"33","1","Aug","GWI","TR","3","1-Aug-GWI-TR-3",2023-08-24 12:17:36.5,520.811545905763,7.262290437835,3.10031364204582e-32,0.933253574759524,28.9828769032226,382.699833424523,7.04494493839806,0.0704425217237309,3420.62950304128,2.47569805818622,3.96504280776299e-61,0.994827912203113,8.06789859630292,363.750642373588,0.996618594617463,6.65262090603018,383.006803234901,TRUE,7.01632118931531,0.065032944636265,6.44794840162923,2023-08-24 12:17:05,2023-08-24 12:18:03,3381.97466487764
"34","1","Aug","GWI","TR","4","1-Aug-GWI-TR-4",2023-08-24 12:13:45,593.2949419289,41.5982127078785,1.13013767188591e-46,0.979941098892153,51.3480535066558,625.166638077898,22.0144886620751,0.58274160043013,3714.30180806127,20.8161955742279,5.31742980416393e-40,0.964192463597295,68.6052952184021,494.809200497188,0.996887905774962,20.6181470178219,625.381053249413,TRUE,21.7862269785784,0.559857261421362,84.1931925310117,2023-08-24 12:13:13,2023-08-24 12:14:12,3474.55478454019
"35","1","Aug","GWI","TR","5","1-Aug-GWI-TR-5",2023-08-24 12:09:32.5,546.890672959032,10.2681047183066,7.7549512769832e-32,0.930861208601192,36.8987842234477,396.559240582389,8.81652716566386,0.0800879116247845,3451.39395491172,2.81468468819556,2.75737298084184e-63,0.995727494003717,9.17260106491556,361.853342926155,0.997913632205018,6.5367709875585,396.830037712045,TRUE,8.85730185996041,0.0776252505888975,6.97697797067254,2023-08-24 12:09:01,2023-08-24 12:09:59,3357.51537028321
"36","1","Aug","GWI","UP","1","1-Aug-GWI-UP-1",2023-08-24 12:30:43.5,502.645077310434,5.24537169963929,1.1974257354124e-29,0.916097833402525,24.4956894545064,328.721875900223,5.31557965071887,0.042734270219146,3295.19509689919,1.50189327710998,4.92591651054942e-66,0.996650364913187,4.8944266939684,329.72055443177,0.996831458512596,4.85455525196736,328.723602188007,TRUE,5.31695686911687,0.046821610661123,5.35403407586462,2023-08-24 12:30:12,2023-08-24 12:31:10,3315.56772246042
"37","1","Aug","GWI","UP","2","1-Aug-GWI-UP-2",2023-08-24 12:34:46.5,524.376606375395,8.13286294317546,4.82482410885549e-31,0.925832601730194,29.9555621892016,403.147099363097,6.89817719753363,0.0851252429968513,3359.75428443882,2.99172138692671,2.0862818459709e-56,0.992143558201087,9.74953496380691,399.834126271431,0.99313862143202,9.29166006498822,403.255082688275,TRUE,6.87444304991977,0.0841576964989026,7.87504031492403,2023-08-24 12:34:15,2023-08-24 12:35:13,3364.75110261971
"38","1","Aug","GWI","UP","3","1-Aug-GWI-UP-3",2023-08-24 12:38:56.5,525.565453657992,7.51189145668867,2.41649484144787e-32,0.933889388174499,30.2871299561915,363.218512079382,7.40435702843337,0.0588160323961595,3374.5307699411,2.06708581167014,2.64283081270548e-66,0.99672962573688,6.73629753162604,327.066099742145,0.998445208830482,4.73669297303616,364.302538089748,TRUE,7.350704380271,0.0500137930659326,5.80018579518422,2023-08-24 12:38:25,2023-08-24 12:39:23,3384.12995293153
"39","1","Aug","GWI","UP","4","1-Aug-GWI-UP-4",2023-08-24 12:43:05.5,507.043958017743,5.81774291279507,3.36194409577389e-31,0.926854498316823,25.5140055427218,362.686850117397,5.92463823777516,0.0585272045739214,3376.12903684907,2.05693497576638,2.11850773208134e-61,0.994951097690408,6.70321760313134,342.405307098846,0.996779577213232,5.45956384635039,362.813620108039,TRUE,5.90564458839858,0.0610595225433219,7.31802336316705,2023-08-24 12:42:34,2023-08-24 12:43:32,3377.74224605689
"40","1","Aug","GWI","UP","5a","1-Aug-GWI-UP-5a",2023-08-24 12:49:55.5,562.542434227118,10.1610903125333,4.68132369160958e-31,0.925918554110815,42.6532007525487,368.499825138847,9.85666784384768,0.0617636821587386,3314.20115570354,2.17068077980672,1.20085727795265e-71,0.99796237796604,7.07389673733269,357.023108136069,0.998470137919487,6.2508591265481,368.840454695456,TRUE,9.83102514471851,0.0640969820079104,7.85972421133443,2023-08-24 12:49:24,2023-08-24 12:50:22,3347.04802818265
"41","1","Aug","MSM","TR","1","1-Aug-MSM-TR-1",2023-08-17 12:09:01.5,486.869668795307,5.29053242955502,6.31174517045614e-30,0.918135640312385,21.1666867082518,351.31904071183,4.64229106941559,0.0526799109826183,3332.65936602438,1.85143220506194,2.75063060580461e-58,0.993348336916565,6.03351739077291,348.565841794178,0.994130275659999,5.78004167499498,351.48023392974,TRUE,4.6215794108866,0.0526154565884257,6.18945217451886,2023-08-17 12:08:30,2023-08-17 12:09:28,3342.98497518145
"42","1","Aug","MSM","TR","2","1-Aug-MSM-TR-2",2023-08-17 12:31:11.5,500.476399591011,5.57756970214979,5.97949966518929e-31,0.925218925288498,24.0087131453503,385.959488487632,5.50291210694871,0.0726010274482947,3334.09147450999,2.55155860803769,6.55071221277731e-55,0.991030039234093,8.3151158292921,356.843449560996,0.995142026760536,6.24046943315791,385.973951300918,TRUE,5.50274728642142,0.0766328923945088,9.94154450880258,2023-08-17 12:30:40,2023-08-17 12:31:38,3361.44712664347
"43","1","Aug","MSM","TR","3","1-Aug-MSM-TR-3",2023-08-17 12:20:36.5,514.287210911258,9.58210089984658,2.5649597773654e-35,0.949182550679749,27.2838429806883,419.591446322875,7.58675669664723,0.0991254372362796,3376.32241245428,3.48375734538823,3.96915891543945e-55,0.991201207325381,11.3530003805511,361.075126293269,0.997235375320914,6.48983820939269,419.614069734209,TRUE,7.58070408432739,0.0994659191484221,13.287882768799,2023-08-17 12:20:05,2023-08-17 12:21:03,3376.83293736705
"44","1","Aug","MSM","TR","4","1-Aug-MSM-TR-4",2023-08-17 12:25:59.5,441.612598544889,2.73763662788766,3.21942540641467e-27,0.895998678976892,13.9207650977342,303.740071777033,2.70679222035786,0.033909261526401,3325.87558739072,1.19173889379884,4.53690598984113e-56,0.991905307005708,3.88368384288486,301.762680118137,0.992753517179602,3.74734760636028,303.785527518248,TRUE,2.69969679497227,0.0374966395164965,3.58588873193088,2023-08-17 12:25:28,2023-08-17 12:26:26,3339.9916956205
"45","1","Aug","MSM","TR","5","1-Aug-MSM-TR-5",2023-08-17 12:15:01.5,NA,NA,NA,NA,NA,324.489243060939,8.75918468288733,0.0410918635509908,3391.58289294903,1.44417099659522,3.56823621081742e-78,0.998856882382578,4.70631914006032,324.994778514052,0.998928513458443,4.64671401771295,324.578340168332,TRUE,8.74724064042873,0.0410397517754307,4.02263485098098,2023-08-17 12:14:30,2023-08-17 12:15:28,3400.81161722522
"46","1","Aug","MSM","UP","1","1-Aug-MSM-UP-1",2023-08-17 12:38:51.5,NA,NA,NA,NA,NA,453.430137683977,9.79093449277762,0.135599719539375,3423.29135729079,4.76564373533969,7.99002548608273e-54,0.990124424574087,15.5304602981333,434.586245911365,0.993530948181938,12.8185855792269,455.150699143051,TRUE,9.93119801900154,0.124245789584987,14.3547612961223,2023-08-17 12:38:20,2023-08-17 12:39:18,3436.64461419401
"47","1","Aug","MSM","UP","2","1-Aug-MSM-UP-2",2023-08-17 12:43:21.5,NA,NA,NA,NA,NA,365.454956205872,6.96981940695576,0.060046682028817,3402.06385355916,2.11033691670336,1.77482444564981e-64,0.996155274295384,6.87724587079536,328.625012709447,0.998194942950849,4.80556002704669,366.054764203816,TRUE,7.01211918229898,0.0536073871630947,5.47852647703832,2023-08-17 12:42:50,2023-08-17 12:43:48,3425.57576914226
"48","1","Aug","MSM","UP","3","1-Aug-MSM-UP-3",2023-08-17 12:47:41.5,NA,NA,NA,NA,NA,363.441154357469,5.82062321106653,0.0589374068622914,3373.80445763812,2.07135150975651,7.60200322580407e-61,0.994696810539056,6.75019875010844,360.800581711991,0.99531045830938,6.47336147646113,363.624161276671,TRUE,5.84402510732325,0.05691002042483,6.88301798657408,2023-08-17 12:47:10,2023-08-17 12:48:08,3393.38153174141
"49","1","Aug","MSM","UP","4","1-Aug-MSM-UP-4",2023-08-17 12:52:26.5,NA,NA,NA,NA,NA,350.381268967911,6.53068854214708,0.0522244677230272,3377.65495061533,1.83542567994341,3.73876505261743e-66,0.996685701107546,5.98135472048746,339.641906860057,0.997477387790677,5.32164180495505,350.3974591356,TRUE,6.53401815678189,0.0566841168568975,6.32842221337625,2023-08-17 12:51:55,2023-08-17 12:52:53,3389.61742355328
"50","1","Aug","MSM","UP","5","1-Aug-MSM-UP-5",2023-08-17 12:57:21.5,NA,NA,NA,NA,NA,379.452162338322,6.931098238023,0.0683557751928855,3356.3750156381,2.40235948074855,1.94370848553773e-61,0.99496779085681,7.82890006253272,332.867951310187,0.998027869495975,4.99811106997658,380.376353375308,TRUE,6.98149179733945,0.0681284526434022,7.20199707002201,2023-08-17 12:56:50,2023-08-17 12:57:48,3397.50979588509
"51","1","Aug","SWH","TR","1","1-Aug-SWH-TR-1",2023-08-23 12:29:27,NA,NA,NA,NA,NA,529.37940181872,23.2057864636566,0.52070850960247,3203.9720562175,16.8004161675625,4.17802542616434e-40,0.976882703403651,51.5475125426026,414.134455528348,0.997972079720009,15.6029710141075,529.45381690599,TRUE,23.1243406672844,0.536516104200527,59.1218445506018,2023-08-23 12:28:58,2023-08-23 12:29:51,3389.61287047623
"52","1","Aug","SWH","TR","2","1-Aug-SWH-TR-2",2023-08-23 12:33:42.5,630.418887265848,23.6336344889754,3.13895785978365e-31,0.927047035808217,79.9649164699304,596.81921545119,18.2717520925754,0.511518602473844,3753.56226364074,17.9772895671906,2.90711938422279e-38,0.960842234211514,58.5850721112286,574.391247040011,0.975996685134744,46.7767772593995,598.468724827774,TRUE,17.7218018488829,0.461895226390091,47.8066093237458,2023-08-23 12:33:11,2023-08-23 12:34:09,3601.60418546651
"53","1","Aug","SWH","TR","3","1-Aug-SWH-TR-3",2023-08-23 11:58:19.5,NA,NA,NA,NA,NA,392.810380159868,5.92864377425379,0.0773556219282123,3456.77591177273,2.71865853622538,3.69962436066988e-55,0.991224969614776,8.85966740399238,382.717230597839,0.99324065507414,7.92979715490048,395.034317856924,TRUE,6.0203536456666,0.0531523688438047,4.85574474386505,2023-08-23 11:57:48,2023-08-23 11:58:46,3422.47409531609
"54","1","Aug","SWH","TR","4","1-Aug-SWH-TR-4",2023-08-23 12:08:26.5,NA,NA,NA,NA,NA,412.091456488075,9.50403213095828,0.0924753146803117,3181.54434254987,3.25003920050013,9.67481431179449e-62,0.995101012227096,10.5913508381773,377.511417313324,0.997602123780821,7.55663118936334,414.451811175224,TRUE,9.3913371193063,0.0799941488979607,8.65280344668447,2023-08-23 12:07:55,2023-08-23 12:08:53,3224.74590973706
"55","1","Aug","SWH","TR","6","1-Aug-SWH-TR-6",2023-08-23 12:25:09.5,NA,NA,NA,NA,NA,526.86359552912,1.41655749459821,0.267641053911632,3245.59160842926,9.40622824461894,2.45342175136022e-06,0.350107351584611,30.6533728539031,474.573477831475,0.770845234772238,18.5625899729866,526.866733941109,TRUE,1.42869513778578,0.29090732933488,35.5768558136846,2023-08-23 12:24:38,2023-08-23 12:25:36,3233.36341533263
"56","1","Aug","SWH","TR","7","1-Aug-SWH-TR-7",2023-08-23 12:38:33.5,380.542057076776,1.21201563581658,4.94516605326971e-25,0.873837365980716,7.90830632585975,321.191544200362,1.37204767635526,0.0398561166804462,3220.58905791465,1.40074074945252,1.83885990211079e-37,0.957965603430506,4.56478700579981,324.117438041921,0.958793442996278,4.6091192377987,321.328354693808,TRUE,1.35781185625759,0.042128793958039,4.34832891303932,2023-08-23 12:38:02,2023-08-23 12:39:00,3233.96612670434
"57","1","Aug","SWH","TR","8","1-Aug-SWH-TR-8",2023-08-23 11:52:41.5,NA,NA,NA,NA,NA,310.179633338787,1.35743357664711,0.0359926139178944,3277.67617018513,1.26495818441944,1.91305350074436e-39,0.964730527373559,4.12229364025774,313.697294813697,0.965044158385507,4.18519783982778,310.522750103938,TRUE,1.37658595129137,0.0324876358583758,3.21077700382934,2023-08-23 11:52:10,2023-08-23 11:53:08,3277.61908428655
"58","1","Aug","SWH","TR","9","1-Aug-SWH-TR-9",2023-08-23 12:52:43,NA,NA,NA,NA,NA,407.63588374333,3.40342258080799,0.190707299556673,3455.67662837492,5.93341868848511,4.85845514674602e-22,0.87620049977475,17.7347535210701,407.811442797305,0.885875239614717,17.4191789081842,407.635883743332,TRUE,3.40342258080799,0.190707299556673,23.1628995022595,2023-08-23 12:52:15,2023-08-23 12:53:06,3442.32057094989
"59","1","Aug","SWH","SWAMP","1a","1-Aug-SWH-SWAMP-1a",2023-08-23 14:03:09.5,NA,NA,NA,NA,NA,323.773812248477,3.62112286454976,0.0408205558913034,3930.96691001888,1.43463590571796,1.95343053390199e-58,0.993435309681196,4.67524582477864,326.697084427798,0.993564909330456,4.72053621837091,323.825126341626,TRUE,3.62208513825067,0.0459841819312181,3.99138413083006,2023-08-23 14:02:38,2023-08-23 14:03:36,3951.99553115275
"60","1","Aug","SWH","SWAMP","2","1-Aug-SWH-SWAMP-2",2023-08-23 13:55:57.5,523.336027581202,5.69317154476693,4.50789993444676e-30,0.919186871217792,29.6683266595942,381.183066657998,6.55183270289542,0.0694601318729133,3505.99740061464,2.4411720277924,8.17974040507609e-60,0.994189438569578,7.95538386082089,376.24447836479,0.995075869134205,7.46850290559768,381.300733919113,TRUE,6.53716087681688,0.0742556047023758,5.85868565752196,2023-08-23 13:55:26,2023-08-23 13:56:24,3480.01759807285
"61","1","Aug","SWH","SWAMP","3","1-Aug-SWH-SWAMP-3",2023-08-23 13:40:03.5,574.702687015288,14.3148287189307,6.32122194917497e-34,0.942524326084369,47.7365451997356,445.284492551405,12.5039164090799,0.125748598915667,3478.28357948304,4.419426711839,5.34040146885069e-61,0.994768340325389,14.4021951493681,374.534750486049,0.998689414370883,7.35120136672466,453.273247172881,TRUE,12.1922954146047,0.0744366741213084,9.10582152664028,2023-08-23 13:39:32,2023-08-23 13:40:30,3463.0265289413
"62","1","Aug","SWH","SWAMP","4","1-Aug-SWH-SWAMP-4",2023-08-23 13:44:12.5,NA,NA,NA,NA,NA,460.719620034396,10.1720218807136,0.145067987836184,3491.10547354272,5.09840543755027,3.61313645263825e-53,0.989534430727245,16.6148767362732,402.178528400201,0.996713173897688,9.49556319811311,462.131898223204,TRUE,10.3134898571312,0.132333545905548,15.2369218962877,2023-08-23 13:43:41,2023-08-23 13:44:39,3454.09173111775
"63","1","Aug","SWH","SWAMP","5","1-Aug-SWH-SWAMP-5",2023-08-23 13:51:00.5,514.182635007227,6.5848641934373,3.70214715308947e-30,0.919795640239145,27.2574369473094,390.610383787042,6.03515457376559,0.0757958028145759,3678.82702781218,2.66383879019334,5.16607859766725e-56,0.991864779447107,8.68101873938681,392.499335222053,0.992176677316033,8.68157096180006,391.063421071254,TRUE,5.98714421212791,0.0630996797256134,6.43160659616653,2023-08-23 13:50:29,2023-08-23 13:51:27,3656.73181890642
"64","1","Aug","SWH","UP","1","1-Aug-SWH-UP-1",2023-08-23 14:08:36.5,583.639244102718,21.248338499494,3.44843219905731e-37,0.956937523283481,51.8545741796196,505.211793911383,15.6536036324244,0.219020884239456,3614.10128587086,7.69747539618789,1.35204083471014e-53,0.989922635003879,25.0848243543394,438.146646781207,0.997297247829656,13.2482145299154,511.957687311963,TRUE,15.1724027302624,0.138271665410901,13.1011072137256,2023-08-23 14:08:05,2023-08-23 14:09:03,3493.76640239877
"65","1","Aug","SWH","UP","2","1-Aug-SWH-UP-2",2023-08-23 14:12:25.5,557.156582067625,9.52704173973494,1.01646738810099e-30,0.923679538698729,40.5782949535146,352.065977152428,9.24012020126913,0.0530455121700064,3428.56778884633,1.86428123612357,1.27483644955537e-73,0.998289190062004,6.07539029983917,341.21739893671,0.99870048224797,5.39984233162039,352.198653068828,TRUE,9.22506359106916,0.0570307466893872,5.72913103465147,2023-08-23 14:11:54,2023-08-23 14:12:52,3384.10118306304
"66","1","Aug","SWH","UP","3","1-Aug-SWH-UP-3",2023-08-23 14:16:12.5,NA,NA,NA,NA,NA,370.206070578006,10.3584312625083,0.0627472086442999,3416.14468664344,2.20524675715814,2.07220551021594e-72,0.998095520533739,7.18654165347308,352.837038409258,0.998717917245839,6.01321176724135,370.353682335855,TRUE,10.3802315076462,0.0675470401453363,7.51048763651909,2023-08-23 14:15:41,2023-08-23 14:16:39,3442.53972642356
"67","1","Aug","SWH","UP","4","1-Aug-SWH-UP-4",2023-08-23 14:19:47.5,516.553809587804,9.06124948571872,6.22633506110121e-32,0.931441768125635,27.8625005809535,391.893802152109,6.67700097729366,0.0767018956089242,3492.04350790149,2.69568336526835,5.17404783154578e-58,0.993184735824162,8.78479504671881,383.638401855574,0.99456851286155,7.99772254567335,392.739993678372,TRUE,6.61559836679942,0.0606652148202844,6.88839427465216,2023-08-23 14:19:16,2023-08-23 14:20:14,3399.14652427279
"68","1","Aug","SWH","UP","5a","1-Aug-SWH-UP-5a",2023-08-23 14:25:29.5,627.283429244021,18.792063344563,2.82554348810293e-31,0.927341165085725,77.6767492886357,417.150772215473,18.1301157851965,0.0969104403435373,4099.19199397883,3.40591141693387,3.13273271757874e-75,0.99851646242154,11.0993131205768,387.984654721227,0.999197286864337,8.32613948394908,417.411705835248,TRUE,18.1558649538556,0.101325393445914,10.4770228603006,2023-08-23 14:24:58,2023-08-23 14:25:56,3982.42418821003
"69","1","Jul","GCW","TR","1","1-Jul-GCW-TR-1",2023-07-11 10:21:38.5,492.675568781554,7.76960366307181,2.18282860031158e-33,0.939721714721554,22.3357134466527,429.346088679657,5.67421786966133,0.108495299934561,4471.95955146485,3.81306058894022,1.22313754153495e-46,0.981343328983744,12.4261462626291,411.476859618314,0.987556255410726,10.3493148263005,429.367493405116,TRUE,5.67549701880076,0.111250179640215,15.391392286291,2023-07-11 10:21:07,2023-07-11 10:22:05,4434.46264550762
"70","1","Jul","GCW","TR","2","1-Jul-GCW-TR-2",2023-07-11 10:25:40.5,NA,NA,NA,NA,NA,399.796090615055,9.72327587513437,0.0825245446726008,4335.28105260827,2.90032000557744,8.17653867537138e-65,0.996268180232511,9.45167268054116,401.979348189747,0.996391642763044,9.47806703796346,399.799851563787,TRUE,9.71837530199158,0.0762798335927788,10.2138356226694,2023-07-11 10:25:09,2023-07-11 10:26:07,4318.16615586581
"71","1","Jul","GCW","TR","3","1-Jul-GCW-TR-3",2023-07-11 10:29:53.5,NA,NA,NA,NA,NA,253.938927958475,4.51875681763549,0.0960265904817376,4799.8163148002,2.49021963659746,6.26440664301069e-34,0.984002802213112,6.49121284741854,257.180190961327,0.984319046774785,6.61305164349656,254.035678321655,TRUE,4.54738777640182,0.104153818220066,5.40200821749533,2023-07-11 10:29:30,2023-07-11 10:30:12,4803.31733326467
"72","1","Jul","GCW","TR","4","1-Jul-GCW-TR-4",2023-07-11 10:33:17.5,563.774671896882,9.9956049966332,1.8715016195691e-29,0.914646809235123,43.1426439231306,403.13317035743,9.27736558645214,0.0851142649085784,4437.52801995734,2.99133556269506,4.60867826376471e-63,0.995642252863903,9.74827762518813,393.421183884156,0.996619480024785,8.75599084804352,403.317553954191,TRUE,9.24228946120935,0.0750314076782344,8.11750279985013,2023-07-11 10:32:46,2023-07-11 10:33:44,4453.62688113764
"73","1","Jul","GCW","TR","5","1-Jul-GCW-TR-5",2023-07-11 10:36:53.5,528.538519848443,12.2831470874406,6.11313949786622e-37,0.955979584264137,31.1324679148593,451.338497543367,9.29313170310466,0.132998821711633,4231.10483433953,4.67423534245256,4.3269482163095e-53,0.989461623725251,15.2325751654024,384.878612585583,0.997141746444983,8.0900932052191,453.250891961134,TRUE,9.1499271788901,0.122752787688641,12.0928927398257,2023-07-11 10:36:22,2023-07-11 10:37:20,4185.5507721597
"74","1","Jul","GCW","UP","1","1-Jul-GCW-UP-1",2023-07-11 10:41:36.5,553.819562903182,38.8920971729692,2.057627899363e-51,0.987774486699677,39.3436657948958,613.593637197347,21.9854031388744,0.597469163384184,4782.86316622596,20.998016701013,6.57223014911494e-39,0.96301722277091,68.4291321015791,426.828984612778,0.998919122109612,11.9301597026948,617.303959420376,TRUE,21.0187186251677,0.519526856583183,55.8765541891643,2023-07-11 10:41:05,2023-07-11 10:42:03,4620.20305693478
"75","1","Jul","GCW","UP","2","1-Jul-GCW-UP-2",2023-07-11 10:49:08.5,598.21556603045,24.7826977608682,4.78205372402695e-37,0.956393051757229,59.3474464010619,525.18154173036,17.7925305243168,0.263504951609507,4478.7646576889,9.26086518567012,2.51714428556284e-52,0.988723346014878,30.1796582119379,472.241319293259,0.99607138869515,18.1660451963683,532.611668039693,TRUE,17.1741845561708,0.139913387466173,13.6144420529547,2023-07-11 10:48:37,2023-07-11 10:49:35,4335.53321842313
"76","1","Jul","GCW","UP","3","1-Jul-GCW-UP-3",2023-07-11 10:53:45.5,572.026535286753,45.4199042226565,3.61160362738744e-51,0.987507126034935,46.5682076312309,639.676853702156,25.652261638836,0.760680887656527,4920.30993203848,26.7340826306082,5.13353655252183e-37,0.95627403574778,87.122041000004,500.439775667277,0.996918539751814,23.5859458855674,641.476783698794,TRUE,24.7972646417594,0.699513087156078,86.3021159579847,2023-07-11 10:53:14,2023-07-11 10:54:12,4562.87773244562
"77","1","Jul","GCW","UP","4","1-Jul-GCW-UP-4",2023-07-11 10:57:45.5,553.048455286473,22.5539839609226,7.36742458618043e-44,0.976137917075893,39.063756979789,558.857756079807,15.7089737377212,0.359922582251987,4465.82048514927,12.649456836217,1.20961998230214e-42,0.973427672494924,41.2225290218462,458.143706598624,0.996178200861318,15.9430142010779,569.276511518245,TRUE,14.7003174872926,0.192410847630559,23.2727911028416,2023-07-11 10:57:14,2023-07-11 10:58:12,4385.62589731013
"78","1","Jul","GCW","UP","5","1-Jul-GCW-UP-5",2023-07-11 10:45:29.5,655.866285178762,48.0993018654419,6.24943873277335e-38,0.959673372477656,101.211465825714,613.524546289521,31.4394480601177,0.597087066293709,4970.54513334445,20.9845879224602,8.65497038725216e-47,0.981589784374232,68.3853698894314,532.987104832564,0.996152600242448,31.88115810461,613.54966017977,TRUE,31.3466228927604,0.598966309911699,86.3272187979372,2023-07-11 10:44:58,2023-07-11 10:45:56,4813.62271252009
"79","1","Jul","GWI","TR","1","1-Jul-GWI-TR-1",2023-07-20 13:28:57.5,396.030013507044,4.76265242441663,4.65144194046287e-37,0.9564394341312,9.1277629688266,378.341739873909,2.70998874404151,0.0676565630386008,3620.04708140833,2.37778571294092,9.25221693376898e-41,0.968606788800391,7.74881813729734,346.038423792054,0.983972467341051,5.64634749091488,379.21621971492,TRUE,2.65787193680381,0.068216489576769,5.93651561775734,2023-07-20 13:28:26,2023-07-20 13:29:24,3618.61213289173
"80","1","Jul","GWI","TR","2","1-Jul-GWI-TR-2",2023-07-20 13:34:04.5,NA,NA,NA,NA,NA,366.43295172222,4.46605057241301,0.0605929050334185,3640.50766977506,2.12953389033148,2.76862023981219e-54,0.990518820876559,6.93980569551851,339.001547333387,0.99470244367009,5.29018179371162,367.028350729329,TRUE,4.4973763480505,0.0606691773335856,5.92348150886965,2023-07-20 13:33:33,2023-07-20 13:34:31,3661.78082907338
"81","1","Jul","GWI","TR","3","1-Jul-GWI-TR-3",2023-07-20 13:38:27.5,506.655737417057,5.31175770411761,3.75791045981213e-29,0.91233143189743,25.4224566415501,352.255905674065,5.39234795006466,0.0531388799450883,3790.81732567339,1.86756264078955,1.86684039605669e-61,0.994975593742419,6.08608386564417,355.909335298724,0.995007736973138,6.18672707606425,352.266138390345,TRUE,5.39759000131934,0.0506829726666113,6.65957845881086,2023-07-20 13:37:56,2023-07-20 13:38:54,3786.58743241304
"82","1","Jul","GWI","TR","4","1-Jul-GWI-TR-4",2023-07-20 13:42:20.5,524.241000256666,5.27501597427003,5.23331444580545e-28,0.903003730250245,29.9179732230669,376.098056601575,6.02935879905486,0.0662655079283274,3597.6674393532,2.32889716734285,5.26498686471541e-59,0.993758099669821,7.58949829330354,350.08569112333,0.996419508325538,5.86195738077686,376.164017163982,TRUE,6.04444284192224,0.0674640291178098,8.66860520534784,2023-07-20 13:41:49,2023-07-20 13:42:47,3649.13800046947
"83","1","Jul","GWI","TR","5","1-Jul-GWI-TR-5",2023-07-20 13:46:12.5,487.461641529511,4.52603655985362,2.27813119662275e-30,0.921277240893432,21.283024712054,400.952940088177,4.73791599582251,0.0834132633314533,3639.92721757054,2.93155396773774,1.79647241778873e-48,0.984138111026625,9.5534590993804,390.240012631696,0.987921129426831,8.50184199288381,401.866926243191,TRUE,4.68175880802467,0.074673109407125,7.70990398927837,2023-07-20 13:45:41,2023-07-20 13:46:39,3662.89352962478
"84","1","Jul","GWI","UP","1","1-Jul-GWI-UP-1",2023-07-20 13:52:22.5,NA,NA,NA,NA,NA,355.279109484969,7.00011016176991,0.0546473919418326,3660.43682774749,1.92057920137972,1.07406103205033e-66,0.996840936621995,6.25885624123815,354.5964670856,0.997103335263379,6.11197533244281,355.324314190587,TRUE,7.00658361533656,0.0550338475816937,6.54321405172665,2023-07-20 13:51:51,2023-07-20 13:52:49,3698.31584455478
"85","1","Jul","GWI","UP","2","1-Jul-GWI-UP-2",2023-07-20 13:56:36.5,NA,NA,NA,NA,NA,403.279733968554,11.6794893224848,0.0852298493747428,3623.02843640905,2.99539777159158,3.25102447367123e-68,0.997238543963428,9.76151570539172,394.714798805729,0.99781181134021,8.86149999881557,403.804394632239,TRUE,11.7364506784637,0.0660093359327778,6.37776773084679,2023-07-20 13:56:05,2023-07-20 13:57:03,3693.25691344827
"86","1","Jul","GWI","UP","3","1-Jul-GWI-UP-3",2023-07-20 14:00:05.5,573.749027010041,12.1649655168157,6.08215040649963e-31,0.925170025362239,47.3168782584739,390.136684477679,10.8770614033453,0.0754640824981961,3786.04262464025,2.65218050024252,2.36660480869097e-69,0.997503249791258,8.64302626255042,384.177568518807,0.99792375308429,8.03774927659605,390.72246316502,TRUE,10.8424111683298,0.0744419089988101,5.90486547129949,2023-07-20 13:59:34,2023-07-20 14:00:32,3783.55018093308
"87","1","Jul","GWI","UP","4","1-Jul-GWI-UP-4",2023-07-20 14:03:48.5,NA,NA,NA,NA,NA,342.678882506498,6.13973061005351,0.0486296157184129,3718.10457194026,1.70908482914034,2.27469024675808e-66,0.996748438665182,5.56963037087246,343.285966226462,0.99694645409013,5.50426450380473,342.891452790167,TRUE,6.13033053601149,0.0485261496684511,5.46475718305414,2023-07-20 14:03:17,2023-07-20 14:04:15,3737.53562239752
"88","1","Jul","GWI","UP","5","1-Jul-GWI-UP-5",2023-07-20 14:07:24.5,538.454375064955,8.79452260177438,5.25685490142586e-32,0.931886019496031,34.1261766412389,378.668215216439,8.21820698087105,0.0678613928412558,3719.51996543062,2.38498444365474,1.97100760321313e-65,0.99646688638645,7.77227763359139,356.634206360307,0.997818378842721,6.22839062125693,378.684440350175,TRUE,8.21609728540441,0.0765653806742049,8.80681492616956,2023-07-20 14:06:53,2023-07-20 14:07:51,3747.39935233228
"89","1","Jul","MSM","TR","1","1-Jul-MSM-TR-1",2023-07-13 11:24:09.5,NA,NA,NA,NA,NA,342.983348688428,2.35754358331569,0.0487669024145688,3795.66541497361,1.71390976156426,6.7398893498812e-45,0.978234080723666,5.58535404339445,345.359237624546,0.978878968877176,5.61095038073108,343.038054879412,TRUE,2.3686228156654,0.0489755567010594,4.93432312287033,2023-07-13 11:23:38,2023-07-13 11:24:36,3801.2452021477
"90","1","Jul","MSM","TR","2","1-Jul-MSM-TR-2",2023-07-13 12:34:32.5,NA,NA,NA,NA,NA,366.092979454543,1.78631827291135,0.0604024650501882,3800.92602854579,2.1228408889291,3.39492150303507e-34,0.94388071851954,6.91799428905851,348.949349171951,0.962062853798726,5.80060305474668,366.315244259066,TRUE,1.7747855761211,0.0626232561741007,7.02871024309843,2023-07-13 12:34:01,2023-07-13 12:34:59,3820.08604545441
"91","1","Jul","MSM","TR","3","1-Jul-MSM-TR-3",2023-07-13 12:30:14.5,419.110595416677,3.94250427007447,1.74815056648407e-34,0.945293675845032,11.3025655129848,378.454634511583,3.00307265246559,0.0677273228226261,3914.01334144129,2.38027256116302,5.43160272607949e-43,0.974233088905063,7.75692237247011,359.560135546022,0.983137049284636,6.39943630463511,378.550111543586,TRUE,3.00250235504334,0.0644331336088641,7.16715738038756,2023-07-13 12:29:43,2023-07-13 12:30:41,3914.46476103424
"92","1","Jul","MSM","TR","5","1-Jul-MSM-TR-5",2023-07-13 11:28:15.5,NA,NA,NA,NA,NA,394.627075197914,4.91318642080279,0.0786678458932503,3798.91821559662,2.76477656611209,1.38591745287587e-50,0.986844119135562,9.00995858645581,388.232410602662,0.989147721218507,8.34526187249734,394.694587895581,TRUE,4.91315126188446,0.0824031151780977,9.24177294545629,2023-07-13 11:27:44,2023-07-13 11:28:42,3827.38124416622
"93","1","Jul","MSM","UP","1","1-Jul-MSM-UP-1",2023-07-13 12:58:30.5,NA,NA,NA,NA,NA,387.292149408754,4.7995289906658,0.0735024344092314,3819.99912409111,2.583238499788,1.40914459832688e-51,0.987951165765398,8.41835546036835,328.232718247558,0.996252081318956,4.78813618558726,388.65330034118,TRUE,4.8744065993499,0.0688193887865917,7.46053391198092,2023-07-13 12:57:59,2023-07-13 12:58:57,3856.67676957099
"94","1","Jul","MSM","UP","2","1-Jul-MSM-UP-2",2023-07-13 12:54:14.5,NA,NA,NA,NA,NA,405.540283303513,4.56327342426609,0.0870325972586963,3835.16324413664,3.0587552341936,1.07484887240055e-46,0.981435803970138,9.96798740411198,391.592088182025,0.986685405062715,8.6089474460642,406.056786532826,TRUE,4.60253968034965,0.0760298546783755,6.50525581979618,2023-07-13 12:53:43,2023-07-13 12:54:41,3847.45926557248
"95","1","Jul","MSM","UP","3","1-Jul-MSM-UP-3",2023-07-13 12:49:50.5,469.562874271378,3.85697913655618,9.94922500570071e-29,0.908992389705653,18.0325862178651,343.202971910829,3.74699634034062,0.0488661731705117,3837.26885650398,1.71739862612659,3.60791342200018e-55,0.991233435988201,5.59672368736697,347.123847434903,0.991246271948197,5.70338063701115,343.256780961315,TRUE,3.75286510286469,0.051321839398968,6.49747143655417,2023-07-13 12:49:19,2023-07-13 12:50:17,3850.56032596912
"96","1","Jul","MSM","UP","4","1-Jul-MSM-UP-4",2023-07-13 12:45:39.5,504.82670532634,6.2567014016697,1.01439004472743e-30,0.923685534503719,24.9955402972577,375.899728789355,5.67685349464696,0.0661439316917655,3946.53226893854,2.32462437804722,1.07610988329595e-57,0.992990082690559,7.57557396571985,374.87272184036,0.993613201129631,7.37424198696379,376.033985073221,TRUE,5.65308851769126,0.0657946657048403,6.75880952150514,2023-07-13 12:45:08,2023-07-13 12:46:06,3931.24898673585
"97","1","Jul","MSM","UP","5","1-Jul-MSM-UP-5",2023-07-13 12:41:45.5,NA,NA,NA,NA,NA,347.170694099865,3.79684456613306,0.0506948116134715,3806.95822397438,1.78166601081953,1.21280269851821e-54,0.990815038855231,5.80616067465942,332.061734764724,0.99355246510426,4.96093924656623,347.220653325486,TRUE,3.78597433675081,0.0552317566200131,6.0046212413513,2023-07-13 12:41:14,2023-07-13 12:42:12,3819.32915096596
"98","1","Jul","SWH","TR","1b","1-Jul-SWH-TR-1b",2023-07-19 10:41:18.5,565.967040855805,10.6392648410597,1.86028355285354e-34,0.945162847275392,44.0273767242189,477.872520227802,11.7738648728218,0.170038632987134,4612.49012566933,5.97599721307354,6.90351690334144e-53,0.989270596942745,19.4748060521521,442.339108406176,0.99484025219595,13.7726105887771,480.788275416557,TRUE,11.5252538128296,0.139969926150732,13.1504670895461,2023-07-19 10:40:47,2023-07-19 10:41:45,4569.40677303971
"99","1","Jul","SWH","TR","2","1-Jul-SWH-TR-2",2023-07-19 10:13:49.5,NA,NA,NA,NA,NA,413.60098262227,9.26299170952052,0.0937769260128268,5289.26483192934,3.29578425007486,7.53276139348901e-61,0.994698676362006,10.7404265382738,356.604567403987,0.998286748053527,6.22668156876486,418.78120435042,TRUE,9.44851436615243,0.0685698101140294,6.89636915020621,2023-07-19 10:13:18,2023-07-19 10:14:16,5124.51198905981
"100","1","Jul","SWH","TR","3","1-Jul-SWH-TR-3",2023-07-19 11:00:02.5,572.134032735734,16.4526819094026,1.57521551528428e-34,0.945512179870883,46.6145822209119,458.348844219286,12.5315513188529,0.141918207232446,4243.41499026051,4.98770659353431,2.4774342354804e-58,0.993375041735538,16.2541271507995,419.112505896746,0.99702521686587,11.1075021086332,463.80402807459,TRUE,12.2539619372867,0.0821998147093125,7.65710081192891,2023-07-19 10:59:31,2023-07-19 11:00:29,4190.55369849282
"101","1","Jul","SWH","TR","4","1-Jul-SWH-TR-4",2023-07-19 11:24:28.5,NA,NA,NA,NA,NA,348.7841560065,9.27938225924527,0.0915269728650291,4521.19018735276,2.90036061666075,9.84780055854875e-56,0.995544682535479,8.78468237616085,327.880627647182,0.99734810411853,6.9297496934736,349.533980891751,TRUE,9.21513524042557,0.0790338481202803,7.64099548174719,2023-07-19 11:24:00,2023-07-19 11:24:52,4546.5003239727
"102","1","Jul","SWH","TR","5","1-Jul-SWH-TR-5",2023-07-19 11:13:08.5,NA,NA,NA,NA,NA,408.276332008906,12.8888759206117,0.0892656284419018,4270.73566513611,3.13723497666807,2.16136826706284e-69,0.99751194545634,10.22374016122,384.43787467701,0.998514169151551,8.05714556462654,408.290579041553,TRUE,12.8927499388249,0.0864918894357428,10.4797619294289,2023-07-19 11:12:37,2023-07-19 11:13:35,4286.46975484871
"103","1","Jul","SWH","TR","6","1-Jul-SWH-TR-6",2023-07-19 10:52:57,325.358309280746,1.87413978859722,3.29647623097854e-21,0.877324563244144,8.60392343423242,274.007976614547,1.8123822897812,0.0558193679169403,4538.47800172967,1.67240887551496,6.98645123580026e-32,0.960809920587945,4.86301716272612,274.529618746999,0.96372507261258,4.79140967918089,274.141136880128,TRUE,1.8264941013877,0.0510403764750934,3.59997798194482,2023-07-19 10:52:30,2023-07-19 10:53:19,4544.90906603745
"104","1","Jul","SWH","TR","7","1-Jul-SWH-TR-7",2023-07-19 10:29:58.5,NA,NA,NA,NA,NA,321.792325288744,0.895903912697191,0.0400784456133,4568.7683886857,1.40855448601214,2.48037666612966e-28,0.905744260111231,4.59025070643682,323.017992522904,0.910464500199831,4.56243618949107,321.80840006365,TRUE,0.897051817544838,0.0435226369619901,5.3660017769907,2023-07-19 10:29:27,2023-07-19 10:30:25,4578.7516370287
"105","1","Jul","SWH","TR","8a","1-Jul-SWH-TR-8a",2023-07-19 11:06:17,329.256611368563,1.93930354878893,2.20907221934781e-22,0.891777577552878,8.98478669787313,288.826070226117,2.00990718869722,0.0658096437421012,4465.40014735594,1.9717283874038,8.72285934561031e-31,0.955932078832202,5.7333760473057,289.777806688995,0.958818343901206,5.67601257561718,288.936357729439,TRUE,2.02338740748049,0.0669180052047668,4.80539233945003,2023-07-19 11:05:50,2023-07-19 11:06:39,4467.77243247463
"106","1","Jul","SWH","SWAMP","1b","1-Jul-SWH-SWAMP-1b",2023-07-19 15:23:07.5,507.503874539326,8.4233789026985,7.73542822660821e-29,0.909867505937218,25.6228882592959,463.091331833355,5.26610634484395,0.148288960877275,3712.78731081678,5.21160633536274,3.89346158052684e-38,0.96040011360399,16.9837801094215,461.326476051175,0.964409823423773,16.4198478803207,463.743172251606,TRUE,5.15733558323927,0.0632850376298598,5.4749029200572,2023-07-19 15:22:36,2023-07-19 15:23:34,3596.44716135954
"107","1","Jul","SWH","SWAMP","2a","1-Jul-SWH-SWAMP-2a",2023-07-19 14:47:37.5,516.7862453437,13.5403231443912,4.33462267103736e-39,0.963604134543149,27.9225303533051,463.544913434956,9.15242325250825,0.148913058886424,3538.82062779986,5.23354022119702,3.15534320191773e-50,0.986421270094192,17.0552590872995,382.032819403338,0.997213051432059,7.87970380662883,471.605380492139,TRUE,8.79124135912186,0.0839968480630693,8.43656481236785,2023-07-19 14:47:06,2023-07-19 14:48:04,3509.81595009147
"108","1","Jul","SWH","SWAMP","3","1-Jul-SWH-SWAMP-3",2023-07-19 14:54:19.5,NA,NA,NA,NA,NA,394.097207997724,11.388626136658,0.0782828326996429,3668.36259371569,2.75124530129553,1.46181346562304e-69,0.997549086346803,8.96586238819014,396.329597837051,0.997628014535376,8.99499123761059,394.281652245155,TRUE,11.4042775665073,0.0726378319502834,7.80837140066653,2023-07-19 14:53:48,2023-07-19 14:54:46,3593.78740085911
"109","1","Jul","SWH","SWAMP","4","1-Jul-SWH-SWAMP-4",2023-07-19 14:59:09.5,561.070893239573,12.0127501655668,1.198358764679e-33,0.941094484853423,42.0759760875239,438.856645568233,10.8817263067239,0.118482771923976,3717.51095864413,4.16406967273421,3.24796020926057e-59,0.993872983582269,13.5700279589721,399.745491436153,0.997242420762056,9.28403759364689,442.010951428906,TRUE,10.7016342084184,0.0972515280862291,11.4880027312704,2023-07-19 14:58:38,2023-07-19 14:59:36,3699.48040372448
"110","1","Jul","SWH","SWAMP","5","1-Jul-SWH-SWAMP-5",2023-07-19 15:31:38,NA,NA,NA,NA,NA,307.622135560153,8.26986049043509,0.0658094697446509,3636.46414999152,2.04751018220028,6.00547790120111e-59,0.997158438243772,6.11992686167144,278.803847553455,0.998586466824641,4.41563039774127,307.857067619391,TRUE,8.23861271572884,0.0678630126046274,5.64145911673856,2023-07-19 15:31:10,2023-07-19 15:32:01,3663.88017364252
"111","1","Jul","SWH","UP","1","1-Jul-SWH-UP-1",2023-07-19 15:49:19.5,628.213389393832,20.963185660715,2.7490623271086e-33,0.939185266834269,78.3484916958986,466.69416767211,19.9727562568021,0.1533192578074,3945.31505067069,5.38839580906799,4.49037562660819e-67,0.996945135057808,17.5599083420351,386.326196596776,0.999359582167172,8.19925919162162,471.962432699929,TRUE,19.6883775323351,0.124875713772515,12.5683408446323,2023-07-19 15:48:48,2023-07-19 15:49:46,3939.41169233577
"112","1","Jul","SWH","UP","2","1-Jul-SWH-UP-2",2023-07-19 15:53:03.5,563.270967857151,13.7082286476159,2.29511308088081e-33,0.939605448533034,42.9418983070201,414.185239374815,10.9806378568361,0.0942856137015332,3748.44992654906,3.31366204735322,1.49299503287652e-64,0.996180757633296,10.7986873811461,359.309386087935,0.998716284650542,6.38459562112783,414.797387351141,TRUE,10.9148784525194,0.0865155783854747,10.7184296678759,2023-07-19 15:52:32,2023-07-19 15:53:30,3727.3910583783
"113","1","Jul","SWH","UP","3","1-Jul-SWH-UP-3",2023-07-19 15:37:40.5,NA,NA,NA,NA,NA,401.720385786685,15.5219482283788,0.084008107173927,3770.40215019032,2.95245971769813,5.9781652854643e-75,0.998479129370444,9.62158754913315,364.193336753138,0.999295126181517,6.67994611074862,406.86969356323,TRUE,15.6819293246469,0.0543895032022473,4.51467061062817,2023-07-19 15:37:09,2023-07-19 15:38:07,3783.89605062177
"114","1","Jul","SWH","UP","4","1-Jul-SWH-UP-4",2023-07-19 15:45:32.5,NA,NA,NA,NA,NA,441.004609621075,10.8151710702212,0.120862812506495,3935.98886108136,4.24771605143223,1.24647074387812e-58,0.993547757274342,13.8426179458859,409.015268350802,0.99668665419197,10.1160958659285,446.892638105561,TRUE,11.0737715056795,0.0596952563525127,5.7233534730753,2023-07-19 15:45:01,2023-07-19 15:45:59,4006.98883703726
"115","1","Jul","SWH","UP","5","1-Jul-SWH-UP-5",2023-07-19 15:41:42.5,666.182355794091,27.4520117159988,1.20115410269333e-31,0.929689509362156,111.355882527502,462.395581676528,26.4197281399694,0.147336734430323,4609.79132004071,5.17814039592749,2.83093061160753e-74,0.998385392546842,16.874720038505,413.555896995685,0.9993931179452,10.5504726856918,462.703811282958,TRUE,26.3527786011573,0.154317903511464,19.0026152926755,2023-07-19 15:41:11,2023-07-19 15:42:09,4519.15047946001
"116","1","Jun","GCW","TR","1","1-Jun-GCW-TR-1",2023-06-27 09:07:32.5,406.876209856688,2.628541035459,1.73440279458653e-29,0.914895766578991,10.0920540724777,348.799810320434,2.14626157611754,0.0514653095521874,4433.36567002665,1.80874511310091,1.20972627977609e-41,0.970968312656754,5.8944070787646,347.452259479906,0.973705516056438,5.72075017066814,348.799810320432,TRUE,2.14626157611754,0.0514653095521874,8.07957575327782,2023-06-27 09:07:01,2023-06-27 09:07:59,4438.52625239947
"117","1","Jun","GCW","TR","2","1-Jun-GCW-TR-2",2023-06-27 09:02:36.5,505.017719980801,21.7019905878644,3.37286946618557e-46,0.980601358616772,25.0397878825894,589.831533344656,10.7783610733691,0.479470894578381,4823.20685157756,16.8509748603253,1.90248208974717e-28,0.906699151210959,54.9145950865903,513.662133078172,0.978859076133616,26.6577591040428,602.112746887472,TRUE,9.2953478512407,0.210835692067459,23.4784293383751,2023-06-27 09:02:05,2023-06-27 09:03:03,4720.9692937227
"118","1","Jun","GCW","TR","3","1-Jun-GCW-TR-3",2023-06-27 08:58:54.5,422.437114079085,6.57253376132282,2.88575883546548e-42,0.972524497666086,11.6561138368962,440.027715157503,4.34242267710527,0.119774499289626,4757.0567191802,4.20946735090632,1.38300222054128e-38,0.961944460622314,13.7179716319855,374.554429491619,0.989488138059856,7.35254097332936,440.364659173742,TRUE,4.27720217881342,0.124417624156212,13.4006710947479,2023-06-27 08:58:23,2023-06-27 08:59:21,4691.88219167501
"119","1","Jun","GCW","TR","4","1-Jun-GCW-TR-4",2023-06-27 09:11:57.5,480.64613861393,8.33207489652701,9.49858466292714e-37,0.955227726016163,19.9814288488416,413.596321353385,5.90705490600856,0.0937728786976931,4683.48340918554,3.29564200743544,8.92020807842374e-51,0.987065142733018,10.7399629925732,360.086205009532,0.995541004009621,6.43068408799786,415.186207252966,TRUE,5.80656665525002,0.0817719833267326,8.76752822500929,2023-06-27 09:11:26,2023-06-27 09:12:24,4691.50550263478
"120","1","Jun","GCW","TR","5","1-Jun-GCW-TR-5",2023-06-27 09:15:48,422.228574792011,5.05294270998312,3.74989104194341e-30,0.938748227873041,17.2727164022092,336.36284047638,4.80749698008021,0.0726485662117834,4540.00723704326,2.34397196094698,4.77118898493339e-48,0.989381148585734,7.19184113365648,322.867179964477,0.992569623274652,6.14822003977928,336.47240766631,TRUE,4.78490439372901,0.0761110837937703,8.00620518378481,2023-06-27 09:15:19,2023-06-27 09:16:12,4534.36345897984
"121","1","Jun","GCW","UP","1","1-Jun-GCW-UP-1",2023-06-27 09:20:57.5,584.238008570179,35.9998014579856,8.01081455712618e-45,0.978089042440593,52.142860332365,603.633819803728,21.8281555066216,0.54483453423256,4523.90898049509,19.1481759230936,9.15092983069445e-41,0.968620069064944,62.4008009138521,480.227488032439,0.997035252015335,19.5602649474576,603.654155523181,TRUE,21.7627301957913,0.555188196515173,82.2204763001901,2023-06-27 09:20:26,2023-06-27 09:21:24,4337.93919244577
"122","1","Jun","GCW","UP","2","1-Jun-GCW-UP-2",2023-06-27 09:31:32.5,577.257066496212,33.2598063943304,4.11657130034392e-44,0.976665935916336,48.8790516538957,575.140538559003,19.9193907783394,0.418491033118862,4528.68680368276,14.7078414103918,1.48514144242683e-44,0.977562822139303,47.9304706311727,438.090358234725,0.998353455363188,13.2413114887912,577.077512380107,TRUE,19.4463914817419,0.354861857074064,44.4669940859762,2023-06-27 09:31:01,2023-06-27 09:31:59,4391.09034141862
"123","1","Jun","GCW","UP","3","1-Jun-GCW-UP-3",2023-06-27 09:38:00.5,581.356729576894,29.1036415128648,8.97466431719266e-40,0.96574178496154,50.7701587854253,562.118953729978,17.0619726960138,0.37095665895606,4548.68167053655,13.0372487778129,8.4742023154655e-44,0.97600917938505,42.4862800883033,504.65966994813,0.992312955356904,24.5257630106477,564.080061775497,TRUE,16.614367712964,0.323703936590872,37.3665771075823,2023-06-27 09:37:29,2023-06-27 09:38:27,4428.35832557476
"124","1","Jun","GCW","UP","4","1-Jun-GCW-UP-4",2023-06-27 09:41:57.5,486.57491167698,29.9528279444249,9.83028219978137e-55,0.990888931724279,21.1089966579305,586.931197069087,13.5108880877418,0.466766077490507,4564.42005071491,16.4044648515352,9.73208331562562e-34,0.941563558240582,53.4594913588797,480.471577853688,0.992443627900703,19.604522919682,595.405622202173,TRUE,12.3313211224046,0.25264749382649,31.2180294764754,2023-06-27 09:41:26,2023-06-27 09:42:24,4393.30424848894
"125","1","Jun","GCW","UP","5","1-Jun-GCW-UP-5",2023-06-27 09:25:45.5,617.552851634122,41.5895566319954,3.58536603667681e-43,0.974641271446152,70.9842509482879,622.391299655103,27.6736567510739,0.648176159603125,4370.03498881961,22.7801109390362,3.68795906166657e-42,0.972264203212119,74.2366882992687,485.36354161456,0.997963772700259,20.5129472831404,622.392053857626,TRUE,27.6590994075195,0.658346684661676,97.2436030868214,2023-06-27 09:25:14,2023-06-27 09:26:12,4359.58230577799
"126","1","Jun","GWI","TR","1","1-Jun-GWI-TR-1",2023-06-22 10:16:25.5,NA,NA,NA,NA,NA,391.418412941948,1.70810035761893,0.0763650148673344,3980.85335358315,2.6838437124935,2.40908611436078e-28,0.905849720748435,8.74621153784254,391.09221311223,0.913098316105503,8.5691932379911,391.436837533157,TRUE,1.71741912568096,0.077502988334837,9.34652704820912,2023-06-22 10:15:54,2023-06-22 10:16:52,3982.19514195429
"127","1","Jun","GWI","TR","2","1-Jun-GWI-TR-2",2023-06-22 10:20:23.5,NA,NA,NA,NA,NA,399.89266043828,3.35720951321049,0.0825983682348577,4098.92628603688,2.90291453009552,4.4269688016527e-41,0.969483834549617,9.46012781530538,400.221449649174,0.971489536136708,9.32504282664538,399.951873857005,TRUE,3.34572928181965,0.0847034155938521,10.3215982428868,2023-06-22 10:19:52,2023-06-22 10:20:50,4097.01074976389
"128","1","Jun","GWI","TR","3","1-Jun-GWI-TR-3",2023-06-22 10:25:11.5,442.704185442758,4.56799475035928,1.33424927999665e-31,0.92940515451496,14.062179708276,405.19181141892,3.27303855034307,0.0867522311747221,3938.99068331979,3.04890178555645,1.87685438481722e-39,0.964756414584421,9.93587661250492,395.917266316894,0.972437431750507,8.96071487370689,405.416062266675,TRUE,3.23342521350779,0.0973817750301017,8.59873656749661,2023-06-22 10:24:40,2023-06-22 10:25:38,3907.51149351465
"129","1","Jun","GWI","TR","4","1-Jun-GWI-TR-4",2023-06-22 10:29:52.5,416.81570657859,8.81730442888824,1.93175718717037e-32,0.934455494018634,11.0649313116883,458.000286884646,2.52274047487906,0.141460921177096,4079.18600456583,4.97163530347311,8.22742927262341e-24,0.859471993194137,16.201753422066,429.116391433784,0.923564612298943,12.1855316233684,463.106834423787,TRUE,2.25220488875353,0.0937131501501127,9.06780364756527,2023-06-22 10:29:21,2023-06-22 10:30:19,4021.46382549459
"130","1","Jun","GWI","TR","5","1-Jun-GWI-TR-5",2023-06-22 10:33:57.566038,357.879951009557,2.88442668747913,1.55664701135802e-30,0.92623506028415,6.82039089738302,376.568784519655,1.48208699896306,0.0710658234120301,4159.22036913396,2.50619573058565,1.27177405423841e-26,0.895048005821161,8.1354132357025,354.802522322015,0.935456000321401,6.50877494933012,376.572037711148,TRUE,1.48324446233199,0.072738671019485,10.3071588422964,2023-06-22 10:33:26,2023-06-22 10:34:24,4173.41202190889
"131","1","Jun","GWI","UP","1","1-Jun-GWI-UP-1",2023-06-22 10:43:26.5,491.458926734582,4.90982814063247,8.79187274115036e-30,0.917087205554474,22.0855090230552,376.32506897424,4.80537331825755,0.0664049422922072,3971.88531899759,2.33379757941576,7.12918916171928e-54,0.990167621098699,7.60546794176436,377.709524404786,0.990632512675614,7.57050522712878,376.344332166073,TRUE,4.81410060661097,0.0692054824472636,8.28389676648619,2023-06-22 10:42:55,2023-06-22 10:43:53,3987.77256859509
"132","1","Jun","GWI","UP","2","1-Jun-GWI-UP-2",2023-06-22 10:47:07.5,527.000619081178,6.37051427066399,1.14100152613258e-30,0.923340050270852,30.6922885914356,378.912350028992,6.96219474499471,0.0680149675433268,3964.03866181934,2.39038181703662,1.19043821716231e-61,0.995061784400005,7.7898667983877,373.535571473945,0.995848955438844,7.28350420765552,379.192997518113,TRUE,6.93321891345812,0.0706496216537328,8.31488951025233,2023-06-22 10:46:36,2023-06-22 10:47:34,3955.22266544977
"133","1","Jun","GWI","UP","3","1-Jun-GWI-UP-3",2023-06-22 10:50:43.326923,528.248027880455,7.00150582992677,1.95937517368131e-26,0.89795863765342,37.42307437472,347.977003643921,7.50352492952678,0.0599882223297898,3876.43795418159,2.14509115878918,4.27160563815177e-64,0.996814441017927,6.61217233123998,347.897032813728,0.997054829233367,6.48889822663616,347.981586086579,TRUE,7.50708954632934,0.0611681446930494,8.40021632171848,2023-06-22 10:50:11,2023-06-22 10:51:09,3911.2754463504
"134","1","Jun","GWI","UP","4","1-Jun-GWI-UP-4",2023-06-22 10:54:41.5,NA,NA,NA,NA,NA,376.390299619285,4.85378972830762,0.0664450621589715,3910.34400548807,2.33520758964556,4.38849297456849e-54,0.990349378461884,7.61006293650378,364.286924998554,0.992837839507302,6.68573717912648,376.512253242805,TRUE,4.84924401992006,0.0656323871944254,6.55712331894129,2023-06-22 10:54:10,2023-06-22 10:55:08,3922.5489427947
"135","1","Jun","GWI","UP","5","1-Jun-GWI-UP-5",2023-06-22 10:58:39.5,NA,NA,NA,NA,NA,360.226794572035,5.94643583820201,0.057209123619701,3907.03614565532,2.01061110235802,5.38976069369348e-62,0.995210003547614,6.55225561000345,351.286605472434,0.996230672742239,5.92750361688907,360.239562364974,TRUE,5.9526645603108,0.0565188221073172,5.40870449006786,2023-06-22 10:58:08,2023-06-22 10:59:06,3933.99959071553
"136","1","Jun","MSM","TR","1","1-Jun-MSM-TR-1",2023-06-29 11:50:17.5,418.279931351525,2.9768735436578,1.86456087107373e-30,0.921880524440482,11.2159671626048,356.402979888115,2.49500612617872,0.055219033188404,3670.42118037483,1.9406694975458,2.08970668773303e-43,0.97516211965311,6.32432725928162,351.479923431185,0.978945209005207,5.93812323795582,356.461813378172,TRUE,2.49384700806733,0.0626390593562314,6.8612909469421,2023-06-29 11:49:46,2023-06-29 11:50:44,3667.93226480253
"137","1","Jun","MSM","TR","2","1-Jun-MSM-TR-2",2023-06-29 12:10:45.5,NA,NA,NA,NA,NA,363.877047753022,2.79679178654298,0.0591757618636169,3618.23678864535,2.07972848149888,2.12839247188988e-44,0.977250252546776,6.77749794289086,321.384288457156,0.99038257054664,4.49394009396381,364.320615922569,TRUE,2.83479745064632,0.0560487991302031,6.21072909259696,2023-06-29 12:10:14,2023-06-29 12:11:12,3641.84055433484
"138","1","Jun","MSM","TR","3","1-Jun-MSM-TR-3",2023-06-29 12:06:15.5,NA,NA,NA,NA,NA,322.074493347807,3.17823734487573,0.0401832941616646,3614.67957834727,1.41223938174327,7.29248139481729e-56,0.9917562142826,4.60225918420671,321.097009498417,0.99248212105269,4.48200214110007,322.118142344772,TRUE,3.17007265670187,0.0379513122331128,4.51670795343137,2023-06-29 12:05:44,2023-06-29 12:06:42,3634.06530195373
"139","1","Jun","MSM","TR","4","1-Jun-MSM-TR-4",2023-06-29 11:59:58.5,387.375828714121,1.60900146885685,2.02504050191719e-26,0.888393855808253,8.42488060029043,328.247230932281,1.55787580481048,0.0425468711475824,3644.29929035885,1.49530714835957,8.42601426835098e-39,0.96266235485489,4.87296356815434,331.768087646892,0.962992187199917,4.94746899781259,328.464523045995,TRUE,1.57598711416122,0.0471433034955735,4.72051979873257,2023-06-29 11:59:27,2023-06-29 12:00:25,3644.78300582588
"140","1","Jun","MSM","TR","5","1-Jun-MSM-TR-5",2023-06-29 11:54:30.5,442.501042192349,2.98949292131534,2.75052832076199e-29,0.913375572423407,14.0357542270421,324.231599802769,2.98797266048845,0.0409939522223077,3662.00573623858,1.44072990901966,4.91852105498757e-54,0.990306970777024,4.69510519354174,325.006570609812,0.990868917730298,4.64722140186272,324.446210946307,TRUE,2.97165038255944,0.042740377201752,3.87580865016258,2023-06-29 11:53:59,2023-06-29 11:54:57,3681.96188827464
"141","1","Jun","MSM","UP","1","1-Jun-MSM-UP-1",2023-06-29 11:13:26.5,507.555327313415,5.1312381187748,5.03832521789122e-28,0.903145003234167,25.6350982849997,381.994560871151,5.16159777756908,0.0699840095648135,3773.88638350289,2.45958367679115,2.67706997120559e-54,0.990531072931918,8.01538443989856,385.278507009248,0.990655804521415,8.12010413167903,382.006561112379,TRUE,5.16796502528387,0.0692728676315574,8.47112328662014,2023-06-29 11:12:55,2023-06-29 11:13:53,3771.7378349693
"142","1","Jun","MSM","UP","2","1-Jun-MSM-UP-2",2023-06-29 11:09:22.5,506.02606400496,5.96005534091107,1.92332553420756e-29,0.914557247701646,25.2746671023645,346.067895951401,5.43203438689893,0.0501797960395394,3907.84719835139,1.76356582040727,6.58141800482302e-63,0.995582127300023,5.74717508861955,349.081792824227,0.995662070668879,5.80772087245522,346.1222122664,TRUE,5.42374911749589,0.0539241160282517,5.99678891174491,2023-06-29 11:08:51,2023-06-29 11:09:49,3887.3171104246
"143","1","Jun","MSM","UP","3","1-Jun-MSM-UP-3",2023-06-29 11:05:27.5,440.879235806017,2.83441329024942,3.06190841358586e-29,0.913018152495826,13.8265578082274,306.342235890452,2.9410775511642,0.0347361972130819,3741.80256836832,1.22080149723302,2.16860364374568e-57,0.99279861388731,3.97839415566967,307.102952962021,0.993217899906814,3.93730018237314,306.516421436165,TRUE,2.9350375262663,0.0344385690179089,3.99658169289687,2023-06-29 11:04:56,2023-06-29 11:05:54,3748.40894941157
"144","1","Jun","MSM","UP","4","1-Jun-MSM-UP-4",2023-06-29 11:01:36.5,510.334409381948,5.57957716286507,3.92442662193868e-30,0.919615863148922,26.3033072076859,333.321647595958,5.83233153042479,0.0445936582961787,3807.68971003645,1.56724135578578,3.65346547006962e-67,0.996969272327216,5.10738548774226,329.910655739637,0.997357931437385,4.86310775182596,333.343817126826,TRUE,5.83530693310901,0.0496680482171181,5.54505900140267,2023-06-29 11:01:05,2023-06-29 11:02:03,3802.8345681677
"145","1","Jun","MSM","UP","5","1-Jun-MSM-UP-5",2023-06-29 10:57:57.5,494.187967898628,6.97805742470657,1.45868252228106e-34,0.945672842575896,22.6506962916805,392.70953313563,6.09312652760684,0.0772834233799848,3805.1259572429,2.7161211227246,8.59826956212368e-56,0.991703829977371,8.85139838477435,347.203194325127,0.996683168654425,5.70757241292911,392.802471944135,TRUE,6.07346595748861,0.0815319040576642,10.6524853944089,2023-06-29 10:57:26,2023-06-29 10:58:24,3808.49819588734
"146","1","May","GCW","TR","1a","1-May-GCW-TR-1a",2023-05-18 10:13:54.5,400.096839793062,2.93223250510799,4.58523712494084e-25,0.874202555454853,9.47802957273381,383.674802194675,1.60253403067645,0.071081319819435,4182.38414969329,2.49814857765102,1.65853144827493e-28,0.907189366064365,8.14106119942303,383.122559700043,0.914692665452874,7.9596139752165,383.77649337128,TRUE,1.59479215239835,0.0772120501683653,8.06445508569016,2023-05-18 10:13:23,2023-05-18 10:14:21,4187.60293922412
"147","1","May","GCW","TR","2","1-May-GCW-TR-2",2023-05-18 10:17:30.5,NA,NA,NA,NA,NA,388.218567430625,3.43616706859833,0.0741356461680195,4144.86020799799,2.60549268778826,5.73351396246908e-44,0.976366830361757,8.490878251076,385.483609456706,0.979137990566593,8.13553964705859,388.435818850942,TRUE,3.46452893879887,0.0749717185236795,9.32523152284868,2023-05-18 10:16:59,2023-05-18 10:17:57,4169.39216466388
"148","1","May","GCW","TR","4","1-May-GCW-TR-4",2023-05-18 10:22:25.5,446.123860346658,5.60607612910809,2.07724730623762e-29,0.914304308157077,14.51456401145,390.552010208528,3.0736002533914,0.0757548465483067,4151.85054503623,2.66239938475481,4.84112149440341e-41,0.969378749820863,8.67632795042785,384.271720270159,0.974686990358773,8.04475944449572,390.642769233796,TRUE,3.09307179911588,0.077147879399442,10.1939422880007,2023-05-18 10:21:54,2023-05-18 10:22:52,4154.27931344164
"149","1","May","GCW","TR","5","1-May-GCW-TR-5",2023-05-18 10:30:02.5,NA,NA,NA,NA,NA,377.210856399321,2.64893542683478,0.0669518176572032,4047.58975708508,2.3530174802095,1.72067145474634e-40,0.967849110001074,7.66810248240315,355.138106669457,0.980161759086277,6.14270499002489,377.431367685732,TRUE,2.67974186600491,0.0599589738443276,6.87006163851781,2023-05-18 10:29:31,2023-05-18 10:30:29,4079.06677666281
"150","1","May","GCW","UP","1","1-May-GCW-UP-1",2023-05-18 09:43:17.5,487.34823044758,4.20336144592874,4.52387477000709e-29,0.911704813737148,21.2606870826994,345.974995049888,4.49036638336766,0.0501366502630419,4185.75821631019,1.76204946476752,1.19055417943534e-58,0.993559135870724,5.74223353143046,347.643246821252,0.993831336573313,5.73087570312068,345.976022799901,TRUE,4.49166018885811,0.0529683647680235,6.69740627327901,2023-05-18 09:42:46,2023-05-18 09:43:44,4210.21092708746
"151","1","May","GCW","UP","2","1-May-GCW-UP-2",2023-05-18 09:52:22.5,470.245109680304,4.47847145846726,1.17081471678337e-30,0.923264078216446,18.1468585150535,387.987394516192,4.0899225704119,0.0739771292750063,4212.26636169314,2.59992162141217,7.15920097512244e-48,0.983272084368662,8.47272304897169,387.463755354841,0.984616310527719,8.2860780173019,387.98938210214,TRUE,4.08727278334232,0.0750398522915841,9.26004487188563,2023-05-18 09:51:51,2023-05-18 09:52:49,4219.2524020347
"152","1","May","GCW","UP","3","1-May-GCW-UP-3",2023-05-18 09:56:06.5,480.69687219382,6.88847682547884,2.43898635897953e-34,0.94458921996281,19.9908174373279,414.940476772401,5.30297532639996,0.0949472579567922,4221.62960712196,3.33691549367899,4.25385563773236e-48,0.983603578103061,10.8744665927307,385.413659919105,0.991187279798368,8.13027211941042,415.108305831767,TRUE,5.27660179601836,0.0976762379630264,10.1239948518723,2023-05-18 09:55:35,2023-05-18 09:56:33,4203.9341772287
"153","1","May","GCW","UP","4","1-May-GCW-UP-4",2023-05-18 10:00:04.5,487.758149391671,7.54581682116561,2.1663529812418e-33,0.939739256606963,21.3415363302562,423.634358183691,5.42321117219574,0.102906464087306,4215.54979648713,3.61664129962469,8.28009673533135e-47,0.981621100227651,11.7860476434475,413.560275491117,0.985837861595707,10.5509004276629,424.866116243105,TRUE,5.32647989712704,0.0997950964120361,8.51051740353462,2023-05-18 09:59:33,2023-05-18 10:00:31,4221.42724611344
"154","1","May","GCW","UP","5","1-May-GCW-UP-5",2023-05-18 09:48:05.5,456.845959640961,2.53855265658581,6.36045042760308e-24,0.860852108448382,16.0295077338006,362.920225584724,2.67230033509098,0.0586538118138289,4187.92132409693,2.06138457936264,1.3711887636351e-43,0.975561203500426,6.71771813985456,359.33065047721,0.978765564013479,6.38585282384118,363.030971433193,TRUE,2.65323910429922,0.0626671227622794,7.20490664397078,2023-05-18 09:47:34,2023-05-18 09:48:32,4204.10893671591
"155","1","May","GWI","TR","1","1-May-GWI-TR-1",2023-05-23 12:36:43.5,427.547556129634,2.55682866013411,2.08932017719967e-30,0.921538350193168,12.2209261810117,337.973474195071,2.72636235754286,0.0465563835149121,3811.30941204135,1.63622121189923,3.76464412220214e-49,0.985063159578441,5.3321796553794,335.205887255989,0.986822576969109,5.10748754994454,338.334917677089,TRUE,2.731027061307,0.0451582021409808,4.44523231978753,2023-05-23 12:36:12,2023-05-23 12:37:10,3819.91645632233
"156","1","May","GWI","TR","2","1-May-GWI-TR-2",2023-05-23 12:27:41.5,428.898405994495,4.79749342287379,4.41626702825803e-38,0.960207893888533,12.3747438867113,391.616271558455,3.86667684537086,0.0765050456553928,3913.90121312376,2.68876508585719,6.99699659616689e-46,0.980049411198758,8.76224949575164,338.216906168631,0.993108371281621,5.25188686478874,392.63431687748,TRUE,3.80177365923214,0.0763790806765167,7.15219999489454,2023-05-23 12:27:10,2023-05-23 12:28:08,3927.32188519769
"157","1","May","GWI","TR","3","1-May-GWI-TR-3",2023-05-23 12:23:51.5,476.930823189955,4.74704298738862,1.10063297513959e-32,0.935856629579151,19.3057352673731,378.844795582863,4.77430097116337,0.0679724372030089,3983.51464659154,2.38888709086324,3.3092873718686e-53,0.989569723047499,7.78499572812282,362.801767670129,0.992803853758132,6.59442781081425,379.246189774134,TRUE,4.81356551947674,0.0678676215111208,7.34835012640373,2023-05-23 12:23:20,2023-05-23 12:24:18,3988.43647569288
"158","1","May","GWI","TR","4","1-May-GWI-TR-4",2023-05-23 12:19:07.5,530.681555634803,13.823810105063,2.72786487977015e-37,0.95732368576437,31.7563969238363,487.000791419591,9.58621440071498,0.185035314056072,4039.99634067283,6.50305463937093,1.98091507013141e-46,0.980994260289618,21.1924007546786,445.856642250701,0.991762159278824,14.228566054407,489.501881108501,TRUE,9.34824881964146,0.154930565427383,16.0852349862304,2023-05-23 12:18:36,2023-05-23 12:19:34,3990.00656299887
"159","1","May","GWI","TR","5","1-May-GWI-TR-5",2023-05-23 12:33:03.5,434.262036121487,5.93756847889143,2.97086158840046e-34,0.944167664059536,13.0048303539147,431.30123930854,3.37245769531952,0.110477303318798,3910.82300910877,3.88271797498495,7.13030935293755e-35,0.947146516237364,12.653148390467,412.609051163283,0.965280623847222,10.4583800134215,436.823298906172,TRUE,3.15109977464612,0.0672595782556203,7.00771300393233,2023-05-23 12:32:32,2023-05-23 12:33:30,3868.77648738891
"160","1","May","GWI","UP","1","1-May-GWI-UP-1",2023-05-23 12:41:36.5,452.788401868464,2.79651937736332,2.59001795176131e-26,0.887335030457273,15.438451956988,357.866331786308,2.8676468289752,0.0559723183085729,3866.0280605245,1.96714365638664,3.49789570110185e-46,0.980574193173931,6.41060225079118,359.765939147359,0.981315276387957,6.41164262585299,357.979209509212,TRUE,2.85265631263896,0.0568041893430452,5.87290459251094,2023-05-23 12:41:05,2023-05-23 12:42:03,3878.42771342181
"161","1","May","GWI","UP","2","1-May-GWI-UP-2",2023-05-23 12:45:04.5,484.6196081344,3.83047466692227,4.46969922471947e-28,0.903589204315442,20.7302641562069,339.60696697412,4.1897276144482,0.0472658978553952,3878.87644403467,1.66115704940202,2.0307894230654e-58,0.993425497544526,5.41344150705035,334.843445425316,0.994410379102211,5.09037584250017,339.65930098849,TRUE,4.1921845457282,0.055211908461481,5.24107982343028,2023-05-23 12:44:33,2023-05-23 12:45:31,3892.47331414385
"162","1","May","GWI","UP","3","1-May-GWI-UP-3",2023-05-23 12:52:06.5,NA,NA,NA,NA,NA,341.979460092755,4.72324130248718,0.0483157014095015,3871.96833305611,1.69805233021793,1.28795846480359e-60,0.994588184904675,5.53367724554059,336.862904659253,0.995428874551425,5.18645471141111,342.028876159577,TRUE,4.71384323323574,0.0528958121507717,6.1751677137285,2023-05-23 12:51:35,2023-05-23 12:52:33,3899.46123149735
"163","1","May","GWI","UP","4","1-May-GWI-UP-4",2023-05-23 12:56:00.5,NA,NA,NA,NA,NA,345.468946468434,2.59330597473661,0.0499022777399691,3878.46267976618,1.75381245697642,1.69214305470021e-46,0.981109048136729,5.71539045847338,319.227630193916,0.989209580095558,4.40509041825339,345.506433184465,TRUE,2.59886373403556,0.0488820305410405,4.90464961342584,2023-05-23 12:55:29,2023-05-23 12:56:27,3891.89836533225
"164","1","May","GWI","UP","5","1-May-GWI-UP-5",2023-05-23 12:48:29.5,NA,NA,NA,NA,NA,342.993756609086,1.21045329664801,0.048771602289649,3887.41817282183,1.71407493838254,1.7026274643584e-30,0.922152600224095,5.58589232786573,343.691236336747,0.926770912338315,5.52495806399623,343.02288916837,TRUE,1.21221196657698,0.0536965016722539,5.68189259932677,2023-05-23 12:47:58,2023-05-23 12:48:56,3899.90145008884
"165","1","May","MSM","TR","1","1-May-MSM-TR-1",2023-05-19 11:20:35.5,480.874174938424,4.03211247435512,1.02365389394331e-25,0.881234730965986,20.0236631578833,395.309915013284,3.61344504128822,0.0791668061972519,3843.88140870396,2.78231249505815,1.25036318942898e-43,0.975647715022422,9.06710533585887,397.426706501662,0.976482344137717,9.08683176583902,395.343689834406,TRUE,3.60103835307158,0.0832406807115424,9.7606821054247,2023-05-19 11:20:04,2023-05-19 11:21:02,3853.66843696019
"166","1","May","MSM","TR","2","1-May-MSM-TR-2",2023-05-19 11:37:12.5,399.234471414944,1.58347333334946,3.3711183365911e-25,0.8756781902603,9.4026498764158,390.078620278006,1.58847559544973,0.0754235215363543,3903.65966652311,2.65075498775357,4.06146944212311e-27,0.89506714758402,8.63838074846176,383.702617035636,0.913411030316354,8.00247928554069,390.11406731446,TRUE,1.60180197992831,0.0758515741031174,8.95646827392999,2023-05-19 11:36:41,2023-05-19 11:37:39,3904.0243669608
"167","1","May","MSM","TR","3","1-May-MSM-TR-3",2023-05-19 11:32:55.5,416.057356378629,1.89239760005475,4.14695572655666e-23,0.85048089148248,10.9875081489005,382.726530916257,1.71540291214638,0.0704599371969398,3857.54336903981,2.4763101239123,4.28438795512746e-30,0.919344524671143,8.06989321927237,386.707347420027,0.919373172434263,8.22824692765181,382.959987217443,TRUE,1.69569532399551,0.0728855743237881,8.73392942594688,2023-05-19 11:32:24,2023-05-19 11:33:22,3861.0714339944
"168","1","May","MSM","TR","4","1-May-MSM-TR-4",2023-05-19 11:28:42.5,412.388393342811,3.03819789718195,7.43651310647923e-24,0.860015586871661,10.6205109286792,394.269016068518,1.6954431883117,0.0784074653484509,3910.61081614469,2.75562550801003,1.18326715912497e-27,0.899918279424173,8.98013677172677,395.132834760613,0.905565202162468,8.89586670473252,394.27315476294,TRUE,1.69669683100462,0.0812652860652485,9.83623021203418,2023-05-19 11:28:11,2023-05-19 11:29:09,3892.63869164012
"169","1","May","MSM","TR","5","1-May-MSM-TR-5",2023-05-19 11:24:06.5,466.804783635094,3.44189961837116,1.95259518792398e-25,0.878255531543305,17.5779027979453,405.403379033283,3.10934425521504,0.0869223418383214,3869.92720118668,3.05488031428092,2.70725323695409e-38,0.960949281362383,9.95535966834229,407.273549538342,0.962459513439908,9.95426178317783,405.432913467694,TRUE,3.09484590425917,0.0938267923548386,11.7704896204267,2023-05-19 11:23:35,2023-05-19 11:24:33,3886.82097524255
"170","1","May","MSM","UP","1","1-May-MSM-UP-1",2023-05-19 11:58:34.5,464.588042162208,3.65571000697628,7.12656474580739e-31,0.924713227628455,17.2207870987816,366.405850699596,3.92735170812968,0.0605777020364444,3857.61968684426,2.12899958194549,2.03584220467427e-51,0.987779489570624,6.9380644711139,363.769939093372,0.989192628248141,6.65380965816556,366.438454527481,TRUE,3.91809946411228,0.0606652916014162,7.95936640259074,2023-05-19 11:58:03,2023-05-19 11:59:01,3868.35343927885
"171","1","May","MSM","UP","2","1-May-MSM-UP-2",2023-05-19 11:54:48.5,474.108748333778,5.34585689745667,7.49953053365298e-33,0.936794947016971,18.8078040573729,385.878899622445,4.68104701809194,0.0725468732628321,3905.68408331507,2.54965536254745,2.59843454704081e-51,0.987664291790418,8.30891346080519,371.831203850782,0.991168882404542,7.16946411484032,385.938053266404,TRUE,4.66384339130906,0.0758314425166027,9.44261959812171,2023-05-19 11:54:17,2023-05-19 11:55:15,3901.32427414387
"172","1","May","MSM","UP","3","1-May-MSM-UP-3",2023-05-19 11:50:33.5,NA,NA,NA,NA,NA,371.6495419014,1.5804210163827,0.0635914844116412,3859.04070166851,2.23491877665196,1.59457707486928e-30,0.922348356019107,7.28323795439398,372.907899194818,0.926192410887892,7.24129684968233,371.650233068241,TRUE,1.58169918873011,0.0688781128064456,7.96741144561067,2023-05-19 11:50:02,2023-05-19 11:51:00,3858.81075042969
"173","1","May","MSM","UP","4","1-May-MSM-UP-4",2023-05-19 11:47:02.5,487.438531366768,4.13127606044402,5.97001577915344e-29,0.910759503550447,21.2784709940513,372.081372684018,4.46102733982356,0.0638462597239903,3912.49174173377,2.2438728392071,4.33458125552232e-53,0.989460909455161,7.31241779257376,374.978214596937,0.989674026709196,7.38144855338296,372.122501926873,TRUE,4.47128275416507,0.0658710873753213,8.34759768058394,2023-05-19 11:46:31,2023-05-19 11:47:29,3922.93461998348
"174","1","May","MSM","UP","5","1-May-MSM-UP-5",2023-05-19 11:43:13.283019,484.835749945592,5.18719391417339,2.84012533792813e-29,0.917352821879231,22.5923872666068,385.948993475814,4.89388974061058,0.078006000652168,3901.31661678762,2.72863262643644,5.961361897293e-50,0.987208347327343,8.88815128948936,385.755440562392,0.988181463563546,8.71599567903287,385.960843792407,TRUE,4.88663650985636,0.0786124272860845,11.0824200498379,2023-05-19 11:42:42,2023-05-19 11:43:40,3919.13213845517
"175","1","May","SWH","TR","1","1-May-SWH-TR-1",2023-05-24 12:38:34.5,615.018745424916,17.7819768674237,2.83846205014099e-27,0.896500161224018,69.3380687808623,539.665898771252,13.394848365732,0.301324144257101,4156.91781513987,10.5900183662877,4.77609236920653e-43,0.974360170845089,34.5111529371195,540.328317733303,0.975896913265929,34.1236050079915,540.6969850878,TRUE,13.6087264041386,0.102710216851641,9.80352622832512,2023-05-24 12:38:03,2023-05-24 12:39:01,3965.07564258108
"176","1","May","SWH","TR","2","1-May-SWH-TR-2",2023-05-24 12:31:41.5,469.581309485723,13.3904297489604,9.1155781371162e-47,0.981553045544399,18.0356645786654,511.119084882063,8.19265268279732,0.231334386798252,3925.46979432542,8.13023268011705,4.46814088451727e-38,0.960190031346909,26.4951101814043,403.176681650764,0.994991633157802,9.58372950586346,518.570398479771,TRUE,7.64817030417985,0.15666841378245,16.8959839251251,2023-05-24 12:31:10,2023-05-24 12:32:08,3885.42306289825
"177","1","May","SWH","TR","3","1-May-SWH-TR-3",2023-05-24 12:46:53.5,527.009956292149,6.17341075700813,1.04500917643378e-30,0.923598331107457,30.6949422281243,366.04593372172,6.97827225198291,0.0603761589447003,3845.93089582973,2.12191636248284,2.21306962640491e-64,0.99612250507478,6.91498140726003,355.612457778947,0.997031957288827,6.16974394569291,366.415295523947,TRUE,6.96843617836934,0.057241150163506,5.58024608365733,2023-05-24 12:46:22,2023-05-24 12:47:20,3853.02614047562
"178","1","May","SWH","TR","4","1-May-SWH-TR-4",2023-05-24 13:07:46.5,525.321938044232,9.07735665724993,2.33133861195387e-33,0.939569103504463,30.2189162490828,390.407817760398,7.72047366764352,0.0756537725843361,3814.63139969059,2.65884714655816,1.3945801142211e-61,0.995031634709307,8.66475178205557,353.832804071311,0.997656368315318,6.06891027197933,391.287183254257,TRUE,7.68798483544952,0.0680594759332721,7.23738069571756,2023-05-24 13:07:15,2023-05-24 13:08:13,3813.01318382724
"179","1","May","SWH","TR","5","1-May-SWH-TR-5",2023-05-24 12:54:45.5,NA,NA,NA,NA,NA,418.381110842544,9.89774624178862,0.0980207588168767,3787.64663739996,3.44493349083399,2.4110776938953e-61,0.994925916874678,11.2264797329198,374.031648903236,0.997927438177783,7.31703655020532,418.452064815121,TRUE,9.92249772548063,0.101947081351516,12.378393994424,2023-05-24 12:54:14,2023-05-24 12:55:12,3841.9529454121
"180","1","May","SWH","TR","8","1-May-SWH-TR-8",2023-05-24 12:50:32.5,335.16010121726,1.60383452973761,1.1312849594102e-06,0.368603394867226,5.19507128217596,341.160436650671,0.223348920342308,0.047950682671604,3468.66393436056,1.68522376930754,2.25104982246926e-05,0.294397870829035,5.49187104537847,332.525850275507,0.441598799991497,4.98230409081824,341.23605699607,TRUE,0.22550741077095,0.0453110174674596,4.06117745166331,2023-05-24 12:50:01,2023-05-24 12:50:59,3337.89841665948
"181","1","May","SWH","SWAMP","1","1-May-SWH-SWAMP-1",2023-05-24 13:29:48.5,NA,NA,NA,NA,NA,611.321640315499,4.20298099404127,0.585031484188759,3508.46178348296,20.5608952368891,2.51629746727942e-09,0.498130903104467,67.0046241188073,613.245043198349,0.517064154218658,67.0302653609063,617.001697820701,TRUE,3.08429598810908,0.0881236825955279,9.33333492818498,2023-05-24 13:29:17,2023-05-24 13:30:15,3528.55859487142
"182","1","May","SWH","SWAMP","2","1-May-SWH-SWAMP-2",2023-05-24 13:33:44.5,390.439789021901,4.4943027725432,1.89646950139882e-26,0.925525631012328,16.1509796458455,295.932783971496,4.33906162849831,0.064213502764148,3853.87139342033,1.96087893468145,4.30735717447784e-46,0.990455596937212,5.78189019233186,286.712350421397,0.992839683480606,5.12581888787843,295.970012612129,TRUE,4.34298000471058,0.0702024957099982,6.55102395215312,2023-05-24 13:33:17,2023-05-24 13:34:07,3860.22991365282
"183","1","May","SWH","SWAMP","3","1-May-SWH-SWAMP-3",2023-05-24 13:37:27.5,475.14056633311,5.58726426298448,8.44247105656457e-33,0.93650674096738,18.9883524739393,363.540283704459,4.72549148254768,0.0589915282396391,3891.70716832837,2.0732536022076,3.78710097200996e-56,0.991961344500582,6.75639736102766,348.798709665668,0.994318611501258,5.79251795408964,364.445870348306,TRUE,4.67413988095868,0.0524132360862283,6.02061251981953,2023-05-24 13:36:56,2023-05-24 13:37:54,3889.3719785149
"184","1","May","SWH","SWAMP","4","1-May-SWH-SWAMP-4",2023-05-24 13:45:57.5,534.837930230303,6.36033802140591,1.13869126514721e-27,0.900065680635244,33.0023619424622,387.90391267052,6.55135342565738,0.0739199685246401,4057.04491869619,2.5979127103848,2.04743527096063e-58,0.993423433249922,8.46617633363046,386.748250531546,0.994022289627053,8.23136382249453,390.267417294355,TRUE,6.63559653861625,0.0573521357673963,5.71228832922876,2023-05-24 13:45:26,2023-05-24 13:46:24,4028.16536506079
"185","1","May","SWH","SWAMP","5","1-May-SWH-SWAMP-5",2023-05-24 13:41:46.5,484.208861159571,4.72966021988558,1.27387112892075e-29,0.91589822614335,20.6515722874851,397.316911585238,4.44571789518294,0.0806517416005181,3974.54381857236,2.8345004577324,8.33321185743265e-48,0.983174131704046,9.23717744518223,390.985983644955,0.986103958695873,8.56076867048522,397.65505318309,TRUE,4.40363170706155,0.0676035541141886,6.98184653287782,2023-05-24 13:41:15,2023-05-24 13:42:13,4103.65817966305
"186","1","May","SWH","UP","1","1-May-SWH-UP-1",2023-05-24 13:51:44.5,531.631177565059,13.1058969431568,5.40504083011455e-37,0.956187349621565,32.0368556337176,450.087937318548,9.58990830344812,0.131467675476086,4105.64671584946,4.62042330294311,4.72489941726362e-54,0.990321929116415,15.0572104529785,364.788579971709,0.998148176573117,6.71686435330886,453.851745972747,TRUE,9.37027614445536,0.0962339323286604,11.4994637851748,2023-05-24 13:51:13,2023-05-24 13:52:11,4085.10562913143
"187","1","May","SWH","UP","2","1-May-SWH-UP-2",2023-05-24 13:55:05.5,497.08093126553,6.00299693769917,5.1813126115032e-33,0.937686416316765,23.2656329412207,368.168102509432,5.85130619598629,0.0615742656948358,3968.76397560263,2.16402374992764,5.57079430756701e-60,0.994274643420775,7.0522025562352,335.545432928522,0.997094204336628,5.12357046018216,368.369366519983,TRUE,5.87650683906743,0.0636443225548853,7.18873030612584,2023-05-24 13:54:34,2023-05-24 13:55:32,3989.86248985261
"188","1","May","SWH","UP","3","1-May-SWH-UP-3",2023-05-24 13:58:23.5,555.649243007932,7.61445787231922,1.94960685816487e-27,0.897981616860321,40.0158839264583,397.170739885038,7.86663270080422,0.0805426580085879,3888.79859689107,2.83066672165775,1.34902088571623e-60,0.994578535786626,9.2246839208637,396.042122661908,0.995069740931745,8.97108014285481,397.338117426718,TRUE,7.84439323212823,0.0669103646571809,5.82314999249486,2023-05-24 13:57:52,2023-05-24 13:58:50,3937.14266713499
"189","1","May","SWH","UP","4","1-May-SWH-UP-4",2023-05-24 14:05:45.5,475.88286382042,15.1269441978039,1.53627197598445e-43,0.975454164876817,19.1193113245336,538.871036095316,7.37454128895088,0.299114587854309,4043.73275257446,10.5123636435153,2.34174057051871e-30,0.921193945645787,34.2580887854634,477.654862626374,0.976446300257228,19.0998332428621,553.969364852261,TRUE,6.34305051231166,0.0932654523882589,11.5511802692066,2023-05-24 14:05:14,2023-05-24 14:06:12,3923.68947644797
"190","1","May","SWH","UP","5","1-May-SWH-UP-5",2023-05-24 14:02:02.5,557.38374254417,10.4798125379016,5.27015419262665e-32,0.931879408730921,40.6637346357054,415.3333120891,9.78534116959091,0.0952932445570617,4011.71393966486,3.34907517129254,1.01087612232734e-61,0.995092738687836,10.9140930106718,402.214537493588,0.996425941930861,9.49872971321003,417.451676447201,TRUE,9.66798086680822,0.0740770522956505,8.3310822364276,2023-05-24 14:01:31,2023-05-24 14:02:29,4011.9071096315
"191","1","Nov","GCW","TR","1","1-Nov-GCW-TR-1",2023-11-07 11:19:53.5,374.133040134546,6.81002430418396,1.27338464347856e-45,0.979584794744621,7.45265907323629,414.767316563914,3.21212446960643,0.0947951476444113,3996.36650203359,3.33156958618198,4.0431789249001e-37,0.956673408045245,10.8570451469091,345.775197281403,0.98878714748034,5.63260250396459,418.697210079697,TRUE,3.05904602927037,0.0656292886031472,6.13894859226877,2023-11-07 11:19:22,2023-11-07 11:20:20,3984.63139954775
"192","1","Nov","GCW","TR","2","1-Nov-GCW-TR-2",2023-11-07 11:23:15.5,422.36990143462,9.2918816942154,1.77031614473641e-47,0.982679535556765,11.6488620359377,467.436478770504,5.46056266705585,0.154376689369139,3852.96732700654,5.42555917573918,4.74834943837725e-38,0.960096862089983,17.6810177288639,350.445628233873,0.99575439785003,5.88152641648638,470.347134659211,TRUE,5.23885104322879,0.133766004341485,16.2174325719727,2023-11-07 11:22:44,2023-11-07 11:23:42,3811.29610471658
"193","1","Nov","GCW","TR","3","1-Nov-GCW-TR-3",2023-11-07 11:26:34.5,447.450451210827,3.40882663051908,1.39105603623413e-32,0.935277031897775,14.6939494742785,354.792198772373,3.61529399942497,0.0544015724094121,3863.2676493851,1.91193988915486,5.70868467587426e-52,0.988362617234593,6.23070212335552,336.327059411758,0.992323210165961,5.16078569187041,354.875557330204,TRUE,3.60430740009451,0.05570217134346,6.21296729233497,2023-11-07 11:26:03,2023-11-07 11:27:01,3800.58048091293
"194","1","Nov","GCW","TR","4","1-Nov-GCW-TR-4",2023-11-07 11:30:08.5,433.987039347821,8.4101333259074,2.31002840803512e-43,0.975066224340164,12.971758713522,439.624524568722,5.10018738279217,0.119328185214726,3733.9999554843,4.1937816704177,3.49165189253469e-42,0.972322461189687,13.6668545423316,350.604925518597,0.995056685570396,5.89020792100714,443.542520016297,TRUE,4.897233127098,0.0985200790760324,11.401872563552,2023-11-07 11:29:37,2023-11-07 11:30:35,3697.98092227023
"195","1","Nov","GCW","TR","5","1-Nov-GCW-TR-5",2023-11-07 11:33:44.5,432.814732462738,4.63107111658653,1.4926042580926e-34,0.945624837169749,12.8317156871751,345.387132250152,3.44594982655283,0.0498644891304704,3777.75907464265,1.75248437863867,7.63840996270194e-53,0.989228779051687,5.71106246648685,314.047724245061,0.994401804191141,4.19879967735024,345.715764766548,TRUE,3.43799462052432,0.0490373524902187,4.50496038306103,2023-11-07 11:33:13,2023-11-07 11:34:11,3762.20241028954
"196","1","Nov","GCW","UP","1","1-Nov-GCW-UP-1",2023-11-07 11:38:25.5,503.926781582376,18.3370960073571,4.22931355910235e-42,0.972117784798031,24.7881271252535,508.829624665361,9.20286186516419,0.226482010969558,3921.24448284472,7.95969623248956,4.48794849213713e-41,0.969467782791456,25.9393595469992,444.499861773552,0.991385761716851,14.0509337920241,510.561594408685,TRUE,8.94425198864801,0.191964567099119,20.3223709446795,2023-11-07 11:37:54,2023-11-07 11:38:52,3800.37139234989
"197","1","Nov","GCW","UP","2","1-Nov-GCW-UP-2",2023-11-07 11:45:30.5,459.673697939591,5.02372623848121,1.21439755792187e-32,0.935613812746185,16.4547471991859,345.000467069776,4.06716996828479,0.0496862818355854,3668.27788691242,1.74622129430969,1.23982367677791e-56,0.992299226510257,5.6906520900683,325.685586666522,0.994999370859976,4.67653138796716,346.030562054618,TRUE,4.02530201805275,0.0415663490189456,4.6624486869394,2023-11-07 11:44:59,2023-11-07 11:45:57,3657.3068227285
"198","1","Nov","GCW","UP","3","1-Nov-GCW-UP-3",2023-11-07 11:49:14.5,444.154087711556,5.35887774682007,4.71197760236183e-38,0.960108652452207,14.2522376778638,411.072720902291,4.44399940313375,0.0916071205275995,3780.5153231158,3.21952657083551,5.64669473822681e-45,0.978381670494384,10.4919151249946,354.979503413661,0.992895671954746,6.13369074935923,414.273877990638,TRUE,4.30576536268153,0.083061668806398,7.38893708092521,2023-11-07 11:48:43,2023-11-07 11:49:41,3769.11429083669
"199","1","Nov","GCW","UP","4","1-Nov-GCW-UP-4",2023-11-07 11:52:50.5,452.13206701321,6.79045540959809,9.43355931219253e-39,0.962499916260391,15.3449142993287,419.056981150043,4.93816437525179,0.0986361018683757,3837.20901205883,3.46655968422453,1.13454938010751e-45,0.979675204864041,11.2969559910087,370.747127658265,0.992285199819246,7.09785885880939,425.639037462872,TRUE,4.72542741023064,0.0616701907541429,5.89984595458204,2023-11-07 11:52:19,2023-11-07 11:53:17,3802.08653941895
"200","1","Nov","GCW","UP","5","1-Nov-GCW-UP-5",2023-11-07 11:41:58.5,498.865095097329,7.32590225605653,2.20747708515709e-33,0.939695707335915,23.6531743077577,420.425930239636,6.02151626136157,0.0998943166690934,3739.45396058274,3.51077956538004,8.5481680670321e-50,0.985890812757751,11.4410614144966,368.195323496038,0.995019558058484,6.93211771477552,420.657714271324,TRUE,6.06499745661748,0.108541082905803,10.5521528972508,2023-11-07 11:41:27,2023-11-07 11:42:25,3732.53926479715
"201","1","Nov","GWI","TR","1","1-Nov-GWI-TR-1",2023-11-09 12:40:00.5,344.672145421024,1.54956831135888,2.11133811518197e-24,0.866614198672191,5.67337868984284,325.976223497929,0.930771323434757,0.0416615429617322,3551.18667442703,1.46419234416271,2.54671416996209e-28,0.905648712790629,4.77156546579932,327.264061987596,0.910270489908686,4.74538321640859,326.014170670175,TRUE,0.928244986778012,0.0414100773913474,4.39425952719217,2023-11-09 12:39:29,2023-11-09 12:40:27,3545.88738208465
"202","1","Nov","GWI","TR","2","1-Nov-GWI-TR-2",2023-11-09 12:43:53,427.461418269464,5.88732207020212,1.66179432542302e-39,0.962620273419331,11.3708099558618,410.39837793312,3.58669676955952,0.0827070739243918,3622.27388793522,2.95439114851504,4.44596198897053e-43,0.972590452807467,9.73697985358337,364.50236356555,0.988936060466848,6.30639376910746,412.909575660324,TRUE,3.47320428751363,0.0653421294991275,7.86810550572405,2023-11-09 12:43:21,2023-11-09 12:44:20,3582.51715790085
"203","1","Nov","GWI","TR","3","1-Nov-GWI-TR-3",2023-11-09 12:47:46.5,375.922730820153,3.00842443281653,1.09940627554794e-34,0.946259860798064,7.57718759667728,341.03957644388,2.02875894023833,0.0478970522278475,3540.15664570562,1.68333893068707,5.51260991819733e-42,0.97183230220397,5.48572866189595,322.475681049987,0.981452668236473,4.53958378445963,343.621464990443,TRUE,1.96418370386422,0.0360615643999073,3.08286417362632,2023-11-09 12:47:15,2023-11-09 12:48:13,3538.20674352856
"204","1","Nov","GWI","TR","4","1-Nov-GWI-TR-4",2023-11-09 12:51:44.5,372.779303276986,8.82136437130532,6.40182716540142e-47,0.981802001438865,7.35982599706983,481.736612015804,3.19131519285987,0.1762325256915,3657.37659724476,6.19368118811566,4.1366748361678e-24,0.863128906643597,20.1842028345556,354.784503380129,0.987890375984217,6.12262602004566,484.922174583267,TRUE,2.92658492330352,0.15127519361957,17.864101329815,2023-11-09 12:51:13,2023-11-09 12:52:11,3620.96441197982
"205","1","Nov","GWI","TR","5","1-Nov-GWI-TR-5",2023-11-09 12:55:35.5,NA,NA,NA,NA,NA,346.227937629856,2.07969487178002,0.0502542109659917,3499.49747696781,1.76618112838333,1.78412971787867e-41,0.970531458871062,5.75569795330379,342.631898725071,0.974398372983458,5.47103042145319,346.245939421408,TRUE,2.07354377809699,0.0514108962715179,4.96898607642256,2023-11-09 12:55:04,2023-11-09 12:56:02,3505.99179538385
"206","1","Nov","GWI","UP","1","1-Nov-GWI-UP-1",2023-11-09 13:04:02.5,440.837451042953,2.71304573733512,5.317376039474e-28,0.902944381669537,13.8212094036543,327.858602582336,2.77648363966472,0.0423940451636516,3505.44469741937,1.48993608863031,1.20918740127972e-51,0.988021860242634,4.85546015528577,312.896818126474,0.991568799710095,4.15429257547271,327.875751312284,TRUE,2.77520328576989,0.0438421553201086,5.12921720990115,2023-11-09 13:03:31,2023-11-09 13:04:29,3520.89122163766
"207","1","Nov","GWI","UP","2","1-Nov-GWI-UP-2",2023-11-09 13:07:42.5,NA,NA,NA,NA,NA,379.390345366157,7.18172664471325,0.0683166609523756,3491.23012210878,2.40098481319111,3.00189275281901e-62,0.99531661222384,7.82442024383254,344.810243666324,0.997707654786842,5.58250073350411,379.630941988625,TRUE,7.21134581127931,0.0678886937860876,8.96985031111272,2023-11-09 13:07:11,2023-11-09 13:08:09,3544.73209967633
"208","1","Nov","GWI","UP","3","1-Nov-GWI-UP-3",2023-11-09 13:11:32.5,505.745740509921,5.10680542558629,6.67711989743244e-30,0.917958552942644,25.2091495468974,341.270461394048,5.53055602155859,0.0479995572068198,3507.83380800539,1.68694146181723,2.59999100372214e-64,0.996098402559738,5.49746872678471,331.361400827967,0.996984363636723,4.92887374934848,341.276300112188,TRUE,5.52696585479097,0.0537287118635093,5.91943919388743,2023-11-09 13:11:01,2023-11-09 13:11:59,3537.42811807411
"209","1","Nov","GWI","UP","4","1-Nov-GWI-UP-4",2023-11-09 13:15:36.5,474.65173627995,3.91932589787819,5.19537448859645e-28,0.903030817218241,18.9026015228502,347.559040113553,3.80426335701831,0.0508774279645834,3517.36667176944,1.78808405115622,1.32000830574512e-54,0.990785072004839,5.82707602758468,345.168630034593,0.991813521336179,5.60105643146125,347.570114937661,TRUE,3.80604576375249,0.0497199807227634,5.09744915086016,2023-11-09 13:15:05,2023-11-09 13:16:03,3539.88188090724
"210","1","Nov","GWI","UP","5","1-Nov-GWI-UP-5",2023-11-09 13:19:31.5,487.348879713626,5.26183308687408,4.20233767203227e-32,0.932469265925573,21.2608148964376,366.5349070365,5.13256301764657,0.0606501336037446,3520.29166993859,2.13154518488713,2.2265159946533e-57,0.992791311579702,6.94636017839197,336.089092950688,0.996190867101573,5.14942697044677,366.5349070365,TRUE,5.13256301764657,0.0606501336037446,9.00066619321952,2023-11-09 13:19:00,2023-11-09 13:19:58,3541.1080852765
"211","1","Nov","MSM","TR","1","1-Nov-MSM-TR-1",2023-11-06 12:39:03.5,NA,NA,NA,NA,NA,324.765086881753,1.13870843665684,0.0411969508131427,3617.5032438071,1.44786428190761,9.28341357781747e-33,0.936274725789736,4.71835495811536,323.841999155102,0.941827486761997,4.59737930106464,324.830214050934,TRUE,1.12970551296842,0.0416938399405313,4.55215738951875,2023-11-06 12:38:32,2023-11-06 12:39:30,3620.83963202783
"212","1","Nov","MSM","TR","2","1-Nov-MSM-TR-2",2023-11-06 12:56:18.5,434.376723972928,2.08724763936308,2.25378383841359e-26,0.887934585958557,13.0186478378054,340.695361610512,2.42420795502586,0.0477446389827776,3570.69173446574,1.67798237663949,5.53437426168996e-46,0.980228476192006,5.46827252069221,342.414698437289,0.98104612856949,5.46003861339808,340.857685172753,TRUE,2.43235572066297,0.0502261299110234,4.72220670145248,2023-11-06 12:55:47,2023-11-06 12:56:45,3589.31223230679
"213","1","Nov","MSM","TR","3","1-Nov-MSM-TR-3",2023-11-06 12:52:14.5,NA,NA,NA,NA,NA,344.562400248283,2.12170402172011,0.0494851537984191,3646.25174112723,1.73915266191445,2.97771605718365e-42,0.972491346143882,5.66761656310215,348.490622590367,0.972527886793041,5.77601742717224,344.609414139601,TRUE,2.11464846713715,0.0469968228324923,4.95541481684888,2023-11-06 12:51:43,2023-11-06 12:52:41,3635.98482350146
"214","1","Nov","MSM","TR","4","1-Nov-MSM-TR-4",2023-11-06 12:48:10.5,344.759190764446,1.70354320756896,3.72241261150528e-29,0.912363372048159,5.67795313671162,313.033548581835,1.17783313546916,0.0369564018539509,3596.39493803265,1.2988304516724,8.47472747459748e-36,0.951299604773718,4.23267786765578,308.536554552927,0.958390212987975,3.98991267355398,313.07044907328,TRUE,1.18279473904102,0.0375444452896663,5.11300212905745,2023-11-06 12:47:39,2023-11-06 12:48:37,3595.06302000835
"215","1","Nov","MSM","TR","5","1-Nov-MSM-TR-5",2023-11-06 12:43:59.5,394.811444347273,1.74438359444921,1.18182482254861e-26,0.890676570800923,9.0253528189313,304.057243139228,1.70104765607024,0.0340089916625091,3606.27014786943,1.19524390324858,1.19003726622592e-45,0.979637858389342,3.89510610042799,307.514651860058,0.979841432448953,3.95233792024056,304.057737842529,TRUE,1.70178994286597,0.0392234152874164,4.34413972352308,2023-11-06 12:43:28,2023-11-06 12:44:26,3610.78482652539
"216","1","Nov","MSM","UP","1","1-Nov-MSM-UP-1",2023-11-06 13:17:34.5,470.947090244136,3.8001565696878,1.81381260369085e-29,0.914749356133618,18.2651939926485,335.801819535019,3.92491998414066,0.0456295810409214,3665.77479542557,1.60364879641729,9.59259445263758e-58,0.993021001183164,5.22603143416318,335.970494417752,0.993499006539053,5.14377531041415,335.858762478901,TRUE,3.93083868970846,0.0473583139002949,4.82305097446884,2023-11-06 13:17:03,2023-11-06 13:18:01,3677.52047071563
"217","1","Nov","MSM","UP","3","1-Nov-MSM-UP-3",2023-11-06 13:10:28.5,387.315974647794,2.26309190985506,2.30276747626761e-29,0.913964513181253,8.42021278866463,312.136104421176,1.78799803186631,0.0366505788220936,3659.74637120716,1.28808232018035,4.2414904241169e-45,0.978618201354059,4.19765144967609,313.298107838745,0.979712913770501,4.16975716659702,312.156364183623,TRUE,1.78698625591286,0.0404431190856503,4.51937340104537,2023-11-06 13:09:57,2023-11-06 13:10:55,3654.830462769
"218","1","Nov","MSM","UP","4","1-Nov-MSM-UP-4",2023-11-06 13:06:27.5,449.484115534614,3.6877816003733,2.30011030775262e-30,0.921248209558606,14.973261351945,319.370612724326,3.34749701200804,0.0391897569139771,3670.17365617858,1.37732157677765,1.37643334487627e-57,0.99292341319404,4.48846771891208,316.560383141353,0.993761895693055,4.29763148493566,319.415569700961,TRUE,3.35096114956536,0.0422793695680126,4.38155434420867,2023-11-06 13:05:56,2023-11-06 13:06:54,3674.47938341845
"219","1","Nov","MSM","UP","5","1-Nov-MSM-UP-5",2023-11-06 13:02:04.5,470.288862415374,4.40842485435982,1.06475106581863e-32,0.93593824329694,18.1542116219179,339.072167580938,4.50324836066449,0.0470324229401649,3657.98476164902,1.65295158798288,3.77197548151719e-60,0.994359860646054,5.38670123860502,313.27621561546,0.996751699666934,4.16891201841613,339.626958196065,TRUE,4.46883589109759,0.0441363981834268,4.06697182208922,2023-11-06 13:01:33,2023-11-06 13:02:31,3660.90070843914
"220","1","Nov","SWH","TR","1","1-Nov-SWH-TR-1",2023-11-08 12:21:35.5,712.121254611432,115.140474970388,3.61674813349149e-33,0.93854101778243,170.390250214536,757.038367412722,40.1027847559354,2.25497602401332,3887.39854167976,79.2509925439762,9.31520812499576e-24,0.858801262797269,258.266136044715,714.126206587958,0.940770207753022,170.584211759034,757.268974043454,TRUE,39.0447220482347,2.35456000021908,228.899889637309,2023-11-08 12:21:04,2023-11-08 12:22:02,3661.62770521795
"221","1","Nov","SWH","TR","2","1-Nov-SWH-TR-2",2023-11-08 12:32:15.5,567.385734204545,21.7675694899886,1.34708301826093e-37,0.958465330069267,44.6095378024702,527.879053508842,13.6431639649776,0.270169386690273,3781.9179633898,9.49508634335479,7.30660002522133e-46,0.980016172920136,30.9429469914642,478.980816312895,0.992496824617254,19.3357739600461,529.383143778429,TRUE,13.4410638686871,0.212031576186361,22.5312929982898,2023-11-08 12:31:44,2023-11-08 12:32:42,3697.52704031513
"222","1","Nov","SWH","TR","3","1-Nov-SWH-TR-3",2023-11-08 11:58:53.5,481.932813579137,12.6675914185245,6.20184215759721e-40,0.966224968087286,20.2209044226583,517.161266699581,6.69914087065371,0.244645531732681,3728.81779699564,8.59805204347895,1.46480940072175e-32,0.935148464370454,28.0196576408614,466.693267857749,0.976348324810216,17.256404611866,529.874405243947,TRUE,5.92479356235215,0.0674945762415,7.58534765863541,2023-11-08 11:58:22,2023-11-08 11:59:20,3646.40713157728
"223","1","Nov","SWH","TR","4","1-Nov-SWH-TR-4",2023-11-08 11:51:38.5,472.599065019225,4.15904072715733,1.05752611937617e-29,0.916497134049575,18.5467272316584,329.422698650678,4.02911515058291,0.043012478837888,3645.49546480366,1.51167090176532,1.17074822669845e-59,0.994108758467126,4.92629038751179,332.054531240704,0.994256146488781,4.96060836644347,329.465791200726,TRUE,4.02121465587788,0.0465179036357273,5.38906923964442,2023-11-08 11:51:07,2023-11-08 11:52:05,3656.90789553969
"224","1","Nov","SWH","TR","5","1-Nov-SWH-TR-5",2023-11-08 11:40:27.5,516.091538754647,6.14251239587793,5.80480813101963e-30,0.918398406252603,27.743495992436,341.611648471515,6.10501457767162,0.0481514342832012,3655.50021981296,1.6922791722495,1.82859100861811e-66,0.996775623127723,5.5148634597012,326.063834796296,0.997754915489998,4.69293870703124,341.616581435963,TRUE,6.10814076813384,0.0516681224337857,5.82868808261454,2023-11-08 11:39:56,2023-11-08 11:40:54,3678.53654192337
"225","1","Nov","SWH","TR","6","1-Nov-SWH-TR-6",2023-11-08 12:17:57.5,NA,NA,NA,NA,NA,313.159491991912,1.89490288156714,0.0369995234297387,3633.57048110788,1.3003459567797,3.56489588142036e-46,0.980560017376823,4.23761665309752,315.575203097239,0.981122075530255,4.25860659347354,313.160489802592,TRUE,1.89376877989304,0.0392333015802503,5.53077588280585,2023-11-08 12:17:26,2023-11-08 12:18:24,3642.20504842684
"226","1","Nov","SWH","TR","7","1-Nov-SWH-TR-7",2023-11-08 12:28:06.5,364.388797440515,3.00445944499356,8.03777616079151e-33,0.936626437842929,6.80968880196829,347.413766811102,1.66325926060418,0.0508090375644233,3646.32112327411,1.78568047478314,2.24802987489697e-36,0.953720719536943,5.81924316186736,326.773539518236,0.970676364907077,4.72387915170933,347.51714002745,TRUE,1.67526713447233,0.0524035496063266,5.6656395162534,2023-11-08 12:27:35,2023-11-08 12:28:33,3647.95126576516
"227","1","Nov","SWH","TR","8","1-Nov-SWH-TR-8",2023-11-08 12:09:56.5,352.654825574735,1.64561821848981,2.51456816166947e-21,0.825007089215708,6.10860561928815,320.360759932953,0.874052945372882,0.0395507018182782,3646.78836890653,1.3900069630589,4.2526321165029e-28,0.903773266827464,4.52980733617016,324.18427497465,0.904087245524522,4.61197252238203,320.517961504022,TRUE,0.865518572174699,0.0407538373622019,4.69212150334606,2023-11-08 12:09:25,2023-11-08 12:10:23,3648.56823595488
"228","1","Nov","SWH","TR","9","1-Nov-SWH-TR-9",2023-11-08 11:35:59.5,421.733787935743,3.07271099784555,6.44285323027586e-32,0.931351694264732,11.5804526012503,335.882751217115,2.76327997973537,0.0456637871775342,3685.56472284735,1.60485096896759,7.00348304780228e-50,0.985998528393333,5.22994911960104,322.789981936229,0.989797531769573,4.55281409322868,335.894507489969,TRUE,2.76173102569471,0.0464288634557182,5.15262683405726,2023-11-08 11:35:28,2023-11-08 11:36:26,3686.91045713238
"229","1","Nov","SWH","TR","10","1-Nov-SWH-TR-10",2023-11-08 11:48:04.5,409.818063101942,3.58504582934325,4.57385641366272e-32,0.932249167251354,10.3707336866342,316.716223568553,2.49338140480266,0.0382383038597587,3652.1732116735,1.34388281818207,1.51403351317749e-51,0.987917856586371,4.37949622594534,306.313919023276,0.990746338896058,3.90863960257835,316.78258444301,TRUE,2.48880883201705,0.0381763188768896,4.26804917576554,2023-11-08 11:47:33,2023-11-08 11:48:31,3663.65495455399
"230","1","Nov","SWH","SWAMP","1b","1-Nov-SWH-SWAMP-1b",2023-11-08 14:57:13.5,NA,NA,NA,NA,NA,337.732917090773,1.62340011561934,0.0464528001323145,3780.62879001362,1.63258078034054,8.67613092582458e-38,0.959161684839187,5.32031607913867,336.700489680343,0.962795577537264,5.17866096267805,337.855064913909,TRUE,1.63811473448265,0.0507347642430051,4.9984476940935,2023-11-08 14:56:42,2023-11-08 14:57:40,3774.61589565516
"231","1","Nov","SWH","SWAMP","2c","1-Nov-SWH-SWAMP-2c",2023-11-08 14:43:53.5,404.386602270557,2.54695119327909,6.14914302424405e-30,0.918217641840087,9.86207375643125,300.62154286566,2.15823839715542,0.0329441238847985,3699.97268690087,1.15781919122816,1.19056146003302e-51,0.988029008170231,3.77314503147685,302.268747939449,0.988539388156395,3.76494818138898,300.945043307966,TRUE,2.13987138656077,0.0303905806631757,3.05842224498881,2023-11-08 14:43:22,2023-11-08 14:44:20,3701.85248085652
"232","1","Nov","SWH","SWAMP","3","1-Nov-SWH-SWAMP-3",2023-11-08 14:16:25.5,414.992009073713,8.96997896389175,4.10441472270004e-47,0.982110382857092,10.8796565927746,452.829018867578,5.02826388613562,0.134847079539065,3730.59055594658,4.73919224919627,3.38102765170291e-39,0.963950036068233,15.4442591932688,351.737638703567,0.99485117160066,5.95231001939831,457.664007908296,TRUE,4.77555069490198,0.0952734108225719,12.5091211308213,2023-11-08 14:15:54,2023-11-08 14:16:52,3672.05118070606
"233","1","Nov","SWH","SWAMP","4","1-Nov-SWH-SWAMP-4",2023-11-08 14:30:23.5,483.907515787967,7.02999409767921,8.95904684155987e-34,0.941749067437352,20.5940298650598,377.282318433041,5.35060500457502,0.066996133363885,3722.94241420516,2.35457495297303,4.42168512682303e-56,0.991913310728067,7.67317803363249,350.196813306461,0.995452571502214,5.86799190604434,377.847083499206,TRUE,5.30660492881678,0.0684829819534825,7.65106382204785,2023-11-08 14:29:52,2023-11-08 14:30:50,3697.38377118311
"234","1","Nov","SWH","SWAMP","5","1-Nov-SWH-SWAMP-5",2023-11-08 14:22:48.5,430.858189471754,2.60530351961618,1.06033125289392e-26,0.891130721241776,12.6013475358066,336.271863078344,2.38176907298687,0.0458286054027876,3691.64221639637,1.61064349527456,1.68626360487173e-46,0.981111575990338,5.2488260237156,338.576571626373,0.9816953530005,5.26940604132483,336.287507405051,TRUE,2.38704765884431,0.0470064657312852,6.26896252215235,2023-11-08 14:22:17,2023-11-08 14:23:15,3685.45435918264
"235","1","Nov","SWH","UP","1b","1-Nov-SWH-UP-1b",2023-11-08 15:37:04.5,521.346321754432,10.1095198248429,5.97871653109265e-35,0.947503020559928,29.1267452319219,422.112931344083,7.97037230966656,0.1014669545396,4076.63284649591,3.56604982582747,1.03973820091422e-55,0.991642993778388,11.6211782325418,365.717551807759,0.997269001478481,6.77488926932018,422.205492227884,TRUE,7.95228751814398,0.114568566784079,11.2491412393805,2023-11-08 15:36:33,2023-11-08 15:37:31,4058.96683111305
"236","1","Nov","SWH","UP","2","1-Nov-SWH-UP-2",2023-11-08 15:23:39.5,459.058242312448,10.1913808387776,4.61748151142137e-43,0.97439343848279,16.36124381182,467.989815519581,6.33950227425806,0.15516966621824,3979.56621393045,5.45342829793226,3.41215920099508e-41,0.969787730045676,17.7718386797785,396.854111869043,0.992485411892728,9.03878266756868,475.362808978836,TRUE,5.97913623589636,0.0981694606758643,9.97819724992391,2023-11-08 15:23:08,2023-11-08 15:24:06,3925.6172148323
"237","1","Nov","SWH","UP","3","1-Nov-SWH-UP-3",2023-11-08 15:12:52.5,514.583659047323,10.0113696560999,2.00401920520505e-34,0.945005818133314,27.3588370106065,421.730412331539,7.30912429912535,0.101108210229473,3890.0222493343,3.55344177929201,7.51797733419796e-54,0.990147523680485,11.5800906529764,380.772234133214,0.995714813945504,7.78826590109283,422.058863614152,TRUE,7.26094002985113,0.101783383401859,13.0675813070951,2023-11-08 15:12:21,2023-11-08 15:13:19,3883.03022337334
"238","1","Nov","SWH","UP","4","1-Nov-SWH-UP-4",2023-11-08 15:18:32.5,NA,NA,NA,NA,NA,343.405609715025,2.43646316675251,0.0489579456650619,3939.71866842662,1.72062396475719,1.53798695228932e-45,0.979436070370285,5.60723454305247,335.718872295876,0.983437891116999,5.13180511513348,343.921646346465,TRUE,2.46038463087455,0.0511951164559344,4.70953341984395,2023-11-08 15:18:01,2023-11-08 15:18:59,3933.83068064738
"239","1","Nov","SWH","UP","5","1-Nov-SWH-UP-5",2023-11-08 15:07:46.5,581.584331188706,13.8851691424121,3.45756796553213e-32,0.93297337738128,50.8772657720151,411.555200508189,12.3552294272649,0.092017282018469,4226.58384651339,3.23394167100002,9.35372456250613e-68,0.997123994685343,10.5388915993665,380.854369223426,0.998487454034256,7.79419120877229,411.756461732523,TRUE,12.3381123273135,0.0846654075855435,9.78157172188343,2023-11-08 15:07:15,2023-11-08 15:08:13,4091.10154400489
"240","1","Oct","GCW","TR","1","1-Oct-GCW-TR-1",2023-10-12 09:56:41.5,462.886499778824,6.99123736248821,1.70399100154743e-36,0.954210862566391,16.9515993158782,436.019118216111,4.91783865747619,0.115410364529659,4495.13542462022,4.05609010536579,4.06891618810726e-42,0.972159194004412,13.2181400552269,398.550560855922,0.98708271239492,9.18188357143499,437.36222819673,TRUE,4.79451895055325,0.101084263082767,9.4125537435587,2023-10-12 09:56:10,2023-10-12 09:57:08,4382.90403464505
"241","1","Oct","GCW","TR","2","1-Oct-GCW-TR-2",2023-10-12 10:00:49.5,497.875971483549,11.1182899616512,8.18461509966149e-37,0.955483157608948,23.4375344630483,459.513442831599,6.9170760096603,0.143456837606517,4684.73513425659,5.04178166262814,7.69698004248879e-45,0.978122681810501,16.430349033995,408.389313154031,0.992117594019396,10.0576337569194,467.423436280108,TRUE,6.56473512628764,0.0721195093653621,7.22227168262622,2023-10-12 10:00:18,2023-10-12 10:01:16,4620.09968453321
"242","1","Oct","GCW","TR","3","1-Oct-GCW-TR-3",2023-10-12 10:04:37.5,450.957242200531,7.29731239169398,2.42360221785013e-35,0.949293118179649,15.1788968129283,432.790150048571,4.16650265052093,0.112010913732323,4230.90374718908,3.93661661787666,3.82361620096932e-39,0.963779183136035,12.8287953292731,413.217803867169,0.976591268922083,10.5174961593896,437.004946352122,TRUE,3.96483968810659,0.0605874590884961,5.60670211548551,2023-10-12 10:04:06,2023-10-12 10:05:04,4166.49622378661
"243","1","Oct","GCW","TR","4","1-Oct-GCW-TR-4",2023-10-12 10:14:26.5,462.078220743861,7.77793143882708,7.08626114824899e-37,0.955728987780022,16.8252060002525,434.977560269451,4.96680907826486,0.114302690439585,4109.33127816047,4.01716096815159,1.51271662170996e-42,0.973198280971436,13.0912763084759,404.10355419448,0.985949596685834,9.66633248927314,441.481493265749,TRUE,4.71927470609075,0.062180277515831,7.59687767558897,2023-10-12 10:13:55,2023-10-12 10:14:53,4055.06525291116
"244","1","Oct","GCW","TR","5","1-Oct-GCW-TR-5",2023-10-12 10:09:41.5,478.115151949566,5.9433032101648,1.76776624856303e-34,0.945270217776408,19.5186071401196,382.900364996054,5.22835932976009,0.0705734390575367,3899.10718156252,2.48029913976529,2.12703440619362e-54,0.990614450392966,8.08289277521359,331.941236192033,0.99660803436703,4.95540727675878,384.794311335784,TRUE,5.14440947392549,0.0638281954714357,6.55774967002432,2023-10-12 10:09:10,2023-10-12 10:10:08,3899.80986519441
"245","1","Oct","GCW","UP","1","1-Oct-GCW-UP-1",2023-10-12 10:20:15.5,487.488431071956,10.6004334054661,4.61636611136052e-40,0.966606081763747,21.2883046492255,448.523130315364,7.27495900577406,0.129576579492805,4368.64413608862,4.55396085186825,3.2568168066047e-48,0.983771091114329,14.8406201002249,358.991618760315,0.997128802694969,6.36583789769127,451.412949014819,TRUE,7.08943499340627,0.102208166548239,12.6361748035741,2023-10-12 10:19:44,2023-10-12 10:20:42,4318.15228277839
"246","1","Oct","GCW","UP","2","1-Oct-GCW-UP-2",2023-10-12 10:27:51.5,520.776456540258,11.239823152072,2.4937169383236e-36,0.953535898334297,28.9734618516671,436.814612933389,8.42124102756413,0.116263580112423,4062.11955109052,4.08607631411833,6.79435674730266e-54,0.990185792785972,13.3158602480037,372.790645754097,0.997215333950831,7.23343938458841,438.050278289369,TRUE,8.32890866780125,0.104633392785447,9.35497073896076,2023-10-12 10:27:20,2023-10-12 10:28:18,3999.67663321784
"247","1","Oct","GCW","UP","3","1-Oct-GCW-UP-3",2023-10-12 10:31:35.5,515.063228055768,16.7940520616355,9.97957132429912e-43,0.973623434328486,27.4805927872668,506.388387391284,10.5331896490574,0.221420026733298,4083.32355730359,7.78179311037495,1.52870332916281e-44,0.977537870574566,25.359602114771,365.21579196053,0.998472779590054,6.74348664878862,506.566744144313,TRUE,10.4545918097844,0.220744025462941,31.8677705573809,2023-10-12 10:31:04,2023-10-12 10:32:02,4043.07062591581
"248","1","Oct","GCW","UP","4","1-Oct-GCW-UP-4",2023-10-12 10:35:20.5,481.222061435658,10.3817188196901,2.69622936266977e-41,0.970059982092304,20.0882668002194,457.809460860367,7.23830683467159,0.141211193483662,4018.32217443092,4.96285863917176,3.41047262377438e-46,0.980593087834707,16.1731516960344,357.637521759289,0.997180613476467,6.28652170435431,463.469062819208,TRUE,6.94587493226133,0.0941431144139484,10.816619391176,2023-10-12 10:34:49,2023-10-12 10:35:47,3973.93029223518
"249","1","Oct","GCW","UP","5","1-Oct-GCW-UP-5",2023-10-12 10:24:23.5,479.653919704267,13.7216129169697,1.02149587568433e-44,0.977883333714889,19.7986959118378,488.210826876242,8.27278018850547,0.187120112904769,4305.91577517939,6.57632476564026,6.29998461095161e-43,0.974085758076728,21.4311762171888,367.312217645881,0.997435264150127,6.87566555624061,490.320238149207,TRUE,8.04979480972641,0.161001288170286,20.4913477304628,2023-10-12 10:23:52,2023-10-12 10:24:50,4265.24563842548
"250","1","Oct","GWI","TR","1","1-Oct-GWI-TR-1",2023-10-19 11:35:40.5,356.996932912691,1.44577474955485,2.44596070902134e-20,0.809074344708999,6.35920412428222,338.87415421675,0.851490011898345,0.0469462700145119,3474.12819002797,1.64992374875272,3.84917538781743e-24,0.863506485582485,5.37683400144577,336.442163691829,0.878833435583506,5.16628888803816,338.897444261859,TRUE,0.851917887416053,0.0464342271376109,6.34926808062246,2023-10-19 11:35:09,2023-10-19 11:36:07,3480.2631522989
"251","1","Oct","GWI","TR","2","1-Oct-GWI-TR-2",2023-10-19 11:39:20.5,NA,NA,NA,NA,NA,361.68293748941,2.0046430188692,0.0579856864240644,3500.0369027692,2.03790335396653,1.48833020119671e-37,0.958305861786916,6.64119663320868,365.367905777735,0.958548393933661,6.75299128044257,361.781720168212,TRUE,1.99777525446193,0.0581490519794341,7.04150787514165,2023-10-19 11:38:49,2023-10-19 11:39:47,3506.86944768762
"252","1","Oct","GWI","TR","3","1-Oct-GWI-TR-3",2023-10-19 11:44:02.5,NA,NA,NA,NA,NA,316.489257281798,1.38336788478973,0.0381580289264597,3470.77105682931,1.34106156062873,1.38555088869359e-38,0.961941767644187,4.37030220497855,310.794147735052,0.968196436238181,4.07419420041648,316.583968850525,TRUE,1.38249889169162,0.0402629090661096,4.32244115990717,2023-10-19 11:43:31,2023-10-19 11:44:29,3473.13565024464
"253","1","Oct","GWI","TR","4","1-Oct-GWI-TR-4",2023-10-19 11:48:38.5,323.440810803416,5.08615182781025,2.40035569734289e-49,0.985319407335206,4.66085262195025,417.473922164421,2.31833306510596,0.0972008431423801,3552.16047468896,3.41611760529275,1.14344647627085e-29,0.916246303359233,11.1325734337487,329.873905723034,0.984642810926288,4.86145322509489,421.446880752078,TRUE,2.16123626019708,0.0808505398513743,7.44670210727236,2023-10-19 11:48:07,2023-10-19 11:49:05,3533.53385826221
"254","1","Oct","GWI","TR","5","1-Oct-GWI-TR-5",2023-10-19 11:52:43.5,346.793891098062,0.86004353031463,2.49208384098585e-25,0.877110772150254,5.78593876061459,312.148402694576,1.00500782491304,0.0366547525674924,3461.22814282294,1.2882290062036,1.37607643966357e-32,0.935303943802658,4.19812947564422,307.39762858124,0.944982634489046,3.94805768826089,312.287366944158,TRUE,1.00042117941929,0.0386260352561268,3.83426381071159,2023-10-19 11:52:12,2023-10-19 11:53:10,3467.60292103266
"255","1","Oct","GWI","UP","1","1-Oct-GWI-UP-1",2023-10-19 11:57:32.5,458.613639655484,3.05464479172594,7.09548396699312e-26,0.88289308475763,16.2940280704373,334.918346121051,2.9800564218099,0.045257839504124,3492.38599761365,1.59058396315641,9.16675385861899e-52,0.988148745356667,5.18345526071673,328.178411152172,0.990286214574852,4.78572910778753,335.34602421281,TRUE,3.0007795176529,0.0413706579492378,4.96843384334172,2023-10-19 11:57:01,2023-10-19 11:57:59,3508.98721752186
"256","1","Oct","GWI","UP","2","1-Oct-GWI-UP-2",2023-10-19 12:01:40.5,517.155287416849,6.44205490654519,1.53786277353961e-30,0.922456272699895,28.0181064110704,361.177057414831,6.32124056040213,0.0577147122606405,3473.69058445667,2.02837998379477,3.59070376936766e-63,0.995683882550122,6.61016151380599,339.677567689722,0.997308379342765,5.32339926325532,361.234482858918,TRUE,6.32668979039992,0.066195604287548,6.94688968325533,2023-10-19 12:01:09,2023-10-19 12:02:07,3500.66140421991
"257","1","Oct","GWI","UP","3","1-Oct-GWI-UP-3",2023-10-19 12:05:15.5,NA,NA,NA,NA,NA,387.837730696892,3.92615281915162,0.0738746845360973,3465.18381051916,2.59632120741531,5.38564520636829e-47,0.981922538249428,8.46098988347707,329.033443542041,0.99435018048451,4.82376794256823,387.848423850669,TRUE,3.93310982988549,0.0769692427426972,10.7650210136803,2023-10-19 12:04:44,2023-10-19 12:05:42,3501.33912158739
"258","1","Oct","GWI","UP","4","1-Oct-GWI-UP-4",2023-10-19 12:09:45.5,NA,NA,NA,NA,NA,335.792177204118,3.35763140389648,0.0456255073753734,3493.42486619098,1.60350562769419,2.99996474308854e-54,0.990489516322749,5.22556487050599,313.005403193562,0.994208777758509,4.158471473463,335.900699854246,TRUE,3.34353218279636,0.045522272120644,5.68355683335941,2023-10-19 12:09:14,2023-10-19 12:10:12,3515.09687424989
"259","1","Oct","GWI","UP","5","1-Oct-GWI-UP-5",2023-10-19 12:14:08.5,496.257740536375,4.74296419872876,1.19757571023539e-28,0.908342362446246,23.0889732314334,359.083307366062,4.78433359235628,0.0566065976690941,3504.41258203694,1.98943536518361,2.37643818513496e-57,0.992773223950413,6.48324731569221,358.442576830206,0.99336835048132,6.33355787108214,359.096768471514,TRUE,4.77952527633631,0.0560761479203087,7.34201897390337,2023-10-19 12:13:37,2023-10-19 12:14:35,3520.29438586338
"260","1","Oct","MSM","TR","1","1-Oct-MSM-TR-1",2023-10-10 10:28:28.5,362.508258146633,1.0988357762327,2.06511492514884e-23,0.854424563950089,6.69214212559474,308.094718692171,1.07458019115729,0.0353044487606461,3461.70959676198,1.24077266263769,8.23037598143128e-35,0.946854349073388,4.04347694587586,307.705618098055,0.95100311942233,3.95933264973768,308.19161421557,TRUE,1.08204722077302,0.0391215524845403,4.01175253059931,2023-10-10 10:27:57,2023-10-10 10:28:55,3462.47061750426
"261","1","Oct","MSM","TR","2","1-Oct-MSM-TR-2",2023-10-10 10:43:00.5,416.183997285101,1.73650991533966,1.94213919564383e-27,0.897996642561816,11.0003996686153,314.243266959359,2.1517786733871,0.0373726811017693,3463.05929920635,1.31346056002555,8.96993745031854e-49,0.984556095010074,4.28035501885596,313.849986769642,0.985762812407885,4.19111911763707,314.259615303568,TRUE,2.15582089835488,0.0374243344506509,5.57699563905665,2023-10-10 10:42:29,2023-10-10 10:43:27,3478.71794880688
"262","1","Oct","MSM","TR","3","1-Oct-MSM-TR-3",2023-10-10 10:39:19.5,386.488125098007,2.46235861318644,4.28490768264658e-32,0.932418775517108,8.35591629372422,335.415559300608,1.99701648251911,0.0454666790720403,3464.07493815449,1.59792361682172,8.77750158311007e-43,0.973753255963819,5.20737400206237,320.376398269328,0.981551835351493,4.45219630850494,335.420312611135,TRUE,1.99818235518805,0.0476018413313611,5.69759052530593,2023-10-10 10:38:48,2023-10-10 10:39:46,3466.33930884093
"263","1","Oct","MSM","TR","4","1-Oct-MSM-TR-4",2023-10-10 10:35:39.5,NA,NA,NA,NA,NA,327.773712732995,0.928818367189302,0.0423607358107931,3459.49863258612,1.48876543348945,6.15749468000711e-28,0.902396346869628,4.85164517997547,326.211250387219,0.911949865685609,4.6993487505067,327.774657507956,TRUE,0.930077034536594,0.0427369649446723,5.1643160024907,2023-10-10 10:35:08,2023-10-10 10:36:06,3464.11932674681
"264","1","Oct","MSM","TR","5","1-Oct-MSM-TR-5",2023-10-10 10:32:02.5,NA,NA,NA,NA,NA,324.426228268075,2.24378341325285,0.0410678946621079,3468.32423051671,1.44332861148163,1.31117213446105e-47,0.982878330243829,4.70357394354775,325.09327559066,0.983903150774386,4.65095380028641,324.806095011652,TRUE,2.26424379779529,0.0403164439412653,3.48886615873254,2023-10-10 10:31:31,2023-10-10 10:32:29,3478.88354956641
"265","1","Oct","MSM","UP","1","1-Oct-MSM-UP-1",2023-10-10 11:05:23.5,460.732429701344,4.3625301642905,3.57280033578144e-31,0.926683414759136,16.6168475108993,320.665135892002,3.85328031413377,0.0396623246188902,3511.90712226288,1.39392993946523,1.77631812345887e-60,0.994520860438678,4.54259168026143,315.388980678408,0.995385666569149,4.25126988334009,320.762108987395,TRUE,3.84236460100247,0.0412429867723829,3.79849223400162,2023-10-10 11:04:52,2023-10-10 11:05:50,3517.04002536066
"266","1","Oct","MSM","UP","2","1-Oct-MSM-UP-2",2023-10-10 11:01:47.5,478.204660823263,4.70890927681467,2.5377929647018e-31,0.927640268496937,19.5347905912535,386.378260983212,4.54201169851848,0.0728830861009046,3512.90098818961,2.5614715418946,1.54958462899312e-50,0.986787530219256,8.34742047358622,372.903951292641,0.990440238907575,7.24103215145002,386.833810272839,TRUE,4.5030279402643,0.0723263981068969,7.73008717662656,2023-10-10 11:01:16,2023-10-10 11:02:14,3519.89136871747
"267","1","Oct","MSM","UP","3","1-Oct-MSM-UP-3",2023-10-10 10:57:39.5,373.042768030103,2.50742631351762,5.77971321392529e-32,0.93163749333836,7.37780212498231,319.068017746089,1.75412530642035,0.0390801085216874,3494.37481045992,1.37346799082939,2.92460695882165e-43,0.974839077073525,4.47590950707363,309.778446658254,0.980328144780575,4.03605748442614,319.291660714768,TRUE,1.73766966265362,0.0388630900244801,4.35218000895661,2023-10-10 10:57:08,2023-10-10 10:58:06,3496.6934889284
"268","1","Oct","MSM","UP","4","1-Oct-MSM-UP-4",2023-10-10 10:54:09.5,423.56030532912,3.85588812506694,3.53474637859593e-34,0.943793630348552,11.7779690201571,346.752363426394,3.10663689596008,0.0504988285083996,3537.4700672971,1.77477819674373,3.00761189100786e-50,0.986446283434731,5.78371440528096,324.183023238625,0.991713431287207,4.61191906924591,348.669092204484,TRUE,3.04498069256931,0.0441053117650587,4.49880444601223,2023-10-10 10:53:38,2023-10-10 10:54:36,3537.96023321428
"269","1","Oct","MSM","UP","5","1-Oct-MSM-UP-5",2023-10-10 10:50:45.5,NA,NA,NA,NA,NA,337.273473918843,4.71615386117393,0.0462556048572402,3504.16043145155,1.62565036462516,1.46087090170743e-61,0.995022753453859,5.29773097792368,340.625262350051,0.995082142747729,5.37031737961319,337.286403697211,TRUE,4.72005429279342,0.0444560794824715,4.85857328765631,2023-10-10 10:50:14,2023-10-10 10:51:12,3516.67409436774
"270","1","Oct","SWH","TR","1","1-Oct-SWH-TR-1",2023-10-18 10:46:37.5,NA,NA,NA,NA,NA,393.156771332707,5.96053672709618,0.0776041249024417,3594.71834108548,2.72739215784623,3.31015117440263e-55,0.99126242606867,8.88812886090651,345.028716102949,0.996672243967266,5.59380496454893,394.028913542194,TRUE,5.90663107367712,0.0794013142674553,8.80654784261611,2023-10-18 10:46:06,2023-10-18 10:47:04,3625.03613067678
"271","1","Oct","SWH","TR","2","1-Oct-SWH-TR-2",2023-10-18 10:38:03.5,618.180751081837,35.524033165373,9.78105029778587e-36,0.951030595693636,71.3981471394917,649.364542845133,19.4079091550936,0.83206849437808,4088.4711054881,29.2429956424428,3.30850166901251e-29,0.912759093999833,95.2981817452355,560.06165454972,0.984499968414521,40.9644843285577,655.956857107864,TRUE,17.5514212908037,0.539281519966723,63.5734647042009,2023-10-18 10:37:32,2023-10-18 10:38:30,3769.69638992901
"272","1","Oct","SWH","TR","3","1-Oct-SWH-TR-3",2023-10-18 10:55:01.5,448.13659914865,3.16050713752644,6.09979439774e-28,0.902431613615551,14.7876005702298,324.950762018154,2.96581461682103,0.0412678381148145,3583.64431102951,1.45035561172949,1.01680659831274e-53,0.990032454901348,4.72647379809523,328.262443098773,0.990158701357913,4.78945420617797,325.041733919833,TRUE,2.95478471822608,0.0426912186676661,4.00559651384785,2023-10-18 10:54:30,2023-10-18 10:55:28,3556.83391000519
"273","1","Oct","SWH","TR","4","1-Oct-SWH-TR-4",2023-10-18 11:26:51.5,NA,NA,NA,NA,NA,611.156366910598,16.6061876086013,0.584136889742682,3513.61705080668,20.5294547705511,2.35276086282373e-33,0.939547865284989,66.9021647363327,469.433513670154,0.995931474967628,17.6998471301496,614.115290045954,TRUE,15.8976795458049,0.517612458326673,53.2272309433173,2023-10-18 11:26:20,2023-10-18 11:27:18,3647.52273358816
"274","1","Oct","SWH","TR","5","1-Oct-SWH-TR-5",2023-10-18 11:11:45.5,NA,NA,NA,NA,NA,365.650829084039,5.77995767594878,0.0601556837737177,3574.54401056751,2.11416777626924,3.14770233989378e-60,0.994398968340974,6.88973002103814,367.558494082056,0.994611840498988,6.89136228348086,365.969367850429,TRUE,5.81225079518514,0.059352917899404,6.30344259688551,2023-10-18 11:11:14,2023-10-18 11:12:12,3566.81526695869
"275","1","Oct","SWH","TR","6a","1-Oct-SWH-TR-6a",2023-10-18 11:46:07,219.904000042468,1.70881689183994,4.43123769346874e-17,0.88530838270124,5.29230112194959,215.890186550529,1.42355965731263,0.0836388223803243,3557.16678299437,2.02468151297238,6.63598955251875e-18,0.897735095224718,4.99737589287895,216.839510594021,0.906271305337795,4.93618145088032,215.987469363755,TRUE,1.39947472149302,0.0732940382926853,4.40588301404351,2023-10-18 11:45:45,2023-10-18 11:46:24,3558.96560600284
"276","1","Oct","SWH","TR","7a","1-Oct-SWH-TR-7a",2023-10-18 11:38:22.5,NA,NA,NA,NA,NA,318.919652921454,1.38010973006249,0.0390264591448714,3548.87442588696,1.37158248680773,4.80395730195401e-38,0.960079002972307,4.46976495515648,317.536413885437,0.963866774536811,4.33664659373679,318.935077265899,TRUE,1.37809233075683,0.0409941112482236,5.22970469596523,2023-10-18 11:37:51,2023-10-18 11:38:49,3551.58626074573
"277","1","Oct","SWH","TR","8","1-Oct-SWH-TR-8",2023-10-18 11:06:09.5,340.042355035941,0.982457361742167,3.43667472927242e-22,0.837856101893971,5.43530914650954,298.039019470256,0.81760020685281,0.0321656996677806,3551.58807217977,1.13046152038732,5.39925082714363e-31,0.925511507276797,3.68399081759965,301.725739091987,0.925942400290719,3.74606605827028,298.180031691197,TRUE,0.805767175920902,0.0333782559943144,2.99973452203415,2023-10-18 11:05:38,2023-10-18 11:06:36,3552.20852616549
"278","1","Oct","SWH","TR","9a","1-Oct-SWH-TR-9a",2023-10-18 11:21:34.5,401.580787952049,2.03860741800843,5.66568094035617e-29,0.910938587660452,9.60915898338965,312.290775254156,2.00994294583262,0.0367031050880813,3534.49154577054,1.28992835254159,1.16521859449922e-47,0.982955843726969,4.20366736985131,314.258362745199,0.983585417185898,4.20699682460201,312.328357324653,TRUE,2.01455791761659,0.0307043317056955,3.10651100876768,2023-10-18 11:21:03,2023-10-18 11:22:01,3539.86597777065
"279","1","Oct","SWH","TR","10","1-Oct-SWH-TR-10",2023-10-18 11:32:31.5,461.952559185298,3.41129684943045,2.60474642662477e-28,0.905567070473807,16.8056407033274,328.269737090322,3.42955527530087,0.0425557384289434,3542.085280951,1.49561878841319,2.77341416804669e-56,0.992057071583371,4.87397915256408,331.451532183198,0.992176515193277,4.9329888557842,328.340983718084,TRUE,3.43425504558538,0.0397765357016481,4.24032478879085,2023-10-18 11:32:00,2023-10-18 11:32:58,3540.68248214137
"280","1","Oct","SWH","SWAMP","1a","1-Oct-SWH-SWAMP-1a",2023-10-18 13:37:30.5,NA,NA,NA,NA,NA,344.62169368999,1.75056035866725,0.0495123292676036,3611.45175643173,1.74010774209392,4.85436591601625e-38,0.960062984605348,5.6707290145636,329.157375458681,0.9721494348069,4.82930647906483,344.693747123736,TRUE,1.76360643694873,0.0511614295333359,6.00840748931614,2023-10-18 13:36:59,2023-10-18 13:37:57,3618.97154035023
"281","1","Oct","SWH","SWAMP","2","1-Oct-SWH-SWAMP-2",2023-10-18 13:40:54.5,423.124294553744,4.07005212964617,2.07180269518821e-36,0.953865670303416,11.7305156003156,361.244186837632,3.41328497059358,0.0577505970723048,3563.74282660633,2.02964115327568,2.34500949983781e-49,0.985332569387893,6.61427146067574,310.60808910906,0.994667341770895,4.06718136348842,361.446753671016,TRUE,3.39090228051306,0.0627288338668096,6.59940722612835,2023-10-18 13:40:23,2023-10-18 13:41:21,3567.78088889063
"282","1","Oct","SWH","SWAMP","3","1-Oct-SWH-SWAMP-3",2023-10-18 13:44:41.5,520.407925034217,8.91589430498934,3.87179853158596e-34,0.943596612689692,28.8747633661349,426.57222897973,7.61686949222115,0.105744199711292,3600.17987579916,3.71637334217565,9.04441512171349e-54,0.990077239683412,12.1110582009517,392.151781612263,0.995128794831973,8.65367779937415,426.628141280358,TRUE,7.60627578763914,0.113749761594923,11.6845296648522,2023-10-18 13:44:10,2023-10-18 13:45:08,3590.86793451013
"283","1","Oct","SWH","SWAMP","4","1-Oct-SWH-SWAMP-4",2023-10-18 13:50:00.5,464.151921447757,3.99205700933878,7.89785772680936e-32,0.930812701342821,17.151387113576,362.446196906512,4.08380952114165,0.0583969353236726,3501.77278822102,2.05235667104374,4.14569534430971e-53,0.989478950580874,6.68829765030305,341.60120762256,0.993358847200133,5.41906634435691,362.447334499628,TRUE,4.08189084648218,0.0632345970678344,7.48568286890112,2023-10-18 13:49:29,2023-10-18 13:50:27,3509.61921559785
"284","1","Oct","SWH","SWAMP","5","1-Oct-SWH-SWAMP-5",2023-10-18 13:55:03.5,463.50882657838,5.29150646431342,6.54349217947811e-34,0.942447966427043,17.0495612366138,377.195246489324,4.44853476532412,0.0669421413949513,3619.25806385084,2.35267740857263,5.71868024629944e-52,0.988361834357614,7.6669942440731,352.468237354509,0.99316327928952,5.99271272412589,379.213110950578,TRUE,4.36749594140304,0.0565071476936705,5.48844399114193,2023-10-18 13:54:32,2023-10-18 13:55:30,3613.11944885492
"285","1","Oct","SWH","UP","1","1-Oct-SWH-UP-1",2023-10-18 13:59:18.5,536.044991782387,9.1850127077022,4.67988664553221e-32,0.93218950346155,33.3732816339534,397.904583106121,8.04791125169766,0.0810917963988405,3576.46458998392,2.8499661563338,5.90005230716462e-61,0.994748250375269,9.28757764953047,369.823451594028,0.997100708911302,7.03741287465809,397.924417931717,TRUE,8.04092010882676,0.0911355930143504,10.3105199607415,2023-10-18 13:58:47,2023-10-18 13:59:45,3580.93631592517
"286","1","Oct","SWH","UP","2","1-Oct-SWH-UP-2",2023-10-18 14:02:49.5,491.971880639719,4.45789561335415,8.47525683060342e-30,0.917203889210413,22.1906552669543,335.546117194822,4.84447324793403,0.0455216755837776,3654.1265281632,1.59985646581666,1.59109640538156e-62,0.995429568173489,5.21367284357157,336.641357889417,0.995668924679796,5.17582633599844,336.731332532961,TRUE,4.80173770095943,0.0442601411662497,3.42145646177703,2023-10-18 14:02:18,2023-10-18 14:03:16,3654.24367909391
"287","1","Oct","SWH","UP","3","1-Oct-SWH-UP-3",2023-10-18 14:06:27.5,528.215127753362,7.73955442938111,8.64405758474894e-28,0.901117231797467,31.0393851796535,422.539716486967,6.17125915222919,0.101868716254334,3614.64208583117,3.58016971638053,6.6175516095881e-50,0.986029011515786,11.6671926666511,422.348637871019,0.987072325010181,11.445365985009,422.880267218362,TRUE,6.22182693905235,0.0875875721667297,9.13553362016913,2023-10-18 14:05:56,2023-10-18 14:06:54,3563.72102354927
"288","1","Oct","SWH","UP","4","1-Oct-SWH-UP-4",2023-10-18 14:10:56.5,413.524170874877,3.16719907971826,1.63302176491218e-33,0.940389965091379,10.7327904491561,365.311286129055,2.73377500411527,0.0599668563263546,3618.72700371188,2.10753144733992,1.32976968780107e-43,0.97559000372382,6.86810330097977,342.861086000888,0.985043077876669,5.48265284685276,366.404404145781,TRUE,2.68161699510968,0.0515973567588462,6.83525334537382,2023-10-18 14:10:25,2023-10-18 14:11:23,3597.86624320856
"289","1","Oct","SWH","UP","5","1-Oct-SWH-UP-5",2023-10-18 14:14:30.5,562.058770046369,17.1143235081718,1.98156925883119e-37,0.957844689865265,42.4626109353032,484.890396290717,12.9554598331103,0.181454693147822,3704.00984345438,6.37721393956716,1.42514278186484e-53,0.989902208870099,20.7823063160827,400.425142742681,0.998037790245689,9.3426468930364,490.689111431158,TRUE,12.5866910194128,0.113068551632309,14.3371640183376,2023-10-18 14:13:59,2023-10-18 14:14:57,3649.85706271011
"290","1","Sep","GCW","TR","1","1-Sep-GCW-TR-1",2023-09-12 10:51:03,481.55011894702,23.8916431269518,2.98726946367471e-46,0.984853765240368,26.1361706140505,529.998413263085,13.8621788508258,0.399800593008422,4478.2880418983,13.3599616075935,3.87496641805621e-36,0.960837544281491,42.0266306236562,404.073536583544,0.996934618829395,12.0055197985321,541.053329467883,TRUE,12.691035354127,0.256597199451084,20.7055344897228,2023-09-12 10:50:33,2023-09-12 10:51:28,4350.62178989847
"291","1","Sep","GCW","TR","2","1-Sep-GCW-TR-2",2023-09-12 10:54:41.5,580.04084281214,25.4821632195753,3.2856261266105e-41,0.969831583026245,50.1553214671252,547.724610258827,18.0295905002203,0.324668374587201,4176.29102040826,11.4104498937781,5.70471442306565e-48,0.983417518105108,37.1848062718289,403.361523857798,0.998937226216071,9.60014612181205,550.995974224793,TRUE,17.5325909278273,0.263158347935245,33.5187381677754,2023-09-12 10:54:10,2023-09-12 10:55:08,4083.29401649643
"292","1","Sep","GCW","TR","3","1-Sep-GCW-TR-3",2023-09-12 11:01:53.5,NA,NA,NA,NA,NA,446.354709866363,6.89153251886671,0.12700088903085,6569.94292945939,4.46343837028874,1.85976682884565e-47,0.982646677562016,14.5456220088162,403.557339422494,0.992705169024015,9.61756800381566,453.169174759411,TRUE,7.17698155863694,0.0545113486417155,6.4153717840323,2023-09-12 11:01:22,2023-09-12 11:02:20,6516.19210841917
"293","1","Sep","GCW","TR","4","1-Sep-GCW-TR-4",2023-09-12 10:58:16.5,611.041882476988,14.0579808489453,7.90781288300047e-30,0.917423912306527,66.8312832705178,400.751820937879,14.6306434519799,0.0832580744973974,3786.24584385716,2.92609986578734,8.08655221915992e-74,0.998318880829552,9.53568506537645,398.108383617532,0.998513486972247,9.14436764627836,400.791585799006,TRUE,14.6437326481261,0.0818157029841975,10.3368940124549,2023-09-12 10:57:45,2023-09-12 10:58:43,3801.81764372159
"294","1","Sep","GCW","TR","5","1-Sep-GCW-TR-5",2023-09-12 11:06:19.5,521.237744600262,19.3878996894249,4.74568856103581e-45,0.978525668256828,29.0974775472892,533.173894579516,12.3331981659323,0.283744852202551,3621.16831655721,9.97219523703598,1.4905350164283e-42,0.973213496392877,32.4977675241564,401.0109495391,0.997848076389579,9.39346037482348,535.630870794994,TRUE,11.9580328924216,0.250016274929801,31.3672393032546,2023-09-12 11:05:48,2023-09-12 11:06:46,3580.86834017384
"295","1","Sep","GCW","UP","1","1-Sep-GCW-UP-1",2023-09-12 11:11:05.5,549.495236634842,35.9155399033229,5.04031577140954e-51,0.987345976136642,37.7994643904831,622.62390511266,20.6316212174939,0.649573676166351,4040.76005271204,22.8292265719977,1.00426403128686e-35,0.950980907846936,74.3967481841629,480.992216021528,0.996695362692682,19.6992590743933,623.802600857875,TRUE,20.0420032335545,0.603901789069381,81.8434131001884,2023-09-12 11:10:34,2023-09-12 11:11:32,3888.04101500757
"296","1","Sep","GCW","UP","2","1-Sep-GCW-UP-2",2023-09-12 11:19:35.5,573.512413796279,22.5486005893892,2.0602261575023e-39,0.964629913681265,47.2133269311553,518.142106520584,15.7054488156185,0.246877485596999,3953.71210174939,8.67649392364791,5.38101788278289e-51,0.987314109609203,28.2752870108542,405.884443620685,0.99852660288137,9.82704901891437,521.985986641619,TRUE,15.3178137325141,0.182719857805719,22.6523320050855,2023-09-12 11:19:04,2023-09-12 11:20:02,3909.48693436958
"297","1","Sep","GCW","UP","4","1-Sep-GCW-UP-4",2023-09-12 11:29:09.5,520.288133004537,7.38667108501773,1.10645554272082e-32,0.935843627925151,28.8427536540837,459.861529888067,7.09405557616072,0.14391994896365,3760.29129541484,5.05805768255932,2.50623582428101e-45,0.979046362726585,16.4833899441827,452.407358054304,0.983051184405571,15.1183073055323,459.88671422227,TRUE,7.07434209498292,0.152619234012028,19.5201428492486,2023-09-12 11:28:38,2023-09-12 11:29:36,3740.42320015437
"298","1","Sep","GCW","UP","5","1-Sep-GCW-UP-5",2023-09-12 11:14:43.5,573.382347610485,18.166549699898,1.59222901115687e-36,0.954330072656919,47.1565013657056,495.096630618314,13.8185706300923,0.199438948654468,3918.83024455535,7.00926948423302,6.67691635300711e-53,0.989284358071869,22.8420728634343,401.817110539851,0.998231322764924,9.46383977005989,495.171205418622,TRUE,13.7762506890959,0.22285806233373,23.7483065458777,2023-09-12 11:14:12,2023-09-12 11:15:10,3842.34376512849
"299","1","Sep","GWI","TR","1","1-Sep-GWI-TR-1",2023-09-21 10:32:51.5,NA,NA,NA,NA,NA,304.151424857081,1.52086952595066,0.0340386622390562,3419.93665325867,1.1962866738216,3.68762078614019e-43,0.974613842503345,3.89850432066511,305.490746710337,0.975834349416456,3.878961332027,304.296847083279,TRUE,1.5191072716127,0.0350378667890558,3.73267217567516,2023-09-21 10:32:20,2023-09-21 10:33:18,3428.56066194033
"300","1","Sep","GWI","TR","2","1-Sep-GWI-TR-2",2023-09-21 10:37:01.5,490.716677488063,5.16589107269136,1.40961300623567e-29,0.9155706178541,21.9342428238289,344.066377058475,4.73953469563344,0.0492583991409858,3532.20281247634,1.73118338353889,2.92806741871992e-60,0.994414526740913,5.64164597690442,347.917416998554,0.994429913146922,5.74544265937264,344.0822600739,TRUE,4.74407001918849,0.0517272595248978,6.58363379533472,2023-09-21 10:36:30,2023-09-21 10:37:28,3481.86778000573
"301","1","Sep","GWI","TR","3","1-Sep-GWI-TR-3",2023-09-21 10:41:40.5,465.240503358283,7.72476704861521,1.07014334614701e-37,0.95883107716641,17.3251380575473,404.774912240091,5.33986996566168,0.0864179976721452,3592.44189728906,3.03715516983256,2.39796732690761e-50,0.986563827602022,9.89759629629402,341.464077306397,0.996136963394748,5.41218998599825,407.340329764894,TRUE,5.21537174014515,0.0612940340779032,7.5056313956935,2023-09-21 10:41:09,2023-09-21 10:42:07,3571.63835985329
"302","1","Sep","GWI","TR","4","1-Sep-GWI-TR-4",2023-09-21 10:51:03.5,383.36815478591,12.481252982752,2.96360201854101e-47,0.982332984082793,8.11797884225518,495.444466987426,3.56447075994752,0.200082318593621,3629.34721161702,7.03188068085235,8.6183116413015e-24,0.85922165156522,22.9157590873511,380.48547962072,0.984447172637013,7.7676144369161,502.055846176016,TRUE,3.11846145821126,0.137067182316835,14.9514521188595,2023-09-21 10:50:32,2023-09-21 10:51:30,3540.87934896813
"303","1","Sep","GWI","TR","5","1-Sep-GWI-TR-5",2023-09-21 10:46:25.5,392.889028124296,2.33151204381145,1.07994415556856e-27,0.90026865648643,8.86612155750206,325.460924145953,1.74216964961271,0.0414632371096793,3468.9325906995,1.45722289728828,8.27949927122576e-42,0.971388423357354,4.74885316836496,329.08937024403,0.971584613238592,4.82626652863303,325.555211776321,TRUE,1.7530923542713,0.0407372498452952,5.53402910090419,2023-09-21 10:45:54,2023-09-21 10:46:52,3444.74940471642
"304","1","Sep","GWI","UP","1","1-Sep-GWI-UP-1",2023-09-21 10:56:25.5,521.471205151235,6.78370684200269,3.45629766974321e-31,0.926776702552775,29.1604447757514,355.131348074508,6.77351211846244,0.054572676623016,3497.3016328793,1.91795333613264,5.50785085364273e-66,0.996635948948514,6.25029897211927,327.857934641786,0.99811484766486,4.77154910351676,355.142834465914,TRUE,6.77822036662874,0.0510482396195285,5.65308771738469,2023-09-21 10:55:54,2023-09-21 10:56:52,3524.24219190189
"305","1","Sep","GWI","UP","2","1-Sep-GWI-UP-2",2023-09-21 11:00:03.5,567.496324620677,9.10991855062633,1.15517766211095e-29,0.916213471830817,44.6552407105212,379.70901192297,9.70060576099398,0.0685185348832641,3506.33705576341,2.40807965997498,5.99379954670003e-69,0.9974124036228,7.84754119924117,358.740455285125,0.998370376956127,6.35105078419395,379.724163169218,TRUE,9.69561100073909,0.0655614166877977,5.52250442711312,2023-09-21 10:59:32,2023-09-21 11:00:30,3533.82716724367
"306","1","Sep","GWI","UP","3","1-Sep-GWI-UP-3",2023-09-21 11:03:52.5,550.783805627503,9.31191001376745,5.13521975593737e-31,0.925654797559955,38.2531583206271,363.219792695983,8.82298906891332,0.0588167298149936,3513.02708073288,2.06711032241183,2.98114926053823e-70,0.997694467896652,6.73637740815936,330.570054150811,0.998830457513332,4.89289048215366,363.450561916455,TRUE,8.84900471883874,0.0604720467846644,5.4742115828444,2023-09-21 11:03:21,2023-09-21 11:04:19,3530.29241566804
"307","1","Sep","GWI","UP","4","1-Sep-GWI-UP-4",2023-09-21 11:07:55.5,497.735364854511,4.93404933744029,1.57244722897268e-28,0.907379073444857,23.4070406812455,338.047091781535,4.83081523569957,0.0465881292276663,3378.51492571428,1.63733691300558,6.10548235187494e-62,0.99518697943678,5.33581554440071,341.777622581902,0.995210937402472,5.42792547025726,338.499249257243,TRUE,4.85243199195338,0.0359916553753294,3.92719858925443,2023-09-21 11:07:24,2023-09-21 11:08:22,3393.48938820951
"308","1","Sep","GWI","UP","5","1-Sep-GWI-UP-5",2023-09-21 11:11:54.5,535.485925998794,7.06064665437076,2.54289185721694e-31,0.927634690235511,33.2009700456659,381.469272228109,7.75448206739921,0.0696444489217647,3468.42949093888,2.44764983904569,1.53074493820483e-63,0.995823110700991,7.97649399747293,366.453009944033,0.997062926206434,6.821182338039,381.527078237178,TRUE,7.76513399986604,0.0702812233407597,8.49476698824631,2023-09-21 11:11:23,2023-09-21 11:12:21,3479.14545832469
"309","1","Sep","MSM","TR","1","1-Sep-MSM-TR-1",2023-09-14 11:23:20.5,389.954659983015,3.31427812087481,2.32168348132845e-33,0.939578737112319,8.62847147133324,362.390548209753,2.16966948312837,0.058366853136114,3460.93256261768,2.05129943442724,3.9510996481672e-39,0.963733495898955,6.68485228757555,343.529785936042,0.976250841133109,5.51670491316234,363.280406816254,TRUE,2.12387427415086,0.061049216168966,5.48836459206054,2023-09-14 11:22:49,2023-09-14 11:23:47,3507.71244200382
"310","1","Sep","MSM","TR","2","1-Sep-MSM-TR-2",2023-09-14 11:41:05.5,458.317722863476,3.35709087869117,3.87855049218428e-30,0.919652150918434,16.2494440248891,366.290984852573,3.58286221662757,0.0605133074991022,3366.36684447865,2.12673643992338,2.1430449939975e-49,0.985383274278125,6.93068925817831,357.071819182352,0.988557126824263,6.25367907621856,366.731404008938,TRUE,3.56747484791388,0.0679911829220212,6.59600409505648,2023-09-14 11:40:34,2023-09-14 11:41:32,3385.81762240023
"311","1","Sep","MSM","TR","3","1-Sep-MSM-TR-3",2023-09-14 11:36:48.5,418.597533379313,6.88831219044495,4.99405885153115e-42,0.971939067663146,11.2489991705662,411.906530718258,4.17530183637204,0.0923171069373732,3405.78236953966,3.24447899918424,1.98898500765498e-43,0.975209243944686,10.5732310435427,328.055653388681,0.995127521473617,4.78029251846383,412.867151258204,TRUE,4.1057838870043,0.0894902463180955,10.2280969705248,2023-09-14 11:36:17,2023-09-14 11:37:15,3383.64507307187
"312","1","Sep","MSM","TR","4","1-Sep-MSM-TR-4",2023-09-14 11:31:57.5,388.115482054085,2.72756343187262,1.35287755647128e-29,0.91570368920214,8.48277762341747,309.200981238955,1.8214729732818,0.03566793674889,3392.32985584264,1.25354742544641,4.12670393307673e-46,0.980450329021449,4.08510782674675,310.133848473542,0.981529780068608,4.0493610484575,309.240036163109,TRUE,1.81495967421061,0.0362414066096099,4.84862785019508,2023-09-14 11:31:26,2023-09-14 11:32:24,3392.41491234266
"313","1","Sep","MSM","TR","5","1-Sep-MSM-TR-5",2023-09-14 11:26:55.5,NA,NA,NA,NA,NA,311.060789744761,2.88051567851585,0.0362874736813691,3419.93521107403,1.27532101252395,6.04997021248384e-56,0.991815218456122,4.15606441696521,313.019955214866,0.992118775473047,4.15903182756046,311.222885707445,TRUE,2.87381937580871,0.035533939318928,3.98668446397675,2023-09-14 11:26:24,2023-09-14 11:27:22,3421.77876063272
"314","1","Sep","MSM","UP","1","1-Sep-MSM-UP-1",2023-09-14 12:14:07.5,NA,NA,NA,NA,NA,335.347455367824,10.5379903089209,0.0454380171872319,3423.72207382903,1.59691629665731,4.46303502782199e-80,0.99903415633937,5.20409130895947,330.749669655891,0.999176318665453,4.9010346506906,335.374752883647,TRUE,10.5400966301569,0.0479985491907491,5.48936808663567,2023-09-14 12:13:36,2023-09-14 12:14:34,3472.07544463124
"315","1","Sep","MSM","UP","2","1-Sep-MSM-UP-2",2023-09-14 12:10:30.5,521.915866735633,6.13465269180716,1.18629802971196e-28,0.9083756497356,29.2807527330147,332.459562106249,6.08213910780552,0.0442391164466754,3554.11305829534,1.55478100446839,2.74470263094147e-68,0.997256465690432,5.06677922294731,335.374213102447,0.997311057677647,5.11545414700979,332.681203728094,TRUE,6.0986282503086,0.0437015509535465,5.1084446336713,2023-09-14 12:09:59,2023-09-14 12:10:57,3550.49913857868
"316","1","Sep","MSM","UP","3","1-Sep-MSM-UP-3",2023-09-14 12:06:18.849057,477.557325720095,5.09420285885735,9.28505747925457e-31,0.927712567676956,21.09315591057,339.502689968176,4.94489348210564,0.0507505262177886,3472.80840004107,1.79808979661318,1.27736765343592e-59,0.994656687178819,5.73476285565929,329.857156589784,0.99586956410419,5.14393123941506,339.643355094161,TRUE,4.93233510375629,0.0481003065492095,5.67966718017206,2023-09-14 12:05:47,2023-09-14 12:06:45,3487.048021603
"317","1","Sep","MSM","UP","4","1-Sep-MSM-UP-4",2023-09-14 12:02:45.5,553.899151007376,7.97885986093042,3.63937148232126e-29,0.912439249707585,39.3726698858329,330.684433070159,8.37165567337824,0.0435179286140599,3479.65041278704,1.52943490280842,7.36092833922662e-76,0.998596839834668,4.98418038690267,324.476917152116,0.998838515554702,4.62448629908465,330.733275492082,TRUE,8.36623785938921,0.0469382667890697,5.50397606702284,2023-09-14 12:02:14,2023-09-14 12:03:12,3493.05908442255
"318","1","Sep","MSM","UP","5","1-Sep-MSM-UP-5",2023-09-14 11:57:53.5,495.742977007962,9.11668223820908,8.86827001736674e-34,0.9417718536071,22.9791854397183,450.166949065238,5.92022583809423,0.131563891136204,3484.7982718567,4.6238047963521,2.57302149938573e-43,0.974962659378657,15.06823019177,432.440020258543,0.983256371431837,12.5663631933501,454.170288439044,TRUE,5.69404047936198,0.0921073921264358,9.01731335023081,2023-09-14 11:57:22,2023-09-14 11:58:20,3449.58259880236
"319","1","Sep","SWH","TR","1","1-Sep-SWH-TR-1",2023-09-20 09:30:15.5,NA,NA,NA,NA,NA,405.729215406529,11.4285360557109,0.0871849828392338,4070.48677813634,3.06411081597291,3.25016816828205e-67,0.996982875650948,9.98544037685104,407.560125503901,0.997101666710764,9.98071030411429,405.749364176194,TRUE,11.4328377043429,0.0823647557573894,8.01287453764006,2023-09-20 09:29:44,2023-09-20 09:30:42,4035.49121760829
"320","1","Sep","SWH","TR","2a","1-Sep-SWH-TR-2a",2023-09-20 09:26:04.5,NA,NA,NA,NA,NA,688.157091503498,44.1978276598468,1.6090554322036,3882.82190855896,54.6960521253679,7.93871720917677e-32,0.937849675532545,174.14262132995,493.778547244114,0.998630310552249,26.3851043317373,688.75738473771,TRUE,44.5663464259024,1.60807101732156,164.34673496635,2023-09-20 09:25:34,2023-09-20 09:26:30,4370.57234428983
"321","1","Sep","SWH","TR","3","1-Sep-SWH-TR-3",2023-09-20 09:47:26.5,388.185571190104,6.55815563339614,9.022693241844e-44,0.975951266064916,8.48828450786363,420.240286546122,3.37041423185122,0.0997227535159774,4065.91131049119,3.50474998900157,4.59560586088e-37,0.956459645746057,11.421412002631,350.364770406632,0.988914664836656,5.8771246621665,427.497102709811,TRUE,3.13871005740288,0.0554361697367118,6.46785839022418,2023-09-20 09:46:55,2023-09-20 09:47:53,3988.10839312682
"322","1","Sep","SWH","TR","4a","1-Sep-SWH-TR-4a",2023-09-20 10:03:26.5,342.805724170607,7.12237094319016,3.14604803667837e-23,0.937196813736963,20.9000038427249,244.899375638834,7.38470142296485,0.0852581454508305,3886.29013259014,2.21096580557984,2.20946419574476e-43,0.995224384086379,5.76328667217193,239.418782326902,0.996278846670381,5.23487241696059,244.977964402528,TRUE,7.40738078077589,0.0914459761630816,6.20246853220225,2023-09-20 10:03:03,2023-09-20 10:03:45,3900.37522775658
"323","1","Sep","SWH","TR","5a","1-Sep-SWH-TR-5a",2023-09-20 09:55:01.5,NA,NA,NA,NA,NA,423.052733930281,8.7372702100005,0.102353760216113,3632.08960572244,3.59721655634206,1.42229625673629e-57,0.992914487613942,11.7227455543477,370.759591022146,0.997501759757654,7.0986780097568,423.368028726433,TRUE,8.7813241622121,0.114020451543184,10.9497355494773,2023-09-20 09:54:30,2023-09-20 09:55:28,3684.34383715631
"324","1","Sep","SWH","TR","6a","1-Sep-SWH-TR-6a",2023-09-20 09:38:29.5,NA,NA,NA,NA,NA,321.675548863415,1.74927779390301,0.0400351336850623,3712.39800720688,1.40703229097979,1.1439338109152e-42,0.973484644806252,4.58529011961395,325.087196500157,0.973771972462719,4.65069201534789,321.702096278345,TRUE,1.75553362244724,0.0407022286549346,5.3538773623553,2023-09-20 09:37:58,2023-09-20 09:38:56,3709.13858833895
"325","1","Sep","SWH","TR","7a","1-Sep-SWH-TR-7a",2023-09-20 09:19:26.5,NA,NA,NA,NA,NA,254.937204763045,0.546065755761451,0.0497661896668061,3937.05590813927,1.46239792222158,6.53646190044098e-14,0.741376933864969,4.19189687765493,250.903951266566,0.784535165457877,3.92066568683049,254.979825745259,TRUE,0.537726798767371,0.0504891240239919,4.99443055588878,2023-09-20 09:19:00,2023-09-20 09:19:48,3942.13004450273
"326","1","Sep","SWH","TR","8","1-Sep-SWH-TR-8",2023-09-20 09:43:27.5,NA,NA,NA,NA,NA,296.38574337708,0.785424293467945,0.0316770532052748,3854.27631932191,1.11328807076112,1.78385421420418e-30,0.922013155320922,3.62802532953265,297.528196167459,0.926032736248663,3.60326399520861,296.769034433262,TRUE,0.792413722488681,0.0307234521060771,3.33613101315192,2023-09-20 09:42:56,2023-09-20 09:43:54,3849.70463833656
"327","1","Sep","SWH","TR","9a","1-Sep-SWH-TR-9a",2023-09-20 10:15:09.5,NA,NA,NA,NA,NA,307.812512122192,3.81476037118566,0.0494999530466645,3707.92500922763,1.6256043835215,5.71776271496409e-52,0.991982841922221,5.05105728771353,304.805523769636,0.993031191678448,4.81053117282424,307.970034015621,TRUE,3.8330299889803,0.0447427780676826,4.04074337349239,2023-09-20 10:14:40,2023-09-20 10:15:34,3724.52542349309
"328","1","Sep","SWH","TR","10","1-Sep-SWH-TR-10",2023-09-20 10:07:22.5,NA,NA,NA,NA,NA,271.628792447498,1.75437591771426,0.0493056999048665,3703.92162701905,1.50564140159565,4.57571296273731e-34,0.966413510658829,4.43956692026421,273.716443694456,0.967781169357452,4.45056226345003,272.08130126612,TRUE,1.77407036505441,0.0441960995754604,3.83789749121108,2023-09-20 10:06:55,2023-09-20 10:07:45,3710.19047473366
"329","1","Sep","SWH","SWAMP","1","1-Sep-SWH-SWAMP-1",2023-09-20 10:25:25.5,441.520611928487,7.97818183093108,3.00826767008866e-44,0.97694561781488,13.9089134412083,496.162660123864,5.58168764809477,0.201417287105079,4505.31472223326,7.07879806641271,8.18534968530065e-33,0.936582132135071,23.0686552403585,412.738208075065,0.987436769730657,10.4708946437845,499.66703680895,TRUE,5.26623981470077,0.167075072582496,18.3296815617849,2023-09-20 10:24:54,2023-09-20 10:25:52,4438.16844771342
"330","1","Sep","SWH","SWAMP","2a","1-Sep-SWH-SWAMP-2a",2023-09-20 10:32:05.5,NA,NA,NA,NA,NA,327.348793414899,4.77192208402031,0.0421943975549441,4248.1079353893,1.48291948580145,6.82600526025965e-64,0.995950847418803,4.83259418424112,324.909549690697,0.99640601230044,4.64304848305508,327.350978644117,TRUE,4.77110339161749,0.0431956888828157,4.92618311626308,2023-09-20 10:31:34,2023-09-20 10:32:32,4282.37020367764
"331","1","Sep","SWH","SWAMP","3","1-Sep-SWH-SWAMP-3",2023-09-20 10:36:13.5,NA,NA,NA,NA,NA,446.63211723609,8.2687251980367,0.127327521144384,3676.12832060596,4.47491783566606,1.86756605764637e-51,0.98781996340776,14.5830317253597,370.61807672556,0.997232188943113,7.08938257861421,447.629983378644,FALSE,8.3689759504275,0.125443951273898,14.9964814759899,2023-09-20 10:35:42,2023-09-20 10:36:40,3800.22398574312
"332","1","Sep","SWH","SWAMP","4","1-Sep-SWH-SWAMP-4",2023-09-20 10:39:52.5,535.986126171163,12.0038764901055,4.23180568606463e-34,0.943403619355348,33.3550964179222,451.223125748664,8.77548638758935,0.132856820602055,4114.48367076853,4.66924472226125,7.80704420534382e-52,0.988221688356766,15.2163115433089,433.734869704369,0.992088406807647,12.7179324714066,455.555354825749,TRUE,8.54828119084505,0.0839788777563201,8.21436665254031,2023-09-20 10:39:21,2023-09-20 10:40:19,4088.99085765856
"333","1","Sep","SWH","SWAMP","5","1-Sep-SWH-SWAMP-5",2023-09-20 10:44:12.5,502.718478758185,6.63121443505141,1.91694729500676e-32,0.934474867422894,24.5123434379659,375.627369439595,6.01036173023284,0.0659773370446745,3913.23371479977,2.31876941950492,4.94774710074478e-59,0.993772999781012,7.55649360507223,356.232632166423,0.995962366166447,6.20527472595046,375.660766012015,TRUE,6.00876816851595,0.0588796797948812,5.37577378620102,2023-09-20 10:43:41,2023-09-20 10:44:39,3907.70970627831
"334","1","Sep","SWH","UP","1","1-Sep-SWH-UP-1",2023-09-20 10:49:34.5,613.140080933404,16.4816220565388,4.65176944151571e-31,0.925936570508538,68.1423600427839,446.802248056452,15.7380613408867,0.127528256392255,4191.41185639623,4.48197266350586,7.41705486916626e-66,0.996597223748859,14.6060222655177,414.661558633799,0.998257502173094,10.6590390685329,446.806938338265,TRUE,15.7364582028888,0.147450631707348,17.79305087229,2023-09-20 10:49:03,2023-09-20 10:50:01,4101.76117960233
"335","1","Sep","SWH","UP","2","1-Sep-SWH-UP-2",2023-09-20 10:53:06.5,528.797711552151,9.18625000729239,1.70426833825157e-31,0.928738372729398,31.2072731738695,404.526453820626,7.33413922881474,0.0862194180400588,3875.46420533239,3.03017610097582,1.70563655667914e-57,0.992864813367022,9.8748526423793,393.47258823481,0.994600733454971,8.76015939578542,407.901734203603,TRUE,7.19835579585645,0.0596552891930925,5.52400613828824,2023-09-20 10:52:35,2023-09-20 10:53:33,3854.93697104691
"336","1","Sep","SWH","UP","3","1-Sep-SWH-UP-3",2023-09-20 10:56:46.5,563.551248552475,13.0068686910823,1.10046797294695e-31,0.929925532509476,43.0534854942366,437.94079638762,10.2050041206227,0.117482276086843,4061.63976184543,4.12890730857399,5.78228127420111e-58,0.993155543782088,13.4554395149117,426.202478500771,0.994885965197862,11.8611534005049,439.180449087984,TRUE,10.0942036313844,0.0990141748177049,10.6531649757129,2023-09-20 10:56:15,2023-09-20 10:57:13,4036.46743919747
"337","1","Sep","SWH","UP","4","1-Sep-SWH-UP-4",2023-09-20 11:00:22.5,NA,NA,NA,NA,NA,455.091684950447,5.80037058053329,0.137702010212647,4157.27066528396,4.83952861069913,7.29460446229113e-42,0.971527377805305,15.7712391282614,393.860795970628,0.991492368576092,8.79170459041972,458.821006496042,TRUE,6.02846301818665,0.10415439704888,12.6302579698241,2023-09-20 10:59:51,2023-09-20 11:00:49,4113.70803094401
"338","1","Sep","SWH","UP","5","1-Sep-SWH-UP-5",2023-09-20 11:04:25.5,596.015314716218,22.3683014554383,4.08076243924987e-37,0.956657999610549,58.1506116082264,510.038354182117,17.5086369850424,0.229031021620434,4424.60818516498,8.049281053763,4.21836833253918e-55,0.991180579058617,26.2313019554897,411.155098818526,0.998687792615791,10.3185273424706,512.068569004006,TRUE,17.2391468767923,0.18938315922345,23.6972270871606,2023-09-20 11:03:54,2023-09-20 11:04:52,4214.93356099349
"339","2","Apr","GCW","TR","1","2-Apr-GCW-TR-1",2023-04-19 10:05:09.5,390.504601629656,1.42808043171138,4.77065514539638e-19,0.786078349891353,8.672520153111,379.913092339935,1.07177754705801,0.0686481322086544,4240.63238879499,2.41263434994013,2.84464812734777e-21,0.824178237984353,7.86238419540337,382.279481988708,0.829417555973213,7.89772093016767,379.94147073741,TRUE,1.08297044707627,0.0704111532830369,9.14130439521411,2023-04-19 10:04:38,2023-04-19 10:05:36,4237.82848486544
"340","2","Apr","GCW","TR","2","2-Apr-GCW-TR-2",2023-04-19 10:08:29.5,411.93553963498,2.21775955002602,1.00426440868087e-27,0.909370302134923,12.2300760257923,370.883534345723,2.5990776773007,0.0761492566298432,4269.24844096724,2.58851474385185,2.62629791842535e-36,0.958846033646707,8.24137621143811,366.465643297589,0.964996859360949,7.75732131400719,370.911592145404,TRUE,2.59678668591524,0.0806518085606269,9.99903615057091,2023-04-19 10:07:59,2023-04-19 10:08:55,4277.47795171453
"341","2","Apr","GCW","TR","3","2-Apr-GCW-TR-3",2023-04-19 10:01:30.5,NA,NA,NA,NA,NA,348.542823981207,0.952481322130244,0.0513429932701574,4205.46067694308,1.8044463149532,1.38954250126682e-24,0.86873732323776,5.88039799254868,350.899127482023,0.872672608198641,5.90627526530706,348.64889984444,TRUE,0.968769043583882,0.0540842166440101,5.14053770628836,2023-04-19 10:00:59,2023-04-19 10:01:57,4209.67216254235
"342","2","Apr","GCW","TR","4","2-Apr-GCW-TR-4",2023-04-19 10:11:57.5,NA,NA,NA,NA,NA,311.341224879196,1.66047329005941,0.0759212459373705,4254.70066947994,2.31839668364079,2.86396768964122e-25,0.915763756201326,6.83607478768445,297.465606631844,0.942887392972439,5.76135975220909,311.374072534208,TRUE,1.67346249328065,0.0739176201893044,6.5016967449314,2023-04-19 10:11:30,2023-04-19 10:12:20,4256.84776307983
"343","2","Apr","GCW","TR","5","2-Apr-GCW-TR-5",2023-04-19 10:15:26.5,NA,NA,NA,NA,NA,370.555839299852,2.24585114482371,0.0629507511271727,4231.28439056942,2.21240024509803,3.09312795955929e-38,0.96074878671713,7.20985371090193,373.052608696091,0.961826378072085,7.2510059867286,370.609827305744,TRUE,2.24716045380538,0.066544437982108,7.12474428717236,2023-04-19 10:14:55,2023-04-19 10:15:53,4262.05195868531
"344","2","Apr","GCW","UP","1","2-Apr-GCW-UP-1",2023-04-19 10:23:20.5,445.196693220623,2.99694849461805,5.11602031695385e-29,0.911286843562598,14.3904915452756,408.090566101718,2.97334329734097,0.0891122186529297,4229.15939430729,3.13184339914684,8.70983160980236e-37,0.955376630517447,10.2061698841938,404.879940014072,0.960954501728842,9.73607177940368,408.107088012625,TRUE,2.9639723553319,0.0903545199331313,11.6131799360342,2023-04-19 10:22:49,2023-04-19 10:23:47,4242.03456640029
"345","2","Apr","GCW","UP","2","2-Apr-GCW-UP-2",2023-04-19 10:38:16.5,NA,NA,NA,NA,NA,395.982242330694,3.89291983128185,0.0796611767846181,4177.04119431492,2.79968711869764,3.88790079834259e-45,0.978689636959101,9.12372641741962,389.408868668261,0.982479173375308,8.4366648252475,396.007266542176,TRUE,3.89837901430436,0.0851129448613748,9.55623346821596,2023-04-19 10:37:45,2023-04-19 10:38:43,4208.86021231103
"346","2","Apr","GCW","UP","3a","2-Apr-GCW-UP-3a",2023-04-19 10:34:14.5,495.872654881828,5.14168607360068,4.29261391145165e-28,0.903738695280568,23.0067936030213,378.023957711634,4.64340113578601,0.0674577811059245,4202.4328920884,2.3707995342425,9.35740471597074e-53,0.989144377625478,7.72605131356126,378.243122440423,0.989878441348095,7.60800154621456,378.085607481564,TRUE,4.64174550199941,0.0715041454222781,6.90732600232551,2023-04-19 10:33:43,2023-04-19 10:34:41,4217.13600791619
"347","2","Apr","GCW","UP","4","2-Apr-GCW-UP-4",2023-04-19 10:27:11.5,NA,NA,NA,NA,NA,371.272300709683,3.30558174182177,0.0633697484944805,4255.93524519127,2.2271258815921,1.39673473923409e-46,0.981247885659214,7.25784217282575,372.15416260555,0.982300025256176,7.19093547276972,371.439288818793,TRUE,3.31959057152357,0.0666767592058483,6.38164360718417,2023-04-19 10:26:40,2023-04-19 10:27:38,4273.27543990752
"348","2","Apr","GCW","UP","5","2-Apr-GCW-UP-5",2023-04-19 10:19:54.5,470.124916892725,3.43503632869696,5.83973106028039e-28,0.902594655358764,18.1266741791282,382.887198412385,3.62123735644298,0.0705648357755818,4222.47932060382,2.47999677795443,3.21565085310981e-46,0.980636927416815,8.08190742709274,385.256017651421,0.981213082950984,8.11841341950093,382.898743260629,TRUE,3.61394515290843,0.0728537981894193,9.68366782871239,2023-04-19 10:19:23,2023-04-19 10:20:21,4242.61802750556
"349","2","Apr","MSM","TR","1","2-Apr-MSM-TR-1",2023-04-24 12:56:20.5,428.218979092263,3.21838790391007,6.87146223517611e-25,0.872235265372455,12.2971388608625,393.315926074745,2.09232363339104,0.0777185709168489,3995.29862839537,2.73141435592633,3.34667054631427e-32,0.933057253225282,8.9012365523462,392.765437792904,0.938467257789392,8.70298796867114,393.347452443015,TRUE,2.08592155493236,0.0835560817101416,9.78306032700263,2023-04-24 12:55:49,2023-04-24 12:56:47,4007.40691894175
"350","2","Apr","MSM","TR","2","2-Apr-MSM-TR-2",2023-04-24 12:38:46.5,413.62480506104,4.33699701008201,1.33714025767242e-33,0.940845984900597,10.7427959028531,419.042266476059,2.68853108212452,0.0986226639127069,4053.59910673077,3.46608740810577,1.82130497151907e-32,0.934603559680647,11.2954169197059,397.429330395382,0.959303007454373,9.08705253593571,420.07691411766,TRUE,2.60039499035777,0.0970409576886326,10.8055781911815,2023-04-24 12:38:15,2023-04-24 12:39:13,4057.85762079855
"351","2","Apr","MSM","TR","3","2-Apr-MSM-TR-3",2023-04-24 12:43:56.5,NA,NA,NA,NA,NA,387.26959968912,2.0884744312072,0.0734870891660195,4023.68985662153,2.5826991921668,2.38939632052799e-33,0.939511971823517,8.41659794426672,360.765421015507,0.965617309093767,6.47125433894367,387.406726731246,TRUE,2.06180161447953,0.0712290121346891,7.45304852293595,2023-04-24 12:43:25,2023-04-24 12:44:23,4043.90546738822
"352","2","Apr","MSM","TR","4","2-Apr-MSM-TR-4",2023-04-24 12:52:33.5,396.322629109738,1.34414855522753,2.36660097006228e-20,0.80931535357422,9.15252729698074,382.000649491084,1.21933102885572,0.0699879551022854,3995.65742952738,2.45972234246096,2.33472437393875e-23,0.853738055742808,8.01583632883513,385.257574265369,0.855736931051062,8.11853043178461,382.035057690993,TRUE,1.21467876520283,0.0738786445401389,9.45981979394095,2023-04-24 12:52:02,2023-04-24 12:53:00,4001.40038168523
"353","2","Apr","MSM","TR","5","2-Apr-MSM-TR-5",2023-04-24 12:48:49.5,412.922530034434,3.20806577452474,5.97650405127384e-24,0.861183948474258,10.6731670004297,394.933160327089,1.71157100365971,0.0788911163702716,4070.23753229508,2.77262339318309,1.01272200379184e-27,0.900514370129489,9.03553012370458,395.786785889203,0.906145377398652,8.94989550417885,394.939187512891,TRUE,1.71368707488364,0.0856551442047908,10.1597542856018,2023-04-24 12:48:18,2023-04-24 12:49:16,4086.16622298565
"354","2","Apr","MSM","UP","1","2-Apr-MSM-UP-1",2023-04-24 13:43:28.5,483.537998451619,2.79578304310127,5.2148727501672e-20,0.803458319697728,20.5236886844432,437.716516898846,2.78947086338069,0.11723855826363,4063.02718684798,4.12034186078893,1.28389353542061e-29,0.915872915384592,13.427526109263,431.451268761892,0.930437099953547,12.4518418281565,439.330333204096,TRUE,2.67866905709049,0.0771374892613852,8.8249848958582,2023-04-24 13:42:57,2023-04-24 13:43:55,4076.19138332089
"355","2","Apr","MSM","UP","2","2-Apr-MSM-UP-2",2023-04-24 13:39:13.5,463.551814136712,3.725471084294,7.9312615603591e-27,0.892337066911598,17.0563488744887,417.288033389468,3.1971999122394,0.0970336856900438,4068.56103273745,3.410242866995,1.62693623701421e-36,0.954292213046009,11.1134286140848,419.485480600472,0.955792782436366,11.1459278410094,417.402728474981,TRUE,3.16985814427119,0.107816774340879,10.6361393735523,2023-04-24 13:38:42,2023-04-24 13:39:40,4071.18987901916
"356","2","Apr","MSM","UP","3","2-Apr-MSM-UP-3",2023-04-24 13:34:35.5,NA,NA,NA,NA,NA,390.102334679048,1.17947777562693,0.075440084684716,4028.39065371935,2.65133709857574,2.67734951104106e-21,0.824586046971343,8.64027775325585,393.501438795895,0.826527180877044,8.76249985202611,390.1064113499,TRUE,1.17548982385252,0.0815752715324461,9.81404240223803,2023-04-24 13:34:04,2023-04-24 13:35:02,4034.76426052762
"357","2","Apr","MSM","UP","4b","2-Apr-MSM-UP-4b",2023-04-24 13:28:16.5,NA,NA,NA,NA,NA,401.418513486737,2.7703752406429,0.0837736228047475,4080.13553311862,2.94421877908254,1.35732293128806e-36,0.954609347497955,9.59473166625637,405.035440442854,0.954930206876976,9.75010005510787,401.421906322919,TRUE,2.76830761460696,0.088935593665002,11.9693852957704,2023-04-24 13:27:45,2023-04-24 13:28:43,4108.78685951097
"358","2","Apr","MSM","UP","5","2-Apr-MSM-UP-5",2023-04-24 13:17:14.5,418.779380630374,3.00257619534573,2.25641313406427e-31,0.927966124617352,11.2679558622681,381.892443119193,2.59481005860188,0.0699178685267529,4127.61109849787,2.45725915410959,4.28861597236376e-39,0.963619058061835,8.00780919734521,373.74951251511,0.97094542438541,7.29794666024932,382.159590768724,TRUE,2.55958665701626,0.0663641069677602,7.99513601910524,2023-04-24 13:16:43,2023-04-24 13:17:41,4127.70227361992
"359","2","Aug","GCW","TR","1","2-Aug-GCW-TR-1",2023-08-15 09:25:02,NA,NA,NA,NA,NA,216.095113249121,3.50414857423506,0.0838840358214072,4569.35463432112,2.030617501868,3.7553961724001e-30,0.981440279637565,5.01202726773339,218.874511998072,0.982076381021063,5.08178966226313,216.117461461808,TRUE,3.51562242964715,0.0890403406259571,5.33164474928991,2023-08-15 09:24:40,2023-08-15 09:25:19,4578.00632454694
"360","2","Aug","GCW","TR","2","2-Aug-GCW-TR-2",2023-08-15 09:31:27.5,574.809675357239,10.5377329422455,1.31740304690236e-30,0.922915671912802,47.783858017916,387.102229958371,10.8232072509591,0.0733732929729781,5009.91882467572,2.57869983201831,7.12770139754181e-70,0.997615865444029,8.40356467794351,385.550549100983,0.997848796863259,8.14058371128515,387.234093247864,TRUE,10.8004202184704,0.0721194520051445,9.0698816649004,2023-08-15 09:30:56,2023-08-15 09:31:54,5089.38189759628
"361","2","Aug","GCW","TR","3","2-Aug-GCW-TR-3",2023-08-15 09:34:56.5,NA,NA,NA,NA,NA,276.849579379125,4.41290892378387,0.0638374550668628,4770.2635629393,1.8758872695444,6.80291898800653e-45,0.991287354214166,5.37714521372544,265.16156624006,0.993900359983577,4.61023950686327,276.883230739935,TRUE,4.40490261452279,0.0592481359697782,5.03050464628918,2023-08-15 09:34:30,2023-08-15 09:35:18,4788.50137145966
"362","2","Aug","GCW","TR","4","2-Aug-GCW-TR-4",2023-08-15 09:38:23.5,536.908215037167,10.1286140969757,2.07083661591822e-31,0.928203171536611,33.641096735086,402.268950533237,7.88136592051794,0.0844358953354333,4470.84828911527,2.96749430610923,1.40644153740082e-59,0.994067055752452,9.67058283526541,397.81931497599,0.994926424186401,9.11992490976927,406.287687290191,TRUE,7.74733898217176,0.0584326508667316,4.71628205248612,2023-08-15 09:37:52,2023-08-15 09:38:50,4415.67087165546
"363","2","Aug","GCW","TR","5","2-Aug-GCW-TR-5",2023-08-15 09:41:58.5,NA,NA,NA,NA,NA,345.38901302868,7.53339345497506,0.0498653575089622,4448.7543009691,1.75251489774692,2.06417828136965e-70,0.997726831816662,5.7111619233127,338.628224640374,0.998137535380443,5.27192683578924,345.646797709586,TRUE,7.51175201013916,0.0481214774096346,6.04864776603892,2023-08-15 09:41:27,2023-08-15 09:42:25,4494.30330298382
"364","2","Aug","GCW","UP","1","2-Aug-GCW-UP-1",2023-08-15 09:46:25.5,604.157111309274,15.8526723425908,2.04618775171439e-31,0.928236182704823,62.7038846693685,398.634936463392,14.7255323079805,0.0816420406176412,4397.81769373952,2.86930445528562,2.08961005278145e-74,0.998404137710082,9.35059803057101,369.741902494475,0.999132132345648,7.03210104069318,398.673790709347,TRUE,14.7246602590329,0.076333761542109,8.73083366110766,2023-08-15 09:45:54,2023-08-15 09:46:52,4443.50302487139
"365","2","Aug","GCW","UP","2","2-Aug-GCW-UP-2",2023-08-15 09:55:25.5,NA,NA,NA,NA,NA,402.939994930741,25.7716464781454,0.0849621603841969,4607.05215272192,2.98598985861692,3.90851440174251e-86,0.999435160927595,9.73085684227577,399.224055325575,0.999510368487689,9.23932125369512,403.268856279848,TRUE,25.8121574226685,0.0876548946456423,9.75013258582173,2023-08-15 09:54:54,2023-08-15 09:55:52,4734.45563051448
"366","2","Aug","GCW","UP","3","2-Aug-GCW-UP-3",2023-08-15 09:59:11.5,NA,NA,NA,NA,NA,463.664152232493,33.1763787503678,0.149077559068613,4771.77789572725,5.23932156990021,3.80748905334434e-79,0.998951148075162,17.0740995654156,451.846533813294,0.999217469749528,15.0400041844903,464.330359312287,TRUE,33.2534743459167,0.113267573119667,13.2182333270195,2023-08-15 09:58:40,2023-08-15 09:59:38,5163.48871918845
"367","2","Aug","GCW","UP","4","2-Aug-GCW-UP-4",2023-08-15 10:02:45,NA,NA,NA,NA,NA,456.422397014128,19.5864263963096,0.125675766548436,4388.98218064718,4.48928192784294,3.11272378603322e-72,0.997822681727179,14.7956196356848,409.31468819044,0.99914027017843,9.47776730381535,456.935332335525,TRUE,19.6638646354627,0.115621997292125,14.9541750683375,2023-08-15 10:02:13,2023-08-15 10:03:12,4543.99733897831
"368","2","Aug","GCW","UP","5","2-Aug-GCW-UP-5",2023-08-15 09:51:39.5,651.99704986522,20.293928356863,3.28324121047374e-30,0.920164621446959,97.6496229626303,400.372228084349,21.7512786756536,0.0829659569535649,4234.6632512935,2.91583341282212,7.64087721691652e-83,0.999244028933526,9.502228359623,381.488174810048,0.999505165017032,7.84006644676164,400.678569360403,TRUE,21.7132460838358,0.0884587698963566,10.4469090393251,2023-08-15 09:51:08,2023-08-15 09:52:06,4356.81248171392
"369","2","Aug","GWI","TR","1","2-Aug-GWI-TR-1",2023-08-24 12:26:59.5,458.230953774064,4.29151469262838,3.14052365148766e-29,0.912933449019925,16.2363941802213,345.34659804703,3.44579926008495,0.0498457776667658,3323.60607464075,1.75182676540698,7.50918818724832e-53,0.989235843757536,5.70891941158106,348.72039864049,0.989359947025238,5.78831930965074,345.991089551812,TRUE,3.40935998073853,0.0452544105941472,3.75974551685891,2023-08-24 12:26:28,2023-08-24 12:27:26,3331.58065351614
"370","2","Aug","GWI","TR","2","2-Aug-GWI-TR-2",2023-08-24 12:23:08.5,NA,NA,NA,NA,NA,370.752133558532,6.63475587350142,0.0630652706399732,3339.67500769061,2.21642502627461,2.88527659575358e-62,0.995323743333608,7.22296982023425,360.418897407989,0.996413891493181,6.4505242579551,371.423044543892,TRUE,6.59667876469523,0.0603725283124853,5.95218220815823,2023-08-24 12:22:37,2023-08-24 12:23:35,3392.92978297492
"371","2","Aug","GWI","TR","3","2-Aug-GWI-TR-3",2023-08-24 12:19:09.5,360.646017494072,6.37451063278742,2.12395858935767e-23,0.928751544703786,20.9007142424137,258.286583336531,6.59327295834752,0.0796380844343084,3553.79718090434,2.15685457672753,1.57525217760505e-44,0.994486568065361,5.81412560444913,257.04620079782,0.995163565762344,5.59469727859095,258.298924304673,TRUE,6.58976870502227,0.0814282515167396,7.3941675798004,2023-08-24 12:18:45,2023-08-24 12:19:29,3562.26895750464
"372","2","Aug","GWI","TR","4","2-Aug-GWI-TR-4",2023-08-24 12:15:09.5,554.352995815621,15.6278520555717,4.78607457752442e-36,0.952357195496731,39.5384724764409,476.374290742638,11.3407638478924,0.167696059102271,3899.71123403728,5.8936675991415,2.32502072314774e-52,0.98875772172449,19.2065071881286,430.755510094657,0.995514655925993,12.3718822843066,480.869151926228,TRUE,11.0321416891481,0.105782713085615,12.1784483805917,2023-08-24 12:14:38,2023-08-24 12:15:36,3941.67761908231
"373","2","Aug","GWI","TR","5","2-Aug-GWI-TR-5",2023-08-24 12:10:57.5,NA,NA,NA,NA,NA,350.499979641889,6.57515605960905,0.0522819030029103,3430.47059376631,1.83744423929363,2.78431075461e-66,0.996723059970637,5.98793287814861,345.300102927597,0.997236378432378,5.60787898231472,350.852618422332,TRUE,6.60187588767508,0.0551769866777248,6.04181216220699,2023-08-24 12:10:26,2023-08-24 12:11:24,3461.9710006548
"374","2","Aug","GWI","UP","1","2-Aug-GWI-UP-1",2023-08-24 12:32:08.5,507.460426039642,5.00885564561431,6.34548328329283e-29,0.910550286772218,25.6125822209026,327.48067246571,5.38326467568364,0.0422459527024368,3319.36010021739,1.4847313882634,1.40912784302761e-66,0.996807774876597,4.8384988806079,329.811656679738,0.996904930056525,4.8586519879028,327.487406546098,TRUE,5.37994198985575,0.0458764918042843,5.64056160997955,2023-08-24 12:31:37,2023-08-24 12:32:35,3358.94257167805
"375","2","Aug","GWI","UP","2","2-Aug-GWI-UP-2",2023-08-24 12:36:11.5,NA,NA,NA,NA,NA,348.394168384855,6.2702689446663,0.0512723712988314,3315.51721113877,1.80196431014987,1.18720868773721e-65,0.996535102322564,5.87230954129244,348.952312336706,0.996749057263921,5.80076220639782,348.637670990075,TRUE,6.25441849062313,0.0534327404294389,5.94620109860514,2023-08-24 12:35:40,2023-08-24 12:36:38,3346.41989635837
"376","2","Aug","GWI","UP","3","2-Aug-GWI-UP-3",2023-08-24 12:40:21,523.308462628897,6.37831504458984,2.1197580360302e-28,0.910586960686897,32.4780060257506,342.788124193103,6.95477577605118,0.0531166174909145,3314.44760286673,1.83617624130773,3.86457261210542e-66,0.997033975797305,5.91529318087374,333.803954714047,0.997678443017023,5.33907044725204,342.78880531495,TRUE,6.95526977083261,0.0591874368793676,6.3858551995937,2023-08-24 12:39:50,2023-08-24 12:40:47,3372.52888725853
"377","2","Aug","GWI","UP","4","2-Aug-GWI-UP-4",2023-08-24 12:44:31.5,500.609131773751,4.93923794909823,3.08238192578443e-29,0.912995893786722,24.0382380337822,335.84009970127,5.12051276519842,0.0456457571292693,3387.98051376041,1.60421730403928,1.03934306881713e-63,0.995884843176201,5.2278841083333,339.030418617021,0.995946085937811,5.29159618959909,335.949963161212,TRUE,5.11947857114299,0.0448587434174345,5.52022220329825,2023-08-24 12:44:00,2023-08-24 12:44:58,3418.64544516974
"378","2","Aug","GWI","UP","5a","2-Aug-GWI-UP-5a",2023-08-24 12:51:20.5,NA,NA,NA,NA,NA,362.317180418314,9.37454495713461,0.058327216164774,3373.18976126603,2.04990639552719,8.30893558089791e-72,0.997991036298556,6.68031259964828,358.941213149049,0.998247528580758,6.36286753581,362.39424132978,TRUE,9.38738058957337,0.0575081241577077,7.39381855908127,2023-08-24 12:50:49,2023-08-24 12:51:47,3450.9132357367
"379","2","Aug","MSM","TR","1","2-Aug-MSM-TR-1",2023-08-17 12:10:26.5,478.958303057213,4.66406355041489,1.1929230752443e-31,0.929708075899601,19.6715843881233,338.966470681143,4.65926544805231,0.0469864160003261,3339.45612496423,1.65133467693491,6.15938539306528e-61,0.994739555261302,5.3814319876432,324.74651677988,0.99624604849248,4.63604479185568,339.05065298298,TRUE,4.66216433929159,0.0496416770152814,4.27955994737373,2023-08-17 12:09:55,2023-08-17 12:10:53,3355.65541677424
"380","2","Aug","MSM","TR","2","2-Aug-MSM-TR-2",2023-08-17 12:32:35.5,498.822669648891,4.99932174435388,1.12598406053731e-30,0.923379044813887,23.6438844980178,374.981810108896,5.35716985414419,0.0655841403483039,3326.40517386086,2.30495054599117,1.38292376063911e-56,0.992266810776086,7.5114601366913,333.08784359257,0.996694350130589,5.00829778906158,375.038515462595,TRUE,5.37016716699977,0.0675559003421172,9.08869939976595,2023-08-17 12:32:04,2023-08-17 12:33:02,3362.25274065661
"381","2","Aug","MSM","TR","3","2-Aug-MSM-TR-3",2023-08-17 12:22:01.5,490.89425038239,6.4476186242308,2.53843451067189e-34,0.94450407409423,21.9703366270278,393.629791036214,5.84498659518609,0.0779447618036093,3345.69742724289,2.73936382061654,1.13789747743393e-54,0.990837528842166,8.92714256895571,355.940209804177,0.995766256299247,6.18849595980734,393.705593174235,TRUE,5.8271420791569,0.0822989489766372,9.60642925213807,2023-08-17 12:21:30,2023-08-17 12:22:28,3367.07215737143
"382","2","Aug","MSM","TR","4","2-Aug-MSM-TR-4",2023-08-17 12:27:24.5,435.992495704805,2.98937220048933,4.72787838092483e-29,0.911555166266638,13.2148821226888,312.897022437062,2.7850239179222,0.0369097136380506,3317.53246687456,1.29718959721949,8.26775101266818e-55,0.990949380496885,4.22733058901911,315.767753415117,0.991136685254212,4.26620592182946,312.897641646154,TRUE,2.78592481464795,0.0405665498708546,5.07704014303802,2023-08-17 12:26:53,2023-08-17 12:27:51,3328.80098578817
"383","2","Aug","MSM","TR","5","2-Aug-MSM-TR-5",2023-08-17 12:16:26.5,545.130281128289,9.55033335882812,7.67032529424205e-32,0.93089034036516,36.3022120805018,366.528971542509,8.68339876268131,0.0606468004684524,3355.69100394706,2.13142804205396,3.34199339158698e-69,0.997469889812612,6.94597842889058,345.786512397653,0.998399895137356,5.63319266036192,367.240195557234,TRUE,8.64438026313697,0.0568552456886316,6.66300634137132,2023-08-17 12:15:55,2023-08-17 12:16:53,3377.82874217476
"384","2","Aug","MSM","UP","1","2-Aug-MSM-UP-1",2023-08-17 12:40:15.5,NA,NA,NA,NA,NA,382.03377462722,10.850752059143,0.0700094246959339,3339.60400365391,2.46047688999851,5.47267743636152e-71,0.997839980944269,8.01829527692816,356.812270969909,0.998742685512651,6.23866812795215,382.246394535764,TRUE,10.8716084884072,0.0742189834858732,8.1968422705282,2023-08-17 12:39:44,2023-08-17 12:40:42,3389.66176292344
"385","2","Aug","MSM","UP","2","2-Aug-MSM-UP-2",2023-08-17 12:44:46.5,NA,NA,NA,NA,NA,359.635761878549,7.18562410350884,0.0568969003678997,3372.32163198284,1.99963803553289,2.24036182037386e-66,0.996750339721082,6.51649616424113,342.083776279718,0.997819749852252,5.44333414665931,359.912131434667,TRUE,7.19122618400961,0.0552748857758212,6.14199477119854,2023-08-17 12:44:15,2023-08-17 12:45:13,3416.03489984173
"386","2","Aug","MSM","UP","3","2-Aug-MSM-UP-3",2023-08-17 12:49:05.5,NA,NA,NA,NA,NA,350.180336324344,6.31968841116731,0.0521273950859569,3354.91477481806,1.83201406813257,1.86232885534372e-65,0.996474584712173,5.97023683070733,347.11856031374,0.99690674290551,5.70310143584097,350.193410430211,TRUE,6.32131571880435,0.0508751734979964,6.4151365141606,2023-08-17 12:48:34,2023-08-17 12:49:32,3384.81989843175
"387","2","Aug","MSM","UP","4","2-Aug-MSM-UP-4",2023-08-17 12:53:50.5,528.043743274415,7.03230676498665,2.07129059735728e-30,0.921564459238007,30.990168048041,316.956501311339,6.96148169235705,0.0383234709099318,3405.37454966053,1.34687600887962,1.44600575790196e-74,0.998426575976435,4.38925054915423,312.78041982934,0.998647648086189,4.14981764864062,317.867732189128,TRUE,6.94430396875681,0.0374832841745551,3.59662643382327,2023-08-17 12:53:19,2023-08-17 12:54:17,3417.72346480163
"388","2","Aug","MSM","UP","5","2-Aug-MSM-UP-5",2023-08-17 12:58:47.5,NA,NA,NA,NA,NA,360.628814088399,7.05706104687646,0.0574224758742185,3344.85809821376,2.01810935411411,9.19740625457516e-66,0.996568952143564,6.57669119681409,328.327525300114,0.998248242405997,4.79234126322927,360.720892506832,TRUE,7.06611886132888,0.0564994633038276,6.97469910695753,2023-08-17 12:58:16,2023-08-17 12:59:14,3398.27138897266
"389","2","Aug","SWH","TR","1","2-Aug-SWH-TR-1",2023-08-23 12:30:48.5,NA,NA,NA,NA,NA,500.811026804317,15.4118994292501,0.210275640427427,3306.8407883836,7.39012434466369,3.6955665477023e-54,0.990412944369274,24.0832171070562,386.101862927043,0.99893593554486,8.18224566486748,501.729936236142,TRUE,15.2422464600233,0.204735896165353,24.6884984514555,2023-08-23 12:30:17,2023-08-23 12:31:15,3379.30299304588
"390","2","Aug","SWH","TR","2","2-Aug-SWH-TR-2",2023-08-23 12:35:07.5,599.643046450523,23.6841155250792,1.48228525204069e-34,0.945639328454456,60.1370729232166,586.356923698706,15.890752570947,0.464290707776203,3606.24478387348,16.3174681364115,2.45549784518466e-37,0.957495853636801,53.1759831687315,557.963970319299,0.976670185715411,40.1765082644717,590.249781159254,TRUE,15.0988918408485,0.363528974931179,37.2872301667117,2023-08-23 12:34:36,2023-08-23 12:35:34,3535.61063777502
"391","2","Aug","SWH","TR","3","2-Aug-SWH-TR-3",2023-08-23 11:59:45.5,NA,NA,NA,NA,NA,338.773151484999,5.81560778205234,0.0469023858944792,3355.90133578476,1.64838144407521,5.80374010906198e-66,0.996629172007239,5.37180788054965,334.98781013072,0.99708174620693,5.0971847497441,338.775391882848,TRUE,5.81431264106201,0.0502715531462497,5.77084745754448,2023-08-23 11:59:14,2023-08-23 12:00:12,3384.80232670495
"392","2","Aug","SWH","TR","4","2-Aug-SWH-TR-4",2023-08-23 12:09:51.5,534.416525114586,12.0697368829503,1.48072698583341e-36,0.954457310091304,32.8738409531868,465.62684812665,9.63680251425799,0.15181152909338,3336.04136752574,5.3354067769006,6.01407036548988e-51,0.987259737954505,17.3872256771078,406.961377648783,0.996007987286708,9.92553072729241,466.113996455199,TRUE,9.5477656331278,0.157603208203482,18.8333893130648,2023-08-23 12:09:20,2023-08-23 12:10:18,3336.60086728614
"393","2","Aug","SWH","TR","6","2-Aug-SWH-TR-6",2023-08-23 12:26:34.5,NA,NA,NA,NA,NA,462.671509768924,1.50281880239713,0.147713644819315,3193.00369558108,5.19138688817824,5.71261612720728e-14,0.665611081778211,16.9178882091477,414.225224361095,0.873394337801049,10.6160620169964,462.67606893645,TRUE,1.50804352854321,0.150883494979331,20.3210991557561,2023-08-23 12:26:03,2023-08-23 12:27:01,3182.6042459517
"394","2","Aug","SWH","TR","7","2-Aug-SWH-TR-7",2023-08-23 12:40:02,NA,NA,NA,NA,NA,310.847154968262,1.38254413022672,0.0466383963250321,3277.32929176528,1.5584948978028,5.93682640698229e-33,0.947184675213009,4.90258066023059,309.373077089142,0.952559963200133,4.74423714969971,310.8608075732,TRUE,1.37832464394262,0.0519945601307114,4.41452224254368,2023-08-23 12:39:32,2023-08-23 12:40:27,3286.52930483605
"395","2","Aug","SWH","TR","8","2-Aug-SWH-TR-8",2023-08-23 11:54:06.5,362.685216091893,1.51421826583034,6.7320646492659e-27,0.893012254890341,6.70311618511591,301.967955664374,1.2676654912072,0.0333574019719052,3288.32780501311,1.17234382397418,1.30514853274441e-39,0.965245099467136,3.82047845477376,302.331723026665,0.967508356176367,3.76714417286809,302.12116216711,TRUE,1.25533904730425,0.030130368669971,3.13834779355507,2023-08-23 11:53:35,2023-08-23 11:54:33,3300.99771279458
"396","2","Aug","SWH","TR","9","2-Aug-SWH-TR-9",2023-08-23 12:54:04.5,NA,NA,NA,NA,NA,514.724969149763,2.39070193954464,0.239188523681363,3529.55106423635,8.40626583387761,1.05744215187105e-13,0.657671957473126,27.3946574773251,509.368943789211,0.712129784739188,25.6188524408666,516.455443209973,TRUE,2.18454295336376,0.13524812449122,14.6968960270657,2023-08-23 12:53:33,2023-08-23 12:54:31,3578.33823705385
"397","2","Aug","SWH","TR","10a","2-Aug-SWH-TR-10a",2023-08-23 12:18:28,331.518379371767,2.41039113286374,2.17784861857704e-25,0.90239018164375,6.8449690079201,297.015617091884,1.48018901208231,0.0486246874828922,3206.05427503523,1.56885276630858,1.38228380242172e-32,0.951728560041583,4.81359847531216,296.71826561599,0.955781686757322,4.70834731954937,297.038776283227,TRUE,1.48205202536935,0.0424744259073727,3.42986356481033,2023-08-23 12:17:59,2023-08-23 12:18:52,3217.00640068532
"398","2","Aug","SWH","SWAMP","1a","2-Aug-SWH-SWAMP-1a",2023-08-23 14:04:35.5,NA,NA,NA,NA,NA,365.360869014538,4.03560806166068,0.0599943934782386,3662.06449996533,2.10849923883544,3.06046244086479e-52,0.98863827854916,6.87125717655938,364.396243251663,0.989636267790373,6.69250794885884,366.650950936234,TRUE,3.97393786777605,0.0583876991689159,4.61024185355076,2023-08-23 14:04:04,2023-08-23 14:05:02,3690.13156091771
"399","2","Aug","SWH","SWAMP","2","2-Aug-SWH-SWAMP-2",2023-08-23 13:57:23.5,NA,NA,NA,NA,NA,340.512584297349,5.85811237058692,0.0476639051254506,3416.35617863454,1.67514499022964,9.16878721353051e-66,0.996569363355761,5.45902593839697,338.515394680132,0.996929971676249,5.26642201461487,340.546457653133,TRUE,5.85329604249002,0.0423390758093086,4.55344465289724,2023-08-23 13:56:52,2023-08-23 13:57:50,3424.93451205463
"400","2","Aug","SWH","SWAMP","3","2-Aug-SWH-SWAMP-3",2023-08-23 13:41:28.5,NA,NA,NA,NA,NA,389.197361903976,10.5708277067635,0.074810584824767,3383.2652188498,2.62921336503003,6.63013285906245e-69,0.997402342801508,8.56818009246549,388.889286167653,0.997601530606949,8.39617393826592,389.205407470669,TRUE,10.5719243135525,0.0631252093086794,6.9076917704441,2023-08-23 13:40:57,2023-08-23 13:41:55,3453.79030467098
"401","2","Aug","SWH","SWAMP","4","2-Aug-SWH-SWAMP-4",2023-08-23 13:45:37.5,569.561628833551,10.4748112204705,3.95627518280066e-31,0.926395777478304,45.517408661538,411.787009448803,10.5424143151606,0.0922149980984931,3540.67720072245,3.24089039037307,3.89699037853875e-64,0.996037202621936,10.5615363492343,405.81140001999,0.996705624315064,9.82040494147432,411.841755357918,TRUE,10.5212473801684,0.0978468162033761,10.1976748810191,2023-08-23 13:45:06,2023-08-23 13:46:04,3566.66019878629
"402","2","Aug","SWH","SWAMP","5","2-Aug-SWH-SWAMP-5",2023-08-23 13:52:25.5,516.984653673273,6.09066507904131,4.62646055626571e-30,0.919106270846962,27.9738743772523,330.118088265147,6.18470238973248,0.0432903207972763,3651.99939364225,1.52143564020041,3.74526303587254e-69,0.997458779809862,4.95811208695256,330.600905416694,0.997619021971096,4.89428838426202,330.143775407906,TRUE,6.17819633034538,0.0466326828624685,3.74497032268089,2023-08-23 13:51:54,2023-08-23 13:52:52,3671.38864393029
"403","2","Aug","SWH","UP","1","2-Aug-SWH-UP-1",2023-08-23 14:10:01.5,594.342304133841,16.7247517346115,2.05511894792625e-33,0.93986115896219,57.2567510614021,444.122002696059,14.6728724876267,0.124402325285641,3566.26642628436,4.37211200858753,7.74253945445279e-65,0.996275999579723,14.2480042024209,388.797742482982,0.998758648058728,8.38906013232665,445.404813993956,TRUE,14.549171493621,0.0992126133587345,10.6356271275441,2023-08-23 14:09:30,2023-08-23 14:10:28,3594.38094840643
"404","2","Aug","SWH","UP","2","2-Aug-SWH-UP-2",2023-08-23 14:13:50.5,558.741076672215,8.932461059219,1.26550459038703e-29,0.915919502236091,41.1780176975809,356.287155632493,8.93230941193429,0.0551598454558579,3554.89903604987,1.93858934835541,5.6268490328879e-72,0.998020928172608,6.31754839031666,359.315982365875,0.998056203011832,6.38498558273328,356.465910528696,TRUE,8.95462952738966,0.0521569422437286,5.273875110762,2023-08-23 14:13:19,2023-08-23 14:14:17,3569.27718782743
"405","2","Aug","SWH","UP","3","2-Aug-SWH-UP-3",2023-08-23 14:17:37.5,NA,NA,NA,NA,NA,423.509309811405,11.8067827023562,0.102787382245642,3463.28212424321,3.61245617568309,3.05051976815237e-64,0.996074350048773,11.7724090030397,399.403901798716,0.997667218315653,9.25471980596402,423.762240668363,TRUE,11.8542128063225,0.10264236762763,10.96271657599,2023-08-23 14:17:06,2023-08-23 14:18:04,3523.32268690506
"406","2","Aug","SWH","UP","4","2-Aug-SWH-UP-4",2023-08-23 14:21:11.5,515.024831852177,6.19898910843204,7.00800617039985e-29,0.910208592008115,27.470824612323,370.777457494224,5.75410314228444,0.0630800599743516,3670.91926027185,2.21694479651433,4.61791789728815e-59,0.993789498695451,7.22466366717714,360.759064004891,0.995209466713016,6.47087344429696,371.307108662597,TRUE,5.71067963905083,0.0651216131393452,5.89509845980245,2023-08-23 14:20:40,2023-08-23 14:21:38,3691.21295374216
"407","2","Aug","SWH","UP","5a","2-Aug-SWH-UP-5a",2023-08-23 14:26:53.5,627.705030179029,20.9586903304511,2.47533421419438e-32,0.933828268874842,77.9805696027425,459.935575067192,19.0582244771984,0.144018654818553,3370.64498275556,5.06152669370962,1.98868218884645e-67,0.997039341860241,16.4946948891043,426.826319068111,0.998510853490075,11.9298652584248,465.39121583773,TRUE,18.763268770537,0.085288369582023,7.76108395572608,2023-08-23 14:26:22,2023-08-23 14:27:20,3400.693069944
"408","2","Jul","GCW","TR","1","2-Jul-GCW-TR-1",2023-07-11 10:23:03.5,NA,NA,NA,NA,NA,394.701948288161,3.49644652347784,0.0787224028090978,4677.54077228014,2.76669396553674,4.98996893366762e-43,0.974316955384788,9.01620708032023,397.246772520438,0.974999812316645,9.07170520521575,394.784795408428,TRUE,3.49479151949713,0.0775923297874662,9.33556980031748,2023-07-11 10:22:32,2023-07-11 10:23:30,4703.93015287538
"409","2","Jul","GCW","TR","2","2-Jul-GCW-TR-2",2023-07-11 10:27:06.5,572.863772747297,8.67347345159872,5.4058944252759e-28,0.902882854016293,46.9306165483079,372.163643475853,9.47045979424923,0.0638949142009368,4731.85990634032,2.24558279778256,5.55505200012565e-70,0.997638613657561,7.31799027034223,367.349877661277,0.997994224048042,6.87806354533534,372.195258231145,TRUE,9.47062711909199,0.0699198986285212,7.52799666852508,2023-07-11 10:26:35,2023-07-11 10:27:33,4800.90485485218
"410","2","Jul","GCW","TR","3","2-Jul-GCW-TR-3",2023-07-11 10:31:09.5,NA,NA,NA,NA,NA,362.743959429561,4.24741047672632,0.0585581613542768,4547.93013928054,2.05802294989249,6.32443967778224e-54,0.9902128041829,6.70676313441932,363.33406286123,0.990811720087473,6.62700972457855,362.842730154342,TRUE,4.26547628210548,0.061748673521958,6.22483606228996,2023-07-11 10:30:38,2023-07-11 10:31:36,4601.96101773037
"411","2","Jul","GCW","TR","4","2-Jul-GCW-TR-4",2023-07-11 10:34:42.5,NA,NA,NA,NA,NA,370.806727698885,8.13204267690245,0.0630971582751808,4690.25893941685,2.21754571523679,7.82392703138686e-67,0.996879198259235,7.22662196386902,372.222953113947,0.997025005293983,7.19551719202608,370.916218113163,TRUE,8.14861665611238,0.0627460047451338,7.72708408514597,2023-07-11 10:34:11,2023-07-11 10:35:09,4707.60412791511
"412","2","Jul","GCW","TR","5","2-Jul-GCW-TR-5",2023-07-11 10:38:18.5,529.534040346471,7.35623102943105,3.19389938115092e-30,0.920249154460394,31.4207669267785,359.409484950814,6.99330125117359,0.0567778172361802,4076.62349528369,1.99545286625237,8.20032411507057e-66,0.996584060331115,6.50285737608118,351.868894646835,0.997241359518575,5.95954845471152,359.436690807269,TRUE,7.00181169203646,0.0631465072527773,6.25897276000309,2023-07-11 10:37:47,2023-07-11 10:38:45,4104.76278600137
"413","2","Jul","GCW","UP","1","2-Jul-GCW-UP-1",2023-07-11 10:43:01.5,569.822196666167,16.9735268922999,3.29055677017768e-36,0.953038173754067,45.6273595095763,471.507746289006,13.2060047177151,0.160307295812774,4927.2387038234,5.633989971473,8.92888614610381e-57,0.992395827618531,18.3602599000838,372.050594565491,0.998880565201041,7.1840429346889,472.717545051427,TRUE,13.0909163029286,0.139819732942731,16.6975707965067,2023-07-11 10:42:30,2023-07-11 10:43:28,5045.02044287203
"414","2","Jul","GCW","UP","2","2-Jul-GCW-UP-2",2023-07-11 10:50:32.5,NA,NA,NA,NA,NA,379.115223345624,11.869924784217,0.0681428507843778,4653.57165078713,2.39487626561394,1.27503538032943e-73,0.998289179795336,7.80451347763369,382.461738017902,0.998309758653657,7.91106002720427,379.283432211886,TRUE,11.8488699949778,0.0594599920967196,6.10250221087761,2023-07-11 10:50:01,2023-07-11 10:50:59,4722.13461113965
"415","2","Jul","GCW","UP","3","2-Jul-GCW-UP-3",2023-07-11 10:55:10.5,575.333185198519,17.9621840224275,3.65675604315561e-38,0.960495456413629,48.0160436341612,521.958865050794,15.0981148084076,0.255758223971725,5004.25588530601,8.98860692317676,2.49428605663566e-49,0.985297723338482,29.2924126746484,448.625946424787,0.996488963577143,14.598128610684,524.263500745135,TRUE,14.7915667949564,0.224601087292968,23.4763126262795,2023-07-11 10:54:39,2023-07-11 10:55:37,5097.42307865773
"416","2","Jul","GCW","UP","4","2-Jul-GCW-UP-4",2023-07-11 10:59:10.5,555.799148992784,12.6256985100673,2.49080900642041e-34,0.944544442212623,40.0714652738128,442.525473843574,10.6771584991448,0.122576852127122,4413.52687817917,4.30795586762,5.0094152334126e-58,0.993193205609086,14.038929740394,404.513487482618,0.996873476948159,9.70309250104485,447.748355878938,TRUE,10.4169335793876,0.0912730412054144,8.20749647240424,2023-07-11 10:58:39,2023-07-11 10:59:37,4421.74667028927
"417","2","Jul","GCW","UP","5","2-Jul-GCW-UP-5",2023-07-11 10:46:57,532.401634992957,18.1727894788093,1.3379378163755e-32,0.951795423960529,53.1619582474349,464.161038552639,16.6677423886665,0.267654481328568,5317.46864884182,8.63574647333109,8.03958623500306e-47,0.988025388242898,26.4964418267358,434.095958408192,0.994025006533053,19.1279410951255,464.203061631708,TRUE,16.6276806885985,0.254590048756481,20.4370350680907,2023-07-11 10:46:28,2023-07-11 10:47:21,5314.47656846764
"418","2","Jul","GWI","TR","1","2-Jul-GWI-TR-1",2023-07-20 13:30:22.5,NA,NA,NA,NA,NA,347.208377407032,2.52512683426753,0.0507125031086145,3653.73136747252,1.78228777731937,1.49678089944393e-45,0.979457530367903,5.80818691087779,341.475769316953,0.982845492803479,5.4127759379229,347.240131553111,TRUE,2.52748834833797,0.051582349350635,6.72054849992781,2023-07-20 13:29:51,2023-07-20 13:30:49,3677.74097819406
"419","2","Jul","GWI","TR","2","2-Jul-GWI-TR-2",2023-07-20 13:35:29.5,NA,NA,NA,NA,NA,334.399754272612,4.28631107582975,0.0450410424017958,3674.92915157258,1.58296464243761,5.17334804667036e-60,0.994290917628729,5.15862512978507,338.106791053468,0.994321806931392,5.24653485175077,334.401407807918,TRUE,4.28552789794051,0.0450409169137719,6.37441657718355,2023-07-20 13:34:58,2023-07-20 13:35:56,3689.35347855807
"420","2","Jul","GWI","TR","3","2-Jul-GWI-TR-3",2023-07-20 13:39:52.5,NA,NA,NA,NA,NA,420.492865570955,4.71146780280761,0.099956247517704,3694.36079285604,3.51295612121443,2.4407839017169e-44,0.977130156490401,11.4481544570844,319.492180669831,0.996728128852533,4.41589409642261,422.804449141767,TRUE,4.83843265392125,0.0914025488611777,10.8345591848286,2023-07-20 13:39:21,2023-07-20 13:40:19,3763.31960531773
"421","2","Jul","GWI","TR","4","2-Jul-GWI-TR-4",2023-07-20 13:43:44.5,NA,NA,NA,NA,NA,367.519780600885,4.62481367890361,0.0612057437918615,3716.82384095595,2.15107207049784,7.68692312306381e-55,0.990974697075238,7.00999513277905,367.547093607298,0.991614837364707,6.89063487000623,367.597321308699,TRUE,4.63905540762209,0.0621128972948323,7.42985804985202,2023-07-20 13:43:13,2023-07-20 13:44:11,3764.77079537469
"422","2","Jul","GWI","TR","5","2-Jul-GWI-TR-5",2023-07-20 13:47:37.5,NA,NA,NA,NA,NA,363.06596463495,3.06435550604662,0.0587330147861513,3631.22722844258,2.06416816291392,1.38188613265506e-46,0.981255589808133,6.72678938735659,347.882621480716,0.986860164559557,5.74359188667342,363.323877388098,TRUE,3.09169898988556,0.0530566601940535,4.84082803150391,2023-07-20 13:47:06,2023-07-20 13:48:04,3666.95732008171
"423","2","Jul","GWI","UP","1","2-Jul-GWI-UP-1",2023-07-20 13:53:47.5,NA,NA,NA,NA,NA,353.244416031826,7.39657455723055,0.0536274860648474,3722.40551531959,1.88473467257242,2.32401198471316e-68,0.997273965022673,6.14204473318962,324.66624029968,0.998508848539775,4.63260009670003,353.436598234827,TRUE,7.41534677597869,0.0562171813368349,6.53210522696608,2023-07-20 13:53:16,2023-07-20 13:54:14,3786.21672216133
"424","2","Jul","GWI","UP","2","2-Jul-GWI-UP-2",2023-07-20 13:58:01.5,NA,NA,NA,NA,NA,395.464305438243,11.1247645226419,0.0792800593210248,3671.02543428,2.78629276907088,9.50848981123132e-69,0.997366070101996,9.08007640355996,373.333395783635,0.998376521199869,7.26988226276316,396.249290504389,TRUE,11.1857106335857,0.0772965307697676,8.60958388180238,2023-07-20 13:57:30,2023-07-20 13:58:28,3775.25413357538
"425","2","Jul","GWI","UP","3","2-Jul-GWI-UP-3",2023-07-20 14:01:31.5,NA,NA,NA,NA,NA,429.740712976214,9.35782420543081,0.10889245917564,3876.74016538541,3.82701872584206,1.00685718160713e-57,0.9930079917142,12.4716335678136,342.315792047011,0.998713772221134,5.45504059946709,430.574816267492,TRUE,9.44335150667476,0.100315397931213,13.203979180883,2023-07-20 14:01:00,2023-07-20 14:01:58,3964.88538521285
"426","2","Jul","GWI","UP","4","2-Jul-GWI-UP-4",2023-07-20 14:05:13.5,NA,NA,NA,NA,NA,350.634146785933,6.13039340986478,0.0523468925625422,3770.13155061651,1.83972829333721,1.11925951743884e-64,0.996222843666541,5.99537623997181,344.830732327191,0.996849923552526,5.58355988919221,350.65648631402,TRUE,6.12395279182317,0.0526348634550411,6.54311266389273,2023-07-20 14:04:42,2023-07-20 14:05:40,3818.2762691399
"427","2","Jul","GWI","UP","5","2-Jul-GWI-UP-5",2023-07-20 14:08:49.5,NA,NA,NA,NA,NA,382.882673167104,7.93337364446167,0.07056187914132,3756.83511196461,2.47989286722663,9.25288293778057e-64,0.995903198435616,8.08156879887748,380.81623320264,0.996338528623009,7.79143947761653,383.273825549957,TRUE,7.97313151203902,0.0638517197590147,6.78130017815891,2023-07-20 14:08:18,2023-07-20 14:09:16,3819.51230796975
"428","2","Jul","MSM","TR","1","2-Jul-MSM-TR-1",2023-07-13 11:25:34.5,NA,NA,NA,NA,NA,604.542708122501,4.15910675221427,0.549439009099437,3731.47540412232,19.3099999067892,6.12251872844633e-10,0.524248948402431,62.9281590408209,600.747163406709,0.58820206607847,59.7054394920785,614.230773737235,TRUE,2.91985030241555,0.143916093115537,15.5040600929981,2023-07-13 11:25:03,2023-07-13 11:26:01,3782.8631333768
"429","2","Jul","MSM","TR","2","2-Jul-MSM-TR-2",2023-07-13 12:35:57.5,NA,NA,NA,NA,NA,339.690215734881,2.50047872361912,0.0473023454881542,3771.45094695065,1.66243799919539,7.08420998239129e-47,0.981730995984847,5.41761591475153,334.645475504467,0.984548429252485,5.0810534513502,339.731731617535,TRUE,2.49143111381176,0.0454563707555689,5.52890524564485,2023-07-13 12:35:26,2023-07-13 12:36:24,3790.04754061974
"430","2","Jul","MSM","TR","3","2-Jul-MSM-TR-3",2023-07-13 12:31:38.5,NA,NA,NA,NA,NA,364.210906643902,2.86968915201763,0.0593589741042039,3863.81166641567,2.08616746433422,6.72891258533254e-45,0.978235444636976,6.79848154402391,362.286890142578,0.980496796453324,6.56306445777173,365.294290464668,TRUE,2.83453499911761,0.0511522575198086,5.36004773339864,2023-07-13 12:31:07,2023-07-13 12:32:05,3881.55543088498
"431","2","Jul","MSM","TR","4","2-Jul-MSM-TR-4",2023-07-13 11:34:11.557692,NA,NA,NA,NA,NA,404.122885861564,2.7302374003314,0.099560288633923,3438.23087445788,3.51378169673706,8.5772565768482e-32,0.937657299046268,11.3449929307735,343.776785107539,0.981912491080739,6.23684836530269,404.293551497106,TRUE,2.76060253714987,0.105149537759126,10.5568260833324,2023-07-13 11:33:40,2023-07-13 11:34:38,3469.29688407006
"432","2","Jul","MSM","TR","5","2-Jul-MSM-TR-5",2023-07-13 11:29:40.461539,497.719121559641,10.0898495439375,4.2662589160047e-25,0.88460980879892,27.9031699291886,468.912844818005,4.91211033325877,0.185128810217301,3794.98057757698,6.52138304646017,4.01971158743101e-31,0.933689219101851,21.152473937649,466.058652657051,0.941878182827993,20.2117106809152,470.333536795386,TRUE,4.8219373915374,0.152844403964063,15.363596850265,2023-07-13 11:29:09,2023-07-13 11:30:07,3816.66319141971
"433","2","Jul","MSM","UP","1","2-Jul-MSM-UP-1",2023-07-13 12:59:55.5,NA,NA,NA,NA,NA,370.538907345592,4.92046011668672,0.0629408826485592,3821.59623340724,2.21205341802906,1.33121785112956e-55,0.991563195839215,7.20872345771387,340.446434262295,0.995512653761484,5.36143248207816,370.807821569172,TRUE,4.88972747697243,0.0660613994222263,6.74497327629376,2023-07-13 12:59:24,2023-07-13 13:00:22,3851.81813468838
"434","2","Jul","MSM","UP","2","2-Jul-MSM-UP-2",2023-07-13 12:55:38.5,NA,NA,NA,NA,NA,390.726662251882,5.04036558843549,0.0758774524978231,3821.85748281033,2.66670836324837,5.83360076758856e-52,0.988352926837597,8.6903702127404,366.666726841729,0.993073002319221,6.83469386834351,391.300601392079,TRUE,4.99182301146552,0.076429231780598,8.27641537900019,2023-07-13 12:55:07,2023-07-13 12:56:05,3843.28048717964
"435","2","Jul","MSM","UP","3","2-Jul-MSM-UP-3",2023-07-13 12:51:15.5,454.559602683145,4.95439267859855,4.45293474418777e-33,0.93804800387623,15.693730246863,366.654859326437,3.94563634511881,0.0607175332707323,3869.7230168074,2.13391394200429,1.80529288372556e-51,0.98783583649584,6.95407957379939,343.874646655398,0.992591971481022,5.53434876076149,366.80586684205,TRUE,3.92260985046853,0.0610632878049888,6.11298391486155,2023-07-13 12:50:44,2023-07-13 12:51:42,3878.24059363222
"436","2","Jul","MSM","UP","4","2-Jul-MSM-UP-4",2023-07-13 12:47:04.5,502.407484366792,5.75674478603079,1.36277201565401e-31,0.929347779878109,24.4418597707763,351.139847315202,5.77715069050685,0.0525925770457032,3877.08280470593,1.84836285926421,3.08488748227448e-63,0.995709012062561,6.02351489043924,333.280487954222,0.997137446542699,5.01723928293826,351.264995212834,TRUE,5.76937649065968,0.0523161411637532,6.46126549264369,2023-07-13 12:46:33,2023-07-13 12:47:31,3904.94072865998
"437","2","Jul","MSM","UP","5","2-Jul-MSM-UP-5",2023-07-13 12:43:10.5,NA,NA,NA,NA,NA,373.306233336973,4.55614989778106,0.0645744811429645,3802.99498041265,2.26946613582352,2.62329209714982e-53,0.98966248166947,7.39582219690474,355.299232004758,0.993122585569108,6.15187613881811,373.467454519238,TRUE,4.58134099410553,0.0645789216962049,7.18537364254814,2023-07-13 12:42:39,2023-07-13 12:43:37,3836.38127727817
"438","2","Jul","SWH","TR","1b","2-Jul-SWH-TR-1b",2023-07-19 10:42:43.5,564.3659033711,10.5254887593349,2.71750031729857e-31,0.927449881850334,43.3794701699598,396.431873449628,10.1236577234851,0.0799935175956876,4784.30523496905,2.81136721589586,2.01055570239286e-66,0.99676383765982,9.16178996053976,380.019271320998,0.997782507585757,7.73415590556663,396.626561538222,TRUE,10.0894046358599,0.0852802440555018,8.54173304875382,2023-07-19 10:42:12,2023-07-19 10:43:10,4837.14506703457
"439","2","Jul","SWH","TR","2","2-Jul-SWH-TR-2",2023-07-19 10:15:14.5,NA,NA,NA,NA,NA,379.170017469568,9.29567823121235,0.0681774320358258,5730.01780077042,2.39609162155187,4.22355023673512e-68,0.997210609306123,7.80847412559444,361.92987858751,0.998117713469464,6.54140500055238,379.353372729996,TRUE,9.31994349651057,0.070536128015688,8.40462136042226,2023-07-19 10:14:43,2023-07-19 10:15:41,5806.10448907506
"440","2","Jul","SWH","TR","3","2-Jul-SWH-TR-3",2023-07-19 11:01:27.5,NA,NA,NA,NA,NA,387.359240582791,10.4580010631895,0.0735481093782503,4585.24050719715,2.58484374374209,4.78474091869403e-69,0.997434727580821,8.42358669016274,376.88238369686,0.998037979642544,7.51274638253514,388.335168165323,TRUE,10.5241848381785,0.069420918590715,6.82257570905244,2023-07-19 11:00:56,2023-07-19 11:01:54,4692.567229933
"441","2","Jul","SWH","TR","4","2-Jul-SWH-TR-4",2023-07-19 11:25:49.5,NA,NA,NA,NA,NA,547.735647925758,12.5089334924688,0.324701557591921,4382.64494505162,11.4116161084215,6.57672916247485e-40,0.96614868924887,37.1886067762778,425.662506245959,0.996721815011539,11.8019986830529,547.744433555594,TRUE,12.4831889632294,0.326748421619903,49.9280168905017,2023-07-19 11:25:18,2023-07-19 11:26:16,4579.10567894784
"442","2","Jul","SWH","TR","5","2-Jul-SWH-TR-5",2023-07-19 11:14:40,NA,NA,NA,NA,NA,261.926964766434,13.1996954096381,0.0742379338450789,4439.91401852293,2.05331979450682,2.35295902392317e-58,0.998767879716246,5.62447282115448,254.704284691982,0.999062920739799,5.0358742095828,262.00578909158,TRUE,13.1817843576014,0.0776887541957847,4.04340826395752,2023-07-19 11:14:15,2023-07-19 11:15:00,4482.90504672885
"443","2","Jul","SWH","TR","6","2-Jul-SWH-TR-6",2023-07-19 10:54:16.5,NA,NA,NA,NA,NA,529.415605860557,0.50865620441613,0.274040651081151,4326.16900734375,9.63114169033416,0.0691047906597801,0.0621376023181398,31.3863293091442,524.482093469075,0.205138547389786,29.4668256121965,530.836960862653,TRUE,0.509766337053046,0.120358768145203,13.5781943570726,2023-07-19 10:53:45,2023-07-19 10:54:43,4327.84618970329
"444","2","Jul","SWH","TR","7","2-Jul-SWH-TR-7",2023-07-19 10:31:27,302.037780800773,1.33856160412135,7.16077673681288e-17,0.77582526086799,5.06670901126723,283.124367150647,0.682286467118629,0.042198468396053,4578.5752473618,1.36151381744974,7.89454153146746e-21,0.847610796208318,4.17743524219494,286.606342415526,0.8492133586992,4.24675035912988,283.234263737092,TRUE,0.675729897937573,0.0454830328872967,4.30905664300108,2023-07-19 10:30:58,2023-07-19 10:31:51,4576.10625117427
"445","2","Jul","SWH","TR","8a","2-Jul-SWH-TR-8a",2023-07-19 11:07:42.5,320.863836637855,2.13535056158158,9.1051353715721e-25,0.911226176609197,7.58157040027913,273.654440365379,1.84450451909529,0.0504033480910049,4403.9217762036,1.53916013384416,1.38371720324234e-34,0.968189367107332,4.53840098177577,275.555911162211,0.969607970044491,4.54044330309357,273.732413832126,TRUE,1.83331201835137,0.0538246693759174,4.89488968575459,2023-07-19 11:07:15,2023-07-19 11:08:05,4407.77627334955
"446","2","Jul","SWH","TR","10","2-Jul-SWH-TR-10",2023-07-19 11:22:33,513.396617609409,-0.738113297189066,0.772489625530769,0.00196475845760372,69.5143252122926,513.427779561484,0.186894166454475,0.798185428655495,4324.37214574932,23.9145021702234,0.815980746335692,0.00127339185116243,69.5383982915288,511.406329113845,0.126357663671327,66.6055636887046,516.886831097556,TRUE,-0.43532623303331,0.0682758797758986,5.48514217602494,2023-07-19 11:22:06,2023-07-19 11:22:55,4362.66915733061
"447","2","Jul","SWH","SWAMP","1b","2-Jul-SWH-SWAMP-1b",2023-07-19 15:24:32.5,511.163810673916,4.81135170519299,8.23903684494302e-28,0.901299205445879,26.5060848127997,327.889133132196,5.30323168740788,0.0424060312420942,4043.0221792032,1.49035733861398,3.72628236509193e-66,0.996686127362644,4.85683294068691,325.049796301122,0.997080351883974,4.64908176818582,327.921225174471,TRUE,5.29759855912902,0.0384531547157858,3.7615881449359,2023-07-19 15:24:01,2023-07-19 15:24:59,4068.58368933343
"448","2","Jul","SWH","SWAMP","2a","2-Jul-SWH-SWAMP-2a",2023-07-19 14:49:01.5,532.6333919918,8.35770942782714,1.70036152117602e-32,0.93477593793401,32.335533755773,364.755164186649,7.96010706513976,0.0596588640071054,3527.77787048507,2.09670707637699,1.29696834019824e-67,0.99708761486212,6.83282843092489,329.684978285751,0.9985873739495,4.85295638229948,366.353026649688,TRUE,7.90136291519485,0.0526508308961685,5.63005017745092,2023-07-19 14:48:30,2023-07-19 14:49:28,3562.06276136482
"449","2","Jul","SWH","SWAMP","3","2-Jul-SWH-SWAMP-3",2023-07-19 14:55:44.5,589.530446189384,13.2550090104813,4.48449665306141e-32,0.932300492515671,54.7617149624888,432.850374946636,13.226691697563,0.112073392686778,3897.72863359061,3.93881243685698,7.50422349402747e-65,0.996280474508402,12.8359511473303,403.572031910112,0.997991615851915,9.61887648169519,435.07842319896,TRUE,13.0840673718723,0.0992639996885437,10.4751331511142,2023-07-19 14:55:13,2023-07-19 14:56:11,3936.74159741531
"450","2","Jul","SWH","SWAMP","4","2-Jul-SWH-SWAMP-4",2023-07-19 15:00:33.5,558.38140120336,9.8899654174346,9.6638061103518e-32,0.930274367787416,41.0411094763639,382.870540043965,9.77262538590446,0.0705539524016943,3542.18160594121,2.47961428245398,1.86408475343831e-68,0.997296987563938,8.08066093626929,346.892805570398,0.998710778623618,5.69119257018235,383.483103546227,TRUE,9.73000258630849,0.0708904177245639,6.55357633110405,2023-07-19 15:00:02,2023-07-19 15:01:00,3560.50057699285
"451","2","Jul","SWH","SWAMP","5","2-Jul-SWH-SWAMP-5",2023-07-19 15:32:58.5,574.617228863337,9.72335810754824,1.67012223286272e-29,0.915019083663735,47.6987872056955,328.64889211678,10.2974252153639,0.0427054011902651,3730.65890701986,1.50087867687999,5.9053609382617e-81,0.999106440613368,4.89112027631206,323.513448416812,0.999245513101007,4.58341469773073,328.805360682384,TRUE,10.3096910810978,0.0415266518345918,4.98691453960063,2023-07-19 15:32:27,2023-07-19 15:33:25,3745.72740370057
"452","2","Jul","SWH","UP","1","2-Jul-SWH-UP-1",2023-07-19 15:50:44.5,623.251252333936,19.6025652079663,2.18469727473977e-31,0.928055427138559,74.830159399807,432.160610207479,17.5468622367585,0.111359893250079,4040.00647287197,3.91373654339476,2.32421333747246e-71,0.997909965848554,12.7542328759943,418.00071340785,0.998506852928505,10.9937438574163,434.198690105333,TRUE,17.4045281349991,0.0824920972950384,7.99350941641513,2023-07-19 15:50:13,2023-07-19 15:51:11,4067.28993166769
"453","2","Jul","SWH","UP","2","2-Jul-SWH-UP-2",2023-07-19 15:54:28.5,NA,NA,NA,NA,NA,349.723135187624,10.6617956562109,0.0519071883324266,3754.25030293305,1.82427491543369,2.4487144445853e-77,0.998768986848031,5.94501618678049,347.038614210997,0.998912316608502,5.69888132452799,350.504334130666,TRUE,10.7063994723755,0.0481415335463632,5.08234696502837,2023-07-19 15:53:57,2023-07-19 15:54:55,3821.64380927911
"454","2","Jul","SWH","UP","3","2-Jul-SWH-UP-3",2023-07-19 15:39:05.5,606.505083301952,14.8925670063571,2.1184085108309e-30,0.921496680046402,64.0820237310614,389.018960808678,14.3901188926153,0.0746871100726849,4037.67479700086,2.62487385252416,6.78969841708657e-76,0.998601192442016,8.55403832475721,383.993133345863,0.998816501152258,8.0240346600303,389.034032287542,TRUE,14.3888450301743,0.0683029337238268,8.8335324011953,2023-07-19 15:38:34,2023-07-19 15:39:32,4075.51680671057
"455","2","Jul","SWH","UP","4","2-Jul-SWH-UP-4",2023-07-19 15:46:57.5,NA,NA,NA,NA,NA,399.274255878975,9.33334649098221,0.0821267640934604,4238.20695428636,2.88634003178797,5.30477482847186e-64,0.995989920965572,9.4061142124802,329.875080445894,0.998969991596489,4.86150610371801,399.399544244175,TRUE,9.360055619408,0.0830129235846944,11.0721083135062,2023-07-19 15:46:26,2023-07-19 15:47:24,4288.34446327567
"456","2","Jul","SWH","UP","5","2-Jul-SWH-UP-5",2023-07-19 15:43:07.5,658.470078484077,27.3734624631382,5.91207014416561e-32,0.931578014914719,103.681245595788,458.94377304635,24.9349781688212,0.142702135094643,5195.19285856823,5.01525768964371,1.08491440277697e-73,0.998299771574155,16.3439117062677,410.219814448828,0.999359564582095,10.2295542893688,462.989601781366,TRUE,24.7029970381678,0.104265814059519,11.5246074886149,2023-07-19 15:42:36,2023-07-19 15:43:34,5327.11427516643
"457","2","Jun","GCW","TR","1","2-Jun-GCW-TR-1",2023-06-27 09:08:58.5,NA,NA,NA,NA,NA,334.098587453588,1.75353392669606,0.0449156167382437,4458.58767993029,1.5785565652691,3.36716028626413e-40,0.967008649675667,5.14425992095735,335.753968618828,0.968410444354417,5.1334730480707,334.118779991783,TRUE,1.75735825756018,0.0473391379562662,4.83384892037514,2023-06-27 09:08:27,2023-06-27 09:09:25,4476.58638478971
"458","2","Jun","GCW","TR","2","2-Jun-GCW-TR-2",2023-06-27 09:04:07,410.296716011598,6.71283964939037,2.72627149621062e-25,0.920688122918089,22.1088589859937,321.659430267241,5.87617487885636,0.0947821879315984,4785.05276906535,2.83977727181368,1.06870126026479e-43,0.988936289473332,8.25748165615131,324.808490851231,0.989143535970402,8.37690738210381,321.69558980619,TRUE,5.89104723392142,0.106548446956115,9.55386529081897,2023-06-27 09:03:40,2023-06-27 09:04:29,4767.64853715687
"459","2","Jun","GCW","TR","3","2-Jun-GCW-TR-3",2023-06-27 09:00:19.5,452.631742138556,3.50934797404027,3.01538482215288e-27,0.896259697249779,15.4160738975471,376.399537366665,2.97519302083432,0.0664507457603638,4796.10595364843,2.33540733946408,3.32140872543271e-43,0.974715711586577,7.61071388877767,378.945881382898,0.975387273754,7.65766843621297,376.408380694001,TRUE,2.97355821967366,0.0681444918804982,8.37859985155546,2023-06-27 08:59:48,2023-06-27 09:00:46,4828.14915412918
"460","2","Jun","GCW","TR","4","2-Jun-GCW-TR-4",2023-06-27 09:13:28,NA,NA,NA,NA,NA,281.64527168471,4.78692423981786,0.0499196208745541,4649.49481252335,1.55313410712499,1.10452864275156e-53,0.995130080121761,4.64225634851693,284.586305531706,0.99523857834767,4.6957888593889,281.645391656201,TRUE,4.78707582785829,0.0479232547251407,3.70613685652371,2023-06-27 09:13:00,2023-06-27 09:13:51,4655.50435966609
"461","2","Jun","GCW","TR","5","2-Jun-GCW-TR-5",2023-06-27 09:17:09.5,NA,NA,NA,NA,NA,317.222777293258,4.54688252471646,0.0384180747065135,4326.24135941997,1.35020085344456,6.4804977780466e-65,0.996301396225156,4.40008567854724,321.17915633242,0.996304382734498,4.48541253317952,317.551098288227,TRUE,4.56008159955174,0.0335755515726112,3.9018259831673,2023-06-27 09:16:38,2023-06-27 09:17:36,4360.19462717154
"462","2","Jun","GCW","UP","1","2-Jun-GCW-UP-1",2023-06-27 09:22:22.5,584.8481693632,12.9948076102043,1.72253125789742e-31,0.928709193639082,52.438282291575,405.443398708713,12.3494817871675,0.0869545571021209,4857.88562215776,3.05601251772964,5.09179388114384e-69,0.997428583772568,9.95904933582193,387.165218148866,0.998297840210478,8.26320499154059,405.506643783701,TRUE,12.3280193458726,0.0910376152737914,11.161637936245,2023-06-27 09:21:51,2023-06-27 09:22:49,4925.77704436795
"463","2","Jun","GCW","UP","2","2-Jun-GCW-UP-2",2023-06-27 09:32:57.5,580.844840069236,14.8817808473877,1.39316588098064e-33,0.940752634761773,50.5300919410061,435.246254270187,13.0443399094947,0.11458741899287,4474.69124671366,4.02716773550217,4.86101562841644e-64,0.996003371210714,13.1238867409131,372.945022800239,0.998829242915507,7.24378637981665,435.875418951697,TRUE,12.9745361826376,0.125129584023023,11.98616749334,2023-06-27 09:32:26,2023-06-27 09:33:24,4541.66110856541
"464","2","Jun","GCW","UP","3","2-Jun-GCW-UP-3",2023-06-27 09:39:25.5,589.533522525524,15.3064280660206,2.1176405076807e-31,0.928141516017909,54.7632748499165,457.018836257108,12.8227504685949,0.140181217697116,4335.26124420245,4.92666020401732,4.00059717997688e-59,0.993823677602674,16.055186864578,443.212195550718,0.995558596601139,13.8844015621993,457.548945504912,TRUE,12.7293189753935,0.12326852624173,13.8231209701846,2023-06-27 09:38:54,2023-06-27 09:39:52,4356.0586642881
"465","2","Jun","GCW","UP","4","2-Jun-GCW-UP-4",2023-06-27 09:43:23.5,524.389306924839,11.099274489102,4.44430958278034e-37,0.9565156226125,29.9590851009583,453.782086137046,8.99226016070011,0.136042330255149,4466.27028350414,4.78119926150143,7.52806666409694e-52,0.988238157476443,15.5811532359373,389.024843982121,0.99670772654713,8.40671913809529,457.999320444416,TRUE,8.75584666823678,0.101851873756374,13.4335663976604,2023-06-27 09:42:52,2023-06-27 09:43:50,4488.3418988244
"466","2","Jun","GCW","UP","5","2-Jun-GCW-UP-5",2023-06-27 09:27:14.5,546.244734875542,18.4436077140438,3.79821378424629e-32,0.946353263143924,54.8125845581293,427.733571112619,16.0272961569634,0.164215946877997,4714.86234065499,5.39293770313977,7.3138741026228e-57,0.994986183662368,16.7568675157112,354.22245562609,0.998936064190774,7.88511517790945,428.366372507436,TRUE,16.0288058580512,0.148963499995824,12.4706483461617,2023-06-27 09:26:45,2023-06-27 09:27:39,4696.08972901155
"467","2","Jun","GWI","TR","1","2-Jun-GWI-TR-1",2023-06-22 10:17:52.5,NA,NA,NA,NA,NA,385.496795865907,1.50952335798625,0.0722906561038997,4014.13686020398,2.54065062638353,6.05149802118085e-27,0.893448947756444,8.27956848554995,386.473949886329,0.899249657046176,8.21048416006037,385.553036883271,TRUE,1.52315397832795,0.0735257607517789,8.5310840140728,2023-06-22 10:17:21,2023-06-22 10:18:19,4024.57582031278
"468","2","Jun","GWI","TR","2","2-Jun-GWI-TR-2",2023-06-22 10:21:48.5,NA,NA,NA,NA,NA,377.427786772518,2.90896942113021,0.0670864332035266,4157.25959024978,2.35774853523818,1.68330314734094e-42,0.973087965086854,7.68352022371404,379.329850582069,0.974113465995209,7.68494197151946,377.439506415183,TRUE,2.91242815610727,0.0691146777651745,9.34891006968002,2023-06-22 10:21:17,2023-06-22 10:22:15,4172.7885238068
"469","2","Jun","GWI","TR","3","2-Jun-GWI-TR-3",2023-06-22 10:26:36.5,445.741832686189,3.53671674961667,8.18131392921168e-28,0.901325837824273,14.4633124429124,382.391817333405,2.85436565463743,0.0702419058067082,3959.98650950913,2.46864742422166,4.47538815581725e-41,0.969471071841796,8.04492172330438,383.253146949344,0.971194936931565,7.96924409330097,382.544369114926,TRUE,2.85361936794526,0.0641717461510126,7.57496357998722,2023-06-22 10:26:05,2023-06-22 10:27:03,3983.27725033605
"470","2","Jun","GWI","TR","4","2-Jun-GWI-TR-4",2023-06-22 10:31:17.5,NA,NA,NA,NA,NA,379.811425559821,1.91715218466438,0.0685835400733752,4086.17935999758,2.41036426335078,5.36047951697109e-33,0.937604988108356,7.85498635124903,376.488909005012,0.945517302395097,7.48542511225962,379.993639598591,TRUE,1.93918976982545,0.0682505450455549,7.75849852258738,2023-06-22 10:30:46,2023-06-22 10:31:44,4108.97631884937
"471","2","Jun","GWI","TR","5","2-Jun-GWI-TR-5",2023-06-22 10:35:22.5,372.84897416552,1.10055565938624,9.90264571727153e-23,0.845407585697895,7.36457535859762,359.862050521347,1.10532310317792,0.0570162394437069,4008.54072150883,2.00383219995251,1.87132953366779e-25,0.878453916086563,6.53016426610105,360.209670221932,0.886403032643529,6.4380398266942,360.417039809892,TRUE,1.06919095015231,0.0536701324606474,6.73268917808136,2023-06-22 10:34:51,2023-06-22 10:35:49,4027.80115606679
"472","2","Jun","GWI","UP","1","2-Jun-GWI-UP-1",2023-06-22 10:44:51.075472,482.687826558372,4.22404562363773,3.42112441283478e-27,0.900304377904512,22.1391951694053,368.753953849629,4.43462684658773,0.0673204174717047,3969.69255084775,2.3354003275673,5.10366695522509e-51,0.988383505198298,7.55720731371929,372.321940791735,0.988477808587356,7.67853513563424,369.17330371439,TRUE,4.44569689203793,0.0707735024035546,6.38389187741033,2023-06-22 10:44:20,2023-06-22 10:45:18,3991.35200341583
"473","2","Jun","GWI","UP","2","2-Jun-GWI-UP-2",2023-06-22 10:48:32.538461,502.324759523016,6.55913854819005,5.54223152188723e-30,0.926362655695955,29.1666309558556,376.603973094647,6.72322031340665,0.077280999727184,3930.73889075518,2.72003616465418,3.01429972549101e-56,0.993437019389158,8.7073854223195,369.426987246833,0.994706377333162,7.98138171853384,376.775857006916,TRUE,6.6959081871375,0.071174306511478,8.67020416499165,2023-06-22 10:48:01,2023-06-22 10:48:59,3955.08032511992
"474","2","Jun","GWI","UP","3","2-Jun-GWI-UP-3",2023-06-22 10:52:07.5,NA,NA,NA,NA,NA,335.54111429562,7.6066992529799,0.045519566925632,3868.22109277259,1.59978235715688,1.10006208730976e-72,0.998141343479444,5.2134313354643,337.96439716993,0.998194828753534,5.23962205365429,335.564450590682,TRUE,7.61311284871829,0.0497585203282891,5.72791634151487,2023-06-22 10:51:36,2023-06-22 10:52:34,3907.4808207933
"475","2","Jun","GWI","UP","4","2-Jun-GWI-UP-4",2023-06-22 10:56:06.5,NA,NA,NA,NA,NA,384.013032538586,4.96396190363382,0.071304278571982,3917.35605353442,2.5059844491847,5.23109440266166e-53,0.989384444568709,8.16659703435185,341.768684651061,0.995491594216612,5.42747628122925,384.142805425187,TRUE,4.98444047032234,0.0692379737516617,9.79997792227385,2023-06-22 10:55:35,2023-06-22 10:56:33,3952.34197525084
"476","2","Jun","GWI","UP","5","2-Jun-GWI-UP-5",2023-06-22 11:00:04.5,NA,NA,NA,NA,NA,358.970420356338,5.91726960777143,0.0565474605297178,3938.75566443307,1.98735699408704,3.80718286020753e-62,0.995273612436904,6.47647424124672,355.290452084883,0.995900194443566,6.15137603896504,358.977444754015,TRUE,5.92184645572457,0.0528703816545308,6.1235941865194,2023-06-22 10:59:33,2023-06-22 11:00:31,3983.72831559137
"477","2","Jun","MSM","TR","1","2-Jun-MSM-TR-1",2023-06-29 11:51:43.5,420.629808133124,2.8872439641893,3.41403261308767e-31,0.926811294864698,11.4626797715304,313.755509626707,2.65419561932776,0.0372042764902685,3675.09439811346,1.30754199039629,1.48456046883042e-53,0.989886335486651,4.26106735998896,308.52877248437,0.991474838826693,3.98962518600467,313.764135676294,TRUE,2.65553878638897,0.0382382711019149,4.31466195713744,2023-06-29 11:51:12,2023-06-29 11:52:10,3684.43821240143
"478","2","Jun","MSM","TR","2","2-Jun-MSM-TR-2",2023-06-29 12:12:10.5,NA,NA,NA,NA,NA,337.867260692741,3.05223765153032,0.046510619757633,3621.6676602981,1.63461284748725,1.09012982882623e-51,0.988069506663648,5.32693825651863,320.666593040239,0.991943391943229,4.46417539594634,337.886774859174,TRUE,3.05395331761599,0.0521364337244904,5.27419417286473,2023-06-29 12:11:39,2023-06-29 12:12:37,3646.6571162481
"479","2","Jun","MSM","TR","3","2-Jun-MSM-TR-3",2023-06-29 12:07:40.5,426.628715158638,2.97432609150936,1.54974554389187e-31,0.928998033327323,12.1173941855118,335.561466529252,2.84430505798519,0.0455281457419024,3620.12257828672,1.60008385912277,1.36474971687274e-50,0.986851902832015,5.2144138814898,324.626017592351,0.990028862613311,4.6308750872238,336.118073823472,TRUE,2.8668666094757,0.0377341395287816,4.21455845633776,2023-06-29 12:07:09,2023-06-29 12:08:07,3631.410928743
"480","2","Jun","MSM","TR","4","2-Jun-MSM-TR-4",2023-06-29 12:01:23.5,NA,NA,NA,NA,NA,303.753408792084,1.48528186775386,0.0339134492695191,3651.73506458709,1.19188607177106,1.01570521684483e-42,0.973605553796152,3.88416347203494,307.03723726704,0.973953297379869,3.9349051479826,303.841448365929,TRUE,1.48255903337372,0.0377656539091334,4.16687768872293,2023-06-29 12:00:52,2023-06-29 12:01:50,3656.02610716578
"481","2","Jun","MSM","TR","5","2-Jun-MSM-TR-5",2023-06-29 11:55:56.5,NA,NA,NA,NA,NA,313.102350282644,2.82736265585147,0.0369799525334022,3686.93522917199,1.29965813884145,4.18985440786825e-55,0.991182879033088,4.23537516595002,311.779388151953,0.992010549188333,4.11153147749372,313.136945726465,TRUE,2.82839473138715,0.0381661450319868,4.55817550731624,2023-06-29 11:55:25,2023-06-29 11:56:23,3705.88211677132
"482","2","Jun","MSM","UP","1","2-Jun-MSM-UP-1",2023-06-29 11:14:51.5,505.578298364593,5.0292365125165,2.98315373880593e-29,0.913105129735913,25.1700958097085,349.569536292345,5.36304853513957,0.0518334177777592,3777.66394726516,1.82168225386406,6.83184581040567e-62,0.995166127768526,5.93656712306321,350.510520030933,0.995432347478787,5.88506139336265,349.604862036533,TRUE,5.35864400815551,0.0539312658796748,4.99719108878071,2023-06-29 11:14:20,2023-06-29 11:15:18,3799.24708699379
"483","2","Jun","MSM","UP","2","2-Jun-MSM-UP-2",2023-06-29 11:10:47.5,511.777043331707,5.32459458243456,3.55101705971589e-29,0.912521832753983,26.6570165830547,344.704723434878,5.66337320089162,0.0495504086817458,3879.54290559762,1.74144604074283,3.9487260395678e-64,0.996035192139195,5.67509031288723,347.583187093103,0.996116688754067,5.72768959988301,344.821537485406,TRUE,5.67895447388346,0.0500708791479917,6.00079966721944,2023-06-29 11:10:16,2023-06-29 11:11:14,3900.17836767574
"484","2","Jun","MSM","UP","3","2-Jun-MSM-UP-3",2023-06-29 11:06:52.5,438.933781012199,3.84464902701651,9.35345530927485e-32,0.930361729259431,13.5797233665324,329.759410379166,3.22501172295936,0.0431467881536988,3760.71511627053,1.51639119434163,1.34572216431196e-54,0.99077823289792,4.94167305573526,321.044500158852,0.992712902063509,4.47982353212724,329.880259046565,TRUE,3.21128513782995,0.0440337349193249,4.65932606130985,2023-06-29 11:06:21,2023-06-29 11:07:19,3776.91980418799
"485","2","Jun","MSM","UP","4","2-Jun-MSM-UP-4",2023-06-29 11:03:02.5,506.279507862543,5.47933283219641,9.33730477854363e-30,0.916895361364446,25.3340488723536,333.050067052635,5.52378939554113,0.044481662410777,3812.71207230034,1.56330526733765,5.36676199664458e-66,0.996639304614154,5.09455841363257,334.96024063073,0.996766880620573,5.09588374141013,333.057967585302,TRUE,5.52674653443332,0.0428130159590885,5.23961901903605,2023-06-29 11:02:31,2023-06-29 11:03:29,3856.02886238475
"486","2","Jun","MSM","UP","5","2-Jun-MSM-UP-5",2023-06-29 10:59:22.5,502.424152929462,5.09177895104701,1.1929319693383e-29,0.916109945322493,24.4456323829295,342.063131902987,5.30255595220081,0.0483531479706869,3791.80775599315,1.69936838728891,3.36491287175768e-63,0.995694649587897,5.53796606216769,344.832215224693,0.995791678907378,5.5836365549687,342.131908045278,TRUE,5.30173001699314,0.0524061740546665,5.73595948053355,2023-06-29 10:58:51,2023-06-29 10:59:49,3804.59344697881
"487","2","May","GCW","TR","1a","2-May-GCW-TR-1a",2023-05-18 10:15:19.5,415.930483181232,1.90347541746617,2.57218120467899e-20,0.808706099291241,10.9746081322628,387.394768237611,1.4880999841052,0.0735723077270876,4193.79077206084,2.58569419321156,2.65516879525373e-26,0.887227577596825,8.42635816710366,390.469569895026,0.889143283591333,8.51993213369119,387.515137637753,TRUE,1.51074098649083,0.0742811036374641,9.34825563414268,2023-05-18 10:14:48,2023-05-18 10:15:46,4196.74038773135
"488","2","May","GCW","TR","2","2-May-GCW-TR-2",2023-05-18 10:18:55.5,NA,NA,NA,NA,NA,388.667326573809,3.39342956062629,0.0744443338002945,4132.35299066376,2.61634149548437,1.33667118875735e-43,0.975585145482177,8.52623275648247,390.83893030842,0.976397974168273,8.54912021742973,388.66841103089,TRUE,3.3927408354013,0.0809877404144346,10.6141435417916,2023-05-18 10:18:24,2023-05-18 10:19:22,4158.85509882321
"489","2","May","GCW","TR","4","2-May-GCW-TR-4",2023-05-18 10:23:58,310.274726485589,2.69769921807018,3.85024765159507e-21,0.900468130102526,10.142495508394,286.516754594448,2.57502725589388,0.100198251965811,4211.07800717886,2.77134671562549,4.66015772384283e-26,0.944242319687523,7.59129889154707,286.031064105653,0.950020742007327,7.37887385591078,286.532735106782,TRUE,2.56281744549689,0.108917707184533,8.61934520603577,2023-05-18 10:23:33,2023-05-18 10:24:18,4219.08581342317
"490","2","May","GCW","TR","5","2-May-GCW-TR-5",2023-05-18 10:31:27.5,440.271817161712,2.91694340850854,2.0203364578067e-24,0.866839396642285,13.7490121084964,386.435097850595,2.31323147724202,0.0729214521796771,4084.91626695994,2.56281991535417,1.06815045486938e-35,0.950864604539477,8.3518146040844,390.129676087857,0.951141727862706,8.49316065172069,386.523339956335,TRUE,2.32306748295445,0.0730323730603572,8.22791852031011,2023-05-18 10:30:56,2023-05-18 10:31:54,4102.83372653117
"491","2","May","GCW","UP","1","2-May-GCW-UP-1",2023-05-18 09:44:42.5,500.702709163891,4.51314081692527,3.36010118757155e-28,0.904639483872748,24.0590751669327,381.457892223939,4.87958796395312,0.0696371108443138,4180.261158215,2.44739194276867,3.74092294849904e-53,0.989520434008916,7.97565355531786,369.756434676583,0.992164540410459,7.03304732447605,381.954166217478,TRUE,4.92677398038791,0.0707589070217728,7.90331974097154,2023-05-18 09:44:11,2023-05-18 09:45:09,4222.30405624306
"492","2","May","GCW","UP","2","2-May-GCW-UP-2",2023-05-18 09:53:47.5,482.939405150327,3.64725859344035,4.54106507656096e-28,0.903530563785835,20.4102501711642,395.256786202877,4.09788476283903,0.0791278709763153,4203.19702995909,2.78094411913251,2.01904364581332e-46,0.980980323809691,9.0626460205667,397.547971301125,0.981572772765639,9.09704039259411,395.280091884476,TRUE,4.0867941834516,0.0800035073068763,10.6206394064529,2023-05-18 09:53:16,2023-05-18 09:54:14,4229.59109677481
"493","2","May","GCW","UP","3","2-May-GCW-UP-3",2023-05-18 09:57:31.5,463.366345349983,4.17163544725484,8.07181726837823e-32,0.93075478008374,17.0270830818085,395.334968986333,4.03378934507655,0.0791851735408391,4218.27136955314,2.78295801420965,4.68218545362503e-46,0.980355177586775,9.0692089781181,386.30398237129,0.98456713623713,8.19757288178993,395.360841101575,TRUE,4.02131749612882,0.0822879207221165,10.0891648646707,2023-05-18 09:57:00,2023-05-18 09:57:58,4223.11038502868
"494","2","May","GCW","UP","4","2-May-GCW-UP-4",2023-05-18 10:01:29.5,NA,NA,NA,NA,NA,390.11225030608,4.20512260403495,0.0754470112595603,4300.6624420884,2.65158053261916,4.72995023720704e-48,0.983536559170704,8.64107106533634,394.068424559743,0.983549915279432,8.80862278493537,390.113373582491,TRUE,4.20441383846376,0.0802169236875022,10.4289565137338,2023-05-18 10:00:58,2023-05-18 10:01:56,4318.89234395097
"495","2","May","GCW","UP","5","2-May-GCW-UP-5",2023-05-18 09:49:30.5,NA,NA,NA,NA,NA,371.528242795498,3.61197669579726,0.0635201023736505,4210.31960119394,2.23241005935282,1.69735082144426e-48,0.984172688423264,7.27506245144471,368.360367985208,0.986140116251814,6.94271940440051,371.765634959799,TRUE,3.63611174523261,0.0543169657560123,5.48769349941865,2023-05-18 09:48:59,2023-05-18 09:49:57,4240.09041132605
"496","2","May","GWI","TR","1","2-May-GWI-TR-1",2023-05-23 12:38:08.5,436.725529643369,3.32124847820494,3.76859371039081e-31,0.926533034245493,13.3048812521651,340.152625342798,3.07154387050105,0.0475053080016057,3805.42203914776,1.66957110414594,2.33871107700597e-51,0.987714143250829,5.44086154732272,333.559693578722,0.989902545726427,5.03022681759015,340.278705510031,TRUE,3.06757842490077,0.042266712160374,4.51538497903929,2023-05-23 12:37:37,2023-05-23 12:38:35,3816.05352951692
"497","2","May","GWI","TR","2","2-May-GWI-TR-2",2023-05-23 12:29:06.5,445.422063918193,3.55563973125094,4.31169955648544e-33,0.938124662419876,14.4205524838603,373.090283889629,3.62034858916886,0.0644454914092324,3867.0929563421,2.26493279962953,3.16086023708995e-48,0.98378974172352,7.38104878922073,357.658564400709,0.988688752195597,6.28774668500246,373.366713833605,TRUE,3.59154768845156,0.0689453890724954,7.67868775143694,2023-05-23 12:28:35,2023-05-23 12:29:33,3878.11444053581
"498","2","May","GWI","TR","3","2-May-GWI-TR-3",2023-05-23 12:25:16.5,NA,NA,NA,NA,NA,362.128535972199,4.62441380203232,0.0582254244853832,4003.11687816545,2.0463289332666,5.8865746955238e-56,0.991823831515653,6.66865423014111,355.561456302201,0.993276983216737,6.16683105897286,363.245527387392,TRUE,4.5639392289495,0.0544018919982991,5.47498270541839,2023-05-23 12:24:45,2023-05-23 12:25:43,4022.66845350372
"499","2","May","GWI","TR","4","2-May-GWI-TR-4",2023-05-23 12:20:33.5,NA,NA,NA,NA,NA,399.468514800174,6.02451544356591,0.0822746179198637,4047.92837427681,2.89153634534922,3.88015766512762e-54,0.990394957992291,9.42304815591817,401.701680983124,0.990704141066972,9.45373029543422,399.526277905035,TRUE,6.00986546182148,0.0860911827977703,9.68426072780318,2023-05-23 12:20:02,2023-05-23 12:21:00,4059.60576329876
"500","2","May","GWI","TR","5","2-May-GWI-TR-5",2023-05-23 12:34:28.5,NA,NA,NA,NA,NA,343.805428198981,2.61690950503515,0.0491395250039931,3860.40513173933,1.72700555936508,4.85257045554253e-47,0.981994837417782,5.62803112525641,335.389002102887,0.985693346478171,5.1161546806543,343.840989681434,TRUE,2.62480615226758,0.0505472736422743,6.90168425578025,2023-05-23 12:33:57,2023-05-23 12:34:55,3869.07993541269
"501","2","May","GWI","UP","1","2-May-GWI-UP-1",2023-05-23 12:43:01.5,NA,NA,NA,NA,NA,335.701812439472,3.35510354490807,0.0455873479877501,3846.89526340935,1.60216451838225,2.98707933726244e-54,0.990491090423195,5.22119441268722,332.661141133201,0.991653465628972,4.98854929975693,335.741553283525,TRUE,3.36071784054281,0.0511976092281399,5.52800247959012,2023-05-23 12:42:30,2023-05-23 12:43:28,3869.77045804745
"502","2","May","GWI","UP","2","2-May-GWI-UP-2",2023-05-23 12:46:29.5,490.037036940539,3.98288903359097,2.01783904213171e-28,0.906488067019279,21.7966447391825,332.194602668242,4.47649010770422,0.0441307164026726,3877.5124892022,1.55097129164326,1.90477908230976e-61,0.994971704743119,5.0543639865042,336.132520789688,0.994977482273511,5.15149802093774,332.213196794957,TRUE,4.47792253841753,0.0456549716846179,5.99011928692549,2023-05-23 12:45:58,2023-05-23 12:46:56,3905.46306263289
"503","2","May","GWI","UP","3","2-May-GWI-UP-3",2023-05-23 12:53:31.5,NA,NA,NA,NA,NA,336.09511664196,5.17342580277029,0.0457536663446645,3867.03730926693,1.60800976672342,6.8965632492552e-64,0.995949245691463,5.24024312936365,330.439059778127,0.996612516738466,4.88695943979994,336.154505727473,TRUE,5.1837009408153,0.0448547806442862,4.91939481438061,2023-05-23 12:53:00,2023-05-23 12:53:58,3903.53609223342
"504","2","May","GWI","UP","4","2-May-GWI-UP-4",2023-05-23 12:57:25.5,NA,NA,NA,NA,NA,344.941670330879,3.05079662744054,0.0496592392776165,3881.32679703824,1.74527088528666,3.22701373673142e-50,0.98640953813711,5.68755486114835,319.351335015106,0.992143045677531,4.41013896573241,345.143995953,TRUE,3.07008404042656,0.0523888645587913,4.5895661245056,2023-05-23 12:56:54,2023-05-23 12:57:52,3899.15314820569
"505","2","May","GWI","UP","5","2-May-GWI-UP-5",2023-05-23 12:49:54.5,NA,NA,NA,NA,NA,341.750200834703,1.74977308429403,0.0482132470262202,3862.21428955617,1.6944515772702,1.31345483896272e-38,0.962019850027324,5.52194297546005,329.129788137078,0.972081815972675,4.82807304742875,341.967767820872,TRUE,1.75110187737203,0.0411447063182299,4.78952042718446,2023-05-23 12:49:23,2023-05-23 12:50:21,3871.43138371836
"506","2","May","MSM","TR","1","2-May-MSM-TR-1",2023-05-19 11:22:00.5,NA,NA,NA,NA,NA,390.628567244407,3.90007122353096,0.0758085652754876,3829.35914877754,2.66428732609074,2.8306599154511e-46,0.980731628828768,8.68248044515706,379.184238936206,0.985524481077124,7.67458768423214,390.94977455313,TRUE,3.87928566532848,0.0684312511093514,6.86426131303318,2023-05-19 11:21:29,2023-05-19 11:22:27,3867.54727859097
"507","2","May","MSM","TR","2","2-May-MSM-TR-2",2023-05-19 11:38:37.5,NA,NA,NA,NA,NA,354.391892457033,1.34422735602106,0.0542003040426086,3880.31876991786,1.90486632488321,1.76200624822706e-30,0.922050052447905,6.20765052420377,352.827799513236,0.929681975185969,6.01269738703682,354.56123532019,TRUE,1.36467921839232,0.0515706187460832,5.31168131332796,2023-05-19 11:38:06,2023-05-19 11:39:04,3889.95522776129
"508","2","May","MSM","TR","3","2-May-MSM-TR-3",2023-05-19 11:34:20.5,417.221556616252,1.90705159533534,5.53536996853983e-24,0.861591525985532,11.1065901182539,367.541794530354,1.82706914924397,0.0612182207942337,3861.6892858309,2.15151057397257,2.16599900040192e-34,0.944841344639393,7.01142414451033,371.451443478171,0.944933557151216,7.1442984010179,368.513829080968,TRUE,1.77190894563002,0.0620344511692182,5.96968340615719,2023-05-19 11:33:49,2023-05-19 11:34:47,3876.03140732244
"509","2","May","MSM","TR","4","2-May-MSM-TR-4",2023-05-19 11:30:07.5,409.394978448447,1.78099246319333,2.57390804028852e-25,0.876958376007537,10.3301863238147,388.839363629341,1.77453737741668,0.0745630133365605,3868.12007182389,2.6205124804277,1.26842561492266e-29,0.91591205874718,8.53982532018718,387.664554871164,0.923596127729003,8.30149827812412,388.84644471072,TRUE,1.76873411496739,0.0777844617361925,7.68961076328761,2023-05-19 11:29:36,2023-05-19 11:30:34,3878.47329485205
"510","2","May","MSM","TR","5","2-May-MSM-TR-5",2023-05-19 11:25:31.5,NA,NA,NA,NA,NA,388.876563254168,2.97642870441704,0.0745887003168163,3858.68485173407,2.62141524775607,1.11851583230992e-40,0.96837701038584,8.54276729254817,391.490054317686,0.969178629890917,8.60081791489041,389.003912740664,TRUE,2.99630425531639,0.0758596018558143,10.0513671931539,2023-05-19 11:25:00,2023-05-19 11:25:58,3879.01695066531
"511","2","May","MSM","UP","1","2-May-MSM-UP-1",2023-05-19 11:59:59.5,460.350314096853,3.70610405492762,4.36494699102778e-31,0.926117371547017,16.5581592029347,352.407096922179,3.81621246624271,0.0532133221652305,3868.55588287339,1.87017890800065,1.13400517295505e-53,0.989990553812942,6.0946098563199,347.198327296347,0.991559880266173,5.70731520650987,352.431734503758,TRUE,3.81837439840107,0.0555632608450197,6.91449368575283,2023-05-19 11:59:28,2023-05-19 12:00:26,3871.5629313887
"512","2","May","MSM","UP","2","2-May-MSM-UP-2",2023-05-19 11:56:14.5,481.973034982604,3.98693854413619,1.60245730765606e-29,0.91515392570833,20.2284365024848,354.541533951413,4.3548749328629,0.0542754543759273,3920.34850673438,1.90750747868799,3.47877112319884e-56,0.991987553761901,6.21625761625353,355.146992689228,0.99247572667967,6.1432104200581,354.608951585798,TRUE,4.3554865094909,0.0593099735036568,6.60922354044509,2023-05-19 11:55:43,2023-05-19 11:56:41,3942.69257712208
"513","2","May","MSM","UP","3","2-May-MSM-UP-3",2023-05-19 11:51:59.5,403.226649857448,2.29284746327178,9.20339462561883e-26,0.881718525120567,9.75671890856771,363.432195474274,1.73487378811411,0.0589325180526201,3860.65952116191,2.07117969284375,4.25254084921838e-34,0.943392990297924,6.74963882664575,366.452608933403,0.944410611297396,6.82115701061729,363.469542740071,TRUE,1.73433570775481,0.0687709011447725,6.11905090537027,2023-05-19 11:51:28,2023-05-19 11:52:26,3857.72602427706
"514","2","May","MSM","UP","4","2-May-MSM-UP-4",2023-05-19 11:48:27.5,NA,NA,NA,NA,NA,364.838223163453,3.95152888931396,0.0597047631749422,3900.25449771744,2.09832019978464,7.04414419254808e-52,0.988268169263829,6.83808533858096,367.370720445236,0.988582700019868,6.87939106224891,364.886798281411,TRUE,3.95508591279966,0.0677674805508671,7.10357686892459,2023-05-19 11:47:56,2023-05-19 11:48:54,3923.6984413717
"515","2","May","MSM","UP","5","2-May-MSM-UP-5",2023-05-19 11:44:38.5,521.979881595523,5.34530277238592,4.23590191593732e-27,0.894897662854626,29.2981134635809,373.401380999453,5.67084543297216,0.0646313961263238,3865.49174271714,2.27146640938467,3.4411963930232e-58,0.99329079274464,7.40234076414391,370.951938081534,0.994046098778783,7.11133195840858,373.415327633409,TRUE,5.6759638863382,0.0628273098869706,5.20299337742213,2023-05-19 11:44:07,2023-05-19 11:45:05,3899.4384730872
"516","2","May","SWH","TR","1","2-May-SWH-TR-1",2023-05-24 12:39:59.5,NA,NA,NA,NA,NA,416.766130976761,12.1355000819034,0.0965659083816261,4450.0605090252,3.39380286249523,2.89299184168637e-66,0.996718230678343,11.0598533047743,387.995896555408,0.998211233079391,8.32700620571888,417.405330642883,TRUE,12.2056923685693,0.0947416535359073,10.7540154910466,2023-05-24 12:39:28,2023-05-24 12:40:26,4556.77590073894
"517","2","May","SWH","TR","2","2-May-SWH-TR-2",2023-05-24 12:33:06.5,532.980346339497,6.09053976065615,4.20557471373133e-26,0.885219842304027,32.4395799965622,404.721283615523,5.99635818953992,0.0863750964879586,3996.18576079961,3.03564741037441,6.04021142607233e-53,0.989325573880681,9.89268275266711,400.836116967459,0.990775811728909,9.37826635379851,405.084354091149,TRUE,6.04389702577473,0.0895645333706147,10.4136156907872,2023-05-24 12:32:35,2023-05-24 12:33:33,4045.61924354668
"518","2","May","SWH","TR","3","2-May-SWH-TR-3",2023-05-24 12:48:18.5,533.754143129838,6.23583051005015,6.59389220765818e-28,0.902139472317554,32.6728372369964,395.459449507624,6.55106489596712,0.0792764947857197,3875.24907652617,2.7861674936986,7.6059877215757e-57,0.992442575683925,9.07966815143211,376.941430795032,0.995019501000702,7.51685496736983,396.399099986064,TRUE,6.52726604136729,0.0719594338073053,7.55097566766747,2023-05-24 12:47:47,2023-05-24 12:48:45,3880.35322552479
"519","2","May","SWH","TR","4","2-May-SWH-TR-4",2023-05-24 13:09:11.5,543.428918655398,9.44428164098207,2.82360949913658e-33,0.939122726138224,35.7348113686008,420.631968593973,9.09024337658124,0.100085073205641,3781.57376983062,3.51748369202914,5.77529124077459e-59,0.993735853538125,11.462909076332,371.951812365364,0.997638530980531,7.17747505392421,420.653720348063,TRUE,9.09603632632439,0.11457412308055,12.0940951947648,2023-05-24 13:08:40,2023-05-24 13:09:38,3821.9416993942
"520","2","May","SWH","TR","5","2-May-SWH-TR-5",2023-05-24 12:56:14,NA,NA,NA,NA,NA,368.797804491563,10.2789008848018,0.101149808949464,3906.5967974731,3.26355120817554,9.64597528533087e-57,0.995469329082711,10.0133202153445,338.640783623225,0.997743560845549,7.22189767957811,369.399192477406,TRUE,10.2269047274866,0.0946424405383931,10.2949284518276,2023-05-24 12:55:45,2023-05-24 12:56:38,3956.94432356995
"521","2","May","SWH","TR","7","2-May-SWH-TR-7",2023-05-24 12:36:23.5,NA,NA,NA,NA,NA,310.995126159247,0.116650602304721,0.075636171121167,3842.08580404059,2.30969139304241,0.130172722351416,0.0512858548637015,6.81040617885708,312.849202643478,0.0945273929779444,6.80996182941007,311.189326709321,TRUE,0.121474106758433,0.0756009535939869,6.74802795421046,2023-05-24 12:35:56,2023-05-24 12:36:46,3840.26310108183
"522","2","May","SWH","TR","9","2-May-SWH-TR-9",2023-05-24 13:01:44.5,NA,NA,NA,NA,NA,325.30903535367,0.0723597520378234,0.041404965123192,3810.38905857182,1.45517493193634,0.0864346048643064,0.0554752529438337,4.74217918131167,319.095230047966,0.218248163834163,4.39969340659844,325.536846580799,TRUE,0.0616760036132418,0.0435523982817223,5.06096542607724,2023-05-24 13:01:13,2023-05-24 13:02:11,3814.45013252025
"523","2","May","SWH","TR","10","2-May-SWH-TR-10",2023-05-24 13:05:50.5,NA,NA,NA,NA,NA,275.775120418361,1.00755421917,0.0515786833308401,3799.47816952232,1.57505118500588,2.62132987355189e-23,0.896613976399408,4.64423011433166,279.461089712741,0.897317363740071,4.73732316981949,275.801786190557,TRUE,1.0096795863346,0.0530419722780453,5.42442282282992,2023-05-24 13:05:23,2023-05-24 13:06:13,3803.4143514668
"524","2","May","SWH","SWAMP","1","2-May-SWH-SWAMP-1",2023-05-24 13:31:13.5,NA,NA,NA,NA,NA,657.446169115874,3.15054680695376,0.896720873020785,3653.25256579537,31.5151994810647,0.000925020624069604,0.19184433966175,102.702925671707,653.492187327346,0.302530538561374,97.3003884168442,667.118602341716,TRUE,2.75895403806817,0.116805710410153,11.068217872688,2023-05-24 13:30:42,2023-05-24 13:31:40,3686.51814880927
"525","2","May","SWH","SWAMP","2","2-May-SWH-SWAMP-2",2023-05-24 13:35:11.5,371.863906621761,3.89946271843295,2.30962950405307e-23,0.907835753557014,15.8293508906867,278.940282012753,3.98928398551685,0.0653722641261834,3832.64341916438,1.92098820241438,1.21603127231805e-42,0.988847410496083,5.50642497869515,279.751638896446,0.989627038636637,5.44161607636496,279.059451467511,TRUE,3.99014604459896,0.0653583952559755,4.38201247399945,2023-05-24 13:34:45,2023-05-24 13:35:33,3837.27742324578
"526","2","May","SWH","SWAMP","3","2-May-SWH-SWAMP-3",2023-05-24 13:38:53.5,NA,NA,NA,NA,NA,329.828721571526,4.31285483972496,0.043174487368176,3877.98913961207,1.51736468151694,4.21092374628678e-61,0.994815931013009,4.94484549261189,330.949405054462,0.99508510893094,4.910107019827,330.124900634089,TRUE,4.29797251089236,0.0441038763950497,4.67943615135422,2023-05-24 13:38:22,2023-05-24 13:39:20,3908.75970181514
"527","2","May","SWH","SWAMP","4","2-May-SWH-SWAMP-4",2023-05-24 13:47:22.5,493.637473365745,5.66738576841189,5.49914891347031e-32,0.931768028870607,22.5355355521643,434.666396144827,5.36934110429016,0.113973841282042,4002.64144427215,4.00560358490006,2.50752260157614e-44,0.977106426126092,13.0536126702129,412.309868249563,0.985947892220688,10.4294481740606,435.03988174269,TRUE,5.30551364644867,0.110698868254072,9.62823481119828,2023-05-24 13:46:51,2023-05-24 13:47:49,4004.58347865015
"528","2","May","SWH","SWAMP","5","2-May-SWH-SWAMP-5",2023-05-24 13:43:12.5,477.485807087085,4.12161321777864,7.38663395672514e-30,0.917639807936523,19.4051977543801,320.713190689676,4.2476859519932,0.0396799763696223,3884.54921393244,1.39455030915021,1.17367940455593e-62,0.995482740005146,4.54461336448666,322.092948917149,0.995696698071305,4.52352480644613,320.727991340132,TRUE,4.25015137788896,0.039803263252021,4.86338458062505,2023-05-24 13:42:41,2023-05-24 13:43:39,3928.37275416875
"529","2","May","SWH","UP","1","2-May-SWH-UP-1",2023-05-24 13:53:09.5,555.320913872391,8.30631408752622,1.21744726769541e-29,0.916044395773018,39.894416982887,346.513665981654,8.66127035672808,0.0503873411884296,4024.18037299157,1.77085998179616,2.54052063831258e-73,0.998243211807728,5.77094557801184,340.345860731517,0.998544725472767,5.35644204501461,346.631888686607,TRUE,8.66112806633192,0.055869032621144,5.75380236073117,2023-05-24 13:52:38,2023-05-24 13:53:36,4102.25105581037
"530","2","May","SWH","UP","2","2-May-SWH-UP-2",2023-05-24 13:56:30.5,NA,NA,NA,NA,NA,342.007465370415,4.9760862828587,0.0483282316880448,3920.31587635492,1.69849270608039,8.78997650432433e-62,0.995119049662768,5.53511235907993,334.496899874223,0.996056055668768,5.07406825056727,342.041081341781,TRUE,4.98197070118945,0.0491831726503144,5.02368207578966,2023-05-24 13:55:59,2023-05-24 13:56:57,3954.02241891407
"531","2","May","SWH","UP","3","2-May-SWH-UP-3",2023-05-24 13:59:48.5,NA,NA,NA,NA,NA,347.942148353859,7.59643775776779,0.0510582258720607,3893.24287698405,1.79443818240412,4.56700500376085e-70,0.997656333671028,5.84778311115093,346.945830430694,0.997863450585657,5.69398746633401,348.060861264114,TRUE,7.59354563908142,0.0476379652560789,5.48377355819975,2023-05-24 13:59:17,2023-05-24 14:00:15,3929.09922310977
"532","2","May","SWH","UP","4","2-May-SWH-UP-4",2023-05-24 14:07:11.5,471.675239822957,3.97778420121778,1.17295954009978e-29,0.916164312839288,18.3887562952602,334.486544101767,3.98542178611261,0.0450772523600605,3978.40945690089,1.58423723917562,2.32049671776584e-58,0.993391693781632,5.16277231623307,337.565191326731,0.993503488845956,5.22029032501268,334.505195478109,TRUE,3.979383073685,0.0454879975757713,5.82304478188119,2023-05-24 14:06:40,2023-05-24 14:07:38,4005.32504153266
"533","2","May","SWH","UP","5","2-May-SWH-UP-5",2023-05-24 14:03:27.5,569.554865313828,10.9845951995779,3.279501480566e-31,0.926924211756568,45.5145582147638,395.564523271918,10.5853706165671,0.0793536608332507,4219.66217080159,2.78887948965439,1.3133027799405e-67,0.997086212659478,9.08850610656665,386.317983673844,0.997720063851085,8.19863569788595,395.759576902037,TRUE,10.5516029396915,0.0776076572419135,9.18969400190486,2023-05-24 14:02:56,2023-05-24 14:03:54,4219.18071315283
"534","2","Nov","GCW","TR","1","2-Nov-GCW-TR-1",2023-11-07 11:21:18.5,400.454481209178,1.74357044730516,7.3379239361974e-24,0.860087209547716,9.50946804185328,331.749778141638,1.56898883147964,0.0439493270127297,3942.59555531506,1.54459637278078,2.99240170599157e-38,0.960798696958273,5.03358915947224,332.516227922742,0.963077193313913,4.98186020793016,331.782141595325,TRUE,1.56193918045159,0.0427804896076582,4.94576042535232,2023-11-07 11:20:47,2023-11-07 11:21:45,3949.42657328489
"535","2","Nov","GCW","TR","2","2-Nov-GCW-TR-2",2023-11-07 11:24:41.5,470.761680072226,5.71974960424051,3.9469893657194e-33,0.938334376985876,18.2338639234787,380.157867431557,4.59639928743826,0.0688038952559425,3762.21420968628,2.41810863257897,4.3622043791923e-52,0.988482377774384,7.88022399499913,351.321980355985,0.99372981257178,5.92944546035725,380.248853573195,TRUE,4.61077083791641,0.0754999074271443,7.78994809955552,2023-11-07 11:24:10,2023-11-07 11:25:08,3760.74698275638
"536","2","Nov","GCW","TR","3","2-Nov-GCW-TR-3",2023-11-07 11:27:59.5,452.234998440581,3.52177900359502,1.29536749189246e-29,0.915844171097294,15.3595460293706,322.611726092657,3.32084782443151,0.0403836790083732,3693.94796003805,1.41928189475597,9.79037667822028e-57,0.992368844947719,4.62520959233976,324.271688273192,0.992692471024676,4.61570688280176,322.659872025999,TRUE,3.31339575365957,0.0406153737984113,4.56862553769642,2023-11-07 11:27:28,2023-11-07 11:28:26,3688.33855028603
"537","2","Nov","GCW","TR","4","2-Nov-GCW-TR-4",2023-11-07 11:31:34.5,474.792859146018,3.88444469216775,5.09822958551521e-29,0.911298707364274,18.9273175684318,322.786098207623,3.99064637039165,0.0404489334089453,3783.20701699556,1.42157525661797,8.0132268134194e-61,0.994686055277992,4.63268328683416,325.468500501758,0.994814146241484,4.66714073397261,322.848072815932,TRUE,3.99019870534532,0.0387424215181711,4.22487834442485,2023-11-07 11:31:03,2023-11-07 11:32:01,3797.0863917389
"538","2","Nov","GCW","TR","5","2-Nov-GCW-TR-5",2023-11-07 11:35:09.5,NA,NA,NA,NA,NA,340.53847409193,3.0350051132091,0.0476753325016814,3805.32472447083,1.67554660465872,5.19542785826655e-51,0.987331219247354,5.46033473470913,339.71098811004,0.988414632608123,5.32504683520674,340.686643304643,TRUE,3.05010528340639,0.047091723974525,5.17592693132908,2023-11-07 11:34:38,2023-11-07 11:35:36,3822.09368398487
"539","2","Nov","GCW","UP","1","2-Nov-GCW-UP-1",2023-11-07 11:39:54.5,446.435670234333,6.81381941346519,5.05705656975615e-32,0.945710311035366,20.2029607691936,347.008546702018,5.86515636868785,0.0732539423421986,3786.76928464545,2.40569783307569,9.27078390310051e-53,0.992568023436057,7.4749537433398,299.754341310546,0.997333657347602,4.57357733056271,347.013656099682,TRUE,5.86241080589602,0.0799240155319754,8.81051271393405,2023-11-07 11:39:25,2023-11-07 11:40:19,3793.68550157351
"540","2","Nov","GCW","UP","2","2-Nov-GCW-UP-2",2023-11-07 11:46:56.5,457.136346674111,4.63422980382169,4.08414615773395e-31,0.926305803423491,16.072665368934,353.068607637655,3.70770796292181,0.0535402592821813,3791.46871849615,1.88166909270412,6.85981121964283e-53,0.989273216982715,6.13205450540942,342.669030899267,0.991783988509265,5.47291177499035,353.329247290779,TRUE,3.68258661665348,0.0528352887863915,5.92874848362436,2023-11-07 11:46:25,2023-11-07 11:47:23,3799.64656387009
"541","2","Nov","GCW","UP","3","2-Nov-GCW-UP-3",2023-11-07 11:50:40.5,451.371098109216,2.90253349385129,3.06434081128391e-30,0.920375869726172,15.2371739202819,332.416493939319,3.38485001489921,0.044221478318844,3804.52942264954,1.55416111355941,3.95264127842897e-55,0.991202618231816,5.06475909897545,328.692525834727,0.992375111461459,4.80856502523176,332.979493931231,TRUE,3.35841990750599,0.0419188419479469,4.92766780978369,2023-11-07 11:50:09,2023-11-07 11:51:07,3824.27109533248
"542","2","Nov","GCW","UP","4","2-Nov-GCW-UP-4",2023-11-07 11:54:15.5,440.484332585878,5.15127550835043,1.13563765593795e-35,0.950748797587022,13.776093161896,378.331332069464,3.87778855625163,0.0676500433872179,3828.65446221271,2.37755658019732,1.12585678423062e-48,0.984420556970223,7.74807143083435,344.499901168495,0.992267979311581,5.5664822111224,378.749009580597,TRUE,3.83915877073659,0.0633646010954821,7.12874698552242,2023-11-07 11:53:44,2023-11-07 11:54:42,3845.05049833481
"543","2","Nov","GCW","UP","5","2-Nov-GCW-UP-5",2023-11-07 11:43:26.5,NA,NA,NA,NA,NA,325.319001877816,4.17442519264792,0.0491351572843694,3739.89466966535,1.6702340206723,9.79052564941399e-56,0.993120399131639,5.31773170626033,306.621214819829,0.995553733603529,4.36321812083563,325.38200144215,TRUE,4.17798827815931,0.0521677593373837,5.69701449066964,2023-11-07 11:42:56,2023-11-07 11:43:52,3760.07205796712
"544","2","Nov","GWI","TR","1","2-Nov-GWI-TR-1",2023-11-09 12:41:25.5,NA,NA,NA,NA,NA,309.379322349206,0.74273984008457,0.0357268841040926,3576.0468470104,1.25561912658998,7.43084001508569e-27,0.89260600669109,4.09185916489674,312.734468777822,0.893880849994944,4.1480523900856,309.386717859786,TRUE,0.744202319607101,0.0382413753458102,4.63373993961248,2023-11-09 12:40:54,2023-11-09 12:41:52,3574.36490510363
"545","2","Nov","GWI","TR","2","2-Nov-GWI-TR-2",2023-11-09 12:45:18.5,425.100090409067,2.29770078325331,1.21515430395501e-29,0.916050472683767,11.9470934573047,322.877161022364,2.57968162288152,0.0404830532889202,3616.05495999914,1.42277439768408,4.9395259668846e-51,0.987355800883878,4.63659109315653,322.035941179216,0.988440052487577,4.5211376965494,322.947257477769,TRUE,2.5856144258053,0.0434994592587376,4.91824919297954,2023-11-09 12:44:47,2023-11-09 12:45:45,3626.0946075254
"546","2","Nov","GWI","TR","3","2-Nov-GWI-TR-3",2023-11-09 12:49:11.5,NA,NA,NA,NA,NA,320.390862045328,2.07595270978397,0.0395617270553557,3532.6011014283,1.39039444433237,1.03180568944283e-46,0.981464952136523,4.53107007481956,324.094487855547,0.981566401443253,4.60813989606638,320.526772947896,TRUE,2.08923195900684,0.0434903183389642,4.86395603088747,2023-11-09 12:48:40,2023-11-09 12:49:38,3548.06827732276
"547","2","Nov","GWI","TR","4","2-Nov-GWI-TR-4",2023-11-09 12:53:12.5,302.802180804255,3.96355147118006,6.85239538488828e-41,0.97679959506118,4.80421795224078,364.482056798402,2.05443396151437,0.0872403687163323,3656.1582878601,2.86501940055594,5.08274866476102e-28,0.920340025896755,8.90215188228626,295.802607676039,0.981381079959102,4.3963662525394,365.044737350057,TRUE,1.99773432144471,0.0875698456184225,7.73949552647984,2023-11-09 12:52:43,2023-11-09 12:53:37,3645.28343191712
"548","2","Nov","GWI","TR","5","2-Nov-GWI-TR-5",2023-11-09 12:57:00.5,NA,NA,NA,NA,NA,366.834090615042,1.56961100563032,0.0608183806478808,3520.05353212782,2.13745821682112,2.59078816749517e-31,0.927582809863304,6.96562979080792,349.794172007314,0.950951206828053,5.84615582180139,366.847177699071,TRUE,1.57146751965145,0.0640301533383784,6.95927270569931,2023-11-09 12:56:29,2023-11-09 12:57:27,3532.04991283165
"549","2","Nov","GWI","UP","1","2-Nov-GWI-UP-1",2023-11-09 13:05:27.5,NA,NA,NA,NA,NA,344.233665111517,2.83491429696712,0.0493347577241228,3504.04926501661,1.73386700120862,9.92307678013759e-49,0.984496011558494,5.65039145180554,340.184618520001,0.986642996002585,5.34845093252797,344.374178451763,TRUE,2.82516074907227,0.0507398726849243,5.19867208042877,2023-11-09 13:04:56,2023-11-09 13:05:54,3527.01477862695
"550","2","Nov","GWI","UP","2","2-Nov-GWI-UP-2",2023-11-09 13:09:07.5,529.141342872208,7.44428941791567,2.15937568801624e-29,0.914176630321094,31.3067257194197,362.929807855385,6.71507811655437,0.0586590160882191,3511.14165402133,2.06156748326339,3.63748859778559e-64,0.996047691043482,6.71831419401361,365.472227155472,0.996152945775642,6.75951740735637,363.428994988476,TRUE,6.71640211612934,0.052662986160037,5.80363763535227,2023-11-09 13:08:36,2023-11-09 13:09:34,3553.94282802261
"551","2","Nov","GWI","UP","3","2-Nov-GWI-UP-3",2023-11-09 13:12:57.5,NA,NA,NA,NA,NA,332.961204624039,5.96565704379037,0.0444450779400874,3510.82187022313,1.56201950838369,9.51911899209684e-68,0.997122055299702,5.09036833365672,333.311386330575,0.997310145330369,5.0186749007687,332.964504250585,TRUE,5.96490963739636,0.0478430436588142,6.14957493571212,2023-11-09 13:12:26,2023-11-09 13:13:24,3540.67887283132
"552","2","Nov","GWI","UP","4","2-Nov-GWI-UP-4",2023-11-09 13:17:02.5,NA,NA,NA,NA,NA,344.124626597381,3.37206044774554,0.0492849737052978,3522.01352582974,1.73211734495388,1.27675153640456e-52,0.989013886311286,5.64468960573632,336.529601122808,0.991136786561805,5.1704732393145,344.16292643927,TRUE,3.37223330606601,0.0517833935816891,5.98198953756777,2023-11-09 13:16:31,2023-11-09 13:17:29,3546.3506819063
"553","2","Nov","GWI","UP","5","2-Nov-GWI-UP-5",2023-11-09 13:20:57.5,492.872999389005,4.25784111481754,7.01932960240109e-29,0.910203026332461,22.3765818409157,328.476843314417,4.6914638005872,0.0426374237471379,3504.68594495327,1.49848961385623,2.82835352062168e-63,0.995723315699174,4.88333470724716,324.153598241784,0.996334210070945,4.61066270610738,328.53999257918,TRUE,4.68111474769603,0.0442931777175898,5.37467128795997,2023-11-09 13:20:26,2023-11-09 13:21:24,3537.80921585413
"554","2","Nov","MSM","TR","1","2-Nov-MSM-TR-1",2023-11-06 12:40:28.5,NA,NA,NA,NA,NA,314.288687278845,1.15913886835277,0.0373884018064951,3603.75660921979,1.31401306321837,3.32108485358375e-35,0.948675593479593,4.28215553718618,311.091247937465,0.955080118765146,4.08541744459496,314.57137852626,TRUE,1.14686329906368,0.0366214450568799,3.5066726367063,2023-11-06 12:39:57,2023-11-06 12:40:55,3608.44648075445
"555","2","Nov","MSM","TR","2","2-Nov-MSM-TR-2",2023-11-06 12:57:44.5,402.055858172291,3.19320555521227,7.20528268322207e-32,0.931056161187235,9.65152083825391,336.703164729414,2.29041615643107,0.046011989419167,3565.18870981371,1.61708851515947,1.51885054430539e-45,0.979445966908721,5.26982929861445,320.580447601189,0.985840096554985,4.46061599764882,336.932258485421,TRUE,2.29181675507004,0.04867789865641,4.66056689131221,2023-11-06 12:57:13,2023-11-06 12:58:11,3579.25295146508
"556","2","Nov","MSM","TR","3","2-Nov-MSM-TR-3",2023-11-06 12:53:40.5,391.152242343758,2.56567776324367,4.90986086931368e-31,0.925782820110888,8.72468266743624,333.942808012523,1.99027810928938,0.0448508770539622,3616.38870130662,1.57628129307921,5.2197460223232e-43,0.974272468343786,5.13684517777158,328.372753505416,0.978450805071257,4.79434861865427,334.124929592613,TRUE,2.00477219275972,0.0488835046704608,4.75932411079263,2023-11-06 12:53:09,2023-11-06 12:54:07,3617.37333434257
"557","2","Nov","MSM","TR","4","2-Nov-MSM-TR-4",2023-11-06 12:49:36.5,NA,NA,NA,NA,NA,325.497686649011,0.944869789587412,0.0414773533304211,3598.2698285013,1.45771901099098,1.0148646828274e-28,0.908923025618812,4.75046992248905,328.1578898552,0.911154938594319,4.78481984817305,325.757858673085,TRUE,0.932307291023956,0.0391694897046831,5.12277022601029,2023-11-06 12:49:05,2023-11-06 12:50:03,3599.23087082912
"558","2","Nov","MSM","TR","5","2-Nov-MSM-TR-5",2023-11-06 12:45:25.5,NA,NA,NA,NA,NA,307.028314192916,1.72763674924251,0.0349575639563969,3590.25540631172,1.22858141770097,2.19318869022537e-45,0.979153573838717,4.00374765514636,304.71435126657,0.981453941493483,3.85117606532197,307.056055462168,TRUE,1.72278388966287,0.03551249148387,4.45074618282938,2023-11-06 12:44:54,2023-11-06 12:45:52,3595.3314588725
"559","2","Nov","MSM","UP","1","2-Nov-MSM-UP-1",2023-11-06 13:19:00.5,464.195304060976,3.38888200651685,6.44527252983937e-29,0.910496685497236,17.1582780529907,336.877169662704,3.59569795744013,0.0460861816999779,3677.83985995116,1.61969599826827,1.4744135366894e-55,0.991529983738567,5.27832666332491,339.314361457429,0.991771600405155,5.30552663136169,336.877304356535,TRUE,3.59622281441901,0.0521271737110151,5.52806240386269,2023-11-06 13:18:29,2023-11-06 13:19:27,3691.91852931361
"560","2","Nov","MSM","UP","2","2-Nov-MSM-UP-2",2023-11-06 13:15:23.5,502.160599680387,5.89357936699826,4.60847702607656e-31,0.925963161468537,24.3860502429892,361.188321945189,5.62741495192916,0.0577207322887347,3704.94008858156,2.02859155730887,1.48136758448663e-60,0.99455898811692,6.61085099758685,351.551235425381,0.995773279434989,5.94204545318714,361.283860985171,TRUE,5.62633052826657,0.0568561647194235,5.29881802569799,2023-11-06 13:14:52,2023-11-06 13:15:50,3758.63613095535
"561","2","Nov","MSM","UP","3","2-Nov-MSM-UP-3",2023-11-06 13:11:53.5,388.924020443502,3.47536651645675,2.08763042252164e-29,0.914287901020501,8.54652196672837,351.799980010843,1.79795107805995,0.0529150251986492,3666.15199539066,1.85969527960608,3.52645086976661e-37,0.95690048415745,6.060445411052,347.832775965489,0.962812564530127,5.74094164370678,352.190874309347,TRUE,1.83028410278052,0.0491301805047493,4.58252346863994,2023-11-06 13:11:22,2023-11-06 13:12:20,3680.22323596268
"562","2","Nov","MSM","UP","4","2-Nov-MSM-UP-4",2023-11-06 13:07:52.5,456.583769676645,3.17922809315895,2.75970070638508e-29,0.913364499094075,15.9906403386281,349.632961066027,3.40002754234707,0.0518638667435606,3668.72268049793,1.82275238087915,1.14957131842342e-51,0.988045125024666,5.94005449350987,346.894430665211,0.989447618775881,5.69127820719267,349.644364768491,TRUE,3.3962355513489,0.0523571863861075,6.52112673074205,2023-11-06 13:07:21,2023-11-06 13:08:19,3695.50314513892
"563","2","Nov","MSM","UP","5","2-Nov-MSM-UP-5",2023-11-06 13:03:29.5,475.416065705643,4.771481132357,1.19207438054171e-31,0.929709997281532,19.0368520772428,340.193822330302,4.50788835501343,0.0475234325284052,3665.78970146138,1.67020808951649,6.11891653223318e-60,0.994253942532565,5.44293737937339,325.786995266144,0.995913671891035,4.68092456590506,340.298764375128,TRUE,4.49277515677722,0.0505513128220083,5.6043311348224,2023-11-06 13:02:58,2023-11-06 13:03:56,3698.47987827893
"564","2","Nov","SWH","TR","1","2-Nov-SWH-TR-1",2023-11-08 12:22:59.5,NA,NA,NA,NA,NA,655.125371644666,22.3934999799706,0.877656923726611,3686.86810369233,30.8451981651827,4.49596580679904e-31,0.926033407615835,100.519500007963,607.900991047805,0.971353997738121,63.7941998542757,659.505609630839,TRUE,20.8376272645252,0.652957060635789,80.337701738275,2023-11-08 12:22:28,2023-11-08 12:23:26,3787.63654818798
"565","2","Nov","SWH","TR","2","2-Nov-SWH-TR-2",2023-11-08 12:33:41.5,NA,NA,NA,NA,NA,437.925748888082,6.13273302006557,0.117465908574369,3612.79679712497,4.12833207336298,1.3363069519547e-46,0.981279745637841,13.4535649166196,330.488640712682,0.997622722542971,4.88920347352717,440.226445913173,TRUE,6.28344007029417,0.106295936360412,11.9571226832059,2023-11-08 12:33:10,2023-11-08 12:34:08,3686.62456837925
"566","2","Nov","SWH","TR","3","2-Nov-SWH-TR-3",2023-11-08 12:00:19.5,NA,NA,NA,NA,NA,375.880796513038,4.25511721942649,0.0661323377525201,3757.49262604915,2.32421690977133,3.00416084858118e-51,0.987595277834516,7.57424609266997,373.62120688513,0.988953000048808,7.28928173752195,376.995629061634,TRUE,4.21203667341893,0.0615184549969731,6.66852030067296,2023-11-08 11:59:48,2023-11-08 12:00:46,3800.84489392121
"567","2","Nov","SWH","TR","4","2-Nov-SWH-TR-4",2023-11-08 11:53:03.5,449.409094901622,3.60123381187417,2.99771770372644e-31,0.927175916338602,14.9628640048001,329.122101286031,3.4772989110442,0.0428929282716122,3692.66311456861,1.5074693045263,2.04205403436143e-56,0.992150029285021,4.91259806329849,324.784291464556,0.993273157163857,4.63766660444919,329.959623374832,TRUE,3.4433365947962,0.0391839319393063,4.76740787438975,2023-11-08 11:52:32,2023-11-08 11:53:30,3707.27236341479
"568","2","Nov","SWH","TR","5","2-Nov-SWH-TR-5",2023-11-08 11:41:52.5,NA,NA,NA,NA,NA,380.274178239228,5.3630461933415,0.0688780336578217,3683.42439816034,2.42071422211605,1.63713567725341e-55,0.991495816260433,7.88871518886637,355.777166883534,0.994982981592376,6.1791605040277,381.428051565127,TRUE,5.4230516382508,0.064937222380772,7.51926699537424,2023-11-08 11:41:21,2023-11-08 11:42:19,3710.9019769446
"569","2","Nov","SWH","TR","6","2-Nov-SWH-TR-6",2023-11-08 12:19:22.5,386.831808982597,2.87450351246764,1.91955603617639e-34,0.945096725747107,8.38254933091512,342.557706425636,2.22503653696665,0.0485750838512857,3637.43665800383,1.7071683100514,1.043750390437e-43,0.975816219070358,5.56338474587943,313.886871150084,0.986794059966794,4.19255072164097,342.627912609297,TRUE,2.21349033511502,0.0500864639347553,6.65390753481345,2023-11-08 12:18:51,2023-11-08 12:19:49,3647.17259425003
"570","2","Nov","SWH","TR","7","2-Nov-SWH-TR-7",2023-11-08 12:29:31.5,373.63909192563,1.75466884542263,6.79839655033241e-24,0.860496347360937,7.41865146028385,328.574204095534,1.21211532009296,0.0426758782339805,3647.13622110781,1.49984109441194,2.45946658922728e-33,0.939444770985305,4.88773896326791,326.046659160833,0.946339596574909,4.6921924311476,328.783528537824,TRUE,1.21619388634638,0.0426364574023489,4.30936738103248,2023-11-08 12:29:00,2023-11-08 12:29:58,3656.13766552389
"571","2","Nov","SWH","TR","8","2-Nov-SWH-TR-8",2023-11-08 12:11:21.5,NA,NA,NA,NA,NA,328.578133896092,0.752377684375121,0.0426774311112149,3644.68747694347,1.49989567018606,1.37712654695024e-23,0.856668719374787,4.8879168168676,328.765387893619,0.866439816198762,4.81181021190074,328.58477170735,TRUE,0.753625016896922,0.0450627680030636,5.26754844858506,2023-11-08 12:10:50,2023-11-08 12:11:48,3654.5649352382
"572","2","Nov","SWH","TR","9","2-Nov-SWH-TR-9",2023-11-08 11:37:24.5,422.026781442905,3.22530951042754,1.21203928067606e-31,0.92966514292403,11.611911897761,333.934328487326,2.73769702813602,0.0448473557649578,3760.27336697018,1.57615753759549,4.47335151219527e-50,0.986237798839642,5.13644187871413,325.876427690751,0.988991900406055,4.68480234191297,334.081668556186,TRUE,2.72927941596313,0.0468507834251521,4.12951842439918,2023-11-08 11:36:53,2023-11-08 11:37:51,3757.83554930633
"573","2","Nov","SWH","TR","10","2-Nov-SWH-TR-10",2023-11-08 11:49:29.5,409.706009306365,2.76665596350246,1.41519466627143e-31,0.929245278202551,10.3599792659724,331.057734783277,2.43190519777081,0.043668608480978,3654.09232160073,1.53473053738834,4.93446166586451e-48,0.983509742610428,5.00143800143793,318.49215981879,0.987866140644285,4.37519405639979,331.124909619235,TRUE,2.42246736833101,0.0473706278460932,4.49757769152784,2023-11-08 11:48:58,2023-11-08 11:49:56,3660.37376419301
"574","2","Nov","SWH","SWAMP","1b","2-Nov-SWH-SWAMP-1b",2023-11-08 14:58:38.5,379.957809795287,2.10579825590048,1.68420900431277e-27,0.898552987914268,7.86564029365713,321.946785876033,1.52768316907783,0.0401358064390825,3831.58237106669,1.41057042867761,1.20520169543006e-39,0.965351362848209,4.59682033674659,324.665670031461,0.96616370558864,4.63257563542568,321.990538555718,TRUE,1.53591052172847,0.0412744845608,5.2090025067165,2023-11-08 14:58:07,2023-11-08 14:59:05,3824.92929803591
"575","2","Nov","SWH","SWAMP","2c","2-Nov-SWH-SWAMP-2c",2023-11-08 14:45:19.5,409.344049601899,2.31048974860567,1.41271635246063e-29,0.915563488459692,10.3253161344833,306.39493469077,2.22316871171457,0.0347531509409056,3684.00192497264,1.22139733494617,4.04695804800598e-51,0.987452332166633,3.98033589417597,308.583225241791,0.987866325019429,3.99163723108385,306.475773206529,TRUE,2.22420251473969,0.0349371131437534,4.38760158461196,2023-11-08 14:44:48,2023-11-08 14:45:46,3688.24194959453
"576","2","Nov","SWH","SWAMP","3","2-Nov-SWH-SWAMP-3",2023-11-08 14:17:50.5,452.838378338499,4.48616684208513,2.18825556444424e-33,0.93971596440431,15.4455976780696,351.517456289889,3.94244390022898,0.0527767824868293,3661.59045197086,1.85483674807092,1.38791845075683e-54,0.990767277678642,6.04461224447379,328.75459871545,0.99437542452488,4.81132953704328,351.528953868362,TRUE,3.9464877612849,0.0502219646697864,6.05765227991662,2023-11-08 14:17:19,2023-11-08 14:18:17,3675.26970616294
"577","2","Nov","SWH","SWAMP","4","2-Nov-SWH-SWAMP-4",2023-11-08 14:31:48.5,480.18901852088,4.56231207985424,1.44266312988203e-31,0.929193018253809,19.8970343137622,329.504585886464,4.69764753234951,0.043045103917669,3693.92426790404,1.5128175081713,4.32423129045283e-63,0.995652916537352,4.93002699189404,317.790709957328,0.9967504794919,4.34686966343218,329.620930030304,TRUE,4.71098322746448,0.0414050542971329,5.04252892281566,2023-11-08 14:31:17,2023-11-08 14:32:15,3713.42845553352
"578","2","Nov","SWH","SWAMP","5","2-Nov-SWH-SWAMP-5",2023-11-08 14:24:14.5,434.984480665267,2.49627591347124,1.83072039855089e-27,0.898227681446962,13.0921151947396,332.387049158861,2.56413059312148,0.0442094235573841,3764.70384967623,1.55373744971535,6.16337183635592e-49,0.98477733079452,5.06337844719466,336.259796587481,0.984813161223171,5.15757253495463,333.291248915102,TRUE,2.53765917766438,0.0445229287497453,4.30348129920052,2023-11-08 14:23:43,2023-11-08 14:24:41,3779.20364670475
"579","2","Nov","SWH","UP","1b","2-Nov-SWH-UP-1b",2023-11-08 15:38:29.5,NA,NA,NA,NA,NA,374.924017176401,7.20594511642432,0.0655490543682612,4153.24993297883,2.30371745139808,2.96400124566248e-63,0.995715603871501,7.50744168132925,369.099116960604,0.996428316623486,6.9903722611528,375.26744584664,TRUE,7.16858830670765,0.06358661590798,7.80229836700385,2023-11-08 15:37:58,2023-11-08 15:38:56,4204.11246779691
"580","2","Nov","SWH","UP","2","2-Nov-SWH-UP-2",2023-11-08 15:25:05.5,490.447499479789,4.95207351426413,6.85869754228008e-31,0.924823917017512,21.8796422302715,352.519166332212,5.00960556133338,0.0532685692100215,4044.74166177937,1.87212056196423,9.54286085913964e-60,0.994154893921773,6.10093739179437,341.670506138447,0.995560110207941,5.42254461993038,352.776644142795,TRUE,4.99495737805336,0.0514423992492262,6.19187579621479,2023-11-08 15:24:34,2023-11-08 15:25:32,4056.53302467908
"581","2","Nov","SWH","UP","3","2-Nov-SWH-UP-3",2023-11-08 15:14:22,421.973474755515,6.41842039137574,4.76760119096619e-28,0.932970571577996,20.6569898613553,314.086451978622,5.73603514361181,0.0704943855225473,3952.55958926608,2.19327055369717,1.7172893607782e-50,0.993249185370761,6.55559884056848,308.940276259556,0.994442970515961,6.08453870300549,314.226432583753,TRUE,5.7113787483451,0.06174083993942,5.65037061165205,2023-11-08 15:13:54,2023-11-08 15:14:45,3961.09595462227
"582","2","Nov","SWH","UP","4","2-Nov-SWH-UP-4",2023-11-08 15:19:57.5,NA,NA,NA,NA,NA,324.751882789655,2.18646011863982,0.0411919143772054,3968.22738125685,1.44768727667888,5.74010522961381e-47,0.981878181144005,4.71777812677209,322.453402346357,0.983873269944089,4.53864743620903,324.778195917074,TRUE,2.18363111094104,0.0391669573914196,4.7633007195434,2023-11-08 15:19:26,2023-11-08 15:20:24,3984.895779499
"583","2","Nov","SWH","UP","5","2-Nov-SWH-UP-5",2023-11-08 15:09:11.5,570.985877528895,9.17941388005065,4.33418711249009e-28,0.90370307453786,46.1216443570199,396.427540440363,9.34002590566059,0.0799903082836515,4630.57914662444,2.81125442482335,1.30494420639997e-64,0.996200480567158,9.16142239272081,398.089737022168,0.9963614620539,9.14278897401446,397.052178515585,TRUE,9.39448174600706,0.080959594170036,7.74144946629659,2023-11-08 15:08:40,2023-11-08 15:09:38,4654.4475175105
"584","2","Oct","GCW","TR","1","2-Oct-GCW-TR-1",2023-10-12 09:58:06.5,NA,NA,NA,NA,NA,369.777365974504,3.34388318542954,0.0624986281059611,4394.03812496589,2.19651040955147,3.82501732207471e-47,0.982158809364735,7.15807131301313,370.042546702598,0.983351060100169,7.05170387236503,369.784769385137,TRUE,3.33903826485044,0.0711429329100869,8.24801981401414,2023-10-12 09:57:35,2023-10-12 09:58:33,4435.79454808829
"585","2","Oct","GCW","TR","2","2-Oct-GCW-TR-2",2023-10-12 10:02:15.5,NA,NA,NA,NA,NA,337.465378224064,5.44735168388227,0.0463378691239861,4688.76228106258,1.62854153717914,9.19069596913822e-65,0.996251361511947,5.30715284054251,332.278695786869,0.996837796940655,4.9709152863189,337.501413809848,TRUE,5.43934254579256,0.0470980491699857,5.47659631032216,2023-10-12 10:01:44,2023-10-12 10:02:42,4771.38415177998
"586","2","Oct","GCW","TR","3","2-Oct-GCW-TR-3",2023-10-12 10:06:02.5,NA,NA,NA,NA,NA,415.306934449458,3.00128815372551,0.0952699732243639,4312.87517676798,3.34825730174782,1.50542628591199e-35,0.950212449707513,10.9114277064236,372.310607287944,0.979147734408441,7.20135953586151,420.301116782558,TRUE,3.1936086016149,0.0492159325841716,3.94522984554313,2023-10-12 10:05:31,2023-10-12 10:06:29,4394.47895978151
"587","2","Oct","GCW","TR","4","2-Oct-GCW-TR-4",2023-10-12 10:15:52.5,NA,NA,NA,NA,NA,378.120682534762,4.15841931858919,0.0675182233711418,4236.74760924754,2.37292377390584,2.83573556006875e-50,0.986476916690073,7.73297386622932,380.289442190398,0.986927820863542,7.75352775175457,378.137068121524,TRUE,4.15679305577847,0.0647519607641381,6.77186763015747,2023-10-12 10:15:21,2023-10-12 10:16:19,4230.49688060863
"588","2","Oct","GCW","TR","5","2-Oct-GCW-TR-5",2023-10-12 10:11:07.5,NA,NA,NA,NA,NA,339.137935670398,5.51623883277561,0.0470610727052019,3852.15947257697,1.65395848219867,1.06917095100629e-64,0.996229488598753,5.38998254361043,337.838110418601,0.996581965321839,5.2334988302191,339.158201502699,TRUE,5.51228125881786,0.0454844895334056,5.11644405417745,2023-10-12 10:10:36,2023-10-12 10:11:34,3882.21462769295
"589","2","Oct","GCW","UP","1","2-Oct-GCW-UP-1",2023-10-12 10:21:40.5,494.359010034538,6.70298134165294,4.09423684406986e-33,0.938247550530077,22.6865971522649,373.359022131258,5.72911063457356,0.0646060519043014,4321.54285514325,2.27057568827316,1.98868141724799e-58,0.993430792996955,7.39943804845067,350.049568482021,0.996038342483802,5.85999706618434,375.390475529536,TRUE,5.65550527650985,0.0559483022940708,5.99226844942181,2023-10-12 10:21:09,2023-10-12 10:22:07,4349.77583246718
"590","2","Oct","GCW","UP","2","2-Oct-GCW-UP-2",2023-10-12 10:29:16.5,514.855808926045,5.45416171650032,1.55522027282292e-29,0.915251344797555,27.4278656522519,342.753023609039,5.92161974679252,0.0486630110069837,4234.1307858072,1.71025850448648,1.53647947108085e-65,0.996500565929302,5.5734551885421,344.336167392733,0.996653735447513,5.55804952021925,342.914014227981,TRUE,5.93990215566741,0.0500081000769711,5.17306211234989,2023-10-12 10:28:45,2023-10-12 10:29:43,4215.9024344744
"591","2","Oct","GCW","UP","3","2-Oct-GCW-UP-3",2023-10-12 10:33:00.5,509.760351075849,6.1503245284934,9.99166603864014e-33,0.936094497615351,26.1638667165942,391.430092743711,6.49310360082422,0.0763732739086896,4092.2961218045,2.68413397598982,1.75357669149262e-57,0.99285720335414,8.74715745951777,366.674965487065,0.99580622186649,6.83521526432995,392.808584814563,TRUE,6.41653463370379,0.0768654112778748,7.63806906951325,2023-10-12 10:32:29,2023-10-12 10:33:27,4147.27215637463
"592","2","Oct","GCW","UP","4","2-Oct-GCW-UP-4",2023-10-12 10:36:46.5,NA,NA,NA,NA,NA,330.886093124048,4.96540478699725,0.0435992621894663,4048.77078727867,1.53229336627299,4.75190432290595e-64,0.996006859092133,4.99349565590209,333.91915910419,0.996077724654744,5.04699724026187,331.012917805517,TRUE,4.95986169061656,0.0430239255235602,4.95503579292789,2023-10-12 10:36:15,2023-10-12 10:37:13,4096.13728647645
"593","2","Oct","GCW","UP","5","2-Oct-GCW-UP-5",2023-10-12 10:25:48.5,512.541138379834,5.23803909460752,4.3489872890397e-29,0.911838362952225,26.8462824874611,355.593255803577,5.6789930142449,0.0548065796176602,4269.59952889735,1.92617384237623,6.33262415397234e-62,0.995180213442743,6.27708826920834,340.299039222291,0.996628258632075,5.35412035664215,355.785935823484,TRUE,5.69151362680323,0.0567903359580735,5.74561978511137,2023-10-12 10:25:17,2023-10-12 10:26:15,4337.65817031319
"594","2","Oct","GWI","TR","1","2-Oct-GWI-TR-1",2023-10-19 11:37:05.5,351.463933648815,1.0052017547488,5.49816951601014e-16,0.719901484007242,6.04161739763194,338.361853755299,0.634877055378377,0.0467241066478074,3497.98245760328,1.64211583100515,9.635432436023e-19,0.780245662440737,5.35138926337386,341.300149194449,0.784524098046822,5.40398130915328,338.412870463349,TRUE,0.624864673452649,0.0491128985561871,5.68881771367342,2023-10-19 11:36:34,2023-10-19 11:37:32,3496.85762744286
"595","2","Oct","GWI","TR","2","2-Oct-GWI-TR-2",2023-10-19 11:40:45.5,NA,NA,NA,NA,NA,314.262921053219,1.57883798997642,0.0373794828890067,3540.46552221576,1.31369960841626,6.35193730332781e-42,0.97167842852012,4.28113403880531,317.994111349115,0.971819061775219,4.35506403798278,314.323459639707,TRUE,1.5701458748942,0.0363404291591406,3.82274729764824,2023-10-19 11:40:14,2023-10-19 11:41:12,3561.12840154325
"596","2","Oct","GWI","TR","3","2-Oct-GWI-TR-3",2023-10-19 11:45:27.5,NA,NA,NA,NA,NA,309.479085754399,1.26407502025807,0.0357599015330479,3472.46221914071,1.25677952208336,4.90330579410408e-38,0.96004758525904,4.09564070567926,306.558010488546,0.964853640095621,3.9174835333676,309.501394000559,TRUE,1.26193957704135,0.037385387931817,3.86725466675718,2023-10-19 11:44:56,2023-10-19 11:45:54,3484.02813885722
"597","2","Oct","GWI","TR","4","2-Oct-GWI-TR-4",2023-10-19 11:50:03.5,NA,NA,NA,NA,NA,347.087700651959,1.46790934561901,0.0506558697519888,3576.20642692915,1.78029740151231,9.21378926426288e-34,0.941686289929191,5.80170059881452,340.35898267565,0.952193707774526,5.35709288949012,347.240742117101,TRUE,1.46540591907613,0.0554773314445667,5.83236459143829,2023-10-19 11:49:32,2023-10-19 11:50:30,3594.97700580486
"598","2","Oct","GWI","TR","5","2-Oct-GWI-TR-5",2023-10-19 11:54:09.5,353.192644543882,0.820348821383687,1.06857902164305e-18,0.779373925283861,6.13910115363387,317.049076276037,0.775034545207883,0.0383563349371758,3482.00198022069,1.34803101307937,2.78066967174373e-26,0.887027552605185,4.39301452058488,317.495013529728,0.89422354164598,4.3349845168472,317.534374158115,TRUE,0.800167865408931,0.0399358665622463,3.96623460403419,2023-10-19 11:53:38,2023-10-19 11:54:36,3489.11082792691
"599","2","Oct","GWI","UP","1","2-Oct-GWI-UP-1",2023-10-19 11:58:58.5,NA,NA,NA,NA,NA,331.475566607859,2.86713536925963,0.0438378814010002,3485.13356140524,1.54067962366674,1.29686770381167e-51,0.987989573679122,5.02082510911694,317.637281293859,0.991368342789431,4.34069872925109,331.528557190425,TRUE,2.85757271676081,0.0415069102591326,4.7083854964901,2023-10-19 11:58:27,2023-10-19 11:59:25,3511.95430608838
"600","2","Oct","GWI","UP","2","2-Oct-GWI-UP-2",2023-10-19 12:03:06.5,NA,NA,NA,NA,NA,376.506773536241,5.90208983777854,0.0665167593008701,3497.35948292055,2.337727381252,1.92794569789864e-58,0.993438624123465,7.61827452882512,349.994761496187,0.996270914392203,5.85702403564843,376.716219357971,TRUE,5.92481824404255,0.060569115213796,5.72885429772385,2023-10-19 12:02:35,2023-10-19 12:03:33,3547.45283444025
"601","2","Oct","GWI","UP","3","2-Oct-GWI-UP-3",2023-10-19 12:06:40.5,NA,NA,NA,NA,NA,393.174473698523,4.19165295345723,0.07761684609876,3494.18260888696,2.72783924350205,2.37549103195753e-47,0.982482603525941,8.88958584057459,325.233492992796,0.99537741492826,4.65699609829874,393.174942759634,TRUE,4.19306701915058,0.0804943200051762,11.752388705047,2023-10-19 12:06:09,2023-10-19 12:07:07,3536.76201215659
"602","2","Oct","GWI","UP","4","2-Oct-GWI-UP-4",2023-10-19 12:11:10.5,NA,NA,NA,NA,NA,370.161054329257,3.24092783482054,0.0627210599836106,3523.70972047393,2.20432776409956,2.26391907509122e-46,0.980896429115157,7.18354680408796,328.641373897786,0.991777138771132,4.8062880884217,371.32641904549,TRUE,3.30294909924312,0.060524244625131,6.24253718708183,2023-10-19 12:10:39,2023-10-19 12:11:37,3568.44204326318
"603","2","Oct","GWI","UP","5","2-Oct-GWI-UP-5",2023-10-19 12:15:33.5,507.620199918153,4.36321370233008,2.36693565805895e-26,0.887723740249288,25.6505012031678,368.882894540817,4.79901930612284,0.0619831431433049,3540.26747252564,2.17839372250161,2.19034774813799e-55,0.991400078457129,7.09903196710584,362.035771899261,0.992965121365231,6.54782195184496,369.323941600038,TRUE,4.82565847332585,0.0552537498203076,5.10690867566295,2023-10-19 12:15:02,2023-10-19 12:16:00,3584.55365426861
"604","2","Oct","MSM","TR","1","2-Oct-MSM-TR-1",2023-10-10 10:29:53.5,NA,NA,NA,NA,NA,321.34638501208,1.00512583829859,0.0399132998243635,3479.28455045653,1.40275044749985,8.45611073586779e-31,0.924217016611142,4.5713362859115,324.157418525767,0.925867363346798,4.61082580196313,321.447425212249,TRUE,1.00421446387239,0.0410473514219801,4.51888757527004,2023-10-10 10:29:22,2023-10-10 10:30:20,3480.81744857803
"605","2","Oct","MSM","TR","2","2-Oct-MSM-TR-2",2023-10-10 10:44:25.5,402.611848153781,2.12734291476755,3.66692566083627e-28,0.904319076117201,9.7013355164141,315.74004975234,1.95567356914437,0.0378942386348463,3459.30865910973,1.33179066718632,2.41016028575218e-46,0.980850397874255,4.34008986630373,318.771827872682,0.981190691056061,4.38653838645413,315.779092174715,TRUE,1.95079781550579,0.0373299578478549,3.63146060075327,2023-10-10 10:43:54,2023-10-10 10:44:52,3467.92380758009
"606","2","Oct","MSM","TR","3","2-Oct-MSM-TR-3",2023-10-10 10:40:44.5,399.702465929,2.27626947719712,1.74129550938159e-29,0.914882805398248,9.44348262094729,334.799962118805,2.01173577966394,0.0452082573858598,3462.70594683276,1.58884140268436,4.53206681417499e-43,0.974411811758655,5.17777653865288,325.542499718251,0.97998219184325,4.67033965159074,334.921486611715,TRUE,2.02712050207525,0.0462695414383712,4.94723620886459,2023-10-10 10:40:13,2023-10-10 10:41:11,3476.24285761198
"607","2","Oct","MSM","TR","4","2-Oct-MSM-TR-4",2023-10-10 10:37:04.5,NA,NA,NA,NA,NA,312.213524544958,0.861321954432422,0.0366768613186175,3457.80994929956,1.28900601689104,2.39392598021233e-29,0.913836172910503,4.20066162750085,312.958162415186,0.918877045025587,4.15665289503156,312.259623882457,TRUE,0.868641092671094,0.0361502985058288,3.93252811280172,2023-10-10 10:36:33,2023-10-10 10:37:31,3465.17496322587
"608","2","Oct","MSM","TR","5","2-Oct-MSM-TR-5",2023-10-10 10:33:28.5,412.456392348606,2.2189934808107,4.2829405758734e-27,0.894853107499329,10.6271999248168,329.610821084172,2.0399366553985,0.0430874664635286,3463.3909186732,1.51430633721884,1.94961672602072e-44,0.977326856846382,4.9348788443819,327.097350729463,0.979903186268513,4.73806378554188,329.80980312946,TRUE,2.03044311500392,0.0445908699303446,5.02796896582559,2023-10-10 10:32:57,2023-10-10 10:33:55,3473.60924126415
"609","2","Oct","MSM","UP","1","2-Oct-MSM-UP-1",2023-10-10 11:06:48.5,480.151547426434,4.08836469755047,1.32009596829147e-30,0.922909626833554,19.8901321440533,343.782197134619,4.49645122939294,0.0491289561086197,3504.80481902196,1.72663411619251,3.88749072310081e-59,0.993830485964216,5.62682065217764,334.755228428412,0.99515290328058,5.08621959880283,343.812658889033,TRUE,4.48836704092373,0.0481699402554759,6.33991911991609,2023-10-10 11:06:17,2023-10-10 11:07:15,3525.26564902487
"610","2","Oct","MSM","UP","2","2-Oct-MSM-UP-2",2023-10-10 11:03:12.5,477.989413071895,4.25789640107984,5.91431838356218e-31,0.925250396634955,19.495895847229,353.285083510268,4.47297663585465,0.0536476833360856,3569.71853252567,1.88544450441775,4.79702698673375e-57,0.992575357987089,6.14435796009128,345.370402435768,0.994045410732856,5.61153045887881,353.366916410127,TRUE,4.45897411765831,0.0567558981877349,5.56080394087738,2023-10-10 11:02:41,2023-10-10 11:03:39,3611.970668383
"611","2","Oct","MSM","UP","3","2-Oct-MSM-UP-3",2023-10-10 10:59:04.5,401.393403833202,1.63640382808786,6.4148807579136e-26,0.883345290199726,9.59250118122425,328.769239746458,1.74122122380372,0.0427530156200564,3506.90539716807,1.50255208306266,3.99671513740105e-41,0.969603531144252,4.89657363575855,331.593357735743,0.970258277653743,4.93947110989712,328.823678595373,TRUE,1.75037612213674,0.0437003207806164,4.94922095575325,2023-10-10 10:58:33,2023-10-10 10:59:31,3506.29118267325
"612","2","Oct","MSM","UP","4","2-Oct-MSM-UP-4",2023-10-10 10:55:34.5,NA,NA,NA,NA,NA,346.579324609337,3.03691529419789,0.0504179834989773,3554.39573934777,1.77193690390038,8.87510593635779e-50,0.985870435609569,5.77445509255228,343.975337146129,0.987496941387397,5.53951094727777,346.691443273634,TRUE,3.052056617506,0.0479242300461375,6.0401480374837,2023-10-10 10:55:03,2023-10-10 10:56:01,3574.62386234156
"613","2","Oct","MSM","UP","5","2-Oct-MSM-UP-5",2023-10-10 10:52:10.5,495.408100605518,5.04245192571833,4.51426254335792e-30,0.919182494277515,22.90804405999,349.434915210561,5.05979121535884,0.0517688481143153,3499.50852223603,1.81941295704597,1.30148933337299e-60,0.994586009372133,5.92917185264535,349.315730365767,0.994983636547847,5.82031454354117,349.450948455511,TRUE,5.0587913618976,0.0507054106847308,6.80071439253953,2023-10-10 10:51:39,2023-10-10 10:52:37,3517.67669903862
"614","2","Oct","SWH","TR","1","2-Oct-SWH-TR-1",2023-10-18 10:48:03.5,587.887372770319,46.4137065272047,4.36924141691175e-35,0.94813180850746,53.9348952113535,654.679789765626,13.5129865791537,0.874043382953467,4124.24440957244,30.7182004987684,4.33413036485899e-21,0.821318957195328,100.105635202758,593.76200047373,0.946299567824603,55.9660745445979,667.374080713001,TRUE,10.7536260125861,0.290244382489391,33.1851821976863,2023-10-18 10:47:32,2023-10-18 10:48:30,3775.56099641358
"615","2","Oct","SWH","TR","2","2-Oct-SWH-TR-2",2023-10-18 10:39:28.5,NA,NA,NA,NA,NA,531.330800863609,14.3999826665732,0.278943637158178,3987.82508726187,9.8034568320012,2.37576963129779e-46,0.98086097630298,31.9478764190513,521.207958554632,0.985265447300863,28.5869125806082,531.351294211521,TRUE,14.3613126460576,0.288179529419934,35.8192709381746,2023-10-18 10:38:57,2023-10-18 10:39:55,3898.59401479491
"616","2","Oct","SWH","TR","3","2-Oct-SWH-TR-3",2023-10-18 10:56:34.5,NA,NA,NA,NA,NA,246.191860816589,2.97765400539792,0.0684640229302536,3646.84366775593,1.85422517690142,5.07467222657446e-34,0.980306547321266,4.99834258357543,248.393725260284,0.981172231268115,5.0211715871978,246.281981023503,TRUE,2.9768539677252,0.0701651456041372,4.93805570630152,2023-10-18 10:56:10,2023-10-18 10:56:54,3657.30822800161
"617","2","Oct","SWH","TR","4","2-Oct-SWH-TR-4",2023-10-18 11:28:25.5,NA,NA,NA,NA,NA,363.801557307613,20.1373505711154,0.407559139512201,3682.47881987161,10.5690701627177,1.11064196614849e-34,0.985468123661856,27.5502140523002,335.491882156644,0.993790440276389,18.531318774529,363.838487462926,TRUE,20.0613196967359,0.427327371249316,30.4537134462774,2023-10-18 11:28:02,2023-10-18 11:28:44,3796.20528213316
"618","2","Oct","SWH","TR","5","2-Oct-SWH-TR-5",2023-10-18 11:13:11.5,498.844643447951,4.21639792711089,7.36940539445253e-27,0.892640216595596,23.6486955982422,365.021444739114,4.52374226521569,0.059806138037799,3536.60322538849,2.10188301305398,7.28715265374602e-55,0.990993214188844,6.84969596940066,352.583155017246,0.993356987837029,5.99909267837975,365.418276177013,TRUE,4.54068992791586,0.0601502438886962,6.07407993285631,2023-10-18 11:12:40,2023-10-18 11:13:38,3567.42160125362
"619","2","Oct","SWH","TR","6a","2-Oct-SWH-TR-6a",2023-10-18 11:47:32,217.250815866499,1.58782832464832,2.55223941498651e-19,0.916011709171596,5.09546289273232,204.811170683763,1.6399210068656,0.0713955926321098,3542.32166887225,1.7283043017108,7.15361709872321e-22,0.941134277492188,4.265849318814,202.432847574011,0.950941122555098,4.01799320369314,204.828709743995,TRUE,1.63628190996141,0.0746362745384957,4.33000854442709,2023-10-18 11:47:10,2023-10-18 11:47:49,3545.94765113293
"620","2","Oct","SWH","TR","7a","2-Oct-SWH-TR-7a",2023-10-18 11:39:47.5,NA,NA,NA,NA,NA,320.145729767209,1.15093770654744,0.0394720339185111,3523.49742339274,1.38724218459939,6.79794924556351e-34,0.9423635533234,4.52079737141344,320.09367297523,0.946530198656828,4.44055647188754,320.195987106237,TRUE,1.15962276251448,0.0427454630012917,3.91990297208357,2023-10-18 11:39:16,2023-10-18 11:40:14,3537.00807017706
"621","2","Oct","SWH","TR","8","2-Oct-SWH-TR-8",2023-10-18 11:07:34.5,344.890662036287,0.862311001163978,4.83756087119819e-18,0.766253291831914,5.68486926878974,328.138604813761,0.673900324375229,0.0425040991290702,3590.95012067377,1.49380392842104,1.4637888637198e-21,0.828597463723341,4.8680648180859,331.967929330943,0.829138353131484,4.95663220011662,328.192248539365,TRUE,0.677375715668662,0.0423720832407553,4.33034817608881,2023-10-18 11:07:03,2023-10-18 11:08:01,3591.27874527379
"622","2","Oct","SWH","TR","9a","2-Oct-SWH-TR-9a",2023-10-18 11:23:00.5,NA,NA,NA,NA,NA,305.863001187558,1.63511145050121,0.0345824017331631,3582.53527464714,1.21539636462738,2.08500694682297e-44,0.977268257911797,3.96077970482107,297.2691621822,0.981996916716203,3.59463205629247,305.885886309503,TRUE,1.63816445236263,0.03163875499578,3.46090933496447,2023-10-18 11:22:29,2023-10-18 11:23:27,3604.83252222831
"623","2","Oct","SWH","TR","10","2-Oct-SWH-TR-10",2023-10-18 11:33:56.5,NA,NA,NA,NA,NA,339.083404951099,2.86923911909587,0.0470373169053807,3535.17388475461,1.65312358608694,4.64804940400283e-50,0.986217511203335,5.38726175254075,333.352642251297,0.988490191908942,5.02059239711462,339.128437421229,TRUE,2.85984480878126,0.0540997703286935,4.53913893054118,2023-10-18 11:33:25,2023-10-18 11:34:23,3551.75169706116
"624","2","Oct","SWH","SWAMP","1a","2-Oct-SWH-SWAMP-1a",2023-10-18 13:38:55.5,NA,NA,NA,NA,NA,319.130062987881,1.86974599656647,0.0391025662199509,3626.81360593199,1.37425726524237,1.17675437600076e-44,0.977762697471165,4.47848162442353,317.73258534652,0.979877916708219,4.34453084741425,319.169619190083,TRUE,1.87344390569083,0.041122830935907,5.0396250585049,2023-10-18 13:38:24,2023-10-18 13:39:22,3653.52663728261
"625","2","Oct","SWH","SWAMP","2","2-Oct-SWH-SWAMP-2",2023-10-18 13:42:27,314.794013177715,2.69331261025386,7.11216081894293e-22,0.908705745739407,10.7171721149072,243.93049013516,2.89991823188168,0.0596089693095599,3574.34631941419,1.64870262780869,1.57925694076951e-36,0.983788688451682,4.51614168678639,247.102265357403,0.984112881272359,4.58999798359898,244.201310804544,TRUE,2.9273075306925,0.0537364677423025,3.97139605669232,2023-10-18 13:42:02,2023-10-18 13:42:47,3584.9601292648
"626","2","Oct","SWH","SWAMP","3","2-Oct-SWH-SWAMP-3",2023-10-18 13:46:06.5,NA,NA,NA,NA,NA,397.248435843589,5.22321511962153,0.0806006218097435,3695.84726209761,2.83270385585531,2.08149854983045e-51,0.987769063183627,9.23132261094091,374.12406030173,0.992598628685166,7.32330013309784,398.620652435993,TRUE,5.29417315454749,0.0730334876893117,8.12409609296694,2023-10-18 13:45:35,2023-10-18 13:46:33,3750.57575459685
"627","2","Oct","SWH","SWAMP","4","2-Oct-SWH-SWAMP-4",2023-10-18 13:51:26.5,NA,NA,NA,NA,NA,326.160882369547,2.88541604626629,0.0417328369818619,3611.24733231913,1.46669796807958,7.4481113901549e-53,0.989239223677897,4.7797308879173,320.893387021066,0.990936209438807,4.4735597653534,326.364059908994,TRUE,2.89497059782386,0.0458372108442256,4.32024409858391,2023-10-18 13:50:55,2023-10-18 13:51:53,3624.17456928388
"628","2","Oct","SWH","SWAMP","5","2-Oct-SWH-SWAMP-5",2023-10-18 13:56:29.5,NA,NA,NA,NA,NA,345.551771180333,4.13908472987176,0.0499405622494694,3558.22170164559,1.75515796368897,6.52996701809271e-57,0.992486776741969,5.71977524670781,340.628799081123,0.993631115445192,5.37049324701448,345.587866107824,TRUE,4.13129642718575,0.048870787711729,6.22136489339778,2023-10-18 13:55:58,2023-10-18 13:56:56,3595.55938372451
"629","2","Oct","SWH","UP","1","2-Oct-SWH-UP-1",2023-10-18 14:00:48.5,NA,NA,NA,NA,NA,315.009493255166,7.33012583170386,0.0643807265144087,3703.64771889167,2.04013437579495,4.83760120878595e-58,0.996464031842952,6.17920833467934,296.852763166415,0.997771366547954,5.01591958551877,315.01334207642,TRUE,7.33331126083019,0.0740381156475969,5.8101752362254,2023-10-18 14:00:20,2023-10-18 14:01:12,3732.00289116661
"630","2","Oct","SWH","UP","2","2-Oct-SWH-UP-2",2023-10-18 14:04:14.5,496.218874545185,4.2430546703664,2.19939674684997e-28,0.906178275159394,23.0806656908766,336.473023924703,4.73273971243304,0.0459140453284026,3578.99382277328,1.61364627616259,8.30125664813254e-62,0.995129775939599,5.25861159980047,338.426298053616,0.995310914315814,5.26207917255541,337.423493107514,TRUE,4.74471590746114,0.0414583365318194,3.9636137252569,2023-10-18 14:03:43,2023-10-18 14:04:41,3615.14056182597
"631","2","Oct","SWH","UP","3","2-Oct-SWH-UP-3",2023-10-18 14:07:53.5,NA,NA,NA,NA,NA,346.314480309273,5.16137980446549,0.0502944968647045,3649.47744223671,1.76759697379566,1.04374173703067e-61,0.995086696821432,5.76031196395705,337.276606123856,0.99614062850073,5.20635988438473,346.47301814061,TRUE,5.18071297225684,0.0512197694591047,4.95160422303588,2023-10-18 14:07:22,2023-10-18 14:08:20,3685.87717985972
"632","2","Oct","SWH","UP","4","2-Oct-SWH-UP-4",2023-10-18 14:12:21.5,NA,NA,NA,NA,NA,338.260563500634,2.20249589607461,0.0466803059253866,3683.22717254284,1.64057645733154,2.31958314250831e-44,0.977174893364607,5.34637269414424,329.066133002427,0.98212291379005,4.82522822254736,338.559896737443,TRUE,2.17740055786796,0.0461311798385936,3.87931248002514,2023-10-18 14:11:50,2023-10-18 14:12:48,3691.2787292875
"633","2","Oct","SWH","UP","5","2-Oct-SWH-UP-5",2023-10-18 14:15:55.5,579.58219277415,12.2717641585702,1.90805686771873e-31,0.928428564794674,49.9427755088748,411.685657123718,11.7350274613065,0.0921284997616822,3642.05933150635,3.23785041168919,1.43810071455275e-66,0.996805275230201,10.5516295515635,397.56749683996,0.997715883144028,9.09868521364032,411.890601799223,TRUE,11.7016191948649,0.100543102862157,11.1133142277898,2023-10-18 14:15:24,2023-10-18 14:16:22,3703.67215614448
"634","2","Sep","GCW","TR","1","2-Sep-GCW-TR-1",2023-09-12 10:52:25.5,586.663041092142,13.329760289198,6.2969577974069e-31,0.925070214792826,53.3269200636563,433.771666133104,12.2386735749032,0.113033521196775,4643.26946674716,3.97255609380795,6.50848333303211e-63,0.995584020267995,12.9459162546053,415.234864590066,0.997090790070097,10.7157718353347,433.845007171836,TRUE,12.2319435877563,0.115457507839808,11.9361055128662,2023-09-12 10:51:54,2023-09-12 10:52:52,4737.47243570409
"635","2","Sep","GCW","TR","2","2-Sep-GCW-TR-2",2023-09-12 10:56:06.5,NA,NA,NA,NA,NA,457.520052839196,12.9482123577667,0.140833295850813,4146.39793471865,4.94957745029684,3.07423684243458e-59,0.993885922464466,16.1298704547187,375.500529234881,0.998756860836276,7.41723352192226,461.485115965672,TRUE,13.1917860378731,0.108045453722473,11.3148700974594,2023-09-12 10:55:35,2023-09-12 10:56:33,4335.74867047959
"636","2","Sep","GCW","TR","3","2-Sep-GCW-TR-3",2023-09-12 11:03:18.5,NA,NA,NA,NA,NA,397.293244021143,7.86045702772858,0.0806340691826981,5302.56747775735,2.83387936170389,1.48984011691523e-60,0.994557794619838,9.23515339392122,368.459169577922,0.997037166826208,6.94907371546608,397.9426203859,TRUE,7.92011628631634,0.0681091741396383,5.82985887174632,2023-09-12 11:02:47,2023-09-12 11:03:45,5391.21903866349
"637","2","Sep","GCW","TR","4","2-Sep-GCW-TR-4",2023-09-12 10:59:42.5,NA,NA,NA,NA,NA,390.061619879323,13.371769569824,0.0754116499713275,3791.9934959081,2.6503377623368,5.06524615102208e-74,0.998348856623626,8.63702107847165,386.808990612284,0.998556371040903,8.23599451068128,390.239438128925,TRUE,13.3422021156119,0.0796731720417815,7.1726858573279,2023-09-12 10:59:11,2023-09-12 11:00:09,3872.61462103974
"638","2","Sep","GCW","TR","5","2-Sep-GCW-TR-5",2023-09-12 11:07:49,506.193480522322,8.9784882878261,1.55340329129329e-26,0.912743732724373,40.6871745988477,319.693282242434,9.52957251082061,0.0612850616816651,3699.39980056208,1.97733380983683,2.12658500985302e-65,0.998059932251769,6.06691157807577,319.892755144653,0.998204719787986,5.96441716613257,319.80960669527,TRUE,9.52630164644319,0.0618432579287759,6.22283563193296,2023-09-12 11:07:20,2023-09-12 11:08:13,3708.95735739119
"639","2","Sep","GCW","UP","1","2-Sep-GCW-UP-1",2023-09-12 11:12:30.5,594.618069057682,14.5697573662193,1.64550074348445e-32,0.934858053355112,57.4031360514867,474.458974986725,14.110668383189,0.164748285016581,3804.04684338482,5.79006826167689,1.19637968459341e-57,0.992961463432001,18.8688937434903,428.049268391226,0.997232658285417,12.0657220812653,474.468848282995,TRUE,14.1162926041892,0.171420181089946,21.8113680196555,2023-09-12 11:11:59,2023-09-12 11:12:57,3872.55421779157
"640","2","Sep","GCW","UP","2","2-Sep-GCW-UP-2",2023-09-12 11:21:00.5,574.818456887729,11.6697867244327,1.09295552112661e-31,0.929943966369543,47.7877435037138,376.302903120898,11.3575428881086,0.066391314781335,4123.84771165815,2.33331864139114,3.26032279820301e-73,0.998226275729594,7.60390716039047,346.702965087475,0.999047951815087,5.68119748007479,376.722198173234,TRUE,11.3271076674237,0.0686847146059505,7.11700483880121,2023-09-12 11:20:29,2023-09-12 11:21:27,4149.47749770771
"641","2","Sep","GCW","UP","4","2-Sep-GCW-UP-4",2023-09-12 11:30:34.5,487.130146555895,9.93594765445075,3.07229073183787e-36,0.953161865081196,21.2177987939722,477.690555324875,6.05012911678666,0.169752382873292,3722.63897574946,5.96593697057151,3.25057363922849e-38,0.960673819215965,19.4420213528661,453.540315151922,0.976650169363248,15.2777383232455,478.248126108632,TRUE,5.96818962014979,0.168749911983124,19.0155914693829,2023-09-12 11:30:03,2023-09-12 11:31:01,3716.926307641
"642","2","Sep","GCW","UP","5","2-Sep-GCW-UP-5",2023-09-12 11:16:08.5,555.880164769618,8.94359675266319,3.4789494342281e-31,0.926758330031871,40.1015360037898,377.698404031084,9.31687852983227,0.0672547434902295,4226.56104447559,2.36366378982826,1.85130477900473e-68,0.997297702640908,7.70279707940582,368.465403630306,0.997885017111371,6.94947484639099,378.012234746043,TRUE,9.35176243901212,0.0666387250065389,6.27884018373066,2023-09-12 11:15:37,2023-09-12 11:16:35,4248.70452723962
"643","2","Sep","GWI","TR","1","2-Sep-GWI-TR-1",2023-09-21 10:34:16.5,NA,NA,NA,NA,NA,314.494904903406,1.30946361953914,0.0374598602607381,3448.36298757761,1.31652446616195,8.56357571592297e-38,0.959182173600651,4.29033979221529,312.526565842667,0.963453182492036,4.14007495735246,314.960690659263,TRUE,1.33419475675419,0.0341541623961739,4.41921756845589,2023-09-21 10:33:45,2023-09-21 10:34:43,3453.17730310402
"644","2","Sep","GWI","TR","2","2-Sep-GWI-TR-2",2023-09-21 10:38:26.5,471.951053523347,5.51878364352475,1.7145228241964e-31,0.928721952094263,18.4357780803113,404.070824910537,4.30339381334754,0.0858564429441891,3554.03755855916,3.01741936373778,1.06882185557484e-45,0.979721785632699,9.83328050392087,402.292060944565,0.981779761561554,9.50555044153259,405.68504856368,TRUE,4.20778546055755,0.0729633365277421,8.79720005784616,2023-09-21 10:37:55,2023-09-21 10:38:53,3519.63686684078
"645","2","Sep","GWI","TR","3","2-Sep-GWI-TR-3",2023-09-21 10:43:05.5,NA,NA,NA,NA,NA,320.218490054349,4.50082540247887,0.0394986354386995,3625.44281551957,1.38817709337699,4.62081521512309e-64,0.996011152822527,4.52384408754649,322.084571425385,0.996165706285443,4.52317393309358,320.241512914322,TRUE,4.5064070823378,0.0396736445942675,4.64272971225505,2023-09-21 10:42:34,2023-09-21 10:43:32,3659.36839904015
"646","2","Sep","GWI","TR","4","2-Sep-GWI-TR-4",2023-09-21 10:52:28.5,401.956439345756,3.01069775462086,5.15710324261071e-35,0.947800358372645,9.64264027010159,348.750117930367,2.6312669242505,0.0514416350524571,3516.56388126885,1.80791307427583,3.79861504692738e-46,0.980512497141736,5.89169559912888,317.953481435343,0.989769318211445,4.35342595838341,348.783912444855,TRUE,2.62213831629464,0.0569436138381435,5.09825589092215,2023-09-21 10:51:57,2023-09-21 10:52:55,3512.39965130284
"647","2","Sep","GWI","TR","5","2-Sep-GWI-TR-5",2023-09-21 10:47:50.5,344.301673117949,3.7633048547835,1.14834552360562e-35,0.950727733878336,5.6539506450677,351.010125663366,1.55833638943304,0.0525294446352526,3467.13777323482,1.84614407461346,2.91257770227392e-34,0.944210148943563,6.01628423098537,331.457637555882,0.963930963415215,4.93326773158719,351.82323553782,TRUE,1.52328259692817,0.0477503579247329,5.85799844182916,2023-09-21 10:47:19,2023-09-21 10:48:17,3442.46456716032
"648","2","Sep","GWI","UP","1","2-Sep-GWI-UP-1",2023-09-21 10:57:51.5,518.073046067083,5.3046769629533,1.03376404179106e-29,0.916569966997649,28.2572121965034,350.090803490048,6.14802110989096,0.0520841989801746,3454.07123047873,1.83049594367324,7.43236987625115e-65,0.996281850558534,5.96528950922198,348.384600464442,0.996654702407007,5.77034997198677,350.147211674163,TRUE,6.15353586043589,0.0515335415965874,6.81431378342148,2023-09-21 10:57:20,2023-09-21 10:58:18,3482.64276805771
"649","2","Sep","GWI","UP","2","2-Sep-GWI-UP-2",2023-09-21 11:01:28.5,NA,NA,NA,NA,NA,374.002673158422,8.07214117703431,0.0649922362765553,3524.82800324977,2.28414811409063,5.32137549996634e-66,0.996640402140618,7.44366838374504,362.02946402091,0.997500673956597,6.547439529084,374.339175994159,TRUE,8.03930418098582,0.0615321830981119,5.68350252271331,2023-09-21 11:00:57,2023-09-21 11:01:55,3578.09767615139
"650","2","Sep","GWI","UP","3","2-Sep-GWI-UP-3",2023-09-21 11:05:17.5,NA,NA,NA,NA,NA,347.550510433158,8.12025296230558,0.0508734098991834,3530.79105801346,1.78794283649687,1.18918096899737e-71,0.997963143538748,5.82661583190447,345.554514001041,0.998177205618533,5.62110479942838,347.722850737127,TRUE,8.0996466540834,0.0514279121400173,5.48343247760508,2023-09-21 11:04:46,2023-09-21 11:05:44,3565.66000968347
"651","2","Sep","GWI","UP","4","2-Sep-GWI-UP-4",2023-09-21 11:09:20.5,NA,NA,NA,NA,NA,339.687621785699,5.07596806380836,0.047301209391794,3396.42910709475,1.66239807115926,1.03366841037127e-62,0.995504754551944,5.41748579575515,338.726520448828,0.995899339640072,5.276727245092,339.743405677221,TRUE,5.07827939299639,0.0517404508101887,5.62197353325976,2023-09-21 11:08:49,2023-09-21 11:09:47,3433.26915174409
"652","2","Sep","GWI","UP","5","2-Sep-GWI-UP-5",2023-09-21 11:13:18.5,540.181601199365,7.20367855028882,6.25966177616134e-30,0.91816168302063,34.6763385369045,352.13729673489,7.62226630749025,0.0530805532181397,3462.17149009436,1.86551275158749,2.87272292861457e-69,0.997484570354565,6.07940360907526,339.171450442771,0.99816276580953,5.298510735443,352.282655613658,TRUE,7.635885035039,0.066186275454609,5.85013978255617,2023-09-21 11:12:47,2023-09-21 11:13:45,3523.271867456
"653","2","Sep","MSM","TR","1","2-Sep-MSM-TR-1",2023-09-14 11:24:54,262.000472746429,2.06110433555532,3.17486711273556e-21,0.913140263346788,6.61566734741197,228.146095507923,1.90693776885066,0.0609836120350168,3433.05487921765,1.61654507874596,3.28323417076932e-28,0.963539348411514,4.28624131704889,228.617071066172,0.966693724448985,4.21205739828612,228.247092489922,TRUE,1.90001772021595,0.0579624790014369,4.01631794239476,2023-09-14 11:24:30,2023-09-14 11:25:13,3436.83471553068
"654","2","Sep","MSM","TR","2","2-Sep-MSM-TR-2",2023-09-14 11:42:30.5,455.52382915823,3.05070386369104,5.84311602186291e-28,0.902592488724985,15.8344715661612,330.305146418926,3.17901390949627,0.0433653654668816,3372.41044392055,1.52407308046053,3.65970475240461e-54,0.99041653871163,4.96670707716236,331.014056621917,0.990983170974709,4.913047215659,330.499489970033,TRUE,3.16612425875164,0.0480095394680157,4.39399263628342,2023-09-14 11:41:59,2023-09-14 11:42:57,3388.0682036444
"655","2","Sep","MSM","TR","3","2-Sep-MSM-TR-3",2023-09-14 11:38:18,370.809128259747,2.9412289794278,5.92591763371108e-27,0.925040039475189,11.9861545449472,294.73073678078,3.13446863149447,0.0573757192851267,3582.62057635541,1.78511344800663,8.7592526686978e-43,0.985146063253208,5.33563341299081,293.019854793631,0.986845593421407,5.13656582575089,294.747307890515,TRUE,3.13998098007783,0.0620679317138029,4.86579413053763,2023-09-14 11:37:50,2023-09-14 11:38:41,3582.71405611643
"656","2","Sep","MSM","TR","4","2-Sep-MSM-TR-4",2023-09-14 11:33:23,NA,NA,NA,NA,NA,335.410197934447,1.57605877909643,0.0418291894609161,3399.48053230952,1.49418642480161,6.08096751399149e-40,0.964010827674061,4.92448778256855,329.012507972022,0.970210105773399,4.56733074353443,335.482431706201,TRUE,1.57721612839874,0.0454925369699542,4.40662219366673,2023-09-14 11:32:51,2023-09-14 11:33:50,3405.09160687905
"657","2","Sep","MSM","TR","5","2-Sep-MSM-TR-5",2023-09-14 11:28:21.509434,NA,NA,NA,NA,NA,313.36776482632,2.89460713885858,0.0391305793600508,3389.60024322529,1.37811857612319,1.46394497354113e-53,0.990765901016444,4.4816465025483,313.189076208501,0.991465985686251,4.39545731137835,313.560698592026,TRUE,2.89762412233631,0.0402326453935763,3.9793248041777,2023-09-14 11:27:50,2023-09-14 11:28:48,3403.45973694855
"658","2","Sep","MSM","UP","1","2-Sep-MSM-UP-1",2023-09-14 12:15:32.5,NA,NA,NA,NA,NA,365.915220459209,10.6601964589323,0.0603031294003878,3408.52511363209,2.11934974367618,5.93461908694391e-74,0.998338766949563,6.90661721268508,364.247766667084,0.998504280622467,6.68331352304731,367.994551556558,TRUE,10.7323948614103,0.0472524376620825,4.744771055457,2023-09-14 12:15:01,2023-09-14 12:15:59,3455.39262297242
"659","2","Sep","MSM","UP","2","2-Sep-MSM-UP-2",2023-09-14 12:11:55.5,496.779841432416,7.73118979462879,4.80054120009122e-35,0.947943857589482,23.2008617372084,415.063689813233,6.3656225785309,0.0950556414404146,3516.84813453662,3.34072462449058,3.84854669678967e-52,0.988537730470708,10.886879932486,383.010913825657,0.994120823323433,7.95138991140594,416.429382251977,TRUE,6.27202161733989,0.0808196311874227,9.10358016567754,2023-09-14 12:11:24,2023-09-14 12:12:22,3509.10213935278
"660","2","Sep","MSM","UP","3","2-Sep-MSM-UP-3",2023-09-14 12:07:43.5,493.905335124166,4.45266633146609,8.0840970454721e-30,0.917353975791237,22.591497590375,343.070253558626,4.93524441426763,0.0488061597008674,3479.2402532033,1.71528945645707,2.24052707249083e-61,0.994940212593206,5.58985024536554,345.593231232332,0.995076733649283,5.62312028673711,343.206171954191,TRUE,4.94353235601665,0.0512048632075642,5.87954856393615,2023-09-14 12:07:12,2023-09-14 12:08:10,3496.61804367124
"661","2","Sep","MSM","UP","4","2-Sep-MSM-UP-4",2023-09-14 12:04:10.5,NA,NA,NA,NA,NA,336.528805033318,7.65523654702893,0.0459377656790156,3493.2078349621,1.6144799264141,1.27112946887724e-72,0.998130982419335,5.26132833081367,330.557797143131,0.998446105064445,4.89233521555,336.584853861948,TRUE,7.66569393595799,0.0469886307503873,5.82326252422567,2023-09-14 12:03:39,2023-09-14 12:04:37,3521.1767213316
"662","2","Sep","MSM","UP","5","2-Sep-MSM-UP-5",2023-09-14 11:59:18.5,513.390113205035,6.16930918378475,6.02825161631692e-31,0.925195601400907,27.0581494784351,369.201710564461,6.21273755405595,0.0621663877313946,3513.67770399538,2.18483384218792,4.11682033599657e-61,0.99482043496019,7.12001927305191,366.12086556453,0.995456969391153,6.80023662422778,369.83824432223,TRUE,6.16747137500085,0.0589017244317762,6.11965484933003,2023-09-14 11:58:47,2023-09-14 11:59:45,3523.50925981902
"663","2","Sep","SWH","TR","1","2-Sep-SWH-TR-1",2023-09-20 09:31:40.5,NA,NA,NA,NA,NA,535.237259308055,8.70409247135321,0.289217978762698,4497.21204489301,10.1645479306307,1.43660099223535e-34,0.945704672246702,33.1246137671852,423.595745890227,0.993621527360867,11.5782950277658,541.706420261489,TRUE,9.3302043268196,0.215082296702388,22.5195279107461,2023-09-20 09:31:09,2023-09-20 09:32:07,4668.31875952748
"664","2","Sep","SWH","TR","2a","2-Sep-SWH-TR-2a",2023-09-20 09:27:32,NA,NA,NA,NA,NA,622.309492643001,53.8671401022425,1.87151133951006,4208.60009108942,58.2277678063438,1.26883303522789e-30,0.948479783369485,174.040492394657,530.109646859766,0.993346326839478,63.9829447379355,622.313222080517,TRUE,53.9634704537107,1.89738737769994,229.439956262647,2023-09-20 09:27:04,2023-09-20 09:27:55,4788.20847454359
"665","2","Sep","SWH","TR","3","2-Sep-SWH-TR-3",2023-09-20 09:48:51.5,NA,NA,NA,NA,NA,329.980303790117,2.77761439973651,0.0432351269927232,3983.10306697207,1.51949585736168,3.24900139590946e-51,0.987557849312769,4.95179064917064,317.981771973277,0.990748174813913,4.35456648518502,330.019434662863,TRUE,2.77968718461342,0.0444534538549061,4.64659891917797,2023-09-20 09:48:20,2023-09-20 09:49:18,4044.64106256954
"666","2","Sep","SWH","TR","4a","2-Sep-SWH-TR-4a",2023-09-20 10:04:43.5,529.154467425175,5.98998115277014,3.39421767222361e-29,0.91267337861975,31.3105304578196,348.230385243413,6.66081256594875,0.0511946751342816,3710.11442997286,1.79923368326432,4.78872517185098e-67,0.996937567939231,5.86341087097838,335.397865225883,0.997757713604148,5.11657455999595,348.322323726987,TRUE,6.65262455068907,0.0523083393686544,6.22011601301448,2023-09-20 10:04:12,2023-09-20 10:05:10,3773.72173069231
"667","2","Sep","SWH","TR","5a","2-Sep-SWH-TR-5a",2023-09-20 09:56:26.5,NA,NA,NA,NA,NA,457.128148678197,9.26537649260548,0.140323174232255,3636.22774039402,4.93164925764276,7.95032910967371e-52,0.988213448411956,16.0714453814874,385.238305624992,0.997109031053182,8.11708210688427,457.924445620746,TRUE,9.34477915551869,0.141869311513686,13.6882392923547,2023-09-20 09:55:55,2023-09-20 09:56:53,3735.86388806001
"668","2","Sep","SWH","TR","6a","2-Sep-SWH-TR-6a",2023-09-20 09:39:54.5,376.007986276907,1.86493856957756,1.60517683776275e-28,0.90730579545361,7.58317140808651,316.259410340711,1.54397237759905,0.038076906888555,3737.17727111104,1.33821053163655,4.98900362746373e-41,0.969343312055645,4.36101116371931,316.739599074887,0.971277834199939,4.30476892413092,316.347527301829,TRUE,1.53396398592298,0.0412894661705183,3.98827871813859,2023-09-20 09:39:23,2023-09-20 09:40:21,3737.25861945163
"669","2","Sep","SWH","TR","7a","2-Sep-SWH-TR-7a",2023-09-20 09:20:45.5,NA,NA,NA,NA,NA,319.163669881248,0.550920102271138,0.0391147358519369,3878.03813526538,1.37468496620394,2.20213390173202e-19,0.792315130572409,4.47987543251578,317.645708186174,0.812489019907783,4.34103743321273,319.224914066397,TRUE,0.547979758328115,0.0389182538853499,5.19845724409316,2023-09-20 09:20:14,2023-09-20 09:21:12,3889.09407355078
"670","2","Sep","SWH","TR","8","2-Sep-SWH-TR-8",2023-09-20 09:44:58,NA,NA,NA,NA,NA,266.138670892454,0.713659780036057,0.0627038392241748,3733.44152815049,1.80648008745307,2.87906748649993e-14,0.759583108854449,5.10256705637012,263.817398090819,0.792450862547303,4.86100786312716,266.466141082314,TRUE,0.744403390494968,0.0651008086140036,4.89167415309755,2023-09-20 09:44:32,2023-09-20 09:45:19,3738.23533782765
"671","2","Sep","SWH","TR","9a","2-Sep-SWH-TR-9a",2023-09-20 10:16:34.5,NA,NA,NA,NA,NA,321.53824680279,3.32187696431057,0.0567825504322236,3766.52349470301,1.86476869590431,2.77004364057151e-46,0.986168946386057,5.79418560064615,312.879655120686,0.989262476323323,5.21505076315602,321.645829870178,TRUE,3.33469699775599,0.0634021624081598,5.00231190734763,2023-09-20 10:16:05,2023-09-20 10:16:59,3795.72244725839
"672","2","Sep","SWH","TR","10","2-Sep-SWH-TR-10",2023-09-20 10:08:43.5,393.602498698577,2.04826405519694,8.35224169271975e-26,0.882158093558844,8.92488690407932,336.49067406991,1.60308105010905,0.0459215495486858,3813.23437872231,1.61391001151914,9.162657368863e-38,0.959075963978187,5.25947107056909,339.772374840779,0.959616724331692,5.32807442904459,336.614881223025,TRUE,1.59119631998594,0.0461023897752925,6.57941820934872,2023-09-20 10:08:12,2023-09-20 10:09:10,3808.83853428981
"673","2","Sep","SWH","SWAMP","1","2-Sep-SWH-SWAMP-1",2023-09-20 10:26:51.5,NA,NA,NA,NA,NA,417.776818601192,3.33517326798649,0.0974738349371419,4696.17815807037,3.42571188499277,2.49071898878338e-37,0.957472584084575,11.1638396358077,334.309461135344,0.991581909093756,5.06526961988919,422.197782580051,TRUE,3.51066586065358,0.0724058191311973,8.60012559888001,2023-09-20 10:26:20,2023-09-20 10:27:18,4774.5097338325
"674","2","Sep","SWH","SWAMP","2a","2-Sep-SWH-SWAMP-2a",2023-09-20 10:33:41.5,291.58788257907,4.25021869338093,1.90892623778261e-21,0.932177043109702,13.1462828133039,205.214886120268,4.70779309109874,0.0635502060293169,4396.7716723596,1.57492575006297,3.58097721627867e-39,0.993842623258423,3.96106960889885,208.350585526504,0.993988691271199,4.03425733107748,205.36274360502,TRUE,4.72708681705058,0.0696730174799803,3.74916463108014,2023-09-20 10:33:19,2023-09-20 10:33:59,4401.60924990202
"675","2","Sep","SWH","SWAMP","3","2-Sep-SWH-SWAMP-3",2023-09-20 10:37:38.5,NA,NA,NA,NA,NA,378.407644946759,7.61851490841944,0.0676978618485824,4338.93205929271,2.37923715705699,8.81387921453892e-64,0.995910849749801,7.7535481583546,376.590463827293,0.996328458469646,7.4924671357472,378.462119870766,TRUE,7.60842044759436,0.0673510165697826,8.66920049170001,2023-09-20 10:37:07,2023-09-20 10:38:05,4360.38924091726
"676","2","Sep","SWH","SWAMP","4","2-Sep-SWH-SWAMP-4",2023-09-20 10:41:16.5,550.985007763408,7.66392177223556,7.37869724112621e-28,0.901716147506696,38.3244897182741,413.788454771315,7.66695385256345,0.0939398503583899,4246.67857007924,3.30151021609754,1.44398224071509e-56,0.992253951527784,10.759086533213,415.722404397586,0.992544718952687,10.764254938736,415.221664369212,TRUE,7.76126758714191,0.0820537134339833,9.65348792678064,2023-09-20 10:40:45,2023-09-20 10:41:43,4285.82599418538
"677","2","Sep","SWH","SWAMP","5","2-Sep-SWH-SWAMP-5",2023-09-20 10:45:38.5,NA,NA,NA,NA,NA,378.753105919143,5.06541849222404,0.0679147545633399,4028.51181456339,2.38685983806869,1.50300601928803e-54,0.990738950845557,7.77838923993601,356.463781749996,0.994308476257248,6.21856993624586,379.108071521787,TRUE,5.09680161593455,0.0666491051629842,8.35905705699236,2023-09-20 10:45:07,2023-09-20 10:46:05,4089.81992108804
"678","2","Sep","SWH","UP","1","2-Sep-SWH-UP-1",2023-09-20 10:51:06,NA,NA,NA,NA,NA,290.885495584008,13.0915047092149,0.0836111139209626,4338.11220205628,2.40881282959396,1.43446745550289e-58,0.998330420713907,6.80391058535104,287.880901962977,0.998581394787574,6.43051083213848,290.885834085055,TRUE,13.092078409929,0.0861081058317123,8.77961177318961,2023-09-20 10:50:40,2023-09-20 10:51:27,4399.38314202185
"679","2","Sep","SWH","UP","2","2-Sep-SWH-UP-2",2023-09-20 10:54:31.5,NA,NA,NA,NA,NA,310.410141223503,6.51690723655657,0.036069516153381,4043.77967680181,1.26766090871729,1.91176304232478e-74,0.998409588008761,4.13110138056221,310.008572586531,0.998534080682204,4.04466666703225,310.668841879145,TRUE,6.50493991293294,0.0383309459149045,3.76977626698893,2023-09-20 10:54:00,2023-09-20 10:54:58,4100.90445484055
"680","2","Sep","SWH","UP","3","2-Sep-SWH-UP-3",2023-09-20 10:58:11.5,NA,NA,NA,NA,NA,426.503125746343,9.68631883703881,0.105676561481175,3951.37018053941,3.7139962007721,3.59907388477517e-59,0.993848748757558,12.1033114825143,395.724603943032,0.996769590804517,8.94474400658595,426.562964856515,TRUE,9.70120966552039,0.106173140874679,14.2344528948245,2023-09-20 10:57:40,2023-09-20 10:58:38,4054.13942932642
"681","2","Sep","SWH","UP","4","2-Sep-SWH-UP-4",2023-09-20 11:01:46.5,NA,NA,NA,NA,NA,424.664931746723,4.99695464030759,0.103893133443312,4297.4437007165,3.651317732963,8.7379703876311e-45,0.978015729517211,11.8990525177413,374.620924859451,0.991919027071496,7.35706931090163,425.070113997093,TRUE,5.06081259723444,0.111844376625157,10.3614095643331,2023-09-20 11:01:15,2023-09-20 11:02:13,4347.44315004443
"682","2","Sep","SWH","UP","5","2-Sep-SWH-UP-5",2023-09-20 11:05:50.5,609.924928087422,13.7413213845276,1.06018807712395e-30,0.923556008565989,66.1436646228801,421.435941697688,15.0447885947165,0.100832906101295,4533.38966112345,3.54376623277747,3.9384302264353e-70,0.99766964282557,11.5485596155444,415.746475540891,0.998052421139544,10.7666543535552,422.475697796147,TRUE,14.9556808843374,0.107539190648465,8.48969100741828,2023-09-20 11:05:19,2023-09-20 11:06:17,4622.08373104718
