"Site","Zone","Replicate","Depth_cm","Machine","User","Run_Date","Sample_Year","Sample_Month","Sample_ID","Dilution_Factor","CH4_Conc_ppm_dilcorr","CH4_Flag","CO2_Conc_ppm_dilcorr","CO2_Flag"
"MSM","UP","SgwA",10,"Varian GC","Stephanie J. Wilson",20221205,2023,"April","MSM_UP_SgwA_10cm",1,4,"Within Range",12171,"Within Range"
"MSM","UP","SgwA",20,"Varian GC","Stephanie J. Wilson",20221205,2023,"April","MSM_UP_SgwA_20cm",1,62,"Within Range",42661,"Within Range"
"MSM","UP","SgwA",45,"Varian GC","Stephanie J. Wilson",20221205,2023,"April","MSM_UP_SgwA_45cm",1,144,"Within Range",65201,"Needs Dilution"
"MSM","TR","SgwA",10,"Varian GC","Stephanie J. Wilson",20221205,2023,"April","MSM_TR_SgwA_10cm",1,331,"Within Range",58874,"Needs Dilution"
"MSM","TR","SgwA",20,"Varian GC","Stephanie J. Wilson",20221205,2023,"April","MSM_TR_SgwA_20cm",1,44,"Within Range",60713,"Needs Dilution"
"MSM","TR","SgwA",45,"Varian GC","Stephanie J. Wilson",20221205,2023,"April","MSM_TR_SgwA_45cm",1,47,"Within Range",11846,"Within Range"
"MSM","WC","SgwA",10,"Varian GC","Stephanie J. Wilson",20221205,2023,"April","MSM_WC_SgwA_10cm",1,324,"Within Range",23433,"Within Range"
"MSM","WC","SgwA",20,"Varian GC","Stephanie J. Wilson",20221205,2023,"April","MSM_WC_SgwA_20cm",1,103,"Within Range",39249,"Within Range"
"MSM","WC","SgwA",45,"Varian GC","Stephanie J. Wilson",20221205,2023,"April","MSM_WC_SgwA_45cm",1,36,"Within Range",36153,"Within Range"
"MSM","UP","Atm",0,"Varian GC","Stephanie J. Wilson",20221205,2023,"April","MSM_UP_Atm",1,2,"Within Range",546,"Within Range"
"MSM","TR","Atm",0,"Varian GC","Stephanie J. Wilson",20221205,2023,"April","MSM_TR_Atm",1,2,"Within Range",519,"Within Range"
"MSM","WC","Atm",0,"Varian GC","Stephanie J. Wilson",20221205,2023,"April","MSM_WC_Atm",1,5,"Within Range",667,"Within Range"
"MSM","UP","SgwB",10,"Varian GC","Stephanie J. Wilson",20221205,2023,"April","MSM_UP_SgwB_10cm",1,2,"Within Range",8202,"Within Range"
"MSM","UP","SgwB",20,"Varian GC","Stephanie J. Wilson",20221205,2023,"April","MSM_UP_SgwB_20cm",1,4,"Within Range",15884,"Within Range"
"MSM","UP","SgwB",45,"Varian GC","Stephanie J. Wilson",20221205,2023,"April","MSM_UP_SgwB_45cm",1,58,"Within Range",39245,"Within Range"
"MSM","UP","SgwC",10,"Varian GC","Stephanie J. Wilson",20221205,2023,"April","MSM_UP_SgwC_10cm",1,12,"Within Range",17004,"Within Range"
"MSM","UP","SgwC",20,"Varian GC","Stephanie J. Wilson",20221205,2023,"April","MSM_UP_SgwC_20cm",1,24,"Within Range",39172,"Within Range"
"MSM","UP","SgwC",45,"Varian GC","Stephanie J. Wilson",20221205,2023,"April","MSM_UP_SgwC_45cm",1,66,"Within Range",41194,"Within Range"
"MSM","TR","SgwB",10,"Varian GC","Stephanie J. Wilson",20221205,2023,"April","MSM_TR_SgwB_10cm",1,7,"Within Range",41721,"Within Range"
"MSM","TR","SgwB",20,"Varian GC","Stephanie J. Wilson",20221205,2023,"April","MSM_TR_SgwB_20cm",1,10,"Within Range",48397,"Within Range"
"MSM","TR","SgwB",45,"Varian GC","Stephanie J. Wilson",20221205,2023,"April","MSM_TR_SgwB_45cm",1,15,"Within Range",49009,"Within Range"
"MSM","TR","SgwC",10,"Varian GC","Stephanie J. Wilson",20221205,2023,"April","MSM_TR_SgwC_10cm",1,4,"Within Range",25463,"Within Range"
"MSM","TR","SgwC",20,"Varian GC","Stephanie J. Wilson",20221205,2023,"April","MSM_TR_SgwC_20cm",1,8,"Within Range",32399,"Within Range"
"MSM","TR","SgwC",45,"Varian GC","Stephanie J. Wilson",20221205,2023,"April","MSM_TR_SgwC_45cm",1,38,"Within Range",46450,"Within Range"
"MSM","WC","SgwB",10,"Varian GC","Stephanie J. Wilson",20221205,2023,"April","MSM_WC_SgwB_10cm",1,300,"Within Range",37404,"Within Range"
"MSM","WC","SgwB",20,"Varian GC","Stephanie J. Wilson",20221205,2023,"April","MSM_WC_SgwB_20cm",1,74,"Within Range",23424,"Within Range"
"MSM","WC","SgwB",45,"Varian GC","Stephanie J. Wilson",20221205,2023,"April","MSM_WC_SgwB_45cm",1,1169,"Within Range",65829,"Needs Dilution"
"MSM","WC","SgwC",10,"Varian GC","Stephanie J. Wilson",20221205,2023,"April","MSM_WC_SgwC_10cm",1,319,"Within Range",51819,"Needs Dilution"
"MSM","WC","SgwC",20,"Varian GC","Stephanie J. Wilson",20221205,2023,"April","MSM_WC_SgwC_20cm",1,98,"Within Range",38770,"Within Range"
"MSM","WC","SgwC",45,"Varian GC","Stephanie J. Wilson",20221205,2023,"April","MSM_WC_SgwC_45cm",1,98,"Within Range",52613,"Needs Dilution"
"GWI","UP","SgwA",10,"Varian GC","Stephanie J. Wilson",20221205,2023,"April","GWI_UP_SgwA_10cm",1,2,"Within Range",2608,"Within Range"
"GWI","UP","SgwA",20,"Varian GC","Stephanie J. Wilson",20221205,2023,"April","GWI_UP_SgwA_20cm",1,2,"Within Range",6415,"Within Range"
"GWI","UP","SgwA",45,"Varian GC","Stephanie J. Wilson",20221205,2023,"April","GWI_UP_SgwA_45cm",1,5,"Within Range",67750,"Needs Dilution"
"GWI","UP","SgwB",10,"Varian GC","Stephanie J. Wilson",20221205,2023,"April","GWI_UP_SgwB_10cm",1,2,"Within Range",1464,"Within Range"
"GWI","UP","SgwB",20,"Varian GC","Stephanie J. Wilson",20221205,2023,"April","GWI_UP_SgwB_20cm",1,2,"Within Range",2136,"Within Range"
"GWI","UP","SgwB",45,"Varian GC","Stephanie J. Wilson",20221205,2023,"April","GWI_UP_SgwB_45cm",1,1,"Within Range",8103,"Within Range"
"GWI","UP","SgwC",10,"Varian GC","Stephanie J. Wilson",20221205,2023,"April","GWI_UP_SgwC_10cm",1,2,"Within Range",2143,"Within Range"
"GWI","UP","SgwC",20,"Varian GC","Stephanie J. Wilson",20221205,2023,"April","GWI_UP_SgwC_20cm",1,2,"Within Range",3110,"Within Range"
"GWI","UP","SgwC",45,"Varian GC","Stephanie J. Wilson",20221205,2023,"April","GWI_UP_SgwC_45cm",1,2,"Within Range",1477,"Within Range"
"GWI","TR","SgwA",10,"Varian GC","Stephanie J. Wilson",20221205,2023,"April","GWI_TR_SgwA_10cm",1,13,"Within Range",63007,"Needs Dilution"
"GWI","TR","SgwA",20,"Varian GC","Stephanie J. Wilson",20221205,2023,"April","GWI_TR_SgwA_20cm",1,13,"Within Range",69061,"Needs Dilution"
"GWI","TR","SgwA",45,"Varian GC","Stephanie J. Wilson",20221205,2023,"April","GWI_TR_SgwA_45cm",1,31,"Within Range",60738,"Needs Dilution"
"GWI","TR","SgwB",10,"Varian GC","Stephanie J. Wilson",20221205,2023,"April","GWI_TR_SgwB_10cm",1,19,"Within Range",50823,"Needs Dilution"
"GWI","TR","SgwB",20,"Varian GC","Stephanie J. Wilson",20221205,2023,"April","GWI_TR_SgwB_20cm",1,10,"Within Range",112334,"Needs Dilution"
"GWI","TR","SgwB",45,"Varian GC","Stephanie J. Wilson",20221205,2023,"April","GWI_TR_SgwB_45cm",1,12,"Within Range",64595,"Needs Dilution"
"GWI","TR","SgwC",10,"Varian GC","Stephanie J. Wilson",20221205,2023,"April","GWI_TR_SgwC_10cm",1,2,"Within Range",5929,"Within Range"
"GWI","TR","SgwC",20,"Varian GC","Stephanie J. Wilson",20221205,2023,"April","GWI_TR_SgwC_20cm",1,23,"Within Range",95952,"Needs Dilution"
"GWI","TR","SgwC",45,"Varian GC","Stephanie J. Wilson",20221205,2023,"April","GWI_TR_SgwC_45cm",1,17,"Within Range",56494,"Needs Dilution"
"GWI","WC","SgwA",10,"Varian GC","Stephanie J. Wilson",20221205,2023,"April","GWI_WC_SgwA_10cm",1,36,"Within Range",85816,"Needs Dilution"
"GWI","WC","SgwA",20,"Varian GC","Stephanie J. Wilson",20221205,2023,"April","GWI_WC_SgwA_20cm",1,37,"Within Range",85677,"Needs Dilution"
"GWI","WC","SgwA",45,"Varian GC","Stephanie J. Wilson",20221205,2023,"April","GWI_WC_SgwA_45cm",1,382,"Within Range",102525,"Needs Dilution"
"GWI","WC","SgwB",10,"Varian GC","Stephanie J. Wilson",20221205,2023,"April","GWI_WC_SgwB_10cm",1,23,"Within Range",96831,"Needs Dilution"
"GWI","WC","SgwB",20,"Varian GC","Stephanie J. Wilson",20221205,2023,"April","GWI_WC_SgwB_20cm",1,57,"Within Range",70849,"Needs Dilution"
"GWI","WC","SgwB",45,"Varian GC","Stephanie J. Wilson",20221205,2023,"April","GWI_WC_SgwB_45cm",1,91,"Within Range",75991,"Needs Dilution"
"GWI","WC","SgwC",10,"Varian GC","Stephanie J. Wilson",20221205,2023,"April","GWI_WC_SgwC_10cm",1,457,"Within Range",102956,"Needs Dilution"
"GWI","WC","SgwC",20,"Varian GC","Stephanie J. Wilson",20221205,2023,"April","GWI_WC_SgwC_20cm",1,46,"Within Range",87019,"Needs Dilution"
"GWI","WC","SgwC",45,"Varian GC","Stephanie J. Wilson",20221205,2023,"April","GWI_WC_SgwC_45cm",1,24,"Within Range",77507,"Needs Dilution"
"GWI","UP","Atm",0,"Varian GC","Stephanie J. Wilson",20221205,2023,"April","GWI_UP_Atm",1,2,"Within Range",567,"Within Range"
"GWI","TR","Atm",0,"Varian GC","Stephanie J. Wilson",20221205,2023,"April","GWI_TR_Atm",1,2,"Within Range",489,"Within Range"
"GWI","WC","Atm",0,"Varian GC","Stephanie J. Wilson",20221205,2023,"April","GWI_WC_Atm",1,2,"Within Range",440,"Within Range"
"GWI","TR","ATM",0,"Varian GC","Stephanie J. Wilson",20230909,2023,"May","GWI_TR_ATM",1,2,"Within Range",491,"Within Range"
"GWI","TR","SgwA",10,"Varian GC","Stephanie J. Wilson",20230909,2023,"May","GWI_TR_SgwA_10cm",1,24,"Within Range",68238,"Needs Dilution"
"GWI","TR","SgwA",20,"Varian GC","Stephanie J. Wilson",20230909,2023,"May","GWI_TR_SgwA_20cm",1,92,"Within Range",96770,"Needs Dilution"
"GWI","TR","SgwA",45,"Varian GC","Stephanie J. Wilson",20230909,2023,"May","GWI_TR_SgwA_45cm",1,34,"Within Range",53148,"Needs Dilution"
"GWI","TR","SgwB",10,"Varian GC","Stephanie J. Wilson",20230909,2023,"May","GWI_TR_SgwB_10cm",1,132,"Within Range",35943,"Within Range"
"GWI","TR","SgwB",20,"Varian GC","Stephanie J. Wilson",20230909,2023,"May","GWI_TR_SgwB_20cm",1,54,"Within Range",103575,"Needs Dilution"
"GWI","TR","SgwB",45,"Varian GC","Stephanie J. Wilson",20230909,2023,"May","GWI_TR_SgwB_45cm",1,19,"Within Range",52853,"Needs Dilution"
"GWI","TR","SgwC",10,"Varian GC","Stephanie J. Wilson",20230909,2023,"May","GWI_TR_SgwC_10cm",1,4,"Within Range",8500,"Within Range"
"GWI","TR","SgwC",20,"Varian GC","Stephanie J. Wilson",20230909,2023,"May","GWI_TR_SgwC_20cm",1,31,"Within Range",85786,"Needs Dilution"
"GWI","TR","SgwC",45,"Varian GC","Stephanie J. Wilson",20230909,2023,"May","GWI_TR_SgwC_45cm",1,37,"Within Range",53015,"Needs Dilution"
"GWI","UP","ATM",0,"Varian GC","Stephanie J. Wilson",20230909,2023,"May","GWI_UP_ATM",1,2,"Within Range",508,"Within Range"
"GWI","UP","SgwA",10,"Varian GC","Stephanie J. Wilson",20230909,2023,"May","GWI_UP_SgwA_10cm",1,2,"Within Range",3031,"Within Range"
"GWI","UP","SgwA",20,"Varian GC","Stephanie J. Wilson",20230909,2023,"May","GWI_UP_SgwA_20cm",1,2,"Within Range",7325,"Within Range"
"GWI","UP","SgwA",45,"Varian GC","Stephanie J. Wilson",20230909,2023,"May","GWI_UP_SgwA_45cm",1,8,"Within Range",72019,"Needs Dilution"
"GWI","UP","SgwB",10,"Varian GC","Stephanie J. Wilson",20230909,2023,"May","GWI_UP_SgwB_10cm",1,2,"Within Range",1558,"Within Range"
"GWI","UP","SgwB",20,"Varian GC","Stephanie J. Wilson",20230909,2023,"May","GWI_UP_SgwB_20cm",1,2,"Within Range",2156,"Within Range"
"GWI","UP","SgwB",45,"Varian GC","Stephanie J. Wilson",20230909,2023,"May","GWI_UP_SgwB_45cm",1,2,"Within Range",6640,"Within Range"
"GWI","UP","SgwC",10,"Varian GC","Stephanie J. Wilson",20230909,2023,"May","GWI_UP_SgwC_10cm",1,2,"Within Range",1538,"Within Range"
"GWI","UP","SgwC",20,"Varian GC","Stephanie J. Wilson",20230909,2023,"May","GWI_UP_SgwC_20cm",1,2,"Within Range",1267,"Within Range"
"GWI","UP","SgwC",45,"Varian GC","Stephanie J. Wilson",20230909,2023,"May","GWI_UP_SgwC_45cm",1,6,"Within Range",43634,"Within Range"
"GWI","WC","ATM",0,"Varian GC","Stephanie J. Wilson",20230909,2023,"May","GWI_WC_ATM",1,10,"Within Range",1473,"Within Range"
"GWI","WC","SgwA",10,"Varian GC","Stephanie J. Wilson",20230909,2023,"May","GWI_WC_SgwA_10cm",1,169,"Within Range",82774,"Needs Dilution"
"GWI","WC","SgwA",20,"Varian GC","Stephanie J. Wilson",20230909,2023,"May","GWI_WC_SgwA_20cm",1,58,"Within Range",76947,"Needs Dilution"
"GWI","WC","SgwA",45,"Varian GC","Stephanie J. Wilson",20230909,2023,"May","GWI_WC_SgwA_45cm",1,66,"Within Range",53531,"Needs Dilution"
"GWI","WC","SgwB",10,"Varian GC","Stephanie J. Wilson",20230909,2023,"May","GWI_WC_SgwB_10cm",1,74,"Within Range",77831,"Needs Dilution"
"GWI","WC","SgwB",20,"Varian GC","Stephanie J. Wilson",20230909,2023,"May","GWI_WC_SgwB_20cm",1,127,"Within Range",67769,"Needs Dilution"
"GWI","WC","SgwB",45,"Varian GC","Stephanie J. Wilson",20230909,2023,"May","GWI_WC_SgwB_45cm",1,124,"Within Range",73312,"Needs Dilution"
"GWI","WC","SgwC",45,"Varian GC","Stephanie J. Wilson",20230909,2023,"May","GWI_WC_SgwC_45cm",1,1062,"Within Range",123028,"Needs Dilution"
"MSM","TR","ATM",0,"Varian GC","Stephanie J. Wilson",20230909,2023,"May","MSM_TR_ATM",1,2,"Within Range",630,"Within Range"
"MSM","TR","SgwA",10,"Varian GC","Stephanie J. Wilson",20230909,2023,"May","MSM_TR_SgwA_10cm",1,8,"Within Range",55253,"Needs Dilution"
"MSM","TR","SgwA",20,"Varian GC","Stephanie J. Wilson",20230909,2023,"May","MSM_TR_SgwA_20cm",1,167,"Within Range",46200,"Within Range"
"MSM","TR","SgwA",45,"Varian GC","Stephanie J. Wilson",20230909,2023,"May","MSM_TR_SgwA_45cm",1,31,"Within Range",36392,"Within Range"
"MSM","TR","SgwB",10,"Varian GC","Stephanie J. Wilson",20230909,2023,"May","MSM_TR_SgwB_10cm",1,5,"Within Range",25647,"Within Range"
"MSM","TR","SgwB",20,"Varian GC","Stephanie J. Wilson",20230909,2023,"May","MSM_TR_SgwB_20cm",1,11,"Within Range",36923,"Within Range"
"MSM","TR","SgwB",45,"Varian GC","Stephanie J. Wilson",20230909,2023,"May","MSM_TR_SgwB_45cm",1,26,"Within Range",49921,"Within Range"
"MSM","TR","SgwC",10,"Varian GC","Stephanie J. Wilson",20230909,2023,"May","MSM_TR_SgwC_10cm",1,9,"Within Range",42952,"Within Range"
"MSM","TR","SgwC",20,"Varian GC","Stephanie J. Wilson",20230909,2023,"May","MSM_TR_SgwC_20cm",1,14,"Within Range",48868,"Within Range"
"MSM","TR","SgwC",45,"Varian GC","Stephanie J. Wilson",20230909,2023,"May","MSM_TR_SgwC_45cm",1,13,"Within Range",51761,"Needs Dilution"
"MSM","UP","ATM",0,"Varian GC","Stephanie J. Wilson",20230909,2023,"May","MSM_UP_ATM",1,2,"Within Range",492,"Within Range"
"MSM","UP","SgwA",10,"Varian GC","Stephanie J. Wilson",20230909,2023,"May","MSM_UP_SgwA_10cm",1,5,"Within Range",11126,"Within Range"
"MSM","UP","SgwA",20,"Varian GC","Stephanie J. Wilson",20230909,2023,"May","MSM_UP_SgwA_20cm",1,187,"Within Range",39671,"Within Range"
"MSM","UP","SgwA",45,"Varian GC","Stephanie J. Wilson",20230909,2023,"May","MSM_UP_SgwA_45cm",1,105,"Within Range",63892,"Needs Dilution"
"MSM","UP","SgwB",10,"Varian GC","Stephanie J. Wilson",20230909,2023,"May","MSM_UP_SgwB_10cm",1,7,"Within Range",9524,"Within Range"
"MSM","UP","SgwB",20,"Varian GC","Stephanie J. Wilson",20230909,2023,"May","MSM_UP_SgwB_20cm",1,11,"Within Range",39079,"Within Range"
"MSM","UP","SgwB",45,"Varian GC","Stephanie J. Wilson",20230909,2023,"May","MSM_UP_SgwB_45cm",1,26,"Within Range",48561,"Within Range"
"MSM","UP","SgwC",10,"Varian GC","Stephanie J. Wilson",20230909,2023,"May","MSM_UP_SgwC_10cm",1,27,"Within Range",28429,"Within Range"
"MSM","UP","SgwC",20,"Varian GC","Stephanie J. Wilson",20230909,2023,"May","MSM_UP_SgwC_20cm",1,22,"Within Range",32358,"Within Range"
"MSM","WC","ATM",0,"Varian GC","Stephanie J. Wilson",20230909,2023,"May","MSM_WC_ATM",1,2,"Within Range",749,"Within Range"
"MSM","WC","SgwA",10,"Varian GC","Stephanie J. Wilson",20230909,2023,"May","MSM_WC_SgwA_10cm",1,271,"Within Range",23916,"Within Range"
"MSM","WC","SgwA",20,"Varian GC","Stephanie J. Wilson",20230909,2023,"May","MSM_WC_SgwA_20cm",1,179,"Within Range",29685,"Within Range"
"MSM","WC","SgwA",45,"Varian GC","Stephanie J. Wilson",20230909,2023,"May","MSM_WC_SgwA_45cm",1,74,"Within Range",41531,"Within Range"
"MSM","WC","SgwB",10,"Varian GC","Stephanie J. Wilson",20230909,2023,"May","MSM_WC_SgwB_10cm",1,98,"Within Range",45373,"Within Range"
"MSM","WC","SgwB",20,"Varian GC","Stephanie J. Wilson",20230909,2023,"May","MSM_WC_SgwB_20cm",1,47,"Within Range",56344,"Needs Dilution"
"MSM","WC","SgwB",45,"Varian GC","Stephanie J. Wilson",20230909,2023,"May","MSM_WC_SgwB_45cm",1,172,"Within Range",66499,"Needs Dilution"
"MSM","WC","SgwC",10,"Varian GC","Stephanie J. Wilson",20230909,2023,"May","MSM_WC_SgwC_10cm",1,299,"Within Range",47733,"Within Range"
"MSM","WC","SgwC",20,"Varian GC","Stephanie J. Wilson",20230909,2023,"May","MSM_WC_SgwC_20cm",1,65,"Within Range",47136,"Within Range"
"MSM","WC","SgwC",45,"Varian GC","Stephanie J. Wilson",20230909,2023,"May","MSM_WC_SgwC_45cm",1,37,"Within Range",61581,"Needs Dilution"
"SWH","TR","ATM",0,"Varian GC","Stephanie J. Wilson",20230909,2023,"May","SWH_TR_ATM",1,117,"Within Range",567,"Within Range"
"SWH","TR","SgwA",10,"Varian GC","Stephanie J. Wilson",20230909,2023,"May","SWH_TR_SgwA_10cm",1,52515,"Needs Dilution",93420,"Needs Dilution"
"SWH","TR","SgwA",20,"Varian GC","Stephanie J. Wilson",20230909,2023,"May","SWH_TR_SgwA_20cm",1,97908,"Needs Dilution",93047,"Needs Dilution"
"SWH","TR","SgwB",10,"Varian GC","Stephanie J. Wilson",20230909,2023,"May","SWH_TR_SgwB_10cm",1,1620,"Within Range",41757,"Within Range"
"SWH","TR","SgwB",20,"Varian GC","Stephanie J. Wilson",20230909,2023,"May","SWH_TR_SgwB_20cm",1,69123,"Needs Dilution",67395,"Needs Dilution"
"SWH","TR","SgwB",45,"Varian GC","Stephanie J. Wilson",20230909,2023,"May","SWH_TR_SgwB_45cm",1,7795,"Within Range",60914,"Needs Dilution"
"SWH","TR","SgwC",10,"Varian GC","Stephanie J. Wilson",20230909,2023,"May","SWH_TR_SgwC_10cm",1,188,"Within Range",19700,"Within Range"
"SWH","TR","SgwC",20,"Varian GC","Stephanie J. Wilson",20230909,2023,"May","SWH_TR_SgwC_20cm",1,54327,"Needs Dilution",29776,"Within Range"
"SWH","TR","SgwC",45,"Varian GC","Stephanie J. Wilson",20230909,2023,"May","SWH_TR_SgwC_45cm",1,5026,"Within Range",5878,"Within Range"
"SWH","WC","ATM",0,"Varian GC","Stephanie J. Wilson",20230909,2023,"May","SWH_WC_ATM",1,24,"Within Range",523,"Within Range"
"SWH","WC","SgwA",10,"Varian GC","Stephanie J. Wilson",20230909,2023,"May","SWH_WC_SgwA_10cm",1,59304,"Needs Dilution",75288,"Needs Dilution"
"SWH","WC","SgwA",20,"Varian GC","Stephanie J. Wilson",20230909,2023,"May","SWH_WC_SgwA_20cm",1,188373,"Needs Dilution",71751,"Needs Dilution"
"SWH","WC","SgwA",45,"Varian GC","Stephanie J. Wilson",20230909,2023,"May","SWH_WC_SgwA_45cm",1,23129,"Needs Dilution",81866,"Needs Dilution"
"SWH","WC","SgwB",10,"Varian GC","Stephanie J. Wilson",20230909,2023,"May","SWH_WC_SgwB_10cm",1,51546,"Needs Dilution",75576,"Needs Dilution"
"SWH","WC","SgwB",20,"Varian GC","Stephanie J. Wilson",20230909,2023,"May","SWH_WC_SgwB_20cm",1,28298,"Needs Dilution",80202,"Needs Dilution"
"SWH","WC","SgwB",45,"Varian GC","Stephanie J. Wilson",20230909,2023,"May","SWH_WC_SgwB_45cm",1,5848,"Within Range",70111,"Needs Dilution"
"SWH","WC","SgwC",10,"Varian GC","Stephanie J. Wilson",20230909,2023,"May","SWH_WC_SgwC_10cm",1,12593,"Needs Dilution",65195,"Needs Dilution"
"SWH","WC","SgwC",20,"Varian GC","Stephanie J. Wilson",20230909,2023,"May","SWH_WC_SgwC_20cm",1,8260,"Within Range",81748,"Needs Dilution"
"SWH","WC","SgwC",45,"Varian GC","Stephanie J. Wilson",20230909,2023,"May","SWH_WC_SgwC_45cm",1,28375,"Needs Dilution",68284,"Needs Dilution"
"GWI","TR","ATM",0,"Varian GC","Stephanie J. Wilson",20230910,2023,"June","GWI_TR_ATM",1,3,"Within Range",1273,"Within Range"
"GWI","TR","SgwA",10,"Varian GC","Stephanie J. Wilson",20230910,2023,"June","GWI_TR_SgwA_10cm",1,503,"Within Range",72243,"Needs Dilution"
"GWI","TR","SgwA",45,"Varian GC","Stephanie J. Wilson",20230910,2023,"June","GWI_TR_SgwA_45cm",1,41,"Within Range",60726,"Needs Dilution"
"GWI","TR","SgwB",10,"Varian GC","Stephanie J. Wilson",20230910,2023,"June","GWI_TR_SgwB_10cm",1,891,"Within Range",33589,"Within Range"
"GWI","TR","SgwB",45,"Varian GC","Stephanie J. Wilson",20230910,2023,"June","GWI_TR_SgwB_45cm",1,318,"Within Range",72050,"Needs Dilution"
"GWI","TR","SgwC",10,"Varian GC","Stephanie J. Wilson",20230910,2023,"June","GWI_TR_SgwC_10cm",1,7,"Within Range",19814,"Within Range"
"GWI","TR","SgwC",20,"Varian GC","Stephanie J. Wilson",20230910,2023,"June","GWI_TR_SgwC_20cm",1,122,"Within Range",91815,"Needs Dilution"
"GWI","TR","SgwC",45,"Varian GC","Stephanie J. Wilson",20230910,2023,"June","GWI_TR_SgwC_45cm",1,54,"Within Range",51667,"Needs Dilution"
"GWI","UP","ATM",0,"Varian GC","Stephanie J. Wilson",20230910,2023,"June","GWI_UP_ATM",1,3,"Within Range",503,"Within Range"
"GWI","UP","SgwA",10,"Varian GC","Stephanie J. Wilson",20230910,2023,"June","GWI_UP_SgwA_10cm",1,NA,NA,NA,NA
"GWI","UP","SgwA",20,"Varian GC","Stephanie J. Wilson",20230910,2023,"June","GWI_UP_SgwA_20cm",1,NA,NA,NA,NA
"GWI","UP","SgwA",45,"Varian GC","Stephanie J. Wilson",20230910,2023,"June","GWI_UP_SgwA_45cm",1,NA,NA,NA,NA
"GWI","UP","SgwB",10,"Varian GC","Stephanie J. Wilson",20230910,2023,"June","GWI_UP_SgwB_10cm",1,3,"Within Range",2723,"Within Range"
"GWI","UP","SgwB",20,"Varian GC","Stephanie J. Wilson",20230910,2023,"June","GWI_UP_SgwB_20cm",1,3,"Within Range",15524,"Within Range"
"GWI","UP","SgwB",45,"Varian GC","Stephanie J. Wilson",20230910,2023,"June","GWI_UP_SgwB_45cm",1,2,"Within Range",14856,"Within Range"
"GWI","UP","SgwC",10,"Varian GC","Stephanie J. Wilson",20230910,2023,"June","GWI_UP_SgwC_10cm",1,3,"Within Range",2993,"Within Range"
"GWI","UP","SgwC",20,"Varian GC","Stephanie J. Wilson",20230910,2023,"June","GWI_UP_SgwC_20cm",1,3,"Within Range",12510,"Within Range"
"GWI","UP","SgwC",45,"Varian GC","Stephanie J. Wilson",20230910,2023,"June","GWI_UP_SgwC_45cm",1,4,"Within Range",15832,"Within Range"
"GWI","WC","ATM",0,"Varian GC","Stephanie J. Wilson",20230910,2023,"June","GWI_WC_ATM",1,14,"Within Range",8141,"Within Range"
"GWI","WC","SgwA",10,"Varian GC","Stephanie J. Wilson",20230910,2023,"June","GWI_WC_SgwA_10cm",1,1368,"Within Range",124317,"Needs Dilution"
"GWI","WC","SgwA",20,"Varian GC","Stephanie J. Wilson",20230910,2023,"June","GWI_WC_SgwA_20cm",1,45,"Within Range",103164,"Needs Dilution"
"GWI","WC","SgwA",45,"Varian GC","Stephanie J. Wilson",20230910,2023,"June","GWI_WC_SgwA_45cm",1,52,"Within Range",64798,"Needs Dilution"
"GWI","WC","SgwB",10,"Varian GC","Stephanie J. Wilson",20230910,2023,"June","GWI_WC_SgwB_10cm",1,174,"Within Range",99431,"Needs Dilution"
"GWI","WC","SgwB",45,"Varian GC","Stephanie J. Wilson",20230910,2023,"June","GWI_WC_SgwB_45cm",1,42,"Within Range",65036,"Needs Dilution"
"GWI","WC","SgwC",10,"Varian GC","Stephanie J. Wilson",20230910,2023,"June","GWI_WC_SgwC_10cm",1,25,"Within Range",112620,"Needs Dilution"
"GWI","WC","SgwC",20,"Varian GC","Stephanie J. Wilson",20230910,2023,"June","GWI_WC_SgwC_20cm",1,68,"Within Range",88123,"Needs Dilution"
"GWI","WC","SgwC",45,"Varian GC","Stephanie J. Wilson",20230910,2023,"June","GWI_WC_SgwC_45cm",1,760,"Within Range",108358,"Needs Dilution"
"MSM","TR","ATM",0,"Varian GC","Stephanie J. Wilson",20230910,2023,"June","MSM_TR_ATM",1,3,"Within Range",616,"Within Range"
"MSM","TR","SgwA",10,"Varian GC","Stephanie J. Wilson",20230910,2023,"June","MSM_TR_SgwA_10cm",1,12,"Within Range",19888,"Within Range"
"MSM","TR","SgwA",45,"Varian GC","Stephanie J. Wilson",20230910,2023,"June","MSM_TR_SgwA_45cm",1,285,"Within Range",41510,"Within Range"
"MSM","TR","SgwB",10,"Varian GC","Stephanie J. Wilson",20230910,2023,"June","MSM_TR_SgwB_10cm",1,36,"Within Range",59551,"Needs Dilution"
"MSM","TR","SgwB",20,"Varian GC","Stephanie J. Wilson",20230910,2023,"June","MSM_TR_SgwB_20cm",1,17,"Within Range",56032,"Needs Dilution"
"MSM","TR","SgwB",45,"Varian GC","Stephanie J. Wilson",20230910,2023,"June","MSM_TR_SgwB_45cm",1,24,"Within Range",6247,"Within Range"
"MSM","TR","SgwC",10,"Varian GC","Stephanie J. Wilson",20230910,2023,"June","MSM_TR_SgwC_10cm",1,70,"Within Range",66117,"Needs Dilution"
"MSM","TR","SgwC",20,"Varian GC","Stephanie J. Wilson",20230910,2023,"June","MSM_TR_SgwC_20cm",1,13,"Within Range",37916,"Within Range"
"MSM","TR","SgwC",45,"Varian GC","Stephanie J. Wilson",20230910,2023,"June","MSM_TR_SgwC_45cm",1,37,"Within Range",47268,"Within Range"
"MSM","UP","ATM",0,"Varian GC","Stephanie J. Wilson",20230910,2023,"June","MSM_UP_ATM",1,3,"Within Range",586,"Within Range"
"MSM","UP","SgwA",10,"Varian GC","Stephanie J. Wilson",20230910,2023,"June","MSM_UP_SgwA_10cm",1,3,"Within Range",4696,"Within Range"
"MSM","UP","SgwA",20,"Varian GC","Stephanie J. Wilson",20230910,2023,"June","MSM_UP_SgwA_20cm",1,3,"Within Range",7194,"Within Range"
"MSM","UP","SgwA",45,"Varian GC","Stephanie J. Wilson",20230910,2023,"June","MSM_UP_SgwA_45cm",1,3,"Within Range",21242,"Within Range"
"MSM","UP","SgwB",10,"Varian GC","Stephanie J. Wilson",20230910,2023,"June","MSM_UP_SgwB_10cm",1,3,"Within Range",4875,"Within Range"
"MSM","UP","SgwB",20,"Varian GC","Stephanie J. Wilson",20230910,2023,"June","MSM_UP_SgwB_20cm",1,3,"Within Range",10437,"Within Range"
"MSM","UP","SgwB",45,"Varian GC","Stephanie J. Wilson",20230910,2023,"June","MSM_UP_SgwB_45cm",1,4,"Within Range",27861,"Within Range"
"MSM","UP","SgwC",10,"Varian GC","Stephanie J. Wilson",20230910,2023,"June","MSM_UP_SgwC_10cm",1,3,"Within Range",7897,"Within Range"
"MSM","UP","SgwC",20,"Varian GC","Stephanie J. Wilson",20230910,2023,"June","MSM_UP_SgwC_20cm",1,3,"Within Range",81971,"Needs Dilution"
"MSM","UP","SgwC",45,"Varian GC","Stephanie J. Wilson",20230910,2023,"June","MSM_UP_SgwC_45cm",1,3,"Within Range",25441,"Within Range"
"MSM","WC","ATM",0,"Varian GC","Stephanie J. Wilson",20230910,2023,"June","MSM_WC_ATM",1,3,"Within Range",772,"Within Range"
"MSM","WC","SgwA",10,"Varian GC","Stephanie J. Wilson",20230910,2023,"June","MSM_WC_SgwA_10cm",1,516,"Within Range",26538,"Within Range"
"MSM","WC","SgwA",20,"Varian GC","Stephanie J. Wilson",20230910,2023,"June","MSM_WC_SgwA_20cm",1,46,"Within Range",45726,"Within Range"
"MSM","WC","SgwA",45,"Varian GC","Stephanie J. Wilson",20230910,2023,"June","MSM_WC_SgwA_45cm",1,33,"Within Range",49656,"Within Range"
"MSM","WC","SgwB",10,"Varian GC","Stephanie J. Wilson",20230910,2023,"June","MSM_WC_SgwB_10cm",1,NA,NA,NA,NA
"MSM","WC","SgwB",20,"Varian GC","Stephanie J. Wilson",20230910,2023,"June","MSM_WC_SgwB_20cm",1,58,"Within Range",67936,"Needs Dilution"
"MSM","WC","SgwB",45,"Varian GC","Stephanie J. Wilson",20230910,2023,"June","MSM_WC_SgwB_45cm",1,NA,NA,NA,NA
"MSM","WC","SgwC",10,"Varian GC","Stephanie J. Wilson",20230910,2023,"June","MSM_WC_SgwC_10cm",1,948,"Within Range",49836,"Within Range"
"MSM","WC","SgwC",20,"Varian GC","Stephanie J. Wilson",20230910,2023,"June","MSM_WC_SgwC_20cm",1,97,"Within Range",64442,"Needs Dilution"
"MSM","WC","SgwC",45,"Varian GC","Stephanie J. Wilson",20230910,2023,"June","MSM_WC_SgwC_45cm",1,79,"Within Range",64679,"Needs Dilution"
"SWH","TR","ATM",0,"Varian GC","Stephanie J. Wilson",20230910,2023,"June","SWH_TR_ATM",1,1666,"Within Range",995,"Within Range"
"SWH","TR","SgwA",10,"Varian GC","Stephanie J. Wilson",20230910,2023,"June","SWH_TR_SgwA_10cm",1,142848,"Needs Dilution",119182,"Needs Dilution"
"SWH","TR","SgwA",20,"Varian GC","Stephanie J. Wilson",20230910,2023,"June","SWH_TR_SgwA_20cm",1,132903,"Needs Dilution",103588,"Needs Dilution"
"SWH","TR","SgwA",45,"Varian GC","Stephanie J. Wilson",20230910,2023,"June","SWH_TR_SgwA_45cm",1,23580,"Needs Dilution",123948,"Needs Dilution"
"SWH","TR","SgwB",10,"Varian GC","Stephanie J. Wilson",20230910,2023,"June","SWH_TR_SgwB_10cm",1,20671,"Needs Dilution",22576,"Within Range"
"SWH","TR","SgwB",20,"Varian GC","Stephanie J. Wilson",20230910,2023,"June","SWH_TR_SgwB_20cm",1,102448,"Needs Dilution",67516,"Needs Dilution"
"SWH","TR","SgwB",45,"Varian GC","Stephanie J. Wilson",20230910,2023,"June","SWH_TR_SgwB_45cm",1,62516,"Needs Dilution",50664,"Needs Dilution"
"SWH","TR","SgwC",10,"Varian GC","Stephanie J. Wilson",20230910,2023,"June","SWH_TR_SgwC_10cm",1,291,"Within Range",28283,"Within Range"
"SWH","TR","SgwC",20,"Varian GC","Stephanie J. Wilson",20230910,2023,"June","SWH_TR_SgwC_20cm",1,69607,"Needs Dilution",35498,"Within Range"
"SWH","TR","SgwC",45,"Varian GC","Stephanie J. Wilson",20230910,2023,"June","SWH_TR_SgwC_45cm",NA,NA,"Within Range",NA,"Within Range"
"SWH","UP","ATM",0,"Varian GC","Stephanie J. Wilson",20230910,2023,"June","SWH_UPCON_ATM",NA,NA,"Within Range",NA,"Within Range"
"SWH","UP","SgwA",10,"Varian GC","Stephanie J. Wilson",20230910,2023,"June","SWH_UPCON_SgwA_10cm",NA,NA,"Within Range",NA,"Within Range"
"SWH","UP","SgwA",20,"Varian GC","Stephanie J. Wilson",20230910,2023,"June","SWH_UPCON_SgwA_20cm",NA,NA,"Within Range",NA,"Within Range"
"SWH","UP","SgwA",45,"Varian GC","Stephanie J. Wilson",20230910,2023,"June","SWH_UPCON_SgwA_45cm",NA,NA,"Within Range",NA,"Needs Dilution"
"SWH","UP","SgwB",10,"Varian GC","Stephanie J. Wilson",20230910,2023,"June","SWH_UPCON_SgwB_10cm",NA,NA,"Within Range",NA,"Within Range"
"SWH","UP","SgwB",20,"Varian GC","Stephanie J. Wilson",20230910,2023,"June","SWH_UPCON_SgwB_20cm",NA,NA,"Within Range",NA,"Within Range"
"SWH","UP","SgwB",45,"Varian GC","Stephanie J. Wilson",20230910,2023,"June","SWH_UPCON_SgwB_45cm",NA,NA,"Within Range",NA,"Within Range"
"SWH","UP","SgwC",10,"Varian GC","Stephanie J. Wilson",20230910,2023,"June","SWH_UPCON_SgwC_10cm",NA,NA,"Within Range",NA,"Within Range"
"SWH","UP","SgwC",20,"Varian GC","Stephanie J. Wilson",20230910,2023,"June","SWH_UPCON_SgwC_20cm",NA,NA,"Within Range",NA,"Within Range"
"SWH","UP","SgwC",45,"Varian GC","Stephanie J. Wilson",20230910,2023,"June","SWH_UPCON_SgwC_45cm",NA,NA,"Within Range",NA,"Within Range"
"SWH","WC","ATM",0,"Varian GC","Stephanie J. Wilson",20230910,2023,"June","SWH_WC_ATM",NA,NA,"Within Range",NA,"Within Range"
"SWH","WC","SgwA",10,"Varian GC","Stephanie J. Wilson",20230910,2023,"June","SWH_WC_SgwA_10cm",NA,NA,"Needs Dilution",NA,"Needs Dilution"
"SWH","WC","SgwA",20,"Varian GC","Stephanie J. Wilson",20230910,2023,"June","SWH_WC_SgwA_20cm",NA,NA,"Needs Dilution",NA,"Needs Dilution"
"SWH","WC","SgwA",45,"Varian GC","Stephanie J. Wilson",20230910,2023,"June","SWH_WC_SgwA_45cm",NA,NA,"Needs Dilution",NA,"Needs Dilution"
"SWH","WC","SgwB",10,"Varian GC","Stephanie J. Wilson",20230910,2023,"June","SWH_WC_SgwB_10cm",NA,NA,"Needs Dilution",NA,"Needs Dilution"
"SWH","WC","SgwB",20,"Varian GC","Stephanie J. Wilson",20230910,2023,"June","SWH_WC_SgwB_20cm",NA,NA,"Needs Dilution",NA,"Needs Dilution"
"SWH","WC","SgwB",45,"Varian GC","Stephanie J. Wilson",20230910,2023,"June","SWH_WC_SgwB_45cm",NA,NA,"Within Range",NA,"Needs Dilution"
"SWH","WC","SgwC",10,"Varian GC","Stephanie J. Wilson",20230910,2023,"June","SWH_WC_SgwC_10cm",NA,NA,"Needs Dilution",NA,"Needs Dilution"
"SWH","WC","SgwC",20,"Varian GC","Stephanie J. Wilson",20230910,2023,"June","SWH_WC_SgwC_20cm",NA,NA,"Needs Dilution",NA,"Needs Dilution"
"SWH","WC","SgwC",45,"Varian GC","Stephanie J. Wilson",20230910,2023,"June","SWH_WC_SgwC_45cm",NA,NA,"Needs Dilution",NA,"Needs Dilution"
"MSM","UP","SgwA",10,"Varian GC","M. Wegner",202309119,2023,"July","MSM_UP_SgwA_10cm",1,3,"Within Range",5151,"Within Range"
"MSM","UP","SgwA",20,"Varian GC","M. Wegner",202309119,2023,"July","MSM_UP_SgwA_20cm",1,2,"Within Range",7338,"Within Range"
"MSM","UP","SgwA",45,"Varian GC","M. Wegner",202309119,2023,"July","MSM_UP_SgwA_45cm",1,3,"Within Range",20438,"Within Range"
"MSM","UP","SgwB",10,"Varian GC","M. Wegner",202309119,2023,"July","MSM_UP_SgwB_10cm",1,3,"Within Range",4716,"Within Range"
"MSM","UP","SgwB",20,"Varian GC","M. Wegner",202309119,2023,"July","MSM_UP_SgwB_20cm",1,2,"Within Range",10199,"Within Range"
"MSM","UP","SgwB",45,"Varian GC","M. Wegner",202309119,2023,"July","MSM_UP_SgwB_45cm",1,2,"Within Range",19529,"Within Range"
"MSM","UP","SgwC",10,"Varian GC","M. Wegner",202309119,2023,"July","MSM_UP_SgwC_10cm",1,3,"Within Range",7945,"Within Range"
"MSM","UP","SgwC",20,"Varian GC","M. Wegner",202309119,2023,"July","MSM_UP_SgwC_20cm",1,2,"Within Range",7508,"Within Range"
"MSM","UP","SgwC",45,"Varian GC","M. Wegner",202309119,2023,"July","MSM_UP_SgwC_45cm",1,2,"Within Range",21081,"Within Range"
"MSM","UP","ATM",0,"Varian GC","M. Wegner",202309119,2023,"July","MSM_UP_ATM",1,3,"Within Range",498,"Within Range"
"MSM","TR","SgwA",10,"Varian GC","M. Wegner",202309119,2023,"July","MSM_TR_SgwA_10cm",1,11,"Within Range",21846,"Within Range"
"MSM","TR","SgwA",45,"Varian GC","M. Wegner",202309119,2023,"July","MSM_TR_SgwA_45cm",1,744,"Within Range",68102,"Needs Dilution"
"MSM","TR","SgwB",10,"Varian GC","M. Wegner",202309119,2023,"July","MSM_TR_SgwB_10cm",1,79,"Within Range",76600,"Needs Dilution"
"MSM","TR","SgwB",20,"Varian GC","M. Wegner",202309119,2023,"July","MSM_TR_SgwB_20cm",1,18,"Within Range",50522,"Needs Dilution"
"MSM","TR","SgwB",45,"Varian GC","M. Wegner",202309119,2023,"July","MSM_TR_SgwB_45cm",1,10,"Within Range",81295,"Needs Dilution"
"MSM","TR","SgwC",10,"Varian GC","M. Wegner",202309119,2023,"July","MSM_TR_SgwC_10cm",1,33,"Within Range",64921,"Needs Dilution"
"MSM","TR","SgwC",20,"Varian GC","M. Wegner",202309119,2023,"July","MSM_TR_SgwC_20cm",1,32,"Within Range",34447,"Within Range"
"MSM","TR","SgwC",45,"Varian GC","M. Wegner",202309119,2023,"July","MSM_TR_SgwC_45cm",1,27,"Within Range",40044,"Within Range"
"MSM","TR","ATM",0,"Varian GC","M. Wegner",202309119,2023,"July","MSM_TR_ATM",1,4,"Within Range",541,"Within Range"
"MSM","WC","SgwA",10,"Varian GC","M. Wegner",202309119,2023,"July","MSM_WC_SgwA_10cm",1,411,"Within Range",32232,"Within Range"
"MSM","WC","SgwA",20,"Varian GC","M. Wegner",202309119,2023,"July","MSM_WC_SgwA_20cm",1,63,"Within Range",47710,"Within Range"
"MSM","WC","SgwA",45,"Varian GC","M. Wegner",202309119,2023,"July","MSM_WC_SgwA_45cm",1,19,"Within Range",41970,"Within Range"
"MSM","WC","SgwB",10,"Varian GC","M. Wegner",202309119,2023,"July","MSM_WC_SgwB_10cm",1,836,"Within Range",81087,"Needs Dilution"
"MSM","WC","SgwB",20,"Varian GC","M. Wegner",202309119,2023,"July","MSM_WC_SgwB_20cm",1,182,"Within Range",76528,"Needs Dilution"
"MSM","WC","SgwB",45,"Varian GC","M. Wegner",202309119,2023,"July","MSM_WC_SgwB_45cm",1,567,"Within Range",74883,"Needs Dilution"
"MSM","WC","SgwC",10,"Varian GC","M. Wegner",202309119,2023,"July","MSM_WC_SgwC_10cm",1,707,"Within Range",63530,"Needs Dilution"
"MSM","WC","SgwC",20,"Varian GC","M. Wegner",202309119,2023,"July","MSM_WC_SgwC_20cm",1,91,"Within Range",66991,"Needs Dilution"
"MSM","WC","SgwC",45,"Varian GC","M. Wegner",202309119,2023,"July","MSM_WC_SgwC_45cm",1,37,"Within Range",70195,"Needs Dilution"
"MSM","WC","ATM",0,"Varian GC","M. Wegner",202309119,2023,"July","MSM_WC_ATM",1,3,"Within Range",532,"Within Range"
"GWI","UP","SgwA",10,"Varian GC","M. Wegner",202309119,2023,"July","GWI_UP_SgwA_10cm",1,3,"Within Range",6277,"Within Range"
"GWI","UP","SgwA",20,"Varian GC","M. Wegner",202309119,2023,"July","GWI_UP_SgwA_20cm",1,3,"Within Range",11174,"Within Range"
"GWI","UP","SgwA",45,"Varian GC","M. Wegner",202309119,2023,"July","GWI_UP_SgwA_45cm",1,5,"Within Range",61134,"Needs Dilution"
"GWI","UP","SgwB",10,"Varian GC","M. Wegner",202309119,2023,"July","GWI_UP_SgwB_10cm",1,3,"Within Range",3619,"Within Range"
"GWI","UP","SgwB",20,"Varian GC","M. Wegner",202309119,2023,"July","GWI_UP_SgwB_20cm",1,2,"Within Range",5896,"Within Range"
"GWI","UP","SgwB",45,"Varian GC","M. Wegner",202309119,2023,"July","GWI_UP_SgwB_45cm",1,2,"Within Range",47317,"Within Range"
"GWI","UP","SgwC",10,"Varian GC","M. Wegner",202309119,2023,"July","GWI_UP_SgwC_10cm",1,3,"Within Range",5453,"Within Range"
"GWI","UP","SgwC",20,"Varian GC","M. Wegner",202309119,2023,"July","GWI_UP_SgwC_20cm",1,3,"Within Range",6811,"Within Range"
"GWI","UP","SgwC",45,"Varian GC","M. Wegner",202309119,2023,"July","GWI_UP_SgwC_45cm",1,5,"Within Range",45594,"Within Range"
"GWI","UP","ATM",0,"Varian GC","M. Wegner",202309119,2023,"July","GWI_UP_ATM",1,3,"Within Range",532,"Within Range"
"GWI","TR","SgwA",10,"Varian GC","M. Wegner",202309119,2023,"July","GWI_TR_SgwA_10cm",1,542,"Within Range",74967,"Needs Dilution"
"GWI","TR","SgwA",20,"Varian GC","M. Wegner",202309119,2023,"July","GWI_TR_SgwA_20cm",1,537,"Within Range",65486,"Needs Dilution"
"GWI","TR","SgwA",45,"Varian GC","M. Wegner",202309119,2023,"July","GWI_TR_SgwA_45cm",1,120,"Within Range",71484,"Needs Dilution"
"GWI","TR","SgwB",45,"Varian GC","M. Wegner",202309119,2023,"July","GWI_TR_SgwB_45cm",1,43,"Within Range",2255,"Within Range"
"GWI","TR","SgwC",10,"Varian GC","M. Wegner",202309119,2023,"July","GWI_TR_SgwC_10cm",1,73,"Within Range",54644,"Needs Dilution"
"GWI","TR","SgwC",20,"Varian GC","M. Wegner",202309119,2023,"July","GWI_TR_SgwC_20cm",1,49,"Within Range",69804,"Needs Dilution"
"GWI","TR","SgwC",45,"Varian GC","M. Wegner",202309119,2023,"July","GWI_TR_SgwC_45cm",1,293,"Within Range",28661,"Within Range"
"GWI","TR","ATM",0,"Varian GC","M. Wegner",202309119,2023,"July","GWI_TR_ATM",1,3,"Within Range",760,"Within Range"
"GWI","WC","SgwA",20,"Varian GC","M. Wegner",202309119,2023,"July","GWI_WC_SgwA_20cm",1,52,"Within Range",114781,"Needs Dilution"
"GWI","WC","SgwA",45,"Varian GC","M. Wegner",202309119,2023,"July","GWI_WC_SgwA_45cm",1,16,"Within Range",71715,"Needs Dilution"
"GWI","WC","SgwB",10,"Varian GC","M. Wegner",202309119,2023,"July","GWI_WC_SgwB_10cm",1,75,"Within Range",114505,"Needs Dilution"
"GWI","WC","SgwB",20,"Varian GC","M. Wegner",202309119,2023,"July","GWI_WC_SgwB_20cm",1,42,"Within Range",88807,"Needs Dilution"
"GWI","WC","SgwB",45,"Varian GC","M. Wegner",202309119,2023,"July","GWI_WC_SgwB_45cm",1,25,"Within Range",72769,"Needs Dilution"
"GWI","WC","SgwC",10,"Varian GC","M. Wegner",202309119,2023,"July","GWI_WC_SgwC_10cm",1,14,"Within Range",139775,"Needs Dilution"
"GWI","WC","SgwC",20,"Varian GC","M. Wegner",202309119,2023,"July","GWI_WC_SgwC_20cm",1,71,"Within Range",126230,"Needs Dilution"
"GWI","WC","SgwC",45,"Varian GC","M. Wegner",202309119,2023,"July","GWI_WC_SgwC_45cm",1,928,"Within Range",129422,"Needs Dilution"
"GWI","WC","ATM",0,"Varian GC","M. Wegner",202309119,2023,"July","GWI_WC_ATM",1,3,"Within Range",591,"Within Range"
"SWH","UP","SgwA",10,"Varian GC","M. Wegner",202309119,2023,"July","SWH_UPCON_SgwA_10cm",1,5,"Within Range",46638,"Within Range"
"SWH","UP","SgwA",20,"Varian GC","M. Wegner",202309119,2023,"July","SWH_UPCON_SgwA_20cm",1,57,"Within Range",60717,"Needs Dilution"
"SWH","UP","SgwA",45,"Varian GC","M. Wegner",202309119,2023,"July","SWH_UPCON_SgwA_45cm",1,10071,"Needs Dilution",95599,"Needs Dilution"
"SWH","UP","SgwB",10,"Varian GC","M. Wegner",202309119,2023,"July","SWH_UPCON_SgwB_10cm",1,15,"Within Range",29553,"Within Range"
"SWH","UP","SgwB",20,"Varian GC","M. Wegner",202309119,2023,"July","SWH_UPCON_SgwB_20cm",1,6,"Within Range",40182,"Within Range"
"SWH","UP","SgwB",45,"Varian GC","M. Wegner",202309119,2023,"July","SWH_UPCON_SgwB_45cm",1,96,"Within Range",100619,"Needs Dilution"
"SWH","UP","SgwC",10,"Varian GC","M. Wegner",202309119,2023,"July","SWH_UPCON_SgwC_10cm",1,10,"Within Range",27995,"Within Range"
"SWH","UP","SgwC",20,"Varian GC","M. Wegner",202309119,2023,"July","SWH_UPCON_SgwC_20cm",1,105,"Within Range",49290,"Within Range"
"SWH","UP","SgwC",45,"Varian GC","M. Wegner",202309119,2023,"July","SWH_UPCON_SgwC_45cm",1,74349,"Needs Dilution",104532,"Needs Dilution"
"SWH","UP","ATM",0,"Varian GC","M. Wegner",202309119,2023,"July","SWH_UPCON_ATM",1,62,"Within Range",590,"Within Range"
"SWH","TR","SgwA",10,"Varian GC","M. Wegner",202309119,2023,"July","SWH_TR_SgwA_10cm",1,140583,"Needs Dilution",109758,"Needs Dilution"
"SWH","TR","SgwA",20,"Varian GC","M. Wegner",202309119,2023,"July","SWH_TR_SgwA_20cm",1,144071,"Needs Dilution",112669,"Needs Dilution"
"SWH","TR","SgwA",45,"Varian GC","M. Wegner",202309119,2023,"July","SWH_TR_SgwA_45cm",1,NA,NA,NA,NA
"SWH","TR","SgwB",10,"Varian GC","M. Wegner",202309119,2023,"July","SWH_TR_SgwB_10cm",1,76613,"Needs Dilution",61378,"Needs Dilution"
"SWH","TR","SgwB",20,"Varian GC","M. Wegner",202309119,2023,"July","SWH_TR_SgwB_20cm",1,115136,"Needs Dilution",79766,"Needs Dilution"
"SWH","TR","SgwB",45,"Varian GC","M. Wegner",202309119,2023,"July","SWH_TR_SgwB_45cm",1,92057,"Needs Dilution",55118,"Needs Dilution"
"SWH","TR","SgwC",10,"Varian GC","M. Wegner",202309119,2023,"July","SWH_TR_SgwC_10cm",1,257,"Within Range",46570,"Within Range"
"SWH","TR","SgwC",20,"Varian GC","M. Wegner",202309119,2023,"July","SWH_TR_SgwC_20cm",1,63571,"Needs Dilution",40147,"Within Range"
"SWH","TR","SgwC",45,"Varian GC","M. Wegner",202309119,2023,"July","SWH_TR_SgwC_45cm",1,11256,"Needs Dilution",7781,"Within Range"
"SWH","TR","ATM",0,"Varian GC","M. Wegner",202309119,2023,"July","SWH_TR_ATM",1,44,"Within Range",469,"Within Range"
"SWH","WC","SgwA",20,"Varian GC","M. Wegner",202309119,2023,"July","SWH_WC_SgwA_20cm",1,74,"Within Range",596,"Within Range"
"SWH","WC","SgwA",45,"Varian GC","M. Wegner",202309119,2023,"July","SWH_WC_SgwA_45cm",1,101058,"Needs Dilution",109999,"Needs Dilution"
"SWH","WC","SgwB",10,"Varian GC","M. Wegner",202309119,2023,"July","SWH_WC_SgwB_10cm",1,29032,"Needs Dilution",96529,"Needs Dilution"
"SWH","WC","SgwB",20,"Varian GC","M. Wegner",202309119,2023,"July","SWH_WC_SgwB_20cm",1,40447,"Needs Dilution",104004,"Needs Dilution"
"SWH","WC","SgwB",45,"Varian GC","M. Wegner",202309119,2023,"July","SWH_WC_SgwB_45cm",1,74349,"Needs Dilution",102013,"Needs Dilution"
"SWH","WC","SgwC",10,"Varian GC","M. Wegner",202309119,2023,"July","SWH_WC_SgwC_10cm",1,73586,"Needs Dilution",119394,"Needs Dilution"
"SWH","WC","SgwC",20,"Varian GC","M. Wegner",202309119,2023,"July","SWH_WC_SgwC_20cm",1,65713,"Needs Dilution",105828,"Needs Dilution"
"SWH","WC","SgwC",45,"Varian GC","M. Wegner",202309119,2023,"July","SWH_WC_SgwC_45cm",1,70355,"Needs Dilution",83665,"Needs Dilution"
"SWH","WC","ATM",0,"Varian GC","M. Wegner",202309119,2023,"July","SWH_WC_ATM",1,89152,"Needs Dilution",115848,"Needs Dilution"
"MSM","UP","SgwA",10,"Varian GC","M. Wegner",20231005,2023,"August","MSM_UP_SgwA_10cm",1,3,"Within Range",7749,"Within Range"
"MSM","UP","SgwA",20,"Varian GC","M. Wegner",20231005,2023,"August","MSM_UP_SgwA_20cm",1,2,"Within Range",11485,"Within Range"
"MSM","UP","SgwA",45,"Varian GC","M. Wegner",20231005,2023,"August","MSM_UP_SgwA_45cm",1,3,"Within Range",28637,"Within Range"
"MSM","UP","SgwB",10,"Varian GC","M. Wegner",20231005,2023,"August","MSM_UP_SgwB_10cm",1,2,"Within Range",6504,"Within Range"
"MSM","UP","SgwB",20,"Varian GC","M. Wegner",20231005,2023,"August","MSM_UP_SgwB_20cm",1,2,"Within Range",15927,"Within Range"
"MSM","UP","SgwB",45,"Varian GC","M. Wegner",20231005,2023,"August","MSM_UP_SgwB_45cm",1,2,"Within Range",38868,"Within Range"
"MSM","UP","SgwC",10,"Varian GC","M. Wegner",20231005,2023,"August","MSM_UP_SgwC_10cm",1,3,"Within Range",12177,"Within Range"
"MSM","UP","SgwC",20,"Varian GC","M. Wegner",20231005,2023,"August","MSM_UP_SgwC_20cm",1,3,"Within Range",11205,"Within Range"
"MSM","UP","SgwC",45,"Varian GC","M. Wegner",20231005,2023,"August","MSM_UP_SgwC_45cm",1,2,"Within Range",34413,"Within Range"
"MSM","UP","ATM",0,"Varian GC","M. Wegner",20231005,2023,"August","MSM_UP_ATM",1,3,"Within Range",510,"Within Range"
"MSM","TR","SgwA",10,"Varian GC","M. Wegner",20231005,2023,"August","MSM_TR_SgwA_10cm",1,6,"Within Range",20283,"Within Range"
"MSM","TR","SgwA",20,"Varian GC","M. Wegner",20231005,2023,"August","MSM_TR_SgwA_20cm",1,1879,"Within Range",46720,"Within Range"
"MSM","TR","SgwA",45,"Varian GC","M. Wegner",20231005,2023,"August","MSM_TR_SgwA_45cm",1,597,"Within Range",57362,"Needs Dilution"
"MSM","TR","SgwB",10,"Varian GC","M. Wegner",20231005,2023,"August","MSM_TR_SgwB_10cm",1,280,"Within Range",92039,"Needs Dilution"
"MSM","TR","SgwB",20,"Varian GC","M. Wegner",20231005,2023,"August","MSM_TR_SgwB_20cm",1,32,"Within Range",66238,"Needs Dilution"
"MSM","TR","SgwB",45,"Varian GC","M. Wegner",20231005,2023,"August","MSM_TR_SgwB_45cm",1,255,"Within Range",96627,"Needs Dilution"
"MSM","TR","SgwC",10,"Varian GC","M. Wegner",20231005,2023,"August","MSM_TR_SgwC_10cm",1,13,"Within Range",28891,"Within Range"
"MSM","TR","SgwC",20,"Varian GC","M. Wegner",20231005,2023,"August","MSM_TR_SgwC_20cm",1,25,"Within Range",32079,"Within Range"
"MSM","TR","SgwC",45,"Varian GC","M. Wegner",20231005,2023,"August","MSM_TR_SgwC_45cm",1,28,"Within Range",28584,"Within Range"
"MSM","TR","ATM",0,"Varian GC","M. Wegner",20231005,2023,"August","MSM_TR_ATM",1,3,"Within Range",455,"Within Range"
"MSM","WC","SgwA",10,"Varian GC","M. Wegner",20231005,2023,"August","MSM_WC_SgwA_10cm",1,836,"Within Range",35691,"Within Range"
"MSM","WC","SgwA",20,"Varian GC","M. Wegner",20231005,2023,"August","MSM_WC_SgwA_20cm",1,194,"Within Range",52742,"Needs Dilution"
"MSM","WC","SgwA",45,"Varian GC","M. Wegner",20231005,2023,"August","MSM_WC_SgwA_45cm",1,21,"Within Range",47367,"Within Range"
"MSM","WC","SgwB",10,"Varian GC","M. Wegner",20231005,2023,"August","MSM_WC_SgwB_10cm",1,822,"Within Range",86308,"Needs Dilution"
"MSM","WC","SgwB",20,"Varian GC","M. Wegner",20231005,2023,"August","MSM_WC_SgwB_20cm",1,253,"Within Range",48021,"Within Range"
"MSM","WC","SgwB",45,"Varian GC","M. Wegner",20231005,2023,"August","MSM_WC_SgwB_45cm",1,1250,"Within Range",86359,"Needs Dilution"
"MSM","WC","SgwC",10,"Varian GC","M. Wegner",20231005,2023,"August","MSM_WC_SgwC_10cm",1,1972,"Within Range",76376,"Needs Dilution"
"MSM","WC","SgwC",20,"Varian GC","M. Wegner",20231005,2023,"August","MSM_WC_SgwC_20cm",1,398,"Within Range",59566,"Needs Dilution"
"MSM","WC","SgwC",45,"Varian GC","M. Wegner",20231005,2023,"August","MSM_WC_SgwC_45cm",1,25,"Within Range",59372,"Needs Dilution"
"MSM","WC","ATM",0,"Varian GC","M. Wegner",20231005,2023,"August","MSM_WC_ATM",1,14,"Within Range",947,"Within Range"
"GWI","UP","SgwA",10,"Varian GC","M. Wegner",20231005,2023,"August","GWI_UP_SgwA_10cm",1,3,"Within Range",4833,"Within Range"
"GWI","UP","SgwA",20,"Varian GC","M. Wegner",20231005,2023,"August","GWI_UP_SgwA_20cm",1,3,"Within Range",8520,"Within Range"
"GWI","UP","SgwA",45,"Varian GC","M. Wegner",20231005,2023,"August","GWI_UP_SgwA_45cm",1,4,"Within Range",52939,"Needs Dilution"
"GWI","UP","SgwB",10,"Varian GC","M. Wegner",20231005,2023,"August","GWI_UP_SgwB_10cm",1,3,"Within Range",2387,"Within Range"
"GWI","UP","SgwB",20,"Varian GC","M. Wegner",20231005,2023,"August","GWI_UP_SgwB_20cm",1,2,"Within Range",4203,"Within Range"
"GWI","UP","SgwB",45,"Varian GC","M. Wegner",20231005,2023,"August","GWI_UP_SgwB_45cm",1,2,"Within Range",12658,"Within Range"
"GWI","UP","SgwC",10,"Varian GC","M. Wegner",20231005,2023,"August","GWI_UP_SgwC_10cm",1,2,"Within Range",3753,"Within Range"
"GWI","UP","SgwC",20,"Varian GC","M. Wegner",20231005,2023,"August","GWI_UP_SgwC_20cm",1,2,"Within Range",9167,"Within Range"
"GWI","UP","SgwC",45,"Varian GC","M. Wegner",20231005,2023,"August","GWI_UP_SgwC_45cm",1,2,"Within Range",14487,"Within Range"
"GWI","UP","ATM",0,"Varian GC","M. Wegner",20231005,2023,"August","GWI_UP_ATM",1,3,"Within Range",515,"Within Range"
"GWI","TR","SgwA",10,"Varian GC","M. Wegner",20231005,2023,"August","GWI_TR_SgwA_10cm",1,12,"Within Range",15745,"Within Range"
"GWI","TR","SgwA",20,"Varian GC","M. Wegner",20231005,2023,"August","GWI_TR_SgwA_20cm",1,1486,"Within Range",74723,"Needs Dilution"
"GWI","TR","SgwA",45,"Varian GC","M. Wegner",20231005,2023,"August","GWI_TR_SgwA_45cm",1,47,"Within Range",87327,"Needs Dilution"
"GWI","TR","SgwB",10,"Varian GC","M. Wegner",20231005,2023,"August","GWI_TR_SgwB_10cm",1,6,"Within Range",6798,"Within Range"
"GWI","TR","SgwB",20,"Varian GC","M. Wegner",20231005,2023,"August","GWI_TR_SgwB_20cm",1,223,"Within Range",30678,"Within Range"
"GWI","TR","SgwB",45,"Varian GC","M. Wegner",20231005,2023,"August","GWI_TR_SgwB_45cm",1,303,"Within Range",2571,"Within Range"
"GWI","TR","SgwC",10,"Varian GC","M. Wegner",20231005,2023,"August","GWI_TR_SgwC_10cm",1,6,"Within Range",9757,"Within Range"
"GWI","TR","SgwC",20,"Varian GC","M. Wegner",20231005,2023,"August","GWI_TR_SgwC_20cm",1,9,"Within Range",11413,"Within Range"
"GWI","TR","SgwC",45,"Varian GC","M. Wegner",20231005,2023,"August","GWI_TR_SgwC_45cm",1,188,"Within Range",64313,"Needs Dilution"
"GWI","TR","ATM",0,"Varian GC","M. Wegner",20231005,2023,"August","GWI_TR_ATM",1,3,"Within Range",504,"Within Range"
"GWI","WC","SgwA",10,"Varian GC","M. Wegner",20231005,2023,"August","GWI_WC_SgwA_10cm",1,6,"Within Range",16081,"Within Range"
"GWI","WC","SgwA",20,"Varian GC","M. Wegner",20231005,2023,"August","GWI_WC_SgwA_20cm",1,4,"Within Range",9879,"Within Range"
"GWI","WC","SgwA",45,"Varian GC","M. Wegner",20231005,2023,"August","GWI_WC_SgwA_45cm",1,NA,NA,NA,NA
"GWI","WC","SgwB",10,"Varian GC","M. Wegner",20231005,2023,"August","GWI_WC_SgwB_10cm",1,4,"Within Range",11374,"Within Range"
"GWI","WC","SgwB",20,"Varian GC","M. Wegner",20231005,2023,"August","GWI_WC_SgwB_20cm",1,6,"Within Range",36644,"Within Range"
"GWI","WC","SgwB",45,"Varian GC","M. Wegner",20231005,2023,"August","GWI_WC_SgwB_45cm",1,17,"Within Range",88351,"Needs Dilution"
"GWI","WC","SgwC",10,"Varian GC","M. Wegner",20231005,2023,"August","GWI_WC_SgwC_10cm",1,6,"Within Range",41210,"Within Range"
"GWI","WC","SgwC",20,"Varian GC","M. Wegner",20231005,2023,"August","GWI_WC_SgwC_20cm",1,12,"Within Range",53231,"Needs Dilution"
"GWI","WC","ATM",0,"Varian GC","M. Wegner",20231005,2023,"August","GWI_WC_ATM",1,12,"Within Range",1516,"Within Range"
"SWH","UP","SgwA",10,"Varian GC","M. Wegner",20231005,2023,"August","SWH_UPCON_SgwA_10cm",1,3,"Within Range",34972,"Within Range"
"SWH","UP","SgwA",20,"Varian GC","M. Wegner",20231005,2023,"August","SWH_UPCON_SgwA_20cm",1,3,"Within Range",51289,"Needs Dilution"
"SWH","UP","SgwA",45,"Varian GC","M. Wegner",20231005,2023,"August","SWH_UPCON_SgwA_45cm",1,14,"Within Range",117408,"Needs Dilution"
"SWH","UP","SgwB",10,"Varian GC","M. Wegner",20231005,2023,"August","SWH_UPCON_SgwB_10cm",1,2,"Within Range",19933,"Within Range"
"SWH","UP","SgwB",20,"Varian GC","M. Wegner",20231005,2023,"August","SWH_UPCON_SgwB_20cm",1,2,"Within Range",23856,"Within Range"
"SWH","UP","SgwB",45,"Varian GC","M. Wegner",20231005,2023,"August","SWH_UPCON_SgwB_45cm",1,11,"Within Range",57036,"Needs Dilution"
"SWH","UP","SgwC",10,"Varian GC","M. Wegner",20231005,2023,"August","SWH_UPCON_SgwC_10cm",1,2,"Within Range",15365,"Within Range"
"SWH","UP","SgwC",20,"Varian GC","M. Wegner",20231005,2023,"August","SWH_UPCON_SgwC_20cm",1,4,"Within Range",34196,"Within Range"
"SWH","UP","SgwC",45,"Varian GC","M. Wegner",20231005,2023,"August","SWH_UPCON_SgwC_45cm",1,9744,"Within Range",118006,"Needs Dilution"
"SWH","UP","ATM",0,"Varian GC","M. Wegner",20231005,2023,"August","SWH_UPCON_ATM",1,6,"Within Range",594,"Within Range"
"SWH","TR","SgwA",10,"Varian GC","M. Wegner",20231005,2023,"August","SWH_TR_SgwA_10cm",1,65334,"Needs Dilution",118111,"Needs Dilution"
"SWH","TR","SgwA",20,"Varian GC","M. Wegner",20231005,2023,"August","SWH_TR_SgwA_20cm",1,135888,"Needs Dilution",107436,"Needs Dilution"
"SWH","TR","SgwA",45,"Varian GC","M. Wegner",20231005,2023,"August","SWH_TR_SgwA_45cm",1,6470,"Within Range",11792,"Within Range"
"SWH","TR","SgwB",10,"Varian GC","M. Wegner",20231005,2023,"August","SWH_TR_SgwB_10cm",1,119785,"Needs Dilution",60089,"Needs Dilution"
"SWH","TR","SgwB",20,"Varian GC","M. Wegner",20231005,2023,"August","SWH_TR_SgwB_20cm",1,130185,"Needs Dilution",79692,"Needs Dilution"
"SWH","TR","SgwB",45,"Varian GC","M. Wegner",20231005,2023,"August","SWH_TR_SgwB_45cm",1,122019,"Needs Dilution",65704,"Needs Dilution"
"SWH","TR","SgwC",10,"Varian GC","M. Wegner",20231005,2023,"August","SWH_TR_SgwC_10cm",1,235,"Within Range",55179,"Needs Dilution"
"SWH","TR","SgwC",20,"Varian GC","M. Wegner",20231005,2023,"August","SWH_TR_SgwC_20cm",1,62473,"Needs Dilution",49181,"Within Range"
"SWH","TR","SgwC",45,"Varian GC","M. Wegner",20231005,2023,"August","SWH_TR_SgwC_45cm",1,9184,"Within Range",8752,"Within Range"
"SWH","TR","ATM",0,"Varian GC","M. Wegner",20231005,2023,"August","SWH_TR_ATM",1,74,"Within Range",794,"Within Range"
"SWH","WC","SgwA",10,"Varian GC","M. Wegner",20231005,2023,"August","SWH_WC_SgwA_10cm",1,49261,"Needs Dilution",102548,"Needs Dilution"
"SWH","WC","SgwA",20,"Varian GC","M. Wegner",20231005,2023,"August","SWH_WC_SgwA_20cm",1,91148,"Needs Dilution",106513,"Needs Dilution"
"SWH","WC","SgwA",45,"Varian GC","M. Wegner",20231005,2023,"August","SWH_WC_SgwA_45cm",1,37206,"Needs Dilution",81515,"Needs Dilution"
"SWH","WC","SgwB",10,"Varian GC","M. Wegner",20231005,2023,"August","SWH_WC_SgwB_10cm",1,59100,"Needs Dilution",97880,"Needs Dilution"
"SWH","WC","SgwB",20,"Varian GC","M. Wegner",20231005,2023,"August","SWH_WC_SgwB_20cm",1,72537,"Needs Dilution",117693,"Needs Dilution"
"SWH","WC","SgwB",45,"Varian GC","M. Wegner",20231005,2023,"August","SWH_WC_SgwB_45cm",1,13150,"Needs Dilution",88639,"Needs Dilution"
"SWH","WC","SgwC",10,"Varian GC","M. Wegner",20231005,2023,"August","SWH_WC_SgwC_10cm",1,59403,"Needs Dilution",107883,"Needs Dilution"
"SWH","WC","SgwC",20,"Varian GC","M. Wegner",20231005,2023,"August","SWH_WC_SgwC_20cm",1,41536,"Needs Dilution",99242,"Needs Dilution"
"SWH","WC","SgwC",45,"Varian GC","M. Wegner",20231005,2023,"August","SWH_WC_SgwC_45cm",1,50724,"Needs Dilution",92483,"Needs Dilution"
"SWH","WC","ATM",0,"Varian GC","M. Wegner",20231005,2023,"August","SWH_WC_ATM",1,41,"Within Range",503,"Within Range"
"MSM","UP","SgwA",10,"Varian GC","M. Wegner",20231006,2023,"September","MSM_UP_SgwA_10cm",1,3,"Within Range",7749,"Within Range"
"MSM","UP","SgwA",20,"Varian GC","M. Wegner",20231006,2023,"September","MSM_UP_SgwA_20cm",1,2,"Within Range",11485,"Within Range"
"MSM","UP","SgwA",45,"Varian GC","M. Wegner",20231006,2023,"September","MSM_UP_SgwA_45cm",1,3,"Within Range",28637,"Within Range"
"MSM","UP","SgwB",10,"Varian GC","M. Wegner",20231006,2023,"September","MSM_UP_SgwB_10cm",1,2,"Within Range",6504,"Within Range"
"MSM","UP","SgwB",20,"Varian GC","M. Wegner",20231006,2023,"September","MSM_UP_SgwB_20cm",1,2,"Within Range",15927,"Within Range"
"MSM","UP","SgwB",45,"Varian GC","M. Wegner",20231006,2023,"September","MSM_UP_SgwB_45cm",1,2,"Within Range",38868,"Within Range"
"MSM","UP","SgwC",10,"Varian GC","M. Wegner",20231006,2023,"September","MSM_UP_SgwC_10cm",1,3,"Within Range",12177,"Within Range"
"MSM","UP","SgwC",20,"Varian GC","M. Wegner",20231006,2023,"September","MSM_UP_SgwC_20cm",1,3,"Within Range",11205,"Within Range"
"MSM","UP","SgwC",45,"Varian GC","M. Wegner",20231006,2023,"September","MSM_UP_SgwC_45cm",1,2,"Within Range",34413,"Within Range"
"MSM","UP","ATM",0,"Varian GC","M. Wegner",20231006,2023,"September","MSM_UP_ATM",1,3,"Within Range",510,"Within Range"
"MSM","TR","SgwA",10,"Varian GC","M. Wegner",20231006,2023,"September","MSM_TR_SgwA_10cm",1,6,"Within Range",20283,"Within Range"
"MSM","TR","SgwA",20,"Varian GC","M. Wegner",20231006,2023,"September","MSM_TR_SgwA_20cm",1,1879,"Within Range",46720,"Within Range"
"MSM","TR","SgwA",45,"Varian GC","M. Wegner",20231006,2023,"September","MSM_TR_SgwA_45cm",1,597,"Within Range",57362,"Needs Dilution"
"MSM","TR","SgwB",10,"Varian GC","M. Wegner",20231006,2023,"September","MSM_TR_SgwB_10cm",1,280,"Within Range",92039,"Needs Dilution"
"MSM","TR","SgwB",20,"Varian GC","M. Wegner",20231006,2023,"September","MSM_TR_SgwB_20cm",1,31,"Within Range",66238,"Needs Dilution"
"MSM","TR","SgwB",45,"Varian GC","M. Wegner",20231006,2023,"September","MSM_TR_SgwB_45cm",1,255,"Within Range",96627,"Needs Dilution"
"MSM","TR","SgwC",10,"Varian GC","M. Wegner",20231006,2023,"September","MSM_TR_SgwC_10cm",1,13,"Within Range",28891,"Within Range"
"MSM","TR","SgwC",20,"Varian GC","M. Wegner",20231006,2023,"September","MSM_TR_SgwC_20cm",1,25,"Within Range",32079,"Within Range"
"MSM","TR","SgwC",45,"Varian GC","M. Wegner",20231006,2023,"September","MSM_TR_SgwC_45cm",1,28,"Within Range",28584,"Within Range"
"MSM","TR","ATM",0,"Varian GC","M. Wegner",20231006,2023,"September","MSM_TR_ATM",1,3,"Within Range",455,"Within Range"
"MSM","WC","SgwA",10,"Varian GC","M. Wegner",20231006,2023,"September","MSM_WC_SgwA_10cm",1,836,"Within Range",35691,"Within Range"
"MSM","WC","SgwA",20,"Varian GC","M. Wegner",20231006,2023,"September","MSM_WC_SgwA_20cm",1,194,"Within Range",52742,"Needs Dilution"
"MSM","WC","SgwA",45,"Varian GC","M. Wegner",20231006,2023,"September","MSM_WC_SgwA_45cm",1,21,"Within Range",47367,"Within Range"
"MSM","WC","SgwB",10,"Varian GC","M. Wegner",20231006,2023,"September","MSM_WC_SgwB_10cm",1,822,"Within Range",86308,"Needs Dilution"
"MSM","WC","SgwB",20,"Varian GC","M. Wegner",20231006,2023,"September","MSM_WC_SgwB_20cm",1,253,"Within Range",48021,"Within Range"
"MSM","WC","SgwB",45,"Varian GC","M. Wegner",20231006,2023,"September","MSM_WC_SgwB_45cm",1,1250,"Within Range",86359,"Needs Dilution"
"MSM","WC","SgwC",10,"Varian GC","M. Wegner",20231006,2023,"September","MSM_WC_SgwC_10cm",1,1972,"Within Range",76376,"Needs Dilution"
"MSM","WC","SgwC",20,"Varian GC","M. Wegner",20231006,2023,"September","MSM_WC_SgwC_20cm",1,398,"Within Range",59566,"Needs Dilution"
"MSM","WC","SgwC",45,"Varian GC","M. Wegner",20231006,2023,"September","MSM_WC_SgwC_45cm",1,25,"Within Range",59372,"Needs Dilution"
"MSM","WC","ATM",0,"Varian GC","M. Wegner",20231006,2023,"September","MSM_WC_ATM",1,14,"Within Range",947,"Within Range"
"GWI","UP","SgwA",10,"Varian GC","M. Wegner",20231006,2023,"September","GWI_UP_SgwA_10cm",1,3,"Within Range",4833,"Within Range"
"GWI","UP","SgwA",20,"Varian GC","M. Wegner",20231006,2023,"September","GWI_UP_SgwA_20cm",1,3,"Within Range",8520,"Within Range"
"GWI","UP","SgwA",45,"Varian GC","M. Wegner",20231006,2023,"September","GWI_UP_SgwA_45cm",1,4,"Within Range",52939,"Needs Dilution"
"GWI","UP","SgwB",10,"Varian GC","M. Wegner",20231006,2023,"September","GWI_UP_SgwB_10cm",1,3,"Within Range",2387,"Within Range"
"GWI","UP","SgwB",20,"Varian GC","M. Wegner",20231006,2023,"September","GWI_UP_SgwB_20cm",1,2,"Within Range",4203,"Within Range"
"GWI","UP","SgwB",45,"Varian GC","M. Wegner",20231006,2023,"September","GWI_UP_SgwB_45cm",1,2,"Within Range",12658,"Within Range"
"GWI","UP","SgwC",10,"Varian GC","M. Wegner",20231006,2023,"September","GWI_UP_SgwC_10cm",1,2,"Within Range",3753,"Within Range"
"GWI","UP","SgwC",20,"Varian GC","M. Wegner",20231006,2023,"September","GWI_UP_SgwC_20cm",1,2,"Within Range",9167,"Within Range"
"GWI","UP","SgwC",45,"Varian GC","M. Wegner",20231006,2023,"September","GWI_UP_SgwC_45cm",1,2,"Within Range",14487,"Within Range"
"GWI","UP","ATM",0,"Varian GC","M. Wegner",20231006,2023,"September","GWI_UP_ATM",1,3,"Within Range",515,"Within Range"
"GWI","TR","SgwA",10,"Varian GC","M. Wegner",20231006,2023,"September","GWI_TR_SgwA_10cm",1,12,"Within Range",15745,"Within Range"
"GWI","TR","SgwA",20,"Varian GC","M. Wegner",20231006,2023,"September","GWI_TR_SgwA_20cm",1,1486,"Within Range",74723,"Needs Dilution"
"GWI","TR","SgwA",45,"Varian GC","M. Wegner",20231006,2023,"September","GWI_TR_SgwA_45cm",1,47,"Within Range",87327,"Needs Dilution"
"GWI","TR","SgwB",10,"Varian GC","M. Wegner",20231006,2023,"September","GWI_TR_SgwB_10cm",1,6,"Within Range",6798,"Within Range"
"GWI","TR","SgwB",20,"Varian GC","M. Wegner",20231006,2023,"September","GWI_TR_SgwB_20cm",1,223,"Within Range",30678,"Within Range"
"GWI","TR","SgwB",45,"Varian GC","M. Wegner",20231006,2023,"September","GWI_TR_SgwB_45cm",1,303,"Within Range",2571,"Within Range"
"GWI","TR","SgwC",10,"Varian GC","M. Wegner",20231006,2023,"September","GWI_TR_SgwC_10cm",1,6,"Within Range",9757,"Within Range"
"GWI","TR","SgwC",20,"Varian GC","M. Wegner",20231006,2023,"September","GWI_TR_SgwC_20cm",1,9,"Within Range",11413,"Within Range"
"GWI","TR","SgwC",45,"Varian GC","M. Wegner",20231006,2023,"September","GWI_TR_SgwC_45cm",1,188,"Within Range",64313,"Needs Dilution"
"GWI","TR","ATM",0,"Varian GC","M. Wegner",20231006,2023,"September","GWI_TR_ATM",1,3,"Within Range",504,"Within Range"
"GWI","WC","SgwA",10,"Varian GC","M. Wegner",20231006,2023,"September","GWI_WC_SgwA_10cm",1,6,"Within Range",16081,"Within Range"
"GWI","WC","SgwA",20,"Varian GC","M. Wegner",20231006,2023,"September","GWI_WC_SgwA_20cm",1,4,"Within Range",9879,"Within Range"
"GWI","WC","SgwA",45,"Varian GC","M. Wegner",20231006,2023,"September","GWI_WC_SgwA_45cm",1,NA,NA,NA,NA
"GWI","WC","SgwB",10,"Varian GC","M. Wegner",20231006,2023,"September","GWI_WC_SgwB_10cm",1,4,"Within Range",11374,"Within Range"
"GWI","WC","SgwB",20,"Varian GC","M. Wegner",20231006,2023,"September","GWI_WC_SgwB_20cm",1,6,"Within Range",36644,"Within Range"
"GWI","WC","SgwB",45,"Varian GC","M. Wegner",20231006,2023,"September","GWI_WC_SgwB_45cm",1,17,"Within Range",88351,"Needs Dilution"
"GWI","WC","SgwC",10,"Varian GC","M. Wegner",20231006,2023,"September","GWI_WC_SgwC_10cm",1,6,"Within Range",41210,"Within Range"
"GWI","WC","SgwC",20,"Varian GC","M. Wegner",20231006,2023,"September","GWI_WC_SgwC_20cm",1,12,"Within Range",53231,"Needs Dilution"
"GWI","WC","ATM",0,"Varian GC","M. Wegner",20231006,2023,"September","GWI_WC_ATM",1,12,"Within Range",1516,"Within Range"
"SWH","UP","SgwA",10,"Varian GC","M. Wegner",20231006,2023,"September","SWH_UPCON_SgwA_10cm",1,3,"Within Range",34972,"Within Range"
"SWH","UP","SgwA",20,"Varian GC","M. Wegner",20231006,2023,"September","SWH_UPCON_SgwA_20cm",1,3,"Within Range",51289,"Needs Dilution"
"SWH","UP","SgwA",45,"Varian GC","M. Wegner",20231006,2023,"September","SWH_UPCON_SgwA_45cm",1,14,"Within Range",117408,"Needs Dilution"
"SWH","UP","SgwB",10,"Varian GC","M. Wegner",20231006,2023,"September","SWH_UPCON_SgwB_10cm",1,2,"Within Range",19933,"Within Range"
"SWH","UP","SgwB",20,"Varian GC","M. Wegner",20231006,2023,"September","SWH_UPCON_SgwB_20cm",1,2,"Within Range",23856,"Within Range"
"SWH","UP","SgwB",45,"Varian GC","M. Wegner",20231006,2023,"September","SWH_UPCON_SgwB_45cm",1,11,"Within Range",57036,"Needs Dilution"
"SWH","UP","SgwC",10,"Varian GC","M. Wegner",20231006,2023,"September","SWH_UPCON_SgwC_10cm",1,2,"Within Range",15365,"Within Range"
"SWH","UP","SgwC",20,"Varian GC","M. Wegner",20231006,2023,"September","SWH_UPCON_SgwC_20cm",1,4,"Within Range",34196,"Within Range"
"SWH","UP","SgwC",45,"Varian GC","M. Wegner",20231006,2023,"September","SWH_UPCON_SgwC_45cm",1,9744,"Within Range",118006,"Needs Dilution"
"SWH","UP","ATM",0,"Varian GC","M. Wegner",20231006,2023,"September","SWH_UPCON_ATM",1,6,"Within Range",594,"Within Range"
"SWH","TR","SgwA",10,"Varian GC","M. Wegner",20231006,2023,"September","SWH_TR_SgwA_10cm",1,65335,"Needs Dilution",118111,"Needs Dilution"
"SWH","TR","SgwA",20,"Varian GC","M. Wegner",20231006,2023,"September","SWH_TR_SgwA_20cm",1,135888,"Needs Dilution",107436,"Needs Dilution"
"SWH","TR","SgwA",45,"Varian GC","M. Wegner",20231006,2023,"September","SWH_TR_SgwA_45cm",1,6470,"Within Range",11792,"Within Range"
"SWH","TR","SgwB",10,"Varian GC","M. Wegner",20231006,2023,"September","SWH_TR_SgwB_10cm",1,119785,"Needs Dilution",60089,"Needs Dilution"
"SWH","TR","SgwB",20,"Varian GC","M. Wegner",20231006,2023,"September","SWH_TR_SgwB_20cm",1,130185,"Needs Dilution",79692,"Needs Dilution"
"SWH","TR","SgwB",45,"Varian GC","M. Wegner",20231006,2023,"September","SWH_TR_SgwB_45cm",1,122019,"Needs Dilution",65704,"Needs Dilution"
"SWH","TR","SgwC",10,"Varian GC","M. Wegner",20231006,2023,"September","SWH_TR_SgwC_10cm",1,235,"Within Range",55179,"Needs Dilution"
"SWH","TR","SgwC",20,"Varian GC","M. Wegner",20231006,2023,"September","SWH_TR_SgwC_20cm",1,62473,"Needs Dilution",49181,"Within Range"
"SWH","TR","SgwC",45,"Varian GC","M. Wegner",20231006,2023,"September","SWH_TR_SgwC_45cm",1,9184,"Within Range",8752,"Within Range"
"SWH","TR","ATM",0,"Varian GC","M. Wegner",20231006,2023,"September","SWH_TR_ATM",1,74,"Within Range",794,"Within Range"
"SWH","WC","SgwA",10,"Varian GC","M. Wegner",20231006,2023,"September","SWH_WC_SgwA_10cm",1,49261,"Needs Dilution",102548,"Needs Dilution"
"SWH","WC","SgwA",20,"Varian GC","M. Wegner",20231006,2023,"September","SWH_WC_SgwA_20cm",1,91148,"Needs Dilution",106513,"Needs Dilution"
"SWH","WC","SgwA",45,"Varian GC","M. Wegner",20231006,2023,"September","SWH_WC_SgwA_45cm",1,37206,"Needs Dilution",81515,"Needs Dilution"
"SWH","WC","SgwB",10,"Varian GC","M. Wegner",20231006,2023,"September","SWH_WC_SgwB_10cm",1,59100,"Needs Dilution",97880,"Needs Dilution"
"SWH","WC","SgwB",20,"Varian GC","M. Wegner",20231006,2023,"September","SWH_WC_SgwB_20cm",1,72537,"Needs Dilution",117693,"Needs Dilution"
"SWH","WC","SgwB",45,"Varian GC","M. Wegner",20231006,2023,"September","SWH_WC_SgwB_45cm",1,13150,"Needs Dilution",88639,"Needs Dilution"
"SWH","WC","SgwC",10,"Varian GC","M. Wegner",20231006,2023,"September","SWH_WC_SgwC_10cm",1,59403,"Needs Dilution",107883,"Needs Dilution"
"SWH","WC","SgwC",20,"Varian GC","M. Wegner",20231006,2023,"September","SWH_WC_SgwC_20cm",1,41536,"Needs Dilution",99242,"Needs Dilution"
"SWH","WC","SgwC",45,"Varian GC","M. Wegner",20231006,2023,"September","SWH_WC_SgwC_45cm",1,50724,"Needs Dilution",92483,"Needs Dilution"
"SWH","WC","ATM",0,"Varian GC","M. Wegner",20231006,2023,"September","SWH_WC_ATM",1,41,"Within Range",503,"Within Range"
"MSM","UP","sgwA",10,"Varian GC","Wegner",20231127,2023,"October","MSM_UP_sgwA_10cm",1,3,"Within Range",8341,"Within Range"
"MSM","UP","SgwA",20,"Varian GC","Wegner",20231127,2023,"October","MSM_UP_SgwA_20cm",1,3,"Within Range",11685,"Within Range"
"MSM","UP","SgwA",45,"Varian GC","Wegner",20231127,2023,"October","MSM_UP_SgwA_45cm",1,9,"Within Range",48402,"Within Range"
"MSM","UP","SgwB",10,"Varian GC","Wegner",20231127,2023,"October","MSM_UP_SgwB_10cm",1,3,"Within Range",3315,"Within Range"
"MSM","UP","SgwB",20,"Varian GC","Wegner",20231127,2023,"October","MSM_UP_SgwB_20cm",1,3,"Within Range",8857,"Within Range"
"MSM","UP","SgwB",45,"Varian GC","Wegner",20231127,2023,"October","MSM_UP_SgwB_45cm",1,6,"Within Range",72123,"Needs Dilution"
"MSM","UP","SgwC",10,"Varian GC","Wegner",20231127,2023,"October","MSM_UP_SgwC_10cm",1,3,"Within Range",8021,"Within Range"
"MSM","UP","SgwC",20,"Varian GC","Wegner",20231127,2023,"October","MSM_UP_SgwC_20cm",1,3,"Within Range",7081,"Within Range"
"MSM","UP","SgwC",45,"Varian GC","Wegner",20231127,2023,"October","MSM_UP_SgwC_45cm",1,4,"Within Range",35564,"Within Range"
"MSM","UP","ATM",0,"Varian GC","Wegner",20231127,2023,"October","MSM_UP_ATM",1,3,"Within Range",603,"Within Range"
"MSM","TR","SgwA",10,"Varian GC","Wegner",20231127,2023,"October","MSM_TR_SgwA_10cm",1,68,"Within Range",53968,"Needs Dilution"
"MSM","TR","SgwB",10,"Varian GC","Wegner",20231127,2023,"October","MSM_TR_SgwB_10cm",1,408,"Within Range",57996,"Needs Dilution"
"MSM","TR","SgwB",20,"Varian GC","Wegner",20231127,2023,"October","MSM_TR_SgwB_20cm",1,33,"Within Range",33945,"Within Range"
"MSM","TR","SgwC",10,"Varian GC","Wegner",20231127,2023,"October","MSM_TR_SgwC_10cm",1,20,"Within Range",64650,"Needs Dilution"
"MSM","TR","SgwC",20,"Varian GC","Wegner",20231127,2023,"October","MSM_TR_SgwC_20cm",1,17,"Within Range",72431,"Needs Dilution"
"MSM","TR","SgwC",45,"Varian GC","Wegner",20231127,2023,"October","MSM_TR_SgwC_45cm",1,427,"Within Range",115625,"Needs Dilution"
"MSM","TR","ATM",0,"Varian GC","Wegner",20231127,2023,"October","MSM_TR_ATM",1,3,"Within Range",671,"Within Range"
"MSM","WC","SgwA",10,"Varian GC","Wegner",20231127,2023,"October","MSM_WC_SgwA_10cm",1,1369,"Within Range",33239,"Within Range"
"MSM","WC","SgwA",20,"Varian GC","Wegner",20231127,2023,"October","MSM_WC_SgwA_20cm",1,311,"Within Range",59791,"Needs Dilution"
"MSM","WC","SgwA",45,"Varian GC","Wegner",20231127,2023,"October","MSM_WC_SgwA_45cm",1,24,"Within Range",60488,"Needs Dilution"
"MSM","WC","SgwB",10,"Varian GC","Wegner",20231127,2023,"October","MSM_WC_SgwB_10cm",1,1628,"Within Range",74838,"Needs Dilution"
"MSM","WC","SgwB",20,"Varian GC","Wegner",20231127,2023,"October","MSM_WC_SgwB_20cm",1,797,"Within Range",77112,"Needs Dilution"
"MSM","WC","SgwB",45,"Varian GC","Wegner",20231127,2023,"October","MSM_WC_SgwB_45cm",1,555,"Within Range",88977,"Needs Dilution"
"MSM","WC","SgwC",10,"Varian GC","Wegner",20231127,2023,"October","MSM_WC_SgwC_10cm",1,2118,"Within Range",69904,"Needs Dilution"
"MSM","WC","SgwC",20,"Varian GC","Wegner",20231127,2023,"October","MSM_WC_SgwC_20cm",1,1096,"Within Range",68995,"Needs Dilution"
"MSM","WC","SgwC",45,"Varian GC","Wegner",20231127,2023,"October","MSM_WC_SgwC_45cm",1,13,"Within Range",68249,"Needs Dilution"
"MSM","WC","ATM",0,"Varian GC","Wegner",20231127,2023,"October","MSM_WC_ATM",1,3,"Within Range",630,"Within Range"
"GWI","UP","SgwA",10,"Varian GC","Wegner",20231127,2023,"October","GWI_UP_SgwA_10cm",1,3,"Within Range",4672,"Within Range"
"GWI","UP","SgwA",20,"Varian GC","Wegner",20231127,2023,"October","GWI_UP_SgwA_20cm",1,3,"Within Range",7364,"Within Range"
"GWI","UP","SgwA",45,"Varian GC","Wegner",20231127,2023,"October","GWI_UP_SgwA_45cm",1,6,"Within Range",62087,"Needs Dilution"
"GWI","UP","SgwB",10,"Varian GC","Wegner",20231127,2023,"October","GWI_UP_SgwB_10cm",1,3,"Within Range",2204,"Within Range"
"GWI","UP","SgwB",20,"Varian GC","Wegner",20231127,2023,"October","GWI_UP_SgwB_20cm",1,3,"Within Range",4675,"Within Range"
"GWI","UP","SgwB",45,"Varian GC","Wegner",20231127,2023,"October","GWI_UP_SgwB_45cm",1,2,"Within Range",33017,"Within Range"
"GWI","UP","SgwC",10,"Varian GC","Wegner",20231127,2023,"October","GWI_UP_SgwC_10cm",1,3,"Within Range",4970,"Within Range"
"GWI","UP","SgwC",20,"Varian GC","Wegner",20231127,2023,"October","GWI_UP_SgwC_20cm",1,3,"Within Range",6332,"Within Range"
"GWI","UP","SgwC",45,"Varian GC","Wegner",20231127,2023,"October","GWI_UP_SgwC_45cm",1,10,"Within Range",55754,"Needs Dilution"
"GWI","UP","ATM",0,"Varian GC","Wegner",20231127,2023,"October","GWI_UP_ATM",1,3,"Within Range",606,"Within Range"
"GWI","TR","SgwA",10,"Varian GC","Wegner",20231127,2023,"October","GWI_TR_SgwA_10cm",1,3,"Within Range",101485,"Needs Dilution"
"GWI","TR","SgwA",20,"Varian GC","Wegner",20231127,2023,"October","GWI_TR_SgwA_20cm",1,54,"Within Range",65167,"Needs Dilution"
"GWI","TR","SgwA",45,"Varian GC","Wegner",20231127,2023,"October","GWI_TR_SgwA_45cm",1,10,"Within Range",80665,"Needs Dilution"
"GWI","TR","SgwB",10,"Varian GC","Wegner",20231127,2023,"October","GWI_TR_SgwB_10cm",1,145,"Within Range",39856,"Within Range"
"GWI","TR","SgwB",20,"Varian GC","Wegner",20231127,2023,"October","GWI_TR_SgwB_20cm",1,36,"Within Range",77999,"Needs Dilution"
"GWI","TR","SgwC",10,"Varian GC","Wegner",20231127,2023,"October","GWI_TR_SgwC_10cm",1,33,"Within Range",29889,"Within Range"
"GWI","TR","SgwC",20,"Varian GC","Wegner",20231127,2023,"October","GWI_TR_SgwC_20cm",1,7,"Within Range",64626,"Needs Dilution"
"GWI","TR","ATM",0,"Varian GC","Wegner",20231127,2023,"October","GWI_TR_ATM",1,3,"Within Range",662,"Within Range"
"GWI","WC","SgwA",10,"Varian GC","Wegner",20231127,2023,"October","GWI_WC_SgwA_10cm",1,20,"Within Range",139367,"Needs Dilution"
"GWI","WC","SgwA",20,"Varian GC","Wegner",20231127,2023,"October","GWI_WC_SgwA_20cm",1,16,"Within Range",117965,"Needs Dilution"
"GWI","WC","SgwA",45,"Varian GC","Wegner",20231127,2023,"October","GWI_WC_SgwA_45cm",1,4,"Within Range",64328,"Needs Dilution"
"GWI","WC","SgwB",10,"Varian GC","Wegner",20231127,2023,"October","GWI_WC_SgwB_10cm",1,16,"Within Range",139339,"Needs Dilution"
"GWI","WC","SgwB",20,"Varian GC","Wegner",20231127,2023,"October","GWI_WC_SgwB_20cm",1,5,"Within Range",80169,"Needs Dilution"
"GWI","WC","SgwB",45,"Varian GC","Wegner",20231127,2023,"October","GWI_WC_SgwB_45cm",1,6,"Within Range",82828,"Needs Dilution"
"GWI","WC","SgwC",20,"Varian GC","Wegner",20231127,2023,"October","GWI_WC_SgwC_20cm",1,9,"Within Range",112982,"Needs Dilution"
"GWI","WC","SgwC",45,"Varian GC","Wegner",20231127,2023,"October","GWI_WC_SgwC_45cm",1,150,"Within Range",74964,"Needs Dilution"
"GWI","WC","ATM",0,"Varian GC","Wegner",20231127,2023,"October","GWI_WC_ATM",1,3,"Within Range",610,"Within Range"
"SWH","UP","SgwA",10,"Varian GC","Wegner",20231127,2023,"October","SWH_UPCON_SgwA_10cm",1,3,"Within Range",12908,"Within Range"
"SWH","UP","SgwA",20,"Varian GC","Wegner",20231127,2023,"October","SWH_UPCON_SgwA_20cm",1,5,"Within Range",23397,"Within Range"
"SWH","UP","SgwA",45,"Varian GC","Wegner",20231127,2023,"October","SWH_UPCON_SgwA_45cm",1,36,"Within Range",87957,"Needs Dilution"
"SWH","UP","SgwB",10,"Varian GC","Wegner",20231127,2023,"October","SWH_UPCON_SgwB_10cm",1,3,"Within Range",9271,"Within Range"
"SWH","UP","SgwB",20,"Varian GC","Wegner",20231127,2023,"October","SWH_UPCON_SgwB_20cm",1,3,"Within Range",13485,"Within Range"
"SWH","UP","SgwB",45,"Varian GC","Wegner",20231127,2023,"October","SWH_UPCON_SgwB_45cm",1,49,"Within Range",62167,"Needs Dilution"
"SWH","UP","SgwC",10,"Varian GC","Wegner",20231127,2023,"October","SWH_UPCON_SgwC_10cm",1,3,"Within Range",6769,"Within Range"
"SWH","UP","SgwC",20,"Varian GC","Wegner",20231127,2023,"October","SWH_UPCON_SgwC_20cm",1,7,"Within Range",15708,"Within Range"
"SWH","UP","ATM",0,"Varian GC","Wegner",20231127,2023,"October","SWH_UPCON_ATM",1,6,"Within Range",544,"Within Range"
"SWH","SWAMP","SgwA",10,"Varian GC","Wegner",20231127,2023,"October","SWH_UP_SgwA_10cm",1,4750,"Within Range",74081,"Needs Dilution"
"SWH","SWAMP","SgwA",20,"Varian GC","Wegner",20231127,2023,"October","SWH_UP_SgwA_20cm",1,79,"Within Range",63097,"Needs Dilution"
"SWH","SWAMP","SgwA",45,"Varian GC","Wegner",20231127,2023,"October","SWH_UP_SgwA_45cm",1,479,"Within Range",61307,"Needs Dilution"
"SWH","SWAMP","SgwB",10,"Varian GC","Wegner",20231127,2023,"October","SWH_UP_SgwB_10cm",1,10090,"Needs Dilution",33084,"Within Range"
"SWH","SWAMP","SgwB",20,"Varian GC","Wegner",20231127,2023,"October","SWH_UP_SgwB_20cm",1,230,"Within Range",52865,"Needs Dilution"
"SWH","SWAMP","SgwB",45,"Varian GC","Wegner",20231127,2023,"October","SWH_UP_SgwB_45cm",1,69,"Within Range",47584,"Within Range"
"SWH","SWAMP","SgwC",10,"Varian GC","Wegner",20231127,2023,"October","SWH_UP_SgwC_10cm",1,53,"Within Range",5270,"Within Range"
"SWH","SWAMP","SgwC",20,"Varian GC","Wegner",20231127,2023,"October","SWH_UP_SgwC_20cm",1,278,"Within Range",52824,"Needs Dilution"
"SWH","SWAMP","SgwC",45,"Varian GC","Wegner",20231127,2023,"October","SWH_UP_SgwC_45cm",1,292,"Within Range",58226,"Needs Dilution"
"SWH","SWAMP","ATM",0,"Varian GC","Wegner",20231127,2023,"October","SWH_UP_ATM",1,5,"Within Range",682,"Within Range"
"SWH","TR","SgwA",10,"Varian GC","Wegner",20231127,2023,"October","SWH_TR_SgwA_10cm",1,60475,"Needs Dilution",40918,"Within Range"
"SWH","TR","SgwA",20,"Varian GC","Wegner",20231127,2023,"October","SWH_TR_SgwA_20cm",1,124319,"Needs Dilution",84278,"Needs Dilution"
"SWH","TR","SgwB",10,"Varian GC","Wegner",20231127,2023,"October","SWH_TR_SgwB_10cm",1,184,"Within Range",42661,"Within Range"
"SWH","TR","SgwB",20,"Varian GC","Wegner",20231127,2023,"October","SWH_TR_SgwB_20cm",1,106018,"Needs Dilution",49825,"Within Range"
"SWH","TR","SgwB",45,"Varian GC","Wegner",20231127,2023,"October","SWH_TR_SgwB_45cm",1,114019,"Needs Dilution",47942,"Within Range"
"SWH","TR","SgwC",10,"Varian GC","Wegner",20231127,2023,"October","SWH_TR_SgwC_10cm",1,28,"Within Range",34116,"Within Range"
"SWH","TR","SgwC",20,"Varian GC","Wegner",20231127,2023,"October","SWH_TR_SgwC_20cm",1,29814,"Needs Dilution",26237,"Within Range"
"SWH","TR","SgwC",45,"Varian GC","Wegner",20231127,2023,"October","SWH_TR_SgwC_45cm",1,1125,"Within Range",5258,"Within Range"
"SWH","TR","ATM",0,"Varian GC","Wegner",20231127,2023,"October","SWH_TR_ATM",1,51,"Within Range",592,"Within Range"
"SWH","WC","SgwA",10,"Varian GC","Wegner",20231127,2023,"October","SWH_WC_SgwA_10cm",1,13442,"Needs Dilution",66358,"Needs Dilution"
"SWH","WC","SgwA",20,"Varian GC","Wegner",20231127,2023,"October","SWH_WC_SgwA_20cm",1,72302,"Needs Dilution",94419,"Needs Dilution"
"SWH","WC","SgwA",45,"Varian GC","Wegner",20231127,2023,"October","SWH_WC_SgwA_45cm",1,30388,"Needs Dilution",93845,"Needs Dilution"
"SWH","WC","SgwB",10,"Varian GC","Wegner",20231127,2023,"October","SWH_WC_SgwB_10cm",1,43716,"Needs Dilution",84027,"Needs Dilution"
"SWH","WC","SgwB",20,"Varian GC","Wegner",20231127,2023,"October","SWH_WC_SgwB_20cm",1,36976,"Needs Dilution",87034,"Needs Dilution"
"SWH","WC","SgwB",45,"Varian GC","Wegner",20231127,2023,"October","SWH_WC_SgwB_45cm",1,169,"Within Range",90016,"Needs Dilution"
"SWH","WC","SgwC",10,"Varian GC","Wegner",20231127,2023,"October","SWH_WC_SgwC_10cm",1,22741,"Needs Dilution",52916,"Needs Dilution"
"SWH","WC","SgwC",20,"Varian GC","Wegner",20231127,2023,"October","SWH_WC_SgwC_20cm",1,14344,"Needs Dilution",76821,"Needs Dilution"
"SWH","WC","ATM",0,"Varian GC","Wegner",20231127,2023,"October","SWH_WC_ATM",1,15,"Within Range",479,"Within Range"
"GCW","TR","SgwA",10,"Varian GC","Wegner",20231127,2023,"October","GCW_TR_SgwA_10cm",1,7,"Within Range",7702,"Within Range"
"GCW","TR","SgwA",20,"Varian GC","Wegner",20231127,2023,"October","GCW_TR_SgwA_20cm",1,18,"Within Range",33957,"Within Range"
"GCW","TR","SgwA",45,"Varian GC","Wegner",20231127,2023,"October","GCW_TR_SgwA_45cm",1,6,"Within Range",3752,"Within Range"
"GCW","TR","SgwB",10,"Varian GC","Wegner",20231127,2023,"October","GCW_TR_SgwB_10cm",1,47,"Within Range",13801,"Within Range"
"GCW","TR","SgwB",20,"Varian GC","Wegner",20231127,2023,"October","GCW_TR_SgwB_20cm",1,613,"Within Range",40513,"Within Range"
"GCW","TR","SgwB",45,"Varian GC","Wegner",20231127,2023,"October","GCW_TR_SgwB_45cm",1,274,"Within Range",46764,"Within Range"
"GCW","TR","SgwC",10,"Varian GC","Wegner",20231127,2023,"October","GCW_TR_SgwC_10cm",1,17,"Within Range",31340,"Within Range"
"GCW","TR","SgwC",20,"Varian GC","Wegner",20231127,2023,"October","GCW_TR_SgwC_20cm",1,99,"Within Range",50628,"Needs Dilution"
"GCW","TR","SgwC",45,"Varian GC","Wegner",20231127,2023,"October","GCW_TR_SgwC_45cm",1,26,"Within Range",53935,"Needs Dilution"
"GCW","TR","ATM",0,"Varian GC","Wegner",20231127,2023,"October","GCW_TR_ATM",1,4,"Within Range",648,"Within Range"
"GCW","WC","SgwA",10,"Varian GC","Wegner",20231127,2023,"October","GCW_WC_SgwA_10cm",1,12829,"Needs Dilution",84853,"Needs Dilution"
"GCW","WC","SgwA",20,"Varian GC","Wegner",20231127,2023,"October","GCW_WC_SgwA_20cm",1,12850,"Needs Dilution",88448,"Needs Dilution"
"GCW","WC","SgwA",45,"Varian GC","Wegner",20231127,2023,"October","GCW_WC_SgwA_45cm",1,16242,"Needs Dilution",91605,"Needs Dilution"
"GCW","WC","SgwB",10,"Varian GC","Wegner",20231127,2023,"October","GCW_WC_SgwB_10cm",1,30571,"Needs Dilution",102760,"Needs Dilution"
"GCW","WC","SgwB",20,"Varian GC","Wegner",20231127,2023,"October","GCW_WC_SgwB_20cm",1,11352,"Needs Dilution",97945,"Needs Dilution"
"GCW","WC","SgwB",45,"Varian GC","Wegner",20231127,2023,"October","GCW_WC_SgwB_45cm",1,11494,"Needs Dilution",84758,"Needs Dilution"
"GCW","WC","SgwC",10,"Varian GC","Wegner",20231127,2023,"October","GCW_WC_SgwC_10cm",1,2830,"Within Range",72273,"Needs Dilution"
"GCW","WC","SgwC",20,"Varian GC","Wegner",20231127,2023,"October","GCW_WC_SgwC_20cm",1,5864,"Within Range",72598,"Needs Dilution"
"GCW","WC","SgwC",45,"Varian GC","Wegner",20231127,2023,"October","GCW_WC_SgwC_45cm",1,1867,"Within Range",75193,"Needs Dilution"
"GCW","WC","ATM",0,"Varian GC","Wegner",20231127,2023,"October","GCW_WC_ATM",1,8,"Within Range",673,"Within Range"
"MSM","UP","sgwA",10,"Varian GC","Wegner",20231128,2023,"November","MSM_UP_sgwA_10cm",1,4,"Within Range",4964,"Within Range"
"MSM","UP","SgwA",20,"Varian GC","Wegner",20231128,2023,"November","MSM_UP_SgwA_20cm",1,3,"Within Range",9051,"Within Range"
"MSM","UP","SgwA",45,"Varian GC","Wegner",20231128,2023,"November","MSM_UP_SgwA_45cm",1,3,"Within Range",18396,"Within Range"
"MSM","UP","SgwB",10,"Varian GC","Wegner",20231128,2023,"November","MSM_UP_SgwB_10cm",1,3,"Within Range",2628,"Within Range"
"MSM","UP","SgwB",20,"Varian GC","Wegner",20231128,2023,"November","MSM_UP_SgwB_20cm",1,3,"Within Range",11943,"Within Range"
"MSM","UP","SgwB",45,"Varian GC","Wegner",20231128,2023,"November","MSM_UP_SgwB_45cm",1,2,"Within Range",61813,"Needs Dilution"
"MSM","UP","SgwC",10,"Varian GC","Wegner",20231128,2023,"November","MSM_UP_SgwC_10cm",1,3,"Within Range",10251,"Within Range"
"MSM","UP","SgwC",20,"Varian GC","Wegner",20231128,2023,"November","MSM_UP_SgwC_20cm",1,3,"Within Range",6246,"Within Range"
"MSM","UP","SgwC",45,"Varian GC","Wegner",20231128,2023,"November","MSM_UP_SgwC_45cm",1,2,"Within Range",40086,"Within Range"
"MSM","UP","ATM",0,"Varian GC","Wegner",20231128,2023,"November","MSM_UP_ATM",1,3,"Within Range",640,"Within Range"
"MSM","TR","SgwA",10,"Varian GC","Wegner",20231128,2023,"November","MSM_TR_SgwA_10cm",1,8,"Within Range",11436,"Within Range"
"MSM","TR","SgwA",20,"Varian GC","Wegner",20231128,2023,"November","MSM_TR_SgwA_20cm",1,8643,"Within Range",33784,"Within Range"
"MSM","TR","SgwA",45,"Varian GC","Wegner",20231128,2023,"November","MSM_TR_SgwA_45cm",1,1030,"Within Range",53807,"Needs Dilution"
"MSM","TR","SgwB",10,"Varian GC","Wegner",20231128,2023,"November","MSM_TR_SgwB_10cm",1,9,"Within Range",19398,"Within Range"
"MSM","TR","SgwB",20,"Varian GC","Wegner",20231128,2023,"November","MSM_TR_SgwB_20cm",1,27,"Within Range",34243,"Within Range"
"MSM","TR","SgwB",45,"Varian GC","Wegner",20231128,2023,"November","MSM_TR_SgwB_45cm",1,104,"Within Range",54421,"Needs Dilution"
"MSM","TR","SgwC",10,"Varian GC","Wegner",20231128,2023,"November","MSM_TR_SgwC_10cm",1,213,"Within Range",48642,"Within Range"
"MSM","TR","SgwC",20,"Varian GC","Wegner",20231128,2023,"November","MSM_TR_SgwC_20cm",1,17,"Within Range",60904,"Needs Dilution"
"MSM","TR","ATM",0,"Varian GC","Wegner",20231128,2023,"November","MSM_TR_ATM",1,3,"Within Range",710,"Within Range"
"MSM","WC","SgwA",20,"Varian GC","Wegner",20231128,2023,"November","MSM_WC_SgwA_20cm",1,337,"Within Range",53986,"Needs Dilution"
"MSM","WC","SgwA",45,"Varian GC","Wegner",20231128,2023,"November","MSM_WC_SgwA_45cm",1,12,"Within Range",50067,"Needs Dilution"
"MSM","WC","SgwB",10,"Varian GC","Wegner",20231128,2023,"November","MSM_WC_SgwB_10cm",1,1486,"Within Range",57527,"Needs Dilution"
"MSM","WC","SgwB",20,"Varian GC","Wegner",20231128,2023,"November","MSM_WC_SgwB_20cm",1,821,"Within Range",64029,"Needs Dilution"
"MSM","WC","SgwB",45,"Varian GC","Wegner",20231128,2023,"November","MSM_WC_SgwB_45cm",1,1198,"Within Range",97991,"Needs Dilution"
"MSM","WC","SgwC",10,"Varian GC","Wegner",20231128,2023,"November","MSM_WC_SgwC_10cm",1,2371,"Within Range",51644,"Needs Dilution"
"MSM","WC","SgwC",20,"Varian GC","Wegner",20231128,2023,"November","MSM_WC_SgwC_20cm",1,1005,"Within Range",61762,"Needs Dilution"
"MSM","WC","SgwC",45,"Varian GC","Wegner",20231128,2023,"November","MSM_WC_SgwC_45cm",1,11,"Within Range",62346,"Needs Dilution"
"MSM","WC","ATM",0,"Varian GC","Wegner",20231128,2023,"November","MSM_WC_ATM",1,3,"Within Range",687,"Within Range"
"GWI","UP","SgwA",10,"Varian GC","Wegner",20231128,2023,"November","GWI_UP_SgwA_10cm",1,3,"Within Range",3580,"Within Range"
"GWI","UP","SgwA",20,"Varian GC","Wegner",20231128,2023,"November","GWI_UP_SgwA_20cm",1,3,"Within Range",7138,"Within Range"
"GWI","UP","SgwA",45,"Varian GC","Wegner",20231128,2023,"November","GWI_UP_SgwA_45cm",1,5,"Within Range",53919,"Needs Dilution"
"GWI","UP","SgwB",10,"Varian GC","Wegner",20231128,2023,"November","GWI_UP_SgwB_10cm",1,3,"Within Range",3084,"Within Range"
"GWI","UP","SgwB",20,"Varian GC","Wegner",20231128,2023,"November","GWI_UP_SgwB_20cm",1,4,"Within Range",4441,"Within Range"
"GWI","UP","SgwB",45,"Varian GC","Wegner",20231128,2023,"November","GWI_UP_SgwB_45cm",1,3,"Within Range",6277,"Within Range"
"GWI","UP","SgwC",10,"Varian GC","Wegner",20231128,2023,"November","GWI_UP_SgwC_10cm",1,3,"Within Range",4773,"Within Range"
"GWI","UP","SgwC",20,"Varian GC","Wegner",20231128,2023,"November","GWI_UP_SgwC_20cm",1,4,"Within Range",6799,"Within Range"
"GWI","UP","SgwC",45,"Varian GC","Wegner",20231128,2023,"November","GWI_UP_SgwC_45cm",1,7,"Within Range",9360,"Within Range"
"GWI","UP","ATM",0,"Varian GC","Wegner",20231128,2023,"November","GWI_UP_ATM",1,3,"Within Range",946,"Within Range"
"GWI","TR","SgwA",10,"Varian GC","Wegner",20231128,2023,"November","GWI_TR_SgwA_10cm",1,2,"Within Range",102740,"Needs Dilution"
"GWI","TR","SgwA",20,"Varian GC","Wegner",20231128,2023,"November","GWI_TR_SgwA_20cm",1,5,"Within Range",56481,"Needs Dilution"
"GWI","TR","SgwA",45,"Varian GC","Wegner",20231128,2023,"November","GWI_TR_SgwA_45cm",1,18,"Within Range",60001,"Needs Dilution"
"GWI","TR","SgwB",10,"Varian GC","Wegner",20231128,2023,"November","GWI_TR_SgwB_10cm",1,116,"Within Range",52245,"Needs Dilution"
"GWI","TR","SgwB",20,"Varian GC","Wegner",20231128,2023,"November","GWI_TR_SgwB_20cm",1,12,"Within Range",69549,"Needs Dilution"
"GWI","TR","SgwB",45,"Varian GC","Wegner",20231128,2023,"November","GWI_TR_SgwB_45cm",1,230,"Within Range",7631,"Within Range"
"GWI","TR","SgwC",10,"Varian GC","Wegner",20231128,2023,"November","GWI_TR_SgwC_10cm",1,4,"Within Range",7375,"Within Range"
"GWI","TR","SgwC",20,"Varian GC","Wegner",20231128,2023,"November","GWI_TR_SgwC_20cm",1,6,"Within Range",65481,"Needs Dilution"
"GWI","TR","SgwC",45,"Varian GC","Wegner",20231128,2023,"November","GWI_TR_SgwC_45cm",1,60,"Within Range",35651,"Within Range"
"GWI","TR","ATM",0,"Varian GC","Wegner",20231128,2023,"November","GWI_TR_ATM",1,3,"Within Range",706,"Within Range"
"GWI","WC","SgwA",10,"Varian GC","Wegner",20231128,2023,"November","GWI_WC_SgwA_10cm",1,10,"Within Range",106721,"Needs Dilution"
"GWI","WC","SgwA",20,"Varian GC","Wegner",20231128,2023,"November","GWI_WC_SgwA_20cm",1,10,"Within Range",94184,"Needs Dilution"
"GWI","WC","SgwA",45,"Varian GC","Wegner",20231128,2023,"November","GWI_WC_SgwA_45cm",1,3,"Within Range",46203,"Within Range"
"GWI","WC","SgwB",10,"Varian GC","Wegner",20231128,2023,"November","GWI_WC_SgwB_10cm",1,4,"Within Range",107677,"Needs Dilution"
"GWI","WC","SgwB",20,"Varian GC","Wegner",20231128,2023,"November","GWI_WC_SgwB_20cm",1,4,"Within Range",68501,"Needs Dilution"
"GWI","WC","SgwB",45,"Varian GC","Wegner",20231128,2023,"November","GWI_WC_SgwB_45cm",1,3,"Within Range",62381,"Needs Dilution"
"GWI","WC","SgwC",20,"Varian GC","Wegner",20231128,2023,"November","GWI_WC_SgwC_20cm",1,20,"Within Range",119262,"Needs Dilution"
"GWI","WC","SgwC",45,"Varian GC","Wegner",20231128,2023,"November","GWI_WC_SgwC_45cm",1,10,"Within Range",70559,"Needs Dilution"
"GWI","WC","ATM",0,"Varian GC","Wegner",20231128,2023,"November","GWI_WC_ATM",1,3,"Within Range",707,"Within Range"
"SWH","UP","SgwA",10,"Varian GC","Wegner",20231128,2023,"November","SWH_UPCON_SgwA_10cm",1,2,"Within Range",14686,"Within Range"
"SWH","UP","SgwA",20,"Varian GC","Wegner",20231128,2023,"November","SWH_UPCON_SgwA_20cm",1,4,"Within Range",22699,"Within Range"
"SWH","UP","SgwA",45,"Varian GC","Wegner",20231128,2023,"November","SWH_UPCON_SgwA_45cm",1,2,"Within Range",75894,"Needs Dilution"
"SWH","UP","SgwB",10,"Varian GC","Wegner",20231128,2023,"November","SWH_UPCON_SgwB_10cm",1,3,"Within Range",9739,"Within Range"
"SWH","UP","SgwB",20,"Varian GC","Wegner",20231128,2023,"November","SWH_UPCON_SgwB_20cm",1,3,"Within Range",12800,"Within Range"
"SWH","UP","SgwB",45,"Varian GC","Wegner",20231128,2023,"November","SWH_UPCON_SgwB_45cm",1,12,"Within Range",38750,"Within Range"
"SWH","UP","SgwC",10,"Varian GC","Wegner",20231128,2023,"November","SWH_UPCON_SgwC_10cm",1,3,"Within Range",8328,"Within Range"
"SWH","UP","SgwC",20,"Varian GC","Wegner",20231128,2023,"November","SWH_UPCON_SgwC_20cm",1,19,"Within Range",15664,"Within Range"
"SWH","UP","SgwC",45,"Varian GC","Wegner",20231128,2023,"November","SWH_UPCON_SgwC_45cm",1,44838,"Needs Dilution",84144,"Needs Dilution"
"SWH","UP","ATM",0,"Varian GC","Wegner",20231128,2023,"November","SWH_UPCON_ATM",1,22,"Within Range",729,"Within Range"
"SWH","SWAMP","SgwA",10,"Varian GC","Wegner",20231128,2023,"November","SWH_UP_SgwA_10cm",1,2199,"Within Range",72193,"Needs Dilution"
"SWH","SWAMP","SgwA",20,"Varian GC","Wegner",20231128,2023,"November","SWH_UP_SgwA_20cm",1,77,"Within Range",58671,"Needs Dilution"
"SWH","SWAMP","SgwA",45,"Varian GC","Wegner",20231128,2023,"November","SWH_UP_SgwA_45cm",1,114,"Within Range",57111,"Needs Dilution"
"SWH","SWAMP","SgwB",10,"Varian GC","Wegner",20231128,2023,"November","SWH_UP_SgwB_10cm",1,36455,"Needs Dilution",55561,"Needs Dilution"
"SWH","SWAMP","SgwB",20,"Varian GC","Wegner",20231128,2023,"November","SWH_UP_SgwB_20cm",1,197,"Within Range",47760,"Within Range"
"SWH","SWAMP","SgwB",45,"Varian GC","Wegner",20231128,2023,"November","SWH_UP_SgwB_45cm",1,108,"Within Range",57274,"Needs Dilution"
"SWH","SWAMP","SgwC",10,"Varian GC","Wegner",20231128,2023,"November","SWH_UP_SgwC_10cm",1,694,"Within Range",53504,"Needs Dilution"
"SWH","SWAMP","SgwC",20,"Varian GC","Wegner",20231128,2023,"November","SWH_UP_SgwC_20cm",1,759,"Within Range",58137,"Needs Dilution"
"SWH","SWAMP","SgwC",45,"Varian GC","Wegner",20231128,2023,"November","SWH_UP_SgwC_45cm",1,62,"Within Range",55759,"Needs Dilution"
"SWH","SWAMP","ATM",0,"Varian GC","Wegner",20231128,2023,"November","SWH_UP_ATM",1,5,"Within Range",768,"Within Range"
"SWH","TR","SgwA",10,"Varian GC","Wegner",20231128,2023,"November","SWH_TR_SgwA_10cm",1,50001,"Needs Dilution",46622,"Within Range"
"SWH","TR","SgwA",20,"Varian GC","Wegner",20231128,2023,"November","SWH_TR_SgwA_20cm",1,99004,"Needs Dilution",56039,"Needs Dilution"
"SWH","TR","SgwB",10,"Varian GC","Wegner",20231128,2023,"November","SWH_TR_SgwB_10cm",1,409,"Within Range",19043,"Within Range"
"SWH","TR","SgwB",20,"Varian GC","Wegner",20231128,2023,"November","SWH_TR_SgwB_20cm",1,76665,"Needs Dilution",34556,"Within Range"
"SWH","TR","SgwB",45,"Varian GC","Wegner",20231128,2023,"November","SWH_TR_SgwB_45cm",1,39260,"Needs Dilution",42656,"Within Range"
"SWH","TR","SgwC",10,"Varian GC","Wegner",20231128,2023,"November","SWH_TR_SgwC_10cm",1,62,"Within Range",19642,"Within Range"
"SWH","TR","SgwC",20,"Varian GC","Wegner",20231128,2023,"November","SWH_TR_SgwC_20cm",1,64,"Within Range",25110,"Within Range"
"SWH","TR","ATM",0,"Varian GC","Wegner",20231128,2023,"November","SWH_TR_ATM",1,12,"Within Range",679,"Within Range"
"SWH","WC","SgwA",20,"Varian GC","Wegner",20231128,2023,"November","SWH_WC_SgwA_20cm",1,480,"Within Range",48107,"Within Range"
"SWH","WC","SgwA",45,"Varian GC","Wegner",20231128,2023,"November","SWH_WC_SgwA_45cm",1,2206,"Within Range",91442,"Needs Dilution"
"SWH","WC","SgwB",10,"Varian GC","Wegner",20231128,2023,"November","SWH_WC_SgwB_10cm",1,12294,"Needs Dilution",54866,"Needs Dilution"
"SWH","WC","SgwB",20,"Varian GC","Wegner",20231128,2023,"November","SWH_WC_SgwB_20cm",1,5839,"Within Range",48735,"Within Range"
"SWH","WC","SgwB",45,"Varian GC","Wegner",20231128,2023,"November","SWH_WC_SgwB_45cm",1,13,"Within Range",79433,"Needs Dilution"
"SWH","WC","SgwC",10,"Varian GC","Wegner",20231128,2023,"November","SWH_WC_SgwC_10cm",1,307,"Within Range",41528,"Within Range"
"SWH","WC","SgwC",20,"Varian GC","Wegner",20231128,2023,"November","SWH_WC_SgwC_20cm",1,1458,"Within Range",76358,"Needs Dilution"
"SWH","WC","SgwC",45,"Varian GC","Wegner",20231128,2023,"November","SWH_WC_SgwC_45cm",1,68,"Within Range",73576,"Needs Dilution"
"SWH","WC","ATM",0,"Varian GC","Wegner",20231128,2023,"November","SWH_WC_ATM",1,3,"Within Range",688,"Within Range"
"GCW","TR","SgwA",10,"Varian GC","Wegner",20231128,2023,"November","GCW_TR_SgwA_10cm",1,3,"Within Range",5205,"Within Range"
"GCW","TR","SgwA",20,"Varian GC","Wegner",20231128,2023,"November","GCW_TR_SgwA_20cm",1,2,"Within Range",25597,"Within Range"
"GCW","TR","SgwA",45,"Varian GC","Wegner",20231128,2023,"November","GCW_TR_SgwA_45cm",1,3,"Within Range",528,"Within Range"
"GCW","TR","SgwB",10,"Varian GC","Wegner",20231128,2023,"November","GCW_TR_SgwB_10cm",1,49,"Within Range",10813,"Within Range"
"GCW","TR","SgwB",20,"Varian GC","Wegner",20231128,2023,"November","GCW_TR_SgwB_20cm",1,10,"Within Range",13716,"Within Range"
"GCW","TR","SgwB",45,"Varian GC","Wegner",20231128,2023,"November","GCW_TR_SgwB_45cm",1,9,"Within Range",67149,"Needs Dilution"
"GCW","TR","SgwC",10,"Varian GC","Wegner",20231128,2023,"November","GCW_TR_SgwC_10cm",1,72,"Within Range",47513,"Within Range"
"GCW","TR","SgwC",20,"Varian GC","Wegner",20231128,2023,"November","GCW_TR_SgwC_20cm",1,37,"Within Range",57817,"Needs Dilution"
"GCW","TR","SgwC",45,"Varian GC","Wegner",20231128,2023,"November","GCW_TR_SgwC_45cm",1,11,"Within Range",55243,"Needs Dilution"
"GCW","TR","ATM",0,"Varian GC","Wegner",20231128,2023,"November","GCW_TR_ATM",1,3,"Within Range",672,"Within Range"
"GCW","WC","SgwA",10,"Varian GC","Wegner",20231128,2023,"November","GCW_WC_SgwA_10cm",1,29190,"Needs Dilution",66584,"Needs Dilution"
"GCW","WC","SgwA",20,"Varian GC","Wegner",20231128,2023,"November","GCW_WC_SgwA_20cm",1,19705,"Needs Dilution",61389,"Needs Dilution"
"GCW","WC","SgwA",45,"Varian GC","Wegner",20231128,2023,"November","GCW_WC_SgwA_45cm",1,31877,"Needs Dilution",74479,"Needs Dilution"
"GCW","WC","SgwB",10,"Varian GC","Wegner",20231128,2023,"November","GCW_WC_SgwB_10cm",1,2670,"Within Range",41676,"Within Range"
"GCW","WC","SgwB",20,"Varian GC","Wegner",20231128,2023,"November","GCW_WC_SgwB_20cm",1,6060,"Within Range",60215,"Needs Dilution"
"GCW","WC","SgwB",45,"Varian GC","Wegner",20231128,2023,"November","GCW_WC_SgwB_45cm",1,22799,"Needs Dilution",75822,"Needs Dilution"
"GCW","WC","SgwC",10,"Varian GC","Wegner",20231128,2023,"November","GCW_WC_SgwC_10cm",1,3088,"Within Range",34137,"Within Range"
"GCW","WC","SgwC",20,"Varian GC","Wegner",20231128,2023,"November","GCW_WC_SgwC_20cm",1,8841,"Within Range",52181,"Needs Dilution"
"GCW","WC","SgwC",45,"Varian GC","Wegner",20231128,2023,"November","GCW_WC_SgwC_45cm",1,3657,"Within Range",40329,"Within Range"
"GCW","WC","ATM",0,"Varian GC","Wegner",20231128,2023,"November","GCW_WC_ATM",1,7,"Within Range",656,"Within Range"
"SWH","UP","SgwA",10,"Varian GC","Wegner",20240628,2024,"April","SWH_UP_SgwA_10cm",1,2,"Within Range",34062,"Within Range"
"SWH","UP","SgwA",20,"Varian GC","Wegner",20240628,2024,"April","SWH_UP_SgwA_20cm",1,6,"Within Range",34844,"Within Range"
"SWH","UP","SgwA",45,"Varian GC","Wegner",20240628,2024,"April","SWH_UP_SgwA_45cm",1,4036,"Within Range",35849,"Within Range"
"SWH","UP","SgwB",10,"Varian GC","Wegner",20240628,2024,"April","SWH_UP_SgwB_10cm",1,2,"Within Range",12012,"Within Range"
"SWH","UP","SgwB",20,"Varian GC","Wegner",20240628,2024,"April","SWH_UP_SgwB_20cm",1,8,"Within Range",24228,"Within Range"
"SWH","UP","SgwB",45,"Varian GC","Wegner",20240628,2024,"April","SWH_UP_SgwB_45cm",1,6,"Within Range",41909,"Within Range"
"SWH","UP","SgwC",10,"Varian GC","Wegner",20240628,2024,"April","SWH_UP_SgwC_10cm",1,2,"Within Range",6583,"Within Range"
"SWH","UP","SgwC",20,"Varian GC","Wegner",20240628,2024,"April","SWH_UP_SgwC_20cm",1,63,"Within Range",42296,"Within Range"
"SWH","UP","SgwC",45,"Varian GC","Wegner",20240628,2024,"April","SWH_UP_SgwC_45cm",1,NA,NA,NA,NA
"SWH","UP","ATM",0,"Varian GC","Wegner",20240628,2024,"April","SWH_UP_ATM",1,2,"Within Range",357,"Within Range"
"SWH","SWAMP","SgwA",10,"Varian GC","Wegner",20240628,2024,"April","SWH_SWAMP_SgwA_10cm",1,24229,"Needs Dilution",16161,"Within Range"
"SWH","SWAMP","SgwA",20,"Varian GC","Wegner",20240628,2024,"April","SWH_SWAMP_SgwA_20cm",1,8,"Within Range",244,"Within Range"
"SWH","SWAMP","SgwA",45,"Varian GC","Wegner",20240628,2024,"April","SWH_SWAMP_SgwA_45cm",1,NA,NA,NA,NA
"SWH","SWAMP","SgwB",10,"Varian GC","Wegner",20240628,2024,"April","SWH_SWAMP_SgwB_10cm",1,74,"Within Range",21599,"Within Range"
"SWH","SWAMP","SgwB",20,"Varian GC","Wegner",20240628,2024,"April","SWH_SWAMP_SgwB_20cm",1,19,"Within Range",21058,"Within Range"
"SWH","SWAMP","SgwB",45,"Varian GC","Wegner",20240628,2024,"April","SWH_SWAMP_SgwB_45cm",1,9,"Within Range",21479,"Within Range"
"SWH","SWAMP","SgwC",10,"Varian GC","Wegner",20240628,2024,"April","SWH_SWAMP_SgwC_10cm",1,62,"Within Range",9710,"Within Range"
"SWH","SWAMP","SgwC",20,"Varian GC","Wegner",20240628,2024,"April","SWH_SWAMP_SgwC_20cm",1,106,"Within Range",11106,"Within Range"
"SWH","SWAMP","SgwC",45,"Varian GC","Wegner",20240628,2024,"April","SWH_SWAMP_SgwC_45cm",1,17,"Within Range",20235,"Within Range"
"SWH","SWAMP","ATM",0,"Varian GC","Wegner",20240628,2024,"April","SWH_SWAMP_ATM",1,2,"Within Range",714,"Within Range"
"SWH","TR","SgwA",10,"Varian GC","Wegner",20240628,2024,"April","SWH_TR_SgwA_10cm",1,78057,"Needs Dilution",47313,"Within Range"
"SWH","TR","SgwA",20,"Varian GC","Wegner",20240628,2024,"April","SWH_TR_SgwA_20cm",1,100344,"Needs Dilution",40405,"Within Range"
"SWH","TR","SgwA",45,"Varian GC","Wegner",20240628,2024,"April","SWH_TR_SgwA_45cm",1,NA,NA,NA,NA
"SWH","TR","SgwB",10,"Varian GC","Wegner",20240628,2024,"April","SWH_TR_SgwB_10cm",1,180,"Within Range",25150,"Within Range"
"SWH","TR","SgwB",20,"Varian GC","Wegner",20240628,2024,"April","SWH_TR_SgwB_20cm",1,23313,"Needs Dilution",23834,"Within Range"
"SWH","TR","SgwB",45,"Varian GC","Wegner",20240628,2024,"April","SWH_TR_SgwB_45cm",1,37527,"Needs Dilution",20960,"Within Range"
"SWH","TR","SgwC",10,"Varian GC","Wegner",20240628,2024,"April","SWH_TR_SgwC_10cm",1,136,"Within Range",3327,"Within Range"
"SWH","TR","SgwC",20,"Varian GC","Wegner",20240628,2024,"April","SWH_TR_SgwC_20cm",1,949,"Within Range",28456,"Within Range"
"SWH","TR","SgwC",45,"Varian GC","Wegner",20240628,2024,"April","SWH_TR_SgwC_45cm",1,NA,NA,NA,NA
"SWH","TR","ATM",0,"Varian GC","Wegner",20240628,2024,"April","SWH_TR_ATM",1,13,"Within Range",669,"Within Range"
"SWH","WC","SgwA",10,"Varian GC","Wegner",20240628,2024,"April","SWH_WC_SgwA_10cm",1,11933,"Needs Dilution",33609,"Within Range"
"SWH","WC","SgwA",20,"Varian GC","Wegner",20240628,2024,"April","SWH_WC_SgwA_20cm",1,10169,"Needs Dilution",35556,"Within Range"
"SWH","WC","SgwA",45,"Varian GC","Wegner",20240628,2024,"April","SWH_WC_SgwA_45cm",1,26,"Within Range",53041,"Needs Dilution"
"SWH","WC","SgwB",10,"Varian GC","Wegner",20240628,2024,"April","SWH_WC_SgwB_10cm",1,NA,NA,NA,NA
"SWH","WC","SgwB",20,"Varian GC","Wegner",20240628,2024,"April","SWH_WC_SgwB_20cm",1,40,"Within Range",22175,"Within Range"
"SWH","WC","SgwB",45,"Varian GC","Wegner",20240628,2024,"April","SWH_WC_SgwB_45cm",1,99,"Within Range",53413,"Needs Dilution"
"SWH","WC","SgwC",10,"Varian GC","Wegner",20240628,2024,"April","SWH_WC_SgwC_10cm",1,NA,NA,NA,NA
"SWH","WC","SgwC",20,"Varian GC","Wegner",20240628,2024,"April","SWH_WC_SgwC_20cm",1,28,"Within Range",41710,"Within Range"
"SWH","WC","SgwC",45,"Varian GC","Wegner",20240628,2024,"April","SWH_WC_SgwC_45cm",1,NA,NA,NA,NA
"SWH","WC","ATM",0,"Varian GC","Wegner",20240628,2024,"April","SWH_WC_ATM",1,5,"Within Range",352,"Within Range"
"SWH","UP","SgwA",10,"Varian GC","Wegner",20240628,2024,"May","SWH_UP_SgwA_10cm",1,2,"Within Range",31498,"Within Range"
"SWH","UP","SgwA",20,"Varian GC","Wegner",20240628,2024,"May","SWH_UP_SgwA_20cm",1,2,"Within Range",41661,"Within Range"
"SWH","UP","SgwA",45,"Varian GC","Wegner",20240628,2024,"May","SWH_UP_SgwA_45cm",1,5675,"Within Range",46006,"Within Range"
"SWH","UP","SgwB",10,"Varian GC","Wegner",20240628,2024,"May","SWH_UP_SgwB_10cm",1,3,"Within Range",23578,"Within Range"
"SWH","UP","SgwB",20,"Varian GC","Wegner",20240628,2024,"May","SWH_UP_SgwB_20cm",1,4,"Within Range",33983,"Within Range"
"SWH","UP","SgwB",45,"Varian GC","Wegner",20240628,2024,"May","SWH_UP_SgwB_45cm",1,2,"Within Range",51228,"Needs Dilution"
"SWH","UP","SgwC",10,"Varian GC","Wegner",20240628,2024,"May","SWH_UP_SgwC_10cm",1,3,"Within Range",502,"Within Range"
"SWH","UP","SgwC",20,"Varian GC","Wegner",20240628,2024,"May","SWH_UP_SgwC_20cm",1,220,"Within Range",69428,"Needs Dilution"
"SWH","UP","SgwC",45,"Varian GC","Wegner",20240628,2024,"May","SWH_UP_SgwC_45cm",1,107,"Within Range",43403,"Within Range"
"SWH","UP","ATM",0,"Varian GC","Wegner",20240628,2024,"May","SWH_UP_ATM",1,3,"Within Range",714,"Within Range"
"SWH","SWAMP","SgwA",10,"Varian GC","Wegner",20240628,2024,"May","SWH_SWAMP_SgwA_10cm",1,228,"Within Range",32084,"Within Range"
"SWH","SWAMP","SgwA",20,"Varian GC","Wegner",20240628,2024,"May","SWH_SWAMP_SgwA_20cm",1,NA,NA,NA,NA
"SWH","SWAMP","SgwA",45,"Varian GC","Wegner",20240628,2024,"May","SWH_SWAMP_SgwA_45cm",1,32,"Within Range",23337,"Within Range"
"SWH","SWAMP","SgwB",10,"Varian GC","Wegner",20240628,2024,"May","SWH_SWAMP_SgwB_10cm",1,722,"Within Range",28420,"Within Range"
"SWH","SWAMP","SgwB",20,"Varian GC","Wegner",20240628,2024,"May","SWH_SWAMP_SgwB_20cm",1,23,"Within Range",24683,"Within Range"
"SWH","SWAMP","SgwB",45,"Varian GC","Wegner",20240628,2024,"May","SWH_SWAMP_SgwB_45cm",1,14,"Within Range",25125,"Within Range"
"SWH","SWAMP","SgwC",10,"Varian GC","Wegner",20240628,2024,"May","SWH_SWAMP_SgwC_10cm",1,19,"Within Range",15498,"Within Range"
"SWH","SWAMP","SgwC",20,"Varian GC","Wegner",20240628,2024,"May","SWH_SWAMP_SgwC_20cm",1,76,"Within Range",15920,"Within Range"
"SWH","SWAMP","SgwC",45,"Varian GC","Wegner",20240628,2024,"May","SWH_SWAMP_SgwC_45cm",1,44,"Within Range",25240,"Within Range"
"SWH","SWAMP","ATM",0,"Varian GC","Wegner",20240628,2024,"May","SWH_SWAMP_ATM",1,3,"Within Range",427,"Within Range"
"SWH","TR","SgwA",10,"Varian GC","Wegner",20240628,2024,"May","SWH_TR_SgwA_10cm",1,129781,"Needs Dilution",84608,"Needs Dilution"
"SWH","TR","SgwA",20,"Varian GC","Wegner",20240628,2024,"May","SWH_TR_SgwA_20cm",1,87284,"Needs Dilution",68658,"Needs Dilution"
"SWH","TR","SgwA",45,"Varian GC","Wegner",20240628,2024,"May","SWH_TR_SgwA_45cm",1,8711,"Within Range",72929,"Needs Dilution"
"SWH","TR","SgwB",10,"Varian GC","Wegner",20240628,2024,"May","SWH_TR_SgwB_10cm",1,2484,"Within Range",48754,"Within Range"
"SWH","TR","SgwB",20,"Varian GC","Wegner",20240628,2024,"May","SWH_TR_SgwB_20cm",1,64699,"Needs Dilution",41881,"Within Range"
"SWH","TR","SgwB",45,"Varian GC","Wegner",20240628,2024,"May","SWH_TR_SgwB_45cm",1,53219,"Needs Dilution",29562,"Within Range"
"SWH","TR","SgwC",10,"Varian GC","Wegner",20240628,2024,"May","SWH_TR_SgwC_10cm",1,102,"Within Range",4084,"Within Range"
"SWH","TR","SgwC",20,"Varian GC","Wegner",20240628,2024,"May","SWH_TR_SgwC_20cm",1,732,"Within Range",46370,"Within Range"
"SWH","TR","SgwC",45,"Varian GC","Wegner",20240628,2024,"May","SWH_TR_SgwC_45cm",1,45138,"Needs Dilution",61983,"Needs Dilution"
"SWH","TR","ATM",0,"Varian GC","Wegner",20240628,2024,"May","SWH_TR_ATM",1,48,"Within Range",838,"Within Range"
"SWH","WC","SgwA",10,"Varian GC","Wegner",20240628,2024,"May","SWH_WC_SgwA_10cm",1,33978,"Needs Dilution",51859,"Needs Dilution"
"SWH","WC","SgwA",20,"Varian GC","Wegner",20240628,2024,"May","SWH_WC_SgwA_20cm",1,3631,"Within Range",56884,"Needs Dilution"
"SWH","WC","SgwA",45,"Varian GC","Wegner",20240628,2024,"May","SWH_WC_SgwA_45cm",1,160,"Within Range",69899,"Needs Dilution"
"SWH","WC","SgwB",10,"Varian GC","Wegner",20240628,2024,"May","SWH_WC_SgwB_10cm",1,36,"Within Range",59084,"Needs Dilution"
"SWH","WC","SgwB",20,"Varian GC","Wegner",20240628,2024,"May","SWH_WC_SgwB_20cm",1,695,"Within Range",55986,"Needs Dilution"
"SWH","WC","SgwB",45,"Varian GC","Wegner",20240628,2024,"May","SWH_WC_SgwB_45cm",1,229,"Within Range",70489,"Needs Dilution"
"SWH","WC","SgwC",10,"Varian GC","Wegner",20240628,2024,"May","SWH_WC_SgwC_10cm",1,75922,"Needs Dilution",60217,"Needs Dilution"
"SWH","WC","SgwC",20,"Varian GC","Wegner",20240628,2024,"May","SWH_WC_SgwC_20cm",1,109,"Within Range",74574,"Needs Dilution"
"SWH","WC","SgwC",45,"Varian GC","Wegner",20240628,2024,"May","SWH_WC_SgwC_45cm",1,49,"Within Range",70864,"Needs Dilution"
"SWH","WC","ATM",0,"Varian GC","Wegner",20240628,2024,"May","SWH_WC_ATM",1,7,"Within Range",768,"Within Range"
"GCW","TR","SgwA",10,"Varian GC","Wegner",20240627,2024,"April","GCW_TR_SgwA_10cm",1,434,"Within Range",NA,"Within Range"
"GCW","TR","SgwA",20,"Varian GC","Wegner",20240627,2024,"April","GCW_TR_SgwA_20cm",1,4,"Within Range",NA,"Within Range"
"GCW","TR","SgwA",45,"Varian GC","Wegner",20240627,2024,"April","GCW_TR_SgwA_45cm",1,NA,NA,NA,NA
"GCW","TR","SgwB",10,"Varian GC","Wegner",20240627,2024,"April","GCW_TR_SgwB_10cm",1,23,"Within Range",NA,"Within Range"
"GCW","TR","SgwB",20,"Varian GC","Wegner",20240627,2024,"April","GCW_TR_SgwB_20cm",1,29,"Within Range",NA,"Within Range"
"GCW","TR","SgwB",45,"Varian GC","Wegner",20240627,2024,"April","GCW_TR_SgwB_45cm",1,13,"Within Range",NA,"Within Range"
"GCW","TR","SgwC",10,"Varian GC","Wegner",20240627,2024,"April","GCW_TR_SgwC_10cm",1,272,"Within Range",NA,"Needs Dilution"
"GCW","TR","SgwC",20,"Varian GC","Wegner",20240627,2024,"April","GCW_TR_SgwC_20cm",1,270,"Within Range",NA,"Within Range"
"GCW","TR","SgwC",45,"Varian GC","Wegner",20240627,2024,"April","GCW_TR_SgwC_45cm",1,9,"Within Range",NA,"Within Range"
"GCW","TR","ATM",0,"Varian GC","Wegner",20240627,2024,"April","GCW_TR_ATM",1,3,"Within Range",NA,"Within Range"
"GCW","WC","SgwA",10,"Varian GC","Wegner",20240627,2024,"April","GCW_WC_SgwA_10cm",1,52550,"Needs Dilution",NA,"Within Range"
"GCW","WC","SgwA",20,"Varian GC","Wegner",20240627,2024,"April","GCW_WC_SgwA_20cm",1,37408,"Needs Dilution",NA,"Within Range"
"GCW","WC","SgwA",45,"Varian GC","Wegner",20240627,2024,"April","GCW_WC_SgwA_45cm",1,68788,"Needs Dilution",NA,"Within Range"
"GCW","WC","SgwB",10,"Varian GC","Wegner",20240627,2024,"April","GCW_WC_SgwB_10cm",1,NA,NA,NA,NA
"GCW","WC","SgwB",20,"Varian GC","Wegner",20240627,2024,"April","GCW_WC_SgwB_20cm",1,NA,NA,NA,NA
"GCW","WC","SgwB",45,"Varian GC","Wegner",20240627,2024,"April","GCW_WC_SgwB_45cm",1,46330,"Needs Dilution",NA,"Within Range"
"GCW","WC","SgwC",10,"Varian GC","Wegner",20240627,2024,"April","GCW_WC_SgwC_10cm",1,4525,"Within Range",NA,"Within Range"
"GCW","WC","SgwC",20,"Varian GC","Wegner",20240627,2024,"April","GCW_WC_SgwC_20cm",1,15970,"Needs Dilution",NA,"Within Range"
"GCW","WC","SgwC",45,"Varian GC","Wegner",20240627,2024,"April","GCW_WC_SgwC_45cm",1,4105,"Within Range",NA,"Within Range"
"GCW","WC","ATM",0,"Varian GC","Wegner",20240627,2024,"April","GCW_WC_ATM",1,7,"Within Range",NA,"Within Range"
"MSM","UP","sgwA",10,"Varian GC","Wegner",20240627,2024,"April","MSM_UP_sgwA_10cm",1,429,"Within Range",NA,"Needs Dilution"
"MSM","UP","SgwA",20,"Varian GC","Wegner",20240627,2024,"April","MSM_UP_SgwA_20cm",1,NA,NA,NA,NA
"MSM","UP","SgwA",45,"Varian GC","Wegner",20240627,2024,"April","MSM_UP_SgwA_45cm",1,102,"Within Range",NA,"Within Range"
"MSM","UP","SgwB",10,"Varian GC","Wegner",20240627,2024,"April","MSM_UP_SgwB_10cm",1,132,"Within Range",NA,"Needs Dilution"
"MSM","UP","SgwB",20,"Varian GC","Wegner",20240627,2024,"April","MSM_UP_SgwB_20cm",1,30,"Within Range",NA,"Needs Dilution"
"MSM","UP","SgwB",45,"Varian GC","Wegner",20240627,2024,"April","MSM_UP_SgwB_45cm",1,22,"Within Range",NA,"Within Range"
"MSM","UP","SgwC",10,"Varian GC","Wegner",20240627,2024,"April","MSM_UP_SgwC_10cm",1,28,"Within Range",NA,"Needs Dilution"
"MSM","UP","SgwC",20,"Varian GC","Wegner",20240627,2024,"April","MSM_UP_SgwC_20cm",1,14,"Within Range",NA,"Within Range"
"MSM","UP","SgwC",45,"Varian GC","Wegner",20240627,2024,"April","MSM_UP_SgwC_45cm",1,20,"Within Range",NA,"Within Range"
"MSM","UP","ATM",0,"Varian GC","Wegner",20240627,2024,"April","MSM_UP_ATM",1,2,"Within Range",NA,"Within Range"
"MSM","TR","SgwA",10,"Varian GC","Wegner",20240627,2024,"April","MSM_TR_SgwA_10cm",1,12,"Within Range",NA,"Within Range"
"MSM","TR","SgwA",20,"Varian GC","Wegner",20240627,2024,"April","MSM_TR_SgwA_20cm",1,3755,"Within Range",NA,"Within Range"
"MSM","TR","SgwA",45,"Varian GC","Wegner",20240627,2024,"April","MSM_TR_SgwA_45cm",1,150,"Within Range",NA,"Within Range"
"MSM","TR","SgwB",10,"Varian GC","Wegner",20240627,2024,"April","MSM_TR_SgwB_10cm",1,2,"Within Range",NA,"Within Range"
"MSM","TR","SgwB",20,"Varian GC","Wegner",20240627,2024,"April","MSM_TR_SgwB_20cm",1,8,"Within Range",NA,"Within Range"
"MSM","TR","SgwB",45,"Varian GC","Wegner",20240627,2024,"April","MSM_TR_SgwB_45cm",1,7,"Within Range",NA,"Within Range"
"MSM","TR","SgwC",10,"Varian GC","Wegner",20240627,2024,"April","MSM_TR_SgwC_10cm",1,7,"Within Range",NA,"Within Range"
"MSM","TR","SgwC",20,"Varian GC","Wegner",20240627,2024,"April","MSM_TR_SgwC_20cm",1,5,"Within Range",NA,"Within Range"
"MSM","TR","SgwC",45,"Varian GC","Wegner",20240627,2024,"April","MSM_TR_SgwC_45cm",1,7,"Within Range",NA,"Within Range"
"MSM","TR","ATM",0,"Varian GC","Wegner",20240627,2024,"April","MSM_TR_ATM",1,2,"Within Range",NA,"Within Range"
"MSM","WC","SgwA",10,"Varian GC","Wegner",20240627,2024,"April","MSM_WC_SgwA_10cm",1,1148,"Within Range",NA,"Within Range"
"MSM","WC","SgwA",20,"Varian GC","Wegner",20240627,2024,"April","MSM_WC_SgwA_20cm",1,58,"Within Range",NA,"Within Range"
"MSM","WC","SgwA",45,"Varian GC","Wegner",20240627,2024,"April","MSM_WC_SgwA_45cm",1,6,"Within Range",NA,"Within Range"
"MSM","WC","SgwB",10,"Varian GC","Wegner",20240627,2024,"April","MSM_WC_SgwB_10cm",1,NA,NA,NA,NA
"MSM","WC","SgwB",20,"Varian GC","Wegner",20240627,2024,"April","MSM_WC_SgwB_20cm",1,NA,NA,NA,NA
"MSM","WC","SgwB",45,"Varian GC","Wegner",20240627,2024,"April","MSM_WC_SgwB_45cm",1,38,"Within Range",NA,"Needs Dilution"
"MSM","WC","SgwC",10,"Varian GC","Wegner",20240627,2024,"April","MSM_WC_SgwC_10cm",1,25,"Within Range",NA,"Within Range"
"MSM","WC","SgwC",20,"Varian GC","Wegner",20240627,2024,"April","MSM_WC_SgwC_20cm",1,88,"Within Range",NA,"Within Range"
"MSM","WC","SgwC",45,"Varian GC","Wegner",20240627,2024,"April","MSM_WC_SgwC_45cm",1,43,"Within Range",NA,"Within Range"
"MSM","WC","ATM",0,"Varian GC","Wegner",20240627,2024,"April","MSM_WC_ATM",1,2,"Within Range",NA,"Within Range"
"GWI","UP","SgwA",10,"Varian GC","Wegner",20240627,2024,"April","GWI_UP_SgwA_10cm",1,2,"Within Range",NA,"Within Range"
"GWI","UP","SgwA",20,"Varian GC","Wegner",20240627,2024,"April","GWI_UP_SgwA_20cm",1,NA,NA,NA,NA
"GWI","UP","SgwA",45,"Varian GC","Wegner",20240627,2024,"April","GWI_UP_SgwA_45cm",1,NA,NA,NA,NA
"GWI","UP","SgwB",10,"Varian GC","Wegner",20240627,2024,"April","GWI_UP_SgwB_10cm",1,2,"Within Range",NA,"Within Range"
"GWI","UP","SgwB",20,"Varian GC","Wegner",20240627,2024,"April","GWI_UP_SgwB_20cm",1,2,"Within Range",NA,"Within Range"
"GWI","UP","SgwB",45,"Varian GC","Wegner",20240627,2024,"April","GWI_UP_SgwB_45cm",1,2,"Within Range",NA,"Within Range"
"GWI","UP","SgwC",10,"Varian GC","Wegner",20240627,2024,"April","GWI_UP_SgwC_10cm",1,2,"Within Range",NA,"Within Range"
"GWI","UP","SgwC",20,"Varian GC","Wegner",20240627,2024,"April","GWI_UP_SgwC_20cm",1,3,"Within Range",NA,"Within Range"
"GWI","UP","SgwC",45,"Varian GC","Wegner",20240627,2024,"April","GWI_UP_SgwC_45cm",1,13,"Within Range",NA,"Within Range"
"GWI","UP","ATM",0,"Varian GC","Wegner",20240627,2024,"April","GWI_UP_ATM",1,2,"Within Range",NA,"Within Range"
"GWI","TR","SgwA",10,"Varian GC","Wegner",20240627,2024,"April","GWI_TR_SgwA_10cm",1,8,"Within Range",NA,"Needs Dilution"
"GWI","TR","SgwA",20,"Varian GC","Wegner",20240627,2024,"April","GWI_TR_SgwA_20cm",1,2,"Within Range",NA,"Within Range"
"GWI","TR","SgwA",45,"Varian GC","Wegner",20240627,2024,"April","GWI_TR_SgwA_45cm",1,2,"Within Range",NA,"Within Range"
"GWI","TR","SgwB",10,"Varian GC","Wegner",20240627,2024,"April","GWI_TR_SgwB_10cm",1,25,"Within Range",NA,"Within Range"
"GWI","TR","SgwB",20,"Varian GC","Wegner",20240627,2024,"April","GWI_TR_SgwB_20cm",1,8,"Within Range",NA,"Within Range"
"GWI","TR","SgwC",10,"Varian GC","Wegner",20240627,2024,"April","GWI_TR_SgwC_10cm",1,2,"Within Range",NA,"Within Range"
"GWI","TR","SgwC",20,"Varian GC","Wegner",20240627,2024,"April","GWI_TR_SgwC_20cm",1,2,"Within Range",NA,"Within Range"
"GWI","TR","SgwC",45,"Varian GC","Wegner",20240627,2024,"April","GWI_TR_SgwC_45cm",1,NA,NA,NA,NA
"GWI","TR","ATM",0,"Varian GC","Wegner",20240627,2024,"April","GWI_TR_ATM",1,2,"Within Range",NA,"Within Range"
"GWI","WC","SgwA",10,"Varian GC","Wegner",20240627,2024,"April","GWI_WC_SgwA_10cm",1,30,"Within Range",NA,"Needs Dilution"
"GWI","WC","SgwA",20,"Varian GC","Wegner",20240627,2024,"April","GWI_WC_SgwA_20cm",1,22,"Within Range",NA,"Needs Dilution"
"GWI","WC","SgwA",45,"Varian GC","Wegner",20240627,2024,"April","GWI_WC_SgwA_45cm",1,NA,NA,NA,NA
"GWI","WC","SgwB",10,"Varian GC","Wegner",20240627,2024,"April","GWI_WC_SgwB_10cm",1,8,"Within Range",NA,"Needs Dilution"
"GWI","WC","SgwB",20,"Varian GC","Wegner",20240627,2024,"April","GWI_WC_SgwB_20cm",1,2,"Within Range",NA,"Within Range"
"GWI","WC","SgwB",45,"Varian GC","Wegner",20240627,2024,"April","GWI_WC_SgwB_45cm",1,2,"Within Range",NA,"Within Range"
"GWI","WC","SgwC",10,"Varian GC","Wegner",20240627,2024,"April","GWI_WC_SgwC_10cm",1,2,"Within Range",NA,"Within Range"
"GWI","WC","SgwC",20,"Varian GC","Wegner",20240627,2024,"April","GWI_WC_SgwC_20cm",1,4,"Within Range",NA,"Needs Dilution"
"GWI","WC","SgwC",45,"Varian GC","Wegner",20240627,2024,"April","GWI_WC_SgwC_45cm",1,1,"Within Range",NA,"Within Range"
"GWI","WC","ATM",0,"Varian GC","Wegner",20240627,2024,"April","GWI_WC_ATM",1,2,"Within Range",NA,"Within Range"
"GCW","TR","SgwA",10,"Varian GC","Wegner",20240710,2024,"May","GCW_TR_SgwA_10cm",1,7,"Within Range",29686,"Within Range"
"GCW","TR","SgwA",20,"Varian GC","Wegner",20240710,2024,"May","GCW_TR_SgwA_20cm",1,4,"Within Range",46771,"Within Range"
"GCW","TR","SgwA",45,"Varian GC","Wegner",20240710,2024,"May","GCW_TR_SgwA_45cm",1,NA,NA,NA,NA
"GCW","TR","SgwB",10,"Varian GC","Wegner",20240710,2024,"May","GCW_TR_SgwB_10cm",1,680,"Within Range",53204,"Needs Dilution"
"GCW","TR","SgwB",20,"Varian GC","Wegner",20240710,2024,"May","GCW_TR_SgwB_20cm",1,252,"Within Range",58552,"Needs Dilution"
"GCW","TR","SgwB",45,"Varian GC","Wegner",20240710,2024,"May","GCW_TR_SgwB_45cm",1,36,"Within Range",63257,"Needs Dilution"
"GCW","TR","SgwC",10,"Varian GC","Wegner",20240710,2024,"May","GCW_TR_SgwC_10cm",1,3534,"Within Range",65551,"Needs Dilution"
"GCW","TR","SgwC",20,"Varian GC","Wegner",20240710,2024,"May","GCW_TR_SgwC_20cm",1,161,"Within Range",57032,"Needs Dilution"
"GCW","TR","SgwC",45,"Varian GC","Wegner",20240710,2024,"May","GCW_TR_SgwC_45cm",1,30,"Within Range",51859,"Needs Dilution"
"GCW","TR","ATM",0,"Varian GC","Wegner",20240710,2024,"May","GCW_TR_ATM",1,2,"Within Range",1374,"Within Range"
"GCW","WC","SgwA",10,"Varian GC","Wegner",20240710,2024,"May","GCW_WC_SgwA_10cm",1,16590,"Needs Dilution",47177,"Within Range"
"GCW","WC","SgwA",20,"Varian GC","Wegner",20240710,2024,"May","GCW_WC_SgwA_20cm",1,17977,"Needs Dilution",43965,"Within Range"
"GCW","WC","SgwA",45,"Varian GC","Wegner",20240710,2024,"May","GCW_WC_SgwA_45cm",1,40840,"Needs Dilution",55250,"Needs Dilution"
"GCW","WC","SgwB",10,"Varian GC","Wegner",20240710,2024,"May","GCW_WC_SgwB_10cm",1,28594,"Needs Dilution",47005,"Within Range"
"GCW","WC","SgwB",20,"Varian GC","Wegner",20240710,2024,"May","GCW_WC_SgwB_20cm",1,10156,"Needs Dilution",36159,"Within Range"
"GCW","WC","SgwB",45,"Varian GC","Wegner",20240710,2024,"May","GCW_WC_SgwB_45cm",1,NA,NA,NA,NA
"GCW","WC","SgwC",10,"Varian GC","Wegner",20240710,2024,"May","GCW_WC_SgwC_10cm",1,3941,"Within Range",37759,"Within Range"
"GCW","WC","SgwC",20,"Varian GC","Wegner",20240710,2024,"May","GCW_WC_SgwC_20cm",1,11321,"Needs Dilution",28660,"Within Range"
"GCW","WC","SgwC",45,"Varian GC","Wegner",20240710,2024,"May","GCW_WC_SgwC_45cm",1,2246,"Within Range",36811,"Within Range"
"GCW","WC","ATM",0,"Varian GC","Wegner",20240710,2024,"May","GCW_WC_ATM",1,15,"Within Range",581,"Within Range"
"MSM","UP","sgwA",10,"Varian GC","Wegner",20240710,2024,"May","MSM_UP_sgwA_10cm",1,3,"Within Range",8479,"Within Range"
"MSM","UP","SgwA",20,"Varian GC","Wegner",20240710,2024,"May","MSM_UP_SgwA_20cm",1,3,"Within Range",24991,"Within Range"
"MSM","UP","SgwA",45,"Varian GC","Wegner",20240710,2024,"May","MSM_UP_SgwA_45cm",1,58,"Within Range",62003,"Needs Dilution"
"MSM","UP","SgwB",10,"Varian GC","Wegner",20240710,2024,"May","MSM_UP_SgwB_10cm",1,2,"Within Range",3018,"Within Range"
"MSM","UP","SgwB",20,"Varian GC","Wegner",20240710,2024,"May","MSM_UP_SgwB_20cm",1,2,"Within Range",20702,"Within Range"
"MSM","UP","SgwB",45,"Varian GC","Wegner",20240710,2024,"May","MSM_UP_SgwB_45cm",1,NA,NA,NA,NA
"MSM","UP","SgwC",10,"Varian GC","Wegner",20240710,2024,"May","MSM_UP_SgwC_10cm",1,2,"Within Range",8309,"Within Range"
"MSM","UP","SgwC",20,"Varian GC","Wegner",20240710,2024,"May","MSM_UP_SgwC_20cm",1,2,"Within Range",16202,"Within Range"
"MSM","UP","SgwC",45,"Varian GC","Wegner",20240710,2024,"May","MSM_UP_SgwC_45cm",1,27,"Within Range",45076,"Within Range"
"MSM","UP","ATM",0,"Varian GC","Wegner",20240710,2024,"May","MSM_UP_ATM",1,2,"Within Range",383,"Within Range"
"MSM","TR","SgwA",10,"Varian GC","Wegner",20240710,2024,"May","MSM_TR_SgwA_10cm",1,5,"Within Range",55625,"Needs Dilution"
"MSM","TR","SgwA",45,"Varian GC","Wegner",20240710,2024,"May","MSM_TR_SgwA_45cm",1,175,"Within Range",48812,"Within Range"
"MSM","TR","SgwB",10,"Varian GC","Wegner",20240710,2024,"May","MSM_TR_SgwB_10cm",1,242,"Within Range",47532,"Within Range"
"MSM","TR","SgwB",20,"Varian GC","Wegner",20240710,2024,"May","MSM_TR_SgwB_20cm",1,NA,NA,NA,NA
"MSM","TR","SgwB",45,"Varian GC","Wegner",20240710,2024,"May","MSM_TR_SgwB_45cm",1,NA,NA,NA,NA
"MSM","TR","SgwC",10,"Varian GC","Wegner",20240710,2024,"May","MSM_TR_SgwC_10cm",1,6,"Within Range",30503,"Within Range"
"MSM","TR","SgwC",20,"Varian GC","Wegner",20240710,2024,"May","MSM_TR_SgwC_20cm",1,7,"Within Range",40474,"Within Range"
"MSM","TR","SgwC",45,"Varian GC","Wegner",20240710,2024,"May","MSM_TR_SgwC_45cm",1,7,"Within Range",66421,"Needs Dilution"
"MSM","TR","ATM",0,"Varian GC","Wegner",20240710,2024,"May","MSM_TR_ATM",1,2,"Within Range",736,"Within Range"
"MSM","WC","SgwA",10,"Varian GC","Wegner",20240710,2024,"May","MSM_WC_SgwA_10cm",1,1361,"Within Range",27484,"Within Range"
"MSM","WC","SgwA",20,"Varian GC","Wegner",20240710,2024,"May","MSM_WC_SgwA_20cm",1,112,"Within Range",54530,"Needs Dilution"
"MSM","WC","SgwA",45,"Varian GC","Wegner",20240710,2024,"May","MSM_WC_SgwA_45cm",1,9,"Within Range",57470,"Needs Dilution"
"MSM","WC","SgwB",10,"Varian GC","Wegner",20240710,2024,"May","MSM_WC_SgwB_10cm",1,NA,NA,NA,NA
"MSM","WC","SgwB",20,"Varian GC","Wegner",20240710,2024,"May","MSM_WC_SgwB_20cm",1,NA,NA,NA,NA
"MSM","WC","SgwB",45,"Varian GC","Wegner",20240710,2024,"May","MSM_WC_SgwB_45cm",1,33,"Within Range",80399,"Needs Dilution"
"MSM","WC","SgwC",10,"Varian GC","Wegner",20240710,2024,"May","MSM_WC_SgwC_10cm",1,583,"Within Range",43259,"Within Range"
"MSM","WC","SgwC",20,"Varian GC","Wegner",20240710,2024,"May","MSM_WC_SgwC_20cm",1,412,"Within Range",47350,"Within Range"
"MSM","WC","SgwC",45,"Varian GC","Wegner",20240710,2024,"May","MSM_WC_SgwC_45cm",1,36,"Within Range",59714,"Needs Dilution"
"MSM","WC","ATM",0,"Varian GC","Wegner",20240710,2024,"May","MSM_WC_ATM",1,2,"Within Range",499,"Within Range"
"GWI","UP","SgwA",10,"Varian GC","Wegner",20240710,2024,"May","GWI_UP_SgwA_10cm",1,2,"Within Range",3182,"Within Range"
"GWI","UP","SgwA",20,"Varian GC","Wegner",20240710,2024,"May","GWI_UP_SgwA_20cm",1,2,"Within Range",5544,"Within Range"
"GWI","UP","SgwA",45,"Varian GC","Wegner",20240710,2024,"May","GWI_UP_SgwA_45cm",1,NA,NA,NA,NA
"GWI","UP","SgwB",10,"Varian GC","Wegner",20240710,2024,"May","GWI_UP_SgwB_10cm",1,2,"Within Range",2415,"Within Range"
"GWI","UP","SgwB",20,"Varian GC","Wegner",20240710,2024,"May","GWI_UP_SgwB_20cm",1,2,"Within Range",5183,"Within Range"
"GWI","UP","SgwB",45,"Varian GC","Wegner",20240710,2024,"May","GWI_UP_SgwB_45cm",1,0,"Within Range",26048,"Within Range"
"GWI","UP","SgwC",10,"Varian GC","Wegner",20240710,2024,"May","GWI_UP_SgwC_10cm",1,2,"Within Range",21140,"Within Range"
"GWI","UP","SgwC",20,"Varian GC","Wegner",20240710,2024,"May","GWI_UP_SgwC_20cm",1,5,"Within Range",19138,"Within Range"
"GWI","UP","SgwC",45,"Varian GC","Wegner",20240710,2024,"May","GWI_UP_SgwC_45cm",1,2,"Within Range",2899,"Within Range"
"GWI","UP","ATM",0,"Varian GC","Wegner",20240710,2024,"May","GWI_UP_ATM",1,2,"Within Range",431,"Within Range"
"GWI","TR","SgwA",10,"Varian GC","Wegner",20240710,2024,"May","GWI_TR_SgwA_10cm",1,1,"Within Range",67318,"Needs Dilution"
"GWI","TR","SgwA",20,"Varian GC","Wegner",20240710,2024,"May","GWI_TR_SgwA_20cm",1,2,"Within Range",68351,"Needs Dilution"
"GWI","TR","SgwA",45,"Varian GC","Wegner",20240710,2024,"May","GWI_TR_SgwA_45cm",1,NA,NA,NA,NA
"GWI","TR","SgwB",10,"Varian GC","Wegner",20240710,2024,"May","GWI_TR_SgwB_10cm",1,NA,NA,NA,NA
"GWI","TR","SgwB",20,"Varian GC","Wegner",20240710,2024,"May","GWI_TR_SgwB_20cm",1,36,"Within Range",34895,"Within Range"
"GWI","TR","SgwB",45,"Varian GC","Wegner",20240710,2024,"May","GWI_TR_SgwB_45cm",1,NA,NA,NA,NA
"GWI","TR","SgwC",10,"Varian GC","Wegner",20240710,2024,"May","GWI_TR_SgwC_10cm",1,9,"Within Range",22250,"Within Range"
"GWI","TR","SgwC",20,"Varian GC","Wegner",20240710,2024,"May","GWI_TR_SgwC_20cm",1,5,"Within Range",60728,"Needs Dilution"
"GWI","TR","SgwC",45,"Varian GC","Wegner",20240710,2024,"May","GWI_TR_SgwC_45cm",1,43,"Within Range",28207,"Within Range"
"GWI","TR","ATM",0,"Varian GC","Wegner",20240710,2024,"May","GWI_TR_ATM",1,2,"Within Range",972,"Within Range"
"GWI","WC","SgwA",10,"Varian GC","Wegner",20240710,2024,"May","GWI_WC_SgwA_10cm",1,23,"Within Range",96636,"Needs Dilution"
"GWI","WC","SgwA",20,"Varian GC","Wegner",20240710,2024,"May","GWI_WC_SgwA_20cm",1,14,"Within Range",93688,"Needs Dilution"
"GWI","WC","SgwA",45,"Varian GC","Wegner",20240710,2024,"May","GWI_WC_SgwA_45cm",1,2,"Within Range",4646,"Within Range"
"GWI","WC","SgwB",10,"Varian GC","Wegner",20240710,2024,"May","GWI_WC_SgwB_10cm",1,6,"Within Range",75492,"Needs Dilution"
"GWI","WC","SgwB",20,"Varian GC","Wegner",20240710,2024,"May","GWI_WC_SgwB_20cm",1,3,"Within Range",52525,"Needs Dilution"
"GWI","WC","SgwB",45,"Varian GC","Wegner",20240710,2024,"May","GWI_WC_SgwB_45cm",1,2,"Within Range",35268,"Within Range"
"GWI","WC","SgwC",10,"Varian GC","Wegner",20240710,2024,"May","GWI_WC_SgwC_10cm",1,NA,NA,NA,NA
"GWI","WC","SgwC",20,"Varian GC","Wegner",20240710,2024,"May","GWI_WC_SgwC_20cm",1,4,"Within Range",66915,"Needs Dilution"
"GWI","WC","SgwC",45,"Varian GC","Wegner",20240710,2024,"May","GWI_WC_SgwC_45cm",1,9,"Within Range",63228,"Needs Dilution"
"GWI","WC","ATM",0,"Varian GC","Wegner",20240710,2024,"May","GWI_WC_ATM",1,2,"Within Range",644,"Within Range"
"GCW","TR","SgwA",10,"Varian GC","Wegner",20240711,2024,"June","GCW_TR_SgwA_10cm",1,1,"Within Range",17089,"Within Range"
"GCW","TR","SgwA",20,"Varian GC","Wegner",20240711,2024,"June","GCW_TR_SgwA_20cm",1,146,"Within Range",42409,"Within Range"
"GCW","TR","SgwA",45,"Varian GC","Wegner",20240711,2024,"June","GCW_TR_SgwA_45cm",1,37,"Within Range",28492,"Within Range"
"GCW","TR","SgwB",10,"Varian GC","Wegner",20240711,2024,"June","GCW_TR_SgwB_10cm",1,164,"Within Range",38544,"Within Range"
"GCW","TR","SgwB",20,"Varian GC","Wegner",20240711,2024,"June","GCW_TR_SgwB_20cm",1,107,"Within Range",61012,"Needs Dilution"
"GCW","TR","SgwB",45,"Varian GC","Wegner",20240711,2024,"June","GCW_TR_SgwB_45cm",1,581,"Within Range",33915,"Within Range"
"GCW","TR","SgwC",10,"Varian GC","Wegner",20240711,2024,"June","GCW_TR_SgwC_10cm",1,875,"Within Range",83516,"Needs Dilution"
"GCW","TR","SgwC",20,"Varian GC","Wegner",20240711,2024,"June","GCW_TR_SgwC_20cm",1,5444,"Within Range",61275,"Needs Dilution"
"GCW","TR","SgwC",45,"Varian GC","Wegner",20240711,2024,"June","GCW_TR_SgwC_45cm",1,NA,NA,NA,NA
"GCW","TR","ATM",0,"Varian GC","Wegner",20240711,2024,"June","GCW_TR_ATM",1,4,"Within Range",464,"Within Range"
"GCW","WC","SgwA",10,"Varian GC","Wegner",20240711,2024,"June","GCW_WC_SgwA_10cm",1,15137,"Needs Dilution",63734,"Needs Dilution"
"GCW","WC","SgwA",20,"Varian GC","Wegner",20240711,2024,"June","GCW_WC_SgwA_20cm",1,16168,"Needs Dilution",104593,"Needs Dilution"
"GCW","WC","SgwA",45,"Varian GC","Wegner",20240711,2024,"June","GCW_WC_SgwA_45cm",1,9739,"Within Range",109766,"Needs Dilution"
"GCW","WC","SgwB",10,"Varian GC","Wegner",20240711,2024,"June","GCW_WC_SgwB_10cm",1,36949,"Needs Dilution",64977,"Needs Dilution"
"GCW","WC","SgwB",20,"Varian GC","Wegner",20240711,2024,"June","GCW_WC_SgwB_20cm",1,6802,"Within Range",71114,"Needs Dilution"
"GCW","WC","SgwB",45,"Varian GC","Wegner",20240711,2024,"June","GCW_WC_SgwB_45cm",1,8729,"Within Range",91229,"Needs Dilution"
"GCW","WC","SgwC",10,"Varian GC","Wegner",20240711,2024,"June","GCW_WC_SgwC_10cm",1,4746,"Within Range",63623,"Needs Dilution"
"GCW","WC","SgwC",20,"Varian GC","Wegner",20240711,2024,"June","GCW_WC_SgwC_20cm",1,3470,"Within Range",42975,"Within Range"
"GCW","WC","SgwC",45,"Varian GC","Wegner",20240711,2024,"June","GCW_WC_SgwC_45cm",1,467,"Within Range",69678,"Needs Dilution"
"GCW","WC","ATM",0,"Varian GC","Wegner",20240711,2024,"June","GCW_WC_ATM",1,4,"Within Range",445,"Within Range"
"MSM","UP","sgwA",10,"Varian GC","Wegner",20240711,2024,"June","MSM_UP_sgwA_10cm",1,2,"Within Range",6396,"Within Range"
"MSM","UP","SgwA",20,"Varian GC","Wegner",20240711,2024,"June","MSM_UP_SgwA_20cm",1,2,"Within Range",7667,"Within Range"
"MSM","UP","SgwA",45,"Varian GC","Wegner",20240711,2024,"June","MSM_UP_SgwA_45cm",1,2,"Within Range",20290,"Within Range"
"MSM","UP","SgwB",10,"Varian GC","Wegner",20240711,2024,"June","MSM_UP_SgwB_10cm",1,2,"Within Range",4528,"Within Range"
"MSM","UP","SgwB",20,"Varian GC","Wegner",20240711,2024,"June","MSM_UP_SgwB_20cm",1,2,"Within Range",12442,"Within Range"
"MSM","UP","SgwB",45,"Varian GC","Wegner",20240711,2024,"June","MSM_UP_SgwB_45cm",1,2,"Within Range",32717,"Within Range"
"MSM","UP","SgwC",10,"Varian GC","Wegner",20240711,2024,"June","MSM_UP_SgwC_10cm",1,2,"Within Range",13620,"Within Range"
"MSM","UP","SgwC",20,"Varian GC","Wegner",20240711,2024,"June","MSM_UP_SgwC_20cm",1,2,"Within Range",9627,"Within Range"
"MSM","UP","SgwC",45,"Varian GC","Wegner",20240711,2024,"June","MSM_UP_SgwC_45cm",1,2,"Within Range",44716,"Within Range"
"MSM","UP","ATM",0,"Varian GC","Wegner",20240711,2024,"June","MSM_UP_ATM",1,2,"Within Range",419,"Within Range"
"MSM","TR","SgwA",10,"Varian GC","Wegner",20240711,2024,"June","MSM_TR_SgwA_10cm",1,4,"Within Range",27739,"Within Range"
"MSM","TR","SgwA",20,"Varian GC","Wegner",20240711,2024,"June","MSM_TR_SgwA_20cm",1,159,"Within Range",30863,"Within Range"
"MSM","TR","SgwA",45,"Varian GC","Wegner",20240711,2024,"June","MSM_TR_SgwA_45cm",1,32,"Within Range",47059,"Within Range"
"MSM","TR","SgwB",10,"Varian GC","Wegner",20240711,2024,"June","MSM_TR_SgwB_10cm",1,13,"Within Range",36943,"Within Range"
"MSM","TR","SgwB",20,"Varian GC","Wegner",20240711,2024,"June","MSM_TR_SgwB_20cm",1,39,"Within Range",24223,"Within Range"
"MSM","TR","SgwB",45,"Varian GC","Wegner",20240711,2024,"June","MSM_TR_SgwB_45cm",1,15,"Within Range",28728,"Within Range"
"MSM","TR","SgwC",10,"Varian GC","Wegner",20240711,2024,"June","MSM_TR_SgwC_10cm",1,49,"Within Range",59595,"Needs Dilution"
"MSM","TR","SgwC",20,"Varian GC","Wegner",20240711,2024,"June","MSM_TR_SgwC_20cm",1,4,"Within Range",38075,"Within Range"
"MSM","TR","SgwC",45,"Varian GC","Wegner",20240711,2024,"June","MSM_TR_SgwC_45cm",1,7,"Within Range",40507,"Within Range"
"MSM","TR","ATM",0,"Varian GC","Wegner",20240711,2024,"June","MSM_TR_ATM",1,2,"Within Range",381,"Within Range"
"MSM","WC","SgwA",10,"Varian GC","Wegner",20240711,2024,"June","MSM_WC_SgwA_10cm",1,751,"Within Range",43419,"Within Range"
"MSM","WC","SgwA",20,"Varian GC","Wegner",20240711,2024,"June","MSM_WC_SgwA_20cm",1,270,"Within Range",66360,"Needs Dilution"
"MSM","WC","SgwA",45,"Varian GC","Wegner",20240711,2024,"June","MSM_WC_SgwA_45cm",1,37,"Within Range",56503,"Needs Dilution"
"MSM","WC","SgwB",10,"Varian GC","Wegner",20240711,2024,"June","MSM_WC_SgwB_10cm",1,448,"Within Range",68965,"Needs Dilution"
"MSM","WC","SgwB",20,"Varian GC","Wegner",20240711,2024,"June","MSM_WC_SgwB_20cm",1,542,"Within Range",71074,"Needs Dilution"
"MSM","WC","SgwB",45,"Varian GC","Wegner",20240711,2024,"June","MSM_WC_SgwB_45cm",1,77,"Within Range",86875,"Needs Dilution"
"MSM","WC","SgwC",10,"Varian GC","Wegner",20240711,2024,"June","MSM_WC_SgwC_10cm",1,388,"Within Range",45250,"Within Range"
"MSM","WC","SgwC",20,"Varian GC","Wegner",20240711,2024,"June","MSM_WC_SgwC_20cm",1,704,"Within Range",58626,"Needs Dilution"
"MSM","WC","SgwC",45,"Varian GC","Wegner",20240711,2024,"June","MSM_WC_SgwC_45cm",1,17,"Within Range",62658,"Needs Dilution"
"MSM","WC","ATM",0,"Varian GC","Wegner",20240711,2024,"June","MSM_WC_ATM",1,2,"Within Range",488,"Within Range"
"GWI","UP","SgwA",10,"Varian GC","Wegner",20240711,2024,"June","GWI_UP_SgwA_10cm",1,2,"Within Range",5148,"Within Range"
"GWI","UP","SgwA",20,"Varian GC","Wegner",20240711,2024,"June","GWI_UP_SgwA_20cm",1,2,"Within Range",11095,"Within Range"
"GWI","UP","SgwA",45,"Varian GC","Wegner",20240711,2024,"June","GWI_UP_SgwA_45cm",1,2,"Within Range",39305,"Within Range"
"GWI","UP","SgwB",10,"Varian GC","Wegner",20240711,2024,"June","GWI_UP_SgwB_10cm",1,2,"Within Range",3776,"Within Range"
"GWI","UP","SgwB",20,"Varian GC","Wegner",20240711,2024,"June","GWI_UP_SgwB_20cm",1,1,"Within Range",7150,"Within Range"
"GWI","UP","SgwB",45,"Varian GC","Wegner",20240711,2024,"June","GWI_UP_SgwB_45cm",1,1,"Within Range",16823,"Within Range"
"GWI","UP","SgwC",10,"Varian GC","Wegner",20240711,2024,"June","GWI_UP_SgwC_10cm",1,1,"Within Range",16942,"Within Range"
"GWI","UP","SgwC",20,"Varian GC","Wegner",20240711,2024,"June","GWI_UP_SgwC_20cm",1,1,"Within Range",13014,"Within Range"
"GWI","UP","SgwC",45,"Varian GC","Wegner",20240711,2024,"June","GWI_UP_SgwC_45cm",1,2,"Within Range",4933,"Within Range"
"GWI","UP","ATM",0,"Varian GC","Wegner",20240711,2024,"June","GWI_UP_ATM",1,2,"Within Range",403,"Within Range"
"GWI","TR","SgwA",10,"Varian GC","Wegner",20240711,2024,"June","GWI_TR_SgwA_10cm",1,3,"Within Range",7317,"Within Range"
"GWI","TR","SgwA",20,"Varian GC","Wegner",20240711,2024,"June","GWI_TR_SgwA_20cm",1,28,"Within Range",51076,"Needs Dilution"
"GWI","TR","SgwA",45,"Varian GC","Wegner",20240711,2024,"June","GWI_TR_SgwA_45cm",1,114,"Within Range",83430,"Needs Dilution"
"GWI","TR","SgwB",10,"Varian GC","Wegner",20240711,2024,"June","GWI_TR_SgwB_10cm",1,2,"Within Range",8596,"Within Range"
"GWI","TR","SgwB",20,"Varian GC","Wegner",20240711,2024,"June","GWI_TR_SgwB_20cm",1,7,"Within Range",18312,"Within Range"
"GWI","TR","SgwB",45,"Varian GC","Wegner",20240711,2024,"June","GWI_TR_SgwB_45cm",1,9,"Within Range",30742,"Within Range"
"GWI","TR","SgwC",10,"Varian GC","Wegner",20240711,2024,"June","GWI_TR_SgwC_10cm",1,2,"Within Range",8025,"Within Range"
"GWI","TR","SgwC",20,"Varian GC","Wegner",20240711,2024,"June","GWI_TR_SgwC_20cm",1,2,"Within Range",9894,"Within Range"
"GWI","TR","SgwC",45,"Varian GC","Wegner",20240711,2024,"June","GWI_TR_SgwC_45cm",1,19,"Within Range",57457,"Needs Dilution"
"GWI","TR","ATM",0,"Varian GC","Wegner",20240711,2024,"June","GWI_TR_ATM",1,2,"Within Range",408,"Within Range"
"GWI","WC","SgwA",10,"Varian GC","Wegner",20240711,2024,"June","GWI_WC_SgwA_10cm",1,2,"Within Range",8880,"Within Range"
"GWI","WC","SgwA",20,"Varian GC","Wegner",20240711,2024,"June","GWI_WC_SgwA_20cm",1,4,"Within Range",14165,"Within Range"
"GWI","WC","SgwA",45,"Varian GC","Wegner",20240711,2024,"June","GWI_WC_SgwA_45cm",1,3,"Within Range",28633,"Within Range"
"GWI","WC","SgwB",10,"Varian GC","Wegner",20240711,2024,"June","GWI_WC_SgwB_10cm",1,2,"Within Range",10465,"Within Range"
"GWI","WC","SgwB",20,"Varian GC","Wegner",20240711,2024,"June","GWI_WC_SgwB_20cm",1,3,"Within Range",12547,"Within Range"
"GWI","WC","SgwB",45,"Varian GC","Wegner",20240711,2024,"June","GWI_WC_SgwB_45cm",1,3,"Within Range",27482,"Within Range"
"GWI","WC","SgwC",10,"Varian GC","Wegner",20240711,2024,"June","GWI_WC_SgwC_10cm",1,4,"Within Range",20984,"Within Range"
"GWI","WC","SgwC",20,"Varian GC","Wegner",20240711,2024,"June","GWI_WC_SgwC_20cm",1,4,"Within Range",23803,"Within Range"
"GWI","WC","SgwC",45,"Varian GC","Wegner",20240711,2024,"June","GWI_WC_SgwC_45cm",1,15,"Within Range",79177,"Needs Dilution"
"GWI","WC","ATM",0,"Varian GC","Wegner",20240711,2024,"June","GWI_WC_ATM",1,2,"Within Range",410,"Within Range"
"SWH","UP","SgwA",10,"Varian GC","Wegner",20240711,2024,"June","SWH_UP_SgwA_10cm",1,3,"Within Range",66295,"Needs Dilution"
"SWH","UP","SgwA",20,"Varian GC","Wegner",20240711,2024,"June","SWH_UP_SgwA_20cm",1,4,"Within Range",83836,"Needs Dilution"
"SWH","UP","SgwA",45,"Varian GC","Wegner",20240711,2024,"June","SWH_UP_SgwA_45cm",1,9700,"Within Range",101491,"Needs Dilution"
"SWH","UP","SgwB",10,"Varian GC","Wegner",20240711,2024,"June","SWH_UP_SgwB_10cm",1,5,"Within Range",38792,"Within Range"
"SWH","UP","SgwB",20,"Varian GC","Wegner",20240711,2024,"June","SWH_UP_SgwB_20cm",1,NA,NA,NA,NA
"SWH","UP","SgwB",45,"Varian GC","Wegner",20240711,2024,"June","SWH_UP_SgwB_45cm",1,107,"Within Range",91467,"Needs Dilution"
"SWH","UP","SgwC",10,"Varian GC","Wegner",20240711,2024,"June","SWH_UP_SgwC_10cm",1,4,"Within Range",21253,"Within Range"
"SWH","UP","SgwC",20,"Varian GC","Wegner",20240711,2024,"June","SWH_UP_SgwC_20cm",1,14,"Within Range",53532,"Needs Dilution"
"SWH","UP","SgwC",45,"Varian GC","Wegner",20240711,2024,"June","SWH_UP_SgwC_45cm",1,56596,"Needs Dilution",80413,"Needs Dilution"
"SWH","UP","ATM",0,"Varian GC","Wegner",20240711,2024,"June","SWH_UP_ATM",1,15,"Within Range",458,"Within Range"
"SWH","SWAMP","SgwA",10,"Varian GC","Wegner",20240711,2024,"June","SWH_SWAMP_SgwA_10cm",1,42047,"Needs Dilution",45016,"Within Range"
"SWH","SWAMP","SgwA",20,"Varian GC","Wegner",20240711,2024,"June","SWH_SWAMP_SgwA_20cm",1,NA,NA,NA,NA
"SWH","SWAMP","SgwA",45,"Varian GC","Wegner",20240711,2024,"June","SWH_SWAMP_SgwA_45cm",1,NA,NA,NA,NA
"SWH","SWAMP","SgwB",10,"Varian GC","Wegner",20240711,2024,"June","SWH_SWAMP_SgwB_10cm",1,16903,"Needs Dilution",45128,"Within Range"
"SWH","SWAMP","SgwB",20,"Varian GC","Wegner",20240711,2024,"June","SWH_SWAMP_SgwB_20cm",1,139,"Within Range",33980,"Within Range"
"SWH","SWAMP","SgwB",45,"Varian GC","Wegner",20240711,2024,"June","SWH_SWAMP_SgwB_45cm",1,79,"Within Range",33367,"Within Range"
"SWH","SWAMP","SgwC",10,"Varian GC","Wegner",20240711,2024,"June","SWH_SWAMP_SgwC_10cm",1,22703,"Needs Dilution",47276,"Within Range"
"SWH","SWAMP","SgwC",20,"Varian GC","Wegner",20240711,2024,"June","SWH_SWAMP_SgwC_20cm",1,12220,"Needs Dilution",41264,"Within Range"
"SWH","SWAMP","SgwC",45,"Varian GC","Wegner",20240711,2024,"June","SWH_SWAMP_SgwC_45cm",1,1022,"Within Range",37616,"Within Range"
"SWH","SWAMP","ATM",0,"Varian GC","Wegner",20240711,2024,"June","SWH_SWAMP_ATM",1,10,"Within Range",538,"Within Range"
"SWH","TR","SgwA",10,"Varian GC","Wegner",20240711,2024,"June","SWH_TR_SgwA_10cm",1,175171,"Needs Dilution",133945,"Needs Dilution"
"SWH","TR","SgwA",20,"Varian GC","Wegner",20240711,2024,"June","SWH_TR_SgwA_20cm",1,146971,"Needs Dilution",119670,"Needs Dilution"
"SWH","TR","SgwA",45,"Varian GC","Wegner",20240711,2024,"June","SWH_TR_SgwA_45cm",1,88528,"Needs Dilution",67359,"Needs Dilution"
"SWH","TR","SgwB",10,"Varian GC","Wegner",20240711,2024,"June","SWH_TR_SgwB_10cm",1,100306,"Needs Dilution",76832,"Needs Dilution"
"SWH","TR","SgwB",20,"Varian GC","Wegner",20240711,2024,"June","SWH_TR_SgwB_20cm",1,129194,"Needs Dilution",83616,"Needs Dilution"
"SWH","TR","SgwB",45,"Varian GC","Wegner",20240711,2024,"June","SWH_TR_SgwB_45cm",1,121314,"Needs Dilution",55758,"Needs Dilution"
"SWH","TR","SgwC",10,"Varian GC","Wegner",20240711,2024,"June","SWH_TR_SgwC_10cm",1,93,"Within Range",1322,"Within Range"
"SWH","TR","SgwC",20,"Varian GC","Wegner",20240711,2024,"June","SWH_TR_SgwC_20cm",1,63975,"Needs Dilution",74422,"Needs Dilution"
"SWH","TR","SgwC",45,"Varian GC","Wegner",20240711,2024,"June","SWH_TR_SgwC_45cm",1,115716,"Needs Dilution",88519,"Needs Dilution"
"SWH","TR","ATM",0,"Varian GC","Wegner",20240711,2024,"June","SWH_TR_ATM",1,67,"Within Range",460,"Within Range"
"SWH","WC","SgwA",10,"Varian GC","Wegner",20240711,2024,"June","SWH_WC_SgwA_10cm",1,48291,"Needs Dilution",69151,"Needs Dilution"
"SWH","WC","SgwA",20,"Varian GC","Wegner",20240711,2024,"June","SWH_WC_SgwA_20cm",1,20942,"Needs Dilution",99647,"Needs Dilution"
"SWH","WC","SgwA",45,"Varian GC","Wegner",20240711,2024,"June","SWH_WC_SgwA_45cm",1,905,"Within Range",98393,"Needs Dilution"
"SWH","WC","SgwB",10,"Varian GC","Wegner",20240711,2024,"June","SWH_WC_SgwB_10cm",1,109,"Within Range",103506,"Needs Dilution"
"SWH","WC","SgwB",20,"Varian GC","Wegner",20240711,2024,"June","SWH_WC_SgwB_20cm",1,144,"Within Range",107395,"Needs Dilution"
"SWH","WC","SgwB",45,"Varian GC","Wegner",20240711,2024,"June","SWH_WC_SgwB_45cm",1,78,"Within Range",104079,"Needs Dilution"
"SWH","WC","SgwC",10,"Varian GC","Wegner",20240711,2024,"June","SWH_WC_SgwC_10cm",1,91515,"Needs Dilution",91779,"Needs Dilution"
"SWH","WC","SgwC",20,"Varian GC","Wegner",20240711,2024,"June","SWH_WC_SgwC_20cm",1,104,"Within Range",81463,"Needs Dilution"
"SWH","WC","SgwC",45,"Varian GC","Wegner",20240711,2024,"June","SWH_WC_SgwC_45cm",1,366,"Within Range",94894,"Needs Dilution"
"SWH","WC","ATM",0,"Varian GC","Wegner",20240711,2024,"June","SWH_WC_ATM",1,12,"Within Range",569,"Within Range"
"GCW","TR","SgwA",10,"Varian GC","Wegner",20241029,2024,"July","GCW_TR_SgwA_10cm",1,2,"Within Range",17031,"Within Range"
"GCW","TR","SgwA",20,"Varian GC","Wegner",20241029,2024,"July","GCW_TR_SgwA_20cm",1,3,"Within Range",26938,"Within Range"
"GCW","TR","SgwA",45,"Varian GC","Wegner",20241029,2024,"July","GCW_TR_SgwA_45cm",1,25,"Within Range",26543,"Within Range"
"GCW","TR","SgwB",10,"Varian GC","Wegner",20241029,2024,"July","GCW_TR_SgwB_10cm",1,3,"Within Range",22472,"Within Range"
"GCW","TR","SgwB",20,"Varian GC","Wegner",20241029,2024,"July","GCW_TR_SgwB_20cm",1,29,"Within Range",29088,"Within Range"
"GCW","TR","SgwB",45,"Varian GC","Wegner",20241029,2024,"July","GCW_TR_SgwB_45cm",1,4224,"Within Range",40172,"Within Range"
"GCW","TR","SgwC",10,"Varian GC","Wegner",20241029,2024,"July","GCW_TR_SgwC_10cm",1,3,"Within Range",41068,"Within Range"
"GCW","TR","SgwC",20,"Varian GC","Wegner",20241029,2024,"July","GCW_TR_SgwC_20cm",1,17,"Within Range",45261,"Within Range"
"GCW","TR","SgwC",45,"Varian GC","Wegner",20241029,2024,"July","GCW_TR_SgwC_45cm",1,39,"Within Range",45438,"Within Range"
"GCW","TR","ATM",0,"Varian GC","Wegner",20241029,2024,"July","GCW_TR_ATM",1,3,"Within Range",633,"Within Range"
"GCW","WC","SgwA",10,"Varian GC","Wegner",20241029,2024,"July","GCW_WC_SgwA_10cm",1,NA,NA,NA,NA
"GCW","WC","SgwA",20,"Varian GC","Wegner",20241029,2024,"July","GCW_WC_SgwA_20cm",1,22426,"Needs Dilution",80524,"Needs Dilution"
"GCW","WC","SgwA",45,"Varian GC","Wegner",20241029,2024,"July","GCW_WC_SgwA_45cm",1,30318,"Needs Dilution",72804,"Needs Dilution"
"GCW","WC","SgwB",10,"Varian GC","Wegner",20241029,2024,"July","GCW_WC_SgwB_10cm",1,NA,NA,NA,NA
"GCW","WC","SgwB",20,"Varian GC","Wegner",20241029,2024,"July","GCW_WC_SgwB_20cm",1,10441,"Needs Dilution",69663,"Needs Dilution"
"GCW","WC","SgwB",45,"Varian GC","Wegner",20241029,2024,"July","GCW_WC_SgwB_45cm",1,14018,"Needs Dilution",51281,"Needs Dilution"
"GCW","WC","SgwC",10,"Varian GC","Wegner",20241029,2024,"July","GCW_WC_SgwC_10cm",1,10016,"Needs Dilution",70507,"Needs Dilution"
"GCW","WC","SgwC",20,"Varian GC","Wegner",20241029,2024,"July","GCW_WC_SgwC_20cm",1,8136,"Within Range",68848,"Needs Dilution"
"GCW","WC","SgwC",45,"Varian GC","Wegner",20241029,2024,"July","GCW_WC_SgwC_45cm",1,3118,"Within Range",55394,"Needs Dilution"
"GCW","WC","ATM",0,"Varian GC","Wegner",20241029,2024,"July","GCW_WC_ATM",1,4,"Within Range",577,"Within Range"
"MSM","UP","sgwA",10,"Varian GC","Wegner",20241029,2024,"July","MSM_UP_sgwA_10cm",1,3,"Within Range",6597,"Within Range"
"MSM","UP","SgwA",20,"Varian GC","Wegner",20241029,2024,"July","MSM_UP_SgwA_20cm",1,2,"Within Range",10748,"Within Range"
"MSM","UP","SgwA",45,"Varian GC","Wegner",20241029,2024,"July","MSM_UP_SgwA_45cm",1,2,"Within Range",16794,"Within Range"
"MSM","UP","SgwB",10,"Varian GC","Wegner",20241029,2024,"July","MSM_UP_SgwB_10cm",1,3,"Within Range",5642,"Within Range"
"MSM","UP","SgwB",20,"Varian GC","Wegner",20241029,2024,"July","MSM_UP_SgwB_20cm",1,3,"Within Range",11243,"Within Range"
"MSM","UP","SgwB",45,"Varian GC","Wegner",20241029,2024,"July","MSM_UP_SgwB_45cm",1,1,"Within Range",36944,"Within Range"
"MSM","UP","SgwC",10,"Varian GC","Wegner",20241029,2024,"July","MSM_UP_SgwC_10cm",1,3,"Within Range",17957,"Within Range"
"MSM","UP","SgwC",20,"Varian GC","Wegner",20241029,2024,"July","MSM_UP_SgwC_20cm",1,2,"Within Range",10260,"Within Range"
"MSM","UP","SgwC",45,"Varian GC","Wegner",20241029,2024,"July","MSM_UP_SgwC_45cm",1,2,"Within Range",31687,"Within Range"
"MSM","UP","ATM",0,"Varian GC","Wegner",20241029,2024,"July","MSM_UP_ATM",1,2,"Within Range",499,"Within Range"
"MSM","TR","SgwA",10,"Varian GC","Wegner",20241029,2024,"July","MSM_TR_SgwA_10cm",1,4,"Within Range",31066,"Within Range"
"MSM","TR","SgwA",20,"Varian GC","Wegner",20241029,2024,"July","MSM_TR_SgwA_20cm",1,276,"Within Range",85461,"Needs Dilution"
"MSM","TR","SgwA",45,"Varian GC","Wegner",20241029,2024,"July","MSM_TR_SgwA_45cm",1,448,"Within Range",39751,"Within Range"
"MSM","TR","SgwB",10,"Varian GC","Wegner",20241029,2024,"July","MSM_TR_SgwB_10cm",1,7,"Within Range",58325,"Needs Dilution"
"MSM","TR","SgwB",20,"Varian GC","Wegner",20241029,2024,"July","MSM_TR_SgwB_20cm",1,15,"Within Range",35323,"Within Range"
"MSM","TR","SgwB",45,"Varian GC","Wegner",20241029,2024,"July","MSM_TR_SgwB_45cm",1,6,"Within Range",16154,"Within Range"
"MSM","TR","SgwC",10,"Varian GC","Wegner",20241029,2024,"July","MSM_TR_SgwC_10cm",1,19,"Within Range",69851,"Needs Dilution"
"MSM","TR","SgwC",20,"Varian GC","Wegner",20241029,2024,"July","MSM_TR_SgwC_20cm",1,3,"Within Range",24725,"Within Range"
"MSM","TR","SgwC",45,"Varian GC","Wegner",20241029,2024,"July","MSM_TR_SgwC_45cm",1,33,"Within Range",56240,"Needs Dilution"
"MSM","TR","ATM",0,"Varian GC","Wegner",20241029,2024,"July","MSM_TR_ATM",1,2,"Within Range",504,"Within Range"
"MSM","WC","SgwA",10,"Varian GC","Wegner",20241029,2024,"July","MSM_WC_SgwA_10cm",1,1237,"Within Range",82958,"Needs Dilution"
"MSM","WC","SgwA",20,"Varian GC","Wegner",20241029,2024,"July","MSM_WC_SgwA_20cm",1,477,"Within Range",75032,"Needs Dilution"
"MSM","WC","SgwA",45,"Varian GC","Wegner",20241029,2024,"July","MSM_WC_SgwA_45cm",1,29,"Within Range",58238,"Needs Dilution"
"MSM","WC","SgwB",10,"Varian GC","Wegner",20241029,2024,"July","MSM_WC_SgwB_10cm",1,543,"Within Range",97848,"Needs Dilution"
"MSM","WC","SgwB",20,"Varian GC","Wegner",20241029,2024,"July","MSM_WC_SgwB_20cm",1,3,"Within Range",471,"Within Range"
"MSM","WC","SgwB",45,"Varian GC","Wegner",20241029,2024,"July","MSM_WC_SgwB_45cm",1,78,"Within Range",80493,"Needs Dilution"
"MSM","WC","SgwC",10,"Varian GC","Wegner",20241029,2024,"July","MSM_WC_SgwC_10cm",1,58,"Within Range",115257,"Needs Dilution"
"MSM","WC","SgwC",20,"Varian GC","Wegner",20241029,2024,"July","MSM_WC_SgwC_20cm",1,659,"Within Range",65784,"Needs Dilution"
"MSM","WC","SgwC",45,"Varian GC","Wegner",20241029,2024,"July","MSM_WC_SgwC_45cm",1,22,"Within Range",66259,"Needs Dilution"
"MSM","WC","ATM",0,"Varian GC","Wegner",20241029,2024,"July","MSM_WC_ATM",1,2,"Within Range",438,"Within Range"
"GWI","UP","SgwA",10,"Varian GC","Wegner",20241029,2024,"July","GWI_UP_SgwA_10cm",1,3,"Within Range",4886,"Within Range"
"GWI","UP","SgwA",20,"Varian GC","Wegner",20241029,2024,"July","GWI_UP_SgwA_20cm",1,3,"Within Range",26614,"Within Range"
"GWI","UP","SgwA",45,"Varian GC","Wegner",20241029,2024,"July","GWI_UP_SgwA_45cm",1,NA,NA,NA,NA
"GWI","UP","SgwB",10,"Varian GC","Wegner",20241029,2024,"July","GWI_UP_SgwB_10cm",1,3,"Within Range",5069,"Within Range"
"GWI","UP","SgwB",20,"Varian GC","Wegner",20241029,2024,"July","GWI_UP_SgwB_20cm",1,2,"Within Range",8846,"Within Range"
"GWI","UP","SgwB",45,"Varian GC","Wegner",20241029,2024,"July","GWI_UP_SgwB_45cm",1,2,"Within Range",53878,"Needs Dilution"
"GWI","UP","SgwC",10,"Varian GC","Wegner",20241029,2024,"July","GWI_UP_SgwC_10cm",1,3,"Within Range",36889,"Within Range"
"GWI","UP","SgwC",20,"Varian GC","Wegner",20241029,2024,"July","GWI_UP_SgwC_20cm",1,4,"Within Range",69127,"Needs Dilution"
"GWI","UP","SgwC",45,"Varian GC","Wegner",20241029,2024,"July","GWI_UP_SgwC_45cm",1,3,"Within Range",5319,"Within Range"
"GWI","UP","ATM",0,"Varian GC","Wegner",20241029,2024,"July","GWI_UP_ATM",1,3,"Within Range",407,"Within Range"
"GWI","TR","SgwA",10,"Varian GC","Wegner",20241029,2024,"July","GWI_TR_SgwA_10cm",1,3,"Within Range",59012,"Needs Dilution"
"GWI","TR","SgwA",20,"Varian GC","Wegner",20241029,2024,"July","GWI_TR_SgwA_20cm",1,NA,NA,NA,NA
"GWI","TR","SgwA",45,"Varian GC","Wegner",20241029,2024,"July","GWI_TR_SgwA_45cm",1,8,"Within Range",54108,"Needs Dilution"
"GWI","TR","SgwB",10,"Varian GC","Wegner",20241029,2024,"July","GWI_TR_SgwB_10cm",1,15,"Within Range",53170,"Needs Dilution"
"GWI","TR","SgwB",20,"Varian GC","Wegner",20241029,2024,"July","GWI_TR_SgwB_20cm",1,8,"Within Range",48317,"Within Range"
"GWI","TR","SgwB",45,"Varian GC","Wegner",20241029,2024,"July","GWI_TR_SgwB_45cm",1,2,"Within Range",374,"Within Range"
"GWI","TR","SgwC",10,"Varian GC","Wegner",20241029,2024,"July","GWI_TR_SgwC_10cm",1,11,"Within Range",52054,"Needs Dilution"
"GWI","TR","SgwC",20,"Varian GC","Wegner",20241029,2024,"July","GWI_TR_SgwC_20cm",1,3,"Within Range",40905,"Within Range"
"GWI","TR","SgwC",45,"Varian GC","Wegner",20241029,2024,"July","GWI_TR_SgwC_45cm",1,NA,NA,NA,NA
"GWI","TR","ATM",0,"Varian GC","Wegner",20241029,2024,"July","GWI_TR_ATM",1,38,"Within Range",17944,"Within Range"
"GWI","WC","SgwA",10,"Varian GC","Wegner",20241029,2024,"July","GWI_WC_SgwA_10cm",1,10,"Within Range",86234,"Needs Dilution"
"GWI","WC","SgwA",20,"Varian GC","Wegner",20241029,2024,"July","GWI_WC_SgwA_20cm",1,26,"Within Range",116079,"Needs Dilution"
"GWI","WC","SgwA",45,"Varian GC","Wegner",20241029,2024,"July","GWI_WC_SgwA_45cm",1,3,"Within Range",6249,"Within Range"
"GWI","WC","SgwB",10,"Varian GC","Wegner",20241029,2024,"July","GWI_WC_SgwB_10cm",1,7,"Within Range",79748,"Needs Dilution"
"GWI","WC","SgwB",20,"Varian GC","Wegner",20241029,2024,"July","GWI_WC_SgwB_20cm",1,5,"Within Range",52270,"Needs Dilution"
"GWI","WC","SgwB",45,"Varian GC","Wegner",20241029,2024,"July","GWI_WC_SgwB_45cm",1,4,"Within Range",29921,"Within Range"
"GWI","WC","SgwC",10,"Varian GC","Wegner",20241029,2024,"July","GWI_WC_SgwC_10cm",1,NA,NA,NA,NA
"GWI","WC","SgwC",20,"Varian GC","Wegner",20241029,2024,"July","GWI_WC_SgwC_20cm",1,5,"Within Range",71909,"Needs Dilution"
"GWI","WC","SgwC",45,"Varian GC","Wegner",20241029,2024,"July","GWI_WC_SgwC_45cm",1,20,"Within Range",78808,"Needs Dilution"
"GWI","WC","ATM",0,"Varian GC","Wegner",20241029,2024,"July","GWI_WC_ATM",1,4,"Within Range",585,"Within Range"
"SWH","UP","SgwA",10,"Varian GC","Wegner",20241029,2024,"July","SWH_UP_SgwA_10cm",1,3,"Within Range",50870,"Needs Dilution"
"SWH","UP","SgwA",20,"Varian GC","Wegner",20241029,2024,"July","SWH_UP_SgwA_20cm",1,3,"Within Range",65087,"Needs Dilution"
"SWH","UP","SgwA",45,"Varian GC","Wegner",20241029,2024,"July","SWH_UP_SgwA_45cm",1,1651,"Within Range",103316,"Needs Dilution"
"SWH","UP","SgwB",10,"Varian GC","Wegner",20241029,2024,"July","SWH_UP_SgwB_10cm",1,4,"Within Range",33538,"Within Range"
"SWH","UP","SgwB",20,"Varian GC","Wegner",20241029,2024,"July","SWH_UP_SgwB_20cm",1,3,"Within Range",39194,"Within Range"
"SWH","UP","SgwB",45,"Varian GC","Wegner",20241029,2024,"July","SWH_UP_SgwB_45cm",1,34,"Within Range",93710,"Needs Dilution"
"SWH","UP","SgwC",10,"Varian GC","Wegner",20241029,2024,"July","SWH_UP_SgwC_10cm",1,5,"Within Range",2122,"Within Range"
"SWH","UP","SgwC",20,"Varian GC","Wegner",20241029,2024,"July","SWH_UP_SgwC_20cm",1,9,"Within Range",33505,"Within Range"
"SWH","UP","SgwC",45,"Varian GC","Wegner",20241029,2024,"July","SWH_UP_SgwC_45cm",1,16705,"Needs Dilution",71175,"Needs Dilution"
"SWH","UP","ATM",0,"Varian GC","Wegner",20241029,2024,"July","SWH_UP_ATM",1,8,"Within Range",788,"Within Range"
"SWH","SWAMP","SgwA",10,"Varian GC","Wegner",20241029,2024,"July","SWH_SWAMP_SgwA_10cm",1,143515,"Needs Dilution",65737,"Needs Dilution"
"SWH","SWAMP","SgwA",20,"Varian GC","Wegner",20241029,2024,"July","SWH_SWAMP_SgwA_20cm",1,NA,NA,NA,NA
"SWH","SWAMP","SgwA",45,"Varian GC","Wegner",20241029,2024,"July","SWH_SWAMP_SgwA_45cm",1,150,"Within Range",39462,"Within Range"
"SWH","SWAMP","SgwB",10,"Varian GC","Wegner",20241029,2024,"July","SWH_SWAMP_SgwB_10cm",1,68794,"Needs Dilution",56178,"Needs Dilution"
"SWH","SWAMP","SgwB",20,"Varian GC","Wegner",20241029,2024,"July","SWH_SWAMP_SgwB_20cm",1,238,"Within Range",31460,"Within Range"
"SWH","SWAMP","SgwB",45,"Varian GC","Wegner",20241029,2024,"July","SWH_SWAMP_SgwB_45cm",1,271,"Within Range",32652,"Within Range"
"SWH","SWAMP","SgwC",10,"Varian GC","Wegner",20241029,2024,"July","SWH_SWAMP_SgwC_10cm",1,63871,"Needs Dilution",40283,"Within Range"
"SWH","SWAMP","SgwC",20,"Varian GC","Wegner",20241029,2024,"July","SWH_SWAMP_SgwC_20cm",1,51625,"Needs Dilution",37465,"Within Range"
"SWH","SWAMP","SgwC",45,"Varian GC","Wegner",20241029,2024,"July","SWH_SWAMP_SgwC_45cm",1,1888,"Within Range",47861,"Within Range"
"SWH","SWAMP","ATM",0,"Varian GC","Wegner",20241029,2024,"July","SWH_SWAMP_ATM",1,11,"Within Range",472,"Within Range"
"SWH","TR","SgwA",10,"Varian GC","Wegner",20241029,2024,"July","SWH_TR_SgwA_10cm",1,154046,"Needs Dilution",122041,"Needs Dilution"
"SWH","TR","SgwA",20,"Varian GC","Wegner",20241029,2024,"July","SWH_TR_SgwA_20cm",1,152671,"Needs Dilution",117205,"Needs Dilution"
"SWH","TR","SgwA",45,"Varian GC","Wegner",20241029,2024,"July","SWH_TR_SgwA_45cm",1,99603,"Needs Dilution",77263,"Needs Dilution"
"SWH","TR","SgwB",10,"Varian GC","Wegner",20241029,2024,"July","SWH_TR_SgwB_10cm",1,103787,"Needs Dilution",85943,"Needs Dilution"
"SWH","TR","SgwB",20,"Varian GC","Wegner",20241029,2024,"July","SWH_TR_SgwB_20cm",1,154885,"Needs Dilution",9067,"Within Range"
"SWH","TR","SgwB",45,"Varian GC","Wegner",20241029,2024,"July","SWH_TR_SgwB_45cm",1,135230,"Needs Dilution",71582,"Needs Dilution"
"SWH","TR","SgwC",10,"Varian GC","Wegner",20241029,2024,"July","SWH_TR_SgwC_10cm",1,302,"Within Range",12488,"Within Range"
"SWH","TR","SgwC",20,"Varian GC","Wegner",20241029,2024,"July","SWH_TR_SgwC_20cm",1,89127,"Needs Dilution",82074,"Needs Dilution"
"SWH","TR","SgwC",45,"Varian GC","Wegner",20241029,2024,"July","SWH_TR_SgwC_45cm",1,140535,"Needs Dilution",85862,"Needs Dilution"
"SWH","TR","ATM",0,"Varian GC","Wegner",20241029,2024,"July","SWH_TR_ATM",1,86,"Within Range",574,"Within Range"
"SWH","WC","SgwA",10,"Varian GC","Wegner",20241029,2024,"July","SWH_WC_SgwA_10cm",1,31536,"Needs Dilution",71444,"Needs Dilution"
"SWH","WC","SgwA",20,"Varian GC","Wegner",20241029,2024,"July","SWH_WC_SgwA_20cm",1,8644,"Within Range",108355,"Needs Dilution"
"SWH","WC","SgwA",45,"Varian GC","Wegner",20241029,2024,"July","SWH_WC_SgwA_45cm",1,NA,NA,NA,NA
"SWH","WC","SgwB",10,"Varian GC","Wegner",20241029,2024,"July","SWH_WC_SgwB_10cm",1,NA,NA,NA,NA
"SWH","WC","SgwB",20,"Varian GC","Wegner",20241029,2024,"July","SWH_WC_SgwB_20cm",1,726,"Within Range",119116,"Needs Dilution"
"SWH","WC","SgwB",45,"Varian GC","Wegner",20241029,2024,"July","SWH_WC_SgwB_45cm",1,NA,NA,NA,NA
"SWH","WC","SgwC",10,"Varian GC","Wegner",20241029,2024,"July","SWH_WC_SgwC_10cm",1,94040,"Needs Dilution",83791,"Needs Dilution"
"SWH","WC","SgwC",20,"Varian GC","Wegner",20241029,2024,"July","SWH_WC_SgwC_20cm",1,122,"Within Range",98626,"Needs Dilution"
"SWH","WC","SgwC",45,"Varian GC","Wegner",20241029,2024,"July","SWH_WC_SgwC_45cm",1,368,"Within Range",103188,"Needs Dilution"
"SWH","WC","ATM",0,"Varian GC","Wegner",20241029,2024,"July","SWH_WC_ATM",1,13,"Within Range",494,"Within Range"
"GCW","TR","SgwA",10,"Varian GC","Wegner",20241030,2024,"August","GCW_TR_SgwA_10cm",1,2,"Within Range",18739,"Within Range"
"GCW","TR","SgwA",20,"Varian GC","Wegner",20241030,2024,"August","GCW_TR_SgwA_20cm",1,6,"Within Range",19836,"Within Range"
"GCW","TR","SgwA",45,"Varian GC","Wegner",20241030,2024,"August","GCW_TR_SgwA_45cm",1,2,"Within Range",27056,"Within Range"
"GCW","TR","SgwB",10,"Varian GC","Wegner",20241030,2024,"August","GCW_TR_SgwB_10cm",1,5,"Within Range",14974,"Within Range"
"GCW","TR","SgwB",20,"Varian GC","Wegner",20241030,2024,"August","GCW_TR_SgwB_20cm",1,6,"Within Range",27618,"Within Range"
"GCW","TR","SgwB",45,"Varian GC","Wegner",20241030,2024,"August","GCW_TR_SgwB_45cm",1,10,"Within Range",53532,"Needs Dilution"
"GCW","TR","SgwC",10,"Varian GC","Wegner",20241030,2024,"August","GCW_TR_SgwC_10cm",1,2,"Within Range",37577,"Within Range"
"GCW","TR","SgwC",20,"Varian GC","Wegner",20241030,2024,"August","GCW_TR_SgwC_20cm",1,6,"Within Range",45671,"Within Range"
"GCW","TR","SgwC",45,"Varian GC","Wegner",20241030,2024,"August","GCW_TR_SgwC_45cm",1,905,"Within Range",46339,"Within Range"
"GCW","TR","ATM",0,"Varian GC","Wegner",20241030,2024,"August","GCW_TR_ATM",1,6,"Within Range",727,"Within Range"
"GCW","WC","SgwA",10,"Varian GC","Wegner",20241030,2024,"August","GCW_WC_SgwA_10cm",1,39950,"Needs Dilution",89726,"Needs Dilution"
"GCW","WC","SgwA",20,"Varian GC","Wegner",20241030,2024,"August","GCW_WC_SgwA_20cm",1,25947,"Needs Dilution",83426,"Needs Dilution"
"GCW","WC","SgwA",45,"Varian GC","Wegner",20241030,2024,"August","GCW_WC_SgwA_45cm",1,42750,"Needs Dilution",113555,"Needs Dilution"
"GCW","WC","SgwB",10,"Varian GC","Wegner",20241030,2024,"August","GCW_WC_SgwB_10cm",1,31688,"Needs Dilution",101267,"Needs Dilution"
"GCW","WC","SgwB",20,"Varian GC","Wegner",20241030,2024,"August","GCW_WC_SgwB_20cm",1,9790,"Within Range",73259,"Needs Dilution"
"GCW","WC","SgwB",45,"Varian GC","Wegner",20241030,2024,"August","GCW_WC_SgwB_45cm",1,12952,"Needs Dilution",55307,"Needs Dilution"
"GCW","WC","SgwC",10,"Varian GC","Wegner",20241030,2024,"August","GCW_WC_SgwC_10cm",1,9183,"Within Range",77994,"Needs Dilution"
"GCW","WC","SgwC",20,"Varian GC","Wegner",20241030,2024,"August","GCW_WC_SgwC_20cm",1,8961,"Within Range",81163,"Needs Dilution"
"GCW","WC","SgwC",45,"Varian GC","Wegner",20241030,2024,"August","GCW_WC_SgwC_45cm",1,3907,"Within Range",56075,"Needs Dilution"
"GCW","WC","ATM",0,"Varian GC","Wegner",20241030,2024,"August","GCW_WC_ATM",1,6,"Within Range",489,"Within Range"
"MSM","UP","sgwA",10,"Varian GC","Wegner",20241030,2024,"August","MSM_UP_sgwA_10cm",1,3,"Within Range",6375,"Within Range"
"MSM","UP","SgwA",20,"Varian GC","Wegner",20241030,2024,"August","MSM_UP_SgwA_20cm",1,3,"Within Range",9724,"Within Range"
"MSM","UP","SgwA",45,"Varian GC","Wegner",20241030,2024,"August","MSM_UP_SgwA_45cm",1,3,"Within Range",21409,"Within Range"
"MSM","UP","SgwB",10,"Varian GC","Wegner",20241030,2024,"August","MSM_UP_SgwB_10cm",1,3,"Within Range",5042,"Within Range"
"MSM","UP","SgwB",20,"Varian GC","Wegner",20241030,2024,"August","MSM_UP_SgwB_20cm",1,2,"Within Range",11203,"Within Range"
"MSM","UP","SgwB",45,"Varian GC","Wegner",20241030,2024,"August","MSM_UP_SgwB_45cm",1,2,"Within Range",34967,"Within Range"
"MSM","UP","SgwC",10,"Varian GC","Wegner",20241030,2024,"August","MSM_UP_SgwC_10cm",1,2,"Within Range",10531,"Within Range"
"MSM","UP","SgwC",20,"Varian GC","Wegner",20241030,2024,"August","MSM_UP_SgwC_20cm",1,2,"Within Range",11677,"Within Range"
"MSM","UP","SgwC",45,"Varian GC","Wegner",20241030,2024,"August","MSM_UP_SgwC_45cm",1,2,"Within Range",32727,"Within Range"
"MSM","UP","ATM",0,"Varian GC","Wegner",20241030,2024,"August","MSM_UP_ATM",1,3,"Within Range",503,"Within Range"
"MSM","TR","SgwA",10,"Varian GC","Wegner",20241030,2024,"August","MSM_TR_SgwA_10cm",1,5,"Within Range",28306,"Within Range"
"MSM","TR","SgwA",20,"Varian GC","Wegner",20241030,2024,"August","MSM_TR_SgwA_20cm",1,436,"Within Range",113972,"Needs Dilution"
"MSM","TR","SgwA",45,"Varian GC","Wegner",20241030,2024,"August","MSM_TR_SgwA_45cm",1,17,"Within Range",53457,"Needs Dilution"
"MSM","TR","SgwB",10,"Varian GC","Wegner",20241030,2024,"August","MSM_TR_SgwB_10cm",1,11,"Within Range",65222,"Needs Dilution"
"MSM","TR","SgwB",20,"Varian GC","Wegner",20241030,2024,"August","MSM_TR_SgwB_20cm",1,10,"Within Range",40344,"Within Range"
"MSM","TR","SgwB",45,"Varian GC","Wegner",20241030,2024,"August","MSM_TR_SgwB_45cm",1,145,"Within Range",64253,"Needs Dilution"
"MSM","TR","SgwC",10,"Varian GC","Wegner",20241030,2024,"August","MSM_TR_SgwC_10cm",1,20,"Within Range",61743,"Needs Dilution"
"MSM","TR","SgwC",20,"Varian GC","Wegner",20241030,2024,"August","MSM_TR_SgwC_20cm",1,5,"Within Range",62515,"Needs Dilution"
"MSM","TR","SgwC",45,"Varian GC","Wegner",20241030,2024,"August","MSM_TR_SgwC_45cm",1,11,"Within Range",77837,"Needs Dilution"
"MSM","TR","ATM",0,"Varian GC","Wegner",20241030,2024,"August","MSM_TR_ATM",1,3,"Within Range",660,"Within Range"
"MSM","WC","SgwA",10,"Varian GC","Wegner",20241030,2024,"August","MSM_WC_SgwA_10cm",1,367,"Within Range",88396,"Needs Dilution"
"MSM","WC","SgwA",20,"Varian GC","Wegner",20241030,2024,"August","MSM_WC_SgwA_20cm",1,559,"Within Range",68527,"Needs Dilution"
"MSM","WC","SgwA",45,"Varian GC","Wegner",20241030,2024,"August","MSM_WC_SgwA_45cm",1,9,"Within Range",53229,"Needs Dilution"
"MSM","WC","SgwB",10,"Varian GC","Wegner",20241030,2024,"August","MSM_WC_SgwB_10cm",1,966,"Within Range",50497,"Needs Dilution"
"MSM","WC","SgwB",20,"Varian GC","Wegner",20241030,2024,"August","MSM_WC_SgwB_20cm",1,396,"Within Range",61181,"Needs Dilution"
"MSM","WC","SgwB",45,"Varian GC","Wegner",20241030,2024,"August","MSM_WC_SgwB_45cm",1,295,"Within Range",114622,"Needs Dilution"
"MSM","WC","SgwC",10,"Varian GC","Wegner",20241030,2024,"August","MSM_WC_SgwC_10cm",1,123,"Within Range",77902,"Needs Dilution"
"MSM","WC","SgwC",20,"Varian GC","Wegner",20241030,2024,"August","MSM_WC_SgwC_20cm",1,909,"Within Range",64559,"Needs Dilution"
"MSM","WC","SgwC",45,"Varian GC","Wegner",20241030,2024,"August","MSM_WC_SgwC_45cm",1,19,"Within Range",72873,"Needs Dilution"
"MSM","WC","ATM",0,"Varian GC","Wegner",20241030,2024,"August","MSM_WC_ATM",1,142,"Within Range",430,"Within Range"
"GWI","UP","SgwA",10,"Varian GC","Wegner",20241030,2024,"August","GWI_UP_SgwA_10cm",1,2,"Within Range",5528,"Within Range"
"GWI","UP","SgwA",20,"Varian GC","Wegner",20241030,2024,"August","GWI_UP_SgwA_20cm",1,2,"Within Range",11488,"Within Range"
"GWI","UP","SgwA",45,"Varian GC","Wegner",20241030,2024,"August","GWI_UP_SgwA_45cm",1,2,"Within Range",35618,"Within Range"
"GWI","UP","SgwB",10,"Varian GC","Wegner",20241030,2024,"August","GWI_UP_SgwB_10cm",1,2,"Within Range",4564,"Within Range"
"GWI","UP","SgwB",20,"Varian GC","Wegner",20241030,2024,"August","GWI_UP_SgwB_20cm",1,2,"Within Range",8616,"Within Range"
"GWI","UP","SgwB",45,"Varian GC","Wegner",20241030,2024,"August","GWI_UP_SgwB_45cm",1,1,"Within Range",19934,"Within Range"
"GWI","UP","SgwC",10,"Varian GC","Wegner",20241030,2024,"August","GWI_UP_SgwC_10cm",1,2,"Within Range",19069,"Within Range"
"GWI","UP","SgwC",20,"Varian GC","Wegner",20241030,2024,"August","GWI_UP_SgwC_20cm",1,2,"Within Range",15682,"Within Range"
"GWI","UP","SgwC",45,"Varian GC","Wegner",20241030,2024,"August","GWI_UP_SgwC_45cm",1,2,"Within Range",5379,"Within Range"
"GWI","UP","ATM",0,"Varian GC","Wegner",20241030,2024,"August","GWI_UP_ATM",1,2,"Within Range",456,"Within Range"
"GWI","TR","SgwA",10,"Varian GC","Wegner",20241030,2024,"August","GWI_TR_SgwA_10cm",1,9,"Within Range",18383,"Within Range"
"GWI","TR","SgwA",20,"Varian GC","Wegner",20241030,2024,"August","GWI_TR_SgwA_20cm",1,30,"Within Range",118215,"Needs Dilution"
"GWI","TR","SgwA",45,"Varian GC","Wegner",20241030,2024,"August","GWI_TR_SgwA_45cm",1,57,"Within Range",80522,"Needs Dilution"
"GWI","TR","SgwB",10,"Varian GC","Wegner",20241030,2024,"August","GWI_TR_SgwB_10cm",1,10,"Within Range",16681,"Within Range"
"GWI","TR","SgwB",20,"Varian GC","Wegner",20241030,2024,"August","GWI_TR_SgwB_20cm",1,46,"Within Range",71584,"Needs Dilution"
"GWI","TR","SgwB",45,"Varian GC","Wegner",20241030,2024,"August","GWI_TR_SgwB_45cm",1,3,"Within Range",12444,"Within Range"
"GWI","TR","SgwC",10,"Varian GC","Wegner",20241030,2024,"August","GWI_TR_SgwC_10cm",1,3,"Within Range",12444,"Within Range"
"GWI","TR","SgwC",20,"Varian GC","Wegner",20241030,2024,"August","GWI_TR_SgwC_20cm",1,7,"Within Range",14927,"Within Range"
"GWI","TR","SgwC",45,"Varian GC","Wegner",20241030,2024,"August","GWI_TR_SgwC_45cm",1,NA,NA,NA,NA
"GWI","TR","ATM",0,"Varian GC","Wegner",20241030,2024,"August","GWI_TR_ATM",1,3,"Within Range",660,"Within Range"
"GWI","WC","SgwA",10,"Varian GC","Wegner",20241030,2024,"August","GWI_WC_SgwA_10cm",1,13,"Within Range",74604,"Needs Dilution"
"GWI","WC","SgwA",20,"Varian GC","Wegner",20241030,2024,"August","GWI_WC_SgwA_20cm",1,54,"Within Range",153585,"Needs Dilution"
"GWI","WC","SgwA",45,"Varian GC","Wegner",20241030,2024,"August","GWI_WC_SgwA_45cm",1,3,"Within Range",24556,"Within Range"
"GWI","WC","SgwB",10,"Varian GC","Wegner",20241030,2024,"August","GWI_WC_SgwB_10cm",1,6,"Within Range",64549,"Needs Dilution"
"GWI","WC","SgwB",20,"Varian GC","Wegner",20241030,2024,"August","GWI_WC_SgwB_20cm",1,6,"Within Range",91331,"Needs Dilution"
"GWI","WC","SgwB",45,"Varian GC","Wegner",20241030,2024,"August","GWI_WC_SgwB_45cm",1,NA,NA,NA,NA
"GWI","WC","SgwC",10,"Varian GC","Wegner",20241030,2024,"August","GWI_WC_SgwC_10cm",1,NA,NA,NA,NA
"GWI","WC","SgwC",20,"Varian GC","Wegner",20241030,2024,"August","GWI_WC_SgwC_20cm",1,4,"Within Range",112981,"Needs Dilution"
"GWI","WC","SgwC",45,"Varian GC","Wegner",20241030,2024,"August","GWI_WC_SgwC_45cm",1,8,"Within Range",107079,"Needs Dilution"
"GWI","WC","ATM",0,"Varian GC","Wegner",20241030,2024,"August","GWI_WC_ATM",1,2,"Within Range",520,"Within Range"
"SWH","UP","SgwA",10,"Varian GC","Wegner",20241030,2024,"August","SWH_UP_SgwA_10cm",1,3,"Within Range",55450,"Needs Dilution"
"SWH","UP","SgwA",20,"Varian GC","Wegner",20241030,2024,"August","SWH_UP_SgwA_20cm",1,9,"Within Range",57698,"Needs Dilution"
"SWH","UP","SgwA",45,"Varian GC","Wegner",20241030,2024,"August","SWH_UP_SgwA_45cm",1,NA,NA,NA,NA
"SWH","UP","SgwB",10,"Varian GC","Wegner",20241030,2024,"August","SWH_UP_SgwB_10cm",1,4,"Within Range",36692,"Within Range"
"SWH","UP","SgwB",20,"Varian GC","Wegner",20241030,2024,"August","SWH_UP_SgwB_20cm",1,4,"Within Range",45948,"Within Range"
"SWH","UP","SgwB",45,"Varian GC","Wegner",20241030,2024,"August","SWH_UP_SgwB_45cm",1,46,"Within Range",13855,"Within Range"
"SWH","UP","SgwC",10,"Varian GC","Wegner",20241030,2024,"August","SWH_UP_SgwC_10cm",1,11,"Within Range",16881,"Within Range"
"SWH","UP","SgwC",20,"Varian GC","Wegner",20241030,2024,"August","SWH_UP_SgwC_20cm",1,9,"Within Range",46699,"Within Range"
"SWH","UP","SgwC",45,"Varian GC","Wegner",20241030,2024,"August","SWH_UP_SgwC_45cm",1,17693,"Needs Dilution",95647,"Needs Dilution"
"SWH","UP","ATM",0,"Varian GC","Wegner",20241030,2024,"August","SWH_UP_ATM",1,13,"Within Range",414,"Within Range"
"SWH","SWAMP","SgwA",10,"Varian GC","Wegner",20241030,2024,"August","SWH_SWAMP_SgwA_10cm",1,165158,"Needs Dilution",76740,"Needs Dilution"
"SWH","SWAMP","SgwA",20,"Varian GC","Wegner",20241030,2024,"August","SWH_SWAMP_SgwA_20cm",1,97054,"Needs Dilution",65187,"Needs Dilution"
"SWH","SWAMP","SgwA",45,"Varian GC","Wegner",20241030,2024,"August","SWH_SWAMP_SgwA_45cm",1,2820,"Within Range",52059,"Needs Dilution"
"SWH","SWAMP","SgwB",10,"Varian GC","Wegner",20241030,2024,"August","SWH_SWAMP_SgwB_10cm",1,88520,"Needs Dilution",61893,"Needs Dilution"
"SWH","SWAMP","SgwB",20,"Varian GC","Wegner",20241030,2024,"August","SWH_SWAMP_SgwB_20cm",1,322,"Within Range",34111,"Within Range"
"SWH","SWAMP","SgwB",45,"Varian GC","Wegner",20241030,2024,"August","SWH_SWAMP_SgwB_45cm",1,173,"Within Range",34467,"Within Range"
"SWH","SWAMP","SgwC",10,"Varian GC","Wegner",20241030,2024,"August","SWH_SWAMP_SgwC_10cm",1,67291,"Needs Dilution",25779,"Within Range"
"SWH","SWAMP","SgwC",20,"Varian GC","Wegner",20241030,2024,"August","SWH_SWAMP_SgwC_20cm",1,88214,"Needs Dilution",31258,"Within Range"
"SWH","SWAMP","SgwC",45,"Varian GC","Wegner",20241030,2024,"August","SWH_SWAMP_SgwC_45cm",1,30225,"Needs Dilution",64073,"Needs Dilution"
"SWH","SWAMP","ATM",0,"Varian GC","Wegner",20241030,2024,"August","SWH_SWAMP_ATM",1,34,"Within Range",666,"Within Range"
"SWH","TR","SgwA",10,"Varian GC","Wegner",20241030,2024,"August","SWH_TR_SgwA_10cm",1,185162,"Needs Dilution",119376,"Needs Dilution"
"SWH","TR","SgwA",20,"Varian GC","Wegner",20241030,2024,"August","SWH_TR_SgwA_20cm",1,160085,"Needs Dilution",116796,"Needs Dilution"
"SWH","TR","SgwA",45,"Varian GC","Wegner",20241030,2024,"August","SWH_TR_SgwA_45cm",1,122086,"Needs Dilution",90848,"Needs Dilution"
"SWH","TR","SgwB",10,"Varian GC","Wegner",20241030,2024,"August","SWH_TR_SgwB_10cm",1,125933,"Needs Dilution",96550,"Needs Dilution"
"SWH","TR","SgwB",20,"Varian GC","Wegner",20241030,2024,"August","SWH_TR_SgwB_20cm",1,190172,"Needs Dilution",104055,"Needs Dilution"
"SWH","TR","SgwB",45,"Varian GC","Wegner",20241030,2024,"August","SWH_TR_SgwB_45cm",1,154318,"Needs Dilution",92765,"Needs Dilution"
"SWH","TR","SgwC",10,"Varian GC","Wegner",20241030,2024,"August","SWH_TR_SgwC_10cm",1,351,"Within Range",17857,"Within Range"
"SWH","TR","SgwC",20,"Varian GC","Wegner",20241030,2024,"August","SWH_TR_SgwC_20cm",1,100679,"Needs Dilution",86764,"Needs Dilution"
"SWH","TR","SgwC",45,"Varian GC","Wegner",20241030,2024,"August","SWH_TR_SgwC_45cm",1,146700,"Needs Dilution",96305,"Needs Dilution"
"SWH","TR","ATM",0,"Varian GC","Wegner",20241030,2024,"August","SWH_TR_ATM",1,108,"Within Range",534,"Within Range"
"SWH","WC","SgwA",10,"Varian GC","Wegner",20241030,2024,"August","SWH_WC_SgwA_10cm",1,45625,"Needs Dilution",58415,"Needs Dilution"
"SWH","WC","SgwA",20,"Varian GC","Wegner",20241030,2024,"August","SWH_WC_SgwA_20cm",1,8133,"Within Range",101822,"Needs Dilution"
"SWH","WC","SgwA",45,"Varian GC","Wegner",20241030,2024,"August","SWH_WC_SgwA_45cm",1,7964,"Within Range",120510,"Needs Dilution"
"SWH","WC","SgwB",10,"Varian GC","Wegner",20241030,2024,"August","SWH_WC_SgwB_10cm",1,30550,"Needs Dilution",92702,"Needs Dilution"
"SWH","WC","SgwB",20,"Varian GC","Wegner",20241030,2024,"August","SWH_WC_SgwB_20cm",1,153,"Within Range",107683,"Needs Dilution"
"SWH","WC","SgwB",45,"Varian GC","Wegner",20241030,2024,"August","SWH_WC_SgwB_45cm",1,278,"Within Range",123502,"Needs Dilution"
"SWH","WC","SgwC",10,"Varian GC","Wegner",20241030,2024,"August","SWH_WC_SgwC_10cm",1,90090,"Needs Dilution",85786,"Needs Dilution"
"SWH","WC","SgwC",20,"Varian GC","Wegner",20241030,2024,"August","SWH_WC_SgwC_20cm",1,257,"Within Range",107638,"Needs Dilution"
"SWH","WC","SgwC",45,"Varian GC","Wegner",20241030,2024,"August","SWH_WC_SgwC_45cm",1,168,"Within Range",126383,"Needs Dilution"
"SWH","WC","ATM",0,"Varian GC","Wegner",20241030,2024,"August","SWH_WC_ATM",1,12,"Within Range",612,"Within Range"
"GCW","TR","SgwA",10,"Varian GC","Wegner",20241113,2024,"September","GCW_TR_SgwA_10cm",1,2,"Within Range",9632,"Within Range"
"GCW","TR","SgwA",20,"Varian GC","Wegner",20241113,2024,"September","GCW_TR_SgwA_20cm",1,3,"Within Range",19062,"Within Range"
"GCW","TR","SgwA",45,"Varian GC","Wegner",20241113,2024,"September","GCW_TR_SgwA_45cm",1,5,"Within Range",29445,"Within Range"
"GCW","TR","SgwB",10,"Varian GC","Wegner",20241113,2024,"September","GCW_TR_SgwB_10cm",1,3,"Within Range",13533,"Within Range"
"GCW","TR","SgwB",20,"Varian GC","Wegner",20241113,2024,"September","GCW_TR_SgwB_20cm",1,9,"Within Range",19566,"Within Range"
"GCW","TR","SgwB",45,"Varian GC","Wegner",20241113,2024,"September","GCW_TR_SgwB_45cm",1,125,"Within Range",43350,"Within Range"
"GCW","TR","SgwC",10,"Varian GC","Wegner",20241113,2024,"September","GCW_TR_SgwC_10cm",1,2,"Within Range",33258,"Within Range"
"GCW","TR","SgwC",20,"Varian GC","Wegner",20241113,2024,"September","GCW_TR_SgwC_20cm",1,6,"Within Range",38921,"Within Range"
"GCW","TR","SgwC",45,"Varian GC","Wegner",20241113,2024,"September","GCW_TR_SgwC_45cm",1,115,"Within Range",59810,"Needs Dilution"
"GCW","TR","ATM",0,"Varian GC","Wegner",20241113,2024,"September","GCW_TR_ATM",1,2,"Within Range",520,"Within Range"
"GCW","WC","SgwA",10,"Varian GC","Wegner",20241113,2024,"September","GCW_WC_SgwA_10cm",1,45971,"Needs Dilution",82445,"Needs Dilution"
"GCW","WC","SgwA",20,"Varian GC","Wegner",20241113,2024,"September","GCW_WC_SgwA_20cm",1,27652,"Needs Dilution",72226,"Needs Dilution"
"GCW","WC","SgwA",45,"Varian GC","Wegner",20241113,2024,"September","GCW_WC_SgwA_45cm",1,55000,"Needs Dilution",75257,"Needs Dilution"
"GCW","WC","SgwB",10,"Varian GC","Wegner",20241113,2024,"September","GCW_WC_SgwB_10cm",1,25967,"Needs Dilution",109240,"Needs Dilution"
"GCW","WC","SgwB",20,"Varian GC","Wegner",20241113,2024,"September","GCW_WC_SgwB_20cm",1,12343,"Needs Dilution",76911,"Needs Dilution"
"GCW","WC","SgwB",45,"Varian GC","Wegner",20241113,2024,"September","GCW_WC_SgwB_45cm",1,13571,"Needs Dilution",63952,"Needs Dilution"
"GCW","WC","SgwC",10,"Varian GC","Wegner",20241113,2024,"September","GCW_WC_SgwC_10cm",1,6728,"Within Range",67718,"Needs Dilution"
"GCW","WC","SgwC",20,"Varian GC","Wegner",20241113,2024,"September","GCW_WC_SgwC_20cm",1,11987,"Needs Dilution",81029,"Needs Dilution"
"GCW","WC","SgwC",45,"Varian GC","Wegner",20241113,2024,"September","GCW_WC_SgwC_45cm",1,NA,NA,NA,NA
"GCW","WC","ATM",0,"Varian GC","Wegner",20241113,2024,"September","GCW_WC_ATM",1,16,"Within Range",513,"Within Range"
"MSM","UP","sgwA",10,"Varian GC","Wegner",20241113,2024,"September","MSM_UP_sgwA_10cm",1,3,"Within Range",4765,"Within Range"
"MSM","UP","SgwA",20,"Varian GC","Wegner",20241113,2024,"September","MSM_UP_SgwA_20cm",1,3,"Within Range",6959,"Within Range"
"MSM","UP","SgwA",45,"Varian GC","Wegner",20241113,2024,"September","MSM_UP_SgwA_45cm",1,3,"Within Range",17280,"Within Range"
"MSM","UP","SgwB",10,"Varian GC","Wegner",20241113,2024,"September","MSM_UP_SgwB_10cm",1,3,"Within Range",3252,"Within Range"
"MSM","UP","SgwB",20,"Varian GC","Wegner",20241113,2024,"September","MSM_UP_SgwB_20cm",1,3,"Within Range",7010,"Within Range"
"MSM","UP","SgwB",45,"Varian GC","Wegner",20241113,2024,"September","MSM_UP_SgwB_45cm",1,2,"Within Range",21658,"Within Range"
"MSM","UP","SgwC",10,"Varian GC","Wegner",20241113,2024,"September","MSM_UP_SgwC_10cm",1,3,"Within Range",5453,"Within Range"
"MSM","UP","SgwC",20,"Varian GC","Wegner",20241113,2024,"September","MSM_UP_SgwC_20cm",1,3,"Within Range",8223,"Within Range"
"MSM","UP","SgwC",45,"Varian GC","Wegner",20241113,2024,"September","MSM_UP_SgwC_45cm",1,2,"Within Range",21203,"Within Range"
"MSM","UP","ATM",0,"Varian GC","Wegner",20241113,2024,"September","MSM_UP_ATM",1,3,"Within Range",434,"Within Range"
"MSM","TR","SgwA",10,"Varian GC","Wegner",20241113,2024,"September","MSM_TR_SgwA_10cm",1,3,"Within Range",37435,"Within Range"
"MSM","TR","SgwA",20,"Varian GC","Wegner",20241113,2024,"September","MSM_TR_SgwA_20cm",1,45,"Within Range",26055,"Within Range"
"MSM","TR","SgwA",45,"Varian GC","Wegner",20241113,2024,"September","MSM_TR_SgwA_45cm",1,292,"Within Range",53941,"Needs Dilution"
"MSM","TR","SgwB",10,"Varian GC","Wegner",20241113,2024,"September","MSM_TR_SgwB_10cm",1,10,"Within Range",42574,"Within Range"
"MSM","TR","SgwB",20,"Varian GC","Wegner",20241113,2024,"September","MSM_TR_SgwB_20cm",1,18,"Within Range",44406,"Within Range"
"MSM","TR","SgwB",45,"Varian GC","Wegner",20241113,2024,"September","MSM_TR_SgwB_45cm",1,440,"Within Range",54761,"Needs Dilution"
"MSM","TR","SgwC",10,"Varian GC","Wegner",20241113,2024,"September","MSM_TR_SgwC_10cm",1,8,"Within Range",49603,"Within Range"
"MSM","TR","SgwC",20,"Varian GC","Wegner",20241113,2024,"September","MSM_TR_SgwC_20cm",1,5,"Within Range",54418,"Needs Dilution"
"MSM","TR","SgwC",45,"Varian GC","Wegner",20241113,2024,"September","MSM_TR_SgwC_45cm",1,15,"Within Range",66156,"Needs Dilution"
"MSM","TR","ATM",0,"Varian GC","Wegner",20241113,2024,"September","MSM_TR_ATM",1,2,"Within Range",519,"Within Range"
"MSM","WC","SgwA",10,"Varian GC","Wegner",20241113,2024,"September","MSM_WC_SgwA_10cm",1,1278,"Within Range",78450,"Needs Dilution"
"MSM","WC","SgwA",20,"Varian GC","Wegner",20241113,2024,"September","MSM_WC_SgwA_20cm",1,237,"Within Range",86875,"Needs Dilution"
"MSM","WC","SgwA",45,"Varian GC","Wegner",20241113,2024,"September","MSM_WC_SgwA_45cm",1,11,"Within Range",66911,"Needs Dilution"
"MSM","WC","SgwB",10,"Varian GC","Wegner",20241113,2024,"September","MSM_WC_SgwB_10cm",1,3157,"Within Range",70297,"Needs Dilution"
"MSM","WC","SgwB",20,"Varian GC","Wegner",20241113,2024,"September","MSM_WC_SgwB_20cm",1,431,"Within Range",81218,"Needs Dilution"
"MSM","WC","SgwB",45,"Varian GC","Wegner",20241113,2024,"September","MSM_WC_SgwB_45cm",1,3495,"Within Range",96806,"Needs Dilution"
"MSM","WC","SgwC",10,"Varian GC","Wegner",20241113,2024,"September","MSM_WC_SgwC_10cm",1,237,"Within Range",81355,"Needs Dilution"
"MSM","WC","SgwC",20,"Varian GC","Wegner",20241113,2024,"September","MSM_WC_SgwC_20cm",1,719,"Within Range",71649,"Needs Dilution"
"MSM","WC","SgwC",45,"Varian GC","Wegner",20241113,2024,"September","MSM_WC_SgwC_45cm",1,30,"Within Range",77525,"Needs Dilution"
"MSM","WC","ATM",0,"Varian GC","Wegner",20241113,2024,"September","MSM_WC_ATM",1,3,"Within Range",518,"Within Range"
"GWI","UP","SgwA",10,"Varian GC","Wegner",20241113,2024,"September","GWI_UP_SgwA_10cm",1,4,"Within Range",5264,"Within Range"
"GWI","UP","SgwA",20,"Varian GC","Wegner",20241113,2024,"September","GWI_UP_SgwA_20cm",1,3,"Within Range",9022,"Within Range"
"GWI","UP","SgwA",45,"Varian GC","Wegner",20241113,2024,"September","GWI_UP_SgwA_45cm",1,NA,NA,NA,NA
"GWI","UP","SgwB",10,"Varian GC","Wegner",20241113,2024,"September","GWI_UP_SgwB_10cm",1,3,"Within Range",3405,"Within Range"
"GWI","UP","SgwB",20,"Varian GC","Wegner",20241113,2024,"September","GWI_UP_SgwB_20cm",1,3,"Within Range",7375,"Within Range"
"GWI","UP","SgwB",45,"Varian GC","Wegner",20241113,2024,"September","GWI_UP_SgwB_45cm",1,2,"Within Range",50638,"Needs Dilution"
"GWI","UP","SgwC",10,"Varian GC","Wegner",20241113,2024,"September","GWI_UP_SgwC_10cm",1,3,"Within Range",36643,"Within Range"
"GWI","UP","SgwC",20,"Varian GC","Wegner",20241113,2024,"September","GWI_UP_SgwC_20cm",1,4,"Within Range",53049,"Needs Dilution"
"GWI","UP","SgwC",45,"Varian GC","Wegner",20241113,2024,"September","GWI_UP_SgwC_45cm",1,3,"Within Range",3538,"Within Range"
"GWI","UP","ATM",0,"Varian GC","Wegner",20241113,2024,"September","GWI_UP_ATM",1,3,"Within Range",416,"Within Range"
"GWI","TR","SgwA",10,"Varian GC","Wegner",20241113,2024,"September","GWI_TR_SgwA_10cm",1,5,"Within Range",50915,"Needs Dilution"
"GWI","TR","SgwA",20,"Varian GC","Wegner",20241113,2024,"September","GWI_TR_SgwA_20cm",1,33,"Within Range",76617,"Needs Dilution"
"GWI","TR","SgwA",45,"Varian GC","Wegner",20241113,2024,"September","GWI_TR_SgwA_45cm",1,22,"Within Range",75873,"Needs Dilution"
"GWI","TR","SgwB",10,"Varian GC","Wegner",20241113,2024,"September","GWI_TR_SgwB_10cm",1,14,"Within Range",36441,"Within Range"
"GWI","TR","SgwB",20,"Varian GC","Wegner",20241113,2024,"September","GWI_TR_SgwB_20cm",1,49,"Within Range",44457,"Within Range"
"GWI","TR","SgwB",45,"Varian GC","Wegner",20241113,2024,"September","GWI_TR_SgwB_45cm",1,NA,NA,NA,NA
"GWI","TR","SgwC",10,"Varian GC","Wegner",20241113,2024,"September","GWI_TR_SgwC_10cm",1,7,"Within Range",31963,"Within Range"
"GWI","TR","SgwC",20,"Varian GC","Wegner",20241113,2024,"September","GWI_TR_SgwC_20cm",1,2,"Within Range",46757,"Within Range"
"GWI","TR","SgwC",45,"Varian GC","Wegner",20241113,2024,"September","GWI_TR_SgwC_45cm",1,24,"Within Range",27046,"Within Range"
"GWI","TR","ATM",0,"Varian GC","Wegner",20241113,2024,"September","GWI_TR_ATM",1,3,"Within Range",767,"Within Range"
"GWI","WC","SgwA",10,"Varian GC","Wegner",20241113,2024,"September","GWI_WC_SgwA_10cm",1,27,"Within Range",148202,"Needs Dilution"
"GWI","WC","SgwA",20,"Varian GC","Wegner",20241113,2024,"September","GWI_WC_SgwA_20cm",1,15,"Within Range",99608,"Needs Dilution"
"GWI","WC","SgwA",45,"Varian GC","Wegner",20241113,2024,"September","GWI_WC_SgwA_45cm",1,5,"Within Range",17137,"Within Range"
"GWI","WC","SgwB",10,"Varian GC","Wegner",20241113,2024,"September","GWI_WC_SgwB_10cm",1,13,"Within Range",129944,"Needs Dilution"
"GWI","WC","SgwB",20,"Varian GC","Wegner",20241113,2024,"September","GWI_WC_SgwB_20cm",1,9,"Within Range",85799,"Needs Dilution"
"GWI","WC","SgwB",45,"Varian GC","Wegner",20241113,2024,"September","GWI_WC_SgwB_45cm",1,7,"Within Range",87574,"Needs Dilution"
"GWI","WC","SgwC",10,"Varian GC","Wegner",20241113,2024,"September","GWI_WC_SgwC_10cm",1,10,"Within Range",136993,"Needs Dilution"
"GWI","WC","SgwC",20,"Varian GC","Wegner",20241113,2024,"September","GWI_WC_SgwC_20cm",1,8,"Within Range",119753,"Needs Dilution"
"GWI","WC","SgwC",45,"Varian GC","Wegner",20241113,2024,"September","GWI_WC_SgwC_45cm",1,83,"Within Range",35237,"Within Range"
"GWI","WC","ATM",0,"Varian GC","Wegner",20241113,2024,"September","GWI_WC_ATM",1,3,"Within Range",521,"Within Range"
"SWH","UP","SgwA",10,"Varian GC","Wegner",20241113,2024,"September","SWH_UP_SgwA_10cm",1,3,"Within Range",47934,"Within Range"
"SWH","UP","SgwA",20,"Varian GC","Wegner",20241113,2024,"September","SWH_UP_SgwA_20cm",1,3,"Within Range",57495,"Needs Dilution"
"SWH","UP","SgwA",45,"Varian GC","Wegner",20241113,2024,"September","SWH_UP_SgwA_45cm",1,NA,NA,NA,NA
"SWH","UP","SgwB",10,"Varian GC","Wegner",20241113,2024,"September","SWH_UP_SgwB_10cm",1,4,"Within Range",29105,"Within Range"
"SWH","UP","SgwB",20,"Varian GC","Wegner",20241113,2024,"September","SWH_UP_SgwB_20cm",1,4,"Within Range",34220,"Within Range"
"SWH","UP","SgwB",45,"Varian GC","Wegner",20241113,2024,"September","SWH_UP_SgwB_45cm",1,65,"Within Range",86599,"Needs Dilution"
"SWH","UP","SgwC",10,"Varian GC","Wegner",20241113,2024,"September","SWH_UP_SgwC_10cm",1,12,"Within Range",13304,"Within Range"
"SWH","UP","SgwC",20,"Varian GC","Wegner",20241113,2024,"September","SWH_UP_SgwC_20cm",1,88,"Within Range",66674,"Needs Dilution"
"SWH","UP","SgwC",45,"Varian GC","Wegner",20241113,2024,"September","SWH_UP_SgwC_45cm",1,20843,"Needs Dilution",86346,"Needs Dilution"
"SWH","UP","ATM",0,"Varian GC","Wegner",20241113,2024,"September","SWH_UP_ATM",1,9,"Within Range",541,"Within Range"
"SWH","SWAMP","SgwA",10,"Varian GC","Wegner",20241113,2024,"September","SWH_SWAMP_SgwA_10cm",1,168002,"Needs Dilution",80848,"Needs Dilution"
"SWH","SWAMP","SgwA",20,"Varian GC","Wegner",20241113,2024,"September","SWH_SWAMP_SgwA_20cm",1,154927,"Needs Dilution",75384,"Needs Dilution"
"SWH","SWAMP","SgwA",45,"Varian GC","Wegner",20241113,2024,"September","SWH_SWAMP_SgwA_45cm",1,74001,"Needs Dilution",62750,"Needs Dilution"
"SWH","SWAMP","SgwB",10,"Varian GC","Wegner",20241113,2024,"September","SWH_SWAMP_SgwB_10cm",1,111936,"Needs Dilution",68620,"Needs Dilution"
"SWH","SWAMP","SgwB",20,"Varian GC","Wegner",20241113,2024,"September","SWH_SWAMP_SgwB_20cm",1,NA,NA,NA,NA
"SWH","SWAMP","SgwB",45,"Varian GC","Wegner",20241113,2024,"September","SWH_SWAMP_SgwB_45cm",1,NA,NA,NA,NA
"SWH","SWAMP","SgwC",10,"Varian GC","Wegner",20241113,2024,"September","SWH_SWAMP_SgwC_10cm",1,89691,"Needs Dilution",44092,"Within Range"
"SWH","SWAMP","SgwC",20,"Varian GC","Wegner",20241113,2024,"September","SWH_SWAMP_SgwC_20cm",1,114780,"Needs Dilution",49868,"Within Range"
"SWH","SWAMP","SgwC",45,"Varian GC","Wegner",20241113,2024,"September","SWH_SWAMP_SgwC_45cm",1,69744,"Needs Dilution",57862,"Needs Dilution"
"SWH","SWAMP","ATM",0,"Varian GC","Wegner",20241113,2024,"September","SWH_SWAMP_ATM",1,42,"Within Range",458,"Within Range"
"SWH","TR","SgwA",10,"Varian GC","Wegner",20241113,2024,"September","SWH_TR_SgwA_10cm",1,185821,"Needs Dilution",114988,"Needs Dilution"
"SWH","TR","SgwA",20,"Varian GC","Wegner",20241113,2024,"September","SWH_TR_SgwA_20cm",1,162945,"Needs Dilution",107839,"Needs Dilution"
"SWH","TR","SgwA",45,"Varian GC","Wegner",20241113,2024,"September","SWH_TR_SgwA_45cm",1,123586,"Needs Dilution",93072,"Needs Dilution"
"SWH","TR","SgwB",10,"Varian GC","Wegner",20241113,2024,"September","SWH_TR_SgwB_10cm",1,117736,"Needs Dilution",79802,"Needs Dilution"
"SWH","TR","SgwB",20,"Varian GC","Wegner",20241113,2024,"September","SWH_TR_SgwB_20cm",1,173232,"Needs Dilution",87418,"Needs Dilution"
"SWH","TR","SgwB",45,"Varian GC","Wegner",20241113,2024,"September","SWH_TR_SgwB_45cm",1,150588,"Needs Dilution",87505,"Needs Dilution"
"SWH","TR","SgwC",10,"Varian GC","Wegner",20241113,2024,"September","SWH_TR_SgwC_10cm",1,426,"Within Range",7556,"Within Range"
"SWH","TR","SgwC",20,"Varian GC","Wegner",20241113,2024,"September","SWH_TR_SgwC_20cm",1,98660,"Needs Dilution",84209,"Needs Dilution"
"SWH","TR","SgwC",45,"Varian GC","Wegner",20241113,2024,"September","SWH_TR_SgwC_45cm",1,167724,"Needs Dilution",102004,"Needs Dilution"
"SWH","TR","ATM",0,"Varian GC","Wegner",20241113,2024,"September","SWH_TR_ATM",1,149,"Within Range",626,"Within Range"
"SWH","WC","SgwA",10,"Varian GC","Wegner",20241113,2024,"September","SWH_WC_SgwA_10cm",1,51558,"Needs Dilution",84112,"Needs Dilution"
"SWH","WC","SgwA",20,"Varian GC","Wegner",20241113,2024,"September","SWH_WC_SgwA_20cm",1,20806,"Needs Dilution",100343,"Needs Dilution"
"SWH","WC","SgwA",45,"Varian GC","Wegner",20241113,2024,"September","SWH_WC_SgwA_45cm",1,5829,"Within Range",96765,"Needs Dilution"
"SWH","WC","SgwB",10,"Varian GC","Wegner",20241113,2024,"September","SWH_WC_SgwB_10cm",1,35449,"Needs Dilution",82585,"Needs Dilution"
"SWH","WC","SgwB",20,"Varian GC","Wegner",20241113,2024,"September","SWH_WC_SgwB_20cm",1,180,"Within Range",86849,"Needs Dilution"
"SWH","WC","SgwB",45,"Varian GC","Wegner",20241113,2024,"September","SWH_WC_SgwB_45cm",1,5442,"Within Range",104545,"Needs Dilution"
"SWH","WC","SgwC",10,"Varian GC","Wegner",20241113,2024,"September","SWH_WC_SgwC_10cm",1,67840,"Needs Dilution",84252,"Needs Dilution"
"SWH","WC","SgwC",20,"Varian GC","Wegner",20241113,2024,"September","SWH_WC_SgwC_20cm",1,305,"Within Range",91372,"Needs Dilution"
"SWH","WC","SgwC",45,"Varian GC","Wegner",20241113,2024,"September","SWH_WC_SgwC_45cm",1,359,"Within Range",104184,"Needs Dilution"
"SWH","WC","ATM",0,"Varian GC","Wegner",20241113,2024,"September","SWH_WC_ATM",1,90,"Within Range",2034,"Within Range"
"SWH","UP","SgwA",10,"Varian GC","Wegner",20241126,2024,"October","SWH_UP_SgwA_10cm",1,3,"Within Range",37783,"Within Range"
"SWH","UP","SgwA",20,"Varian GC","Wegner",20241126,2024,"October","SWH_UP_SgwA_20cm",1,3,"Within Range",52902,"Needs Dilution"
"SWH","UP","SgwA",45,"Varian GC","Wegner",20241126,2024,"October","SWH_UP_SgwA_45cm",1,2540,"Within Range",61633,"Needs Dilution"
"SWH","UP","SgwB",10,"Varian GC","Wegner",20241126,2024,"October","SWH_UP_SgwB_10cm",1,4,"Within Range",18605,"Within Range"
"SWH","UP","SgwB",20,"Varian GC","Wegner",20241126,2024,"October","SWH_UP_SgwB_20cm",1,3,"Within Range",22864,"Within Range"
"SWH","UP","SgwB",45,"Varian GC","Wegner",20241126,2024,"October","SWH_UP_SgwB_45cm",1,53,"Within Range",70335,"Needs Dilution"
"SWH","UP","SgwC",10,"Varian GC","Wegner",20241126,2024,"October","SWH_UP_SgwC_10cm",1,23,"Within Range",12033,"Within Range"
"SWH","UP","SgwC",20,"Varian GC","Wegner",20241126,2024,"October","SWH_UP_SgwC_20cm",1,11,"Within Range",31523,"Within Range"
"SWH","UP","SgwC",45,"Varian GC","Wegner",20241126,2024,"October","SWH_UP_SgwC_45cm",1,8399,"Within Range",81815,"Needs Dilution"
"SWH","UP","ATM",0,"Varian GC","Wegner",20241126,2024,"October","SWH_UP_ATM",1,4,"Within Range",754,"Within Range"
"SWH","SWAMP","SgwA",10,"Varian GC","Wegner",20241126,2024,"October","SWH_SWAMP_SgwA_10cm",1,154207,"Needs Dilution",63839,"Needs Dilution"
"SWH","SWAMP","SgwA",20,"Varian GC","Wegner",20241126,2024,"October","SWH_SWAMP_SgwA_20cm",1,89467,"Needs Dilution",62654,"Needs Dilution"
"SWH","SWAMP","SgwA",45,"Varian GC","Wegner",20241126,2024,"October","SWH_SWAMP_SgwA_45cm",1,11376,"Needs Dilution",56491,"Needs Dilution"
"SWH","SWAMP","SgwB",10,"Varian GC","Wegner",20241126,2024,"October","SWH_SWAMP_SgwB_10cm",1,113527,"Needs Dilution",48163,"Within Range"
"SWH","SWAMP","SgwB",20,"Varian GC","Wegner",20241126,2024,"October","SWH_SWAMP_SgwB_20cm",1,1770,"Within Range",47623,"Within Range"
"SWH","SWAMP","SgwB",45,"Varian GC","Wegner",20241126,2024,"October","SWH_SWAMP_SgwB_45cm",1,165,"Within Range",36589,"Within Range"
"SWH","SWAMP","SgwC",10,"Varian GC","Wegner",20241126,2024,"October","SWH_SWAMP_SgwC_10cm",1,20296,"Needs Dilution",57625,"Needs Dilution"
"SWH","SWAMP","SgwC",20,"Varian GC","Wegner",20241126,2024,"October","SWH_SWAMP_SgwC_20cm",1,83025,"Needs Dilution",54001,"Needs Dilution"
"SWH","SWAMP","SgwC",45,"Varian GC","Wegner",20241126,2024,"October","SWH_SWAMP_SgwC_45cm",1,55119,"Needs Dilution",60114,"Needs Dilution"
"SWH","SWAMP","ATM",0,"Varian GC","Wegner",20241126,2024,"October","SWH_SWAMP_ATM",1,23,"Within Range",415,"Within Range"
"SWH","TR","SgwA",10,"Varian GC","Wegner",20241126,2024,"October","SWH_TR_SgwA_10cm",1,183905,"Needs Dilution",102566,"Needs Dilution"
"SWH","TR","SgwA",20,"Varian GC","Wegner",20241126,2024,"October","SWH_TR_SgwA_20cm",1,157350,"Needs Dilution",96227,"Needs Dilution"
"SWH","TR","SgwA",45,"Varian GC","Wegner",20241126,2024,"October","SWH_TR_SgwA_45cm",1,112907,"Needs Dilution",84182,"Needs Dilution"
"SWH","TR","SgwB",10,"Varian GC","Wegner",20241126,2024,"October","SWH_TR_SgwB_10cm",1,94327,"Needs Dilution",57132,"Needs Dilution"
"SWH","TR","SgwB",20,"Varian GC","Wegner",20241126,2024,"October","SWH_TR_SgwB_20cm",1,151016,"Needs Dilution",60106,"Needs Dilution"
"SWH","TR","SgwB",45,"Varian GC","Wegner",20241126,2024,"October","SWH_TR_SgwB_45cm",1,NA,NA,NA,NA
"SWH","TR","SgwC",10,"Varian GC","Wegner",20241126,2024,"October","SWH_TR_SgwC_10cm",1,129,"Within Range",4753,"Within Range"
"SWH","TR","SgwC",20,"Varian GC","Wegner",20241126,2024,"October","SWH_TR_SgwC_20cm",1,88488,"Needs Dilution",51546,"Needs Dilution"
"SWH","TR","SgwC",45,"Varian GC","Wegner",20241126,2024,"October","SWH_TR_SgwC_45cm",1,144752,"Needs Dilution",89874,"Needs Dilution"
"SWH","TR","ATM",0,"Varian GC","Wegner",20241126,2024,"October","SWH_TR_ATM",1,113,"Within Range",447,"Within Range"
"SWH","WC","SgwA",10,"Varian GC","Wegner",20241126,2024,"October","SWH_WC_SgwA_10cm",1,51980,"Needs Dilution",42280,"Within Range"
"SWH","WC","SgwA",20,"Varian GC","Wegner",20241126,2024,"October","SWH_WC_SgwA_20cm",1,47197,"Needs Dilution",85911,"Needs Dilution"
"SWH","WC","SgwA",45,"Varian GC","Wegner",20241126,2024,"October","SWH_WC_SgwA_45cm",1,16612,"Needs Dilution",93635,"Needs Dilution"
"SWH","WC","SgwB",10,"Varian GC","Wegner",20241126,2024,"October","SWH_WC_SgwB_10cm",1,14283,"Needs Dilution",69248,"Needs Dilution"
"SWH","WC","SgwB",20,"Varian GC","Wegner",20241126,2024,"October","SWH_WC_SgwB_20cm",1,24,"Within Range",67950,"Needs Dilution"
"SWH","WC","SgwB",45,"Varian GC","Wegner",20241126,2024,"October","SWH_WC_SgwB_45cm",1,20,"Within Range",90407,"Needs Dilution"
"SWH","WC","SgwC",10,"Varian GC","Wegner",20241126,2024,"October","SWH_WC_SgwC_10cm",1,328,"Within Range",16221,"Within Range"
"SWH","WC","SgwC",20,"Varian GC","Wegner",20241126,2024,"October","SWH_WC_SgwC_20cm",1,7628,"Within Range",77964,"Needs Dilution"
"SWH","WC","SgwC",45,"Varian GC","Wegner",20241126,2024,"October","SWH_WC_SgwC_45cm",1,6031,"Within Range",99711,"Needs Dilution"
"SWH","WC","ATM",0,"Varian GC","Wegner",20241126,2024,"October","SWH_WC_ATM",1,7,"Within Range",499,"Within Range"
"GWI","WC","ATM",0,"Varian GC","Wegner",20241126,2024,"October","GWI_WC_ATM",1,6,"Within Range",491,"Within Range"
"SWH","UP","SgwA",10,"Varian GC","Wegner",20241126,2024,"November","SWH_UP_SgwA_10cm",1,3,"Within Range",33217,"Within Range"
"SWH","UP","SgwA",20,"Varian GC","Wegner",20241126,2024,"November","SWH_UP_SgwA_20cm",1,3,"Within Range",51662,"Needs Dilution"
"SWH","UP","SgwA",45,"Varian GC","Wegner",20241126,2024,"November","SWH_UP_SgwA_45cm",1,747,"Within Range",72678,"Needs Dilution"
"SWH","UP","SgwB",10,"Varian GC","Wegner",20241126,2024,"November","SWH_UP_SgwB_10cm",1,4,"Within Range",20546,"Within Range"
"SWH","UP","SgwB",20,"Varian GC","Wegner",20241126,2024,"November","SWH_UP_SgwB_20cm",1,4,"Within Range",25071,"Within Range"
"SWH","UP","SgwB",45,"Varian GC","Wegner",20241126,2024,"November","SWH_UP_SgwB_45cm",1,62,"Within Range",81513,"Needs Dilution"
"SWH","UP","SgwC",10,"Varian GC","Wegner",20241126,2024,"November","SWH_UP_SgwC_10cm",1,4,"Within Range",10227,"Within Range"
"SWH","UP","SgwC",20,"Varian GC","Wegner",20241126,2024,"November","SWH_UP_SgwC_20cm",1,4,"Within Range",26291,"Within Range"
"SWH","UP","SgwC",45,"Varian GC","Wegner",20241126,2024,"November","SWH_UP_SgwC_45cm",1,4949,"Within Range",86476,"Needs Dilution"
"SWH","UP","ATM",0,"Varian GC","Wegner",20241126,2024,"November","SWH_UP_ATM",1,3,"Within Range",431,"Within Range"
"SWH","SWAMP","SgwA",10,"Varian GC","Wegner",20241126,2024,"November","SWH_SWAMP_SgwA_10cm",1,145810,"Needs Dilution",63658,"Needs Dilution"
"SWH","SWAMP","SgwA",20,"Varian GC","Wegner",20241126,2024,"November","SWH_SWAMP_SgwA_20cm",1,NA,NA,NA,NA
"SWH","SWAMP","SgwA",45,"Varian GC","Wegner",20241126,2024,"November","SWH_SWAMP_SgwA_45cm",1,NA,NA,NA,NA
"SWH","SWAMP","SgwB",10,"Varian GC","Wegner",20241126,2024,"November","SWH_SWAMP_SgwB_10cm",1,125398,"Needs Dilution",47026,"Within Range"
"SWH","SWAMP","SgwB",20,"Varian GC","Wegner",20241126,2024,"November","SWH_SWAMP_SgwB_20cm",1,224,"Within Range",45184,"Within Range"
"SWH","SWAMP","SgwB",45,"Varian GC","Wegner",20241126,2024,"November","SWH_SWAMP_SgwB_45cm",1,80,"Within Range",37703,"Within Range"
"SWH","SWAMP","SgwC",10,"Varian GC","Wegner",20241126,2024,"November","SWH_SWAMP_SgwC_10cm",1,64134,"Needs Dilution",59064,"Needs Dilution"
"SWH","SWAMP","SgwC",20,"Varian GC","Wegner",20241126,2024,"November","SWH_SWAMP_SgwC_20cm",1,84877,"Needs Dilution",61514,"Needs Dilution"
"SWH","SWAMP","SgwC",45,"Varian GC","Wegner",20241126,2024,"November","SWH_SWAMP_SgwC_45cm",1,NA,NA,NA,NA
"SWH","SWAMP","ATM",0,"Varian GC","Wegner",20241126,2024,"November","SWH_SWAMP_ATM",1,37,"Within Range",484,"Within Range"
"SWH","TR","SgwA",10,"Varian GC","Wegner",20241126,2024,"November","SWH_TR_SgwA_10cm",1,143032,"Needs Dilution",80621,"Needs Dilution"
"SWH","TR","SgwA",20,"Varian GC","Wegner",20241126,2024,"November","SWH_TR_SgwA_20cm",1,144296,"Needs Dilution",90945,"Needs Dilution"
"SWH","TR","SgwA",45,"Varian GC","Wegner",20241126,2024,"November","SWH_TR_SgwA_45cm",1,106631,"Needs Dilution",95294,"Needs Dilution"
"SWH","TR","SgwB",10,"Varian GC","Wegner",20241126,2024,"November","SWH_TR_SgwB_10cm",1,1550,"Within Range",50329,"Needs Dilution"
"SWH","TR","SgwB",20,"Varian GC","Wegner",20241126,2024,"November","SWH_TR_SgwB_20cm",1,124673,"Needs Dilution",54899,"Needs Dilution"
"SWH","TR","SgwB",45,"Varian GC","Wegner",20241126,2024,"November","SWH_TR_SgwB_45cm",1,91528,"Needs Dilution",76959,"Needs Dilution"
"SWH","TR","SgwC",10,"Varian GC","Wegner",20241126,2024,"November","SWH_TR_SgwC_10cm",1,72,"Within Range",2312,"Within Range"
"SWH","TR","SgwC",20,"Varian GC","Wegner",20241126,2024,"November","SWH_TR_SgwC_20cm",1,52301,"Needs Dilution",50490,"Needs Dilution"
"SWH","TR","SgwC",45,"Varian GC","Wegner",20241126,2024,"November","SWH_TR_SgwC_45cm",1,136113,"Needs Dilution",82541,"Needs Dilution"
"SWH","TR","ATM",0,"Varian GC","Wegner",20241126,2024,"November","SWH_TR_ATM",1,361,"Within Range",590,"Within Range"
"SWH","WC","SgwA",10,"Varian GC","Wegner",20241126,2024,"November","SWH_WC_SgwA_10cm",1,3480,"Within Range",49085,"Within Range"
"SWH","WC","SgwA",20,"Varian GC","Wegner",20241126,2024,"November","SWH_WC_SgwA_20cm",1,35907,"Needs Dilution",86003,"Needs Dilution"
"SWH","WC","SgwA",45,"Varian GC","Wegner",20241126,2024,"November","SWH_WC_SgwA_45cm",1,2112,"Within Range",83444,"Needs Dilution"
"SWH","WC","SgwB",10,"Varian GC","Wegner",20241126,2024,"November","SWH_WC_SgwB_10cm",1,32,"Within Range",51917,"Needs Dilution"
"SWH","WC","SgwB",20,"Varian GC","Wegner",20241126,2024,"November","SWH_WC_SgwB_20cm",1,12,"Within Range",61397,"Needs Dilution"
"SWH","WC","SgwB",45,"Varian GC","Wegner",20241126,2024,"November","SWH_WC_SgwB_45cm",1,14,"Within Range",74604,"Needs Dilution"
"SWH","WC","SgwC",10,"Varian GC","Wegner",20241126,2024,"November","SWH_WC_SgwC_10cm",1,2226,"Within Range",58059,"Needs Dilution"
"SWH","WC","SgwC",20,"Varian GC","Wegner",20241126,2024,"November","SWH_WC_SgwC_20cm",1,62,"Within Range",92563,"Needs Dilution"
"SWH","WC","SgwC",45,"Varian GC","Wegner",20241126,2024,"November","SWH_WC_SgwC_45cm",1,580,"Within Range",91994,"Needs Dilution"
"SWH","WC","ATM",0,"Varian GC","Wegner",20241126,2024,"November","SWH_WC_ATM",1,8,"Within Range",440,"Within Range"
"GWI","WC","ATM",0,"Varian GC","Wegner",20241126,2024,"November","GWI_WC_ATM",1,4,"Within Range",359,"Within Range"
"GCW","TR","SgwA",10,"Varian GC","Wegner",20241122,2024,"October","GCW_TR_SgwA_10cm",1,2,"Within Range",8109,"Within Range"
"GCW","TR","SgwA",20,"Varian GC","Wegner",20241122,2024,"October","GCW_TR_SgwA_20cm",1,3,"Within Range",13794,"Within Range"
"GCW","TR","SgwA",45,"Varian GC","Wegner",20241122,2024,"October","GCW_TR_SgwA_45cm",1,NA,NA,NA,NA
"GCW","TR","SgwB",10,"Varian GC","Wegner",20241122,2024,"October","GCW_TR_SgwB_10cm",1,4,"Within Range",14005,"Within Range"
"GCW","TR","SgwB",20,"Varian GC","Wegner",20241122,2024,"October","GCW_TR_SgwB_20cm",1,6,"Within Range",25176,"Within Range"
"GCW","TR","SgwB",45,"Varian GC","Wegner",20241122,2024,"October","GCW_TR_SgwB_45cm",1,219,"Within Range",34779,"Within Range"
"GCW","TR","SgwC",10,"Varian GC","Wegner",20241122,2024,"October","GCW_TR_SgwC_10cm",1,12,"Within Range",48568,"Within Range"
"GCW","TR","SgwC",20,"Varian GC","Wegner",20241122,2024,"October","GCW_TR_SgwC_20cm",1,7,"Within Range",30880,"Within Range"
"GCW","TR","SgwC",45,"Varian GC","Wegner",20241122,2024,"October","GCW_TR_SgwC_45cm",1,16,"Within Range",37439,"Within Range"
"GCW","TR","ATM",0,"Varian GC","Wegner",20241122,2024,"October","GCW_TR_ATM",1,2,"Within Range",340,"Within Range"
"GCW","WC","SgwA",10,"Varian GC","Wegner",20241122,2024,"October","GCW_WC_SgwA_10cm",1,40203,"Needs Dilution",88638,"Needs Dilution"
"GCW","WC","SgwA",20,"Varian GC","Wegner",20241122,2024,"October","GCW_WC_SgwA_20cm",1,25242,"Needs Dilution",75143,"Needs Dilution"
"GCW","WC","SgwA",45,"Varian GC","Wegner",20241122,2024,"October","GCW_WC_SgwA_45cm",1,50732,"Needs Dilution",72321,"Needs Dilution"
"GCW","WC","SgwB",10,"Varian GC","Wegner",20241122,2024,"October","GCW_WC_SgwB_10cm",1,26847,"Needs Dilution",75834,"Needs Dilution"
"GCW","WC","SgwB",20,"Varian GC","Wegner",20241122,2024,"October","GCW_WC_SgwB_20cm",1,8226,"Within Range",74299,"Needs Dilution"
"GCW","WC","SgwB",45,"Varian GC","Wegner",20241122,2024,"October","GCW_WC_SgwB_45cm",1,12607,"Needs Dilution",67541,"Needs Dilution"
"GCW","WC","SgwC",10,"Varian GC","Wegner",20241122,2024,"October","GCW_WC_SgwC_10cm",1,4342,"Within Range",70808,"Needs Dilution"
"GCW","WC","SgwC",20,"Varian GC","Wegner",20241122,2024,"October","GCW_WC_SgwC_20cm",1,9446,"Within Range",73819,"Needs Dilution"
"GCW","WC","SgwC",45,"Varian GC","Wegner",20241122,2024,"October","GCW_WC_SgwC_45cm",1,1911,"Within Range",64112,"Needs Dilution"
"GCW","WC","ATM",0,"Varian GC","Wegner",20241122,2024,"October","GCW_WC_ATM",1,5,"Within Range",785,"Within Range"
"MSM","UP","sgwA",10,"Varian GC","Wegner",20241122,2024,"October","MSM_UP_sgwA_10cm",1,2,"Within Range",4880,"Within Range"
"MSM","UP","SgwA",20,"Varian GC","Wegner",20241122,2024,"October","MSM_UP_SgwA_20cm",1,2,"Within Range",8379,"Within Range"
"MSM","UP","SgwA",45,"Varian GC","Wegner",20241122,2024,"October","MSM_UP_SgwA_45cm",1,2,"Within Range",15755,"Within Range"
"MSM","UP","SgwB",10,"Varian GC","Wegner",20241122,2024,"October","MSM_UP_SgwB_10cm",1,2,"Within Range",2647,"Within Range"
"MSM","UP","SgwB",20,"Varian GC","Wegner",20241122,2024,"October","MSM_UP_SgwB_20cm",1,2,"Within Range",9510,"Within Range"
"MSM","UP","SgwB",45,"Varian GC","Wegner",20241122,2024,"October","MSM_UP_SgwB_45cm",1,2,"Within Range",45440,"Within Range"
"MSM","UP","SgwC",10,"Varian GC","Wegner",20241122,2024,"October","MSM_UP_SgwC_10cm",1,4,"Within Range",15980,"Within Range"
"MSM","UP","SgwC",20,"Varian GC","Wegner",20241122,2024,"October","MSM_UP_SgwC_20cm",1,2,"Within Range",7124,"Within Range"
"MSM","UP","SgwC",45,"Varian GC","Wegner",20241122,2024,"October","MSM_UP_SgwC_45cm",1,3,"Within Range",39476,"Within Range"
"MSM","UP","ATM",0,"Varian GC","Wegner",20241122,2024,"October","MSM_UP_ATM",1,2,"Within Range",130,"Within Range"
"MSM","TR","SgwA",10,"Varian GC","Wegner",20241122,2024,"October","MSM_TR_SgwA_10cm",1,3,"Within Range",16649,"Within Range"
"MSM","TR","SgwA",20,"Varian GC","Wegner",20241122,2024,"October","MSM_TR_SgwA_20cm",1,381,"Within Range",104409,"Needs Dilution"
"MSM","TR","SgwA",45,"Varian GC","Wegner",20241122,2024,"October","MSM_TR_SgwA_45cm",1,17,"Within Range",42247,"Within Range"
"MSM","TR","SgwB",10,"Varian GC","Wegner",20241122,2024,"October","MSM_TR_SgwB_10cm",1,28,"Within Range",55108,"Needs Dilution"
"MSM","TR","SgwB",20,"Varian GC","Wegner",20241122,2024,"October","MSM_TR_SgwB_20cm",1,18,"Within Range",30712,"Within Range"
"MSM","TR","SgwB",45,"Varian GC","Wegner",20241122,2024,"October","MSM_TR_SgwB_45cm",1,NA,NA,NA,NA
"MSM","TR","SgwC",10,"Varian GC","Wegner",20241122,2024,"October","MSM_TR_SgwC_10cm",1,7,"Within Range",50297,"Needs Dilution"
"MSM","TR","SgwC",20,"Varian GC","Wegner",20241122,2024,"October","MSM_TR_SgwC_20cm",1,28,"Within Range",48262,"Within Range"
"MSM","TR","SgwC",45,"Varian GC","Wegner",20241122,2024,"October","MSM_TR_SgwC_45cm",1,27,"Within Range",57289,"Needs Dilution"
"MSM","TR","ATM",0,"Varian GC","Wegner",20241122,2024,"October","MSM_TR_ATM",1,2,"Within Range",430,"Within Range"
"MSM","WC","SgwA",10,"Varian GC","Wegner",20241122,2024,"October","MSM_WC_SgwA_10cm",1,2521,"Within Range",75299,"Needs Dilution"
"MSM","WC","SgwA",20,"Varian GC","Wegner",20241122,2024,"October","MSM_WC_SgwA_20cm",1,464,"Within Range",62990,"Needs Dilution"
"MSM","WC","SgwA",45,"Varian GC","Wegner",20241122,2024,"October","MSM_WC_SgwA_45cm",1,7,"Within Range",48935,"Within Range"
"MSM","WC","SgwB",10,"Varian GC","Wegner",20241122,2024,"October","MSM_WC_SgwB_10cm",1,87,"Within Range",35678,"Within Range"
"MSM","WC","SgwB",20,"Varian GC","Wegner",20241122,2024,"October","MSM_WC_SgwB_20cm",1,NA,NA,NA,NA
"MSM","WC","SgwC",10,"Varian GC","Wegner",20241122,2024,"October","MSM_WC_SgwC_10cm",1,1120,"Within Range",58127,"Needs Dilution"
"MSM","WC","SgwC",20,"Varian GC","Wegner",20241122,2024,"October","MSM_WC_SgwC_20cm",1,1271,"Within Range",61903,"Needs Dilution"
"MSM","WC","SgwC",45,"Varian GC","Wegner",20241122,2024,"October","MSM_WC_SgwC_45cm",1,12,"Within Range",66830,"Needs Dilution"
"MSM","WC","ATM",0,"Varian GC","Wegner",20241122,2024,"October","MSM_WC_ATM",1,3,"Within Range",634,"Within Range"
"GWI","UP","SgwA",10,"Varian GC","Wegner",20241122,2024,"October","GWI_UP_SgwA_10cm",1,3,"Within Range",3445,"Within Range"
"GWI","UP","SgwA",20,"Varian GC","Wegner",20241122,2024,"October","GWI_UP_SgwA_20cm",1,2,"Within Range",8304,"Within Range"
"GWI","UP","SgwA",45,"Varian GC","Wegner",20241122,2024,"October","GWI_UP_SgwA_45cm",1,2,"Within Range",24082,"Within Range"
"GWI","UP","SgwB",10,"Varian GC","Wegner",20241122,2024,"October","GWI_UP_SgwB_10cm",1,2,"Within Range",2697,"Within Range"
"GWI","UP","SgwB",20,"Varian GC","Wegner",20241122,2024,"October","GWI_UP_SgwB_20cm",1,2,"Within Range",4930,"Within Range"
"GWI","UP","SgwB",45,"Varian GC","Wegner",20241122,2024,"October","GWI_UP_SgwB_45cm",1,1,"Within Range",10592,"Within Range"
"GWI","UP","SgwC",10,"Varian GC","Wegner",20241122,2024,"October","GWI_UP_SgwC_10cm",1,12,"Within Range",62649,"Needs Dilution"
"GWI","UP","SgwC",20,"Varian GC","Wegner",20241122,2024,"October","GWI_UP_SgwC_20cm",1,2,"Within Range",8461,"Within Range"
"GWI","UP","SgwC",45,"Varian GC","Wegner",20241122,2024,"October","GWI_UP_SgwC_45cm",1,2,"Within Range",3237,"Within Range"
"GWI","UP","ATM",0,"Varian GC","Wegner",20241122,2024,"October","GWI_UP_ATM",1,2,"Within Range",297,"Within Range"
"GWI","TR","SgwA",10,"Varian GC","Wegner",20241122,2024,"October","GWI_TR_SgwA_10cm",1,4,"Within Range",82573,"Needs Dilution"
"GWI","TR","SgwA",20,"Varian GC","Wegner",20241122,2024,"October","GWI_TR_SgwA_20cm",1,13,"Within Range",56320,"Needs Dilution"
"GWI","TR","SgwA",45,"Varian GC","Wegner",20241122,2024,"October","GWI_TR_SgwA_45cm",1,67,"Within Range",66494,"Needs Dilution"
"GWI","TR","SgwB",10,"Varian GC","Wegner",20241122,2024,"October","GWI_TR_SgwB_10cm",1,54,"Within Range",42021,"Within Range"
"GWI","TR","SgwB",20,"Varian GC","Wegner",20241122,2024,"October","GWI_TR_SgwB_20cm",1,46,"Within Range",62084,"Needs Dilution"
"GWI","TR","SgwB",45,"Varian GC","Wegner",20241122,2024,"October","GWI_TR_SgwB_45cm",1,NA,NA,NA,NA
"GWI","TR","SgwC",10,"Varian GC","Wegner",20241122,2024,"October","GWI_TR_SgwC_10cm",1,48,"Within Range",39811,"Within Range"
"GWI","TR","SgwC",20,"Varian GC","Wegner",20241122,2024,"October","GWI_TR_SgwC_20cm",1,4,"Within Range",60431,"Needs Dilution"
"GWI","TR","SgwC",45,"Varian GC","Wegner",20241122,2024,"October","GWI_TR_SgwC_45cm",1,32,"Within Range",40076,"Within Range"
"GWI","TR","ATM",0,"Varian GC","Wegner",20241122,2024,"October","GWI_TR_ATM",1,2,"Within Range",299,"Within Range"
"GWI","WC","SgwA",10,"Varian GC","Wegner",20241122,2024,"October","GWI_WC_SgwA_10cm",1,20,"Within Range",98097,"Needs Dilution"
"GWI","WC","SgwA",20,"Varian GC","Wegner",20241122,2024,"October","GWI_WC_SgwA_20cm",1,9,"Within Range",113015,"Needs Dilution"
"GWI","WC","SgwA",45,"Varian GC","Wegner",20241122,2024,"October","GWI_WC_SgwA_45cm",1,3,"Within Range",14669,"Within Range"
"GWI","WC","SgwB",10,"Varian GC","Wegner",20241122,2024,"October","GWI_WC_SgwB_10cm",1,15,"Within Range",90515,"Needs Dilution"
"GWI","WC","SgwB",20,"Varian GC","Wegner",20241122,2024,"October","GWI_WC_SgwB_20cm",1,5,"Within Range",82774,"Needs Dilution"
"GWI","WC","SgwB",45,"Varian GC","Wegner",20241122,2024,"October","GWI_WC_SgwB_45cm",1,2,"Within Range",58225,"Needs Dilution"
"GWI","WC","SgwC",10,"Varian GC","Wegner",20241122,2024,"October","GWI_WC_SgwC_10cm",1,NA,NA,NA,NA
"GWI","WC","SgwC",20,"Varian GC","Wegner",20241122,2024,"October","GWI_WC_SgwC_20cm",1,3,"Within Range",107750,"Needs Dilution"
"GWI","WC","SgwC",45,"Varian GC","Wegner",20241122,2024,"October","GWI_WC_SgwC_45cm",1,2,"Within Range",85237,"Needs Dilution"
"GWI","WC","ATM",0,"Varian GC","Wegner",20241122,2024,"October","GWI_WC_ATM",1,NA,NA,NA,NA
"GCW","TR","SgwA",10,"Varian GC","Wegner",20241125,2024,"November","GCW_TR_SgwA_10cm",1,2,"Within Range",3950,"Within Range"
"GCW","TR","SgwA",20,"Varian GC","Wegner",20241125,2024,"November","GCW_TR_SgwA_20cm",1,3,"Within Range",10667,"Within Range"
"GCW","TR","SgwA",45,"Varian GC","Wegner",20241125,2024,"November","GCW_TR_SgwA_45cm",1,3,"Within Range",14774,"Within Range"
"GCW","TR","SgwB",10,"Varian GC","Wegner",20241125,2024,"November","GCW_TR_SgwB_10cm",1,3,"Within Range",9221,"Within Range"
"GCW","TR","SgwB",20,"Varian GC","Wegner",20241125,2024,"November","GCW_TR_SgwB_20cm",1,4,"Within Range",1188,"Within Range"
"GCW","TR","SgwB",45,"Varian GC","Wegner",20241125,2024,"November","GCW_TR_SgwB_45cm",1,10,"Within Range",35426,"Within Range"
"GCW","TR","SgwC",10,"Varian GC","Wegner",20241125,2024,"November","GCW_TR_SgwC_10cm",1,3,"Within Range",14061,"Within Range"
"GCW","TR","SgwC",20,"Varian GC","Wegner",20241125,2024,"November","GCW_TR_SgwC_20cm",1,3,"Within Range",18498,"Within Range"
"GCW","TR","SgwC",45,"Varian GC","Wegner",20241125,2024,"November","GCW_TR_SgwC_45cm",1,6,"Within Range",21589,"Within Range"
"GCW","TR","ATM",0,"Varian GC","Wegner",20241125,2024,"November","GCW_TR_ATM",1,2,"Within Range",394,"Within Range"
"GCW","WC","SgwA",10,"Varian GC","Wegner",20241125,2024,"November","GCW_WC_SgwA_10cm",1,61016,"Needs Dilution",57792,"Needs Dilution"
"GCW","WC","SgwA",20,"Varian GC","Wegner",20241125,2024,"November","GCW_WC_SgwA_20cm",1,35933,"Needs Dilution",64868,"Needs Dilution"
"GCW","WC","SgwA",45,"Varian GC","Wegner",20241125,2024,"November","GCW_WC_SgwA_45cm",1,63889,"Needs Dilution",72337,"Needs Dilution"
"GCW","WC","SgwB",10,"Varian GC","Wegner",20241125,2024,"November","GCW_WC_SgwB_10cm",1,36198,"Needs Dilution",68776,"Needs Dilution"
"GCW","WC","SgwB",20,"Varian GC","Wegner",20241125,2024,"November","GCW_WC_SgwB_20cm",1,15928,"Needs Dilution",61714,"Needs Dilution"
"GCW","WC","SgwB",45,"Varian GC","Wegner",20241125,2024,"November","GCW_WC_SgwB_45cm",1,17217,"Needs Dilution",71160,"Needs Dilution"
"GCW","WC","SgwC",10,"Varian GC","Wegner",20241125,2024,"November","GCW_WC_SgwC_10cm",1,5484,"Within Range",57287,"Needs Dilution"
"GCW","WC","SgwC",20,"Varian GC","Wegner",20241125,2024,"November","GCW_WC_SgwC_20cm",1,10270,"Needs Dilution",67226,"Needs Dilution"
"GCW","WC","SgwC",45,"Varian GC","Wegner",20241125,2024,"November","GCW_WC_SgwC_45cm",1,4194,"Within Range",59550,"Needs Dilution"
"GCW","WC","ATM",0,"Varian GC","Wegner",20241125,2024,"November","GCW_WC_ATM",1,7,"Within Range",532,"Within Range"
"MSM","UP","sgwA",10,"Varian GC","Wegner",20241125,2024,"November","MSM_UP_sgwA_10cm",1,3,"Within Range",3223,"Within Range"
"MSM","UP","SgwA",20,"Varian GC","Wegner",20241125,2024,"November","MSM_UP_SgwA_20cm",1,3,"Within Range",5174,"Within Range"
"MSM","UP","SgwA",45,"Varian GC","Wegner",20241125,2024,"November","MSM_UP_SgwA_45cm",1,3,"Within Range",17989,"Within Range"
"MSM","UP","SgwB",10,"Varian GC","Wegner",20241125,2024,"November","MSM_UP_SgwB_10cm",1,3,"Within Range",3108,"Within Range"
"MSM","UP","SgwB",20,"Varian GC","Wegner",20241125,2024,"November","MSM_UP_SgwB_20cm",1,2,"Within Range",6957,"Within Range"
"MSM","UP","SgwB",45,"Varian GC","Wegner",20241125,2024,"November","MSM_UP_SgwB_45cm",1,2,"Within Range",25259,"Within Range"
"MSM","UP","SgwC",10,"Varian GC","Wegner",20241125,2024,"November","MSM_UP_SgwC_10cm",1,2,"Within Range",10133,"Within Range"
"MSM","UP","SgwC",20,"Varian GC","Wegner",20241125,2024,"November","MSM_UP_SgwC_20cm",1,3,"Within Range",4279,"Within Range"
"MSM","UP","SgwC",45,"Varian GC","Wegner",20241125,2024,"November","MSM_UP_SgwC_45cm",1,2,"Within Range",26117,"Within Range"
"MSM","UP","ATM",0,"Varian GC","Wegner",20241125,2024,"November","MSM_UP_ATM",1,3,"Within Range",494,"Within Range"
"MSM","TR","SgwA",10,"Varian GC","Wegner",20241125,2024,"November","MSM_TR_SgwA_10cm",1,2,"Within Range",16118,"Within Range"
"MSM","TR","SgwA",20,"Varian GC","Wegner",20241125,2024,"November","MSM_TR_SgwA_20cm",1,277,"Within Range",53765,"Needs Dilution"
"MSM","TR","SgwA",45,"Varian GC","Wegner",20241125,2024,"November","MSM_TR_SgwA_45cm",1,6,"Within Range",55748,"Needs Dilution"
"MSM","TR","SgwB",10,"Varian GC","Wegner",20241125,2024,"November","MSM_TR_SgwB_10cm",1,15,"Within Range",38838,"Within Range"
"MSM","TR","SgwB",20,"Varian GC","Wegner",20241125,2024,"November","MSM_TR_SgwB_20cm",1,NA,NA,NA,NA
"MSM","TR","SgwB",45,"Varian GC","Wegner",20241125,2024,"November","MSM_TR_SgwB_45cm",1,256,"Within Range",55774,"Needs Dilution"
"MSM","TR","SgwC",10,"Varian GC","Wegner",20241125,2024,"November","MSM_TR_SgwC_10cm",1,6,"Within Range",29064,"Within Range"
"MSM","TR","SgwC",20,"Varian GC","Wegner",20241125,2024,"November","MSM_TR_SgwC_20cm",1,3,"Within Range",28060,"Within Range"
"MSM","TR","SgwC",45,"Varian GC","Wegner",20241125,2024,"November","MSM_TR_SgwC_45cm",1,12,"Within Range",40398,"Within Range"
"MSM","TR","ATM",0,"Varian GC","Wegner",20241125,2024,"November","MSM_TR_ATM",1,3,"Within Range",539,"Within Range"
"MSM","WC","SgwA",10,"Varian GC","Wegner",20241125,2024,"November","MSM_WC_SgwA_10cm",1,870,"Within Range",46090,"Within Range"
"MSM","WC","SgwA",20,"Varian GC","Wegner",20241125,2024,"November","MSM_WC_SgwA_20cm",1,768,"Within Range",60893,"Needs Dilution"
"MSM","WC","SgwA",45,"Varian GC","Wegner",20241125,2024,"November","MSM_WC_SgwA_45cm",1,4,"Within Range",33759,"Within Range"
"MSM","WC","SgwB",10,"Varian GC","Wegner",20241125,2024,"November","MSM_WC_SgwB_10cm",1,698,"Within Range",38542,"Within Range"
"MSM","WC","SgwB",20,"Varian GC","Wegner",20241125,2024,"November","MSM_WC_SgwB_20cm",1,NA,NA,NA,NA
"MSM","WC","SgwC",10,"Varian GC","Wegner",20241125,2024,"November","MSM_WC_SgwC_10cm",1,108,"Within Range",93252,"Needs Dilution"
"MSM","WC","SgwC",20,"Varian GC","Wegner",20241125,2024,"November","MSM_WC_SgwC_20cm",1,1450,"Within Range",39637,"Within Range"
"MSM","WC","SgwC",45,"Varian GC","Wegner",20241125,2024,"November","MSM_WC_SgwC_45cm",1,7,"Within Range",58880,"Needs Dilution"
"MSM","WC","ATM",0,"Varian GC","Wegner",20241125,2024,"November","MSM_WC_ATM",1,3,"Within Range",571,"Within Range"
"GWI","UP","SgwA",10,"Varian GC","Wegner",20241125,2024,"November","GWI_UP_SgwA_10cm",1,2,"Within Range",3424,"Within Range"
"GWI","UP","SgwA",20,"Varian GC","Wegner",20241125,2024,"November","GWI_UP_SgwA_20cm",1,2,"Within Range",7766,"Within Range"
"GWI","UP","SgwA",45,"Varian GC","Wegner",20241125,2024,"November","GWI_UP_SgwA_45cm",1,2,"Within Range",22279,"Within Range"
"GWI","UP","SgwB",10,"Varian GC","Wegner",20241125,2024,"November","GWI_UP_SgwB_10cm",1,2,"Within Range",2318,"Within Range"
"GWI","UP","SgwB",20,"Varian GC","Wegner",20241125,2024,"November","GWI_UP_SgwB_20cm",1,2,"Within Range",3832,"Within Range"
"GWI","UP","SgwB",45,"Varian GC","Wegner",20241125,2024,"November","GWI_UP_SgwB_45cm",1,2,"Within Range",6742,"Within Range"
"GWI","UP","SgwC",10,"Varian GC","Wegner",20241125,2024,"November","GWI_UP_SgwC_10cm",1,3,"Within Range",7391,"Within Range"
"GWI","UP","SgwC",20,"Varian GC","Wegner",20241125,2024,"November","GWI_UP_SgwC_20cm",1,3,"Within Range",4394,"Within Range"
"GWI","UP","SgwC",45,"Varian GC","Wegner",20241125,2024,"November","GWI_UP_SgwC_45cm",1,2,"Within Range",2503,"Within Range"
"GWI","UP","ATM",0,"Varian GC","Wegner",20241125,2024,"November","GWI_UP_ATM",1,3,"Within Range",458,"Within Range"
"GWI","TR","SgwA",10,"Varian GC","Wegner",20241125,2024,"November","GWI_TR_SgwA_10cm",1,4,"Within Range",62334,"Needs Dilution"
"GWI","TR","SgwA",20,"Varian GC","Wegner",20241125,2024,"November","GWI_TR_SgwA_20cm",1,62,"Within Range",55422,"Needs Dilution"
"GWI","TR","SgwB",10,"Varian GC","Wegner",20241125,2024,"November","GWI_TR_SgwB_10cm",1,32,"Within Range",22711,"Within Range"
"GWI","TR","SgwB",20,"Varian GC","Wegner",20241125,2024,"November","GWI_TR_SgwB_20cm",1,8,"Within Range",66251,"Needs Dilution"
"GWI","TR","SgwB",45,"Varian GC","Wegner",20241125,2024,"November","GWI_TR_SgwB_45cm",1,116,"Within Range",68020,"Needs Dilution"
"GWI","TR","SgwC",10,"Varian GC","Wegner",20241125,2024,"November","GWI_TR_SgwC_10cm",1,3,"Within Range",6376,"Within Range"
"GWI","TR","SgwC",20,"Varian GC","Wegner",20241125,2024,"November","GWI_TR_SgwC_20cm",1,3,"Within Range",61151,"Needs Dilution"
"GWI","TR","SgwC",45,"Varian GC","Wegner",20241125,2024,"November","GWI_TR_SgwC_45cm",1,NA,NA,NA,NA
"GWI","TR","ATM",0,"Varian GC","Wegner",20241125,2024,"November","GWI_TR_ATM",1,2,"Within Range",372,"Within Range"
"GWI","WC","SgwA",10,"Varian GC","Wegner",20241125,2024,"November","GWI_WC_SgwA_10cm",1,13,"Within Range",82781,"Needs Dilution"
"GWI","WC","SgwA",20,"Varian GC","Wegner",20241125,2024,"November","GWI_WC_SgwA_20cm",1,4,"Within Range",111475,"Needs Dilution"
"GWI","WC","SgwA",45,"Varian GC","Wegner",20241125,2024,"November","GWI_WC_SgwA_45cm",1,2,"Within Range",530,"Within Range"
"GWI","WC","SgwB",10,"Varian GC","Wegner",20241125,2024,"November","GWI_WC_SgwB_10cm",1,12,"Within Range",93795,"Needs Dilution"
"GWI","WC","SgwB",20,"Varian GC","Wegner",20241125,2024,"November","GWI_WC_SgwB_20cm",1,3,"Within Range",63441,"Needs Dilution"
"GWI","WC","SgwB",45,"Varian GC","Wegner",20241125,2024,"November","GWI_WC_SgwB_45cm",1,NA,NA,NA,NA
"GWI","WC","SgwC",10,"Varian GC","Wegner",20241125,2024,"November","GWI_WC_SgwC_10cm",1,NA,NA,NA,NA
"GWI","WC","SgwC",20,"Varian GC","Wegner",20241125,2024,"November","GWI_WC_SgwC_20cm",1,2,"Within Range",96884,"Needs Dilution"
"GWI","WC","SgwC",45,"Varian GC","Wegner",20241125,2024,"November","GWI_WC_SgwC_45cm",1,1,"Within Range",67207,"Needs Dilution"
"GWI","WC","ATM",0,"Varian GC","Wegner",20241125,2024,"November","GWI_WC_ATM",1,NA,NA,NA,NA
