"","Project","Region","Site","Zone","Replicate","Depth_cm","Sample_ID","Year","Month","Day","Time","Time_Zone","npoc_mgL","npoc_uM","npoc_flag","tdn_mgL","tdn_uM","tdn_flag","Analysis_rundate","Run_notes","Field_notes"
"1","COMPASS: Synoptic","CB","SWH","UP","A",10,"202405_SWH_UP_LysA_10cm",2024,5,15,NA,NA,14.51,1208.05927899426,"",0.3734,26.6586704934067,"","5/31/2024 9:08:46 PM","Samples were put in the wrong vials, so 
  MSM_202405_UP_LysA_ was switched to MSM_202405_UP_LysB_, 
  MSM_202405_UP_LysB_ was switched to MSM_202405_UP_LysC_, 
  MSM_202405_UP_LysC_ was switched to MSM_202405_UP_LysA_.
  Second NPOC Curve did not look good. One duplicate out of range and some checks 
  below expected concentration, but not by much - run okay.",NA
"2","COMPASS: Synoptic","CB","SWH","UP","A",20,"202405_SWH_UP_LysA_20cm",2024,5,15,NA,NA,17.51,1457.83032220465,"",0.5254,37.5106199176109,"","5/31/2024 9:33:40 PM","Samples were put in the wrong vials, so 
  MSM_202405_UP_LysA_ was switched to MSM_202405_UP_LysB_, 
  MSM_202405_UP_LysB_ was switched to MSM_202405_UP_LysC_, 
  MSM_202405_UP_LysC_ was switched to MSM_202405_UP_LysA_.
  Second NPOC Curve did not look good. One duplicate out of range and some checks 
  below expected concentration, but not by much - run okay.",NA
"3","COMPASS: Synoptic","CB","SWH","UP","A",45,"202405_SWH_UP_LysA_45cm",2024,5,15,NA,NA,13.59,1131.46282574307,"",0.3952,28.2150685029307,"","5/31/2024 9:58:11 PM","Samples were put in the wrong vials, so 
  MSM_202405_UP_LysA_ was switched to MSM_202405_UP_LysB_, 
  MSM_202405_UP_LysB_ was switched to MSM_202405_UP_LysC_, 
  MSM_202405_UP_LysC_ was switched to MSM_202405_UP_LysA_.
  Second NPOC Curve did not look good. One duplicate out of range and some checks 
  below expected concentration, but not by much - run okay.",NA
"4","COMPASS: Synoptic","CB","SWH","UP","B",10,"202405_SWH_UP_LysB_10cm",2024,5,15,NA,NA,29.88,2487.71959037549,"",0.6257,44.6714786495035,"","5/31/2024 10:23:37 PM","Samples were put in the wrong vials, so 
  MSM_202405_UP_LysA_ was switched to MSM_202405_UP_LysB_, 
  MSM_202405_UP_LysB_ was switched to MSM_202405_UP_LysC_, 
  MSM_202405_UP_LysC_ was switched to MSM_202405_UP_LysA_.
  Second NPOC Curve did not look good. One duplicate out of range and some checks 
  below expected concentration, but not by much - run okay.",NA
"5","COMPASS: Synoptic","CB","SWH","UP","B",20,"202405_SWH_UP_LysB_20cm",2024,5,15,NA,NA,52.66,4384.31437848639,"",1.326,94.6689798453597,"","5/31/2024 10:49:45 PM","Samples were put in the wrong vials, so 
  MSM_202405_UP_LysA_ was switched to MSM_202405_UP_LysB_, 
  MSM_202405_UP_LysB_ was switched to MSM_202405_UP_LysC_, 
  MSM_202405_UP_LysC_ was switched to MSM_202405_UP_LysA_.
  Second NPOC Curve did not look good. One duplicate out of range and some checks 
  below expected concentration, but not by much - run okay.",NA
"6","COMPASS: Synoptic","CB","SWH","UP","C",10,"202405_SWH_UP_LysC_10cm",2024,5,15,NA,NA,27,2247.93938889351,"",0.6164,44.007510691312,"","5/31/2024 11:06:37 PM","Samples were put in the wrong vials, so 
  MSM_202405_UP_LysA_ was switched to MSM_202405_UP_LysB_, 
  MSM_202405_UP_LysB_ was switched to MSM_202405_UP_LysC_, 
  MSM_202405_UP_LysC_ was switched to MSM_202405_UP_LysA_.
  Second NPOC Curve did not look good. One duplicate out of range and some checks 
  below expected concentration, but not by much - run okay.",NA
"7","COMPASS: Synoptic","CB","SWH","UP","C",20,"202405_SWH_UP_LysC_20cm",2024,5,15,NA,NA,26.18,2179.66863708267,"",0.7101,50.697166356101,"","5/31/2024 11:33:04 PM","Samples were put in the wrong vials, so 
  MSM_202405_UP_LysA_ was switched to MSM_202405_UP_LysB_, 
  MSM_202405_UP_LysB_ was switched to MSM_202405_UP_LysC_, 
  MSM_202405_UP_LysC_ was switched to MSM_202405_UP_LysA_.
  Second NPOC Curve did not look good. One duplicate out of range and some checks 
  below expected concentration, but not by much - run okay.",NA
"8","COMPASS: Synoptic","CB","SWH","UP","C",45,"202405_SWH_UP_LysC_45cm",2024,5,15,NA,NA,23.67,1970.69353092998,"",0.5842,41.7086108790793,"","5/31/2024 11:57:25 PM","Samples were put in the wrong vials, so 
  MSM_202405_UP_LysA_ was switched to MSM_202405_UP_LysB_, 
  MSM_202405_UP_LysB_ was switched to MSM_202405_UP_LysC_, 
  MSM_202405_UP_LysC_ was switched to MSM_202405_UP_LysA_.
  Second NPOC Curve did not look good. One duplicate out of range and some checks 
  below expected concentration, but not by much - run okay.",NA
"9","COMPASS: Synoptic","CB","GWI","UP","A",20,"202405_GWI_UP_LysA_20cm",2024,5,16,NA,NA,19.54,1626.84206144368,"",0.6521,46.5562909179178,"","6/1/2024 4:10:06 PM","Samples were put in the wrong vials, so 
  MSM_202405_UP_LysA_ was switched to MSM_202405_UP_LysB_, 
  MSM_202405_UP_LysB_ was switched to MSM_202405_UP_LysC_, 
  MSM_202405_UP_LysC_ was switched to MSM_202405_UP_LysA_.
  Second NPOC Curve did not look good. One duplicate out of range and some checks 
  below expected concentration, but not by much - run okay.",NA
"10","COMPASS: Synoptic","CB","GWI","UP","A",45,"202405_GWI_UP_LysA_45cm",2024,5,16,NA,NA,29.49,2455.24935475814,"",0.7372,52.63195470739,"","6/1/2024 4:35:50 PM","Samples were put in the wrong vials, so 
  MSM_202405_UP_LysA_ was switched to MSM_202405_UP_LysB_, 
  MSM_202405_UP_LysB_ was switched to MSM_202405_UP_LysC_, 
  MSM_202405_UP_LysC_ was switched to MSM_202405_UP_LysA_.
  Second NPOC Curve did not look good. One duplicate out of range and some checks 
  below expected concentration, but not by much - run okay.",NA
"11","COMPASS: Synoptic","CB","GWI","UP","B",10,"202405_GWI_UP_LysB_10cm",2024,5,16,NA,NA,60.22,5013.73740737657,"",1.178,84.102608037582,"","6/1/2024 5:01:42 PM","Samples were put in the wrong vials, so 
  MSM_202405_UP_LysA_ was switched to MSM_202405_UP_LysB_, 
  MSM_202405_UP_LysB_ was switched to MSM_202405_UP_LysC_, 
  MSM_202405_UP_LysC_ was switched to MSM_202405_UP_LysA_.
  Second NPOC Curve did not look good. One duplicate out of range and some checks 
  below expected concentration, but not by much - run okay.",NA
"12","COMPASS: Synoptic","CB","GWI","UP","B",20,"202405_GWI_UP_LysB_20cm",2024,5,16,NA,NA,49.44,4116.22679210724,"",1.149,82.0321703184904,"","6/1/2024 6:43:32 PM","Samples were put in the wrong vials, so 
  MSM_202405_UP_LysA_ was switched to MSM_202405_UP_LysB_, 
  MSM_202405_UP_LysB_ was switched to MSM_202405_UP_LysC_, 
  MSM_202405_UP_LysC_ was switched to MSM_202405_UP_LysA_.
  Second NPOC Curve did not look good. One duplicate out of range and some checks 
  below expected concentration, but not by much - run okay.",NA
"13","COMPASS: Synoptic","CB","GWI","UP","B",45,"202405_GWI_UP_LysB_45cm",2024,5,16,NA,NA,41.59,3462.65922904005,"",1.048,74.8213355037232,"","6/1/2024 7:09:17 PM","Samples were put in the wrong vials, so 
  MSM_202405_UP_LysA_ was switched to MSM_202405_UP_LysB_, 
  MSM_202405_UP_LysB_ was switched to MSM_202405_UP_LysC_, 
  MSM_202405_UP_LysC_ was switched to MSM_202405_UP_LysA_.
  Second NPOC Curve did not look good. One duplicate out of range and some checks 
  below expected concentration, but not by much - run okay.",NA
"14","COMPASS: Synoptic","CB","GWI","UP","C",20,"202405_GWI_UP_LysC_20cm",2024,5,16,NA,NA,82.15,6839.56373324453,"",1.852,132.222436405435,"","6/1/2024 7:35:56 PM","Samples were put in the wrong vials, so 
  MSM_202405_UP_LysA_ was switched to MSM_202405_UP_LysB_, 
  MSM_202405_UP_LysB_ was switched to MSM_202405_UP_LysC_, 
  MSM_202405_UP_LysC_ was switched to MSM_202405_UP_LysA_.
  Second NPOC Curve did not look good. One duplicate out of range and some checks 
  below expected concentration, but not by much - run okay.",NA
"15","COMPASS: Synoptic","CB","MSM","UP","B",10,"202405_MSM_UP_LysB_10cm",2024,5,21,NA,NA,53.07,4418.44975439181,"",1.252,89.3857939414709,"","6/2/2024 5:32:17 AM","Samples were put in the wrong vials, so 
  MSM_202405_UP_LysA_ was switched to MSM_202405_UP_LysB_, 
  MSM_202405_UP_LysB_ was switched to MSM_202405_UP_LysC_, 
  MSM_202405_UP_LysC_ was switched to MSM_202405_UP_LysA_.
  Second NPOC Curve did not look good. One duplicate out of range and some checks 
  below expected concentration, but not by much - run okay.",NA
"16","COMPASS: Synoptic","CB","MSM","UP","B",20,"202405_MSM_UP_LysB_20cm",2024,5,21,NA,NA,45.69,3804.01298809425,"",1.197,85.4591017156075,"","6/2/2024 5:57:49 AM","Samples were put in the wrong vials, so 
  MSM_202405_UP_LysA_ was switched to MSM_202405_UP_LysB_, 
  MSM_202405_UP_LysB_ was switched to MSM_202405_UP_LysC_, 
  MSM_202405_UP_LysC_ was switched to MSM_202405_UP_LysA_.
  Second NPOC Curve did not look good. One duplicate out of range and some checks 
  below expected concentration, but not by much - run okay.",NA
"17","COMPASS: Synoptic","CB","MSM","UP","C",10,"202405_MSM_UP_LysC_10cm",2024,5,21,NA,NA,53.61,4463.40854216968,"",1.351,96.4538399480249,"","6/2/2024 6:23:25 AM","Samples were put in the wrong vials, so 
  MSM_202405_UP_LysA_ was switched to MSM_202405_UP_LysB_, 
  MSM_202405_UP_LysB_ was switched to MSM_202405_UP_LysC_, 
  MSM_202405_UP_LysC_ was switched to MSM_202405_UP_LysA_.
  Second NPOC Curve did not look good. One duplicate out of range and some checks 
  below expected concentration, but not by much - run okay.",NA
"18","COMPASS: Synoptic","CB","MSM","UP","C",20,"202405_MSM_UP_LysC_20cm",2024,5,21,NA,NA,30.1,2506.03613354425,"",0.7263,51.853755702628,"","6/2/2024 6:40:19 AM","Samples were put in the wrong vials, so 
  MSM_202405_UP_LysA_ was switched to MSM_202405_UP_LysB_, 
  MSM_202405_UP_LysB_ was switched to MSM_202405_UP_LysC_, 
  MSM_202405_UP_LysC_ was switched to MSM_202405_UP_LysA_.
  Second NPOC Curve did not look good. One duplicate out of range and some checks 
  below expected concentration, but not by much - run okay.",NA
"19","COMPASS: Synoptic","CB","MSM","UP","C",45,"202405_MSM_UP_LysC_45cm",2024,5,21,NA,NA,25.5,2123.05386728832,"",1.089,77.7485060720941,"","6/2/2024 7:05:57 AM","Samples were put in the wrong vials, so 
  MSM_202405_UP_LysA_ was switched to MSM_202405_UP_LysB_, 
  MSM_202405_UP_LysB_ was switched to MSM_202405_UP_LysC_, 
  MSM_202405_UP_LysC_ was switched to MSM_202405_UP_LysA_.
  Second NPOC Curve did not look good. One duplicate out of range and some checks 
  below expected concentration, but not by much - run okay.",NA
"20","COMPASS: Synoptic","CB","MSM","UP","A",20,"202405_MSM_UP_LysA_20cm",2024,5,21,NA,NA,85.67,7132.62842394472,"",2.288,163.350396595915,"","6/2/2024 7:32:16 AM","Samples were put in the wrong vials, so 
  MSM_202405_UP_LysA_ was switched to MSM_202405_UP_LysB_, 
  MSM_202405_UP_LysB_ was switched to MSM_202405_UP_LysC_, 
  MSM_202405_UP_LysC_ was switched to MSM_202405_UP_LysA_.
  Second NPOC Curve did not look good. One duplicate out of range and some checks 
  below expected concentration, but not by much - run okay.",NA
"21","COMPASS: Synoptic","CB","MSM","UP","A",45,"202405_MSM_UP_LysA_45cm",2024,5,21,NA,NA,28.36,2361.16892848222,"",1.99,142.074864172146,"","6/2/2024 7:58:13 AM","Samples were put in the wrong vials, so 
  MSM_202405_UP_LysA_ was switched to MSM_202405_UP_LysB_, 
  MSM_202405_UP_LysB_ was switched to MSM_202405_UP_LysC_, 
  MSM_202405_UP_LysC_ was switched to MSM_202405_UP_LysA_.
  Second NPOC Curve did not look good. One duplicate out of range and some checks 
  below expected concentration, but not by much - run okay.",NA
"22","COMPASS: Synoptic","CB","GCW","UP","B",10,"202405_GCW_UP_LysB_10cm",2024,5,23,NA,NA,22.36,1861.62684206144,"",0.00022,0.0157067689034533,"blank is ≥ 25% of sample value","6/3/2024 12:19:30 AM","Samples were put in the wrong vials, so 
  MSM_202405_UP_LysA_ was switched to MSM_202405_UP_LysB_, 
  MSM_202405_UP_LysB_ was switched to MSM_202405_UP_LysC_, 
  MSM_202405_UP_LysC_ was switched to MSM_202405_UP_LysA_.
  Second NPOC Curve did not look good. One duplicate out of range and some checks 
  below expected concentration, but not by much - run okay.",NA
"23","COMPASS: Synoptic","CB","SWH","SWAMP","A",10,"202405_SWH_SWAMP_LysA_10cm",2024,5,15,NA,NA,12.4,1032.38697860295,"",0.3487,24.8952287119736,"","6/1/2024 12:19:44 AM","Samples were put in the wrong vials, so 
  MSM_202405_UP_LysA_ was switched to MSM_202405_UP_LysB_, 
  MSM_202405_UP_LysB_ was switched to MSM_202405_UP_LysC_, 
  MSM_202405_UP_LysC_ was switched to MSM_202405_UP_LysA_.
  Second NPOC Curve did not look good. One duplicate out of range and some checks 
  below expected concentration, but not by much - run okay.",NA
"24","COMPASS: Synoptic","CB","SWH","SWAMP","A",20,"202405_SWH_SWAMP_LysA_20cm",2024,5,15,NA,NA,11.71,974.939638664558,"",0.4125,29.450191693975,"","6/1/2024 12:44:52 AM","Samples were put in the wrong vials, so 
  MSM_202405_UP_LysA_ was switched to MSM_202405_UP_LysB_, 
  MSM_202405_UP_LysB_ was switched to MSM_202405_UP_LysC_, 
  MSM_202405_UP_LysC_ was switched to MSM_202405_UP_LysA_.
  Second NPOC Curve did not look good. One duplicate out of range and some checks 
  below expected concentration, but not by much - run okay.",NA
"25","COMPASS: Synoptic","CB","SWH","SWAMP","A",45,"202405_SWH_SWAMP_LysA_45cm",2024,5,15,NA,NA,19.23,1601.0323869786,"",0.8035,57.365403699658,"","6/1/2024 2:12:35 AM","Samples were put in the wrong vials, so 
  MSM_202405_UP_LysA_ was switched to MSM_202405_UP_LysB_, 
  MSM_202405_UP_LysB_ was switched to MSM_202405_UP_LysC_, 
  MSM_202405_UP_LysC_ was switched to MSM_202405_UP_LysA_.
  Second NPOC Curve did not look good. One duplicate out of range and some checks 
  below expected concentration, but not by much - run okay.",NA
"26","COMPASS: Synoptic","CB","SWH","SWAMP","B",10,"202405_SWH_SWAMP_LysB_10cm",2024,5,15,NA,NA,108.7,9050.03746565648,"value above cal curve",3.514,250.879936030614,"value above cal curve","6/1/2024 2:30:22 AM","Samples were put in the wrong vials, so 
  MSM_202405_UP_LysA_ was switched to MSM_202405_UP_LysB_, 
  MSM_202405_UP_LysB_ was switched to MSM_202405_UP_LysC_, 
  MSM_202405_UP_LysC_ was switched to MSM_202405_UP_LysA_.
  Second NPOC Curve did not look good. One duplicate out of range and some checks 
  below expected concentration, but not by much - run okay.",NA
"27","COMPASS: Synoptic","CB","SWH","SWAMP","B",20,"202405_SWH_SWAMP_LysB_20cm",2024,5,15,NA,NA,24.1,2006.49404712347,"",0.9743,69.5595679210663,"","6/1/2024 2:56:13 AM","Samples were put in the wrong vials, so 
  MSM_202405_UP_LysA_ was switched to MSM_202405_UP_LysB_, 
  MSM_202405_UP_LysB_ was switched to MSM_202405_UP_LysC_, 
  MSM_202405_UP_LysC_ was switched to MSM_202405_UP_LysA_.
  Second NPOC Curve did not look good. One duplicate out of range and some checks 
  below expected concentration, but not by much - run okay.",NA
"28","COMPASS: Synoptic","CB","SWH","SWAMP","B",45,"202405_SWH_SWAMP_LysB_45cm",2024,5,15,NA,NA,6.492,540.504537507285,"",0.4909,35.0475129759329,"","6/1/2024 3:21:01 AM","Samples were put in the wrong vials, so 
  MSM_202405_UP_LysA_ was switched to MSM_202405_UP_LysB_, 
  MSM_202405_UP_LysB_ was switched to MSM_202405_UP_LysC_, 
  MSM_202405_UP_LysC_ was switched to MSM_202405_UP_LysA_.
  Second NPOC Curve did not look good. One duplicate out of range and some checks 
  below expected concentration, but not by much - run okay.",NA
"29","COMPASS: Synoptic","CB","SWH","SWAMP","C",10,"202405_SWH_SWAMP_LysC_10cm",2024,5,15,NA,NA,26.67,2220.46457414037,"",0.6526,46.5919881199711,"","6/1/2024 3:46:20 AM","Samples were put in the wrong vials, so 
  MSM_202405_UP_LysA_ was switched to MSM_202405_UP_LysB_, 
  MSM_202405_UP_LysB_ was switched to MSM_202405_UP_LysC_, 
  MSM_202405_UP_LysC_ was switched to MSM_202405_UP_LysA_.
  Second NPOC Curve did not look good. One duplicate out of range and some checks 
  below expected concentration, but not by much - run okay.",NA
"30","COMPASS: Synoptic","CB","SWH","SWAMP","C",20,"202405_SWH_SWAMP_LysC_20cm",2024,5,15,NA,NA,26.39,2197.1526101074,"",0.6576,46.9489601405042,"","6/1/2024 4:12:17 AM","Samples were put in the wrong vials, so 
  MSM_202405_UP_LysA_ was switched to MSM_202405_UP_LysB_, 
  MSM_202405_UP_LysB_ was switched to MSM_202405_UP_LysC_, 
  MSM_202405_UP_LysC_ was switched to MSM_202405_UP_LysA_.
  Second NPOC Curve did not look good. One duplicate out of range and some checks 
  below expected concentration, but not by much - run okay.",NA
"31","COMPASS: Synoptic","CB","SWH","SWAMP","C",45,"202405_SWH_SWAMP_LysC_45cm",2024,5,15,NA,NA,22.04,1834.98459745234,"",0.6351,45.3425860481055,"","6/1/2024 4:37:52 AM","Samples were put in the wrong vials, so 
  MSM_202405_UP_LysA_ was switched to MSM_202405_UP_LysB_, 
  MSM_202405_UP_LysB_ was switched to MSM_202405_UP_LysC_, 
  MSM_202405_UP_LysC_ was switched to MSM_202405_UP_LysA_.
  Second NPOC Curve did not look good. One duplicate out of range and some checks 
  below expected concentration, but not by much - run okay.",NA
"32","COMPASS: Synoptic","CB","SWH","TR","A",10,"202405_SWH_TR_LysA_10cm",2024,5,15,NA,NA,36.55,3043.04387644659,"",1.465,104.592802016178,"","6/1/2024 5:03:12 AM","Samples were put in the wrong vials, so 
  MSM_202405_UP_LysA_ was switched to MSM_202405_UP_LysB_, 
  MSM_202405_UP_LysB_ was switched to MSM_202405_UP_LysC_, 
  MSM_202405_UP_LysC_ was switched to MSM_202405_UP_LysA_.
  Second NPOC Curve did not look good. One duplicate out of range and some checks 
  below expected concentration, but not by much - run okay.",NA
"33","COMPASS: Synoptic","CB","SWH","TR","A",20,"202405_SWH_TR_LysA_20cm",2024,5,15,NA,NA,17.5,1456.99775206061,"",2.28,162.779241363062,"","6/1/2024 5:20:11 AM","Samples were put in the wrong vials, so 
  MSM_202405_UP_LysA_ was switched to MSM_202405_UP_LysB_, 
  MSM_202405_UP_LysB_ was switched to MSM_202405_UP_LysC_, 
  MSM_202405_UP_LysC_ was switched to MSM_202405_UP_LysA_.
  Second NPOC Curve did not look good. One duplicate out of range and some checks 
  below expected concentration, but not by much - run okay.",NA
"34","COMPASS: Synoptic","CB","SWH","TR","A",45,"202405_SWH_TR_LysA_45cm",2024,5,15,NA,NA,16.36,1362.08475564066,"",2.76,197.048555334233,"","6/1/2024 5:38:27 AM","Samples were put in the wrong vials, so 
  MSM_202405_UP_LysA_ was switched to MSM_202405_UP_LysB_, 
  MSM_202405_UP_LysB_ was switched to MSM_202405_UP_LysC_, 
  MSM_202405_UP_LysC_ was switched to MSM_202405_UP_LysA_.
  Second NPOC Curve did not look good. One duplicate out of range and some checks 
  below expected concentration, but not by much - run okay.",NA
"35","COMPASS: Synoptic","CB","SWH","TR","B",10,"202405_SWH_TR_LysB_10cm",2024,5,15,NA,NA,13.04,1085.67146782116,"",0.5977,42.6724353345185,"","6/1/2024 7:08:55 AM","Samples were put in the wrong vials, so 
  MSM_202405_UP_LysA_ was switched to MSM_202405_UP_LysB_, 
  MSM_202405_UP_LysB_ was switched to MSM_202405_UP_LysC_, 
  MSM_202405_UP_LysC_ was switched to MSM_202405_UP_LysA_.
  Second NPOC Curve did not look good. One duplicate out of range and some checks 
  below expected concentration, but not by much - run okay.",NA
"36","COMPASS: Synoptic","CB","SWH","TR","B",20,"202405_SWH_TR_LysB_20cm",2024,5,15,NA,NA,21.74,1810.0074931313,"",2.093,149.428487795127,"","6/1/2024 7:34:26 AM","Samples were put in the wrong vials, so 
  MSM_202405_UP_LysA_ was switched to MSM_202405_UP_LysB_, 
  MSM_202405_UP_LysB_ was switched to MSM_202405_UP_LysC_, 
  MSM_202405_UP_LysC_ was switched to MSM_202405_UP_LysA_.
  Second NPOC Curve did not look good. One duplicate out of range and some checks 
  below expected concentration, but not by much - run okay.",NA
"37","COMPASS: Synoptic","CB","SWH","TR","B",45,"202405_SWH_TR_LysB_45cm",2024,5,15,NA,NA,25.04,2084.75564066273,"",2.923,208.68584320361,"","6/1/2024 7:52:10 AM","Samples were put in the wrong vials, so 
  MSM_202405_UP_LysA_ was switched to MSM_202405_UP_LysB_, 
  MSM_202405_UP_LysB_ was switched to MSM_202405_UP_LysC_, 
  MSM_202405_UP_LysC_ was switched to MSM_202405_UP_LysA_.
  Second NPOC Curve did not look good. One duplicate out of range and some checks 
  below expected concentration, but not by much - run okay.",NA
"38","COMPASS: Synoptic","CB","SWH","TR","C",10,"202405_SWH_TR_LysC_10cm",2024,5,15,NA,NA,13.38,1113.97885271834,"",0.5602,39.9951451805208,"","6/1/2024 8:09:14 AM","Samples were put in the wrong vials, so 
  MSM_202405_UP_LysA_ was switched to MSM_202405_UP_LysB_, 
  MSM_202405_UP_LysB_ was switched to MSM_202405_UP_LysC_, 
  MSM_202405_UP_LysC_ was switched to MSM_202405_UP_LysA_.
  Second NPOC Curve did not look good. One duplicate out of range and some checks 
  below expected concentration, but not by much - run okay.",NA
"39","COMPASS: Synoptic","CB","SWH","TR","C",20,"202405_SWH_TR_LysC_20cm",2024,5,15,NA,NA,17.6,1465.32345350096,"",1.557,111.161087193986,"","6/1/2024 8:27:00 AM","Samples were put in the wrong vials, so 
  MSM_202405_UP_LysA_ was switched to MSM_202405_UP_LysB_, 
  MSM_202405_UP_LysB_ was switched to MSM_202405_UP_LysC_, 
  MSM_202405_UP_LysC_ was switched to MSM_202405_UP_LysA_.
  Second NPOC Curve did not look good. One duplicate out of range and some checks 
  below expected concentration, but not by much - run okay.",NA
"40","COMPASS: Synoptic","CB","SWH","TR","C",45,"202405_SWH_TR_LysC_45cm",2024,5,15,NA,NA,20.1,1673.46598950962,"",1.566,111.803636830945,"","6/1/2024 8:54:57 AM","Samples were put in the wrong vials, so 
  MSM_202405_UP_LysA_ was switched to MSM_202405_UP_LysB_, 
  MSM_202405_UP_LysB_ was switched to MSM_202405_UP_LysC_, 
  MSM_202405_UP_LysC_ was switched to MSM_202405_UP_LysA_.
  Second NPOC Curve did not look good. One duplicate out of range and some checks 
  below expected concentration, but not by much - run okay.",NA
"41","COMPASS: Synoptic","CB","GWI","TR","A",10,"202405_GWI_TR_LysA_10cm",2024,5,16,NA,NA,38.56,3210.39047539755,"",1.172,83.6742416129424,"","6/1/2024 8:03:04 PM","Samples were put in the wrong vials, so 
  MSM_202405_UP_LysA_ was switched to MSM_202405_UP_LysB_, 
  MSM_202405_UP_LysB_ was switched to MSM_202405_UP_LysC_, 
  MSM_202405_UP_LysC_ was switched to MSM_202405_UP_LysA_.
  Second NPOC Curve did not look good. One duplicate out of range and some checks 
  below expected concentration, but not by much - run okay.",NA
"42","COMPASS: Synoptic","CB","GWI","TR","A",20,"202405_GWI_TR_LysA_20cm",2024,5,16,NA,NA,71.88,5984.51419532096,"",1.828,130.508970706876,"","6/1/2024 8:20:34 PM","Samples were put in the wrong vials, so 
  MSM_202405_UP_LysA_ was switched to MSM_202405_UP_LysB_, 
  MSM_202405_UP_LysB_ was switched to MSM_202405_UP_LysC_, 
  MSM_202405_UP_LysC_ was switched to MSM_202405_UP_LysA_.
  Second NPOC Curve did not look good. One duplicate out of range and some checks 
  below expected concentration, but not by much - run okay.",NA
"43","COMPASS: Synoptic","CB","GWI","TR","B",10,"202405_GWI_TR_LysB_10cm",2024,5,16,NA,NA,24.29,2022.31287986013,"",0.7586,54.1597949552714,"","6/1/2024 8:45:10 PM","Samples were put in the wrong vials, so 
  MSM_202405_UP_LysA_ was switched to MSM_202405_UP_LysB_, 
  MSM_202405_UP_LysB_ was switched to MSM_202405_UP_LysC_, 
  MSM_202405_UP_LysC_ was switched to MSM_202405_UP_LysA_.
  Second NPOC Curve did not look good. One duplicate out of range and some checks 
  below expected concentration, but not by much - run okay.",NA
"44","COMPASS: Synoptic","CB","GWI","TR","B",20,"202405_GWI_TR_LysB_20cm",2024,5,16,NA,NA,59.76,4975.43918075098,"",1.541,110.01877672828,"","6/1/2024 9:10:10 PM","Samples were put in the wrong vials, so 
  MSM_202405_UP_LysA_ was switched to MSM_202405_UP_LysB_, 
  MSM_202405_UP_LysB_ was switched to MSM_202405_UP_LysC_, 
  MSM_202405_UP_LysC_ was switched to MSM_202405_UP_LysA_.
  Second NPOC Curve did not look good. One duplicate out of range and some checks 
  below expected concentration, but not by much - run okay.",NA
"45","COMPASS: Synoptic","CB","GWI","TR","B",45,"202405_GWI_TR_LysB_45cm",2024,5,16,NA,NA,27.12,2257.93023062193,"",0.8442,60.2711559467969,"","6/1/2024 9:35:31 PM","Samples were put in the wrong vials, so 
  MSM_202405_UP_LysA_ was switched to MSM_202405_UP_LysB_, 
  MSM_202405_UP_LysB_ was switched to MSM_202405_UP_LysC_, 
  MSM_202405_UP_LysC_ was switched to MSM_202405_UP_LysA_.
  Second NPOC Curve did not look good. One duplicate out of range and some checks 
  below expected concentration, but not by much - run okay.",NA
"46","COMPASS: Synoptic","CB","GWI","TR","C",10,"202405_GWI_TR_LysC_10cm",2024,5,16,NA,NA,17.74,1476.97943551744,"",0.5719,40.830459708568,"","6/1/2024 10:00:41 PM","Samples were put in the wrong vials, so 
  MSM_202405_UP_LysA_ was switched to MSM_202405_UP_LysB_, 
  MSM_202405_UP_LysB_ was switched to MSM_202405_UP_LysC_, 
  MSM_202405_UP_LysC_ was switched to MSM_202405_UP_LysA_.
  Second NPOC Curve did not look good. One duplicate out of range and some checks 
  below expected concentration, but not by much - run okay.",NA
"47","COMPASS: Synoptic","CB","GWI","TR","C",20,"202405_GWI_TR_LysC_20cm",2024,5,16,NA,NA,25.39,2113.89559570394,"",0.7521,53.6957313285785,"","6/1/2024 10:26:33 PM","Samples were put in the wrong vials, so 
  MSM_202405_UP_LysA_ was switched to MSM_202405_UP_LysB_, 
  MSM_202405_UP_LysB_ was switched to MSM_202405_UP_LysC_, 
  MSM_202405_UP_LysC_ was switched to MSM_202405_UP_LysA_.
  Second NPOC Curve did not look good. One duplicate out of range and some checks 
  below expected concentration, but not by much - run okay.",NA
"48","COMPASS: Synoptic","CB","MSM","TR","A",10,"202405_MSM_TR_LysA_10cm",2024,5,21,NA,NA,127.2,10590.2922321206,"value above cal curve",3.603,257.234037996102,"value above cal curve","6/2/2024 8:24:20 AM","Samples were put in the wrong vials, so 
  MSM_202405_UP_LysA_ was switched to MSM_202405_UP_LysB_, 
  MSM_202405_UP_LysB_ was switched to MSM_202405_UP_LysC_, 
  MSM_202405_UP_LysC_ was switched to MSM_202405_UP_LysA_.
  Second NPOC Curve did not look good. One duplicate out of range and some checks 
  below expected concentration, but not by much - run okay.",NA
"49","COMPASS: Synoptic","CB","MSM","TR","A",20,"202405_MSM_TR_LysA_20cm",2024,5,21,NA,NA,35.79,2979.76854549996,"",2.972,212.184169004833,"","6/2/2024 9:01:50 AM","Samples were put in the wrong vials, so 
  MSM_202405_UP_LysA_ was switched to MSM_202405_UP_LysB_, 
  MSM_202405_UP_LysB_ was switched to MSM_202405_UP_LysC_, 
  MSM_202405_UP_LysC_ was switched to MSM_202405_UP_LysA_.
  Second NPOC Curve did not look good. One duplicate out of range and some checks 
  below expected concentration, but not by much - run okay.",NA
"50","COMPASS: Synoptic","CB","MSM","TR","B",10,"202405_MSM_TR_LysB_10cm",2024,5,21,NA,NA,78.77,6558.15502456082,"",0.00177,0.126368095268693,"blank is ≥ 25% of sample value","6/2/2024 10:19:48 AM","Samples were put in the wrong vials, so 
  MSM_202405_UP_LysA_ was switched to MSM_202405_UP_LysB_, 
  MSM_202405_UP_LysB_ was switched to MSM_202405_UP_LysC_, 
  MSM_202405_UP_LysC_ was switched to MSM_202405_UP_LysA_.
  Second NPOC Curve did not look good. One duplicate out of range and some checks 
  below expected concentration, but not by much - run okay.",NA
"51","COMPASS: Synoptic","CB","MSM","TR","B",20,"202405_MSM_TR_LysB_20cm",2024,5,21,NA,NA,65.3,5436.68304054617,"",3.256,232.46017977111,"value above cal curve","6/2/2024 10:39:47 AM","Samples were put in the wrong vials, so 
  MSM_202405_UP_LysA_ was switched to MSM_202405_UP_LysB_, 
  MSM_202405_UP_LysB_ was switched to MSM_202405_UP_LysC_, 
  MSM_202405_UP_LysC_ was switched to MSM_202405_UP_LysA_.
  Second NPOC Curve did not look good. One duplicate out of range and some checks 
  below expected concentration, but not by much - run okay.",NA
"52","COMPASS: Synoptic","CB","MSM","TR","C",20,"202405_MSM_TR_LysC_20cm",2024,5,21,NA,NA,37.07,3086.33752393639,"",0.01339,0.955971070987456,"blank is ≥ 25% of sample value","6/2/2024 11:08:23 AM","Samples were put in the wrong vials, so 
  MSM_202405_UP_LysA_ was switched to MSM_202405_UP_LysB_, 
  MSM_202405_UP_LysB_ was switched to MSM_202405_UP_LysC_, 
  MSM_202405_UP_LysC_ was switched to MSM_202405_UP_LysA_.
  Second NPOC Curve did not look good. One duplicate out of range and some checks 
  below expected concentration, but not by much - run okay.",NA
"53","COMPASS: Synoptic","CB","MSM","TR","C",45,"202405_MSM_TR_LysC_45cm",2024,5,21,NA,NA,18.49,1539.42219632004,"",1.915,136.720283864151,"","6/2/2024 11:26:42 AM","Samples were put in the wrong vials, so 
  MSM_202405_UP_LysA_ was switched to MSM_202405_UP_LysB_, 
  MSM_202405_UP_LysB_ was switched to MSM_202405_UP_LysC_, 
  MSM_202405_UP_LysC_ was switched to MSM_202405_UP_LysA_.
  Second NPOC Curve did not look good. One duplicate out of range and some checks 
  below expected concentration, but not by much - run okay.",NA
"54","COMPASS: Synoptic","CB","GCW","TR","B",10,"202405_GCW_TR_LysB_10cm",2024,5,23,NA,NA,41.98,3495.1294646574,"",0.8432,60.1997615426903,"","6/2/2024 5:07:48 PM","Samples were put in the wrong vials, so 
  MSM_202405_UP_LysA_ was switched to MSM_202405_UP_LysB_, 
  MSM_202405_UP_LysB_ was switched to MSM_202405_UP_LysC_, 
  MSM_202405_UP_LysC_ was switched to MSM_202405_UP_LysA_.
  Second NPOC Curve did not look good. One duplicate out of range and some checks 
  below expected concentration, but not by much - run okay.",NA
"55","COMPASS: Synoptic","CB","GCW","TR","B",20,"202405_GCW_TR_LysB_20cm",2024,5,23,NA,NA,21.32,1775.03954708184,"",0.8306,59.300192050947,"","6/2/2024 5:38:18 PM","Samples were put in the wrong vials, so 
  MSM_202405_UP_LysA_ was switched to MSM_202405_UP_LysB_, 
  MSM_202405_UP_LysB_ was switched to MSM_202405_UP_LysC_, 
  MSM_202405_UP_LysC_ was switched to MSM_202405_UP_LysA_.
  Second NPOC Curve did not look good. One duplicate out of range and some checks 
  below expected concentration, but not by much - run okay.",NA
"56","COMPASS: Synoptic","CB","GCW","TR","C",10,"202405_GCW_TR_LysC_10cm",2024,5,23,NA,NA,10.71,891.682624261094,"",0.3841,27.4225906173474,"","6/2/2024 6:03:45 PM","Samples were put in the wrong vials, so 
  MSM_202405_UP_LysA_ was switched to MSM_202405_UP_LysB_, 
  MSM_202405_UP_LysB_ was switched to MSM_202405_UP_LysC_, 
  MSM_202405_UP_LysC_ was switched to MSM_202405_UP_LysA_.
  Second NPOC Curve did not look good. One duplicate out of range and some checks 
  below expected concentration, but not by much - run okay.",NA
"57","COMPASS: Synoptic","CB","GCW","TR","C",20,"202405_GCW_TR_LysC_20cm",2024,5,23,NA,NA,89.21,7427.35825493298,"",0.1686,12.0370965323738,"","6/2/2024 6:34:09 PM","Samples were put in the wrong vials, so 
  MSM_202405_UP_LysA_ was switched to MSM_202405_UP_LysB_, 
  MSM_202405_UP_LysB_ was switched to MSM_202405_UP_LysC_, 
  MSM_202405_UP_LysC_ was switched to MSM_202405_UP_LysA_.
  Second NPOC Curve did not look good. One duplicate out of range and some checks 
  below expected concentration, but not by much - run okay.",NA
"58","COMPASS: Synoptic","CB","MSM","TR","B",45,"202405_MSM_TR_LysB_45cm",2024,5,21,NA,NA,47.28,3936.39164099575,"",-0.01257,-0.897427659620039,"blank is ≥ 25% of sample value","6/3/2024 12:47:26 AM","Samples were put in the wrong vials, so 
  MSM_202405_UP_LysA_ was switched to MSM_202405_UP_LysB_, 
  MSM_202405_UP_LysB_ was switched to MSM_202405_UP_LysC_, 
  MSM_202405_UP_LysC_ was switched to MSM_202405_UP_LysA_.
  Second NPOC Curve did not look good. One duplicate out of range and some checks 
  below expected concentration, but not by much - run okay.",NA
"59","COMPASS: Synoptic","CB","SWH","WC","A",10,"202405_SWH_WC_LysA_10cm",2024,5,15,NA,NA,18.84,1568.56215136125,"",0.6611,47.1988405548773,"","6/1/2024 9:20:52 AM","Samples were put in the wrong vials, so 
  MSM_202405_UP_LysA_ was switched to MSM_202405_UP_LysB_, 
  MSM_202405_UP_LysB_ was switched to MSM_202405_UP_LysC_, 
  MSM_202405_UP_LysC_ was switched to MSM_202405_UP_LysA_.
  Second NPOC Curve did not look good. One duplicate out of range and some checks 
  below expected concentration, but not by much - run okay.",NA
"60","COMPASS: Synoptic","CB","SWH","WC","A",20,"202405_SWH_WC_LysA_20cm",2024,5,15,NA,NA,22.04,1834.98459745234,"",0.6764,48.2911749377084,"","6/1/2024 9:48:15 AM","Samples were put in the wrong vials, so 
  MSM_202405_UP_LysA_ was switched to MSM_202405_UP_LysB_, 
  MSM_202405_UP_LysB_ was switched to MSM_202405_UP_LysC_, 
  MSM_202405_UP_LysC_ was switched to MSM_202405_UP_LysA_.
  Second NPOC Curve did not look good. One duplicate out of range and some checks 
  below expected concentration, but not by much - run okay.",NA
"61","COMPASS: Synoptic","CB","SWH","WC","A",45,"202405_SWH_WC_LysA_45cm",2024,5,15,NA,NA,10.96,912.49687786196,"",0.3437,24.5382566914405,"","6/1/2024 11:09:41 AM","Samples were put in the wrong vials, so 
  MSM_202405_UP_LysA_ was switched to MSM_202405_UP_LysB_, 
  MSM_202405_UP_LysB_ was switched to MSM_202405_UP_LysC_, 
  MSM_202405_UP_LysC_ was switched to MSM_202405_UP_LysA_.
  Second NPOC Curve did not look good. One duplicate out of range and some checks 
  below expected concentration, but not by much - run okay.",NA
"62","COMPASS: Synoptic","CB","SWH","WC","B",10,"202405_SWH_WC_LysB_10cm",2024,5,15,NA,NA,13.74,1143.95137790359,"",0.5769,41.1874317291011,"","6/1/2024 11:36:17 AM","Samples were put in the wrong vials, so 
  MSM_202405_UP_LysA_ was switched to MSM_202405_UP_LysB_, 
  MSM_202405_UP_LysB_ was switched to MSM_202405_UP_LysC_, 
  MSM_202405_UP_LysC_ was switched to MSM_202405_UP_LysA_.
  Second NPOC Curve did not look good. One duplicate out of range and some checks 
  below expected concentration, but not by much - run okay.",NA
"63","COMPASS: Synoptic","CB","SWH","WC","B",20,"202405_SWH_WC_LysB_20cm",2024,5,15,NA,NA,16.8,1398.71784197819,"",0.6101,43.5577259454404,"","6/1/2024 12:02:28 PM","Samples were put in the wrong vials, so 
  MSM_202405_UP_LysA_ was switched to MSM_202405_UP_LysB_, 
  MSM_202405_UP_LysB_ was switched to MSM_202405_UP_LysC_, 
  MSM_202405_UP_LysC_ was switched to MSM_202405_UP_LysA_.
  Second NPOC Curve did not look good. One duplicate out of range and some checks 
  below expected concentration, but not by much - run okay.",NA
"64","COMPASS: Synoptic","CB","SWH","WC","B",45,"202405_SWH_WC_LysB_45cm",2024,5,15,NA,NA,10.21,850.054117059362,"",0.372,26.5587183276575,"","6/1/2024 1:32:48 PM","Samples were put in the wrong vials, so 
  MSM_202405_UP_LysA_ was switched to MSM_202405_UP_LysB_, 
  MSM_202405_UP_LysB_ was switched to MSM_202405_UP_LysC_, 
  MSM_202405_UP_LysC_ was switched to MSM_202405_UP_LysA_.
  Second NPOC Curve did not look good. One duplicate out of range and some checks 
  below expected concentration, but not by much - run okay.",NA
"65","COMPASS: Synoptic","CB","SWH","WC","C",20,"202405_SWH_WC_LysC_20cm",2024,5,15,NA,NA,22.56,1878.27824494214,"",1.444,103.093519529939,"","6/1/2024 1:59:11 PM","Samples were put in the wrong vials, so 
  MSM_202405_UP_LysA_ was switched to MSM_202405_UP_LysB_, 
  MSM_202405_UP_LysB_ was switched to MSM_202405_UP_LysC_, 
  MSM_202405_UP_LysC_ was switched to MSM_202405_UP_LysA_.
  Second NPOC Curve did not look good. One duplicate out of range and some checks 
  below expected concentration, but not by much - run okay.",NA
"66","COMPASS: Synoptic","CB","SWH","WC","C",45,"202405_SWH_WC_LysC_45cm",2024,5,15,NA,NA,10.86,904.171176421614,"",0.5355,38.2317033990876,"","6/1/2024 2:25:07 PM","Samples were put in the wrong vials, so 
  MSM_202405_UP_LysA_ was switched to MSM_202405_UP_LysB_, 
  MSM_202405_UP_LysB_ was switched to MSM_202405_UP_LysC_, 
  MSM_202405_UP_LysC_ was switched to MSM_202405_UP_LysA_.
  Second NPOC Curve did not look good. One duplicate out of range and some checks 
  below expected concentration, but not by much - run okay.",NA
"67","COMPASS: Synoptic","CB","GWI","WC","A",10,"202405_GWI_WC_LysA_10cm",2024,5,16,NA,NA,33.93,2824.91049870952,"",1.372,97.9531224342636,"","6/1/2024 11:55:57 PM","Samples were put in the wrong vials, so 
  MSM_202405_UP_LysA_ was switched to MSM_202405_UP_LysB_, 
  MSM_202405_UP_LysB_ was switched to MSM_202405_UP_LysC_, 
  MSM_202405_UP_LysC_ was switched to MSM_202405_UP_LysA_.
  Second NPOC Curve did not look good. One duplicate out of range and some checks 
  below expected concentration, but not by much - run okay.",NA
"68","COMPASS: Synoptic","CB","GWI","WC","A",20,"202405_GWI_WC_LysA_20cm",2024,5,16,NA,NA,48.64,4049.62118058446,"",1.73,123.512319104429,"","6/2/2024 12:13:56 AM","Samples were put in the wrong vials, so 
  MSM_202405_UP_LysA_ was switched to MSM_202405_UP_LysB_, 
  MSM_202405_UP_LysB_ was switched to MSM_202405_UP_LysC_, 
  MSM_202405_UP_LysC_ was switched to MSM_202405_UP_LysA_.
  Second NPOC Curve did not look good. One duplicate out of range and some checks 
  below expected concentration, but not by much - run okay.",NA
"69","COMPASS: Synoptic","CB","GWI","WC","A",45,"202405_GWI_WC_LysA_45cm",2024,5,16,NA,NA,33.67,2803.26367496462,"",1.258,89.8141603661105,"","6/2/2024 12:40:53 AM","Samples were put in the wrong vials, so 
  MSM_202405_UP_LysA_ was switched to MSM_202405_UP_LysB_, 
  MSM_202405_UP_LysB_ was switched to MSM_202405_UP_LysC_, 
  MSM_202405_UP_LysC_ was switched to MSM_202405_UP_LysA_.
  Second NPOC Curve did not look good. One duplicate out of range and some checks 
  below expected concentration, but not by much - run okay.",NA
"70","COMPASS: Synoptic","CB","GWI","WC","B",10,"202405_GWI_WC_LysB_10cm",2024,5,16,NA,NA,35.9,2988.92681708434,"",1.399,99.880771345142,"","6/2/2024 1:08:36 AM","Samples were put in the wrong vials, so 
  MSM_202405_UP_LysA_ was switched to MSM_202405_UP_LysB_, 
  MSM_202405_UP_LysB_ was switched to MSM_202405_UP_LysC_, 
  MSM_202405_UP_LysC_ was switched to MSM_202405_UP_LysA_.
  Second NPOC Curve did not look good. One duplicate out of range and some checks 
  below expected concentration, but not by much - run okay.",NA
"71","COMPASS: Synoptic","CB","GWI","WC","B",20,"202405_GWI_WC_LysB_20cm",2024,5,16,NA,NA,39.39,3279.49379735243,"",1.455,103.878857975112,"","6/2/2024 1:25:28 AM","Samples were put in the wrong vials, so 
  MSM_202405_UP_LysA_ was switched to MSM_202405_UP_LysB_, 
  MSM_202405_UP_LysB_ was switched to MSM_202405_UP_LysC_, 
  MSM_202405_UP_LysC_ was switched to MSM_202405_UP_LysA_.
  Second NPOC Curve did not look good. One duplicate out of range and some checks 
  below expected concentration, but not by much - run okay.",NA
"72","COMPASS: Synoptic","CB","GWI","WC","B",45,"202405_GWI_WC_LysB_45cm",2024,5,16,NA,NA,47.12,3923.0705186912,"",1.521,108.590888646148,"","6/2/2024 1:53:15 AM","Samples were put in the wrong vials, so 
  MSM_202405_UP_LysA_ was switched to MSM_202405_UP_LysB_, 
  MSM_202405_UP_LysB_ was switched to MSM_202405_UP_LysC_, 
  MSM_202405_UP_LysC_ was switched to MSM_202405_UP_LysA_.
  Second NPOC Curve did not look good. One duplicate out of range and some checks 
  below expected concentration, but not by much - run okay.",NA
"73","COMPASS: Synoptic","CB","GWI","WC","C",10,"202405_GWI_WC_LysC_10cm",2024,5,16,NA,NA,32.77,2728.3323620015,"",1.366,97.524756009624,"","6/2/2024 2:18:52 AM","Samples were put in the wrong vials, so 
  MSM_202405_UP_LysA_ was switched to MSM_202405_UP_LysB_, 
  MSM_202405_UP_LysB_ was switched to MSM_202405_UP_LysC_, 
  MSM_202405_UP_LysC_ was switched to MSM_202405_UP_LysA_.
  Second NPOC Curve did not look good. One duplicate out of range and some checks 
  below expected concentration, but not by much - run okay.",NA
"74","COMPASS: Synoptic","CB","GWI","WC","C",20,"202405_GWI_WC_LysC_20cm",2024,5,16,NA,NA,58.75,4891.34959620348,"",1.925,137.434227905217,"","6/2/2024 2:44:46 AM","Samples were put in the wrong vials, so 
  MSM_202405_UP_LysA_ was switched to MSM_202405_UP_LysB_, 
  MSM_202405_UP_LysB_ was switched to MSM_202405_UP_LysC_, 
  MSM_202405_UP_LysC_ was switched to MSM_202405_UP_LysA_.
  Second NPOC Curve did not look good. One duplicate out of range and some checks 
  below expected concentration, but not by much - run okay.",NA
"75","COMPASS: Synoptic","CB","MSM","WC","A",10,"202405_MSM_WC_LysA_10cm",2024,5,21,NA,NA,12.28,1022.39613687453,"",0.6736,48.0912706062099,"","6/2/2024 11:53:01 AM","Samples were put in the wrong vials, so 
  MSM_202405_UP_LysA_ was switched to MSM_202405_UP_LysB_, 
  MSM_202405_UP_LysB_ was switched to MSM_202405_UP_LysC_, 
  MSM_202405_UP_LysC_ was switched to MSM_202405_UP_LysA_.
  Second NPOC Curve did not look good. One duplicate out of range and some checks 
  below expected concentration, but not by much - run okay.",NA
"76","COMPASS: Synoptic","CB","MSM","WC","A",20,"202405_MSM_WC_LysA_20cm",2024,5,21,NA,NA,18.99,1581.05070352177,"",1.116,79.6761549829724,"","6/2/2024 12:19:32 PM","Samples were put in the wrong vials, so 
  MSM_202405_UP_LysA_ was switched to MSM_202405_UP_LysB_, 
  MSM_202405_UP_LysB_ was switched to MSM_202405_UP_LysC_, 
  MSM_202405_UP_LysC_ was switched to MSM_202405_UP_LysA_.
  Second NPOC Curve did not look good. One duplicate out of range and some checks 
  below expected concentration, but not by much - run okay.",NA
"77","COMPASS: Synoptic","CB","MSM","WC","B",10,"202405_MSM_WC_LysB_10cm",2024,5,21,NA,NA,18.09,1506.11939055865,"",0.9562,68.2673292067368,"","6/2/2024 12:44:44 PM","Samples were put in the wrong vials, so 
  MSM_202405_UP_LysA_ was switched to MSM_202405_UP_LysB_, 
  MSM_202405_UP_LysB_ was switched to MSM_202405_UP_LysC_, 
  MSM_202405_UP_LysC_ was switched to MSM_202405_UP_LysA_.
  Second NPOC Curve did not look good. One duplicate out of range and some checks 
  below expected concentration, but not by much - run okay.",NA
"78","COMPASS: Synoptic","CB","MSM","WC","B",20,"202405_MSM_WC_LysB_20cm",2024,5,21,NA,NA,24.87,2070.60194821414,"",1.524,108.805071858468,"","6/2/2024 1:10:21 PM","Samples were put in the wrong vials, so 
  MSM_202405_UP_LysA_ was switched to MSM_202405_UP_LysB_, 
  MSM_202405_UP_LysB_ was switched to MSM_202405_UP_LysC_, 
  MSM_202405_UP_LysC_ was switched to MSM_202405_UP_LysA_.
  Second NPOC Curve did not look good. One duplicate out of range and some checks 
  below expected concentration, but not by much - run okay.",NA
"79","COMPASS: Synoptic","CB","MSM","WC","C",10,"202405_MSM_WC_LysC_10cm",2024,5,21,NA,NA,18.94,1576.8878528016,"",-0.00904,-0.645405413123719,"blank is ≥ 25% of sample value","6/2/2024 1:35:45 PM","Samples were put in the wrong vials, so 
  MSM_202405_UP_LysA_ was switched to MSM_202405_UP_LysB_, 
  MSM_202405_UP_LysB_ was switched to MSM_202405_UP_LysC_, 
  MSM_202405_UP_LysC_ was switched to MSM_202405_UP_LysA_.
  Second NPOC Curve did not look good. One duplicate out of range and some checks 
  below expected concentration, but not by much - run okay.",NA
"80","COMPASS: Synoptic","CB","MSM","WC","C",20,"202405_MSM_WC_LysC_20cm",2024,5,21,NA,NA,43.62,3631.67096827908,"",2.879,205.544489422919,"","6/2/2024 2:57:55 PM","Samples were put in the wrong vials, so 
  MSM_202405_UP_LysA_ was switched to MSM_202405_UP_LysB_, 
  MSM_202405_UP_LysB_ was switched to MSM_202405_UP_LysC_, 
  MSM_202405_UP_LysC_ was switched to MSM_202405_UP_LysA_.
  Second NPOC Curve did not look good. One duplicate out of range and some checks 
  below expected concentration, but not by much - run okay.",NA
"81","COMPASS: Synoptic","CB","GCW","WC","A",10,"202405_GCW_WC_LysA_10cm",2024,5,23,NA,NA,18.51,1541.08733660811,"",1.372,97.9531224342636,"","6/2/2024 7:01:09 PM","Samples were put in the wrong vials, so 
  MSM_202405_UP_LysA_ was switched to MSM_202405_UP_LysB_, 
  MSM_202405_UP_LysB_ was switched to MSM_202405_UP_LysC_, 
  MSM_202405_UP_LysC_ was switched to MSM_202405_UP_LysA_.
  Second NPOC Curve did not look good. One duplicate out of range and some checks 
  below expected concentration, but not by much - run okay.",NA
"82","COMPASS: Synoptic","CB","GCW","WC","A",20,"202405_GCW_WC_LysA_20cm",2024,5,23,NA,NA,18.31,1524.43593372742,"",1.909,136.291917439511,"","6/2/2024 7:30:52 PM","Samples were put in the wrong vials, so 
  MSM_202405_UP_LysA_ was switched to MSM_202405_UP_LysB_, 
  MSM_202405_UP_LysB_ was switched to MSM_202405_UP_LysC_, 
  MSM_202405_UP_LysC_ was switched to MSM_202405_UP_LysA_.
  Second NPOC Curve did not look good. One duplicate out of range and some checks 
  below expected concentration, but not by much - run okay.",NA
"83","COMPASS: Synoptic","CB","GCW","WC","A",45,"202405_GCW_WC_LysA_45cm",2024,5,23,NA,NA,22.84,1901.59020897511,"",-0.01174,-0.838170304211556,"blank is ≥ 25% of sample value","6/2/2024 7:59:48 PM","Samples were put in the wrong vials, so 
  MSM_202405_UP_LysA_ was switched to MSM_202405_UP_LysB_, 
  MSM_202405_UP_LysB_ was switched to MSM_202405_UP_LysC_, 
  MSM_202405_UP_LysC_ was switched to MSM_202405_UP_LysA_.
  Second NPOC Curve did not look good. One duplicate out of range and some checks 
  below expected concentration, but not by much - run okay.",NA
"84","COMPASS: Synoptic","CB","GCW","WC","B",10,"202405_GCW_WC_LysB_10cm",2024,5,23,NA,NA,16.62,1383.73157938556,"",1.781,127.153433713865,"","6/2/2024 8:27:24 PM","Samples were put in the wrong vials, so 
  MSM_202405_UP_LysA_ was switched to MSM_202405_UP_LysB_, 
  MSM_202405_UP_LysB_ was switched to MSM_202405_UP_LysC_, 
  MSM_202405_UP_LysC_ was switched to MSM_202405_UP_LysA_.
  Second NPOC Curve did not look good. One duplicate out of range and some checks 
  below expected concentration, but not by much - run okay.",NA
"85","COMPASS: Synoptic","CB","GCW","WC","B",20,"202405_GCW_WC_LysB_20cm",2024,5,23,NA,NA,17.63,1467.82116393306,"",2.026,144.645062719984,"","6/2/2024 8:54:19 PM","Samples were put in the wrong vials, so 
  MSM_202405_UP_LysA_ was switched to MSM_202405_UP_LysB_, 
  MSM_202405_UP_LysB_ was switched to MSM_202405_UP_LysC_, 
  MSM_202405_UP_LysC_ was switched to MSM_202405_UP_LysA_.
  Second NPOC Curve did not look good. One duplicate out of range and some checks 
  below expected concentration, but not by much - run okay.",NA
"86","COMPASS: Synoptic","CB","GCW","WC","B",45,"202405_GCW_WC_LysB_45cm",2024,5,23,NA,NA,19.03,1584.38098409791,"",3.508,250.451569605974,"value above cal curve","6/2/2024 9:24:05 PM","Samples were put in the wrong vials, so 
  MSM_202405_UP_LysA_ was switched to MSM_202405_UP_LysB_, 
  MSM_202405_UP_LysB_ was switched to MSM_202405_UP_LysC_, 
  MSM_202405_UP_LysC_ was switched to MSM_202405_UP_LysA_.
  Second NPOC Curve did not look good. One duplicate out of range and some checks 
  below expected concentration, but not by much - run okay.",NA
"87","COMPASS: Synoptic","CB","GCW","WC","C",10,"202405_GCW_WC_LysC_10cm",2024,5,23,NA,NA,-0.1777,-14.7947714594955,"blank is ≥ 25% of sample value",0.5689,40.6162764962482,"","6/2/2024 9:49:08 PM","Samples were put in the wrong vials, so 
  MSM_202405_UP_LysA_ was switched to MSM_202405_UP_LysB_, 
  MSM_202405_UP_LysB_ was switched to MSM_202405_UP_LysC_, 
  MSM_202405_UP_LysC_ was switched to MSM_202405_UP_LysA_.
  Second NPOC Curve did not look good. One duplicate out of range and some checks 
  below expected concentration, but not by much - run okay.",NA
"88","COMPASS: Synoptic","CB","GCW","WC","C",20,"202405_GCW_WC_LysC_20cm",2024,5,23,NA,NA,-0.2012,-16.7513112979769,"blank is ≥ 25% of sample value",0.4515,32.2345734541327,"","6/2/2024 10:20:18 PM","Samples were put in the wrong vials, so 
  MSM_202405_UP_LysA_ was switched to MSM_202405_UP_LysB_, 
  MSM_202405_UP_LysB_ was switched to MSM_202405_UP_LysC_, 
  MSM_202405_UP_LysC_ was switched to MSM_202405_UP_LysA_.
  Second NPOC Curve did not look good. One duplicate out of range and some checks 
  below expected concentration, but not by much - run okay.",NA
"89","COMPASS: Synoptic","CB","GCW","WC","C",45,"202405_GCW_WC_LysC_45cm",2024,5,23,NA,NA,13.04,1085.67146782116,"",1.061,75.7494627571091,"","6/2/2024 10:46:40 PM","Samples were put in the wrong vials, so 
  MSM_202405_UP_LysA_ was switched to MSM_202405_UP_LysB_, 
  MSM_202405_UP_LysB_ was switched to MSM_202405_UP_LysC_, 
  MSM_202405_UP_LysC_ was switched to MSM_202405_UP_LysA_.
  Second NPOC Curve did not look good. One duplicate out of range and some checks 
  below expected concentration, but not by much - run okay.",NA
"90","COMPASS: Synoptic","CB","SWH","SW","A",0,"202405_SWH_SW_A",2024,5,15,NA,NA,5.148,428.60711014903,"",0.474,33.8409475465313,"","6/1/2024 2:52:28 PM","Samples were put in the wrong vials, so 
  MSM_202405_UP_LysA_ was switched to MSM_202405_UP_LysB_, 
  MSM_202405_UP_LysB_ was switched to MSM_202405_UP_LysC_, 
  MSM_202405_UP_LysC_ was switched to MSM_202405_UP_LysA_.
  Second NPOC Curve did not look good. One duplicate out of range and some checks 
  below expected concentration, but not by much - run okay.",NA
"91","COMPASS: Synoptic","CB","SWH","SW","B",0,"202405_SWH_SW_B",2024,5,15,NA,NA,4.959,412.871534426775,"",0.4468,31.8990197548316,"","6/1/2024 3:19:13 PM","Samples were put in the wrong vials, so 
  MSM_202405_UP_LysA_ was switched to MSM_202405_UP_LysB_, 
  MSM_202405_UP_LysB_ was switched to MSM_202405_UP_LysC_, 
  MSM_202405_UP_LysC_ was switched to MSM_202405_UP_LysA_.
  Second NPOC Curve did not look good. One duplicate out of range and some checks 
  below expected concentration, but not by much - run okay.",NA
"92","COMPASS: Synoptic","CB","SWH","SW","C",0,"202405_SWH_SW_C",2024,5,15,NA,NA,4.993,415.702272916493,"",0.4185,29.8785581186147,"","6/1/2024 3:42:56 PM","Samples were put in the wrong vials, so 
  MSM_202405_UP_LysA_ was switched to MSM_202405_UP_LysB_, 
  MSM_202405_UP_LysB_ was switched to MSM_202405_UP_LysC_, 
  MSM_202405_UP_LysC_ was switched to MSM_202405_UP_LysA_.
  Second NPOC Curve did not look good. One duplicate out of range and some checks 
  below expected concentration, but not by much - run okay.",NA
"93","COMPASS: Synoptic","CB","GWI","SW","A",0,"202405_GWI_SW_A",2024,5,16,NA,NA,5.912,492.215469153276,"",0.4142,29.5715621809563,"","6/2/2024 3:09:36 AM","Samples were put in the wrong vials, so 
  MSM_202405_UP_LysA_ was switched to MSM_202405_UP_LysB_, 
  MSM_202405_UP_LysB_ was switched to MSM_202405_UP_LysC_, 
  MSM_202405_UP_LysC_ was switched to MSM_202405_UP_LysA_.
  Second NPOC Curve did not look good. One duplicate out of range and some checks 
  below expected concentration, but not by much - run okay.",NA
"94","COMPASS: Synoptic","CB","GWI","SW","B",0,"202405_GWI_SW_B",2024,5,16,NA,NA,5.894,490.716842894014,"",0.3852,27.5011244618647,"","6/2/2024 3:31:13 AM","Samples were put in the wrong vials, so 
  MSM_202405_UP_LysA_ was switched to MSM_202405_UP_LysB_, 
  MSM_202405_UP_LysB_ was switched to MSM_202405_UP_LysC_, 
  MSM_202405_UP_LysC_ was switched to MSM_202405_UP_LysA_.
  Second NPOC Curve did not look good. One duplicate out of range and some checks 
  below expected concentration, but not by much - run okay.",NA
"95","COMPASS: Synoptic","CB","GWI","SW","C",0,"202405_GWI_SW_C",2024,5,16,NA,NA,5.57,463.741570227292,"",0.3805,27.1655707625636,"","6/2/2024 5:06:59 AM","Samples were put in the wrong vials, so 
  MSM_202405_UP_LysA_ was switched to MSM_202405_UP_LysB_, 
  MSM_202405_UP_LysB_ was switched to MSM_202405_UP_LysC_, 
  MSM_202405_UP_LysC_ was switched to MSM_202405_UP_LysA_.
  Second NPOC Curve did not look good. One duplicate out of range and some checks 
  below expected concentration, but not by much - run okay.",NA
"96","COMPASS: Synoptic","CB","MSM","SW","A",0,"202405_MSM_SW_A",2024,5,21,NA,NA,7.269,605.195237698776,"",0.5596,39.9523085380568,"","6/2/2024 3:24:35 PM","Samples were put in the wrong vials, so 
  MSM_202405_UP_LysA_ was switched to MSM_202405_UP_LysB_, 
  MSM_202405_UP_LysB_ was switched to MSM_202405_UP_LysC_, 
  MSM_202405_UP_LysC_ was switched to MSM_202405_UP_LysA_.
  Second NPOC Curve did not look good. One duplicate out of range and some checks 
  below expected concentration, but not by much - run okay.",NA
"97","COMPASS: Synoptic","CB","MSM","SW","B",0,"202405_MSM_SW_B",2024,5,21,NA,NA,6.998,582.632586795438,"",0.5423,38.7171853470125,"","6/2/2024 4:15:06 PM","Samples were put in the wrong vials, so 
  MSM_202405_UP_LysA_ was switched to MSM_202405_UP_LysB_, 
  MSM_202405_UP_LysB_ was switched to MSM_202405_UP_LysC_, 
  MSM_202405_UP_LysC_ was switched to MSM_202405_UP_LysA_.
  Second NPOC Curve did not look good. One duplicate out of range and some checks 
  below expected concentration, but not by much - run okay.",NA
"98","COMPASS: Synoptic","CB","MSM","SW","C",0,"202405_MSM_SW_C",2024,5,21,NA,NA,-0.1941,-16.1601864957123,"blank is ≥ 25% of sample value",0.5889,42.0441645783803,"","6/2/2024 4:40:04 PM","Samples were put in the wrong vials, so 
  MSM_202405_UP_LysA_ was switched to MSM_202405_UP_LysB_, 
  MSM_202405_UP_LysB_ was switched to MSM_202405_UP_LysC_, 
  MSM_202405_UP_LysC_ was switched to MSM_202405_UP_LysA_.
  Second NPOC Curve did not look good. One duplicate out of range and some checks 
  below expected concentration, but not by much - run okay.",NA
"99","COMPASS: Synoptic","CB","GCW","SW","A",0,"202405_GCW_SW_A",2024,5,23,NA,NA,8.489,706.768795271002,"",0.285,20.3474051703827,"","6/2/2024 11:14:06 PM","Samples were put in the wrong vials, so 
  MSM_202405_UP_LysA_ was switched to MSM_202405_UP_LysB_, 
  MSM_202405_UP_LysB_ was switched to MSM_202405_UP_LysC_, 
  MSM_202405_UP_LysC_ was switched to MSM_202405_UP_LysA_.
  Second NPOC Curve did not look good. One duplicate out of range and some checks 
  below expected concentration, but not by much - run okay.",NA
"100","COMPASS: Synoptic","CB","GCW","SW","B",0,"202405_GCW_SW_B",2024,5,23,NA,NA,8.069,671.800849221547,"",0.3583,25.580614991397,"","6/2/2024 11:37:36 PM","Samples were put in the wrong vials, so 
  MSM_202405_UP_LysA_ was switched to MSM_202405_UP_LysB_, 
  MSM_202405_UP_LysB_ was switched to MSM_202405_UP_LysC_, 
  MSM_202405_UP_LysC_ was switched to MSM_202405_UP_LysA_.
  Second NPOC Curve did not look good. One duplicate out of range and some checks 
  below expected concentration, but not by much - run okay.",NA
"101","COMPASS: Synoptic","CB","GCW","SW","C",0,"202405_GCW_SW_C",2024,5,23,NA,NA,-0.1982,-16.5015402547665,"blank is ≥ 25% of sample value",-0.00266,-0.189909114923572,"blank is ≥ 25% of sample value","6/2/2024 11:54:29 PM","Samples were put in the wrong vials, so 
  MSM_202405_UP_LysA_ was switched to MSM_202405_UP_LysB_, 
  MSM_202405_UP_LysB_ was switched to MSM_202405_UP_LysC_, 
  MSM_202405_UP_LysC_ was switched to MSM_202405_UP_LysA_.
  Second NPOC Curve did not look good. One duplicate out of range and some checks 
  below expected concentration, but not by much - run okay.",NA
"102","COMPASS: Synoptic","CB","SWH","UP","A",10,"202406_SWH_UP_LysA_10cm",2024,6,26,NA,NA,10.25,853.384397635501,"",0.4833,34.5049155047227,"","6/29/2024 6:44:46 PM","Couple of samples are above the top standard. Accidentally put in 2023 rather
    than 2024, so that is changed programmatically in this code.",NA
"103","COMPASS: Synoptic","CB","SWH","UP","A",20,"202406_SWH_UP_LysA_20cm",2024,6,26,NA,NA,8.057,670.801765048705,"",0.4038,28.8290603782476,"","6/29/2024 7:09:08 PM","Couple of samples are above the top standard. Accidentally put in 2023 rather
    than 2024, so that is changed programmatically in this code.",NA
"104","COMPASS: Synoptic","CB","SWH","UP","A",45,"202406_SWH_UP_LysA_45cm",2024,6,26,NA,NA,14.69,1223.04554158688,"",0.541,38.6243726216739,"","6/29/2024 7:34:09 PM","Couple of samples are above the top standard. Accidentally put in 2023 rather
    than 2024, so that is changed programmatically in this code.",NA
"105","COMPASS: Synoptic","CB","SWH","UP","B",10,"202406_SWH_UP_LysB_10cm",2024,6,26,NA,NA,20.5,1706.768795271,"",0.7361,52.5534208628728,"","6/29/2024 7:56:34 PM","Couple of samples are above the top standard. Accidentally put in 2023 rather
    than 2024, so that is changed programmatically in this code.",NA
"106","COMPASS: Synoptic","CB","SWH","UP","B",20,"202406_SWH_UP_LysB_20cm",2024,6,26,NA,NA,17.9,1490.300557822,"",0.8948,63.8837127945912,"","6/29/2024 8:18:55 PM","Couple of samples are above the top standard. Accidentally put in 2023 rather
    than 2024, so that is changed programmatically in this code.",NA
"107","COMPASS: Synoptic","CB","SWH","UP","B",45,"202406_SWH_UP_LysB_45cm",2024,6,26,NA,NA,29.69,2471.90075763883,"",0.9551,68.1887953622195,"","6/29/2024 8:44:15 PM","Couple of samples are above the top standard. Accidentally put in 2023 rather
    than 2024, so that is changed programmatically in this code.",NA
"108","COMPASS: Synoptic","CB","SWH","UP","C",10,"202406_SWH_UP_LysC_10cm",2024,6,26,NA,NA,24.11,2007.3266172675,"",0.8482,60.5567335632233,"","6/29/2024 9:08:45 PM","Couple of samples are above the top standard. Accidentally put in 2023 rather
    than 2024, so that is changed programmatically in this code.",NA
"109","COMPASS: Synoptic","CB","SWH","UP","C",20,"202406_SWH_UP_LysC_20cm",2024,6,26,NA,NA,21.23,1767.54641578553,"",0.9012,64.3406369808734,"","6/29/2024 9:36:28 PM","Couple of samples are above the top standard. Accidentally put in 2023 rather
    than 2024, so that is changed programmatically in this code.",NA
"110","COMPASS: Synoptic","CB","SWH","UP","C",45,"202406_SWH_UP_LysC_45cm",2024,6,26,NA,NA,25.8,2148.03097160936,"",0.9094,64.9260710945476,"","6/29/2024 9:53:04 PM","Couple of samples are above the top standard. Accidentally put in 2023 rather
    than 2024, so that is changed programmatically in this code.",NA
"111","COMPASS: Synoptic","CB","SWH","SWAMP","A",10,"202406_SWH_SWAMP_LysA_10cm",2024,6,26,NA,NA,13.84,1152.27707934393,"",0.6162,43.9932318104907,"","6/29/2024 11:22:31 PM","Couple of samples are above the top standard. Accidentally put in 2023 rather
    than 2024, so that is changed programmatically in this code.",NA
"112","COMPASS: Synoptic","CB","SWH","SWAMP","A",20,"202406_SWH_SWAMP_LysA_20cm",2024,6,26,NA,NA,10.65,886.687203396886,"",0.6169,44.0432078933653,"","6/29/2024 11:45:44 PM","Couple of samples are above the top standard. Accidentally put in 2023 rather
    than 2024, so that is changed programmatically in this code.",NA
"113","COMPASS: Synoptic","CB","SWH","SWAMP","A",45,"202406_SWH_SWAMP_LysA_45cm",2024,6,26,NA,NA,17.22,1433.68578802764,"",1.007,71.8941649353524,"","6/30/2024 12:08:58 AM","Couple of samples are above the top standard. Accidentally put in 2023 rather
    than 2024, so that is changed programmatically in this code.",NA
"114","COMPASS: Synoptic","CB","SWH","SWAMP","B",10,"202406_SWH_SWAMP_LysB_10cm",2024,6,26,NA,NA,116.5,9699.4421780035,"value above cal curve",4.385,313.064462007468,"value above cal curve","6/30/2024 12:26:51 AM","Couple of samples are above the top standard. Accidentally put in 2023 rather
    than 2024, so that is changed programmatically in this code.",NA
"115","COMPASS: Synoptic","CB","SWH","SWAMP","B",20,"202406_SWH_SWAMP_LysB_20cm",2024,6,26,NA,NA,25.1,2089.75106152693,"",1.498,106.948817351696,"","6/30/2024 12:51:28 AM","Couple of samples are above the top standard. Accidentally put in 2023 rather
    than 2024, so that is changed programmatically in this code.",NA
"116","COMPASS: Synoptic","CB","SWH","SWAMP","B",45,"202406_SWH_SWAMP_LysB_45cm",2024,6,26,NA,NA,7.031,585.380068270752,"",0.7005,50.0117800766776,"","6/30/2024 1:14:27 AM","Couple of samples are above the top standard. Accidentally put in 2023 rather
    than 2024, so that is changed programmatically in this code.",NA
"117","COMPASS: Synoptic","CB","SWH","SWAMP","C",10,"202406_SWH_SWAMP_LysC_10cm",2024,6,26,NA,NA,9.689,806.677212555158,"",0.4293,30.649617682966,"","6/30/2024 1:38:37 AM","Couple of samples are above the top standard. Accidentally put in 2023 rather
    than 2024, so that is changed programmatically in this code.",NA
"118","COMPASS: Synoptic","CB","SWH","SWAMP","C",20,"202406_SWH_SWAMP_LysC_20cm",2024,6,26,NA,NA,12.84,1069.02006494047,"",0.6491,46.342107705598,"","6/30/2024 2:01:53 AM","Couple of samples are above the top standard. Accidentally put in 2023 rather
    than 2024, so that is changed programmatically in this code.",NA
"119","COMPASS: Synoptic","CB","SWH","SWAMP","C",45,"202406_SWH_SWAMP_LysC_45cm",2024,6,26,NA,NA,15.93,1326.28423944717,"",0.8413,60.0641121748877,"","6/30/2024 2:26:41 AM","Couple of samples are above the top standard. Accidentally put in 2023 rather
    than 2024, so that is changed programmatically in this code.",NA
"120","COMPASS: Synoptic","CB","SWH","TR","A",10,"202406_SWH_TR_LysA_10cm",2024,6,26,NA,NA,20.53,1709.26650570311,"",1.747,124.726023974241,"","6/30/2024 3:55:40 AM","Couple of samples are above the top standard. Accidentally put in 2023 rather
    than 2024, so that is changed programmatically in this code.",NA
"121","COMPASS: Synoptic","CB","SWH","TR","A",20,"202406_SWH_TR_LysA_20cm",2024,6,26,NA,NA,17.21,1432.85321788361,"",4.026,287.433870933196,"value above cal curve","6/30/2024 4:37:55 AM","Couple of samples are above the top standard. Accidentally put in 2023 rather
    than 2024, so that is changed programmatically in this code.",NA
"122","COMPASS: Synoptic","CB","SWH","TR","A",45,"202406_SWH_TR_LysA_45cm",2024,6,26,NA,NA,16.74,1393.72242111398,"",3.844,274.440089385794,"value above cal curve","6/30/2024 4:54:35 AM","Couple of samples are above the top standard. Accidentally put in 2023 rather
    than 2024, so that is changed programmatically in this code.",NA
"123","COMPASS: Synoptic","CB","SWH","TR","B",10,"202406_SWH_TR_LysB_10cm",2024,6,26,NA,NA,14.84,1235.5340937474,"",0.9902,70.6947389463614,"","6/30/2024 5:18:18 AM","Couple of samples are above the top standard. Accidentally put in 2023 rather
    than 2024, so that is changed programmatically in this code.",NA
"124","COMPASS: Synoptic","CB","SWH","TR","B",20,"202406_SWH_TR_LysB_20cm",2024,6,26,NA,NA,22.18,1846.64057946882,"",4.469,319.061591952423,"value above cal curve","6/30/2024 5:38:32 AM","Couple of samples are above the top standard. Accidentally put in 2023 rather
    than 2024, so that is changed programmatically in this code.",NA
"125","COMPASS: Synoptic","CB","SWH","TR","B",45,"202406_SWH_TR_LysB_45cm",2024,6,26,NA,NA,27.19,2263.75822163017,"",4.266,304.568527918782,"value above cal curve","6/30/2024 5:55:37 AM","Couple of samples are above the top standard. Accidentally put in 2023 rather
    than 2024, so that is changed programmatically in this code.",NA
"126","COMPASS: Synoptic","CB","SWH","TR","C",10,"202406_SWH_TR_LysC_10cm",2024,6,26,NA,NA,8.53,710.182332861544,"",0.5225,37.3035761457017,"","6/30/2024 6:19:44 AM","Couple of samples are above the top standard. Accidentally put in 2023 rather
    than 2024, so that is changed programmatically in this code.",NA
"127","COMPASS: Synoptic","CB","SWH","TR","C",20,"202406_SWH_TR_LysC_20cm",2024,6,26,NA,NA,15.44,1285.48830238948,"",2.325,165.991989547859,"","6/30/2024 6:39:52 AM","Couple of samples are above the top standard. Accidentally put in 2023 rather
    than 2024, so that is changed programmatically in this code.",NA
"128","COMPASS: Synoptic","CB","SWH","TR","C",45,"202406_SWH_TR_LysC_45cm",2024,6,26,NA,NA,19.11,1591.04154525019,"",2.651,189.266565286613,"","6/30/2024 7:04:11 AM","Couple of samples are above the top standard. Accidentally put in 2023 rather
    than 2024, so that is changed programmatically in this code.",NA
"129","COMPASS: Synoptic","CB","SWH","WC","A",10,"202406_SWH_WC_LysA_10cm",2024,6,26,NA,NA,19.6,1631.83748230788,"",1.006,71.8227705312458,"","6/30/2024 8:32:08 AM","Couple of samples are above the top standard. Accidentally put in 2023 rather
    than 2024, so that is changed programmatically in this code.",NA
"130","COMPASS: Synoptic","CB","SWH","WC","A",45,"202406_SWH_WC_LysA_45cm",2024,6,26,NA,NA,13.59,1131.46282574307,"",0.5882,41.9941884955057,"","6/30/2024 8:54:47 AM","Couple of samples are above the top standard. Accidentally put in 2023 rather
    than 2024, so that is changed programmatically in this code.",NA
"131","COMPASS: Synoptic","CB","SWH","WC","B",10,"202406_SWH_WC_LysB_10cm",2024,6,26,NA,NA,10.04,835.900424610773,"",0.5226,37.3107155861124,"","6/30/2024 9:17:20 AM","Couple of samples are above the top standard. Accidentally put in 2023 rather
    than 2024, so that is changed programmatically in this code.",NA
"132","COMPASS: Synoptic","CB","SWH","WC","B",20,"202406_SWH_WC_LysB_20cm",2024,6,26,NA,NA,15.97,1329.61452002331,"",0.6925,49.4406248438247,"","6/30/2024 9:41:21 AM","Couple of samples are above the top standard. Accidentally put in 2023 rather
    than 2024, so that is changed programmatically in this code.",NA
"133","COMPASS: Synoptic","CB","SWH","WC","C",10,"202406_SWH_WC_LysC_10cm",2024,6,26,NA,NA,10.42,867.53809008409,"",1.141,81.4610150856376,"","6/30/2024 10:05:31 AM","Couple of samples are above the top standard. Accidentally put in 2023 rather
    than 2024, so that is changed programmatically in this code.",NA
"134","COMPASS: Synoptic","CB","SWH","WC","C",20,"202406_SWH_WC_LysC_20cm",2024,6,26,NA,NA,18.56,1545.25018732828,"",0.8912,63.6266929398074,"","6/30/2024 10:49:21 AM","Couple of samples are above the top standard. Accidentally put in 2023 rather
    than 2024, so that is changed programmatically in this code.",NA
"135","COMPASS: Synoptic","CB","SWH","WC","C",45,"202406_SWH_WC_LysC_45cm",2024,6,26,NA,NA,15.88,1322.121388727,"",0.7257,51.8109190601641,"","6/30/2024 11:14:27 AM","Couple of samples are above the top standard. Accidentally put in 2023 rather
    than 2024, so that is changed programmatically in this code.",NA
"136","COMPASS: Synoptic","CB","SWH","SW","A",0,"202406_SWH_SW_A",2024,6,26,NA,NA,5.713,475.647323286987,"",0.4738,33.82666866571,"","6/30/2024 11:36:43 AM","Couple of samples are above the top standard. Accidentally put in 2023 rather
    than 2024, so that is changed programmatically in this code.",NA
"137","COMPASS: Synoptic","CB","SWH","SW","B",0,"202406_SWH_SW_B",2024,6,26,NA,NA,5.974,497.377404046291,"",0.4971,35.4901582813939,"","6/30/2024 11:59:18 AM","Couple of samples are above the top standard. Accidentally put in 2023 rather
    than 2024, so that is changed programmatically in this code.",NA
"138","COMPASS: Synoptic","CB","SWH","SW","C",0,"202406_SWH_SW_C",2024,6,26,NA,NA,5.902,491.382899009242,"",0.4867,34.7476564786852,"","6/30/2024 12:22:32 PM","Couple of samples are above the top standard. Accidentally put in 2023 rather
    than 2024, so that is changed programmatically in this code.",NA
"139","COMPASS: Synoptic","CB","MSM","UP","A",20,"202407_MSM_UP_LysA_20cm",2024,7,18,NA,NA,30.35,2526.85038714512,"",0.9968,71.165942013465,"","8/1/2024 7:36:03 AM","Couple of samples are above the top standard.",NA
"140","COMPASS: Synoptic","CB","MSM","UP","A",45,"202407_MSM_UP_LysA_45cm",2024,7,18,NA,NA,23.91,1990.67521438681,"",1.886,134.649846145059,"","8/1/2024 8:03:21 AM","Couple of samples are above the top standard.",NA
"141","COMPASS: Synoptic","CB","MSM","UP","B",10,"202407_MSM_UP_LysB_10cm",2024,7,18,NA,NA,29.54,2459.41220547831,"",0.8969,64.033641043215,"","8/1/2024 8:31:26 AM","Couple of samples are above the top standard.",NA
"142","COMPASS: Synoptic","CB","MSM","UP","B",45,"202407_MSM_UP_LysB_45cm",2024,7,18,NA,NA,23.24,1934.89301473649,"",1.223,87.3153562223793,"","8/1/2024 8:48:00 AM","Couple of samples are above the top standard.",NA
"143","COMPASS: Synoptic","CB","MSM","UP","C",10,"202407_MSM_UP_LysC_10cm",2024,7,18,NA,NA,33.15,2759.97002747482,"",0.9247,66.0184054773787,"","8/1/2024 9:16:30 AM","Couple of samples are above the top standard.",NA
"144","COMPASS: Synoptic","CB","MSM","UP","C",20,"202407_MSM_UP_LysC_20cm",2024,7,18,NA,NA,26.98,2246.27424860545,"",0.8438,60.2425981851542,"","8/1/2024 9:43:53 AM","Couple of samples are above the top standard.",NA
"145","COMPASS: Synoptic","CB","MSM","UP","C",45,"202407_MSM_UP_LysC_45cm",2024,7,18,NA,NA,22.93,1909.08334027142,"",2.069,147.715022096568,"","8/1/2024 10:11:01 AM","Couple of samples are above the top standard.",NA
"146","COMPASS: Synoptic","CB","SWH","UP","A",10,"202407_SWH_UP_LysA_10cm",2024,7,23,NA,NA,11.64,969.111647656315,"",0.5614,40.0808184654487,"","8/1/2024 8:23:36 PM","Couple of samples are above the top standard.",NA
"147","COMPASS: Synoptic","CB","SWH","UP","A",20,"202407_SWH_UP_LysA_20cm",2024,7,23,NA,NA,10.47,871.700940804263,"",0.4694,33.5125332876409,"","8/1/2024 10:12:12 PM","Couple of samples are above the top standard.",NA
"148","COMPASS: Synoptic","CB","SWH","UP","A",45,"202407_SWH_UP_LysA_45cm",2024,7,23,NA,NA,15.64,1302.13970527017,"",0.5888,42.0370251379697,"","8/1/2024 10:38:24 PM","Couple of samples are above the top standard.",NA
"149","COMPASS: Synoptic","CB","SWH","UP","B",10,"202407_SWH_UP_LysB_10cm",2024,7,23,NA,NA,26.99,2247.10681874948,"",0.8222,58.7004790564516,"","8/1/2024 11:06:17 PM","Couple of samples are above the top standard.",NA
"150","COMPASS: Synoptic","CB","SWH","UP","B",20,"202407_SWH_UP_LysB_20cm",2024,7,23,NA,NA,13.81,1149.77936891183,"",0.5357,38.2459822799089,"","8/1/2024 11:33:05 PM","Couple of samples are above the top standard.",NA
"151","COMPASS: Synoptic","CB","SWH","UP","B",45,"202407_SWH_UP_LysB_45cm",2024,7,23,NA,NA,35.32,2940.63774873033,"",1.057,75.4638851406827,"","8/2/2024 12:03:07 AM","Couple of samples are above the top standard.",NA
"152","COMPASS: Synoptic","CB","SWH","UP","C",20,"202407_SWH_UP_LysC_20cm",2024,7,23,NA,NA,19.18,1596.86953625843,"",0.6677,47.6700436219809,"","8/2/2024 12:29:56 AM","Couple of samples are above the top standard.",NA
"153","COMPASS: Synoptic","CB","SWH","UP","C",45,"202407_SWH_UP_LysC_45cm",2024,7,23,NA,NA,28.37,2362.00149862626,"",0.9438,67.3820385958149,"","8/2/2024 12:56:58 AM","Couple of samples are above the top standard.",NA
"154","COMPASS: Synoptic","CB","GWI","UP","A",10,"202407_GWI_UP_LysA_10cm",2024,7,25,NA,NA,50.04,4166.18100074931,"",1.35,96.3824455439183,"","8/2/2024 3:31:57 PM","Couple of samples are above the top standard.",NA
"155","COMPASS: Synoptic","CB","GWI","UP","A",45,"202407_GWI_UP_LysA_45cm",2024,7,25,NA,NA,32.3,2689.20156523187,"",1.06,75.6780683530025,"","8/2/2024 4:00:36 PM","Couple of samples are above the top standard.",NA
"156","COMPASS: Synoptic","CB","GWI","UP","B",10,"202407_GWI_UP_LysB_10cm",2024,7,25,NA,NA,62.75,5224.37765381733,"",1.501,107.163000564016,"","8/2/2024 4:28:50 PM","Couple of samples are above the top standard.",NA
"157","COMPASS: Synoptic","CB","GWI","UP","B",20,"202407_GWI_UP_LysB_20cm",2024,7,25,NA,NA,60.95,5074.5150278911,"",1.765,126.01112324816,"","8/2/2024 4:57:25 PM","Couple of samples are above the top standard.",NA
"158","COMPASS: Synoptic","CB","GWI","UP","B",45,"202407_GWI_UP_LysB_45cm",2024,7,25,NA,NA,34.26,2852.38531346266,"",1.326,94.6689798453597,"","8/2/2024 5:26:20 PM","Couple of samples are above the top standard.",NA
"159","COMPASS: Synoptic","CB","GWI","UP","C",20,"202407_GWI_UP_LysC_20cm",2024,7,25,NA,NA,75.02,6245.94122054783,"",2.189,156.282350589361,"","8/2/2024 5:44:19 PM","Couple of samples are above the top standard.",NA
"160","COMPASS: Synoptic","CB","SWH","SWAMP","A",10,"202407_SWH_SWAMP_LysA_10cm",2024,7,23,NA,NA,18,1498.62625926234,"",1.074,76.677590010495,"","8/2/2024 1:17:01 AM","Couple of samples are above the top standard.",NA
"161","COMPASS: Synoptic","CB","SWH","SWAMP","A",20,"202407_SWH_SWAMP_LysA_20cm",2024,7,23,NA,NA,11.48,955.790525351761,"",0.8252,58.9146622687714,"","8/2/2024 1:33:37 AM","Couple of samples are above the top standard.",NA
"162","COMPASS: Synoptic","CB","SWH","SWAMP","A",45,"202407_SWH_SWAMP_LysA_45cm",2024,7,23,NA,NA,12.16,1012.40529514612,"",1.007,71.8941649353524,"","8/2/2024 3:20:18 AM","Couple of samples are above the top standard.",NA
"163","COMPASS: Synoptic","CB","SWH","SWAMP","B",10,"202407_SWH_SWAMP_LysB_10cm",2024,7,23,NA,NA,106.3,8850.22063108817,"value above cal curve",4.263,304.354344706462,"value above cal curve","8/2/2024 3:39:43 AM","Couple of samples are above the top standard.",NA
"164","COMPASS: Synoptic","CB","SWH","SWAMP","B",20,"202407_SWH_SWAMP_LysB_20cm",2024,7,23,NA,NA,23.87,1987.34493381067,"",1.457,104.021646783325,"","8/2/2024 4:06:45 AM","Couple of samples are above the top standard.",NA
"165","COMPASS: Synoptic","CB","SWH","SWAMP","B",45,"202407_SWH_SWAMP_LysB_45cm",2024,7,23,NA,NA,7.177,597.535592373657,"",0.6391,45.628163664532,"","8/2/2024 4:34:06 AM","Couple of samples are above the top standard.",NA
"166","COMPASS: Synoptic","CB","SWH","SWAMP","C",10,"202407_SWH_SWAMP_LysC_10cm",2024,7,23,NA,NA,31.37,2611.77254183665,"",1.015,72.4653201682052,"","8/2/2024 5:02:30 AM","Couple of samples are above the top standard.",NA
"167","COMPASS: Synoptic","CB","SWH","SWAMP","C",20,"202407_SWH_SWAMP_LysC_20cm",2024,7,23,NA,NA,25.42,2116.39330613604,"",1.104,78.8194221336932,"","8/2/2024 5:29:26 AM","Couple of samples are above the top standard.",NA
"168","COMPASS: Synoptic","CB","SWH","SWAMP","C",45,"202407_SWH_SWAMP_LysC_45cm",2024,7,23,NA,NA,20.07,1670.96827907751,"",1.124,80.2473102158253,"","8/2/2024 5:54:00 AM","Couple of samples are above the top standard.",NA
"169","COMPASS: Synoptic","CB","GCW","TR","B",20,"202407_GCW_TR_LysB_20cm",2024,7,16,NA,NA,27.03,2250.43709932562,"",1.274,90.9564708318162,"","8/1/2024 12:48:45 AM","Couple of samples are above the top standard.",NA
"170","COMPASS: Synoptic","CB","MSM","TR","A",20,"202407_MSM_TR_LysA_20cm",2024,7,18,NA,NA,27.35,2277.07934393473,"",3.318,236.886632825719,"value above cal curve","8/1/2024 12:03:34 PM","Couple of samples are above the top standard.",NA
"171","COMPASS: Synoptic","CB","MSM","TR","A",45,"202407_MSM_TR_LysA_45cm",2024,7,18,NA,NA,17.14,1427.02522687536,"",1.6,114.23104657057,"","8/1/2024 12:20:23 PM","Couple of samples are above the top standard.",NA
"172","COMPASS: Synoptic","CB","MSM","TR","B",10,"202407_MSM_TR_LysB_10cm",2024,7,18,NA,NA,42.61,3547.58138373158,"",2.635,188.124254820907,"","8/1/2024 12:37:51 PM","Couple of samples are above the top standard.",NA
"173","COMPASS: Synoptic","CB","MSM","TR","B",20,"202407_MSM_TR_LysB_20cm",2024,7,18,NA,NA,60.23,5014.56997752061,"",4.308,307.567092891259,"value above cal curve","8/1/2024 1:02:53 PM","Couple of samples are above the top standard.",NA
"174","COMPASS: Synoptic","CB","MSM","TR","B",45,"202407_MSM_TR_LysB_45cm",2024,7,18,NA,NA,37.52,3123.80318041795,"",3.875,276.653315913099,"value above cal curve","8/1/2024 1:26:43 PM","Couple of samples are above the top standard.",NA
"175","COMPASS: Synoptic","CB","MSM","TR","C",10,"202407_MSM_TR_LysC_10cm",2024,7,18,NA,NA,32.73,2725.00208142536,"",2.53,180.627842389713,"","8/1/2024 1:43:21 PM","Couple of samples are above the top standard.",NA
"176","COMPASS: Synoptic","CB","MSM","TR","C",20,"202407_MSM_TR_LysC_20cm",2024,7,18,NA,NA,31.8,2647.57305803014,"",3.8,271.298735605103,"value above cal curve","8/1/2024 2:00:24 PM","Couple of samples are above the top standard.",NA
"177","COMPASS: Synoptic","CB","MSM","TR","C",45,"202407_MSM_TR_LysC_45cm",2024,7,18,NA,NA,19.81,1649.32145533261,"",2.259,161.279958876823,"","8/1/2024 2:17:10 PM","Couple of samples are above the top standard.",NA
"178","COMPASS: Synoptic","CB","SWH","TR","A",10,"202407_SWH_TR_LysA_10cm",2024,7,24,NA,NA,32.26,2685.87128465573,"",1.854,132.365225213648,"","8/2/2024 6:15:26 AM","Couple of samples are above the top standard.",NA
"179","COMPASS: Synoptic","CB","SWH","TR","A",20,"202407_SWH_TR_LysA_20cm",2024,7,24,NA,NA,19.33,1609.35808841895,"",4.791,342.05059007475,"value above cal curve","8/2/2024 6:33:05 AM","Couple of samples are above the top standard.",NA
"180","COMPASS: Synoptic","CB","SWH","TR","A",45,"202407_SWH_TR_LysA_45cm",2024,7,24,NA,NA,15.77,1312.96311714262,"",3.713,265.087422447829,"value above cal curve","8/2/2024 6:50:40 AM","Couple of samples are above the top standard.",NA
"181","COMPASS: Synoptic","CB","SWH","TR","B",10,"202407_SWH_TR_LysB_10cm",2024,7,24,NA,NA,20.54,1710.09907584714,"",1.723,123.012558275682,"","8/2/2024 7:07:33 AM","Couple of samples are above the top standard.",NA
"182","COMPASS: Synoptic","CB","SWH","TR","B",20,"202407_SWH_TR_LysB_20cm",2024,7,24,NA,NA,23.64,1968.19582049788,"",4.022,287.14829331677,"value above cal curve","8/2/2024 8:57:46 AM","Couple of samples are above the top standard.",NA
"183","COMPASS: Synoptic","CB","SWH","TR","B",45,"202407_SWH_TR_LysB_45cm",2024,7,24,NA,NA,21.79,1814.17034385147,"",5.385,384.458866114074,"value above cal curve","8/2/2024 9:14:30 AM","Couple of samples are above the top standard.",NA
"184","COMPASS: Synoptic","CB","SWH","TR","C",20,"202407_SWH_TR_LysC_20cm",2024,7,24,NA,NA,16.71,1391.22471068187,"",3.278,234.030856661455,"value above cal curve","8/2/2024 9:31:55 AM","Couple of samples are above the top standard.",NA
"185","COMPASS: Synoptic","CB","SWH","TR","C",45,"202407_SWH_TR_LysC_45cm",2024,7,24,NA,NA,15.01,1249.68778619599,"",3.768,269.014114673692,"value above cal curve","8/2/2024 9:49:02 AM","Couple of samples are above the top standard.",NA
"186","COMPASS: Synoptic","CB","SWH","TR","C",10,"202407_SWH_TR_LysC_10cm",2024,7,24,NA,NA,13.62,1133.96053617517,"",0.6904,49.2906965952009,"","8/2/2024 11:08:26 AM","Couple of samples are above the top standard.",NA
"187","COMPASS: Synoptic","CB","GWI","TR","A",10,"202407_GWI_TR_LysA_10cm",2024,7,25,NA,NA,49.95,4158.687869453,"",2.063,147.286655671928,"","8/2/2024 6:12:22 PM","Couple of samples are above the top standard.",NA
"188","COMPASS: Synoptic","CB","GWI","TR","A",20,"202407_GWI_TR_LysA_20cm",2024,7,25,NA,NA,66.02,5496.62809091666,"",2.12,151.356136706005,"","8/2/2024 6:40:24 PM","Couple of samples are above the top standard.",NA
"189","COMPASS: Synoptic","CB","GWI","TR","B",10,"202407_GWI_TR_LysB_10cm",2024,7,25,NA,NA,72.65,6048.62209641162,"",2.337,166.848722397139,"","8/2/2024 8:27:11 PM","Couple of samples are above the top standard.",NA
"190","COMPASS: Synoptic","CB","GWI","TR","B",20,"202407_GWI_TR_LysB_20cm",2024,7,25,NA,NA,72.68,6051.11980684373,"",2.418,172.631669129774,"","8/2/2024 8:49:10 PM","Couple of samples are above the top standard.",NA
"191","COMPASS: Synoptic","CB","GWI","TR","B",45,"202407_GWI_TR_LysB_45cm",2024,7,25,NA,NA,36.28,3020.56448255766,"",1.145,81.746592702064,"","8/2/2024 9:17:51 PM","Couple of samples are above the top standard.",NA
"192","COMPASS: Synoptic","CB","GWI","TR","C",10,"202407_GWI_TR_LysC_10cm",2024,7,25,NA,NA,74.74,6222.62925651486,"",2.109,150.570798260832,"","8/2/2024 9:45:43 PM","Couple of samples are above the top standard.",NA
"193","COMPASS: Synoptic","CB","GWI","TR","C",20,"202407_GWI_TR_LysC_20cm",2024,7,25,NA,NA,33.76,2810.75680626093,"",1.227,87.6009338388057,"","8/2/2024 10:13:27 PM","Couple of samples are above the top standard.",NA
"194","COMPASS: Synoptic","CB","GCW","WC","A",10,"202407_GCW_WC_LysA_10cm",2024,7,16,NA,NA,11.83,984.930480392973,"",1.161,82.8889031677697,"","8/1/2024 1:09:37 AM","Couple of samples are above the top standard.",NA
"195","COMPASS: Synoptic","CB","GCW","WC","A",20,"202407_GCW_WC_LysA_20cm",2024,7,16,NA,NA,13.61,1133.12796603114,"",2.347,167.562666438205,"","8/1/2024 1:36:15 AM","Couple of samples are above the top standard.",NA
"196","COMPASS: Synoptic","CB","GCW","WC","A",45,"202407_GCW_WC_LysA_45cm",2024,7,16,NA,NA,24.7,2056.44825576555,"",5.932,423.511605160388,"value above cal curve","8/1/2024 2:01:27 AM","Couple of samples are above the top standard.",NA
"197","COMPASS: Synoptic","CB","GCW","WC","B",10,"202407_GCW_WC_LysB_10cm",2024,7,16,NA,NA,11.63,968.279077512281,"",1.648,117.657977967687,"","8/1/2024 2:22:20 AM","Couple of samples are above the top standard.",NA
"198","COMPASS: Synoptic","CB","GCW","WC","B",20,"202407_GCW_WC_LysB_20cm",2024,7,16,NA,NA,12.94,1077.34576638082,"",3.279,234.102251065561,"value above cal curve","8/1/2024 2:51:22 AM","Couple of samples are above the top standard.",NA
"199","COMPASS: Synoptic","CB","GCW","WC","B",45,"202407_GCW_WC_LysB_45cm",2024,7,16,NA,NA,14.49,1206.39413870619,"",5.942,424.225549201454,"value above cal curve","8/1/2024 3:17:12 AM","Couple of samples are above the top standard.",NA
"200","COMPASS: Synoptic","CB","GCW","WC","C",10,"202407_GCW_WC_LysC_10cm",2024,7,16,NA,NA,7.618,634.251935725585,"",0.7509,53.6100580436505,"","8/1/2024 3:45:31 AM","Couple of samples are above the top standard.",NA
"201","COMPASS: Synoptic","CB","GCW","WC","C",20,"202407_GCW_WC_LysC_20cm",2024,7,16,NA,NA,6.695,557.405711431188,"",0.5026,35.8828275039802,"","8/1/2024 4:11:44 AM","Couple of samples are above the top standard.",NA
"202","COMPASS: Synoptic","CB","GCW","WC","C",45,"202407_GCW_WC_LysC_45cm",2024,7,16,NA,NA,10.19,848.388976771293,"",1.595,113.874074550037,"","8/1/2024 4:32:44 AM","Couple of samples are above the top standard.",NA
"203","COMPASS: Synoptic","CB","MSM","WC","A",10,"202407_MSM_WC_LysA_10cm",2024,7,18,NA,NA,14.81,1233.03638331529,"",1.243,88.7432443045114,"","8/1/2024 2:43:54 PM","Couple of samples are above the top standard.",NA
"204","COMPASS: Synoptic","CB","MSM","WC","A",20,"202407_MSM_WC_LysA_20cm",2024,7,18,NA,NA,18.82,1566.89701107318,"",1.797,128.295744179571,"","8/1/2024 4:16:57 PM","Couple of samples are above the top standard.",NA
"205","COMPASS: Synoptic","CB","MSM","WC","A",45,"202407_MSM_WC_LysA_45cm",2024,7,18,NA,NA,95.93,7986.84539172425,"",2.551,182.127124875952,"","8/1/2024 5:06:29 PM","Couple of samples are above the top standard.",NA
"206","COMPASS: Synoptic","CB","MSM","WC","B",10,"202407_MSM_WC_LysB_10cm",2024,7,18,NA,NA,17.67,1471.1514445092,"",2.13,152.070080747071,"","8/1/2024 5:29:20 PM","Couple of samples are above the top standard.",NA
"207","COMPASS: Synoptic","CB","MSM","WC","B",20,"202407_MSM_WC_LysB_20cm",2024,7,18,NA,NA,22.91,1907.41819998335,"",2.706,193.193257512476,"","8/1/2024 5:56:17 PM","Couple of samples are above the top standard.",NA
"208","COMPASS: Synoptic","CB","MSM","WC","C",10,"202407_MSM_WC_LysC_10cm",2024,7,18,NA,NA,16.92,1408.7086837066,"",3.249,231.960418942363,"value above cal curve","8/1/2024 6:17:12 PM","Couple of samples are above the top standard.",NA
"209","COMPASS: Synoptic","CB","MSM","WC","C",20,"202407_MSM_WC_LysC_20cm",2024,7,18,NA,NA,37.94,3158.7711264674,"",4.427,316.063026979945,"value above cal curve","8/1/2024 6:34:46 PM","Couple of samples are above the top standard.",NA
"210","COMPASS: Synoptic","CB","SWH","WC","A",45,"202407_SWH_WC_LysA_45cm",2024,7,24,NA,NA,14.06,1170.5936225127,"",0.599,42.7652480598571,"","8/2/2024 10:16:12 AM","Couple of samples are above the top standard.",NA
"211","COMPASS: Synoptic","CB","SWH","WC","B",10,"202407_SWH_WC_LysB_10cm",2024,7,24,NA,NA,7.821,651.153109649488,"",0.4798,34.2550350903496,"","8/2/2024 10:41:02 AM","Couple of samples are above the top standard.",NA
"212","COMPASS: Synoptic","CB","SWH","WC","C",10,"202407_SWH_WC_LysC_10cm",2024,7,24,NA,NA,8.497,707.434851386229,"",0.6343,45.2854705248203,"","8/2/2024 11:24:43 AM","Couple of samples are above the top standard.",NA
"213","COMPASS: Synoptic","CB","SWH","WC","C",20,"202407_SWH_WC_LysC_20cm",2024,7,24,NA,NA,15.8,1315.46082757472,"",0.8539,60.963681666631,"","8/2/2024 11:52:08 AM","Couple of samples are above the top standard.",NA
"214","COMPASS: Synoptic","CB","SWH","WC","C",45,"202407_SWH_WC_LysC_45cm",2024,7,24,NA,NA,19.78,1646.82374490051,"",0.8994,64.2121270534816,"","8/2/2024 12:18:48 PM","Couple of samples are above the top standard.",NA
"215","COMPASS: Synoptic","CB","GWI","WC","A",10,"202407_GWI_WC_LysA_10cm",2024,7,25,NA,NA,34.26,2852.38531346266,"",1.817,129.723632261703,"","8/2/2024 10:30:22 PM","Couple of samples are above the top standard.",NA
"216","COMPASS: Synoptic","CB","GWI","WC","A",20,"202407_GWI_WC_LysA_20cm",2024,7,25,NA,NA,55.21,4596.61976521522,"",2.116,151.070559089579,"","8/2/2024 10:48:29 PM","Couple of samples are above the top standard.",NA
"217","COMPASS: Synoptic","CB","GWI","WC","A",45,"202407_GWI_WC_LysA_45cm",2024,7,25,NA,NA,39.33,3274.49837648822,"",1.725,123.155347083896,"","8/2/2024 11:18:20 PM","Couple of samples are above the top standard.",NA
"218","COMPASS: Synoptic","CB","GWI","WC","B",10,"202407_GWI_WC_LysB_10cm",2024,7,25,NA,NA,35.79,2979.76854549996,"",1.939,138.433749562709,"","8/2/2024 11:42:06 PM","Couple of samples are above the top standard.",NA
"219","COMPASS: Synoptic","CB","GWI","WC","B",20,"202407_GWI_WC_LysB_20cm",2024,7,25,NA,NA,38.24,3183.74823078844,"",1.781,127.153433713865,"","8/3/2024 12:09:48 AM","Couple of samples are above the top standard.",NA
"220","COMPASS: Synoptic","CB","GWI","WC","B",45,"202407_GWI_WC_LysB_45cm",2024,7,25,NA,NA,62.36,5191.90741819998,"",2.16,154.211912870269,"","8/3/2024 12:37:57 AM","Couple of samples are above the top standard.",NA
"221","COMPASS: Synoptic","CB","GWI","WC","C",20,"202407_GWI_WC_LysC_20cm",2024,7,25,NA,NA,44.88,3736.57480642744,"",1.846,131.794069980795,"","8/3/2024 1:00:20 AM","Couple of samples are above the top standard.",NA
"222","COMPASS: Synoptic","CB","GCW","SW","A",0,"202407_GCW_SW_A",2024,7,16,NA,NA,5.976,497.543918075098,"",0.6337,45.2426338823563,"","8/1/2024 6:14:53 AM","Couple of samples are above the top standard.",NA
"223","COMPASS: Synoptic","CB","GCW","SW","B",0,"202407_GCW_SW_B",2024,7,16,NA,NA,6.157,512.613437682125,"",0.5855,41.8014236044179,"","8/1/2024 6:42:25 AM","Couple of samples are above the top standard.",NA
"224","COMPASS: Synoptic","CB","GCW","SW","C",0,"202407_GCW_SW_C",2024,7,16,NA,NA,6.058,504.370993256182,"",0.5528,39.4668265901319,"","8/1/2024 7:09:04 AM","Couple of samples are above the top standard.",NA
"225","COMPASS: Synoptic","CB","MSM","SW","A",0,"202407_MSM_SW_A",2024,7,18,NA,NA,6.445,536.591457830322,"",0.63,44.9784745871619,"","8/1/2024 7:01:39 PM","Couple of samples are above the top standard.",NA
"226","COMPASS: Synoptic","CB","MSM","SW","B",0,"202407_MSM_SW_B",2024,7,18,NA,NA,6.37,530.347181750063,"",0.671,47.9056451555327,"","8/1/2024 7:29:13 PM","Couple of samples are above the top standard.",NA
"227","COMPASS: Synoptic","CB","MSM","SW","C",0,"202407_MSM_SW_C",2024,7,18,NA,NA,6.467,538.423112147198,"",0.657,46.9061234980402,"","8/1/2024 7:55:21 PM","Couple of samples are above the top standard.",NA
"228","COMPASS: Synoptic","CB","SWH","SW","A",0,"202407_SWH_SW_A",2024,7,24,NA,NA,5.894,490.716842894014,"",0.3778,26.9728058714758,"","8/2/2024 2:06:28 PM","Couple of samples are above the top standard.",NA
"229","COMPASS: Synoptic","CB","SWH","SW","B",0,"202407_SWH_SW_B",2024,7,24,NA,NA,6.07,505.370077429023,"",0.4986,35.5972498875538,"","8/2/2024 2:33:01 PM","Couple of samples are above the top standard.",NA
"230","COMPASS: Synoptic","CB","SWH","SW","C",0,"202407_SWH_SW_C",2024,7,24,NA,NA,6.054,504.037965198568,"",0.4196,29.9570919631319,"","8/2/2024 3:01:28 PM","Couple of samples are above the top standard.",NA
"231","COMPASS: Synoptic","CB","GWI","SW","A",0,"202407_GWI_SW_A",2024,7,25,NA,NA,4.015,334.276912829906,"",0.4438,31.6848365425118,"","8/3/2024 1:27:00 AM","Couple of samples are above the top standard.",NA
"232","COMPASS: Synoptic","CB","GWI","SW","B",0,"202407_GWI_SW_B",2024,7,25,NA,NA,3.965,330.114062109733,"",0.4726,33.7409953807821,"","8/3/2024 1:54:32 AM","Couple of samples are above the top standard.",NA
"233","COMPASS: Synoptic","CB","GWI","SW","C",0,"202407_GWI_SW_C",2024,7,25,NA,NA,3.817,317.79202397802,"",0.4186,29.8856975590253,"","8/3/2024 2:18:38 AM","Couple of samples are above the top standard.",NA
"234","COMPASS: Synoptic","CB","SWH","UP","A",10,"202408_SWH_UP_LysA_10cm",2024,8,20,NA,NA,12.17,1013.23786529015,"NPOC checks out of range",0.4036,28.8147814974262,"","8/28/2024 2:05:47 AM","Some samples above standard curve. Check standards for NPOC out of range.",NA
"235","COMPASS: Synoptic","CB","SWH","UP","A",20,"202408_SWH_UP_LysA_20cm",2024,8,20,NA,NA,10.97,913.329448005995,"NPOC checks out of range",0.3824,27.3012201303662,"","8/28/2024 2:35:41 AM","Some samples above standard curve. Check standards for NPOC out of range.",NA
"236","COMPASS: Synoptic","CB","SWH","UP","A",45,"202408_SWH_UP_LysA_45cm",2024,8,20,NA,NA,19.02,1583.54841395388,"NPOC checks out of range",0.6092,43.4934709817445,"","8/28/2024 3:07:06 AM","Some samples above standard curve. Check standards for NPOC out of range.",NA
"237","COMPASS: Synoptic","CB","SWH","UP","B",10,"202408_SWH_UP_LysB_10cm",2024,8,20,NA,NA,34.86,2902.33952210474,"NPOC checks out of range",0.936,66.8251622437833,"","8/28/2024 3:36:43 AM","Some samples above standard curve. Check standards for NPOC out of range.",NA
"238","COMPASS: Synoptic","CB","SWH","UP","B",20,"202408_SWH_UP_LysB_20cm",2024,8,20,NA,NA,17.96,1495.2959786862,"NPOC checks out of range",0.6905,49.2978360356115,"","8/28/2024 4:06:36 AM","Some samples above standard curve. Check standards for NPOC out of range.",NA
"239","COMPASS: Synoptic","CB","SWH","UP","B",45,"202408_SWH_UP_LysB_45cm",2024,8,20,NA,NA,38.85,3234.53500957456,"NPOC checks out of range",1.056,75.3924907365761,"","8/28/2024 4:37:04 AM","Some samples above standard curve. Check standards for NPOC out of range.",NA
"240","COMPASS: Synoptic","CB","SWH","UP","C",10,"202408_SWH_UP_LysC_10cm",2024,8,20,NA,NA,39.57,3294.48005994505,"NPOC checks out of range",0.9501,67.8318233416865,"","8/28/2024 5:10:37 AM","Some samples above standard curve. Check standards for NPOC out of range.",NA
"241","COMPASS: Synoptic","CB","SWH","UP","C",20,"202408_SWH_UP_LysC_20cm",2024,8,20,NA,NA,26.93,2242.11139788527,"NPOC checks out of range",0.8475,60.5067574803487,"","8/28/2024 5:39:04 AM","Some samples above standard curve. Check standards for NPOC out of range.",NA
"242","COMPASS: Synoptic","CB","SWH","UP","C",45,"202408_SWH_UP_LysC_45cm",2024,8,20,NA,NA,33.13,2758.30488718675,"NPOC checks out of range",0.9548,68.1673770409875,"","8/28/2024 6:08:58 AM","Some samples above standard curve. Check standards for NPOC out of range.",NA
"243","COMPASS: Synoptic","CB","SWH","SWAMP","A",10,"202408_SWH_SWAMP_LysA_10cm",2024,8,20,NA,NA,17.63,1467.82116393306,"NPOC checks out of range",0.746,53.2602254635282,"","8/28/2024 6:40:42 AM","Some samples above standard curve. Check standards for NPOC out of range.",NA
"244","COMPASS: Synoptic","CB","SWH","SWAMP","A",20,"202408_SWH_SWAMP_LysA_20cm",2024,8,20,NA,NA,14.01,1166.43077179252,"NPOC checks out of range",0.9175,65.5043657678111,"","8/28/2024 8:36:19 AM","Some samples above standard curve. Check standards for NPOC out of range.",NA
"245","COMPASS: Synoptic","CB","SWH","SWAMP","A",45,"202408_SWH_SWAMP_LysA_45cm",2024,8,20,NA,NA,11.08,922.487719590375,"NPOC checks out of range",1.047,74.7499410996166,"","8/28/2024 9:06:04 AM","Some samples above standard curve. Check standards for NPOC out of range.",NA
"246","COMPASS: Synoptic","CB","SWH","SWAMP","B",10,"202408_SWH_SWAMP_LysB_10cm",2024,8,20,NA,NA,111.4,9274.83140454583,"NPOC checks out of range; value above cal curve",4.721,337.052981787288,"value above cal curve","8/28/2024 9:33:32 AM","Some samples above standard curve. Check standards for NPOC out of range.",NA
"247","COMPASS: Synoptic","CB","SWH","SWAMP","B",20,"202408_SWH_SWAMP_LysB_20cm",2024,8,20,NA,NA,26.86,2236.28340687703,"NPOC checks out of range",2.035,145.287612356943,"","8/28/2024 10:03:13 AM","Some samples above standard curve. Check standards for NPOC out of range.",NA
"248","COMPASS: Synoptic","CB","SWH","SWAMP","B",45,"202408_SWH_SWAMP_LysB_45cm",2024,8,20,NA,NA,7.351,612.02231287986,"NPOC checks out of range",0.7199,51.3968315163457,"","8/28/2024 10:32:32 AM","Some samples above standard curve. Check standards for NPOC out of range.",NA
"249","COMPASS: Synoptic","CB","SWH","SWAMP","C",10,"202408_SWH_SWAMP_LysC_10cm",2024,8,20,NA,NA,16.79,1397.88527183415,"NPOC checks out of range",0.6342,45.2783310844096,"","8/28/2024 11:02:10 AM","Some samples above standard curve. Check standards for NPOC out of range.",NA
"250","COMPASS: Synoptic","CB","SWH","SWAMP","C",20,"202408_SWH_SWAMP_LysC_20cm",2024,8,20,NA,NA,16,1332.11223045542,"NPOC checks out of range",0.695,49.6191108540913,"","8/28/2024 11:31:42 AM","Some samples above standard curve. Check standards for NPOC out of range.",NA
"251","COMPASS: Synoptic","CB","SWH","SWAMP","C",45,"202408_SWH_SWAMP_LysC_45cm",2024,8,20,NA,NA,18.37,1529.43135459162,"NPOC checks out of range",1.213,86.6014121813132,"","8/28/2024 11:56:03 AM","Some samples above standard curve. Check standards for NPOC out of range.",NA
"252","COMPASS: Synoptic","CB","SWH","TR","A",10,"202408_SWH_TR_LysA_10cm",2024,8,21,NA,NA,21.57,1795.85380068271,"NPOC checks out of range",1.366,97.524756009624,"","8/28/2024 12:25:11 PM","Some samples above standard curve. Check standards for NPOC out of range.",NA
"253","COMPASS: Synoptic","CB","SWH","TR","A",20,"202408_SWH_TR_LysA_20cm",2024,8,21,NA,NA,19.3,1606.86037798685,"NPOC checks out of range",2.694,192.336524663197,"","8/28/2024 12:49:48 PM","Some samples above standard curve. Check standards for NPOC out of range.",NA
"254","COMPASS: Synoptic","CB","SWH","TR","A",45,"202408_SWH_TR_LysA_45cm",2024,8,21,NA,NA,14.9,1240.52951461161,"NPOC checks out of range",2.529,180.556447985607,"","8/28/2024 2:46:24 PM","Some samples above standard curve. Check standards for NPOC out of range.",NA
"255","COMPASS: Synoptic","CB","SWH","TR","B",10,"202408_SWH_TR_LysB_10cm",2024,8,21,NA,NA,9.726,809.757722088086,"NPOC checks out of range",0.9647,68.8741816416429,"","8/28/2024 3:14:47 PM","Some samples above standard curve. Check standards for NPOC out of range.",NA
"256","COMPASS: Synoptic","CB","SWH","TR","B",20,"202408_SWH_TR_LysB_20cm",2024,8,21,NA,NA,18.85,1569.39472150529,"NPOC checks out of range",2.05,146.358528418543,"","8/28/2024 3:35:15 PM","Some samples above standard curve. Check standards for NPOC out of range.",NA
"257","COMPASS: Synoptic","CB","SWH","TR","B",45,"202408_SWH_TR_LysB_45cm",2024,8,21,NA,NA,17.88,1488.63541753393,"NPOC checks out of range",5.15,367.681181149022,"value above cal curve","8/28/2024 3:55:58 PM","Some samples above standard curve. Check standards for NPOC out of range.",NA
"258","COMPASS: Synoptic","CB","SWH","TR","C",10,"202408_SWH_TR_LysC_10cm",2024,8,21,NA,NA,10.95,911.664307717925,"NPOC checks out of range",0.5784,41.294523335261,"","8/28/2024 4:25:42 PM","Some samples above standard curve. Check standards for NPOC out of range.",NA
"259","COMPASS: Synoptic","CB","SWH","TR","C",20,"202408_SWH_TR_LysC_20cm",2024,8,21,NA,NA,11.46,954.125385063692,"NPOC checks out of range",3.171,226.391655422048,"value above cal curve","8/28/2024 4:50:03 PM","Some samples above standard curve. Check standards for NPOC out of range.",NA
"260","COMPASS: Synoptic","CB","SWH","TR","C",45,"202408_SWH_TR_LysC_45cm",2024,8,21,NA,NA,12.22,1017.40071601032,"NPOC checks out of range",4.16,297.000721083481,"value above cal curve","8/28/2024 5:19:50 PM","Some samples above standard curve. Check standards for NPOC out of range.",NA
"261","COMPASS: Synoptic","CB","SWH","WC","A",10,"202408_SWH_WC_LysA_10cm",2024,8,21,NA,NA,14.32,1192.2404462576,"NPOC checks out of range",0.8243,58.8504073050754,"","8/28/2024 5:50:07 PM","Some samples above standard curve. Check standards for NPOC out of range.",NA
"262","COMPASS: Synoptic","CB","SWH","WC","A",45,"202408_SWH_WC_LysA_45cm",2024,8,21,NA,NA,11.55,961.618516360003,"NPOC checks out of range",0.5388,38.4673049326394,"","8/28/2024 6:20:14 PM","Some samples above standard curve. Check standards for NPOC out of range.",NA
"263","COMPASS: Synoptic","CB","SWH","WC","B",10,"202408_SWH_WC_LysB_10cm",2024,8,21,NA,NA,7.383,614.686537340771,"NPOC checks out of range",0.3217,22.9675798010952,"","8/28/2024 6:50:30 PM","Some samples above standard curve. Check standards for NPOC out of range.",NA
"264","COMPASS: Synoptic","CB","SWH","WC","B",20,"202408_SWH_WC_LysB_20cm",2024,8,21,NA,NA,10.05,836.732994754808,"NPOC checks out of range",0.5332,38.0674962696424,"","8/28/2024 8:19:13 PM","Some samples above standard curve. Check standards for NPOC out of range.",NA
"265","COMPASS: Synoptic","CB","SWH","WC","C",10,"202408_SWH_WC_LysC_10cm",2024,8,21,NA,NA,6.484,539.838481392057,"NPOC checks out of range",0.4377,31.2493306774615,"","8/28/2024 8:48:28 PM","Some samples above standard curve. Check standards for NPOC out of range.",NA
"266","COMPASS: Synoptic","CB","SWH","WC","C",20,"202408_SWH_WC_LysC_20cm",2024,8,21,NA,NA,8.478,705.852968112564,"NPOC checks out of range",0.358,25.559196670165,"","8/28/2024 9:15:34 PM","Some samples above standard curve. Check standards for NPOC out of range.",NA
"267","COMPASS: Synoptic","CB","SWH","WC","C",45,"202408_SWH_WC_LysC_45cm",2024,8,21,NA,NA,15.31,1274.66489051703,"NPOC checks out of range",0.6946,49.5905530924486,"","8/28/2024 9:45:05 PM","Some samples above standard curve. Check standards for NPOC out of range.",NA
"268","COMPASS: Synoptic","CB","SWH","SW","A",0,"202408_SWH_SW_A",2024,8,21,NA,NA,5.09,423.778203313629,"NPOC checks out of range",0.3628,25.9018898098767,"","8/28/2024 10:12:10 PM","Some samples above standard curve. Check standards for NPOC out of range.",NA
"269","COMPASS: Synoptic","CB","SWH","SW","B",0,"202408_SWH_SW_B",2024,8,21,NA,NA,5.058,421.113978852718,"NPOC checks out of range",0.278,19.8476443416365,"","8/28/2024 10:40:01 PM","Some samples above standard curve. Check standards for NPOC out of range.",NA
"270","COMPASS: Synoptic","CB","SWH","SW","C",0,"202408_SWH_SW_C",2024,8,21,NA,NA,5.032,418.949296478228,"NPOC checks out of range",0.3011,21.4968550764991,"","8/28/2024 11:07:42 PM","Some samples above standard curve. Check standards for NPOC out of range.",NA
"271","COMPASS: Synoptic","CB","SWH","UP","A",10,"202409_SWH_UP_LysA_10cm",2024,9,24,"14:39","EDT",9.214,767.130130713513,"",0.3618,25.8304954057701,"","10/11/2024 3:06:16 PM","Instrument maintenance before this run, that is why the first standard 
    curve was off and the blanks decrease concentrations through the run. Some duplicates
    out of range.",""
"272","COMPASS: Synoptic","CB","SWH","UP","A",20,"202409_SWH_UP_LysA_20cm",2024,9,24,"14:45","EDT",8.529,710.09907584714,"",0.2183,15.5853984164721,"","10/11/2024 3:37:16 PM","Instrument maintenance before this run, that is why the first standard 
    curve was off and the blanks decrease concentrations through the run. Some duplicates
    out of range.",""
"273","COMPASS: Synoptic","CB","SWH","UP","A",45,"202409_SWH_UP_LysA_45cm",2024,9,24,"14:50","EDT",18.4,1531.92906502373,"",0.5812,41.4944276667595,"","10/11/2024 4:03:10 PM","Instrument maintenance before this run, that is why the first standard 
    curve was off and the blanks decrease concentrations through the run. Some duplicates
    out of range.",""
"274","COMPASS: Synoptic","CB","SWH","UP","B",10,"202409_SWH_UP_LysB_10cm",2024,9,24,"14:55","EDT",19.59,1631.00491216385,"",0.5859,41.8299813660605,"","10/11/2024 4:33:14 PM","Instrument maintenance before this run, that is why the first standard 
    curve was off and the blanks decrease concentrations through the run. Some duplicates
    out of range.",""
"275","COMPASS: Synoptic","CB","SWH","UP","B",20,"202409_SWH_UP_LysB_20cm",2024,9,24,"15:00","EDT",10.26,854.216967779535,"",0.4666,33.3126289561424,"","10/11/2024 5:03:04 PM","Instrument maintenance before this run, that is why the first standard 
    curve was off and the blanks decrease concentrations through the run. Some duplicates
    out of range.",""
"276","COMPASS: Synoptic","CB","SWH","UP","B",45,"202409_SWH_UP_LysB_45cm",2024,9,24,"15:05","EDT",42.67,3552.57680459579,"",1.125,80.3187046199319,"","10/11/2024 5:27:24 PM","Instrument maintenance before this run, that is why the first standard 
    curve was off and the blanks decrease concentrations through the run. Some duplicates
    out of range.",""
"277","COMPASS: Synoptic","CB","SWH","UP","C",10,"202409_SWH_UP_LysC_10cm",2024,9,24,"15:10","EDT",17.17,1429.52293730747,"",0.7735,55.2235715764598,"","10/11/2024 5:59:36 PM","Instrument maintenance before this run, that is why the first standard 
    curve was off and the blanks decrease concentrations through the run. Some duplicates
    out of range.",""
"278","COMPASS: Synoptic","CB","SWH","UP","C",20,"202409_SWH_UP_LysC_20cm",2024,9,24,"15:15","EDT",16.82,1400.38298226626,"",0.922,65.8256405862909,"","10/11/2024 7:54:15 PM","Instrument maintenance before this run, that is why the first standard 
    curve was off and the blanks decrease concentrations through the run. Some duplicates
    out of range.",""
"279","COMPASS: Synoptic","CB","SWH","UP","C",45,"202409_SWH_UP_LysC_45cm",2024,9,24,"15:29","EDT",39.48,3286.98692864874,"",0.9944,70.9945954436091,"","10/11/2024 8:25:58 PM","Instrument maintenance before this run, that is why the first standard 
    curve was off and the blanks decrease concentrations through the run. Some duplicates
    out of range.",""
"280","COMPASS: Synoptic","CB","GWI","UP","A",20,"202409_GWI_UP_LysA_20cm",2024,9,26,"12:50","EDT",21.53,1792.52352010657,"",0.548,39.1241334504202,"","10/12/2024 12:18:20 PM","Instrument maintenance before this run, that is why the first standard 
    curve was off and the blanks decrease concentrations through the run. Some duplicates
    out of range.",""
"281","COMPASS: Synoptic","CB","GWI","UP","A",45,"202409_GWI_UP_LysA_45cm",2024,9,26,"12:55","EDT",38.46,3202.06477395721,"",0.7417,52.9532295258698,"","10/12/2024 12:52:53 PM","Instrument maintenance before this run, that is why the first standard 
    curve was off and the blanks decrease concentrations through the run. Some duplicates
    out of range.",""
"282","COMPASS: Synoptic","CB","GWI","UP","B",10,"202409_GWI_UP_LysB_10cm",2024,9,26,"13:00","EDT",60.79,5061.19390558655,"",-0.00416,-0.297000721083481,"blank is ≥ 25% of sample value","10/12/2024 3:25:23 PM","Instrument maintenance before this run, that is why the first standard 
    curve was off and the blanks decrease concentrations through the run. Some duplicates
    out of range.",""
"283","COMPASS: Synoptic","CB","GWI","UP","B",20,"202409_GWI_UP_LysB_20cm",2024,9,26,"13:05","EDT",55.44,4615.76887852802,"",0.8378,59.8142317605146,"","10/12/2024 4:04:04 PM","Instrument maintenance before this run, that is why the first standard 
    curve was off and the blanks decrease concentrations through the run. Some duplicates
    out of range.",""
"284","COMPASS: Synoptic","CB","GWI","UP","B",45,"202409_GWI_UP_LysB_45cm",2024,9,26,"13:10","EDT",58.39,4861.37707101823,"",0.9445,67.4320146786895,"","10/12/2024 4:45:21 PM","Instrument maintenance before this run, that is why the first standard 
    curve was off and the blanks decrease concentrations through the run. Some duplicates
    out of range.",""
"285","COMPASS: Synoptic","CB","GWI","UP","C",20,"202409_GWI_UP_LysC_20cm",2024,9,26,"13:20","EDT",78.33,6521.5219382233,"",-0.00923,-0.658970349903975,"blank is ≥ 25% of sample value","10/12/2024 5:27:24 PM","Instrument maintenance before this run, that is why the first standard 
    curve was off and the blanks decrease concentrations through the run. Some duplicates
    out of range.",""
"286","COMPASS: Synoptic","CB","SWH","SWAMP","A",10,"202409_SWH_SWAMP_LysA_10cm",2024,9,24,"15:36","EDT",3.457,287.819498792773,"blank is ≥ 25% of sample value",0.5967,42.6010409304119,"","10/11/2024 8:55:47 PM","Instrument maintenance before this run, that is why the first standard 
    curve was off and the blanks decrease concentrations through the run. Some duplicates
    out of range.",""
"287","COMPASS: Synoptic","CB","SWH","SWAMP","A",20,"202409_SWH_SWAMP_LysA_20cm",2024,9,24,"15:40","EDT",2.986,248.605445008742,"blank is ≥ 25% of sample value",1.113,79.4619717706526,"","10/11/2024 9:26:22 PM","Instrument maintenance before this run, that is why the first standard 
    curve was off and the blanks decrease concentrations through the run. Some duplicates
    out of range.",""
"288","COMPASS: Synoptic","CB","SWH","SWAMP","A",45,"202409_SWH_SWAMP_LysA_45cm",2024,9,24,"15:45","EDT",9.209,766.713845641495,"",0.9114,65.0688599027608,"","10/11/2024 9:57:32 PM","Instrument maintenance before this run, that is why the first standard 
    curve was off and the blanks decrease concentrations through the run. Some duplicates
    out of range.",""
"289","COMPASS: Synoptic","CB","SWH","SWAMP","B",10,"202409_SWH_SWAMP_LysB_10cm",2024,9,24,"15:50","EDT",5.258,437.765381733411,"",0.9712,69.3382452683359,"","10/11/2024 10:28:01 PM","Instrument maintenance before this run, that is why the first standard 
    curve was off and the blanks decrease concentrations through the run. Some duplicates
    out of range.",""
"290","COMPASS: Synoptic","CB","SWH","SWAMP","B",20,"202409_SWH_SWAMP_LysB_20cm",2024,9,24,"15:55","EDT",29.45,2451.919074182,"",1.65,117.8007667759,"","10/11/2024 10:59:54 PM","Instrument maintenance before this run, that is why the first standard 
    curve was off and the blanks decrease concentrations through the run. Some duplicates
    out of range.",""
"291","COMPASS: Synoptic","CB","SWH","SWAMP","B",45,"202409_SWH_SWAMP_LysB_45cm",2024,9,24,"16:00","EDT",7.713,642.161352093914,"",0.5208,37.1822056587205,"","10/11/2024 11:29:15 PM","Instrument maintenance before this run, that is why the first standard 
    curve was off and the blanks decrease concentrations through the run. Some duplicates
    out of range.",""
"292","COMPASS: Synoptic","CB","SWH","SWAMP","C",10,"202409_SWH_SWAMP_LysC_10cm",2024,9,24,"16:05","EDT",9.739,810.840063275331,"",0.6923,49.4263459630034,"","10/12/2024 12:00:57 AM","Instrument maintenance before this run, that is why the first standard 
    curve was off and the blanks decrease concentrations through the run. Some duplicates
    out of range.",""
"293","COMPASS: Synoptic","CB","SWH","SWAMP","C",20,"202409_SWH_SWAMP_LysC_20cm",2024,9,24,"16:10","EDT",7.66,637.74873033053,"",1.004,71.6799817230325,"","10/12/2024 1:58:52 AM","Instrument maintenance before this run, that is why the first standard 
    curve was off and the blanks decrease concentrations through the run. Some duplicates
    out of range.",""
"294","COMPASS: Synoptic","CB","SWH","SWAMP","C",45,"202409_SWH_SWAMP_LysC_45cm",2024,9,24,"16:22","EDT",6.188,515.194405128632,"",1.364,97.3819672014108,"","10/12/2024 2:17:56 AM","Instrument maintenance before this run, that is why the first standard 
    curve was off and the blanks decrease concentrations through the run. Some duplicates
    out of range.",""
"295","COMPASS: Synoptic","CB","GCW","TR","A",20,"202409_GCW_TR_LysA_20cm",2024,9,11,"13:23","EDT",2.588,215.469153276164,"blank is ≥ 25% of sample value",0.1089,7.77485060720941,"blank is ≥ 25% of sample value","10/10/2024 5:56:39 PM","Instrument maintenance before this run, that is why the first standard 
    curve was off and the blanks decrease concentrations through the run. Some duplicates
    out of range.","started collection on 9-10-24, but only got SO4 so left to sit overnight and collected some on 9-11-24 to get more water "
"296","COMPASS: Synoptic","CB","GCW","TR","A",45,"202409_GCW_TR_LysA_45cm",2024,9,11,"13:23","EDT",4.946,411.78919323953,"",0.5272,37.6391298450027,"","10/10/2024 6:25:43 PM","Instrument maintenance before this run, that is why the first standard 
    curve was off and the blanks decrease concentrations through the run. Some duplicates
    out of range.","started collection on 9-10-24, but only got SO4 so left to sit overnight and collected some on 9-11-24 to get more water "
"297","COMPASS: Synoptic","CB","GCW","TR","B",10,"202409_GCW_TR_LysB_10cm",2024,9,11,"13:29","EDT",4.23,352.177170926651,"",0.2595,18.5268478656643,"","10/10/2024 6:54:21 PM","Instrument maintenance before this run, that is why the first standard 
    curve was off and the blanks decrease concentrations through the run. Some duplicates
    out of range.","started collection on 9-10-24, but only got SO4 so left to sit overnight and collected some on 9-11-24 to get more water "
"298","COMPASS: Synoptic","CB","GCW","TR","B",20,"202409_GCW_TR_LysB_20cm",2024,9,11,"13:29","EDT",2.644,220.131546082757,"blank is ≥ 25% of sample value",0.812,57.9722561345642,"","10/10/2024 7:16:35 PM","Instrument maintenance before this run, that is why the first standard 
    curve was off and the blanks decrease concentrations through the run. Some duplicates
    out of range.","started collection on 9-10-24, but only got SO4 so left to sit overnight and collected some on 9-11-24 to get more water "
"299","COMPASS: Synoptic","CB","GCW","TR","B",45,"202409_GCW_TR_LysB_45cm",2024,9,11,"13:29","EDT",5.406,450.087419865124,"",0.904,64.5405413123719,"","10/10/2024 7:47:25 PM","Instrument maintenance before this run, that is why the first standard 
    curve was off and the blanks decrease concentrations through the run. Some duplicates
    out of range.","started collection on 9-10-24, but only got SO4 so left to sit overnight and collected some on 9-11-24 to get more water "
"300","COMPASS: Synoptic","CB","GCW","TR","C",20,"202409_GCW_TR_LysC_20cm",2024,9,11,"13:34","EDT",2.417,201.232203813171,"blank is ≥ 25% of sample value",0.1689,12.0585148536058,"blank is ≥ 25% of sample value","10/10/2024 8:12:45 PM","Instrument maintenance before this run, that is why the first standard 
    curve was off and the blanks decrease concentrations through the run. Some duplicates
    out of range.","started collection on 9-10-24, but only got SO4 so left to sit overnight and collected some on 9-11-24 to get more water "
"301","COMPASS: Synoptic","CB","GCW","TR","C",45,"202409_GCW_TR_LysC_45cm",2024,9,11,"13:34","EDT",3.705,308.467238364832,"blank is ≥ 25% of sample value",0.7279,51.9679867491986,"","10/10/2024 8:41:02 PM","Instrument maintenance before this run, that is why the first standard 
    curve was off and the blanks decrease concentrations through the run. Some duplicates
    out of range.","started collection on 9-10-24, but only got SO4 so left to sit overnight and collected some on 9-11-24 to get more water "
"302","COMPASS: Synoptic","CB","MSM","TR","A",10,"202409_MSM_TR_LysA_10cm",2024,9,12,"12:51","EDT",19.09,1589.37640496212,"",1.383,98.7384608794363,"","10/11/2024 4:19:10 AM","Instrument maintenance before this run, that is why the first standard 
    curve was off and the blanks decrease concentrations through the run. Some duplicates
    out of range.",""
"303","COMPASS: Synoptic","CB","MSM","TR","A",20,"202409_MSM_TR_LysA_20cm",2024,9,12,"12:51","EDT",23.56,1961.5352593456,"",2.993,213.683451491072,"","10/11/2024 4:50:29 AM","Instrument maintenance before this run, that is why the first standard 
    curve was off and the blanks decrease concentrations through the run. Some duplicates
    out of range.",""
"304","COMPASS: Synoptic","CB","MSM","TR","A",45,"202409_MSM_TR_LysA_45cm",2024,9,12,"12:51","EDT",17.62,1466.98859378903,"",1.422,101.522842639594,"","10/11/2024 5:14:54 AM","Instrument maintenance before this run, that is why the first standard 
    curve was off and the blanks decrease concentrations through the run. Some duplicates
    out of range.",""
"305","COMPASS: Synoptic","CB","MSM","TR","B",10,"202409_MSM_TR_LysB_10cm",2024,9,12,"13:06","EDT",27.7,2306.21929897594,"",3.462,247.16742701707,"value above cal curve","10/11/2024 5:36:32 AM","Instrument maintenance before this run, that is why the first standard 
    curve was off and the blanks decrease concentrations through the run. Some duplicates
    out of range.",""
"306","COMPASS: Synoptic","CB","MSM","TR","B",20,"202409_MSM_TR_LysB_20cm",2024,9,12,"13:06","EDT",38.09,3171.25967862793,"",3.668,261.874674263031,"value above cal curve","10/11/2024 7:11:22 AM","Instrument maintenance before this run, that is why the first standard 
    curve was off and the blanks decrease concentrations through the run. Some duplicates
    out of range.",""
"307","COMPASS: Synoptic","CB","MSM","TR","B",45,"202409_MSM_TR_LysB_45cm",2024,9,12,"13:06","EDT",28.09,2338.68953459329,"",3.142,224.321217702956,"value above cal curve","10/11/2024 7:43:47 AM","Instrument maintenance before this run, that is why the first standard 
    curve was off and the blanks decrease concentrations through the run. Some duplicates
    out of range.",""
"308","COMPASS: Synoptic","CB","MSM","TR","C",10,"202409_MSM_TR_LysC_10cm",2024,9,12,"13:14","EDT",23.64,1968.19582049788,"",2.276,162.493663746636,"","10/11/2024 8:03:01 AM","Instrument maintenance before this run, that is why the first standard 
    curve was off and the blanks decrease concentrations through the run. Some duplicates
    out of range.",""
"309","COMPASS: Synoptic","CB","MSM","TR","C",20,"202409_MSM_TR_LysC_20cm",2024,9,12,"13:14","EDT",23.68,1971.52610107402,"",3.422,244.311650852806,"value above cal curve","10/11/2024 8:22:32 AM","Instrument maintenance before this run, that is why the first standard 
    curve was off and the blanks decrease concentrations through the run. Some duplicates
    out of range.",""
"310","COMPASS: Synoptic","CB","MSM","TR","C",45,"202409_MSM_TR_LysC_45cm",2024,9,12,"13:14","EDT",17.26,1437.01606860378,"",1.915,136.720283864151,"","10/11/2024 8:47:53 AM","Instrument maintenance before this run, that is why the first standard 
    curve was off and the blanks decrease concentrations through the run. Some duplicates
    out of range.",""
"311","COMPASS: Synoptic","CB","SWH","TR","A",10,"202409_SWH_TR_LysA_10cm",2024,9,25,"12:11","EDT",25.5,2123.05386728832,"",1.394,99.5237993246089,"","10/12/2024 2:43:45 AM","Instrument maintenance before this run, that is why the first standard 
    curve was off and the blanks decrease concentrations through the run. Some duplicates
    out of range.",""
"312","COMPASS: Synoptic","CB","SWH","TR","A",20,"202409_SWH_TR_LysA_20cm",2024,9,25,"12:15","EDT",17.25,1436.18349845975,"",1.547,110.44714315292,"","10/12/2024 3:17:56 AM","Instrument maintenance before this run, that is why the first standard 
    curve was off and the blanks decrease concentrations through the run. Some duplicates
    out of range.",""
"313","COMPASS: Synoptic","CB","SWH","TR","A",45,"202409_SWH_TR_LysA_45cm",2024,9,25,"12:20","EDT",14.03,1168.09591208059,"",1.55,110.661326365239,"","10/12/2024 3:49:26 AM","Instrument maintenance before this run, that is why the first standard 
    curve was off and the blanks decrease concentrations through the run. Some duplicates
    out of range.",""
"314","COMPASS: Synoptic","CB","SWH","TR","B",10,"202409_SWH_TR_LysB_10cm",2024,9,25,"12:25","EDT",12.01,999.916742985597,"",0.69,49.2621388335582,"","10/12/2024 4:23:39 AM","Instrument maintenance before this run, that is why the first standard 
    curve was off and the blanks decrease concentrations through the run. Some duplicates
    out of range.",""
"315","COMPASS: Synoptic","CB","SWH","TR","B",20,"202409_SWH_TR_LysB_20cm",2024,9,25,"12:30","EDT",18.05,1502.78910998252,"",2.284,163.064818979488,"","10/12/2024 4:54:32 AM","Instrument maintenance before this run, that is why the first standard 
    curve was off and the blanks decrease concentrations through the run. Some duplicates
    out of range.",""
"316","COMPASS: Synoptic","CB","SWH","TR","B",45,"202409_SWH_TR_LysB_45cm",2024,9,25,"12:40","EDT",17.21,1432.85321788361,"",3.851,274.93985021454,"value above cal curve","10/12/2024 5:23:12 AM","Instrument maintenance before this run, that is why the first standard 
    curve was off and the blanks decrease concentrations through the run. Some duplicates
    out of range.",""
"317","COMPASS: Synoptic","CB","SWH","TR","C",10,"202409_SWH_TR_LysC_10cm",2024,9,25,"12:50","EDT",15.06,1253.85063691616,"",0.9694,69.209735340944,"","10/12/2024 5:52:43 AM","Instrument maintenance before this run, that is why the first standard 
    curve was off and the blanks decrease concentrations through the run. Some duplicates
    out of range.",""
"318","COMPASS: Synoptic","CB","SWH","TR","C",20,"202409_SWH_TR_LysC_20cm",2024,9,25,"13:00","EDT",13.52,1125.63483473483,"",1.907,136.149128631298,"","10/12/2024 6:20:41 AM","Instrument maintenance before this run, that is why the first standard 
    curve was off and the blanks decrease concentrations through the run. Some duplicates
    out of range.",""
"319","COMPASS: Synoptic","CB","SWH","TR","C",45,"202409_SWH_TR_LysC_45cm",2024,9,25,"13:11","EDT",12.2,1015.73557572225,"",1.91,136.363311843618,"","10/12/2024 8:19:54 AM","Instrument maintenance before this run, that is why the first standard 
    curve was off and the blanks decrease concentrations through the run. Some duplicates
    out of range.",""
"320","COMPASS: Synoptic","CB","GWI","TR","A",10,"202409_GWI_TR_LysA_10cm",2024,9,26,"12:05","EDT",68.16,5674.79810174007,"",0.00813,0.580436505386708,"blank is ≥ 25% of sample value","10/12/2024 6:10:25 PM","Instrument maintenance before this run, that is why the first standard 
    curve was off and the blanks decrease concentrations through the run. Some duplicates
    out of range.",""
"321","COMPASS: Synoptic","CB","GWI","TR","A",20,"202409_GWI_TR_LysA_20cm",2024,9,26,"12:10","EDT",-0.6809,-56.6897011073183,"blank is ≥ 25% of sample value",-0.00449,-0.320560874438662,"blank is ≥ 25% of sample value","10/12/2024 6:50:45 PM","Instrument maintenance before this run, that is why the first standard 
    curve was off and the blanks decrease concentrations through the run. Some duplicates
    out of range.",""
"322","COMPASS: Synoptic","CB","GWI","TR","B",10,"202409_GWI_TR_LysB_10cm",2024,9,26,"12:15","EDT",-0.6195,-51.5777204229456,"blank is ≥ 25% of sample value",0.00847,0.604710602782954,"blank is ≥ 25% of sample value","10/12/2024 7:30:50 PM","Instrument maintenance before this run, that is why the first standard 
    curve was off and the blanks decrease concentrations through the run. Some duplicates
    out of range.",""
"323","COMPASS: Synoptic","CB","GWI","TR","B",20,"202409_GWI_TR_LysB_20cm",2024,9,26,"12:20","EDT",-0.681,-56.6980268087586,"blank is ≥ 25% of sample value",0.02945,2.10256520093955,"blank is ≥ 25% of sample value","10/12/2024 8:10:00 PM","Instrument maintenance before this run, that is why the first standard 
    curve was off and the blanks decrease concentrations through the run. Some duplicates
    out of range.",""
"324","COMPASS: Synoptic","CB","GWI","TR","B",45,"202409_GWI_TR_LysB_45cm",2024,9,26,"12:25","EDT",47.19,3928.89850969944,"",0.0235,1.67776849650524,"blank is ≥ 25% of sample value","10/12/2024 8:55:26 PM","Instrument maintenance before this run, that is why the first standard 
    curve was off and the blanks decrease concentrations through the run. Some duplicates
    out of range.",""
"325","COMPASS: Synoptic","CB","GWI","TR","C",10,"202409_GWI_TR_LysC_10cm",2024,9,26,"12:30","EDT",-0.5746,-47.8394804762301,"blank is ≥ 25% of sample value",0.00549,0.391955278545268,"blank is ≥ 25% of sample value","10/12/2024 9:31:38 PM","Instrument maintenance before this run, that is why the first standard 
    curve was off and the blanks decrease concentrations through the run. Some duplicates
    out of range.",""
"326","COMPASS: Synoptic","CB","GWI","TR","C",20,"202409_GWI_TR_LysC_20cm",2024,9,26,"12:35","EDT",-0.6125,-50.9949213221214,"blank is ≥ 25% of sample value",-0.00603,-0.430508256762835,"blank is ≥ 25% of sample value","10/12/2024 11:55:50 PM","Instrument maintenance before this run, that is why the first standard 
    curve was off and the blanks decrease concentrations through the run. Some duplicates
    out of range.",""
"327","COMPASS: Synoptic","CB","GCW","WC","A",10,"202409_GCW_WC_LysA_10cm",2024,9,10,"11:51","EDT",12.77,1063.19207393223,"",0.9853,70.344906366239,"","10/10/2024 9:10:50 PM","Instrument maintenance before this run, that is why the first standard 
    curve was off and the blanks decrease concentrations through the run. Some duplicates
    out of range.",""
"328","COMPASS: Synoptic","CB","GCW","WC","A",20,"202409_GCW_WC_LysA_20cm",2024,9,10,"11:51","EDT",12.91,1074.84805594871,"",1.551,110.732720769346,"","10/10/2024 9:38:42 PM","Instrument maintenance before this run, that is why the first standard 
    curve was off and the blanks decrease concentrations through the run. Some duplicates
    out of range.",""
"329","COMPASS: Synoptic","CB","GCW","WC","A",45,"202409_GCW_WC_LysA_45cm",2024,9,10,"11:51","EDT",43.56,3626.67554741487,"",3.45,246.310694167791,"value above cal curve","10/10/2024 10:07:52 PM","Instrument maintenance before this run, that is why the first standard 
    curve was off and the blanks decrease concentrations through the run. Some duplicates
    out of range.",""
"330","COMPASS: Synoptic","CB","GCW","WC","B",10,"202409_GCW_WC_LysB_10cm",2024,9,10,"12:05","EDT",10.72,892.515194405129,"",0.7509,53.6100580436505,"","10/10/2024 10:36:58 PM","Instrument maintenance before this run, that is why the first standard 
    curve was off and the blanks decrease concentrations through the run. Some duplicates
    out of range.",""
"331","COMPASS: Synoptic","CB","GCW","WC","B",20,"202409_GCW_WC_LysB_20cm",2024,9,10,"12:05","EDT",11.28,939.139122471068,"",1.759,125.58275682352,"","10/10/2024 11:07:27 PM","Instrument maintenance before this run, that is why the first standard 
    curve was off and the blanks decrease concentrations through the run. Some duplicates
    out of range.",""
"332","COMPASS: Synoptic","CB","GCW","WC","B",45,"202409_GCW_WC_LysB_45cm",2024,9,10,"12:05","EDT",21.56,1795.02123053867,"",3.308,236.172688784653,"value above cal curve","10/10/2024 11:37:55 PM","Instrument maintenance before this run, that is why the first standard 
    curve was off and the blanks decrease concentrations through the run. Some duplicates
    out of range.",""
"333","COMPASS: Synoptic","CB","GCW","WC","C",10,"202409_GCW_WC_LysC_10cm",2024,9,10,"12:17","EDT",6.81,566.980268087586,"",0.5301,37.8461736169119,"","10/11/2024 1:22:38 AM","Instrument maintenance before this run, that is why the first standard 
    curve was off and the blanks decrease concentrations through the run. Some duplicates
    out of range.",""
"334","COMPASS: Synoptic","CB","GCW","WC","C",20,"202409_GCW_WC_LysC_20cm",2024,9,10,"12:17","EDT",6.828,568.478894346849,"",0.3927,28.0365824926642,"","10/11/2024 1:52:02 AM","Instrument maintenance before this run, that is why the first standard 
    curve was off and the blanks decrease concentrations through the run. Some duplicates
    out of range.",""
"335","COMPASS: Synoptic","CB","GCW","WC","C",45,"202409_GCW_WC_LysC_45cm",2024,9,10,"12:17","EDT",10.59,881.691782532679,"",1.086,77.5343228597742,"","10/11/2024 2:23:09 AM","Instrument maintenance before this run, that is why the first standard 
    curve was off and the blanks decrease concentrations through the run. Some duplicates
    out of range.",""
"336","COMPASS: Synoptic","CB","MSM","WC","A",10,"202409_MSM_WC_LysA_10cm",2024,9,12,"11:41","EDT",12.76,1062.35950378819,"",1.026,73.2506586133779,"","10/11/2024 9:18:11 AM","Instrument maintenance before this run, that is why the first standard 
    curve was off and the blanks decrease concentrations through the run. Some duplicates
    out of range.",""
"337","COMPASS: Synoptic","CB","MSM","WC","A",20,"202409_MSM_WC_LysA_20cm",2024,9,12,"11:41","EDT",17.48,1455.33261177254,"",1.652,117.943555584113,"","10/11/2024 10:24:23 AM","Instrument maintenance before this run, that is why the first standard 
    curve was off and the blanks decrease concentrations through the run. Some duplicates
    out of range.",""
"338","COMPASS: Synoptic","CB","MSM","WC","A",45,"202409_MSM_WC_LysA_45cm",2024,9,12,"11:41","EDT",98.13,8170.01082341187,"",2.27,162.065297321996,"","10/11/2024 10:55:51 AM","Instrument maintenance before this run, that is why the first standard 
    curve was off and the blanks decrease concentrations through the run. Some duplicates
    out of range.",""
"339","COMPASS: Synoptic","CB","MSM","WC","B",10,"202409_MSM_WC_LysB_10cm",2024,9,12,"11:54","EDT",16.9,1407.04354341853,"",1.913,136.577495055938,"","10/11/2024 11:23:55 AM","Instrument maintenance before this run, that is why the first standard 
    curve was off and the blanks decrease concentrations through the run. Some duplicates
    out of range.",""
"340","COMPASS: Synoptic","CB","MSM","WC","B",20,"202409_MSM_WC_LysB_20cm",2024,9,12,"11:54","EDT",21.23,1767.54641578553,"",2.301,164.278523849301,"","10/11/2024 11:47:49 AM","Instrument maintenance before this run, that is why the first standard 
    curve was off and the blanks decrease concentrations through the run. Some duplicates
    out of range.",""
"341","COMPASS: Synoptic","CB","MSM","WC","C",20,"202409_MSM_WC_LysC_20cm",2024,9,12,"11:35","EDT",33.14,2759.13745733078,"",3.399,242.669579558354,"value above cal curve","10/11/2024 1:10:19 PM","Instrument maintenance before this run, that is why the first standard 
    curve was off and the blanks decrease concentrations through the run. Some duplicates
    out of range.",""
"342","COMPASS: Synoptic","CB","SWH","WC","A",45,"202409_SWH_WC_LysA_45cm",2024,9,25,"11:05","EDT",10.57,880.026642244609,"",0.379,27.0584791564037,"","10/12/2024 8:50:33 AM","Instrument maintenance before this run, that is why the first standard 
    curve was off and the blanks decrease concentrations through the run. Some duplicates
    out of range.",""
"343","COMPASS: Synoptic","CB","SWH","WC","B",10,"202409_SWH_WC_LysB_10cm",2024,9,25,"11:10","EDT",8.028,668.387311631005,"",0.343,24.4882806085659,"","10/12/2024 9:21:52 AM","Instrument maintenance before this run, that is why the first standard 
    curve was off and the blanks decrease concentrations through the run. Some duplicates
    out of range.",""
"344","COMPASS: Synoptic","CB","SWH","WC","C",10,"202409_SWH_WC_LysC_10cm",2024,9,25,"11:25","EDT",8.409,700.108234118725,"",0.3434,24.5168383702085,"","10/12/2024 9:51:16 AM","Instrument maintenance before this run, that is why the first standard 
    curve was off and the blanks decrease concentrations through the run. Some duplicates
    out of range.",""
"345","COMPASS: Synoptic","CB","SWH","WC","C",45,"202409_SWH_WC_LysC_45cm",2024,9,25,"11:34","EDT",16.31,1357.92190492049,"",0.6078,43.3935188159952,"","10/12/2024 10:21:50 AM","Instrument maintenance before this run, that is why the first standard 
    curve was off and the blanks decrease concentrations through the run. Some duplicates
    out of range.",""
"346","COMPASS: Synoptic","CB","GWI","WC","A",10,"202409_GWI_WC_LysA_10cm",2024,9,26,"10:45","EDT",12.8,1065.68978436433,"",-0.00216,-0.154211912870269,"blank is ≥ 25% of sample value","10/13/2024 12:37:10 AM","Instrument maintenance before this run, that is why the first standard 
    curve was off and the blanks decrease concentrations through the run. Some duplicates
    out of range.",""
"347","COMPASS: Synoptic","CB","GWI","WC","A",45,"202409_GWI_WC_LysA_45cm",2024,9,26,"10:50","EDT",69.42,5779.70193988843,"",-0.00923,-0.658970349903975,"blank is ≥ 25% of sample value","10/13/2024 1:19:42 AM","Instrument maintenance before this run, that is why the first standard 
    curve was off and the blanks decrease concentrations through the run. Some duplicates
    out of range.",""
"348","COMPASS: Synoptic","CB","GWI","WC","B",10,"202409_GWI_WC_LysB_10cm",2024,9,26,"10:55","EDT",7.406,616.601448672051,"",0.0325,2.3203181334647,"blank is ≥ 25% of sample value","10/13/2024 2:04:10 AM","Instrument maintenance before this run, that is why the first standard 
    curve was off and the blanks decrease concentrations through the run. Some duplicates
    out of range.",""
"349","COMPASS: Synoptic","CB","GWI","WC","B",20,"202409_GWI_WC_LysB_20cm",2024,9,26,"11:00","EDT",-0.5307,-44.1844975439181,"blank is ≥ 25% of sample value",0.03074,2.19466398223707,"blank is ≥ 25% of sample value","10/13/2024 2:40:35 AM","Instrument maintenance before this run, that is why the first standard 
    curve was off and the blanks decrease concentrations through the run. Some duplicates
    out of range.",""
"350","COMPASS: Synoptic","CB","GWI","WC","B",45,"202409_GWI_WC_LysB_45cm",2024,9,26,"11:05","EDT",32.46,2702.52268753643,"",0.4154,29.6572354658842,"","10/13/2024 3:19:34 AM","Instrument maintenance before this run, that is why the first standard 
    curve was off and the blanks decrease concentrations through the run. Some duplicates
    out of range.",""
"351","COMPASS: Synoptic","CB","GCW","SW","A",0,"202409_GCW_SW_A",2024,9,10,"11:05","EDT",4.98,414.619931729248,"",0.5341,38.1317512333383,"","10/11/2024 2:53:30 AM","Instrument maintenance before this run, that is why the first standard 
    curve was off and the blanks decrease concentrations through the run. Some duplicates
    out of range.",""
"352","COMPASS: Synoptic","CB","GCW","SW","B",0,"202409_GCW_SW_B",2024,9,10,"11:05","EDT",5.097,424.361002414454,"",0.5018,35.825711980695,"","10/11/2024 3:22:35 AM","Instrument maintenance before this run, that is why the first standard 
    curve was off and the blanks decrease concentrations through the run. Some duplicates
    out of range.",""
"353","COMPASS: Synoptic","CB","GCW","SW","C",0,"202409_GCW_SW_C",2024,9,10,"11:05","EDT",5.003,416.534843060528,"",0.5166,36.8823491614727,"","10/11/2024 3:48:46 AM","Instrument maintenance before this run, that is why the first standard 
    curve was off and the blanks decrease concentrations through the run. Some duplicates
    out of range.",""
"354","COMPASS: Synoptic","CB","MSM","SW","A",0,"202409_MSM_SW_A",2024,9,12,"11:15","EDT",5.357,446.007826159354,"",0.5871,41.9156546509885,"","10/11/2024 1:40:16 PM","Instrument maintenance before this run, that is why the first standard 
    curve was off and the blanks decrease concentrations through the run. Some duplicates
    out of range.",""
"355","COMPASS: Synoptic","CB","MSM","SW","B",0,"202409_MSM_SW_B",2024,9,12,"11:15","EDT",5.188,431.937390725169,"",0.5829,41.6157981537407,"","10/11/2024 2:09:00 PM","Instrument maintenance before this run, that is why the first standard 
    curve was off and the blanks decrease concentrations through the run. Some duplicates
    out of range.",""
"356","COMPASS: Synoptic","CB","MSM","SW","C",0,"202409_MSM_SW_C",2024,9,12,"11:15","EDT",5.024,418.283240363001,"",0.4975,35.5187160430365,"","10/11/2024 2:35:50 PM","Instrument maintenance before this run, that is why the first standard 
    curve was off and the blanks decrease concentrations through the run. Some duplicates
    out of range.",""
"357","COMPASS: Synoptic","CB","SWH","SW","A",0,"202409_SWH_SW_A",2024,9,25,"10:10","EDT",6.429,535.259345599867,"",0.3948,28.1865107412881,"","10/12/2024 10:47:11 AM","Instrument maintenance before this run, that is why the first standard 
    curve was off and the blanks decrease concentrations through the run. Some duplicates
    out of range.",""
"358","COMPASS: Synoptic","CB","SWH","SW","B",0,"202409_SWH_SW_B",2024,9,25,"10:10","EDT",6.262,521.355424194488,"",0.406,28.9861280672821,"","10/12/2024 11:18:43 AM","Instrument maintenance before this run, that is why the first standard 
    curve was off and the blanks decrease concentrations through the run. Some duplicates
    out of range.",""
"359","COMPASS: Synoptic","CB","SWH","SW","C",0,"202409_SWH_SW_C",2024,9,25,"10:10","EDT",6.008,500.208142536009,"",0.4054,28.9432914248181,"","10/12/2024 11:47:56 AM","Instrument maintenance before this run, that is why the first standard 
    curve was off and the blanks decrease concentrations through the run. Some duplicates
    out of range.",""
"360","COMPASS: Synoptic","CB","GWI","SW","A",0,"202409_GWI_SW_A",2024,9,26,"","EDT",2.031,169.094996253434,"blank is ≥ 25% of sample value",-0.00384,-0.274154511769368,"blank is ≥ 25% of sample value","10/13/2024 3:59:01 AM","Instrument maintenance before this run, that is why the first standard 
    curve was off and the blanks decrease concentrations through the run. Some duplicates
    out of range.",""
"361","COMPASS: Synoptic","CB","GWI","SW","B",0,"202409_GWI_SW_B",2024,9,26,"","EDT",9.979,830.821746732162,"",0.04158,2.96857932275268,"blank is ≥ 25% of sample value","10/13/2024 4:29:54 AM","Instrument maintenance before this run, that is why the first standard 
    curve was off and the blanks decrease concentrations through the run. Some duplicates
    out of range.",""
"362","COMPASS: Synoptic","CB","GWI","SW","C",0,"202409_GWI_SW_C",2024,9,26,"","EDT",6.702,557.988510532012,"",0.1351,9.64538399480249,"blank is ≥ 25% of sample value","10/13/2024 4:56:09 AM","Instrument maintenance before this run, that is why the first standard 
    curve was off and the blanks decrease concentrations through the run. Some duplicates
    out of range.",""
"363","COMPASS: Synoptic","CB","SWH","UP","A",10,"202410_SWH_UP_LysA_10cm",2024,10,22,"14:45","EDT",10.2,849.221546915328,NA,0.3739,26.69436769546,"","10/28/2024 9:22:57 PM","NA ",NA
"364","COMPASS: Synoptic","CB","SWH","UP","A",20,"202410_SWH_UP_LysA_20cm",2024,10,22,"14:45","EDT",8.957,745.733078011823,NA,0.3271,23.3531095832709,"","10/28/2024 9:49:19 PM","NA ",NA
"365","COMPASS: Synoptic","CB","SWH","UP","A",45,"202410_SWH_UP_LysA_45cm",2024,10,22,"14:45","EDT",14.86,1237.19923403547,NA,0.431,30.7709881699472,"","10/28/2024 10:16:25 PM","NA ",NA
"366","COMPASS: Synoptic","CB","SWH","UP","B",10,"202410_SWH_UP_LysB_10cm",2024,10,22,"14:55","EDT",14.86,1237.19923403547,NA,0.5144,36.7252814724382,"","10/28/2024 10:43:13 PM","NA ",NA
"367","COMPASS: Synoptic","CB","SWH","UP","B",20,"202410_SWH_UP_LysB_20cm",2024,10,22,"14:55","EDT",9.445,786.362501040713,NA,0.4249,30.3354823048969,"","10/28/2024 11:09:38 PM","NA ",NA
"368","COMPASS: Synoptic","CB","SWH","UP","B",45,"202410_SWH_UP_LysB_45cm",2024,10,22,"14:55","EDT",35.22,2932.31204728998,NA,0.9985,71.2873125004462,"","10/28/2024 11:37:23 PM","NA ",NA
"369","COMPASS: Synoptic","CB","SWH","UP","C",20,"202410_SWH_UP_LysC_20cm",2024,10,22,"15:05","EDT",12.41,1033.21954874698,NA,0.398,28.4149728344292,"","10/29/2024 12:04:30 AM","NA ",NA
"370","COMPASS: Synoptic","CB","SWH","UP","C",45,"202410_SWH_UP_LysC_45cm",2024,10,22,"15:05","EDT",18.84,1568.56215136125,NA,0.5647,40.3164199990005,"","10/29/2024 12:24:21 AM","NA ",NA
"371","COMPASS: Synoptic","CB","SWH","SWAMP","A",10,"202410_SWH_SWAMP_LysA_10cm",2024,10,22,"14:08","EDT",4.656,387.644659062526,NA,0.9841,70.2592330813111,"","10/29/2024 12:52:08 AM","NA ",NA
"372","COMPASS: Synoptic","CB","SWH","SWAMP","A",20,"202410_SWH_SWAMP_LysA_20cm",2024,10,22,"14:08","EDT",5.436,452.585130297228,NA,1.311,93.5980637837606,"","10/29/2024 1:18:49 AM","NA ",NA
"373","COMPASS: Synoptic","CB","SWH","SWAMP","A",45,"202410_SWH_SWAMP_LysA_45cm",2024,10,22,"14:08","EDT",5.555,462.49271501124,NA,1.27,90.6708932153898,"","10/29/2024 2:53:40 AM","NA ",NA
"374","COMPASS: Synoptic","CB","SWH","SWAMP","B",10,"202410_SWH_SWAMP_LysB_10cm",2024,10,22,"14:30","EDT",6.323,526.4341020731,NA,1.456,103.950252379219,"","10/29/2024 3:09:46 AM","NA ",NA
"375","COMPASS: Synoptic","CB","SWH","SWAMP","B",20,"202410_SWH_SWAMP_LysB_20cm",2024,10,22,"14:30","EDT",11.37,946.63225376738,NA,1.409,100.594715386208,"","10/29/2024 3:30:13 AM","NA ",NA
"376","COMPASS: Synoptic","CB","SWH","SWAMP","B",45,"202410_SWH_SWAMP_LysB_45cm",2024,10,22,"14:30","EDT",6.627,551.744234451753,NA,0.626,44.6928969707354,"","10/29/2024 3:58:07 AM","NA ",NA
"377","COMPASS: Synoptic","CB","SWH","SWAMP","C",10,"202410_SWH_SWAMP_LysC_10cm",2024,10,22,"13:52","EDT",7.004,583.132128881858,NA,0.5959,42.5439254071266,"","10/29/2024 4:26:03 AM","NA ",NA
"378","COMPASS: Synoptic","CB","SWH","SWAMP","C",20,"202410_SWH_SWAMP_LysC_20cm",2024,10,22,"13:52","EDT",8.01,666.888685371743,NA,1.312,93.6694581878672,"","10/29/2024 4:52:20 AM","NA ",NA
"379","COMPASS: Synoptic","CB","SWH","SWAMP","C",45,"202410_SWH_SWAMP_LysC_45cm",2024,10,22,"13:52","EDT",7.113,592.207143451836,NA,1.34,95.6685015028522,"","10/29/2024 5:08:34 AM","NA ",NA
"380","COMPASS: Synoptic","CB","SWH","TR","A",10,"202410_SWH_TR_LysA_10cm",2024,10,22,"9:00","EDT",16.74,1393.72242111398,NA,1.113,79.4619717706526,"","10/29/2024 5:25:10 AM","NA ",NA
"381","COMPASS: Synoptic","CB","SWH","TR","A",20,"202410_SWH_TR_LysA_20cm",2024,10,22,"9:00","EDT",16.61,1382.89900924153,NA,2.675,190.980030985171,"","10/29/2024 5:53:34 AM","NA ",NA
"382","COMPASS: Synoptic","CB","SWH","TR","A",45,"202410_SWH_TR_LysA_45cm",2024,10,22,"9:00","EDT",11.57,963.283656648073,NA,1.947,139.004904795562,"","10/29/2024 6:15:31 AM","NA ",NA
"383","COMPASS: Synoptic","CB","SWH","TR","B",10,"202410_SWH_TR_LysB_10cm",2024,10,22,"9:10","EDT",17.7,1473.6491549413,NA,2.059,147.001078055502,"","10/29/2024 7:37:11 AM","NA ",NA
"384","COMPASS: Synoptic","CB","SWH","TR","B",20,"202410_SWH_TR_LysB_20cm",2024,10,22,"9:10","EDT",26.75,2227.12513529265,NA,3.366,240.313564222836,"value above cal curve","10/29/2024 8:05:05 AM","NA ",NA
"385","COMPASS: Synoptic","CB","SWH","TR","B",45,"202410_SWH_TR_LysB_45cm",2024,10,22,"9:10","EDT",14.57,1213.05469985846,NA,5.247,374.606438347362,"value above cal curve","10/29/2024 8:26:01 AM","NA ",NA
"386","COMPASS: Synoptic","CB","SWH","TR","C",10,"202410_SWH_TR_LysC_10cm",2024,10,22,"9:20","EDT",5.764,479.893431021564,NA,0.3678,26.2588618304097,"","10/29/2024 8:56:50 AM","NA ",NA
"387","COMPASS: Synoptic","CB","SWH","TR","C",20,"202410_SWH_TR_LysC_20cm",2024,10,22,"9:20","EDT",10.76,895.845474981267,NA,2.731,194.978117615141,"","10/29/2024 9:24:56 AM","NA ",NA
"388","COMPASS: Synoptic","CB","SWH","TR","C",45,"202410_SWH_TR_LysC_45cm",2024,10,22,"9:20","EDT",10.31,858.379818499709,NA,2.253,160.851592452184,"","10/29/2024 9:52:30 AM","NA ",NA
"389","COMPASS: Synoptic","CB","SWH","WC","A",10,"202410_SWH_WC_LysA_10cm",2024,10,22,"10:20","EDT",9.343,777.87028557156,NA,0.4545,32.4487566664525,"","10/29/2024 10:21:52 AM","NA ",NA
"390","COMPASS: Synoptic","CB","SWH","WC","A",45,"202410_SWH_WC_LysA_45cm",2024,10,22,"10:20","EDT",9.342,777.787028557156,NA,0.4442,31.7133943041544,"","10/29/2024 10:50:48 AM","NA ",NA
"391","COMPASS: Synoptic","CB","SWH","WC","B",10,"202410_SWH_WC_LysB_10cm",2024,10,22,"10:30","EDT",8.417,700.774290233952,NA,0.3899,27.8366781611657,"","10/29/2024 11:10:41 AM","NA ",NA
"392","COMPASS: Synoptic","CB","SWH","WC","C",10,"202410_SWH_WC_LysC_10cm",2024,10,22,"10:10","EDT",7.369,613.520939139122,NA,0.3435,24.5239778106192,"","10/29/2024 12:57:24 PM","NA ",NA
"393","COMPASS: Synoptic","CB","SWH","WC","C",20,"202410_SWH_WC_LysC_20cm",2024,10,22,"10:10","EDT",7.46,621.097327449838,NA,0.3309,23.624408318876,"","10/29/2024 1:24:57 PM","NA ",NA
"394","COMPASS: Synoptic","CB","SWH","WC","C",45,"202410_SWH_WC_LysC_45cm",2024,10,22,"10:10","EDT",13.13,1093.16459911748,NA,0.5422,38.7100459066018,"","10/29/2024 1:45:55 PM","NA ",NA
"395","COMPASS: Synoptic","CB","SWH","SW","A",0,"202410_SWH_SW_A",2024,10,22,"9:50","EDT",6.275,522.437765381733,NA,0.4035,28.8076420570156,"","10/29/2024 2:13:59 PM","NA ",NA
"396","COMPASS: Synoptic","CB","SWH","SW","B",0,"202410_SWH_SW_B",2024,10,22,"9:50","EDT",6.145,511.614353509283,NA,0.3598,25.6877065975569,"","10/29/2024 2:40:11 PM","NA ",NA
"397","COMPASS: Synoptic","CB","SWH","SW","C",0,"202410_SWH_SW_C",2024,10,22,"9:50","EDT",6.19,515.360919157439,NA,0.4331,30.9209164185711,"","10/29/2024 3:07:16 PM","NA ",NA
"398","COMPASS: Synoptic","CB","SWH","UP","A",10,"202411_SWH_UP_LysA_10cm",2024,11,12,"14:50","EDT",10.46,870.868370660228,NA,0.4063,29.0075463885141,"","11/27/2024 3:11:21 AM","TN Standard Curve stopped then restarted, but looks fine.",""
"399","COMPASS: Synoptic","CB","SWH","UP","A",20,"202411_SWH_UP_LysA_20cm",2024,11,12,"14:55","EDT",8.729,726.750478727833,NA,0.3279,23.4102251065561,"","11/27/2024 3:38:16 AM","TN Standard Curve stopped then restarted, but looks fine.",""
"400","COMPASS: Synoptic","CB","SWH","UP","A",45,"202411_SWH_UP_LysA_45cm",2024,11,12,"15:00","EDT",13.47,1121.47198401465,NA,0.4663,33.2912106349104,"","11/27/2024 4:05:40 AM","TN Standard Curve stopped then restarted, but looks fine.",""
"401","COMPASS: Synoptic","CB","SWH","UP","B",10,"202411_SWH_UP_LysB_10cm",2024,11,12,"15:05","EDT",14.98,1247.19007576388,NA,0.5209,37.1893450991311,"","11/27/2024 4:22:06 AM","TN Standard Curve stopped then restarted, but looks fine.",""
"402","COMPASS: Synoptic","CB","SWH","UP","B",20,"202411_SWH_UP_LysB_20cm",2024,11,12,"15:10","EDT",9.971,830.155690616935,NA,0.3969,28.336438989912,"","11/27/2024 4:49:42 AM","TN Standard Curve stopped then restarted, but looks fine.",""
"403","COMPASS: Synoptic","CB","SWH","UP","B",45,"202411_SWH_UP_LysB_45cm",2024,11,12,"15:15","EDT",33.33,2774.95629006744,NA,0.928,66.2540070109305,"","11/27/2024 5:17:47 AM","TN Standard Curve stopped then restarted, but looks fine.",""
"404","COMPASS: Synoptic","CB","SWH","UP","C",20,"202411_SWH_UP_LysC_20cm",2024,11,12,"15:25","EDT",13.18,1097.32744983765,NA,0.7801,55.6947746435634,"","11/27/2024 5:40:55 AM","TN Standard Curve stopped then restarted, but looks fine.",""
"405","COMPASS: Synoptic","CB","SWH","UP","C",45,"202411_SWH_UP_LysC_45cm",2024,11,12,"15:30","EDT",16.15,1344.60078261594,NA,0.5398,38.538699336746,"","11/27/2024 6:08:22 AM","TN Standard Curve stopped then restarted, but looks fine.",""
"406","COMPASS: Synoptic","CB","GWI","UP","A",20,"202411_GWI_UP_LysA_20cm",2024,11,14,"12:35","EDT",19.62,1633.50262259595,NA,0.6218,44.3930404734877,"","11/27/2024 9:27:48 PM","TN Standard Curve stopped then restarted, but looks fine.",""
"407","COMPASS: Synoptic","CB","GWI","UP","A",45,"202411_GWI_UP_LysA_45cm",2024,11,14,"12:40","EDT",26.65,2218.7994338523,NA,0.7509,53.6100580436505,"","11/27/2024 9:54:42 PM","TN Standard Curve stopped then restarted, but looks fine.",""
"408","COMPASS: Synoptic","CB","GWI","UP","B",10,"202411_GWI_UP_LysB_10cm",2024,11,14,"12:42","EDT",24.71,2057.28082590958,NA,0.7918,56.5300891716107,"","11/27/2024 10:21:45 PM","TN Standard Curve stopped then restarted, but looks fine.",""
"409","COMPASS: Synoptic","CB","GWI","UP","B",20,"202411_GWI_UP_LysB_20cm",2024,11,14,"12:45","EDT",30.75,2560.1531929065,NA,0.9166,65.4401108041152,"","11/28/2024 12:06:24 AM","TN Standard Curve stopped then restarted, but looks fine.",""
"410","COMPASS: Synoptic","CB","GWI","UP","B",45,"202411_GWI_UP_LysB_45cm",2024,11,14,"12:50","EDT",38.08,3170.42710848389,NA,1.114,79.5333661747592,"","11/28/2024 12:22:37 AM","TN Standard Curve stopped then restarted, but looks fine.",""
"411","COMPASS: Synoptic","CB","GWI","UP","C",20,"202411_GWI_UP_LysC_20cm",2024,11,14,"12:55","EDT",47.06,3918.07509782699,NA,1.324,94.5261910371465,"","11/28/2024 12:39:55 AM","TN Standard Curve stopped then restarted, but looks fine.",""
"412","COMPASS: Synoptic","CB","MSM","UP","B",10,"202411_MSM_UP_LysB_10cm",2024,11,21,"13:30","EST",24.69,2055.61568562151,NA,0.7511,53.6243369244719,"","11/28/2024 9:13:49 PM","TN Standard Curve stopped then restarted, but looks fine.",""
"413","COMPASS: Synoptic","CB","MSM","UP","C",10,"202411_MSM_UP_LysC_10cm",2024,11,21,"13:35","EST",29.7,2472.73332778287,NA,0.8972,64.055059364447,"","11/28/2024 10:08:37 PM","TN Standard Curve stopped then restarted, but looks fine.",""
"414","COMPASS: Synoptic","CB","MSM","UP","C",20,"202411_MSM_UP_LysC_20cm",2024,11,21,"13:35","EST",25.63,2133.87727916077,NA,0.8753,62.4915219145123,"","11/28/2024 10:24:40 PM","TN Standard Curve stopped then restarted, but looks fine.",""
"415","COMPASS: Synoptic","CB","MSM","UP","C",45,"202411_MSM_UP_LysC_45cm",2024,11,21,"13:35","EST",18.29,1522.77079343935,NA,2.614,186.624972334668,"","11/28/2024 10:41:16 PM","TN Standard Curve stopped then restarted, but looks fine.",""
"416","COMPASS: Synoptic","CB","SWH","SWAMP","A",10,"202411_SWH_SWAMP_LysA_10cm",2024,11,12,"14:20","EDT",9.826,818.083423528432,NA,0.9653,68.9170182841069,"","11/27/2024 6:35:08 AM","TN Standard Curve stopped then restarted, but looks fine.",""
"417","COMPASS: Synoptic","CB","SWH","SWAMP","A",20,"202411_SWH_SWAMP_LysA_20cm",2024,11,12,"14:22","EDT",7.955,662.309549579552,NA,1.421,101.451448235487,"","11/27/2024 6:57:41 AM","TN Standard Curve stopped then restarted, but looks fine.",""
"418","COMPASS: Synoptic","CB","SWH","SWAMP","A",45,"202411_SWH_SWAMP_LysA_45cm",2024,11,12,"14:25","EDT",4.935,410.873366081092,NA,1.263,90.1711323866435,"","11/27/2024 8:31:18 AM","TN Standard Curve stopped then restarted, but looks fine.",""
"419","COMPASS: Synoptic","CB","SWH","SWAMP","B",10,"202411_SWH_SWAMP_LysB_10cm",2024,11,12,"14:30","EDT",3.31,275.580717675464,NA,0.5001,35.7043414937137,"","11/27/2024 8:59:19 AM","TN Standard Curve stopped then restarted, but looks fine.",""
"420","COMPASS: Synoptic","CB","SWH","SWAMP","B",20,"202411_SWH_SWAMP_LysB_20cm",2024,11,12,"14:32","EDT",8.053,670.468736991092,NA,1.351,96.4538399480249,"","11/27/2024 9:15:26 AM","TN Standard Curve stopped then restarted, but looks fine.",""
"421","COMPASS: Synoptic","CB","SWH","SWAMP","B",45,"202411_SWH_SWAMP_LysB_45cm",2024,11,12,"14:35","EDT",5.513,458.995920406294,NA,0.5552,39.6381731599877,"","11/27/2024 9:42:50 AM","TN Standard Curve stopped then restarted, but looks fine.",""
"422","COMPASS: Synoptic","CB","SWH","SWAMP","C",10,"202411_SWH_SWAMP_LysC_10cm",2024,11,12,"14:40","EDT",11.23,934.976271750895,NA,0.6043,43.1436384016221,"","11/27/2024 10:02:49 AM","TN Standard Curve stopped then restarted, but looks fine.",""
"423","COMPASS: Synoptic","CB","SWH","SWAMP","C",20,"202411_SWH_SWAMP_LysC_20cm",2024,11,12,"14:42","EDT",12.18,1014.07043543419,NA,1.146,81.8179871061706,"","11/27/2024 10:30:09 AM","TN Standard Curve stopped then restarted, but looks fine.",""
"424","COMPASS: Synoptic","CB","SWH","SWAMP","C",45,"202411_SWH_SWAMP_LysC_45cm",2024,11,12,"14:45","EDT",8.214,683.873116310049,NA,1.241,88.6004554962982,"","11/27/2024 10:46:15 AM","TN Standard Curve stopped then restarted, but looks fine.",""
"425","COMPASS: Synoptic","CB","SWH","TR","A",10,"202411_SWH_TR_LysA_10cm",2024,11,12,"12:30","EDT",10.95,911.664307717925,NA,0.8734,62.3558725467098,"","11/27/2024 11:13:13 AM","TN Standard Curve stopped then restarted, but looks fine.",""
"426","COMPASS: Synoptic","CB","SWH","TR","A",20,"202411_SWH_TR_LysA_20cm",2024,11,12,"12:35","EDT",12.5,1040.71268004329,NA,2.098,149.78545981566,"","11/27/2024 11:40:34 AM","TN Standard Curve stopped then restarted, but looks fine.",""
"427","COMPASS: Synoptic","CB","SWH","TR","A",45,"202411_SWH_TR_LysA_45cm",2024,11,12,"12:40","EDT",15.51,1291.31629339772,NA,2.392,170.775414623002,"","11/27/2024 11:56:39 AM","TN Standard Curve stopped then restarted, but looks fine.",""
"428","COMPASS: Synoptic","CB","SWH","TR","B",10,"202411_SWH_TR_LysB_10cm",2024,11,12,"12:45","EDT",11.74,977.437349096662,NA,1.192,85.1021296950745,"","11/27/2024 1:43:23 PM","TN Standard Curve stopped then restarted, but looks fine.",""
"429","COMPASS: Synoptic","CB","SWH","TR","B",20,"202411_SWH_TR_LysB_20cm",2024,11,12,"12:50","EDT",24.16,2011.48946798768,NA,3.434,245.168383702085,"value above cal curve","11/27/2024 1:59:39 PM","TN Standard Curve stopped then restarted, but looks fine.",""
"430","COMPASS: Synoptic","CB","SWH","TR","B",45,"202411_SWH_TR_LysB_45cm",2024,11,12,"12:55","EDT",13.37,1113.14628257431,NA,5.303,378.604524977332,"value above cal curve","11/27/2024 2:17:30 PM","TN Standard Curve stopped then restarted, but looks fine.",""
"431","COMPASS: Synoptic","CB","SWH","TR","C",10,"202411_SWH_TR_LysC_10cm",2024,11,12,"13:00","EDT",4.724,393.306136041962,NA,0.3335,23.8100337695531,"","11/27/2024 2:45:32 PM","TN Standard Curve stopped then restarted, but looks fine.",""
"432","COMPASS: Synoptic","CB","SWH","TR","C",20,"202411_SWH_TR_LysC_20cm",2024,11,12,"13:05","EDT",9.516,792.273749063359,NA,1.951,139.290482411989,"","11/27/2024 3:02:23 PM","TN Standard Curve stopped then restarted, but looks fine.",""
"433","COMPASS: Synoptic","CB","SWH","TR","C",45,"202411_SWH_TR_LysC_45cm",2024,11,12,"13:10","EDT",10.45,870.035800516193,NA,3.197,228.24790992882,"value above cal curve","11/27/2024 3:18:57 PM","TN Standard Curve stopped then restarted, but looks fine.",""
"434","COMPASS: Synoptic","CB","GWI","TR","A",10,"202411_GWI_TR_LysA_10cm",2024,11,14,"12:00","EDT",27.85,2318.70785113646,NA,0.9713,69.3453847087465,"","11/28/2024 1:07:02 AM","TN Standard Curve stopped then restarted, but looks fine.",""
"435","COMPASS: Synoptic","CB","GWI","TR","A",20,"202411_GWI_TR_LysA_20cm",2024,11,14,"12:05","EDT",71.34,5939.55540754309,NA,1.757,125.439968015307,"","11/28/2024 1:23:28 AM","TN Standard Curve stopped then restarted, but looks fine.",""
"436","COMPASS: Synoptic","CB","GWI","TR","B",10,"202411_GWI_TR_LysB_10cm",2024,11,14,"12:10","EDT",13.73,1143.11880775955,NA,0.6222,44.4215982351303,"","11/28/2024 1:40:32 AM","TN Standard Curve stopped then restarted, but looks fine.",""
"437","COMPASS: Synoptic","CB","GWI","TR","B",20,"202411_GWI_TR_LysB_20cm",2024,11,14,"12:15","EDT",48.03,3998.83440179835,NA,1.447,103.307702742259,"","11/28/2024 2:08:18 AM","TN Standard Curve stopped then restarted, but looks fine.",""
"438","COMPASS: Synoptic","CB","GWI","TR","B",45,"202411_GWI_TR_LysB_45cm",2024,11,14,"12:20","EDT",23.49,1955.70726833736,NA,0.7986,57.0155711195357,"","11/28/2024 2:34:46 AM","TN Standard Curve stopped then restarted, but looks fine.",""
"439","COMPASS: Synoptic","CB","GWI","TR","C",10,"202411_GWI_TR_LysC_10cm",2024,11,14,"12:25","EDT",13.19,1098.16001998168,NA,0.7702,54.987970042908,"","11/28/2024 3:01:44 AM","TN Standard Curve stopped then restarted, but looks fine.",""
"440","COMPASS: Synoptic","CB","GWI","TR","C",20,"202411_GWI_TR_LysC_20cm",2024,11,14,"12:29","EDT",19.56,1628.50720173175,NA,0.7514,53.6457552457038,"","11/28/2024 3:55:59 AM","TN Standard Curve stopped then restarted, but looks fine.",""
"441","COMPASS: Synoptic","CB","GCW","TR","A",20,"202411_GCW_TR_LysA_20cm",2024,11,19,"11:58","EST",3.996,332.69502955624,NA,0.3428,24.4740017277446,"","11/28/2024 10:36:50 AM","TN Standard Curve stopped then restarted, but looks fine.","Collected on 11-19-2024, but then left overnight and collected some also on 11-20-2024"
"442","COMPASS: Synoptic","CB","GCW","TR","A",45,"202411_GCW_TR_LysA_45cm",2024,11,19,"11:58","EST",3.355,279.32728332362,NA,1.036,73.9646026544439,"","11/28/2024 11:04:10 AM","TN Standard Curve stopped then restarted, but looks fine.","Collected on 11-19-2024, but then left overnight and collected some also on 11-20-2024"
"443","COMPASS: Synoptic","CB","GCW","TR","B",10,"202411_GCW_TR_LysB_10cm",2024,11,19,"12:03","EST",4.916,409.291482807427,NA,0.2497,17.8271827054195,"","11/28/2024 11:30:22 AM","TN Standard Curve stopped then restarted, but looks fine.","Collected on 11-19-2024, but then left overnight and collected some also on 11-20-2024"
"444","COMPASS: Synoptic","CB","GCW","TR","B",20,"202411_GCW_TR_LysB_20cm",2024,11,19,"12:03","EST",3.127,260.34468403963,NA,1.113,79.4619717706526,"","11/28/2024 11:56:59 AM","TN Standard Curve stopped then restarted, but looks fine.","Collected on 11-19-2024, but then left overnight and collected some also on 11-20-2024"
"445","COMPASS: Synoptic","CB","GCW","TR","B",45,"202411_GCW_TR_LysB_45cm",2024,11,19,"12:03","EST",4.333,360.752643410207,NA,1.548,110.518537557026,"","11/28/2024 12:21:13 PM","TN Standard Curve stopped then restarted, but looks fine.","Collected on 11-19-2024, but then left overnight and collected some also on 11-20-2024"
"446","COMPASS: Synoptic","CB","GCW","TR","C",10,"202411_GCW_TR_LysC_10cm",2024,11,19,"12:09","EST",12.47,1038.21496961119,NA,0.4907,35.0332340951116,"","11/28/2024 12:49:18 PM","TN Standard Curve stopped then restarted, but looks fine.","Collected on 11-19-2024, but then left overnight and collected some also on 11-20-2024"
"447","COMPASS: Synoptic","CB","GCW","TR","C",20,"202411_GCW_TR_LysC_20cm",2024,11,19,"12:09","EST",4.862,404.795604029639,NA,0.2685,19.1693975026237,"","11/28/2024 1:16:17 PM","TN Standard Curve stopped then restarted, but looks fine.","Collected on 11-19-2024, but then left overnight and collected some also on 11-20-2024"
"448","COMPASS: Synoptic","CB","GCW","TR","C",45,"202411_GCW_TR_LysC_45cm",2024,11,19,"12:09","EST",4.062,338.189992506869,NA,1.527,109.019255070788,"","11/28/2024 1:44:12 PM","TN Standard Curve stopped then restarted, but looks fine.",""
"449","COMPASS: Synoptic","CB","MSM","TR","A",10,"202411_MSM_TR_LysA_10cm",2024,11,21,"12:24","EST",25.5,2123.05386728832,NA,1.301,92.8841197426946,"","11/28/2024 11:09:26 PM","TN Standard Curve stopped then restarted, but looks fine.",""
"450","COMPASS: Synoptic","CB","MSM","TR","A",20,"202411_MSM_TR_LysA_20cm",2024,11,21,"12:24","EST",25.9,2156.3566730497,NA,3.201,228.533487545246,"value above cal curve","11/28/2024 11:26:00 PM","TN Standard Curve stopped then restarted, but looks fine.",""
"451","COMPASS: Synoptic","CB","MSM","TR","B",10,"202411_MSM_TR_LysB_10cm",2024,11,21,"12:32","EST",31.21,2598.4514195321,NA,2.138,152.641235979924,"","11/28/2024 11:43:18 PM","TN Standard Curve stopped then restarted, but looks fine.",""
"452","COMPASS: Synoptic","CB","MSM","TR","B",20,"202411_MSM_TR_LysB_20cm",2024,11,21,"12:32","EST",40.56,3376.90450420448,NA,4.342,309.994502630884,"value above cal curve","11/29/2024 12:00:31 AM","TN Standard Curve stopped then restarted, but looks fine.",""
"453","COMPASS: Synoptic","CB","MSM","TR","B",45,"202411_MSM_TR_LysB_45cm",2024,11,21,"12:32","EST",31.4,2614.27025226875,NA,3.563,254.378261831838,"value above cal curve","11/29/2024 12:27:58 AM","TN Standard Curve stopped then restarted, but looks fine.",""
"454","COMPASS: Synoptic","CB","MSM","TR","C",20,"202411_MSM_TR_LysC_20cm",2024,11,21,"12:43","EST",26.18,2179.66863708267,NA,3.702,264.302084002656,"value above cal curve","11/29/2024 12:45:22 AM","TN Standard Curve stopped then restarted, but looks fine.",""
"455","COMPASS: Synoptic","CB","MSM","TR","C",45,"202411_MSM_TR_LysC_45cm",2024,11,21,"12:43","EST",17.17,1429.52293730747,NA,2.119,151.284742301898,"","11/29/2024 2:01:22 AM","TN Standard Curve stopped then restarted, but looks fine.",""
"456","COMPASS: Synoptic","CB","SWH","WC","A",10,"202411_SWH_WC_LysA_10cm",2024,11,12,"13:30","EDT",7.483,623.012238781117,NA,0.3939,28.1222557775922,"","11/27/2024 3:46:47 PM","TN Standard Curve stopped then restarted, but looks fine.",""
"457","COMPASS: Synoptic","CB","SWH","WC","A",20,"202411_SWH_WC_LysA_20cm",2024,11,12,"13:35","EDT",9.989,831.654316876197,NA,0.4348,31.0422869055523,"","11/27/2024 4:12:57 PM","TN Standard Curve stopped then restarted, but looks fine.",""
"458","COMPASS: Synoptic","CB","SWH","WC","A",45,"202411_SWH_WC_LysA_45cm",2024,11,12,"13:40","EDT",7.82,651.069852635085,NA,0.4083,29.1503351967273,"","11/27/2024 4:39:31 PM","TN Standard Curve stopped then restarted, but looks fine.",""
"459","COMPASS: Synoptic","CB","SWH","WC","B",10,"202411_SWH_WC_LysB_10cm",2024,11,12,"13:45","EDT",7.079,589.376404962118,NA,0.3813,27.2226862858489,"","11/27/2024 5:07:50 PM","TN Standard Curve stopped then restarted, but looks fine.",""
"460","COMPASS: Synoptic","CB","SWH","WC","B",20,"202411_SWH_WC_LysB_20cm",2024,11,12,"13:50","EDT",7.998,665.889601198901,NA,0.3959,28.2650445858054,"","11/27/2024 6:33:52 PM","TN Standard Curve stopped then restarted, but looks fine.",""
"461","COMPASS: Synoptic","CB","SWH","WC","C",10,"202411_SWH_WC_LysC_10cm",2024,11,12,"14:00","EDT",6.868,571.809174922987,NA,0.3467,24.7524399037603,"","11/27/2024 7:01:41 PM","TN Standard Curve stopped then restarted, but looks fine.",""
"462","COMPASS: Synoptic","CB","SWH","WC","C",20,"202411_SWH_WC_LysC_20cm",2024,11,12,"14:05","EDT",6.312,525.518274914662,NA,0.3338,23.8314520907851,"","11/27/2024 7:17:56 PM","TN Standard Curve stopped then restarted, but looks fine.",""
"463","COMPASS: Synoptic","CB","SWH","WC","C",45,"202411_SWH_WC_LysC_45cm",2024,11,12,"14:10","EDT",11.27,938.306552327034,NA,0.4774,34.0836885204938,"","11/27/2024 7:45:19 PM","TN Standard Curve stopped then restarted, but looks fine.",""
"464","COMPASS: Synoptic","CB","GWI","WC","A",10,"202411_GWI_WC_LysA_10cm",2024,11,14,"11:35","EDT",13.98,1163.93306136042,NA,0.7687,54.8808784367481,"","11/28/2024 5:17:18 AM","TN Standard Curve stopped then restarted, but looks fine.",""
"465","COMPASS: Synoptic","CB","GWI","WC","A",20,"202411_GWI_WC_LysA_20cm",2024,11,14,"11:37","EDT",50.26,4184.49754391808,NA,1.847,131.865464384901,"","11/28/2024 5:33:41 AM","TN Standard Curve stopped then restarted, but looks fine.",""
"466","COMPASS: Synoptic","CB","GWI","WC","A",45,"202411_GWI_WC_LysA_45cm",2024,11,14,"11:40","EDT",35.02,2915.66064440929,NA,1.414,100.951687406741,"","11/28/2024 5:50:32 AM","TN Standard Curve stopped then restarted, but looks fine.",""
"467","COMPASS: Synoptic","CB","GWI","WC","B",10,"202411_GWI_WC_LysB_10cm",2024,11,14,"11:42","EDT",15.3,1273.83232037299,NA,0.7861,56.1231410682031,"","11/28/2024 6:18:17 AM","TN Standard Curve stopped then restarted, but looks fine.",""
"468","COMPASS: Synoptic","CB","GWI","WC","B",20,"202411_GWI_WC_LysB_20cm",2024,11,14,"11:45","EDT",27.68,2304.55415868787,NA,1.215,86.7442009895264,"","11/28/2024 6:34:22 AM","TN Standard Curve stopped then restarted, but looks fine.",""
"469","COMPASS: Synoptic","CB","GWI","WC","B",45,"202411_GWI_WC_LysB_45cm",2024,11,14,"11:50","EDT",60.75,5057.86362501041,NA,1.942,138.647932775029,"","11/28/2024 7:02:51 AM","TN Standard Curve stopped then restarted, but looks fine.",""
"470","COMPASS: Synoptic","CB","GWI","WC","C",10,"202411_GWI_WC_LysC_10cm",2024,11,14,"11:52","EDT",13.63,1134.79310631921,NA,0.7627,54.4525120121085,"","11/28/2024 7:31:41 AM","TN Standard Curve stopped then restarted, but looks fine.",""
"471","COMPASS: Synoptic","CB","GCW","WC","A",10,"202411_GCW_WC_LysA_10cm",2024,11,19,"10:42","EST",9.829,818.333194571643,NA,0.8915,63.6481112610393,"","11/28/2024 2:08:45 PM","TN Standard Curve stopped then restarted, but looks fine.",""
"472","COMPASS: Synoptic","CB","GCW","WC","A",20,"202411_GCW_WC_LysA_20cm",2024,11,19,"10:42","EST",11.3,940.804262759138,NA,1.903,135.863551014871,"","11/28/2024 2:35:32 PM","TN Standard Curve stopped then restarted, but looks fine.",""
"473","COMPASS: Synoptic","CB","GCW","WC","A",45,"202411_GCW_WC_LysA_45cm",2024,11,19,"10:42","EST",41.34,3441.84497543918,NA,4.674,333.697444794277,"value above cal curve","11/28/2024 4:12:45 PM","TN Standard Curve stopped then restarted, but looks fine.",""
"474","COMPASS: Synoptic","CB","GCW","WC","B",10,"202411_GCW_WC_LysB_10cm",2024,11,19,"10:50","EST",10.03,835.067854466739,NA,1.392,99.3810105163957,"","11/28/2024 4:39:29 PM","TN Standard Curve stopped then restarted, but looks fine.",""
"475","COMPASS: Synoptic","CB","GCW","WC","B",20,"202411_GCW_WC_LysB_20cm",2024,11,19,"10:50","EST",10.34,860.877528931813,NA,2.189,156.282350589361,"","11/28/2024 4:59:27 PM","TN Standard Curve stopped then restarted, but looks fine.",""
"476","COMPASS: Synoptic","CB","GCW","WC","B",45,"202411_GCW_WC_LysB_45cm",2024,11,19,"10:50","EST",33.62,2799.10082424444,NA,4.603,328.628442102708,"value above cal curve","11/28/2024 5:23:58 PM","TN Standard Curve stopped then restarted, but looks fine.",""
"477","COMPASS: Synoptic","CB","GCW","WC","C",10,"202411_GCW_WC_LysC_10cm",2024,11,19,"11:05","EST",5.75,478.727832819915,NA,0.5106,36.4539827368331,"","11/28/2024 5:44:20 PM","TN Standard Curve stopped then restarted, but looks fine.",""
"478","COMPASS: Synoptic","CB","GCW","WC","C",20,"202411_GCW_WC_LysC_20cm",2024,11,19,"11:05","EST",5.141,428.024311048206,NA,0.4077,29.1074985542633,"","11/28/2024 6:12:39 PM","TN Standard Curve stopped then restarted, but looks fine.",""
"479","COMPASS: Synoptic","CB","GCW","WC","C",45,"202411_GCW_WC_LysC_45cm",2024,11,19,"11:05","EST",8.213,683.789859295646,NA,1.014,72.3939257640986,"","11/28/2024 6:32:42 PM","TN Standard Curve stopped then restarted, but looks fine.",""
"480","COMPASS: Synoptic","CB","MSM","WC","A",20,"202411_MSM_WC_LysA_20cm",2024,11,21,"11:28","EST",14.05,1169.76105236866,NA,1.704,121.656064597657,"","11/29/2024 2:18:27 AM","TN Standard Curve stopped then restarted, but looks fine.",""
"481","COMPASS: Synoptic","CB","MSM","WC","A",45,"202411_MSM_WC_LysA_45cm",2024,11,21,"12:10","EST",83.69,6967.77953542586,NA,1.958,139.790243240735,"","11/29/2024 2:35:32 AM","TN Standard Curve stopped then restarted, but looks fine.",""
"482","COMPASS: Synoptic","CB","MSM","WC","B",10,"202411_MSM_WC_LysB_10cm",2024,11,21,"11:41","EST",13.13,1093.16459911748,NA,1.717,122.584191851043,"","11/29/2024 3:00:20 AM","TN Standard Curve stopped then restarted, but looks fine.",""
"483","COMPASS: Synoptic","CB","MSM","WC","B",20,"202411_MSM_WC_LysB_20cm",2024,11,21,"11:41","EST",18.52,1541.91990675214,NA,2.443,174.416529232439,"","11/29/2024 3:26:51 AM","TN Standard Curve stopped then restarted, but looks fine.",""
"484","COMPASS: Synoptic","CB","MSM","WC","C",20,"202411_MSM_WC_LysC_20cm",2024,11,21,"11:45","EST",28.31,2357.00607776205,NA,3.779,269.799453118865,"value above cal curve","11/29/2024 3:47:59 AM","TN Standard Curve stopped then restarted, but looks fine.",""
"485","COMPASS: Synoptic","CB","SWH","SW","A",0,"202411_SWH_SW_A",2024,11,12,"13:10","EDT",5.602,466.405794688203,NA,0.4266,30.4568527918782,"","11/27/2024 8:13:10 PM","TN Standard Curve stopped then restarted, but looks fine.",""
"486","COMPASS: Synoptic","CB","SWH","SW","B",0,"202411_SWH_SW_B",2024,11,12,"13:10","EDT",5.635,469.153276163517,NA,0.4051,28.9218731035861,"","11/27/2024 8:40:17 PM","TN Standard Curve stopped then restarted, but looks fine.",""
"487","COMPASS: Synoptic","CB","SWH","SW","C",0,"202411_SWH_SW_C",2024,11,12,"13:10","EDT",5.674,472.400299725252,NA,0.4204,30.0142074864172,"","11/27/2024 9:00:23 PM","TN Standard Curve stopped then restarted, but looks fine.",""
"488","COMPASS: Synoptic","CB","GWI","SW","A",0,"202411_GWI_SW_A",2024,11,14,"10:00","EDT",3.097,257.846973607526,NA,0.3065,21.8823848586748,"","11/28/2024 7:59:20 AM","TN Standard Curve stopped then restarted, but looks fine.",""
"489","COMPASS: Synoptic","CB","GWI","SW","B",0,"202411_GWI_SW_B",2024,11,14,"10:00","EDT",2.946,245.275164432603,NA,0.2854,20.3759629320254,"","11/28/2024 8:26:42 AM","TN Standard Curve stopped then restarted, but looks fine.",""
"490","COMPASS: Synoptic","CB","GWI","SW","C",0,"202411_GWI_SW_C",2024,11,14,"10:00","EDT",2.935,244.359337274165,NA,0.3041,21.7110382888189,"","11/28/2024 8:54:10 AM","TN Standard Curve stopped then restarted, but looks fine.",""
"491","COMPASS: Synoptic","CB","GCW","SW","A",0,"202411_GCW_SW_A",2024,11,19,"10:14","EST",4.242,353.176255099492,NA,0.5064,36.1541262395853,"","11/28/2024 7:00:46 PM","TN Standard Curve stopped then restarted, but looks fine.",""
"492","COMPASS: Synoptic","CB","GCW","SW","B",0,"202411_GCW_SW_B",2024,11,19,"10:14","EST",4.272,355.673965531596,NA,0.4601,32.8485653294495,"","11/28/2024 7:28:02 PM","TN Standard Curve stopped then restarted, but looks fine.",""
"493","COMPASS: Synoptic","CB","GCW","SW","C",0,"202411_GCW_SW_C",2024,11,19,"10:14","EST",4.276,356.00699358921,NA,0.4376,31.2421912370508,"","11/28/2024 7:55:00 PM","TN Standard Curve stopped then restarted, but looks fine.",""
"494","COMPASS: Synoptic","CB","MSM","SW","A",0,"202411_MSM_SW_A",2024,11,21,"12:00","EST",4.883,406.544001332112,NA,0.4564,32.584406034255,"","11/29/2024 4:15:05 AM","TN Standard Curve stopped then restarted, but looks fine.",""
"495","COMPASS: Synoptic","CB","MSM","SW","B",0,"202411_MSM_SW_B",2024,11,21,"12:00","EST",5.654,470.735159437183,NA,0.434,30.9851713822671,"","11/29/2024 4:20:22 PM","TN Standard Curve stopped then restarted, but looks fine.",""
"496","COMPASS: Synoptic","CB","MSM","SW","C",0,"202411_MSM_SW_C",2024,11,21,"12:00","EST",5.398,449.421363749896,NA,0.426,30.4140161494142,"","11/29/2024 4:47:43 PM","TN Standard Curve stopped then restarted, but looks fine.",""
