"","IDs","H2S_mean","H2S_sd","H2S_cv","H2S_flag","Dilution","H2S_cv_flag"
"1","21",81.0483415775538,0.63695631984821,0.785896796220953,"Within_Range",5,"within range"
"2","33",0,0,0,"bdl",1,"within range"
"3","34",20.5785108064284,1.59239079962053,7.73812456401405,"Within_Range",1,"within range"
"4","33 Spike",3.77873504238418,0.382173791908924,10.1138023074461,"Within_Range",1,"High CV"
"5","35",5.31008189487079,0.127391263969642,2.39904518408076,"Within_Range",1,"within range"
"6","36",8.91325095954516,0.23832723192124,2.67385304198146,"Within_Range",1,"within range"
"7","37",0,0,0,"bdl",1,"within range"
"8","38",0,0,0,"bdl",1,"within range"
"9","39",0,0,0,"bdl",1,"within range"
