"Year","Plot","Site","Zone","Replicate","Date","TIMESTAMP","TIMESTAMP_min","TIMESTAMP_max","Notes","ch4_HM81_AIC","ch4_HM81_flux.estimate","ch4_HM81_p.value","ch4_HM81_r.squared","ch4_HM81_RMSE","ch4_lin_AIC","ch4_lin_flux.estimate","ch4_lin_flux.std.error","ch4_lin_int.estimate","ch4_lin_int.std.error","ch4_lin_p.value","ch4_lin_r.squared","ch4_lin_RMSE","ch4_poly_AIC","ch4_poly_r.squared","ch4_poly_RMSE","ch4_rob_AIC","ch4_rob_converged","ch4_rob_flux.estimate","ch4_rob_flux.std.error","ch4_rob_RMSE","ch4_qaqc_flag","co2_HM81_AIC","co2_HM81_flux.estimate","co2_HM81_p.value","co2_HM81_r.squared","co2_HM81_RMSE","co2_lin_AIC","co2_lin_flux.estimate","co2_lin_flux.std.error","co2_lin_int.estimate","co2_lin_int.std.error","co2_lin_p.value","co2_lin_r.squared","co2_lin_RMSE","co2_poly_AIC","co2_poly_r.squared","co2_poly_RMSE","co2_rob_AIC","co2_rob_converged","co2_rob_flux.estimate","co2_rob_flux.std.error","co2_rob_RMSE","co2_qaqc_flag","HydraGO_Notes","Latitude","Longitude","Soil.Moisture.wfv","Soil.Moisture.percent","Soil.Temperature.C","Soil.Temperature.F","Bulk.EC.Raw.dS.per.m.","Bulk.EC.TC.dS.per.m","Pore.Water.EC.dS.per.m","Pore.Water.EC.Offset","Raw.Real.Dielectric","Raw.Imaginary.Dielectric","Loss.Tangent","soil.EC.10cm.TEROS","soil.salinity.10cm.TEROS","soil.temp.10cm.TEROS","soil.vwc.10cm.TEROS"
2024,"GCW_WC_1_202404","GCW","WC",1,202404,"2024-04-09 13:37:34.5","2024-04-09 13:35:10","2024-04-09 13:39:59","",3177.17898035178,2.02837618445704,1.27703709434444e-134,0.879991018875206,57.5164879894329,1793.13218788605,1.97541068468459,0.00371053935911658,68660.748466698,0.652026339934502,0,0.998984895628517,5.28981927158301,1641.4002239724,0.999406676404075,4.05830350235571,1793.79665054436,TRUE,1.97731334593982,0.00371311059050396,5.09848906394545,NA,NA,NA,NA,NA,NA,2489.03686195399,2.71926950079182,0.012317399925366,14113.5148893577,2.16444791809404,2.47032822920623e-323,0.994125548744445,17.559932180994,2487.23925345536,0.994241823187965,17.4459614093958,2489.13332888323,TRUE,2.71921758293146,0.0130350704829461,17.7455054797856,NA,NA,38.874955,-76.550029,0.885,88.5,21.3,70.3,4.46,4.68,4.01,3.4,95.4,160.3,1.68,3169.5,5.07290029406745,11.25,0.5619000385
2024,"GCW_WC_1_202405","GCW","WC",1,202405,"2024-05-23 10:15:04.5","2024-05-23 10:12:40","2024-05-23 10:17:29","Raining",4239.1455967112,14.9948521825907,1.13245033543533e-142,0.894483532592228,358.901715885416,3167.6476919622,13.1352304022904,0.0396873129369132,87287.4721246025,6.97396547822946,0,0.997377713443363,56.5790286781952,2477.05174668629,0.999760956984789,17.1422044141807,3167.64769196219,TRUE,13.1352304022904,0.0396873129369132,84.6358723654427,NA,4069.97842769883,11.1724537155229,9.54520564084711e-142,0.892910586321966,268.105630447902,3096.88713286253,9.73446759161762,0.0351291264330987,27284.4429612325,6.17298821450125,0,0.996263397022895,50.0807866498211,2685.05420246583,0.999109284095707,24.5366628271128,3096.89737184678,TRUE,9.73652130113113,0.0365050993149619,63.9964298389565,NA,NA,38.874961,-76.550015,0.841,84.1,24.2,75.5,4.46,4.5,4.21,3.4,87.6,160.3,1.83,3509.5,5.28137174640414,20.75,0.567507133
2024,"GCW_WC_1_202406","GCW","WC",1,202406,"2024-06-19 04:23:34.5","2024-06-19 04:21:10","2024-06-19 04:25:59","8:21:00 AM, written time",3966.52229799986,8.07019288841971,1.92867266335556e-135,0.881555363587284,224.305375947952,2369.59832328784,7.75657495244227,0.0100250240868855,65871.1961024896,1.76162523301827,0,0.999519144633492,14.2918752451979,2022.1928743468,0.999856859938183,7.82484620636399,2376.04807653192,TRUE,7.73337786605264,0.00860973306926466,12.4659510377102,NA,4232.15161737397,13.3737173499677,5.8643332518994e-138,0.886225781394111,354.599858299986,2895.95635022901,12.507268514113,0.0248435513395046,13955.2205661733,4.36557823085016,0,0.998864984781421,35.4174646678755,2566.54095712635,0.999640507582125,20.0020598209927,2896.66301767964,TRUE,12.4866972178195,0.0257994935164944,37.3324883333128,NA,NA,38.8743,-76.550373,0.942,94.2,28.3,83,4.66,4.46,3.42,3.4,105.838,167.554,1.58,5619,7.92381566817491,22.6,0.589322629
2024,"GCW_WC_1_202407","GCW","WC",1,202407,"2024-07-16 08:50:34.5","2024-07-16 08:48:10","2024-07-16 08:52:59","licor time used",4176.8531935801,24.5766613897328,2.40923843900514e-180,0.942218877208546,322.353214583305,3892.63476560125,15.7895928775596,0.138519246020755,73420.5282538739,24.3409888030141,1.20826876670783e-241,0.978315481293475,197.475813128201,2853.18566879915,0.999406371604106,32.7875962063034,3893.08806128268,TRUE,15.7102988708874,0.143607046876974,250.697363333483,NA,NA,NA,NA,NA,NA,3162.07503322453,13.1736526448958,0.0393078219522498,14298.975515844,6.9072802624642,0,0.997442439740844,56.0380187252534,2640.23767227589,0.999582795386981,22.7121167879412,3162.29281535958,TRUE,13.1657994220265,0.0425534857973598,60.8551892281629,NA,NA,38.874474,-76.550154,0.95,95,34.6,94.2,3.65,3.22,1.96,3.4,132.469,131.405,0.99,5722.5,7.75837298626159,24.3,0.5994216055
2024,"GCW_WC_1_202408","GCW","WC",1,202408,"2024-08-13 08:52:34.5","2024-08-13 08:50:10","2024-08-13 08:54:59","licor time used",4283.60469028757,14.0262326039733,3.51322334160089e-135,0.881061290593655,387.494706755164,2802.23574623827,13.3702761858782,0.0211367021365936,77310.3370798668,3.71420033547093,0,0.99928076020077,30.132906156932,2464.27029164556,0.999778814083922,16.7685737701006,2803.21467217126,TRUE,13.3837667249369,0.0223876158884309,29.3220999496005,NA,4182.04980699101,10.7205542593296,2.00692613398229e-131,0.873701050718608,325.25437299855,2481.64407731053,10.8927563058787,0.0121613964598612,18786.3867881699,2.13703455340886,0,0.999641137625986,17.3375305141761,2443.87591277622,0.999689274215264,16.189191100373,2481.64993786237,TRUE,10.8932222638655,0.0125121481484739,15.5541724055092,NA,NA,38.874995,-76.549989,0.95,95,23,73.4,4.05,4.18,2.28,3.4,148,145.9,0.99,4918.5,6.57798448180501,21.25,0.6073774345
2024,"GCW_WC_1_202409","GCW","WC",1,202409,"2024-09-10 09:50:34.5","2024-09-10 09:48:10","2024-09-10 09:52:59","licor time used",3831.0669831853,6.70310453317009,1.44944931905043e-133,0.877950315657373,177.587733967572,2845.99801448547,6.03876239477994,0.0227932206947822,70903.3652476856,4.00528840326775,0,0.995913705115391,32.4944722110184,2663.43930084295,0.997852439054565,23.6390822330817,2846.08570185788,TRUE,6.0401599890942,0.0256048101432769,34.0271540943415,NA,NA,NA,NA,NA,NA,2786.45376525493,5.32516032590911,0.0205693202027723,13163.8857043544,3.61449839732937,0,0.995721369154793,29.3240351014339,2542.94069697698,0.998177626588921,19.204510159613,2789.97253494513,TRUE,5.35762706651213,0.0197000586669545,29.0237591214689,NA,NA,38.874352,-76.55023,0.95,95,18.8,65.8,3.6,3.96,2.24,3.4,142.194,129.605,0.91,6185.5,8.94323878715324,15.75,0.5923773415
2024,"GCW_WC_1_202410","GCW","WC",1,202410,"2024-10-02 09:07:34.5","2024-10-02 09:05:10","2024-10-02 09:09:59","licor time used",NA,NA,NA,NA,NA,2336.80062676471,8.85690232045243,0.00947386185818731,70020.9431922528,1.66477346676351,0,0.999670587717819,13.506127326375,2311.97188488224,0.999701759368534,12.8960758288552,2338.7620300667,TRUE,8.84558815212629,0.00771640357684002,9.51639649841357,NA,NA,NA,NA,NA,NA,2472.35928361118,4.08006899495033,0.0119682635880792,13746.5297050347,2.10309670574807,0,0.997528020480825,17.0621964216759,2475.37749407463,0.997536375170614,17.0927923512982,2472.83092420437,TRUE,4.07563684095079,0.0118162276566781,16.50225711827,NA,"HydraGO was broken, no data",NA,NA,NA,NA,NA,NA,NA,NA,NA,NA,NA,NA,NA,6551.5,8.97824410660298,20.85,0.602763364
2024,"GCW_WC_1_202411","GCW","WC",1,202411,"2024-11-19 07:52:34.5","2024-11-19 07:50:10","2024-11-19 07:54:59","",3382.27531657354,3.43714937958165,2.99637599453433e-134,0.879278476149388,81.9153197038343,2724.7433663595,2.78889820988104,0.0184932058938417,73827.5818351942,3.24967779225703,4.51885018430062e-276,0.987494920960583,26.3642849361628,2575.61230417131,0.992624993825409,20.3173563391425,2726.81385780234,TRUE,2.78774398193124,0.0160079349090686,21.9219690536237,NA,NA,NA,NA,NA,NA,2683.4082105182,1.11722506330284,0.0172211091170165,15284.7627563516,3.02614139359359,6.61349693058529e-174,0.935954568844739,24.5507582776096,2465.91787244437,0.970160503350874,16.8162752486917,2684.16268847443,TRUE,1.12910879968446,0.0185837662000729,24.9048802518614,NA,NA,38.874536,-76.550185,0.95,95,14.2,57.6,4.38,4.57,2.45,3.4,149.6,157.459,1.05,8847.5,12.7045172548377,10.55,0.6047086825
2024,"GCW_WC_2_202404","GCW","WC",2,202404,"2024-04-09 13:45:34.5","2024-04-09 13:43:10","2024-04-09 13:47:59","",2807.33102462523,1.08749086899492,1.44023647635711e-137,0.885513972365821,30.3987887891924,1850.65650645045,1.0672166338892,0.00409741835331737,68388.9278888803,0.720009797370818,0,0.995772650769057,5.84136171898106,1714.76594893031,0.997390407955194,4.6055295559659,1851.06411668022,TRUE,1.06888968586933,0.00420863899544205,6.28773732749561,NA,3199.08022533883,1.8363807046222,9.85950690866878e-126,0.861674552499888,59.7298814250903,2474.70662594762,1.90085057815376,0.0120167989984271,14328.8260957572,2.1116254836166,5.66636251946292e-282,0.988621003702285,17.1313894753438,2450.04632042054,0.989691790812737,16.3623413852762,2474.84087904264,TRUE,1.90431571992088,0.012005086337513,17.0203315298045,NA,NA,38.87495,-76.550024,0.707,70.7,20.3,68.5,4.24,4.48,5.63,3.4,66.1,152.5,2.31,3169.5,5.07290029406745,11.25,0.5619000385
2024,"GCW_WC_2_202405","GCW","WC",2,202405,"2024-05-23 10:25:04.5","2024-05-23 10:22:40","2024-05-23 10:27:29","Raining",NA,NA,NA,NA,NA,2645.65529132789,5.53265948470525,0.0161358687332689,74337.8312120282,2.83543992222246,0,0.997556306536416,23.0036178377317,2615.55201561544,0.997827424984966,21.7657380479342,2646.9146073351,TRUE,5.54542253720793,0.0162765361898397,24.3325260562459,NA,NA,NA,NA,NA,NA,3397.22381329483,9.56492448668453,0.0589595999111477,16658.7735070073,10.3605455739515,4.26095818211301e-285,0.989175402407137,84.0539872157745,3017.8505821229,0.997114077979351,43.5519858860554,3401.17175830308,TRUE,9.46297534622314,0.060057660535246,82.6357992675276,NA,NA,38.874749,-76.549802,0.683,68.3,23.9,75.1,4.46,4.51,6.01,3.4,62.5,160.5,2.57,3487,5.24829594921182,20.8,0.5673228805
2024,"GCW_WC_2_202406","GCW","WC",2,202406,"2024-06-19 04:32:34.5","2024-06-19 04:30:10","2024-06-19 04:34:59","8:30:00 AM,written time",4090.04201116052,10.7130731416066,3.10166075332568e-137,0.884902717974493,277.542321536046,2671.18388362558,9.73422905105181,0.0168619479032739,70089.8688360796,2.96302858195676,0,0.99913656488964,24.0387308535122,2341.63791880255,0.999726648025642,13.5728489985764,2702.19836374668,TRUE,9.65152988941582,0.0110087854850924,14.7275704252111,NA,NA,NA,NA,NA,NA,2523.67702591829,12.9847721581258,0.0130754615751334,13902.3020652346,2.2976566285011,0,0.999708048260822,18.64064006087,2493.93961911774,0.999740111517303,17.6486719795369,2523.70981164937,TRUE,12.9831250145554,0.012865165552735,16.854858269086,NA,NA,38.874404,-76.550255,0.95,95,28.3,83,4.89,4.68,3.35,3.4,112.988,175.794,1.56,5619,7.92381566817491,22.6,0.589322629
2024,"GCW_WC_2_202407","GCW","WC",2,202407,"2024-07-16 08:40:34.5","2024-07-16 08:38:10","2024-07-16 08:42:59","",NA,NA,NA,NA,NA,2977.57902606533,12.3663804021955,0.0285977192135347,106279.819766321,5.02527109528224,0,0.9984621934553,40.7694816246585,2876.95534527741,0.998927935995636,34.1592181319855,2979.36997452276,TRUE,12.3557250622844,0.0270960754698108,41.1643880177305,NA,NA,NA,NA,NA,NA,2590.58451289211,14.0509779727086,0.0146742616002977,14839.2674589023,2.5786022344637,0,0.999685981309687,20.9199214175662,2584.90241916329,0.999696292223578,20.6454086332024,2590.74910475776,TRUE,14.0498161172275,0.0143863808911296,20.5439527551243,NA,NA,38.874473,-76.550155,0.937,93.7,34.6,94.2,4.4,3.87,2.99,3.4,104.874,158.229,1.51,5722.5,7.75837298626159,24.3,0.5994216055
2024,"GCW_WC_2_202408","GCW","WC",2,202408,"2024-08-13 09:06:44.553265","2024-08-13 09:04:20","2024-08-13 09:09:09","",4114.0079947532,9.77419687423916,1.26446494290825e-132,0.875201888362688,282.292209118996,2323.41645282364,9.52701388823741,0.0091308540497515,72638.5876029595,1.60432252392383,0,0.999734605588597,13.0178952343154,2105.51887194244,0.999876198135315,8.92208695183257,2323.77746346199,TRUE,9.53234187632665,0.00969803745535878,13.3529922925032,NA,4311.8980490146,13.2872871750081,6.66343365900945e-132,0.873758935161524,396.612610604337,2624.0797258024,13.3076919695836,0.0153062737793424,14836.9905565144,2.68936505257272,0,0.999617822330183,21.8222159068079,2585.01495923347,0.999670394423739,20.3362767063919,2624.13330927449,TRUE,13.305897481016,0.0161682168815529,24.1752017044284,NA,NA,38.874975,-76.550004,0.95,95,23.5,74.3,4.51,4.63,2.68,3.4,139.4,162.1,1.16,4918.5,6.57798448180501,21.25,0.6073774345
2024,"GCW_WC_2_202409","GCW","WC",2,202409,"2024-09-10 09:58:34.5","2024-09-10 09:56:10","2024-09-10 10:00:59","",4847.74276547797,43.6091555356005,5.1991919580594e-139,0.888123327095259,1024.90380920419,4225.66631768363,36.2362498397174,0.245968039703723,73048.9365374263,43.222190939666,3.48835423662341e-273,0.986904011911304,350.656966734892,3769.67159043463,0.997319194749814,159.20591387506,4225.78916814636,TRUE,36.3099630597438,0.251175430467412,483.879957490099,NA,3856.52964666934,5.84542741533546,1.85359943830362e-131,0.873770702329414,185.557704030128,2691.54685098707,6.21008167666389,0.0174644614935358,13760.8358726746,3.06890395289281,0,0.997727414837111,24.8976863024896,2546.6400202202,0.998640052370134,19.3273907401133,2692.40842141844,TRUE,6.22561143313472,0.0168295255227406,22.0583454147474,NA,NA,38.874457,-76.550191,0.95,95,18.8,65.8,4.54,4.99,3.33,3.4,120.892,163.202,1.35,6178,8.92985742668409,15.75,0.5924743165
2024,"GCW_WC_2_202410","GCW","WC",2,202410,"2024-10-02 09:14:34.5","2024-10-02 09:12:10","2024-10-02 09:16:59","",4377.49681307664,16.3962989470556,4.03137441140855e-135,0.880947658610571,455.586299159695,2797.24983124924,15.7138623186832,0.0209557812302668,77460.6503832933,3.68240840848866,0,0.999488068413775,29.8749816871192,2295.10379184159,0.999910623317583,12.5264216652913,2797.25134659371,TRUE,15.7146751343641,0.021678960312734,39.0429017886349,NA,3737.25769564099,4.87122731591654,1.056890248696e-127,0.86596131289383,151.067175951149,2468.99905541525,4.90772428393876,0.0118991259579124,14146.4348647397,2.09094764826978,0,0.998309840653975,16.9636324305545,2470.45644799646,0.998324594542288,16.9483809912618,2469.22885172692,TRUE,4.90427914300291,0.0120478471883833,17.4413819989655,NA,"HydraGO was broken, no data",NA,NA,NA,NA,NA,NA,NA,NA,NA,NA,NA,NA,NA,6551.5,8.97824410660298,20.85,0.602763364
2024,"GCW_WC_2_202411","GCW","WC",2,202411,"2024-11-19 08:00:34.5","2024-11-19 07:58:10","2024-11-19 08:02:59","",3716.44782033846,4.84190687268859,1.30006471793276e-132,0.876077585073347,145.743104899201,2202.18669224235,4.92674642385222,0.0075115634962502,72334.7878335077,1.31995291779136,0,0.999330975376549,10.7086354560713,2099.20377104288,0.999537376179566,8.93594127659049,2202.28386838099,TRUE,4.92450530660046,0.00763192242334271,10.7285207429356,NA,3074.85723991556,1.63934090562807,3.55277941366225e-126,0.86265103327832,48.2142615699543,2433.4549542447,1.53696616362581,0.0111918072540341,14896.1454165385,1.96665563004233,1.59881557643123e-264,0.984958803498175,15.9552647112541,2431.10905130492,0.98528436629394,15.836730755738,2433.50041289885,TRUE,1.53500274415143,0.0116390298260291,16.6641633196035,NA,NA,38.874536,-76.550185,0.95,95,13.6,56.5,3.93,4.12,2.68,3.4,124.062,141.385,1.14,8847.5,12.7045172548377,10.55,0.6047086825
2024,"GCW_WC_3_202404","GCW","WC",3,202404,"2024-04-09 13:53:34.5","2024-04-09 13:51:10","2024-04-09 13:55:59","",2750.89206509716,1.0097937133325,2.57568633056949e-132,0.875488099783463,27.5800921692609,1701.16207275908,0.92887487286652,0.00316644048581862,68276.9322054365,0.556415766219036,0,0.996664432929196,4.51414101377216,1682.03810863678,0.996920076084816,4.35284802001454,1701.31539142836,TRUE,0.929553995832341,0.0032612606233198,4.10780710346189,NA,3342.56624343973,2.47615616490881,3.22262429610889e-126,0.862743980163009,76.4947497639948,2500.01664138445,2.44861783012166,0.0125527974485303,13687.9432238712,2.20581262834334,6.05993257126486e-308,0.992487979398029,17.8955196075114,2502.26980547457,0.992533092588083,17.903978108734,2500.21207643429,TRUE,2.45081267155984,0.0125614287538895,17.3607657440376,NA,NA,38.874941,-76.550026,0.659,65.9,19.7,67.5,4.15,4.43,6.27,3.4,59.1,149.1,2.52,3152,5.04340856451194,11.25,0.561917494
2024,"GCW_WC_3_202405","GCW","WC",3,202405,"2024-05-23 10:46:44.5","2024-05-23 10:44:20","2024-05-23 10:49:09","Raining",3531.29644370712,18.3282368017844,1.98956313107417e-191,0.951601189938372,105.913106184456,3994.83814215292,4.99826685233377,0.165210760407539,76726.6073308498,29.0312962619995,2.03991852109741e-91,0.76065766819846,235.527770950461,3505.67913632448,0.956300066438448,100.991768804854,4037.40316228999,TRUE,4.10781825186797,0.111554588313974,119.420521629801,"low r squared, but checked and flux is okay",3747.58668186015,30.5075285141094,1.62247609316703e-235,0.976083257650192,153.781568419769,4242.50198965814,11.0295804071101,0.25321239139573,20959.4259190744,44.4951886528778,9.19904639022607e-129,0.868213493257069,360.984659687764,3779.32248221072,0.973682886755474,161.877178253608,4271.96340867629,TRUE,10.0552040882028,0.182932827932716,197.548382870029,NA,NA,38.874948,-76.550054,0.68,68,23.7,74.7,4.46,4.51,6.05,3.4,62.1,160.5,2.58,3469,5.21899586759315,20.8,0.567394642
2024,"GCW_WC_3_202406","GCW","WC",3,202406,"2024-06-19 04:42:34.5","2024-06-19 04:40:10","2024-06-19 04:44:59","8:40:00 AM, written time ",NA,NA,NA,NA,NA,2651.65806387548,9.1187247871585,0.0163037358277128,66455.9980831481,2.86493799692062,0,0.999080188410128,23.2429325317188,2083.53611829674,0.999872089019088,8.69778413245849,2653.27867702042,TRUE,9.13327639821563,0.0177033757915595,23.6966129772106,NA,NA,NA,NA,NA,NA,2569.0711219176,11.7625374509232,0.014139934019101,14868.99166384,2.48470869948805,0,0.99958398929479,20.1581733095969,2566.29549190588,0.999593596400936,19.9935964223452,2569.12429556154,TRUE,11.7599040284052,0.0149738893196747,20.0655016346715,NA,NA,38.874502,-76.550142,0.95,95,28,82.5,3.63,3.48,1.95,3.4,143.22,130.713,0.91,5600,7.89953227054037,22.55,0.5892741415
2024,"GCW_WC_3_202407","GCW","WC",3,202407,"2024-07-16 08:29:34.5","2024-07-16 08:27:10","2024-07-16 08:31:59","",NA,NA,NA,NA,NA,2700.19016672422,8.60161212373336,0.0177266704900276,70911.5475857622,3.11498005012119,0,0.998778323470923,25.271496702699,2580.99631691522,0.999201150138673,20.5068359886538,2700.36543479729,TRUE,8.59484625160896,0.0186296914818886,28.6548023259944,NA,NA,NA,NA,NA,NA,2766.39268829777,11.9453338244517,0.0198700304973386,15049.4275274937,3.49161725713406,0,0.999203754427969,28.3271136832216,2601.10685344208,0.999555849536084,21.2303472522561,2766.78807551753,TRUE,11.9333295458939,0.0204138179940905,29.9096775717333,NA,NA,38.874473,-76.550155,0.95,95,34.6,94.2,3.54,3.11,1.96,3.4,127.677,127.234,1,5716,7.74581798439248,24.35,0.5994797905
2024,"GCW_WC_3_202408","GCW","WC",3,202408,"2024-08-13 09:18:24.5","2024-08-13 09:16:00","2024-08-13 09:20:49","",NA,NA,NA,NA,NA,2522.63485765596,6.30946759763871,0.0130519881341538,71787.360063045,2.29353180988949,0,0.998769092284553,18.607175852989,1976.46960873958,0.999815364131288,7.23167632057137,2522.63577960598,TRUE,6.30907706204933,0.0132878997637418,25.2921211853224,NA,NA,NA,NA,NA,NA,2993.90283230858,8.76330648093964,0.0294140208519447,14022.3917588073,5.16871389916122,0,0.99676586284086,41.9332175995045,2521.77832285485,0.999373775584822,18.5164273633005,2994.07701208176,TRUE,8.77418616862428,0.0308774022684481,51.3124944101854,NA,NA,38.874973,-76.550021,0.95,95,23.5,74.3,3.56,3.65,2.06,3.4,142.7,128.2,0.9,4911.5,6.56757152956479,21.15,0.60758884
2024,"GCW_WC_3_202409","GCW","WC",3,202409,"2024-09-10 10:06:34.5","2024-09-10 10:04:10","2024-09-10 10:08:59","",3891.53637727873,6.71161289811963,4.49076878504044e-133,0.876988543717777,197.102192658934,2264.50489617709,6.68826322562441,0.00836359879122919,70684.1548247267,1.46967493960882,0,0.999549850663134,11.9233140478439,2148.36120366352,0.999702536718887,9.72632069468306,2265.01128025029,TRUE,6.68233281029763,0.00876518371713972,12.0321858070869,NA,3734.51713551647,4.64752047564823,1.47372121513045e-125,0.861288126968162,150.355051640246,2499.63978401677,4.80094903518416,0.0125446438663434,12805.8004156029,2.20437985810804,0,0.998037535341483,17.8838956973436,2488.91539469304,0.998134689726354,17.4964513906692,2499.69670813711,TRUE,4.79824143419087,0.0129283394505036,17.6209263129694,NA,NA,38.874369,-76.550203,0.95,95,18.8,65.8,4.08,4.51,2.77,3.4,131.141,146.933,1.12,6178,8.92985742668409,15.75,0.5924743165
2024,"GCW_WC_3_202410","GCW","WC",3,202410,"2024-10-02 09:21:34.5","2024-10-02 09:19:10","2024-10-02 09:23:59","",3935.96681645297,7.3311924917986,6.87425120112422e-134,0.878580653906018,212.794421883621,2261.34531965406,7.26819967615901,0.00831816157736737,70328.8071245248,1.46169058548026,0,0.999622923299006,11.858537845176,1894.03642994834,0.999895197970629,6.27356450811462,2261.39513766854,TRUE,7.26694636354329,0.00863895564970752,14.6473626114196,NA,NA,NA,NA,NA,NA,2464.81151269475,4.07318119709502,0.0118135248313111,13983.7180419242,2.07590557921451,0,0.997583241976116,16.8415977489785,2466.6096743911,0.997601521839116,16.8363450292612,2464.82277394656,TRUE,4.0726927361191,0.0118524618026074,16.7180174744716,NA,"HydraGO was broken, no data",NA,NA,NA,NA,NA,NA,NA,NA,NA,NA,NA,NA,NA,6551.5,8.97824410660298,20.85,0.602763364
2024,"GCW_WC_3_202411","GCW","WC",3,202411,"2024-11-19 08:07:34.5","2024-11-19 08:05:10","2024-11-19 08:09:59","",NA,NA,NA,NA,NA,2167.94589227304,3.59899935699887,0.00708094781325082,71792.7421588027,1.24428392724026,0,0.998886403547846,10.0947411086149,2018.75903559611,0.999343370742357,7.77865676099093,2168.65561865054,TRUE,3.59378643886807,0.00726141473723902,10.5099687475881,NA,2772.6903290243,0.892998642671609,2.09008360866391e-109,0.82044153360562,28.6363654085942,2425.82410971815,0.782321951992998,0.0110455252031895,14872.5441962068,1.94095053949369,3.07583854560903e-184,0.945706177108329,15.7467220879981,2428.79907078229,0.94589774621765,15.7737828469345,2425.96210883083,TRUE,0.783003920132612,0.0113092334083487,15.3837761377831,NA,NA,38.8744,-76.550362,0.95,95,13.4,56,3.54,3.72,2.6,3.4,115.747,127.202,1.1,8805.5,12.6567399498606,10.45,0.6045030955
2024,"GCW_WC_4_202404","GCW","WC",4,202404,"2024-04-09 14:03:34.5","2024-04-09 14:01:10","2024-04-09 14:05:59","",3318.37840415456,2.39498878094289,1.83235194007217e-127,0.865448403437792,73.3702791025091,2120.61945972421,2.37847110887622,0.00652610621154399,68450.4576388953,1.14678561128373,0,0.997836462775141,9.30374780189424,2120.19455008521,0.997869224117909,9.26526524965192,2128.68723280291,TRUE,2.39289427517596,0.00485924726495754,5.97681790214111,NA,NA,NA,NA,NA,NA,2490.89274190774,2.32271108073057,0.0123568761799573,13774.1358275078,2.17138479581029,2.40730046750216e-303,0.991914742810167,17.616210320665,2489.86172141116,0.992053798968974,17.5250218635107,2490.97153033129,TRUE,2.32100343738976,0.0120014320846444,16.9901097913179,NA,NA,38.874958,-76.550067,0.629,62.9,19.3,66.8,3.72,3.99,6.1,3.4,54.9,133.9,2.44,3152,5.04340856451194,11.25,0.561917494
2024,"GCW_WC_4_202405","GCW","WC",4,202405,"2024-05-23 11:11:44.5","2024-05-23 11:09:20","2024-05-23 11:14:09","Raining, time is written as 10:09:10, but I think Alice meant 11:09 because 10:09 overlaps with 10:12",4576.37563232339,22.172518615805,7.58933252366393e-132,0.874550666092704,641.930264157261,2824.37514850378,21.571548775563,0.0219591157707439,73373.385719169,3.85871715631255,0,0.999701647323939,31.3053555153931,2761.54691925085,0.999763053567205,27.995742229412,2824.92038816276,TRUE,21.5555352120184,0.0225869893639911,32.4530108434069,NA,NA,NA,NA,NA,NA,2593.3844675497,10.1550958138047,0.0147452729821113,14621.7741989393,2.59108055281486,0,0.999393170830231,21.0211566665863,2501.26535412654,0.999564366149066,17.8729986057102,2593.91139875846,TRUE,10.1642730089816,0.0150168354231362,21.4865916625262,NA,NA,38.874984,-76.550086,0.731,73.1,23.7,74.7,4.52,4.59,5.45,3.4,69.7,162.7,2.33,3466.5,5.20105453361069,20.9,0.568054072
2024,"GCW_WC_4_202406","GCW","WC",4,202406,"2024-06-19 04:51:34.5","2024-06-19 04:49:10","2024-06-19 04:53:59","8:49:00 AM, written time",3932.06461355001,7.71544843445049,1.18675615500985e-134,0.88005207835652,211.367559923862,2453.97922285023,7.26231469591782,0.0115949387177395,66061.4310451123,2.03749501681408,0,0.999266397912545,16.5299770048863,2332.11473982622,0.999524697564504,13.351812267724,2455.42726609956,TRUE,7.24881146029703,0.0106424569952167,14.3980694694935,NA,4217.85799495878,10.8811335816542,2.41771204557869e-126,0.863017473181145,345.967838164979,2841.2139044292,11.1208333120469,0.0226059848633834,13934.811233052,3.97238680001387,0,0.998811365952966,32.2275450574683,2822.35317535486,0.998901468060545,31.090142513765,2841.24960177983,TRUE,11.1173971130101,0.0229503632462069,32.940160576958,NA,NA,38.874476,-76.550177,0.95,95,27.8,82,4.18,4.01,2.72,3.4,119.038,150.358,1.26,5600,7.89953227054037,22.55,0.5892741415
2024,"GCW_WC_4_202407","GCW","WC",4,202407,"2024-07-16 08:17:34.5","2024-07-16 08:15:10","2024-07-16 08:19:59","",NA,NA,NA,NA,NA,2493.59258839015,5.73355472575844,0.0124145303817746,69766.7591369705,2.18151595318513,0,0.998651598719037,17.6984033061972,2467.01733180419,0.998786525496679,16.848182742095,2495.22996013456,TRUE,5.74032916145825,0.0121688914804112,17.645895921651,NA,NA,NA,NA,NA,NA,2815.13435962516,12.0333135161764,0.0216120267941791,13436.5898929641,3.79772571191105,0,0.999071867995361,30.8105385145505,2734.76135144389,0.999306166123006,26.732242520969,2815.14790969752,TRUE,12.0353751899809,0.022150837643812,27.9553305260739,NA,NA,38.874302,-76.550343,0.836,83.6,34.9,94.9,4.22,3.7,3.49,3.4,86.657,151.799,1.75,5730.5,7.76617754685724,24.35,0.599501125
2024,"GCW_WC_4_202408","GCW","WC",4,202408,"2024-08-13 09:32:34.5","2024-08-13 09:30:10","2024-08-13 09:34:59","",NA,NA,NA,NA,NA,2910.43393792589,9.89965755097161,0.0254714845502939,73275.240618335,4.47592040850376,0,0.998097023522863,36.3126588372999,2119.45682892382,0.999877283829688,9.25348794424527,2918.97119259845,TRUE,9.83640682040757,0.0229223179712536,38.1806211922017,NA,NA,NA,NA,NA,NA,2712.09335769145,12.4826503058917,0.0180942291488298,15398.6814309816,3.17956848425846,0,0.99939522153273,25.7954956927628,2535.67144088187,0.999675359738868,18.965318240865,2712.21205230028,TRUE,12.4807917021232,0.0191877495411506,27.1634330952165,NA,NA,38.874995,-76.550057,0.95,95,23.5,74.3,4.25,4.35,2.75,3.4,127.8,128.2,1,4901.5,6.54938293497315,21.15,0.607817701
2024,"GCW_WC_4_202409","GCW","WC",4,202409,"2024-09-10 10:16:34.5","2024-09-10 10:14:10","2024-09-10 10:18:59","",NA,NA,NA,NA,NA,1910.58357717149,2.68752110061543,0.00454341822243838,69781.7813778373,0.798382140076133,0,0.999177574000396,6.47718807047988,1902.24909184494,0.999211820543596,6.36302858800785,1910.79363487571,TRUE,2.68953299011942,0.00478148355634894,6.48307194256376,NA,NA,NA,NA,NA,NA,2499.51105992813,6.33472207623824,0.0125418600410508,13098.7258186393,2.20389067655224,0,0.998872357979236,17.8799270202171,2499.91812879649,0.998886242618341,17.8315313423343,2499.63605678737,TRUE,6.33078533088875,0.0131931277690468,17.7137768243737,NA,NA,38.874302,-76.550308,0.867,86.7,18.8,65.8,4.43,4.89,4.33,3.4,92.066,159.261,1.73,6190.5,8.94504256083079,15.75,0.5925945655
2024,"GCW_WC_4_202410","GCW","WC",4,202410,"2024-10-02 09:28:34.5","2024-10-02 09:26:10","2024-10-02 09:30:59","",3591.13762424067,4.42560740819648,1.36945392138048e-136,0.883710128292961,117.424251093538,2128.24327571333,4.09747674229293,0.00661245494467686,70003.6345687329,1.16195905184683,0,0.99925052124147,9.42684828632403,1802.20014562192,0.999759841717266,5.35486917920622,2129.43499117327,TRUE,4.09208631179063,0.00669718288940957,8.82583025505236,NA,3687.44104278644,4.73224313618171,1.00002978925548e-127,0.866012751180521,138.633509795948,2478.80494055329,4.50378711528905,0.0121020111195502,13994.5811255379,2.12659919554273,0,0.997924848962887,17.2528695829142,2480.31323218906,0.997942602484347,17.2388708651408,2478.89298443298,TRUE,4.50022118573873,0.0120458521724616,17.7418199579224,NA,"HydraGO was broken, no data",NA,NA,NA,NA,NA,NA,NA,NA,NA,NA,NA,NA,NA,6493.5,8.90056698483824,20.85,0.6026605705
2024,"GCW_WC_4_202411","GCW","WC",4,202411,"2024-11-19 08:15:34.5","2024-11-19 08:13:10","2024-11-19 08:17:59","",3859.00376471541,5.92706115826934,3.53411391552208e-129,0.869085637947479,186.350932023813,2338.64655571294,6.12886480135069,0.00950406174524476,72367.5571115602,1.67008027526727,0,0.99930792965983,13.5491808905862,2342.28901567515,0.999308782385287,13.5880941738344,2339.72828161457,TRUE,6.1362936750673,0.00889546287340078,10.915999310954,NA,3011.16668726269,1.60260630532414,2.15984712151027e-121,0.85173878075167,43.2001325187261,2441.69662376565,1.3215935618176,0.0113519756003867,14987.3062845154,1.99480085922283,3.15019266878734e-244,0.979193075524448,16.1836039156751,2445.61790962882,0.979198722341165,16.2378875024437,2442.00427309012,TRUE,1.32707464955217,0.0113955865866628,15.9949367559915,NA,NA,38.874364,-76.550365,0.95,95,13.2,55.7,3.96,4.19,2.81,3.4,120.31,142.608,1.19,8805.5,12.6567399498606,10.45,0.6045030955
2024,"GCW_WC_5_202404","GCW","WC",5,202404,"2024-04-09 14:14:34.5","2024-04-09 14:12:10","2024-04-09 14:16:59","",2010.53283692943,0.217016019290339,2.56507968673501e-108,0.817290050959469,7.69532334362127,1714.65902240702,0.207129741955342,0.00324098950092181,68369.8478202615,0.569515727372669,3.76029372520158e-172,0.934132484436074,4.62041958370606,1715.4377047481,0.934860091658203,4.6108667690334,1714.87097172058,TRUE,0.206451784726287,0.00333560938671955,4.05481725960211,NA,NA,NA,NA,NA,NA,2441.33494706898,2.69006162229834,0.0113448989362996,14015.6173555135,1.99355732804391,0,0.994903754242565,16.1735152815323,2436.88280770133,0.995050142271259,15.9951687866488,2441.38839888153,TRUE,2.6924202517157,0.0118805768837726,17.6416405412947,NA,NA,38.875024,-76.550105,0.721,72.1,18.9,66.1,4.3,4.63,5.64,3.4,68.1,154.6,2.27,3175,5.08955095935576,11.25,0.5614694695
2024,"GCW_WC_5_202405","GCW","WC",5,202405,"2024-05-23 11:21:44.5","2024-05-23 11:19:20","2024-05-23 11:24:09","Raining",3647.35792903486,4.30409571937182,2.55316769575799e-132,0.875495688650106,129.376274365571,1958.67247134002,4.36390106329982,0.00493617888922538,71124.4641336414,0.867399141447149,0,0.999631646777631,7.03711554818875,1850.95315401229,0.999749413719103,5.82444190735649,1958.91771677987,TRUE,4.3659453851434,0.00503392685463514,6.62985337501665,NA,NA,NA,NA,NA,NA,2537.72548840488,8.56825082853729,0.0133960354131125,16341.0193882055,2.35398875869202,0,0.999296514596012,19.0976565487671,2502.52540665206,0.999385459746519,17.9118699818346,2537.7860988134,TRUE,8.56983563196097,0.0140842703904619,19.4364725709704,NA,NA,38.874989,-76.550152,0.598,59.8,23.3,73.9,4.4,4.52,7.51,3.4,50.8,158.4,3.12,3466.5,5.20105453361069,20.9,0.568054072
2024,"GCW_WC_5_202406","GCW","WC",5,202406,"2024-06-19 05:00:34.5","2024-06-19 04:58:10","2024-06-19 05:02:59","8:58:00 AM, written time ",3863.84627292942,6.07396780142478,3.66303719471737e-129,0.869053076728592,187.91331751911,2063.65622204794,6.18080557927372,0.0059156299632585,65823.0298029923,1.03951101983962,0,0.999736251643201,8.43344062806248,2064.12043022519,0.999739447840638,8.41144241811896,2064.28643646445,TRUE,6.18182441537911,0.00569820405886111,7.7837989472527,NA,NA,NA,NA,NA,NA,2897.0969426423,11.1896307515123,0.0248924552131765,15007.2205676649,4.37417175612314,0,0.998576760788109,35.4871830102425,2750.11577339733,0.999154383483748,27.4493795069096,2897.70256592874,TRUE,11.2088742068796,0.0270390780585427,32.0697492474941,NA,NA,38.874487,-76.550162,0.95,95,27.8,82,3.95,3.79,2.24,3.4,136.073,141.945,1.04,5593.5,7.88925550073913,22.45,0.58947391
2024,"GCW_WC_5_202407","GCW","WC",5,202407,"2024-07-16 08:06:34.5","2024-07-16 08:04:10","2024-07-16 08:08:59","",3515.83081965996,3.97111435031612,1.00626110182144e-137,0.88579856607626,103.126267543189,2483.37193173535,3.62676760755582,0.0121976800003085,69987.956336523,2.14341039847828,0,0.996752904866496,17.3892570565797,2206.96656000949,0.998765278156636,10.7604718091073,2483.82738674819,TRUE,3.62902432114117,0.0123760174286081,19.6301759803253,NA,NA,NA,NA,NA,NA,3248.85458144081,8.38930219776227,0.0456518184862391,15342.9226557436,8.02206505256517,1.5347023191993e-300,0.991543922959001,65.0821473212487,2603.92488462694,0.999097695515906,21.3337495938989,3249.75407276815,TRUE,8.42204730658585,0.0473362654245078,73.4712250464365,NA,NA,38.874298,-76.550346,0.95,95,35.7,96.3,4.03,3.52,2.43,3.4,116.979,144.903,1.24,5741,7.77682967090573,24.4,0.5995845235
2024,"GCW_WC_5_202408","GCW","WC",5,202408,"2024-08-13 09:52:34.5","2024-08-13 09:50:10","2024-08-13 09:54:59","",3303.18594644456,2.95257840443667,1.52944881896141e-139,0.889069530353673,71.4733779610485,2367.98600151475,2.54889181922437,0.00999719457111059,71438.4429617039,1.75673495277685,0,0.995589111208611,14.2522009297906,2213.80822702804,0.997443509019486,10.8881536794491,2369.74304587839,TRUE,2.53645296784315,0.0100283822178896,13.7680810771775,NA,4148.84040704375,11.579951600318,1.36740088605671e-139,0.889155735685328,307.154222915866,3286.0927737788,10.951160476713,0.0486789754635762,20092.8437200963,8.55400553164696,0,0.994341638554079,69.3977229740124,3189.00234393146,0.996006984683199,58.5010408797295,3293.46140422021,TRUE,10.8446842714877,0.0439892911411639,61.7776417459554,NA,NA,38.875034,-76.550137,0.95,95,23.9,75.1,4.3,4.36,2.74,3.4,128.7,154.6,1.2,4898,6.55822016107409,21.1,0.607251367
2024,"GCW_WC_5_202409","GCW","WC",5,202409,"2024-09-10 10:24:34.5","2024-09-10 10:22:10","2024-09-10 10:26:59","",2988.07842807862,1.39808799700125,1.64248212928453e-129,0.869780052127208,41.5142283128037,1695.7118899169,1.36842909616868,0.00313682522904265,69432.1477812665,0.551211690581242,0,0.998488974455229,4.47192091020649,1679.65745334745,0.998589935624869,4.33501803274417,1695.85422353038,TRUE,1.36734271301611,0.00309639269559111,4.29706128453529,NA,NA,NA,NA,NA,NA,2556.93237823399,6.05578249226392,0.0138470764786623,12897.2177089165,2.43324695451416,0,0.998496461118837,19.7406697309232,2494.62998673304,0.998803748823426,17.66969150669,2556.94227818532,TRUE,6.05529543966541,0.0144574003691991,20.5424380817306,NA,"Doesn't seem to be in the file, maybe forgotten ",NA,NA,NA,NA,NA,NA,NA,NA,NA,NA,NA,NA,NA,6192.5,8.94955630270934,15.7,0.592596505
2024,"GCW_WC_5_202410","GCW","WC",5,202410,"2024-10-02 09:36:34.5","2024-10-02 09:34:10","2024-10-02 09:38:59","",3231.47506340923,2.14096107443757,1.14524101378019e-132,0.876186603628721,63.1609095901237,1771.68747283347,2.13590432889451,0.00357585246413107,69869.315244792,0.628358782559379,0,0.999193438192902,5.09780693489305,1730.83590046832,0.999309013741986,4.73491829979945,1771.80092689956,TRUE,2.13563233244939,0.00361267570141498,5.19919697229019,NA,3614.04450067311,3.82964956046741,6.79506753584725e-129,0.868490269366909,122.154674890241,2469.11188234379,4.00471825259182,0.0119014409103683,14159.20326684,2.09135443818112,0,0.997462860324176,16.9669326731685,2471.4479061052,0.997477376363531,16.9773775086492,2469.23025508557,TRUE,4.00595774437224,0.0124426455410375,18.3310963726993,NA,"HydraGO was broken, no data",NA,NA,NA,NA,NA,NA,NA,NA,NA,NA,NA,NA,NA,6493.5,8.90056698483824,20.85,0.6026605705
2024,"GCW_WC_5_202411","GCW","WC",5,202411,"2024-11-19 08:23:34.5","2024-11-19 08:21:10","2024-11-19 08:25:59","",2375.7574380464,0.473574082406933,2.85673428240419e-130,0.871351418019742,14.4444516866761,1691.03934672612,0.476474972301234,0.00311165614182054,71816.3012287993,0.546788908275858,5.88283746665664e-278,0.987866288540435,4.43603935506044,1681.22470186859,0.98843074737324,4.34674775370162,1691.03970278784,TRUE,0.476432043063116,0.00315338151838855,5.10880486398349,NA,NA,NA,NA,NA,NA,2454.18372660997,0.837760217033169,0.0115990277291987,14995.0469191333,2.03821354932853,1.48001522489041e-186,0.947681121689865,16.5358063815685,2447.32482132054,0.949603951617487,16.2857451997272,2454.18795987635,TRUE,0.837561876313048,0.0118151979531167,16.9239528939406,NA,NA,38.874432,-76.550364,0.95,95,11.9,53.5,4.35,4.67,2.7,3.4,139.296,156.613,1.12,8815.5,12.670741739355,10.45,0.604512793
2024,"GWI_TR_1_202404","GWI","TR",1,202404,"2024-04-24 10:56:34.5","2024-04-24 10:54:10","2024-04-24 10:58:59","First attempt negative CO2 slope",NA,NA,NA,NA,NA,2024.90824729087,0.0140994459020207,0.00553333739867302,109603.702356041,0.972333502625464,0.0113508554294174,0.0220472869400352,7.88843668663855,2026.76169478307,0.0292592760540378,7.88672809478355,2025.58443188568,TRUE,0.0178503234069183,0.00563498931585862,8.12272730647173,"low r squared, but checked and flux is okay",3324.80626736465,2.25570893388422,1.14318883869592e-126,0.863727736703086,74.1879293366262,2817.79842881054,2.36379052484729,0.0217115239783992,22288.2164442411,3.81520963502359,4.96185400593589e-236,0.976279208809908,30.9523836943524,2816.65121742886,0.976696514906635,30.7859939918353,2817.86261432767,TRUE,2.36351750976752,0.0223787784631233,30.5192173626452,NA,NA,37.218817,-76.409979,0.95,95,15.5,59.9,4.26,4.92,3.39,3.4,117.46,153.083,1.3,7728.25,13.0315571034074,13.95,0.5475748915
2024,"GWI_TR_1_202406","GWI","TR",1,202406,"2024-06-27 05:23:34.5","2024-06-27 05:21:10","2024-06-27 05:25:59","9:21:00 AM written time; changed to match datafile",NA,NA,NA,NA,NA,2633.95881261155,4.52465758808436,0.015813726409614,142367.739658423,2.77883217334773,0,0.996494383958857,22.5443652852219,2391.68404614522,0.99850048318472,14.7960140947371,2636.16375331642,TRUE,4.54130861242905,0.0162892027169853,21.7291478891722,NA,NA,NA,NA,NA,NA,3211.29832954941,13.2347147698923,0.0427894374345996,33460.7782858589,7.51907945937564,0,0.996998550806532,61.0014795303587,3072.86948141107,0.998163316908088,47.8856306788519,3211.40686693193,TRUE,13.2336905669205,0.0445400261147846,69.9755074544693,NA,NA,37.219299,-76.409243,0.435,43.5,25.1,77.3,3.2,3.19,8.85,3.4,31.8,115.1,3.62,3058.25,6.168148451304,23.75,0.4950260785
2024,"GWI_TR_1_202408","GWI","TR",1,202408,"2024-08-22 09:04:34.5","2024-08-22 09:02:10","2024-08-22 09:06:59","",NA,NA,NA,NA,NA,2655.3806458884,0.116696028345209,0.0164087137227695,149949.347824855,2.8833850058493,9.08233102802471e-12,0.149384014693027,23.3925911227256,2352.07359621381,0.705204677357038,13.8192693426855,2655.41001339658,TRUE,0.114098422642351,0.017705208786482,27.4370079834359,"low r squared, but checked and flux is okay",NA,NA,NA,NA,NA,3368.5287453782,5.1182311587151,0.0561135999815277,37091.9449150378,9.86043851727667,1.61641644567222e-214,0.966541276780461,79.996672680722,3003.49295397663,0.990627542597341,42.4871114998576,3368.90229661535,TRUE,5.13024408577941,0.060777331224731,85.4233375290002,NA,NA,37.219184,-76.409225,0.505,50.5,19.7,67.5,4,4.34,9.47,3.4,39.379,143.869,3.65,2650.5,5.58334807905618,21.95,0.493441507
2024,"GWI_TR_1_202409","GWI","TR",1,202409,"2024-09-26 10:08:34.5","2024-09-26 10:06:10","2024-09-26 10:10:59","",2459.89606418846,0.63965657621024,1.03810507929077e-114,0.835032096801111,16.6994698147864,2113.21831529871,0.477064132489542,0.00644335829992266,139384.37629914,1.13224491713394,1.68843679436671e-189,0.950085556214275,9.18578072077374,2113.45642838667,0.950728866032637,9.15824931254816,2113.26798998552,TRUE,0.478301584981564,0.00647231185434255,8.94287523619583,NA,NA,NA,NA,NA,NA,2923.50101405671,5.38266192350227,0.0260518560486157,27613.560647514,4.57790490919995,4.36224912802445e-315,0.99329875476063,37.1400480762678,2915.0529837744,0.993580314535729,36.4783182618779,2923.51151530876,TRUE,5.38474832728128,0.0262570944808652,39.8061597066947,NA,"HydraGO was broken, no data",NA,NA,NA,NA,NA,NA,NA,NA,NA,NA,NA,NA,NA,11279.4166666667,15.6385564493216,22.425,0.5914890505
2024,"GWI_TR_1_202410","GWI","TR",1,202410,"2024-10-23 07:06:34.5","2024-10-23 07:04:10","2024-10-23 07:08:59","11:04:00 AM, written time",2341.14004522972,1.11803201104496,7.62285311105701e-148,0.902855503818642,13.6075558337219,2238.1366927292,0.5017039548108,0.00799188292447953,149751.179235845,1.4043559892797,4.59890964238584e-170,0.931897389395579,11.3933884588175,2072.98880385369,0.961993888909857,8.5410441906953,2238.33590801948,TRUE,0.505252070212903,0.00833068206211256,12.8266230091113,NA,3350.31367307615,3.13331598307503,5.98309307608276e-145,0.898254926398268,77.5233937187161,2866.71309720473,2.86522598568995,0.0236220078536,30492.682980738,4.15092519766557,2.9489604405876e-249,0.980800538844928,33.6760077939743,2745.68533577772,0.987524683625684,27.2405011220966,2866.71547963205,TRUE,2.86636998800725,0.0245069590860319,35.7648850120025,NA,"HydraGO was broken, no data",NA,NA,NA,NA,NA,NA,NA,NA,NA,NA,NA,NA,NA,10677.125,15.515366067466,17.325,0.58683909925
2024,"GWI_TR_1_202411","GWI","TR",1,202411,"2024-11-14 09:04:34.5","2024-11-14 09:02:10","2024-11-14 09:06:59","",2230.78462589199,0.352410184125689,1.73160421758901e-87,0.745157218601929,11.2498776169774,2122.78952883482,0.240863595872849,0.00655056936381263,138158.432935282,1.15108434472737,8.46428564502878e-111,0.824392757426168,9.33862296202329,2123.32409762231,0.826478734035845,9.31539362390622,2122.8106202358,TRUE,0.239925921279991,0.00672088572339415,9.33289354683804,"low r squared, but checked and flux is okay",3242.22771303848,3.63065788627597,2.87076369140946e-126,0.86285407883176,64.3427743955551,2899.74936681828,2.02423305368714,0.0250065527169056,31165.7897988957,4.39422128815932,3.80307309587186e-200,0.957898403463296,35.6498426981346,2884.20773358431,0.960641942443396,34.589030631322,2900.10793825666,TRUE,2.01189233451734,0.024654940177028,33.6540748784689,NA,NA,37.219249,-76.40927,0.95,95,10,50.1,3.31,3.69,1.63,3.4,181.9,118.9,0.65,8040.25,12.693074786318,15.5,0.571099087
2024,"GWI_TR_2_202404","GWI","TR",2,202404,"2024-04-24 10:10:34.5","2024-04-24 10:08:10","2024-04-24 10:12:59","",1938.70047443124,-0.804241836040552,4.174754650193e-71,0.668963096537624,6.79892074430496,1978.27112295262,-0.110812372517732,0.00510582633517344,109134.335188523,0.897210064484249,1.47966191121081e-62,0.620566112517514,7.27896834695938,1926.42233140732,0.687032818903378,6.63383094004899,1978.4654710307,TRUE,-0.108570394104296,0.00529697360407015,7.30605817104432,"low r squared, but checked and flux is okay",NA,NA,NA,NA,NA,2753.26175935,2.36589681051882,0.0194252362576822,23194.154224894,3.41345677100566,9.219394511374e-250,0.980954930419399,27.693006101249,2752.37031929864,0.981273470304542,27.5562869583979,2753.34020783887,TRUE,2.37098419098389,0.0203246096057911,31.1975952396886,NA,NA,37.219313,-76.409316,0.484,48.4,14.9,58.8,2.96,3.45,8.06,3.4,37.018,106.606,2.88,6999.75,11.8372096933251,14.025,0.5473033615
2024,"GWI_TR_2_202405","GWI","TR",2,202405,"2024-05-16 10:31:04.5","2024-05-16 10:29:10","2024-05-16 10:32:59","Added 60 seconds to start time to avoid negative flux at the beginning, reduced obs length",NA,NA,NA,NA,NA,1731.10226473535,0.397782552257107,0.0102650991945351,142037.218274508,1.44837966968197,2.69520546755029e-102,0.868180485511468,10.3361826840219,1660.80415332444,0.904569483622578,8.83338508300995,1731.42884857547,TRUE,0.395527937355725,0.0106328255779018,10.3061785874571,"low r squared, but checked and flux is okay",NA,NA,NA,NA,NA,2423.01015877574,3.46000972246368,0.0461961891861935,29448.3748036196,6.51816606601192,1.5268117098597e-162,0.960943755562158,46.5160873446154,2344.22827043166,0.97274923705739,39.0265781547667,2423.06321365277,TRUE,3.4494936908601,0.0481770205314658,51.2345223815294,NA,NA,37.219234,-76.409194,0.749,74.9,28.9,84,3.16,3,3.43,3.4,72.4,113.8,1.57,8568.5,13.6399801373508,17.5,0.5596734925
2024,"GWI_TR_2_202406","GWI","TR",2,202406,"2024-06-27 05:33:34.5","2024-06-27 05:31:10","2024-06-27 05:35:59","9:31:00 AM written time, timezone wrong so changed ",NA,NA,NA,NA,NA,2096.41869276806,-0.00468109691287923,0.00625940425034318,141954.011342901,1.09991999774756,0.455160709613131,0.00193818049346933,8.92353214115404,2098.19309890958,0.00956845102334671,8.92038361675737,2096.60494800253,TRUE,-0.00461660313866949,0.00647135246749948,9.59662066576234,"low r squared, but checked and flux is okay",NA,NA,NA,NA,NA,3256.72485055983,7.60085215127238,0.0462755096158955,30491.4448811595,8.13166179987372,1.24572525789548e-286,0.989437692929698,65.9712938947963,2931.78346079201,0.996602597827675,37.5458823308024,3259.82572253894,TRUE,7.67719393986407,0.0465268566043486,62.9819084903586,NA,NA,37.219246,-76.409211,0.647,64.7,25.4,77.7,3.85,3.83,5.58,3.4,57.5,138.6,2.41,3058.25,6.168148451304,23.75,0.4950260785
2024,"GWI_TR_2_202408","GWI","TR",2,202408,"2024-08-22 09:16:34.5","2024-08-22 09:14:10","2024-08-22 09:18:59","",1991.56462169955,0.250452504972793,4.23497320091984e-78,0.703936703026789,7.44772760953905,2049.75645023725,0.130162152977487,0.00577554642287799,110687.833737758,1.01489514886254,1.57393954440984e-65,0.638148194728018,8.2337347255457,1983.70655755026,0.715798527683976,7.32247483817446,2049.84377580719,TRUE,0.128711878372561,0.00585505929577577,8.34670260641768,"low r squared, but checked and flux is okay",NA,NA,NA,NA,NA,2822.9623882571,5.92921166987693,0.0219056929884996,23131.5228408543,3.84932955580367,0,0.996084306686137,31.229194926404,2812.5098893268,0.996274667154935,30.5669581080465,2824.1183975519,TRUE,5.94638911826228,0.0225428141161304,29.811379505491,NA,NA,37.219184,-76.409225,0.432,43.2,19.9,67.8,2.94,3.18,8.92,3.4,31.397,105.58,3.36,2825.25,5.97756186918295,21.95,0.4932882865
2024,"GWI_TR_2_202409","GWI","TR",2,202409,"2024-09-26 10:19:34.57732","2024-09-26 10:17:10","2024-09-26 10:21:59","",NA,NA,NA,NA,NA,2348.03249630532,1.14189969896604,0.00952471155413265,139431.950422649,1.67375087297718,1.81778825585008e-248,0.98028939766035,13.5803049095724,2125.4279847106,0.99095287507888,9.23257489648521,2348.4827910758,TRUE,1.14761694904653,0.0100017009567001,14.734502383126,NA,NA,NA,NA,NA,NA,2916.64619581791,4.08157816242272,0.0253021436456729,30434.8879400306,4.44627480574613,3.65809527305927e-285,0.989016024146028,36.0757198389855,2906.42995376023,0.989539728600846,35.3276435844635,2916.7005264611,TRUE,4.08723415490493,0.025929674074986,37.2135910018277,NA,"HydraGO was broken, no data",NA,NA,NA,NA,NA,NA,NA,NA,NA,NA,NA,NA,NA,11279.4166666667,15.6385564493216,22.425,0.5914890505
2024,"GWI_TR_2_202410","GWI","TR",2,202410,"2024-10-23 07:17:34.5","2024-10-23 07:15:10","2024-10-23 07:19:59","11:15:00 AM, written time",NA,NA,NA,NA,NA,2363.41844601196,0.731361477230777,0.00991877489369873,111796.092846936,1.74295482803135,5.21651434201336e-189,0.949693086788579,14.1404042660992,2240.71787983752,0.96749987279907,11.405222139675,2384.21072620598,TRUE,0.691992960133817,0.0065481189743971,8.82928429398527,NA,NA,NA,NA,NA,NA,3002.10517243657,1.7154307715752,0.029832948173027,23097.4645205661,5.24232897810998,6.79776759599207e-160,0.919875133055379,42.5304487839708,2882.28805725033,0.947719121883204,34.4747375620932,3025.75382823524,TRUE,1.58876909611302,0.0182685523296629,22.4967882001917,NA,"HydraGO was broken, no data",NA,NA,NA,NA,NA,NA,NA,NA,NA,NA,NA,NA,NA,11190.75,16.2435850882325,17.325,0.5874083425
2024,"GWI_TR_2_202411","GWI","TR",2,202411,"2024-11-14 09:15:04.5","2024-11-14 09:12:40","2024-11-14 09:17:29","",NA,NA,NA,NA,NA,2103.42416378579,0.563696092192327,0.0063354662569385,138169.386293612,1.11328582599206,1.6167059580661e-211,0.964897286536535,9.0319676620803,2070.79140778582,0.969062823433457,8.50874669187624,2103.44283082806,TRUE,0.564533928413549,0.0066859339944076,9.85912452919449,NA,NA,NA,NA,NA,NA,2889.48650426902,2.37322052540828,0.0245679637735095,32037.6862039422,4.31715121402153,1.81500899743721e-221,0.970059904817127,35.0245815108683,2829.63653590685,0.975976650495553,31.4830191590631,2889.57534608858,TRUE,2.3676881105488,0.0256305033610012,34.3905801253365,NA,NA,37.219236,-76.40921,0.95,95,10,50,3.15,3.52,1.73,3.4,163.6,113.4,0.69,7403.5,11.8089596392923,15.5,0.57156359725
2024,"GWI_TR_3_202404","GWI","TR",3,202404,"2024-04-24 10:20:34.5","2024-04-24 10:18:10","2024-04-24 10:22:59","",2284.53337371087,0.437795388179045,3.33381066687833e-119,0.846461846746202,12.342239746439,1923.34405052029,0.366576279156467,0.00464448482858632,109379.952717019,0.816141846393312,4.0401811510032e-197,0.955811319157658,6.62127064963413,1920.34466059055,0.956865081659875,6.56467967385441,1923.37773141306,TRUE,0.366042294318692,0.0048229136455463,6.49647130505733,NA,NA,NA,NA,NA,NA,2696.04367845256,3.34858796075081,0.0176003923625289,22276.2225030598,3.09279010485502,7.59887826136079e-305,0.992106455899563,25.0914720734545,2695.04077290807,0.992241462697555,24.9627987299887,2696.33346453928,TRUE,3.34182205336974,0.0172966488475597,22.3724029728119,NA,NA,37.2193,-76.409243,0.482,48.2,14.7,58.5,2.88,3.37,7.92,3.4,36.794,103.474,2.81,6999.75,11.8372096933251,14.025,0.5473033615
2024,"GWI_TR_3_202405","GWI","TR",3,202405,"2024-05-16 10:44:34.5","2024-05-16 10:42:10","2024-05-16 10:46:59","",NA,NA,NA,NA,NA,2614.81057896898,2.64011132709663,0.0153001728702847,141723.13320835,2.68858911103211,9.76792273954437e-293,0.990420118520274,21.8122330676619,2283.95471108232,0.996980806285569,12.2879313999976,2616.30669781977,TRUE,2.65400472409411,0.0155779415742773,23.4009988852605,NA,NA,NA,NA,NA,NA,3051.34792251366,7.21307527105482,0.0324764340239919,28366.2045271908,5.70684969525005,4.94065645841247e-324,0.994195563642281,46.2990551900002,2967.23288035007,0.995716469548338,39.9122543292875,3051.35035467512,TRUE,7.21455773696158,0.0309634338174676,46.7563025473288,NA,NA,37.219187,-76.409153,0.79,79,28.6,83.5,3.41,3.24,3.37,3.4,79.1,122.7,1.55,9458,14.9603725183695,17.45,0.560047816
2024,"GWI_TR_3_202406","GWI","TR",3,202406,"2024-06-27 05:47:34.5","2024-06-27 05:45:10","2024-06-27 05:49:59","9:45:00 AM, written time, timezone wrong so changed",NA,NA,NA,NA,NA,2103.32765539761,0.436873091160752,0.00633441216250584,141679.391355187,1.1131005975742,4.26412477721858e-181,0.942909413474532,9.03046492393248,2107.01859168489,0.942970224611449,9.05715740742036,2103.39868543999,TRUE,0.437348426731358,0.00641273718008134,9.3808610941647,NA,NA,NA,NA,NA,NA,3317.56706782722,11.1921412477463,0.051393579169001,30579.8384765898,9.03102327680899,1.26480805335359e-321,0.993963927128292,73.2677164186002,3051.44646671773,0.997621896633802,46.1491822479655,3317.57437153964,TRUE,11.1959112237831,0.0491279945671017,60.5826935515803,NA,NA,37.219236,-76.409226,0.777,77.7,25.9,78.6,3.43,3.39,3.63,3.4,76.9,123.5,1.61,3189,6.38900217251676,23.75,0.4958561845
2024,"GWI_TR_3_202408","GWI","TR",3,202408,"2024-08-22 09:25:34.5","2024-08-22 09:23:10","2024-08-22 09:27:59","",NA,NA,NA,NA,NA,2197.33094007987,5.167571176144,0.00744893929840998,110997.934618619,1.30894841883388,0,0.999401934693757,10.6193571446073,2190.27883608485,0.999424298525838,10.4552836638968,2197.33218710044,TRUE,5.16756327493931,0.00753408057567354,10.7100921282523,NA,NA,NA,NA,NA,NA,2794.26200388286,9.34411449066702,0.0208481066406217,23257.0044888013,3.66348752885488,0,0.998568381717601,29.7214786342639,2781.17935960253,0.998650276440823,28.9595917522724,2794.29266374058,TRUE,9.34067450603959,0.0216323822374335,30.3087725278323,NA,NA,37.219184,-76.409225,0.303,30.3,19.9,67.8,2.13,2.3,11.15,3.4,19.593,76.517,3.91,2656.25,5.56325659447925,21.95,0.492890689
2024,"GWI_TR_3_202409","GWI","TR",3,202409,"2024-09-26 10:32:34.5","2024-09-26 10:30:10","2024-09-26 10:34:59","",NA,NA,NA,NA,NA,2422.13825197751,2.54670135781411,0.0109755542609125,139500.979076658,1.9286550500839,0,0.994679255180567,15.6469701104323,2147.6832954684,0.99796311069825,9.71495914173097,2422.15383377524,TRUE,2.5469100169304,0.0113716582685079,18.8654509031641,NA,NA,NA,NA,NA,NA,2970.95515801179,6.16392498475714,0.0282729779207581,30636.1113574079,4.96820664829435,9.23902757723131e-322,0.993977215337997,40.306523929684,2901.26842333164,0.995328605981096,35.6215780893829,2970.98177128346,TRUE,6.16823907700966,0.0280386651078503,41.1418826983729,NA,"HydraGO was broken, no data",NA,NA,NA,NA,NA,NA,NA,NA,NA,NA,NA,NA,NA,11391.5833333333,15.8170645545651,22.425,0.5916170575
2024,"GWI_TR_3_202410","GWI","TR",3,202410,"2024-10-23 07:31:34.5","2024-10-23 07:29:10","2024-10-23 07:33:59","11:29:00 AM, written time",NA,NA,NA,NA,NA,2244.56436403321,3.93928909602341,0.00808094308411706,111639.660774123,1.42000588928137,0,0.998789527699248,11.5203544072108,2055.48538703609,0.999377977467617,8.2871404175631,2244.72453128271,TRUE,3.93664957852877,0.00786708836020963,10.8169262325034,NA,NA,NA,NA,NA,NA,2874.99755625784,4.40860097111257,0.0239618351787456,27757.6983844536,4.21064060439748,1.09530625889161e-300,0.991563706526758,34.1604724390263,2591.27786014211,0.996871961386575,20.873597692769,2875.3135951946,TRUE,4.39760811258317,0.0254372470527612,35.9024075196672,NA,"HydraGO was broken, no data",NA,NA,NA,NA,NA,NA,NA,NA,NA,NA,NA,NA,NA,10005.5,14.5835074178907,17.325,0.58659860125
2024,"GWI_TR_3_202411","GWI","TR",3,202411,"2024-11-14 09:26:34.5","2024-11-14 09:24:10","2024-11-14 09:28:59","",NA,NA,NA,NA,NA,1908.13789945286,0.660185543254901,0.00452430039096218,103670.688262741,0.795022701331929,5.27315705177154e-272,0.986654694535324,6.44993330679567,1882.34641917661,0.987957579834737,6.14838535973015,1908.51480297177,TRUE,0.659157538981715,0.00472493922473724,6.45137283973159,NA,NA,NA,NA,NA,NA,2716.18124280758,2.9594865353797,0.0182222091601058,26464.1004722865,3.20205748929543,3.09304032076677e-285,0.989199454921431,25.9779465616269,2699.17453943948,0.989954149186003,25.1413487049965,2716.19746150188,TRUE,2.96036360466176,0.0197872822969367,25.314323646178,NA,NA,37.219162,-76.409202,0.95,95,10,50,3.66,4.09,1.79,3.4,183.1,131.5,0.72,7606.25,12.0365282886497,15.5,0.57120672925
2024,"GWI_TR_4_202404","GWI","TR",4,202404,"2024-04-24 10:29:34.5","2024-04-24 10:27:10","2024-04-24 10:31:59","",NA,NA,NA,NA,NA,1939.20733982899,0.0126908602934698,0.00477326690451163,109146.225692301,0.838771792470675,0.00828210915807758,0.0239567156315408,6.80486495793607,1940.3484509622,0.0335315092731346,6.79504049621518,1939.25388827589,TRUE,0.0118708606463738,0.00488696022531858,7.50624865762503,"low r squared, but checked and flux is okay",3317.90038898591,2.1407001091132,3.19982087342905e-116,0.838967836329125,73.3098348650556,2733.09846417142,2.15126107990065,0.0187615348770534,21482.916729271,3.29682931064532,2.28882954077042e-242,0.978564557193206,26.7468201120881,2730.66026238597,0.97903519536099,26.5438897169552,2733.14518365157,TRUE,2.15198118445261,0.0194480630656955,29.1290564988899,NA,NA,37.219141,-76.409223,0.482,48.2,14.4,58,3.63,4.27,10.03,3.4,36.807,130.748,3.55,7608.5,12.8512231199153,14,0.54738191125
2024,"GWI_TR_4_202405","GWI","TR",4,202405,"2024-05-16 10:57:34.5","2024-05-16 10:55:10","2024-05-16 10:59:59","",2129.88032819016,0.389076323472914,4.1492033147808e-108,0.816679293595483,9.45349319085808,2113.33155586632,0.23899660432248,0.00644461643920724,141139.620093428,1.13246600088308,1.1131735512359e-111,0.826847556830973,9.18757434935162,2042.26264574047,0.866338020745787,8.10034891131215,2113.41604454243,TRUE,0.237912780543405,0.00672398071005167,10.0483934689803,"low r squared, but checked and flux is okay",NA,NA,NA,NA,NA,2922.50835535206,4.32184714977164,0.0260073069376839,27962.0758278406,4.57007661499876,4.49227609277538e-288,0.989678599572045,37.076537970935,2870.64080483803,0.991487184573308,33.7893391023023,2922.66782596062,TRUE,4.33161656698758,0.0266781244541792,38.3482415434238,NA,NA,37.219104,-76.409249,0.95,95,28,82.5,3.39,3.23,2.27,3.4,115.5,122.1,1.06,10706,16.9441952124305,17.45,0.55962403525
2024,"GWI_TR_4_202406","GWI","TR",4,202406,"2024-06-27 06:07:34.5","2024-06-27 06:05:10","2024-06-27 06:09:59","10:05:00 AM written time, but timezone wrong so changed",NA,NA,NA,NA,NA,2128.19065717413,-0.0921145436302681,0.00661185507926751,141283.701201397,1.16185364182164,4.4557288829601e-34,0.402604827797644,9.42599310617483,2116.90158429028,0.433284234047151,9.21281050141382,2128.23512883254,TRUE,-0.0915188854010118,0.00669528190866648,8.89059711864603,"low r squared, but checked and flux is okay",NA,NA,NA,NA,NA,3120.21026550731,6.88374900431683,0.0365705362948773,34299.0466405389,6.42627678135391,1.61459494545999e-303,0.991937137695013,52.1356894354101,3067.65149925279,0.99336579799709,47.4567586693018,3120.22453784429,TRUE,6.88294544068662,0.0374721270201014,60.351243550488,NA,NA,37.21911,-76.409268,0.228,22.8,26.2,79.1,2.48,2.44,18.13,3.4,14,89.1,6.36,3109.5,6.18312844068201,23.7,0.49682884375
2024,"GWI_TR_4_202408","GWI","TR",4,202408,"2024-08-22 09:34:34.5","2024-08-22 09:32:10","2024-08-22 09:36:59","",NA,NA,NA,NA,NA,2272.76372926665,-0.103985473465173,0.00848354308596062,146111.105873514,1.49075188609036,4.43846710801057e-28,0.342828563293758,12.0943090381619,2130.81357776052,0.602709187141713,9.43646233192125,2273.04836861431,TRUE,-0.108375285578509,0.00869475510466826,11.6199546058682,"low r squared, but checked and flux is okay",NA,NA,NA,NA,NA,3023.23909340912,3.12177952718663,0.0309400425661479,28684.9040062384,5.4368706970477,9.28846704609993e-227,0.972488496946466,44.1087447375775,2945.86029931771,0.97922006871836,38.468284598755,3023.96500814605,TRUE,3.13875364909454,0.0315084190647224,45.9406843798825,NA,NA,37.219184,-76.409225,0.223,22.3,19.9,67.8,0.8,0.87,6.69,3.4,13.613,28.876,2.12,2656.25,5.56325659447925,21.95,0.492890689
2024,"GWI_TR_4_202409","GWI","TR",4,202409,"2024-09-26 10:43:34.5","2024-09-26 10:41:10","2024-09-26 10:45:59","",2198.34194623175,0.186663519984397,2.37988212520301e-50,0.539008662806061,10.6378840378536,2130.48670591092,0.148645162112464,0.00663808133792538,139298.218385248,1.16646219324446,5.10927233660547e-65,0.635183070709588,9.46338178610598,2128.6966610764,0.642394654188015,9.40208337722726,2130.49299065126,TRUE,0.1489999062105,0.00671375146331269,8.84199069524333,"low r squared, but checked and flux is okay",3590.45458116636,4.3674903807427,3.68599583770961e-113,0.830894360341145,117.286046589423,2944.04067943192,3.36411560303932,0.0269909663743454,32191.6576922461,4.74292799862649,1.35408540923915e-252,0.981798388172356,38.4788625769096,2927.88437686601,0.983020518227973,37.2943244443445,2944.232880318,TRUE,3.35233258672497,0.0285377567337564,36.1654865854082,NA,"HydraGO was broken, no data",NA,NA,NA,NA,NA,NA,NA,NA,NA,NA,NA,NA,NA,11541.8333333333,16.0052508761283,22.425,0.59177512675
2024,"GWI_TR_4_202410","GWI","TR",4,202410,"2024-10-23 07:42:34.5","2024-10-23 07:40:10","2024-10-23 07:44:59","11:40:00 AM, written time",2173.09217945808,0.504737362951094,2.93721739686078e-85,0.735919550033242,10.1847093771138,2046.52547441618,0.214848762255097,0.00574346233448758,147817.443890123,1.00925724323787,1.40653581546513e-112,0.829315490713324,8.18799500615375,2045.97799082946,0.831971114920169,8.15240441196617,2046.55404722429,TRUE,0.215810284220716,0.00591562198471833,7.81357218255906,"low r squared, but checked and flux is okay",2960.74398508122,2.39080213394904,3.88644456806605e-132,0.875132061007334,39.6031186676126,2789.28739238905,1.28718291691781,0.0206700588156566,31313.6040889208,3.63220046775416,3.99658786836874e-169,0.930867354286441,29.4676500868184,2742.62435728263,0.941948709441667,27.0971167309991,2789.33191766426,TRUE,1.28514271056744,0.0211834671829026,29.8121826197589,NA,"HydraGO was broken, no data",NA,NA,NA,NA,NA,NA,NA,NA,NA,NA,NA,NA,NA,12170.5,17.5782835098954,17.275,0.58714360075
2024,"GWI_TR_4_202411","GWI","TR",4,202411,"2024-11-14 09:36:34.5","2024-11-14 09:34:10","2024-11-14 09:38:59","",NA,NA,NA,NA,NA,1884.12665946863,0.142707413411342,0.00434082432120567,103555.880127102,0.762781773895065,1.74561163111566e-99,0.789597994656967,6.18836614479059,1875.73770206272,0.798397191099733,6.07872618123831,1884.30638967474,TRUE,0.142405934970213,0.00461023956373816,5.92593604275466,"low r squared, but checked and flux is okay",3040.29603098339,1.21379733782422,9.00573718684813e-106,0.809706140859107,45.4251796535602,2681.0104154425,1.2049340060083,0.0171500617834375,23087.7192169824,3.0136567576978,2.76334161414384e-183,0.944872229623694,24.4494717750322,2683.18325233747,0.945218473671115,24.4576405695764,2681.05442050585,TRUE,1.20830396618807,0.0182482306453803,24.000398339435,NA,NA,37.219101,-76.409253,0.95,95,10,49.9,3.58,4,1.71,3.4,187.3,128.9,0.69,7606.25,12.0365282886497,15.5,0.57120672925
2024,"GWI_TR_5_202404","GWI","TR",5,202404,"2024-04-24 10:40:34.5","2024-04-24 10:38:10","2024-04-24 10:42:59","",NA,NA,NA,NA,NA,1964.43881079662,0.834410516489874,0.00498549896789861,109251.37537761,0.876065803425435,5.88310378734074e-289,0.98982327885694,7.1074272407465,1967.26031449306,0.989864550899365,7.11775788473297,1964.55477429772,TRUE,0.832809493039346,0.00499684783593823,6.85511417346253,NA,3517.30140241202,3.16427790163218,2.93823916409693e-124,0.858376908664219,103.388074669925,2717.16650555012,3.25565875069513,0.0182531900594403,21561.1665078987,3.20750153945794,7.7319108958078e-297,0.991028226320656,26.0221135525923,2720.5990480911,0.991045764672856,26.0874056967842,2717.40409378438,TRUE,3.24723539678538,0.018713918085853,26.6470222498424,NA,NA,37.218885,-76.410082,0.854,85.4,14.6,58.3,3.63,4.26,3.87,3.4,89.738,130.636,1.46,7029.25,11.9377598415386,13.95,0.5474585215
2024,"GWI_TR_5_202405","GWI","TR",5,202405,"2024-05-16 11:13:34.5","2024-05-16 11:11:10","2024-05-16 11:15:59","",NA,NA,NA,NA,NA,2993.94594719151,6.89891505572568,0.0294162074540182,142097.751277683,5.16909813498487,0,0.994791217845461,41.9363348632411,2956.40047467186,0.995486441680287,39.1737484975721,2994.64542947914,TRUE,6.88721270076016,0.0308051913266063,43.1378127660046,NA,NA,NA,NA,NA,NA,3070.04605959085,9.25774910319296,0.0335404739350792,30845.9813605635,5.89382576035118,0,0.996233990426243,47.8159718111847,3034.11300520721,0.996718450285142,44.790405918779,3070.24908001773,TRUE,9.24990952024398,0.0357782345615752,48.4233654283392,NA,NA,37.219246,-76.409281,0.95,95,28.9,84,3.67,3.48,2.59,3.4,109.1,131.9,1.21,9504,15.1451372278828,17.45,0.55902376
2024,"GWI_TR_5_202406","GWI","TR",5,202406,"2024-06-27 05:11:44.5","2024-06-27 05:09:20","2024-06-27 05:14:09","9:09:10 AM, written time but changed to match timezone",3135.05180274079,2.05843499044381,5.86753604206455e-142,0.893271703003852,53.4869976344895,2379.43252971652,1.94125388830165,0.0101964528927545,140584.174998758,1.79174918159611,6.26301170563286e-305,0.992117046647909,14.5362675863712,2280.34501028035,0.994475302915448,12.2116934431085,2379.6262752702,TRUE,1.93812538967941,0.01081665780379,14.2896408669417,NA,4029.11299002943,8.22497858300953,2.08337591925308e-127,0.865328449104148,249.865655435528,2905.44791404319,8.09381229122804,0.0252534550651103,36091.0686188461,4.43760765839836,0,0.997204162513562,36.0018316337926,2903.88184039636,0.997257312328361,35.7824472122161,2905.75954704442,TRUE,8.09255539384437,0.0251949826053016,35.2618254679841,NA,NA,37.219229,-76.40926,0.95,95,25.1,77.3,4.11,4.11,2.71,3.4,122.9,147.9,1.2,3154,6.29817769797454,23.75,0.495741754
2024,"GWI_TR_5_202408","GWI","TR",5,202408,"2024-08-22 09:44:34.5","2024-08-22 09:42:10","2024-08-22 09:46:59","",NA,NA,NA,NA,NA,2708.59099304246,6.74466201287995,0.0179852952979702,110449.056496774,3.16042632372687,0,0.997956292344731,25.6401974118838,2384.72661449523,0.999340188562977,14.6195877282803,2716.85361288854,TRUE,6.69845653256487,0.0167823847525887,21.6987923636056,NA,4267.48609389722,12.0854994573985,2.331275260194e-125,0.86084588620687,376.8742228093,2915.34201663951,12.0186408922322,0.0256879440365658,21888.2335031763,4.51395727401529,0,0.998686078380974,36.6212478188949,2895.61602716078,0.99878929539199,35.2761137186718,2915.3684829194,TRUE,12.0218361737618,0.0269884623997346,36.9533385871689,NA,NA,37.219227,-76.409203,0.466,46.6,20.1,68.2,2.99,3.23,8.01,3.4,35.052,107.632,3.07,2699.5,5.65614599506014,21.95,0.49320585775
2024,"GWI_TR_5_202409","GWI","TR",5,202409,"2024-09-26 10:59:34.5","2024-09-26 10:57:10","2024-09-26 11:01:59","",3721.29962414009,6.09226207760863,1.72143347532551e-141,0.892471320846074,146.967385579378,2602.41972061004,5.32914937410386,0.014976773656421,139859.924663476,2.63176049789931,0,0.997730519317894,21.3511886672816,2273.59455354062,0.999279724829674,12.0703888776291,2602.69921569092,TRUE,5.32155605018728,0.0156934815028777,24.3059753367194,NA,NA,NA,NA,NA,NA,2990.84133413044,7.1519496451917,0.029259169603135,28160.0184463523,5.14150300521189,0,0.995202895103623,41.7124585558981,2954.73401352765,0.995822506256447,39.0613556772879,2990.86815098388,TRUE,7.14769257682685,0.0291521094079308,43.3613569767178,NA,"HydraGO was broken, no data",NA,NA,NA,NA,NA,NA,NA,NA,NA,NA,NA,NA,NA,12920.4166666667,17.8963638463772,22.425,0.5917062745
2024,"GWI_TR_5_202410","GWI","TR",5,202410,"2024-10-23 07:57:34.5","2024-10-23 07:55:10","2024-10-23 07:59:59","11:55:00 AM, written time",NA,NA,NA,NA,NA,2472.16789182815,4.10019318872649,0.0119643148821961,147737.568597769,2.10240282812134,0,0.997553778184939,17.0565670674348,2293.00895700734,0.998699222472045,12.4812605386914,2472.46074453328,TRUE,4.10457961092408,0.0134064856774806,17.1585932106512,NA,NA,NA,NA,NA,NA,2827.817627834,4.23151877510062,0.0220898374654673,31912.7641633207,3.88168793762258,1.08062686347966e-305,0.992212649118767,31.4917149831246,2776.55128216295,0.993563871918718,28.7294298189793,2827.85055766805,TRUE,4.23232075620115,0.0217899475238993,32.2357533510823,NA,"HydraGO was broken, no data",NA,NA,NA,NA,NA,NA,NA,NA,NA,NA,NA,NA,NA,10659.375,15.5508995942278,17.275,0.58695546925
2024,"GWI_TR_5_202411","GWI","TR",5,202411,"2024-11-14 09:46:34.5","2024-11-14 09:44:10","2024-11-14 09:48:59","",NA,NA,NA,NA,NA,2227.33077638006,1.38955556422915,0.00784436548838802,138111.555431378,1.37843381338499,5.48747967097188e-296,0.990905298618378,11.1830846455958,2075.31933559726,0.994689311474184,8.57543249982823,2227.40371652916,TRUE,1.38744472810892,0.00751909653280695,10.3328742869473,NA,NA,NA,NA,NA,NA,3030.98895522777,1.34597002129453,0.0313562325151226,31585.8151394125,5.51000475732409,3.56789710871897e-127,0.864824643747689,44.7020734695088,2966.68682717302,0.89319034861088,39.8746957824103,3031.26306972557,TRUE,1.34918379393355,0.0317445596766094,39.160116884941,NA,NA,37.219235,-76.409318,0.95,95,10,50,3.25,3.64,1.83,3.4,160.2,117,0.73,8355.25,13.3223376335607,15.5,0.57077228125
2024,"GWI_WC_1_202404","GWI","WC",1,202404,"2024-04-24 13:27:34.5","2024-04-24 13:25:10","2024-04-24 13:29:59","",NA,NA,NA,NA,NA,1279.66293599212,0.0907605930854909,0.00153094536813194,36176.1701137272,0.269021996106896,2.04097356207927e-163,0.924262243550312,2.18254639778654,1282.61860345803,0.924534495815297,2.18622438055131,1280.08337954153,TRUE,0.0900190228552542,0.00158804963848639,1.99269658371961,NA,NA,NA,NA,NA,NA,2097.73641877333,2.2933391542323,0.006273641416806,7241.58303982031,1.10242179240363,0,0.997849396742419,8.943828930984,2084.28410353239,0.997975003463226,8.70900828929204,2098.01150011095,TRUE,2.29396177583263,0.00629306423282452,8.61411472415448,NA,NA,37.218535,-76.422334,0.95,95,16.5,61.7,3.57,4.05,2.07,3.4,156.906,128.537,0.82,9927,13.9790165155646,14.05,0.6051237355
2024,"GWI_WC_1_202405","GWI","WC",1,202405,"2024-05-16 11:57:09.5","2024-05-16 11:55:10","2024-05-16 11:59:09","",NA,NA,NA,NA,NA,1091.8251221492,0.310039029439185,0.00217415517167826,35231.9333576398,0.319313505275561,1.75816915754984e-232,0.988431636387412,2.33352794701981,1076.61066058596,0.989321697904917,2.25144125481176,1092.08467399663,TRUE,0.309319127295849,0.00227720016646552,2.22797359860991,NA,NA,NA,NA,NA,NA,1894.1043149398,4.84821061945444,0.0115658309932124,6982.74263754362,1.69864878274378,0,0.99864736741554,12.4136447134708,1822.27256560379,0.999013816529492,10.6443887030497,1896.59201558826,TRUE,4.86331497688765,0.0105764111392225,11.0784553226109,NA,NA,37.218864,-76.41011,0.95,95,26.2,79.1,4.66,4.52,2.38,3.4,152.9,167.7,1.1,11012.5,14.8211891283049,18.5,0.6141268945
2024,"GWI_WC_1_202406","GWI","WC",1,202406,"2024-06-27 08:52:34.5","2024-06-27 08:50:10","2024-06-27 08:54:59","12:50:00 PM, written time",NA,NA,NA,NA,NA,1474.15607377889,0.129076914516649,0.00214088314491445,35838.5024046912,0.376201965834524,2.28495803003599e-165,0.926587862399643,3.0520859158524,1409.56928435586,0.942049852566766,2.7211552465757,1474.60906998218,TRUE,0.127825450596966,0.00213776039893646,2.81664867219731,NA,3972.72387940555,8.16159431180929,2.41354712124108e-133,0.877517571351351,226.716602557924,2646.86242803907,7.70661659270217,0.0161694868078937,8864.04682376503,2.84134738419274,0,0.998733785752928,23.0515444386412,2598.64904638125,0.998942417759984,21.1405719173672,2647.74103668409,TRUE,7.7178777033486,0.015640563790395,26.3272695246691,NA,NA,37.218899,-76.41011,0.95,95,28,82.5,3.32,3.19,1.44,3.4,177.8,119.5,0.67,7367.5,9.19660760673381,25.95,0.6279400135
2024,"GWI_WC_1_202407","GWI","WC",1,202407,"2024-07-25 07:04:34.5","2024-07-25 07:02:10","2024-07-25 07:06:59","11:02:00 AM, written time",1977.33710600052,0.223710966955137,8.78028751511213e-124,0.857296795613739,7.26725591841051,1235.13312740509,0.227738054304669,0.00141780499884964,35120.2429727262,0.249140654409031,7.18904381970884e-284,0.988960906626477,2.02125121994317,1233.39883122201,0.989177043496616,2.00835173348682,1235.14882612382,TRUE,0.227901982246944,0.0013840632747941,1.93752773830541,NA,3731.89172547365,5.20339097867173,2.77481682111001e-133,0.877398926983869,149.675997171524,2183.7122220652,5.08709181072122,0.00727607157615139,7926.64131549314,1.27857161984908,0,0.999411167923982,10.3729134553923,2013.67826923733,0.999676879937673,7.71081376314231,2184.21919662471,TRUE,5.09201688629807,0.00724333830889819,10.825096260151,NA,NA,37.218902,-76.410141,0.95,95,24.9,76.8,4.13,4.14,3.05,3.4,109.96,148.556,1.35,10685.5,13.5247206521366,26.45,0.624311209
2024,"GWI_WC_1_202408","GWI","WC",1,202408,"2024-08-22 11:33:34.5","2024-08-22 11:31:10","2024-08-22 11:35:59","licor time used",NA,NA,NA,NA,NA,1830.61648764029,0.0800890117837242,0.00395826322253108,36331.0202115018,0.695557069120742,3.00997948738554e-57,0.587031254359572,5.64297937578764,1613.18729827179,0.80755257783207,3.8656198887968,1830.86033724948,TRUE,0.0820339490296515,0.00409635697881345,5.8597055664124,"low r squared, but checked and flux is okay",3660.86994183401,4.60161603533191,3.99716804706534e-134,0.879036752716321,132.425680732572,2378.68427694191,4.52920561315073,0.0101833070222481,7319.42973742265,1.78943915251355,0,0.99854623480211,14.5175265699269,2311.51236198766,0.998862609637402,12.8858625613231,2379.60860573248,TRUE,4.52852840089784,0.00988922996694646,13.4881558352311,NA,NA,37.21841,-76.421683,0.95,95,44.9,112.9,3.48,2.63,1.11,3.4,189.827,125.328,0.66,12698.5,16.5890677828706,21.3,0.6221021185
2024,"GWI_WC_1_202409","GWI","WC",1,202409,"2024-09-26 09:17:34.5","2024-09-26 09:15:10","2024-09-26 09:19:59","licor time used",NA,NA,NA,NA,NA,1344.59378709396,0.291124683772129,0.00171229602665448,34970.4660423458,0.30088944034533,6.64478882431654e-291,0.990135237300553,2.44108353094208,1312.66860199838,0.991284621265647,2.30247900590397,1344.65086201953,TRUE,0.291091399419413,0.00170251430646414,2.37764359260047,NA,3478.93735945644,3.2667726273153,2.11181919406667e-131,0.87365638199901,96.7707444419271,2121.83429968409,3.23895618857525,0.00653978980360248,6851.65376820733,1.14919013029931,0,0.998827263861236,9.32325540495946,2093.98028280882,0.998949256339867,8.85582536660898,2121.87518196484,TRUE,3.23791432676128,0.00655959498958014,8.42763785040842,NA,"HydraGO was broken, no data",NA,NA,NA,NA,NA,NA,NA,NA,NA,NA,NA,NA,NA,13106,16.6559731988631,22.95,0.6276917575
2024,"GWI_WC_1_202410","GWI","WC",1,202410,"2024-10-23 06:13:34.5","2024-10-23 06:11:10","2024-10-23 06:15:59","10:11:00 AM, written time",1808.13221802634,0.167455222976733,6.08578884200358e-97,0.78087667231468,5.42840961278776,1463.3481805382,0.133359306266618,0.00210135868788863,37973.0213946074,0.369256617851858,2.47373137276043e-171,0.933265354735279,2.99573905782478,1384.3793252883,0.949869744075965,2.60550248530337,1463.39198237312,TRUE,0.133732537833321,0.00220266714642908,3.35694777636374,NA,3102.58342667585,2.08948933249628,9.51700119389851e-138,0.885842748828359,50.5750631028903,2164.42979293532,1.77786692398353,0.00703815125906154,7531.11613114188,1.23676359720488,0,0.995506803499218,10.0337294832964,2031.54929505198,0.997197357710097,7.95209838733718,2164.64497067835,TRUE,1.77783410805571,0.00720852392384927,10.6252277813522,NA,"HydraGO was broken, no data",NA,NA,NA,NA,NA,NA,NA,NA,NA,NA,NA,NA,NA,14680.5,19.581026469118,15.95,0.6230641105
2024,"GWI_WC_1_202411","GWI","WC",1,202411,"2024-11-14 11:47:34.5","2024-11-14 11:45:10","2024-11-14 11:49:59","",1549.90790940027,0.126407096339294,4.81576345966896e-103,0.801228326348993,3.47791117616767,1274.8300536469,0.0892150322032612,0.00151824168106817,34490.6067085043,0.26678966873392,2.14652036624068e-162,0.923014856073417,2.16443576691963,1277.91870925963,0.923256407290654,2.1685804066195,1275.0005273988,TRUE,0.0896278241914402,0.00153671002653273,2.04310976320523,NA,2741.11427054665,0.836993946579091,4.68000218762957e-126,0.862388085659286,27.119036842401,2089.86808220775,0.863877650507792,0.00618910728112251,7826.4028907508,1.08756721797261,1.58661784120667e-266,0.985432966487864,8.82331537304356,2092.16677274554,0.985518175032786,8.82817873448091,2090.05277466735,TRUE,0.862713085142636,0.00637335920419905,8.28494903305769,NA,NA,37.218881,-76.410105,0.95,95,10.3,50.6,4.04,4.48,1.87,3.4,192.3,145.2,0.76,14406,19.317646510921,14,0.6222766735
2024,"GWI_WC_2_202404","GWI","WC",2,202404,"2024-04-24 13:17:34.5","2024-04-24 13:15:10","2024-04-24 13:19:59","",1606.33197943237,0.117125617748036,1.15692419995104e-108,0.818296757910609,3.83325670386216,1234.64914911869,0.104313636184908,0.00141662241157255,36221.8055191343,0.248932846869665,7.55039285971525e-189,0.949563763938516,2.01956529982125,1233.5976455001,0.950434704158695,2.0090402808017,1234.6685804596,TRUE,0.104418260915038,0.00142484483694336,2.01144565122502,NA,NA,NA,NA,NA,NA,2078.66958158192,1.69741936160421,0.00607075571346027,7240.38523310755,1.06677014994024,0,0.996329689795998,8.65459100635451,2078.01334315679,0.996388149704828,8.61535666595183,2078.68830184989,TRUE,1.69759852712782,0.00626145967191804,9.06173341482488,NA,NA,37.218921,-76.410035,0.95,95,16.5,61.7,4.79,5.43,3.32,3.4,131.748,172.204,1.31,10473.5,14.7449990230506,14.05,0.6049336645
2024,"GWI_WC_2_202405","GWI","WC",2,202405,"2024-05-16 11:51:09.5","2024-05-16 11:49:10","2024-05-16 11:53:09","changed observation length to not include chamber opening",1640.11962825745,0.362638997217672,5.18688172154178e-112,0.88103599921494,7.31305775497308,1097.70250888248,0.302862079138842,0.00220094038764411,35225.703915167,0.323247392475073,7.71777927360341e-229,0.987586934314318,2.36227660803421,1084.90410860811,0.988426057122453,2.29067969954317,1097.75145047196,TRUE,0.302972059688769,0.00228649362254489,2.53515834487336,NA,2807.18625006183,3.50802566130241,2.3096372703451e-111,0.879534354382561,83.1836055106345,1821.61292716099,3.44144653690223,0.00994461722833518,7078.78943329016,1.46054459551397,1.48219693752374e-323,0.998016606827218,10.6735906098283,1769.54796775529,0.998429796695857,9.53710479485092,1821.78898244252,TRUE,3.44477621549775,0.0102365799513093,9.8781763493029,NA,NA,37.218861,-76.410119,0.95,95,26.4,79.5,4.41,4.28,2.19,3.4,157.7,158.5,1.01,12366,16.6511429493942,18.5,0.6139756135
2024,"GWI_WC_2_202406","GWI","WC",2,202406,"2024-06-27 09:05:54.5","2024-06-27 09:03:30","2024-06-27 09:08:19","1:03:20 PM, written time",NA,NA,NA,NA,NA,1919.00031834598,0.304920711862494,0.00460983130886926,36071.7651538642,0.810052433119349,3.52236068054308e-176,0.9382406189364,6.5718678974501,1663.09479094586,0.974795566099431,4.21297671289246,1919.00878762521,TRUE,0.30524423418257,0.00482690387772401,8.15419745020963,NA,3898.48647062976,9.42622917261442,5.39331804980313e-154,0.911951278943816,199.478260061441,3456.04305416181,7.92552667752909,0.0652525382835803,10104.9988662796,11.4663582812954,2.01083775570817e-249,0.980851519670815,93.0253262734212,3219.67450746295,0.991640770157775,61.6780175263692,3456.27440663617,TRUE,7.89883157612288,0.0677426655137173,105.641378833985,NA,NA,37.218898,-76.410109,0.95,95,27.8,82,4.37,4.23,1.8,3.4,188.3,157,0.83,7367.5,9.19660760673381,25.95,0.6279400135
2024,"GWI_WC_2_202407","GWI","WC",2,202407,"2024-07-25 07:13:34.5","2024-07-25 07:11:10","2024-07-25 07:15:59","11:11:00 AM, written time",NA,NA,NA,NA,NA,1247.12444768663,0.204955008722781,0.00144742279224596,35276.6118868773,0.254345175788839,2.68773689904384e-268,0.985839697475138,2.06347493976566,1249.9375039082,0.98589753586861,2.06644410297738,1247.32477605637,TRUE,0.205165625917445,0.00143404172063374,2.17635307522177,NA,NA,NA,NA,NA,NA,1995.38225322971,4.297140463006,0.00525870214117082,7419.03225729064,0.924073828105055,0,0.999568874950304,7.49691115970352,1995.59314742994,0.999574471338867,7.47409083131508,1995.52790595589,TRUE,4.2991257097608,0.00538560291958377,7.79422667548377,NA,NA,37.218902,-76.410141,0.778,77.8,24.9,76.8,4.28,4.3,4.58,3.4,77.044,154.071,2,11195.5,14.204457373297,26.4,0.62368669
2024,"GWI_WC_2_202408","GWI","WC",2,202408,"2024-08-22 11:41:34.5","2024-08-22 11:39:10","2024-08-22 11:43:59","",NA,NA,NA,NA,NA,1828.96112217902,0.227881605557911,0.00394698213525083,36005.7721624184,0.693574724955129,2.31169276713553e-160,0.92047287830512,5.62689683168179,1518.98216393975,0.973065390612606,3.28609328877301,1829.5120668568,TRUE,0.230292872310772,0.00411494129383371,6.5943060167669,NA,NA,NA,NA,NA,NA,2247.35877487449,4.99914730370297,0.0081199706024542,6782.86467833595,1.42686391380968,0,0.9992407589613,11.5759928194849,2199.30286065427,0.999365513412308,10.6192259538075,2247.54967947921,TRUE,4.99824598322806,0.00828328217298964,12.2702377540522,NA,NA,37.21841,-76.421683,0.95,95,43.8,110.8,4.01,3.07,1.38,3.4,178.514,144.392,0.81,12520.5,16.3470163325637,21.3,0.6218150725
2024,"GWI_WC_2_202409","GWI","WC",2,202409,"2024-09-26 09:25:34.5","2024-09-26 09:23:10","2024-09-26 09:27:59","",NA,NA,NA,NA,NA,1310.81439566603,0.334081918472403,0.00161541977498053,34919.0934932131,0.283866074820224,3.33168248861409e-315,0.993311284788427,2.30297480510294,1299.62515552321,0.993652601020611,2.25127713407781,1310.82184092498,TRUE,0.334013590857032,0.00165241444390808,2.53262555419747,NA,3490.89513309326,3.61288751276338,5.33544818124338e-135,0.880715830946211,98.7865609630953,2214.86085968399,3.40236347950765,0.00767751283822863,6815.47263847279,1.3491139996699,0,0.99853568078105,10.9452161637108,2122.14057533319,0.99895096340375,9.29640442546762,2214.90780064579,TRUE,3.40241582658558,0.0076527916743632,9.87883858110196,NA,"HydraGO was broken, no data",NA,NA,NA,NA,NA,NA,NA,NA,NA,NA,NA,NA,NA,16313.5,20.8452815449244,22.9,0.627460957
2024,"GWI_WC_2_202410","GWI","WC",2,202410,"2024-10-23 06:21:34.5","2024-10-23 06:19:10","2024-10-23 06:23:59","10:19:00 AM, written time",NA,NA,NA,NA,NA,1432.14282360647,-0.0154059920105402,0.00199128824824147,37828.6221314702,0.34991473276397,1.72976570956018e-13,0.172072312040754,2.83882043319232,1302.11319881278,0.478476311486614,2.26095524811547,1432.1718098193,TRUE,-0.015545734712077,0.00213017380450601,2.83329474252864,"low r squared, but checked and flux is okay",NA,NA,NA,NA,NA,1957.50222456639,1.48713369028887,0.00492622936549697,7474.32328090474,0.865650783347999,0,0.996849703690503,7.02293130776766,1957.85015920449,0.996889127647402,7.00320825591752,1957.71128863039,TRUE,1.48627184735915,0.00487084852680782,6.49297799970223,NA,"HydraGO was broken, no data",NA,NA,NA,NA,NA,NA,NA,NA,NA,NA,NA,NA,NA,14680.5,19.581026469118,15.95,0.6230641105
2024,"GWI_WC_2_202411","GWI","WC",2,202411,"2024-11-14 11:57:34.5","2024-11-14 11:55:10","2024-11-14 11:59:59","",NA,NA,NA,NA,NA,1308.197423893,0.0751906236205213,0.00160814738708421,34480.1963020574,0.282588150506883,1.57855029025578e-136,0.883595372425944,2.29260714317534,1297.8083778135,0.889230120684417,2.24423632204093,1308.24928349529,TRUE,0.0748258074556409,0.00166550559266504,2.35704003425811,"low r squared, but checked and flux is okay",NA,NA,NA,NA,NA,2419.9052141112,0.381042871121064,0.0109333789014906,9171.12643685548,1.92124387812809,2.53591794529186e-105,0.808334224348627,15.5868440728234,2411.79257743368,0.816174784450432,15.317986223284,2422.59259642757,TRUE,0.380632309796297,0.00919456368610269,11.8887590429943,NA,NA,37.218896,-76.410102,0.95,95,10.4,50.7,4,4.43,1.79,3.4,198.1,143.8,0.73,14930,20.1480218662345,14,0.6217413715
2024,"GWI_WC_3_202404","GWI","WC",3,202404,"2024-04-24 13:06:34.5","2024-04-24 13:04:10","2024-04-24 13:08:59","",1573.80092082644,0.146527449542808,6.13834149973961e-123,0.855357734581132,3.62417517369655,1255.52827681348,0.110665265386471,0.00146854769656679,36292.4444572971,0.258057302979172,1.34788469213148e-191,0.95173186157356,2.09359102672,1247.45761312515,0.953699687763261,2.0576275239811,1255.61428516719,TRUE,0.110864215481665,0.00152426910474463,2.14874659467042,NA,NA,NA,NA,NA,NA,2084.87844058763,2.0537335386415,0.00613609180950394,7064.5117494464,1.07825119122452,0,0.997435676025183,8.74773545424525,2083.16578425894,0.997485695885114,8.6922323093658,2085.05582821079,TRUE,2.05413508598294,0.00628785524949402,8.64037575304289,NA,NA,37.218983,-76.410267,0.95,95,16.5,61.7,3.65,4.13,2.45,3.4,135.581,131.186,0.97,10404.5,14.7092457372324,14.05,0.604927846
2024,"GWI_WC_3_202405","GWI","WC",3,202405,"2024-05-16 11:44:34.5","2024-05-16 11:42:10","2024-05-16 11:46:59","",2220.4949479363,0.365924312852342,8.55502363961886e-122,0.852688664601261,11.0520554698801,1375.62988169809,0.341407964266341,0.00180641764692017,35374.0080709901,0.317428754345535,5.06676294691574e-304,0.99200176845475,2.57526519904131,1363.60251623863,0.992431811923755,2.51381988966098,1375.76923297812,TRUE,0.341642900237684,0.00184052106057999,2.40737846386962,NA,NA,NA,NA,NA,NA,2363.43471250954,4.21148828304532,0.00991905307644069,6952.84332245484,1.74300371107975,0,0.99840497146333,14.1408008489911,2191.23822863475,0.999131234860004,10.4725923222832,2367.20885740419,TRUE,4.22835198031551,0.00900485323210552,11.718201455922,NA,NA,37.218863,-76.410131,0.95,95,26.4,79.5,3.77,3.66,1.96,3.4,150.5,135.5,0.9,12366,16.6511429493942,18.5,0.6139756135
2024,"GWI_WC_3_202406","GWI","WC",3,202406,"2024-06-27 09:12:34.5","2024-06-27 09:10:10","2024-06-27 09:14:59","1:10:00 PM, written time",2034.04021434868,0.360903962715453,1.23392736764002e-143,0.896094792484854,8.01362122904871,1669.35392008701,0.291534622276776,0.00299746352484015,36452.7754754422,0.526722662673496,2.68922133822114e-222,0.970454245210877,4.27324407181107,1568.97203327388,0.979385338811352,3.58188371306926,1670.40107913909,TRUE,0.293173794537549,0.00307290812056199,4.48296998249987,NA,4046.81575095454,13.3402641981069,2.12251568665461e-150,0.906743368716111,257.609635071846,3414.66541675618,9.98879284922005,0.0607595451808237,7363.30459972883,10.67683698409,9.66093974421935e-287,0.989456322087032,86.6200252641064,3090.00356894251,0.996605319275451,49.3213477128076,3415.4135557022,TRUE,9.97583218453447,0.0662131199186523,78.4961150194812,NA,NA,37.218894,-76.410127,0.95,95,27.8,82,3.3,3.19,1.46,3.4,176.1,118.6,0.67,7213.5,8.95236393094204,25.9,0.6292860265
2024,"GWI_WC_3_202407","GWI","WC",3,202407,"2024-07-25 07:21:34.5","2024-07-25 07:19:10","2024-07-25 07:23:59","11:19:00 AM, written time",NA,NA,NA,NA,NA,1293.11524699712,0.590724522054084,0.00156686854760898,35450.283817544,0.275334517540115,0,0.997977872541958,2.23375920236906,1295.36552532769,0.997990036362236,2.23480389243129,1293.16277519079,TRUE,0.590390980195464,0.00167810965185735,2.25331091926558,NA,3694.97913555582,4.48106111943385,9.42051041296053e-129,0.86819173111767,140.447049046436,1966.49895305466,4.60426072831866,0.00500323879473813,7578.72665491325,0.879183095346035,0,0.999660040278028,7.1327174934047,1963.63617798365,0.999667990891367,7.07342115822977,1966.7110908625,TRUE,4.60608033605937,0.00500473135342747,6.4602399169817,NA,NA,37.218884,-76.410193,0.888,88.8,24.7,76.4,4.25,4.28,3.63,3.4,95.867,152.761,1.59,11195.5,14.204457373297,26.4,0.62368669
2024,"GWI_WC_3_202408","GWI","WC",3,202408,"2024-08-22 11:53:34.5","2024-08-22 11:51:10","2024-08-22 11:55:59","",2143.56453063291,0.786392846384278,1.35095354600043e-167,0.929156804865751,9.6791856967722,1868.66919579657,0.426910682160589,0.00422666584695937,36115.757484232,0.742721527949298,6.91373397922064e-227,0.972544844412411,6.02561953610715,1541.00006582213,0.991251630740703,3.41323768567554,1868.95523712089,TRUE,0.424670107735503,0.00451667643255432,6.40710522575863,NA,NA,NA,NA,NA,NA,2309.91223577711,5.84776123118233,0.00904468532623394,7597.86816246529,1.58935736785384,0,0.999311504611977,12.8942846614912,2305.34307182732,0.999331551217297,12.7495257871793,2310.14605653683,TRUE,5.84600510747467,0.0087077836564677,12.4330687868804,NA,NA,37.21841,-76.421683,0.95,95,42.6,108.8,3.23,2.49,1.27,3.4,156.708,116.066,0.74,13077.5,17.0389952211227,21.3,0.6214543255
2024,"GWI_WC_3_202409","GWI","WC",3,202409,"2024-09-26 09:33:34.5","2024-09-26 09:31:10","2024-09-26 09:35:59","",NA,NA,NA,NA,NA,1326.75486134452,0.784700979633879,0.00166043299215542,35065.8763813083,0.291775923066707,0,0.998712144499257,2.36714654959681,1323.98450398955,0.99874186260078,2.34784185585575,1326.76040776799,TRUE,0.78466453475879,0.00171583655551862,2.41963931172918,NA,3552.58220708286,3.99430309649858,3.37679228109646e-134,0.879178280881416,109.872279635896,2191.5245206216,3.76069160702199,0.00737473948969773,6960.65642157208,1.29590982120262,0,0.99889370820628,10.5135764103026,2125.408755888,0.999131306398043,9.34893561212035,2191.53496171493,TRUE,3.75994090504973,0.00766908158365002,10.1364141144183,NA,"HydraGO was broken, no data",NA,NA,NA,NA,NA,NA,NA,NA,NA,NA,NA,NA,NA,16313.5,20.8452815449244,22.9,0.627460957
2024,"GWI_WC_3_202410","GWI","WC",3,202410,"2024-10-23 06:29:34.5","2024-10-23 06:27:10","2024-10-23 06:31:59","10:27:00 AM, written time",NA,NA,NA,NA,NA,1402.71926421262,0.133519845431594,0.0018927892132571,37392.103256406,0.332606207223028,9.24928708142758e-184,0.945289559466403,2.69839823494438,1291.58830294496,0.963216431199199,2.22029712707528,1402.72839231253,TRUE,0.133455947796453,0.0019538328119342,2.89563536500036,NA,3275.85319533398,2.26392870176299,3.00567135982283e-127,0.86498542851001,68.183296207514,2061.70073747939,2.20665354981794,0.00589571885251355,7407.73303575195,1.03601218384663,0,0.997948338205386,8.40505494955499,2031.27025761417,0.998178019122139,7.94827356064487,2061.93969060514,TRUE,2.20872270339013,0.00599591951279883,8.57279593104089,NA,"HydraGO was broken, no data",NA,NA,NA,NA,NA,NA,NA,NA,NA,NA,NA,NA,NA,16941,22.5565096358427,15.95,0.623178541
2024,"GWI_WC_3_202411","GWI","WC",3,202411,"2024-11-14 12:06:34.5","2024-11-14 12:04:10","2024-11-14 12:08:59","",1650.34654169313,0.133878996131363,1.60078223961478e-111,0.826410499371259,4.13547391486305,1258.21684732895,0.115472767431001,0.00147537090223231,34458.4503195364,0.259256295736323,4.07858545093482e-196,0.955096220808955,2.10331832545751,1261.03194677358,0.955279317234829,2.10635224012041,1258.24111645781,TRUE,0.115350593614161,0.00156505727396771,2.14104851436978,NA,NA,NA,NA,NA,NA,2129.89961784635,1.04332862456765,0.00663136553342847,7651.00397810676,1.16528207332063,2.62926205617296e-281,0.988499083545313,9.4538076006268,2123.63555783188,0.98889901976908,9.32039733702567,2130.25810765761,TRUE,1.04634609656579,0.00629334118647788,8.03497407211194,NA,NA,37.218856,-76.410148,0.95,95,10.7,51.3,3.94,4.34,1.99,3.4,174.9,141.7,0.81,14930,20.1480218662345,14,0.6217413715
2024,"GWI_WC_4_202404","GWI","WC",4,202404,"2024-04-24 12:57:34.5","2024-04-24 12:55:10","2024-04-24 12:59:59","",1988.07512634132,0.237764327744841,2.40423557479051e-126,0.863022787427636,7.40305383660093,1264.26524969635,0.236762904096605,0.00149083698518319,36293.9369548022,0.261974039030114,1.8294063748058e-282,0.988709987853289,2.125367083261,1266.26442012924,0.988787614205929,2.12544068282606,1264.42422987282,TRUE,0.236758646058922,0.00155699884877115,1.98851156587701,NA,NA,NA,NA,NA,NA,2082.70279512414,1.25364615635241,0.00611311775263644,7067.31436718332,1.0742141257839,3.70111163319219e-314,0.993198509081507,8.71498317836236,2081.03119142289,0.993330235268098,8.66030079983714,2082.86364204917,TRUE,1.25131284305654,0.00594492790297328,9.12855869194452,NA,NA,37.218922,-76.410204,0.95,95,16.5,61.7,4.79,5.43,3.32,3.4,131.748,172.204,1.31,10404.5,14.7092457372324,14.05,0.604927846
2024,"GWI_WC_4_202405","GWI","WC",4,202405,"2024-05-16 11:38:34.5","2024-05-16 11:36:10","2024-05-16 11:40:59","",NA,NA,NA,NA,NA,1374.84078075106,0.549797429390086,0.00180396165270896,35252.8966458526,0.316997180183007,0,0.996909012825581,2.57176388447434,1329.33067754817,0.997394131492041,2.36958323059562,1375.0075043813,TRUE,0.549286322319797,0.00185155385811561,2.4425846246775,NA,NA,NA,NA,NA,NA,2150.34908415871,2.89683456726514,0.00686934284794901,7064.07766902404,1.20710011171255,0,0.998383138863703,9.79307282940207,2133.93447433478,0.998493044344923,9.48737543360776,2150.51150574927,TRUE,2.89732956728824,0.00731574154541121,10.0227477260213,NA,NA,37.218845,-76.410179,0.95,95,26.2,79.1,4.16,4.05,2.02,3.4,161.2,149.6,0.93,12366,16.6511429493942,18.5,0.6139756135
2024,"GWI_WC_4_202406","GWI","WC",4,202406,"2024-06-27 09:22:34.5","2024-06-27 09:20:10","2024-06-27 09:24:59","1:20:00 PM, written time",NA,NA,NA,NA,NA,1542.17808713237,0.243874296044888,0.00240728067980761,36613.1204850783,0.423014084729638,2.98863652116922e-227,0.972704270027412,3.43186758034755,1533.86176068598,0.973839250219761,3.37148697570099,1542.20403102387,TRUE,0.244253920280286,0.00249787352036115,3.55096306898365,NA,3827.93406053794,7.20566343186822,2.65226514755477e-140,0.89041049785796,176.631063799127,3542.13683087916,6.22022427221464,0.0756942721464578,8621.0156090339,13.3012089200454,5.96378566047728e-202,0.959095752927043,107.911271326364,3214.39602932174,0.986969404405132,61.1192432307376,3548.72277193598,TRUE,6.41281491819581,0.070152494468956,71.5536165443301,NA,NA,37.218877,-76.410176,0.95,95,27.8,82,3.89,3.78,1.56,3.4,194.2,140,0.72,8573,10.6807395170772,25.85,0.6302247445
2024,"GWI_WC_4_202407","GWI","WC",4,202407,"2024-07-25 07:30:34.5","2024-07-25 07:28:10","2024-07-25 07:32:59","11:28:00 AM, written time",2281.26345447519,0.379665353809288,2.0478057744427e-122,0.854143198728767,12.2728525476572,1360.85513469668,0.381368909592846,0.00176098265817093,35841.7824824758,0.309444791219973,6.20546451176606e-321,0.993896859133302,2.51049216853851,1333.58001751829,0.994520804392703,2.38700761091758,1360.88244378399,TRUE,0.381517010213451,0.00173940056390256,2.5021601069507,NA,3401.33587268584,2.99442394405429,1.73777661072819e-135,0.881641021814117,84.6520270817992,2319.08886282576,2.92491231574764,0.00918892632927132,7892.32273620884,1.61470379978101,0,0.997165583903608,13.0999175260894,2251.29548554307,0.997787169238269,11.6151302970395,2320.11888170856,TRUE,2.92561810196909,0.00897336945675687,11.584331969962,NA,NA,37.218884,-76.410193,0.95,95,24.7,76.4,3.94,3.98,2.32,3.4,138.256,141.866,1.03,11221.5,14.1924224414289,26.4,0.6244101235
2024,"GWI_WC_4_202408","GWI","WC",4,202408,"2024-08-22 12:06:34.5","2024-08-22 12:04:10","2024-08-22 12:08:59","",2163.332527709,0.812618072024705,4.68687832442753e-161,0.921349069328266,10.0147652509251,2143.92060533129,0.409157277087388,0.00679362628874619,36303.4486250649,1.19379498644871,3.04453510896209e-165,0.926441441805509,9.68512978520151,1678.6356883765,0.985416978404848,4.32738791147788,2148.80050793316,TRUE,0.421726142794119,0.00711671600006777,9.59888462669898,NA,3525.91502586774,3.99130815470024,1.87194704742844e-133,0.877733423259946,104.934956712749,2364.48442087511,3.5684066407576,0.00993702125026715,7322.24585893634,1.74616112877068,0,0.997771629511866,14.1664166376901,2305.66789959977,0.998205615795536,12.7566681319535,2364.79991015598,TRUE,3.56985664896653,0.00948622290097207,12.4171260338822,NA,NA,37.21841,-76.421683,0.95,95,42.1,107.8,3.76,2.92,1.23,3.4,189.406,135.403,0.71,13077.5,17.0389952211227,21.3,0.6214543255
2024,"GWI_WC_4_202409","GWI","WC",4,202409,"2024-09-26 09:40:34.5","2024-09-26 09:38:10","2024-09-26 09:42:59","",2576.87463213494,0.730610697107924,1.54948694224826e-134,0.879829823353996,20.4312207000845,1358.07518521464,0.700967430729238,0.00175256243475523,34964.3570155879,0.307965166043196,0,0.998202939699629,2.49848812929123,1288.91219906711,0.998603643974746,2.21007633520525,1358.10917960958,TRUE,0.701133104699395,0.00192128176240859,2.64139356567484,NA,3231.79910096899,2.19969759744561,5.45401920302341e-133,0.876822507275823,63.1962065302106,2174.31754199025,2.14002581074906,0.00715916514013496,6770.72923167245,1.25802849438585,0,0.996787214843108,10.2062492973387,2145.33148457531,0.997132635871883,9.6756462327135,2174.46668781333,TRUE,2.14272836534945,0.0072130929950423,9.83124357702924,NA,"HydraGO was broken, no data",NA,NA,NA,NA,NA,NA,NA,NA,NA,NA,NA,NA,NA,15615,19.9557854562486,22.9,0.627689818
2024,"GWI_WC_4_202410","GWI","WC",4,202410,"2024-10-23 06:36:34.5","2024-10-23 06:34:10","2024-10-23 06:38:59","10:34:00 AM, written time",NA,NA,NA,NA,NA,1395.24035694625,0.166744590537715,0.00186853901048879,37523.4731568588,0.328344893860365,7.11175112683042e-212,0.96509688152642,2.66382665989063,1354.61800326338,0.970074648582588,2.47517951586726,1395.93573026012,TRUE,0.167798808511989,0.00183802799088555,2.28101257069551,NA,2973.23052688143,1.54942473987642,5.49034110259306e-122,0.85314142544781,40.4649590004643,2182.13509434275,1.25091458682423,0.00725631346132914,7305.29923901817,1.27509966872696,1.2822568768762e-292,0.990401999829575,10.3447458909383,2160.29156802043,0.991220327088089,9.92845898384634,2182.32598839442,TRUE,1.25400086341216,0.00742602873406272,11.3657533225467,NA,"HydraGO was broken, no data",NA,NA,NA,NA,NA,NA,NA,NA,NA,NA,NA,NA,NA,16941,22.5565096358427,15.95,0.623178541
2024,"GWI_WC_4_202411","GWI","WC",4,202411,"2024-11-14 12:14:34.5","2024-11-14 12:12:10","2024-11-14 12:16:59","very low flux",1517.83605886476,0.147902277637969,2.1393247595905e-116,0.839417135670662,3.29081608053151,1250.10857169707,0.094587309513843,0.00145488903302024,34455.1331470108,0.255657164471336,3.72750295245723e-174,0.936209015832078,2.07411896224099,1246.96937035813,0.937760245793933,2.05589614634283,1250.26952123736,TRUE,0.0945585024406004,0.00142183664784568,2.09381405911987,NA,2603.70722857869,0.641788977504693,3.31245586078293e-116,0.838929170348403,21.3986375632545,2089.42233636843,0.625965016100789,0.00618435261043865,7584.91022125951,1.08673171395997,3.82744139062706e-227,0.972657342624247,8.81653701923047,2088.67256851619,0.973101527137255,8.7751533453719,2089.91547375175,TRUE,0.623854198333304,0.00604761271410485,9.18000281013568,NA,NA,37.218843,-76.410193,0.95,95,10.5,50.9,4.36,4.82,1.82,3.4,211.6,156.9,0.74,16063.5,21.5587068692521,14,0.6224589865
2024,"GWI_WC_5_202404","GWI","WC",5,202404,"2024-04-24 12:47:34.5","2024-04-24 12:45:10","2024-04-24 12:49:59","",NA,NA,NA,NA,NA,1310.52061270434,0.297073055636974,0.00161460173595855,36242.4749422688,0.283722326718451,1.08303577659457e-300,0.991564366504986,2.30180859227926,1312.18676216023,0.991631982021319,2.30056699658216,1310.54746083864,TRUE,0.29730665245808,0.00169194525720031,2.2588495402799,NA,NA,NA,NA,NA,NA,2110.36806976527,2.0632864599072,0.00641177191738236,7103.42456479014,1.12669446977137,0,0.99722653055568,9.140750540816,2107.84042255254,0.997288261573227,9.0700000410767,2110.37242237376,TRUE,2.06356043472853,0.00650914302081127,8.61506463238202,NA,NA,37.218932,-76.410218,0.95,95,16.5,61.7,3.28,3.72,1.84,3.4,161.732,118.109,0.73,10434,14.7285222491836,14,0.6046233445
2024,"GWI_WC_5_202405","GWI","WC",5,202405,"2024-05-16 11:31:34.5","2024-05-16 11:29:10","2024-05-16 11:33:59","",2539.45130098605,0.622564900990061,5.94780324166e-131,0.872745056176989,19.1545669969957,1318.21827878611,0.638582911027984,0.00163617329925983,35268.6530503541,0.287512942072372,0,0.998112894538025,2.33256144522742,1280.91108271319,0.998363425158825,2.17979759803721,1318.24865614464,TRUE,0.63870185778649,0.00165120852923386,2.3810406701104,NA,3530.37985510522,3.83015791627628,2.56558653086595e-133,0.877465624172351,105.745861221836,2250.5073846178,3.59338935938793,0.00816417084426805,7113.21046790493,1.43463090375504,0,0.998515559010835,11.6390055700116,2194.74311158825,0.998792013936015,10.5360687654332,2250.55371321302,TRUE,3.59492066120035,0.00876237667905516,12.1357772830257,NA,NA,37.218837,-76.410195,0.95,95,26.2,79.1,4.16,4.05,2.02,3.4,161.2,149.6,0.93,12241,16.5787763222985,18.5,0.6140648305
2024,"GWI_WC_5_202406","GWI","WC",5,202406,"2024-06-27 09:30:34.5","2024-06-27 09:28:10","2024-06-27 09:32:59","1:28:00 PM, written tim e",2365.04588992582,0.578893176227814,1.145984014383e-135,0.881982577810012,14.1801370785204,1443.27400788815,0.490150997685093,0.00202987352316157,36222.7052085119,0.35669504504383,0,0.995084917552732,2.89382837438831,1395.4148434838,0.995889750126065,2.65555136812757,1443.62253889534,TRUE,0.489746645422955,0.00216015278075583,2.84384858419042,NA,NA,NA,NA,NA,NA,2950.45935791392,9.66271831661574,0.0272913258789278,7842.95212242891,4.79570800969314,0,0.997707831706289,38.90706110601,2845.95776403308,0.998423267298436,32.3815357034861,2952.1056683458,TRUE,9.6799824286534,0.0272712616366806,37.7266563152359,NA,NA,37.218859,-76.4102,0.95,95,27.5,81.5,3.28,3.19,1.46,3.4,175,118,0.67,8573,10.6807395170772,25.85,0.6302247445
2024,"GWI_WC_5_202407","GWI","WC",5,202407,"2024-07-25 07:37:34.5","2024-07-25 07:35:10","2024-07-25 07:39:59","11:35:00 AM, written time",NA,NA,NA,NA,NA,1316.00812482381,0.632747700830122,0.00162995034462372,35386.1775407071,0.286419427102644,0,0.998092559925753,2.32368987638679,1315.04535066424,0.998124924259612,2.3119335607007,1316.14890341994,TRUE,0.632967131704162,0.00174875677229562,2.47919706400995,NA,3680.73203843063,4.23317170286644,8.26577909689119e-128,0.866189785270257,137.039140494348,2341.55454470396,4.45661739931874,0.00955183262019782,7419.75024421273,1.67847470684083,0,0.998678762151208,13.6172840072736,2333.77319529885,0.998731362209855,13.3900451552873,2341.63281848552,TRUE,4.45602749058323,0.00829922388810905,11.8559967812128,NA,NA,37.218884,-76.410193,0.95,95,24.4,75.9,4.48,4.53,3.32,3.4,110.541,161.25,1.46,10960,13.9289661111109,26.35,0.6234093415
2024,"GWI_WC_5_202408","GWI","WC",5,202408,"2024-08-22 12:16:34.5","2024-08-22 12:14:10","2024-08-22 12:18:59","",2204.86126345845,0.651638810744179,6.90170425121712e-163,0.923618913615021,10.7581305359723,1854.60766166316,0.45805958347629,0.00412542663883992,36089.7173677013,0.724931491531599,1.97120114130905e-238,0.977172543031247,5.88129089212328,1446.67714117387,0.994484766483963,2.90094218795244,1854.63420615727,TRUE,0.457456913839125,0.00420446757395723,7.48302613879683,NA,3655.20461905774,4.49363321330662,5.20589937894901e-133,0.876862309250805,131.138470287814,2331.39532585043,4.44578540221317,0.0093859804915789,7460.51454575144,1.64933070756535,0,0.998717971570043,13.3808418889477,2219.48180168531,0.999140374348075,10.9951845095777,2331.58278868879,TRUE,4.44865441159893,0.00900263310349375,12.2818753028494,NA,NA,37.21841,-76.421683,0.95,95,41.1,106,3.94,3.08,1.33,3.4,184.804,141.773,0.77,11632.5,15.1656599278497,21.35,0.6220361755
2024,"GWI_WC_5_202409","GWI","WC",5,202409,"2024-09-26 09:47:34.5","2024-09-26 09:45:10","2024-09-26 09:49:59","",2623.20200321736,0.815685560274077,2.80629580332418e-138,0.886806359569914,22.1301058055785,1497.09173286835,0.782092890702964,0.00222723892532352,34930.5326921234,0.391376644764683,0,0.997669783641546,3.17519644702036,1338.83002667187,0.998668324403671,2.40871226725512,1497.14348285963,TRUE,0.782327570683546,0.0023566609898893,3.14263064929708,NA,3511.98981367624,3.88273884674527,1.22844225025856e-137,0.885640306031352,102.445578057602,2320.93197148088,3.60280000551413,0.00921817310144962,6813.54690451557,1.61984312427611,0,0.99811815499009,13.141612310628,2120.87946648692,0.999068888871084,9.2762129747141,2321.10886319875,TRUE,3.60500793054449,0.00987110287788468,13.127699623453,NA,"HydraGO was broken, no data",NA,NA,NA,NA,NA,NA,NA,NA,NA,NA,NA,NA,NA,15615,19.9557854562486,22.9,0.627689818
2024,"GWI_WC_5_202410","GWI","WC",5,202410,"2024-10-23 06:43:34.5","2024-10-23 06:41:10","2024-10-23 06:45:59","10:41:00 AM, written time",NA,NA,NA,NA,NA,1319.75301425365,0.338951379423386,0.00164050850343587,37578.1700567965,0.288274736258662,4.36085199436917e-315,0.993298769667264,2.33874179918063,1289.87454077593,0.99403762543335,2.21374635944214,1319.8069310166,TRUE,0.339005470042966,0.00170353383258131,2.45343717064781,NA,3128.8737225588,2.12772267387393,5.94116906452344e-134,0.878703535024849,52.9202851266019,2268.3923659978,1.80314728289362,0.00841984438137266,7393.1611487216,1.479558571806,1.53046715112243e-319,0.99375949829177,12.0034988883447,2117.10055690029,0.996346916577649,9.21597155557695,2268.86667705015,TRUE,1.80558792379455,0.00884015635819022,11.1217592211559,NA,"HydraGO was broken, no data",NA,NA,NA,NA,NA,NA,NA,NA,NA,NA,NA,NA,NA,14862,19.8277069674507,15.9,0.6231416905
2024,"GWI_WC_5_202411","GWI","WC",5,202411,"2024-11-14 12:23:34.5","2024-11-14 12:21:10","2024-11-14 12:25:59","",1492.61243930979,0.217952608475932,6.20937105340229e-146,0.899842483889367,3.15076910571398,1354.53223185388,0.114767458447834,0.00174188946784619,34454.0311699789,0.306089682487728,1.01670484449723e-175,0.93778441933214,2.48327253377365,1254.97308274285,0.956467623558898,2.08446314555456,1354.54879354419,TRUE,0.114544297166592,0.00184264870160427,2.45144492677623,NA,2497.11213885584,0.658287238990952,2.58545212769416e-135,0.881314171836009,17.8061271019596,2130.69820345866,0.604856825490981,0.0066405023619416,7594.4329617805,1.16688762234665,2.37473756235345e-214,0.966451787829613,9.46683324646213,2097.26380599563,0.970514475609051,8.90610256180697,2130.98224703447,TRUE,0.603037163202484,0.00688821470537599,9.22897062160181,NA,NA,37.218853,-76.410194,0.95,95,10.5,50.8,3.99,4.41,1.86,3.4,190.2,143.7,0.76,13837,18.5999923677068,14,0.622107937
2024,"MSM_TR_1_202404","MSM","TR",1,202404,"2024-04-11 11:53:34.5","2024-04-11 11:51:10","2024-04-11 11:55:59","1 shoot",2169.24775283568,0.865104265493633,2.23800840458653e-175,0.937442664307855,10.1174250836181,1972.44789636,0.473827363047428,0.00505482008567384,35074.4519781998,0.888247103858781,7.99950695887994e-218,0.968263630929332,7.20625281547977,1532.29691832744,0.993138622551102,3.36240295001009,1972.83352981471,TRUE,0.470940493772358,0.00489652475355139,7.2266941134253,NA,2779.39892205004,1.0178188176034,1.12102933211333e-134,0.880099506398217,28.9695120285912,2091.46866173713,0.990332148552268,0.00620621045287628,7101.26191055815,1.09057263508333,4.70517484569304e-283,0.988815947637636,8.84769799745261,2067.22777866565,0.989853726330112,8.45662763000401,2091.49780762212,TRUE,0.990284833672809,0.00643950116835796,9.09513227647092,NA,NA,38.430203,-76.227009,0.701,70.1,21.9,71.5,4.17,4.36,5.54,3.4,65.131,149.872,2.3,5558,12.2304347131192,13.625,0.492972148
2024,"MSM_TR_1_202405","MSM","TR",1,202405,"2024-05-21 11:56:34.5","2024-05-21 11:54:10","2024-05-21 11:58:59","1 phrag stem",2237.84250212714,0.315052035274502,7.18956288801474e-125,0.859753916862173,11.3876109107344,2201.38207047319,0.338853376120248,0.00750115008743444,71430.2251687718,1.31812304450901,9.77034973884611e-133,0.876323041864173,10.6937898917731,2132.20662995495,0.903904365849489,9.45915420038807,2202.58565451556,TRUE,0.336318510179655,0.00790899320384479,10.2446211196726,"low r squared, but checked and flux is okay",NA,NA,NA,NA,NA,3402.39002381121,3.04640726852215,0.0594871142339931,13813.1051370075,10.4532418641399,1.08047178902266e-146,0.901050932581222,84.8060222060967,3396.39431015169,0.904403398611534,83.6479485101373,3403.56079822417,TRUE,3.00848894688232,0.0576232762978026,79.8783733635072,NA,NA,38.43042,-76.22695,0.765,76.5,25.4,77.7,4.2,4.17,4.59,3.4,75,151,2.01,6843.75,12.5972084469557,17.475,0.52612111225
2024,"MSM_TR_1_202406","MSM","TR",1,202406,"2024-06-18 07:32:34.5","2024-06-18 07:30:10","2024-06-18 07:34:59","12:30:00 PM, written time",3380.05012412713,4.66891288077179,1.49816971733999e-157,0.916817010789647,81.6016504963786,2706.65553395426,3.35424972320116,0.017925378422695,70172.394800182,3.14989756305223,8.73536081683931e-303,0.991842052876065,25.5547787137247,1974.00604808253,0.999356721859603,7.2010247850865,2707.32074375477,TRUE,3.34455160116531,0.0183759455845759,30.5342791216336,NA,3776.70468349781,6.50960712199011,6.84492621882055e-140,0.889686890863575,161.699012530625,2820.9755217245,5.78358406657945,0.0218307805311626,14574.2224072362,3.83616572956559,0,0.995913434158449,31.122398225938,2732.60132216558,0.997028183900665,26.6328717657355,2821.22442083782,TRUE,5.77757967195383,0.022571095823617,29.7686487564371,NA,NA,38.430405,-76.226958,0.435,43.5,38.2,100.8,3.02,2.53,7.04,3.4,31.7,108.7,3.43,4199,8.08637833144457,21.4,0.51352405975
2024,"MSM_TR_1_202407","MSM","TR",1,202407,"2024-07-18 11:24:34.5","2024-07-18 11:22:10","2024-07-18 11:26:59","",NA,NA,NA,NA,NA,1978.44042990135,0.238900396941845,0.00510731698700148,71040.2292754314,0.897472005986948,1.4152917275221e-136,0.883683549230061,7.2810934500789,1896.54793543386,0.913500945324043,6.30078908456217,1978.49461170055,TRUE,0.23779772984707,0.00544304061142761,8.01971904993381,"low r squared, but checked and flux is okay",3613.00339403879,6.29028587535278,1.03725881058012e-149,0.905710574067515,121.93560252907,2980.11045283839,4.70186499420641,0.0287228075633531,18767.836036121,5.04725196949129,3.26352205043817e-286,0.98936681683376,40.9478100829981,2768.15894159815,0.994950348580119,28.3167208777629,2980.17326253422,TRUE,4.69509344324628,0.0308838709660958,45.9468674517133,NA,NA,38.430715,-76.22645,0.672,67.2,30.4,86.8,3.32,3.09,4.21,3.4,60.958,119.576,1.96,3858.75,6.53643968441464,24.9,0.53738960725
2024,"MSM_TR_1_202408","MSM","TR",1,202408,"2024-08-15 10:53:34.5","2024-08-15 10:51:10","2024-08-15 10:55:59","",NA,NA,NA,NA,NA,1781.74599008593,0.825568314339639,0.00363840671568116,71680.3271257217,0.639350990359394,0,0.994437290936753,5.18698552952407,1754.48973653897,0.995005661122192,4.93201165255796,1781.86383899376,TRUE,0.824383165782954,0.00352289241594298,5.05664690024599,NA,NA,NA,NA,NA,NA,2623.66333832898,6.94943090478161,0.0155354965439414,13738.7004893288,2.72994084423966,0,0.99856279188056,22.1477152128412,2553.42276121992,0.998887399090966,19.5547393715999,2624.29887648392,TRUE,6.95945033515348,0.0154594424053046,21.3284323381852,NA,NA,38.430459,-76.226972,0.943,94.3,36.5,97.7,3.62,3.08,2.37,3.4,105.9,130.3,1.23,6230.5,9.35401503384987,23.375,0.575195311
2024,"MSM_TR_1_202409","MSM","TR",1,202409,"2024-09-12 10:32:34.5","2024-09-12 10:30:10","2024-09-12 10:34:59","",NA,NA,NA,NA,NA,1679.20964579028,1.29037360027621,0.00304883353473995,72509.6306001735,0.535749544292491,0,0.998394792125347,4.34647818740715,1680.42960265854,0.998410106696146,4.34079305046973,1679.45764148745,TRUE,1.29005574627261,0.0031864301989955,3.82669725655786,NA,3672.78956451466,4.43920610793586,1.39316829019079e-128,0.867833283113837,135.175327968833,2433.08578778212,4.42210582080601,0.0111846860035325,13723.2203262188,1.96540426401413,0,0.998160997099282,15.9451125138253,2435.46064891679,0.998171273915356,15.9559967108535,2433.11835978622,TRUE,4.4213852891526,0.0117641170774261,16.8478934624764,NA,NA,38.430778,-76.226612,0.95,95,27.8,82,3.02,2.9,1.71,3.4,136.176,108.476,0.8,6677.75,9.76399424111462,21.125,0.58543975
2024,"MSM_TR_1_202411","MSM","TR",1,202411,"2024-11-21 11:30:34.5","2024-11-21 11:28:10","2024-11-21 11:32:59","~5 stems of frag",2498.48315267695,0.509240717049586,6.22265562982976e-123,0.855344038889071,17.8482673129635,1732.75078436463,0.555735519290587,0.0033436779298097,69976.6487533436,0.587560424911556,4.29141231310091e-288,0.989681877670329,4.76681426586059,1730.24715008378,0.989910699825916,4.73011438501125,1732.77123527105,TRUE,0.555962004653949,0.0033206815775575,4.52226234847665,NA,2740.29514800639,1.0396170034948,4.58481797673952e-115,0.835965043569079,27.0807641947044,2441.4404967584,0.772304053953068,0.0113469636940982,15191.3535559699,1.99392015305128,1.54100933962367e-179,0.941469600202937,16.1764588416289,2440.63558533457,0.942431380791553,16.0989979685161,2441.53346867248,TRUE,0.771194660664057,0.0112558505895354,15.7069266686401,NA,NA,38.430467,-76.226808,0.837,83.7,16.5,61.7,3.53,3.55,3.34,3.4,86.865,126.871,1.46,10690.25,16.6896559351162,15.025,0.576859402
2024,"MSM_TR_2_202404","MSM","TR",2,202404,"2024-04-11 12:31:34.5","2024-04-11 12:29:10","2024-04-11 12:33:59","No live plants",NA,NA,NA,NA,NA,1361.59598132796,-0.0134524543639268,0.00176323343684933,34891.3966327405,0.309840304335895,3.46642687739084e-13,0.168130383463409,2.51370092372926,1331.04563209998,0.261562415082687,2.37660002598306,1361.66197152551,TRUE,-0.0134247172272937,0.00184057704881666,2.56067490029148,"low r squared, but checked and flux is okay",2321.17344145424,0.430297260617976,7.05316245502285e-103,0.800701359843987,13.1470846648234,2126.72407404605,0.332219227196833,0.00659515751760649,7402.38580463691,1.15891949964931,7.77541642209678e-145,0.898069690042007,9.40218872764266,2105.04406171318,0.906707699773426,9.02637599000481,2126.81756660487,TRUE,0.332292946986499,0.00693508838347552,9.34252846121105,NA,NA,38.430203,-76.227009,0.694,69.4,18.6,65.4,4.29,4.71,6.08,3.4,64.166,154.275,2.4,5397.75,11.9181051119223,13.675,0.49213137475
2024,"MSM_TR_2_202405","MSM","TR",2,202405,"2024-05-21 11:46:34.5","2024-05-21 11:44:10","2024-05-21 11:48:59","no veg",NA,NA,NA,NA,NA,1662.14428340408,-0.0177326575042555,0.00296043445008883,35487.1833044128,0.520215810233852,6.24890012122409e-09,0.110778214196026,4.22045468076279,1401.35874718131,0.64315799918655,2.68290567576002,1663.92589689312,TRUE,-0.0212366010386186,0.0030016533883885,4.06959790132734,"low r squared, but checked and flux is okay",NA,NA,NA,NA,NA,2387.63084204333,0.827479555094234,0.0103416034071692,7079.68348746133,1.81725543540283,9.31806957430479e-199,0.95695286541015,14.7431970686161,2267.51758094546,0.971940734277723,11.9445811366059,2388.33852924539,TRUE,0.819315332096014,0.0105984398363048,15.1178781291144,NA,NA,38.430394,-76.226975,0.891,89.1,25.6,78.2,4.32,4.3,3.65,3.4,96.3,155.6,1.62,6862.5,12.6311172414138,17.425,0.526335427
2024,"MSM_TR_2_202406","MSM","TR",2,202406,"2024-06-18 07:45:34.5","2024-06-18 07:43:10","2024-06-18 07:47:59","12:43:00 PM, written time",NA,NA,NA,NA,NA,1618.00512827898,0.0105623278055483,0.00274349879871086,34899.9832394103,0.482095271659923,0.000145596163802773,0.0489465592797717,3.91118686864994,1348.80552061195,0.629259394114173,2.45049832844988,1618.0586731882,TRUE,0.00996521453061901,0.00295487805530203,4.05986378107001,"low r squared, but checked and flux is okay",2695.22104166976,1.62592774142171,1.6464376847112e-157,0.916762496354178,25.0559090791599,2332.9805405569,1.02140288564665,0.00941166867378112,7216.35734283695,1.6538447066905,1.21891407391295e-235,0.976130706669602,13.4174634763003,2135.43540939489,0.988087245604632,9.51195883965523,2333.11371276824,TRUE,1.01903011254332,0.00986008742688942,12.753498736114,NA,NA,38.430438,-76.227017,0.948,94.8,38.2,100.8,3.51,2.94,2.24,3.4,106.9,126.4,1.18,4094,7.88394605923485,21.375,0.51325252975
2024,"MSM_TR_2_202407","MSM","TR",2,202407,"2024-07-18 11:32:34.5","2024-07-18 11:30:10","2024-07-18 11:34:59","",1952.75781023716,0.278652394912739,6.04480962852369e-140,0.889782036717357,6.96571787882128,1508.61182899552,0.246771496033427,0.00227191912299916,35660.0659918763,0.399227973894618,9.58240208131192e-236,0.976170554465974,3.23889343224221,1325.93878296629,0.987481320804276,2.35576612611206,1509.76002860897,TRUE,0.248945907339024,0.00230374748967008,3.26732434350379,NA,3449.06061047527,5.11710280665483,2.2582389454913e-147,0.902120364192,91.9121367686227,3041.55411869757,3.45494735931229,0.0319326453181505,7717.1161987377,5.61129362502635,2.87186043523176e-235,0.9759882398032,45.5238191131312,2523.67958298736,0.996029165182754,18.577224447961,3077.01648746549,TRUE,3.62151067334228,0.0236470221599605,30.9075207057242,NA,NA,38.430715,-76.22645,0.669,66.9,30.4,86.8,3.94,3.66,5.03,3.4,60.48,141.857,2.35,3858.75,6.53643968441464,24.9,0.53738960725
2024,"MSM_TR_2_202408","MSM","TR",2,202408,"2024-08-15 11:05:34.5","2024-08-15 11:03:10","2024-08-15 11:07:59","",NA,NA,NA,NA,NA,1281.88215197624,0.205975549973253,0.00153681434492923,35859.5375903782,0.270053309102107,1.58915356232672e-261,0.984220388225772,2.19091332872625,1276.71894270025,0.984711186161133,2.16409919778475,1281.89538480104,TRUE,0.206023157124788,0.00159139568792416,2.35874319545369,NA,3247.80237529004,2.20300120560694,1.4998848650665e-130,0.871925446501569,64.9641856713081,2182.81869768101,2.15738181741292,0.0072648709863419,7705.56545829612,1.27660342092386,0,0.996744795713334,10.3569456700939,2176.96521552016,0.996853541577909,10.2180212052092,2182.87833472138,TRUE,2.1573308511838,0.00750509598081232,10.1187590208844,NA,NA,38.430408,-76.226992,0.95,95,36.5,97.7,3.14,2.68,1.85,3.4,117.8,112.9,0.96,6230.5,9.35401503384987,23.375,0.575195311
2024,"MSM_TR_2_202409","MSM","TR",2,202409,"2024-09-12 10:43:34.5","2024-09-12 10:41:10","2024-09-12 10:45:59","",NA,NA,NA,NA,NA,1493.73005493622,0.016729467767011,0.00221436719473932,36170.572861054,0.389114788314943,5.59575363726226e-13,0.165404881888524,3.15684624994305,1318.28444116601,0.550485217349689,2.32488099427731,1496.13015111401,TRUE,0.0134661999035507,0.00226767060919393,2.82854382000058,"low r squared, but checked and flux is okay",2819.37855663056,1.40415430553853,4.06864445360379e-148,0.903277976471082,31.0368240487598,2259.6250824698,1.17960735470871,0.00829352707429489,6982.09283848074,1.45736174179477,7.58428800532395e-269,0.985963561000058,11.8234184039071,2134.58077095105,0.991004932699205,9.49795315115384,2259.71610490762,TRUE,1.17951183236128,0.00837349778305793,12.5970892790155,NA,NA,38.430778,-76.226612,0.95,95,27.5,81.5,3.03,2.92,1.63,3.4,143.731,108.978,0.76,6661.25,9.7482908466996,21.125,0.5853175615
2024,"MSM_TR_2_202410","MSM","TR",2,202410,"2024-10-17 11:15:34.5","2024-10-17 11:13:10","2024-10-17 11:17:59","",2364.41305856724,0.589582324542706,2.06750565471781e-146,0.90060417591736,14.1646737308017,1660.67501207608,0.532476052864835,0.00295294449019031,35226.8242369343,0.518899653560593,3.41900924505042e-298,0.991220432185241,4.20977684382859,1442.59956621018,0.995917743974325,2.88061921130217,1661.04244922519,TRUE,0.530692767117218,0.00320070184350397,4.2549766866908,NA,2818.48303473865,2.24569467862882,6.57423842172525e-177,0.93895618649023,30.9889400672137,2623.88911226913,1.46958357740704,0.0155415451526167,6293.1142423332,2.73100372265021,7.0304860983486e-219,0.968795000110226,22.1563382305862,2219.45336684667,0.992369302834806,10.9946454774507,2624.89533813176,TRUE,1.45804720178294,0.0167505703017773,23.8637168925581,NA,"HydraGO was broken, no data",NA,NA,NA,NA,NA,NA,NA,NA,NA,NA,NA,NA,NA,6437,10.0802425580342,17.4,0.57095265475
2024,"MSM_TR_2_202411","MSM","TR",2,202411,"2024-11-21 12:23:34.5","2024-11-21 12:21:10","2024-11-21 12:25:59","v low flux - no plants? ",NA,NA,NA,NA,NA,1478.18115320148,-0.00298767873454399,0.00215579210156185,34872.17755132,0.378821809338182,0.166854349489299,0.00662483171665721,3.07334042323253,1410.76237628886,0.22346884732027,2.72675857393685,1478.30878501113,TRUE,-0.00266257961467428,0.00233236876878924,3.08139979962129,"low r squared, but checked and flux is okay",2474.94963260601,0.654079300726919,5.95240959671831e-101,0.794472563444492,17.1385686373113,2089.94616534418,0.437588206712129,0.00618994055257024,7564.53704935009,1.08771364275878,5.14430767375843e-184,0.945511952086901,8.82450330151866,2062.80837046294,0.951059285041569,8.39243579479939,2090.17372878573,TRUE,0.436010611306126,0.00618408413377652,8.30536269775439,NA,NA,38.430467,-76.226808,0.898,89.8,15.8,60.4,3.29,3.34,2.78,3.4,97.673,118.359,1.21,10264.5,15.9515460932184,14.95,0.57692437525
2024,"MSM_TR_3_202404","MSM","TR",3,202404,"2024-04-11 12:21:34.5","2024-04-11 12:19:10","2024-04-11 12:23:59","30% plant cover",1916.0419378466,0.329457388695789,8.86356287250739e-157,0.915784064875734,6.5384324037745,1439.68370481131,0.266012295758873,0.00201734705583559,34822.7285355446,0.354493859218163,1.60578488893787e-259,0.983706446155587,2.87597039153118,1261.09687651092,0.991318799659685,2.10658805486739,1443.20015787613,TRUE,0.262750709727689,0.00191083053177333,2.68803932160722,NA,3167.15561818257,1.9113531983716,1.03903569845215e-131,0.874276836575356,56.5310472133507,2082.27751514202,1.89506010293993,0.00610863700486756,7182.33163533185,1.07342675627096,0,0.997016421562479,8.70859533454641,2066.64751530711,0.99721169539277,8.44817139324674,2082.28719464206,TRUE,1.89490480768593,0.00625985093296604,8.87565494578135,NA,NA,38.430203,-76.227009,0.761,76.1,21.1,70,4.32,4.56,5.04,3.4,74.426,155.42,2.09,5416.25,11.9894171556931,13.625,0.49277140975
2024,"MSM_TR_3_202405","MSM","TR",3,202405,"2024-05-21 12:05:34.5","2024-05-21 12:03:10","2024-05-21 12:07:59","disp",2174.86422757822,0.405292632114581,5.02579416686231e-134,0.878844328110759,10.2158738486949,1446.32630859287,0.3476579718711,0.00204058406790282,35456.135205755,0.358577131880931,3.68579665903293e-291,0.990175526754707,2.90909754161657,1376.98113433792,0.99237095900533,2.57247905702868,1446.46816230997,TRUE,0.348370842432966,0.00204843141441112,2.50112290483448,NA,NA,NA,NA,NA,NA,2457.03677984175,2.83737302165309,0.0116562245731215,6932.93385213766,2.04826433849673,0,0.995163071343786,16.6173473485207,2419.31024629137,0.995811279381385,15.5178225630021,2457.20692575854,TRUE,2.84215415741596,0.011584248549953,14.1691509984146,NA,NA,38.430353,-76.226912,0.95,95,25.1,77.3,3.93,3.91,2.94,3.4,108.1,141.5,1.31,6843.75,12.5972084469557,17.475,0.52612111225
2024,"MSM_TR_3_202406","MSM","TR",3,202406,"2024-06-18 07:53:34.5","2024-06-18 07:51:10","2024-06-18 07:55:59","12:51:00 PM, written time",NA,NA,NA,NA,NA,1737.74610284678,1.0569134800218,0.00337260011988534,34878.7845191733,0.592642712932994,0,0.997076038865258,4.80804631964884,1403.12185958528,0.999090382005948,2.69107371233036,1739.58875565163,TRUE,1.06007103504406,0.0033544785512437,4.97886388987887,NA,NA,NA,NA,NA,NA,2548.04584616718,3.60161780133026,0.0136365340574621,7136.0526432939,2.39624985220372,0,0.99588835230426,19.4405162358755,2544.23481125854,0.995997619759595,19.2474077073896,2548.25805447799,TRUE,3.59555785441465,0.0138125590619922,18.7544463319359,NA,NA,38.430374,-76.226936,0.903,90.3,37.8,100,3.78,3.17,2.63,3.4,98.5,135.8,1.38,4138.5,7.95247909838798,21.375,0.51379752925
2024,"MSM_TR_3_202407","MSM","TR",3,202407,"2024-07-18 11:41:34.5","2024-07-18 11:39:10","2024-07-18 11:43:59","",2361.05775706621,0.5674375154284,7.81439683209078e-130,0.870449720368181,14.0829676195099,1507.7907681739,0.464171624581425,0.00226870521943822,35695.436494993,0.398663217784272,7.2064383926862e-314,0.993166963867034,3.23431162691737,1486.92141794096,0.993728517790981,3.1093766148235,1507.80344967656,TRUE,0.464030030551074,0.00240075784937147,3.32536965001235,NA,NA,NA,NA,NA,NA,2776.71616069003,3.81584210937378,0.0202268652110886,7478.9756416406,3.55432124969415,8.54045205599096e-304,0.991972716829352,28.8358244023053,2615.76240140388,0.995454943906791,21.7736346558256,2780.19155834004,TRUE,3.83365496050636,0.0197158181534787,24.0163430470152,NA,NA,38.430715,-76.22645,0.88,88,30.1,86.2,3.17,2.95,2.55,3.4,94.33,114.011,1.21,3735.75,6.34056174103295,24.9,0.53672435875
2024,"MSM_TR_3_202408","MSM","TR",3,202408,"2024-08-15 11:15:34.5","2024-08-15 11:13:10","2024-08-15 11:17:59","",NA,NA,NA,NA,NA,1233.54344532633,0.313023963767172,0.00141392435523924,35717.0536175303,0.248458736874949,9.88131291682493e-324,0.994158220325191,2.01571889664197,1232.96428048496,0.994249738881662,2.0068475888805,1233.68660519037,TRUE,0.313511543950448,0.00144857863080524,2.23843245188468,NA,NA,NA,NA,NA,NA,2344.44896787372,5.61917454915092,0.00959961907751525,7171.78037822024,1.68687187659098,0,0.99916017160112,13.685409338492,2125.71840448517,0.999610384187111,9.35392812538051,2344.50675553743,TRUE,5.61688200207222,0.0101630496053344,14.0500173784475,NA,NA,38.430398,-76.226933,0.95,95,36.1,97,3.24,2.77,1.6,3.4,139.7,116.5,0.83,6204,9.32474198789252,23.3,0.5750653645
2024,"MSM_TR_3_202409","MSM","TR",3,202409,"2024-09-12 10:52:34.5","2024-09-12 10:50:10","2024-09-12 10:54:59","",NA,NA,NA,NA,NA,1324.00577177586,0.125162545435313,0.00165258147795754,36052.1369657793,0.290396233062123,3.38540867071834e-192,0.952192688818757,2.35595327360769,1317.97646918527,0.953817784441919,2.32364684230167,1324.24145141594,TRUE,0.124777147350022,0.00174233831966454,2.34837104531348,NA,3474.35963203627,3.32499893803495,3.36147345200569e-132,0.875257770993783,96.009974612138,2057.33155095165,3.23442786650998,0.00585147279323537,6877.75705494876,1.02823714272847,0,0.999058286591279,8.34197688073293,2016.13801899078,0.99919417932845,7.74358436228312,2057.34320799796,TRUE,3.2342163062522,0.00588892893915966,8.20463639750333,NA,NA,38.430778,-76.226612,0.95,95,27.5,81.5,3.03,2.92,1.64,3.4,143.542,108.864,0.76,6854,10.0427260441451,21.1,0.58556484775
2024,"MSM_TR_3_202410","MSM","TR",3,202410,"2024-10-17 11:23:34.5","2024-10-17 11:21:10","2024-10-17 11:25:59","",1625.7072618684,0.380484182106156,1.4970789938119e-167,0.929106272600313,3.96347202683284,1512.60107322706,0.172895329014957,0.00228759926154121,35589.6061171604,0.401983331634757,6.00737214993713e-192,0.952001938801646,3.26124735198625,1313.58118745339,0.976166502556299,2.30610463135905,1513.0994932837,TRUE,0.17144650848442,0.00234005618153431,3.37995522969054,NA,3026.43148499152,2.12585416084624,2.90816228138827e-149,0.905033349896184,44.352194085436,2323.18002793145,1.7060420410387,0.00925397169824707,6424.72272870048,1.6261337536929,6.13734050545564e-301,0.991597571643892,13.1926475076458,2110.13298247832,0.996024769768456,9.10592188242434,2325.15169103844,TRUE,1.69580956891925,0.00948617199741784,12.1134211328118,NA,"HydraGO was broken, no data",NA,NA,NA,NA,NA,NA,NA,NA,NA,NA,NA,NA,NA,6556,10.2874050259748,17.375,0.5708294965
2024,"MSM_TR_3_202411","MSM","TR",3,202411,"2024-11-21 12:08:34.5","2024-11-21 12:06:10","2024-11-21 12:10:59","~80% cover with distichlis",NA,NA,NA,NA,NA,1362.27402280329,0.0444083225770104,0.00176529592735222,34829.188943561,0.310202730927718,1.1551861336908e-74,0.687241973247142,2.51664125152361,1321.23582183684,0.732230731078678,2.33674150535711,1362.37263556795,TRUE,0.0449568324968737,0.00186952297862891,2.43097766694177,"low r squared, but checked and flux is okay",2409.68261339543,0.581502425552952,3.53189216040993e-139,0.888423206107132,15.3145300795446,2364.82560369478,0.51903023460109,0.00994286838527155,7552.50273375848,1.74718860366504,7.42615736749931e-149,0.904413294698653,14.1747524305321,2134.03136188632,0.957461973038215,9.48896040835992,2364.93072846646,TRUE,0.522224459992975,0.0105089481416197,13.7399953453594,NA,NA,38.430467,-76.226808,0.95,95,16,60.8,3.51,3.54,2.41,3.4,118.898,126.158,1.06,10663.5,16.5934416557324,14.975,0.57740731075
2024,"MSM_TR_4_202404","MSM","TR",4,202404,"2024-04-11 12:12:34.5","2024-04-11 12:10:10","2024-04-11 12:14:59","No live plants",1868.22143939579,0.393881439410789,2.36254936801155e-161,0.921722223584323,6.02096959031319,1518.07414752437,0.253161327447757,0.00230928798459836,34845.7209174481,0.405794534628216,7.10829017530536e-237,0.976597115549725,3.29216723023034,1317.6982849454,0.988433477570302,2.32253262344116,1523.0219455717,TRUE,0.248798614201682,0.00224632781009646,3.07187465838434,NA,3026.09843477285,1.91772960616082,1.60182713234526e-139,0.889033920856328,44.3267332791098,2238.93902293156,1.57819564202266,0.00800294596952854,7195.07768182955,1.40630001845544,2.69266478847844e-309,0.992648666231557,11.4091601575488,2166.77506052709,0.994346654980979,10.0400662559459,2238.95554676099,TRUE,1.57726126449929,0.00748197580477867,10.7826953297002,NA,NA,38.430203,-76.227009,0.618,61.8,21.3,70.3,3.86,4.05,6.36,3.4,53.416,138.806,2.6,5416.25,11.9894171556931,13.625,0.49277140975
2024,"MSM_TR_4_202405","MSM","TR",4,202405,"2024-05-21 12:12:34.5","2024-05-21 12:10:10","2024-05-21 12:14:59","no veg",NA,NA,NA,NA,NA,1575.02911713462,0.472087037980691,0.00254756364395865,35274.0869743191,0.447664999008671,1.4110029422294e-301,0.991682912883838,3.63185778538814,1462.99926701042,0.994425463606129,2.98373888323278,1575.53990080514,TRUE,0.473838545387753,0.00259554085268509,3.70622190396453,NA,NA,NA,NA,NA,NA,2549.70325519617,2.83375710912639,0.013675557571654,6896.3425344144,2.40310717311245,1.90322835692505e-315,0.993337241914688,19.49614893976,2533.76843757249,0.993779857755859,18.9031942409293,2551.82337655709,TRUE,2.81999148803586,0.013026510700291,18.283148810305,NA,NA,38.430357,-76.226869,0.81,81,24.9,76.8,3.65,3.64,3.63,3.4,82.4,131.4,1.59,6989,12.8943063467439,17.475,0.52633639675
2024,"MSM_TR_4_202406","MSM","TR",4,202406,"2024-06-18 08:01:34.5","2024-06-18 07:59:10","2024-06-18 08:03:59","12:59:00 PM, written time",1339.94272166538,0.17527316385589,8.31150162898823e-109,0.818713260294833,2.42158656922104,1363.24027856743,0.0606897623799928,0.00176823928767952,34808.1460323117,0.310719946425406,8.86779332731577e-104,0.803548343502876,2.52083736499274,1282.58466947474,0.853283744804989,2.18609647515233,1363.41810763669,TRUE,0.0606058410956788,0.00182235860357741,2.42976112207506,"low r squared, but checked and flux is okay",NA,NA,NA,NA,NA,2562.485195111,1.72578165610782,0.0139802825550794,6988.30346658893,2.45665429831442,2.061440559382e-251,0.981450966063738,19.9305709829856,2394.06828079497,0.989764351020776,14.8569619856689,2562.54162179807,TRUE,1.72895851751016,0.0150209555994582,21.1040774227412,NA,NA,38.430357,-76.22689,0.878,87.8,37.8,100,3.73,3.13,2.72,3.4,94,134,1.43,4138.5,7.95247909838798,21.375,0.51379752925
2024,"MSM_TR_4_202407","MSM","TR",4,202407,"2024-07-18 12:23:34.5","2024-07-18 12:21:10","2024-07-18 12:25:59","",2126.46742932352,0.351673859633897,6.05160687261875e-112,0.827578346802742,9.39802926501203,1583.82617178566,0.265822493867871,0.00258649791490597,35600.8801634161,0.454506637845199,5.32693441942617e-229,0.973456996300888,3.6873632623146,1490.60014834828,0.981017755371469,3.12916094316345,1583.86283747162,TRUE,0.265463661672971,0.00274467718754084,3.54619811913233,NA,3666.32464334995,5.22628215359417,4.29630683307365e-138,0.886471233502136,133.676973710271,2470.59201701172,4.71841948645701,0.0119318516547061,7731.42052748742,2.09669829911512,0,0.998161701710111,17.0102868397442,2318.75233496759,0.998925922571253,13.0477211886045,2471.56342898674,TRUE,4.70760468798899,0.0128708437100886,16.6557049958725,NA,NA,38.430715,-76.22645,0.625,62.5,30.1,86.2,3.16,2.94,4.53,3.4,54.378,113.591,2.09,3748.75,6.35531823059896,24.85,0.5370589225
2024,"MSM_TR_4_202408","MSM","TR",4,202408,"2024-08-15 11:22:34.5","2024-08-15 11:20:10","2024-08-15 11:24:59","",2974.55059131132,1.5015049449055,8.77974656407152e-134,0.878374278077278,40.5571610457555,1745.24303864506,1.38313971281944,0.00341647646701875,35966.0187216597,0.600352787200446,0,0.99824589822775,4.87059731942809,1559.72454346852,0.999087488998462,3.52522721000091,1745.25905224064,TRUE,1.38355146960003,0.00365948284143406,5.53455172790428,NA,3515.2150012473,3.70973042708038,1.2084802213974e-131,0.874144936534936,103.016830729711,2236.67823628089,3.45408029610304,0.00797181194047383,7049.87489951453,1.4008290599108,0,0.998468291943527,11.3647748617856,2221.40073020028,0.998566800538666,11.0316222932948,2237.39793648702,TRUE,3.45562611116114,0.0085616852862201,10.1005781241987,NA,NA,38.430374,-76.226874,0.95,95,36.1,97,2.99,2.56,1.87,3.4,111.5,107.4,0.96,6243.25,9.39499845652385,23.3,0.574353568
2024,"MSM_TR_4_202409","MSM","TR",4,202409,"2024-09-12 11:00:34.5","2024-09-12 10:58:10","2024-09-12 11:02:59","",NA,NA,NA,NA,NA,3562.88720353664,8.07976278898689,0.0784513742843237,35926.0620838252,13.7856946084565,2.94403870573855e-229,0.973566065719137,111.841851387931,2367.76585961626,0.9995769447999,14.1982621588497,3565.38332826544,TRUE,8.18539779456655,0.0771399916346925,135.125634303611,NA,NA,NA,NA,NA,NA,2140.98766943106,2.4589721278923,0.00675935908817452,6939.60875291261,1.18777345825399,0,0.997828537999872,9.6362777773332,2120.91941664863,0.998001480416216,9.27685193845816,2141.17834619595,TRUE,2.46070366842462,0.00680815213572228,8.66117014261695,NA,NA,38.430778,-76.226612,0.92,92,27.5,81.5,3.04,2.93,2.34,3.4,101.648,109.417,1.08,6854,10.0427260441451,21.1,0.58556484775
2024,"MSM_TR_4_202410","MSM","TR",4,202410,"2024-10-17 11:30:34.5","2024-10-17 11:28:10","2024-10-17 11:32:59","",3364.03175521388,5.30789035090878,1.70569425936773e-168,0.930167350036646,79.378822298896,2864.5859138641,3.55337862431848,0.0235355314574231,36582.1082857424,4.13572932379579,3.26338847234932e-276,0.987523153761202,33.5527253105505,1695.38475263084,0.999781647952042,4.45417475361721,2866.93786385053,TRUE,3.52258819791576,0.0230635439352604,39.7618208451145,NA,NA,NA,NA,NA,NA,2235.05657102732,1.45416454420777,0.00794955408766599,6407.20427658866,1.39691784784794,5.70537208450908e-300,0.991466465438917,11.3330436207632,2121.54328477693,0.994309572281827,9.28683581088393,2235.1402354828,TRUE,1.45645604928016,0.00818858067602061,11.4150116366102,NA,"HydraGO was broken, no data",NA,NA,NA,NA,NA,NA,NA,NA,NA,NA,NA,NA,NA,6556,10.2874050259748,17.375,0.5708294965
2024,"MSM_TR_4_202411","MSM","TR",4,202411,"2024-11-21 11:57:34.745704","2024-11-21 11:55:10","2024-11-21 11:59:59","no plants - 1 sprig",NA,NA,NA,NA,NA,1441.32870204669,0.0186620806745017,0.00200341182118226,34921.0509929461,0.352440553877361,3.21891389601374e-18,0.230916641497006,2.85968155808416,1371.2613981649,0.403742545314167,2.52671263160864,1441.34303397187,TRUE,0.0185755549051091,0.00202347152056487,2.73734409168366,"low r squared, but checked and flux is okay",2567.00407662171,0.598770675271663,1.09279734474296e-121,0.851456706780529,19.7837403015302,2088.69925879754,0.602501312016659,0.00609319260714526,7699.36034722892,1.07191549667329,7.26813082711403e-225,0.971290809878384,8.69745817823186,2089.58346471421,0.971596564997589,8.68111049452235,2088.9190016297,TRUE,0.600019718767905,0.00606066032452043,7.86708609340436,NA,NA,38.430467,-76.226808,0.95,95,16.2,61.2,3.2,3.23,2.14,3.4,121.845,115.105,0.94,10490.75,16.3127468794513,15,0.57726572725
2024,"MSM_TR_5_202404","MSM","TR",5,202404,"2024-04-11 12:02:34.5","2024-04-11 12:00:10","2024-04-11 12:04:59","No live plants",NA,NA,NA,NA,NA,1297.64569368586,0.0326475542546112,0.00157915546277509,34801.2024158675,0.277493608591167,7.56354070228804e-59,0.597437433722647,2.25127567486633,1301.50019937363,0.597639350528197,2.25856691682716,1297.68044613605,TRUE,0.0329377891545215,0.00161159337234831,2.24969865901532,"low r squared, but checked and flux is okay",2613.23525402485,0.924396674495873,1.27315487376309e-125,0.861428897752041,21.753069734892,2083.41425421304,0.687828755697876,0.0061206210315657,7183.93874475922,1.07553262291444,6.63541292548786e-240,0.977703836960355,8.7256800031737,2082.12871459984,0.978106525946439,8.67670404031413,2083.48700259076,TRUE,0.686534432479127,0.00626544685296569,9.00600103936582,NA,NA,38.430203,-76.227009,0.559,55.9,21.5,70.7,3.6,3.78,6.99,3.4,45.845,129.628,2.83,5558,12.2304347131192,13.625,0.492972148
2024,"MSM_TR_5_202405","MSM","TR",5,202405,"2024-05-21 12:19:34.5","2024-05-21 12:17:10","2024-05-21 12:21:59","no veg",NA,NA,NA,NA,NA,1942.95519514041,0.516419187639643,0.00480421076282721,35247.0153335924,0.844209333681872,1.78859993427478e-234,0.975681328562949,6.84897914248251,1604.91989673368,0.992523144142416,3.81090964951748,1945.40195596885,TRUE,0.520674400248615,0.00470794298974891,6.51817238592171,NA,NA,NA,NA,NA,NA,2661.42089667501,1.69688570154042,0.0165804906769968,6807.51208054478,2.91357013202907,1.72959633093586e-228,0.973239046136378,23.6374797911757,2492.07967711979,0.985279876010591,17.5921669276782,2663.47157058673,TRUE,1.67838275058347,0.0157005972952479,24.8184342319751,NA,NA,38.430411,-76.226865,0.894,89.4,24.9,76.8,3.76,3.75,3.16,3.4,97,135.3,1.39,6989,12.8943063467439,17.475,0.52633639675
2024,"MSM_TR_5_202406","MSM","TR",5,202406,"2024-06-18 08:08:34.5","2024-06-18 08:06:10","2024-06-18 08:10:59","1:06:00 PM, written time",NA,NA,NA,NA,NA,1353.59185483451,0.47654896481432,0.00173906756157138,34800.8524104572,0.30559380923537,0,0.996179256966817,2.47924956763574,1297.59550728017,0.996893300346898,2.2434127976868,1353.75157201127,TRUE,0.47706646545935,0.00180871323272326,2.6404047126562,NA,3477.57619440853,3.05183594981423,5.42472244179827e-126,0.862246973579556,96.5439056280007,2225.58776898811,3.09362325998001,0.00782082710396088,7116.82723287324,1.37429758272939,0,0.99816276641983,11.1495278530345,2176.1275295715,0.998472067830534,10.2032741111005,2225.66668873635,TRUE,3.0916152848354,0.00818192279662223,11.156590045379,NA,NA,38.430443,-76.226856,0.438,43.8,37.4,99.3,2.37,1.99,5.48,3.4,32,85.1,2.66,4262.75,8.20926914962967,21.35,0.51362685325
2024,"MSM_TR_5_202407","MSM","TR",5,202407,"2024-07-18 12:31:34.5","2024-07-18 12:29:10","2024-07-18 12:33:59","",1531.30723102858,0.152524389003646,3.76037349468572e-99,0.788474751220971,3.36814363255119,1417.80726287595,0.0807026863575842,0.00194267386723439,35494.313451719,0.341372077950635,1.2051996632358e-123,0.856982761720357,2.76951479737,1419.53088495131,0.858100992276519,2.76829521970191,1417.96036631078,TRUE,0.0801955258527514,0.00195470910320761,2.5809107725896,"low r squared, but checked and flux is okay",3882.34732184494,7.57202742781258,5.89921306926704e-138,0.886221097948736,194.004070281247,2539.19876048166,6.84276546592099,0.0134301062615664,8068.50976200246,2.35997578334419,0,0.998891829623174,19.1462286331214,2132.93410977371,0.999730717791182,9.4710260299377,2539.72226360811,TRUE,6.83886759241602,0.0138024289281572,21.9805075486608,NA,NA,38.430715,-76.22645,0.527,52.7,30.1,86.2,3.2,2.98,6.07,3.4,41.964,115.18,2.74,3748.75,6.35531823059896,24.85,0.5370589225
2024,"MSM_TR_5_202408","MSM","TR",5,202408,"2024-08-15 11:34:34.5","2024-08-15 11:32:10","2024-08-15 11:36:59","",NA,NA,NA,NA,NA,1383.41993408034,0.35804736375823,0.00183084353414983,35935.0343118494,0.321720939472443,2.92097870286811e-308,0.992525952397586,2.61008723338397,1338.54224302814,0.993685219871466,2.40751741199849,1383.42403929001,TRUE,0.358101860588927,0.0019514353216237,2.57373564409362,NA,NA,NA,NA,NA,NA,2641.38011278455,8.0401665046654,0.0160173685541471,7416.71769336306,2.81461673976933,0,0.998858308871785,22.8346816075675,2546.65349994446,0.999187732847192,19.3278399313636,2641.77236153313,TRUE,8.03828341479453,0.016542499666694,24.7030232833901,NA,NA,38.430448,-76.226862,0.936,93.6,36.1,97,3.43,2.94,2.29,3.4,104.6,123.4,1.18,6243.25,9.39499845652385,23.3,0.574353568
2024,"MSM_TR_5_202409","MSM","TR",5,202409,"2024-09-12 11:07:34.5","2024-09-12 11:05:10","2024-09-12 11:09:59","",NA,NA,NA,NA,NA,1294.71194474901,0.0330987508404662,0.0015711879653807,35948.5028947033,0.276093537695345,2.89266643169355e-60,0.606438650534497,2.23991705090791,1297.27912939563,0.608378340159347,2.2421893965679,1294.73080121695,TRUE,0.0331772566303621,0.00162571018771796,2.38183516014947,"low r squared, but checked and flux is okay",3378.87430289995,3.10248459803106,3.06229190375301e-136,0.883058713962957,81.4363888396254,2212.20331853532,2.83186163086039,0.00764241519347897,6924.40569595014,1.34294654350474,0,0.997906853187077,10.8951802579798,2111.59381638812,0.998540715620487,9.12888568514111,2212.44549652016,TRUE,2.83423868755992,0.00796480045195039,11.1338267067815,NA,NA,38.430778,-76.226612,0.95,95,27.5,81.5,3.14,3.02,2.04,3.4,119.605,112.892,0.94,6778.5,9.92368704912657,21.1,0.58553575525
2024,"MSM_TR_5_202410","MSM","TR",5,202410,"2024-10-17 11:37:34.5","2024-10-17 11:35:10","2024-10-17 11:39:59","",1563.7164109058,0.200302491455098,1.18267419621617e-141,0.892751145745462,3.56170598039003,1396.75342989656,0.125501122716541,0.0018734199187871,35554.3837681937,0.329202580699203,1.13843486436315e-177,0.939694852945994,2.67078498057676,1344.35207094646,0.950353394832275,2.43175456921745,1397.06380722314,TRUE,0.124767380808334,0.0019795129401933,2.86323440276803,NA,3023.32938226613,1.71775236166375,4.17081436511622e-141,0.89180874403865,44.1156116998941,2234.71327571211,1.59086937715305,0.00794485023044077,6426.8665609838,1.39609127291818,3.40624202991024e-311,0.992868406763368,11.3263377076351,2173.14813081478,0.994311492233647,10.1509953595472,2234.89953723251,TRUE,1.58858201007693,0.00797768726381017,10.6360683846626,NA,"HydraGO was broken, no data",NA,NA,NA,NA,NA,NA,NA,NA,NA,NA,NA,NA,NA,6478,10.1402799542904,17.325,0.57097204975
2024,"MSM_TR_5_202411","MSM","TR",5,202411,"2024-11-21 11:39:34.5","2024-11-21 11:37:10","2024-11-21 11:41:59","no plants - 1 sprig",1543.89951634027,-0.133974169002031,2.01108257148291e-35,0.415258479548306,3.44206842994672,1581.20562548367,-0.0310128570077208,0.00257483800391777,34981.2093875916,0.452457725719549,2.47906243092674e-27,0.334983628017796,3.67074065953887,1529.23153469945,0.451713723057862,3.34467904356424,1582.10273696456,TRUE,-0.0323673169420675,0.00259512917341082,3.55492067877333,"low r squared, but checked and flux is okay",2615.24145149677,0.677142130837198,9.32017742237239e-125,0.859501046186152,21.8284430396997,2096.25165919573,0.685049900460243,0.00625760187083208,7738.84843943035,1.09960327858572,1.05179940900409e-236,0.976533354579256,8.92096263280236,2089.9567448203,0.977351800321284,8.79460391151069,2096.37650967454,TRUE,0.685726429216506,0.00646665435029393,9.17693861838725,NA,NA,38.430467,-76.226808,0.95,95,16.3,61.4,3.41,3.44,2.53,3.4,109.964,122.622,1.12,10547.25,16.4206372435411,15.025,0.57704074525
2024,"MSM_WC_1_202404","MSM","WC",1,202404,"2024-04-11 11:00:34.5","2024-04-11 10:58:10","2024-04-11 11:02:59","",1824.96272232643,0.179148307579225,3.11172531289824e-120,0.848968207751901,5.58823957120944,1360.21327847604,0.168549096036669,0.00175903494699332,34954.6795351783,0.309102533971773,1.74303824813643e-220,0.969585907496127,2.50771547245051,1355.0972719095,0.970527089161759,2.47722566448,1360.26930562579,TRUE,0.168271331494121,0.00184437249304068,2.53193178458982,NA,3201.88830681631,2.26822718537109,2.47030727341138e-135,0.881351697599456,60.0197660027006,2274.22464400125,2.06919780751527,0.00850493852560114,7336.23534698233,1.49451155250269,0,0.995158021304574,12.1248108056897,2223.39629860547,0.995992128916109,11.0696434520249,2274.62474643012,TRUE,2.07418584481992,0.0088073370474403,12.5555149692049,NA,NA,38.430658,-76.22657,0.95,95,21.1,70,4.1,4.34,2.49,3.4,140.269,147.571,1.05,9020.5,12.2338411020558,15.45,0.6160004515
2024,"MSM_WC_1_202405","MSM","WC",1,202405,"2024-05-21 11:12:34.5","2024-05-21 11:10:10","2024-05-21 11:14:59","",2132.89243946111,0.278042706105885,6.08741841017098e-119,0.845818916140491,9.5027156753848,1331.33606797955,0.286684188350999,0.00167360007404794,35406.6652278397,0.294089679473281,7.85381366983709e-292,0.990280440553889,2.38591780541826,1314.73523197707,0.990946939046381,2.31069772939658,1331.37787544066,TRUE,0.286728282242243,0.00174737820335425,2.6480558881947,NA,NA,NA,NA,NA,NA,2728.01158433975,8.1486827516742,0.0185977066408272,6792.67467998866,3.26804095539393,0,0.998502090992825,26.513263295317,2659.11553524528,0.998835019377487,23.4635135777763,2728.38263220306,TRUE,8.13887388227466,0.0186272884950707,26.4768062568606,NA,NA,38.429095,-76.227336,0.95,95,24.9,76.8,4.64,4.67,2.66,3.4,141.7,166.8,1.18,8059.5,10.6110051148557,18.9,0.619683562
2024,"MSM_WC_1_202406","MSM","WC",1,202406,"2024-06-18 07:10:34.5","2024-06-18 07:08:10","2024-06-18 07:12:59","12:08:00 PM, written time",2337.64490708915,0.449122170424178,4.46865229018623e-125,0.860216040862698,13.5258019142713,1346.07227448828,0.429665816683649,0.0017166664361645,34891.2684465476,0.301657420911238,0,0.995423739832608,2.44731407432496,1340.85701549568,0.995566872344103,2.41714498169716,1346.08143965893,TRUE,0.429766412555258,0.00178271188832337,2.43664363803469,NA,NA,NA,NA,NA,NA,2567.59817764864,9.02973274919473,0.0141040703794006,7466.11584114876,2.47840664055068,0,0.999297855364071,20.1070453861132,2553.3722507161,0.999340625674988,19.5530364806859,2567.62608080721,TRUE,9.02864947180016,0.014598680576841,22.5162348627351,NA,NA,38.429138,-76.227444,0.95,95,32.7,90.9,3.63,3.26,1.79,3.4,147.1,130.6,0.89,9203.5,11.7625215781609,22.15,0.6256901935
2024,"MSM_WC_1_202407","MSM","WC",1,202407,"2024-07-18 10:22:34.5","2024-07-18 10:20:10","2024-07-18 10:24:59","",2355.21693348369,0.512344099855168,5.64520036142899e-132,0.874808088451337,13.9418584113599,1376.13922828912,0.468051691747415,0.00180800471035803,35670.373266722,0.317707637565595,0,0.995721006431383,2.57752774848393,1300.68278081982,0.99674650408452,2.25538606483791,1376.57449362934,TRUE,0.467825213707495,0.0018256793448469,2.33707423171798,NA,4090.03300752388,9.11565957775695,8.6514170700778e-130,0.870358190297201,277.538013138082,2228.67013161053,9.1747969526502,0.00786250088863618,7959.20148554576,1.38162061656982,0,0.999788539558949,11.2089388356329,2220.79589458293,0.999797023076321,11.0201242928193,2228.99866859991,TRUE,9.17658556858419,0.00791714591442303,11.0451273258368,NA,NA,38.429175,-76.227436,0.95,95,28.9,84,4.08,3.86,2.04,3.4,151.65,146.688,0.97,11184,13.9122479495943,25.15,0.6310083025
2024,"MSM_WC_1_202408","MSM","WC",1,202408,"2024-08-15 10:19:34.5","2024-08-15 10:17:10","2024-08-15 10:21:59","licor time used",2619.6329586614,0.805790495681872,1.2848233313647e-131,0.874091412900183,21.9943457738862,1400.69080779488,0.737168519171472,0.00188618105060976,36270.9240962788,0.331445002425658,0,0.998118052117152,2.68897750584316,1389.88664159387,0.998211712426014,2.63036053455231,1400.70603077274,TRUE,0.737031799401123,0.00193527610079845,2.91699968191138,NA,3973.18665850178,7.44953518895862,5.80102539323249e-130,0.870717343281346,226.897570787268,2210.79959056378,7.51082663252318,0.00762394122703885,7121.00087167808,1.33970024652303,0,0.999703348028766,10.8688434011944,2209.09560277187,0.999709125845683,10.8000435398084,2210.83765550926,TRUE,7.5106687372484,0.00781305703448414,11.8985194007536,NA,NA,38.429115,-76.227435,0.95,95,38.2,100.8,2.73,2.28,1.2,3.4,153.1,98.2,0.64,9928.5,12.1853402520964,21.1,0.6428819215
2024,"MSM_WC_1_202409","MSM","WC",1,202409,"2024-09-12 10:10:34.5","2024-09-12 10:08:10","2024-09-12 10:12:59","licor time used",2017.9275088162,0.283349465143597,3.61972749050463e-129,0.869063886427233,7.79406245936179,1337.21677791695,0.254794752393359,0.0016906552813006,36283.1751665066,0.297086668127897,5.44624480663827e-276,0.987478700688218,2.41023205067329,1332.97347438806,0.987829609974437,2.38451266903582,1337.24634615558,TRUE,0.25506670530438,0.00172156151399038,2.54112646749982,NA,3543.0498866412,4.31071845859998,2.86361386772151e-140,0.89035215799378,108.081282710237,2394.14498984363,3.88140826789278,0.010458407650274,6867.27971406629,1.83778060324218,0,0.997913406628215,14.9097155384068,2109.76792419193,0.999228077331396,9.10019231980966,2394.56231348602,TRUE,3.8798923314354,0.010937764628152,15.555980060473,NA,NA,38.429165,-76.227475,0.95,95,22.1,71.9,3.96,4.09,1.89,3.4,172.988,142.407,0.82,13055.5,16.8899681994938,18.85,0.628861276
2024,"MSM_WC_1_202410","MSM","WC",1,202410,"2024-10-17 10:07:34.5","2024-10-17 10:05:10","2024-10-17 10:09:59","licor time used",2409.70375071369,0.805205304273381,2.25895912121105e-144,0.897312248899423,15.3150882071222,1625.72530715051,0.56696199515567,0.00278026067940392,35456.8323254507,0.488555172013362,1.85073440324426e-313,0.99312206199972,3.96359534249405,1359.63869979898,0.997289899364797,2.4966985980644,1630.37788384172,TRUE,0.571829670497478,0.00254105147038933,3.21491043880997,NA,2800.52756022332,1.65172679905095,8.00619115120126e-136,0.88227600091928,30.0442908362245,2211.85334855389,1.03427967298952,0.0076378051777227,6888.82055402525,1.34213645866001,8.55827975868656e-263,0.984537282263714,10.8886081271304,2121.43819413925,0.988834124228647,9.28515327452996,2213.81693686287,TRUE,1.04446249323828,0.00684641236091089,9.54591341183606,NA,"HydraGO was broken, no data",NA,NA,NA,NA,NA,NA,NA,NA,NA,NA,NA,NA,NA,11167.5,14.4768744044417,14.1,0.6343248475
2024,"MSM_WC_1_202411","MSM","WC",1,202411,"2024-11-21 10:26:34.5","2024-11-21 10:24:10","2024-11-21 10:28:59","",NA,NA,NA,NA,NA,1381.33275008589,0.0672004385753765,0.00182426691363963,35132.5302888941,0.32056527734751,5.48838361625874e-111,0.824919889910124,2.60071147138558,1242.70883076585,0.892934904057215,2.04084936362,1381.39351932342,TRUE,0.0667640357969171,0.00183730879179792,2.67625789662976,"low r squared, but checked and flux is okay",2697.46479237876,1.12543225147546,1.42843075212755e-135,0.881801962260944,25.153026488022,2104.74164739626,0.864226124022219,0.00634987377452345,7634.47352747948,1.11581755522311,2.04418064300396e-263,0.984690269756157,9.05250730788389,2069.03307199599,0.98664938477787,8.48299052222764,2105.04854543422,TRUE,0.86682912162255,0.00659268969412389,9.42174003722849,NA,NA,38.429124,-76.227404,0.95,95,21.7,71,3.94,3.65,2.17,3.4,136.2,141.7,1.04,12375.5,16.5050520209731,13.25,0.6266366695
2024,"MSM_WC_2_202404","MSM","WC",2,202404,"2024-04-11 11:10:34.5","2024-04-11 11:08:10","2024-04-11 11:12:59","",2351.37278324929,0.44278458900388,6.14262852258423e-130,0.870665989197956,13.8497594774524,1368.12678059984,0.457435670190336,0.00178319964190152,34900.7031027588,0.31334882165443,0,0.995642515977714,2.54216514578527,1345.56590797342,0.996023883394368,2.43684912894282,1368.1365246149,TRUE,0.457570013793173,0.00180869899016448,2.48252038871305,NA,NA,NA,NA,NA,NA,2273.94426780008,3.07752157608127,0.00850082817028108,7135.51661513173,1.49378926938539,0,0.997807399691966,12.1189510007717,2264.66677688505,0.997905523286709,11.8860154256842,2274.48200243629,TRUE,3.0750520547166,0.00838955401960509,11.84665601077,NA,NA,38.429118,-76.227444,0.95,95,20.5,68.9,4.08,4.33,2.49,3.4,139.693,146.743,1.05,8490.5,11.507827727424,15.45,0.6159771775
2024,"MSM_WC_2_202405","MSM","WC",2,202405,"2024-05-21 11:05:34.5","2024-05-21 11:03:10","2024-05-21 11:07:59","",NA,NA,NA,NA,NA,1677.03343050292,0.488627552199485,0.00303741545495093,35413.8333539906,0.533743127420608,4.67953543280391e-284,0.988993771189544,4.33020034403539,1314.37925901639,0.996891511364527,2.30927998190299,1677.30615619041,TRUE,0.489157261980593,0.00318925761711989,4.86405809889894,NA,NA,NA,NA,NA,NA,2387.93199237138,10.9816658406961,0.0103469744173923,6863.7925492896,1.81819924432076,0,0.999744393574679,14.7508540884281,2228.67172863806,0.999854427763571,11.1707874418617,2388.22040184911,TRUE,10.9845954114155,0.010918575056744,15.9035911467067,NA,NA,38.429146,-76.227479,0.95,95,24.7,76.4,3.74,3.77,2.35,3.4,130,134.4,1.03,10004,13.2372377612653,18.9,0.6197126545
2024,"MSM_WC_2_202406","MSM","WC",2,202406,"2024-06-18 07:03:34.5","2024-06-18 07:01:10","2024-06-18 07:05:59","12:01:00 PM, written time",NA,NA,NA,NA,NA,1332.8988532932,0.734208668036025,0.00167811559892742,34903.3824725883,0.294883160117225,0,0.998497742748506,2.39235522818003,1333.91499486819,0.998513120476547,2.38838661855484,1332.9561848782,TRUE,0.73444910476824,0.00172009279901338,2.34674778658993,NA,4241.99545552915,11.6760549551795,8.98864844886015e-131,0.872379794766171,360.669536880301,2646.1303169908,12.0151514318721,0.0161490895805686,7429.44200241877,2.83776312643656,0,0.999479998992411,23.0224657425951,2640.58540609149,0.999496835445166,22.7257377172915,2647.86973110605,TRUE,12.0315475989332,0.0110299326686895,12.9756194423308,NA,NA,38.42913,-76.227433,0.95,95,33.1,91.6,3.11,2.79,1.7,3.4,132.7,111.9,0.84,10587.5,13.5639063794224,22.15,0.625990816
2024,"MSM_WC_2_202407","MSM","WC",2,202407,"2024-07-18 10:30:34.5","2024-07-18 10:28:10","2024-07-18 10:32:59","",2608.4645762358,0.801448624297159,4.22713788274364e-134,0.878989775830704,21.5748779141054,1611.77460440116,0.736856474628098,0.00271418508941043,35453.1501092837,0.476944184786769,0,0.996107650081302,3.86939665720857,1558.58711932637,0.996804272239184,3.51832074541188,1615.88426789415,TRUE,0.731594528347662,0.00225731954433917,3.15563559512475,NA,3855.67839248349,11.0140937841281,7.71320035122042e-161,0.921076586547456,185.285564523246,3235.48823510648,7.81452238596308,0.0446117829991018,7443.37258766099,7.83930711188629,1.34190016798783e-294,0.990701145851749,63.5994518879091,2257.44406260154,0.999685404638577,11.7389172073416,3236.32028141152,TRUE,7.78287693283838,0.0456312634152935,76.8870726140257,NA,NA,38.429181,-76.227467,0.95,95,28.9,84,3.42,3.23,2.25,3.4,116.132,122.872,1.06,11184,13.9122479495943,25.15,0.6310083025
2024,"MSM_WC_2_202408","MSM","WC",2,202408,"2024-08-15 10:11:34.5","2024-08-15 10:09:10","2024-08-15 10:13:59","",2541.98302211727,0.601361538599797,1.62158820635426e-127,0.865562470641142,19.2383601267846,1287.48490461765,0.624042120999883,0.00155173178062119,36172.2352559422,0.272674642567157,0,0.998222435715318,2.21217992400222,1284.5181121038,0.998264630037801,2.19339603521443,1287.59911109839,TRUE,0.623827223410094,0.00156730290083276,2.41419432400604,NA,NA,NA,NA,NA,NA,2171.37107721651,9.2317656884141,0.0071228880056615,7418.05455054206,1.25165377499204,0,0.999828580304092,10.1545318874198,2160.70805008251,0.99983703218147,9.93559089772594,2171.579558813,TRUE,9.22953680994115,0.0075012809587418,9.12122217728183,NA,NA,38.429138,-76.227451,0.869,86.9,38.2,100.8,3.11,2.59,2.29,3.4,92.4,111.9,1.21,9928.5,12.1853402520964,21.1,0.6428819215
2024,"MSM_WC_2_202409","MSM","WC",2,202409,"2024-09-12 10:03:34.5","2024-09-12 10:01:10","2024-09-12 10:05:59","",2461.04578977318,0.551043433646537,1.11911224674902e-129,0.870126369580961,16.7326057631102,1307.73181060225,0.55203462270205,0.00160685691410831,36352.0386121003,0.282361384991192,0,0.99756580246398,2.29076741903911,1309.89712052964,0.997581153845674,2.29150304736769,1307.74695666566,TRUE,0.55201677698447,0.00160676024641668,2.21348698120643,NA,3793.47922385004,5.4444654157632,1.38213852724436e-131,0.874027590357361,166.443894233543,2167.17148375253,5.58113113795283,0.007071499731926,6905.92495019711,1.24262368400083,0,0.999537863424024,10.0812717345335,2123.79071516974,0.999607522776688,9.32289099475787,2167.31183671964,TRUE,5.57881827082195,0.00737891490025582,9.70864559304748,NA,NA,38.429165,-76.227475,0.95,95,22.1,71.9,3.95,4.09,1.9,3.4,172.506,141.97,0.82,11217.5,14.4399373059508,18.9,0.629218144
2024,"MSM_WC_2_202410","MSM","WC",2,202410,"2024-10-17 10:17:34.5","2024-10-17 10:15:10","2024-10-17 10:19:59","",NA,NA,NA,NA,NA,1959.29282745872,0.503516695597646,0.00494146134954974,35010.2897094226,0.868327390129562,5.8826819933799e-228,0.973010607009111,7.04464632949053,1726.27349117176,0.988080974791695,4.69781848592765,1959.63961277646,TRUE,0.500949332808831,0.00527977917678879,6.49431214620562,NA,NA,NA,NA,NA,NA,2586.6464461897,1.54107531700331,0.0145749642211878,5899.7577106898,2.5611534216632,1.84041673312357e-232,0.974886129823768,20.7783610839336,2368.4124435185,0.98832912825655,14.2140992050391,2587.35423823904,TRUE,1.52892975202461,0.0149793802573619,17.6353615462098,NA,"HydraGO was broken, no data",NA,NA,NA,NA,NA,NA,NA,NA,NA,NA,NA,NA,NA,11167.5,14.4768744044417,14.1,0.6343248475
2024,"MSM_WC_2_202411","MSM","WC",2,202411,"2024-11-21 10:37:34.5","2024-11-21 10:35:10","2024-11-21 10:39:59","",2014.41155463669,0.27630921101784,2.74106296758003e-132,0.875434306571255,7.74695784903551,1323.08156087952,0.25978634347022,0.00164995024075572,35275.8619711147,0.289933864711823,2.12151793543069e-281,0.9885162073722,2.35220212912136,1256.571696501,0.990994826538571,2.09021633160901,1323.2247266187,TRUE,0.259600679901595,0.00169451521938493,2.37395762616809,NA,NA,NA,NA,NA,NA,2076.57098527235,1.28246864171124,0.00604882977412452,7679.31891996371,1.06291726263975,2.69312219154188e-318,0.993633977959908,8.62333294782972,2079.00468282775,0.993668268432613,8.63009467965914,2076.65031576097,TRUE,1.28089493673493,0.00628777738621496,8.86486203421605,NA,NA,38.429142,-76.227441,0.95,95,20.9,69.6,3.47,3.23,2.41,3.4,109,124.6,1.14,11904,15.9054583465899,13.25,0.6258298375
2024,"MSM_WC_3_202404","MSM","WC",3,202404,"2024-04-11 11:19:34.5","2024-04-11 11:17:10","2024-04-11 11:21:59","",2431.95892872592,0.588953944017731,7.37057006758438e-135,0.880447993476746,15.9141634600647,1387.38985962715,0.547001769733789,0.00184341809290066,34892.1743597682,0.323930576057607,0,0.996739797954865,2.62801377634015,1321.70527254778,0.997436182160983,2.33863362437323,1387.47163758877,TRUE,0.547001705168728,0.00191402277983497,2.67337520612667,NA,NA,NA,NA,NA,NA,2140.85236718433,2.43449343246688,0.00675778245057857,7057.24403648117,1.18749640709199,0,0.997785778842293,9.63403009117974,2126.62048728615,0.997920698191262,9.3684877511999,2141.4789174064,TRUE,2.42951367253656,0.00667044928614129,8.69379215470528,NA,NA,38.429164,-76.227503,0.95,95,20.1,68.2,4.48,4.78,2.97,3.4,129.58,161.314,1.24,8490.5,11.507827727424,15.45,0.6159771775
2024,"MSM_WC_3_202405","MSM","WC",3,202405,"2024-05-21 10:58:34.5","2024-05-21 10:56:10","2024-05-21 11:00:59","",NA,NA,NA,NA,NA,1413.7788693054,0.731782986341764,0.00192922776298346,35435.6419041631,0.339009290955916,0,0.998002317672537,2.75034576168263,1386.69029100063,0.998205393678896,2.61590462049997,1413.92253940163,TRUE,0.732498846072646,0.00200441208085741,2.73197752301031,NA,NA,NA,NA,NA,NA,2557.7080867047,8.81569465565496,0.0138656083417287,6828.69713655537,2.43650342525274,0,0.999288052513112,19.7670891262992,2447.85480728154,0.999519221512507,16.3006334083311,2558.63153653097,TRUE,8.82846534961381,0.0141285285213245,19.3091822090228,NA,NA,38.429156,-76.227492,0.95,95,24.7,76.4,4.13,4.17,2.51,3.4,134.1,148.5,1.11,10004,13.2372377612653,18.9,0.6197126545
2024,"MSM_WC_3_202406","MSM","WC",3,202406,"2024-06-18 06:56:34.5","2024-06-18 06:54:10","2024-06-18 06:58:59","11:54:00 AM,written time",NA,NA,NA,NA,NA,1380.62784298154,0.929440195881131,0.00182205112469691,34909.4526336626,0.320175912725668,0,0.998894419702283,2.59755259826322,1374.96735462558,0.99893064215376,2.56356281002581,1380.7011477997,TRUE,0.929119014562149,0.00182742005654858,2.23857586928518,NA,4136.66352581388,10.2412000456524,2.51362383405562e-132,0.875509177363607,300.772857435224,2457.11245964866,10.1456499104484,0.0116577456048101,7287.63524301513,2.04853161843338,0,0.999619900949549,16.6195157617782,2325.90718870362,0.999761538754226,13.2096741548083,2457.2869929224,TRUE,10.1503993433078,0.0121138662203032,16.5568208106046,NA,NA,38.429131,-76.22746,0.95,95,33.1,91.6,3.46,3.1,1.77,3.4,141.5,124.5,0.88,10587.5,13.5639063794224,22.15,0.625990816
2024,"MSM_WC_3_202407","MSM","WC",3,202407,"2024-07-18 10:44:34.5","2024-07-18 10:42:10","2024-07-18 10:46:59","",2961.77280323688,1.49282128190403,2.31859177766199e-136,0.883284320147045,39.6734299876032,1586.81588673739,1.3816762181986,0.00259986490813352,35309.3439635869,0.456855523229929,0,0.998981317481298,3.70641951574162,1415.43396728129,0.999443592920601,2.74880984792846,1588.59714364217,TRUE,1.37852819282617,0.0024572878308647,3.52572223206566,NA,4114.02791546855,9.88046842700263,1.01996503921146e-132,0.876286121976324,289.260723550045,2445.33248362002,9.78785534507251,0.0114233615165242,6806.67605192123,2.00734499179151,0,0.999607865628977,16.2853731083333,2238.9655421874,0.999810156259009,11.3708158650569,2445.33540460272,TRUE,9.78751046250927,0.0118523781264264,18.8281187473329,NA,NA,38.410727,-76.23817,0.897,89.7,28.9,84,3.29,3.11,2.6,3.4,97.446,118.186,1.21,9964.5,12.3597415700669,25.15,0.631541665
2024,"MSM_WC_3_202408","MSM","WC",3,202408,"2024-08-15 10:02:34.5","2024-08-15 10:00:10","2024-08-15 10:04:59","",2817.98524085747,1.05913566474654,1.49906299508628e-132,0.875955016186024,30.9623547451481,1416.31023852025,1.04597745022646,0.00193766614285629,36287.455798065,0.340492106636052,0,0.999012637274985,2.76237568513906,1370.43597717309,0.999168644698097,2.54361244701655,1416.3256229487,TRUE,1.04594383342257,0.00204626599930512,2.94597359016884,NA,3862.45551836718,6.38697215305493,1.27929018469586e-133,0.878056061957658,187.463268855383,2332.46610972718,6.38841435613985,0.00940332469790458,7279.97389145047,1.65237847994427,0,0.999376411218687,13.4055681370729,2182.66535256101,0.999633080048551,10.3189371836598,2332.53325390793,TRUE,6.38620759708601,0.00971589588631772,13.5204947508375,NA,NA,38.429137,-76.227473,0.95,95,38.7,101.6,2.87,2.39,1.63,3.4,118.9,103.2,0.87,9219.5,11.3070103629975,21.1,0.642895498
2024,"MSM_WC_3_202409","MSM","WC",3,202409,"2024-09-12 09:55:34.5","2024-09-12 09:53:10","2024-09-12 09:57:59","",2892.33838913208,1.24068541317258,4.24616798078974e-134,0.878986002896073,35.1972229744732,1393.9545005542,1.20401846088644,0.00186440105972637,36384.1916371982,0.327617761594858,0,0.999309911050682,2.65792751435695,1270.74513325675,0.999554958511388,2.14192408129387,1394.02459857705,TRUE,1.2036978571174,0.00193016260707911,2.80611166653865,NA,3670.60450414185,4.66136655011131,2.23065806790101e-134,0.879525507316197,134.667033870221,2238.91322576559,4.61655863205659,0.00800259002343505,6901.31234596722,1.40623747061371,0,0.999135348225216,11.4086527136646,2116.14215861348,0.999441538745155,9.20075555928441,2238.99096196675,TRUE,4.61489654456703,0.00819398052379675,11.0889078442331,NA,NA,38.429165,-76.227475,0.95,95,23,73.4,3.13,3.21,1.56,3.4,164.847,112.457,0.68,11217.5,14.4399373059508,18.9,0.629218144
2024,"MSM_WC_3_202410","MSM","WC",3,202410,"2024-10-17 10:24:34.5","2024-10-17 10:22:10","2024-10-17 10:26:59","",2948.9577492985,3.92435522669381,1.18918810091342e-190,0.950996619138705,38.806461769542,2865.51920012155,2.04810737540298,0.0235734333021867,35000.7338891137,4.1423895418197,1.19948522246079e-208,0.963248826474827,33.6067589400191,1846.0588297931,0.998922119657253,5.77549920405611,2865.69431134112,TRUE,2.04111559050467,0.0249174811308058,40.9497736583897,NA,2987.45205996037,12.7733744154508,3.43001691497255e-184,0.945665076949476,41.4694194281233,3385.8689926116,1.87677373767852,0.0578165568326138,5518.86850106636,10.1596868516063,3.1174040073582e-98,0.785347881922206,82.4244420958117,2434.32780932146,0.992043023709737,15.9248623246752,3386.07466010361,TRUE,1.85572012395783,0.0595277517725046,103.414051612299,NA,"HydraGO was broken, no data",NA,NA,NA,NA,NA,NA,NA,NA,NA,NA,NA,NA,NA,11755,15.2396592251224,14.05,0.63447031
2024,"MSM_WC_3_202411","MSM","WC",3,202411,"2024-11-21 10:54:34.5","2024-11-21 10:52:10","2024-11-21 10:56:59","",2585.29360562803,0.757625333328801,8.73555201308445e-135,0.88030691648898,20.7299523730437,1354.21630164402,0.712661575210609,0.00174094090637738,35345.9517631882,0.30592299861704,0,0.998284273377696,2.48192024553401,1286.37135184672,0.998660769130532,2.20041567275947,1354.2763237629,TRUE,0.712822012106942,0.00184843759692527,2.60484920224074,NA,2841.73760117361,1.14522008897462,9.8754902441678e-128,0.866024430114747,32.2566572682697,2080.86381028166,1.04394712207546,0.00609376580863916,7722.29897444616,1.0708135481336,7.64673655512137e-292,0.990282243861956,8.68739465917636,2080.0936438952,0.990440782309107,8.64631306750011,2080.89150103381,TRUE,1.04295051227316,0.00642116032696188,9.65502942023551,NA,NA,38.429159,-76.227462,0.95,95,20,68.1,3.8,3.58,2.03,3.4,142.2,136.8,0.96,12429.5,16.6336086582175,13.25,0.625730923
2024,"MSM_WC_4_202404","MSM","WC",4,202404,"2024-04-11 11:29:34.5","2024-04-11 11:27:10","2024-04-11 11:31:59","",NA,NA,NA,NA,NA,1443.23870918882,0.188385285921243,0.00202974998917045,34874.7169488587,0.356673337305872,1.27264353869517e-216,0.967648007539712,2.89365226185488,1378.58192096086,0.974468114976,2.57958884680942,1445.81889705374,TRUE,0.185692659523859,0.00192649173704095,2.51251607634401,NA,3050.36765613064,1.44550870411846,7.26450316437679e-122,0.85285574930352,46.2208705767246,2188.621646472,1.42894660966506,0.00733792146039563,7148.02252631366,1.28944005425877,9.84662495760537e-308,0.992462613992648,10.4610878898762,2180.64682917718,0.992767512966143,10.2830875055424,2188.89985073382,TRUE,1.42929777689281,0.00716227847615604,9.99653734033662,NA,NA,38.429193,-76.227464,0.95,95,19.9,67.8,4.93,5.3,2.96,3.4,143.82,177.46,1.23,8892,12.0524289685533,15.45,0.6160702735
2024,"MSM_WC_4_202405","MSM","WC",4,202405,"2024-05-21 10:51:34.5","2024-05-21 10:49:10","2024-05-21 10:53:59","",NA,NA,NA,NA,NA,1338.57532857592,0.179768497413173,0.00169461999324224,35391.6533093561,0.297783358383951,7.32460140372349e-233,0.97504628588916,2.41588422347228,1275.90079363477,0.980171694573758,2.16104866752848,1338.61503033205,TRUE,0.180054084661009,0.00174717666323736,2.39885909063438,NA,NA,NA,NA,NA,NA,2289.73026447982,4.18424038635596,0.00873537458768736,6687.98728370615,1.5350044209537,0,0.998746346540469,12.4533250738638,2180.85143532739,0.99915055771993,10.2867157022677,2294.61717514931,TRUE,4.20085295716982,0.00834888661188607,11.6522046714772,NA,NA,38.429165,-76.227488,0.95,95,24.7,76.4,3.78,3.81,1.94,3.4,157.9,135.9,0.86,8532.5,11.2401493530376,18.9,0.620152921
2024,"MSM_WC_4_202406","MSM","WC",4,202406,"2024-06-18 06:47:34.5","2024-06-18 06:45:10","2024-06-18 06:49:59","11:45:00 AM, written time",NA,NA,NA,NA,NA,1371.81517517274,0.574772646104305,0.00179457567862855,34889.6948116754,0.31534785060203,0,0.99720033366544,2.55838305172529,1362.32050497794,0.997327626848712,2.50826956844017,1371.82223452184,TRUE,0.574864398955689,0.00172137032011273,2.39970284330707,NA,NA,NA,NA,NA,NA,2820.43663050922,5.01271817036185,0.0218105064755593,7158.46113870765,3.83260311588839,0,0.994577295313805,31.0934951259669,2814.93934150626,0.994752008467588,30.6952627791174,2822.79800216585,TRUE,4.99458864409008,0.0113235868927614,15.2198123928241,NA,NA,38.429168,-76.227488,0.95,95,33.4,92.2,3.82,3.41,1.9,3.4,145.1,137.6,0.95,9963.5,12.7388096351335,22.15,0.6255621865
2024,"MSM_WC_4_202407","MSM","WC",4,202407,"2024-07-18 10:38:34.5","2024-07-18 10:36:10","2024-07-18 10:40:59","",2030.65586975731,0.613677547548582,4.46391194910673e-170,0.931911474887795,7.96699729249176,1787.14885531245,0.358071219938671,0.00367245786255875,35365.4236331286,0.645334552995542,1.34505318563128e-222,0.970596040614658,5.23552952691626,1322.39747432541,0.994159915500203,2.34142633595895,1787.53560611795,TRUE,0.359090543844126,0.00387570647887111,5.90598603652852,NA,3448.08791126828,5.59919267762639,1.3402596847848e-162,0.923266170147524,91.7581230839394,2898.76909111499,3.92032681377239,0.0249643240748967,7212.13715853438,4.38680075323849,4.48803468039355e-281,0.988456299808536,35.5896406998019,2160.63780330763,0.999106789993444,9.93438762022072,2899.77258035979,TRUE,3.9113065974858,0.0257529388063828,39.4411646055879,NA,NA,38.410724,-76.239254,0.95,95,29.2,84.6,4.08,3.86,2.04,3.4,151.65,146.688,0.97,9964.5,12.3597415700669,25.15,0.631541665
2024,"MSM_WC_4_202408","MSM","WC",4,202408,"2024-08-15 09:54:34.5","2024-08-15 09:52:10","2024-08-15 09:56:59","",2544.673855711,0.709182259130587,1.77013451153346e-133,0.877780874482638,19.3278213254898,1349.51144450189,0.657468207835613,0.00172687582632822,35849.8810034431,0.303451443466223,0,0.998017089230829,2.46186878554409,1321.05536741625,0.998227043763581,2.33601459200597,1349.62602806472,TRUE,0.657002355292288,0.00177048476942862,2.35433430111026,NA,NA,NA,NA,NA,NA,2129.01011266038,4.17246697891896,0.00662120326931898,6720.24731409137,1.16349633188752,0,0.999275287653763,9.43932007325501,2116.32254918619,0.999315812850905,9.20361760703361,2129.10423448479,TRUE,4.17292677951911,0.00686349294243537,10.257826592318,NA,NA,38.429176,-76.227509,0.95,95,39.1,102.5,2.9,2.41,1.53,3.4,127.7,104.4,0.82,9219.5,11.3070103629975,21.1,0.642895498
2024,"MSM_WC_4_202409","MSM","WC",4,202409,"2024-09-12 09:48:34.5","2024-09-12 09:46:10","2024-09-12 09:50:59","",3444.98342571596,3.39363545530309,1.335872257814e-137,0.88557373546878,91.2682941946663,2010.79769211749,3.21049982114726,0.00540034369081279,36779.5274768314,0.948963476821163,0,0.999185790364961,7.69883819144678,1304.22013364703,0.999929757718749,2.26918343475239,2012.01869255521,TRUE,3.20707399356696,0.00559744026418415,8.35708079642399,NA,3701.01293954757,5.39678182525536,5.50763255372072e-136,0.882581285094974,141.915761536422,2322.71818871271,4.92758723246046,0.00924660592939685,7091.52730194457,1.62483942021752,0,0.998986909270888,13.1821467199589,2088.41578091539,0.999554575115028,8.77126911808452,2322.90537168525,TRUE,4.92462576987244,0.00933899367911461,14.7086623782012,NA,NA,38.429165,-76.227475,0.95,95,23,73.4,3.13,3.2,1.55,3.4,165.059,112.573,0.68,12062,15.5706186888254,18.95,0.628461739
2024,"MSM_WC_4_202410","MSM","WC",4,202410,"2024-10-17 10:33:34.5","2024-10-17 10:31:10","2024-10-17 10:35:59","",NA,NA,NA,NA,NA,1936.47497471393,2.4823866568514,0.00475083305076875,34793.4795950134,0.834829653031929,0,0.998946255567694,6.7728828064536,1884.7565337864,0.99913045275279,6.17398733190075,1936.77822185484,TRUE,2.4831588841666,0.00482893672273472,6.39388178891924,NA,NA,NA,NA,NA,NA,2535.37033253634,2.96361240961675,0.013341749581461,5160.81947200718,2.34444950073075,4.94065645841247e-324,0.994197064747824,19.0202655792471,2483.80803925473,0.995208853417907,17.3430577641547,2535.47398722614,TRUE,2.96072301900786,0.0129909887439993,17.3134912676023,NA,"HydraGO was broken, no data",NA,NA,NA,NA,NA,NA,NA,NA,NA,NA,NA,NA,NA,11755,15.2396592251224,14.05,0.63447031
2024,"MSM_WC_4_202411","MSM","WC",4,202411,"2024-11-21 11:05:34.5","2024-11-21 11:03:10","2024-11-21 11:07:59","",NA,NA,NA,NA,NA,1449.72301633642,-0.0149612665757918,0.00205256959117216,35284.6773881367,0.360683261506078,3.01932494066779e-12,0.155747416599803,2.92618434378575,1384.95462937477,0.33398023290518,2.60808817475684,1449.72400076353,TRUE,-0.0149010112821292,0.0021283096643376,3.05150633896949,"low r squared, but checked and flux is okay",NA,NA,NA,NA,NA,2100.94589571585,0.611689512745261,0.00630845334783455,7524.36455617749,1.1085390421557,6.32152217803303e-222,0.970278374227215,8.99345751750832,2087.52836776986,0.972010918711319,8.75785913893766,2100.98995571833,TRUE,0.610920384081959,0.00667326165546172,9.64130216614374,NA,NA,38.429179,-76.227523,0.943,94.3,19.7,67.5,3.56,3.36,2.58,3.4,106,127.9,1.21,12429.5,16.6336086582175,13.25,0.625730923
2024,"MSM_WC_5_202404","MSM","WC",5,202404,"2024-04-11 11:36:34.5","2024-04-11 11:34:10","2024-04-11 11:38:59","",NA,NA,NA,NA,NA,1302.29129435446,0.163285225257495,0.0015918547458695,34805.7894277672,0.279725162086347,9.13912522945096e-229,0.97335732166277,2.26938002734626,1298.17753821985,0.974092411725305,2.24566519601759,1302.35475095073,TRUE,0.163680586874906,0.00158473245733174,2.28980825967142,NA,NA,NA,NA,NA,NA,2125.0482790878,1.13971115250498,0.0065761296199998,6962.65518238512,1.15557586433585,2.80687377328099e-293,0.990502718878469,9.37506217548515,2098.10598459678,0.991463867872789,8.91904390170045,2125.88763871771,TRUE,1.13575966668871,0.00643287805151155,8.76344734823593,NA,NA,38.429169,-76.227523,0.95,95,19.7,67.5,4.02,4.32,2.52,3.4,138.163,144.569,1.05,8892,12.0524289685533,15.45,0.6160702735
2024,"MSM_WC_5_202405","MSM","WC",5,202405,"2024-05-21 10:45:34.5","2024-05-21 10:43:10","2024-05-21 10:47:59","",2015.69649788673,0.313557273162863,1.15815114927585e-137,0.885687069432892,7.76413963512266,1325.96051339905,0.271909758510445,0.00165816047707602,35385.9483518168,0.29137659036969,1.9886378561039e-286,0.989403330578628,2.36390680655718,1282.27593007652,0.991010024272367,2.18493310531576,1326.05833436083,TRUE,0.27227583373284,0.00167562352378259,2.4062509424305,NA,NA,NA,NA,NA,NA,2166.81363074847,2.95150581908971,0.00706713804757919,6871.55517573694,1.24185723664497,0,0.998351549744537,10.0750536299182,2137.20997077052,0.998531911935464,9.54110608683665,2166.91612939916,TRUE,2.95048069618481,0.00728556908512665,10.2002334696803,NA,NA,38.429178,-76.227518,0.95,95,24.7,76.4,4.37,4.41,2.42,3.4,146.7,157.3,1.07,8532.5,11.2401493530376,18.9,0.620152921
2024,"MSM_WC_5_202406","MSM","WC",5,202406,"2024-06-18 06:40:34.5","2024-06-18 06:38:10","2024-06-18 06:42:59","11:38:00 AM, written time",2145.48261720068,0.34546999228394,8.44320709377601e-134,0.878407270225518,9.71124819409367,1285.2322346554,0.330483611560197,0.00154571667688959,34897.3089178514,0.271617651738908,2.43895506069531e-319,0.993739271511919,2.20360467157651,1270.53499147491,0.994130183939128,2.14114817403039,1285.33802491472,TRUE,0.330116351007059,0.00156442973188962,1.96023957802277,NA,NA,NA,NA,NA,NA,2510.89386330929,5.32697065765329,0.0127904318017538,7077.55261336591,2.24757040061824,0,0.998342392114326,18.2342959037885,2413.15877245261,0.998832850008776,15.3541104010885,2511.07536223033,TRUE,5.32734957269916,0.0138305490118858,19.7161629984569,NA,NA,38.429192,-76.227528,0.95,95,34.2,93.5,3.82,3.41,1.58,3.4,173.8,137.4,0.79,9963.5,12.7388096351335,22.15,0.6255621865
2024,"MSM_WC_5_202407","MSM","WC",5,202407,"2024-07-18 10:51:34.5","2024-07-18 10:49:10","2024-07-18 10:53:59","",NA,NA,NA,NA,NA,1310.89930886778,0.697789589363001,0.00161565629309566,35285.9746495076,0.283907636444023,0,0.998458400911517,2.30331199006782,1313.63187227308,0.998465123724023,2.30630616516025,1310.94675328491,TRUE,0.69746191822182,0.0016922183096112,2.37118322795315,NA,NA,NA,NA,NA,NA,2126.57315066873,6.55469244123712,0.00659344159699511,7040.57912569611,1.15861797328682,0,0.999708669713196,9.3997424768311,2105.40934210949,0.999732883237354,9.03206253600778,2126.77409487367,TRUE,6.55174656401636,0.00697760957534885,9.76486319565963,NA,NA,38.413421,-76.255769,0.95,95,29.2,84.6,3.25,3.08,1.62,3.4,152.793,116.921,0.77,9964.5,12.3597415700669,25.15,0.631541665
2024,"MSM_WC_5_202408","MSM","WC",5,202408,"2024-08-15 09:47:34.5","2024-08-15 09:45:10","2024-08-15 09:49:59","",NA,NA,NA,NA,NA,1580.1594082123,0.386161523945514,0.00257019763866645,35783.4572788362,0.45164230777678,1.30369958890802e-275,0.987402574917582,3.66412526184115,1470.43553095303,0.991489155842249,3.02224011883718,1581.41140629308,TRUE,0.383658723072993,0.00262449418924681,3.80401429546705,NA,3566.94240173342,3.66589400094649,1.30084704758497e-130,0.872051947223416,112.626558441957,2549.66873466749,3.74095416039188,0.0136747436519493,6643.98314557286,2.40296414886861,0,0.996166477426048,19.4949885995175,2509.43918569088,0.99670874672637,18.1266626552907,2551.53334461396,TRUE,3.73320222915069,0.0131296488911161,18.9098218547274,NA,NA,38.429197,-76.227518,0.95,95,39.1,102.5,3.32,2.75,1.27,3.4,173.5,119.3,0.69,9742,11.9388625117609,21.1,0.6430758715
2024,"MSM_WC_5_202409","MSM","WC",5,202409,"2024-09-12 09:41:34.5","2024-09-12 09:39:10","2024-09-12 09:43:59","",2806.77325566474,1.04241526626373,1.56425810600569e-132,0.875918356637297,30.3695692191364,1360.92941820335,1.02587174743712,0.00176120821048863,36451.9937430117,0.30948442590322,0,0.999151876181849,2.51081372044281,1309.27556214063,0.999299974482037,2.28904866799484,1360.94759432369,TRUE,1.02564399692452,0.00188073024288219,2.67426473462946,NA,NA,NA,NA,NA,NA,2133.57256172235,3.42637668181711,0.00667349297763426,6738.16430486562,1.17268482548085,0,0.998908674065204,9.51386532934347,2096.3871448267,0.999053160107357,8.89265129164488,2133.62919649816,TRUE,3.42488113666564,0.00684231185405094,9.52772898947573,NA,NA,38.429165,-76.227475,0.95,95,23.5,74.3,3.64,3.72,1.64,3.4,181.392,131.091,0.72,12062,15.5706186888254,18.95,0.628461739
2024,"MSM_WC_5_202410","MSM","WC",5,202410,"2024-10-17 10:40:34.5","2024-10-17 10:38:10","2024-10-17 10:42:59","",2401.88181124384,1.49990316752463,1.92030757237254e-186,0.947586432167583,15.1099338330631,2274.96349242317,0.772251300997805,0.00851577967135905,34968.9964422865,1.49641658891521,8.11504685026308e-214,0.966164311755854,12.1402661603446,1616.29280741362,0.996556650177935,3.88637318867228,2275.21070883064,TRUE,0.768825659366449,0.00878611853907901,15.0235287840272,NA,3012.55466606211,3.82099898586941,5.25868975132786e-178,0.940017368461627,43.3036371230652,2816.09456070257,2.07245745900787,0.0216478355501655,5869.5152369702,3.8040181265289,2.22666439732478e-220,0.969534149311351,30.8615881947117,2304.73229823185,0.994847432382765,12.7361068647231,2816.28468815265,TRUE,2.06404802437601,0.0235030486492665,34.7684068543971,NA,"HydraGO was broken, no data",NA,NA,NA,NA,NA,NA,NA,NA,NA,NA,NA,NA,NA,10052.5,13.0428329162063,14.05,0.633822517
2024,"MSM_WC_5_202411","MSM","WC",5,202411,"2024-11-21 11:15:34.5","2024-11-21 11:13:10","2024-11-21 11:17:59","",1600.63690378543,0.0402996888937521,8.60249839083765e-57,0.584016025376808,3.79580177621001,1526.00801867206,0.0577033308326731,0.00234109398114842,35070.6932988287,0.411383573177976,6.43801884299756e-73,0.678400895164495,3.33751049632157,1394.45181461947,0.798483640345995,2.65114576352589,1526.13671917037,TRUE,0.0584729902165653,0.00246275296227258,3.3391775280682,"low r squared, but checked and flux is okay",NA,NA,NA,NA,NA,2097.18551205264,0.662401877494101,0.00626768529555366,7573.3542295671,1.10137516614138,2.09717181454732e-232,0.974863345042506,8.93533776516275,2092.89476139967,0.975571796586954,8.83926640510201,2097.19266342563,TRUE,0.662178433660204,0.00628475435137719,9.39098884784183,NA,NA,38.429184,-76.227555,0.282,28.2,19.4,66.9,0.03,0.03,0.16,3.4,17.9,1.2,0.07,11356,15.1500968291948,13.25,0.6263632
2024,"SWH_WC_1_202404","SWH","WC",1,202404,"2024-04-25 11:09:34.5","2024-04-25 11:07:10","2024-04-25 11:11:59","",5379.60310666883,88.5849811184179,1.12763476610296e-133,0.878162820098965,2564.0790050044,3667.45808646717,87.4302525453595,0.0939510237668,43751.925366976,16.5093363069327,0,0.999667548994999,133.938462311553,3017.83048215916,0.999965095903339,43.5504766133502,3674.16160878092,TRUE,87.6356893128638,0.0877149996406681,137.334650458089,NA,NA,NA,NA,NA,NA,2348.8814146914,2.0620216519489,0.00967326183952677,6958.05808167192,1.69981258842013,5.74366135259824e-319,0.99370192160572,13.7903959358566,2126.59516476987,0.997113781532454,9.36807873653624,2349.3282806523,TRUE,2.06643876229429,0.0100395109304133,14.9436432625952,NA,NA,37.566607,-76.897059,0.773,77.3,21.9,71.5,0.47,0.48,0.52,3.4,76.274,16.839,0.22,426,0.42291525090977,16.75,0.5918808295
2024,"SWH_WC_1_202405","SWH","WC",1,202405,"2024-05-15 13:38:34.5","2024-05-15 13:36:10","2024-05-15 13:40:59","",NA,NA,NA,NA,NA,4657.55265982135,139.311248814969,0.517926443889856,84733.6224603751,91.0114813187687,0,0.996035111886985,738.366317936943,4650.43679427743,0.99618421250101,726.878338678652,4659.76855583635,TRUE,139.448987416611,0.48243900227546,704.508001773277,NA,NA,NA,NA,NA,NA,2680.672301251,3.54078044732217,0.0171400669740987,13752.7876961002,3.01190044188469,4.57397293692363e-315,0.993296548882955,24.4352229745373,2544.49643884363,0.995865950466797,19.2560918258634,2680.73815874202,TRUE,3.53970266566805,0.0185860039313473,24.267353125123,NA,NA,37.566636,-76.89703,0.741,74.1,21.9,71.5,0.76,0.79,0.92,3.4,71.2,27.2,0.38,529.5,0.579787616033705,19.8,0.585552241
2024,"SWH_WC_1_202406","SWH","WC",1,202406,"2024-06-26 04:07:34.5","2024-06-26 04:05:10","2024-06-26 04:09:59","8:05:00 AM, written time",6325.33710583481,456.792891107577,1.8684145657382e-133,0.87773502624882,13094.2763174797,4576.26222227124,445.716931821799,0.450193416629782,138978.28248957,79.1092445863751,0,0.999706272289754,641.804756868285,4301.21673479054,0.999887783800452,398.081025259232,4577.69577040615,TRUE,445.641913700408,0.456758016593467,588.263736760708,NA,NA,NA,NA,NA,NA,2531.30881287402,6.80981944384251,0.0132486487329563,15131.7529297164,2.32808955959548,0,0.998911091719983,18.8875391438273,2523.623670762,0.998954095540176,18.5754336826226,2531.42264247134,TRUE,6.81401886937606,0.0136504825528035,20.70744779763,NA,NA,37.566597,-76.897067,0.688,68.8,31.1,87.9,1.72,1.59,2.08,3.4,63.326,61.891,0.98,1020.5,1.4439423350473,25.95,0.5538394765
2024,"SWH_WC_1_202407","SWH","WC",1,202407,"2024-07-24 07:44:34.5","2024-07-24 07:42:10","2024-07-24 07:46:59","11:42:00 AM, written time",6406.8445451196,547.134960725441,1.21704151479031e-134,0.880031096103227,15069.9889611226,4821.28887753857,517.798782035041,0.68686451181228,158694.098387847,120.697750467869,0,0.999493484706602,979.207813177894,4325.01452592767,0.999909760202256,414.754276476852,4823.25814822701,TRUE,518.488731376387,0.713625918127998,1018.68433703859,NA,NA,NA,NA,NA,NA,2841.87359519621,4.74421439951531,0.0226317114904424,15391.8650804348,3.97690755477663,6.92710519319776e-317,0.99348879092486,32.2642214525792,2774.33921560192,0.994912152310548,28.6200671028951,2843.63780776393,TRUE,4.76833220516921,0.0201179716347054,26.1256771074221,NA,NA,37.567746,-76.896791,0.678,67.8,27.8,82,2.21,2.13,2.86,3.4,61.851,79.659,1.29,1985,3.11148703546599,27.4,0.538534882
2024,"SWH_WC_1_202408","SWH","WC",1,202408,"2024-08-21 09:05:34.5","2024-08-21 09:03:10","2024-08-21 09:07:59","licor time used",NA,NA,NA,NA,NA,5025.67272014204,350.221643748566,0.977035503940586,209420.779471904,171.687407668979,0,0.997763572319404,1392.88139474047,4808.09203770844,0.998958347401845,953.918751504223,5026.848114735,TRUE,350.245476779343,0.964677674562705,1463.9756075537,NA,3579.21344643302,3.98239187830933,8.2584816528441e-127,0.864034938941812,115.034781089788,2882.83970196649,3.69076507337168,0.0242880219421455,26997.0982791995,4.26795905352057,5.19162443213366e-277,0.9876814140501,34.6254908258893,2883.8918802673,0.987805997014573,34.570199448837,2882.92043641561,TRUE,3.69322455735101,0.0237400606950927,34.8612844977947,NA,NA,37.566539,-76.897056,0.644,64.4,25.4,77.7,2.57,2.57,3.76,3.4,57.01,92.312,1.62,1814,2.86358734667558,24.85,0.5379704875
2024,"SWH_WC_1_202409","SWH","WC",1,202409,"2024-09-25 13:10:34.5","2024-09-25 13:08:10","2024-09-25 13:12:59","licor time used, water",5914.04060407112,253.669848157572,9.01520787031744e-135,0.880280733238957,6443.31598954151,4937.11058100502,221.219216277801,0.838680352682409,177998.838974938,147.375254055972,0,0.995877641954073,1195.63951839435,4712.52744339215,0.998125751788833,809.01055161326,4941.21253015824,TRUE,222.706937728222,0.81754968077172,1170.71071354292,NA,3208.93928208584,2.08990224989584,1.06264278439748e-129,0.870173034651788,60.7538706905773,2550.97735832674,1.99364701562568,0.013705632093587,14351.1499226061,2.40839195210639,1.28841076855751e-271,0.986571647791283,19.5390237809374,2546.18231164136,0.986972785908715,19.3121444936984,2550.9886137202,TRUE,1.9925376418715,0.0144700194037375,20.6791207364137,NA,NA,37.506012,-76.884506,0.639,63.9,24.2,75.5,4.38,4.44,6.59,3.4,56.288,157.679,2.8,3485.5,5.57177988162583,23,0.5435135785
2024,"SWH_WC_1_202410","SWH","WC",1,202410,"2024-10-24 06:54:34.5","2024-10-24 06:52:10","2024-10-24 06:56:59","10:52:00 AM, written time",5914.4737624491,319.663604668816,2.20825221030468e-150,0.90671772914715,6448.12981496816,5050.54179766594,250.72313484391,1.01983967342411,72806.9238714513,179.20907588514,0,0.995257547883241,1453.90387657502,4463.69093005294,0.999381750053256,526.780255176442,5055.00199488291,TRUE,248.864078849401,0.974184594131015,1594.81813135222,NA,2960.2286149736,1.49148487866052,3.35796540079771e-137,0.884839267513139,39.5679441878721,2159.11378564472,1.38292660346365,0.0069739375995172,7522.15639272721,1.22547979359729,5.50966422027961e-310,0.992729217661856,9.94218520337338,2097.0394882469,0.994210641489514,8.90265875043169,2159.11943460344,TRUE,1.383036052253,0.00653995036912078,9.53951389155645,NA,"HydraGO was broken, no data",NA,NA,NA,NA,NA,NA,NA,NA,NA,NA,NA,NA,NA,2199.5,3.63510232725045,18.35,0.5397121585
2024,"SWH_WC_1_202411","SWH","WC",1,202411,"2024-11-12 12:02:34.5","2024-11-12 12:00:10","2024-11-12 12:04:59","",5613.87307433491,198.992673208432,2.77418262575095e-156,0.915114338336356,3840.15637767469,4922.62461710406,156.285147064498,0.817993056326681,51375.6693393158,143.740024559531,2.28140246429537e-305,0.99217213483801,1166.14729412496,4354.53729906147,0.998911310222205,436.412358596506,4922.8969466501,TRUE,155.893428001899,0.83540294590288,1435.09270710527,NA,2777.71275412291,1.14941178546065,8.02006612659704e-132,0.87450258909739,28.8854145691533,2094.78497916485,0.964832600975916,0.00624179789646352,7578.01320301449,1.09682616006826,4.02443505410468e-279,0.988090197909096,8.89843217022229,2074.79197794896,0.989035889254437,8.56763894015886,2094.88519657521,TRUE,0.96305468819145,0.00645249702650195,9.77292608205778,NA,NA,37.566541,-76.897068,0.074,7.4,11.7,53.1,0.01,0.01,0.4,3.4,5.369,0.2,0.04,3209.5,5.34341725653566,16.5,0.542801782
2024,"SWH_WC_2_202404","SWH","WC",2,202404,"2024-04-25 11:00:34.5","2024-04-25 10:58:10","2024-04-25 11:02:59","",6070.04708093717,291.576955177054,1.14379425071491e-133,0.878150786461839,8431.88199717105,4226.65033072909,287.514456144755,0.246385696930981,56065.9956561544,43.2955828341804,0,0.99978854777494,351.252387248148,3507.45292248452,0.999982534719822,101.301099848838,4228.01278540411,TRUE,287.302686981225,0.254359089114309,391.833364938514,NA,NA,NA,NA,NA,NA,2318.19322901638,5.00225053488672,0.00917474777399276,7061.35413362297,1.61221230444594,0,0.999032102606005,13.0797042935383,2154.99672970102,0.999456197336075,9.83823422712163,2318.60049792456,TRUE,5.00708608452841,0.00917836080667896,13.0829557914791,NA,NA,37.566622,-76.897048,0.729,72.9,22.4,72.3,0.5,0.51,0.61,3.4,69.402,17.95,0.26,386.5,0.363244376919191,16.75,0.5923928575
2024,"SWH_WC_2_202405","SWH","WC",2,202405,"2024-05-15 13:29:34.5","2024-05-15 13:27:10","2024-05-15 13:31:59","",6518.07631218941,566.85952019999,2.34692066812268e-122,0.854005121413783,18255.8246657027,5559.75167326794,567.228457683373,2.45369117646153,178329.251780816,431.16946682886,0,0.994639786413601,3498.03131446896,5525.28598849294,0.995305631822274,3284.99298725729,5561.0311003237,TRUE,566.654589573914,2.27443545374437,3109.86891743104,NA,NA,NA,NA,NA,NA,2763.97829796893,6.2373246660718,0.0197874886074008,13802.208162051,3.47711276568992,0,0.997109851557426,28.2094403107419,2722.87158895045,0.997526170167937,26.1898211986333,2764.03915657575,TRUE,6.23976783528731,0.0204971607297193,28.9274854872287,NA,NA,37.56663,-76.897042,0.715,71.5,21.9,71.5,0.83,0.87,1.07,3.4,67.3,29.9,0.44,526,0.578791276828836,19.8,0.5838202675
2024,"SWH_WC_2_202406","SWH","WC",2,202406,"2024-06-26 04:25:34.5","2024-06-26 04:23:10","2024-06-26 04:27:59","8:23:00 AM, written time",6628.16051305471,887.41364752435,2.05257189992834e-142,0.894047034093718,22071.4415474323,5542.19331976901,806.161326290957,2.3805236158208,171155.999444466,418.312258711851,0,0.997495019830423,3393.72217370183,4987.53193053143,0.999635102127313,1299.78952596778,5542.48073357314,TRUE,807.257620548506,2.56913205161157,3855.37225745847,NA,NA,NA,NA,NA,NA,2812.17464624366,11.0947710981645,0.0215020225253877,15399.5390484344,3.77839545455076,0,0.998919449946782,30.6537142244162,2678.40181937931,0.999328074960677,24.2568442556632,2812.20276631739,TRUE,11.0931766308216,0.0224832377462027,32.497397414906,NA,NA,37.566597,-76.897067,0.665,66.5,30.7,87.3,1.68,1.55,2.15,3.4,59.915,60.391,1.01,1303.5,1.91197644458513,25.95,0.553837537
2024,"SWH_WC_2_202407","SWH","WC",2,202407,"2024-07-24 07:58:34.5","2024-07-24 07:56:10","2024-07-24 08:00:59","11:56:00 AM, written time",6646.24546983198,873.069455035787,1.88311754990978e-140,0.890670722533814,22770.4921806235,5557.54069131501,818.728499907846,2.44435541826205,200594.02421035,429.528961322735,0,0.997439481405371,3484.72207048611,5140.14174781033,0.999401237342847,1691.004486162,5563.17787565209,TRUE,823.628647318316,2.45736047887463,3397.83945697868,NA,NA,NA,NA,NA,NA,2825.14846088577,4.97305223516569,0.0219884133253761,17818.8443402708,3.86386540444228,0,0.99440118826166,31.3471226964156,2822.94874898216,0.994519611082795,31.1220838569253,2825.29616787005,TRUE,4.98055891010227,0.0210455036535723,27.9710457924463,NA,NA,37.567746,-76.896791,0.643,64.3,27.8,82,2.21,2.13,3.13,3.4,56.888,79.359,1.4,1834,2.86591844731921,27.4,0.5385174265
2024,"SWH_WC_2_202408","SWH","WC",2,202408,"2024-08-21 09:19:34.5","2024-08-21 09:17:10","2024-08-21 09:21:59","",NA,NA,NA,NA,NA,5391.63256536499,905.274044664205,1.83626379769635,204392.033938147,322.673403321947,0,0.998816445723794,2617.81446972092,5395.55069825571,0.998816779794456,2626.58095221937,5392.65339461003,TRUE,905.6968263783,1.79658728392273,2310.07855237407,NA,NA,NA,NA,NA,NA,2775.4726843737,4.35945636554299,0.0201835467878072,20430.7860502284,3.54670921536429,1.32903658731295e-320,0.993864499904064,28.7740687899506,2770.45683306642,0.994052312743364,28.429130910626,2775.52207824392,TRUE,4.36023911748585,0.0212995807811168,31.734746325506,NA,NA,37.566539,-76.897056,0.639,63.9,25.4,77.7,2.44,2.43,3.61,3.4,56.301,87.614,1.56,1875,2.97492899697091,24.85,0.537662107
2024,"SWH_WC_2_202409","SWH","WC",2,202409,"2024-09-25 13:24:34.5","2024-09-25 13:22:10","2024-09-25 13:26:59","high CH4",6630.90053489136,783.634397709876,7.96846269656211e-131,0.872486463925953,22175.9575943132,5563.60425420876,738.069727227124,2.47004377792557,705803.6685244,434.042991631879,0,0.996784796920662,3521.34391083112,5507.98141147174,0.997382304076207,3188.43129736948,5564.33196958769,TRUE,738.396192238341,2.37670005552379,3738.76770739733,NA,NA,NA,NA,NA,NA,2514.96659202386,2.54347004683998,0.0128805615968837,14571.587608756,2.26340825995618,1.83702303636583e-309,0.992668160947997,18.3627867459757,2506.69836936611,0.992971859495486,18.0412063610126,2515.03472957489,TRUE,2.5460797156907,0.0129843381893127,20.1902817237587,NA,"No hydraGO water too high ",NA,NA,NA,NA,NA,NA,NA,NA,NA,NA,NA,NA,NA,3634,5.79941874339238,22.95,0.5438588095
2024,"SWH_WC_2_202410","SWH","WC",2,202410,"2024-10-24 07:01:34.5","2024-10-24 06:59:10","2024-10-24 07:03:59","10:59:00 AM, written time",6551.47086562306,702.842661335537,1.07352811331936e-135,0.882036069419358,19337.785989007,4949.85356451545,670.073182295237,0.857310624874454,90895.3185505821,150.649017520983,0,0.999528784322135,1222.19920779212,4439.93025777086,0.999919908753145,505.635883352945,4955.30452936562,TRUE,668.287846375878,0.85747089913337,1119.19923185485,NA,NA,NA,NA,NA,NA,2040.59805306055,2.49361436605456,0.0056850648289808,7418.17836355045,0.998995470462614,0,0.998505296261039,8.10474235198553,2021.63881482713,0.998619068554112,7.81737489528546,2040.72743725506,TRUE,2.49176370730109,0.0057675266838596,8.06645952006664,NA,"HydraGO was broken, no data",NA,NA,NA,NA,NA,NA,NA,NA,NA,NA,NA,NA,NA,2199.5,3.63510232725045,18.35,0.5397121585
2024,"SWH_WC_2_202411","SWH","WC",2,202411,"2024-11-12 12:13:34.5","2024-11-12 12:11:10","2024-11-12 12:15:59","chamber base had to square up",6207.38253054415,471.238665718548,1.09427720617171e-140,0.891081910408578,10684.6192599527,5278.03041335609,384.538453882395,1.50963391828794,91427.4428310457,265.277088616199,0,0.995580910607659,2152.16436779589,5171.06075324297,0.996985965174723,1783.59564652656,5278.21261458622,TRUE,384.752065715225,1.41789701146647,1878.4457520904,NA,2791.64598850574,1.23920841012417,2.60347547860006e-133,0.877453154724273,29.5877255935439,2176.76702864284,0.998702178736166,0.00718946403963454,7645.36264304438,1.26335270163249,6.19614942001158e-266,0.985294507081559,10.2494440156717,2158.99898436452,0.98635792359057,9.90635713167586,2176.9882564946,TRUE,0.996402265621,0.00754208570333244,9.6691895893157,NA,NA,37.566541,-76.897068,0.073,7.3,11.7,53.1,0.01,0.01,0.4,3.4,5.363,0.211,0.04,2412.5,4.00192705360299,16.45,0.5429511235
2024,"SWH_WC_3_202404","SWH","WC",3,202404,"2024-04-25 10:37:34.5","2024-04-25 10:35:10","2024-04-25 10:39:59","",5345.10722281002,93.1822857112638,1.37904475083905e-138,0.887363220897423,2416.02515037643,4176.29124169801,85.6088753352975,0.225895423935835,94777.2694474358,39.6949748329585,0,0.997998757250139,322.041043430055,3998.57537901477,0.998930531346659,236.242808246363,4176.46270469167,TRUE,85.5309177068203,0.242573793136684,360.581886464989,NA,3190.50952098732,2.31693881450202,1.14642160393306e-131,0.874190980561396,58.8537377637613,2132.74315063259,1.97195768532504,0.00666395657532114,7272.2836576571,1.17100906223067,0,0.996721799001883,9.5002700430912,2120.05187292291,0.996905152395366,9.26298632004594,2132.7841096863,TRUE,1.97146399250891,0.00686738789473575,9.65859880768083,NA,NA,37.566628,-76.897086,0.674,67.4,23.5,74.3,0.66,0.66,0.9,3.4,61.254,23.709,0.39,385,0.361391981921976,16.8,0.5923850995
2024,"SWH_WC_3_202405","SWH","WC",3,202405,"2024-05-15 13:16:34.5","2024-05-15 13:14:10","2024-05-15 13:18:59","",NA,NA,NA,NA,NA,5337.97637051961,332.615657014547,1.67401056247872,67465.7597400525,294.161811646856,3.12074444836472e-310,0.992757861382501,2386.5030059516,4489.84120697409,0.999616524890476,551.074590434919,5348.32931284466,TRUE,337.363904479671,1.54576628684824,2104.36664800908,NA,NA,NA,NA,NA,NA,2891.49577599281,3.28893348371287,0.0246532212186028,13313.0454765823,4.3321328904023,5.91164652631579e-261,0.984075779030142,35.1461262331989,2570.41912220656,0.994809202724561,20.1362515603171,2892.38824003878,TRUE,3.29485934835321,0.024431229734927,35.6161574899032,NA,NA,37.56661,-76.897053,0.742,74.2,21.9,71.5,0.7,0.73,0.85,3.4,71.3,25,0.35,499.5,0.538537730315745,19.8,0.584256655
2024,"SWH_WC_3_202406","SWH","WC",3,202406,"2024-06-26 04:36:34.5","2024-06-26 04:34:10","2024-06-26 04:38:59","8:34:00 AM, written time",6265.61497977559,632.269465411689,3.60323816577761e-157,0.916308675229043,11813.0639034449,5543.10151443656,484.400901764353,2.38425408548991,149191.911047111,418.967787261524,5.36484079236671e-313,0.993071041017985,3399.04040602275,4490.38144889812,0.999818799787401,551.588128871095,5546.36351184512,TRUE,480.740471236132,2.37205943537381,3695.79194378409,NA,NA,NA,NA,NA,NA,2746.96126605213,4.97636309436516,0.0192153634598028,14037.7925894025,3.37657733677547,0,0.995724324960098,27.3938072346273,2609.75003787004,0.997372568575196,21.5490918552855,2747.04968642181,TRUE,4.98160984963817,0.0200208203313628,29.1698984164966,NA,NA,37.566597,-76.897067,0.696,69.6,30.4,86.8,1.64,1.52,1.95,3.4,64.467,58.963,0.91,1303.5,1.91197644458513,25.95,0.553837537
2024,"SWH_WC_3_202407","SWH","WC",3,202407,"2024-07-24 08:07:34.5","2024-07-24 08:05:10","2024-07-24 08:09:59","12:05:00 PM, written time",6652.82040863698,926.258375267296,2.9041816461739e-141,0.892080239846081,23030.0894189393,5663.03009205351,833.036988661911,2.93192655041437,327309.865324969,515.206322478847,0,0.996445131998204,4179.81324767307,5363.40289852171,0.99875226786718,2484.95795861907,5663.76148631279,TRUE,835.213390307028,2.95382519692259,5361.16429781921,NA,3682.72394808284,4.33399570965413,1.50987752144408e-125,0.861264790147161,137.510586799771,2537.04279040193,4.38889064790721,0.0133802766780432,17496.1956330968,2.35121958975058,0,0.997330363102733,19.0751905802387,2507.4694405102,0.997622208067509,18.0652068862464,2537.16008403069,TRUE,4.38453659588058,0.0135030955097531,20.3506880322401,NA,NA,37.567746,-76.896791,0.669,66.9,27.8,82,2.02,1.95,2.68,3.4,60.548,72.736,1.2,1600.5,2.47946765604799,27.4,0.538573672
2024,"SWH_WC_3_202408","SWH","WC",3,202408,"2024-08-21 09:33:34.5","2024-08-21 09:31:10","2024-08-21 09:35:59","",NA,NA,NA,NA,NA,5321.50565807629,455.135016641101,1.62714102383121,138632.66067733,285.92576540639,0,0.996332529012656,2319.68485236468,5200.02477026007,0.997620692203316,1874.92622748583,5326.66954687561,TRUE,451.929616183124,1.56534378909786,2093.67683929479,NA,NA,NA,NA,NA,NA,2811.35501838768,3.57385392777568,0.0214716583701513,19858.1160784667,3.77305978038377,2.84274521221968e-288,0.98971134469092,30.6104264761969,2769.48673270236,0.991216496503442,28.3816204642956,2813.07155126905,TRUE,3.54933215602459,0.0205355018906477,28.2624389863511,NA,NA,37.566539,-76.897056,0.654,65.4,25.4,77.7,2.38,2.38,3.39,3.4,58.449,85.604,1.46,1818.5,2.86733453712688,24.85,0.5383157185
2024,"SWH_WC_3_202409","SWH","WC",3,202409,"2024-09-25 13:37:34.5","2024-09-25 13:35:10","2024-09-25 13:39:59","water ",6148.45696485387,423.97840623933,1.02664412879014e-145,0.899492276234682,9652.42763481013,5136.15551614525,361.878722223816,1.1820559956063,257848.562346652,207.714181098542,0,0.996936555528408,1685.16271638125,4685.18603642859,0.999361938335618,771.758442638252,5140.99842554084,TRUE,360.099665806556,1.08562536821597,1478.27646175204,NA,NA,NA,NA,NA,NA,2529.93700210876,1.81648995386978,0.0132173501766698,14163.7328313087,2.32258968986613,1.29341120329632e-264,0.984980927942239,18.8429192947451,2528.62962058979,0.985253296763665,18.7364511515645,2530.03247989933,TRUE,1.81269948867755,0.0139501097630889,18.7899499609719,NA,"No hydraGO water too high ",NA,NA,NA,NA,NA,NA,NA,NA,NA,NA,NA,NA,NA,3512.5,5.62363270110869,22.95,0.543406906
2024,"SWH_WC_3_202410","SWH","WC",3,202410,"2024-10-24 07:08:34.5","2024-10-24 07:06:10","2024-10-24 07:10:59","11:06:00 AM, written time",6242.54799551184,344.719831250609,1.94264692913312e-123,0.85650810067545,11352.470290825,5269.02707013701,355.861343571888,1.48638080859879,65209.6247222301,261.190987234346,0,0.995000640147602,2119.01426861808,5215.07738728167,0.995906160093258,1924.22271402717,5273.58908392101,TRUE,356.212113167813,1.24811286059963,1482.4736435492,NA,3044.46710792018,2.43821050597738,4.26030669205396e-152,0.909239627869783,45.7530328434044,2432.94866880519,1.79787038855946,0.0111820421217537,7411.95535913085,1.96493967372343,5.46470401874048e-284,0.988981909782053,15.9413433429765,2178.71143840197,0.995477498459296,10.2488312561489,2438.38556156239,TRUE,1.77590528687332,0.0104372746446708,14.7613461728836,NA,"HydraGO was broken, no data",NA,NA,NA,NA,NA,NA,NA,NA,NA,NA,NA,NA,NA,2756.5,4.5890493234035,18.35,0.5396500945
2024,"SWH_WC_3_202411","SWH","WC",3,202411,"2024-11-12 12:23:34.5","2024-11-12 12:21:10","2024-11-12 12:25:59","",NA,NA,NA,NA,NA,4626.79409821892,160.182438918208,0.491175368100836,71714.7260395464,86.3107075638239,0,0.997299392948822,700.229448186011,4625.54273377558,0.99734785584415,696.340191972107,4627.70215940575,TRUE,160.120731759537,0.474205744785794,745.869375603806,NA,NA,NA,NA,NA,NA,2126.74168393325,0.828342404527156,0.00659535776199107,7641.76041599223,1.15895468715187,1.55943204677445e-253,0.982069530835198,9.40247420005032,2123.31789600629,0.982522712426768,9.31529402013802,2127.05063314756,TRUE,0.831984290359377,0.00670193014009046,8.6290299282633,NA,NA,37.566673,-76.897085,0.652,65.2,23,73.3,3.01,2.76,3.96,3.4,58.153,108.246,1.86,3537.5,5.90693911627513,16.35,0.542603953
2024,"SWH_WC_4_202404","SWH","WC",4,202404,"2024-04-25 10:25:34.5","2024-04-25 10:23:10","2024-04-25 10:27:59","",5669.5051988194,144.462314086551,7.17864121249015e-132,0.874599099397616,4226.73803364834,3813.57881174557,142.069939314355,0.120868829962778,56091.83482754,21.2394083946758,0,0.999791586325012,172.313026272013,3718.81059262271,0.999851743354864,145.83954997762,3813.61140260623,TRUE,142.091619797338,0.119498914820667,156.125020955747,NA,NA,NA,NA,NA,NA,2277.9272995279,2.17399789931246,0.00855940678239665,7043.68397482133,1.50408286671978,0,0.995555457757985,12.2024618441509,2108.41507956422,0.997556677285654,9.07899094113684,2278.50717461083,TRUE,2.17959449367034,0.00868265478667235,12.7270708091562,NA,NA,37.566467,-76.896943,0.735,73.5,24.7,76.4,0.61,0.6,0.7,3.4,70.344,22.102,0.31,387.5,0.365651996628317,16.8,0.591933196
2024,"SWH_WC_4_202405","SWH","WC",4,202405,"2024-05-15 13:06:34.5","2024-05-15 13:04:10","2024-05-15 13:08:59","",NA,NA,NA,NA,NA,5514.37637668244,219.426007027859,2.2690476895131,80258.7407828711,398.723397582368,1.33660848569489e-221,0.970123443885389,3234.7998591194,4894.37825990611,0.996525827044209,1106.93238383873,5520.54689091243,TRUE,214.511289792963,2.25614257463483,3123.58364756423,NA,NA,NA,NA,NA,NA,2600.29768843606,3.28990113941098,0.0149220786084061,13620.3388753497,2.62214933129572,3.95252516672997e-323,0.994109938156061,21.2732143107132,2493.408584972,0.995981574020425,17.6325206720441,2600.62691974127,TRUE,3.28151781994893,0.0149319023990003,20.5263847087751,NA,NA,37.566561,-76.897029,0.714,71.4,21.9,71.5,0.68,0.71,0.88,3.4,67.2,24.4,0.36,517.5,0.563728151253052,19.8,0.585009181
2024,"SWH_WC_4_202406","SWH","WC",4,202406,"2024-06-26 04:50:34.5","2024-06-26 04:48:10","2024-06-26 04:52:59","8:48:00 AM, written time",NA,NA,NA,NA,NA,5441.43749552456,493.077487120246,2.00091291072896,307574.948597674,351.606005338509,0,0.995279764281502,2852.54154491796,5110.68729701269,0.998511829208052,1607.27337437327,5442.00415259163,TRUE,493.150316412841,2.30826294802588,2672.0663129524,NA,3733.86527058655,6.63733398798944,3.9533028497008e-141,0.891848960824455,150.186161764048,2850.75288488673,5.42233807607542,0.0229808487542578,18061.8005614671,4.0382589299348,0,0.994853516644186,32.7619585327751,2663.66163384049,0.997337199763754,23.6481456046179,2856.11650665123,TRUE,5.46804955366141,0.0212970764453665,30.6651052124614,NA,NA,37.566597,-76.897067,0.731,73.1,30.1,86.2,1.67,1.54,1.82,3.4,69.67,59.901,0.86,1375,2.03265656342988,25.9,0.553961665
2024,"SWH_WC_4_202407","SWH","WC",4,202407,"2024-07-24 08:16:34.5","2024-07-24 08:14:10","2024-07-24 08:18:59","12:14:00 PM, written time",6451.72683843996,905.254338871671,3.31650435091651e-159,0.918988655786434,16282.4614599928,6094.28448059589,672.898201924871,6.16693392646215,223610.193696826,1083.67085416023,2.66252507050524e-236,0.976381522697324,8791.70459427368,5544.08061388676,0.996506229498297,3393.1851199916,6094.28529721135,TRUE,673.049904814998,6.265749378937,12176.243775294,NA,NA,NA,NA,NA,NA,2597.8872475432,3.71637351055703,0.0148601921429103,14622.6673192888,2.61127446872631,0,0.995416392574734,21.1849877252639,2519.657719694,0.996548060525872,18.4488509850395,2597.90124464891,TRUE,3.71693956976032,0.0156679914943829,22.7407092900627,NA,NA,37.567746,-76.896791,0.642,64.2,28,82.5,2.05,1.97,2.9,3.4,56.714,73.821,1.3,1600.5,2.47946765604799,27.4,0.538573672
2024,"SWH_WC_4_202408","SWH","WC",4,202408,"2024-08-21 09:43:34.5","2024-08-21 09:41:10","2024-08-21 09:45:59","",6264.01794288067,403.401254430178,4.92921405550857e-135,0.880781383113324,11780.5812327886,4888.53632676054,405.939651286764,0.771302723189906,156816.747394484,135.535468811942,0,0.99896135303723,1099.58461950551,4700.09411176573,0.999465099738209,791.852534838408,4888.87062981883,TRUE,406.377255920947,0.822102526911401,1215.82335660517,NA,3409.23299860193,2.89012598568042,5.50935164158955e-127,0.864416403139897,85.8125090727184,2721.75736914479,2.75658476757892,0.0183982425154886,19879.7863676887,3.23299056217461,2.87442027030108e-275,0.98733322045757,26.2289032408648,2721.15249444822,0.987532766233627,26.1123106456294,2721.81105554979,TRUE,2.75263695850062,0.018652340216739,25.0071427400058,NA,NA,37.566539,-76.897056,0.641,64.1,25.6,78.2,2.48,2.47,3.65,3.4,56.582,89.079,1.57,2412.5,3.8477237703871,24.8,0.5384941525
2024,"SWH_WC_4_202409","SWH","WC",4,202409,"2024-09-25 13:47:34.5","2024-09-25 13:45:10","2024-09-25 13:49:59","water ",5946.069455125,380.526524191748,1.2164097769823e-162,0.9233178052499,6809.1375656252,5553.79276504173,289.793670148607,2.42861106003698,211365.771459588,426.762318720525,3.00509122460885e-247,0.980174057679933,3462.27659787495,5057.23135323943,0.99647134257938,1465.75983500726,5553.79276504173,TRUE,289.793670148607,2.42861106003698,4890.5608723873,NA,3443.89248104724,3.16028266519486,1.2304386693629e-128,0.867947177009116,91.0967854423075,2554.44205943897,2.97496945414271,0.0137877493919931,14029.4919315924,2.42282183314066,1.78308291584106e-320,0.993851970663542,19.6560918472204,2555.88573366687,0.993905926869407,19.6379552180108,2554.56240704073,TRUE,2.97653187418447,0.0140389644143773,20.1182797186863,NA,"No hydraGO water too high ",NA,NA,NA,NA,NA,NA,NA,NA,NA,NA,NA,NA,NA,3512.5,5.62363270110869,22.95,0.543406906
2024,"SWH_WC_4_202410","SWH","WC",4,202410,"2024-10-24 07:16:34.5","2024-10-24 07:14:10","2024-10-24 07:18:59","11:14:00 AM, written time",5907.12651408297,218.474648822622,3.47300399232419e-133,0.87720778686308,6366.96222447392,4353.33304490189,216.228864719639,0.306530314085481,94449.7975083246,53.8643629479554,0,0.999421556793939,436.995758794435,4262.80155473005,0.999582464441149,372.569089782834,4355.96410836644,TRUE,215.887951803311,0.28657776777947,382.264738377895,NA,2961.6295763116,1.31337101395918,1.63753661077648e-123,0.856678157230912,39.6636341223484,2465.22396673921,1.23093662234964,0.0118219287433876,14630.7779997562,2.07738233811719,1.37023666747198e-230,0.974123136487615,16.8535785344536,2465.66840473847,0.974438464292146,16.8090438425842,2465.99653076529,TRUE,1.22386215080028,0.0109322668850105,15.3144952823967,NA,"HydraGO was broken, no data",NA,NA,NA,NA,NA,NA,NA,NA,NA,NA,NA,NA,NA,2756.5,4.5890493234035,18.35,0.5396500945
2024,"SWH_WC_4_202411","SWH","WC",4,202411,"2024-11-12 12:32:34.5","2024-11-12 12:30:10","2024-11-12 12:34:59","",5497.57467516359,120.121093725763,4.21001566012918e-139,0.888287095079346,3142.43698191456,4204.91537206113,111.847421287223,0.23732348239882,40330.8379153946,41.703145185301,0,0.998705031515449,338.333112599392,3687.49744332149,0.999785513075201,138.174704094305,4204.91796859132,TRUE,111.839041825446,0.255514238024786,387.359284742441,NA,2752.27978531514,0.840559352809948,1.25577900706554e-120,0.849916370701497,27.6461598847588,2114.31879527457,0.842400559608291,0.0064555953999206,7517.14145975841,1.1343952545245,3.10029214413947e-258,0.983368022720338,9.20322617576893,2115.63327308436,0.983521330893038,9.19268645939328,2114.35610267439,TRUE,0.842287539105429,0.00643959706943273,9.37978695440831,NA,NA,37.566673,-76.897085,0.638,63.8,21.8,71.3,3.01,2.77,4.12,3.4,56.143,108.148,1.93,3537.5,5.90693911627513,16.35,0.542603953
2024,"SWH_WC_5_202404","SWH","WC",5,202404,"2024-04-25 10:14:34.5","2024-04-25 10:12:10","2024-04-25 10:16:59","",5158.36382510108,102.011615331492,1.29012259634791e-140,0.890957359610315,1750.93917355509,5037.55667723016,60.808547476632,0.997261051125366,100273.58761384,175.241497311409,1.12151550856894e-166,0.928108169872758,1421.71534013806,4974.64313799703,0.942921569951997,1271.22409699884,5038.6615040134,TRUE,59.7634238811642,0.898502871545151,1086.23298209827,NA,2842.77425021728,1.93639206654893,1.00703371899417e-148,0.9042109716642,32.3143619816617,2319.75758710568,1.23303838892115,0.00919952702225766,7169.03291944259,1.61656658316092,1.57178874918354e-261,0.984221592100113,13.1150300864544,2223.5267532828,0.98883237628984,11.0721335368185,2320.03341019341,TRUE,1.23255582287068,0.009339432974421,13.9991448508217,NA,NA,37.561625,-76.807385,0.735,73.5,25.9,78.6,0.85,0.83,0.97,3.4,70.361,30.479,0.43,380.5,0.355049678982464,16.8,0.5919622885
2024,"SWH_WC_5_202405","SWH","WC",5,202405,"2024-05-15 12:55:34.5","2024-05-15 12:53:10","2024-05-15 12:57:59","",6539.9298451677,746.784035137008,2.15676071306498e-134,0.879553676083593,18956.7997686539,5482.77483567891,649.197257588863,2.1487253543949,88326.0111742223,377.580020788173,0,0.99685491125573,3063.26592684987,5302.84395236677,0.998332046072564,2238.58454194397,5483.67631848157,TRUE,650.366462389772,2.18725294823843,2927.92588415222,NA,NA,NA,NA,NA,NA,2764.19325452044,5.28514638612968,0.0197948235015509,13603.5868710843,3.47840167377676,0,0.995976252708479,28.2198970828376,2517.23615748138,0.99830642051016,18.3719856255123,2767.74905299491,TRUE,5.31663619267128,0.0196899198173291,24.9952555362294,NA,NA,37.566531,-76.897036,0.726,72.6,21.9,71.5,0.76,0.8,0.96,3.4,68.9,27.4,0.4,517.5,0.563728151253052,19.8,0.585009181
2024,"SWH_WC_5_202406","SWH","WC",5,202406,"2024-06-26 05:02:34.5","2024-06-26 05:00:10","2024-06-26 05:04:59","9:00:00 AM, written time",6581.42034933661,822.799258586689,8.70630841879613e-142,0.892978947887651,20362.5625556218,5447.92571760885,740.156222757424,2.02342196775057,255554.940929235,355.561359707442,0,0.997852244409581,2884.63090770171,4933.34451226051,0.999640768290192,1183.85464755024,5448.38049419063,TRUE,740.298974915247,2.1116966080299,3270.68157791009,NA,4084.69872012801,9.11469077439467,1.24547722701052e-131,0.874118591381607,274.997184890435,3114.56025844874,9.20606892386551,0.0362160179387203,14261.2806274284,6.36397982561977,0,0.995562748194739,51.630280962132,3097.29574965975,0.995876471084426,49.9453660583083,3115.55645594636,TRUE,9.22046314762718,0.0254958015933871,34.5545324715071,NA,NA,37.566597,-76.897067,0.702,70.2,30.1,86.2,1.56,1.45,1.84,3.4,65.38,56.175,0.86,1104.5,1.58484571364058,25.9,0.5540062735
2024,"SWH_WC_5_202407","SWH","WC",5,202407,"2024-07-24 08:27:34.5","2024-07-24 08:25:10","2024-07-24 08:29:59","12:25:00 PM, written time",6706.80626517618,1290.23711555468,1.09269989279e-152,0.910092913986905,25276.6402650629,5925.9666185697,1000.43512200327,4.61355436339086,314541.013467225,810.706658658591,4.28354914944361e-321,0.993912568389751,6577.17555858813,5310.78197798889,0.999280280118676,2269.43299031108,5926.22172310242,TRUE,998.431655404078,4.6401776965337,8789.3604105644,NA,NA,NA,NA,NA,NA,2606.49692488325,3.99844026556343,0.0150824262370799,14344.1077291563,2.65032606446645,0,0.995918896060472,21.5018091036042,2483.95847776925,0.99736198153887,17.3475567335368,2606.5378317778,TRUE,4.00027820877157,0.0159442383710958,23.461754768553,NA,NA,37.567746,-76.896791,0.667,66.7,28,82.5,2.12,2.04,2.82,3.4,60.271,76.36,1.27,2290,3.61775513591389,27.4,0.5387540455
2024,"SWH_WC_5_202408","SWH","WC",5,202408,"2024-08-21 09:53:34.5","2024-08-21 09:51:10","2024-08-21 09:55:59","",6888.63440997564,1341.66789141699,4.58825538354764e-139,0.888220360657906,34583.5266711315,5545.36462370064,1230.67659414576,2.3935754100373,160714.244015343,420.605756445989,0,0.998911756806297,3412.32907310193,4967.97971286791,0.999853423955119,1256.70300415697,5546.53965914792,TRUE,1228.31367651822,2.39731990679146,4093.92365873656,NA,NA,NA,NA,NA,NA,2758.69156927947,2.58982679798144,0.0196079441911875,19988.3759848356,3.44556271939502,1.00549189463058e-259,0.983759326553667,27.9534781928206,2722.22653346024,0.985874464384842,26.1607099968383,2758.80877745555,TRUE,2.59028940319152,0.0191276487783417,25.3673126825303,NA,NA,37.566539,-76.897056,0.655,65.5,25.6,78.2,2.38,2.38,3.39,3.4,58.516,85.712,1.46,1842.5,2.90552893108619,24.75,0.5384631205
2024,"SWH_WC_5_202409","SWH","WC",5,202409,"2024-09-25 13:57:34.5","2024-09-25 13:55:10","2024-09-25 13:59:59","water, number of chambers not written, assumed to be 2",6283.26023340221,537.498124412125,5.15997882102456e-150,0.906166499781186,12177.973639922,5449.13060399469,471.995071903526,2.02762977407531,341550.302983665,356.300767187471,0,0.994713201466469,2890.62964072498,5071.97493647728,0.9985796788862,1503.49701461341,5470.31361970901,FALSE,463.639650624037,1.7526685740766,2108.02907483226,NA,NA,NA,NA,NA,NA,2459.02874029378,1.94890888627463,0.0116963257031913,14207.9247971106,2.05531102107737,2.08696623863949e-288,0.989733402160088,16.6745163231966,2460.31910030736,0.989828882243745,16.6547277797176,2459.08361207511,TRUE,1.94980986488551,0.0124350486101862,18.05163111366,NA,"No hydraGO water too high ",NA,NA,NA,NA,NA,NA,NA,NA,NA,NA,NA,NA,NA,3475.5,5.5376489831116,22.95,0.543461212
2024,"SWH_WC_5_202410","SWH","WC",5,202410,"2024-10-24 07:23:34.5","2024-10-24 07:21:10","2024-10-24 07:25:59","11:21:00 AM, writtentime",6137.93840384427,488.751705777511,2.92801348160997e-153,0.910911110439684,9478.95427909704,5453.38679510398,376.450386208835,2.04256377740974,82422.1130208048,358.92501196493,6.68262318600124e-301,0.991592603604842,2911.91985516409,4582.65818895115,0.999588190204158,646.710957550794,5459.73030651007,TRUE,380.631528389787,1.88234558858531,2939.97458733802,NA,NA,NA,NA,NA,NA,2400.00432571,1.12457380620586,0.0105645971315934,7326.14006896617,1.85644051549299,2.78768214471075e-233,0.975213113738622,15.0611013910707,2356.6477860573,0.978947563093891,13.9286863766242,2400.03217045749,TRUE,1.1237776084025,0.0096816823930887,14.6038796991155,NA,"HydraGO was broken, no data",NA,NA,NA,NA,NA,NA,NA,NA,NA,NA,NA,NA,NA,3072.5,5.1151785256065,18.3,0.5396151835
2024,"SWH_WC_5_202411","SWH","WC",5,202411,"2024-11-12 12:40:34.5","2024-11-12 12:38:10","2024-11-12 12:42:59","",5377.53545380322,200.403905383179,1.60880284973348e-172,0.93451959533025,2554.95454536633,5052.03882517701,117.582235661114,1.02247536316436,48639.5573322652,179.67222664793,1.00764082981117e-242,0.978686327571078,1457.66136868937,4431.67608386682,0.997524669815941,498.49097145742,5052.22420507913,TRUE,117.513600088564,1.05179423985419,1731.82125443064,NA,2266.71578836974,0.716157401470744,4.04878313172851e-120,0.8486920312947,11.9688510627981,2065.34708922564,0.352170606382496,0.00593290089234345,7519.22561332299,1.04254591573712,1.45817776727008e-163,0.924438834826868,8.4580624106848,2042.409367493,0.931141493593266,8.10239830394535,2065.40593530614,TRUE,0.352623958853303,0.00614949065318355,9.01578165676279,NA,NA,37.566673,-76.897085,0.593,59.3,20.9,69.5,2.57,2.39,4.02,3.4,50.103,92.598,1.85,3396,5.65414952413218,16.3,0.5428308745
