"","Plot","TIMESTAMP","HM81_AIC","HM81_flux.estimate","HM81_p.value","HM81_r.squared","HM81_RMSE","lin_AIC","lin_flux.estimate","lin_flux.std.error","lin_int.estimate","lin_int.std.error","lin_p.value","lin_r.squared","lin_RMSE","poly_AIC","poly_r.squared","poly_RMSE","rob_AIC","rob_converged","rob_flux.estimate","rob_flux.std.error","rob_RMSE","TIMESTAMP_min","TIMESTAMP_max","c0","qaqc_flag"
"1","1-Apr-GCW-TR-1",2024-04-09 14:35:43.5,370.120802578858,4.18371644931638,6.19077563283e-42,0.971706393832612,7.1808699850485,347.295135295618,2.66284150353266,0.0507532575284445,18270.6971342456,1.78372008887731,1.03920909193619e-46,0.981459856384486,5.81285458203001,212.992356901781,0.998568424274575,1.64723948523039,348.653903263911,TRUE,2.61293941815249,0.0440028739293147,5.91209861345977,2024-04-09 14:35:12,2024-04-09 14:36:10,18260.5946914137,NA
"2","1-Apr-GCW-TR-2",2024-04-09 14:39:30.5,429.716587014837,2.38339292282153,1.60009584516911e-28,0.907317076485637,12.4688478590676,253.598018452311,2.57412569551077,0.0213149756305764,18226.9972438365,0.749113496899805,2.2769748328395e-65,0.996447223999551,2.44123943553011,206.020292616403,0.998633044233919,1.54425979239928,254.080397237667,TRUE,2.58867540958611,0.023942413307359,2.4787419502838,2024-04-09 14:38:59,2024-04-09 14:39:57,18238.153066597,NA
"3","1-Apr-GCW-TR-3",2024-04-09 14:43:19.5,390.660974591884,5.2013737190027,5.68086735140352e-43,0.974188604901204,8.6850861709068,377.083494642102,3.36931305542216,0.0668729095533067,18858.3835801477,2.35024425979076,8.20487594833951e-46,0.979926887137991,7.65906500666996,232.752699849687,0.998712741605999,1.97796192934759,383.290662124454,TRUE,3.22614182200584,0.0509153791253757,5.27119768960156,2024-04-09 14:42:48,2024-04-09 14:43:46,18989.8179666915,NA
"4","1-Apr-GCW-TR-4",2024-04-09 14:46:53.5,NA,NA,NA,NA,NA,171.790437494564,-0.0939738390805135,0.0099934742548202,18277.6149614753,0.35122003303947,8.31970095081691e-13,0.629698720946404,1.14456914573363,171.970409304935,0.654989214368189,1.12667182525622,172.074777205604,TRUE,-0.0895908759402698,0.00990416488024915,0.91011491515517,2024-04-09 14:46:22,2024-04-09 14:47:20,18278.7319180232,"low r2, but also low flux - checked"
"5","1-Apr-GCW-TR-5",2024-04-09 14:50:54.5,253.220540095028,0.331710340729481,2.44528486966106e-19,0.791480865874685,2.43272178274688,203.553687930549,0.321182659815116,0.0134104798031847,18347.1570645955,0.471310481165034,9.37965619285316e-30,0.916880919380408,1.53592444637617,197.196863339632,0.931387053743314,1.42311236229241,203.561973384014,TRUE,0.321465719696663,0.014419029698524,1.40722088844885,2024-04-09 14:50:23,2024-04-09 14:51:21,18346.144358118,NA
"6","1-Apr-GCW-UP-1",2024-04-09 14:56:05.5,266.559437560431,-0.708593830905768,3.150934459584e-31,0.927036365144095,2.75252594516211,203.769111386493,-0.634225855567291,0.0134372558683932,18310.2621874728,0.472251524316535,2.27869350950248e-44,0.977190494742667,1.53899115343923,177.79981117081,0.986905526050371,1.18915615560703,203.835613539025,TRUE,-0.632075338298437,0.013151945572364,1.63636619704158,2024-04-09 14:55:34,2024-04-09 14:56:32,18307.7561449943,NA
"7","1-Apr-GCW-UP-2",2024-04-09 15:03:57.5,314.43593417416,-1.29163086610909,3.29974782228734e-30,0.920149245765303,4.28799779772074,337.907514942976,-0.894562398014896,0.0465279586380634,18256.6811477331,1.63522222136487,2.73262692722054e-25,0.876675607217872,5.32892410719039,306.137954130768,0.936412370348906,3.90227642343552,337.953579995184,TRUE,-0.902377185760812,0.0530446454916123,4.84581189442183,2024-04-09 15:03:26,2024-04-09 15:04:24,18252.4289231406,"low r2, but also low flux - checked"
"8","1-Apr-GCW-UP-3",2024-04-09 15:07:39.5,276.544655879798,-1.32262416338871,3.74694754586719e-22,0.837318078673428,3.01914820652939,296.296681421327,-0.412340094036831,0.0316509415629215,18218.0652399089,1.11237037870966,5.27859620479515e-18,0.765471962836516,3.62503471991882,250.438471709264,0.906844050757,2.32989716828293,296.814702128075,TRUE,-0.417536977874278,0.0329284574480454,2.84472566744864,2024-04-09 15:07:08,2024-04-09 15:08:06,18216.6815132793,"low r2, but also low flux - checked"
"9","1-Apr-GCW-UP-4",2024-04-09 15:11:23.5,256.190846940896,-0.564312254470882,5.46312638288388e-30,0.918588273161626,2.5005570996428,240.894812969672,-0.534596405540253,0.0189496911630236,18245.3523872804,0.66598572094732,3.42340097637076e-33,0.938670593733368,2.17033949088492,228.842983199849,0.954441221301342,1.9076381494029,241.366958070218,TRUE,-0.541648370030068,0.0180888923937406,2.03456431213476,2024-04-09 15:10:52,2024-04-09 15:11:50,18248.1330865566,NA
"10","1-Apr-GCW-UP-5",2024-04-09 14:59:56.5,NA,NA,NA,NA,NA,268.860988392011,-0.711715438672417,0.0245505363844403,18283.2228040542,0.862827078973145,9.0325986085946e-34,0.941730767221992,2.81181356356501,247.542380986532,0.963540169719292,2.26824970265926,268.881843788177,TRUE,-0.713254163684706,0.0264019845793016,3.2338774371963,2024-04-09 14:59:25,2024-04-09 15:00:23,18277.9725411319,NA
"11","1-Apr-GWI-TR-1",2024-04-24 11:42:26.5,291.034552386875,1.54630698127368,2.06869786320784e-37,0.95777492149178,3.45264446557401,240.61941876082,1.0490782208836,0.0189014320219338,18926.6383902161,0.66428965642603,5.86324397161225e-48,0.983400032520285,2.1648122915864,192.948948152974,0.993624004922222,1.36822424769579,241.35728122545,TRUE,1.0388574035341,0.018080447077039,2.10072816516224,2024-04-24 11:41:55,2024-04-24 11:42:53,18924.940195209,NA
"12","1-Apr-GWI-TR-2",2024-04-24 11:46:59.5,NA,NA,NA,NA,NA,184.745305396209,0.25158284587983,0.0112670753409389,18913.582693854,0.395980664241375,2.6133697340884e-28,0.905555088364021,1.29043678595307,173.802184340269,0.928385880455244,1.14594414659361,184.814880554491,TRUE,0.254489766239704,0.0114723561538028,1.03684131235471,2024-04-24 11:46:28,2024-04-24 11:47:26,18912.9368019488,NA
"13","1-Apr-GWI-TR-3",2024-04-24 11:51:18.5,222.163994765972,0.405877128559364,3.50603773375967e-28,0.904483725301368,1.82476297309245,184.290556303616,0.362832850429031,0.0112197334853795,18915.9723235813,0.394316837663174,4.11608869110951e-36,0.952632484008221,1.28501464488447,180.016449720456,0.959361638657899,1.21381509884863,184.381280961294,TRUE,0.36575332475242,0.0101904051606314,0.968321989305418,2024-04-24 11:50:47,2024-04-24 11:51:45,18917.5813726411,NA
"14","1-Apr-GWI-TR-4a",2024-04-24 11:59:05.5,243.927437379919,0.691137294413734,4.909114488334e-31,0.925783253433904,2.2321460085099,189.558157415066,0.508836367296683,0.0117805307294986,18879.9102400711,0.414026022035459,2.0500823458718e-42,0.972883258577876,1.34924368138011,151.350527525797,0.987589678243523,0.930850279182472,189.870740189918,TRUE,0.512510705312304,0.0133247925794042,1.21175164620913,2024-04-24 11:58:34,2024-04-24 11:59:32,18881.0489963318,NA
"15","1-Apr-GWI-TR-5",2024-04-24 12:03:36.5,287.733991636293,1.35012640494678,9.84103965301639e-37,0.955166746242996,3.34872508410841,235.35951125361,0.98726300826061,0.0180029357219719,18741.4404747123,0.632712059675205,1.08464674097553e-47,0.983002736668949,2.06190602332877,183.765310271201,0.993928958874859,1.25668844820418,235.408213111311,TRUE,0.987344705956426,0.0192472345716458,2.08847942716528,2024-04-24 12:03:05,2024-04-24 12:04:03,18740.0228058076,NA
"16","1-Apr-GWI-UP-1",2024-04-24 12:10:38.5,211.509948921933,0.860458189351099,2.03588868546542e-39,0.964646064989147,1.65334668594423,207.802460671586,0.544418163978706,0.0139485695878301,18728.2211915863,0.490221613282094,3.41187696917108e-40,0.966991915640641,1.59755275995715,153.303558924263,0.988827677474824,0.947836549452048,208.108352473604,TRUE,0.537921775773815,0.0142204557471457,1.63408032627535,2024-04-24 12:10:07,2024-04-24 12:11:05,18724.5249526513,NA
"17","1-Apr-GWI-UP-2",2024-04-24 12:15:03.5,162.030976992779,0.490181860438927,1.45927102157682e-33,0.940647025051638,1.04567530254751,190.086781966895,0.25640352321587,0.0118383339091618,18751.8618551683,0.416057511200633,1.09622079009936e-27,0.900211375958159,1.35586397521195,161.022463170325,0.945904446649274,1.01805925920036,190.682653900096,TRUE,0.257452187456082,0.0110452118106219,1.11069537186142,2024-04-24 12:14:32,2024-04-24 12:15:30,18749.8326496479,NA
"18","1-Apr-GWI-UP-3",2024-04-24 12:19:30.5,NA,NA,NA,NA,NA,173.555339038026,-0.162115249568634,0.010158126102556,18751.5151691195,0.357006712018895,1.10224099809914e-21,0.830450486245953,1.16342699435575,172.387467645749,0.845924355691162,1.13103105046588,173.927345168076,TRUE,-0.160213964414802,0.00999687052313092,0.981440925258555,2024-04-24 12:18:59,2024-04-24 12:19:57,18750.8821140125,"low r2, but also low flux - checked"
"19","1-Apr-GWI-UP-4",2024-04-24 12:23:50.5,185.897888858812,0.253537760910065,1.66180577162769e-19,0.794541184658344,1.30428216451046,170.632046237209,0.166551558655781,0.00988685859284763,18695.9303812945,0.347473032210157,1.03659543880706e-22,0.845136387129615,1.13235827751761,172.837518394623,0.850198240673812,1.13575404515827,170.709786628617,TRUE,0.166840054178621,0.0103523294987847,1.14413975787964,2024-04-24 12:23:19,2024-04-24 12:24:17,18695.024308807,"low r2, but also low flux - checked"
"20","1-Apr-GWI-UP-5",2024-04-24 12:29:00.5,172.265208043336,0.552675897608412,5.99781129940912e-30,0.918295855109107,1.14961177434626,173.962593665382,0.242314154458589,0.0101965034509405,18727.6214084313,0.358355481548278,1.35993221516897e-29,0.915686853595072,1.16782241558124,161.992425186617,0.937272876864422,1.02724376340797,174.045385114278,TRUE,0.241300247637444,0.0105426698803155,1.0303044362061,2024-04-24 12:28:29,2024-04-24 12:29:27,18727.4611390052,NA
"21","1-Apr-MSM-TR-1",2024-04-11 13:03:21.191489,213.371145130817,0.753683808024625,1.72810255688139e-27,0.929028671718087,2.24539181722185,151.166280107038,0.567656581820084,0.0117426615361444,17997.7265649633,0.382175205894746,1.96529848093978e-40,0.981107439844488,1.15850010041088,149.760868475491,0.983159958993366,1.11890772011361,151.175921759469,TRUE,0.567279066032285,0.0114596749858798,0.930892511185437,2024-04-11 13:02:52,2024-04-11 13:03:45,17998.2952053351,NA
"22","1-Apr-MSM-TR-2",2024-04-11 12:41:46.5,205.385185876208,0.645709373254816,3.52234074885863e-34,0.943801221872514,1.56219324361849,205.159166440172,0.403126846375604,0.0136113229733442,17975.1570531097,0.47836910192699,3.15876805590473e-34,0.944035952812441,1.55892734705257,184.346672971774,0.964652811700701,1.26347142696832,205.482780439833,TRUE,0.395908842154919,0.0131251522594463,1.34998292163798,2024-04-11 12:41:15,2024-04-11 12:42:13,17974.8089779623,NA
"23","1-Apr-MSM-TR-3",2024-04-11 12:47:08.477273,187.721680273339,0.678630603485764,1.44156031011472e-27,0.941829899582031,1.95294906004476,170.095918116791,0.459412833522018,0.0142749245348128,17970.0877152614,0.49734150706481,3.17135757351462e-31,0.961030239224525,1.59847143079436,143.175343687232,0.980701147219813,1.152660484204,170.300571275672,TRUE,0.46497940061645,0.0137413114290193,1.83103316461829,2024-04-11 12:46:38,2024-04-11 12:47:36,17968.4159880864,NA
"24","1-Apr-MSM-TR-4",2024-04-11 12:51:29.5,258.161671430543,0.580908480313468,1.02255873435759e-32,0.936037663736299,2.54660709395407,193.929502453402,0.62777879776111,0.0122671339271448,17994.1604154215,0.431127661244865,3.70459638250723e-46,0.980531265816933,1.40497515094111,178.848715739543,0.986326469256819,1.20076159981254,194.130333184193,TRUE,0.62324950500858,0.0128858152297513,1.28296038968104,2024-04-11 12:50:58,2024-04-11 12:51:56,17998.5312580829,NA
"25","1-Apr-MSM-TR-5",2024-04-11 12:55:30.64151,231.784283847358,0.597751852606603,9.63652418533191e-34,0.94476715335206,2.0757759194367,176.589460299533,0.546533863824828,0.0107911083316068,17965.880245651,0.381157431990273,2.77363049506019e-45,0.980505233221301,1.23322062088824,150.279605413402,0.988995965208475,0.945245854735443,176.664989636816,TRUE,0.54719858414377,0.0110637239682231,1.32939094383831,2024-04-11 12:54:59,2024-04-11 12:55:57,17965.2908715198,NA
"26","1-Apr-MSM-UP-1",2024-04-11 13:23:21,143.267990311759,1.23479934002502,7.48764678013301e-18,0.956531138957133,3.52842595037139,108.540240258582,1.07776226837057,0.0236571957045586,17915.9970156474,0.81471480261751,8.06861747322831e-25,0.98856862064147,1.80942753801641,89.228641408523,0.995336518866823,1.20709449539107,109.244526733083,TRUE,1.05984862928877,0.0208191527946471,1.19411197063847,2024-04-11 13:22:50,2024-04-11 13:23:46,17916.9096977967,NA
"27","1-Apr-MSM-UP-2",2024-04-11 13:16:05.5,NA,NA,NA,NA,NA,247.176811541706,5.28380254567319,0.0200846187815483,17989.3176455114,0.705872681729091,6.38702370870151e-83,0.999249222603237,2.30032462935443,238.790370708591,0.999403111299448,2.09168789599156,247.197472771049,TRUE,5.28626851111751,0.0205704104542228,2.64877370939424,2024-04-11 13:15:34,2024-04-11 13:16:32,18010.3399155958,NA
"28","1-Apr-MSM-UP-3",2024-04-11 13:19:42,380.557702645516,4.24156785874017,3.67000312436935e-36,0.960924246872906,9.71040968772764,309.303196193992,3.25530863887389,0.0459377540184586,18031.3622522136,1.53508184019315,4.92533776878338e-51,0.990336509052372,4.8289298554729,177.30619795915,0.999328507776478,1.29973100657688,311.084920631939,TRUE,3.20371429883136,0.0393400750069259,4.96004268983129,2024-04-11 13:19:12,2024-04-11 13:20:07,18021.126415282,NA
"29","1-Apr-MSM-UP-4",2024-04-11 13:11:59.5,408.485986764518,3.78443172994597,7.18757075900684e-35,0.947130270671541,10.2436062499343,300.857820453842,2.79482970862176,0.0330162764685711,18335.531887091,1.16035498931102,2.19374291238475e-57,0.992795421262041,3.78140878630979,230.090150443531,0.998195776549189,1.92979494417238,301.445014767466,TRUE,2.7745781267464,0.0318819668063179,3.58171725307413,2024-04-11 13:11:28,2024-04-11 13:12:26,18310.7840402497,NA
"30","1-Apr-MSM-UP-5",2024-04-11 13:08:12.5,563.367806046501,11.6638342449284,1.42146277838867e-32,0.93522325054526,42.9804194232992,430.051584406667,10.6033414156827,0.109206351038132,18277.5805395999,3.83805043588646,1.83165355672326e-60,0.994514392660167,12.5075841223199,403.704923312965,0.996872754423637,9.63071956271343,430.383521755671,TRUE,10.6359190822857,0.107024785415616,13.3718050899655,2024-04-11 13:07:41,2024-04-11 13:08:39,18291.4935104948,NA
"31","1-Aug-GCW-TR-1",2024-08-13 11:39:25.5,246.790067760176,0.881665168243255,1.09485529673712e-37,0.958794941162581,2.29210198797274,202.214439203105,0.704497940156753,0.0132452106270572,18781.0998402758,0.465502106217561,5.16887760075544e-47,0.981951069458862,1.51699589411166,146.310665698337,0.994047821456862,0.888409743872162,203.562091238689,TRUE,0.691457688691816,0.0124355768525597,1.58479689940318,2024-08-13 11:38:54,2024-08-13 11:39:52,18773.372691783,NA
"32","1-Aug-GCW-TR-2b",2024-08-13 11:48:31.5,NA,NA,NA,NA,NA,344.886367908305,18.5177455984113,0.049633817303294,18673.1645009819,1.74437743157538,8.31104076518969e-91,0.999626560494333,5.68464324035549,341.655008260578,0.999673365451313,5.42176654673713,345.332285110957,TRUE,18.5336468027756,0.0464890521686012,4.58198980572863,2024-08-13 11:48:00,2024-08-13 11:48:58,18732.9398671511,NA
"33","1-Aug-GCW-TR-3",2024-08-13 11:58:13.5,174.933550579192,0.22346982987247,7.44950859006464e-13,0.631252355882245,1.17836887535588,167.684480397678,0.10057069825732,0.00962067264921656,18567.5521456231,0.338117943726124,2.1966864297031e-14,0.677575023423607,1.10187156085237,166.798771029564,0.70546601983697,1.07399190612236,167.92993823028,TRUE,0.0978918479158104,0.00990027709262839,1.00823158812626,2024-08-13 11:57:42,2024-08-13 11:58:40,18568.7272092375,"low r2, but also low flux - checked"
"34","1-Aug-GCW-TR-4",2024-08-13 11:53:06.5,526.523121871431,7.69331513647932,1.20317589224937e-29,0.916082398762636,30.5568892216957,382.672192556697,6.62194177058046,0.0704244953969713,18761.0243376081,2.47506452404998,9.62373293651553e-60,0.994152996654672,8.06583401126534,384.845783539233,0.994347449314057,8.08763441185947,382.887549739469,TRUE,6.59360631569512,0.065832803762383,8.11791063580876,2024-08-13 11:52:35,2024-08-13 11:53:33,18727.6949711334,NA
"35","1-Aug-GCW-TR-5",2024-08-13 12:02:57.5,291.818956266049,0.890313266009399,5.80043193089119e-32,0.931628096851626,3.47781230482299,204.012011342181,0.831769906221158,0.0134675112572259,18723.1472723484,0.473314848081072,2.45839295418721e-50,0.986550963982383,1.5424563531953,185.77946981676,0.991089826623152,1.28034512545769,204.547971009389,TRUE,0.824023056949024,0.0136426170546843,1.45053825025176,2024-08-13 12:02:26,2024-08-13 12:03:24,18718.5945435316,NA
"36","1-Aug-GCW-UP-1",2024-08-13 12:29:28.5,432.214026026461,-3.38113992456971,1.70161650976989e-32,0.934774089433865,12.7605425639504,279.996706254206,-3.13970131222291,0.0272170115211887,18244.5067820323,0.956540182319159,2.44469816196423e-64,0.996107632687057,3.11720937402763,250.644905914846,0.997901145742741,2.33435485748858,280.02957258728,TRUE,-3.14252232647508,0.0250370740068993,2.0125062757441,2024-08-13 12:28:57,2024-08-13 12:29:55,18237.6117329373,NA
"37","1-Aug-GCW-UP-2",2024-08-13 12:13:27.5,373.744325129974,-1.72918275765722,4.00477617718465e-31,0.926361325856787,7.42588358003244,229.765065291798,-1.71852929418591,0.0170941177771505,18214.6176747875,0.600771709355789,3.02643469491961e-61,0.994881365204289,1.95781760000294,214.691890886422,0.996404508035789,1.67336617836651,230.27830995,TRUE,-1.72967892598243,0.01429751889204,1.76115424636493,2024-08-13 12:12:56,2024-08-13 12:13:54,18208.2613470474,NA
"38","1-Aug-GCW-UP-3",2024-08-13 12:19:35.5,NA,NA,NA,NA,NA,218.267675449525,-1.0646943183474,0.0153678413395839,18217.923772302,0.540101830995421,6.70949037197119e-53,0.989282352507595,1.76010430259861,214.033592241524,0.99079811219819,1.66319743528767,218.318937374752,TRUE,-1.06146039436057,0.015843717668708,1.98751709886928,2024-08-13 12:19:04,2024-08-13 12:20:02,18216.8353550417,NA
"39","1-Aug-GCW-UP-4",2024-08-13 12:25:02.5,382.588880987241,-1.64825312967595,1.77266942542625e-29,0.914824425917406,8.0596143985404,197.014895348541,-1.73634869293636,0.0126226409265806,18222.9888351758,0.443621932696795,2.66817441213117e-68,0.997259447852034,1.44569195595517,198.808206730581,0.997369182038221,1.444504164259,197.089377388854,TRUE,-1.73880543419048,0.0134574265684361,1.46903816434453,2024-08-13 12:24:31,2024-08-13 12:25:29,18220.0925793099,NA
"40","1-Aug-GCW-UP-5",2024-08-13 12:09:05.5,459.749410379333,-5.08493467998595,1.31283972816156e-34,0.945892276184672,16.466286697765,327.51604266732,-4.44656505665254,0.0422597905966541,18322.1443983082,1.48521772019765,2.86382075330513e-62,0.995325085489027,4.8400837575345,213.466461528581,0.999474756060832,1.65448652719844,328.596177423881,TRUE,-4.40926350079107,0.0432582137867675,4.63610439977286,2024-08-13 12:08:34,2024-08-13 12:09:32,18323.5847885869,NA
"41","1-Aug-GWI-TR-1",2024-08-22 11:07:46.5,180.149561178648,0.421542571148576,4.68537141135418e-26,0.884743064545116,1.23667653490394,165.92776925682,0.218957736132177,0.0094654501247509,18391.2420249951,0.332662657728364,4.90580518674771e-29,0.911429633261239,1.08409366823003,157.675580673077,0.929408837522016,0.986993796355085,166.04030407153,TRUE,0.221925132714131,0.00911048085006337,0.90774077339916,2024-08-22 11:07:15,2024-08-22 11:08:13,18391.8883628564,NA
"42","1-Aug-GWI-TR-2",2024-08-22 11:11:43.5,607.159873670976,12.6079296350028,1.9309626562366e-23,0.854798980432094,64.4717251143922,515.830520133482,10.5092326639299,0.241649571771513,18470.1139347547,8.49275921640845,1.44986953880174e-42,0.973241965071054,27.6765253881564,504.700771599649,0.979780362795743,24.5350985773695,516.091981712538,TRUE,10.6210914819156,0.209086766626089,26.218256465966,2024-08-22 11:11:12,2024-08-22 11:12:10,18389.8941565194,NA
"43","1-Aug-GWI-TR-3",2024-08-22 11:15:27.5,266.657797076715,0.954694738263798,5.54559953266728e-37,0.956144103760656,2.7550339122271,214.441847404551,0.821367462640575,0.0148329753660366,18461.4621320973,0.521303999519511,6.59918798343953e-48,0.983324390503437,1.69884521743814,159.535192844508,0.994398226918533,1.00413563452547,214.715465784187,TRUE,0.814570082367151,0.0143773246791338,1.79649615830863,2024-08-22 11:14:56,2024-08-22 11:15:54,18463.180257543,NA
"44","1-Aug-GWI-TR-4",2024-08-22 11:19:30.5,221.123474855655,0.92574147266578,4.2476391260228e-36,0.952575187423537,1.80726681532813,247.494013220617,0.501914322539893,0.020143695075633,18518.4324953822,0.707948914421669,1.40927740648878e-30,0.922715851732793,2.30709073508799,191.626161330739,0.974496264210505,1.35156841013973,247.508091312943,TRUE,0.500287861421918,0.0209009666582808,2.73105652243289,2024-08-22 11:18:59,2024-08-22 11:19:57,18517.3260767275,NA
"45","1-Aug-GWI-TR-5",2024-08-22 11:03:53.5,266.157806324284,1.50126635766965,1.11504166385951e-39,0.965454759264379,2.74230883986686,289.085357009734,0.904097109792089,0.0296065723354086,18354.1238399059,1.04052114897,7.00712837872478e-35,0.947181893259105,3.39088972883427,205.350713067813,0.98959654009421,1.5347152917357,289.101213245958,TRUE,0.901379383167457,0.0311776928741586,3.85280340460837,2024-08-22 11:03:22,2024-08-22 11:04:20,18339.5955046127,NA
"46","1-Aug-GWI-UP-1",2024-08-22 11:36:04.5,NA,NA,NA,NA,NA,178.585525980581,0.307547616289583,0.010642440111821,18587.8600574255,0.374027897844581,1.054810730275e-33,0.941382516325902,1.21889627938281,175.99280833025,0.948119362652698,1.16942530387524,178.587820396466,TRUE,0.307120780719198,0.0107797233526758,1.63468377423171,2024-08-22 11:35:33,2024-08-22 11:36:31,18587.3830580138,NA
"47","1-Aug-GWI-UP-2",2024-08-22 11:39:38.5,260.955721011362,-0.587009725987787,3.49673458619786e-29,0.912573555078694,2.61334955060168,170.998014026218,-0.551866136139891,0.00992041793665111,18526.6135424885,0.348652473267281,5.21751151115549e-48,0.983474339615747,1.13620188470457,166.09746279145,0.985985544609588,1.06704043232217,171.018333458039,TRUE,-0.550619229891616,0.0102417996756632,1.18500954638877,2024-08-22 11:39:07,2024-08-22 11:40:05,18528.2207476571,NA
"48","1-Aug-GWI-UP-3",2024-08-22 11:43:19.5,181.954340548215,-0.669456343566688,1.15816947522994e-39,0.965404334500985,1.25751617749312,217.576938814688,-0.41118734534073,0.0152698667320161,18492.9774507144,0.536658519487374,3.30927773333646e-32,0.933086138345063,1.74888310864463,175.311543960171,0.971592886932892,1.16207178245393,219.131398798566,TRUE,-0.394645444090173,0.013673329640692,1.43287188798865,2024-08-22 11:42:48,2024-08-22 11:43:46,18504.2700241953,NA
"49","1-Aug-GWI-UP-4",2024-08-22 11:47:20.5,165.430181732495,-0.157423165916166,3.16062191879372e-17,0.748860722250665,1.07911042071527,150.041236482937,-0.122104463069348,0.00817066919727096,18413.6075526422,0.287157662315078,1.84216777300966e-20,0.811135994378869,0.935800265726582,153.762935880292,0.812106841727758,0.951876749437428,150.134149975481,TRUE,-0.122392278513482,0.00765550174067328,0.910755679868708,2024-08-22 11:46:49,2024-08-22 11:47:47,18413.4874503005,"low r2, but also low flux - checked"
"50","1-Aug-GWI-UP-5",2024-08-22 11:51:35.5,227.76074221515,-1.49637867629536,1.61036405384725e-45,0.979399681175751,1.92181842942306,280.2888429776,-0.81975520233099,0.0272907323730015,18509.7014650118,0.959131097085054,1.57816884982603e-34,0.945508258433727,3.12565274519471,171.616445894762,0.993236616467538,1.12298527162225,280.36764803665,TRUE,-0.815402657232947,0.0277572888572739,3.60033695201631,2024-08-22 11:51:04,2024-08-22 11:52:02,18512.613057419,NA
"51","1-Aug-MSM-TR-1",2024-08-15 12:58:13.5,NA,NA,NA,NA,NA,181.186264977036,0.342126195956136,0.0109018304690043,17815.3709619383,0.383144155864271,1.81961951566073e-35,0.949848505590636,1.24860468628541,174.235546138067,0.959053873160809,1.15055161045743,181.288576067193,TRUE,0.345515133826621,0.0104167524034252,1.07280731222623,2024-08-15 12:57:42,2024-08-15 12:58:40,17818.2579535579,NA
"52","1-Aug-MSM-TR-2",2024-08-15 13:01:52.037736,243.978522051316,-2.5233400816949,5.83885772026844e-50,0.987218756352377,2.32885097908561,316.46913673767,-1.28204044332409,0.0412654306717838,17752.4947644308,1.42906058307304,8.34682087704613e-35,0.94981449684859,4.61470861542759,172.485148174409,0.996924167871516,1.16553013017838,316.758103871008,TRUE,-1.2689553935658,0.0414992085590982,5.14204351397703,2024-08-15 13:01:21,2024-08-15 13:02:19,17765.274430688,NA
"53","1-Aug-MSM-TR-3",2024-08-15 13:05:44.377358,NA,NA,NA,NA,NA,234.314088892747,-0.0426297645056519,0.0185923213609811,17649.0285011845,0.652382915958293,0.0260128751378395,0.093450178043503,2.12591246646834,198.145309740956,0.575146460731564,1.4847598274078,237.406243861943,TRUE,-0.0143669129458979,0.013879259410238,1.57543704734684,2024-08-15 13:05:13,2024-08-15 13:06:11,17657.541560329,"low r2, but also low flux - checked"
"54","1-Aug-MSM-TR-4",2024-08-15 13:09:55.5,NA,NA,NA,NA,NA,230.33787558965,1.21082887418205,0.017185022399677,17672.8048012414,0.603966546677935,2.8181023768573e-53,0.989633966598192,1.96822905686923,220.309707996245,0.992005501955404,1.76271299819061,230.429671671773,TRUE,1.20749776729416,0.0170836905553303,2.08802310502356,2024-08-15 13:09:24,2024-08-15 13:10:22,17679.8278863427,NA
"55","1-Aug-MSM-TR-5",2024-08-15 13:13:52.5,252.885091405376,0.799257931123186,1.48322729995723e-34,0.945638001491371,2.42517745578416,201.047023192161,0.648043562577682,0.0131028087742345,17728.2409844767,0.460497401929746,2.1102891030807e-45,0.979184432864427,1.50068637423097,168.869170172359,0.989348072244804,1.09477933486875,201.121920771772,TRUE,0.651469926692197,0.0137151810189429,1.58724396234186,2024-08-15 13:13:21,2024-08-15 13:14:19,17727.6953960304,NA
"56","1-Aug-MSM-UP-1",2024-08-15 13:21:46.5,288.523058134782,-1.40079287148772,1.82572977831034e-37,0.957977177733047,3.37328103892291,242.698721376279,-1.02670295281117,0.0192688632407392,17913.4286655246,0.677203003828345,4.72251928401004e-47,0.982013633951374,2.20689479717961,185.77447497333,0.994179493741776,1.28028591272105,242.885668675784,TRUE,-1.02914774213924,0.0191633453660619,2.13896792770761,2024-08-15 13:21:15,2024-08-15 13:22:13,17917.1438160026,NA
"57","1-Aug-MSM-UP-2",2024-08-15 13:26:16.5,317.063474317803,-2.70408910208313,8.73516397628851e-44,0.975981189410632,4.39360021524117,366.204495942906,-1.73085505080055,0.0604648664352226,17825.8086458907,2.12503398173693,1.67749738799323e-33,0.940328398712374,6.9251412229616,283.982124389644,0.987912817029229,3.17851310210721,366.562587508419,TRUE,-1.72297757008979,0.0613410546404286,5.61814169089193,2024-08-15 13:25:45,2024-08-15 13:26:43,17827.4553066435,NA
"58","1-Aug-MSM-UP-3",2024-08-15 13:29:47.5,345.714439537696,-4.13114496926618,3.25763480484983e-44,0.976874925815393,5.72839679758366,364.330867503941,-2.33271020308084,0.0594249436387695,17626.0694207952,2.08848595953608,2.55700435181326e-40,0.967355833978367,6.80603714399815,235.604028336206,0.997205196700207,2.03087792648043,364.371537102516,TRUE,-2.32199697949669,0.0615684399424614,8.45802175317269,2024-08-15 13:29:16,2024-08-15 13:30:14,17638.7418395953,NA
"59","1-Aug-MSM-UP-4",2024-08-15 13:33:33.634615,283.025656807231,-1.47182084458979,1.43126066605746e-37,0.963364182036191,3.54089691864655,240.376003713176,-1.13407780130312,0.0205372105502921,17587.9780858383,0.726820199863947,1.76308604836606e-46,0.983867421152255,2.3496990207828,167.489189156359,0.996322444847381,1.14499692010224,240.596709032006,TRUE,-1.12949572148636,0.0219042972545266,2.48543157519937,2024-08-15 13:33:02,2024-08-15 13:34:00,17589.2179735002,NA
"60","1-Aug-MSM-UP-5",2024-08-15 13:37:53.5,146.131659249208,-0.639714065434508,2.91762061005912e-41,0.96996902339352,0.902530309148784,209.100059639296,-0.311706485338933,0.0141171697559362,17689.4765718588,0.496147055736115,4.43406063691781e-28,0.90361882608558,1.6168628162458,150.1996305422,0.969931198772511,0.920983382853433,210.856900640862,TRUE,-0.296366022303101,0.0124019780687529,1.27108246471447,2024-08-15 13:37:22,2024-08-15 13:38:20,17691.5459366141,NA
"61","1-Aug-SWH-SWAMP-1a",2024-08-20 11:21:54.5,828.656686754635,393.122436550914,3.99628299573092e-08,0.442981981861741,501.259120923405,841.529177655376,22.8910494126699,4.93060479791933,73393.596579862,173.285799900322,2.37152182016818e-05,0.293037906079068,564.710327720376,824.483168905197,0.521222420430981,473.926767379585,846.278627037315,TRUE,13.4484257749855,0.263507338257887,26.5948524899724,2024-08-20 11:21:23,2024-08-20 11:22:21,59870.6189495438,NA
"62","1-Aug-SWH-SWAMP-2",2024-08-20 11:14:09.5,NA,NA,NA,NA,NA,567.618438846848,16.2579313767588,3.80526388468665,578619.742789509,103.058742354765,0.000124802293531478,0.324493978259027,277.810325810788,545.907570877979,0.6447966747743,206.972588253203,567.791323794241,TRUE,15.6914903753288,3.98713098853014,300.390766774793,2024-08-20 11:13:45,2024-08-20 11:14:29,577972.416989559,NA
"63","1-Aug-SWH-SWAMP-3",2024-08-20 11:27:32.5,581.828452896907,26.9738165930722,1.731068981273e-34,0.945314310534273,50.9923981135573,571.357619987764,13.4163943006645,0.404086288137074,20726.2844852441,14.2015875411742,1.11351475989954e-36,0.954953389458328,46.2806713483694,554.869039194936,0.969176432353777,39.041519547103,576.157146749159,TRUE,12.6332189058627,0.145982535058742,13.7174827299166,2024-08-20 11:27:01,2024-08-20 11:27:59,20546.7130459172,NA
"64","1-Aug-SWH-SWAMP-4",2024-08-20 11:37:38.5,561.355114295861,21.8876837877075,3.4707832854764e-39,0.963913714806402,42.1868522739152,532.543088278772,13.8336529626954,0.282092386089668,19769.8585136078,9.91411941795998,3.25452200566339e-45,0.978834831308074,32.3085078453951,480.135221956206,0.992553331678621,19.5435614455708,535.909134056263,TRUE,13.3992768887331,0.210126648399134,20.9402300954548,2024-08-20 11:37:07,2024-08-20 11:38:05,19725.2622363109,NA
"65","1-Aug-SWH-SWAMP-5",2024-08-20 11:32:30,659.821282706944,81.2007588726483,1.17869615153761e-47,0.981580665576179,94.0110139818584,696.289919746445,42.0623549539077,1.11244897968513,21192.8620842845,39.7379481924465,5.08420571334394e-40,0.964252975860497,130.966951064375,603.99403062509,0.99379327937246,55.6321335580869,708.293220372862,TRUE,38.6839568810996,0.452831746573573,54.601757074411,2024-08-20 11:31:58,2024-08-20 11:32:57,20726.3083360025,NA
"66","1-Aug-SWH-TR-1",2024-08-20 10:08:44.5,NA,NA,NA,NA,NA,616.323839948436,130.630163935495,1.48549810907377,35148.0656991126,47.0733388947005,6.6334440966967e-53,0.994086572153461,142.576867235021,515.740312899733,0.99933075014218,49.0428994793194,617.599360782701,TRUE,132.011948413229,1.39904966733599,131.678245758941,2024-08-20 10:08:16,2024-08-20 10:09:08,36106.7030866675,NA
"67","1-Aug-SWH-TR-10a",2024-08-20 11:00:18.5,NA,NA,NA,NA,NA,788.047946269737,283.795135668084,3.00496244585386,32664.3409635003,105.609218836592,7.67161059616122e-60,0.994203752192069,344.163322175334,750.583610936921,0.997310506954806,239.079861388791,789.524330522119,TRUE,286.792374807298,2.81111700641838,273.479461686537,2024-08-20 10:59:47,2024-08-20 11:00:45,35917.5821691216,NA
"68","1-Aug-SWH-TR-2c",2024-08-20 09:57:21,894.899507938378,726.459235256393,6.79567008539193e-32,0.948347653504395,2148.01826150412,812.393395298929,651.382829139186,9.34959490158981,36839.2522652285,301.660300241201,4.35004587069478e-49,0.990409841579508,925.562673876585,767.568299577537,0.996459362190206,574.746539165677,812.629065330205,TRUE,652.178000281934,8.74637734115092,930.413606051989,2024-08-20 09:56:52,2024-08-20 09:57:45,37296.3872749766,NA
"69","1-Aug-SWH-TR-3a",2024-08-20 10:33:40.5,834.760245470181,234.380481171796,2.02805531404379e-34,0.94498062125835,530.403271777638,837.736191124162,138.171491938002,4.76044624088219,34887.1396462667,167.305587963947,8.51243176198609e-34,0.941863391003529,545.221786568301,767.402301241842,0.98532358105581,279.366980028084,842.408059835827,TRUE,129.273969148695,3.37851430955575,361.782603479477,2024-08-20 10:33:09,2024-08-20 10:34:07,31191.0903351667,NA
"70","1-Aug-SWH-TR-4",2024-08-20 10:52:33,793.799001271251,55.8398343804987,1.34785493046631e-26,0.885419040600821,317.790132780605,652.654853889793,57.7990395593492,0.748174870807319,29507.3456148523,26.7256609498143,3.72848743155908e-56,0.991197599952148,88.0815061921776,644.275002930981,0.992971760710561,80.2343424511717,656.639764319064,TRUE,59.0801054293721,0.501074950021308,45.2374798093531,2024-08-20 10:52:01,2024-08-20 10:53:00,27666.3138933451,NA
"71","1-Aug-SWH-TR-5",2024-08-20 10:38:26.5,NA,NA,NA,NA,NA,445.692614224998,44.147911989031,0.25116166631342,20630.2109667638,7.95895879201162,1.06921953206378e-66,0.99851338641069,24.1062868634838,428.572116549585,0.999042576631252,19.7804360183868,445.878742408671,TRUE,44.0684257136349,0.276633117426397,19.5042475717743,2024-08-20 10:37:58,2024-08-20 10:38:50,20657.4242752005,NA
"72","1-Aug-SWH-TR-6a",2024-08-20 10:17:58.5,626.47075407336,27.8784721262863,5.36802028311501e-35,0.947719902260987,77.0944432155037,528.219922324446,21.1389195149323,0.271023440416431,23616.4695907987,9.52510200860496,1.49851320335492e-55,0.991524701184747,31.0407631781911,477.170490630551,0.996942119616475,19.0143637118302,528.82842849493,TRUE,20.9580313500111,0.241758741301056,32.6274026152495,2024-08-20 10:17:27,2024-08-20 10:18:25,23458.3102011993,NA
"73","1-Aug-SWH-TR-7a",2024-08-20 10:03:57.5,NA,NA,NA,NA,NA,756.241449951892,224.563763403954,6.38036462641919,24202.9520333245,202.184751698176,6.55059511157578e-35,0.964195741654062,612.382065446855,735.674815401905,0.978538471760041,484.772551872059,756.24915845438,TRUE,224.125309949506,7.17062591881816,695.235203089535,2024-08-20 10:03:29,2024-08-20 10:04:21,25585.3440710185,NA
"74","1-Aug-SWH-TR-8a",2024-08-20 10:25:42,NA,NA,NA,NA,NA,513.782839554808,9.62809123745916,0.801340578415467,44023.633694805,24.0090338831229,2.47455246210058e-15,0.770494997948315,69.8132768508229,497.153783387541,0.854888653545842,56.8505840542556,514.191657126136,TRUE,9.74514447018481,0.714554370610201,60.4704740041343,2024-08-20 10:25:15,2024-08-20 10:26:04,43817.5225061994,NA
"75","1-Aug-SWH-TR-9a",2024-08-20 10:48:14.5,1063.73829391114,1232.36415002188,3.75769555226996e-31,0.926541204990517,4419.60110188414,895.637628783499,1025.00696037434,8.13736025730144,47427.0744174929,285.987021685173,2.56463672962047e-66,0.99673340108411,931.985337705147,875.101737270417,0.997926203479286,757.287718409626,896.349654957284,TRUE,1020.73083138924,7.83247759231824,812.485875009738,2024-08-20 10:47:43,2024-08-20 10:48:41,44427.7816440352,NA
"76","1-Aug-SWH-UP-1a",2024-08-21 13:00:08,161.156710939037,-0.0802596078259778,1.71028168067543e-05,0.339831818122019,1.28840797799383,154.690206458209,-0.0745436112770458,0.0129335968026175,18350.1814421697,0.402399096187594,6.99725941123133e-07,0.424689772227174,1.20275496516671,156.477403347198,0.451148175357378,1.20178200349261,154.837401143861,TRUE,-0.0736524985636172,0.0126724671566115,1.33987669358073,2024-08-21 12:59:40,2024-08-21 13:00:31,18349.5438058009,"low r2, but also low flux - checked"
"77","1-Aug-SWH-UP-2a",2024-08-21 13:05:00.5,NA,NA,NA,NA,NA,197.398491005954,-0.528609151592748,0.012667553883551,18179.5473855334,0.445200395784687,1.17179632579216e-41,0.971003842016075,1.45083591124851,159.6787516227,0.986609097325074,1.00547126725227,197.447860309432,TRUE,-0.529337324163351,0.0136373287293642,1.49302617930085,2024-08-21 13:04:29,2024-08-21 13:05:27,18177.0086294915,NA
"78","1-Aug-SWH-UP-3a",2024-08-21 13:13:00.5,238.580761391024,1.35819348715597,4.41160418357264e-44,0.97660376025162,2.12433157344734,266.668048696006,0.857049873397671,0.0240570647369205,18105.4290798008,0.845484048518811,3.32065540043586e-38,0.960641566778412,2.75529543907261,171.308800516445,0.993749107912078,1.1197909231761,266.819645949588,TRUE,0.849389577974731,0.0267465772623009,2.7976526088677,2024-08-21 13:12:29,2024-08-21 13:13:27,18098.2710875066,NA
"79","1-Aug-SWH-UP-4a",2024-08-21 13:17:31.5,561.644411492738,41.1468619106186,4.50562694815082e-33,0.938020001593789,42.3000087435933,634.729575022523,9.32663347246251,0.726621566751764,18697.7701445897,25.5370699092613,9.5479056931433e-18,0.760095559156882,83.2211706081652,537.422352880516,0.963248427582881,33.2176809139357,647.313776995939,TRUE,7.04890801383395,0.277937132871618,31.8026398807301,2024-08-21 13:17:00,2024-08-21 13:17:58,18350.001801969,NA
"80","1-Aug-SWH-UP-5a",2024-08-21 13:24:05,280.304209221711,12.5237821218355,8.11479650828713e-16,0.935821177586658,49.2132928657074,196.947558076694,12.4265005940081,0.129516469939541,18799.7742036018,4.46033361520431,1.5425058056907e-32,0.997399644300196,9.90610511330058,189.522411822185,0.99832431918202,8.30570462247863,197.704057537965,TRUE,12.3377076230643,0.11029369476829,7.33681518874664,2024-08-21 13:23:34,2024-08-21 13:24:30,18816.935285353,NA
"81","1-Aug-Test2",2024-08-13 16:39:07.5,NA,NA,NA,NA,NA,301.880857418084,-0.057504286562021,0.0333305112312852,18018.5120523067,1.17139875056245,0.0904171652262384,0.0541425651243838,3.81739861374603,208.963170962065,0.842831279184525,1.58691768254248,302.283908013816,TRUE,-0.039481370661668,0.0356900061063799,3.86678818079236,2024-08-13 16:38:36,2024-08-13 16:39:34,18012.1495972827,"low r2, but also low flux - checked"
"82","1-Jul-GCW-TR-1b",2024-07-16 10:51:32.5,NA,NA,NA,NA,NA,263.868180797125,-0.280882134955567,0.0234414073328202,18483.5963632311,0.823846807225593,1.40605128281299e-16,0.734118266291901,2.68478317766004,178.140867944381,0.949527194054458,1.19291736687938,264.036099342124,TRUE,-0.289779759263487,0.0237471340845266,2.91608271603593,2024-07-16 10:51:01,2024-07-16 10:51:59,18496.978686396,"low r2, but also low flux - checked"
"83","1-Jul-GCW-TR-2",2024-07-16 10:56:18.5,545.232461611227,18.4914832694736,3.52053872399938e-38,0.960553050870554,36.3365744218499,487.909053313716,11.4401025090666,0.186597991745305,18666.3782197446,6.55797484986508,3.58488138090354e-50,0.98635446842251,21.3713768166782,428.437483289207,0.995787683785256,12.1091713575834,493.346236583013,TRUE,11.0657685527963,0.0888469604901081,10.7719705835069,2024-07-16 10:55:47,2024-07-16 10:56:45,18547.2443242025,NA
"84","1-Jul-GCW-TR-3",2024-07-16 11:00:10.5,322.840516962665,-1.63532338163689,9.24978204949169e-36,0.951135567288445,4.63501817926569,239.486043072751,-1.313265882886,0.0187041134118219,18370.7189915701,0.657354906108404,3.37320066973334e-53,0.989562047775969,2.14221306460544,157.154783759138,0.997889929431394,0.982245778272107,240.149393286175,TRUE,-1.2995860780935,0.0188435296177401,2.09688529359184,2024-07-16 10:59:39,2024-07-16 11:00:37,18382.0515019353,NA
"85","1-Jul-GCW-TR-4",2024-07-16 11:04:02.5,232.176782041965,-0.779302554332865,2.96865408260504e-35,0.9488963472695,2.00202885552494,215.33773166752,-0.547066930765246,0.0149565299771703,18495.5943829665,0.525646318666789,8.88062724050068e-39,0.962586870069635,1.71299613153576,188.964372819495,0.978681993265562,1.31866454147547,216.913424378185,TRUE,-0.531414489508522,0.0139629459498928,1.61449513320598,2024-07-16 11:03:31,2024-07-16 11:04:29,18518.6947687486,NA
"86","1-Jul-GCW-TR-5",2024-07-16 11:08:38.5,201.303020016203,-0.856805628714029,4.06068861233248e-25,0.874787450265928,1.50424773176532,225.254750289408,-0.24012636690845,0.0163949316075085,18350.7774848683,0.576198854776817,4.30842154616457e-20,0.804890048842363,1.87773865083169,203.169872693027,0.87963726645299,1.50403563646679,228.294976952187,TRUE,-0.216188111798359,0.0113330743258457,1.25150516198123,2024-07-16 11:08:07,2024-07-16 11:09:05,18358.597098779,"low r2, but also low flux - checked"
"87","1-Jul-GCW-UP-1",2024-07-16 11:13:47.5,428.879764137283,-4.45241288355216,1.11974563262772e-36,0.954943729008595,12.3726080691169,335.61934811093,-3.65521650356781,0.045552552662077,18195.5360828952,1.60094163881896,3.46715010501368e-56,0.991988584726217,5.21720924645117,221.115481990312,0.999107428454428,1.77591355385684,340.249286116211,TRUE,-3.57199372138368,0.0352655394634413,4.25620718254052,2024-07-16 11:13:16,2024-07-16 11:14:14,18206.8377488018,NA
"88","1-Jul-GCW-UP-2",2024-07-16 11:21:07.5,416.416150849981,-3.23756496578817,6.07697302305329e-33,0.937303569240514,11.0240712309538,268.304000579097,-2.76642151016421,0.0244242479697932,17858.8620887436,0.858388680470896,6.3103780542846e-64,0.995963060228148,2.79734954242652,210.43306570861,0.998716322674489,1.60866349494671,268.564240463184,TRUE,-2.77031844688841,0.0257845920739133,2.834323371765,2024-07-16 11:20:36,2024-07-16 11:21:34,17854.8837044113,NA
"89","1-Jul-GCW-UP-3",2024-07-16 11:24:31.5,332.850407205657,-1.27434446894185,1.12398635194269e-31,0.929868596292239,5.08514879231704,187.284190705017,-1.20612742180195,0.0115350818031128,17790.8782450022,0.405399734736713,3.96260784531087e-62,0.995266333777295,1.32113200962,174.086047567536,0.99655743831532,1.14896006576473,187.380267875248,TRUE,-1.20530337110957,0.0118785590122008,1.0428631196721,2024-07-16 11:24:00,2024-07-16 11:24:58,17785.1447119696,NA
"90","1-Jul-GCW-UP-4",2024-07-16 11:28:02.5,374.526720248755,-4.71975139446467,2.62260628442632e-42,0.97262530530405,7.47987497694458,365.040082725845,-2.81352675809152,0.0598164599099642,17743.5241030453,2.10224577461122,2.71698305784105e-44,0.977035706277924,6.85087815050257,290.979811987797,0.994589291780931,3.39127824307609,370.783465930101,TRUE,-2.69033098664933,0.035783634501369,4.18139622104369,2024-07-16 11:27:31,2024-07-16 11:28:29,17774.9732692112,NA
"91","1-Jul-GCW-UP-5",2024-07-16 11:17:30.5,472.388086000931,-5.80916822492859,1.60935371605418e-35,0.950084577080509,18.5105313911095,402.692332625108,-5.18054320166668,0.084767550971105,18006.3289977065,2.97915032286058,4.21824224485362e-50,0.986268836852037,9.70856790411326,339.15365985526,0.996068772297505,5.2976379960409,402.936277902822,TRUE,-5.14647493582375,0.0888791486760492,10.307675558981,2024-07-16 11:16:59,2024-07-16 11:17:57,18013.2764996344,NA
"92","1-Jul-GWI-TR-1a",2024-07-25 10:31:22.5,281.007914570491,0.998957928280662,3.00352891005522e-32,0.93333483667764,3.14653299487009,189.04243650694,0.762616771932829,0.0117244105137153,17772.9308439024,0.412053680531496,1.71932767602536e-51,0.987858636197802,1.34281614018677,174.708732812033,0.991353928227145,1.1556036483784,189.193570524197,TRUE,0.758431732067079,0.0110606334101682,1.26007696841225,2024-07-25 10:30:51,2024-07-25 10:31:49,17770.4805494129,NA
"93","1-Jul-GWI-TR-2",2024-07-25 10:36:03.5,NA,NA,NA,NA,NA,187.396407866559,1.35032810297829,0.0115470735333031,17787.8221858016,0.405821183350701,1.20662559216508e-64,0.996211909697149,1.32250544232516,187.031206959168,0.996506077745257,1.29527085740401,187.49511126681,TRUE,1.34755561252251,0.011990578778723,1.24519375670673,2024-07-25 10:35:32,2024-07-25 10:36:30,17789.24729599,NA
"94","1-Jul-GWI-TR-3",2024-07-25 10:40:33.5,NA,NA,NA,NA,NA,262.307257060042,1.65435273375859,0.0231050453046695,17794.2891167085,0.812025384602394,1.2307999969012e-53,0.989958976955499,2.64625907789245,235.815203701441,0.994291185686977,2.03485284271459,262.48594334207,TRUE,1.64593398523185,0.0237995648022619,2.57622267968447,2024-07-25 10:40:02,2024-07-25 10:41:00,17790.1568899366,NA
"95","1-Jul-GWI-TR-4",2024-07-25 10:45:36.5,NA,NA,NA,NA,NA,190.842230969476,1.16640523796931,0.0119214321423998,17798.4901501653,0.418977993455271,1.23255442580667e-60,0.994597328378193,1.36538135339335,184.739823752168,0.995519153583355,1.26807920478028,190.991290684577,TRUE,1.16308195772689,0.0121960600819588,1.37465651017062,2024-07-25 10:45:05,2024-07-25 10:46:03,17797.3466701425,NA
"96","1-Jul-GWI-TR-5",2024-07-25 10:50:05.5,314.569271065417,0.953325932372972,1.78425903425544e-28,0.906928656806261,4.29329503273761,189.879976295538,0.881945125253698,0.0118156867604112,17773.1747523577,0.415261578562031,1.44505537615301e-54,0.990752943211026,1.35327015978422,177.30423051149,0.993197113137753,1.18371196355353,190.122601230585,TRUE,0.877864555567231,0.0116504486732362,1.38826700040214,2024-07-25 10:49:34,2024-07-25 10:50:32,17773.47400743,NA
"97","1-Jul-GWI-UP-1",2024-07-25 10:18:16.5,NA,NA,NA,NA,NA,244.966166123629,1.62413245222035,0.0196776868836912,17815.8831907098,0.691571085410747,8.0909234879499e-57,0.992424591380226,2.2537180456153,222.436651672186,0.995365075135194,1.79777182187749,245.046543398653,TRUE,1.62574564036883,0.0193364869611888,2.48928399619991,2024-07-25 10:17:45,2024-07-25 10:18:43,17825.8583034332,NA
"98","1-Jul-GWI-UP-2a",2024-07-25 10:00:14.5,359.241495749704,1.41071638266352,3.6967083793993e-30,0.919800167966906,6.49275033294779,157.266836069585,1.4421291166447,0.00873601830615048,17740.0656700768,0.307026821692132,2.07442759143084e-72,0.998095442029898,1.00055063482664,157.220091869202,0.998232952212235,0.982839926557219,157.303845303639,TRUE,1.44056799879139,0.00898748632833742,1.06695669902629,2024-07-25 09:59:43,2024-07-25 10:00:41,17744.520323891,NA
"99","1-Jul-GWI-UP-3",2024-07-25 10:04:07.5,NA,NA,NA,NA,NA,194.818521704341,1.30593664961917,0.0123685295541078,17812.4971525615,0.434691204267437,2.39306331790658e-62,0.995357261158889,1.41658815990826,194.791481204137,0.995690897544257,1.39176708057039,195.917402921024,TRUE,1.31789299778104,0.012355220986751,1.15593401436955,2024-07-25 10:03:36,2024-07-25 10:04:34,17816.9993008655,NA
"100","1-Jul-GWI-UP-4",2024-07-25 10:08:32.5,NA,NA,NA,NA,NA,189.015352696661,1.05462662019347,0.0117214706813321,17865.5460314445,0.41195036030467,9.39533079885734e-59,0.993617521836315,1.34247943631845,189.860225008761,0.993979753782919,1.3296482600762,189.072021334465,TRUE,1.05189019117374,0.0131199692806849,1.24042441919078,2024-07-25 10:08:01,2024-07-25 10:08:59,17872.6935805644,NA
"101","1-Jul-GWI-UP-5",2024-07-25 10:13:51.5,326.525934111309,1.06757708129712,2.90073190538304e-30,0.92054346111477,4.79591423329626,209.491576473406,1.06634654908255,0.0141684395711522,17824.7836495019,0.497948930212893,9.4339090244332e-55,0.9909033403722,1.6227348330347,208.342713525902,0.991730633049329,1.57782701596325,209.791559853181,TRUE,1.05884342584443,0.0139280482955396,1.81076515265188,2024-07-25 10:13:20,2024-07-25 10:14:18,17828.580301083,NA
"102","1-Jul-MSM-TR-1",2024-07-18 13:56:59.5,181.977862758345,-0.409247467300271,4.60915391595908e-27,0.894556476899395,1.25779009213378,184.33268104625,-0.230056422265161,0.011224110527698,17721.0587631766,0.394470668544059,1.43589204523259e-26,0.889856591581785,1.28551595478527,173.138752975549,0.916869289759155,1.1389263226727,184.398216536522,TRUE,-0.232112763486731,0.0112747323442142,1.43448139409318,2024-07-18 13:56:28,2024-07-18 13:57:26,17721.759530309,"low r2, but also low flux - checked"
"103","1-Jul-MSM-TR-2",2024-07-18 13:53:01.5,178.004014297074,-0.387453231215174,7.98547020920226e-29,0.909757356645212,1.212350931037,186.542761207934,-0.240292175360668,0.0114561636521561,17702.8371168374,0.402626161214666,4.91318829081022e-27,0.894297660861239,1.31209338318037,168.319634224474,0.929958520276614,1.08922292208641,186.775297496189,TRUE,-0.244566332176141,0.0111149336387796,1.13742562006798,2024-07-18 13:52:30,2024-07-18 13:53:28,17704.7804906549,"low r2, but also low flux - checked"
"104","1-Jul-MSM-TR-3",2024-07-18 13:48:24.3,113.547771326433,-0.447207122669538,2.59603633285423e-17,0.925328900920949,1.50383837749211,79.8050925038101,-0.32184475283704,0.00958818327569866,17683.4323428338,0.36419533352695,3.67228837826375e-24,0.975751926684084,0.856965838935438,80.4468796318017,0.97831985782863,0.840907636490576,79.8440299183438,TRUE,-0.322358289249384,0.0108222574966138,0.811924314509093,2024-07-18 13:47:50,2024-07-18 13:48:48,17686.6873161389,NA
"105","1-Jul-MSM-TR-4",2024-07-18 13:44:11.5,NA,NA,NA,NA,NA,158.204289952524,0.208926270261895,0.0165783588783684,18110.8610239097,0.48716121808579,7.33554635534652e-16,0.79085666071786,1.39642539009227,156.238595748718,0.817374813443783,1.33712098123752,158.25707546445,TRUE,0.212477307974891,0.0155911062407429,1.20927542912475,2024-07-18 13:43:45,2024-07-18 13:44:33,18107.6959100545,"low r2, but also low flux - checked"
"106","1-Jul-MSM-TR-5",2024-07-18 13:39:18.5,188.418072154003,0.580861637505655,2.64461103734236e-28,0.905511994605308,1.33507551318351,189.403703182373,0.259969831030563,0.0117636950595504,17731.0224341299,0.413434333459029,4.25463949209568e-28,0.903771523646935,1.3473154642377,172.567351750427,0.93457745224086,1.13291645822742,189.422589318896,TRUE,0.258552493634041,0.0115125018165366,1.15329623498995,2024-07-18 13:38:47,2024-07-18 13:39:45,17729.2912668545,NA
"107","1-Jul-MSM-UP-1",2024-07-18 14:39:25.5,NA,NA,NA,NA,NA,181.326167477878,-0.175657346604154,0.0109159617804475,17890.1806568621,0.383640799928728,7.69622593645519e-22,0.832768203649478,1.2502231687725,181.791348360326,0.843364533086432,1.23392805353763,181.474874186672,TRUE,-0.17703190763916,0.0103192219182235,1.21439799539977,2024-07-18 14:38:54,2024-07-18 14:39:52,17888.4394287067,"low r2, but also low flux - checked"
"108","1-Jul-MSM-UP-2",2024-07-18 14:35:29.5,195.259696023736,-0.398904409353604,8.03395334153982e-20,0.80017918335717,1.42238668329981,178.380577920662,-0.185121297361145,0.0106222634524118,17855.4649371922,0.373318790400701,2.30120957562536e-23,0.853819115905319,1.21658541318804,180.268872597657,0.859425284142187,1.21665540476617,178.416704833959,TRUE,-0.183499344477119,0.0106828890718551,1.07731577126873,2024-07-18 14:34:58,2024-07-18 14:35:56,17855.0842165056,"low r2, but also low flux - checked"
"109","1-Jul-MSM-UP-3",2024-07-18 14:31:04.5,188.001018438327,-0.409156550950917,3.92052099815794e-31,0.926421435743117,1.3299299157979,168.440181909901,-0.300685275646408,0.00968822683906356,17843.5486485931,0.340492131539594,3.14850726410007e-35,0.948780720017878,1.1096086540186,145.66187379096,0.9688061353851,0.883088769598795,168.742750434094,TRUE,-0.295712317004924,0.0107814705765651,0.875406233666424,2024-07-18 14:30:33,2024-07-18 14:31:31,17843.7417355057,NA
"110","1-Jul-MSM-UP-4",2024-07-18 14:26:38.5,205.004370160419,-0.408641054015921,1.47631113734927e-30,0.922577813312378,1.55669453874482,174.046783979595,-0.34447476874961,0.010204455131618,17790.4444414449,0.358634942872642,4.87861605880707e-37,0.956359537619211,1.16873313472936,167.369974679876,0.964188607626191,1.07968721402696,174.12486361595,TRUE,-0.347255281106391,0.0106588562866805,1.27699086087702,2024-07-18 14:26:07,2024-07-18 14:27:05,17789.7343210435,NA
"111","1-Jul-MSM-UP-5a",2024-07-18 14:22:50.5,173.718225125236,0.299638798309333,1.11307959780987e-15,0.712255409622337,1.16518300407512,180.973287277791,0.112018230451404,0.0108803530716358,17757.5742420101,0.38238933406546,3.76634219614024e-14,0.670878741239806,1.24614484441942,176.36340471544,0.719384899615653,1.17344501878533,181.134640876806,TRUE,0.113061769083017,0.0118620459569933,1.19090469526273,2024-07-18 14:22:19,2024-07-18 14:23:17,17756.7492839574,"low r2, but also low flux - checked"
"112","1-Jul-SWH-SWAMP-1a",2024-07-23 14:59:38.5,NA,NA,NA,NA,NA,1085.41415610596,1493.54283441121,47.1651797180543,48476.494138363,1657.61731671021,1.1657869231151e-35,0.950699186230818,5401.90609209088,928.07446642319,0.997515258683296,1236.73669409352,1085.85394066332,TRUE,1517.58121113158,46.401411212178,6033.35607662716,2024-07-23 14:59:07,2024-07-23 15:00:05,69561.7603624849,NA
"113","1-Jul-SWH-SWAMP-2a",2024-07-23 15:37:09.5,NA,NA,NA,NA,NA,1050.98943987023,875.655531839047,34.2918778910809,70571.7049132173,1205.18592221136,4.32705607450867e-31,0.926142106155073,3927.50552836668,928.669211600891,0.992880201624,1243.56606621391,1050.98943987023,TRUE,875.655531839047,34.2918778910809,5531.85209839352,2024-07-23 15:36:38,2024-07-23 15:37:36,82443.5814983271,NA
"114","1-Jul-SWH-SWAMP-3",2024-07-23 15:53:57.625,NA,NA,NA,NA,NA,532.046527518329,60.0114670244366,1.67241966236472,22605.0547461463,56.9881754608999,6.38695433943806e-31,0.971333542643484,178.090118871606,439.524715206134,0.997433142473921,54.751275471092,532.051329357143,TRUE,59.9144833650341,1.74613909603708,237.571578480501,2024-07-23 15:53:28,2024-07-23 15:54:26,22895.7912578529,NA
"115","1-Jul-SWH-SWAMP-4a",2024-07-23 16:01:51.5,NA,NA,NA,NA,NA,436.311046199726,14.4355062875176,0.115722744999699,20583.5060616429,4.06706869761618,4.24886161620756e-66,0.996669358697114,13.2539175074544,407.804832584579,0.998175697084239,10.003350299662,436.331183425717,TRUE,14.4461168734451,0.116344236406653,15.608873885066,2024-07-23 16:01:20,2024-07-23 16:02:18,20554.6064465356,NA
"116","1-Jul-SWH-SWAMP-5",2024-07-23 16:05:59.5,NA,NA,NA,NA,NA,714.315100094171,76.8022042600372,1.51824267633018,23132.6054897831,53.3585447208633,6.68804382376987e-46,0.980084020416398,173.88684643135,509.792196197172,0.999581053835794,25.7194498123421,715.576757727438,TRUE,75.3698253812768,1.36982787837977,185.741858530236,2024-07-23 16:05:28,2024-07-23 16:06:26,23456.1029641618,NA
"117","1-Jul-SWH-TR-10a",2024-07-24 14:32:27.5,2007.73235053075,306.973021155221,3.46896468633343e-72,0.944565522745825,1586.74354251743,1885.32564315643,201.058689267242,2.63995457913584,36582.2235892874,184.138803176421,2.6191512017384e-98,0.981056541270705,927.569370779963,1571.80169414691,0.998830985731882,232.508768562897,1887.03444533494,TRUE,198.202484063974,2.67918688233799,989.988753691204,2024-07-24 14:31:26,2024-07-24 14:33:24,34566.9089534406,NA
"118","1-Jul-SWH-TR-1b",2024-07-24 13:56:53.5,893.234462758073,427.498135246065,3.51564791061241e-33,0.938607917834746,911.476256732007,873.83452215596,226.595996742404,6.64978961804909,38688.9592036057,233.706443805588,3.05707356327328e-37,0.957136411502122,761.611410442939,864.794873805674,0.966332002970294,688.358196856569,876.477856746024,TRUE,217.226717006916,3.30620142237847,396.27687043205,2024-07-24 13:56:22,2024-07-24 13:57:20,32536.6312588221,NA
"119","1-Jul-SWH-TR-2c",2024-07-24 13:30:00.5,NA,NA,NA,NA,NA,1042.29125079588,3169.93428793716,31.6383420861747,50151.1097589036,1111.92757088063,3.60726217711917e-61,0.994846688222781,3623.59168099472,1031.88677864091,0.996053259346857,3233.94037940461,1042.39567367466,TRUE,3162.90373227491,30.9032002836669,3775.17822228688,2024-07-24 13:29:29,2024-07-24 13:30:27,52520.30404084,NA
"120","1-Jul-SWH-TR-3",2024-07-24 14:07:35.5,820.484454807504,131.510510939944,3.56675840971709e-29,0.912506976004856,464.728963048867,700.786120877402,98.448436721901,1.33948499224932,41220.074819014,47.0761169977264,3.20385139466383e-54,0.990465438486997,153.413433027292,702.582524031221,0.990846686893497,153.291775663794,700.841695916309,TRUE,98.1516356575516,0.911634375740757,97.5477146276683,2024-07-24 14:07:04,2024-07-24 14:08:02,39202.9118267919,NA
"121","1-Jul-SWH-TR-4",2024-07-24 14:19:32.5,NA,NA,NA,NA,NA,914.817137336228,511.366111304363,9.71871955587645,28183.9562747304,341.56379618128,8.9808307550527e-47,0.98156360501092,1113.10103534102,902.35408566315,0.986408353552416,974.651350266997,914.913226161162,TRUE,514.276936573965,6.46612552096199,506.606375682451,2024-07-24 14:19:01,2024-07-24 14:19:59,28565.0061853337,NA
"122","1-Jul-SWH-TR-5",2024-07-24 14:15:13.5,582.042516681707,36.1535502478808,8.48758816265775e-32,0.951119280492357,99.7616814424396,473.432518803408,31.804566789343,0.335309558392475,49558.3842732134,10.6254867511632,2.07848613749912e-54,0.994913068777498,32.1827312317254,371.288860346875,0.999442699937547,10.8916101724052,473.946314747902,TRUE,31.6050052896046,0.328656097979938,35.9566133197305,2024-07-24 14:14:45,2024-07-24 14:15:37,49611.4213868477,NA
"123","1-Jul-SWH-TR-7b",2024-07-24 15:51:35,NA,NA,NA,NA,NA,3327.3196894505,29742.6705162018,1281.06488378233,1274627.41107784,90094.4799170976,8.08298385203213e-45,0.826696651189952,456048.303008141,3324.37061749222,0.836858681863324,446444.09437626,3328.99338816769,TRUE,31124.8856994143,1228.28565406909,350709.170624564,2024-07-24 15:50:33,2024-07-24 15:52:32,804867.216441498,"significant ebulition, flux compromised"
"124","1-Jul-SWH-TR-8b",2024-07-24 15:27:11.5,NA,NA,NA,NA,NA,1522.91784387018,93.1419449376371,0.538619346393958,40858.634745428,37.5691016036782,7.97543597897854e-138,0.996268634663353,189.248259107587,1434.18593844922,0.998345768679827,127.147783900356,1540.14281064426,TRUE,95.1080441846214,0.291901623433409,88.1281327430342,2024-07-24 15:26:10,2024-07-24 15:28:08,46447.8187458744,NA
"125","1-Jul-SWH-TR-9d",2024-07-24 15:01:58.5,2738.65379924219,6022.89649975,9.8197325784052e-56,0.891021228875494,39153.1021658229,2696.14164032022,3435.67380902334,92.4781338731981,74214.9257523964,6450.4188920454,8.21672047840778e-65,0.924943630228577,32492.9395094922,2658.42591862885,0.947944417345292,27304.9602819315,2696.34591985552,TRUE,3439.08516369488,102.669548808215,31440.7348868474,2024-07-24 15:00:57,2024-07-24 15:02:55,44502.2127857863,NA
"126","1-Jul-SWH-UP-1",2024-07-23 14:20:10.5,284.67549561083,0.90534125589106,6.3152560944942e-30,0.918133892225236,3.25522140673644,222.38255852389,0.707004394180971,0.0159646654469722,18288.8051521162,0.561077177243457,5.78467150763298e-43,0.974170631158645,1.82845955536941,194.690544465188,0.985637465827283,1.39046694349196,222.467520086814,TRUE,0.711544364630235,0.0160353223226209,1.48578580180679,2024-07-23 14:19:39,2024-07-23 14:20:37,18298.2417134935,NA
"127","1-Jul-SWH-UP-2",2024-07-23 14:23:39,NA,NA,NA,NA,NA,133.86942497502,-1.0140022086833,0.00920157175514856,18317.153763164,0.296884402753864,2.17244191951444e-58,0.996144626243632,0.91090912998962,132.177863511826,0.996567414935615,0.87840568517267,133.923726773819,TRUE,-1.01557613435675,0.0106984003657249,0.883119712246957,2024-07-23 14:23:10,2024-07-23 14:24:03,18315.6043580547,NA
"128","1-Jul-SWH-UP-3",2024-07-23 14:32:03,262.351843322337,-0.535541997861352,1.33124027644148e-22,0.860548249041793,3.04748755901547,192.856455949813,-0.533646464689356,0.014667770420108,19019.3012848666,0.490146470787026,3.99626237579091e-37,0.964303094091369,1.54186106848892,182.648485427786,0.972982728180364,1.36961912793081,192.87464892454,TRUE,-0.534783257919607,0.0175747114206621,1.50780541280841,2024-07-23 14:31:33,2024-07-23 14:32:28,19023.9751289544,NA
"129","1-Jul-SWH-UP-4",2024-07-23 14:28:27.5,573.513601814214,38.1112923239807,8.25896430522135e-44,0.976032896093209,47.2138462884485,586.29549629642,18.907810663133,0.464026707193973,19680.1535559315,16.3081898523184,3.89991289869084e-41,0.96963216560195,53.1457467451244,511.629149703014,0.992924771264832,26.1606490344172,590.894325242144,TRUE,18.0241987544375,0.333532697691694,35.4383581873611,2024-07-23 14:27:56,2024-07-23 14:28:54,19494.7173851636,NA
"130","1-Jul-SWH-UP-5",2024-07-23 14:35:10.5,NA,NA,NA,NA,NA,309.74895171122,4.48181634550144,0.0358493686356231,18500.1025679436,1.25992383785595,3.78925839625851e-66,0.996683990724867,4.10588752100641,293.409209708366,0.997724726771998,3.46842755305845,309.815371064563,TRUE,4.48886119860911,0.0382044719991649,4.36048244293172,2024-07-23 14:34:39,2024-07-23 14:35:37,18538.8601144752,NA
"131","1-Jun-04",2024-06-18 13:49:09.5,188.297026430364,0.331526844444341,2.95934569033355e-25,0.876297949894004,1.33358000714284,189.204561176009,0.223209418834859,0.0117420238803631,17157.6454005653,0.412672701210215,4.58631555663158e-25,0.874201420626499,1.34483342821929,182.17610359836,0.897439655150726,1.23833182173552,189.694969759149,TRUE,0.215409561111564,0.00895895908358319,0.961300377421509,2024-06-18 13:48:38,2024-06-18 13:49:36,17158.4803787846,"low r2, but also low flux - checked"
"132","1-Jun-GCW-TR-1",2024-06-19 10:27:03.5,431.315762190223,3.42981156899615,5.57516438651506e-32,0.931732040359069,12.6548499879926,265.392093538108,3.04464919432184,0.0237745173112595,18438.6068402889,0.835553936763332,1.08824113742675e-66,0.996839342695328,2.72293481479202,209.236180294279,0.998962533565436,1.59093426947443,265.6164903478,TRUE,3.05211140290501,0.0266580446845203,2.37026593940065,2024-06-19 10:26:32,2024-06-19 10:27:30,18511.8808259454,NA
"133","1-Jun-GCW-TR-2",2024-06-19 10:31:04.5,554.756307831778,10.6302498835685,2.66582534964543e-31,0.927503356858033,39.6863998183039,371.539780194647,9.26891977312018,0.0635268884469946,17996.8448377024,2.23264855547973,1.25654983872842e-69,0.997563307469787,7.27583967165585,357.238178076517,0.998263757940683,6.26331941703278,372.329787313282,TRUE,9.21431331893354,0.0483287166771221,4.93450765013138,2024-06-19 10:30:33,2024-06-19 10:31:31,17948.9215436763,NA
"134","1-Jun-GCW-TR-3",2024-06-19 10:34:23.5,205.48618725699,-0.436749625301956,1.54857661660736e-16,0.733135617395773,1.56365488692538,198.763781548978,-0.166618914050752,0.0128287082446403,17805.1165971816,0.450864155812783,5.96514234488425e-18,0.764372632842036,1.46929318693663,200.467076258653,0.774184109154325,1.46686288244829,198.768400359531,TRUE,-0.167473160919271,0.0128952353203485,1.61614238350875,2024-06-19 10:33:52,2024-06-19 10:34:50,17799.4166403616,"low r2, but also low flux - checked"
"135","1-Jun-GCW-TR-4",2024-06-19 10:38:32.5,575.59869652386,14.8413271257718,1.32489905226259e-34,0.945873264201045,48.1342333314348,464.873093154077,12.9809542656634,0.150755692878681,17856.1507923579,5.29829947860223,9.09431352998285e-58,0.99303530288533,17.2662990080158,419.015208526304,0.997233563694084,11.0974998486565,466.583121091464,TRUE,12.803262523609,0.134431857557349,13.1271515078474,2024-06-19 10:38:01,2024-06-19 10:38:59,17846.4287284794,NA
"136","1-Jun-GCW-TR-5",2024-06-19 10:42:13.5,179.211639414482,1.60869386417284,7.51568121886308e-45,0.978142721107564,1.22598316631753,263.935932870905,0.493953169893194,0.0234561175386581,17500.0178732124,0.824363796497659,4.08074889548365e-27,0.895048074440623,2.68646796188024,195.328289005507,0.972644533087944,1.39870199949509,267.831292893009,TRUE,0.4545617554382,0.0170774085619707,2.21368317858874,2024-06-19 10:41:42,2024-06-19 10:42:40,17483.0112409051,"low r2, but also low flux - checked"
"137","1-Jun-GCW-UP-1",2024-06-19 10:47:16.5,389.248999221823,-5.37248117365814,5.92338403605014e-43,0.974147091161138,8.57227771862832,396.354011027406,-3.30687685810749,0.0799358671848348,17435.7414297702,2.80934109578106,1.8156940472367e-41,0.970511586752045,9.15518716357261,300.600456507352,0.995350733950763,3.70723736998062,396.762658923756,TRUE,-3.26449559581474,0.0806862504636708,10.4390666952615,2024-06-19 10:46:45,2024-06-19 10:47:43,17440.7635044291,NA
"138","1-Jun-GCW-UP-2",2024-06-19 10:54:33.5,395.841411169414,-2.81662723367358,3.33786684963579e-35,0.948665652545491,9.11183690262767,284.130157007622,-2.52385885630934,0.0282788703076075,17438.8499337168,0.993859143527207,1.42713914175768e-58,0.993514083459038,3.23882581822619,211.91228453518,0.998418788923699,1.63084808572916,285.045716208417,TRUE,-2.5010398393669,0.0260224355000389,3.50048186053374,2024-06-19 10:54:02,2024-06-19 10:55:00,17436.9802720132,NA
"139","1-Jun-GCW-UP-3",2024-06-19 10:57:59.5,302.209260925966,-2.45875468997898,1.01697324247321e-42,0.973604287832479,3.82902412353675,298.377588920862,-1.46551972682329,0.0322666942156172,17449.8075289461,1.13401096750886,1.6058356690817e-43,0.975412340024217,3.69555789031066,199.292003262359,0.996355379068996,1.45098947647504,305.932250491872,TRUE,-1.3886206110979,0.0194872220966248,2.18652174203065,2024-06-19 10:57:28,2024-06-19 10:58:26,17462.0800056466,NA
"140","1-Jun-GCW-UP-4",2024-06-19 11:01:43.5,350.989719455958,-2.41947472148523,8.60788394375327e-38,0.959174077310178,6.01514758333588,286.645182399486,-1.8627081221099,0.0289451356990059,17429.1374573877,1.01727499939607,2.97883950631911e-51,0.987599314682138,3.31513429618089,202.259278049004,0.997586746753172,1.49140777273409,292.331790124858,TRUE,-1.80354341530232,0.0214226853114139,2.40194412118865,2024-06-19 11:01:12,2024-06-19 11:02:10,17430.7077538985,NA
"141","1-Jun-GCW-UP-5",2024-06-19 10:51:06.5,421.087743731973,-5.58650552451844,2.00308845400825e-40,0.967660747212667,11.5113863779089,379.574524522968,-3.99998763903575,0.0684332650262485,17401.9763842297,2.40508285613733,4.14358762152825e-49,0.9850079744417,7.83777510139446,251.863825222129,0.998692088740649,2.36085029946834,385.919757620493,TRUE,-3.85186748568104,0.0458616178352919,5.56646784911021,2024-06-19 10:50:35,2024-06-19 10:51:33,17434.007795609,NA
"142","1-Jun-GWI-TR-1a",2024-06-27 12:03:41.5,NA,NA,NA,NA,NA,306.237315903745,0.770677741514342,0.034702468031316,17897.3335367551,1.21961608723124,3.3757051987639e-28,0.904622522251627,3.9745310966598,236.665205433327,0.975580158499821,2.05093110895629,306.578587532134,TRUE,0.787541691893001,0.0376583595798584,4.12514633118347,2024-06-27 12:03:10,2024-06-27 12:04:08,17906.1621124195,NA
"143","1-Jun-GWI-TR-2a",2024-06-27 11:55:29.5,220.85924365601,-0.385487886975539,3.35899201251317e-20,0.806741015082888,1.80285058765948,186.804225902653,-0.244565836008353,0.011483932273677,17869.8085711983,0.403602087696222,2.41584675291374e-27,0.897138574054693,1.31527376936059,184.259166996837,0.908879946281906,1.26244812585263,187.281156131929,TRUE,-0.249206011632463,0.0110519854974976,1.04394055559478,2024-06-27 11:54:58,2024-06-27 11:55:56,17874.2869304461,"low r2, but also low flux - checked"
"144","1-Jun-GWI-TR-3",2024-06-27 11:46:21.5,178.178821621204,-0.118444955181432,0.00598832172596588,0.136405273012532,1.21431481461545,178.039911404706,-0.0306317321319066,0.0105888102275095,17859.9783619658,0.372143078885779,0.00556406443516837,0.138623939063853,1.21275395997446,181.349158149767,0.149572253220517,1.22888624404012,178.102328493171,TRUE,-0.02849189271226,0.0105201423011074,1.18577557674243,2024-06-27 11:45:50,2024-06-27 11:46:48,17860.9599735896,"low r2, but also low flux - checked"
"145","1-Jun-GWI-TR-4a",2024-06-27 11:34:54.5,156.093886749644,0.177780048001336,4.28451339570346e-18,0.767336176430687,0.98974280892574,151.296930039406,0.114617932424806,0.00826622228158283,17838.1957407443,0.290515869538442,4.20306665138748e-19,0.787112882011834,0.94674411861441,151.574909658043,0.801292129373645,0.932786235592191,151.321156956001,TRUE,0.11335549274499,0.00917487910036089,1.10144736125222,2024-06-27 11:34:23,2024-06-27 11:35:21,17837.9229592258,"low r2, but also low flux - checked"
"146","1-Jun-GWI-TR-5",2024-06-27 12:09:13.5,173.404829166391,0.367477093064409,3.4867074132118e-29,0.912583193759622,1.16180676020168,162.629339561203,0.23838523676417,0.00918073553069577,17871.2369886654,0.322656380974048,1.93031353731932e-31,0.928396679294726,1.05148483456656,154.106460070464,0.943217040284833,0.954909279873958,162.701174286242,TRUE,0.236648934935819,0.00949318241944139,1.17808849617581,2024-06-27 12:08:42,2024-06-27 12:09:40,17870.7037773364,NA
"147","1-Jun-GWI-UP-1",2024-06-27 13:26:17.5,183.169678950719,0.251224822188163,4.91345474287158e-24,0.862222665133352,1.271747095772,189.437566310048,0.198328244353284,0.0117673841147906,17942.0045560337,0.413563985076706,1.01428684031515e-22,0.845265483022726,1.34773797783979,174.023710084006,0.891993112452569,1.14829707860998,189.458856705777,TRUE,0.199238872170866,0.0122028240022284,1.14010543373498,2024-06-27 13:25:46,2024-06-27 13:26:44,17941.0834305708,"low r2, but also low flux - checked"
"148","1-Jun-GWI-UP-2",2024-06-27 13:32:30.5,178.431533371505,0.723514878468131,7.73138713176963e-33,0.936720978307229,1.21715954545334,228.036763650299,0.279449838737511,0.016822741331144,17961.4187283267,0.59123420098761,1.91990751789466e-22,0.841434265048126,1.92673640651029,178.792464003225,0.940844847842945,1.2001363466868,228.177117164998,TRUE,0.27340866886776,0.0177045043042042,2.09340631979643,2024-06-27 13:31:59,2024-06-27 13:32:57,17959.3630316206,"low r2, but also low flux - checked"
"149","1-Jun-GWI-UP-3a",2024-06-27 12:54:05.5,NA,NA,NA,NA,NA,178.925694784584,0.00259841682989517,0.0106760135696763,17854.5256481632,0.375207834939182,0.808662218200607,0.00113789345866472,1.22274150307549,172.45029989351,0.177270111441366,1.13168925323776,178.960098553295,TRUE,0.00151270327225269,0.0119207079089395,1.10849683058478,2024-06-27 12:53:34,2024-06-27 12:54:32,17853.7504719734,"low r2, but also low flux - checked"
"150","1-Jun-GWI-UP-4",2024-06-27 13:05:20.5,NA,NA,NA,NA,NA,186.581918705061,0.075564157449454,0.0114603180598273,17862.791793632,0.402772167614676,2.20034757128441e-08,0.45535409463958,1.31256919436655,185.762396799846,0.501857857542277,1.28014274002925,186.666583800836,TRUE,0.0775752609146909,0.0122554602194857,1.1522638447927,2024-06-27 13:04:49,2024-06-27 13:05:47,17862.817756445,"low r2, but also low flux - checked"
"151","1-Jun-GWI-UP-5",2024-06-27 13:17:42.5,179.489681558167,1.20179431163836,9.42101685741021e-21,0.815924936593228,1.22914348251858,182.417393100941,0.161904787215769,0.0110268150983462,17899.3630967249,0.387536732912809,3.88078761795768e-20,0.805669463014616,1.26291938273512,169.03016676289,0.859166993810563,1.09641254948566,182.490607937939,TRUE,0.159229741849557,0.0111373445513442,1.3727354228154,2024-06-27 13:17:11,2024-06-27 13:18:09,17901.4459403666,"low r2, but also low flux - checked"
"152","1-Jun-MSM-TR-1",2024-06-18 13:53:41.5,181.999592187349,0.049780791433889,0.00015121522128278,0.24323392438141,1.25804318296874,180.206260075321,0.0471324912419999,0.0108033534289181,17163.9101862545,0.379683186396518,6.11009117997607e-05,0.267953280248569,1.23732594790357,182.676547994306,0.288399729997989,1.24408324992146,180.241158756782,TRUE,0.0454223318001617,0.0126600686683459,1.09247738835192,2024-06-18 13:53:10,2024-06-18 13:54:08,17165.1113507147,"low r2, but also low flux - checked"
"153","1-Jun-MSM-TR-2",2024-06-18 13:57:11.5,263.724254976504,-1.70586401134651,4.72009078742186e-43,0.974371793844789,2.68120769374655,295.88360317551,-1.02969858537113,0.03153011430408,17157.9761412778,1.10812391218958,2.53012843142951e-36,0.953510009421269,3.61119617399303,196.048072226256,0.993203846228721,1.40805500467299,295.888843127363,TRUE,-1.03167841816558,0.0344322180581586,4.270787920617,2024-06-18 13:56:40,2024-06-18 13:57:38,17161.7155525534,NA
"154","1-Jun-MSM-TR-3",2024-06-18 14:00:46.5,267.455227528646,-0.952756757796288,8.22332646378632e-34,0.941940512822446,2.77545130709682,199.456070799658,-0.719224491568953,0.0129112054880439,17123.4350514487,0.453763516316956,4.86497880755638e-48,0.983518731678121,1.47874173275765,179.732316360228,0.989378335916677,1.21062591285788,199.537280989422,TRUE,-0.718678201236687,0.0134620916568566,1.45768749199819,2024-06-18 14:00:15,2024-06-18 14:01:13,17126.5828107048,NA
"155","1-Jun-MSM-TR-4",2024-06-18 14:04:24.5,NA,NA,NA,NA,NA,189.457375490809,-0.0640999707758227,0.0117695426668086,17195.2481099769,0.413639847253536,1.41979715211121e-06,0.363226819369749,1.34798520037484,192.837183601064,0.370498344841368,1.36680906369011,189.483361150063,TRUE,-0.0622425650548936,0.0121442887302602,1.44168197578075,2024-06-18 14:03:53,2024-06-18 14:04:51,17194.5481469332,"low r2, but also low flux - checked"
"156","1-Jun-MSM-TR-5",2024-06-18 14:07:57.5,235.055530750209,-0.374294409169068,2.46188443611121e-20,0.809026893027705,2.05611067165497,222.314306760827,-0.272981147397606,0.0159545795919859,17206.8652566974,0.560722710495337,5.21151551616469e-23,0.849165377025127,1.82730440570561,224.703625539234,0.853597951412186,1.83590678485647,222.604678377524,TRUE,-0.280114873471551,0.0141561719329342,1.39150916016452,2024-06-18 14:07:26,2024-06-18 14:08:24,17206.3282712638,"low r2, but also low flux - checked"
"157","1-Jun-MSM-UP-1",2024-06-18 14:13:43.5,194.214115207884,-0.471440688474435,2.59414608389577e-35,0.949160453156985,1.4086825695084,194.671695389126,-0.383141556727428,0.0123517259269576,17322.3417034328,0.434100641833154,3.23423648273118e-35,0.948727823329457,1.41466361268053,158.35465412615,0.975698541607289,0.993219285730955,194.715667134314,TRUE,-0.380622461916439,0.0126136654319852,1.56224181370849,2024-06-18 14:13:12,2024-06-18 14:14:10,17321.1605549909,NA
"158","1-Jun-MSM-UP-2",2024-06-18 14:17:44.5,298.497402198602,-1.53456280598324,2.67071537901193e-38,0.960969669503506,3.69965995141411,253.540550674338,-1.16901174422063,0.021303636756056,17299.9595541197,0.748714992857854,1.05001731872905e-47,0.983023929047743,2.4399407754653,184.632467041744,0.995599777690537,1.2668193050448,254.34280252743,TRUE,-1.15418459408848,0.0213772033706495,2.30459026628347,2024-06-18 14:17:13,2024-06-18 14:18:11,17302.7607423864,NA
"159","1-Jun-MSM-UP-3",2024-06-18 14:21:33.5,215.253223021534,-0.070102287389466,0.000388430087567374,0.216785628651018,1.7116562578245,214.666400091647,-0.0577943715710411,0.0148638480470241,17245.5425059258,0.522389017978552,0.000287987494661964,0.225250811463011,1.70238111668632,201.616929319523,0.435009786896668,1.48256369328374,214.673743339553,TRUE,-0.0583849689845602,0.0157708425416102,1.84882246224558,2024-06-18 14:21:02,2024-06-18 14:22:00,17246.1802360599,"low r2, but also low flux - checked"
"160","1-Jun-MSM-UP-4",2024-06-18 14:25:05.5,167.768490737964,-0.213900360196151,8.62834834536774e-21,0.816543575122266,1.10272901101394,166.252836737925,-0.146931287814388,0.00949398295114131,17264.6508024383,0.333665442142675,4.14677812752225e-21,0.821621177342809,1.08736158005872,163.908087421393,0.841395426051701,1.04562717295306,166.304888284791,TRUE,-0.147912845063061,0.00976118672502693,1.1685646369089,2024-06-18 14:24:34,2024-06-18 14:25:32,17265.9221479188,"low r2, but also low flux - checked"
"161","1-Jun-MSM-UP-5b",2024-06-18 14:32:01.5,NA,NA,NA,NA,NA,169.595777319497,-0.185726335391829,0.00979244703595643,17157.3799800183,0.344154943897212,5.08687927049297e-25,0.873700555932499,1.12154516565452,165.356762550453,0.891572550611693,1.05974734877015,169.612234135248,TRUE,-0.186930278388714,0.0109278071540631,1.14971985585442,2024-06-18 14:31:30,2024-06-18 14:32:28,17155.1066511179,"low r2, but also low flux - checked"
"162","1-Jun-SWH-SWAMP-1",2024-06-26 14:42:25.5,1080.7107090475,1041.50529517335,7.48375800057382e-28,0.901662796673482,5171.69990169019,896.567396956295,1036.67796950469,8.20771691785549,117046.520156686,288.459702157875,2.22819833676806e-66,0.996751020042854,940.043402479585,895.702210394052,0.997030941081073,916.432468005441,896.742193782742,TRUE,1039.24937337055,8.73348762813617,1016.85888588529,2024-06-26 14:41:54,2024-06-26 14:42:52,105816.496643181,NA
"163","1-Jun-SWH-SWAMP-2",2024-06-26 14:48:55.5,847.46962135803,877.831705404123,4.40051115859601e-54,0.990348363485637,596.641847976509,965.756035996197,365.50687241422,15.5756741202213,201428.221611057,547.406101184235,2.48064273050306e-29,0.913718375643055,1783.90773493095,875.526910558944,0.984931102618188,760.274876955418,976.35814369756,TRUE,321.463900312009,7.4709595004471,814.542119136884,2024-06-26 14:48:24,2024-06-26 14:49:22,193311.555343724,NA
"164","1-Jun-SWH-SWAMP-3",2024-06-26 14:58:56.5,500.274183978493,12.3807756345729,8.10277228254559e-41,0.968766459761584,23.9638020864728,460.672955847298,8.47303661210055,0.145005321007733,21937.1602105224,5.09620301575004,4.21072562563824e-49,0.984998706232546,16.6076994006964,331.12964983139,0.998734949220759,4.91830850201263,463.82148395136,TRUE,8.25761338422405,0.117677279946961,13.9551760902647,2024-06-26 14:58:25,2024-06-26 14:59:23,21981.8836187357,NA
"165","1-Jun-SWH-SWAMP-4",2024-06-26 15:10:31.5,NA,NA,NA,NA,NA,354.403318866315,4.46829486829201,0.054206038742795,20258.3808749359,1.90506787056568,8.64077398152663e-57,0.992405413020621,6.20830732890713,358.014200457681,0.992459942126525,6.30848590000869,354.984095501126,TRUE,4.43624893883133,0.0238927278453968,2.84106443484756,2024-06-26 15:10:00,2024-06-26 15:10:58,20228.2915090359,NA
"166","1-Jun-SWH-SWAMP-5",2024-06-26 15:05:08.5,665.02359904324,62.3456355339615,9.72667353932728e-43,0.973649448388045,110.167506324352,646.46651658829,42.3290506074189,0.810038020905285,25226.3477664877,28.4687360182427,1.27629832332817e-46,0.981312786242361,92.7749951576778,468.871105515051,0.999352760219201,17.607915053684,648.203710234115,TRUE,41.4307544889863,0.732873684935339,95.5727023680014,2024-06-26 15:04:37,2024-06-26 15:05:35,24864.1043670165,NA
"167","1-Jun-SWH-TR-10",2024-06-26 12:03:05.5,1052.28898889066,3357.02389567435,1.15439150148689e-48,0.984405556515583,3975.05013279822,1112.2777411261,1956.130323258,60.4848427651359,90741.3085832388,2125.7360486131,4.1033408027719e-36,0.952638129597864,6927.42914508765,1030.34534177441,0.99035464208678,3188.11158488589,1120.65753111623,TRUE,1806.78990892349,35.9308020313495,3465.93830167468,2024-06-26 12:02:34,2024-06-26 12:03:32,71332.0136988839,NA
"168","1-Jun-SWH-TR-1a",2024-06-26 11:20:30,NA,NA,NA,NA,NA,900.185218069485,872.692325405031,35.9766834247238,36786.0914064603,1119.33169982585,1.768439834135e-27,0.928955971413585,3345.63812987891,734.508188960443,0.998078415222997,562.881504785969,900.275868582634,TRUE,881.769575159582,36.8840148832321,4045.233155203,2024-06-26 11:20:02,2024-06-26 11:20:53,48354.0190002212,NA
"169","1-Jun-SWH-TR-2",2024-06-26 10:50:22.5,NA,NA,NA,NA,NA,1007.8501279845,850.703562965364,22.9994535496687,29996.5886942088,808.314368920114,5.07399322496375e-39,0.96338315483684,2634.16547943648,869.185638451016,0.997392026733274,716.920220273807,1009.44037233866,TRUE,875.157303070868,20.6744591308569,2548.76329006425,2024-06-26 10:49:51,2024-06-26 10:50:49,34781.0773477038,NA
"170","1-Jun-SWH-TR-3a",2024-06-26 11:43:52.5,NA,NA,NA,NA,NA,1074.81337188438,1159.94923791054,42.7556133436424,46897.0346013446,1502.64337989702,2.3023762250539e-32,0.934012120923036,4896.87115734012,978.455766028605,0.989711807357434,1971.84514686113,1076.79522050672,FALSE,1112.41769289507,39.9717953696027,4463.55301293392,2024-06-26 11:43:21,2024-06-26 11:44:19,40626.7075326263,NA
"171","1-Jun-SWH-TR-4",2024-06-26 12:07:54.5,793.178232592955,78.9591621670492,2.19112131714706e-29,0.914128525952365,360.906517177208,615.864632224306,77.4187472004749,0.610165605535234,22617.1024882297,21.4442323731677,1.75986982634936e-66,0.99678036983116,69.8832766339148,589.342011176424,0.998170518166888,53.721853209276,616.008765380418,TRUE,77.637028523783,0.707284337049232,70.6557008799663,2024-06-26 12:07:23,2024-06-26 12:08:21,22437.7959644114,NA
"172","1-Jun-SWH-TR-5",2024-06-26 12:12:01,629.623301893905,72.2420763676761,3.37309807300617e-31,0.951422629668271,188.122711086119,544.846620348036,61.323729025678,0.820922310312865,43828.4414543171,25.5411082277804,7.82881536577254e-49,0.992000343449224,76.3413611707066,470.851666582277,0.998478142682689,34.0630259783455,544.853519078517,TRUE,61.3373214353502,0.929050861677244,81.0228935617749,2024-06-26 12:11:33,2024-06-26 12:12:24,43797.4306229168,NA
"173","1-Jun-SWH-TR-6a",2024-06-26 11:29:58.5,745.798644806186,46.1575781640467,4.34354852508162e-29,0.911842598458913,232.73933250635,445.189811740213,49.3450213219994,0.125638406674518,21541.1431290988,4.4155540123563,5.75326384527936e-92,0.99966301146546,14.3895746496197,439.840568190019,0.999716584287709,13.4576436855405,445.57921315536,TRUE,49.4107248327065,0.123381164316763,13.8564058005235,2024-06-26 11:29:27,2024-06-26 11:30:25,21922.3577701005,NA
"174","1-Jun-SWH-TR-7b",2024-06-26 11:08:08.5,806.004145812397,103.869793384006,2.87466714895811e-32,0.93344703008686,406.41606493632,613.252655574156,99.0959218413857,0.595585786183575,28627.5402957283,20.9318255260766,1.37830118263938e-72,0.9981251547378,68.2134257937798,556.468444088495,0.999391712360035,39.6239997185448,614.200966760291,TRUE,98.6083075851166,0.533066092621367,75.0149807820385,2024-06-26 11:07:37,2024-06-26 11:08:35,28491.7439426465,NA
"175","1-Jun-SWH-TR-8b",2024-06-26 12:30:21.5,NA,NA,NA,NA,NA,576.490697963862,192.628124081491,1.92244443654736,35030.4855682136,56.4917420525061,1.26587371528506e-51,0.995834141594339,161.930999439226,565.117648914114,0.997062570509999,139.333683636945,577.002427679518,TRUE,193.523553424668,1.5027759585214,126.277217099845,2024-06-26 12:29:55,2024-06-26 12:30:43,35198.1344672799,NA
"176","1-Jun-SWH-TR-9a",2024-06-26 12:21:40.5,NA,NA,NA,NA,NA,1172.66966787368,4575.9598544802,105.802834244167,18194.9250597783,3718.43404919788,1.91795016464665e-42,0.972952618486984,12117.7737110427,1119.38427511087,0.990637151303036,7270.77820960073,1173.06809735046,TRUE,4567.68162162948,116.06439111194,10644.4028013848,2024-06-26 12:21:09,2024-06-26 12:22:07,48089.3229526613,NA
"177","1-Jun-SWH-UP-1",2024-06-26 15:40:47.5,NA,NA,NA,NA,NA,384.83914076059,1.72447063786079,0.0718517870266177,20018.3223173562,2.52522659987457,8.48590762005737e-30,0.917199896386897,8.22930408379485,381.753670974527,0.927381703403789,7.85936337408971,386.021565765985,TRUE,1.78703714234216,0.0406589121945584,4.89310151079881,2024-06-26 15:40:16,2024-06-26 15:41:14,20114.0833199209,NA
"178","1-Jun-SWH-UP-2",2024-06-26 15:28:23.5,318.556818048456,-8.88388171302846,4.64710754984109e-20,0.804323879771305,4.4547736089953,364.544412677561,-0.466562179951236,0.059542559044968,19745.0677526343,2.09261954569417,2.31584572328823e-10,0.541443749748456,6.81950783112508,195.342528914361,0.981446829786105,1.39888643192202,365.626598802099,TRUE,-0.41430159705902,0.0548684215329023,7.27345537423938,2024-06-26 15:27:52,2024-06-26 15:28:50,19765.3500512699,"low r2, but also low flux - checked"
"179","1-Jun-SWH-UP-3",2024-06-26 15:32:32.5,355.978653368302,1.66686282114128,2.59396415142524e-33,0.93932078697057,6.29952804771521,239.978916157525,1.60443092334373,0.0187896673159631,17985.6341586646,0.66036169276467,1.40048576164713e-57,0.99291869718976,2.15201169483954,195.791192749782,0.99709889222558,1.40470990635284,240.012457934488,TRUE,1.6054931360941,0.0201352041641057,2.41573024963203,2024-06-26 15:32:01,2024-06-26 15:32:59,17988.2132689486,NA
"180","1-Jun-SWH-UP-4",2024-06-26 15:19:30.5,342.355507082394,5.1863559341662,1.23064027270286e-27,0.949988848286891,13.5948191600636,252.325455850894,4.88014726701925,0.0592573696999837,18549.2396686186,1.6730808775214,2.89676728825879e-46,0.994136929945697,4.65481632262053,221.008390741076,0.99747108371825,3.13650100116668,252.416344137452,TRUE,4.88052262340486,0.0635490112145806,4.78096177074662,2024-06-26 15:19:05,2024-06-26 15:19:51,18574.9302315673,NA
"181","1-Jun-SWH-UP-5",2024-06-26 15:36:04.5,493.357665888775,-9.59520732677485,2.20554088214561e-37,0.957670852885162,22.4772258292545,419.551439975592,-6.84137125699364,0.0990887250857069,22168.7204033196,3.48246709913269,8.00781094644142e-53,0.989209199727552,11.3487956771869,290.343815995694,0.999084343428897,3.3713661952547,419.851540371336,TRUE,-6.83250689559056,0.104036224912516,11.5572429012712,2024-06-26 15:35:33,2024-06-26 15:36:31,22195.4067134737,NA
"182","1-May-GCW-TR-1",2024-05-23 13:38:59.5,713.491118456447,60.2558269447762,5.50410446924013e-27,0.893835942062559,172.565231773646,676.864199144189,32.4350378761251,1.073351429617,26247.9855123915,37.7228694406465,1.17482301004969e-34,0.946122695068283,122.932715644525,666.146304075228,0.958976063309103,109.395606454347,678.815244603662,TRUE,31.1208149087848,0.638412929457931,71.752469833227,2024-05-23 13:38:28,2024-05-23 13:39:26,26121.8937470193,NA
"183","1-May-GCW-TR-3a",2024-05-23 13:30:13,360.481278391859,10.681790236568,2.45167973341386e-43,0.98596309693441,10.7389943898378,400.458875893853,6.43014698428976,0.176688561326372,20604.2079080425,5.4972579143668,5.0709258722979e-35,0.967139314428856,16.4310862373912,304.190670545238,0.99610804771479,5.78473871874947,403.921819345203,TRUE,6.15071294766013,0.125639708056248,13.7705863771225,2024-05-23 13:29:45,2024-05-23 13:30:36,20534.909763631,NA
"184","1-May-GCW-TR-4",2024-05-23 13:33:41,394.842327459663,7.27901851141617,1.58034022273314e-29,0.949583315778222,18.6204969202865,280.218547005941,6.22957678415049,0.0598072709962566,20657.2923419491,1.79189078212606,2.54005957896653e-53,0.996052324063497,5.2104456958987,195.857320682224,0.999445925304524,1.99908188816083,281.110556635619,TRUE,6.18238404536208,0.0570331993066673,5.13857413044502,2024-05-23 13:33:14,2024-05-23 13:34:03,20617.363006652,NA
"185","1-May-GCW-TR-5",2024-05-23 13:43:43.5,435.890229756227,13.8952195011573,7.23724127692658e-50,0.985980840987844,13.2023747817893,502.823178940834,6.8484098437421,0.214230016620363,18644.5960749175,7.52910065077301,7.29437963908429e-36,0.951579467260668,24.5361183569769,401.281067425932,0.993141831611395,9.41698368385506,516.91237816208,TRUE,6.12755159895006,0.0769577197678163,7.75012551697798,2024-05-23 13:43:12,2024-05-23 13:44:10,18552.9586789677,NA
"186","1-May-GCW-UP-1",2024-05-23 14:02:36.5,300.288178981471,-2.65622014949213,3.83581894227831e-43,0.974575360674606,3.76151641105912,313.40828747259,-1.46101880279488,0.0370848560716716,18549.8370128078,1.30334496718937,2.13225547117207e-40,0.967582975638207,4.24738994180472,251.57499103203,0.990421235579234,2.35454489881408,323.945132038707,TRUE,-1.35772448941374,0.0147572080867034,1.38813088192338,2024-05-23 14:02:05,2024-05-23 14:03:03,18562.6664690467,NA
"187","1-May-GCW-UP-2",2024-05-23 14:06:50.5,202.037200534829,-0.919091835100165,4.64365551436324e-38,0.960131038410604,1.51450839567367,184.051997398424,-0.470689981217731,0.0111949778056961,18453.0260807007,0.393446800835678,8.00988567997795e-42,0.971424811715242,1.28217933591935,149.047343779141,0.986123033234597,0.911209348572675,184.973065856519,TRUE,-0.461331155381441,0.01098283193031,1.22333523204874,2024-05-23 14:06:19,2024-05-23 14:07:17,18453.8362509916,NA
"188","1-May-GCW-UP-3",2024-05-23 13:53:12.5,243.400329996074,-0.471537816333759,2.42678856741864e-28,0.905823256020774,2.22127828550512,161.272971558161,-0.451015909710916,0.00906615601888348,18550.9288868735,0.318629491135917,1.56859850169835e-45,0.979420482937257,1.03836185344813,159.206533203416,0.981607282232365,1.00108454916766,161.450175444446,TRUE,-0.454581492030238,0.00907159598236586,1.16479505518801,2024-05-23 13:52:41,2024-05-23 13:53:39,18555.2639781325,NA
"189","1-May-GCW-UP-4",2024-05-23 13:57:18.5,302.977331207793,-1.17085644229303,1.45862474305072e-32,0.935159003594409,3.85635229182407,237.650134474537,-0.94425051172973,0.018388846540238,18551.2653086482,0.646274871454737,3.11743469253131e-46,0.980660006355119,2.10610502803219,232.11762338661,0.983789694559095,1.96636497581939,239.528839223736,TRUE,-0.923055359135412,0.014123783500071,1.67451162084656,2024-05-23 13:56:47,2024-05-23 13:57:45,18557.1119320417,NA
"190","1-May-GCW-UP-5",2024-05-23 13:48:58.5,344.388027828953,-3.06016582343477,1.11137784052557e-41,0.971062787141868,5.6584732424914,342.405231937041,-2.06492306141447,0.0485065538947641,18509.7144096248,1.70475982897866,4.27587885260168e-42,0.972106045897065,5.55553589654105,273.433504763742,0.99277836280479,2.88273963906082,355.927317577138,TRUE,-1.91293115800732,0.0293178249730017,2.60963257521545,2024-05-23 13:48:27,2024-05-23 13:49:25,18516.3694851938,NA
"191","1-May-GWI-TR-1b",2024-05-16 13:07:52,194.148782254918,0.391039385396986,1.41751966095094e-21,0.882032739312696,2.00237640736744,144.086132129411,0.430219131106508,0.0131779483703159,17828.3491818228,0.394825642748022,5.57110053170131e-32,0.961220033031645,1.14807084862952,144.641796921307,0.964077529617354,1.13159330510684,144.50270334635,TRUE,0.425303115971852,0.0121113366594431,1.12100158166509,2024-05-16 13:07:25,2024-05-16 13:08:14,17828.358758232,NA
"192","1-May-GWI-TR-2b",2024-05-16 12:55:54.5,239.038475418122,0.82496233426555,1.14011291774313e-35,0.950741353954139,2.13335379288347,212.8017222801,0.595958471841126,0.014609418505501,17616.8604885423,0.513447107517648,3.686344229961e-41,0.969697836652052,1.67324088021151,182.69870510053,0.983886108075326,1.24433851022274,212.811092372238,TRUE,0.595278691901456,0.0154392334078076,1.67497019737844,2024-05-16 12:55:23,2024-05-16 12:56:21,17614.2335107118,NA
"193","1-May-GWI-TR-3b",2024-05-16 13:00:01.5,NA,NA,NA,NA,NA,190.977180553149,0.361461176101719,0.0119363376779819,17744.4769002141,0.419501847579084,1.05864730336815e-34,0.946337807487876,1.36708850905242,192.80941215786,0.948449348720059,1.36645764350168,190.990763627135,TRUE,0.361938925292634,0.0129288882569466,1.63086617679481,2024-05-16 12:59:30,2024-05-16 13:00:28,17743.8299093251,NA
"194","1-May-GWI-TR-4b",2024-05-16 13:03:49.5,346.399094237742,2.24604883128703,1.65443112468703e-37,0.958135986419612,5.76482671956024,301.28517072872,1.75777497559466,0.0331471789406233,17530.4995679314,1.16495554857467,6.02569797233987e-47,0.981844318073561,3.79640126307921,209.560324214996,0.996915772494273,1.59571636510062,301.347116367409,TRUE,1.76412625063889,0.0340206750538066,4.49319284725435,2024-05-16 13:03:18,2024-05-16 13:04:16,17534.2136233292,NA
"195","1-May-GWI-TR-5b",2024-05-16 13:11:53.5,193.020052972503,0.365703930962979,1.72260516438374e-17,0.754620872429373,1.39319377022239,193.892608515478,0.15341929863874,0.0122629440606367,17597.2895403021,0.430980408646232,2.62868987636544e-17,0.750623722630062,1.40449527859566,192.095992223406,0.776006246844622,1.35746092710499,194.050595258951,TRUE,0.148688635929695,0.0117633454201662,1.31358986844361,2024-05-16 13:11:22,2024-05-16 13:12:20,17599.1157918219,"low r2, but also low flux - checked"
"196","1-May-GWI-UP-1",2024-05-16 13:16:27.5,306.93544050837,-1.16040767389069,0.0250018342778914,0.0929307045006528,4.00030614624808,311.19265530103,-0.035994210236746,0.0363318069250884,17650.9392548098,1.27687910162558,0.326415953675152,0.0185253761321899,4.16114197674048,281.246473091624,0.4765596102969,3.09901216692354,311.297812137451,TRUE,-0.0244698012829311,0.0284985259381129,2.48246478068823,2024-05-16 13:15:56,2024-05-16 13:16:54,17662.4399473149,"low r2, but also low flux - checked"
"197","1-May-GWI-UP-2",2024-05-16 13:19:50.773585,198.017993630755,-0.888770006613438,8.20526604451373e-41,0.970814187697821,1.50951002763425,247.578465260672,-0.534451683375061,0.0212100151638138,17804.7222241494,0.750792255757399,1.90474596243299e-30,0.925649830739955,2.40930116472701,186.071077992266,0.978397749255244,1.32491085788027,247.716094970099,TRUE,-0.52786570500785,0.0213444166038249,2.99184776415385,2024-05-16 13:19:19,2024-05-16 13:20:17,17808.6409750157,NA
"198","1-May-GWI-UP-3",2024-05-16 13:23:14.5,176.530911518266,-0.0922739807184102,3.80844928883378e-09,0.490213408588161,1.19592692271425,188.775069691296,-0.0633169870015333,0.0116954212422268,17806.589615492,0.411034854382515,1.59419110145895e-06,0.360468511022476,1.33949595094557,168.596570452262,0.591298167660691,1.09201951802283,190.150836226142,TRUE,-0.0536619809252198,0.0112104777690576,1.07420116102447,2024-05-16 13:22:43,2024-05-16 13:23:41,17808.5541259299,"low r2, but also low flux - checked"
"199","1-May-GWI-UP-4",2024-05-16 13:26:53.5,NA,NA,NA,NA,NA,275.810473733885,0.247057669642305,0.0261822261452827,17748.4212403205,0.920172714444896,7.41928501527482e-13,0.631309404024107,2.99869369234194,276.082601490408,0.655903160530476,2.95432376087483,276.242133213272,TRUE,0.241088726484503,0.024406873066033,2.60462233280571,2024-05-16 13:26:22,2024-05-16 13:27:20,17753.0437160936,"low r2, but also low flux - checked"
"200","1-May-GWI-UP-5",2024-05-16 13:30:29.5,NA,NA,NA,NA,NA,209.952208868018,0.27305219628327,0.0142289986458614,17733.9032906933,0.500077275138578,2.98052292616914e-25,0.876264107681396,1.62967076408719,200.765419484341,0.903073826567869,1.47092060116825,210.212547649356,TRUE,0.272649501968543,0.0126863837899551,1.31101962387359,2024-05-16 13:29:58,2024-05-16 13:30:56,17738.3811115255,"low r2, but also low flux - checked"
"201","1-May-MSM-TR-1a",2024-05-21 13:00:13.06383,173.162756844097,0.504892290523361,3.74573573256085e-29,0.940126401579747,1.46393969570782,173.0805403944,0.415110822812531,0.0156019302982095,17921.8982432436,0.487063794823893,3.60097977317223e-29,0.940231046083764,1.46265983077476,152.55489650741,0.964530819996045,1.15266501076661,173.20797506393,TRUE,0.415896667549638,0.0158147526210651,1.55309480997104,2024-05-21 12:59:45,2024-05-21 13:00:38,17925.9452234657,NA
"202","1-May-MSM-TR-2",2024-05-21 13:04:09,103.554676655204,0.281307855443563,4.04614261443241e-11,0.842553393658507,1.64400328493993,89.7176462570412,0.252809867207277,0.0164725336271239,17607.2643144325,0.567286890222856,6.58794441313195e-14,0.907529200224242,1.25990655604527,91.0456282830568,0.916560401861701,1.25001841574424,89.779006392299,TRUE,0.250188013088815,0.0149321437841949,1.13373375050559,2024-05-21 13:03:38,2024-05-21 13:04:34,17608.9246633547,NA
"203","1-May-MSM-TR-3",2024-05-21 13:08:07.5,234.843863168122,-0.925239665560892,1.00346489950806e-36,0.955133167804873,2.05208487748701,211.577543871299,-0.601010834240254,0.0144447559488227,17503.02073304,0.507660052173104,1.35830863651597e-41,0.970838741836057,1.65438180507648,186.009423328456,0.983134278216906,1.28307413952823,212.622882320269,TRUE,-0.587703270975654,0.0127204455412882,1.57531132863582,2024-05-21 13:07:36,2024-05-21 13:08:34,17507.9256928022,NA
"204","1-May-MSM-TR-4",2024-05-21 13:12:22.5,323.474484309525,0.873416071219396,1.88334830906517e-29,0.914626127481866,4.66230606379475,211.401865283876,0.999252381184904,0.0144212784348096,17538.3110337211,0.506834936398839,6.66246898766676e-53,0.989285250601599,1.65169288654097,193.943091768637,0.992798880169068,1.3808769426006,211.415986773655,TRUE,0.998940724737697,0.0146717947732649,1.62559085026397,2024-05-21 13:11:51,2024-05-21 13:12:49,17550.2160417051,NA
"205","1-May-MSM-TR-5",2024-05-21 13:16:06.5,308.581671081647,1.61369305907869,1.2400917660408e-35,0.950581996028379,4.06174941187451,257.239057584903,1.13935671602052,0.0220458247940336,17642.96693761,0.774799145433146,2.2434266699601e-46,0.980903106614774,2.52494479978567,198.400930376651,0.994035312594133,1.43906708558696,257.248444503607,TRUE,1.14124409807783,0.0230387773723496,3.05719072127594,2024-05-21 13:15:35,2024-05-21 13:16:33,17643.2100303283,NA
"206","1-May-MSM-UP-1",2024-05-21 13:24:12.5,281.520756116367,-2.48433112472904,6.55156972357011e-12,0.599466847201053,3.16150994122213,306.215388034235,-0.190599366095706,0.0346954229021891,17738.6046348577,1.21936848660491,1.19899448353693e-06,0.367231560978302,3.97372420636111,222.687507757231,0.874886932520428,1.80195243450808,310.688601717361,TRUE,-0.127662764936727,0.0274571454044828,2.84858022152398,2024-05-21 13:23:41,2024-05-21 13:24:39,17750.4885791205,"low r2, but also low flux - checked"
"207","1-May-MSM-UP-2",2024-05-21 13:28:20.5,268.22620017282,-2.689628571627,3.80304069273607e-49,0.985057330346277,2.79533512982992,322.05110329878,-1.41033205088925,0.040174592426018,17550.5088308856,1.41193355978353,6.92886989451319e-38,0.959513105841472,4.60126256002162,195.211208519788,0.996410484244723,1.39718651822837,323.490063170182,TRUE,-1.37405992599833,0.0407021908149434,4.20957449120922,2024-05-21 13:27:49,2024-05-21 13:28:47,17560.3818555277,NA
"208","1-May-MSM-UP-3",2024-05-21 13:31:52.5,168.063218041395,-0.251233701901324,2.16151621949431e-22,0.840712235947048,1.10574242039234,180.435651513495,-0.155991744282644,0.0108263240815387,17558.99185108,0.380490488558569,8.55603883026828e-20,0.799696935596778,1.23995681476492,163.113040875922,0.86504135722795,1.03795800758726,180.45441230399,TRUE,-0.157364620842745,0.011583530755219,1.45193009494871,2024-05-21 13:31:21,2024-05-21 13:32:19,17556.1494918844,"low r2, but also low flux - checked"
"209","1-May-MSM-UP-4",2024-05-21 13:36:19,76.8985956466488,0.388646977426213,1.63723274962154e-16,0.943817295362402,0.984636592311479,92.5341516587769,0.252067437760709,0.0173893496655562,17602.4601520256,0.598860522495931,2.28132575596416e-13,0.897488344756966,1.33002949910039,74.3983405568841,0.956245294919014,0.907572465011106,92.5341516587913,TRUE,0.252067437760709,0.0173893496655562,1.7329517797781,2024-05-21 13:35:48,2024-05-21 13:36:44,17603.9428596149,"low r2, but also low flux - checked"
"210","1-May-MSM-UP-5",2024-05-21 13:40:13.5,175.048897098412,-0.445105128112165,1.04929817619911e-16,0.737074998163427,1.17962807310811,200.413088214582,-0.1102582957539,0.0130261236047733,17676.3125761915,0.457802306403904,2.36639056851261e-11,0.579444662398044,1.49190349485764,161.355359967103,0.81053378335175,1.02120214369724,201.529993387686,TRUE,-0.0983661626352123,0.0138012113150438,1.38389740666261,2024-05-21 13:39:42,2024-05-21 13:40:40,17677.1322935812,"low r2, but also low flux - checked"
"211","1-May-SWH-SWAMP-1a",2024-05-15 11:27:26.5,436.949241754809,56.8496225141841,2.37730260610586e-25,0.925849374580154,33.1642321105166,488.803732612154,8.16384557113918,0.709748023956262,25481.8021138447,20.8562086525746,1.46273386055506e-14,0.759045128945725,59.7833699036126,409.090081587588,0.964053681202184,23.6610709146986,490.011121287098,TRUE,7.48870229626195,0.605101131591561,55.7094943752747,2024-05-15 11:27:00,2024-05-15 11:27:48,25313.3782435524,NA
"212","1-May-SWH-SWAMP-2",2024-05-15 11:31:32.5,525.852174290294,137.647156004128,1.6575868701814e-42,0.986110906686541,70.3761522925191,633.634420740344,40.6862625695349,2.52219157931429,75900.2537035264,77.0198186396029,4.32452476355546e-20,0.8553674782856,227.102309138653,505.819001296947,0.991762939078893,55.4723293701113,639.672960990914,FALSE,35.3686010639065,1.5656754586972,150.502007633187,2024-05-15 11:31:05,2024-05-15 11:31:55,74788.6230579181,NA
"213","1-May-SWH-SWAMP-3",2024-05-15 11:35:50.5,454.380340608287,4.94377346588688,7.31402812358161e-34,0.942201299453648,15.667702865939,332.436733925133,4.09078278879115,0.0442297665222493,18415.4271210431,1.55445240195417,2.25943668112203e-59,0.993957901683854,5.06570836062854,283.179086856252,0.997746468296851,3.15496681203532,332.550750578279,TRUE,4.07753070577261,0.0481929243599569,5.16254242477835,2024-05-15 11:35:19,2024-05-15 11:36:17,18400.600186571,NA
"214","1-May-SWH-SWAMP-4",2024-05-15 11:39:50.5,NA,NA,NA,NA,NA,222.82511557598,0.885316021839131,0.0160302188815879,18350.9611108846,0.563381048638379,7.55660978336408e-48,0.98323730099883,1.83596749872773,194.303268795153,0.990821170431882,1.38548981681438,223.15723832452,TRUE,0.892542651454405,0.017606279592434,1.74370383506405,2024-05-15 11:39:19,2024-05-15 11:40:17,18355.2576147524,NA
"215","1-May-SWH-SWAMP-5",2024-05-15 11:45:43.5,591.031452450186,31.8470436776068,4.56901643150272e-42,0.972034854510806,55.5281180419223,587.043133938872,20.6331622635385,0.467250109152088,19125.4856095387,16.421476114269,6.68988908672473e-43,0.974025866417753,53.5149283061592,511.692889475585,0.994024593021503,26.176093163806,596.147359703366,TRUE,19.4031019653837,0.219624222035896,27.1756058476905,2024-05-15 11:45:12,2024-05-15 11:46:10,18949.1815062664,NA
"216","1-May-SWH-TR-1",2024-05-15 10:21:17.5,515.238514645495,9.89215929264369,6.16497794640994e-35,0.947441103790352,27.5252306626888,487.751894683701,7.4389738886709,0.186326656946486,24158.5183954311,6.5484388051847,1.09088468907767e-40,0.968407400737671,21.3403003931068,411.258016340926,0.99288435759789,10.3283649667342,491.547121348527,TRUE,7.12200820445006,0.133404423258449,14.5097259160328,2024-05-15 10:20:46,2024-05-15 10:21:44,23966.6238727085,NA
"217","1-May-SWH-TR-10a",2024-05-15 11:10:21.5,NA,NA,NA,NA,NA,622.316690478022,267.586165159963,0.647728537477295,22519.0159428305,22.7643792871788,4.15804118379634e-93,0.999695400076994,74.185421396377,604.677278874793,0.999795969530459,61.9181336834406,624.400584884048,TRUE,268.305730204974,0.570737250533619,51.4715427863508,2024-05-15 11:09:50,2024-05-15 11:10:48,23810.3994214719,NA
"218","1-May-SWH-TR-2b",2024-05-15 10:08:51.5,NA,NA,NA,NA,NA,841.333569782405,231.231224266448,4.92168264762167,64263.2098426456,172.97223148133,2.8798622960433e-44,0.976984248398241,563.688459080512,775.472757862589,0.993687952590542,301.042878566705,854.204735102536,TRUE,246.487910885806,2.17042974850296,244.772186516883,2024-05-15 10:08:20,2024-05-15 10:09:18,54462.5785825781,NA
"219","1-May-SWH-TR-3",2024-05-15 10:34:55.5,752.58730990428,58.4414271753716,7.26167413760077e-29,0.910085934399722,247.838442626627,636.07517247299,51.7680926164816,0.735731348697838,23595.2999460889,25.8572326309033,3.02212236289586e-53,0.989606067599347,84.2645290112559,616.749150953712,0.993251914389443,69.2407582563243,636.577436323781,TRUE,51.3152127341171,0.612305212276474,71.2975348226733,2024-05-15 10:34:24,2024-05-15 10:35:22,24874.3829836671,NA
"220","1-May-SWH-TR-4a",2024-05-15 10:58:36.5,NA,NA,NA,NA,NA,518.400985819882,22.254858578285,0.993508317648505,21101.0690625961,29.1946100186994,5.60841413399701e-25,0.922761785099126,83.685016726382,458.633123872294,0.981868971424422,41.5467889640357,521.340197076952,TRUE,20.8259166086762,0.826810723346425,73.6602460082814,2024-05-15 10:58:10,2024-05-15 10:58:58,21188.0897063815,NA
"221","1-May-SWH-TR-5a",2024-05-15 10:43:14.5,NA,NA,NA,NA,NA,515.086856855791,30.905802194522,0.695285811003288,24309.3932840723,21.2318475350399,3.32101988477093e-38,0.978216171630628,62.6046865294494,450.95269722477,0.995047014662324,30.5544841693611,519.66605938354,TRUE,29.6344131677611,0.45689399943554,42.1053865234679,2024-05-15 10:42:47,2024-05-15 10:43:37,24470.2938442595,NA
"222","1-May-SWH-TR-6a",2024-05-15 10:17:08.5,664.20039203604,23.9129320990573,4.22969415316815e-31,0.926206630558141,109.330970171188,556.245247921639,25.2132789606618,0.351320554953022,22013.8955701239,12.3471391201643,1.0926174293313e-53,0.990004854279787,40.2373245988293,554.628516049667,0.990992243910142,38.9546682477808,556.285115827425,TRUE,25.2279669403152,0.380746938587431,44.4162845873828,2024-05-15 10:16:37,2024-05-15 10:17:35,21790.477824911,NA
"223","1-May-SWH-TR-8a",2024-05-15 10:29:42.5,588.786757079022,15.1788686620891,4.0347291007759e-30,0.919530257282328,54.3859205771688,513.78984884963,11.9493594397407,0.237126444914224,28803.7256042623,8.33379420346587,8.13440623754998e-46,0.979933543041279,27.1584841833576,512.976339164055,0.981644843471016,26.4890201443477,514.734307016573,TRUE,11.8010934443487,0.193469240676013,23.5366688152959,2024-05-15 10:29:11,2024-05-15 10:30:09,28746.6252521475,NA
"224","1-May-SWH-TR-9a",2024-05-15 10:51:16.5,NA,NA,NA,NA,NA,733.314934039414,405.047152011263,1.81027346664281,28874.9675890858,63.6219487390076,2.87633612842289e-79,0.998962400647223,207.333616160588,737.005820322298,0.998968323238748,210.835321244758,734.778667250001,TRUE,406.343142668017,1.57183273075725,144.899660316128,2024-05-15 10:50:45,2024-05-15 10:51:43,32609.6200477725,NA
"225","1-May-SWH-UP-1",2024-05-15 11:50:51.5,NA,NA,NA,NA,NA,233.360128401697,0.98217289949571,0.0176727169668841,18385.7272832744,0.621106542002888,5.481576265603e-48,0.983442938543384,2.02408552279227,232.509748964777,0.98486528905998,1.9735174154648,234.20366142378,TRUE,0.969474820183202,0.0163939013723492,2.13670961370293,2024-05-15 11:50:20,2024-05-15 11:51:18,18394.8581892634,NA
"226","1-May-SWH-UP-2",2024-05-15 11:54:34.5,NA,NA,NA,NA,NA,255.447042652236,0.870135150691291,0.0216830424548988,18511.2988757318,0.762049182618602,8.42315571824251e-41,0.968719868864864,2.4833947380751,204.628424642864,0.988665813469676,1.52448558272944,255.63000464631,TRUE,0.878204279894435,0.0236004159361043,2.75271421858362,2024-05-15 11:54:03,2024-05-15 11:55:01,18528.8851810018,NA
"227","1-May-SWH-UP-3",2024-05-15 11:58:10.5,356.068247779113,1.62172805513244,6.77310373652123e-31,0.924860164276919,6.30475616509011,229.426252923913,1.44291290916028,0.0170405749688583,18390.7360677548,0.598889950678284,2.16045375381162e-57,0.992799656545361,1.95168525355518,224.716961494183,0.993872140207927,1.83613349857744,229.889484457807,TRUE,1.43563074085607,0.0170359167635171,1.92609237965952,2024-05-15 11:57:39,2024-05-15 11:58:37,18392.4958081751,NA
"228","1-May-SWH-UP-4",2024-05-15 12:01:57.5,361.476456865525,1.39693554924695,4.27062129596147e-29,0.911899889532246,6.628511740481,248.247089754109,1.39843098573616,0.0202846465200044,18274.3011797588,0.712902644194394,8.64399938536407e-53,0.989177431224904,2.3232341372883,252.200949715999,0.989186674566779,2.36823126212285,248.258052690503,TRUE,1.39639450858354,0.0198815578146107,2.53285907105905,2024-05-15 12:01:26,2024-05-15 12:02:24,18277.846619968,NA
"229","1-May-SWH-UP-5",2024-05-15 12:05:20.5,NA,NA,NA,NA,NA,213.103357967102,0.00292869800226866,0.0146502785197447,18486.5509420006,0.514883130184713,0.842332793116873,0.000767927890109487,1.67792064526668,216.782719718679,0.00668353341103186,1.70607736971401,213.524795832381,TRUE,0.000968252270286635,0.0133435128254509,1.20883192820882,2024-05-15 12:04:49,2024-05-15 12:05:47,18478.0252595283,"low r2, but also low flux - checked"
"230","1-Nov-GCW-TR-1",2024-11-19 10:19:00.5,197.59872054121,0.595742138908294,1.6320512591905e-33,0.940391326435458,1.45352822288842,207.627259386656,0.361136900222872,0.0139259600862342,18793.3250579327,0.489427003750413,2.05335876653445e-31,0.928226539599921,1.59496325632036,182.837392789075,0.957886468696601,1.24593744804232,207.633666456317,TRUE,0.360921868882227,0.014581153411951,1.64981335461217,2024-11-19 10:18:29,2024-11-19 10:19:27,18794.8657715213,NA
"231","1-Nov-GCW-TR-2",2024-11-19 10:23:28.5,201.131493889582,0.637793169580034,3.47649615878856e-36,0.952938874576342,1.50186057433215,194.545728522864,0.42671204633749,0.0123373277678265,18872.6939695181,0.433594619423249,1.45494486446942e-37,0.958342197759758,1.4130145676861,170.151045557263,0.975377486251325,1.10785092917676,195.063216935817,TRUE,0.418629738093207,0.011963162497981,1.25308808637133,2024-11-19 10:22:57,2024-11-19 10:23:55,18868.8490337763,NA
"232","1-Nov-GCW-TR-3",2024-11-19 10:30:46.5,161.454192176357,-0.366754281586562,1.31257045950954e-25,0.880096521189181,1.04010565473682,166.105657923048,-0.176329562289851,0.0094810536781268,18928.1776246533,0.33321104364426,1.23974385542982e-24,0.869310362815726,1.08588076902226,152.323679260764,0.905977940591548,0.939275761067711,166.175858556768,TRUE,-0.175968481523954,0.0103427785588439,0.927659334770006,2024-11-19 10:30:15,2024-11-19 10:31:13,18928.3689102264,"low r2, but also low flux - checked"
"233","1-Nov-GCW-TR-4",2024-11-19 10:27:09.5,218.402614668186,-0.813065704892316,3.33812828302126e-33,0.938729992769861,1.76230481682335,197.535120783737,-0.438833202699189,0.0126835896272661,19009.1691271325,0.445763971003259,1.43116499575928e-37,0.958368571583546,1.45267251151557,182.195499064789,0.970900696771167,1.23855423081029,197.57367771124,TRUE,-0.436437280869885,0.0127415577838101,1.62237953180333,2024-11-19 10:26:38,2024-11-19 10:27:36,19016.7054107857,NA
"234","1-Nov-GCW-TR-5",2024-11-19 10:35:36.5,193.176217671468,-0.211660082684016,2.2722380765433e-20,0.809612254933418,1.39520974299722,185.547517071817,-0.183933197641891,0.0113510774837737,18826.431385714,0.398932914342744,5.68753117523449e-22,0.834695285909685,1.30005769039657,186.73689624848,0.843079079236853,1.29174592094376,186.075565705596,TRUE,-0.176994432012555,0.00920257126056123,0.959810695287314,2024-11-19 10:35:05,2024-11-19 10:36:03,18823.717943457,"low r2, but also low flux - checked"
"235","1-Nov-GCW-UP-1",2024-11-19 10:42:33.5,435.975116583473,-5.88319348478269,6.35731039311482e-40,0.966192810625257,13.2127557841486,411.859976883133,-4.47524173244338,0.0922773218518653,18794.4448114658,3.24308075482094,5.72884266797221e-45,0.978369662954751,10.5686743918546,324.978036638857,0.995980739507032,4.64599375218797,411.860610395983,TRUE,-4.4730882688467,0.0987056443251507,13.1926850642513,2024-11-19 10:42:02,2024-11-19 10:43:00,18789.7433149839,NA
"236","1-Nov-GCW-UP-2",2024-11-19 10:50:51.5,386.839917165344,-1.75991307994264,5.27945728179495e-31,0.925575664707172,8.38317868085284,193.316219520581,-1.93276079456669,0.0121976718552764,18812.8163026026,0.428686421036051,1.73839207705835e-71,0.997933180820856,1.3970195448894,174.028023057682,0.998657212201383,1.14834293670225,193.461706474693,TRUE,-1.92855149368255,0.0116741803117945,1.0089669766708,2024-11-19 10:50:20,2024-11-19 10:51:18,18799.7870378263,NA
"237","1-Nov-GCW-UP-3",2024-11-19 10:55:21.5,351.135258628666,-1.55906520008968,1.41435967077818e-33,0.940718260011961,6.02325896974939,254.431322225624,-1.54984762746399,0.0214800733104075,18831.4535752031,0.754915844620575,8.29125866766104e-54,0.990110360485373,2.46014834603996,221.110818891141,0.995045148174152,1.7758368771694,257.127232735407,TRUE,-1.51946593227741,0.0206382311994482,1.82469432809115,2024-11-19 10:54:50,2024-11-19 10:55:48,18818.6164543475,NA
"238","1-Nov-GCW-UP-4",2024-11-19 10:59:53.5,382.079525925576,-1.84831031512543,8.09481144723155e-31,0.924343992622067,8.02169273186355,205.808872015831,-1.83354495876365,0.0136934526560664,18813.3573246282,0.481255544533806,1.07982627314186e-67,0.997108066011353,1.56833379554044,191.112405806533,0.997954392885777,1.3451542732729,205.844117703257,TRUE,-1.83400757688923,0.0150957862955481,1.70009157610321,2024-11-19 10:59:22,2024-11-19 11:00:20,18802.4633939833,NA
"239","1-Nov-GCW-UP-5",2024-11-19 10:46:26.5,420.925528562305,-5.07832754120831,5.89710257395025e-40,0.966290314954548,11.4941093423073,381.213610351476,-3.90964135422095,0.0694797788081699,18818.1233683509,2.44186251811379,2.90353514853943e-48,0.983842581511241,7.95763405683176,242.128533968519,0.998858143260174,2.15734924105368,381.25710271296,TRUE,-3.89777059129783,0.0728641785587121,10.6906029175461,2024-11-19 10:45:55,2024-11-19 10:46:53,18818.7125419636,NA
"240","1-Nov-GWI-TR-1",2024-11-14 11:04:02.5,527.700071766512,0.370177232613156,8.76757171894168e-63,0.918421042952277,2.40624986956517,402.68799068973,0.250271743014241,0.00395792647131019,18080.98293002,0.27606832679898,1.82325686928299e-89,0.972752162859494,1.39064944359319,348.651460580104,0.98362293668446,1.0878833544397,402.886401273171,TRUE,0.248906054451661,0.00388957942172816,1.29022609715345,2024-11-14 11:03:01,2024-11-14 11:04:59,18080.78014318,NA
"241","1-Nov-GWI-TR-2",2024-11-14 11:12:50.5,415.322160576665,0.588672378640163,2.13589746730002e-83,0.965031909301702,1.46988459286441,543.943248907087,0.223601157261318,0.00735412129134449,18071.4486394423,0.512955451470567,6.11055406855931e-56,0.891939515491714,2.58392993302365,374.309287613886,0.976439155837275,1.2174618743583,544.554830743708,TRUE,0.218587852872787,0.00761806677188665,2.73401765845095,2024-11-14 11:11:49,2024-11-14 11:13:47,18066.3434284148,"low r2, but also low flux - checked"
"242","1-Nov-GWI-TR-3",2024-11-14 11:19:52.5,748.02840378252,0.623670760295477,1.24956818032723e-55,0.890551746294368,6.3244419296269,409.565260113764,0.574186357850252,0.00407913000724637,18085.6576281258,0.284522363934476,7.35073194162042e-128,0.994379183577852,1.43323528520318,386.007663719403,0.995586166339956,1.28155851603088,409.750176555754,TRUE,0.572448341222814,0.0043805853674395,1.29388953696449,2024-11-14 11:18:51,2024-11-14 11:20:49,18084.8847762598,NA
"243","1-Nov-GWI-TR-4",2024-11-14 11:27:46.5,NA,NA,NA,NA,NA,342.659605364001,0.0709864748803992,0.00304176481429993,18059.0909896455,0.212165367115022,7.98941108864004e-45,0.829431577873144,1.06874864331355,334.672529056831,0.846456068181483,1.02318757560194,342.786800348318,TRUE,0.0707856078428681,0.00315053820877523,1.09708675629993,2024-11-14 11:26:45,2024-11-14 11:28:43,18058.7919272139,"low r2, but also low flux - checked"
"244","1-Nov-GWI-TR-5",2024-11-14 10:56:44.5,370.49555321441,0.223612841397646,4.88829405848961e-59,0.904847688828089,1.20752880632013,428.62660243551,0.108165420037868,0.00443481592915885,18074.2171398876,0.30933172258227,1.27682012755316e-46,0.841556134830853,1.55820840761639,360.157841456654,0.916092963149233,1.14419406348578,428.885569586976,TRUE,0.106030339243662,0.00443788440310301,1.66115071765969,2024-11-14 10:55:43,2024-11-14 10:57:41,18073.0926319513,"low r2, but also low flux - checked"
"245","1-Nov-GWI-UP-1",2024-11-14 11:51:28.5,NA,NA,NA,NA,NA,153.25442048659,-0.0971464951951673,0.0084174128481198,18049.7827265452,0.295829452624801,5.85988341982395e-16,0.719219110589329,0.964060224422231,157.165822723758,0.719679409891733,0.982346181332826,153.377830656898,TRUE,-0.0985475739194,0.00815347654300773,0.818009495386541,2024-11-14 11:50:57,2024-11-14 11:51:55,18050.3434647525,"low r2, but also low flux - checked"
"246","1-Nov-GWI-UP-2",2024-11-14 11:58:03.5,195.234188051771,-0.477278430928347,4.55348146439312e-27,0.894605642090638,1.42205077667643,176.809416426539,-0.265259314552818,0.0104688515848377,18057.4837598245,0.367927139827127,6.29009990574511e-31,0.925073350383695,1.19901489809617,173.826704909092,0.934161803928922,1.14620435393074,176.857888781892,TRUE,-0.264160301880121,0.0104874768213616,1.39621991261677,2024-11-14 11:57:32,2024-11-14 11:58:30,18057.3444873875,NA
"247","1-Nov-GWI-UP-3",2024-11-14 12:02:13.5,181.263327166408,-0.503467236031414,5.43532840826026e-29,0.911080398966941,1.24949593209448,182.366039204605,-0.251566562128812,0.0110215731047313,18071.3343085854,0.387352503372243,9.25184025535595e-29,0.90924594134845,1.26231900853083,167.071871476167,0.936511817056703,1.07671115451768,182.488183214667,TRUE,-0.248793483306674,0.0113509693390191,1.14071071263349,2024-11-14 12:01:42,2024-11-14 12:02:40,18071.3819725539,NA
"248","1-Nov-GWI-UP-4",2024-11-14 12:09:19.5,NA,NA,NA,NA,NA,156.76764868367,-0.216616681778465,0.00869573268246475,18072.5800091758,0.30561098594561,1.42570387131189e-30,0.922681450723097,0.995936655672682,159.805978897782,0.924046205230676,1.00665644084399,156.958921927862,TRUE,-0.214107465341429,0.00945077334442552,0.866955991532239,2024-11-14 12:08:48,2024-11-14 12:09:46,18072.5965068528,NA
"249","1-Nov-GWI-UP-5",2024-11-14 12:13:19.5,175.252975689628,-0.271530959287446,2.1647247236574e-23,0.854161395409983,1.18185922522672,174.572400819412,-0.18027663689153,0.0102542394518418,18074.7895211631,0.360384609720027,1.55828608022507e-23,0.855987899989277,1.17443501531828,168.09602810814,0.881384114212643,1.0869700984943,174.728323342822,TRUE,-0.182163143546381,0.0100426263871792,1.17357394389559,2024-11-14 12:12:48,2024-11-14 12:13:46,18074.9927748914,"low r2, but also low flux - checked"
"250","1-Nov-MSM-TR-1",2024-11-21 13:58:57.5,257.289182465904,-0.811806971143618,6.21274167642201e-34,0.942562536393933,2.52611694730629,183.97751088466,-0.658717540015407,0.0111872594040575,18435.7814668195,0.393175538088671,2.84590595936463e-49,0.985222980778557,1.28129533460564,148.801131241825,0.992846621899182,0.909134389052692,184.107329042069,TRUE,-0.657786122567237,0.0112094185255722,1.27117020996478,2024-11-21 13:58:26,2024-11-21 13:59:24,18434.9441317386,NA
"251","1-Nov-MSM-TR-2",2024-11-21 13:33:55.75,122.430890318508,0.556743929661838,1.01493395420271e-13,0.80764212479377,1.25449910398514,146.989688297323,0.140392342646169,0.0188704279070771,18481.9601843959,0.58419646817271,1.2483451011295e-08,0.619477083366852,1.76443546427988,109.993299740081,0.878154014639796,1.02916605025868,147.088075361687,TRUE,0.135176239031074,0.0206634472451585,1.80358203327249,2024-11-21 13:33:29,2024-11-21 13:34:26,18476.9283256736,"low r2, but also low flux - checked"
"252","1-Nov-MSM-TR-3",2024-11-21 13:38:39.5,239.064925214991,-0.575850438738315,8.2026434863489e-27,0.892197969281109,2.13387632700061,176.263471531483,-0.402243789637232,0.0104160645982923,18490.067686929,0.36607194445805,5.824133397937e-40,0.966306443641155,1.19296911716397,179.963736836666,0.966492946442912,1.21322280179182,176.310020781598,TRUE,-0.400987276791803,0.01129863357429,1.20216740184653,2024-11-21 13:38:08,2024-11-21 13:39:06,18488.1035245448,NA
"253","1-Nov-MSM-TR-4a",2024-11-21 13:49:00.5,200.420338223231,-0.470089445812561,2.44058540350586e-29,0.913772289606825,1.49200364926779,184.152532543798,-0.309533149966037,0.0112054038495086,18420.2067324882,0.393813223499001,9.56670393932762e-33,0.936201101101431,1.28337344797244,176.333076342679,0.948742747868148,1.17311554025352,184.29400797268,TRUE,-0.305529878677677,0.0107102155263799,1.05901895726264,2024-11-21 13:48:29,2024-11-21 13:49:27,18417.7936347343,NA
"254","1-Nov-MSM-TR-5",2024-11-21 13:54:02.433962,182.157100667825,0.81547500705287,1.95503769034136e-29,0.918552340183822,1.29972674662777,211.574633915471,0.263179504328313,0.0149851235742321,18315.0419889072,0.526692132280026,2.83266241497283e-23,0.858116201776619,1.71545430435143,168.593770178099,0.941526304183747,1.12351809418335,211.574633915545,TRUE,0.263179504328313,0.0149851235742321,2.44882637620449,2024-11-21 13:53:31,2024-11-21 13:54:29,18311.9351772957,"low r2, but also low flux - checked"
"255","1-Nov-MSM-UP-1",2024-11-21 14:24:04.5,184.518846042969,-0.432293472250928,9.42464387156524e-16,0.714077615610895,1.28773377380685,174.705111926182,-0.132324193691613,0.0102668476733317,18378.0407443504,0.360827724882516,8.10698784077519e-18,0.761591742023029,1.17587905579229,178.071223146489,0.764373978693349,1.19214835107323,174.832814695755,TRUE,-0.135856925532141,0.0105586245038335,1.11282080467799,2024-11-21 14:23:33,2024-11-21 14:24:31,18376.4668702009,"low r2, but also low flux - checked"
"256","1-Nov-MSM-UP-2",2024-11-21 14:20:05,NA,NA,NA,NA,NA,181.824291513116,-0.0518174063463406,0.0116343636554814,18363.4713086073,0.402185664977315,4.62228463299171e-05,0.28003266348425,1.29565238236125,174.807788120678,0.41515474524329,1.19135072742211,181.885106228072,TRUE,-0.0523726212723152,0.0113311357191472,1.10535713090684,2024-11-21 14:19:34,2024-11-21 14:20:31,18362.4719143758,"low r2, but also low flux - checked"
"257","1-Nov-MSM-UP-3",2024-11-21 14:15:20.377358,173.784776648147,0.651932953545606,3.27539450298076e-26,0.891090329683206,1.20101839406716,186.831391716895,0.210869542426596,0.0118793154719658,18406.5906495893,0.416831352939812,1.77259343101559e-23,0.860692826750091,1.35832338332762,173.323590359221,0.899882399527527,1.17478583489714,186.903220659753,TRUE,0.213979948370202,0.0119673834378656,1.49354801426565,2024-11-21 14:14:49,2024-11-21 14:15:47,18404.4826243521,"low r2, but also low flux - checked"
"258","1-Nov-MSM-UP-4",2024-11-21 14:28:02.5,NA,NA,NA,NA,NA,173.03545869342,-0.0497266716641182,0.0101093453631863,18415.9442021534,0.355292315958401,9.14133706826329e-06,0.317544058901786,1.15784005554299,161.504602339632,0.488120360239473,1.0226142916847,173.075389447406,TRUE,-0.0507014111355424,0.0108737599833864,1.26489190224138,2024-11-21 14:27:31,2024-11-21 14:28:29,18412.0851205876,"low r2, but also low flux - checked"
"259","1-Nov-MSM-UP-5",2024-11-21 14:10:34.5,NA,NA,NA,NA,NA,180.801104274731,0.0368010225366328,0.010863020485697,18406.0204945436,0.381780181407351,0.00135007486038326,0.180802301576591,1.2441597146662,164.620390564553,0.436251334190155,1.05254629396139,180.982065115012,TRUE,0.0413384274979357,0.0113169363407194,1.10416525489882,2024-11-21 14:10:03,2024-11-21 14:11:01,18403.243712294,"low r2, but also low flux - checked"
"260","1-Nov-SWH-SWAMP-1",2024-11-13 10:03:27.5,953.017401486174,16.4970312164949,5.77531940094581e-58,0.954057288501319,60.2644176247387,875.92196061978,11.0880584182658,0.167212891714554,35611.8982977533,8.96189344917119,2.53444878654887e-74,0.981254820924124,38.4943906415713,577.003520663525,0.999446432087536,6.6953120547132,875.941972173893,TRUE,11.0699265932434,0.184017205329191,48.8906992493938,2024-11-13 10:02:40,2024-11-13 10:04:10,35491.3528201966,NA
"261","1-Nov-SWH-SWAMP-2a",2024-11-13 09:55:29,NA,NA,NA,NA,NA,698.621584910739,5.23658593785368,0.0494457084390182,28504.7750717749,2.73564833488781,9.72027059831845e-94,0.992302950626438,11.9838282112837,635.236383609153,0.996390028188356,8.3030089755209,698.623860114766,TRUE,5.23425920058465,0.0516563927641325,14.1508203234727,2024-11-13 09:54:40,2024-11-13 09:56:13,28455.2599232799,NA
"262","1-Nov-SWH-SWAMP-3a",2024-11-13 09:22:39.5,914.171560725181,1.21455561943215,7.6235267736069e-54,0.882224435261493,13.1066515731169,640.908063114347,1.14415201181418,0.0112519916532936,19146.8066343892,0.784834819797082,3.63380060822309e-112,0.98928405740226,3.95347817737204,599.430823038081,0.992809149626637,3.26788640355045,641.168390325622,TRUE,1.14555589593383,0.0108733425101722,3.15835226513043,2024-11-13 09:21:38,2024-11-13 09:23:36,19138.9423436952,NA
"263","1-Nov-SWH-SWAMP-4",2024-11-13 09:28:54.5,798.363734314938,0.821371549117024,2.44821482489224e-56,0.893688328758814,7.88680249147268,655.303999282598,0.717440852847134,0.0119853517871663,19092.6572404424,0.835987236742392,7.10285212816708e-87,0.969690381081153,4.21115018556021,630.506526248103,0.976456360345463,3.74507019353941,655.697639846358,TRUE,0.710214801585302,0.00879632292328415,2.80553093426255,2024-11-13 09:27:53,2024-11-13 09:29:51,19042.0399694673,NA
"264","1-Nov-SWH-SWAMP-5a",2024-11-13 09:41:26.5,1627.01853783283,27.6415785023242,1.30091055124008e-56,0.894880713127679,298.760331309339,1202.82933829073,27.719631209823,0.132305301909198,19031.7184711601,9.22839360191933,3.94091598357305e-147,0.997454981599452,46.4865367808487,1074.56280813684,0.999202357550806,26.260230107643,1202.8327448475,TRUE,27.7133028362892,0.135117101269785,65.0374113675116,2024-11-13 09:40:25,2024-11-13 09:42:23,19235.8983088654,NA
"265","1-Nov-SWH-TR-1",2024-11-12 14:17:05.5,NA,NA,NA,NA,NA,1045.20181907061,2163.43545575943,32.5025792743689,9573.54119343407,1142.30113327262,5.25850417403284e-52,0.988399317332466,3722.57419648232,915.02574948407,0.999033117288847,1095.98637749937,1045.55943194552,TRUE,2179.66242265942,32.9829766226508,4466.49908229067,2024-11-12 14:16:34,2024-11-12 14:17:32,24096.4624386723,NA
"266","1-Nov-SWH-TR-10",2024-11-12 15:43:13.5,2182.38541460166,933.076616558025,4.34877697418119e-80,0.959937573797328,3413.39036877356,2131.06881092263,507.058585651019,7.75689886399319,30773.7390251611,541.049487921039,4.86858561996488e-91,0.974458789484817,2725.44908739802,1762.10257805832,0.99903085435631,535.703554536549,2135.03265160093,TRUE,493.977851959517,6.6802917360948,2766.69573082905,2024-11-12 15:42:12,2024-11-12 15:44:10,22685.3327299976,NA
"267","1-Nov-SWH-TR-2",2024-11-12 14:26:27.5,841.371740628955,260.115043172612,6.24527733192664e-39,0.963089682728199,563.887720825367,783.295078389373,183.629893635823,2.87558759650629,20006.7933546529,101.06234777817,4.4282877423894e-51,0.987408809942076,329.345806562509,684.717082473216,0.99811598554113,129.92045526913,786.770871980112,TRUE,179.113078124318,2.24518639466046,269.465604634092,2024-11-12 14:25:56,2024-11-12 14:26:54,19827.5631107679,NA
"268","1-Nov-SWH-TR-3a",2024-11-12 14:46:59.5,NA,NA,NA,NA,NA,885.945541273139,338.751633628512,7.43890963510537,22498.1934422172,261.44001787558,1.40639028168692e-43,0.975537376742372,851.990632000223,882.693859270893,0.978611445042432,812.438878015301,885.974071615363,TRUE,337.562759181472,8.15312102222534,867.832626369735,2024-11-12 14:46:28,2024-11-12 14:47:26,23000.8682308351,NA
"269","1-Nov-SWH-TR-4a",2024-11-12 15:10:32.5,564.333360371489,26.5495228372025,1.56758295931475e-08,0.504454023963751,82.9562846327507,577.264122032599,4.93532778288973,0.988939701255629,19351.8072876295,31.3381036429972,9.07429394422056e-06,0.351247683905046,94.9176061740534,539.325367264635,0.729214512904685,62.7007283686797,577.497298035045,TRUE,4.47815797465631,1.10361744279251,91.551250137899,2024-11-12 15:10:04,2024-11-12 15:10:56,19020.5145846086,NA
"270","1-Nov-SWH-TR-5a",2024-11-12 15:18:31.5,618.822644606443,-37.9796478139172,1.68552509455422e-13,0.651537473048437,71.8237626294792,629.1352531514,-5.82518152006934,0.689941302064819,19341.8333818331,24.2479442812014,2.55618929912343e-11,0.578211109219073,79.0201191872571,621.295535709223,0.661253885050325,72.2177482641479,629.179384977152,TRUE,-5.93489691396797,0.740916514065055,83.5633197939503,2024-11-12 15:18:00,2024-11-12 15:18:58,19231.1198324502,"low r2, but also low flux - checked"
"271","1-Nov-SWH-TR-6",2024-11-12 16:14:54.5,1759.45217955805,75.6313468772926,1.74104953653896e-58,0.902666772242209,534.050813205528,1373.95080378192,51.4744153565669,0.280239582361602,24206.7559165902,19.5469201275491,9.50031256772244e-141,0.996691319685578,98.4644414465194,1324.06032678925,0.997937691614425,78.4407053894587,1378.72518836298,TRUE,50.9658956365365,0.133642542999654,44.6575348012851,2024-11-12 16:13:53,2024-11-12 16:15:51,23165.2531563734,NA
"272","1-Nov-SWH-TR-7a",2024-11-12 16:06:35.5,2243.98777273236,3283.50256383843,8.65654593266107e-94,0.977189019712235,4472.25082285418,2480.46345267773,806.875409668887,35.9099804086397,77121.778902103,2504.74794786059,2.65614625535722e-43,0.818439291241213,12617.2617497329,2062.80906762617,0.995505441668315,2003.13563703736,2482.17942477962,TRUE,767.034368715873,33.8655896782871,14289.0451408454,2024-11-12 16:05:34,2024-11-12 16:07:32,45935.2380095578,NA
"273","1-Nov-SWH-TR-8",2024-11-12 15:50:34.5,NA,NA,NA,NA,NA,684.6134817418,9.29233611354576,0.0208427009143202,25040.2464025253,1.33352571237921,1.28379934066754e-169,0.999487096649449,6.38106700662034,649.870684996031,0.999646614144459,5.34934002531995,685.210241119523,TRUE,9.28544507819842,0.0201149916105253,5.66019402918769,2024-11-12 15:49:38,2024-11-12 15:51:26,25070.8046992389,NA
"274","1-Nov-SWH-TR-9a",2024-11-12 15:34:55.5,NA,NA,NA,NA,NA,1852.44279216866,-8.67754378161506,2.28539455563254,22817.1495602015,159.407976783388,0.000238328275330058,0.114042357453814,802.991841869472,1788.01740485093,0.513884404625764,600.187711745438,1852.60558415189,TRUE,-8.5302421417019,2.18732024666923,968.049611550606,2024-11-12 15:33:54,2024-11-12 15:35:52,22203.0011306411,"low r2, but also low flux - checked"
"275","1-Nov-SWH-UP-1",2024-11-13 10:11:00.5,651.937625409473,-0.20809593208215,6.48521692768733e-44,0.82294496239773,4.14943016805676,474.841488979915,-0.291410508812965,0.00543132425406954,19457.7452758332,0.378838922347979,9.93788616603596e-82,0.962550784935497,1.90833965882032,416.145572401578,0.978392908528542,1.46266591219849,475.229364729633,TRUE,-0.294566924774382,0.00532696450802631,1.73608486221104,2024-11-13 10:09:59,2024-11-13 10:11:57,19438.9445559985,NA
"276","1-Nov-SWH-UP-2",2024-11-13 10:17:01.5,554.83371123636,-0.990934201655331,1.73759217961927e-45,0.914179471674427,6.423592697447,313.096012010647,-0.891334833434216,0.00685595054130107,19679.2983980329,0.359539974172198,9.53069646946847e-97,0.995172018443755,1.52357979629427,264.988177696645,0.997403674640221,1.13115962222412,313.433097927542,TRUE,-0.895271317417087,0.00739625587274431,1.41644089132038,2024-11-13 10:16:15,2024-11-13 10:17:43,19678.5784105695,NA
"277","1-Nov-SWH-UP-3",2024-11-13 10:22:18.5,443.777614381,-1.26002576516451,3.3608203496192e-107,0.986856800592072,1.66527206319477,667.689886164448,-0.416515194550622,0.0126544544675829,19520.4391741354,0.882657648327415,2.05829995740367e-59,0.906304777148316,4.44624481831117,424.621178568277,0.989272850764822,1.51806189044325,682.533711643952,TRUE,-0.37503119691725,0.00946272514456897,2.9345699969079,2024-11-13 10:21:17,2024-11-13 10:23:15,19551.2123627581,NA
"278","1-Nov-SWH-UP-4",2024-11-13 10:28:08.5,NA,NA,NA,NA,NA,459.365338307486,0.901683572256367,0.00705742352001926,19136.2894653667,0.451537243938925,2.21272276684099e-114,0.993790181317595,2.16065530856417,341.074058046182,0.998083972556035,1.21212379742047,459.380283764156,TRUE,0.901852489806801,0.00739453802236308,2.67876615202823,2024-11-13 10:27:12,2024-11-13 10:29:00,19145.7312386619,NA
"279","1-Nov-SWH-UP-5",2024-11-13 10:33:32.5,885.013124880491,1.19667323303678,2.00859328704473e-58,0.902418235776774,11.5332247487742,492.833331402284,1.11031218033034,0.00587728294624713,18985.2187858832,0.409944874129386,4.12063051826561e-142,0.99687161465577,2.06503084842118,355.058958038328,0.999097979333288,1.1188898526178,492.90709095362,TRUE,1.11114826352499,0.00673818608074077,2.20424288157696,2024-11-13 10:32:31,2024-11-13 10:34:29,18983.9680931079,NA
"280","1-Oct-GCW-TR-1",2024-10-02 11:15:23.5,NA,NA,NA,NA,NA,199.666815964948,0.248287916367841,0.0129364242902732,18623.4211733846,0.454649829557608,2.95865724396488e-25,0.876299053968193,1.48163008391441,173.189160654263,0.929651187545229,1.13945802667355,199.842795447875,TRUE,0.244135633356475,0.0135154763639143,1.41946431746078,2024-10-02 11:14:52,2024-10-02 11:15:50,18621.5478753316,"low r2, but also low flux - checked"
"281","1-Oct-GCW-TR-2",2024-10-02 11:20:02.5,542.098814535103,8.05102156379977,3.92623185784141e-31,0.926417322398004,35.2974083412396,310.078309725022,8.18867298356082,0.0359588621445814,18767.5822155329,1.26377198043914,1.1524859081118e-79,0.998998264872041,4.11842799380058,280.031980870574,0.999466744147754,3.06435806358942,317.625361218429,TRUE,8.10044994696436,0.015416833174636,1.57569331575691,2024-10-02 11:19:31,2024-10-02 11:20:29,18768.1627053629,NA
"282","1-Oct-GCW-TR-3",2024-10-02 11:24:18.5,NA,NA,NA,NA,NA,220.200766318851,-0.186844295441616,0.0156453866513318,18867.0857740497,0.549856143767581,1.59791210664045e-16,0.732815659854915,1.79189202649418,173.187525073387,0.896118671032291,1.13944077054719,220.616054638153,TRUE,-0.180031417929555,0.0155758654442914,1.62641135740121,2024-10-02 11:23:47,2024-10-02 11:24:45,18868.2161359316,"low r2, but also low flux - checked"
"283","1-Oct-GCW-TR-4",2024-10-02 11:30:22.5,466.326239807063,4.84868578069435,2.25340819649732e-32,0.934066588933731,17.5001880922504,289.065811525279,4.28576229181325,0.029601214720231,18996.4125614858,1.04033285591679,1.87549165808993e-69,0.997525484088083,3.39027611230106,254.661518066867,0.998784866234073,2.42280610009428,294.809207756649,TRUE,4.22527407157264,0.0144422223619318,1.21749774348388,2024-10-02 11:29:51,2024-10-02 11:30:49,18986.8349137069,NA
"284","1-Oct-GCW-TR-5",2024-10-02 11:34:19.5,NA,NA,NA,NA,NA,207.080997420619,1.7302553221818,0.0138557006775566,18701.9957705846,0.486957741188877,4.0178612142683e-66,0.996676511616603,1.58691632996428,201.803301222494,0.997201157999611,1.48512431144861,207.410263297284,TRUE,1.72422207723312,0.0135275765723205,1.70341838084205,2024-10-02 11:33:48,2024-10-02 11:34:46,18708.3825783015,NA
"285","1-Oct-GCW-UP-1",2024-10-02 11:39:59.5,413.991430325124,-3.22689073419724,4.4904086945954e-34,0.943274499636296,10.7793262089894,281.289847623001,-2.84263396394011,0.0275448540572564,18482.6135963521,0.968062187921357,7.80862054848529e-62,0.995141221179733,3.1547577222671,227.277843888241,0.998340542454193,1.88019195474513,287.797641873991,TRUE,-2.78319343573616,0.0161240419833909,1.33442527958512,2024-10-02 11:39:28,2024-10-02 11:40:26,18490.3408500727,NA
"286","1-Oct-GCW-UP-2",2024-10-02 11:48:04.5,390.560547889641,-3.05789944148504,5.17294366927244e-35,0.947794206989316,8.67701386384724,278.932022494895,-2.38313044696469,0.0269500194327805,18525.5034878046,0.947156761926919,2.30073992176097e-58,0.99339386639718,3.08663032826688,186.093006267696,0.998900689202283,1.28406751561283,279.060267476907,TRUE,-2.37543387268337,0.0289486610114681,3.34100660651642,2024-10-02 11:47:33,2024-10-02 11:48:31,18526.7260562661,NA
"287","1-Oct-GCW-UP-3",2024-10-02 11:51:46.5,360.178735265994,-1.82582997542922,2.38124576717063e-33,0.939519911301778,6.54934054699913,223.658816907335,-1.67269535835649,0.0161544423151272,18487.6057411099,0.567746873507635,6.5738780625029e-62,0.995173278000687,1.85019501416237,181.522743963836,0.997945986177586,1.23086299163994,223.921211369009,TRUE,-1.66561577539382,0.0151172804713994,1.72355357447702,2024-10-02 11:51:15,2024-10-02 11:52:13,18489.0584067853,NA
"288","1-Oct-GCW-UP-4",2024-10-02 11:56:02.5,439.550741488896,-3.55888820725908,1.47994050185803e-32,0.935122858919808,13.6575208548654,263.561491024973,-3.37178721760786,0.0233749347234239,18424.8054021354,0.821510631490002,2.27283779528865e-69,0.997507128770628,2.67716995969287,215.921705583667,0.999041951784225,1.69252999249485,264.733842558329,TRUE,-3.35135338515397,0.0232316266403956,2.14989357251851,2024-10-02 11:55:31,2024-10-02 11:56:29,18429.5424950026,NA
"289","1-Oct-GCW-UP-5",2024-10-02 11:43:54.5,452.448789566361,-6.19387642450484,1.0168535625369e-36,0.955110309749076,15.3899810936025,357.724424761191,-4.55561970761142,0.0558988215568568,18353.3562835534,1.96456061760475,1.55588762637187e-56,0.99223168525134,6.40218454617906,228.138412400386,0.999345420212435,1.89523359900864,358.480902545479,TRUE,-4.51450596957678,0.0502765909209608,7.29092427147659,2024-10-02 11:43:23,2024-10-02 11:44:21,18407.3160775606,NA
"290","1-Oct-GWI-TR-1",2024-10-23 12:28:54.5,341.698426520007,2.26468318245918,2.48284868075977e-37,0.957477756183205,5.51929643567784,274.851388245421,1.67477886919947,0.0259507462899829,18403.8883679337,0.91203736928331,2.57295238352918e-51,0.987668965598276,2.9721819214123,196.397720622801,0.997321654010358,1.41262094894582,275.390299639746,TRUE,1.65889252725238,0.0267457785030634,2.94717248173546,2024-10-23 12:28:23,2024-10-23 12:29:21,18402.4145201594,NA
"291","1-Oct-GWI-TR-2a",2024-10-23 12:36:01.5,218.958488107874,1.31522195171424,2.30488491361926e-43,0.975068360902536,1.77139874096743,245.314098193523,0.691851516061111,0.0197411826105151,18418.4619805718,0.693802638792915,7.53563318382172e-38,0.959382277066855,2.26099031629469,175.25642551936,0.989693589152972,1.16147886353739,246.196148742506,TRUE,0.689015367525353,0.0207458048899431,1.83454668935525,2024-10-23 12:35:30,2024-10-23 12:36:28,18415.5720976709,NA
"292","1-Oct-GWI-TR-3a",2024-10-23 12:43:17.5,265.155839128642,0.949720090625751,1.01683536680049e-33,0.941465027727484,2.71698479404101,208.06177457778,0.699833142751683,0.0139821011056103,18455.0504048313,0.491400076395356,1.1489618953869e-45,0.979665338347199,1.60139318018362,179.287239490494,0.988917236477497,1.20564709016074,208.07465635172,TRUE,0.698886777356641,0.0140346644323602,1.95842710381604,2024-10-23 12:42:46,2024-10-23 12:43:44,18457.8436136563,NA
"293","1-Oct-GWI-TR-4a",2024-10-23 12:51:55.5,285.204742656207,1.82087930342714,2.76014665790664e-40,0.967259769711752,3.27121255942699,270.164047059482,1.12407460047272,0.0248485415501964,18378.5005888799,0.873300452045809,1.96851806538533e-43,0.975219099735467,2.84594458840146,158.484126150752,0.997090874710318,0.994410685942858,270.624218638123,TRUE,1.13272264581062,0.0248687890312655,2.88962779053068,2024-10-23 12:51:24,2024-10-23 12:52:22,18376.8919855318,NA
"294","1-Oct-GWI-TR-5",2024-10-23 12:57:04.5,301.585906090284,1.65606090270445,5.55678325499964e-39,0.963255015407015,3.80698740364533,268.748987090048,1.23785788583523,0.0245250894700989,18309.342532109,0.861932748746454,7.49666935572306e-46,0.979996432151111,2.80889908635052,168.105367271287,0.99711920632255,1.08706409692035,268.777341151309,TRUE,1.24122550129763,0.0253700288361273,3.29449760749171,2024-10-23 12:56:33,2024-10-23 12:57:31,18306.8373493348,NA
"295","1-Oct-GWI-UP-1",2024-10-23 13:02:27.5,202.930297323215,0.23421039963754,9.79080661076846e-13,0.627397306008363,1.52708442019052,187.91657690071,0.133453342398454,0.0116028227736935,18267.9289197686,0.407780486947486,6.66323036485152e-16,0.717838153880659,1.32889049509279,189.622222393657,0.729575544426312,1.32672130337748,187.933751739539,TRUE,0.132185054268584,0.0109455075036581,1.15423896013065,2024-10-23 13:01:56,2024-10-23 13:02:54,18268.143736691,"low r2, but also low flux - checked"
"296","1-Oct-GWI-UP-2",2024-10-23 13:06:09.5,186.976671625952,0.290872698939389,5.2141801189318e-21,0.820049119359707,1.3173755703936,180.766363506771,0.179161485820175,0.0108595266988233,18290.151618597,0.381657392484306,2.59232495151075e-22,0.839598792668604,1.24375956547329,180.302534208656,0.852324881314473,1.21703467295148,180.821530022025,TRUE,0.181336680756877,0.0115896280174822,1.31128178242445,2024-10-23 13:05:38,2024-10-23 13:06:36,18288.5103797921,"low r2, but also low flux - checked"
"297","1-Oct-GWI-UP-3",2024-10-23 13:10:47.5,199.932116640908,-0.645684437328693,9.03834770181171e-31,0.924022979207404,1.48527416403791,208.678891149602,-0.323758096130897,0.0140622241183539,18620.3486525282,0.494215994710196,6.13927167353073e-29,0.910663669442996,1.61056980143776,187.837715929338,0.94360466293391,1.30497972626862,208.853692050132,TRUE,-0.329417883987634,0.0145471562715127,1.29918390553884,2024-10-23 13:10:16,2024-10-23 13:11:14,18616.3505076262,NA
"298","1-Oct-GWI-UP-4",2024-10-23 13:14:59.5,240.257435148928,-0.787172446654956,1.85865844600725e-32,0.934552541933914,2.15756863605205,191.326285192957,-0.523931277626562,0.0119749837241717,18945.6572169347,0.420860060476172,1.06887977349235e-42,0.97355372683584,1.37151470468224,180.845579082443,0.97977430101197,1.22316956930717,191.598153874565,TRUE,-0.517815609498144,0.0123865771422064,1.14903840098933,2024-10-23 13:14:28,2024-10-23 13:15:26,18946.9900283009,NA
"299","1-Oct-GWI-UP-5",2024-10-23 13:19:03.5,267.671446389301,-1.08333043180201,3.80859113763432e-37,0.956772814941125,2.7810133999994,223.176311397365,-0.834148647651576,0.0160824310043455,19053.5647040739,0.565216040455279,1.86805330501565e-46,0.981037077983018,1.8419474395589,164.509547349362,0.994058331600616,1.05146659242131,223.213323418659,TRUE,-0.835538848800069,0.0169823217446614,2.16485974096742,2024-10-23 13:18:32,2024-10-23 13:19:30,19055.1345191295,NA
"300","1-Oct-MSM-TR-1a",2024-10-17 13:13:39.5,206.343092571185,0.390118523348396,2.41285773162274e-25,0.877262986121086,1.57611075614025,191.310870908219,0.269773590117844,0.0119732747182736,18554.0669836076,0.420799997569851,1.70711016622941e-28,0.907086449846847,1.3713189694083,185.875085141062,0.92198253443489,1.28147915158295,191.402520315591,TRUE,0.270915470805717,0.0121557010335957,1.53670527908756,2024-10-17 13:13:08,2024-10-17 13:14:06,18553.0833033955,NA
"301","1-Oct-MSM-TR-2",2024-10-17 13:17:51,241.380937956943,-1.19236544888582,5.4706402257719e-40,0.96415408651044,2.09469678737239,272.713465995668,-0.662129363174193,0.0236561735264663,18448.0575297499,0.845025538422733,1.99732519845309e-33,0.936634984738067,2.7850058539206,223.457530780672,0.975938280667194,1.74951437626184,273.089301613645,TRUE,-0.652447182514847,0.0232718154989297,2.68040384501258,2024-10-17 13:17:19,2024-10-17 13:18:18,18451.9932465787,NA
"302","1-Oct-MSM-TR-3",2024-10-17 13:21:58.5,NA,NA,NA,NA,NA,188.604788397291,-0.11182531463444,0.0116769958505505,18452.009164361,0.410387295134517,4.53250429426011e-13,0.638160881481952,1.33738566034262,184.005294015048,0.691429669488444,1.25948400485691,188.613739962853,TRUE,-0.111658784006657,0.0123755759506751,1.61477369661544,2024-10-17 13:21:27,2024-10-17 13:22:25,18458.2106049584,"low r2, but also low flux - checked"
"303","1-Oct-MSM-TR-4",2024-10-17 13:25:56.5,376.599168164229,3.82119319464261,9.43944027771437e-42,0.971243854129058,7.62479479564796,359.341551108988,2.80126839057705,0.0567421142509236,18657.9958356655,1.99419808704929,2.31532141474996e-45,0.979110095316035,6.49876825409084,269.705898472018,0.996311306075314,2.7849397307329,365.983779452236,TRUE,2.6777371813731,0.0408250765301986,4.49714786872626,2024-10-17 13:25:25,2024-10-17 13:26:23,18653.7257138988,NA
"304","1-Oct-MSM-TR-5",2024-10-17 13:29:51.5,297.304186711583,-2.73022285637285,8.00390620418903e-46,0.979946016583787,3.65900999940165,320.645617708054,-1.60149008503757,0.0396551573355624,18384.7424879238,1.39367804573708,6.11548218326087e-41,0.969102461198277,4.54177079943996,155.238231973913,0.998658883172207,0.964968743393325,320.800657796102,TRUE,-1.58832642396367,0.0388360738724185,5.72082449341771,2024-10-17 13:29:20,2024-10-17 13:30:18,18392.3016055532,NA
"305","1-Oct-MSM-UP-1",2024-10-17 13:36:41.5,300.796880871732,-1.81954729895707,1.36027659277917e-39,0.965189790335398,3.77927570787774,276.739031987654,-1.26105825275522,0.0264083051782134,18572.6351872529,0.928118248039197,1.25986994737684e-44,0.977704273912168,3.02458689814722,177.469706091554,0.996706337785389,1.18552701502386,276.764067852976,TRUE,-1.2590794336176,0.0276031959428138,3.66526646812433,2024-10-17 13:36:10,2024-10-17 13:37:08,18572.2390759204,NA
"306","1-Oct-MSM-UP-2",2024-10-17 13:40:57.5,355.946445048216,-4.17948541648853,5.82734000765943e-44,0.976352077963082,6.29764964989829,362.039021158673,-2.54408891121833,0.0581771848683748,18495.9525680751,2.04463355491794,1.09663525614519e-42,0.973527651603608,6.66312926696795,181.134213081727,0.99913762268275,1.22644290738591,362.352586022073,TRUE,-2.52532075861765,0.059339092741918,7.40910839446253,2024-10-17 13:40:26,2024-10-17 13:41:24,18506.0054029987,NA
"307","1-Oct-MSM-UP-3",2024-10-17 13:44:39.5,282.087425669677,-1.17866695841468,1.62362922030751e-36,0.954295786787257,3.17814179017082,228.183641788714,-0.928073956194828,0.0168456355337143,18554.9119932232,0.592038816317386,8.56498220644968e-48,0.98315637467087,1.92935851742086,160.70721021804,0.995516810904779,1.01509186827321,228.971360383618,TRUE,-0.930228113727815,0.0181020395162546,1.38536327252946,2024-10-17 13:44:08,2024-10-17 13:45:06,18553.2708620709,NA
"308","1-Oct-MSM-UP-4",2024-10-17 13:48:34.5,252.841938854515,-1.26242320301059,8.58584542782867e-40,0.965800055414349,2.42420864385117,246.985421235735,-0.81257961568325,0.0200490576953887,18542.8240221628,0.70462288956098,5.10973805604302e-41,0.969315120961685,2.29625175930252,182.544223479861,0.991360537193448,1.24255989896723,247.145450432388,TRUE,-0.813341119843549,0.0195465126653126,2.14934411636197,2024-10-17 13:48:03,2024-10-17 13:49:01,18544.3420198251,NA
"309","1-Oct-MSM-UP-5",2024-10-17 13:52:29.5,246.031431239854,-1.86405849792671,3.11883735856783e-46,0.980659671861764,2.27605773544056,286.170497911269,-1.00927923886714,0.028818194436679,18449.4485098627,1.01281365660259,7.79571064290904e-38,0.959329276626799,3.30059550331716,187.484672722691,0.993926596533468,1.30072081859851,286.854991477352,TRUE,-0.988758119559149,0.0275744224463925,3.52598019341934,2024-10-17 13:51:58,2024-10-17 13:52:56,18456.6036005993,NA
"310","1-Oct-SWH-SWAMP-1a",2024-10-22 13:38:16,513.877222716796,20.4478915264321,1.69060951413814e-26,0.930293372855506,69.8865285627988,384.558585965332,19.8844263789462,0.190654141352542,143918.710618836,5.71220510103463,2.40303251114924e-53,0.996062492492316,16.609904342196,377.000564730522,0.996954384563495,14.9601609456823,384.558585965346,TRUE,19.8844263789462,0.190654141352542,23.0901230947998,2024-10-22 13:37:49,2024-10-22 13:38:38,143847.732963334,NA
"311","1-Oct-SWH-SWAMP-2",2024-10-22 13:42:12.5,685.614228983617,25.1829502526809,2.54759581678164e-25,0.877006867523169,133.307164540061,631.057831080744,23.39054035609,0.702333366244155,21315.7416435602,24.6834626084132,9.55704622178679e-37,0.955217167832778,80.4394028067429,634.412928685485,0.955748812003384,81.544034821705,634.583690376898,TRUE,22.4088849678485,0.542091092821024,51.8310996157415,2024-10-22 13:41:41,2024-10-22 13:42:39,21162.3714995455,NA
"312","1-Oct-SWH-SWAMP-3a",2024-10-22 13:47:26.5,264.47655296431,3.38376493080976,9.90361542713106e-26,0.928872456919231,4.67184949627772,280.970313409418,1.27614351313532,0.0668978354215227,36914.4064479934,1.96581768016709,2.64172076134871e-22,0.89652471014577,5.63492662996459,259.83704352871,0.941552894851227,4.33956394483308,281.140554227412,TRUE,1.25415063354605,0.0668030969125303,6.45691738779112,2024-10-22 13:47:00,2024-10-22 13:47:48,36885.4771920089,NA
"313","1-Oct-SWH-SWAMP-4",2024-10-22 13:51:16.5,420.511182386881,9.18228647495418,5.3903831338929e-35,0.964497691568394,18.5443672478504,371.487498760183,6.91021486664061,0.115946266960981,20819.991689706,3.67417358857011,3.34948948075531e-45,0.987215020844089,11.1284258188653,307.52674725018,0.996896836768198,5.60581306022879,374.083641666058,TRUE,6.77989063377033,0.0927346157575425,7.41413294008549,2024-10-22 13:50:48,2024-10-22 13:51:40,20829.1005311361,NA
"314","1-Oct-SWH-SWAMP-5a",2024-10-22 13:59:09,457.609530010317,28.1251868984435,1.61851158511101e-47,0.988814729826098,24.7830096915549,514.501344604286,15.9356111937764,0.447364407725139,33241.2293557783,14.4340030741487,1.15878662397929e-35,0.964281984749675,44.2868168909529,374.544826512466,0.998107749112849,10.4174839064913,518.333449515316,TRUE,15.1949531134768,0.342340544820034,38.0647339021396,2024-10-22 13:58:40,2024-10-22 13:59:33,33052.910191619,NA
"315","1-Oct-SWH-TR-10",2024-10-24 10:28:28.5,867.736112714372,2.36236353760825,3.61045479076228e-49,0.896957522548739,19.8456319568804,517.828510142845,2.15991130350613,0.0118882499163421,21650.395772104,0.719460148475131,1.27129104831007e-123,0.997100159993991,3.32923004688231,511.019217368094,0.997403000710063,3.18393646005966,517.857108322399,TRUE,2.15985324985977,0.0122167144850339,3.72838540953613,2024-10-24 10:27:35,2024-10-24 10:29:17,21649.7014395969,NA
"316","1-Oct-SWH-TR-1a",2024-10-24 09:47:58.5,2166.66048423365,265.086512349028,1.11901339110129e-54,0.886187096013247,3185.9070850906,1695.18573600078,284.184810604053,1.14661571934743,20864.3019958232,79.9773026144341,2.75527095613058e-155,0.998180043678706,402.872697025592,1640.49623663659,0.998912379446478,314.259724340105,1695.20550915575,TRUE,284.344130309443,1.29014161618877,434.942007480637,2024-10-24 09:46:57,2024-10-24 09:48:55,22769.8105659767,NA
"317","1-Oct-SWH-TR-2a",2024-10-24 09:56:53.5,2149.97148036037,664.019108353457,6.91758881317809e-57,0.908595503210757,4995.04362040657,1902.7308788938,522.590164350101,4.90800901011114,46284.3847983094,325.344608368945,1.34315922866264e-109,0.990736982607859,1590.12675102309,1698.62176223762,0.998651364173683,612.546571407521,1905.30482370218,TRUE,530.010596333056,4.94728503701846,1192.82990505517,2024-10-24 09:55:55,2024-10-24 09:57:47,43639.3395585272,NA
"318","1-Oct-SWH-TR-3a",2024-10-24 09:28:13.5,1683.50712214601,106.412104303744,1.21368003963081e-45,0.835066125310794,382.756353182414,1770.20803619017,22.8362488843403,1.59338379398323,26875.9169538134,111.139709426675,4.31251517018583e-27,0.647137321734255,559.848269692512,1575.65102728149,0.938172341090247,236.467547496667,1770.21022211246,TRUE,22.7627581695893,1.61127705878545,684.350464001266,2024-10-24 09:27:12,2024-10-24 09:29:10,25108.3699673425,NA
"319","1-Oct-SWH-TR-4",2024-10-24 10:22:42.5,NA,NA,NA,NA,NA,1415.58717441911,29.0581665622,0.336386416842708,20189.0960663106,23.4632037580348,2.47341085368319e-104,0.985212712599034,118.192085377414,1264.19657746244,0.996216337558729,60.3271764710379,1415.58718256427,TRUE,29.0584045427615,0.339258770190185,155.008695734055,2024-10-24 10:21:41,2024-10-24 10:23:39,19948.1458904762,NA
"320","1-Oct-SWH-TR-5",2024-10-24 10:09:39.5,1352.87098719364,7.77757864744673,1.28125412283013e-54,0.885911906194707,89.7690397153917,832.03371214167,8.00033925059611,0.0260187007553814,21398.8484739303,1.81482380612385,9.28703666982134e-166,0.99881679971193,9.14188072738788,762.636874676602,0.999378493575941,6.68562321519436,832.502248624033,TRUE,8.00221262294041,0.0264090253576727,8.76933566247662,2024-10-24 10:08:38,2024-10-24 10:10:36,21358.7659304083,NA
"321","1-Oct-SWH-TR-6a",2024-10-24 09:38:47.5,1412.68464618258,12.0289413548914,4.22328661666593e-54,0.883458646917977,116.696991145571,859.273038645257,10.2915641363355,0.029320480633825,20995.7571464571,2.04512541811886,3.43488511349603e-172,0.99909175545442,10.301987764269,856.460517907632,0.999144441294863,10.0892110423349,859.738786413702,TRUE,10.3022090400864,0.022722117116441,5.7165480628372,2024-10-24 09:37:46,2024-10-24 09:39:44,20983.7935912833,NA
"322","1-Oct-SWH-TR-7",2024-10-24 10:02:31.5,1887.51427402003,111.036541716904,7.72229268179121e-62,0.915191891884601,936.516221507986,1576.64727031318,96.5934183248337,0.681750993258331,31205.4543756124,47.552640850366,3.55147337223048e-128,0.994451721987999,239.538719659429,1283.27367635981,0.999591413928827,65.5920287979948,1576.98715505756,TRUE,96.4425136067354,0.689664002811639,273.438673206023,2024-10-24 10:01:30,2024-10-24 10:03:28,33965.8017206439,NA
"323","1-Oct-SWH-TR-8a",2024-10-24 09:16:38.5,NA,NA,NA,NA,NA,1654.78931648475,16.1535095699259,0.960441189543081,43545.6575289734,66.9914901421118,2.0038347987245e-32,0.716364846489806,337.458771789648,1536.81676883128,0.902704366356828,199.434384737528,1655.3602206859,TRUE,15.5862452387655,0.940309038179833,400.624099235967,2024-10-24 09:15:37,2024-10-24 09:17:35,44638.8551235815,"significant ebulition, flux compromised"
"324","1-Oct-SWH-TR-9",2024-10-24 10:15:53,1268.96088564306,9.30945496502684,1.44853270372201e-52,0.892040009627373,89.3161292663689,1155.21237070234,8.55411494906402,0.164293752594121,24168.6383988644,10.7959873831353,8.05776491857086e-77,0.962711294996084,52.4912754515051,1123.3619550897,0.973327319143889,44.8237148311378,1157.44872964698,TRUE,8.63834485512687,0.130832684568151,42.6201021344108,2024-10-24 10:14:55,2024-10-24 10:16:46,24149.6705534453,NA
"325","1-Oct-SWH-UP-1",2024-10-22 13:04:50.5,237.923370450534,1.23625188114543,2.45295036534236e-41,0.970168615204796,2.11144014125426,250.236774196835,0.755135603508451,0.0206618142596795,20022.2126702941,0.72615818101896,9.24977661465064e-39,0.962528261244925,2.36643178273078,175.295999126431,0.991313928109728,1.16190453326234,250.339030332342,TRUE,0.756947710719474,0.0212075616167884,2.68330911192239,2024-10-22 13:04:19,2024-10-22 13:05:17,20024.1739224909,NA
"326","1-Oct-SWH-UP-2",2024-10-22 13:08:31.5,234.768312413863,-0.838621988268595,5.75689588343991e-39,0.963205016620601,2.05064985576949,234.598442694773,-0.660630714511115,0.0178765162322098,20383.9303321274,0.628269054546169,5.3044792681662e-39,0.963320582043036,2.04742698994044,183.068043237405,0.986883446631406,1.24860118060893,235.510711687664,TRUE,-0.645864371653732,0.0162493638615903,1.86505099951442,2024-10-22 13:08:00,2024-10-22 13:08:58,20373.3241944182,NA
"327","1-Oct-SWH-UP-3",2024-10-22 13:12:05.5,210.968583041641,1.26721979690125,1.52971403288995e-26,0.889588744207661,1.64507977942546,252.723302044583,0.271882715556594,0.0211430380463775,20369.0106721229,0.743070761164141,8.87539766009037e-18,0.760764691880651,2.42154713945289,197.969658958441,0.919406565139036,1.43333198385456,252.782851470969,TRUE,0.26693141781643,0.0241126143029559,2.49998602736828,2024-10-22 13:11:34,2024-10-22 13:12:32,20370.2058957918,"low r2, but also low flux - checked"
"328","1-Oct-SWH-UP-4b",2024-10-22 13:23:00.5,471.424756849307,4.34273714816899,1.51338453937865e-31,0.929062748714555,18.3461569148295,276.203784337893,4.33280481560472,0.0262777494874058,21066.1345775251,0.923529876380877,2.20470567935166e-72,0.998090975255073,3.00963413880766,241.176904250472,0.999073301950075,2.13842350698068,278.151670796018,TRUE,4.30303692192628,0.021757490298748,2.48259843759,2024-10-22 13:22:29,2024-10-22 13:23:27,21079.1629865858,NA
"329","1-Oct-SWH-UP-5",2024-10-22 13:26:56.5,512.379621676407,6.73932891769261,1.0223373716265e-31,0.930123460168661,26.8061632071637,462.698413272735,6.29524326838177,0.147750445834352,20573.1326123215,5.19268025756986,4.09065213749018e-42,0.972153491503956,16.9221030903061,452.826628965019,0.978461916457492,15.1771127332988,464.217279687443,TRUE,6.36349661983463,0.0514687907808474,5.78334271364027,2024-10-22 13:26:25,2024-10-22 13:27:23,20566.5244642615,NA
"330","1-Sep-GCW-TR-1",2024-09-10 13:26:33.5,225.970908023476,1.75881190227016,1.84680328302653e-47,0.982651344073557,1.89023147982678,276.121410126755,0.883500380268836,0.0262577144541228,18604.5222002835,0.922825746378421,5.73922558714303e-37,0.956086225662884,3.00733949328752,184.762984530742,0.99248928049991,1.26835117562373,278.251808499059,TRUE,0.851986626017873,0.0226144915642458,2.74364396347308,2024-09-10 13:26:02,2024-09-10 13:27:00,18597.290483827,NA
"331","1-Sep-GCW-TR-2",2024-09-10 13:22:13.5,377.924501065108,1.91972894864197,1.98410671671861e-29,0.914455117249672,7.71893970752409,212.193060979195,1.65833382472747,0.0145273150092705,18817.6493310834,0.510561585233461,4.21208150747256e-64,0.996025335109308,1.66383743090588,213.704845407422,0.996204324569054,1.65814243933547,212.45003704574,TRUE,1.65187173095276,0.013317693940691,1.49786688192096,2024-09-10 13:21:42,2024-09-10 13:22:40,18808.7557009418,NA
"332","1-Sep-GCW-TR-3",2024-09-10 13:18:25.5,309.870983672686,0.914619923173798,2.57699095945008e-29,0.913592051982673,4.11052949034641,183.365587159394,0.876772612074208,0.0111240520693001,18758.3137286401,0.390954120227795,8.73192420915685e-56,0.991698907484644,1.2740560939469,173.040136268971,0.993633174416093,1.13788682360612,183.391914385159,TRUE,0.87556361815417,0.0110491602577797,1.45690835923882,2024-09-10 13:17:54,2024-09-10 13:18:52,18753.6239290848,NA
"333","1-Sep-GCW-TR-4",2024-09-10 13:14:19.5,426.831918708726,2.30228102574451,2.19197508226769e-26,0.888054100246322,12.1402146984178,288.355454828142,2.27467487125332,0.0294071552771841,18810.6036202718,1.03351264882358,2.3003096844582e-55,0.991383863727616,3.36805016311801,273.494622955233,0.993923905779449,2.88437146957786,289.55105589737,TRUE,2.29687048205876,0.0279808823373563,2.52873249081371,2024-09-10 13:13:48,2024-09-10 13:14:46,18794.2039636521,NA
"334","1-Sep-GCW-TR-5",2024-09-10 13:07:45.5,212.604181314645,0.647524975135327,3.50442198683163e-35,0.948569518133378,1.67018318098541,226.400123715775,0.448033145159043,0.0165697301896913,18742.9207859751,0.582342140109231,2.70852387123797e-32,0.933599044665456,1.897758621743,190.156321797886,0.968485244873427,1.33329867462751,227.207443122202,TRUE,0.437497297702205,0.0158858959946688,1.61780651651807,2024-09-10 13:07:14,2024-09-10 13:08:12,18774.1764173108,NA
"335","1-Sep-GCW-UP-1",2024-09-10 12:42:42.5,457.766988659905,-3.28605433558247,5.88629357575996e-26,0.883729551140312,16.166792674819,346.934011955683,-2.96277451603478,0.0505838355126936,18532.7719674949,1.77776576263877,3.7281776612808e-49,0.985068748962042,5.79345039817044,341.924809867071,0.987363122488378,5.4353279356713,349.893246924473,TRUE,-3.03535516751057,0.0315036255364927,3.0747659075979,2024-09-10 12:42:11,2024-09-10 12:43:09,18554.7864283435,NA
"336","1-Sep-GCW-UP-2",2024-09-10 12:51:38.5,397.387583557183,-2.53893979301815,3.77444018575056e-33,0.938440177532147,9.24322395612088,246.480327328564,-2.34116536101559,0.019955511273095,18522.7872542522,0.70133520634982,1.02081297936827e-64,0.996236194276455,2.28553773273668,183.069145294544,0.998919876503535,1.24861392169102,246.608552065686,TRUE,-2.3371493936508,0.022999918862516,2.07439329916623,2024-09-10 12:51:07,2024-09-10 12:52:05,18523.0740450178,NA
"337","1-Sep-GCW-UP-3",2024-09-10 12:56:00.5,345.827364530912,-1.50208774093105,2.53090799442904e-31,0.927647817879736,5.73438955199495,208.286516172777,-1.33845459814672,0.0140112273232497,18513.5414981625,0.49242371550832,4.24948506989514e-60,0.994333946374154,1.60472905409413,199.961515045886,0.995490203167596,1.460012364405,208.357653995335,TRUE,-1.3350319265123,0.0151533096203045,1.7611881878995,2024-09-10 12:55:29,2024-09-10 12:56:27,18515.6207019216,NA
"338","1-Sep-GCW-UP-4",2024-09-10 13:00:24.5,412.16193282281,-2.08325369765303,6.44249957276768e-28,0.902226682992307,10.5982645713973,218.135626120355,-2.13115867668915,0.0153490628854552,18531.5857485164,0.539441863389429,1.64558537290881e-68,0.997309917253735,1.75795357516867,212.211215530851,0.997761543485019,1.63536832971897,218.533823868535,TRUE,-2.1395167502426,0.0160909732428812,1.68940212459211,2024-09-10 12:59:53,2024-09-10 13:00:51,18547.8614198882,NA
"339","1-Sep-GCW-UP-5",2024-09-10 12:47:11.5,430.018908693083,-5.98599221264649,1.15486289802193e-38,0.962207221052167,12.5038004888307,371.395555748082,-4.02369088534936,0.063442110526224,18602.8000515189,2.22966904071091,6.29134815261581e-51,0.98723763757097,7.26612991608144,277.771949676569,0.997906879850447,3.00089894398035,376.786364870239,TRUE,-3.8979445217385,0.0447866066453554,5.05318592382022,2024-09-10 12:46:40,2024-09-10 12:47:38,18622.2615152382,NA
"340","1-Sep-GWI-TR-1",2024-09-26 12:23:01.642857,810.093827076971,1.20266074383108,7.23800581505575e-57,0.900180042780105,8.84431875868513,643.080592242476,0.83290869592354,0.0120402908149258,17414.2567156182,0.841470886991071,1.67190149140429e-92,0.977530057241464,4.19620483613575,626.835956328919,0.981245703723182,3.86892711282519,643.118112747003,TRUE,0.831819116580904,0.0122110094272641,5.05502142952586,2024-09-26 12:22:00,2024-09-26 12:23:58,17409.2988253054,NA
"341","1-Sep-GWI-TR-2",2024-09-26 12:28:54.5,680.445163951427,1.25416271795288,2.5408710842036e-79,0.958655121497204,4.70207584187572,648.554863890611,0.685555098907826,0.0116357673764918,17470.5052106756,0.811603463059507,3.97511098244827e-86,0.968744071120437,4.08832087841736,379.953954661871,0.997139566929938,1.24797916163854,650.314044285791,TRUE,0.67283439361286,0.0112736069013319,4.0903351325599,2024-09-26 12:27:53,2024-09-26 12:29:51,17459.5581521846,NA
"342","1-Sep-GWI-TR-3",2024-09-26 12:35:23.5,700.458884788864,1.18963569977169,2.28755114130965e-74,0.949317774058053,5.13347879506294,625.637524547333,0.677731183276734,0.010523060662371,17467.8813468645,0.733991338879838,2.46462054735257e-90,0.97370845105704,3.69736238434449,415.638009653708,0.995976875548689,1.45941341658203,626.395146144824,TRUE,0.67071013921144,0.0109009957260199,4.05267598655275,2024-09-26 12:34:22,2024-09-26 12:36:20,17456.7859707307,NA
"343","1-Sep-GWI-TR-4",2024-09-26 12:42:15.5,771.374293801049,1.93589903951044,6.01198462985715e-81,0.961327946480913,7.00634419882177,753.232684983093,1.05528329163594,0.0184155791467553,17495.4474403357,1.28450039659175,8.08112389673721e-85,0.967017395423801,6.47046252109988,373.916626317016,0.99885711162408,1.21536696757754,753.945221757799,TRUE,1.04212872076884,0.018567237639136,7.69181620662024,2024-09-26 12:41:14,2024-09-26 12:43:12,17476.5758977612,NA
"344","1-Sep-GWI-TR-5",2024-09-26 12:48:36.5,757.956850627948,0.651573550205813,9.54087642911039e-55,0.88651032896437,6.60592925526959,537.511375964396,0.585762476437594,0.00714956064770147,17496.2888855429,0.498687193828894,8.47478909529165e-102,0.983588544537543,2.51205589814067,522.517211817605,0.986107291699094,2.33217898222486,538.124958279863,TRUE,0.581187752997912,0.00629120257591689,2.14937845859028,2024-09-26 12:47:35,2024-09-26 12:49:33,17493.0213284453,NA
"345","1-Sep-GWI-UP-1",2024-09-26 12:55:41.5,NA,NA,NA,NA,NA,662.188117545018,-0.0346497439060015,0.012352750130236,17532.7043270313,0.861613545511686,0.00593347046351476,0.0656400547746263,4.340238561777,621.713599283864,0.367465736201625,3.6033893581697,663.009825089633,TRUE,-0.0362304543287306,0.0122325993598997,4.26420856884102,2024-09-26 12:54:40,2024-09-26 12:56:38,17536.6881899004,"low r2, but also low flux - checked"
"346","1-Sep-GWI-UP-2",2024-09-26 13:02:28.5,NA,NA,NA,NA,NA,386.391273120047,0.151383418261049,0.00368490018460397,17543.6635484988,0.257024539429636,2.26226645846255e-69,0.937768737065114,1.29471945185471,348.027143780917,0.957084102715441,1.08490855259514,386.590105937591,TRUE,0.153002017439194,0.00383004312610669,1.313713460827,2024-09-26 13:01:27,2024-09-26 13:03:25,17546.2313371787,NA
"347","1-Sep-GWI-UP-3",2024-09-26 13:09:12.5,NA,NA,NA,NA,NA,407.985889183381,0.139222876173319,0.00405097124795062,17555.4973894973,0.282558269447158,2.50989147676208e-61,0.913389388848267,1.42334147761712,350.291946253493,0.949587084573992,1.09573902500008,408.023028211406,TRUE,0.138964834708568,0.00422098666251476,1.43568239063768,2024-09-26 13:08:11,2024-09-26 13:10:09,17558.1131712591,NA
"348","1-Sep-GWI-UP-4",2024-09-26 13:15:54.5,NA,NA,NA,NA,NA,347.416901142158,0.231699366617775,0.00310589901200465,17543.9730295302,0.216638775294603,2.54461174556859e-97,0.980271709255376,1.09128271184662,348.457799105645,0.980777208187843,1.08695970687687,347.45886436191,TRUE,0.231080669041868,0.00316069957095322,0.971433750125231,2024-09-26 13:14:53,2024-09-26 13:16:51,17547.1272289223,NA
"349","1-Sep-GWI-UP-5",2024-09-26 13:22:27.5,475.405152032612,0.171987448255467,7.37335771072857e-50,0.861281715464969,1.91306330479181,337.645699417526,0.151472309814516,0.00297560405605841,17519.5093825132,0.207550604824746,2.85493775882206e-79,0.958569020605116,1.04550252636236,338.982432331557,0.959525712191226,1.04271294024372,337.740954482787,TRUE,0.15237540016515,0.00287156700185654,1.03098492908775,2024-09-26 13:21:26,2024-09-26 13:23:24,17519.5274918872,NA
"350","1-Sep-MSM-TR-1",2024-09-12 12:41:39.5,NA,NA,NA,NA,NA,193.130819266797,-0.38648790386435,0.0121767504526285,18030.3886773451,0.427951139637223,1.03924648404493e-35,0.95091637073099,1.39462338201894,196.695575300431,0.951310398309378,1.41652221278973,193.137681084705,TRUE,-0.387360171916804,0.0116382482068749,1.29448004776714,2024-09-12 12:41:08,2024-09-12 12:42:06,18027.8087094355,NA
"351","1-Sep-MSM-TR-2",2024-09-12 12:45:29.5,200.101794941883,-1.00901472828898,1.72694572958212e-29,0.914909844877415,1.48760950545586,254.82895636718,-0.280941908649973,0.0215593043597617,17886.2441002777,0.757700414937401,5.22397240872948e-18,0.76556525055025,2.46922280925091,177.302016995912,0.948198497288637,1.1836877030163,254.951137358201,TRUE,-0.275503491190265,0.0225760126139164,2.72588777105957,2024-09-12 12:44:58,2024-09-12 12:45:56,17889.0893137557,"low r2, but also low flux - checked"
"352","1-Sep-MSM-TR-3",2024-09-12 12:49:12.5,241.469231703622,0.91152631008285,7.11808211676714e-37,0.955721364627032,2.18191361043509,210.824855378119,0.644608149408331,0.0143444355531633,17887.9839395997,0.50413429808803,2.75632067760679e-43,0.974896335317727,1.64289194413006,161.586848082804,0.990633637491233,1.02339334451082,210.829519051901,TRUE,0.645089260918659,0.0150043200566135,1.50485512757411,2024-09-12 12:48:41,2024-09-12 12:49:39,17890.0729649161,NA
"353","1-Sep-MSM-TR-4",2024-09-12 12:52:58.5,253.31162779228,0.625491137116684,4.6033205745732e-21,0.82090602578939,2.43477441697805,256.832700585316,0.325780762114744,0.0219630318041037,17893.9401446401,0.771889390935647,2.52590279599317e-20,0.808839055345856,2.51546238162554,208.449380312154,0.927538583872529,1.57938613518996,256.924618875454,TRUE,0.331208058346405,0.022769035486405,3.07604627174086,2024-09-12 12:52:27,2024-09-12 12:53:25,17888.5758873175,"low r2, but also low flux - checked"
"354","1-Sep-MSM-TR-5",2024-09-12 12:58:06.5,NA,NA,NA,NA,NA,252.360648261317,0.220916346963762,0.0210721607908939,17940.5820624974,0.740579784414919,1.98246553053433e-14,0.678834098538482,2.41342945007958,240.360441487472,0.761192523140071,2.12231831958984,252.383517754725,TRUE,0.221989331259097,0.0215857240208759,2.43219273283925,2024-09-12 12:57:35,2024-09-12 12:58:33,17938.4731597074,"low r2, but also low flux - checked"
"355","1-Sep-MSM-UP-1",2024-09-12 13:04:08.5,249.478785760912,-1.09127128594666,1.20856086537015e-37,0.958638176267106,2.34988133767944,225.588701383816,-0.717750665108899,0.0164457054869548,18056.2407911079,0.577983299621717,1.21210830468976e-42,0.973425573238464,1.8835538672761,184.713798891318,0.98842401561311,1.267773671364,225.646072112889,TRUE,-0.715183283530723,0.0155949578867067,1.98009735791442,2024-09-12 13:03:37,2024-09-12 13:04:35,18057.6212333169,NA
"356","1-Sep-MSM-UP-2",2024-09-12 13:08:04,289.536046650813,-2.24912587108828,1.62244074185726e-45,0.977820495684342,3.24521799531681,309.942260906805,-1.32565313647775,0.0331839958847765,17965.7400168933,1.18537023573058,3.03619834984686e-41,0.967857128147028,3.90670210007478,186.961961087358,0.996805412451142,1.25553320116732,310.053951608128,TRUE,-1.31631852022167,0.033491908353849,5.08521268565863,2024-09-12 13:07:32,2024-09-12 13:08:31,17975.314743936,NA
"357","1-Sep-MSM-UP-3",2024-09-12 13:11:30.5,218.661881996754,-0.417849451193898,1.86183412734165e-28,0.906776474142749,1.76654052916779,161.137818919694,-0.358381726330258,0.00905481760648789,17998.3862513756,0.318231003335313,1.68959994690782e-40,0.967871622115402,1.03706324631124,155.850978808633,0.972947993898192,0.970459132855397,161.163633394937,TRUE,-0.358939290508348,0.00977741471541829,0.991956225359013,2024-09-12 13:10:59,2024-09-12 13:11:57,18000.9970203307,NA
"358","1-Sep-MSM-UP-4",2024-09-12 13:15:21.5,308.694504953972,-3.66224264987361,8.70665430037031e-48,0.98314574665881,4.06599517489107,363.998981128088,-1.92508333754616,0.0592426097811659,17969.4950922146,2.08207784741623,3.24168055834848e-36,0.953065171352204,6.78515414552192,222.857930121814,0.99680699405989,1.80479813280715,364.064611328238,TRUE,-1.91651168089076,0.0630688511185952,7.0072604891581,2024-09-12 13:14:50,2024-09-12 13:15:48,17983.2147244537,NA
"359","1-Sep-MSM-UP-5",2024-09-12 13:19:18.5,242.367963589148,-0.565352961578593,4.94327115548813e-32,0.932046743109001,2.20014636179899,181.147608009044,-0.525558287373688,0.0108979290218013,17971.328152761,0.383007039744229,7.62908778000208e-45,0.978130132380059,1.2481578470803,161.576644144101,0.985865615429461,1.02329665793992,181.260603249423,TRUE,-0.527931352060744,0.011382589405058,1.29023485523496,2024-09-12 13:18:47,2024-09-12 13:19:45,17971.417755089,NA
"360","1-Sep-SWH-SWAMP-1a",2024-09-25 11:07:31.5,836.745565577201,187.788968209592,2.37582713203692e-35,0.949331893487776,540.243628090838,735.190710061603,150.526913241353,1.84198946208986,45601.3988112958,64.7366054324414,1.35198251024308e-56,0.992273537098113,210.966101609522,661.576298764728,0.998164444309336,104.863118338462,740.442623986896,TRUE,146.809999268796,1.36156148803749,151.686919493778,2024-09-25 11:07:00,2024-09-25 11:07:58,45997.2801955119,NA
"361","1-Sep-SWH-SWAMP-2",2024-09-25 10:55:18.5,NA,NA,NA,NA,NA,648.121904904816,34.0438478136552,0.822549658219141,23789.5401180336,28.9084567358531,1.77392130272408e-41,0.9705379582355,94.2079736861553,481.508773521444,0.998749428956323,19.7937051297768,649.253010358867,TRUE,34.7836144521705,0.714355269626381,100.917514073771,2024-09-25 10:54:47,2024-09-25 10:55:45,25035.0698616527,NA
"362","1-Sep-SWH-SWAMP-3",2024-09-25 10:44:15.5,564.363049132317,14.9902955268969,1.26547250400275e-31,0.936681136953313,52.9605499484636,405.475768373357,13.7305622169737,0.106198815180729,21246.9625226144,3.60997875804845,8.20914345203495e-65,0.997017807855038,11.4935381886626,360.101187588981,0.998846100033407,7.29683281903164,408.866246826954,TRUE,13.5647994619564,0.07998891998425,10.0733022878373,2024-09-25 10:43:45,2024-09-25 10:44:41,21180.7427059244,NA
"363","1-Sep-SWH-SWAMP-4",2024-09-25 10:38:46.5,496.049081497347,16.6856037622033,3.46520170470732e-45,0.978783728845009,23.0444077501905,500.901681351732,9.84481392118339,0.210452218628391,20496.1098977467,7.39633017458784,3.58803334807281e-44,0.976788882769375,24.1034409006519,350.288074920307,0.998674994750977,5.87295254250125,507.118689473565,TRUE,9.39514290338342,0.147736622054682,16.7858510657425,2024-09-25 10:38:15,2024-09-25 10:39:13,20391.7781337031,NA
"364","1-Sep-SWH-SWAMP-5",2024-09-25 10:49:19.5,731.915325982297,55.8042656428549,4.54489084231589e-33,0.937999339548949,204.664045895569,558.49161058811,51.686409434882,0.358704425829762,22518.818945512,12.6066448042898,2.4041139951242e-69,0.997501739343474,41.0830115507442,449.142445350715,0.999693783791609,14.6681098696232,569.257751721463,TRUE,50.6597653941794,0.176767542057616,22.7132392791105,2024-09-25 10:48:48,2024-09-25 10:49:46,22348.4029514766,NA
"365","1-Sep-SWH-TR-10",2024-09-25 13:10:48.5,NA,NA,NA,NA,NA,1366.61467035308,19.0335907689068,0.271366108975439,37523.3724728997,18.9279887329488,2.19687743835987e-94,0.977740701322691,95.3466748794408,1327.18716803866,0.984792072519998,79.5238685569744,1366.73658402747,TRUE,19.1188247952884,0.206503646166053,87.9893376399599,2024-09-25 13:09:47,2024-09-25 13:11:45,42381.3254768593,NA
"366","1-Sep-SWH-TR-1a",2024-09-25 11:35:10.5,1156.98976589713,5785.50870932356,6.96605425484254e-24,0.860365959876545,10480.2129568886,1189.59751029445,1523.73358469694,123.756582188511,145917.090551887,4349.41740747827,4.91340191484049e-17,0.744589483458524,14174.0461767935,1152.066180907,0.881634957803161,9840.17572002908,1199.49805023386,TRUE,1180.3871772112,31.9319098343003,3324.97379110585,2024-09-25 11:34:39,2024-09-25 11:35:37,75445.3359089417,NA
"367","1-Sep-SWH-TR-2a",2024-09-25 11:26:34.5,1097.16496780953,7148.91168699314,9.27778036130713e-49,0.984536044233695,6022.82057336342,1155.07416755274,2979.70964186633,89.8962303038736,128064.314308159,3159.39744000655,1.21042213097667e-36,0.954808705473887,10295.9640361258,1072.02168207872,0.990985617070777,4689.47577755645,1158.62432696481,TRUE,2855.45710758315,67.9159848412585,5998.84914429905,2024-09-25 11:26:03,2024-09-25 11:27:01,67187.6915666612,NA
"368","1-Sep-SWH-TR-3a",2024-09-25 11:45:13.5,NA,NA,NA,NA,NA,480.416528238502,71.1244368452544,0.360612602312178,27605.058719859,11.4273045079306,5.38377679508873e-69,0.998818894479799,34.611296244057,456.128113846012,0.999344850015183,26.3570293484406,480.788098021912,TRUE,71.3018410414889,0.358482562561092,34.6378634612584,2024-09-25 11:44:45,2024-09-25 11:45:37,28009.4814617501,NA
"369","1-Sep-SWH-TR-4a",2024-09-25 11:54:06.5,543.804841958523,10.6568646010771,4.34687540516213e-32,0.932381493987829,35.8594128040738,473.014725230388,8.60303848604441,0.162559823849792,21274.9014507569,5.7131549296658,6.6811492483336e-47,0.981772095838909,18.6182456641264,457.99745244563,0.987182878460701,15.9214387017366,475.316455183714,TRUE,8.39067617225587,0.123386387182832,14.6926830963455,2024-09-25 11:53:35,2024-09-25 11:54:33,21666.8705083129,NA
"370","1-Sep-SWH-TR-5a",2024-09-25 12:05:02.5,NA,NA,NA,NA,NA,628.60798432942,55.2176720580087,0.686581135756474,22668.2617409452,24.129851444642,3.08397738361015e-56,0.992024584355711,78.6352737788437,546.689937501769,0.998375355821925,36.1939964272873,634.836084231347,TRUE,56.6055223979612,0.464684016100797,48.6537778971042,2024-09-25 12:04:31,2024-09-25 12:05:29,23100.751937348,NA
"371","1-Sep-SWH-TR-6a",2024-09-25 12:37:41.5,NA,NA,NA,NA,NA,1148.01775142911,31.5062881144212,0.104033238439088,30165.8632760386,7.25639606383364,5.08085511681659e-165,0.998780342855058,36.5529188576927,1116.62854816737,0.999105832192287,31.5809626507304,1152.82001142549,TRUE,31.7138333736619,0.050558244873086,22.6614178384502,2024-09-25 12:36:40,2024-09-25 12:38:38,31374.4763841086,NA
"372","1-Sep-SWH-TR-7a",2024-09-25 12:18:23.5,2990.88762350311,36818.9595440678,1.26712385928303e-31,0.706902205811477,118364.442443851,2993.45598751703,5510.51915568188,340.693252867735,-12588.4937271182,23763.6087867399,4.49529808431911e-31,0.700223909560833,119705.327011705,2935.03905299007,0.826614253431157,91861.6722054301,2994.02861379237,TRUE,5575.16367775434,333.533944186776,126941.486917341,2024-09-25 12:17:22,2024-09-25 12:19:20,30983.091522533,NA
"373","1-Sep-SWH-TR-8b",2024-09-25 13:21:14.5,1427.23273397474,294.528017395668,6.00425382043158e-70,0.971751330606409,657.230836237873,1543.44369137335,140.984432473152,5.08579971873273,93970.6396994291,284.312428637403,2.9476922238875e-45,0.897252017786783,1253.44587263957,1375.21725100031,0.984840125526013,487.033513613068,1543.68106291079,TRUE,138.843208443326,5.51809988252074,1402.83971686564,2024-09-25 13:20:25,2024-09-25 13:21:59,92023.6126395,NA
"374","1-Sep-SWH-TR-9",2024-09-25 13:04:01,2343.81988209583,2040.3282798485,1.2383745661587e-60,0.924189626204558,13560.1101057969,2074.61704789173,1574.68405918313,12.0634987265946,83879.7319019613,792.710483462681,5.16855246809256e-118,0.993875354958228,3854.24536580471,1623.57385054518,0.999912875692626,464.135303498124,2075.39934508132,TRUE,1566.87414515885,12.185241910874,4393.51979375646,2024-09-25 13:03:03,2024-09-25 13:04:54,73847.9352151014,NA
"375","1-Sep-SWH-UP-1",2024-09-25 10:14:19.5,213.33207168325,-0.390736812969222,8.59481685281074e-25,0.871133846285179,1.68147777586747,167.601993162141,-0.2866524219485,0.00961332746671307,19171.7252196167,0.337859797742478,2.26442268497884e-34,0.944747090940821,1.10103030494387,163.17898617616,0.952726996557395,1.03859198308882,167.645921244777,TRUE,-0.286110584965611,0.0106422296582203,1.10195017410631,2024-09-25 10:13:48,2024-09-25 10:14:46,19164.1697602767,NA
"376","1-Sep-SWH-UP-2",2024-09-25 10:09:05.5,219.033882416532,-0.818037690360045,1.82398877340876e-35,0.955531758706568,1.91376889057746,215.526833814396,-0.580491793106667,0.0170966218128561,18293.9787475449,0.581159417586402,3.37391956113339e-36,0.958431942937658,1.85030949138914,184.272051673243,0.978898261433662,1.34551336626027,215.651875789059,TRUE,-0.582812809175184,0.0196098239601585,1.38346055143647,2024-09-25 10:08:35,2024-09-25 10:09:31,18300.6045763781,NA
"377","1-Sep-SWH-UP-3",2024-09-25 10:23:14.5,288.833598480338,1.25263057478023,1.65416319447339e-35,0.950031877144434,3.3829944402026,241.207706256641,0.942957315897274,0.0190046710558149,21333.8727981208,0.667917985870439,1.79241390260112e-45,0.979314679541284,2.17663642899875,189.275653858145,0.992657748466685,1.32247072091321,242.034677387873,TRUE,0.929029839450704,0.0189690573785425,2.11309904568711,2024-09-25 10:22:43,2024-09-25 10:23:41,21289.9391362782,NA
"378","1-Sep-SWH-UP-4",2024-09-25 10:18:16.5,NA,NA,NA,NA,NA,350.456181968559,14.6977221762321,0.0522607052115172,20419.799090752,1.83669924422949,1.98960049330952e-84,0.99934299544524,5.98550506001774,318.444188757795,0.999662757522994,4.37325112959086,350.716164162605,TRUE,14.6742633353486,0.0525422520763546,6.74899090819079,2024-09-25 10:17:45,2024-09-25 10:18:43,20385.2110366141,NA
"379","1-Sep-SWH-UP-5",2024-09-25 10:27:23.5,673.199589436414,35.6634996783694,1.74477224096901e-33,0.940238192272913,118.831391120997,518.654312859542,30.5529006877289,0.248051120291904,20436.8591758584,8.71774124222905,8.19278154904882e-66,0.996584181220872,28.4097053348423,352.280500002005,0.999854365232589,5.98230458764352,518.81775716432,TRUE,30.584182149775,0.246626568791951,31.581627994305,2024-09-25 10:26:52,2024-09-25 10:27:50,20334.8491942276,NA
"380","2-Apr-GCW-TR-1",2024-04-09 14:37:08.5,375.55899793706,1.73152625587499,2.19008396924844e-31,0.928048622264745,7.55171133360108,212.419120351622,1.76945284195695,0.0145577545934411,18289.4752585213,0.511631382531728,1.63034228144143e-65,0.996492576446917,1.66732372685884,183.943192029032,0.998077789823789,1.25875998657528,212.476640426118,TRUE,1.77275650103012,0.0156925700550551,1.67418323357401,2024-04-09 14:36:37,2024-04-09 14:37:35,18295.1239157836,NA
"381","2-Apr-GCW-TR-2",2024-04-09 14:40:54.5,305.996525642191,1.41660748715166,1.03063298512374e-35,0.950932065206646,3.9656795938035,233.978323876126,1.11987329066136,0.0177741662398015,18260.1448079921,0.624671970409197,8.83009564376613e-51,0.987070191796935,2.03570467591935,187.106855754231,0.994959672124091,1.29617845004087,234.11193308225,TRUE,1.11449508285679,0.0185546214497067,2.1660710495791,2024-04-09 14:40:23,2024-04-09 14:41:21,18262.5072599503,NA
"382","2-Apr-GCW-TR-3",2024-04-09 14:44:44.5,403.874370583288,2.60289469099032,5.79125736635557e-33,0.937419445365429,9.8154098133041,243.287018477837,2.46643262646104,0.0193741108956829,18365.5202381737,0.680901926135452,1.48035807271417e-66,0.996801714940622,2.21894898528654,193.046093366374,0.998828654402777,1.36945550911368,244.488066786337,TRUE,2.45150746280705,0.0203016004407744,1.67687543058659,2024-04-09 14:44:13,2024-04-09 14:45:11,18373.8818847191,NA
"383","2-Apr-GCW-TR-4",2024-04-09 14:48:18.5,166.482842871393,0.343325036276166,5.26856227614104e-30,0.918701558591803,1.08967978690111,157.264177744879,0.232228828976063,0.00873580327941444,18292.2242830132,0.307019264590826,6.18229210888601e-32,0.931460458655018,1.00052600745869,145.721969481792,0.948602365340769,0.883580293650126,157.287839930423,TRUE,0.231314805597359,0.00955751931573487,1.17046325576324,2024-04-09 14:47:47,2024-04-09 14:48:45,18296.2518518298,NA
"384","2-Apr-GCW-TR-5",2024-04-09 14:52:19.5,227.569397027783,0.833682486101154,6.84769896874242e-36,0.951696897419026,1.9184165299526,221.354417088568,0.537620411850582,0.0158134057019032,18369.3332732823,0.555761162881877,3.42621108365131e-37,0.956948220179074,1.81113552642982,191.996184270772,0.976788252205825,1.35620701218891,221.41429318673,TRUE,0.53478021932331,0.0170244195529689,1.54340398074913,2024-04-09 14:51:48,2024-04-09 14:52:46,18368.3681426741,NA
"385","2-Apr-GCW-UP-1",2024-04-09 14:57:29.5,NA,NA,NA,NA,NA,216.045201289791,-0.18595560098884,0.0150548264915262,18272.7619671197,0.529100943568943,4.33584744327531e-17,0.74580735200149,1.72425419400694,209.832258305413,0.789609808288159,1.5997392950512,216.065270930681,TRUE,-0.187946743756732,0.0160327973581286,1.5882224687879,2024-04-09 14:56:58,2024-04-09 14:57:56,18267.5092939395,"low r2, but also low flux - checked"
"386","2-Apr-GCW-UP-2",2024-04-09 15:05:22.5,NA,NA,NA,NA,NA,266.7797512434,-0.0724163881094583,0.0240819594181606,18200.0382780806,0.846358970547398,0.00405659172778124,0.148134950275645,2.75814666811607,230.306356490219,0.597409139523109,1.93366208533874,266.782670607612,TRUE,-0.0725658019736024,0.0250061737848593,3.3663134923341,2024-04-09 15:04:51,2024-04-09 15:05:49,18195.7095871292,"low r2, but also low flux - checked"
"387","2-Apr-GCW-UP-3",2024-04-09 15:09:05.5,NA,NA,NA,NA,NA,249.500114087064,0.0863896360226873,0.020521361089075,18192.7605811741,0.721221963046875,0.000101545262284927,0.254180118024268,2.35034544864963,229.241318077384,0.524081242170092,1.91468705549726,249.555898742371,TRUE,0.088898428270259,0.0219814784437092,2.36544040291294,2024-04-09 15:08:34,2024-04-09 15:09:32,18192.0681222721,"low r2, but also low flux - checked"
"388","2-Apr-GCW-UP-4",2024-04-09 15:12:47.5,NA,NA,NA,NA,NA,254.432850788893,0.00280102439566431,0.0214803773278466,18218.7280249167,0.754926529294624,0.896753738235043,0.000326892259020652,2.46018316566042,256.261808053664,0.039721027899172,2.45897332135246,254.991865502924,TRUE,0.015516668827461,0.022418932897269,2.24512201819923,2024-04-09 15:12:16,2024-04-09 15:13:14,18218.210425133,"low r2, but also low flux - checked"
"389","2-Apr-GCW-UP-5",2024-04-09 15:01:21.5,NA,NA,NA,NA,NA,251.072495350606,-0.231087006004501,0.0208223188643188,18271.70423478,0.731799105396905,2.51970879188324e-15,0.703139712064514,2.38481464073731,221.128973685829,0.841670566806696,1.77613542035294,251.468057608297,TRUE,-0.242721195237867,0.0219313358487738,2.36895698771058,2024-04-09 15:00:50,2024-04-09 15:01:48,18262.1343075417,"low r2, but also low flux - checked"
"390","2-Apr-GWI-TR-1",2024-04-24 11:43:51.5,273.231097394631,0.70107113921766,7.12445005317494e-29,0.910151765959744,2.92792401236158,197.721661700835,0.608145679726447,0.012705516043371,18938.7414023112,0.446534573537716,1.11791352850914e-44,0.97780650838754,1.45518378024057,200.723474731474,0.978212985407844,1.47034943985605,197.977591279938,TRUE,0.60188889953918,0.0132783174360272,1.03952099883213,2024-04-24 11:43:20,2024-04-24 11:44:18,18939.8304453837,NA
"391","2-Apr-GWI-TR-2",2024-04-24 11:48:23.5,NA,NA,NA,NA,NA,194.235462549566,0.120596054056311,0.0123019355467344,18922.6523506932,0.432350762007465,2.05702459717071e-13,0.648883743993244,1.40896103802984,179.835661819786,0.750270000617408,1.21178491814244,194.470016340873,TRUE,0.115387148215012,0.0122147824999437,1.28026751418198,2024-04-24 11:47:52,2024-04-24 11:48:50,18919.0585178874,"low r2, but also low flux - checked"
"392","2-Apr-GWI-TR-3",2024-04-24 11:52:44.5,188.395143948684,0.348010148467376,1.38452774773434e-28,0.907830513411751,1.33479210914282,180.867022661415,0.265490288887624,0.0108696528130939,18928.5915686725,0.382013274142476,3.66775426504357e-30,0.919824380351203,1.24491932609955,169.385126441255,0.939809309807054,1.10002201710365,180.897307776856,TRUE,0.263634378502651,0.011513728395605,1.40139584873271,2024-04-24 11:52:13,2024-04-24 11:53:11,18928.9536430409,NA
"393","2-Apr-GWI-TR-4a",2024-04-24 12:00:30.5,214.238460863512,0.41592808897991,1.94997659852464e-25,0.878261799171441,1.69564894788804,171.588293273593,0.297409420822962,0.00997478690566269,18879.0885043505,0.35056326731204,2.27233035566701e-34,0.944739690193513,1.14242885270682,174.472056421987,0.945870253749717,1.15307397584504,171.667608334321,TRUE,0.298074801452527,0.0108413707672553,1.15610847248932,2024-04-24 11:59:59,2024-04-24 12:00:57,18879.2536790465,NA
"394","2-Apr-GWI-TR-5",2024-04-24 12:05:02,245.474170344778,0.557016521738837,4.084420050476e-34,0.940314557285649,2.17411136852809,192.317938069401,0.544022176904812,0.0113902267177138,18779.556666545,0.406871908262115,3.02048901016126e-45,0.977294408867111,1.34095432005626,163.698301640187,0.987452431511634,1.01620238859104,192.386808178373,TRUE,0.546846330760168,0.0119029791393831,1.61306776044221,2024-04-24 12:04:30,2024-04-24 12:05:29,18779.5434393922,NA
"395","2-Apr-GWI-UP-1",2024-04-24 12:12:03.5,182.879540082265,0.550015645037594,2.76256169604904e-27,0.896607770614006,1.26833516914753,208.115859470351,0.226940881302468,0.0139891049002413,18747.4134284714,0.491646224323393,5.40939022069934e-22,0.835012608443429,1.60219533637408,178.816050126612,0.910949295572426,1.20039847312305,208.258021197432,TRUE,0.22257854607694,0.0148646718580232,1.6062665906033,2024-04-24 12:11:32,2024-04-24 12:12:30,18745.8876362277,"low r2, but also low flux - checked"
"396","2-Apr-GWI-UP-2",2024-04-24 12:16:28.5,183.296923104418,0.36031327441827,2.31325218253066e-22,0.840297496998909,1.2732463341873,190.001142389194,0.181561665563992,0.0118289503160128,18754.0206174205,0.415727725401241,5.9073118019711e-21,0.819186712653291,1.35478925675863,183.653913933795,0.850716139815003,1.25539290821547,190.200076240499,TRUE,0.178701120997665,0.0116357790255683,1.19186128237202,2024-04-24 12:15:57,2024-04-24 12:16:55,18753.3080676003,"low r2, but also low flux - checked"
"397","2-Apr-GWI-UP-3",2024-04-24 12:20:55.5,NA,NA,NA,NA,NA,184.048769387053,-0.0175377686605965,0.01119464320407,18729.4814619778,0.393435041282278,0.123269070241746,0.0450708718018035,1.28214101344135,181.998484124419,0.146287226229215,1.23629690435841,184.057629246154,TRUE,-0.0167314506193367,0.0119730066565838,1.37444492500295,2024-04-24 12:20:24,2024-04-24 12:21:22,18727.1153971603,"low r2, but also low flux - checked"
"398","2-Apr-GWI-UP-4",2024-04-24 12:25:15.5,175.814339826791,0.452866734567004,8.98569372212379e-16,0.714597832157704,1.18801830513313,178.014016508684,0.117372269532763,0.0105862716787057,18703.4034011282,0.372053861745475,2.61196278206918e-15,0.702732010297188,1.21246321577864,176.292574259505,0.732617178487813,1.17267568178097,178.295976332117,TRUE,0.122032205461892,0.0106901814400303,1.2150163737671,2024-04-24 12:24:44,2024-04-24 12:25:42,18703.0441121895,"low r2, but also low flux - checked"
"399","2-Apr-GWI-UP-5",2024-04-24 12:30:25.5,NA,NA,NA,NA,NA,175.748487567043,0.178963651148496,0.0103665151767892,18737.5250018393,0.36433053311164,3.50460813288896e-23,0.851442500470184,1.18729413991429,171.177944893999,0.873244715702091,1.11843497684512,175.861118157383,TRUE,0.180095064400679,0.0108094570532362,1.16405099677029,2024-04-24 12:29:54,2024-04-24 12:30:52,18736.8280753452,"low r2, but also low flux - checked"
"400","2-Apr-MSM-TR-1",2024-04-11 13:04:42.5,249.956848918175,0.463525503336411,6.92775783412575e-30,0.917842386139157,2.36030616839102,180.964833256227,0.512496286120965,0.010879501412937,17984.0315906056,0.382359402573298,2.51754456431463e-44,0.977102915158862,1.24604730253914,173.574684940875,0.981457211925038,1.14353278347361,180.973896352637,TRUE,0.513169164966137,0.0111693527686614,1.35636113324771,2024-04-11 13:04:11,2024-04-11 13:05:09,17988.6976004171,NA
"401","2-Apr-MSM-TR-2",2024-04-11 12:43:11.5,205.60925743777,0.490409520612858,2.41567826561198e-27,0.897138849397718,1.56543774782615,179.833419020394,0.297348791925071,0.0107661220492674,17982.3682029545,0.378374691867228,9.64516351900289e-33,0.936181080816252,1.23306177637376,172.888769062985,0.947889264541064,1.13629313744749,179.834064678918,TRUE,0.297589527562884,0.0109247878191057,1.24699667788255,2024-04-11 12:42:40,2024-04-11 12:43:38,17983.8165416988,NA
"402","2-Apr-MSM-TR-3",2024-04-11 12:48:34.5,NA,NA,NA,NA,NA,183.646149976134,0.319846304378531,0.0111529877430195,17981.9558421867,0.391971062686508,1.53412532570625e-33,0.94053285477896,1.27737014454691,173.619606019019,0.954136336215931,1.14400851875191,183.656766966771,TRUE,0.318826165646398,0.0118347675511815,1.14813176067403,2024-04-11 12:48:03,2024-04-11 12:49:01,17981.473058104,NA
"403","2-Apr-MSM-TR-4",2024-04-11 12:52:54,NA,NA,NA,NA,NA,209.69185416915,0.395748415305241,0.0151328009687373,17993.8248812377,0.523122346937601,3.27404680139634e-31,0.930603862606244,1.68525328995587,182.452028547884,0.961509920348004,1.28043927699983,209.761969088451,TRUE,0.39793131476433,0.0153786309880829,1.58277753885118,2024-04-11 12:52:23,2024-04-11 12:53:20,17993.5539538036,NA
"404","2-Apr-MSM-TR-5",2024-04-11 12:56:55.5,205.182618186225,0.505674825723506,1.06318780449067e-31,0.930018227897932,1.55926589832964,189.340958857475,0.361297313794305,0.0117568627378897,17988.0049274935,0.413194211937902,5.12967699357032e-35,0.947811052019804,1.34653294713031,172.518478130858,0.964509351011194,1.13240389154646,189.381829465592,TRUE,0.362873877475797,0.0120317271723568,1.33923236510897,2024-04-11 12:56:24,2024-04-11 12:57:22,17989.6764677116,NA
"405","2-Apr-MSM-UP-1",2024-04-11 13:24:47,165.428755129507,1.17196913309264,7.53116263733353e-15,0.922769226917887,5.40335695782272,75.6675579774771,1.24383956793601,0.0125723550496341,17912.6092459544,0.432971172518397,7.39995609210891e-33,0.997554023924755,0.961600255948518,72.1654470566367,0.998167096120991,0.869425939829832,75.6691121167395,TRUE,1.24381071178058,0.0143681943712394,0.919088890528063,2024-04-11 13:24:16,2024-04-11 13:25:12,17919.3580255026,NA
"406","2-Apr-MSM-UP-2",2024-04-11 13:17:30.5,NA,NA,NA,NA,NA,233.831255014605,4.88621755484949,0.0177499787640844,17969.1435059995,0.623821903074865,6.05392718748823e-84,0.999314266277551,2.03293444429488,232.089799332061,0.999383433527426,1.96585844619722,233.991872828551,TRUE,4.89169119926434,0.0171289501901296,1.80339531033813,2024-04-11 13:16:59,2024-04-11 13:17:57,17997.8482914843,NA
"407","2-Apr-MSM-UP-3",2024-04-11 13:21:04.5,386.220721626095,3.77027136094508,6.93120507701733e-40,0.966080315997063,8.33525298661445,342.519345364718,2.8279064455642,0.0485578332878027,18002.6993223221,1.70656204006741,4.99588790487327e-49,0.984899758314604,5.56140901029381,229.645715254231,0.998266080824257,1.92186988411972,345.914766820961,TRUE,2.75286998286892,0.0403034246269074,4.77772604064285,2024-04-11 13:20:33,2024-04-11 13:21:31,18004.0386689805,NA
"408","2-Apr-MSM-UP-4",2024-04-11 13:13:25.5,416.177060444289,2.07668762732825,4.26995475177963e-29,0.911900417490862,10.9996931355523,219.333071769492,2.33061005537766,0.015520191942013,18103.1703645869,0.545456183471281,2.82253375854631e-70,0.997699310766994,1.77755326923703,195.438812173865,0.998627480116058,1.40013411156784,219.471318566493,TRUE,2.32759270855772,0.0175199823315709,1.65047205668516,2024-04-11 13:12:54,2024-04-11 13:13:52,18133.522974383,NA
"409","2-Apr-MSM-UP-5",2024-04-11 13:09:37.214286,453.06683366921,9.82005040893755,4.25535301508414e-24,0.924884257589696,50.7890489364235,308.902963440435,10.5837417343356,0.0825373006167363,18168.453536731,2.86413550948419,6.29847199528835e-54,0.997573239948819,9.12889090273237,301.340733353865,0.998157237392221,8.16164106620399,308.906512397467,TRUE,10.5884282711982,0.086872930554285,11.2019881450534,2024-04-11 13:09:07,2024-04-11 13:10:05,18196.9397162483,NA
"410","2-Aug-GCW-TR-1",2024-08-13 11:40:51.5,234.687282290148,0.516960655299208,2.41977600618453e-30,0.921094682243507,2.04911187343369,172.888618325267,0.453485419437001,0.010095609703078,18777.1268102418,0.354809577035574,2.81538479601241e-43,0.97487586541984,1.15626688765808,168.061511201625,0.978664678738538,1.08662275728704,172.934200780731,TRUE,0.451553395973186,0.00996154875116287,0.932271103465517,2024-08-13 11:40:20,2024-08-13 11:41:18,18771.9400514569,NA
"411","2-Aug-GCW-TR-2b",2024-08-13 11:49:56.5,NA,NA,NA,NA,NA,395.557119478172,17.4150035126821,0.0793482210369543,18653.0753366793,2.78868830835085,7.83229023573909e-79,0.998921644337584,9.08788307769388,320.554214885012,0.999750321054797,4.45953266557941,397.916582156323,TRUE,17.523419813751,0.0699438041676967,7.04632523874674,2024-08-13 11:49:25,2024-08-13 11:50:23,18757.9389917642,NA
"412","2-Aug-GCW-TR-3",2024-08-13 11:59:38.5,187.80034137909,0.230144028203898,1.15274601716134e-06,0.368160190000584,1.3274610396463,197.610098558483,0.0517563900674039,0.0126923981227155,18558.8288580563,0.446073545029656,0.000156451911702824,0.242292015406146,1.45368136307756,176.342755545778,0.525441780368755,1.17322068222028,197.657017716686,TRUE,0.0541497837423754,0.0130429590132821,1.6002972925289,2024-08-13 11:59:07,2024-08-13 12:00:05,18555.503699656,"low r2, but also low flux - checked"
"413","2-Aug-GCW-TR-4",2024-08-13 11:54:32.5,513.844565723059,6.3572729096306,6.69988028602547e-31,0.924891524272404,27.1722471819126,347.746328035497,6.23165280560271,0.0509657334705527,18880.2607753118,1.79118754268812,1.19828097500652e-65,0.996533865066616,5.8371898033301,343.578900899829,0.997020392827697,5.51921430558567,348.138673442454,TRUE,6.21335409000161,0.0412175922777844,4.08640052611078,2024-08-13 11:54:01,2024-08-13 11:54:59,18912.5716675383,NA
"414","2-Aug-GCW-TR-5",2024-08-13 12:04:23.5,278.879929787759,1.53726226114374,4.64873777054734e-38,0.960129362324369,3.08514188235927,255.033015461633,0.960251761018572,0.0216000777941107,18476.0280868584,0.759133394759438,4.76166048945759e-43,0.974363153563845,2.47389265816746,220.192402212767,0.987512102005994,1.76079944103024,258.565177943687,TRUE,0.924641509351193,0.0140980998194598,1.70330137415234,2024-08-13 12:03:52,2024-08-13 12:04:50,18474.6602793073,NA
"415","2-Aug-GCW-UP-1",2024-08-13 12:30:53.5,434.693591391114,-3.09624873083654,1.22091858944e-30,0.923140494755188,13.0569000860525,224.039272286526,-2.96298646083881,0.0162114504877432,18371.3116818887,0.569750422199426,1.05073730710241e-74,0.998445780891176,1.85672425452134,200.084958874883,0.999073831626388,1.46168211030245,224.064913849823,TRUE,-2.96451005615703,0.0170048103041995,2.00046934092812,2024-08-13 12:30:22,2024-08-13 12:31:20,18357.701639213,NA
"416","2-Aug-GCW-UP-2",2024-08-13 12:14:52.5,NA,NA,NA,NA,NA,212.634827338507,-1.67918022899437,0.0145868596621221,18224.8760633583,0.51265427836586,2.72576173805504e-64,0.996091307737767,1.67065717854414,202.548569287681,0.996988777243413,1.4954080464906,212.688679326088,TRUE,-1.67585798884279,0.014851752504276,1.69447166071727,2024-08-13 12:14:21,2024-08-13 12:15:19,18213.8203629421,NA
"417","2-Aug-GCW-UP-3",2024-08-13 12:21:01.5,NA,NA,NA,NA,NA,191.140228748864,-1.2762970630975,0.0119543716423762,18306.5341671813,0.420135650139524,1.3470792880255e-62,0.995458737843851,1.36915396884094,181.41292011617,0.99647811780125,1.22961197865366,191.247918208993,TRUE,-1.27256384934202,0.0126192842360671,1.3365410808671,2024-08-13 12:20:30,2024-08-13 12:21:28,18288.7934024482,NA
"418","2-Aug-GCW-UP-4",2024-08-13 12:26:27.5,381.903572812344,-1.51976557983431,2.55999992799961e-29,0.913613995706335,8.0086344663415,211.901804029904,-1.7124035224634,0.0144881901833324,18219.2020081858,0.509186545651803,6.9498915960782e-65,0.996291435880319,1.65935639983909,215.638620000462,0.996309466625117,1.68809940501028,211.972050165315,TRUE,-1.7152324899725,0.0138670531116071,1.64273977069918,2024-08-13 12:25:56,2024-08-13 12:26:54,18210.7292343034,NA
"419","2-Aug-GCW-UP-5",2024-08-13 12:10:32.5,432.182420640519,-4.11154296446911,9.32908150607499e-32,0.937447687391964,14.8586132530788,273.460256251532,-3.8758307512294,0.0298424843631287,18283.4748621901,1.01442501458186,6.55427034962714e-65,0.997044541223248,3.22975103901561,205.170711108224,0.999264003317135,1.64497349824103,273.489729303049,TRUE,-3.87831495806542,0.0304676619855467,3.67251601291707,2024-08-13 12:10:02,2024-08-13 12:10:58,18276.5305380699,NA
"420","2-Aug-GWI-TR-1",2024-08-22 11:09:11.5,243.990762293254,0.427990625250648,1.65411387405272e-28,0.907198868223045,2.23345519277361,169.898885585443,0.456147832589635,0.00981996870922246,18368.7912369881,0.345122191397663,5.13156426562732e-44,0.976467391744007,1.1246972684424,156.389577669339,0.982984229307504,0.975310926211963,170.052281445911,TRUE,0.452479896455916,0.00937454076756772,0.972275672735015,2024-08-22 11:08:40,2024-08-22 11:09:38,18370.0203315247,NA
"421","2-Aug-GWI-TR-2",2024-08-22 11:13:08.5,NA,NA,NA,NA,NA,480.170719964857,6.6182024177322,0.173695764906155,18382.3037286966,6.10452688760676,1.14413963368543e-39,0.9654205370539,19.8936634234381,451.085974007037,0.981261514283405,14.9344612243566,480.172700763511,TRUE,6.61168803858263,0.181616113980415,25.3631442253448,2024-08-22 11:12:37,2024-08-22 11:13:35,18405.8543612538,NA
"422","2-Aug-GWI-TR-3",2024-08-22 11:16:51.176471,208.988261644844,0.488975187454651,4.7643013709066e-30,0.930632034990515,1.80605540102932,174.324609359845,0.439990302809106,0.0119978956562838,18558.4257901607,0.404345872084798,2.74502728029708e-37,0.964845743540201,1.28570268098029,165.681182319396,0.972564566511226,1.15972926249073,174.412168995999,TRUE,0.440190266894268,0.0125242468869055,1.20847901098969,2024-08-22 11:16:21,2024-08-22 11:17:18,18557.3394431959,NA
"423","2-Aug-GWI-TR-4",2024-08-22 11:20:55.5,209.382453988017,0.643349247981736,2.63207840230449e-18,0.771632268280035,1.62109606053851,236.957819420137,0.16810141732608,0.0182713450789232,18562.7571505401,0.642145289882515,1.70481421397394e-12,0.619452082054647,2.09264739120136,186.757761845735,0.860521937109633,1.29199551033241,237.08467447735,TRUE,0.167985104480622,0.0196359597120739,2.13474113684064,2024-08-22 11:20:24,2024-08-22 11:21:22,18558.7617597101,"low r2, but also low flux - checked"
"424","2-Aug-GWI-TR-5",2024-08-22 11:05:18.5,202.346873658756,1.19614574877799,1.73431338415969e-42,0.973057062389432,1.51885724368278,233.628388203524,0.568419914774812,0.0177166685625689,18406.3768488826,0.622651218108005,6.09296111973251e-36,0.951913161388428,2.0291193717865,169.738515687912,0.986322000683157,1.10362731934478,234.496744618376,TRUE,0.558032678917294,0.018407220555158,1.72953152245551,2024-08-22 11:04:47,2024-08-22 11:05:45,18406.2137446571,NA
"425","2-Aug-GWI-UP-1",2024-08-22 11:37:28.5,NA,NA,NA,NA,NA,179.340919316214,0.491194747667919,0.0107171383406954,18550.5563272202,0.376653162466704,1.01353693876791e-43,0.975843513453779,1.22745159116234,182.960829338815,0.976012946799944,1.24736228268457,179.570360963246,TRUE,0.491047230854108,0.0110499035764859,1.14909070103873,2024-08-22 11:36:57,2024-08-22 11:37:55,18550.6700063107,NA
"426","2-Aug-GWI-UP-2",2024-08-22 11:41:03.5,NA,NA,NA,NA,NA,163.182524537248,-0.180908239498576,0.00922788065866698,18480.6269069733,0.324313293573359,1.11950181636352e-25,0.880826194164914,1.0568844440989,164.442361580834,0.886722651584227,1.05081268851114,163.2593569774,TRUE,-0.183363381312679,0.010025861890815,1.11773860420077,2024-08-22 11:40:32,2024-08-22 11:41:30,18477.4401310598,"low r2, but also low flux - checked"
"427","2-Aug-GWI-UP-3",2024-08-22 11:44:43.5,NA,NA,NA,NA,NA,168.330256137874,-0.0942571760736911,0.00967837087600072,18428.5386128954,0.34014574432887,2.57067387591189e-13,0.645890323863245,1.10847983425727,158.795188664241,0.724398140259871,0.997278924591258,168.422806958733,TRUE,-0.0935851310900171,0.0109215564652608,1.07593297802018,2024-08-22 11:44:12,2024-08-22 11:45:10,18427.3681382746,"low r2, but also low flux - checked"
"428","2-Aug-GWI-UP-4",2024-08-22 11:48:45.5,NA,NA,NA,NA,NA,162.726501067026,-0.0147317619145606,0.00918899863677407,18404.129021458,0.322946787324815,0.114949077359287,0.0470995953989788,1.05243122178126,163.772641473668,0.0978243027766904,1.04431664339846,162.795062120242,TRUE,-0.0167042836750579,0.00996232182142019,1.11842295743516,2024-08-22 11:48:14,2024-08-22 11:49:12,18403.7869207727,"low r2, but also low flux - checked"
"429","2-Aug-GWI-UP-5",2024-08-22 11:52:59.5,219.257663148496,-0.245535109110789,3.47517991424623e-18,0.769191923198324,1.77631256502001,173.236674075581,-0.221039423748004,0.0101281976955134,18518.6278023881,0.355954880009095,7.67000462304624e-28,0.901569965076934,1.15999924436526,159.357428493689,0.929313906938658,1.00248422065804,173.272246425491,TRUE,-0.222778934026829,0.0101994773467244,1.03009822681951,2024-08-22 11:52:28,2024-08-22 11:53:26,18515.8704494949,NA
"430","2-Aug-MSM-TR-1",2024-08-15 12:59:38.5,283.329479532933,0.835813060460773,5.28077913141e-30,0.918694327839424,3.21490298667833,177.533702235189,0.705797760157024,0.010539295314641,17780.343418795,0.370402880343191,3.84594444407795e-52,0.988538028595431,1.20708293505581,177.771883211793,0.989309329918699,1.18884868884097,177.534247895188,TRUE,0.705915343436278,0.0113149187359393,1.48945332491891,2024-08-15 12:59:07,2024-08-15 13:00:05,17783.1421189184,NA
"431","2-Aug-MSM-TR-2",2024-08-15 13:03:18.5,NA,NA,NA,NA,NA,183.538655999562,-0.31951732439397,0.0111418925340365,17710.6154653146,0.39158112225476,1.53666425112164e-33,0.940529076966335,1.27609939189937,171.48954497806,0.955819578213945,1.12166652931464,183.683630516345,TRUE,-0.317102252040139,0.00913841287002287,0.899654112952766,2024-08-15 13:02:47,2024-08-15 13:03:45,17707.7633483083,NA
"432","2-Aug-MSM-TR-3",2024-08-15 13:07:09.5,218.756864431697,0.692204775100079,4.3075906276688e-35,0.948160121460561,1.76809482662653,186.86267135156,0.481861641695277,0.0114901486182982,17632.7339181273,0.403820560742489,9.11961483901202e-42,0.971281931076945,1.31598573759818,148.39765870683,0.986919306286622,0.905744329489594,187.068053251788,TRUE,0.485859633422698,0.0112424149069615,1.44874604526157,2024-08-15 13:06:38,2024-08-15 13:07:36,17631.9722146459,NA
"433","2-Aug-MSM-TR-4",2024-08-15 13:11:21.5,194.188227388338,2.49221675146987,3.49846204378734e-52,0.988579689906999,1.40834494589902,296.647623655596,0.79752709341977,0.0317539574765932,17626.1963461487,1.11599086660815,9.6108671890161e-31,0.923843564657697,3.63683330300431,197.012138463702,0.988825728671931,1.42068032931067,298.287531854728,TRUE,0.765866381950683,0.0278611072466587,3.22778806777686,2024-08-15 13:10:50,2024-08-15 13:11:48,17614.5899900121,NA
"434","2-Aug-MSM-TR-5",2024-08-15 13:15:17.5,225.354931711992,0.673627005359253,1.75490438084172e-35,0.949918240490731,1.87948126013102,212.410564962685,0.518255630290916,0.014556601423815,17744.4717286827,0.511590854456721,3.42919360153859e-38,0.960592885747507,1.66719165243306,177.995078903363,0.980652785129006,1.19130813587552,212.426259883305,TRUE,0.519699628732656,0.0162265512980034,1.76559587565582,2024-08-15 13:14:46,2024-08-15 13:15:44,17743.5494764189,NA
"435","2-Aug-MSM-UP-1",2024-08-15 13:23:11.5,235.32794988003,-0.337598120443184,2.54542739911142e-25,0.877010885216451,2.06130355038074,177.71016267162,-0.362156673880086,0.0105565294702903,17859.7811961817,0.371008573674884,2.18406078063181e-37,0.957686770370748,1.20905679142508,177.250224225969,0.961041057248046,1.18312018665435,178.10695845572,TRUE,-0.357019030517508,0.0100174702052792,1.18951272722331,2024-08-15 13:22:40,2024-08-15 13:23:38,17857.1511880532,NA
"436","2-Aug-MSM-UP-2",2024-08-15 13:27:41.5,255.332363914029,-0.789286186428383,3.64199247822619e-31,0.926629385284348,2.48075916931179,225.792288739431,-0.564259486556235,0.0164767360000007,17729.4532587502,0.579073865078667,2.38518190941295e-37,0.957543285191903,1.88710784329115,199.187896374505,0.975911439131098,1.44959146521843,225.805382125322,TRUE,-0.563388980078209,0.0161970566746591,2.32953764173733,2024-08-15 13:27:10,2024-08-15 13:28:08,17727.2958294139,NA
"437","2-Aug-MSM-UP-3",2024-08-15 13:31:12.5,260.532625247522,-0.4854444045721,6.54441600113139e-30,0.918021768398509,2.60313164193492,183.462964352997,-0.566772169165758,0.0111340864902302,17458.6251333022,0.391306779329199,4.85885302758119e-46,0.980327183667027,1.27520535278313,183.003279101845,0.981886617361828,1.24785265898837,183.544242400671,TRUE,-0.565287128463138,0.0111995767243799,1.17873040255324,2024-08-15 13:30:41,2024-08-15 13:31:39,17453.0025758136,NA
"438","2-Aug-MSM-UP-4",2024-08-15 13:35:02.9375,NA,NA,NA,NA,NA,93.0121189227299,-0.321769255138442,0.0108341559179803,17564.5290514501,0.415784994801597,8.37566377224553e-24,0.967107485711961,0.973259127204013,91.5034131149132,0.972309260418843,0.924333809422964,93.0267321728316,TRUE,-0.322755249269522,0.0112087564949703,1.15452245322405,2024-08-15 13:34:28,2024-08-15 13:35:25,17559.0929732314,NA
"439","2-Aug-MSM-UP-5",2024-08-15 13:39:19.5,NA,NA,NA,NA,NA,185.808850202541,-0.215474341686637,0.0113785775254659,17695.2744527623,0.399899401602873,5.45982851091949e-25,0.873357310734065,1.3032073156845,178.882509173472,0.896556041511858,1.20113737950606,185.819746900465,TRUE,-0.216323365567559,0.0120353488937997,1.43710222395477,2024-08-15 13:38:48,2024-08-15 13:39:46,17692.8513466879,"low r2, but also low flux - checked"
"440","2-Aug-SWH-SWAMP-1a",2024-08-20 11:23:31,308.44385938249,7.87648299852729,4.02878055102424e-19,0.926397283161401,24.4053986311918,272.443632648472,9.0427984331204,0.258592378001781,66896.2497100695,5.96259671192516,1.78297017653173e-26,0.9752762090359,14.1447903391377,242.698154459257,0.991107788966109,8.77052743638307,273.041811135576,TRUE,9.20125262805548,0.267213770914992,13.2266103011115,2024-08-20 11:23:10,2024-08-20 11:23:47,66917.8699312582,NA
"441","2-Aug-SWH-SWAMP-2",2024-08-20 11:15:32,474.628126702566,128.083386520326,5.98766447549585e-56,0.997020540087043,45.1853012070991,613.391414269313,60.2466219348919,2.42369372831715,168108.09565399,72.6164959230469,3.83213110804601e-27,0.934936048241089,211.153666511171,488.962307867674,0.996251369710357,51.9047391487071,617.418326322947,TRUE,56.1469114230548,1.83629223895096,170.85789488569,2024-08-20 11:15:05,2024-08-20 11:15:54,166822.729743452,NA
"442","2-Aug-SWH-SWAMP-3",2024-08-20 11:28:57.5,NA,NA,NA,NA,NA,441.889278182422,14.2011163542994,0.121856911155086,20917.8720527123,4.2826535867978,1.44219944808295e-64,0.996185838601273,13.9564737093552,442.216113746469,0.996436656604768,13.7569347244635,442.080381213233,TRUE,14.2392885318158,0.126137249613254,14.6206901840354,2024-08-20 11:28:26,2024-08-20 11:29:24,20978.3979759212,NA
"443","2-Aug-SWH-SWAMP-4",2024-08-20 11:39:03.5,581.666838605707,15.934329732878,7.47296009800431e-32,0.930959500885651,50.9161486946398,477.782294472736,12.1388904163688,0.169896638011598,19637.4258422169,5.97100680846273,1.37378794928116e-53,0.989916449610735,19.4585431326004,465.721598824082,0.992510626628635,17.1018461713818,478.006116156848,TRUE,12.1552722214278,0.172874150855325,19.8603171394732,2024-08-20 11:38:32,2024-08-20 11:39:30,19701.6205968992,NA
"444","2-Aug-SWH-SWAMP-5",2024-08-20 11:33:55.5,673.728436172796,43.0075689918014,6.45841972327448e-36,0.951805407581613,119.414703239975,576.511628997735,34.1113173766032,0.423837762036218,20706.3987610256,14.8957518666679,2.97154428290107e-56,0.992035966598211,48.5428403429829,512.871315117494,0.997724187400773,26.4632735530487,584.116477639093,TRUE,33.0799432182341,0.255604307417726,27.9302540906952,2024-08-20 11:33:24,2024-08-20 11:34:22,20825.5781118911,NA
"445","2-Aug-SWH-TR-1",2024-08-20 10:10:12,NA,NA,NA,NA,NA,579.487010449206,112.173499769465,1.66292335793458,53579.2040277049,49.822989526668,2.94174481979372e-45,0.990638454225066,144.874890772094,484.529036464011,0.998961741972573,49.40993552349,579.718980199029,TRUE,112.603705516849,1.61635085555329,160.144895383233,2024-08-20 10:09:45,2024-08-20 10:10:34,54026.9248719078,NA
"446","2-Aug-SWH-TR-10a",2024-08-20 11:01:43.5,NA,NA,NA,NA,NA,748.346038933291,234.095280992187,2.08059688725655,31869.7627164727,73.122448595052,8.90968238368846e-64,0.995909149236289,238.294204912236,657.353804778468,0.999295567305107,100.842379444216,752.480147919107,TRUE,237.684955836362,1.67523534697049,184.259834767692,2024-08-20 11:01:12,2024-08-20 11:02:10,33684.7855723919,NA
"447","2-Aug-SWH-TR-2c",2024-08-20 09:58:49,788.465975441413,528.222081085045,3.37113847146471e-29,0.94777728063888,1477.13406613067,698.807342045772,484.787696023048,6.26111681845103,33105.9455507653,187.589858656133,8.20941615319533e-48,0.992878605510277,545.472291826508,638.179748428093,0.99830626726119,272.429989237067,699.503602352658,TRUE,489.622342082984,6.40392183468747,475.014229000876,2024-08-20 09:58:22,2024-08-20 09:59:11,34323.2196487228,NA
"448","2-Aug-SWH-TR-3a",2024-08-20 10:35:04.5,852.403044113383,282.389843755722,9.03666757080593e-36,0.951179314079846,624.528430693136,817.647008487654,175.664505836746,3.95242953345906,29040.346755591,138.907890882703,4.82314285947809e-43,0.974350506483319,452.678295789035,797.818617652737,0.983501700276429,370.242729965824,824.070365672873,TRUE,166.957643021863,1.9712888605685,239.043325840617,2024-08-20 10:34:33,2024-08-20 10:35:31,27492.0132991252,NA
"449","2-Aug-SWH-TR-4",2024-08-20 10:53:58.5,632.444434382212,54.1462097216005,2.38810515924146e-39,0.964428571164322,81.4788160140096,621.600582006693,26.8014005353141,0.643447893991368,23077.0914806236,22.6139363372875,1.28574711025782e-41,0.970900218259875,73.6951522134135,580.761425137551,0.987315561629606,49.6188101084376,623.748526693914,TRUE,25.9977110185729,0.493479237950436,62.7141383375275,2024-08-20 10:53:27,2024-08-20 10:54:25,22646.4577620981,NA
"450","2-Aug-SWH-TR-5",2024-08-20 10:39:48,718.44115293248,100.896900627014,1.35407202805155e-34,0.942747445452331,160.18347172634,748.61558073545,39.2930396343475,1.79006458502658,26818.2618452608,63.9431515870988,2.85195557557741e-28,0.900903093746986,210.741620685924,722.866197699749,0.942303278679201,163.926317006635,757.213736763198,TRUE,34.7058291322277,0.2366151427182,26.5827141491398,2024-08-20 10:39:16,2024-08-20 10:40:15,25625.6485208244,NA
"451","2-Aug-SWH-TR-6a",2024-08-20 10:19:28,469.245094218758,9.85874882837447,1.29716774181257e-28,0.936732891175997,34.1561727245754,311.172517743654,9.78481109213001,0.0683426326175165,24315.9223200347,2.12632371459142,1.71987686422765e-61,0.997809523109612,6.35549738929903,281.790603064595,0.998923337719757,4.5581853926,311.174299785256,TRUE,9.78760759412106,0.0701249942624202,7.53039618917863,2024-08-20 10:19:00,2024-08-20 10:19:51,24287.2776484137,NA
"452","2-Aug-SWH-TR-7a",2024-08-20 10:05:18.5,NA,NA,NA,NA,NA,736.329308770207,120.941407141884,1.86151151008964,45042.1216265723,65.4227065989274,1.82540417154132e-51,0.987830653430147,213.201994076178,718.073967257255,0.991941042064689,176.93499848565,736.568683669068,TRUE,121.836069107158,1.01943948087058,91.4698122960141,2024-08-20 10:04:47,2024-08-20 10:05:45,50725.6396955675,NA
"453","2-Aug-SWH-TR-8a",2024-08-20 10:27:06.5,NA,NA,NA,NA,NA,758.772999244166,9.64200370224086,2.29148652925333,34521.4109256753,80.5341519867993,0.000102213929184514,0.254000758269205,262.447744635211,700.458910511043,0.764723838952005,150.307026823307,758.999556785557,TRUE,9.28248040463012,2.4694184904228,235.615907481506,2024-08-20 10:26:35,2024-08-20 10:27:33,34765.5009832274,"significant ebulition, flux compromised"
"454","2-Aug-SWH-TR-9a",2024-08-20 10:49:44,856.892576793434,559.003752437746,1.76295113748985e-27,0.928965770034919,2110.86419151334,639.323050669781,571.115862465193,2.24283705199626,25013.6054012388,69.7807126967722,9.92831092121395e-73,0.999306481234621,208.571787223367,613.687263595583,0.999630840190936,155.670273920866,639.608957117518,TRUE,571.722192241336,2.17612192482933,176.494271687455,2024-08-20 10:49:16,2024-08-20 10:50:07,26473.0320194048,NA
"455","2-Aug-SWH-UP-1a",2024-08-21 13:01:28.5,196.427714479673,-0.446610907203158,8.61751429628235e-27,0.89199365529326,1.43785325959243,202.857250288624,-0.258164570224343,0.0133242805949929,18547.2138723447,0.46828101533792,1.91884635327765e-25,0.878336936351615,1.52605190840115,193.486926007153,0.905020901384322,1.37505675406196,203.4570025441,TRUE,-0.255608867231294,0.0118542778098917,1.13425225681983,2024-08-21 13:00:57,2024-08-21 13:01:55,18551.2523917461,"low r2, but also low flux - checked"
"456","2-Aug-SWH-UP-2a",2024-08-21 13:06:25.5,NA,NA,NA,NA,NA,187.515267025336,-0.464248470297158,0.0115597886347942,18160.0299736361,0.406268054804205,8.10279517435124e-41,0.968766456369749,1.32396172394259,156.288795792782,0.983732803851339,0.974401224198051,187.801905950331,TRUE,-0.470023849716934,0.012761432415164,1.20117798442376,2024-08-21 13:05:54,2024-08-21 13:06:52,18154.3133403776,NA
"457","2-Aug-SWH-UP-3a",2024-08-21 13:14:26.5,167.275224335816,0.826050720599472,9.35547970871217e-39,0.96251189310184,1.09770402120754,221.603881934347,0.338162724134525,0.0158499746685186,18162.3407514866,0.557046376946116,2.21838522444581e-27,0.89747466024818,1.8153238306984,174.780846206568,0.959997471811706,1.15637552180368,222.278520447633,TRUE,0.326751969891923,0.0149880234316798,1.96325924673144,2024-08-21 13:13:55,2024-08-21 13:14:53,18164.3111138857,"low r2, but also low flux - checked"
"458","2-Aug-SWH-UP-4a",2024-08-21 13:18:56.5,440.005202171409,2.94865666096093,6.95614309602172e-32,0.931149281848842,13.7151123697799,292.197094112052,3.28360576838928,0.0304720160417528,18632.8801152216,1.07093711436756,8.33734143902649e-63,0.995541762674125,3.49001042884239,278.053391907679,0.996814023025951,3.008729324679,296.084735438902,TRUE,3.23552081637339,0.0193118154249076,1.96326717259765,2024-08-21 13:18:25,2024-08-21 13:19:23,18674.19163387,NA
"459","2-Aug-SWH-UP-5a",2024-08-21 13:25:31,255.703462975182,12.2379276663501,1.15708093931805e-17,0.954928514466049,30.6634837806119,209.066863115533,9.21645928796045,0.163509585003286,18907.7548504846,5.63100043368006,5.10075030158143e-27,0.992502764013107,12.5060784688682,188.016773283456,0.99713929120658,8.06866463093355,212.145935057055,TRUE,8.97921955164336,0.0883754841216447,4.74261061579178,2024-08-21 13:25:00,2024-08-21 13:25:56,18947.6518986658,NA
"460","2-Jul-GCW-TR-1b",2024-07-16 10:52:56.5,NA,NA,NA,NA,NA,207.747342870161,-0.668589420776382,0.0139414527513501,18474.1104769462,0.489971492505287,1.01361640552334e-44,0.977889916971626,1.59673765689665,185.833606554966,0.98631706078155,1.2809870799399,207.783199199018,TRUE,-0.671064704895471,0.0171642371089059,1.60595732251528,2024-07-16 10:52:25,2024-07-16 10:53:23,18471.0317852195,NA
"461","2-Jul-GCW-TR-2",2024-07-16 10:57:45,519.713401680288,7.84363839246884,1.08623183198001e-27,0.913454883009318,37.995587437895,254.100369960268,8.59856381188497,0.0267379292323178,18903.4324507063,0.893489690253642,3.99833955351591e-83,0.99952641922971,2.81066385377874,252.984155116808,0.999571622617727,2.72944442589095,254.376639258958,TRUE,8.61235766812969,0.0262074571178589,2.63760514307008,2024-07-16 10:57:15,2024-07-16 10:58:10,18934.4318817061,NA
"462","2-Jul-GCW-TR-3",2024-07-16 11:01:35.5,336.464789832516,-1.26438617290189,1.70874278140363e-31,0.92873119609626,5.25821069015135,193.408875162772,-1.23699327572626,0.0122081410040031,18345.267608962,0.429054358618912,2.01660925928054e-61,0.99496066013785,1.39821859381965,183.301082829918,0.996119283970863,1.25129828860704,193.636432844742,TRUE,-1.23130635528225,0.0130781646126377,1.2415188519668,2024-07-16 11:01:04,2024-07-16 11:02:02,18343.6430537435,NA
"463","2-Jul-GCW-TR-4",2024-07-16 11:05:28.5,NA,NA,NA,NA,NA,188.623263921443,-0.320944819752026,0.0116789936012271,18338.202657344,0.410457505958176,1.23205265468236e-32,0.935578105277136,1.33761446603392,187.316168793127,0.941608284839201,1.29869298826441,188.67950991093,TRUE,-0.319783241008156,0.0116933460288148,1.24429959053981,2024-07-16 11:04:57,2024-07-16 11:05:55,18337.5774501445,NA
"464","2-Jul-GCW-TR-5",2024-07-16 11:10:03.5,NA,NA,NA,NA,NA,165.716316978,-0.295530887261964,0.00944693593099193,18386.1582232271,0.332011977536679,2.12789537036896e-35,0.949546007274126,1.08197320697759,166.550710159193,0.952418713774641,1.07152792795819,165.754157727618,TRUE,-0.297333102400698,0.00942166589185974,1.05745113731504,2024-07-16 11:09:32,2024-07-16 11:10:30,18377.4355492805,NA
"465","2-Jul-GCW-UP-1",2024-07-16 11:15:16,384.283981974239,-2.94846566863191,1.14259400131494e-27,0.921899227617568,11.7275227064009,190.962832554867,-2.90393027728603,0.0164769116006333,18116.3107887966,0.53161983517057,5.96454094750226e-68,0.998489153081962,1.63113102961468,191.115446056796,0.998603244182084,1.60280812250377,191.202464984146,TRUE,-2.89954069103816,0.0168854668963451,1.50251775697711,2024-07-16 11:14:47,2024-07-16 11:15:40,18106.8622894993,NA
"466","2-Jul-GCW-UP-2",2024-07-16 11:22:32.5,388.293305157816,-1.94262898105132,2.002902058749e-31,0.928295089852116,8.49675610816718,206.621256195836,-1.99533418844985,0.0137968442161666,17806.7649825487,0.484889234502724,1.98679282097419e-69,0.997519991409454,1.58017540203308,182.822567765405,0.998517882960746,1.24576643151948,206.62829968794,TRUE,-1.99646077638651,0.0145791072685132,1.50579528735781,2024-07-16 11:22:01,2024-07-16 11:22:59,17801.7224454375,NA
"467","2-Jul-GCW-UP-3",2024-07-16 11:25:56.5,349.006699786709,-1.32873194756372,2.93310994211417e-29,0.913161553356492,5.90570948186936,190.453300489001,-1.25889405419852,0.0118785777938071,17796.5931200135,0.417471880031166,1.97269770845688e-62,0.995391624557957,1.36047317392452,188.936859532563,0.995839151240433,1.31832865096645,190.458531773616,TRUE,-1.25815353974073,0.0120702496331289,1.5436764437557,2024-07-16 11:25:25,2024-07-16 11:26:23,17794.1305859944,NA
"468","2-Jul-GCW-UP-4",2024-07-16 11:29:27.5,394.550214716129,-1.99860514627772,7.72924165829715e-30,0.917496301750765,9.0035487401904,247.508708115057,-1.96821843940083,0.0201464360905568,17817.5653212125,0.708045247221207,1.33112204442847e-60,0.994581319928139,2.30740466806362,238.963524786024,0.995704645684894,2.09504414399412,247.537760423384,TRUE,-1.96957534748141,0.0201345746714886,2.2256169607565,2024-07-16 11:28:56,2024-07-16 11:29:54,17816.5984516792,NA
"469","2-Jul-GCW-UP-5",2024-07-16 11:18:55.5,466.63657594065,-3.5039951199712,7.57376410664918e-29,0.90994056037505,17.5505468982308,249.248430193958,-3.67919490574494,0.0204735936578762,17860.0332614606,0.719543179639215,2.52960813718637e-74,0.998392366069149,2.34487456569871,246.165977404283,0.998589975673957,2.23952547154779,249.262982281936,TRUE,-3.67677211910037,0.0213071062407604,2.70679543976635,2024-07-16 11:18:24,2024-07-16 11:19:22,17829.398755782,NA
"470","2-Jul-GWI-TR-1a",2024-07-25 10:32:48.5,281.408210279731,0.704106578063204,4.9010130347341e-30,0.918926998125648,3.15821707594395,164.389100348398,0.695111540744609,0.00933155255808659,17787.1417636252,0.327956836050276,1.60446970746542e-54,0.990715656821781,1.06875815831776,166.450128468844,0.991043114505053,1.07053046574295,164.390835605992,TRUE,0.695235019769351,0.0100239733568225,1.24352214898085,2024-07-25 10:32:17,2024-07-25 10:33:15,17787.9048453028,NA
"471","2-Jul-GWI-TR-2",2024-07-25 10:37:28.5,347.303187636995,1.29134074098121,1.05413451914031e-31,0.930041209964259,5.81328799716379,210.164929656203,1.3799868223044,0.0142570522256515,17789.8219235628,0.501063216460838,2.15102833431587e-60,0.994480380179057,1.6328837870096,196.781667240564,0.995999590551752,1.41765184024334,210.604991088113,TRUE,1.37073600222431,0.0144891580118577,1.52946660731859,2024-07-25 10:36:57,2024-07-25 10:37:55,17799.2464273176,NA
"472","2-Jul-GWI-TR-3",2024-07-25 10:41:58.5,371.908471500866,2.05235875876639,6.93634041414498e-31,0.924791411137158,7.3007204391007,217.766065796964,1.67249815598624,0.0152966303796093,17792.6101202762,0.537599126222556,3.92466166824917e-63,0.995669095361999,1.75194839349766,215.416090480628,0.996149572011247,1.68462472715781,218.319650376124,TRUE,1.66137703990267,0.0142141818019079,1.49149622903434,2024-07-25 10:41:27,2024-07-25 10:42:25,17797.8065355973,NA
"473","2-Jul-GWI-TR-4",2024-07-25 10:47:01.5,NA,NA,NA,NA,NA,219.262048883909,1.2484385620697,0.0155099889193023,17832.0311521555,0.545097598870754,2.95154547259242e-56,0.992038034482795,1.77638470015985,213.721551319771,0.993327463898117,1.65839894789845,219.293148751334,TRUE,1.25039908831481,0.0170272951966963,1.53486484041585,2024-07-25 10:46:30,2024-07-25 10:47:28,17839.32376983,NA
"474","2-Jul-GWI-TR-5",2024-07-25 10:51:30.5,314.406752054333,0.956996440419785,1.36122671695956e-29,0.915683773450387,4.28683931659738,197.699343376869,0.924993316658157,0.0127028907051707,17775.8666858438,0.446442306189452,5.17020218629572e-54,0.990288351674026,1.45488309591152,200.308387232121,0.990535314312124,1.46470914065728,197.960153698852,TRUE,0.919922565541893,0.0121656448987353,1.44723927479555,2024-07-25 10:50:59,2024-07-25 10:51:57,17780.3762105046,NA
"475","2-Jul-GWI-UP-1",2024-07-25 10:19:42.5,NA,NA,NA,NA,NA,222.719953651362,1.70901032558298,0.0160146175093534,17826.5985338328,0.562832739378561,1.37907004968172e-62,0.99545463686607,1.83418064774523,222.202330738901,0.995819428589259,1.79387553562424,222.741251527152,TRUE,1.71127348443354,0.0156661386525415,1.83320040070415,2024-07-25 10:19:11,2024-07-25 10:20:09,17836.3874542425,NA
"476","2-Jul-GWI-UP-2a",2024-07-25 10:01:39.5,355.958775188228,1.27366375299679,2.15905080796974e-29,0.914177126121124,6.29836868077532,161.304935820067,1.35205784656726,0.00906883968438393,17765.9735122203,0.31872380839353,4.10181460793876e-70,0.997665996957899,1.0386692180994,162.268247844023,0.997793627256214,1.02987060805669,161.567691608138,TRUE,1.35337235580095,0.0092006930416793,1.09153003885556,2024-07-25 10:01:08,2024-07-25 10:02:06,17771.3789936338,NA
"477","2-Jul-GWI-UP-3",2024-07-25 10:05:34,340.528310887771,1.20507564358925,2.62147410740223e-29,0.917611623639586,5.79051983117807,187.079670702211,1.29072130524936,0.0122257227216145,17819.2559362135,0.422628221725232,2.17774530379883e-61,0.995445175497698,1.36150865138936,187.145614500164,0.99577102551185,1.33840996613822,187.085208991268,TRUE,1.28991440730125,0.0122040923278956,1.12355292017717,2024-07-25 10:05:03,2024-07-25 10:06:00,17824.5016749513,NA
"478","2-Jul-GWI-UP-4",2024-07-25 10:09:58.5,NA,NA,NA,NA,NA,219.307313676332,1.05523929337431,0.015516490804227,17863.1921336791,0.545326107213283,1.7419760629902e-52,0.988881841685882,1.77712937180098,206.669543297327,0.991829968233918,1.55357119434574,219.554313441041,TRUE,1.06212167757914,0.0157769348052647,1.54277710132122,2024-07-25 10:09:27,2024-07-25 10:10:25,17870.2069411085,NA
"479","2-Jul-GWI-UP-5",2024-07-25 10:15:16.5,328.786361243006,1.12861600052584,3.16303327285862e-30,0.920278888537683,4.89734996274345,223.483040584271,1.0858597716638,0.0161281713989933,17827.9750355152,0.566823583789038,2.92225142868066e-52,0.988658450335927,1.84718616265885,220.640319738441,0.990008288583582,1.76811731786929,223.618084403179,TRUE,1.08107731225815,0.0158884549451753,1.6644830880221,2024-07-25 10:14:45,2024-07-25 10:15:43,17834.3385125343,NA
"480","2-Jul-MSM-TR-1",2024-07-18 13:58:25.5,162.875072523364,0.139437876979788,3.22408087687075e-06,0.343463005683501,1.05388000732504,169.193183327643,0.0419146213526187,0.00975601146729942,17699.3943768271,0.342874418095952,7.62550008946694e-05,0.26197249399808,1.11737213967489,163.55528672818,0.382609621371476,1.04221702376372,169.225631160113,TRUE,0.0430152613158877,0.00993123888153638,1.14347148018916,2024-07-18 13:57:54,2024-07-18 13:58:52,17698.9196189317,"low r2, but also low flux - checked"
"481","2-Jul-MSM-TR-2",2024-07-18 13:54:26.215686,NA,NA,NA,NA,NA,155.508651136485,-0.00510995559656983,0.00947548098160672,17694.4990329026,0.331511753223811,0.592134469285482,0.00590018510656213,1.06911929811151,138.203290430285,0.345360011728076,0.885852772233496,155.654441717354,TRUE,-0.00818572626014487,0.00923442148047162,1.08142700397294,2024-07-18 13:53:55,2024-07-18 13:54:53,17694.0901592851,"low r2, but also low flux - checked"
"482","2-Jul-MSM-TR-3",2024-07-18 13:49:46.5,NA,NA,NA,NA,NA,176.259730689523,0.0753200782453869,0.0104157038188785,17641.8178499882,0.366059264887922,2.11605995511447e-09,0.501405113042716,1.19292779650062,166.061837552897,0.616680069079035,1.0666885128685,176.32574901153,TRUE,0.0769762297484868,0.0103307986000367,1.34369949864064,2024-07-18 13:49:15,2024-07-18 13:50:13,17638.3863640864,"low r2, but also low flux - checked"
"483","2-Jul-MSM-TR-4",2024-07-18 13:45:31.288461,208.173227454237,0.912429250863968,3.83924186918558e-36,0.958216743688301,1.72399653827456,249.936987125505,0.513236867863543,0.0232809072902737,17798.975850964,0.832265823083478,2.06933963844032e-27,0.906716343872665,2.57595355065581,201.956937766751,0.965669691861726,1.5949184507142,253.400585215106,TRUE,0.477926706300427,0.0198165750216646,1.84288200266948,2024-07-18 13:44:59,2024-07-18 13:45:57,17811.5554152228,NA
"484","2-Jul-MSM-TR-5",2024-07-18 13:40:43.5,NA,NA,NA,NA,NA,176.847383921861,0.233594330799305,0.0104725325658405,17731.2035052528,0.36805650767623,2.74704533731478e-28,0.905374054814452,1.19943648694248,176.620125620995,0.912499094723141,1.17623766870789,176.892637752413,TRUE,0.235601719404735,0.0109304006569236,1.28901389288686,2024-07-18 13:40:12,2024-07-18 13:41:10,17734.6298420744,NA
"485","2-Jul-MSM-UP-1",2024-07-18 14:40:50.5,NA,NA,NA,NA,NA,177.460988633239,0.0214327411575775,0.010532201868341,17857.8252534076,0.37015358161281,0.0469661296297716,0.0737625751558768,1.20627051091133,177.263068218671,0.143039922786026,1.18326089860507,177.636716728787,TRUE,0.021587443122251,0.0105022385232048,1.12819255873057,2024-07-18 14:40:19,2024-07-18 14:41:17,17857.2612045288,"low r2, but also low flux - checked"
"486","2-Jul-MSM-UP-2",2024-07-18 14:36:53.5,NA,NA,NA,NA,NA,173.219634260954,0.0113054329130455,0.0101265998344278,17835.3095247635,0.355898723280315,0.269379147322401,0.0234076108623351,1.15981623869064,173.234156282441,0.092889556497649,1.13993285363206,173.469849619963,TRUE,0.0119401716792238,0.0100582966035552,1.18870773429637,2024-07-18 14:36:22,2024-07-18 14:37:20,17834.2386434582,"low r2, but also low flux - checked"
"487","2-Jul-MSM-UP-3",2024-07-18 14:32:29.5,NA,NA,NA,NA,NA,177.247057105061,-0.0902803090253484,0.0105113598320408,17852.4661672837,0.369421089539351,1.51167578531433e-11,0.586540440558448,1.20388343800003,181.049430943908,0.588050831079857,1.22548050322923,177.25647896056,TRUE,-0.0893977092250552,0.0112520392244372,1.20035630929849,2024-07-18 14:31:58,2024-07-18 14:32:56,17851.9035644282,"low r2, but also low flux - checked"
"488","2-Jul-MSM-UP-4",2024-07-18 14:28:04,175.984700964644,-0.171647038643234,7.50800527046815e-12,0.590360378382083,1.1559211585182,170.792029706275,-0.0884523458730537,0.00936580795635807,17787.5235417323,0.334557357817438,5.97766902634973e-13,0.627265788174096,1.10262253343598,174.261161280428,0.630846168899949,1.11862307025725,170.840309549599,TRUE,-0.0865002434515011,0.0093154312441807,1.14747474866007,2024-07-18 14:27:32,2024-07-18 14:28:31,17786.0534130653,"low r2, but also low flux - checked"
"489","2-Jul-MSM-UP-5a",2024-07-18 14:24:16.5,177.733036352392,0.287916661370867,3.54185052642877e-05,0.282498134312676,1.20931288872067,183.767409287573,0.0399641757338963,0.0111655170311536,17767.1513002935,0.392411403741101,0.000756714940760189,0.197667432312421,1.27880514465304,177.154192394505,0.340829556106221,1.18206864313529,183.91942837894,TRUE,0.0386197784127142,0.0103985165984673,0.960575579510596,2024-07-18 14:23:45,2024-07-18 14:24:43,17765.3124237337,"low r2, but also low flux - checked"
"490","2-Jul-SWH-SWAMP-1a",2024-07-23 15:01:07.5,NA,NA,NA,NA,NA,804.590995339415,1278.37107403863,16.173139892455,92408.8390271982,493.876956677681,4.59363975798796e-49,0.993006739784996,1456.25631523105,784.531510996273,0.995854951080853,1147.5311959713,805.255156615782,TRUE,1288.88780768426,15.4382532951166,1517.05807121012,2024-07-23 15:00:40,2024-07-23 15:01:30,103301.297152472,NA
"491","2-Jul-SWH-SWAMP-2a",2024-07-23 15:38:36.5,NA,NA,NA,NA,NA,855.156040511194,584.600642566976,11.7947170775563,111367.998306887,387.344686278716,6.96538383793418e-43,0.980835655841432,1203.55248811947,777.132372154052,0.996284259035698,541.355398936708,855.35510462866,TRUE,589.078035558307,11.9561679157769,1335.34160567937,2024-07-23 15:38:07,2024-07-23 15:39:01,117221.125729017,NA
"492","2-Jul-SWH-SWAMP-3",2024-07-23 15:55:24.5,NA,NA,NA,NA,NA,735.393755056558,83.3817561648603,1.84545574483479,23446.0941619157,64.8584277245847,2.09347302913563e-43,0.975160400182067,211.363100709041,610.034952430014,0.997736514765488,65.0672386845172,735.708914819207,TRUE,83.976702125458,1.92588480527181,226.803901252964,2024-07-23 15:54:53,2024-07-23 15:55:51,24483.6051291281,NA
"493","2-Jul-SWH-SWAMP-4a",2024-07-23 16:03:15.5,621.293576139857,14.1921698048498,1.76876286506208e-28,0.906959817539415,73.4859603864301,430.607575791526,15.147923042974,0.109770002413682,21086.3264443157,3.85785992853092,2.26207292578324e-68,0.997276795693972,12.572140047212,432.017699271803,0.997404319897048,12.5173198956899,432.273416218104,TRUE,15.0392739299885,0.0903620620823151,10.4693668425311,2024-07-23 16:02:44,2024-07-23 16:03:42,21167.1608711815,NA
"494","2-Jul-SWH-SWAMP-5",2024-07-23 16:07:23.5,NA,NA,NA,NA,NA,725.836010984461,139.609954821879,1.68915538676441,28804.4068345932,59.3652613316177,7.53462198592697e-57,0.992445314987229,193.461762020127,629.305001300411,0.998825922729029,77.7771397889302,725.837858009246,TRUE,139.668515724918,1.71131436801869,256.259950749892,2024-07-23 16:06:52,2024-07-23 16:07:50,29707.9395098717,NA
"495","2-Jul-SWH-TR-10",2024-07-24 14:28:41.5,2263.25988649367,596.588935984234,7.3265202778994e-61,0.911718024171613,4866.71239591465,1959.96936428997,491.829128696652,3.66250175656486,51430.089352305,255.462232348768,1.39069744844806e-125,0.993827568865845,1286.84958319602,1768.51563496595,0.998888637891591,550.985438144656,1960.95287047616,TRUE,491.572940521828,3.67911781285105,1231.6742933972,2024-07-24 14:27:40,2024-07-24 14:29:38,41750.0319521948,NA
"496","2-Jul-SWH-TR-1b",2024-07-24 13:58:38.5,NA,NA,NA,NA,NA,761.292054494969,157.176134192114,2.34556270367,80150.3957164463,82.4346557836754,3.72457713518489e-52,0.988552152937605,268.641178387919,679.536901871474,0.997660953656193,123.835954905678,762.695896128545,TRUE,159.335014046839,2.16136802983699,253.080739737204,2024-07-24 13:58:07,2024-07-24 13:59:05,84888.9000077437,NA
"497","2-Jul-SWH-TR-2c",2024-07-24 13:31:46.5,NA,NA,NA,NA,NA,1039.44740612154,1843.88144458521,30.8161174547575,118402.408365735,1083.03053719158,1.24872015410374e-49,0.985683700599385,3529.42093316611,963.994805688985,0.996712740450684,1724.73246593248,1039.79968903275,TRUE,1859.32903866597,29.0771230397187,4078.4874964262,2024-07-24 13:31:15,2024-07-24 13:32:13,133611.646651442,NA
"498","2-Jul-SWH-TR-3",2024-07-24 14:09:20.5,NA,NA,NA,NA,NA,653.175876200943,84.3720275981475,0.861956569575447,32952.7523026905,30.2934101920417,1.20467891796965e-60,0.994602079270182,98.7213124627406,655.451757757157,0.994771702443601,99.0819367515767,653.359974822082,TRUE,84.0388968133562,0.943279173810185,98.3658018326762,2024-07-24 14:08:49,2024-07-24 14:09:47,33246.7512697877,NA
"499","2-Jul-SWH-TR-4",2024-07-24 14:21:17.5,NA,NA,NA,NA,NA,842.447510709619,244.740033477859,4.97270889753518,30555.0688692909,174.765545870653,2.70842694921805e-45,0.978983766900835,569.532579932209,784.651113119155,0.993307969032364,327.745528394226,844.316481803088,TRUE,250.864767358204,3.98833471440305,341.37170693574,2024-07-24 14:20:46,2024-07-24 14:21:44,32565.2887570561,NA
"500","2-Jul-SWH-TR-5",2024-07-24 14:16:54.5,670.273690088787,47.8362333719665,2.20774751007278e-37,0.957669226151113,115.655268873369,588.069765557509,35.2288396762153,0.47171289549741,31412.4364100249,16.57832046366,1.40482103209182e-54,0.990762978945506,54.026058612258,489.727183966253,0.99861182984512,21.3587257715222,598.304955563051,TRUE,33.9074378668476,0.220310248860525,25.5333227586355,2024-07-24 14:16:23,2024-07-24 14:17:21,31845.0133880602,NA
"501","2-Jul-SWH-TR-8b",2024-07-24 15:29:57.5,1870.55688469095,124.394481737813,3.22480326420875e-65,0.926185926293426,869.390445343258,1603.82200307061,96.0405182611596,0.768047747949149,33779.2805767544,53.5719039287399,3.88228809482076e-122,0.992888097771488,269.859781651002,1252.73951785041,0.999684308210664,57.3706259031792,1607.0280156408,TRUE,94.896693164405,0.69547561568091,266.072465907951,2024-07-24 15:28:56,2024-07-24 15:30:54,32300.8967663304,NA
"502","2-Jul-SWH-TR-9d",2024-07-24 15:04:44.5,NA,NA,NA,NA,NA,2628.93893697394,1503.11653483821,68.8701968011225,61116.8587337021,4803.74765297459,3.78522461245736e-42,0.809635874001351,24198.1000798963,2620.34931396261,0.829539533609677,23105.3855015462,2629.92635750861,TRUE,1540.86334527978,66.3873242619,23162.7168014778,2024-07-24 15:03:43,2024-07-24 15:05:41,34095.7345141344,"significant ebulition, flux compromised"
"503","2-Jul-SWH-UP-1",2024-07-23 14:21:35.5,247.971797016244,0.341270242990714,6.89409870220563e-24,0.860421545947818,2.31731973872338,158.123305929799,0.385331866889737,0.00880557277524934,18159.231766801,0.309471309195881,1.05921000693089e-42,0.97356296437155,1.00851682328607,143.736102874468,0.981192379536922,0.867481785607917,159.155085707715,TRUE,0.393915091326464,0.00929876318617454,0.920833194771021,2024-07-23 14:21:04,2024-07-23 14:22:02,18168.3409591256,NA
"504","2-Jul-SWH-UP-2",2024-07-23 14:25:01.5,336.21093060824,-1.48887074441543,7.22769224917239e-32,0.931047937580931,5.24586552620565,203.530595776204,-1.25410202566513,0.0134076127312879,18508.8729952925,0.471209718100995,1.26249605637363e-59,0.994091640113268,1.53559607588679,171.967965966548,0.996941877825065,1.12664633628047,203.934148046399,TRUE,-1.25635399470573,0.0140460919503089,1.33124326373418,2024-07-23 14:24:30,2024-07-23 14:25:28,18511.4336887014,NA
"505","2-Jul-SWH-UP-3",2024-07-23 14:33:25.5,251.192552263754,-1.35265337935704,1.27943964076892e-32,0.935484644103986,2.38746716556756,269.769675849337,-0.564238260656554,0.0247579704463589,18795.7285107699,0.870117336217307,9.94428820877041e-29,0.908994123758582,2.8355713299826,236.769369274896,0.954133581967009,2.05291014523912,273.431601347587,TRUE,-0.523553635712582,0.0136999375408898,1.47802513310669,2024-07-23 14:32:54,2024-07-23 14:33:52,18821.2312659392,NA
"506","2-Jul-SWH-UP-4",2024-07-23 14:29:53.5,NA,NA,NA,NA,NA,436.073277620226,11.291010787632,0.115468254567488,19957.0340396265,4.05812464715583,1.26992761906914e-60,0.994591118365008,13.2247702970683,430.164291846507,0.995497906039395,12.304340632219,436.164227884095,TRUE,11.316135347185,0.112809232166278,14.5458465513961,2024-07-23 14:29:22,2024-07-23 14:30:20,19953.0265675354,NA
"507","2-Jul-SWH-UP-5",2024-07-23 14:36:34.5,NA,NA,NA,NA,NA,334.270437045304,4.73713887868818,0.044987143355635,18237.4191571604,1.5810703638023,2.75324146838802e-62,0.99533215980467,5.15245198282466,306.042377952685,0.997430065092825,3.89882457450236,334.39870581491,TRUE,4.75056459764262,0.046234189015267,5.49795166054721,2024-07-23 14:36:03,2024-07-23 14:37:01,18279.3044958428,NA
"508","2-Jun-GCW-TR-1",2024-06-19 10:28:33,NA,NA,NA,NA,NA,178.704986113866,2.20328550524214,0.0166982631063429,18110.3157109036,0.519528023367417,6.72262130853935e-60,0.99742194322722,1.55284869068667,172.98780633151,0.997903461984527,1.43253849682142,179.19706351219,TRUE,2.19181185092135,0.0155007031865643,0.950110889686837,2024-06-19 10:28:05,2024-06-19 10:28:56,18119.0349636797,NA
"509","2-Jun-GCW-TR-2",2024-06-19 10:32:29.5,542.094285357805,9.14919870105884,1.38703163964379e-31,0.929299882285408,35.2959281109767,362.672805138314,8.34711483254412,0.0585195938339533,17900.3891236065,2.05666749678211,4.06840323828766e-69,0.997450678529343,6.70234593248692,346.20380852752,0.99825497001126,5.65500059322067,364.94422630753,TRUE,8.27122359190493,0.0472084461626856,5.04724209764614,2024-06-19 10:31:58,2024-06-19 10:32:56,17920.0854293863,NA
"510","2-Jun-GCW-TR-3",2024-06-19 10:35:55.5,130.43560427544,0.171165746961914,0.0105687327331861,0.152476830160964,1.0907142864113,130.934092936518,0.035991149378561,0.0139678028223286,17727.3742984001,0.394368901646235,0.0137698223732009,0.142357834843068,1.09720625295554,134.006253644785,0.161096615863279,1.11334402371821,131.128268896332,TRUE,0.0419701291334437,0.0131336158049502,0.987802817786341,2024-06-19 10:35:30,2024-06-19 10:36:16,17725.7687522547,"low r2, but also low flux - checked"
"511","2-Jun-GCW-TR-4",2024-06-19 10:39:57.5,573.799602360855,10.1491864525958,1.93596306634629e-31,0.928388641894355,47.3390414819001,383.336639964797,11.1262069608529,0.0708591029182877,17859.3580541077,2.49033877843877,2.78683036519908e-71,0.997895323448837,8.11561032996278,363.492044552557,0.998646633467275,6.63671076449755,385.680097007932,TRUE,11.0382663857359,0.0660058523766388,6.51502853301935,2024-06-19 10:39:26,2024-06-19 10:40:24,17928.9675980053,NA
"512","2-Jun-GCW-TR-5",2024-06-19 10:43:39.5,NA,NA,NA,NA,NA,172.201981938126,0.236310280230656,0.010031628002939,17507.1084352198,0.352560944151378,2.06733083248528e-29,0.914320051714811,1.14893895765062,173.215478285375,0.918929982135435,1.13973572565553,172.222417584376,TRUE,0.237102571224727,0.0104822563158915,1.17562217853405,2024-06-19 10:43:08,2024-06-19 10:44:06,17506.4295369493,NA
"513","2-Jun-GCW-UP-1",2024-06-19 10:48:41.5,402.64006576864,-3.12456892735987,2.47349555013822e-35,0.949253400525422,9.70387055635905,318.502584718663,-2.69764739761484,0.0388760396320014,17428.0738856602,1.36629600235468,6.1820117027012e-53,0.989316044722311,4.45253715940124,261.796636933369,0.996528596805361,2.58827680839102,318.503338193787,TRUE,-2.69761434137475,0.0415328567031659,5.62524999346619,2024-06-19 10:48:10,2024-06-19 10:49:08,17419.4290399849,NA
"514","2-Jun-GCW-UP-2",2024-06-19 10:55:58.5,370.010870510585,-1.79905995555744,4.33907076442176e-32,0.932386161245242,7.17356437152319,224.005443566195,-1.73303818291151,0.0162063733882584,17447.0088229295,0.56957198785284,1.23964193616313e-62,0.995473230842698,1.85614276591469,194.149303390263,0.997581752955494,1.38351606200387,224.046594530769,TRUE,-1.73155142791576,0.0186172892651956,1.78945847290016,2024-06-19 10:55:27,2024-06-19 10:56:25,17442.1322309122,NA
"515","2-Jun-GCW-UP-3",2024-06-19 10:59:30,NA,NA,NA,NA,NA,181.931545055633,-1.21539442361821,0.0172813831492281,17418.2633563738,0.537670461376493,1.15436736006529e-47,0.990984251546067,1.60707571953037,161.35631575408,0.994655352155877,1.26580563066614,182.002433632764,TRUE,-1.21703612886245,0.0175806788722243,1.47518991113752,2024-06-19 10:59:02,2024-06-19 10:59:53,17413.9794450381,NA
"516","2-Jun-GCW-UP-4",2024-06-19 11:03:08.5,352.621447094028,-1.49009861680025,1.79128485666661e-34,0.945242420018769,6.10671798530656,280.039116900162,-1.63131884739944,0.0272277014999778,17436.4333556342,0.956915880960869,1.16707162372352e-49,0.985720876429015,3.1184337149904,245.940345395773,0.992948320786247,2.2348515719554,280.046277105735,TRUE,-1.63276034400312,0.0275193895464247,4.05283978455832,2024-06-19 11:02:37,2024-06-19 11:03:35,17433.5998285481,NA
"517","2-Jun-GCW-UP-5",2024-06-19 10:52:33.5,393.208598822899,-3.93391142010806,6.43210684177444e-32,0.945164140309457,11.8645914048726,264.387896823018,-3.43286053152187,0.0320637326696892,17410.2766288424,1.05298977416748,8.77693417992394e-59,0.995829940460101,3.2718364484074,197.355701666219,0.998992686978791,1.64264753030928,265.017522264943,TRUE,-3.41094088618792,0.0319887900024658,3.42829955678522,2024-06-19 10:52:04,2024-06-19 10:52:58,17411.3448952982,NA
"518","2-Jun-GWI-TR-1a",2024-06-27 12:05:06.5,NA,NA,NA,NA,NA,215.897260207357,0.337132165572921,0.0150342181344182,17923.677929429,0.528376664136205,2.13750602812724e-28,0.906281022141261,1.72189388476026,205.575605903349,0.928113758755958,1.53791442210239,217.071132112969,TRUE,0.323537047412045,0.0134814786084402,1.39681971135603,2024-06-27 12:04:35,2024-06-27 12:05:33,17931.1761082852,NA
"519","2-Jun-GWI-TR-2a",2024-06-27 11:56:55.5,214.139069963286,-0.305647593845375,8.296239886936e-18,0.761381259946507,1.69408918353325,182.381063261758,-0.203371048936884,0.0110231064404946,17871.5184486106,0.38740639236257,1.78266330881177e-24,0.867477053298827,1.2624946240135,184.257723816843,0.872586881059662,1.26243125615165,182.58836055043,TRUE,-0.199738180250168,0.0115821276279638,1.25211813713642,2024-06-27 11:56:24,2024-06-27 11:57:22,17870.6664618523,"low r2, but also low flux - checked"
"520","2-Jun-GWI-TR-3",2024-06-27 11:47:46.5,NA,NA,NA,NA,NA,185.192873544153,-0.040260578368066,0.0113138646698065,17865.7757220159,0.39762507230325,0.000806275436144245,0.195831218253024,1.29579564522522,187.116291273269,0.226168656450196,1.29629169680666,185.259921385714,TRUE,-0.038267994963145,0.0131257927101916,1.16534480775571,2024-06-27 11:47:15,2024-06-27 11:48:13,17865.3524561183,"low r2, but also low flux - checked"
"521","2-Jun-GWI-TR-4a",2024-06-27 11:36:19.5,NA,NA,NA,NA,NA,158.053511750265,0.0292453842034899,0.00879988407907475,17842.706698854,0.309271380321553,0.00163397503685598,0.175190672532998,1.00786528749833,156.251008535084,0.259223857210378,0.974060358368499,158.124260752385,TRUE,0.0270661877162075,0.00889971666084245,1.14584679412922,2024-06-27 11:35:48,2024-06-27 11:36:46,17845.2500780502,"low r2, but also low flux - checked"
"522","2-Jun-GWI-TR-5",2024-06-27 12:10:39.5,165.141863737433,0.160955159181921,3.5576881092172e-14,0.67159303721609,1.07623345749042,147.821008020746,0.103197860251631,0.00800441403314034,17878.3784027573,0.281314634880373,8.00428148024067e-18,0.761707957169886,0.916758786624256,148.114230006856,0.777516497040315,0.903370464860046,147.832768995301,TRUE,0.102349632432678,0.00820461532275487,1.03246581772625,2024-06-27 12:10:08,2024-06-27 12:11:06,17878.6897265132,"low r2, but also low flux - checked"
"523","2-Jun-GWI-UP-1",2024-06-27 13:27:42.5,NA,NA,NA,NA,NA,176.713940621797,0.0408975828908212,0.010459600840823,17962.0188793482,0.367602023002321,0.000268639767257843,0.227208289118764,1.19795539507405,179.59826568499,0.243010858072684,1.2091242040827,176.735700726538,TRUE,0.0421533968430138,0.0112719479462146,1.24234758483662,2024-06-27 13:27:11,2024-06-27 13:28:09,17961.7276214218,"low r2, but also low flux - checked"
"524","2-Jun-GWI-UP-2",2024-06-27 13:33:55.5,159.05698870769,0.130455802644012,3.10091173213867e-11,0.575106900539717,1.01727346087648,165.778172049527,0.0707733525775655,0.0094523480445575,17985.5987329409,0.332202185932363,8.2771880820009e-10,0.518789903987844,1.08259306530137,161.362798906121,0.588230502215632,1.02127248556857,165.78273503568,TRUE,0.0702693046331616,0.0106343477968785,1.11373481365274,2024-06-27 13:33:24,2024-06-27 13:34:22,17985.3849557479,"low r2, but also low flux - checked"
"525","2-Jun-GWI-UP-3a",2024-06-27 12:55:31.5,NA,NA,NA,NA,NA,189.874092216948,-0.0489251609695844,0.0118150430332296,17859.3915436773,0.415238954810149,0.000127304708242374,0.247981418050156,1.35319643264473,187.04369428344,0.337333277328015,1.29542062964777,190.00177238808,TRUE,-0.0530569129600006,0.0123755097839662,1.47458341074231,2024-06-27 12:55:00,2024-06-27 12:55:58,17860.1725598141,"low r2, but also low flux - checked"
"526","2-Jun-GWI-UP-4",2024-06-27 13:06:44.5,NA,NA,NA,NA,NA,135.218054860992,-0.0224616103796416,0.00712278736686029,17873.0418570008,0.250329920359294,0.00267930258178306,0.160538518122745,0.815784625431674,138.09623442701,0.177797972203831,0.823343518100593,135.222486121297,TRUE,-0.0222924826675064,0.00799526292326712,0.860012174674812,2024-06-27 13:06:13,2024-06-27 13:07:11,17875.3516867507,"low r2, but also low flux - checked"
"527","2-Jun-GWI-UP-5",2024-06-27 13:19:07.5,NA,NA,NA,NA,NA,172.839632997497,0.0224818804209297,0.0100910316973899,17919.5050372151,0.354648683309526,0.0302376406955776,0.0871358614336022,1.15574256108997,173.315224384624,0.144812933996061,1.14078884331214,172.972632579681,TRUE,0.0255206349520804,0.00917851625412763,1.02278422126354,2024-06-27 13:18:36,2024-06-27 13:19:34,17921.12438888,"low r2, but also low flux - checked"
"528","2-Jun-MSM-TR-1",2024-06-18 13:55:06.5,171.237878217262,0.108375826775901,3.7343258142005e-14,0.670985832662554,1.13872815335715,172.154032919646,0.101956754544068,0.0100271752255736,17165.0539698737,0.352404451566968,5.82796402277081e-14,0.665356214416244,1.14842897368956,172.945138077459,0.68466276264756,1.13688636376831,172.297275709452,TRUE,0.103692492497781,0.0100117439958945,1.31971784322565,2024-06-18 13:54:35,2024-06-18 13:55:33,17163.4184811,"low r2, but also low flux - checked"
"529","2-Jun-MSM-TR-2",2024-06-18 13:58:37.5,228.082241590156,-0.417918144215841,4.67699944902379e-29,0.911591898822873,1.92754791071296,161.366518261828,-0.402885519451137,0.00907401228204282,17116.3954454868,0.318905599017524,5.07587884459702e-43,0.974300096172131,1.03926164426999,155.126485154119,0.978739369968875,0.963970813570017,161.384622011085,TRUE,-0.403013658794773,0.00994837382467309,1.08465614626476,2024-06-18 13:58:06,2024-06-18 13:59:04,17113.4153197711,NA
"530","2-Jun-MSM-TR-3",2024-06-18 14:02:10.5,NA,NA,NA,NA,NA,205.437451531984,-0.0385042268823906,0.0136464406819761,17076.3691378608,0.479603311619383,0.00675283542602708,0.132772393025132,1.56294943634245,193.116863711571,0.358975064561766,1.37035318133524,205.457550889913,TRUE,-0.0403471437397121,0.0145169780526779,1.60263367546439,2024-06-18 14:01:39,2024-06-18 14:02:37,17078.1020825164,"low r2, but also low flux - checked"
"531","2-Jun-MSM-TR-4",2024-06-18 14:05:49.5,186.599019308041,0.123199338689291,2.38759879537018e-11,0.579302186716173,1.31277704160531,176.725626385827,0.10270820208086,0.0104607326467503,17200.1110639815,0.367641800251461,1.9495830617848e-13,0.649600412053801,1.19808502268007,175.4287986607,0.682338998611901,1.16333411924018,176.732621406858,TRUE,0.102425260958758,0.0116473067248023,1.18623882244102,2024-06-18 14:05:18,2024-06-18 14:06:16,17202.5703604074,"low r2, but also low flux - checked"
"532","2-Jun-MSM-TR-5",2024-06-18 14:09:22.5,226.542396573141,0.297131387265984,2.15302919755885e-26,0.88813108250365,1.90026026489664,163.453165799081,0.351437357904826,0.00925103415035242,17167.7812865365,0.325127021603009,1.3287255356188e-39,0.965221175229915,1.05953625182096,163.599796567972,0.967616467788977,1.04264663925592,163.702702711709,TRUE,0.347979318713679,0.00866105250090559,0.789215205673931,2024-06-18 14:08:51,2024-06-18 14:09:49,17171.4262322232,NA
"533","2-Jun-MSM-UP-1",2024-06-18 14:15:08.5,198.17178347458,-0.360182329337777,3.17826905427199e-28,0.9048429217586,1.46126134297959,189.749594379379,-0.285853226520545,0.0118014309979413,17328.9555244795,0.414760560673955,5.46927458524203e-30,0.918584756945024,1.35163742371507,183.256026521558,0.932963504107935,1.2507763708026,189.770826805584,TRUE,-0.284170753141974,0.0124675965902699,1.24752585868398,2024-06-18 14:14:37,2024-06-18 14:15:35,17330.0657520881,NA
"534","2-Jun-MSM-UP-2",2024-06-18 14:19:09.5,256.688064369965,-0.448282606122798,3.09367327726121e-27,0.896157594284488,2.51209586825037,206.78959556007,-0.480601744513229,0.0138183660958236,17257.6650496494,0.485645619628804,1.10250739542475e-37,0.958783910518887,1.58264033852919,185.587286398247,0.974154945365229,1.27806880783766,206.881354966845,TRUE,-0.47984568922986,0.0137946826582614,1.50278310918002,2024-06-18 14:18:38,2024-06-18 14:19:36,17254.1193409427,NA
"535","2-Jun-MSM-UP-3",2024-06-18 14:22:58.5,181.399760480196,-0.161063876599937,3.80402890798206e-20,0.805818063952419,1.25107538202678,153.969090755067,-0.167986535596715,0.00847329824154752,17248.5568000198,0.297793541311639,6.68835916142976e-26,0.883158283436288,0.970460871022556,157.910033988453,0.883285996809066,0.989138753048967,154.108432688355,TRUE,-0.165527676782498,0.00903014726752814,0.983462582637451,2024-06-18 14:22:27,2024-06-18 14:23:25,17248.2528891888,"low r2, but also low flux - checked"
"536","2-Jun-MSM-UP-4",2024-06-18 14:26:30.5,NA,NA,NA,NA,NA,152.453982503814,-0.0250188039706893,0.00835525811913723,17250.2229738219,0.293645028528617,0.00420306773450012,0.147069797936875,0.956941540444978,145.108965705276,0.308692443292506,0.878579332513007,152.665227265649,TRUE,-0.0246283212777267,0.00769541152805814,0.656251707839137,2024-06-18 14:25:59,2024-06-18 14:26:57,17248.8844438699,"low r2, but also low flux - checked"
"537","2-Jun-MSM-UP-5b",2024-06-18 14:33:26.5,NA,NA,NA,NA,NA,165.002226724143,-0.27495128993728,0.00938467933868879,17157.9058735927,0.32982397346041,5.37778129801664e-34,0.942880133741504,1.07484285642564,162.283766512598,0.949562444481299,1.03001860221363,165.07630935755,TRUE,-0.272470629202004,0.00948682058940565,1.18101654334834,2024-06-18 14:32:55,2024-06-18 14:33:53,17155.2686699986,NA
"538","2-Jun-SWH-SWAMP-1",2024-06-26 14:43:54,949.702995838557,866.138220487149,5.27099731737163e-28,0.924424390250875,3757.54170804699,752.41791812649,945.923196129958,5.06998749587867,97284.2618765448,163.580771822085,4.11612661393251e-69,0.998651615063389,501.903155441354,750.060494155086,0.998815685428391,480.716676505631,752.466378263978,TRUE,946.352382085011,4.49123607991946,412.42230110726,2024-06-26 14:43:25,2024-06-26 14:44:18,99562.648108826,NA
"539","2-Jun-SWH-SWAMP-2",2024-06-26 14:50:21.5,820.805385610223,399.405897470163,4.05123583818007e-48,0.983634316989546,466.111996922297,863.405435116538,225.233685687966,6.03767858023646,109653.003540024,212.193839335658,3.30884775454353e-39,0.963979924031701,691.505320230578,742.575722847552,0.996430537192106,221.99403946346,865.993334569307,TRUE,217.608897657937,5.59463564423128,575.986837261612,2024-06-26 14:49:50,2024-06-26 14:50:48,107080.896545762,NA
"540","2-Jun-SWH-SWAMP-3",2024-06-26 15:00:21.5,481.72478743906,4.04283628995518,6.28040397150154e-28,0.902322271607339,20.1819930513118,315.040362423416,4.05669154616736,0.0376495310720348,23777.0821440172,1.32319043506442,8.37460223071886e-63,0.995540998051941,4.31206310414075,298.385087711945,0.996958289945237,3.63196665931363,315.081290410283,TRUE,4.05913741902952,0.0405015532261591,4.04313542949723,2024-06-26 14:59:50,2024-06-26 15:00:48,23794.2586511484,NA
"541","2-Jun-SWH-SWAMP-4",2024-06-26 15:11:57.5,491.479004183949,4.77350542965403,2.69548797741053e-30,0.920767052159896,22.0896151518346,282.702242757556,4.93686046883669,0.0279074440564696,19922.3346304172,0.980805390961281,5.72184742874379e-74,0.998341098066438,3.19628575496812,246.943947515057,0.999205552861112,2.25571597322692,282.730565407563,TRUE,4.93375128939797,0.0285710181103052,3.80161254450173,2024-06-26 15:11:26,2024-06-26 15:12:24,19929.8696358128,NA
"542","2-Jun-SWH-SWAMP-5",2024-06-26 15:06:34.5,625.558500054868,54.4712396319436,2.66359499533176e-44,0.977053220255727,76.4459846989728,633.595901165238,31.3479422778261,0.719034126854127,27282.1169757061,25.2704098045187,1.27913353309347e-42,0.9733705333407,82.3521685593776,540.88656924271,0.995557999590369,34.3004464197525,648.435300216603,TRUE,28.8924753763193,0.236351303703838,24.2392033091424,2024-06-26 15:06:03,2024-06-26 15:07:01,27026.0402736658,NA
"543","2-Jun-SWH-TR-10",2024-06-26 12:04:30.5,NA,NA,NA,NA,NA,1087.72424034015,1536.12145787811,48.1848940913073,61886.1803386587,1693.45511513071,8.35903628356693e-36,0.951325319959734,5518.69566690001,1077.24176534854,0.962775580037255,4921.70446287475,1088.77849353952,TRUE,1501.62096062047,45.7468611277367,4955.98934780812,2024-06-26 12:03:59,2024-06-26 12:04:57,74536.3448487372,NA
"544","2-Jun-SWH-TR-1a",2024-06-26 11:21:56.5,803.231766420209,589.265428925082,2.41026224919685e-26,0.933493908072597,2129.77871950726,661.296958772026,634.567421299559,5.03949072070167,38950.2401914047,148.08730200867,8.88301224281072e-56,0.997358089133279,424.485490219691,625.608296508847,0.998928041427284,277.068669739773,661.296958772026,TRUE,634.567421299559,5.03949072070167,617.322456772293,2024-06-26 11:21:30,2024-06-26 11:22:18,41738.7340275273,NA
"545","2-Jun-SWH-TR-2",2024-06-26 10:51:47.5,NA,NA,NA,NA,NA,990.927969697364,715.202488605093,19.6638869973413,52023.8915918144,691.086089260645,1.17798124282419e-38,0.962178420509572,2252.13752179267,834.662489003752,0.998055508402157,520.768588135389,991.261555576244,TRUE,723.904327345666,19.9074854373073,2664.35449334192,2024-06-26 10:51:16,2024-06-26 10:52:14,60735.2062597926,NA
"546","2-Jun-SWH-TR-3a",2024-06-26 11:45:22.5,862.023256158003,1495.19686992572,8.33247864523329e-30,0.95447426977474,4154.13073662978,813.162886812484,1486.68527233859,28.3054456455554,63708.5738575403,831.766007740505,6.11829471299277e-40,0.985003531712085,2384.21928656066,781.433044674316,0.993342308125254,1627.82680418805,813.407981520042,TRUE,1472.98321821277,24.9472362589134,1642.94599253759,2024-06-26 11:44:56,2024-06-26 11:45:44,67348.6419543416,NA
"547","2-Jun-SWH-TR-4",2024-06-26 12:09:20,NA,NA,NA,NA,NA,705.021111297078,51.6651915948051,1.20434800002779,26108.9152158629,43.020686166054,7.7731677182406e-43,0.972006766869951,141.786084993095,586.777357617556,0.996967616015346,47.5720672659214,707.827676031179,TRUE,53.3509413231679,0.940920910309156,127.704063798259,2024-06-26 12:08:48,2024-06-26 12:09:47,27770.8080435799,NA
"548","2-Jun-SWH-TR-5",2024-06-26 12:13:22.5,727.010831580443,68.2965839941855,3.42407305289801e-36,0.95296634353354,195.57772077091,633.993118065307,56.5404491028661,0.721683556330427,23305.1896546864,25.3635238391851,1.19068224169193e-55,0.991599315503675,82.6556121021384,538.930620594639,0.998658454246823,33.6848349168699,635.666659807086,TRUE,55.849358047973,0.659579486241758,65.5946411349986,2024-06-26 12:12:51,2024-06-26 12:13:49,23322.3352829788,NA
"549","2-Jun-SWH-TR-6a",2024-06-26 11:31:23.5,730.394019627501,43.8311756274591,3.51751541112725e-29,0.912553663724848,201.801323097001,507.027406890319,42.9364054843755,0.222734018712864,19169.9805583969,7.82797327702262,6.61310182703696e-76,0.998602609524678,25.5100957908644,506.843559495198,0.99870678948782,25.0267515816008,507.823738712287,FALSE,43.0867119776899,0.137446831330499,12.3448083754528,2024-06-26 11:30:52,2024-06-26 11:31:50,19877.2492187655,NA
"550","2-Jun-SWH-TR-7b",2024-06-26 11:09:34.5,786.039744371049,104.582821206091,1.49836310958404e-34,0.945616791674816,337.822921207172,650.492949444072,91.00622924013,0.84080769511505,31455.2973310022,29.5501343104688,6.628012229967e-63,0.995580928510648,96.2990968691307,520.158450613311,0.999632762426283,28.3104599214913,654.855969155808,TRUE,89.5083423022685,0.614056279563544,76.9169139042328,2024-06-26 11:09:03,2024-06-26 11:10:01,33100.2426418728,NA
"551","2-Jun-SWH-TR-8b",2024-06-26 12:31:46.5,778.747990003365,59.4589256472221,6.70386748898358e-24,0.860571232781689,315.767319699968,700.041504745557,52.3722771190699,1.33028155076145,51468.1479441178,46.7526626172951,2.2080500614942e-40,0.967539423027272,152.359347641871,659.16606517829,0.985860112869402,102.548810698037,700.165725973043,TRUE,51.9754624178991,1.27424950977966,200.422525146968,2024-06-26 12:31:15,2024-06-26 12:32:13,54098.3010186144,NA
"552","2-Jun-SWH-TR-9a",2024-06-26 12:23:05.5,1099.61582685325,1758.6843460448,1.49053790395781e-33,0.940598666120651,6161.05988912692,951.29126847851,1588.56360682886,13.6232421179948,134917.814982305,478.78799952669,1.3995229428167e-64,0.996190242263166,1560.29246641575,901.161275364532,0.998601838273803,963.946001283661,954.656271256003,TRUE,1567.31887264944,11.0119560218063,1145.30663212751,2024-06-26 12:22:34,2024-06-26 12:23:32,136273.813137871,NA
"553","2-Jun-SWH-UP-1",2024-06-26 15:42:12.5,413.171857622554,3.76701130021897,4.67945660477358e-35,0.947994929184806,10.6978354176616,326.749540401318,2.93804288886779,0.0419609244025946,19342.5963418529,1.47471408633865,3.88980007982641e-53,0.989504695699816,4.80585411770146,274.329863947542,0.996308181613244,2.90676485077435,327.036007644543,TRUE,2.91822996635209,0.0439453780862524,4.75175955629119,2024-06-26 15:41:41,2024-06-26 15:42:39,19342.2528256324,NA
"554","2-Jun-SWH-UP-2",2024-06-26 15:29:48.5,333.080946775685,3.24970628512021,7.39221166226613e-44,0.976134835685749,5.09601527516534,341.90072395056,2.04755493272454,0.0482804902467934,18795.1030907195,1.69681483608782,5.17535177890371e-42,0.97190057699406,5.5296444528007,211.712488114318,0.997658523502477,1.62783385978583,341.932960920195,TRUE,2.0401282359711,0.0508543791717195,7.16775225521427,2024-06-26 15:29:17,2024-06-26 15:30:15,18782.6355593029,NA
"555","2-Jun-SWH-UP-3",2024-06-26 15:33:58.5,NA,NA,NA,NA,NA,211.121395333012,1.18155870070891,0.0143838757697914,18177.5251804327,0.505520422055931,1.03450301239128e-56,0.992352656079867,1.64740909741455,206.692742210225,0.993457808385211,1.55390494466056,212.469083781242,TRUE,1.19616946493288,0.0126330860776738,1.44434425094463,2024-06-26 15:33:27,2024-06-26 15:34:25,18193.7996417551,NA
"556","2-Jun-SWH-UP-4",2024-06-26 15:20:48.5,450.811021819294,12.4080459525127,1.13091997840761e-42,0.973496304746039,15.1583601249767,497.635394794765,5.67448456814677,0.204182712688284,18122.5689046351,7.17598877706402,7.12238438880284e-33,0.936920099490581,23.3853840092181,447.184325999671,0.976987235067379,14.4045626325567,508.824437419938,TRUE,5.06957757476684,0.0465477744036531,5.05243227126946,2024-06-26 15:20:17,2024-06-26 15:21:15,18063.2031043942,NA
"557","2-Jun-SWH-UP-5",2024-06-26 15:37:32.5,NA,NA,NA,NA,NA,209.293558062484,-1.76716872251254,0.0184817208307414,21088.562029556,0.606949391833782,1.94827486194394e-56,0.994777290393078,1.88590543921523,206.669467777764,0.995425330099127,1.80299099371533,209.359075594324,TRUE,-1.76304372263615,0.0191739985112023,1.68579554392206,2024-06-26 15:37:03,2024-06-26 15:37:57,21103.0357620546,NA
"558","2-May-GCW-TR-1",2024-05-23 13:40:24.5,NA,NA,NA,NA,NA,488.845492778693,31.1604478376818,0.188222968320665,33852.0740181564,6.61508455084927,1.78860505036105e-72,0.998106270335595,21.5574880732113,455.577879538135,0.999050284425032,15.5687094305311,489.666860418215,TRUE,31.2634292386209,0.181810108426614,20.0177319127172,2024-05-23 13:39:53,2024-05-23 13:40:51,34185.0651668446,NA
"559","2-May-GCW-TR-3",2024-05-23 13:21:37.5,244.745670649193,1.28197567389524,2.00048697102573e-40,0.967662362614015,2.24912149285846,282.539004632348,0.761403218261359,0.0278652948175888,19769.2111742516,0.979324058574283,1.62589868837742e-32,0.934888033387757,3.19145833288157,237.99323260885,0.973500852225096,2.07630617474173,290.400841087309,TRUE,0.693803506438884,0.0140039342718457,1.2658999158682,2024-05-23 13:21:06,2024-05-23 13:22:04,19791.9051529391,NA
"560","2-May-GCW-TR-4",2024-05-23 13:35:01.5,NA,NA,NA,NA,NA,256.862420497441,5.82936051501343,0.0219690765188751,20504.839216769,0.772101832061484,4.08960630662345e-83,0.999261986199319,2.51615469281238,240.449314839312,0.999494300788235,2.12406549709768,257.041863180064,TRUE,5.83589455771237,0.0211636455901154,2.33418507207369,2024-05-23 13:34:30,2024-05-23 13:35:28,20536.1190313852,NA
"561","2-May-GCW-TR-5",2024-05-23 13:45:08.5,491.037346449013,6.06500513019427,4.73482972810961e-32,0.932159096128208,21.9994658161913,340.027417595193,5.30690865136866,0.0474502655379309,18875.9280883453,1.667636640173,1.21508523641295e-63,0.995860044036201,5.43455744286205,300.166905361191,0.998162412733445,3.69238500676606,341.132577239488,TRUE,5.26556847869186,0.0377126644846421,5.06544134008301,2024-05-23 13:44:37,2024-05-23 13:45:35,18863.8372689036,NA
"562","2-May-GCW-UP-1",2024-05-23 14:04:02.5,NA,NA,NA,NA,NA,202.4808533093,-0.992022307784891,0.0132779242088981,18534.9406756895,0.466651823022951,1.37666084433235e-54,0.990770168777378,1.5207426347813,188.300488434955,0.993408589651746,1.31058347109479,202.520781668442,TRUE,-0.991509886321534,0.0135855735391534,1.74809197640502,2024-05-23 14:03:31,2024-05-23 14:04:29,18531.9651444648,NA
"563","2-May-GCW-UP-2",2024-05-23 14:08:15.5,207.920342974757,-0.14421727315513,3.38063765271832e-14,0.6722315031779,1.59929744527045,190.994579607449,-0.153373348995716,0.0119382608049935,18438.6736920356,0.419569435758661,9.21113186626526e-18,0.760424766598984,1.36730876797185,193.817444788608,0.765590707305733,1.3792713673207,191.048015379627,TRUE,-0.151534916793718,0.0111375444102774,1.01510524303167,2024-05-23 14:07:44,2024-05-23 14:08:42,18437.0363913777,"low r2, but also low flux - checked"
"564","2-May-GCW-UP-3",2024-05-23 13:54:37.5,252.43157509209,-1.15505164022882,8.17747446297713e-36,0.951366374789359,2.41501494195911,218.587340020893,-0.680471851740215,0.0154133953379409,18628.0813398588,0.5417028234431,6.77198705897189e-43,0.97401368444851,1.7653216774229,194.495499761593,0.984553988565122,1.38795806878968,220.086964648942,TRUE,-0.666709411396201,0.0124328959574788,1.3527210600677,2024-05-23 13:54:06,2024-05-23 13:55:04,18633.3840726642,NA
"565","2-May-GCW-UP-4",2024-05-23 13:58:43.5,320.463356864474,-0.923040731624222,1.1378947856008e-28,0.908522062362387,4.53411256904002,168.479445496615,-0.941274822686987,0.00969174965100366,18546.6100880531,0.340615940546797,1.80579173510867e-60,0.994517391741483,1.1100121275004,172.466621980126,0.994518693555745,1.13186029884785,168.559271646729,TRUE,-0.941895313315529,0.0106293508005398,1.08210979781211,2024-05-23 13:58:12,2024-05-23 13:59:10,18544.3763920035,NA
"566","2-May-GCW-UP-5",2024-05-23 13:50:23.5,369.764354828721,-2.19044824007136,3.5265984497815e-35,0.948557050897821,7.15720900653661,288.010985613055,-1.97553579187571,0.0293135097020602,18563.1245565469,1.03022148089235,2.77769757640201e-52,0.988680554047773,3.35732478041444,255.051859110757,0.99429071464629,2.43157861646,290.232969342489,TRUE,-1.93702502097546,0.0232369435652974,2.81526200431137,2024-05-23 13:49:52,2024-05-23 13:50:50,18564.1837884422,NA
"567","2-May-GWI-TR-1b",2024-05-16 13:09:15.5,213.610053343662,0.916156220865929,4.32780091220137e-30,0.942018535420956,2.14887832421554,188.672077459126,0.619652562927735,0.0172670413939786,17704.8294169749,0.54716817630578,2.76421445868829e-35,0.965513007671465,1.65727620475123,166.97583552185,0.979808860990037,1.29658269683804,188.706071768509,TRUE,0.619570866136964,0.0189234295904185,1.8567215311471,2024-05-16 13:08:47,2024-05-16 13:09:39,17703.1845988199,NA
"568","2-May-GWI-TR-2b",2024-05-16 12:57:20.5,201.74436232702,1.17100341048207,2.61515554481705e-21,0.824743930968381,1.5104074216736,236.744305323009,0.185231810955263,0.0182352586345145,17702.3000858474,0.640877034031313,6.03471215870823e-14,0.664911308161328,2.0885143509997,190.825666510609,0.867049615297169,1.34158763424351,236.93286149828,TRUE,0.177593901039707,0.0195045062111131,1.61716836585014,2024-05-16 12:56:49,2024-05-16 12:57:47,17701.2250216869,"low r2, but also low flux - checked"
"569","2-May-GWI-TR-3b",2024-05-16 13:01:26.5,217.703565757128,1.27512354074828,3.53373190989052e-44,0.976802486769669,1.75093482713322,248.27063251763,0.708870433300183,0.0202890688226975,17714.0958017001,0.713058065748337,8.78543414154035e-38,0.959142031220603,2.32374063093471,158.75609695275,0.992769188881096,0.996918014542421,248.382363504397,TRUE,0.703917114222954,0.0215192435401928,2.45483971529002,2024-05-16 13:00:55,2024-05-16 13:01:53,17711.8970058801,NA
"570","2-May-GWI-TR-4b",2024-05-16 13:05:21,227.730055519384,1.76485376993202,3.9671986034254e-30,0.959298616064886,3.26458272077871,184.701391603985,1.2637077588001,0.0243243418068132,17582.9048542236,0.700777490789897,4.83100171014596e-39,0.985036775473934,1.97940966146583,148.936544034503,0.99406521028828,1.27816046977965,185.143312965607,TRUE,1.25523184393673,0.0253385570734861,1.86692926918064,2024-05-16 13:04:55,2024-05-16 13:05:42,17580.8460935985,NA
"571","2-May-GWI-TR-5b",2024-05-16 13:13:19.5,229.978652383931,2.99756452233744,6.77869326699547e-47,0.981761934909562,1.961693325319,337.267112919071,0.851584824787173,0.046252880568099,17530.50340119,1.62555461965221,1.95699471717112e-24,0.867001979893385,5.29741896057961,193.054157685381,0.991452405609576,1.36955776965458,337.464193637322,TRUE,0.834289470225352,0.0449943908162945,6.37005956192261,2024-05-16 13:12:48,2024-05-16 13:13:46,17527.4497229127,"low r2, but also low flux - checked"
"572","2-May-GWI-UP-1",2024-05-16 13:17:53.5,NA,NA,NA,NA,NA,217.553480132094,0.150909813681028,0.015266550324088,17687.2859604169,0.536541964536377,1.54755776543674e-13,0.652669185938665,1.74850327495593,197.932112928537,0.775731284770352,1.43283377485362,218.176910837264,TRUE,0.155201840747991,0.0139454916114647,1.52899291767921,2024-05-16 13:17:22,2024-05-16 13:18:20,17687.671093415,"low r2, but also low flux - checked"
"573","2-May-GWI-UP-2",2024-05-16 13:21:15.5,NA,NA,NA,NA,NA,196.747315485653,0.0285982629097369,0.0125914058907518,17763.0519154109,0.442524179299324,0.0272993621899395,0.0902504482661751,1.44211455560732,195.45898474399,0.175120518209819,1.4003956573224,196.793738293033,TRUE,0.0280902020166125,0.0145667183401592,1.3762136234535,2024-05-16 13:20:44,2024-05-16 13:21:42,17762.434315452,"low r2, but also low flux - checked"
"574","2-May-GWI-UP-3",2024-05-16 13:24:39.5,NA,NA,NA,NA,NA,170.73728494055,0.197272848577856,0.00989649736397676,17791.5353374412,0.347811786223838,5.2051178821597e-26,0.884276909469742,1.13346222192732,172.304864550301,0.889373975458552,1.13016631947945,170.782246726531,TRUE,0.198963881573419,0.0101232967343599,1.17375340409045,2024-05-16 13:24:08,2024-05-16 13:25:06,17791.3171164924,"low r2, but also low flux - checked"
"575","2-May-GWI-UP-4",2024-05-16 13:28:18.5,NA,NA,NA,NA,NA,202.01570184137,0.401245315687919,0.0132208597219072,17749.4023622457,0.464646295165943,9.49443323172005e-35,0.94656180695262,1.51420694464377,184.924077700649,0.963840486415226,1.27024446424835,202.220941414379,TRUE,0.39592193720677,0.0142005660498184,1.2905368895212,2024-05-16 13:27:47,2024-05-16 13:28:45,17749.4110348167,NA
"576","2-May-GWI-UP-5",2024-05-16 13:31:58.5,191.997426538438,0.30833651801179,3.00513075589523e-19,0.828797424853044,1.71568851601114,155.507197565041,0.28103970627926,0.0122231545122125,17746.174833533,0.387334518435994,7.28912223960498e-27,0.919951363857422,1.17316815648287,157.508111546096,0.923216730118872,1.17481417234752,155.552028336619,TRUE,0.279090308028428,0.012086541665558,1.31252379222534,2024-05-16 13:31:30,2024-05-16 13:32:22,17745.0003108315,NA
"577","2-May-MSM-TR-1a",2024-05-21 13:01:35,95.4756429393285,1.32732766462473,2.14071619231049e-21,0.97795896722467,1.40743410343603,119.988355617137,0.589782274770504,0.0294832820156201,17708.0516054242,1.0153556062963,1.78304851195557e-16,0.943417345322805,2.25503745483609,81.2674824833739,0.989058181821818,1.03574090247513,120.089218901461,TRUE,0.5810656773747,0.0282260772445105,2.55614328771622,2024-05-21 13:01:04,2024-05-21 13:02:00,17694.2859065182,NA
"578","2-May-MSM-TR-2",2024-05-21 13:05:33.5,NA,NA,NA,NA,NA,226.828609493835,0.58102687140944,0.0166356005290687,17563.9208339004,0.584657149102353,8.9351364353662e-38,0.959115491677155,1.90530286072815,222.896854270814,0.964700568263165,1.8054487151438,227.060786704401,TRUE,0.586862280740479,0.0126768790729397,1.55882912952596,2024-05-21 13:05:02,2024-05-21 13:06:00,17578.8751324619,NA
"579","2-May-MSM-TR-3",2024-05-21 13:09:32.5,NA,NA,NA,NA,NA,252.323206216726,0.116361742548288,0.0210648566424222,17478.1832302565,0.740323080569774,1.07496794400179e-06,0.369806206080009,2.41259289386665,161.464717169338,0.891213342305607,1.02223670266059,253.436679458043,TRUE,0.0972613055088785,0.0213696235295984,2.36935188227102,2024-05-21 13:09:01,2024-05-21 13:09:59,17469.4377856283,"low r2, but also low flux - checked"
"580","2-May-MSM-TR-4",2024-05-21 13:13:47.5,236.18123667894,2.39774158894434,4.4567649234325e-53,0.989449637688346,2.07765401092151,331.782798736794,1.23346077484923,0.0439627664091349,17583.3585258037,1.54506869953413,4.47614025977152e-33,0.938035632689154,5.03512839578491,231.923063598276,0.990945778884748,1.96282579841839,337.690148570045,TRUE,1.14329326600159,0.0289829547750186,3.38336990432056,2024-05-21 13:13:16,2024-05-21 13:14:14,17577.9898479059,NA
"581","2-May-MSM-TR-5",2024-05-21 13:17:31,126.58410669617,1.23248095355911,7.75453664854047e-20,0.965745768829374,2.34569328060887,109.319346312058,0.775777091362401,0.0210490553277576,17685.4901321833,0.730273811370252,2.59973433354925e-23,0.981927805797985,1.70380368828437,63.7205124431401,0.99712117945256,0.708969406449014,110.250930226817,TRUE,0.76151832579955,0.0174749518561564,1.56194065678478,2024-05-21 13:17:00,2024-05-21 13:17:57,17687.3904802253,NA
"582","2-May-MSM-UP-1",2024-05-21 13:25:37.5,196.514740608285,-0.09581171021125,5.05476475426927e-08,0.438037407433363,1.43901234506726,194.550840869461,-0.0818033097875871,0.0123379117880901,17678.917223317,0.4336151447792,1.92326843570836e-08,0.458107971206711,1.41308145649345,190.549757751167,0.532734056925815,1.33816464015317,194.562308729863,TRUE,-0.0830174263781152,0.0132092091990567,1.18224594061008,2024-05-21 13:25:06,2024-05-21 13:26:04,17675.8230698059,"low r2, but also low flux - checked"
"583","2-May-MSM-UP-2",2024-05-21 13:29:45.5,207.287100803383,-0.48223549159944,1.25105521760755e-31,0.929579501873358,1.58994763649835,216.433110722187,-0.361156348857269,0.0151089969500959,17506.2821532615,0.531004760976534,1.02964199176015e-29,0.916582765107128,1.73045842627975,187.007163089829,0.955081222647022,1.29498252539646,216.447754755693,TRUE,-0.362720701711459,0.0156922995620908,2.10752129322209,2024-05-21 13:29:14,2024-05-21 13:30:12,17502.9073836355,NA
"584","2-May-MSM-UP-3",2024-05-21 13:33:18.5,NA,NA,NA,NA,NA,166.757029682067,-0.0272386143491044,0.00953840878537949,17577.7657252632,0.335226785332348,0.00615721088079735,0.135564886798598,1.09244974437935,165.868122036452,0.210388605681752,1.06477694887773,167.270366453769,TRUE,-0.032250775799833,0.0084674508105766,0.994964486183539,2024-05-21 13:32:47,2024-05-21 13:33:45,17575.9042588293,"low r2, but also low flux - checked"
"585","2-May-MSM-UP-4",2024-05-21 13:37:46.548387,120.44946737134,0.688928694354151,1.35465414855813e-14,0.874353791538568,1.58465434581304,136.785364559663,0.240017467028771,0.0231744625406854,17649.4599097876,0.882172533245999,2.96039623928517e-11,0.787182601590718,2.06235496738422,120.456052387618,0.889540355075286,1.53985132274695,138.551166222925,TRUE,0.214600862729504,0.0176218444200816,1.53927682140363,2024-05-21 13:37:12,2024-05-21 13:38:09,17648.934386115,"low r2, but also low flux - checked"
"586","2-May-MSM-UP-5",2024-05-21 13:41:38.5,194.03060971092,0.300569332951778,1.41300731671626e-25,0.879756862163505,1.40629107407724,158.994246888039,0.247187545169058,0.00887687037023747,17597.1587575342,0.311977058750925,6.46703718651775e-33,0.937153558921544,1.01668265483851,160.46512293671,0.940029145908193,1.01281903849246,159.147411640727,TRUE,0.250142371164197,0.00902692539409111,0.931517532630493,2024-05-21 13:41:07,2024-05-21 13:42:05,17597.4579818229,NA
"587","2-May-SWH-SWAMP-1a",2024-05-15 11:28:45.5,729.2089639494,151.98958180055,1.81202373319032e-21,0.827190149141262,199.599114324303,762.535299332301,24.9229881083804,2.37271971981481,33629.4888531694,83.389087432212,1.85123963686683e-14,0.679671759711588,271.751516392198,737.684906405152,0.812255933812591,212.165195399716,766.245788409962,TRUE,20.9546489370447,1.24098262707894,149.933110964877,2024-05-15 11:28:14,2024-05-15 11:29:12,32159.5652900798,NA
"588","2-May-SWH-SWAMP-2",2024-05-15 11:32:57.5,421.253121497769,51.0948959229194,5.93473225566418e-54,0.995807335617423,22.576470462003,536.38176414345,25.019382287652,0.876370882727443,35342.2216400905,26.7616175560491,4.96997147390973e-30,0.948779850378296,78.9098864501766,413.460526284214,0.996755453272115,20.3277685257642,540.610909775689,TRUE,23.5376883754085,0.631280516249193,57.4621793309332,2024-05-15 11:32:30,2024-05-15 11:33:20,34988.2450145521,NA
"589","2-May-SWH-SWAMP-3",2024-05-15 11:37:15.5,419.245506225083,3.47027640358994,9.07357280731721e-34,0.941720634596902,11.3166932078123,273.971090174476,2.94562698772416,0.0257400838541656,18499.7597344826,0.904633651038655,3.702489151406e-64,0.996044997914178,2.9480544039891,202.575321336413,0.999021012899597,1.49577851115796,274.536268902953,TRUE,2.92818045009335,0.022813078847137,2.83457645200068,2024-05-15 11:36:44,2024-05-15 11:37:42,18515.7726070158,NA
"590","2-May-SWH-SWAMP-4",2024-05-15 11:41:16.5,NA,NA,NA,NA,NA,175.394162013254,1.12324400812886,0.0103325605245566,18358.4126991562,0.363137198964284,5.28979905931445e-63,0.995619090780835,1.1834052573987,174.429673745897,0.996003890274609,1.15262156128088,175.436562162186,TRUE,1.12501306713128,0.0116629965577815,1.22732467518375,2024-05-15 11:40:45,2024-05-15 11:41:43,18352.5370996959,NA
"591","2-May-SWH-SWAMP-5",2024-05-15 11:47:09,629.151984425914,14.9920808436007,2.99426356577524e-31,0.923467613883396,71.1364698611841,448.170581885587,15.8783861069699,0.116592949868867,18861.1819071322,4.16483334166476,3.88789549913725e-69,0.99715050141448,13.7263132411242,440.8943631372,0.997678715062254,12.6295174137934,448.178996990356,TRUE,15.8693476516102,0.12412302913202,16.5018879338867,2024-05-15 11:46:37,2024-05-15 11:47:36,18996.2283330002,NA
"592","2-May-SWH-TR-1",2024-05-15 10:22:42.5,562.766225300351,9.28622873162689,2.80238858627648e-25,0.876556287671351,42.7416757721226,491.687256949997,7.53154649331343,0.19324134366437,23236.4869516663,6.79145504113904,3.6654565337771e-40,0.966900833861294,22.132250906802,437.001783693952,0.988835489224739,13.1085174605109,492.082812131249,TRUE,7.41809051004529,0.191221374791411,25.0566743576499,2024-05-15 10:22:11,2024-05-15 10:23:09,23154.1013950039,NA
"593","2-May-SWH-TR-10a",2024-05-15 11:11:46.5,912.097617950037,233.495889835764,3.90245291333759e-29,0.912204303466614,1085.42228127006,658.010767223058,230.550307508617,0.901420989594629,23434.0394540121,31.6803847866213,2.76409602486297e-82,0.999205704376694,103.241237801663,658.382406543121,0.999257321051995,101.80739955836,658.810656929846,TRUE,231.007349574469,0.548292675460407,52.489128060501,2024-05-15 11:11:15,2024-05-15 11:12:13,22155.8346851682,NA
"594","2-May-SWH-TR-2b",2024-05-15 10:10:16.5,933.020827378637,599.165313134334,4.57182971314799e-36,0.952440963570231,1317.45590375349,865.453517606481,377.763739053773,6.15326800620432,37919.1465125275,216.256222544167,3.34294222548708e-50,0.986391081712551,704.743968488671,836.054028309929,0.992668235036448,527.521908738086,872.512237442948,TRUE,363.650645664145,2.04101434489581,212.927436797421,2024-05-15 10:09:45,2024-05-15 10:10:43,37066.0466490764,NA
"595","2-May-SWH-TR-3",2024-05-15 10:36:21.5,768.83359025013,72.4763818754584,9.09872663340263e-30,0.916977913428001,288.070607374907,633.160470971,62.7352774792625,0.71614098920116,23471.208634878,25.1687306610944,3.73597110525202e-58,0.993269553381156,82.0208127158031,601.56564871798,0.996518448148303,60.1596401283765,634.570517614716,TRUE,61.9262772325174,0.692947818964805,75.2406836970031,2024-05-15 10:35:50,2024-05-15 10:36:48,23388.5228468176,NA
"596","2-May-SWH-TR-4a",2024-05-15 10:59:55.5,NA,NA,NA,NA,NA,678.219893450238,56.2583445185062,1.08690983443167,24317.6112827221,38.1993787371681,2.07601689507537e-46,0.980959963943762,124.485582187285,640.346516493031,0.99123197995413,86.1494696423635,678.549092255825,TRUE,56.8148116171915,1.13023185434181,101.895642385402,2024-05-15 10:59:24,2024-05-15 11:00:22,23095.8173290685,NA
"597","2-May-SWH-TR-5a",2024-05-15 10:44:38.5,NA,NA,NA,NA,NA,420.299402436991,23.0161494365525,0.192786661733271,19422.2410345253,6.10913726965748,5.49736704376731e-59,0.996783029368046,18.5035027017072,362.640304171126,0.999109635569867,9.95329504920195,420.331734333598,TRUE,23.0187296315427,0.212337418686136,19.7774593699284,2024-05-15 10:44:10,2024-05-15 10:45:02,19487.1719737209,NA
"598","2-May-SWH-TR-6a",2024-05-15 10:18:39,499.560167413249,17.1668344067216,7.56184525505391e-27,0.932849602714964,59.608281393908,359.263842099565,17.2881818588645,0.14394169168604,27523.7096745622,4.31264938525602,5.67389801990184e-56,0.997027989317436,12.5402874167733,341.700306975166,0.998159478322494,10.1063672369778,359.5235230431,TRUE,17.3071530440424,0.149867647454874,12.3861645477028,2024-05-15 10:18:12,2024-05-15 10:19:01,27545.2844405164,NA
"599","2-May-SWH-TR-8a",2024-05-15 10:31:07.5,650.433334287198,25.0492266641491,6.45897332125266e-25,0.872538298277036,96.245955187685,584.718769161921,16.6499766348589,0.457301441957928,28353.6464506403,16.0718308225982,1.11824133791804e-38,0.962253998497423,52.3754909872392,585.356285900501,0.964532693053521,51.7753933713235,585.21406160946,TRUE,16.3335934193351,0.430926427181701,49.2804356986287,2024-05-15 10:30:36,2024-05-15 10:31:34,27024.7448405077,NA
"600","2-May-SWH-TR-9a",2024-05-15 10:52:41.5,936.710580821556,295.499238194516,3.2030275779525e-31,0.926990401514003,1363.2436747298,738.796835623694,317.360864661525,1.90453192249547,21193.3119032888,66.9346563254462,1.27472476192329e-72,0.998130779380266,218.129193108357,714.595175673585,0.998891210808967,171.326551230952,739.859289226443,TRUE,315.441625967296,1.76423331762565,162.34028205112,2024-05-15 10:52:10,2024-05-15 10:53:08,22804.8906869753,NA
"601","2-May-SWH-UP-1",2024-05-15 11:52:17.5,NA,NA,NA,NA,NA,248.007660389484,1.24644166186899,0.0202397265157736,18267.149176899,0.711323933430972,2.84915389837298e-50,0.986474461760066,2.31808937486056,235.846728501111,0.989972782924369,2.03544689541335,248.008695702394,TRUE,1.24583343015866,0.0197074464749451,2.00700398655504,2024-05-15 11:51:46,2024-05-15 11:52:44,18274.0092147909,NA
"602","2-May-SWH-UP-2",2024-05-15 11:55:59.5,346.285075338963,1.42318820234974,5.23836379036569e-33,0.937660197538989,5.75874382742254,247.315250278134,1.44492340505079,0.0201103805600558,18302.6382567918,0.706778077837376,1.02987930818925e-53,0.990027557215684,2.30327516848297,221.208858739673,0.99428953875877,1.77744967185057,247.45878150408,TRUE,1.43754532087939,0.0207188087593517,2.35019162709328,2024-05-15 11:55:28,2024-05-15 11:56:26,18312.4414986834,NA
"603","2-May-SWH-UP-3",2024-05-15 11:59:35.5,NA,NA,NA,NA,NA,226.512844939219,1.59839387690081,0.016587033294349,18318.6523130588,0.582950256649546,2.70685887106335e-60,0.994431374905913,1.89974037495631,226.057593732574,0.994872370173889,1.85906795498987,226.608480156763,TRUE,1.60277718844357,0.0172492422377318,1.8614626674792,2024-05-15 11:59:04,2024-05-15 12:00:02,18329.006780691,NA
"604","2-May-SWH-UP-4",2024-05-15 12:03:23.5,NA,NA,NA,NA,NA,236.40584123281,1.37818442600172,0.0181782001247793,18316.5982888711,0.63887171624459,6.46832189506346e-55,0.991034404110665,2.08197934544716,227.499437542183,0.992940409143348,1.88405367998543,236.570732566406,TRUE,1.38255602404927,0.0185484895683765,2.15173196345477,2024-05-15 12:02:52,2024-05-15 12:03:50,18336.8437603786,NA
"605","2-May-SWH-UP-5",2024-05-15 12:06:52,NA,NA,NA,NA,NA,174.165277388545,0.133665632074766,0.0184074887614002,18436.0505923323,0.551508351479648,5.39196069254604e-09,0.550815829325863,1.60367157690818,155.005637970334,0.731520562116234,1.26969972252062,174.17042619352,TRUE,0.132376231314529,0.0191459324726735,1.73247558748447,2024-05-15 12:06:25,2024-05-15 12:07:14,18432.757730671,"low r2, but also low flux - checked"
"606","2-Nov-GCW-TR-1",2024-11-19 10:20:25.5,185.531631735242,0.253563942815717,2.3103419889637e-08,0.45435268668106,1.2998664835887,184.754216093474,0.0753201589399493,0.011268004985747,18802.783553232,0.39601333655051,1.57648753903744e-08,0.462151869621002,1.29054325971151,184.65207761392,0.50149645167952,1.2670493541841,184.758432572384,TRUE,0.0752771130388361,0.01191461884066,1.40706730610765,2024-11-19 10:19:54,2024-11-19 10:20:52,18804.0142459575,"low r2, but also low flux - checked"
"607","2-Nov-GCW-TR-2",2024-11-19 10:24:54.5,194.141565597165,0.814077222374639,5.78082575259585e-28,0.902632553902335,1.40773659679335,192.418902843644,0.27032135357332,0.0120967474930838,18860.8315433272,0.425139440584614,2.51807406542265e-28,0.905689666599748,1.38546051065635,184.463543993888,0.92441973308677,1.26483941883839,192.575161615436,TRUE,0.267466992107541,0.0118376318022516,1.37024053647029,2024-11-19 10:24:23,2024-11-19 10:25:21,18861.2279970941,NA
"608","2-Nov-GCW-TR-3",2024-11-19 10:32:12.5,NA,NA,NA,NA,NA,204.096712489372,-0.0754538682635627,0.0134780775635586,18888.0449667256,0.473686200261971,8.23309965343199e-07,0.376054305280477,1.54366652974696,178.229926042282,0.641124798837135,1.19390146657057,204.410644603193,TRUE,-0.0767697408658877,0.0119874751688147,1.39118879772004,2024-11-19 10:31:41,2024-11-19 10:32:39,18884.6278833676,"low r2, but also low flux - checked"
"609","2-Nov-GCW-TR-4",2024-11-19 10:28:35.5,NA,NA,NA,NA,NA,185.330262678,-0.0440364574340468,0.0113282664400015,18956.4466121981,0.398131221623771,0.000288854224439263,0.22516614127946,1.29744510380077,176.566986410144,0.38826959998396,1.17565906716146,185.379863999992,TRUE,-0.0461754146380823,0.012453250097317,1.32641088647418,2024-11-19 10:28:04,2024-11-19 10:29:02,18956.1443149125,"low r2, but also low flux - checked"
"610","2-Nov-GCW-TR-5",2024-11-19 10:37:02,NA,NA,NA,NA,NA,161.143192711492,0.00311393084357247,0.0085792706688752,18811.1614246418,0.306461347526459,0.718078453175715,0.00247949450115665,1.01002467742533,158.549112417442,0.115183449047498,0.969729337013734,161.161783228888,TRUE,0.00423809055490904,0.00975280286445691,1.12769402361413,2024-11-19 10:36:30,2024-11-19 10:37:29,18810.2628517009,"low r2, but also low flux - checked"
"611","2-Nov-GCW-UP-1",2024-11-19 10:43:58.5,424.130505159915,-4.0135436438688,1.70127915623143e-33,0.940296119380113,11.8403167575262,383.949595933769,-3.00738341099119,0.0712624084501085,18770.2559230292,2.50451292634762,6.63610100845899e-42,0.971630741585566,8.16180157999808,367.883254830833,0.98043568586404,6.91211610106403,384.505896274212,TRUE,-2.95757027784044,0.0604250385299129,5.23974102105996,2024-11-19 10:43:27,2024-11-19 10:44:25,18773.9096845501,NA
"612","2-Nov-GCW-UP-2",2024-11-19 10:52:17.5,NA,NA,NA,NA,NA,199.404794475844,-1.70774008810435,0.0129050769508534,18815.0912204629,0.453548129257395,1.98927892299048e-67,0.997039307698194,1.47803982125041,190.943087914195,0.997649446615971,1.3430470487877,200.711286203347,TRUE,-1.72122516016297,0.0118193268426529,1.30706977164538,2024-11-19 10:51:46,2024-11-19 10:52:44,18799.962760374,NA
"613","2-Nov-GCW-UP-3",2024-11-19 10:56:46.5,344.637043525812,-1.18742070319411,5.01462824501502e-31,0.925722615677136,5.67153504183596,191.990979320933,-1.30734873744815,0.0120489119277149,18808.8591059773,0.423458262605776,5.83480728567016e-63,0.995602538004215,1.37998182418618,181.021018996218,0.996667222408535,1.22515815407675,192.142805489223,TRUE,-1.30323078440163,0.010129386573448,1.06726453969555,2024-11-19 10:56:15,2024-11-19 10:57:13,18801.1771544954,NA
"614","2-Nov-GCW-UP-4",2024-11-19 11:01:19.5,NA,NA,NA,NA,NA,192.784095906007,-1.62205626541988,0.0121377208786699,18806.1126809873,0.426579447680481,1.1951416444304e-67,0.997096758849991,1.39015326031902,186.491223599332,0.997600599284222,1.28881086562588,192.799389244322,TRUE,-1.62328539371161,0.0122659203555081,1.70093764794603,2024-11-19 11:00:48,2024-11-19 11:01:46,18798.7920290948,NA
"615","2-Nov-GCW-UP-5",2024-11-19 10:47:51.5,438.853767686527,-3.31164529017366,1.26642038959761e-31,0.929546478022159,13.5696663625378,235.006663011978,-3.21619771165653,0.0179442140677468,18760.4747482664,0.630648290778506,2.89908671028351e-74,0.998383914532797,2.05518053508528,200.515179594119,0.99920768671353,1.46751637053744,235.690578396973,TRUE,-3.20234716367194,0.0164554046276337,1.61937536614537,2024-11-19 10:47:20,2024-11-19 10:48:18,18750.974808449,NA
"616","2-Nov-GWI-TR-1",2024-11-14 11:06:27.5,510.214950533538,0.240084485473728,8.93667093350914e-47,0.842560781938911,2.22861504533309,354.389973565109,0.165746209047665,0.00320235623193539,18086.7002312483,0.223366738410387,4.78726486752694e-80,0.959868815363032,1.12517373539129,357.310265688912,0.960247108439845,1.12999267124896,354.527640335963,TRUE,0.165530702978749,0.00355995147743879,1.033134251442,2024-11-14 11:05:26,2024-11-14 11:07:24,18085.5330791148,NA
"617","2-Nov-GWI-TR-2",2024-11-14 11:15:14.5,357.673031283513,0.0916970439615769,3.60239954040122e-26,0.633572895690382,1.1414927448342,359.207842381499,0.0450326774803198,0.00327074525252585,18091.9279454805,0.228136923663368,7.68577120605467e-26,0.628606235369199,1.14920277032193,354.762731222533,0.655124687898589,1.11743708964412,359.209420918111,TRUE,0.0451614796814001,0.00336527131845074,1.22128861630806,2024-11-14 11:14:13,2024-11-14 11:16:11,18090.4830207109,"low r2, but also low flux - checked"
"618","2-Nov-GWI-TR-3",2024-11-14 11:22:18.5,713.498473710625,0.611142200624917,2.28276229841266e-58,0.902195232778402,5.43562623481155,389.239411895293,0.522023058767207,0.00373122006394012,18112.7861994126,0.260255385600872,1.44902898899854e-127,0.994310652394557,1.31099431569896,346.223118500385,0.996233402933509,1.07635820276365,389.3340367961,TRUE,0.520990875118534,0.00364872520755546,1.34733444658872,2024-11-14 11:21:17,2024-11-14 11:23:15,18111.2193157403,NA
"619","2-Nov-GWI-TR-4",2024-11-14 11:30:12.5,NA,NA,NA,NA,NA,365.344281239985,0.0134585717785726,0.00335997008423311,18056.8304090703,0.234360422300064,0.000111667187641282,0.125304331056374,1.1805526358305,341.492996137061,0.314898843905118,1.05425795347733,365.395273317519,TRUE,0.0128136532764497,0.00339351752811385,1.0516711705207,2024-11-14 11:29:11,2024-11-14 11:31:09,18057.1552974251,"low r2, but also low flux - checked"
"620","2-Nov-GWI-TR-5",2024-11-14 10:59:09.5,NA,NA,NA,NA,NA,376.228262566954,0.062030758589367,0.00352425416908637,18083.1342617469,0.245819359891224,4.92399489934025e-34,0.734470562061651,1.23827517636996,361.695110082186,0.774311845543502,1.15193475079826,376.356834257841,TRUE,0.0612253569884901,0.00324825232242382,1.06260412924832,2024-11-14 10:58:08,2024-11-14 11:00:06,18082.9028726319,"low r2, but also low flux - checked"
"621","2-Nov-GWI-UP-1",2024-11-14 11:52:53.5,163.328113601962,-0.126635855684014,7.13306466531475e-05,0.263778872124535,1.05831013462562,167.059955474377,-0.0356804048387362,0.00956520032302375,18041.6984816718,0.336168372261644,0.000474215589113932,0.211100684916197,1.09551822352609,166.359925242408,0.27686125537947,1.06963671586484,167.076077590823,TRUE,-0.0360619798752404,0.00980181483532939,1.21746852918288,2024-11-14 11:52:22,2024-11-14 11:53:20,18042.4379027062,"low r2, but also low flux - checked"
"622","2-Nov-GWI-UP-2",2024-11-14 11:59:30.5,NA,NA,NA,NA,NA,158.574930391363,-0.149345758022778,0.00884247220672229,18051.9621265801,0.310768137427045,9.24303396716303e-23,0.845815532960752,1.01274297624171,161.786978726347,0.848049011314001,1.02529151350029,158.744168620326,TRUE,-0.152863377289263,0.00899618824177503,0.86526174590261,2024-11-14 11:58:59,2024-11-14 11:59:57,18050.3682222855,"low r2, but also low flux - checked"
"623","2-Nov-GWI-UP-3",2024-11-14 12:03:38.5,167.185940752112,-0.377415796861189,1.15233076711361e-20,0.814499281975379,1.09679692445887,162.88959508911,-0.145956897281517,0.00920288570075677,18063.2166939029,0.323434847327419,1.44413248490775e-21,0.828686228512633,1.05402173020247,158.402393764142,0.853602371714017,0.993658419160676,163.159212193854,TRUE,-0.14432204820497,0.0100899136536325,0.990031003614241,2024-11-14 12:03:07,2024-11-14 12:04:05,18062.5145532563,"low r2, but also low flux - checked"
"624","2-Nov-GWI-UP-4",2024-11-14 12:10:45.5,180.329180437788,-0.138324597324185,9.10816395572102e-19,0.780718362430715,1.23873501400576,167.231396955646,-0.151549517440402,0.00958039638214247,18069.5539155571,0.336702436817139,1.61600768614373e-21,0.827946517381251,1.09725865332663,168.827430004421,0.835437988720749,1.09435630297975,167.286519502608,TRUE,-0.151759510173318,0.0099804797178626,1.25015697979656,2024-11-14 12:10:14,2024-11-14 12:11:12,18068.6892007779,"low r2, but also low flux - checked"
"625","2-Nov-GWI-UP-5",2024-11-14 12:14:46,171.071879766605,-0.232044284164064,4.4824968956188e-13,0.63125098577601,1.10543127733993,164.22776142414,-0.0924443913275221,0.00882325138647349,18073.9157361913,0.315176617433598,1.60616458439225e-14,0.67439736754169,1.03874816163526,166.715353953123,0.683228909390694,1.0444602857027,164.240657488233,TRUE,-0.0918531008444844,0.0091021729147601,1.2837727274371,2024-11-14 12:14:14,2024-11-14 12:15:13,18074.1790555551,"low r2, but also low flux - checked"
"626","2-Nov-MSM-TR-1",2024-11-21 14:00:22.5,239.892944637907,-0.239529602244727,5.46162404698922e-21,0.819729229495843,2.15029930504787,196.312634782834,-0.305776580869457,0.0125408295804244,18439.2490134862,0.440746678008855,3.98626671828743e-30,0.919567588257252,1.43632196708107,193.00468651386,0.929748275867314,1.36893056491504,196.511764802976,TRUE,-0.301951862963218,0.0121747932188403,1.12077313751099,2024-11-21 13:59:51,2024-11-21 14:00:49,18434.5856942944,NA
"627","2-Nov-MSM-TR-2",2024-11-21 13:35:26.5,NA,NA,NA,NA,NA,201.849029365549,-0.0469132902486578,0.0132004721851968,18502.6550615274,0.463929776452387,0.000817701038186139,0.195423524024039,1.51187192632269,167.752456424046,0.602647446512044,1.08351770256737,202.130370185642,TRUE,-0.0528512284584987,0.0123883185861784,1.58692577526493,2024-11-21 13:34:55,2024-11-21 13:35:53,18499.1958111289,"low r2, but also low flux - checked"
"628","2-Nov-MSM-TR-3",2024-11-21 13:40:05.5,161.950349472274,0.268803633509046,7.52624799040768e-23,0.84702520104502,1.04489494380873,183.193000220764,0.147914597595124,0.0111062897275456,18439.7180599838,0.39032986382819,2.17473719157988e-18,0.773293638965454,1.27202174354886,157.972990768778,0.868033997811588,0.989715522912019,183.218411392559,TRUE,0.147571517033232,0.0106203296780744,1.27349540487507,2024-11-21 13:39:34,2024-11-21 13:40:32,18439.7853297305,"low r2, but also low flux - checked"
"629","2-Nov-MSM-TR-4a",2024-11-21 13:50:26.5,NA,NA,NA,NA,NA,168.12310143963,-0.0350150454013465,0.00965982459443101,18386.163768247,0.339493936413067,0.000657828366675551,0.201710305018578,1.10635569793475,164.406947000384,0.30800425345439,1.05046817008824,168.132743878366,TRUE,-0.0341812653838717,0.0100331113271341,1.0959623501878,2024-11-21 13:49:55,2024-11-21 13:50:53,18385.3898214932,"low r2, but also low flux - checked"
"630","2-Nov-MSM-TR-5",2024-11-21 13:55:28.5,NA,NA,NA,NA,NA,193.885628461563,-0.0222819295927207,0.012262151530593,18330.2383259261,0.430952555226987,0.074961638323152,0.0597078851066998,1.40440450881811,179.192294131404,0.334846574193606,1.20458764299642,193.908203728056,TRUE,-0.0233577170751314,0.0133378719059233,1.4992848620464,2024-11-21 13:54:57,2024-11-21 13:55:55,18325.4803872484,"low r2, but also low flux - checked"
"631","2-Nov-MSM-UP-1",2024-11-21 14:25:29.5,NA,NA,NA,NA,NA,186.706105830229,-0.065459655241006,0.0114735036388646,18392.1428983474,0.403235573972369,5.59987084377805e-07,0.384981656832762,1.314079360556,175.36840693178,0.537049270540747,1.16268378480006,186.750451617178,TRUE,-0.0662839838037519,0.0107143099436038,1.16217562709206,2024-11-21 14:24:58,2024-11-21 14:25:56,18390.457843503,"low r2, but also low flux - checked"
"632","2-Nov-MSM-UP-2",2024-11-21 14:21:31.471698,NA,NA,NA,NA,NA,186.177338799248,0.0913023023810186,0.0117878842156239,18371.810624159,0.414746706037927,3.63942654929189e-10,0.540506506239812,1.34996791067367,162.877033975154,0.725479842633336,1.06453006056487,186.389119974417,TRUE,0.0862910368746867,0.0116782670349385,1.42513872594788,2024-11-21 14:21:00,2024-11-21 14:21:58,18368.4779319808,"low r2, but also low flux - checked"
"633","2-Nov-MSM-UP-3",2024-11-21 14:16:46.673077,163.464795439524,0.373809114318721,1.23635509676268e-08,0.48042090176677,1.12160017677278,168.16969980368,0.0641544654463468,0.010419976756585,18403.7378962369,0.367973649538627,1.24788514208532e-07,0.431217570569141,1.17350601260327,163.233004663976,0.521029760260165,1.09908398969675,168.230283082405,TRUE,0.0620646981713822,0.0112207331466755,1.27217322166605,2024-11-21 14:16:15,2024-11-21 14:17:13,18403.3990344242,"low r2, but also low flux - checked"
"634","2-Nov-MSM-UP-4",2024-11-21 14:29:28.264151,NA,NA,NA,NA,NA,195.324455526607,0.00840408042203328,0.012927847275944,18429.1028757106,0.451909797699668,0.518560962556171,0.00821814793396707,1.47163551319696,172.876413260568,0.39786389336421,1.16984026159385,196.173234134248,TRUE,0.000749479193792204,0.0121199176370406,1.22309841497086,2024-11-21 14:28:57,2024-11-21 14:29:55,18426.1528178979,"low r2, but also low flux - checked"
"635","2-Nov-MSM-UP-5",2024-11-21 14:12:00.056604,NA,NA,NA,NA,NA,191.448861395385,-0.0174262340859836,0.0126624012822335,18407.5426467251,0.438893555893059,0.174766961024252,0.0358070639083604,1.41880102668053,180.253815679238,0.276144027211942,1.25415914865588,191.549532814217,TRUE,-0.0136758235214084,0.013381679745141,1.48977577337741,2024-11-21 14:11:29,2024-11-21 14:12:27,18406.513689304,"low r2, but also low flux - checked"
"636","2-Nov-SWH-SWAMP-1",2024-11-13 10:05:54,887.253487792572,6.51451068784967,2.07528020553331e-46,0.916000891560158,43.6765278201819,604.99941997852,6.06013206299246,0.0367006225854708,32342.7736986945,1.9458253383927,2.82213853617258e-106,0.996965125438407,8.30196962623372,487.147382183271,0.99927630358641,4.10379364291987,605.643236648091,TRUE,6.03623270697732,0.0366598276335825,9.29601810209343,2024-11-13 10:05:07,2024-11-13 10:06:36,32320.7755689413,NA
"637","2-Nov-SWH-SWAMP-2a",2024-11-13 09:57:56.5,895.879814354908,6.53602144473657,1.74343805333258e-42,0.898443451052515,48.9115663633337,552.234120196703,6.24881860989496,0.0284616648116552,29681.8528414549,1.49258752227496,2.36639823518271e-115,0.998301754588344,6.32496066223199,524.277345284493,0.998839143829715,5.29430239867425,553.04095449571,TRUE,6.2652134111375,0.0270174840365105,6.10854446723842,2024-11-13 09:57:10,2024-11-13 09:58:38,29686.0534438327,NA
"638","2-Nov-SWH-SWAMP-3a",2024-11-13 09:25:04.5,NA,NA,NA,NA,NA,751.179053368231,1.1658647082482,0.0182504519284699,19074.1256322158,1.27298264981412,5.99665291060724e-90,0.973287765346191,6.41244373881699,559.976494403242,0.995179784973516,2.74861765703429,756.667076492129,TRUE,1.20219138154341,0.0158725909146208,5.98854834264063,2024-11-13 09:24:03,2024-11-13 09:26:01,19119.0497905943,NA
"639","2-Nov-SWH-SWAMP-4",2024-11-13 09:31:26.5,NA,NA,NA,NA,NA,574.901226198944,1.71059689246742,0.0122992839331808,18961.7039624766,0.786913914668336,4.04107360789285e-118,0.994754578212545,3.76546951538095,539.895812335963,0.996395065507452,3.1526641087969,575.439064720035,TRUE,1.71862863429926,0.0114348559279557,3.4955739720768,2024-11-13 09:30:30,2024-11-13 09:32:18,18980.8603417036,NA
"640","2-Nov-SWH-SWAMP-5a",2024-11-13 09:44:02.5,1284.64570276093,19.9600875016762,9.36911877604962e-47,0.889529279252396,190.795315458297,690.962898385909,20.4958490189834,0.0319075876937278,19547.9836278954,1.89418411869923,5.20075671516465e-173,0.999772236020464,8.66336544983275,648.462033413818,0.999859679947161,6.87343763545272,691.159882943764,TRUE,20.4930337722565,0.0316057898344941,9.57080402235867,2024-11-13 09:43:10,2024-11-13 09:44:50,19616.7452476454,NA
"641","2-Nov-SWH-TR-1",2024-11-12 14:18:30.5,1105.92977880788,2002.91875420331,8.15699660908187e-34,0.941958574452518,6531.98801809059,990.508655353581,1701.22078997034,19.5876891814487,35444.6240406893,688.408121745751,5.82601426391412e-58,0.993153560219677,2243.41045983012,935.480817375227,0.997705257432141,1324.52451168826,992.44379536167,TRUE,1678.22827539905,18.019666835253,2051.05390639024,2024-11-12 14:17:59,2024-11-12 14:18:57,34798.6708186956,NA
"642","2-Nov-SWH-TR-10",2024-11-12 15:45:43.5,1801.87714194936,138.936696213818,3.62792366233059e-60,0.920726429820034,996.903087220735,1505.74461264094,112.228484341186,0.781116464366131,23703.2741468381,51.7790471994221,2.68918291487214e-123,0.994891341117856,253.070885382305,1294.69505625576,0.999302506912735,94.4049896547819,1508.07942565698,TRUE,111.209513720225,0.673906466319671,277.914006452481,2024-11-12 15:44:45,2024-11-12 15:46:37,23141.2645225875,NA
"643","2-Nov-SWH-TR-2",2024-11-12 14:27:52.5,NA,NA,NA,NA,NA,920.311402123692,352.605965859204,10.2259304870442,14835.7441956142,359.389692907517,1.69441542231793e-37,0.958097548419703,1171.19274272832,740.636199951512,0.998603524304105,218.042933686525,920.44616162521,TRUE,353.70829716027,10.2711107034083,1330.36788851412,2024-11-12 14:27:21,2024-11-12 14:28:19,19474.9345062658,NA
"644","2-Nov-SWH-TR-3a",2024-11-12 14:48:24.5,NA,NA,NA,NA,NA,975.556830634694,282.748347375712,17.0552563141543,21398.2621869666,599.405925648395,2.09536367075387e-22,0.840901889247214,1953.36673232976,839.868406061939,0.988026469959415,546.486011168533,975.594759475134,TRUE,279.948111049371,17.2755158803694,2448.73300457874,2024-11-12 14:47:53,2024-11-12 14:48:51,24121.4975402816,NA
"645","2-Nov-SWH-TR-4a",2024-11-12 15:11:53.5,699.032007547358,13.4090111907024,1.12003218092903e-08,0.469037045889837,150.941850049098,688.134666724472,9.81268133797883,1.19141551894885,19103.4181426777,41.8722245396408,5.40048023322252e-11,0.566067216791426,136.454791193296,679.998929807287,0.653406100595784,124.366864449162,689.016000022672,TRUE,10.7099636500406,1.02619974704922,143.685627950755,2024-11-12 15:11:22,2024-11-12 15:12:20,19175.7837660014,"significant ebulition, flux compromised"
"646","2-Nov-SWH-TR-5a",2024-11-12 15:19:56.5,703.137817927776,1.16469513223837,0.010964983355831,0.118060202297778,156.790642219733,705.469491462293,2.95724741356,1.3988489898984,18780.1001113683,49.1624610142337,0.0393248512014666,0.0791446773885297,160.212489926224,695.470003225462,0.289440168456332,143.521731344263,708.333339063598,TRUE,2.23764183211114,0.800617759116096,87.1852292317949,2024-11-12 15:19:25,2024-11-12 15:20:23,18783.0795334003,NA
"647","2-Nov-SWH-TR-6",2024-11-12 16:17:20.5,1729.66065478858,40.0508531177897,1.70267959101436e-53,0.880524296684328,468.636028221181,1025.28083775722,40.8320472216679,0.0607271361463896,21266.534059311,4.23576309179841,8.57716704769641e-204,0.999752329809194,21.3369699273442,999.860702908672,0.999808664845291,18.9236945942812,1025.6016125127,TRUE,40.8007570967643,0.0638312934353119,19.9094239346163,2024-11-12 16:16:19,2024-11-12 16:18:17,21441.2089006349,NA
"648","2-Nov-SWH-TR-7a",2024-11-12 16:09:00.5,1863.64893372047,79.1678646644061,4.55414546198695e-55,0.887997600330814,843.444664834933,1378.7922963176,75.8500525058423,0.286253993248529,29601.329918897,19.9664297779357,1.56769351625703e-158,0.998407361781009,100.577653304818,1316.43011203628,0.999110176833308,75.8590596129279,1379.13124288661,TRUE,76.0152909333165,0.297238748657757,108.886618824557,2024-11-12 16:07:59,2024-11-12 16:09:57,30672.2345462641,NA
"649","2-Nov-SWH-TR-8",2024-11-12 15:52:54.5,NA,NA,NA,NA,NA,1080.59239540602,8.69679849377572,0.0773998778741131,24503.6159721703,5.39869927701775,5.62746634561584e-117,0.991206858600662,27.1950724400865,976.633327666611,0.996589146118673,17.0908010126431,1088.64120515967,TRUE,8.8894496832137,0.0362672672331663,14.2288680791055,2024-11-12 15:51:53,2024-11-12 15:53:51,25374.2338427169,NA
"650","2-Nov-SWH-TR-9a",2024-11-12 15:37:20.5,NA,NA,NA,NA,NA,2120.72375342687,-9.07095308363477,7.4128098480635,22253.7156507073,517.049022125076,0.223638771661586,0.0131933225046624,2604.55063159857,2112.7293110243,0.111744217910286,2493.43731740693,2129.80551295485,TRUE,1.46948680811173,1.10478676717616,400.492166454974,2024-11-12 15:36:19,2024-11-12 15:38:17,20830.8603781465,"low r2, but also low flux - checked"
"651","2-Nov-SWH-UP-1",2024-11-13 10:13:44.5,409.121558771499,-0.325567813001532,7.78237725924102e-38,0.881255750086838,3.04417556200909,271.546176160868,-0.373707497917501,0.00623781995256418,19656.7094482057,0.312731969538274,5.5167138666285e-67,0.978730380557015,1.28837788263674,267.958171466668,0.980655083367177,1.24476491109348,271.764068711654,TRUE,-0.37622766124765,0.00624584503050032,1.07555757563132,2024-11-13 10:13:00,2024-11-13 10:14:24,19656.5256269158,NA
"652","2-Nov-SWH-UP-2",2024-11-13 10:19:11.5,NA,NA,NA,NA,NA,766.382343680453,-0.736755288019844,0.0195089032986377,19956.5949667894,1.36076057258212,1.49951755220141e-65,0.927187680833122,6.85461079532968,499.901065793528,0.993211416041541,2.11194514639463,793.870393498385,TRUE,-0.828233904020502,0.00922865811401233,2.75087435105037,2024-11-13 10:18:10,2024-11-13 10:20:08,19901.8601999237,NA
"653","2-Nov-SWH-UP-3",2024-11-13 10:24:44.5,719.861190400418,-1.21846499642074,1.68122439988302e-74,0.949595595457527,5.58945277424544,792.260731431497,-0.713327690646613,0.0218537524021448,19698.4354093685,1.5243155484751,4.80230467856647e-59,0.904877811848887,7.67849247295537,668.702151914913,0.968930477704272,4.42807536162603,809.265348644893,TRUE,-0.63666485506758,0.0123439977712133,4.26303707733943,2024-11-13 10:23:43,2024-11-13 10:25:41,19729.386893559,NA
"654","2-Nov-SWH-UP-4",2024-11-13 10:30:28.5,NA,NA,NA,NA,NA,836.603742961756,0.964385733754303,0.0265454812145046,18985.1292012927,1.85156713650017,8.31556500684265e-64,0.921778814140726,9.32696929780112,479.81015877887,0.996697484244536,1.93380851041379,843.687772324499,TRUE,1.02465031248521,0.0215165030358689,8.51103092085417,2024-11-13 10:29:27,2024-11-13 10:31:25,19045.7303696638,NA
"655","2-Nov-SWH-UP-5",2024-11-13 10:35:58.5,NA,NA,NA,NA,NA,501.695182857291,0.836869103992376,0.00611021732129747,19042.8349566172,0.426192220723682,1.54798570268191e-126,0.994064859706593,2.14687422307848,377.06879521774,0.998079493371702,1.23228647231934,508.209288442304,TRUE,0.850561959542747,0.00476618243579813,1.64870898985475,2024-11-13 10:34:57,2024-11-13 10:36:55,19054.1295626415,NA
"656","2-Oct-GCW-TR-1",2024-10-02 11:16:48.5,NA,NA,NA,NA,NA,200.9863886192,0.224051128627968,0.0130954545128226,18688.6321676033,0.460238936868424,5.22254757699322e-23,0.849153148865662,1.49984407850006,181.168489048891,0.90295324458383,1.22683220542528,201.114604763535,TRUE,0.22493466189241,0.0130557443742993,1.62881867152424,2024-10-02 11:16:17,2024-10-02 11:17:15,18687.0563755167,"low r2, but also low flux - checked"
"657","2-Oct-GCW-TR-2",2024-10-02 11:21:27.5,NA,NA,NA,NA,NA,268.047506406072,7.0580601026778,0.0243663105250229,18857.5646683448,0.85635247256686,4.2904341628801e-85,0.999380640048004,2.79071387098976,248.02553252583,0.999603040110661,2.27841973355343,269.469360394149,TRUE,7.03866541838785,0.0240504318424,2.61064799909563,2024-10-02 11:20:56,2024-10-02 11:21:54,18895.8745808869,NA
"658","2-Oct-GCW-TR-3",2024-10-02 11:25:44.5,NA,NA,NA,NA,NA,151.371243492663,0.00665354869789496,0.00827191212338644,18783.2335518461,0.290715838675831,0.424854541354771,0.0122891357824584,0.947395785612939,149.116655486061,0.120314635200724,0.911794327703168,151.379521847457,TRUE,0.00617725338877673,0.00906505997905987,0.844385604376855,2024-10-02 11:25:13,2024-10-02 11:26:11,18783.5600424534,"low r2, but also low flux - checked"
"659","2-Oct-GCW-TR-4",2024-10-02 11:31:50,NA,NA,NA,NA,NA,170.413166392115,3.7108126979567,0.0117707818658397,18774.1418430592,0.393339070949461,1.05868359321913e-82,0.999507218301804,1.23733258598958,172.571521549311,0.999524695529157,1.24077840528504,171.279353561719,TRUE,3.70055729476999,0.0100213476614952,1.05524354443672,2024-10-02 11:31:20,2024-10-02 11:32:15,18786.7653164621,NA
"660","2-Oct-GCW-TR-5",2024-10-02 11:35:44.5,NA,NA,NA,NA,NA,174.184711420069,1.55672672904657,0.0102174956270568,18630.1609226037,0.359093250276262,1.3304767236317e-70,0.997764906349755,1.17022668425415,169.692184756817,0.998090170222076,1.1031539756848,174.459811266982,TRUE,1.56167559740685,0.0100069827732076,1.13562623565203,2024-10-02 11:35:13,2024-10-02 11:36:11,18641.115071375,NA
"661","2-Oct-GCW-UP-1",2024-10-02 11:41:25.5,414.068789430691,-2.34232681667478,2.22793388683654e-30,0.921344567666116,10.7870500770842,182.078366605122,-2.42036962877417,0.0109922547189425,18437.1748849633,0.386322110521584,6.61792749075908e-79,0.998928609052043,1.25896112528413,175.844269989981,0.999113578361886,1.16781803446989,182.335537432961,TRUE,-2.41844463390997,0.0106233999467561,1.3208223892681,2024-10-02 11:40:54,2024-10-02 11:41:52,18431.6371685239,NA
"662","2-Oct-GCW-UP-2",2024-10-02 11:49:29.5,381.255440554089,-1.5885053774786,2.98319174544578e-29,0.913105087230933,7.96071677827798,187.69081196403,-1.69827060096643,0.01157859337997,18443.9151397921,0.40692894640742,9.57029076619555e-70,0.997588692020707,1.32611546252968,185.567783313365,0.997847177200893,1.27783802974568,187.753147635554,TRUE,-1.69543525351436,0.013022343334698,1.28508012634344,2024-10-02 11:48:58,2024-10-02 11:49:56,18433.3383126716,NA
"663","2-Oct-GCW-UP-3",2024-10-02 11:53:12.5,363.099616016398,-1.35979991697491,1.47440002124057e-28,0.907607710994851,6.72888569314878,188.464631500632,-1.39126385512849,0.0116618518690278,18479.8908016813,0.409855060842905,4.28683856397304e-65,0.996359713715646,1.33565119507534,189.871898238319,0.996530367261974,1.3297919834856,188.778694999819,TRUE,-1.39517488857738,0.0115423633748354,1.21962461158139,2024-10-02 11:52:41,2024-10-02 11:53:39,18475.8203243553,NA
"664","2-Oct-GCW-UP-4",2024-10-02 11:57:30,385.687029347981,-2.19948198789498,1.35591722551584e-28,0.920489880821756,10.2112085095392,183.670781234637,-2.40964921410674,0.0134045870275959,18350.4544550478,0.447935223674253,9.29620368748945e-71,0.99848596027269,1.40907651845218,184.990381132343,0.998563478552249,1.4014290334323,183.816276619919,TRUE,-2.41400227532498,0.014698709960046,1.24652962086584,2024-10-02 11:57:00,2024-10-02 11:57:55,18347.3312719496,NA
"665","2-Oct-GCW-UP-5",2024-10-02 11:45:19.5,459.282054434545,-3.37738074503689,8.38135544642151e-30,0.917239301738741,16.3951849377785,192.633726611998,-3.58716621499495,0.0121208331885796,18323.252749968,0.425985930859382,1.4059516937809e-85,0.999406654670725,1.38821908522363,188.254783533874,0.999491934203564,1.31002895799269,192.641401590322,TRUE,-3.58815509858329,0.0124668119622781,1.72129463338324,2024-10-02 11:44:48,2024-10-02 11:45:46,18312.9874584196,NA
"666","2-Oct-GWI-TR-1",2024-10-23 12:30:19.5,NA,NA,NA,NA,NA,213.570706323293,1.12915199495598,0.0147138120291638,18470.1891711458,0.517116011433847,3.46015772738462e-55,0.991247521494827,1.68519724324923,214.73900035879,0.991694666335058,1.67409625793432,213.864248690271,TRUE,1.13649832295322,0.0148353775294561,1.55041205313422,2024-10-23 12:29:48,2024-10-23 12:30:46,18476.8126808826,NA
"667","2-Oct-GWI-TR-2a",2024-10-23 12:37:27.5,178.851138472064,0.645604167184343,1.62933345452289e-35,0.950060907040006,1.22189769160993,222.093039333475,0.324553198427768,0.0159219257500281,18479.9923857545,0.559575093244435,1.85352370006092e-26,0.888772231878139,1.82356450714365,180.5740350623,0.952122984758641,1.22009802137039,222.517267113637,TRUE,0.318603467997948,0.0158279699842167,1.75275233770143,2024-10-23 12:36:56,2024-10-23 12:37:54,18476.9488573075,"low r2, but also low flux - checked"
"668","2-Oct-GWI-TR-3a",2024-10-23 12:44:42.5,221.077389892829,0.508172817112117,3.44277705726647e-34,0.94385053026742,1.80649579628604,192.764896644702,0.47195426203805,0.0121355633364239,18488.7451944902,0.426503620992024,4.08907543178486e-40,0.966761401473009,1.38990615343482,167.973453401131,0.980497611758903,1.08573714050981,192.910346968445,TRUE,0.46871455629944,0.0129668358755361,1.31638679326108,2024-10-23 12:44:11,2024-10-23 12:45:09,18488.1371315789,NA
"669","2-Oct-GWI-TR-4a",2024-10-23 12:53:20.5,271.520273770496,1.62622345614739,3.91210512520873e-40,0.966817878450278,2.88190831535472,249.324841019254,0.985085508160312,0.0204880840072526,18358.8602041857,0.720052442069576,8.88868667972076e-45,0.978001270737241,2.34653416939452,182.274041817847,0.994098366658512,1.23945529415112,250.172307057719,TRUE,0.971543520665394,0.0201322661090251,2.26444427402292,2024-10-23 12:52:49,2024-10-23 12:53:47,18357.6456043739,NA
"670","2-Oct-GWI-TR-5",2024-10-23 12:58:29.5,293.359676179177,0.637480266479338,9.53169881994428e-29,0.909142053499097,3.52778209995753,193.488104213002,0.731594075908514,0.0122171002103747,18372.2655646188,0.429369229371324,1.19860466350972e-49,0.985706231051288,1.39924470655299,187.051274959328,0.988218281049848,1.29551156028283,193.512374501613,TRUE,0.730215853541373,0.0121285112105603,1.29972612022691,2024-10-23 12:57:58,2024-10-23 12:58:56,18377.6483462794,NA
"671","2-Oct-GWI-UP-1",2024-10-23 13:03:52.5,198.277258555018,0.240720325279806,5.07690230968129e-23,0.849316624128086,1.46268913875618,170.789043215295,0.22624541026372,0.00990124133054646,18247.7466416858,0.34797851263478,8.77912624551071e-29,0.909428484785345,1.13400555626988,163.145988045758,0.926995022099534,1.03827470199082,170.8766291947,TRUE,0.223995805814991,0.0107639806388772,1.1084546807516,2024-10-23 13:03:21,2024-10-23 13:04:19,18247.7654267633,NA
"672","2-Oct-GWI-UP-2",2024-10-23 13:07:34.5,NA,NA,NA,NA,NA,186.609226130775,0.100949294940422,0.0114632161278995,18298.4705604344,0.402874020037377,6.92732175404822e-12,0.598617112636553,1.3129011148992,181.415301043568,0.661454692555453,1.22963908651587,186.682343148015,TRUE,0.103964472202408,0.0112364889174958,1.25757552609841,2024-10-23 13:07:03,2024-10-23 13:08:01,18300.0304376437,"low r2, but also low flux - checked"
"673","2-Oct-GWI-UP-3",2024-10-23 13:12:15,236.703610443438,-0.571008780259973,5.12548936844661e-31,0.936657850657609,2.36993904756385,174.817322137974,-0.621128271952149,0.0122901526636391,18894.4665845759,0.410694657809631,6.14644231498119e-44,0.981176721150897,1.29192831460414,158.420080530479,0.987381696398605,1.08004133227913,174.829451864487,TRUE,-0.62140428990111,0.0133429709922143,1.30048940301183,2024-10-23 13:11:45,2024-10-23 13:12:40,18894.3064945164,NA
"674","2-Oct-GWI-UP-4",2024-10-23 13:16:24.5,189.390586534273,-0.371702120355184,2.65314701080647e-28,0.905500305370607,1.3471518421107,158.606621449712,-0.268442949398583,0.00884506728469477,18928.1295153842,0.31085934128148,9.49380549869836e-35,0.94656194270431,1.01304019481678,157.199135646749,0.951653948695051,0.982649235686928,158.639255480795,TRUE,-0.268078498290302,0.00901363045134319,0.775919610530733,2024-10-23 13:15:53,2024-10-23 13:16:51,18925.5586871627,NA
"675","2-Oct-GWI-UP-5",2024-10-23 13:20:28.5,246.13278291507,-0.328136396989916,1.58164771710819e-25,0.879235624518003,2.27819468487705,194.029317763671,-0.403151589123909,0.0122784766473339,19034.4347676063,0.431526300442605,1.93651288900671e-36,0.95398523364144,1.40627425145672,196.600508407335,0.95518679187233,1.41527586914094,194.53656753851,TRUE,-0.407332818568014,0.012013974787027,1.04116764922228,2024-10-23 13:19:57,2024-10-23 13:20:55,19031.6795846795,NA
"676","2-Oct-MSM-TR-1a",2024-10-17 13:15:04.5,NA,NA,NA,NA,NA,159.991141904852,-0.132482477188253,0.00895918773691093,18581.7261504557,0.314870097498569,2.87825665773823e-20,0.807880708786174,1.02611059907992,150.671710254248,0.849876191173665,0.925017912354968,160.194382413807,TRUE,-0.129327491830913,0.00915331390227257,0.866388054030766,2024-10-17 13:14:33,2024-10-17 13:15:31,18577.4512480749,"low r2, but also low flux - checked"
"677","2-Oct-MSM-TR-2",2024-10-17 13:19:17.5,NA,NA,NA,NA,NA,203.671681365635,0.0209969582333892,0.0134251391853706,18422.3337276525,0.471825684243001,0.123882835795724,0.0449270967558673,1.53760340967939,196.556754451263,0.222599473134591,1.4147026156566,203.80995985595,TRUE,0.0251311164042347,0.0146355060864479,1.54971059275769,2024-10-17 13:18:46,2024-10-17 13:19:44,18420.5386924743,"low r2, but also low flux - checked"
"678","2-Oct-MSM-TR-3",2024-10-17 13:23:24.5,161.642070098607,0.186204920040289,4.01684124100303e-21,0.821838594203316,1.04191660806167,171.970210356778,0.137638399119036,0.0100101228801962,18419.6756221089,0.351805147946009,5.93260096576534e-19,0.784286363705771,1.14647594035163,162.753004685806,0.83111994956037,1.03450356093788,172.012593524694,TRUE,0.139651821675035,0.0102376649460191,1.26396270675878,2024-10-17 13:22:53,2024-10-17 13:23:51,18418.864971236,"low r2, but also low flux - checked"
"679","2-Oct-MSM-TR-4",2024-10-17 13:27:21.5,322.591171248351,1.87295851166033,1.57919327527961e-37,0.958210800605488,4.62432939403794,264.12918318714,1.41415618009398,0.0234981264278898,18508.9895659313,0.825840196304942,9.28574083242675e-50,0.985845840904504,2.6912793094892,204.335786335191,0.995656635366408,1.52036040665401,268.88637430833,TRUE,1.36861505727781,0.0148629409393813,1.46624169655121,2024-10-17 13:26:50,2024-10-17 13:27:48,18500.559827062,NA
"680","2-Oct-MSM-TR-5",2024-10-17 13:31:16.5,NA,NA,NA,NA,NA,218.275488635618,-0.433625312410035,0.0153689531557653,18303.9477245216,0.54014090570618,3.40555737322906e-33,0.938682904553806,1.76023164074594,188.437878071544,0.96723252957711,1.31225175966234,219.433102176233,TRUE,-0.44860988004447,0.0126724240298677,1.32153452181872,2024-10-17 13:30:45,2024-10-17 13:31:43,18295.421506662,NA
"681","2-Oct-MSM-UP-1",2024-10-17 13:38:06.5,247.972844310572,-0.476317375059086,1.33101911600831e-28,0.907969869465013,2.3173422102751,165.81972587389,-0.476093201315465,0.00945598560736248,18531.5546475079,0.332330027851596,8.50488992597167e-46,0.979899152384084,1.08300968138964,167.122461325728,0.980878513687,1.07721563058264,165.863186028961,TRUE,-0.474754682533335,0.0101228225481388,1.19894115369412,2024-10-17 13:37:35,2024-10-17 13:38:33,18528.8562137056,NA
"682","2-Oct-MSM-UP-2",2024-10-17 13:42:22.5,270.196958960537,-1.37442524135314,4.95095418725941e-40,0.966516146986345,2.84681199321578,253.804541501801,-0.967347442004428,0.0213557741986011,18409.4145096492,0.750547360043317,1.84107050813004e-43,0.975282783212053,2.44591216304814,164.757395657528,0.995587661842702,1.05388236532995,253.825264429898,TRUE,-0.964692909683103,0.0217015165553371,3.02513906479756,2024-10-17 13:41:51,2024-10-17 13:42:49,18408.4998166256,NA
"683","2-Oct-MSM-UP-3",2024-10-17 13:46:04.5,196.04721229115,-0.337047366800582,7.09624326658725e-31,0.924725554505902,1.43279637376779,179.305132453519,-0.319598698634648,0.0107135876997544,18508.0444203666,0.376528375410991,2.21667441460709e-34,0.944792313464141,1.22704493037901,167.531375337462,0.958777031900454,1.0813019594377,180.691807834258,TRUE,-0.314503684793768,0.00832617264644698,0.720906365340889,2024-10-17 13:45:33,2024-10-17 13:46:31,18505.8970968744,NA
"684","2-Oct-MSM-UP-4",2024-10-17 13:49:59.5,220.892422980004,-0.499438456709662,4.23643895598558e-27,0.894897151486522,1.80340453722547,188.443078874808,-0.339995376103076,0.0116595248463224,18520.8638113088,0.409773277774211,6.77506942949903e-34,0.942371018011791,1.33538467731364,179.240171067899,0.954870898343534,1.20512176106226,188.58275494356,TRUE,-0.343459630785094,0.0119028354488527,1.15009263960189,2024-10-17 13:49:28,2024-10-17 13:50:26,18518.5243069179,NA
"685","2-Oct-MSM-UP-5",2024-10-17 13:53:54.5,NA,NA,NA,NA,NA,181.679693089358,-0.292811535062936,0.0109517524755912,18409.5262438954,0.38489866169035,4.68027999254832e-32,0.932189284552665,1.25432233632138,143.619604369534,0.968880653629978,0.866546546308871,181.883668786758,TRUE,-0.297090778003794,0.011300775262347,1.26210570764994,2024-10-17 13:53:23,2024-10-17 13:54:21,18402.4111578067,NA
"686","2-Oct-SWH-SWAMP-1a",2024-10-22 13:39:42,NA,NA,NA,NA,NA,401.499217100244,19.8591124592202,0.230140557810317,114947.783405441,6.89526101532818,8.00045472434664e-50,0.994258381023985,20.0499848750756,351.729851271408,0.998261771613371,11.2977662116096,401.707202257897,TRUE,19.9040550027848,0.245058417827418,20.9526811106656,2024-10-22 13:39:15,2024-10-22 13:40:04,114921.071628438,NA
"687","2-Oct-SWH-SWAMP-2",2024-10-22 13:43:45,475.5801005556,-51.1417440638429,8.72854232044954e-36,0.978430966757935,58.2712724865144,475.948259014263,-30.8788012706161,0.719149346918123,297012.568917971,20.7184917412777,1.04041636450551e-35,0.978245503659774,58.5212614027589,377.510731969356,0.997991170139403,18.2335135727718,476.113252553465,TRUE,-30.6329979143398,0.681392627171712,71.7285050652694,2024-10-22 13:43:19,2024-10-22 13:44:06,297205.817112536,NA
"688","2-Oct-SWH-SWAMP-3a",2024-10-22 13:48:54.5,341.215472862882,9.0201657578573,1.18674810074958e-29,0.966571751025395,16.3937722978444,315.757194947707,7.50368814857081,0.163346722119565,24561.7773680045,4.42395278213455,6.59546549957527e-35,0.98231097532637,11.9254294754114,272.49099503969,0.994573527047164,6.78611873064766,315.900879597361,TRUE,7.53366268147208,0.178836985512655,12.1489649080731,2024-10-22 13:48:30,2024-10-22 13:49:14,24544.0180562914,NA
"689","2-Oct-SWH-SWAMP-4",2024-10-22 13:52:37.5,472.134410957798,5.25010518710587,6.8876322961885e-33,0.937001259124994,18.4671040811062,315.704931011262,4.62437008543598,0.0378819184347695,20727.2212599117,1.33135767451853,1.30334726092631e-65,0.996522643012609,4.33867881339884,236.249931145849,0.999258581800895,2.04306014965927,315.716150010293,TRUE,4.62295966163255,0.0404535535996671,5.06833571596375,2024-10-22 13:52:06,2024-10-22 13:53:04,20726.6570010194,NA
"690","2-Oct-SWH-SWAMP-5a",2024-10-22 14:00:30.5,NA,NA,NA,NA,NA,543.172561921052,9.22534156536202,0.311268436505095,28346.1546717399,10.9395099007468,3.05126383238066e-34,0.944110353476496,35.6500891862145,529.634720260793,0.959609108436547,30.9067492496174,545.571491632269,TRUE,9.64834742122451,0.134142395433967,15.2410909007669,2024-10-22 13:59:59,2024-10-22 14:00:57,28869.4196818453,NA
"691","2-Oct-SWH-TR-10",2024-10-24 10:30:45.5,NA,NA,NA,NA,NA,823.1551102272,2.1052896775131,0.0250249744152591,21065.3838764917,1.74551065187446,4.58124174384565e-103,0.984421604649867,8.79272694901626,804.130753325101,0.987270565385896,8.02009388318981,828.930738916932,TRUE,2.15718889840298,0.0091390624941108,2.96862993738592,2024-10-24 10:29:44,2024-10-24 10:31:42,21311.1458980603,NA
"692","2-Oct-SWH-TR-1a",2024-10-24 09:50:30,1895.68173891018,179.879135891902,1.33991884864078e-49,0.881979060166336,1976.6556278769,1385.36519246431,187.930718485496,0.560257364899035,36265.730476143,36.1687968719351,2.4972604671177e-158,0.999085424741883,174.004789754568,1283.44289539485,0.999666488957047,106.11200328684,1385.59215224639,TRUE,188.053954522409,0.564476465551331,172.29486255323,2024-10-24 09:49:33,2024-10-24 09:51:22,37282.6436962656,NA
"693","2-Oct-SWH-TR-2a",2024-10-24 09:59:15.5,2177.95323048345,376.776725351709,2.43505436840978e-59,0.906023376113213,3347.67687919115,1825.95796821849,328.216170051172,2.03475856979693,31327.8198343259,141.925929618842,1.87305409556635e-134,0.995713938139414,714.928863243355,1668.85744658212,0.998956890809281,355.886216532154,1825.95896802279,TRUE,328.185532279233,2.13553395361192,869.084891390356,2024-10-24 09:58:14,2024-10-24 10:00:12,32199.2195119198,NA
"694","2-Oct-SWH-TR-3a",2024-10-24 09:30:41.5,NA,NA,NA,NA,NA,1402.90170223935,12.5390459811054,0.419607020308081,26051.8935710943,28.2993750674917,4.90190049584607e-54,0.892106127895036,139.740793027053,1392.01289263257,0.905764660638299,131.822838339836,1403.72703007176,TRUE,12.4108373950446,0.429839781737399,129.34479891535,2024-10-24 09:29:42,2024-10-24 09:31:36,25928.4397280367,"significant ebulition, flux compromised"
"695","2-Oct-SWH-TR-4",2024-10-24 10:25:08.5,NA,NA,NA,NA,NA,1467.61375046147,33.0375724929323,0.422608951242516,19739.7657821237,29.4772899156896,1.48249584686557e-99,0.982003331834598,148.487069470081,1199.41439568617,0.998347196395111,45.4062751081615,1475.18290064858,TRUE,32.1291791264878,0.40028389787308,113.815011175719,2024-10-24 10:24:07,2024-10-24 10:26:05,20203.1367358772,NA
"696","2-Oct-SWH-TR-5",2024-10-24 10:12:05.5,1299.25320606965,5.91138927009291,6.98492640682267e-53,0.877478199715415,70.957026970248,642.622026476412,6.10469448058522,0.0113368959150414,19936.4042629262,0.790756955452895,5.39816777763239e-193,0.999613890261138,3.98330997571751,581.093574016039,0.999782693099991,3.0153529420258,642.675538249028,TRUE,6.10728499936239,0.0121667390436852,4.43377251543159,2024-10-24 10:11:04,2024-10-24 10:13:02,20023.1152760488,NA
"697","2-Oct-SWH-TR-6a",2024-10-24 09:41:13.5,NA,NA,NA,NA,NA,721.987166007868,8.77960003447738,0.0160571663140067,22024.2940272864,1.11999934045601,9.75638152294814e-194,0.999625507003541,5.64181511761764,672.467207474887,0.999765817721218,4.5018050367076,723.336802641057,TRUE,8.79567109251807,0.0141238319689747,5.33447411861212,2024-10-24 09:40:12,2024-10-24 09:42:10,22135.9261247603,NA
"698","2-Oct-SWH-TR-7",2024-10-24 10:04:57.5,1789.2624620573,58.8357760592154,1.45535683773034e-57,0.898909026958475,608.646624107809,1315.04218636836,57.6136187835339,0.216431426292799,21597.3215462387,15.0962535955325,9.36606380080679e-159,0.998421943770967,76.044930276466,1102.23952671904,0.999764391526288,29.6494847660026,1315.79646145498,TRUE,57.5051198552388,0.221271224843669,79.4465927705027,2024-10-24 10:03:56,2024-10-24 10:05:54,22053.5989623372,NA
"699","2-Oct-SWH-TR-8a",2024-10-24 09:19:10,NA,NA,NA,NA,NA,1038.39395468601,-0.626185003080161,0.121589314961703,44142.759665046,7.70918447578485,1.29114098216419e-06,0.207982921301809,36.6893617233741,986.471449769764,0.539806977932577,28.2478883076861,1039.32373435529,TRUE,-0.567557142772786,0.112990957375942,38.555086994465,2024-10-24 09:18:14,2024-10-24 09:20:01,44038.8371768452,"low r2, but also low flux - checked"
"700","2-Oct-SWH-TR-9",2024-10-24 10:18:13.5,1315.66926743762,11.8115999188094,9.68172452012229e-40,0.789869610104571,76.2543687569104,1166.93072713864,4.86559355986467,0.11303099761872,28572.9769240863,7.88399648533385,1.64710977623459e-71,0.943002682541829,39.7143542424685,1160.51662330165,0.947978743362369,38.2845357714609,1168.36507608362,TRUE,4.96766851252972,0.0877156824813212,29.7643198378848,2024-10-24 10:17:12,2024-10-24 10:19:10,26623.9503527504,NA
"701","2-Oct-SWH-UP-1",2024-10-22 13:06:16.5,NA,NA,NA,NA,NA,198.584664704922,0.0567343841687556,0.0128074496028124,20133.903344048,0.450117022163884,4.88044793181649e-05,0.273977141338277,1.46685839950475,192.497275114512,0.397686551029596,1.36251406679752,198.616845263217,TRUE,0.0586421415203636,0.0139368552185612,1.38814203585852,2024-10-22 13:05:45,2024-10-22 13:06:43,20137.1071933397,"low r2, but also low flux - checked"
"702","2-Oct-SWH-UP-2",2024-10-22 13:09:59.5,NA,NA,NA,NA,NA,165.752954558735,-0.470575189155569,0.0119577086460266,20368.9233405896,0.392697414753683,3.45117879645488e-38,0.969937649178874,1.22018441803225,165.129599261317,0.972592780074503,1.19011300390312,166.249286249332,TRUE,-0.47828718469019,0.0149379854893886,0.95151828207122,2024-10-22 13:09:30,2024-10-22 13:10:24,20367.8942235615,NA
"703","2-Oct-SWH-UP-3",2024-10-22 13:13:30.5,178.783060809073,0.294499992165257,2.09775051549209e-05,0.29623405977548,1.22112771265325,184.270575345621,0.0430801106256405,0.0112176579271663,20415.607020064,0.394243892298466,0.000335290704835846,0.220956824053277,1.28477692776723,175.6840398156,0.382929994930256,1.16608672938328,184.283340155901,TRUE,0.0439745078238292,0.0114913180017728,1.02737592983402,2024-10-22 13:12:59,2024-10-22 13:13:57,20414.4189955977,"low r2, but also low flux - checked"
"704","2-Oct-SWH-UP-4b",2024-10-22 13:24:25.5,428.639598327927,3.37798377826546,1.15556271556448e-33,0.941176721841675,12.3451249584146,285.418689667578,3.19811966701758,0.0286182822040194,20868.1008473015,1.00578775358134,1.26714647941287e-63,0.995853358977486,3.27769922445332,205.625262959626,0.999121405238583,1.53862169860513,286.305323921204,TRUE,3.17546308210818,0.0283027127159334,3.42267185456764,2024-10-22 13:23:54,2024-10-22 13:24:52,20890.5665053505,NA
"705","2-Oct-SWH-UP-5",2024-10-22 13:28:21.5,493.203316318237,5.07643543323687,1.93544229166555e-31,0.928389381839088,22.4451251607236,294.997517121632,5.27610127144051,0.0312724837756155,20430.9513772289,1.0990695032411,6.6968565680144e-73,0.998176485654211,3.58168932318613,241.839504380103,0.99936727293011,2.1515834618762,295.118188090426,TRUE,5.26794355308873,0.0335582095009031,3.94111974798101,2024-10-22 13:27:50,2024-10-22 13:28:48,20467.2116358875,NA
"706","2-Sep-GCW-TR-1",2024-09-10 13:27:58.5,213.148475545159,0.410057026551831,8.60072731861609e-26,0.882025470649587,1.67862175203247,162.350419646851,0.300536539456814,0.00915705602880547,18662.4572391725,0.321824166348363,1.97733611177237e-36,0.953948330811749,1.04877278202519,163.021515328654,0.956701515556834,1.03707875358818,162.501378414755,TRUE,0.30367109591151,0.00875918235188389,1.00454699261208,2024-09-10 13:27:27,2024-09-10 13:28:25,18662.442503054,NA
"707","2-Sep-GCW-TR-2",2024-09-10 13:23:39.5,NA,NA,NA,NA,NA,194.963003784661,1.55118930849834,0.012385087209256,18911.0130457885,0.43527312203096,3.447008772445e-66,0.996696041303155,1.41848453555551,169.642876967899,0.998080324726781,1.10265044171851,195.162628700405,TRUE,1.55581094691002,0.012654522024252,1.56919726188635,2024-09-10 13:23:08,2024-09-10 13:24:06,18919.9611667991,NA
"708","2-Sep-GCW-TR-3",2024-09-10 13:19:51.5,NA,NA,NA,NA,NA,193.300933582281,0.845415904554739,0.0121959455620813,18708.6166022562,0.428625750568751,6.51918279706746e-53,0.989294204696996,1.39682182967273,173.409212415691,0.993121876063675,1.14178205780857,193.362426981422,TRUE,0.848363841943172,0.0142260689671074,1.33934763540851,2024-09-10 13:19:20,2024-09-10 13:20:18,18714.0807057529,NA
"709","2-Sep-GCW-TR-4",2024-09-10 13:15:44.5,NA,NA,NA,NA,NA,294.393047385469,1.87404021327975,0.0310979424022884,19554.762121742,1.09293525749797,8.6679311311919e-50,0.98588326261936,3.56169881083075,286.328932302172,0.988709613593922,3.24833712768801,294.726929551369,TRUE,1.88831655320912,0.0305779999002533,4.06968337305675,2024-09-10 13:15:13,2024-09-10 13:16:11,19522.6503377062,NA
"710","2-Sep-GCW-TR-5",2024-09-10 13:09:15,131.857962947909,-0.172508424459989,5.46170729263248e-06,0.371376135534925,0.943384368315103,137.608357575558,-0.046186209597956,0.0107844634879055,18997.9203733387,0.335533759605294,9.57258766222341e-05,0.289561837496049,1.00289712171267,133.3685571125,0.403805469952705,0.939851559557115,137.782018995721,TRUE,-0.047494231094741,0.0108297793127546,0.864152404416515,2024-09-10 13:08:47,2024-09-10 13:09:38,18996.0909903704,"low r2, but also low flux - checked"
"711","2-Sep-GCW-UP-1",2024-09-10 12:44:08.5,NA,NA,NA,NA,NA,314.347117648794,-2.61946183868595,0.0374086352251907,18586.2344770541,1.31472416546385,3.87731579424385e-53,0.989505993010116,4.28447290411595,309.205225931486,0.99114032537159,4.01469245711626,317.376612759895,TRUE,-2.6670622745965,0.0221035811039559,1.92654087768954,2024-09-10 12:43:37,2024-09-10 12:44:35,18574.5337712298,NA
"712","2-Sep-GCW-UP-2",2024-09-10 12:53:04.5,391.432127290834,-1.72339087300414,4.74873573803407e-30,0.919025199736578,8.74732224351474,218.448677619925,-1.93223894615827,0.0153936186067676,18514.0522325446,0.541007771452272,3.07592286824934e-66,0.996710482878972,1.76305661567088,211.279049387983,0.997325143283406,1.62131393112889,218.948464074445,TRUE,-1.92991196254032,0.01353273721233,1.50022246419783,2024-09-10 12:52:33,2024-09-10 12:53:31,18506.4808665744,NA
"713","2-Sep-GCW-UP-3",2024-09-10 12:57:25.5,348.883109221177,-1.41364438227767,1.01071592774308e-30,0.923696168021383,5.89895510680822,187.006442532783,-1.34199116740731,0.0115054546579173,18539.7982496502,0.404358490555848,1.379346207008e-64,0.99619236938535,1.31773876364745,186.157304285399,0.996519387606892,1.28483221540683,187.816194681623,TRUE,-1.33454779137014,0.0100544633851252,1.08742358967135,2024-09-10 12:56:54,2024-09-10 12:57:52,18531.0882581482,NA
"714","2-Sep-GCW-UP-4",2024-09-10 13:01:49.5,399.437373323269,-2.14779629276242,7.66758660844582e-31,0.924501366776105,9.42033143986995,212.118707936789,-2.1560630151425,0.0145173170617023,18636.2420892415,0.510210207986101,5.00652580673524e-70,0.997648036810308,1.66269234942416,205.262897603495,0.998076364558958,1.53346791248641,212.412967566425,TRUE,-2.14893008783974,0.0148113337507041,1.6784701059571,2024-09-10 13:01:18,2024-09-10 13:02:16,18624.8512505503,NA
"715","2-Sep-GCW-UP-5",2024-09-10 12:48:39.5,411.402611814859,-3.3318553168844,1.82303764386399e-28,0.923666160996019,14.2320801525798,216.063532149271,-3.49477667400262,0.0197762539258158,18556.9980991173,0.6494625366843,3.34148731557259e-69,0.998465300270322,2.01800174277936,215.864531889938,0.998588920885832,1.97663833297929,216.069430880858,TRUE,-3.49353534557032,0.0182398801489589,1.79811657971446,2024-09-10 12:48:10,2024-09-10 12:49:04,18557.0972358544,NA
"716","2-Sep-GWI-TR-1",2024-09-26 12:25:31.5,750.373348346697,0.574793513422189,6.13523456275306e-59,0.904461207101766,6.38982347511692,544.428167411209,0.617766135358986,0.00736977894262717,17445.9325583675,0.514047584339265,6.82247540862877e-103,0.984310437246794,2.58943137530715,469.901158898504,0.992121304925405,1.85156430884214,544.741023794693,TRUE,0.615303372195482,0.00781558007422996,2.69506891747529,2024-09-26 12:24:30,2024-09-26 12:26:28,17447.1348601582,NA
"717","2-Sep-GWI-TR-2",2024-09-26 12:31:24.5,643.964226102346,0.506394882082556,7.79122854056963e-65,0.925014812691522,4.0068282422888,490.760455820713,0.436398197391731,0.00582409144149322,17508.1826906088,0.406234726954148,1.56700682195059e-97,0.980441736751114,2.0463415834674,405.127851837434,0.991090243096312,1.39366560526989,493.129305996682,TRUE,0.42997562970039,0.00536874203817251,1.77779097716467,2024-09-26 12:30:23,2024-09-26 12:32:21,17507.585116806,NA
"718","2-Sep-GWI-TR-3",2024-09-26 12:37:53.5,678.406193163029,0.7061830825373,2.03859501109524e-66,0.929734857071062,4.66021332673145,505.002587458066,0.525455064453222,0.00619949911704695,17492.2287465815,0.432419692644859,2.011786329282e-103,0.984648831696376,2.17824410336353,382.455914859707,0.994941181031822,1.26174928812617,506.849282075949,TRUE,0.518703955128983,0.0060443048638586,2.06266223945864,2024-09-26 12:36:52,2024-09-26 12:38:50,17487.4129927002,NA
"719","2-Sep-GWI-TR-4",2024-09-26 12:44:44.5,755.177252198346,0.779658000937517,4.8559361095662e-62,0.915890985936598,6.52588382775794,668.641862023916,0.664285792461955,0.0127074014841214,17544.5646706729,0.886350742267068,1.64003928667079e-80,0.960628926404489,4.46484818035514,604.927421310379,0.97826236583062,3.34762554945186,670.688812528888,TRUE,0.648336367734074,0.0122135122006165,3.63116276094284,2024-09-26 12:43:43,2024-09-26 12:45:41,17545.2737313216,NA
"720","2-Sep-GWI-TR-5",2024-09-26 12:51:06.5,675.856205454217,0.608840271667219,1.09636479946888e-62,0.918095022778291,4.6083831496879,569.425150420624,0.477139530143882,0.0082237277343042,17497.3721214952,0.573611150211233,2.10362550244571e-85,0.967800400485292,2.88947318270577,522.628883190458,0.979377706001327,2.33332153230621,575.041835617464,TRUE,0.460994183346067,0.00733153263994877,2.26354996967011,2024-09-26 12:50:05,2024-09-26 12:52:03,17492.6677611587,NA
"721","2-Sep-GWI-UP-1",2024-09-26 12:58:11.5,468.594121392019,0.208929638326309,5.52542305723676e-55,0.887610708773372,1.85675964181301,355.025454351842,0.163323167339147,0.00321129427806126,17517.0001624635,0.223990173801799,3.14431561541473e-79,0.95849755747242,1.12831419011218,341.99835825603,0.964255665197409,1.05659730841429,355.123100022629,TRUE,0.16235264310273,0.00355652859858715,1.13613779276182,2024-09-26 12:57:10,2024-09-26 12:59:08,17516.4823654878,NA
"722","2-Sep-GWI-UP-2",2024-09-26 13:04:58.5,NA,NA,NA,NA,NA,352.79334502248,0.198629039690509,0.00318000924673822,17538.0790267189,0.221808019506157,6.94163714590551e-89,0.97209400155422,1.11732194159075,354.127662561432,0.972738962518526,1.11432892355301,352.807878158162,TRUE,0.198936911620042,0.00350640295236858,1.1119035232482,2024-09-26 13:03:57,2024-09-26 13:05:55,17538.8116221243,NA
"723","2-Sep-GWI-UP-3",2024-09-26 13:11:42.5,521.69237712668,0.323635073314698,2.41976502038456e-54,0.884610638364872,2.34367433610423,366.745976399855,0.204710365145568,0.00338069008637566,17541.4278034728,0.23580565792135,2.03311827952908e-87,0.970359750762656,1.18783277598966,362.267670591344,0.972484152659373,1.15483115950445,366.937895048197,TRUE,0.203242438792494,0.00353458022764069,1.21979636282127,2024-09-26 13:10:41,2024-09-26 13:12:39,17541.1962743234,NA
"724","2-Sep-GWI-UP-4",2024-09-26 13:18:27.5,506.768100116176,0.306597533068501,3.23840401349681e-60,0.917079766219073,2.37846345731815,380.462768965023,0.254337126694791,0.00402236046491116,17549.1377954361,0.271278319818376,3.71012078052963e-87,0.973697898952609,1.33955776239077,334.985188327108,0.9832256214477,1.07981259628634,380.532823563566,TRUE,0.254945843374389,0.00420149901815557,1.555491309228,2024-09-26 13:17:28,2024-09-26 13:19:22,17548.1144529113,NA
"725","2-Sep-GWI-UP-5",2024-09-26 13:24:57.5,450.719546108448,0.271277117543283,5.1489402758638e-60,0.908592722817082,1.7167544839224,360.986922162596,0.16743620131789,0.00329636664885061,17516.8743291342,0.229924035188785,3.60579437926314e-79,0.9583959792961,1.15820505492761,328.487493721302,0.969794428648337,0.995804307175192,361.011024724608,TRUE,0.166994888377328,0.00332909760927947,1.26487940880987,2024-09-26 13:23:56,2024-09-26 13:25:54,17514.7068852695,NA
"726","2-Sep-MSM-TR-1",2024-09-12 12:43:04.5,168.60536410063,0.128464725493319,7.08012989511334e-07,0.379563131569198,1.11130705981269,173.796745447831,0.0500103973351745,0.010180857393948,18004.5624511969,0.357805601845411,9.35648728611919e-06,0.316955133313431,1.16603044677946,170.662736786928,0.401486383056499,1.11311224979818,173.840768408703,TRUE,0.0480931908314262,0.0107135110233933,1.3641321338739,2024-09-12 12:42:33,2024-09-12 12:43:31,18005.0738728332,"low r2, but also low flux - checked"
"727","2-Sep-MSM-TR-2",2024-09-12 12:46:54.5,NA,NA,NA,NA,NA,163.949501334154,0.0780858006141998,0.00929364696527956,17868.6199784095,0.326624646341413,2.96337104600877e-11,0.575837936149225,1.06441676803933,158.046030002178,0.646911762245483,0.99038508321208,164.008771148031,TRUE,0.0789886693675835,0.00983990675551587,0.889289668651011,2024-09-12 12:46:23,2024-09-12 12:47:21,17866.8425045929,"low r2, but also low flux - checked"
"728","2-Sep-MSM-TR-3",2024-09-12 12:50:37.5,189.854179108486,0.765823702215424,6.73615918504182e-40,0.966117509747604,1.35294695242905,206.449787563767,0.451987934129101,0.0137749567254349,17911.7010597148,0.484119999998095,2.00117144058203e-36,0.95392712178927,1.5776685914955,154.279602437485,0.98371839670409,0.956441389634358,206.633336820794,TRUE,0.450933909156129,0.0143828429889497,1.58154603856266,2024-09-12 12:50:06,2024-09-12 12:51:04,17908.9597434901,NA
"729","2-Sep-MSM-TR-4",2024-09-12 12:54:23.5,198.407586823877,0.893652103404026,4.48405755054719e-37,0.956500741170652,1.46445529440608,211.29485544261,0.42971029567332,0.0144069964493145,17928.249977885,0.506332996904171,2.23375027919067e-34,0.944776034199565,1.65005714710535,169.832519993964,0.976204370693906,1.10458834604909,211.328049252184,TRUE,0.427363951660901,0.0149075359818223,2.02280354080065,2024-09-12 12:53:52,2024-09-12 12:54:50,17928.8355959415,NA
"730","2-Sep-MSM-TR-5",2024-09-12 12:59:31.5,NA,NA,NA,NA,NA,259.24099500544,0.273637620181954,0.0224582872770782,17946.0755612525,0.789295113824981,7.37677606565651e-17,0.740591712046806,2.57218481059952,234.08345612526,0.848823383631199,2.00248478782152,261.10735977144,TRUE,0.247243657364876,0.0212614214474755,1.96477783512775,2024-09-12 12:59:00,2024-09-12 12:59:58,17947.0561449688,"low r2, but also low flux - checked"
"731","2-Sep-MSM-UP-1",2024-09-12 13:05:34.5,213.35228406616,-0.291588640019054,1.32286833012617e-25,0.880060566056091,1.68179249673035,151.659958894873,-0.299843923731427,0.00829405493354133,18037.1298635274,0.291494046365758,1.59535387799538e-38,0.961734969700298,0.949931838306617,155.651135781079,0.961741221350969,0.968665057214767,151.744921089849,TRUE,-0.300488576297605,0.00899022184114355,1.00440023726582,2024-09-12 13:05:03,2024-09-12 13:06:01,18036.0635164575,NA
"732","2-Sep-MSM-UP-2",2024-09-12 13:09:29.5,176.5172156327,-0.184108666534664,1.28256055072232e-08,0.466318030817949,1.19577527234606,175.657930491255,-0.0710090635205919,0.0103578265856889,17887.304606881,0.364025173116156,8.40985064578081e-09,0.474743134579211,1.18629902119584,178.050063190909,0.490152281461218,1.19191480167392,175.738171092436,TRUE,-0.068214593906583,0.0114002073657022,1.26077165998629,2024-09-12 13:08:58,2024-09-12 13:09:56,17886.8450679951,"low r2, but also low flux - checked"
"733","2-Sep-MSM-UP-3",2024-09-12 13:12:55.5,200.242417663417,-0.320348005035705,4.94032811189811e-23,0.849474068792256,1.48954772718429,159.963676285534,-0.232937990245213,0.00895690960401005,18019.7060325915,0.314790032659023,1.78952226526322e-31,0.928604649254084,1.02584968074845,155.988728287255,0.938406981416604,0.971697702555448,159.970562514955,TRUE,-0.232228769772329,0.0104606542241454,0.972117863130054,2024-09-12 13:12:24,2024-09-12 13:13:22,18017.4617752833,NA
"734","2-Sep-MSM-UP-4",2024-09-12 13:16:46.5,NA,NA,NA,NA,NA,176.254864476299,-0.179530591080066,0.0104152345235654,17852.9068755736,0.366042771533242,3.75029464539777e-23,0.851056100939305,1.19287404733172,164.81143282997,0.888102839043288,1.05440980118636,176.467026896696,TRUE,-0.183669447203332,0.0108625601345042,1.21195849303274,2024-09-12 13:16:15,2024-09-12 13:17:13,17847.9080312621,"low r2, but also low flux - checked"
"735","2-Sep-MSM-UP-5",2024-09-12 13:20:43.5,223.680339993251,-0.498778276654251,7.09473792193284e-27,0.892796598718395,1.85056377225983,169.338546159983,-0.348814774130801,0.00976915143282064,17956.0645391022,0.343336221369451,2.96824397640003e-38,0.96081090728252,1.11887708167285,165.17680581677,0.966308178535685,1.05798299808559,169.379199343516,TRUE,-0.350649952213399,0.00975711321082423,1.26368975012581,2024-09-12 13:20:12,2024-09-12 13:21:10,17954.3243934739,NA
"736","2-Sep-SWH-SWAMP-1a",2024-09-25 11:08:56.5,NA,NA,NA,NA,NA,682.172781959702,139.566583882231,1.12742861215211,52920.3614146368,39.623408667783,6.31524794093309e-66,0.996618204306393,129.126264858708,679.78842118147,0.996995299380956,124.124690378918,682.223047494617,TRUE,139.768082966782,1.1631935550465,133.006750976617,2024-09-25 11:08:25,2024-09-25 11:09:23,54091.2922450003,NA
"737","2-Sep-SWH-SWAMP-2",2024-09-25 10:56:44.5,NA,NA,NA,NA,NA,645.890227456826,65.5500409344629,0.805727161164312,21646.9158627014,28.3172311199414,1.70289752514006e-56,0.992204666810854,92.2812652570155,550.486215090952,0.998762973888719,37.4888658771152,648.123187271659,TRUE,66.5390479738351,0.594984705385291,77.2674638881522,2024-09-25 10:56:13,2024-09-25 10:57:11,22946.6546804367,NA
"738","2-Sep-SWH-SWAMP-3",2024-09-25 10:45:39.5,NA,NA,NA,NA,NA,391.861229924508,9.40009469585432,0.0766787662117547,21038.3335062366,2.69487048403897,1.04685618331244e-65,0.99655182730308,8.78214599858153,275.128323331085,0.99963136567995,2.92833461327202,392.379569224001,TRUE,9.35390926354593,0.0777498390814822,9.95449472916474,2024-09-25 10:45:08,2024-09-25 10:46:06,21078.8160212389,NA
"739","2-Sep-SWH-SWAMP-4",2024-09-25 10:40:12.5,518.326155884066,6.43317424231574,3.39717510371396e-31,0.926825207095487,28.3235137271904,292.885483013906,6.58867410997935,0.0306668641162027,20899.0217638068,1.07778503786254,2.37011478616733e-78,0.99887472918958,3.51232670128522,248.537671604306,0.999540357430267,2.28924972263906,293.176772688357,TRUE,6.57527512704711,0.0330157880111393,3.83185797909047,2024-09-25 10:39:41,2024-09-25 10:40:39,20920.8451167309,NA
"740","2-Sep-SWH-SWAMP-5",2024-09-25 10:50:45.5,740.90343696445,47.3097479252912,4.29634191421549e-30,0.919335894912416,222.425693529005,474.332368267958,49.2941217345175,0.164555266325195,25888.6708618597,5.78328463173628,7.48829932681817e-86,0.999420858005351,18.8467869933175,468.607825918724,0.999516300633023,17.5650432126284,476.477977241473,TRUE,49.0864972896452,0.117123058012668,12.8935009624043,2024-09-25 10:50:14,2024-09-25 10:51:12,26374.3748553841,NA
"741","2-Sep-SWH-TR-10",2024-09-25 13:13:19.5,NA,NA,NA,NA,NA,958.938237849737,12.504491020082,0.0453955615142901,31536.9266930883,3.16637431296233,2.04700384267013e-160,0.998526085862594,15.9500973095517,892.717588044544,0.999203914806358,11.8282279836156,971.812210247103,TRUE,12.647017656023,0.0190443977413156,6.39473290734582,2024-09-25 13:12:18,2024-09-25 13:14:16,31013.1590939323,NA
"742","2-Sep-SWH-TR-1a",2024-09-25 11:36:49.5,NA,NA,NA,NA,NA,944.110306873301,1095.75798272956,28.708532824939,40287.1096395208,942.803253988874,1.43198738895483e-37,0.968102596518435,2929.46629279162,807.579185316647,0.998080812000261,734.025760781584,944.294978414524,TRUE,1106.1148791854,28.7269700547893,3501.31685806822,2024-09-25 11:36:20,2024-09-25 11:37:14,52900.0221399841,NA
"743","2-Sep-SWH-TR-2a",2024-09-25 11:28:13.5,899.973694880867,793.953299099871,6.61800027720288e-29,0.93472944304802,2736.86193088223,780.104129781918,754.964364786584,8.18083995037298,52044.4031177198,259.239274069039,7.29509501321516e-54,0.994627687551265,785.190182572869,749.995960411099,0.99736028336139,562.76290388478,781.890703145812,TRUE,745.009053973661,6.96495062902053,609.787617555915,2024-09-25 11:27:45,2024-09-25 11:28:37,50925.337578539,NA
"744","2-Sep-SWH-TR-3a",2024-09-25 11:46:39.5,NA,NA,NA,NA,NA,606.362737697669,68.2366723942774,0.558776683185759,30057.710830083,19.6381718835697,1.27886041445831e-65,0.996525178574414,63.9976183078987,545.421576649104,0.998956136226406,35.7714174246299,612.222657718571,TRUE,69.3991342945986,0.377462609217797,35.5452592860731,2024-09-25 11:46:08,2024-09-25 11:47:06,29190.5571927905,NA
"745","2-Sep-SWH-TR-4a",2024-09-25 11:55:37.5,493.25312611996,15.8578271580347,4.20223959645519e-43,0.974486031522258,22.4554792818574,498.41445514263,8.72622271466452,0.205660914234751,25216.3929595291,7.22794007875857,5.04996682340629e-42,0.971927056359798,23.5546848787775,429.198409711696,0.992764832149929,12.1947891781414,501.665849642038,TRUE,8.43933896289092,0.155750509850255,16.5107019775065,2024-09-25 11:55:06,2024-09-25 11:56:04,25010.9176628486,NA
"746","2-Sep-SWH-TR-5a",2024-09-25 12:06:32.5,NA,NA,NA,NA,NA,697.214267738933,69.1466676561966,1.29590914551076,20316.0811242005,45.5446465660236,4.3965896660423e-47,0.982063020948909,148.422619181735,589.414689619563,0.997737428738517,53.7580174193282,698.305055198316,TRUE,70.2834626915668,1.21434473508618,160.452411485161,2024-09-25 12:06:01,2024-09-25 12:06:59,21372.4700139272,NA
"747","2-Sep-SWH-TR-6a",2024-09-25 12:40:12.5,1645.50383122761,28.2126050004375,1.49480081481697e-54,0.885597773513931,323.991581574205,971.915046430326,28.8474930817285,0.0480542299295176,24839.5068986215,3.35181842017996,2.7984452165373e-198,0.999689307937421,16.8842419378401,825.361548755966,0.999917056674212,8.80278062567158,972.248761478591,TRUE,28.8531358006334,0.0471453969640263,17.5237366781044,2024-09-25 12:39:11,2024-09-25 12:41:09,24418.896218787,NA
"748","2-Sep-SWH-TR-7a",2024-09-25 12:20:53.5,2761.23377847264,13700.9138702958,1.13516987602508e-41,0.805873536167196,43229.1334717616,2816.15144006999,2447.2068249007,156.543041362135,93743.7731400272,10918.9940273353,6.38712074947596e-30,0.685732763448329,55002.6623654217,2727.94040464312,0.860037439204246,37038.4468628006,2816.1578800588,TRUE,2453.19962379131,160.35420202199,70774.7004242118,2024-09-25 12:19:52,2024-09-25 12:21:50,35659.9350986154,"significant ebulition, flux compromised"
"749","2-Sep-SWH-TR-8b",2024-09-25 13:23:31.5,2037.79502569859,195.551434803807,2.6859267208911e-59,0.905858827391973,1810.38162939629,1688.04134221751,177.331734140115,1.11124353546587,33067.832811504,77.5100663759151,6.21341183239579e-134,0.995621173682145,390.44439443075,1426.8909087019,0.99957220033749,123.143989641698,1688.04760864872,TRUE,177.406762809564,1.1439155951558,540.237465179867,2024-09-25 13:22:30,2024-09-25 13:24:28,33478.5374942312,NA
"750","2-Sep-SWH-TR-9",2024-09-25 13:06:25.5,2403.23754968081,977.518102512437,1.08026772695313e-58,0.903492030799918,8992.18400080281,1962.32345011407,870.971777867986,3.70051275239221,84534.0279839885,258.113527690934,8.88703510576843e-153,0.997982300406724,1300.20505368818,1528.88436246376,0.999956510116542,192.615125146418,1962.51360135116,TRUE,869.791976853481,4.00595881456235,1607.17127211129,2024-09-25 13:05:24,2024-09-25 13:07:22,85212.7368106091,NA
"751","2-Sep-SWH-UP-1",2024-09-25 10:15:53.5,129.879808979957,-0.0890277144498383,1.16973555924091e-05,0.41771105870696,1.26882663506923,123.908467697618,-0.104608832660066,0.0173518309069635,19216.1735760765,0.449978176239185,6.3626438318223e-07,0.502385228151193,1.17295039993049,126.082950232879,0.525725487718219,1.17831037205447,123.9409714376,TRUE,-0.102469954309595,0.0176113116295209,1.4986911578237,2024-09-25 10:15:30,2024-09-25 10:16:12,19216.1560521992,"low r2, but also low flux - checked"
"752","2-Sep-SWH-UP-2",2024-09-25 10:10:28.5,229.861911450936,-0.500912311866684,2.14359021634676e-30,0.921461048280678,1.95957400882577,162.202350430899,-0.43527927531583,0.00914451020409101,18394.1669935182,0.321383244116678,1.48207581060767e-44,0.977564604493587,1.04733588795714,161.217779301831,0.979542838935343,1.01990206759861,162.206209103986,TRUE,-0.43571770146868,0.0102369833332712,1.18190373317841,2024-09-25 10:09:57,2024-09-25 10:10:55,18381.4834139276,NA
"753","2-Sep-SWH-UP-3",2024-09-25 10:24:39.5,NA,NA,NA,NA,NA,384.12773776696,1.65868960592776,0.0713800500393906,20129.2395792844,2.50864743270856,3.9552576974423e-29,0.912158987138162,8.17527526591691,326.9670246382,0.971698276332518,4.73234970302875,392.954855185585,TRUE,1.84419042022754,0.0258120014283738,2.57382741582303,2024-09-25 10:24:08,2024-09-25 10:25:06,20235.5678296894,NA
"754","2-Sep-SWH-UP-4",2024-09-25 10:19:41.5,NA,NA,NA,NA,NA,471.419834255014,8.1168338844917,0.160176858718648,20668.3120720206,5.6294057678877,6.12119253269096e-46,0.980151719965615,18.3453207238184,376.158722667784,0.996841969347334,7.4625750124188,471.851479347043,TRUE,8.20113794466828,0.16763797312728,20.6744960405295,2024-09-25 10:19:10,2024-09-25 10:20:08,20749.0993703027,NA
"755","2-Sep-SWH-UP-5",2024-09-25 10:28:53,530.951829996732,15.8085657715911,7.91299086654215e-27,0.924072121623824,65.8512202586487,252.962595149251,17.237214952156,0.0367919574086537,22012.1765969991,1.14469707337857,1.21927917364517e-84,0.999795027744951,3.42145422706424,247.348437688587,0.999832945837357,3.15983114002284,252.988426120895,TRUE,17.2412298304508,0.039839976500552,3.45898128294879,2024-09-25 10:28:25,2024-09-25 10:29:16,22064.8758304535,NA
