"","RepNumber","Month","Site","Zone","Replicate","Plot","TIMESTAMP","HM81_AIC","HM81_flux.estimate","HM81_p.value","HM81_r.squared","HM81_RMSE","lin_AIC","lin_flux.estimate","lin_flux.std.error","lin_int.estimate","lin_int.std.error","lin_p.value","lin_r.squared","lin_RMSE","poly_AIC","poly_r.squared","poly_RMSE","rob_AIC","rob_converged","rob_flux.estimate","rob_flux.std.error","rob_RMSE","TIMESTAMP_min","TIMESTAMP_max"
"1","1","Aug","GWI","TR","1","1_Aug_GWI_TR_1",2022-08-18 11:16:23.5,413.720181943688,2.78653424148527,7.57429039232081e-30,0.917560431490461,10.7522872634615,335.802910004586,2.33473923682084,0.0456300417624091,3548.22078298561,1.60366498844541,3.73782072512094e-46,0.980524581537326,5.22608420135767,331.632263672581,0.983259267638626,4.94125082628327,336.134233677176,TRUE,2.32081193585907,0.0439053936419382,5.45689177686079,2022-08-18 11:15:57,2022-08-18 11:16:50
"2","1","Aug","GWI","TR","2","1_Aug_GWI_TR_2",2022-08-18 11:21:23.5,468.158931942925,4.39933471806926,4.93934689489075e-31,0.925765752028934,17.799689273997,353.357333495368,4.09500502010537,0.0536835846426734,3664.0216200716,1.88670625361171,4.71914389392773e-55,0.991142451088093,6.1484697961519,349.206529700148,0.992383406147275,5.81443249718509,354.688179170188,TRUE,4.03760119658932,0.0433905182318458,4.38754306189531,2022-08-18 11:20:57,2022-08-18 11:21:50
"3","1","Aug","GWI","TR","3","1_Aug_GWI_TR_3",2022-08-18 11:25:55.5,530.396679808258,7.23837461033338,4.93567233225534e-32,0.932050758294023,31.6727422110523,369.774818598337,7.6368557329836,0.0624971539796823,3643.08510291632,2.19645860147481,1.23760833099512e-65,0.99652955763115,7.15790247889071,334.567769103552,0.998320954297954,5.07739892940887,369.787244038827,TRUE,7.63001910877234,0.0655594371735412,7.73007536541099,2022-08-18 11:25:29,2022-08-18 11:26:22
"4","1","Aug","GWI","TR","4","1_Aug_GWI_TR_4",2022-08-18 11:30:46.5,494.251974302872,6.19157651205873,1.34216914794719e-32,0.935365916296653,22.6641242483324,380.432201812418,5.59077695587165,0.0689788884704936,3678.24535011279,2.4242587582539,2.06654757669167e-56,0.992146429112273,7.9002662574777,359.962197867225,0.995008082535823,6.42330452216612,380.909304714158,TRUE,5.54960460403412,0.0646923702925218,8.70713399749342,2022-08-18 11:30:20,2022-08-18 11:31:13
"5","1","Aug","GWI","TR","5","1_Aug_GWI_TR_5",2022-08-18 11:36:54.5,441.710091687318,11.9719456783001,7.34773458987823e-50,0.985972670849622,13.9333372448755,507.129002815473,7.23045041058349,0.222943643856892,3934.81235827198,7.83534053971166,3.57015473120944e-36,0.952890775733972,25.5341045055423,389.449755592995,0.995051178669739,8.43985940472767,512.434850231499,TRUE,6.79617854323162,0.165353959083009,20.8723759928379,2022-08-18 11:36:28,2022-08-18 11:37:21
"6","1","Aug","GWI","UP","1","1_Aug_GWI_UP_1",2022-08-18 11:51:11.5,493.248325058265,5.14459045388752,4.96046454323143e-30,0.918889453081996,22.454481061995,340.768428583963,4.95212968854597,0.0477769513588855,3604.03832018066,1.67911799309427,6.23160602620591e-62,0.995183193221566,5.47197331060524,343.030408755207,0.99533575647229,5.49125530969584,341.193503014656,TRUE,4.98169776358858,0.0476901417594245,5.29951122262174,2022-08-18 11:50:45,2022-08-18 11:51:38
"7","1","Aug","GWI","UP","2","1_Aug_GWI_UP_2",2022-08-18 11:55:10.5,560.587912235979,11.764260603433,1.69577345692009e-33,0.940303553568646,41.8882304895013,427.234101048455,10.7669855785272,0.106394237056421,3579.62533291608,3.73921886436458,2.1510700870118e-61,0.994948135046316,12.1855080539095,372.962424289502,0.998282873339464,7.24495362821081,427.931087097883,TRUE,10.7006527741388,0.112730712869258,12.3310003321753,2022-08-18 11:54:44,2022-08-18 11:55:37
"8","1","Aug","GWI","UP","3","1_Aug_GWI_UP_3",2022-08-18 12:00:01.5,NA,NA,NA,NA,NA,371.659983340465,10.8831207788111,0.0635976327330085,3547.12913199991,2.23513485902518,3.20645635180158e-73,0.998227411863929,7.28394213181573,369.890969552193,0.998407018984071,7.04181380339366,371.67482376361,TRUE,10.8879091582606,0.0654066656035737,7.4814537630282,2022-08-18 11:59:35,2022-08-18 12:00:28
"9","1","Aug","GWI","UP","4","1_Aug_GWI_UP_4",2022-08-18 12:05:13.5,NA,NA,NA,NA,NA,355.201096157642,5.30199373401021,0.0546079318910462,3590.39253531263,1.91919238034155,1.83413505755267e-60,0.994514107035709,6.25433681631468,345.481687318137,0.995744906419008,5.61731564733945,355.329662915887,TRUE,5.31991108593679,0.0558462895393245,6.7787394176854,2022-08-18 12:04:47,2022-08-18 12:05:40
"10","1","Aug","GWI","UP","5","1_Aug_GWI_UP_5",2022-08-18 12:09:29.5,NA,NA,NA,NA,NA,352.676622648546,6.26860404042398,0.0533462876343349,3546.73293278127,1.87485197116779,9.39322790609957e-65,0.996248217709276,6.10983861155599,348.277493571438,0.996788649461239,5.7646301766936,352.774522367252,TRUE,6.2775352124536,0.0565904782388412,5.6049310280432,2022-08-18 12:09:03,2022-08-18 12:09:56
"11","1","Aug","MSM","TR","1","1_Aug_MSM_TR_1",2022-08-31 12:13:58.5,506.259743148107,6.4405344580998,4.64166495821114e-33,0.93794913755,25.3294129980322,380.189436331642,6.38290669327059,0.0688240098927742,3754.84058019613,2.41881556024321,1.96179727367538e-59,0.993990634917757,7.88252775764545,354.416869379464,0.996537554030327,6.10181991991953,381.994710480703,TRUE,6.30338413635679,0.063660909197469,5.20020349355356,2022-08-31 12:13:32,2022-08-31 12:14:25
"12","1","Aug","MSM","TR","2","1_Aug_MSM_TR_2",2022-08-31 12:26:00.5,528.328205484124,6.30263983228719,2.59175740925177e-28,0.905585190951592,31.0719009326473,342.784838071547,6.35715593266494,0.0486773481883993,3660.42420800474,1.71076238383835,3.9403120916037e-67,0.996960449474774,5.57509724965785,332.522460493231,0.997665981295772,4.98214771432696,342.840711162193,TRUE,6.34657974607151,0.0518548919798767,5.72562365428177,2022-08-31 12:25:34,2022-08-31 12:26:27
"13","1","Aug","MSM","TR","3","1_Aug_MSM_TR_3",2022-08-31 12:20:55.5,499.075059873749,9.61471167025703,5.78994014655307e-37,0.956071376577943,23.6992036054892,421.885950559801,7.08173911832938,0.101253928021189,3741.1690852405,3.55856302204661,4.11992467323375e-53,0.989481473073322,11.5967799528265,353.347495993581,0.99725485620662,6.0417002385665,424.155269104784,TRUE,6.95940497948723,0.0831284902508639,8.67275525843569,2022-08-31 12:20:29,2022-08-31 12:21:22
"14","1","Aug","MSM","TR","4","1_Aug_MSM_TR_4",2022-08-31 12:36:27.5,483.070939021461,7.52237278273182,3.77742118168823e-36,0.952788508492239,20.4351230850447,415.235891610849,5.88153519693035,0.0952073248565015,3677.39165488203,3.34605552874381,2.42823074424016e-50,0.986557346543218,10.9042524851685,377.399772474339,0.993805326570884,7.54882356939038,418.630356922187,TRUE,5.74399827631986,0.0796985268596755,7.23344347497406,2022-08-31 12:36:01,2022-08-31 12:36:54
"15","1","Aug","MSM","TR","5","1_Aug_MSM_TR_5",2022-08-31 12:32:06.5,489.47762210617,5.23261711563109,4.98252928627105e-33,0.937779990932334,21.6840350960131,379.027173973401,5.4512581868349,0.0680873184685627,3708.58026715921,2.39292458581791,3.8905250127979e-56,0.991953011129672,7.79815326959668,350.085028677606,0.995627835303372,5.86192142506675,379.635744195754,TRUE,5.43326828715327,0.0655331695317993,6.90873437184482,2022-08-31 12:31:40,2022-08-31 12:32:33
"16","1","Aug","MSM","UP","1","1_Aug_MSM_UP_1",2022-08-31 11:49:57.5,593.131146480482,10.7324405168564,1.33486543635104e-29,0.915747060249234,56.6182366288085,416.850294453181,12.2613873761428,0.0966411906978505,3754.66404319088,3.39644865483105,1.76430218201748e-66,0.996780058347405,11.0684755130447,413.793262839093,0.997174522241228,10.5736863514684,417.476194543761,TRUE,12.287011737825,0.0893118804680245,8.71644882111795,2022-08-31 11:49:31,2022-08-31 11:50:24
"17","1","Aug","MSM","UP","2","1_Aug_MSM_UP_2",2022-08-31 11:54:53.5,525.583335162933,7.67885652324319,1.94279405987262e-30,0.9217571264759,30.2921449960152,397.726461193095,6.793381727215,0.0809581637952635,3886.39636770864,2.84526964676699,3.44725799793036e-57,0.992669103135253,9.27227248627911,389.220468504809,0.994184624219029,8.42196034870628,398.243457065593,TRUE,6.73863812521121,0.0686025528813785,7.77490621428739,2022-08-31 11:54:27,2022-08-31 11:55:20
"18","1","Aug","MSM","UP","3","1_Aug_MSM_UP_3",2022-08-31 11:59:06.5,468.616355132172,4.19167068234248,1.98288469028733e-31,0.928322746488602,17.8752379526724,325.179661496976,4.19316269211712,0.0413553955594764,3762.05999396708,1.45343281269313,1.94772070994169e-61,0.994967391769317,4.73650189714106,313.374653210086,0.996244381272288,4.17271354387339,325.181549453255,TRUE,4.19144186799698,0.0436725533286165,4.81286844392745,2022-08-31 11:58:40,2022-08-31 11:59:33
"19","1","Aug","MSM","UP","4","1_Aug_MSM_UP_4",2022-08-31 12:03:50.5,NA,NA,NA,NA,NA,359.003971055937,13.7361973612521,0.0565650299887908,3985.64245989349,1.98797447163676,4.08890735308832e-81,0.999118984490241,6.47848650047203,350.808084567841,0.999297092375925,5.90129843264404,359.024087512472,TRUE,13.7437695833423,0.0618682289021433,7.274539785633,2022-08-31 12:03:24,2022-08-31 12:04:17
"20","1","Aug","MSM","UP","5","1_Aug_MSM_UP_5",2022-08-31 12:07:57.5,537.674109883609,8.94844413582938,7.15597962913944e-33,0.936908695756453,33.8805145005428,393.845643529742,8.47391911751059,0.078100700650656,3820.96527841097,2.744844281727,5.84471948718806e-63,0.995602250937803,8.94500250318877,364.131259509993,0.997644501485654,6.67610765253523,394.097084846062,TRUE,8.4416083603772,0.0837912534569309,7.73512059191127,2022-08-31 12:07:31,2022-08-31 12:08:24
"21","1","Jul","GWI","TR","1","1_Jul_GWI_TR_1",2022-07-12 14:02:52.5,422.366449282086,3.04914947923646,2.92010613054354e-31,0.927249244893129,11.6484896932905,318.438026669489,2.70463874658612,0.038852808045792,3513.93082056255,1.36547952969783,5.2472323468161e-53,0.989383187105029,4.44987640738411,314.606574796325,0.99081646708081,4.22058285360017,318.654897931473,TRUE,2.69043746843402,0.0401969153973632,4.78086187648923,2022-07-12 14:02:26,2022-07-12 14:03:19
"22","1","Jul","GWI","TR","2","1_Jul_GWI_TR_2",2022-07-12 14:38:54.5,472.778678972039,4.2909380548279,1.53866762502666e-30,0.922454714623827,18.5775978114251,371.020224177291,4.17555973145952,0.0632220133192,3466.43251645362,2.2219337380172,7.8449844970382e-52,0.988219492443228,7.24092181869726,364.724819509692,0.990264386843212,6.71290005720365,371.068104489373,TRUE,4.16198136496358,0.0680790227551184,7.48484343964064,2022-07-12 14:38:28,2022-07-12 14:39:21
"23","1","Jul","GWI","TR","3","1_Jul_GWI_TR_3",2022-07-12 14:43:16.5,NA,NA,NA,NA,NA,381.555722756378,4.69706391456955,0.0697002193826126,3444.36246108523,2.44960988843414,2.78585223784552e-52,0.988679277995328,7.98288148065468,348.229651965849,0.994328739979354,5.76207713884119,381.620904414469,TRUE,4.71120808536246,0.0728953463455799,6.77724260971959,2022-07-12 14:42:50,2022-07-12 14:43:43
"24","1","Jul","GWI","TR","4","1_Jul_GWI_TR_4",2022-07-12 14:34:23.5,502.616216960762,4.79612530980393,3.32058350972463e-28,0.904682780941102,24.4891444571596,325.806432551291,4.98516272279611,0.0415960967092184,3508.86252830569,1.46189223967612,3.38295138038718e-65,0.99639271572744,4.76406979818453,319.587082578863,0.997014676881291,4.41977614234519,325.810660869726,TRUE,4.98750678645399,0.0447140638692535,4.74302454119722,2022-07-12 14:33:57,2022-07-12 14:34:50
"25","1","Jul","GWI","TR","5","1_Jul_GWI_TR_5",2022-07-12 14:10:39.5,561.03086475881,9.54348772610596,2.13169367530404e-31,0.928123259238937,42.060384186412,398.291308499255,9.86023641819396,0.0813826896504812,3439.9766540109,2.86018958162586,1.92430270699848e-65,0.996470143453195,9.32089413507297,378.757182488048,0.997717114795675,7.64430054777898,398.330077432295,TRUE,9.86865438181846,0.0943407438529672,8.60663994874899,2022-07-12 14:10:13,2022-07-12 14:11:06
"26","1","Jul","GWI","UP","1","1_Jul_GWI_UP_1",2022-07-12 13:35:09.5,NA,NA,NA,NA,NA,345.970249549918,3.3561058347873,0.0501344473163269,3569.15499445237,1.76197204234182,3.92379943422969e-52,0.988529192012234,5.74198122429729,336.07777840717,0.99113121872713,5.14888752263477,346.008378745694,TRUE,3.35619434060732,0.0525560904261919,6.47276305809045,2022-07-12 13:34:43,2022-07-12 13:35:36
"27","1","Jul","GWI","UP","2","1_Jul_GWI_UP_2",2022-07-12 13:39:12.5,NA,NA,NA,NA,NA,400.024570750385,6.26004355038813,0.082699314837884,3512.94317100535,2.90646229219968,7.01281328448415e-55,0.991006495455432,9.47168939681792,375.967790951817,0.994650877101656,7.44939368357608,400.611487791785,TRUE,6.30974157440758,0.0857214667333308,7.92607995969704,2022-07-12 13:38:46,2022-07-12 13:39:39
"28","1","Jul","GWI","UP","3","1_Jul_GWI_UP_3",2022-07-12 13:43:09.5,NA,NA,NA,NA,NA,406.786764348981,7.25359660509864,0.0880429022086995,3561.90282739522,3.09426233901742,8.88560284029632e-57,0.992397248488493,10.0836993021036,360.70649333158,0.996992534202166,6.46772441287276,407.889366153682,TRUE,7.33201397270607,0.081121798798615,8.89075640121612,2022-07-12 13:42:43,2022-07-12 13:43:36
"29","1","Jul","GWI","UP","4","1_Jul_GWI_UP_4",2022-07-12 13:47:25.5,NA,NA,NA,NA,NA,382.209641849714,4.35208490183929,0.070123520929643,3497.60689644832,2.46448679505768,1.91413677780835e-50,0.986679753247466,8.03136290740561,324.329690743602,0.995765098075882,4.61818645971146,382.787043123532,TRUE,4.4003993191269,0.0643985184068322,8.57418849365014,2022-07-12 13:46:59,2022-07-12 13:47:52
"30","1","Jul","GWI","UP","5","1_Jul_GWI_UP_5",2022-07-12 13:51:51.5,NA,NA,NA,NA,NA,341.762546443008,5.19689042722543,0.0482187586547798,3503.35958593174,1.69464528311418,8.26045941898323e-63,0.995543350795924,5.5225742314008,335.561714396738,0.996310492844351,5.12434291886568,342.808182244604,TRUE,5.23632846910706,0.0427466647201277,4.69214992193655,2022-07-12 13:51:25,2022-07-12 13:52:18
"31","1","Jul","MSM","TR","1","1_Jul_MSM_TR_1",2022-07-14 09:47:17.5,482.781415025544,5.12298847369157,7.87013433237715e-32,0.930822045246538,20.3804144256069,345.573935642656,4.86539803272308,0.0499508124281851,3817.95212123772,1.75551820558437,1.5538830312483e-60,0.994548978670041,5.72094921664029,333.632493125093,0.99594240232575,5.03361868499572,345.653880767782,TRUE,4.85764552989631,0.0497987915048355,4.66977278303632,2022-07-14 09:46:51,2022-07-14 09:47:44
"32","1","Jul","MSM","TR","2","1_Jul_MSM_TR_2",2022-07-14 09:55:10.5,510.308489725048,8.82823963678855,3.12266846844646e-35,0.948796934909691,26.2969952549723,420.662616350285,7.28131932396387,0.100113478929709,3977.72155070721,3.5184820094402,5.49810077092798e-54,0.990265360283003,11.4661624309213,381.741386549812,0.995603305361033,7.85846946421017,426.996799040912,TRUE,7.06329364937256,0.0663271332202901,7.75353107605393,2022-07-14 09:54:44,2022-07-14 09:55:37
"33","1","Jul","MSM","TR","3","1_Jul_MSM_TR_3",2022-07-14 10:09:51.5,472.413814360369,9.97205027070051,2.21253563137419e-39,0.964532818956922,18.5149415979286,445.108514310665,6.12336046037912,0.125543867451046,3854.46488378606,4.41223143720929,4.28741745241492e-45,0.978609346236528,14.3787469158918,368.511526603423,0.995191345682946,6.95244335467673,445.690332419127,TRUE,6.05320706541508,0.117772287098495,14.0811759860595,2022-07-14 10:09:25,2022-07-14 10:10:18
"34","1","Jul","MSM","TR","4","1_Jul_MSM_TR_4",2022-07-14 10:05:59.5,425.134903941493,3.89015562702186,1.22899977276024e-33,0.941037322096859,11.9509451940469,343.74537124721,3.07846891202083,0.049112206951329,3884.04118999154,1.72604546809806,1.14992221447357e-50,0.986938211002655,5.62490234347306,322.34894860689,0.991838834624127,4.53425994070218,343.859929263006,TRUE,3.07521555097761,0.0473835181518634,4.85287023659176,2022-07-14 10:05:33,2022-07-14 10:06:26
"35","1","Jul","MSM","TR","5","1_Jul_MSM_TR_5",2022-07-14 10:00:33.5,445.531605156355,3.62452710545532,1.91285676766962e-31,0.928421658189876,14.4351862481094,330.785599069033,3.38254233089646,0.0435587119227376,3893.34362688075,1.53086822966313,1.87946046596238e-55,0.991450553868848,4.98885136674243,325.372604726305,0.992818187483564,4.66299850768148,330.979225771823,TRUE,3.39403443597643,0.0453363999494752,4.84797151180482,2022-07-14 10:00:07,2022-07-14 10:01:00
"36","1","Jul","MSM","UP","1","1_Jul_MSM_UP_1",2022-07-14 09:17:52.5,521.416944946627,6.12998801624593,1.73016511262744e-29,0.914903759801336,29.1457979766998,326.911599690473,6.28336659728518,0.0420239360888779,3899.26055147203,1.47692862814603,3.53194827518868e-70,0.997679385513341,4.81307095041664,329.227228507224,0.997750652989368,4.83243102441349,326.965880148703,TRUE,6.28845613929001,0.0438937333370299,4.63607602059928,2022-07-14 09:17:26,2022-07-14 09:18:19
"37","1","Jul","MSM","UP","2","1_Jul_MSM_UP_2",2022-07-14 09:22:25.5,478.101343426143,5.53437036569511,9.89358735655586e-34,0.941526596835866,19.516111714986,394.609729180913,5.04972638397461,0.0786552119653316,3859.23256255119,2.76433254749875,3.36431011545024e-51,0.987541152668789,9.00851160178196,349.069543642488,0.995022040061305,5.80706220769293,395.055923032421,TRUE,5.09152302972433,0.0846650131231888,9.0286982500819,2022-07-14 09:21:59,2022-07-14 09:22:52
"38","1","Jul","MSM","UP","3","1_Jul_MSM_UP_3",2022-07-14 09:30:20.5,368.471395756114,4.25711094760341,6.06461850206146e-43,0.974123661637823,7.07203488500912,413.474979083166,2.68434405635739,0.0936675803253036,3905.85954175633,3.29194130266684,1.58712136277723e-33,0.940455218147962,10.7279029957132,348.9698460504,0.983254742381138,5.80170403195673,414.273692866236,TRUE,2.60889757656758,0.0969063880431854,9.10577716304602,2022-07-14 09:29:54,2022-07-14 09:30:47
"39","1","Jul","MSM","UP","4","1_Jul_MSM_UP_4",2022-07-14 09:35:11.5,635.277657476694,19.0258542090133,1.00222114134217e-30,0.923720896398899,83.6445779818911,436.040012198711,19.0500860660904,0.115432694302063,3949.86871010933,4.0568748838324,2.10502080203644e-72,0.998094369346367,13.2206975210165,429.001326711635,0.998446682596815,12.1725558997211,437.714435781566,TRUE,18.9249660526232,0.0931376285606649,9.72079931440816,2022-07-14 09:34:45,2022-07-14 09:35:38
"40","1","Jul","MSM","UP","5","1_Jul_MSM_UP_5",2022-07-14 09:40:22.5,514.678261531968,7.28672090829368,4.27089025846019e-30,0.919354296756879,27.3828124537628,382.626015075367,6.04978745725141,0.0703943904832004,3877.12338744046,2.47400648872216,1.00386988508461e-57,0.993008790633089,8.06238604566714,383.93612921368,0.993348510237578,8.01980056335175,382.802156266266,TRUE,6.02151284509601,0.0575619279749284,6.40065975728802,2022-07-14 09:39:56,2022-07-14 09:40:49
"41","1","May","GWI","TR","1","1_May_GWI_TR_1",2022-05-05 12:46:04.5,398.148076899259,5.34072601293677,2.3023259163486e-40,0.967487214282823,9.30854078609301,428.333297857371,3.15659148523139,0.107482620063353,4056.18558016945,3.77747001765792,4.7792645069053e-34,0.943138471256872,12.3101623609814,370.626228016143,0.981864062330264,7.08991766933886,428.428807876613,TRUE,3.15098703480082,0.112098409529921,12.534197437802,2022-05-05 12:45:38,2022-05-05 12:46:31
"42","1","May","GWI","TR","2","1_May_GWI_TR_2",2022-05-05 12:50:03.5,502.452028884119,4.7102713838289,7.704936699117e-16,0.716268706434101,24.4519428763704,500.132657284448,2.4663825033418,0.208958996610715,4111.30015826531,7.34385097936398,2.50246983351326e-16,0.728197332751927,23.9324197116657,492.390345128894,0.781316366423611,21.8919558612562,500.354229659897,TRUE,2.37741004384762,0.205295046793517,24.2359606896477,2022-05-05 12:49:37,2022-05-05 12:50:30
"43","1","May","GWI","TR","3","1_May_GWI_TR_3",2022-05-05 12:53:24.5,509.829768464244,11.5257392106768,3.16353366559989e-37,0.957079987008969,26.180689041744,493.646750696531,7.82903969295824,0.196779409697365,4029.85219494236,6.91580015249056,1.29961766561006e-40,0.968194071404646,22.5374714651059,421.520887171321,0.992232763076802,11.3579799057598,493.647117898476,TRUE,7.83031183540293,0.206665551459642,28.6249648756929,2022-05-05 12:52:58,2022-05-05 12:53:51
"44","1","May","GWI","TR","4","1_May_GWI_TR_4",2022-05-05 12:41:34.5,417.10623232596,4.44512635430337,1.15077458073153e-34,0.946165490849297,11.0947366367341,394.635019325659,2.95673147397512,0.0786736326562346,4046.02677885765,2.76497994153836,2.28111999544155e-39,0.964491179816834,9.01062135399757,370.584883113868,0.978877598608993,7.08720400404736,394.929947803073,TRUE,2.91684086029197,0.0773313692878542,8.83446590862799,2022-05-05 12:41:08,2022-05-05 12:42:01
"45","1","May","GWI","TR","5","1_May_GWI_TR_5",2022-05-05 12:36:51.5,504.346039611244,10.4305786636572,2.21169068014125e-27,0.89748655235414,24.8845421217511,527.850733192718,4.48913229326752,0.270098550770398,4090.12186814636,9.49259681934299,1.87519709789595e-22,0.841577408886254,30.9348340363266,416.902273848076,0.981148529587316,10.8824960786063,529.371835013507,TRUE,4.76783991006698,0.269035200180565,29.7397317610439,2022-05-05 12:36:25,2022-05-05 12:37:18
"46","1","May","GWI","TR","6","1_May_GWI_TR_6",2022-05-05 12:33:06.5,467.23962846342,10.0191916683824,1.17853556847205e-40,0.968313410602169,17.6488201015456,466.218875166089,6.14462034701511,0.152646004282088,4131.55340898565,5.36473435566606,7.20726323751857e-41,0.968906751513639,17.4827995015378,404.728328189356,0.990753891149859,9.72241374231251,466.39204127841,TRUE,6.12378546199088,0.162372149934982,17.0535290720504,2022-05-05 12:32:40,2022-05-05 12:33:33
"47","1","May","GWI","TR","7","1_May_GWI_TR_7",2022-05-05 12:25:43.5,535.162847597585,8.95202557622404,3.23176228272794e-33,0.938806164540457,33.1017988577096,419.638893137438,8.39467294400443,0.0991689948242215,4121.24239543952,3.48528817411566,2.1935835874794e-57,0.992795441384914,11.3579891031864,393.494520513778,0.995877396653628,8.76193856031856,419.716406946467,TRUE,8.36760470368019,0.107066820035766,11.5952845856126,2022-05-05 12:25:17,2022-05-05 12:26:10
"48","1","May","GWI","TR","8","1_May_GWI_TR_8",2022-05-05 12:28:57.5,534.821733891572,9.40804659475201,1.6392866318227e-32,0.934867520074053,32.9974130780622,413.565931492275,8.11249759942987,0.093746495884214,4116.3308390546,3.29471478509158,7.02863570045811e-58,0.993103972465482,10.7369413252815,391.18306107142,0.995769272975399,8.57640454574991,414.586231797028,TRUE,8.02939445252619,0.0924033798171254,8.51012086778063,2022-05-05 12:28:31,2022-05-05 12:29:24
"49","1","May","GWI","UP","1","1_May_GWI_UP_1",2022-05-05 12:02:24.5,499.162688444933,9.1987742347001,1.78708118090653e-35,0.949883264287805,23.7184403654991,503.344537887007,6.48756210939727,0.215266690303955,4029.76941683892,7.56553448310384,1.34115008902503e-34,0.945847905364433,24.6548503096671,464.566345741838,0.975477086843629,16.9198862800989,503.505919673556,TRUE,6.51745594434353,0.225672487746521,26.8604776616939,2022-05-05 12:01:58,2022-05-05 12:02:51
"50","1","May","GWI","UP","2","1_May_GWI_UP_2",2022-05-05 12:19:13.5,475.906616676885,10.386505320022,3.03907485571789e-40,0.967138395125999,19.1235167708433,462.558385614822,6.55622328920896,0.147559003775112,4098.04770724718,5.18595203826828,4.89794856083083e-43,0.974335326173479,16.9001769144223,377.454158434157,0.995071487561427,7.55262591572154,462.582115010008,TRUE,6.5365474831578,0.156217989624774,20.4482412091324,2022-05-05 12:18:47,2022-05-05 12:19:40
"51","1","May","GWI","UP","3","1_May_GWI_UP_3",2022-05-05 11:59:05.5,513.091659448357,6.71210561010516,1.7031428652257e-31,0.928740180746066,26.9834785680502,403.643096692189,6.33436888013573,0.0855170855451102,4101.62253495026,3.00549266898904,2.14570962444014e-54,0.990611294845256,9.79441333936349,390.457206925367,0.99317050884315,8.51895689633998,403.956673028005,TRUE,6.28764231918038,0.0900716361160218,9.26619919420603,2022-05-05 11:58:39,2022-05-05 11:59:32
"52","1","May","GWI","UP","5","1_May_GWI_UP_5",2022-05-05 12:15:30.5,460.686877213944,5.56932242783132,6.06546450862399e-33,0.937308134451089,16.6098402967544,402.705603199775,4.13174310104531,0.0847779674824902,4086.75612473339,2.97951641050734,4.46383916757535e-45,0.97857615815882,9.70976092440166,380.850594598878,0.986727317826336,7.7939188047782,402.716592607113,TRUE,4.12978243747449,0.0912162646807487,9.80448605113304,2022-05-05 12:15:04,2022-05-05 12:15:57
"53","1","May","GWI","UP","6","1_May_GWI_UP_6",2022-05-05 12:12:10.5,460.222842114963,6.84150777706048,2.57606515628189e-38,0.961023758360713,16.5386272007713,436.490383376795,5.2077763430931,0.115915065654884,4084.35041530913,4.07382779511781,2.78866259572459e-43,0.974885074894631,13.2759443103859,376.513140823928,0.992319393279143,7.48710479574076,436.522212329231,TRUE,5.19398660418524,0.118804798846241,16.341775444158,2022-05-05 12:11:44,2022-05-05 12:12:37
"54","1","May","GWI","UP","7","1_May_GWI_UP_7",2022-05-05 12:09:02.5,501.419737112785,4.67119339960293,7.00163356140462e-30,0.91780891662637,24.219338336637,391.273416065768,5.2904458887215,0.0762625587651516,4015.90286052978,2.68024289913508,6.27221341725615e-53,0.989310091823369,8.73447707089337,391.597567123177,0.990013553150894,8.60938419710951,391.350272503867,TRUE,5.27015504208162,0.076080597524528,8.65596827227676,2022-05-05 12:08:36,2022-05-05 12:09:29
"55","1","May","GWI","UP","8","1_May_GWI_UP_8",2022-05-05 12:05:47.5,500.756231824933,9.57803665647241,1.98747203764448e-37,0.95783987092345,24.0710013230307,502.601575807559,7.21827226541124,0.213790892817769,4150.10904623864,7.51366767195877,4.83605160019733e-37,0.956374231233079,24.4858247811103,461.861128050784,0.98094896954528,16.5013355683467,504.503475952324,TRUE,6.95035600281811,0.173505037897664,17.5190918277523,2022-05-05 12:05:21,2022-05-05 12:06:14
"56","1","May","MSM","TR","1","1_May_MSM_TR_1",2022-05-01 19:03:14.5,NA,NA,NA,NA,NA,525.439630168939,1.83926838186977,0.264135404437365,4054.61976435007,9.28302241121393,5.66142114894325e-09,0.482526831449607,30.2518650177201,497.009096061897,0.716165242466272,22.848499994214,526.39969378122,TRUE,2.08415988056619,0.290545750260756,24.5790547111235,2022-05-01 19:02:48,2022-05-01 19:03:41
"57","1","May","MSM","TR","2","1_May_MSM_TR_2",2022-05-01 18:59:38.5,503.154249896225,7.5757244997418,1.32574181923119e-31,0.929422496099767,24.6114485383902,466.388727725952,5.72770279153091,0.152886260887011,3922.72438962716,5.37317815914895,2.67258232837928e-39,0.964274366764716,17.5103164881274,400.762887394396,0.990159553998606,9.37190956062968,466.41502087707,TRUE,5.74704725397103,0.161141930433523,19.421216988155,2022-05-01 18:59:12,2022-05-01 19:00:05
"58","1","May","MSM","TR","3","1_May_MSM_TR_3",2022-05-01 18:55:30.5,NA,NA,NA,NA,NA,379.477568776409,3.48598897042604,0.0683718574249085,3842.53043279455,2.40292468979582,4.47822136650819e-46,0.980388788693865,7.83074198718261,380.899392796944,0.981303106099267,7.79744116708883,379.500551560038,TRUE,3.4816053687562,0.072584181726276,8.7560073267877,2022-05-01 18:55:04,2022-05-01 18:55:57
"59","1","May","MSM","TR","4","1_May_MSM_TR_4",2022-05-01 18:38:03.5,414.601536959712,2.75945091226238,2.04648285648038e-18,0.773820212202243,10.840392406615,399.983378349591,1.30547331050305,0.0826677784142693,3950.4576191781,2.90535394654716,1.73935102662475e-21,0.827460954201293,9.46807747802814,403.413485522956,0.829272282445587,9.60476611810811,400.003732278297,TRUE,1.31400474191103,0.084405182602264,11.4546694494265,2022-05-01 18:37:37,2022-05-01 18:38:30
"60","1","May","MSM","TR","5","1_May_MSM_TR_5",2022-05-01 18:41:59.5,450.542457130894,3.88599073115391,8.18779701420962e-28,0.901322837645762,15.1207125068472,427.813960804504,2.93087692690326,0.10696701161383,3893.6015437072,3.75934899066977,1.42178553216743e-32,0.935222685635748,12.2511088719188,407.671242932264,0.958575682521998,9.9909843928135,427.99694019572,TRUE,2.93413703373265,0.106644516682348,11.9334417224027,2022-05-01 18:41:33,2022-05-01 18:42:26
"61","1","May","MSM","TR","6","1_May_MSM_TR_6",2022-05-01 18:46:14.5,465.824045158378,4.99907158340191,2.25379541728882e-32,0.934066153773518,17.41900198671,387.548974566664,4.237980519345,0.0736774319768836,3930.43189405616,2.5893887784524,9.42410395916313e-49,0.984526737023956,8.43839822141479,378.907269813453,0.987756344045396,7.65493119779702,387.933659385913,TRUE,4.27915940725582,0.0830061438437048,6.89012717435609,2022-05-01 18:45:48,2022-05-01 18:46:41
"62","1","May","MSM","TR","7","1_May_MSM_TR_7",2022-05-01 18:49:48.5,453.293334840852,35.5839439525918,1.53303571157879e-35,0.950177670154796,15.5108004270518,520.478589470659,3.97906389823413,0.252276650611639,3903.11195227076,8.86624724331176,1.83308654018061e-21,0.827113613031927,28.8936623156688,436.032396971953,0.966392737066232,12.9913844581829,520.687099809333,TRUE,3.88165923787147,0.253614819461843,27.9366280043914,2022-05-01 18:49:22,2022-05-01 18:50:15
"63","1","May","MSM","TR","8","1_May_MSM_TR_8",2022-05-01 19:07:00.5,NA,NA,NA,NA,NA,526.760113457856,4.55993280607925,0.267384731817876,3869.61796359447,9.39721982052717,6.02673729888999e-23,0.848322650887057,30.6240158602888,524.305275890792,0.865411559586385,29.4186220014678,531.475998116613,TRUE,4.96188721387788,0.141612913539651,16.235190246415,2022-05-01 19:06:34,2022-05-01 19:07:27
"64","1","May","MSM","UP","2","1_May_MSM_UP_2",2022-05-02 14:33:49.5,312.065159526777,6.52695670680603,9.16874079477164e-19,0.88897749686691,13.9470529669297,329.035885101478,3.37760057768994,0.257944125708001,4196.82933005911,6.68916311368138,2.94021501088869e-15,0.826473391084741,17.4365268444093,311.753510927013,0.900886220820099,13.5598770803553,329.119788703202,TRUE,3.33431723190852,0.266635938547121,14.4870444243447,2022-05-02 14:33:31,2022-05-02 14:34:08
"65","1","May","MSM","UP","3","1_May_MSM_UP_3",2022-05-02 14:36:53.5,NA,NA,NA,NA,NA,402.388702111557,2.62955084740279,0.0845295707019448,3838.80809222153,2.97078652105693,2.80843164663947e-35,0.949005175116397,9.68131163002591,400.327548945509,0.954419473377558,9.33420825836308,402.566793924684,TRUE,2.63547288515372,0.082679752744626,9.4263119681079,2022-05-02 14:36:27,2022-05-02 14:37:20
"66","1","May","MSM","UP","4","1_May_MSM_UP_4",2022-05-02 14:40:12.5,406.77657828287,4.09891731922826,3.45346512413028e-34,0.943843843165372,10.0827482985465,388.306406320361,2.62492642718654,0.0741959669249116,3867.02286777309,2.60761265704904,4.70421773190941e-38,0.96011117923074,8.49778688719447,362.026129140582,0.977232132318829,6.54723735695276,388.307713226676,TRUE,2.62517928240803,0.0742157511523245,8.05799019134467,2022-05-02 14:39:46,2022-05-02 14:40:39
"67","1","May","MSM","UP","5","1_May_MSM_UP_5",2022-05-02 14:43:34.5,479.641138114094,4.67424121399633,2.46289125767521e-32,0.933841076618877,19.7963529132898,486.871593679545,4.65895140099401,0.184814093214042,3877.08097695276,6.4952798465946,8.04443479224527e-31,0.924362128546119,21.1670639655175,469.067741063488,0.949489458631623,17.6400029785863,487.045405919446,TRUE,4.59120336886813,0.199344673321141,21.2497778582574,2022-05-02 14:43:08,2022-05-02 14:44:01
"68","1","May","MSM","UP","6","1_May_MSM_UP_6",2022-05-02 14:47:13.5,464.90156474761,6.85897837631817,3.51075237053702e-31,0.926732728329681,17.2708514510898,489.948743215125,3.77603882542638,0.190155573232844,3835.24323546153,6.68300583065648,6.20638998413199e-26,0.883493082478339,21.7788325122893,445.706663795591,0.952316815572862,14.2088207088111,490.002930878584,TRUE,3.79152583130795,0.194541224074885,25.637599397643,2022-05-02 14:46:47,2022-05-02 14:47:40
"69","1","May","MSM","UP","7","1_May_MSM_UP_7",2022-05-02 14:50:49.5,488.257903758608,4.91927614607115,3.37742787187217e-32,0.933033725565987,21.4405200401962,431.503514284908,5.15512761474319,0.110684411965352,3822.14471315472,3.88999679552631,4.48176499235901e-44,0.976589563820251,12.6768688865243,376.897407911933,0.992091930867547,7.51379157669136,431.750613244242,TRUE,5.19894827296944,0.114750234426882,14.8128421937123,2022-05-02 14:50:23,2022-05-02 14:51:16
"70","1","May","MSM","UP","8","1_May_MSM_UP_8",2022-05-02 14:54:28.5,468.067553343972,7.03792804756815,8.3355391329238e-35,0.946828417199911,17.7846353594799,462.575468171005,4.73797772125147,0.147582345296719,3832.45597000055,5.18677237459783,5.90720704821642e-36,0.95197033625283,16.9028502575224,379.015989925239,0.990508971391747,7.66264104977116,463.158032506196,TRUE,4.8277602547401,0.15047473692873,15.2098518248184,2022-05-02 14:54:02,2022-05-02 14:54:55
"71","1","Nov","GCW","TR","1","1_Nov_GCW_TR_1",2022-11-15 10:37:42.5,NA,NA,NA,NA,NA,340.476533897068,1.3603367383326,0.0476479975689144,4109.17671639436,1.67458592014152,1.91089110914708e-33,0.940029031358098,5.45720401961966,331.8279212092,0.952552348915772,4.95021072661512,340.535535032288,TRUE,1.35379092045902,0.0501143242697808,5.96011031329941,2022-11-15 10:37:16,2022-11-15 10:38:09
"72","1","Nov","GCW","TR","2","1_Nov_GCW_TR_2",2022-11-15 10:41:23.5,413.620252336893,2.41169355048285,1.96984646193584e-29,0.914478805830559,10.7423430514136,365.339502597356,2.2719942090556,0.0599825255296494,4177.67679415945,2.10808214051815,1.53983479749304e-39,0.96502350473237,6.86989792076586,360.171915009776,0.970484777960652,6.43578957597476,365.340282298623,TRUE,2.27162743005628,0.0603987478276208,6.39623688478397,2022-11-15 10:40:57,2022-11-15 10:41:50
"73","1","Nov","GCW","TR","3","1_Nov_GCW_TR_3",2022-11-15 10:44:58.5,438.711434172987,4.18950232525619,3.70254655968274e-31,0.926582904842431,13.5517946390288,397.782962043297,3.09436611159625,0.0810005286267947,4167.89589954893,2.84675855614432,1.00358987213678e-39,0.965594303607065,9.27712460054873,384.678461405063,0.974935007996895,8.0751141107672,397.799148332872,TRUE,3.08778231063527,0.0812101897852394,11.4263343475585,2022-11-15 10:44:32,2022-11-15 10:45:25
"74","1","Nov","GCW","TR","4","1_Nov_GCW_TR_4",2022-11-15 10:48:33.5,NA,NA,NA,NA,NA,393.958981116212,2.41102693294679,0.0781827042723869,4197.80556292205,2.74772629392809,4.31697681949704e-35,0.948155785828867,8.95439451370266,397.919879578456,0.948193312768289,9.12842091676515,393.95898415178,TRUE,2.41111798180613,0.0796898383868536,11.6167593860498,2022-11-15 10:48:07,2022-11-15 10:49:00
"75","1","Nov","GCW","TR","5","1_Nov_GCW_TR_5",2022-11-15 10:51:59.5,NA,NA,NA,NA,NA,419.928776346408,1.85594079392013,0.0994355322457887,4166.81698851339,3.49465561526996,1.0540431696318e-24,0.870121252995734,11.3885160752014,423.520483605387,0.871099560034747,11.5702292372271,419.971791411407,TRUE,1.86328938211638,0.106597310291654,13.0824373220336,2022-11-15 10:51:33,2022-11-15 10:52:26
"76","1","Nov","GCW","UP","1","1_Nov_GCW_UP_1",2022-11-15 10:56:47.5,387.622157007313,1.87890037150185,3.17596597356148e-11,0.574721046713694,8.44411814597406,394.123372131851,0.588064486693395,0.0783017998353274,4206.65556048847,2.7519119001031,7.61276156759641e-10,0.520310899400722,8.96803472563094,383.064456306008,0.637048442344577,7.95533289925824,394.417890992782,TRUE,0.626335241960107,0.0780969504922584,8.97424966975107,2022-11-15 10:56:21,2022-11-15 10:57:14
"77","1","Nov","GCW","UP","2","1_Nov_GCW_UP_2",2022-11-15 11:11:52.5,444.964245331626,2.98893797451528,2.0739282416397e-29,0.914309569496613,14.3595522655875,399.85492335505,3.03058642157088,0.0825695119664378,4161.86868828706,2.90190037833114,7.47191243189432e-39,0.962834409663736,9.45682285912576,397.26107209581,0.967106502771781,9.07290641003523,399.857549048554,TRUE,3.03338218834905,0.0887279184639227,10.6262172708516,2022-11-15 11:11:26,2022-11-15 11:12:19
"78","1","Nov","GCW","UP","3","1_Nov_GCW_UP_3",2022-11-15 11:18:57.5,402.831100660546,1.42186573764033,1.04977373495136e-18,0.779523759584913,9.72105035589244,395.522381367043,1.17128268488863,0.0793227028511237,4165.75251631286,2.78779147329209,3.05856565306983e-20,0.807433166154764,9.08496043763778,396.434665209352,0.818135236454214,9.00374623715722,395.533373450541,TRUE,1.17652850580033,0.0843503199645285,9.11117502504116,2022-11-15 11:18:31,2022-11-15 11:19:24
"79","1","Nov","GCW","UP","4","1_Nov_GCW_UP_4",2022-11-15 11:22:31.5,NA,NA,NA,NA,NA,413.695904794102,2.44392692026569,0.093859383628008,4158.47794470148,3.29868221784761,1.68726916719784e-31,0.928765804172364,10.7498705454089,416.808790290064,0.929926482899039,10.8730803907916,413.711489279116,TRUE,2.45383870196412,0.0940739165183682,13.6321852555372,2022-11-15 11:22:05,2022-11-15 11:22:58
"80","1","Nov","GCW","UP","5","1_Nov_GCW_UP_5",2022-11-15 11:04:13.5,477.076434433435,3.2727315802309,1.45914693778383e-25,0.879608543816466,19.3317818231892,402.295577081041,3.4546517490469,0.084456714905514,4194.68374842147,2.9682260086088,3.21145396567424e-41,0.969858050375754,9.67296733508341,402.808944668997,0.971742734515294,9.5511526678144,402.398450156189,TRUE,3.47403902951383,0.0841461466812755,9.64314954767624,2022-11-15 11:03:47,2022-11-15 11:04:40
"81","1","Nov","GWI","TR","1","1_Nov_GWI_TR_1",2022-11-17 12:42:21.5,349.488496490815,1.6530236896224,2.57205123298857e-16,0.727912422965155,5.9321141807847,337.316925952084,0.633522954629886,0.0462742187874186,4031.20261523536,1.62630455004712,7.0812246787825e-19,0.782820427484421,5.29986286215331,340.894783411874,0.784511599955141,5.38373609446029,337.70721824697,TRUE,0.616489658533307,0.0450128212742395,5.17961892901218,2022-11-17 12:41:55,2022-11-17 12:42:48
"82","1","Nov","GWI","TR","2","1_Nov_GWI_TR_2",2022-11-17 12:46:12.5,NA,NA,NA,NA,NA,381.218214857636,0.821246524045525,0.0694827410941829,4070.55401199252,2.44196662747204,2.3746017878238e-16,0.7287413692644,7.95797333235145,384.96860758831,0.729992330030536,8.09683738474827,381.296783823929,TRUE,0.807950624262307,0.0718916946583857,7.9094974084563,2022-11-17 12:45:46,2022-11-17 12:46:39
"83","1","Nov","GWI","TR","3","1_Nov_GWI_TR_3",2022-11-17 12:49:57.5,433.40739809326,3.76224598470832,6.2806720891011e-23,0.848082485669499,12.9023251467233,393.962521521613,2.00649770299729,0.0781852672631776,4088.61843089443,2.74781637008051,3.39947793258996e-31,0.926823302697953,8.95468805727971,397.942259147508,0.926850755577004,9.13031268800614,393.977829193771,TRUE,2.01056446832875,0.0812911498985802,10.7480018549023,2022-11-17 12:49:31,2022-11-17 12:50:24
"84","1","Nov","GWI","TR","4","1_Nov_GWI_TR_4",2022-11-17 12:54:28.5,428.027440218965,2.3973261508926,9.53934855706495e-18,0.760103784778743,12.2753491135149,404.091353240485,1.45138874508411,0.0858727638414488,4096.96350924062,3.01799296066,8.95718518599875e-23,0.846001090185125,9.83514976329532,407.831542039842,0.84674024840488,10.0058245318716,404.106553253305,TRUE,1.44423225363729,0.0879858285089469,8.65127982785067,2022-11-17 12:54:02,2022-11-17 12:54:55
"85","1","Nov","GWI","TR","5","1_Nov_GWI_TR_5",2022-11-17 12:58:07.5,NA,NA,NA,NA,NA,403.041482814838,1.78393898797372,0.0850420370740954,4084.96190296477,2.98879711993064,4.88903539393793e-27,0.894317650277624,9.7400052517668,406.239743001015,0.895875129093548,9.85943137064973,403.04168761786,TRUE,1.78406277652067,0.0904920552896584,12.1401978799847,2022-11-17 12:57:41,2022-11-17 12:58:34
"86","1","Nov","GWI","UP","1","1_Nov_GWI_UP_1",2022-11-17 13:03:20.5,446.804223065097,2.23312338859456,5.97533882635789e-20,0.80243124425522,14.6062893699993,399.813799435003,1.98152428758971,0.0825380773774501,4120.48028956253,2.90079561165027,8.36834175108975e-30,0.917244239599561,9.45322260362434,399.879143898116,0.923059712615,9.29553391381947,399.929430591929,TRUE,1.9631724005161,0.0889565501838803,10.5709176665481,2022-11-17 13:02:54,2022-11-17 13:03:47
"87","1","Nov","GWI","UP","2","1_Nov_GWI_UP_2",2022-11-17 13:08:05.5,469.758720883918,3.20427061305647,6.54440088790447e-26,0.883255786728049,18.0653160787321,409.918600812641,3.26413735127226,0.0906333916631195,4118.55720671378,3.1853049302695,1.92899167630053e-38,0.961454669722029,10.3803923466118,410.682985849718,0.963696427119107,10.2735192093682,409.966669663517,TRUE,3.28127475523032,0.0969271315402647,10.8946620300305,2022-11-17 13:07:39,2022-11-17 13:08:32
"88","1","Nov","GWI","UP","3","1_Nov_GWI_UP_3",2022-11-17 13:30:24.5,NA,NA,NA,NA,NA,407.450405562783,4.28295816898078,0.0885855761389268,4177.07053045189,3.11333458064672,6.70345446462651e-45,0.978238616178241,10.1458526454649,411.435546120602,0.97824460354006,10.3453566353206,407.450405562783,TRUE,4.28295816898078,0.0885855761389268,14.571821119475,2022-11-17 13:29:58,2022-11-17 13:30:51
"89","1","Nov","GWI","UP","4","1_Nov_GWI_UP_4",2022-11-17 13:20:09.698113,NA,NA,NA,NA,NA,393.499119963444,2.93956470124318,0.0836926235285472,4132.08885493601,2.95915973168491,2.10628881878266e-37,0.960300446390885,9.54432447804162,396.224639878978,0.961243706733876,9.62078587009989,393.569655290151,TRUE,2.95911084414725,0.0872365022526844,11.1900168472118,2022-11-17 13:19:43,2022-11-17 13:20:36
"90","1","Nov","GWI","UP","5","1_Nov_GWI_UP_5",2022-11-17 13:15:52.5,NA,NA,NA,NA,NA,415.507571506812,2.39093435949284,0.0954471255691968,4110.1730598631,3.35448330992262,1.09077378580595e-30,0.923472469685197,10.9317172576667,408.779071705329,0.937261541849336,10.0939960788018,415.510637062101,TRUE,2.39135089068046,0.10496454419092,11.4398233682711,2022-11-17 13:15:26,2022-11-17 13:16:19
"91","1","Oct","GWI","TR","1","1_Oct_GWI_TR_1",2022-10-14 11:17:55.5,NA,NA,NA,NA,NA,397.823379619219,1.14181334594499,0.0986651990604319,4018.29771126991,3.35389121018569,9.42599759835653e-16,0.728150326389854,10.678200424018,395.311335290434,0.760149066187559,10.2369068250866,397.839218204164,TRUE,1.1364652138408,0.10477003279307,12.2003119995479,2022-10-14 11:17:30,2022-10-14 11:18:21
"92","1","Oct","GWI","TR","3","1_Oct_GWI_TR_3",2022-10-14 11:01:25.5,457.178949204933,2.97217956567287,5.49746388223121e-23,0.848856186601625,16.0790067697928,410.624626100297,2.51952767744649,0.0912278276000469,3919.79284395596,3.20619634441476,9.66150078732689e-33,0.936176931792839,10.4484740782673,412.855001192041,0.938234567456842,10.4822241799849,410.645146245318,TRUE,2.53153456392294,0.0998849739752261,11.7557685741086,2022-10-14 11:00:59,2022-10-14 11:01:52
"93","1","Oct","GWI","TR","4","1_Oct_GWI_TR_4",2022-10-14 11:13:41.5,449.755257975076,6.08972472229993,2.067270034535e-37,0.957776041874591,15.0109001225335,433.316242541419,4.527239135878,0.112557875401181,4091.30197763486,3.95583955181426,7.50790311858366e-41,0.968857869642991,12.891439754436,402.809922630843,0.983562658751075,9.55123915582544,433.932538816224,TRUE,4.45840449788088,0.114334091379055,10.5517607988044,2022-10-14 11:13:15,2022-10-14 11:14:08
"94","1","Oct","GWI","TR","5","1_Oct_GWI_TR_5",2022-10-14 10:56:02.5,438.39475107583,2.63445681580643,6.24447136311521e-26,0.883465734868818,13.512115579916,381.683164740815,2.4408091254712,0.0697825154680823,3951.45978405207,2.45250217925519,8.31152642452687e-38,0.959229010399487,7.99230698752461,384.880672852955,0.959830426601478,8.09024753775659,381.71903155584,TRUE,2.43567667676415,0.0712397025743601,8.37731012076703,2022-10-14 10:55:36,2022-10-14 10:56:29
"95","1","Oct","GWI","UP","1","1_Oct_GWI_UP_1",2022-10-14 11:23:45.5,NA,NA,NA,NA,NA,396.712868498922,3.73362768003519,0.0802019161994967,3925.00297790126,2.81869137190496,4.59145330400705e-44,0.97656779196215,9.18565819753639,395.244932773059,0.978824318613207,8.90510491472791,396.76832131589,TRUE,3.73680512488136,0.084797121767344,9.6714895868902,2022-10-14 11:23:19,2022-10-14 11:24:12
"96","1","Oct","GWI","UP","2","1_Oct_GWI_UP_2",2022-10-14 11:27:28.5,501.64038848507,5.31474784354501,1.11748045489229e-31,0.929884231093857,24.2688706798665,407.173783541229,5.73527384280575,0.0883589709002876,3979.29516244596,3.10537055358542,1.91517036246638e-51,0.987808168912925,10.1198991724489,400.66967686925,0.989963327344546,9.36382452588528,407.417792184421,TRUE,5.69636662629731,0.0903901127919949,10.8173043263278,2022-10-14 11:27:02,2022-10-14 11:27:55
"97","1","Oct","GWI","UP","3","1_Oct_GWI_UP_3",2022-10-14 11:31:45.5,528.03693897591,9.18783086402224,8.32195071231146e-33,0.936541800016146,30.9882156433031,418.621378566589,7.71266646191258,0.0982390684584149,4007.64845672466,3.45260596964955,1.06899340965087e-55,0.991634071390954,11.2514830974704,398.821628645962,0.994616001951503,9.20495800613775,419.509961643783,TRUE,7.63294963811319,0.0971881040461771,9.69399705987132,2022-10-14 11:31:19,2022-10-14 11:32:12
"98","1","Oct","GWI","UP","4","1_Oct_GWI_UP_4",2022-10-14 11:36:51.5,481.422723604471,4.28241167332573,9.1644601882126e-31,0.923982538193696,20.125625154176,421.042333323084,4.53842143953858,0.100466087203781,4011.8753553301,3.53087440536895,2.11363941305968e-43,0.975151243801309,11.506547240122,412.382228280988,0.980344419178677,10.4364382487865,421.092156943073,TRUE,4.52462453004287,0.101655015215371,13.7380977238059,2022-10-14 11:36:25,2022-10-14 11:37:18
"99","1","Oct","GWI","UP","5","1_Oct_GWI_UP_5",2022-10-14 11:41:43.5,483.184845325048,3.67735380223333,1.08144702771052e-26,0.89104830834001,20.4566871337356,387.494428641961,3.86576225579549,0.0736402302271655,3959.57584398228,2.58808132526526,1.01046424929192e-46,0.981479840623594,8.4341374434502,389.711599227474,0.982081306898367,8.46034648419874,387.578219925989,TRUE,3.85627957544125,0.0794140118729564,8.2997502256355,2022-10-14 11:41:17,2022-10-14 11:42:10
"100","1","Oct","MSM","TR","1a","1_Oct_MSM_TR_1a",2022-10-27 10:32:00.5,NA,NA,NA,NA,NA,341.564451557369,1.69725974237188,0.0481303962960745,4150.93189369521,1.6915397934964,5.53128664323132e-38,0.959862118124324,5.51245394421744,344.964250589116,0.960305773821286,5.59046700242953,341.601894242146,TRUE,1.69604764468542,0.0477589112437628,5.81830705223516,2022-10-27 10:31:34,2022-10-27 10:32:27
"101","1","Oct","MSM","TR","2a","1_Oct_MSM_TR_2a",2022-10-27 10:51:43.09434,420.920792306475,2.57294113240597,8.51404884370843e-30,0.921160444952193,12.3621786717871,339.539075854682,2.77206882777851,0.0510127669856807,4112.64698788363,1.77115834632313,8.15877788419207e-47,0.98302212960582,5.73673172592249,332.029713787493,0.986336159285278,5.25044818915489,339.657260320175,TRUE,2.7813809355042,0.0517082631043401,5.98647072646556,2022-10-27 10:51:17,2022-10-27 10:52:10
"102","1","Oct","MSM","TR","3","1_Oct_MSM_TR_3",2022-10-27 10:46:54.5,415.605664839358,3.24129284827927,1.63496294798737e-31,0.928851908989813,10.9416507364308,327.375974471487,2.56472568936444,0.0422050182275567,4118.97555427074,1.48329274868188,5.64639133275934e-50,0.986114011103409,4.83381058745279,321.817646128116,0.988366669950222,4.51200857407069,327.385188801093,TRUE,2.56819561178949,0.0454939036774143,5.5330368035468,2022-10-27 10:46:28,2022-10-27 10:47:21
"103","1","Oct","MSM","TR","4","1_Oct_MSM_TR_4",2022-10-27 10:42:18.5,401.446957539569,2.26868257801299,2.31932935762443e-25,0.877448990679071,9.59725897177717,342.462577185587,1.69024458354369,0.0485323164781413,4162.27465658533,1.70566525337404,1.03025999876311e-37,0.958891126187484,5.55848652785265,346.219453755511,0.959075794058221,5.65581985416677,342.468252100552,TRUE,1.69200597603489,0.0525629420397344,6.27670671911749,2022-10-27 10:41:52,2022-10-27 10:42:45
"104","1","Oct","MSM","TR","5","1_Oct_MSM_TR_5",2022-10-27 10:38:04.5,NA,NA,NA,NA,NA,329.614217056265,2.28027658759673,0.0430888213351417,4144.17196359507,1.51435395409768,6.69352050882517e-47,0.981770799284832,4.93503402007008,317.615584361454,0.986445023253975,4.33982678122053,329.673849296517,TRUE,2.2905825749018,0.0416710164265272,5.4516451336558,2022-10-27 10:37:38,2022-10-27 10:38:31
"105","1","Oct","MSM","UP","1","1_Oct_MSM_UP_1",2022-10-27 11:05:07.5,507.88386628074,5.60672576249892,7.51775957678401e-31,0.924558561583135,25.7131996913964,374.102415546329,5.87553619451872,0.0650522869726718,4131.76472112148,2.2862585920822,7.703732085453e-59,0.993666060272796,7.45054608935594,370.312314056315,0.994516951216492,7.06933995868626,374.178173062679,TRUE,5.88179347801677,0.0669593959281832,6.30116933068374,2022-10-27 11:04:41,2022-10-27 11:05:34
"106","1","Oct","MSM","UP","2","1_Oct_MSM_UP_2",2022-10-27 11:09:05.792453,589.679687078381,15.086415195029,2.78299739308366e-30,0.924537704671165,60.7463348952388,394.007430929981,13.9058088226467,0.0845264627366842,4304.98420483994,2.99281158851064,3.48520917485184e-71,0.998119187676279,9.59020311755954,385.270971708619,0.998520960013911,8.67625045788722,395.030927974184,TRUE,13.8423911946882,0.0798941236239657,9.23175901452907,2022-10-27 11:08:39,2022-10-27 11:09:32
"107","1","Oct","MSM","UP","3","1_Oct_MSM_UP_3",2022-10-27 11:13:46.5,393.542131027477,2.53532698718921,1.22817453853571e-32,0.935585906410974,8.91989964399999,342.832272931717,2.18477483886217,0.0486987325434879,4108.47825172265,1.711513935672,2.99925336569315e-43,0.974814686991268,5.57754643523754,330.677202012702,0.981326731157638,4.89774717569784,342.861950726799,TRUE,2.17654786753554,0.0477975811895388,5.48993885856483,2022-10-27 11:13:20,2022-10-27 11:14:13
"108","1","Oct","MSM","UP","4","1_Oct_MSM_UP_4",2022-10-27 11:21:50.5,NA,NA,NA,NA,NA,331.961194367916,4.18286688962908,0.0440354446166542,4098.49909054172,1.54762297063098,5.69277535765309e-60,0.994269872226926,5.04345235117547,334.725212302564,0.994399537001214,5.08480619700502,332.019865065064,TRUE,4.18178778766837,0.0443096171121119,4.65799654996137,2022-10-27 11:21:24,2022-10-27 11:22:17
"109","1","Oct","MSM","UP","5","1_Oct_MSM_UP_5",2022-10-27 11:17:51.245283,478.021440090174,3.92028496326048,4.06260056428429e-24,0.868490664044906,21.1857134552669,408.269628479513,3.60348994620971,0.0964788300892218,4113.46684698981,3.37022545834023,1.02817319337532e-38,0.964730945804436,10.9713913915217,399.87467087396,0.972085708351549,9.95784026569315,411.517644728011,TRUE,3.72567860113722,0.0652942552529207,7.40128044257075,2022-10-27 11:17:25,2022-10-27 11:18:18
"110","1","Sep","MSM","TR","1","1_Sep_MSM_TR_1",2022-09-18 08:28:53.5,454.882247407745,4.99389495506756,2.56380965892641e-32,0.933738945689558,15.7406846013935,397.54573469509,3.80571827517547,0.080822802218372,4313.73670440745,2.84051237254025,2.57084436283991e-44,0.977084465660755,9.25676930085257,387.583293246438,0.982305545144848,8.29525439375535,397.646281621054,TRUE,3.83054297883266,0.0857022749071232,9.38239625756548,2022-09-18 08:28:27,2022-09-18 08:29:20
"111","1","Sep","MSM","TR","2","1_Sep_MSM_TR_2",2022-09-18 08:33:22.5,461.583057379408,5.82090599295115,5.15036675945155e-36,0.952222709259567,16.7482415921748,436.410820811086,4.75144631750282,0.115829703582679,4012.2333736293,4.07082775038305,2.78186713213825e-41,0.970023974611511,13.2661676509809,409.711184028013,0.983022547907609,10.1814910514411,436.762214056792,TRUE,4.69418717715318,0.11644120763514,15.3669776689811,2022-09-18 08:32:56,2022-09-18 08:33:49
"112","1","Sep","MSM","TR","3","1_Sep_MSM_TR_3",2022-09-18 08:37:33.5,465.250839444826,10.7877300455826,2.23192135237835e-42,0.972794526480171,17.3267962306556,479.924804259729,6.49489719316632,0.173300710063791,4081.83772076667,6.09064270966728,2.62365396271929e-39,0.964299729186506,19.8484171385213,417.786670530368,0.989510465767548,10.9719771694735,483.019647027934,TRUE,6.23100153298203,0.152472794346099,15.1450867856126,2022-09-18 08:37:07,2022-09-18 08:38:00
"113","1","Sep","MSM","TR","4","1_Sep_MSM_TR_4",2022-09-18 08:41:42.5,434.890090504893,3.16423379076589,3.28764595983356e-26,0.886299209313709,13.08067790779,386.760798243282,2.3848162840321,0.0731416965725038,3966.83484245451,2.57056039088379,2.73914297097538e-36,0.953367992347489,8.37703955890216,390.17945610705,0.953867321053364,8.49707627350428,386.764933512588,TRUE,2.3830793983432,0.0747496923383542,10.9186421725832,2022-09-18 08:41:16,2022-09-18 08:42:09
"114","1","Sep","MSM","TR","5","1_Sep_MSM_TR_5",2022-09-18 08:45:24.5,NA,NA,NA,NA,NA,383.698408272157,4.3874824713276,0.0710968581021705,4026.49244015369,2.4986946696343,2.56245084616423e-50,0.986529508175893,8.14284082466078,387.305704981105,0.986627114067837,8.27396079574459,383.774238115841,TRUE,4.37355282499124,0.0750719070852115,8.68356796827108,2022-09-18 08:44:58,2022-09-18 08:45:51
"115","1","Sep","MSM","UP","1","1_Sep_MSM_UP_1",2022-09-18 08:54:38.5,NA,NA,NA,NA,NA,412.037488826045,15.3981475781334,0.0924291162561039,3815.29322891225,3.24841555974589,1.29088959330792e-72,0.998129873245193,10.5860596561938,397.574831663666,0.998671427372762,9.09930317214296,412.096497845394,TRUE,15.4200380201678,0.0957549703938104,9.83101376794381,2022-09-18 08:54:12,2022-09-18 08:55:05
"116","1","Sep","MSM","UP","2","1_Sep_MSM_UP_2",2022-09-18 08:58:53.5,497.184864681127,7.40677956764713,1.45744997829517e-33,0.940649872187016,23.2880333170047,399.100547753201,5.98952274729613,0.0819947768752441,4007.17274482779,2.88170134918763,4.39485572214274e-54,0.990348840773894,9.39099749793734,377.109780080807,0.994035844183457,7.52858130041142,399.680784138931,TRUE,5.93254193811519,0.0799832397434782,8.58487403180942,2022-09-18 08:58:27,2022-09-18 08:59:20
"117","1","Sep","MSM","UP","3","1_Sep_MSM_UP_3",2022-09-18 09:02:43.5,NA,NA,NA,NA,NA,369.310863831349,1.72403081831802,0.0622292497177763,3917.1584665008,2.18704312280155,8.29482379827918e-33,0.936549758455896,7.1272189603896,371.467868590403,0.938678748722452,7.14538501978405,369.333466529,TRUE,1.73296409721558,0.0671330283239404,7.77072715335187,2022-09-18 09:02:17,2022-09-18 09:03:10
"118","1","Sep","MSM","UP","4","1_Sep_MSM_UP_4",2022-09-18 09:07:55.5,615.625753525769,17.743943543761,4.85944673896058e-32,0.93209136773976,69.7288768379665,446.284494223016,16.8222669222756,0.126918346892514,3912.95553501314,4.46053743195497,1.83002213383517e-67,0.997048793965384,14.5361683211044,415.345298643963,0.998454740632374,10.7267347182889,446.441373198956,TRUE,16.7875081815322,0.125525272172204,12.9762359553613,2022-09-18 09:07:29,2022-09-18 09:08:22
"119","1","Sep","MSM","UP","5","1_Sep_MSM_UP_5",2022-09-18 09:11:43.5,544.87000688235,7.59208988317008,2.92123281136525e-29,0.913175080537554,36.2148310176538,389.828030739565,7.71915935190128,0.0752487212084557,3865.93124211735,2.64461164106809,1.06566720282229e-61,0.995082767045376,8.61836057761073,389.570419538901,0.995455574518936,8.449294181129,389.91136222915,TRUE,7.70244653947155,0.0772667834763466,9.92522162910408,2022-09-18 09:11:17,2022-09-18 09:12:10
"120","2","Aug","GWI","TR","1","2_Aug_GWI_TR_1",2022-08-18 11:17:49.5,422.791758204655,2.46820423554842,3.5423853357389e-26,0.885973155427082,11.6944524188873,321.661796066725,2.16129036558034,0.0400300359072944,3603.84428612697,1.40685312989622,2.40422899891143e-47,0.982474502461087,4.58470626268931,323.371992617889,0.983202113831585,4.57741538128455,321.830027492049,TRUE,2.16925624731554,0.0404495578930889,4.27284520293404,2022-08-18 11:17:23,2022-08-18 11:18:16
"121","2","Aug","GWI","TR","2","2_Aug_GWI_TR_2",2022-08-18 11:22:49.5,NA,NA,NA,NA,NA,323.915341694066,3.8552688314745,0.0408740845742572,3655.12095604831,1.43651716796133,8.19979424700847e-60,0.99418889137165,4.68137655342801,322.406098601583,0.994752517980281,4.53665995464562,323.965471391957,TRUE,3.8633643577232,0.0397521063495665,4.4673492708965,2022-08-18 11:22:23,2022-08-18 11:23:16
"122","2","Aug","GWI","TR","3","2_Aug_GWI_TR_3",2022-08-18 11:27:21.5,537.358495718396,5.91980648548815,3.9293102620761e-27,0.895200285850995,33.7816481959228,360.802788242865,6.55707109149853,0.0575150506643663,3618.69047113581,2.02136288937375,4.5020550690364e-64,0.996015145076786,6.58729394074219,330.57368353191,0.997885901254971,4.89305491236313,361.205174913121,TRUE,6.58695335955176,0.0599671579673338,6.83478794154266,2022-08-18 11:26:55,2022-08-18 11:27:48
"123","2","Aug","GWI","TR","4","2_Aug_GWI_TR_4",2022-08-18 11:32:12.5,495.529062405733,4.53555825939933,1.4450043308062e-28,0.907679113573725,22.9337158249022,330.958457896289,4.74183889802128,0.0436284854110038,3696.28009964769,1.53332041458193,5.34654047003825e-63,0.995617292793308,4.99684263982958,333.022424479586,0.995771640272862,5.00526501879922,331.08037000274,TRUE,4.74843737932083,0.0445752812898773,5.1424937126086,2022-08-18 11:31:46,2022-08-18 11:32:39
"124","2","Aug","GWI","TR","5","2_Aug_GWI_TR_5",2022-08-18 11:38:20.5,NA,NA,NA,NA,NA,367.655605275478,5.25336144264831,0.0612827667543312,3792.88729392511,2.15377903773802,1.14458071831184e-57,0.992973433880751,7.01881670014471,365.019315124795,0.993786005887903,6.73122984818874,367.913649405016,TRUE,5.2288400938758,0.0627080927009194,7.37343263059123,2022-08-18 11:37:54,2022-08-18 11:38:47
"125","2","Aug","GWI","UP","1","2_Aug_GWI_UP_1",2022-08-18 11:52:36.5,NA,NA,NA,NA,NA,346.739815873847,4.97768674884237,0.0504929618426829,3541.26973480762,1.77457201314088,8.3438584730805e-61,0.994677786029145,5.78304248634702,339.642046586325,0.995666501728804,5.32164868989608,346.811206327512,TRUE,4.99087049845519,0.0529391661942549,5.72601149403932,2022-08-18 11:52:10,2022-08-18 11:53:03
"126","2","Aug","GWI","UP","2","2_Aug_GWI_UP_2",2022-08-18 11:56:36.5,NA,NA,NA,NA,NA,353.010638186297,9.85657264162261,0.0535115290354841,3655.0074560023,1.88065936996537,7.02229786911842e-75,0.998469684087153,6.12876398270626,354.289829406363,0.998544879310493,6.09464659307193,353.458598185732,TRUE,9.88985441422794,0.0467626013484717,4.59434614265631,2022-08-18 11:56:10,2022-08-18 11:57:03
"127","2","Aug","GWI","UP","3","2_Aug_GWI_UP_3",2022-08-18 12:01:26.5,578.98837981549,9.86798327954571,2.80439690227428e-29,0.913311041214708,49.6689302648568,390.284614614464,10.6073457347176,0.0755675182475668,3525.95237814271,2.65581574324061,9.34558238679079e-69,0.997367820117252,8.65487293011335,367.570287420061,0.998395033967547,6.89211484461272,390.458997768129,TRUE,10.5872931596846,0.0830701167252592,7.68637611572273,2022-08-18 12:01:00,2022-08-18 12:01:53
"128","2","Aug","GWI","UP","4","2_Aug_GWI_UP_4",2022-08-18 12:06:38.5,NA,NA,NA,NA,NA,359.452020466459,5.70291910843463,0.0568001834341525,3528.38450930718,1.99623892489329,3.23629697862089e-61,0.994868150343105,6.50541901375129,318.538526288057,0.997766131630604,4.3770728143009,360.905933279515,TRUE,5.7610326696229,0.0474369962763969,5.43308109717357,2022-08-18 12:06:12,2022-08-18 12:07:05
"129","2","Aug","GWI","UP","5","2_Aug_GWI_UP_5",2022-08-18 12:10:54.5,NA,NA,NA,NA,NA,362.328113690809,6.31849948703321,0.0583331211613308,3557.8816183301,2.05011392626504,6.37665471931604e-63,0.995587494133128,6.68098890867677,342.838301010348,0.997143930951754,5.481496281884,362.821263833635,TRUE,6.35336767727325,0.0617090582066327,6.73645433063773,2022-08-18 12:10:28,2022-08-18 12:11:21
"130","2","Aug","MSM","TR","1","2_Aug_MSM_TR_1",2022-08-31 12:15:23.5,NA,NA,NA,NA,NA,357.736883870235,5.83964971452824,0.0559052705354373,3742.00519950531,1.96478726655709,4.17518230373795e-62,0.995256811170175,6.40292315836903,336.604575998186,0.997021867132322,5.1740638890872,358.363842916586,TRUE,5.85788734099984,0.0531031447555568,5.08229314624026,2022-08-31 12:14:57,2022-08-31 12:15:50
"131","2","Aug","MSM","TR","2","2_Aug_MSM_TR_2",2022-08-31 12:27:25.5,NA,NA,NA,NA,NA,332.528858841537,5.52146151033055,0.0442675109842767,3721.7642465637,1.55577892873178,4.27140889735969e-66,0.996668680675329,5.07003129633212,317.059104741003,0.997677097648799,4.3175229477362,332.554341933345,TRUE,5.51460190225139,0.0506036672220517,5.21256387176946,2022-08-31 12:26:59,2022-08-31 12:27:52
"132","2","Aug","MSM","TR","3","2_Aug_MSM_TR_3",2022-08-31 12:22:20.5,522.193297076782,5.17529854590038,7.75864726886789e-28,0.901526541507233,29.356065805355,372.403568020586,5.87185808602051,0.0640370160411999,3729.70378871011,2.25057695814757,3.52934991739754e-59,0.993853374798174,7.33426542928795,358.648070830942,0.995575763682195,6.34562034456136,372.587071569772,TRUE,5.89410762375419,0.0606754373987466,8.43710928630007,2022-08-31 12:21:54,2022-08-31 12:22:47
"133","2","Aug","MSM","TR","4","2_Aug_MSM_TR_4",2022-08-31 12:37:52.5,485.564340983291,5.61192299911856,1.94627108407709e-32,0.934436645899859,20.912398138261,376.160348923228,5.11992884080316,0.0663037396226829,3778.19134644134,2.33024081787041,2.51166489933491e-55,0.991354689282409,7.59387703253202,359.583386301983,0.994094038898585,6.40081415416522,376.174422834446,TRUE,5.11699717377014,0.063800216846836,5.69522605726832,2022-08-31 12:37:26,2022-08-31 12:38:19
"134","2","Aug","MSM","TR","5","2_Aug_MSM_TR_5",2022-08-31 12:33:31.5,NA,NA,NA,NA,NA,376.256346936206,4.95569068227455,0.0663627012609935,3715.47420398446,2.33231302099292,1.41158017883953e-54,0.990761273837506,7.60063000655001,340.615664009146,0.995565932678589,5.3698401217752,377.090017872969,TRUE,5.0128124063685,0.0575075940705034,5.43803770269383,2022-08-31 12:33:05,2022-08-31 12:33:58
"135","2","Aug","MSM","UP","1","2_Aug_MSM_UP_1",2022-08-31 11:51:23.5,NA,NA,NA,NA,NA,446.519884280471,10.5540394008756,0.127195271872339,3863.88533573971,4.47026994320014,6.15552199701376e-57,0.992503819353458,14.5678849973581,443.873187063029,0.993371976413347,13.9696387230397,447.188533014009,TRUE,10.4796796250865,0.119538308609186,13.9265524899536,2022-08-31 11:50:57,2022-08-31 11:51:50
"136","2","Aug","MSM","UP","2","2_Aug_MSM_UP_2",2022-08-31 11:56:18.5,NA,NA,NA,NA,NA,364.812451187649,6.50921131128164,0.0596905175625732,3822.13799559667,2.09781953862123,4.49970670956361e-63,0.995646261311102,6.83645376501966,334.569111305629,0.997690804903038,5.07746203068419,364.821689392105,TRUE,6.51360786291335,0.0622891852262976,8.0897119686357,2022-08-31 11:55:52,2022-08-31 11:56:45
"137","2","Aug","MSM","UP","3","2_Aug_MSM_UP_3",2022-08-31 12:00:31.5,NA,NA,NA,NA,NA,351.136455662112,3.56421620001153,0.0525909254440773,3823.35135452872,1.84830481382748,2.08163750918104e-52,0.988805421928577,6.0233257297716,344.492195125404,0.990808183066883,5.56608504425693,351.14414334617,TRUE,3.56859092998146,0.0554443527181934,6.82737719706951,2022-08-31 12:00:05,2022-08-31 12:00:58
"138","2","Aug","MSM","UP","4","2_Aug_MSM_UP_4",2022-08-31 12:05:15.5,NA,NA,NA,NA,NA,410.182851418741,12.0150272696806,0.0908554217789825,4319.88752939563,3.19310816492451,2.05868506085884e-67,0.997035400042656,10.4058218232444,366.066416700203,0.998783841629054,6.79680910717869,411.79315088768,TRUE,12.1066866041454,0.0837444395572002,8.94678408554994,2022-08-31 12:04:49,2022-08-31 12:05:42
"139","2","Aug","MSM","UP","5","2_Aug_MSM_UP_5",2022-08-31 12:09:22.5,NA,NA,NA,NA,NA,355.345708037144,7.71170593321485,0.0546811008265507,3808.41887183884,1.92176389804301,7.32341664660852e-69,0.997392388003992,6.26271697559355,358.638916191765,0.997426295963619,6.34508247972247,356.724430825862,TRUE,7.75645979770754,0.050539820529588,4.63004872683753,2022-08-31 12:08:56,2022-08-31 12:09:49
"140","2","Jul","GWI","TR","1","2_Jul_GWI_TR_1",2022-07-12 14:04:17.5,441.597439601681,2.90150717655759,5.44769549819994e-28,0.902854134851805,13.9188113081186,339.373747583034,2.79103602448124,0.0471639401666646,3490.95983304808,1.65757375275347,2.20041506637598e-49,0.985368418928222,5.40176412421873,341.409649992307,0.985891039357275,5.40946316422732,339.631636921135,TRUE,2.7762474084617,0.0493046342840338,4.38004613219259,2022-07-12 14:03:51,2022-07-12 14:04:44
"141","2","Jul","GWI","TR","2","2_Jul_GWI_TR_2",2022-07-12 14:40:19.5,NA,NA,NA,NA,NA,387.268123312779,4.0489787689541,0.0734860845932576,3488.29684834773,2.58266388651937,8.51951010207973e-48,0.983159821772682,8.41648288888571,388.710574195561,0.983938813714477,8.38229193807506,387.354288462931,TRUE,4.029925206219,0.0802822259054097,6.53239569224555,2022-07-12 14:39:53,2022-07-12 14:40:46
"142","2","Jul","GWI","TR","3","2_Jul_GWI_TR_3",2022-07-12 14:44:42.5,NA,NA,NA,NA,NA,398.870006072779,5.17479989349757,0.081819933799614,3459.28333182763,2.87555650013577,7.26113224904255e-51,0.987167090287834,9.37097243111788,330.787393878647,0.996622452839615,4.90274687307163,402.123116093035,TRUE,5.30496833240847,0.0694052036697468,5.77819660160923,2022-07-12 14:44:16,2022-07-12 14:45:09
"143","2","Jul","GWI","TR","4","2_Jul_GWI_TR_4",2022-07-12 14:35:49.5,504.770155130939,5.05961175536235,3.18941143152837e-29,0.91288179758054,24.982455735328,342.161526202624,5.31769612682768,0.0483972205822374,3518.12501195584,1.70091731648913,3.04329450462578e-63,0.995711251613616,5.54301377130932,328.233230182745,0.996922894270134,4.78815888207987,342.173719734042,TRUE,5.32094704740541,0.0487363871652085,6.18305188886447,2022-07-12 14:35:23,2022-07-12 14:36:16
"144","2","Jul","GWI","TR","5","2_Jul_GWI_TR_5",2022-07-12 14:12:04.5,NA,NA,NA,NA,NA,390.717867725655,7.22566428636655,0.0758712739878493,3453.37497343798,2.66649121989844,4.9768961310248e-60,0.994299411146196,8.68966257776758,381.603441835228,0.995528563424765,7.84843851678484,391.573885143851,TRUE,7.28292013902332,0.0645068698272592,6.27879829324702,2022-07-12 14:11:38,2022-07-12 14:12:31
"145","2","Jul","GWI","UP","1","2_Jul_GWI_UP_1",2022-07-12 13:36:34.5,NA,NA,NA,NA,NA,390.52766511709,3.31357010389562,0.0757377720036995,3486.65416436958,2.66179930094329,1.07084570362354e-42,0.973551858614223,8.67437237457539,341.248491066062,0.99013952328768,5.40139711648971,390.557837801316,TRUE,3.31499519700178,0.0797256217527643,8.45691930108626,2022-07-12 13:36:08,2022-07-12 13:37:01
"146","2","Jul","GWI","UP","2","2_Jul_GWI_UP_2",2022-07-12 13:40:37.5,NA,NA,NA,NA,NA,433.841032795838,5.75472321823752,0.113106144128978,3494.52666151828,3.97510842225726,4.98347858728873e-46,0.980308018807089,12.9542338792225,344.577246726695,0.996498804934839,5.5704701451957,434.069444195108,TRUE,5.79998366941985,0.114188892545874,14.7543582470317,2022-07-12 13:40:11,2022-07-12 13:41:04
"147","2","Jul","GWI","UP","3","2_Jul_GWI_UP_3",2022-07-12 13:44:34.5,NA,NA,NA,NA,NA,425.397141187169,7.09172939688656,0.104599892596962,3507.64076540495,3.67615673959538,2.04070851640575e-52,0.988813966858157,11.9799988133045,362.607077734077,0.996752735556274,6.58255084582679,425.799448196606,TRUE,7.15581205838496,0.117589504438141,10.9917953848477,2022-07-12 13:44:08,2022-07-12 13:45:01
"148","2","Jul","GWI","UP","4","2_Jul_GWI_UP_4",2022-07-12 13:48:50.5,NA,NA,NA,NA,NA,398.379744689603,4.737609478589,0.0814493574519058,3515.34326705669,2.86253261737318,5.32078732297026e-49,0.984863131752416,9.32852970870621,339.455675527294,0.99527969774935,5.31247326360666,399.855021239783,TRUE,4.82186373460161,0.0781649333692637,8.51823029861949,2022-07-12 13:48:24,2022-07-12 13:49:17
"149","2","Jul","GWI","UP","5","2_Jul_GWI_UP_5",2022-07-12 13:53:16.5,NA,NA,NA,NA,NA,394.169458826191,5.25021402607992,0.0783352205870546,3495.10930233547,2.7530864703503,3.68930095648694e-52,0.988556341329474,8.97186245963803,359.477608373013,0.994410331407975,6.39454810411008,394.224907372027,TRUE,5.25191231862607,0.082962518593716,10.118885112814,2022-07-12 13:52:50,2022-07-12 13:53:43
"150","2","Jul","MSM","TR","1","2_Jul_MSM_TR_1",2022-07-14 09:48:42.5,485.135726055431,5.18034996481597,1.88437424936571e-30,0.921848808350571,20.8295684784111,336.679413841019,4.67950729262657,0.0460018717759299,3910.80640744782,1.61673293121525,1.64552399890338e-61,0.994999917871241,5.26867050818969,330.087168567882,0.995890498844403,4.8710624070245,336.683151188507,TRUE,4.68175513127166,0.0494872675840382,5.42987209946788,2022-07-14 09:48:16,2022-07-14 09:49:09
"151","2","Jul","MSM","TR","2","2_Jul_MSM_TR_2",2022-07-14 09:56:35.5,NA,NA,NA,NA,NA,359.362794304475,5.32136945785307,0.0567532763100014,3976.35108037269,1.99459037692348,1.11401480153822e-59,0.994120001623578,6.50004666319037,355.143379555204,0.994950217861094,6.14300490273124,359.413753639025,TRUE,5.31793891308177,0.0607963840777402,6.34613145780732,2022-07-14 09:56:09,2022-07-14 09:57:02
"152","2","Jul","MSM","TR","3","2_Jul_MSM_TR_3",2022-07-14 10:11:18.5,446.676087459362,6.48841168142774,1.42150604973943e-35,0.950322060175248,14.5889701485911,401.880977626327,4.07625383445066,0.084133116912448,3996.10387538092,2.95685317720721,6.02300299942683e-45,0.978327982833721,9.6359051213787,366.513362766224,0.989545923562479,6.82499523297926,401.896603195377,TRUE,4.06595487351074,0.0989953513992251,9.11172306168405,2022-07-14 10:10:52,2022-07-14 10:11:45
"153","2","Jul","MSM","TR","4","2_Jul_MSM_TR_4",2022-07-14 10:07:25.5,416.342335968452,2.79129253987592,1.04401839053465e-30,0.923601114179236,11.0165391708505,368.739171100568,2.46942695876572,0.061900712535426,3929.88944725968,2.17549670389882,1.13444780468801e-40,0.96835981397135,7.08959105316175,362.314132150188,0.973914705000744,6.56472013928103,368.958392825072,TRUE,2.4574309950165,0.054198031862976,6.86377612005789,2022-07-14 10:06:59,2022-07-14 10:07:52
"154","2","Jul","MSM","TR","5","2_Jul_MSM_TR_5",2022-07-14 10:01:59.5,NA,NA,NA,NA,NA,339.713493151462,2.9143220006955,0.047312541738785,3919.05448720924,1.66279634579159,2.81770783638288e-50,0.986480232565972,5.41878370821121,325.366107788201,0.990374782539418,4.66271800489012,340.185394330285,TRUE,2.93997176629497,0.0496701687845983,5.32822568840374,2022-07-14 10:01:33,2022-07-14 10:02:26
"155","2","Jul","MSM","UP","1","2_Jul_MSM_UP_1",2022-07-14 09:19:18.5,NA,NA,NA,NA,NA,325.660333828362,5.86946635482151,0.0415398649685779,3856.65577995789,1.45991597863796,6.63996479655801e-69,0.997402194756084,4.75762948386471,320.003039114065,0.997827609529421,4.43683150937559,325.863270099733,TRUE,5.86880720530892,0.0377226343136567,4.16721092759234,2022-07-14 09:18:52,2022-07-14 09:19:45
"156","2","Jul","MSM","UP","2","2_Jul_MSM_UP_2",2022-07-14 09:23:51.5,NA,NA,NA,NA,NA,367.770289970505,4.68865951093739,0.0613478772019312,3860.92547383564,2.15606734038175,4.27323552291413e-55,0.991176195143625,7.02627390746696,368.089011684962,0.991757684213347,6.92529731306498,367.784858192885,TRUE,4.6912363967847,0.0666317439143936,8.21906468818885,2022-07-14 09:23:25,2022-07-14 09:24:18
"157","2","Jul","MSM","UP","3","2_Jul_MSM_UP_3",2022-07-14 09:31:45.5,NA,NA,NA,NA,NA,343.816190116936,2.83942511248504,0.0491444218733067,3858.31180969826,1.72717765953348,7.50429431436398e-49,0.984661672722167,5.62859197180329,345.608786880674,0.985276028069776,5.62393026434337,343.85449591298,TRUE,2.83653695837754,0.05027815132365,6.36063488328868,2022-07-14 09:31:19,2022-07-14 09:32:12
"158","2","Jul","MSM","UP","4","2_Jul_MSM_UP_4",2022-07-14 09:36:37.5,NA,NA,NA,NA,NA,418.72579084796,16.8981406538722,0.0983340899877254,3997.90781131268,3.45594549540534,2.57886679573455e-73,0.998242199298499,11.2623660704842,421.747109644383,0.998273770241036,11.3817958614545,418.776569237395,TRUE,16.9151157733154,0.0945716548570008,10.8326794643642,2022-07-14 09:36:11,2022-07-14 09:37:04
"159","2","Jul","MSM","UP","5","2_Jul_MSM_UP_5",2022-07-14 09:41:48.5,NA,NA,NA,NA,NA,357.190044352752,5.23786701834462,0.0556229191874887,3802.7134145658,1.95486404594065,8.9187090716173e-60,0.994170079251233,6.37058499119334,338.425746087752,0.996175444208493,5.26205227921603,357.492088438326,TRUE,5.25181967560569,0.0513794662177304,5.73435572261041,2022-07-14 09:41:22,2022-07-14 09:42:15
"160","2","May","GWI","TR","1","2_May_GWI_TR_1",2022-05-05 12:47:29.5,NA,NA,NA,NA,NA,362.805589498821,5.1426116792181,0.0585915870344209,4047.16290947483,2.05919769334859,3.38267717736148e-58,0.993295216677382,6.71059143288615,352.115696465013,0.994892111322191,5.9731827995623,362.858926556502,TRUE,5.15552391965015,0.062577718446834,6.23055678723771,2022-05-05 12:47:03,2022-05-05 12:47:56
"161","2","May","GWI","TR","2","2_May_GWI_TR_2",2022-05-05 12:51:28.5,NA,NA,NA,NA,NA,449.308140187559,2.82089611307895,0.130521852352984,4047.51796049298,4.58718240792752,1.21196627424831e-27,0.89982617889986,14.94888376534,420.19755634736,0.94574213667253,11.2196590182024,449.330417039831,TRUE,2.82628962193837,0.116368814472608,13.8718334589729,2022-05-05 12:51:02,2022-05-05 12:51:55
"162","2","May","GWI","TR","3","2_May_GWI_TR_3",2022-05-05 12:54:50.5,538.655542920566,11.7351795414305,7.35712925984288e-32,0.931000912794909,34.1898015248415,530.318580747357,7.94906974752756,0.276341476750141,3995.85008944453,9.71200406580792,1.32193427771801e-33,0.940871970334133,31.6498466809098,443.747163399902,0.988949710598432,13.9533472573944,530.333525724214,TRUE,7.9783978584966,0.287086026729274,37.1850009837155,2022-05-05 12:54:24,2022-05-05 12:55:17
"163","2","May","GWI","TR","4","2_May_GWI_TR_4",2022-05-05 12:42:59.5,410.49702657633,2.96328677248053,1.36930476123509e-31,0.929334801614599,10.4361367352671,394.801985459095,2.40560515223899,0.0787953547985249,4065.62658328335,2.76925785868176,7.08972232184319e-35,0.94715810729065,9.0245623924058,377.247092465004,0.964549420012318,7.53815930872819,394.926417721876,TRUE,2.38563209440529,0.0833733969455833,6.87659872761151,2022-05-05 12:42:33,2022-05-05 12:43:26
"164","2","May","GWI","TR","5","2_May_GWI_TR_5",2022-05-05 12:38:16.5,459.733962278452,9.18090531207915,6.71867109919182e-30,0.917939007646694,16.4639315619649,503.402684851985,3.26834006069098,0.215382620627082,4073.02834009906,7.56960884712185,9.61965505602512e-21,0.815777765018374,24.668128001441,431.669379926235,0.95468336344745,12.4770143281285,503.404762633503,TRUE,3.27651473596355,0.222632394544377,32.2032947254428,2022-05-05 12:37:50,2022-05-05 12:38:43
"165","2","May","GWI","TR","6","2_May_GWI_TR_6",2022-05-05 12:34:32.5,506.354126651877,5.5523232805646,2.04124048505807e-30,0.921608465105186,25.3515585877003,411.651867128632,5.6621194401178,0.0920996799966918,4052.3229281017,3.23683754283557,3.11181080020823e-50,0.986428521770971,10.548328776182,372.180830345956,0.993932472433939,7.19271130312321,411.671932657104,TRUE,5.65550371450548,0.0925847667702495,13.6558400066026,2022-05-05 12:34:06,2022-05-05 12:34:59
"166","2","May","GWI","TR","7","2_May_GWI_TR_7",2022-05-05 12:27:08.5,525.804230866819,7.08100475746536,3.75110779489031e-32,0.932763261611923,30.3541658518142,418.174117893792,7.33655936398429,0.0978330720133672,4068.55489417671,3.43833724976219,1.13652651513743e-54,0.990837953597654,11.2049836526898,407.018049006871,0.993080097930288,9.93074036536447,418.238148432651,TRUE,7.31232770523852,0.101518947840085,10.5005195336402,2022-05-05 12:26:42,2022-05-05 12:27:35
"167","2","May","GWI","TR","8","2_May_GWI_TR_8",2022-05-05 12:30:23.5,561.259173927373,10.2182557080333,2.49233028553982e-29,0.913702802863038,42.1493927836576,427.995905841694,9.00066901458577,0.107147368278639,4072.4665250834,3.76568761447145,3.26074741739929e-57,0.992684767473872,12.271765419232,430.71963307437,0.992855633524164,12.3677730939837,428.324912939755,TRUE,8.94032307554343,0.10123884957615,10.2826595232628,2022-05-05 12:29:57,2022-05-05 12:30:50
"168","2","May","GWI","UP","1","2_May_GWI_UP_1",2022-05-05 12:03:49.5,NA,NA,NA,NA,NA,395.228687484752,6.70557540563341,0.0791072866935944,4021.01166916718,2.78022068579262,2.04457695575761e-57,0.992814905097984,9.06028846859942,399.15271273871,0.992825006985508,9.23321996282274,395.38324745293,TRUE,6.69385888472159,0.0816553769310393,8.01166894866089,2022-05-05 12:03:23,2022-05-05 12:04:16
"169","2","May","GWI","UP","2","2_May_GWI_UP_2",2022-05-05 12:20:39.5,487.986583489324,7.96131725614733,5.08736835427325e-34,0.943001830064124,21.3867242377016,444.470321091591,5.56787502030762,0.124804191669437,4058.31417282115,4.3862355777283,3.98260898083934e-43,0.974538628770663,14.2940306244512,401.829762506939,0.989265655129897,9.46494850342082,444.486818822384,TRUE,5.57723420467339,0.137584484166739,16.5128996816127,2022-05-05 12:20:13,2022-05-05 12:21:06
"170","2","May","GWI","UP","3","2_May_GWI_UP_3",2022-05-05 12:00:30.5,510.474082330454,7.51250894194415,1.20739745358978e-31,0.929675507799473,26.3373464404709,424.490703080475,6.20819590860267,0.103725665209367,4078.95882419195,3.64543207226487,1.23055771903871e-49,0.985691763754737,11.8798721037455,406.538692993971,0.990471220622389,9.88676063079113,424.515728790461,TRUE,6.22401183267548,0.105261063818571,14.3625537187041,2022-05-05 12:00:04,2022-05-05 12:00:57
"171","2","May","GWI","UP","5","2_May_GWI_UP_5",2022-05-05 12:16:56.5,482.083207606198,4.72686873432773,3.30343660888255e-29,0.912764225619957,20.2490824009452,374.104509096693,4.29095774969712,0.0650535480056262,4094.72199669823,2.28630291100719,8.38563095799804e-52,0.988189263679391,7.45069051754723,374.678639391159,0.988915287088598,7.36100193390777,374.167857926794,TRUE,4.27496060538324,0.0652883018944875,7.08982416923532,2022-05-05 12:16:30,2022-05-05 12:17:23
"172","2","May","GWI","UP","6","2_May_GWI_UP_6",2022-05-05 12:13:35.5,463.044083270467,5.67093247012461,6.16868988802773e-35,0.947439888243396,16.9763515566849,439.663241516991,4.58206113625938,0.119370970875741,4078.46908070137,4.19528536982115,7.89072380832172e-40,0.965910856899292,13.6717548548985,400.426478155237,0.984693185116442,9.34276241493548,439.668533461584,TRUE,4.5783005824348,0.124000974354618,16.2929272469353,2022-05-05 12:13:09,2022-05-05 12:14:02
"173","2","May","GWI","UP","7","2_May_GWI_UP_7",2022-05-05 12:10:28.5,419.276493711099,6.03829661657008,5.68836016854126e-38,0.959818900478195,11.3199406724929,432.814868163965,3.462567343173,0.112036552765224,4101.22879795495,3.93751770009822,3.8764177132782e-35,0.948369769572734,12.8317318101442,384.416983367011,0.980434336611495,8.05558715678783,432.88859465095,TRUE,3.45987465036929,0.119333070852718,14.1430123365306,2022-05-05 12:10:02,2022-05-05 12:10:55
"174","2","May","GWI","UP","8","2_May_GWI_UP_8",2022-05-05 12:07:12.5,472.046739556111,13.8261471023282,1.98608120574473e-41,0.970409738413307,18.452119081726,515.192251877029,6.52785832908131,0.240225660802369,4091.30417107264,8.44271595368759,2.12747140356149e-32,0.934212077315671,27.5134425082692,437.771810711959,0.985434578515702,13.2023135945483,515.196991785312,TRUE,6.52793695838596,0.260094432944267,32.3285403012533,2022-05-05 12:06:46,2022-05-05 12:07:39
"175","2","May","MSM","TR","1","2_May_MSM_TR_1",2022-05-01 19:04:39.5,430.441285057566,2.45475976997693,4.1355800234076e-22,0.836701639095625,12.5527972535129,436.908428706436,1.76665185877396,0.116364618042376,3873.92020331351,4.08962728590169,9.42034154553143e-21,0.815925442006432,13.3274322893404,411.3649577898,0.893489926370071,10.3385971643895,436.977915503065,TRUE,1.79546185620698,0.125423101831779,14.913003492437,2022-05-01 19:04:13,2022-05-01 19:05:06
"176","2","May","MSM","TR","2","2_May_MSM_TR_2",2022-05-01 19:01:04.5,NA,NA,NA,NA,NA,393.816134557409,4.67298784881652,0.0780793640155708,3881.80437038393,2.74409440700991,1.23358306689667e-49,0.985690412750857,8.94255878306006,395.917757905153,0.986184728283065,8.96075566067212,394.013809334747,TRUE,4.70655044060564,0.081334607052449,6.90849322368965,2022-05-01 19:00:38,2022-05-01 19:01:31
"177","2","May","MSM","TR","3","2_May_MSM_TR_3",2022-05-01 18:56:56.5,466.984830663697,3.89906904840288,1.15932171721392e-29,0.916201950648617,17.6072313969991,432.098250675703,3.74453114824731,0.111295612265424,3871.90445078012,3.91147739217482,5.75926024516404e-37,0.956080344549705,12.746870668436,396.215607345879,0.979015281483022,8.98550232509926,432.659165252445,TRUE,3.80770078333323,0.11954334457715,12.6146941503115,2022-05-01 18:56:30,2022-05-01 18:57:23
"178","2","May","MSM","TR","4","2_May_MSM_TR_4",2022-05-01 18:39:29.5,NA,NA,NA,NA,NA,489.94694583838,1.86922843717446,0.190152408618388,3916.32155531285,6.68289461047764,1.87189525128519e-13,0.650142701657028,21.7784700637582,476.710083326483,0.745748433874419,18.9334774304604,490.062059331873,FALSE,1.85882477632873,0.169318582311461,16.4889739319288,2022-05-01 18:39:03,2022-05-01 18:39:56
"179","2","May","MSM","TR","5","2_May_MSM_TR_5",2022-05-01 18:43:24.5,367.310844808292,5.23108389213023,4.098609300391e-26,0.885333250109267,6.99644677107596,402.128665903338,1.15000117343378,0.0843262900697305,3868.51466503764,2.96364223584219,8.30066025701944e-19,0.781495947949029,9.65802956278634,367.076297790091,0.893981611326094,6.86066244867874,402.176006812846,TRUE,1.1365213458526,0.0949083660375412,10.4846952651321,2022-05-01 18:42:58,2022-05-01 18:43:51
"180","2","May","MSM","TR","6","2_May_MSM_TR_6",2022-05-01 18:47:39.5,465.62830966281,5.75709544362617,1.19433090274852e-32,0.935655008834326,17.387460975543,424.81432678337,4.2500294963353,0.104036946948065,3893.83457759043,3.65637204967038,3.42964342909757e-41,0.969781793835048,11.9155237164539,388.194966264754,0.985757446397749,8.34236901470309,425.492368439075,TRUE,4.32130495740359,0.1045209043827,10.3755246248488,2022-05-01 18:47:13,2022-05-01 18:48:06
"181","2","May","MSM","TR","7","2_May_MSM_TR_7",2022-05-01 18:51:13.5,483.990090352262,7.33422807760606,1.43230072581233e-29,0.915518841234244,20.609781654957,458.205018953051,4.34590944372883,0.141729338354058,3858.26731268997,4.9810688085142,5.71572436352875e-35,0.947593678985107,16.2324956855773,447.16627815011,0.960332507876917,14.4021556912723,458.82979111065,TRUE,4.4466221674115,0.137887211088841,14.5042972915623,2022-05-01 18:50:47,2022-05-01 18:51:40
"182","2","May","MSM","TR","8","2_May_MSM_TR_8",2022-05-01 19:08:26.5,497.599486459218,7.71882613454443,9.34547431959132e-31,0.923925417294737,23.3776100218782,477.623839059223,5.19438633940329,0.169647551875658,3871.05352893014,5.96225269165972,6.14262576455723e-35,0.947448438356763,19.4300148852104,457.340266010964,0.966481449998222,15.8248499707648,477.997689426043,TRUE,5.23208918944702,0.158681535342344,16.1568742395438,2022-05-01 19:08:00,2022-05-01 19:08:53
"183","2","May","MSM","UP","2","2_May_MSM_UP_2",2022-05-02 14:35:06.5,NA,NA,NA,NA,NA,407.321117363457,2.32025670079214,0.0884795926477142,3904.40512927584,3.10960979741956,1.19683062892559e-31,0.929699246412633,10.1337141808123,407.999916316664,0.933892725400127,10.0214359893901,407.519528495487,TRUE,2.3174967359466,0.0979278976738633,8.06008491704515,2022-05-02 14:34:40,2022-05-02 14:35:33
"184","2","May","MSM","UP","3","2_May_MSM_UP_3",2022-05-02 14:38:18.5,469.224175777674,4.23343008304819,9.22739185087504e-28,0.900869058983821,17.9761228589358,427.949603444536,3.51079508436158,0.107101441272535,3825.21053209559,3.76407351268964,2.10114033079344e-36,0.953840735855923,12.2665053232131,396.876959659267,0.975890540418887,9.04069505698012,427.98397291159,TRUE,3.51432070856873,0.105026970121571,14.8997122328248,2022-05-02 14:37:52,2022-05-02 14:38:45
"185","2","May","MSM","UP","4","2_May_MSM_UP_4",2022-05-02 14:41:38.5,NA,NA,NA,NA,NA,435.905283255146,0.952393896596728,0.115288782927741,3847.82752711027,4.05181712750508,4.93668186088366e-11,0.567542951555425,13.2042151131402,380.084421377962,0.857165120680359,7.73882287509619,435.906667563382,TRUE,0.952528864037984,0.11642736198767,16.7606730514895,2022-05-02 14:41:12,2022-05-02 14:42:05
"186","2","May","MSM","UP","5","2_May_MSM_UP_5",2022-05-02 14:45:00.5,487.743110744037,4.81565581953095,2.10729436261468e-28,0.906332221274952,21.338564797845,417.032987910323,4.33395615681502,0.0968048078729508,3822.48028019168,3.40219897030485,3.33216906743765e-43,0.974712567480417,11.0872148588974,419.408411191138,0.975462003839369,11.1379768812793,417.14469786364,TRUE,4.34437989973091,0.0953877959722461,12.3016609730913,2022-05-02 14:44:34,2022-05-02 14:45:27
"187","2","May","MSM","UP","6","2_May_MSM_UP_6",2022-05-02 14:48:39.5,NA,NA,NA,NA,NA,392.251962362864,4.55118136940809,0.0769566842149235,3816.80717552419,2.70463789502801,2.27368694471098e-49,0.985349978445245,8.81397640744235,355.296936775925,0.993137887032833,6.15174539980463,392.937086139781,TRUE,4.60939152186677,0.0721211825391569,7.64516202914411,2022-05-02 14:48:13,2022-05-02 14:49:06
"188","2","May","MSM","UP","7","2_May_MSM_UP_7",2022-05-02 14:52:14.5,404.972153390188,6.35068996527489,4.25228394140177e-20,0.804988008924877,9.915688861412,427.520395614647,1.18612594480976,0.106676649099004,3839.66528360608,3.74914421809019,2.35128393691372e-15,0.703922545542229,12.2178531725422,393.057128280676,0.854767143365602,8.72652509866086,427.521293475794,TRUE,1.18734958915193,0.111753052581529,15.6003890067555,2022-05-02 14:51:48,2022-05-02 14:52:41
"189","2","May","MSM","UP","8","2_May_MSM_UP_8",2022-05-02 14:55:54.5,NA,NA,NA,NA,NA,446.171349477301,2.34961369442346,0.126785452220236,3832.59997154082,4.45586685693789,1.45604430255651e-24,0.868501753456969,14.5209476743459,391.091614795748,0.955967660328136,8.56914576507121,446.240217621852,TRUE,2.31891114691932,0.137631980569449,16.0989125004745,2022-05-02 14:55:28,2022-05-02 14:56:21
"190","2","Nov","GCW","TR","1","2_Nov_GCW_TR_1",2022-11-15 10:39:08.5,NA,NA,NA,NA,NA,346.308614391681,1.35024841629884,0.0502917652409813,4104.0092067685,1.76750097104928,3.82193639187731e-32,0.932714934369284,5.75999910657115,333.351674536999,0.950847834732744,5.02054741121387,346.38565274502,TRUE,1.36219539818134,0.0510197338487704,5.4771083337991,2022-11-15 10:38:42,2022-11-15 10:39:35
"191","2","Nov","GCW","TR","2","2_Nov_GCW_TR_2",2022-11-15 10:42:48.5,NA,NA,NA,NA,NA,370.685886119812,2.16631755568973,0.0630265981256806,4165.94120207548,2.21506588315769,1.98722312335395e-37,0.957840073855308,7.21854059316881,372.994970031143,0.95913978335339,7.24713722006731,370.694473478801,TRUE,2.16256974425072,0.0677707759765232,7.38220028085196,2022-11-15 10:42:22,2022-11-15 10:43:15
"192","2","Nov","GCW","TR","3","2_Nov_GCW_TR_3",2022-11-15 10:46:24.5,424.21973874231,2.60757468094832,5.59619069932927e-28,0.902753798094878,11.8501037064438,374.303122722388,2.34594272267293,0.0651732925318871,4200.58482721608,2.29051132495786,1.98134560262036e-38,0.961414978827656,7.46440505631862,374.513764758771,0.964029798736535,7.34977307672739,374.347976307082,TRUE,2.35654977450067,0.0796435462171764,6.51979026705601,2022-11-15 10:45:58,2022-11-15 10:46:51
"193","2","Nov","GCW","TR","4","2_Nov_GCW_TR_4",2022-11-15 10:49:59.5,431.367807430353,2.26185938384632,1.69918191099924e-25,0.878903072563467,12.6609498345451,380.002306366773,2.23652243921617,0.068704862824804,4192.48524962463,2.41462814392712,2.96859054059801e-36,0.95322362370488,7.86888164676089,383.764717353947,0.953428978152998,8.00708205789281,380.017003133548,TRUE,2.24280458991905,0.0702047124996657,10.0237910161719,2022-11-15 10:49:33,2022-11-15 10:50:26
"194","2","Nov","GCW","TR","5","2_Nov_GCW_TR_5",2022-11-15 10:53:24.5,NA,NA,NA,NA,NA,410.558403386978,2.1379655708167,0.0911719062810291,4173.22945933829,3.20423099312529,2.5660886609139e-29,0.91360611611791,10.4420693170497,409.708342300523,0.921027401421938,10.1812231566043,410.568703316139,TRUE,2.12959956639937,0.0931160836313082,13.2408101999511,2022-11-15 10:52:58,2022-11-15 10:53:51
"195","2","Nov","GCW","UP","1","2_Nov_GCW_UP_1",2022-11-15 10:58:12.5,NA,NA,NA,NA,NA,411.673926009339,0.49496119661692,0.0921184931758213,4198.70689511976,3.23749873084956,1.84348954892676e-06,0.356993693400689,10.5504834807238,413.821748124424,0.378674597788971,10.5764755569927,411.715892965046,TRUE,0.483952618202673,0.100351928438903,10.8538008565456,2022-11-15 10:57:46,2022-11-15 10:58:39
"196","2","Nov","GCW","UP","2","2_Nov_GCW_UP_2",2022-11-15 11:13:17.5,NA,NA,NA,NA,NA,405.314118564926,2.6730304771889,0.086850531434742,4193.96981670485,3.05235654209973,4.76011034273209e-35,0.947960771561524,9.9471351039732,409.013515293614,0.948249654938873,10.1159316626818,405.374702587077,TRUE,2.66517345415949,0.0893404254416069,11.5678252017489,2022-11-15 11:12:51,2022-11-15 11:13:44
"197","2","Nov","GCW","UP","3","2_Nov_GCW_UP_3",2022-11-15 11:20:22.5,410.753539022119,2.98253631518374,1.58528053413827e-14,0.681560772997204,10.4609532220028,413.98021444735,0.949615286672428,0.0941067936642408,4172.86177614014,3.30737742823033,7.60016009546202e-14,0.661953014768498,10.7782068263255,408.514680726057,0.716305704564515,10.0693155461929,414.018610425588,TRUE,0.962389720541955,0.0995622904932535,10.9000746632388,2022-11-15 11:19:56,2022-11-15 11:20:49
"198","2","Nov","GCW","UP","4","2_Nov_GCW_UP_4",2022-11-15 11:23:57.5,432.606531354488,2.59739282531018,1.08256785705496e-25,0.880979483747376,12.8070026875151,404.378115900352,2.25331555819344,0.0861010770222825,4178.71861469822,3.02601701324382,1.32009290497273e-31,0.929434070050633,9.86129884975747,402.599435490324,0.936595499215576,9.53264234852746,404.413702900022,TRUE,2.25981315037603,0.0916689441992751,8.43750231400504,2022-11-15 11:23:31,2022-11-15 11:24:24
"199","2","Nov","GCW","UP","5","2_Nov_GCW_UP_5",2022-11-15 11:05:38.5,NA,NA,NA,NA,NA,435.587391786991,2.92443698036584,0.114949936299785,4201.94590800833,4.03990838377578,5.17308834262834e-31,0.925633816821407,13.1654064480449,427.093463822083,0.940994404702874,11.9594110528173,435.696270940401,TRUE,2.95644844789835,0.122194069538513,14.364024851006,2022-11-15 11:05:12,2022-11-15 11:06:05
"200","2","Nov","GWI","TR","1","2_Nov_GWI_TR_1",2022-11-17 12:43:46.5,NA,NA,NA,NA,NA,366.547579226006,0.533284725224267,0.0606572504100268,4043.54639481147,2.13179530460264,7.29872719466436e-12,0.597819742604793,6.94717527799389,366.476341279943,0.627026603404382,6.82265608329859,366.547820280623,TRUE,0.53409766250425,0.059180317793616,7.04225019544934,2022-11-17 12:43:20,2022-11-17 12:44:13
"201","2","Nov","GWI","TR","2","2_Nov_GWI_TR_2",2022-11-17 12:47:37.5,406.785805972595,0.557463160172195,1.80331292478834e-09,0.504409571539638,10.0836098212108,397.580139323851,0.68805707978054,0.0808485533430118,4084.09007136308,2.84141739421901,2.00448633502145e-11,0.582086477050983,9.25971861977601,400.800933369016,0.588073560576398,9.3752116554936,397.591443844321,TRUE,0.684232848902214,0.0911433560028299,9.96005247897889,2022-11-17 12:47:11,2022-11-17 12:48:04
"202","2","Nov","GWI","TR","3","2_Nov_GWI_TR_3",2022-11-17 12:51:22.5,NA,NA,NA,NA,NA,409.910920959654,1.75080879412517,0.0906269469744504,4093.23285002437,3.18507843208583,2.1940274264788e-25,0.877709825528378,10.3796542257525,413.374954590676,0.878917588955792,10.5328113004251,409.921263313895,TRUE,1.74274892285919,0.0959000728901459,12.3305273564466,2022-11-17 12:50:56,2022-11-17 12:51:49
"203","2","Nov","GWI","TR","4","2_Nov_GWI_TR_4",2022-11-17 12:55:53.5,NA,NA,NA,NA,NA,410.888850342103,1.27088597281349,0.0914512916171455,4103.95217696557,3.21404997343979,3.83351552522128e-19,0.78786140639412,10.4740677819814,412.961382798865,0.79529990411066,10.4925544136384,410.893392535944,TRUE,1.27651026830882,0.0964707269623794,13.0353981110943,2022-11-17 12:55:27,2022-11-17 12:56:20
"204","2","Nov","GWI","TR","5","2_Nov_GWI_TR_5",2022-11-17 12:59:33.5,415.292214090409,2.52554399016312,5.74012275333416e-20,0.802734807977148,10.909940584314,392.208348418978,1.4436782983801,0.0769256128548393,4085.08046093314,2.70354589400443,8.22128458419912e-25,0.87135328783461,8.81041775314839,396.128225815389,0.871544026101445,8.97823520105882,392.215492148832,TRUE,1.43881252238904,0.0794884342381917,9.72358057085323,2022-11-17 12:59:07,2022-11-17 13:00:00
"205","2","Nov","GWI","UP","1","2_Nov_GWI_UP_1",2022-11-17 13:04:45.150943,NA,NA,NA,NA,NA,399.716219900883,2.13326780093432,0.0895658542034785,4114.24993587832,3.11722872119936,2.70151785221787e-29,0.917514554190337,10.120859271829,398.222505191544,0.925636378135096,9.80383600909271,399.769974556697,TRUE,2.13911815445983,0.10369409506622,9.65620846107381,2022-11-17 13:04:19,2022-11-17 13:05:12
"206","2","Nov","GWI","UP","2","2_Nov_GWI_UP_2",2022-11-17 13:09:29.769231,NA,NA,NA,NA,NA,378.908277039182,3.10479637043603,0.0800653014129363,4120.37609790621,2.75557271267025,5.58192940224416e-39,0.967819928364487,8.90246614558669,373.909650233703,0.972933498611091,8.33292114918699,379.084006144651,TRUE,3.10694505103063,0.0839639990367889,8.79929993399101,2022-11-17 13:09:04,2022-11-17 13:09:57
"207","2","Nov","GWI","UP","3","2_Nov_GWI_UP_3",2022-11-17 13:31:49.5,NA,NA,NA,NA,NA,401.549025416009,4.31193126086818,0.0838749197124368,4132.86010358606,2.94777885262236,2.9372080596474e-46,0.98070423629721,9.60633336874171,405.169417054011,0.98083940569493,9.76220279527694,401.549025416009,TRUE,4.31193126086818,0.0838749197124368,12.2639401137663,2022-11-17 13:31:23,2022-11-17 13:32:16
"208","2","Nov","GWI","UP","4","2_Nov_GWI_UP_4",2022-11-17 13:21:35.5,NA,NA,NA,NA,NA,402.030822580928,3.21726931487241,0.084249928698455,4127.75529802171,2.96095852018351,1.02304577292061e-39,0.965568902651822,9.6492837685551,399.82885183426,0.969304721788446,9.29120629572411,402.041146838235,TRUE,3.22025817381236,0.0857245297152645,10.2150992810656,2022-11-17 13:21:09,2022-11-17 13:22:02
"209","2","Nov","GWI","UP","5","2_Nov_GWI_UP_5",2022-11-17 13:17:17.5,NA,NA,NA,NA,NA,406.553392224557,2.57318281043635,0.0878528598397461,4109.26353632371,3.08758331174414,5.4521905374323e-34,0.942849970445548,10.0619334350648,404.925849989405,0.948505955393022,9.74021138897021,406.641112489913,TRUE,2.59765122921548,0.0920446251526156,10.3573036088346,2022-11-17 13:16:51,2022-11-17 13:17:44
"210","2","Oct","GWI","TR","1","2_Oct_GWI_TR_1",2022-10-14 11:19:19.5,NA,NA,NA,NA,NA,387.66067640089,1.11629726753829,0.0737536742153817,3947.29804783081,2.59206830719701,1.07364695296812e-20,0.815001103372763,8.44713037117186,391.379013186442,0.815963542709502,8.59197945423792,387.667462092394,TRUE,1.1119190104176,0.0746275761615414,10.458820982208,2022-10-14 11:18:53,2022-10-14 11:19:46
"211","2","Oct","GWI","TR","3","2_Oct_GWI_TR_3",2022-10-14 11:02:50.5,423.952293387679,1.90534283581353,1.17046328552116e-22,0.84441370503516,11.8207950551539,399.919376277086,1.79032237618106,0.0826188030278806,4008.218296976,2.90363270962925,1.07060155263717e-27,0.900301911061324,9.46246824597015,401.248514333394,0.905113057656097,9.41414566768961,399.923427488299,TRUE,1.79389705377658,0.0775501393861701,9.73707166974985,2022-10-14 11:02:24,2022-10-14 11:03:17
"212","2","Oct","GWI","TR","4","2_Oct_GWI_TR_4",2022-10-14 11:15:06.5,NA,NA,NA,NA,NA,402.655499753435,2.89728583091936,0.0847386463416936,4066.0741990045,2.97813447145215,2.58402057628506e-37,0.957412439019287,9.70525740906924,405.276278941709,0.958486399819801,9.77186690357385,402.752730027429,TRUE,2.91750579510707,0.0877831358857879,11.4787807705747,2022-10-14 11:14:40,2022-10-14 11:15:33
"213","2","Oct","GWI","TR","5","2_Oct_GWI_TR_5",2022-10-14 10:57:27.5,435.409050404863,2.28907322576584,1.14775777445445e-22,0.844530489740675,13.1436842326359,411.024649458121,1.99222596383555,0.0915663547250825,3983.43153011924,3.21809385923374,8.86105268949737e-28,0.901023083488551,10.4872461501644,413.758204421762,0.903317349510257,10.5702545315749,411.052072975619,TRUE,2.00101405566588,0.0996219055064448,11.9251934417418,2022-10-14 10:57:01,2022-10-14 10:57:54
"214","2","Oct","GWI","UP","1","2_Oct_GWI_UP_1",2022-10-14 11:25:09.5,478.387310707795,3.45400506643291,4.4041861901325e-26,0.88501643788836,19.5678558326976,398.860825341555,3.58508415640115,0.0818129788468849,3923.57154070489,2.87531206875335,9.8764078547966e-43,0.973633968711877,9.37017586887128,398.081238168106,0.975867351953981,9.142069527978,398.870668666367,TRUE,3.58164915275922,0.092475772912013,10.1658862645723,2022-10-14 11:24:43,2022-10-14 11:25:36
"215","2","Oct","GWI","UP","2","2_Oct_GWI_UP_2",2022-10-14 11:28:53.5,NA,NA,NA,NA,NA,394.181402085464,5.37208142055243,0.0783438838239283,3935.42059587347,2.75339093927306,1.1399740201104e-52,0.989061652163196,8.97285467449495,393.340747157864,0.989999520845774,8.74947194964265,394.211949064694,TRUE,5.38545885780828,0.0801425775756416,9.68917184239134,2022-10-14 11:28:27,2022-10-14 11:29:20
"216","2","Oct","GWI","UP","3","2_Oct_GWI_UP_3",2022-10-14 11:33:10.5,532.439310901794,7.24896464117833,3.71790490075564e-31,0.926571232234616,32.2774774582255,420.382800628552,7.46503040122439,0.0998544320129327,4024.1895777017,3.50937782161233,1.332785949331e-54,0.990781657680172,11.4364933588169,414.977690243453,0.992255162295361,10.6902853253228,420.384376572279,TRUE,7.46792400591057,0.10091543082878,11.6969821947237,2022-10-14 11:32:44,2022-10-14 11:33:37
"217","2","Oct","GWI","UP","4","2_Oct_GWI_UP_4",2022-10-14 11:38:16.5,476.451775299778,4.05271760702874,2.68579766105532e-29,0.913454743101636,19.2202918333914,395.590419912416,4.07351357777791,0.079372690829764,3929.71103510713,2.78954829770189,3.20456245834982e-46,0.980639498777996,9.0906856435622,396.153784072916,0.981833239708571,8.98036015662749,395.659012341377,TRUE,4.0560071368209,0.0852211492537187,11.0333264328631,2022-10-14 11:37:50,2022-10-14 11:38:43
"218","2","Oct","GWI","UP","5","2_Oct_GWI_UP_5",2022-10-14 11:43:09.5,494.776379682732,3.26299322800002,3.71157881296386e-25,0.87521849349695,22.7744398996107,382.562937947805,4.02745010746303,0.070353288820843,3944.74014260975,2.47256197334712,1.20415861114199e-48,0.98438022778985,8.05767860425357,374.560815138199,0.987493155836122,7.35297571514563,382.570545219207,TRUE,4.02673066012048,0.0776424269121484,8.10017252957782,2022-10-14 11:42:43,2022-10-14 11:43:36
"219","2","Oct","MSM","TR","1a","2_Oct_MSM_TR_1a",2022-10-27 10:33:26.5,NA,NA,NA,NA,NA,338.489399662557,1.42237234786052,0.0467793195086161,4158.07047767403,1.64405628357479,8.66158959458852e-35,0.946749971695688,5.35771288370028,339.958601497884,0.949188042870807,5.33726966462474,338.554907287638,TRUE,1.422645084563,0.0463000618149877,6.03698230125586,2022-10-27 10:33:00,2022-10-27 10:33:53
"220","2","Oct","MSM","TR","2a","2_Oct_MSM_TR_2a",2022-10-27 10:53:08.5,NA,NA,NA,NA,NA,347.587271704033,2.21197531569891,0.0508907292466294,4105.65879631555,1.78855152388898,1.49159830141861e-42,0.973212762081624,5.8285994454312,350.292499138238,0.973847407967864,5.87319313281745,347.696720922943,TRUE,2.19666298301906,0.0520290552335083,5.23853010444741,2022-10-27 10:52:42,2022-10-27 10:53:35
"221","2","Oct","MSM","TR","3","2_Oct_MSM_TR_3",2022-10-27 10:48:20.5,NA,NA,NA,NA,NA,326.10250897679,2.07927214491237,0.0417102867128169,4125.27957434307,1.46590544027222,1.41150142815885e-45,0.979503809347059,4.7771481682826,326.375183388191,0.980870828011113,4.70648729973967,326.210140455997,TRUE,2.07038681847038,0.0445884755511311,4.84416253141274,2022-10-27 10:47:54,2022-10-27 10:48:47
"222","2","Oct","MSM","TR","4","2_Oct_MSM_TR_4",2022-10-27 10:43:44.056604,384.58894361757,1.37330228524423,2.93331228426802e-22,0.844541926092297,8.77483894135674,321.408666391153,1.38456743610179,0.0431495923262961,4190.0649874354,1.49561505667932,1.73999978011776e-35,0.952804649956665,4.83484013251842,322.509213385221,0.955317196822143,4.79943115152373,321.436753616103,TRUE,1.38928723976593,0.0439677760538277,5.07175235478718,2022-10-27 10:43:18,2022-10-27 10:44:11
"223","2","Oct","MSM","TR","5","2_Oct_MSM_TR_5",2022-10-27 10:39:28.5,NA,NA,NA,NA,NA,345.576393430319,2.35884672994105,0.0499519491864027,4143.71370641522,1.75555815688144,2.22234063041688e-44,0.977212443125888,5.72107941144031,331.723645141249,0.983627416697475,4.94543350999163,345.59156260145,TRUE,2.36370861500315,0.0537438017788307,5.96194123028309,2022-10-27 10:39:02,2022-10-27 10:39:55
"224","2","Oct","MSM","UP","1","2_Oct_MSM_UP_1",2022-10-27 11:06:33.5,NA,NA,NA,NA,NA,372.268225998728,5.75106532860983,0.0639568172360427,4150.05052996535,2.24775837611305,9.68495354408325e-59,0.993610065438826,7.32508012740323,364.649918558063,0.994847045775549,6.70824609156381,372.272929159214,TRUE,5.74902782081797,0.0709126588204505,7.78954085180903,2022-10-27 11:06:07,2022-10-27 11:07:00
"225","2","Oct","MSM","UP","2","2_Oct_MSM_UP_2",2022-10-27 11:10:30.5,NA,NA,NA,NA,NA,425.399860320809,12.9215152432875,0.104602526158696,4253.20325724951,3.6762492959592,7.04903365621594e-66,0.996603877294253,11.9803004394883,395.59584322344,0.99818400398896,8.9340861789588,428.01959577719,TRUE,13.0798415620971,0.0724936723990989,6.55104609335461,2022-10-27 11:10:04,2022-10-27 11:10:57
"226","2","Oct","MSM","UP","3","2_Oct_MSM_UP_3",2022-10-27 11:15:11.5,422.750961110287,2.3331491697526,7.26187223650175e-25,0.871964157027912,11.6900356635369,352.822987080167,2.02057083442638,0.0534186329330583,4169.12734046774,1.87739454220564,1.65066890099874e-39,0.964929940319628,6.11812443835118,355.794841430809,0.965591348438031,6.18017182626416,352.872168717325,TRUE,2.02725706635367,0.0533512522026015,6.76249356478297,2022-10-27 11:14:45,2022-10-27 11:15:38
"227","2","Oct","MSM","UP","4","2_Oct_MSM_UP_4",2022-10-27 11:23:15.5,NA,NA,NA,NA,NA,334.032710691675,3.62183751556924,0.0448882279127368,4169.20946065431,1.5775939866949,2.6082489576778e-56,0.992075804217626,5.14112303344318,317.772660635775,0.994554798708144,4.34614326072306,334.249031142387,TRUE,3.63188645610314,0.049022745398401,4.5256177847088,2022-10-27 11:22:49,2022-10-27 11:23:42
"228","2","Oct","MSM","UP","5","2_Oct_MSM_UP_5",2022-10-27 11:19:17.5,NA,NA,NA,NA,NA,385.331207407328,3.58418091171882,0.0721799030829765,4182.73161797782,2.53675821833044,1.72193835660215e-45,0.979346555691429,8.26688375876594,376.058050069998,0.983847369912062,7.45562198678245,386.285010201028,TRUE,3.63261782940831,0.0643188194313574,7.53521849290647,2022-10-27 11:18:51,2022-10-27 11:19:44
"229","2","Sep","MSM","TR","1","2_Sep_MSM_TR_1",2022-09-18 08:30:18.5,472.227309845833,4.65071780549356,4.43708229864234e-27,0.894710331647124,18.4829958541855,402.584197301132,3.53400349048558,0.0846827196822896,4229.76237937662,2.97616893247513,1.16767887342141e-41,0.971007765198281,9.69885203620835,406.173214830235,0.971227581359471,9.85335981557052,402.605827882965,TRUE,3.52367815877982,0.0860830157775357,12.0806583121458,2022-09-18 08:29:52,2022-09-18 08:30:45
"230","2","Sep","MSM","TR","2","2_Sep_MSM_TR_2",2022-09-18 08:34:47.5,NA,NA,NA,NA,NA,398.681431669924,4.12731902153699,0.0816771959950465,4074.94809987344,2.87053998884472,7.06349685078122e-46,0.980042154255587,9.35462443412785,401.134984257919,0.980605598898793,9.40425467595538,398.940639355129,TRUE,4.10621540638482,0.0923034375997365,8.55649387383463,2022-09-18 08:34:21,2022-09-18 08:35:14
"231","2","Sep","MSM","TR","3","2_Sep_MSM_TR_3",2022-09-18 08:38:58.5,474.634913686436,6.17405179264568,9.38719689273334e-35,0.946585123702006,18.8996573930615,425.026965004771,5.09354749612633,0.104241984203476,4006.05604661065,3.66357807129844,3.91123878933083e-45,0.978684733070915,11.9390069726554,404.666384478012,0.986424024658568,9.71683902273383,425.947834707174,TRUE,5.00611947680564,0.101008496076872,9.63346907607558,2022-09-18 08:38:32,2022-09-18 08:39:25
"232","2","Sep","MSM","TR","4","2_Sep_MSM_TR_4",2022-09-18 08:43:13.5,333.332028926623,2.64553482472941,3.39848517103859e-21,0.883179813939179,10.2164955163762,309.335697235356,2.22058025590553,0.0923421331905259,3997.61023242158,2.7135077974717,3.51748040367463e-26,0.932287912669925,7.77814621511094,312.065171746038,0.934215179040038,7.855982367123,309.335718196937,TRUE,2.22039313096055,0.0926957173952256,8.2988023829097,2022-09-18 08:42:52,2022-09-18 08:43:35
"233","2","Sep","MSM","TR","5","2_Sep_MSM_TR_5",2022-09-18 08:46:49.5,479.668483445448,4.93377841679482,4.691481486522e-31,0.925912387124809,19.8013659352203,391.365141177772,4.54715775350614,0.0763273565717889,3968.43799308851,2.68252021403156,1.56181130006927e-49,0.985560012445022,8.74189847092875,383.887423893253,0.988324986597302,8.01618464768124,391.458234986672,TRUE,4.56908381216647,0.078521315012384,9.18435470655647,2022-09-18 08:46:23,2022-09-18 08:47:16
"234","2","Sep","MSM","UP","1","2_Sep_MSM_UP_1",2022-09-18 08:56:03.5,NA,NA,NA,NA,NA,408.804090967413,14.558518752451,0.0897029064958338,3904.11559835881,3.15260308676005,5.0110095353716e-72,0.998029731235593,10.2738223404376,401.71826638766,0.998395396132963,9.45518220266796,408.890533994259,TRUE,14.5699274822305,0.0930218629652669,10.6269599288302,2022-09-18 08:55:37,2022-09-18 08:56:30
"235","2","Sep","MSM","UP","2","2_Sep_MSM_UP_2",2022-09-18 09:00:18.5,NA,NA,NA,NA,NA,370.273175809699,5.58808799859295,0.0627862084071032,3977.44629654302,2.20661740140367,1.6469337672397e-58,0.993478255940502,7.19100836085205,373.813880078598,0.99353349124706,7.30229750337577,370.316819593029,TRUE,5.58560095996855,0.0683299079357641,7.14865525792378,2022-09-18 08:59:52,2022-09-18 09:00:45
"236","2","Sep","MSM","UP","3","2_Sep_MSM_UP_3",2022-09-18 09:04:08.5,397.023548771977,2.38967763101689,1.7028211870868e-28,0.907095422134976,9.21212034067628,355.566228145127,1.86143257837393,0.0547928656530415,3956.19753424072,1.92569186594005,3.55714094947821e-37,0.956886129693638,6.27551758614378,355.049850614104,0.960345353018717,6.13768730982921,355.566443717014,TRUE,1.86089484830605,0.0557050699968749,8.85486039442452,2022-09-18 09:03:42,2022-09-18 09:04:35
"237","2","Sep","MSM","UP","4","2_Sep_MSM_UP_4",2022-09-18 09:09:20.5,NA,NA,NA,NA,NA,410.799677391392,15.0888426467781,0.0913758136934217,3920.41406674979,3.21139730649053,2.04145621542959e-72,0.99809661526476,10.4654231704604,403.537870038197,0.998454910630724,9.61583438112415,411.856853304203,TRUE,15.176532679194,0.0735575972168681,6.96884839612027,2022-09-18 09:08:54,2022-09-18 09:09:47
"238","2","Sep","MSM","UP","5","2_Sep_MSM_UP_5",2022-09-18 09:13:08.5,538.177075600119,6.78450223954643,1.13379730140764e-28,0.908534730275866,34.0386670842881,372.273145018729,7.07129149148868,0.0639597303103745,3923.32345137365,2.24786075592982,2.20851255757035e-63,0.995763809816842,7.32541376662763,376.1906152404,0.995770279165209,7.464779048159,372.273409700162,TRUE,7.07131374243748,0.0684905907963034,9.47417188973411,2022-09-18 09:12:42,2022-09-18 09:13:35
