"","Site","Zone","Replicate","Depth","Machine","User","Run_Date","Sample_Year","Sample_Month","Sample_ID","Dilution_Factor","CH4_Flag","CO2_Flag","CH4_Conc_ppm_dilcorr","CO2_Conc_ppm_dilcorr","CO2_Conc_ppm","qaqc_flag","Depth1"
"1","SWH","UP","SgwA","10cm","Varian GC","Wegner","20240628",2024,"April","SWH_UP_SgwA_10cm",1,"Within Range","Within Range",1.99599898219426,34062.3795080152,NA,NA,"10"
"2","SWH","UP","SgwA","20cm","Varian GC","Wegner","20240628",2024,"April","SWH_UP_SgwA_20cm",1,"Within Range","Within Range",5.71520176601467,34843.8398922092,NA,NA,"20"
"3","SWH","UP","SgwA","45cm","Varian GC","Wegner","20240628",2024,"April","SWH_UP_SgwA_45cm",1,"Within Range","Within Range",4036.25791313508,35848.8353073043,NA,NA,"45"
"4","SWH","UP","SgwB","10cm","Varian GC","Wegner","20240628",2024,"April","SWH_UP_SgwB_10cm",1,"Within Range","Within Range",2.2001298626368,12011.597078311,NA,NA,"10"
"5","SWH","UP","SgwB","20cm","Varian GC","Wegner","20240628",2024,"April","SWH_UP_SgwB_20cm",1,"Within Range","Within Range",7.78589304565522,24228.0831332706,NA,NA,"20"
"6","SWH","UP","SgwB","45cm","Varian GC","Wegner","20240628",2024,"April","SWH_UP_SgwB_45cm",1,"Within Range","Within Range",5.97809759688763,41909.4103299527,NA,NA,"45"
"7","SWH","UP","SgwC","10cm","Varian GC","Wegner","20240628",2024,"April","SWH_UP_SgwC_10cm",1,"Within Range","Within Range",2.04857814836885,6583.45143624575,NA,NA,"10"
"8","SWH","UP","SgwC","20cm","Varian GC","Wegner","20240628",2024,"April","SWH_UP_SgwC_20cm",1,"Within Range","Within Range",62.6739031937374,42295.9179004507,NA,NA,"20"
"9","SWH","UP","SgwC","45cm","Varian GC","Wegner","20240628",2024,"April","SWH_UP_SgwC_45cm",1,NA,NA,NA,NA,NA,NA,"45"
"10","SWH","UP","ATM","0cm","Varian GC","Wegner","20240628",2024,"April","SWH_UP_ATM",1,"Within Range","Within Range",2.07177483932823,357.327845334677,NA,NA,"SWH"
"11","SWH","SWAMP","SgwA","10cm","Varian GC","Wegner","20240628",2024,"April","SWH_SWAMP_SgwA_10cm",1,"Needs Dilution","Within Range",24228.8116162314,16161.4300901204,NA,NA,"10"
"12","SWH","SWAMP","SgwA","20cm","Varian GC","Wegner","20240628",2024,"April","SWH_SWAMP_SgwA_20cm",1,"Within Range","Within Range",8.02868507769671,243.586713267202,NA,NA,"20"
"13","SWH","SWAMP","SgwA","45cm","Varian GC","Wegner","20240628",2024,"April","SWH_SWAMP_SgwA_45cm",1,NA,NA,NA,NA,NA,NA,"45"
"14","SWH","SWAMP","SgwB","10cm","Varian GC","Wegner","20240628",2024,"April","SWH_SWAMP_SgwB_10cm",1,"Within Range","Within Range",73.8608940204138,21599.1397406172,NA,NA,"10"
"15","SWH","SWAMP","SgwB","20cm","Varian GC","Wegner","20240628",2024,"April","SWH_SWAMP_SgwB_20cm",1,"Within Range","Within Range",19.1507251696869,21058.1909325846,NA,NA,"20"
"16","SWH","SWAMP","SgwB","45cm","Varian GC","Wegner","20240628",2024,"April","SWH_SWAMP_SgwB_45cm",1,"Within Range","Within Range",9.28285283556713,21478.9327192261,NA,NA,"45"
"17","SWH","SWAMP","SgwC","10cm","Varian GC","Wegner","20240628",2024,"April","SWH_SWAMP_SgwC_10cm",1,"Within Range","Within Range",61.5171615378964,9709.8666987826,NA,NA,"10"
"18","SWH","SWAMP","SgwC","20cm","Varian GC","Wegner","20240628",2024,"April","SWH_SWAMP_SgwC_20cm",1,"Within Range","Within Range",106.056354625968,11105.8963806279,NA,NA,"20"
"19","SWH","SWAMP","SgwC","45cm","Varian GC","Wegner","20240628",2024,"April","SWH_SWAMP_SgwC_45cm",1,"Within Range","Within Range",17.0738481057905,20234.808407053,NA,NA,"45"
"20","SWH","SWAMP","ATM","0cm","Varian GC","Wegner","20240628",2024,"April","SWH_SWAMP_ATM",1,"Within Range","Within Range",2.25270902881139,714.34591173038,NA,NA,"SWH"
"21","SWH","TR","SgwA","10cm","Varian GC","Wegner","20240628",2024,"April","SWH_TR_SgwA_10cm",1,"Needs Dilution","Within Range",78057.4915352977,47312.5587406223,NA,NA,"10"
"22","SWH","TR","SgwA","20cm","Varian GC","Wegner","20240628",2024,"April","SWH_TR_SgwA_20cm",1,"Needs Dilution","Within Range",100343.740171455,40405.2964520409,NA,NA,"20"
"23","SWH","TR","SgwA","45cm","Varian GC","Wegner","20240628",2024,"April","SWH_TR_SgwA_45cm",1,NA,NA,NA,NA,NA,NA,"45"
"24","SWH","TR","SgwB","10cm","Varian GC","Wegner","20240628",2024,"April","SWH_TR_SgwB_10cm",1,"Within Range","Within Range",180.07770122092,25149.6186619503,NA,NA,"10"
"25","SWH","TR","SgwB","20cm","Varian GC","Wegner","20240628",2024,"April","SWH_TR_SgwB_20cm",1,"Needs Dilution","Within Range",23313.1337557069,23833.8646885483,NA,NA,"20"
"26","SWH","TR","SgwB","45cm","Varian GC","Wegner","20240628",2024,"April","SWH_TR_SgwB_45cm",1,"Needs Dilution","Within Range",37527.0600803597,20960.0035058909,NA,NA,"45"
"27","SWH","TR","SgwC","10cm","Varian GC","Wegner","20240628",2024,"April","SWH_TR_SgwC_10cm",1,"Within Range","Within Range",136.289910752854,3326.77747698961,NA,NA,"10"
"28","SWH","TR","SgwC","20cm","Varian GC","Wegner","20240628",2024,"April","SWH_TR_SgwC_20cm",1,"Within Range","Within Range",948.855873382338,28455.7936798434,NA,NA,"20"
"29","SWH","TR","SgwC","45cm","Varian GC","Wegner","20240628",2024,"April","SWH_TR_SgwC_45cm",1,NA,NA,NA,NA,NA,NA,"45"
"30","SWH","TR","ATM","0cm","Varian GC","Wegner","20240628",2024,"April","SWH_TR_ATM",1,"Within Range","Within Range",13.1133997359925,668.706027463204,NA,NA,"SWH"
"31","SWH","WC","SgwA","10cm","Varian GC","Wegner","20240628",2024,"April","SWH_WC_SgwA_10cm",1,"Needs Dilution","Within Range",11933.3844090127,33609.2336904069,NA,NA,"10"
"32","SWH","WC","SgwA","20cm","Varian GC","Wegner","20240628",2024,"April","SWH_WC_SgwA_20cm",1,"Needs Dilution","Within Range",10169.3474121958,35556.2007457793,NA,NA,"20"
"33","SWH","WC","SgwA","45cm","Varian GC","Wegner","20240628",2024,"April","SWH_WC_SgwA_45cm",1,"Within Range","Needs Dilution",26.2844808627278,53041.4399519543,NA,NA,"45"
"34","SWH","WC","SgwB","10cm","Varian GC","Wegner","20240628",2024,"April","SWH_WC_SgwB_10cm",1,NA,NA,NA,NA,NA,NA,"10"
"35","SWH","WC","SgwB","20cm","Varian GC","Wegner","20240628",2024,"April","SWH_WC_SgwB_20cm",1,"Within Range","Within Range",40.3215717852799,22174.6842120226,NA,NA,"20"
"36","SWH","WC","SgwB","45cm","Varian GC","Wegner","20240628",2024,"April","SWH_WC_SgwB_45cm",1,"Within Range","Needs Dilution",99.2974648302376,53413.1798213707,NA,NA,"45"
"37","SWH","WC","SgwC","10cm","Varian GC","Wegner","20240628",2024,"April","SWH_WC_SgwC_10cm",1,NA,NA,NA,NA,NA,NA,"10"
"38","SWH","WC","SgwC","20cm","Varian GC","Wegner","20240628",2024,"April","SWH_WC_SgwC_20cm",1,"Within Range","Within Range",28.0613473902163,41709.5300121672,NA,NA,"20"
"39","SWH","WC","SgwC","45cm","Varian GC","Wegner","20240628",2024,"April","SWH_WC_SgwC_45cm",1,NA,NA,NA,NA,NA,NA,"45"
"40","SWH","WC","ATM","0cm","Varian GC","Wegner","20240628",2024,"April","SWH_WC_ATM",1,"Within Range","Within Range",5.09507689436727,351.802866258713,NA,NA,"SWH"
"41","SWH","UP","SgwA","10cm","Varian GC","Wegner","20240628",2024,"May","SWH_UP_SgwA_10cm",1,"Within Range","Within Range",2.25425547487535,31498.221228265,NA,NA,"10"
"42","SWH","UP","SgwA","20cm","Varian GC","Wegner","20240628",2024,"May","SWH_UP_SgwA_20cm",1,"Within Range","Within Range",2.39652851275954,41661.4517934168,NA,NA,"20"
"43","SWH","UP","SgwA","45cm","Varian GC","Wegner","20240628",2024,"May","SWH_UP_SgwA_45cm",1,"Within Range","Within Range",5674.60894445771,46006.4892580617,NA,NA,"45"
"44","SWH","UP","SgwB","10cm","Varian GC","Wegner","20240628",2024,"May","SWH_UP_SgwB_10cm",1,"Within Range","Within Range",2.75066466140605,23578.2010150456,NA,NA,"10"
"45","SWH","UP","SgwB","20cm","Varian GC","Wegner","20240628",2024,"May","SWH_UP_SgwB_20cm",1,"Within Range","Within Range",3.72183278957205,33982.5455684077,NA,NA,"20"
"46","SWH","UP","SgwB","45cm","Varian GC","Wegner","20240628",2024,"May","SWH_UP_SgwB_45cm",1,"Within Range","Needs Dilution",2.13981846614241,51228.2886930178,NA,NA,"45"
"47","SWH","UP","SgwC","10cm","Varian GC","Wegner","20240628",2024,"May","SWH_UP_SgwC_10cm",1,"Within Range","Within Range",2.51869775181226,502.084592027966,NA,NA,"10"
"48","SWH","UP","SgwC","20cm","Varian GC","Wegner","20240628",2024,"May","SWH_UP_SgwC_20cm",1,"Within Range","Needs Dilution",220.00294193797,69427.6041927875,NA,NA,"20"
"49","SWH","UP","SgwC","45cm","Varian GC","Wegner","20240628",2024,"May","SWH_UP_SgwC_45cm",1,"Within Range","Within Range",107.38165890278,43402.6750537289,NA,NA,"45"
"50","SWH","UP","ATM","0cm","Varian GC","Wegner","20240628",2024,"May","SWH_UP_ATM",1,"Within Range","Within Range",3.0104676001511,714.070523365222,NA,NA,"SWH"
"51","SWH","SWAMP","SgwA","10cm","Varian GC","Wegner","20240628",2024,"May","SWH_SWAMP_SgwA_10cm",1,"Within Range","Within Range",228.227206622525,32084.4369988202,NA,NA,"10"
"52","SWH","SWAMP","SgwA","20cm","Varian GC","Wegner","20240628",2024,"May","SWH_SWAMP_SgwA_20cm",1,NA,NA,NA,NA,NA,NA,"20"
"53","SWH","SWAMP","SgwA","45cm","Varian GC","Wegner","20240628",2024,"May","SWH_SWAMP_SgwA_45cm",1,"Within Range","Within Range",32.0403531127817,23336.6567325148,NA,NA,"45"
"54","SWH","SWAMP","SgwB","10cm","Varian GC","Wegner","20240628",2024,"May","SWH_SWAMP_SgwB_10cm",1,"Within Range","Within Range",722.029154291995,28420.4005376631,NA,NA,"10"
"55","SWH","SWAMP","SgwB","20cm","Varian GC","Wegner","20240628",2024,"May","SWH_SWAMP_SgwB_20cm",1,"Within Range","Within Range",23.3787087085497,24683.1050341166,NA,NA,"20"
"56","SWH","SWAMP","SgwB","45cm","Varian GC","Wegner","20240628",2024,"May","SWH_SWAMP_SgwB_45cm",1,"Within Range","Within Range",13.8943549982916,25124.6042187819,NA,NA,"45"
"57","SWH","SWAMP","SgwC","10cm","Varian GC","Wegner","20240628",2024,"May","SWH_SWAMP_SgwC_10cm",1,"Within Range","Within Range",18.7424634088018,15497.5318515604,NA,NA,"10"
"58","SWH","SWAMP","SgwC","20cm","Varian GC","Wegner","20240628",2024,"May","SWH_SWAMP_SgwC_20cm",1,"Within Range","Within Range",75.6655965770535,15920.2587293341,NA,NA,"20"
"59","SWH","SWAMP","SgwC","45cm","Varian GC","Wegner","20240628",2024,"May","SWH_SWAMP_SgwC_45cm",1,"Within Range","Within Range",44.425839639026,25240.4279753608,NA,NA,"45"
"60","SWH","SWAMP","ATM","0cm","Varian GC","Wegner","20240628",2024,"May","SWH_SWAMP_ATM",1,"Within Range","Within Range",2.58210204043457,427.431396039972,NA,NA,"SWH"
"61","SWH","TR","SgwA","10cm","Varian GC","Wegner","20240628",2024,"May","SWH_TR_SgwA_10cm",1,"Needs Dilution","Needs Dilution",129780.630518186,84608.0722729022,NA,NA,"10"
"62","SWH","TR","SgwA","20cm","Varian GC","Wegner","20240628",2024,"May","SWH_TR_SgwA_20cm",1,"Needs Dilution","Needs Dilution",87283.8183629381,68657.7273317029,NA,NA,"20"
"63","SWH","TR","SgwA","45cm","Varian GC","Wegner","20240628",2024,"May","SWH_TR_SgwA_45cm",1,"Within Range","Needs Dilution",8710.71498390432,72929.4024833214,NA,NA,"45"
"64","SWH","TR","SgwB","10cm","Varian GC","Wegner","20240628",2024,"May","SWH_TR_SgwB_10cm",1,"Within Range","Within Range",2484.24332106546,48753.7406398381,NA,NA,"10"
"65","SWH","TR","SgwB","20cm","Varian GC","Wegner","20240628",2024,"May","SWH_TR_SgwB_20cm",1,"Needs Dilution","Within Range",64698.8105937685,41880.9133714166,NA,NA,"20"
"66","SWH","TR","SgwB","45cm","Varian GC","Wegner","20240628",2024,"May","SWH_TR_SgwB_45cm",1,"Needs Dilution","Within Range",53219.4945383191,29562.252495726,NA,NA,"45"
"67","SWH","TR","SgwC","10cm","Varian GC","Wegner","20240628",2024,"May","SWH_TR_SgwC_10cm",1,"Within Range","Within Range",102.238179294054,4083.57339072926,NA,NA,"10"
"68","SWH","TR","SgwC","20cm","Varian GC","Wegner","20240628",2024,"May","SWH_TR_SgwC_20cm",1,"Within Range","Within Range",732.13844532077,46370.4780924505,NA,NA,"20"
"69","SWH","TR","SgwC","45cm","Varian GC","Wegner","20240628",2024,"May","SWH_TR_SgwC_45cm",1,"Needs Dilution","Needs Dilution",45138.3961693087,61982.6920192977,NA,NA,"45"
"70","SWH","TR","ATM","0cm","Varian GC","Wegner","20240628",2024,"May","SWH_TR_ATM",1,"Within Range","Within Range",47.5945076240772,837.8403817305,NA,NA,"SWH"
"71","SWH","WC","SgwA","10cm","Varian GC","Wegner","20240628",2024,"May","SWH_WC_SgwA_10cm",1,"Needs Dilution","Needs Dilution",33978.4182485181,51858.744456984,NA,NA,"10"
"72","SWH","WC","SgwA","20cm","Varian GC","Wegner","20240628",2024,"May","SWH_WC_SgwA_20cm",1,"Within Range","Needs Dilution",3631.42697622509,56883.9624972788,NA,NA,"20"
"73","SWH","WC","SgwA","45cm","Varian GC","Wegner","20240628",2024,"May","SWH_WC_SgwA_45cm",1,"Within Range","Needs Dilution",159.595980968111,69899.3731485896,NA,NA,"45"
"74","SWH","WC","SgwB","10cm","Varian GC","Wegner","20240628",2024,"May","SWH_WC_SgwB_10cm",1,"Within Range","Needs Dilution",36.0765773397136,59084.195052474,NA,NA,"10"
"75","SWH","WC","SgwB","20cm","Varian GC","Wegner","20240628",2024,"May","SWH_WC_SgwB_20cm",1,"Within Range","Needs Dilution",695.042338896991,55985.8235051223,NA,NA,"20"
"76","SWH","WC","SgwB","45cm","Varian GC","Wegner","20240628",2024,"May","SWH_WC_SgwB_45cm",1,"Within Range","Needs Dilution",229.26062208027,70488.7271990561,NA,NA,"45"
"77","SWH","WC","SgwC","10cm","Varian GC","Wegner","20240628",2024,"May","SWH_WC_SgwC_10cm",1,"Needs Dilution","Needs Dilution",75922.0469366995,60216.9878807748,NA,NA,"10"
"78","SWH","WC","SgwC","20cm","Varian GC","Wegner","20240628",2024,"May","SWH_WC_SgwC_20cm",1,"Within Range","Needs Dilution",108.703870287465,74574.1078589035,NA,NA,"20"
"79","SWH","WC","SgwC","45cm","Varian GC","Wegner","20240628",2024,"May","SWH_WC_SgwC_45cm",1,"Within Range","Needs Dilution",49.0682707230297,70863.8864740065,NA,NA,"45"
"80","SWH","WC","ATM","0cm","Varian GC","Wegner","20240628",2024,"May","SWH_WC_ATM",1,"Within Range","Within Range",7.48897540137517,768.344980331594,NA,NA,"SWH"
"81","GCW","TR","SgwA","10cm","Varian GC","Wegner","20240627",2024,"April","GCW_TR_SgwA_10cm",1,"Within Range","Within Range",433.939665642096,NA,12757.9519476567,NA,"10"
"82","GCW","TR","SgwA","20cm","Varian GC","Wegner","20240627",2024,"April","GCW_TR_SgwA_20cm",1,"Within Range","Within Range",4.41610522278629,NA,35925.7125022825,NA,"20"
"83","GCW","TR","SgwA","45cm","Varian GC","Wegner","20240627",2024,"April","GCW_TR_SgwA_45cm",1,NA,NA,NA,NA,NA,NA,"45"
"84","GCW","TR","SgwB","10cm","Varian GC","Wegner","20240627",2024,"April","GCW_TR_SgwB_10cm",1,"Within Range","Within Range",22.8227411955627,NA,35431.5977439621,NA,"10"
"85","GCW","TR","SgwB","20cm","Varian GC","Wegner","20240627",2024,"April","GCW_TR_SgwB_20cm",1,"Within Range","Within Range",28.5391073223797,NA,39489.0376738672,NA,"20"
"86","GCW","TR","SgwB","45cm","Varian GC","Wegner","20240627",2024,"April","GCW_TR_SgwB_45cm",1,"Within Range","Within Range",12.9733416301386,NA,41280.0192347303,NA,"45"
"87","GCW","TR","SgwC","10cm","Varian GC","Wegner","20240627",2024,"April","GCW_TR_SgwC_10cm",1,"Within Range","Needs Dilution",271.690810423343,NA,50107.8006874553,NA,"10"
"88","GCW","TR","SgwC","20cm","Varian GC","Wegner","20240627",2024,"April","GCW_TR_SgwC_20cm",1,"Within Range","Within Range",270.299538083778,NA,39915.1358615748,NA,"20"
"89","GCW","TR","SgwC","45cm","Varian GC","Wegner","20240627",2024,"April","GCW_TR_SgwC_45cm",1,"Within Range","Within Range",8.6435720225193,NA,38137.5473405249,NA,"45"
"90","GCW","TR","ATM","0cm","Varian GC","Wegner","20240627",2024,"April","GCW_TR_ATM",1,"Within Range","Within Range",2.91933644894187,NA,421.976618813925,NA,"GCW"
"91","GCW","WC","SgwA","10cm","Varian GC","Wegner","20240627",2024,"April","GCW_WC_SgwA_10cm",1,"Needs Dilution","Within Range",52550.3572141385,NA,22109.3044831085,"CH4 unusually high, not real value","10"
"92","GCW","WC","SgwA","20cm","Varian GC","Wegner","20240627",2024,"April","GCW_WC_SgwA_20cm",1,"Needs Dilution","Within Range",37408.1300139336,NA,28514.6064187795,"CH4 unusually high, not real value","20"
"93","GCW","WC","SgwA","45cm","Varian GC","Wegner","20240627",2024,"April","GCW_WC_SgwA_45cm",1,"Needs Dilution","Within Range",68787.6846857934,NA,37696.8315041005,"CH4 unusually high, not real value","45"
"94","GCW","WC","SgwB","10cm","Varian GC","Wegner","20240627",2024,"April","GCW_WC_SgwB_10cm",1,NA,NA,NA,NA,NA,NA,"10"
"95","GCW","WC","SgwB","20cm","Varian GC","Wegner","20240627",2024,"April","GCW_WC_SgwB_20cm",1,NA,NA,NA,NA,NA,NA,"20"
"96","GCW","WC","SgwB","45cm","Varian GC","Wegner","20240627",2024,"April","GCW_WC_SgwB_45cm",1,"Needs Dilution","Within Range",46329.8063311791,NA,40822.0931629348,"CH4 unusually high, not real value","45"
"97","GCW","WC","SgwC","10cm","Varian GC","Wegner","20240627",2024,"April","GCW_WC_SgwC_10cm",1,"Within Range","Within Range",4525.07038789784,NA,19925.3967015686,NA,"10"
"98","GCW","WC","SgwC","20cm","Varian GC","Wegner","20240627",2024,"April","GCW_WC_SgwC_20cm",1,"Needs Dilution","Within Range",15970.3176321988,NA,13431.773582294,NA,"20"
"99","GCW","WC","SgwC","45cm","Varian GC","Wegner","20240627",2024,"April","GCW_WC_SgwC_45cm",1,"Within Range","Within Range",4105.23739666827,NA,14738.3595979394,NA,"45"
"100","GCW","WC","ATM","0cm","Varian GC","Wegner","20240627",2024,"April","GCW_WC_ATM",1,"Within Range","Within Range",6.76592202546737,NA,374.557372588365,NA,"GCW"
"101","MSM","UP","sgwA","10cm","Varian GC","Wegner","20240627",2024,"April","MSM_UP_sgwA_10cm",1,"Within Range","Needs Dilution",428.798583092086,NA,90661.4592932712,NA,"10"
"102","MSM","UP","SgwA","20cm","Varian GC","Wegner","20240627",2024,"April","MSM_UP_SgwA_20cm",1,NA,NA,NA,NA,NA,NA,"20"
"103","MSM","UP","SgwA","45cm","Varian GC","Wegner","20240627",2024,"April","MSM_UP_SgwA_45cm",1,"Within Range","Within Range",101.984653937994,NA,49886.5407402458,NA,"45"
"104","MSM","UP","SgwB","10cm","Varian GC","Wegner","20240627",2024,"April","MSM_UP_SgwB_10cm",1,"Within Range","Needs Dilution",131.808314339686,NA,56862.504451261,NA,"10"
"105","MSM","UP","SgwB","20cm","Varian GC","Wegner","20240627",2024,"April","MSM_UP_SgwB_20cm",1,"Within Range","Needs Dilution",29.9634771860276,NA,57511.0692739756,NA,"20"
"106","MSM","UP","SgwB","45cm","Varian GC","Wegner","20240627",2024,"April","MSM_UP_SgwB_45cm",1,"Within Range","Within Range",21.6895408620528,NA,32042.1491155732,NA,"45"
"107","MSM","UP","SgwC","10cm","Varian GC","Wegner","20240627",2024,"April","MSM_UP_SgwC_10cm",1,"Within Range","Needs Dilution",28.4037528380993,NA,59379.0817217219,NA,"10"
"108","MSM","UP","SgwC","20cm","Varian GC","Wegner","20240627",2024,"April","MSM_UP_SgwC_20cm",1,"Within Range","Within Range",14.0734902872545,NA,38897.5276786532,NA,"20"
"109","MSM","UP","SgwC","45cm","Varian GC","Wegner","20240627",2024,"April","MSM_UP_SgwC_45cm",1,"Within Range","Within Range",20.4225599336145,NA,32052.6628310376,NA,"45"
"110","MSM","UP","ATM","0cm","Varian GC","Wegner","20240627",2024,"April","MSM_UP_ATM",1,"Within Range","Within Range",2.46290853683369,NA,903.235970498203,NA,"MSM"
"111","MSM","TR","SgwA","10cm","Varian GC","Wegner","20240627",2024,"April","MSM_TR_SgwA_10cm",1,"Within Range","Within Range",12.2115791837236,NA,29488.9351309397,NA,"10"
"112","MSM","TR","SgwA","20cm","Varian GC","Wegner","20240627",2024,"April","MSM_TR_SgwA_20cm",1,"Within Range","Within Range",3755.04089858708,NA,45767.1296261201,NA,"20"
"113","MSM","TR","SgwA","45cm","Varian GC","Wegner","20240627",2024,"April","MSM_TR_SgwA_45cm",1,"Within Range","Within Range",150.411613051579,NA,6713.47355828402,NA,"45"
"114","MSM","TR","SgwB","10cm","Varian GC","Wegner","20240627",2024,"April","MSM_TR_SgwB_10cm",1,"Within Range","Within Range",2.37004906505996,NA,626.080093969974,NA,"10"
"115","MSM","TR","SgwB","20cm","Varian GC","Wegner","20240627",2024,"April","MSM_TR_SgwB_20cm",1,"Within Range","Within Range",8.34453304562083,NA,24070.626155602,NA,"20"
"116","MSM","TR","SgwB","45cm","Varian GC","Wegner","20240627",2024,"April","MSM_TR_SgwB_45cm",1,"Within Range","Within Range",6.64158476665169,NA,23037.8387959785,NA,"45"
"117","MSM","TR","SgwC","10cm","Varian GC","Wegner","20240627",2024,"April","MSM_TR_SgwC_10cm",1,"Within Range","Within Range",7.1924460398857,NA,19006.3486274244,NA,"10"
"118","MSM","TR","SgwC","20cm","Varian GC","Wegner","20240627",2024,"April","MSM_TR_SgwC_20cm",1,"Within Range","Within Range",5.2974832599607,NA,30337.6189695975,NA,"20"
"119","MSM","TR","SgwC","45cm","Varian GC","Wegner","20240627",2024,"April","MSM_TR_SgwC_45cm",1,"Within Range","Within Range",6.78638258704463,NA,44973.8996628354,NA,"45"
"120","MSM","TR","ATM","0cm","Varian GC","Wegner","20240627",2024,"April","MSM_TR_ATM",1,"Within Range","Within Range",2.04268007982375,NA,399.216814314129,NA,"MSM"
"121","MSM","WC","SgwA","10cm","Varian GC","Wegner","20240627",2024,"April","MSM_WC_SgwA_10cm",1,"Within Range","Within Range",1147.76506498763,NA,16454.0366717882,NA,"10"
"122","MSM","WC","SgwA","20cm","Varian GC","Wegner","20240627",2024,"April","MSM_WC_SgwA_20cm",1,"Within Range","Within Range",58.4902216927889,NA,42497.0415367627,NA,"20"
"123","MSM","WC","SgwA","45cm","Varian GC","Wegner","20240627",2024,"April","MSM_WC_SgwA_45cm",1,"Within Range","Within Range",6.43697915087906,NA,35587.4994179348,NA,"45"
"124","MSM","WC","SgwB","10cm","Varian GC","Wegner","20240627",2024,"April","MSM_WC_SgwB_10cm",1,NA,NA,NA,NA,NA,NA,"10"
"125","MSM","WC","SgwB","20cm","Varian GC","Wegner","20240627",2024,"April","MSM_WC_SgwB_20cm",1,NA,NA,NA,NA,NA,NA,"20"
"126","MSM","WC","SgwB","45cm","Varian GC","Wegner","20240627",2024,"April","MSM_WC_SgwB_45cm",1,"Within Range","Needs Dilution",38.2012140549042,NA,55381.1040212108,NA,"45"
"127","MSM","WC","SgwC","10cm","Varian GC","Wegner","20240627",2024,"April","MSM_WC_SgwC_10cm",1,"Within Range","Within Range",24.9632307144149,NA,41464.9053106538,NA,"10"
"128","MSM","WC","SgwC","20cm","Varian GC","Wegner","20240627",2024,"April","MSM_WC_SgwC_20cm",1,"Within Range","Within Range",87.6370786042765,NA,42215.1365671696,NA,"20"
"129","MSM","WC","SgwC","45cm","Varian GC","Wegner","20240627",2024,"April","MSM_WC_SgwC_45cm",1,"Within Range","Within Range",43.1148966121516,NA,35774.1238411311,NA,"45"
"130","MSM","WC","ATM","0cm","Varian GC","Wegner","20240627",2024,"April","MSM_WC_ATM",1,"Within Range","Within Range",1.98916784185244,NA,382.824976112701,NA,"MSM"
"131","GWI","UP","SgwA","10cm","Varian GC","Wegner","20240627",2024,"April","GWI_UP_SgwA_10cm",1,"Within Range","Within Range",2.02694118630278,NA,2581.58935444815,NA,"10"
"132","GWI","UP","SgwA","20cm","Varian GC","Wegner","20240627",2024,"April","GWI_UP_SgwA_20cm",1,NA,NA,NA,NA,NA,NA,"20"
"133","GWI","UP","SgwA","45cm","Varian GC","Wegner","20240627",2024,"April","GWI_UP_SgwA_45cm",1,NA,NA,NA,NA,NA,NA,"45"
"134","GWI","UP","SgwB","10cm","Varian GC","Wegner","20240627",2024,"April","GWI_UP_SgwB_10cm",1,"Within Range","Within Range",2.11507899002022,NA,1542.26079116926,NA,"10"
"135","GWI","UP","SgwB","20cm","Varian GC","Wegner","20240627",2024,"April","GWI_UP_SgwB_20cm",1,"Within Range","Within Range",2.04582785852794,NA,333.225328668656,NA,"20"
"136","GWI","UP","SgwB","45cm","Varian GC","Wegner","20240627",2024,"April","GWI_UP_SgwB_45cm",1,"Within Range","Within Range",2.38578795858093,NA,3528.74967005582,NA,"45"
"137","GWI","UP","SgwC","10cm","Varian GC","Wegner","20240627",2024,"April","GWI_UP_SgwC_10cm",1,"Within Range","Within Range",2.48966465581935,NA,3060.72206823166,NA,"10"
"138","GWI","UP","SgwC","20cm","Varian GC","Wegner","20240627",2024,"April","GWI_UP_SgwC_20cm",1,"Within Range","Within Range",2.6265930294518,NA,4308.5089354016,NA,"20"
"139","GWI","UP","SgwC","45cm","Varian GC","Wegner","20240627",2024,"April","GWI_UP_SgwC_45cm",1,"Within Range","Within Range",12.5735737347059,NA,44315.3707052374,NA,"45"
"140","GWI","UP","ATM","0cm","Varian GC","Wegner","20240627",2024,"April","GWI_UP_ATM",1,"Within Range","Within Range",2.34486683542641,NA,397.795073245638,NA,"GWI"
"141","GWI","TR","SgwA","10cm","Varian GC","Wegner","20240627",2024,"April","GWI_TR_SgwA_10cm",1,"Within Range","Needs Dilution",7.82672344878086,NA,66209.8904486057,NA,"10"
"142","GWI","TR","SgwA","20cm","Varian GC","Wegner","20240627",2024,"April","GWI_TR_SgwA_20cm",1,"Within Range","Within Range",2.46448242618579,NA,49148.1971506473,NA,"20"
"143","GWI","TR","SgwA","45cm","Varian GC","Wegner","20240627",2024,"April","GWI_TR_SgwA_45cm",1,"Within Range","Within Range",2.19219956827298,NA,480.076844159075,NA,"45"
"144","GWI","TR","SgwB","10cm","Varian GC","Wegner","20240627",2024,"April","GWI_TR_SgwB_10cm",1,"Within Range","Within Range",24.5209678064756,NA,33323.9382943475,NA,"10"
"145","GWI","TR","SgwB","20cm","Varian GC","Wegner","20240627",2024,"April","GWI_TR_SgwB_20cm",1,"Within Range","Within Range",8.0848413025248,NA,49768.7632322358,NA,"20"
"146","GWI","TR","SgwB","45cm","Varian GC","Wegner","20240627",2024,"April","GWI_TR_SgwB_45cm",1,"Within Range","Within Range",277.742845100449,NA,4253.52698248398,"CH4 unusually high, not real value","45"
"147","GWI","TR","SgwC","10cm","Varian GC","Wegner","20240627",2024,"April","GWI_TR_SgwC_10cm",1,"Within Range","Within Range",2.22839902337122,NA,24077.9499142153,NA,"10"
"148","GWI","TR","SgwC","20cm","Varian GC","Wegner","20240627",2024,"April","GWI_TR_SgwC_20cm",1,"Within Range","Within Range",2.3495885034827,NA,41989.35452757,NA,"20"
"149","GWI","TR","SgwC","45cm","Varian GC","Wegner","20240627",2024,"April","GWI_TR_SgwC_45cm",1,NA,NA,NA,NA,NA,NA,"45"
"150","GWI","TR","ATM","0cm","Varian GC","Wegner","20240627",2024,"April","GWI_TR_ATM",1,"Within Range","Within Range",2.03638452241536,NA,352.054437273212,NA,"GWI"
"151","GWI","WC","SgwA","10cm","Varian GC","Wegner","20240627",2024,"April","GWI_WC_SgwA_10cm",1,"Within Range","Needs Dilution",29.9194082841689,NA,62443.3936993721,NA,"10"
"152","GWI","WC","SgwA","20cm","Varian GC","Wegner","20240627",2024,"April","GWI_WC_SgwA_20cm",1,"Within Range","Needs Dilution",22.3269660496521,NA,70618.8170286324,NA,"20"
"153","GWI","WC","SgwA","45cm","Varian GC","Wegner","20240627",2024,"April","GWI_WC_SgwA_45cm",1,NA,NA,NA,NA,NA,NA,"45"
"154","GWI","WC","SgwB","10cm","Varian GC","Wegner","20240627",2024,"April","GWI_WC_SgwB_10cm",1,"Within Range","Needs Dilution",7.90541791638572,NA,53571.9385115558,NA,"10"
"155","GWI","WC","SgwB","20cm","Varian GC","Wegner","20240627",2024,"April","GWI_WC_SgwB_20cm",1,"Within Range","Within Range",2.10878343261183,NA,412.806986292354,NA,"20"
"156","GWI","WC","SgwB","45cm","Varian GC","Wegner","20240627",2024,"April","GWI_WC_SgwB_45cm",1,"Within Range","Within Range",2.23312069142751,NA,46900.4842583824,NA,"45"
"157","GWI","WC","SgwC","10cm","Varian GC","Wegner","20240627",2024,"April","GWI_WC_SgwC_10cm",1,"Within Range","Within Range",2.04268007982375,NA,382.078263366645,NA,"10"
"158","GWI","WC","SgwC","20cm","Varian GC","Wegner","20240627",2024,"April","GWI_WC_SgwC_20cm",1,"Within Range","Needs Dilution",3.59453498099156,NA,53912.2603126984,NA,"20"
"159","GWI","WC","SgwC","45cm","Varian GC","Wegner","20240627",2024,"April","GWI_WC_SgwC_45cm",1,"Within Range","Within Range",1.45404546213941,NA,49056.7815894241,NA,"45"
"160","GWI","WC","ATM","0cm","Varian GC","Wegner","20240627",2024,"April","GWI_WC_ATM",1,"Within Range","Within Range",1.9608378335147,NA,689.096676035158,NA,"GWI"
"161","GCW","TR","SgwA","10cm","Varian GC","Wegner","20240710",2024,"May","GCW_TR_SgwA_10cm",1,"Within Range","Within Range",7.38777320784005,29686.1634561356,NA,NA,"10"
"162","GCW","TR","SgwA","20cm","Varian GC","Wegner","20240710",2024,"May","GCW_TR_SgwA_20cm",1,"Within Range","Within Range",4.2482791013895,46770.6249539929,NA,NA,"20"
"163","GCW","TR","SgwA","45cm","Varian GC","Wegner","20240710",2024,"May","GCW_TR_SgwA_45cm",1,NA,NA,NA,NA,NA,NA,"45"
"164","GCW","TR","SgwB","10cm","Varian GC","Wegner","20240710",2024,"May","GCW_TR_SgwB_10cm",1,"Within Range","Needs Dilution",679.553964872615,53204.0001991492,NA,NA,"10"
"165","GCW","TR","SgwB","20cm","Varian GC","Wegner","20240710",2024,"May","GCW_TR_SgwB_20cm",1,"Within Range","Needs Dilution",252.468718915464,58552.1958676824,NA,NA,"20"
"166","GCW","TR","SgwB","45cm","Varian GC","Wegner","20240710",2024,"May","GCW_TR_SgwB_45cm",1,"Within Range","Needs Dilution",36.0584126723432,63256.9646443878,NA,NA,"45"
"167","GCW","TR","SgwC","10cm","Varian GC","Wegner","20240710",2024,"May","GCW_TR_SgwC_10cm",1,"Within Range","Needs Dilution",3533.84595448126,65551.1123207674,NA,NA,"10"
"168","GCW","TR","SgwC","20cm","Varian GC","Wegner","20240710",2024,"May","GCW_TR_SgwC_20cm",1,"Within Range","Needs Dilution",161.163445399557,57031.8152363607,NA,NA,"20"
"169","GCW","TR","SgwC","45cm","Varian GC","Wegner","20240710",2024,"May","GCW_TR_SgwC_45cm",1,"Within Range","Needs Dilution",30.1403225612009,51859.4364380091,NA,NA,"45"
"170","GCW","TR","ATM","0cm","Varian GC","Wegner","20240710",2024,"May","GCW_TR_ATM",1,"Within Range","Within Range",2.25216128192704,1373.93021628231,NA,NA,"GCW"
"171","GCW","WC","SgwA","10cm","Varian GC","Wegner","20240710",2024,"May","GCW_WC_SgwA_10cm",1,"Needs Dilution","Within Range",16590.4482225178,47176.9207138462,NA,NA,"10"
"172","GCW","WC","SgwA","20cm","Varian GC","Wegner","20240710",2024,"May","GCW_WC_SgwA_20cm",1,"Needs Dilution","Within Range",17976.8902444406,43965.4619667791,NA,NA,"20"
"173","GCW","WC","SgwA","45cm","Varian GC","Wegner","20240710",2024,"May","GCW_WC_SgwA_45cm",1,"Needs Dilution","Needs Dilution",40840.3662489687,55249.9079723782,NA,"CH4 unusually high, not real value","45"
"174","GCW","WC","SgwB","10cm","Varian GC","Wegner","20240710",2024,"May","GCW_WC_SgwB_10cm",1,"Needs Dilution","Within Range",28593.5787907476,47005.4301685074,NA,NA,"10"
"175","GCW","WC","SgwB","20cm","Varian GC","Wegner","20240710",2024,"May","GCW_WC_SgwB_20cm",1,"Needs Dilution","Within Range",10156.0964436608,36158.878073699,NA,NA,"20"
"176","GCW","WC","SgwB","45cm","Varian GC","Wegner","20240710",2024,"May","GCW_WC_SgwB_45cm",1,NA,NA,NA,NA,NA,NA,"45"
"177","GCW","WC","SgwC","10cm","Varian GC","Wegner","20240710",2024,"May","GCW_WC_SgwC_10cm",1,"Within Range","Within Range",3941.32051013257,37758.8015311304,NA,NA,"10"
"178","GCW","WC","SgwC","20cm","Varian GC","Wegner","20240710",2024,"May","GCW_WC_SgwC_20cm",1,"Needs Dilution","Within Range",11321.1564164743,28659.8893667349,NA,NA,"20"
"179","GCW","WC","SgwC","45cm","Varian GC","Wegner","20240710",2024,"May","GCW_WC_SgwC_45cm",1,"Within Range","Within Range",2245.5677632076,36810.8865948317,NA,NA,"45"
"180","GCW","WC","ATM","0cm","Varian GC","Wegner","20240710",2024,"May","GCW_WC_ATM",1,"Within Range","Within Range",14.6488513879167,581.165219452737,NA,NA,"GCW"
"181","MSM","UP","sgwA","10cm","Varian GC","Wegner","20240710",2024,"May","MSM_UP_sgwA_10cm",1,"Within Range","Within Range",2.99631400502264,8479.25887274913,NA,NA,"10"
"182","MSM","UP","SgwA","20cm","Varian GC","Wegner","20240710",2024,"May","MSM_UP_SgwA_20cm",1,"Within Range","Within Range",3.45781644488236,24991.3316143289,NA,NA,"20"
"183","MSM","UP","SgwA","45cm","Varian GC","Wegner","20240710",2024,"May","MSM_UP_SgwA_45cm",1,"Within Range","Needs Dilution",58.3861881537225,62003.2537049447,NA,NA,"45"
"184","MSM","UP","SgwB","10cm","Varian GC","Wegner","20240710",2024,"May","MSM_UP_SgwB_10cm",1,"Within Range","Within Range",2.14037868403714,3018.44855427443,NA,NA,"10"
"185","MSM","UP","SgwB","20cm","Varian GC","Wegner","20240710",2024,"May","MSM_UP_SgwB_20cm",1,"Within Range","Within Range",2.48690473749582,20702.2924713472,NA,NA,"20"
"186","MSM","UP","SgwB","45cm","Varian GC","Wegner","20240710",2024,"May","MSM_UP_SgwB_45cm",1,NA,NA,NA,NA,NA,NA,"45"
"187","MSM","UP","SgwC","10cm","Varian GC","Wegner","20240710",2024,"May","MSM_UP_SgwC_10cm",1,"Within Range","Within Range",2.15954141510398,8308.78628619684,NA,NA,"10"
"188","MSM","UP","SgwC","20cm","Varian GC","Wegner","20240710",2024,"May","MSM_UP_SgwC_20cm",1,"Within Range","Within Range",2.44219169833986,16202.3109616839,NA,NA,"20"
"189","MSM","UP","SgwC","45cm","Varian GC","Wegner","20240710",2024,"May","MSM_UP_SgwC_45cm",1,"Within Range","Within Range",26.8858520683494,45075.6999009728,NA,NA,"45"
"190","MSM","UP","ATM","0cm","Varian GC","Wegner","20240710",2024,"May","MSM_UP_ATM",1,"Within Range","Within Range",1.89924765144607,383.290602774871,NA,NA,"MSM"
"191","MSM","TR","SgwA","10cm","Varian GC","Wegner","20240710",2024,"May","MSM_TR_SgwA_10cm",1,"Within Range","Needs Dilution",5.16170261557552,55625.1619076076,NA,NA,"10"
"192","MSM","TR","SgwA","20cm","Varian GC","Wegner","20240710",2024,"May","MSM_TR_SgwA_20cm",1,"Needs Dilution","Needs Dilution",24570.3970073464,61783.859912989,NA,"CH4 unusually high, not real value","20"
"193","MSM","TR","SgwA","45cm","Varian GC","Wegner","20240710",2024,"May","MSM_TR_SgwA_45cm",1,"Within Range","Within Range",174.825370106058,48811.7566066363,NA,NA,"45"
"194","MSM","TR","SgwB","10cm","Varian GC","Wegner","20240710",2024,"May","MSM_TR_SgwB_10cm",1,"Within Range","Within Range",241.521117112457,47532.3362894685,NA,NA,"10"
"195","MSM","TR","SgwB","20cm","Varian GC","Wegner","20240710",2024,"May","MSM_TR_SgwB_20cm",1,NA,NA,NA,NA,NA,NA,"20"
"196","MSM","TR","SgwB","45cm","Varian GC","Wegner","20240710",2024,"May","MSM_TR_SgwB_45cm",1,NA,NA,NA,NA,NA,NA,"45"
"197","MSM","TR","SgwC","10cm","Varian GC","Wegner","20240710",2024,"May","MSM_TR_SgwC_10cm",1,"Within Range","Within Range",5.6838870371469,30502.9451782891,NA,NA,"10"
"198","MSM","TR","SgwC","20cm","Varian GC","Wegner","20240710",2024,"May","MSM_TR_SgwC_20cm",1,"Within Range","Within Range",6.94862728755831,40474.3545533051,NA,NA,"20"
"199","MSM","TR","SgwC","45cm","Varian GC","Wegner","20240710",2024,"May","MSM_TR_SgwC_45cm",1,"Within Range","Needs Dilution",7.16420801206026,66420.9048385655,NA,NA,"45"
"200","MSM","TR","ATM","0cm","Varian GC","Wegner","20240710",2024,"May","MSM_TR_ATM",1,"Within Range","Within Range",1.83856566973442,736.344750747037,NA,NA,"MSM"
"201","MSM","WC","SgwA","10cm","Varian GC","Wegner","20240710",2024,"May","MSM_WC_SgwA_10cm",1,"Within Range","Within Range",1360.88078945714,27484.0049275405,NA,NA,"10"
"202","MSM","WC","SgwA","20cm","Varian GC","Wegner","20240710",2024,"May","MSM_WC_SgwA_20cm",1,"Within Range","Needs Dilution",111.620255057403,54530.1282531963,NA,NA,"20"
"203","MSM","WC","SgwA","45cm","Varian GC","Wegner","20240710",2024,"May","MSM_WC_SgwA_45cm",1,"Within Range","Needs Dilution",8.74513332507452,57469.9754735781,NA,NA,"45"
"204","MSM","WC","SgwB","10cm","Varian GC","Wegner","20240710",2024,"May","MSM_WC_SgwB_10cm",1,NA,NA,NA,NA,NA,NA,"10"
"205","MSM","WC","SgwB","20cm","Varian GC","Wegner","20240710",2024,"May","MSM_WC_SgwB_20cm",1,NA,NA,NA,NA,NA,NA,"20"
"206","MSM","WC","SgwB","45cm","Varian GC","Wegner","20240710",2024,"May","MSM_WC_SgwB_45cm",1,"Within Range","Needs Dilution",32.8438645358809,80398.7040790821,NA,NA,"45"
"207","MSM","WC","SgwC","10cm","Varian GC","Wegner","20240710",2024,"May","MSM_WC_SgwC_10cm",1,"Within Range","Within Range",582.813355906086,43259.4897932306,NA,NA,"10"
"208","MSM","WC","SgwC","20cm","Varian GC","Wegner","20240710",2024,"May","MSM_WC_SgwC_20cm",1,"Within Range","Within Range",411.816030218616,47349.8435035242,NA,NA,"20"
"209","MSM","WC","SgwC","45cm","Varian GC","Wegner","20240710",2024,"May","MSM_WC_SgwC_45cm",1,"Within Range","Needs Dilution",35.9434362859422,59713.5566390737,NA,NA,"45"
"210","MSM","WC","ATM","0cm","Varian GC","Wegner","20240710",2024,"May","MSM_WC_ATM",1,"Within Range","Within Range",1.67568245566628,498.503414968088,NA,NA,"MSM"
"211","GWI","UP","SgwA","10cm","Varian GC","Wegner","20240710",2024,"May","GWI_UP_SgwA_10cm",1,"Within Range","Within Range",1.58465948309879,3182.05583738273,NA,NA,"10"
"212","GWI","UP","SgwA","20cm","Varian GC","Wegner","20240710",2024,"May","GWI_UP_SgwA_20cm",1,"Within Range","Within Range",1.76191474546706,5543.62552827429,NA,NA,"20"
"213","GWI","UP","SgwA","45cm","Varian GC","Wegner","20240710",2024,"May","GWI_UP_SgwA_45cm",1,NA,NA,NA,NA,NA,NA,"45"
"214","GWI","UP","SgwB","10cm","Varian GC","Wegner","20240710",2024,"May","GWI_UP_SgwB_10cm",1,"Within Range","Within Range",1.72358928333338,2415.08307538842,NA,NA,"10"
"215","GWI","UP","SgwB","20cm","Varian GC","Wegner","20240710",2024,"May","GWI_UP_SgwB_20cm",1,"Within Range","Within Range",1.95354205613545,5183.42791370136,NA,NA,"20"
"216","GWI","UP","SgwB","45cm","Varian GC","Wegner","20240710",2024,"May","GWI_UP_SgwB_45cm",1,"Within Range","Within Range",0.355050906309916,26048.097120405,NA,NA,"45"
"217","GWI","UP","SgwC","10cm","Varian GC","Wegner","20240710",2024,"May","GWI_UP_SgwC_10cm",1,"Within Range","Within Range",2.22022339681564,21139.9910760917,NA,NA,"10"
"218","GWI","UP","SgwC","20cm","Varian GC","Wegner","20240710",2024,"May","GWI_UP_SgwC_20cm",1,"Within Range","Within Range",5.49385662073407,19138.1159387449,NA,NA,"20"
"219","GWI","UP","SgwC","45cm","Varian GC","Wegner","20240710",2024,"May","GWI_UP_SgwC_45cm",1,"Within Range","Within Range",1.68845760971084,2899.16982530016,NA,NA,"45"
"220","GWI","UP","ATM","0cm","Varian GC","Wegner","20240710",2024,"May","GWI_UP_ATM",1,"Within Range","Within Range",2.02859608614724,431.093237186163,NA,NA,"GWI"
"221","GWI","TR","SgwA","10cm","Varian GC","Wegner","20240710",2024,"May","GWI_TR_SgwA_10cm",1,"Within Range","Needs Dilution",0.862863279581166,67317.5193867155,NA,NA,"10"
"222","GWI","TR","SgwA","20cm","Varian GC","Wegner","20240710",2024,"May","GWI_TR_SgwA_20cm",1,"Within Range","Needs Dilution",2.16273520361512,68350.9191876219,NA,NA,"20"
"223","GWI","TR","SgwA","45cm","Varian GC","Wegner","20240710",2024,"May","GWI_TR_SgwA_45cm",1,NA,NA,NA,NA,NA,NA,"45"
"224","GWI","TR","SgwB","10cm","Varian GC","Wegner","20240710",2024,"May","GWI_TR_SgwB_10cm",1,NA,NA,NA,NA,NA,NA,"10"
"225","GWI","TR","SgwB","20cm","Varian GC","Wegner","20240710",2024,"May","GWI_TR_SgwB_20cm",1,"Within Range","Within Range",36.040846835532,34894.8277505347,NA,NA,"20"
"226","GWI","TR","SgwB","20001cm","Varian GC","Wegner","20240710",2024,"May","GWI_TR_SgwB_20001cm",1,"Within Range","Within Range",433.331596548539,46655.0274480722,NA,"CH4 unusually high, not real value","20001"
"227","GWI","TR","SgwB","45cm","Varian GC","Wegner","20240710",2024,"May","GWI_TR_SgwB_45cm",1,NA,NA,NA,NA,NA,NA,"45"
"228","GWI","TR","SgwC","10cm","Varian GC","Wegner","20240710",2024,"May","GWI_TR_SgwC_10cm",1,"Within Range","Within Range",9.02938050256598,22250.1283980798,NA,NA,"10"
"229","GWI","TR","SgwC","20cm","Varian GC","Wegner","20240710",2024,"May","GWI_TR_SgwC_20cm",1,"Within Range","Needs Dilution",5.17447776962008,60728.4260390464,NA,NA,"20"
"230","GWI","TR","SgwC","45cm","Varian GC","Wegner","20240710",2024,"May","GWI_TR_SgwC_45cm",1,"Within Range","Within Range",43.1358480130293,28206.690563956,NA,NA,"45"
"231","GWI","TR","ATM","0cm","Varian GC","Wegner","20240710",2024,"May","GWI_TR_ATM",1,"Within Range","Within Range",1.9615265274133,971.576087544262,NA,NA,"GWI"
"232","GWI","WC","SgwA","10cm","Varian GC","Wegner","20240710",2024,"May","GWI_WC_SgwA_10cm",1,"Within Range","Needs Dilution",22.5087649138321,96635.7208055244,NA,NA,"10"
"233","GWI","WC","SgwA","20cm","Varian GC","Wegner","20240710",2024,"May","GWI_WC_SgwA_20cm",1,"Within Range","Needs Dilution",14.120279389323,93687.972567817,NA,NA,"20"
"234","GWI","WC","SgwA","45cm","Varian GC","Wegner","20240710",2024,"May","GWI_WC_SgwA_45cm",1,"Within Range","Within Range",2.25535507043818,4645.90424586222,NA,NA,"45"
"235","GWI","WC","SgwB","10cm","Varian GC","Wegner","20240710",2024,"May","GWI_WC_SgwB_10cm",1,"Within Range","Needs Dilution",5.54495723691231,75491.7817077764,NA,NA,"10"
"236","GWI","WC","SgwB","20cm","Varian GC","Wegner","20240710",2024,"May","GWI_WC_SgwB_20cm",1,"Within Range","Needs Dilution",3.25501087442498,52524.8027090323,NA,NA,"20"
"237","GWI","WC","SgwB","45cm","Varian GC","Wegner","20240710",2024,"May","GWI_WC_SgwB_45cm",1,"Within Range","Within Range",2.15794452084841,35267.8504621448,NA,NA,"45"
"238","GWI","WC","SgwC","10cm","Varian GC","Wegner","20240710",2024,"May","GWI_WC_SgwC_10cm",1,NA,NA,NA,NA,NA,NA,"10"
"239","GWI","WC","SgwC","20cm","Varian GC","Wegner","20240710",2024,"May","GWI_WC_SgwC_20cm",1,"Within Range","Needs Dilution",4.23869773585608,66914.6030132988,NA,NA,"20"
"240","GWI","WC","SgwC","45cm","Varian GC","Wegner","20240710",2024,"May","GWI_WC_SgwC_45cm",1,"Within Range","Needs Dilution",9.29606184324616,63227.65690072,NA,NA,"45"
"241","GWI","WC","ATM","0cm","Varian GC","Wegner","20240710",2024,"May","GWI_WC_ATM",1,"Within Range","Within Range",2.0892780678589,643.71050117349,NA,NA,"GWI"
"242","GCW","TR","SgwA","10cm","Varian GC","Wegner","20240711",2024,"June","GCW_TR_SgwA_10cm",1,"Within Range","Within Range",1.45921031691219,17089.4847650578,NA,NA,"10"
"243","GCW","TR","SgwA","20cm","Varian GC","Wegner","20240711",2024,"June","GCW_TR_SgwA_20cm",1,"Within Range","Within Range",145.603501661143,42409.1866736683,NA,NA,"20"
"244","GCW","TR","SgwA","45cm","Varian GC","Wegner","20240711",2024,"June","GCW_TR_SgwA_45cm",1,"Within Range","Within Range",37.3616254668959,28491.5346169504,NA,NA,"45"
"245","GCW","TR","SgwB","10cm","Varian GC","Wegner","20240711",2024,"June","GCW_TR_SgwB_10cm",1,"Within Range","Within Range",164.330704446112,38543.8358718733,NA,NA,"10"
"246","GCW","TR","SgwB","20cm","Varian GC","Wegner","20240711",2024,"June","GCW_TR_SgwB_20cm",1,"Within Range","Needs Dilution",107.201380345889,61011.5712627067,NA,NA,"20"
"247","GCW","TR","SgwB","45cm","Varian GC","Wegner","20240711",2024,"June","GCW_TR_SgwB_45cm",1,"Within Range","Within Range",581.002090559477,33915.11383196,NA,NA,"45"
"248","GCW","TR","SgwC","10cm","Varian GC","Wegner","20240711",2024,"June","GCW_TR_SgwC_10cm",1,"Within Range","Needs Dilution",875.374377434617,83515.6926798676,NA,NA,"10"
"249","GCW","TR","SgwC","20cm","Varian GC","Wegner","20240711",2024,"June","GCW_TR_SgwC_20cm",1,"Within Range","Needs Dilution",5443.90567472509,61274.6391591984,NA,NA,"20"
"250","GCW","TR","SgwC","45cm","Varian GC","Wegner","20240711",2024,"June","GCW_TR_SgwC_45cm",1,NA,NA,NA,NA,NA,NA,"45"
"251","GCW","TR","ATM","0cm","Varian GC","Wegner","20240711",2024,"June","GCW_TR_ATM",1,"Within Range","Within Range",3.58019254814568,463.82515011795,NA,NA,"GCW"
"252","GCW","WC","SgwA","10cm","Varian GC","Wegner","20240711",2024,"June","GCW_WC_SgwA_10cm",1,"Needs Dilution","Needs Dilution",15137.4639134614,63734.2188172761,NA,NA,"10"
"253","GCW","WC","SgwA","20cm","Varian GC","Wegner","20240711",2024,"June","GCW_WC_SgwA_20cm",1,"Needs Dilution","Needs Dilution",16167.5851738844,104593.351678111,NA,NA,"20"
"254","GCW","WC","SgwA","45cm","Varian GC","Wegner","20240711",2024,"June","GCW_WC_SgwA_45cm",1,"Within Range","Needs Dilution",9739.19259461083,109766.387456246,NA,NA,"45"
"255","GCW","WC","SgwB","10cm","Varian GC","Wegner","20240711",2024,"June","GCW_WC_SgwB_10cm",1,"Needs Dilution","Needs Dilution",36948.9729219146,64977.3829369264,NA,"CH4 unusually high, not real value","10"
"256","GCW","WC","SgwB","20cm","Varian GC","Wegner","20240711",2024,"June","GCW_WC_SgwB_20cm",1,"Within Range","Needs Dilution",6802.1021007376,71114.2234972455,NA,NA,"20"
"257","GCW","WC","SgwB","45cm","Varian GC","Wegner","20240711",2024,"June","GCW_WC_SgwB_45cm",1,"Within Range","Needs Dilution",8728.86194859607,91228.5116695576,NA,NA,"45"
"258","GCW","WC","SgwC","10cm","Varian GC","Wegner","20240711",2024,"June","GCW_WC_SgwC_10cm",1,"Within Range","Needs Dilution",4745.7514297435,63622.8306853298,NA,NA,"10"
"259","GCW","WC","SgwC","20cm","Varian GC","Wegner","20240711",2024,"June","GCW_WC_SgwC_20cm",1,"Within Range","Within Range",3469.71665408252,42974.927001851,NA,NA,"20"
"260","GCW","WC","SgwC","45cm","Varian GC","Wegner","20240711",2024,"June","GCW_WC_SgwC_45cm",1,"Within Range","Needs Dilution",466.605035721083,69678.4551275829,NA,NA,"45"
"261","GCW","WC","ATM","0cm","Varian GC","Wegner","20240711",2024,"June","GCW_WC_ATM",1,"Within Range","Within Range",3.90175034430512,445.068596543085,NA,NA,"GCW"
"262","MSM","UP","sgwA","10cm","Varian GC","Wegner","20240711",2024,"June","MSM_UP_sgwA_10cm",1,"Within Range","Within Range",2.37516282718454,6395.75397893374,NA,NA,"10"
"263","MSM","UP","SgwA","20cm","Varian GC","Wegner","20240711",2024,"June","MSM_UP_SgwA_20cm",1,"Within Range","Within Range",2.20788781201068,7667.3723689654,NA,NA,"20"
"264","MSM","UP","SgwA","45cm","Varian GC","Wegner","20240711",2024,"June","MSM_UP_SgwA_45cm",1,"Within Range","Within Range",2.00163609427205,20290.2918380425,NA,NA,"45"
"265","MSM","UP","SgwB","10cm","Varian GC","Wegner","20240711",2024,"June","MSM_UP_SgwB_10cm",1,"Within Range","Within Range",2.01787638700738,4528.43419779496,NA,NA,"10"
"266","MSM","UP","SgwB","20cm","Varian GC","Wegner","20240711",2024,"June","MSM_UP_SgwB_20cm",1,"Within Range","Within Range",1.61024503935071,12442.2834213975,NA,NA,"20"
"267","MSM","UP","SgwB","45cm","Varian GC","Wegner","20240711",2024,"June","MSM_UP_SgwB_45cm",1,"Within Range","Within Range",2.1786552850871,32717.1052712374,NA,NA,"45"
"268","MSM","UP","SgwC","10cm","Varian GC","Wegner","20240711",2024,"June","MSM_UP_SgwC_10cm",1,"Within Range","Within Range",1.75478364469511,13619.9743914707,NA,NA,"10"
"269","MSM","UP","SgwC","20cm","Varian GC","Wegner","20240711",2024,"June","MSM_UP_SgwC_20cm",1,"Within Range","Within Range",1.77752005452456,9626.65471258659,NA,NA,"20"
"270","MSM","UP","SgwC","45cm","Varian GC","Wegner","20240711",2024,"June","MSM_UP_SgwC_45cm",1,"Within Range","Within Range",1.90581836713363,44716.4838501835,NA,NA,"45"
"271","MSM","UP","ATM","0cm","Varian GC","Wegner","20240711",2024,"June","MSM_UP_ATM",1,"Within Range","Within Range",1.75478364469511,418.814243274412,NA,NA,"MSM"
"272","MSM","TR","SgwA","10cm","Varian GC","Wegner","20240711",2024,"June","MSM_TR_SgwA_10cm",1,"Within Range","Within Range",4.35160645307363,27739.0484481624,NA,NA,"10"
"273","MSM","TR","SgwA","20cm","Varian GC","Wegner","20240711",2024,"June","MSM_TR_SgwA_20cm",1,"Within Range","Within Range",159.262170190507,30863.1356720293,NA,NA,"20"
"274","MSM","TR","SgwA","45cm","Varian GC","Wegner","20240711",2024,"June","MSM_TR_SgwA_45cm",1,"Within Range","Within Range",32.198836406336,47058.7325865254,NA,NA,"45"
"275","MSM","TR","SgwB","10cm","Varian GC","Wegner","20240711",2024,"June","MSM_TR_SgwB_10cm",1,"Within Range","Within Range",13.205814052373,36942.9170123313,NA,NA,"10"
"276","MSM","TR","SgwB","20cm","Varian GC","Wegner","20240711",2024,"June","MSM_TR_SgwB_20cm",1,"Within Range","Within Range",38.8573564278194,24222.7973698924,NA,NA,"20"
"277","MSM","TR","SgwB","45cm","Varian GC","Wegner","20240711",2024,"June","MSM_TR_SgwB_45cm",1,"Within Range","Within Range",15.3755171618125,28727.8358507088,NA,NA,"45"
"278","MSM","TR","SgwC","10cm","Varian GC","Wegner","20240711",2024,"June","MSM_TR_SgwC_10cm",1,"Within Range","Needs Dilution",49.4947481694575,59595.3068157203,NA,NA,"10"
"279","MSM","TR","SgwC","20cm","Varian GC","Wegner","20240711",2024,"June","MSM_TR_SgwC_20cm",1,"Within Range","Within Range",3.66951415818997,38074.7291630562,NA,NA,"20"
"280","MSM","TR","SgwC","45cm","Varian GC","Wegner","20240711",2024,"June","MSM_TR_SgwC_45cm",1,"Within Range","Within Range",6.54079791379548,40506.7947892994,NA,NA,"45"
"281","MSM","TR","ATM","0cm","Varian GC","Wegner","20240711",2024,"June","MSM_TR_ATM",1,"Within Range","Within Range",1.68170232738614,380.891288552995,NA,NA,"MSM"
"282","MSM","WC","SgwA","10cm","Varian GC","Wegner","20240711",2024,"June","MSM_WC_SgwA_10cm",1,"Within Range","Within Range",751.266294989754,43419.3524488143,NA,NA,"10"
"283","MSM","WC","SgwA","20cm","Varian GC","Wegner","20240711",2024,"June","MSM_WC_SgwA_20cm",1,"Within Range","Needs Dilution",270.408127172487,66360.3231600325,NA,NA,"20"
"284","MSM","WC","SgwA","45cm","Varian GC","Wegner","20240711",2024,"June","MSM_WC_SgwA_45cm",1,"Within Range","Needs Dilution",36.7802229869713,56503.4890609535,NA,NA,"45"
"285","MSM","WC","SgwB","10cm","Varian GC","Wegner","20240711",2024,"June","MSM_WC_SgwB_10cm",1,"Within Range","Needs Dilution",447.840638888876,68965.2902169962,NA,NA,"10"
"286","MSM","WC","SgwB","20cm","Varian GC","Wegner","20240711",2024,"June","MSM_WC_SgwB_20cm",1,"Within Range","Needs Dilution",542.217152481481,71073.9559733272,NA,NA,"20"
"287","MSM","WC","SgwB","45cm","Varian GC","Wegner","20240711",2024,"June","MSM_WC_SgwB_45cm",1,"Within Range","Needs Dilution",77.2705208346844,86874.7913230762,NA,NA,"45"
"288","MSM","WC","SgwC","10cm","Varian GC","Wegner","20240711",2024,"June","MSM_WC_SgwC_10cm",1,"Within Range","Within Range",388.265919042643,45249.6473235873,NA,NA,"10"
"289","MSM","WC","SgwC","20cm","Varian GC","Wegner","20240711",2024,"June","MSM_WC_SgwC_20cm",1,"Within Range","Needs Dilution",703.847266036717,58626.2222324657,NA,NA,"20"
"290","MSM","WC","SgwC","45cm","Varian GC","Wegner","20240711",2024,"June","MSM_WC_SgwC_45cm",1,"Within Range","Needs Dilution",17.4104258415487,62658.0916917691,NA,NA,"45"
"291","MSM","WC","ATM","0cm","Varian GC","Wegner","20240711",2024,"June","MSM_WC_ATM",1,"Within Range","Within Range",1.89607419149244,488.253270824546,NA,NA,"MSM"
"292","GWI","UP","SgwA","10cm","Varian GC","Wegner","20240711",2024,"June","GWI_UP_SgwA_10cm",1,"Within Range","Within Range",1.69144650302734,5147.94893825114,NA,NA,"10"
"293","GWI","UP","SgwA","20cm","Varian GC","Wegner","20240711",2024,"June","GWI_UP_SgwA_20cm",1,"Within Range","Within Range",1.79700840580695,11095.0361000492,NA,NA,"20"
"294","GWI","UP","SgwA","45cm","Varian GC","Wegner","20240711",2024,"June","GWI_UP_SgwA_45cm",1,"Within Range","Within Range",2.16728708017237,39304.971029858,NA,NA,"45"
"295","GWI","UP","SgwB","10cm","Varian GC","Wegner","20240711",2024,"June","GWI_UP_SgwB_10cm",1,"Within Range","Within Range",1.80188049362755,3775.83953994386,NA,NA,"10"
"296","GWI","UP","SgwB","20cm","Varian GC","Wegner","20240711",2024,"June","GWI_UP_SgwB_20cm",1,"Within Range","Within Range",1.48681881456224,7149.99405424176,NA,NA,"20"
"297","GWI","UP","SgwB","45cm","Varian GC","Wegner","20240711",2024,"June","GWI_UP_SgwB_45cm",1,"Within Range","Within Range",0.686172382710701,16822.836729484,NA,NA,"45"
"298","GWI","UP","SgwC","10cm","Varian GC","Wegner","20240711",2024,"June","GWI_UP_SgwC_10cm",1,"Within Range","Within Range",1.08081149617911,16942.2108619081,NA,NA,"10"
"299","GWI","UP","SgwC","20cm","Varian GC","Wegner","20240711",2024,"June","GWI_UP_SgwC_20cm",1,"Within Range","Within Range",1.40561735088561,13013.731479733,NA,NA,"20"
"300","GWI","UP","SgwC","45cm","Varian GC","Wegner","20240711",2024,"June","GWI_UP_SgwC_45cm",1,"Within Range","Within Range",1.7742719959775,4932.59212083999,NA,NA,"45"
"301","GWI","UP","ATM","0cm","Varian GC","Wegner","20240711",2024,"June","GWI_UP_ATM",1,"Within Range","Within Range",1.88470598657771,403.071274785483,NA,NA,"GWI"
"302","GWI","TR","SgwA","10cm","Varian GC","Wegner","20240711",2024,"June","GWI_TR_SgwA_10cm",1,"Within Range","Within Range",3.15144881993309,7316.5187389204,NA,NA,"10"
"303","GWI","TR","SgwA","20cm","Varian GC","Wegner","20240711",2024,"June","GWI_TR_SgwA_20cm",1,"Within Range","Needs Dilution",28.3791195549875,51076.4984676266,NA,NA,"20"
"304","GWI","TR","SgwA","45cm","Varian GC","Wegner","20240711",2024,"June","GWI_TR_SgwA_45cm",1,"Within Range","Needs Dilution",114.188056852054,83429.7633147273,NA,NA,"45"
"305","GWI","TR","SgwB","10cm","Varian GC","Wegner","20240711",2024,"June","GWI_TR_SgwB_10cm",1,"Within Range","Within Range",2.248488543849,8595.65301015639,NA,NA,"10"
"306","GWI","TR","SgwB","20cm","Varian GC","Wegner","20240711",2024,"June","GWI_TR_SgwB_20cm",1,"Within Range","Within Range",7.48598295099142,18311.8732291256,NA,NA,"20"
"307","GWI","TR","SgwB","45cm","Varian GC","Wegner","20240711",2024,"June","GWI_TR_SgwB_45cm",1,"Within Range","Within Range",8.59681897408767,30742.1703666798,NA,NA,"45"
"308","GWI","TR","SgwC","10cm","Varian GC","Wegner","20240711",2024,"June","GWI_TR_SgwC_10cm",1,"Within Range","Within Range",1.87008972311592,8025.38627717458,NA,NA,"10"
"309","GWI","TR","SgwC","20cm","Varian GC","Wegner","20240711",2024,"June","GWI_TR_SgwC_20cm",1,"Within Range","Within Range",2.0389887675633,9893.80903045481,NA,NA,"20"
"310","GWI","TR","SgwC","45cm","Varian GC","Wegner","20240711",2024,"June","GWI_TR_SgwC_45cm",1,"Within Range","Needs Dilution",19.0896721103814,57457.0958712067,NA,NA,"45"
"311","GWI","TR","ATM","0cm","Varian GC","Wegner","20240711",2024,"June","GWI_TR_ATM",1,"Within Range","Within Range",1.76615184960984,407.573570903872,NA,NA,"GWI"
"312","GWI","WC","SgwA","10cm","Varian GC","Wegner","20240711",2024,"June","GWI_WC_SgwA_10cm",1,"Within Range","Within Range",2.35405044662861,8879.63518714447,NA,NA,"10"
"313","GWI","WC","SgwA","20cm","Varian GC","Wegner","20240711",2024,"June","GWI_WC_SgwA_20cm",1,"Within Range","Within Range",3.71985906566947,14164.800439157,NA,NA,"20"
"314","GWI","WC","SgwA","45cm","Varian GC","Wegner","20240711",2024,"June","GWI_WC_SgwA_45cm",1,"Within Range","Within Range",2.68860047697631,28633.2574963718,NA,NA,"45"
"315","GWI","WC","SgwB","10cm","Varian GC","Wegner","20240711",2024,"June","GWI_WC_SgwB_10cm",1,"Within Range","Within Range",2.1185662019664,10465.070246515,NA,NA,"10"
"316","GWI","WC","SgwB","20cm","Varian GC","Wegner","20240711",2024,"June","GWI_WC_SgwB_20cm",1,"Within Range","Within Range",2.69834465261751,12547.1561823881,NA,NA,"20"
"317","GWI","WC","SgwB","45cm","Varian GC","Wegner","20240711",2024,"June","GWI_WC_SgwB_45cm",1,"Within Range","Within Range",2.74219344300289,27481.56773842,NA,NA,"45"
"318","GWI","WC","SgwC","10cm","Varian GC","Wegner","20240711",2024,"June","GWI_WC_SgwC_10cm",1,"Within Range","Within Range",3.56720031395742,20983.7479021672,NA,NA,"10"
"319","GWI","WC","SgwC","20cm","Varian GC","Wegner","20240711",2024,"June","GWI_WC_SgwC_20cm",1,"Within Range","Within Range",3.81567679280789,23802.5227938078,NA,NA,"20"
"320","GWI","WC","SgwC","45cm","Varian GC","Wegner","20240711",2024,"June","GWI_WC_SgwC_45cm",1,"Within Range","Needs Dilution",15.0214787801824,79176.8956067319,NA,NA,"45"
"321","GWI","WC","ATM","0cm","Varian GC","Wegner","20240711",2024,"June","GWI_WC_ATM",1,"Within Range","Within Range",1.8294889912776,410.400313714479,NA,NA,"GWI"
"322","SWH","UP","SgwA","10cm","Varian GC","Wegner","20240711",2024,"June","SWH_UP_SgwA_10cm",1,"Within Range","Needs Dilution",3.01827841950342,66294.7415213924,NA,NA,"10"
"323","SWH","UP","SgwA","20cm","Varian GC","Wegner","20240711",2024,"June","SWH_UP_SgwA_20cm",1,"Within Range","Needs Dilution",3.91799063704044,83835.6028182502,NA,NA,"20"
"324","SWH","UP","SgwA","45cm","Varian GC","Wegner","20240711",2024,"June","SWH_UP_SgwA_45cm",1,"Within Range","Needs Dilution",9700.24873651282,101490.901995161,NA,NA,"45"
"325","SWH","UP","SgwB","10cm","Varian GC","Wegner","20240711",2024,"June","SWH_UP_SgwB_10cm",1,"Within Range","Within Range",5.48680291527287,38791.8720059564,NA,NA,"10"
"326","SWH","UP","SgwB","20cm","Varian GC","Wegner","20240711",2024,"June","SWH_UP_SgwB_20cm",1,NA,NA,NA,NA,NA,NA,"20"
"327","SWH","UP","SgwB","45cm","Varian GC","Wegner","20240711",2024,"June","SWH_UP_SgwB_45cm",1,"Within Range","Needs Dilution",107.119497238083,91467.4829397021,NA,NA,"45"
"328","SWH","UP","SgwC","10cm","Varian GC","Wegner","20240711",2024,"June","SWH_UP_SgwC_10cm",1,"Within Range","Within Range",4.35810257016776,21253.2166533814,NA,NA,"10"
"329","SWH","UP","SgwC","20cm","Varian GC","Wegner","20240711",2024,"June","SWH_UP_SgwC_20cm",1,"Within Range","Needs Dilution",13.952867518198,53532.1966281137,NA,NA,"20"
"330","SWH","UP","SgwC","45cm","Varian GC","Wegner","20240711",2024,"June","SWH_UP_SgwC_45cm",1,"Needs Dilution","Needs Dilution",56596.0183078802,80412.6945244321,NA,NA,"45"
"331","SWH","UP","ATM","0cm","Varian GC","Wegner","20240711",2024,"June","SWH_UP_ATM",1,"Within Range","Within Range",15.3414125470683,457.581001819891,NA,NA,"SWH"
"332","SWH","SWAMP","SgwA","10cm","Varian GC","Wegner","20240711",2024,"June","SWH_SWAMP_SgwA_10cm",1,"Needs Dilution","Within Range",42047.0392510274,45015.594224303,NA,NA,"10"
"333","SWH","SWAMP","SgwA","20cm","Varian GC","Wegner","20240711",2024,"June","SWH_SWAMP_SgwA_20cm",1,NA,NA,NA,NA,NA,NA,"20"
"334","SWH","SWAMP","SgwA","45cm","Varian GC","Wegner","20240711",2024,"June","SWH_SWAMP_SgwA_45cm",1,NA,NA,NA,NA,NA,NA,"45"
"335","SWH","SWAMP","SgwB","10cm","Varian GC","Wegner","20240711",2024,"June","SWH_SWAMP_SgwB_10cm",1,"Needs Dilution","Within Range",16902.8726031189,45127.8502687541,NA,NA,"10"
"336","SWH","SWAMP","SgwB","20cm","Varian GC","Wegner","20240711",2024,"June","SWH_SWAMP_SgwB_20cm",1,"Within Range","Within Range",138.950839120848,33980.2132969864,NA,NA,"20"
"337","SWH","SWAMP","SgwB","45cm","Varian GC","Wegner","20240711",2024,"June","SWH_SWAMP_SgwB_45cm",1,"Within Range","Within Range",79.4840727345092,33366.689563681,NA,NA,"45"
"338","SWH","SWAMP","SgwC","10cm","Varian GC","Wegner","20240711",2024,"June","SWH_SWAMP_SgwC_10cm",1,"Needs Dilution","Within Range",22702.5725112687,47276.4641089843,NA,NA,"10"
"339","SWH","SWAMP","SgwC","20cm","Varian GC","Wegner","20240711",2024,"June","SWH_SWAMP_SgwC_20cm",1,"Needs Dilution","Within Range",12220.0304735541,41264.1629659266,NA,NA,"20"
"340","SWH","SWAMP","SgwC","45cm","Varian GC","Wegner","20240711",2024,"June","SWH_SWAMP_SgwC_45cm",1,"Within Range","Within Range",1022.38046787078,37616.3387628047,NA,NA,"45"
"341","SWH","SWAMP","ATM","0cm","Varian GC","Wegner","20240711",2024,"June","SWH_SWAMP_ATM",1,"Within Range","Within Range",9.90741059782843,538.091940975753,NA,NA,"SWH"
"342","SWH","TR","SgwA","10cm","Varian GC","Wegner","20240711",2024,"June","SWH_TR_SgwA_10cm",1,"Needs Dilution","Needs Dilution",175171.154860755,133945.260567555,NA,NA,"10"
"343","SWH","TR","SgwA","20cm","Varian GC","Wegner","20240711",2024,"June","SWH_TR_SgwA_20cm",1,"Needs Dilution","Needs Dilution",146970.668819271,119669.751309052,NA,NA,"20"
"344","SWH","TR","SgwA","45cm","Varian GC","Wegner","20240711",2024,"June","SWH_TR_SgwA_45cm",1,"Needs Dilution","Needs Dilution",88528.0343326906,67358.5069208769,NA,NA,"45"
"345","SWH","TR","SgwB","10cm","Varian GC","Wegner","20240711",2024,"June","SWH_TR_SgwB_10cm",1,"Needs Dilution","Needs Dilution",100306.165071083,76831.6875298355,NA,NA,"10"
"346","SWH","TR","SgwB","20cm","Varian GC","Wegner","20240711",2024,"June","SWH_TR_SgwB_20cm",1,"Needs Dilution","Needs Dilution",129193.56430209,83616.2499870152,NA,NA,"20"
"347","SWH","TR","SgwB","45cm","Varian GC","Wegner","20240711",2024,"June","SWH_TR_SgwB_45cm",1,"Needs Dilution","Needs Dilution",121314.079782547,55758.1149529683,NA,NA,"45"
"348","SWH","TR","SgwC","10cm","Varian GC","Wegner","20240711",2024,"June","SWH_TR_SgwC_10cm",1,"Within Range","Within Range",92.9878761439322,1322.42567695193,NA,NA,"10"
"349","SWH","TR","SgwC","20cm","Varian GC","Wegner","20240711",2024,"June","SWH_TR_SgwC_20cm",1,"Needs Dilution","Needs Dilution",63975.4525312306,74422.2599547579,NA,NA,"20"
"350","SWH","TR","SgwC","45cm","Varian GC","Wegner","20240711",2024,"June","SWH_TR_SgwC_45cm",1,"Needs Dilution","Needs Dilution",115715.645317201,88518.7441776454,NA,NA,"45"
"351","SWH","TR","ATM","0cm","Varian GC","Wegner","20240711",2024,"June","SWH_TR_ATM",1,"Within Range","Within Range",67.394798822333,460.034060079843,NA,NA,"SWH"
"352","SWH","WC","SgwA","10cm","Varian GC","Wegner","20240711",2024,"June","SWH_WC_SgwA_10cm",1,"Needs Dilution","Needs Dilution",48290.9696436564,69150.9632213108,NA,NA,"10"
"353","SWH","WC","SgwA","20cm","Varian GC","Wegner","20240711",2024,"June","SWH_WC_SgwA_20cm",1,"Needs Dilution","Needs Dilution",20941.5087625842,99647.33529167,NA,NA,"20"
"354","SWH","WC","SgwA","45cm","Varian GC","Wegner","20240711",2024,"June","SWH_WC_SgwA_45cm",1,"Within Range","Needs Dilution",905.200622043483,98393.1173419246,NA,NA,"45"
"355","SWH","WC","SgwB","10cm","Varian GC","Wegner","20240711",2024,"June","SWH_WC_SgwB_10cm",1,"Within Range","Needs Dilution",108.89849093673,103505.809092299,NA,NA,"10"
"356","SWH","WC","SgwB","20cm","Varian GC","Wegner","20240711",2024,"June","SWH_WC_SgwB_20cm",1,"Within Range","Needs Dilution",143.600095025756,107395.202275909,NA,NA,"20"
"357","SWH","WC","SgwB","45cm","Varian GC","Wegner","20240711",2024,"June","SWH_WC_SgwB_45cm",1,"Within Range","Needs Dilution",77.7609776752912,104079.029138665,NA,NA,"45"
"358","SWH","WC","SgwC","10cm","Varian GC","Wegner","20240711",2024,"June","SWH_WC_SgwC_10cm",1,"Needs Dilution","Needs Dilution",91515.1017915838,91778.6958715267,NA,NA,"10"
"359","SWH","WC","SgwC","20cm","Varian GC","Wegner","20240711",2024,"June","SWH_WC_SgwC_20cm",1,"Within Range","Needs Dilution",104.476259224901,81462.6034596914,NA,NA,"20"
"360","SWH","WC","SgwC","45cm","Varian GC","Wegner","20240711",2024,"June","SWH_WC_SgwC_45cm",1,"Within Range","Needs Dilution",366.133770296771,94894.0256171339,NA,NA,"45"
"361","SWH","WC","ATM","0cm","Varian GC","Wegner","20240711",2024,"June","SWH_WC_ATM",1,"Within Range","Within Range",11.7929085843997,569.499524741377,NA,NA,"SWH"
"362","GCW","TR","SgwA","10cm","Varian GC","Wegner","20241029",2024,"July","GCW_TR_SgwA_10cm",1,"Within Range","Within Range",2.10260988059219,17031.219524842,NA,NA,"10"
"363","GCW","TR","SgwA","20cm","Varian GC","Wegner","20241029",2024,"July","GCW_TR_SgwA_20cm",1,"Within Range","Within Range",2.67556488191578,26938.1195349782,NA,NA,"20"
"364","GCW","TR","SgwA","45cm","Varian GC","Wegner","20241029",2024,"July","GCW_TR_SgwA_45cm",1,"Within Range","Within Range",25.0399664837322,26543.271879016,NA,NA,"45"
"365","GCW","TR","SgwB","10cm","Varian GC","Wegner","20241029",2024,"July","GCW_TR_SgwB_10cm",1,"Within Range","Within Range",2.60416319482075,22472.4217848032,NA,NA,"10"
"366","GCW","TR","SgwB","20cm","Varian GC","Wegner","20241029",2024,"July","GCW_TR_SgwB_20cm",1,"Within Range","Within Range",28.627465884117,29087.8090270332,NA,NA,"20"
"367","GCW","TR","SgwB","45cm","Varian GC","Wegner","20241029",2024,"July","GCW_TR_SgwB_45cm",1,"Within Range","Within Range",4223.83637974936,40171.7245800726,NA,NA,"45"
"368","GCW","TR","SgwC","10cm","Varian GC","Wegner","20241029",2024,"July","GCW_TR_SgwC_10cm",1,"Within Range","Within Range",3.48362299928401,41067.5939103413,NA,NA,"10"
"369","GCW","TR","SgwC","20cm","Varian GC","Wegner","20241029",2024,"July","GCW_TR_SgwC_20cm",1,"Within Range","Within Range",17.3947614508733,45261.3898722835,NA,NA,"20"
"370","GCW","TR","SgwC","45cm","Varian GC","Wegner","20241029",2024,"July","GCW_TR_SgwC_45cm",1,"Within Range","Within Range",39.120030877961,45438.0479609294,NA,NA,"45"
"371","GCW","TR","ATM","0cm","Varian GC","Wegner","20241029",2024,"July","GCW_TR_ATM",1,"Within Range","Within Range",2.8619058701882,632.985480409252,NA,NA,"GCW"
"372","GCW","WC","SgwA","10cm","Varian GC","Wegner","20241029",2024,"July","GCW_WC_SgwA_10cm",1,NA,NA,NA,NA,NA,NA,"10"
"373","GCW","WC","SgwA","20cm","Varian GC","Wegner","20241029",2024,"July","GCW_WC_SgwA_20cm",1,"Needs Dilution","Needs Dilution",22426.136060911,80524.1098893358,NA,NA,"20"
"374","GCW","WC","SgwA","45cm","Varian GC","Wegner","20241029",2024,"July","GCW_WC_SgwA_45cm",1,"Needs Dilution","Needs Dilution",30317.8250187806,72803.6157863402,NA,"CH4 unusually high, not real value","45"
"375","GCW","WC","SgwB","10cm","Varian GC","Wegner","20241029",2024,"July","GCW_WC_SgwB_10cm",1,NA,NA,NA,NA,NA,NA,"10"
"376","GCW","WC","SgwB","20cm","Varian GC","Wegner","20241029",2024,"July","GCW_WC_SgwB_20cm",1,"Needs Dilution","Needs Dilution",10440.9005301529,69662.9936737887,NA,NA,"20"
"377","GCW","WC","SgwB","45cm","Varian GC","Wegner","20241029",2024,"July","GCW_WC_SgwB_45cm",1,"Needs Dilution","Needs Dilution",14017.6770003919,51280.7792441525,NA,NA,"45"
"378","GCW","WC","SgwC","10cm","Varian GC","Wegner","20241029",2024,"July","GCW_WC_SgwC_10cm",1,"Needs Dilution","Needs Dilution",10016.3637658556,70507.1850541901,NA,NA,"10"
"379","GCW","WC","SgwC","20cm","Varian GC","Wegner","20241029",2024,"July","GCW_WC_SgwC_20cm",1,"Within Range","Needs Dilution",8136.42284719492,68847.8482002044,NA,NA,"20"
"380","GCW","WC","SgwC","45cm","Varian GC","Wegner","20241029",2024,"July","GCW_WC_SgwC_45cm",1,"Within Range","Needs Dilution",3118.22608199924,55394.3303673636,NA,NA,"45"
"381","GCW","WC","ATM","0cm","Varian GC","Wegner","20241029",2024,"July","GCW_WC_ATM",1,"Within Range","Within Range",4.40662041782962,577.245209455701,NA,NA,"GCW"
"382","MSM","UP","sgwA","10cm","Varian GC","Wegner","20241029",2024,"July","MSM_UP_sgwA_10cm",1,"Within Range","Within Range",2.69994594580189,6597.13226231541,NA,NA,"10"
"383","MSM","UP","SgwA","20cm","Varian GC","Wegner","20241029",2024,"July","MSM_UP_SgwA_20cm",1,"Within Range","Within Range",2.39692415178881,10748.4387096802,NA,NA,"20"
"384","MSM","UP","SgwA","45cm","Varian GC","Wegner","20241029",2024,"July","MSM_UP_SgwA_45cm",1,"Within Range","Within Range",2.21058316351639,16794.1429639302,NA,NA,"45"
"385","MSM","UP","SgwB","10cm","Varian GC","Wegner","20241029",2024,"July","MSM_UP_SgwB_10cm",1,"Within Range","Within Range",2.78353816483999,5642.25662959192,NA,NA,"10"
"386","MSM","UP","SgwB","20cm","Varian GC","Wegner","20241029",2024,"July","MSM_UP_SgwB_20cm",1,"Within Range","Within Range",3.07436942691002,11242.7665746624,NA,NA,"20"
"387","MSM","UP","SgwB","45cm","Varian GC","Wegner","20241029",2024,"July","MSM_UP_SgwB_45cm",1,"Within Range","Within Range",1.47740974236979,36944.3380078124,NA,NA,"45"
"388","MSM","UP","SgwC","10cm","Varian GC","Wegner","20241029",2024,"July","MSM_UP_SgwC_10cm",1,"Within Range","Within Range",2.57978213093464,17957.3291963055,NA,NA,"10"
"389","MSM","UP","SgwC","20cm","Varian GC","Wegner","20241029",2024,"July","MSM_UP_SgwC_20cm",1,"Within Range","Within Range",2.13047395360489,10260.2323208831,NA,NA,"20"
"390","MSM","UP","SgwC","45cm","Varian GC","Wegner","20241029",2024,"July","MSM_UP_SgwC_45cm",1,"Within Range","Within Range",1.67942427171184,31686.5685189825,NA,NA,"45"
"391","MSM","UP","ATM","0cm","Varian GC","Wegner","20241029",2024,"July","MSM_UP_ATM",1,"Within Range","Within Range",2.40040716091539,499.134177972131,NA,NA,"MSM"
"392","MSM","TR","SgwA","10cm","Varian GC","Wegner","20241029",2024,"July","MSM_TR_SgwA_10cm",1,"Within Range","Within Range",4.43796749996891,31066.3522474137,NA,NA,"10"
"393","MSM","TR","SgwA","20cm","Varian GC","Wegner","20241029",2024,"July","MSM_TR_SgwA_20cm",1,"Within Range","Needs Dilution",276.368658989189,85461.0244434894,NA,NA,"20"
"394","MSM","TR","SgwA","45cm","Varian GC","Wegner","20241029",2024,"July","MSM_TR_SgwA_45cm",1,"Within Range","Within Range",447.760860627468,39750.686461977,NA,NA,"45"
"395","MSM","TR","SgwB","10cm","Varian GC","Wegner","20241029",2024,"July","MSM_TR_SgwB_10cm",1,"Within Range","Needs Dilution",7.33234808416287,58324.6947033875,NA,NA,"10"
"396","MSM","TR","SgwB","20cm","Varian GC","Wegner","20241029",2024,"July","MSM_TR_SgwB_20cm",1,"Within Range","Within Range",14.7563820374835,35323.2106118844,NA,NA,"20"
"397","MSM","TR","SgwB","45cm","Varian GC","Wegner","20241029",2024,"July","MSM_TR_SgwB_45cm",1,"Within Range","Within Range",6.21081914540179,16154.03189476,NA,NA,"45"
"398","MSM","TR","SgwC","10cm","Varian GC","Wegner","20241029",2024,"July","MSM_TR_SgwC_10cm",1,"Within Range","Needs Dilution",19.0387417586225,69850.8558057368,NA,NA,"10"
"399","MSM","TR","SgwC","20cm","Varian GC","Wegner","20241029",2024,"July","MSM_TR_SgwC_20cm",1,"Within Range","Within Range",3.14751261856835,24724.5278037229,NA,NA,"20"
"400","MSM","TR","SgwC","45cm","Varian GC","Wegner","20241029",2024,"July","MSM_TR_SgwC_45cm",1,"Within Range","Needs Dilution",32.6033208021163,56240.2387471828,NA,NA,"45"
"401","MSM","TR","ATM","0cm","Varian GC","Wegner","20241029",2024,"July","MSM_TR_ATM",1,"Within Range","Within Range",2.28198485061143,504.434480522625,NA,NA,"MSM"
"402","MSM","WC","SgwA","10cm","Varian GC","Wegner","20241029",2024,"July","MSM_WC_SgwA_10cm",1,"Within Range","Needs Dilution",1236.75784034839,82957.75127061,NA,NA,"10"
"403","MSM","WC","SgwA","20cm","Varian GC","Wegner","20241029",2024,"July","MSM_WC_SgwA_20cm",1,"Within Range","Needs Dilution",476.835335230578,75031.5531721512,NA,NA,"20"
"404","MSM","WC","SgwA","45cm","Varian GC","Wegner","20241029",2024,"July","MSM_WC_SgwA_45cm",1,"Within Range","Needs Dilution",29.0158214017315,58237.6876241959,NA,NA,"45"
"405","MSM","WC","SgwB","10cm","Varian GC","Wegner","20241029",2024,"July","MSM_WC_SgwB_10cm",1,"Within Range","Needs Dilution",542.602453457914,97848.2109857491,NA,NA,"10"
"406","MSM","WC","SgwB","20cm","Varian GC","Wegner","20241029",2024,"July","MSM_WC_SgwB_20cm",1,"Within Range","Within Range",2.51186345296618,471.089854148625,NA,NA,"20"
"407","MSM","WC","SgwB","45cm","Varian GC","Wegner","20241029",2024,"July","MSM_WC_SgwB_45cm",1,"Within Range","Needs Dilution",77.502791452952,80493.3532041132,NA,NA,"45"
"408","MSM","WC","SgwC","10cm","Varian GC","Wegner","20241029",2024,"July","MSM_WC_SgwC_10cm",1,"Within Range","Needs Dilution",57.5347001302275,115256.675231091,NA,NA,"10"
"409","MSM","WC","SgwC","20cm","Varian GC","Wegner","20241029",2024,"July","MSM_WC_SgwC_20cm",1,"Within Range","Needs Dilution",659.140148958185,65783.6014566815,NA,NA,"20"
"410","MSM","WC","SgwC","45cm","Varian GC","Wegner","20241029",2024,"July","MSM_WC_SgwC_45cm",1,"Within Range","Needs Dilution",22.3510834380069,66259.3222736255,NA,NA,"45"
"411","MSM","WC","ATM","0cm","Varian GC","Wegner","20241029",2024,"July","MSM_WC_ATM",1,"Within Range","Within Range",2.25586228216203,437.577260440279,NA,NA,"MSM"
"412","GWI","UP","SgwA","10cm","Varian GC","Wegner","20241029",2024,"July","GWI_UP_SgwA_10cm",1,"Within Range","Within Range",2.7521910827007,4885.50157823648,NA,NA,"10"
"413","GWI","UP","SgwA","20cm","Varian GC","Wegner","20241029",2024,"July","GWI_UP_SgwA_20cm",1,"Within Range","Within Range",3.40873830306239,26614.3220614446,NA,NA,"20"
"414","GWI","UP","SgwA","45cm","Varian GC","Wegner","20241029",2024,"July","GWI_UP_SgwA_45cm",1,NA,NA,NA,NA,NA,NA,"45"
"415","GWI","UP","SgwB","10cm","Varian GC","Wegner","20241029",2024,"July","GWI_UP_SgwB_10cm",1,"Within Range","Within Range",3.00993375806816,5069.37604124698,NA,NA,"10"
"416","GWI","UP","SgwB","20cm","Varian GC","Wegner","20241029",2024,"July","GWI_UP_SgwB_20cm",1,"Within Range","Within Range",2.48399937995349,8845.94736568443,NA,NA,"20"
"417","GWI","UP","SgwB","45cm","Varian GC","Wegner","20241029",2024,"July","GWI_UP_SgwB_45cm",1,"Within Range","Needs Dilution",1.5017908062559,53878.0394721175,NA,NA,"45"
"418","GWI","UP","SgwC","10cm","Varian GC","Wegner","20241029",2024,"July","GWI_UP_SgwC_10cm",1,"Within Range","Within Range",2.54146903054218,36889.4126894811,NA,NA,"10"
"419","GWI","UP","SgwC","20cm","Varian GC","Wegner","20241029",2024,"July","GWI_UP_SgwC_20cm",1,"Within Range","Needs Dilution",3.50277954948024,69126.7486273684,NA,NA,"20"
"420","GWI","UP","SgwC","45cm","Varian GC","Wegner","20241029",2024,"July","GWI_UP_SgwC_45cm",1,"Within Range","Within Range",2.52753699403583,5318.88218490034,NA,NA,"45"
"421","GWI","UP","ATM","0cm","Varian GC","Wegner","20241029",2024,"July","GWI_UP_ATM",1,"Within Range","Within Range",2.72955152337789,407.137846849238,NA,NA,"GWI"
"422","GWI","TR","SgwA","10cm","Varian GC","Wegner","20241029",2024,"July","GWI_TR_SgwA_10cm",1,"Within Range","Needs Dilution",3.12661456380883,59011.7433109891,NA,NA,"10"
"423","GWI","TR","SgwA","20cm","Varian GC","Wegner","20241029",2024,"July","GWI_TR_SgwA_20cm",1,NA,NA,NA,NA,NA,NA,"20"
"424","GWI","TR","SgwA","45cm","Varian GC","Wegner","20241029",2024,"July","GWI_TR_SgwA_45cm",1,"Within Range","Needs Dilution",7.97670477258151,54108.0862890361,NA,NA,"45"
"425","GWI","TR","SgwB","10cm","Varian GC","Wegner","20241029",2024,"July","GWI_TR_SgwB_10cm",1,"Within Range","Needs Dilution",15.4338273126047,53170.0322737968,NA,NA,"10"
"426","GWI","TR","SgwB","20cm","Varian GC","Wegner","20241029",2024,"July","GWI_TR_SgwB_20cm",1,"Within Range","Within Range",8.30933214417058,48317.44976351,NA,NA,"20"
"427","GWI","TR","SgwB","45cm","Varian GC","Wegner","20241029",2024,"July","GWI_TR_SgwB_45cm",1,"Within Range","Within Range",1.9371669470793,374.20380729253,NA,NA,"45"
"428","GWI","TR","SgwC","10cm","Varian GC","Wegner","20241029",2024,"July","GWI_TR_SgwC_10cm",1,"Within Range","Needs Dilution",10.9964736853326,52054.1070724968,NA,NA,"10"
"429","GWI","TR","SgwC","20cm","Varian GC","Wegner","20241029",2024,"July","GWI_TR_SgwC_20cm",1,"Within Range","Within Range",3.25026138780267,40905.0264147433,NA,NA,"20"
"430","GWI","TR","SgwC","45cm","Varian GC","Wegner","20241029",2024,"July","GWI_TR_SgwC_45cm",1,NA,NA,NA,NA,NA,NA,"45"
"431","GWI","TR","ATM","0cm","Varian GC","Wegner","20241029",2024,"July","GWI_TR_ATM",1,"Within Range","Within Range",38.402530997884,17943.9042515825,NA,NA,"GWI"
"432","GWI","WC","SgwA","10cm","Varian GC","Wegner","20241029",2024,"July","GWI_WC_SgwA_10cm",1,"Within Range","Needs Dilution",9.92196536978046,86233.6679604715,NA,NA,"10"
"433","GWI","WC","SgwA","20cm","Varian GC","Wegner","20241029",2024,"July","GWI_WC_SgwA_20cm",1,"Within Range","Needs Dilution",26.4488436754367,116078.918879805,NA,NA,"20"
"434","GWI","WC","SgwA","45cm","Varian GC","Wegner","20241029",2024,"July","GWI_WC_SgwA_45cm",1,"Within Range","Within Range",3.44705140345485,6248.88621011577,NA,NA,"45"
"435","GWI","WC","SgwB","10cm","Varian GC","Wegner","20241029",2024,"July","GWI_WC_SgwB_10cm",1,"Within Range","Needs Dilution",7.14600709589046,79748.3620871744,NA,NA,"10"
"436","GWI","WC","SgwB","20cm","Varian GC","Wegner","20241029",2024,"July","GWI_WC_SgwB_20cm",1,"Within Range","Needs Dilution",5.05968462906472,52270.0819594047,NA,NA,"20"
"437","GWI","WC","SgwB","45cm","Varian GC","Wegner","20241029",2024,"July","GWI_WC_SgwB_45cm",1,"Within Range","Within Range",3.93641418574035,29920.6408388229,NA,NA,"45"
"438","GWI","WC","SgwC","10cm","Varian GC","Wegner","20241029",2024,"July","GWI_WC_SgwC_10cm",1,NA,NA,NA,NA,NA,NA,"10"
"439","GWI","WC","SgwC","20cm","Varian GC","Wegner","20241029",2024,"July","GWI_WC_SgwC_20cm",1,"Within Range","Needs Dilution",5.19900499412821,71909.2581620806,NA,NA,"20"
"440","GWI","WC","SgwC","45cm","Varian GC","Wegner","20241029",2024,"July","GWI_WC_SgwC_45cm",1,"Within Range","Needs Dilution",19.6726494196613,78807.8694350809,NA,NA,"45"
"441","GWI","WC","ATM","0cm","Varian GC","Wegner","20241029",2024,"July","GWI_WC_ATM",1,"Within Range","Within Range",3.66125646473996,584.78507646415,NA,NA,"GWI"
"442","SWH","UP","SgwA","10cm","Varian GC","Wegner","20241029",2024,"July","SWH_UP_SgwA_10cm",1,"Within Range","Needs Dilution",2.76612311920705,50869.8129451054,NA,NA,"10"
"443","SWH","UP","SgwA","20cm","Varian GC","Wegner","20241029",2024,"July","SWH_UP_SgwA_20cm",1,"Within Range","Needs Dilution",3.35301015703699,65086.7547545764,NA,NA,"20"
"444","SWH","UP","SgwA","45cm","Varian GC","Wegner","20241029",2024,"July","SWH_UP_SgwA_45cm",1,"Within Range","Needs Dilution",1651.3356471288,103316.132493896,NA,NA,"45"
"445","SWH","UP","SgwB","10cm","Varian GC","Wegner","20241029",2024,"July","SWH_UP_SgwB_10cm",1,"Within Range","Within Range",3.82495789368956,33537.512554371,NA,NA,"10"
"446","SWH","UP","SgwB","20cm","Varian GC","Wegner","20241029",2024,"July","SWH_UP_SgwB_20cm",1,"Within Range","Within Range",2.80269471503622,39193.6943392588,NA,NA,"20"
"447","SWH","UP","SgwB","45cm","Varian GC","Wegner","20241029",2024,"July","SWH_UP_SgwB_45cm",1,"Within Range","Needs Dilution",33.6743461085419,93709.6389507327,NA,NA,"45"
"448","SWH","UP","SgwC","10cm","Varian GC","Wegner","20241029",2024,"July","SWH_UP_SgwC_10cm",1,"Within Range","Within Range",5.05794312450143,2121.81060598356,NA,NA,"10"
"449","SWH","UP","SgwC","20cm","Varian GC","Wegner","20241029",2024,"July","SWH_UP_SgwC_20cm",1,"Within Range","Within Range",9.16441088474774,33505.125963904,NA,NA,"20"
"450","SWH","UP","SgwC","45cm","Varian GC","Wegner","20241029",2024,"July","SWH_UP_SgwC_45cm",1,"Needs Dilution","Needs Dilution",16705.1198555821,71174.693461896,NA,NA,"45"
"451","SWH","UP","ATM","0cm","Varian GC","Wegner","20241029",2024,"July","SWH_UP_ATM",1,"Within Range","Within Range",7.81822785732179,787.758047491105,NA,NA,"SWH"
"452","SWH","SWAMP","SgwA","10cm","Varian GC","Wegner","20241029",2024,"July","SWH_SWAMP_SgwA_10cm",1,"Needs Dilution","Needs Dilution",143514.512545569,65737.0371789932,NA,NA,"10"
"453","SWH","SWAMP","SgwA","20cm","Varian GC","Wegner","20241029",2024,"July","SWH_SWAMP_SgwA_20cm",1,NA,NA,NA,NA,NA,NA,"20"
"454","SWH","SWAMP","SgwA","45cm","Varian GC","Wegner","20241029",2024,"July","SWH_SWAMP_SgwA_45cm",1,"Within Range","Within Range",150.360823112546,39461.5338064055,NA,NA,"45"
"455","SWH","SWAMP","SgwB","10cm","Varian GC","Wegner","20241029",2024,"July","SWH_SWAMP_SgwB_10cm",1,"Needs Dilution","Needs Dilution",68794.3154902019,56177.9228661402,NA,NA,"10"
"456","SWH","SWAMP","SgwB","20cm","Varian GC","Wegner","20241029",2024,"July","SWH_SWAMP_SgwB_20cm",1,"Within Range","Within Range",237.848023718491,31460.2169834194,NA,NA,"20"
"457","SWH","SWAMP","SgwB","45cm","Varian GC","Wegner","20241029",2024,"July","SWH_SWAMP_SgwB_45cm",1,"Within Range","Within Range",270.785076028675,32652.3184813518,NA,NA,"45"
"458","SWH","SWAMP","SgwC","10cm","Varian GC","Wegner","20241029",2024,"July","SWH_SWAMP_SgwC_10cm",1,"Needs Dilution","Within Range",63871.3476823631,40282.9749445215,NA,NA,"10"
"459","SWH","SWAMP","SgwC","20cm","Varian GC","Wegner","20241029",2024,"July","SWH_SWAMP_SgwC_20cm",1,"Needs Dilution","Within Range",51625.0026364441,37464.9869761879,NA,NA,"20"
"460","SWH","SWAMP","SgwC","45cm","Varian GC","Wegner","20241029",2024,"July","SWH_SWAMP_SgwC_45cm",1,"Within Range","Within Range",1887.58189346767,47861.2193783627,NA,NA,"45"
"461","SWH","SWAMP","ATM","0cm","Varian GC","Wegner","20241029",2024,"July","SWH_SWAMP_ATM",1,"Within Range","Within Range",10.5314919669332,471.755502473628,NA,NA,"SWH"
"462","SWH","TR","SgwA","10cm","Varian GC","Wegner","20241029",2024,"July","SWH_TR_SgwA_10cm",1,"Needs Dilution","Needs Dilution",154046.061238031,122040.801213203,NA,NA,"10"
"463","SWH","TR","SgwA","20cm","Varian GC","Wegner","20241029",2024,"July","SWH_TR_SgwA_20cm",1,"Needs Dilution","Needs Dilution",152670.673682691,117205.19584571,NA,NA,"20"
"464","SWH","TR","SgwA","45cm","Varian GC","Wegner","20241029",2024,"July","SWH_TR_SgwA_45cm",1,"Needs Dilution","Needs Dilution",99602.7074976337,77263.2045023549,NA,NA,"45"
"465","SWH","TR","SgwB","10cm","Varian GC","Wegner","20241029",2024,"July","SWH_TR_SgwB_10cm",1,"Needs Dilution","Needs Dilution",103787.410166572,85943.3022074852,NA,NA,"10"
"466","SWH","TR","SgwB","20cm","Varian GC","Wegner","20241029",2024,"July","SWH_TR_SgwB_20cm",1,"Needs Dilution","Within Range",154884.864072895,9067.24743919232,NA,NA,"20"
"467","SWH","TR","SgwB","45cm","Varian GC","Wegner","20241029",2024,"July","SWH_TR_SgwB_45cm",1,"Needs Dilution","Needs Dilution",135230.312646778,71582.3564033677,NA,NA,"45"
"468","SWH","TR","SgwC","10cm","Varian GC","Wegner","20241029",2024,"July","SWH_TR_SgwC_10cm",1,"Within Range","Within Range",302.235386394303,12488.1634856817,NA,NA,"10"
"469","SWH","TR","SgwC","20cm","Varian GC","Wegner","20241029",2024,"July","SWH_TR_SgwC_20cm",1,"Needs Dilution","Needs Dilution",89127.3672425593,82073.8884942408,NA,NA,"20"
"470","SWH","TR","SgwC","45cm","Varian GC","Wegner","20241029",2024,"July","SWH_TR_SgwC_45cm",1,"Needs Dilution","Needs Dilution",140535.052175189,85862.3917204292,NA,NA,"45"
"471","SWH","TR","ATM","0cm","Varian GC","Wegner","20241029",2024,"July","SWH_TR_ATM",1,"Within Range","Within Range",86.1110485093122,573.593475186757,NA,NA,"SWH"
"472","SWH","WC","SgwA","10cm","Varian GC","Wegner","20241029",2024,"July","SWH_WC_SgwA_10cm",1,"Needs Dilution","Needs Dilution",31535.6880225308,71444.0881821385,NA,NA,"10"
"473","SWH","WC","SgwA","20cm","Varian GC","Wegner","20241029",2024,"July","SWH_WC_SgwA_20cm",1,"Within Range","Needs Dilution",8644.33336974541,108355.345375679,NA,NA,"20"
"474","SWH","WC","SgwA","45cm","Varian GC","Wegner","20241029",2024,"July","SWH_WC_SgwA_45cm",1,NA,NA,NA,NA,NA,NA,"45"
"475","SWH","WC","SgwB","10cm","Varian GC","Wegner","20241029",2024,"July","SWH_WC_SgwB_10cm",1,NA,NA,NA,NA,NA,NA,"10"
"476","SWH","WC","SgwB","20cm","Varian GC","Wegner","20241029",2024,"July","SWH_WC_SgwB_20cm",1,"Within Range","Needs Dilution",725.737334028017,119115.631422519,NA,NA,"20"
"477","SWH","WC","SgwB","45cm","Varian GC","Wegner","20241029",2024,"July","SWH_WC_SgwB_45cm",1,NA,NA,NA,NA,NA,NA,"45"
"478","SWH","WC","SgwC","10cm","Varian GC","Wegner","20241029",2024,"July","SWH_WC_SgwC_10cm",1,"Needs Dilution","Needs Dilution",94040.3447348004,83790.6328504987,NA,NA,"10"
"479","SWH","WC","SgwC","20cm","Varian GC","Wegner","20241029",2024,"July","SWH_WC_SgwC_20cm",1,"Within Range","Needs Dilution",121.577794200801,98626.2481204675,NA,NA,"20"
"480","SWH","WC","SgwC","45cm","Varian GC","Wegner","20241029",2024,"July","SWH_WC_SgwC_45cm",1,"Within Range","Needs Dilution",367.932410088273,103188.141385124,NA,NA,"45"
"481","SWH","WC","ATM","0cm","Varian GC","Wegner","20241029",2024,"July","SWH_WC_ATM",1,"Within Range","Within Range",13.2604296176143,493.740560235888,NA,NA,"SWH"
"482","GCW","TR","SgwA","10cm","Varian GC","Wegner","20241030",2024,"August","GCW_TR_SgwA_10cm",1,"Within Range","Within Range",1.90988052886648,18738.8316000225,NA,NA,"10"
"483","GCW","TR","SgwA","20cm","Varian GC","Wegner","20241030",2024,"August","GCW_TR_SgwA_20cm",1,"Within Range","Within Range",6.00389233438414,19835.8922625274,NA,NA,"20"
"484","GCW","TR","SgwA","45cm","Varian GC","Wegner","20241030",2024,"August","GCW_TR_SgwA_45cm",1,"Within Range","Within Range",1.73156030204331,27055.7017175637,NA,NA,"45"
"485","GCW","TR","SgwB","10cm","Varian GC","Wegner","20241030",2024,"August","GCW_TR_SgwB_10cm",1,"Within Range","Within Range",5.46157824249922,14974.1445228052,NA,NA,"10"
"486","GCW","TR","SgwB","20cm","Varian GC","Wegner","20241030",2024,"August","GCW_TR_SgwB_20cm",1,"Within Range","Within Range",6.30170549670738,27618.1888262752,NA,NA,"20"
"487","GCW","TR","SgwB","45cm","Varian GC","Wegner","20241030",2024,"August","GCW_TR_SgwB_45cm",1,"Within Range","Needs Dilution",9.90120038454015,53531.8391136606,NA,NA,"45"
"488","GCW","TR","SgwC","10cm","Varian GC","Wegner","20241030",2024,"August","GCW_TR_SgwC_10cm",1,"Within Range","Within Range",1.68927818640482,37577.2395545807,NA,NA,"10"
"489","GCW","TR","SgwC","20cm","Varian GC","Wegner","20241030",2024,"August","GCW_TR_SgwC_20cm",1,"Within Range","Within Range",6.47083395926132,45670.9604476689,NA,NA,"20"
"490","GCW","TR","SgwC","45cm","Varian GC","Wegner","20241030",2024,"August","GCW_TR_SgwC_45cm",1,"Within Range","Within Range",904.800140544576,46339.3254597604,NA,NA,"45"
"491","GCW","TR","ATM","0cm","Varian GC","Wegner","20241030",2024,"August","GCW_TR_ATM",1,"Within Range","Within Range",6.36972455229973,727.258424160621,NA,NA,"GCW"
"492","GCW","WC","SgwA","10cm","Varian GC","Wegner","20241030",2024,"August","GCW_WC_SgwA_10cm",1,"Needs Dilution","Needs Dilution",39950.4849626481,89726.4280614139,NA,"CH4 unusually high, not real value","10"
"493","GCW","WC","SgwA","20cm","Varian GC","Wegner","20241030",2024,"August","GCW_WC_SgwA_20cm",1,"Needs Dilution","Needs Dilution",25946.9825543223,83426.0018176705,NA,NA,"20"
"494","GCW","WC","SgwA","45cm","Varian GC","Wegner","20241030",2024,"August","GCW_WC_SgwA_45cm",1,"Needs Dilution","Needs Dilution",42750.0635595131,113555.369497779,NA,"CH4 unusually high, not real value","45"
"495","GCW","WC","SgwB","10cm","Varian GC","Wegner","20241030",2024,"August","GCW_WC_SgwB_10cm",1,"Needs Dilution","Needs Dilution",31687.9500234502,101266.871154603,NA,"CH4 unusually high, not real value","10"
"496","GCW","WC","SgwB","20cm","Varian GC","Wegner","20241030",2024,"August","GCW_WC_SgwB_20cm",1,"Within Range","Needs Dilution",9789.65554592257,73258.8253821495,NA,NA,"20"
"497","GCW","WC","SgwB","45cm","Varian GC","Wegner","20241030",2024,"August","GCW_WC_SgwB_45cm",1,"Needs Dilution","Needs Dilution",12951.7160356912,55307.3526438333,NA,NA,"45"
"498","GCW","WC","SgwC","10cm","Varian GC","Wegner","20241030",2024,"August","GCW_WC_SgwC_10cm",1,"Within Range","Needs Dilution",9183.45693752137,77994.4558213824,NA,NA,"10"
"499","GCW","WC","SgwC","20cm","Varian GC","Wegner","20241030",2024,"August","GCW_WC_SgwC_20cm",1,"Within Range","Needs Dilution",8960.89647120069,81163.2461368877,NA,NA,"20"
"500","GCW","WC","SgwC","45cm","Varian GC","Wegner","20241030",2024,"August","GCW_WC_SgwC_45cm",1,"Within Range","Needs Dilution",3906.62265448017,56074.934008211,NA,NA,"45"
"501","GCW","WC","ATM","0cm","Varian GC","Wegner","20241030",2024,"August","GCW_WC_ATM",1,"Within Range","Within Range",5.6398984693224,488.760884089759,NA,NA,"GCW"
"502","MSM","UP","sgwA","10cm","Varian GC","Wegner","20241030",2024,"August","MSM_UP_sgwA_10cm",1,"Within Range","Within Range",2.9044294227978,6375.31119959507,NA,NA,"10"
"503","MSM","UP","SgwA","20cm","Varian GC","Wegner","20241030",2024,"August","MSM_UP_SgwA_20cm",1,"Within Range","Within Range",2.71507907885154,9723.72775659411,NA,NA,"20"
"504","MSM","UP","SgwA","45cm","Varian GC","Wegner","20241030",2024,"August","MSM_UP_SgwA_45cm",1,"Within Range","Within Range",2.62499978901303,21409.0882447556,NA,NA,"45"
"505","MSM","UP","SgwB","10cm","Varian GC","Wegner","20241030",2024,"August","MSM_UP_SgwB_10cm",1,"Within Range","Within Range",2.59374779049763,5041.70178730105,NA,NA,"10"
"506","MSM","UP","SgwB","20cm","Varian GC","Wegner","20241030",2024,"August","MSM_UP_SgwB_20cm",1,"Within Range","Within Range",2.41358921082061,11203.3308565323,NA,NA,"20"
"507","MSM","UP","SgwB","45cm","Varian GC","Wegner","20241030",2024,"August","MSM_UP_SgwB_45cm",1,"Within Range","Within Range",1.88230523605877,34966.7458118216,NA,NA,"45"
"508","MSM","UP","SgwC","10cm","Varian GC","Wegner","20241030",2024,"August","MSM_UP_SgwC_10cm",1,"Within Range","Within Range",2.44300285648216,10530.5778820089,NA,NA,"10"
"509","MSM","UP","SgwC","20cm","Varian GC","Wegner","20241030",2024,"August","MSM_UP_SgwC_20cm",1,"Within Range","Within Range",2.39336732942829,11677.0970586581,NA,NA,"20"
"510","MSM","UP","SgwC","45cm","Varian GC","Wegner","20241030",2024,"August","MSM_UP_SgwC_45cm",1,"Within Range","Within Range",2.02018170009731,32726.9298127214,NA,NA,"45"
"511","MSM","UP","ATM","0cm","Varian GC","Wegner","20241030",2024,"August","MSM_UP_ATM",1,"Within Range","Within Range",2.78861319300543,503.00106405714,NA,NA,"MSM"
"512","MSM","TR","SgwA","10cm","Varian GC","Wegner","20241030",2024,"August","MSM_TR_SgwA_10cm",1,"Within Range","Within Range",4.97441473622972,28305.7997345481,NA,NA,"10"
"513","MSM","TR","SgwA","20cm","Varian GC","Wegner","20241030",2024,"August","MSM_TR_SgwA_20cm",1,"Within Range","Needs Dilution",436.211403825722,113972.474304032,NA,NA,"20"
"514","MSM","TR","SgwA","45cm","Varian GC","Wegner","20241030",2024,"August","MSM_TR_SgwA_45cm",1,"Within Range","Needs Dilution",17.3042473269827,53456.9953770879,NA,NA,"45"
"515","MSM","TR","SgwB","10cm","Varian GC","Wegner","20241030",2024,"August","MSM_TR_SgwB_10cm",1,"Within Range","Needs Dilution",11.0207572725331,65222.3135841629,NA,NA,"10"
"516","MSM","TR","SgwB","20cm","Varian GC","Wegner","20241030",2024,"August","MSM_TR_SgwB_20cm",1,"Within Range","Within Range",10.4306460064481,40344.458068725,NA,NA,"20"
"517","MSM","TR","SgwB","45cm","Varian GC","Wegner","20241030",2024,"August","MSM_TR_SgwB_45cm",1,"Within Range","Needs Dilution",145.239194486755,64253.1916405151,NA,NA,"45"
"518","MSM","TR","SgwC","10cm","Varian GC","Wegner","20241030",2024,"August","MSM_TR_SgwC_10cm",1,"Within Range","Needs Dilution",20.2731871859459,61743.117914628,NA,NA,"10"
"519","MSM","TR","SgwC","20cm","Varian GC","Wegner","20241030",2024,"August","MSM_TR_SgwC_20cm",1,"Within Range","Needs Dilution",5.11964461168365,62514.9089207581,NA,NA,"20"
"520","MSM","TR","SgwC","45cm","Varian GC","Wegner","20241030",2024,"August","MSM_TR_SgwC_45cm",1,"Within Range","Needs Dilution",10.877365749933,77837.196087959,NA,NA,"45"
"521","MSM","TR","ATM","0cm","Varian GC","Wegner","20241030",2024,"August","MSM_TR_ATM",1,"Within Range","Within Range",2.67463531606691,659.897787526011,NA,NA,"MSM"
"522","MSM","WC","SgwA","10cm","Varian GC","Wegner","20241030",2024,"August","MSM_WC_SgwA_10cm",1,"Within Range","Needs Dilution",366.805730281798,88396.2194792194,NA,NA,"10"
"523","MSM","WC","SgwA","20cm","Varian GC","Wegner","20241030",2024,"August","MSM_WC_SgwA_20cm",1,"Within Range","Needs Dilution",558.514364596984,68527.3345301164,NA,NA,"20"
"524","MSM","WC","SgwA","45cm","Varian GC","Wegner","20241030",2024,"August","MSM_WC_SgwA_45cm",1,"Within Range","Needs Dilution",9.23020159288593,53229.0951802486,NA,NA,"45"
"525","MSM","WC","SgwB","10cm","Varian GC","Wegner","20241030",2024,"August","MSM_WC_SgwB_10cm",1,"Within Range","Needs Dilution",965.774541353801,50497.139580451,NA,NA,"10"
"526","MSM","WC","SgwB","20cm","Varian GC","Wegner","20241030",2024,"August","MSM_WC_SgwB_20cm",1,"Within Range","Needs Dilution",396.296144038575,61180.6881232776,NA,NA,"20"
"527","MSM","WC","SgwB","45cm","Varian GC","Wegner","20241030",2024,"August","MSM_WC_SgwB_45cm",1,"Within Range","Needs Dilution",295.195130399396,114621.765372026,NA,NA,"45"
"528","MSM","WC","SgwC","10cm","Varian GC","Wegner","20241030",2024,"August","MSM_WC_SgwC_10cm",1,"Within Range","Needs Dilution",123.481993106634,77901.550747427,NA,NA,"10"
"529","MSM","WC","SgwC","20cm","Varian GC","Wegner","20241030",2024,"August","MSM_WC_SgwC_20cm",1,"Within Range","Needs Dilution",909.209993221532,64559.0498172206,NA,NA,"20"
"530","MSM","WC","SgwC","45cm","Varian GC","Wegner","20241030",2024,"August","MSM_WC_SgwC_45cm",1,"Within Range","Needs Dilution",19.3264354662146,72872.7611112986,NA,NA,"45"
"531","MSM","WC","ATM","0cm","Varian GC","Wegner","20241030",2024,"August","MSM_WC_ATM",1,"Within Range","Within Range",141.775670298765,429.978745852314,NA,NA,"MSM"
"532","GWI","UP","SgwA","10cm","Varian GC","Wegner","20241030",2024,"August","GWI_UP_SgwA_10cm",1,"Within Range","Within Range",2.43932615077447,5528.00138574883,NA,NA,"10"
"533","GWI","UP","SgwA","20cm","Varian GC","Wegner","20241030",2024,"August","GWI_UP_SgwA_20cm",1,"Within Range","Within Range",2.38785227086675,11487.9688723919,NA,NA,"20"
"534","GWI","UP","SgwA","45cm","Varian GC","Wegner","20241030",2024,"August","GWI_UP_SgwA_45cm",1,"Within Range","Within Range",2.17276498696663,35617.5207626118,NA,NA,"45"
"535","GWI","UP","SgwB","10cm","Varian GC","Wegner","20241030",2024,"August","GWI_UP_SgwB_10cm",1,"Within Range","Within Range",2.36579203662058,4564.09532197289,NA,NA,"10"
"536","GWI","UP","SgwB","20cm","Varian GC","Wegner","20241030",2024,"August","GWI_UP_SgwB_20cm",1,"Within Range","Within Range",2.01650499438962,8616.08885664473,NA,NA,"20"
"537","GWI","UP","SgwB","45cm","Varian GC","Wegner","20241030",2024,"August","GWI_UP_SgwB_45cm",1,"Within Range","Within Range",1.16718597591222,19933.5992576345,NA,NA,"45"
"538","GWI","UP","SgwC","10cm","Varian GC","Wegner","20241030",2024,"August","GWI_UP_SgwC_10cm",1,"Within Range","Within Range",1.8639217075203,19068.7758056352,NA,NA,"10"
"539","GWI","UP","SgwC","20cm","Varian GC","Wegner","20241030",2024,"August","GWI_UP_SgwC_20cm",1,"Within Range","Within Range",2.15805816413585,15681.5108149148,NA,NA,"20"
"540","GWI","UP","SgwC","45cm","Varian GC","Wegner","20241030",2024,"August","GWI_UP_SgwC_45cm",1,"Within Range","Within Range",2.40255909369752,5379.40931106237,NA,NA,"45"
"541","GWI","UP","ATM","0cm","Varian GC","Wegner","20241030",2024,"August","GWI_UP_ATM",1,"Within Range","Within Range",2.49631508924373,456.051776615489,NA,NA,"GWI"
"542","GWI","TR","SgwA","10cm","Varian GC","Wegner","20241030",2024,"August","GWI_TR_SgwA_10cm",1,"Within Range","Within Range",8.9250350191473,18382.9608413475,NA,NA,"10"
"543","GWI","TR","SgwA","20cm","Varian GC","Wegner","20241030",2024,"August","GWI_TR_SgwA_20cm",1,"Within Range","Needs Dilution",29.5623841564357,118214.532208537,NA,NA,"20"
"544","GWI","TR","SgwA","45cm","Varian GC","Wegner","20241030",2024,"August","GWI_TR_SgwA_45cm",1,"Within Range","Needs Dilution",57.4722571835435,80521.6355952983,NA,NA,"45"
"545","GWI","TR","SgwB","10cm","Varian GC","Wegner","20241030",2024,"August","GWI_TR_SgwB_10cm",1,"Within Range","Within Range",10.0262083786018,16681.393075755,NA,NA,"10"
"546","GWI","TR","SgwB","20cm","Varian GC","Wegner","20241030",2024,"August","GWI_TR_SgwB_20cm",1,"Within Range","Needs Dilution",46.1994774837526,71584.1139845903,NA,NA,"20"
"547","GWI","TR","SgwB","45cm","Varian GC","Wegner","20241030",2024,"August","GWI_TR_SgwB_45cm",1,"Within Range","Within Range",2.86398566001317,12444.3090444857,NA,NA,"45"
"548","GWI","TR","SgwC","10cm","Varian GC","Wegner","20241030",2024,"August","GWI_TR_SgwC_10cm",1,"Within Range","Within Range",2.86398566001317,12444.3090444857,NA,NA,"10"
"549","GWI","TR","SgwC","20cm","Varian GC","Wegner","20241030",2024,"August","GWI_TR_SgwC_20cm",1,"Within Range","Within Range",6.9690275826539,14926.5329014116,NA,NA,"20"
"550","GWI","TR","SgwC","45cm","Varian GC","Wegner","20241030",2024,"August","GWI_TR_SgwC_45cm",1,NA,NA,NA,NA,NA,NA,"45"
"551","GWI","TR","ATM","0cm","Varian GC","Wegner","20241030",2024,"August","GWI_TR_ATM",1,"Within Range","Within Range",2.57168755625146,660.107951183848,NA,NA,"GWI"
"552","GWI","WC","SgwA","10cm","Varian GC","Wegner","20241030",2024,"August","GWI_WC_SgwA_10cm",1,"Within Range","Needs Dilution",12.8278581278648,74604.1975906867,NA,NA,"10"
"553","GWI","WC","SgwA","20cm","Varian GC","Wegner","20241030",2024,"August","GWI_WC_SgwA_20cm",1,"Within Range","Needs Dilution",54.4481667389649,153584.540860469,NA,NA,"20"
"554","GWI","WC","SgwA","45cm","Varian GC","Wegner","20241030",2024,"August","GWI_WC_SgwA_45cm",1,"Within Range","Within Range",3.09561811959791,24555.6903728699,NA,NA,"45"
"555","GWI","WC","SgwB","10cm","Varian GC","Wegner","20241030",2024,"August","GWI_WC_SgwB_10cm",1,"Within Range","Needs Dilution",5.73181611201476,64548.8536955177,NA,NA,"10"
"556","GWI","WC","SgwB","20cm","Varian GC","Wegner","20241030",2024,"August","GWI_WC_SgwB_20cm",1,"Within Range","Needs Dilution",6.4542887835767,91331.0339575952,NA,NA,"20"
"557","GWI","WC","SgwB","45cm","Varian GC","Wegner","20241030",2024,"August","GWI_WC_SgwB_45cm",1,NA,NA,NA,NA,NA,NA,"45"
"558","GWI","WC","SgwC","10cm","Varian GC","Wegner","20241030",2024,"August","GWI_WC_SgwC_10cm",1,NA,NA,NA,NA,NA,NA,"10"
"559","GWI","WC","SgwC","20cm","Varian GC","Wegner","20241030",2024,"August","GWI_WC_SgwC_20cm",1,"Within Range","Needs Dilution",3.92471525668298,112980.718371295,NA,NA,"20"
"560","GWI","WC","SgwC","45cm","Varian GC","Wegner","20241030",2024,"August","GWI_WC_SgwC_45cm",1,"Within Range","Needs Dilution",8.31654022452388,107079.475705528,NA,NA,"45"
"561","GWI","WC","ATM","0cm","Varian GC","Wegner","20241030",2024,"August","GWI_WC_ATM",1,"Within Range","Within Range",2.36579203662058,520.31090714808,NA,NA,"GWI"
"562","SWH","UP","SgwA","10cm","Varian GC","Wegner","20241030",2024,"August","SWH_UP_SgwA_10cm",1,"Within Range","Needs Dilution",3.21143434939028,55449.9455013779,NA,NA,"10"
"563","SWH","UP","SgwA","20cm","Varian GC","Wegner","20241030",2024,"August","SWH_UP_SgwA_20cm",1,"Within Range","Needs Dilution",8.74119973376258,57697.8177740284,NA,NA,"20"
"564","SWH","UP","SgwA","45cm","Varian GC","Wegner","20241030",2024,"August","SWH_UP_SgwA_45cm",1,NA,NA,NA,NA,NA,NA,"45"
"565","SWH","UP","SgwB","10cm","Varian GC","Wegner","20241030",2024,"August","SWH_UP_SgwB_10cm",1,"Within Range","Within Range",4.01295619366765,36691.7181665823,NA,NA,"10"
"566","SWH","UP","SgwB","20cm","Varian GC","Wegner","20241030",2024,"August","SWH_UP_SgwB_20cm",1,"Within Range","Within Range",3.57542821445202,45948.2299983128,NA,NA,"20"
"567","SWH","UP","SgwB","45cm","Varian GC","Wegner","20241030",2024,"August","SWH_UP_SgwB_45cm",1,"Within Range","Within Range",45.761949504537,13854.8383555481,NA,NA,"45"
"568","SWH","UP","SgwC","10cm","Varian GC","Wegner","20241030",2024,"August","SWH_UP_SgwC_10cm",1,"Within Range","Within Range",10.5096951791636,16880.5581688319,NA,NA,"10"
"569","SWH","UP","SgwC","20cm","Varian GC","Wegner","20241030",2024,"August","SWH_UP_SgwC_20cm",1,"Within Range","Within Range",9.25593853283979,46698.5269939823,NA,NA,"20"
"570","SWH","UP","SgwC","45cm","Varian GC","Wegner","20241030",2024,"August","SWH_UP_SgwC_45cm",1,"Needs Dilution","Needs Dilution",17693.1168980423,95646.7191968955,NA,NA,"45"
"571","SWH","UP","ATM","0cm","Varian GC","Wegner","20241030",2024,"August","SWH_UP_ATM",1,"Within Range","Within Range",13.4216460996575,413.71972105056,NA,NA,"SWH"
"572","SWH","SWAMP","SgwA","10cm","Varian GC","Wegner","20241030",2024,"August","SWH_SWAMP_SgwA_10cm",1,"Needs Dilution","Needs Dilution",165157.607909418,76740.428380856,NA,NA,"10"
"573","SWH","SWAMP","SgwA","20cm","Varian GC","Wegner","20241030",2024,"August","SWH_SWAMP_SgwA_20cm",1,"Needs Dilution","Needs Dilution",97054.4784152576,65186.6048681176,NA,NA,"20"
"574","SWH","SWAMP","SgwA","45cm","Varian GC","Wegner","20241030",2024,"August","SWH_SWAMP_SgwA_45cm",1,"Within Range","Needs Dilution",2819.73296755756,52058.7765614982,NA,NA,"45"
"575","SWH","SWAMP","SgwB","10cm","Varian GC","Wegner","20241030",2024,"August","SWH_SWAMP_SgwB_10cm",1,"Needs Dilution","Needs Dilution",88519.6007997912,61892.8372307519,NA,NA,"10"
"576","SWH","SWAMP","SgwB","20cm","Varian GC","Wegner","20241030",2024,"August","SWH_SWAMP_SgwB_20cm",1,"Within Range","Within Range",321.665670949933,34111.2714582982,NA,NA,"20"
"577","SWH","SWAMP","SgwB","45cm","Varian GC","Wegner","20241030",2024,"August","SWH_SWAMP_SgwB_45cm",1,"Within Range","Within Range",173.099714508007,34466.9129475283,NA,NA,"45"
"578","SWH","SWAMP","SgwC","10cm","Varian GC","Wegner","20241030",2024,"August","SWH_SWAMP_SgwC_10cm",1,"Needs Dilution","Within Range",67290.8213516781,25778.8619672684,NA,NA,"10"
"579","SWH","SWAMP","SgwC","20cm","Varian GC","Wegner","20241030",2024,"August","SWH_SWAMP_SgwC_20cm",1,"Needs Dilution","Within Range",88214.3841569996,31257.8667386536,NA,NA,"20"
"580","SWH","SWAMP","SgwC","45cm","Varian GC","Wegner","20241030",2024,"August","SWH_SWAMP_SgwC_45cm",1,"Needs Dilution","Needs Dilution",30224.891906041,64072.9603824307,NA,NA,"45"
"581","SWH","SWAMP","ATM","0cm","Varian GC","Wegner","20241030",2024,"August","SWH_SWAMP_ATM",1,"Within Range","Within Range",33.9781077113766,665.578574883303,NA,NA,"SWH"
"582","SWH","TR","SgwA","10cm","Varian GC","Wegner","20241030",2024,"August","SWH_TR_SgwA_10cm",1,"Needs Dilution","Needs Dilution",185161.583145891,119375.552677577,NA,NA,"10"
"583","SWH","TR","SgwA","20cm","Varian GC","Wegner","20241030",2024,"August","SWH_TR_SgwA_20cm",1,"Needs Dilution","Needs Dilution",160085.454767725,116796.003941286,NA,NA,"20"
"584","SWH","TR","SgwA","45cm","Varian GC","Wegner","20241030",2024,"August","SWH_TR_SgwA_45cm",1,"Needs Dilution","Needs Dilution",122086.142683013,90847.9823429503,NA,NA,"45"
"585","SWH","TR","SgwB","10cm","Varian GC","Wegner","20241030",2024,"August","SWH_TR_SgwB_10cm",1,"Needs Dilution","Needs Dilution",125932.85945802,96550.333765255,NA,NA,"10"
"586","SWH","TR","SgwB","20cm","Varian GC","Wegner","20241030",2024,"August","SWH_TR_SgwB_20cm",1,"Needs Dilution","Needs Dilution",190171.58706851,104054.54559811,NA,NA,"20"
"587","SWH","TR","SgwB","45cm","Varian GC","Wegner","20241030",2024,"August","SWH_TR_SgwB_45cm",1,"Needs Dilution","Needs Dilution",154317.778747863,92764.8086429335,NA,NA,"45"
"588","SWH","TR","SgwC","10cm","Varian GC","Wegner","20241030",2024,"August","SWH_TR_SgwC_10cm",1,"Within Range","Within Range",351.373149993918,17857.3988504584,NA,NA,"10"
"589","SWH","TR","SgwC","20cm","Varian GC","Wegner","20241030",2024,"August","SWH_TR_SgwC_20cm",1,"Needs Dilution","Needs Dilution",100678.676613736,86764.2222529666,NA,NA,"20"
"590","SWH","TR","SgwC","45cm","Varian GC","Wegner","20241030",2024,"August","SWH_TR_SgwC_45cm",1,"Needs Dilution","Needs Dilution",146699.853452494,96304.582394691,NA,NA,"45"
"591","SWH","TR","ATM","0cm","Varian GC","Wegner","20241030",2024,"August","SWH_TR_ATM",1,"Within Range","Within Range",108.260431476779,534.436452393004,NA,NA,"SWH"
"592","SWH","WC","SgwA","10cm","Varian GC","Wegner","20241030",2024,"August","SWH_WC_SgwA_10cm",1,"Needs Dilution","Needs Dilution",45625.1466028599,58414.8515943985,NA,NA,"10"
"593","SWH","WC","SgwA","20cm","Varian GC","Wegner","20241030",2024,"August","SWH_WC_SgwA_20cm",1,"Within Range","Needs Dilution",8132.88570049525,101822.473811372,NA,NA,"20"
"594","SWH","WC","SgwA","45cm","Varian GC","Wegner","20241030",2024,"August","SWH_WC_SgwA_45cm",1,"Within Range","Needs Dilution",7964.01461929207,120510.105262921,NA,NA,"45"
"595","SWH","WC","SgwB","10cm","Varian GC","Wegner","20241030",2024,"August","SWH_WC_SgwB_10cm",1,"Needs Dilution","Needs Dilution",30549.692026718,92701.7149654125,NA,NA,"10"
"596","SWH","WC","SgwB","20cm","Varian GC","Wegner","20241030",2024,"August","SWH_WC_SgwB_20cm",1,"Within Range","Needs Dilution",152.952628508494,107682.518031607,NA,NA,"20"
"597","SWH","WC","SgwB","45cm","Varian GC","Wegner","20241030",2024,"August","SWH_WC_SgwB_45cm",1,"Within Range","Needs Dilution",277.925111496118,123501.854986784,NA,NA,"45"
"598","SWH","WC","SgwC","10cm","Varian GC","Wegner","20241030",2024,"August","SWH_WC_SgwC_10cm",1,"Needs Dilution","Needs Dilution",90090.4375445433,85786.0250604578,NA,NA,"10"
"599","SWH","WC","SgwC","20cm","Varian GC","Wegner","20241030",2024,"August","SWH_WC_SgwC_20cm",1,"Within Range","Needs Dilution",256.706027630834,107638.28176593,NA,NA,"20"
"600","SWH","WC","SgwC","45cm","Varian GC","Wegner","20241030",2024,"August","SWH_WC_SgwC_45cm",1,"Within Range","Needs Dilution",168.488029195578,126382.791145605,NA,NA,"45"
"601","SWH","WC","ATM","0cm","Varian GC","Wegner","20241030",2024,"August","SWH_WC_ATM",1,"Within Range","Within Range",12.4473190871185,612.279797536697,NA,NA,"SWH"
"602","GCW","TR","SgwA","10cm","Varian GC","Wegner","20241113",2024,"September","GCW_TR_SgwA_10cm",1,"Within Range","Within Range",2.22338524606179,9632.20262919281,NA,NA,"10"
"603","GCW","TR","SgwA","20cm","Varian GC","Wegner","20241113",2024,"September","GCW_TR_SgwA_20cm",1,"Within Range","Within Range",2.92285450814114,19062.2436047352,NA,NA,"20"
"604","GCW","TR","SgwA","45cm","Varian GC","Wegner","20241113",2024,"September","GCW_TR_SgwA_45cm",1,"Within Range","Within Range",5.01305256125619,29444.6659697292,NA,NA,"45"
"605","GCW","TR","SgwB","10cm","Varian GC","Wegner","20241113",2024,"September","GCW_TR_SgwB_10cm",1,"Within Range","Within Range",3.41379654889636,13533.298639244,NA,NA,"10"
"606","GCW","TR","SgwB","20cm","Varian GC","Wegner","20241113",2024,"September","GCW_TR_SgwB_20cm",1,"Within Range","Within Range",9.06701877739213,19566.1911762127,NA,NA,"20"
"607","GCW","TR","SgwB","45cm","Varian GC","Wegner","20241113",2024,"September","GCW_TR_SgwB_45cm",1,"Within Range","Within Range",124.988583010953,43349.5861100079,NA,NA,"45"
"608","GCW","TR","SgwC","10cm","Varian GC","Wegner","20241113",2024,"September","GCW_TR_SgwC_10cm",1,"Within Range","Within Range",2.26607585830138,33257.9647008006,NA,NA,"10"
"609","GCW","TR","SgwC","20cm","Varian GC","Wegner","20241113",2024,"September","GCW_TR_SgwC_20cm",1,"Within Range","Within Range",6.20182191746616,38921.3586681729,NA,NA,"20"
"610","GCW","TR","SgwC","45cm","Varian GC","Wegner","20241113",2024,"September","GCW_TR_SgwC_45cm",1,"Within Range","Needs Dilution",114.558805514655,59810.2892144852,NA,NA,"45"
"611","GCW","TR","ATM","0cm","Varian GC","Wegner","20241113",2024,"September","GCW_TR_ATM",1,"Within Range","Within Range",2.44668998700731,519.606660894086,NA,NA,"GCW"
"612","GCW","WC","SgwA","10cm","Varian GC","Wegner","20241113",2024,"September","GCW_WC_SgwA_10cm",1,"Needs Dilution","Needs Dilution",45970.5712945475,82444.506560619,NA,"CH4 unusually high, not real value","10"
"613","GCW","WC","SgwA","20cm","Varian GC","Wegner","20241113",2024,"September","GCW_WC_SgwA_20cm",1,"Needs Dilution","Needs Dilution",27652.1011441716,72225.895556584,NA,NA,"20"
"614","GCW","WC","SgwA","45cm","Varian GC","Wegner","20241113",2024,"September","GCW_WC_SgwA_45cm",1,"Needs Dilution","Needs Dilution",54999.939093544,75256.8375337249,NA,"CH4 unusually high, not real value","45"
"615","GCW","WC","SgwB","10cm","Varian GC","Wegner","20241113",2024,"September","GCW_WC_SgwB_10cm",1,"Needs Dilution","Needs Dilution",25966.939592359,109240.139892253,NA,NA,"10"
"616","GCW","WC","SgwB","20cm","Varian GC","Wegner","20241113",2024,"September","GCW_WC_SgwB_20cm",1,"Needs Dilution","Needs Dilution",12342.9635868409,76911.2030293902,NA,NA,"20"
"617","GCW","WC","SgwB","45cm","Varian GC","Wegner","20241113",2024,"September","GCW_WC_SgwB_45cm",1,"Needs Dilution","Needs Dilution",13570.5367374032,63952.1554097822,NA,NA,"45"
"618","GCW","WC","SgwC","10cm","Varian GC","Wegner","20241113",2024,"September","GCW_WC_SgwC_10cm",1,"Within Range","Needs Dilution",6728.15550694673,67718.3851084667,NA,NA,"10"
"619","GCW","WC","SgwC","20cm","Varian GC","Wegner","20241113",2024,"September","GCW_WC_SgwC_20cm",1,"Needs Dilution","Needs Dilution",11987.2056682452,81029.3115638383,NA,NA,"20"
"620","GCW","WC","SgwC","45cm","Varian GC","Wegner","20241113",2024,"September","GCW_WC_SgwC_45cm",1,NA,NA,NA,NA,NA,NA,"45"
"621","GCW","WC","ATM","0cm","Varian GC","Wegner","20241113",2024,"September","GCW_WC_ATM",1,"Within Range","Within Range",16.4065201893515,513.231099309861,NA,NA,"GCW"
"622","MSM","UP","sgwA","10cm","Varian GC","Wegner","20241113",2024,"September","MSM_UP_sgwA_10cm",1,"Within Range","Within Range",3.38752540290277,4765.01777228392,NA,NA,"10"
"623","MSM","UP","SgwA","20cm","Varian GC","Wegner","20241113",2024,"September","MSM_UP_SgwA_20cm",1,"Within Range","Within Range",3.0525682914845,6959.3295785173,NA,NA,"20"
"624","MSM","UP","SgwA","45cm","Varian GC","Wegner","20241113",2024,"September","MSM_UP_SgwA_45cm",1,"Within Range","Within Range",2.73567259293681,17279.503278589,NA,NA,"45"
"625","MSM","UP","SgwB","10cm","Varian GC","Wegner","20241113",2024,"September","MSM_UP_SgwB_10cm",1,"Within Range","Within Range",2.86702832290476,3251.5000239443,NA,NA,"10"
"626","MSM","UP","SgwB","20cm","Varian GC","Wegner","20241113",2024,"September","MSM_UP_SgwB_20cm",1,"Within Range","Within Range",2.63715579546084,7009.83561819452,NA,NA,"20"
"627","MSM","UP","SgwB","45cm","Varian GC","Wegner","20241113",2024,"September","MSM_UP_SgwB_45cm",1,"Within Range","Within Range",2.26935975155058,21658.0592997177,NA,NA,"45"
"628","MSM","UP","SgwC","10cm","Varian GC","Wegner","20241113",2024,"September","MSM_UP_SgwC_10cm",1,"Within Range","Within Range",2.59118128997206,5453.21907354554,NA,NA,"10"
"629","MSM","UP","SgwC","20cm","Varian GC","Wegner","20241113",2024,"September","MSM_UP_SgwC_20cm",1,"Within Range","Within Range",2.55834235748007,8223.26147872972,NA,NA,"20"
"630","MSM","UP","SgwC","45cm","Varian GC","Wegner","20241113",2024,"September","MSM_UP_SgwC_45cm",1,"Within Range","Within Range",2.26443391167678,21202.5196285597,NA,NA,"45"
"631","MSM","UP","ATM","0cm","Varian GC","Wegner","20241113",2024,"September","MSM_UP_ATM",1,"Within Range","Within Range",2.73403064631221,433.808989865639,NA,NA,"MSM"
"632","MSM","TR","SgwA","10cm","Varian GC","Wegner","20241113",2024,"September","MSM_TR_SgwA_10cm",1,"Within Range","Within Range",3.49589388012634,37435.0066081472,NA,NA,"10"
"633","MSM","TR","SgwA","20cm","Varian GC","Wegner","20241113",2024,"September","MSM_TR_SgwA_20cm",1,"Within Range","Within Range",45.3507552877898,26055.0233059297,NA,NA,"20"
"634","MSM","TR","SgwA","45cm","Varian GC","Wegner","20241113",2024,"September","MSM_TR_SgwA_45cm",1,"Within Range","Needs Dilution",291.82871776646,53940.6864016187,NA,NA,"45"
"635","MSM","TR","SgwB","10cm","Varian GC","Wegner","20241113",2024,"September","MSM_TR_SgwB_10cm",1,"Within Range","Within Range",9.65647761562331,42574.2946375058,NA,NA,"10"
"636","MSM","TR","SgwB","20cm","Varian GC","Wegner","20241113",2024,"September","MSM_TR_SgwB_20cm",1,"Within Range","Within Range",17.5460311468235,44405.784825911,NA,NA,"20"
"637","MSM","TR","SgwB","45cm","Varian GC","Wegner","20241113",2024,"September","MSM_TR_SgwB_45cm",1,"Within Range","Needs Dilution",440.15855837788,54761.0878703118,NA,NA,"45"
"638","MSM","TR","SgwC","10cm","Varian GC","Wegner","20241113",2024,"September","MSM_TR_SgwC_10cm",1,"Within Range","Within Range",8.07692496275868,49603.316508324,NA,NA,"10"
"639","MSM","TR","SgwC","20cm","Varian GC","Wegner","20241113",2024,"September","MSM_TR_SgwC_20cm",1,"Within Range","Needs Dilution",4.976929735515,54417.7117153155,NA,NA,"20"
"640","MSM","TR","SgwC","45cm","Varian GC","Wegner","20241113",2024,"September","MSM_TR_SgwC_45cm",1,"Within Range","Needs Dilution",14.514997677813,66155.6538206619,NA,NA,"45"
"641","MSM","TR","ATM","0cm","Varian GC","Wegner","20241113",2024,"September","MSM_TR_ATM",1,"Within Range","Within Range",2.44668998700731,519.235719129186,NA,NA,"MSM"
"642","MSM","WC","SgwA","10cm","Varian GC","Wegner","20241113",2024,"September","MSM_WC_SgwA_10cm",1,"Within Range","Needs Dilution",1278.39858103511,78450.3737191587,NA,NA,"10"
"643","MSM","WC","SgwA","20cm","Varian GC","Wegner","20241113",2024,"September","MSM_WC_SgwA_20cm",1,"Within Range","Needs Dilution",236.884734164855,86875.1741037512,NA,NA,"20"
"644","MSM","WC","SgwA","45cm","Varian GC","Wegner","20241113",2024,"September","MSM_WC_SgwA_45cm",1,"Within Range","Needs Dilution",10.6564231100044,66911.3433392751,NA,NA,"45"
"645","MSM","WC","SgwB","10cm","Varian GC","Wegner","20241113",2024,"September","MSM_WC_SgwB_10cm",1,"Within Range","Needs Dilution",3157.07057681451,70297.3113612161,NA,NA,"10"
"646","MSM","WC","SgwB","20cm","Varian GC","Wegner","20241113",2024,"September","MSM_WC_SgwB_20cm",1,"Within Range","Needs Dilution",431.316185031616,81217.9180633949,NA,NA,"20"
"647","MSM","WC","SgwB","45cm","Varian GC","Wegner","20241113",2024,"September","MSM_WC_SgwB_45cm",1,"Within Range","Needs Dilution",3495.07127024761,96806.3631996391,NA,NA,"45"
"648","MSM","WC","SgwC","10cm","Varian GC","Wegner","20241113",2024,"September","MSM_WC_SgwC_10cm",1,"Within Range","Needs Dilution",237.45218755233,81354.9636576304,NA,NA,"10"
"649","MSM","WC","SgwC","20cm","Varian GC","Wegner","20241113",2024,"September","MSM_WC_SgwC_20cm",1,"Within Range","Needs Dilution",718.769332790371,71648.5710672372,NA,NA,"20"
"650","MSM","WC","SgwC","45cm","Varian GC","Wegner","20241113",2024,"September","MSM_WC_SgwC_45cm",1,"Within Range","Needs Dilution",30.065874159394,77524.5842174784,NA,NA,"45"
"651","MSM","WC","ATM","0cm","Varian GC","Wegner","20241113",2024,"September","MSM_WC_ATM",1,"Within Range","Within Range",2.69298198069722,518.105505939255,NA,NA,"MSM"
"652","GWI","UP","SgwA","10cm","Varian GC","Wegner","20241113",2024,"September","GWI_UP_SgwA_10cm",1,"Within Range","Within Range",3.61083014384829,5264.08514116695,NA,NA,"10"
"653","GWI","UP","SgwA","20cm","Varian GC","Wegner","20241113",2024,"September","GWI_UP_SgwA_20cm",1,"Within Range","Within Range",3.09197501047488,9022.01501786181,NA,NA,"20"
"654","GWI","UP","SgwA","45cm","Varian GC","Wegner","20241113",2024,"September","GWI_UP_SgwA_45cm",1,NA,NA,NA,NA,NA,NA,"45"
"655","GWI","UP","SgwB","10cm","Varian GC","Wegner","20241113",2024,"September","GWI_UP_SgwB_10cm",1,"Within Range","Within Range",2.86210248303096,3404.78011635923,NA,NA,"10"
"656","GWI","UP","SgwB","20cm","Varian GC","Wegner","20241113",2024,"September","GWI_UP_SgwB_20cm",1,"Within Range","Within Range",2.61581048934105,7374.53512870746,NA,NA,"20"
"657","GWI","UP","SgwB","45cm","Varian GC","Wegner","20241113",2024,"September","GWI_UP_SgwB_45cm",1,"Within Range","Needs Dilution",1.56496464959743,50637.7339874694,NA,NA,"45"
"658","GWI","UP","SgwC","10cm","Varian GC","Wegner","20241113",2024,"September","GWI_UP_SgwC_10cm",1,"Within Range","Within Range",3.25288577968562,36642.9763885039,NA,NA,"10"
"659","GWI","UP","SgwC","20cm","Varian GC","Wegner","20241113",2024,"September","GWI_UP_SgwC_20cm",1,"Within Range","Needs Dilution",4.37761921753622,53049.4408517947,NA,NA,"20"
"660","GWI","UP","SgwC","45cm","Varian GC","Wegner","20241113",2024,"September","GWI_UP_SgwC_45cm",1,"Within Range","Within Range",2.63058800896245,3538.24380417738,NA,NA,"45"
"661","GWI","UP","ATM","0cm","Varian GC","Wegner","20241113",2024,"September","GWI_UP_ATM",1,"Within Range","Within Range",2.62730411571325,416.154480242411,NA,NA,"GWI"
"662","GWI","TR","SgwA","10cm","Varian GC","Wegner","20241113",2024,"September","GWI_TR_SgwA_10cm",1,"Within Range","Needs Dilution",5.36442913892046,50914.526095666,NA,NA,"10"
"663","GWI","TR","SgwA","20cm","Varian GC","Wegner","20241113",2024,"September","GWI_TR_SgwA_20cm",1,"Within Range","Needs Dilution",33.0345136566697,76617.1157614051,NA,NA,"20"
"664","GWI","TR","SgwA","45cm","Varian GC","Wegner","20241113",2024,"September","GWI_TR_SgwA_45cm",1,"Within Range","Needs Dilution",22.1500494822002,75872.7399666214,NA,NA,"45"
"665","GWI","TR","SgwB","10cm","Varian GC","Wegner","20241113",2024,"September","GWI_TR_SgwB_10cm",1,"Within Range","Within Range",14.2818412571198,36441.0043934807,NA,NA,"10"
"666","GWI","TR","SgwB","20cm","Varian GC","Wegner","20241113",2024,"September","GWI_TR_SgwB_20cm",1,"Within Range","Within Range",49.1108130581225,44457.1196885942,NA,NA,"20"
"667","GWI","TR","SgwB","45cm","Varian GC","Wegner","20241113",2024,"September","GWI_TR_SgwB_45cm",1,NA,NA,NA,NA,NA,NA,"45"
"668","GWI","TR","SgwC","10cm","Varian GC","Wegner","20241113",2024,"September","GWI_TR_SgwC_10cm",1,"Within Range","Within Range",6.58603742762242,31962.757773035,NA,NA,"10"
"669","GWI","TR","SgwC","20cm","Varian GC","Wegner","20241113",2024,"September","GWI_TR_SgwC_20cm",1,"Within Range","Within Range",2.44012220050892,46757.0049986973,NA,NA,"20"
"670","GWI","TR","SgwC","45cm","Varian GC","Wegner","20241113",2024,"September","GWI_TR_SgwC_45cm",1,"Within Range","Within Range",23.5046554474947,27045.8203519088,NA,NA,"45"
"671","GWI","TR","ATM","0cm","Varian GC","Wegner","20241113",2024,"September","GWI_TR_ATM",1,"Within Range","Within Range",3.38424150965358,766.833551235125,NA,NA,"GWI"
"672","GWI","WC","SgwA","10cm","Varian GC","Wegner","20241113",2024,"September","GWI_WC_SgwA_10cm",1,"Within Range","Needs Dilution",26.5028499840132,148201.984984706,NA,NA,"10"
"673","GWI","WC","SgwA","20cm","Varian GC","Wegner","20241113",2024,"September","GWI_WC_SgwA_20cm",1,"Within Range","Needs Dilution",14.6562050875285,99607.7096122018,NA,NA,"20"
"674","GWI","WC","SgwA","45cm","Varian GC","Wegner","20241113",2024,"September","GWI_WC_SgwA_45cm",1,"Within Range","Within Range",4.72735384857589,17136.6269434865,NA,NA,"45"
"675","GWI","WC","SgwB","10cm","Varian GC","Wegner","20241113",2024,"September","GWI_WC_SgwB_10cm",1,"Within Range","Needs Dilution",13.3853384000886,129943.663311731,NA,NA,"10"
"676","GWI","WC","SgwB","20cm","Varian GC","Wegner","20241113",2024,"September","GWI_WC_SgwB_20cm",1,"Within Range","Needs Dilution",9.16389362824349,85799.3966178194,NA,NA,"20"
"677","GWI","WC","SgwB","45cm","Varian GC","Wegner","20241113",2024,"September","GWI_WC_SgwB_45cm",1,"Within Range","Needs Dilution",7.30521004919696,87574.213859706,NA,NA,"45"
"678","GWI","WC","SgwC","10cm","Varian GC","Wegner","20241113",2024,"September","GWI_WC_SgwC_10cm",1,"Within Range","Needs Dilution",10.4150569561882,136993.121755409,NA,NA,"10"
"679","GWI","WC","SgwC","20cm","Varian GC","Wegner","20241113",2024,"September","GWI_WC_SgwC_20cm",1,"Within Range","Needs Dilution",7.67136414648263,119753.440944641,NA,NA,"20"
"680","GWI","WC","SgwC","45cm","Varian GC","Wegner","20241113",2024,"September","GWI_WC_SgwC_45cm",1,"Within Range","Within Range",82.5326366018434,35237.3563260297,NA,NA,"45"
"681","GWI","WC","ATM","0cm","Varian GC","Wegner","20241113",2024,"September","GWI_WC_ATM",1,"Within Range","Within Range",2.58789739672286,520.696302328481,NA,NA,"GWI"
"682","SWH","UP","SgwA","10cm","Varian GC","Wegner","20241113",2024,"September","SWH_UP_SgwA_10cm",1,"Within Range","Within Range",3.20034348769844,47934.4205282117,NA,NA,"10"
"683","SWH","UP","SgwA","20cm","Varian GC","Wegner","20241113",2024,"September","SWH_UP_SgwA_20cm",1,"Within Range","Needs Dilution",2.79806656467159,57494.9692493832,NA,NA,"20"
"684","SWH","UP","SgwA","45cm","Varian GC","Wegner","20241113",2024,"September","SWH_UP_SgwA_45cm",1,NA,NA,NA,NA,NA,NA,"45"
"685","SWH","UP","SgwB","10cm","Varian GC","Wegner","20241113",2024,"September","SWH_UP_SgwB_10cm",1,"Within Range","Within Range",3.76845701980984,29104.7615978139,NA,NA,"10"
"686","SWH","UP","SgwB","20cm","Varian GC","Wegner","20241113",2024,"September","SWH_UP_SgwB_20cm",1,"Within Range","Within Range",3.96384866813717,34220.2108228125,NA,NA,"20"
"687","SWH","UP","SgwB","45cm","Varian GC","Wegner","20241113",2024,"September","SWH_UP_SgwB_45cm",1,"Within Range","Needs Dilution",65.446540026262,86599.1064911891,NA,NA,"45"
"688","SWH","UP","SgwC","10cm","Varian GC","Wegner","20241113",2024,"September","SWH_UP_SgwC_10cm",1,"Within Range","Within Range",11.9831159826807,13303.6567069453,NA,NA,"10"
"689","SWH","UP","SgwC","20cm","Varian GC","Wegner","20241113",2024,"September","SWH_UP_SgwC_20cm",1,"Within Range","Needs Dilution",87.9444926765231,66673.8710581579,NA,NA,"20"
"690","SWH","UP","SgwC","45cm","Varian GC","Wegner","20241113",2024,"September","SWH_UP_SgwC_45cm",1,"Needs Dilution","Needs Dilution",20842.5385185079,86346.1010236667,NA,NA,"45"
"691","SWH","UP","ATM","0cm","Varian GC","Wegner","20241113",2024,"September","SWH_UP_ATM",1,"Within Range","Within Range",8.74191334572144,540.640218156954,NA,NA,"SWH"
"692","SWH","SWAMP","SgwA","10cm","Varian GC","Wegner","20241113",2024,"September","SWH_SWAMP_SgwA_10cm",1,"Needs Dilution","Needs Dilution",168001.70511389,80848.3325543224,NA,NA,"10"
"693","SWH","SWAMP","SgwA","20cm","Varian GC","Wegner","20241113",2024,"September","SWH_SWAMP_SgwA_20cm",1,"Needs Dilution","Needs Dilution",154926.985096562,75384.4530927808,NA,NA,"20"
"694","SWH","SWAMP","SgwA","45cm","Varian GC","Wegner","20241113",2024,"September","SWH_SWAMP_SgwA_45cm",1,"Needs Dilution","Needs Dilution",74000.6649924213,62750.164988343,NA,NA,"45"
"695","SWH","SWAMP","SgwB","10cm","Varian GC","Wegner","20241113",2024,"September","SWH_SWAMP_SgwB_10cm",1,"Needs Dilution","Needs Dilution",111936.221486526,68619.6286980477,NA,NA,"10"
"696","SWH","SWAMP","SgwB","20cm","Varian GC","Wegner","20241113",2024,"September","SWH_SWAMP_SgwB_20cm",1,NA,NA,NA,NA,NA,NA,"20"
"697","SWH","SWAMP","SgwB","45cm","Varian GC","Wegner","20241113",2024,"September","SWH_SWAMP_SgwB_45cm",1,NA,NA,NA,NA,NA,NA,"45"
"698","SWH","SWAMP","SgwC","10cm","Varian GC","Wegner","20241113",2024,"September","SWH_SWAMP_SgwC_10cm",1,"Needs Dilution","Within Range",89691.334519405,44092.3854022908,NA,NA,"10"
"699","SWH","SWAMP","SgwC","20cm","Varian GC","Wegner","20241113",2024,"September","SWH_SWAMP_SgwC_20cm",1,"Needs Dilution","Within Range",114780.368575254,49868.3196235549,NA,NA,"20"
"700","SWH","SWAMP","SgwC","45cm","Varian GC","Wegner","20241113",2024,"September","SWH_SWAMP_SgwC_45cm",1,"Needs Dilution","Needs Dilution",69744.0150529112,57861.7437153936,NA,NA,"45"
"701","SWH","SWAMP","ATM","0cm","Varian GC","Wegner","20241113",2024,"September","SWH_SWAMP_ATM",1,"Within Range","Within Range",42.3230057120285,458.302738279219,NA,NA,"SWH"
"702","SWH","TR","SgwA","10cm","Varian GC","Wegner","20241113",2024,"September","SWH_TR_SgwA_10cm",1,"Needs Dilution","Needs Dilution",185821.339542487,114987.592741131,NA,NA,"10"
"703","SWH","TR","SgwA","20cm","Varian GC","Wegner","20241113",2024,"September","SWH_TR_SgwA_20cm",1,"Needs Dilution","Needs Dilution",162945.281773877,107839.058070434,NA,NA,"20"
"704","SWH","TR","SgwA","45cm","Varian GC","Wegner","20241113",2024,"September","SWH_TR_SgwA_45cm",1,"Needs Dilution","Needs Dilution",123586.290554385,93071.6229792156,NA,NA,"45"
"705","SWH","TR","SgwB","10cm","Varian GC","Wegner","20241113",2024,"September","SWH_TR_SgwB_10cm",1,"Needs Dilution","Needs Dilution",117735.877949332,79802.0971023859,NA,NA,"10"
"706","SWH","TR","SgwB","20cm","Varian GC","Wegner","20241113",2024,"September","SWH_TR_SgwB_20cm",1,"Needs Dilution","Needs Dilution",173232.303056275,87418.053172648,NA,NA,"20"
"707","SWH","TR","SgwB","45cm","Varian GC","Wegner","20241113",2024,"September","SWH_TR_SgwB_45cm",1,"Needs Dilution","Needs Dilution",150588.204676111,87505.3925703868,NA,NA,"45"
"708","SWH","TR","SgwC","10cm","Varian GC","Wegner","20241113",2024,"September","SWH_TR_SgwC_10cm",1,"Within Range","Within Range",425.883835312889,7555.84450823268,NA,NA,"10"
"709","SWH","TR","SgwC","20cm","Varian GC","Wegner","20241113",2024,"September","SWH_TR_SgwC_20cm",1,"Needs Dilution","Needs Dilution",98659.6931242938,84209.1518837962,NA,NA,"20"
"710","SWH","TR","SgwC","45cm","Varian GC","Wegner","20241113",2024,"September","SWH_TR_SgwC_45cm",1,"Needs Dilution","Needs Dilution",167724.094895918,102003.622471694,NA,NA,"45"
"711","SWH","TR","ATM","0cm","Varian GC","Wegner","20241113",2024,"September","SWH_TR_ATM",1,"Within Range","Within Range",148.676668344807,626.026375664965,NA,NA,"SWH"
"712","SWH","WC","SgwA","10cm","Varian GC","Wegner","20241113",2024,"September","SWH_WC_SgwA_10cm",1,"Needs Dilution","Needs Dilution",51558.4421323285,84112.1506122747,NA,NA,"10"
"713","SWH","WC","SgwA","20cm","Varian GC","Wegner","20241113",2024,"September","SWH_WC_SgwA_20cm",1,"Needs Dilution","Needs Dilution",20806.263928131,100343.032109536,NA,NA,"20"
"714","SWH","WC","SgwA","45cm","Varian GC","Wegner","20241113",2024,"September","SWH_WC_SgwA_45cm",1,"Within Range","Needs Dilution",5829.36767751563,96764.7887421449,NA,NA,"45"
"715","SWH","WC","SgwB","10cm","Varian GC","Wegner","20241113",2024,"September","SWH_WC_SgwB_10cm",1,"Needs Dilution","Needs Dilution",35449.2041374956,82584.7225477513,NA,NA,"10"
"716","SWH","WC","SgwB","20cm","Varian GC","Wegner","20241113",2024,"September","SWH_WC_SgwB_20cm",1,"Within Range","Needs Dilution",180.469967951476,86848.8140545829,NA,NA,"20"
"717","SWH","WC","SgwB","45cm","Varian GC","Wegner","20241113",2024,"September","SWH_WC_SgwB_45cm",1,"Within Range","Needs Dilution",5442.2743111119,104544.793807934,NA,NA,"45"
"718","SWH","WC","SgwC","10cm","Varian GC","Wegner","20241113",2024,"September","SWH_WC_SgwC_10cm",1,"Needs Dilution","Needs Dilution",67839.5849159826,84252.3202316864,NA,NA,"10"
"719","SWH","WC","SgwC","20cm","Varian GC","Wegner","20241113",2024,"September","SWH_WC_SgwC_20cm",1,"Within Range","Needs Dilution",304.636193754802,91371.6780141881,NA,NA,"20"
"720","SWH","WC","SgwC","45cm","Varian GC","Wegner","20241113",2024,"September","SWH_WC_SgwC_45cm",1,"Within Range","Needs Dilution",359.117022255104,104184.041349638,NA,NA,"45"
"721","SWH","WC","ATM","0cm","Varian GC","Wegner","20241113",2024,"September","SWH_WC_ATM",1,"Within Range","Within Range",89.6127104471161,2034.32417400456,NA,NA,"SWH"
"722","SWH","UP","SgwA","10cm","Varian GC","Wegner","20241126",2024,"October","SWH_UP_SgwA_10cm",1,"Within Range","Within Range",2.86977191015406,37782.8584448602,NA,NA,"10"
"723","SWH","UP","SgwA","20cm","Varian GC","Wegner","20241126",2024,"October","SWH_UP_SgwA_20cm",1,"Within Range","Needs Dilution",2.89464552939448,52902.4471589158,NA,NA,"20"
"724","SWH","UP","SgwA","45cm","Varian GC","Wegner","20241126",2024,"October","SWH_UP_SgwA_45cm",1,"Within Range","Needs Dilution",2539.82935095772,61632.9688305178,NA,NA,"45"
"725","SWH","UP","SgwB","10cm","Varian GC","Wegner","20241126",2024,"October","SWH_UP_SgwB_10cm",1,"Within Range","Within Range",3.62758817634567,18605.4856589286,NA,NA,"10"
"726","SWH","UP","SgwB","20cm","Varian GC","Wegner","20241126",2024,"October","SWH_UP_SgwB_20cm",1,"Within Range","Within Range",3.13840699795065,22864.4658570313,NA,NA,"20"
"727","SWH","UP","SgwB","45cm","Varian GC","Wegner","20241126",2024,"October","SWH_UP_SgwB_45cm",1,"Within Range","Needs Dilution",52.5407312920002,70334.6128275802,NA,NA,"45"
"728","SWH","UP","SgwC","10cm","Varian GC","Wegner","20241126",2024,"October","SWH_UP_SgwC_10cm",1,"Within Range","Within Range",23.4518627109644,12032.5850796133,NA,NA,"10"
"729","SWH","UP","SgwC","20cm","Varian GC","Wegner","20241126",2024,"October","SWH_UP_SgwC_20cm",1,"Within Range","Within Range",11.3400683821601,31523.3361106219,NA,NA,"20"
"730","SWH","UP","SgwC","45cm","Varian GC","Wegner","20241126",2024,"October","SWH_UP_SgwC_45cm",1,"Within Range","Needs Dilution",8399.21259977454,81815.0987697832,NA,NA,"45"
"731","SWH","UP","ATM","0cm","Varian GC","Wegner","20241126",2024,"October","SWH_UP_ATM",1,"Within Range","Within Range",4.30580886096793,754.212871986861,NA,NA,"SWH"
"732","SWH","SWAMP","SgwA","10cm","Varian GC","Wegner","20241126",2024,"October","SWH_SWAMP_SgwA_10cm",1,"Needs Dilution","Needs Dilution",154207.018709808,63838.7253778108,NA,NA,"10"
"733","SWH","SWAMP","SgwA","20cm","Varian GC","Wegner","20241126",2024,"October","SWH_SWAMP_SgwA_20cm",1,"Needs Dilution","Needs Dilution",89466.766933511,62654.4228573548,NA,NA,"20"
"734","SWH","SWAMP","SgwA","45cm","Varian GC","Wegner","20241126",2024,"October","SWH_SWAMP_SgwA_45cm",1,"Needs Dilution","Needs Dilution",11375.6411766054,56491.3753460957,NA,NA,"45"
"735","SWH","SWAMP","SgwB","10cm","Varian GC","Wegner","20241126",2024,"October","SWH_SWAMP_SgwB_10cm",1,"Needs Dilution","Within Range",113527.023494054,48162.964047258,NA,NA,"10"
"736","SWH","SWAMP","SgwB","20cm","Varian GC","Wegner","20241126",2024,"October","SWH_SWAMP_SgwB_20cm",1,"Within Range","Within Range",1769.95990377818,47623.0564885699,NA,NA,"20"
"737","SWH","SWAMP","SgwB","45cm","Varian GC","Wegner","20241126",2024,"October","SWH_SWAMP_SgwB_45cm",1,"Within Range","Within Range",164.968692223071,36589.4278204272,NA,NA,"45"
"738","SWH","SWAMP","SgwC","10cm","Varian GC","Wegner","20241126",2024,"October","SWH_SWAMP_SgwC_10cm",1,"Needs Dilution","Needs Dilution",20296.3778396067,57624.6816325723,NA,NA,"10"
"739","SWH","SWAMP","SgwC","20cm","Varian GC","Wegner","20241126",2024,"October","SWH_SWAMP_SgwC_20cm",1,"Needs Dilution","Needs Dilution",83025.490044015,54000.8663357772,NA,NA,"20"
"740","SWH","SWAMP","SgwC","45cm","Varian GC","Wegner","20241126",2024,"October","SWH_SWAMP_SgwC_45cm",1,"Needs Dilution","Needs Dilution",55118.5924272116,60114.3809884645,NA,NA,"45"
"741","SWH","SWAMP","ATM","0cm","Varian GC","Wegner","20241126",2024,"October","SWH_SWAMP_ATM",1,"Within Range","Within Range",23.3274946147623,414.643805577639,NA,NA,"SWH"
"742","SWH","TR","SgwA","10cm","Varian GC","Wegner","20241126",2024,"October","SWH_TR_SgwA_10cm",1,"Needs Dilution","Needs Dilution",183904.788691336,102565.5101573,NA,NA,"10"
"743","SWH","TR","SgwA","20cm","Varian GC","Wegner","20241126",2024,"October","SWH_TR_SgwA_20cm",1,"Needs Dilution","Needs Dilution",157350.26393144,96226.5697199973,NA,NA,"20"
"744","SWH","TR","SgwA","45cm","Varian GC","Wegner","20241126",2024,"October","SWH_TR_SgwA_45cm",1,"Needs Dilution","Needs Dilution",112906.654656515,84182.4503456943,NA,NA,"45"
"745","SWH","TR","SgwB","10cm","Varian GC","Wegner","20241126",2024,"October","SWH_TR_SgwB_10cm",1,"Needs Dilution","Needs Dilution",94326.6719364575,57131.632074129,NA,NA,"10"
"746","SWH","TR","SgwB","20cm","Varian GC","Wegner","20241126",2024,"October","SWH_TR_SgwB_20cm",1,"Needs Dilution","Needs Dilution",151015.666751968,60106.2004800384,NA,NA,"20"
"747","SWH","TR","SgwB","45cm","Varian GC","Wegner","20241126",2024,"October","SWH_TR_SgwB_45cm",1,NA,NA,NA,NA,NA,NA,"45"
"748","SWH","TR","SgwC","10cm","Varian GC","Wegner","20241126",2024,"October","SWH_TR_SgwC_10cm",1,"Within Range","Within Range",128.749816567257,4752.79621169657,NA,NA,"10"
"749","SWH","TR","SgwC","20cm","Varian GC","Wegner","20241126",2024,"October","SWH_TR_SgwC_20cm",1,"Needs Dilution","Needs Dilution",88488.4583928964,51546.3719538305,NA,NA,"20"
"750","SWH","TR","SgwC","45cm","Varian GC","Wegner","20241126",2024,"October","SWH_TR_SgwC_45cm",1,"Needs Dilution","Needs Dilution",144751.598939986,89874.4948886675,NA,NA,"45"
"751","SWH","TR","ATM","0cm","Varian GC","Wegner","20241126",2024,"October","SWH_TR_ATM",1,"Within Range","Within Range",113.446275364105,446.934023588329,NA,NA,"SWH"
"752","SWH","WC","SgwA","10cm","Varian GC","Wegner","20241126",2024,"October","SWH_WC_SgwA_10cm",1,"Needs Dilution","Within Range",51979.8809351018,42279.709115983,NA,NA,"10"
"753","SWH","WC","SgwA","20cm","Varian GC","Wegner","20241126",2024,"October","SWH_WC_SgwA_20cm",1,"Needs Dilution","Needs Dilution",47196.8525209763,85910.5047840034,NA,NA,"20"
"754","SWH","WC","SgwA","45cm","Varian GC","Wegner","20241126",2024,"October","SWH_WC_SgwA_45cm",1,"Needs Dilution","Needs Dilution",16611.8439726751,93635.2617323189,NA,NA,"45"
"755","SWH","WC","SgwB","10cm","Varian GC","Wegner","20241126",2024,"October","SWH_WC_SgwB_10cm",1,"Needs Dilution","Needs Dilution",14283.0375710452,69248.1525464679,NA,NA,"10"
"756","SWH","WC","SgwB","20cm","Varian GC","Wegner","20241126",2024,"October","SWH_WC_SgwB_20cm",1,"Within Range","Needs Dilution",24.481630547518,67949.5388158924,NA,NA,"20"
"757","SWH","WC","SgwB","45cm","Varian GC","Wegner","20241126",2024,"October","SWH_WC_SgwB_45cm",1,"Within Range","Needs Dilution",20.4952185039192,90406.8456727096,NA,NA,"45"
"758","SWH","WC","SgwC","10cm","Varian GC","Wegner","20241126",2024,"October","SWH_WC_SgwC_10cm",1,"Within Range","Within Range",327.567914212906,16220.5615832456,NA,NA,"10"
"759","SWH","WC","SgwC","20cm","Varian GC","Wegner","20241126",2024,"October","SWH_WC_SgwC_20cm",1,"Within Range","Needs Dilution",7627.70362947692,77964.4003104055,NA,NA,"20"
"760","SWH","WC","SgwC","45cm","Varian GC","Wegner","20241126",2024,"October","SWH_WC_SgwC_45cm",1,"Within Range","Needs Dilution",6030.91881980976,99711.058483619,NA,NA,"45"
"761","SWH","WC","ATM","0cm","Varian GC","Wegner","20241126",2024,"October","SWH_WC_ATM",1,"Within Range","Within Range",7.49460684759042,499.105755845942,NA,NA,"SWH"
"762","GWI","WC","ATM","0cm","Varian GC","Wegner","20241126",2024,"October","GWI_WC_ATM",1,"Within Range","Within Range",6.23102699017683,490.715337012927,NA,NA,"GWI"
"763","SWH","UP","SgwA","10cm","Varian GC","Wegner","20241126",2024,"November","SWH_UP_SgwA_10cm",1,"Within Range","Within Range",3.07041910536015,33216.8093087657,NA,NA,"10"
"764","SWH","UP","SgwA","20cm","Varian GC","Wegner","20241126",2024,"November","SWH_UP_SgwA_20cm",1,"Within Range","Needs Dilution",3.38382670778951,51662.0745700753,NA,NA,"20"
"765","SWH","UP","SgwA","45cm","Varian GC","Wegner","20241126",2024,"November","SWH_UP_SgwA_45cm",1,"Within Range","Needs Dilution",746.774469927044,72678.4184532852,NA,NA,"45"
"766","SWH","UP","SgwB","10cm","Varian GC","Wegner","20241126",2024,"November","SWH_UP_SgwB_10cm",1,"Within Range","Within Range",4.14330121526382,20546.1193649548,NA,NA,"10"
"767","SWH","UP","SgwB","20cm","Varian GC","Wegner","20241126",2024,"November","SWH_UP_SgwB_20cm",1,"Within Range","Within Range",3.56125852503787,25071.2119819565,NA,NA,"20"
"768","SWH","UP","SgwB","45cm","Varian GC","Wegner","20241126",2024,"November","SWH_UP_SgwB_45cm",1,"Within Range","Needs Dilution",62.3210383773353,81512.8037941868,NA,NA,"45"
"769","SWH","UP","SgwC","10cm","Varian GC","Wegner","20241126",2024,"November","SWH_UP_SgwC_10cm",1,"Within Range","Within Range",4.4799241956509,10227.4215527151,NA,NA,"10"
"770","SWH","UP","SgwC","20cm","Varian GC","Wegner","20241126",2024,"November","SWH_UP_SgwC_20cm",1,"Within Range","Within Range",3.77682989178822,26291.0133509276,NA,NA,"20"
"771","SWH","UP","SgwC","45cm","Varian GC","Wegner","20241126",2024,"November","SWH_UP_SgwC_45cm",1,"Within Range","Needs Dilution",4948.87222158198,86475.9434456022,NA,NA,"45"
"772","SWH","UP","ATM","0cm","Varian GC","Wegner","20241126",2024,"November","SWH_UP_ATM",1,"Within Range","Within Range",3.31583881519901,431.184745635864,NA,NA,"SWH"
"773","SWH","SWAMP","SgwA","10cm","Varian GC","Wegner","20241126",2024,"November","SWH_SWAMP_SgwA_10cm",1,"Needs Dilution","Needs Dilution",145809.722207314,63657.6506634388,NA,NA,"10"
"774","SWH","SWAMP","SgwA","20cm","Varian GC","Wegner","20241126",2024,"November","SWH_SWAMP_SgwA_20cm",1,NA,NA,NA,NA,NA,NA,"20"
"775","SWH","SWAMP","SgwA","45cm","Varian GC","Wegner","20241126",2024,"November","SWH_SWAMP_SgwA_45cm",1,NA,NA,NA,NA,NA,NA,"45"
"776","SWH","SWAMP","SgwB","10cm","Varian GC","Wegner","20241126",2024,"November","SWH_SWAMP_SgwB_10cm",1,"Needs Dilution","Within Range",125397.958121257,47025.6034912094,NA,NA,"10"
"777","SWH","SWAMP","SgwB","20cm","Varian GC","Wegner","20241126",2024,"November","SWH_SWAMP_SgwB_20cm",1,"Within Range","Within Range",223.566267673985,45184.1014741689,NA,NA,"20"
"778","SWH","SWAMP","SgwB","45cm","Varian GC","Wegner","20241126",2024,"November","SWH_SWAMP_SgwB_45cm",1,"Within Range","Within Range",79.9066871803158,37702.9065696186,NA,NA,"45"
"779","SWH","SWAMP","SgwC","10cm","Varian GC","Wegner","20241126",2024,"November","SWH_SWAMP_SgwC_10cm",1,"Needs Dilution","Needs Dilution",64133.8468072038,59064.1692358918,NA,NA,"10"
"780","SWH","SWAMP","SgwC","20cm","Varian GC","Wegner","20241126",2024,"November","SWH_SWAMP_SgwC_20cm",1,"Needs Dilution","Needs Dilution",84877.283081257,61514.0695786489,NA,NA,"20"
"781","SWH","SWAMP","SgwC","45cm","Varian GC","Wegner","20241126",2024,"November","SWH_SWAMP_SgwC_45cm",1,NA,NA,NA,NA,NA,NA,"45"
"782","SWH","SWAMP","ATM","0cm","Varian GC","Wegner","20241126",2024,"November","SWH_SWAMP_ATM",1,"Within Range","Within Range",37.4557103433237,484.310070884506,NA,NA,"SWH"
"783","SWH","TR","SgwA","10cm","Varian GC","Wegner","20241126",2024,"November","SWH_TR_SgwA_10cm",1,"Needs Dilution","Needs Dilution",143032.493053441,80621.4642323836,NA,NA,"10"
"784","SWH","TR","SgwA","20cm","Varian GC","Wegner","20241126",2024,"November","SWH_TR_SgwA_20cm",1,"Needs Dilution","Needs Dilution",144295.526837118,90945.3978099135,NA,NA,"20"
"785","SWH","TR","SgwA","45cm","Varian GC","Wegner","20241126",2024,"November","SWH_TR_SgwA_45cm",1,"Needs Dilution","Needs Dilution",106630.532044329,95293.9257875701,NA,NA,"45"
"786","SWH","TR","SgwB","10cm","Varian GC","Wegner","20241126",2024,"November","SWH_TR_SgwB_10cm",1,"Within Range","Needs Dilution",1549.92641212968,50328.9935506983,NA,NA,"10"
"787","SWH","TR","SgwB","20cm","Varian GC","Wegner","20241126",2024,"November","SWH_TR_SgwB_20cm",1,"Needs Dilution","Needs Dilution",124672.926907604,54899.4328130156,NA,NA,"20"
"788","SWH","TR","SgwB","45cm","Varian GC","Wegner","20241126",2024,"November","SWH_TR_SgwB_45cm",1,"Needs Dilution","Needs Dilution",91527.9901585488,76958.8934770473,NA,NA,"45"
"789","SWH","TR","SgwC","10cm","Varian GC","Wegner","20241126",2024,"November","SWH_TR_SgwC_10cm",1,"Within Range","Within Range",72.4479178907537,2311.97599339484,NA,NA,"10"
"790","SWH","TR","SgwC","20cm","Varian GC","Wegner","20241126",2024,"November","SWH_TR_SgwC_20cm",1,"Needs Dilution","Needs Dilution",52301.3856196021,50489.9588480959,NA,NA,"20"
"791","SWH","TR","SgwC","45cm","Varian GC","Wegner","20241126",2024,"November","SWH_TR_SgwC_45cm",1,"Needs Dilution","Needs Dilution",136112.672226529,82540.992946363,NA,NA,"45"
"792","SWH","TR","ATM","0cm","Varian GC","Wegner","20241126",2024,"November","SWH_TR_ATM",1,"Within Range","Within Range",360.892583464125,590.410785376912,NA,NA,"SWH"
"793","SWH","WC","SgwA","10cm","Varian GC","Wegner","20241126",2024,"November","SWH_WC_SgwA_10cm",1,"Within Range","Within Range",3480.14945559505,49085.3283671907,NA,NA,"10"
"794","SWH","WC","SgwA","20cm","Varian GC","Wegner","20241126",2024,"November","SWH_WC_SgwA_20cm",1,"Needs Dilution","Needs Dilution",35907.0014378215,86002.9853118126,NA,NA,"20"
"795","SWH","WC","SgwA","45cm","Varian GC","Wegner","20241126",2024,"November","SWH_WC_SgwA_45cm",1,"Within Range","Needs Dilution",2112.45153854572,83443.5477213312,NA,NA,"45"
"796","SWH","WC","SgwB","10cm","Varian GC","Wegner","20241126",2024,"November","SWH_WC_SgwB_10cm",1,"Within Range","Needs Dilution",32.126122860742,51916.7318782016,NA,NA,"10"
"797","SWH","WC","SgwB","20cm","Varian GC","Wegner","20241126",2024,"November","SWH_WC_SgwB_20cm",1,"Within Range","Needs Dilution",11.704881464353,61396.7116689102,NA,NA,"20"
"798","SWH","WC","SgwB","45cm","Varian GC","Wegner","20241126",2024,"November","SWH_WC_SgwB_45cm",1,"Within Range","Needs Dilution",14.4011817900151,74603.9446074598,NA,NA,"45"
"799","SWH","WC","SgwC","10cm","Varian GC","Wegner","20241126",2024,"November","SWH_WC_SgwC_10cm",1,"Within Range","Needs Dilution",2225.54348850357,58058.5604460503,NA,NA,"10"
"800","SWH","WC","SgwC","20cm","Varian GC","Wegner","20241126",2024,"November","SWH_WC_SgwC_20cm",1,"Within Range","Needs Dilution",62.382393304795,92562.5475841339,NA,NA,"20"
"801","SWH","WC","SgwC","45cm","Varian GC","Wegner","20241126",2024,"November","SWH_WC_SgwC_45cm",1,"Within Range","Needs Dilution",579.831302441057,91993.5224532984,NA,NA,"45"
"802","SWH","WC","ATM","0cm","Varian GC","Wegner","20241126",2024,"November","SWH_WC_ATM",1,"Within Range","Within Range",7.70354524920999,439.515190066928,NA,NA,"SWH"
"803","GWI","WC","ATM","0cm","Varian GC","Wegner","20241126",2024,"November","GWI_WC_ATM",1,"Within Range","Within Range",3.89788150542496,358.999555447033,NA,NA,"GWI"
"804","GCW","TR","SgwA","10cm","Varian GC","Wegner","20241122",2024,"October","GCW_TR_SgwA_10cm",1,"Within Range","Within Range",2.41119589668307,8108.65717206539,NA,NA,"10"
"805","GCW","TR","SgwA","20cm","Varian GC","Wegner","20241122",2024,"October","GCW_TR_SgwA_20cm",1,"Within Range","Within Range",3.10870906589976,13794.0994529528,NA,NA,"20"
"806","GCW","TR","SgwA","45cm","Varian GC","Wegner","20241122",2024,"October","GCW_TR_SgwA_45cm",1,NA,NA,NA,NA,NA,NA,"45"
"807","GCW","TR","SgwB","10cm","Varian GC","Wegner","20241122",2024,"October","GCW_TR_SgwB_10cm",1,"Within Range","Within Range",4.01971341541409,14004.9951098744,NA,NA,"10"
"808","GCW","TR","SgwB","20cm","Varian GC","Wegner","20241122",2024,"October","GCW_TR_SgwB_20cm",1,"Within Range","Within Range",5.76023693112305,25176.1354247045,NA,NA,"20"
"809","GCW","TR","SgwB","45cm","Varian GC","Wegner","20241122",2024,"October","GCW_TR_SgwB_45cm",1,"Within Range","Within Range",218.529371000016,34779.1087115482,NA,NA,"45"
"810","GCW","TR","SgwC","10cm","Varian GC","Wegner","20241122",2024,"October","GCW_TR_SgwC_10cm",1,"Within Range","Within Range",12.450170481671,48567.8570604315,NA,NA,"10"
"811","GCW","TR","SgwC","20cm","Varian GC","Wegner","20241122",2024,"October","GCW_TR_SgwC_20cm",1,"Within Range","Within Range",7.331271265527,30879.5671314504,NA,NA,"20"
"812","GCW","TR","SgwC","45cm","Varian GC","Wegner","20241122",2024,"October","GCW_TR_SgwC_45cm",1,"Within Range","Within Range",16.2946414306948,37439.4857530715,NA,NA,"45"
"813","GCW","TR","ATM","0cm","Varian GC","Wegner","20241122",2024,"October","GCW_TR_ATM",1,"Within Range","Within Range",2.15859182839197,339.672050278181,NA,NA,"GCW"
"814","GCW","WC","SgwA","10cm","Varian GC","Wegner","20241122",2024,"October","GCW_WC_SgwA_10cm",1,"Needs Dilution","Needs Dilution",40203.320919535,88638.0378580515,NA,"CH4 unusually high, not real value","10"
"815","GCW","WC","SgwA","20cm","Varian GC","Wegner","20241122",2024,"October","GCW_WC_SgwA_20cm",1,"Needs Dilution","Needs Dilution",25241.5204715505,75143.1985592431,NA,NA,"20"
"816","GCW","WC","SgwA","45cm","Varian GC","Wegner","20241122",2024,"October","GCW_WC_SgwA_45cm",1,"Needs Dilution","Needs Dilution",50731.7063706499,72320.7671220914,NA,"CH4 unusually high, not real value","45"
"817","GCW","WC","SgwB","10cm","Varian GC","Wegner","20241122",2024,"October","GCW_WC_SgwB_10cm",1,"Needs Dilution","Needs Dilution",26846.9856710693,75834.4483799343,NA,NA,"10"
"818","GCW","WC","SgwB","20cm","Varian GC","Wegner","20241122",2024,"October","GCW_WC_SgwB_20cm",1,"Within Range","Needs Dilution",8226.21174032143,74299.2749281401,NA,NA,"20"
"819","GCW","WC","SgwB","45cm","Varian GC","Wegner","20241122",2024,"October","GCW_WC_SgwB_45cm",1,"Needs Dilution","Needs Dilution",12606.6680973503,67541.2572514967,NA,NA,"45"
"820","GCW","WC","SgwC","10cm","Varian GC","Wegner","20241122",2024,"October","GCW_WC_SgwC_10cm",1,"Within Range","Needs Dilution",4341.79467012506,70808.4827768268,NA,NA,"10"
"821","GCW","WC","SgwC","20cm","Varian GC","Wegner","20241122",2024,"October","GCW_WC_SgwC_20cm",1,"Within Range","Needs Dilution",9445.98735000272,73818.9327294026,NA,NA,"20"
"822","GCW","WC","SgwC","45cm","Varian GC","Wegner","20241122",2024,"October","GCW_WC_SgwC_45cm",1,"Within Range","Needs Dilution",1910.87098911237,64111.594449509,NA,NA,"45"
"823","GCW","WC","ATM","0cm","Varian GC","Wegner","20241122",2024,"October","GCW_WC_ATM",1,"Within Range","Within Range",4.64388991964305,785.381463417095,NA,NA,"GCW"
"824","MSM","UP","sgwA","10cm","Varian GC","Wegner","20241122",2024,"October","MSM_UP_sgwA_10cm",1,"Within Range","Within Range",2.4584573030085,4880.455599138,NA,NA,"10"
"825","MSM","UP","SgwA","20cm","Varian GC","Wegner","20241122",2024,"October","MSM_UP_SgwA_20cm",1,"Within Range","Within Range",2.14392449539443,8379.25235696897,NA,NA,"20"
"826","MSM","UP","SgwA","45cm","Varian GC","Wegner","20241122",2024,"October","MSM_UP_SgwA_45cm",1,"Within Range","Within Range",2.1243680513977,15755.497263007,NA,NA,"45"
"827","MSM","UP","SgwB","10cm","Varian GC","Wegner","20241122",2024,"October","MSM_UP_SgwB_10cm",1,"Within Range","Within Range",2.19118590171986,2646.86527238633,NA,NA,"10"
"828","MSM","UP","SgwB","20cm","Varian GC","Wegner","20241122",2024,"October","MSM_UP_SgwB_20cm",1,"Within Range","Within Range",2.14881360639361,9509.94789646126,NA,NA,"20"
"829","MSM","UP","SgwB","45cm","Varian GC","Wegner","20241122",2024,"October","MSM_UP_SgwB_45cm",1,"Within Range","Within Range",2.44867908101013,45440.1079150365,NA,NA,"45"
"830","MSM","UP","SgwC","10cm","Varian GC","Wegner","20241122",2024,"October","MSM_UP_SgwC_10cm",1,"Within Range","Within Range",3.55361816682537,15979.6142804698,NA,NA,"10"
"831","MSM","UP","SgwC","20cm","Varian GC","Wegner","20241122",2024,"October","MSM_UP_SgwC_20cm",1,"Within Range","Within Range",2.4861622653372,7123.81537465152,NA,NA,"20"
"832","MSM","UP","SgwC","45cm","Varian GC","Wegner","20241122",2024,"October","MSM_UP_SgwC_45cm",1,"Within Range","Within Range",3.33197846819576,39475.9521749222,NA,NA,"45"
"833","MSM","UP","ATM","0cm","Varian GC","Wegner","20241122",2024,"October","MSM_UP_ATM",1,"Within Range","Within Range",1.97606501775583,129.512242834663,NA,NA,"MSM"
"834","MSM","TR","SgwA","10cm","Varian GC","Wegner","20241122",2024,"October","MSM_TR_SgwA_10cm",1,"Within Range","Within Range",2.83980796094473,16648.7945993346,NA,NA,"10"
"835","MSM","TR","SgwA","20cm","Varian GC","Wegner","20241122",2024,"October","MSM_TR_SgwA_20cm",1,"Within Range","Needs Dilution",380.966466761751,104408.578414312,NA,NA,"20"
"836","MSM","TR","SgwA","45cm","Varian GC","Wegner","20241122",2024,"October","MSM_TR_SgwA_45cm",1,"Within Range","Within Range",17.0557130429009,42247.2869422178,NA,NA,"45"
"837","MSM","TR","SgwB","10cm","Varian GC","Wegner","20241122",2024,"October","MSM_TR_SgwB_10cm",1,"Within Range","Needs Dilution",28.0496939763958,55107.9795363374,NA,NA,"10"
"838","MSM","TR","SgwB","20cm","Varian GC","Wegner","20241122",2024,"October","MSM_TR_SgwB_20cm",1,"Within Range","Within Range",17.9113074677578,30712.3378594111,NA,NA,"20"
"839","MSM","TR","SgwB","45cm","Varian GC","Wegner","20241122",2024,"October","MSM_TR_SgwB_45cm",1,NA,NA,NA,NA,NA,NA,"45"
"840","MSM","TR","SgwC","10cm","Varian GC","Wegner","20241122",2024,"October","MSM_TR_SgwC_10cm",1,"Within Range","Needs Dilution",6.53923528365945,50296.5230298649,NA,NA,"10"
"841","MSM","TR","SgwC","20cm","Varian GC","Wegner","20241122",2024,"October","MSM_TR_SgwC_20cm",1,"Within Range","Within Range",27.6895294661227,48262.4735445113,NA,NA,"20"
"842","MSM","TR","SgwC","45cm","Varian GC","Wegner","20241122",2024,"October","MSM_TR_SgwC_45cm",1,"Within Range","Needs Dilution",26.992016296906,57289.2108823397,NA,NA,"45"
"843","MSM","TR","ATM","0cm","Varian GC","Wegner","20241122",2024,"October","MSM_TR_ATM",1,"Within Range","Within Range",1.99073235075338,430.097780857154,NA,NA,"MSM"
"844","MSM","WC","SgwA","10cm","Varian GC","Wegner","20241122",2024,"October","MSM_WC_SgwA_10cm",1,"Within Range","Needs Dilution",2521.12946112966,75299.2704387896,NA,NA,"10"
"845","MSM","WC","SgwA","20cm","Varian GC","Wegner","20241122",2024,"October","MSM_WC_SgwA_20cm",1,"Within Range","Needs Dilution",464.361385238204,62989.9325093004,NA,NA,"20"
"846","MSM","WC","SgwA","45cm","Varian GC","Wegner","20241122",2024,"October","MSM_WC_SgwA_45cm",1,"Within Range","Within Range",6.50012239566599,48935.4946387007,NA,NA,"45"
"847","MSM","WC","SgwB","10cm","Varian GC","Wegner","20241122",2024,"October","MSM_WC_SgwB_10cm",1,"Within Range","Within Range",87.4295767651331,35677.7364697048,NA,NA,"10"
"848","MSM","WC","SgwB","20cm","Varian GC","Wegner","20241122",2024,"October","MSM_WC_SgwB_20cm",1,NA,NA,NA,NA,NA,NA,"20"
"849","MSM","WC","SgwB","45cm","Varian GC","Wegner","20241122",2024,"October","MSM_WC_SgwB_45cm",1,"Needs Dilution","Needs Dilution",21683.7148787569,76660.2150747286,NA,"CH4 unusually high, not real value","45"
"850","MSM","WC","SgwC","10cm","Varian GC","Wegner","20241122",2024,"October","MSM_WC_SgwC_10cm",1,"Within Range","Needs Dilution",1120.1928669972,58126.8887666532,NA,NA,"10"
"851","MSM","WC","SgwC","20cm","Varian GC","Wegner","20241122",2024,"October","MSM_WC_SgwC_20cm",1,"Within Range","Needs Dilution",1270.73050713484,61903.0589001086,NA,NA,"20"
"852","MSM","WC","SgwC","45cm","Varian GC","Wegner","20241122",2024,"October","MSM_WC_SgwC_45cm",1,"Within Range","Needs Dilution",12.4061684826784,66830.265127735,NA,NA,"45"
"853","MSM","WC","ATM","0cm","Varian GC","Wegner","20241122",2024,"October","MSM_WC_ATM",1,"Within Range","Within Range",2.79906536928487,634.14943938098,NA,NA,"MSM"
"854","GWI","UP","SgwA","10cm","Varian GC","Wegner","20241122",2024,"October","GWI_UP_SgwA_10cm",1,"Within Range","Within Range",2.5692771523233,3445.07051559098,NA,NA,"10"
"855","GWI","UP","SgwA","20cm","Varian GC","Wegner","20241122",2024,"October","GWI_UP_SgwA_20cm",1,"Within Range","Within Range",2.42586322968061,8303.67523130544,NA,NA,"20"
"856","GWI","UP","SgwA","45cm","Varian GC","Wegner","20241122",2024,"October","GWI_UP_SgwA_45cm",1,"Within Range","Within Range",2.37860182335518,24082.1964640198,NA,NA,"45"
"857","GWI","UP","SgwB","10cm","Varian GC","Wegner","20241122",2024,"October","GWI_UP_SgwB_10cm",1,"Within Range","Within Range",1.99073235075338,2697.23207528043,NA,NA,"10"
"858","GWI","UP","SgwB","20cm","Varian GC","Wegner","20241122",2024,"October","GWI_UP_SgwB_20cm",1,"Within Range","Within Range",1.87828279777218,4930.20022035957,NA,NA,"20"
"859","GWI","UP","SgwB","45cm","Varian GC","Wegner","20241122",2024,"October","GWI_UP_SgwB_45cm",1,"Within Range","Within Range",1.40403903085148,10591.8081571764,NA,NA,"45"
"860","GWI","UP","SgwC","10cm","Varian GC","Wegner","20241122",2024,"October","GWI_UP_SgwC_10cm",1,"Within Range","Needs Dilution",11.6402077594731,62648.623984308,NA,NA,"10"
"861","GWI","UP","SgwC","20cm","Varian GC","Wegner","20241122",2024,"October","GWI_UP_SgwC_20cm",1,"Within Range","Within Range",1.93532242609598,8461.27863496885,NA,NA,"20"
"862","GWI","UP","SgwC","45cm","Varian GC","Wegner","20241122",2024,"October","GWI_UP_SgwC_45cm",1,"Within Range","Within Range",2.02332642408126,3237.09432651738,NA,NA,"45"
"863","GWI","UP","ATM","0cm","Varian GC","Wegner","20241122",2024,"October","GWI_UP_ATM",1,"Within Range","Within Range",2.41119589668307,296.699637261391,NA,NA,"GWI"
"864","GWI","TR","SgwA","10cm","Varian GC","Wegner","20241122",2024,"October","GWI_TR_SgwA_10cm",1,"Within Range","Needs Dilution",3.84533512310992,82573.4954980818,NA,NA,"10"
"865","GWI","TR","SgwA","20cm","Varian GC","Wegner","20241122",2024,"October","GWI_TR_SgwA_20cm",1,"Within Range","Needs Dilution",13.3872500898477,56320.3005252521,NA,NA,"20"
"866","GWI","TR","SgwA","45cm","Varian GC","Wegner","20241122",2024,"October","GWI_TR_SgwA_45cm",1,"Within Range","Needs Dilution",66.8676056062381,66494.4365874736,NA,NA,"45"
"867","GWI","TR","SgwB","10cm","Varian GC","Wegner","20241122",2024,"October","GWI_TR_SgwB_10cm",1,"Within Range","Within Range",53.8870159034087,42021.1777468998,NA,NA,"10"
"868","GWI","TR","SgwB","20cm","Varian GC","Wegner","20241122",2024,"October","GWI_TR_SgwB_20cm",1,"Within Range","Needs Dilution",46.3545255573349,62083.9342913309,NA,NA,"20"
"869","GWI","TR","SgwB","45cm","Varian GC","Wegner","20241122",2024,"October","GWI_TR_SgwB_45cm",1,NA,NA,NA,NA,NA,NA,"45"
"870","GWI","TR","SgwC","10cm","Varian GC","Wegner","20241122",2024,"October","GWI_TR_SgwC_10cm",1,"Within Range","Within Range",47.7495518957683,39810.8235126105,NA,NA,"10"
"871","GWI","TR","SgwC","20cm","Varian GC","Wegner","20241122",2024,"October","GWI_TR_SgwC_20cm",1,"Within Range","Needs Dilution",4.08001245107068,60431.4736117496,NA,NA,"20"
"872","GWI","TR","SgwC","45cm","Varian GC","Wegner","20241122",2024,"October","GWI_TR_SgwC_45cm",1,"Within Range","Within Range",31.7540104101097,40075.5139541412,NA,NA,"45"
"873","GWI","TR","ATM","0cm","Varian GC","Wegner","20241122",2024,"October","GWI_TR_ATM",1,"Within Range","Within Range",2.03473434974602,299.487489755589,NA,NA,"GWI"
"874","GWI","WC","SgwA","10cm","Varian GC","Wegner","20241122",2024,"October","GWI_WC_SgwA_10cm",1,"Within Range","Needs Dilution",19.7170191301225,98097.0418953826,NA,NA,"10"
"875","GWI","WC","SgwA","20cm","Varian GC","Wegner","20241122",2024,"October","GWI_WC_SgwA_20cm",1,"Within Range","Needs Dilution",8.8077827872801,113014.571378612,NA,NA,"20"
"876","GWI","WC","SgwA","45cm","Varian GC","Wegner","20241122",2024,"October","GWI_WC_SgwA_45cm",1,"Within Range","Within Range",2.55460981932575,14668.8450069102,NA,NA,"45"
"877","GWI","WC","SgwB","10cm","Varian GC","Wegner","20241122",2024,"October","GWI_WC_SgwB_10cm",1,"Within Range","Needs Dilution",15.4357875985051,90515.2497018002,NA,NA,"10"
"878","GWI","WC","SgwB","20cm","Varian GC","Wegner","20241122",2024,"October","GWI_WC_SgwB_20cm",1,"Within Range","Needs Dilution",5.31369812653105,82774.1131923746,NA,NA,"20"
"879","GWI","WC","SgwB","45cm","Varian GC","Wegner","20241122",2024,"October","GWI_WC_SgwB_45cm",1,"Within Range","Needs Dilution",2.00376998008453,58224.7687122703,NA,NA,"45"
"880","GWI","WC","SgwC","10cm","Varian GC","Wegner","20241122",2024,"October","GWI_WC_SgwC_10cm",1,NA,NA,NA,NA,NA,NA,"10"
"881","GWI","WC","SgwC","20cm","Varian GC","Wegner","20241122",2024,"October","GWI_WC_SgwC_20cm",1,"Within Range","Needs Dilution",2.89358818193574,107750.292247379,NA,NA,"20"
"882","GWI","WC","SgwC","45cm","Varian GC","Wegner","20241122",2024,"October","GWI_WC_SgwC_45cm",1,"Within Range","Needs Dilution",1.66805102480733,85236.8219200335,NA,NA,"45"
"883","GWI","WC","ATM","0cm","Varian GC","Wegner","20241122",2024,"October","GWI_WC_ATM",1,NA,NA,NA,NA,NA,NA,"GWI"
"884","GCW","TR","SgwA","10cm","Varian GC","Wegner","20241125",2024,"November","GCW_TR_SgwA_10cm",1,"Within Range","Within Range",2.30993407664505,3950.27069390068,NA,NA,"10"
"885","GCW","TR","SgwA","20cm","Varian GC","Wegner","20241125",2024,"November","GCW_TR_SgwA_20cm",1,"Within Range","Within Range",2.53949069866264,10667.3711492006,NA,NA,"20"
"886","GCW","TR","SgwA","45cm","Varian GC","Wegner","20241125",2024,"November","GCW_TR_SgwA_45cm",1,"Within Range","Within Range",2.84775244822911,14773.8853535828,NA,NA,"45"
"887","GCW","TR","SgwB","10cm","Varian GC","Wegner","20241125",2024,"November","GCW_TR_SgwB_10cm",1,"Within Range","Within Range",2.66738653092958,9220.77058800519,NA,NA,"10"
"888","GCW","TR","SgwB","20cm","Varian GC","Wegner","20241125",2024,"November","GCW_TR_SgwB_20cm",1,"Within Range","Within Range",4.07096130555141,1187.93672683747,NA,NA,"20"
"889","GCW","TR","SgwB","45cm","Varian GC","Wegner","20241125",2024,"November","GCW_TR_SgwB_45cm",1,"Within Range","Within Range",9.8131562363057,35426.4140243267,NA,NA,"45"
"890","GCW","TR","SgwC","10cm","Varian GC","Wegner","20241125",2024,"November","GCW_TR_SgwC_10cm",1,"Within Range","Within Range",3.08878690134758,14060.8259323075,NA,NA,"10"
"891","GCW","TR","SgwC","20cm","Varian GC","Wegner","20241125",2024,"November","GCW_TR_SgwC_20cm",1,"Within Range","Within Range",2.67230560140138,18497.9099141308,NA,NA,"20"
"892","GCW","TR","SgwC","45cm","Varian GC","Wegner","20241125",2024,"November","GCW_TR_SgwC_45cm",1,"Within Range","Within Range",5.98611940924102,21589.4294416821,NA,NA,"45"
"893","GCW","TR","ATM","0cm","Varian GC","Wegner","20241125",2024,"November","GCW_TR_ATM",1,"Within Range","Within Range",2.02298829912306,393.572155546404,NA,NA,"GCW"
"894","GCW","WC","SgwA","10cm","Varian GC","Wegner","20241125",2024,"November","GCW_WC_SgwA_10cm",1,"Needs Dilution","Needs Dilution",61015.6692801712,57791.5592549542,NA,"CH4 unusually high, not real value","10"
"895","GCW","WC","SgwA","20cm","Varian GC","Wegner","20241125",2024,"November","GCW_WC_SgwA_20cm",1,"Needs Dilution","Needs Dilution",35932.7912777081,64868.3860236012,NA,"CH4 unusually high, not real value","20"
"896","GCW","WC","SgwA","45cm","Varian GC","Wegner","20241125",2024,"November","GCW_WC_SgwA_45cm",1,"Needs Dilution","Needs Dilution",63889.4574444073,72337.4623386669,NA,"CH4 unusually high, not real value","45"
"897","GCW","WC","SgwB","10cm","Varian GC","Wegner","20241125",2024,"November","GCW_WC_SgwB_10cm",1,"Needs Dilution","Needs Dilution",36198.1203959682,68775.5612560864,NA,"CH4 unusually high, not real value","10"
"898","GCW","WC","SgwB","20cm","Varian GC","Wegner","20241125",2024,"November","GCW_WC_SgwB_20cm",1,"Needs Dilution","Needs Dilution",15927.8052587265,61713.8846246844,NA,NA,"20"
"899","GCW","WC","SgwB","45cm","Varian GC","Wegner","20241125",2024,"November","GCW_WC_SgwB_45cm",1,"Needs Dilution","Needs Dilution",17217.4040790634,71160.0274562606,NA,NA,"45"
"900","GCW","WC","SgwC","10cm","Varian GC","Wegner","20241125",2024,"November","GCW_WC_SgwC_10cm",1,"Within Range","Needs Dilution",5484.34325009621,57287.0239062053,NA,NA,"10"
"901","GCW","WC","SgwC","20cm","Varian GC","Wegner","20241125",2024,"November","GCW_WC_SgwC_20cm",1,"Needs Dilution","Needs Dilution",10270.1032465399,67226.3174886238,NA,NA,"20"
"902","GCW","WC","SgwC","45cm","Varian GC","Wegner","20241125",2024,"November","GCW_WC_SgwC_45cm",1,"Within Range","Needs Dilution",4193.52376981821,59549.6672838554,NA,NA,"45"
"903","GCW","WC","ATM","0cm","Varian GC","Wegner","20241125",2024,"November","GCW_WC_ATM",1,"Within Range","Within Range",6.5649300347568,532.081830746416,NA,NA,"GCW"
"904","MSM","UP","sgwA","10cm","Varian GC","Wegner","20241125",2024,"November","MSM_UP_sgwA_10cm",1,"Within Range","Within Range",2.90022253326171,3222.59488005294,NA,NA,"10"
"905","MSM","UP","SgwA","20cm","Varian GC","Wegner","20241125",2024,"November","MSM_UP_SgwA_20cm",1,"Within Range","Within Range",2.97892766081059,5174.4874170606,NA,NA,"20"
"906","MSM","UP","SgwA","45cm","Varian GC","Wegner","20241125",2024,"November","MSM_UP_SgwA_45cm",1,"Within Range","Within Range",2.75429010926481,17988.7526884369,NA,NA,"45"
"907","MSM","UP","SgwB","10cm","Varian GC","Wegner","20241125",2024,"November","MSM_UP_SgwB_10cm",1,"Within Range","Within Range",3.41344555248675,3107.72833425082,NA,NA,"10"
"908","MSM","UP","SgwB","20cm","Varian GC","Wegner","20241125",2024,"November","MSM_UP_SgwB_20cm",1,"Within Range","Within Range",2.23122894909616,6957.04799035773,NA,NA,"20"
"909","MSM","UP","SgwB","45cm","Varian GC","Wegner","20241125",2024,"November","MSM_UP_SgwB_45cm",1,"Within Range","Within Range",2.01478984833672,25258.8184898656,NA,NA,"45"
"910","MSM","UP","SgwC","10cm","Varian GC","Wegner","20241125",2024,"November","MSM_UP_SgwC_10cm",1,"Within Range","Within Range",2.38044075340759,10132.729081722,NA,NA,"10"
"911","MSM","UP","SgwC","20cm","Varian GC","Wegner","20241125",2024,"November","MSM_UP_SgwC_20cm",1,"Within Range","Within Range",2.54277007897717,4279.36827449765,NA,NA,"20"
"912","MSM","UP","SgwC","45cm","Varian GC","Wegner","20241125",2024,"November","MSM_UP_SgwC_45cm",1,"Within Range","Within Range",1.63438173185042,26117.2148258892,NA,NA,"45"
"913","MSM","UP","ATM","0cm","Varian GC","Wegner","20241125",2024,"November","MSM_UP_ATM",1,"Within Range","Within Range",2.71657723564763,494.015864536461,NA,NA,"MSM"
"914","MSM","TR","SgwA","10cm","Varian GC","Wegner","20241125",2024,"November","MSM_TR_SgwA_10cm",1,"Within Range","Within Range",2.14760475107546,16117.7899205764,NA,NA,"10"
"915","MSM","TR","SgwA","20cm","Varian GC","Wegner","20241125",2024,"November","MSM_TR_SgwA_20cm",1,"Within Range","Needs Dilution",277.397037381039,53765.1947313515,NA,NA,"20"
"916","MSM","TR","SgwA","45cm","Varian GC","Wegner","20241125",2024,"November","MSM_TR_SgwA_45cm",1,"Within Range","Needs Dilution",5.88281892933311,55748.4257055641,NA,NA,"45"
"917","MSM","TR","SgwB","10cm","Varian GC","Wegner","20241125",2024,"November","MSM_TR_SgwB_10cm",1,"Within Range","Within Range",15.0765616411376,38837.7052640198,NA,NA,"10"
"918","MSM","TR","SgwB","20cm","Varian GC","Wegner","20241125",2024,"November","MSM_TR_SgwB_20cm",1,NA,NA,NA,NA,NA,NA,"20"
"919","MSM","TR","SgwB","45cm","Varian GC","Wegner","20241125",2024,"November","MSM_TR_SgwB_45cm",1,"Within Range","Needs Dilution",255.783264601262,55773.6759343058,NA,NA,"45"
"920","MSM","TR","SgwC","10cm","Varian GC","Wegner","20241125",2024,"November","MSM_TR_SgwC_10cm",1,"Within Range","Within Range",6.47802645642157,29063.6085904308,NA,NA,"10"
"921","MSM","TR","SgwC","20cm","Varian GC","Wegner","20241125",2024,"November","MSM_TR_SgwC_20cm",1,"Within Range","Within Range",2.51489534630361,28060.2683165058,NA,NA,"20"
"922","MSM","TR","SgwC","45cm","Varian GC","Wegner","20241125",2024,"November","MSM_TR_SgwC_45cm",1,"Within Range","Within Range",11.8693276935204,40397.8057500425,NA,NA,"45"
"923","MSM","TR","ATM","0cm","Varian GC","Wegner","20241125",2024,"November","MSM_TR_ATM",1,"Within Range","Within Range",2.59196078369523,538.9735888815,NA,NA,"MSM"
"924","MSM","WC","SgwA","10cm","Varian GC","Wegner","20241125",2024,"November","MSM_WC_SgwA_10cm",1,"Within Range","Within Range",870.329590869252,46090.2278751659,NA,NA,"10"
"925","MSM","WC","SgwA","20cm","Varian GC","Wegner","20241125",2024,"November","MSM_WC_SgwA_20cm",1,"Within Range","Needs Dilution",767.577226121554,60892.5395534603,NA,NA,"20"
"926","MSM","WC","SgwA","45cm","Varian GC","Wegner","20241125",2024,"November","MSM_WC_SgwA_45cm",1,"Within Range","Within Range",3.97421958627257,33758.661343571,NA,NA,"45"
"927","MSM","WC","SgwB","10cm","Varian GC","Wegner","20241125",2024,"November","MSM_WC_SgwB_10cm",1,"Within Range","Within Range",697.82227806154,38541.6763918191,NA,NA,"10"
"928","MSM","WC","SgwB","20cm","Varian GC","Wegner","20241125",2024,"November","MSM_WC_SgwB_20cm",1,NA,NA,NA,NA,NA,NA,"20"
"929","MSM","WC","SgwB","45cm","Varian GC","Wegner","20241125",2024,"November","MSM_WC_SgwB_45cm",1,"Needs Dilution","Needs Dilution",12545.2377670419,110544.143586425,NA,"CH4 unusually high, not real value","45"
"930","MSM","WC","SgwC","10cm","Varian GC","Wegner","20241125",2024,"November","MSM_WC_SgwC_10cm",1,"Within Range","Needs Dilution",108.073081739951,93251.7018587618,NA,NA,"10"
"931","MSM","WC","SgwC","20cm","Varian GC","Wegner","20241125",2024,"November","MSM_WC_SgwC_20cm",1,"Within Range","Within Range",1449.52326377895,39637.3368981239,NA,NA,"20"
"932","MSM","WC","SgwC","45cm","Varian GC","Wegner","20241125",2024,"November","MSM_WC_SgwC_45cm",1,"Within Range","Needs Dilution",6.96173505281578,58879.8822383424,NA,NA,"45"
"933","MSM","WC","ATM","0cm","Varian GC","Wegner","20241125",2024,"November","MSM_WC_ATM",1,"Within Range","Within Range",2.97400859033879,571.162498366898,NA,NA,"MSM"
"934","GWI","UP","SgwA","10cm","Varian GC","Wegner","20241125",2024,"November","GWI_UP_SgwA_10cm",1,"Within Range","Within Range",2.38044075340759,3423.51748998949,NA,NA,"10"
"935","GWI","UP","SgwA","20cm","Varian GC","Wegner","20241125",2024,"November","GWI_UP_SgwA_20cm",1,"Within Range","Within Range",2.4214330073393,7766.05828085161,NA,NA,"20"
"936","GWI","UP","SgwA","45cm","Varian GC","Wegner","20241125",2024,"November","GWI_UP_SgwA_45cm",1,"Within Range","Within Range",2.35092633057676,22279.3853435582,NA,NA,"45"
"937","GWI","UP","SgwB","10cm","Varian GC","Wegner","20241125",2024,"November","GWI_UP_SgwB_10cm",1,"Within Range","Within Range",2.3017356258587,2318.32582881702,NA,NA,"10"
"938","GWI","UP","SgwB","20cm","Varian GC","Wegner","20241125",2024,"November","GWI_UP_SgwB_20cm",1,"Within Range","Within Range",2.15744289201908,3831.73245397723,NA,NA,"20"
"939","GWI","UP","SgwB","45cm","Varian GC","Wegner","20241125",2024,"November","GWI_UP_SgwB_45cm",1,"Within Range","Within Range",1.61962452043501,6742.16590436884,NA,NA,"45"
"940","GWI","UP","SgwC","10cm","Varian GC","Wegner","20241125",2024,"November","GWI_UP_SgwC_10cm",1,"Within Range","Within Range",3.15765388795286,7391.14663830302,NA,NA,"10"
"941","GWI","UP","SgwC","20cm","Varian GC","Wegner","20241125",2024,"November","GWI_UP_SgwC_20cm",1,"Within Range","Within Range",3.48559191940656,4393.67761432289,NA,NA,"20"
"942","GWI","UP","SgwC","45cm","Varian GC","Wegner","20241125",2024,"November","GWI_UP_SgwC_45cm",1,"Within Range","Within Range",2.42635207781111,2503.08946542407,NA,NA,"45"
"943","GWI","UP","ATM","0cm","Varian GC","Wegner","20241125",2024,"November","GWI_UP_ATM",1,"Within Range","Within Range",2.53457162819083,457.545267018203,NA,NA,"GWI"
"944","GWI","TR","SgwA","10cm","Varian GC","Wegner","20241125",2024,"November","GWI_TR_SgwA_10cm",1,"Within Range","Needs Dilution",4.16278395435845,62334.2542980374,NA,NA,"10"
"945","GWI","TR","SgwA","20cm","Varian GC","Wegner","20241125",2024,"November","GWI_TR_SgwA_20cm",1,"Within Range","Needs Dilution",62.065162477981,55421.8150232218,NA,NA,"20"
"946","GWI","TR","SgwA","45cm","Varian GC","Wegner","20241125",2024,"November","GWI_TR_SgwA_45cm",1,"Within Range","Within Range",179.530755726299,36506.2674768663,NA,"CH4 unusually high, not real value","45"
"947","GWI","TR","SgwB","10cm","Varian GC","Wegner","20241125",2024,"November","GWI_TR_SgwB_10cm",1,"Within Range","Within Range",32.221161925537,22710.8621907491,NA,NA,"10"
"948","GWI","TR","SgwB","20cm","Varian GC","Wegner","20241125",2024,"November","GWI_TR_SgwB_20cm",1,"Within Range","Needs Dilution",7.73238942673197,66251.2950089763,NA,NA,"20"
"949","GWI","TR","SgwB","45cm","Varian GC","Wegner","20241125",2024,"November","GWI_TR_SgwB_45cm",1,"Within Range","Needs Dilution",116.249265181974,68020.212833829,NA,NA,"45"
"950","GWI","TR","SgwC","10cm","Varian GC","Wegner","20241125",2024,"November","GWI_TR_SgwC_10cm",1,"Within Range","Within Range",2.56900512149347,6376.10503886353,NA,NA,"10"
"951","GWI","TR","SgwC","20cm","Varian GC","Wegner","20241125",2024,"November","GWI_TR_SgwC_20cm",1,"Within Range","Needs Dilution",2.88874470216083,61150.7018805375,NA,NA,"20"
"952","GWI","TR","SgwC","45cm","Varian GC","Wegner","20241125",2024,"November","GWI_TR_SgwC_45cm",1,NA,NA,NA,NA,NA,NA,"45"
"953","GWI","TR","ATM","0cm","Varian GC","Wegner","20241125",2024,"November","GWI_TR_ATM",1,"Within Range","Within Range",2.03774551053847,371.993620926,NA,NA,"GWI"
"954","GWI","WC","SgwA","10cm","Varian GC","Wegner","20241125",2024,"November","GWI_WC_SgwA_10cm",1,"Within Range","Needs Dilution",12.984317000463,82780.9628115742,NA,NA,"10"
"955","GWI","WC","SgwA","20cm","Varian GC","Wegner","20241125",2024,"November","GWI_WC_SgwA_20cm",1,"Within Range","Needs Dilution",3.98897679768799,111475.393137594,NA,NA,"20"
"956","GWI","WC","SgwA","45cm","Varian GC","Wegner","20241125",2024,"November","GWI_WC_SgwA_45cm",1,"Within Range","Within Range",2.45586650064194,529.671181730655,NA,NA,"45"
"957","GWI","WC","SgwB","10cm","Varian GC","Wegner","20241125",2024,"November","GWI_WC_SgwB_10cm",1,"Within Range","Needs Dilution",12.1546337808851,93794.57297872,NA,NA,"10"
"958","GWI","WC","SgwB","20cm","Varian GC","Wegner","20241125",2024,"November","GWI_WC_SgwB_20cm",1,"Within Range","Needs Dilution",3.27571157927619,63441.0706545319,NA,NA,"20"
"959","GWI","WC","SgwB","45cm","Varian GC","Wegner","20241125",2024,"November","GWI_WC_SgwB_45cm",1,NA,NA,NA,NA,NA,NA,"45"
"960","GWI","WC","SgwC","10cm","Varian GC","Wegner","20241125",2024,"November","GWI_WC_SgwC_10cm",1,NA,NA,NA,NA,NA,NA,"10"
"961","GWI","WC","SgwC","20cm","Varian GC","Wegner","20241125",2024,"November","GWI_WC_SgwC_20cm",1,"Within Range","Needs Dilution",2.26238306208426,96884.2507938846,NA,NA,"20"
"962","GWI","WC","SgwC","45cm","Varian GC","Wegner","20241125",2024,"November","GWI_WC_SgwC_45cm",1,"Within Range","Needs Dilution",1.21462105158969,67206.8094141069,NA,NA,"45"
"963","GWI","WC","ATM","0cm","Varian GC","Wegner","20241125",2024,"November","GWI_WC_ATM",1,NA,NA,NA,NA,NA,NA,"GWI"
"964","GCW","UP","C3","10cm","Varian GC","Wegner","20240624",2024,"April",NA,1,"Within Range","Within Range",1.83829201695564,5307.7633001177,NA,NA,"10"
"965","GCW","UP","C3","20cm","Varian GC","Wegner","20240624",2024,"April",NA,1,"Within Range","Within Range",1.29487503926186,7894.78783243245,NA,NA,"20"
"966","GCW","UP","C3","35cm","Varian GC","Wegner","20240624",2024,"April",NA,1,"Within Range","Within Range",0.989992839567379,11659.5867588417,NA,NA,"35"
"967","GCW","UP","C3","50cm","Varian GC","Wegner","20240624",2024,"April",NA,1,"Within Range","Within Range",1.07371696694462,12160.8046417318,NA,NA,"50"
"968","GCW","UP","C6","10cm","Varian GC","Wegner","20240624",2024,"April",NA,1,"Within Range","Within Range",1.83197321488944,5544.72264651813,NA,NA,"10"
"969","GCW","UP","C6","20cm","Varian GC","Wegner","20240624",2024,"April",NA,1,"Within Range","Within Range",1.29329533874531,15738.0085243417,NA,NA,"20"
"970","GCW","UP","C6","35cm","Varian GC","Wegner","20240624",2024,"April",NA,1,"Within Range","Within Range",1.56658352810875,10214.0070129184,NA,NA,"35"
"971","GCW","UP","C6","50cm","Varian GC","Wegner","20240624",2024,"April",NA,1,"Within Range","Within Range",1.42125108058599,8574.92086429709,NA,NA,"50"
"972","GCW","UP","F4","10cm","Varian GC","Wegner","20240624",2024,"April",NA,1,"Within Range","Within Range",2.60760616851632,3282.27033465088,NA,NA,"10"
"973","GCW","UP","F4","20cm","Varian GC","Wegner","20240624",2024,"April",NA,1,"Within Range","Within Range",1.55710532500944,11321.6114975147,NA,NA,"20"
"974","GCW","UP","F4","35cm","Varian GC","Wegner","20240624",2024,"April",NA,1,"Within Range","Within Range",1.55394592397634,6727.74894138282,NA,NA,"35"
"975","GCW","UP","F4","50cm","Varian GC","Wegner","20240624",2024,"April",NA,1,"Within Range","Within Range",1.69927837149909,6881.49774232294,NA,NA,"50"
"976","GCW","UP","F4","0cm","Varian GC","Wegner","20240624",2024,"April",NA,1,"Within Range","Within Range",2.25691265384184,410.021250215325,NA,NA,"ATM"
"977","GCW","UP","H3","10cm","Varian GC","Wegner","20240624",2024,"April",NA,1,"Within Range","Within Range",1.88252363141909,10244.0093872276,NA,NA,"10"
"978","GCW","UP","H3","20cm","Varian GC","Wegner","20240624",2024,"April",NA,1,"Within Range","Within Range",1.4702217965991,15550.704592689,NA,NA,"20"
"979","GCW","UP","H3","35cm","Varian GC","Wegner","20240624",2024,"April",NA,1,"Within Range","Within Range",1.47496089814875,24226.642668816,NA,NA,"35"
"980","GCW","UP","H3","50cm","Varian GC","Wegner","20240624",2024,"April",NA,1,"Within Range","Within Range",1.18429600310324,23167.7430286923,NA,NA,"50"
"981","GCW","UP","H6","10cm","Varian GC","Wegner","20240624",2024,"April",NA,1,"Within Range","Within Range",1.68664076736668,2373.13898244013,NA,NA,"10"
"982","GCW","UP","H6","20cm","Varian GC","Wegner","20240624",2024,"April",NA,1,"Within Range","Within Range",1.74350998596254,7122.25342875972,NA,NA,"20"
"983","GCW","UP","H6","35cm","Varian GC","Wegner","20240624",2024,"April",NA,1,"Within Range","Within Range",1.53025041622806,12005.873569012,NA,NA,"35"
"984","GCW","UP","H6","50cm","Varian GC","Wegner","20240624",2024,"April",NA,1,"Within Range","Within Range",1.80827770714116,9309.6403942118,NA,NA,"50"
"985","GCW","UP","C3","10cm","Varian GC","Wegner","2024625",2024,"May",NA,1,"Within Range","Within Range",2.18795231550104,15515.8252894606,NA,NA,"10"
"986","GCW","UP","C3","20cm","Varian GC","Wegner","2024625",2024,"May",NA,1,"Within Range","Within Range",1.72699243963221,22270.1311893837,NA,NA,"20"
"987","GCW","UP","C3","35cm","Varian GC","Wegner","2024625",2024,"May",NA,1,"Within Range","Within Range",1.26908527817311,28979.3602998586,NA,NA,"35"
"988","GCW","UP","C3","50cm","Varian GC","Wegner","2024625",2024,"May",NA,1,"Within Range","Within Range",1.34540313841629,33497.6645703939,NA,NA,"50"
"989","GCW","UP","C6","10cm","Varian GC","Wegner","2024625",2024,"May",NA,1,"Within Range","Within Range",2.51611911454673,8603.00569874174,NA,NA,"10"
"990","GCW","UP","C6","20cm","Varian GC","Wegner","2024625",2024,"May",NA,1,"Within Range","Within Range",1.71020251037871,34847.8720618613,NA,NA,"20"
"991","GCW","UP","C6","35cm","Varian GC","Wegner","2024625",2024,"May",NA,1,"Within Range","Within Range",1.53314507461453,23145.9814083405,NA,NA,"35"
"992","GCW","UP","C6","50cm","Varian GC","Wegner","2024625",2024,"May",NA,1,"Within Range","Within Range",1.37593028251357,24668.0881911597,NA,NA,"50"
"993","GCW","UP","F4","10cm","Varian GC","Wegner","2024625",2024,"May",NA,1,"Within Range","Within Range",2.35585160803605,7087.66101180314,NA,NA,"10"
"994","GCW","UP","F4","20cm","Varian GC","Wegner","2024625",2024,"May",NA,1,"Within Range","Within Range",1.48277528685402,25961.9987802021,NA,NA,"20"
"995","GCW","UP","F4","35cm","Varian GC","Wegner","2024625",2024,"May",NA,1,"Within Range","Within Range",1.49498614449293,19352.1684369281,NA,NA,"35"
"996","GCW","UP","F4","50cm","Varian GC","Wegner","2024625",2024,"May",NA,1,"Within Range","Within Range",1.79262579944135,19733.4559406023,NA,NA,"50"
"997","GCW","UP","F4","0cm","Varian GC","Wegner","2024625",2024,"May",NA,1,"Within Range","Within Range",2.92823555985992,641.708993887652,NA,NA,"ATM"
"998","GCW","UP","H3","10cm","Varian GC","Wegner","2024625",2024,"May",NA,1,"Within Range","Within Range",1.6812017234863,18565.3399686927,NA,NA,"10"
"999","GCW","UP","H3","20cm","Varian GC","Wegner","2024625",2024,"May",NA,1,"Within Range","Within Range",1.4461427139373,28711.3884302275,NA,NA,"20"
"1000","GCW","UP","H3","35cm","Varian GC","Wegner","2024625",2024,"May",NA,1,"Within Range","Needs Dilution",1.10423870004783,50541.2298437546,NA,NA,"35"
"1001","GCW","UP","H3","50cm","Varian GC","Wegner","2024625",2024,"May",NA,1,"Within Range","Within Range",1.54230321784371,41801.6569029446,NA,NA,"50"
"1002","GCW","UP","H6","10cm","Varian GC","Wegner","2024625",2024,"May",NA,1,"Within Range","Within Range",2.00631580812226,5989.63754185631,NA,NA,"10"
"1003","GCW","UP","H6","20cm","Varian GC","Wegner","2024625",2024,"May",NA,1,"Within Range","Within Range",1.07065884154083,18130.1982325827,NA,NA,"20"
"1004","GCW","UP","H6","35cm","Varian GC","Wegner","2024625",2024,"May",NA,1,"Within Range","Within Range",1.19582013233965,26605.4719706959,NA,NA,"35"
"1005","GCW","UP","H6","50cm","Varian GC","Wegner","2024625",2024,"May",NA,1,"Within Range","Within Range",1.26145349214879,21003.3729272674,NA,NA,"50"
"1006","GCW","UP","C3","10cm","Varian GC","A. Stearns","20240722",2024,"June",NA,1,"Within Range","Within Range",1.04982634945801,5582.71758245568,NA,NA,"10"
"1007","GCW","UP","C3","20cm","Varian GC","A. Stearns","20240722",2024,"June",NA,1,"Within Range","Within Range",0.466880567632181,10565.7246005093,NA,NA,"20"
"1008","GCW","UP","C3","35cm","Varian GC","A. Stearns","20240722",2024,"June",NA,1,"Within Range","Within Range",0.265587134681274,14811.4128240566,NA,NA,"35"
"1009","GCW","UP","C3","50cm","Varian GC","A. Stearns","20240722",2024,"June",NA,1,"Within Range","Within Range",0.119045515493014,27081.0695646952,NA,NA,"50"
"1010","GCW","UP","C6","10cm","Varian GC","A. Stearns","20240722",2024,"June",NA,1,"Within Range","Within Range",1.10457816322065,6900.98914380054,NA,NA,"10"
"1011","GCW","UP","C6","20cm","Varian GC","A. Stearns","20240722",2024,"June",NA,1,"Within Range","Within Range",0.832429441871028,18568.1511321984,NA,NA,"20"
"1012","GCW","UP","C6","35cm","Varian GC","A. Stearns","20240722",2024,"June",NA,1,"Within Range","Within Range",0.410518406405927,18904.2049100164,NA,NA,"35"
"1013","GCW","UP","C6","50cm","Varian GC","A. Stearns","20240722",2024,"June",NA,1,"Within Range","Within Range",0.265587134681274,19433.9155823859,NA,NA,"50"
"1014","GCW","UP","F4","10cm","Varian GC","A. Stearns","20240722",2024,"June",NA,1,"Within Range","Within Range",1.15771962951969,4400.97813319202,NA,NA,"10"
"1015","GCW","UP","F4","20cm","Varian GC","A. Stearns","20240722",2024,"June",NA,1,"Within Range","Within Range",0.378311457133782,14203.1369124399,NA,NA,"20"
"1016","GCW","UP","F4","35cm","Varian GC","A. Stearns","20240722",2024,"June",NA,1,"Within Range","Within Range",0.344494160398029,13880.3714400059,NA,NA,"35"
"1017","GCW","UP","F4","50cm","Varian GC","A. Stearns","20240722",2024,"June",NA,1,"Within Range","Within Range",0.181849066573697,20455.7295298207,NA,NA,"50"
"1018","GCW","UP","F4","0cm","Varian GC","A. Stearns","20240722",2024,"June",NA,1,"Within Range","Within Range",1.6037858769389,653.126565909206,NA,NA,"ATM"
"1019","GCW","UP","H3","10cm","Varian GC","A. Stearns","20240722",2024,"June",NA,1,"Within Range","Within Range",0.685887822682767,6858.40684385133,NA,NA,"10"
"1020","GCW","UP","H3","20cm","Varian GC","A. Stearns","20240722",2024,"June",NA,1,"Within Range","Within Range",0.320338948443921,12568.1259011924,NA,NA,"20"
"1021","GCW","UP","H3","35cm","Varian GC","A. Stearns","20240722",2024,"June",NA,1,"Within Range","Within Range",0.102942040856941,20554.4571596188,NA,NA,"35"
"1022","GCW","UP","H3","50cm","Varian GC","A. Stearns","20240722",2024,"June",NA,1,"Within Range","Within Range",-0.238451621427797,24302.7327582195,NA,NA,"50"
"1023","GCW","UP","H6","10cm","Varian GC","A. Stearns","20240722",2024,"June",NA,1,"Within Range","Within Range",0.896843340415318,4026.22403227857,NA,NA,"10"
"1024","GCW","UP","H6","20cm","Varian GC","A. Stearns","20240722",2024,"June",NA,1,"Within Range","Within Range",0.139980032519908,10980.9348725105,NA,NA,"20"
"1025","GCW","UP","H6","35cm","Varian GC","A. Stearns","20240722",2024,"June",NA,1,"Within Range","Within Range",-0.238451621427797,20206.6499503422,NA,NA,"35"
"1026","GCW","UP","H6","50cm","Varian GC","A. Stearns","20240722",2024,"June",NA,1,"Within Range","Within Range",-0.238451621427797,18655.2567205237,NA,NA,"50"
"1027","GCW","UP","C3","10cm","Varian GC","A. Stearns","20240801",2024,"June",NA,1,"Within Range","Within Range",1.21891283313677,5016.40285449162,NA,NA,"10"
"1028","GCW","UP","C3","20cm","Varian GC","A. Stearns","20240801",2024,"June",NA,1,"Within Range","Within Range",0.47332195748661,8963.26844438418,NA,NA,"20"
"1029","GCW","UP","C3","35cm","Varian GC","A. Stearns","20240801",2024,"June",NA,1,"Within Range","Within Range",0.27363887199931,14576.6189193998,NA,NA,"35"
"1030","GCW","UP","C3","50cm","Varian GC","A. Stearns","20240801",2024,"June",NA,1,"Within Range","Within Range",0.102942040856941,24726.2265715994,NA,NA,"50"
"1031","GCW","UP","C6","10cm","Varian GC","A. Stearns","20240801",2024,"June",NA,1,"Within Range","Within Range",1.19314727371905,5887.3452645748,NA,NA,"10"
"1032","GCW","UP","C6","20cm","Varian GC","A. Stearns","20240801",2024,"June",NA,1,"Within Range","Within Range",0.846922569043493,16608.2544919274,NA,NA,"20"
"1033","GCW","UP","C6","35cm","Varian GC","A. Stearns","20240801",2024,"June",NA,1,"Within Range","Within Range",0.494256474513504,17291.2972777467,NA,NA,"35"
"1034","GCW","UP","C6","50cm","Varian GC","A. Stearns","20240801",2024,"June",NA,1,"Within Range","Within Range",0.262366439754059,19728.5098474062,NA,NA,"50"
"1035","GCW","UP","F4","10cm","Varian GC","A. Stearns","20240801",2024,"June",NA,1,"Within Range","Within Range",1.26239221465416,4506.11401093478,NA,NA,"10"
"1036","GCW","UP","F4","20cm","Varian GC","A. Stearns","20240801",2024,"June",NA,1,"Within Range","Within Range",0.465270220168574,12825.4233270566,NA,NA,"20"
"1037","GCW","UP","F4","35cm","Varian GC","A. Stearns","20240801",2024,"June",NA,1,"Within Range","Within Range",0.296183736489812,12594.2904251864,NA,NA,"35"
"1038","GCW","UP","F4","50cm","Varian GC","A. Stearns","20240801",2024,"June",NA,1,"Within Range","Within Range",0.133538642665479,19221.374363509,NA,NA,"50"
"1039","GCW","UP","F4","0cm","Varian GC","A. Stearns","20240801",2024,"June",NA,1,"Within Range","Within Range",1.61505830918415,872.022282282054,NA,NA,"ATM"
"1040","GCW","UP","H3","10cm","Varian GC","A. Stearns","20240801",2024,"June",NA,1,"Within Range","Within Range",0.779287975571988,6704.76417225338,NA,NA,"10"
"1041","GCW","UP","H3","20cm","Varian GC","A. Stearns","20240801",2024,"June",NA,1,"Within Range","Within Range",0.402466669087891,11789.4730116022,NA,NA,"20"
"1042","GCW","UP","H3","35cm","Varian GC","A. Stearns","20240801",2024,"June",NA,1,"Within Range","Within Range",0.135148990129086,18666.9743183498,NA,NA,"35"
"1043","GCW","UP","H3","50cm","Varian GC","A. Stearns","20240801",2024,"June",NA,1,"Within Range","Within Range",-0.238451621427797,22095.4407191973,NA,NA,"50"
"1044","GCW","UP","H6","10cm","Varian GC","A. Stearns","20240801",2024,"June",NA,1,"Within Range","Within Range",0.864636391143173,3134.86839621693,NA,NA,"10"
"1045","GCW","UP","H6","20cm","Varian GC","A. Stearns","20240801",2024,"June",NA,1,"Within Range","Within Range",0.247873312581594,10765.3657116877,NA,NA,"20"
"1046","GCW","UP","H6","35cm","Varian GC","A. Stearns","20240801",2024,"June",NA,1,"Within Range","Within Range",-0.238451621427797,19934.4696224481,NA,NA,"35"
"1047","GCW","UP","H6","50cm","Varian GC","A. Stearns","20240801",2024,"June",NA,1,"Within Range","Within Range",-0.238451621427797,18510.9725992792,NA,NA,"50"
"1048","GCW","UP","C3","10cm","Varian GC","A. Stearns","20240805",2024,"June",NA,1,"Within Range","Within Range",1.06431947663047,4346.71406904917,NA,NA,"10"
"1049","GCW","UP","C3","20cm","Varian GC","A. Stearns","20240805",2024,"June",NA,1,"Within Range","Within Range",0.557060025594187,9112.92163823092,NA,NA,"20"
"1050","GCW","UP","C3","35cm","Varian GC","A. Stearns","20240805",2024,"June",NA,1,"Within Range","Within Range",0.233380185409129,14064.1920024374,NA,NA,"35"
"1051","GCW","UP","C3","50cm","Varian GC","A. Stearns","20240805",2024,"June",NA,1,"Within Range","Within Range",0.170576634328446,23739.135414053,NA,NA,"50"
"1052","GCW","UP","C6","10cm","Varian GC","A. Stearns","20240805",2024,"June",NA,1,"Within Range","Within Range",1.18026449401019,5938.98152900129,NA,NA,"10"
"1053","GCW","UP","C6","20cm","Varian GC","A. Stearns","20240805",2024,"June",NA,1,"Within Range","Within Range",0.924219247296641,16083.3634431285,NA,NA,"20"
"1054","GCW","UP","C6","35cm","Varian GC","A. Stearns","20240805",2024,"June",NA,1,"Within Range","Within Range",0.402466669087891,17988.9124074475,NA,NA,"35"
"1055","GCW","UP","C6","50cm","Varian GC","A. Stearns","20240805",2024,"June",NA,1,"Within Range","Within Range",0.3380527705436,17364.6308066494,NA,NA,"50"
"1056","GCW","UP","F4","10cm","Varian GC","A. Stearns","20240805",2024,"June",NA,1,"Within Range","Within Range",1.15449893459248,3961.62793743276,NA,NA,"10"
"1057","GCW","UP","F4","20cm","Varian GC","A. Stearns","20240805",2024,"June",NA,1,"Within Range","Within Range",0.552228983203365,10919.6175550381,NA,NA,"20"
"1058","GCW","UP","F4","35cm","Varian GC","A. Stearns","20240805",2024,"June",NA,1,"Within Range","Within Range",0.400856321624283,13449.4958983319,NA,NA,"35"
"1059","GCW","UP","F4","50cm","Varian GC","A. Stearns","20240805",2024,"June",NA,1,"Within Range","Within Range",0.220497405700271,19973.6238382219,NA,NA,"50"
"1060","GCW","UP","F4","0cm","Varian GC","A. Stearns","20240805",2024,"June",NA,1,"Within Range","Within Range",1.55225475810347,726.87218158562,NA,NA,"ATM"
"1061","GCW","UP","H3","10cm","Varian GC","A. Stearns","20240805",2024,"June",NA,1,"Within Range","Within Range",0.750301721227058,6522.58001237251,NA,NA,"10"
"1062","GCW","UP","H3","20cm","Varian GC","A. Stearns","20240805",2024,"June",NA,1,"Within Range","Within Range",0.566722110375831,10233.2123800363,NA,NA,"20"
"1063","GCW","UP","H3","35cm","Varian GC","A. Stearns","20240805",2024,"June",NA,1,"Within Range","Within Range",0.10938343071137,19646.4329121745,NA,NA,"35"
"1064","GCW","UP","H3","50cm","Varian GC","A. Stearns","20240805",2024,"June",NA,1,"Within Range","Within Range",-0.238451621427797,23879.8779779525,NA,NA,"50"
"1065","GCW","UP","H6","10cm","Varian GC","A. Stearns","20240805",2024,"June",NA,1,"Within Range","Within Range",1.0031262730134,3457.99220497598,NA,NA,"10"
"1066","GCW","UP","H6","20cm","Varian GC","A. Stearns","20240805",2024,"June",NA,1,"Within Range","Within Range",0.128707600274657,11692.3698398106,NA,NA,"20"
"1067","GCW","UP","H6","35cm","Varian GC","A. Stearns","20240805",2024,"June",NA,1,"Within Range","Within Range",-0.238451621427797,20903.9903555273,NA,NA,"35"
"1068","GCW","UP","H6","50cm","Varian GC","A. Stearns","20240805",2024,"June",NA,1,"Within Range","Within Range",0.104552388320548,18346.0483057172,NA,NA,"50"
"1069","GCW","UP","C3","10cm","Varian GC","A. Stearns`","20240806",2024,"June",NA,1,"Within Range","Within Range",1.21247144328234,4601.57480790367,NA,NA,"10"
"1070","GCW","UP","C3","20cm","Varian GC","A. Stearns`","20240806",2024,"June",NA,1,"Within Range","Within Range",0.457218482850537,9589.62839586709,NA,NA,"20"
"1071","GCW","UP","C3","35cm","Varian GC","A. Stearns`","20240806",2024,"June",NA,1,"Within Range","Within Range",0.288131999171775,13296.0085058081,NA,NA,"35"
"1072","GCW","UP","C3","50cm","Varian GC","A. Stearns`","20240806",2024,"June",NA,1,"Within Range","Within Range",0.138369685056301,24264.8148027668,NA,NA,"50"
"1073","GCW","UP","C6","10cm","Varian GC","A. Stearns`","20240806",2024,"June",NA,1,"Within Range","Within Range",1.36867514725224,6394.30158030953,NA,NA,"10"
"1074","GCW","UP","C6","20cm","Varian GC","A. Stearns`","20240806",2024,"June",NA,1,"Within Range","Within Range",1.05143669692161,15720.458330027,NA,NA,"20"
"1075","GCW","UP","C6","35cm","Varian GC","A. Stearns`","20240806",2024,"June",NA,1,"Within Range","Within Range",0.494256474513504,16867.8452702714,NA,NA,"35"
"1076","GCW","UP","C6","50cm","Varian GC","A. Stearns`","20240806",2024,"June",NA,1,"Within Range","Within Range",0.236600880336343,19616.905998998,NA,NA,"50"
"1077","GCW","UP","F4","10cm","Varian GC","A. Stearns`","20240806",2024,"June",NA,1,"Within Range","Within Range",1.24467839255449,3870.78967905583,NA,NA,"10"
"1078","GCW","UP","F4","20cm","Varian GC","A. Stearns`","20240806",2024,"June",NA,1,"Within Range","Within Range",0.482984042268253,11298.5701632256,NA,NA,"20"
"1079","GCW","UP","F4","35cm","Varian GC","A. Stearns`","20240806",2024,"June",NA,1,"Within Range","Within Range",0.344494160398029,12844.7436272439,NA,NA,"35"
"1080","GCW","UP","F4","50cm","Varian GC","A. Stearns`","20240806",2024,"June",NA,1,"Within Range","Within Range",0.262366439754059,19290.6228583072,NA,NA,"50"
"1081","GCW","UP","F4","0cm","Varian GC","A. Stearns`","20240806",2024,"June",NA,1,"Within Range","Within Range",1.84211730155278,403.891707356557,NA,NA,"ATM"
"1082","GCW","UP","H3","10cm","Varian GC","A. Stearns`","20240806",2024,"June",NA,1,"Within Range","Within Range",0.689108517609982,6731.00633578449,NA,NA,"10"
"1083","GCW","UP","H3","20cm","Varian GC","A. Stearns`","20240806",2024,"June",NA,1,"Within Range","Within Range",0.3380527705436,10988.0657653772,NA,NA,"20"
"1084","GCW","UP","H3","35cm","Varian GC","A. Stearns`","20240806",2024,"June",NA,1,"Within Range","Within Range",0.128707600274657,18255.4131045911,NA,NA,"35"
"1085","GCW","UP","H3","50cm","Varian GC","A. Stearns`","20240806",2024,"June",NA,1,"Within Range","Within Range",-0.238451621427797,22199.9972865481,NA,NA,"50"
"1086","GCW","UP","H6","10cm","Varian GC","A. Stearns`","20240806",2024,"June",NA,1,"Within Range","Within Range",0.94837445925075,3078.04222735063,NA,NA,"10"
"1087","GCW","UP","H6","20cm","Varian GC","A. Stearns`","20240806",2024,"June",NA,1,"Within Range","Within Range",0.222107753163878,10286.019209791,NA,NA,"20"
"1088","GCW","UP","H6","35cm","Varian GC","A. Stearns`","20240806",2024,"June",NA,1,"Within Range","Within Range",-0.238451621427797,19717.9926762687,NA,NA,"35"
"1089","GCW","UP","H6","50cm","Varian GC","A. Stearns`","20240806",2024,"June",NA,1,"Within Range","Within Range",-0.238451621427797,18581.8993025326,NA,NA,"50"
"1090","GCW","UP","C3","10cm","Varian GC","A. Stearns","20240807",2024,"June",NA,1,"Within Range","Within Range",1.12390233278394,4284.80549664055,NA,NA,"10"
"1091","GCW","UP","C3","20cm","Varian GC","A. Stearns","20240807",2024,"June",NA,1,"Within Range","Within Range",0.397635626697069,8854.93142880513,NA,NA,"20"
"1092","GCW","UP","C3","35cm","Varian GC","A. Stearns","20240807",2024,"June",NA,1,"Within Range","Within Range",0.236600880336343,13216.9057620735,NA,NA,"35"
"1093","GCW","UP","C3","50cm","Varian GC","A. Stearns","20240807",2024,"June",NA,1,"Within Range","Within Range",0.115824820565799,23493.6989205449,NA,NA,"50"
"1094","GCW","UP","C6","10cm","Varian GC","A. Stearns","20240807",2024,"June",NA,1,"Within Range","Within Range",1.31070263856238,5195.94727011196,NA,NA,"10"
"1095","GCW","UP","C6","20cm","Varian GC","A. Stearns","20240807",2024,"June",NA,1,"Within Range","Within Range",0.874298475924816,13699.8893776685,NA,NA,"20"
"1096","GCW","UP","C6","35cm","Varian GC","A. Stearns","20240807",2024,"June",NA,1,"Within Range","Within Range",0.470101262559395,16276.8172804293,NA,NA,"35"
"1097","GCW","UP","C6","50cm","Varian GC","A. Stearns","20240807",2024,"June",NA,1,"Within Range","Within Range",0.267197482144881,17298.3445588042,NA,NA,"50"
"1098","GCW","UP","F4","10cm","Varian GC","A. Stearns","20240807",2024,"June",NA,1,"Within Range","Within Range",1.28493707914467,3452.71271645492,NA,NA,"10"
"1099","GCW","UP","F4","20cm","Varian GC","A. Stearns","20240807",2024,"June",NA,1,"Within Range","Within Range",0.431452923432821,11115.322938914,NA,NA,"20"
"1100","GCW","UP","F4","35cm","Varian GC","A. Stearns","20240807",2024,"June",NA,1,"Within Range","Within Range",0.386363194451818,11470.1057619831,NA,NA,"35"
"1101","GCW","UP","F4","50cm","Varian GC","A. Stearns","20240807",2024,"June",NA,1,"Within Range","Within Range",0.243042270190772,18436.2654477975,NA,NA,"50"
"1102","GCW","UP","F4","0cm","Varian GC","A. Stearns","20240807",2024,"June",NA,1,"Within Range","Within Range",1.6923549874373,484.009737345146,NA,NA,"ATM"
"1103","GCW","UP","H3","10cm","Varian GC","A. Stearns","20240807",2024,"June",NA,1,"Within Range","Within Range",0.640798093701764,5840.34945555652,NA,NA,"10"
"1104","GCW","UP","H3","20cm","Varian GC","A. Stearns","20240807",2024,"June",NA,1,"Within Range","Within Range",0.389583889379032,10302.5385143716,NA,NA,"20"
"1105","GCW","UP","H3","35cm","Varian GC","A. Stearns","20240807",2024,"June",NA,1,"Within Range","Within Range",0.233380185409129,17546.7851051698,NA,NA,"35"
"1106","GCW","UP","H3","50cm","Varian GC","A. Stearns","20240807",2024,"June",NA,1,"Within Range","Within Range",-0.238451621427797,21367.5760313979,NA,NA,"50"
"1107","GCW","UP","H6","10cm","Varian GC","A. Stearns","20240807",2024,"June",NA,1,"Within Range","Within Range",1.38799931681553,3158.32150868545,NA,NA,"10"
"1108","GCW","UP","H6","20cm","Varian GC","A. Stearns","20240807",2024,"June",NA,1,"Within Range","Within Range",0.125486905347443,10196.5067958164,NA,NA,"20"
"1109","GCW","UP","H6","35cm","Varian GC","A. Stearns","20240807",2024,"June",NA,1,"Within Range","Within Range",-0.238451621427797,19141.1010544463,NA,NA,"35"
"1110","GCW","UP","H6","50cm","Varian GC","A. Stearns","20240807",2024,"June",NA,1,"Within Range","Within Range",0.0852282187572613,17855.4201818564,NA,NA,"50"
"1111","GCW","UP","C3","10cm","Varian GC","A. Stearns","20240808",2024,"June",NA,1,"Within Range","Within Range",1.15610928205609,3941.69249322091,NA,NA,"10"
"1112","GCW","UP","C3","20cm","Varian GC","A. Stearns","20240808",2024,"June",NA,1,"Within Range","Within Range",0.549008288276151,7731.04537920598,NA,NA,"20"
"1113","GCW","UP","C3","35cm","Varian GC","A. Stearns","20240808",2024,"June",NA,1,"Within Range","Within Range",0.297794083953419,11659.4685929074,NA,NA,"35"
"1114","GCW","UP","C3","50cm","Varian GC","A. Stearns","20240808",2024,"June",NA,1,"Within Range","Within Range",0.0997213459297266,20758.3863621526,NA,NA,"50"
"1115","GCW","UP","C6","10cm","Varian GC","A. Stearns","20240808",2024,"June",NA,1,"Within Range","Within Range",1.24145769762727,5726.50600511728,NA,NA,"10"
"1116","GCW","UP","C6","20cm","Varian GC","A. Stearns","20240808",2024,"June",NA,1,"Within Range","Within Range",0.816325967234955,13465.9435356474,NA,NA,"20"
"1117","GCW","UP","C6","35cm","Varian GC","A. Stearns","20240808",2024,"June",NA,1,"Within Range","Within Range",0.413739101333141,14396.250330232,NA,NA,"35"
"1118","GCW","UP","C6","50cm","Varian GC","A. Stearns","20240808",2024,"June",NA,1,"Within Range","Within Range",0.263976787217667,16335.6979108921,NA,NA,"50"
"1119","GCW","UP","F4","10cm","Varian GC","A. Stearns","20240808",2024,"June",NA,1,"Within Range","Within Range",1.06270912916687,3620.33647699832,NA,NA,"10"
"1120","GCW","UP","F4","20cm","Varian GC","A. Stearns","20240808",2024,"June",NA,1,"Within Range","Within Range",0.505528906758755,9870.73727052477,NA,NA,"20"
"1121","GCW","UP","F4","35cm","Varian GC","A. Stearns","20240808",2024,"June",NA,1,"Within Range","Within Range",0.360597635034102,10327.7713639207,NA,NA,"35"
"1122","GCW","UP","F4","50cm","Varian GC","A. Stearns","20240808",2024,"June",NA,1,"Within Range","Within Range",0.276859566926525,16737.3152916332,NA,NA,"50"
"1123","GCW","UP","F4","0cm","Varian GC","A. Stearns","20240808",2024,"June",NA,1,"Within Range","Within Range",1.58446170737562,387.712822284691,NA,NA,"ATM"
"1124","GCW","UP","H3","10cm","Varian GC","A. Stearns","20240808",2024,"June",NA,1,"Within Range","Within Range",0.610201491893226,5751.43426879021,NA,NA,"10"
"1125","GCW","UP","H3","20cm","Varian GC","A. Stearns","20240808",2024,"June",NA,1,"Within Range","Within Range",0.301014778880633,9856.36798389395,NA,NA,"20"
"1126","GCW","UP","H3","35cm","Varian GC","A. Stearns","20240808",2024,"June",NA,1,"Within Range","Within Range",-0.238451621427797,15729.5302113206,NA,NA,"35"
"1127","GCW","UP","H3","50cm","Varian GC","A. Stearns","20240808",2024,"June",NA,1,"Within Range","Within Range",-0.238451621427797,20128.2758238018,NA,NA,"50"
"1128","GCW","UP","H6","10cm","Varian GC","A. Stearns","20240808",2024,"June",NA,1,"Within Range","Within Range",0.782508670499203,3278.4239002673,NA,NA,"10"
"1129","GCW","UP","H6","20cm","Varian GC","A. Stearns","20240808",2024,"June",NA,1,"Within Range","Within Range",0.296183736489812,9412.67594633061,NA,NA,"20"
"1130","GCW","UP","H6","35cm","Varian GC","A. Stearns","20240808",2024,"June",NA,1,"Within Range","Within Range",-0.238451621427797,17399.4909587957,NA,NA,"35"
"1131","GCW","UP","H6","50cm","Varian GC","A. Stearns","20240808",2024,"June",NA,1,"Within Range","Within Range",-0.238451621427797,16904.2761299755,NA,NA,"50"
"1132","GCW","UP","C3","10cm","Varian GC","A. Stearns","20240827",2024,"June",NA,1,"Within Range","Within Range",1.02245044257668,3939.8052552428,NA,NA,"10"
"1133","GCW","UP","C3","20cm","Varian GC","A. Stearns","20240827",2024,"June",NA,1,"Within Range","Within Range",0.482984042268253,8417.58791646563,NA,NA,"20"
"1134","GCW","UP","C3","35cm","Varian GC","A. Stearns","20240827",2024,"June",NA,1,"Within Range","Within Range",0.223718100627485,11651.9853359878,NA,NA,"35"
"1135","GCW","UP","C3","50cm","Varian GC","A. Stearns","20240827",2024,"June",NA,1,"Within Range","Within Range",0.180238719110089,21564.9476791849,NA,NA,"50"
"1136","GCW","UP","C6","10cm","Varian GC","A. Stearns","20240827",2024,"June",NA,1,"Within Range","Within Range",1.18026449401019,5641.32348840261,NA,NA,"10"
"1137","GCW","UP","C6","20cm","Varian GC","A. Stearns","20240827",2024,"June",NA,1,"Within Range","Within Range",0.739029288981807,13470.5242683348,NA,NA,"20"
"1138","GCW","UP","C6","35cm","Varian GC","A. Stearns","20240827",2024,"June",NA,1,"Within Range","Within Range",0.39119423684264,15605.8086228566,NA,NA,"35"
"1139","GCW","UP","C6","50cm","Varian GC","A. Stearns","20240827",2024,"June",NA,1,"Within Range","Within Range",0.263976787217667,16453.566672715,NA,NA,"50"
"1140","GCW","UP","F4","10cm","Varian GC","A. Stearns","20240827",2024,"June",NA,1,"Within Range","Within Range",1.09491607843901,3249.30310159236,NA,NA,"10"
"1141","GCW","UP","F4","20cm","Varian GC","A. Stearns","20240827",2024,"June",NA,1,"Within Range","Within Range",0.392804584306247,6261.13185741086,NA,NA,"20"
"1142","GCW","UP","F4","35cm","Varian GC","A. Stearns","20240827",2024,"June",NA,1,"Within Range","Within Range",0.423401186114785,10759.3038555238,NA,NA,"35"
"1143","GCW","UP","F4","50cm","Varian GC","A. Stearns","20240827",2024,"June",NA,1,"Within Range","Within Range",0.189900803891733,16542.7326949088,NA,NA,"50"
"1144","GCW","UP","F4","0cm","Varian GC","A. Stearns","20240827",2024,"June",NA,1,"Within Range","Within Range",1.56996858020315,381.555409767491,NA,NA,"ATM"
"1145","GCW","UP","H3","10cm","Varian GC","A. Stearns","20240827",2024,"June",NA,1,"Within Range","Within Range",0.634356703847335,5295.80365933367,NA,NA,"10"
"1146","GCW","UP","H3","20cm","Varian GC","A. Stearns","20240827",2024,"June",NA,1,"Within Range","Within Range",0.294573389026204,11294.1626264286,NA,NA,"20"
"1147","GCW","UP","H3","35cm","Varian GC","A. Stearns","20240827",2024,"June",NA,1,"Within Range","Within Range",-0.238451621427797,16096.1978558341,NA,NA,"35"
"1148","GCW","UP","H3","50cm","Varian GC","A. Stearns","20240827",2024,"June",NA,1,"Within Range","Within Range",-0.238451621427797,19538.1675638605,NA,NA,"50"
"1149","GCW","UP","H6","10cm","Varian GC","A. Stearns","20240827",2024,"June",NA,1,"Within Range","Within Range",0.800222492598883,2743.78610342955,NA,NA,"10"
"1150","GCW","UP","H6","20cm","Varian GC","A. Stearns","20240827",2024,"June",NA,1,"Within Range","Within Range",0.112604125638585,9438.18352039555,NA,NA,"20"
"1151","GCW","UP","H6","35cm","Varian GC","A. Stearns","20240827",2024,"June",NA,1,"Within Range","Within Range",0.0932799560752975,17207.2435204556,NA,NA,"35"
"1152","GCW","UP","H6","50cm","Varian GC","A. Stearns","20240827",2024,"June",NA,1,"Within Range","Within Range",0.249483660045201,16708.17060387,NA,NA,"50"
"1153","GCW","UP","C3","10cm","Varian GC","A. Stearns","20240829",2024,"June",NA,1,"Within Range","Within Range",1.06915051902129,4348.02199663527,NA,NA,"10"
"1154","GCW","UP","C3","20cm","Varian GC","A. Stearns","20240829",2024,"June",NA,1,"Within Range","Within Range",0.524853076322042,8580.79219566788,NA,NA,"20"
"1155","GCW","UP","C3","35cm","Varian GC","A. Stearns","20240829",2024,"June",NA,1,"Within Range","Within Range",0.263976787217667,12966.1778355002,NA,NA,"35"
"1156","GCW","UP","C3","50cm","Varian GC","A. Stearns","20240829",2024,"June",NA,1,"Within Range","Within Range",0.16252489701041,22284.2481288178,NA,NA,"50"
"1157","GCW","UP","C6","10cm","Varian GC","A. Stearns","20240829",2024,"June",NA,1,"Within Range","Within Range",1.23662665523645,6311.80658603205,NA,NA,"10"
"1158","GCW","UP","C6","20cm","Varian GC","A. Stearns","20240829",2024,"June",NA,1,"Within Range","Within Range",0.8485329165071,14437.3515067048,NA,NA,"20"
"1159","GCW","UP","C6","35cm","Varian GC","A. Stearns","20240829",2024,"June",NA,1,"Within Range","Within Range",0.462049525241359,15701.6337284226,NA,NA,"35"
"1160","GCW","UP","C6","50cm","Varian GC","A. Stearns","20240829",2024,"June",NA,1,"Within Range","Within Range",0.497477169440719,17395.2924515216,NA,NA,"50"
"1161","GCW","UP","F4","10cm","Varian GC","A. Stearns","20240829",2024,"June",NA,1,"Within Range","Within Range",1.14483684981084,3640.40928346807,NA,NA,"10"
"1162","GCW","UP","F4","20cm","Varian GC","A. Stearns","20240829",2024,"June",NA,1,"Within Range","Within Range",0.623084271602084,10043.3598228013,NA,NA,"20"
"1163","GCW","UP","F4","35cm","Varian GC","A. Stearns","20240829",2024,"June",NA,1,"Within Range","Within Range",0.304235473807848,10688.8907676695,NA,NA,"35"
"1164","GCW","UP","F4","50cm","Varian GC","A. Stearns","20240829",2024,"June",NA,1,"Within Range","Within Range",0.199562888673376,17046.9955159343,NA,NA,"50"
"1165","GCW","UP","F4","0cm","Varian GC","A. Stearns","20240829",2024,"June",NA,1,"Within Range","Within Range",1.73905506388191,4678.33044870973,NA,NA,"ATM"
"1166","GCW","UP","H3","10cm","Varian GC","A. Stearns","20240829",2024,"June",NA,1,"Within Range","Within Range",0.700380949855233,5748.7885522576,NA,NA,"10"
"1167","GCW","UP","H3","20cm","Varian GC","A. Stearns","20240829",2024,"June",NA,1,"Within Range","Within Range",0.117435168029406,11829.2244545843,NA,NA,"20"
"1168","GCW","UP","H3","35cm","Varian GC","A. Stearns","20240829",2024,"June",NA,1,"Within Range","Within Range",0.114214473102192,16128.8363227657,NA,NA,"35"
"1169","GCW","UP","H3","50cm","Varian GC","A. Stearns","20240829",2024,"June",NA,1,"Within Range","Within Range",-0.238451621427797,20422.7864770129,NA,NA,"50"
"1170","GCW","UP","H6","10cm","Varian GC","A. Stearns","20240829",2024,"June",NA,1,"Within Range","Within Range",0.824377704552991,3516.14421824462,NA,NA,"10"
"1171","GCW","UP","H6","20cm","Varian GC","A. Stearns","20240829",2024,"June",NA,1,"Within Range","Within Range",0.175407676719268,10011.8441430213,NA,NA,"20"
"1172","GCW","UP","H6","35cm","Varian GC","A. Stearns","20240829",2024,"June",NA,1,"Within Range","Within Range",-0.238451621427797,18027.2185605856,NA,NA,"35"
"1173","GCW","UP","H6","50cm","Varian GC","A. Stearns","20240829",2024,"June",NA,1,"Within Range","Within Range",-0.238451621427797,17921.6467069808,NA,NA,"50"
"1174","GCW","UP","C3","10cm","Varian GC","A. Stearns","20240828",2024,"June",NA,1,"Within Range","Within Range",1.22696457045481,4360.61154618547,NA,NA,"10"
"1175","GCW","UP","C3","20cm","Varian GC","A. Stearns","20240828",2024,"June",NA,1,"Within Range","Within Range",0.544177245885329,7702.0738873331,NA,NA,"20"
"1176","GCW","UP","C3","35cm","Varian GC","A. Stearns","20240828",2024,"June",NA,1,"Within Range","Within Range",0.286521651708168,11862.1257014875,NA,NA,"35"
"1177","GCW","UP","C3","50cm","Varian GC","A. Stearns","20240828",2024,"June",NA,1,"Within Range","Within Range",0.202783583600591,22314.3304632981,NA,NA,"50"
"1178","GCW","UP","C6","10cm","Varian GC","A. Stearns","20240828",2024,"June",NA,1,"Within Range","Within Range",1.32841646066206,5592.44044140622,NA,NA,"10"
"1179","GCW","UP","C6","20cm","Varian GC","A. Stearns","20240828",2024,"June",NA,1,"Within Range","Within Range",0.780898323035595,13644.6458609041,NA,NA,"20"
"1180","GCW","UP","C6","35cm","Varian GC","A. Stearns","20240828",2024,"June",NA,1,"Within Range","Within Range",0.370259719815745,14768.6513559449,NA,NA,"35"
"1181","GCW","UP","C6","50cm","Varian GC","A. Stearns","20240828",2024,"June",NA,1,"Within Range","Within Range",0.468490915095788,15780.2706349347,NA,NA,"50"
"1182","GCW","UP","F4","10cm","Varian GC","A. Stearns","20240828",2024,"June",NA,1,"Within Range","Within Range",1.12551268024755,3257.55678161056,NA,NA,"10"
"1183","GCW","UP","F4","20cm","Varian GC","A. Stearns","20240828",2024,"June",NA,1,"Within Range","Within Range",0.412128753869534,10094.8766417862,NA,NA,"20"
"1184","GCW","UP","F4","35cm","Varian GC","A. Stearns","20240828",2024,"June",NA,1,"Within Range","Within Range",0.410518406405927,10173.9136905278,NA,NA,"35"
"1185","GCW","UP","F4","50cm","Varian GC","A. Stearns","20240828",2024,"June",NA,1,"Within Range","Within Range",0.149642117301551,16158.0765668823,NA,NA,"50"
"1186","GCW","UP","F4","0cm","Varian GC","A. Stearns","20240828",2024,"June",NA,1,"Within Range","Within Range",1.52165815629493,391.493270513,NA,NA,"ATM"
"1187","GCW","UP","H3","10cm","Varian GC","A. Stearns","20240828",2024,"June",NA,1,"Within Range","Within Range",0.557060025594187,5240.39889122304,NA,NA,"10"
"1188","GCW","UP","H3","20cm","Varian GC","A. Stearns","20240828",2024,"June",NA,1,"Within Range","Within Range",0.233380185409129,11514.0616845114,NA,NA,"20"
"1189","GCW","UP","H3","35cm","Varian GC","A. Stearns","20240828",2024,"June",NA,1,"Within Range","Within Range",0.0916696086116903,15501.1326100642,NA,NA,"35"
"1190","GCW","UP","H3","50cm","Varian GC","A. Stearns","20240828",2024,"June",NA,1,"Within Range","Within Range",-0.238451621427797,19498.893902645,NA,NA,"50"
"1191","GCW","UP","H6","10cm","Varian GC","A. Stearns","20240828",2024,"June",NA,1,"Within Range","Within Range",0.882350213242853,3054.23675082923,NA,NA,"10"
"1192","GCW","UP","H6","20cm","Varian GC","A. Stearns","20240828",2024,"June",NA,1,"Within Range","Within Range",0.141590379983515,9738.56491706391,NA,NA,"20"
"1193","GCW","UP","H6","35cm","Varian GC","A. Stearns","20240828",2024,"June",NA,1,"Within Range","Within Range",0.104552388320548,17642.0368726158,NA,NA,"35"
"1194","GCW","UP","H6","50cm","Varian GC","A. Stearns","20240828",2024,"June",NA,1,"Within Range","Within Range",-0.238451621427797,17694.1210574485,NA,NA,"50"
"1195","GCW","UP","C3","10cm","Varian GC","Stearns","20240715",2024,"July",NA,1,"Within Range","Within Range",2.7692120337977,3907.07950608364,NA,NA,"10"
"1196","GCW","UP","C3","20cm","Varian GC","Stearns","20240715",2024,"July",NA,1,"Within Range","Within Range",2.23915010781779,7402.76400734092,NA,NA,"20"
"1197","GCW","UP","C3","35cm","Varian GC","Stearns","20240715",2024,"July",NA,1,"Within Range","Within Range",2.02561087478017,9889.2183170479,NA,NA,"35"
"1198","GCW","UP","C3","50cm","Varian GC","Stearns","20240715",2024,"July",NA,1,"Within Range","Within Range",1.87416461021448,15876.8375312612,NA,NA,"50"
"1199","GCW","UP","C6","10cm","Varian GC","Stearns","20240715",2024,"July",NA,1,"Within Range","Within Range",2.93428846217429,7172.85412442689,NA,NA,"10"
"1200","GCW","UP","C6","20cm","Varian GC","Stearns","20240715",2024,"July",NA,1,"Within Range","Within Range",2.59656329219281,16285.9984001066,NA,NA,"20"
"1201","GCW","UP","C6","35cm","Varian GC","Stearns","20240715",2024,"July",NA,1,"Within Range","Within Range",2.15736912495232,15345.7725231949,NA,NA,"35"
"1202","GCW","UP","C6","50cm","Varian GC","Stearns","20240715",2024,"July",NA,1,"Within Range","Within Range",1.99077823393006,16507.6934836589,NA,NA,"50"
"1203","GCW","UP","F4","10cm","Varian GC","Stearns","20240715",2024,"July",NA,1,"Within Range","Within Range",2.68440212564091,3024.90294282418,NA,NA,"10"
"1204","GCW","UP","F4","20cm","Varian GC","Stearns","20240715",2024,"July",NA,1,"Within Range","Within Range",2.18160052728283,6813.89351712278,NA,NA,"20"
"1205","GCW","UP","F4","35cm","Varian GC","Stearns","20240715",2024,"July",NA,1,"Within Range","Within Range",2.03318318800846,7780.8073323143,NA,NA,"35"
"1206","GCW","UP","F4","50cm","Varian GC","Stearns","20240715",2024,"July",NA,1,"Within Range","Within Range",1.83630304407306,11355.3539074442,NA,NA,"50"
"1207","GCW","UP","F4","0cm","Varian GC","Stearns","20240715",2024,"July",NA,1,"Within Range","Within Range",3.23415206601436,501.676520638601,NA,NA,"ATM"
"1208","GCW","UP","H3","10cm","Varian GC","Stearns","20240715",2024,"July",NA,1,"Within Range","Within Range",2.36787943269862,3975.26524354199,NA,NA,"10"
"1209","GCW","UP","H3","20cm","Varian GC","Stearns","20240715",2024,"July",NA,1,"Within Range","Within Range",1.95594559307996,6790.23025055146,NA,NA,"20"
"1210","GCW","UP","H3","35cm","Varian GC","Stearns","20240715",2024,"July",NA,1,"Within Range","Within Range",2.1195075588109,9197.70057063555,NA,NA,"35"
"1211","GCW","UP","H3","50cm","Varian GC","Stearns","20240715",2024,"July",NA,1,"Within Range","Within Range",1.76057991179022,11466.3552952861,NA,NA,"50"
"1212","GCW","UP","H6","10cm","Varian GC","Stearns","20240715",2024,"July",NA,1,"Within Range","Within Range",2.48146413112289,2790.09901336461,NA,NA,"10"
"1213","GCW","UP","H6","20cm","Varian GC","Stearns","20240715",2024,"July",NA,1,"Within Range","Within Range",1.83630304407306,7498.1892067111,NA,NA,"20"
"1214","GCW","UP","H6","35cm","Varian GC","Stearns","20240715",2024,"July",NA,1,"Within Range","Within Range",1.45768738265885,12969.9016044719,NA,NA,"35"
"1215","GCW","UP","H6","50cm","Varian GC","Stearns","20240715",2024,"July",NA,1,"Within Range","Within Range",1.45768738265885,13865.6572601038,NA,NA,"50"
"1216","GCW","UP","C3","10cm","Varian GC","A. Stearns","20240905",2024,"August",NA,1,"Within Range","Within Range",1.81874463677533,4062.69803840851,NA,NA,"10"
"1217","GCW","UP","C3","20cm","Varian GC","A. Stearns","20240905",2024,"August",NA,1,"Within Range","Within Range",1.14304086621741,9108.80380191216,NA,NA,"20"
"1218","GCW","UP","C3","35cm","Varian GC","A. Stearns","20240905",2024,"August",NA,1,"Within Range","Within Range",0.845243585894208,14348.0284528278,NA,NA,"35"
"1219","GCW","UP","C3","50cm","Varian GC","A. Stearns","20240905",2024,"August",NA,1,"Within Range","Within Range",0.359363812735293,21449.6500229294,NA,NA,"50"
"1220","GCW","UP","C6","10cm","Varian GC","A. Stearns","20240905",2024,"August",NA,1,"Within Range","Within Range",1.79088056376263,10862.3018993301,NA,NA,"10"
"1221","GCW","UP","C6","20cm","Varian GC","A. Stearns","20240905",2024,"August",NA,1,"Within Range","Within Range",1.54706992490153,18487.8882374075,NA,NA,"20"
"1222","GCW","UP","C6","35cm","Varian GC","A. Stearns","20240905",2024,"August",NA,1,"Within Range","Within Range",1.04029209698309,18464.6527561562,NA,NA,"35"
"1223","GCW","UP","C6","50cm","Varian GC","A. Stearns","20240905",2024,"August",NA,1,"Within Range","Within Range",0.947992355128531,21128.7888672406,NA,NA,"50"
"1224","GCW","UP","F4","10cm","Varian GC","A. Stearns","20240905",2024,"August",NA,1,"Within Range","Within Range",1.70554684016125,3245.70492414646,NA,NA,"10"
"1225","GCW","UP","F4","20cm","Varian GC","A. Stearns","20240905",2024,"August",NA,1,"Within Range","Within Range",1.17264644379341,10413.1074791881,NA,NA,"20"
"1226","GCW","UP","F4","35cm","Varian GC","A. Stearns","20240905",2024,"August",NA,1,"Within Range","Within Range",1.09602024300849,8515.89155369329,NA,NA,"35"
"1227","GCW","UP","F4","50cm","Varian GC","A. Stearns","20240905",2024,"August",NA,1,"Within Range","Within Range",0.756426853166234,19127.7815711443,NA,NA,"50"
"1228","GCW","UP","F4","0cm","Varian GC","A. Stearns","20240905",2024,"August",NA,1,"Within Range","Within Range",2.23322272283921,259.401244772794,NA,NA,"ATM"
"1229","GCW","UP","H3","10cm","Varian GC","A. Stearns","20240905",2024,"August",NA,1,"Within Range","Within Range",1.27365370846443,5155.47485263059,NA,NA,"10"
"1230","GCW","UP","H3","20cm","Varian GC","A. Stearns","20240905",2024,"August",NA,1,"Within Range","Within Range",0.787773935305519,10097.565289087,NA,NA,"20"
"1231","GCW","UP","H3","35cm","Varian GC","A. Stearns","20240905",2024,"August",NA,1,"Within Range","Within Range",0.827828540261272,12852.6961483006,NA,NA,"35"
"1232","GCW","UP","H3","50cm","Varian GC","A. Stearns","20240905",2024,"August",NA,1,"Within Range","Within Range",0.359363812735293,17919.884922771,NA,NA,"50"
"1233","GCW","UP","H6","10cm","Varian GC","A. Stearns","20240905",2024,"August",NA,1,"Within Range","Within Range",1.5836415207307,3244.01902979061,NA,NA,"10"
"1234","GCW","UP","H6","20cm","Varian GC","A. Stearns","20240905",2024,"August",NA,1,"Within Range","Within Range",0.751202339476354,9481.7659363103,NA,NA,"20"
"1235","GCW","UP","H6","35cm","Varian GC","A. Stearns","20240905",2024,"August",NA,1,"Within Range","Within Range",0.359363812735293,18534.8693229254,NA,NA,"35"
"1236","GCW","UP","H6","50cm","Varian GC","A. Stearns","20240905",2024,"August",NA,1,"Within Range","Within Range",0.359363812735293,18529.4259370901,NA,NA,"50"
"1237","GCW","UP","C3","10cm","Varian GC","A. Stearns","20240910",2024,"September",NA,1,"Within Range","Within Range",1.95109898358565,2270.41192878127,NA,NA,"10"
"1238","GCW","UP","C3","20cm","Varian GC","A. Stearns","20240910",2024,"September",NA,1,"Within Range","Within Range",1.13607484796424,5321.1217493583,NA,NA,"20"
"1239","GCW","UP","C3","35cm","Varian GC","A. Stearns","20240910",2024,"September",NA,1,"Within Range","Within Range",1.43561363285074,7771.54742204235,NA,NA,"35"
"1240","GCW","UP","C3","50cm","Varian GC","A. Stearns","20240910",2024,"September",NA,1,"Within Range","Within Range",0.819121017444804,13532.6839068473,NA,NA,"50"
"1241","GCW","UP","C6","10cm","Varian GC","A. Stearns","20240910",2024,"September",NA,1,"Within Range","Within Range",2.01553465242751,2939.20808605052,NA,NA,"10"
"1242","GCW","UP","C6","20cm","Varian GC","A. Stearns","20240910",2024,"September",NA,1,"Within Range","Within Range",1.43735513741403,8675.24900690157,NA,NA,"20"
"1243","GCW","UP","C6","35cm","Varian GC","A. Stearns","20240910",2024,"September",NA,1,"Within Range","Within Range",1.06989767455908,13133.3011328576,NA,NA,"35"
"1244","GCW","UP","C6","50cm","Varian GC","A. Stearns","20240910",2024,"September",NA,1,"Within Range","Within Range",0.914903768425952,14404.3783829949,NA,NA,"50"
"1245","GCW","UP","F4","10cm","Varian GC","A. Stearns","20240910",2024,"September",NA,1,"Within Range","Within Range",1.83615968240827,1610.94729008683,NA,NA,"10"
"1246","GCW","UP","F4","20cm","Varian GC","A. Stearns","20240910",2024,"September",NA,1,"Within Range","Within Range",1.16393892097694,8046.00604636476,NA,NA,"20"
"1247","GCW","UP","F4","35cm","Varian GC","A. Stearns","20240910",2024,"September",NA,1,"Within Range","Within Range",0.958441382508292,6626.19683216977,NA,NA,"35"
"1248","GCW","UP","F4","50cm","Varian GC","A. Stearns","20240910",2024,"September",NA,1,"Within Range","Within Range",0.843502081330914,11700.9130316238,NA,NA,"50"
"1249","GCW","UP","F4","0cm","Varian GC","A. Stearns","20240910",2024,"September",NA,1,"Within Range","Within Range",2.2071001543898,208.494700440996,NA,NA,"ATM"
"1250","GCW","UP","H3","10cm","Varian GC","A. Stearns","20240910",2024,"September",NA,1,"Within Range","Within Range",1.48960027431284,2217.50843947446,NA,NA,"10"
"1251","GCW","UP","H3","20cm","Varian GC","A. Stearns","20240910",2024,"September",NA,1,"Within Range","Within Range",1.01939404222357,4095.34591139559,NA,NA,"20"
"1252","GCW","UP","H3","35cm","Varian GC","A. Stearns","20240910",2024,"September",NA,1,"Within Range","Within Range",1.42690611003427,6889.82467393301,NA,NA,"35"
"1253","GCW","UP","H3","50cm","Varian GC","A. Stearns","20240910",2024,"September",NA,1,"Within Range","Within Range",0.359363812735293,10345.1802449759,NA,NA,"50"
"1254","GCW","UP","H6","10cm","Varian GC","A. Stearns","20240910",2024,"September",NA,1,"Within Range","Within Range",1.52965487926859,1542.66545816873,NA,NA,"10"
"1255","GCW","UP","H6","20cm","Varian GC","A. Stearns","20240910",2024,"September",NA,1,"Within Range","Within Range",0.935801823185475,4898.98873308328,NA,NA,"20"
"1256","GCW","UP","H6","35cm","Varian GC","A. Stearns","20240910",2024,"September",NA,1,"Within Range","Within Range",0.784290926178932,9949.74159283718,NA,NA,"35"
"1257","GCW","UP","H6","50cm","Varian GC","A. Stearns","20240910",2024,"September",NA,1,"Within Range","Within Range",0.359363812735293,15653.3088290479,NA,NA,"50"
"1258","GCW","UP","C3","10cm","Varian GC","A. Stearns","20241003",2024,"October",NA,1,"Within Range","Within Range",1.72296188579418,2472.82500869374,NA,NA,"10"
"1259","GCW","UP","C3","20cm","Varian GC","A. Stearns","20241003",2024,"October",NA,1,"Within Range","Within Range",1.11169378407813,5537.09041525378,NA,NA,"20"
"1260","GCW","UP","C3","35cm","Varian GC","A. Stearns","20241003",2024,"October",NA,1,"Within Range","Within Range",0.862658631527144,7694.6868140478,NA,NA,"35"
"1261","GCW","UP","C3","50cm","Varian GC","A. Stearns","20241003",2024,"October",NA,1,"Within Range","Within Range",0.972373419014641,12917.3511299993,NA,NA,"50"
"1262","GCW","UP","C6","10cm","Varian GC","A. Stearns","20241003",2024,"October",NA,1,"Within Range","Within Range",1.67071674889538,3787.80394321928,NA,NA,"10"
"1263","GCW","UP","C6","20cm","Varian GC","A. Stearns","20241003",2024,"October",NA,1,"Within Range","Within Range",1.44083814654062,7758.71969450817,NA,NA,"20"
"1264","GCW","UP","C6","35cm","Varian GC","A. Stearns","20241003",2024,"October",NA,1,"Within Range","Within Range",1.06989767455908,11492.2540552786,NA,NA,"35"
"1265","GCW","UP","C6","50cm","Varian GC","A. Stearns","20241003",2024,"October",NA,1,"Within Range","Within Range",0.815638008318217,12359.3076561883,NA,NA,"50"
"1266","GCW","UP","F4","10cm","Varian GC","A. Stearns","20241003",2024,"October",NA,1,"Within Range","Within Range",1.65852621695232,2375.90785677573,NA,NA,"10"
"1267","GCW","UP","F4","20cm","Varian GC","A. Stearns","20241003",2024,"October",NA,1,"Within Range","Within Range",1.08557121562872,8153.08833251693,NA,NA,"20"
"1268","GCW","UP","F4","35cm","Varian GC","A. Stearns","20241003",2024,"October",NA,1,"Within Range","Within Range",0.92361129124242,6940.12155905125,NA,NA,"35"
"1269","GCW","UP","F4","50cm","Varian GC","A. Stearns","20241003",2024,"October",NA,1,"Within Range","Within Range",0.744236321223179,11019.2953678327,NA,NA,"50"
"1270","GCW","UP","F4","0cm","Varian GC","A. Stearns","20241003",2024,"October",NA,1,"Within Range","Within Range",2.22973971371262,204.283075057564,NA,NA,"ATM"
"1271","GCW","UP","H3","10cm","Varian GC","A. Stearns","20241003",2024,"October",NA,1,"Within Range","Within Range",1.17612945291999,3817.79544391873,NA,NA,"10"
"1272","GCW","UP","H3","20cm","Varian GC","A. Stearns","20241003",2024,"October",NA,1,"Within Range","Within Range",0.876590668033493,5535.13701736545,NA,NA,"20"
"1273","GCW","UP","H3","35cm","Varian GC","A. Stearns","20241003",2024,"October",NA,1,"Within Range","Within Range",1.44083814654062,7138.62162217468,NA,NA,"35"
"1274","GCW","UP","H3","50cm","Varian GC","A. Stearns","20241003",2024,"October",NA,1,"Within Range","Within Range",0.759909862292822,12324.7997004987,NA,NA,"50"
"1275","GCW","UP","H6","10cm","Varian GC","A. Stearns","20241003",2024,"October",NA,1,"Within Range","Within Range",1.39730053245828,2132.85290296376,NA,NA,"10"
"1276","GCW","UP","H6","20cm","Varian GC","A. Stearns","20241003",2024,"October",NA,1,"Within Range","Within Range",0.808671990065042,5514.86273800857,NA,NA,"20"
"1277","GCW","UP","H6","35cm","Varian GC","A. Stearns","20241003",2024,"October",NA,1,"Within Range","Within Range",0.359363812735293,9625.41533325097,NA,NA,"35"
"1278","GCW","UP","H6","50cm","Varian GC","A. Stearns","20241003",2024,"October",NA,1,"Within Range","Within Range",0.758168357729528,12310.7153284631,NA,NA,"50"
"1279","GCW","UP","C3","10cm","Varian GC","Stearns","20241203",2024,"November",NA,1,"Within Range","Within Range",2.08708202472202,1426.66385898771,NA,NA,"10"
"1280","GCW","UP","C3","20cm","Varian GC","Stearns","20241203",2024,"November",NA,1,"Within Range","Within Range",1.27786027876686,3175.9852202288,NA,NA,"20"
"1281","GCW","UP","C3","35cm","Varian GC","Stearns","20241203",2024,"November",NA,1,"Within Range","Within Range",1.10706142664927,4455.62305002687,NA,NA,"35"
"1282","GCW","UP","C3","50cm","Varian GC","Stearns","20241203",2024,"November",NA,1,"Within Range","Within Range",0.820185684743035,6840.13929977653,NA,NA,"50"
"1283","GCW","UP","C6","10cm","Varian GC","Stearns","20241203",2024,"November",NA,1,"Within Range","Within Range",1.80849748922926,1767.68430592416,NA,NA,"10"
"1284","GCW","UP","C6","20cm","Varian GC","Stearns","20241203",2024,"November",NA,1,"Within Range","Within Range",1.67252170404827,4414.01280995292,NA,NA,"20"
"1285","GCW","UP","C6","35cm","Varian GC","Stearns","20241203",2024,"November",NA,1,"Within Range","Within Range",1.12861856332431,6143.24874398044,NA,NA,"35"
"1286","GCW","UP","C6","50cm","Varian GC","Stearns","20241203",2024,"November",NA,1,"Within Range","Within Range",1.05068122303764,8878.73519395031,NA,NA,"50"
"1287","GCW","UP","F4","10cm","Varian GC","Stearns","20241203",2024,"November",NA,1,"Within Range","Within Range",1.78694035255422,1028.24790938367,NA,NA,"10"
"1288","GCW","UP","F4","20cm","Varian GC","Stearns","20241203",2024,"November",NA,1,"Within Range","Within Range",1.12696032204161,2511.70274677374,NA,NA,"20"
"1289","GCW","UP","F4","35cm","Varian GC","Stearns","20241203",2024,"November",NA,1,"Within Range","Within Range",0.976060365316365,3422.81586890041,NA,NA,"35"
"1290","GCW","UP","F4","50cm","Varian GC","Stearns","20241203",2024,"November",NA,1,"Within Range","Within Range",0.777071411392965,5541.96338233525,NA,NA,"50"
"1291","GCW","UP","F4","0cm","Varian GC","Stearns","20241203",2024,"November",NA,1,"Within Range","Within Range",2.43365445280527,446.346274449204,NA,NA,"ATM"
"1292","GCW","UP","H3","10cm","Varian GC","Stearns","20241203",2024,"November",NA,1,"Within Range","Within Range",1.43373495934019,1591.91732612489,NA,NA,"10"
"1293","GCW","UP","H3","20cm","Varian GC","Stearns","20241203",2024,"November",NA,1,"Within Range","Within Range",1.04902298175495,2923.01319279735,NA,NA,"20"
"1294","GCW","UP","H3","35cm","Varian GC","Stearns","20241203",2024,"November",NA,1,"Within Range","Within Range",1.2629361072226,4763.09381651165,NA,NA,"35"
"1295","GCW","UP","H3","50cm","Varian GC","Stearns","20241203",2024,"November",NA,1,"Within Range","Within Range",0.93460433324899,7039.96800963875,NA,NA,"50"
"1296","GCW","UP","H6","10cm","Varian GC","Stearns","20241203",2024,"November",NA,1,"Within Range","Within Range",1.55478657297692,980.556264951838,NA,NA,"10"
"1297","GCW","UP","H6","20cm","Varian GC","Stearns","20241203",2024,"November",NA,1,"Within Range","Within Range",0.99430101942601,2989.38686343708,NA,NA,"20"
"1298","GCW","UP","H6","35cm","Varian GC","Stearns","20241203",2024,"November",NA,1,"Within Range","Within Range",0.84505930398346,5962.52188113978,NA,NA,"35"
"1299","GCW","UP","H6","50cm","Varian GC","Stearns","20241203",2024,"November",NA,1,"Within Range","Within Range",0.81852744346034,7979.2990878836,NA,NA,"50"
