"","RepNumber","Month","Site","Zone","Replicate","Plot","TIMESTAMP","ch4_HM81_AIC","ch4_HM81_flux.estimate","ch4_HM81_p.value","ch4_HM81_r.squared","ch4_HM81_RMSE","ch4_lin_AIC","ch4_lin_flux.estimate","ch4_lin_flux.std.error","ch4_lin_int.estimate","ch4_lin_int.std.error","ch4_lin_p.value","ch4_lin_r.squared","ch4_lin_RMSE","ch4_poly_AIC","ch4_poly_r.squared","ch4_poly_RMSE","ch4_rob_AIC","ch4_rob_converged","ch4_rob_flux.estimate","ch4_rob_flux.std.error","ch4_rob_RMSE","ch4_TIMESTAMP_min","ch4_TIMESTAMP_max","ch4_base_plot","TIMESTAMP.y","co2_HM81_AIC","co2_HM81_flux.estimate","co2_HM81_p.value","co2_HM81_r.squared","co2_HM81_RMSE","co2_lin_AIC","co2_lin_flux.estimate","co2_lin_flux.std.error","co2_lin_int.estimate","co2_lin_int.std.error","co2_lin_p.value","co2_lin_r.squared","co2_lin_RMSE","co2_poly_AIC","co2_poly_r.squared","co2_poly_RMSE","co2_rob_AIC","co2_rob_converged","co2_rob_flux.estimate","co2_rob_flux.std.error","co2_rob_RMSE","co2_TIMESTAMP_min","co2_TIMESTAMP_max","co2_base_plot","Project","Experiment","Region"
"1",1,"Apr","GCW","TR","1","1-Apr-GCW-TR-1","2023-04-19 10:03:46.5",447.833487665654,6.71963167511398,3.19053606400528e-35,0.954526870832417,17.2717245141687,364.59951989079,5.26753850315949,0.071684324785186,19119.1081351274,2.43673989506548,1.30980711215776e-52,0.990825128785109,7.75815175569431,235.636988488057,0.999288587892551,2.20487153934638,364.872002654995,TRUE,5.28920201279378,0.0764124206871259,8.0928181980095,"2023-04-19 10:03:21","2023-04-19 10:04:12","1-Apr-GCW-TR","2023-04-19 10:03:46.5",358.091434036602,2.80579280701328,5.5058610532005e-30,0.926382016918396,7.28754248435121,334.97172780562,1.71294010002139,0.0539139623038723,4225.52683894549,1.83267824926282,8.08496022212026e-35,0.952805394489576,5.83492559297514,326.945902160847,0.962549737539025,5.30494588987415,335.031162896157,TRUE,1.7148467602556,0.0631678579756507,6.13585428584532,"2023-04-19 10:03:21","2023-04-19 10:04:12","1-Apr-GCW-TR","COMPASS","Synoptic","CB"
"2",1,"Apr","GCW","TR","2","1-Apr-GCW-TR-2","2023-04-19 10:07:07.5",NA,NA,NA,NA,NA,546.38009883718,24.5771511064656,0.976980736114698,92940.118980155,29.8339268622875,9.48447746092685e-28,0.934991623775876,87.9689643623148,504.343173562958,0.976103944505936,54.5895635502883,547.181104517266,TRUE,25.2626950277673,0.989696843823887,85.1515037470411,"2023-04-19 10:06:45","2023-04-19 10:07:30","1-Apr-GCW-TR","2023-04-19 10:07:07.5",382.231360992126,4.63686844674983,1.04740137360882e-25,0.919521389610357,14.7723717601127,320.119768960902,3.79590806030254,0.0835224554096897,4224.97809333215,2.55051377569723,1.27684767811302e-38,0.979141960968507,7.52050028397431,320.192763720783,0.980848716059886,7.37582552182333,320.261898176721,TRUE,3.81926542906531,0.0875191827617218,8.5844189209075,"2023-04-19 10:06:45","2023-04-19 10:07:30","1-Apr-GCW-TR","COMPASS","Synoptic","CB"
"3",1,"Apr","GCW","TR","5","1-Apr-GCW-TR-5","2023-04-19 10:14:01.5",416.853741548374,2.05005015364711,5.94985962896715e-28,0.902524776642265,11.068828797282,312.95204913765,2.21624640696566,0.0369285241682163,18818.363194826,1.29785069213581,1.07092709897889e-49,0.985768001979312,4.22948499017067,293.825472460954,0.990725925002137,3.48182165623188,312.9799475931,TRUE,2.21274981221902,0.0387150363608792,4.26001831434787,"2023-04-19 10:13:35","2023-04-19 10:14:28","1-Apr-GCW-TR","2023-04-19 10:14:01.5",432.657939168088,4.12859623138728,2.06276703046569e-30,0.921576878584262,12.8131002497899,399.059209017961,2.81948379057059,0.0819633980627371,4232.14328349019,2.88059854276772,1.90866480181293e-37,0.95790537360743,9.38740363060857,390.859014699978,0.966417987914976,8.55071021599001,399.075925264902,TRUE,2.82974199801374,0.0835065151376613,11.5918051807057,"2023-04-19 10:13:35","2023-04-19 10:14:28","1-Apr-GCW-TR","COMPASS","Synoptic","CB"
"4",1,"Apr","GCW","UP","1","1-Apr-GCW-UP-1","2023-04-19 10:21:54.5",350.276229491738,-1.19492635156561,1.30741659730114e-28,0.908033059664605,5.97554015624898,202.086592362137,-1.23694275922675,0.0132295406598249,18796.7173023629,0.464951386190798,1.28931387259521e-59,0.99408686215446,1.51520118683055,198.456808390308,0.994866003847273,1.43981183573555,202.102232339792,TRUE,-1.23599001361501,0.0126452097308924,1.3546529341523,"2023-04-19 10:21:28","2023-04-19 10:22:21","1-Apr-GCW-UP","2023-04-19 10:21:54.5",NA,NA,NA,NA,NA,380.009879498323,2.8746187675522,0.0687096806878342,4225.99730787843,2.41479746742458,1.02859596258804e-41,0.971148762103253,7.86943344458736,380.29092108752,0.973068858331157,7.75363392535076,380.036936087361,TRUE,2.88456066725631,0.0745604598802168,8.25544400270676,"2023-04-19 10:21:28","2023-04-19 10:22:21","1-Apr-GCW-UP","COMPASS","Synoptic","CB"
"5",1,"Apr","GCW","UP","2","1-Apr-GCW-UP-2","2023-04-19 10:36:50.5",NA,NA,NA,NA,NA,200.48060954252,-0.479013294234828,0.0130342700507404,18442.5311090995,0.458088612742295,7.00936262952841e-39,0.962925580176168,1.49283652079672,201.236485198896,0.965087292927068,1.47735035655518,200.527215861355,TRUE,-0.476522666334085,0.0147129376604221,1.54112268863042,"2023-04-19 10:36:24","2023-04-19 10:37:17","1-Apr-GCW-UP","2023-04-19 10:36:50.5",471.396684873906,4.50713170495737,2.24609178304386e-30,0.921320046655024,18.3413888968769,384.166176348259,4.0846295643681,0.0714054596336681,4192.7907151184,2.50954045132392,1.25112064619805e-48,0.984357233384666,8.17818546880272,383.126054018013,0.985751195416357,7.95987151106932,384.19309932215,TRUE,4.08190063850955,0.0723449179163065,9.96476668459511,"2023-04-19 10:36:24","2023-04-19 10:37:17","1-Apr-GCW-UP","COMPASS","Synoptic","CB"
"6",1,"Apr","GCW","UP","3a","1-Apr-GCW-UP-3a","2023-04-19 10:32:48.5",NA,NA,NA,NA,NA,248.461329274236,-0.610662897450339,0.0203249250953862,18436.6568461718,0.71431823222871,1.55974951562438e-34,0.945532831788462,2.32784730918834,206.660976934664,0.976676919980928,1.55344797280419,248.731305481725,TRUE,-0.621017937550078,0.0179459874923189,1.87818905919879,"2023-04-19 10:32:22","2023-04-19 10:33:15","1-Apr-GCW-UP","2023-04-19 10:32:48.5",NA,NA,NA,NA,NA,434.829263901756,6.1046677367484,0.114145847462488,4181.29513894316,4.01164873144656,3.90627625894012e-47,0.982144383397902,13.0733128227318,399.007012085336,0.991459077640444,9.22077200782414,435.247655389435,TRUE,6.16720675151006,0.120968533333031,13.6312112693077,"2023-04-19 10:32:22","2023-04-19 10:33:15","1-Apr-GCW-UP","COMPASS","Synoptic","CB"
"7",1,"Apr","GCW","UP","4","1-Apr-GCW-UP-4","2023-04-19 10:25:47.5",NA,NA,NA,NA,NA,197.170707570659,-1.03493431454849,0.0126408648260576,18645.7553325935,0.44426241051394,1.2280676310103e-56,0.992302047409566,1.44777916932306,201.122610427782,0.992308900829681,1.47579346514034,197.178375930711,TRUE,-1.03582786083769,0.0134042907729218,1.49176060242891,"2023-04-19 10:25:21","2023-04-19 10:26:14","1-Apr-GCW-UP","2023-04-19 10:25:47.5",457.200573376461,4.58649174714984,1.09637920174259e-30,0.923457404217889,16.0822264921183,386.402687686119,3.62196276684148,0.072899572164179,4219.46369141954,2.56205094356616,1.67307980957744e-45,0.979369399469078,8.34930864969769,383.876505191178,0.981717940846044,8.0153742596472,386.410722984458,TRUE,3.6254363498109,0.0809674315475444,8.80600574495494,"2023-04-19 10:25:21","2023-04-19 10:26:14","1-Apr-GCW-UP","COMPASS","Synoptic","CB"
"8",1,"Apr","GCW","UP","5","1-Apr-GCW-UP-5","2023-04-19 10:18:29.5",366.066017270406,-1.57062174804629,9.86970996963249e-32,0.930217883970544,6.91626742836457,233.915402076218,-1.64346569130267,0.0177638138619781,18726.9583354634,0.624308136732494,2.22404206016469e-59,0.993961569393104,2.03451900095392,222.259871526625,0.995481288384069,1.7948315403797,234.145361383242,TRUE,-1.63538426925663,0.0182938490652979,1.89592172621897,"2023-04-19 10:18:03","2023-04-19 10:18:56","1-Apr-GCW-UP","2023-04-19 10:18:29.5",NA,NA,NA,NA,NA,364.49874081842,3.33818827269923,0.0595173845593538,4221.46662024912,2.09173478995821,3.42892177546805e-48,0.983738926136608,6.81662455562359,364.330331508669,0.984946938684126,6.68842479805853,364.568564073335,TRUE,3.32344764046282,0.0637854228609347,7.74711244405573,"2023-04-19 10:18:03","2023-04-19 10:18:56","1-Apr-GCW-UP","COMPASS","Synoptic","CB"
"9",1,"Apr","MSM","TR","1","1-Apr-MSM-TR-1","2023-04-24 12:54:55.5",289.201652807319,-1.88752028857387,5.2088252276404e-42,0.971893612244693,3.39454304939285,294.194141364893,-1.25503310648095,0.0310407213336127,18254.8865591872,1.09092422658736,5.77136841673143e-41,0.969171167736035,3.55514518713371,203.171354880027,0.994694366750519,1.50405627792386,294.353273351588,TRUE,-1.25091246384786,0.0327793537689948,3.67454346101547,"2023-04-24 12:54:29","2023-04-24 12:55:22","1-Apr-MSM-TR","2023-04-24 12:54:55.5",435.973566284274,1.48680305393339,1.60787837836708e-21,0.827979760134559,13.2125661213921,398.344122731882,1.91787177665813,0.081422497200666,4008.84506664742,2.86158861550883,2.07551904527032e-29,0.914307046765009,9.32545335967764,400.392216986328,0.917349225623914,9.33979905202476,398.611124736587,TRUE,1.94473114987796,0.0818958097116397,9.70503690595669,"2023-04-24 12:54:29","2023-04-24 12:55:22","1-Apr-MSM-TR","COMPASS","Synoptic","CB"
"10",1,"Apr","MSM","TR","2","1-Apr-MSM-TR-2","2023-04-24 12:37:21.5",NA,NA,NA,NA,NA,227.974934643665,-0.219995077617844,0.0168131132227294,18292.317976668,0.590895821714369,4.43153101044837e-18,0.767035742984329,1.92563368331892,205.99761006874,0.855998535130396,1.5439354954708,228.206071842012,TRUE,-0.227461458772628,0.0168246828371712,1.63876674269117,"2023-04-24 12:36:55","2023-04-24 12:37:48","1-Apr-MSM-TR","2023-04-24 12:37:21.5",433.65071256622,3.39583412335979,1.20703009376352e-30,0.923174255520089,12.9314257153202,406.071695234797,2.86893385342442,0.0874618947954231,4043.13143425754,3.07384286950323,2.03228218599624e-36,0.953899801521239,10.0171555614863,398.675443924138,0.962670811115167,9.192506951108,406.073779667454,TRUE,2.87079831050962,0.0918612795351506,12.5057881162895,"2023-04-24 12:36:55","2023-04-24 12:37:48","1-Apr-MSM-TR","COMPASS","Synoptic","CB"
"11",1,"Apr","MSM","TR","3","1-Apr-MSM-TR-3","2023-04-24 12:42:31.5",221.190486023781,-1.28052154154125,2.71869973399619e-40,0.967278804665508,1.80838852495833,257.907989029852,-0.608773225369197,0.0221827961864249,18204.1214008595,0.779612996525816,1.3157009909513e-32,0.93541534766123,2.54063236004567,198.201894748662,0.980149398360314,1.43641743879947,258.132810891137,TRUE,-0.600467228481472,0.0251704885702509,2.39587439242062,"2023-04-24 12:42:05","2023-04-24 12:42:58","1-Apr-MSM-TR","2023-04-24 12:42:31.5",NA,NA,NA,NA,NA,396.382796613719,2.15631160631151,0.0799571755874108,4040.83980654097,2.81008997826837,3.07730351458534e-32,0.933272671061206,9.15762765018532,396.214278111771,0.938229876370813,8.98539173470415,396.442734818445,TRUE,2.14311382261609,0.0854039787829472,9.69294058645417,"2023-04-24 12:42:05","2023-04-24 12:42:58","1-Apr-MSM-TR","COMPASS","Synoptic","CB"
"12",1,"Apr","MSM","TR","4","1-Apr-MSM-TR-4","2023-04-24 12:51:08.5",365.164517932269,-4.04585430738148,1.61154145771e-41,0.970646481411966,6.85877612953784,362.407019584101,-2.48513445059996,0.0583757555028062,18276.0026239194,2.05161230755265,4.26895162006393e-42,0.972107784414828,6.68587189036634,226.582712415269,0.997906141330768,1.86812914469003,362.425597325766,TRUE,-2.48693378464755,0.0624922197615931,7.66235797036266,"2023-04-24 12:50:42","2023-04-24 12:51:35","1-Apr-MSM-TR","2023-04-24 12:51:08.5",NA,NA,NA,NA,NA,386.588374250005,0.907890478605369,0.0730250176687979,4033.11789376536,2.56645971804773,3.36144065839548e-17,0.748268646842752,8.36367613095562,390.230200450163,0.749932817484841,8.50106960559178,386.589078849861,TRUE,0.909513557683105,0.0781612667820889,10.0864472204922,"2023-04-24 12:50:42","2023-04-24 12:51:35","1-Apr-MSM-TR","COMPASS","Synoptic","CB"
"13",1,"Apr","MSM","TR","5","1-Apr-MSM-TR-5","2023-04-24 12:47:23.5",212.230482144564,0.824354653531475,8.34712686246239e-33,0.936534436176435,1.66441403760656,249.70577399016,0.388656704672201,0.0205604762934359,18332.974244884,0.722596664478798,5.92165592301213e-25,0.872962242828274,2.35482537774126,208.31754781248,0.945185122965382,1.57745940006811,249.709099741454,TRUE,0.389019761623935,0.0213315465211407,2.25088172118107,"2023-04-24 12:46:57","2023-04-24 12:47:50","1-Apr-MSM-TR","2023-04-24 12:47:23.5",435.316063155195,2.46469033846252,2.49454554533825e-24,0.865758249450016,13.1323724821956,390.179342482745,2.19006154838958,0.0754938953042054,4033.40642021082,2.65322826946117,8.73271409843959e-34,0.94180630093167,8.64644077256325,387.50331870532,0.948573838812734,8.28911399009506,390.372149764043,TRUE,2.21645942132265,0.0797406199135603,7.03606195016656,"2023-04-24 12:46:57","2023-04-24 12:47:50","1-Apr-MSM-TR","COMPASS","Synoptic","CB"
"14",1,"Apr","MSM","UP","1","1-Apr-MSM-UP-1","2023-04-24 13:42:02.5",253.271251023515,-0.829425448029221,8.10917628077043e-34,0.94197168376554,2.43386432485588,222.355416489994,-0.625641382386171,0.0159606537891374,18448.7406059124,0.560936187777597,2.74661113808367e-40,0.967265955647333,1.82800009355825,199.25535773823,0.980182553062316,1.45049722416079,222.381593506418,TRUE,-0.625850910549903,0.0175113278338083,1.88964501469284,"2023-04-24 13:41:36","2023-04-24 13:42:29","1-Apr-MSM-UP","2023-04-24 13:42:02.5",437.788611005942,4.2304341274604,1.75334630267698e-29,0.91486026296188,13.4364924859375,401.094687119956,2.836069722502,0.0835228128217069,4109.51053161171,2.93540407778007,3.64446409875233e-37,0.956845928808951,9.56600598380497,398.096493292813,0.962091302136814,9.1433609470602,401.100380070298,TRUE,2.82998251210202,0.0944915649301158,10.6349890627354,"2023-04-24 13:41:36","2023-04-24 13:42:29","1-Apr-MSM-UP","COMPASS","Synoptic","CB"
"15",1,"Apr","MSM","UP","2","1-Apr-MSM-UP-2","2023-04-24 13:37:47.5",230.285963780177,-0.577514444175462,2.34926964319277e-29,0.913898445176152,1.96728322557361,211.264602837826,-0.409144778882104,0.0144029613740267,18326.7992052038,0.506191184433374,2.44187373991975e-33,0.939461468611909,1.64959500325453,203.281058996606,0.951509758756676,1.50558484270149,211.288963298396,TRUE,-0.410451369014875,0.0160800825385841,1.63656424933547,"2023-04-24 13:37:21","2023-04-24 13:38:14","1-Apr-MSM-UP","2023-04-24 13:37:47.5",476.433297826189,5.16826597563901,4.13143766873318e-27,0.894998338539932,19.2170037587969,398.847197414296,3.6870189932107,0.0818026559674095,4065.0137284255,2.87494927179426,2.36925365358895e-43,0.975041946986191,9.36899357240045,402.524153955879,0.975190807496943,9.52599992363584,398.87852511108,TRUE,3.67822310656315,0.0852276080555831,10.0467718178864,"2023-04-24 13:37:21","2023-04-24 13:38:14","1-Apr-MSM-UP","COMPASS","Synoptic","CB"
"16",1,"Apr","MSM","UP","3","1-Apr-MSM-UP-3","2023-04-24 13:33:10.5",374.778427361369,-1.44773190478655,3.46083236232338e-28,0.904531295957021,7.4973280641023,204.760843541045,-1.52461642675986,0.0135612144935686,18355.7933339576,0.476608042512258,9.28135273133512e-64,0.995902714370115,1.55318833993369,205.092730044321,0.996171792472123,1.53105364375782,204.772533025402,TRUE,-1.52446271553859,0.0146846111765987,1.68019491251049,"2023-04-24 13:32:44","2023-04-24 13:33:37","1-Apr-MSM-UP","2023-04-24 13:33:10.5",399.332885024636,1.15765703648799,1.11480633407642e-17,0.758669907737441,9.41122182501911,388.638785532904,1.08021724797643,0.0744246630775875,4061.61395991627,2.61565016915451,6.30236246994172e-20,0.802027764859326,8.52397983605554,392.188029844912,0.803673425961288,8.65658273615756,388.659131589454,TRUE,1.08094867543573,0.0807501654155038,10.0795796914412,"2023-04-24 13:32:44","2023-04-24 13:33:37","1-Apr-MSM-UP","COMPASS","Synoptic","CB"
"17",1,"Apr","MSM","UP","4b","1-Apr-MSM-UP-4b","2023-04-24 13:26:51.5",NA,NA,NA,NA,NA,216.948545977696,-0.509091648033711,0.0151812777178205,18371.9410558215,0.53354506407644,6.78576053506103e-37,0.955802645225783,1.73873686223285,217.25848435093,0.958721967159268,1.71360960807663,216.986877015599,TRUE,-0.511496616670865,0.015116543199751,1.63234659014203,"2023-04-24 13:26:25","2023-04-24 13:27:18","1-Apr-MSM-UP","2023-04-24 13:26:51.5",447.543567563278,3.77199368083985,1.60297992138881e-26,0.889390349909602,14.7066238908625,400.633798376283,2.71878987523397,0.083167139644932,4058.69063484244,2.92290396603586,2.40624550479197e-36,0.953599607972421,9.52527014622523,403.113409673716,0.954887807135951,9.57811650657445,400.659443952859,TRUE,2.71604511157563,0.0869856505446876,10.5883380992326,"2023-04-24 13:26:25","2023-04-24 13:27:18","1-Apr-MSM-UP","COMPASS","Synoptic","CB"
"18",1,"Apr","MSM","UP","5","1-Apr-MSM-UP-5","2023-04-24 13:15:48.5",279.57385432349,-0.888168088305838,8.81921247603294e-32,0.93051885961701,3.10502843925165,285.935340230525,-0.712088764322884,0.0287555143696155,18503.4200855413,1.01061076953212,1.89497095283679e-30,0.921831977152861,3.29341665150005,261.588090352688,0.953756931747113,2.5832837022514,286.276356129978,TRUE,-0.70397536698927,0.0288298581018659,2.82567358148696,"2023-04-24 13:15:22","2023-04-24 13:16:15","1-Apr-MSM-UP","2023-04-24 13:15:48.5",NA,NA,NA,NA,NA,446.950243730908,2.70402587875919,0.127703132019846,4114.35180590461,4.48811865659437,3.15997230938017e-27,0.896073052637181,14.6260510605672,448.931341691886,0.899886839788701,14.6394666535788,447.526569023517,TRUE,2.63979079356156,0.106140692517146,12.7311953854214,"2023-04-24 13:15:22","2023-04-24 13:16:15","1-Apr-MSM-UP","COMPASS","Synoptic","CB"
"19",1,"Aug","GCW","TR","2","1-Aug-GCW-TR-2","2023-08-15 09:30:10",NA,NA,NA,NA,NA,347.882847189533,-0.525156836352299,0.21177358865073,20279.2245752908,5.8573680463376,0.0175714433971386,0.136201609057343,16.0445574373072,200.803330292912,0.978318201451982,2.60976042372762,353.537558015956,TRUE,-0.956585210951743,0.161067877782345,10.2526206520715,"2023-08-15 09:29:50","2023-08-15 09:30:30","1-Aug-GCW-TR","2023-08-15 09:30:10",402.541390651888,14.2573430721341,2.12049833078484e-28,0.957698712386471,31.2474350617122,332.823861953552,12.4746992517115,0.176244381734407,5036.11093349807,4.8746787382454,8.29158953474316e-43,0.992275554838909,13.3527656765741,276.592553374868,0.998222276364159,6.5765957189721,332.948192267738,TRUE,12.4190201675464,0.182318574148563,14.7044635814351,"2023-08-15 09:29:50","2023-08-15 09:30:30","1-Aug-GCW-TR","COMPASS","Synoptic","CB"
"20",1,"Aug","GCW","TR","3","1-Aug-GCW-TR-3","2023-08-15 09:33:25.5",416.418718914063,8.15196100999542,5.75330761427076e-42,0.971785989168795,11.0243333685274,420.365798210424,4.06914128587394,0.0998387131872619,18530.5978847184,3.50882538445877,3.85239686201499e-41,0.969646472029782,11.434693055698,360.724182802849,0.990659457630289,6.46878385727491,425.346295722978,TRUE,3.8771791370837,0.0499261250754385,5.89999489073965,"2023-08-15 09:32:59","2023-08-15 09:33:52","1-Aug-GCW-TR","2023-08-15 09:33:25.5",478.302342397005,14.7805763625,5.83398662547545e-44,0.976351041587068,19.5524670013211,489.170994592699,7.88857982098165,0.188791110328125,4504.50846935107,6.63505186647379,1.09593166821215e-41,0.9710783511689,21.6225583176082,417.457763057778,0.992882948468496,10.9386135054367,494.228529544868,TRUE,7.52334782371135,0.112851377664427,14.5685774490889,"2023-08-15 09:32:59","2023-08-15 09:33:52","1-Aug-GCW-TR","COMPASS","Synoptic","CB"
"21",1,"Aug","GCW","TR","5","1-Aug-GCW-TR-5","2023-08-15 09:40:34.5",521.374561859329,12.0098960458729,3.99130222222036e-36,0.952688485850256,29.1343623605349,440.12214602714,8.38889011258044,0.119879271106795,18253.9580835646,4.21314954992434,4.00802860457257e-53,0.989492604666502,13.7299713216045,397.42916515104,0.995574450304637,9.08703863239067,448.438234658067,TRUE,8.08420492553847,0.0485094041496353,4.43711641310434,"2023-08-15 09:40:08","2023-08-15 09:41:01","1-Aug-GCW-TR","2023-08-15 09:40:34.5",515.895544768296,11.0032919628039,2.29145551710688e-35,0.94940223979686,27.6931938866138,425.909284980442,7.71432293679168,0.105097090778689,4326.20213962644,3.69363073886333,3.42545206961335e-54,0.990440885547702,12.036943743927,380.648410880606,0.996160828135697,7.77934168074579,433.035996416624,TRUE,7.47447239624941,0.0510226203704864,6.04341731454409,"2023-08-15 09:40:08","2023-08-15 09:41:01","1-Aug-GCW-TR","COMPASS","Synoptic","CB"
"22",1,"Aug","GCW","UP","1","1-Aug-GCW-UP-1","2023-08-15 09:45:00.5",327.368383438334,-3.31571344927165,5.460270829693e-44,0.976411153995223,4.83347084368511,332.189911267576,-1.95572484570882,0.0441287994547492,18106.1341827265,1.55090392062735,5.57045252212204e-43,0.974208073263074,5.05414443528595,232.62747326693,0.99621048288818,1.97566980094205,340.360850323519,TRUE,-1.84551015438158,0.0274358918800797,2.86304078071669,"2023-08-15 09:44:34","2023-08-15 09:45:27","1-Aug-GCW-UP","2023-08-15 09:45:00.5",585.792482725368,32.3045796008587,2.33127684043614e-43,0.975057446140216,52.8987942135905,579.258611688091,20.8544466731554,0.434756354777249,4261.20922677079,15.2794851315432,1.00166426396136e-44,0.977899997462125,49.7933648400254,471.021338006293,0.997234809050136,17.9619939785187,588.975737339831,TRUE,19.6946071534836,0.266967280155056,24.1546014922983,"2023-08-15 09:44:34","2023-08-15 09:45:27","1-Aug-GCW-UP","COMPASS","Synoptic","CB"
"23",1,"Aug","GCW","UP","2","1-Aug-GCW-UP-2","2023-08-15 09:54:00.5",NA,NA,NA,NA,NA,177.545469929798,-1.05597385349136,0.0105404437402493,18000.1241879763,0.370443241689988,3.62547329720563e-61,0.994845690112659,1.20721446614139,175.829464472705,0.995363400259211,1.16765795146061,177.60300430013,TRUE,-1.05538147957042,0.00994083522700734,1.17009522532492,"2023-08-15 09:53:34","2023-08-15 09:54:27","1-Aug-GCW-UP","2023-08-15 09:54:00.5",683.265664773495,29.6419879329003,4.0272787677441e-31,0.926345477685091,130.439563991723,502.520593722517,30.221936428252,0.213630645198703,4207.94568461351,7.50803577932285,6.23627131453699e-69,0.997408454026979,24.4674713560867,438.020179539634,0.999271138528315,13.2327100433302,502.520593722517,TRUE,30.221936428252,0.213630645198703,35.1795071036269,"2023-08-15 09:53:34","2023-08-15 09:54:27","1-Aug-GCW-UP","COMPASS","Synoptic","CB"
"24",1,"Aug","GCW","UP","3","1-Aug-GCW-UP-3","2023-08-15 09:57:47.5",411.100968775774,-3.07363328886774,8.29465276897498e-33,0.936549808711484,10.494659690304,283.169636105185,-2.61538147966223,0.0280284812721526,18026.0872900285,0.985059236401539,1.4298894222816e-59,0.994063281997836,3.21014834759846,256.90270434155,0.996610583714411,2.4736088042088,284.020313898419,TRUE,-2.59123842623389,0.0262319081444999,2.46183313359339,"2023-08-15 09:57:21","2023-08-15 09:58:14","1-Aug-GCW-UP","2023-08-15 09:57:47.5",695.730185392623,46.1794882801427,1.08853079337114e-34,0.946280383486523,146.397018557289,600.776791367213,39.5842497343461,0.530610470403493,4320.4390546437,18.6482720817853,1.48608850027484e-54,0.990742981252044,60.7716953424995,563.337176574008,0.995702722109974,42.225924752607,608.317071823281,TRUE,38.3519581303142,0.313573401541645,29.1922033547718,"2023-08-15 09:57:21","2023-08-15 09:58:14","1-Aug-GCW-UP","COMPASS","Synoptic","CB"
"25",1,"Aug","GCW","UP","4","1-Aug-GCW-UP-4","2023-08-15 10:01:20.5",NA,NA,NA,NA,NA,257.540984544481,-2.57026819073279,0.022107542772469,18032.2351313861,0.776968219958432,1.63158551863773e-64,0.996167696788845,2.53201346199994,237.065792536026,0.997564330453232,2.05855242476662,257.59411192265,TRUE,-2.57522762122441,0.0232828199180068,2.8191594932973,"2023-08-15 10:00:54","2023-08-15 10:01:47","1-Aug-GCW-UP","2023-08-15 10:01:20.5",653.933901874478,21.3904314031779,5.51777753785807e-30,0.918557150172354,99.416650640311,458.724547814968,21.9094878388205,0.142412763066596,4137.29477991337,5.00508772766055,8.0405022779518e-71,0.997807782678869,16.310769448981,447.809220557205,0.998336866051963,14.4881498938503,460.029062231562,TRUE,21.7758873676773,0.118329977570936,14.0249445825935,"2023-08-15 10:00:54","2023-08-15 10:01:47","1-Aug-GCW-UP","COMPASS","Synoptic","CB"
"26",1,"Aug","GCW","UP","5","1-Aug-GCW-UP-5","2023-08-15 09:50:15.5",438.506036736538,-3.7441143401514,2.2222008388021e-32,0.934101898468866,13.5260459475256,261.141694147729,-3.31339998142399,0.0228570306235988,18020.4341255407,0.803308924014332,1.75928503992422e-69,0.997531563954817,2.61785354600191,215.117437605358,0.999022532612789,1.67997266213879,262.062828408117,TRUE,-3.29436349733298,0.0219352526663074,2.63774842519536,"2023-08-15 09:49:49","2023-08-15 09:50:42","1-Aug-GCW-UP","2023-08-15 09:50:15.5",648.386708473428,28.5712277196951,5.30451012303152e-33,0.937630140518204,94.4392442022642,475.425698225152,23.7788112512511,0.166229589955408,4309.64364970484,5.84212863190353,3.50555066119559e-69,0.997465236176847,19.038550049713,402.067571578987,0.999394958019778,9.48581267522464,477.769662350929,TRUE,23.5482544636629,0.128312926569953,11.8124752250175,"2023-08-15 09:49:49","2023-08-15 09:50:42","1-Aug-GCW-UP","COMPASS","Synoptic","CB"
"27",1,"Aug","GWI","TR","1","1-Aug-GWI-TR-1","2023-08-24 12:25:34.5",260.096729895677,0.473250016753254,1.17313132386323e-30,0.923258253017895,2.59264639923625,200.851563379654,0.581658538588516,0.0130791165852299,18505.2938031824,0.459664741416215,4.67361339762367e-43,0.974381541258493,1.4979728686134,179.193047992797,0.984070775453895,1.20459605128612,200.969808939602,TRUE,0.585998442498171,0.0133522922546191,1.53551568936545,"2023-08-24 12:25:08","2023-08-24 12:26:01","1-Aug-GWI-TR","2023-08-24 12:25:34.5",465.614434468929,4.08473668637747,2.28872591778072e-32,0.934027191559993,17.3852272820677,353.497127252308,4.24394837468432,0.0537531169484682,3334.09656099592,1.88914996218752,7.99493889677847e-56,0.991727007994567,6.15643344621146,328.475795250359,0.995166532302992,4.79892504264871,353.636865061079,TRUE,4.23491422889512,0.053927798043062,6.74820794891118,"2023-08-24 12:25:08","2023-08-24 12:26:01","1-Aug-GWI-TR","COMPASS","Synoptic","CB"
"28",1,"Aug","GWI","TR","2","1-Aug-GWI-TR-2","2023-08-24 12:21:42.5",241.105594449556,0.60107641603096,5.0284400982619e-29,0.911345634353109,2.17457943602701,218.33341117761,0.446264206726775,0.0153771980409092,18528.8208732167,0.540430671683336,8.5663585426864e-34,0.941849284716285,1.76117594108686,202.223905470018,0.95992951911454,1.49091938105878,218.476958458797,TRUE,0.451648668990105,0.0155360809191195,2.02300444084706,"2023-08-24 12:21:16","2023-08-24 12:22:09","1-Aug-GWI-TR","2023-08-24 12:21:42.5",517.22243553165,7.30201041443456,6.29035820061502e-32,0.931414824095211,28.0355318555892,371.293342138255,6.7246393301056,0.0633820959012945,3354.00479802139,2.22755983043897,1.86352076098961e-62,0.995401704008199,7.25925634176328,354.124597030589,0.996892955353331,6.08532934321883,371.462438078234,TRUE,6.69907517058593,0.0688966982062007,7.16401631959471,"2023-08-24 12:21:16","2023-08-24 12:22:09","1-Aug-GWI-TR","COMPASS","Synoptic","CB"
"29",1,"Aug","GWI","TR","3","1-Aug-GWI-TR-3","2023-08-24 12:17:36.5",NA,NA,NA,NA,NA,193.676711126066,0.308879240052301,0.012238454309787,19007.5323251175,0.430119717871108,7.6030488707751e-31,0.924525870390836,1.40169042689999,188.516389861415,0.936301923596327,1.31320606236494,193.861257476481,TRUE,0.309124798066437,0.0114436816778313,1.41707033314894,"2023-08-24 12:17:10","2023-08-24 12:18:03","1-Aug-GWI-TR","2023-08-24 12:17:36.5",520.811545905763,7.262290437835,3.10031364204582e-32,0.933253574759524,28.9828769032226,382.699833424523,7.04494493839806,0.0704425217237309,3420.62950304128,2.47569805818622,3.96504280776299e-61,0.994827912203113,8.06789859630292,363.750642373588,0.996618594617463,6.65262090603018,383.006803234901,TRUE,7.01632118931531,0.065032944636265,6.44794840162923,"2023-08-24 12:17:10","2023-08-24 12:18:03","1-Aug-GWI-TR","COMPASS","Synoptic","CB"
"30",1,"Aug","GWI","TR","4","1-Aug-GWI-TR-4","2023-08-24 12:13:45",249.128913457497,0.456006277882903,3.78269794664515e-28,0.899843422393647,2.24755948061718,222.976619999142,0.425275299766515,0.0150513994338615,19155.636233943,0.537653179470665,1.24968839910864e-33,0.937745022449117,1.77197869664355,187.995858934801,0.969354146046593,1.26738967995448,222.986949398278,TRUE,0.425738236880286,0.0154268973282215,2.05974420659242,"2023-08-24 12:13:18","2023-08-24 12:14:12","1-Aug-GWI-TR","2023-08-24 12:13:45",593.2949419289,41.5982127078785,1.13013767188591e-46,0.979941098892153,51.3480535066558,625.166638077898,22.0144886620751,0.58274160043013,3714.30180806127,20.8161955742279,5.31742980416393e-40,0.964192463597295,68.6052952184021,494.809200497188,0.996887905774962,20.6181470178219,625.381053249413,TRUE,21.7862269785784,0.559857261421362,84.1931925310117,"2023-08-24 12:13:18","2023-08-24 12:14:12","1-Aug-GWI-TR","COMPASS","Synoptic","CB"
"31",1,"Aug","GWI","TR","5","1-Aug-GWI-TR-5","2023-08-24 12:09:32.5",228.431736477471,0.85212804817347,1.0648296205093e-38,0.962324933394904,1.93379568231592,239.484278555294,0.612605722140073,0.0187038078241828,19097.7862777286,0.657344166249776,2.18919281114957e-36,0.953767860447282,2.14217806514738,185.17802728335,0.984295774384622,1.27323481241181,239.6517293041,TRUE,0.61279503667918,0.0206419687036646,2.19750948229696,"2023-08-24 12:09:06","2023-08-24 12:09:59","1-Aug-GWI-TR","2023-08-24 12:09:32.5",546.890672959032,10.2681047183066,7.7549512769832e-32,0.930861208601192,36.8987842234477,396.559240582389,8.81652716566386,0.0800879116247845,3451.39395491172,2.81468468819556,2.75737298084184e-63,0.995727494003717,9.17260106491556,361.853342926155,0.997913632205018,6.5367709875585,396.830037712045,TRUE,8.85730185996041,0.0776252505888975,6.97697797067254,"2023-08-24 12:09:06","2023-08-24 12:09:59","1-Aug-GWI-TR","COMPASS","Synoptic","CB"
"32",1,"Aug","GWI","UP","1","1-Aug-GWI-UP-1","2023-08-24 12:30:43.5",150.835882327359,-0.135936242627022,2.97031983114154e-13,0.64393640020238,0.942711120041067,156.030552994613,-0.0775597583228397,0.00863658671801534,18275.725177013,0.303532304692386,3.72226620948991e-12,0.607982308182135,0.989162570476956,154.830537771958,0.643971639229655,0.961332905056835,156.53415241632,TRUE,-0.080999075619402,0.00847749343291702,0.88285710516655,"2023-08-24 12:30:17","2023-08-24 12:31:10","1-Aug-GWI-UP","2023-08-24 12:30:43.5",502.645077310434,5.24537169963929,1.1974257354124e-29,0.916097833402525,24.4956894545064,328.721875900223,5.31557965071887,0.042734270219146,3295.19509689919,1.50189327710998,4.92591651054942e-66,0.996650364913187,4.8944266939684,329.72055443177,0.996831458512596,4.85455525196736,328.723602188007,TRUE,5.31695686911687,0.046821610661123,5.35403407586462,"2023-08-24 12:30:17","2023-08-24 12:31:10","1-Aug-GWI-UP","COMPASS","Synoptic","CB"
"33",1,"Aug","GWI","UP","2","1-Aug-GWI-UP-2","2023-08-24 12:34:46.5",NA,NA,NA,NA,NA,224.272899757587,0.0156390447867478,0.0162465573364772,18298.7826755791,0.57098425022138,0.340200094807946,0.0175074808596024,1.86074510000914,201.49527506725,0.401629102931708,1.48089463185519,224.612696345875,TRUE,0.0198277595177965,0.0130432268208858,1.28891483726393,"2023-08-24 12:34:20","2023-08-24 12:35:13","1-Aug-GWI-UP","2023-08-24 12:34:46.5",524.376606375395,8.13286294317546,4.82482410885549e-31,0.925832601730194,29.9555621892016,403.147099363097,6.89817719753363,0.0851252429968513,3359.75428443882,2.99172138692671,2.0862818459709e-56,0.992143558201087,9.74953496380691,399.834126271431,0.99313862143202,9.29166006498822,403.255082688275,TRUE,6.87444304991977,0.0841576964989026,7.87504031492403,"2023-08-24 12:34:20","2023-08-24 12:35:13","1-Aug-GWI-UP","COMPASS","Synoptic","CB"
"34",1,"Aug","GWI","UP","3","1-Aug-GWI-UP-3","2023-08-24 12:38:56.5",202.72635408535,-0.31797942452383,7.84953466887747e-07,0.377165856867586,1.52420345100909,205.255030546785,-0.0716620691708345,0.0136234101640369,18374.6559034795,0.478793905494419,2.75368882879174e-06,0.347306529134447,1.56031171300707,205.746313931753,0.388367648773997,1.54034721777855,205.379407407556,TRUE,-0.0762113142881663,0.0138123959233369,1.63004888039782,"2023-08-24 12:38:30","2023-08-24 12:39:23","1-Aug-GWI-UP","2023-08-24 12:38:56.5",525.565453657992,7.51189145668867,2.41649484144787e-32,0.933889388174499,30.2871299561915,363.218512079382,7.40435702843337,0.0588160323961595,3374.5307699411,2.06708581167014,2.64283081270548e-66,0.99672962573688,6.73629753162604,327.066099742145,0.998445208830482,4.73669297303616,364.302538089748,TRUE,7.350704380271,0.0500137930659326,5.80018579518422,"2023-08-24 12:38:30","2023-08-24 12:39:23","1-Aug-GWI-UP","COMPASS","Synoptic","CB"
"35",1,"Aug","GWI","UP","4","1-Aug-GWI-UP-4","2023-08-24 12:43:05.5",204.030622389021,-0.703811725309934,5.17948602878075e-21,0.820095133967936,1.54272217913063,232.349491823084,-0.19105733451368,0.0175081115377186,18355.6164972435,0.615321494401239,4.6752915223809e-15,0.696053500580171,2.00523299056583,199.230300264287,0.847149661810363,1.4501607280463,232.991239373765,TRUE,-0.177812134740794,0.0165612149141127,1.36644562485587,"2023-08-24 12:42:39","2023-08-24 12:43:32","1-Aug-GWI-UP","2023-08-24 12:43:05.5",507.043958017743,5.81774291279507,3.36194409577389e-31,0.926854498316823,25.5140055427218,362.686850117397,5.92463823777516,0.0585272045739214,3376.12903684907,2.05693497576638,2.11850773208134e-61,0.994951097690408,6.70321760313134,342.405307098846,0.996779577213232,5.45956384635039,362.813620108039,TRUE,5.90564458839858,0.0610595225433219,7.31802336316705,"2023-08-24 12:42:39","2023-08-24 12:43:32","1-Aug-GWI-UP","COMPASS","Synoptic","CB"
"36",1,"Aug","GWI","UP","5a","1-Aug-GWI-UP-5a","2023-08-24 12:49:55.5",160.995077016978,-0.0640930927189236,0.15701804226388,0.0381382578850401,1.03569348151436,161.664554311757,-0.0107497068919566,0.00909908744602761,18551.17551961,0.319786864100982,0.242816909027657,0.0261391306763725,1.04213354430089,163.519143328239,0.0640719388520336,1.04186829261372,161.755334138483,TRUE,-0.0117382412308854,0.0103220923517141,1.07201599636322,"2023-08-24 12:49:29","2023-08-24 12:50:22","1-Aug-GWI-UP","2023-08-24 12:49:55.5",562.542434227118,10.1610903125333,4.68132369160958e-31,0.925918554110815,42.6532007525487,368.499825138847,9.85666784384768,0.0617636821587386,3314.20115570354,2.17068077980672,1.20085727795265e-71,0.99796237796604,7.07389673733269,357.023108136069,0.998470137919487,6.2508591265481,368.840454695456,TRUE,9.83102514471851,0.0640969820079104,7.85972421133443,"2023-08-24 12:49:29","2023-08-24 12:50:22","1-Aug-GWI-UP","COMPASS","Synoptic","CB"
"37",1,"Aug","MSM","TR","1","1-Aug-MSM-TR-1","2023-08-17 12:09:01.5",253.457356059902,-0.655716497199163,7.05221825592056e-30,0.917786194470908,2.4380619627942,224.898341139944,-0.522234052878083,0.0163409161211322,17845.8237189147,0.574300483857356,7.39542566401634e-36,0.951553863567128,1.87155216778068,208.35131088621,0.966886136501266,1.57795262417901,224.947399528765,TRUE,-0.525638224223806,0.0165080308494211,1.97384811821843,"2023-08-17 12:08:35","2023-08-17 12:09:28","1-Aug-MSM-TR","2023-08-17 12:09:01.5",486.869668795307,5.29053242955502,6.31174517045614e-30,0.918135640312385,21.1666867082518,351.31904071183,4.64229106941559,0.0526799109826183,3332.65936602438,1.85143220506194,2.75063060580461e-58,0.993348336916565,6.03351739077291,348.565841794178,0.994130275659999,5.78004167499498,351.48023392974,TRUE,4.6215794108866,0.0526154565884257,6.18945217451886,"2023-08-17 12:08:35","2023-08-17 12:09:28","1-Aug-MSM-TR","COMPASS","Synoptic","CB"
"38",1,"Aug","MSM","TR","2","1-Aug-MSM-TR-2","2023-08-17 12:31:11.5",NA,NA,NA,NA,NA,178.132605406252,-0.0254649230087528,0.0105979022693631,17798.6167860876,0.372462618132971,0.0198727442165782,0.0999345501448131,1.2137952865754,180.605467689004,0.125032139658915,1.22045317384321,178.206664026045,TRUE,-0.0256223463698287,0.0107676201312287,1.4020676295178,"2023-08-17 12:30:45","2023-08-17 12:31:38","1-Aug-MSM-TR","2023-08-17 12:31:11.5",500.476399591011,5.57756970214979,5.97949966518929e-31,0.925218925288498,24.0087131453503,385.959488487632,5.50291210694871,0.0726010274482947,3334.09147450999,2.55155860803769,6.55071221277731e-55,0.991030039234093,8.3151158292921,356.843449560996,0.995142026760536,6.24046943315791,385.973951300918,TRUE,5.50274728642142,0.0766328923945088,9.94154450880258,"2023-08-17 12:30:45","2023-08-17 12:31:38","1-Aug-MSM-TR","COMPASS","Synoptic","CB"
"39",1,"Aug","MSM","TR","3","1-Aug-MSM-TR-3","2023-08-17 12:20:36.5",223.3016863565,-0.502764770414964,8.38428870089128e-31,0.924241836978407,1.84408695974538,218.023541720306,-0.407086553692339,0.0153331416068717,17826.047938109,0.538882311040813,6.57953860639134e-32,0.931296318761117,1.75613008478258,202.622167979763,0.952032769341218,1.49642746858464,218.052926728494,TRUE,-0.405109746555447,0.016106095157435,1.53294052022135,"2023-08-17 12:20:10","2023-08-17 12:21:03","1-Aug-MSM-TR","2023-08-17 12:20:36.5",514.287210911258,9.58210089984658,2.5649597773654e-35,0.949182550679749,27.2838429806883,419.591446322875,7.58675669664723,0.0991254372362796,3376.32241245428,3.48375734538823,3.96915891543945e-55,0.991201207325381,11.3530003805511,361.075126293269,0.997235375320914,6.48983820939269,419.614069734209,TRUE,7.58070408432739,0.0994659191484221,13.287882768799,"2023-08-17 12:20:10","2023-08-17 12:21:03","1-Aug-MSM-TR","COMPASS","Synoptic","CB"
"40",1,"Aug","MSM","TR","4","1-Aug-MSM-TR-4","2023-08-17 12:25:59.5",NA,NA,NA,NA,NA,211.188343622672,0.392145832182326,0.0143927949773236,17855.9209223362,0.505833887051612,1.87007975797155e-32,0.934537139319792,1.6484306290146,203.718257713586,0.947064511661725,1.51169200828749,212.13850945112,TRUE,0.400401679553177,0.0121329907737637,1.22359253783736,"2023-08-17 12:25:33","2023-08-17 12:26:26","1-Aug-MSM-TR","2023-08-17 12:25:59.5",441.612598544889,2.73763662788766,3.21942540641467e-27,0.895998678976892,13.9207650977342,303.740071777033,2.70679222035786,0.033909261526401,3325.87558739072,1.19173889379884,4.53690598984113e-56,0.991905307005708,3.88368384288486,301.762680118137,0.992753517179602,3.74734760636028,303.785527518248,TRUE,2.69969679497227,0.0374966395164965,3.58588873193088,"2023-08-17 12:25:33","2023-08-17 12:26:26","1-Aug-MSM-TR","COMPASS","Synoptic","CB"
"41",1,"Aug","MSM","TR","5","1-Aug-MSM-TR-5","2023-08-17 12:15:01.5",NA,NA,NA,NA,NA,197.163246385496,0.385608458753935,0.0126399915614719,17899.0786961802,0.444231719684222,7.35530859869883e-35,0.947083388461195,1.4476791528848,201.111709358084,0.947133867422025,1.47564451221871,197.434619653046,TRUE,0.383527673795816,0.0113284966303934,1.15617467092173,"2023-08-17 12:14:35","2023-08-17 12:15:28","1-Aug-MSM-TR","2023-08-17 12:15:01.5",NA,NA,NA,NA,NA,324.489243060939,8.75918468288733,0.0410918635509908,3391.58289294903,1.44417099659522,3.56823621081742e-78,0.998856882382578,4.70631914006032,324.994778514052,0.998928513458443,4.64671401771295,324.578340168332,TRUE,8.74724064042873,0.0410397517754307,4.02263485098098,"2023-08-17 12:14:35","2023-08-17 12:15:28","1-Aug-MSM-TR","COMPASS","Synoptic","CB"
"42",1,"Aug","MSM","UP","1","1-Aug-MSM-UP-1","2023-08-17 12:38:51.5",266.573006047099,-1.11777878653842,1.31192256131291e-27,0.899521005818694,2.75287177810431,290.745306811902,-0.50197733619708,0.0300651375815323,17903.8183330181,1.05663739611165,1.53462796995305e-22,0.842789779799565,3.44340996540423,261.213496149949,0.915510739198758,2.57433919438053,290.74702166208,TRUE,-0.500769886063806,0.031667204835028,4.10659695685252,"2023-08-17 12:38:25","2023-08-17 12:39:18","1-Aug-MSM-UP","2023-08-17 12:38:51.5",NA,NA,NA,NA,NA,453.430137683977,9.79093449277762,0.135599719539375,3423.29135729079,4.76564373533969,7.99002548608273e-54,0.990124424574087,15.5304602981333,434.586245911365,0.993530948181938,12.8185855792269,455.150699143051,TRUE,9.93119801900154,0.124245789584987,14.3547612961223,"2023-08-17 12:38:25","2023-08-17 12:39:18","1-Aug-MSM-UP","COMPASS","Synoptic","CB"
"43",1,"Aug","MSM","UP","2","1-Aug-MSM-UP-2","2023-08-17 12:43:21.5",NA,NA,NA,NA,NA,163.351149431388,0.0503074447064666,0.00924229978639649,17708.6047538496,0.324820052923353,1.43553730128612e-06,0.362964795487769,1.05853589066161,163.911926466161,0.402272116552357,1.04566434222042,163.385473045932,TRUE,0.0492851237928229,0.0100215219033651,1.13051915305668,"2023-08-17 12:42:55","2023-08-17 12:43:48","1-Aug-MSM-UP","2023-08-17 12:43:21.5",NA,NA,NA,NA,NA,365.454956205872,6.96981940695576,0.060046682028817,3402.06385355916,2.11033691670336,1.77482444564981e-64,0.996155274295384,6.87724587079536,328.625012709447,0.998194942950849,4.80556002704669,366.054764203816,TRUE,7.01211918229898,0.0536073871630947,5.47852647703832,"2023-08-17 12:42:55","2023-08-17 12:43:48","1-Aug-MSM-UP","COMPASS","Synoptic","CB"
"44",1,"Aug","MSM","UP","3","1-Aug-MSM-UP-3","2023-08-17 12:47:41.5",186.452640904387,-0.275196832340664,7.01895412919239e-18,0.762902062813211,1.31099896713813,165.624677000674,-0.155252504609553,0.00943892343275102,17723.0968123659,0.331730378782818,2.96066753034964e-22,0.838779941035036,1.08105552229327,169.593581338011,0.83887275217239,1.10214726167371,165.759499094113,TRUE,-0.156296557874401,0.00989637927557164,0.950747002055403,"2023-08-17 12:47:15","2023-08-17 12:48:08","1-Aug-MSM-UP","2023-08-17 12:47:41.5",NA,NA,NA,NA,NA,363.441154357469,5.82062321106653,0.0589374068622914,3373.80445763812,2.07135150975651,7.60200322580407e-61,0.994696810539056,6.75019875010844,360.800581711991,0.99531045830938,6.47336147646113,363.624161276671,TRUE,5.84402510732325,0.05691002042483,6.88301798657408,"2023-08-17 12:47:15","2023-08-17 12:48:08","1-Aug-MSM-UP","COMPASS","Synoptic","CB"
"45",1,"Aug","MSM","UP","4","1-Aug-MSM-UP-4","2023-08-17 12:52:26.5",221.06138738212,-0.497601877649089,3.91477153113078e-30,0.919623466256601,1.80622814511265,165.781640803093,-0.395295042043095,0.00945265164078462,17708.6952933403,0.33221285580294,1.05215071955635e-41,0.971123640384141,1.08262783667972,160.643428355365,0.975619171711893,1.01449255960884,165.781680162525,TRUE,-0.395325330403774,0.00962536736823756,1.38937040925717,"2023-08-17 12:52:00","2023-08-17 12:52:53","1-Aug-MSM-UP","2023-08-17 12:52:26.5",NA,NA,NA,NA,NA,350.381268967911,6.53068854214708,0.0522244677230272,3377.65495061533,1.83542567994341,3.73876505261743e-66,0.996685701107546,5.98135472048746,339.641906860057,0.997477387790677,5.32164180495505,350.3974591356,TRUE,6.53401815678189,0.0566841168568975,6.32842221337625,"2023-08-17 12:52:00","2023-08-17 12:52:53","1-Aug-MSM-UP","COMPASS","Synoptic","CB"
"46",1,"Aug","MSM","UP","5","1-Aug-MSM-UP-5","2023-08-17 12:57:21.5",176.593965886995,-0.35442649191773,2.45537970855951e-26,0.887565579151997,1.19662535266373,160.339864015406,-0.215139230808411,0.00898816288761005,17714.2946638577,0.315888427373283,9.65072968625234e-30,0.916789941215599,1.02942917104374,157.216511213409,0.927073338542547,0.982807341805931,160.346665722929,TRUE,-0.215625553547952,0.00989099555182823,1.09453966871972,"2023-08-17 12:56:55","2023-08-17 12:57:48","1-Aug-MSM-UP","2023-08-17 12:57:21.5",NA,NA,NA,NA,NA,379.452162338322,6.931098238023,0.0683557751928855,3356.3750156381,2.40235948074855,1.94370848553773e-61,0.99496779085681,7.82890006253272,332.867951310187,0.998027869495975,4.99811106997658,380.376353375308,TRUE,6.98149179733945,0.0681284526434022,7.20199707002201,"2023-08-17 12:56:55","2023-08-17 12:57:48","1-Aug-MSM-UP","COMPASS","Synoptic","CB"
"47",1,"Aug","SWH","TR","1","1-Aug-SWH-TR-1","2023-08-23 12:29:27",NA,NA,NA,NA,NA,832.899675625714,393.508116593358,11.5257167145826,32411.2374328049,371.871851263288,7.91131739458574e-35,0.96124219466854,1140.9877425683,693.236381349397,0.997934384595749,269.196118939982,832.901135015214,TRUE,393.136591584321,11.7089512329401,1651.23456795086,"2023-08-23 12:29:03","2023-08-23 12:29:51","1-Aug-SWH-TR","2023-08-23 12:29:27",NA,NA,NA,NA,NA,529.37940181872,23.2057864636566,0.52070850960247,3203.9720562175,16.8004161675625,4.17802542616434e-40,0.976882703403651,51.5475125426026,414.134455528348,0.997972079720009,15.6029710141075,529.45381690599,TRUE,23.1243406672844,0.536516104200527,59.1218445506018,"2023-08-23 12:29:03","2023-08-23 12:29:51","1-Aug-SWH-TR","COMPASS","Synoptic","CB"
"48",1,"Aug","SWH","TR","3","1-Aug-SWH-TR-3","2023-08-23 11:58:23",502.504886170807,13.1374507608108,1.05149476642561e-30,0.941970264625505,39.184223517295,368.893299980855,11.2433513570848,0.101248421788988,20693.5569640934,3.26673290525351,1.51703279950095e-58,0.996203086526222,10.0230823884001,310.006350246345,0.998947907166176,5.39207163634203,368.925765024596,TRUE,11.2257148970567,0.114047587346612,9.09473395364537,"2023-08-23 11:57:59","2023-08-23 11:58:47","1-Aug-SWH-TR","2023-08-23 11:58:23",452.13641950224,5.70191776758514,1.16953763705149e-28,0.929107271967517,23.4368661452602,312.073903535055,6.08344780903404,0.0567007455084754,3486.62796620455,1.82942299575762,7.59934389816041e-58,0.995933636266508,5.61308743063259,307.768312117982,0.996567642637259,5.27032766127075,312.146196795155,TRUE,6.08050719619983,0.060227002250224,5.04762385511902,"2023-08-23 11:57:59","2023-08-23 11:58:47","1-Aug-SWH-TR","COMPASS","Synoptic","CB"
"49",1,"Aug","SWH","TR","4","1-Aug-SWH-TR-4","2023-08-23 12:08:26.5",608.685905915484,20.9112005834317,3.9178029590171e-35,0.948348698368528,65.3891724285184,509.937548640994,18.0398220367001,0.228817347318432,20211.9181067173,8.04177148366804,8.60904172824896e-56,0.991703430522636,26.2068294840477,439.776596625279,0.997898836686564,13.4496746892023,518.230219268024,TRUE,17.4770784706798,0.141669844867969,14.7745375384445,"2023-08-23 12:08:00","2023-08-23 12:08:53","1-Aug-SWH-TR","2023-08-23 12:08:26.5",NA,NA,NA,NA,NA,412.091456488075,9.50403213095828,0.0924753146803117,3181.54434254987,3.25003920050013,9.67481431179449e-62,0.995101012227096,10.5913508381773,377.511417313324,0.997602123780821,7.55663118936334,414.451811175224,TRUE,9.3913371193063,0.0799941488979607,8.65280344668447,"2023-08-23 12:08:00","2023-08-23 12:08:53","1-Aug-SWH-TR","COMPASS","Synoptic","CB"
"50",1,"Aug","SWH","TR","6","1-Aug-SWH-TR-6","2023-08-23 12:25:04",NA,NA,NA,NA,NA,930.557379292419,8082.60143354782,142.090806172781,47114.4638955353,4093.59642307709,1.23333405986495e-40,0.987487471475511,11562.7348430489,923.007701694607,0.990434783178233,10365.6146737464,936.012033182776,TRUE,7764.55235618668,92.2448905389415,4984.90515354801,"2023-08-23 12:24:43","2023-08-23 12:25:25","1-Aug-SWH-TR","2023-08-23 12:25:04",345.324781302041,3.10916948536768,1.02455662907157e-22,0.906544857289773,12.8136688899711,273.650194574891,3.2689085403719,0.0684268968436583,3208.12138798372,1.9713597783438,1.42533363358197e-37,0.982351854448691,5.56828471628058,270.285774880362,0.985129711888263,5.24072306992009,273.854967170754,TRUE,3.29781323288233,0.0704499754369987,4.97811003921823,"2023-08-23 12:24:43","2023-08-23 12:25:25","1-Aug-SWH-TR","COMPASS","Synoptic","CB"
"51",1,"Aug","SWH","TR","7","1-Aug-SWH-TR-7","2023-08-23 12:38:33.5",NA,NA,NA,NA,NA,923.950971780294,625.182639572276,10.5764138987982,26609.6690131159,371.707410681857,2.33055274592293e-49,0.985336056595166,1211.33418793108,868.025743185506,0.995166043924779,709.261859431259,924.613712521987,TRUE,620.922950889447,9.26673469057924,1109.26909778782,"2023-08-23 12:38:07","2023-08-23 12:39:00","1-Aug-SWH-TR","2023-08-23 12:38:33.5",380.542057076776,1.21201563581658,4.94516605326971e-25,0.873837365980716,7.90830632585975,321.191544200362,1.37204767635526,0.0398561166804462,3220.58905791465,1.40074074945252,1.83885990211079e-37,0.957965603430506,4.56478700579981,324.117438041921,0.958793442996278,4.6091192377987,321.328354693808,TRUE,1.35781185625759,0.042128793958039,4.34832891303932,"2023-08-23 12:38:07","2023-08-23 12:39:00","1-Aug-SWH-TR","COMPASS","Synoptic","CB"
"52",1,"Aug","SWH","TR","8","1-Aug-SWH-TR-8","2023-08-23 11:52:41.5",894.911189119068,247.090267915301,4.42400363940902e-32,0.932335798978014,925.737566800821,685.424344410058,223.913728135458,1.16188830988618,40021.9167528734,40.8344926079704,6.71091334490145e-76,0.998601820213092,133.072991071436,611.177513652634,0.999671705479754,65.7592566769716,691.199987843904,TRUE,221.508853336306,0.674928019501745,77.4913350723676,"2023-08-23 11:52:15","2023-08-23 11:53:08","1-Aug-SWH-TR","2023-08-23 11:52:41.5",NA,NA,NA,NA,NA,310.179633338787,1.35743357664711,0.0359926139178944,3277.67617018513,1.26495818441944,1.91305350074436e-39,0.964730527373559,4.12229364025774,313.697294813697,0.965044158385507,4.18519783982778,310.522750103938,TRUE,1.37658595129137,0.0324876358583758,3.21077700382934,"2023-08-23 11:52:15","2023-08-23 11:53:08","1-Aug-SWH-TR","COMPASS","Synoptic","CB"
"53",1,"Aug","SWH","TR","9","1-Aug-SWH-TR-9","2023-08-23 12:52:44.5",NA,NA,NA,NA,NA,708.529331609748,-68.3321533181206,8.61958154658334,385426.068140941,253.289597386047,7.06540779893731e-10,0.59941258595971,726.043066863825,694.339933736147,0.735051200271496,605.04734598183,709.409893399618,TRUE,-75.4939629249932,8.1256470721471,610.221025691521,"2023-08-23 12:52:23","2023-08-23 12:53:06","1-Aug-SWH-TR","2023-08-23 12:52:44.5",397.804513726633,4.34587060510129,8.37374568328134e-16,0.789542072962223,21.2561336108765,381.553124948127,3.29545193099901,0.209799666412694,3469.45955058749,6.16504093037581,3.45250237973166e-19,0.854534925990548,17.6718083593813,383.761886685878,0.860337882919721,17.7433486824928,381.553124948127,TRUE,3.29545193099901,0.209799666412694,23.0761191967553,"2023-08-23 12:52:23","2023-08-23 12:53:06","1-Aug-SWH-TR","COMPASS","Synoptic","CB"
"54",1,"Aug","SWH","SWAMP","1a","1-Aug-SWH-SWAMP-1a","2023-08-23 14:03:17.5",NA,NA,NA,NA,NA,180.651819482118,7.10710767129528,0.0301763310767961,24318.3565637431,0.817271764560344,9.60648756906037e-62,0.999315405727872,2.20307884610984,173.555931750865,0.999481246319719,1.97030996203985,180.731611670726,TRUE,7.10331219104788,0.0318387487425277,2.32518107346966,"2023-08-23 14:02:58","2023-08-23 14:03:37","1-Aug-SWH-UP","2023-08-23 14:03:17.5",NA,NA,NA,NA,NA,244.023398218569,3.65693885504543,0.0666331773638841,3984.59030165643,1.80464001086993,8.43295709034037e-38,0.987540966170837,4.86467831778057,239.931003861899,0.989822940592347,4.51714100589148,244.045415450028,TRUE,3.66489874908723,0.0694455410347478,5.09437951347274,"2023-08-23 14:02:58","2023-08-23 14:03:37","1-Aug-SWH-UP","COMPASS","Synoptic","CB"
"55",1,"Aug","SWH","SWAMP","2","1-Aug-SWH-SWAMP-2","2023-08-23 13:56:04.5",NA,NA,NA,NA,NA,325.339591143227,0.555104546361984,0.141331197120996,36278.2600546197,3.99036481871404,0.00033040293421661,0.278326362135086,11.1019231293098,253.161975662851,0.882337511157365,4.59922872349471,328.493828159763,TRUE,0.742088594897108,0.0973877389771721,7.48646459032069,"2023-08-23 13:55:44","2023-08-23 13:56:25","1-Aug-SWH-UP","2023-08-23 13:56:04.5",373.164532390732,6.9994421658042,1.11043257398694e-25,0.937382296467093,19.6183016236309,270.030646487536,6.29524547933724,0.0731612737916091,3598.88613025396,2.06564565345334,5.06353758885382e-47,0.994626500726042,5.74700316860309,265.899183503665,0.995572331849264,5.35227683658723,270.102502422042,TRUE,6.28003253236812,0.074153788336787,5.07105252946224,"2023-08-23 13:55:44","2023-08-23 13:56:25","1-Aug-SWH-UP","COMPASS","Synoptic","CB"
"56",1,"Aug","SWH","SWAMP","3","1-Aug-SWH-SWAMP-3","2023-08-23 13:40:03.5",554.959124524165,10.667482748861,3.12220068245983e-32,0.933235536576421,39.7609982153059,387.002295238064,9.67416205697496,0.0733054304907627,18549.6800744293,2.57631480928866,2.29130275169127e-67,0.997023169032739,8.39579227554209,349.618024150073,0.99861668345363,5.83662852100324,391.749673899328,TRUE,9.5314780730623,0.0508142669869418,5.62926386498873,"2023-08-23 13:39:37","2023-08-23 13:40:30","1-Aug-SWH-UP","2023-08-23 13:40:03.5",574.702687015288,14.3148287189307,6.32122194917497e-34,0.942524326084369,47.7365451997356,445.284492551405,12.5039164090799,0.125748598915667,3478.28357948304,4.419426711839,5.34040146885069e-61,0.994768340325389,14.4021951493681,374.534750486049,0.998689414370883,7.35120136672466,453.273247172881,TRUE,12.1922954146047,0.0744366741213084,9.10582152664028,"2023-08-23 13:39:37","2023-08-23 13:40:30","1-Aug-SWH-UP","COMPASS","Synoptic","CB"
"57",1,"Aug","SWH","SWAMP","4","1-Aug-SWH-SWAMP-4","2023-08-23 13:44:12.5",NA,NA,NA,NA,NA,387.488719612124,4.31749653171492,0.0736363376053139,17894.9357857275,2.58794451931164,3.53416502487991e-49,0.985099399749483,8.4336916150272,387.111713691355,0.986259525337786,8.2591123174371,387.880290772699,TRUE,4.2823084401444,0.0708366998793815,9.30642993225221,"2023-08-23 13:43:46","2023-08-23 13:44:39","1-Aug-SWH-UP","2023-08-23 13:44:12.5",NA,NA,NA,NA,NA,460.719620034396,10.1720218807136,0.145067987836184,3491.10547354272,5.09840543755027,3.61313645263825e-53,0.989534430727245,16.6148767362732,402.178528400201,0.996713173897688,9.49556319811311,462.131898223204,TRUE,10.3134898571312,0.132333545905548,15.2369218962877,"2023-08-23 13:43:46","2023-08-23 13:44:39","1-Aug-SWH-UP","COMPASS","Synoptic","CB"
"58",1,"Aug","SWH","SWAMP","5","1-Aug-SWH-SWAMP-5","2023-08-23 13:51:00.5",NA,NA,NA,NA,NA,439.711783261481,6.82647752384711,0.119424635482751,18315.0820902952,4.19717140910704,1.29899536950117e-48,0.984334631047966,13.677901151155,408.882023400629,0.991780931152296,10.1036228332025,439.959955840901,TRUE,6.83912178911748,0.126616983475528,12.468640577796,"2023-08-23 13:50:34","2023-08-23 13:51:27","1-Aug-SWH-UP","2023-08-23 13:51:00.5",514.182635007227,6.5848641934373,3.70214715308947e-30,0.919795640239145,27.2574369473094,390.610383787042,6.03515457376559,0.0757958028145759,3678.82702781218,2.66383879019334,5.16607859766725e-56,0.991864779447107,8.68101873938681,392.499335222053,0.992176677316033,8.68157096180006,391.063421071254,TRUE,5.98714421212791,0.0630996797256134,6.43160659616653,"2023-08-23 13:50:34","2023-08-23 13:51:27","1-Aug-SWH-UP","COMPASS","Synoptic","CB"
"59",1,"Aug","SWH","UP","1","1-Aug-SWH-UP-1","2023-08-23 14:08:36.5",NA,NA,NA,NA,NA,281.490498693907,2.95059691173292,0.027596076666599,17905.065997018,0.969862403350639,1.24850260620045e-62,0.995471990731295,3.16062433248919,260.425463039991,0.997153429145347,2.55562362669425,281.564790654832,TRUE,2.95403341304131,0.0237264641807771,1.982804838507,"2023-08-23 14:08:10","2023-08-23 14:09:03","1-Aug-SWH-UPCON","2023-08-23 14:08:36.5",583.639244102718,21.248338499494,3.44843219905731e-37,0.956937523283481,51.8545741796196,505.211793911383,15.6536036324244,0.219020884239456,3614.10128587086,7.69747539618789,1.35204083471014e-53,0.989922635003879,25.0848243543394,438.146646781207,0.997297247829656,13.2482145299154,511.957687311963,TRUE,15.1724027302624,0.138271665410901,13.1011072137256,"2023-08-23 14:08:10","2023-08-23 14:09:03","1-Aug-SWH-UPCON","COMPASS","Synoptic","CB"
"60",1,"Aug","SWH","UP","2","1-Aug-SWH-UP-2","2023-08-23 14:12:25.5",429.345535596983,3.66288635085575,1.0827040573712e-33,0.941323710853847,12.4260826268087,321.984306919255,3.21682270382059,0.0401497527256809,17976.4339702738,1.41106057005537,3.74820267151066e-56,0.991964535468534,4.59841762803199,292.75515377784,0.995657239858739,3.44748597697344,322.007584824609,TRUE,3.21197046337982,0.0417406540056068,4.61879085232061,"2023-08-23 14:11:59","2023-08-23 14:12:52","1-Aug-SWH-UPCON","2023-08-23 14:12:25.5",557.156582067625,9.52704173973494,1.01646738810099e-30,0.923679538698729,40.5782949535146,352.065977152428,9.24012020126913,0.0530455121700064,3428.56778884633,1.86428123612357,1.27483644955537e-73,0.998289190062004,6.07539029983917,341.21739893671,0.99870048224797,5.39984233162039,352.198653068828,TRUE,9.22506359106916,0.0570307466893872,5.72913103465147,"2023-08-23 14:11:59","2023-08-23 14:12:52","1-Aug-SWH-UPCON","COMPASS","Synoptic","CB"
"61",1,"Aug","SWH","UP","3","1-Aug-SWH-UP-3","2023-08-23 14:16:12.5",395.808992274888,1.98008398066824,6.91186534793841e-31,0.924801619915259,9.10910216791725,226.786197330633,2.08800942088703,0.0166290689245705,18133.9824036815,0.584427596267258,3.02336301113149e-66,0.996712662616877,1.90455478525509,219.249851447373,0.997345007323803,1.74549923950876,226.798982806709,TRUE,2.08841498696155,0.0177805551563829,2.33265736591695,"2023-08-23 14:15:46","2023-08-23 14:16:39","1-Aug-SWH-UPCON","2023-08-23 14:16:12.5",NA,NA,NA,NA,NA,370.206070578006,10.3584312625083,0.0627472086442999,3416.14468664344,2.20524675715814,2.07220551021594e-72,0.998095520533739,7.18654165347308,352.837038409258,0.998717917245839,6.01321176724135,370.353682335855,TRUE,10.3802315076462,0.0675470401453363,7.51048763651909,"2023-08-23 14:15:46","2023-08-23 14:16:39","1-Aug-SWH-UPCON","COMPASS","Synoptic","CB"
"62",1,"Aug","SWH","UP","4","1-Aug-SWH-UP-4","2023-08-23 14:19:47.5",441.980459553051,3.51796680915251,2.04445238044371e-31,0.928238521200676,13.9682617440859,281.281518131988,3.27700127524731,0.0275427297445992,17952.7141340079,0.967987529084737,4.93038733100823e-65,0.996340079219535,3.15451442122271,266.332447500343,0.997423240022388,2.69929485835665,281.496000933009,TRUE,3.27663243536419,0.0281473473258349,3.16133082616506,"2023-08-23 14:19:21","2023-08-23 14:20:14","1-Aug-SWH-UPCON","2023-08-23 14:19:47.5",516.553809587804,9.06124948571872,6.22633506110121e-32,0.931441768125635,27.8625005809535,391.893802152109,6.67700097729366,0.0767018956089242,3492.04350790149,2.69568336526835,5.17404783154578e-58,0.993184735824162,8.78479504671881,383.638401855574,0.99456851286155,7.99772254567335,392.739993678372,TRUE,6.61559836679942,0.0606652148202844,6.88839427465216,"2023-08-23 14:19:21","2023-08-23 14:20:14","1-Aug-SWH-UPCON","COMPASS","Synoptic","CB"
"63",1,"Aug","SWH","UP","5a","1-Aug-SWH-UP-5a","2023-08-23 14:25:29.5",NA,NA,NA,NA,NA,186.003236540173,0.835167132227044,0.0113990759673503,17943.5702292639,0.40061981807189,3.76791159359522e-54,0.990405794352171,1.3055550361587,179.977459679212,0.992031495743896,1.21337696774791,186.056889031036,TRUE,0.837137143898183,0.0115000947086342,1.21894974700195,"2023-08-23 14:25:03","2023-08-23 14:25:56","1-Aug-SWH-UPCON","2023-08-23 14:25:29.5",627.283429244021,18.792063344563,2.82554348810293e-31,0.927341165085725,77.6767492886357,417.150772215473,18.1301157851965,0.0969104403435373,4099.19199397883,3.40591141693387,3.13273271757874e-75,0.99851646242154,11.0993131205768,387.984654721227,0.999197286864337,8.32613948394908,417.411705835248,TRUE,18.1558649538556,0.101325393445914,10.4770228603006,"2023-08-23 14:25:03","2023-08-23 14:25:56","1-Aug-SWH-UPCON","COMPASS","Synoptic","CB"
"64",1,"Jul","GCW","TR","1","1-Jul-GCW-TR-1","2023-07-11 10:21:38.5",817.156259475738,93.784263850033,2.62419248799988e-29,0.913531814099353,450.626004446212,648.197485913168,96.3032318261544,0.823125499806122,20705.899851073,28.9286946527225,1.1771348180521e-64,0.996215512873418,94.2739257761374,650.157203789704,0.996355834578831,94.3417194639259,648.480788761015,TRUE,96.5010386536582,0.903362795521838,89.0375564165255,"2023-07-11 10:21:12","2023-07-11 10:22:05","1-Jul-GCW-TR","2023-07-11 10:21:38.5",492.675568781554,7.76960366307181,2.18282860031158e-33,0.939721714721554,22.3357134466527,429.346088679657,5.67421786966133,0.108495299934561,4471.95955146485,3.81306058894022,1.22313754153495e-46,0.981343328983744,12.4261462626291,411.476859618314,0.987556255410726,10.3493148263005,429.367493405116,TRUE,5.67549701880076,0.111250179640215,15.391392286291,"2023-07-11 10:21:12","2023-07-11 10:22:05","1-Jul-GCW-TR","COMPASS","Synoptic","CB"
"65",1,"Jul","GCW","TR","2","1-Jul-GCW-TR-2","2023-07-11 10:25:40.5",624.54400506264,16.8588765255041,1.99121761439004e-30,0.921683120085265,75.7312536293909,511.690307638981,16.9554621189429,0.232561178863985,21433.6452295063,8.17334821119991,4.85156038771514e-54,0.990312078783484,26.6356167070494,505.321992772368,0.99200453869918,24.676632303662,511.807898256108,TRUE,16.9630759849717,0.0785285984173228,6.6450642172473,"2023-07-11 10:25:14","2023-07-11 10:26:07","1-Jul-GCW-TR","2023-07-11 10:25:40.5",NA,NA,NA,NA,NA,399.796090615055,9.72327587513437,0.0825245446726008,4335.28105260827,2.90032000557744,8.17653867537138e-65,0.996268180232511,9.45167268054116,401.979348189747,0.996391642763044,9.47806703796346,399.799851563787,TRUE,9.71837530199158,0.0762798335927788,10.2138356226694,"2023-07-11 10:25:14","2023-07-11 10:26:07","1-Jul-GCW-TR","COMPASS","Synoptic","CB"
"66",1,"Jul","GCW","TR","3","1-Jul-GCW-TR-3","2023-07-11 10:29:57.5",NA,NA,NA,NA,NA,144.188044836932,3.24346938592902,0.0528607120177595,24231.5128093096,1.12776401666394,2.14090086254194e-31,0.992617788285977,2.50601034148257,128.330325709499,0.996191827889294,1.86784242957706,144.361593055707,TRUE,3.24892213786769,0.0566387910547134,2.25706595680712,"2023-07-11 10:29:43","2023-07-11 10:30:12","1-Jul-GCW-TR","2023-07-11 10:29:57.5",NA,NA,NA,NA,NA,198.103834969256,4.59336412467846,0.129834022039489,4834.14447194334,2.76996151973314,8.70714442428446e-25,0.978119106733414,6.15514603355936,199.954379126768,0.979631995263731,6.16271980813224,198.136004868011,TRUE,4.5894052334114,0.143292754670867,4.9673637664152,"2023-07-11 10:29:43","2023-07-11 10:30:12","1-Jul-GCW-TR","COMPASS","Synoptic","CB"
"67",1,"Jul","GCW","TR","4","1-Jul-GCW-TR-4","2023-07-11 10:33:17.5",NA,NA,NA,NA,NA,725.934970434852,54.8771487713707,1.69070385430837,23325.0740217903,59.4196821274373,3.42880244787313e-36,0.952963848860482,193.639110570671,699.793152447394,0.97308362965158,149.383320187645,733.130692367751,TRUE,58.7153006773165,0.855683902348286,96.0770907158832,"2023-07-11 10:32:51","2023-07-11 10:33:44","1-Jul-GCW-TR","2023-07-11 10:33:17.5",563.774671896882,9.9956049966332,1.8715016195691e-29,0.914646809235123,43.1426439231306,403.13317035743,9.27736558645214,0.0851142649085784,4437.52801995734,2.99133556269506,4.60867826376471e-63,0.995642252863903,9.74827762518813,393.421183884156,0.996619480024785,8.75599084804352,403.317553954191,TRUE,9.24228946120935,0.0750314076782344,8.11750279985013,"2023-07-11 10:32:51","2023-07-11 10:33:44","1-Jul-GCW-TR","COMPASS","Synoptic","CB"
"68",1,"Jul","GCW","TR","5","1-Jul-GCW-TR-5","2023-07-11 10:36:53.5",407.08365837612,6.16218896702619,5.77819137725813e-42,0.971781307989795,10.1114577174755,388.684908792058,3.75161972730142,0.0744564541991192,19382.7463045221,2.61676746614953,8.18053237767412e-46,0.979929180165752,8.52762092581928,301.238185665605,0.996309325712713,3.72919299357486,395.556261778695,TRUE,3.58438686209612,0.044456547624697,4.87167741192626,"2023-07-11 10:36:27","2023-07-11 10:37:20","1-Jul-GCW-TR","2023-07-11 10:36:53.5",528.538519848443,12.2831470874406,6.11313949786622e-37,0.955979584264137,31.1324679148593,451.338497543367,9.29313170310466,0.132998821711633,4231.10483433953,4.67423534245256,4.3269482163095e-53,0.989461623725251,15.2325751654024,384.878612585583,0.997141746444983,8.0900932052191,453.250891961134,TRUE,9.1499271788901,0.122752787688641,12.0928927398257,"2023-07-11 10:36:27","2023-07-11 10:37:20","1-Jul-GCW-TR","COMPASS","Synoptic","CB"
"69",1,"Jul","GCW","UP","1","1-Jul-GCW-UP-1","2023-07-11 10:41:36.5",342.166305353564,-5.42723186857701,3.78353103831439e-51,0.987484765463313,5.54325906284282,402.191122707989,-3.0598586130648,0.084375070382788,18616.530992259,2.96535661691997,1.36408631174273e-38,0.961964598026734,9.66361645277286,242.029983994993,0.998180619115936,2.15538155829158,405.383293721775,TRUE,-2.93541991049507,0.0761690000339431,8.17789131841919,"2023-07-11 10:41:10","2023-07-11 10:42:03","1-Jul-GCW-UP","2023-07-11 10:41:36.5",553.819562903182,38.8920971729692,2.057627899363e-51,0.987774486699677,39.3436657948958,613.593637197347,21.9854031388744,0.597469163384184,4782.86316622596,20.998016701013,6.57223014911494e-39,0.96301722277091,68.4291321015791,426.828984612778,0.998919122109612,11.9301597026948,617.303959420376,TRUE,21.0187186251677,0.519526856583183,55.8765541891643,"2023-07-11 10:41:10","2023-07-11 10:42:03","1-Jul-GCW-UP","COMPASS","Synoptic","CB"
"70",1,"Jul","GCW","UP","2","1-Jul-GCW-UP-2","2023-07-11 10:49:08.5",262.702939521487,-1.10619564894441,9.30948759463957e-37,0.95526231016813,2.65597202932248,225.739586254185,-0.781640854556425,0.0164686975454133,18461.0795078905,0.578791354090615,1.71759335777228e-44,0.977437036533485,1.8861871857835,191.912107240296,0.988801264090515,1.35515162806153,229.573612832158,TRUE,-0.754000307101259,0.012801551811004,1.26166214791281,"2023-07-11 10:48:42","2023-07-11 10:49:35","1-Jul-GCW-UP","2023-07-11 10:49:08.5",598.21556603045,24.7826977608682,4.78205372402695e-37,0.956393051757229,59.3474464010619,525.18154173036,17.7925305243168,0.263504951609507,4478.7646576889,9.26086518567012,2.51714428556284e-52,0.988723346014878,30.1796582119379,472.241319293259,0.99607138869515,18.1660451963683,532.611668039693,TRUE,17.1741845561708,0.139913387466173,13.6144420529547,"2023-07-11 10:48:42","2023-07-11 10:49:35","1-Jul-GCW-UP","COMPASS","Synoptic","CB"
"71",1,"Jul","GCW","UP","3","1-Jul-GCW-UP-3","2023-07-11 10:53:45.5",288.866201944042,-3.33152843847025,1.54648040276965e-49,0.985565488561729,3.38401586600458,354.371175711067,-1.72981456171389,0.0541899082440611,18553.4812486885,1.90450096518785,7.83618194174075e-36,0.951445977857686,6.20645987619095,242.284098439053,0.994342871980166,2.16045895137397,355.883161765388,TRUE,-1.67394473496844,0.0528038137292299,5.72628308427152,"2023-07-11 10:53:19","2023-07-11 10:54:12","1-Jul-GCW-UP","2023-07-11 10:53:45.5",572.026535286753,45.4199042226565,3.61160362738744e-51,0.987507126034935,46.5682076312309,639.676853702156,25.652261638836,0.760680887656527,4920.30993203848,26.7340826306082,5.13353655252183e-37,0.95627403574778,87.122041000004,500.439775667277,0.996918539751814,23.5859458855674,641.476783698794,TRUE,24.7972646417594,0.699513087156078,86.3021159579847,"2023-07-11 10:53:19","2023-07-11 10:54:12","1-Jul-GCW-UP","COMPASS","Synoptic","CB"
"72",1,"Jul","GCW","UP","4","1-Jul-GCW-UP-4","2023-07-11 10:57:45.5",323.937568975629,-2.4456205920688,3.29952789334885e-42,0.972382611195887,4.68234011808635,332.722439660069,-1.74491424002569,0.0443469278871373,18374.3709387636,1.55857003085856,2.27227396599465e-40,0.967503629898118,5.07912704565274,262.454403202824,0.991786374796899,2.60408862451708,343.541282255439,TRUE,-1.61757974687585,0.0227834205977094,2.62318494966068,"2023-07-11 10:57:19","2023-07-11 10:58:12","1-Jul-GCW-UP","2023-07-11 10:57:45.5",553.048455286473,22.5539839609226,7.36742458618043e-44,0.976137917075893,39.063756979789,558.857756079807,15.7089737377212,0.359922582251987,4465.82048514927,12.649456836217,1.20961998230214e-42,0.973427672494924,41.2225290218462,458.143706598624,0.996178200861318,15.9430142010779,569.276511518245,TRUE,14.7003174872926,0.192410847630559,23.2727911028416,"2023-07-11 10:57:19","2023-07-11 10:58:12","1-Jul-GCW-UP","COMPASS","Synoptic","CB"
"73",1,"Jul","GCW","UP","5","1-Jul-GCW-UP-5","2023-07-11 10:45:29.5",474.621926081756,-8.96015471367581,5.76090659936583e-38,0.959799325906451,18.8973847400952,429.500224057871,-5.8822370574551,0.10865025274108,18556.1928413146,3.81850639571748,2.09137118712647e-47,0.982568190150323,12.4438932640086,343.087927028132,0.996732598918468,5.49418060268693,429.53855368365,TRUE,-5.86203466637293,0.109491817510857,15.1343649930231,"2023-07-11 10:45:03","2023-07-11 10:45:56","1-Jul-GCW-UP","2023-07-11 10:45:29.5",655.866285178762,48.0993018654419,6.24943873277335e-38,0.959673372477656,101.211465825714,613.524546289521,31.4394480601177,0.597087066293709,4970.54513334445,20.9845879224602,8.65497038725216e-47,0.981589784374232,68.3853698894314,532.987104832564,0.996152600242448,31.88115810461,613.54966017977,TRUE,31.3466228927604,0.598966309911699,86.3272187979372,"2023-07-11 10:45:03","2023-07-11 10:45:56","1-Jul-GCW-UP","COMPASS","Synoptic","CB"
"74",1,"Jul","GWI","TR","1","1-Jul-GWI-TR-1","2023-07-20 13:28:59",NA,NA,NA,NA,NA,197.207205392674,-0.145940939958706,0.0134514234349745,17649.2713335002,0.464999190268371,7.44004505371066e-15,0.697708274562762,1.49800791308972,194.660513488143,0.732834039389543,1.43674133934916,197.210856971407,TRUE,-0.146737079588739,0.0156672869041871,1.63161655764636,"2023-07-20 13:28:33","2023-07-20 13:29:25","1-Jul-GWI-TR","2023-07-20 13:28:59",390.668368117515,5.0518074982265,1.16727837060358e-34,0.94915076059749,9.2928145848209,362.868077183911,2.60260974418242,0.0641948728379534,3629.15280712316,2.21913792494378,1.79352300551461e-40,0.969905832761865,7.1490149690039,343.856751901772,0.980505050640945,5.87020333885068,363.316474020475,TRUE,2.57284999968528,0.0650057060328018,5.87255546381824,"2023-07-20 13:28:33","2023-07-20 13:29:25","1-Jul-GWI-TR","COMPASS","Synoptic","CB"
"75",1,"Jul","GWI","TR","2","1-Jul-GWI-TR-2","2023-07-20 13:34:04.5",187.277736623355,-1.1685689801022,1.89056410492914e-40,0.967732534301532,1.32105306110978,245.296400305252,-0.440616676464303,0.019737947901074,17686.7779366572,0.693688955130178,2.64504282732994e-28,0.90551140243772,2.26061983966892,182.782271429774,0.972429784563217,1.24530170505398,246.234162363043,TRUE,-0.427581373903751,0.0194165520597729,2.18420497491145,"2023-07-20 13:33:38","2023-07-20 13:34:31","1-Jul-GWI-TR","2023-07-20 13:34:04.5",NA,NA,NA,NA,NA,366.43295172222,4.46605057241301,0.0605929050334185,3640.50766977506,2.12953389033148,2.76862023981219e-54,0.990518820876559,6.93980569551851,339.001547333387,0.99470244367009,5.29018179371162,367.028350729329,TRUE,4.4973763480505,0.0606691773335856,5.92348150886965,"2023-07-20 13:33:38","2023-07-20 13:34:31","1-Jul-GWI-TR","COMPASS","Synoptic","CB"
"76",1,"Jul","GWI","TR","3","1-Jul-GWI-TR-3","2023-07-20 13:38:27.5",NA,NA,NA,NA,NA,185.176668055493,0.104743957357491,0.0113121671424858,17708.5462902225,0.39756541281082,1.38306163870161e-12,0.622467850893853,1.29560122461175,179.835283474147,0.682439889475522,1.21178067302451,185.509013815724,TRUE,0.110949298432393,0.011301280509453,1.25527347276275,"2023-07-20 13:38:01","2023-07-20 13:38:54","1-Jul-GWI-TR","2023-07-20 13:38:27.5",506.655737417057,5.31175770411761,3.75791045981213e-29,0.91233143189743,25.4224566415501,352.255905674065,5.39234795006466,0.0531388799450883,3790.81732567339,1.86756264078955,1.86684039605669e-61,0.994975593742419,6.08608386564417,355.909335298724,0.995007736973138,6.18672707606425,352.266138390345,TRUE,5.39759000131934,0.0506829726666113,6.65957845881086,"2023-07-20 13:38:01","2023-07-20 13:38:54","1-Jul-GWI-TR","COMPASS","Synoptic","CB"
"77",1,"Jul","GWI","TR","4","1-Jul-GWI-TR-4","2023-07-20 13:42:20.5",232.472807334911,0.333459608212419,5.98631859112993e-18,0.764340695861866,2.00752389387731,219.992899089026,0.234763939444688,0.0156153029895166,17565.3317000246,0.548798855338426,1.42814811741635e-20,0.812968374383462,1.78844649491763,194.488333623146,0.891700895904604,1.38786597647762,220.21428573419,TRUE,0.233459533124609,0.0159072846223061,1.60663994911728,"2023-07-20 13:41:54","2023-07-20 13:42:47","1-Jul-GWI-TR","2023-07-20 13:42:20.5",524.241000256666,5.27501597427003,5.23331444580545e-28,0.903003730250245,29.9179732230669,376.098056601575,6.02935879905486,0.0662655079283274,3597.6674393532,2.32889716734285,5.26498686471541e-59,0.993758099669821,7.58949829330354,350.08569112333,0.996419508325538,5.86195738077686,376.164017163982,TRUE,6.04444284192224,0.0674640291178098,8.66860520534784,"2023-07-20 13:41:54","2023-07-20 13:42:47","1-Jul-GWI-TR","COMPASS","Synoptic","CB"
"78",1,"Jul","GWI","TR","5","1-Jul-GWI-TR-5","2023-07-20 13:46:12.5",348.917571460311,1.80426243436228,3.38129521446434e-35,0.948640148874865,5.90083773310049,303.584537193836,1.62108793635949,0.0338604627578908,17640.8956705474,1.19002386410532,1.10510738795597e-44,0.977816336798352,3.8780948391648,248.780820463314,0.992533708608018,2.29440949596465,303.734995750615,TRUE,1.61226051373598,0.0358413610812232,4.3434010072402,"2023-07-20 13:45:46","2023-07-20 13:46:39","1-Jul-GWI-TR","2023-07-20 13:46:12.5",487.461641529511,4.52603655985362,2.27813119662275e-30,0.921277240893432,21.283024712054,400.952940088177,4.73791599582251,0.0834132633314533,3639.92721757054,2.93155396773774,1.79647241778873e-48,0.984138111026625,9.5534590993804,390.240012631696,0.987921129426831,8.50184199288381,401.866926243191,TRUE,4.68175880802467,0.074673109407125,7.70990398927837,"2023-07-20 13:45:46","2023-07-20 13:46:39","1-Jul-GWI-TR","COMPASS","Synoptic","CB"
"79",1,"Jul","GWI","UP","1","1-Jul-GWI-UP-1","2023-07-20 13:52:22.5",225.103398204672,-0.697577246527448,6.72903459408923e-35,0.947264011537919,1.87510901553059,189.388270156722,-0.507056906821102,0.0117620141666184,17656.3410739322,0.413375258581156,2.26047462313657e-42,0.972781228733966,1.34712294878829,163.467629026052,0.984360169327545,1.0413714563178,189.443442081063,TRUE,-0.508853715755781,0.0120336005668843,1.19147057645276,"2023-07-20 13:51:56","2023-07-20 13:52:49","1-Jul-GWI-UP","2023-07-20 13:52:22.5",NA,NA,NA,NA,NA,355.279109484969,7.00011016176991,0.0546473919418326,3660.43682774749,1.92057920137972,1.07406103205033e-66,0.996840936621995,6.25885624123815,354.5964670856,0.997103335263379,6.11197533244281,355.324314190587,TRUE,7.00658361533656,0.0550338475816937,6.54321405172665,"2023-07-20 13:51:56","2023-07-20 13:52:49","1-Jul-GWI-UP","COMPASS","Synoptic","CB"
"80",1,"Jul","GWI","UP","2","1-Jul-GWI-UP-2","2023-07-20 13:56:36.5",209.780835934914,-1.14485227906762,7.30914320303983e-39,0.962865857336583,1.62708687523555,236.019175424309,-0.515322914815383,0.0181132341905116,17707.0757271636,0.636588492512967,2.26738848667545e-33,0.939633639189904,2.07453868947602,186.456234453356,0.977611986695799,1.2883933925925,236.049192299987,TRUE,-0.514407917814875,0.0191638274284063,1.84599098106922,"2023-07-20 13:56:10","2023-07-20 13:57:03","1-Jul-GWI-UP","2023-07-20 13:56:36.5",NA,NA,NA,NA,NA,403.279733968554,11.6794893224848,0.0852298493747428,3623.02843640905,2.99539777159158,3.25102447367123e-68,0.997238543963428,9.76151570539172,394.714798805729,0.99781181134021,8.86149999881557,403.804394632239,TRUE,11.7364506784637,0.0660093359327778,6.37776773084679,"2023-07-20 13:56:10","2023-07-20 13:57:03","1-Jul-GWI-UP","COMPASS","Synoptic","CB"
"81",1,"Jul","GWI","UP","3","1-Jul-GWI-UP-3","2023-07-20 14:00:05.5",205.710916579197,-0.64126020212906,4.52395728056623e-31,0.92601577453777,1.56691196986058,178.794505489768,-0.354458801368585,0.0106630531216806,17723.1374831243,0.374752340797988,1.04888115491216e-36,0.955056783210803,1.22125712151684,170.958531248574,0.963902805932024,1.11616506216001,178.967645641781,TRUE,-0.357466628118863,0.0103987062901661,1.2193245119205,"2023-07-20 13:59:39","2023-07-20 14:00:32","1-Jul-GWI-UP","2023-07-20 14:00:05.5",573.749027010041,12.1649655168157,6.08215040649963e-31,0.925170025362239,47.3168782584739,390.136684477679,10.8770614033453,0.0754640824981961,3786.04262464025,2.65218050024252,2.36660480869097e-69,0.997503249791258,8.64302626255042,384.177568518807,0.99792375308429,8.03774927659605,390.72246316502,TRUE,10.8424111683298,0.0744419089988101,5.90486547129949,"2023-07-20 13:59:39","2023-07-20 14:00:32","1-Jul-GWI-UP","COMPASS","Synoptic","CB"
"82",1,"Jul","GWI","UP","4","1-Jul-GWI-UP-4","2023-07-20 14:03:48.5",179.806241124223,-1.00290794236746,1.24858886702176e-42,0.973395263383514,1.23275151888597,242.33170989752,-0.455257270512141,0.0192034938745905,17856.8586320926,0.674905601508279,1.52626658023973e-29,0.915312473873274,2.19940793548744,179.69736646136,0.975344524720649,1.2102342053784,243.365218835667,TRUE,-0.441306654672495,0.017546675489167,1.95969465637969,"2023-07-20 14:03:22","2023-07-20 14:04:15","1-Jul-GWI-UP","2023-07-20 14:03:48.5",NA,NA,NA,NA,NA,342.678882506498,6.13973061005351,0.0486296157184129,3718.10457194026,1.70908482914034,2.27469024675808e-66,0.996748438665182,5.56963037087246,343.285966226462,0.99694645409013,5.50426450380473,342.891452790167,TRUE,6.13033053601149,0.0485261496684511,5.46475718305414,"2023-07-20 14:03:22","2023-07-20 14:04:15","1-Jul-GWI-UP","COMPASS","Synoptic","CB"
"83",1,"Jul","GWI","UP","5","1-Jul-GWI-UP-5","2023-07-20 14:07:24.5",229.003132693044,-0.717732005239241,1.14326161910425e-34,0.946179037091195,1.94405393893418,206.067319995418,-0.518236878437124,0.0137262608327804,17928.5429268427,0.482408585870144,1.81171010030651e-39,0.964804234951547,1.57209137031744,179.087162724488,0.980169539827958,1.20341562100099,206.240225849823,TRUE,-0.512656302742932,0.0132137273724387,1.30170116371476,"2023-07-20 14:06:58","2023-07-20 14:07:51","1-Jul-GWI-UP","2023-07-20 14:07:24.5",538.454375064955,8.79452260177438,5.25685490142586e-32,0.931886019496031,34.1261766412389,378.668215216439,8.21820698087105,0.0678613928412558,3719.51996543062,2.38498444365474,1.97100760321313e-65,0.99646688638645,7.77227763359139,356.634206360307,0.997818378842721,6.22839062125693,378.684440350175,TRUE,8.21609728540441,0.0765653806742049,8.80681492616956,"2023-07-20 14:06:58","2023-07-20 14:07:51","1-Jul-GWI-UP","COMPASS","Synoptic","CB"
"84",1,"Jul","MSM","TR","1","1-Jul-MSM-TR-1","2023-07-13 11:24:09.5",427.657201395408,3.27444121571235,1.02047477162653e-31,0.930128354145827,12.2333395802635,262.43474781031,2.90909483779549,0.0231323362203015,17988.3776375801,0.812984522140104,2.78973075657221e-66,0.996722814870065,2.64938475162659,244.716892192881,0.997808026344776,2.20967742802086,262.840748468017,TRUE,2.89643350919248,0.0246758309476358,2.58890601718544,"2023-07-13 11:23:43","2023-07-13 11:24:36","1-Jul-MSM-TR","2023-07-13 11:24:09.5",NA,NA,NA,NA,NA,342.983348688428,2.35754358331569,0.0487669024145688,3795.66541497361,1.71390976156426,6.7398893498812e-45,0.978234080723666,5.58535404339445,345.359237624546,0.978878968877176,5.61095038073108,343.038054879412,TRUE,2.3686228156654,0.0489755567010594,4.93432312287033,"2023-07-13 11:23:43","2023-07-13 11:24:36","1-Jul-MSM-TR","COMPASS","Synoptic","CB"
"85",1,"Jul","MSM","TR","2","1-Jul-MSM-TR-2","2023-07-13 12:34:32.5",213.944606312245,-1.83887278785768,2.22014858678962e-17,0.752228877336924,1.69104156914639,249.277532562128,-0.154736934306861,0.0204791113462621,17540.4844626491,0.719737098455412,6.4418711280084e-10,0.523332645962341,2.34550651568139,183.924908465475,0.868038393163451,1.25854690629537,251.539050094866,TRUE,-0.12860096190422,0.0172004618192747,2.18553881514733,"2023-07-13 12:34:06","2023-07-13 12:34:59","1-Jul-MSM-TR","2023-07-13 12:34:32.5",NA,NA,NA,NA,NA,366.092979454543,1.78631827291135,0.0604024650501882,3800.92602854579,2.1228408889291,3.39492150303507e-34,0.94388071851954,6.91799428905851,348.949349171951,0.962062853798726,5.80060305474668,366.315244259066,TRUE,1.7747855761211,0.0626232561741007,7.02871024309843,"2023-07-13 12:34:06","2023-07-13 12:34:59","1-Jul-MSM-TR","COMPASS","Synoptic","CB"
"86",1,"Jul","MSM","TR","3","1-Jul-MSM-TR-3","2023-07-13 12:30:14.5",221.089238070726,-0.783183330026653,3.71424091689848e-14,0.671053466477047,1.80669398941251,250.40156630375,-0.130649688037623,0.0206933652126187,17487.2468539201,0.727267037303688,6.13482747373384e-08,0.433930920878197,2.37004536558814,175.031369382034,0.869822662281701,1.15906103225743,251.163399282843,TRUE,-0.114911115256542,0.0205721613329976,2.24065007529237,"2023-07-13 12:29:48","2023-07-13 12:30:41","1-Jul-MSM-TR","2023-07-13 12:30:14.5",419.110595416677,3.94250427007447,1.74815056648407e-34,0.945293675845032,11.3025655129848,378.454634511583,3.00307265246559,0.0677273228226261,3914.01334144129,2.38027256116302,5.43160272607949e-43,0.974233088905063,7.75692237247011,359.560135546022,0.983137049284636,6.39943630463511,378.550111543586,TRUE,3.00250235504334,0.0644331336088641,7.16715738038756,"2023-07-13 12:29:48","2023-07-13 12:30:41","1-Jul-MSM-TR","COMPASS","Synoptic","CB"
"87",1,"Jul","MSM","TR","4","1-Jul-MSM-TR-4","2023-07-13 11:32:46.038461",551.964981967693,-4.30975054398677,1.01241896384557e-09,0.529066775284853,47.0088137875118,532.740422470603,-3.53391954473674,0.347091323913253,17443.9449839607,12.0591903514718,8.74574430418807e-14,0.674613650731636,39.0750274146176,523.506136536635,0.747728031771121,35.1154718146677,533.048558394223,TRUE,-3.37651657650981,0.359950619143882,39.1814426359989,"2023-07-13 11:32:20","2023-07-13 11:33:13","1-Jul-MSM-TR",NA,NA,NA,NA,NA,NA,NA,NA,NA,NA,NA,NA,NA,NA,NA,NA,NA,NA,NA,NA,NA,NA,NA,NA,NA,"COMPASS","Synoptic","CB"
"88",1,"Jul","MSM","UP","1","1-Jul-MSM-UP-1","2023-07-13 12:58:30.5",206.158805815028,-0.775178275327358,9.27942188870401e-34,0.941670386196768,1.57342363884292,187.360540817247,-0.401647819415615,0.0115432393602309,17985.9861609158,0.405686431575819,1.07881691055092e-37,0.958818303358434,1.3220663081376,167.363774681579,0.973593522410245,1.0796252337793,187.567796700485,TRUE,-0.399376096957504,0.0116131012680547,1.13841015551229,"2023-07-13 12:58:04","2023-07-13 12:58:57","1-Jul-MSM-UP","2023-07-13 12:58:30.5",NA,NA,NA,NA,NA,387.292149408754,4.7995289906658,0.0735024344092314,3819.99912409111,2.583238499788,1.40914459832688e-51,0.987951165765398,8.41835546036835,328.232718247558,0.996252081318956,4.78813618558726,388.65330034118,TRUE,4.8744065993499,0.0688193887865917,7.46053391198092,"2023-07-13 12:58:04","2023-07-13 12:58:57","1-Jul-MSM-UP","COMPASS","Synoptic","CB"
"89",1,"Jul","MSM","UP","2","1-Jul-MSM-UP-2","2023-07-13 12:54:14.5",344.598500676268,-1.84347346667059,2.64663801490328e-34,0.944415001548639,5.66951135553813,259.837119633254,-1.50527665076502,0.0225825924135264,17867.4186065418,0.793663810137904,4.88847315074503e-52,0.988431820892331,2.58642168360354,200.962079074866,0.996389285968696,1.47360147313779,259.840631363482,TRUE,-1.50652651950755,0.0247766598536065,2.94418850819475,"2023-07-13 12:53:48","2023-07-13 12:54:41","1-Jul-MSM-UP","2023-07-13 12:54:14.5",NA,NA,NA,NA,NA,405.540283303513,4.56327342426609,0.0870325972586963,3835.16324413664,3.0587552341936,1.07484887240055e-46,0.981435803970138,9.96798740411198,391.592088182025,0.986685405062715,8.6089474460642,406.056786532826,TRUE,4.60253968034965,0.0760298546783755,6.50525581979618,"2023-07-13 12:53:48","2023-07-13 12:54:41","1-Jul-MSM-UP","COMPASS","Synoptic","CB"
"90",1,"Jul","MSM","UP","3","1-Jul-MSM-UP-3","2023-07-13 12:49:50.5",203.467574517227,-0.925883078381084,1.23357623832071e-20,0.814014589586248,1.53470027062893,236.467278009307,-0.181656656996253,0.0181885439000771,17951.1909258501,0.639235247586064,1.08568863351112e-13,0.657327955179763,2.0831640351511,171.05229368581,0.905243430223693,1.11713450474018,236.474424562857,TRUE,-0.18147944888744,0.0187881224214101,2.71726823940007,"2023-07-13 12:49:24","2023-07-13 12:50:17","1-Jul-MSM-UP","2023-07-13 12:49:50.5",469.562874271378,3.85697913655618,9.94922500570071e-29,0.908992389705653,18.0325862178651,343.202971910829,3.74699634034062,0.0488661731705117,3837.26885650398,1.71739862612659,3.60791342200018e-55,0.991233435988201,5.59672368736697,347.123847434903,0.991246271948197,5.70338063701115,343.256780961315,TRUE,3.75286510286469,0.051321839398968,6.49747143655417,"2023-07-13 12:49:24","2023-07-13 12:50:17","1-Jul-MSM-UP","COMPASS","Synoptic","CB"
"91",1,"Jul","MSM","UP","4","1-Jul-MSM-UP-4","2023-07-13 12:45:39.5",201.382757044047,0.487233920824347,2.74578945729959e-27,0.896631933118603,1.50535873669066,198.854228695243,0.279880224727859,0.0128394564488564,17830.1633137052,0.451241900783515,8.10670500278027e-28,0.901360530135878,1.47052419655392,187.535579181714,0.925723635678524,1.30133406581099,198.927665320131,TRUE,0.277723773069473,0.0132742233025987,1.46223406262259,"2023-07-13 12:45:13","2023-07-13 12:46:06","1-Jul-MSM-UP","2023-07-13 12:45:39.5",504.82670532634,6.2567014016697,1.01439004472743e-30,0.923685534503719,24.9955402972577,375.899728789355,5.67685349464696,0.0661439316917655,3946.53226893854,2.32462437804722,1.07610988329595e-57,0.992990082690559,7.57557396571985,374.87272184036,0.993613201129631,7.37424198696379,376.033985073221,TRUE,5.65308851769126,0.0657946657048403,6.75880952150514,"2023-07-13 12:45:13","2023-07-13 12:46:06","1-Jul-MSM-UP","COMPASS","Synoptic","CB"
"92",1,"Jul","MSM","UP","5","1-Jul-MSM-UP-5","2023-07-13 12:41:45.5",216.322395165053,-1.12665634303498,2.44354958940441e-35,0.949277145546771,1.72868536610086,242.953344201007,-0.462765654465397,0.0193143454677665,17796.2539828076,0.678801473877088,9.20254340759697e-30,0.916941738271235,2.21210395191471,201.950341866032,0.963905035143338,1.4871476666195,243.092822448248,TRUE,-0.464529367817925,0.0194803717608029,1.94181869490042,"2023-07-13 12:41:19","2023-07-13 12:42:12","1-Jul-MSM-UP","2023-07-13 12:41:45.5",NA,NA,NA,NA,NA,347.170694099865,3.79684456613306,0.0506948116134715,3806.95822397438,1.78166601081953,1.21280269851821e-54,0.990815038855231,5.80616067465942,332.061734764724,0.99355246510426,4.96093924656623,347.220653325486,TRUE,3.78597433675081,0.0552317566200131,6.0046212413513,"2023-07-13 12:41:19","2023-07-13 12:42:12","1-Jul-MSM-UP","COMPASS","Synoptic","CB"
"93",1,"Jul","SWH","TR","1b","1-Jul-SWH-TR-1b","2023-07-19 10:41:18.5",NA,NA,NA,NA,NA,803.894027640318,226.663043196947,3.47984602230222,35288.3211065501,122.298972685675,1.60049735923506e-51,0.987892026875048,398.552524124422,792.799911439045,0.990844603369108,353.431367627088,803.908250380036,TRUE,226.607908603163,2.60297369136502,306.661369283879,"2023-07-19 10:40:52","2023-07-19 10:41:45","1-Jul-SWH-TR","2023-07-19 10:41:18.5",565.967040855805,10.6392648410597,1.86028355285354e-34,0.945162847275392,44.0273767242189,477.872520227802,11.7738648728218,0.170038632987134,4612.49012566933,5.97599721307354,6.90351690334144e-53,0.989270596942745,19.4748060521521,442.339108406176,0.99484025219595,13.7726105887771,480.788275416557,TRUE,11.5252538128296,0.139969926150732,13.1504670895461,"2023-07-19 10:40:52","2023-07-19 10:41:45","1-Jul-SWH-TR","COMPASS","Synoptic","CB"
"94",1,"Jul","SWH","TR","2","1-Jul-SWH-TR-2","2023-07-19 10:13:49.5",NA,NA,NA,NA,NA,802.480685535666,113.334925757965,3.43460369153057,77725.6526284584,120.70893377596,1.51212623890731e-36,0.954420571951684,393.370845104503,781.862723428775,0.971107897488638,319.391957726609,812.871135508906,TRUE,103.612373948699,1.11256696163072,103.588746330696,"2023-07-19 10:13:23","2023-07-19 10:14:16","1-Jul-SWH-TR","2023-07-19 10:13:49.5",NA,NA,NA,NA,NA,413.60098262227,9.26299170952052,0.0937769260128268,5289.26483192934,3.29578425007486,7.53276139348901e-61,0.994698676362006,10.7404265382738,356.604567403987,0.998286748053527,6.22668156876486,418.78120435042,TRUE,9.44851436615243,0.0685698101140294,6.89636915020621,"2023-07-19 10:13:23","2023-07-19 10:14:16","1-Jul-SWH-TR","COMPASS","Synoptic","CB"
"95",1,"Jul","SWH","TR","3","1-Jul-SWH-TR-3","2023-07-19 11:00:02.5",894.291423125422,258.796366574582,1.05836845069044e-31,0.930030438457868,920.440366978604,747.43201186045,218.581618691694,2.06306265394636,34290.8003711222,72.5062090525769,2.0019549499283e-62,0.995389014607555,236.285980151837,731.771011393364,0.996796163544675,200.859750874927,750.694977845809,TRUE,215.633112688127,1.32895455013775,148.099230499637,"2023-07-19 10:59:36","2023-07-19 11:00:29","1-Jul-SWH-TR","2023-07-19 11:00:02.5",572.134032735734,16.4526819094026,1.57521551528428e-34,0.945512179870883,46.6145822209119,458.348844219286,12.5315513188529,0.141918207232446,4243.41499026051,4.98770659353431,2.4774342354804e-58,0.993375041735538,16.2541271507995,419.112505896746,0.99702521686587,11.1075021086332,463.80402807459,TRUE,12.2539619372867,0.0821998147093125,7.65710081192891,"2023-07-19 10:59:36","2023-07-19 11:00:29","1-Jul-SWH-TR","COMPASS","Synoptic","CB"
"96",1,"Jul","SWH","TR","4","1-Jul-SWH-TR-4","2023-07-19 11:24:28.5",537.150347582305,31.8698969528034,2.15308017956148e-28,0.931299560297449,62.4994273720844,524.844694055893,16.3959103441102,0.572834962842373,34716.4290254034,18.1523316468073,5.87254555497036e-31,0.946835662823447,54.9802210759322,503.131162661313,0.968885023989836,43.0064497950369,526.7391775938,TRUE,15.6791532821287,0.271049931147771,25.8325113653672,"2023-07-19 11:24:05","2023-07-19 11:24:52","1-Jul-SWH-TR","2023-07-19 11:24:28.5",NA,NA,NA,NA,NA,348.7841560065,9.27938225924527,0.0915269728650291,4521.19018735276,2.90036061666075,9.84780055854875e-56,0.995544682535479,8.78468237616085,327.880627647182,0.99734810411853,6.9297496934736,349.533980891751,TRUE,9.21513524042557,0.0790338481202803,7.64099548174719,"2023-07-19 11:24:05","2023-07-19 11:24:52","1-Jul-SWH-TR","COMPASS","Synoptic","CB"
"97",1,"Jul","SWH","TR","5","1-Jul-SWH-TR-5","2023-07-19 11:13:08.5",725.804552964692,49.8222261442147,2.30639495648193e-32,0.934007700408151,193.405419078716,570.867780386495,47.3133247752294,0.402257683819437,37729.2539436145,14.1373213558137,8.94220561200222e-65,0.996255310997312,46.0712382695066,541.426375926821,0.997984125084486,34.4723164187291,577.368181150595,TRUE,46.4269401309407,0.213456909913778,20.8830617317882,"2023-07-19 11:12:42","2023-07-19 11:13:35","1-Jul-SWH-TR","2023-07-19 11:13:08.5",NA,NA,NA,NA,NA,408.276332008906,12.8888759206117,0.0892656284419018,4270.73566513611,3.13723497666807,2.16136826706284e-69,0.99751194545634,10.22374016122,384.43787467701,0.998514169151551,8.05714556462654,408.290579041553,TRUE,12.8927499388249,0.0864918894357428,10.4797619294289,"2023-07-19 11:12:42","2023-07-19 11:13:35","1-Jul-SWH-TR","COMPASS","Synoptic","CB"
"98",1,"Jul","SWH","TR","6","1-Jul-SWH-TR-6","2023-07-19 10:52:57",933.812341959513,3075.06748879342,3.15104189094839e-29,0.947940821461241,7426.56470096343,866.427503667034,2435.61686788706,40.3182739851662,677610.720193713,1207.97926910549,3.21885855646004e-43,0.988354262079122,3512.55246482026,816.707023572498,0.996470515512209,1980.32856403984,866.430701166723,TRUE,2435.97862182794,43.8245634646433,4112.71724993542,"2023-07-19 10:52:35","2023-07-19 10:53:19","1-Jul-SWH-TR","2023-07-19 10:52:57",325.358309280746,1.87413978859722,3.29647623097854e-21,0.877324563244144,8.60392343423242,274.007976614547,1.8123822897812,0.0558193679169403,4538.47800172967,1.67240887551496,6.98645123580026e-32,0.960809920587945,4.86301716272612,274.529618746999,0.96372507261258,4.79140967918089,274.141136880128,TRUE,1.8264941013877,0.0510403764750934,3.59997798194482,"2023-07-19 10:52:35","2023-07-19 10:53:19","1-Jul-SWH-TR","COMPASS","Synoptic","CB"
"99",1,"Jul","SWH","TR","7","1-Jul-SWH-TR-7","2023-07-19 10:29:58.5",NA,NA,NA,NA,NA,832.137848944388,194.914549877781,4.51996798235452,57495.6030077545,158.853994478867,2.22547635418895e-42,0.972797550647985,517.679413624502,743.612512963082,0.995096864633739,224.135424027194,833.004009135163,TRUE,191.034581942675,4.48529305235964,536.763238780267,"2023-07-19 10:29:32","2023-07-19 10:30:25","1-Jul-SWH-TR","2023-07-19 10:29:58.5",NA,NA,NA,NA,NA,321.792325288744,0.895903912697191,0.0400784456133,4568.7683886857,1.40855448601214,2.48037666612966e-28,0.905744260111231,4.59025070643682,323.017992522904,0.910464500199831,4.56243618949107,321.80840006365,TRUE,0.897051817544838,0.0435226369619901,5.3660017769907,"2023-07-19 10:29:32","2023-07-19 10:30:25","1-Jul-SWH-TR","COMPASS","Synoptic","CB"
"100",1,"Jul","SWH","TR","8a","1-Jul-SWH-TR-8a","2023-07-19 11:06:17",833.41716074253,615.415290894928,5.99650071512288e-26,0.926072681191995,2434.06179648245,562.111731022654,673.757798007581,1.37096990913378,245744.268091952,41.0757471763389,2.93200452126342e-82,0.999821992058951,119.439729371699,554.381483356179,0.999862838921373,107.370967760695,562.331230606422,TRUE,673.163530100151,1.38431530048451,112.437315952615,"2023-07-19 11:05:55","2023-07-19 11:06:39","1-Jul-SWH-TR","2023-07-19 11:06:17",329.256611368563,1.93930354878893,2.20907221934781e-22,0.891777577552878,8.98478669787313,288.826070226117,2.00990718869722,0.0658096437421012,4465.40014735594,1.9717283874038,8.72285934561031e-31,0.955932078832202,5.7333760473057,289.777806688995,0.958818343901206,5.67601257561718,288.936357729439,TRUE,2.02338740748049,0.0669180052047668,4.80539233945003,"2023-07-19 11:05:55","2023-07-19 11:06:39","1-Jul-SWH-TR","COMPASS","Synoptic","CB"
"101",1,"Jul","SWH","TR","10","1-Jul-SWH-TR-10","2023-07-19 11:21:08.5",NA,NA,NA,NA,NA,936.564753885355,6577.16773389609,115.047853106987,364902.159602939,3380.72378990934,1.82566192009311e-41,0.987312295988508,9690.6903954062,929.828003312963,0.990059510370734,8789.45075429004,936.710838022732,TRUE,6545.49359802565,117.679860775163,9502.53075999543,"2023-07-19 11:20:47","2023-07-19 11:21:30","1-Jul-SWH-TR",NA,NA,NA,NA,NA,NA,NA,NA,NA,NA,NA,NA,NA,NA,NA,NA,NA,NA,NA,NA,NA,NA,NA,NA,NA,"COMPASS","Synoptic","CB"
"102",1,"Jul","SWH","SWAMP","1b","1-Jul-SWH-SWAMP-1b","2023-07-19 15:23:07.5",NA,NA,NA,NA,NA,821.939138361858,109.090904988973,4.11266980362919,63504.1829527427,144.539525242121,6.87307041101487e-32,0.931181046077945,471.030879131338,765.279614502013,0.977620291357855,273.92976770049,825.286747269922,TRUE,115.313240145428,3.36310681163117,397.28509681458,"2023-07-19 15:22:41","2023-07-19 15:23:34","1-Jul-SWH-UP","2023-07-19 15:23:07.5",507.503874539326,8.4233789026985,7.73542822660821e-29,0.909867505937218,25.6228882592959,463.091331833355,5.26610634484395,0.148288960877275,3712.78731081678,5.21160633536274,3.89346158052684e-38,0.96040011360399,16.9837801094215,461.326476051175,0.964409823423773,16.4198478803207,463.743172251606,TRUE,5.15733558323927,0.0632850376298598,5.4749029200572,"2023-07-19 15:22:41","2023-07-19 15:23:34","1-Jul-SWH-UP","COMPASS","Synoptic","CB"
"103",1,"Jul","SWH","SWAMP","2a","1-Jul-SWH-SWAMP-2a","2023-07-19 14:47:37.5",423.635607935169,3.84142996357818,4.89855608805283e-36,0.952314649002134,11.7861840297039,337.792942766679,3.38169352317769,0.0464786254632897,19086.0593619554,1.63348840999636,5.39255648783152e-54,0.990272613487297,5.32327389703651,272.88937263421,0.997284562126726,2.86825217238597,347.879568019797,TRUE,3.25208969268194,0.0249167472048028,2.44866786402517,"2023-07-19 14:47:11","2023-07-19 14:48:04","1-Jul-SWH-UP","2023-07-19 14:47:37.5",516.7862453437,13.5403231443912,4.33462267103736e-39,0.963604134543149,27.9225303533051,463.544913434956,9.15242325250825,0.148913058886424,3538.82062779986,5.23354022119702,3.15534320191773e-50,0.986421270094192,17.0552590872995,382.032819403338,0.997213051432059,7.87970380662883,471.605380492139,TRUE,8.79124135912186,0.0839968480630693,8.43656481236785,"2023-07-19 14:47:11","2023-07-19 14:48:04","1-Jul-SWH-UP","COMPASS","Synoptic","CB"
"104",1,"Jul","SWH","SWAMP","3","1-Jul-SWH-SWAMP-3","2023-07-19 14:54:19.5",NA,NA,NA,NA,NA,322.233905972361,2.78634180095236,0.0402426502197587,18492.7482339037,1.41432544672461,6.92286719975122e-53,0.989269442033977,4.60905733177527,268.234678356736,0.996334239617419,2.74725937543229,323.491128015737,TRUE,2.7495397720038,0.0400118419421042,3.94575242361025,"2023-07-19 14:53:53","2023-07-19 14:54:46","1-Jul-SWH-UP","2023-07-19 14:54:19.5",NA,NA,NA,NA,NA,394.097207997724,11.388626136658,0.0782828326996429,3668.36259371569,2.75124530129553,1.46181346562304e-69,0.997549086346803,8.96586238819014,396.329597837051,0.997628014535376,8.99499123761059,394.281652245155,TRUE,11.4042775665073,0.0726378319502834,7.80837140066653,"2023-07-19 14:53:53","2023-07-19 14:54:46","1-Jul-SWH-UP","COMPASS","Synoptic","CB"
"105",1,"Jul","SWH","SWAMP","4","1-Jul-SWH-SWAMP-4","2023-07-19 14:59:09.5",NA,NA,NA,NA,NA,164.619371243103,0.303176842849245,0.00935146994084969,18124.7934170666,0.328656831232507,3.63354244272596e-36,0.952858906368704,1.07103932912915,167.720042200841,0.953637504054612,1.0831925533575,164.823048990541,TRUE,0.30590812152891,0.00871641569858285,0.853198549654941,"2023-07-19 14:58:43","2023-07-19 14:59:36","1-Jul-SWH-UP","2023-07-19 14:59:09.5",561.070893239573,12.0127501655668,1.198358764679e-33,0.941094484853423,42.0759760875239,438.856645568233,10.8817263067239,0.118482771923976,3717.51095864413,4.16406967273421,3.24796020926057e-59,0.993872983582269,13.5700279589721,399.745491436153,0.997242420762056,9.28403759364689,442.010951428906,TRUE,10.7016342084184,0.0972515280862291,11.4880027312704,"2023-07-19 14:58:43","2023-07-19 14:59:36","1-Jul-SWH-UP","COMPASS","Synoptic","CB"
"106",1,"Jul","SWH","SWAMP","5","1-Jul-SWH-SWAMP-5","2023-07-19 15:31:38",NA,NA,NA,NA,NA,395.181558431143,13.6392906041609,0.167042282183838,80471.9187313151,5.19713614099103,1.47036824468764e-50,0.993295594292001,15.5340341403505,316.381038347343,0.998848515838658,6.58574824986016,395.181558431149,TRUE,13.6392906041609,0.167042282183838,21.5341158833549,"2023-07-19 15:31:15","2023-07-19 15:32:01","1-Jul-SWH-UP","2023-07-19 15:31:38",NA,NA,NA,NA,NA,307.622135560153,8.26986049043509,0.0658094697446509,3636.46414999152,2.04751018220028,6.00547790120111e-59,0.997158438243772,6.11992686167144,278.803847553455,0.998586466824641,4.41563039774127,307.857067619391,TRUE,8.23861271572884,0.0678630126046274,5.64145911673856,"2023-07-19 15:31:15","2023-07-19 15:32:01","1-Jul-SWH-UP","COMPASS","Synoptic","CB"
"107",1,"Jul","SWH","UP","1","1-Jul-SWH-UP-1","2023-07-19 15:49:19.5",359.886035696535,1.76325948372907,6.82975173720266e-33,0.937021678530063,6.53161467839254,215.150361851999,1.6351656450144,0.0149306043038735,18623.4295398586,0.524735162486299,3.60417809190159e-63,0.995683260779637,1.71002682126576,174.436451661611,0.998113987271277,1.15269390032665,215.256454290106,TRUE,1.63040126811557,0.0159002013429587,1.56485359927133,"2023-07-19 15:48:53","2023-07-19 15:49:46","1-Jul-SWH-UPCON","2023-07-19 15:49:19.5",628.213389393832,20.963185660715,2.7490623271086e-33,0.939185266834269,78.3484916958986,466.69416767211,19.9727562568021,0.1533192578074,3945.31505067069,5.38839580906799,4.49037562660819e-67,0.996945135057808,17.5599083420351,386.326196596776,0.999359582167172,8.19925919162162,471.962432699929,TRUE,19.6883775323351,0.124875713772515,12.5683408446323,"2023-07-19 15:48:53","2023-07-19 15:49:46","1-Jul-SWH-UPCON","COMPASS","Synoptic","CB"
"108",1,"Jul","SWH","UP","2","1-Jul-SWH-UP-2","2023-07-19 15:53:03.5",181.23912676428,-0.524210225817606,7.55859115861479e-31,0.924542866672313,1.24921597916484,172.459650002275,-0.276993924323739,0.0100555901889136,18552.3214197313,0.353403093691678,1.09665975404178e-32,0.935865539708751,1.15168338646802,162.615925549017,0.950368954569476,1.03319134892244,173.052211194302,TRUE,-0.272278830056745,0.00915119184228907,0.970854523124762,"2023-07-19 15:52:37","2023-07-19 15:53:30","1-Jul-SWH-UPCON","2023-07-19 15:53:03.5",563.270967857151,13.7082286476159,2.29511308088081e-33,0.939605448533034,42.9418983070201,414.185239374815,10.9806378568361,0.0942856137015332,3748.44992654906,3.31366204735322,1.49299503287652e-64,0.996180757633296,10.7986873811461,359.309386087935,0.998716284650542,6.38459562112783,414.797387351141,TRUE,10.9148784525194,0.0865155783854747,10.7184296678759,"2023-07-19 15:52:37","2023-07-19 15:53:30","1-Jul-SWH-UPCON","COMPASS","Synoptic","CB"
"109",1,"Jul","SWH","UP","3","1-Jul-SWH-UP-3","2023-07-19 15:37:40.5",293.523608081751,-0.595823567209337,8.48393483913471e-26,0.882087340227156,3.53314094406073,173.047823379055,-0.64370807117667,0.0101105028264557,18614.0821121325,0.355332994933234,5.16449430747189e-51,0.987334128041938,1.15797262172684,169.989118870646,0.988886124432497,1.10619114940521,174.167364739106,TRUE,-0.651127673533956,0.00881069178610108,1.01266901298215,"2023-07-19 15:37:14","2023-07-19 15:38:07","1-Jul-SWH-UPCON","2023-07-19 15:37:40.5",NA,NA,NA,NA,NA,401.720385786685,15.5219482283788,0.084008107173927,3770.40215019032,2.95245971769813,5.9781652854643e-75,0.998479129370444,9.62158754913315,364.193336753138,0.999295126181517,6.67994611074862,406.86969356323,TRUE,15.6819293246469,0.0543895032022473,4.51467061062817,"2023-07-19 15:37:14","2023-07-19 15:38:07","1-Jul-SWH-UPCON","COMPASS","Synoptic","CB"
"110",1,"Jul","SWH","UP","4","1-Jul-SWH-UP-4","2023-07-19 15:45:32.5",218.267426903988,0.469710028715236,8.02497850770618e-31,0.924369162186543,1.76010025199152,152.178241941555,0.398455416325212,0.00833395307294303,18447.7171906697,0.292896264001143,1.18348104732311e-44,0.977757823873755,0.954501438244229,145.461750729997,0.981761463037426,0.881453928927545,152.27494421257,TRUE,0.400935436306913,0.008803734774421,0.907111879747139,"2023-07-19 15:45:06","2023-07-19 15:45:59","1-Jul-SWH-UPCON","2023-07-19 15:45:32.5",NA,NA,NA,NA,NA,441.004609621075,10.8151710702212,0.120862812506495,3935.98886108136,4.24771605143223,1.24647074387812e-58,0.993547757274342,13.8426179458859,409.015268350802,0.99668665419197,10.1160958659285,446.892638105561,TRUE,11.0737715056795,0.0596952563525127,5.7233534730753,"2023-07-19 15:45:06","2023-07-19 15:45:59","1-Jul-SWH-UPCON","COMPASS","Synoptic","CB"
"111",1,"Jul","SWH","UP","5","1-Jul-SWH-UP-5","2023-07-19 15:41:42.5",377.6696148904,-2.56465941115993,2.46510292607336e-35,0.949260027278697,7.70074404834135,274.246130309454,-2.1443940826354,0.025805718839667,18688.5196909197,0.906940388534396,5.70404771694718e-57,0.99252574609622,2.95557168750531,183.605449321133,0.998704548738923,1.25482968153275,274.278125008002,TRUE,-2.14080813049276,0.027002327035334,3.54442806847825,"2023-07-19 15:41:16","2023-07-19 15:42:09","1-Jul-SWH-UPCON","2023-07-19 15:41:42.5",666.182355794091,27.4520117159988,1.20115410269333e-31,0.929689509362156,111.355882527502,462.395581676528,26.4197281399694,0.147336734430323,4609.79132004071,5.17814039592749,2.83093061160753e-74,0.998385392546842,16.874720038505,413.555896995685,0.9993931179452,10.5504726856918,462.703811282958,TRUE,26.3527786011573,0.154317903511464,19.0026152926755,"2023-07-19 15:41:16","2023-07-19 15:42:09","1-Jul-SWH-UPCON","COMPASS","Synoptic","CB"
"112",1,"Jun","GCW","TR","1","1-Jun-GCW-TR-1","2023-06-27 09:07:35.5",NA,NA,NA,NA,NA,430.162005864662,18.1292301003867,0.168252639850057,18228.2942867278,5.52550481454947,6.46643500021235e-59,0.995882681450166,17.1687783600623,429.750105881281,0.996230418021083,16.7811012914058,430.182873414521,TRUE,18.1172753211443,0.168912527092148,22.126652950887,"2023-06-27 09:07:11","2023-06-27 09:08:00","1-Jun-GCW-TR","2023-06-27 09:07:35.5",372.648222262264,2.39963397062991,2.32234334422068e-26,0.906616613013167,9.65962363879424,323.434576491869,2.10840980674007,0.0578696093286448,4445.46706406973,1.900468279407,1.24103893908961e-36,0.96510161529942,5.90511089295432,324.474976616829,0.967107372418705,5.85620649073379,323.434576491871,TRUE,2.10840980674007,0.0578696093286448,7.90112429037092,"2023-06-27 09:07:11","2023-06-27 09:08:00","1-Jun-GCW-TR","COMPASS","Synoptic","CB"
"113",1,"Jun","GCW","TR","2","1-Jun-GCW-TR-2","2023-06-27 09:02:36.5",NA,NA,NA,NA,NA,803.500407669644,0.545515085436125,3.46718635723471,29207.6736209978,121.854049541841,0.875588972873996,0.000475827039406232,397.102591732331,794.896422395776,0.208545648700314,360.359251247549,806.740871427026,TRUE,5.95749285064274,0.131266625108598,12.8921836521551,"2023-06-27 09:02:10","2023-06-27 09:03:03","1-Jun-GCW-TR","2023-06-27 09:02:36.5",505.017719980801,21.7019905878644,3.37286946618557e-46,0.980601358616772,25.0397878825894,589.831533344656,10.7783610733691,0.479470894578381,4823.20685157756,16.8509748603253,1.90248208974717e-28,0.906699151210959,54.9145950865903,513.662133078172,0.978859076133616,26.6577591040428,602.112746887472,TRUE,9.2953478512407,0.210835692067459,23.4784293383751,"2023-06-27 09:02:10","2023-06-27 09:03:03","1-Jun-GCW-TR","COMPASS","Synoptic","CB"
"114",1,"Jun","GCW","TR","4","1-Jun-GCW-TR-4","2023-06-27 09:11:57.5",891.684935113248,-961.802090015,4.75582978899093e-10,0.52877589372213,898.492237709557,911.887440990816,-46.2503751867624,9.45862533279978,98888.9260121667,332.422800838414,1.01160952466547e-05,0.314975729119862,1083.31201351275,872.397692171157,0.693845905899145,738.562554922286,923.158001208872,TRUE,-18.1699229033681,1.06388213019066,147.274018330639,"2023-06-27 09:11:31","2023-06-27 09:12:24","1-Jun-GCW-TR","2023-06-27 09:11:57.5",480.64613861393,8.33207489652701,9.49858466292714e-37,0.955227726016163,19.9814288488416,413.596321353385,5.90705490600856,0.0937728786976931,4683.48340918554,3.29564200743544,8.92020807842374e-51,0.987065142733018,10.7399629925732,360.086205009532,0.995541004009621,6.43068408799786,415.186207252966,TRUE,5.80656665525002,0.0817719833267326,8.76752822500929,"2023-06-27 09:11:31","2023-06-27 09:12:24","1-Jun-GCW-TR","COMPASS","Synoptic","CB"
"115",1,"Jun","GCW","TR","5","1-Jun-GCW-TR-5","2023-06-27 09:15:48",167.121944270256,-0.2701887382005,1.27884007060165e-20,0.844462225273057,1.2788986618671,176.96112149443,-0.202098343170471,0.0142832211383594,17997.8568706605,0.46084143990841,1.46151191179868e-18,0.809873781101953,1.41396675337694,168.525560513848,0.852489228120207,1.27283682679808,177.012743254536,TRUE,-0.20118390543123,0.014575392488146,1.63819795134993,"2023-06-27 09:15:24","2023-06-27 09:16:12","1-Jun-GCW-TR","2023-06-27 09:15:48",422.228574792011,5.05294270998312,3.74989104194341e-30,0.938748227873041,17.2727164022092,336.36284047638,4.80749698008021,0.0726485662117834,4540.00723704326,2.34397196094698,4.77118898493339e-48,0.989381148585734,7.19184113365648,322.867179964477,0.992569623274652,6.14822003977928,336.47240766631,TRUE,4.78490439372901,0.0761110837937703,8.00620518378481,"2023-06-27 09:15:24","2023-06-27 09:16:12","1-Jun-GCW-TR","COMPASS","Synoptic","CB"
"116",1,"Jun","GCW","UP","1","1-Jun-GCW-UP-1","2023-06-27 09:20:57.5",362.843826087797,-4.15115066028915,6.16447566228008e-43,0.974107410756265,6.71296768801273,380.16925467071,-2.57935945509056,0.0688111501421998,17870.5008427628,2.41836360510664,2.59918052412562e-39,0.964312586334568,7.88105490912911,287.412848171499,0.994052251392307,3.28110242278374,380.204610585918,TRUE,-2.56901914641039,0.0694333364758903,10.1865306547214,"2023-06-27 09:20:31","2023-06-27 09:21:24","1-Jun-GCW-UP","2023-06-27 09:20:57.5",584.238008570179,35.9998014579856,8.01081455712618e-45,0.978089042440593,52.142860332365,603.633819803728,21.8281555066216,0.54483453423256,4523.90898049509,19.1481759230936,9.15092983069445e-41,0.968620069064944,62.4008009138521,480.227488032439,0.997035252015335,19.5602649474576,603.654155523181,TRUE,21.7627301957913,0.555188196515173,82.2204763001901,"2023-06-27 09:20:31","2023-06-27 09:21:24","1-Jun-GCW-UP","COMPASS","Synoptic","CB"
"117",1,"Jun","GCW","UP","2","1-Jun-GCW-UP-2","2023-06-27 09:31:32.5",222.226734249277,-1.55520509407155,1.22375002768867e-48,0.984370532038738,1.82582332444257,289.070871476443,-0.894402016253479,0.0296026016110612,17925.6637403681,1.04038159810902,1.18412978121459e-34,0.946106358776632,3.39043495520317,192.914572003633,0.991566041701766,1.36778881439566,291.979130988635,TRUE,-0.849842650910718,0.0237809657796838,2.62455699804077,"2023-06-27 09:31:06","2023-06-27 09:31:59","1-Jun-GCW-UP","2023-06-27 09:31:32.5",577.257066496212,33.2598063943304,4.11657130034392e-44,0.976665935916336,48.8790516538957,575.140538559003,19.9193907783394,0.418491033118862,4528.68680368276,14.7078414103918,1.48514144242683e-44,0.977562822139303,47.9304706311727,438.090358234725,0.998353455363188,13.2413114887912,577.077512380107,TRUE,19.4463914817419,0.354861857074064,44.4669940859762,"2023-06-27 09:31:06","2023-06-27 09:31:59","1-Jun-GCW-UP","COMPASS","Synoptic","CB"
"118",1,"Jun","GCW","UP","3","1-Jun-GCW-UP-3","2023-06-27 09:38:00.5",264.724357117241,-1.61254093894119,4.23242747229173e-40,0.966717350472949,2.70615154097881,269.254695128363,-0.916882756420672,0.0246401970403113,17915.8820843515,0.865978197164315,3.75435137118248e-39,0.963804624055577,2.82208254687146,219.033425750885,0.986738915174802,1.74200486334267,270.258710557622,TRUE,-0.895598254349209,0.023104504000498,2.85910264843533,"2023-06-27 09:37:34","2023-06-27 09:38:27","1-Jun-GCW-UP","2023-06-27 09:38:00.5",581.356729576894,29.1036415128648,8.97466431719266e-40,0.96574178496154,50.7701587854253,562.118953729978,17.0619726960138,0.37095665895606,4548.68167053655,13.0372487778129,8.4742023154655e-44,0.97600917938505,42.4862800883033,504.65966994813,0.992312955356904,24.5257630106477,564.080061775497,TRUE,16.614367712964,0.323703936590872,37.3665771075823,"2023-06-27 09:37:34","2023-06-27 09:38:27","1-Jun-GCW-UP","COMPASS","Synoptic","CB"
"119",1,"Jun","GCW","UP","4","1-Jun-GCW-UP-4","2023-06-27 09:41:57.5",272.604485221376,-4.02442488636362,1.28580811592126e-54,0.990794369464788,2.91098548686532,375.178245812146,-1.85055665186585,0.0657035365521473,17926.9972490159,2.30914671817208,3.70821234868535e-33,0.93848202573632,7.52513478151974,266.294354056764,0.992394383734765,2.69834293887166,385.465114525708,TRUE,-1.6665456271809,0.0344174677627014,3.80544635711779,"2023-06-27 09:41:31","2023-06-27 09:42:24","1-Jun-GCW-UP","2023-06-27 09:41:57.5",486.57491167698,29.9528279444249,9.83028219978137e-55,0.990888931724279,21.1089966579305,586.931197069087,13.5108880877418,0.466766077490507,4564.42005071491,16.4044648515352,9.73208331562562e-34,0.941563558240582,53.4594913588797,480.471577853688,0.992443627900703,19.604522919682,595.405622202173,TRUE,12.3313211224046,0.25264749382649,31.2180294764754,"2023-06-27 09:41:31","2023-06-27 09:42:24","1-Jun-GCW-UP","COMPASS","Synoptic","CB"
"120",1,"Jun","GCW","UP","5","1-Jun-GCW-UP-5","2023-06-27 09:25:45.5",439.434752702304,-8.21399589515927,1.29182965452302e-43,0.975617152081359,13.642860957386,444.879674633035,-5.42628460928768,0.125278135946762,17968.1248059525,4.40289231996793,1.77958585728352e-42,0.973030359199941,14.3483122469171,295.089205704294,0.998436791919129,3.52280256124061,444.879906566126,TRUE,-5.42470492142404,0.127462680423972,19.5740951180113,"2023-06-27 09:25:19","2023-06-27 09:26:12","1-Jun-GCW-UP","2023-06-27 09:25:45.5",617.552851634122,41.5895566319954,3.58536603667681e-43,0.974641271446152,70.9842509482879,622.391299655103,27.6736567510739,0.648176159603125,4370.03498881961,22.7801109390362,3.68795906166657e-42,0.972264203212119,74.2366882992687,485.36354161456,0.997963772700259,20.5129472831404,622.392053857626,TRUE,27.6590994075195,0.658346684661676,97.2436030868214,"2023-06-27 09:25:19","2023-06-27 09:26:12","1-Jun-GCW-UP","COMPASS","Synoptic","CB"
"121",1,"Jun","GWI","TR","1","1-Jun-GWI-TR-1","2023-06-22 10:16:25.5",NA,NA,NA,NA,NA,235.298100278127,0.267815427433363,0.0179927017999637,17596.0337426493,0.632352389120782,2.18150383147802e-20,0.809909143125793,2.0607339153039,227.76807488309,0.846456615366815,1.88874587590167,235.321410502242,TRUE,0.265403167748938,0.0182914195522596,2.32506442823492,"2023-06-22 10:15:59","2023-06-22 10:16:52","1-Jun-GWI-TR","2023-06-22 10:16:25.5",NA,NA,NA,NA,NA,391.418412941948,1.70810035761893,0.0763650148673344,3980.85335358315,2.6838437124935,2.40908611436078e-28,0.905849720748435,8.74621153784254,391.09221311223,0.913098316105503,8.5691932379911,391.436837533157,TRUE,1.71741912568096,0.077502988334837,9.34652704820912,"2023-06-22 10:15:59","2023-06-22 10:16:52","1-Jun-GWI-TR","COMPASS","Synoptic","CB"
"122",1,"Jun","GWI","TR","2","1-Jun-GWI-TR-2","2023-06-22 10:20:23.5",NA,NA,NA,NA,NA,200.910497457256,0.797786526218235,0.0130862556224425,17601.2323642728,0.459915642436395,4.78898831892705e-50,0.986201671433349,1.49879051436055,201.978614562349,0.986930865059646,1.48753702938139,200.927651222377,TRUE,0.796605625082792,0.0132500556752975,1.31627298254913,"2023-06-22 10:19:57","2023-06-22 10:20:50","1-Jun-GWI-TR","2023-06-22 10:20:23.5",NA,NA,NA,NA,NA,399.89266043828,3.35720951321049,0.0825983682348577,4098.92628603688,2.90291453009552,4.4269688016527e-41,0.969483834549617,9.46012781530538,400.221449649174,0.971489536136708,9.32504282664538,399.951873857005,TRUE,3.34572928181965,0.0847034155938521,10.3215982428868,"2023-06-22 10:19:57","2023-06-22 10:20:50","1-Jun-GWI-TR","COMPASS","Synoptic","CB"
"123",1,"Jun","GWI","TR","3","1-Jun-GWI-TR-3","2023-06-22 10:25:11.5",229.153692045234,0.40892727550434,5.16625413087379e-24,0.861957330573742,1.94676597240856,224.026964270028,0.308498610971586,0.016209603085605,17565.586199683,0.569685495365829,4.34667485278597e-25,0.874460125543437,1.85651266849699,219.811416574431,0.892177790670376,1.75459890910647,224.054339483407,TRUE,0.30733736533982,0.0154173917017758,1.96154312028587,"2023-06-22 10:24:45","2023-06-22 10:25:38","1-Jun-GWI-TR","2023-06-22 10:25:11.5",442.704185442758,4.56799475035928,1.33424927999665e-31,0.92940515451496,14.062179708276,405.19181141892,3.27303855034307,0.0867522311747221,3938.99068331979,3.04890178555645,1.87685438481722e-39,0.964756414584421,9.93587661250492,395.917266316894,0.972437431750507,8.96071487370689,405.416062266675,TRUE,3.23342521350779,0.0973817750301017,8.59873656749661,"2023-06-22 10:24:45","2023-06-22 10:25:38","1-Jun-GWI-TR","COMPASS","Synoptic","CB"
"124",1,"Jun","GWI","TR","4","1-Jun-GWI-TR-4","2023-06-22 10:29:52.5",206.728652803011,0.572949149009673,6.50165925474126e-30,0.918042398986195,1.5817475305846,228.561408202134,0.32581370709966,0.0169046619959846,17573.7334688513,0.594113297673933,2.44249694503854e-25,0.877205486312425,1.93611891583423,206.032441240596,0.92486885609434,1.5444335117241,228.880046724689,TRUE,0.316768613194428,0.0170033400947105,1.74350200518393,"2023-06-22 10:29:26","2023-06-22 10:30:19","1-Jun-GWI-TR","2023-06-22 10:29:52.5",416.81570657859,8.81730442888824,1.93175718717037e-32,0.934455494018634,11.0649313116883,458.000286884646,2.52274047487906,0.141460921177096,4079.18600456583,4.97163530347311,8.22742927262341e-24,0.859471993194137,16.201753422066,429.116391433784,0.923564612298943,12.1855316233684,463.106834423787,TRUE,2.25220488875353,0.0937131501501127,9.06780364756527,"2023-06-22 10:29:26","2023-06-22 10:30:19","1-Jun-GWI-TR","COMPASS","Synoptic","CB"
"125",1,"Jun","GWI","TR","5","1-Jun-GWI-TR-5","2023-06-22 10:33:57.566038",204.600771502712,0.439997439914365,9.23356723468357e-28,0.905285761397748,1.6062251379091,204.311569019658,0.309871393543414,0.0139927378091862,17623.1356920529,0.493465607979581,8.03195552793495e-28,0.905801176408138,1.60184880595218,194.566497819026,0.927319964857953,1.43546760053962,204.447463623347,TRUE,0.305087769709847,0.0154603028336908,1.3822884331391,"2023-06-22 10:33:31","2023-06-22 10:34:24","1-Jun-GWI-TR","2023-06-22 10:33:57.566038",357.879951009557,2.88442668747913,1.55664701135802e-30,0.92623506028415,6.82039089738302,376.568784519655,1.48208699896306,0.0710658234120301,4159.22036913396,2.50619573058565,1.27177405423841e-26,0.895048005821161,8.1354132357025,354.802522322015,0.935456000321401,6.50877494933012,376.572037711148,TRUE,1.48324446233199,0.072738671019485,10.3071588422964,"2023-06-22 10:33:31","2023-06-22 10:34:24","1-Jun-GWI-TR","COMPASS","Synoptic","CB"
"126",1,"Jun","GWI","UP","1","1-Jun-GWI-UP-1","2023-06-22 10:43:26.5",204.948064408503,0.151397352124233,0.308575738446482,0.0199287687518779,1.55588316826232,204.94775771264,0.0139709254314424,0.013584705029649,17594.073841243,0.477433615946272,0.308507499217963,0.019934335102435,1.55587874990813,208.027068904789,0.03650260739627,1.57322233508112,205.210538703862,TRUE,0.019821109491909,0.013758444753384,1.30749833514544,"2023-06-22 10:43:00","2023-06-22 10:43:53","1-Jun-GWI-UP","2023-06-22 10:43:26.5",491.458926734582,4.90982814063247,8.79187274115036e-30,0.917087205554474,22.0855090230552,376.32506897424,4.80537331825755,0.0664049422922072,3971.88531899759,2.33379757941576,7.12918916171928e-54,0.990167621098699,7.60546794176436,377.709524404786,0.990632512675614,7.57050522712878,376.344332166073,TRUE,4.81410060661097,0.0692054824472636,8.28389676648619,"2023-06-22 10:43:00","2023-06-22 10:43:53","1-Jun-GWI-UP","COMPASS","Synoptic","CB"
"127",1,"Jun","GWI","UP","2","1-Jun-GWI-UP-2","2023-06-22 10:47:07.5",NA,NA,NA,NA,NA,199.416114295444,-0.0148160170275641,0.0129064296434367,17577.5484832225,0.453595669554361,0.256240457239871,0.0247160149657769,1.4781947473707,190.911837327025,0.226312526771082,1.34265848455483,199.475580488127,TRUE,-0.0177304079219095,0.0144790738222421,1.60611830663587,"2023-06-22 10:46:41","2023-06-22 10:47:34","1-Jun-GWI-UP","2023-06-22 10:47:07.5",527.000619081178,6.37051427066399,1.14100152613258e-30,0.923340050270852,30.6922885914356,378.912350028992,6.96219474499471,0.0680149675433268,3964.03866181934,2.39038181703662,1.19043821716231e-61,0.995061784400005,7.7898667983877,373.535571473945,0.995848955438844,7.28350420765552,379.192997518113,TRUE,6.93321891345812,0.0706496216537328,8.31488951025233,"2023-06-22 10:46:41","2023-06-22 10:47:34","1-Jun-GWI-UP","COMPASS","Synoptic","CB"
"128",1,"Jun","GWI","UP","3","1-Jun-GWI-UP-3","2023-06-22 10:50:43.326923",178.181308157379,-0.644150091810612,0.000938031240884539,0.198347486547864,1.29209033918427,179.047250970413,-0.039806925822905,0.0118203627795082,17568.7159869336,0.422678897744436,0.00146557070983802,0.184885996231079,1.30289367946598,177.911421555759,0.261543619595629,1.2656878384413,179.048129480722,TRUE,-0.0401060701316825,0.0123446195650465,1.52663007468784,"2023-06-22 10:50:16","2023-06-22 10:51:09","1-Jun-GWI-UP","2023-06-22 10:50:43.326923",528.248027880455,7.00150582992677,1.95937517368131e-26,0.89795863765342,37.42307437472,347.977003643921,7.50352492952678,0.0599882223297898,3876.43795418159,2.14509115878918,4.27160563815177e-64,0.996814441017927,6.61217233123998,347.897032813728,0.997054829233367,6.48889822663616,347.981586086579,TRUE,7.50708954632934,0.0611681446930494,8.40021632171848,"2023-06-22 10:50:16","2023-06-22 10:51:09","1-Jun-GWI-UP","COMPASS","Synoptic","CB"
"129",1,"Jun","GWI","UP","4","1-Jun-GWI-UP-4","2023-06-22 10:54:41.5",NA,NA,NA,NA,NA,169.569515130485,0.0162336385827618,0.00979006611160887,17557.6638513911,0.344071266458647,0.103303427703965,0.0502203805235092,1.12127247444853,171.229062624833,0.0905061234980551,1.11896447119983,169.663129552102,TRUE,0.0143110753309046,0.0118013501999393,0.998127518190852,"2023-06-22 10:54:15","2023-06-22 10:55:08","1-Jun-GWI-UP","2023-06-22 10:54:41.5",NA,NA,NA,NA,NA,376.390299619285,4.85378972830762,0.0664450621589715,3910.34400548807,2.33520758964556,4.38849297456849e-54,0.990349378461884,7.61006293650378,364.286924998554,0.992837839507302,6.68573717912648,376.512253242805,TRUE,4.84924401992006,0.0656323871944254,6.55712331894129,"2023-06-22 10:54:15","2023-06-22 10:55:08","1-Jun-GWI-UP","COMPASS","Synoptic","CB"
"130",1,"Jun","GWI","UP","5","1-Jun-GWI-UP-5","2023-06-22 10:58:39.5",182.422084165527,-0.283334059383954,7.74457478323745e-05,0.261552692280037,1.262974239819,187.799013790196,-0.0397192096882088,0.011590199423867,17564.5945290523,0.407336840100546,0.00120067350181601,0.184238102716393,1.32744472194536,179.677465254909,0.348257595448646,1.21001121554669,187.841930190278,TRUE,-0.0374915150236767,0.0121462105534931,1.46308550721496,"2023-06-22 10:58:13","2023-06-22 10:59:06","1-Jun-GWI-UP","2023-06-22 10:58:39.5",NA,NA,NA,NA,NA,360.226794572035,5.94643583820201,0.057209123619701,3907.03614565532,2.01061110235802,5.38976069369348e-62,0.995210003547614,6.55225561000345,351.286605472434,0.996230672742239,5.92750361688907,360.239562364974,TRUE,5.9526645603108,0.0565188221073172,5.40870449006786,"2023-06-22 10:58:13","2023-06-22 10:59:06","1-Jun-GWI-UP","COMPASS","Synoptic","CB"
"131",1,"Jun","MSM","TR","1","1-Jun-MSM-TR-1","2023-06-29 11:50:17.5",341.562413635144,0.982387711117761,3.45350884193149e-28,0.904539058864257,5.51234992712097,199.42223835544,1.11944850010148,0.0129071615137187,17777.4470083552,0.453621391090043,6.25998848207372e-58,0.993134617862042,1.47827856968535,199.130324649801,0.993659156404006,1.44881893521057,199.426980099248,TRUE,1.11878146904903,0.0130039280113657,1.93873566685291,"2023-06-29 11:49:51","2023-06-29 11:50:44","1-Jun-MSM-TR","2023-06-29 11:50:17.5",418.279931351525,2.9768735436578,1.86456087107373e-30,0.921880524440482,11.2159671626048,356.402979888115,2.49500612617872,0.055219033188404,3670.42118037483,1.9406694975458,2.08970668773303e-43,0.97516211965311,6.32432725928162,351.479923431185,0.978945209005207,5.93812323795582,356.461813378172,TRUE,2.49384700806733,0.0626390593562314,6.8612909469421,"2023-06-29 11:49:51","2023-06-29 11:50:44","1-Jun-MSM-TR","COMPASS","Synoptic","CB"
"132",1,"Jun","MSM","TR","2","1-Jun-MSM-TR-2","2023-06-29 12:10:45.5",193.76618025988,-0.398494861685748,2.66529695599388e-31,0.927503908789783,1.40285209345412,203.977150255394,-0.313347779366613,0.0134631648098766,17733.5143503034,0.473162092458482,3.66714092073525e-29,0.912413692117099,1.54195854738696,179.554746692344,0.948257273254052,1.20863708123931,203.98804449096,TRUE,-0.314502770947053,0.0136644505880258,1.90057334879462,"2023-06-29 12:10:19","2023-06-29 12:11:12","1-Jun-MSM-TR","2023-06-29 12:10:45.5",NA,NA,NA,NA,NA,363.877047753022,2.79679178654298,0.0591757618636169,3618.23678864535,2.07972848149888,2.12839247188988e-44,0.977250252546776,6.77749794289086,321.384288457156,0.99038257054664,4.49394009396381,364.320615922569,TRUE,2.83479745064632,0.0560487991302031,6.21072909259696,"2023-06-29 12:10:19","2023-06-29 12:11:12","1-Jun-MSM-TR","COMPASS","Synoptic","CB"
"133",1,"Jun","MSM","TR","3","1-Jun-MSM-TR-3","2023-06-29 12:06:15.5",NA,NA,NA,NA,NA,199.894882938515,-0.040443426424257,0.0129637714062554,17677.8085049437,0.455610942253142,0.00295103659872156,0.15765868963221,1.48476219436768,190.523993451169,0.342413559233176,1.3378454479014,200.054196734603,TRUE,-0.0375260731759181,0.0113457741634104,1.0817340869191,"2023-06-29 12:05:49","2023-06-29 12:06:42","1-Jun-MSM-TR","2023-06-29 12:06:15.5",NA,NA,NA,NA,NA,322.074493347807,3.17823734487573,0.0401832941616646,3614.67957834727,1.41223938174327,7.29248139481729e-56,0.9917562142826,4.60225918420671,321.097009498417,0.99248212105269,4.48200214110007,322.118142344772,TRUE,3.17007265670187,0.0379513122331128,4.51670795343137,"2023-06-29 12:05:49","2023-06-29 12:06:42","1-Jun-MSM-TR","COMPASS","Synoptic","CB"
"134",1,"Jun","MSM","TR","4","1-Jun-MSM-TR-4","2023-06-29 11:59:58.5",221.366540127234,-1.0779523229663,3.82633175173628e-42,0.972224903717089,1.8113388384518,251.426305933166,-0.667514757432271,0.0208906451369771,17794.1938279553,0.734200428012905,7.46300576703327e-36,0.951536926743711,2.39264016182573,173.417385051807,0.989386588770275,1.14186846264518,251.741644014391,TRUE,-0.666592024048858,0.0223683107083743,2.21758491388866,"2023-06-29 11:59:32","2023-06-29 12:00:25","1-Jun-MSM-TR","2023-06-29 11:59:58.5",387.375828714121,1.60900146885685,2.02504050191719e-26,0.888393855808253,8.42488060029043,328.247230932281,1.55787580481048,0.0425468711475824,3644.29929035885,1.49530714835957,8.42601426835098e-39,0.96266235485489,4.87296356815434,331.768087646892,0.962992187199917,4.94746899781259,328.464523045995,TRUE,1.57598711416122,0.0471433034955735,4.72051979873257,"2023-06-29 11:59:32","2023-06-29 12:00:25","1-Jun-MSM-TR","COMPASS","Synoptic","CB"
"135",1,"Jun","MSM","TR","5","1-Jun-MSM-TR-5","2023-06-29 11:54:30.5",182.180091466321,0.152650378363162,3.4027718351947e-13,0.642088816214439,1.26014749545008,168.564554066821,0.112676834610553,0.00969939016998246,17862.8682603598,0.340884466112556,4.57785020887258e-16,0.721854242410726,1.1108872087842,171.680198938558,0.726372323523547,1.12364837221914,168.720841275847,TRUE,0.110399289804559,0.00999649098847187,0.999466731758747,"2023-06-29 11:54:04","2023-06-29 11:54:57","1-Jun-MSM-TR","2023-06-29 11:54:30.5",442.501042192349,2.98949292131534,2.75052832076199e-29,0.913375572423407,14.0357542270421,324.231599802769,2.98797266048845,0.0409939522223077,3662.00573623858,1.44072990901966,4.91852105498757e-54,0.990306970777024,4.69510519354174,325.006570609812,0.990868917730298,4.64722140186272,324.446210946307,TRUE,2.97165038255944,0.042740377201752,3.87580865016258,"2023-06-29 11:54:04","2023-06-29 11:54:57","1-Jun-MSM-TR","COMPASS","Synoptic","CB"
"136",1,"Jun","MSM","UP","1","1-Jun-MSM-UP-1","2023-06-29 11:13:26.5",270.105155012956,-1.30556476169095,5.68853564222039e-36,0.952039901423171,2.84439312717373,220.499924457069,-0.809896172049818,0.0156887841801044,18157.0101554753,0.551381347225426,2.37729198202961e-46,0.980860504928277,1.79686241728797,166.508003781714,0.993460703780781,1.07110429805333,220.623679354906,TRUE,-0.81526425015003,0.0161222313024472,1.8621468528497,"2023-06-29 11:13:00","2023-06-29 11:13:53","1-Jun-MSM-UP","2023-06-29 11:13:26.5",507.555327313415,5.1312381187748,5.03832521789122e-28,0.903145003234167,25.6350982849997,381.994560871151,5.16159777756908,0.0699840095648135,3773.88638350289,2.45958367679115,2.67706997120559e-54,0.990531072931918,8.01538443989856,385.278507009248,0.990655804521415,8.12010413167903,382.006561112379,TRUE,5.16796502528387,0.0692728676315574,8.47112328662014,"2023-06-29 11:13:00","2023-06-29 11:13:53","1-Jun-MSM-UP","COMPASS","Synoptic","CB"
"137",1,"Jun","MSM","UP","2","1-Jun-MSM-UP-2","2023-06-29 11:09:22.5",230.374908669325,-1.57009080673755,3.85251840732211e-46,0.980501937042844,1.96890407614504,270.352886532859,-0.869443504254229,0.0248920275709612,18003.5123240248,0.874828765549232,8.91118118597974e-38,0.959119709644338,2.85092511432958,177.509295496688,0.993197785543737,1.18596167162264,271.880383667703,TRUE,-0.847746385024014,0.0238706670860958,2.42142311753883,"2023-06-29 11:08:56","2023-06-29 11:09:49","1-Jun-MSM-UP","2023-06-29 11:09:22.5",506.02606400496,5.96005534091107,1.92332553420756e-29,0.914557247701646,25.2746671023645,346.067895951401,5.43203438689893,0.0501797960395394,3907.84719835139,1.76356582040727,6.58141800482302e-63,0.995582127300023,5.74717508861955,349.081792824227,0.995662070668879,5.80772087245522,346.1222122664,TRUE,5.42374911749589,0.0539241160282517,5.99678891174491,"2023-06-29 11:08:56","2023-06-29 11:09:49","1-Jun-MSM-UP","COMPASS","Synoptic","CB"
"138",1,"Jun","MSM","UP","3","1-Jun-MSM-UP-3","2023-06-29 11:05:27.5",281.207515643952,-0.854715652693792,7.57927836682434e-31,0.924534945981357,3.1523536623725,214.370114400568,-0.714549653670056,0.0148231266567483,18104.1545046489,0.520957867242242,7.79563392333468e-45,0.978111967292162,1.69771722846361,190.648610384384,0.986900437269726,1.33939002585149,214.519915381636,TRUE,-0.717985041962882,0.0148919953723653,1.59398363188673,"2023-06-29 11:05:01","2023-06-29 11:05:54","1-Jun-MSM-UP","2023-06-29 11:05:27.5",440.879235806017,2.83441329024942,3.06190841358586e-29,0.913018152495826,13.8265578082274,306.342235890452,2.9410775511642,0.0347361972130819,3741.80256836832,1.22080149723302,2.16860364374568e-57,0.99279861388731,3.97839415566967,307.102952962021,0.993217899906814,3.93730018237314,306.516421436165,TRUE,2.9350375262663,0.0344385690179089,3.99658169289687,"2023-06-29 11:05:01","2023-06-29 11:05:54","1-Jun-MSM-UP","COMPASS","Synoptic","CB"
"139",1,"Jun","MSM","UP","4","1-Jun-MSM-UP-4","2023-06-29 11:01:36.5",196.155823207406,-0.599282673815094,2.48607273531613e-28,0.905735960077542,1.43423799971222,190.604563892491,-0.281333739147048,0.0118952264324798,18108.3944949515,0.41805699540502,1.70848457262396e-29,0.914944951055717,1.36237997006543,182.000379127722,0.932651013632061,1.23631859701833,190.811801585263,TRUE,-0.282901492764298,0.0112028227091054,1.0687397049257,"2023-06-29 11:01:10","2023-06-29 11:02:03","1-Jun-MSM-UP","2023-06-29 11:01:36.5",510.334409381948,5.57957716286507,3.92442662193868e-30,0.919615863148922,26.3033072076859,333.321647595958,5.83233153042479,0.0445936582961787,3807.68971003645,1.56724135578578,3.65346547006962e-67,0.996969272327216,5.10738548774226,329.910655739637,0.997357931437385,4.86310775182596,333.343817126826,TRUE,5.83530693310901,0.0496680482171181,5.54505900140267,"2023-06-29 11:01:10","2023-06-29 11:02:03","1-Jun-MSM-UP","COMPASS","Synoptic","CB"
"140",1,"Jun","MSM","UP","5","1-Jun-MSM-UP-5","2023-06-29 10:57:57.5",193.178613450335,-0.376662251855864,2.31717805990306e-22,0.840287117364172,1.3952406934703,181.529533905941,-0.205179374853656,0.0109365361468113,18106.3211550296,0.384363884758868,8.34742322079703e-25,0.871278130747731,1.25257958500299,180.041908340369,0.883716482118966,1.21410126273541,181.777347377697,TRUE,-0.210145522251306,0.0113521690992249,1.15303608647316,"2023-06-29 10:57:31","2023-06-29 10:58:24","1-Jun-MSM-UP","2023-06-29 10:57:57.5",494.187967898628,6.97805742470657,1.45868252228106e-34,0.945672842575896,22.6506962916805,392.70953313563,6.09312652760684,0.0772834233799848,3805.1259572429,2.7161211227246,8.59826956212368e-56,0.991703829977371,8.85139838477435,347.203194325127,0.996683168654425,5.70757241292911,392.802471944135,TRUE,6.07346595748861,0.0815319040576642,10.6524853944089,"2023-06-29 10:57:31","2023-06-29 10:58:24","1-Jun-MSM-UP","COMPASS","Synoptic","CB"
"141",1,"May","GCW","TR","1a","1-May-GCW-TR-1a","2023-05-18 10:13:54.5",794.156088615879,97.3130759488082,1.21035337038662e-32,0.93562206237374,364.189083178071,625.711101249649,90.2435047579167,0.66840977046107,19492.1877002072,23.491219938052,7.03011921161388e-68,0.99715540878148,76.5540772377166,565.794782134163,0.999129089589907,43.1978173681004,625.730060448499,TRUE,90.161726180044,0.675179871375047,94.1269978161612,"2023-05-18 10:13:28","2023-05-18 10:14:21","1-May-GCW-TR","2023-05-18 10:13:54.5",400.096839793062,2.93223250510799,4.58523712494084e-25,0.874202555454853,9.47802957273381,383.674802194675,1.60253403067645,0.071081319819435,4182.38414969329,2.49814857765102,1.65853144827493e-28,0.907189366064365,8.14106119942303,383.122559700043,0.914692665452874,7.9596139752165,383.77649337128,TRUE,1.59479215239835,0.0772120501683653,8.06445508569016,"2023-05-18 10:13:28","2023-05-18 10:14:21","1-May-GCW-TR","COMPASS","Synoptic","CB"
"142",1,"May","GCW","TR","2","1-May-GCW-TR-2","2023-05-18 10:17:30.5",NA,NA,NA,NA,NA,664.201635580081,66.4064469741998,0.954602716911081,20948.6776268147,33.5494532956207,5.43663667973541e-53,0.989368700471359,109.332229047662,606.046946905884,0.996637147128214,62.7083867997276,677.39765406468,TRUE,69.4598673113742,0.395694063406334,40.1405042392695,"2023-05-18 10:17:04","2023-05-18 10:17:57","1-May-GCW-TR","2023-05-18 10:17:30.5",NA,NA,NA,NA,NA,388.218567430625,3.43616706859833,0.0741356461680195,4144.86020799799,2.60549268778826,5.73351396246908e-44,0.976366830361757,8.490878251076,385.483609456706,0.979137990566593,8.13553964705859,388.435818850942,TRUE,3.46452893879887,0.0749717185236795,9.32523152284868,"2023-05-18 10:17:04","2023-05-18 10:17:57","1-May-GCW-TR","COMPASS","Synoptic","CB"
"143",1,"May","GCW","TR","4","1-May-GCW-TR-4","2023-05-18 10:22:25.5",630.037657506041,18.664156611307,1.42873486016081e-30,0.922675144775699,79.6831455017716,419.547267109039,18.0277783477374,0.0990848966038663,18603.4621270868,3.48233254737579,1.33025590890479e-74,0.998431616840926,11.3483571948255,411.800237864275,0.998738239869512,10.3803496296466,419.619068003024,TRUE,18.0393591601112,0.100433032386162,11.6344256774514,"2023-05-18 10:21:59","2023-05-18 10:22:52","1-May-GCW-TR","2023-05-18 10:22:25.5",446.123860346658,5.60607612910809,2.07724730623762e-29,0.914304308157077,14.51456401145,390.552010208528,3.0736002533914,0.0757548465483067,4151.85054503623,2.66239938475481,4.84112149440341e-41,0.969378749820863,8.67632795042785,384.271720270159,0.974686990358773,8.04475944449572,390.642769233796,TRUE,3.09307179911588,0.077147879399442,10.1939422880007,"2023-05-18 10:21:59","2023-05-18 10:22:52","1-May-GCW-TR","COMPASS","Synoptic","CB"
"144",1,"May","GCW","TR","5","1-May-GCW-TR-5","2023-05-18 10:30:02.5",239.214314127534,0.482311074165311,1.5733853254485e-29,0.915213549727262,2.13683001252897,194.793394759894,0.45335739515527,0.0123656522651739,18538.0334955973,0.43459008212626,7.90031960532642e-39,0.962754686397121,1.41625861924471,189.687089516046,0.968534527130363,1.32751840007433,194.979860664107,TRUE,0.448211654867457,0.0133396964082117,1.21771857468402,"2023-05-18 10:29:36","2023-05-18 10:30:29","1-May-GCW-TR","2023-05-18 10:30:02.5",NA,NA,NA,NA,NA,377.210856399321,2.64893542683478,0.0669518176572032,4047.58975708508,2.3530174802095,1.72067145474634e-40,0.967849110001074,7.66810248240315,355.138106669457,0.980161759086277,6.14270499002489,377.431367685732,TRUE,2.67974186600491,0.0599589738443276,6.87006163851781,"2023-05-18 10:29:36","2023-05-18 10:30:29","1-May-GCW-TR","COMPASS","Synoptic","CB"
"145",1,"May","GCW","UP","1","1-May-GCW-UP-1","2023-05-18 09:43:17.5",372.230677949287,-1.67056470554641,5.97553949081172e-31,0.925220827936425,7.32253388050771,239.088658568114,-1.68059564955312,0.0186354183442772,18479.0821766998,0.65494062221899,8.33395852175667e-59,0.993646877360053,2.13434530482832,227.291238644268,0.995258271968152,1.88042516098916,239.28988210218,TRUE,-1.67803433537695,0.0196256013638884,2.19857756910317,"2023-05-18 09:42:51","2023-05-18 09:43:44","1-May-GCW-UP","2023-05-18 09:43:17.5",487.34823044758,4.20336144592874,4.52387477000709e-29,0.911704813737148,21.2606870826994,345.974995049888,4.49036638336766,0.0501366502630419,4185.75821631019,1.76204946476752,1.19055417943534e-58,0.993559135870724,5.74223353143046,347.643246821252,0.993831336573313,5.73087570312068,345.976022799901,TRUE,4.49166018885811,0.0529683647680235,6.69740627327901,"2023-05-18 09:42:51","2023-05-18 09:43:44","1-May-GCW-UP","COMPASS","Synoptic","CB"
"146",1,"May","GCW","UP","2","1-May-GCW-UP-2","2023-05-18 09:52:22.5",NA,NA,NA,NA,NA,207.281838192915,-0.651972072966516,0.0138814912212458,18466.8582942027,0.487864148247689,2.92743515707536e-44,0.976969746522456,1.58987016361669,210.348881121756,0.977364222327456,1.60741005138615,207.374938469637,TRUE,-0.653349341726099,0.0144733920731834,1.41526056183475,"2023-05-18 09:51:56","2023-05-18 09:52:49","1-May-GCW-UP","2023-05-18 09:52:22.5",470.245109680304,4.47847145846726,1.17081471678337e-30,0.923264078216446,18.1468585150535,387.987394516192,4.0899225704119,0.0739771292750063,4212.26636169314,2.59992162141217,7.15920097512244e-48,0.983272084368662,8.47272304897169,387.463755354841,0.984616310527719,8.2860780173019,387.98938210214,TRUE,4.08727278334232,0.0750398522915841,9.26004487188563,"2023-05-18 09:51:56","2023-05-18 09:52:49","1-May-GCW-UP","COMPASS","Synoptic","CB"
"147",1,"May","GCW","UP","3","1-May-GCW-UP-3","2023-05-18 09:56:06.5",329.86018202463,-2.17215020761583,2.37571353638588e-37,0.957549774542808,4.94628613835552,274.337093478777,-1.50000706725761,0.0258274629025181,18477.981381122,0.907704582275058,5.75158019305124e-49,0.984817751547111,2.95806207101036,195.809804710339,0.99670685262939,1.40495200504055,274.445118643112,TRUE,-1.49350120755634,0.0258828657548799,3.57902536879832,"2023-05-18 09:55:40","2023-05-18 09:56:33","1-May-GCW-UP","2023-05-18 09:56:06.5",480.69687219382,6.88847682547884,2.43898635897953e-34,0.94458921996281,19.9908174373279,414.940476772401,5.30297532639996,0.0949472579567922,4221.62960712196,3.33691549367899,4.25385563773236e-48,0.983603578103061,10.8744665927307,385.413659919105,0.991187279798368,8.13027211941042,415.108305831767,TRUE,5.27660179601836,0.0976762379630264,10.1239948518723,"2023-05-18 09:55:40","2023-05-18 09:56:33","1-May-GCW-UP","COMPASS","Synoptic","CB"
"148",1,"May","GCW","UP","4","1-May-GCW-UP-4","2023-05-18 10:00:04.5",360.696202328615,-1.98603225478277,3.27978854750243e-34,0.943955057172288,6.58079610369411,284.056702670754,-1.73829047372391,0.0282596434609581,18462.0972589503,0.993183417193876,3.02668929036147e-50,0.986442987709257,3.23662373565875,259.051460275991,0.992077000908849,2.52331629628489,285.973227700825,TRUE,-1.70375729018826,0.0226362774491338,2.34376914895306,"2023-05-18 09:59:38","2023-05-18 10:00:31","1-May-GCW-UP","2023-05-18 10:00:04.5",487.758149391671,7.54581682116561,2.1663529812418e-33,0.939739256606963,21.3415363302562,423.634358183691,5.42321117219574,0.102906464087306,4215.54979648713,3.61664129962469,8.28009673533135e-47,0.981621100227651,11.7860476434475,413.560275491117,0.985837861595707,10.5509004276629,424.866116243105,TRUE,5.32647989712704,0.0997950964120361,8.51051740353462,"2023-05-18 09:59:38","2023-05-18 10:00:31","1-May-GCW-UP","COMPASS","Synoptic","CB"
"149",1,"May","GCW","UP","5","1-May-GCW-UP-5","2023-05-18 09:48:05.5",NA,NA,NA,NA,NA,233.791839835021,-1.70140910146234,0.0177435019960163,18502.2403093456,0.623594277462706,3.49484636841e-60,0.994376388335963,2.03219264932891,196.689716668054,0.997373049485323,1.41644537336557,235.138427527688,TRUE,-1.71852366598236,0.0178815723825884,1.71617359815894,"2023-05-18 09:47:39","2023-05-18 09:48:32","1-May-GCW-UP","2023-05-18 09:48:05.5",456.845959640961,2.53855265658581,6.36045042760308e-24,0.860852108448382,16.0295077338006,362.920225584724,2.67230033509098,0.0586538118138289,4187.92132409693,2.06138457936264,1.3711887636351e-43,0.975561203500426,6.71771813985456,359.33065047721,0.978765564013479,6.38585282384118,363.030971433193,TRUE,2.65323910429922,0.0626671227622794,7.20490664397078,"2023-05-18 09:47:39","2023-05-18 09:48:32","1-May-GCW-UP","COMPASS","Synoptic","CB"
"150",1,"May","GWI","TR","1","1-May-GWI-TR-1","2023-05-23 12:36:43.5",183.388686897843,-1.57668647068146,1.51949198593703e-24,0.868286456702968,1.27432862644822,224.652524186174,-0.187223143353311,0.0163037651366912,17432.8632447457,0.572994814812725,7.07573091085664e-16,0.717190203961262,1.86729720404729,174.533342252686,0.896189460722915,1.15372848649952,225.053322186972,TRUE,-0.179506780671059,0.014883731840484,1.72666551934493,"2023-05-23 12:36:17","2023-05-23 12:37:10","1-May-GWI-TR","2023-05-23 12:36:43.5",427.547556129634,2.55682866013411,2.08932017719967e-30,0.921538350193168,12.2209261810117,337.973474195071,2.72636235754286,0.0465563835149121,3811.30941204135,1.63622121189923,3.76464412220214e-49,0.985063159578441,5.3321796553794,335.205887255989,0.986822576969109,5.10748754994454,338.334917677089,TRUE,2.731027061307,0.0451582021409808,4.44523231978753,"2023-05-23 12:36:17","2023-05-23 12:37:10","1-May-GWI-TR","COMPASS","Synoptic","CB"
"151",1,"May","GWI","TR","2","1-May-GWI-TR-2","2023-05-23 12:27:41.5",224.60107925515,-0.587357038077726,4.25891986370529e-35,0.948182749980498,1.86640794386135,207.546983762944,-0.506385940193434,0.0139156128661834,17525.4961365291,0.489063351343306,1.1485242927672e-38,0.962215214462259,1.59377817208316,175.445250847091,0.980637157139295,1.1635113493109,207.576688847164,TRUE,-0.504134750937702,0.014066856170867,2.08868484756048,"2023-05-23 12:27:15","2023-05-23 12:28:08","1-May-GWI-TR","2023-05-23 12:27:41.5",428.898405994495,4.79749342287379,4.41626702825803e-38,0.960207893888533,12.3747438867113,391.616271558455,3.86667684537086,0.0765050456553928,3913.90121312376,2.68876508585719,6.99699659616689e-46,0.980049411198758,8.76224949575164,338.216906168631,0.993108371281621,5.25188686478874,392.63431687748,TRUE,3.80177365923214,0.0763790806765167,7.15219999489454,"2023-05-23 12:27:15","2023-05-23 12:28:08","1-May-GWI-TR","COMPASS","Synoptic","CB"
"152",1,"May","GWI","TR","3","1-May-GWI-TR-3","2023-05-23 12:23:51.5",217.87717201153,-0.632250689461345,2.6199291766102e-36,0.953447660709863,1.75375165751488,206.667181077481,-0.501996148407962,0.0138027123011083,17605.0401855308,0.485095467984151,1.18120403282221e-38,0.962174448834283,1.58084748351321,174.391701795149,0.980678534186375,1.15221637983699,206.942285637676,TRUE,-0.497512065546704,0.013657676827797,1.7179103685602,"2023-05-23 12:23:25","2023-05-23 12:24:18","1-May-GWI-TR","2023-05-23 12:23:51.5",476.930823189955,4.74704298738862,1.10063297513959e-32,0.935856629579151,19.3057352673731,378.844795582863,4.77430097116337,0.0679724372030089,3983.51464659154,2.38888709086324,3.3092873718686e-53,0.989569723047499,7.78499572812282,362.801767670129,0.992803853758132,6.59442781081425,379.246189774134,TRUE,4.81356551947674,0.0678676215111208,7.34835012640373,"2023-05-23 12:23:25","2023-05-23 12:24:18","1-May-GWI-TR","COMPASS","Synoptic","CB"
"153",1,"May","GWI","TR","4","1-May-GWI-TR-4","2023-05-23 12:19:07.5",NA,NA,NA,NA,NA,221.509319389573,0.0351352713602771,0.0158361028355035,17538.0251865551,0.556558852234924,0.0308979567085131,0.0864780050372223,1.81373506670512,219.256070247927,0.186369327967105,1.74559975084363,221.787696440909,TRUE,0.0269816941961532,0.0152636791514223,1.72157247713016,"2023-05-23 12:18:41","2023-05-23 12:19:34","1-May-GWI-TR","2023-05-23 12:19:07.5",530.681555634803,13.823810105063,2.72786487977015e-37,0.95732368576437,31.7563969238363,487.000791419591,9.58621440071498,0.185035314056072,4039.99634067283,6.50305463937093,1.98091507013141e-46,0.980994260289618,21.1924007546786,445.856642250701,0.991762159278824,14.228566054407,489.501881108501,TRUE,9.34824881964146,0.154930565427383,16.0852349862304,"2023-05-23 12:18:41","2023-05-23 12:19:34","1-May-GWI-TR","COMPASS","Synoptic","CB"
"154",1,"May","GWI","TR","5","1-May-GWI-TR-5","2023-05-23 12:33:03.5",NA,NA,NA,NA,NA,148.273583055198,0.178391824636392,0.00803802698532561,17471.3974914183,0.28249596000075,3.4824821529211e-28,0.904508439289709,0.920608533667906,150.063820289924,0.908337226116997,0.919825971974141,148.310662918477,TRUE,0.176875791100958,0.00888474239059647,0.977120019747675,"2023-05-23 12:32:37","2023-05-23 12:33:30","1-May-GWI-TR","2023-05-23 12:33:03.5",434.262036121487,5.93756847889143,2.97086158840046e-34,0.944167664059536,13.0048303539147,431.30123930854,3.37245769531952,0.110477303318798,3910.82300910877,3.88271797498495,7.13030935293755e-35,0.947146516237364,12.653148390467,412.609051163283,0.965280623847222,10.4583800134215,436.823298906172,TRUE,3.15109977464612,0.0672595782556203,7.00771300393233,"2023-05-23 12:32:37","2023-05-23 12:33:30","1-May-GWI-TR","COMPASS","Synoptic","CB"
"155",1,"May","GWI","UP","1","1-May-GWI-UP-1","2023-05-23 12:41:36.5",326.514639433329,-1.719794054969,1.24210287843865e-35,0.950578918948205,4.79541270112485,241.916409377516,-1.35112077578859,0.0191297910341321,17588.4493367871,0.672315319750321,2.48796963010627e-53,0.989683514134225,2.19096662719059,169.437959203512,0.997497036100715,1.10056027098575,242.038105785159,TRUE,-1.356654180073,0.0193231394483842,2.54577690536099,"2023-05-23 12:41:10","2023-05-23 12:42:03","1-May-GWI-UP","2023-05-23 12:41:36.5",452.788401868464,2.79651937736332,2.59001795176131e-26,0.887335030457273,15.438451956988,357.866331786308,2.8676468289752,0.0559723183085729,3866.0280605245,1.96714365638664,3.49789570110185e-46,0.980574193173931,6.41060225079118,359.765939147359,0.981315276387957,6.41164262585299,357.979209509212,TRUE,2.85265631263896,0.0568041893430452,5.87290459251094,"2023-05-23 12:41:10","2023-05-23 12:42:03","1-May-GWI-UP","COMPASS","Synoptic","CB"
"156",1,"May","GWI","UP","2","1-May-GWI-UP-2","2023-05-23 12:45:04.5",265.026055936584,-0.6554143712966,1.36973620273919e-29,0.915663595779305,2.71372176465445,215.975625642821,-0.578257962660619,0.0150451310103014,17639.5772714738,0.52876019648247,7.39255040223364e-40,0.965996199038799,1.72314375449613,188.406930145417,0.981048807862692,1.31187578139969,216.089558959998,TRUE,-0.580493925828606,0.0150125362872525,1.69454129751463,"2023-05-23 12:44:38","2023-05-23 12:45:31","1-May-GWI-UP","2023-05-23 12:45:04.5",484.6196081344,3.83047466692227,4.46969922471947e-28,0.903589204315442,20.7302641562069,339.60696697412,4.1897276144482,0.0472658978553952,3878.87644403467,1.66115704940202,2.0307894230654e-58,0.993425497544526,5.41344150705035,334.843445425316,0.994410379102211,5.09037584250017,339.65930098849,TRUE,4.1921845457282,0.055211908461481,5.24107982343028,"2023-05-23 12:44:38","2023-05-23 12:45:31","1-May-GWI-UP","COMPASS","Synoptic","CB"
"157",1,"May","GWI","UP","3","1-May-GWI-UP-3","2023-05-23 12:52:06.5",323.489940377973,-2.17439229686848,3.68854295726636e-39,0.963829217061761,4.66297334229731,292.204435973048,-1.52796865878945,0.0304740876057391,17700.6295154283,1.07100991935542,1.05072262223645e-45,0.979735096480775,3.49024768849421,189.779951538517,0.997176247389475,1.32866033578849,292.22704241737,TRUE,-1.52647653719052,0.0332227381542557,3.67541036230043,"2023-05-23 12:51:40","2023-05-23 12:52:33","1-May-GWI-UP","2023-05-23 12:52:06.5",NA,NA,NA,NA,NA,341.979460092755,4.72324130248718,0.0483157014095015,3871.96833305611,1.69805233021793,1.28795846480359e-60,0.994588184904675,5.53367724554059,336.862904659253,0.995428874551425,5.18645471141111,342.028876159577,TRUE,4.71384323323574,0.0528958121507717,6.1751677137285,"2023-05-23 12:51:40","2023-05-23 12:52:33","1-May-GWI-UP","COMPASS","Synoptic","CB"
"158",1,"May","GWI","UP","4","1-May-GWI-UP-4","2023-05-23 12:56:00.5",270.588493438649,-1.01877425843453,2.66037736029147e-34,0.944403942903178,2.85715132587924,205.869879897503,-0.756510289815324,0.0137011901055091,17708.9582129781,0.481527476714707,7.64821859650129e-48,0.98322953271375,1.56921997843068,158.012861832227,0.993580730729011,0.990080970091149,205.931018159267,TRUE,-0.758916120947438,0.0152012616853334,1.69822436369075,"2023-05-23 12:55:34","2023-05-23 12:56:27","1-May-GWI-UP","2023-05-23 12:56:00.5",NA,NA,NA,NA,NA,345.468946468434,2.59330597473661,0.0499022777399691,3878.46267976618,1.75381245697642,1.69214305470021e-46,0.981109048136729,5.71539045847338,319.227630193916,0.989209580095558,4.40509041825339,345.506433184465,TRUE,2.59886373403556,0.0488820305410405,4.90464961342584,"2023-05-23 12:55:34","2023-05-23 12:56:27","1-May-GWI-UP","COMPASS","Synoptic","CB"
"159",1,"May","GWI","UP","5","1-May-GWI-UP-5","2023-05-23 12:48:29.5",298.755430030159,-1.56849568210051,8.713058927419e-36,0.951247677108774,3.70850954864863,252.338370771223,-1.04652427149682,0.0210678146201464,17685.4961382177,0.740427038513483,1.69067588614298e-45,0.979361099395731,2.4129316759509,207.578564783817,0.991633645016894,1.56670257934149,252.346704582084,TRUE,-1.04526541415106,0.0215416101105129,2.65749602331957,"2023-05-23 12:48:03","2023-05-23 12:48:56","1-May-GWI-UP","2023-05-23 12:48:29.5",NA,NA,NA,NA,NA,342.993756609086,1.21045329664801,0.048771602289649,3887.41817282183,1.71407493838254,1.7026274643584e-30,0.922152600224095,5.58589232786573,343.691236336747,0.926770912338315,5.52495806399623,343.02288916837,TRUE,1.21221196657698,0.0536965016722539,5.68189259932677,"2023-05-23 12:48:03","2023-05-23 12:48:56","1-May-GWI-UP","COMPASS","Synoptic","CB"
"160",1,"May","MSM","TR","1","1-May-MSM-TR-1","2023-05-19 11:20:35.5",210.992853253109,-0.767529321952819,5.10306976649737e-06,0.332154271171269,1.64544951017252,207.760324601196,-0.0772121949862031,0.0139431286316052,17676.5489572847,0.490030391212939,1.02351498920738e-06,0.370959551738589,1.59692959823587,211.608350364671,0.372727395174408,1.62626499633329,207.947860926094,TRUE,-0.072685265996593,0.0142131729914655,1.62802533972028,"2023-05-19 11:20:09","2023-05-19 11:21:02","1-May-MSM-TR","2023-05-19 11:20:35.5",480.874174938424,4.03211247435512,1.02365389394331e-25,0.881234730965986,20.0236631578833,395.309915013284,3.61344504128822,0.0791668061972519,3843.88140870396,2.78231249505815,1.25036318942898e-43,0.975647715022422,9.06710533585887,397.426706501662,0.976482344137717,9.08683176583902,395.343689834406,TRUE,3.60103835307158,0.0832406807115424,9.7606821054247,"2023-05-19 11:20:09","2023-05-19 11:21:02","1-May-MSM-TR","COMPASS","Synoptic","CB"
"161",1,"May","MSM","TR","2","1-May-MSM-TR-2","2023-05-19 11:37:12.5",201.003281529598,-0.293005670344127,3.7017170223834e-18,0.768633718409251,1.50007869621548,197.950487664565,-0.173565402847586,0.0127324645074327,17725.1801622361,0.447481675636222,8.44602352256313e-19,0.781350745214567,1.45827023242961,198.196704247143,0.796033786124681,1.43634840595003,198.040813765335,TRUE,-0.170499416049636,0.0126927105447811,1.46687249477268,"2023-05-19 11:36:46","2023-05-19 11:37:39","1-May-MSM-TR","2023-05-19 11:37:12.5",399.234471414944,1.58347333334946,3.3711183365911e-25,0.8756781902603,9.4026498764158,390.078620278006,1.58847559544973,0.0754235215363543,3903.65966652311,2.65075498775357,4.06146944212311e-27,0.89506714758402,8.63838074846176,383.702617035636,0.913411030316354,8.00247928554069,390.11406731446,TRUE,1.60180197992831,0.0758515741031174,8.95646827392999,"2023-05-19 11:36:46","2023-05-19 11:37:39","1-May-MSM-TR","COMPASS","Synoptic","CB"
"162",1,"May","MSM","TR","3","1-May-MSM-TR-3","2023-05-19 11:32:55.5",NA,NA,NA,NA,NA,194.4182296813,0.156646634738868,0.0123227715931218,17649.1926457892,0.433083043565808,1.40168322448429e-17,0.756547515112844,1.41134742490651,197.721679975308,0.759667658688172,1.4300446832884,194.676627994961,TRUE,0.159291004705511,0.0113769679057701,1.23529002678574,"2023-05-19 11:32:29","2023-05-19 11:33:22","1-May-MSM-TR","2023-05-19 11:32:55.5",416.057356378629,1.89239760005475,4.14695572655666e-23,0.85048089148248,10.9875081489005,382.726530916257,1.71540291214638,0.0704599371969398,3857.54336903981,2.4763101239123,4.28438795512746e-30,0.919344524671143,8.06989321927237,386.707347420027,0.919373172434263,8.22824692765181,382.959987217443,TRUE,1.69569532399551,0.0728855743237881,8.73392942594688,"2023-05-19 11:32:29","2023-05-19 11:33:22","1-May-MSM-TR","COMPASS","Synoptic","CB"
"163",1,"May","MSM","TR","4","1-May-MSM-TR-4","2023-05-19 11:28:42.5",209.540490382153,0.339296738931161,8.54809818472293e-14,0.660435512911736,1.62346994674607,214.687691144066,0.138838993504303,0.0148667785855797,17741.5040385033,0.522492011574383,1.04473683061526e-12,0.626475944235189,1.70271675611718,213.624638163869,0.659905959709511,1.6569114609866,214.750889255024,TRUE,0.135426466857446,0.0159780079539433,1.87721423424777,"2023-05-19 11:28:16","2023-05-19 11:29:09","1-May-MSM-TR","2023-05-19 11:28:42.5",412.388393342811,3.03819789718195,7.43651310647923e-24,0.860015586871661,10.6205109286792,394.269016068518,1.6954431883117,0.0784074653484509,3910.61081614469,2.75562550801003,1.18326715912497e-27,0.899918279424173,8.98013677172677,395.132834760613,0.905565202162468,8.89586670473252,394.27315476294,TRUE,1.69669683100462,0.0812652860652485,9.83623021203418,"2023-05-19 11:28:16","2023-05-19 11:29:09","1-May-MSM-TR","COMPASS","Synoptic","CB"
"164",1,"May","MSM","TR","5","1-May-MSM-TR-5","2023-05-19 11:24:06.5",234.680461897431,0.31319680915432,7.48155418929433e-20,0.80072342608098,2.0489824724484,204.564938634197,0.272007415338689,0.0135366376382813,17673.7285008017,0.475744290457075,3.59492340683228e-26,0.885908723022733,1.55037351202262,208.344348450405,0.886373835637408,1.57785090158894,204.607089078709,TRUE,0.274207898301697,0.0139546318661726,1.77699074754315,"2023-05-19 11:23:40","2023-05-19 11:24:33","1-May-MSM-TR","2023-05-19 11:24:06.5",466.804783635094,3.44189961837116,1.95259518792398e-25,0.878255531543305,17.5779027979453,405.403379033283,3.10934425521504,0.0869223418383214,3869.92720118668,3.05488031428092,2.70725323695409e-38,0.960949281362383,9.95535966834229,407.273549538342,0.962459513439908,9.95426178317783,405.432913467694,TRUE,3.09484590425917,0.0938267923548386,11.7704896204267,"2023-05-19 11:23:40","2023-05-19 11:24:33","1-May-MSM-TR","COMPASS","Synoptic","CB"
"165",1,"May","MSM","UP","1","1-May-MSM-UP-1","2023-05-19 11:58:34.5",196.013575068292,-0.638717129642005,6.34443143273457e-27,0.893255473144293,1.43235019056072,216.286476381879,-0.25367850360779,0.0150884970013722,17586.0055017348,0.530284291549741,1.13031060362266e-22,0.844621748170694,1.72811053322474,190.450678857679,0.910579701448581,1.33693757464936,216.307541032301,TRUE,-0.251852898361618,0.015555216054077,1.84513940972142,"2023-05-19 11:58:08","2023-05-19 11:59:01","1-May-MSM-UP","2023-05-19 11:58:34.5",464.588042162208,3.65571000697628,7.12656474580739e-31,0.924713227628455,17.2207870987816,366.405850699596,3.92735170812968,0.0605777020364444,3857.61968684426,2.12899958194549,2.03584220467427e-51,0.987779489570624,6.9380644711139,363.769939093372,0.989192628248141,6.65380965816556,366.438454527481,TRUE,3.91809946411228,0.0606652916014162,7.95936640259074,"2023-05-19 11:58:08","2023-05-19 11:59:01","1-May-MSM-UP","COMPASS","Synoptic","CB"
"166",1,"May","MSM","UP","2","1-May-MSM-UP-2","2023-05-19 11:54:48.5",253.23829161551,0.56767813543213,6.53225434524887e-29,0.910450610728498,2.43312167218927,183.865019414473,0.505544743623661,0.0111756129588619,17646.090883292,0.39276622449441,1.96989478423799e-43,0.975218433696768,1.27996144796236,185.767571516756,0.976162536139904,1.28020407831616,183.882143692873,TRUE,0.504489385316749,0.0119247776140259,1.56195366950006,"2023-05-19 11:54:22","2023-05-19 11:55:15","1-May-MSM-UP","2023-05-19 11:54:48.5",474.108748333778,5.34585689745667,7.49953053365298e-33,0.936794947016971,18.8078040573729,385.878899622445,4.68104701809194,0.0725468732628321,3905.68408331507,2.54965536254745,2.59843454704081e-51,0.987664291790418,8.30891346080519,371.831203850782,0.991168882404542,7.16946411484032,385.938053266404,TRUE,4.66384339130906,0.0758314425166027,9.44261959812171,"2023-05-19 11:54:22","2023-05-19 11:55:15","1-May-MSM-UP","COMPASS","Synoptic","CB"
"167",1,"May","MSM","UP","3","1-May-MSM-UP-3","2023-05-19 11:50:33.5",214.765225410609,-0.815126442596118,1.42107575016946e-29,0.915544358872732,1.70393959218193,222.029430024685,-0.350874731478364,0.0159125508935631,17667.4443416111,0.559245614495259,4.72479862751842e-28,0.903383576033926,1.8224907893172,207.318875227117,0.931676280412528,1.56293991692993,222.214686532549,TRUE,-0.349117360829412,0.0157933512907446,1.57222242032069,"2023-05-19 11:50:07","2023-05-19 11:51:00","1-May-MSM-UP","2023-05-19 11:50:33.5",NA,NA,NA,NA,NA,371.6495419014,1.5804210163827,0.0635914844116412,3859.04070166851,2.23491877665196,1.59457707486928e-30,0.922348356019107,7.28323795439398,372.907899194818,0.926192410887892,7.24129684968233,371.650233068241,TRUE,1.58169918873011,0.0688781128064456,7.96741144561067,"2023-05-19 11:50:07","2023-05-19 11:51:00","1-May-MSM-UP","COMPASS","Synoptic","CB"
"168",1,"May","MSM","UP","4","1-May-MSM-UP-4","2023-05-19 11:47:02.5",245.048088305692,0.372293671716877,1.75585897739217e-25,0.878750542986543,2.25542822656041,207.620311879525,0.395261253591295,0.0139250642751681,17638.8344616607,0.489395520526036,2.53666425285244e-33,0.939372833741812,1.59486065759637,204.99099900598,0.946377002842882,1.52961214058545,207.998805708352,TRUE,0.402031631177155,0.0133572226813598,1.71105987988527,"2023-05-19 11:46:36","2023-05-19 11:47:29","1-May-MSM-UP","2023-05-19 11:47:02.5",487.438531366768,4.13127606044402,5.97001577915344e-29,0.910759503550447,21.2784709940513,372.081372684018,4.46102733982356,0.0638462597239903,3912.49174173377,2.2438728392071,4.33458125552232e-53,0.989460909455161,7.31241779257376,374.978214596937,0.989674026709196,7.38144855338296,372.122501926873,TRUE,4.47128275416507,0.0658710873753213,8.34759768058394,"2023-05-19 11:46:36","2023-05-19 11:47:29","1-May-MSM-UP","COMPASS","Synoptic","CB"
"169",1,"May","MSM","UP","5","1-May-MSM-UP-5","2023-05-19 11:43:13.283019",NA,NA,NA,NA,NA,185.024350136002,0.787984859221983,0.0117196890469044,17644.8587425193,0.409952127242973,1.81752684995079e-51,0.988844358519432,1.33536354182724,173.527279855255,0.991672629168679,1.17704547256869,185.056562033041,TRUE,0.786701811934908,0.0117658993179759,1.11896320463242,"2023-05-19 11:42:47","2023-05-19 11:43:40","1-May-MSM-UP","2023-05-19 11:43:13.283019",484.835749945592,5.18719391417339,2.84012533792813e-29,0.917352821879231,22.5923872666068,385.948993475814,4.89388974061058,0.078006000652168,3901.31661678762,2.72863262643644,5.961361897293e-50,0.987208347327343,8.88815128948936,385.755440562392,0.988181463563546,8.71599567903287,385.960843792407,TRUE,4.88663650985636,0.0786124272860845,11.0824200498379,"2023-05-19 11:42:47","2023-05-19 11:43:40","1-May-MSM-UP","COMPASS","Synoptic","CB"
"170",1,"May","SWH","TR","1","1-May-SWH-TR-1","2023-05-24 12:38:34.5",854.469707141298,212.922801282298,2.58450440688956e-28,0.905595347371959,636.594339370209,818.945388512857,127.220119602454,4.00023255774499,29815.540764167,140.587925207202,9.41562188735776e-36,0.951102190211702,458.153255275126,818.902970762745,0.954629005286714,450.061531120705,819.010317085231,TRUE,126.325342287109,0.72036571509132,59.5668639060331,"2023-05-24 12:38:08","2023-05-24 12:39:01","1-May-SWH-TR","2023-05-24 12:38:34.5",615.018745424916,17.7819768674237,2.83846205014099e-27,0.896500161224018,69.3380687808623,539.665898771252,13.394848365732,0.301324144257101,4156.91781513987,10.5900183662877,4.77609236920653e-43,0.974360170845089,34.5111529371195,540.328317733303,0.975896913265929,34.1236050079915,540.6969850878,TRUE,13.6087264041386,0.102710216851641,9.80352622832512,"2023-05-24 12:38:08","2023-05-24 12:39:01","1-May-SWH-TR","COMPASS","Synoptic","CB"
"171",1,"May","SWH","TR","2","1-May-SWH-TR-2","2023-05-24 12:31:41.5",620.12809067827,105.50936853826,1.64713029057171e-57,0.992874384336313,72.6971979220141,738.804157457346,52.4545417909239,1.90466104414936,18874.8409728383,66.9391942979661,1.10869459352217e-32,0.935838645686471,218.143981625075,587.630832363986,0.996375120750055,52.8773785294529,746.977725031342,TRUE,47.748972905891,1.10460259784189,134.818008192383,"2023-05-24 12:31:15","2023-05-24 12:32:08","1-May-SWH-TR","2023-05-24 12:31:41.5",469.581309485723,13.3904297489604,9.1155781371162e-47,0.981553045544399,18.0356645786654,511.119084882063,8.19265268279732,0.231334386798252,3925.46979432542,8.13023268011705,4.46814088451727e-38,0.960190031346909,26.4951101814043,403.176681650764,0.994991633157802,9.58372950586346,518.570398479771,TRUE,7.64817030417985,0.15666841378245,16.8959839251251,"2023-05-24 12:31:15","2023-05-24 12:32:08","1-May-SWH-TR","COMPASS","Synoptic","CB"
"172",1,"May","SWH","TR","3","1-May-SWH-TR-3","2023-05-24 12:46:53.5",953.542808080156,529.373589697806,9.53573630444004e-36,0.951078367028234,1593.16223959999,866.092204391728,451.306876989773,6.18976480700377,22636.0612083924,217.538900345276,4.83697172250457e-54,0.990313200650459,708.924007486909,781.168136103515,0.998133580179113,317.344423026769,866.109653282843,TRUE,452.003547179843,6.458173704904,835.588582077948,"2023-05-24 12:46:27","2023-05-24 12:47:20","1-May-SWH-TR","2023-05-24 12:46:53.5",527.009956292149,6.17341075700813,1.04500917643378e-30,0.923598331107457,30.6949422281243,366.04593372172,6.97827225198291,0.0603761589447003,3845.93089582973,2.12191636248284,2.21306962640491e-64,0.99612250507478,6.91498140726003,355.612457778947,0.997031957288827,6.16974394569291,366.415295523947,TRUE,6.96843617836934,0.057241150163506,5.58024608365733,"2023-05-24 12:46:27","2023-05-24 12:47:20","1-May-SWH-TR","COMPASS","Synoptic","CB"
"173",1,"May","SWH","TR","4","1-May-SWH-TR-4","2023-05-24 13:07:46.5",603.051008639412,26.5857795787546,2.17276506797829e-38,0.961277973267289,62.0649682111465,551.891103645941,19.708727988218,0.337438380709948,19880.9281494081,11.8592509671568,4.30669395440233e-49,0.98498570186158,38.6473762075923,485.22312193606,0.995943434708075,20.4862940448303,560.709768343093,TRUE,18.8964558135661,0.199027290929861,22.1284883608328,"2023-05-24 13:07:20","2023-05-24 13:08:13","1-May-SWH-TR","2023-05-24 13:07:46.5",525.321938044232,9.07735665724993,2.33133861195387e-33,0.939569103504463,30.2189162490828,390.407817760398,7.72047366764352,0.0756537725843361,3814.63139969059,2.65884714655816,1.3945801142211e-61,0.995031634709307,8.66475178205557,353.832804071311,0.997656368315318,6.06891027197933,391.287183254257,TRUE,7.68798483544952,0.0680594759332721,7.23738069571756,"2023-05-24 13:07:20","2023-05-24 13:08:13","1-May-SWH-TR","COMPASS","Synoptic","CB"
"174",1,"May","SWH","TR","5","1-May-SWH-TR-5","2023-05-24 12:54:45.5",NA,NA,NA,NA,NA,584.999654541538,41.7036123109348,0.458492335188245,18284.9660320896,16.1136846913362,5.35471288709466e-59,0.993754041963656,52.5118859598511,527.758524794826,0.997990593218268,30.3744684564146,585.6205200083,TRUE,41.387402002235,0.505397856226468,34.5830453898196,"2023-05-24 12:54:19","2023-05-24 12:55:12","1-May-SWH-TR","2023-05-24 12:54:45.5",NA,NA,NA,NA,NA,418.381110842544,9.89774624178862,0.0980207588168767,3787.64663739996,3.44493349083399,2.4110776938953e-61,0.994925916874678,11.2264797329198,374.031648903236,0.997927438177783,7.31703655020532,418.452064815121,TRUE,9.92249772548063,0.101947081351516,12.378393994424,"2023-05-24 12:54:19","2023-05-24 12:55:12","1-May-SWH-TR","COMPASS","Synoptic","CB"
"175",1,"May","SWH","TR","6","1-May-SWH-TR-6","2023-05-24 12:42:50",1059.72444049484,9398.3355934697,1.20808231182266e-30,0.948591876680889,18263.1107092273,1069.0130419697,5625.4877441785,216.786224141115,328116.912084226,6744.80440295242,1.0368882459979e-28,0.937358623901017,20159.9532940983,1047.04276331829,0.963951440679108,15644.9745962265,1069.99878562805,TRUE,5685.63555540329,144.738309639037,12970.8977525911,"2023-05-24 12:42:27","2023-05-24 12:43:13","1-May-SWH-TR",NA,NA,NA,NA,NA,NA,NA,NA,NA,NA,NA,NA,NA,NA,NA,NA,NA,NA,NA,NA,NA,NA,NA,NA,NA,"COMPASS","Synoptic","CB"
"176",1,"May","SWH","TR","7","1-May-SWH-TR-7","2023-05-24 12:34:58",901.005382116165,8297.72094650642,9.79232480542157e-58,0.996783116594958,3374.95704245731,1034.79536537178,4171.74269394838,150.640151433207,299976.48568581,4686.82159428513,6.57539631704575e-30,0.944576239448008,14008.7241665896,850.386609382134,0.998993668584103,1931.04828701285,1036.76093436262,TRUE,3994.22760379981,130.451223522408,13772.9820716606,"2023-05-24 12:34:35","2023-05-24 12:35:21","1-May-SWH-TR",NA,NA,NA,NA,NA,NA,NA,NA,NA,NA,NA,NA,NA,NA,NA,NA,NA,NA,NA,NA,NA,NA,NA,NA,NA,"COMPASS","Synoptic","CB"
"177",1,"May","SWH","TR","8","1-May-SWH-TR-8","2023-05-24 12:50:32.5",NA,NA,NA,NA,NA,1077.80366708268,-48.2706965944452,43.9559682622408,978509.253396574,1544.82977908306,0.277193455321665,0.0226658066565857,5034.34979277011,1014.51924568328,0.718868972524944,2753.54957819933,1093.28455895426,TRUE,107.686980782958,6.05107505952949,549.564285730973,"2023-05-24 12:50:06","2023-05-24 12:50:59","1-May-SWH-TR","2023-05-24 12:50:32.5",335.16010121726,1.60383452973761,1.1312849594102e-06,0.368603394867226,5.19507128217596,341.160436650671,0.223348920342308,0.047950682671604,3468.66393436056,1.68522376930754,2.25104982246926e-05,0.294397870829035,5.49187104537847,332.525850275507,0.441598799991497,4.98230409081824,341.23605699607,TRUE,0.22550741077095,0.0453110174674596,4.06117745166331,"2023-05-24 12:50:06","2023-05-24 12:50:59","1-May-SWH-TR","COMPASS","Synoptic","CB"
"178",1,"May","SWH","TR","9","1-May-SWH-TR-9","2023-05-24 13:00:18.5",NA,NA,NA,NA,NA,1289.29169823168,13283.808308033,311.503608424767,-47112.2085178848,10947.7750032818,3.91547593898258e-42,0.972200303171035,35677.0238153871,1281.26927443197,0.977748984735601,32550.6881150135,1289.94072302268,TRUE,13491.8850651878,178.995508357337,19188.0643957964,"2023-05-24 12:59:52","2023-05-24 13:00:45","1-May-SWH-TR",NA,NA,NA,NA,NA,NA,NA,NA,NA,NA,NA,NA,NA,NA,NA,NA,NA,NA,NA,NA,NA,NA,NA,NA,NA,"COMPASS","Synoptic","CB"
"179",1,"May","SWH","SWAMP","3","1-May-SWH-SWAMP-3","2023-05-24 13:37:27.5",NA,NA,NA,NA,NA,291.240435845786,3.32040712943309,0.0302032884857308,18246.0493319937,1.06149270107364,2.95955610115034e-63,0.995715851159194,3.45923261710361,276.866604452104,0.996951450942793,2.97584807506867,291.293477461679,TRUE,3.32687790770208,0.0304122186578748,3.66350282923092,"2023-05-24 13:37:01","2023-05-24 13:37:54","1-May-SWH-UP","2023-05-24 13:37:27.5",475.14056633311,5.58726426298448,8.44247105656457e-33,0.93650674096738,18.9883524739393,363.540283704459,4.72549148254768,0.0589915282396391,3891.70716832837,2.0732536022076,3.78710097200996e-56,0.991961344500582,6.75639736102766,348.798709665668,0.994318611501258,5.79251795408964,364.445870348306,TRUE,4.67413988095868,0.0524132360862283,6.02061251981953,"2023-05-24 13:37:01","2023-05-24 13:37:54","1-May-SWH-UP","COMPASS","Synoptic","CB"
"180",1,"May","SWH","SWAMP","4","1-May-SWH-SWAMP-4","2023-05-24 13:45:57.5",NA,NA,NA,NA,NA,292.778885824689,2.35650443780852,0.0306366105164129,18024.6382018318,1.0767217769738,3.07272609255798e-55,0.991287398792144,3.5088617064312,290.715284413698,0.992212799086557,3.38298204980886,292.803342282926,TRUE,2.35961074913727,0.0318260399875219,3.87679231650788,"2023-05-24 13:45:31","2023-05-24 13:46:24","1-May-SWH-UP","2023-05-24 13:45:57.5",534.837930230303,6.36033802140591,1.13869126514721e-27,0.900065680635244,33.0023619424622,387.90391267052,6.55135342565738,0.0739199685246401,4057.04491869619,2.5979127103848,2.04743527096063e-58,0.993423433249922,8.46617633363046,386.748250531546,0.994022289627053,8.23136382249453,390.267417294355,TRUE,6.63559653861625,0.0573521357673963,5.71228832922876,"2023-05-24 13:45:31","2023-05-24 13:46:24","1-May-SWH-UP","COMPASS","Synoptic","CB"
"181",1,"May","SWH","SWAMP","5","1-May-SWH-SWAMP-5","2023-05-24 13:41:46.5",605.582047097309,23.9803430906802,9.06618703176193e-33,0.936332659581816,63.5366720663471,536.05641145881,15.7142327222142,0.291419962736845,18913.7527738292,10.2419365208679,2.56595854200007e-47,0.982430578947881,33.3768106360562,524.510705491189,0.986825587427855,29.4746331784583,539.941028763802,TRUE,15.1883387864488,0.166269927852511,15.6712833157422,"2023-05-24 13:41:20","2023-05-24 13:42:13","1-May-SWH-UP","2023-05-24 13:41:46.5",484.208861159571,4.72966021988558,1.27387112892075e-29,0.91589822614335,20.6515722874851,397.316911585238,4.44571789518294,0.0806517416005181,3974.54381857236,2.8345004577324,8.33321185743265e-48,0.983174131704046,9.23717744518223,390.985983644955,0.986103958695873,8.56076867048522,397.65505318309,TRUE,4.40363170706155,0.0676035541141886,6.98184653287782,"2023-05-24 13:41:20","2023-05-24 13:42:13","1-May-SWH-UP","COMPASS","Synoptic","CB"
"182",1,"May","SWH","UP","1","1-May-SWH-UP-1","2023-05-24 13:51:44.5",422.941157212288,2.95258841386358,6.87062536841567e-32,0.931181986563668,11.7106408316077,238.031163579167,2.80749129985836,0.0184538378387562,17935.9368551078,0.648558986611368,1.4355460926061e-70,0.997758363022446,2.11354858901291,201.376673528443,0.998944150701176,1.47926926168107,238.087641480183,TRUE,2.80418733537281,0.0196348900160604,2.56306472945114,"2023-05-24 13:51:18","2023-05-24 13:52:11","1-May-SWH-UPCON","2023-05-24 13:51:44.5",531.631177565059,13.1058969431568,5.40504083011455e-37,0.956187349621565,32.0368556337176,450.087937318548,9.58990830344812,0.131467675476086,4105.64671584946,4.62042330294311,4.72489941726362e-54,0.990321929116415,15.0572104529785,364.788579971709,0.998148176573117,6.71686435330886,453.851745972747,TRUE,9.37027614445536,0.0962339323286604,11.4994637851748,"2023-05-24 13:51:18","2023-05-24 13:52:11","1-May-SWH-UPCON","COMPASS","Synoptic","CB"
"183",1,"May","SWH","UP","2","1-May-SWH-UP-2","2023-05-24 13:55:05.5",458.490767465944,3.65169805103389,3.63046558958582e-31,0.926638317291459,16.27550080704,244.086983933368,3.78072526259373,0.0195181494257607,18044.0609150976,0.685964151343913,5.14626176272173e-76,0.998616022874029,2.23544595652197,216.48108401967,0.999229205218933,1.70131907462054,244.124341424185,TRUE,3.78357001564402,0.0210365136381831,2.03843178009469,"2023-05-24 13:54:39","2023-05-24 13:55:32","1-May-SWH-UPCON","2023-05-24 13:55:05.5",497.08093126553,6.00299693769917,5.1813126115032e-33,0.937686416316765,23.2656329412207,368.168102509432,5.85130619598629,0.0615742656948358,3968.76397560263,2.16402374992764,5.57079430756701e-60,0.994274643420775,7.0522025562352,335.545432928522,0.997094204336628,5.12357046018216,368.369366519983,TRUE,5.87650683906743,0.0636443225548853,7.18873030612584,"2023-05-24 13:54:39","2023-05-24 13:55:32","1-May-SWH-UPCON","COMPASS","Synoptic","CB"
"184",1,"May","SWH","UP","3","1-May-SWH-UP-3","2023-05-24 13:58:23.5",NA,NA,NA,NA,NA,261.551855474455,1.92117576965035,0.0229440018720923,18127.0559116842,0.806365523149977,3.84904365017044e-57,0.992637956839095,2.62781450703041,262.333594408756,0.993063897131566,2.60117731972099,261.747941000369,TRUE,1.91356936432482,0.0211797630134441,2.13029485585233,"2023-05-24 13:57:57","2023-05-24 13:58:50","1-May-SWH-UPCON","2023-05-24 13:58:23.5",555.649243007932,7.61445787231922,1.94960685816487e-27,0.897981616860321,40.0158839264583,397.170739885038,7.86663270080422,0.0805426580085879,3888.79859689107,2.83066672165775,1.34902088571623e-60,0.994578535786626,9.2246839208637,396.042122661908,0.995069740931745,8.97108014285481,397.338117426718,TRUE,7.84439323212823,0.0669103646571809,5.82314999249486,"2023-05-24 13:57:57","2023-05-24 13:58:50","1-May-SWH-UPCON","COMPASS","Synoptic","CB"
"185",1,"May","SWH","UP","4","1-May-SWH-UP-4","2023-05-24 14:05:45.5",424.381886159368,2.34915598532967,7.98432726044834e-30,0.917393374763821,11.8679083993989,282.423382646418,2.59205734450108,0.0278354789219292,18242.392766153,0.978276180770062,1.58960800832058e-59,0.99403905688211,3.18804346900598,266.764561128663,0.995858009541033,2.71011651232046,283.328282391576,TRUE,2.57218948106164,0.025299088891077,2.32733561132759,"2023-05-24 14:05:19","2023-05-24 14:06:12","1-May-SWH-UPCON","2023-05-24 14:05:45.5",475.88286382042,15.1269441978039,1.53627197598445e-43,0.975454164876817,19.1193113245336,538.871036095316,7.37454128895088,0.299114587854309,4043.73275257446,10.5123636435153,2.34174057051871e-30,0.921193945645787,34.2580887854634,477.654862626374,0.976446300257228,19.0998332428621,553.969364852261,TRUE,6.34305051231166,0.0932654523882589,11.5511802692066,"2023-05-24 14:05:19","2023-05-24 14:06:12","1-May-SWH-UPCON","COMPASS","Synoptic","CB"
"186",1,"May","SWH","UP","5","1-May-SWH-UP-5","2023-05-24 14:02:02.5",292.365015099664,-1.05530600614379,3.15221124523845e-35,0.948778406112898,3.49544100137374,227.799278125942,-0.964851756614112,0.0167857897736617,18003.4011387471,0.589935540791079,9.76996543838237e-49,0.984505278726365,1.92250428347653,187.294211950777,0.993204018301692,1.298428985498,228.351423087037,TRUE,-0.953621536326816,0.0178306544505209,1.84901098865093,"2023-05-24 14:01:36","2023-05-24 14:02:29","1-May-SWH-UPCON","2023-05-24 14:02:02.5",557.38374254417,10.4798125379016,5.27015419262665e-32,0.931879408730921,40.6637346357054,415.3333120891,9.78534116959091,0.0952932445570617,4011.71393966486,3.34907517129254,1.01087612232734e-61,0.995092738687836,10.9140930106718,402.214537493588,0.996425941930861,9.49872971321003,417.451676447201,TRUE,9.66798086680822,0.0740770522956505,8.3310822364276,"2023-05-24 14:01:36","2023-05-24 14:02:29","1-May-SWH-UPCON","COMPASS","Synoptic","CB"
"187",1,"Nov","GCW","TR","1","1-Nov-GCW-TR-1","2023-11-07 11:19:53.5",291.814753746189,3.74388601813267,2.36421974514584e-51,0.987709017280042,3.4776769780552,357.729616137548,1.93344651283743,0.0559015085827384,19041.9760363773,1.96465505296275,1.45580835798353e-37,0.958341247892912,6.40249229570035,202.474563356656,0.997817777534502,1.49438368393541,359.547148788597,TRUE,1.88334159183989,0.0508212482896435,5.24505984850173,"2023-11-07 11:19:27","2023-11-07 11:20:20","1-Nov-GCW-TR","2023-11-07 11:19:53.5",374.133040134546,6.81002430418396,1.27338464347856e-45,0.979584794744621,7.45265907323629,414.767316563914,3.21212446960643,0.0947951476444113,3996.36650203359,3.33156958618198,4.0431789249001e-37,0.956673408045245,10.8570451469091,345.775197281403,0.98878714748034,5.63260250396459,418.697210079697,TRUE,3.05904602927037,0.0656292886031472,6.13894859226877,"2023-11-07 11:19:27","2023-11-07 11:20:20","1-Nov-GCW-TR","COMPASS","Synoptic","CB"
"188",1,"Nov","GCW","TR","2","1-Nov-GCW-TR-2","2023-11-07 11:23:15.5",644.930677390662,78.0491308488806,4.31239418490205e-49,0.98498493823441,91.465003292536,694.379255220638,46.1067256928613,1.26233398411488,19705.5364972517,44.3646496005957,9.5384673746281e-39,0.962483973339944,144.577200379738,547.711626043995,0.997696045629357,36.5380191717941,698.748064699474,TRUE,43.8651301529451,1.03314255908639,117.029160883152,"2023-11-07 11:22:49","2023-11-07 11:23:42","1-Nov-GCW-TR","2023-11-07 11:23:15.5",422.36990143462,9.2918816942154,1.77031614473641e-47,0.982679535556765,11.6488620359377,467.436478770504,5.46056266705585,0.154376689369139,3852.96732700654,5.42555917573918,4.74834943837725e-38,0.960096862089983,17.6810177288639,350.445628233873,0.99575439785003,5.88152641648638,470.347134659211,TRUE,5.23885104322879,0.133766004341485,16.2174325719727,"2023-11-07 11:22:49","2023-11-07 11:23:42","1-Nov-GCW-TR","COMPASS","Synoptic","CB"
"189",1,"Nov","GCW","TR","3","1-Nov-GCW-TR-3","2023-11-07 11:26:34.5",279.680641729665,1.42304760260421,1.07922118724234e-38,0.962305489294983,3.10810012364704,246.578130339912,0.997589983838731,0.0199735908386508,19064.2875188015,0.701970611560256,1.28085967038135e-45,0.979580200190697,2.28760841530171,172.243745163049,0.995213170720114,1.12952691641339,246.678086295504,TRUE,0.991598656876765,0.0216289813602948,2.37034593610954,"2023-11-07 11:26:08","2023-11-07 11:27:01","1-Nov-GCW-TR","2023-11-07 11:26:34.5",447.450451210827,3.40882663051908,1.39105603623413e-32,0.935277031897775,14.6939494742785,354.792198772373,3.61529399942497,0.0544015724094121,3863.2676493851,1.91193988915486,5.70868467587426e-52,0.988362617234593,6.23070212335552,336.327059411758,0.992323210165961,5.16078569187041,354.875557330204,TRUE,3.60430740009451,0.05570217134346,6.21296729233497,"2023-11-07 11:26:08","2023-11-07 11:27:01","1-Nov-GCW-TR","COMPASS","Synoptic","CB"
"190",1,"Nov","GCW","TR","4","1-Nov-GCW-TR-4","2023-11-07 11:30:08.5",486.544730205498,15.388114281488,9.79732641416327e-46,0.97978952568887,21.1030984026758,498.787997018259,9.22693807618286,0.206373469526879,19010.3053406306,7.25298279031838,3.56724140035207e-43,0.974646211579425,23.6362950156732,365.617685647442,0.998000819768751,6.76862751505135,507.167077986114,TRUE,8.71143899654309,0.123398391058336,14.9455540648054,"2023-11-07 11:29:42","2023-11-07 11:30:35","1-Nov-GCW-TR","2023-11-07 11:30:08.5",433.987039347821,8.4101333259074,2.31002840803512e-43,0.975066224340164,12.971758713522,439.624524568722,5.10018738279217,0.119328185214726,3733.9999554843,4.1937816704177,3.49165189253469e-42,0.972322461189687,13.6668545423316,350.604925518597,0.995056685570396,5.89020792100714,443.542520016297,TRUE,4.897233127098,0.0985200790760324,11.401872563552,"2023-11-07 11:29:42","2023-11-07 11:30:35","1-Nov-GCW-TR","COMPASS","Synoptic","CB"
"191",1,"Nov","GCW","TR","5","1-Nov-GCW-TR-5","2023-11-07 11:33:44.5",251.827696573155,0.82720829812278,2.96868754455694e-34,0.9441692343386,2.40154914561866,183.733665435579,0.634845311776204,0.0111620289876254,18870.3274655483,0.392288816667576,1.67923725708017e-48,0.984179216346,1.27840565325499,165.792326948359,0.98946183516458,1.06402994378819,183.896891504799,TRUE,0.630908723792988,0.0122256361252541,1.16386039688393,"2023-11-07 11:33:18","2023-11-07 11:34:11","1-Nov-GCW-TR","2023-11-07 11:33:44.5",432.814732462738,4.63107111658653,1.4926042580926e-34,0.945624837169749,12.8317156871751,345.387132250152,3.44594982655283,0.0498644891304704,3777.75907464265,1.75248437863867,7.63840996270194e-53,0.989228779051687,5.71106246648685,314.047724245061,0.994401804191141,4.19879967735024,345.715764766548,TRUE,3.43799462052432,0.0490373524902187,4.50496038306103,"2023-11-07 11:33:18","2023-11-07 11:34:11","1-Nov-GCW-TR","COMPASS","Synoptic","CB"
"192",1,"Nov","GCW","UP","1","1-Nov-GCW-UP-1","2023-11-07 11:38:25.5",415.04176609907,-9.75346819545461,5.61369545849564e-44,0.976386010816928,10.8846701489711,436.659392506457,-4.38042753325282,0.11609660307248,18722.6840358228,4.08020791640296,1.87110964554076e-39,0.964760566926137,13.2967360912699,364.007455653622,0.991477707296687,6.66845900145911,438.584853563674,TRUE,-4.2512320945721,0.0908523127071528,10.5667747404108,"2023-11-07 11:37:59","2023-11-07 11:38:52","1-Nov-GCW-UP","2023-11-07 11:38:25.5",503.926781582376,18.3370960073571,4.22931355910235e-42,0.972117784798031,24.7881271252535,508.829624665361,9.20286186516419,0.226482010969558,3921.24448284472,7.95969623248956,4.48794849213713e-41,0.969467782791456,25.9393595469992,444.499861773552,0.991385761716851,14.0509337920241,510.561594408685,TRUE,8.94425198864801,0.191964567099119,20.3223709446795,"2023-11-07 11:37:59","2023-11-07 11:38:52","1-Nov-GCW-UP","COMPASS","Synoptic","CB"
"193",1,"Nov","GCW","UP","2","1-Nov-GCW-UP-2","2023-11-07 11:45:30.5",369.19585589437,-1.62699181441521,1.24221856943233e-29,0.915979438577839,7.11963330792209,194.774970314293,-1.54389607047752,0.0123635429054051,18810.8944101454,0.434515948807978,4.02101735696302e-66,0.996676411249419,1.41601703077937,195.176065170532,0.996890696467609,1.39673194576769,194.791610046994,TRUE,-1.54315758180505,0.0114426585878798,0.993302009913997,"2023-11-07 11:45:04","2023-11-07 11:45:57","1-Nov-GCW-UP","2023-11-07 11:45:30.5",459.673697939591,5.02372623848121,1.21439755792187e-32,0.935613812746185,16.4547471991859,345.000467069776,4.06716996828479,0.0496862818355854,3668.27788691242,1.74622129430969,1.23982367677791e-56,0.992299226510257,5.6906520900683,325.685586666522,0.994999370859976,4.67653138796716,346.030562054618,TRUE,4.02530201805275,0.0415663490189456,4.6624486869394,"2023-11-07 11:45:04","2023-11-07 11:45:57","1-Nov-GCW-UP","COMPASS","Synoptic","CB"
"194",1,"Nov","GCW","UP","3","1-Nov-GCW-UP-3","2023-11-07 11:49:14.5",329.098205404675,-1.92958420284923,2.42125492566495e-38,0.961116487399553,4.9115112311264,287.335281166465,-1.55409279750424,0.0291306815950352,18778.7549030802,1.02379599840722,4.4331479833952e-47,0.98205730919919,3.33638517473397,220.911916334162,0.995130231263979,1.7725693453575,291.28008512905,TRUE,-1.50521941306985,0.0240167484347611,2.80822444725274,"2023-11-07 11:48:48","2023-11-07 11:49:41","1-Nov-GCW-UP","2023-11-07 11:49:14.5",444.154087711556,5.35887774682007,4.71197760236183e-38,0.960108652452207,14.2522376778638,411.072720902291,4.44399940313375,0.0916071205275995,3780.5153231158,3.21952657083551,5.64669473822681e-45,0.978381670494384,10.4919151249946,354.979503413661,0.992895671954746,6.13369074935923,414.273877990638,TRUE,4.30576536268153,0.083061668806398,7.38893708092521,"2023-11-07 11:48:48","2023-11-07 11:49:41","1-Nov-GCW-UP","COMPASS","Synoptic","CB"
"195",1,"Nov","GCW","UP","4","1-Nov-GCW-UP-4","2023-11-07 11:52:50.5",399.806650284398,-4.0070768999005,1.27124746656933e-37,0.958557716116036,9.45259686033453,345.104021965122,-2.90143479476752,0.0497339459582502,18716.555401471,1.74789644694533,4.57063616559877e-49,0.984951323096818,5.69611114092184,286.445258158887,0.995284086710635,3.25183776815307,355.985666890231,TRUE,-2.75657989196741,0.0169076332382978,1.94115698185752,"2023-11-07 11:52:24","2023-11-07 11:53:17","1-Nov-GCW-UP","2023-11-07 11:52:50.5",452.13206701321,6.79045540959809,9.43355931219253e-39,0.962499916260391,15.3449142993287,419.056981150043,4.93816437525179,0.0986361018683757,3837.20901205883,3.46655968422453,1.13454938010751e-45,0.979675204864041,11.2969559910087,370.747127658265,0.992285199819246,7.09785885880939,425.639037462872,TRUE,4.72542741023064,0.0616701907541429,5.89984595458204,"2023-11-07 11:52:24","2023-11-07 11:53:17","1-Nov-GCW-UP","COMPASS","Synoptic","CB"
"196",1,"Nov","GCW","UP","5","1-Nov-GCW-UP-5","2023-11-07 11:41:58.5",487.926128469314,-7.10315702489927,4.0016802224836e-34,0.943525067900633,21.3747559688404,399.929843496097,-5.63160549913018,0.0826268107224559,18790.3757846201,2.90391413955858,1.55591273133646e-52,0.98893003010502,9.46338538048269,324.173440416083,0.997472411718235,4.61150987256666,399.948558944283,TRUE,-5.63714693730599,0.0876405882476847,11.0966135291136,"2023-11-07 11:41:32","2023-11-07 11:42:25","1-Nov-GCW-UP","2023-11-07 11:41:58.5",498.865095097329,7.32590225605653,2.20747708515709e-33,0.939695707335915,23.6531743077577,420.425930239636,6.02151626136157,0.0998943166690934,3739.45396058274,3.51077956538004,8.5481680670321e-50,0.985890812757751,11.4410614144966,368.195323496038,0.995019558058484,6.93211771477552,420.657714271324,TRUE,6.06499745661748,0.108541082905803,10.5521528972508,"2023-11-07 11:41:32","2023-11-07 11:42:25","1-Nov-GCW-UP","COMPASS","Synoptic","CB"
"197",1,"Nov","GWI","TR","1","1-Nov-GWI-TR-1","2023-11-09 12:40:00.5",267.742933923763,0.794162623730653,1.48735412531022e-34,0.945632198005151,2.78285482225292,225.235248086697,0.74208740389915,0.0163919713444257,18749.4951599449,0.576094816514324,1.89415099533513e-43,0.975255759962134,1.87739960700155,190.979424967962,0.987815659431378,1.34349899863608,225.441257064944,TRUE,0.740835777400273,0.0162614163562202,2.02910328518604,"2023-11-09 12:39:34","2023-11-09 12:40:27","1-Nov-GWI-TR","2023-11-09 12:40:00.5",344.672145421024,1.54956831135888,2.11133811518197e-24,0.866614198672191,5.67337868984284,325.976223497929,0.930771323434757,0.0416615429617322,3551.18667442703,1.46419234416271,2.54671416996209e-28,0.905648712790629,4.77156546579932,327.264061987596,0.910270489908686,4.74538321640859,326.014170670175,TRUE,0.928244986778012,0.0414100773913474,4.39425952719217,"2023-11-09 12:39:34","2023-11-09 12:40:27","1-Nov-GWI-TR","COMPASS","Synoptic","CB"
"198",1,"Nov","GWI","TR","2","1-Nov-GWI-TR-2","2023-11-09 12:43:53",197.409217522079,0.680924740530541,2.0929122070633e-33,0.936523243722036,1.40447827357637,228.735969569474,0.324804791642663,0.0158604516940072,18649.891852754,0.566553450301741,7.7098603451456e-27,0.887803577677118,1.86722720664085,188.060604534813,0.950202153421103,1.26813588049546,228.747900084978,TRUE,0.326482542686239,0.0176249359192443,2.11275767276611,"2023-11-09 12:43:26","2023-11-09 12:44:20","1-Nov-GWI-TR","2023-11-09 12:43:53",427.461418269464,5.88732207020212,1.66179432542302e-39,0.962620273419331,11.3708099558618,410.39837793312,3.58669676955952,0.0827070739243918,3622.27388793522,2.95439114851504,4.44596198897053e-43,0.972590452807467,9.73697985358337,364.50236356555,0.988936060466848,6.30639376910746,412.909575660324,TRUE,3.47320428751363,0.0653421294991275,7.86810550572405,"2023-11-09 12:43:26","2023-11-09 12:44:20","1-Nov-GWI-TR","COMPASS","Synoptic","CB"
"199",1,"Nov","GWI","TR","3","1-Nov-GWI-TR-3","2023-11-09 12:47:46.5",237.752651019663,1.18905215664401,5.68289510335486e-43,0.974188250780799,2.10810514949236,253.402838833109,0.811779798934854,0.0212764895949215,18594.9088797643,0.747760907563046,1.06897403219008e-39,0.965510736344948,2.43683156617167,175.420173161393,0.992443179259564,1.16324121241655,254.440952440358,TRUE,0.794500614110555,0.0200302672450002,2.20987311302157,"2023-11-09 12:47:20","2023-11-09 12:48:13","1-Nov-GWI-TR","2023-11-09 12:47:46.5",375.922730820153,3.00842443281653,1.09940627554794e-34,0.946259860798064,7.57718759667728,341.03957644388,2.02875894023833,0.0478970522278475,3540.15664570562,1.68333893068707,5.51260991819733e-42,0.97183230220397,5.48572866189595,322.475681049987,0.981452668236473,4.53958378445963,343.621464990443,TRUE,1.96418370386422,0.0360615643999073,3.08286417362632,"2023-11-09 12:47:20","2023-11-09 12:48:13","1-Nov-GWI-TR","COMPASS","Synoptic","CB"
"200",1,"Nov","GWI","TR","4","1-Nov-GWI-TR-4","2023-11-09 12:51:44.5",263.787681605283,1.91963520403543,1.63387550343753e-43,0.975395972017969,2.68278278552027,286.762629033573,1.05639109711269,0.0289766297532762,18589.8484665369,1.0183818559806,1.04761673266254e-38,0.962348523947684,3.31874136233953,226.642864241206,0.988515835271348,1.86916991022898,290.115691951247,TRUE,1.01148152454844,0.0196998166392443,2.18613363613234,"2023-11-09 12:51:18","2023-11-09 12:52:11","1-Nov-GWI-TR","2023-11-09 12:51:44.5",372.779303276986,8.82136437130532,6.40182716540142e-47,0.981802001438865,7.35982599706983,481.736612015804,3.19131519285987,0.1762325256915,3657.37659724476,6.19368118811566,4.1366748361678e-24,0.863128906643597,20.1842028345556,354.784503380129,0.987890375984217,6.12262602004566,484.922174583267,TRUE,2.92658492330352,0.15127519361957,17.864101329815,"2023-11-09 12:51:18","2023-11-09 12:52:11","1-Nov-GWI-TR","COMPASS","Synoptic","CB"
"201",1,"Nov","GWI","TR","5","1-Nov-GWI-TR-5","2023-11-09 12:55:35.5",317.120414693304,1.39672134907934,2.9499944382182e-35,0.948908726857261,4.39591724493127,238.543183143646,1.21715993552696,0.0185415337580768,18485.587947303,0.651641054258298,1.07275524761867e-51,0.988076875079341,2.12359254779058,185.650265260124,0.995842527856945,1.2788143151732,238.552787958875,TRUE,1.21548043940732,0.0200392117022453,2.32710364246036,"2023-11-09 12:55:09","2023-11-09 12:56:02","1-Nov-GWI-TR","2023-11-09 12:55:35.5",NA,NA,NA,NA,NA,346.227937629856,2.07969487178002,0.0502542109659917,3499.49747696781,1.76618112838333,1.78412971787867e-41,0.970531458871062,5.75569795330379,342.631898725071,0.974398372983458,5.47103042145319,346.245939421408,TRUE,2.07354377809699,0.0514108962715179,4.96898607642256,"2023-11-09 12:55:09","2023-11-09 12:56:02","1-Nov-GWI-TR","COMPASS","Synoptic","CB"
"202",1,"Nov","GWI","UP","1","1-Nov-GWI-UP-1","2023-11-09 13:04:02.5",166.262179679104,0.100421541410387,8.89804851677537e-14,0.659915963575532,1.08745565038023,174.247755706073,0.0913752882468481,0.0102234617637575,18526.6437471313,0.359302929780679,4.33200321741923e-12,0.605715081813996,1.17090999576452,164.279768671947,0.695580293110285,1.04923189086086,174.259437847022,TRUE,0.0923816706982546,0.0108884001822222,1.18916460832438,"2023-11-09 13:03:36","2023-11-09 13:04:29","1-Nov-GWI-UP","2023-11-09 13:04:02.5",440.837451042953,2.71304573733512,5.317376039474e-28,0.902944381669537,13.8212094036543,327.858602582336,2.77648363966472,0.0423940451636516,3505.44469741937,1.48993608863031,1.20918740127972e-51,0.988021860242634,4.85546015528577,312.896818126474,0.991568799710095,4.15429257547271,327.875751312284,TRUE,2.77520328576989,0.0438421553201086,5.12921720990115,"2023-11-09 13:03:36","2023-11-09 13:04:29","1-Nov-GWI-UP","COMPASS","Synoptic","CB"
"203",1,"Nov","GWI","UP","2","1-Nov-GWI-UP-2","2023-11-09 13:07:42.5",NA,NA,NA,NA,NA,149.189246412262,-0.0343513525691346,0.00810646602288888,18557.5011034043,0.284901245732343,9.26481768403715e-05,0.256682194080273,0.928446969907519,147.342340503712,0.33296157608374,0.896936981042615,149.237914249455,TRUE,-0.0337932065706349,0.00860826713135724,0.889276878634552,"2023-11-09 13:07:16","2023-11-09 13:08:09","1-Nov-GWI-UP","2023-11-09 13:07:42.5",NA,NA,NA,NA,NA,379.390345366157,7.18172664471325,0.0683166609523756,3491.23012210878,2.40098481319111,3.00189275281901e-62,0.99531661222384,7.82442024383254,344.810243666324,0.997707654786842,5.58250073350411,379.630941988625,TRUE,7.21134581127931,0.0678886937860876,8.96985031111272,"2023-11-09 13:07:16","2023-11-09 13:08:09","1-Nov-GWI-UP","COMPASS","Synoptic","CB"
"204",1,"Nov","GWI","UP","3","1-Nov-GWI-UP-3","2023-11-09 13:11:32.5",177.99569044404,0.314508681945022,2.05487849977652e-08,0.456755289698899,1.21225749546202,181.424297782701,0.0672030380922904,0.0109258846827803,18544.9475960277,0.383989539715943,1.11175141926018e-07,0.421144654993342,1.25135965519921,175.812096619639,0.515533209460005,1.16747019144955,181.51625788281,TRUE,0.0696043622349082,0.0101747836357196,1.18079227324164,"2023-11-09 13:11:06","2023-11-09 13:11:59","1-Nov-GWI-UP","2023-11-09 13:11:32.5",505.745740509921,5.10680542558629,6.67711989743244e-30,0.917958552942644,25.2091495468974,341.270461394048,5.53055602155859,0.0479995572068198,3507.83380800539,1.68694146181723,2.59999100372214e-64,0.996098402559738,5.49746872678471,331.361400827967,0.996984363636723,4.92887374934848,341.276300112188,TRUE,5.52696585479097,0.0537287118635093,5.91943919388743,"2023-11-09 13:11:06","2023-11-09 13:11:59","1-Nov-GWI-UP","COMPASS","Synoptic","CB"
"205",1,"Nov","GWI","UP","4","1-Nov-GWI-UP-4","2023-11-09 13:15:36.5",166.080913323248,0.192998135493555,8.40605326997262e-12,0.595655392619389,1.08563200414125,167.948635551502,0.0819652887936032,0.00964423247069064,18547.3108374247,0.338945952191002,2.08968408967362e-11,0.581425474551483,1.1045699061976,168.073185352179,0.610412940910693,1.08674022102127,168.05249465981,TRUE,0.0806725804755855,0.0102091621437545,1.12621002472788,"2023-11-09 13:15:10","2023-11-09 13:16:03","1-Nov-GWI-UP","2023-11-09 13:15:36.5",474.65173627995,3.91932589787819,5.19537448859645e-28,0.903030817218241,18.9026015228502,347.559040113553,3.80426335701831,0.0508774279645834,3517.36667176944,1.78808405115622,1.32000830574512e-54,0.990785072004839,5.82707602758468,345.168630034593,0.991813521336179,5.60105643146125,347.570114937661,TRUE,3.80604576375249,0.0497199807227634,5.09744915086016,"2023-11-09 13:15:10","2023-11-09 13:16:03","1-Nov-GWI-UP","COMPASS","Synoptic","CB"
"206",1,"Nov","GWI","UP","5","1-Nov-GWI-UP-5","2023-11-09 13:19:31.5",NA,NA,NA,NA,NA,144.363946500174,0.212818546527956,0.00775225148034956,18529.1976720682,0.2724523975979,1.29486152438657e-32,0.935454944554942,0.887878192120844,142.957697848788,0.941603976415708,0.861251928266711,144.381498986591,TRUE,0.212606213331319,0.00804442170632767,1.00725104595595,"2023-11-09 13:19:05","2023-11-09 13:19:58","1-Nov-GWI-UP","2023-11-09 13:19:31.5",487.348879713626,5.26183308687408,4.20233767203227e-32,0.932469265925573,21.2608148964376,366.5349070365,5.13256301764657,0.0606501336037446,3520.29166993859,2.13154518488713,2.2265159946533e-57,0.992791311579702,6.94636017839197,336.089092950688,0.996190867101573,5.14942697044677,366.5349070365,TRUE,5.13256301764657,0.0606501336037446,9.00066619321952,"2023-11-09 13:19:05","2023-11-09 13:19:58","1-Nov-GWI-UP","COMPASS","Synoptic","CB"
"207",1,"Nov","MSM","TR","1","1-Nov-MSM-TR-1","2023-11-06 12:39:03.5",NA,NA,NA,NA,NA,236.019115379125,1.78955552772072,0.0181132241200285,19253.2025589124,0.636588138586462,7.44877158438882e-61,0.994700961852288,2.07453753608692,237.206607917135,0.994969890008318,2.06123821090673,236.084459815272,TRUE,1.78515589547949,0.0159791418632833,1.64098848719733,"2023-11-06 12:38:37","2023-11-06 12:39:30","1-Nov-MSM-TR","2023-11-06 12:39:03.5",NA,NA,NA,NA,NA,324.765086881753,1.13870843665684,0.0411969508131427,3617.5032438071,1.44786428190761,9.28341357781747e-33,0.936274725789736,4.71835495811536,323.841999155102,0.941827486761997,4.59737930106464,324.830214050934,TRUE,1.12970551296842,0.0416938399405313,4.55215738951875,"2023-11-06 12:38:37","2023-11-06 12:39:30","1-Nov-MSM-TR","COMPASS","Synoptic","CB"
"208",1,"Nov","MSM","TR","2","1-Nov-MSM-TR-2","2023-11-06 12:56:18.5",230.281692622373,-1.18463269559718,1.05167341158587e-40,0.968451823091815,1.96720542547219,246.12858049807,-0.682419833054087,0.019890623591351,19069.5365571262,0.699054732798295,2.17707569482337e-37,0.957691979005534,2.27810603915659,182.371718571087,0.987936070259594,1.24057678241342,246.330870183016,TRUE,-0.673905747169585,0.0196672579611531,2.532781014886,"2023-11-06 12:55:52","2023-11-06 12:56:45","1-Nov-MSM-TR","2023-11-06 12:56:18.5",434.376723972928,2.08724763936308,2.25378383841359e-26,0.887934585958557,13.0186478378054,340.695361610512,2.42420795502586,0.0477446389827776,3570.69173446574,1.67798237663949,5.53437426168996e-46,0.980228476192006,5.46827252069221,342.414698437289,0.98104612856949,5.46003861339808,340.857685172753,TRUE,2.43235572066297,0.0502261299110234,4.72220670145248,"2023-11-06 12:55:52","2023-11-06 12:56:45","1-Nov-MSM-TR","COMPASS","Synoptic","CB"
"209",1,"Nov","MSM","TR","3","1-Nov-MSM-TR-3","2023-11-06 12:52:14.5",186.494751782906,0.119626245473842,1.06797256404792e-05,0.313597814625711,1.311510245682,189.344108067516,0.0524001733059627,0.0117572055653897,19072.9043282253,0.413206260589133,4.45559972218151e-05,0.276406631336588,1.34657221173128,189.827219287257,0.322030691574618,1.32924197030875,189.351241851432,TRUE,0.0532811909311963,0.0130051546157739,1.45543432293418,"2023-11-06 12:51:48","2023-11-06 12:52:41","1-Nov-MSM-TR","2023-11-06 12:52:14.5",NA,NA,NA,NA,NA,344.562400248283,2.12170402172011,0.0494851537984191,3646.25174112723,1.73915266191445,2.97771605718365e-42,0.972491346143882,5.66761656310215,348.490622590367,0.972527886793041,5.77601742717224,344.609414139601,TRUE,2.11464846713715,0.0469968228324923,4.95541481684888,"2023-11-06 12:51:48","2023-11-06 12:52:41","1-Nov-MSM-TR","COMPASS","Synoptic","CB"
"210",1,"Nov","MSM","TR","4","1-Nov-MSM-TR-4","2023-11-06 12:48:10.5",NA,NA,NA,NA,NA,229.304611536687,0.0523830353771292,0.0170213928180469,19040.4999306083,0.59821579517741,0.00332755056883598,0.154071240225191,1.94948829007605,181.842165831092,0.67382733318742,1.23450879295879,229.306662663819,TRUE,0.0531350440581297,0.0195695962853977,2.11458412686199,"2023-11-06 12:47:44","2023-11-06 12:48:37","1-Nov-MSM-TR","2023-11-06 12:48:10.5",344.759190764446,1.70354320756896,3.72241261150528e-29,0.912363372048159,5.67795313671162,313.033548581835,1.17783313546916,0.0369564018539509,3596.39493803265,1.2988304516724,8.47472747459748e-36,0.951299604773718,4.23267786765578,308.536554552927,0.958390212987975,3.98991267355398,313.07044907328,TRUE,1.18279473904102,0.0375444452896663,5.11300212905745,"2023-11-06 12:47:44","2023-11-06 12:48:37","1-Nov-MSM-TR","COMPASS","Synoptic","CB"
"211",1,"Nov","MSM","TR","5","1-Nov-MSM-TR-5","2023-11-06 12:43:59.5",211.161916040024,-1.23470748790083,9.16107055965181e-44,0.975937190448628,1.64802730765288,258.735478594652,-0.649197068725394,0.0223534122393832,19059.8605198105,0.785609287127974,8.26436552718192e-34,0.941929407902872,2.56017329896276,182.326043072414,0.986900215825854,1.24005222701832,258.877744965612,TRUE,-0.641898225805098,0.0232833521963346,2.48086668080208,"2023-11-06 12:43:33","2023-11-06 12:44:26","1-Nov-MSM-TR","2023-11-06 12:43:59.5",394.811444347273,1.74438359444921,1.18182482254861e-26,0.890676570800923,9.0253528189313,304.057243139228,1.70104765607024,0.0340089916625091,3606.27014786943,1.19524390324858,1.19003726622592e-45,0.979637858389342,3.89510610042799,307.514651860058,0.979841432448953,3.95233792024056,304.057737842529,TRUE,1.70178994286597,0.0392234152874164,4.34413972352308,"2023-11-06 12:43:33","2023-11-06 12:44:26","1-Nov-MSM-TR","COMPASS","Synoptic","CB"
"212",1,"Nov","MSM","UP","1","1-Nov-MSM-UP-1","2023-11-06 13:17:34.5",240.386943537174,-0.519785249573907,5.37255952964838e-31,0.925525682876888,2.16015744011689,181.368750033126,-0.492116697240702,0.0109202666063255,19261.6212051777,0.383792092767289,2.3895723418374e-43,0.975033752316463,1.25071620760485,176.247137688399,0.978914068324134,1.1721824303422,181.558933930382,TRUE,-0.495543242905224,0.0118414578400424,1.25040440600262,"2023-11-06 13:17:08","2023-11-06 13:18:01","1-Nov-MSM-UP","2023-11-06 13:17:34.5",470.947090244136,3.8001565696878,1.81381260369085e-29,0.914749356133618,18.2651939926485,335.801819535019,3.92491998414066,0.0456295810409214,3665.77479542557,1.60364879641729,9.59259445263758e-58,0.993021001183164,5.22603143416318,335.970494417752,0.993499006539053,5.14377531041415,335.858762478901,TRUE,3.93083868970846,0.0473583139002949,4.82305097446884,"2023-11-06 13:17:08","2023-11-06 13:18:01","1-Nov-MSM-UP","COMPASS","Synoptic","CB"
"213",1,"Nov","MSM","UP","3","1-Nov-MSM-UP-3","2023-11-06 13:10:28.5",NA,NA,NA,NA,NA,168.780673511182,-0.282022764763391,0.00971881911072223,19194.8700169825,0.341567295030162,8.60919409148307e-34,0.941838140421621,1.11311243752227,170.75915434717,0.943975210292453,1.11410643024723,168.938116119406,TRUE,-0.285713474192167,0.00993193944132324,0.974598703738715,"2023-11-06 13:10:02","2023-11-06 13:10:55","1-Nov-MSM-UP","2023-11-06 13:10:28.5",387.315974647794,2.26309190985506,2.30276747626761e-29,0.913964513181253,8.42021278866463,312.136104421176,1.78799803186631,0.0366505788220936,3659.74637120716,1.28808232018035,4.2414904241169e-45,0.978618201354059,4.19765144967609,313.298107838745,0.979712913770501,4.16975716659702,312.156364183623,TRUE,1.78698625591286,0.0404431190856503,4.51937340104537,"2023-11-06 13:10:02","2023-11-06 13:10:55","1-Nov-MSM-UP","COMPASS","Synoptic","CB"
"214",1,"Nov","MSM","UP","4","1-Nov-MSM-UP-4","2023-11-06 13:06:27.5",202.766127514187,-1.4166254843753,2.19884037897542e-47,0.982534572218199,1.52476487658054,272.053736237677,-0.703163607418371,0.0252871454771422,19105.9681371246,0.888715159862648,6.92583874127098e-33,0.936987870672358,2.89617862204974,161.137220126505,0.992497445180161,1.01914158765553,272.375415311453,TRUE,-0.690493004484251,0.0279088384709507,2.85107828943414,"2023-11-06 13:06:01","2023-11-06 13:06:54","1-Nov-MSM-UP","2023-11-06 13:06:27.5",449.484115534614,3.6877816003733,2.30011030775262e-30,0.921248209558606,14.973261351945,319.370612724326,3.34749701200804,0.0391897569139771,3670.17365617858,1.37732157677765,1.37643334487627e-57,0.99292341319404,4.48846771891208,316.560383141353,0.993761895693055,4.29763148493566,319.415569700961,TRUE,3.35096114956536,0.0422793695680126,4.38155434420867,"2023-11-06 13:06:01","2023-11-06 13:06:54","1-Nov-MSM-UP","COMPASS","Synoptic","CB"
"215",1,"Nov","MSM","UP","5","1-Nov-MSM-UP-5","2023-11-06 13:02:04.5",267.914701871797,-1.18272217505351,6.87908276868627e-37,0.955779440155161,2.78728431840464,214.415634637322,-0.82765673878677,0.0148293756794644,19134.7755036457,0.52117748875813,4.41196929101918e-48,0.98358055392816,1.6984329393775,151.889140827579,0.995210173157873,0.935504173861825,214.609049158229,TRUE,-0.82211463864931,0.0152983720957525,1.80682143189474,"2023-11-06 13:01:38","2023-11-06 13:02:31","1-Nov-MSM-UP","2023-11-06 13:02:04.5",470.288862415374,4.40842485435982,1.06475106581863e-32,0.93593824329694,18.1542116219179,339.072167580938,4.50324836066449,0.0470324229401649,3657.98476164902,1.65295158798288,3.77197548151719e-60,0.994359860646054,5.38670123860502,313.27621561546,0.996751699666934,4.16891201841613,339.626958196065,TRUE,4.46883589109759,0.0441363981834268,4.06697182208922,"2023-11-06 13:01:38","2023-11-06 13:02:31","1-Nov-MSM-UP","COMPASS","Synoptic","CB"
"216",1,"Nov","SWH","TR","2","1-Nov-SWH-TR-2","2023-11-08 12:32:15.5",744.418260921941,151.043284964843,1.01315328494665e-41,0.971165534100194,229.7835434668,741.853421311401,84.0203705330906,1.95920345032212,20492.4459836856,68.8560837810014,2.94487937693338e-42,0.972503069660181,224.390813672429,683.782658839463,0.991288745501772,128.801223126769,745.609086941532,TRUE,81.4038688357736,1.20048546167576,120.152849369627,"2023-11-08 12:31:49","2023-11-08 12:32:42","1-Nov-SWH-TR","2023-11-08 12:32:15.5",567.385734204545,21.7675694899886,1.34708301826093e-37,0.958465330069267,44.6095378024702,527.879053508842,13.6431639649776,0.270169386690273,3781.9179633898,9.49508634335479,7.30660002522133e-46,0.980016172920136,30.9429469914642,478.980816312895,0.992496824617254,19.3357739600461,529.383143778429,TRUE,13.4410638686871,0.212031576186361,22.5312929982898,"2023-11-08 12:31:49","2023-11-08 12:32:42","1-Nov-SWH-TR","COMPASS","Synoptic","CB"
"217",1,"Nov","SWH","TR","3","1-Nov-SWH-TR-3","2023-11-08 11:58:53.5",354.487287476629,5.11307977328975,4.13385190062354e-47,0.98210546661638,6.2131360848748,394.708306171318,2.86869827165946,0.0787270372773524,19355.9413859235,2.76685684363619,1.07402401592429e-38,0.962312482148027,9.01673787363952,302.289810330918,0.993679481490579,3.76568250125446,405.797233428202,TRUE,2.63852377292943,0.0322360571585156,3.89242931271906,"2023-11-08 11:58:27","2023-11-08 11:59:20","1-Nov-SWH-TR","2023-11-08 11:58:53.5",481.932813579137,12.6675914185245,6.20184215759721e-40,0.966224968087286,20.2209044226583,517.161266699581,6.69914087065371,0.244645531732681,3728.81779699564,8.59805204347895,1.46480940072175e-32,0.935148464370454,28.0196576408614,466.693267857749,0.976348324810216,17.256404611866,529.874405243947,TRUE,5.92479356235215,0.0674945762415,7.58534765863541,"2023-11-08 11:58:27","2023-11-08 11:59:20","1-Nov-SWH-TR","COMPASS","Synoptic","CB"
"218",1,"Nov","SWH","TR","4","1-Nov-SWH-TR-4","2023-11-08 11:51:38.5",447.934972148204,4.4811249921804,1.18998781528694e-35,0.950660247768375,14.7600191063624,346.94318061329,4.1678045663651,0.0505881300085766,19445.0134304547,1.7779166924303,8.88595057125839e-57,0.992397237046962,5.79394225389137,253.649672887991,0.998745446034878,2.40021298476143,346.982958708408,TRUE,4.15826166485259,0.0541618852725909,6.38269275350846,"2023-11-08 11:51:12","2023-11-08 11:52:05","1-Nov-SWH-TR","2023-11-08 11:51:38.5",472.599065019225,4.15904072715733,1.05752611937617e-29,0.916497134049575,18.5467272316584,329.422698650678,4.02911515058291,0.043012478837888,3645.49546480366,1.51167090176532,1.17074822669845e-59,0.994108758467126,4.92629038751179,332.054531240704,0.994256146488781,4.96060836644347,329.465791200726,TRUE,4.02121465587788,0.0465179036357273,5.38906923964442,"2023-11-08 11:51:12","2023-11-08 11:52:05","1-Nov-SWH-TR","COMPASS","Synoptic","CB"
"219",1,"Nov","SWH","TR","5","1-Nov-SWH-TR-5","2023-11-08 11:40:27.5",473.782554015427,7.24021504945178,1.57802156626431e-36,0.954345799931932,18.7510842118012,385.629048935756,5.50067349294036,0.0723792349687981,19328.6066443987,2.54376372509805,5.71356218143304e-55,0.99107707959751,8.28971356954592,308.334377893306,0.998019862233682,3.98245051943852,390.418536385693,TRUE,5.36796582312141,0.0572769852311109,5.60856789136774,"2023-11-08 11:40:01","2023-11-08 11:40:54","1-Nov-SWH-TR","2023-11-08 11:40:27.5",516.091538754647,6.14251239587793,5.80480813101963e-30,0.918398406252603,27.743495992436,341.611648471515,6.10501457767162,0.0481514342832012,3655.50021981296,1.6922791722495,1.82859100861811e-66,0.996775623127723,5.5148634597012,326.063834796296,0.997754915489998,4.69293870703124,341.616581435963,TRUE,6.10814076813384,0.0516681224337857,5.82868808261454,"2023-11-08 11:40:01","2023-11-08 11:40:54","1-Nov-SWH-TR","COMPASS","Synoptic","CB"
"220",1,"Nov","SWH","TR","6","1-Nov-SWH-TR-6","2023-11-08 12:17:57.5",589.72212834775,12.6521539569754,2.87971077957784e-31,0.927288155989381,54.8589942617015,415.514299518337,12.790674619769,0.0954530717670093,19616.6362283142,3.35469228867605,1.03873498379142e-67,0.99711237783476,10.9323982855432,390.168526467288,0.998323022373154,8.49621640976706,416.703713646707,TRUE,12.7064016236554,0.0858552475993057,9.94707699152516,"2023-11-08 12:17:31","2023-11-08 12:18:24","1-Nov-SWH-TR","2023-11-08 12:17:57.5",NA,NA,NA,NA,NA,313.159491991912,1.89490288156714,0.0369995234297387,3633.57048110788,1.3003459567797,3.56489588142036e-46,0.980560017376823,4.23761665309752,315.575203097239,0.981122075530255,4.25860659347354,313.160489802592,TRUE,1.89376877989304,0.0392333015802503,5.53077588280585,"2023-11-08 12:17:31","2023-11-08 12:18:24","1-Nov-SWH-TR","COMPASS","Synoptic","CB"
"221",1,"Nov","SWH","TR","7","1-Nov-SWH-TR-7","2023-11-08 12:28:06.5",365.797358897609,9.23384678154795,3.68940880507947e-51,0.987496882800505,6.89908405829025,467.672234467769,3.7210568852643,0.154714049896069,19702.8257656089,5.43741569054009,7.67041498436374e-30,0.917520501535602,17.7196561883493,325.509295232453,0.994494053653914,4.66890398131238,468.014680052621,TRUE,3.64570746510813,0.161501399040473,20.1715508757162,"2023-11-08 12:27:40","2023-11-08 12:28:33","1-Nov-SWH-TR","2023-11-08 12:28:06.5",364.388797440515,3.00445944499356,8.03777616079151e-33,0.936626437842929,6.80968880196829,347.413766811102,1.66325926060418,0.0508090375644233,3646.32112327411,1.78568047478314,2.24802987489697e-36,0.953720719536943,5.81924316186736,326.773539518236,0.970676364907077,4.72387915170933,347.51714002745,TRUE,1.67526713447233,0.0524035496063266,5.6656395162534,"2023-11-08 12:27:40","2023-11-08 12:28:33","1-Nov-SWH-TR","COMPASS","Synoptic","CB"
"222",1,"Nov","SWH","TR","8","1-Nov-SWH-TR-8","2023-11-08 12:09:56.5",NA,NA,NA,NA,NA,286.316496092968,5.99441749503965,0.0288571782248968,19657.5970656659,1.01418373942231,1.36441854809556e-77,0.998796367109192,3.30506038110042,283.29615727323,0.998943102089539,3.15838860406643,286.344183716007,TRUE,5.98972049162235,0.0210932019414781,2.02691232272803,"2023-11-08 12:09:30","2023-11-08 12:10:23","1-Nov-SWH-TR","2023-11-08 12:09:56.5",352.654825574735,1.64561821848981,2.51456816166947e-21,0.825007089215708,6.10860561928815,320.360759932953,0.874052945372882,0.0395507018182782,3646.78836890653,1.3900069630589,4.2526321165029e-28,0.903773266827464,4.52980733617016,324.18427497465,0.904087245524522,4.61197252238203,320.517961504022,TRUE,0.865518572174699,0.0407538373622019,4.69212150334606,"2023-11-08 12:09:30","2023-11-08 12:10:23","1-Nov-SWH-TR","COMPASS","Synoptic","CB"
"223",1,"Nov","SWH","TR","9","1-Nov-SWH-TR-9","2023-11-08 11:35:59.5",584.244241962508,17.5322939127997,4.33838171875536e-36,0.952536650735731,52.1458699276011,489.399612175372,15.0082451842254,0.189191172195977,19264.3795047196,6.64911201601357,6.25786706988732e-56,0.991804577344424,21.6683780654408,344.970877161024,0.99947539227826,5.59081002806029,489.399612175374,TRUE,15.0082451842254,0.189191172195977,29.3599845859194,"2023-11-08 11:35:33","2023-11-08 11:36:26","1-Nov-SWH-TR","2023-11-08 11:35:59.5",421.733787935743,3.07271099784555,6.44285323027586e-32,0.931351694264732,11.5804526012503,335.882751217115,2.76327997973537,0.0456637871775342,3685.56472284735,1.60485096896759,7.00348304780228e-50,0.985998528393333,5.22994911960104,322.789981936229,0.989797531769573,4.55281409322868,335.894507489969,TRUE,2.76173102569471,0.0464288634557182,5.15262683405726,"2023-11-08 11:35:33","2023-11-08 11:36:26","1-Nov-SWH-TR","COMPASS","Synoptic","CB"
"224",1,"Nov","SWH","SWAMP","1b","1-Nov-SWH-SWAMP-1b","2023-11-08 14:57:13.5",NA,NA,NA,NA,NA,415.167392584151,2.31442515005111,0.0951469587328138,20326.1748104864,3.34393396506981,4.46555591128886e-30,0.919216152580329,10.8973386531158,387.222061694496,0.955290015851294,8.26755530175046,423.455138062532,TRUE,2.55368171584932,0.0355969858503699,3.66001411551843,"2023-11-08 14:56:47","2023-11-08 14:57:40","1-Nov-SWH-UP","2023-11-08 14:57:13.5",NA,NA,NA,NA,NA,337.732917090773,1.62340011561934,0.0464528001323145,3780.62879001362,1.63258078034054,8.67613092582458e-38,0.959161684839187,5.32031607913867,336.700489680343,0.962795577537264,5.17866096267805,337.855064913909,TRUE,1.63811473448265,0.0507347642430051,4.9984476940935,"2023-11-08 14:56:47","2023-11-08 14:57:40","1-Nov-SWH-UP","COMPASS","Synoptic","CB"
"225",1,"Nov","SWH","SWAMP","2c","1-Nov-SWH-SWAMP-2c","2023-11-08 14:43:53.5",288.640266764775,1.20534661962064,1.59337423657081e-33,0.940446222949438,3.37694393032634,289.312063144814,0.844578664904126,0.0296687856797914,19430.1557651472,1.0427076331008,2.20271883465473e-33,0.939700706090598,3.39801512613032,275.15934095377,0.956915690936196,2.92917575236992,292.57801108952,TRUE,0.798416134553619,0.0176279917826339,1.73258339191151,"2023-11-08 14:43:27","2023-11-08 14:44:20","1-Nov-SWH-UP","2023-11-08 14:43:53.5",404.386602270557,2.54695119327909,6.14914302424405e-30,0.918217641840087,9.86207375643125,300.62154286566,2.15823839715542,0.0329441238847985,3699.97268690087,1.15781919122816,1.19056146003302e-51,0.988029008170231,3.77314503147685,302.268747939449,0.988539388156395,3.76494818138898,300.945043307966,TRUE,2.13987138656077,0.0303905806631757,3.05842224498881,"2023-11-08 14:43:27","2023-11-08 14:44:20","1-Nov-SWH-UP","COMPASS","Synoptic","CB"
"226",1,"Nov","SWH","SWAMP","3","1-Nov-SWH-SWAMP-3","2023-11-08 14:16:25.5",351.567499807351,6.73749909272155,1.52940346804192e-53,0.989874755176836,6.04741376069468,431.960024416775,3.69806180276719,0.111153259158468,19277.702547809,3.90647440105748,1.00564586880259e-36,0.955129424381153,12.7305667315001,300.820709148419,0.996326288951213,3.71480553658113,442.500797042935,TRUE,3.3837959496829,0.0614019443375441,7.10765665725397,"2023-11-08 14:15:59","2023-11-08 14:16:52","1-Nov-SWH-UP","2023-11-08 14:16:25.5",414.992009073713,8.96997896389175,4.10441472270004e-47,0.982110382857092,10.8796565927746,452.829018867578,5.02826388613562,0.134847079539065,3730.59055594658,4.73919224919627,3.38102765170291e-39,0.963950036068233,15.4442591932688,351.737638703567,0.99485117160066,5.95231001939831,457.664007908296,TRUE,4.77555069490198,0.0952734108225719,12.5091211308213,"2023-11-08 14:15:59","2023-11-08 14:16:52","1-Nov-SWH-UP","COMPASS","Synoptic","CB"
"227",1,"Nov","SWH","SWAMP","4","1-Nov-SWH-SWAMP-4","2023-11-08 14:30:23.5",231.150769271838,1.02034414114179,2.49490607515151e-38,0.961071681708482,1.98309940306065,236.856164795778,0.618989526240513,0.0182541553300831,18936.3134357844,0.641541157225383,3.89963621793792e-37,0.956733553149626,2.09067862081746,193.624355033179,0.981957784972306,1.37680761512205,236.869891630388,TRUE,0.617443824297526,0.0193153143611816,2.25600454845889,"2023-11-08 14:29:57","2023-11-08 14:30:50","1-Nov-SWH-UP","2023-11-08 14:30:23.5",483.907515787967,7.02999409767921,8.95904684155987e-34,0.941749067437352,20.5940298650598,377.282318433041,5.35060500457502,0.066996133363885,3722.94241420516,2.35457495297303,4.42168512682303e-56,0.991913310728067,7.67317803363249,350.196813306461,0.995452571502214,5.86799190604434,377.847083499206,TRUE,5.30660492881678,0.0684829819534825,7.65106382204785,"2023-11-08 14:29:57","2023-11-08 14:30:50","1-Nov-SWH-UP","COMPASS","Synoptic","CB"
"228",1,"Nov","SWH","SWAMP","5","1-Nov-SWH-SWAMP-5","2023-11-08 14:22:48.5",NA,NA,NA,NA,NA,172.341312800984,-0.312912629708947,0.010044578163773,19473.8356807824,0.353016076750913,2.6176432404228e-35,0.949142836028673,1.15042216100362,172.83955132222,0.952336135070043,1.13577542411635,172.522922128583,TRUE,-0.310122917925699,0.010135365455967,1.2198091113399,"2023-11-08 14:22:22","2023-11-08 14:23:15","1-Nov-SWH-UP","2023-11-08 14:22:48.5",430.858189471754,2.60530351961618,1.06033125289392e-26,0.891130721241776,12.6013475358066,336.271863078344,2.38176907298687,0.0458286054027876,3691.64221639637,1.61064349527456,1.68626360487173e-46,0.981111575990338,5.2488260237156,338.576571626373,0.9816953530005,5.26940604132483,336.287507405051,TRUE,2.38704765884431,0.0470064657312852,6.26896252215235,"2023-11-08 14:22:22","2023-11-08 14:23:15","1-Nov-SWH-UP","COMPASS","Synoptic","CB"
"229",1,"Nov","SWH","UP","1b","1-Nov-SWH-UP-1b","2023-11-08 15:37:04.5",NA,NA,NA,NA,NA,176.508005338691,0.187439308903145,0.0104396753914546,18958.0498526384,0.366901744319748,6.07377324474652e-24,0.861097981671754,1.19567330038101,175.093800596471,0.874349313234933,1.15973124065369,176.509406912087,TRUE,0.187448163712565,0.0107907393674844,1.13508481098264,"2023-11-08 15:36:38","2023-11-08 15:37:31","1-Nov-SWH-UPCON","2023-11-08 15:37:04.5",521.346321754432,10.1095198248429,5.97871653109265e-35,0.947503020559928,29.1267452319219,422.112931344083,7.97037230966656,0.1014669545396,4076.63284649591,3.56604982582747,1.03973820091422e-55,0.991642993778388,11.6211782325418,365.717551807759,0.997269001478481,6.77488926932018,422.205492227884,TRUE,7.95228751814398,0.114568566784079,11.2491412393805,"2023-11-08 15:36:38","2023-11-08 15:37:31","1-Nov-SWH-UPCON","COMPASS","Synoptic","CB"
"230",1,"Nov","SWH","UP","2","1-Nov-SWH-UP-2","2023-11-08 15:23:39.5",272.464788709016,-1.02473873882405,2.17827499956755e-31,0.928063561352689,2.90722260138019,217.341653182393,-0.673561795259909,0.0152366364586206,18866.5942166658,0.535490643589337,6.33143406794617e-43,0.974080796897525,1.74507719043611,205.172740456609,0.980787524824327,1.53218832543228,218.340452192462,TRUE,-0.661610619257987,0.013050996160815,1.60345850858424,"2023-11-08 15:23:13","2023-11-08 15:24:06","1-Nov-SWH-UPCON","2023-11-08 15:23:39.5",459.058242312448,10.1913808387776,4.61748151142137e-43,0.97439343848279,16.36124381182,467.989815519581,6.33950227425806,0.15516966621824,3979.56621393045,5.45342829793226,3.41215920099508e-41,0.969787730045676,17.7718386797785,396.854111869043,0.992485411892728,9.03878266756868,475.362808978836,TRUE,5.97913623589636,0.0981694606758643,9.97819724992391,"2023-11-08 15:23:13","2023-11-08 15:24:06","1-Nov-SWH-UPCON","COMPASS","Synoptic","CB"
"231",1,"Nov","SWH","UP","3","1-Nov-SWH-UP-3","2023-11-08 15:12:52.5",NA,NA,NA,NA,NA,273.909090644534,-0.0142541984400737,0.02572531149198,19109.2290994389,0.904114477285601,0.581890791515369,0.00586954386157448,2.94636250089952,231.932236885191,0.575698102665326,1.9629925236861,283.0858400746,TRUE,-0.0825450818779879,0.0109989085330602,1.07827411434973,"2023-11-08 15:12:26","2023-11-08 15:13:19","1-Nov-SWH-UPCON","2023-11-08 15:12:52.5",514.583659047323,10.0113696560999,2.00401920520505e-34,0.945005818133314,27.3588370106065,421.730412331539,7.30912429912535,0.101108210229473,3890.0222493343,3.55344177929201,7.51797733419796e-54,0.990147523680485,11.5800906529764,380.772234133214,0.995714813945504,7.78826590109283,422.058863614152,TRUE,7.26094002985113,0.101783383401859,13.0675813070951,"2023-11-08 15:12:26","2023-11-08 15:13:19","1-Nov-SWH-UPCON","COMPASS","Synoptic","CB"
"232",1,"Nov","SWH","UP","4","1-Nov-SWH-UP-4","2023-11-08 15:18:32.5",233.049045324329,1.40824383379339,1.08375948203124e-39,0.965492521754454,2.01826373770744,242.034719671148,0.669980593769697,0.0191507585462077,19175.4004050526,0.673052221662125,8.22689042656446e-38,0.959245044564134,2.19336807105011,196.498066391784,0.983715202449726,1.41393406383435,246.35279960761,TRUE,0.635324527621424,0.0125651788517411,1.28072869804444,"2023-11-08 15:18:06","2023-11-08 15:18:59","1-Nov-SWH-UPCON","2023-11-08 15:18:32.5",NA,NA,NA,NA,NA,343.405609715025,2.43646316675251,0.0489579456650619,3939.71866842662,1.72062396475719,1.53798695228932e-45,0.979436070370285,5.60723454305247,335.718872295876,0.983437891116999,5.13180511513348,343.921646346465,TRUE,2.46038463087455,0.0511951164559344,4.70953341984395,"2023-11-08 15:18:06","2023-11-08 15:18:59","1-Nov-SWH-UPCON","COMPASS","Synoptic","CB"
"233",1,"Nov","SWH","UP","5","1-Nov-SWH-UP-5","2023-11-08 15:07:46.5",518.258652405887,8.46184755381476,3.8580837815989e-33,0.938388322312245,28.305816150296,364.912302637698,7.16699374253261,0.0597457299776462,19193.1721995052,2.09975997552552,3.22398839562508e-65,0.996399386644431,6.84277733429524,309.801910984839,0.998795014751407,4.03693446275404,365.447679034798,TRUE,7.13558934388043,0.061168968169896,5.71936183878852,"2023-11-08 15:07:20","2023-11-08 15:08:13","1-Nov-SWH-UPCON","2023-11-08 15:07:46.5",581.584331188706,13.8851691424121,3.45756796553213e-32,0.93297337738128,50.8772657720151,411.555200508189,12.3552294272649,0.092017282018469,4226.58384651339,3.23394167100002,9.35372456250613e-68,0.997123994685343,10.5388915993665,380.854369223426,0.998487454034256,7.79419120877229,411.756461732523,TRUE,12.3381123273135,0.0846654075855435,9.78157172188343,"2023-11-08 15:07:20","2023-11-08 15:08:13","1-Nov-SWH-UPCON","COMPASS","Synoptic","CB"
"234",1,"Oct","GCW","TR","1","1-Oct-GCW-TR-1","2023-10-12 09:56:41.5",300.409105324884,1.74243330354584,1.72436979571069e-36,0.954189939266049,3.76573049600974,286.278212227103,1.088051654093,0.0288469507382767,20082.4528814492,1.0138242950392,1.9032602530955e-39,0.964737484067181,3.3038890101312,258.120401415743,0.980560530430559,2.50165649782741,289.206368968783,TRUE,1.04677789029194,0.024063112833282,2.19593864063608,"2023-10-12 09:56:15","2023-10-12 09:57:08","1-Oct-GCW-TR","2023-10-12 09:56:41.5",462.886499778824,6.99123736248821,1.70399100154743e-36,0.954210862566391,16.9515993158782,436.019118216111,4.91783865747619,0.115410364529659,4495.13542462022,4.05609010536579,4.06891618810726e-42,0.972159194004412,13.2181400552269,398.550560855922,0.98708271239492,9.18188357143499,437.36222819673,TRUE,4.79451895055325,0.101084263082767,9.4125537435587,"2023-10-12 09:56:15","2023-10-12 09:57:08","1-Oct-GCW-TR","COMPASS","Synoptic","CB"
"235",1,"Oct","GCW","TR","2","1-Oct-GCW-TR-2","2023-10-12 10:00:49.5",718.485236919498,82.4919413578204,1.94696652234191e-36,0.953975713158959,180.732341005718,658.372200774153,52.6393251726233,0.904442744840724,20990.4199111527,31.7865841873812,5.16152078661352e-49,0.984880809077504,103.587324431042,604.673137497782,0.994806209969036,61.9157594110425,665.741957993711,TRUE,50.5127221683561,0.406013679730459,49.470727343533,"2023-10-12 10:00:23","2023-10-12 10:01:16","1-Oct-GCW-TR","2023-10-12 10:00:49.5",497.875971483549,11.1182899616512,8.18461509966149e-37,0.955483157608948,23.4375344630483,459.513442831599,6.9170760096603,0.143456837606517,4684.73513425659,5.04178166262814,7.69698004248879e-45,0.978122681810501,16.430349033995,408.389313154031,0.992117594019396,10.0576337569194,467.423436280108,TRUE,6.56473512628764,0.0721195093653621,7.22227168262622,"2023-10-12 10:00:23","2023-10-12 10:01:16","1-Oct-GCW-TR","COMPASS","Synoptic","CB"
"236",1,"Oct","GCW","TR","3","1-Oct-GCW-TR-3","2023-10-12 10:04:37.5",246.312790778749,0.434210036680147,3.24787315912978e-19,0.789203165768793,2.28199500809265,206.865281850544,0.296626407222752,0.0138280533867953,19911.1747363948,0.485986078869344,1.72186803340182e-27,0.898466847163672,1.58374983999677,207.123077482876,0.905264832024032,1.5601089643437,206.868051727775,TRUE,0.296899562841789,0.0143076535087448,1.70786278808153,"2023-10-12 10:04:11","2023-10-12 10:05:04","1-Oct-GCW-TR","2023-10-12 10:04:37.5",450.957242200531,7.29731239169398,2.42360221785013e-35,0.949293118179649,15.1788968129283,432.790150048571,4.16650265052093,0.112010913732323,4230.90374718908,3.93661661787666,3.82361620096932e-39,0.963779183136035,12.8287953292731,413.217803867169,0.976591268922083,10.5174961593896,437.004946352122,TRUE,3.96483968810659,0.0605874590884961,5.60670211548551,"2023-10-12 10:04:11","2023-10-12 10:05:04","1-Oct-GCW-TR","COMPASS","Synoptic","CB"
"237",1,"Oct","GCW","TR","4","1-Oct-GCW-TR-4","2023-10-12 10:14:26.5",540.525949862533,16.294642424436,4.95109399545319e-37,0.956334798987336,34.7870774914628,512.647890968776,10.3441090717234,0.234632353900596,19994.1403632077,8.24613952943822,7.2686944322081e-43,0.973942878225554,26.8728318118139,480.905397478828,0.986557879581314,19.6834296879959,523.55629966376,TRUE,9.65842828240081,0.0478145458729638,4.90856682485503,"2023-10-12 10:14:00","2023-10-12 10:14:53","1-Oct-GCW-TR","2023-10-12 10:14:26.5",462.078220743861,7.77793143882708,7.08626114824899e-37,0.955728987780022,16.8252060002525,434.977560269451,4.96680907826486,0.114302690439585,4109.33127816047,4.01716096815159,1.51271662170996e-42,0.973198280971436,13.0912763084759,404.10355419448,0.985949596685834,9.66633248927314,441.481493265749,TRUE,4.71927470609075,0.062180277515831,7.59687767558897,"2023-10-12 10:14:00","2023-10-12 10:14:53","1-Oct-GCW-TR","COMPASS","Synoptic","CB"
"238",1,"Oct","GCW","TR","5","1-Oct-GCW-TR-5","2023-10-12 10:09:41.5",268.960808232227,1.18621972753368,3.54280249992267e-36,0.952904695965349,2.81441360549582,217.312297860672,0.80911388704181,0.0152324955735843,20078.1824186589,0.53534511244149,5.53524580933744e-47,0.981903484638775,1.74460292801968,175.683877169333,0.99222628131821,1.1660849732767,217.434885500742,TRUE,0.807985484459667,0.0156418157877561,1.8533031745383,"2023-10-12 10:09:15","2023-10-12 10:10:08","1-Oct-GCW-TR","2023-10-12 10:09:41.5",478.115151949566,5.9433032101648,1.76776624856303e-34,0.945270217776408,19.5186071401196,382.900364996054,5.22835932976009,0.0705734390575367,3899.10718156252,2.48029913976529,2.12703440619362e-54,0.990614450392966,8.08289277521359,331.941236192033,0.99660803436703,4.95540727675878,384.794311335784,TRUE,5.14440947392549,0.0638281954714357,6.55774967002432,"2023-10-12 10:09:15","2023-10-12 10:10:08","1-Oct-GCW-TR","COMPASS","Synoptic","CB"
"239",1,"Oct","GCW","UP","1","1-Oct-GCW-UP-1","2023-10-12 10:20:15.5",411.395139166695,-4.88804173030614,2.19300528872988e-38,0.961264171772291,10.5232840092478,350.063298269771,-3.34543464056791,0.0520709359713119,19724.8537444827,1.83002981604913,3.24057792730136e-51,0.987559091261945,5.96377047486648,271.927591290063,0.997281830913773,2.84282268648958,354.73151393967,TRUE,-3.25267512280911,0.0351147942982815,3.75974547164791,"2023-10-12 10:19:49","2023-10-12 10:20:42","1-Oct-GCW-UP","2023-10-12 10:20:15.5",487.488431071956,10.6004334054661,4.61636611136052e-40,0.966606081763747,21.2883046492255,448.523130315364,7.27495900577406,0.129576579492805,4368.64413608862,4.55396085186825,3.2568168066047e-48,0.983771091114329,14.8406201002249,358.991618760315,0.997128802694969,6.36583789769127,451.412949014819,TRUE,7.08943499340627,0.102208166548239,12.6361748035741,"2023-10-12 10:19:49","2023-10-12 10:20:42","1-Oct-GCW-UP","COMPASS","Synoptic","CB"
"240",1,"Oct","GCW","UP","2","1-Oct-GCW-UP-2","2023-10-12 10:27:51.5",378.354287100088,-2.64987669055883,1.31886546478498e-34,0.945882755485347,7.74971843194347,267.932038096542,-2.09010572180852,0.0243402731808203,19936.2893053369,0.855437391719306,1.04768460884288e-57,0.992997295548789,2.78773177086609,214.198516559982,0.997595944418331,1.66573920612139,268.039595743861,TRUE,-2.08482549747924,0.025710180351674,3.28280330925005,"2023-10-12 10:27:25","2023-10-12 10:28:18","1-Oct-GCW-UP","2023-10-12 10:27:51.5",520.776456540258,11.239823152072,2.4937169383236e-36,0.953535898334297,28.9734618516671,436.814612933389,8.42124102756413,0.116263580112423,4062.11955109052,4.08607631411833,6.79435674730266e-54,0.990185792785972,13.3158602480037,372.790645754097,0.997215333950831,7.23343938458841,438.050278289369,TRUE,8.32890866780125,0.104633392785447,9.35497073896076,"2023-10-12 10:27:25","2023-10-12 10:28:18","1-Oct-GCW-UP","COMPASS","Synoptic","CB"
"241",1,"Oct","GCW","UP","3","1-Oct-GCW-UP-3","2023-10-12 10:31:35.5",349.788190643075,-3.79326351172994,3.712116174301e-43,0.974607380469255,5.94859833718061,351.347320438701,-2.31945569380039,0.0526937069877966,19888.4656897423,1.85191706480851,7.86687977385668e-43,0.973863538386087,6.03509747007855,229.79038591222,0.997444614944431,1.92444603676741,351.397785982217,TRUE,-2.3094910372961,0.0542113077159642,7.66665674302017,"2023-10-12 10:31:09","2023-10-12 10:32:02","1-Oct-GCW-UP","2023-10-12 10:31:35.5",515.063228055768,16.7940520616355,9.97957132429912e-43,0.973623434328486,27.4805927872668,506.388387391284,10.5331896490574,0.221420026733298,4083.32355730359,7.78179311037495,1.52870332916281e-44,0.977537870574566,25.359602114771,365.21579196053,0.998472779590054,6.74348664878862,506.566744144313,TRUE,10.4545918097844,0.220744025462941,31.8677705573809,"2023-10-12 10:31:09","2023-10-12 10:32:02","1-Oct-GCW-UP","COMPASS","Synoptic","CB"
"242",1,"Oct","GCW","UP","4","1-Oct-GCW-UP-4","2023-10-12 10:35:20.5",377.660609881776,-4.18713973513232,1.15152630131103e-40,0.968341636045196,7.70010198930751,347.458763660014,-2.69999414047679,0.0508302109248014,19873.9494956759,1.78642461122077,5.53373881754592e-47,0.981903674093017,5.82166818187364,258.795754187261,0.996746513234409,2.51734903603208,352.954679493973,TRUE,-2.59502924516992,0.0339999748483869,3.17345809626041,"2023-10-12 10:34:54","2023-10-12 10:35:47","1-Oct-GCW-UP","2023-10-12 10:35:20.5",481.222061435658,10.3817188196901,2.69622936266977e-41,0.970059982092304,20.0882668002194,457.809460860367,7.23830683467159,0.141211193483662,4018.32217443092,4.96285863917176,3.41047262377438e-46,0.980593087834707,16.1731516960344,357.637521759289,0.997180613476467,6.28652170435431,463.469062819208,TRUE,6.94587493226133,0.0941431144139484,10.816619391176,"2023-10-12 10:34:54","2023-10-12 10:35:47","1-Oct-GCW-UP","COMPASS","Synoptic","CB"
"243",1,"Oct","GCW","UP","5","1-Oct-GCW-UP-5","2023-10-12 10:24:23.5",438.674486874101,-9.92506901876686,2.89034803699538e-45,0.978931174305935,13.5471593004134,445.378943055002,-5.80579372811528,0.125858619410875,19827.8759423645,4.42329337532126,7.30262619137464e-44,0.976146019786949,14.4147959787696,282.778531700593,0.99890936697364,3.14328720450703,447.401809681641,TRUE,-5.65441295655314,0.106706483255371,13.9608645449796,"2023-10-12 10:23:57","2023-10-12 10:24:50","1-Oct-GCW-UP","2023-10-12 10:24:23.5",479.653919704267,13.7216129169697,1.02149587568433e-44,0.977883333714889,19.7986959118378,488.210826876242,8.27278018850547,0.187120112904769,4305.91577517939,6.57632476564026,6.29998461095161e-43,0.974085758076728,21.4311762171888,367.312217645881,0.997435264150127,6.87566555624061,490.320238149207,TRUE,8.04979480972641,0.161001288170286,20.4913477304628,"2023-10-12 10:23:57","2023-10-12 10:24:50","1-Oct-GCW-UP","COMPASS","Synoptic","CB"
"244",1,"Oct","GWI","TR","1","1-Oct-GWI-TR-1","2023-10-19 11:35:40.5",322.175152599581,2.11450286540651,2.76778273024135e-38,0.960916081093658,4.60655062790258,286.866795863657,1.45209135733622,0.029004591417839,18491.1564268835,1.0193645669479,1.13487601527405e-45,0.979674979924627,3.32194385805882,184.129725084319,0.997184217434631,1.26093594242339,286.966031785669,TRUE,1.4572874125419,0.0303026376873831,3.52610275723613,"2023-10-19 11:35:14","2023-10-19 11:36:07","1-Oct-GWI-TR","2023-10-19 11:35:40.5",356.996932912691,1.44577474955485,2.44596070902134e-20,0.809074344708999,6.35920412428222,338.87415421675,0.851490011898345,0.0469462700145119,3474.12819002797,1.64992374875272,3.84917538781743e-24,0.863506485582485,5.37683400144577,336.442163691829,0.878833435583506,5.16628888803816,338.897444261859,TRUE,0.851917887416053,0.0464342271376109,6.34926808062246,"2023-10-19 11:35:14","2023-10-19 11:36:07","1-Oct-GWI-TR","COMPASS","Synoptic","CB"
"245",1,"Oct","GWI","TR","2","1-Oct-GWI-TR-2","2023-10-19 11:39:20.5",298.736145034983,1.20389247696031,3.04535738116703e-36,0.953177710261671,3.70784739861359,255.742686485155,1.06742301057437,0.0217424798615976,18519.1408535573,0.764138106591611,3.07570544201335e-45,0.978880765610797,2.49020220263399,210.388309664598,0.991532678147225,1.60799699033472,255.781190282503,TRUE,1.06454674924784,0.0237611673657257,2.78448113254967,"2023-10-19 11:38:54","2023-10-19 11:39:47","1-Oct-GWI-TR","2023-10-19 11:39:20.5",NA,NA,NA,NA,NA,361.68293748941,2.0046430188692,0.0579856864240644,3500.0369027692,2.03790335396653,1.48833020119671e-37,0.958305861786916,6.64119663320868,365.367905777735,0.958548393933661,6.75299128044257,361.781720168212,TRUE,1.99777525446193,0.0581490519794341,7.04150787514165,"2023-10-19 11:38:54","2023-10-19 11:39:47","1-Oct-GWI-TR","COMPASS","Synoptic","CB"
"246",1,"Oct","GWI","TR","3","1-Oct-GWI-TR-3","2023-10-19 11:44:02.5",310.889178509147,1.55149176416856,7.24715253812775e-37,0.955690776382768,4.14946570406427,252.202795133674,1.23183171610741,0.0210413841538467,18472.0730924773,0.739498141414201,3.82159430669305e-49,0.985054533852453,2.40990455090282,175.030172014188,0.996675859110301,1.15904818212114,252.20752405192,TRUE,1.23304327195063,0.0212581630266815,3.05030039552266,"2023-10-19 11:43:36","2023-10-19 11:44:29","1-Oct-GWI-TR","2023-10-19 11:44:02.5",NA,NA,NA,NA,NA,316.489257281798,1.38336788478973,0.0381580289264597,3470.77105682931,1.34106156062873,1.38555088869359e-38,0.961941767644187,4.37030220497855,310.794147735052,0.968196436238181,4.07419420041648,316.583968850525,TRUE,1.38249889169162,0.0402629090661096,4.32244115990717,"2023-10-19 11:43:36","2023-10-19 11:44:29","1-Oct-GWI-TR","COMPASS","Synoptic","CB"
"247",1,"Oct","GWI","TR","5","1-Oct-GWI-TR-5","2023-10-19 11:52:43.5",296.846634519584,2.99596724426121,5.90128197885383e-46,0.980179620476551,3.64354104920808,337.564502400562,1.59476702180407,0.0463804183056646,18531.6473356976,1.63003692553097,1.95009075089669e-37,0.957870623872212,5.3120260687396,204.710278806361,0.996658540145608,1.52564144191559,337.593925386949,TRUE,1.58803673355863,0.0460429589356161,7.36689458216442,"2023-10-19 11:52:17","2023-10-19 11:53:10","1-Oct-GWI-TR","2023-10-19 11:52:43.5",346.793891098062,0.86004353031463,2.49208384098585e-25,0.877110772150254,5.78593876061459,312.148402694576,1.00500782491304,0.0366547525674924,3461.22814282294,1.2882290062036,1.37607643966357e-32,0.935303943802658,4.19812947564422,307.39762858124,0.944982634489046,3.94805768826089,312.287366944158,TRUE,1.00042117941929,0.0386260352561268,3.83426381071159,"2023-10-19 11:52:17","2023-10-19 11:53:10","1-Oct-GWI-TR","COMPASS","Synoptic","CB"
"248",1,"Oct","GWI","UP","1","1-Oct-GWI-UP-1","2023-10-19 11:57:32.5",181.537761249386,0.217471204570986,3.72113242455299e-16,0.724046760859235,1.25267500903055,170.020476318709,0.132349172566762,0.0098310306498201,18461.6942160717,0.345510962614071,1.40524209741917e-18,0.777049812138918,1.1259642108067,171.934814998933,0.78549672294116,1.12630056142373,170.028762541315,TRUE,0.131487822918604,0.0106642369765024,1.26285732473059,"2023-10-19 11:57:06","2023-10-19 11:57:59","1-Oct-GWI-UP","2023-10-19 11:57:32.5",458.613639655484,3.05464479172594,7.09548396699312e-26,0.88289308475763,16.2940280704373,334.918346121051,2.9800564218099,0.045257839504124,3492.38599761365,1.59058396315641,9.16675385861899e-52,0.988148745356667,5.18345526071673,328.178411152172,0.990286214574852,4.78572910778753,335.34602421281,TRUE,3.0007795176529,0.0413706579492378,4.96843384334172,"2023-10-19 11:57:06","2023-10-19 11:57:59","1-Oct-GWI-UP","COMPASS","Synoptic","CB"
"249",1,"Oct","GWI","UP","2","1-Oct-GWI-UP-2","2023-10-19 12:01:40.5",NA,NA,NA,NA,NA,193.239655850873,0.00140492076089921,0.0121890277111437,18516.2777321945,0.428382623126487,0.908682111835104,0.000255417851435422,1.39602951675571,180.144025188653,0.271553579301344,1.21524977038539,193.672139116495,TRUE,-0.00640243562676323,0.0125116819099625,1.21243104963234,"2023-10-19 12:01:14","2023-10-19 12:02:07","1-Oct-GWI-UP","2023-10-19 12:01:40.5",517.155287416849,6.44205490654519,1.53786277353961e-30,0.922456272699895,28.0181064110704,361.177057414831,6.32124056040213,0.0577147122606405,3473.69058445667,2.02837998379477,3.59070376936766e-63,0.995683882550122,6.61016151380599,339.677567689722,0.997308379342765,5.32339926325532,361.234482858918,TRUE,6.32668979039992,0.066195604287548,6.94688968325533,"2023-10-19 12:01:14","2023-10-19 12:02:07","1-Oct-GWI-UP","COMPASS","Synoptic","CB"
"250",1,"Oct","GWI","UP","3","1-Oct-GWI-UP-3","2023-10-19 12:05:15.5",NA,NA,NA,NA,NA,179.226084591092,0.00348215558381465,0.0107057490298123,18499.2993537888,0.376252885841914,0.746289164097578,0.00203037476147186,1.22614715453744,180.17441243794,0.0568640941931855,1.21559174532348,179.350254002754,TRUE,0.00615948236483848,0.010298633939271,1.14510306081961,"2023-10-19 12:04:49","2023-10-19 12:05:42","1-Oct-GWI-UP","2023-10-19 12:05:15.5",NA,NA,NA,NA,NA,387.837730696892,3.92615281915162,0.0738746845360973,3465.18381051916,2.59632120741531,5.38564520636829e-47,0.981922538249428,8.46098988347707,329.033443542041,0.99435018048451,4.82376794256823,387.848423850669,TRUE,3.93310982988549,0.0769692427426972,10.7650210136803,"2023-10-19 12:04:49","2023-10-19 12:05:42","1-Oct-GWI-UP","COMPASS","Synoptic","CB"
"251",1,"Oct","GWI","UP","4","1-Oct-GWI-UP-4","2023-10-19 12:09:45.5",199.270294855229,-0.223080239765616,4.01989336094771e-17,0.7465414299887,1.47620026514175,183.891800263094,-0.166087684999077,0.0111783845283975,18585.7003406835,0.392863631133888,2.35380909206559e-20,0.809354927367206,1.28027888040826,177.551912964356,0.842577378346432,1.18642975177759,184.067369879424,TRUE,-0.163494199387086,0.0122196870547798,1.21154461739914,"2023-10-19 12:09:19","2023-10-19 12:10:12","1-Oct-GWI-UP","2023-10-19 12:09:45.5",NA,NA,NA,NA,NA,335.792177204118,3.35763140389648,0.0456255073753734,3493.42486619098,1.60350562769419,2.99996474308854e-54,0.990489516322749,5.22556487050599,313.005403193562,0.994208777758509,4.158471473463,335.900699854246,TRUE,3.34353218279636,0.045522272120644,5.68355683335941,"2023-10-19 12:09:19","2023-10-19 12:10:12","1-Oct-GWI-UP","COMPASS","Synoptic","CB"
"252",1,"Oct","GWI","UP","5","1-Oct-GWI-UP-5","2023-10-19 12:14:08.5",162.441019669001,0.342857700232448,7.17264118150508e-25,0.872024863029136,1.04965295520631,180.805280282865,0.167307583800472,0.0108634405314282,18540.664248585,0.381794943888528,5.11054779079801e-21,0.820187452964145,1.24420782319898,166.554345058566,0.871756010050257,1.07156399241873,180.869777449805,TRUE,0.164971605598935,0.0102613092004037,1.12889188432683,"2023-10-19 12:13:42","2023-10-19 12:14:35","1-Oct-GWI-UP","2023-10-19 12:14:08.5",496.257740536375,4.74296419872876,1.19757571023539e-28,0.908342362446246,23.0889732314334,359.083307366062,4.78433359235628,0.0566065976690941,3504.41258203694,1.98943536518361,2.37643818513496e-57,0.992773223950413,6.48324731569221,358.442576830206,0.99336835048132,6.33355787108214,359.096768471514,TRUE,4.77952527633631,0.0560761479203087,7.34201897390337,"2023-10-19 12:13:42","2023-10-19 12:14:35","1-Oct-GWI-UP","COMPASS","Synoptic","CB"
"253",1,"Oct","MSM","TR","1","1-Oct-MSM-TR-1","2023-10-10 10:28:28.5",201.426108650672,0.246725007362551,2.98296165337821e-16,0.726367587786354,1.505963114647,205.798517735077,0.152010586506503,0.0136921398870221,18756.7124951165,0.481209407347142,2.48656144478707e-15,0.703289717467071,1.56818344192915,190.860559832214,0.791058719300617,1.34202115287155,205.80991379711,TRUE,0.150851836863641,0.0139491394768827,2.03408683333855,"2023-10-10 10:28:02","2023-10-10 10:28:55","1-Oct-MSM-TR","2023-10-10 10:28:28.5",362.508258146633,1.0988357762327,2.06511492514884e-23,0.854424563950089,6.69214212559474,308.094718692171,1.07458019115729,0.0353044487606461,3461.70959676198,1.24077266263769,8.23037598143128e-35,0.946854349073388,4.04347694587586,307.705618098055,0.95100311942233,3.95933264973768,308.19161421557,TRUE,1.08204722077302,0.0391215524845403,4.01175253059931,"2023-10-10 10:28:02","2023-10-10 10:28:55","1-Oct-MSM-TR","COMPASS","Synoptic","CB"
"254",1,"Oct","MSM","TR","2","1-Oct-MSM-TR-2","2023-10-10 10:43:00.5",NA,NA,NA,NA,NA,158.207988898815,0.0693632367242426,0.00881247994625064,18627.9081972503,0.309714061292442,2.0364919543764e-10,0.543671557308026,1.00930791301231,158.10675849319,0.577045711543971,0.990942134179406,158.219229793309,TRUE,0.0684621488814741,0.00981779491434848,0.986084966110018,"2023-10-10 10:42:34","2023-10-10 10:43:27","1-Oct-MSM-TR","2023-10-10 10:43:00.5",416.183997285101,1.73650991533966,1.94213919564383e-27,0.897996642561816,11.0003996686153,314.243266959359,2.1517786733871,0.0373726811017693,3463.05929920635,1.31346056002555,8.96993745031854e-49,0.984556095010074,4.28035501885596,313.849986769642,0.985762812407885,4.19111911763707,314.259615303568,TRUE,2.15582089835488,0.0374243344506509,5.57699563905665,"2023-10-10 10:42:34","2023-10-10 10:43:27","1-Oct-MSM-TR","COMPASS","Synoptic","CB"
"255",1,"Oct","MSM","TR","3","1-Oct-MSM-TR-3","2023-10-10 10:39:19.5",NA,NA,NA,NA,NA,202.43336544369,-0.0125134392788689,0.0132720871563457,18665.8834439855,0.466446680172923,0.350123338961353,0.0168077672884386,1.52007410749207,177.676212628394,0.422756151704686,1.18779602693532,202.459986960519,TRUE,-0.0115777862243664,0.0142835723912414,1.7612403495864,"2023-10-10 10:38:53","2023-10-10 10:39:46","1-Oct-MSM-TR","2023-10-10 10:39:19.5",386.488125098007,2.46235861318644,4.28490768264658e-32,0.932418775517108,8.35591629372422,335.415559300608,1.99701648251911,0.0454666790720403,3464.07493815449,1.59792361682172,8.77750158311007e-43,0.973753255963819,5.20737400206237,320.376398269328,0.981551835351493,4.45219630850494,335.420312611135,TRUE,1.99818235518805,0.0476018413313611,5.69759052530593,"2023-10-10 10:38:53","2023-10-10 10:39:46","1-Oct-MSM-TR","COMPASS","Synoptic","CB"
"256",1,"Oct","MSM","TR","4","1-Oct-MSM-TR-4","2023-10-10 10:35:39.5",197.956576348803,0.931135627566198,2.04690252699958e-37,0.957792105297762,1.45835244721912,240.95580975759,0.425505222576153,0.0189603966886124,18673.6350113793,0.666361965980343,2.0603488662935e-28,0.906413196812203,2.17156561244839,193.152907568006,0.964141652739554,1.37081059852427,241.22112759994,TRUE,0.41835837831032,0.0201147590081379,2.2955444410112,"2023-10-10 10:35:13","2023-10-10 10:36:06","1-Oct-MSM-TR","2023-10-10 10:35:39.5",NA,NA,NA,NA,NA,327.773712732995,0.928818367189302,0.0423607358107931,3459.49863258612,1.48876543348945,6.15749468000711e-28,0.902396346869628,4.85164517997547,326.211250387219,0.911949865685609,4.6993487505067,327.774657507956,TRUE,0.930077034536594,0.0427369649446723,5.1643160024907,"2023-10-10 10:35:13","2023-10-10 10:36:06","1-Oct-MSM-TR","COMPASS","Synoptic","CB"
"257",1,"Oct","MSM","TR","5","1-Oct-MSM-TR-5","2023-10-10 10:32:02.5",304.845106587694,1.05402192011647,3.95475621155212e-33,0.938329719935624,3.92362492017776,219.5268818002,0.98843832667765,0.0155480685109784,18640.1974555286,0.546435903759082,5.57251254063575e-51,0.987297040413305,1.78074601881673,194.106118822336,0.992633033203712,1.38296296385655,219.549529506192,TRUE,0.987022706525165,0.0154464582080629,1.75002636474883,"2023-10-10 10:31:36","2023-10-10 10:32:29","1-Oct-MSM-TR","2023-10-10 10:32:02.5",NA,NA,NA,NA,NA,324.426228268075,2.24378341325285,0.0410678946621079,3468.32423051671,1.44332861148163,1.31117213446105e-47,0.982878330243829,4.70357394354775,325.09327559066,0.983903150774386,4.65095380028641,324.806095011652,TRUE,2.26424379779529,0.0403164439412653,3.48886615873254,"2023-10-10 10:31:36","2023-10-10 10:32:29","1-Oct-MSM-TR","COMPASS","Synoptic","CB"
"258",1,"Oct","MSM","UP","1","1-Oct-MSM-UP-1","2023-10-10 11:05:23.5",212.879239483401,-0.278800738701392,2.63186997168685e-22,0.839505693283807,1.67444228310604,179.535644342439,-0.251511363892895,0.0107364788733014,18641.8143053976,0.377332884285929,2.69399515000005e-29,0.913444616071731,1.22966669437053,182.321787645349,0.91536857445744,1.24000336731602,179.58080774588,TRUE,-0.253693523248008,0.0114148317597863,1.26393034108946,"2023-10-10 11:04:57","2023-10-10 11:05:50","1-Oct-MSM-UP","2023-10-10 11:05:23.5",460.732429701344,4.3625301642905,3.57280033578144e-31,0.926683414759136,16.6168475108993,320.665135892002,3.85328031413377,0.0396623246188902,3511.90712226288,1.39392993946523,1.77631812345887e-60,0.994520860438678,4.54259168026143,315.388980678408,0.995385666569149,4.25126988334009,320.762108987395,TRUE,3.84236460100247,0.0412429867723829,3.79849223400162,"2023-10-10 11:04:57","2023-10-10 11:05:50","1-Oct-MSM-UP","COMPASS","Synoptic","CB"
"259",1,"Oct","MSM","UP","2","1-Oct-MSM-UP-2","2023-10-10 11:01:47.5",175.493170272624,0.411679205650093,8.27142687099659e-34,0.941927502495182,1.18449063348252,170.906002887071,0.301105588790122,0.00991196978629917,18612.3374457914,0.34835556354699,9.06435308522559e-35,0.946656899573103,1.13523430406297,150.341588150052,0.966153077697022,0.922194739888048,171.006135360358,TRUE,0.300083965115196,0.0115345635905101,0.980284203825813,"2023-10-10 11:01:21","2023-10-10 11:02:14","1-Oct-MSM-UP","2023-10-10 11:01:47.5",478.204660823263,4.70890927681467,2.5377929647018e-31,0.927640268496937,19.5347905912535,386.378260983212,4.54201169851848,0.0728830861009046,3512.90098818961,2.5614715418946,1.54958462899312e-50,0.986787530219256,8.34742047358622,372.903951292641,0.990440238907575,7.24103215145002,386.833810272839,TRUE,4.5030279402643,0.0723263981068969,7.73008717662656,"2023-10-10 11:01:21","2023-10-10 11:02:14","1-Oct-MSM-UP","COMPASS","Synoptic","CB"
"260",1,"Oct","MSM","UP","3","1-Oct-MSM-UP-3","2023-10-10 10:57:39.5",164.357877763966,0.172011871625312,3.02046273266498e-06,0.345055438679616,1.06844922712529,169.385033523844,0.0440758287175607,0.00977335735737095,18629.1787993207,0.343484038326983,3.7262682005605e-05,0.281154775294761,1.11935879317246,167.136814903213,0.359699038829654,1.0773588058191,169.422851693759,TRUE,0.045882085166613,0.00893596111502828,0.989619694139858,"2023-10-10 10:57:13","2023-10-10 10:58:06","1-Oct-MSM-UP","2023-10-10 10:57:39.5",373.042768030103,2.50742631351762,5.77971321392529e-32,0.93163749333836,7.37780212498231,319.068017746089,1.75412530642035,0.0390801085216874,3494.37481045992,1.37346799082939,2.92460695882165e-43,0.974839077073525,4.47590950707363,309.778446658254,0.980328144780575,4.03605748442614,319.291660714768,TRUE,1.73766966265362,0.0388630900244801,4.35218000895661,"2023-10-10 10:57:13","2023-10-10 10:58:06","1-Oct-MSM-UP","COMPASS","Synoptic","CB"
"261",1,"Oct","MSM","UP","4","1-Oct-MSM-UP-4","2023-10-10 10:54:09.5",NA,NA,NA,NA,NA,186.129622616501,0.0797196618004731,0.0114124234468739,18631.0027737947,0.401088914412138,5.22227227129257e-09,0.484101289339193,1.3070837450788,181.650337431017,0.559069772205229,1.23231801834736,186.142555448768,TRUE,0.0790782278577244,0.0121453090696758,1.3315421025443,"2023-10-10 10:53:43","2023-10-10 10:54:36","1-Oct-MSM-UP","2023-10-10 10:54:09.5",423.56030532912,3.85588812506694,3.53474637859593e-34,0.943793630348552,11.7779690201571,346.752363426394,3.10663689596008,0.0504988285083996,3537.4700672971,1.77477819674373,3.00761189100786e-50,0.986446283434731,5.78371440528096,324.183023238625,0.991713431287207,4.61191906924591,348.669092204484,TRUE,3.04498069256931,0.0441053117650587,4.49880444601223,"2023-10-10 10:53:43","2023-10-10 10:54:36","1-Oct-MSM-UP","COMPASS","Synoptic","CB"
"262",1,"Oct","MSM","UP","5","1-Oct-MSM-UP-5","2023-10-10 10:50:45.5",173.739810448019,-0.0949294422324674,0.901169645801572,0.000299390476366214,1.16541590560093,173.15804873908,-0.00770104616173072,0.0101208269255859,18620.996284832,0.355695834757018,0.450147199682632,0.0110117224721132,1.15915505788674,168.780563199379,0.153132830571364,1.09388150801093,173.282277981624,TRUE,-0.0111870912850619,0.00981581264333344,1.02324967563074,"2023-10-10 10:50:19","2023-10-10 10:51:12","1-Oct-MSM-UP","2023-10-10 10:50:45.5",NA,NA,NA,NA,NA,337.273473918843,4.71615386117393,0.0462556048572402,3504.16043145155,1.62565036462516,1.46087090170743e-61,0.995022753453859,5.29773097792368,340.625262350051,0.995082142747729,5.37031737961319,337.286403697211,TRUE,4.72005429279342,0.0444560794824715,4.85857328765631,"2023-10-10 10:50:19","2023-10-10 10:51:12","1-Oct-MSM-UP","COMPASS","Synoptic","CB"
"263",1,"Oct","SWH","TR","1","1-Oct-SWH-TR-1","2023-10-18 10:46:37.5",NA,NA,NA,NA,NA,629.277863505961,33.8619335231071,0.690852948032272,22541.8295662408,24.2799840222008,3.33931664103661e-45,0.978813891470471,79.1245315086954,558.706337941489,0.994675112781527,40.4536238374572,631.206569008686,TRUE,33.2680011882175,0.648016044517815,69.1960618391316,"2023-10-18 10:46:11","2023-10-18 10:47:04","1-Oct-SWH-TR","2023-10-18 10:46:37.5",NA,NA,NA,NA,NA,393.156771332707,5.96053672709618,0.0776041249024417,3594.71834108548,2.72739215784623,3.31015117440263e-55,0.99126242606867,8.88812886090651,345.028716102949,0.996672243967266,5.59380496454893,394.028913542194,TRUE,5.90663107367712,0.0794013142674553,8.80654784261611,"2023-10-18 10:46:11","2023-10-18 10:47:04","1-Oct-SWH-TR","COMPASS","Synoptic","CB"
"264",1,"Oct","SWH","TR","2","1-Oct-SWH-TR-2","2023-10-18 10:38:03.5",915.306864624885,258.308368330825,2.62835985170333e-28,0.905534349763217,1118.15986626368,880.62546550186,223.292240652199,7.08134826750091,22934.060401596,248.873545781743,1.43739766143285e-35,0.950300834264501,811.038536799799,813.200657229497,0.986759153119037,426.915076707102,880.949209694009,TRUE,219.343411588689,7.30942311213754,902.817296800779,"2023-10-18 10:37:37","2023-10-18 10:38:30","1-Oct-SWH-TR","2023-10-18 10:38:03.5",618.180751081837,35.524033165373,9.78105029778587e-36,0.951030595693636,71.3981471394917,649.364542845133,19.4079091550936,0.83206849437808,4088.4711054881,29.2429956424428,3.30850166901251e-29,0.912759093999833,95.2981817452355,560.06165454972,0.984499968414521,40.9644843285577,655.956857107864,TRUE,17.5514212908037,0.539281519966723,63.5734647042009,"2023-10-18 10:37:37","2023-10-18 10:38:30","1-Oct-SWH-TR","COMPASS","Synoptic","CB"
"265",1,"Oct","SWH","TR","3","1-Oct-SWH-TR-3","2023-10-18 10:55:06.5",349.280489767225,2.76027457786454,2.40916151284733e-27,0.932182250122231,10.3252981966717,188.016574391401,2.91790513231858,0.0198700035249762,19872.3567163163,0.606767574839816,7.45129996950285e-61,0.997963797267783,1.78912804250266,177.33627106277,0.998520136818414,1.56114553243964,188.76583385492,TRUE,2.90289710503752,0.0182404519022821,1.77646825902666,"2023-10-18 10:54:44","2023-10-18 10:55:29","1-Oct-SWH-TR","2023-10-18 10:55:06.5",361.55383357748,2.75562392039828,2.33259099541923e-25,0.916544365051233,11.7988601629374,271.506874612098,2.99103120429554,0.0492404035686477,3609.1928424259,1.50364745632415,4.45588390957252e-44,0.988215647566938,4.43368752995334,274.808045434464,0.988393321701608,4.50368376274526,271.508609201399,TRUE,2.99033373695407,0.0510987382798121,4.03811194467133,"2023-10-18 10:54:44","2023-10-18 10:55:29","1-Oct-SWH-TR","COMPASS","Synoptic","CB"
"266",1,"Oct","SWH","TR","4","1-Oct-SWH-TR-4","2023-10-18 11:26:51.5",NA,NA,NA,NA,NA,611.40677181395,-0.460470718578757,0.585492819757318,22986.9252498358,20.577108846841,0.435163579507723,0.0117549876646082,67.0574616449907,515.103222224259,0.845768069041857,27.0158484823176,615.121648049472,TRUE,0.504728129251675,0.369667996489504,53.2190058663303,"2023-10-18 11:26:25","2023-10-18 11:27:18","1-Oct-SWH-TR","2023-10-18 11:26:51.5",NA,NA,NA,NA,NA,611.156366910598,16.6061876086013,0.584136889742682,3513.61705080668,20.5294547705511,2.35276086282373e-33,0.939547865284989,66.9021647363327,469.433513670154,0.995931474967628,17.6998471301496,614.115290045954,TRUE,15.8976795458049,0.517612458326673,53.2272309433173,"2023-10-18 11:26:25","2023-10-18 11:27:18","1-Oct-SWH-TR","COMPASS","Synoptic","CB"
"267",1,"Oct","SWH","TR","6a","1-Oct-SWH-TR-6a","2023-10-18 11:46:07",NA,NA,NA,NA,NA,268.70008349173,11.5973099326802,0.177849003260923,36553.9070396349,4.30526851951067,1.85765926860879e-36,0.992299040222917,10.6263849271719,265.748702507307,0.993686222930389,9.92736205075851,268.851776227028,TRUE,11.6550351161895,0.192444082686389,10.4015293244966,"2023-10-18 11:45:50","2023-10-18 11:46:24","1-Oct-SWH-TR","2023-10-18 11:46:07",219.904000042468,1.70881689183994,4.43123769346874e-17,0.88530838270124,5.29230112194959,215.890186550529,1.42355965731263,0.0836388223803243,3557.16678299437,2.02468151297238,6.63598955251875e-18,0.897735095224718,4.99737589287895,216.839510594021,0.906271305337795,4.93618145088032,215.987469363755,TRUE,1.39947472149302,0.0732940382926853,4.40588301404351,"2023-10-18 11:45:50","2023-10-18 11:46:24","1-Oct-SWH-TR","COMPASS","Synoptic","CB"
"268",1,"Oct","SWH","TR","7a","1-Oct-SWH-TR-7a","2023-10-18 11:38:22.5",509.210056409843,5.17344157593415,5.95194162838382e-30,0.918319937128532,26.0308924784607,281.139868552279,5.73122183921882,0.0275066292008951,19082.9400248926,0.966718777714673,1.16562481039588e-77,0.998803634816589,3.1503797662054,262.331691121765,0.999215795703179,2.60113147950496,281.449391510779,TRUE,5.74481669167837,0.0295667500949743,3.10306832210086,"2023-10-18 11:37:56","2023-10-18 11:38:49","1-Oct-SWH-TR","2023-10-18 11:38:22.5",NA,NA,NA,NA,NA,318.919652921454,1.38010973006249,0.0390264591448714,3548.87442588696,1.37158248680773,4.80395730195401e-38,0.960079002972307,4.46976495515648,317.536413885437,0.963866774536811,4.33664659373679,318.935077265899,TRUE,1.37809233075683,0.0409941112482236,5.22970469596523,"2023-10-18 11:37:56","2023-10-18 11:38:49","1-Oct-SWH-TR","COMPASS","Synoptic","CB"
"269",1,"Oct","SWH","TR","8","1-Oct-SWH-TR-8","2023-10-18 11:06:09.5",688.351131507677,48.5198007950692,2.48629695089688e-34,0.944548305111332,136.728562283987,577.407144297796,36.4274967833568,0.427366754167508,20559.4965567474,15.0197780763066,1.53536748998773e-57,0.992893612711469,48.9470216523072,542.559825206573,0.996538855897928,34.8360050577122,580.308395068234,TRUE,35.7912825689087,0.24701475266166,32.9779380960948,"2023-10-18 11:05:43","2023-10-18 11:06:36","1-Oct-SWH-TR","2023-10-18 11:06:09.5",340.042355035941,0.982457361742167,3.43667472927242e-22,0.837856101893971,5.43530914650954,298.039019470256,0.81760020685281,0.0321656996677806,3551.58807217977,1.13046152038732,5.39925082714363e-31,0.925511507276797,3.68399081759965,301.725739091987,0.925942400290719,3.74606605827028,298.180031691197,TRUE,0.805767175920902,0.0333782559943144,2.99973452203415,"2023-10-18 11:05:43","2023-10-18 11:06:36","1-Oct-SWH-TR","COMPASS","Synoptic","CB"
"270",1,"Oct","SWH","TR","9a","1-Oct-SWH-TR-9a","2023-10-18 11:21:34.5",NA,NA,NA,NA,NA,556.494594935178,10.6513839759298,0.352132609897029,20126.5663148527,12.3756787408199,1.11924592511703e-34,0.94622292008854,40.3303305955279,398.944201568638,0.997300211595566,9.21541096085397,558.744631971381,TRUE,11.0973971843486,0.293953159901775,41.1004111574861,"2023-10-18 11:21:08","2023-10-18 11:22:01","1-Oct-SWH-TR","2023-10-18 11:21:34.5",401.580787952049,2.03860741800843,5.66568094035617e-29,0.910938587660452,9.60915898338965,312.290775254156,2.00994294583262,0.0367031050880813,3534.49154577054,1.28992835254159,1.16521859449922e-47,0.982955843726969,4.20366736985131,314.258362745199,0.983585417185898,4.20699682460201,312.328357324653,TRUE,2.01455791761659,0.0307043317056955,3.10651100876768,"2023-10-18 11:21:08","2023-10-18 11:22:01","1-Oct-SWH-TR","COMPASS","Synoptic","CB"
"271",1,"Oct","SWH","TR","10","1-Oct-SWH-TR-10","2023-10-18 11:32:31.5",778.844507388778,213.622436310262,4.25921103694332e-44,0.976635358802337,316.049640612052,781.536146311821,128.573786050347,2.82913391194604,27378.6906699945,99.4297359146647,1.55746843266037e-43,0.975441230877184,324.025389188375,682.686616082825,0.996343713354286,127.500688668832,787.412355860152,TRUE,122.985960157918,1.83184090558407,200.211014380308,"2023-10-18 11:32:05","2023-10-18 11:32:58","1-Oct-SWH-TR","2023-10-18 11:32:31.5",461.952559185298,3.41129684943045,2.60474642662477e-28,0.905567070473807,16.8056407033274,328.269737090322,3.42955527530087,0.0425557384289434,3542.085280951,1.49561878841319,2.77341416804669e-56,0.992057071583371,4.87397915256408,331.451532183198,0.992176515193277,4.9329888557842,328.340983718084,TRUE,3.43425504558538,0.0397765357016481,4.24032478879085,"2023-10-18 11:32:05","2023-10-18 11:32:58","1-Oct-SWH-TR","COMPASS","Synoptic","CB"
"272",1,"Oct","SWH","SWAMP","2","1-Oct-SWH-SWAMP-2","2023-10-18 13:40:54.5",NA,NA,NA,NA,NA,728.050415287642,-7.79701505373265,1.72414689824528,23965.3990571106,60.5950358329616,3.57245489880026e-05,0.282270581998485,197.469397741436,676.080507084558,0.745420577160595,119.93549900706,738.426269226709,TRUE,-2.91451570861465,0.466653895110192,54.9282168063285,"2023-10-18 13:40:28","2023-10-18 13:41:21","1-Oct-SWH-UP","2023-10-18 13:40:54.5",423.124294553744,4.07005212964617,2.07180269518821e-36,0.953865670303416,11.7305156003156,361.244186837632,3.41328497059358,0.0577505970723048,3563.74282660633,2.02964115327568,2.34500949983781e-49,0.985332569387893,6.61427146067574,310.60808910906,0.994667341770895,4.06718136348842,361.446753671016,TRUE,3.39090228051306,0.0627288338668096,6.59940722612835,"2023-10-18 13:40:28","2023-10-18 13:41:21","1-Oct-SWH-UP","COMPASS","Synoptic","CB"
"273",1,"Oct","SWH","SWAMP","3","1-Oct-SWH-SWAMP-3","2023-10-18 13:44:41.5",526.416151538762,9.73793450437739,1.35223302850383e-35,0.950417333924295,30.5266386440929,472.992676589449,8.55164066593718,0.162526639985484,18817.9200558633,5.71198868481227,8.97872611490548e-47,0.98156377114625,18.6144450612275,436.050195011511,0.991362410205733,12.9935255714032,473.006611007558,TRUE,8.54623243176667,0.185509534340204,17.08292637013,"2023-10-18 13:44:15","2023-10-18 13:45:08","1-Oct-SWH-UP","2023-10-18 13:44:41.5",520.407925034217,8.91589430498934,3.87179853158596e-34,0.943596612689692,28.8747633661349,426.57222897973,7.61686949222115,0.105744199711292,3600.17987579916,3.71637334217565,9.04441512171349e-54,0.990077239683412,12.1110582009517,392.151781612263,0.995128794831973,8.65367779937415,426.628141280358,TRUE,7.60627578763914,0.113749761594923,11.6845296648522,"2023-10-18 13:44:15","2023-10-18 13:45:08","1-Oct-SWH-UP","COMPASS","Synoptic","CB"
"274",1,"Oct","SWH","SWAMP","4","1-Oct-SWH-SWAMP-4","2023-10-18 13:50:00.5",382.619600110218,2.82921239022443,4.41834481261321e-36,0.952503329024494,8.06190717169018,329.346724618288,2.30835299538838,0.0429822317792752,18681.9811521071,1.51060787076584,3.15658079527893e-47,0.982290080744459,4.92282614182959,253.394352059458,0.995970971013308,2.39454538703022,329.366103502918,TRUE,2.30999026821816,0.0459365323274506,6.0519934305012,"2023-10-18 13:49:34","2023-10-18 13:50:27","1-Oct-SWH-UP","2023-10-18 13:50:00.5",464.151921447757,3.99205700933878,7.89785772680936e-32,0.930812701342821,17.151387113576,362.446196906512,4.08380952114165,0.0583969353236726,3501.77278822102,2.05235667104374,4.14569534430971e-53,0.989478950580874,6.68829765030305,341.60120762256,0.993358847200133,5.41906634435691,362.447334499628,TRUE,4.08189084648218,0.0632345970678344,7.48568286890112,"2023-10-18 13:49:34","2023-10-18 13:50:27","1-Oct-SWH-UP","COMPASS","Synoptic","CB"
"275",1,"Oct","SWH","SWAMP","5","1-Oct-SWH-SWAMP-5","2023-10-18 13:55:03.5",248.849860302366,0.895222186549102,3.5024017354554e-34,0.943813477428171,2.33623684371061,209.258601563191,0.612118272301124,0.0141379087082281,18691.5029372596,0.496875924928494,1.81670766314343e-42,0.973008946530371,1.61923808277503,189.412265230562,0.982644548975354,1.32414459916751,209.327185459528,TRUE,0.608907322431885,0.0141568928275626,1.46277160130803,"2023-10-18 13:54:37","2023-10-18 13:55:30","1-Oct-SWH-UP","2023-10-18 13:55:03.5",463.50882657838,5.29150646431342,6.54349217947811e-34,0.942447966427043,17.0495612366138,377.195246489324,4.44853476532412,0.0669421413949513,3619.25806385084,2.35267740857263,5.71868024629944e-52,0.988361834357614,7.6669942440731,352.468237354509,0.99316327928952,5.99271272412589,379.213110950578,TRUE,4.36749594140304,0.0565071476936705,5.48844399114193,"2023-10-18 13:54:37","2023-10-18 13:55:30","1-Oct-SWH-UP","COMPASS","Synoptic","CB"
"276",1,"Oct","SWH","UP","1","1-Oct-SWH-UP-1","2023-10-18 13:59:18.5",221.349600606431,-0.710125569018938,5.24437927459737e-32,0.931892235473077,1.81105475691689,203.557105680744,-0.426090763842075,0.0134109041957327,18621.8344575889,0.471325396414819,9.88465593234256e-36,0.951010765179546,1.53597305275707,188.933597778524,0.965300655354944,1.3182888361621,203.674189793913,TRUE,-0.429325620955342,0.0125769690792044,1.03160746916452,"2023-10-18 13:58:52","2023-10-18 13:59:45","1-Oct-SWH-UPCON","2023-10-18 13:59:18.5",536.044991782387,9.1850127077022,4.67988664553221e-32,0.93218950346155,33.3732816339534,397.904583106121,8.04791125169766,0.0810917963988405,3576.46458998392,2.8499661563338,5.90005230716462e-61,0.994748250375269,9.28757764953047,369.823451594028,0.997100708911302,7.03741287465809,397.924417931717,TRUE,8.04092010882676,0.0911355930143504,10.3105199607415,"2023-10-18 13:58:52","2023-10-18 13:59:45","1-Oct-SWH-UPCON","COMPASS","Synoptic","CB"
"277",1,"Oct","SWH","UP","2","1-Oct-SWH-UP-2","2023-10-18 14:02:49.5",296.672556485543,-1.014839149613,4.65338903574717e-30,0.919088241216775,3.63767299757716,190.875321638297,-0.800576664659923,0.0119250853702117,18668.988350226,0.419106385920201,3.38724915039384e-52,0.988593867944578,1.36579976362078,192.504905703373,0.989083728011928,1.36261033672302,190.922335847643,TRUE,-0.799202169662094,0.0110549220411035,1.18651516847473,"2023-10-18 14:02:23","2023-10-18 14:03:16","1-Oct-SWH-UPCON","2023-10-18 14:02:49.5",491.971880639719,4.45789561335415,8.47525683060342e-30,0.917203889210413,22.1906552669543,335.546117194822,4.84447324793403,0.0455216755837776,3654.1265281632,1.59985646581666,1.59109640538156e-62,0.995429568173489,5.21367284357157,336.641357889417,0.995668924679796,5.17582633599844,336.731332532961,TRUE,4.80173770095943,0.0442601411662497,3.42145646177703,"2023-10-18 14:02:23","2023-10-18 14:03:16","1-Oct-SWH-UPCON","COMPASS","Synoptic","CB"
"278",1,"Oct","SWH","UP","3","1-Oct-SWH-UP-3","2023-10-18 14:06:27.5",196.094157802456,0.409150724938721,1.8081865496823e-32,0.934621715975419,1.43341931802263,211.75012544201,0.33719471471372,0.0144678567963186,18624.384501841,0.508471930025979,3.43513988413852e-29,0.912633188324966,1.65702758337239,172.417469084212,0.96083987999217,1.13134528446569,211.754815709863,TRUE,0.33768359719602,0.0162804672332937,1.35639573342094,"2023-10-18 14:06:01","2023-10-18 14:06:54","1-Oct-SWH-UPCON","2023-10-18 14:06:27.5",528.215127753362,7.73955442938111,8.64405758474894e-28,0.901117231797467,31.0393851796535,422.539716486967,6.17125915222919,0.101868716254334,3614.64208583117,3.58016971638053,6.6175516095881e-50,0.986029011515786,11.6671926666511,422.348637871019,0.987072325010181,11.445365985009,422.880267218362,TRUE,6.22182693905235,0.0875875721667297,9.13553362016913,"2023-10-18 14:06:01","2023-10-18 14:06:54","1-Oct-SWH-UPCON","COMPASS","Synoptic","CB"
"279",1,"Oct","SWH","UP","4","1-Oct-SWH-UP-4","2023-10-18 14:10:56.5",262.226077479616,1.37323462313491,4.39306773899416e-40,0.966669660242186,2.64427073080966,258.937712789315,0.897517874645939,0.0223953090864906,18563.7923502328,0.787081749221746,9.01011232353598e-41,0.968638769154602,2.56497181420179,190.830274065413,0.991749700487137,1.34164487100656,259.353292614638,TRUE,0.885775567590199,0.0218642165629239,2.72594201884753,"2023-10-18 14:10:30","2023-10-18 14:11:23","1-Oct-SWH-UPCON","2023-10-18 14:10:56.5",413.524170874877,3.16719907971826,1.63302176491218e-33,0.940389965091379,10.7327904491561,365.311286129055,2.73377500411527,0.0599668563263546,3618.72700371188,2.10753144733992,1.32976968780107e-43,0.97559000372382,6.86810330097977,342.861086000888,0.985043077876669,5.48265284685276,366.404404145781,TRUE,2.68161699510968,0.0515973567588462,6.83525334537382,"2023-10-18 14:10:30","2023-10-18 14:11:23","1-Oct-SWH-UPCON","COMPASS","Synoptic","CB"
"280",1,"Oct","SWH","UP","5","1-Oct-SWH-UP-5","2023-10-18 14:14:30.5",440.966120030839,6.05717083400339,4.37785581449949e-38,0.960221251115796,13.8376855221506,371.757635507358,4.34413171893533,0.0636551628736918,18611.5405141065,2.23715675225234,1.45639130800277e-52,0.988958132106714,7.29053115404131,284.228599097882,0.997972685392142,3.18577530325085,377.923918644232,TRUE,4.21470714229057,0.0390050985634671,4.09399658974311,"2023-10-18 14:14:04","2023-10-18 14:14:57","1-Oct-SWH-UPCON","2023-10-18 14:14:30.5",562.058770046369,17.1143235081718,1.98156925883119e-37,0.957844689865265,42.4626109353032,484.890396290717,12.9554598331103,0.181454693147822,3704.00984345438,6.37721393956716,1.42514278186484e-53,0.989902208870099,20.7823063160827,400.425142742681,0.998037790245689,9.3426468930364,490.689111431158,TRUE,12.5866910194128,0.113068551632309,14.3371640183376,"2023-10-18 14:14:04","2023-10-18 14:14:57","1-Oct-SWH-UPCON","COMPASS","Synoptic","CB"
"281",1,"Sep","GCW","TR","2","1-Sep-GCW-TR-2","2023-09-12 10:54:41.5",700.76807808838,71.4086909404946,9.57261484187776e-40,0.965656747517706,153.387805480971,649.327101848131,51.7666923490005,0.831780086280415,20185.0215998144,29.2328595577332,1.65944546065869e-50,0.986752684952532,95.2651498884907,511.546877682002,0.999040904679016,26.1407280169004,653.950545336708,TRUE,50.2667212039006,0.655318933544284,72.7788123021044,"2023-09-12 10:54:15","2023-09-12 10:55:08","1-Sep-GCW-TR","2023-09-12 10:54:41.5",580.04084281214,25.4821632195753,3.2856261266105e-41,0.969831583026245,50.1553214671252,547.724610258827,18.0295905002203,0.324668374587201,4176.29102040826,11.4104498937781,5.70471442306565e-48,0.983417518105108,37.1848062718289,403.361523857798,0.998937226216071,9.60014612181205,550.995974224793,TRUE,17.5325909278273,0.263158347935245,33.5187381677754,"2023-09-12 10:54:15","2023-09-12 10:55:08","1-Sep-GCW-TR","COMPASS","Synoptic","CB"
"282",1,"Sep","GCW","TR","3","1-Sep-GCW-TR-3","2023-09-12 11:01:53.5",280.997136494881,-1.65897131185676,9.48954066962829e-09,0.472345025151702,3.14621899599649,296.286248990718,-0.149279507248035,0.031647884337883,19493.5430653927,1.11226293272525,1.83871008157575e-05,0.29965412071787,3.62468457087541,264.662681985972,0.637915126692389,2.65788258076219,303.050312097585,TRUE,-0.0777851368439589,0.0111897009996884,1.5770165829584,"2023-09-12 11:01:27","2023-09-12 11:02:20","1-Sep-GCW-TR","2023-09-12 11:01:53.5",NA,NA,NA,NA,NA,446.354709866363,6.89153251886671,0.12700088903085,6569.94292945939,4.46343837028874,1.85976682884565e-47,0.982646677562016,14.5456220088162,403.557339422494,0.992705169024015,9.61756800381566,453.169174759411,TRUE,7.17698155863694,0.0545113486417155,6.4153717840323,"2023-09-12 11:01:27","2023-09-12 11:02:20","1-Sep-GCW-TR","COMPASS","Synoptic","CB"
"283",1,"Sep","GCW","TR","4","1-Sep-GCW-TR-4","2023-09-12 10:58:16.5",629.361887726716,15.2353958664664,9.06080619158345e-29,0.909318606363713,79.1861145086858,439.768059716496,16.533970488374,0.119486881283314,20001.3351129786,4.19935903390825,1.96300030439948e-68,0.997291607246,13.685030265711,441.144969723378,0.997420025181454,13.6211678239096,439.860321588396,TRUE,16.5505231465772,0.124744431602702,13.5619775705845,"2023-09-12 10:57:50","2023-09-12 10:58:43","1-Sep-GCW-TR","2023-09-12 10:58:16.5",611.041882476988,14.0579808489453,7.90781288300047e-30,0.917423912306527,66.8312832705178,400.751820937879,14.6306434519799,0.0832580744973974,3786.24584385716,2.92609986578734,8.08655221915992e-74,0.998318880829552,9.53568506537645,398.108383617532,0.998513486972247,9.14436764627836,400.791585799006,TRUE,14.6437326481261,0.0818157029841975,10.3368940124549,"2023-09-12 10:57:50","2023-09-12 10:58:43","1-Sep-GCW-TR","COMPASS","Synoptic","CB"
"284",1,"Sep","GCW","TR","5","1-Sep-GCW-TR-5","2023-09-12 11:06:19.5",NA,NA,NA,NA,NA,179.39466418033,0.22244571316046,0.0107224729192606,19383.9115453497,0.376840645899608,8.19363214347423e-27,0.892202516566348,1.22806256927421,182.421013667256,0.894128748395463,1.24114315565828,179.412906080008,TRUE,0.223521734277332,0.0120817981403489,1.33816484150743,"2023-09-12 11:05:53","2023-09-12 11:06:46","1-Sep-GCW-TR","2023-09-12 11:06:19.5",521.237744600262,19.3878996894249,4.74568856103581e-45,0.978525668256828,29.0974775472892,533.173894579516,12.3331981659323,0.283744852202551,3621.16831655721,9.97219523703598,1.4905350164283e-42,0.973213496392877,32.4977675241564,401.0109495391,0.997848076389579,9.39346037482348,535.630870794994,TRUE,11.9580328924216,0.250016274929801,31.3672393032546,"2023-09-12 11:05:53","2023-09-12 11:06:46","1-Sep-GCW-TR","COMPASS","Synoptic","CB"
"285",1,"Sep","GCW","UP","1","1-Sep-GCW-UP-1","2023-09-12 11:11:05.5",385.010225925703,-7.53715297039579,7.52707883917062e-51,0.987149327823397,8.24235063554494,455.712534098295,-4.46761204587569,0.138495884078776,19104.7209578801,4.8674292585,4.65906613064362e-36,0.952406408366174,15.8621628160206,314.027837479369,0.996794611273844,4.19802659533096,456.762429240573,TRUE,-4.34896981793443,0.130342256503032,17.6457697796584,"2023-09-12 11:10:39","2023-09-12 11:11:32","1-Sep-GCW-UP","2023-09-12 11:11:05.5",549.495236634842,35.9155399033229,5.04031577140954e-51,0.987345976136642,37.7994643904831,622.62390511266,20.6316212174939,0.649573676166351,4040.76005271204,22.8292265719977,1.00426403128686e-35,0.950980907846936,74.3967481841629,480.992216021528,0.996695362692682,19.6992590743933,623.802600857875,TRUE,20.0420032335545,0.603901789069381,81.8434131001884,"2023-09-12 11:10:39","2023-09-12 11:11:32","1-Sep-GCW-UP","COMPASS","Synoptic","CB"
"286",1,"Sep","GCW","UP","2","1-Sep-GCW-UP-2","2023-09-12 11:19:35.5",369.983006861167,-3.07887163461409,1.70370556306321e-38,0.961638211200057,7.17171385392569,310.783503156414,-2.29059596249561,0.0361944262382894,19044.8951720882,1.27205086590633,7.03104735751873e-51,0.98718296974616,4.14540753931458,224.782429177152,0.997579223830316,1.83724686753053,313.747040904438,TRUE,-2.23690300335808,0.028464483067076,3.71795249148029,"2023-09-12 11:19:09","2023-09-12 11:20:02","1-Sep-GCW-UP","2023-09-12 11:19:35.5",573.512413796279,22.5486005893892,2.0602261575023e-39,0.964629913681265,47.2133269311553,518.142106520584,15.7054488156185,0.246877485596999,3953.71210174939,8.67649392364791,5.38101788278289e-51,0.987314109609203,28.2752870108542,405.884443620685,0.99852660288137,9.82704901891437,521.985986641619,TRUE,15.3178137325141,0.182719857805719,22.6523320050855,"2023-09-12 11:19:09","2023-09-12 11:20:02","1-Sep-GCW-UP","COMPASS","Synoptic","CB"
"287",1,"Sep","GCW","UP","3","1-Sep-GCW-UP-3","2023-09-12 11:24:27.5",NA,NA,NA,NA,NA,400.572926282746,0.317395222206605,0.0831202773165464,19090.158536195,2.92125699241046,0.000359323232034137,0.218996210711336,9.51990292619747,378.837017607878,0.515077492275777,7.64995341139905,402.037117141458,TRUE,0.41433726708139,0.0786051851533932,6.49315991551333,"2023-09-12 11:24:01","2023-09-12 11:24:54","1-Sep-GCW-UP",NA,NA,NA,NA,NA,NA,NA,NA,NA,NA,NA,NA,NA,NA,NA,NA,NA,NA,NA,NA,NA,NA,NA,NA,NA,"COMPASS","Synoptic","CB"
"288",1,"Sep","GCW","UP","4","1-Sep-GCW-UP-4","2023-09-12 11:29:09.5",281.04828669972,-1.3309134491278,1.73668164998029e-39,0.964861403950108,3.14770943915706,271.192304620874,-1.04166089781318,0.0250862519256916,19030.4265709827,0.881654768453337,1.50495115751376e-41,0.970723593806487,2.87316995112068,220.480961347622,0.989370757612062,1.76551031272671,275.909814739325,TRUE,-0.994507356765507,0.0218268103123916,1.91995471533768,"2023-09-12 11:28:43","2023-09-12 11:29:36","1-Sep-GCW-UP","2023-09-12 11:29:09.5",520.288133004537,7.38667108501773,1.10645554272082e-32,0.935843627925151,28.8427536540837,459.861529888067,7.09405557616072,0.14391994896365,3760.29129541484,5.05805768255932,2.50623582428101e-45,0.979046362726585,16.4833899441827,452.407358054304,0.983051184405571,15.1183073055323,459.88671422227,TRUE,7.07434209498292,0.152619234012028,19.5201428492486,"2023-09-12 11:28:43","2023-09-12 11:29:36","1-Sep-GCW-UP","COMPASS","Synoptic","CB"
"289",1,"Sep","GCW","UP","5","1-Sep-GCW-UP-5","2023-09-12 11:14:43.5",448.812995731247,-5.43391171232619,9.00972968004455e-36,0.951184914197851,14.8805049200995,359.134057352403,-4.22078610794224,0.0566332037721988,19033.7316537349,1.99037043502751,1.56283157352876e-54,0.990725039782306,6.48629455671424,274.609434333141,0.998199663758015,2.91429909235964,359.142804564184,TRUE,-4.22158251431068,0.0601474178544619,7.90888450509434,"2023-09-12 11:14:17","2023-09-12 11:15:10","1-Sep-GCW-UP","2023-09-12 11:14:43.5",573.382347610485,18.166549699898,1.59222901115687e-36,0.954330072656919,47.1565013657056,495.096630618314,13.8185706300923,0.199438948654468,3918.83024455535,7.00926948423302,6.67691635300711e-53,0.989284358071869,22.8420728634343,401.817110539851,0.998231322764924,9.46383977005989,495.171205418622,TRUE,13.7762506890959,0.22285806233373,23.7483065458777,"2023-09-12 11:14:17","2023-09-12 11:15:10","1-Sep-GCW-UP","COMPASS","Synoptic","CB"
"290",1,"Sep","GWI","TR","1","1-Sep-GWI-TR-1","2023-09-21 10:32:51.5",194.457312296031,0.448363538806862,3.55947088571281e-33,0.938578695065256,1.41185825017736,225.507285450868,0.338539322835997,0.0164333125434335,18494.1415650858,0.577547750390087,1.13490870477979e-26,0.890846378261378,1.88213448294412,197.93037671794,0.939175133453258,1.43281074076855,227.256110290394,TRUE,0.320485251966543,0.0150622411984114,1.42579563277099,"2023-09-21 10:32:25","2023-09-21 10:33:18","1-Sep-GWI-TR","2023-09-21 10:32:51.5",NA,NA,NA,NA,NA,304.151424857081,1.52086952595066,0.0340386622390562,3419.93665325867,1.1962866738216,3.68762078614019e-43,0.974613842503345,3.89850432066511,305.490746710337,0.975834349416456,3.878961332027,304.296847083279,TRUE,1.5191072716127,0.0350378667890558,3.73267217567516,"2023-09-21 10:32:25","2023-09-21 10:33:18","1-Sep-GWI-TR","COMPASS","Synoptic","CB"
"291",1,"Sep","GWI","TR","2","1-Sep-GWI-TR-2","2023-09-21 10:37:01.5",NA,NA,NA,NA,NA,172.961227374857,0.212245724216959,0.0101023993242995,18493.9076976323,0.355048197852413,4.55073924175711e-27,0.894608078702495,1.15704451421349,161.048017739196,0.921507983591696,1.01830017719676,172.988546532231,TRUE,0.211779080622768,0.0108592397666495,1.21635973219375,"2023-09-21 10:36:35","2023-09-21 10:37:28","1-Sep-GWI-TR","2023-09-21 10:37:01.5",490.716677488063,5.16589107269136,1.40961300623567e-29,0.9155706178541,21.9342428238289,344.066377058475,4.73953469563344,0.0492583991409858,3532.20281247634,1.73118338353889,2.92806741871992e-60,0.994414526740913,5.64164597690442,347.917416998554,0.994429913146922,5.74544265937264,344.0822600739,TRUE,4.74407001918849,0.0517272595248978,6.58363379533472,"2023-09-21 10:36:35","2023-09-21 10:37:28","1-Sep-GWI-TR","COMPASS","Synoptic","CB"
"292",1,"Sep","GWI","TR","3","1-Sep-GWI-TR-3","2023-09-21 10:41:40.5",205.310331507763,0.923023251506792,2.10136066153113e-39,0.964603027774178,1.56111086886181,220.448236973636,0.510043688906043,0.0156812775156912,18542.2594962657,0.551117525970076,3.09316076774613e-36,0.953149678600652,1.7960026665891,179.945598445421,0.979450534453561,1.21301906047678,221.395097929977,TRUE,0.496259263366458,0.01341022328028,1.45292200741425,"2023-09-21 10:41:14","2023-09-21 10:42:07","1-Sep-GWI-TR","2023-09-21 10:41:40.5",465.240503358283,7.72476704861521,1.07014334614701e-37,0.95883107716641,17.3251380575473,404.774912240091,5.33986996566168,0.0864179976721452,3592.44189728906,3.03715516983256,2.39796732690761e-50,0.986563827602022,9.89759629629402,341.464077306397,0.996136963394748,5.41218998599825,407.340329764894,TRUE,5.21537174014515,0.0612940340779032,7.5056313956935,"2023-09-21 10:41:14","2023-09-21 10:42:07","1-Sep-GWI-TR","COMPASS","Synoptic","CB"
"293",1,"Sep","GWI","TR","4","1-Sep-GWI-TR-4","2023-09-21 10:51:03.5",233.167101985963,1.58023377018105,9.39428387994115e-44,0.975913924452976,2.02047114284515,269.507725628923,0.800100113036766,0.0246979936207242,18495.8964730946,0.868009454399244,3.77457934929983e-36,0.952789873820004,2.82870208488024,200.390743555591,0.987810313556204,1.4658264931059,270.373936191282,TRUE,0.790793910686565,0.0235637496225173,2.29412421507828,"2023-09-21 10:50:37","2023-09-21 10:51:30","1-Sep-GWI-TR","2023-09-21 10:51:03.5",383.36815478591,12.481252982752,2.96360201854101e-47,0.982332984082793,8.11797884225518,495.444466987426,3.56447075994752,0.200082318593621,3629.34721161702,7.03188068085235,8.6183116413015e-24,0.85922165156522,22.9157590873511,380.48547962072,0.984447172637013,7.7676144369161,502.055846176016,TRUE,3.11846145821126,0.137067182316835,14.9514521188595,"2023-09-21 10:50:37","2023-09-21 10:51:30","1-Sep-GWI-TR","COMPASS","Synoptic","CB"
"294",1,"Sep","GWI","TR","5","1-Sep-GWI-TR-5","2023-09-21 10:46:25.5",288.48554925978,1.26838880397232,2.3036466569494e-36,0.953677237122199,3.37210968700147,229.67039117497,0.978744150257223,0.0170791394311406,18507.8030527709,0.600245296314006,1.14093679838805e-48,0.984412584578519,1.95610210524507,173.228657090654,0.994910536038105,1.13987481150435,229.677524669516,TRUE,0.977382416987485,0.018746822660881,2.06961340652971,"2023-09-21 10:45:59","2023-09-21 10:46:52","1-Sep-GWI-TR","2023-09-21 10:46:25.5",392.889028124296,2.33151204381145,1.07994415556856e-27,0.90026865648643,8.86612155750206,325.460924145953,1.74216964961271,0.0414632371096793,3468.9325906995,1.45722289728828,8.27949927122576e-42,0.971388423357354,4.74885316836496,329.08937024403,0.971584613238592,4.82626652863303,325.555211776321,TRUE,1.7530923542713,0.0407372498452952,5.53402910090419,"2023-09-21 10:45:59","2023-09-21 10:46:52","1-Sep-GWI-TR","COMPASS","Synoptic","CB"
"295",1,"Sep","GWI","UP","1","1-Sep-GWI-UP-1","2023-09-21 10:56:25.5",NA,NA,NA,NA,NA,212.269222716675,-0.0680658034506295,0.0145375633034382,18484.131786381,0.510921760896537,2.07215723560859e-05,0.296553206196852,1.66501118499796,196.021712603924,0.516506267509729,1.40771138181117,212.408795025576,TRUE,-0.0664488360115963,0.0145098392122991,1.53537012467057,"2023-09-21 10:55:59","2023-09-21 10:56:52","1-Sep-GWI-UP","2023-09-21 10:56:25.5",521.471205151235,6.78370684200269,3.45629766974321e-31,0.926776702552775,29.1604447757514,355.131348074508,6.77351211846244,0.054572676623016,3497.3016328793,1.91795333613264,5.50785085364273e-66,0.996635948948514,6.25029897211927,327.857934641786,0.99811484766486,4.77154910351676,355.142834465914,TRUE,6.77822036662874,0.0510482396195285,5.65308771738469,"2023-09-21 10:55:59","2023-09-21 10:56:52","1-Sep-GWI-UP","COMPASS","Synoptic","CB"
"296",1,"Sep","GWI","UP","2","1-Sep-GWI-UP-2","2023-09-21 11:00:03.5",NA,NA,NA,NA,NA,225.496926501376,-0.090665376110007,0.0164317363981475,18473.2934166325,0.577492356861739,1.0994272583808e-06,0.369276507776867,1.88195396441598,216.408867699321,0.505030521270486,1.7001818344809,225.550801970507,TRUE,-0.0920776146185756,0.0149072351338138,1.53602215160948,"2023-09-21 10:59:37","2023-09-21 11:00:30","1-Sep-GWI-UP","2023-09-21 11:00:03.5",567.496324620677,9.10991855062633,1.15517766211095e-29,0.916213471830817,44.6552407105212,379.70901192297,9.70060576099398,0.0685185348832641,3506.33705576341,2.40807965997498,5.99379954670003e-69,0.9974124036228,7.84754119924117,358.740455285125,0.998370376956127,6.35105078419395,379.724163169218,TRUE,9.69561100073909,0.0655614166877977,5.52250442711312,"2023-09-21 10:59:37","2023-09-21 11:00:30","1-Sep-GWI-UP","COMPASS","Synoptic","CB"
"297",1,"Sep","GWI","UP","3","1-Sep-GWI-UP-3","2023-09-21 11:03:52.5",NA,NA,NA,NA,NA,191.429628808924,0.00606923941842471,0.0119864478945341,18460.8178883245,0.421262968032722,0.614756903328711,0.00490623332588915,1.3728277150872,191.760596349503,0.0702721350088277,1.35325184770995,191.49054489749,TRUE,0.00470419833172465,0.0117568588580866,1.13346464777226,"2023-09-21 11:03:26","2023-09-21 11:04:19","1-Sep-GWI-UP","2023-09-21 11:03:52.5",550.783805627503,9.31191001376745,5.13521975593737e-31,0.925654797559955,38.2531583206271,363.219792695983,8.82298906891332,0.0588167298149936,3513.02708073288,2.06711032241183,2.98114926053823e-70,0.997694467896652,6.73637740815936,330.570054150811,0.998830457513332,4.89289048215366,363.450561916455,TRUE,8.84900471883874,0.0604720467846644,5.4742115828444,"2023-09-21 11:03:26","2023-09-21 11:04:19","1-Sep-GWI-UP","COMPASS","Synoptic","CB"
"298",1,"Sep","GWI","UP","4","1-Sep-GWI-UP-4","2023-09-21 11:07:55.5",NA,NA,NA,NA,NA,200.422793503961,0.02260434244888,0.0130272942342144,18453.350811584,0.457843448103023,0.0886375469192585,0.0547302852901209,1.49203756898493,202.692343908244,0.0845415882391383,1.49740012888081,200.470914197568,TRUE,0.022978645091882,0.0133973092859639,1.39662217100993,"2023-09-21 11:07:29","2023-09-21 11:08:22","1-Sep-GWI-UP","2023-09-21 11:07:55.5",497.735364854511,4.93404933744029,1.57244722897268e-28,0.907379073444857,23.4070406812455,338.047091781535,4.83081523569957,0.0465881292276663,3378.51492571428,1.63733691300558,6.10548235187494e-62,0.99518697943678,5.33581554440071,341.777622581902,0.995210937402472,5.42792547025726,338.499249257243,TRUE,4.85243199195338,0.0359916553753294,3.92719858925443,"2023-09-21 11:07:29","2023-09-21 11:08:22","1-Sep-GWI-UP","COMPASS","Synoptic","CB"
"299",1,"Sep","GWI","UP","5","1-Sep-GWI-UP-5","2023-09-21 11:11:54.5",NA,NA,NA,NA,NA,195.659091857347,0.12514005053473,0.0124651701159492,18418.7554839514,0.438087630821145,9.0806497777807e-14,0.659652624546345,1.42765656339733,188.981909843189,0.720712645651648,1.31887868341031,195.861279371516,TRUE,0.129836552127362,0.0125651627403459,1.15514327249411,"2023-09-21 11:11:28","2023-09-21 11:12:21","1-Sep-GWI-UP","2023-09-21 11:11:54.5",535.485925998794,7.06064665437076,2.54289185721694e-31,0.927634690235511,33.2009700456659,381.469272228109,7.75448206739921,0.0696444489217647,3468.42949093888,2.44764983904569,1.53074493820483e-63,0.995823110700991,7.97649399747293,366.453009944033,0.997062926206434,6.821182338039,381.527078237178,TRUE,7.76513399986604,0.0702812233407597,8.49476698824631,"2023-09-21 11:11:28","2023-09-21 11:12:21","1-Sep-GWI-UP","COMPASS","Synoptic","CB"
"300",1,"Sep","MSM","TR","1","1-Sep-MSM-TR-1","2023-09-14 11:23:20.5",NA,NA,NA,NA,NA,404.848306996348,-0.252847474984086,0.0864767456677801,19206.9948043049,3.03921986449647,0.00510979636796156,0.141192339012042,9.90432480146277,326.200745126306,0.814132401997992,4.69889166269381,424.700711832384,TRUE,0.0974497423076317,0.0196909974322363,2.09260142961059,"2023-09-14 11:22:54","2023-09-14 11:23:47","1-Sep-MSM-TR","2023-09-14 11:23:20.5",389.954659983015,3.31427812087481,2.32168348132845e-33,0.939578737112319,8.62847147133324,362.390548209753,2.16966948312837,0.058366853136114,3460.93256261768,2.05129943442724,3.9510996481672e-39,0.963733495898955,6.68485228757555,343.529785936042,0.976250841133109,5.51670491316234,363.280406816254,TRUE,2.12387427415086,0.061049216168966,5.48836459206054,"2023-09-14 11:22:54","2023-09-14 11:23:47","1-Sep-MSM-TR","COMPASS","Synoptic","CB"
"301",1,"Sep","MSM","TR","2","1-Sep-MSM-TR-2","2023-09-14 11:41:05.5",NA,NA,NA,NA,NA,169.992944127611,-0.0904535299703111,0.00982852476725667,18628.2994203598,0.345422893526757,1.68747079910052e-12,0.619600066587167,1.12567720792944,171.784007511793,0.63484682539634,1.1247289315804,170.548467765405,TRUE,-0.0834553548226528,0.0108194982465291,0.85791957171037,"2023-09-14 11:40:39","2023-09-14 11:41:32","1-Sep-MSM-TR","2023-09-14 11:41:05.5",458.317722863476,3.35709087869117,3.87855049218428e-30,0.919652150918434,16.2494440248891,366.290984852573,3.58286221662757,0.0605133074991022,3366.36684447865,2.12673643992338,2.1430449939975e-49,0.985383274278125,6.93068925817831,357.071819182352,0.988557126824263,6.25367907621856,366.731404008938,TRUE,3.56747484791388,0.0679911829220212,6.59600409505648,"2023-09-14 11:40:39","2023-09-14 11:41:32","1-Sep-MSM-TR","COMPASS","Synoptic","CB"
"302",1,"Sep","MSM","TR","4","1-Sep-MSM-TR-4","2023-09-14 11:31:57.5",379.159807778147,-2.30208597492875,1.77815586014194e-05,0.300520745811842,7.80773599278726,389.175636613946,-0.233615970686631,0.0747955374340934,19060.1849272172,2.62868452541782,0.00292030839163779,0.157971006797681,8.56645668990801,346.636463218721,0.644339045154886,5.67770031384141,389.515380463588,TRUE,-0.192389191356011,0.0608882723713655,4.75188193417853,"2023-09-14 11:31:31","2023-09-14 11:32:24","1-Sep-MSM-TR","2023-09-14 11:31:57.5",388.115482054085,2.72756343187262,1.35287755647128e-29,0.91570368920214,8.48277762341747,309.200981238955,1.8214729732818,0.03566793674889,3392.32985584264,1.25354742544641,4.12670393307673e-46,0.980450329021449,4.08510782674675,310.133848473542,0.981529780068608,4.0493610484575,309.240036163109,TRUE,1.81495967421061,0.0362414066096099,4.84862785019508,"2023-09-14 11:31:31","2023-09-14 11:32:24","1-Sep-MSM-TR","COMPASS","Synoptic","CB"
"303",1,"Sep","MSM","TR","5","1-Sep-MSM-TR-5","2023-09-14 11:26:55.5",NA,NA,NA,NA,NA,150.768829771661,0.246125317425276,0.00822590062801626,18699.3511649918,0.289098767523993,1.91257724007766e-34,0.945104408182419,0.942126012898574,154.653086765306,0.945221944782113,0.959754669652634,150.779541643786,TRUE,0.246467335158709,0.00846776246843829,1.00385664697652,"2023-09-14 11:26:29","2023-09-14 11:27:22","1-Sep-MSM-TR","2023-09-14 11:26:55.5",NA,NA,NA,NA,NA,311.060789744761,2.88051567851585,0.0362874736813691,3419.93521107403,1.27532101252395,6.04997021248384e-56,0.991815218456122,4.15606441696521,313.019955214866,0.992118775473047,4.15903182756046,311.222885707445,TRUE,2.87381937580871,0.035533939318928,3.98668446397675,"2023-09-14 11:26:29","2023-09-14 11:27:22","1-Sep-MSM-TR","COMPASS","Synoptic","CB"
"304",1,"Sep","MSM","UP","1","1-Sep-MSM-UP-1","2023-09-14 12:14:07.5",204.188917781871,-0.771703993195498,1.20418830406903e-39,0.965352483105304,1.54498500197202,220.711548685869,-0.510151903835015,0.0157195562342309,18733.6131335626,0.552462829159681,3.45425817747083e-36,0.952950477982477,1.80038679157524,169.510964078246,0.9830720236487,1.10130446938127,221.085642020874,TRUE,-0.501648782054418,0.0167026983112888,1.90228611233292,"2023-09-14 12:13:41","2023-09-14 12:14:34","1-Sep-MSM-UP","2023-09-14 12:14:07.5",NA,NA,NA,NA,NA,335.347455367824,10.5379903089209,0.0454380171872319,3423.72207382903,1.59691629665731,4.46303502782199e-80,0.99903415633937,5.20409130895947,330.749669655891,0.999176318665453,4.9010346506906,335.374752883647,TRUE,10.5400966301569,0.0479985491907491,5.48936808663567,"2023-09-14 12:13:41","2023-09-14 12:14:34","1-Sep-MSM-UP","COMPASS","Synoptic","CB"
"305",1,"Sep","MSM","UP","2","1-Sep-MSM-UP-2","2023-09-14 12:10:30.5",301.886304471658,-1.94976183630109,5.7491659841976e-38,0.959802477641352,3.81759115170102,265.253835850198,-1.18656296031211,0.0237441015081418,18759.5818473531,0.834484975248695,1.24542214228317e-45,0.979602215085941,2.7194512425224,187.583902383348,0.99550475515484,1.3019164611722,265.416925631845,TRUE,-1.19459745480256,0.0246445616689983,3.05186697411188,"2023-09-14 12:10:04","2023-09-14 12:10:57","1-Sep-MSM-UP","2023-09-14 12:10:30.5",521.915866735633,6.13465269180716,1.18629802971196e-28,0.9083756497356,29.2807527330147,332.459562106249,6.08213910780552,0.0442391164466754,3554.11305829534,1.55478100446839,2.74470263094147e-68,0.997256465690432,5.06677922294731,335.374213102447,0.997311057677647,5.11545414700979,332.681203728094,TRUE,6.0986282503086,0.0437015509535465,5.1084446336713,"2023-09-14 12:10:04","2023-09-14 12:10:57","1-Sep-MSM-UP","COMPASS","Synoptic","CB"
"306",1,"Sep","MSM","UP","3","1-Sep-MSM-UP-3","2023-09-14 12:06:18.849057",266.526704603075,-1.19130580799824,2.90324897270249e-36,0.956002301850098,2.88087396227938,226.947859213124,-0.858902783025405,0.0175505266972437,18759.9042787655,0.621814694966451,1.54089311829961e-44,0.979149735165891,1.98319339919143,169.073830551214,0.99351214383625,1.12861790266927,226.9868699032,TRUE,-0.859279832777854,0.0181574477713211,2.25728409864873,"2023-09-14 12:05:52","2023-09-14 12:06:45","1-Sep-MSM-UP","2023-09-14 12:06:18.849057",477.557325720095,5.09420285885735,9.28505747925457e-31,0.927712567676956,21.09315591057,339.502689968176,4.94489348210564,0.0507505262177886,3472.80840004107,1.79808979661318,1.27736765343592e-59,0.994656687178819,5.73476285565929,329.857156589784,0.99586956410419,5.14393123941506,339.643355094161,TRUE,4.93233510375629,0.0481003065492095,5.67966718017206,"2023-09-14 12:05:52","2023-09-14 12:06:45","1-Sep-MSM-UP","COMPASS","Synoptic","CB"
"307",1,"Sep","MSM","UP","4","1-Sep-MSM-UP-4","2023-09-14 12:02:45.5",172.109057418359,-0.374748402463721,1.36983503817716e-29,0.915663362129902,1.14795082169443,168.302785360164,-0.238900003280821,0.00967590940781302,18707.7240732659,0.340059236182037,2.18502309344698e-30,0.921403288202238,1.10819791823197,156.482874838611,0.941362843947986,0.976153824942958,168.327703794339,TRUE,-0.240269169335406,0.00885905201375465,1.04667354047003,"2023-09-14 12:02:19","2023-09-14 12:03:12","1-Sep-MSM-UP","2023-09-14 12:02:45.5",553.899151007376,7.97885986093042,3.63937148232126e-29,0.912439249707585,39.3726698858329,330.684433070159,8.37165567337824,0.0435179286140599,3479.65041278704,1.52943490280842,7.36092833922662e-76,0.998596839834668,4.98418038690267,324.476917152116,0.998838515554702,4.62448629908465,330.733275492082,TRUE,8.36623785938921,0.0469382667890697,5.50397606702284,"2023-09-14 12:02:19","2023-09-14 12:03:12","1-Sep-MSM-UP","COMPASS","Synoptic","CB"
"308",1,"Sep","MSM","UP","5","1-Sep-MSM-UP-5","2023-09-14 11:57:53.5",268.608978180146,-2.270466546007,1.68541610655169e-45,0.979363571697624,2.80526004843203,303.401537090261,-1.20510433081192,0.0338031366341205,18625.0105735067,1.18800914103992,3.20639237863348e-38,0.960694497383654,3.87152918333391,180.594073072473,0.996245038042309,1.22032441585873,303.560323693022,TRUE,-1.19575254376909,0.0347820758751974,4.39651034794132,"2023-09-14 11:57:27","2023-09-14 11:58:20","1-Sep-MSM-UP","2023-09-14 11:57:53.5",495.742977007962,9.11668223820908,8.86827001736674e-34,0.9417718536071,22.9791854397183,450.166949065238,5.92022583809423,0.131563891136204,3484.7982718567,4.6238047963521,2.57302149938573e-43,0.974962659378657,15.06823019177,432.440020258543,0.983256371431837,12.5663631933501,454.170288439044,TRUE,5.69404047936198,0.0921073921264358,9.01731335023081,"2023-09-14 11:57:27","2023-09-14 11:58:20","1-Sep-MSM-UP","COMPASS","Synoptic","CB"
"309",1,"Sep","SWH","TR","1","1-Sep-SWH-TR-1","2023-09-20 09:30:15.5",NA,NA,NA,NA,NA,503.443958494186,25.7101863230183,0.215464947701907,25757.9620590172,7.57250222706188,4.24276805236736e-65,0.99636116015248,24.677557057573,502.286084522331,0.996692645176332,23.9926245735012,505.18381869603,TRUE,25.4674594671364,0.151107960511859,19.705894119283,"2023-09-20 09:29:49","2023-09-20 09:30:42","1-Sep-SWH-TR","2023-09-20 09:30:15.5",NA,NA,NA,NA,NA,405.729215406529,11.4285360557109,0.0871849828392338,4070.48677813634,3.06411081597291,3.25016816828205e-67,0.996982875650948,9.98544037685104,407.560125503901,0.997101666710764,9.98071030411429,405.749364176194,TRUE,11.4328377043429,0.0823647557573894,8.01287453764006,"2023-09-20 09:29:49","2023-09-20 09:30:42","1-Sep-SWH-TR","COMPASS","Synoptic","CB"
"310",1,"Sep","SWH","TR","2a","1-Sep-SWH-TR-2a","2023-09-20 09:26:04.5",NA,NA,NA,NA,NA,947.78403993857,531.95568824235,19.5321198932082,25471.7315081138,663.948442307409,1.18457556351133e-31,0.936848016654583,2113.89520227776,742.529000515482,0.998870913519228,288.481483672819,948.132946847567,TRUE,532.76924822037,20.3208238252449,2143.6385021166,"2023-09-20 09:25:39","2023-09-20 09:26:30","1-Sep-SWH-TR","2023-09-20 09:26:04.5",NA,NA,NA,NA,NA,688.157091503498,44.1978276598468,1.6090554322036,3882.82190855896,54.6960521253679,7.93871720917677e-32,0.937849675532545,174.14262132995,493.778547244114,0.998630310552249,26.3851043317373,688.75738473771,TRUE,44.5663464259024,1.60807101732156,164.34673496635,"2023-09-20 09:25:39","2023-09-20 09:26:30","1-Sep-SWH-TR","COMPASS","Synoptic","CB"
"311",1,"Sep","SWH","TR","3","1-Sep-SWH-TR-3","2023-09-20 09:47:26.5",531.379972156697,27.2109053082944,3.28938164708073e-47,0.982261997525576,31.9624252714656,576.1169396012,14.7999296958806,0.42229166046458,24909.0186321837,14.8414142227989,7.52921111698906e-38,0.959383607936285,48.3657627711652,482.992668303005,0.993276733559434,20.0675429422109,588.121652535472,FALSE,13.5053061952231,0.179490756249712,17.6624300546123,"2023-09-20 09:47:00","2023-09-20 09:47:53","1-Sep-SWH-TR","2023-09-20 09:47:26.5",388.185571190104,6.55815563339614,9.022693241844e-44,0.975951266064916,8.48828450786363,420.240286546122,3.37041423185122,0.0997227535159774,4065.91131049119,3.50474998900157,4.59560586088e-37,0.956459645746057,11.421412002631,350.364770406632,0.988914664836656,5.8771246621665,427.497102709811,TRUE,3.13871005740288,0.0554361697367118,6.46785839022418,"2023-09-20 09:47:00","2023-09-20 09:47:53","1-Sep-SWH-TR","COMPASS","Synoptic","CB"
"312",1,"Sep","SWH","TR","4a","1-Sep-SWH-TR-4a","2023-09-20 10:03:26.5",299.291708926494,6.04713177501557,8.76789633294664e-26,0.954683625726437,11.7893491642726,231.131769696937,4.89706713947585,0.0711315478698241,24087.648569753,1.84462633108582,8.18777889160907e-40,0.992461781967581,4.80835584261613,203.409071749669,0.996728731015947,3.25935880869049,233.535954042046,TRUE,4.79927605872908,0.0599825125009543,3.44522220084941,"2023-09-20 10:03:08","2023-09-20 10:03:45","1-Sep-SWH-TR","2023-09-20 10:03:26.5",342.805724170607,7.12237094319016,3.14604803667837e-23,0.937196813736963,20.9000038427249,244.899375638834,7.38470142296485,0.0852581454508305,3886.29013259014,2.21096580557984,2.20946419574476e-43,0.995224384086379,5.76328667217193,239.418782326902,0.996278846670381,5.23487241696059,244.977964402528,TRUE,7.40738078077589,0.0914459761630816,6.20246853220225,"2023-09-20 10:03:08","2023-09-20 10:03:45","1-Sep-SWH-TR","COMPASS","Synoptic","CB"
"313",1,"Sep","SWH","TR","5a","1-Sep-SWH-TR-5a","2023-09-20 09:55:05",NA,NA,NA,NA,NA,419.92593028046,6.98408300515298,0.170428907353755,22955.6625359245,5.49880886853949,1.95570717509809e-38,0.9727743837688,16.8716010540076,336.293473556809,0.99544720732611,7.05097292847202,430.978309498661,TRUE,7.49551975207952,0.067927052262728,5.22283248675751,"2023-09-20 09:54:41","2023-09-20 09:55:29","1-Sep-SWH-TR","2023-09-20 09:55:05",NA,NA,NA,NA,NA,365.040131032601,9.04030275433484,0.0973447759775478,3673.89644369789,3.14078360157682,6.51090298668035e-55,0.994580029253438,9.63664116895331,321.729594711605,0.997936158052805,6.07726404873274,368.708836372532,TRUE,9.18115850327502,0.0770995717752319,5.32667518439061,"2023-09-20 09:54:41","2023-09-20 09:55:29","1-Sep-SWH-TR","COMPASS","Synoptic","CB"
"314",1,"Sep","SWH","TR","6a","1-Sep-SWH-TR-6a","2023-09-20 09:38:29.5",953.332224630385,339.658314987535,5.66259930378471e-30,0.918476088294774,1590.05884392975,761.599860093994,350.217652578815,2.3522572142957,24227.3796634417,82.6699339445223,4.40151812706865e-70,0.997659658101645,269.407911769383,756.590646217382,0.998019281346646,252.754418949643,761.693144816993,TRUE,349.800047898969,2.26031609354491,328.168680263598,"2023-09-20 09:38:03","2023-09-20 09:38:56","1-Sep-SWH-TR","2023-09-20 09:38:29.5",NA,NA,NA,NA,NA,321.675548863415,1.74927779390301,0.0400351336850623,3712.39800720688,1.40703229097979,1.1439338109152e-42,0.973484644806252,4.58529011961395,325.087196500157,0.973771972462719,4.65069201534789,321.702096278345,TRUE,1.75553362244724,0.0407022286549346,5.3538773623553,"2023-09-20 09:38:03","2023-09-20 09:38:56","1-Sep-SWH-TR","COMPASS","Synoptic","CB"
"315",1,"Sep","SWH","TR","7a","1-Sep-SWH-TR-7a","2023-09-20 09:19:26.5",NA,NA,NA,NA,NA,400.84325861381,45.616297888391,0.261219008977356,25812.6711621336,7.67601736301027,9.88229420066375e-62,0.998624625258162,22.0029533192623,340.792301233074,0.999679212812605,10.8886393017152,401.283877299951,TRUE,45.7620091587113,0.242011366551276,25.2510079736501,"2023-09-20 09:19:05","2023-09-20 09:19:48","1-Sep-SWH-TR","2023-09-20 09:19:26.5",NA,NA,NA,NA,NA,254.937204763045,0.546065755761451,0.0497661896668061,3937.05590813927,1.46239792222158,6.53646190044098e-14,0.741376933864969,4.19189687765493,250.903951266566,0.784535165457877,3.92066568683049,254.979825745259,TRUE,0.537726798767371,0.0504891240239919,4.99443055588878,"2023-09-20 09:19:05","2023-09-20 09:19:48","1-Sep-SWH-TR","COMPASS","Synoptic","CB"
"316",1,"Sep","SWH","TR","8","1-Sep-SWH-TR-8","2023-09-20 09:43:27.5",672.327525144982,26.7085836854831,9.56918503940328e-27,0.891558606472269,117.875730441943,534.581995400365,22.4418199813964,0.287468531092513,27663.2297961811,10.1030637007367,1.43039038428455e-55,0.991539851456401,32.9242466301604,529.576338551143,0.992839389027583,30.8900464602815,536.641549002888,TRUE,22.7826656931817,0.135485845540117,15.0583396260926,"2023-09-20 09:43:01","2023-09-20 09:43:54","1-Sep-SWH-TR","2023-09-20 09:43:27.5",NA,NA,NA,NA,NA,296.38574337708,0.785424293467945,0.0316770532052748,3854.27631932191,1.11328807076112,1.78385421420418e-30,0.922013155320922,3.62802532953265,297.528196167459,0.926032736248663,3.60326399520861,296.769034433262,TRUE,0.792413722488681,0.0307234521060771,3.33613101315192,"2023-09-20 09:43:01","2023-09-20 09:43:54","1-Sep-SWH-TR","COMPASS","Synoptic","CB"
"317",1,"Sep","SWH","TR","9a","1-Sep-SWH-TR-9a","2023-09-20 10:15:09.5",943.076752214991,617.513150961776,1.26791232214353e-27,0.917252982676517,2899.34458774345,734.442826932707,683.895407101709,3.52725373759547,42655.3915419313,115.836860132419,3.91985511529755e-71,0.998724791794726,359.926820134569,720.14207152707,0.999115652898434,306.179945570881,734.546481830018,TRUE,683.040409382924,3.50275554362339,350.428567145142,"2023-09-20 10:14:45","2023-09-20 10:15:34","1-Sep-SWH-TR","2023-09-20 10:15:09.5",NA,NA,NA,NA,NA,307.812512122192,3.81476037118566,0.0494999530466645,3707.92500922763,1.6256043835215,5.71776271496409e-52,0.991982841922221,5.05105728771353,304.805523769636,0.993031191678448,4.81053117282424,307.970034015621,TRUE,3.8330299889803,0.0447427780676826,4.04074337349239,"2023-09-20 10:14:45","2023-09-20 10:15:34","1-Sep-SWH-TR","COMPASS","Synoptic","CB"
"318",1,"Sep","SWH","TR","10","1-Sep-SWH-TR-10","2023-09-20 10:07:22.5",538.709937301621,68.733589093915,7.78816171148367e-41,0.983455769288498,80.9322798322779,566.530071566858,45.6459495616247,1.21620225543418,27092.7012815788,37.1390016170316,4.70723749660634e-35,0.969709838068545,109.508866358134,436.562103897218,0.998353789717387,26.130206008272,567.006634368573,TRUE,44.9496549651928,1.20154277512359,122.118467190895,"2023-09-20 10:07:00","2023-09-20 10:07:45","1-Sep-SWH-TR","2023-09-20 10:07:22.5",NA,NA,NA,NA,NA,271.628792447498,1.75437591771426,0.0493056999048665,3703.92162701905,1.50564140159565,4.57571296273731e-34,0.966413510658829,4.43956692026421,273.716443694456,0.967781169357452,4.45056226345003,272.08130126612,TRUE,1.77407036505441,0.0441960995754604,3.83789749121108,"2023-09-20 10:07:00","2023-09-20 10:07:45","1-Sep-SWH-TR","COMPASS","Synoptic","CB"
"319",1,"Sep","SWH","SWAMP","3","1-Sep-SWH-SWAMP-3","2023-09-20 10:36:13.5",NA,NA,NA,NA,NA,537.57399547429,11.0305925119311,0.295543815472546,20332.0835045623,10.3868690695643,3.22820803766776e-39,0.964014065667762,33.8491223149056,430.669445412381,0.995384869314963,12.3620271179108,546.571282443512,TRUE,11.7926341860349,0.209058246694616,21.1636324976545,"2023-09-20 10:35:47","2023-09-20 10:36:40","1-Sep-SWH-UP","2023-09-20 10:36:13.5",NA,NA,NA,NA,NA,446.63211723609,8.2687251980367,0.127327521144384,3676.12832060596,4.47491783566606,1.86756605764637e-51,0.98781996340776,14.5830317253597,370.61807672556,0.997232188943113,7.08938257861421,447.629983378644,FALSE,8.3689759504275,0.125443951273898,14.9964814759899,"2023-09-20 10:35:47","2023-09-20 10:36:40","1-Sep-SWH-UP","COMPASS","Synoptic","CB"
"320",1,"Sep","SWH","SWAMP","4","1-Sep-SWH-SWAMP-4","2023-09-20 10:39:52.5",355.403145212279,1.0046682584174,1.22449026005367e-23,0.857312890263613,6.26604853523197,262.331509374302,1.03104441085936,0.0231102343207824,20718.7065626462,0.812207752251937,3.97670077901726e-43,0.974540081872878,2.64685338449575,249.88102816266,0.981226114473974,2.31790235301886,262.395079139088,TRUE,1.02819263032891,0.0245598880036573,2.90627093417343,"2023-09-20 10:39:26","2023-09-20 10:40:19","1-Sep-SWH-UP","2023-09-20 10:39:52.5",535.986126171163,12.0038764901055,4.23180568606463e-34,0.943403619355348,33.3550964179222,451.223125748664,8.77548638758935,0.132856820602055,4114.48367076853,4.66924472226125,7.80704420534382e-52,0.988221688356766,15.2163115433089,433.734869704369,0.992088406807647,12.7179324714066,455.555354825749,TRUE,8.54828119084505,0.0839788777563201,8.21436665254031,"2023-09-20 10:39:26","2023-09-20 10:40:19","1-Sep-SWH-UP","COMPASS","Synoptic","CB"
"321",1,"Sep","SWH","SWAMP","5","1-Sep-SWH-SWAMP-5","2023-09-20 10:44:12.5",327.934560731267,5.33307333589786,1.33757031033578e-49,0.985645813059611,4.85887628020851,413.785656599464,2.46193134919341,0.0939374165024653,20286.0924035055,3.30142467838198,1.2314194295952e-31,0.929622276807232,10.7588077796659,314.883963169388,0.989532346682609,4.23143697740194,422.777713595902,TRUE,2.22135504847465,0.0693813282175118,6.80054988088155,"2023-09-20 10:43:46","2023-09-20 10:44:39","1-Sep-SWH-UP","2023-09-20 10:44:12.5",502.718478758185,6.63121443505141,1.91694729500676e-32,0.934474867422894,24.5123434379659,375.627369439595,6.01036173023284,0.0659773370446745,3913.23371479977,2.31876941950492,4.94774710074478e-59,0.993772999781012,7.55649360507223,356.232632166423,0.995962366166447,6.20527472595046,375.660766012015,TRUE,6.00876816851595,0.0588796797948812,5.37577378620102,"2023-09-20 10:43:46","2023-09-20 10:44:39","1-Sep-SWH-UP","COMPASS","Synoptic","CB"
"322",1,"Sep","SWH","UP","1","1-Sep-SWH-UP-1","2023-09-20 10:49:34.5",NA,NA,NA,NA,NA,245.618090599068,0.282759012787949,0.0197968272716218,19324.5525143363,0.695758266957259,1.23235357798307e-19,0.796879307840236,2.26736339142388,231.629793596901,0.854426118571287,1.95750304777193,246.625144508476,TRUE,0.29956058204925,0.0186890571292357,2.00068706334974,"2023-09-20 10:49:08","2023-09-20 10:50:01","1-Sep-SWH-UPCON","2023-09-20 10:49:34.5",613.140080933404,16.4816220565388,4.65176944151571e-31,0.925936570508538,68.1423600427839,446.802248056452,15.7380613408867,0.127528256392255,4191.41185639623,4.48197266350586,7.41705486916626e-66,0.996597223748859,14.6060222655177,414.661558633799,0.998257502173094,10.6590390685329,446.806938338265,TRUE,15.7364582028888,0.147450631707348,17.79305087229,"2023-09-20 10:49:08","2023-09-20 10:50:01","1-Sep-SWH-UPCON","COMPASS","Synoptic","CB"
"323",1,"Sep","SWH","UP","2","1-Sep-SWH-UP-2","2023-09-20 10:53:06.5",NA,NA,NA,NA,NA,242.604373397933,0.328713938473512,0.0192520374589154,19088.9180539744,0.676611662769429,5.71587196970052e-23,0.848630275236453,2.20496771254043,219.152384643577,0.908954881589623,1.74392468870188,245.509553644462,TRUE,0.354663955493124,0.0157738392928651,1.58177314017463,"2023-09-20 10:52:40","2023-09-20 10:53:33","1-Sep-SWH-UPCON","2023-09-20 10:53:06.5",528.797711552151,9.18625000729239,1.70426833825157e-31,0.928738372729398,31.2072731738695,404.526453820626,7.33413922881474,0.0862194180400588,3875.46420533239,3.03017610097582,1.70563655667914e-57,0.992864813367022,9.8748526423793,393.47258823481,0.994600733454971,8.76015939578542,407.901734203603,TRUE,7.19835579585645,0.0596552891930925,5.52400613828824,"2023-09-20 10:52:40","2023-09-20 10:53:33","1-Sep-SWH-UPCON","COMPASS","Synoptic","CB"
"324",1,"Sep","SWH","UP","3","1-Sep-SWH-UP-3","2023-09-20 10:56:46.5",NA,NA,NA,NA,NA,181.705154354993,0.377664926147352,0.010954334682543,19006.5547258681,0.384989413193559,1.70733714371509e-37,0.958085312739754,1.25461808075715,179.360363720512,0.962731809026048,1.20646368153185,182.43162573714,TRUE,0.368632259482439,0.0112446572995952,1.05695176637415,"2023-09-20 10:56:20","2023-09-20 10:57:13","1-Sep-SWH-UPCON","2023-09-20 10:56:46.5",563.551248552475,13.0068686910823,1.10046797294695e-31,0.929925532509476,43.0534854942366,437.94079638762,10.2050041206227,0.117482276086843,4061.63976184543,4.12890730857399,5.78228127420111e-58,0.993155543782088,13.4554395149117,426.202478500771,0.994885965197862,11.8611534005049,439.180449087984,TRUE,10.0942036313844,0.0990141748177049,10.6531649757129,"2023-09-20 10:56:20","2023-09-20 10:57:13","1-Sep-SWH-UPCON","COMPASS","Synoptic","CB"
"325",1,"Sep","SWH","UP","4","1-Sep-SWH-UP-4","2023-09-20 11:00:22.5",NA,NA,NA,NA,NA,262.9018846861,1.21366301311736,0.0232326081717016,19071.0636043695,0.81650857365469,1.29640302542494e-46,0.981301553242997,2.66086906417182,201.177051482941,0.994463769143027,1.47653757631475,265.827982748712,TRUE,1.24747960911504,0.0199499573697689,2.02776863132162,"2023-09-20 10:59:56","2023-09-20 11:00:49","1-Sep-SWH-UPCON","2023-09-20 11:00:22.5",NA,NA,NA,NA,NA,455.091684950447,5.80037058053329,0.137702010212647,4157.27066528396,4.83952861069913,7.29460446229113e-42,0.971527377805305,15.7712391282614,393.860795970628,0.991492368576092,8.79170459041972,458.821006496042,TRUE,6.02846301818665,0.10415439704888,12.6302579698241,"2023-09-20 10:59:56","2023-09-20 11:00:49","1-Sep-SWH-UPCON","COMPASS","Synoptic","CB"
"326",1,"Sep","SWH","UP","5","1-Sep-SWH-UP-5","2023-09-20 11:04:25.5",253.989344986236,-1.33140025744188,1.80632430392607e-39,0.964808262185602,2.45010105231327,238.553112869209,-0.811373242509606,0.0185432385803528,19199.9984934493,0.651700970131481,1.06443848180509e-42,0.973557959584233,2.12378780390736,183.302441318573,0.991173835708103,1.251314028285,242.354687176807,TRUE,-0.779331978976937,0.014008873881521,1.45089293167386,"2023-09-20 11:03:59","2023-09-20 11:04:52","1-Sep-SWH-UPCON","2023-09-20 11:04:25.5",596.015314716218,22.3683014554383,4.08076243924987e-37,0.956657999610549,58.1506116082264,510.038354182117,17.5086369850424,0.229031021620434,4424.60818516498,8.049281053763,4.21836833253918e-55,0.991180579058617,26.2313019554897,411.155098818526,0.998687792615791,10.3185273424706,512.068569004006,TRUE,17.2391468767923,0.18938315922345,23.6972270871606,"2023-09-20 11:03:59","2023-09-20 11:04:52","1-Sep-SWH-UPCON","COMPASS","Synoptic","CB"
"327",2,"Apr","GCW","TR","1","2-Apr-GCW-TR-1","2023-04-19 10:05:09.5",390.602560844447,3.47680584511106,7.38894511070652e-35,0.947074111038141,8.68038995557413,314.803953121161,2.36014729508241,0.0375672073241562,19090.994442197,1.32029717204972,1.02355240969627e-50,0.986996550184081,4.30263442904935,255.296430768971,0.995988563269856,2.43709129314623,314.975551735863,TRUE,2.36130369546109,0.0365878871205662,4.79307795213537,"2023-04-19 10:04:43","2023-04-19 10:05:36","2-Apr-GCW-TR","2023-04-19 10:05:09.5",390.504601629656,1.42808043171138,4.77065514539638e-19,0.786078349891353,8.672520153111,379.913092339935,1.07177754705801,0.0686481322086544,4240.63238879499,2.41263434994013,2.84464812734777e-21,0.824178237984353,7.86238419540337,382.279481988708,0.829417555973213,7.89772093016767,379.94147073741,TRUE,1.08297044707627,0.0704111532830369,9.14130439521411,"2023-04-19 10:04:43","2023-04-19 10:05:36","2-Apr-GCW-TR","COMPASS","Synoptic","CB"
"328",2,"Apr","GCW","TR","2","2-Apr-GCW-TR-2","2023-04-19 10:08:29.5",523.592046467796,88.0128536604197,4.52014183188213e-61,0.995791188160052,35.7846282971698,686.690452904951,34.2480149641941,1.58652330981832,29375.8788682172,53.9301256595577,5.36676949235301e-27,0.903099158732455,171.704046015658,525.372054997637,0.99596708983398,35.7511826408405,689.651960955881,TRUE,31.9517223868542,1.32981407188193,164.513128327151,"2023-04-19 10:08:04","2023-04-19 10:08:55","2-Apr-GCW-TR","2023-04-19 10:08:29.5",411.93553963498,2.21775955002602,1.00426440868087e-27,0.909370302134923,12.2300760257923,370.883534345723,2.5990776773007,0.0761492566298432,4269.24844096724,2.58851474385185,2.62629791842535e-36,0.958846033646707,8.24137621143811,366.465643297589,0.964996859360949,7.75732131400719,370.911592145404,TRUE,2.59678668591524,0.0806518085606269,9.99903615057091,"2023-04-19 10:08:04","2023-04-19 10:08:55","2-Apr-GCW-TR","COMPASS","Synoptic","CB"
"329",2,"Apr","GCW","TR","3","2-Apr-GCW-TR-3","2023-04-19 10:01:30.5",677.255330696669,41.9400520963854,2.50075007927552e-36,0.953530869502881,123.378734508383,656.152650060448,35.464841576757,0.886044882696134,21753.4817275356,31.1399924630705,9.59695547581895e-41,0.968562613116597,101.480186830923,617.122629909516,0.985829736846608,69.4806168799463,660.590813631611,TRUE,33.8179803464247,0.603439804568171,57.5775287695562,"2023-04-19 10:01:04","2023-04-19 10:01:57","2-Apr-GCW-TR","2023-04-19 10:01:30.5",NA,NA,NA,NA,NA,348.542823981207,0.952481322130244,0.0513429932701574,4205.46067694308,1.8044463149532,1.38954250126682e-24,0.86873732323776,5.88039799254868,350.899127482023,0.872672608198641,5.90627526530706,348.64889984444,TRUE,0.968769043583882,0.0540842166440101,5.14053770628836,"2023-04-19 10:01:04","2023-04-19 10:01:57","2-Apr-GCW-TR","COMPASS","Synoptic","CB"
"330",2,"Apr","GCW","TR","4","2-Apr-GCW-TR-4","2023-04-19 10:11:57.5",402.165512285973,37.5820950998149,1.34169911426678e-51,0.994635978193689,18.3464156088804,521.14165977542,17.7843888742503,0.742584059039258,24649.6151395839,22.6761876539978,7.1438610905459e-27,0.928753049401171,66.8634991570381,325.309922796481,0.999075050535166,7.79770239395444,521.374826352132,TRUE,17.4853631683493,0.73739013767484,81.3923300632943,"2023-04-19 10:11:35","2023-04-19 10:12:20","2-Apr-GCW-TR","2023-04-19 10:11:57.5",NA,NA,NA,NA,NA,311.341224879196,1.66047329005941,0.0759212459373705,4254.70066947994,2.31839668364079,2.86396768964122e-25,0.915763756201326,6.83607478768445,297.465606631844,0.942887392972439,5.76135975220909,311.374072534208,TRUE,1.67346249328065,0.0739176201893044,6.5016967449314,"2023-04-19 10:11:35","2023-04-19 10:12:20","2-Apr-GCW-TR","COMPASS","Synoptic","CB"
"331",2,"Apr","GCW","TR","5","2-Apr-GCW-TR-5","2023-04-19 10:15:26.5",524.364943598952,4.87182671782374,6.88879597841024e-25,0.872222917729496,29.9523275025167,405.109671403188,5.23853733114341,0.0866862763550445,18743.3719354863,3.04658380750841,7.51172189362828e-50,0.985960760445897,9.92832269785116,398.903715324143,0.988378497480502,9.21195700290929,405.114173614151,TRUE,5.24256347378846,0.0937529623477467,11.5124473164476,"2023-04-19 10:15:00","2023-04-19 10:15:53","2-Apr-GCW-TR","2023-04-19 10:15:26.5",NA,NA,NA,NA,NA,370.555839299852,2.24585114482371,0.0629507511271727,4231.28439056942,2.21240024509803,3.09312795955929e-38,0.96074878671713,7.20985371090193,373.052608696091,0.961826378072085,7.2510059867286,370.609827305744,TRUE,2.24716045380538,0.066544437982108,7.12474428717236,"2023-04-19 10:15:00","2023-04-19 10:15:53","2-Apr-GCW-TR","COMPASS","Synoptic","CB"
"332",2,"Apr","GCW","UP","1","2-Apr-GCW-UP-1","2023-04-19 10:23:20.5",309.879305381132,-1.00096962698229,4.48878538929608e-31,0.926037947894952,4.11084623058596,226.593449132214,-0.944148582605814,0.0165994174006106,18757.3002618194,0.583385495296231,1.67474425512177e-48,0.984180846052089,1.9011587471423,217.576066750154,0.98756942896788,1.71865602645411,226.67236073335,TRUE,-0.940277262269513,0.0166979338454417,2.03061550090621,"2023-04-19 10:22:54","2023-04-19 10:23:47","2-Apr-GCW-UP","2023-04-19 10:23:20.5",445.196693220623,2.99694849461805,5.11602031695385e-29,0.911286843562598,14.3904915452756,408.090566101718,2.97334329734097,0.0891122186529297,4229.15939430729,3.13184339914684,8.70983160980236e-37,0.955376630517447,10.2061698841938,404.879940014072,0.960954501728842,9.73607177940368,408.107088012625,TRUE,2.9639723553319,0.0903545199331313,11.6131799360342,"2023-04-19 10:22:54","2023-04-19 10:23:47","2-Apr-GCW-UP","COMPASS","Synoptic","CB"
"333",2,"Apr","GCW","UP","2","2-Apr-GCW-UP-2","2023-04-19 10:38:16.5",NA,NA,NA,NA,NA,209.181646386218,-0.253017627526819,0.0141278383588032,18420.074956949,0.496522003122369,6.80425549653326e-24,0.860491738955125,1.61808470898883,195.787437533349,0.89891023952798,1.40466106470453,209.300765852464,TRUE,-0.257595153754756,0.0137573713331084,1.84630747825634,"2023-04-19 10:37:50","2023-04-19 10:38:43","2-Apr-GCW-UP","2023-04-19 10:38:16.5",NA,NA,NA,NA,NA,395.982242330694,3.89291983128185,0.0796611767846181,4177.04119431492,2.79968711869764,3.88790079834259e-45,0.978689636959101,9.12372641741962,389.408868668261,0.982479173375308,8.4366648252475,396.007266542176,TRUE,3.89837901430436,0.0851129448613748,9.55623346821596,"2023-04-19 10:37:50","2023-04-19 10:38:43","2-Apr-GCW-UP","COMPASS","Synoptic","CB"
"334",2,"Apr","GCW","UP","3a","2-Apr-GCW-UP-3a","2023-04-19 10:34:14.5",NA,NA,NA,NA,NA,203.361876011131,-0.648755378119048,0.0133866834422312,18452.6813457697,0.470474159534817,5.94325804396158e-45,0.978339085261489,1.53319900977288,205.365411219883,0.979125299941729,1.53492417149293,203.424447050624,TRUE,-0.648424464174205,0.0132052059333363,1.47557428330693,"2023-04-19 10:33:48","2023-04-19 10:34:41","2-Apr-GCW-UP","2023-04-19 10:34:14.5",495.872654881828,5.14168607360068,4.29261391145165e-28,0.903738695280568,23.0067936030213,378.023957711634,4.64340113578601,0.0674577811059245,4202.4328920884,2.3707995342425,9.35740471597074e-53,0.989144377625478,7.72605131356126,378.243122440423,0.989878441348095,7.60800154621456,378.085607481564,TRUE,4.64174550199941,0.0715041454222781,6.90732600232551,"2023-04-19 10:33:48","2023-04-19 10:34:41","2-Apr-GCW-UP","COMPASS","Synoptic","CB"
"335",2,"Apr","GCW","UP","4","2-Apr-GCW-UP-4","2023-04-19 10:27:11.5",NA,NA,NA,NA,NA,174.743599840851,-0.971918148297716,0.0102705071175463,18619.8522352647,0.360956335822534,6.91520231071804e-60,0.994226844951409,1.17629817799462,178.047010547893,0.994300839225032,1.19188111242416,174.752142961134,TRUE,-0.972535091930821,0.0106981153746,1.4843172142321,"2023-04-19 10:26:45","2023-04-19 10:27:38","2-Apr-GCW-UP","2023-04-19 10:27:11.5",NA,NA,NA,NA,NA,371.272300709683,3.30558174182177,0.0633697484944805,4255.93524519127,2.2271258815921,1.39673473923409e-46,0.981247885659214,7.25784217282575,372.15416260555,0.982300025256176,7.19093547276972,371.439288818793,TRUE,3.31959057152357,0.0666767592058483,6.38164360718417,"2023-04-19 10:26:45","2023-04-19 10:27:38","2-Apr-GCW-UP","COMPASS","Synoptic","CB"
"336",2,"Apr","GCW","UP","5","2-Apr-GCW-UP-5","2023-04-19 10:19:54.5",NA,NA,NA,NA,NA,242.068779062514,-1.58267604903687,0.0191567989725179,18763.7148563098,0.67326451207026,7.6954337999082e-57,0.992439177073984,2.1940598910724,245.052442561164,0.992580148892571,2.21655345676504,242.07540620175,TRUE,-1.58403055638257,0.0189372685370242,2.03210036491986,"2023-04-19 10:19:28","2023-04-19 10:20:21","2-Apr-GCW-UP","2023-04-19 10:19:54.5",470.124916892725,3.43503632869696,5.83973106028039e-28,0.902594655358764,18.1266741791282,382.887198412385,3.62123735644298,0.0705648357755818,4222.47932060382,2.47999677795443,3.21565085310981e-46,0.980636927416815,8.08190742709274,385.256017651421,0.981213082950984,8.11841341950093,382.898743260629,TRUE,3.61394515290843,0.0728537981894193,9.68366782871239,"2023-04-19 10:19:28","2023-04-19 10:20:21","2-Apr-GCW-UP","COMPASS","Synoptic","CB"
"337",2,"Apr","MSM","TR","1","2-Apr-MSM-TR-1","2023-04-24 12:56:20.5",NA,NA,NA,NA,NA,220.153806507912,-0.245132826746797,0.0156385853115833,18223.7315121097,0.549617111103839,2.39677096025396e-21,0.8253284612469,1.79111305779648,186.861102894533,0.912441979379675,1.29323236282968,220.564843912624,TRUE,-0.253740375433915,0.0158575103057527,1.86998928010095,"2023-04-24 12:55:54","2023-04-24 12:56:47","2-Apr-MSM-TR","2023-04-24 12:56:20.5",428.218979092263,3.21838790391007,6.87146223517611e-25,0.872235265372455,12.2971388608625,393.315926074745,2.09232363339104,0.0777185709168489,3995.29862839537,2.73141435592633,3.34667054631427e-32,0.933057253225282,8.9012365523462,392.765437792904,0.938467257789392,8.70298796867114,393.347452443015,TRUE,2.08592155493236,0.0835560817101416,9.78306032700263,"2023-04-24 12:55:54","2023-04-24 12:56:47","2-Apr-MSM-TR","COMPASS","Synoptic","CB"
"338",2,"Apr","MSM","TR","2","2-Apr-MSM-TR-2","2023-04-24 12:38:46.5",NA,NA,NA,NA,NA,225.418394983891,-0.218139906605008,0.0164197925078558,18275.511955177,0.577072589578019,2.40339641667565e-18,0.772424920027891,1.88058601089357,222.768826962219,0.798791827285946,1.80330973561733,225.427812906808,TRUE,-0.218482662039793,0.019018620530125,1.94971983114166,"2023-04-24 12:38:20","2023-04-24 12:39:13","2-Apr-MSM-TR","2023-04-24 12:38:46.5",413.62480506104,4.33699701008201,1.33714025767242e-33,0.940845984900597,10.7427959028531,419.042266476059,2.68853108212452,0.0986226639127069,4053.59910673077,3.46608740810577,1.82130497151907e-32,0.934603559680647,11.2954169197059,397.429330395382,0.959303007454373,9.08705253593571,420.07691411766,TRUE,2.60039499035777,0.0970409576886326,10.8055781911815,"2023-04-24 12:38:20","2023-04-24 12:39:13","2-Apr-MSM-TR","COMPASS","Synoptic","CB"
"339",2,"Apr","MSM","TR","3","2-Apr-MSM-TR-3","2023-04-24 12:43:56.5",NA,NA,NA,NA,NA,208.738110138553,0.155761147678886,0.0140699368872891,18174.4384117532,0.494487059496192,2.76117472820016e-15,0.702101042578169,1.61145315762864,150.630442881575,0.905687628530429,0.9246645256255,208.757768428086,TRUE,0.157689274645283,0.0159822039542471,1.81225729250262,"2023-04-24 12:43:30","2023-04-24 12:44:23","2-Apr-MSM-TR","2023-04-24 12:43:56.5",NA,NA,NA,NA,NA,387.26959968912,2.0884744312072,0.0734870891660195,4023.68985662153,2.5826991921668,2.38939632052799e-33,0.939511971823517,8.41659794426672,360.765421015507,0.965617309093767,6.47125433894367,387.406726731246,TRUE,2.06180161447953,0.0712290121346891,7.45304852293595,"2023-04-24 12:43:30","2023-04-24 12:44:23","2-Apr-MSM-TR","COMPASS","Synoptic","CB"
"340",2,"Apr","MSM","TR","4","2-Apr-MSM-TR-4","2023-04-24 12:52:33.5",NA,NA,NA,NA,NA,210.996296576505,-0.673443293701183,0.0143672242584044,18172.9760604706,0.504935205720712,3.23917019716971e-44,0.976879978748944,1.64550197225692,196.590254129036,0.983557880164989,1.41514149929196,211.038893689023,TRUE,-0.676082236803509,0.0152005608493039,1.51373220438798,"2023-04-24 12:52:07","2023-04-24 12:53:00","2-Apr-MSM-TR","2023-04-24 12:52:33.5",396.322629109738,1.34414855522753,2.36660097006228e-20,0.80931535357422,9.15252729698074,382.000649491084,1.21933102885572,0.0699879551022854,3995.65742952738,2.45972234246096,2.33472437393875e-23,0.853738055742808,8.01583632883513,385.257574265369,0.855736931051062,8.11853043178461,382.035057690993,TRUE,1.21467876520283,0.0738786445401389,9.45981979394095,"2023-04-24 12:52:07","2023-04-24 12:53:00","2-Apr-MSM-TR","COMPASS","Synoptic","CB"
"341",2,"Apr","MSM","TR","5","2-Apr-MSM-TR-5","2023-04-24 12:48:49.5",NA,NA,NA,NA,NA,192.712338861327,-0.0162403845984811,0.0121296590481069,18385.3813818386,0.426296115145221,0.186427601151125,0.0333251793622827,1.38922992552221,176.966214795828,0.329386343625174,1.18001300274836,192.720996172929,TRUE,-0.0172733438525019,0.0126907603388014,1.66523703767431,"2023-04-24 12:48:23","2023-04-24 12:49:16","2-Apr-MSM-TR","2023-04-24 12:48:49.5",412.922530034434,3.20806577452474,5.97650405127384e-24,0.861183948474258,10.6731670004297,394.933160327089,1.71157100365971,0.0788911163702716,4070.23753229508,2.77262339318309,1.01272200379184e-27,0.900514370129489,9.03553012370458,395.786785889203,0.906145377398652,8.94989550417885,394.939187512891,TRUE,1.71368707488364,0.0856551442047908,10.1597542856018,"2023-04-24 12:48:23","2023-04-24 12:49:16","2-Apr-MSM-TR","COMPASS","Synoptic","CB"
"342",2,"Apr","MSM","UP","1","2-Apr-MSM-UP-1","2023-04-24 13:43:28.5",229.334807895501,-0.473505169828522,1.98549798513028e-26,0.888478277057875,1.95003343524483,205.770444309049,-0.354154380425457,0.0136885812266312,18446.1542048287,0.481084338448358,2.2982624629687e-31,0.927915265647092,1.56777586266494,205.342862089861,0.933589841798328,1.53460373082848,206.180537897773,TRUE,-0.362526830262317,0.0135344659371297,1.19322885635386,"2023-04-24 13:43:02","2023-04-24 13:43:55","2-Apr-MSM-UP","2023-04-24 13:43:28.5",483.537998451619,2.79578304310127,5.2148727501672e-20,0.803458319697728,20.5236886844432,437.716516898846,2.78947086338069,0.11723855826363,4063.02718684798,4.12034186078893,1.28389353542061e-29,0.915872915384592,13.427526109263,431.451268761892,0.930437099953547,12.4518418281565,439.330333204096,TRUE,2.67866905709049,0.0771374892613852,8.8249848958582,"2023-04-24 13:43:02","2023-04-24 13:43:55","2-Apr-MSM-UP","COMPASS","Synoptic","CB"
"343",2,"Apr","MSM","UP","2","2-Apr-MSM-UP-2","2023-04-24 13:39:13.5",NA,NA,NA,NA,NA,217.16332280935,-0.16244454502522,0.0152114983752423,18338.4668987606,0.534607167207696,1.02382414565545e-14,0.68682694199942,1.74219808414295,204.072110233294,0.771793253239106,1.51665305723828,217.228574171357,TRUE,-0.164758964298544,0.0162762814262592,1.70769453127986,"2023-04-24 13:38:47","2023-04-24 13:39:40","2-Apr-MSM-UP","2023-04-24 13:39:13.5",463.551814136712,3.725471084294,7.9312615603591e-27,0.892337066911598,17.0563488744887,417.288033389468,3.1971999122394,0.0970336856900438,4068.56103273745,3.410242866995,1.62693623701421e-36,0.954292213046009,11.1134286140848,419.485480600472,0.955792782436366,11.1459278410094,417.402728474981,TRUE,3.16985814427119,0.107816774340879,10.6361393735523,"2023-04-24 13:38:47","2023-04-24 13:39:40","2-Apr-MSM-UP","COMPASS","Synoptic","CB"
"344",2,"Apr","MSM","UP","3","2-Apr-MSM-UP-3","2023-04-24 13:34:35.5",321.420298212759,-0.949990862572102,4.26976908727889e-29,0.911900564566754,4.57446589464093,207.110283821571,-0.965192972044955,0.0138594584426375,18343.5017752585,0.487089807609644,5.135874530397e-53,0.989391940882793,1.58734671301815,197.827358558539,0.991705157726175,1.43144467457146,207.122958092145,TRUE,-0.966661086110683,0.0149576007475163,1.743187849588,"2023-04-24 13:34:09","2023-04-24 13:35:02","2-Apr-MSM-UP","2023-04-24 13:34:35.5",NA,NA,NA,NA,NA,390.102334679048,1.17947777562693,0.075440084684716,4028.39065371935,2.65133709857574,2.67734951104106e-21,0.824586046971343,8.64027775325585,393.501438795895,0.826527180877044,8.76249985202611,390.1064113499,TRUE,1.17548982385252,0.0815752715324461,9.81404240223803,"2023-04-24 13:34:09","2023-04-24 13:35:02","2-Apr-MSM-UP","COMPASS","Synoptic","CB"
"345",2,"Apr","MSM","UP","4b","2-Apr-MSM-UP-4b","2023-04-24 13:28:16.5",218.773016012394,-0.221789429013849,1.0523675495967e-08,0.470283016503842,1.76835926793942,212.688960437948,-0.111024016973278,0.0145941729014948,18345.6346216272,0.512911301710154,5.33379508433955e-10,0.526725681610763,1.671494775953,212.666127559651,0.560701880832955,1.64227127173867,212.718301500073,TRUE,-0.108595410126276,0.0160440703557088,1.84206911176094,"2023-04-24 13:27:50","2023-04-24 13:28:43","2-Apr-MSM-UP","2023-04-24 13:28:16.5",NA,NA,NA,NA,NA,401.418513486737,2.7703752406429,0.0837736228047475,4080.13553311862,2.94421877908254,1.35732293128806e-36,0.954609347497955,9.59473166625637,405.035440442854,0.954930206876976,9.75010005510787,401.421906322919,TRUE,2.76830761460696,0.088935593665002,11.9693852957704,"2023-04-24 13:27:50","2023-04-24 13:28:43","2-Apr-MSM-UP","COMPASS","Synoptic","CB"
"346",2,"Apr","MSM","UP","5","2-Apr-MSM-UP-5","2023-04-24 13:17:14.5",201.041259429911,-0.443508615812466,1.39142574846408e-28,0.907812926717411,1.50060628748404,179.994995969871,-0.301307071575575,0.0107822411147158,18483.8447510366,0.378941195422946,5.44329904247423e-33,0.937568228896975,1.23490791961682,174.27540010659,0.947852211078698,1.15097626332036,180.105337745875,TRUE,-0.303018551456322,0.0109522777453609,1.41809105691627,"2023-04-24 13:16:48","2023-04-24 13:17:41","2-Apr-MSM-UP","2023-04-24 13:17:14.5",418.779380630374,3.00257619534573,2.25641313406427e-31,0.927966124617352,11.2679558622681,381.892443119193,2.59481005860188,0.0699178685267529,4127.61109849787,2.45725915410959,4.28861597236376e-39,0.963619058061835,8.00780919734521,373.74951251511,0.97094542438541,7.29794666024932,382.159590768724,TRUE,2.55958665701626,0.0663641069677602,7.99513601910524,"2023-04-24 13:16:48","2023-04-24 13:17:41","2-Apr-MSM-UP","COMPASS","Synoptic","CB"
"347",2,"Aug","GCW","TR","1","2-Aug-GCW-TR-1","2023-08-15 09:25:02",NA,NA,NA,NA,NA,181.115867559596,5.02002105772866,0.0508933267194671,21739.4355902748,1.23199699386022,2.33253357356518e-42,0.996619709584453,3.04084965352296,172.666796619554,0.997631459633221,2.62624028919524,181.150084088448,TRUE,5.01106092761696,0.0545051702780007,3.11890437666897,"2023-08-15 09:24:45","2023-08-15 09:25:19","2-Aug-GCW-TR","2023-08-15 09:25:02",NA,NA,NA,NA,NA,216.095113249121,3.50414857423506,0.0838840358214072,4569.35463432112,2.030617501868,3.7553961724001e-30,0.981440279637565,5.01202726773339,218.874511998072,0.982076381021063,5.08178966226313,216.117461461808,TRUE,3.51562242964715,0.0890403406259571,5.33164474928991,"2023-08-15 09:24:45","2023-08-15 09:25:19","2-Aug-GCW-TR","COMPASS","Synoptic","CB"
"348",2,"Aug","GCW","TR","2","2-Aug-GCW-TR-2","2023-08-15 09:31:33",358.148939380513,3.08985862544563,5.53188887059679e-23,0.898510676793245,12.3858989855794,283.791219166314,2.89778930025635,0.0622291537330025,19694.1375031646,1.86445301877512,1.97625590458088e-38,0.980555586204979,5.42144158772662,193.426555715761,0.997611734669682,1.94581228981937,284.060803079067,TRUE,2.92526334428602,0.0605298347537192,6.07144175364119,"2023-08-15 09:31:11","2023-08-15 09:31:55","2-Aug-GCW-TR","2023-08-15 09:31:33",464.792200703112,10.0055077732561,5.27725808151537e-25,0.918218746663779,40.5073635144277,306.030814641769,10.6487435893225,0.0796729568054,5123.30883334957,2.38708830057234,5.79219496311815e-58,0.99759868323457,6.94115628335899,297.10258992998,0.998198313164905,6.15728205493024,306.033984469312,TRUE,10.645528860285,0.0806667520394257,9.08905084436447,"2023-08-15 09:31:11","2023-08-15 09:31:55","2-Aug-GCW-TR","COMPASS","Synoptic","CB"
"349",2,"Aug","GCW","TR","3","2-Aug-GCW-TR-3","2023-08-15 09:34:56.5",NA,NA,NA,NA,NA,263.422637356398,1.25610493414601,0.0548038913508113,20838.0521687908,1.61043265272407,2.2982240763073e-25,0.925968515076452,4.61623167405233,166.263825294581,0.992570737722021,1.49846588907569,263.438561925313,TRUE,1.2578694879212,0.0606241071370494,4.91654256959773,"2023-08-15 09:34:35","2023-08-15 09:35:18","2-Aug-GCW-TR","2023-08-15 09:34:56.5",NA,NA,NA,NA,NA,276.849579379125,4.41290892378387,0.0638374550668628,4770.2635629393,1.8758872695444,6.80291898800653e-45,0.991287354214166,5.37714521372544,265.16156624006,0.993900359983577,4.61023950686327,276.883230739935,TRUE,4.40490261452279,0.0592481359697782,5.03050464628918,"2023-08-15 09:34:35","2023-08-15 09:35:18","2-Aug-GCW-TR","COMPASS","Synoptic","CB"
"350",2,"Aug","GCW","TR","5","2-Aug-GCW-TR-5","2023-08-15 09:41:58.5",535.875704905219,7.28748308478167,6.86701045218362e-31,0.924820419874547,33.3210109570739,325.104724808404,7.64565507474289,0.0413267107307685,18337.4966589957,1.45242468616679,5.59180578067617e-75,0.998483032380412,4.73321657623539,303.586856109954,0.999054309347231,3.8111798121936,325.597978389317,TRUE,7.61853580531788,0.0380894724134868,3.66796576676076,"2023-08-15 09:41:32","2023-08-15 09:42:25","2-Aug-GCW-TR","2023-08-15 09:41:58.5",NA,NA,NA,NA,NA,345.38901302868,7.53339345497506,0.0498653575089622,4448.7543009691,1.75251489774692,2.06417828136965e-70,0.997726831816662,5.7111619233127,338.628224640374,0.998137535380443,5.27192683578924,345.646797709586,TRUE,7.51175201013916,0.0481214774096346,6.04864776603892,"2023-08-15 09:41:32","2023-08-15 09:42:25","2-Aug-GCW-TR","COMPASS","Synoptic","CB"
"351",2,"Aug","GCW","UP","1","2-Aug-GCW-UP-1","2023-08-15 09:46:25.5",353.657151247104,-1.5000131619604,6.71901623901378e-31,0.924883297070626,6.16556221755046,197.688928463553,-1.41341791069178,0.0127016657688128,18097.7664363062,0.446399255877105,1.57826490943537e-63,0.995818196882687,1.45474280192316,189.597595431457,0.996657132583438,1.32641880902111,197.783222997449,TRUE,-1.41675042077957,0.0137499819587836,1.3841550899174,"2023-08-15 09:45:59","2023-08-15 09:46:52","2-Aug-GCW-UP","2023-08-15 09:46:25.5",604.157111309274,15.8526723425908,2.04618775171439e-31,0.928236182704823,62.7038846693685,398.634936463392,14.7255323079805,0.0816420406176412,4397.81769373952,2.86930445528562,2.08961005278145e-74,0.998404137710082,9.35059803057101,369.741902494475,0.999132132345648,7.03210104069318,398.673790709347,TRUE,14.7246602590329,0.076333761542109,8.73083366110766,"2023-08-15 09:45:59","2023-08-15 09:46:52","2-Aug-GCW-UP","COMPASS","Synoptic","CB"
"352",2,"Aug","GCW","UP","2","2-Aug-GCW-UP-2","2023-08-15 09:55:25.5",NA,NA,NA,NA,NA,202.079737911587,-0.971847688343325,0.0132287010454297,18010.6238283458,0.464921877994942,3.27686257600441e-54,0.990457173293641,1.5151050244043,194.658849970064,0.992276313181618,1.39005894643813,202.079755510069,TRUE,-0.971852686910301,0.0136075064033335,1.3135159461099,"2023-08-15 09:54:59","2023-08-15 09:55:52","2-Aug-GCW-UP","2023-08-15 09:55:25.5",NA,NA,NA,NA,NA,402.939994930741,25.7716464781454,0.0849621603841969,4607.05215272192,2.98598985861692,3.90851440174251e-86,0.999435160927595,9.73085684227577,399.224055325575,0.999510368487689,9.23932125369512,403.268856279848,TRUE,25.8121574226685,0.0876548946456423,9.75013258582173,"2023-08-15 09:54:59","2023-08-15 09:55:52","2-Aug-GCW-UP","COMPASS","Synoptic","CB"
"353",2,"Aug","GCW","UP","3","2-Aug-GCW-UP-3","2023-08-15 09:59:11.5",NA,NA,NA,NA,NA,229.300259031666,-2.26413105958196,0.0170207068531871,17989.9447714354,0.598191686984947,1.51834497121361e-67,0.997069909646793,1.94940972538538,224.746199462988,0.997499164816974,1.83663064747963,229.977154252649,TRUE,-2.26917777406515,0.0152714740507985,1.68108541797852,"2023-08-15 09:58:45","2023-08-15 09:59:38","2-Aug-GCW-UP","2023-08-15 09:59:11.5",NA,NA,NA,NA,NA,463.664152232493,33.1763787503678,0.149077559068613,4771.77789572725,5.23932156990021,3.80748905334434e-79,0.998951148075162,17.0740995654156,451.846533813294,0.999217469749528,15.0400041844903,464.330359312287,TRUE,33.2534743459167,0.113267573119667,13.2182333270195,"2023-08-15 09:58:45","2023-08-15 09:59:38","2-Aug-GCW-UP","COMPASS","Synoptic","CB"
"354",2,"Aug","GCW","UP","4","2-Aug-GCW-UP-4","2023-08-15 10:02:45",NA,NA,NA,NA,NA,261.711521649923,-2.43566846560027,0.0214046126257957,17974.9857164507,0.764597211320205,5.14085933255779e-65,0.995923567293785,2.51993296367438,201.280524324863,0.998736671896622,1.43007816061113,262.086838323107,TRUE,-2.44416904153161,0.0209946525873323,2.67412968966099,"2023-08-15 10:02:18","2023-08-15 10:03:12","2-Aug-GCW-UP","2023-08-15 10:02:45",NA,NA,NA,NA,NA,456.422397014128,19.5864263963096,0.125675766548436,4388.98218064718,4.48928192784294,3.11272378603322e-72,0.997822681727179,14.7956196356848,409.31468819044,0.99914027017843,9.47776730381535,456.935332335525,TRUE,19.6638646354627,0.115621997292125,14.9541750683375,"2023-08-15 10:02:18","2023-08-15 10:03:12","2-Aug-GCW-UP","COMPASS","Synoptic","CB"
"355",2,"Aug","GCW","UP","5","2-Aug-GCW-UP-5","2023-08-15 09:51:39.5",NA,NA,NA,NA,NA,198.223698911883,-3.21657005502413,0.0127647150283079,18015.2807860031,0.448615118192684,5.98421517817408e-82,0.999181753687952,1.46196393796047,191.803946019219,0.99932534259131,1.35379513285318,198.473176685278,TRUE,-3.22185929443312,0.0140594399318789,1.08742324171534,"2023-08-15 09:51:13","2023-08-15 09:52:06","2-Aug-GCW-UP","2023-08-15 09:51:39.5",651.99704986522,20.293928356863,3.28324121047374e-30,0.920164621446959,97.6496229626303,400.372228084349,21.7512786756536,0.0829659569535649,4234.6632512935,2.91583341282212,7.64087721691652e-83,0.999244028933526,9.502228359623,381.488174810048,0.999505165017032,7.84006644676164,400.678569360403,TRUE,21.7132460838358,0.0884587698963566,10.4469090393251,"2023-08-15 09:51:13","2023-08-15 09:52:06","2-Aug-GCW-UP","COMPASS","Synoptic","CB"
"356",2,"Aug","GWI","TR","1","2-Aug-GWI-TR-1","2023-08-24 12:26:59.5",215.477843549534,1.01715914143192,9.94490938545274e-37,0.955148653523652,1.71521989881628,205.764938074608,0.500283070261345,0.0136878833505566,18409.3963660208,0.48105981163699,9.22525491499057e-39,0.962532084131662,1.56769593376313,175.362613131274,0.980185680202962,1.16262141278883,205.967362980183,TRUE,0.497031975476799,0.013558757046463,1.42549120387551,"2023-08-24 12:26:33","2023-08-24 12:27:26","2-Aug-GWI-TR","2023-08-24 12:26:59.5",458.230953774064,4.29151469262838,3.14052365148766e-29,0.912933449019925,16.2363941802213,345.34659804703,3.44579926008495,0.0498457776667658,3323.60607464075,1.75182676540698,7.50918818724832e-53,0.989235843757536,5.70891941158106,348.72039864049,0.989359947025238,5.78831930965074,345.991089551812,TRUE,3.40935998073853,0.0452544105941472,3.75974551685891,"2023-08-24 12:26:33","2023-08-24 12:27:26","2-Aug-GWI-TR","COMPASS","Synoptic","CB"
"357",2,"Aug","GWI","TR","2","2-Aug-GWI-TR-2","2023-08-24 12:23:08.5",182.420910990174,1.15757450388913,3.63644128439568e-32,0.932843392128843,1.26296052053935,231.122650752582,0.280309153837345,0.0173103510720006,18459.1791440386,0.608371215095732,5.85634152671969e-22,0.834509896998157,1.98258315713101,167.885498558579,0.952354940367552,1.08485327973154,231.241462932464,TRUE,0.282696980083443,0.0184270374313853,1.97406219841822,"2023-08-24 12:22:42","2023-08-24 12:23:35","2-Aug-GWI-TR","2023-08-24 12:23:08.5",NA,NA,NA,NA,NA,370.752133558532,6.63475587350142,0.0630652706399732,3339.67500769061,2.21642502627461,2.88527659575358e-62,0.995323743333608,7.22296982023425,360.418897407989,0.996413891493181,6.4505242579551,371.423044543892,TRUE,6.59667876469523,0.0603725283124853,5.95218220815823,"2023-08-24 12:22:42","2023-08-24 12:23:35","2-Aug-GWI-TR","COMPASS","Synoptic","CB"
"358",2,"Aug","GWI","TR","3","2-Aug-GWI-TR-3","2023-08-24 12:19:09.5",144.548651297277,0.886777871641921,7.86236237330939e-20,0.890319452821869,1.40293469760068,150.921919566762,0.333889923434568,0.02081001016715,18965.7726998206,0.563601774070644,1.63946921463123e-18,0.871374673718615,1.51927326983206,146.553559527833,0.895655833383663,1.40587687541053,151.186512241952,TRUE,0.324200644907575,0.0210773499786368,1.53155072062199,"2023-08-24 12:18:50","2023-08-24 12:19:29","2-Aug-GWI-TR","2023-08-24 12:19:09.5",360.646017494072,6.37451063278742,2.12395858935767e-23,0.928751544703786,20.9007142424137,258.286583336531,6.59327295834752,0.0796380844343084,3553.79718090434,2.15685457672753,1.57525217760505e-44,0.994486568065361,5.81412560444913,257.04620079782,0.995163565762344,5.59469727859095,258.298924304673,TRUE,6.58976870502227,0.0814282515167396,7.3941675798004,"2023-08-24 12:18:50","2023-08-24 12:19:29","2-Aug-GWI-TR","COMPASS","Synoptic","CB"
"359",2,"Aug","GWI","TR","4","2-Aug-GWI-TR-4","2023-08-24 12:15:09.5",NA,NA,NA,NA,NA,198.382379930212,0.115541725723096,0.0127834836090809,19198.1749600558,0.449274738800204,3.0281796440426e-12,0.611046139464124,1.46411353457865,172.232129974223,0.777456460860707,1.12940544453426,198.421688956073,TRUE,0.117747432374807,0.0131308229656135,1.64250262375476,"2023-08-24 12:14:43","2023-08-24 12:15:36","2-Aug-GWI-TR","2023-08-24 12:15:09.5",554.352995815621,15.6278520555717,4.78607457752442e-36,0.952357195496731,39.5384724764409,476.374290742638,11.3407638478924,0.167696059102271,3899.71123403728,5.8936675991415,2.32502072314774e-52,0.98875772172449,19.2065071881286,430.755510094657,0.995514655925993,12.3718822843066,480.869151926228,TRUE,11.0321416891481,0.105782713085615,12.1784483805917,"2023-08-24 12:14:43","2023-08-24 12:15:36","2-Aug-GWI-TR","COMPASS","Synoptic","CB"
"360",2,"Aug","GWI","TR","5","2-Aug-GWI-TR-5","2023-08-24 12:10:57.5",205.219485186295,0.319868041858518,1.30069059340621e-20,0.813636826675428,1.55979826192917,211.385394454447,0.202338613205881,0.0144190792467952,19205.3985451398,0.506757646072434,2.5663759490968e-19,0.79109474586213,1.651441009898,196.281421183053,0.853341971943753,1.41110059153179,212.582046214624,TRUE,0.215610106683458,0.0129594146173213,1.31664869679163,"2023-08-24 12:10:31","2023-08-24 12:11:24","2-Aug-GWI-TR","2023-08-24 12:10:57.5",NA,NA,NA,NA,NA,350.499979641889,6.57515605960905,0.0522819030029103,3430.47059376631,1.83744423929363,2.78431075461e-66,0.996723059970637,5.98793287814861,345.300102927597,0.997236378432378,5.60787898231472,350.852618422332,TRUE,6.60187588767508,0.0551769866777248,6.04181216220699,"2023-08-24 12:10:31","2023-08-24 12:11:24","2-Aug-GWI-TR","COMPASS","Synoptic","CB"
"361",2,"Aug","GWI","UP","1","2-Aug-GWI-UP-1","2023-08-24 12:32:08.5",NA,NA,NA,NA,NA,182.399605227716,0.081435892782774,0.0110249991035568,18245.5178127253,0.387472909888536,1.19806352439974e-09,0.512012148088463,1.26271139384639,185.61150230047,0.519082367486548,1.27835541023879,182.408051820525,TRUE,0.0807252971966996,0.0123636484552663,1.4335079332921,"2023-08-24 12:31:42","2023-08-24 12:32:35","2-Aug-GWI-UP","2023-08-24 12:32:08.5",507.460426039642,5.00885564561431,6.34548328329283e-29,0.910550286772218,25.6125822209026,327.48067246571,5.38326467568364,0.0422459527024368,3319.36010021739,1.4847313882634,1.40912784302761e-66,0.996807774876597,4.8384988806079,329.811656679738,0.996904930056525,4.8586519879028,327.487406546098,TRUE,5.37994198985575,0.0458764918042843,5.64056160997955,"2023-08-24 12:31:42","2023-08-24 12:32:35","2-Aug-GWI-UP","COMPASS","Synoptic","CB"
"362",2,"Aug","GWI","UP","2","2-Aug-GWI-UP-2","2023-08-24 12:36:11.5",NA,NA,NA,NA,NA,170.510178751001,0.00894920951350601,0.00987570852747534,18329.3428861811,0.347081163854009,0.369018411306605,0.0155462200697305,1.13108124207702,166.4981331285,0.151291540956528,1.07100640901666,170.51751188167,TRUE,0.00863314652996846,0.0100415978070458,1.23575489428353,"2023-08-24 12:35:45","2023-08-24 12:36:38","2-Aug-GWI-UP","2023-08-24 12:36:11.5",NA,NA,NA,NA,NA,348.394168384855,6.2702689446663,0.0512723712988314,3315.51721113877,1.80196431014987,1.18720868773721e-65,0.996535102322564,5.87230954129244,348.952312336706,0.996749057263921,5.80076220639782,348.637670990075,TRUE,6.25441849062313,0.0534327404294389,5.94620109860514,"2023-08-24 12:35:45","2023-08-24 12:36:38","2-Aug-GWI-UP","COMPASS","Synoptic","CB"
"363",2,"Aug","GWI","UP","3","2-Aug-GWI-UP-3","2023-08-24 12:40:21",NA,NA,NA,NA,NA,177.257878263152,-0.0391801718405007,0.0111438049397174,18375.5909969078,0.385227652562341,0.000929779081020159,0.195092823113042,1.24102167048142,178.659180924246,0.233607119334877,1.23543313211598,177.452324099861,TRUE,-0.0409430344309651,0.0103111073076895,0.957174660215047,"2023-08-24 12:39:55","2023-08-24 12:40:47","2-Aug-GWI-UP","2023-08-24 12:40:21",523.308462628897,6.37831504458984,2.1197580360302e-28,0.910586960686897,32.4780060257506,342.788124193103,6.95477577605118,0.0531166174909145,3314.44760286673,1.83617624130773,3.86457261210542e-66,0.997033975797305,5.91529318087374,333.803954714047,0.997678443017023,5.33907044725204,342.78880531495,TRUE,6.95526977083261,0.0591874368793676,6.3858551995937,"2023-08-24 12:39:55","2023-08-24 12:40:47","2-Aug-GWI-UP","COMPASS","Synoptic","CB"
"364",2,"Aug","GWI","UP","4","2-Aug-GWI-UP-4","2023-08-24 12:44:31.5",181.938084795042,-0.318841763212433,8.9939336679447e-27,0.89181630343083,1.25732691513893,189.669927614825,-0.225158210131425,0.0117927288206732,18472.9290595405,0.414454723193448,3.7552466300675e-25,0.875162492600566,1.35064074895034,176.803135007225,0.908653045853683,1.17823253001742,189.855569420458,TRUE,-0.222701819406761,0.013065305877741,1.27791546918539,"2023-08-24 12:44:05","2023-08-24 12:44:58","2-Aug-GWI-UP","2023-08-24 12:44:31.5",500.609131773751,4.93923794909823,3.08238192578443e-29,0.912995893786722,24.0382380337822,335.84009970127,5.12051276519842,0.0456457571292693,3387.98051376041,1.60421730403928,1.03934306881713e-63,0.995884843176201,5.2278841083333,339.030418617021,0.995946085937811,5.29159618959909,335.949963161212,TRUE,5.11947857114299,0.0448587434174345,5.52022220329825,"2023-08-24 12:44:05","2023-08-24 12:44:58","2-Aug-GWI-UP","COMPASS","Synoptic","CB"
"365",2,"Aug","GWI","UP","5a","2-Aug-GWI-UP-5a","2023-08-24 12:51:20.5",NA,NA,NA,NA,NA,175.482629498351,-0.0303274960201862,0.0103410278406136,18584.0082750791,0.363434782262092,0.00498663899679642,0.141927438656086,1.18437503312023,177.373365471407,0.17479798642471,1.18446994575624,175.784743904989,TRUE,-0.0260855826961923,0.00937534979658316,0.926720446780041,"2023-08-24 12:50:54","2023-08-24 12:51:47","2-Aug-GWI-UP","2023-08-24 12:51:20.5",NA,NA,NA,NA,NA,362.317180418314,9.37454495713461,0.058327216164774,3373.18976126603,2.04990639552719,8.30893558089791e-72,0.997991036298556,6.68031259964828,358.941213149049,0.998247528580758,6.36286753581,362.39424132978,TRUE,9.38738058957337,0.0575081241577077,7.39381855908127,"2023-08-24 12:50:54","2023-08-24 12:51:47","2-Aug-GWI-UP","COMPASS","Synoptic","CB"
"366",2,"Aug","MSM","TR","1","2-Aug-MSM-TR-1","2023-08-17 12:10:26.5",NA,NA,NA,NA,NA,200.09003455819,0.0496981372015284,0.0129872175921685,17810.5260876183,0.456434957003276,0.000350137853145708,0.219730078013935,1.48744752484405,189.359665319796,0.406014268444198,1.32349984982026,200.091339218902,TRUE,0.0496605702524863,0.0134955513167734,1.66189000199213,"2023-08-17 12:10:00","2023-08-17 12:10:53","2-Aug-MSM-TR","2023-08-17 12:10:26.5",478.958303057213,4.66406355041489,1.1929230752443e-31,0.929708075899601,19.6715843881233,338.966470681143,4.65926544805231,0.0469864160003261,3339.45612496423,1.65133467693491,6.15938539306528e-61,0.994739555261302,5.3814319876432,324.74651677988,0.99624604849248,4.63604479185568,339.05065298298,TRUE,4.66216433929159,0.0496416770152814,4.27955994737373,"2023-08-17 12:10:00","2023-08-17 12:10:53","2-Aug-MSM-TR","COMPASS","Synoptic","CB"
"367",2,"Aug","MSM","TR","2","2-Aug-MSM-TR-2","2023-08-17 12:32:35.5",NA,NA,NA,NA,NA,215.841658119574,0.0762457716039889,0.0150264799976615,17783.6115028811,0.528104707799698,5.31172996495706e-06,0.331158996875052,1.72100762315081,171.473055476734,0.726901781656146,1.12149528570514,215.851904853685,TRUE,0.0750018992218366,0.0160384003227722,1.9219817495982,"2023-08-17 12:32:09","2023-08-17 12:33:02","2-Aug-MSM-TR","2023-08-17 12:32:35.5",498.822669648891,4.99932174435388,1.12598406053731e-30,0.923379044813887,23.6438844980178,374.981810108896,5.35716985414419,0.0655841403483039,3326.40517386086,2.30495054599117,1.38292376063911e-56,0.992266810776086,7.5114601366913,333.08784359257,0.996694350130589,5.00829778906158,375.038515462595,TRUE,5.37016716699977,0.0675559003421172,9.08869939976595,"2023-08-17 12:32:09","2023-08-17 12:33:02","2-Aug-MSM-TR","COMPASS","Synoptic","CB"
"368",2,"Aug","MSM","TR","3","2-Aug-MSM-TR-3","2023-08-17 12:22:01.5",NA,NA,NA,NA,NA,178.798377350786,-0.117859625838417,0.010663435405012,17793.3260049009,0.374765776121967,2.92955854152137e-15,0.701427260463642,1.22130090505946,179.423148361218,0.719518057679173,1.20716525014761,178.982945824628,TRUE,-0.114354057328918,0.0102326228545061,1.12639238516324,"2023-08-17 12:21:35","2023-08-17 12:22:28","2-Aug-MSM-TR","2023-08-17 12:22:01.5",490.89425038239,6.4476186242308,2.53843451067189e-34,0.94450407409423,21.9703366270278,393.629791036214,5.84498659518609,0.0779447618036093,3345.69742724289,2.73936382061654,1.13789747743393e-54,0.990837528842166,8.92714256895571,355.940209804177,0.995766256299247,6.18849595980734,393.705593174235,TRUE,5.8271420791569,0.0822989489766372,9.60642925213807,"2023-08-17 12:21:35","2023-08-17 12:22:28","2-Aug-MSM-TR","COMPASS","Synoptic","CB"
"369",2,"Aug","MSM","TR","4","2-Aug-MSM-TR-4","2023-08-17 12:27:24.5",280.346767481359,0.71308525952713,8.44283997234636e-30,0.917216071573062,3.12732960117037,194.938093560856,0.678497659362349,0.0123822309155763,17804.3288020753,0.435172737766693,1.12895641595044e-47,0.982976549549189,1.41815739951318,194.248429337578,0.984392583810957,1.38478648141501,194.943934302382,TRUE,0.679421112130696,0.013092703951046,1.53640798334979,"2023-08-17 12:26:58","2023-08-17 12:27:51","2-Aug-MSM-TR","2023-08-17 12:27:24.5",435.992495704805,2.98937220048933,4.72787838092483e-29,0.911555166266638,13.2148821226888,312.897022437062,2.7850239179222,0.0369097136380506,3317.53246687456,1.29718959721949,8.26775101266818e-55,0.990949380496885,4.22733058901911,315.767753415117,0.991136685254212,4.26620592182946,312.897641646154,TRUE,2.78592481464795,0.0405665498708546,5.07704014303802,"2023-08-17 12:26:58","2023-08-17 12:27:51","2-Aug-MSM-TR","COMPASS","Synoptic","CB"
"370",2,"Aug","MSM","TR","5","2-Aug-MSM-TR-5","2023-08-17 12:16:26.5",166.151974534531,0.536792113707478,7.55794298791644e-34,0.942128409991584,1.08634655702027,194.388985712237,0.270088027853267,0.0123194353156585,17889.8568486201,0.432965790301227,6.19277145754561e-28,0.902374941720585,1.41096531552706,167.176633443546,0.945230817006664,1.07775609067306,195.230276592569,TRUE,0.259092165736176,0.0123556483302994,1.17644058352342,"2023-08-17 12:16:00","2023-08-17 12:16:53","2-Aug-MSM-TR","2023-08-17 12:16:26.5",545.130281128289,9.55033335882812,7.67032529424205e-32,0.93089034036516,36.3022120805018,366.528971542509,8.68339876268131,0.0606468004684524,3355.69100394706,2.13142804205396,3.34199339158698e-69,0.997469889812612,6.94597842889058,345.786512397653,0.998399895137356,5.63319266036192,367.240195557234,TRUE,8.64438026313697,0.0568552456886316,6.66300634137132,"2023-08-17 12:16:00","2023-08-17 12:16:53","2-Aug-MSM-TR","COMPASS","Synoptic","CB"
"371",2,"Aug","MSM","UP","1","2-Aug-MSM-UP-1","2023-08-17 12:40:15.5",208.433657832032,-0.240400332875766,5.19244396856457e-26,0.884287733509929,1.60691686352079,170.421199983418,-0.288789555016691,0.00986757550441128,17891.7485989764,0.346795329262711,5.66814386241936e-34,0.942764619706596,1.13014975348524,170.456200172669,0.946816599799674,1.11098559471212,170.439291468224,TRUE,-0.288787891124493,0.0101204488316879,1.26668230234438,"2023-08-17 12:39:49","2023-08-17 12:40:42","2-Aug-MSM-UP","2023-08-17 12:40:15.5",NA,NA,NA,NA,NA,382.03377462722,10.850752059143,0.0700094246959339,3339.60400365391,2.46047688999851,5.47267743636152e-71,0.997839980944269,8.01829527692816,356.812270969909,0.998742685512651,6.23866812795215,382.246394535764,TRUE,10.8716084884072,0.0742189834858732,8.1968422705282,"2023-08-17 12:39:49","2023-08-17 12:40:42","2-Aug-MSM-UP","COMPASS","Synoptic","CB"
"372",2,"Aug","MSM","UP","2","2-Aug-MSM-UP-2","2023-08-17 12:44:46.5",173.972780884885,0.347350340115707,7.56410789231144e-17,0.74034298081937,1.16793257691825,179.612427569465,0.121747522382344,0.0107441147493537,17695.8058419237,0.377601246676327,1.1645617631672e-15,0.711758259517552,1.23054124389228,173.634191884695,0.76038885925639,1.14416303246877,179.807255729897,TRUE,0.125072650013848,0.01046132599759,1.35342199817904,"2023-08-17 12:44:20","2023-08-17 12:45:13","2-Aug-MSM-UP","2023-08-17 12:44:46.5",NA,NA,NA,NA,NA,359.635761878549,7.18562410350884,0.0568969003678997,3372.32163198284,1.99963803553289,2.24036182037386e-66,0.996750339721082,6.51649616424113,342.083776279718,0.997819749852252,5.44333414665931,359.912131434667,TRUE,7.19122618400961,0.0552748857758212,6.14199477119854,"2023-08-17 12:44:20","2023-08-17 12:45:13","2-Aug-MSM-UP","COMPASS","Synoptic","CB"
"373",2,"Aug","MSM","UP","3","2-Aug-MSM-UP-3","2023-08-17 12:49:05.5",NA,NA,NA,NA,NA,156.050524139012,0.00375883400087936,0.00863818392606173,17669.2653782331,0.303588438470141,0.665260335033476,0.0036281023132637,0.989345501357909,159.650806334141,0.0109761984897956,1.00521113253213,156.094530975989,TRUE,0.00545537571460008,0.00787873366835,0.74833535325361,"2023-08-17 12:48:39","2023-08-17 12:49:32","2-Aug-MSM-UP","2023-08-17 12:49:05.5",NA,NA,NA,NA,NA,350.180336324344,6.31968841116731,0.0521273950859569,3354.91477481806,1.83201406813257,1.86232885534372e-65,0.996474584712173,5.97023683070733,347.11856031374,0.99690674290551,5.70310143584097,350.193410430211,TRUE,6.32131571880435,0.0508751734979964,6.4151365141606,"2023-08-17 12:48:39","2023-08-17 12:49:32","2-Aug-MSM-UP","COMPASS","Synoptic","CB"
"374",2,"Aug","MSM","UP","4","2-Aug-MSM-UP-4","2023-08-17 12:53:50.5",NA,NA,NA,NA,NA,168.84341808815,-0.124442921985982,0.00972446707707601,17700.8502512266,0.341765792457463,1.07655727496077e-17,0.758991872033572,1.11375930845623,167.94171374217,0.779905201410399,1.08541810473879,168.845478139229,TRUE,-0.124771098565949,0.0101672685063259,1.16236116472559,"2023-08-17 12:53:24","2023-08-17 12:54:17","2-Aug-MSM-UP","2023-08-17 12:53:50.5",528.043743274415,7.03230676498665,2.07129059735728e-30,0.921564459238007,30.990168048041,316.956501311339,6.96148169235705,0.0383234709099318,3405.37454966053,1.34687600887962,1.44600575790196e-74,0.998426575976435,4.38925054915423,312.78041982934,0.998647648086189,4.14981764864062,317.867732189128,TRUE,6.94430396875681,0.0374832841745551,3.59662643382327,"2023-08-17 12:53:24","2023-08-17 12:54:17","2-Aug-MSM-UP","COMPASS","Synoptic","CB"
"375",2,"Aug","MSM","UP","5","2-Aug-MSM-UP-5","2023-08-17 12:58:47.5",NA,NA,NA,NA,NA,155.661202687751,-0.0711911142656374,0.00860710081489397,17667.7456561545,0.302496024455461,4.75653075515929e-11,0.568152469086648,0.985785501192915,157.474887073725,0.585287602437706,0.985161394457736,155.69128660421,TRUE,-0.0705898820080411,0.00893093784860906,1.00523745833561,"2023-08-17 12:58:21","2023-08-17 12:59:14","2-Aug-MSM-UP","2023-08-17 12:58:47.5",NA,NA,NA,NA,NA,360.628814088399,7.05706104687646,0.0574224758742185,3344.85809821376,2.01810935411411,9.19740625457516e-66,0.996568952143564,6.57669119681409,328.327525300114,0.998248242405997,4.79234126322927,360.720892506832,TRUE,7.06611886132888,0.0564994633038276,6.97469910695753,"2023-08-17 12:58:21","2023-08-17 12:59:14","2-Aug-MSM-UP","COMPASS","Synoptic","CB"
"376",2,"Aug","SWH","TR","1","2-Aug-SWH-TR-1","2023-08-23 12:30:48.5",NA,NA,NA,NA,NA,771.744749132606,229.766467432901,2.58392495067346,22749.89062392,90.8118821749418,1.72560464579192e-58,0.99346654226514,295.941201029826,688.402381339344,0.998703737578697,134.430255527083,771.809771515829,TRUE,229.210495878329,2.58773576308126,387.714831172093,"2023-08-23 12:30:22","2023-08-23 12:31:15","2-Aug-SWH-TR","2023-08-23 12:30:48.5",NA,NA,NA,NA,NA,500.811026804317,15.4118994292501,0.210275640427427,3306.8407883836,7.39012434466369,3.6955665477023e-54,0.990412944369274,24.0832171070562,386.101862927043,0.99893593554486,8.18224566486748,501.729936236142,TRUE,15.2422464600233,0.204735896165353,24.6884984514555,"2023-08-23 12:30:22","2023-08-23 12:31:15","2-Aug-SWH-TR","COMPASS","Synoptic","CB"
"377",2,"Aug","SWH","TR","3","2-Aug-SWH-TR-3","2023-08-23 11:59:45.5",NA,NA,NA,NA,NA,427.527891351554,11.3106901688275,0.10668405324572,19322.5960984945,3.74940443636741,1.93431167785332e-62,0.995395105893798,12.2187011817195,322.096661207396,0.999393095959089,4.52368029649824,427.62764964971,TRUE,11.3387288159219,0.108015660026326,15.1606995170483,"2023-08-23 11:59:19","2023-08-23 12:00:12","2-Aug-SWH-TR","2023-08-23 11:59:45.5",NA,NA,NA,NA,NA,338.773151484999,5.81560778205234,0.0469023858944792,3355.90133578476,1.64838144407521,5.80374010906198e-66,0.996629172007239,5.37180788054965,334.98781013072,0.99708174620693,5.0971847497441,338.775391882848,TRUE,5.81431264106201,0.0502715531462497,5.77084745754448,"2023-08-23 11:59:19","2023-08-23 12:00:12","2-Aug-SWH-TR","COMPASS","Synoptic","CB"
"378",2,"Aug","SWH","TR","4","2-Aug-SWH-TR-4","2023-08-23 12:09:55.5",486.628462843641,16.2775865899394,1.94606058958755e-33,0.958512301275385,36.9249606210548,415.623111805242,12.7497099451056,0.183620813886246,24544.4701133956,5.81868448528518,3.20736200514418e-48,0.990549016403367,17.6237722842808,353.824885095827,0.997600351110501,9.08001981644188,419.813396047833,TRUE,12.4110658727862,0.140017626475774,12.1386563748086,"2023-08-23 12:09:32","2023-08-23 12:10:19","2-Aug-SWH-TR","2023-08-23 12:09:55.5",470.547728079645,11.0009295064004,7.90607084874492e-30,0.940481439788918,31.2300292585482,368.659630163576,9.01354033367248,0.112580655594796,3425.1890625634,3.56752211357964,4.82879092542268e-51,0.992874930406288,10.8053972522248,353.900413125671,0.995179862416149,9.08716633574977,370.019096274207,TRUE,8.90242473139297,0.107134772651748,10.1987106155972,"2023-08-23 12:09:32","2023-08-23 12:10:19","2-Aug-SWH-TR","COMPASS","Synoptic","CB"
"379",2,"Aug","SWH","TR","6","2-Aug-SWH-TR-6","2023-08-23 12:26:34.5",NA,NA,NA,NA,NA,1362.59894441133,14394.7776672706,614.114701000989,-93138.4785436021,21583.0230884477,2.61841031114091e-29,0.913539136966529,70335.5730734118,1316.13735353066,0.966038825152824,44954.5101499572,1362.60121955184,TRUE,14387.5013411669,644.372606903026,87059.1465116682,"2023-08-23 12:26:08","2023-08-23 12:27:01","2-Aug-SWH-TR","2023-08-23 12:26:34.5",NA,NA,NA,NA,NA,462.671509768924,1.50281880239713,0.147713644819315,3193.00369558108,5.19138688817824,5.71261612720728e-14,0.665611081778211,16.9178882091477,414.225224361095,0.873394337801049,10.6160620169964,462.67606893645,TRUE,1.50804352854321,0.150883494979331,20.3210991557561,"2023-08-23 12:26:08","2023-08-23 12:27:01","2-Aug-SWH-TR","COMPASS","Synoptic","CB"
"380",2,"Aug","SWH","TR","7","2-Aug-SWH-TR-7","2023-08-23 12:40:02",NA,NA,NA,NA,NA,854.216276529864,618.148138351339,9.60051870669229,32490.4375469683,320.816335886951,5.13760630213745e-49,0.98831853571067,1009.1967359167,788.588576430926,0.997017522546894,520.672799181969,854.245386662166,TRUE,616.768502178239,9.77242694368851,1284.10094646608,"2023-08-23 12:39:37","2023-08-23 12:40:27","2-Aug-SWH-TR","2023-08-23 12:40:02",NA,NA,NA,NA,NA,310.847154968262,1.38254413022672,0.0466383963250321,3277.32929176528,1.5584948978028,5.93682640698229e-33,0.947184675213009,4.90258066023059,309.373077089142,0.952559963200133,4.74423714969971,310.8608075732,TRUE,1.37832464394262,0.0519945601307114,4.41452224254368,"2023-08-23 12:39:37","2023-08-23 12:40:27","2-Aug-SWH-TR","COMPASS","Synoptic","CB"
"381",2,"Aug","SWH","TR","8","2-Aug-SWH-TR-8","2023-08-23 11:54:06.5",NA,NA,NA,NA,NA,579.512622637951,233.825482080409,0.435780084804903,33642.5746364318,15.3154640598887,5.19354758656873e-99,0.999819417362503,49.910614334379,553.262075046536,0.999896869706659,38.4649095701041,580.450716831061,TRUE,234.109069173828,0.458496365068594,39.2609163519522,"2023-08-23 11:53:40","2023-08-23 11:54:33","2-Aug-SWH-TR","2023-08-23 11:54:06.5",362.685216091893,1.51421826583034,6.7320646492659e-27,0.893012254890341,6.70311618511591,301.967955664374,1.2676654912072,0.0333574019719052,3288.32780501311,1.17234382397418,1.30514853274441e-39,0.965245099467136,3.82047845477376,302.331723026665,0.967508356176367,3.76714417286809,302.12116216711,TRUE,1.25533904730425,0.030130368669971,3.13834779355507,"2023-08-23 11:53:40","2023-08-23 11:54:33","2-Aug-SWH-TR","COMPASS","Synoptic","CB"
"382",2,"Aug","SWH","TR","10a","2-Aug-SWH-TR-10a","2023-08-23 12:18:28",872.464986158197,529.850027692863,1.91505078170252e-30,0.940472693579064,1708.51058254005,713.536751165117,484.38463298985,3.40958897778703,28737.4874229107,110.008791350247,1.47120976055644e-63,0.997676669372398,337.532088215297,624.612263500372,0.999651255718842,133.645942122571,713.559451006602,TRUE,483.922275793972,3.67758968745876,376.419530794497,"2023-08-23 12:18:04","2023-08-23 12:18:52","2-Aug-SWH-TR","2023-08-23 12:18:28",331.518379371767,2.41039113286374,2.17784861857704e-25,0.90239018164375,6.8449690079201,297.015617091884,1.48018901208231,0.0486246874828922,3206.05427503523,1.56885276630858,1.38228380242172e-32,0.951728560041583,4.81359847531216,296.71826561599,0.955781686757322,4.70834731954937,297.038776283227,TRUE,1.48205202536935,0.0424744259073727,3.42986356481033,"2023-08-23 12:18:04","2023-08-23 12:18:52","2-Aug-SWH-TR","COMPASS","Synoptic","CB"
"383",2,"Aug","SWH","SWAMP","2","2-Aug-SWH-SWAMP-2","2023-08-23 13:57:23.5",NA,NA,NA,NA,NA,462.028617138944,6.63879302026007,0.146836960309954,26389.8844701802,5.16057586545563,2.02460568514231e-43,0.975192321199504,16.8174800813664,447.451960755961,0.982413332632038,14.4403028389921,462.157023525617,TRUE,6.68785726451661,0.106406048882682,11.3858838564083,"2023-08-23 13:56:57","2023-08-23 13:57:50","2-Aug-SWH-UP","2023-08-23 13:57:23.5",NA,NA,NA,NA,NA,340.512584297349,5.85811237058692,0.0476639051254506,3416.35617863454,1.67514499022964,9.16878721353051e-66,0.996569363355761,5.45902593839697,338.515394680132,0.996929971676249,5.26642201461487,340.546457653133,TRUE,5.85329604249002,0.0423390758093086,4.55344465289724,"2023-08-23 13:56:57","2023-08-23 13:57:50","2-Aug-SWH-UP","COMPASS","Synoptic","CB"
"384",2,"Aug","SWH","SWAMP","3","2-Aug-SWH-SWAMP-3","2023-08-23 13:41:28.5",547.580859665325,9.15257349104364,1.40344904818067e-31,0.929267923110533,37.1353453258841,369.39735956325,8.77986795742992,0.0622791082408027,18242.811893658,2.18879539750183,7.47149078771292e-69,0.997390379710213,7.13292933954833,343.246029866794,0.998506911534125,5.50222950705244,369.804111984379,TRUE,8.74266425245336,0.0627077663584868,6.77982040026929,"2023-08-23 13:41:02","2023-08-23 13:41:55","2-Aug-SWH-UP","2023-08-23 13:41:28.5",NA,NA,NA,NA,NA,389.197361903976,10.5708277067635,0.074810584824767,3383.2652188498,2.62921336503003,6.63013285906245e-69,0.997402342801508,8.56818009246549,388.889286167653,0.997601530606949,8.39617393826592,389.205407470669,TRUE,10.5719243135525,0.0631252093086794,6.9076917704441,"2023-08-23 13:41:02","2023-08-23 13:41:55","2-Aug-SWH-UP","COMPASS","Synoptic","CB"
"385",2,"Aug","SWH","SWAMP","4","2-Aug-SWH-SWAMP-4","2023-08-23 13:45:37.5",511.321575671167,7.21479412278432,2.79218324642723e-31,0.927374300461338,26.5448328516476,398.174533215502,6.17393400081104,0.081294741958881,17897.3169793977,2.85709866545777,5.92231526553026e-55,0.991064757878901,9.31082134039943,360.602205330071,0.995862278299407,6.46148200086718,398.262652394072,TRUE,6.17579071106999,0.0904947564968347,9.74672675967143,"2023-08-23 13:45:11","2023-08-23 13:46:04","2-Aug-SWH-UP","2023-08-23 13:45:37.5",569.561628833551,10.4748112204705,3.95627518280066e-31,0.926395777478304,45.517408661538,411.787009448803,10.5424143151606,0.0922149980984931,3540.67720072245,3.24089039037307,3.89699037853875e-64,0.996037202621936,10.5615363492343,405.81140001999,0.996705624315064,9.82040494147432,411.841755357918,TRUE,10.5212473801684,0.0978468162033761,10.1976748810191,"2023-08-23 13:45:11","2023-08-23 13:46:04","2-Aug-SWH-UP","COMPASS","Synoptic","CB"
"386",2,"Aug","SWH","SWAMP","5","2-Aug-SWH-SWAMP-5","2023-08-23 13:52:25.5",NA,NA,NA,NA,NA,347.325012133387,6.53621944497317,0.0507672997191837,19111.5180707485,1.78421360080016,8.25301195876866e-67,0.996872783407221,5.81446285737539,350.327173744801,0.996930039015892,5.87507908982499,347.33889948019,TRUE,6.5337737417719,0.0504340914346085,5.70085052010077,"2023-08-23 13:51:59","2023-08-23 13:52:52","2-Aug-SWH-UP","2023-08-23 13:52:25.5",516.984653673273,6.09066507904131,4.62646055626571e-30,0.919106270846962,27.9738743772523,330.118088265147,6.18470238973248,0.0432903207972763,3651.99939364225,1.52143564020041,3.74526303587254e-69,0.997458779809862,4.95811208695256,330.600905416694,0.997619021971096,4.89428838426202,330.143775407906,TRUE,6.17819633034538,0.0466326828624685,3.74497032268089,"2023-08-23 13:51:59","2023-08-23 13:52:52","2-Aug-SWH-UP","COMPASS","Synoptic","CB"
"387",2,"Aug","SWH","UP","1","2-Aug-SWH-UP-1","2023-08-23 14:10:01.5",442.928961104744,2.99324816918521,5.9688696547989e-30,0.918311029038133,14.0914771831871,261.917370280321,3.09976659972066,0.0230217850185502,18021.5775275492,0.809099207009292,8.09682887773325e-68,0.997139911690914,2.63672313952636,248.283852875624,0.997936701567605,2.28387590597752,261.938273008483,TRUE,3.10004492468374,0.0261117357730073,2.43895278283388,"2023-08-23 14:09:35","2023-08-23 14:10:28","2-Aug-SWH-UPCON","2023-08-23 14:10:01.5",594.342304133841,16.7247517346115,2.05511894792625e-33,0.93986115896219,57.2567510614021,444.122002696059,14.6728724876267,0.124402325285641,3566.26642628436,4.37211200858753,7.74253945445279e-65,0.996275999579723,14.2480042024209,388.797742482982,0.998758648058728,8.38906013232665,445.404813993956,TRUE,14.549171493621,0.0992126133587345,10.6356271275441,"2023-08-23 14:09:35","2023-08-23 14:10:28","2-Aug-SWH-UPCON","COMPASS","Synoptic","CB"
"388",2,"Aug","SWH","UP","2","2-Aug-SWH-UP-2","2023-08-23 14:13:50.5",462.704468254002,3.76898603050833,6.77599626898495e-30,0.917912232382909,16.9230518485426,336.456722617166,3.70414619193755,0.0459071156757122,18064.5203059254,1.61340273394846,2.60465403331116e-56,0.992076224504954,5.25781793520918,338.979221530726,0.992290088839093,5.28908831826732,337.120411410721,TRUE,3.66800975802568,0.0450918438792216,4.86452986282068,"2023-08-23 14:13:24","2023-08-23 14:14:17","2-Aug-SWH-UPCON","2023-08-23 14:13:50.5",558.741076672215,8.932461059219,1.26550459038703e-29,0.915919502236091,41.1780176975809,356.287155632493,8.93230941193429,0.0551598454558579,3554.89903604987,1.93858934835541,5.6268490328879e-72,0.998020928172608,6.31754839031666,359.315982365875,0.998056203011832,6.38498558273328,356.465910528696,TRUE,8.95462952738966,0.0521569422437286,5.273875110762,"2023-08-23 14:13:24","2023-08-23 14:14:17","2-Aug-SWH-UPCON","COMPASS","Synoptic","CB"
"389",2,"Aug","SWH","UP","3","2-Aug-SWH-UP-3","2023-08-23 14:17:37.5",414.907615412991,2.10482761899296,2.60390576924717e-30,0.920872154762084,10.8711583020373,297.401540736019,2.42230286512724,0.0319763982572235,18141.3175651453,1.12380853405094,6.74871286087645e-55,0.991019761700569,3.66230981375226,279.655237552152,0.993996653279774,3.05368708999642,297.465046421553,TRUE,2.42519508643235,0.0332533047581582,4.13294062158559,"2023-08-23 14:17:11","2023-08-23 14:18:04","2-Aug-SWH-UPCON","2023-08-23 14:17:37.5",NA,NA,NA,NA,NA,423.509309811405,11.8067827023562,0.102787382245642,3463.28212424321,3.61245617568309,3.05051976815237e-64,0.996074350048773,11.7724090030397,399.403901798716,0.997667218315653,9.25471980596402,423.762240668363,TRUE,11.8542128063225,0.10264236762763,10.96271657599,"2023-08-23 14:17:11","2023-08-23 14:18:04","2-Aug-SWH-UPCON","COMPASS","Synoptic","CB"
"390",2,"Aug","SWH","UP","4","2-Aug-SWH-UP-4","2023-08-23 14:21:11.5",419.239420656383,4.16306948030128,2.22785199015533e-36,0.953736751201639,11.316055554352,340.230839688426,3.29469213339682,0.0475397241343315,18069.6554319846,1.67078065699661,6.59434307205503e-53,0.98928948452381,5.44480328396295,266.745083603447,0.997449461267041,2.70962779377372,340.810128174183,TRUE,3.2605806040616,0.0465973988828483,5.2060614630727,"2023-08-23 14:20:45","2023-08-23 14:21:38","2-Aug-SWH-UPCON","2023-08-23 14:21:11.5",515.024831852177,6.19898910843204,7.00800617039985e-29,0.910208592008115,27.470824612323,370.777457494224,5.75410314228444,0.0630800599743516,3670.91926027185,2.21694479651433,4.61791789728815e-59,0.993789498695451,7.22466366717714,360.759064004891,0.995209466713016,6.47087344429696,371.307108662597,TRUE,5.71067963905083,0.0651216131393452,5.89509845980245,"2023-08-23 14:20:45","2023-08-23 14:21:38","2-Aug-SWH-UPCON","COMPASS","Synoptic","CB"
"391",2,"Aug","SWH","UP","5a","2-Aug-SWH-UP-5a","2023-08-23 14:26:53.5",278.446276033119,1.64199832869738,4.2185591677578e-42,0.972120513593644,3.07277891067026,283.680263504908,1.1407496865102,0.0281613145865101,17853.4979107459,0.989727654998294,5.25081110160698e-41,0.969282981237924,3.22536196693267,207.07195657089,0.993096210709766,1.55937067433873,288.950661501763,TRUE,1.08638297814075,0.0229734642601749,2.39287399853223,"2023-08-23 14:26:27","2023-08-23 14:27:20","2-Aug-SWH-UPCON","2023-08-23 14:26:53.5",627.705030179029,20.9586903304511,2.47533421419438e-32,0.933828268874842,77.9805696027425,459.935575067192,19.0582244771984,0.144018654818553,3370.64498275556,5.06152669370962,1.98868218884645e-67,0.997039341860241,16.4946948891043,426.826319068111,0.998510853490075,11.9298652584248,465.39121583773,TRUE,18.763268770537,0.085288369582023,7.76108395572608,"2023-08-23 14:26:27","2023-08-23 14:27:20","2-Aug-SWH-UPCON","COMPASS","Synoptic","CB"
"392",2,"Jul","GCW","TR","1","2-Jul-GCW-TR-1","2023-07-11 10:23:03.5",NA,NA,NA,NA,NA,630.137234100156,54.2974561049929,0.696372087443982,25876.1096839242,24.4739538346107,1.52323434308299e-55,0.991519366612899,79.7566476797656,612.863090262813,0.994280853892902,66.7936247387204,630.179814822982,TRUE,54.4228822258571,0.667396718350714,64.2455803708008,"2023-07-11 10:22:37","2023-07-11 10:23:30","2-Jul-GCW-TR","2023-07-11 10:23:03.5",NA,NA,NA,NA,NA,394.701948288161,3.49644652347784,0.0787224028090978,4677.54077228014,2.76669396553674,4.98996893366762e-43,0.974316955384788,9.01620708032023,397.246772520438,0.974999812316645,9.07170520521575,394.784795408428,TRUE,3.49479151949713,0.0775923297874662,9.33556980031748,"2023-07-11 10:22:37","2023-07-11 10:23:30","2-Jul-GCW-TR","COMPASS","Synoptic","CB"
"393",2,"Jul","GCW","TR","2","2-Jul-GCW-TR-2","2023-07-11 10:27:08.5",NA,NA,NA,NA,NA,403.841544040623,19.0255974395943,0.104543082246708,21723.8372304237,3.55369601411534,3.2086319711422e-72,0.998492598829016,11.3143438193562,336.474049093786,0.999617896871399,5.81392771774387,408.435217735742,TRUE,19.2143418882421,0.07831426171076,8.25396123181697,"2023-07-11 10:26:43","2023-07-11 10:27:34","2-Jul-GCW-TR","2023-07-11 10:27:08.5",NA,NA,NA,NA,NA,360.922267286473,9.52181015137699,0.0691939826794116,4758.67892930718,2.35208657678863,3.66349031113346e-66,0.997366566046587,7.48863046163051,355.684271216475,0.99779520417188,6.99342235600789,360.925797430496,TRUE,9.52525637437247,0.071108663670966,8.50196803201049,"2023-07-11 10:26:43","2023-07-11 10:27:34","2-Jul-GCW-TR","COMPASS","Synoptic","CB"
"394",2,"Jul","GCW","TR","3","2-Jul-GCW-TR-3","2023-07-11 10:31:15",335.644791472376,9.4452693755368,1.55940931693448e-40,0.984475242905025,9.64570326886737,358.256161390903,5.75162053004766,0.142339044124304,20346.3031904128,4.26463232403529,7.70690326608749e-36,0.974340577098928,12.4006637898966,196.096954813176,0.999360785975535,2.00441173899044,359.33425758155,TRUE,5.62773238202581,0.12907283080733,13.619597210187,"2023-07-11 10:30:53","2023-07-11 10:31:37","2-Jul-GCW-TR","2023-07-11 10:31:15",374.794861693213,3.91282801763458,1.62277122424047e-26,0.930425806213772,14.9022668552201,283.916954797252,4.23279414107392,0.062316152511414,4590.92346250352,1.86705959664592,2.18986044269686e-45,0.990766070608119,5.42902097402818,283.202670533553,0.991684487012308,5.27612489296568,283.9884178132,TRUE,4.24675827020213,0.0700775380203712,5.21373031865073,"2023-07-11 10:30:53","2023-07-11 10:31:37","2-Jul-GCW-TR","COMPASS","Synoptic","CB"
"395",2,"Jul","GCW","TR","4","2-Jul-GCW-TR-4","2023-07-11 10:34:42.5",704.478592862204,42.3700195298516,2.94075304564844e-33,0.93902758735949,158.749265206322,555.098194068547,40.4005103858462,0.347608970374832,24187.8536832785,12.216695710301,1.65947526591797e-64,0.996165197904293,39.8122306743689,505.124792386869,0.998588560098335,24.6316156240415,566.74212827436,TRUE,39.3726216281432,0.151650464888565,16.9231421140534,"2023-07-11 10:34:16","2023-07-11 10:35:09","2-Jul-GCW-TR","2023-07-11 10:34:42.5",NA,NA,NA,NA,NA,370.806727698885,8.13204267690245,0.0630971582751808,4690.25893941685,2.21754571523679,7.82392703138686e-67,0.996879198259235,7.22662196386902,372.222953113947,0.997025005293983,7.19551719202608,370.916218113163,TRUE,8.14861665611238,0.0627460047451338,7.72708408514597,"2023-07-11 10:34:16","2023-07-11 10:35:09","2-Jul-GCW-TR","COMPASS","Synoptic","CB"
"396",2,"Jul","GCW","TR","5","2-Jul-GCW-TR-5","2023-07-11 10:38:18.5",NA,NA,NA,NA,NA,259.978242362534,2.99064346475359,0.0226121201926213,19130.8947669986,0.794701562103321,2.04656867879573e-67,0.997036072994143,2.58980354901213,221.528652762845,0.998649585517879,1.78272059936142,260.547812714675,TRUE,3.00662785374099,0.0211779475519368,2.28057866816675,"2023-07-11 10:37:52","2023-07-11 10:38:45","2-Jul-GCW-TR","2023-07-11 10:38:18.5",529.534040346471,7.35623102943105,3.19389938115092e-30,0.920249154460394,31.4207669267785,359.409484950814,6.99330125117359,0.0567778172361802,4076.62349528369,1.99545286625237,8.20032411507057e-66,0.996584060331115,6.50285737608118,351.868894646835,0.997241359518575,5.95954845471152,359.436690807269,TRUE,7.00181169203646,0.0631465072527773,6.25897276000309,"2023-07-11 10:37:52","2023-07-11 10:38:45","2-Jul-GCW-TR","COMPASS","Synoptic","CB"
"397",2,"Jul","GCW","UP","1","2-Jul-GCW-UP-1","2023-07-11 10:43:01.5",347.880711719351,-2.34957736554959,5.97243618836229e-37,0.956018957732489,5.84445750053212,267.54901698995,-1.74589966383188,0.024254103493693,18592.861345468,0.852408963408178,9.35626788743058e-54,0.990064296268677,2.77786261398747,190.378899139244,0.997790017987233,1.33604930502649,268.878345758267,TRUE,-1.72222811465165,0.0230144826442229,2.69718149373404,"2023-07-11 10:42:35","2023-07-11 10:43:28","2-Jul-GCW-UP","2023-07-11 10:43:01.5",569.822196666167,16.9735268922999,3.29055677017768e-36,0.953038173754067,45.6273595095763,471.507746289006,13.2060047177151,0.160307295812774,4927.2387038234,5.633989971473,8.92888614610381e-57,0.992395827618531,18.3602599000838,372.050594565491,0.998880565201041,7.1840429346889,472.717545051427,TRUE,13.0909163029286,0.139819732942731,16.6975707965067,"2023-07-11 10:42:35","2023-07-11 10:43:28","2-Jul-GCW-UP","COMPASS","Synoptic","CB"
"398",2,"Jul","GCW","UP","2","2-Jul-GCW-UP-2","2023-07-11 10:50:32.5",293.400546586248,-0.785590072540394,7.63760102195602e-30,0.917534078019186,3.529117370099,170.364917716465,-0.770482346690167,0.00986243453373158,18590.601490473,0.346614650166939,1.37856535042392e-55,0.991551849265392,1.12956094960492,172.175347182279,0.991887549608371,1.12881179695632,170.460110671234,TRUE,-0.770009209651671,0.00984036115406606,0.964917458776624,"2023-07-11 10:50:06","2023-07-11 10:50:59","2-Jul-GCW-UP","2023-07-11 10:50:32.5",NA,NA,NA,NA,NA,379.115223345624,11.869924784217,0.0681428507843778,4653.57165078713,2.39487626561394,1.27503538032943e-73,0.998289179795336,7.80451347763369,382.461738017902,0.998309758653657,7.91106002720427,379.283432211886,TRUE,11.8488699949778,0.0594599920967196,6.10250221087761,"2023-07-11 10:50:06","2023-07-11 10:50:59","2-Jul-GCW-UP","COMPASS","Synoptic","CB"
"399",2,"Jul","GCW","UP","3","2-Jul-GCW-UP-3","2023-07-11 10:55:10.5",297.936684832359,-1.01342925138542,2.40151224728752e-35,0.949310954661969,3.68050173138711,228.117870371163,-1.02207764744019,0.0168353797556972,18537.2501587381,0.591678377634883,5.93062564859917e-50,0.986087763029669,1.92818390619111,191.366755112461,0.99345881378241,1.3483259608258,229.216815545422,TRUE,-1.00830972096069,0.0153659099363809,1.81652191719282,"2023-07-11 10:54:44","2023-07-11 10:55:37","2-Jul-GCW-UP","2023-07-11 10:55:10.5",575.333185198519,17.9621840224275,3.65675604315561e-38,0.960495456413629,48.0160436341612,521.958865050794,15.0981148084076,0.255758223971725,5004.25588530601,8.98860692317676,2.49428605663566e-49,0.985297723338482,29.2924126746484,448.625946424787,0.996488963577143,14.598128610684,524.263500745135,TRUE,14.7915667949564,0.224601087292968,23.4763126262795,"2023-07-11 10:54:44","2023-07-11 10:55:37","2-Jul-GCW-UP","COMPASS","Synoptic","CB"
"400",2,"Jul","GCW","UP","4","2-Jul-GCW-UP-4","2023-07-11 10:59:10.5",346.214304755138,-1.3362206712185,4.85273437374841e-31,0.925816170311049,5.75497145555489,180.190120037521,-1.32806395471487,0.0108017390446193,18375.0666669259,0.379626448960434,8.99835991772934e-66,0.996571837996597,1.23714104979799,173.108258805053,0.997207870389183,1.13860478831368,180.356410075829,TRUE,-1.32373819574429,0.0101920009889902,1.2719845839443,"2023-07-11 10:58:44","2023-07-11 10:59:37","2-Jul-GCW-UP","2023-07-11 10:59:10.5",555.799148992784,12.6256985100673,2.49080900642041e-34,0.944544442212623,40.0714652738128,442.525473843574,10.6771584991448,0.122576852127122,4413.52687817917,4.30795586762,5.0094152334126e-58,0.993193205609086,14.038929740394,404.513487482618,0.996873476948159,9.70309250104485,447.748355878938,TRUE,10.4169335793876,0.0912730412054144,8.20749647240424,"2023-07-11 10:58:44","2023-07-11 10:59:37","2-Jul-GCW-UP","COMPASS","Synoptic","CB"
"401",2,"Jul","GCW","UP","5","2-Jul-GCW-UP-5","2023-07-11 10:46:57",370.984798021914,-3.59543206223366,4.29174397911381e-32,0.949346924644833,10.2392921238194,278.636085378088,-3.13852727156624,0.0403094177554525,18476.0777519643,1.30056448334356,2.4471402754602e-51,0.992306834466623,3.99042876967866,239.892979869255,0.996784367520715,2.63659181596279,278.808117577668,TRUE,-3.12214997227021,0.0426831138292569,2.86785512343417,"2023-07-11 10:46:33","2023-07-11 10:47:21","2-Jul-GCW-UP","2023-07-11 10:46:57",532.401634992957,18.1727894788093,1.3379378163755e-32,0.951795423960529,53.1619582474349,464.161038552639,16.6677423886665,0.267654481328568,5317.46864884182,8.63574647333109,8.03958623500306e-47,0.988025388242898,26.4964418267358,434.095958408192,0.994025006533053,19.1279410951255,464.203061631708,TRUE,16.6276806885985,0.254590048756481,20.4370350680907,"2023-07-11 10:46:33","2023-07-11 10:47:21","2-Jul-GCW-UP","COMPASS","Synoptic","CB"
"402",2,"Jul","GWI","TR","1","2-Jul-GWI-TR-1","2023-07-20 13:30:22.5",207.002153823825,0.477842691121885,3.72647160636214e-13,0.64084832876672,1.58575825096286,219.457453763068,0.123292332721492,0.0155380766129986,17710.554994646,0.546084739124129,1.61384414421649e-10,0.547676114353465,1.77960163020438,213.484633308756,0.62395206418823,1.65476492992937,220.117899520835,TRUE,0.112444853630528,0.0161802781596368,1.44512410165931,"2023-07-20 13:29:56","2023-07-20 13:30:49","2-Jul-GWI-TR","2023-07-20 13:30:22.5",NA,NA,NA,NA,NA,347.208377407032,2.52512683426753,0.0507125031086145,3653.73136747252,1.78228777731937,1.49678089944393e-45,0.979457530367903,5.80818691087779,341.475769316953,0.982845492803479,5.4127759379229,347.240131553111,TRUE,2.52748834833797,0.051582349350635,6.72054849992781,"2023-07-20 13:29:56","2023-07-20 13:30:49","2-Jul-GWI-TR","COMPASS","Synoptic","CB"
"403",2,"Jul","GWI","TR","2","2-Jul-GWI-TR-2","2023-07-20 13:35:29.5",NA,NA,NA,NA,NA,220.569359720297,0.0297080714427001,0.0156988740423067,17677.5788814743,0.551735954806904,0.0640148999644136,0.0644295449741907,1.79801802590486,191.98459245843,0.488301881107536,1.35606145613764,220.611713188775,TRUE,0.0267897204720899,0.0169638109042227,1.86457020324382,"2023-07-20 13:35:03","2023-07-20 13:35:56","2-Jul-GWI-TR","2023-07-20 13:35:29.5",NA,NA,NA,NA,NA,334.399754272612,4.28631107582975,0.0450410424017958,3674.92915157258,1.58296464243761,5.17334804667036e-60,0.994290917628729,5.15862512978507,338.106791053468,0.994321806931392,5.24653485175077,334.401407807918,TRUE,4.28552789794051,0.0450409169137719,6.37441657718355,"2023-07-20 13:35:03","2023-07-20 13:35:56","2-Jul-GWI-TR","COMPASS","Synoptic","CB"
"404",2,"Jul","GWI","TR","3","2-Jul-GWI-TR-3","2023-07-20 13:39:52.5",NA,NA,NA,NA,NA,189.821263489192,0.252611834342032,0.0118092650604712,17714.6391458397,0.415035888315818,1.96338349232861e-27,0.897954041535323,1.35253467186209,187.163629802791,0.909790587570981,1.29686001156007,189.887061422412,TRUE,0.253049227397902,0.0126899900819857,1.4327089210656,"2023-07-20 13:39:26","2023-07-20 13:40:19","2-Jul-GWI-TR","2023-07-20 13:39:52.5",NA,NA,NA,NA,NA,420.492865570955,4.71146780280761,0.099956247517704,3694.36079285604,3.51295612121443,2.4407839017169e-44,0.977130156490401,11.4481544570844,319.492180669831,0.996728128852533,4.41589409642261,422.804449141767,TRUE,4.83843265392125,0.0914025488611777,10.8345591848286,"2023-07-20 13:39:26","2023-07-20 13:40:19","2-Jul-GWI-TR","COMPASS","Synoptic","CB"
"405",2,"Jul","GWI","TR","4","2-Jul-GWI-TR-4","2023-07-20 13:43:44.5",196.19369328022,0.300476444256517,2.23163418914064e-19,0.792209315637653,1.43474100176118,196.700345365858,0.17616475063664,0.0125859309717245,17575.0759490103,0.44233176360958,2.85153914596334e-19,0.790250556147645,1.44148750407005,180.215528526691,0.856466962686881,1.2160546147047,197.213479950251,TRUE,0.172447082142552,0.0122739568373877,1.30476529773545,"2023-07-20 13:43:18","2023-07-20 13:44:11","2-Jul-GWI-TR","2023-07-20 13:43:44.5",NA,NA,NA,NA,NA,367.519780600885,4.62481367890361,0.0612057437918615,3716.82384095595,2.15107207049784,7.68692312306381e-55,0.990974697075238,7.00999513277905,367.547093607298,0.991614837364707,6.89063487000623,367.597321308699,TRUE,4.63905540762209,0.0621128972948323,7.42985804985202,"2023-07-20 13:43:18","2023-07-20 13:44:11","2-Jul-GWI-TR","COMPASS","Synoptic","CB"
"406",2,"Jul","GWI","TR","5","2-Jul-GWI-TR-5","2023-07-20 13:47:37.5",248.953734723298,1.59518475155682,2.85845885418406e-44,0.97699084820282,2.33848491768537,297.346510645929,0.942887221636051,0.0319601092216193,17688.4288274948,1.12323605690463,3.82425783062371e-34,0.943623378616205,3.66044420354595,197.991060043972,0.991684969903884,1.43361603848251,297.346510645996,TRUE,0.942887221636051,0.0319601092216193,4.71699271747672,"2023-07-20 13:47:11","2023-07-20 13:48:04","2-Jul-GWI-TR","2023-07-20 13:47:37.5",NA,NA,NA,NA,NA,363.06596463495,3.06435550604662,0.0587330147861513,3631.22722844258,2.06416816291392,1.38188613265506e-46,0.981255589808133,6.72678938735659,347.882621480716,0.986860164559557,5.74359188667342,363.323877388098,TRUE,3.09169898988556,0.0530566601940535,4.84082803150391,"2023-07-20 13:47:11","2023-07-20 13:48:04","2-Jul-GWI-TR","COMPASS","Synoptic","CB"
"407",2,"Jul","GWI","UP","1","2-Jul-GWI-UP-1","2023-07-20 13:53:47.5",NA,NA,NA,NA,NA,184.574346008458,-0.0103931932817829,0.011249254150659,17604.9387259387,0.39535433961399,0.35980556518905,0.0161501306123639,1.28839569553601,185.125077818731,0.0770288504049332,1.27261073298622,184.759174596093,TRUE,-0.00783100591776276,0.0117647763125533,1.00192209557931,"2023-07-20 13:53:21","2023-07-20 13:54:14","2-Jul-GWI-UP","2023-07-20 13:53:47.5",NA,NA,NA,NA,NA,353.244416031826,7.39657455723055,0.0536274860648474,3722.40551531959,1.88473467257242,2.32401198471316e-68,0.997273965022673,6.14204473318962,324.66624029968,0.998508848539775,4.63260009670003,353.436598234827,TRUE,7.41534677597869,0.0562171813368349,6.53210522696608,"2023-07-20 13:53:21","2023-07-20 13:54:14","2-Jul-GWI-UP","COMPASS","Synoptic","CB"
"408",2,"Jul","GWI","UP","2","2-Jul-GWI-UP-2","2023-07-20 13:58:01.5",166.009616784566,-0.0264550321535676,0.000914842352672639,0.192165919922397,1.08491555727757,162.838754182433,-0.0370949278462923,0.00919855446980691,17710.9108199036,0.323282626484244,0.000181085046148446,0.238235834888433,1.05352566715354,165.974877476077,0.250325362007351,1.06582997600927,162.862694316165,TRUE,-0.0357507423902907,0.00983972731259405,1.04712177212971,"2023-07-20 13:57:35","2023-07-20 13:58:28","2-Jul-GWI-UP","2023-07-20 13:58:01.5",NA,NA,NA,NA,NA,395.464305438243,11.1247645226419,0.0792800593210248,3671.02543428,2.78629276907088,9.50848981123132e-69,0.997366070101996,9.08007640355996,373.333395783635,0.998376521199869,7.26988226276316,396.249290504389,TRUE,11.1857106335857,0.0772965307697676,8.60958388180238,"2023-07-20 13:57:35","2023-07-20 13:58:28","2-Jul-GWI-UP","COMPASS","Synoptic","CB"
"409",2,"Jul","GWI","UP","3","2-Jul-GWI-UP-3","2023-07-20 14:01:31.5",NA,NA,NA,NA,NA,191.738673700793,-0.0389947955765459,0.0120207965575114,17738.6372034513,0.422470149663268,0.00206259487849042,0.168308394128038,1.37676172430547,186.971065646291,0.292951973222177,1.29454976847563,191.828972022161,TRUE,-0.0425236972088283,0.0125510437428323,1.18665156259448,"2023-07-20 14:01:05","2023-07-20 14:01:58","2-Jul-GWI-UP","2023-07-20 14:01:31.5",NA,NA,NA,NA,NA,429.740712976214,9.35782420543081,0.10889245917564,3876.74016538541,3.82701872584206,1.00685718160713e-57,0.9930079917142,12.4716335678136,342.315792047011,0.998713772221134,5.45504059946709,430.574816267492,TRUE,9.44335150667476,0.100315397931213,13.203979180883,"2023-07-20 14:01:05","2023-07-20 14:01:58","2-Jul-GWI-UP","COMPASS","Synoptic","CB"
"410",2,"Jul","GWI","UP","4","2-Jul-GWI-UP-4","2023-07-20 14:05:13.5",177.410616877049,-0.182007337376367,5.43245048347319e-19,0.785012187836115,1.20570803131475,187.526377541559,-0.140908852065349,0.0115609779109587,17834.9733736192,0.406309851841268,7.28222937437099e-17,0.740719564079385,1.32409793370999,178.674050217723,0.795635701428019,1.19882120957089,187.816597604736,TRUE,-0.138930842618552,0.0120790547788995,1.20214541894786,"2023-07-20 14:04:47","2023-07-20 14:05:40","2-Jul-GWI-UP","2023-07-20 14:05:13.5",NA,NA,NA,NA,NA,350.634146785933,6.13039340986478,0.0523468925625422,3770.13155061651,1.83972829333721,1.11925951743884e-64,0.996222843666541,5.99537623997181,344.830732327191,0.996849923552526,5.58355988919221,350.65648631402,TRUE,6.12395279182317,0.0526348634550411,6.54311266389273,"2023-07-20 14:04:47","2023-07-20 14:05:40","2-Jul-GWI-UP","COMPASS","Synoptic","CB"
"411",2,"Jul","GWI","UP","5","2-Jul-GWI-UP-5","2023-07-20 14:08:49.5",200.447157775474,-0.142539022761682,4.96025753028711e-17,0.744496812783887,1.49237420332945,178.363031363772,-0.169380218474458,0.0106205378134299,17927.57238092,0.373258142925682,1.13506995842108e-21,0.830259707108104,1.21638777289949,179.805606028908,0.838111172177167,1.21144773215487,178.459458250359,TRUE,-0.170997244809768,0.0104128107926423,1.28038366963162,"2023-07-20 14:08:23","2023-07-20 14:09:16","2-Jul-GWI-UP","2023-07-20 14:08:49.5",NA,NA,NA,NA,NA,382.882673167104,7.93337364446167,0.07056187914132,3756.83511196461,2.47989286722663,9.25288293778057e-64,0.995903198435616,8.08156879887748,380.81623320264,0.996338528623009,7.79143947761653,383.273825549957,TRUE,7.97313151203902,0.0638517197590147,6.78130017815891,"2023-07-20 14:08:23","2023-07-20 14:09:16","2-Jul-GWI-UP","COMPASS","Synoptic","CB"
"412",2,"Jul","MSM","TR","1","2-Jul-MSM-TR-1","2023-07-13 11:25:27.5",287.585014264269,5.01450985648982,6.39471156283074e-25,0.940728709204571,8.38564061346022,273.682110495654,2.84678473659251,0.0965379809212499,17980.630689528,2.61455793992367,8.59054578975088e-28,0.958130716827454,7.04793379528171,251.659825200254,0.978154491774874,5.23040932392651,277.019937961973,TRUE,2.99750719417693,0.0487421857082565,4.25113362319669,"2023-07-13 11:25:08","2023-07-13 11:25:47","2-Jul-MSM-TR","2023-07-13 11:25:27.5",NA,NA,NA,NA,NA,263.898743033333,2.14831969458778,0.0854254804577421,3765.77059353224,2.31359581038659,2.73021201722399e-25,0.943321251081352,6.23664515199914,264.171556161816,0.948363970751612,6.11586476805115,263.950560323623,TRUE,2.16231182028808,0.0855793636561125,6.43611204496204,"2023-07-13 11:25:08","2023-07-13 11:25:47","2-Jul-MSM-TR","COMPASS","Synoptic","CB"
"413",2,"Jul","MSM","TR","2","2-Jul-MSM-TR-2","2023-07-13 12:35:57.5",188.686701823043,0.269549991396705,1.51472061763644e-18,0.776408956658555,1.33840039549033,197.746077844037,0.152843278060117,0.0127083887727074,17495.2834920171,0.44663553543212,1.21861277888894e-16,0.735567794515441,1.45551279868587,182.388209418112,0.815231098789638,1.24076622430166,197.764624919841,TRUE,0.153310831403949,0.0127599150449979,1.76449239096547,"2023-07-13 12:35:31","2023-07-13 12:36:24","2-Jul-MSM-TR","2023-07-13 12:35:57.5",NA,NA,NA,NA,NA,339.690215734881,2.50047872361912,0.0473023454881542,3771.45094695065,1.66243799919539,7.08420998239129e-47,0.981730995984847,5.41761591475153,334.645475504467,0.984548429252485,5.0810534513502,339.731731617535,TRUE,2.49143111381176,0.0454563707555689,5.52890524564485,"2023-07-13 12:35:31","2023-07-13 12:36:24","2-Jul-MSM-TR","COMPASS","Synoptic","CB"
"414",2,"Jul","MSM","TR","3","2-Jul-MSM-TR-3","2023-07-13 12:31:38.5",NA,NA,NA,NA,NA,429.336142270491,-0.333108668932897,0.108485308370163,17500.2225423452,3.812709436029,0.00339355838611193,0.153483620963621,12.4250019122225,351.994650845715,0.812307378032666,5.96649184974354,429.336142270473,TRUE,-0.333108668932897,0.108485308370163,17.3340548624716,"2023-07-13 12:31:12","2023-07-13 12:32:05","2-Jul-MSM-TR","2023-07-13 12:31:38.5",NA,NA,NA,NA,NA,364.210906643902,2.86968915201763,0.0593589741042039,3863.81166641567,2.08616746433422,6.72891258533254e-45,0.978235444636976,6.79848154402391,362.286890142578,0.980496796453324,6.56306445777173,365.294290464668,TRUE,2.83453499911761,0.0511522575198086,5.36004773339864,"2023-07-13 12:31:12","2023-07-13 12:32:05","2-Jul-MSM-TR","COMPASS","Synoptic","CB"
"415",2,"Jul","MSM","TR","4","2-Jul-MSM-TR-4","2023-07-13 11:34:11.557692",NA,NA,NA,NA,NA,430.904348573608,2.88699499590821,0.128802141634534,17300.3657760501,4.54581454097704,9.72863294295565e-28,0.909485171442263,14.6771308757976,249.469300898418,0.997441413187729,2.51852207763066,431.605601873145,TRUE,2.9776383646278,0.122095553752192,15.2188365539486,"2023-07-13 11:33:45","2023-07-13 11:34:38","2-Jul-MSM-TR","2023-07-13 11:34:11.557692",NA,NA,NA,NA,NA,404.122885861564,2.7302374003314,0.099560288633923,3438.23087445788,3.51378169673706,8.5772565768482e-32,0.937657299046268,11.3449929307735,343.776785107539,0.981912491080739,6.23684836530269,404.293551497106,TRUE,2.76060253714987,0.105149537759126,10.5568260833324,"2023-07-13 11:33:45","2023-07-13 11:34:38","2-Jul-MSM-TR","COMPASS","Synoptic","CB"
"416",2,"Jul","MSM","TR","5","2-Jul-MSM-TR-5","2023-07-13 11:29:40.461539",236.859973967352,0.498383973199965,6.21893264745686e-30,0.926023068756511,2.27158827027068,219.867005111407,0.502889890821736,0.0168842345318374,17882.3521341311,0.594767290402496,1.74210478424442e-33,0.946645120157056,1.92916127140144,209.365457240303,0.959629895579909,1.71267824604522,220.005297859073,TRUE,0.505554873039382,0.01765736267282,2.06539973593019,"2023-07-13 11:29:14","2023-07-13 11:30:07","2-Jul-MSM-TR","2023-07-13 11:29:40.461539",497.719121559641,10.0898495439375,4.2662589160047e-25,0.88460980879892,27.9031699291886,468.912844818005,4.91211033325877,0.185128810217301,3794.98057757698,6.52138304646017,4.01971158743101e-31,0.933689219101851,21.152473937649,466.058652657051,0.941878182827993,20.2117106809152,470.333536795386,TRUE,4.8219373915374,0.152844403964063,15.363596850265,"2023-07-13 11:29:14","2023-07-13 11:30:07","2-Jul-MSM-TR","COMPASS","Synoptic","CB"
"417",2,"Jul","MSM","UP","1","2-Jul-MSM-UP-1","2023-07-13 12:59:55.5",221.48663220482,-0.24456070602723,1.36841556579938e-18,0.777276224399181,1.8133541016969,188.228463916638,-0.226903515686451,0.0116363783294688,18000.2630234081,0.408959794874593,1.43245704713262e-25,0.879693780219063,1.33273366843061,187.734586105178,0.889300384713912,1.30373418836651,188.348745316828,TRUE,-0.223949676259653,0.0123000282521788,1.22508185762911,"2023-07-13 12:59:29","2023-07-13 13:00:22","2-Jul-MSM-UP","2023-07-13 12:59:55.5",NA,NA,NA,NA,NA,370.538907345592,4.92046011668672,0.0629408826485592,3821.59623340724,2.21205341802906,1.33121785112956e-55,0.991563195839215,7.20872345771387,340.446434262295,0.995512653761484,5.36143248207816,370.807821569172,TRUE,4.88972747697243,0.0660613994222263,6.74497327629376,"2023-07-13 12:59:29","2023-07-13 13:00:22","2-Jul-MSM-UP","COMPASS","Synoptic","CB"
"418",2,"Jul","MSM","UP","2","2-Jul-MSM-UP-2","2023-07-13 12:55:38.5",270.803381453294,-0.717316576019806,5.61937953777153e-33,0.937491831034297,2.8628418702134,194.690323232011,-0.715424828070844,0.012353856536714,17853.8510745674,0.434175521980931,6.66532311925735e-49,0.984731434484216,1.41490763494211,176.788367493451,0.989822245567976,1.1780714339471,194.953294930612,TRUE,-0.719974313113173,0.0121688442887234,1.11483202410427,"2023-07-13 12:55:12","2023-07-13 12:56:05","2-Jul-MSM-UP","2023-07-13 12:55:38.5",NA,NA,NA,NA,NA,390.726662251882,5.04036558843549,0.0758774524978231,3821.85748281033,2.66670836324837,5.83360076758856e-52,0.988352926837597,8.6903702127404,366.666726841729,0.993073002319221,6.83469386834351,391.300601392079,TRUE,4.99182301146552,0.076429231780598,8.27641537900019,"2023-07-13 12:55:12","2023-07-13 12:56:05","2-Jul-MSM-UP","COMPASS","Synoptic","CB"
"419",2,"Jul","MSM","UP","3","2-Jul-MSM-UP-3","2023-07-13 12:51:15.5",NA,NA,NA,NA,NA,168.398419802654,-0.182546822141716,0.00968448125988201,17984.8408975607,0.340360493391504,6.7396728118256e-25,0.872330136951047,1.10917966663596,163.287050534731,0.892152447759097,1.0396317140706,168.414210951552,TRUE,-0.183645982879399,0.00991791824841906,1.2056325319657,"2023-07-13 12:50:49","2023-07-13 12:51:42","2-Jul-MSM-UP","2023-07-13 12:51:15.5",454.559602683145,4.95439267859855,4.45293474418777e-33,0.93804800387623,15.693730246863,366.654859326437,3.94563634511881,0.0607175332707323,3869.7230168074,2.13391394200429,1.80529288372556e-51,0.98783583649584,6.95407957379939,343.874646655398,0.992591971481022,5.53434876076149,366.80586684205,TRUE,3.92260985046853,0.0610632878049888,6.11298391486155,"2023-07-13 12:50:49","2023-07-13 12:51:42","2-Jul-MSM-UP","COMPASS","Synoptic","CB"
"420",2,"Jul","MSM","UP","4","2-Jul-MSM-UP-4","2023-07-13 12:47:04.5",243.043419453193,0.281418175083799,6.11684179931845e-07,0.382946895568577,2.21394968281391,246.021468978422,0.104676209151495,0.0198709063804728,17850.8056077074,0.698361772644546,2.68048282630963e-06,0.347961144644633,2.27584779436247,248.293066857758,0.368500779406427,2.28407076236162,248.37539170461,TRUE,0.127504525518788,0.0135807852183279,1.35503063089541,"2023-07-13 12:46:38","2023-07-13 12:47:31","2-Jul-MSM-UP","2023-07-13 12:47:04.5",502.407484366792,5.75674478603079,1.36277201565401e-31,0.929347779878109,24.4418597707763,351.139847315202,5.77715069050685,0.0525925770457032,3877.08280470593,1.84836285926421,3.08488748227448e-63,0.995709012062561,6.02351489043924,333.280487954222,0.997137446542699,5.01723928293826,351.264995212834,TRUE,5.76937649065968,0.0523161411637532,6.46126549264369,"2023-07-13 12:46:38","2023-07-13 12:47:31","2-Jul-MSM-UP","COMPASS","Synoptic","CB"
"421",2,"Jul","MSM","UP","5","2-Jul-MSM-UP-5","2023-07-13 12:43:10.5",NA,NA,NA,NA,NA,189.945835742929,-0.0682924516871531,0.0118228942781707,17789.8501003797,0.415514886326786,4.33332098888193e-07,0.390854706226396,1.35409564872175,178.591434026534,0.54161197373135,1.19790450429242,189.98198002958,TRUE,-0.0664168811112585,0.012573053287891,1.57309373887372,"2023-07-13 12:42:44","2023-07-13 12:43:37","2-Jul-MSM-UP","2023-07-13 12:43:10.5",NA,NA,NA,NA,NA,373.306233336973,4.55614989778106,0.0645744811429645,3802.99498041265,2.26946613582352,2.62329209714982e-53,0.98966248166947,7.39582219690474,355.299232004758,0.993122585569108,6.15187613881811,373.467454519238,TRUE,4.58134099410553,0.0645789216962049,7.18537364254814,"2023-07-13 12:42:44","2023-07-13 12:43:37","2-Jul-MSM-UP","COMPASS","Synoptic","CB"
"422",2,"Jul","SWH","TR","1b","2-Jul-SWH-TR-1b","2023-07-19 10:42:46.5",801.61667451491,222.842242096357,2.76757021735572e-30,0.935871399286209,704.60630147554,693.401106614937,188.216980670201,2.33988641353544,44881.1711471573,76.843095329803,7.43150894031958e-53,0.992636177970808,238.765889542727,677.63017511183,0.995041216416808,200.147385446532,694.443212734333,TRUE,186.039309636274,2.1506331955113,169.339554590315,"2023-07-19 10:42:22","2023-07-19 10:43:11","2-Jul-SWH-TR","2023-07-19 10:42:46.5",516.571893898158,9.43719093497978,2.12804085994499e-28,0.923173361643909,40.739225631151,354.682504993197,9.96423979323964,0.0790967391664245,4840.75068956351,2.5975783409326,3.66682633363614e-62,0.996984506026167,8.07116241957458,351.83173545643,0.997370619506148,7.69883967409977,354.841718062805,TRUE,9.93475929577286,0.0813625181363055,9.01074242954924,"2023-07-19 10:42:22","2023-07-19 10:43:11","2-Jul-SWH-TR","COMPASS","Synoptic","CB"
"423",2,"Jul","SWH","TR","2","2-Jul-SWH-TR-2","2023-07-19 10:15:18",NA,NA,NA,NA,NA,615.458662920042,155.827372673152,1.25331862191368,68323.7465972835,40.437738293889,7.62366757424207e-61,0.996968797763615,124.072213515956,537.272860717948,0.999433513455578,54.81564711065,616.662355894842,TRUE,156.954264366139,1.18152392284794,116.252962400522,"2023-07-19 10:14:54","2023-07-19 10:15:42","2-Jul-SWH-TR","2023-07-19 10:15:18",NA,NA,NA,NA,NA,331.15873229294,9.44536592347868,0.0688913419854798,5780.39110277369,2.22274688113229,7.7870041760213e-63,0.997505950508072,6.8198949116164,321.110471565035,0.998127623475093,6.0389914503674,331.345907530418,TRUE,9.46904092131048,0.0650107239941266,7.67346369550237,"2023-07-19 10:14:54","2023-07-19 10:15:42","2-Jul-SWH-TR","COMPASS","Synoptic","CB"
"424",2,"Jul","SWH","TR","3","2-Jul-SWH-TR-3","2023-07-19 11:01:27.5",NA,NA,NA,NA,NA,752.025351110081,206.661277301461,2.15269925666467,41742.5736790481,75.6564818971868,3.29036252581957e-60,0.994389412518119,246.552208610901,729.764445496006,0.99655010992712,197.16236829437,756.765135675648,TRUE,210.590641071733,1.30779317827141,139.124196019796,"2023-07-19 11:01:01","2023-07-19 11:01:54","2-Jul-SWH-TR","2023-07-19 11:01:27.5",NA,NA,NA,NA,NA,387.359240582791,10.4580010631895,0.0735481093782503,4585.24050719715,2.58484374374209,4.78474091869403e-69,0.997434727580821,8.42358669016274,376.88238369686,0.998037979642544,7.51274638253514,388.335168165323,TRUE,10.5241848381785,0.069420918590715,6.82257570905244,"2023-07-19 11:01:01","2023-07-19 11:01:54","2-Jul-SWH-TR","COMPASS","Synoptic","CB"
"425",2,"Jul","SWH","TR","4","2-Jul-SWH-TR-4","2023-07-19 11:25:53",NA,NA,NA,NA,NA,575.947646538709,24.0873232557586,0.837462572600099,26848.7008527245,27.0203376456831,1.7407213866475e-31,0.946240745824259,82.9045649705646,485.046993368215,0.992249419071967,32.170782686004,575.950283261705,TRUE,24.0510376169985,0.849488240728394,111.257691756215,"2023-07-19 11:25:29","2023-07-19 11:26:17","2-Jul-SWH-TR","2023-07-19 11:25:53",NA,NA,NA,NA,NA,495.532646090861,13.2821243808983,0.368638077967937,4432.41972238729,11.8939349191736,6.90158336374616e-36,0.965060421364884,36.4933078628584,394.632271580457,0.995892575148352,12.7873892280896,495.532646090862,TRUE,13.2821243808983,0.368638077967937,50.5693529886849,"2023-07-19 11:25:29","2023-07-19 11:26:17","2-Jul-SWH-TR","COMPASS","Synoptic","CB"
"426",2,"Jul","SWH","TR","5","2-Jul-SWH-TR-5","2023-07-19 11:14:40",NA,NA,NA,NA,NA,352.662096448203,44.4316841030199,0.224483285761398,37548.580874714,6.20890089898918,3.6084536031277e-60,0.999005476733511,17.0074795212277,338.327844943501,0.999364071187392,13.9626604090626,352.711615114993,TRUE,44.3953212937641,0.216375331918266,21.0165113521428,"2023-07-19 11:14:20","2023-07-19 11:15:00","2-Jul-SWH-TR","2023-07-19 11:14:40",NA,NA,NA,NA,NA,261.926964766434,13.1996954096381,0.0742379338450789,4439.91401852293,2.05331979450682,2.35295902392317e-58,0.998767879716246,5.62447282115448,254.704284691982,0.999062920739799,5.0358742095828,262.00578909158,TRUE,13.1817843576014,0.0776887541957847,4.04340826395752,"2023-07-19 11:14:20","2023-07-19 11:15:00","2-Jul-SWH-TR","COMPASS","Synoptic","CB"
"427",2,"Jul","SWH","TR","7","2-Jul-SWH-TR-7","2023-07-19 10:31:27",NA,NA,NA,NA,NA,863.258267908778,630.081284750707,15.711019241411,161121.965103181,506.908676936735,5.24659169476962e-38,0.971607459154332,1555.31155429357,840.279715719182,0.983628471375621,1206.98690050306,863.649000699805,TRUE,621.943329396289,16.3282898955284,1449.35257689432,"2023-07-19 10:31:03","2023-07-19 10:31:51","2-Jul-SWH-TR","2023-07-19 10:31:27",302.037780800773,1.33856160412135,7.16077673681288e-17,0.77582526086799,5.06670901126723,283.124367150647,0.682286467118629,0.042198468396053,4578.5752473618,1.36151381744974,7.89454153146746e-21,0.847610796208318,4.17743524219494,286.606342415526,0.8492133586992,4.24675035912988,283.234263737092,TRUE,0.675729897937573,0.0454830328872967,4.30905664300108,"2023-07-19 10:31:03","2023-07-19 10:31:51","2-Jul-SWH-TR","COMPASS","Synoptic","CB"
"428",2,"Jul","SWH","TR","8a","2-Jul-SWH-TR-8a","2023-07-19 11:07:42.5",NA,NA,NA,NA,NA,594.320178307547,605.707990487017,1.64509720854394,142436.868727602,50.2361080283277,2.10627751459528e-78,0.999675534694561,148.127278626254,587.004652447803,0.999746290751392,134.066648935995,594.479843839985,TRUE,605.282498378846,1.58600690042942,153.052448172183,"2023-07-19 11:07:20","2023-07-19 11:08:05","2-Jul-SWH-TR","2023-07-19 11:07:42.5",320.863836637855,2.13535056158158,9.1051353715721e-25,0.911226176609197,7.58157040027913,273.654440365379,1.84450451909529,0.0504033480910049,4403.9217762036,1.53916013384416,1.38371720324234e-34,0.968189367107332,4.53840098177577,275.555911162211,0.969607970044491,4.54044330309357,273.732413832126,TRUE,1.83331201835137,0.0538246693759174,4.89488968575459,"2023-07-19 11:07:20","2023-07-19 11:08:05","2-Jul-SWH-TR","COMPASS","Synoptic","CB"
"429",2,"Jul","SWH","TR","10","2-Jul-SWH-TR-10","2023-07-19 11:22:33",986.091857985052,3983.10185089295,1.54798451645211e-28,0.943945470524229,13275.8541528037,905.924306408762,4200.59802264582,62.5307339287353,310809.484570474,1873.48868891696,3.51004177847718e-45,0.990561247590091,5447.71543715411,889.829557937603,0.993960786154591,4462.61704989751,906.212335061962,TRUE,4220.91559397624,60.9874455872258,5117.61281561042,"2023-07-19 11:22:11","2023-07-19 11:22:55","2-Jul-SWH-TR","2023-07-19 11:22:33",513.396617609409,-0.738113297189066,0.772489625530769,0.00196475845760372,69.5143252122926,513.427779561484,0.186894166454475,0.798185428655495,4324.37214574932,23.9145021702234,0.815980746335692,0.00127339185116243,69.5383982915288,511.406329113845,0.126357663671327,66.6055636887046,516.886831097556,TRUE,-0.43532623303331,0.0682758797758986,5.48514217602494,"2023-07-19 11:22:11","2023-07-19 11:22:55","2-Jul-SWH-TR","COMPASS","Synoptic","CB"
"430",2,"Jul","SWH","SWAMP","1b","2-Jul-SWH-SWAMP-1b","2023-07-19 15:24:32.5",NA,NA,NA,NA,NA,719.659810472427,125.905009753347,1.59526775095284,61491.6424050319,56.0655861925305,8.14542201901714e-56,0.991721073345775,182.708655705377,664.76544969513,0.997218258923518,108.005811957338,721.227281085769,TRUE,127.562836415494,1.42231655113871,176.117486997481,"2023-07-19 15:24:06","2023-07-19 15:24:59","2-Jul-SWH-UP","2023-07-19 15:24:32.5",511.163810673916,4.81135170519299,8.23903684494302e-28,0.901299205445879,26.5060848127997,327.889133132196,5.30323168740788,0.0424060312420942,4043.0221792032,1.49035733861398,3.72628236509193e-66,0.996686127362644,4.85683294068691,325.049796301122,0.997080351883974,4.64908176818582,327.921225174471,TRUE,5.29759855912902,0.0384531547157858,3.7615881449359,"2023-07-19 15:24:06","2023-07-19 15:24:59","2-Jul-SWH-UP","COMPASS","Synoptic","CB"
"431",2,"Jul","SWH","SWAMP","2a","2-Jul-SWH-SWAMP-2a","2023-07-19 14:49:01.5",443.07308915169,3.25156050969899,5.50557627309245e-32,0.93176496746621,14.1102950801941,271.689105394725,3.39615591533448,0.0252019146851084,18911.4241155406,0.885719728961363,7.75239250143242e-68,0.997144689397958,2.88641699838005,245.737421866471,0.998360289300682,2.23065640356682,278.089263723697,TRUE,3.34112816393565,0.0141379794515027,1.44334123094465,"2023-07-19 14:48:35","2023-07-19 14:49:28","2-Jul-SWH-UP","2023-07-19 14:49:01.5",532.6333919918,8.35770942782714,1.70036152117602e-32,0.93477593793401,32.335533755773,364.755164186649,7.96010706513976,0.0596588640071054,3527.77787048507,2.09670707637699,1.29696834019824e-67,0.99708761486212,6.83282843092489,329.684978285751,0.9985873739495,4.85295638229948,366.353026649688,TRUE,7.90136291519485,0.0526508308961685,5.63005017745092,"2023-07-19 14:48:35","2023-07-19 14:49:28","2-Jul-SWH-UP","COMPASS","Synoptic","CB"
"432",2,"Jul","SWH","SWAMP","3","2-Jul-SWH-SWAMP-3","2023-07-19 14:55:44.5",481.45999843397,5.03271079062737,1.98745806011897e-32,0.934383886356168,20.1325724571251,353.359750718966,4.93329500431204,0.053684786186005,18482.1369483645,1.8867484817776,3.15527258687593e-59,0.993879801742204,6.14860741089825,322.989899964887,0.996761482143655,4.56124957990609,357.450113092438,TRUE,4.84443704703243,0.0399551397001291,4.49652808680496,"2023-07-19 14:55:18","2023-07-19 14:56:11","2-Jul-SWH-UP","2023-07-19 14:55:44.5",589.530446189384,13.2550090104813,4.48449665306141e-32,0.932300492515671,54.7617149624888,432.850374946636,13.226691697563,0.112073392686778,3897.72863359061,3.93881243685698,7.50422349402747e-65,0.996280474508402,12.8359511473303,403.572031910112,0.997991615851915,9.61887648169519,435.07842319896,TRUE,13.0840673718723,0.0992639996885437,10.4751331511142,"2023-07-19 14:55:18","2023-07-19 14:56:11","2-Jul-SWH-UP","COMPASS","Synoptic","CB"
"433",2,"Jul","SWH","SWAMP","4","2-Jul-SWH-SWAMP-4","2023-07-19 15:00:33.5",189.774494266455,0.313401679965052,5.00416882005385e-23,0.849399958043294,1.35194908574509,165.426137108806,0.208555833987496,0.00942158749411466,18162.0118865195,0.33112110829436,3.93548173577194e-28,0.904059127424692,1.07907000855004,166.707099040465,0.908770388286411,1.0730806727787,165.444247137843,TRUE,0.209509425949759,0.00993247165785344,1.06151806185462,"2023-07-19 15:00:07","2023-07-19 15:01:00","2-Jul-SWH-UP","2023-07-19 15:00:33.5",558.38140120336,9.8899654174346,9.6638061103518e-32,0.930274367787416,41.0411094763639,382.870540043965,9.77262538590446,0.0705539524016943,3542.18160594121,2.47961428245398,1.86408475343831e-68,0.997296987563938,8.08066093626929,346.892805570398,0.998710778623618,5.69119257018235,383.483103546227,TRUE,9.73000258630849,0.0708904177245639,6.55357633110405,"2023-07-19 15:00:07","2023-07-19 15:01:00","2-Jul-SWH-UP","COMPASS","Synoptic","CB"
"434",2,"Jul","SWH","SWAMP","5","2-Jul-SWH-SWAMP-5","2023-07-19 15:33:00.5",659.544735844641,31.9199278154879,1.94610216437517e-29,0.922574639611235,132.258166840382,426.9912886379,31.0412846111653,0.130607018365713,39720.8051431786,4.43967817484489,5.20539562700826e-78,0.999115618984789,14.135155375689,419.39385387333,0.999292413141037,12.9043205906464,428.944334485897,TRUE,30.8801240911354,0.0931633795409622,7.86898156551606,"2023-07-19 15:32:35","2023-07-19 15:33:26","2-Jul-SWH-UP","2023-07-19 15:33:00.5",NA,NA,NA,NA,NA,312.507683186648,10.2558211488831,0.0434403640549442,3763.03806847677,1.47665292888029,7.26334574790073e-78,0.999103755237085,4.7014035170282,312.164917388752,0.999175564572572,4.60210919289274,312.724503924827,TRUE,10.2719091561417,0.043234674611447,4.60798699177386,"2023-07-19 15:32:35","2023-07-19 15:33:26","2-Jul-SWH-UP","COMPASS","Synoptic","CB"
"435",2,"Jul","SWH","UP","1","2-Jul-SWH-UP-1","2023-07-19 15:50:44.5",370.979518562473,1.51475547001404,8.81536721530871e-30,0.917078708842539,7.23819320169754,185.955326488294,1.58047345685865,0.0113940203265724,18619.9385435687,0.400442137890229,1.73099106344557e-68,0.997304677316666,1.30497600525326,180.381626257039,0.997742569575221,1.21792627499082,186.097343519234,TRUE,1.58224336089427,0.0115276517189916,1.41813370609571,"2023-07-19 15:50:18","2023-07-19 15:51:11","2-Jul-SWH-UPCON","2023-07-19 15:50:44.5",623.251252333936,19.6025652079663,2.18469727473977e-31,0.928055427138559,74.830159399807,432.160610207479,17.5468622367585,0.111359893250079,4040.00647287197,3.91373654339476,2.32421333747246e-71,0.997909965848554,12.7542328759943,418.00071340785,0.998506852928505,10.9937438574163,434.198690105333,TRUE,17.4045281349991,0.0824920972950384,7.99350941641513,"2023-07-19 15:50:18","2023-07-19 15:51:11","2-Jul-SWH-UPCON","COMPASS","Synoptic","CB"
"436",2,"Jul","SWH","UP","2","2-Jul-SWH-UP-2","2023-07-19 15:54:28.5",217.627723745724,-0.253599407394469,2.11524453906084e-18,0.773534074882949,1.74970568080722,179.482424369302,-0.218177050125112,0.0107311894811254,18483.546171308,0.377146988925875,2.09067360655866e-26,0.888257171188541,1.2290608915306,179.242016690088,0.896696217553119,1.20514235567769,179.6956256215,TRUE,-0.220681713011778,0.0110682917992142,1.09463099800658,"2023-07-19 15:54:02","2023-07-19 15:54:55","2-Jul-SWH-UPCON","2023-07-19 15:54:28.5",NA,NA,NA,NA,NA,349.723135187624,10.6617956562109,0.0519071883324266,3754.25030293305,1.82427491543369,2.4487144445853e-77,0.998768986848031,5.94501618678049,347.038614210997,0.998912316608502,5.69888132452799,350.504334130666,TRUE,10.7063994723755,0.0481415335463632,5.08234696502837,"2023-07-19 15:54:02","2023-07-19 15:54:55","2-Jul-SWH-UPCON","COMPASS","Synoptic","CB"
"437",2,"Jul","SWH","UP","3","2-Jul-SWH-UP-3","2023-07-19 15:39:05.5",273.322667630239,-0.711560312425372,1.333037448721e-29,0.915751493238275,2.9304075714878,176.53296899882,-0.631181670903018,0.0104420887491425,18536.8454284303,0.366986561626049,7.41714175683676e-50,0.985967598917031,1.19594970623115,178.168150461863,0.986568857430862,1.19321875484286,176.539369936607,TRUE,-0.630399347428839,0.0107493195579099,1.33226595406769,"2023-07-19 15:38:39","2023-07-19 15:39:32","2-Jul-SWH-UPCON","2023-07-19 15:39:05.5",606.505083301952,14.8925670063571,2.1184085108309e-30,0.921496680046402,64.0820237310614,389.018960808678,14.3901188926153,0.0746871100726849,4037.67479700086,2.62487385252416,6.78969841708657e-76,0.998601192442016,8.55403832475721,383.993133345863,0.998816501152258,8.0240346600303,389.034032287542,TRUE,14.3888450301743,0.0683029337238268,8.8335324011953,"2023-07-19 15:38:39","2023-07-19 15:39:32","2-Jul-SWH-UPCON","COMPASS","Synoptic","CB"
"438",2,"Jul","SWH","UP","4","2-Jul-SWH-UP-4","2023-07-19 15:46:57.5",NA,NA,NA,NA,NA,159.5428349106,0.226140850081707,0.00892207531200183,18505.51175661,0.313565783626298,6.19211200042167e-31,0.925118515486841,1.02186005163354,163.138600083629,0.925676972693933,1.03820367910362,159.625528404168,TRUE,0.228579775814234,0.00967671765782632,1.10895236459234,"2023-07-19 15:46:31","2023-07-19 15:47:24","2-Jul-SWH-UPCON","2023-07-19 15:46:57.5",NA,NA,NA,NA,NA,399.274255878975,9.33334649098221,0.0821267640934604,4238.20695428636,2.88634003178797,5.30477482847186e-64,0.995989920965572,9.4061142124802,329.875080445894,0.998969991596489,4.86150610371801,399.399544244175,TRUE,9.360055619408,0.0830129235846944,11.0721083135062,"2023-07-19 15:46:31","2023-07-19 15:47:24","2-Jul-SWH-UPCON","COMPASS","Synoptic","CB"
"439",2,"Jul","SWH","UP","5","2-Jul-SWH-UP-5","2023-07-19 15:43:07.5",365.028021011761,-1.59730124040682,2.81468688536611e-30,0.920635284775516,6.85011306976834,164.707709248847,-1.52945864474278,0.00935912205330758,18453.2506300193,0.328925764250369,3.50463270677906e-72,0.998056639922074,1.0719157382333,163.476678071933,0.998236064263959,1.04145871384447,165.139459212556,TRUE,-1.5319147146187,0.00922777121401446,1.01346386723209,"2023-07-19 15:42:41","2023-07-19 15:43:34","2-Jul-SWH-UPCON","2023-07-19 15:43:07.5",658.470078484077,27.3734624631382,5.91207014416561e-32,0.931578014914719,103.681245595788,458.94377304635,24.9349781688212,0.142702135094643,5195.19285856823,5.01525768964371,1.08491440277697e-73,0.998299771574155,16.3439117062677,410.219814448828,0.999359564582095,10.2295542893688,462.989601781366,TRUE,24.7029970381678,0.104265814059519,11.5246074886149,"2023-07-19 15:42:41","2023-07-19 15:43:34","2-Jul-SWH-UPCON","COMPASS","Synoptic","CB"
"440",2,"Jun","GCW","TR","1","2-Jun-GCW-TR-1","2023-06-27 09:08:58.5",NA,NA,NA,NA,NA,454.023841058806,8.62089087508433,0.136347198225745,18606.719084489,4.79191382742468,7.37229197685833e-51,0.987159591104095,15.6160702691701,420.330036482927,0.993611089678325,11.2334302586575,455.79601089221,TRUE,8.77575217168126,0.111410648792586,13.8828700185924,"2023-06-27 09:08:32","2023-06-27 09:09:25","2-Jun-GCW-TR","2023-06-27 09:08:58.5",NA,NA,NA,NA,NA,334.098587453588,1.75353392669606,0.0449156167382437,4458.58767993029,1.5785565652691,3.36716028626413e-40,0.967008649675667,5.14425992095735,335.753968618828,0.968410444354417,5.1334730480707,334.118779991783,TRUE,1.75735825756018,0.0473391379562662,4.83384892037514,"2023-06-27 09:08:32","2023-06-27 09:09:25","2-Jun-GCW-TR","COMPASS","Synoptic","CB"
"441",2,"Jun","GCW","TR","2","2-Jun-GCW-TR-2","2023-06-27 09:04:07",390.420220346776,13.6272065995169,1.18370838600139e-35,0.973823601166072,17.7277008407456,389.826798581618,8.14005625077341,0.202147313039381,21506.9476583341,6.05655300489281,8.91330889060708e-36,0.974166527194644,17.6111964250878,344.719114512704,0.991325487065345,10.4511074690148,399.802882355944,TRUE,7.5791654977243,0.064647121689371,5.97838478806297,"2023-06-27 09:03:45","2023-06-27 09:04:29","2-Jun-GCW-TR","2023-06-27 09:04:07",410.296716011598,6.71283964939037,2.72627149621062e-25,0.920688122918089,22.1088589859937,321.659430267241,5.87617487885636,0.0947821879315984,4785.05276906535,2.83977727181368,1.06870126026479e-43,0.988936289473332,8.25748165615131,324.808490851231,0.989143535970402,8.37690738210381,321.69558980619,TRUE,5.89104723392142,0.106548446956115,9.55386529081897,"2023-06-27 09:03:45","2023-06-27 09:04:29","2-Jun-GCW-TR","COMPASS","Synoptic","CB"
"442",2,"Jun","GCW","TR","3","2-Jun-GCW-TR-3","2023-06-27 09:00:24",400.991509579402,7.79852997064825,6.24633986727766e-34,0.963262641106165,16.5244542374827,338.311229253835,6.18883805555431,0.0912171990353128,20030.8119131198,2.83801319994336,5.73069167646076e-47,0.990318941880722,8.48270908105921,244.024817195037,0.99880401400142,3.05005896934652,346.703187928103,TRUE,5.95709453592087,0.0597949729208828,3.94253538838376,"2023-06-27 09:00:01","2023-06-27 09:00:47","2-Jun-GCW-TR","2023-06-27 09:00:24",371.595657762012,4.58515079575201,5.12670813242545e-26,0.917509827895459,12.0868674787906,329.140329021109,2.98454632470051,0.0827381413285995,4819.60227598287,2.57420683503384,7.45208049923231e-35,0.96657265447131,7.69420230198438,329.905299042763,0.968796075619245,7.60482619921245,329.14737208624,TRUE,2.98121009612938,0.0846501201544657,8.19871607534776,"2023-06-27 09:00:01","2023-06-27 09:00:47","2-Jun-GCW-TR","COMPASS","Synoptic","CB"
"443",2,"Jun","GCW","TR","4","2-Jun-GCW-TR-4","2023-06-27 09:13:28",405.931358178386,40.1005375555863,1.24273868874492e-51,0.99399274839466,17.4160629698266,536.978044202375,15.3975840604981,0.755001865408279,31854.5483142782,23.4901453089022,2.29063229674367e-24,0.902369035476947,70.2111142158191,442.089856223827,0.988092235063228,25.0841408532919,543.301313038826,TRUE,13.8221006453051,0.517180043202261,43.0921431061641,"2023-06-27 09:13:05","2023-06-27 09:13:51","2-Jun-GCW-TR","2023-06-27 09:13:28",NA,NA,NA,NA,NA,281.64527168471,4.78692423981786,0.0499196208745541,4649.49481252335,1.55313410712499,1.10452864275156e-53,0.995130080121761,4.64225634851693,284.586305531706,0.99523857834767,4.6957888593889,281.645391656201,TRUE,4.78707582785829,0.0479232547251407,3.70613685652371,"2023-06-27 09:13:05","2023-06-27 09:13:51","2-Jun-GCW-TR","COMPASS","Synoptic","CB"
"444",2,"Jun","GCW","TR","5","2-Jun-GCW-TR-5","2023-06-27 09:17:09.5",NA,NA,NA,NA,NA,171.61317424176,0.0273387267761404,0.00997708515516004,17899.2082876522,0.350644039148122,0.00839547218373429,0.126174243466174,1.14269207502538,172.913861775644,0.168780645390299,1.13655717438979,171.695872251509,TRUE,0.0253633963416943,0.0102374773999752,1.12367102113524,"2023-06-27 09:16:43","2023-06-27 09:17:36","2-Jun-GCW-TR","2023-06-27 09:17:09.5",NA,NA,NA,NA,NA,317.222777293258,4.54688252471646,0.0384180747065135,4326.24135941997,1.35020085344456,6.4804977780466e-65,0.996301396225156,4.40008567854724,321.17915633242,0.996304382734498,4.48541253317952,317.551098288227,TRUE,4.56008159955174,0.0335755515726112,3.9018259831673,"2023-06-27 09:16:43","2023-06-27 09:17:36","2-Jun-GCW-TR","COMPASS","Synoptic","CB"
"445",2,"Jun","GCW","UP","1","2-Jun-GCW-UP-1","2023-06-27 09:22:22.5",347.661468051412,-1.61366719641597,4.87130832305279e-32,0.932085008367657,5.8326050877848,224.918720329628,-1.4042082723478,0.0163439998808592,17839.991607128,0.574408862401752,1.01937405584345e-57,0.99300466881214,1.87190535588588,212.079275400654,0.994878735503108,1.63337167264559,225.273389920206,TRUE,-1.39896986991242,0.0153531308722346,1.87277837694227,"2023-06-27 09:21:56","2023-06-27 09:22:49","2-Jun-GCW-UP","2023-06-27 09:22:22.5",584.8481693632,12.9948076102043,1.72253125789742e-31,0.928709193639082,52.438282291575,405.443398708713,12.3494817871675,0.0869545571021209,4857.88562215776,3.05601251772964,5.09179388114384e-69,0.997428583772568,9.95904933582193,387.165218148866,0.998297840210478,8.26320499154059,405.506643783701,TRUE,12.3280193458726,0.0910376152737914,11.161637936245,"2023-06-27 09:21:56","2023-06-27 09:22:49","2-Jun-GCW-UP","COMPASS","Synoptic","CB"
"446",2,"Jun","GCW","UP","2","2-Jun-GCW-UP-2","2023-06-27 09:32:57.5",235.907123944225,-0.765981602904446,2.7086217032615e-35,0.94907602906438,2.07238744332185,197.09382787279,-0.570990386158026,0.0126318696403722,17936.7876541094,0.443946275270774,2.04662128104677e-43,0.97518200456545,1.44674893581937,170.502025807808,0.98591579214613,1.11145709863089,197.254461379043,TRUE,-0.570596022844844,0.0130493457634508,1.4047234421809,"2023-06-27 09:32:31","2023-06-27 09:33:24","2-Jun-GCW-UP","2023-06-27 09:32:57.5",580.844840069236,14.8817808473877,1.39316588098064e-33,0.940752634761773,50.5300919410061,435.246254270187,13.0443399094947,0.11458741899287,4474.69124671366,4.02716773550217,4.86101562841644e-64,0.996003371210714,13.1238867409131,372.945022800239,0.998829242915507,7.24378637981665,435.875418951697,TRUE,12.9745361826376,0.125129584023023,11.98616749334,"2023-06-27 09:32:31","2023-06-27 09:33:24","2-Jun-GCW-UP","COMPASS","Synoptic","CB"
"447",2,"Jun","GCW","UP","3","2-Jun-GCW-UP-3","2023-06-27 09:39:25.5",277.544480117318,-1.21137183207386,1.52247811597477e-35,0.950190897870363,3.04722814538409,222.117042704056,-0.851954902826725,0.0159254648459326,18037.9050628503,0.559699474550555,3.85035488585631e-47,0.982154279798682,1.82396984565484,185.031933413039,0.991661124646275,1.27151364530781,222.188231325035,TRUE,-0.847818730704373,0.0162159195295195,2.09494837347876,"2023-06-27 09:38:59","2023-06-27 09:39:52","2-Jun-GCW-UP","2023-06-27 09:39:25.5",589.533522525524,15.3064280660206,2.1176405076807e-31,0.928141516017909,54.7632748499165,457.018836257108,12.8227504685949,0.140181217697116,4335.26124420245,4.92666020401732,4.00059717997688e-59,0.993823677602674,16.055186864578,443.212195550718,0.995558596601139,13.8844015621993,457.548945504912,TRUE,12.7293189753935,0.12326852624173,13.8231209701846,"2023-06-27 09:38:59","2023-06-27 09:39:52","2-Jun-GCW-UP","COMPASS","Synoptic","CB"
"448",2,"Jun","GCW","UP","4","2-Jun-GCW-UP-4","2023-06-27 09:43:23.5",319.681115493913,-1.45907614194809,2.48666593287589e-35,0.94924304475238,4.50139074682444,237.074150810957,-1.25105002292022,0.0182910365247214,17945.1586929055,0.642837344524123,1.29878564174352e-52,0.989006655409021,2.09490268507823,193.97247224276,0.995404687575882,1.38125264943626,238.931860776558,TRUE,-1.22925637533736,0.0148455030902971,1.21867576657964,"2023-06-27 09:42:57","2023-06-27 09:43:50","2-Jun-GCW-UP","2023-06-27 09:43:23.5",524.389306924839,11.099274489102,4.44430958278034e-37,0.9565156226125,29.9590851009583,453.782086137046,8.99226016070011,0.136042330255149,4466.27028350414,4.78119926150143,7.52806666409694e-52,0.988238157476443,15.5811532359373,389.024843982121,0.99670772654713,8.40671913809529,457.999320444416,TRUE,8.75584666823678,0.101851873756374,13.4335663976604,"2023-06-27 09:42:57","2023-06-27 09:43:50","2-Jun-GCW-UP","COMPASS","Synoptic","CB"
"449",2,"Jun","GCW","UP","5","2-Jun-GCW-UP-5","2023-06-27 09:27:14.5",376.820838007994,-3.50524701036377,2.32733101054948e-32,0.947435827166705,10.0712098563406,269.367237138114,-2.97334251829102,0.0337007122173566,17872.7456333249,1.10674903987657,9.05674623995725e-55,0.993871422022714,3.43887655582505,200.466977170467,0.998573879891393,1.69455817471635,269.436908711133,TRUE,-2.97257054286653,0.0361542226827879,3.485412209592,"2023-06-27 09:26:50","2023-06-27 09:27:39","2-Jun-GCW-UP","2023-06-27 09:27:14.5",546.244734875542,18.4436077140438,3.79821378424629e-32,0.946353263143924,54.8125845581293,427.733571112619,16.0272961569634,0.164215946877997,4714.86234065499,5.39293770313977,7.3138741026228e-57,0.994986183662368,16.7568675157112,354.22245562609,0.998936064190774,7.88511517790945,428.366372507436,TRUE,16.0288058580512,0.148963499995824,12.4706483461617,"2023-06-27 09:26:50","2023-06-27 09:27:39","2-Jun-GCW-UP","COMPASS","Synoptic","CB"
"450",2,"Jun","GWI","TR","1","2-Jun-GWI-TR-1","2023-06-22 10:17:52.5",225.225115944859,0.387292586674501,4.46006222631748e-08,0.440676598032766,1.87722348490115,213.930814306779,0.116802286153981,0.0147629546642528,17613.4009213315,0.518843126296958,1.75490948395913e-10,0.546237420576232,1.69082563057768,214.895515532975,0.571039486361572,1.67652414146978,214.108016728946,TRUE,0.111833027823782,0.015964760849936,1.73024473390473,"2023-06-22 10:17:26","2023-06-22 10:18:19","2-Jun-GWI-TR","2023-06-22 10:17:52.5",NA,NA,NA,NA,NA,385.496795865907,1.50952335798625,0.0722906561038997,4014.13686020398,2.54065062638353,6.05149802118085e-27,0.893448947756444,8.27956848554995,386.473949886329,0.899249657046176,8.21048416006037,385.553036883271,TRUE,1.52315397832795,0.0735257607517789,8.5310840140728,"2023-06-22 10:17:26","2023-06-22 10:18:19","2-Jun-GWI-TR","COMPASS","Synoptic","CB"
"451",2,"Jun","GWI","TR","2","2-Jun-GWI-TR-2","2023-06-22 10:21:48.5",NA,NA,NA,NA,NA,190.279836488428,0.626091670951534,0.0118595143514724,17610.9667939229,0.416801896532345,7.5748148350149e-47,0.981683901511885,1.35828980632369,191.372731292248,0.982643881586613,1.34840057250448,190.371167467514,TRUE,0.622951479736804,0.0122009438886833,1.47580710183908,"2023-06-22 10:21:22","2023-06-22 10:22:15","2-Jun-GWI-TR","2023-06-22 10:21:48.5",NA,NA,NA,NA,NA,377.427786772518,2.90896942113021,0.0670864332035266,4157.25959024978,2.35774853523818,1.68330314734094e-42,0.973087965086854,7.68352022371404,379.329850582069,0.974113465995209,7.68494197151946,377.439506415183,TRUE,2.91242815610727,0.0691146777651745,9.34891006968002,"2023-06-22 10:21:22","2023-06-22 10:22:15","2-Jun-GWI-TR","COMPASS","Synoptic","CB"
"452",2,"Jun","GWI","TR","3","2-Jun-GWI-TR-3","2023-06-22 10:26:36.5",201.699324794855,0.427318718894917,1.19150341035909e-25,0.880540858884995,1.50977769166334,192.977009053812,0.260677971223571,0.0121594210494373,17573.929441827,0.427342098836581,1.77029926469004e-27,0.898358691526709,1.39263861679107,190.206706025897,0.910335578644393,1.33392083107794,193.049355452417,TRUE,0.259247127073407,0.0118838561210544,1.38749913178883,"2023-06-22 10:26:10","2023-06-22 10:27:03","2-Jun-GWI-TR","2023-06-22 10:26:36.5",445.741832686189,3.53671674961667,8.18131392921168e-28,0.901325837824273,14.4633124429124,382.391817333405,2.85436565463743,0.0702419058067082,3959.98650950913,2.46864742422166,4.47538815581725e-41,0.969471071841796,8.04492172330438,383.253146949344,0.971194936931565,7.96924409330097,382.544369114926,TRUE,2.85361936794526,0.0641717461510126,7.57496357998722,"2023-06-22 10:26:10","2023-06-22 10:27:03","2-Jun-GWI-TR","COMPASS","Synoptic","CB"
"453",2,"Jun","GWI","TR","4","2-Jun-GWI-TR-4","2023-06-22 10:31:17.5",192.519410393845,0.273104217955087,3.40373705164116e-19,0.788824650923226,1.3867504556228,174.923156294489,0.174918473394815,0.0102875966516021,17597.9458181204,0.361556946437286,6.88011814118817e-23,0.847550671418214,1.17825547061342,175.608703086444,0.856626443681963,1.16527359487313,174.991045249684,TRUE,0.174733826851667,0.0108326101757832,1.27752771303853,"2023-06-22 10:30:51","2023-06-22 10:31:44","2-Jun-GWI-TR","2023-06-22 10:31:17.5",NA,NA,NA,NA,NA,379.811425559821,1.91715218466438,0.0685835400733752,4086.17935999758,2.41036426335078,5.36047951697109e-33,0.937604988108356,7.85498635124903,376.488909005012,0.945517302395097,7.48542511225962,379.993639598591,TRUE,1.93918976982545,0.0682505450455549,7.75849852258738,"2023-06-22 10:30:51","2023-06-22 10:31:44","2-Jun-GWI-TR","COMPASS","Synoptic","CB"
"454",2,"Jun","GWI","TR","5","2-Jun-GWI-TR-5","2023-06-22 10:35:22.5",243.878324553816,0.362797130029956,1.98953006176546e-11,0.582205299223155,2.23113117447121,248.173404484034,0.160826764091063,0.0202708116136633,17589.5834362201,0.712416417268872,1.61939809044044e-10,0.547617218744568,2.32164960256811,239.126778849533,0.6447135007212,2.09821343199537,249.515920830667,TRUE,0.178191150982645,0.0160419067593652,1.71090192966607,"2023-06-22 10:34:56","2023-06-22 10:35:49","2-Jun-GWI-TR","2023-06-22 10:35:22.5",372.84897416552,1.10055565938624,9.90264571727153e-23,0.845407585697895,7.36457535859762,359.862050521347,1.10532310317792,0.0570162394437069,4008.54072150883,2.00383219995251,1.87132953366779e-25,0.878453916086563,6.53016426610105,360.209670221932,0.886403032643529,6.4380398266942,360.417039809892,TRUE,1.06919095015231,0.0536701324606474,6.73268917808136,"2023-06-22 10:34:56","2023-06-22 10:35:49","2-Jun-GWI-TR","COMPASS","Synoptic","CB"
"455",2,"Jun","GWI","UP","1","2-Jun-GWI-UP-1","2023-06-22 10:44:51.075472",NA,NA,NA,NA,NA,180.353601289001,0.00736935318191996,0.011382780761586,17592.8429069224,0.394877971908118,0.520268805022846,0.00815149313701596,1.277800067982,181.388413819968,0.0621186510123328,1.26765546400145,180.369173198383,TRUE,0.00603450108612078,0.0111640210806991,0.939034063836542,"2023-06-22 10:44:25","2023-06-22 10:45:18","2-Jun-GWI-UP","2023-06-22 10:44:51.075472",482.687826558372,4.22404562363773,3.42112441283478e-27,0.900304377904512,22.1391951694053,368.753953849629,4.43462684658773,0.0673204174717047,3969.69255084775,2.3354003275673,5.10366695522509e-51,0.988383505198298,7.55720731371929,372.321940791735,0.988477808587356,7.67853513563424,369.17330371439,TRUE,4.44569689203793,0.0707735024035546,6.38389187741033,"2023-06-22 10:44:25","2023-06-22 10:45:18","2-Jun-GWI-UP","COMPASS","Synoptic","CB"
"456",2,"Jun","GWI","UP","2","2-Jun-GWI-UP-2","2023-06-22 10:48:32.538461",NA,NA,NA,NA,NA,177.083199959232,0.00336324111764356,0.011347292325,17580.1978400977,0.399387244003858,0.76815877238642,0.00175387706620467,1.2785192754015,181.043347534384,0.00251863260403885,1.30438334049882,177.208941739421,TRUE,0.00705782474554431,0.0109154739232704,1.35816343556427,"2023-06-22 10:48:06","2023-06-22 10:48:59","2-Jun-GWI-UP","2023-06-22 10:48:32.538461",502.324759523016,6.55913854819005,5.54223152188723e-30,0.926362655695955,29.1666309558556,376.603973094647,6.72322031340665,0.077280999727184,3930.73889075518,2.72003616465418,3.01429972549101e-56,0.993437019389158,8.7073854223195,369.426987246833,0.994706377333162,7.98138171853384,376.775857006916,TRUE,6.6959081871375,0.071174306511478,8.67020416499165,"2023-06-22 10:48:06","2023-06-22 10:48:59","2-Jun-GWI-UP","COMPASS","Synoptic","CB"
"457",2,"Jun","GWI","UP","3","2-Jun-GWI-UP-3","2023-06-22 10:52:07.5",173.025639993776,0.00553930729343527,0.0127058774791946,0.113573861229616,1.15773479658946,173.762232590909,-0.0246537013674678,0.0101776044834112,17572.004555402,0.35769127850629,0.0189410011973862,0.101399630443842,1.16565788555206,174.581679514811,0.152797896766109,1.15424497314876,173.920833700671,TRUE,-0.0229564306400508,0.0104244507958384,1.1555875698834,"2023-06-22 10:51:41","2023-06-22 10:52:34","2-Jun-GWI-UP","2023-06-22 10:52:07.5",NA,NA,NA,NA,NA,335.54111429562,7.6066992529799,0.045519566925632,3868.22109277259,1.59978235715688,1.10006208730976e-72,0.998141343479444,5.2134313354643,337.96439716993,0.998194828753534,5.23962205365429,335.564450590682,TRUE,7.61311284871829,0.0497585203282891,5.72791634151487,"2023-06-22 10:51:41","2023-06-22 10:52:34","2-Jun-GWI-UP","COMPASS","Synoptic","CB"
"458",2,"Jun","GWI","UP","4","2-Jun-GWI-UP-4","2023-06-22 10:56:06.5",NA,NA,NA,NA,NA,163.455463148263,0.0361707229351193,0.00925123093814671,17550.9158691657,0.325133937697838,0.000268831900714873,0.227188185281791,1.05955879025273,166.719723555865,0.237646191371039,1.07320611643885,163.553697787745,TRUE,0.0333994757466367,0.010817609289671,0.999046882657678,"2023-06-22 10:55:40","2023-06-22 10:56:33","2-Jun-GWI-UP","2023-06-22 10:56:06.5",NA,NA,NA,NA,NA,384.013032538586,4.96396190363382,0.071304278571982,3917.35605353442,2.5059844491847,5.23109440266166e-53,0.989384444568709,8.16659703435185,341.768684651061,0.995491594216612,5.42747628122925,384.142805425187,TRUE,4.98444047032234,0.0692379737516617,9.79997792227385,"2023-06-22 10:55:40","2023-06-22 10:56:33","2-Jun-GWI-UP","COMPASS","Synoptic","CB"
"459",2,"Jun","GWI","UP","5","2-Jun-GWI-UP-5","2023-06-22 11:00:04.5",178.398366699164,0.11806313952716,0.0148730692482103,0.108774211747793,1.21678581458474,176.912911386101,0.0295904022812863,0.0104788885540631,17561.3818064931,0.36827988848821,0.00671191820901427,0.132956304873983,1.20016444879286,180.602060535541,0.137933101304793,1.22041467193888,176.951221689199,TRUE,0.0279201936474343,0.0104089006075507,1.20772959632387,"2023-06-22 10:59:38","2023-06-22 11:00:31","2-Jun-GWI-UP","2023-06-22 11:00:04.5",NA,NA,NA,NA,NA,358.970420356338,5.91726960777143,0.0565474605297178,3938.75566443307,1.98735699408704,3.80718286020753e-62,0.995273612436904,6.47647424124672,355.290452084883,0.995900194443566,6.15137603896504,358.977444754015,TRUE,5.92184645572457,0.0528703816545308,6.1235941865194,"2023-06-22 10:59:38","2023-06-22 11:00:31","2-Jun-GWI-UP","COMPASS","Synoptic","CB"
"460",2,"Jun","MSM","TR","1","2-Jun-MSM-TR-1","2023-06-29 11:51:43.5",332.696244318709,1.32290654071614,1.254507339998e-32,0.935533394900591,5.07789525553664,233.806972045477,1.25267411056881,0.0177459882665476,17789.3995328764,0.623681657286366,2.56158776857918e-53,0.989671939416735,2.03247740600767,212.708742016496,0.993511168411772,1.64291940421308,233.826474989051,TRUE,1.25445228208138,0.0182282809708902,2.36072564136922,"2023-06-29 11:51:17","2023-06-29 11:52:10","2-Jun-MSM-TR","2023-06-29 11:51:43.5",420.629808133124,2.8872439641893,3.41403261308767e-31,0.926811294864698,11.4626797715304,313.755509626707,2.65419561932776,0.0372042764902685,3675.09439811346,1.30754199039629,1.48456046883042e-53,0.989886335486651,4.26106735998896,308.52877248437,0.991474838826693,3.98962518600467,313.764135676294,TRUE,2.65553878638897,0.0382382711019149,4.31466195713744,"2023-06-29 11:51:17","2023-06-29 11:52:10","2-Jun-MSM-TR","COMPASS","Synoptic","CB"
"461",2,"Jun","MSM","TR","2","2-Jun-MSM-TR-2","2023-06-29 12:12:10.5",162.53309033343,-0.303404015285417,9.29170751954916e-21,0.816022354862469,1.05054817234306,158.783632299273,-0.14035245455292,0.00885957614243857,17731.981910416,0.311369254187263,1.51687826806333e-21,0.828363331800833,1.01470191830653,158.386634384542,0.841785143416371,0.993513434922147,158.785135015692,TRUE,-0.140625973897113,0.0097178511958883,0.958442670295812,"2023-06-29 12:11:44","2023-06-29 12:12:37","2-Jun-MSM-TR","2023-06-29 12:12:10.5",NA,NA,NA,NA,NA,337.867260692741,3.05223765153032,0.046510619757633,3621.6676602981,1.63461284748725,1.09012982882623e-51,0.988069506663648,5.32693825651863,320.666593040239,0.991943391943229,4.46417539594634,337.886774859174,TRUE,3.05395331761599,0.0521364337244904,5.27419417286473,"2023-06-29 12:11:44","2023-06-29 12:12:37","2-Jun-MSM-TR","COMPASS","Synoptic","CB"
"462",2,"Jun","MSM","TR","3","2-Jun-MSM-TR-3","2023-06-29 12:07:40.5",167.289970450916,0.331829727958202,2.19935749770323e-18,0.773195983811071,1.09785390986452,178.405008324504,0.123273967131111,0.0106246665592561,17668.3286545538,0.37340324744174,4.79563288145866e-16,0.721360086824553,1.2168606449921,170.495506753512,0.776508364327748,1.11139001131145,178.549736207292,TRUE,0.119666128314673,0.010435908320688,1.25816510060097,"2023-06-29 12:07:14","2023-06-29 12:08:07","2-Jun-MSM-TR","2023-06-29 12:07:40.5",426.628715158638,2.97432609150936,1.54974554389187e-31,0.928998033327323,12.1173941855118,335.561466529252,2.84430505798519,0.0455281457419024,3620.12257828672,1.60008385912277,1.36474971687274e-50,0.986851902832015,5.2144138814898,324.626017592351,0.990028862613311,4.6308750872238,336.118073823472,TRUE,2.8668666094757,0.0377341395287816,4.21455845633776,"2023-06-29 12:07:14","2023-06-29 12:08:07","2-Jun-MSM-TR","COMPASS","Synoptic","CB"
"463",2,"Jun","MSM","TR","4","2-Jun-MSM-TR-4","2023-06-29 12:01:23.5",NA,NA,NA,NA,NA,185.828004104386,0.213770838569175,0.011380595705878,17744.3761198502,0.399970330428319,7.89752713551264e-25,0.871551389085097,1.30343846122721,168.663075803528,0.9132018079436,1.09269218012611,185.891337188971,TRUE,0.214759609253449,0.0117917903413117,1.37943995020424,"2023-06-29 12:00:57","2023-06-29 12:01:50","2-Jun-MSM-TR","2023-06-29 12:01:23.5",NA,NA,NA,NA,NA,303.753408792084,1.48528186775386,0.0339134492695191,3651.73506458709,1.19188607177106,1.01570521684483e-42,0.973605553796152,3.88416347203494,307.03723726704,0.973953297379869,3.9349051479826,303.841448365929,TRUE,1.48255903337372,0.0377656539091334,4.16687768872293,"2023-06-29 12:00:57","2023-06-29 12:01:50","2-Jun-MSM-TR","COMPASS","Synoptic","CB"
"464",2,"Jun","MSM","TR","5","2-Jun-MSM-TR-5","2023-06-29 11:55:56.5",NA,NA,NA,NA,NA,165.367212848399,0.218801327165265,0.00941644852507578,17869.8731647143,0.33094049954613,3.9662907185001e-29,0.912149592272085,1.07848143392096,167.000887118053,0.915916142121144,1.07600370508707,165.531817662949,TRUE,0.219534230722054,0.0102219619244865,1.00518739714137,"2023-06-29 11:55:30","2023-06-29 11:56:23","2-Jun-MSM-TR","2023-06-29 11:55:56.5",NA,NA,NA,NA,NA,313.102350282644,2.82736265585147,0.0369799525334022,3686.93522917199,1.29965813884145,4.18985440786825e-55,0.991182879033088,4.23537516595002,311.779388151953,0.992010549188333,4.11153147749372,313.136945726465,TRUE,2.82839473138715,0.0381661450319868,4.55817550731624,"2023-06-29 11:55:30","2023-06-29 11:56:23","2-Jun-MSM-TR","COMPASS","Synoptic","CB"
"465",2,"Jun","MSM","UP","1","2-Jun-MSM-UP-1","2023-06-29 11:14:51.5",187.457786448724,-0.227177804383627,1.17924963301877e-19,0.797221531980816,1.32325726250663,164.897122076781,-0.172221092695709,0.00937555069421469,18059.2619037113,0.329503147816391,2.17154261318123e-24,0.866470288431588,1.073797337666,168.285413297043,0.867974369884869,1.08887784510647,164.933129483986,TRUE,-0.171171471176636,0.0106166239187611,1.07251077782147,"2023-06-29 11:14:25","2023-06-29 11:15:18","2-Jun-MSM-UP","2023-06-29 11:14:51.5",505.578298364593,5.0292365125165,2.98315373880593e-29,0.913105129735913,25.1700958097085,349.569536292345,5.36304853513957,0.0518334177777592,3777.66394726516,1.82168225386406,6.83184581040567e-62,0.995166127768526,5.93656712306321,350.510520030933,0.995432347478787,5.88506139336265,349.604862036533,TRUE,5.35864400815551,0.0539312658796748,4.99719108878071,"2023-06-29 11:14:25","2023-06-29 11:15:18","2-Jun-MSM-UP","COMPASS","Synoptic","CB"
"466",2,"Jun","MSM","UP","2","2-Jun-MSM-UP-2","2023-06-29 11:10:47.5",NA,NA,NA,NA,NA,175.167605483253,-0.201336050963484,0.0103109081591996,17996.833600544,0.362376227926371,1.34432673053117e-25,0.879986500765947,1.18092537615942,175.98602251604,0.886853207203048,1.16935182930534,175.180569403821,TRUE,-0.200705184748326,0.0107400378842906,1.28828655167142,"2023-06-29 11:10:21","2023-06-29 11:11:14","2-Jun-MSM-UP","2023-06-29 11:10:47.5",511.777043331707,5.32459458243456,3.55101705971589e-29,0.912521832753983,26.6570165830547,344.704723434878,5.66337320089162,0.0495504086817458,3879.54290559762,1.74144604074283,3.9487260395678e-64,0.996035192139195,5.67509031288723,347.583187093103,0.996116688754067,5.72768959988301,344.821537485406,TRUE,5.67895447388346,0.0500708791479917,6.00079966721944,"2023-06-29 11:10:21","2023-06-29 11:11:14","2-Jun-MSM-UP","COMPASS","Synoptic","CB"
"467",2,"Jun","MSM","UP","3","2-Jun-MSM-UP-3","2023-06-29 11:06:52.5",NA,NA,NA,NA,NA,179.821083230033,-0.23513949010881,0.0107648924100066,18065.3039140864,0.378331476271649,7.3624554671815e-28,0.901724460363081,1.23292094375414,173.732158261784,0.91847226912343,1.14520136913952,180.41170263965,TRUE,-0.229583212876871,0.00972100804650298,1.06037550932672,"2023-06-29 11:06:26","2023-06-29 11:07:19","2-Jun-MSM-UP","2023-06-29 11:06:52.5",438.933781012199,3.84464902701651,9.35345530927485e-32,0.930361729259431,13.5797233665324,329.759410379166,3.22501172295936,0.0431467881536988,3760.71511627053,1.51639119434163,1.34572216431196e-54,0.99077823289792,4.94167305573526,321.044500158852,0.992712902063509,4.47982353212724,329.880259046565,TRUE,3.21128513782995,0.0440337349193249,4.65932606130985,"2023-06-29 11:06:26","2023-06-29 11:07:19","2-Jun-MSM-UP","COMPASS","Synoptic","CB"
"468",2,"Jun","MSM","UP","4","2-Jun-MSM-UP-4","2023-06-29 11:03:02.5",NA,NA,NA,NA,NA,169.955075934153,-0.0409522934017781,0.00982507918175261,18099.423304466,0.34530179863786,0.000116437540062549,0.250432955260305,1.12528257931918,171.197018277396,0.287755946554875,1.11863251594634,170.006592563949,TRUE,-0.0397484956386735,0.00977134944397191,1.12993417487244,"2023-06-29 11:02:36","2023-06-29 11:03:29","2-Jun-MSM-UP","2023-06-29 11:03:02.5",506.279507862543,5.47933283219641,9.33730477854363e-30,0.916895361364446,25.3340488723536,333.050067052635,5.52378939554113,0.044481662410777,3812.71207230034,1.56330526733765,5.36676199664458e-66,0.996639304614154,5.09455841363257,334.96024063073,0.996766880620573,5.09588374141013,333.057967585302,TRUE,5.52674653443332,0.0428130159590885,5.23961901903605,"2023-06-29 11:02:36","2023-06-29 11:03:29","2-Jun-MSM-UP","COMPASS","Synoptic","CB"
"469",2,"Jun","MSM","UP","5","2-Jun-MSM-UP-5","2023-06-29 10:59:22.5",NA,NA,NA,NA,NA,176.101895135356,-0.254227797138929,0.0104004930069485,18103.0270681229,0.365524681845788,3.53423551897313e-30,0.919938466131539,1.19118567703618,179.113458271332,0.921390612511729,1.20370866104269,176.130885621923,TRUE,-0.252689331241514,0.0115024867837104,1.12769607631957,"2023-06-29 10:58:56","2023-06-29 10:59:49","2-Jun-MSM-UP","2023-06-29 10:59:22.5",502.424152929462,5.09177895104701,1.1929319693383e-29,0.916109945322493,24.4456323829295,342.063131902987,5.30255595220081,0.0483531479706869,3791.80775599315,1.69936838728891,3.36491287175768e-63,0.995694649587897,5.53796606216769,344.832215224693,0.995791678907378,5.5836365549687,342.131908045278,TRUE,5.30173001699314,0.0524061740546665,5.73595948053355,"2023-06-29 10:58:56","2023-06-29 10:59:49","2-Jun-MSM-UP","COMPASS","Synoptic","CB"
"470",2,"May","GCW","TR","1a","2-May-GCW-TR-1a","2023-05-18 10:15:19.5",785.519399130216,62.8840532339062,1.45965186511149e-28,0.9076433616319,336.199201183327,574.837776180095,69.5877888760127,0.417319496921324,19668.6651374316,14.6666678433705,1.22994040806264e-72,0.99813334874898,47.7962926515611,563.264077980286,0.998601018835368,42.1973542769641,574.926180340397,TRUE,69.530787988969,0.319804682870836,31.9588454494061,"2023-05-18 10:14:53","2023-05-18 10:15:46","2-May-GCW-TR","2023-05-18 10:15:19.5",415.930483181232,1.90347541746617,2.57218120467899e-20,0.808706099291241,10.9746081322628,387.394768237611,1.4880999841052,0.0735723077270876,4193.79077206084,2.58569419321156,2.65516879525373e-26,0.887227577596825,8.42635816710366,390.469569895026,0.889143283591333,8.51993213369119,387.515137637753,TRUE,1.51074098649083,0.0742811036374641,9.34825563414268,"2023-05-18 10:14:53","2023-05-18 10:15:46","2-May-GCW-TR","COMPASS","Synoptic","CB"
"471",2,"May","GCW","TR","2","2-May-GCW-TR-2","2023-05-18 10:18:55.5",NA,NA,NA,NA,NA,618.241775878241,70.1668581138468,0.623744602794856,19122.7075229109,21.9214653898903,8.99453763013726e-64,0.99590765766864,71.4385016634753,620.994171065842,0.996001122445132,72.0165117912751,618.379654796224,TRUE,70.296518644126,0.472692314154471,53.7694461268607,"2023-05-18 10:18:29","2023-05-18 10:19:22","2-May-GCW-TR","2023-05-18 10:18:55.5",NA,NA,NA,NA,NA,388.667326573809,3.39342956062629,0.0744443338002945,4132.35299066376,2.61634149548437,1.33667118875735e-43,0.975585145482177,8.52623275648247,390.83893030842,0.976397974168273,8.54912021742973,388.66841103089,TRUE,3.3927408354013,0.0809877404144346,10.6141435417916,"2023-05-18 10:18:29","2023-05-18 10:19:22","2-May-GCW-TR","COMPASS","Synoptic","CB"
"472",2,"May","GCW","TR","4","2-May-GCW-TR-4","2023-05-18 10:23:58",NA,NA,NA,NA,NA,292.77134463415,17.4092920456045,0.108139951053986,25651.0598727176,2.99100325905511,1.12708775145798e-56,0.998497475044864,8.19298415353785,275.291277474677,0.999110198683171,6.47305402168585,292.925564054171,TRUE,17.4422662082112,0.115177156755401,9.03422551693253,"2023-05-18 10:23:38","2023-05-18 10:24:18","2-May-GCW-TR","2023-05-18 10:23:58",310.274726485589,2.69769921807018,3.85024765159507e-21,0.900468130102526,10.142495508394,286.516754594448,2.57502725589388,0.100198251965811,4211.07800717886,2.77134671562549,4.66015772384283e-26,0.944242319687523,7.59129889154707,286.031064105653,0.950020742007327,7.37887385591078,286.532735106782,TRUE,2.56281744549689,0.108917707184533,8.61934520603577,"2023-05-18 10:23:38","2023-05-18 10:24:18","2-May-GCW-TR","COMPASS","Synoptic","CB"
"473",2,"May","GCW","TR","5","2-May-GCW-TR-5","2023-05-18 10:31:31.5",NA,NA,NA,NA,NA,177.678475247987,0.459667714085743,0.0153986966545475,18542.6633096367,0.487962967928768,9.35745856919142e-32,0.950911704743423,1.47795403783901,174.713877542417,0.957541597367757,1.40542073436726,177.852432719113,TRUE,0.464950904786354,0.0152357176267919,1.33949255143808,"2023-05-18 10:31:08","2023-05-18 10:31:55","2-May-GCW-TR","2023-05-18 10:31:31.5",370.231368149068,2.89194448318752,1.61343316725785e-24,0.898817759868665,10.9837622768694,347.201973549749,2.36242434613526,0.0900308731937477,4099.44957325376,2.85295132921953,2.55056361395455e-29,0.937376275337509,8.64108797984375,341.890126723913,0.948419309586656,8.01853691216063,347.392325884731,TRUE,2.38683126689656,0.0873022890416109,7.88916591951264,"2023-05-18 10:31:08","2023-05-18 10:31:55","2-May-GCW-TR","COMPASS","Synoptic","CB"
"474",2,"May","GCW","UP","1","2-May-GCW-UP-1","2023-05-18 09:44:42.5",366.724640550233,-1.56078137312266,1.43394761850014e-30,0.922664329702629,6.95857421256648,240.921939820626,-1.56951639418154,0.0189544514409013,18471.6907274158,0.666153020618169,6.84485193367228e-57,0.992473157292251,2.17088469338857,214.69756948696,0.995699354631959,1.6734541656619,241.054317515591,TRUE,-1.57448372802287,0.0186206599044039,2.17015085136878,"2023-05-18 09:44:16","2023-05-18 09:45:09","2-May-GCW-UP","2023-05-18 09:44:42.5",500.702709163891,4.51314081692527,3.36010118757155e-28,0.904639483872748,24.0590751669327,381.457892223939,4.87958796395312,0.0696371108443138,4180.261158215,2.44739194276867,3.74092294849904e-53,0.989520434008916,7.97565355531786,369.756434676583,0.992164540410459,7.03304732447605,381.954166217478,TRUE,4.92677398038791,0.0707589070217728,7.90331974097154,"2023-05-18 09:44:16","2023-05-18 09:45:09","2-May-GCW-UP","COMPASS","Synoptic","CB"
"475",2,"May","GCW","UP","2","2-May-GCW-UP-2","2023-05-18 09:53:47.5",NA,NA,NA,NA,NA,208.580535761121,-0.651827694414498,0.0140494235080204,18474.2060549548,0.493766118053727,5.45413420419255e-44,0.97641217373526,1.60910372635109,212.491153320382,0.97645118472699,1.63961272992871,208.587918339011,TRUE,-0.651060173204965,0.0154176316101669,1.83066756868451,"2023-05-18 09:53:21","2023-05-18 09:54:14","2-May-GCW-UP","2023-05-18 09:53:47.5",482.939405150327,3.64725859344035,4.54106507656096e-28,0.903530563785835,20.4102501711642,395.256786202877,4.09788476283903,0.0791278709763153,4203.19702995909,2.78094411913251,2.01904364581332e-46,0.980980323809691,9.0626460205667,397.547971301125,0.981572772765639,9.09704039259411,395.280091884476,TRUE,4.0867941834516,0.0800035073068763,10.6206394064529,"2023-05-18 09:53:21","2023-05-18 09:54:14","2-May-GCW-UP","COMPASS","Synoptic","CB"
"476",2,"May","GCW","UP","3","2-May-GCW-UP-3","2023-05-18 09:57:31.5",313.300087554677,-1.13540786276792,2.73639868787952e-31,0.927430569082162,4.24313682040716,228.933944504806,-0.984140882262843,0.0169630737948792,18461.6313509368,0.596166176724257,6.07142725758691e-49,0.984786125782117,1.94280891583392,218.185926298244,0.988422120467421,1.72838846817481,228.943549796672,TRUE,-0.982845169476833,0.0173186797061799,1.77484812672955,"2023-05-18 09:57:05","2023-05-18 09:57:58","2-May-GCW-UP","2023-05-18 09:57:31.5",463.366345349983,4.17163544725484,8.07181726837823e-32,0.93075478008374,17.0270830818085,395.334968986333,4.03378934507655,0.0791851735408391,4218.27136955314,2.78295801420965,4.68218545362503e-46,0.980355177586775,9.0692089781181,386.30398237129,0.98456713623713,8.19757288178993,395.360841101575,TRUE,4.02131749612882,0.0822879207221165,10.0891648646707,"2023-05-18 09:57:05","2023-05-18 09:57:58","2-May-GCW-UP","COMPASS","Synoptic","CB"
"477",2,"May","GCW","UP","4","2-May-GCW-UP-4","2023-05-18 10:01:29.5",NA,NA,NA,NA,NA,214.546812623496,-1.24161004081932,0.0148473985452068,18426.1153313724,0.521810901257136,4.11548694239391e-57,0.99261898274498,1.70049712801905,211.373566815475,0.993537129407789,1.62273346351237,214.642083654264,TRUE,-1.23928820968705,0.0154453504305697,1.61959942801771,"2023-05-18 10:01:03","2023-05-18 10:01:56","2-May-GCW-UP","2023-05-18 10:01:29.5",NA,NA,NA,NA,NA,390.11225030608,4.20512260403495,0.0754470112595603,4300.6624420884,2.65158053261916,4.72995023720704e-48,0.983536559170704,8.64107106533634,394.068424559743,0.983549915279432,8.80862278493537,390.113373582491,TRUE,4.20441383846376,0.0802169236875022,10.4289565137338,"2023-05-18 10:01:03","2023-05-18 10:01:56","2-May-GCW-UP","COMPASS","Synoptic","CB"
"478",2,"May","GCW","UP","5","2-May-GCW-UP-5","2023-05-18 09:49:30.5",NA,NA,NA,NA,NA,255.979292917974,-2.01550170289597,0.021790165508878,18478.0068565582,0.76581401570853,2.25115084539962e-59,0.993958755311703,2.49566371873739,206.360900702755,0.997761789023023,1.54913773378077,257.937767480034,TRUE,-2.04162876535104,0.0214932384747669,2.02476470177163,"2023-05-18 09:49:04","2023-05-18 09:49:57","2-May-GCW-UP","2023-05-18 09:49:30.5",NA,NA,NA,NA,NA,371.528242795498,3.61197669579726,0.0635201023736505,4210.31960119394,2.23241005935282,1.69735082144426e-48,0.984172688423264,7.27506245144471,368.360367985208,0.986140116251814,6.94271940440051,371.765634959799,TRUE,3.63611174523261,0.0543169657560123,5.48769349941865,"2023-05-18 09:49:04","2023-05-18 09:49:57","2-May-GCW-UP","COMPASS","Synoptic","CB"
"479",2,"May","GWI","TR","1","2-May-GWI-TR-1","2023-05-23 12:38:11",NA,NA,NA,NA,NA,209.01769192816,0.915971512415877,0.0171860170043143,17395.9900543272,0.57429761581232,4.75764122986745e-45,0.983042765271737,1.80657658133333,200.672275474401,0.986688509879513,1.63433585407255,209.023848994738,TRUE,0.91496794813786,0.0191746800567516,2.06891547956863,"2023-05-23 12:37:46","2023-05-23 12:38:36","2-May-GWI-TR","2023-05-23 12:38:11",416.008867785417,2.75587328374688,5.59042532763574e-27,0.907481490134692,13.7461518063389,308.717029606277,2.99239455157767,0.0456745191861498,3820.63060170308,1.52628543689879,2.21371087314708e-49,0.988713049919425,4.80125887834534,312.022291233456,0.988865761869804,4.86907186858621,308.987929992371,TRUE,3.01568078144953,0.0426545205956373,4.48855391453255,"2023-05-23 12:37:46","2023-05-23 12:38:36","2-May-GWI-TR","COMPASS","Synoptic","CB"
"480",2,"May","GWI","TR","2","2-May-GWI-TR-2","2023-05-23 12:29:06.5",NA,NA,NA,NA,NA,180.360121906733,-0.0758436522256252,0.0108187553580582,17502.6043898165,0.380224486241149,4.76336962644514e-09,0.485889207648439,1.23908995633838,170.286606461128,0.603840013828744,1.10924236960304,180.576793910904,TRUE,-0.0738130150371702,0.0116132923817998,1.17615281638627,"2023-05-23 12:28:40","2023-05-23 12:29:33","2-May-GWI-TR","2023-05-23 12:29:06.5",445.422063918193,3.55563973125094,4.31169955648544e-33,0.938124662419876,14.4205524838603,373.090283889629,3.62034858916886,0.0644454914092324,3867.0929563421,2.26493279962953,3.16086023708995e-48,0.98378974172352,7.38104878922073,357.658564400709,0.988688752195597,6.28774668500246,373.366713833605,TRUE,3.59154768845156,0.0689453890724954,7.67868775143694,"2023-05-23 12:28:40","2023-05-23 12:29:33","2-May-GWI-TR","COMPASS","Synoptic","CB"
"481",2,"May","GWI","TR","3","2-May-GWI-TR-3","2023-05-23 12:25:16.5",179.530056865608,0.0911207276653977,1.15062777619488e-08,0.468497312401786,1.22960307810723,181.266682291399,0.0713242998604454,0.0109099510468282,17569.1872338328,0.383429553068372,2.70193587460566e-08,0.451126506317678,1.24953474950324,181.20221163706,0.490922629747161,1.22721533891609,181.311300127284,TRUE,0.0718971575901173,0.0117898889305837,1.33408131540499,"2023-05-23 12:24:50","2023-05-23 12:25:43","2-May-GWI-TR","2023-05-23 12:25:16.5",NA,NA,NA,NA,NA,362.128535972199,4.62441380203232,0.0582254244853832,4003.11687816545,2.0463289332666,5.8865746955238e-56,0.991823831515653,6.66865423014111,355.561456302201,0.993276983216737,6.16683105897286,363.245527387392,TRUE,4.5639392289495,0.0544018919982991,5.47498270541839,"2023-05-23 12:24:50","2023-05-23 12:25:43","2-May-GWI-TR","COMPASS","Synoptic","CB"
"482",2,"May","GWI","TR","4","2-May-GWI-TR-4","2023-05-23 12:20:33.5",175.636676982553,0.462535263289397,7.45602854430197e-23,0.847080160262932,1.1860655903081,190.307136327496,0.170733972842191,0.0118625125344026,17539.0987540084,0.416907267485524,8.95795966753709e-20,0.79934459498783,1.35863319317672,175.222025913655,0.85908440935102,1.16110897416166,190.36295939302,TRUE,0.172013247994354,0.0131217239408938,1.25737084357223,"2023-05-23 12:20:07","2023-05-23 12:21:00","2-May-GWI-TR","2023-05-23 12:20:33.5",NA,NA,NA,NA,NA,399.468514800174,6.02451544356591,0.0822746179198637,4047.92837427681,2.89153634534922,3.88015766512762e-54,0.990394957992291,9.42304815591817,401.701680983124,0.990704141066972,9.45373029543422,399.526277905035,TRUE,6.00986546182148,0.0860911827977703,9.68426072780318,"2023-05-23 12:20:07","2023-05-23 12:21:00","2-May-GWI-TR","COMPASS","Synoptic","CB"
"483",2,"May","GWI","TR","5","2-May-GWI-TR-5","2023-05-23 12:34:28.5",223.257227330282,0.732935915569407,1.42874844442789e-31,0.929219370798964,1.84332798347075,205.808612141693,0.424913374350573,0.0136934197063449,17477.0816850163,0.481254386517888,3.17705679989856e-35,0.948762952164491,1.56833002175431,192.584969544855,0.962755416810081,1.36362085770541,205.895188476122,TRUE,0.421103488121157,0.0144087949690616,1.74950044136822,"2023-05-23 12:34:02","2023-05-23 12:34:55","2-May-GWI-TR","2023-05-23 12:34:28.5",NA,NA,NA,NA,NA,343.805428198981,2.61690950503515,0.0491395250039931,3860.40513173933,1.72700555936508,4.85257045554253e-47,0.981994837417782,5.62803112525641,335.389002102887,0.985693346478171,5.1161546806543,343.840989681434,TRUE,2.62480615226758,0.0505472736422743,6.90168425578025,"2023-05-23 12:34:02","2023-05-23 12:34:55","2-May-GWI-TR","COMPASS","Synoptic","CB"
"484",2,"May","GWI","UP","1","2-May-GWI-UP-1","2023-05-23 12:43:01.5",NA,NA,NA,NA,NA,191.621684500541,-0.559531957900441,0.0120077822799813,17536.0882801231,0.422012763686423,4.37344751420808e-44,0.976611572330646,1.37527117756115,194.56599312809,0.977064371854224,1.38886430744948,191.624937907654,TRUE,-0.559560018733586,0.0136332121327686,1.56828080830754,"2023-05-23 12:42:35","2023-05-23 12:43:28","2-May-GWI-UP","2023-05-23 12:43:01.5",NA,NA,NA,NA,NA,335.701812439472,3.35510354490807,0.0455873479877501,3846.89526340935,1.60216451838225,2.98707933726244e-54,0.990491090423195,5.22119441268722,332.661141133201,0.991653465628972,4.98854929975693,335.741553283525,TRUE,3.36071784054281,0.0511976092281399,5.52800247959012,"2023-05-23 12:42:35","2023-05-23 12:43:28","2-May-GWI-UP","COMPASS","Synoptic","CB"
"485",2,"May","GWI","UP","2","2-May-GWI-UP-2","2023-05-23 12:46:29.5",NA,NA,NA,NA,NA,176.452150878084,-0.308864190584733,0.0104342776906947,17635.6545116869,0.366712042461227,3.24433549195649e-34,0.943978454270552,1.19505509277972,175.644001507193,0.948750976778528,1.16565451191163,176.535687709922,TRUE,-0.30760740712408,0.0118045090176156,1.11893069918419,"2023-05-23 12:46:03","2023-05-23 12:46:56","2-May-GWI-UP","2023-05-23 12:46:29.5",490.037036940539,3.98288903359097,2.01783904213171e-28,0.906488067019279,21.7966447391825,332.194602668242,4.47649010770422,0.0441307164026726,3877.5124892022,1.55097129164326,1.90477908230976e-61,0.994971704743119,5.0543639865042,336.132520789688,0.994977482273511,5.15149802093774,332.213196794957,TRUE,4.47792253841753,0.0456549716846179,5.99011928692549,"2023-05-23 12:46:03","2023-05-23 12:46:56","2-May-GWI-UP","COMPASS","Synoptic","CB"
"486",2,"May","GWI","UP","3","2-May-GWI-UP-3","2023-05-23 12:53:31.5",265.343378866694,-0.600521085788615,2.61494921469769e-30,0.920859294116466,2.72170687994651,179.065217958372,-0.604243398983385,0.010689814624054,17644.260784905,0.375692872139551,2.30382758336473e-48,0.98398567498984,1.22432216067429,160.195233797142,0.989514792968914,1.01029119036853,179.188744346558,TRUE,-0.607753011751777,0.0108964132585729,1.07776869402129,"2023-05-23 12:53:05","2023-05-23 12:53:58","2-May-GWI-UP","2023-05-23 12:53:31.5",NA,NA,NA,NA,NA,336.09511664196,5.17342580277029,0.0457536663446645,3867.03730926693,1.60800976672342,6.8965632492552e-64,0.995949245691463,5.24024312936365,330.439059778127,0.996612516738466,4.88695943979994,336.154505727473,TRUE,5.1837009408153,0.0448547806442862,4.91939481438061,"2023-05-23 12:53:05","2023-05-23 12:53:58","2-May-GWI-UP","COMPASS","Synoptic","CB"
"487",2,"May","GWI","UP","4","2-May-GWI-UP-4","2023-05-23 12:57:25.5",219.156020009546,-0.363949806618986,6.29195234071858e-30,0.918145512681029,1.77464159233398,174.878310680338,-0.383435359270643,0.010283325745883,17687.3079287963,0.361406845720608,3.38804440435271e-39,0.963947163398616,1.17776631671302,166.179166286652,0.971502504528804,1.0678479685995,174.958911858411,TRUE,-0.382176493638217,0.0104246891146792,1.01183205435205,"2023-05-23 12:56:59","2023-05-23 12:57:52","2-May-GWI-UP","2023-05-23 12:57:25.5",NA,NA,NA,NA,NA,344.941670330879,3.05079662744054,0.0496592392776165,3881.32679703824,1.74527088528666,3.22701373673142e-50,0.98640953813711,5.68755486114835,319.351335015106,0.992143045677531,4.41013896573241,345.143995953,TRUE,3.07008404042656,0.0523888645587913,4.5895661245056,"2023-05-23 12:56:59","2023-05-23 12:57:52","2-May-GWI-UP","COMPASS","Synoptic","CB"
"488",2,"May","GWI","UP","5","2-May-GWI-UP-5","2023-05-23 12:49:54.5",241.036096034736,-0.415357869504421,4.36397080126449e-29,0.911826720645068,2.17318053595457,176.025035420049,-0.454654772399261,0.0103930939832965,17658.1600370528,0.365264643618317,1.076698728489e-42,0.973546315952849,1.19033825461184,172.930673215162,0.976803106840102,1.13673410632865,176.383817860107,TRUE,-0.449347615936475,0.0100089856140796,1.13736302941468,"2023-05-23 12:49:28","2023-05-23 12:50:21","2-May-GWI-UP","2023-05-23 12:49:54.5",NA,NA,NA,NA,NA,341.750200834703,1.74977308429403,0.0482132470262202,3862.21428955617,1.6944515772702,1.31345483896272e-38,0.962019850027324,5.52194297546005,329.129788137078,0.972081815972675,4.82807304742875,341.967767820872,TRUE,1.75110187737203,0.0411447063182299,4.78952042718446,"2023-05-23 12:49:28","2023-05-23 12:50:21","2-May-GWI-UP","COMPASS","Synoptic","CB"
"489",2,"May","MSM","TR","1","2-May-MSM-TR-1","2023-05-19 11:22:00.5",195.661713418435,0.191789764459088,2.79779382043601e-19,0.790403258887645,1.42769121834472,208.946158873095,0.167979880509981,0.0140970670155559,17649.7283871952,0.495440546171922,1.74000626246263e-16,0.731944605952965,1.61456041611975,200.706780998366,0.786307405601409,1.47012218315055,208.946740349157,TRUE,0.168185812781063,0.0149497746250944,1.86697244298958,"2023-05-19 11:21:34","2023-05-19 11:22:27","2-May-MSM-TR","2023-05-19 11:22:00.5",NA,NA,NA,NA,NA,390.628567244407,3.90007122353096,0.0758085652754876,3829.35914877754,2.66428732609074,2.8306599154511e-46,0.980731628828768,8.68248044515706,379.184238936206,0.985524481077124,7.67458768423214,390.94977455313,TRUE,3.87928566532848,0.0684312511093514,6.86426131303318,"2023-05-19 11:21:34","2023-05-19 11:22:27","2-May-MSM-TR","COMPASS","Synoptic","CB"
"490",2,"May","MSM","TR","2","2-May-MSM-TR-2","2023-05-19 11:38:37.5",192.620856800762,-0.230495228504024,7.63483161023591e-05,0.261939366759549,1.38805366806515,189.626327652278,-0.0558808186380719,0.0117879690173,17752.4280248252,0.41428744019903,1.69531123581051e-05,0.301753818179208,1.35009560079247,192.119575172579,0.320967552977974,1.35775737550763,189.796492678635,TRUE,-0.0528450386011974,0.0124976000107234,1.3464906649557,"2023-05-19 11:38:11","2023-05-19 11:39:04","2-May-MSM-TR","2023-05-19 11:38:37.5",NA,NA,NA,NA,NA,354.391892457033,1.34422735602106,0.0542003040426086,3880.31876991786,1.90486632488321,1.76200624822706e-30,0.922050052447905,6.20765052420377,352.827799513236,0.929681975185969,6.01269738703682,354.56123532019,TRUE,1.36467921839232,0.0515706187460832,5.31168131332796,"2023-05-19 11:38:11","2023-05-19 11:39:04","2-May-MSM-TR","COMPASS","Synoptic","CB"
"491",2,"May","MSM","TR","3","2-May-MSM-TR-3","2023-05-19 11:34:20.5",NA,NA,NA,NA,NA,189.19007201946,0.0985472184312182,0.0117404486895265,17661.5681059502,0.412617341225931,3.05290463817339e-11,0.575358449084668,1.34465301900581,176.209656529415,0.689931492580619,1.17177569762755,189.191234788096,TRUE,0.0982671891466564,0.0126857420402875,1.40197964355327,"2023-05-19 11:33:54","2023-05-19 11:34:47","2-May-MSM-TR","2023-05-19 11:34:20.5",417.221556616252,1.90705159533534,5.53536996853983e-24,0.861591525985532,11.1065901182539,367.541794530354,1.82706914924397,0.0612182207942337,3861.6892858309,2.15151057397257,2.16599900040192e-34,0.944841344639393,7.01142414451033,371.451443478171,0.944933557151216,7.1442984010179,368.513829080968,TRUE,1.77190894563002,0.0620344511692182,5.96968340615719,"2023-05-19 11:33:54","2023-05-19 11:34:47","2-May-MSM-TR","COMPASS","Synoptic","CB"
"492",2,"May","MSM","TR","4","2-May-MSM-TR-4","2023-05-19 11:30:07.5",199.15935247091,0.831649139565957,2.55667502167634e-31,0.9276196649219,1.47468462543424,237.471184977692,0.318715216066817,0.0183584025576823,17722.3948943498,0.645204919575499,2.73122285031023e-23,0.852855804566001,2.1026182283249,197.645330906519,0.934645706557901,1.42903409072869,237.55433807225,TRUE,0.321321753968133,0.0198054274530615,2.00777492574112,"2023-05-19 11:29:41","2023-05-19 11:30:34","2-May-MSM-TR","2023-05-19 11:30:07.5",409.394978448447,1.78099246319333,2.57390804028852e-25,0.876958376007537,10.3301863238147,388.839363629341,1.77453737741668,0.0745630133365605,3868.12007182389,2.6205124804277,1.26842561492266e-29,0.91591205874718,8.53982532018718,387.664554871164,0.923596127729003,8.30149827812412,388.84644471072,TRUE,1.76873411496739,0.0777844617361925,7.68961076328761,"2023-05-19 11:29:41","2023-05-19 11:30:34","2-May-MSM-TR","COMPASS","Synoptic","CB"
"493",2,"May","MSM","TR","5","2-May-MSM-TR-5","2023-05-19 11:25:31.5",NA,NA,NA,NA,NA,192.494964572591,0.0832931584483158,0.0121052699338866,17709.4488065864,0.425438961238197,7.66821282753224e-09,0.476569007240976,1.38643659990625,188.776353183,0.546285586626328,1.31637084577856,192.500041535015,TRUE,0.0830167988306851,0.0127134223814364,1.70331910924446,"2023-05-19 11:25:05","2023-05-19 11:25:58","2-May-MSM-TR","2023-05-19 11:25:31.5",NA,NA,NA,NA,NA,388.876563254168,2.97642870441704,0.0745887003168163,3858.68485173407,2.62141524775607,1.11851583230992e-40,0.96837701038584,8.54276729254817,391.490054317686,0.969178629890917,8.60081791489041,389.003912740664,TRUE,2.99630425531639,0.0758596018558143,10.0513671931539,"2023-05-19 11:25:05","2023-05-19 11:25:58","2-May-MSM-TR","COMPASS","Synoptic","CB"
"494",2,"May","MSM","UP","1","2-May-MSM-UP-1","2023-05-19 11:59:59.5",187.949502257368,0.014110832849417,0.0394160143796451,0.0790743846614959,1.32929568827554,185.629137346632,-0.0299345770525804,0.0113596592267522,17578.014361987,0.39923451916761,0.0110561881629603,0.117808151800502,1.30104057162279,187.800115589135,0.147188298975244,1.3045254749615,185.637612029384,TRUE,-0.0301577782966945,0.0117993155036807,1.48374568083026,"2023-05-19 11:59:33","2023-05-19 12:00:26","2-May-MSM-UP","2023-05-19 11:59:59.5",460.350314096853,3.70610405492762,4.36494699102778e-31,0.926117371547017,16.5581592029347,352.407096922179,3.81621246624271,0.0532133221652305,3868.55588287339,1.87017890800065,1.13400517295505e-53,0.989990553812942,6.0946098563199,347.198327296347,0.991559880266173,5.70731520650987,352.431734503758,TRUE,3.81837439840107,0.0555632608450197,6.91449368575283,"2023-05-19 11:59:33","2023-05-19 12:00:26","2-May-MSM-UP","COMPASS","Synoptic","CB"
"495",2,"May","MSM","UP","2","2-May-MSM-UP-2","2023-05-19 11:56:14.5",NA,NA,NA,NA,NA,193.4679687584,0.627238530611208,0.0122148226739272,17635.4135092343,0.429289185494097,3.11274314073115e-46,0.980661126200568,1.3989838565343,192.567695942731,0.982338776674201,1.36340277658903,193.665616713217,TRUE,0.624540014244286,0.0102402331619374,0.943137048399668,"2023-05-19 11:55:48","2023-05-19 11:56:41","2-May-MSM-UP","2023-05-19 11:56:14.5",481.973034982604,3.98693854413619,1.60245730765606e-29,0.91515392570833,20.2284365024848,354.541533951413,4.3548749328629,0.0542754543759273,3920.34850673438,1.90750747868799,3.47877112319884e-56,0.991987553761901,6.21625761625353,355.146992689228,0.99247572667967,6.1432104200581,354.608951585798,TRUE,4.3554865094909,0.0593099735036568,6.60922354044509,"2023-05-19 11:55:48","2023-05-19 11:56:41","2-May-MSM-UP","COMPASS","Synoptic","CB"
"496",2,"May","MSM","UP","3","2-May-MSM-UP-3","2023-05-19 11:51:59.5",193.566032277055,-0.139356288518323,1.73122077461354e-10,0.546471051412969,1.40025470451574,184.290905256398,-0.102918021955924,0.0112197697368938,17656.517413122,0.394318111720396,1.87826234218311e-12,0.61804702851433,1.28501879683039,187.900404940287,0.620799153617967,1.30573742660003,184.426549187768,TRUE,-0.10143564146576,0.0102536112905603,1.17029995636905,"2023-05-19 11:51:33","2023-05-19 11:52:26","2-May-MSM-UP","2023-05-19 11:51:59.5",403.226649857448,2.29284746327178,9.20339462561883e-26,0.881718525120567,9.75671890856771,363.432195474274,1.73487378811411,0.0589325180526201,3860.65952116191,2.07117969284375,4.25254084921838e-34,0.943392990297924,6.74963882664575,366.452608933403,0.944410611297396,6.82115701061729,363.469542740071,TRUE,1.73433570775481,0.0687709011447725,6.11905090537027,"2023-05-19 11:51:33","2023-05-19 11:52:26","2-May-MSM-UP","COMPASS","Synoptic","CB"
"497",2,"May","MSM","UP","4","2-May-MSM-UP-4","2023-05-19 11:48:27.5",202.275781178748,0.757481154194623,1.29722733573891e-23,0.856996828984834,1.5178577640847,211.035540495946,0.230487232552979,0.0143724458199087,17662.5382572365,0.505118717176016,8.93142780539381e-22,0.831811635246403,1.64610000633776,200.798666054582,0.870790031093598,1.47137347702921,211.215630544933,TRUE,0.232389945098383,0.0154795614821143,1.74215139051798,"2023-05-19 11:48:01","2023-05-19 11:48:54","2-May-MSM-UP","2023-05-19 11:48:27.5",NA,NA,NA,NA,NA,364.838223163453,3.95152888931396,0.0597047631749422,3900.25449771744,2.09832019978464,7.04414419254808e-52,0.988268169263829,6.83808533858096,367.370720445236,0.988582700019868,6.87939106224891,364.886798281411,TRUE,3.95508591279966,0.0677674805508671,7.10357686892459,"2023-05-19 11:48:01","2023-05-19 11:48:54","2-May-MSM-UP","COMPASS","Synoptic","CB"
"498",2,"May","MSM","UP","5","2-May-MSM-UP-5","2023-05-19 11:44:38.5",307.533262820972,0.824703430742023,2.35813624243778e-29,0.913885990846278,4.02251080707256,207.269125832573,0.857227608528976,0.0138798573681603,17642.222507039,0.487806726582307,2.45976131564857e-50,0.986550676214994,1.58968303571876,203.572949769562,0.98833716780694,1.50965947909038,207.294218344939,TRUE,0.855293234745935,0.0150222942058363,1.73120160427013,"2023-05-19 11:44:12","2023-05-19 11:45:05","2-May-MSM-UP","2023-05-19 11:44:38.5",521.979881595523,5.34530277238592,4.23590191593732e-27,0.894897662854626,29.2981134635809,373.401380999453,5.67084543297216,0.0646313961263238,3865.49174271714,2.27146640938467,3.4411963930232e-58,0.99329079274464,7.40234076414391,370.951938081534,0.994046098778783,7.11133195840858,373.415327633409,TRUE,5.6759638863382,0.0628273098869706,5.20299337742213,"2023-05-19 11:44:12","2023-05-19 11:45:05","2-May-MSM-UP","COMPASS","Synoptic","CB"
"499",2,"May","SWH","TR","1","2-May-SWH-TR-1","2023-05-24 12:39:59.5",NA,NA,NA,NA,NA,675.005889799724,93.6388396682754,1.05504071925495,28476.9785395146,37.0793406603294,1.90241280484533e-58,0.993441987334992,120.835559682298,651.012376101351,0.996094877285253,95.0917073114187,676.077827632149,TRUE,93.8543318089983,0.833968874010638,79.0667361864521,"2023-05-24 12:39:33","2023-05-24 12:40:26","2-May-SWH-TR","2023-05-24 12:39:59.5",NA,NA,NA,NA,NA,416.766130976761,12.1355000819034,0.0965659083816261,4450.0605090252,3.39380286249523,2.89299184168637e-66,0.996718230678343,11.0598533047743,387.995896555408,0.998211233079391,8.32700620571888,417.405330642883,TRUE,12.2056923685693,0.0947416535359073,10.7540154910466,"2023-05-24 12:39:33","2023-05-24 12:40:26","2-May-SWH-TR","COMPASS","Synoptic","CB"
"500",2,"May","SWH","TR","2","2-May-SWH-TR-2","2023-05-24 12:33:06.5",NA,NA,NA,NA,NA,568.715671365429,36.5486227014965,0.394321257887528,20046.0705553895,13.8583961585354,2.02290441842156e-59,0.993983542031447,45.1622662726376,560.91149057718,0.995164895372303,41.2880993669598,569.652698326151,TRUE,36.7969828594908,0.327881316192068,31.3364776030708,"2023-05-24 12:32:40","2023-05-24 12:33:33","2-May-SWH-TR","2023-05-24 12:33:06.5",532.980346339497,6.09053976065615,4.20557471373133e-26,0.885219842304027,32.4395799965622,404.721283615523,5.99635818953992,0.0863750964879586,3996.18576079961,3.03564741037441,6.04021142607233e-53,0.989325573880681,9.89268275266711,400.836116967459,0.990775811728909,9.37826635379851,405.084354091149,TRUE,6.04389702577473,0.0895645333706147,10.4136156907872,"2023-05-24 12:32:40","2023-05-24 12:33:33","2-May-SWH-TR","COMPASS","Synoptic","CB"
"501",2,"May","SWH","TR","3","2-May-SWH-TR-3","2023-05-24 12:48:18.5",NA,NA,NA,NA,NA,794.566091054953,222.662982250088,3.19190610409566,25369.5957982319,112.179342114044,4.71029111782393e-53,0.989427167640576,365.574288747938,749.122182734696,0.995768063057699,235.866484567296,794.592453433604,TRUE,222.429173385179,3.32990404850518,446.559667281883,"2023-05-24 12:47:52","2023-05-24 12:48:45","2-May-SWH-TR","2023-05-24 12:48:18.5",533.754143129838,6.23583051005015,6.59389220765818e-28,0.902139472317554,32.6728372369964,395.459449507624,6.55106489596712,0.0792764947857197,3875.24907652617,2.7861674936986,7.6059877215757e-57,0.992442575683925,9.07966815143211,376.941430795032,0.995019501000702,7.51685496736983,396.399099986064,TRUE,6.52726604136729,0.0719594338073053,7.55097566766747,"2023-05-24 12:47:52","2023-05-24 12:48:45","2-May-SWH-TR","COMPASS","Synoptic","CB"
"502",2,"May","SWH","TR","4","2-May-SWH-TR-4","2023-05-24 13:09:11.5",601.049475475589,25.404671872124,5.9178861091181e-37,0.956034463070384,60.9253288003295,522.065177125385,18.2009999654964,0.25601010891981,19764.7628714092,8.99745940405907,1.77386412469451e-53,0.98981685519104,29.3212614746255,432.400543484027,0.998202847206585,12.561770704161,522.500300046548,TRUE,18.0524763452639,0.24510917736762,29.9514630899299,"2023-05-24 13:08:45","2023-05-24 13:09:38","2-May-SWH-TR","2023-05-24 13:09:11.5",543.428918655398,9.44428164098207,2.82360949913658e-33,0.939122726138224,35.7348113686008,420.631968593973,9.09024337658124,0.100085073205641,3781.57376983062,3.51748369202914,5.77529124077459e-59,0.993735853538125,11.462909076332,371.951812365364,0.997638530980531,7.17747505392421,420.653720348063,TRUE,9.09603632632439,0.11457412308055,12.0940951947648,"2023-05-24 13:08:45","2023-05-24 13:09:38","2-May-SWH-TR","COMPASS","Synoptic","CB"
"503",2,"May","SWH","TR","5","2-May-SWH-TR-5","2023-05-24 12:56:14",NA,NA,NA,NA,NA,486.333395654363,44.1727932355406,0.335608546901801,19510.5916481587,10.8282525700333,5.28039947323804e-62,0.99729431333906,33.2235511073797,475.130650368795,0.998016038465163,29.0747906250773,486.431590275264,TRUE,44.1090766876463,0.33183087907369,38.8506223268103,"2023-05-24 12:55:50","2023-05-24 12:56:38","2-May-SWH-TR","2023-05-24 12:56:14",NA,NA,NA,NA,NA,368.797804491563,10.2789008848018,0.101149808949464,3906.5967974731,3.26355120817554,9.64597528533087e-57,0.995469329082711,10.0133202153445,338.640783623225,0.997743560845549,7.22189767957811,369.399192477406,TRUE,10.2269047274866,0.0946424405383931,10.2949284518276,"2023-05-24 12:55:50","2023-05-24 12:56:38","2-May-SWH-TR","COMPASS","Synoptic","CB"
"504",2,"May","SWH","TR","7","2-May-SWH-TR-7","2023-05-24 12:36:23.5",947.881648171652,2036.14088345562,3.97469441644513e-28,0.93750777319134,6912.80902410866,773.86231421522,2035.70775537917,11.5807522517891,68522.9282828518,353.639844593196,2.76276714734946e-64,0.998578072736977,1042.75012235946,711.931055993325,0.999660837197433,521.25155020865,773.938941914929,TRUE,2032.94107001816,13.0726075849463,1173.29775649971,"2023-05-24 12:36:01","2023-05-24 12:36:46","2-May-SWH-TR","2023-05-24 12:36:23.5",NA,NA,NA,NA,NA,310.995126159247,0.116650602304721,0.075636171121167,3842.08580404059,2.30969139304241,0.130172722351416,0.0512858548637015,6.81040617885708,312.849202643478,0.0945273929779444,6.80996182941007,311.189326709321,TRUE,0.121474106758433,0.0756009535939869,6.74802795421046,"2023-05-24 12:36:01","2023-05-24 12:36:46","2-May-SWH-TR","COMPASS","Synoptic","CB"
"505",2,"May","SWH","TR","9","2-May-SWH-TR-9","2023-05-24 13:01:44.5",1252.56060104956,4946.07339243888,3.24123686800237e-23,0.851886787594304,25391.2376297607,1169.64263330554,4087.18472357303,102.878554486505,145123.769292423,3615.66041843507,1.39804996920683e-40,0.96810468898563,11782.851110677,1143.88180331872,0.981618724187487,9122.02933983104,1170.40047147334,TRUE,4158.3064872019,96.9749320614618,11128.0388742102,"2023-05-24 13:01:18","2023-05-24 13:02:11","2-May-SWH-TR","2023-05-24 13:01:44.5",NA,NA,NA,NA,NA,325.30903535367,0.0723597520378234,0.041404965123192,3810.38905857182,1.45517493193634,0.0864346048643064,0.0554752529438337,4.74217918131167,319.095230047966,0.218248163834163,4.39969340659844,325.536846580799,TRUE,0.0616760036132418,0.0435523982817223,5.06096542607724,"2023-05-24 13:01:18","2023-05-24 13:02:11","2-May-SWH-TR","COMPASS","Synoptic","CB"
"506",2,"May","SWH","TR","10","2-May-SWH-TR-10","2023-05-24 13:05:50.5",NA,NA,NA,NA,NA,510.644028691984,49.7789125496934,0.662507175938335,43015.8869421604,20.2308908477439,4.20271118861822e-48,0.992266583408623,59.6532439131483,466.547792608523,0.997281771431859,36.1987056443873,510.84810628738,TRUE,49.8057228420301,0.704811826388983,57.2179154711056,"2023-05-24 13:05:28","2023-05-24 13:06:13","2-May-SWH-TR","2023-05-24 13:05:50.5",NA,NA,NA,NA,NA,275.775120418361,1.00755421917,0.0515786833308401,3799.47816952232,1.57505118500588,2.62132987355189e-23,0.896613976399408,4.64423011433166,279.461089712741,0.897317363740071,4.73732316981949,275.801786190557,TRUE,1.0096795863346,0.0530419722780453,5.42442282282992,"2023-05-24 13:05:28","2023-05-24 13:06:13","2-May-SWH-TR","COMPASS","Synoptic","CB"
"507",2,"May","SWH","SWAMP","1","2-May-SWH-SWAMP-1","2023-05-24 13:31:18",899.616441181866,1158.21178845044,2.88016958948599e-30,0.946570399495838,3325.45540519168,784.808044813679,1035.37516314998,10.5429175183623,373806.779431744,328.018612711874,3.79770122521211e-54,0.995355735249669,980.434645216941,694.07215000914,0.999381231622754,366.097066689302,790.416372483586,TRUE,1013.80555709235,6.82489272283779,625.956646823967,"2023-05-24 13:30:55","2023-05-24 13:31:41","2-May-SWH-UP","2023-05-24 13:31:18",NA,NA,NA,NA,NA,575.374505228616,3.69682499245619,1.13591436058033,3660.1124966619,35.3413608773955,0.00215981853916179,0.19052697424501,105.633928290981,565.865846353488,0.39273505622248,93.5973115554258,584.352753495336,TRUE,2.75404966641827,0.134625303161253,10.2657782216258,"2023-05-24 13:30:55","2023-05-24 13:31:41","2-May-SWH-UP","COMPASS","Synoptic","CB"
"508",2,"May","SWH","SWAMP","2","2-May-SWH-SWAMP-2","2023-05-24 13:35:11.5",446.602258296993,83.4248866684262,2.95730477004082e-50,0.995159783835182,37.0091551638204,548.551450904531,39.9108734313497,1.39948746961148,35476.0780364611,41.1244578183981,4.09288915064422e-29,0.950893741717815,117.881380781991,427.137887188645,0.997160357339951,29.0471339785331,551.541635230568,TRUE,37.8915332937036,1.11606206183847,104.124737302245,"2023-05-24 13:34:50","2023-05-24 13:35:33","2-May-SWH-UP","2023-05-24 13:35:11.5",371.863906621761,3.89946271843295,2.30962950405307e-23,0.907835753557014,15.8293508906867,278.940282012753,3.98928398551685,0.0653722641261834,3832.64341916438,1.92098820241438,1.21603127231805e-42,0.988847410496083,5.50642497869515,279.751638896446,0.989627038636637,5.44161607636496,279.059451467511,TRUE,3.99014604459896,0.0653583952559755,4.38201247399945,"2023-05-24 13:34:50","2023-05-24 13:35:33","2-May-SWH-UP","COMPASS","Synoptic","CB"
"509",2,"May","SWH","SWAMP","3","2-May-SWH-SWAMP-3","2023-05-24 13:38:53.5",462.671479582754,3.66966597803078,1.48899371091231e-31,0.929107002904816,16.9178834805721,276.25083096486,3.9960631189375,0.0262891990132289,18284.7310302448,0.923932269256001,1.50163423725649e-70,0.997754479319136,3.01094547194929,252.820160663724,0.998648841939301,2.38184836049155,278.345062822762,TRUE,3.96249330276714,0.0234506617363142,2.18656527284683,"2023-05-24 13:38:27","2023-05-24 13:39:20","2-May-SWH-UP","2023-05-24 13:38:53.5",NA,NA,NA,NA,NA,329.828721571526,4.31285483972496,0.043174487368176,3877.98913961207,1.51736468151694,4.21092374628678e-61,0.994815931013009,4.94484549261189,330.949405054462,0.99508510893094,4.910107019827,330.124900634089,TRUE,4.29797251089236,0.0441038763950497,4.67943615135422,"2023-05-24 13:38:27","2023-05-24 13:39:20","2-May-SWH-UP","COMPASS","Synoptic","CB"
"510",2,"May","SWH","SWAMP","4","2-May-SWH-SWAMP-4","2023-05-24 13:47:22.5",394.267289773178,2.70102213970154,6.49469799371129e-35,0.947335783241332,8.97999323242707,340.89490752424,2.43947209408303,0.0478329357839954,18413.0224094007,1.68108556224344,4.41546133167436e-46,0.980399427461026,5.47838529946802,307.792164355174,0.990140150147891,3.96250674933396,341.518100283055,TRUE,2.40856750028648,0.0448795424974359,5.56313408846241,"2023-05-24 13:46:56","2023-05-24 13:47:49","2-May-SWH-UP","2023-05-24 13:47:22.5",493.637473365745,5.66738576841189,5.49914891347031e-32,0.931768028870607,22.5355355521643,434.666396144827,5.36934110429016,0.113973841282042,4002.64144427215,4.00560358490006,2.50752260157614e-44,0.977106426126092,13.0536126702129,412.309868249563,0.985947892220688,10.4294481740606,435.03988174269,TRUE,5.30551364644867,0.110698868254072,9.62823481119828,"2023-05-24 13:46:56","2023-05-24 13:47:49","2-May-SWH-UP","COMPASS","Synoptic","CB"
"511",2,"May","SWH","SWAMP","5","2-May-SWH-SWAMP-5","2023-05-24 13:43:12.5",607.836619325747,12.7786773571318,5.43956311614732e-30,0.918601784555855,64.8769838659173,395.272541540493,14.3058631446978,0.0791394152102183,18700.6887768391,2.78134984051723,1.86213669902698e-74,0.998411195989338,9.06396820078146,394.37619533595,0.99854891948631,8.83376077756764,395.283456732752,TRUE,14.3138556625395,0.08431190041528,8.20519735560825,"2023-05-24 13:42:46","2023-05-24 13:43:39","2-May-SWH-UP","2023-05-24 13:43:12.5",477.485807087085,4.12161321777864,7.38663395672514e-30,0.917639807936523,19.4051977543801,320.713190689676,4.2476859519932,0.0396799763696223,3884.54921393244,1.39455030915021,1.17367940455593e-62,0.995482740005146,4.54461336448666,322.092948917149,0.995696698071305,4.52352480644613,320.727991340132,TRUE,4.25015137788896,0.039803263252021,4.86338458062505,"2023-05-24 13:42:46","2023-05-24 13:43:39","2-May-SWH-UP","COMPASS","Synoptic","CB"
"512",2,"May","SWH","UP","1","2-May-SWH-UP-1","2023-05-24 13:53:09.5",435.297081273169,2.66705629010953,7.03850596623032e-30,0.917792338374704,13.1300645633047,237.889844158642,2.88021573764797,0.0184297065407242,17917.7267601581,0.647710893638295,3.55814686607176e-71,0.997875452308537,2.1107847915117,204.770678934446,0.998931594895393,1.52649491146131,238.081706733648,TRUE,2.88775500762185,0.0182283826590856,1.87906972130217,"2023-05-24 13:52:43","2023-05-24 13:53:36","2-May-SWH-UPCON","2023-05-24 13:53:09.5",555.320913872391,8.30631408752622,1.21744726769541e-29,0.916044395773018,39.894416982887,346.513665981654,8.66127035672808,0.0503873411884296,4024.18037299157,1.77085998179616,2.54052063831258e-73,0.998243211807728,5.77094557801184,340.345860731517,0.998544725472767,5.35644204501461,346.631888686607,TRUE,8.66112806633192,0.055869032621144,5.75380236073117,"2023-05-24 13:52:43","2023-05-24 13:53:36","2-May-SWH-UPCON","COMPASS","Synoptic","CB"
"513",2,"May","SWH","UP","2","2-May-SWH-UP-2","2023-05-24 13:56:30.5",456.405372350511,3.73922014906307,7.7008837928955e-32,0.930879785372262,15.9642483691551,274.554143050132,3.81859904287816,0.0258794210192491,17992.4684415779,0.909530647065899,7.01657964897864e-70,0.997617305780984,2.96401292011091,235.362399940661,0.998929222759677,2.02633932238183,277.566716974414,TRUE,3.78285492848833,0.0226093592515981,2.25366130402457,"2023-05-24 13:56:04","2023-05-24 13:56:57","2-May-SWH-UPCON","2023-05-24 13:56:30.5",NA,NA,NA,NA,NA,342.007465370415,4.9760862828587,0.0483282316880448,3920.31587635492,1.69849270608039,8.78997650432433e-62,0.995119049662768,5.53511235907993,334.496899874223,0.996056055668768,5.07406825056727,342.041081341781,TRUE,4.98197070118945,0.0491831726503144,5.02368207578966,"2023-05-24 13:56:04","2023-05-24 13:56:57","2-May-SWH-UPCON","COMPASS","Synoptic","CB"
"514",2,"May","SWH","UP","3","2-May-SWH-UP-3","2023-05-24 13:59:48.5",NA,NA,NA,NA,NA,263.740882608606,2.66649443480838,0.0234137935295704,18035.4730336392,0.822876321822575,4.75565833908039e-64,0.996006737816764,2.68162052307264,260.583863690487,0.996502420704793,2.55937464015497,263.825625848389,TRUE,2.66439582098484,0.0244723191339273,2.45504237994258,"2023-05-24 13:59:22","2023-05-24 14:00:15","2-May-SWH-UPCON","2023-05-24 13:59:48.5",NA,NA,NA,NA,NA,347.942148353859,7.59643775776779,0.0510582258720607,3893.24287698405,1.79443818240412,4.56700500376085e-70,0.997656333671028,5.84778311115093,346.945830430694,0.997863450585657,5.69398746633401,348.060861264114,TRUE,7.59354563908142,0.0476379652560789,5.48377355819975,"2023-05-24 13:59:22","2023-05-24 14:00:15","2-May-SWH-UPCON","COMPASS","Synoptic","CB"
"515",2,"May","SWH","UP","4","2-May-SWH-UP-4","2023-05-24 14:07:11.5",410.990362860624,2.86491850480155,8.00162998634724e-34,0.942001439858555,10.4839173083379,288.252376757066,2.73268699073073,0.0293791016960983,18233.7130096755,1.03252670745578,1.68599006431763e-59,0.994025547173279,3.36483714004721,241.483027881575,0.99766661643227,2.14449341996019,288.63584613156,TRUE,2.71768155988182,0.0294523170241276,3.47910617763727,"2023-05-24 14:06:45","2023-05-24 14:07:38","2-May-SWH-UPCON","2023-05-24 14:07:11.5",471.675239822957,3.97778420121778,1.17295954009978e-29,0.916164312839288,18.3887562952602,334.486544101767,3.98542178611261,0.0450772523600605,3978.40945690089,1.58423723917562,2.32049671776584e-58,0.993391693781632,5.16277231623307,337.565191326731,0.993503488845956,5.22029032501268,334.505195478109,TRUE,3.979383073685,0.0454879975757713,5.82304478188119,"2023-05-24 14:06:45","2023-05-24 14:07:38","2-May-SWH-UPCON","COMPASS","Synoptic","CB"
"516",2,"May","SWH","UP","5","2-May-SWH-UP-5","2023-05-24 14:03:27.5",215.602295379882,-0.535755826871865,6.74347996422966e-35,0.947259666284115,1.71719754041611,216.281807313231,-0.458043082003573,0.015087844707803,18002.5096281613,0.530261366732696,9.356651096476e-35,0.946591812253782,1.7280358249627,196.964656420731,0.965319936872659,1.42005586655165,216.767079171492,TRUE,-0.44888460746004,0.01566820040807,1.7170183598287,"2023-05-24 14:03:01","2023-05-24 14:03:54","2-May-SWH-UPCON","2023-05-24 14:03:27.5",569.554865313828,10.9845951995779,3.279501480566e-31,0.926924211756568,45.5145582147638,395.564523271918,10.5853706165671,0.0793536608332507,4219.66217080159,2.78887948965439,1.3133027799405e-67,0.997086212659478,9.08850610656665,386.317983673844,0.997720063851085,8.19863569788595,395.759576902037,TRUE,10.5516029396915,0.0776076572419135,9.18969400190486,"2023-05-24 14:03:01","2023-05-24 14:03:54","2-May-SWH-UPCON","COMPASS","Synoptic","CB"
"517",2,"Nov","GCW","TR","1","2-Nov-GCW-TR-1","2023-11-07 11:21:18.5",245.51927129016,0.860344354727719,1.12445388370991e-35,0.950767523420331,2.26528971727354,217.179721148017,0.633365974654191,0.0152138082108002,19110.3591592506,0.534688346235156,1.32019503621366e-41,0.970870627927368,1.7424626334322,174.01940069637,0.987836888216137,1.14825126047565,217.21285167365,TRUE,0.636001348979508,0.0150913013486097,2.07162213158611,"2023-11-07 11:20:52","2023-11-07 11:21:45","2-Nov-GCW-TR","2023-11-07 11:21:18.5",400.454481209178,1.74357044730516,7.3379239361974e-24,0.860087209547716,9.50946804185328,331.749778141638,1.56898883147964,0.0439493270127297,3942.59555531506,1.54459637278078,2.99240170599157e-38,0.960798696958273,5.03358915947224,332.516227922742,0.963077193313913,4.98186020793016,331.782141595325,TRUE,1.56193918045159,0.0427804896076582,4.94576042535232,"2023-11-07 11:20:52","2023-11-07 11:21:45","2-Nov-GCW-TR","COMPASS","Synoptic","CB"
"518",2,"Nov","GCW","TR","2","2-Nov-GCW-TR-2","2023-11-07 11:24:41.5",689.683215636469,41.6677802435124,8.62040786032713e-34,0.941835231802242,138.425430898293,565.047772575034,36.033150889815,0.38115416528249,19908.4969737786,13.395639505358,7.28383958860256e-60,0.994215302588283,43.6542173648741,512.126748151152,0.997983984560375,26.2814595236453,565.120797467645,TRUE,35.9579953808958,0.41242586359596,49.6315107785026,"2023-11-07 11:24:15","2023-11-07 11:25:08","2-Nov-GCW-TR","2023-11-07 11:24:41.5",470.761680072226,5.71974960424051,3.9469893657194e-33,0.938334376985876,18.2338639234787,380.157867431557,4.59639928743826,0.0688038952559425,3762.21420968628,2.41810863257897,4.3622043791923e-52,0.988482377774384,7.88022399499913,351.321980355985,0.99372981257178,5.92944546035725,380.248853573195,TRUE,4.61077083791641,0.0754999074271443,7.78994809955552,"2023-11-07 11:24:15","2023-11-07 11:25:08","2-Nov-GCW-TR","COMPASS","Synoptic","CB"
"519",2,"Nov","GCW","TR","3","2-Nov-GCW-TR-3","2023-11-07 11:27:59.5",249.840532681808,0.996538387114257,9.55257233441744e-37,0.955217973621278,2.35776548188998,211.278365241125,0.693762197979313,0.014404796855445,19013.5101111927,0.506255692314013,8.15923719230242e-45,0.978073572375251,1.64980522397912,163.596682655783,0.99157987684925,1.04261657755894,211.296547707139,TRUE,0.694898132557281,0.0148381145130976,2.01422102072314,"2023-11-07 11:27:33","2023-11-07 11:28:26","2-Nov-GCW-TR","2023-11-07 11:27:59.5",452.234998440581,3.52177900359502,1.29536749189246e-29,0.915844171097294,15.3595460293706,322.611726092657,3.32084782443151,0.0403836790083732,3693.94796003805,1.41928189475597,9.79037667822028e-57,0.992368844947719,4.62520959233976,324.271688273192,0.992692471024676,4.61570688280176,322.659872025999,TRUE,3.31339575365957,0.0406153737984113,4.56862553769642,"2023-11-07 11:27:33","2023-11-07 11:28:26","2-Nov-GCW-TR","COMPASS","Synoptic","CB"
"520",2,"Nov","GCW","TR","4","2-Nov-GCW-TR-4","2023-11-07 11:31:34.5",523.472112763859,7.64949472821848,4.19702923782007e-32,0.932472544514324,29.7057337373032,324.015640563915,7.1913607479162,0.0409120616920828,19026.4508114449,1.43785187141253,7.96886252498836e-74,0.998319828470591,4.68572613558519,257.754797082688,0.999542615480303,2.49320214496225,324.492708765616,TRUE,7.16422698988311,0.0382634607778003,4.79370209326822,"2023-11-07 11:31:08","2023-11-07 11:32:01","2-Nov-GCW-TR","2023-11-07 11:31:34.5",474.792859146018,3.88444469216775,5.09822958551521e-29,0.911298707364274,18.9273175684318,322.786098207623,3.99064637039165,0.0404489334089453,3783.20701699556,1.42157525661797,8.0132268134194e-61,0.994686055277992,4.63268328683416,325.468500501758,0.994814146241484,4.66714073397261,322.848072815932,TRUE,3.99019870534532,0.0387424215181711,4.22487834442485,"2023-11-07 11:31:08","2023-11-07 11:32:01","2-Nov-GCW-TR","COMPASS","Synoptic","CB"
"521",2,"Nov","GCW","TR","5","2-Nov-GCW-TR-5","2023-11-07 11:35:09.5",222.839913873257,0.505146440469239,1.4782763854085e-29,0.915416293673883,1.83621908256385,185.414201114606,0.389021061861198,0.0113370742787483,18894.2053722025,0.398440772570395,2.15993360336805e-37,0.957704829935722,1.29845388014952,176.616185133008,0.966629489170251,1.17619475328335,185.55288306519,TRUE,0.388031715212864,0.0118171572817199,1.28961036097419,"2023-11-07 11:34:43","2023-11-07 11:35:36","2-Nov-GCW-TR","2023-11-07 11:35:09.5",NA,NA,NA,NA,NA,340.53847409193,3.0350051132091,0.0476753325016814,3805.32472447083,1.67554660465872,5.19542785826655e-51,0.987331219247354,5.46033473470913,339.71098811004,0.988414632608123,5.32504683520674,340.686643304643,TRUE,3.05010528340639,0.047091723974525,5.17592693132908,"2023-11-07 11:34:43","2023-11-07 11:35:36","2-Nov-GCW-TR","COMPASS","Synoptic","CB"
"522",2,"Nov","GCW","UP","1","2-Nov-GCW-UP-1","2023-11-07 11:39:54.5",364.920087180611,-2.86342465256267,1.02465659662089e-31,0.944091111657408,8.941231540103,236.457011849092,-2.56193533989049,0.0242500024470063,18751.6441398849,0.79638278123411,1.65922950519053e-58,0.995717821543661,2.47451046007156,173.130870479425,0.998886020167303,1.28925041528061,236.569809230231,TRUE,-2.55501072459534,0.0275638094192753,2.60179665520893,"2023-11-07 11:39:30","2023-11-07 11:40:19","2-Nov-GCW-UP","2023-11-07 11:39:54.5",446.435670234333,6.81381941346519,5.05705656975615e-32,0.945710311035366,20.2029607691936,347.008546702018,5.86515636868785,0.0732539423421986,3786.76928464545,2.40569783307569,9.27078390310051e-53,0.992568023436057,7.4749537433398,299.754341310546,0.997333657347602,4.57357733056271,347.013656099682,TRUE,5.86241080589602,0.0799240155319754,8.81051271393405,"2023-11-07 11:39:30","2023-11-07 11:40:19","2-Nov-GCW-UP","COMPASS","Synoptic","CB"
"523",2,"Nov","GCW","UP","2","2-Nov-GCW-UP-2","2023-11-07 11:46:56.5",360.822968720628,-1.63696821070783,6.02201742780299e-30,0.918283217959366,6.58852493295985,211.11801040903,-1.4474264923277,0.0143834249590223,18763.0367343916,0.505504578339403,2.87737292849812e-61,0.994891298059816,1.64735746531106,213.316656005161,0.995058905162778,1.65219319938455,211.397168530762,TRUE,-1.44016071870888,0.0124083980986474,1.21512851556095,"2023-11-07 11:46:30","2023-11-07 11:47:23","2-Nov-GCW-UP","2023-11-07 11:46:56.5",457.136346674111,4.63422980382169,4.08414615773395e-31,0.926305803423491,16.072665368934,353.068607637655,3.70770796292181,0.0535402592821813,3791.46871849615,1.88166909270412,6.85981121964283e-53,0.989273216982715,6.13205450540942,342.669030899267,0.991783988509265,5.47291177499035,353.329247290779,TRUE,3.68258661665348,0.0528352887863915,5.92874848362436,"2023-11-07 11:46:30","2023-11-07 11:47:23","2-Nov-GCW-UP","COMPASS","Synoptic","CB"
"524",2,"Nov","GCW","UP","3","2-Nov-GCW-UP-3","2023-11-07 11:50:40.5",336.598799727274,-1.17008727480418,2.24407814016432e-30,0.921322756526771,5.26473929774158,202.743017950681,-1.17785349555604,0.0133101948629661,18755.6592218461,0.467785973159227,2.21529724034306e-58,0.993403473750704,1.52443864620006,197.203664083104,0.994471655059213,1.4232019782816,202.813772748902,TRUE,-1.17986564161752,0.0139421068737911,1.64098388901278,"2023-11-07 11:50:14","2023-11-07 11:51:07","2-Nov-GCW-UP","2023-11-07 11:50:40.5",451.371098109216,2.90253349385129,3.06434081128391e-30,0.920375869726172,15.2371739202819,332.416493939319,3.38485001489921,0.044221478318844,3804.52942264954,1.55416111355941,3.95264127842897e-55,0.991202618231816,5.06475909897545,328.692525834727,0.992375111461459,4.80856502523176,332.979493931231,TRUE,3.35841990750599,0.0419188419479469,4.92766780978369,"2023-11-07 11:50:14","2023-11-07 11:51:07","2-Nov-GCW-UP","COMPASS","Synoptic","CB"
"525",2,"Nov","GCW","UP","4","2-Nov-GCW-UP-4","2023-11-07 11:54:15.5",379.175448931733,-2.93738747387356,3.02212615667287e-36,0.953191486062929,7.80886683391165,286.97892615945,-2.26282300362452,0.0290347208839104,18717.9445766475,1.02042346516479,1.56080329057976e-55,0.99151141691806,3.32539463567263,207.083134532295,0.998204836107232,1.55953207699868,295.936969161704,TRUE,-2.1868252929164,0.0154487439838719,1.67549077229552,"2023-11-07 11:53:49","2023-11-07 11:54:42","2-Nov-GCW-UP","2023-11-07 11:54:15.5",440.484332585878,5.15127550835043,1.13563765593795e-35,0.950748797587022,13.776093161896,378.331332069464,3.87778855625163,0.0676500433872179,3828.65446221271,2.37755658019732,1.12585678423062e-48,0.984420556970223,7.74807143083435,344.499901168495,0.992267979311581,5.5664822111224,378.749009580597,TRUE,3.83915877073659,0.0633646010954821,7.12874698552242,"2023-11-07 11:53:49","2023-11-07 11:54:42","2-Nov-GCW-UP","COMPASS","Synoptic","CB"
"526",2,"Nov","GCW","UP","5","2-Nov-GCW-UP-5","2023-11-07 11:43:26.5",445.152284245841,-4.12194064699935,2.64694782404242e-30,0.928504323792228,16.8321364165932,288.014895548029,-4.10575223763464,0.0343252585069059,18802.9985435108,1.16680637033075,3.96678669989945e-63,0.996517452327704,3.71490650638096,252.288342895944,0.998377785892251,2.58772322499737,288.017671734006,TRUE,-4.1071488215445,0.0358374558462227,5.09802690123065,"2023-11-07 11:43:01","2023-11-07 11:43:52","2-Nov-GCW-UP","2023-11-07 11:43:26.5",NA,NA,NA,NA,NA,325.319001877816,4.17442519264792,0.0491351572843694,3739.89466966535,1.6702340206723,9.79052564941399e-56,0.993120399131639,5.31773170626033,306.621214819829,0.995553733603529,4.36321812083563,325.38200144215,TRUE,4.17798827815931,0.0521677593373837,5.69701449066964,"2023-11-07 11:43:01","2023-11-07 11:43:52","2-Nov-GCW-UP","COMPASS","Synoptic","CB"
"527",2,"Nov","GWI","TR","1","2-Nov-GWI-TR-1","2023-11-09 12:41:25.5",NA,NA,NA,NA,NA,292.526550809054,0.388206591803224,0.0305651136136818,18805.3589064426,1.07420902276049,1.45049851335921e-17,0.756228639035923,3.50067304783311,277.440514148147,0.828808019897821,2.9917037593284,298.732819696704,TRUE,0.452136213873618,0.0116929036016943,1.22359148515538,"2023-11-09 12:40:59","2023-11-09 12:41:52","2-Nov-GWI-TR","2023-11-09 12:41:25.5",NA,NA,NA,NA,NA,309.379322349206,0.74273984008457,0.0357268841040926,3576.0468470104,1.25561912658998,7.43084001508569e-27,0.89260600669109,4.09185916489674,312.734468777822,0.893880849994944,4.1480523900856,309.386717859786,TRUE,0.744202319607101,0.0382413753458102,4.63373993961248,"2023-11-09 12:40:59","2023-11-09 12:41:52","2-Nov-GWI-TR","COMPASS","Synoptic","CB"
"528",2,"Nov","GWI","TR","2","2-Nov-GWI-TR-2","2023-11-09 12:45:18.5",156.449052903289,0.506434912601208,2.7192564428399e-36,0.953381047533533,0.993003010646792,181.350464149708,0.278655043101552,0.0109184178117129,18646.9197429992,0.383727116995263,4.44138024153438e-31,0.926068099274168,1.25050446209809,141.670579076699,0.967074163667969,0.851048649877903,181.568383931401,TRUE,0.281754885201354,0.0108251904326712,1.41561933247425,"2023-11-09 12:44:52","2023-11-09 12:45:45","2-Nov-GWI-TR","2023-11-09 12:45:18.5",425.100090409067,2.29770078325331,1.21515430395501e-29,0.916050472683767,11.9470934573047,322.877161022364,2.57968162288152,0.0404830532889202,3616.05495999914,1.42277439768408,4.9395259668846e-51,0.987355800883878,4.63659109315653,322.035941179216,0.988440052487577,4.5211376965494,322.947257477769,TRUE,2.5856144258053,0.0434994592587376,4.91824919297954,"2023-11-09 12:44:52","2023-11-09 12:45:45","2-Nov-GWI-TR","COMPASS","Synoptic","CB"
"529",2,"Nov","GWI","TR","3","2-Nov-GWI-TR-3","2023-11-09 12:49:11.5",247.821670676653,0.807774521818885,2.52483680741062e-35,0.949213326538923,2.31410076605888,217.089806440219,0.637161837433005,0.0152011473233854,18609.883317583,0.534243380132002,9.35969604901321e-42,0.971253230671272,1.74101256104265,183.270782877542,0.985729804926795,1.25094727971326,217.091282811004,TRUE,0.637662940235946,0.0161852756605743,2.14312640959248,"2023-11-09 12:48:45","2023-11-09 12:49:38","2-Nov-GWI-TR","2023-11-09 12:49:11.5",NA,NA,NA,NA,NA,320.390862045328,2.07595270978397,0.0395617270553557,3532.6011014283,1.39039444433237,1.03180568944283e-46,0.981464952136523,4.53107007481956,324.094487855547,0.981566401443253,4.60813989606638,320.526772947896,TRUE,2.08923195900684,0.0434903183389642,4.86395603088747,"2023-11-09 12:48:45","2023-11-09 12:49:38","2-Nov-GWI-TR","COMPASS","Synoptic","CB"
"530",2,"Nov","GWI","TR","4","2-Nov-GWI-TR-4","2023-11-09 12:53:12.5",204.08830480973,1.31935797198946,1.23711349264417e-40,0.976221704131179,1.790250424733,231.558319827514,0.771850191282753,0.0230906967445377,18617.2274698377,0.758310574781756,6.64649513924319e-35,0.958810905419085,2.35621298387755,154.409971915814,0.991872880396706,1.06913722391504,231.662716867349,TRUE,0.766654539570122,0.0236892505503351,2.7304358990332,"2023-11-09 12:52:48","2023-11-09 12:53:37","2-Nov-GWI-TR","2023-11-09 12:53:12.5",302.802180804255,3.96355147118006,6.85239538488828e-41,0.97679959506118,4.80421795224078,364.482056798402,2.05443396151437,0.0872403687163323,3656.1582878601,2.86501940055594,5.08274866476102e-28,0.920340025896755,8.90215188228626,295.802607676039,0.981381079959102,4.3963662525394,365.044737350057,TRUE,1.99773432144471,0.0875698456184225,7.73949552647984,"2023-11-09 12:52:48","2023-11-09 12:53:37","2-Nov-GWI-TR","COMPASS","Synoptic","CB"
"531",2,"Nov","GWI","TR","5","2-Nov-GWI-TR-5","2023-11-09 12:57:00.5",266.992786129293,0.731880495283255,2.44518643022121e-30,0.921063023046694,2.76359260661099,219.22775372985,0.609136212227844,0.0155050645395449,18520.0959753229,0.544924531849517,2.45568726498128e-40,0.967406524282596,1.77582070279632,210.241629940622,0.974373464359397,1.60581457866162,219.253268167907,TRUE,0.609892511458021,0.01541769579806,1.6701564365229,"2023-11-09 12:56:34","2023-11-09 12:57:27","2-Nov-GWI-TR","2023-11-09 12:57:00.5",NA,NA,NA,NA,NA,366.834090615042,1.56961100563032,0.0608183806478808,3520.05353212782,2.13745821682112,2.59078816749517e-31,0.927582809863304,6.96562979080792,349.794172007314,0.950951206828053,5.84615582180139,366.847177699071,TRUE,1.57146751965145,0.0640301533383784,6.95927270569931,"2023-11-09 12:56:34","2023-11-09 12:57:27","2-Nov-GWI-TR","COMPASS","Synoptic","CB"
"532",2,"Nov","GWI","UP","1","2-Nov-GWI-UP-1","2023-11-09 13:05:27.5",NA,NA,NA,NA,NA,177.633641145978,0.0131449429422938,0.0105490524737054,18547.2062946295,0.370745795093517,0.218320552245548,0.028994060979852,1.20820043863168,169.855473479848,0.219278596423849,1.10482313167397,177.832841120171,TRUE,0.014855848305714,0.0101820724726722,1.01596160710189,"2023-11-09 13:05:01","2023-11-09 13:05:54","2-Nov-GWI-UP","2023-11-09 13:05:27.5",NA,NA,NA,NA,NA,344.233665111517,2.83491429696712,0.0493347577241228,3504.04926501661,1.73386700120862,9.92307678013759e-49,0.984496011558494,5.65039145180554,340.184618520001,0.986642996002585,5.34845093252797,344.374178451763,TRUE,2.82516074907227,0.0507398726849243,5.19867208042877,"2023-11-09 13:05:01","2023-11-09 13:05:54","2-Nov-GWI-UP","COMPASS","Synoptic","CB"
"533",2,"Nov","GWI","UP","2","2-Nov-GWI-UP-2","2023-11-09 13:09:07.5",NA,NA,NA,NA,NA,196.350367004909,0.0113671680225994,0.0125452117659496,18546.2679946043,0.440900689647422,0.369064494219394,0.0155432510845128,1.43682386604185,181.530552592925,0.305234149266602,1.23095198886245,196.428185811066,TRUE,0.0119980659699697,0.0127287234986212,1.1038097221353,"2023-11-09 13:08:41","2023-11-09 13:09:34","2-Nov-GWI-UP","2023-11-09 13:09:07.5",529.141342872208,7.44428941791567,2.15937568801624e-29,0.914176630321094,31.3067257194197,362.929807855385,6.71507811655437,0.0586590160882191,3511.14165402133,2.06156748326339,3.63748859778559e-64,0.996047691043482,6.71831419401361,365.472227155472,0.996152945775642,6.75951740735637,363.428994988476,TRUE,6.71640211612934,0.052662986160037,5.80363763535227,"2023-11-09 13:08:41","2023-11-09 13:09:34","2-Nov-GWI-UP","COMPASS","Synoptic","CB"
"534",2,"Nov","GWI","UP","3","2-Nov-GWI-UP-3","2023-11-09 13:12:57.5",NA,NA,NA,NA,NA,170.705965767277,0.0376746941053957,0.00989362787158319,18547.7125891148,0.347710938091589,0.000371472228379271,0.218053092318398,1.13313357421444,171.912425297893,0.257476429959469,1.12606708995073,170.716259926916,TRUE,0.037074107616317,0.0101302176879083,1.33680741446485,"2023-11-09 13:12:31","2023-11-09 13:13:24","2-Nov-GWI-UP","2023-11-09 13:12:57.5",NA,NA,NA,NA,NA,332.961204624039,5.96565704379037,0.0444450779400874,3510.82187022313,1.56201950838369,9.51911899209684e-68,0.997122055299702,5.09036833365672,333.311386330575,0.997310145330369,5.0186749007687,332.964504250585,TRUE,5.96490963739636,0.0478430436588142,6.14957493571212,"2023-11-09 13:12:31","2023-11-09 13:13:24","2-Nov-GWI-UP","COMPASS","Synoptic","CB"
"535",2,"Nov","GWI","UP","4","2-Nov-GWI-UP-4","2023-11-09 13:17:02.5",184.651819518626,0.407950094097954,8.86277489899707e-14,0.659967432379244,1.28932025430585,190.022436526961,0.110004821156797,0.0118312828357476,18546.6353965309,0.415809701662693,1.20769042665417e-12,0.624410320094197,1.3550564041042,187.823483594283,0.665143578977903,1.3048077662225,190.026614488113,TRUE,0.110015691939297,0.012527999927014,1.40643284696662,"2023-11-09 13:16:36","2023-11-09 13:17:29","2-Nov-GWI-UP","2023-11-09 13:17:02.5",NA,NA,NA,NA,NA,344.124626597381,3.37206044774554,0.0492849737052978,3522.01352582974,1.73211734495388,1.27675153640456e-52,0.989013886311286,5.64468960573632,336.529601122808,0.991136786561805,5.1704732393145,344.16292643927,TRUE,3.37223330606601,0.0517833935816891,5.98198953756777,"2023-11-09 13:16:36","2023-11-09 13:17:29","2-Nov-GWI-UP","COMPASS","Synoptic","CB"
"536",2,"Nov","GWI","UP","5","2-Nov-GWI-UP-5","2023-11-09 13:20:57.5",NA,NA,NA,NA,NA,185.028091229246,0.256880314347382,0.0112966155654013,18523.2539826912,0.39701885359846,1.10474758594951e-28,0.908625824601219,1.2938200767502,182.899569134031,0.918429168272001,1.24665494934072,185.379091066289,TRUE,0.251702079929087,0.0114801537207091,1.17724839259531,"2023-11-09 13:20:31","2023-11-09 13:21:24","2-Nov-GWI-UP","2023-11-09 13:20:57.5",492.872999389005,4.25784111481754,7.01932960240109e-29,0.910203026332461,22.3765818409157,328.476843314417,4.6914638005872,0.0426374237471379,3504.68594495327,1.49848961385623,2.82835352062168e-63,0.995723315699174,4.88333470724716,324.153598241784,0.996334210070945,4.61066270610738,328.53999257918,TRUE,4.68111474769603,0.0442931777175898,5.37467128795997,"2023-11-09 13:20:31","2023-11-09 13:21:24","2-Nov-GWI-UP","COMPASS","Synoptic","CB"
"537",2,"Nov","MSM","TR","1","2-Nov-MSM-TR-1","2023-11-06 12:40:28.5",NA,NA,NA,NA,NA,233.14679072472,1.77771279664322,0.0176378416423613,19203.774781735,0.619880850884978,2.65284616252756e-61,0.994907235268851,2.02009119415555,224.510751017091,0.995969783417955,1.83263101038349,233.161820301456,TRUE,1.77607570620307,0.0165296408624115,1.59009747628998,"2023-11-06 12:40:02","2023-11-06 12:40:55","2-Nov-MSM-TR","2023-11-06 12:40:28.5",NA,NA,NA,NA,NA,314.288687278845,1.15913886835277,0.0373884018064951,3603.75660921979,1.31401306321837,3.32108485358375e-35,0.948675593479593,4.28215553718618,311.091247937465,0.955080118765146,4.08541744459496,314.57137852626,TRUE,1.14686329906368,0.0366214450568799,3.5066726367063,"2023-11-06 12:40:02","2023-11-06 12:40:55","2-Nov-MSM-TR","COMPASS","Synoptic","CB"
"538",2,"Nov","MSM","TR","2","2-Nov-MSM-TR-2","2023-11-06 12:57:44.5",220.652946279874,-1.20590122817308,6.26739910880959e-40,0.966211314645327,1.79941013992661,224.077764356859,-0.605144274112001,0.0162172294091051,19174.2381678588,0.569953522032368,3.26371195071386e-39,0.963998933946763,1.85738612394911,177.312018058218,0.985938477904518,1.18379732044784,225.901066266634,TRUE,-0.585164111150977,0.0138578873949033,1.4135930792431,"2023-11-06 12:57:18","2023-11-06 12:58:11","2-Nov-MSM-TR","2023-11-06 12:57:44.5",402.055858172291,3.19320555521227,7.20528268322207e-32,0.931056161187235,9.65152083825391,336.703164729414,2.29041615643107,0.046011989419167,3565.18870981371,1.61708851515947,1.51885054430539e-45,0.979445966908721,5.26982929861445,320.580447601189,0.985840096554985,4.46061599764882,336.932258485421,TRUE,2.29181675507004,0.04867789865641,4.66056689131221,"2023-11-06 12:57:18","2023-11-06 12:58:11","2-Nov-MSM-TR","COMPASS","Synoptic","CB"
"539",2,"Nov","MSM","TR","3","2-Nov-MSM-TR-3","2023-11-06 12:53:40.5",175.71440177499,0.239076168877526,3.31374978656503e-17,0.748406110815979,1.1869194781041,191.745052414222,0.121169950616815,0.0120215065527044,19078.955960726,0.422495102400301,7.90430343933882e-14,0.661447174617825,1.37684304122997,172.232588315801,0.780957859076536,1.12941023763214,191.840102576226,TRUE,0.122301771390924,0.0127897406373448,1.48249211456199,"2023-11-06 12:53:14","2023-11-06 12:54:07","2-Nov-MSM-TR","2023-11-06 12:53:40.5",391.152242343758,2.56567776324367,4.90986086931368e-31,0.925782820110888,8.72468266743624,333.942808012523,1.99027810928938,0.0448508770539622,3616.38870130662,1.57628129307921,5.2197460223232e-43,0.974272468343786,5.13684517777158,328.372753505416,0.978450805071257,4.79434861865427,334.124929592613,TRUE,2.00477219275972,0.0488835046704608,4.75932411079263,"2023-11-06 12:53:14","2023-11-06 12:54:07","2-Nov-MSM-TR","COMPASS","Synoptic","CB"
"540",2,"Nov","MSM","TR","4","2-Nov-MSM-TR-4","2023-11-06 12:49:36.5",187.361571621361,0.284709929457996,2.86462218534732e-14,0.674294670682293,1.32207892663661,181.450386073492,0.122732068107607,0.0109285242391332,19046.3886601375,0.384082306760301,1.62534580540396e-15,0.708066313406004,1.25166196795681,185.011455699533,0.710429631803524,1.27127257842059,181.46882355396,TRUE,0.124161547279409,0.0103880528918573,1.1275913049604,"2023-11-06 12:49:10","2023-11-06 12:50:03","2-Nov-MSM-TR","2023-11-06 12:49:36.5",NA,NA,NA,NA,NA,325.497686649011,0.944869789587412,0.0414773533304211,3598.2698285013,1.45771901099098,1.0148646828274e-28,0.908923025618812,4.75046992248905,328.1578898552,0.911154938594319,4.78481984817305,325.757858673085,TRUE,0.932307291023956,0.0391694897046831,5.12277022601029,"2023-11-06 12:49:10","2023-11-06 12:50:03","2-Nov-MSM-TR","COMPASS","Synoptic","CB"
"541",2,"Nov","MSM","TR","5","2-Nov-MSM-TR-5","2023-11-06 12:45:25.5",NA,NA,NA,NA,NA,178.41309487449,-0.0739354440262123,0.0106254621158657,19031.8791220835,0.373431207229455,5.76690575932697e-09,0.482166202374615,1.21695176140725,175.547913782333,0.543986983719474,1.16461788895546,178.415255113242,TRUE,-0.0738216883748237,0.0115139766660566,1.3291033369199,"2023-11-06 12:44:59","2023-11-06 12:45:52","2-Nov-MSM-TR","2023-11-06 12:45:25.5",NA,NA,NA,NA,NA,307.028314192916,1.72763674924251,0.0349575639563969,3590.25540631172,1.22858141770097,2.19318869022537e-45,0.979153573838717,4.00374765514636,304.71435126657,0.981453941493483,3.85117606532197,307.056055462168,TRUE,1.72278388966287,0.03551249148387,4.45074618282938,"2023-11-06 12:44:59","2023-11-06 12:45:52","2-Nov-MSM-TR","COMPASS","Synoptic","CB"
"542",2,"Nov","MSM","UP","1","2-Nov-MSM-UP-1","2023-11-06 13:19:00.5",185.273933904898,-0.0852451965957131,1.19076702805403e-15,0.711513268232935,1.29676858125109,165.101030340641,-0.13608554010531,0.00939326882507582,19233.2978133724,0.330125850426891,6.80714732458203e-20,0.801442882117519,1.07582662451726,167.921693790251,0.80573227363414,1.08521691951335,165.211087907207,TRUE,-0.138148610212584,0.00955176472216028,1.14290150562868,"2023-11-06 13:18:34","2023-11-06 13:19:27","2-Nov-MSM-UP","2023-11-06 13:19:00.5",464.195304060976,3.38888200651685,6.44527252983937e-29,0.910496685497236,17.1582780529907,336.877169662704,3.59569795744013,0.0460861816999779,3677.83985995116,1.61969599826827,1.4744135366894e-55,0.991529983738567,5.27832666332491,339.314361457429,0.991771600405155,5.30552663136169,336.877304356535,TRUE,3.59622281441901,0.0521271737110151,5.52806240386269,"2023-11-06 13:18:34","2023-11-06 13:19:27","2-Nov-MSM-UP","COMPASS","Synoptic","CB"
"543",2,"Nov","MSM","UP","2","2-Nov-MSM-UP-2","2023-11-06 13:15:23.5",201.748925295236,-0.125099016388078,7.03919907180646e-18,0.762875945360568,1.51047123729074,180.332700018518,-0.179049044055826,0.0108160087558365,19194.7216699237,0.38012795707637,2.23458744362462e-22,0.840509130335588,1.23877538344026,182.802392606073,0.844965503387564,1.24553373532658,180.381922241857,TRUE,-0.176822293719486,0.0114938227073491,1.37047017013051,"2023-11-06 13:14:57","2023-11-06 13:15:50","2-Nov-MSM-UP","2023-11-06 13:15:23.5",502.160599680387,5.89357936699826,4.60847702607656e-31,0.925963161468537,24.3860502429892,361.188321945189,5.62741495192916,0.0577207322887347,3704.94008858156,2.02859155730887,1.48136758448663e-60,0.99455898811692,6.61085099758685,351.551235425381,0.995773279434989,5.94204545318714,361.283860985171,TRUE,5.62633052826657,0.0568561647194235,5.29881802569799,"2023-11-06 13:14:57","2023-11-06 13:15:50","2-Nov-MSM-UP","COMPASS","Synoptic","CB"
"544",2,"Nov","MSM","UP","3","2-Nov-MSM-UP-3","2023-11-06 13:11:53.5",NA,NA,NA,NA,NA,160.3206603287,-0.145402520954716,0.00898656482724542,19192.1476328693,0.315832263640856,6.06745177952822e-22,0.834285156525241,1.02924614254537,160.897084245419,0.844465286641573,1.01687806371359,160.321490441096,TRUE,-0.145537484818552,0.00973646352401183,1.19378000104729,"2023-11-06 13:11:27","2023-11-06 13:12:20","2-Nov-MSM-UP","2023-11-06 13:11:53.5",388.924020443502,3.47536651645675,2.08763042252164e-29,0.914287901020501,8.54652196672837,351.799980010843,1.79795107805995,0.0529150251986492,3666.15199539066,1.85969527960608,3.52645086976661e-37,0.95690048415745,6.060445411052,347.832775965489,0.962812564530127,5.74094164370678,352.190874309347,TRUE,1.83028410278052,0.0491301805047493,4.58252346863994,"2023-11-06 13:11:27","2023-11-06 13:12:20","2-Nov-MSM-UP","COMPASS","Synoptic","CB"
"545",2,"Nov","MSM","UP","4","2-Nov-MSM-UP-4","2023-11-06 13:07:52.5",NA,NA,NA,NA,NA,175.556784486889,0.0423794661704672,0.0103481306380654,19066.7737550042,0.363684409638124,0.000147725771091476,0.243879301057358,1.1851885282676,168.630998499727,0.382381070715727,1.09236768554917,175.826573679122,TRUE,0.0404582182107093,0.0100616079309219,1.05975185937804,"2023-11-06 13:07:26","2023-11-06 13:08:19","2-Nov-MSM-UP","2023-11-06 13:07:52.5",456.583769676645,3.17922809315895,2.75970070638508e-29,0.913364499094075,15.9906403386281,349.632961066027,3.40002754234707,0.0518638667435606,3668.72268049793,1.82275238087915,1.14957131842342e-51,0.988045125024666,5.94005449350987,346.894430665211,0.989447618775881,5.69127820719267,349.644364768491,TRUE,3.3962355513489,0.0523571863861075,6.52112673074205,"2023-11-06 13:07:26","2023-11-06 13:08:19","2-Nov-MSM-UP","COMPASS","Synoptic","CB"
"546",2,"Nov","MSM","UP","5","2-Nov-MSM-UP-5","2023-11-06 13:03:29.5",205.639364359385,-0.279319934597395,1.18136221437537e-24,0.869551932775647,1.56587420228366,164.274447206009,-0.264563643572909,0.00932165140878307,19104.4406086133,0.327608860771926,2.55090956623846e-33,0.939359789603152,1.0676241633015,167.346567547902,0.940392866631427,1.07945323585445,164.685663275945,TRUE,-0.261076587796425,0.0094123394724936,0.996382396347259,"2023-11-06 13:03:03","2023-11-06 13:03:56","2-Nov-MSM-UP","2023-11-06 13:03:29.5",475.416065705643,4.771481132357,1.19207438054171e-31,0.929709997281532,19.0368520772428,340.193822330302,4.50788835501343,0.0475234325284052,3665.78970146138,1.67020808951649,6.11891653223318e-60,0.994253942532565,5.44293737937339,325.786995266144,0.995913671891035,4.68092456590506,340.298764375128,TRUE,4.49277515677722,0.0505513128220083,5.6043311348224,"2023-11-06 13:03:03","2023-11-06 13:03:56","2-Nov-MSM-UP","COMPASS","Synoptic","CB"
"547",2,"Nov","SWH","TR","2","2-Nov-SWH-TR-2","2023-11-08 12:33:41.5",NA,NA,NA,NA,NA,632.502499897517,32.7647084281567,0.711791289071608,19147.4675634259,25.0158607197448,8.13674227159729e-44,0.976046629489298,81.5226343611557,427.367206008205,0.999501806522153,11.9897624213025,633.648927289176,TRUE,33.4049433994246,0.663936663318476,87.4153666720415,"2023-11-08 12:33:15","2023-11-08 12:34:08","2-Nov-SWH-TR","2023-11-08 12:33:41.5",NA,NA,NA,NA,NA,437.925748888082,6.13273302006557,0.117465908574369,3612.79679712497,4.12833207336298,1.3363069519547e-46,0.981279745637841,13.4535649166196,330.488640712682,0.997622722542971,4.88920347352717,440.226445913173,TRUE,6.28344007029417,0.106295936360412,11.9571226832059,"2023-11-08 12:33:15","2023-11-08 12:34:08","2-Nov-SWH-TR","COMPASS","Synoptic","CB"
"548",2,"Nov","SWH","TR","3","2-Nov-SWH-TR-3","2023-11-08 12:00:19.5",NA,NA,NA,NA,NA,228.262702933866,1.63396258748963,0.016857971856293,19216.1789521047,0.5924723756095,2.00470342945872e-60,0.994495314427436,1.93077141686258,215.325281460949,0.995977338699519,1.68320884916017,228.28728920094,TRUE,1.6326185045094,0.0170857958184148,1.78852107976297,"2023-11-08 11:59:53","2023-11-08 12:00:46","2-Nov-SWH-TR","2023-11-08 12:00:19.5",NA,NA,NA,NA,NA,375.880796513038,4.25511721942649,0.0661323377525201,3757.49262604915,2.32421690977133,3.00416084858118e-51,0.987595277834516,7.57424609266997,373.62120688513,0.988953000048808,7.28928173752195,376.995629061634,TRUE,4.21203667341893,0.0615184549969731,6.66852030067296,"2023-11-08 11:59:53","2023-11-08 12:00:46","2-Nov-SWH-TR","COMPASS","Synoptic","CB"
"549",2,"Nov","SWH","TR","4","2-Nov-SWH-TR-4","2023-11-08 11:53:03.5",382.890163031952,3.97082681168366,7.6248056839394e-39,0.962805464412049,8.0821292799608,353.40467939576,2.60995387065092,0.0537071240395014,19396.6907910197,1.88753354425368,5.16780509339197e-45,0.978455202266092,6.15116580222863,309.826085890578,0.991073277394716,4.03783819824999,362.836468488862,TRUE,2.47154953156502,0.0220021731575847,2.21609466662034,"2023-11-08 11:52:37","2023-11-08 11:53:30","2-Nov-SWH-TR","2023-11-08 11:53:03.5",449.409094901622,3.60123381187417,2.99771770372644e-31,0.927175916338602,14.9628640048001,329.122101286031,3.4772989110442,0.0428929282716122,3692.66311456861,1.5074693045263,2.04205403436143e-56,0.992150029285021,4.91259806329849,324.784291464556,0.993273157163857,4.63766660444919,329.959623374832,TRUE,3.4433365947962,0.0391839319393063,4.76740787438975,"2023-11-08 11:52:37","2023-11-08 11:53:30","2-Nov-SWH-TR","COMPASS","Synoptic","CB"
"550",2,"Nov","SWH","TR","5","2-Nov-SWH-TR-5","2023-11-08 11:41:52.5",NA,NA,NA,NA,NA,291.92112223935,3.09558761745162,0.0303942504472739,19344.072413635,1.06820404737146,1.54537040247309e-61,0.995011978388186,3.48110380660366,277.598585802844,0.996447210284388,2.99608570200974,298.798967888579,TRUE,3.16366890930323,0.0166033362609647,1.83524430652189,"2023-11-08 11:41:26","2023-11-08 11:42:19","2-Nov-SWH-TR","2023-11-08 11:41:52.5",NA,NA,NA,NA,NA,380.274178239228,5.3630461933415,0.0688780336578217,3683.42439816034,2.42071422211605,1.63713567725341e-55,0.991495816260433,7.88871518886637,355.777166883534,0.994982981592376,6.1791605040277,381.428051565127,TRUE,5.4230516382508,0.064937222380772,7.51926699537424,"2023-11-08 11:41:26","2023-11-08 11:42:19","2-Nov-SWH-TR","COMPASS","Synoptic","CB"
"551",2,"Nov","SWH","TR","6","2-Nov-SWH-TR-6","2023-11-08 12:19:22.5",591.419754957298,16.4605844046643,2.52774626001427e-34,0.944513069854118,55.7281228137665,462.758486238095,14.8573080993314,0.147832652097062,19704.6489969594,5.19556939157559,3.07751290354478e-61,0.994878069530767,16.9315183096266,350.316754195443,0.999407139977977,5.87451230534635,463.087418455949,TRUE,14.7949756607254,0.158557333387649,18.1734251610603,"2023-11-08 12:18:56","2023-11-08 12:19:49","2-Nov-SWH-TR","2023-11-08 12:19:22.5",386.831808982597,2.87450351246764,1.91955603617639e-34,0.945096725747107,8.38254933091512,342.557706425636,2.22503653696665,0.0485750838512857,3637.43665800383,1.7071683100514,1.043750390437e-43,0.975816219070358,5.56338474587943,313.886871150084,0.986794059966794,4.19255072164097,342.627912609297,TRUE,2.21349033511502,0.0500864639347553,6.65390753481345,"2023-11-08 12:18:56","2023-11-08 12:19:49","2-Nov-SWH-TR","COMPASS","Synoptic","CB"
"552",2,"Nov","SWH","TR","7","2-Nov-SWH-TR-7","2023-11-08 12:29:31.5",NA,NA,NA,NA,NA,291.760249066335,1.97287835951792,0.0303490098953123,19599.4003902959,1.06661407097792,1.77294206116937e-51,0.987844291567261,3.4759223313138,291.478693706178,0.988770875250837,3.40697972727816,291.936235242822,TRUE,1.97817842689406,0.0294616660323627,3.29493328823639,"2023-11-08 12:29:05","2023-11-08 12:29:58","2-Nov-SWH-TR","2023-11-08 12:29:31.5",373.63909192563,1.75466884542263,6.79839655033241e-24,0.860496347360937,7.41865146028385,328.574204095534,1.21211532009296,0.0426758782339805,3647.13622110781,1.49984109441194,2.45946658922728e-33,0.939444770985305,4.88773896326791,326.046659160833,0.946339596574909,4.6921924311476,328.783528537824,TRUE,1.21619388634638,0.0426364574023489,4.30936738103248,"2023-11-08 12:29:05","2023-11-08 12:29:58","2-Nov-SWH-TR","COMPASS","Synoptic","CB"
"553",2,"Nov","SWH","TR","8","2-Nov-SWH-TR-8","2023-11-08 12:11:21.5",NA,NA,NA,NA,NA,217.727137427118,5.17261666973277,0.015291117735357,19477.3340232963,0.537405384682122,1.35147244647595e-88,0.999545782451573,1.75131702122795,211.214813695045,0.999626131697472,1.62034990096043,217.785414252182,TRUE,5.17453772714365,0.0154998377775028,1.76298698081997,"2023-11-08 12:10:55","2023-11-08 12:11:48","2-Nov-SWH-TR","2023-11-08 12:11:21.5",NA,NA,NA,NA,NA,328.578133896092,0.752377684375121,0.0426774311112149,3644.68747694347,1.49989567018606,1.37712654695024e-23,0.856668719374787,4.8879168168676,328.765387893619,0.866439816198762,4.81181021190074,328.58477170735,TRUE,0.753625016896922,0.0450627680030636,5.26754844858506,"2023-11-08 12:10:55","2023-11-08 12:11:48","2-Nov-SWH-TR","COMPASS","Synoptic","CB"
"554",2,"Nov","SWH","TR","9","2-Nov-SWH-TR-9","2023-11-08 11:37:24.5",566.062316524851,20.6106376178863,5.62192394340281e-40,0.966352175571075,44.066234025879,517.754977974923,15.0209046237225,0.245994131578232,19737.6910538158,8.6454485014308,4.40893505856926e-50,0.986245472294885,28.1741150131225,283.122717253012,0.999834328419618,3.15332053589248,517.92487361494,TRUE,14.9355991308203,0.245456757711559,35.6551523318914,"2023-11-08 11:36:58","2023-11-08 11:37:51","2-Nov-SWH-TR","2023-11-08 11:37:24.5",422.026781442905,3.22530951042754,1.21203928067606e-31,0.92966514292403,11.611911897761,333.934328487326,2.73769702813602,0.0448473557649578,3760.27336697018,1.57615753759549,4.47335151219527e-50,0.986237798839642,5.13644187871413,325.876427690751,0.988991900406055,4.68480234191297,334.081668556186,TRUE,2.72927941596313,0.0468507834251521,4.12951842439918,"2023-11-08 11:36:58","2023-11-08 11:37:51","2-Nov-SWH-TR","COMPASS","Synoptic","CB"
"555",2,"Nov","SWH","TR","10","2-Nov-SWH-TR-10","2023-11-08 11:49:29.5",585.387715923893,33.0344624558003,2.90374223285423e-40,0.967195883215406,52.7009090095242,590.038797201044,17.9896951799353,0.480391935368562,20099.4861871011,16.883344781787,2.72997938309214e-39,0.964245177540966,55.0200834126242,542.052715241525,0.986346717996742,34.6728173182484,592.118814254922,TRUE,17.3516916748203,0.384949649138653,31.5700007376097,"2023-11-08 11:49:03","2023-11-08 11:49:56","2-Nov-SWH-TR","2023-11-08 11:49:29.5",409.706009306365,2.76665596350246,1.41519466627143e-31,0.929245278202551,10.3599792659724,331.057734783277,2.43190519777081,0.043668608480978,3654.09232160073,1.53473053738834,4.93446166586451e-48,0.983509742610428,5.00143800143793,318.49215981879,0.987866140644285,4.37519405639979,331.124909619235,TRUE,2.42246736833101,0.0473706278460932,4.49757769152784,"2023-11-08 11:49:03","2023-11-08 11:49:56","2-Nov-SWH-TR","COMPASS","Synoptic","CB"
"556",2,"Nov","SWH","SWAMP","1b","2-Nov-SWH-SWAMP-1b","2023-11-08 14:58:38.5",404.749666748181,10.2129092215945,4.43590115477222e-38,0.960201109346681,9.89528295846607,450.569353990771,2.9742538196884,0.132055008826401,21491.9850384594,4.64106509712228,1.73772123345038e-28,0.907023035810482,15.1244787136343,408.125874432029,0.960658209346021,10.0331305964516,454.063752968546,TRUE,2.75814194827737,0.0981954801941988,9.91714521641006,"2023-11-08 14:58:12","2023-11-08 14:59:05","2-Nov-SWH-UP","2023-11-08 14:58:38.5",379.957809795287,2.10579825590048,1.68420900431277e-27,0.898552987914268,7.86564029365713,321.946785876033,1.52768316907783,0.0401358064390825,3831.58237106669,1.41057042867761,1.20520169543006e-39,0.965351362848209,4.59682033674659,324.665670031461,0.96616370558864,4.63257563542568,321.990538555718,TRUE,1.53591052172847,0.0412744845608,5.2090025067165,"2023-11-08 14:58:12","2023-11-08 14:59:05","2-Nov-SWH-UP","COMPASS","Synoptic","CB"
"557",2,"Nov","SWH","SWAMP","2c","2-Nov-SWH-SWAMP-2c","2023-11-08 14:45:19.5",NA,NA,NA,NA,NA,523.404403873433,-1.19860034491084,0.259204462129324,22319.7882111169,9.10972474954131,2.52619189783735e-05,0.291386738196651,29.6871160344069,508.415875741527,0.501466644994749,25.3937682589011,527.928117802905,TRUE,-1.67721871592007,0.058483010965552,7.38956210071209,"2023-11-08 14:44:53","2023-11-08 14:45:46","2-Nov-SWH-UP","2023-11-08 14:45:19.5",409.344049601899,2.31048974860567,1.41271635246063e-29,0.915563488459692,10.3253161344833,306.39493469077,2.22316871171457,0.0347531509409056,3684.00192497264,1.22139733494617,4.04695804800598e-51,0.987452332166633,3.98033589417597,308.583225241791,0.987866325019429,3.99163723108385,306.475773206529,TRUE,2.22420251473969,0.0349371131437534,4.38760158461196,"2023-11-08 14:44:53","2023-11-08 14:45:46","2-Nov-SWH-UP","COMPASS","Synoptic","CB"
"558",2,"Nov","SWH","SWAMP","3","2-Nov-SWH-SWAMP-3","2023-11-08 14:17:50.5",402.123880819845,3.18519273717652,1.44191347945622e-35,0.950294843800749,9.65760166043394,310.607842010412,2.71489751063197,0.0361356041400228,19043.2431655769,1.26998356691002,1.03220704101198e-54,0.99087181194126,4.13867054704877,244.380509048991,0.997513537422473,2.2028057439384,310.610236658155,TRUE,2.71343082520839,0.0416209052038596,4.79310220653573,"2023-11-08 14:17:24","2023-11-08 14:18:17","2-Nov-SWH-UP","2023-11-08 14:17:50.5",452.838378338499,4.48616684208513,2.18825556444424e-33,0.93971596440431,15.4455976780696,351.517456289889,3.94244390022898,0.0527767824868293,3661.59045197086,1.85483674807092,1.38791845075683e-54,0.990767277678642,6.04461224447379,328.75459871545,0.99437542452488,4.81132953704328,351.528953868362,TRUE,3.9464877612849,0.0502219646697864,6.05765227991662,"2023-11-08 14:17:24","2023-11-08 14:18:17","2-Nov-SWH-UP","COMPASS","Synoptic","CB"
"559",2,"Nov","SWH","SWAMP","4","2-Nov-SWH-SWAMP-4","2023-11-08 14:31:48.5",202.026550542967,0.612116910793879,3.57716298488123e-37,0.956876828973626,1.5143590557955,215.769254792315,0.446193136178991,0.0150164096037442,18937.0289778098,0.527750784429888,2.69120968858699e-34,0.944379324891475,1.71985424426882,189.066920183433,0.968499820803622,1.31991722473626,217.078967375726,TRUE,0.439116557246646,0.0116855361014196,1.07495760427835,"2023-11-08 14:31:22","2023-11-08 14:32:15","2-Nov-SWH-UP","2023-11-08 14:31:48.5",480.18901852088,4.56231207985424,1.44266312988203e-31,0.929193018253809,19.8970343137622,329.504585886464,4.69764753234951,0.043045103917669,3693.92426790404,1.5128175081713,4.32423129045283e-63,0.995652916537352,4.93002699189404,317.790709957328,0.9967504794919,4.34686966343218,329.620930030304,TRUE,4.71098322746448,0.0414050542971329,5.04252892281566,"2023-11-08 14:31:22","2023-11-08 14:32:15","2-Nov-SWH-UP","COMPASS","Synoptic","CB"
"560",2,"Nov","SWH","SWAMP","5","2-Nov-SWH-SWAMP-5","2023-11-08 14:24:14.5",NA,NA,NA,NA,NA,193.279755284012,-0.204962376194533,0.0121935542282872,19386.2267332382,0.42854170729083,1.14112619652813e-22,0.844565018383299,1.3965479462556,196.879156505226,0.845713845603949,1.41893210165015,193.482186869762,TRUE,-0.199894426584506,0.0112746087017735,1.32815837493456,"2023-11-08 14:23:48","2023-11-08 14:24:41","2-Nov-SWH-UP","2023-11-08 14:24:14.5",434.984480665267,2.49627591347124,1.83072039855089e-27,0.898227681446962,13.0921151947396,332.387049158861,2.56413059312148,0.0442094235573841,3764.70384967623,1.55373744971535,6.16337183635592e-49,0.98477733079452,5.06337844719466,336.259796587481,0.984813161223171,5.15757253495463,333.291248915102,TRUE,2.53765917766438,0.0445229287497453,4.30348129920052,"2023-11-08 14:23:48","2023-11-08 14:24:41","2-Nov-SWH-UP","COMPASS","Synoptic","CB"
"561",2,"Nov","SWH","UP","1b","2-Nov-SWH-UP-1b","2023-11-08 15:38:29.5",187.904573059765,0.308533465755702,1.96947354583758e-17,0.753361185835765,1.32874280154024,204.453459839016,0.137362832372072,0.0135226721799981,18940.6860979666,0.475253475291644,6.03322287409141e-14,0.664914460210104,1.54877402497244,191.341679312889,0.755918785230282,1.34801293835585,204.604366215536,TRUE,0.133504434256971,0.0139279725437084,1.71099232233206,"2023-11-08 15:38:03","2023-11-08 15:38:56","2-Nov-SWH-UPCON","2023-11-08 15:38:29.5",NA,NA,NA,NA,NA,374.924017176401,7.20594511642432,0.0655490543682612,4153.24993297883,2.30371745139808,2.96400124566248e-63,0.995715603871501,7.50744168132925,369.099116960604,0.996428316623486,6.9903722611528,375.26744584664,TRUE,7.16858830670765,0.06358661590798,7.80229836700385,"2023-11-08 15:38:03","2023-11-08 15:38:56","2-Nov-SWH-UPCON","COMPASS","Synoptic","CB"
"562",2,"Nov","SWH","UP","2","2-Nov-SWH-UP-2","2023-11-08 15:25:05.5",280.407597602177,-0.59570083461023,8.64705087906601e-28,0.901115917697348,3.12909154026232,176.177895235086,-0.622003049959442,0.0104078144577692,18845.6651767441,0.365781993780916,1.32810497273499e-49,0.985649732189046,1.19202421491577,172.011885405701,0.987663699198431,1.12710459311124,176.301005727051,TRUE,-0.625200868500568,0.00985297270230271,1.10516996541741,"2023-11-08 15:24:39","2023-11-08 15:25:32","2-Nov-SWH-UPCON","2023-11-08 15:25:05.5",490.447499479789,4.95207351426413,6.85869754228008e-31,0.924823917017512,21.8796422302715,352.519166332212,5.00960556133338,0.0532685692100215,4044.74166177937,1.87212056196423,9.54286085913964e-60,0.994154893921773,6.10093739179437,341.670506138447,0.995560110207941,5.42254461993038,352.776644142795,TRUE,4.99495737805336,0.0514423992492262,6.19187579621479,"2023-11-08 15:24:39","2023-11-08 15:25:32","2-Nov-SWH-UPCON","COMPASS","Synoptic","CB"
"563",2,"Nov","SWH","UP","3","2-Nov-SWH-UP-3","2023-11-08 15:14:22",177.284266615889,-0.245945715795437,1.84353138435512e-11,0.636925776620011,1.52955534941804,163.411380916192,-0.15642117874795,0.0141909832534705,19126.6956994618,0.441519781570285,2.25740202975967e-14,0.729725122850583,1.31968514475841,164.696009123807,0.74489744603613,1.31158644932256,163.474806584925,TRUE,-0.156305922626388,0.0146098370119922,1.36728408776814,"2023-11-08 15:13:59","2023-11-08 15:14:45","2-Nov-SWH-UPCON","2023-11-08 15:14:22",421.973474755515,6.41842039137574,4.76760119096619e-28,0.932970571577996,20.6569898613553,314.086451978622,5.73603514361181,0.0704943855225473,3952.55958926608,2.19327055369717,1.7172893607782e-50,0.993249185370761,6.55559884056848,308.940276259556,0.994442970515961,6.08453870300549,314.226432583753,TRUE,5.7113787483451,0.06174083993942,5.65037061165205,"2023-11-08 15:13:59","2023-11-08 15:14:45","2-Nov-SWH-UPCON","COMPASS","Synoptic","CB"
"564",2,"Nov","SWH","UP","4","2-Nov-SWH-UP-4","2023-11-08 15:19:57.5",237.600071001771,0.71574063569512,6.03322103569094e-36,0.951931364290305,2.10512896787158,244.897064531084,0.587671272176796,0.0196651005449238,19046.0085068508,0.691128739315186,2.03196240197698e-34,0.944976552642317,2.25227651140573,213.727252212034,0.971312353652179,1.65848649052128,251.239135935186,TRUE,0.544547952071077,0.00868014518798146,0.8135971909314,"2023-11-08 15:19:31","2023-11-08 15:20:24","2-Nov-SWH-UPCON","2023-11-08 15:19:57.5",NA,NA,NA,NA,NA,324.751882789655,2.18646011863982,0.0411919143772054,3968.22738125685,1.44768727667888,5.74010522961381e-47,0.981878181144005,4.71777812677209,322.453402346357,0.983873269944089,4.53864743620903,324.778195917074,TRUE,2.18363111094104,0.0391669573914196,4.7633007195434,"2023-11-08 15:19:31","2023-11-08 15:20:24","2-Nov-SWH-UPCON","COMPASS","Synoptic","CB"
"565",2,"Nov","SWH","UP","5","2-Nov-SWH-UP-5","2023-11-08 15:09:11.5",507.012335772736,5.2959243918807,1.66636500090964e-28,0.907172575861742,25.5065361720786,322.747814479163,5.26288605040248,0.040434597653817,19503.5842692836,1.42107142739288,4.69340908808295e-67,0.996939934977305,4.63104138907346,322.120870060566,0.997191214989926,4.52469442045211,323.230454414095,TRUE,5.27827732084099,0.0293641909437296,2.48821426939874,"2023-11-08 15:08:45","2023-11-08 15:09:38","2-Nov-SWH-UPCON","2023-11-08 15:09:11.5",570.985877528895,9.17941388005065,4.33418711249009e-28,0.90370307453786,46.1216443570199,396.427540440363,9.34002590566059,0.0799903082836515,4630.57914662444,2.81125442482335,1.30494420639997e-64,0.996200480567158,9.16142239272081,398.089737022168,0.9963614620539,9.14278897401446,397.052178515585,TRUE,9.39448174600706,0.080959594170036,7.74144946629659,"2023-11-08 15:08:45","2023-11-08 15:09:38","2-Nov-SWH-UPCON","COMPASS","Synoptic","CB"
"566",2,"Oct","GCW","TR","1","2-Oct-GCW-TR-1","2023-10-12 09:58:06.5",NA,NA,NA,NA,NA,233.062628020419,0.584835671783083,0.0176241021034984,20237.9772524708,0.619397975643565,1.14384645266255e-36,0.954906843070417,2.01851758203047,223.680205810511,0.964804864732402,1.81859170215652,233.285934204519,TRUE,0.584666893825942,0.0182236707353165,1.6545043767757,"2023-10-12 09:57:40","2023-10-12 09:58:33","2-Oct-GCW-TR","2023-10-12 09:58:06.5",NA,NA,NA,NA,NA,369.777365974504,3.34388318542954,0.0624986281059611,4394.03812496589,2.19651040955147,3.82501732207471e-47,0.982158809364735,7.15807131301313,370.042546702598,0.983351060100169,7.05170387236503,369.784769385137,TRUE,3.33903826485044,0.0711429329100869,8.24801981401414,"2023-10-12 09:57:40","2023-10-12 09:58:33","2-Oct-GCW-TR","COMPASS","Synoptic","CB"
"567",2,"Oct","GCW","TR","2","2-Oct-GCW-TR-2","2023-10-12 10:02:15.5",NA,NA,NA,NA,NA,482.172672058441,41.2823649655204,0.176945519321809,22450.8066832076,6.21873930504365,3.27533024800208e-80,0.99904558193994,20.2658631750486,471.90983529637,0.99926712497687,18.1103737015125,482.22327222437,TRUE,41.3201676836363,0.188200370288609,20.238327106052,"2023-10-12 10:01:49","2023-10-12 10:02:42","2-Oct-GCW-TR","2023-10-12 10:02:15.5",NA,NA,NA,NA,NA,337.465378224064,5.44735168388227,0.0463378691239861,4688.76228106258,1.62854153717914,9.19069596913822e-65,0.996251361511947,5.30715284054251,332.278695786869,0.996837796940655,4.9709152863189,337.501413809848,TRUE,5.43934254579256,0.0470980491699857,5.47659631032216,"2023-10-12 10:01:49","2023-10-12 10:02:42","2-Oct-GCW-TR","COMPASS","Synoptic","CB"
"568",2,"Oct","GCW","TR","3","2-Oct-GCW-TR-3","2023-10-12 10:06:02.5",NA,NA,NA,NA,NA,225.78101871435,0.212305504412451,0.0164750167079677,19909.1608026524,0.579013440666771,8.15676525111532e-18,0.761535926153169,1.88691092992916,195.049536452798,0.874658367688698,1.39509654558833,227.656680621728,TRUE,0.231844164238985,0.0137097249957558,1.48594254613286,"2023-10-12 10:05:36","2023-10-12 10:06:29","2-Oct-GCW-TR","2023-10-12 10:06:02.5",NA,NA,NA,NA,NA,415.306934449458,3.00128815372551,0.0952699732243639,4312.87517676798,3.34825730174782,1.50542628591199e-35,0.950212449707513,10.9114277064236,372.310607287944,0.979147734408441,7.20135953586151,420.301116782558,TRUE,3.1936086016149,0.0492159325841716,3.94522984554313,"2023-10-12 10:05:36","2023-10-12 10:06:29","2-Oct-GCW-TR","COMPASS","Synoptic","CB"
"569",2,"Oct","GCW","TR","4","2-Oct-GCW-TR-4","2023-10-12 10:15:52.5",553.657798595455,8.71213686843554,6.73391146961596e-31,0.924876908681728,39.2847802681962,371.001242971747,9.01278528356114,0.063210902906403,19955.3800681598,2.22154326324835,4.15088720200639e-69,0.997448709835868,7.23964932473173,352.358836505647,0.99832251549226,5.98664535453997,373.340590609505,TRUE,8.92812461642373,0.0505815503359609,5.17293362261317,"2023-10-12 10:15:26","2023-10-12 10:16:19","2-Oct-GCW-TR","2023-10-12 10:15:52.5",NA,NA,NA,NA,NA,378.120682534762,4.15841931858919,0.0675182233711418,4236.74760924754,2.37292377390584,2.83573556006875e-50,0.986476916690073,7.73297386622932,380.289442190398,0.986927820863542,7.75352775175457,378.137068121524,TRUE,4.15679305577847,0.0647519607641381,6.77186763015747,"2023-10-12 10:15:26","2023-10-12 10:16:19","2-Oct-GCW-TR","COMPASS","Synoptic","CB"
"570",2,"Oct","GCW","TR","5","2-Oct-GCW-TR-5","2023-10-12 10:11:07.5",278.018003911243,0.78985966905909,1.14589775841347e-30,0.923327443287492,3.06061798723686,177.035141695877,0.691805648429998,0.0104907548769284,20032.2964018202,0.368696929669537,8.49137456178566e-52,0.988183571133195,1.20152351838954,172.629082151655,0.989886986390489,1.13356419320972,177.224824169417,TRUE,0.692508949816809,0.0106685921514876,1.17750573188615,"2023-10-12 10:10:41","2023-10-12 10:11:34","2-Oct-GCW-TR","2023-10-12 10:11:07.5",NA,NA,NA,NA,NA,339.137935670398,5.51623883277561,0.0470610727052019,3852.15947257697,1.65395848219867,1.06917095100629e-64,0.996229488598753,5.38998254361043,337.838110418601,0.996581965321839,5.2334988302191,339.158201502699,TRUE,5.51228125881786,0.0454844895334056,5.11644405417745,"2023-10-12 10:10:41","2023-10-12 10:11:34","2-Oct-GCW-TR","COMPASS","Synoptic","CB"
"571",2,"Oct","GCW","UP","1","2-Oct-GCW-UP-1","2023-10-12 10:21:40.5",419.192825334777,-3.30401064162939,1.1429217370219e-32,0.935763666028328,11.3111744291586,281.507544067952,-2.80285919715187,0.0276004324311434,19780.5736353206,0.970015486425473,1.79702963388538e-61,0.99498295271981,3.1611232054113,258.835327169353,0.996938479687028,2.51827160326891,285.86485846186,TRUE,-2.75196170302479,0.0169697337926891,1.61217958477625,"2023-10-12 10:21:14","2023-10-12 10:22:07","2-Oct-GCW-UP","2023-10-12 10:21:40.5",494.359010034538,6.70298134165294,4.09423684406986e-33,0.938247550530077,22.6865971522649,373.359022131258,5.72911063457356,0.0646060519043014,4321.54285514325,2.27057568827316,1.98868141724799e-58,0.993430792996955,7.39943804845067,350.049568482021,0.996038342483802,5.85999706618434,375.390475529536,TRUE,5.65550527650985,0.0559483022940708,5.99226844942181,"2023-10-12 10:21:14","2023-10-12 10:22:07","2-Oct-GCW-UP","COMPASS","Synoptic","CB"
"572",2,"Oct","GCW","UP","2","2-Oct-GCW-UP-2","2023-10-12 10:29:16.5",NA,NA,NA,NA,NA,191.227046778261,-1.56392626327642,0.0119639852743303,19867.6122240517,0.420473520638458,3.75458476613319e-67,0.996966088392003,1.37025503401934,182.032162557894,0.997623798893029,1.23668248802173,191.379799013472,TRUE,-1.56526067295091,0.0123490233472242,1.23969039780143,"2023-10-12 10:28:50","2023-10-12 10:29:43","2-Oct-GCW-UP","2023-10-12 10:29:16.5",514.855808926045,5.45416171650032,1.55522027282292e-29,0.915251344797555,27.4278656522519,342.753023609039,5.92161974679252,0.0486630110069837,4234.1307858072,1.71025850448648,1.53647947108085e-65,0.996500565929302,5.5734551885421,344.336167392733,0.996653735447513,5.55804952021925,342.914014227981,TRUE,5.93990215566741,0.0500081000769711,5.17306211234989,"2023-10-12 10:28:50","2023-10-12 10:29:43","2-Oct-GCW-UP","COMPASS","Synoptic","CB"
"573",2,"Oct","GCW","UP","3","2-Oct-GCW-UP-3","2023-10-12 10:33:00.5",373.227532747336,-1.5882283778181,2.68693289082805e-30,0.920776723656347,7.39043475667656,224.97129717155,-1.64896777830892,0.0163519584465932,19907.5095277039,0.574688565701,2.58229955326782e-61,0.994912511425976,1.87281686359092,221.810383336972,0.995544341820935,1.78737710447914,224.97695809605,TRUE,-1.6491929220833,0.0169575341220251,2.23415142281866,"2023-10-12 10:32:34","2023-10-12 10:33:27","2-Oct-GCW-UP","2023-10-12 10:33:00.5",509.760351075849,6.1503245284934,9.99166603864014e-33,0.936094497615351,26.1638667165942,391.430092743711,6.49310360082422,0.0763732739086896,4092.2961218045,2.68413397598982,1.75357669149262e-57,0.99285720335414,8.74715745951777,366.674965487065,0.99580622186649,6.83521526432995,392.808584814563,TRUE,6.41653463370379,0.0768654112778748,7.63806906951325,"2023-10-12 10:32:34","2023-10-12 10:33:27","2-Oct-GCW-UP","COMPASS","Synoptic","CB"
"574",2,"Oct","GCW","UP","4","2-Oct-GCW-UP-4","2023-10-12 10:36:46.5",NA,NA,NA,NA,NA,202.876280783297,-2.01237512494192,0.0133266286504796,19896.5355248917,0.46836353760241,2.11486783006071e-70,0.997724709867033,1.52632083508211,204.950147851795,0.997804437129058,1.52903367201971,202.891128140388,TRUE,-2.01254455108791,0.0138630956913393,1.34479239733439,"2023-10-12 10:36:20","2023-10-12 10:37:13","2-Oct-GCW-UP","2023-10-12 10:36:46.5",NA,NA,NA,NA,NA,330.886093124048,4.96540478699725,0.0435992621894663,4048.77078727867,1.53229336627299,4.75190432290595e-64,0.996006859092133,4.99349565590209,333.91915910419,0.996077724654744,5.04699724026187,331.012917805517,TRUE,4.95986169061656,0.0430239255235602,4.95503579292789,"2023-10-12 10:36:20","2023-10-12 10:37:13","2-Oct-GCW-UP","COMPASS","Synoptic","CB"
"575",2,"Oct","GCW","UP","5","2-Oct-GCW-UP-5","2023-10-12 10:25:48.5",NA,NA,NA,NA,NA,280.729969042108,-3.93628689858089,0.0274024293435632,19794.4725033714,0.963056680189663,2.82205085372093e-69,0.997486291444664,3.13844558409307,266.17497587689,0.998217265912193,2.69536196383231,281.902667555107,TRUE,-3.91285753758868,0.0253752493130359,2.42627701654481,"2023-10-12 10:25:22","2023-10-12 10:26:15","2-Oct-GCW-UP","2023-10-12 10:25:48.5",512.541138379834,5.23803909460752,4.3489872890397e-29,0.911838362952225,26.8462824874611,355.593255803577,5.6789930142449,0.0548065796176602,4269.59952889735,1.92617384237623,6.33262415397234e-62,0.995180213442743,6.27708826920834,340.299039222291,0.996628258632075,5.35412035664215,355.785935823484,TRUE,5.69151362680323,0.0567903359580735,5.74561978511137,"2023-10-12 10:25:22","2023-10-12 10:26:15","2-Oct-GCW-UP","COMPASS","Synoptic","CB"
"576",2,"Oct","GWI","TR","1","2-Oct-GWI-TR-1","2023-10-19 11:37:05.5",265.343741948702,0.949035977466177,9.91635571893097e-36,0.951004737641316,2.7217160299878,220.761158909344,0.765828510085367,0.0157267787327391,18521.4024927115,0.552716663421919,4.6554440865654e-45,0.978541513304584,1.8012139962827,176.099838758552,0.991285531773589,1.17058480509606,220.816789702124,TRUE,0.769028531813363,0.0160590729668715,2.19002818478756,"2023-10-19 11:36:39","2023-10-19 11:37:32","2-Oct-GWI-TR","2023-10-19 11:37:05.5",351.463933648815,1.0052017547488,5.49816951601014e-16,0.719901484007242,6.04161739763194,338.361853755299,0.634877055378377,0.0467241066478074,3497.98245760328,1.64211583100515,9.635432436023e-19,0.780245662440737,5.35138926337386,341.300149194449,0.784524098046822,5.40398130915328,338.412870463349,TRUE,0.624864673452649,0.0491128985561871,5.68881771367342,"2023-10-19 11:36:39","2023-10-19 11:37:32","2-Oct-GWI-TR","COMPASS","Synoptic","CB"
"577",2,"Oct","GWI","TR","2","2-Oct-GWI-TR-2","2023-10-19 11:40:45.5",276.460582237909,0.512611697735319,1.83130339028753e-28,0.906835626662057,3.01679883604563,191.596713315329,0.616245919375001,0.0120050062254139,18558.5986069433,0.421915199420783,3.16952287010059e-46,0.980647680945102,1.37495323143714,189.448745436954,0.982730170783439,1.32459194386588,191.6063755774,TRUE,0.615381126745613,0.0120068436487438,1.89839809458896,"2023-10-19 11:40:19","2023-10-19 11:41:12","2-Oct-GWI-TR","2023-10-19 11:40:45.5",NA,NA,NA,NA,NA,314.262921053219,1.57883798997642,0.0373794828890067,3540.46552221576,1.31369960841626,6.35193730332781e-42,0.97167842852012,4.28113403880531,317.994111349115,0.971819061775219,4.35506403798278,314.323459639707,TRUE,1.5701458748942,0.0363404291591406,3.82274729764824,"2023-10-19 11:40:19","2023-10-19 11:41:12","2-Oct-GWI-TR","COMPASS","Synoptic","CB"
"578",2,"Oct","GWI","TR","3","2-Oct-GWI-TR-3","2023-10-19 11:45:27.5",NA,NA,NA,NA,NA,204.53002878392,0.916178975498566,0.0135322627713727,18516.6120389987,0.475590536030836,2.19383821079028e-52,0.98878280036771,1.54987245127512,194.109220842283,0.99141173889621,1.38300268645202,204.632609587339,TRUE,0.920316181212748,0.0141323994307169,1.67358653601718,"2023-10-19 11:45:01","2023-10-19 11:45:54","2-Oct-GWI-TR","2023-10-19 11:45:27.5",NA,NA,NA,NA,NA,309.479085754399,1.26407502025807,0.0357599015330479,3472.46221914071,1.25677952208336,4.90330579410408e-38,0.96004758525904,4.09564070567926,306.558010488546,0.964853640095621,3.9174835333676,309.501394000559,TRUE,1.26193957704135,0.037385387931817,3.86725466675718,"2023-10-19 11:45:01","2023-10-19 11:45:54","2-Oct-GWI-TR","COMPASS","Synoptic","CB"
"579",2,"Oct","GWI","TR","4","2-Oct-GWI-TR-4","2023-10-19 11:50:03.5",310.429224943998,1.20975456407957,4.13167207257248e-32,0.932513240408549,4.13183141528229,272.756179466198,0.984441108212621,0.0254521517275852,18579.2943071967,0.894514294303238,5.38345806744311e-40,0.966408185067039,2.91507706100044,227.594471622031,0.986483915279538,1.88571227357581,273.023877520206,TRUE,0.976905556951073,0.0254081229589271,3.0793974287395,"2023-10-19 11:49:37","2023-10-19 11:50:30","2-Oct-GWI-TR","2023-10-19 11:50:03.5",NA,NA,NA,NA,NA,347.087700651959,1.46790934561901,0.0506558697519888,3576.20642692915,1.78029740151231,9.21378926426288e-34,0.941686289929191,5.80170059881452,340.35898267565,0.952193707774526,5.35709288949012,347.240742117101,TRUE,1.46540591907613,0.0554773314445667,5.83236459143829,"2023-10-19 11:49:37","2023-10-19 11:50:30","2-Oct-GWI-TR","COMPASS","Synoptic","CB"
"580",2,"Oct","GWI","TR","5","2-Oct-GWI-TR-5","2023-10-19 11:54:09.5",313.362924133777,0.797704046748875,7.60153055812785e-29,0.909927906966192,4.24560628134385,209.7653630957,0.884768622919134,0.0142044029997271,18550.1536328683,0.499212862680244,1.58941868519571e-50,0.986774628992791,1.62685378402932,186.581919274429,0.992005610980627,1.28989363104929,209.860554764772,TRUE,0.883293314220749,0.0154189072675166,1.6926832262308,"2023-10-19 11:53:43","2023-10-19 11:54:36","2-Oct-GWI-TR","2023-10-19 11:54:09.5",353.192644543882,0.820348821383687,1.06857902164305e-18,0.779373925283861,6.13910115363387,317.049076276037,0.775034545207883,0.0383563349371758,3482.00198022069,1.34803101307937,2.78066967174373e-26,0.887027552605185,4.39301452058488,317.495013529728,0.89422354164598,4.3349845168472,317.534374158115,TRUE,0.800167865408931,0.0399358665622463,3.96623460403419,"2023-10-19 11:53:43","2023-10-19 11:54:36","2-Oct-GWI-TR","COMPASS","Synoptic","CB"
"581",2,"Oct","GWI","UP","1","2-Oct-GWI-UP-1","2023-10-19 11:58:58.5",NA,NA,NA,NA,NA,174.313136448815,0.0947473550423401,0.0102296526886346,18451.1303855793,0.359520509451614,1.37029681097838e-12,0.622600999801373,1.17161905263675,158.559146519936,0.738224214866569,0.995101676433228,174.34530962766,TRUE,0.0945782820246559,0.00970361748365762,1.19524458783954,"2023-10-19 11:58:32","2023-10-19 11:59:25","2-Oct-GWI-UP","2023-10-19 11:58:58.5",NA,NA,NA,NA,NA,331.475566607859,2.86713536925963,0.0438378814010002,3485.13356140524,1.54067962366674,1.29686770381167e-51,0.987989573679122,5.02082510911694,317.637281293859,0.991368342789431,4.34069872925109,331.528557190425,TRUE,2.85757271676081,0.0415069102591326,4.7083854964901,"2023-10-19 11:58:32","2023-10-19 11:59:25","2-Oct-GWI-UP","COMPASS","Synoptic","CB"
"582",2,"Oct","GWI","UP","2","2-Oct-GWI-UP-2","2023-10-19 12:03:06.5",191.96751167218,0.534428680620379,5.1684243516023e-07,0.386823733397831,1.37968199631136,184.832364368504,0.0754608026890814,0.0112761614100014,18514.9519047377,0.396299993575191,1.53291362801365e-08,0.462719618147734,1.29147742848035,179.527319293816,0.54776387897921,1.20833017788797,184.840239563488,TRUE,0.0746280165797286,0.0128123143003258,1.37724226027984,"2023-10-19 12:02:40","2023-10-19 12:03:33","2-Oct-GWI-UP","2023-10-19 12:03:06.5",NA,NA,NA,NA,NA,376.506773536241,5.90208983777854,0.0665167593008701,3497.35948292055,2.337727381252,1.92794569789864e-58,0.993438624123465,7.61827452882512,349.994761496187,0.996270914392203,5.85702403564843,376.716219357971,TRUE,5.92481824404255,0.060569115213796,5.72885429772385,"2023-10-19 12:02:40","2023-10-19 12:03:33","2-Oct-GWI-UP","COMPASS","Synoptic","CB"
"583",2,"Oct","GWI","UP","3","2-Oct-GWI-UP-3","2023-10-19 12:06:40.5",NA,NA,NA,NA,NA,195.41867965082,-0.056868751049543,0.0124374530228709,18526.8505658329,0.437113515303511,3.01350582699445e-05,0.286759175833639,1.42448207885493,171.902878222791,0.571510065837957,1.12596755132186,195.485294540017,TRUE,-0.0588509192184519,0.0132885775618561,1.42662993177138,"2023-10-19 12:06:14","2023-10-19 12:07:07","2-Oct-GWI-UP","2023-10-19 12:06:40.5",NA,NA,NA,NA,NA,393.174473698523,4.19165295345723,0.07761684609876,3494.18260888696,2.72783924350205,2.37549103195753e-47,0.982482603525941,8.88958584057459,325.233492992796,0.99537741492826,4.65699609829874,393.174942759634,TRUE,4.19306701915058,0.0804943200051762,11.752388705047,"2023-10-19 12:06:14","2023-10-19 12:07:07","2-Oct-GWI-UP","COMPASS","Synoptic","CB"
"584",2,"Oct","GWI","UP","4","2-Oct-GWI-UP-4","2023-10-19 12:11:10.5",NA,NA,NA,NA,NA,159.881194601818,0.0113167747163037,0.00895007165080465,18566.0874182141,0.314549713217607,0.21171241129413,0.0298289045507257,1.02506651865093,160.881161068855,0.0822580356995335,1.01672814949722,159.942730848069,TRUE,0.0116351533311526,0.00918528439647853,0.87013544000491,"2023-10-19 12:10:44","2023-10-19 12:11:37","2-Oct-GWI-UP","2023-10-19 12:11:10.5",NA,NA,NA,NA,NA,370.161054329257,3.24092783482054,0.0627210599836106,3523.70972047393,2.20432776409956,2.26391907509122e-46,0.980896429115157,7.18354680408796,328.641373897786,0.991777138771132,4.8062880884217,371.32641904549,TRUE,3.30294909924312,0.060524244625131,6.24253718708183,"2023-10-19 12:10:44","2023-10-19 12:11:37","2-Oct-GWI-UP","COMPASS","Synoptic","CB"
"585",2,"Oct","GWI","UP","5","2-Oct-GWI-UP-5","2023-10-19 12:15:33.5",184.136006094034,0.193551979169759,6.02541536882857e-21,0.819049551785492,1.28317707774907,170.784934378529,0.175994948402926,0.00990086464711558,18541.6714474459,0.347965274118958,9.51476251749152e-24,0.858686453128961,1.13396241409312,172.546310954873,0.864424976117786,1.13269576247098,171.646816841903,TRUE,0.169502199028113,0.00837841162961566,0.887793473346454,"2023-10-19 12:15:07","2023-10-19 12:16:00","2-Oct-GWI-UP","2023-10-19 12:15:33.5",507.620199918153,4.36321370233008,2.36693565805895e-26,0.887723740249288,25.6505012031678,368.882894540817,4.79901930612284,0.0619831431433049,3540.26747252564,2.17839372250161,2.19034774813799e-55,0.991400078457129,7.09903196710584,362.035771899261,0.992965121365231,6.54782195184496,369.323941600038,TRUE,4.82565847332585,0.0552537498203076,5.10690867566295,"2023-10-19 12:15:07","2023-10-19 12:16:00","2-Oct-GWI-UP","COMPASS","Synoptic","CB"
"586",2,"Oct","MSM","TR","1","2-Oct-MSM-TR-1","2023-10-10 10:29:53.5",175.092904322677,0.146857832199841,7.72947022127724e-22,0.832740579864051,1.18010883917325,160.6064315209,0.16966220832424,0.0090103750307568,18667.1961565419,0.31666907176691,7.06905516601968e-25,0.872096252772782,1.03197316455972,161.145729617922,0.880036091627611,1.01922189060236,160.792637355883,TRUE,0.172434938813935,0.00895526662084398,0.93133205820172,"2023-10-10 10:29:27","2023-10-10 10:30:20","2-Oct-MSM-TR","2023-10-10 10:29:53.5",NA,NA,NA,NA,NA,321.34638501208,1.00512583829859,0.0399132998243635,3479.28455045653,1.40275044749985,8.45611073586779e-31,0.924217016611142,4.5713362859115,324.157418525767,0.925867363346798,4.61082580196313,321.447425212249,TRUE,1.00421446387239,0.0410473514219801,4.51888757527004,"2023-10-10 10:29:27","2023-10-10 10:30:20","2-Oct-MSM-TR","COMPASS","Synoptic","CB"
"587",2,"Oct","MSM","TR","2","2-Oct-MSM-TR-2","2023-10-10 10:44:25.5",179.219893235477,0.585751347138422,1.10721204696728e-32,0.935841943501097,1.22607686476454,199.273847674993,0.290247983593112,0.0128894394092651,18573.3702595289,0.452998548827882,1.75443337755423e-28,0.906988866756737,1.47624882773197,171.591474797091,0.948271515386641,1.12272565186965,199.356965996477,TRUE,0.293352384435401,0.0134260458636126,1.09500603201496,"2023-10-10 10:43:59","2023-10-10 10:44:52","2-Oct-MSM-TR","2023-10-10 10:44:25.5",402.611848153781,2.12734291476755,3.66692566083627e-28,0.904319076117201,9.7013355164141,315.74004975234,1.95567356914437,0.0378942386348463,3459.30865910973,1.33179066718632,2.41016028575218e-46,0.980850397874255,4.34008986630373,318.771827872682,0.981190691056061,4.38653838645413,315.779092174715,TRUE,1.95079781550579,0.0373299578478549,3.63146060075327,"2023-10-10 10:43:59","2023-10-10 10:44:52","2-Oct-MSM-TR","COMPASS","Synoptic","CB"
"588",2,"Oct","MSM","TR","3","2-Oct-MSM-TR-3","2023-10-10 10:40:44.5",196.446968634348,1.03416745178404,1.82073363000013e-11,0.58360940211009,1.43810962178692,216.531073123028,0.0883024475504625,0.0151227079231878,18659.6922257775,0.531486632275698,3.45281166694949e-07,0.396013638203718,1.7320287667198,181.554824117091,0.706531816726211,1.23122865958864,216.614915119461,TRUE,0.0870126520660513,0.0160505629004107,1.63047502776234,"2023-10-10 10:40:18","2023-10-10 10:41:11","2-Oct-MSM-TR","2023-10-10 10:40:44.5",399.702465929,2.27626947719712,1.74129550938159e-29,0.914882805398248,9.44348262094729,334.799962118805,2.01173577966394,0.0452082573858598,3462.70594683276,1.58884140268436,4.53206681417499e-43,0.974411811758655,5.17777653865288,325.542499718251,0.97998219184325,4.67033965159074,334.921486611715,TRUE,2.02712050207525,0.0462695414383712,4.94723620886459,"2023-10-10 10:40:18","2023-10-10 10:41:11","2-Oct-MSM-TR","COMPASS","Synoptic","CB"
"589",2,"Oct","MSM","TR","4","2-Oct-MSM-TR-4","2023-10-10 10:37:04.5",179.721823737322,0.71224960916838,7.19134289850221e-30,0.917724500077259,1.23178832442813,225.393542901065,0.243090315078369,0.0164160145532579,18679.0387281569,0.576939813597928,2.71256116770352e-20,0.808316428348852,1.88015331550091,166.447580518155,0.940249355455761,1.07050520994052,225.441713784771,TRUE,0.241799028005711,0.0177211346705408,1.95267572672458,"2023-10-10 10:36:38","2023-10-10 10:37:31","2-Oct-MSM-TR","2023-10-10 10:37:04.5",NA,NA,NA,NA,NA,312.213524544958,0.861321954432422,0.0366768613186175,3457.80994929956,1.28900601689104,2.39392598021233e-29,0.913836172910503,4.20066162750085,312.958162415186,0.918877045025587,4.15665289503156,312.259623882457,TRUE,0.868641092671094,0.0361502985058288,3.93252811280172,"2023-10-10 10:36:38","2023-10-10 10:37:31","2-Oct-MSM-TR","COMPASS","Synoptic","CB"
"590",2,"Oct","MSM","TR","5","2-Oct-MSM-TR-5","2023-10-10 10:33:28.5",NA,NA,NA,NA,NA,214.412603704876,0.95173586319941,0.0148289595108977,18644.4877487642,0.521162862539655,3.41828977829265e-51,0.987533524696155,1.69838527490279,213.308892962307,0.988657804301354,1.65207444396185,214.448171336516,TRUE,0.953308852491674,0.0149753335474093,1.58856516342534,"2023-10-10 10:33:02","2023-10-10 10:33:55","2-Oct-MSM-TR","2023-10-10 10:33:28.5",412.456392348606,2.2189934808107,4.2829405758734e-27,0.894853107499329,10.6271999248168,329.610821084172,2.0399366553985,0.0430874664635286,3463.3909186732,1.51430633721884,1.94961672602072e-44,0.977326856846382,4.9348788443819,327.097350729463,0.979903186268513,4.73806378554188,329.80980312946,TRUE,2.03044311500392,0.0445908699303446,5.02796896582559,"2023-10-10 10:33:02","2023-10-10 10:33:55","2-Oct-MSM-TR","COMPASS","Synoptic","CB"
"591",2,"Oct","MSM","UP","1","2-Oct-MSM-UP-1","2023-10-10 11:06:48.5",189.71029947117,0.349053316078978,8.49207575089427e-26,0.882083001186533,1.35114573105393,173.041592966449,0.23676668567201,0.0101099195784251,18602.9624051322,0.355312496717362,2.73049812666135e-29,0.913399877770729,1.15790582136461,167.310648041086,0.927680157143684,1.07909428232863,173.070118906387,TRUE,0.237970628011088,0.00950109245635874,1.08340914691797,"2023-10-10 11:06:22","2023-10-10 11:07:15","2-Oct-MSM-UP","2023-10-10 11:06:48.5",480.151547426434,4.08836469755047,1.32009596829147e-30,0.922909626833554,19.8901321440533,343.782197134619,4.49645122939294,0.0491289561086197,3504.80481902196,1.72663411619251,3.88749072310081e-59,0.993830485964216,5.62682065217764,334.755228428412,0.99515290328058,5.08621959880283,343.812658889033,TRUE,4.48836704092373,0.0481699402554759,6.33991911991609,"2023-10-10 11:06:22","2023-10-10 11:07:15","2-Oct-MSM-UP","COMPASS","Synoptic","CB"
"592",2,"Oct","MSM","UP","2","2-Oct-MSM-UP-2","2023-10-10 11:03:12.5",215.441751434764,0.26089203203018,1.41929522078401e-23,0.856502862947635,1.71464679168161,179.380669706041,0.274303068151171,0.0107210836076862,18608.0086843481,0.37679181863047,3.9372510075061e-31,0.926409401901007,1.22790344912026,182.447588495354,0.927670071475441,1.24144859292041,179.45119988543,TRUE,0.274007493578948,0.0110386789491171,1.27264113131108,"2023-10-10 11:02:46","2023-10-10 11:03:39","2-Oct-MSM-UP","2023-10-10 11:03:12.5",477.989413071895,4.25789640107984,5.91431838356218e-31,0.925250396634955,19.495895847229,353.285083510268,4.47297663585465,0.0536476833360856,3569.71853252567,1.88544450441775,4.79702698673375e-57,0.992575357987089,6.14435796009128,345.370402435768,0.994045410732856,5.61153045887881,353.366916410127,TRUE,4.45897411765831,0.0567558981877349,5.56080394087738,"2023-10-10 11:02:46","2023-10-10 11:03:39","2-Oct-MSM-UP","COMPASS","Synoptic","CB"
"593",2,"Oct","MSM","UP","3","2-Oct-MSM-UP-3","2023-10-10 10:59:04.5",210.58335446169,0.486752810394952,5.97497887538538e-29,0.910756656418115,1.63922234561839,161.893857780011,0.339167507039974,0.0091184269722768,18599.7667813595,0.320466550551861,3.83113307962565e-39,0.963776448898602,1.04434853224937,159.773309502916,0.967658022366511,1.00635197896235,161.903897567239,TRUE,0.338698975635758,0.0108179565158071,1.06134283615871,"2023-10-10 10:58:38","2023-10-10 10:59:31","2-Oct-MSM-UP","2023-10-10 10:59:04.5",401.393403833202,1.63640382808786,6.4148807579136e-26,0.883345290199726,9.59250118122425,328.769239746458,1.74122122380372,0.0427530156200564,3506.90539716807,1.50255208306266,3.99671513740105e-41,0.969603531144252,4.89657363575855,331.593357735743,0.970258277653743,4.93947110989712,328.823678595373,TRUE,1.75037612213674,0.0437003207806164,4.94922095575325,"2023-10-10 10:58:38","2023-10-10 10:59:31","2-Oct-MSM-UP","COMPASS","Synoptic","CB"
"594",2,"Oct","MSM","UP","4","2-Oct-MSM-UP-4","2023-10-10 10:55:34.5",190.694169556241,0.172710911866686,1.08086766852515e-10,0.554496962669191,1.36351078134357,179.871778537312,0.102526093135529,0.0107699466473361,18633.9034448247,0.378509107129206,5.53256822721046e-13,0.635404173207303,1.23349981392032,182.996402030662,0.641266870515188,1.24777320252221,179.891874279902,TRUE,0.102137874723507,0.0112511856177775,1.47611065786413,"2023-10-10 10:55:08","2023-10-10 10:56:01","2-Oct-MSM-UP","2023-10-10 10:55:34.5",NA,NA,NA,NA,NA,346.579324609337,3.03691529419789,0.0504179834989773,3554.39573934777,1.77193690390038,8.87510593635779e-50,0.985870435609569,5.77445509255228,343.975337146129,0.987496941387397,5.53951094727777,346.691443273634,TRUE,3.052056617506,0.0479242300461375,6.0401480374837,"2023-10-10 10:55:08","2023-10-10 10:56:01","2-Oct-MSM-UP","COMPASS","Synoptic","CB"
"595",2,"Oct","MSM","UP","5","2-Oct-MSM-UP-5","2023-10-10 10:52:10.5",162.358734425986,0.12097756629012,0.0224664898083472,0.0961919275524962,1.04885352878201,162.343883216756,0.0215716074982449,0.00915650183764462,18621.5332370355,0.321804689334377,0.0222841957414937,0.0964404608335912,1.04870930959434,163.447397533787,0.14362926633246,1.04117639589817,162.398356469881,TRUE,0.023329981178009,0.0091513029551805,1.13418218517866,"2023-10-10 10:51:44","2023-10-10 10:52:37","2-Oct-MSM-UP","2023-10-10 10:52:10.5",495.408100605518,5.04245192571833,4.51426254335792e-30,0.919182494277515,22.90804405999,349.434915210561,5.05979121535884,0.0517688481143153,3499.50852223603,1.81941295704597,1.30148933337299e-60,0.994586009372133,5.92917185264535,349.315730365767,0.994983636547847,5.82031454354117,349.450948455511,TRUE,5.0587913618976,0.0507054106847308,6.80071439253953,"2023-10-10 10:51:44","2023-10-10 10:52:37","2-Oct-MSM-UP","COMPASS","Synoptic","CB"
"596",2,"Oct","SWH","TR","2","2-Oct-SWH-TR-2","2023-10-18 10:39:28.5",NA,NA,NA,NA,NA,866.869320987914,223.481113896408,6.23446403278314,24768.6612404698,219.109851863713,2.43951412762515e-38,0.961105258457308,714.043483793217,833.897800060329,0.980386830229115,517.094333573312,866.894030776762,TRUE,222.525858466281,6.56163334825229,834.473115420088,"2023-10-18 10:39:02","2023-10-18 10:39:55","2-Oct-SWH-TR","2023-10-18 10:39:28.5",NA,NA,NA,NA,NA,531.330800863609,14.3999826665732,0.278943637158178,3987.82508726187,9.8034568320012,2.37576963129779e-46,0.98086097630298,31.9478764190513,521.207958554632,0.985265447300863,28.5869125806082,531.351294211521,TRUE,14.3613126460576,0.288179529419934,35.8192709381746,"2023-10-18 10:39:02","2023-10-18 10:39:55","2-Oct-SWH-TR","COMPASS","Synoptic","CB"
"597",2,"Oct","SWH","TR","3","2-Oct-SWH-TR-3","2023-10-18 10:56:34.5",NA,NA,NA,NA,NA,215.599343603379,2.29508775760856,0.0467073681954357,21626.8636300019,1.26498523382141,5.31762348313208e-36,0.984505627217417,3.40995777674086,202.752642070044,0.989831350859219,2.83814239103234,215.790559117266,TRUE,2.29769253219268,0.0493186073225916,3.32477783446575,"2023-10-18 10:56:15","2023-10-18 10:56:54","2-Oct-SWH-TR","2023-10-18 10:56:34.5",NA,NA,NA,NA,NA,246.191860816589,2.97765400539792,0.0684640229302536,3646.84366775593,1.85422517690142,5.07467222657446e-34,0.980306547321266,4.99834258357543,248.393725260284,0.981172231268115,5.0211715871978,246.281981023503,TRUE,2.9768539677252,0.0701651456041372,4.93805570630152,"2023-10-18 10:56:15","2023-10-18 10:56:54","2-Oct-SWH-TR","COMPASS","Synoptic","CB"
"598",2,"Oct","SWH","TR","4","2-Oct-SWH-TR-4","2023-10-18 11:28:25.5",NA,NA,NA,NA,NA,300.029586855892,6.01291344656749,0.176105135137012,18965.4671594355,4.56686490089679,5.05194728380431e-29,0.970045053964814,11.9043684667233,243.054273275019,0.993980038049904,5.4913706098574,300.1671748866,TRUE,5.95372020619184,0.20586644065324,11.2905223261893,"2023-10-18 11:28:07","2023-10-18 11:28:44","2-Oct-SWH-TR","2023-10-18 11:28:25.5",NA,NA,NA,NA,NA,363.801557307613,20.1373505711154,0.407559139512201,3682.47881987161,10.5690701627177,1.11064196614849e-34,0.985468123661856,27.5502140523002,335.491882156644,0.993790440276389,18.531318774529,363.838487462926,TRUE,20.0613196967359,0.427327371249316,30.4537134462774,"2023-10-18 11:28:07","2023-10-18 11:28:44","2-Oct-SWH-TR","COMPASS","Synoptic","CB"
"599",2,"Oct","SWH","TR","5","2-Oct-SWH-TR-5","2023-10-18 11:13:19.5",NA,NA,NA,NA,NA,180.758138405811,2.10127347036659,0.0302164616754159,19906.8946278959,0.818358629794669,1.14031958883461e-41,0.992203380155593,2.20600865466331,171.428278807163,0.994412992591373,1.91859895688062,180.797508279194,TRUE,2.1069939571842,0.0337483333847873,1.99055777979816,"2023-10-18 11:13:00","2023-10-18 11:13:39","2-Oct-SWH-TR","2023-10-18 11:13:19.5",326.300046926814,5.24003038584929,1.28913568205764e-24,0.938504420269456,13.6052901751474,268.582093611471,4.5987139221022,0.0905757307397244,3602.27955438227,2.45308109523355,1.5617576413054e-36,0.985472891364437,6.61264869661596,262.610585820499,0.988678214723578,5.99768791450731,268.693059295844,TRUE,4.58343370461101,0.103474074765167,6.35451571902265,"2023-10-18 11:13:00","2023-10-18 11:13:39","2-Oct-SWH-TR","COMPASS","Synoptic","CB"
"600",2,"Oct","SWH","TR","6a","2-Oct-SWH-TR-6a","2023-10-18 11:47:32",NA,NA,NA,NA,NA,252.904135739026,13.1113651408798,0.141922125831309,19763.8725350474,3.43557090205982,2.01040044882073e-41,0.996148389447106,8.47977279104261,246.800272761155,0.997114178561299,7.57310333134289,252.955770174052,TRUE,13.0922322949586,0.141941235927667,8.54214766862324,"2023-10-18 11:47:15","2023-10-18 11:47:49","2-Oct-SWH-TR","2023-10-18 11:47:32",217.250815866499,1.58782832464832,2.55223941498651e-19,0.916011709171596,5.09546289273232,204.811170683763,1.6399210068656,0.0713955926321098,3542.32166887225,1.7283043017108,7.15361709872321e-22,0.941134277492188,4.265849318814,202.432847574011,0.950941122555098,4.01799320369314,204.828709743995,TRUE,1.63628190996141,0.0746362745384957,4.33000854442709,"2023-10-18 11:47:15","2023-10-18 11:47:49","2-Oct-SWH-TR","COMPASS","Synoptic","CB"
"601",2,"Oct","SWH","TR","7a","2-Oct-SWH-TR-7a","2023-10-18 11:39:47.5",NA,NA,NA,NA,NA,334.116081994514,4.48377534615557,0.044922893050664,18862.4257288234,1.57881229081794,4.39623490132237e-61,0.994807337830126,5.14509328906124,286.912622522379,0.9979881910441,3.26594041861551,338.924185130936,TRUE,4.57111547380235,0.0270268932222994,2.7227208948723,"2023-10-18 11:39:21","2023-10-18 11:40:14","2-Oct-SWH-TR","2023-10-18 11:39:47.5",NA,NA,NA,NA,NA,320.145729767209,1.15093770654744,0.0394720339185111,3523.49742339274,1.38724218459939,6.79794924556351e-34,0.9423635533234,4.52079737141344,320.09367297523,0.946530198656828,4.44055647188754,320.195987106237,TRUE,1.15962276251448,0.0427454630012917,3.91990297208357,"2023-10-18 11:39:21","2023-10-18 11:40:14","2-Oct-SWH-TR","COMPASS","Synoptic","CB"
"602",2,"Oct","SWH","TR","8","2-Oct-SWH-TR-8","2023-10-18 11:07:34.5",NA,NA,NA,NA,NA,543.491928777426,30.3418500388194,0.312190250838252,20645.3929941485,10.9719070083284,1.74065895074335e-60,0.99452513185596,35.7556661074057,497.101450963452,0.997846679228206,22.8680469707745,543.835209099298,TRUE,30.5201243621228,0.282818050976252,27.7832140320108,"2023-10-18 11:07:08","2023-10-18 11:08:01","2-Oct-SWH-TR","2023-10-18 11:07:34.5",344.890662036287,0.862311001163978,4.83756087119819e-18,0.766253291831914,5.68486926878974,328.138604813761,0.673900324375229,0.0425040991290702,3590.95012067377,1.49380392842104,1.4637888637198e-21,0.828597463723341,4.8680648180859,331.967929330943,0.829138353131484,4.95663220011662,328.192248539365,TRUE,0.677375715668662,0.0423720832407553,4.33034817608881,"2023-10-18 11:07:08","2023-10-18 11:08:01","2-Oct-SWH-TR","COMPASS","Synoptic","CB"
"603",2,"Oct","SWH","TR","9a","2-Oct-SWH-TR-9a","2023-10-18 11:23:00.5",672.880403002421,26.4395173204039,2.36292276384495e-25,0.877361413616315,118.480711728786,561.433602468769,21.1350079203775,0.368610078883853,20928.7728866421,12.954778366675,1.11014921969123e-48,0.984428971060118,42.2175223890131,552.505596920253,0.987744135485933,38.1964262987397,565.242470360702,TRUE,21.7319061069499,0.300822120138829,27.7604096058378,"2023-10-18 11:22:34","2023-10-18 11:23:27","2-Oct-SWH-TR","2023-10-18 11:23:00.5",NA,NA,NA,NA,NA,305.863001187558,1.63511145050121,0.0345824017331631,3582.53527464714,1.21539636462738,2.08500694682297e-44,0.977268257911797,3.96077970482107,297.2691621822,0.981996916716203,3.59463205629247,305.885886309503,TRUE,1.63816445236263,0.03163875499578,3.46090933496447,"2023-10-18 11:22:34","2023-10-18 11:23:27","2-Oct-SWH-TR","COMPASS","Synoptic","CB"
"604",2,"Oct","SWH","TR","10","2-Oct-SWH-TR-10","2023-10-18 11:34:00",NA,NA,NA,NA,NA,557.505205327952,43.8146148678276,0.693803235274841,24252.553442604,22.3852364155089,4.19527480457991e-47,0.988352191239186,68.6830161460808,521.002891827449,0.994903570244815,46.4304546291259,564.603935875795,TRUE,45.4071496811612,0.378077198920764,35.2308673556012,"2023-10-18 11:33:36","2023-10-18 11:34:24","2-Oct-SWH-TR","2023-10-18 11:34:00",NA,NA,NA,NA,NA,306.370678717854,2.93104750599467,0.0534951602578988,3550.22977426725,1.72599628911247,3.04282028534679e-44,0.984585320994411,5.29575068106299,304.965271263417,0.98619534575041,5.12171875848495,306.534017310869,TRUE,2.94356124755021,0.0628546185053467,4.6558503027969,"2023-10-18 11:33:36","2023-10-18 11:34:24","2-Oct-SWH-TR","COMPASS","Synoptic","CB"
"605",2,"Oct","SWH","SWAMP","1a","2-Oct-SWH-SWAMP-1a","2023-10-18 13:38:55.5",NA,NA,NA,NA,NA,630.149680679917,-2.59473024741567,0.696452346242073,23584.1677329614,24.4767745250932,0.000481068412937025,0.210690748896283,79.7658398527403,615.56041256829,0.440573309969638,68.4828154517158,634.211479223576,TRUE,-1.44904789698443,0.401354101807113,49.953131484139,"2023-10-18 13:38:29","2023-10-18 13:39:22","2-Oct-SWH-UP","2023-10-18 13:38:55.5",NA,NA,NA,NA,NA,319.130062987881,1.86974599656647,0.0391025662199509,3626.81360593199,1.37425726524237,1.17675437600076e-44,0.977762697471165,4.47848162442353,317.73258534652,0.979877916708219,4.34453084741425,319.169619190083,TRUE,1.87344390569083,0.041122830935907,5.0396250585049,"2023-10-18 13:38:29","2023-10-18 13:39:22","2-Oct-SWH-UP","COMPASS","Synoptic","CB"
"606",2,"Oct","SWH","SWAMP","2","2-Oct-SWH-SWAMP-2","2023-10-18 13:42:27",NA,NA,NA,NA,NA,429.365489936579,20.8167406510992,0.572039755234225,23617.2778024939,15.8218378641626,1.02587623494675e-31,0.971392089988811,43.3393265314864,374.468022687304,0.993198387870451,21.6958397986053,430.347352560426,TRUE,20.6243867920312,0.495934873473544,28.3675329201365,"2023-10-18 13:42:07","2023-10-18 13:42:47","2-Oct-SWH-UP","2023-10-18 13:42:27",314.794013177715,2.69331261025386,7.11216081894293e-22,0.908705745739407,10.7171721149072,243.93049013516,2.89991823188168,0.0596089693095599,3574.34631941419,1.64870262780869,1.57925694076951e-36,0.983788688451682,4.51614168678639,247.102265357403,0.984112881272359,4.58999798359898,244.201310804544,TRUE,2.9273075306925,0.0537364677423025,3.97139605669232,"2023-10-18 13:42:07","2023-10-18 13:42:47","2-Oct-SWH-UP","COMPASS","Synoptic","CB"
"607",2,"Oct","SWH","SWAMP","3","2-Oct-SWH-SWAMP-3","2023-10-18 13:46:06.5",NA,NA,NA,NA,NA,459.942814979363,5.52151189105059,0.144028309608936,18915.7246632026,5.06186601071898,8.41123033679423e-40,0.965827054507645,16.4958006682256,444.091423285231,0.976339289236342,13.9978957924848,462.004780408238,TRUE,5.69724370474424,0.121231428975692,12.6547179250721,"2023-10-18 13:45:40","2023-10-18 13:46:33","2-Oct-SWH-UP","2023-10-18 13:46:06.5",NA,NA,NA,NA,NA,397.248435843589,5.22321511962153,0.0806006218097435,3695.84726209761,2.83270385585531,2.08149854983045e-51,0.987769063183627,9.23132261094091,374.12406030173,0.992598628685166,7.32330013309784,398.620652435993,TRUE,5.29417315454749,0.0730334876893117,8.12409609296694,"2023-10-18 13:45:40","2023-10-18 13:46:33","2-Oct-SWH-UP","COMPASS","Synoptic","CB"
"608",2,"Oct","SWH","SWAMP","4","2-Oct-SWH-SWAMP-4","2023-10-18 13:51:26.5",NA,NA,NA,NA,NA,282.536490367055,1.38734893975578,0.0278646461145506,18709.2239840383,0.979301259946227,1.50311154979465e-45,0.979454196723363,3.19138403584899,255.861790021056,0.988358146167715,2.44988244828549,284.423068598951,TRUE,1.41815454001915,0.0242583324600665,2.73567870190658,"2023-10-18 13:51:00","2023-10-18 13:51:53","2-Oct-SWH-UP","2023-10-18 13:51:26.5",NA,NA,NA,NA,NA,326.160882369547,2.88541604626629,0.0417328369818619,3611.24733231913,1.46669796807958,7.4481113901549e-53,0.989239223677897,4.7797308879173,320.893387021066,0.990936209438807,4.4735597653534,326.364059908994,TRUE,2.89497059782386,0.0458372108442256,4.32024409858391,"2023-10-18 13:51:00","2023-10-18 13:51:53","2-Oct-SWH-UP","COMPASS","Synoptic","CB"
"609",2,"Oct","SWH","SWAMP","5","2-Oct-SWH-SWAMP-5","2023-10-18 13:56:29.5",NA,NA,NA,NA,NA,221.212835447326,0.968152098674599,0.0157926888403399,18601.1540355784,0.555033070066789,3.59992030380313e-50,0.986352271708904,1.80876278998831,214.539440279609,0.988799957015997,1.67100575500545,221.671729105742,TRUE,0.977923221201013,0.0152001216941128,1.83983265955525,"2023-10-18 13:56:03","2023-10-18 13:56:56","2-Oct-SWH-UP","2023-10-18 13:56:29.5",NA,NA,NA,NA,NA,345.551771180333,4.13908472987176,0.0499405622494694,3558.22170164559,1.75515796368897,6.52996701809271e-57,0.992486776741969,5.71977524670781,340.628799081123,0.993631115445192,5.37049324701448,345.587866107824,TRUE,4.13129642718575,0.048870787711729,6.22136489339778,"2023-10-18 13:56:03","2023-10-18 13:56:56","2-Oct-SWH-UP","COMPASS","Synoptic","CB"
"610",2,"Oct","SWH","UP","1","2-Oct-SWH-UP-1","2023-10-18 14:00:48.5",210.863537141304,-0.401138802625904,1.76084708378572e-21,0.86296748580726,2.08827100352804,163.440917556453,-0.388333792759946,0.013276226842824,18628.9432433738,0.420704894605922,2.27724910544552e-31,0.948978506445238,1.27424115883364,165.628333840964,0.950869264062818,1.27851037769192,163.459156025367,TRUE,-0.388628799985671,0.0129709464317979,1.40581532303727,"2023-10-18 14:00:25","2023-10-18 14:01:12","2-Oct-SWH-UPCON","2023-10-18 14:00:48.5",NA,NA,NA,NA,NA,315.009493255166,7.33012583170386,0.0643807265144087,3703.64771889167,2.04013437579495,4.83760120878595e-58,0.996464031842952,6.17920833467934,296.852763166415,0.997771366547954,5.01591958551877,315.01334207642,TRUE,7.33331126083019,0.0740381156475969,5.8101752362254,"2023-10-18 14:00:25","2023-10-18 14:01:12","2-Oct-SWH-UPCON","COMPASS","Synoptic","CB"
"611",2,"Oct","SWH","UP","2","2-Oct-SWH-UP-2","2023-10-18 14:04:14.5",281.490917228661,-0.602341213861228,1.75789622727376e-27,0.898386116121432,3.16063658094929,171.586214652299,-0.620114896116837,0.00997459492783924,18589.0955943768,0.350556520263339,1.75318743725787e-50,0.986724663592691,1.14240686516897,174.184653004037,0.987064789840145,1.1500095606155,172.159175651065,TRUE,-0.623892669456178,0.010381448725993,0.98958932280938,"2023-10-18 14:03:48","2023-10-18 14:04:41","2-Oct-SWH-UPCON","2023-10-18 14:04:14.5",496.218874545185,4.2430546703664,2.19939674684997e-28,0.906178275159394,23.0806656908766,336.473023924703,4.73273971243304,0.0459140453284026,3578.99382277328,1.61364627616259,8.30125664813254e-62,0.995129775939599,5.25861159980047,338.426298053616,0.995310914315814,5.26207917255541,337.423493107514,TRUE,4.74471590746114,0.0414583365318194,3.9636137252569,"2023-10-18 14:03:48","2023-10-18 14:04:41","2-Oct-SWH-UPCON","COMPASS","Synoptic","CB"
"612",2,"Oct","SWH","UP","3","2-Oct-SWH-UP-3","2023-10-18 14:07:53.5",170.908572529311,0.153163880582304,6.26490094146158e-17,0.74220634950814,1.13526131499559,164.818015675357,0.123508643717914,0.0093686859301383,18659.9042009161,0.329261886108576,3.27964714184834e-18,0.76970263371936,1.07301110487506,161.797933532819,0.797777242528919,1.02539551757224,164.822571817804,TRUE,0.123892330894132,0.00957124047383964,1.07099294792178,"2023-10-18 14:07:27","2023-10-18 14:08:20","2-Oct-SWH-UPCON","2023-10-18 14:07:53.5",NA,NA,NA,NA,NA,346.314480309273,5.16137980446549,0.0502944968647045,3649.47744223671,1.76759697379566,1.04374173703067e-61,0.995086696821432,5.76031196395705,337.276606123856,0.99614062850073,5.20635988438473,346.47301814061,TRUE,5.18071297225684,0.0512197694591047,4.95160422303588,"2023-10-18 14:07:27","2023-10-18 14:08:20","2-Oct-SWH-UPCON","COMPASS","Synoptic","CB"
"613",2,"Oct","SWH","UP","4","2-Oct-SWH-UP-4","2023-10-18 14:12:21.5",NA,NA,NA,NA,NA,182.753572210679,0.540234815097178,0.0110611925091688,18645.5884666853,0.388744924884595,4.0026502507414e-45,0.978665792404857,1.26685668449169,182.348677326987,0.980336981315796,1.24031213997347,182.915791729375,TRUE,0.538227086751664,0.0101387352857293,0.945770365626711,"2023-10-18 14:11:55","2023-10-18 14:12:48","2-Oct-SWH-UPCON","2023-10-18 14:12:21.5",NA,NA,NA,NA,NA,338.260563500634,2.20249589607461,0.0466803059253866,3683.22717254284,1.64057645733154,2.31958314250831e-44,0.977174893364607,5.34637269414424,329.066133002427,0.98212291379005,4.82522822254736,338.559896737443,TRUE,2.17740055786796,0.0461311798385936,3.87931248002514,"2023-10-18 14:11:55","2023-10-18 14:12:48","2-Oct-SWH-UPCON","COMPASS","Synoptic","CB"
"614",2,"Oct","SWH","UP","5","2-Oct-SWH-UP-5","2023-10-18 14:15:55.5",458.482383728808,3.99853793766253,8.26627182977852e-32,0.930691438966622,16.2742374345904,295.566883699735,3.88548630471298,0.0314377849256448,18597.1698802793,1.10487900190937,6.86459775261049e-66,0.996607338454015,3.60062153747454,276.605770193187,0.99778243682412,2.96866968094903,296.705356996602,TRUE,3.85619616717443,0.0292664165848,3.06729307442636,"2023-10-18 14:15:29","2023-10-18 14:16:22","2-Oct-SWH-UPCON","2023-10-18 14:15:55.5",579.58219277415,12.2717641585702,1.90805686771873e-31,0.928428564794674,49.9427755088748,411.685657123718,11.7350274613065,0.0921284997616822,3642.05933150635,3.23785041168919,1.43810071455275e-66,0.996805275230201,10.5516295515635,397.56749683996,0.997715883144028,9.09868521364032,411.890601799223,TRUE,11.7016191948649,0.100543102862157,11.1133142277898,"2023-10-18 14:15:29","2023-10-18 14:16:22","2-Oct-SWH-UPCON","COMPASS","Synoptic","CB"
"615",2,"Sep","GCW","TR","1","2-Sep-GCW-TR-1","2023-09-12 10:52:25.5",294.948782221626,2.43900920575271,1.07813265413867e-41,0.971096549734027,3.58007345380242,315.054081415621,1.29774447910687,0.0376543139093539,19706.8556309104,1.32335852758544,1.73623566776224e-37,0.958058267660674,4.31261089041456,242.585099417402,0.989822401591432,2.16648864867872,315.358670767517,TRUE,1.28388925971927,0.0408275780989292,3.93282285337054,"2023-09-12 10:51:59","2023-09-12 10:52:52","2-Sep-GCW-TR","2023-09-12 10:52:25.5",586.663041092142,13.329760289198,6.2969577974069e-31,0.925070214792826,53.3269200636563,433.771666133104,12.2386735749032,0.113033521196775,4643.26946674716,3.97255609380795,6.50848333303211e-63,0.995584020267995,12.9459162546053,415.234864590066,0.997090790070097,10.7157718353347,433.845007171836,TRUE,12.2319435877563,0.115457507839808,11.9361055128662,"2023-09-12 10:51:59","2023-09-12 10:52:52","2-Sep-GCW-TR","COMPASS","Synoptic","CB"
"616",2,"Sep","GCW","TR","2","2-Sep-GCW-TR-2","2023-09-12 10:56:06.5",NA,NA,NA,NA,NA,576.44375017962,38.5706800637642,0.423571460487183,20961.8338529022,14.8863927152391,5.05199983486121e-59,0.993768004344433,48.5123403858395,456.668719074119,0.99937025077488,15.7267559151317,580.999803626765,TRUE,39.3403289103536,0.333933501444018,38.9944695894992,"2023-09-12 10:55:40","2023-09-12 10:56:33","2-Sep-GCW-TR","2023-09-12 10:56:06.5",NA,NA,NA,NA,NA,457.520052839196,12.9482123577667,0.140833295850813,4146.39793471865,4.94957745029684,3.07423684243458e-59,0.993885922464466,16.1298704547187,375.500529234881,0.998756860836276,7.41723352192226,461.485115965672,TRUE,13.1917860378731,0.108045453722473,11.3148700974594,"2023-09-12 10:55:40","2023-09-12 10:56:33","2-Sep-GCW-TR","COMPASS","Synoptic","CB"
"617",2,"Sep","GCW","TR","3","2-Sep-GCW-TR-3","2023-09-12 11:03:18.5",NA,NA,NA,NA,NA,191.820738416478,-0.25949758902071,0.0120299341328871,19425.112031102,0.422791289183271,1.32610200735099e-27,0.899479537925442,1.37780826593605,177.567168804991,0.928311363906283,1.18659735605222,191.981586297708,TRUE,-0.26388484585972,0.0126707127578372,1.53821932778092,"2023-09-12 11:02:52","2023-09-12 11:03:45","2-Sep-GCW-TR","2023-09-12 11:03:18.5",NA,NA,NA,NA,NA,397.293244021143,7.86045702772858,0.0806340691826981,5302.56747775735,2.83387936170389,1.48984011691523e-60,0.994557794619838,9.23515339392122,368.459169577922,0.997037166826208,6.94907371546608,397.9426203859,TRUE,7.92011628631634,0.0681091741396383,5.82985887174632,"2023-09-12 11:02:52","2023-09-12 11:03:45","2-Sep-GCW-TR","COMPASS","Synoptic","CB"
"618",2,"Sep","GCW","TR","4","2-Sep-GCW-TR-4","2023-09-12 10:59:42.5",NA,NA,NA,NA,NA,404.819557110951,14.6854783182556,0.0864537283933284,20011.7797524253,3.03841092381305,4.70495723888624e-73,0.998201076730729,9.90168859492593,402.752247984905,0.998392257974839,9.54613992179546,405.14438196429,TRUE,14.6485319561764,0.088952176272658,9.26934044512205,"2023-09-12 10:59:16","2023-09-12 11:00:09","2-Sep-GCW-TR","2023-09-12 10:59:42.5",NA,NA,NA,NA,NA,390.061619879323,13.371769569824,0.0754116499713275,3791.9934959081,2.6503377623368,5.06524615102208e-74,0.998348856623626,8.63702107847165,386.808990612284,0.998556371040903,8.23599451068128,390.239438128925,TRUE,13.3422021156119,0.0796731720417815,7.1726858573279,"2023-09-12 10:59:16","2023-09-12 11:00:09","2-Sep-GCW-TR","COMPASS","Synoptic","CB"
"619",2,"Sep","GCW","TR","5","2-Sep-GCW-TR-5","2023-09-12 11:07:49",NA,NA,NA,NA,NA,154.672496142236,-0.0735420736113468,0.0113776459504301,19633.4947696191,0.367094417412804,5.32955371529445e-08,0.470600612679662,1.12632948476843,151.704176362562,0.540778564168196,1.07208071564268,154.696717539414,TRUE,-0.0752763962497748,0.0112136017722529,1.3435344861373,"2023-09-12 11:07:25","2023-09-12 11:08:13","2-Sep-GCW-TR","2023-09-12 11:07:49",506.193480522322,8.9784882878261,1.55340329129329e-26,0.912743732724373,40.6871745988477,319.693282242434,9.52957251082061,0.0612850616816651,3699.39980056208,1.97733380983683,2.12658500985302e-65,0.998059932251769,6.06691157807577,319.892755144653,0.998204719787986,5.96441716613257,319.80960669527,TRUE,9.52630164644319,0.0618432579287759,6.22283563193296,"2023-09-12 11:07:25","2023-09-12 11:08:13","2-Sep-GCW-TR","COMPASS","Synoptic","CB"
"620",2,"Sep","GCW","UP","1","2-Sep-GCW-UP-1","2023-09-12 11:12:30.5",433.995796439441,-3.19984048839704,3.31221036410307e-32,0.933083861638775,12.9728105606056,300.795908738448,-3.14853178348728,0.0329973550933051,19160.2685569973,1.15968999875052,4.50935761011811e-60,0.994320997607997,3.77924168988545,257.875745212619,0.997618135308005,2.4959958213549,300.795908738455,TRUE,-3.14853178348728,0.0329973550933051,4.87213196932897,"2023-09-12 11:12:04","2023-09-12 11:12:57","2-Sep-GCW-UP","2023-09-12 11:12:30.5",594.618069057682,14.5697573662193,1.64550074348445e-32,0.934858053355112,57.4031360514867,474.458974986725,14.110668383189,0.164748285016581,3804.04684338482,5.79006826167689,1.19637968459341e-57,0.992961463432001,18.8688937434903,428.049268391226,0.997232658285417,12.0657220812653,474.468848282995,TRUE,14.1162926041892,0.171420181089946,21.8113680196555,"2023-09-12 11:12:04","2023-09-12 11:12:57","2-Sep-GCW-UP","COMPASS","Synoptic","CB"
"621",2,"Sep","GCW","UP","2","2-Sep-GCW-UP-2","2023-09-12 11:21:00.5",372.734577257612,-1.6945575656552,2.54205833789362e-30,0.920945163236098,7.35677870476608,167.416651469304,-1.64594786608448,0.00959684392591783,18983.3230607722,0.337280484723293,2.85368363959247e-73,0.998235340176898,1.09914241773612,165.294036202657,0.998424494500533,1.05913202672891,167.489811896563,TRUE,-1.64342733288079,0.00954113092902715,0.873399005431147,"2023-09-12 11:20:34","2023-09-12 11:21:27","2-Sep-GCW-UP","2023-09-12 11:21:00.5",574.818456887729,11.6697867244327,1.09295552112661e-31,0.929943966369543,47.7877435037138,376.302903120898,11.3575428881086,0.066391314781335,4123.84771165815,2.33331864139114,3.26032279820301e-73,0.998226275729594,7.60390716039047,346.702965087475,0.999047951815087,5.68119748007479,376.722198173234,TRUE,11.3271076674237,0.0686847146059505,7.11700483880121,"2023-09-12 11:20:34","2023-09-12 11:21:27","2-Sep-GCW-UP","COMPASS","Synoptic","CB"
"622",2,"Sep","GCW","UP","3","2-Sep-GCW-UP-3","2023-09-12 11:25:53",NA,NA,NA,NA,NA,371.889110349617,-0.351298192234718,0.0582777797759787,19117.7540830173,2.08174885841878,1.63398514170858e-07,0.406738970683656,6.86095566757709,308.214662562318,0.82667126715685,3.78050511866202,374.08737743422,TRUE,-0.405308319580786,0.0471695105234605,5.69283285308526,"2023-09-12 11:25:26","2023-09-12 11:26:20","2-Sep-GCW-UP",NA,NA,NA,NA,NA,NA,NA,NA,NA,NA,NA,NA,NA,NA,NA,NA,NA,NA,NA,NA,NA,NA,NA,NA,NA,"COMPASS","Synoptic","CB"
"623",2,"Sep","GCW","UP","4","2-Sep-GCW-UP-4","2023-09-12 11:30:34.5",276.954086685407,-2.10155361731232,3.15393198420808e-35,0.948777332043596,3.0306155986681,321.801997160408,-0.792000965019794,0.0400820349738565,19024.1364297236,1.40868063386634,7.7958607581791e-26,0.882469364384904,4.59066180184179,277.390933908377,0.95204812724855,2.99033065425745,322.678757468861,TRUE,-0.801230097533699,0.0372288742850157,4.24882627287819,"2023-09-12 11:30:08","2023-09-12 11:31:01","2-Sep-GCW-UP","2023-09-12 11:30:34.5",487.130146555895,9.93594765445075,3.07229073183787e-36,0.953161865081196,21.2177987939722,477.690555324875,6.05012911678666,0.169752382873292,3722.63897574946,5.96593697057151,3.25057363922849e-38,0.960673819215965,19.4420213528661,453.540315151922,0.976650169363248,15.2777383232455,478.248126108632,TRUE,5.96818962014979,0.168749911983124,19.0155914693829,"2023-09-12 11:30:08","2023-09-12 11:31:01","2-Sep-GCW-UP","COMPASS","Synoptic","CB"
"624",2,"Sep","GCW","UP","5","2-Sep-GCW-UP-5","2023-09-12 11:16:08.5",431.9301529612,-3.07260721162831,1.19606139949361e-31,0.929700982365612,12.7270461021207,245.606830514812,-3.01886844594336,0.0197947633612238,18938.3944271239,0.695685730954296,1.26446356978018e-70,0.997769276599618,2.2671270083502,220.057647305854,0.998709385022919,1.75860380771706,245.724315762581,TRUE,-3.01754359682559,0.0189605117250645,1.75852225449851,"2023-09-12 11:15:42","2023-09-12 11:16:35","2-Sep-GCW-UP","2023-09-12 11:16:08.5",555.880164769618,8.94359675266319,3.4789494342281e-31,0.926758330031871,40.1015360037898,377.698404031084,9.31687852983227,0.0672547434902295,4226.56104447559,2.36366378982826,1.85130477900473e-68,0.997297702640908,7.70279707940582,368.465403630306,0.997885017111371,6.94947484639099,378.012234746043,TRUE,9.35176243901212,0.0666387250065389,6.27884018373066,"2023-09-12 11:15:42","2023-09-12 11:16:35","2-Sep-GCW-UP","COMPASS","Synoptic","CB"
"625",2,"Sep","GWI","TR","1","2-Sep-GWI-TR-1","2023-09-21 10:34:16.5",NA,NA,NA,NA,NA,192.164938299314,0.198669430767245,0.0120683351256395,18508.5215737243,0.424140889692496,2.85299002079912e-22,0.839008691020606,1.38220639519012,190.886927089279,0.853999589448801,1.34234883561781,192.178786790388,TRUE,0.199914041243253,0.0129443118235312,1.29790796423647,"2023-09-21 10:33:50","2023-09-21 10:34:43","2-Sep-GWI-TR","2023-09-21 10:34:16.5",NA,NA,NA,NA,NA,314.494904903406,1.30946361953914,0.0374598602607381,3448.36298757761,1.31652446616195,8.56357571592297e-38,0.959182173600651,4.29033979221529,312.526565842667,0.963453182492036,4.14007495735246,314.960690659263,TRUE,1.33419475675419,0.0341541623961739,4.41921756845589,"2023-09-21 10:33:50","2023-09-21 10:34:43","2-Sep-GWI-TR","COMPASS","Synoptic","CB"
"626",2,"Sep","GWI","TR","2","2-Sep-GWI-TR-2","2023-09-21 10:38:26.5",159.659236848318,0.555122360873243,4.24080571042573e-26,0.885183096080516,1.02296200175513,188.155108577317,0.170582159596735,0.0116284773974295,18512.9211712341,0.408682117107973,4.03367036893909e-20,0.80538173042648,1.33182876160801,165.915591392674,0.88028390518349,1.06524505430181,188.582949288561,TRUE,0.163531153549203,0.0117617135269242,1.12853322336727,"2023-09-21 10:38:00","2023-09-21 10:38:53","2-Sep-GWI-TR","2023-09-21 10:38:26.5",471.951053523347,5.51878364352475,1.7145228241964e-31,0.928721952094263,18.4357780803113,404.070824910537,4.30339381334754,0.0858564429441891,3554.03755855916,3.01741936373778,1.06882185557484e-45,0.979721785632699,9.83328050392087,402.292060944565,0.981779761561554,9.50555044153259,405.68504856368,TRUE,4.20778546055755,0.0729633365277421,8.79720005784616,"2023-09-21 10:38:00","2023-09-21 10:38:53","2-Sep-GWI-TR","COMPASS","Synoptic","CB"
"627",2,"Sep","GWI","TR","3","2-Sep-GWI-TR-3","2023-09-21 10:43:05.5",NA,NA,NA,NA,NA,163.849459359223,0.316260841729687,0.00928504211058571,18540.5997929284,0.326322229256742,3.12183936271733e-37,0.957101864522389,1.0634312397901,161.942457305533,0.961546895419474,1.02676860301982,164.169125124924,TRUE,0.321178814864559,0.0101364082133627,0.879008435530827,"2023-09-21 10:42:39","2023-09-21 10:43:32","2-Sep-GWI-TR","2023-09-21 10:43:05.5",NA,NA,NA,NA,NA,320.218490054349,4.50082540247887,0.0394986354386995,3625.44281551957,1.38817709337699,4.62081521512309e-64,0.996011152822527,4.52384408754649,322.084571425385,0.996165706285443,4.52317393309358,320.241512914322,TRUE,4.5064070823378,0.0396736445942675,4.64272971225505,"2023-09-21 10:42:39","2023-09-21 10:43:32","2-Sep-GWI-TR","COMPASS","Synoptic","CB"
"628",2,"Sep","GWI","TR","4","2-Sep-GWI-TR-4","2023-09-21 10:52:28.5",218.753054181521,0.620016566251214,7.29379619576114e-33,0.936862447157078,1.7680324491748,193.625550990603,0.434148350625286,0.012232658266218,18505.8884221954,0.429916016279261,4.01332726518137e-38,0.960353939289611,1.40102659643751,171.090059405773,0.975745707809515,1.11752521553809,193.659496461078,TRUE,0.434245734428464,0.0130077612653573,1.50268399890034,"2023-09-21 10:52:02","2023-09-21 10:52:55","2-Sep-GWI-TR","2023-09-21 10:52:28.5",401.956439345756,3.01069775462086,5.15710324261071e-35,0.947800358372645,9.64264027010159,348.750117930367,2.6312669242505,0.0514416350524571,3516.56388126885,1.80791307427583,3.79861504692738e-46,0.980512497141736,5.89169559912888,317.953481435343,0.989769318211445,4.35342595838341,348.783912444855,TRUE,2.62213831629464,0.0569436138381435,5.09825589092215,"2023-09-21 10:52:02","2023-09-21 10:52:55","2-Sep-GWI-TR","COMPASS","Synoptic","CB"
"629",2,"Sep","GWI","TR","5","2-Sep-GWI-TR-5","2023-09-21 10:47:50.5",220.772886720819,0.743676197735291,1.83848471322117e-36,0.954076996232422,1.80140960225648,202.142643342903,0.520587441122861,0.01323640844858,18549.8397946734,0.465192754200761,2.32207075592141e-40,0.967476540622928,1.51598776604295,171.025827123875,0.983026551935947,1.11686077245281,202.228063458759,TRUE,0.519347997259453,0.0145096637120243,1.509816919685,"2023-09-21 10:47:24","2023-09-21 10:48:17","2-Sep-GWI-TR","2023-09-21 10:47:50.5",344.301673117949,3.7633048547835,1.14834552360562e-35,0.950727733878336,5.6539506450677,351.010125663366,1.55833638943304,0.0525294446352526,3467.13777323482,1.84614407461346,2.91257770227392e-34,0.944210148943563,6.01628423098537,331.457637555882,0.963930963415215,4.93326773158719,351.82323553782,TRUE,1.52328259692817,0.0477503579247329,5.85799844182916,"2023-09-21 10:47:24","2023-09-21 10:48:17","2-Sep-GWI-TR","COMPASS","Synoptic","CB"
"630",2,"Sep","GWI","UP","1","2-Sep-GWI-UP-1","2023-09-21 10:57:51.5",NA,NA,NA,NA,NA,180.852323259724,0.0230878490482564,0.010868173493463,18469.4704078913,0.381961283545774,0.0384145660377977,0.0798557843960097,1.24474989717393,183.565548209363,0.101522875494878,1.25436616439034,180.880435606456,TRUE,0.0214809832541565,0.0116402480630383,1.21986103542329,"2023-09-21 10:57:25","2023-09-21 10:58:18","2-Sep-GWI-UP","2023-09-21 10:57:51.5",518.073046067083,5.3046769629533,1.03376404179106e-29,0.916569966997649,28.2572121965034,350.090803490048,6.14802110989096,0.0520841989801746,3454.07123047873,1.83049594367324,7.43236987625115e-65,0.996281850558534,5.96528950922198,348.384600464442,0.996654702407007,5.77034997198677,350.147211674163,TRUE,6.15353586043589,0.0515335415965874,6.81431378342148,"2023-09-21 10:57:25","2023-09-21 10:58:18","2-Sep-GWI-UP","COMPASS","Synoptic","CB"
"631",2,"Sep","GWI","UP","2","2-Sep-GWI-UP-2","2023-09-21 11:01:28.5",NA,NA,NA,NA,NA,225.810011110124,0.0374003876879588,0.0164794399887331,18472.345591264,0.579168896595005,0.0274118833843073,0.0901250794350325,1.8874175355958,225.823233424522,0.154880596124818,1.85503814615453,226.778427874655,TRUE,0.034830810483724,0.014130133694761,1.37728966044389,"2023-09-21 11:01:02","2023-09-21 11:01:55","2-Sep-GWI-UP","2023-09-21 11:01:28.5",NA,NA,NA,NA,NA,374.002673158422,8.07214117703431,0.0649922362765553,3524.82800324977,2.28414811409063,5.32137549996634e-66,0.996640402140618,7.44366838374504,362.02946402091,0.997500673956597,6.547439529084,374.339175994159,TRUE,8.03930418098582,0.0615321830981119,5.68350252271331,"2023-09-21 11:01:02","2023-09-21 11:01:55","2-Sep-GWI-UP","COMPASS","Synoptic","CB"
"632",2,"Sep","GWI","UP","3","2-Sep-GWI-UP-3","2023-09-21 11:05:17.5",NA,NA,NA,NA,NA,184.146678105832,0.0523673552851581,0.011204796446141,18461.3337695941,0.393791876345308,2.13274186385702e-05,0.295803763884518,1.28330388105948,187.065586214267,0.309761740518322,1.29568324199281,184.196096503145,TRUE,0.0518343175009119,0.0130331742127659,1.32787981341731,"2023-09-21 11:04:51","2023-09-21 11:05:44","2-Sep-GWI-UP","2023-09-21 11:05:17.5",NA,NA,NA,NA,NA,347.550510433158,8.12025296230558,0.0508734098991834,3530.79105801346,1.78794283649687,1.18918096899737e-71,0.997963143538748,5.82661583190447,345.554514001041,0.998177205618533,5.62110479942838,347.722850737127,TRUE,8.0996466540834,0.0514279121400173,5.48343247760508,"2023-09-21 11:04:51","2023-09-21 11:05:44","2-Sep-GWI-UP","COMPASS","Synoptic","CB"
"633",2,"Sep","GWI","UP","4","2-Sep-GWI-UP-4","2023-09-21 11:09:20.5",NA,NA,NA,NA,NA,177.627356490843,0.0329636208320077,0.0105484386290028,18451.9908269528,0.370724221559508,0.00290714852880412,0.158105748172137,1.20813013398198,180.097598251693,0.181620996778188,1.21472747224409,177.644410744487,TRUE,0.0324790136696145,0.0112324500173917,1.37503713937241,"2023-09-21 11:08:54","2023-09-21 11:09:47","2-Sep-GWI-UP","2023-09-21 11:09:20.5",NA,NA,NA,NA,NA,339.687621785699,5.07596806380836,0.047301209391794,3396.42910709475,1.66239807115926,1.03366841037127e-62,0.995504754551944,5.41748579575515,338.726520448828,0.995899339640072,5.276727245092,339.743405677221,TRUE,5.07827939299639,0.0517404508101887,5.62197353325976,"2023-09-21 11:08:54","2023-09-21 11:09:47","2-Sep-GWI-UP","COMPASS","Synoptic","CB"
"634",2,"Sep","GWI","UP","5","2-Sep-GWI-UP-5","2023-09-21 11:13:18.5",NA,NA,NA,NA,NA,169.050493969939,0.0723925704018615,0.00974313035795634,18428.7091969259,0.342421712306784,1.02096717382745e-09,0.514955216824197,1.11589684490343,169.526048264164,0.545601889099203,1.10145829754357,169.074941981965,TRUE,0.0709773408826261,0.010692968483828,1.22896522944921,"2023-09-21 11:12:52","2023-09-21 11:13:45","2-Sep-GWI-UP","2023-09-21 11:13:18.5",540.181601199365,7.20367855028882,6.25966177616134e-30,0.91816168302063,34.6763385369045,352.13729673489,7.62226630749025,0.0530805532181397,3462.17149009436,1.86551275158749,2.87272292861457e-69,0.997484570354565,6.07940360907526,339.171450442771,0.99816276580953,5.298510735443,352.282655613658,TRUE,7.635885035039,0.066186275454609,5.85013978255617,"2023-09-21 11:12:52","2023-09-21 11:13:45","2-Sep-GWI-UP","COMPASS","Synoptic","CB"
"635",2,"Sep","MSM","TR","1","2-Sep-MSM-TR-1","2023-09-14 11:24:54",132.691784612656,-0.320765933867531,3.15784378474889e-10,0.661356589998879,1.2606620032803,126.462772994893,-0.158126669365169,0.0165597132503114,20441.6924502603,0.438962568252993,1.5901664084661e-11,0.711345803650934,1.1639016575668,130.436895713554,0.711537267966054,1.19629708638991,126.753951469691,TRUE,-0.157259388835432,0.016147433621368,0.958597011478488,"2023-09-14 11:24:35","2023-09-14 11:25:13","2-Sep-MSM-TR","2023-09-14 11:24:54",262.000472746429,2.06110433555532,3.17486711273556e-21,0.913140263346788,6.61566734741197,228.146095507923,1.90693776885066,0.0609836120350168,3433.05487921765,1.61654507874596,3.28323417076932e-28,0.963539348411514,4.28624131704889,228.617071066172,0.966693724448985,4.21205739828612,228.247092489922,TRUE,1.90001772021595,0.0579624790014369,4.01631794239476,"2023-09-14 11:24:35","2023-09-14 11:25:13","2-Sep-MSM-TR","COMPASS","Synoptic","CB"
"636",2,"Sep","MSM","TR","2","2-Sep-MSM-TR-2","2023-09-14 11:42:30.5",NA,NA,NA,NA,NA,164.211327990896,0.000605743506755716,0.00931620508082226,18657.3164395607,0.327417449913443,0.948407072935638,8.1294432513091e-05,1.06700038634641,166.653530305873,0.0285149540382058,1.07254854944545,164.247240334675,TRUE,0.000349740124311999,0.0103972705897065,1.11868925885418,"2023-09-14 11:42:04","2023-09-14 11:42:57","2-Sep-MSM-TR","2023-09-14 11:42:30.5",455.52382915823,3.05070386369104,5.84311602186291e-28,0.902592488724985,15.8344715661612,330.305146418926,3.17901390949627,0.0433653654668816,3372.41044392055,1.52407308046053,3.65970475240461e-54,0.99041653871163,4.96670707716236,331.014056621917,0.990983170974709,4.913047215659,330.499489970033,TRUE,3.16612425875164,0.0480095394680157,4.39399263628342,"2023-09-14 11:42:04","2023-09-14 11:42:57","2-Sep-MSM-TR","COMPASS","Synoptic","CB"
"637",2,"Sep","MSM","TR","3","2-Sep-MSM-TR-3","2023-09-14 11:38:18",NA,NA,NA,NA,NA,179.729140227002,0.114911372533916,0.0168811896727574,18769.06926017,0.525219362452536,1.97030848990708e-08,0.507314452061889,1.56985987785863,137.364177538323,0.81628556489716,0.980662680471459,180.079331024455,TRUE,0.105692341281887,0.019689719855906,1.42151431658494,"2023-09-14 11:37:55","2023-09-14 11:38:41","2-Sep-MSM-TR","2023-09-14 11:38:18",370.809128259747,2.9412289794278,5.92591763371108e-27,0.925040039475189,11.9861545449472,294.73073678078,3.13446863149447,0.0573757192851267,3582.62057635541,1.78511344800663,8.7592526686978e-43,0.985146063253208,5.33563341299081,293.019854793631,0.986845593421407,5.13656582575089,294.747307890515,TRUE,3.13998098007783,0.0620679317138029,4.86579413053763,"2023-09-14 11:37:55","2023-09-14 11:38:41","2-Sep-MSM-TR","COMPASS","Synoptic","CB"
"638",2,"Sep","MSM","TR","4","2-Sep-MSM-TR-4","2023-09-14 11:33:23",NA,NA,NA,NA,NA,483.146649637429,-0.0813989121411275,0.160236854323197,19488.3322837606,5.72384345879674,0.613567297047844,0.004845371473604,18.8644447000126,463.449210884594,0.35320098303387,15.5037324249327,488.263685501676,TRUE,-0.399493538910446,0.0199369807324965,1.87081692996545,"2023-09-14 11:32:56","2023-09-14 11:33:50","2-Sep-MSM-TR","2023-09-14 11:33:23",NA,NA,NA,NA,NA,335.410197934447,1.57605877909643,0.0418291894609161,3399.48053230952,1.49418642480161,6.08096751399149e-40,0.964010827674061,4.92448778256855,329.012507972022,0.970210105773399,4.56733074353443,335.482431706201,TRUE,1.57721612839874,0.0454925369699542,4.40662219366673,"2023-09-14 11:32:56","2023-09-14 11:33:50","2-Sep-MSM-TR","COMPASS","Synoptic","CB"
"639",2,"Sep","MSM","TR","5","2-Sep-MSM-TR-5","2023-09-14 11:28:21.509434",204.266090217801,0.518543082262825,3.39776558396084e-22,0.843646364848907,1.60116168766278,200.830212175034,0.233258122363719,0.0135343272469141,18783.7547564865,0.4766581047186,6.46926165309865e-23,0.853460876689142,1.55009384891454,200.687399183417,0.864479060523773,1.52079770430765,202.005451650699,TRUE,0.219222369500276,0.01210944537048,1.19816878988005,"2023-09-14 11:27:55","2023-09-14 11:28:48","2-Sep-MSM-TR","2023-09-14 11:28:21.509434",NA,NA,NA,NA,NA,313.36776482632,2.89460713885858,0.0391305793600508,3389.60024322529,1.37811857612319,1.46394497354113e-53,0.990765901016444,4.4816465025483,313.189076208501,0.991465985686251,4.39545731137835,313.560698592026,TRUE,2.89762412233631,0.0402326453935763,3.9793248041777,"2023-09-14 11:27:55","2023-09-14 11:28:48","2-Sep-MSM-TR","COMPASS","Synoptic","CB"
"640",2,"Sep","MSM","UP","1","2-Sep-MSM-UP-1","2023-09-14 12:15:32.5",207.673426591356,-0.62479592352296,1.05230089544334e-29,0.916513013882544,1.59564520757882,181.726374103897,-0.338603117510072,0.0109564871924364,18733.2154934763,0.385065063020296,3.88474295311281e-35,0.948365513470535,1.25486461127767,175.527735260783,0.957251841836506,1.16440031421534,181.917790834703,TRUE,-0.338376169287687,0.0113100916400836,1.16179789186595,"2023-09-14 12:15:06","2023-09-14 12:15:59","2-Sep-MSM-UP","2023-09-14 12:15:32.5",NA,NA,NA,NA,NA,365.915220459209,10.6601964589323,0.0603031294003878,3408.52511363209,2.11934974367618,5.93461908694391e-74,0.998338766949563,6.90661721268508,364.247766667084,0.998504280622467,6.68331352304731,367.994551556558,TRUE,10.7323948614103,0.0472524376620825,4.744771055457,"2023-09-14 12:15:06","2023-09-14 12:15:59","2-Sep-MSM-UP","COMPASS","Synoptic","CB"
"641",2,"Sep","MSM","UP","2","2-Sep-MSM-UP-2","2023-09-14 12:11:55.5",230.21692156732,-0.562805031666099,1.34170417625952e-32,0.935366776548891,1.96602598315522,177.493944858717,-0.480933847610147,0.0105354162626374,18709.268135593,0.370266551301049,1.24230592402924e-43,0.975653766570015,1.20663866080997,162.670872665329,0.982819040892536,1.03371713900875,177.504236755822,TRUE,-0.481342785560146,0.0123406916652568,1.32759657559954,"2023-09-14 12:11:29","2023-09-14 12:12:22","2-Sep-MSM-UP","2023-09-14 12:11:55.5",496.779841432416,7.73118979462879,4.80054120009122e-35,0.947943857589482,23.2008617372084,415.063689813233,6.3656225785309,0.0950556414404146,3516.84813453662,3.34072462449058,3.84854669678967e-52,0.988537730470708,10.886879932486,383.010913825657,0.994120823323433,7.95138991140594,416.429382251977,TRUE,6.27202161733989,0.0808196311874227,9.10358016567754,"2023-09-14 12:11:29","2023-09-14 12:12:22","2-Sep-MSM-UP","COMPASS","Synoptic","CB"
"642",2,"Sep","MSM","UP","3","2-Sep-MSM-UP-3","2023-09-14 12:07:43.5",NA,NA,NA,NA,NA,167.936799896502,-0.194511761085834,0.00964317562296929,18698.7658163589,0.338908809343366,3.01436327847132e-26,0.886677197941616,1.10444886367898,149.165486623139,0.925667415030501,0.912206679748114,167.961012924342,TRUE,-0.193767234688731,0.00953826880565336,1.02285976909067,"2023-09-14 12:07:17","2023-09-14 12:08:10","2-Sep-MSM-UP","2023-09-14 12:07:43.5",493.905335124166,4.45266633146609,8.0840970454721e-30,0.917353975791237,22.591497590375,343.070253558626,4.93524441426763,0.0488061597008674,3479.2402532033,1.71528945645707,2.24052707249083e-61,0.994940212593206,5.58985024536554,345.593231232332,0.995076733649283,5.62312028673711,343.206171954191,TRUE,4.94353235601665,0.0512048632075642,5.87954856393615,"2023-09-14 12:07:17","2023-09-14 12:08:10","2-Sep-MSM-UP","COMPASS","Synoptic","CB"
"643",2,"Sep","MSM","UP","4","2-Sep-MSM-UP-4","2023-09-14 12:04:10.5",NA,NA,NA,NA,NA,187.852317458533,-0.0875149055512875,0.0115959212074738,18692.3291009719,0.407537931830627,6.65277440294551e-10,0.522751204819249,1.32810004729147,181.907031908689,0.603027907013288,1.23525047625317,187.878526133685,TRUE,-0.0861116685831478,0.0114134807205384,1.39229305253859,"2023-09-14 12:03:44","2023-09-14 12:04:37","2-Sep-MSM-UP","2023-09-14 12:04:10.5",NA,NA,NA,NA,NA,336.528805033318,7.65523654702893,0.0459377656790156,3493.2078349621,1.6144799264141,1.27112946887724e-72,0.998130982419335,5.26132833081367,330.557797143131,0.998446105064445,4.89233521555,336.584853861948,TRUE,7.66569393595799,0.0469886307503873,5.82326252422567,"2023-09-14 12:03:44","2023-09-14 12:04:37","2-Sep-MSM-UP","COMPASS","Synoptic","CB"
"644",2,"Sep","MSM","UP","5","2-Sep-MSM-UP-5","2023-09-14 11:59:18.5",NA,NA,NA,NA,NA,175.952397129714,-0.0163933496809329,0.0103861061799748,18526.7800674232,0.365019057703854,0.12054014193664,0.045719612792748,1.1895379299325,170.03200129154,0.205870535761276,1.1066304602681,175.979441712911,TRUE,-0.0180185997434138,0.0105016806106008,1.05381013809643,"2023-09-14 11:58:52","2023-09-14 11:59:45","2-Sep-MSM-UP","2023-09-14 11:59:18.5",513.390113205035,6.16930918378475,6.02825161631692e-31,0.925195601400907,27.0581494784351,369.201710564461,6.21273755405595,0.0621663877313946,3513.67770399538,2.18483384218792,4.11682033599657e-61,0.99482043496019,7.12001927305191,366.12086556453,0.995456969391153,6.80023662422778,369.83824432223,TRUE,6.16747137500085,0.0589017244317762,6.11965484933003,"2023-09-14 11:58:52","2023-09-14 11:59:45","2-Sep-MSM-UP","COMPASS","Synoptic","CB"
"645",2,"Sep","SWH","TR","1","2-Sep-SWH-TR-1","2023-09-20 09:31:40.5",NA,NA,NA,NA,NA,616.896785590572,22.1883540607296,0.616024897305007,26619.4103609003,21.6501568191105,1.9186569841187e-38,0.961462627007626,70.5543510175106,485.890526515063,0.996837026428689,20.6132845989503,621.057490319919,TRUE,23.1182821712018,0.50379354000127,51.5619280407806,"2023-09-20 09:31:14","2023-09-20 09:32:07","2-Sep-SWH-TR","2023-09-20 09:31:40.5",NA,NA,NA,NA,NA,535.237259308055,8.70409247135321,0.289217978762698,4497.21204489301,10.1645479306307,1.43660099223535e-34,0.945704672246702,33.1246137671852,423.595745890227,0.993621527360867,11.5782950277658,541.706420261489,TRUE,9.3302043268196,0.215082296702388,22.5195279107461,"2023-09-20 09:31:14","2023-09-20 09:32:07","2-Sep-SWH-TR","COMPASS","Synoptic","CB"
"646",2,"Sep","SWH","TR","2a","2-Sep-SWH-TR-2a","2023-09-20 09:27:32",NA,NA,NA,NA,NA,870.071831451185,703.946693465254,26.1151568809501,28236.6315963572,812.512998979894,2.07195195143373e-29,0.941679484476661,2428.56918180048,769.796978030035,0.993657074961161,819.325781682025,870.072871388243,TRUE,704.656498323728,26.583390474283,3348.42469991195,"2023-09-20 09:27:09","2023-09-20 09:27:55","2-Sep-SWH-TR","2023-09-20 09:27:32",NA,NA,NA,NA,NA,622.309492643001,53.8671401022425,1.87151133951006,4208.60009108942,58.2277678063438,1.26883303522789e-30,0.948479783369485,174.040492394657,530.109646859766,0.993346326839478,63.9829447379355,622.313222080517,TRUE,53.9634704537107,1.89738737769994,229.439956262647,"2023-09-20 09:27:09","2023-09-20 09:27:55","2-Sep-SWH-TR","COMPASS","Synoptic","CB"
"647",2,"Sep","SWH","TR","3","2-Sep-SWH-TR-3","2023-09-20 09:48:51.5",590.670535254943,14.4151231004156,6.43230005483553e-32,0.931356016543681,55.342862458238,482.642151180375,13.2376492035134,0.177716380874063,27246.7107612486,6.24583118650027,1.60774434310842e-54,0.990714928860677,20.354151224414,440.347219390669,0.996060340473975,13.5209246994121,483.226015436141,TRUE,13.1178711997922,0.158429088105918,15.9319829893939,"2023-09-20 09:48:25","2023-09-20 09:49:18","2-Sep-SWH-TR","2023-09-20 09:48:51.5",NA,NA,NA,NA,NA,329.980303790117,2.77761439973651,0.0432351269927232,3983.10306697207,1.51949585736168,3.24900139590946e-51,0.987557849312769,4.95179064917064,317.981771973277,0.990748174813913,4.35456648518502,330.019434662863,TRUE,2.77968718461342,0.0444534538549061,4.64659891917797,"2023-09-20 09:48:25","2023-09-20 09:49:18","2-Sep-SWH-TR","COMPASS","Synoptic","CB"
"648",2,"Sep","SWH","TR","4a","2-Sep-SWH-TR-4a","2023-09-20 10:04:43.5",NA,NA,NA,NA,NA,413.149208400829,6.87303091454062,0.0933854675806444,23079.3676479885,3.28202646774822,2.98445853258869e-54,0.990491411383521,10.6955921561672,340.628966605236,0.997694831120532,5.37050157745724,423.78013264706,TRUE,7.14421077920434,0.0495382872944609,4.79648017541372,"2023-09-20 10:04:17","2023-09-20 10:05:10","2-Sep-SWH-TR","2023-09-20 10:04:43.5",529.154467425175,5.98998115277014,3.39421767222361e-29,0.91267337861975,31.3105304578196,348.230385243413,6.66081256594875,0.0511946751342816,3710.11442997286,1.79923368326432,4.78872517185098e-67,0.996937567939231,5.86341087097838,335.397865225883,0.997757713604148,5.11657455999595,348.322323726987,TRUE,6.65262455068907,0.0523083393686544,6.22011601301448,"2023-09-20 10:04:17","2023-09-20 10:05:10","2-Sep-SWH-TR","COMPASS","Synoptic","CB"
"649",2,"Sep","SWH","TR","5a","2-Sep-SWH-TR-5a","2023-09-20 09:56:26.5",NA,NA,NA,NA,NA,490.146978605125,6.05833919534918,0.190504926758248,22739.2030721345,6.69528383864512,9.44053946777514e-36,0.951097224192667,21.8188445497385,431.023780875573,0.98480622121297,12.4026521003658,492.645555819947,TRUE,6.31105240966652,0.141985621526745,18.5460490729279,"2023-09-20 09:56:00","2023-09-20 09:56:53","2-Sep-SWH-TR","2023-09-20 09:56:26.5",NA,NA,NA,NA,NA,457.128148678197,9.26537649260548,0.140323174232255,3636.22774039402,4.93164925764276,7.95032910967371e-52,0.988213448411956,16.0714453814874,385.238305624992,0.997109031053182,8.11708210688427,457.924445620746,TRUE,9.34477915551869,0.141869311513686,13.6882392923547,"2023-09-20 09:56:00","2023-09-20 09:56:53","2-Sep-SWH-TR","COMPASS","Synoptic","CB"
"650",2,"Sep","SWH","TR","6a","2-Sep-SWH-TR-6a","2023-09-20 09:39:54.5",NA,NA,NA,NA,NA,724.383524046939,284.596907319529,1.66659009504442,25331.3706746688,58.5722055532816,3.57536922329819e-73,0.998219971980954,190.877321813588,707.820111702634,0.998783685757928,160.90905312343,726.054291562091,TRUE,286.484270333954,1.2760185983973,145.175067911792,"2023-09-20 09:39:28","2023-09-20 09:40:21","2-Sep-SWH-TR","2023-09-20 09:39:54.5",376.007986276907,1.86493856957756,1.60517683776275e-28,0.90730579545361,7.58317140808651,316.259410340711,1.54397237759905,0.038076906888555,3737.17727111104,1.33821053163655,4.98900362746373e-41,0.969343312055645,4.36101116371931,316.739599074887,0.971277834199939,4.30476892413092,316.347527301829,TRUE,1.53396398592298,0.0412894661705183,3.98827871813859,"2023-09-20 09:39:28","2023-09-20 09:40:21","2-Sep-SWH-TR","COMPASS","Synoptic","CB"
"651",2,"Sep","SWH","TR","7a","2-Sep-SWH-TR-7a","2023-09-20 09:20:45.5",NA,NA,NA,NA,NA,585.802014594025,29.9138403743355,0.461911278220099,25857.0639949766,16.2338432321989,2.15310442749838e-51,0.987753145620054,52.9034631636843,489.525124739005,0.99808773256455,21.3188026886236,604.870820954027,TRUE,31.7614161382811,0.115242297369447,8.53451096985624,"2023-09-20 09:20:19","2023-09-20 09:21:12","2-Sep-SWH-TR","2023-09-20 09:20:45.5",NA,NA,NA,NA,NA,319.163669881248,0.550920102271138,0.0391147358519369,3878.03813526538,1.37468496620394,2.20213390173202e-19,0.792315130572409,4.47987543251578,317.645708186174,0.812489019907783,4.34103743321273,319.224914066397,TRUE,0.547979758328115,0.0389182538853499,5.19845724409316,"2023-09-20 09:20:19","2023-09-20 09:21:12","2-Sep-SWH-TR","COMPASS","Synoptic","CB"
"652",2,"Sep","SWH","TR","8","2-Sep-SWH-TR-8","2023-09-20 09:44:58",NA,NA,NA,NA,NA,359.308422946523,23.4322933280125,0.185265862370336,23649.9855562476,5.33745772823113,8.91076631396339e-55,0.997443572933008,15.0761340564999,312.435366532265,0.999216891269419,8.5554714169958,360.03318751299,TRUE,23.5588834685218,0.171094482859513,14.6872430900768,"2023-09-20 09:44:37","2023-09-20 09:45:19","2-Sep-SWH-TR","2023-09-20 09:44:58",NA,NA,NA,NA,NA,266.138670892454,0.713659780036057,0.0627038392241748,3733.44152815049,1.80648008745307,2.87906748649993e-14,0.759583108854449,5.10256705637012,263.817398090819,0.792450862547303,4.86100786312716,266.466141082314,TRUE,0.744403390494968,0.0651008086140036,4.89167415309755,"2023-09-20 09:44:37","2023-09-20 09:45:19","2-Sep-SWH-TR","COMPASS","Synoptic","CB"
"653",2,"Sep","SWH","TR","9a","2-Sep-SWH-TR-9a","2023-09-20 10:16:34.5",NA,NA,NA,NA,NA,679.189451927142,345.122314457269,2.029898598015,48749.3443718789,66.6629331128162,2.12795492326325e-68,0.998342233771802,207.13421883769,653.010397092313,0.99909345086401,156.468739463045,683.565344434753,TRUE,348.652975766802,1.17644706404848,105.346010542326,"2023-09-20 10:16:10","2023-09-20 10:16:59","2-Sep-SWH-TR","2023-09-20 10:16:34.5",NA,NA,NA,NA,NA,321.53824680279,3.32187696431057,0.0567825504322236,3766.52349470301,1.86476869590431,2.77004364057151e-46,0.986168946386057,5.79418560064615,312.879655120686,0.989262476323323,5.21505076315602,321.645829870178,TRUE,3.33469699775599,0.0634021624081598,5.00231190734763,"2023-09-20 10:16:10","2023-09-20 10:16:59","2-Sep-SWH-TR","COMPASS","Synoptic","CB"
"654",2,"Sep","SWH","TR","10","2-Sep-SWH-TR-10","2023-09-20 10:08:46",NA,NA,NA,NA,NA,566.109828915409,22.5145319485182,0.56963704344172,26353.1521445393,19.0353120123665,7.86829107610279e-39,0.969587393568276,59.8796650953754,469.175110926336,0.99579722471053,22.7284457354105,582.419175245992,FALSE,24.5686043610785,0.2276773419876,22.6834192415343,"2023-09-20 10:08:21","2023-09-20 10:09:11","2-Sep-SWH-TR","2023-09-20 10:08:46",NA,NA,NA,NA,NA,309.630616369087,1.58670507971334,0.0460854512150187,3820.44963752874,1.54001737283142,5.39770372924735e-36,0.960304585046749,4.8444556341549,308.762003916703,0.96391877310742,4.71589980357332,309.661223427206,TRUE,1.58108888823073,0.0451310205199725,5.88599265169536,"2023-09-20 10:08:21","2023-09-20 10:09:11","2-Sep-SWH-TR","COMPASS","Synoptic","CB"
"655",2,"Sep","SWH","SWAMP","1","2-Sep-SWH-SWAMP-1","2023-09-20 10:26:51.5",527.031192453363,7.36806789702824,2.89953594209071e-30,0.920544719347897,30.7009784024953,405.120454994477,6.82896208737215,0.0866949322443468,25564.532009778,3.04688801820123,9.00892611442657e-56,0.991688932114948,9.92931407117856,324.649678193126,0.998260992649592,4.63188972879558,405.775939339799,TRUE,6.76743903048259,0.0785927579910205,11.1390522236584,"2023-09-20 10:26:25","2023-09-20 10:27:18","2-Sep-SWH-UP","2023-09-20 10:26:51.5",NA,NA,NA,NA,NA,417.776818601192,3.33517326798649,0.0974738349371419,4696.17815807037,3.42571188499277,2.49071898878338e-37,0.957472584084575,11.1638396358077,334.309461135344,0.991581909093756,5.06526961988919,422.197782580051,TRUE,3.51066586065358,0.0724058191311973,8.60012559888001,"2023-09-20 10:26:25","2023-09-20 10:27:18","2-Sep-SWH-UP","COMPASS","Synoptic","CB"
"656",2,"Sep","SWH","SWAMP","2a","2-Sep-SWH-SWAMP-2a","2023-09-20 10:33:41.5",NA,NA,NA,NA,NA,179.715583496801,2.15819834743244,0.0445972973096775,26940.1225984509,1.10522744621509,6.0543997120097e-33,0.985689545188688,2.77973920227571,152.883354783631,0.993922827258315,1.86720754487547,181.815384527053,TRUE,2.21167284168899,0.0333077562187998,1.48515536360944,"2023-09-20 10:33:24","2023-09-20 10:33:59","2-Sep-SWH-UP","2023-09-20 10:33:41.5",291.58788257907,4.25021869338093,1.90892623778261e-21,0.932177043109702,13.1462828133039,205.214886120268,4.70779309109874,0.0635502060293169,4396.7716723596,1.57492575006297,3.58097721627867e-39,0.993842623258423,3.96106960889885,208.350585526504,0.993988691271199,4.03425733107748,205.36274360502,TRUE,4.72708681705058,0.0696730174799803,3.74916463108014,"2023-09-20 10:33:24","2023-09-20 10:33:59","2-Sep-SWH-UP","COMPASS","Synoptic","CB"
"657",2,"Sep","SWH","SWAMP","3","2-Sep-SWH-SWAMP-3","2023-09-20 10:37:38.5",NA,NA,NA,NA,NA,427.59611388257,12.4853102011383,0.106751465795875,21591.7496591863,3.7517736462627,1.19828956304435e-64,0.996212919530497,12.2264220526574,421.273745472246,0.996871854218266,11.3320185986517,427.663064628418,TRUE,12.4749462301493,0.119382250706677,12.2330604523911,"2023-09-20 10:37:12","2023-09-20 10:38:05","2-Sep-SWH-UP","2023-09-20 10:37:38.5",NA,NA,NA,NA,NA,378.407644946759,7.61851490841944,0.0676978618485824,4338.93205929271,2.37923715705699,8.81387921453892e-64,0.995910849749801,7.7535481583546,376.590463827293,0.996328458469646,7.4924671357472,378.462119870766,TRUE,7.60842044759436,0.0673510165697826,8.66920049170001,"2023-09-20 10:37:12","2023-09-20 10:38:05","2-Sep-SWH-UP","COMPASS","Synoptic","CB"
"658",2,"Sep","SWH","SWAMP","4","2-Sep-SWH-SWAMP-4","2023-09-20 10:41:16.5",321.28251763179,1.1638004394596,4.27751656166118e-31,0.926174760862626,4.56863375847794,215.861561667565,1.05310665001762,0.0150292495145738,20724.067808731,0.528202042299855,3.74418107636957e-53,0.989520083182417,1.72132482050636,211.785231473735,0.990975897337013,1.62893065600228,216.004817144858,TRUE,1.05869116657823,0.0156510402581383,1.38674858935921,"2023-09-20 10:40:50","2023-09-20 10:41:43","2-Sep-SWH-UP","2023-09-20 10:41:16.5",550.985007763408,7.66392177223556,7.37869724112621e-28,0.901716147506696,38.3244897182741,413.788454771315,7.66695385256345,0.0939398503583899,4246.67857007924,3.30151021609754,1.44398224071509e-56,0.992253951527784,10.759086533213,415.722404397586,0.992544718952687,10.764254938736,415.221664369212,TRUE,7.76126758714191,0.0820537134339833,9.65348792678064,"2023-09-20 10:40:50","2023-09-20 10:41:43","2-Sep-SWH-UP","COMPASS","Synoptic","CB"
"659",2,"Sep","SWH","SWAMP","5","2-Sep-SWH-SWAMP-5","2023-09-20 10:45:44",NA,NA,NA,NA,NA,201.829765927446,1.63709312474062,0.0250316440308988,20183.7073066306,0.74997523634268,1.09853792475457e-44,0.99004694911218,2.18077199861249,196.032358284676,0.991994258624422,2.00297361026371,202.390142135804,TRUE,1.65289161482992,0.0228164927859755,1.91358452087273,"2023-09-20 10:45:22","2023-09-20 10:46:06","2-Sep-SWH-UP","2023-09-20 10:45:44",NA,NA,NA,NA,NA,295.015117743638,5.30860755448176,0.0704944218266387,4071.29097870714,2.1120894258888,2.69013334337667e-47,0.992474487670115,6.14151675328017,295.815100477787,0.992991053550601,6.0698264727074,295.177020957678,TRUE,5.30785947380714,0.0716808717524709,5.99926591591295,"2023-09-20 10:45:22","2023-09-20 10:46:06","2-Sep-SWH-UP","COMPASS","Synoptic","CB"
"660",2,"Sep","SWH","UP","1","2-Sep-SWH-UP-1","2023-09-20 10:51:06",NA,NA,NA,NA,NA,163.758689045987,0.334429113750887,0.0190669748341705,19142.4317073381,0.549314217312203,1.15354704533534e-20,0.882400605656818,1.55158789090488,165.045313815803,0.889592050701153,1.54146488420294,163.765403483409,TRUE,0.334679474530847,0.0235725535045763,1.45357779164187,"2023-09-20 10:50:45","2023-09-20 10:51:27","2-Sep-SWH-UPCON","2023-09-20 10:51:06",NA,NA,NA,NA,NA,290.885495584008,13.0915047092149,0.0836111139209626,4338.11220205628,2.40881282959396,1.43446745550289e-58,0.998330420713907,6.80391058535104,287.880901962977,0.998581394787574,6.43051083213848,290.885834085055,TRUE,13.092078409929,0.0861081058317123,8.77961177318961,"2023-09-20 10:50:45","2023-09-20 10:51:27","2-Sep-SWH-UPCON","COMPASS","Synoptic","CB"
"661",2,"Sep","SWH","UP","2","2-Sep-SWH-UP-2","2023-09-20 10:54:31.5",189.426536548783,0.316284488124616,3.82824315846581e-25,0.875070263474318,1.34760034386668,184.678467331811,0.225901796537524,0.0112601046323385,19180.8359272358,0.39573567911983,3.86963176780971e-26,0.885585906791004,1.28963841916044,177.4993446799,0.906981027856177,1.18585240547764,184.71658753093,TRUE,0.22449938491306,0.0113369992772121,1.41415676628374,"2023-09-20 10:54:05","2023-09-20 10:54:58","2-Sep-SWH-UPCON","2023-09-20 10:54:31.5",NA,NA,NA,NA,NA,310.410141223503,6.51690723655657,0.036069516153381,4043.77967680181,1.26766090871729,1.91176304232478e-74,0.998409588008761,4.13110138056221,310.008572586531,0.998534080682204,4.04466666703225,310.668841879145,TRUE,6.50493991293294,0.0383309459149045,3.76977626698893,"2023-09-20 10:54:05","2023-09-20 10:54:58","2-Sep-SWH-UPCON","COMPASS","Synoptic","CB"
"662",2,"Sep","SWH","UP","3","2-Sep-SWH-UP-3","2023-09-20 10:58:11.5",NA,NA,NA,NA,NA,169.640421951101,0.292007668569249,0.00979649583746408,18991.4045458962,0.344297238775152,2.30540109847527e-34,0.944709005460089,1.12200888159201,163.4985147911,0.954176504932151,1.04166930959208,169.668905784565,TRUE,0.291903723388645,0.0103904173613349,1.17372730587814,"2023-09-20 10:57:45","2023-09-20 10:58:38","2-Sep-SWH-UPCON","2023-09-20 10:58:11.5",NA,NA,NA,NA,NA,426.503125746343,9.68631883703881,0.105676561481175,3951.37018053941,3.7139962007721,3.59907388477517e-59,0.993848748757558,12.1033114825143,395.724603943032,0.996769590804517,8.94474400658595,426.562964856515,TRUE,9.70120966552039,0.106173140874679,14.2344528948245,"2023-09-20 10:57:45","2023-09-20 10:58:38","2-Sep-SWH-UPCON","COMPASS","Synoptic","CB"
"663",2,"Sep","SWH","UP","4","2-Sep-SWH-UP-4","2023-09-20 11:01:46.5",NA,NA,NA,NA,NA,182.554074403354,0.947267552929572,0.011040779112769,19220.1271088108,0.388027497333857,1.09479115376169e-57,0.992985441455103,1.26451870441758,181.44151702455,0.993619089537389,1.22993760603198,182.617555362263,TRUE,0.949835440497761,0.0117801042177739,1.02113756045281,"2023-09-20 11:01:20","2023-09-20 11:02:13","2-Sep-SWH-UPCON","2023-09-20 11:01:46.5",NA,NA,NA,NA,NA,424.664931746723,4.99695464030759,0.103893133443312,4297.4437007165,3.651317732963,8.7379703876311e-45,0.978015729517211,11.8990525177413,374.620924859451,0.991919027071496,7.35706931090163,425.070113997093,TRUE,5.06081259723444,0.111844376625157,10.3614095643331,"2023-09-20 11:01:20","2023-09-20 11:02:13","2-Sep-SWH-UPCON","COMPASS","Synoptic","CB"
"664",2,"Sep","SWH","UP","5","2-Sep-SWH-UP-5","2023-09-20 11:05:50.5",NA,NA,NA,NA,NA,220.733341724923,-0.779272842417009,0.0157227285626485,19238.5494998916,0.552574320445216,1.89401874211888e-45,0.979270783283281,1.80075012359915,224.433393690803,0.979385606456768,1.83131881894676,221.276700008091,TRUE,-0.784836567622776,0.0154587792134496,1.46371025542952,"2023-09-20 11:05:24","2023-09-20 11:06:17","2-Sep-SWH-UPCON","2023-09-20 11:05:50.5",609.924928087422,13.7413213845276,1.06018807712395e-30,0.923556008565989,66.1436646228801,421.435941697688,15.0447885947165,0.100832906101295,4533.38966112345,3.54376623277747,3.9384302264353e-70,0.99766964282557,11.5485596155444,415.746475540891,0.998052421139544,10.7666543535552,422.475697796147,TRUE,14.9556808843374,0.107539190648465,8.48969100741828,"2023-09-20 11:05:24","2023-09-20 11:06:17","2-Sep-SWH-UPCON","COMPASS","Synoptic","CB"
"665",1,"Apr","GCW","TR","3","1-Apr-GCW-TR-3",NA,NA,NA,NA,NA,NA,NA,NA,NA,NA,NA,NA,NA,NA,NA,NA,NA,NA,NA,NA,NA,NA,NA,NA,NA,"2023-04-19 10:00:04.5",336.204263160022,1.94081192810712,4.01460318531436e-31,0.92635439436506,5.24554167938039,339.60561761115,1.16830536891046,0.0472653073141559,4214.42489445158,1.66113629486678,2.06996254339354e-30,0.921566391056055,5.41337387138485,326.622140204451,0.942731903981895,4.71726164243385,339.926379490495,TRUE,1.1562924854339,0.0467109691294721,5.1408432357224,"2023-04-19 09:59:38","2023-04-19 10:00:31","1-Apr-GCW-TR","COMPASS","Synoptic","CB"
"666",1,"Apr","GCW","TR","4","1-Apr-GCW-TR-4",NA,NA,NA,NA,NA,NA,NA,NA,NA,NA,NA,NA,NA,NA,NA,NA,NA,NA,NA,NA,NA,NA,NA,NA,NA,"2023-04-19 10:10:37.5",NA,NA,NA,NA,NA,264.020545682868,1.78111119157214,0.143821868760616,4244.44390277125,3.56424909824491,3.74288317923013e-14,0.818538047956318,8.96438373748007,266.421302345363,0.826422779538913,9.03729552126224,264.020545682866,TRUE,1.78111119157214,0.143821868760616,12.5662275053018,"2023-04-19 10:10:20","2023-04-19 10:10:55","1-Apr-GCW-TR","COMPASS","Synoptic","CB"
"667",1,"Aug","GCW","TR","1","1-Aug-GCW-TR-1",NA,NA,NA,NA,NA,NA,NA,NA,NA,NA,NA,NA,NA,NA,NA,NA,NA,NA,NA,NA,NA,NA,NA,NA,NA,"2023-08-15 09:23:26.5",437.296569092881,14.7016713402063,6.62299199936976e-49,0.984735174456626,13.3754158200288,521.077151237441,6.56606435035254,0.253678709681911,4348.07594111378,8.91552252240168,2.25095355506695e-31,0.92797282635716,29.0542424614129,448.153814819554,0.982668299395898,14.5344508809839,531.062334901458,TRUE,5.87350961005118,0.13604138114086,16.0756551078109,"2023-08-15 09:23:00","2023-08-15 09:23:53","1-Aug-GCW-TR","COMPASS","Synoptic","CB"
"668",1,"Aug","GCW","TR","4","1-Aug-GCW-TR-4",NA,NA,NA,NA,NA,NA,NA,NA,NA,NA,NA,NA,NA,NA,NA,NA,NA,NA,NA,NA,NA,NA,NA,NA,NA,"2023-08-15 09:36:59.5",543.00391672782,11.5089856360796,2.35718385974066e-32,0.933952463220081,35.5944639594064,428.616922384396,8.6855821006634,0.107765256832756,4462.52859403107,3.78740326939369,2.76010687345899e-56,0.992058540583427,12.3425332179487,408.986543734126,0.994873119116533,10.1134056591071,432.178204264672,TRUE,8.52911769949498,0.068886401775682,6.60861892732731,"2023-08-15 09:36:33","2023-08-15 09:37:26","1-Aug-GCW-TR","COMPASS","Synoptic","CB"
"669",1,"Aug","SWH","TR","2","1-Aug-SWH-TR-2",NA,NA,NA,NA,NA,NA,NA,NA,NA,NA,NA,NA,NA,NA,NA,NA,NA,NA,NA,NA,NA,NA,NA,NA,NA,"2023-08-23 12:33:42.5",630.418887265848,23.6336344889754,3.13895785978365e-31,0.927047035808217,79.9649164699304,596.81921545119,18.2717520925754,0.511518602473844,3753.56226364074,17.9772895671906,2.90711938422279e-38,0.960842234211514,58.5850721112286,574.391247040011,0.975996685134744,46.7767772593995,598.468724827774,TRUE,17.7218018488829,0.461895226390091,47.8066093237458,"2023-08-23 12:33:16","2023-08-23 12:34:09","1-Aug-SWH-TR","COMPASS","Synoptic","CB"
"670",1,"Jul","MSM","TR","5","1-Jul-MSM-TR-5",NA,NA,NA,NA,NA,NA,NA,NA,NA,NA,NA,NA,NA,NA,NA,NA,NA,NA,NA,NA,NA,NA,NA,NA,NA,"2023-07-13 11:28:15.5",NA,NA,NA,NA,NA,394.627075197914,4.91318642080279,0.0786678458932503,3798.91821559662,2.76477656611209,1.38591745287587e-50,0.986844119135562,9.00995858645581,388.232410602662,0.989147721218507,8.34526187249734,394.694587895581,TRUE,4.91315126188446,0.0824031151780977,9.24177294545629,"2023-07-13 11:27:49","2023-07-13 11:28:42","1-Jul-MSM-TR","COMPASS","Synoptic","CB"
"671",1,"Jun","GCW","TR","3","1-Jun-GCW-TR-3",NA,NA,NA,NA,NA,NA,NA,NA,NA,NA,NA,NA,NA,NA,NA,NA,NA,NA,NA,NA,NA,NA,NA,NA,NA,"2023-06-27 08:58:54.5",422.437114079085,6.57253376132282,2.88575883546548e-42,0.972524497666086,11.6561138368962,440.027715157503,4.34242267710527,0.119774499289626,4757.0567191802,4.20946735090632,1.38300222054128e-38,0.961944460622314,13.7179716319855,374.554429491619,0.989488138059856,7.35254097332936,440.364659173742,TRUE,4.27720217881342,0.124417624156212,13.4006710947479,"2023-06-27 08:58:28","2023-06-27 08:59:21","1-Jun-GCW-TR","COMPASS","Synoptic","CB"
"672",1,"May","SWH","SWAMP","1","1-May-SWH-SWAMP-1",NA,NA,NA,NA,NA,NA,NA,NA,NA,NA,NA,NA,NA,NA,NA,NA,NA,NA,NA,NA,NA,NA,NA,NA,NA,"2023-05-24 13:29:48.5",NA,NA,NA,NA,NA,611.321640315499,4.20298099404127,0.585031484188759,3508.46178348296,20.5608952368891,2.51629746727942e-09,0.498130903104467,67.0046241188073,613.245043198349,0.517064154218658,67.0302653609063,617.001697820701,TRUE,3.08429598810908,0.0881236825955279,9.33333492818498,"2023-05-24 13:29:22","2023-05-24 13:30:15","1-May-SWH-UP","COMPASS","Synoptic","CB"
"673",1,"May","SWH","SWAMP","2","1-May-SWH-SWAMP-2",NA,NA,NA,NA,NA,NA,NA,NA,NA,NA,NA,NA,NA,NA,NA,NA,NA,NA,NA,NA,NA,NA,NA,NA,NA,"2023-05-24 13:33:44.5",390.439789021901,4.4943027725432,1.89646950139882e-26,0.925525631012328,16.1509796458455,295.932783971496,4.33906162849831,0.064213502764148,3853.87139342033,1.96087893468145,4.30735717447784e-46,0.990455596937212,5.78189019233186,286.712350421397,0.992839683480606,5.12581888787843,295.970012612129,TRUE,4.34298000471058,0.0702024957099982,6.55102395215312,"2023-05-24 13:33:22","2023-05-24 13:34:07","1-May-SWH-UP","COMPASS","Synoptic","CB"
"674",1,"Nov","SWH","TR","1","1-Nov-SWH-TR-1",NA,NA,NA,NA,NA,NA,NA,NA,NA,NA,NA,NA,NA,NA,NA,NA,NA,NA,NA,NA,NA,NA,NA,NA,NA,"2023-11-08 12:21:35.5",712.121254611432,115.140474970388,3.61674813349149e-33,0.93854101778243,170.390250214536,757.038367412722,40.1027847559354,2.25497602401332,3887.39854167976,79.2509925439762,9.31520812499576e-24,0.858801262797269,258.266136044715,714.126206587958,0.940770207753022,170.584211759034,757.268974043454,TRUE,39.0447220482347,2.35456000021908,228.899889637309,"2023-11-08 12:21:09","2023-11-08 12:22:02","1-Nov-SWH-TR","COMPASS","Synoptic","CB"
"675",1,"Nov","SWH","TR","10","1-Nov-SWH-TR-10",NA,NA,NA,NA,NA,NA,NA,NA,NA,NA,NA,NA,NA,NA,NA,NA,NA,NA,NA,NA,NA,NA,NA,NA,NA,"2023-11-08 11:48:04.5",409.818063101942,3.58504582934325,4.57385641366272e-32,0.932249167251354,10.3707336866342,316.716223568553,2.49338140480266,0.0382383038597587,3652.1732116735,1.34388281818207,1.51403351317749e-51,0.987917856586371,4.37949622594534,306.313919023276,0.990746338896058,3.90863960257835,316.78258444301,TRUE,2.48880883201705,0.0381763188768896,4.26804917576554,"2023-11-08 11:47:38","2023-11-08 11:48:31","1-Nov-SWH-TR","COMPASS","Synoptic","CB"
"676",1,"Oct","GWI","TR","4","1-Oct-GWI-TR-4",NA,NA,NA,NA,NA,NA,NA,NA,NA,NA,NA,NA,NA,NA,NA,NA,NA,NA,NA,NA,NA,NA,NA,NA,NA,"2023-10-19 11:48:38.5",323.440810803416,5.08615182781025,2.40035569734289e-49,0.985319407335206,4.66085262195025,417.473922164421,2.31833306510596,0.0972008431423801,3552.16047468896,3.41611760529275,1.14344647627085e-29,0.916246303359233,11.1325734337487,329.873905723034,0.984642810926288,4.86145322509489,421.446880752078,TRUE,2.16123626019708,0.0808505398513743,7.44670210727236,"2023-10-19 11:48:12","2023-10-19 11:49:05","1-Oct-GWI-TR","COMPASS","Synoptic","CB"
"677",1,"Oct","SWH","TR","5","1-Oct-SWH-TR-5",NA,NA,NA,NA,NA,NA,NA,NA,NA,NA,NA,NA,NA,NA,NA,NA,NA,NA,NA,NA,NA,NA,NA,NA,NA,"2023-10-18 11:11:45.5",NA,NA,NA,NA,NA,365.650829084039,5.77995767594878,0.0601556837737177,3574.54401056751,2.11416777626924,3.14770233989378e-60,0.994398968340974,6.88973002103814,367.558494082056,0.994611840498988,6.89136228348086,365.969367850429,TRUE,5.81225079518514,0.059352917899404,6.30344259688551,"2023-10-18 11:11:19","2023-10-18 11:12:12","1-Oct-SWH-TR","COMPASS","Synoptic","CB"
"678",1,"Oct","SWH","SWAMP","1a","1-Oct-SWH-SWAMP-1a",NA,NA,NA,NA,NA,NA,NA,NA,NA,NA,NA,NA,NA,NA,NA,NA,NA,NA,NA,NA,NA,NA,NA,NA,NA,"2023-10-18 13:37:30.5",NA,NA,NA,NA,NA,344.62169368999,1.75056035866725,0.0495123292676036,3611.45175643173,1.74010774209392,4.85436591601625e-38,0.960062984605348,5.6707290145636,329.157375458681,0.9721494348069,4.82930647906483,344.693747123736,TRUE,1.76360643694873,0.0511614295333359,6.00840748931614,"2023-10-18 13:37:04","2023-10-18 13:37:57","1-Oct-SWH-UP","COMPASS","Synoptic","CB"
"679",1,"Sep","GCW","TR","1","1-Sep-GCW-TR-1",NA,NA,NA,NA,NA,NA,NA,NA,NA,NA,NA,NA,NA,NA,NA,NA,NA,NA,NA,NA,NA,NA,NA,NA,NA,"2023-09-12 10:51:03",481.55011894702,23.8916431269518,2.98726946367471e-46,0.984853765240368,26.1361706140505,529.998413263085,13.8621788508258,0.399800593008422,4478.2880418983,13.3599616075935,3.87496641805621e-36,0.960837544281491,42.0266306236562,404.073536583544,0.996934618829395,12.0055197985321,541.053329467883,TRUE,12.691035354127,0.256597199451084,20.7055344897228,"2023-09-12 10:50:38","2023-09-12 10:51:28","1-Sep-GCW-TR","COMPASS","Synoptic","CB"
"680",1,"Sep","MSM","TR","3","1-Sep-MSM-TR-3",NA,NA,NA,NA,NA,NA,NA,NA,NA,NA,NA,NA,NA,NA,NA,NA,NA,NA,NA,NA,NA,NA,NA,NA,NA,"2023-09-14 11:36:48.5",418.597533379313,6.88831219044495,4.99405885153115e-42,0.971939067663146,11.2489991705662,411.906530718258,4.17530183637204,0.0923171069373732,3405.78236953966,3.24447899918424,1.98898500765498e-43,0.975209243944686,10.5732310435427,328.055653388681,0.995127521473617,4.78029251846383,412.867151258204,TRUE,4.1057838870043,0.0894902463180955,10.2280969705248,"2023-09-14 11:36:22","2023-09-14 11:37:15","1-Sep-MSM-TR","COMPASS","Synoptic","CB"
"681",1,"Sep","SWH","SWAMP","1","1-Sep-SWH-SWAMP-1",NA,NA,NA,NA,NA,NA,NA,NA,NA,NA,NA,NA,NA,NA,NA,NA,NA,NA,NA,NA,NA,NA,NA,NA,NA,"2023-09-20 10:25:25.5",441.520611928487,7.97818183093108,3.00826767008866e-44,0.97694561781488,13.9089134412083,496.162660123864,5.58168764809477,0.201417287105079,4505.31472223326,7.07879806641271,8.18534968530065e-33,0.936582132135071,23.0686552403585,412.738208075065,0.987436769730657,10.4708946437845,499.66703680895,TRUE,5.26623981470077,0.167075072582496,18.3296815617849,"2023-09-20 10:24:59","2023-09-20 10:25:52","1-Sep-SWH-UP","COMPASS","Synoptic","CB"
"682",1,"Sep","SWH","SWAMP","2a","1-Sep-SWH-SWAMP-2a",NA,NA,NA,NA,NA,NA,NA,NA,NA,NA,NA,NA,NA,NA,NA,NA,NA,NA,NA,NA,NA,NA,NA,NA,NA,"2023-09-20 10:32:05.5",NA,NA,NA,NA,NA,327.348793414899,4.77192208402031,0.0421943975549441,4248.1079353893,1.48291948580145,6.82600526025965e-64,0.995950847418803,4.83259418424112,324.909549690697,0.99640601230044,4.64304848305508,327.350978644117,TRUE,4.77110339161749,0.0431956888828157,4.92618311626308,"2023-09-20 10:31:39","2023-09-20 10:32:32","1-Sep-SWH-UP","COMPASS","Synoptic","CB"
"683",2,"Aug","GCW","TR","4","2-Aug-GCW-TR-4",NA,NA,NA,NA,NA,NA,NA,NA,NA,NA,NA,NA,NA,NA,NA,NA,NA,NA,NA,NA,NA,NA,NA,NA,NA,"2023-08-15 09:38:23.5",536.908215037167,10.1286140969757,2.07083661591822e-31,0.928203171536611,33.641096735086,402.268950533237,7.88136592051794,0.0844358953354333,4470.84828911527,2.96749430610923,1.40644153740082e-59,0.994067055752452,9.67058283526541,397.81931497599,0.994926424186401,9.11992490976927,406.287687290191,TRUE,7.74733898217176,0.0584326508667316,4.71628205248612,"2023-08-15 09:37:57","2023-08-15 09:38:50","2-Aug-GCW-TR","COMPASS","Synoptic","CB"
"684",2,"Aug","SWH","TR","2","2-Aug-SWH-TR-2",NA,NA,NA,NA,NA,NA,NA,NA,NA,NA,NA,NA,NA,NA,NA,NA,NA,NA,NA,NA,NA,NA,NA,NA,NA,"2023-08-23 12:35:07.5",599.643046450523,23.6841155250792,1.48228525204069e-34,0.945639328454456,60.1370729232166,586.356923698706,15.890752570947,0.464290707776203,3606.24478387348,16.3174681364115,2.45549784518466e-37,0.957495853636801,53.1759831687315,557.963970319299,0.976670185715411,40.1765082644717,590.249781159254,TRUE,15.0988918408485,0.363528974931179,37.2872301667117,"2023-08-23 12:34:41","2023-08-23 12:35:34","2-Aug-SWH-TR","COMPASS","Synoptic","CB"
"685",2,"Aug","SWH","TR","9","2-Aug-SWH-TR-9",NA,NA,NA,NA,NA,NA,NA,NA,NA,NA,NA,NA,NA,NA,NA,NA,NA,NA,NA,NA,NA,NA,NA,NA,NA,"2023-08-23 12:54:18.5",208.312959477055,4.89923177227631,2.31020658558018e-12,0.853868089479079,9.30774521248745,198.59830807599,2.75052077294164,0.183077755313243,3589.59320293286,3.69572276826784,2.48335165667477e-14,0.89670821216388,7.82536948803115,202.572759404437,0.896802418033921,8.14118772708185,198.685351864822,TRUE,2.79178076919787,0.113865271796714,4.85217043762618,"2023-08-23 12:54:05","2023-08-23 12:54:32","2-Aug-SWH-TR","COMPASS","Synoptic","CB"
"686",2,"Aug","SWH","SWAMP","1a","2-Aug-SWH-SWAMP-1a",NA,NA,NA,NA,NA,NA,NA,NA,NA,NA,NA,NA,NA,NA,NA,NA,NA,NA,NA,NA,NA,NA,NA,NA,NA,"2023-08-23 14:04:35.5",NA,NA,NA,NA,NA,365.360869014538,4.03560806166068,0.0599943934782386,3662.06449996533,2.10849923883544,3.06046244086479e-52,0.98863827854916,6.87125717655938,364.396243251663,0.989636267790373,6.69250794885884,366.650950936234,TRUE,3.97393786777605,0.0583876991689159,4.61024185355076,"2023-08-23 14:04:09","2023-08-23 14:05:02","2-Aug-SWH-UP","COMPASS","Synoptic","CB"
"687",2,"Jul","SWH","TR","6","2-Jul-SWH-TR-6",NA,NA,NA,NA,NA,NA,NA,NA,NA,NA,NA,NA,NA,NA,NA,NA,NA,NA,NA,NA,NA,NA,NA,NA,NA,"2023-07-19 10:54:16.5",NA,NA,NA,NA,NA,529.415605860557,0.50865620441613,0.274040651081151,4326.16900734375,9.63114169033416,0.0691047906597801,0.0621376023181398,31.3863293091442,524.482093469075,0.205138547389786,29.4668256121965,530.836960862653,TRUE,0.509766337053046,0.120358768145203,13.5781943570726,"2023-07-19 10:53:50","2023-07-19 10:54:43","2-Jul-SWH-TR","COMPASS","Synoptic","CB"
"688",2,"Nov","SWH","TR","1","2-Nov-SWH-TR-1",NA,NA,NA,NA,NA,NA,NA,NA,NA,NA,NA,NA,NA,NA,NA,NA,NA,NA,NA,NA,NA,NA,NA,NA,NA,"2023-11-08 12:22:59.5",NA,NA,NA,NA,NA,655.125371644666,22.3934999799706,0.877656923726611,3686.86810369233,30.8451981651827,4.49596580679904e-31,0.926033407615835,100.519500007963,607.900991047805,0.971353997738121,63.7941998542757,659.505609630839,TRUE,20.8376272645252,0.652957060635789,80.337701738275,"2023-11-08 12:22:33","2023-11-08 12:23:26","2-Nov-SWH-TR","COMPASS","Synoptic","CB"
"689",2,"Oct","SWH","TR","1","2-Oct-SWH-TR-1",NA,NA,NA,NA,NA,NA,NA,NA,NA,NA,NA,NA,NA,NA,NA,NA,NA,NA,NA,NA,NA,NA,NA,NA,NA,"2023-10-18 10:48:03.5",587.887372770319,46.4137065272047,4.36924141691175e-35,0.94813180850746,53.9348952113535,654.679789765626,13.5129865791537,0.874043382953467,4124.24440957244,30.7182004987684,4.33413036485899e-21,0.821318957195328,100.105635202758,593.76200047373,0.946299567824603,55.9660745445979,667.374080713001,TRUE,10.7536260125861,0.290244382489391,33.1851821976863,"2023-10-18 10:47:37","2023-10-18 10:48:30","2-Oct-SWH-TR","COMPASS","Synoptic","CB"
