"","IDs","H2S_mean","H2S_sd","H2S_cv","abs_mean","Conc_mean","QAQC_flag","Dilution","H2S_cv_flag","H2S_flag"
"1","35 Dup",4.42798340535088,0.448604917093359,10.1311336567173,0.156,4.42798340535088,"Std curve r2 low",1,"High CV","Within_Range"
"2","36 Spike",9.92631744049017,2.2430245854668,22.5967444514452,0.208,9.92631744049017,"Std curve r2 low",1,"High CV","Within_Range"
"3","23",4.11077182640054,1.49534972364453,36.3763737515416,0.153,4.11077182640054,"Std curve r2 low",1,"High CV","Within_Range"
"4","31",0.462838668471594,0.373837430911132,80.7705700445545,0.1185,0.462838668471594,"Std curve r2 low",1,"High CV","Within_Range"
"5","34",7.00092176794811,1.54076663658842,22.008053905736,0.180333333333333,7.00092176794811,"Std curve r2 low",1,"High CV","Within_Range"
"6","44",1.25586761584745,0.762481742050904,60.7135443600388,0.126,1.25586761584745,"Std curve r2 low",1,"High CV","Within_Range"
