"","IDs","H2S_mean","H2S_sd","H2S_cv","abs_mean","Conc_mean","QAQC_flag","Dilution","H2S_cv_flag","H2S_flag"
"1","11",32.6055264848169,4.81532724155588,14.7684388528374,0.4075,32.6055264848169,"",1,"High CV","Within_Range"
"2","8",0.431211179295383,0.0697873513268969,16.1840310914323,0.0815,0.431211179295383,"",1,"High CV","Within_Range"
"3","12",6.40221141237529,1.84376016196418,28.7988015890922,0.142,6.40221141237529,"",1,"High CV","Within_Range"
"4","20",9.82361099496654,1.3142769833839,13.3787563866008,0.176666666666667,9.82361099496654,"",1,"High CV","Within_Range"
"5","22",1.79648120504093,0.671797659183229,37.3951955243486,0.0953333333333333,1.79648120504093,"",1,"High CV","Within_Range"
