"","IDs","H2S_mean","H2S_sd","H2S_cv","abs_mean","Conc_mean","QAQC_flag","Dilution","H2S_cv_flag","H2S_flag"
"1","10",6813.03855848969,930.738460904422,13.6611359661929,0.3305,6813.03855848969,"MC 20 out of range",250,"High CV","Within_Range"
"2","32",3.50092047840686,1.24098461453923,35.4473808300826,0.1275,3.50092047840686,"MC 20 out of range",1,"High CV","Within_Range"
"3","8",1650.36274832354,191.806964566944,11.6221094278687,0.154,1650.36274832354,"MC 20 out of range",250,"High CV","Within_Range"
