Model:	LI-7810
SN:	TG10-01286
Software Version:	2.1.41
Timestamp:	2023-06-30 13:48:37
Timezone:	US/Eastern
DATAH	SECONDS	NANOSECONDS	NDX	DIAG	REMARK	DATE	TIME	H2O	CO2	CH4	CAVITY_P	CAVITY_T	LASER_PHASE_P	LASER_T	RESIDUAL	RING_DOWN_TIME	THERMAL_ENCLOSURE_T	PHASE_ERROR	LASER_T_SHIFT	INPUT_VOLTAGE	CHK
DATAU	secs	nsecs	index	diag		date	time	ppm	ppm	ppb	kPa	°C	kPa	°C		µsecs	°C	counts	°C	V	CHK
DATA	1688147317	503573894	28	256	""	2023-06-30	13:48:37	nan	nan	nan	103.176	31.3422	102.595	32.6401	0	0	31.4505	-12000	0	23.8588	 90
DATA	1688147318	503530025	32	256	""	2023-06-30	13:48:38	nan	nan	nan	101.321	31.3429	101.085	42.7789	0	0	31.4512	-16000	0	23.8588	 79
DATA	1688147319	503485918	36	256	""	2023-06-30	13:48:39	nan	nan	nan	101.247	31.3435	101.057	46.296	0	0	31.4518	-16000	0	23.8647	 52
DATA	1688147320	503432035	40	256	""	2023-06-30	13:48:40	nan	nan	nan	101.243	31.3442	101.056	46.5536	0	0	31.4526	-16000	0	23.8667	 57
DATA	1688147321	503422021	44	256	""	2023-06-30	13:48:41	nan	nan	nan	101.243	31.345	101.055	46.5279	0	0	31.4534	-16000	0	23.8667	 10
DATA	1688147322	503422021	48	256	""	2023-06-30	13:48:42	nan	nan	nan	101.242	31.3458	101.054	46.5019	0	0	31.4541	-16000	0	23.8679	 63
DATA	1688147323	503422021	52	256	""	2023-06-30	13:48:43	nan	nan	nan	101.243	31.3465	101.055	46.494	0	0	31.4547	-16000	0	23.8679	 20
DATA	1688147324	503422021	56	256	""	2023-06-30	13:48:44	nan	nan	nan	101.243	31.3473	101.056	46.4907	0	0	31.4555	-16000	0	23.8679	 76
DATA	1688147325	503422021	60	256	""	2023-06-30	13:48:45	nan	nan	nan	101.244	31.3481	101.055	46.4885	0	0	31.4564	-16000	0	23.8682	 71
DATA	1688147326	503422021	64	256	""	2023-06-30	13:48:46	nan	nan	nan	101.244	31.3487	101.055	46.487	0	0	31.457	-16000	0	23.8679	240
DATA	1688147327	503422021	68	256	""	2023-06-30	13:48:47	nan	nan	nan	101.244	31.3494	101.055	46.4857	0	0	31.4578	-16000	0	23.8679	 97
DATA	1688147328	503082990	72	256	""	2023-06-30	13:48:48	nan	nan	nan	101.245	31.35	101.055	46.4852	0	0	31.4585	-16000	0	23.8659	251
DATA	1688147329	503082990	76	256	""	2023-06-30	13:48:49	nan	nan	nan	101.245	31.3509	101.055	46.4844	0	0	31.4593	-16000	0	23.8639	104
DATA	1688147330	503082990	80	256	""	2023-06-30	13:48:50	nan	nan	nan	101.245	31.3515	101.056	46.4844	0	0	31.4601	-16000	0	23.8635	 67
DATA	1688147331	503082990	84	256	""	2023-06-30	13:48:51	nan	nan	nan	101.245	31.3522	101.055	46.4837	0	0	31.4608	-16000	0	23.8635	 79
DATA	1688147332	503082990	88	256	""	2023-06-30	13:48:52	nan	nan	nan	101.244	31.3528	101.055	46.4837	0	0	31.4614	-16000	0	23.8675	 91
DATA	1688147333	503082990	92	256	""	2023-06-30	13:48:53	nan	nan	nan	101.246	31.3536	101.056	46.4837	0	0	31.4624	-16000	0	23.8694	 92
DATA	1688147334	503082990	96	256	""	2023-06-30	13:48:54	nan	nan	nan	101.246	31.3543	101.056	46.4837	0	0	31.463	-16000	0	23.8686	 46
DATA	1688147335	503082990	100	256	""	2023-06-30	13:48:55	nan	nan	nan	101.247	31.3549	101.056	46.4837	0	0	31.4637	-16000	0	23.869	 91
DATA	1688147336	502724885	104	256	""	2023-06-30	13:48:56	nan	nan	nan	101.246	31.3549	101.056	46.4837	0	0	31.4645	-16000	0	23.8679	155
DATA	1688147337	502724885	108	256	""	2023-06-30	13:48:57	nan	nan	nan	101.246	31.3556	101.056	46.4831	0	0	31.4651	-16000	0	23.8679	150
DATA	1688147338	502724885	112	256	""	2023-06-30	13:48:58	nan	nan	nan	101.247	31.3562	101.056	46.483	0	0	31.466	-16000	0	23.8682	 42
DATA	1688147339	502724885	116	256	""	2023-06-30	13:48:59	nan	nan	nan	101.247	31.3569	101.056	46.483	0	0	31.4666	-16000	0	23.8682	109
DATA	1688147340	502724885	120	256	""	2023-06-30	13:49:00	nan	nan	nan	101.248	31.3577	101.056	46.483	0	0	31.4674	-16000	0	23.8679	 88
DATA	1688147341	502724885	124	256	""	2023-06-30	13:49:01	nan	nan	nan	101.248	31.3585	101.057	46.483	0	0	31.4681	-16000	0	23.6748	 87
DATA	1688147342	502724885	128	256	""	2023-06-30	13:49:02	nan	nan	nan	101.249	31.3601	101.057	46.483	0	0	31.4699	-16000	0	23.6423	 82
DATA	1688147343	502357959	132	256	""	2023-06-30	13:49:03	nan	nan	nan	101.249	31.3645	101.058	46.483	0	0	31.4762	-16000	0	23.6423	 83
DATA	1688147344	502357959	136	256	""	2023-06-30	13:49:04	nan	nan	nan	101.25	31.372	101.057	46.483	0	0	31.4874	-16000	0	23.6423	238
DATA	1688147345	502357959	140	256	""	2023-06-30	13:49:05	nan	nan	nan	101.249	31.3814	101.057	46.483	0	0	31.5014	-16000	0	23.6423	 74
DATA	1688147346	502357959	144	256	""	2023-06-30	13:49:06	nan	nan	nan	101.25	31.3952	101.058	46.483	0	0	31.5191	-16000	0	23.6423	 34
DATA	1688147347	502357959	148	256	""	2023-06-30	13:49:07	nan	nan	nan	101.25	31.4115	101.058	46.483	0	0	31.5378	-16000	0	23.6423	 39
DATA	1688147348	502357959	152	256	""	2023-06-30	13:49:08	nan	nan	nan	101.25	31.4294	101.057	46.483	0	0	31.557	-16000	0	23.6419	250
DATA	1688147349	502357959	156	256	""	2023-06-30	13:49:09	nan	nan	nan	101.25	31.4495	101.057	46.483	0	0	31.5768	-16000	0	23.6419	 60
DATA	1688147350	502357959	160	256	""	2023-06-30	13:49:10	nan	nan	nan	101.252	31.4713	101.058	46.483	0	0	31.5969	-16000	0	23.6415	 82
DATA	1688147351	502013921	164	256	""	2023-06-30	13:49:11	nan	nan	nan	101.251	31.4933	101.058	46.483	0	0	31.6172	-16000	0	23.6415	 56
DATA	1688147352	502013921	168	256	""	2023-06-30	13:49:12	nan	nan	nan	101.252	31.5167	101.058	46.483	0	0	31.6382	-16000	0	23.6415	 66
DATA	1688147353	502013921	172	256	""	2023-06-30	13:49:13	nan	nan	nan	101.252	31.5383	101.057	46.483	0	0	31.6574	-16000	0	23.6411	 61
DATA	1688147354	502013921	176	256	""	2023-06-30	13:49:14	nan	nan	nan	101.251	31.5623	101.058	46.483	0	0	31.6782	-16000	0	23.6419	 73
DATA	1688147355	502013921	180	256	""	2023-06-30	13:49:15	nan	nan	nan	101.252	31.5865	101.057	46.483	0	0	31.6991	-16000	0	23.6415	 76
DATA	1688147356	502013921	184	256	""	2023-06-30	13:49:16	nan	nan	nan	101.252	31.6112	101.058	46.483	0	0	31.7202	-16000	0	23.6415	 55
DATA	1688147357	502013921	188	256	""	2023-06-30	13:49:17	nan	nan	nan	101.252	31.6366	101.058	46.483	0	0	31.7415	-16000	0	23.6407	 79
DATA	1688147358	501652956	192	256	""	2023-06-30	13:49:18	nan	nan	nan	101.252	31.6614	101.058	46.483	0	0	31.7629	-16000	0	23.6411	 90
DATA	1688147359	501652956	196	256	""	2023-06-30	13:49:19	nan	nan	nan	101.254	31.6863	101.059	46.483	0	0	31.7844	-16000	0	23.6411	104
DATA	1688147360	501652956	200	256	""	2023-06-30	13:49:20	nan	nan	nan	101.253	31.711	101.059	46.483	0	0	31.8068	-16000	0	23.6411	 10
DATA	1688147361	501652956	204	256	""	2023-06-30	13:49:21	nan	nan	nan	101.253	31.7355	101.058	46.483	0	0	31.8282	-16000	0	23.6411	 72
DATA	1688147362	501652956	208	256	""	2023-06-30	13:49:22	nan	nan	nan	101.253	31.7581	101.059	46.483	0	0	31.8482	-16000	0	23.6415	 86
DATA	1688147363	501652956	212	256	""	2023-06-30	13:49:23	nan	nan	nan	101.254	31.7826	101.058	46.483	0	0	31.8699	-16000	0	23.6407	 96
DATA	1688147364	501652956	216	256	""	2023-06-30	13:49:24	nan	nan	nan	101.254	31.8073	101.06	46.483	0	0	31.8918	-16000	0	23.6411	 31
DATA	1688147365	501652956	220	256	""	2023-06-30	13:49:25	nan	nan	nan	101.254	31.8313	101.059	46.483	0	0	31.9138	-16000	0	23.6415	 80
DATA	1688147366	501302957	224	256	""	2023-06-30	13:49:26	nan	nan	nan	101.255	31.8552	101.058	46.483	0	0	31.9358	-16000	0	23.6407	 89
DATA	1688147367	501302957	228	256	""	2023-06-30	13:49:27	nan	nan	nan	101.254	31.8789	101.057	46.483	0	0	31.9581	-16000	0	23.6407	103
DATA	1688147368	501302957	232	256	""	2023-06-30	13:49:28	nan	nan	nan	101.253	31.9024	101.058	46.483	0	0	31.9805	-16000	0	23.6407	 82
DATA	1688147369	501302957	236	256	""	2023-06-30	13:49:29	nan	nan	nan	101.253	31.9256	101.058	46.483	0	0	32.0025	-16000	0	23.6407	 81
DATA	1688147370	501302957	240	256	""	2023-06-30	13:49:30	nan	nan	nan	101.254	31.9469	101.056	46.483	0	0	32.023	-16000	0	23.6407	 15
DATA	1688147371	501302957	244	256	""	2023-06-30	13:49:31	nan	nan	nan	101.253	31.9704	101.056	46.483	0	0	32.045	-16000	0	23.6407	 16
DATA	1688147372	501302957	248	256	""	2023-06-30	13:49:32	nan	nan	nan	101.253	31.9931	101.056	46.483	0	0	32.0671	-16000	0	23.6403	 73
DATA	1688147373	500936985	252	256	""	2023-06-30	13:49:33	nan	nan	nan	101.255	32.0155	101.056	46.4833	0	0	32.0892	-16000	0	23.6407	135
DATA	1688147374	500936985	256	256	""	2023-06-30	13:49:34	nan	nan	nan	101.254	32.0381	101.057	46.4831	0	0	32.1112	-16000	0	23.6403	122
DATA	1688147375	500936985	260	256	""	2023-06-30	13:49:35	nan	nan	nan	101.253	32.0601	101.056	46.483	0	0	32.1344	-16000	0	23.6407	 74
DATA	1688147376	500936985	264	256	""	2023-06-30	13:49:36	nan	nan	nan	101.253	32.082	101.056	46.483	0	0	32.1565	-16000	0	23.6407	 40
DATA	1688147377	500936985	268	256	""	2023-06-30	13:49:37	nan	nan	nan	101.253	32.1039	101.055	46.4833	0	0	32.1786	-16000	0	23.6403	148
DATA	1688147378	500936985	272	256	""	2023-06-30	13:49:38	nan	nan	nan	101.253	32.1252	101.056	46.4835	0	0	32.2	-16000	0	23.6407	241
DATA	1688147379	500936985	276	256	""	2023-06-30	13:49:39	nan	nan	nan	101.253	32.146	101.055	46.4833	0	0	32.2211	-16000	0	23.6407	 89
DATA	1688147380	500936985	280	256	""	2023-06-30	13:49:40	nan	nan	nan	101.253	32.1672	101.054	46.483	0	0	32.2433	-16000	0	23.6407	 75
DATA	1688147381	500577926	284	256	""	2023-06-30	13:49:41	nan	nan	nan	101.253	32.1886	101.054	46.483	0	0	32.2655	-16000	0	23.6407	 90
DATA	1688147382	500577926	288	256	""	2023-06-30	13:49:42	nan	nan	nan	101.252	32.2095	101.053	46.483	0	0	32.288	-16000	0	23.6407	 39
DATA	1688147383	500577926	292	256	""	2023-06-30	13:49:43	nan	nan	nan	101.253	32.2303	101.054	46.4831	0	0	32.3106	-16000	0	23.6395	125
DATA	1688147384	500577926	296	256	""	2023-06-30	13:49:44	nan	nan	nan	101.252	32.2511	101.054	46.483	0	0	32.3328	-16000	0	23.6403	 78
DATA	1688147385	500577926	300	256	""	2023-06-30	13:49:45	nan	nan	nan	101.252	32.2718	101.053	46.483	0	0	32.3548	-16000	0	23.6403	 78
DATA	1688147386	500577926	304	256	""	2023-06-30	13:49:46	nan	nan	nan	101.252	32.2927	101.053	46.4833	0	0	32.3769	-16000	0	23.6403	142
DATA	1688147387	500577926	308	256	""	2023-06-30	13:49:47	nan	nan	nan	101.252	32.3115	101.053	46.483	0	0	32.3973	-16000	0	23.6391	 90
DATA	1688147388	500216960	312	256	""	2023-06-30	13:49:48	nan	nan	nan	101.252	32.332	101.053	46.4837	0	0	32.4194	-16000	0	23.6395	 80
DATA	1688147389	500216960	316	256	""	2023-06-30	13:49:49	nan	nan	nan	101.252	32.3519	101.052	46.4833	0	0	32.4414	-16000	0	23.6399	138
DATA	1688147390	500216960	320	256	""	2023-06-30	13:49:50	nan	nan	nan	101.252	32.3719	101.052	46.4833	0	0	32.4641	-16000	0	23.6391	113
DATA	1688147391	500216960	324	256	""	2023-06-30	13:49:51	nan	nan	nan	101.253	32.392	101.052	46.4835	0	0	32.4861	-16000	0	23.6391	 72
DATA	1688147392	500216960	328	256	""	2023-06-30	13:49:52	nan	nan	nan	101.253	32.4116	101.052	46.4833	0	0	32.5082	-16000	0	23.6391	118
DATA	1688147393	500216960	332	256	""	2023-06-30	13:49:53	nan	nan	nan	101.253	32.4315	101.053	46.4833	0	0	32.5302	-16000	0	23.6391	112
DATA	1688147394	500216960	336	256	""	2023-06-30	13:49:54	nan	nan	nan	101.254	32.4513	101.053	46.4837	0	0	32.5523	-16000	0	23.6391	128
DATA	1688147395	500216960	340	256	""	2023-06-30	13:49:55	nan	nan	nan	101.252	32.4703	101.052	46.4835	0	0	32.573	-16000	0	23.6391	 73
DATA	1688147396	499866962	344	256	""	2023-06-30	13:49:56	nan	nan	nan	101.254	32.4889	101.052	46.4831	0	0	32.5942	-16000	0	23.6391	175
DATA	1688147397	499866962	348	256	""	2023-06-30	13:49:57	nan	nan	nan	101.254	32.5083	101.052	46.4837	0	0	32.6164	-16000	0	23.6391	171
DATA	1688147398	499866962	352	256	""	2023-06-30	13:49:58	nan	nan	nan	101.254	32.5276	101.051	46.4835	0	0	32.6391	-16000	0	23.6391	171
DATA	1688147399	499866962	356	256	""	2023-06-30	13:49:59	nan	nan	nan	101.254	32.5467	101.051	46.4837	0	0	32.661	-16000	0	23.6391	127
DATA	1688147400	499866962	360	256	""	2023-06-30	13:50:00	nan	nan	nan	101.254	32.5662	101.053	46.4833	0	0	32.6829	-16000	0	23.6391	138
DATA	1688147401	499866962	364	256	""	2023-06-30	13:50:01	nan	nan	nan	101.255	32.585	101.052	46.4835	0	0	32.7046	-16000	0	23.6391	 89
DATA	1688147402	499866962	368	256	""	2023-06-30	13:50:02	nan	nan	nan	101.254	32.6038	101.052	46.4831	0	0	32.7266	-16000	0	23.6387	146
DATA	1688147403	499499082	372	256	""	2023-06-30	13:50:03	nan	nan	nan	101.255	32.6231	101.052	46.4833	0	0	32.7483	-16000	0	23.6387	137
DATA	1688147404	499499082	376	256	""	2023-06-30	13:50:04	nan	nan	nan	101.254	32.6406	101.052	46.4837	0	0	32.7686	-16000	0	23.6387	155
DATA	1688147405	499499082	380	256	""	2023-06-30	13:50:05	nan	nan	nan	101.255	32.6595	101.052	46.4833	0	0	32.7906	-16000	0	23.6391	148
DATA	1688147406	499499082	384	256	""	2023-06-30	13:50:06	nan	nan	nan	101.255	32.6783	101.052	46.4835	0	0	32.8126	-16000	0	23.6387	155
DATA	1688147407	499499082	388	256	""	2023-06-30	13:50:07	nan	nan	nan	101.256	32.6973	101.052	46.4833	0	0	32.8345	-16000	0	23.6387	164
DATA	1688147408	499499082	392	256	""	2023-06-30	13:50:08	nan	nan	nan	101.255	32.7154	101.051	46.4835	0	0	32.8562	-16000	0	23.6387	154
DATA	1688147409	499499082	396	256	""	2023-06-30	13:50:09	nan	nan	nan	101.255	32.7342	101.051	46.4835	0	0	32.8779	-16000	0	23.6387	169
DATA	1688147410	499499082	400	256	""	2023-06-30	13:50:10	nan	nan	nan	101.255	32.7527	101.051	46.4833	0	0	32.8996	-16000	0	23.6387	143
DATA	1688147411	499141931	404	256	""	2023-06-30	13:50:11	nan	nan	nan	101.257	32.7713	101.051	46.4835	0	0	32.9213	-16000	0	23.6387	120
DATA	1688147412	499141931	408	256	""	2023-06-30	13:50:12	nan	nan	nan	101.255	32.7893	101.051	46.4837	0	0	32.942	-16000	0	23.6391	 82
DATA	1688147413	499141931	412	256	""	2023-06-30	13:50:13	nan	nan	nan	101.255	32.8073	101.05	46.4837	0	0	32.9635	-16000	0	23.6383	 78
DATA	1688147414	499141931	416	256	""	2023-06-30	13:50:14	nan	nan	nan	101.255	32.8256	101.049	46.4833	0	0	32.9852	-16000	0	23.6379	145
DATA	1688147415	499141931	420	256	""	2023-06-30	13:50:15	nan	nan	nan	101.255	32.8439	101.049	46.4833	0	0	33.0069	-16000	0	23.6379	137
DATA	1688147416	499141931	424	256	""	2023-06-30	13:50:16	nan	nan	nan	101.256	32.8622	101.049	46.4837	0	0	33.0283	-16000	0	23.6379	140
DATA	1688147417	499141931	428	256	""	2023-06-30	13:50:17	nan	nan	nan	101.256	32.8803	101.049	46.4835	0	0	33.05	-16000	0	23.6376	 38
DATA	1688147418	498776912	432	256	""	2023-06-30	13:50:18	nan	nan	nan	101.255	32.8986	101.049	46.4837	0	0	33.0715	-16000	0	23.6376	164
DATA	1688147419	498776912	436	256	""	2023-06-30	13:50:19	nan	nan	nan	101.256	32.9166	101.049	46.4837	0	0	33.0929	-16000	0	23.6376	169
DATA	1688147420	498776912	440	256	""	2023-06-30	13:50:20	nan	nan	nan	101.256	32.9339	101.049	46.4835	0	0	33.1138	-16000	0	23.6376	141
DATA	1688147421	498776912	444	256	""	2023-06-30	13:50:21	nan	nan	nan	101.255	32.9517	101.048	46.4837	0	0	33.1353	-16000	0	23.6376	144
DATA	1688147422	498776912	448	256	""	2023-06-30	13:50:22	nan	nan	nan	101.256	32.9702	101.048	46.4837	0	0	33.1567	-16000	0	23.6376	154
DATA	1688147423	498776912	452	256	""	2023-06-30	13:50:23	nan	nan	nan	101.256	32.9885	101.047	46.4837	0	0	33.1782	-16000	0	23.6376	161
DATA	1688147424	498776912	456	256	""	2023-06-30	13:50:24	nan	nan	nan	101.255	33.0063	101.047	46.4837	0	0	33.1996	-16000	0	23.6376	153
DATA	1688147425	498776912	460	256	""	2023-06-30	13:50:25	nan	nan	nan	101.257	33.0241	101.047	46.4837	0	0	33.2211	-16000	0	23.6376	131
DATA	1688147426	498426914	464	256	""	2023-06-30	13:50:26	nan	nan	nan	101.256	33.0421	101.047	46.4837	0	0	33.2426	-16000	0	23.6376	138
DATA	1688147427	498426914	468	256	""	2023-06-30	13:50:27	nan	nan	nan	101.256	33.06	101.047	46.4837	0	0	33.264	-16000	0	23.6372	249
DATA	1688147428	498426914	472	256	""	2023-06-30	13:50:28	nan	nan	nan	101.256	33.0782	101.047	46.4837	0	0	33.2857	-16000	0	23.6376	159
DATA	1688147429	498426914	476	256	""	2023-06-30	13:50:29	nan	nan	nan	101.256	33.0952	101.047	46.4837	0	0	33.3066	-16000	0	23.6376	157
DATA	1688147430	498426914	480	256	""	2023-06-30	13:50:30	nan	nan	nan	101.256	33.1123	101.047	46.4837	0	0	33.3271	-16000	0	23.6376	125
DATA	1688147431	498426914	484	256	""	2023-06-30	13:50:31	nan	nan	nan	101.256	33.1313	101.048	46.4837	0	0	33.3485	-16000	0	23.6368	141
DATA	1688147432	498426914	488	256	""	2023-06-30	13:50:32	nan	nan	nan	101.257	33.1489	101.046	46.4837	0	0	33.3695	-16000	0	23.6372	158
DATA	1688147433	498054981	492	256	""	2023-06-30	13:50:33	nan	nan	nan	101.257	33.1667	101.047	46.4837	0	0	33.3907	-16000	0	23.6376	155
DATA	1688147434	498054981	496	256	""	2023-06-30	13:50:34	nan	nan	nan	101.256	33.1845	101.046	46.4837	0	0	33.4121	-16000	0	23.6364	143
DATA	1688147435	498054981	500	256	""	2023-06-30	13:50:35	nan	nan	nan	101.257	33.2023	101.047	46.4837	0	0	33.4333	-16000	0	23.6364	127
DATA	1688147436	498054981	504	256	""	2023-06-30	13:50:36	nan	nan	nan	101.257	33.2201	101.046	46.4837	0	0	33.455	-16000	0	23.6364	 83
DATA	1688147437	498054981	508	256	""	2023-06-30	13:50:37	nan	nan	nan	101.257	33.2371	101.046	46.4837	0	0	33.4757	-16000	0	23.6364	154
DATA	1688147438	498054981	512	256	""	2023-06-30	13:50:38	nan	nan	nan	101.257	33.254	101.046	46.4837	0	0	33.4961	-16000	0	23.6364	 98
DATA	1688147439	498054981	516	256	""	2023-06-30	13:50:39	nan	nan	nan	101.257	33.2715	101.045	46.4837	0	0	33.5173	-16000	0	23.6368	155
DATA	1688147440	498054981	520	256	""	2023-06-30	13:50:40	nan	nan	nan	101.257	33.2901	101.046	46.4837	0	0	33.5383	-16000	0	23.6364	131
DATA	1688147441	497697114	524	256	""	2023-06-30	13:50:41	nan	nan	nan	101.257	33.3079	101.045	46.4837	0	0	33.5595	-16000	0	23.636	 96
DATA	1688147442	497697114	528	256	""	2023-06-30	13:50:42	nan	nan	nan	101.258	33.3255	101.045	46.4837	0	0	33.5807	-16000	0	23.6364	147
DATA	1688147443	497697114	532	256	""	2023-06-30	13:50:43	nan	nan	nan	101.257	33.3431	101.046	46.4837	0	0	33.6017	-16000	0	23.636	 82
DATA	1688147444	497697114	536	256	""	2023-06-30	13:50:44	nan	nan	nan	101.258	33.3608	101.046	46.4837	0	0	33.6235	-16000	0	23.636	 97
DATA	1688147445	497697114	540	256	""	2023-06-30	13:50:45	nan	nan	nan	101.259	33.3783	101.045	46.4837	0	0	33.6444	-16000	0	23.636	100
DATA	1688147446	497697114	544	256	""	2023-06-30	13:50:46	nan	nan	nan	101.258	33.3951	101.045	46.4837	0	0	33.6648	-16000	0	23.636	108
DATA	1688147447	497697114	548	256	""	2023-06-30	13:50:47	nan	nan	nan	101.258	33.4121	101.045	46.4837	0	0	33.6849	-16000	0	23.636	107
DATA	1688147448	497330904	552	256	""	2023-06-30	13:50:48	nan	nan	nan	101.258	33.4297	101.045	46.4837	0	0	33.706	-16000	0	23.636	 47
DATA	1688147449	497330904	556	256	""	2023-06-30	13:50:49	nan	nan	nan	101.259	33.4475	101.044	46.4837	0	0	33.7269	-16000	0	23.636	110
DATA	1688147450	497330904	560	256	""	2023-06-30	13:50:50	nan	nan	nan	101.259	33.4655	101.045	46.4837	0	0	33.7481	-16000	0	23.636	 86
DATA	1688147451	497330904	564	256	""	2023-06-30	13:50:51	nan	nan	nan	101.259	33.4831	101.043	46.4837	0	0	33.769	-16000	0	23.636	 40
DATA	1688147452	497330904	568	256	""	2023-06-30	13:50:52	nan	nan	nan	101.258	33.5006	101.043	46.4837	0	0	33.7905	-16000	0	23.636	 87
DATA	1688147453	497330904	572	256	""	2023-06-30	13:50:53	nan	nan	nan	101.259	33.5182	101.044	46.4837	0	0	33.8115	-16000	0	23.636	 85
DATA	1688147454	497330904	576	256	""	2023-06-30	13:50:54	nan	nan	nan	101.259	33.5349	101.043	46.4837	0	0	33.8316	-16000	0	23.636	 98
DATA	1688147455	497330904	580	256	""	2023-06-30	13:50:55	nan	nan	nan	101.259	33.5517	101.042	46.4837	0	0	33.8515	-16000	0	23.636	 92
DATA	1688147456	496977090	584	256	""	2023-06-30	13:50:56	nan	nan	nan	101.258	33.5695	101.042	46.4837	0	0	33.8723	-16000	0	23.636	117
DATA	1688147457	496977090	588	256	""	2023-06-30	13:50:57	nan	nan	nan	101.259	33.587	101.042	46.4837	0	0	33.8935	-16000	0	23.636	 76
DATA	1688147458	496977090	592	256	""	2023-06-30	13:50:58	nan	nan	nan	101.259	33.6041	101.042	46.4837	0	0	33.9142	-16000	0	23.6356	156
DATA	1688147459	496977090	596	256	""	2023-06-30	13:50:59	nan	nan	nan	101.258	33.6224	101.041	46.4837	0	0	33.9349	-16000	0	23.636	119
DATA	1688147460	496977090	600	256	""	2023-06-30	13:51:00	nan	nan	nan	101.258	33.6402	101.042	46.4837	0	0	33.9566	-16000	0	23.6356	137
DATA	1688147461	496977090	604	256	""	2023-06-30	13:51:01	nan	nan	nan	101.258	33.6575	101.04	46.4837	0	0	33.9773	-16000	0	23.636	 51
DATA	1688147462	496977090	608	256	""	2023-06-30	13:51:02	nan	nan	nan	101.258	33.6751	101.04	46.4837	0	0	33.9983	-16000	0	23.636	 56
DATA	1688147463	496606111	612	256	""	2023-06-30	13:51:03	nan	nan	nan	101.258	33.691	101.04	46.4837	0	0	34.0174	-16000	0	23.636	225
DATA	1688147464	496606111	616	256	""	2023-06-30	13:51:04	nan	nan	nan	101.257	33.7086	101.039	46.4837	0	0	34.0381	-16000	0	23.636	 83
DATA	1688147465	496606111	620	256	""	2023-06-30	13:51:05	nan	nan	nan	101.258	33.7259	101.04	46.4837	0	0	34.0588	-16000	0	23.636	 36
DATA	1688147466	496606111	624	256	""	2023-06-30	13:51:06	nan	nan	nan	101.258	33.7434	101.04	46.4837	0	0	34.0795	-16000	0	23.636	 37
DATA	1688147467	496606111	628	256	""	2023-06-30	13:51:07	nan	nan	nan	101.257	33.761	101.038	46.4837	0	0	34.1002	-16000	0	23.636	 27
DATA	1688147468	496606111	632	256	""	2023-06-30	13:51:08	nan	nan	nan	101.258	33.7788	101.039	46.4837	0	0	34.1217	-16000	0	23.636	 98
DATA	1688147469	496606111	636	256	""	2023-06-30	13:51:09	nan	nan	nan	101.258	33.7965	101.038	46.4837	0	0	34.1424	-16000	0	23.636	100
DATA	1688147470	496606111	640	256	""	2023-06-30	13:51:10	nan	nan	nan	101.257	33.8141	101.038	46.4837	0	0	34.1631	-16000	0	23.6356	118
DATA	1688147471	496244907	644	256	""	2023-06-30	13:51:11	nan	nan	nan	101.258	33.8306	101.037	46.4837	0	0	34.183	-16000	0	23.6356	 91
DATA	1688147472	496244907	648	256	""	2023-06-30	13:51:12	nan	nan	nan	101.257	33.8476	101.037	46.4837	0	0	34.2027	-16000	0	23.636	 98
DATA	1688147473	496244907	652	256	""	2023-06-30	13:51:13	nan	nan	nan	101.258	33.865	101.037	46.4837	0	0	34.2232	-16000	0	23.6356	 93
DATA	1688147474	496244907	656	256	""	2023-06-30	13:51:14	nan	nan	nan	101.258	33.8823	101.037	46.4837	0	0	34.2439	-16000	0	23.6352	154
DATA	1688147475	496244907	660	256	""	2023-06-30	13:51:15	nan	nan	nan	101.259	33.8998	101.037	46.4837	0	0	34.2646	-16000	0	23.6352	165
DATA	1688147476	496244907	664	256	""	2023-06-30	13:51:16	nan	nan	nan	101.259	33.9173	101.037	46.4837	0	0	34.2858	-16000	0	23.6356	166
DATA	1688147477	496244907	668	256	""	2023-06-30	13:51:17	nan	nan	nan	101.257	33.9347	101.036	46.4837	0	0	34.3067	-16000	0	23.6352	161
DATA	1688147478	495877981	672	256	""	2023-06-30	13:51:18	nan	nan	nan	101.257	33.9529	101.036	46.4837	0	0	34.327	-16000	0	23.6352	121
DATA	1688147479	495877981	676	256	""	2023-06-30	13:51:19	nan	nan	nan	101.258	33.9703	101.034	46.4837	0	0	34.3476	-16000	0	23.6348	181
DATA	1688147480	495877981	680	256	""	2023-06-30	13:51:20	nan	nan	nan	101.257	33.9863	101.035	46.4837	0	0	34.3663	-16000	0	23.6348	165
DATA	1688147481	495877981	684	256	""	2023-06-30	13:51:21	nan	nan	nan	101.257	34.0038	101.035	46.4837	0	0	34.387	-16000	0	23.6348	109
DATA	1688147482	495877981	688	256	""	2023-06-30	13:51:22	nan	nan	nan	101.258	34.0214	101.033	46.4837	0	0	34.4077	-16000	0	23.6344	154
DATA	1688147483	495877981	692	256	""	2023-06-30	13:51:23	nan	nan	nan	101.256	34.0387	101.033	46.4837	0	0	34.4281	-16000	0	23.6344	157
DATA	1688147484	495877981	696	256	""	2023-06-30	13:51:24	nan	nan	nan	101.257	34.0564	101.033	46.4837	0	0	34.4489	-16000	0	23.6344	171
DATA	1688147485	495877981	700	256	""	2023-06-30	13:51:25	nan	nan	nan	101.257	34.0735	101.033	46.4837	0	0	34.4698	-16000	0	23.6344	161
DATA	1688147486	495522022	704	256	""	2023-06-30	13:51:26	nan	nan	nan	101.257	34.0911	101.032	46.4837	0	0	34.4903	-16000	0	23.6344	124
DATA	1688147487	495522022	708	256	""	2023-06-30	13:51:27	nan	nan	nan	101.257	34.1087	101.031	46.4837	0	0	34.5105	-16000	0	23.6344	129
DATA	1688147488	495522022	712	256	""	2023-06-30	13:51:28	nan	nan	nan	101.257	34.1262	101.031	46.4837	0	0	34.5303	-16000	0	23.6344	121
DATA	1688147489	495522022	716	256	""	2023-06-30	13:51:29	nan	nan	nan	101.257	34.1427	101.031	46.4837	0	0	34.55	-16000	0	23.6344	 33
DATA	1688147490	495522022	720	256	""	2023-06-30	13:51:30	nan	nan	nan	101.258	34.16	101.031	46.4837	0	0	34.5704	-16000	0	23.6344	 12
DATA	1688147491	495522022	724	256	""	2023-06-30	13:51:31	nan	nan	nan	101.257	34.1778	101.031	46.4837	0	0	34.5909	-16000	0	23.634	 84
DATA	1688147492	495522022	728	256	""	2023-06-30	13:51:32	nan	nan	nan	101.257	34.1951	101.032	46.4837	0	0	34.6114	-16000	0	23.634	 73
DATA	1688147493	495146989	732	256	""	2023-06-30	13:51:33	nan	nan	nan	101.258	34.2127	101.03	46.4837	0	0	34.6323	-16000	0	23.6344	 95
DATA	1688147494	495146989	736	256	""	2023-06-30	13:51:34	nan	nan	nan	101.259	34.23	101.032	46.4837	0	0	34.6527	-16000	0	23.6344	 55
DATA	1688147495	495146989	740	256	""	2023-06-30	13:51:35	nan	nan	nan	101.258	34.2475	101.032	46.4837	0	0	34.673	-16000	0	23.634	 56
DATA	1688147496	495146989	744	256	""	2023-06-30	13:51:36	nan	nan	nan	101.257	34.2648	101.031	46.4837	0	0	34.6934	-16000	0	23.634	116
DATA	1688147497	495146989	748	256	""	2023-06-30	13:51:37	nan	nan	nan	101.258	34.2814	101.032	46.4837	0	0	34.712	-16000	0	23.6344	111
DATA	1688147498	495146989	752	256	""	2023-06-30	13:51:38	nan	nan	nan	101.258	34.2992	101.03	46.4837	0	0	34.732	-16000	0	23.6344	 67
DATA	1688147499	495146989	756	256	""	2023-06-30	13:51:39	nan	nan	nan	101.259	34.3169	101.031	46.4837	0	0	34.7527	-16000	0	23.6344	177
DATA	1688147500	495146989	760	256	""	2023-06-30	13:51:40	nan	nan	nan	101.259	34.3343	101.029	46.4837	0	0	34.7729	-16000	0	23.6344	152
DATA	1688147501	494786977	764	256	""	2023-06-30	13:51:41	nan	nan	nan	101.259	34.3516	101.029	46.4837	0	0	34.7941	-16000	0	23.6336	163
DATA	1688147502	494786977	768	256	""	2023-06-30	13:51:42	nan	nan	nan	101.258	34.3689	101.029	46.4837	0	0	34.8142	-16000	0	23.6336	173
DATA	1688147503	494786977	772	256	""	2023-06-30	13:51:43	nan	nan	nan	101.259	34.3864	101.028	46.4837	0	0	34.8344	-16000	0	23.6336	169
DATA	1688147504	494786977	776	256	""	2023-06-30	13:51:44	nan	nan	nan	101.258	34.404	101.029	46.4837	0	0	34.8546	-16000	0	23.634	 65
DATA	1688147505	494786977	780	256	""	2023-06-30	13:51:45	nan	nan	nan	101.258	34.4202	101.029	46.4837	0	0	34.8732	-16000	0	23.6336	160
DATA	1688147506	494786977	784	256	""	2023-06-30	13:51:46	nan	nan	nan	101.259	34.4376	101.028	46.4837	0	0	34.8932	-16000	0	23.6336	180
DATA	1688147507	494786977	788	256	""	2023-06-30	13:51:47	nan	nan	nan	101.259	34.4559	101.028	46.4837	0	0	34.9134	-16000	0	23.6336	184
DATA	1688147508	494416952	792	256	""	2023-06-30	13:51:48	nan	nan	nan	101.258	34.4732	101.027	46.4837	0	0	34.9338	-16000	0	23.6332	157
DATA	1688147509	494416952	796	256	""	2023-06-30	13:51:49	nan	nan	nan	101.259	34.4907	101.027	46.4837	0	0	34.9547	-16000	0	23.6336	174
DATA	1688147510	494416952	800	256	""	2023-06-30	13:51:50	nan	nan	nan	101.259	34.5083	101.027	46.4837	0	0	34.9747	-16000	0	23.634	 89
DATA	1688147511	494416952	804	256	""	2023-06-30	13:51:51	nan	nan	nan	101.258	34.5256	101.026	46.4837	0	0	34.9951	-16000	0	23.634	 92
DATA	1688147512	494416952	808	256	""	2023-06-30	13:51:52	nan	nan	nan	101.257	34.5432	101.026	46.4837	0	0	35.0151	-16000	0	23.6336	130
DATA	1688147513	494416952	812	256	""	2023-06-30	13:51:53	nan	nan	nan	101.257	34.5608	101.026	46.4837	0	0	35.0352	-16000	0	23.6332	131
DATA	1688147514	494416952	816	256	""	2023-06-30	13:51:54	nan	nan	nan	101.257	34.5768	101.026	46.4837	0	0	35.0536	-16000	0	23.6336	152
DATA	1688147515	494416952	820	256	""	2023-06-30	13:51:55	nan	nan	nan	101.258	34.5943	101.025	46.4837	0	0	35.0738	-16000	0	23.6328	149
DATA	1688147516	494064092	824	256	""	2023-06-30	13:51:56	nan	nan	nan	101.258	34.6122	101.024	46.4837	0	0	35.0939	-16000	0	23.6332	136
DATA	1688147517	494064092	828	256	""	2023-06-30	13:51:57	nan	nan	nan	101.258	34.6302	101.025	46.4837	0	0	35.1144	-16000	0	23.6328	137
DATA	1688147518	494064092	832	256	""	2023-06-30	13:51:58	nan	nan	nan	101.258	34.6476	101.025	46.4837	0	0	35.1346	-16000	0	23.6332	145
DATA	1688147519	494064092	836	256	""	2023-06-30	13:51:59	nan	nan	nan	101.259	34.6651	101.025	46.4837	0	0	35.1547	-16000	0	23.6328	155
DATA	1688147520	494064092	840	256	""	2023-06-30	13:52:00	nan	nan	nan	101.258	34.6826	101.024	46.4837	0	0	35.1747	-16000	0	23.6328	133
DATA	1688147521	494064092	844	256	""	2023-06-30	13:52:01	nan	nan	nan	101.258	34.7	101.024	46.4837	0	0	35.1948	-16000	0	23.6328	239
DATA	1688147522	494064092	848	256	""	2023-06-30	13:52:02	nan	nan	nan	101.258	34.7162	101.023	46.4837	0	0	35.213	-16000	0	23.6328	 77
DATA	1688147523	493686914	852	256	""	2023-06-30	13:52:03	nan	nan	nan	101.259	34.7338	101.024	46.4837	0	0	35.2331	-16000	0	23.6325	141
DATA	1688147524	493686914	856	256	""	2023-06-30	13:52:04	nan	nan	nan	101.259	34.7513	101.023	46.4837	0	0	35.253	-16000	0	23.6328	 97
DATA	1688147525	493686914	860	256	""	2023-06-30	13:52:05	nan	nan	nan	101.26	34.7691	101.023	46.4837	0	0	35.2733	-16000	0	23.6328	 98
DATA	1688147526	493686914	864	256	""	2023-06-30	13:52:06	nan	nan	nan	101.259	34.7872	101.024	46.4837	0	0	35.2937	-16000	0	23.6325	165
DATA	1688147527	493686914	868	256	""	2023-06-30	13:52:07	nan	nan	nan	101.26	34.8046	101.023	46.4837	0	0	35.3136	-16000	0	23.6325	100
DATA	1688147528	493686914	872	256	""	2023-06-30	13:52:08	nan	nan	nan	101.261	34.8222	101.022	46.4837	0	0	35.3335	-16000	0	23.6325	142
DATA	1688147529	493686914	876	256	""	2023-06-30	13:52:09	nan	nan	nan	101.26	34.8399	101.023	46.4837	0	0	35.3534	-16000	0	23.6328	119
DATA	1688147530	493686914	880	256	""	2023-06-30	13:52:10	nan	nan	nan	101.261	34.8572	101.023	46.4837	0	0	35.3734	-16000	0	23.6325	139
DATA	1688147531	493326902	884	256	""	2023-06-30	13:52:11	nan	nan	nan	101.262	34.8732	101.022	46.4837	0	0	35.3917	-16000	0	23.6328	137
DATA	1688147532	493326902	888	256	""	2023-06-30	13:52:12	nan	nan	nan	101.26	34.8908	101.023	46.4837	0	0	35.4116	-16000	0	23.6325	 88
DATA	1688147533	493326902	892	256	""	2023-06-30	13:52:13	nan	nan	nan	101.261	34.9084	101.022	46.4837	0	0	35.4316	-16000	0	23.6321	127
DATA	1688147534	493326902	896	256	""	2023-06-30	13:52:14	nan	nan	nan	101.262	34.9257	101.021	46.4837	0	0	35.452	-16000	0	23.6325	 88
DATA	1688147535	493326902	900	256	""	2023-06-30	13:52:15	nan	nan	nan	101.262	34.944	101.022	46.4837	0	0	35.4719	-16000	0	23.6328	 84
DATA	1688147536	493326902	904	256	""	2023-06-30	13:52:16	nan	nan	nan	101.262	34.9618	101.023	46.4837	0	0	35.4918	-16000	0	23.6328	147
DATA	1688147537	493326902	908	256	""	2023-06-30	13:52:17	nan	nan	nan	101.262	34.9794	101.022	46.4837	0	0	35.5115	-16000	0	23.6321	140
DATA	1688147538	492960929	912	256	""	2023-06-30	13:52:18	nan	nan	nan	101.262	34.9969	101.021	46.4837	0	0	35.5316	-16000	0	23.6313	156
DATA	1688147539	492960929	916	256	""	2023-06-30	13:52:19	nan	nan	nan	101.262	35.0129	101.022	46.4837	0	0	35.5495	-16000	0	23.6321	150
DATA	1688147540	492960929	920	256	""	2023-06-30	13:52:20	nan	nan	nan	101.263	35.0305	101.021	46.4837	0	0	35.5694	-16000	0	23.6317	131
DATA	1688147541	492960929	924	256	""	2023-06-30	13:52:21	nan	nan	nan	101.262	35.0479	101.021	46.4837	0	0	35.5893	-16000	0	23.6325	148
DATA	1688147542	492960929	928	256	""	2023-06-30	13:52:22	nan	nan	nan	101.263	35.0656	101.021	46.4837	0	0	35.6097	-16000	0	23.6325	149
DATA	1688147543	492960929	932	256	""	2023-06-30	13:52:23	nan	nan	nan	101.263	35.0832	101.02	46.4837	0	0	35.6294	-16000	0	23.6325	 92
DATA	1688147544	492960929	936	256	""	2023-06-30	13:52:24	nan	nan	nan	101.263	35.101	101.02	46.4837	0	0	35.6493	-16000	0	23.6321	 36
DATA	1688147545	492960929	940	256	""	2023-06-30	13:52:25	nan	nan	nan	101.262	35.1189	101.02	46.4837	0	0	35.6691	-16000	0	23.6317	102
DATA	1688147546	492599010	944	256	""	2023-06-30	13:52:26	nan	nan	nan	101.263	35.1365	101.02	46.4837	0	0	35.6889	-16000	0	23.6317	103
DATA	1688147547	492599010	948	256	""	2023-06-30	13:52:27	nan	nan	nan	101.264	35.1534	101.019	46.4837	0	0	35.7077	-16000	0	23.6317	154
DATA	1688147548	492599010	952	256	""	2023-06-30	13:52:28	nan	nan	nan	101.264	35.1703	101.02	46.4837	0	0	35.7266	-16000	0	23.6325	 92
DATA	1688147549	492599010	956	256	""	2023-06-30	13:52:29	nan	nan	nan	101.264	35.188	101.02	46.4837	0	0	35.7464	-16000	0	23.6313	 53
DATA	1688147550	492599010	960	256	""	2023-06-30	13:52:30	nan	nan	nan	101.264	35.2054	101.019	46.4837	0	0	35.7663	-16000	0	23.6313	131
DATA	1688147551	492599010	964	256	""	2023-06-30	13:52:31	nan	nan	nan	101.264	35.2231	101.02	46.4837	0	0	35.7868	-16000	0	23.6313	 85
DATA	1688147552	492599010	968	256	""	2023-06-30	13:52:32	nan	nan	nan	101.264	35.2408	101.019	46.4837	0	0	35.8065	-16000	0	23.6313	143
DATA	1688147553	492224931	972	256	""	2023-06-30	13:52:33	nan	nan	nan	101.264	35.2585	101.018	46.4837	0	0	35.8261	-16000	0	23.6313	140
DATA	1688147554	492224931	976	256	""	2023-06-30	13:52:34	nan	nan	nan	101.264	35.2766	101.019	46.4837	0	0	35.8457	-16000	0	23.6313	155
DATA	1688147555	492224931	980	256	""	2023-06-30	13:52:35	nan	nan	nan	101.264	35.2945	101.018	46.4837	0	0	35.8654	-16000	0	23.6313	149
DATA	1688147556	492224931	984	256	""	2023-06-30	13:52:36	nan	nan	nan	101.264	35.3104	101.018	46.4837	0	0	35.8835	-16000	0	23.6313	144
DATA	1688147557	492224931	988	256	""	2023-06-30	13:52:37	nan	nan	nan	101.264	35.3283	101.018	46.4837	0	0	35.903	-16000	0	23.6313	 98
DATA	1688147558	492224931	992	256	""	2023-06-30	13:52:38	nan	nan	nan	101.265	35.3459	101.017	46.4837	0	0	35.9225	-16000	0	23.6313	154
DATA	1688147559	492224931	996	256	""	2023-06-30	13:52:39	nan	nan	nan	101.266	35.3634	101.016	46.4837	0	0	35.9431	-16000	0	23.6313	154
DATA	1688147560	492224931	1000	256	""	2023-06-30	13:52:40	nan	nan	nan	101.264	35.381	101.016	46.4837	0	0	35.9627	-16000	0	23.6313	116
DATA	1688147561	491858959	1004	256	""	2023-06-30	13:52:41	nan	nan	nan	101.265	35.3987	101.017	46.4837	0	0	35.9822	-16000	0	23.6313	206
DATA	1688147562	491858959	1008	256	""	2023-06-30	13:52:42	nan	nan	nan	101.265	35.4161	101.018	46.4837	0	0	36.0018	-16000	0	23.6313	187
DATA	1688147563	491858959	1012	256	""	2023-06-30	13:52:43	nan	nan	nan	101.265	35.4341	101.017	46.4837	0	0	36.0214	-16000	0	23.6313	181
DATA	1688147564	491858959	1016	256	""	2023-06-30	13:52:44	nan	nan	nan	101.266	35.4517	101.016	46.4837	0	0	36.0402	-16000	0	23.6313	191
DATA	1688147565	491858959	1020	256	""	2023-06-30	13:52:45	nan	nan	nan	101.265	35.4685	101.016	46.4837	0	0	36.0589	-16000	0	23.6313	209
DATA	1688147566	491858959	1024	256	""	2023-06-30	13:52:46	nan	nan	nan	101.265	35.4861	101.015	46.4837	0	0	36.0785	-16000	0	23.6309	213
DATA	1688147567	491858959	1028	256	""	2023-06-30	13:52:47	nan	nan	nan	101.265	35.5039	101.014	46.4837	0	0	36.0982	-16000	0	23.6313	210
DATA	1688147568	491489887	1032	256	""	2023-06-30	13:52:48	nan	nan	nan	101.264	35.5216	101.015	46.4837	0	0	36.1181	-16000	0	23.6313	196
DATA	1688147569	491489887	1036	256	""	2023-06-30	13:52:49	nan	nan	nan	101.265	35.5392	101.015	46.4837	0	0	36.1377	-16000	0	23.6313	215
DATA	1688147570	491489887	1040	256	""	2023-06-30	13:52:50	nan	nan	nan	101.266	35.5567	101.014	46.4837	0	0	36.1571	-16000	0	23.6305	195
DATA	1688147571	491489887	1044	256	""	2023-06-30	13:52:51	nan	nan	nan	101.266	35.5743	101.014	46.4837	0	0	36.1767	-16000	0	23.6309	208
DATA	1688147572	491489887	1048	256	""	2023-06-30	13:52:52	nan	nan	nan	101.266	35.5921	101.014	46.4837	0	0	36.1962	-16000	0	23.6309	209
DATA	1688147573	491489887	1052	256	""	2023-06-30	13:52:53	nan	nan	nan	101.266	35.6087	101.013	46.4837	0	0	36.214	-16000	0	23.6309	150
DATA	1688147574	491489887	1056	256	""	2023-06-30	13:52:54	nan	nan	nan	101.266	35.6268	101.012	46.4837	0	0	36.2334	-16000	0	23.6309	209
DATA	1688147575	491489887	1060	256	""	2023-06-30	13:52:55	nan	nan	nan	101.266	35.6445	101.013	46.4837	0	0	36.2528	-16000	0	23.6305	205
DATA	1688147576	491131067	1064	256	""	2023-06-30	13:52:56	nan	nan	nan	101.266	35.6621	101.012	46.4837	0	0	36.2729	-16000	0	23.6309	187
DATA	1688147577	491131067	1068	256	""	2023-06-30	13:52:57	nan	nan	nan	101.266	35.6797	101.011	46.4837	0	0	36.2925	-16000	0	23.6309	204
DATA	1688147578	491131067	1072	256	""	2023-06-30	13:52:58	nan	nan	nan	101.266	35.6974	101.012	46.4837	0	0	36.3119	-16000	0	23.6309	195
DATA	1688147579	491131067	1076	256	""	2023-06-30	13:52:59	nan	nan	nan	101.265	35.715	101.012	46.4837	0	0	36.3313	-16000	0	23.6309	135
DATA	1688147580	491131067	1080	256	""	2023-06-30	13:53:00	nan	nan	nan	101.265	35.7328	101.011	46.4837	0	0	36.3509	-16000	0	23.6309	170
DATA	1688147581	491131067	1084	256	""	2023-06-30	13:53:01	nan	nan	nan	101.266	35.7498	101.01	46.4837	0	0	36.3693	-16000	0	23.6313	135
DATA	1688147582	491131067	1088	256	""	2023-06-30	13:53:02	nan	nan	nan	101.266	35.7671	101.01	46.4837	0	0	36.3878	-16000	0	23.6313	139
DATA	1688147583	490753889	1092	256	""	2023-06-30	13:53:03	nan	nan	nan	101.266	35.7855	101.01	46.4837	0	0	36.4072	-16000	0	23.6305	149
DATA	1688147584	490753889	1096	256	""	2023-06-30	13:53:04	nan	nan	nan	101.266	35.8033	101.01	46.4837	0	0	36.4268	-16000	0	23.6305	151
DATA	1688147585	490753889	1100	256	""	2023-06-30	13:53:05	nan	nan	nan	101.266	35.8208	101.009	46.4837	0	0	36.4466	-16000	0	23.6309	203
DATA	1688147586	490753889	1104	256	""	2023-06-30	13:53:06	nan	nan	nan	101.266	35.8386	101.008	46.4837	0	0	36.4658	-16000	0	23.6301	210
DATA	1688147587	490753889	1108	256	""	2023-06-30	13:53:07	nan	nan	nan	101.265	35.8562	101.009	46.4837	0	0	36.4851	-16000	0	23.6305	211
DATA	1688147588	490753889	1112	256	""	2023-06-30	13:53:08	nan	nan	nan	101.266	35.8737	101.009	46.4837	0	0	36.5044	-16000	0	23.6297	218
DATA	1688147589	490753889	1116	256	""	2023-06-30	13:53:09	nan	nan	nan	101.266	35.8908	101.008	46.4837	0	0	36.523	-16000	0	23.6297	172
DATA	1688147590	490753889	1120	256	""	2023-06-30	13:53:10	nan	nan	nan	101.265	35.908	101.007	46.4837	0	0	36.5414	-16000	0	23.6297	145
DATA	1688147591	490394115	1124	256	""	2023-06-30	13:53:11	nan	nan	nan	101.266	35.9256	101.007	46.4837	0	0	36.5607	-16000	0	23.6297	192
DATA	1688147592	490394115	1128	256	""	2023-06-30	13:53:12	nan	nan	nan	101.266	35.9439	101.008	46.4837	0	0	36.58	-16000	0	23.6297	101
DATA	1688147593	490394115	1132	256	""	2023-06-30	13:53:13	nan	nan	nan	101.266	35.9617	101.006	46.4837	0	0	36.5999	-16000	0	23.6297	209
DATA	1688147594	490394115	1136	256	""	2023-06-30	13:53:14	nan	nan	nan	101.266	35.9795	101.007	46.4837	0	0	36.6195	-16000	0	23.6305	202
DATA	1688147595	490394115	1140	256	""	2023-06-30	13:53:15	nan	nan	nan	101.266	35.9971	101.007	46.4837	0	0	36.6384	-16000	0	23.6301	191
DATA	1688147596	490394115	1144	256	""	2023-06-30	13:53:16	nan	nan	nan	101.267	36.0148	101.006	46.4837	0	0	36.6579	-16000	0	23.6301	191
DATA	1688147597	490394115	1148	256	""	2023-06-30	13:53:17	nan	nan	nan	101.266	36.0327	101.006	46.4837	0	0	36.677	-16000	0	23.6301	140
DATA	1688147598	490014076	1152	256	""	2023-06-30	13:53:18	nan	nan	nan	101.267	36.0497	101.006	46.4837	0	0	36.6955	-16000	0	23.6301	194
DATA	1688147599	490014076	1156	256	""	2023-06-30	13:53:19	nan	nan	nan	101.268	36.0667	101.006	46.4837	0	0	36.7139	-16000	0	23.6297	209
DATA	1688147600	490014076	1160	256	""	2023-06-30	13:53:20	nan	nan	nan	101.268	36.0843	101.007	46.4837	0	0	36.733	-16000	0	23.6297	121
DATA	1688147601	490014076	1164	256	""	2023-06-30	13:53:21	nan	nan	nan	101.267	36.1026	101.007	46.4837	0	0	36.7525	-16000	0	23.6301	160
DATA	1688147602	490014076	1168	256	""	2023-06-30	13:53:22	nan	nan	nan	101.267	36.1206	101.006	46.4837	0	0	36.7722	-16000	0	23.6297	178
DATA	1688147603	490014076	1172	256	""	2023-06-30	13:53:23	nan	nan	nan	101.268	36.1384	101.005	46.4837	0	0	36.7915	-16000	0	23.6297	186
DATA	1688147604	490014076	1176	256	""	2023-06-30	13:53:24	nan	nan	nan	101.268	36.156	101.005	46.4837	0	0	36.8106	-16000	0	23.6297	133
DATA	1688147605	490014076	1180	256	""	2023-06-30	13:53:25	nan	nan	nan	101.268	36.1738	101.005	46.4837	0	0	36.8297	-16000	0	23.6297	196
DATA	1688147606	489655017	1184	256	""	2023-06-30	13:53:26	nan	nan	nan	101.268	36.1908	101.006	46.4837	0	0	36.8481	-16000	0	23.6297	211
DATA	1688147607	489655017	1188	256	""	2023-06-30	13:53:27	nan	nan	nan	101.268	36.2078	101.004	46.4837	0	0	36.8665	-16000	0	23.6293	214
DATA	1688147608	489655017	1192	256	""	2023-06-30	13:53:28	nan	nan	nan	101.269	36.2256	101.005	46.4837	0	0	36.8855	-16000	0	23.6293	212
DATA	1688147609	489655017	1196	256	""	2023-06-30	13:53:29	nan	nan	nan	101.269	36.2432	101.004	46.4837	0	0	36.9049	-16000	0	23.6297	213
DATA	1688147610	489655017	1200	256	""	2023-06-30	13:53:30	nan	nan	nan	101.268	36.2614	101.003	46.4837	0	0	36.9239	-16000	0	23.6297	184
DATA	1688147611	489655017	1204	256	""	2023-06-30	13:53:31	nan	nan	nan	101.269	36.2797	101.003	46.4837	0	0	36.944	-16000	0	23.6297	149
DATA	1688147612	489655017	1208	256	""	2023-06-30	13:53:32	nan	nan	nan	101.269	36.2971	101.004	46.4837	0	0	36.9628	-16000	0	23.6297	206
DATA	1688147613	489279985	1212	256	""	2023-06-30	13:53:33	nan	nan	nan	101.269	36.3151	101.004	46.4837	0	0	36.9821	-16000	0	23.6293	201
DATA	1688147614	489279985	1216	256	""	2023-06-30	13:53:34	nan	nan	nan	101.27	36.3329	101.003	46.4837	0	0	37.001	-16000	0	23.6293	 91
DATA	1688147615	489279985	1220	256	""	2023-06-30	13:53:35	nan	nan	nan	101.27	36.3499	101.003	46.4837	0	0	37.019	-16000	0	23.6297	109
DATA	1688147616	489279985	1224	256	""	2023-06-30	13:53:36	nan	nan	nan	101.271	36.3669	101.004	46.4837	0	0	37.0373	-16000	0	23.6297	215
DATA	1688147617	489279985	1228	256	""	2023-06-30	13:53:37	nan	nan	nan	101.271	36.3846	101.002	46.4837	0	0	37.0566	-16000	0	23.6297	220
DATA	1688147618	489279985	1232	256	""	2023-06-30	13:53:38	nan	nan	nan	101.27	36.4025	101.003	46.4837	0	0	37.0756	-16000	0	23.6297	160
DATA	1688147619	489279985	1236	256	""	2023-06-30	13:53:39	nan	nan	nan	101.271	36.4202	101.002	46.4837	0	0	37.095	-16000	0	23.6293	155
DATA	1688147620	489279985	1240	256	""	2023-06-30	13:53:40	nan	nan	nan	101.269	36.4383	101.001	46.4837	0	0	37.1145	-16000	0	23.6289	200
DATA	1688147621	488917112	1244	256	""	2023-06-30	13:53:41	nan	nan	nan	101.271	36.4563	101.002	46.4837	0	0	37.1335	-16000	0	23.6293	176
DATA	1688147622	488917112	1248	256	""	2023-06-30	13:53:42	nan	nan	nan	101.269	36.4741	101.001	46.4837	0	0	37.1523	-16000	0	23.6293	185
DATA	1688147623	488917112	1252	256	""	2023-06-30	13:53:43	nan	nan	nan	101.27	36.4912	101.001	46.4837	0	0	37.1708	-16000	0	23.6289	136
DATA	1688147624	488917112	1256	256	""	2023-06-30	13:53:44	nan	nan	nan	101.27	36.5082	101	46.4837	0	0	37.1889	-16000	0	23.6289	216
DATA	1688147625	488917112	1260	256	""	2023-06-30	13:53:45	nan	nan	nan	101.271	36.5259	101	46.4837	0	0	37.2079	-16000	0	23.6289	  4
DATA	1688147626	488917112	1264	256	""	2023-06-30	13:53:46	nan	nan	nan	101.271	36.5437	100.998	46.4837	0	0	37.2267	-16000	0	23.6285	218
DATA	1688147627	488917112	1268	256	""	2023-06-30	13:53:47	nan	nan	nan	101.269	36.5615	100.998	46.4837	0	0	37.2457	-16000	0	23.6289	234
DATA	1688147628	488538980	1272	256	""	2023-06-30	13:53:48	nan	nan	nan	101.27	36.5792	100.998	46.4837	0	0	37.265	-16000	0	23.6289	140
DATA	1688147629	488538980	1276	256	""	2023-06-30	13:53:49	nan	nan	nan	101.27	36.5975	100.998	46.4837	0	0	37.2844	-16000	0	23.6285	198
DATA	1688147630	488538980	1280	256	""	2023-06-30	13:53:50	nan	nan	nan	101.27	36.6156	100.998	46.4837	0	0	37.3036	-16000	0	23.6293	162
DATA	1688147631	488538980	1284	256	""	2023-06-30	13:53:51	nan	nan	nan	101.27	36.6334	100.997	46.4837	0	0	37.3224	-16000	0	23.6293	164
DATA	1688147632	488538980	1288	256	""	2023-06-30	13:53:52	nan	nan	nan	101.269	36.6504	100.997	46.4837	0	0	37.3405	-16000	0	23.6297	230
DATA	1688147633	488538980	1292	256	""	2023-06-30	13:53:53	nan	nan	nan	101.269	36.6674	100.996	46.4837	0	0	37.3585	-16000	0	23.6289	244
DATA	1688147634	488538980	1296	256	""	2023-06-30	13:53:54	nan	nan	nan	101.269	36.6853	100.994	46.4837	0	0	37.3775	-16000	0	23.6289	248
DATA	1688147635	488538980	1300	256	""	2023-06-30	13:53:55	nan	nan	nan	101.269	36.7029	100.995	46.4837	0	0	37.3963	-16000	0	23.6285	228
DATA	1688147636	488178014	1304	256	""	2023-06-30	13:53:56	nan	nan	nan	101.269	36.7209	100.995	46.4837	0	0	37.4152	-16000	0	23.6289	217
DATA	1688147637	488178014	1308	256	""	2023-06-30	13:53:57	nan	nan	nan	101.269	36.7387	100.993	46.4837	0	0	37.4346	-16000	0	23.6293	228
DATA	1688147638	488178014	1312	256	""	2023-06-30	13:53:58	nan	nan	nan	101.269	36.7565	100.994	46.4837	0	0	37.4536	-16000	0	23.6293	225
DATA	1688147639	488178014	1316	256	""	2023-06-30	13:53:59	nan	nan	nan	101.269	36.775	100.993	46.4839	0	0	37.4724	-16000	0	23.6281	176
DATA	1688147640	488178014	1320	256	""	2023-06-30	13:54:00	nan	nan	nan	101.269	36.792	100.992	46.4837	0	0	37.4906	-16000	0	23.6281	148
DATA	1688147641	488178014	1324	256	""	2023-06-30	13:54:01	nan	nan	nan	101.269	36.809	100.993	46.4839	0	0	37.5086	-16000	0	23.6285	160
DATA	1688147642	488178014	1328	256	""	2023-06-30	13:54:02	nan	nan	nan	101.269	36.8267	100.992	46.4837	0	0	37.5276	-16000	0	23.6281	214
DATA	1688147643	487798929	1332	256	""	2023-06-30	13:54:03	nan	nan	nan	101.268	36.8445	100.993	46.4839	0	0	37.5464	-16000	0	23.6281	232
DATA	1688147644	487798929	1336	256	""	2023-06-30	13:54:04	nan	nan	nan	101.269	36.8625	100.991	46.4841	0	0	37.5654	-16000	0	23.6281	231
DATA	1688147645	487798929	1340	256	""	2023-06-30	13:54:05	nan	nan	nan	101.268	36.8801	100.991	46.4837	0	0	37.5842	-16000	0	23.6285	231
DATA	1688147646	487798929	1344	256	""	2023-06-30	13:54:06	nan	nan	nan	101.271	36.8981	100.991	46.4839	0	0	37.6037	-16000	0	23.6281	235
DATA	1688147647	487798929	1348	256	""	2023-06-30	13:54:07	nan	nan	nan	101.27	36.9158	100.991	46.4839	0	0	37.6226	-16000	0	23.6281	189
DATA	1688147648	487798929	1352	256	""	2023-06-30	13:54:08	nan	nan	nan	101.269	36.9341	100.991	46.4837	0	0	37.6409	-16000	0	23.6277	242
DATA	1688147649	487798929	1356	256	""	2023-06-30	13:54:09	nan	nan	nan	101.27	36.9506	100.991	46.4839	0	0	37.6583	-16000	0	23.6281	195
DATA	1688147650	487798929	1360	256	""	2023-06-30	13:54:10	nan	nan	nan	101.27	36.9685	100.989	46.4841	0	0	37.6771	-16000	0	23.6281	181
DATA	1688147651	487437009	1364	256	""	2023-06-30	13:54:11	nan	nan	nan	101.269	36.9863	100.99	46.4837	0	0	37.6959	-16000	0	23.6281	177
DATA	1688147652	487437009	1368	256	""	2023-06-30	13:54:12	nan	nan	nan	101.27	37.0041	100.989	46.4837	0	0	37.7149	-16000	0	23.6277	160
DATA	1688147653	487437009	1372	256	""	2023-06-30	13:54:13	nan	nan	nan	101.271	37.0219	100.989	46.4837	0	0	37.7334	-16000	0	23.6281	204
DATA	1688147654	487437009	1376	256	""	2023-06-30	13:54:14	nan	nan	nan	101.27	37.0396	100.989	46.4837	0	0	37.7521	-16000	0	23.6281	165
DATA	1688147655	487437009	1380	256	""	2023-06-30	13:54:15	nan	nan	nan	101.272	37.0574	100.989	46.4837	0	0	37.7716	-16000	0	23.6281	216
DATA	1688147656	487437009	1384	256	""	2023-06-30	13:54:16	nan	nan	nan	101.271	37.0753	100.988	46.4837	0	0	37.7904	-16000	0	23.6281	218
DATA	1688147657	487437009	1388	256	""	2023-06-30	13:54:17	nan	nan	nan	101.27	37.0928	100.989	46.4839	0	0	37.808	-16000	0	23.6277	135
DATA	1688147658	487055063	1392	256	""	2023-06-30	13:54:18	nan	nan	nan	101.271	37.1103	100.989	46.4844	0	0	37.826	-16000	0	23.6277	159
DATA	1688147659	487055063	1396	256	""	2023-06-30	13:54:19	nan	nan	nan	101.271	37.1279	100.988	46.4841	0	0	37.845	-16000	0	23.6277	176
DATA	1688147660	487055063	1400	256	""	2023-06-30	13:54:20	nan	nan	nan	101.27	37.1458	100.987	46.4841	0	0	37.8634	-16000	0	23.6277	147
DATA	1688147661	487055063	1404	256	""	2023-06-30	13:54:21	nan	nan	nan	101.271	37.1636	100.988	46.4843	0	0	37.882	-16000	0	23.6277	152
DATA	1688147662	487055063	1408	256	""	2023-06-30	13:54:22	nan	nan	nan	101.271	37.1813	100.988	46.4839	0	0	37.901	-16000	0	23.6277	152
DATA	1688147663	487055063	1412	256	""	2023-06-30	13:54:23	nan	nan	nan	101.271	37.1991	100.987	46.4839	0	0	37.9194	-16000	0	23.6277	216
DATA	1688147664	487055063	1416	256	""	2023-06-30	13:54:24	nan	nan	nan	101.272	37.2171	100.986	46.4839	0	0	37.9389	-16000	0	23.6277	219
DATA	1688147665	487055063	1420	256	""	2023-06-30	13:54:25	nan	nan	nan	101.27	37.235	100.985	46.4843	0	0	37.9577	-16000	0	23.6277	110
DATA	1688147666	486700057	1424	256	""	2023-06-30	13:54:26	nan	nan	nan	101.271	37.251	100.986	46.4843	0	0	37.9745	-16000	0	23.6281	155
DATA	1688147667	486700057	1428	256	""	2023-06-30	13:54:27	nan	nan	nan	101.272	37.2697	100.985	46.4843	0	0	37.9933	-16000	0	23.6281	224
DATA	1688147668	486700057	1432	256	""	2023-06-30	13:54:28	nan	nan	nan	101.271	37.2875	100.986	46.4844	0	0	38.0119	-16000	0	23.6281	208
DATA	1688147669	486700057	1436	256	""	2023-06-30	13:54:29	nan	nan	nan	101.273	37.3053	100.985	46.4843	0	0	38.0306	-16000	0	23.6281	201
DATA	1688147670	486700057	1440	256	""	2023-06-30	13:54:30	nan	nan	nan	101.273	37.3232	100.986	46.4844	0	0	38.0492	-16000	0	23.6277	192
DATA	1688147671	486700057	1444	256	""	2023-06-30	13:54:31	nan	nan	nan	101.272	37.341	100.984	46.4844	0	0	38.0678	-16000	0	23.6281	146
DATA	1688147672	486700057	1448	256	""	2023-06-30	13:54:32	nan	nan	nan	101.272	37.3587	100.984	46.4844	0	0	38.0866	-16000	0	23.6277	219
DATA	1688147673	486318111	1452	256	""	2023-06-30	13:54:33	nan	nan	nan	101.272	37.3766	100.984	46.4841	0	0	38.1056	-16000	0	23.6277	200
DATA	1688147674	486318111	1456	256	""	2023-06-30	13:54:34	nan	nan	nan	101.272	37.3937	100.984	46.4844	0	0	38.1237	-16000	0	23.6274	207
DATA	1688147675	486318111	1460	256	""	2023-06-30	13:54:35	nan	nan	nan	101.273	37.4108	100.983	46.4844	0	0	38.1412	-16000	0	23.6281	188
DATA	1688147676	486318111	1464	256	""	2023-06-30	13:54:36	nan	nan	nan	101.272	37.4288	100.983	46.4844	0	0	38.1598	-16000	0	23.6274	219
DATA	1688147677	486318111	1468	256	""	2023-06-30	13:54:37	nan	nan	nan	101.272	37.447	100.982	46.4841	0	0	38.1785	-16000	0	23.6274	164
DATA	1688147678	486318111	1472	256	""	2023-06-30	13:54:38	nan	nan	nan	101.273	37.465	100.983	46.4841	0	0	38.197	-16000	0	23.6274	111
DATA	1688147679	486318111	1476	256	""	2023-06-30	13:54:39	nan	nan	nan	101.272	37.4828	100.982	46.4839	0	0	38.2156	-16000	0	23.6274	222
DATA	1688147680	486318111	1480	256	""	2023-06-30	13:54:40	nan	nan	nan	101.272	37.5005	100.982	46.4844	0	0	38.2339	-16000	0	23.6274	188
DATA	1688147681	485956907	1484	256	""	2023-06-30	13:54:41	nan	nan	nan	101.274	37.5184	100.983	46.4844	0	0	38.253	-16000	0	23.6277	173
DATA	1688147682	485956907	1488	256	""	2023-06-30	13:54:42	nan	nan	nan	101.273	37.536	100.982	46.4843	0	0	38.2718	-16000	0	23.6274	177
DATA	1688147683	485956907	1492	256	""	2023-06-30	13:54:43	nan	nan	nan	101.273	37.5524	100.982	46.4843	0	0	38.2887	-16000	0	23.6274	231
DATA	1688147684	485956907	1496	256	""	2023-06-30	13:54:44	nan	nan	nan	101.273	37.5705	100.981	46.4844	0	0	38.3074	-16000	0	23.6266	228
DATA	1688147685	485956907	1500	256	""	2023-06-30	13:54:45	nan	nan	nan	101.275	37.5883	100.981	46.4844	0	0	38.3258	-16000	0	23.627	176
DATA	1688147686	485956907	1504	256	""	2023-06-30	13:54:46	nan	nan	nan	101.274	37.6066	100.98	46.4843	0	0	38.3442	-16000	0	23.6277	175
DATA	1688147687	485956907	1508	256	""	2023-06-30	13:54:47	nan	nan	nan	101.273	37.6245	100.981	46.4843	0	0	38.3628	-16000	0	23.6277	234
DATA	1688147688	485577106	1512	256	""	2023-06-30	13:54:48	nan	nan	nan	101.273	37.6424	100.98	46.4844	0	0	38.3813	-16000	0	23.6277	168
DATA	1688147689	485577106	1516	256	""	2023-06-30	13:54:49	nan	nan	nan	101.273	37.6601	100.979	46.4843	0	0	38.3997	-16000	0	23.6266	237
DATA	1688147690	485577106	1520	256	""	2023-06-30	13:54:50	nan	nan	nan	101.274	37.6779	100.979	46.4843	0	0	38.4184	-16000	0	23.6266	222
DATA	1688147691	485577106	1524	256	""	2023-06-30	13:54:51	nan	nan	nan	101.273	37.6941	100.98	46.4844	0	0	38.4363	-16000	0	23.6266	162
DATA	1688147692	485577106	1528	256	""	2023-06-30	13:54:52	nan	nan	nan	101.274	37.7122	100.978	46.4844	0	0	38.4547	-16000	0	23.6266	220
DATA	1688147693	485577106	1532	256	""	2023-06-30	13:54:53	nan	nan	nan	101.275	37.73	100.979	46.4844	0	0	38.4731	-16000	0	23.627	 63
DATA	1688147694	485577106	1536	256	""	2023-06-30	13:54:54	nan	nan	nan	101.273	37.7476	100.979	46.4844	0	0	38.4916	-16000	0	23.6274	234
DATA	1688147695	485577106	1540	256	""	2023-06-30	13:54:55	nan	nan	nan	101.274	37.7661	100.978	46.4844	0	0	38.51	-16000	0	23.6274	117
DATA	1688147696	485214948	1544	256	""	2023-06-30	13:54:56	nan	nan	nan	101.274	37.7841	100.977	46.4844	0	0	38.5283	-16000	0	23.6274	232
DATA	1688147697	485214948	1548	256	""	2023-06-30	13:54:57	nan	nan	nan	101.274	37.8018	100.978	46.4844	0	0	38.5468	-16000	0	23.627	189
DATA	1688147698	485214948	1552	256	""	2023-06-30	13:54:58	nan	nan	nan	101.274	37.8195	100.978	46.4844	0	0	38.5652	-16000	0	23.6274	239
DATA	1688147699	485214948	1556	256	""	2023-06-30	13:54:59	nan	nan	nan	101.275	37.8374	100.977	46.4844	0	0	38.5836	-16000	0	23.6266	249
DATA	1688147700	485214948	1560	256	""	2023-06-30	13:55:00	nan	nan	nan	101.275	37.8536	100.976	46.4844	0	0	38.6011	-16000	0	23.627	146
DATA	1688147701	485214948	1564	256	""	2023-06-30	13:55:01	nan	nan	nan	101.275	37.8715	100.977	46.4844	0	0	38.6195	-16000	0	23.6266	218
DATA	1688147702	485214948	1568	256	""	2023-06-30	13:55:02	nan	nan	nan	101.276	37.8894	100.977	46.4844	0	0	38.638	-16000	0	23.6266	181
DATA	1688147703	484836101	1572	256	""	2023-06-30	13:55:03	nan	nan	nan	101.275	37.9071	100.977	46.4844	0	0	38.6563	-16000	0	23.6266	206
DATA	1688147704	484836101	1576	256	""	2023-06-30	13:55:04	nan	nan	nan	101.275	37.9253	100.976	46.4844	0	0	38.6747	-16000	0	23.6266	217
DATA	1688147705	484836101	1580	256	""	2023-06-30	13:55:05	nan	nan	nan	101.276	37.9436	100.975	46.4844	0	0	38.6931	-16000	0	23.6266	212
DATA	1688147706	484836101	1584	256	""	2023-06-30	13:55:06	nan	nan	nan	101.275	37.9613	100.975	46.4844	0	0	38.7113	-16000	0	23.6266	207
DATA	1688147707	484836101	1588	256	""	2023-06-30	13:55:07	nan	nan	nan	101.275	37.979	100.975	46.4844	0	0	38.7297	-16000	0	23.6266	184
DATA	1688147708	484836101	1592	256	""	2023-06-30	13:55:08	nan	nan	nan	101.276	37.9953	100.974	46.4844	0	0	38.7465	-16000	0	23.627	174
DATA	1688147709	484836101	1596	256	""	2023-06-30	13:55:09	nan	nan	nan	101.276	38.0132	100.974	46.4844	0	0	38.7654	-16000	0	23.6266	214
DATA	1688147710	484836101	1600	256	""	2023-06-30	13:55:10	nan	nan	nan	101.276	38.031	100.974	46.4844	0	0	38.7841	-16000	0	23.6266	132
DATA	1688147711	484476089	1604	256	""	2023-06-30	13:55:11	nan	nan	nan	101.276	38.0488	100.973	46.4844	0	0	38.8022	-16000	0	23.6266	208
DATA	1688147712	484476089	1608	256	""	2023-06-30	13:55:12	nan	nan	nan	101.277	38.0665	100.973	46.4844	0	0	38.8205	-16000	0	23.6266	215
DATA	1688147713	484476089	1612	256	""	2023-06-30	13:55:13	nan	nan	nan	101.275	38.0843	100.973	46.4844	0	0	38.8389	-16000	0	23.6262	217
DATA	1688147714	484476089	1616	256	""	2023-06-30	13:55:14	nan	nan	nan	101.277	38.103	100.972	46.4844	0	0	38.8572	-16000	0	23.6262	159
DATA	1688147715	484476089	1620	256	""	2023-06-30	13:55:15	nan	nan	nan	101.276	38.1206	100.972	46.4844	0	0	38.8754	-16000	0	23.6266	214
DATA	1688147716	484476089	1624	256	""	2023-06-30	13:55:16	nan	nan	nan	101.276	38.1383	100.972	46.4844	0	0	38.8937	-16000	0	23.6262	225
DATA	1688147717	484476089	1628	256	""	2023-06-30	13:55:17	nan	nan	nan	101.275	38.1547	100.972	46.4844	0	0	38.9105	-16000	0	23.6266	224
DATA	1688147718	484092950	1632	256	""	2023-06-30	13:55:18	nan	nan	nan	101.277	38.1728	100.972	46.4844	0	0	38.9292	-16000	0	23.6258	223
DATA	1688147719	484092950	1636	256	""	2023-06-30	13:55:19	nan	nan	nan	101.277	38.1903	100.971	46.4844	0	0	38.9476	-16000	0	23.6262	222
DATA	1688147720	484092950	1640	256	""	2023-06-30	13:55:20	nan	nan	nan	101.276	38.2082	100.97	46.4844	0	0	38.9661	-16000	0	23.6266	150
DATA	1688147721	484092950	1644	256	""	2023-06-30	13:55:21	nan	nan	nan	101.277	38.226	100.97	46.4844	0	0	38.9842	-16000	0	23.6262	104
DATA	1688147722	484092950	1648	256	""	2023-06-30	13:55:22	nan	nan	nan	101.276	38.2437	100.97	46.4844	0	0	39.0024	-16000	0	23.6266	151
DATA	1688147723	484092950	1652	256	""	2023-06-30	13:55:23	nan	nan	nan	101.276	38.2621	100.969	46.4844	0	0	39.0207	-16000	0	23.6262	198
DATA	1688147724	484092950	1656	256	""	2023-06-30	13:55:24	nan	nan	nan	101.277	38.2803	100.968	46.4844	0	0	39.039	-16000	0	23.6266	165
DATA	1688147725	484092950	1660	256	""	2023-06-30	13:55:25	nan	nan	nan	101.276	38.2965	100.969	46.4844	0	0	39.0554	-16000	0	23.6262	217
DATA	1688147726	483731985	1664	256	""	2023-06-30	13:55:26	nan	nan	nan	101.276	38.3144	100.968	46.4844	0	0	39.0739	-16000	0	23.6258	229
DATA	1688147727	483731985	1668	256	""	2023-06-30	13:55:27	nan	nan	nan	101.277	38.332	100.967	46.4844	0	0	39.0923	-16000	0	23.6258	178
DATA	1688147728	483731985	1672	256	""	2023-06-30	13:55:28	nan	nan	nan	101.276	38.3496	100.967	46.4844	0	0	39.1106	-16000	0	23.6258	230
DATA	1688147729	483731985	1676	256	""	2023-06-30	13:55:29	nan	nan	nan	101.277	38.3675	100.965	46.4844	0	0	39.129	-16000	0	23.6262	185
DATA	1688147730	483731985	1680	256	""	2023-06-30	13:55:30	nan	nan	nan	101.276	38.3855	100.966	46.4844	0	0	39.1471	-16000	0	23.6262	213
DATA	1688147731	483731985	1684	256	""	2023-06-30	13:55:31	nan	nan	nan	101.276	38.4033	100.966	46.4844	0	0	39.1653	-16000	0	23.6258	215
DATA	1688147732	483731985	1688	256	""	2023-06-30	13:55:32	nan	nan	nan	101.277	38.4212	100.965	46.4844	0	0	39.1834	-16000	0	23.625	165
DATA	1688147733	483350038	1692	256	""	2023-06-30	13:55:33	nan	nan	nan	101.276	38.4392	100.965	46.4844	0	0	39.2008	-16000	0	23.625	150
DATA	1688147734	483350038	1696	256	""	2023-06-30	13:55:34	nan	nan	nan	101.276	38.456	100.966	46.4844	0	0	39.2183	-16000	0	23.6266	165
DATA	1688147735	483350038	1700	256	""	2023-06-30	13:55:35	nan	nan	nan	101.276	38.4739	100.964	46.4844	0	0	39.2364	-16000	0	23.6266	208
DATA	1688147736	483350038	1704	256	""	2023-06-30	13:55:36	nan	nan	nan	101.277	38.4916	100.965	46.4844	0	0	39.2547	-16000	0	23.6266	216
DATA	1688147737	483350038	1708	256	""	2023-06-30	13:55:37	nan	nan	nan	101.275	38.5094	100.964	46.4844	0	0	39.2733	-16000	0	23.6262	210
DATA	1688147738	483350038	1712	256	""	2023-06-30	13:55:38	nan	nan	nan	101.277	38.5271	100.965	46.4844	0	0	39.2914	-16000	0	23.6254	209
DATA	1688147739	483350038	1716	256	""	2023-06-30	13:55:39	nan	nan	nan	101.277	38.545	100.964	46.4844	0	0	39.3097	-16000	0	23.6258	172
DATA	1688147740	483350038	1720	256	""	2023-06-30	13:55:40	nan	nan	nan	101.278	38.5628	100.963	46.4844	0	0	39.3279	-16000	0	23.6262	203
DATA	1688147741	482989072	1724	256	""	2023-06-30	13:55:41	nan	nan	nan	101.277	38.5805	100.963	46.4844	0	0	39.3457	-16000	0	23.6262	218
DATA	1688147742	482989072	1728	256	""	2023-06-30	13:55:42	nan	nan	nan	101.278	38.5975	100.963	46.4844	0	0	39.3625	-16000	0	23.6258	235
DATA	1688147743	482989072	1732	256	""	2023-06-30	13:55:43	nan	nan	nan	101.277	38.6154	100.963	46.4844	0	0	39.3806	-16000	0	23.6258	222
DATA	1688147744	482989072	1736	256	""	2023-06-30	13:55:44	nan	nan	nan	101.278	38.6331	100.963	46.4844	0	0	39.3987	-16000	0	23.6258	236
DATA	1688147745	482989072	1740	256	""	2023-06-30	13:55:45	nan	nan	nan	101.278	38.6509	100.962	46.4844	0	0	39.4166	-16000	0	23.625	173
DATA	1688147746	482989072	1744	256	""	2023-06-30	13:55:46	nan	nan	nan	101.278	38.6686	100.962	46.4844	0	0	39.4353	-16000	0	23.6262	234
DATA	1688147747	482989072	1748	256	""	2023-06-30	13:55:47	nan	nan	nan	101.278	38.6862	100.962	46.4844	0	0	39.4536	-16000	0	23.6262	239
DATA	1688147748	482604980	1752	256	""	2023-06-30	13:55:48	nan	nan	nan	101.278	38.704	100.963	46.4844	0	0	39.4716	-16000	0	23.6258	175
DATA	1688147749	482604980	1756	256	""	2023-06-30	13:55:49	nan	nan	nan	101.279	38.7219	100.961	46.4844	0	0	39.4898	-16000	0	23.6258	247
DATA	1688147750	482604980	1760	256	""	2023-06-30	13:55:50	nan	nan	nan	101.279	38.7388	100.961	46.4844	0	0	39.5071	-16000	0	23.6258	217
DATA	1688147751	482604980	1764	256	""	2023-06-30	13:55:51	nan	nan	nan	101.279	38.7563	100.961	46.4844	0	0	39.5243	-16000	0	23.6266	218
DATA	1688147752	482604980	1768	256	""	2023-06-30	13:55:52	nan	nan	nan	101.279	38.7745	100.961	46.4844	0	0	39.5422	-16000	0	23.6266	225
DATA	1688147753	482604980	1772	256	""	2023-06-30	13:55:53	nan	nan	nan	101.28	38.7923	100.961	46.4844	0	0	39.5602	-16000	0	23.6262	160
DATA	1688147754	482604980	1776	256	""	2023-06-30	13:55:54	nan	nan	nan	101.28	38.8101	100.961	46.4844	0	0	39.5782	-16000	0	23.6262	164
DATA	1688147755	482604980	1780	256	""	2023-06-30	13:55:55	nan	nan	nan	101.28	38.8278	100.961	46.4844	0	0	39.5968	-16000	0	23.6258	187
DATA	1688147756	482245922	1784	256	""	2023-06-30	13:55:56	nan	nan	nan	101.28	38.8454	100.961	46.4844	0	0	39.6153	-16000	0	23.6258	173
DATA	1688147757	482245922	1788	256	""	2023-06-30	13:55:57	nan	nan	nan	101.28	38.8632	100.961	46.4844	0	0	39.6331	-16000	0	23.625	119
DATA	1688147758	482245922	1792	256	""	2023-06-30	13:55:58	nan	nan	nan	101.279	38.881	100.96	46.4844	0	0	39.6511	-16000	0	23.625	 73
DATA	1688147759	482245922	1796	256	""	2023-06-30	13:55:59	nan	nan	nan	101.28	38.8974	100.961	46.4844	0	0	39.6675	-16000	0	23.6258	198
DATA	1688147760	482245922	1800	256	""	2023-06-30	13:56:00	nan	nan	nan	101.281	38.915	100.96	46.4844	0	0	39.6855	-16000	0	23.625	 46
DATA	1688147761	482245922	1804	256	""	2023-06-30	13:56:01	nan	nan	nan	101.281	38.9333	100.959	46.4844	0	0	39.7036	-16000	0	23.6258	207
DATA	1688147762	482245922	1808	256	""	2023-06-30	13:56:02	nan	nan	nan	101.282	38.9511	100.96	46.4844	0	0	39.7215	-16000	0	23.625	 99
DATA	1688147763	481863975	1812	256	""	2023-06-30	13:56:03	nan	nan	nan	101.282	38.9688	100.96	46.4844	0	0	39.7395	-16000	0	23.625	133
DATA	1688147764	481863975	1816	256	""	2023-06-30	13:56:04	nan	nan	nan	101.282	38.9866	100.96	46.4844	0	0	39.7578	-16000	0	23.625	140
DATA	1688147765	481863975	1820	256	""	2023-06-30	13:56:05	nan	nan	nan	101.282	39.0044	100.959	46.4844	0	0	39.7763	-16000	0	23.625	169
DATA	1688147766	481863975	1824	256	""	2023-06-30	13:56:06	nan	nan	nan	101.283	39.0222	100.958	46.4844	0	0	39.7943	-16000	0	23.625	173
DATA	1688147767	481863975	1828	256	""	2023-06-30	13:56:07	nan	nan	nan	101.283	39.039	100.958	46.4844	0	0	39.8113	-16000	0	23.625	127
DATA	1688147768	481863975	1832	256	""	2023-06-30	13:56:08	nan	nan	nan	101.282	39.0561	100.959	46.4844	0	0	39.8285	-16000	0	23.6258	238
DATA	1688147769	481863975	1836	256	""	2023-06-30	13:56:09	nan	nan	nan	101.282	39.0739	100.959	46.4844	0	0	39.8465	-16000	0	23.625	195
DATA	1688147770	481863975	1840	256	""	2023-06-30	13:56:10	nan	nan	nan	101.283	39.0918	100.958	46.4844	0	0	39.8644	-16000	0	23.6254	224
DATA	1688147771	481497049	1844	256	""	2023-06-30	13:56:11	nan	nan	nan	101.283	39.1099	100.958	46.4844	0	0	39.8822	-16000	0	23.6254	224
DATA	1688147772	481497049	1848	256	""	2023-06-30	13:56:12	nan	nan	nan	101.283	39.1277	100.958	46.4844	0	0	39.9002	-16000	0	23.6254	219
DATA	1688147773	481497049	1852	256	""	2023-06-30	13:56:13	nan	nan	nan	101.284	39.1453	100.957	46.4844	0	0	39.9181	-16000	0	23.6254	220
DATA	1688147774	481497049	1856	256	""	2023-06-30	13:56:14	nan	nan	nan	101.282	39.163	100.956	46.4844	0	0	39.9366	-16000	0	23.6254	177
DATA	1688147775	481497049	1860	256	""	2023-06-30	13:56:15	nan	nan	nan	101.283	39.1801	100.956	46.4844	0	0	39.9538	-16000	0	23.6254	224
DATA	1688147776	481497049	1864	256	""	2023-06-30	13:56:16	nan	nan	nan	101.284	39.1971	100.956	46.4844	0	0	39.971	-16000	0	23.6258	187
DATA	1688147777	481497049	1868	256	""	2023-06-30	13:56:17	nan	nan	nan	101.283	39.2149	100.956	46.4844	0	0	39.9888	-16000	0	23.6258	254
DATA	1688147778	481118917	1872	256	""	2023-06-30	13:56:18	nan	nan	nan	101.284	39.2325	100.956	46.4844	0	0	40.0068	-16000	0	23.6258	215
DATA	1688147779	481118917	1876	256	""	2023-06-30	13:56:19	nan	nan	nan	101.284	39.2501	100.955	46.4844	0	0	40.0245	-16000	0	23.6254	209
DATA	1688147780	481118917	1880	256	""	2023-06-30	13:56:20	nan	nan	nan	101.284	39.2687	100.955	46.4844	0	0	40.0424	-16000	0	23.6254	202
DATA	1688147781	481118917	1884	256	""	2023-06-30	13:56:21	nan	nan	nan	101.285	39.2862	100.954	46.4844	0	0	40.0603	-16000	0	23.625	150
DATA	1688147782	481118917	1888	256	""	2023-06-30	13:56:22	nan	nan	nan	101.286	39.304	100.954	46.4844	0	0	40.0781	-16000	0	23.6254	157
DATA	1688147783	481118917	1892	256	""	2023-06-30	13:56:23	nan	nan	nan	101.285	39.3218	100.955	46.4844	0	0	40.0963	-16000	0	23.625	159
DATA	1688147784	481118917	1896	256	""	2023-06-30	13:56:24	nan	nan	nan	101.285	39.3386	100.954	46.4844	0	0	40.1139	-16000	0	23.625	166
DATA	1688147785	481118917	1900	256	""	2023-06-30	13:56:25	nan	nan	nan	101.284	39.3556	100.954	46.4844	0	0	40.1309	-16000	0	23.6254	203
DATA	1688147786	480756044	1904	256	""	2023-06-30	13:56:26	nan	nan	nan	101.285	39.3733	100.954	46.4844	0	0	40.1486	-16000	0	23.625	159
DATA	1688147787	480756044	1908	256	""	2023-06-30	13:56:27	nan	nan	nan	101.285	39.3911	100.954	46.4844	0	0	40.1665	-16000	0	23.625	162
DATA	1688147788	480756044	1912	256	""	2023-06-30	13:56:28	nan	nan	nan	101.285	39.4087	100.954	46.4844	0	0	40.1842	-16000	0	23.625	161
DATA	1688147789	480756044	1916	256	""	2023-06-30	13:56:29	nan	nan	nan	101.284	39.4269	100.952	46.4844	0	0	40.2022	-16000	0	23.625	157
DATA	1688147790	480756044	1920	256	""	2023-06-30	13:56:30	nan	nan	nan	101.284	39.445	100.951	46.4844	0	0	40.2199	-16000	0	23.625	 94
DATA	1688147791	480756044	1924	256	""	2023-06-30	13:56:31	nan	nan	nan	101.284	39.4626	100.951	46.4844	0	0	40.2377	-16000	0	23.625	151
DATA	1688147792	480756044	1928	256	""	2023-06-30	13:56:32	nan	nan	nan	101.285	39.4795	100.951	46.4844	0	0	40.2547	-16000	0	23.625	164
DATA	1688147793	480372905	1932	256	""	2023-06-30	13:56:33	nan	nan	nan	101.284	39.4963	100.95	46.4844	0	0	40.2723	-16000	0	23.625	104
DATA	1688147794	480372905	1936	256	""	2023-06-30	13:56:34	nan	nan	nan	101.282	39.5141	100.949	46.4844	0	0	40.2902	-16000	0	23.6246	205
DATA	1688147795	480372905	1940	256	""	2023-06-30	13:56:35	nan	nan	nan	101.282	39.5318	100.949	46.4844	0	0	40.308	-16000	0	23.625	105
DATA	1688147796	480372905	1944	256	""	2023-06-30	13:56:36	nan	nan	nan	101.282	39.5496	100.948	46.4844	0	0	40.3259	-16000	0	23.625	173
DATA	1688147797	480372905	1948	256	""	2023-06-30	13:56:37	nan	nan	nan	101.281	39.5672	100.946	46.4844	0	0	40.3437	-16000	0	23.6246	223
DATA	1688147798	480372905	1952	256	""	2023-06-30	13:56:38	nan	nan	nan	101.282	39.5847	100.947	46.4844	0	0	40.3612	-16000	0	23.625	168
DATA	1688147799	480372905	1956	256	""	2023-06-30	13:56:39	nan	nan	nan	101.282	39.6031	100.946	46.4844	0	0	40.3789	-16000	0	23.625	174
DATA	1688147800	480372905	1960	256	""	2023-06-30	13:56:40	nan	nan	nan	101.282	39.6207	100.945	46.4844	0	0	40.3965	-16000	0	23.625	144
DATA	1688147801	480001926	1964	256	""	2023-06-30	13:56:41	nan	nan	nan	101.281	39.6379	100.944	46.4844	0	0	40.4137	-16000	0	23.625	142
DATA	1688147802	480001926	1968	256	""	2023-06-30	13:56:42	nan	nan	nan	101.283	39.6549	100.945	46.4844	0	0	40.4312	-16000	0	23.625	145
DATA	1688147803	480001926	1972	256	""	2023-06-30	13:56:43	nan	nan	nan	101.282	39.6726	100.943	46.4844	0	0	40.4489	-16000	0	23.625	151
DATA	1688147804	480001926	1976	256	""	2023-06-30	13:56:44	nan	nan	nan	101.282	39.6901	100.944	46.4844	0	0	40.4666	-16000	0	23.6246	203
DATA	1688147805	480001926	1980	256	""	2023-06-30	13:56:45	nan	nan	nan	101.282	39.7074	100.945	46.4844	0	0	40.4844	-16000	0	23.6246	201
DATA	1688147806	480001926	1984	256	""	2023-06-30	13:56:46	nan	nan	nan	101.283	39.7252	100.944	46.4844	0	0	40.5023	-16000	0	23.6246	195
DATA	1688147807	480001926	1988	256	""	2023-06-30	13:56:47	nan	nan	nan	101.282	39.7431	100.944	46.4844	0	0	40.5197	-16000	0	23.6246	211
DATA	1688147808	479626893	1992	256	""	2023-06-30	13:56:48	nan	nan	nan	101.283	39.7611	100.943	46.4844	0	0	40.5376	-16000	0	23.6246	231
DATA	1688147809	479626893	1996	256	""	2023-06-30	13:56:49	nan	nan	nan	101.284	39.7786	100.942	46.4844	0	0	40.5545	-16000	0	23.6242	244
DATA	1688147810	479626893	2000	256	""	2023-06-30	13:56:50	nan	nan	nan	101.283	39.7951	100.943	46.4844	0	0	40.5714	-16000	0	23.6242	197
DATA	1688147811	479626893	2004	256	""	2023-06-30	13:56:51	nan	nan	nan	101.283	39.8128	100.942	46.4844	0	0	40.5889	-16000	0	23.625	163
DATA	1688147812	479626893	2008	256	""	2023-06-30	13:56:52	nan	nan	nan	101.282	39.8306	100.942	46.4844	0	0	40.6073	-16000	0	23.6246	205
DATA	1688147813	479626893	2012	256	""	2023-06-30	13:56:53	nan	nan	nan	101.282	39.8481	100.941	46.4844	0	0	40.625	-16000	0	23.6242	150
DATA	1688147814	479626893	2016	256	""	2023-06-30	13:56:54	nan	nan	nan	101.283	39.8657	100.94	46.4844	0	0	40.6428	-16000	0	23.625	119
DATA	1688147815	479626893	2020	256	""	2023-06-30	13:56:55	nan	nan	nan	101.283	39.8833	100.94	46.4844	0	0	40.6604	-16000	0	23.6246	161
DATA	1688147816	479259967	2024	256	""	2023-06-30	13:56:56	nan	nan	nan	101.283	39.9012	100.94	46.4844	0	0	40.6783	-16000	0	23.6246	169
DATA	1688147817	479259967	2028	256	""	2023-06-30	13:56:57	nan	nan	nan	101.284	39.9186	100.94	46.4844	0	0	40.6957	-16000	0	23.6246	191
DATA	1688147818	479259967	2032	256	""	2023-06-30	13:56:58	nan	nan	nan	101.283	39.9353	100.94	46.4844	0	0	40.7118	-16000	0	23.6246	173
DATA	1688147819	479259967	2036	256	""	2023-06-30	13:56:59	nan	nan	nan	101.284	39.9531	100.94	46.4844	0	0	40.7293	-16000	0	23.625	129
DATA	1688147820	479259967	2040	256	""	2023-06-30	13:57:00	nan	nan	nan	101.285	39.971	100.94	46.4844	0	0	40.7472	-16000	0	23.6246	107
DATA	1688147821	479259967	2044	256	""	2023-06-30	13:57:01	nan	nan	nan	101.284	39.9883	100.939	46.4844	0	0	40.7649	-16000	0	23.625	180
DATA	1688147822	479259967	2048	256	""	2023-06-30	13:57:02	nan	nan	nan	101.283	40.006	100.938	46.4844	0	0	40.783	-16000	0	23.625	 50
DATA	1688147823	478882074	2052	256	""	2023-06-30	13:57:03	nan	nan	nan	101.285	40.0237	100.939	46.4844	0	0	40.8006	-16000	0	23.6246	191
DATA	1688147824	478882074	2056	256	""	2023-06-30	13:57:04	nan	nan	nan	101.285	40.0413	100.938	46.4844	0	0	40.8183	-16000	0	23.6246	198
DATA	1688147825	478882074	2060	256	""	2023-06-30	13:57:05	nan	nan	nan	101.285	40.0588	100.938	46.4844	0	0	40.8359	-16000	0	23.625	160
DATA	1688147826	478882074	2064	256	""	2023-06-30	13:57:06	nan	nan	nan	101.285	40.0757	100.938	46.4844	0	0	40.8528	-16000	0	23.625	162
DATA	1688147827	478882074	2068	256	""	2023-06-30	13:57:07	nan	nan	nan	101.284	40.0929	100.937	46.4844	0	0	40.8696	-16000	0	23.625	173
DATA	1688147828	478882074	2072	256	""	2023-06-30	13:57:08	nan	nan	nan	101.285	40.1111	100.937	46.4844	0	0	40.887	-16000	0	23.6242	150
DATA	1688147829	478882074	2076	256	""	2023-06-30	13:57:09	nan	nan	nan	101.286	40.1286	100.938	46.4844	0	0	40.9045	-16000	0	23.6242	214
DATA	1688147830	478882074	2080	256	""	2023-06-30	13:57:10	nan	nan	nan	101.285	40.146	100.935	46.4844	0	0	40.9221	-16000	0	23.6242	131
DATA	1688147831	478513956	2084	256	""	2023-06-30	13:57:11	nan	nan	nan	101.285	40.1639	100.936	46.4844	0	0	40.9402	-16000	0	23.6234	196
DATA	1688147832	478513956	2088	256	""	2023-06-30	13:57:12	nan	nan	nan	101.284	40.1814	100.935	46.4844	0	0	40.958	-16000	0	23.6238	158
DATA	1688147833	478513956	2092	256	""	2023-06-30	13:57:13	nan	nan	nan	101.285	40.1988	100.935	46.4844	0	0	40.9756	-16000	0	23.6234	217
DATA	1688147834	478513956	2096	256	""	2023-06-30	13:57:14	nan	nan	nan	101.285	40.2165	100.935	46.4844	0	0	40.9931	-16000	0	23.6234	206
DATA	1688147835	478513956	2100	256	""	2023-06-30	13:57:15	nan	nan	nan	101.284	40.2327	100.933	46.4844	0	0	41.0091	-16000	0	23.6234	180
DATA	1688147836	478513956	2104	256	""	2023-06-30	13:57:16	nan	nan	nan	101.285	40.2501	100.934	46.4844	0	0	41.0267	-16000	0	23.6234	187
DATA	1688147837	478513956	2108	256	""	2023-06-30	13:57:17	nan	nan	nan	101.285	40.2683	100.933	46.4844	0	0	41.0442	-16000	0	23.6234	198
DATA	1688147838	478137969	2112	256	""	2023-06-30	13:57:18	nan	nan	nan	101.284	40.2862	100.933	46.4844	0	0	41.0618	-16000	0	23.6234	204
DATA	1688147839	478137969	2116	256	""	2023-06-30	13:57:19	nan	nan	nan	101.285	40.3036	100.933	46.4844	0	0	41.0793	-16000	0	23.6234	209
DATA	1688147840	478137969	2120	256	""	2023-06-30	13:57:20	nan	nan	nan	101.285	40.3213	100.932	46.4844	0	0	41.0966	-16000	0	23.6234	186
DATA	1688147841	478137969	2124	256	""	2023-06-30	13:57:21	nan	nan	nan	101.285	40.3386	100.933	46.4844	0	0	41.1149	-16000	0	23.6234	198
DATA	1688147842	478137969	2128	256	""	2023-06-30	13:57:22	nan	nan	nan	101.285	40.3565	100.933	46.4844	0	0	41.1328	-16000	0	23.623	150
DATA	1688147843	478137969	2132	256	""	2023-06-30	13:57:23	nan	nan	nan	101.285	40.373	100.931	46.4844	0	0	41.1493	-16000	0	23.6234	146
DATA	1688147844	478137969	2136	256	""	2023-06-30	13:57:24	nan	nan	nan	101.284	40.3899	100.931	46.4844	0	0	41.1663	-16000	0	23.6234	214
DATA	1688147845	478137969	2140	256	""	2023-06-30	13:57:25	nan	nan	nan	101.285	40.4073	100.93	46.4844	0	0	41.1838	-16000	0	23.6234	152
DATA	1688147846	477767944	2144	256	""	2023-06-30	13:57:26	nan	nan	nan	101.285	40.4251	100.93	46.4844	0	0	41.2011	-16000	0	23.6234	141
DATA	1688147847	477767944	2148	256	""	2023-06-30	13:57:27	nan	nan	nan	101.285	40.4431	100.93	46.4844	0	0	41.2186	-16000	0	23.623	108
DATA	1688147848	477767944	2152	256	""	2023-06-30	13:57:28	nan	nan	nan	101.285	40.4605	100.93	46.4844	0	0	41.2361	-16000	0	23.623	103
DATA	1688147849	477767944	2156	256	""	2023-06-30	13:57:29	nan	nan	nan	101.285	40.4783	100.929	46.4844	0	0	41.2534	-16000	0	23.6226	227
DATA	1688147850	477767944	2160	256	""	2023-06-30	13:57:30	nan	nan	nan	101.285	40.4957	100.93	46.4844	0	0	41.271	-16000	0	23.623	 48
DATA	1688147851	477767944	2164	256	""	2023-06-30	13:57:31	nan	nan	nan	101.285	40.5133	100.929	46.4844	0	0	41.289	-16000	0	23.623	106
DATA	1688147852	477767944	2168	256	""	2023-06-30	13:57:32	nan	nan	nan	101.285	40.5292	100.927	46.4844	0	0	41.305	-16000	0	23.6234	157
DATA	1688147853	477397918	2172	256	""	2023-06-30	13:57:33	nan	nan	nan	101.286	40.5468	100.928	46.4844	0	0	41.3222	-16000	0	23.623	158
DATA	1688147854	477397918	2176	256	""	2023-06-30	13:57:34	nan	nan	nan	101.285	40.564	100.928	46.4844	0	0	41.3399	-16000	0	23.6226	175
DATA	1688147855	477397918	2180	256	""	2023-06-30	13:57:35	nan	nan	nan	101.286	40.5818	100.927	46.4844	0	0	41.3572	-16000	0	23.6226	220
DATA	1688147856	477397918	2184	256	""	2023-06-30	13:57:36	nan	nan	nan	101.285	40.5995	100.927	46.4844	0	0	41.3745	-16000	0	23.6226	233
DATA	1688147857	477397918	2188	256	""	2023-06-30	13:57:37	nan	nan	nan	101.287	40.6176	100.928	46.4844	0	0	41.392	-16000	0	23.6222	177
DATA	1688147858	477397918	2192	256	""	2023-06-30	13:57:38	nan	nan	nan	101.287	40.6349	100.928	46.4844	0	0	41.4094	-16000	0	23.6219	233
DATA	1688147859	477397918	2196	256	""	2023-06-30	13:57:39	nan	nan	nan	101.287	40.6525	100.928	46.4844	0	0	41.4265	-16000	0	23.6222	229
DATA	1688147860	477397918	2200	256	""	2023-06-30	13:57:40	nan	nan	nan	101.287	40.6684	100.928	46.4844	0	0	41.4427	-16000	0	23.6222	205
DATA	1688147861	477022886	2204	256	""	2023-06-30	13:57:41	nan	nan	nan	101.287	40.686	100.928	46.4844	0	0	41.4607	-16000	0	23.6222	148
DATA	1688147862	477022886	2208	256	""	2023-06-30	13:57:42	nan	nan	nan	101.287	40.7036	100.928	46.4844	0	0	41.4781	-16000	0	23.6222	201
DATA	1688147863	477022886	2212	256	""	2023-06-30	13:57:43	nan	nan	nan	101.287	40.721	100.927	46.4844	0	0	41.4953	-16000	0	23.6222	144
DATA	1688147864	477022886	2216	256	""	2023-06-30	13:57:44	nan	nan	nan	101.288	40.7385	100.927	46.4844	0	0	41.5128	-16000	0	23.6219	213
DATA	1688147865	477022886	2220	256	""	2023-06-30	13:57:45	nan	nan	nan	101.288	40.7559	100.928	46.4844	0	0	41.53	-16000	0	23.6222	104
DATA	1688147866	477022886	2224	256	""	2023-06-30	13:57:46	nan	nan	nan	101.288	40.7738	100.926	46.4844	0	0	41.5473	-16000	0	23.6219	220
DATA	1688147867	477022886	2228	256	""	2023-06-30	13:57:47	nan	nan	nan	101.289	40.7916	100.926	46.4844	0	0	41.5647	-16000	0	23.6219	228
DATA	1688147868	476645946	2232	256	""	2023-06-30	13:57:48	nan	nan	nan	101.289	40.809	100.927	46.4844	0	0	41.5819	-16000	0	23.6219	180
DATA	1688147869	476645946	2236	256	""	2023-06-30	13:57:49	nan	nan	nan	101.289	40.825	100.926	46.4844	0	0	41.5977	-16000	0	23.6219	188
DATA	1688147870	476645946	2240	256	""	2023-06-30	13:57:50	nan	nan	nan	101.29	40.8424	100.926	46.4844	0	0	41.6154	-16000	0	23.6219	150
DATA	1688147871	476645946	2244	256	""	2023-06-30	13:57:51	nan	nan	nan	101.289	40.8601	100.926	46.4844	0	0	41.6331	-16000	0	23.6219	206
DATA	1688147872	476645946	2248	256	""	2023-06-30	13:57:52	nan	nan	nan	101.289	40.8773	100.926	46.4844	0	0	41.6503	-16000	0	23.6219	223
DATA	1688147873	476645946	2252	256	""	2023-06-30	13:57:53	nan	nan	nan	101.29	40.895	100.925	46.4844	0	0	41.6677	-16000	0	23.6219	124
DATA	1688147874	476645946	2256	256	""	2023-06-30	13:57:54	nan	nan	nan	101.291	40.9124	100.925	46.4844	0	0	41.6851	-16000	0	23.6219	215
DATA	1688147875	476645946	2260	256	""	2023-06-30	13:57:55	nan	nan	nan	101.29	40.9297	100.925	46.4844	0	0	41.7019	-16000	0	23.6219	171
DATA	1688147876	476278066	2264	256	""	2023-06-30	13:57:56	nan	nan	nan	101.29	40.948	100.924	46.4844	0	0	41.7195	-16000	0	23.6215	118
DATA	1688147877	476278066	2268	256	""	2023-06-30	13:57:57	nan	nan	nan	101.29	40.9639	100.924	46.4844	0	0	41.7354	-16000	0	23.6215	175
DATA	1688147878	476278066	2272	256	""	2023-06-30	13:57:58	nan	nan	nan	101.29	40.9812	100.924	46.4844	0	0	41.7526	-16000	0	23.6215	166
DATA	1688147879	476278066	2276	256	""	2023-06-30	13:57:59	nan	nan	nan	101.289	40.9989	100.923	46.4844	0	0	41.7696	-16000	0	23.6215	250
DATA	1688147880	476278066	2280	256	""	2023-06-30	13:58:00	nan	nan	nan	101.289	41.0163	100.924	46.4844	0	0	41.7873	-16000	0	23.6215	198
DATA	1688147881	476278066	2284	256	""	2023-06-30	13:58:01	nan	nan	nan	101.289	41.0336	100.922	46.4844	0	0	41.8047	-16000	0	23.6219	202
DATA	1688147882	476278066	2288	256	""	2023-06-30	13:58:02	nan	nan	nan	101.289	41.0509	100.922	46.4844	0	0	41.8219	-16000	0	23.6215	207
DATA	1688147883	475900888	2292	256	""	2023-06-30	13:58:03	nan	nan	nan	101.289	41.0686	100.922	46.4844	0	0	41.8393	-16000	0	23.6219	220
DATA	1688147884	475900888	2296	256	""	2023-06-30	13:58:04	nan	nan	nan	101.289	41.0857	100.922	46.4844	0	0	41.8564	-16000	0	23.6215	222
DATA	1688147885	475900888	2300	256	""	2023-06-30	13:58:05	nan	nan	nan	101.289	41.1035	100.92	46.4844	0	0	41.8736	-16000	0	23.6215	150
DATA	1688147886	475900888	2304	256	""	2023-06-30	13:58:06	nan	nan	nan	101.29	41.1201	100.92	46.4844	0	0	41.8895	-16000	0	23.6219	105
DATA	1688147887	475900888	2308	256	""	2023-06-30	13:58:07	nan	nan	nan	101.29	41.1376	100.919	46.4844	0	0	41.9066	-16000	0	23.6215	167
DATA	1688147888	475900888	2312	256	""	2023-06-30	13:58:08	nan	nan	nan	101.29	41.1549	100.92	46.4844	0	0	41.9238	-16000	0	23.6219	115
DATA	1688147889	475900888	2316	256	""	2023-06-30	13:58:09	nan	nan	nan	101.289	41.1724	100.919	46.4844	0	0	41.9409	-16000	0	23.6219	228
DATA	1688147890	475900888	2320	256	""	2023-06-30	13:58:10	nan	nan	nan	101.29	41.1899	100.919	46.4844	0	0	41.9588	-16000	0	23.6215	168
DATA	1688147891	475533008	2324	256	""	2023-06-30	13:58:11	nan	nan	nan	101.289	41.207	100.917	46.4844	0	0	41.976	-16000	0	23.6215	 92
DATA	1688147892	475533008	2328	256	""	2023-06-30	13:58:12	nan	nan	nan	101.29	41.2244	100.917	46.4844	0	0	41.9931	-16000	0	23.6215	141
DATA	1688147893	475533008	2332	256	""	2023-06-30	13:58:13	nan	nan	nan	101.289	41.2418	100.917	46.4844	0	0	42.0105	-16000	0	23.6215	182
DATA	1688147894	475533008	2336	256	""	2023-06-30	13:58:14	nan	nan	nan	101.289	41.2578	100.916	46.4844	0	0	42.0259	-16000	0	23.6211	200
DATA	1688147895	475533008	2340	256	""	2023-06-30	13:58:15	nan	nan	nan	101.289	41.2755	100.917	46.4844	0	0	42.043	-16000	0	23.6203	139
DATA	1688147896	475533008	2344	256	""	2023-06-30	13:58:16	nan	nan	nan	101.29	41.2933	100.915	46.4844	0	0	42.0602	-16000	0	23.6207	138
DATA	1688147897	475533008	2348	256	""	2023-06-30	13:58:17	nan	nan	nan	101.289	41.3106	100.915	46.4844	0	0	42.0773	-16000	0	23.6207	202
DATA	1688147898	475153923	2352	256	""	2023-06-30	13:58:18	nan	nan	nan	101.289	41.328	100.915	46.4844	0	0	42.0946	-16000	0	23.6203	156
DATA	1688147899	475153923	2356	256	""	2023-06-30	13:58:19	nan	nan	nan	101.289	41.3453	100.915	46.4844	0	0	42.1115	-16000	0	23.6207	205
DATA	1688147900	475153923	2360	256	""	2023-06-30	13:58:20	nan	nan	nan	101.288	41.3628	100.914	46.4844	0	0	42.1294	-16000	0	23.6203	181
DATA	1688147901	475153923	2364	256	""	2023-06-30	13:58:21	nan	nan	nan	101.288	41.38	100.913	46.4844	0	0	42.1467	-16000	0	23.6203	 84
DATA	1688147902	475153923	2368	256	""	2023-06-30	13:58:22	nan	nan	nan	101.288	41.3967	100.913	46.4844	0	0	42.1629	-16000	0	23.6203	200
DATA	1688147903	475153923	2372	256	""	2023-06-30	13:58:23	nan	nan	nan	101.289	41.4132	100.913	46.4844	0	0	42.1795	-16000	0	23.6203	187
DATA	1688147904	475153923	2376	256	""	2023-06-30	13:58:24	nan	nan	nan	101.289	41.4305	100.913	46.4844	0	0	42.1963	-16000	0	23.6203	192
DATA	1688147905	475153923	2380	256	""	2023-06-30	13:58:25	nan	nan	nan	101.289	41.4483	100.913	46.4844	0	0	42.2135	-16000	0	23.6203	188
DATA	1688147906	474786043	2384	256	""	2023-06-30	13:58:26	nan	nan	nan	101.289	41.466	100.912	46.4844	0	0	42.2305	-16000	0	23.6203	145
DATA	1688147907	474786043	2388	256	""	2023-06-30	13:58:27	nan	nan	nan	101.288	41.4834	100.912	46.4844	0	0	42.2476	-16000	0	23.6203	210
DATA	1688147908	474786043	2392	256	""	2023-06-30	13:58:28	nan	nan	nan	101.289	41.5007	100.912	46.4844	0	0	42.2647	-16000	0	23.6203	201
DATA	1688147909	474786043	2396	256	""	2023-06-30	13:58:29	nan	nan	nan	101.289	41.5179	100.911	46.4844	0	0	42.2816	-16000	0	23.6203	214
DATA	1688147910	474786043	2400	256	""	2023-06-30	13:58:30	nan	nan	nan	101.289	41.5353	100.911	46.4844	0	0	42.2992	-16000	0	23.6203	183
DATA	1688147911	474786043	2404	256	""	2023-06-30	13:58:31	nan	nan	nan	101.289	41.5511	100.91	46.4844	0	0	42.3152	-16000	0	23.6203	125
DATA	1688147912	474786043	2408	256	""	2023-06-30	13:58:32	nan	nan	nan	101.29	41.5685	100.91	46.4844	0	0	42.3321	-16000	0	23.6199	 99
DATA	1688147913	474414110	2412	256	""	2023-06-30	13:58:33	nan	nan	nan	101.29	41.5858	100.91	46.4844	0	0	42.3492	-16000	0	23.6199	 90
DATA	1688147914	474414110	2416	256	""	2023-06-30	13:58:34	nan	nan	nan	101.291	41.6027	100.91	46.4844	0	0	42.366	-16000	0	23.6203	 69
DATA	1688147915	474414110	2420	256	""	2023-06-30	13:58:35	nan	nan	nan	101.29	41.6209	100.91	46.4844	0	0	42.383	-16000	0	23.6199	 32
DATA	1688147916	474414110	2424	256	""	2023-06-30	13:58:36	nan	nan	nan	101.29	41.6383	100.91	46.4844	0	0	42.4003	-16000	0	23.6203	 68
DATA	1688147917	474414110	2428	256	""	2023-06-30	13:58:37	nan	nan	nan	101.29	41.6555	100.91	46.4844	0	0	42.4171	-16000	0	23.6203	 81
DATA	1688147918	474414110	2432	256	""	2023-06-30	13:58:38	nan	nan	nan	101.29	41.673	100.91	46.4844	0	0	42.4342	-16000	0	23.6199	 39
DATA	1688147919	474414110	2436	256	""	2023-06-30	13:58:39	nan	nan	nan	101.29	41.6892	100.909	46.4844	0	0	42.4502	-16000	0	23.6203	142
DATA	1688147920	474414110	2440	256	""	2023-06-30	13:58:40	nan	nan	nan	101.291	41.7059	100.909	46.4844	0	0	42.4671	-16000	0	23.6199	187
DATA	1688147921	474040031	2444	256	""	2023-06-30	13:58:41	nan	nan	nan	101.29	41.7231	100.908	46.4844	0	0	42.4844	-16000	0	23.6199	134
DATA	1688147922	474040031	2448	256	""	2023-06-30	13:58:42	nan	nan	nan	101.291	41.7407	100.907	46.4844	0	0	42.5012	-16000	0	23.6199	181
DATA	1688147923	474040031	2452	256	""	2023-06-30	13:58:43	nan	nan	nan	101.291	41.7575	100.908	46.4844	0	0	42.5182	-16000	0	23.6191	185
DATA	1688147924	474040031	2456	256	""	2023-06-30	13:58:44	nan	nan	nan	101.291	41.7749	100.908	46.4844	0	0	42.5352	-16000	0	23.6195	197
DATA	1688147925	474040031	2460	256	""	2023-06-30	13:58:45	nan	nan	nan	101.291	41.7928	100.907	46.4844	0	0	42.5521	-16000	0	23.6195	190
DATA	1688147926	474040031	2464	256	""	2023-06-30	13:58:46	nan	nan	nan	101.292	41.8098	100.907	46.4844	0	0	42.5691	-16000	0	23.6199	208
DATA	1688147927	474040031	2468	256	""	2023-06-30	13:58:47	nan	nan	nan	101.292	41.8272	100.906	46.4844	0	0	42.5859	-16000	0	23.6195	209
DATA	1688147928	473665952	2472	256	""	2023-06-30	13:58:48	nan	nan	nan	101.291	41.8431	100.906	46.4844	0	0	42.6016	-16000	0	23.6187	213
DATA	1688147929	473665952	2476	256	""	2023-06-30	13:58:49	nan	nan	nan	101.292	41.8602	100.907	46.4844	0	0	42.6184	-16000	0	23.6195	226
DATA	1688147930	473665952	2480	256	""	2023-06-30	13:58:50	nan	nan	nan	101.291	41.8774	100.905	46.4844	0	0	42.6357	-16000	0	23.6187	215
DATA	1688147931	473665952	2484	256	""	2023-06-30	13:58:51	nan	nan	nan	101.292	41.8946	100.905	46.4844	0	0	42.653	-16000	0	23.6187	168
DATA	1688147932	473665952	2488	256	""	2023-06-30	13:58:52	nan	nan	nan	101.291	41.9119	100.904	46.4844	0	0	42.67	-16000	0	23.6187	116
DATA	1688147933	473665952	2492	256	""	2023-06-30	13:58:53	nan	nan	nan	101.292	41.9291	100.904	46.4844	0	0	42.6868	-16000	0	23.6187	226
DATA	1688147934	473665952	2496	256	""	2023-06-30	13:58:54	nan	nan	nan	101.291	41.9463	100.905	46.4844	0	0	42.7037	-16000	0	23.6187	222
DATA	1688147935	473665952	2500	256	""	2023-06-30	13:58:55	nan	nan	nan	101.291	41.9642	100.904	46.4844	0	0	42.7205	-16000	0	23.6191	200
DATA	1688147936	473294973	2504	256	""	2023-06-30	13:58:56	nan	nan	nan	101.292	41.9808	100.903	46.4844	0	0	42.7366	-16000	0	23.6191	219
DATA	1688147937	473294973	2508	256	""	2023-06-30	13:58:57	nan	nan	nan	101.292	41.9974	100.903	46.4844	0	0	42.7531	-16000	0	23.6187	228
DATA	1688147938	473294973	2512	256	""	2023-06-30	13:58:58	nan	nan	nan	101.292	42.0145	100.903	46.4844	0	0	42.7698	-16000	0	23.6187	221
DATA	1688147939	473294973	2516	256	""	2023-06-30	13:58:59	nan	nan	nan	101.292	42.0317	100.903	46.4844	0	0	42.7867	-16000	0	23.6187	226
DATA	1688147940	473294973	2520	256	""	2023-06-30	13:59:00	nan	nan	nan	101.292	42.0489	100.902	46.4844	0	0	42.8038	-16000	0	23.6187	200
DATA	1688147941	473294973	2524	256	""	2023-06-30	13:59:01	nan	nan	nan	101.292	42.066	100.901	46.4844	0	0	42.821	-16000	0	23.6187	 92
DATA	1688147942	473294973	2528	256	""	2023-06-30	13:59:02	nan	nan	nan	101.292	42.0829	100.901	46.4844	0	0	42.8378	-16000	0	23.6187	216
DATA	1688147943	472927093	2532	256	""	2023-06-30	13:59:03	nan	nan	nan	101.291	42.1005	100.901	46.4844	0	0	42.8547	-16000	0	23.6187	192
DATA	1688147944	472927093	2536	256	""	2023-06-30	13:59:04	nan	nan	nan	101.291	42.1168	100.9	46.4844	0	0	42.8709	-16000	0	23.6183	107
DATA	1688147945	472927093	2540	256	""	2023-06-30	13:59:05	nan	nan	nan	101.292	42.134	100.9	46.4844	0	0	42.887	-16000	0	23.6187	  4
DATA	1688147946	472927093	2544	256	""	2023-06-30	13:59:06	nan	nan	nan	101.292	42.151	100.9	46.4844	0	0	42.9041	-16000	0	23.6183	 44
DATA	1688147947	472927093	2548	256	""	2023-06-30	13:59:07	nan	nan	nan	101.291	42.1684	100.9	46.4844	0	0	42.9206	-16000	0	23.6183	112
DATA	1688147948	472927093	2552	256	""	2023-06-30	13:59:08	nan	nan	nan	101.29	42.1855	100.899	46.4844	0	0	42.9374	-16000	0	23.6183	179
DATA	1688147949	472927093	2556	256	""	2023-06-30	13:59:09	nan	nan	nan	101.292	42.2026	100.899	46.4844	0	0	42.9543	-16000	0	23.6179	229
DATA	1688147950	472927093	2560	256	""	2023-06-30	13:59:10	nan	nan	nan	101.292	42.2199	100.898	46.4844	0	0	42.9713	-16000	0	23.6183	212
DATA	1688147951	472549915	2564	256	""	2023-06-30	13:59:11	nan	nan	nan	101.292	42.2368	100.897	46.4844	0	0	42.9887	-16000	0	23.6187	234
DATA	1688147952	472549915	2568	256	""	2023-06-30	13:59:12	nan	nan	nan	101.292	42.2542	100.897	46.4844	0	0	43.0054	-16000	0	23.6179	213
DATA	1688147953	472549915	2572	256	""	2023-06-30	13:59:13	nan	nan	nan	101.292	42.2705	100.898	46.4844	0	0	43.0216	-16000	0	23.6187	211
DATA	1688147954	472549915	2576	256	""	2023-06-30	13:59:14	nan	nan	nan	101.292	42.2871	100.897	46.4844	0	0	43.0378	-16000	0	23.6183	225
DATA	1688147955	472549915	2580	256	""	2023-06-30	13:59:15	nan	nan	nan	101.292	42.3049	100.897	46.4844	0	0	43.0545	-16000	0	23.6183	216
DATA	1688147956	472549915	2584	256	""	2023-06-30	13:59:16	nan	nan	nan	101.292	42.3218	100.896	46.4844	0	0	43.071	-16000	0	23.6175	166
DATA	1688147957	472549915	2588	256	""	2023-06-30	13:59:17	nan	nan	nan	101.292	42.3389	100.896	46.4844	0	0	43.0877	-16000	0	23.6175	243
DATA	1688147958	472177982	2592	256	""	2023-06-30	13:59:18	nan	nan	nan	101.294	42.3562	100.896	46.4844	0	0	43.1046	-16000	0	23.6183	224
DATA	1688147959	472177982	2596	256	""	2023-06-30	13:59:19	nan	nan	nan	101.292	42.3733	100.897	46.4844	0	0	43.1215	-16000	0	23.6183	227
DATA	1688147960	472177982	2600	256	""	2023-06-30	13:59:20	nan	nan	nan	101.292	42.3903	100.895	46.4844	0	0	43.1384	-16000	0	23.6183	201
DATA	1688147961	472177982	2604	256	""	2023-06-30	13:59:21	nan	nan	nan	101.294	42.4066	100.896	46.4844	0	0	43.1548	-16000	0	23.6171	210
DATA	1688147962	472177982	2608	256	""	2023-06-30	13:59:22	nan	nan	nan	101.293	42.4232	100.896	46.4844	0	0	43.1708	-16000	0	23.6175	212
DATA	1688147963	472177982	2612	256	""	2023-06-30	13:59:23	nan	nan	nan	101.294	42.4402	100.895	46.4844	0	0	43.1874	-16000	0	23.6179	216
DATA	1688147964	472177982	2616	256	""	2023-06-30	13:59:24	nan	nan	nan	101.293	42.4575	100.894	46.4844	0	0	43.2043	-16000	0	23.6175	216
DATA	1688147965	472177982	2620	256	""	2023-06-30	13:59:25	nan	nan	nan	101.293	42.4753	100.894	46.4844	0	0	43.221	-16000	0	23.6175	159
DATA	1688147966	471806049	2624	256	""	2023-06-30	13:59:26	nan	nan	nan	101.293	42.4921	100.894	46.4844	0	0	43.2375	-16000	0	23.6171	210
DATA	1688147967	471806049	2628	256	""	2023-06-30	13:59:27	nan	nan	nan	101.293	42.5094	100.894	46.4844	0	0	43.2546	-16000	0	23.6179	226
DATA	1688147968	471806049	2632	256	""	2023-06-30	13:59:28	nan	nan	nan	101.294	42.5263	100.893	46.4844	0	0	43.2712	-16000	0	23.6179	216
DATA	1688147969	471806049	2636	256	""	2023-06-30	13:59:29	nan	nan	nan	101.294	42.5436	100.894	46.4844	0	0	43.2879	-16000	0	23.6171	231
DATA	1688147970	471806049	2640	256	""	2023-06-30	13:59:30	nan	nan	nan	101.293	42.5598	100.893	46.4844	0	0	43.3036	-16000	0	23.6171	203
DATA	1688147971	471806049	2644	256	""	2023-06-30	13:59:31	nan	nan	nan	101.293	42.5761	100.893	46.4844	0	0	43.3204	-16000	0	23.6171	198
DATA	1688147972	471806049	2648	256	""	2023-06-30	13:59:32	nan	nan	nan	101.293	42.5932	100.892	46.4844	0	0	43.3374	-16000	0	23.6171	211
DATA	1688147973	471431016	2652	256	""	2023-06-30	13:59:33	nan	nan	nan	101.294	42.6104	100.892	46.4844	0	0	43.354	-16000	0	23.6171	136
DATA	1688147974	471431016	2656	256	""	2023-06-30	13:59:34	nan	nan	nan	101.294	42.6274	100.891	46.4844	0	0	43.3706	-16000	0	23.6171	201
DATA	1688147975	471431016	2660	256	""	2023-06-30	13:59:35	nan	nan	nan	101.294	42.6452	100.891	46.4844	0	0	43.3872	-16000	0	23.6179	208
DATA	1688147976	471431016	2664	256	""	2023-06-30	13:59:36	nan	nan	nan	101.295	42.662	100.891	46.4844	0	0	43.4039	-16000	0	23.6183	155
DATA	1688147977	471431016	2668	256	""	2023-06-30	13:59:37	nan	nan	nan	101.295	42.6793	100.889	46.4844	0	0	43.4205	-16000	0	23.6171	219
DATA	1688147978	471431016	2672	256	""	2023-06-30	13:59:38	nan	nan	nan	101.295	42.6957	100.891	46.4844	0	0	43.4366	-16000	0	23.6179	227
DATA	1688147979	471431016	2676	256	""	2023-06-30	13:59:39	nan	nan	nan	101.294	42.712	100.891	46.4844	0	0	43.4525	-16000	0	23.6179	164
DATA	1688147980	471431016	2680	256	""	2023-06-30	13:59:40	nan	nan	nan	101.294	42.7288	100.889	46.4844	0	0	43.4691	-16000	0	23.6171	209
DATA	1688147981	471060037	2684	256	""	2023-06-30	13:59:41	nan	nan	nan	101.294	42.7458	100.89	46.4844	0	0	43.486	-16000	0	23.6171	109
DATA	1688147982	471060037	2688	256	""	2023-06-30	13:59:42	nan	nan	nan	101.294	42.7628	100.89	46.4844	0	0	43.5033	-16000	0	23.6171	155
DATA	1688147983	471060037	2692	256	""	2023-06-30	13:59:43	nan	nan	nan	101.294	42.78	100.889	46.4844	0	0	43.5197	-16000	0	23.6171	115
DATA	1688147984	471060037	2696	256	""	2023-06-30	13:59:44	nan	nan	nan	101.295	42.797	100.888	46.4844	0	0	43.5365	-16000	0	23.6171	174
DATA	1688147985	471060037	2700	256	""	2023-06-30	13:59:45	nan	nan	nan	101.295	42.8147	100.889	46.4844	0	0	43.5529	-16000	0	23.6171	210
DATA	1688147986	471060037	2704	256	""	2023-06-30	13:59:46	nan	nan	nan	101.294	42.8315	100.888	46.4844	0	0	43.5697	-16000	0	23.6171	217
DATA	1688147987	471060037	2708	256	""	2023-06-30	13:59:47	nan	nan	nan	101.295	42.8473	100.887	46.4844	0	0	43.5848	-16000	0	23.6171	226
DATA	1688147988	470688104	2712	256	""	2023-06-30	13:59:48	nan	nan	nan	101.295	42.8644	100.887	46.4844	0	0	43.6014	-16000	0	23.6171	219
DATA	1688147989	470688104	2716	256	""	2023-06-30	13:59:49	nan	nan	nan	101.296	42.8812	100.888	46.4844	0	0	43.618	-16000	0	23.6171	180
DATA	1688147990	470688104	2720	256	""	2023-06-30	13:59:50	nan	nan	nan	101.295	42.8982	100.887	46.4844	0	0	43.6346	-16000	0	23.6171	217
DATA	1688147991	470688104	2724	256	""	2023-06-30	13:59:51	nan	nan	nan	101.295	42.9152	100.887	46.4844	0	0	43.6513	-16000	0	23.6171	209
DATA	1688147992	470688104	2728	256	""	2023-06-30	13:59:52	nan	nan	nan	101.295	42.9323	100.887	46.4844	0	0	43.6685	-16000	0	23.6171	225
DATA	1688147993	470688104	2732	256	""	2023-06-30	13:59:53	nan	nan	nan	101.296	42.9491	100.885	46.4844	0	0	43.6852	-16000	0	23.6171	223
DATA	1688147994	470688104	2736	256	""	2023-06-30	13:59:54	nan	nan	nan	101.295	42.966	100.886	46.4844	0	0	43.702	-16000	0	23.6171	119
DATA	1688147995	470688104	2740	256	""	2023-06-30	13:59:55	nan	nan	nan	101.296	42.983	100.885	46.4844	0	0	43.7177	-16000	0	23.6168	182
DATA	1688147996	470321893	2744	256	""	2023-06-30	13:59:56	nan	nan	nan	101.296	42.9994	100.885	46.4844	0	0	43.7334	-16000	0	23.6171	235
DATA	1688147997	470321893	2748	256	""	2023-06-30	13:59:57	nan	nan	nan	101.294	43.0164	100.885	46.4844	0	0	43.7502	-16000	0	23.6171	217
DATA	1688147998	470321893	2752	256	""	2023-06-30	13:59:58	nan	nan	nan	101.294	43.0334	100.884	46.4844	0	0	43.7664	-16000	0	23.6168	227
DATA	1688147999	470321893	2756	256	""	2023-06-30	13:59:59	nan	nan	nan	101.294	43.0503	100.885	46.4844	0	0	43.7834	-16000	0	23.6168	231
DATA	1688148000	470321893	2760	256	""	2023-06-30	14:00:00	nan	nan	nan	101.295	43.0672	100.884	46.4844	0	0	43.7997	-16000	0	23.6168	190
DATA	1688148001	470321893	2764	256	""	2023-06-30	14:00:01	nan	nan	nan	101.295	43.0842	100.882	46.4844	0	0	43.8162	-16000	0	23.6171	172
DATA	1688148002	470321893	2768	256	""	2023-06-30	14:00:02	nan	nan	nan	101.294	43.1011	100.882	46.4844	0	0	43.8332	-16000	0	23.6168	171
DATA	1688148003	469938039	2772	256	""	2023-06-30	14:00:03	nan	nan	nan	101.295	43.118	100.881	46.4844	0	0	43.8505	-16000	0	23.6168	143
DATA	1688148004	469938039	2776	256	""	2023-06-30	14:00:04	nan	nan	nan	101.294	43.1334	100.882	46.4844	0	0	43.8656	-16000	0	23.6171	199
DATA	1688148005	469938039	2780	256	""	2023-06-30	14:00:05	nan	nan	nan	101.293	43.1507	100.881	46.4844	0	0	43.8821	-16000	0	23.6171	190
DATA	1688148006	469938039	2784	256	""	2023-06-30	14:00:06	nan	nan	nan	101.295	43.1681	100.88	46.4844	0	0	43.8987	-16000	0	23.6171	165
DATA	1688148007	469938039	2788	256	""	2023-06-30	14:00:07	nan	nan	nan	101.295	43.185	100.88	46.4844	0	0	43.9152	-16000	0	23.6171	106
DATA	1688148008	469938039	2792	256	""	2023-06-30	14:00:08	nan	nan	nan	101.294	43.2019	100.879	46.4844	0	0	43.9317	-16000	0	23.6168	213
DATA	1688148009	469938039	2796	256	""	2023-06-30	14:00:09	nan	nan	nan	101.294	43.2186	100.879	46.4844	0	0	43.948	-16000	0	23.6168	177
DATA	1688148010	469938039	2800	256	""	2023-06-30	14:00:10	nan	nan	nan	101.294	43.2355	100.878	46.4844	0	0	43.9647	-16000	0	23.6168	197
DATA	1688148011	469577074	2804	256	""	2023-06-30	14:00:11	nan	nan	nan	101.294	43.2526	100.879	46.4844	0	0	43.9812	-16000	0	23.6168	196
DATA	1688148012	469577074	2808	256	""	2023-06-30	14:00:12	nan	nan	nan	101.295	43.2688	100.878	46.4844	0	0	43.997	-16000	0	23.6168	168
DATA	1688148013	469577074	2812	256	""	2023-06-30	14:00:13	nan	nan	nan	101.295	43.2849	100.878	46.4844	0	0	44.0133	-16000	0	23.6164	191
DATA	1688148014	469577074	2816	256	""	2023-06-30	14:00:14	nan	nan	nan	101.294	43.3018	100.879	46.4844	0	0	44.03	-16000	0	23.6164	 86
DATA	1688148015	469577074	2820	256	""	2023-06-30	14:00:15	nan	nan	nan	101.294	43.319	100.877	46.4844	0	0	44.0463	-16000	0	23.6164	140
DATA	1688148016	469577074	2824	256	""	2023-06-30	14:00:16	nan	nan	nan	101.294	43.3363	100.878	46.4844	0	0	44.063	-16000	0	23.616	 93
DATA	1688148017	469577074	2828	256	""	2023-06-30	14:00:17	nan	nan	nan	101.294	43.3532	100.876	46.4844	0	0	44.0793	-16000	0	23.6168	209
DATA	1688148018	469192981	2832	256	""	2023-06-30	14:00:18	nan	nan	nan	101.295	43.3699	100.876	46.4844	0	0	44.0959	-16000	0	23.6168	225
DATA	1688148019	469192981	2836	256	""	2023-06-30	14:00:19	nan	nan	nan	101.294	43.3868	100.876	46.4844	0	0	44.1124	-16000	0	23.6164	209
DATA	1688148020	469192981	2840	256	""	2023-06-30	14:00:20	nan	nan	nan	101.294	43.4038	100.875	46.4844	0	0	44.1289	-16000	0	23.6168	193
DATA	1688148021	469192981	2844	256	""	2023-06-30	14:00:21	nan	nan	nan	101.294	43.4193	100.874	46.4844	0	0	44.1437	-16000	0	23.616	139
DATA	1688148022	469192981	2848	256	""	2023-06-30	14:00:22	nan	nan	nan	101.295	43.4363	100.875	46.4844	0	0	44.1602	-16000	0	23.6156	193
DATA	1688148023	469192981	2852	256	""	2023-06-30	14:00:23	nan	nan	nan	101.295	43.453	100.875	46.4844	0	0	44.1771	-16000	0	23.6156	145
DATA	1688148024	469192981	2856	256	""	2023-06-30	14:00:24	nan	nan	nan	101.294	43.4698	100.874	46.4844	0	0	44.194	-16000	0	23.616	109
DATA	1688148025	469192981	2860	256	""	2023-06-30	14:00:25	nan	nan	nan	101.295	43.4869	100.874	46.4844	0	0	44.2103	-16000	0	23.6164	199
DATA	1688148026	468832015	2864	256	""	2023-06-30	14:00:26	nan	nan	nan	101.295	43.5043	100.873	46.4844	0	0	44.2268	-16000	0	23.6156	190
DATA	1688148027	468832015	2868	256	""	2023-06-30	14:00:27	nan	nan	nan	101.294	43.5211	100.873	46.4844	0	0	44.2432	-16000	0	23.616	132
DATA	1688148028	468832015	2872	256	""	2023-06-30	14:00:28	nan	nan	nan	101.295	43.538	100.872	46.4844	0	0	44.2597	-16000	0	23.6168	156
DATA	1688148029	468832015	2876	256	""	2023-06-30	14:00:29	nan	nan	nan	101.296	43.5534	100.873	46.4844	0	0	44.2746	-16000	0	23.6156	206
DATA	1688148030	468832015	2880	256	""	2023-06-30	14:00:30	nan	nan	nan	101.295	43.5702	100.873	46.4844	0	0	44.2909	-16000	0	23.616	129
DATA	1688148031	468832015	2884	256	""	2023-06-30	14:00:31	nan	nan	nan	101.296	43.5872	100.873	46.4844	0	0	44.3075	-16000	0	23.6156	192
DATA	1688148032	468832015	2888	256	""	2023-06-30	14:00:32	nan	nan	nan	101.296	43.6036	100.872	46.4844	0	0	44.324	-16000	0	23.616	 83
DATA	1688148033	468446016	2892	256	""	2023-06-30	14:00:33	nan	nan	nan	101.296	43.6207	100.872	46.4844	0	0	44.3402	-16000	0	23.6164	182
DATA	1688148034	468446016	2896	256	""	2023-06-30	14:00:34	nan	nan	nan	101.295	43.6375	100.872	46.4844	0	0	44.3573	-16000	0	23.616	150
DATA	1688148035	468446016	2900	256	""	2023-06-30	14:00:35	nan	nan	nan	101.296	43.6546	100.872	46.4844	0	0	44.3738	-16000	0	23.6156	195
DATA	1688148036	468446016	2904	256	""	2023-06-30	14:00:36	nan	nan	nan	101.297	43.6721	100.871	46.4844	0	0	44.3902	-16000	0	23.6156	189
DATA	1688148037	468446016	2908	256	""	2023-06-30	14:00:37	nan	nan	nan	101.297	43.6887	100.87	46.4844	0	0	44.4066	-16000	0	23.616	108
DATA	1688148038	468446016	2912	256	""	2023-06-30	14:00:38	nan	nan	nan	101.295	43.7043	100.87	46.4844	0	0	44.4216	-16000	0	23.6156	138
DATA	1688148039	468446016	2916	256	""	2023-06-30	14:00:39	nan	nan	nan	101.296	43.7211	100.87	46.4844	0	0	44.438	-16000	0	23.6156	 96
DATA	1688148040	468446016	2920	256	""	2023-06-30	14:00:40	nan	nan	nan	101.296	43.7379	100.87	46.4844	0	0	44.4544	-16000	0	23.616	 87
DATA	1688148041	468087911	2924	256	""	2023-06-30	14:00:41	nan	nan	nan	101.296	43.7545	100.869	46.4844	0	0	44.4707	-16000	0	23.6156	203
DATA	1688148042	468087911	2928	256	""	2023-06-30	14:00:42	nan	nan	nan	101.296	43.7713	100.868	46.4844	0	0	44.487	-16000	0	23.616	105
DATA	1688148043	468087911	2932	256	""	2023-06-30	14:00:43	nan	nan	nan	101.297	43.7885	100.868	46.4844	0	0	44.5034	-16000	0	23.6156	207
DATA	1688148044	468087911	2936	256	""	2023-06-30	14:00:44	nan	nan	nan	101.296	43.8051	100.867	46.4844	0	0	44.52	-16000	0	23.6156	 96
DATA	1688148045	468087911	2940	256	""	2023-06-30	14:00:45	nan	nan	nan	101.296	43.8216	100.867	46.4844	0	0	44.5368	-16000	0	23.6156	207
DATA	1688148046	468087911	2944	256	""	2023-06-30	14:00:46	nan	nan	nan	101.296	43.8379	100.868	46.4844	0	0	44.5515	-16000	0	23.6156	218
DATA	1688148047	468087911	2948	256	""	2023-06-30	14:00:47	nan	nan	nan	101.296	43.8552	100.866	46.4844	0	0	44.5681	-16000	0	23.6156	219
DATA	1688148048	467701911	2952	256	""	2023-06-30	14:00:48	nan	nan	nan	101.297	43.8718	100.867	46.4844	0	0	44.5845	-16000	0	23.616	163
DATA	1688148049	467701911	2956	256	""	2023-06-30	14:00:49	nan	nan	nan	101.297	43.8887	100.866	46.4844	0	0	44.6007	-16000	0	23.6156	219
DATA	1688148050	467701911	2960	256	""	2023-06-30	14:00:50	nan	nan	nan	101.297	43.9053	100.866	46.4844	0	0	44.617	-16000	0	23.6156	137
DATA	1688148051	467701911	2964	256	""	2023-06-30	14:00:51	nan	nan	nan	101.298	43.9223	100.866	46.4844	0	0	44.6335	-16000	0	23.6156	194
DATA	1688148052	467701911	2968	256	""	2023-06-30	14:00:52	nan	nan	nan	101.297	43.9388	100.865	46.4844	0	0	44.6496	-16000	0	23.6156	218
DATA	1688148053	467701911	2972	256	""	2023-06-30	14:00:53	nan	nan	nan	101.298	43.9558	100.865	46.4844	0	0	44.6659	-16000	0	23.616	163
DATA	1688148054	467701911	2976	256	""	2023-06-30	14:00:54	nan	nan	nan	101.297	43.9726	100.866	46.4844	0	0	44.682	-16000	0	23.6156	161
DATA	1688148055	467701911	2980	256	""	2023-06-30	14:00:55	nan	nan	nan	101.298	43.9877	100.865	46.4844	0	0	44.6976	-16000	0	23.6156	225
DATA	1688148056	467340946	2984	256	""	2023-06-30	14:00:56	nan	nan	nan	101.299	44.0049	100.865	46.4844	0	0	44.7143	-16000	0	23.6156	209
DATA	1688148057	467340946	2988	256	""	2023-06-30	14:00:57	nan	nan	nan	101.298	44.0223	100.864	46.4844	0	0	44.7306	-16000	0	23.6156	208
DATA	1688148058	467340946	2992	256	""	2023-06-30	14:00:58	nan	nan	nan	101.298	44.0389	100.863	46.4844	0	0	44.7467	-16000	0	23.6156	225
DATA	1688148059	467340946	2996	256	""	2023-06-30	14:00:59	nan	nan	nan	101.298	44.0554	100.864	46.4844	0	0	44.7629	-16000	0	23.6156	226
DATA	1688148060	467340946	3000	256	""	2023-06-30	14:01:00	nan	nan	nan	101.298	44.0723	100.864	46.4844	0	0	44.7794	-16000	0	23.6156	183
DATA	1688148061	467340946	3004	256	""	2023-06-30	14:01:01	nan	nan	nan	101.298	44.0891	100.863	46.4844	0	0	44.7957	-16000	0	23.6156	195
DATA	1688148062	467340946	3008	256	""	2023-06-30	14:01:02	nan	nan	nan	101.299	44.106	100.864	46.4844	0	0	44.8118	-16000	0	23.6156	134
DATA	1688148063	466959953	3012	256	""	2023-06-30	14:01:03	nan	nan	nan	101.298	44.121	100.864	46.4844	0	0	44.8267	-16000	0	23.616	 92
DATA	1688148064	466959953	3016	256	""	2023-06-30	14:01:04	nan	nan	nan	101.299	44.138	100.862	46.4844	0	0	44.8431	-16000	0	23.6156	151
DATA	1688148065	466959953	3020	256	""	2023-06-30	14:01:05	nan	nan	nan	101.3	44.1548	100.862	46.4844	0	0	44.8591	-16000	0	23.6156	 96
DATA	1688148066	466959953	3024	256	""	2023-06-30	14:01:06	nan	nan	nan	101.299	44.1714	100.863	46.4844	0	0	44.876	-16000	0	23.6156	161
DATA	1688148067	466959953	3028	256	""	2023-06-30	14:01:07	nan	nan	nan	101.299	44.1889	100.862	46.4844	0	0	44.8925	-16000	0	23.6156	230
DATA	1688148068	466959953	3032	256	""	2023-06-30	14:01:08	nan	nan	nan	101.299	44.2056	100.862	46.4844	0	0	44.9086	-16000	0	23.6156	213
DATA	1688148069	466959953	3036	256	""	2023-06-30	14:01:09	nan	nan	nan	101.301	44.2223	100.863	46.4844	0	0	44.9249	-16000	0	23.6156	201
DATA	1688148070	466959953	3040	256	""	2023-06-30	14:01:10	nan	nan	nan	101.3	44.2392	100.862	46.4844	0	0	44.941	-16000	0	23.6156	 31
DATA	1688148071	466598033	3044	256	""	2023-06-30	14:01:11	nan	nan	nan	101.3	44.255	100.862	46.4844	0	0	44.9568	-16000	0	23.6156	 35
DATA	1688148072	466598033	3048	256	""	2023-06-30	14:01:12	nan	nan	nan	101.301	44.271	100.862	46.4844	0	0	44.9723	-16000	0	23.6156	129
DATA	1688148073	466598033	3052	256	""	2023-06-30	14:01:13	nan	nan	nan	101.301	44.2877	100.861	46.4844	0	0	44.9884	-16000	0	23.6156	195
DATA	1688148074	466598033	3056	256	""	2023-06-30	14:01:14	nan	nan	nan	101.301	44.3045	100.861	46.4844	0	0	45.0046	-16000	0	23.6156	171
DATA	1688148075	466598033	3060	256	""	2023-06-30	14:01:15	nan	nan	nan	101.301	44.3213	100.861	46.4844	0	0	45.021	-16000	0	23.6156	110
DATA	1688148076	466598033	3064	256	""	2023-06-30	14:01:16	nan	nan	nan	101.301	44.3377	100.86	46.4844	0	0	45.037	-16000	0	23.6156	 85
DATA	1688148077	466598033	3068	256	""	2023-06-30	14:01:17	nan	nan	nan	101.301	44.3551	100.86	46.4844	0	0	45.0538	-16000	0	23.6156	139
DATA	1688148078	466216087	3072	256	""	2023-06-30	14:01:18	nan	nan	nan	101.301	44.3722	100.86	46.4844	0	0	45.0703	-16000	0	23.6156	126
DATA	1688148079	466216087	3076	256	""	2023-06-30	14:01:19	nan	nan	nan	101.301	44.3887	100.859	46.4844	0	0	45.0863	-16000	0	23.6152	203
DATA	1688148080	466216087	3080	256	""	2023-06-30	14:01:20	nan	nan	nan	101.302	44.4041	100.859	46.4844	0	0	45.1014	-16000	0	23.6156	159
DATA	1688148081	466216087	3084	256	""	2023-06-30	14:01:21	nan	nan	nan	101.301	44.4206	100.859	46.4844	0	0	45.1171	-16000	0	23.6156	171
DATA	1688148082	466216087	3088	256	""	2023-06-30	14:01:22	nan	nan	nan	101.301	44.4372	100.859	46.4844	0	0	45.1337	-16000	0	23.6152	181
DATA	1688148083	466216087	3092	256	""	2023-06-30	14:01:23	nan	nan	nan	101.302	44.4541	100.858	46.4844	0	0	45.1495	-16000	0	23.6152	181
DATA	1688148084	466216087	3096	256	""	2023-06-30	14:01:24	nan	nan	nan	101.302	44.4705	100.858	46.4844	0	0	45.1659	-16000	0	23.6156	195
DATA	1688148085	466216087	3100	256	""	2023-06-30	14:01:25	nan	nan	nan	101.302	44.4872	100.858	46.4844	0	0	45.1817	-16000	0	23.6156	184
DATA	1688148086	465852022	3104	256	""	2023-06-30	14:01:26	nan	nan	nan	101.302	44.504	100.858	46.4844	0	0	45.1984	-16000	0	23.6156	129
DATA	1688148087	465852022	3108	256	""	2023-06-30	14:01:27	nan	nan	nan	101.303	44.5209	100.857	46.4844	0	0	45.2144	-16000	0	23.6156	179
DATA	1688148088	465852022	3112	256	""	2023-06-30	14:01:28	nan	nan	nan	101.302	44.5373	100.857	46.4844	0	0	45.2305	-16000	0	23.6156	176
DATA	1688148089	465852022	3116	256	""	2023-06-30	14:01:29	nan	nan	nan	101.301	44.553	100.857	46.4844	0	0	45.2459	-16000	0	23.6156	138
DATA	1688148090	465852022	3120	256	""	2023-06-30	14:01:30	nan	nan	nan	101.301	44.5696	100.856	46.4844	0	0	45.2622	-16000	0	23.6156	169
DATA	1688148091	465852022	3124	256	""	2023-06-30	14:01:31	nan	nan	nan	101.301	44.5865	100.854	46.4844	0	0	45.2782	-16000	0	23.6156	178
DATA	1688148092	465852022	3128	256	""	2023-06-30	14:01:32	nan	nan	nan	101.301	44.6032	100.855	46.4844	0	0	45.2942	-16000	0	23.6156	170
DATA	1688148093	465470075	3132	256	""	2023-06-30	14:01:33	nan	nan	nan	101.301	44.6197	100.854	46.4844	0	0	45.3106	-16000	0	23.6156	175
DATA	1688148094	465470075	3136	256	""	2023-06-30	14:01:34	nan	nan	nan	101.3	44.6363	100.852	46.4844	0	0	45.3266	-16000	0	23.6156	 84
DATA	1688148095	465470075	3140	256	""	2023-06-30	14:01:35	nan	nan	nan	101.3	44.6528	100.851	46.4844	0	0	45.3426	-16000	0	23.6156	 81
DATA	1688148096	465470075	3144	256	""	2023-06-30	14:01:36	nan	nan	nan	101.3	44.6696	100.852	46.4844	0	0	45.3588	-16000	0	23.6156	103
DATA	1688148097	465470075	3148	256	""	2023-06-30	14:01:37	nan	nan	nan	101.3	44.6847	100.852	46.4844	0	0	45.3734	-16000	0	23.6152	 96
DATA	1688148098	465470075	3152	256	""	2023-06-30	14:01:38	nan	nan	nan	101.299	44.702	100.85	46.4844	0	0	45.3898	-16000	0	23.6152	103
DATA	1688148099	465470075	3156	256	""	2023-06-30	14:01:39	nan	nan	nan	101.299	44.7187	100.85	46.4844	0	0	45.4065	-16000	0	23.6152	158
DATA	1688148100	465470075	3160	256	""	2023-06-30	14:01:40	nan	nan	nan	101.299	44.7355	100.85	46.4844	0	0	45.4222	-16000	0	23.6152	120
DATA	1688148101	465110063	3164	256	""	2023-06-30	14:01:41	nan	nan	nan	101.298	44.7521	100.85	46.4844	0	0	45.4388	-16000	0	23.6152	121
DATA	1688148102	465110063	3168	256	""	2023-06-30	14:01:42	nan	nan	nan	101.299	44.7684	100.849	46.4844	0	0	45.4548	-16000	0	23.6152	192
DATA	1688148103	465110063	3172	256	""	2023-06-30	14:01:43	nan	nan	nan	101.299	44.7852	100.849	46.4844	0	0	45.4707	-16000	0	23.6152	183
DATA	1688148104	465110063	3176	256	""	2023-06-30	14:01:44	nan	nan	nan	101.3	44.8018	100.85	46.4844	0	0	45.4867	-16000	0	23.6156	 26
DATA	1688148105	465110063	3180	256	""	2023-06-30	14:01:45	nan	nan	nan	101.3	44.8177	100.849	46.4844	0	0	45.5024	-16000	0	23.6156	 71
DATA	1688148106	465110063	3184	256	""	2023-06-30	14:01:46	nan	nan	nan	101.299	44.8335	100.847	46.4844	0	0	45.5178	-16000	0	23.6156	194
DATA	1688148107	465110063	3188	256	""	2023-06-30	14:01:47	nan	nan	nan	101.3	44.8499	100.848	46.4844	0	0	45.5335	-16000	0	23.6156	 94
DATA	1688148108	464725017	3192	256	""	2023-06-30	14:01:48	nan	nan	nan	101.3	44.8669	100.847	46.4844	0	0	45.5495	-16000	0	23.6156	106
DATA	1688148109	464725017	3196	256	""	2023-06-30	14:01:49	nan	nan	nan	101.3	44.884	100.847	46.4844	0	0	45.5662	-16000	0	23.6152	 47
DATA	1688148110	464725017	3200	256	""	2023-06-30	14:01:50	nan	nan	nan	101.301	44.9005	100.846	46.4844	0	0	45.5826	-16000	0	23.6156	161
DATA	1688148111	464725017	3204	256	""	2023-06-30	14:01:51	nan	nan	nan	101.3	44.9169	100.845	46.4844	0	0	45.5984	-16000	0	23.6152	 81
DATA	1688148112	464725017	3208	256	""	2023-06-30	14:01:52	nan	nan	nan	101.3	44.9337	100.845	46.4844	0	0	45.6142	-16000	0	23.6152	 71
DATA	1688148113	464725017	3212	256	""	2023-06-30	14:01:53	nan	nan	nan	101.3	44.9495	100.845	46.4844	0	0	45.6303	-16000	0	23.6152	 72
DATA	1688148114	464725017	3216	256	""	2023-06-30	14:01:54	nan	nan	nan	101.299	44.9652	100.843	46.4844	0	0	45.6455	-16000	0	23.6144	193
DATA	1688148115	464725017	3220	256	""	2023-06-30	14:01:55	nan	nan	nan	101.3	44.9818	100.844	46.4844	0	0	45.6612	-16000	0	23.6148	 81
DATA	1688148116	464364051	3224	256	""	2023-06-30	14:01:56	nan	nan	nan	101.299	44.9984	100.844	46.4844	0	0	45.6773	-16000	0	23.6148	209
DATA	1688148117	464364051	3228	256	""	2023-06-30	14:01:57	nan	nan	nan	65.1799	45.0149	72.3029	46.5032	0	0	45.6934	-16000	0	23.6101	199
DATA	1688148118	464364051	3232	256	""	2023-06-30	14:01:58	nan	nan	nan	38.3028	45.0287	33.1708	46.4951	0	0	45.7091	-16000	0	23.6109	197
DATA	1688148119	464364051	3236	256	""	2023-06-30	14:01:59	nan	nan	nan	38.8956	45.0446	25.8373	46.4859	0	0	45.725	-16000	0	23.6109	177
DATA	1688148120	464364051	3240	256	""	2023-06-30	14:02:00	nan	nan	nan	39.1238	45.0615	25.8381	46.4852	0	0	45.7414	-16000	0	23.6105	174
DATA	1688148121	464364051	3244	256	""	2023-06-30	14:02:01	nan	nan	nan	39.2093	45.0785	25.8385	46.485	0	0	45.7584	-16000	0	23.6105	150
DATA	1688148122	464364051	3248	256	""	2023-06-30	14:02:02	nan	nan	nan	39.238	45.0943	25.8385	46.4852	0	0	45.7727	-16000	0	23.6109	156
DATA	1688148123	463979959	3252	256	""	2023-06-30	14:02:03	nan	nan	nan	39.2528	45.1106	25.8394	46.4846	0	0	45.7882	-16000	0	23.6109	230
DATA	1688148124	463979959	3256	256	""	2023-06-30	14:02:04	nan	nan	nan	39.2602	45.1276	25.8381	46.4844	0	0	45.8044	-16000	0	23.6109	222
DATA	1688148125	463979959	3260	256	""	2023-06-30	14:02:05	nan	nan	nan	39.2644	45.1443	25.9623	46.4844	0	0	45.82	-16000	0	23.6109	119
DATA	1688148126	463979959	3264	256	""	2023-06-30	14:02:06	nan	nan	nan	39.2656	45.1608	26.4581	46.4844	0	0	45.8359	-16000	0	23.6113	236
DATA	1688148127	463979959	3268	256	""	2023-06-30	14:02:07	nan	nan	nan	39.2672	45.1776	26.9498	46.4844	0	0	45.8518	-16000	0	23.6109	  4
DATA	1688148128	463979959	3272	256	""	2023-06-30	14:02:08	nan	nan	nan	39.2668	45.1943	27.4444	46.4844	0	0	45.8679	-16000	0	23.6113	248
DATA	1688148129	463979959	3276	256	""	2023-06-30	14:02:09	nan	nan	nan	39.2685	45.211	27.814	46.4844	0	0	45.8837	-16000	0	23.6109	142
DATA	1688148130	463979959	3280	256	""	2023-06-30	14:02:10	nan	nan	nan	39.2656	45.2273	28.3048	46.4844	0	0	45.8989	-16000	0	23.6113	231
DATA	1688148131	463618040	3284	256	""	2023-06-30	14:02:11	nan	nan	nan	39.2631	45.2435	28.7986	46.4844	0	0	45.9145	-16000	0	23.6109	206
DATA	1688148132	463618040	3288	256	""	2023-06-30	14:02:12	nan	nan	nan	39.2713	45.26	29.2907	46.4844	0	0	45.931	-16000	0	23.6109	 46
DATA	1688148133	463618040	3292	256	""	2023-06-30	14:02:13	nan	nan	nan	39.2656	45.2767	29.6615	46.4844	0	0	45.9468	-16000	0	23.6109	221
DATA	1688148134	463618040	3296	256	""	2023-06-30	14:02:14	nan	nan	nan	39.2644	45.293	30.1561	46.4844	0	0	45.9629	-16000	0	23.6109	154
DATA	1688148135	463618040	3300	256	""	2023-06-30	14:02:15	nan	nan	nan	39.2656	45.3097	30.6494	46.4844	0	0	45.9793	-16000	0	23.6109	210
DATA	1688148136	463618040	3304	256	""	2023-06-30	14:02:16	nan	nan	nan	39.266	45.3261	31.0161	46.4844	0	0	45.9953	-16000	0	23.6109	140
DATA	1688148137	463618040	3308	256	""	2023-06-30	14:02:17	nan	nan	nan	39.2685	45.3428	31.5082	46.4844	0	0	46.0112	-16000	0	23.6109	192
DATA	1688148138	463243961	3312	256	""	2023-06-30	14:02:18	nan	nan	nan	39.2685	45.359	32.0012	46.4844	0	0	46.0274	-16000	0	23.6105	141
DATA	1688148139	463243961	3316	256	""	2023-06-30	14:02:19	nan	nan	nan	39.2701	45.3748	32.497	46.4844	0	0	46.0428	-16000	0	23.6109	163
DATA	1688148140	463243961	3320	256	""	2023-06-30	14:02:20	nan	nan	nan	39.2652	45.391	31.9975	46.4857	0	0	46.0579	-16000	0	23.6109	158
DATA	1688148141	463243961	3324	256	""	2023-06-30	14:02:21	nan	nan	nan	39.2652	45.4079	29.7844	46.4953	0	0	46.074	-16000	0	23.6109	158
DATA	1688148142	463243961	3328	256	""	2023-06-30	14:02:22	nan	nan	nan	39.2648	45.4243	29.784	46.4872	0	0	46.0907	-16000	0	23.6109	163
DATA	1688148143	463243961	3332	256	""	2023-06-30	14:02:23	nan	nan	nan	39.2652	45.4408	29.7947	46.485	0	0	46.1074	168.25	0	23.6105	170
DATA	1688148144	463243961	3336	256	""	2023-06-30	14:02:24	nan	nan	nan	39.2689	45.4573	29.8408	46.4848	0	0	46.1232	4261	0	23.6109	134
DATA	1688148145	463243961	3340	256	""	2023-06-30	14:02:25	nan	nan	nan	39.2664	45.4737	29.8794	46.4848	0	0	46.1393	2581.5	0	23.6109	244
DATA	1688148146	462873935	3344	256	""	2023-06-30	14:02:26	nan	nan	nan	39.2664	45.4901	29.9032	46.4848	0	0	46.1558	1434.25	0	23.6109	 31
DATA	1688148147	462873935	3348	256	""	2023-06-30	14:02:27	nan	nan	nan	39.266	45.5056	29.9143	46.4846	0	12.166	46.1712	508.5	0	23.6101	129
DATA	1688148148	462873935	3352	256	""	2023-06-30	14:02:28	nan	nan	nan	39.2672	45.5217	29.9164	46.4844	0	12.1663	46.1865	-302.25	0	23.6109	 76
DATA	1688148149	462873935	3356	256	""	2023-06-30	14:02:29	nan	nan	nan	39.2672	45.5382	29.9102	46.4844	0	12.1655	46.2025	-816.5	0	23.6105	 23
DATA	1688148150	462873935	3360	256	""	2023-06-30	14:02:30	nan	nan	nan	39.2676	45.5543	29.9004	46.4844	0	12.1667	46.219	-1044.25	0	23.6101	 52
DATA	1688148151	462873935	3364	256	""	2023-06-30	14:02:31	nan	nan	nan	39.2685	45.5714	29.8847	46.4844	0	12.1664	46.2352	-1495.25	0	23.6101	127
DATA	1688148152	462873935	3368	256	""	2023-06-30	14:02:32	nan	nan	nan	39.2681	45.5881	29.8593	46.4844	0	12.166	46.2512	-1335	0	23.6105	182
DATA	1688148153	462487936	3372	256	""	2023-06-30	14:02:33	nan	nan	nan	39.2697	45.6045	29.8325	46.4848	0	12.1654	46.2675	-901.75	0	23.6105	 87
DATA	1688148154	462487936	3376	256	""	2023-06-30	14:02:34	nan	nan	nan	39.2685	45.6209	29.8095	46.4848	0	12.166	46.2847	-1171.5	0	23.6101	 35
DATA	1688148155	462487936	3380	256	""	2023-06-30	14:02:35	nan	nan	nan	39.2672	45.6373	29.7873	46.4848	0	12.1656	46.3005	-1270.25	0	23.6105	127
DATA	1688148156	462487936	3384	256	""	2023-06-30	14:02:36	nan	nan	nan	39.2689	45.6522	29.7668	46.4844	0	12.1654	46.3153	-1155.25	0	23.6109	143
DATA	1688148157	462487936	3388	256	""	2023-06-30	14:02:37	nan	nan	nan	39.2672	45.6688	29.7446	46.4844	0	12.1659	46.3319	-1301.5	0	23.6109	100
DATA	1688148158	462487936	3392	256	""	2023-06-30	14:02:38	nan	nan	nan	39.2681	45.6852	29.7207	46.4844	0	12.1655	46.348	-1136.25	0	23.6105	 84
DATA	1688148159	462487936	3396	256	""	2023-06-30	14:02:39	nan	nan	nan	39.2685	45.7014	29.6989	46.4844	0	12.166	46.3641	-1335.5	0	23.6109	 51
DATA	1688148160	462487936	3400	256	""	2023-06-30	14:02:40	nan	nan	nan	39.2681	45.7178	29.6734	46.4844	0	12.1654	46.3801	-1156.5	0	23.6105	 62
DATA	1688148161	462121963	3404	256	""	2023-06-30	14:02:41	nan	nan	nan	39.2685	45.7343	29.65	46.4848	0	12.1652	46.3968	-1092.75	0	23.6101	 12
DATA	1688148162	462121963	3408	256	""	2023-06-30	14:02:42	nan	nan	nan	39.2693	45.7514	29.6303	46.4848	0	12.165	46.4128	-1009.75	0	23.6109	 59
DATA	1688148163	462121963	3412	256	""	2023-06-30	14:02:43	nan	nan	nan	39.2676	45.7674	29.6126	46.4848	0	12.1651	46.4288	-1368.75	0	23.6109	131
DATA	1688148164	462121963	3416	256	""	2023-06-30	14:02:44	nan	nan	nan	39.2685	45.7835	29.5908	46.4846	0	12.165	46.4452	-1328.5	0	23.6101	 18
DATA	1688148165	462121963	3420	256	""	2023-06-30	14:02:45	nan	nan	nan	39.2672	45.7991	29.562	46.4844	0	12.1641	46.461	-1154	0	23.6101	105
DATA	1688148166	462121963	3424	256	""	2023-06-30	14:02:46	nan	nan	nan	39.2676	45.8152	29.5378	46.4844	0	12.1649	46.4769	-1074.5	0	23.6101	 78
DATA	1688148167	462121963	3428	256	""	2023-06-30	14:02:47	nan	nan	nan	39.2668	45.8318	29.5168	46.4844	0	12.165	46.4936	-1275.25	0	23.6101	 79
DATA	1688148168	461744070	3432	256	""	2023-06-30	14:02:48	nan	nan	nan	39.2676	45.8481	29.4921	46.4844	0	12.1645	46.5098	-1142.75	0	23.6101	121
DATA	1688148169	461744070	3436	256	""	2023-06-30	14:02:49	nan	nan	nan	39.2689	45.8645	29.4695	46.4844	0	12.1637	46.5259	-1061.75	0	23.6105	145
DATA	1688148170	461744070	3440	256	""	2023-06-30	14:02:50	nan	nan	nan	39.2676	45.8806	29.4527	46.4844	0	12.1637	46.5421	-1274.25	0	23.6101	101
DATA	1688148171	461744070	3444	256	""	2023-06-30	14:02:51	nan	nan	nan	39.2701	45.8971	29.435	46.4844	0	12.1642	46.5586	-1180	0	23.6097	170
DATA	1688148172	461744070	3448	256	""	2023-06-30	14:02:52	nan	nan	nan	39.2672	45.9135	29.4099	46.4848	0	12.1642	46.5747	-1331	0	23.6105	225
DATA	1688148173	461744070	3452	256	""	2023-06-30	14:02:53	nan	nan	nan	39.2681	45.9289	29.3811	46.4844	0	12.1634	46.5895	-1158.25	0	23.6101	120
DATA	1688148174	461744070	3456	256	""	2023-06-30	14:02:54	nan	nan	nan	39.2685	45.9451	29.3532	46.4844	0	12.1636	46.6059	-1056	0	23.6101	220
DATA	1688148175	461744070	3460	256	""	2023-06-30	14:02:55	nan	nan	nan	39.2681	45.9615	29.3306	46.4844	0	12.1628	46.6225	-1175	0	23.6097	226
DATA	1688148176	461384057	3464	256	""	2023-06-30	14:02:56	nan	nan	nan	39.2689	45.978	29.3108	46.4844	0	12.1637	46.6394	-1170	0	23.6097	202
DATA	1688148177	461384057	3468	256	""	2023-06-30	14:02:57	nan	nan	nan	39.2672	45.9941	29.2968	46.4844	0	12.1632	46.6556	-1419.75	0	23.6097	159
DATA	1688148178	461384057	3472	256	""	2023-06-30	14:02:58	nan	nan	nan	39.2697	46.0104	29.2746	46.4844	0	12.1636	46.6717	-1315	0	23.6101	226
DATA	1688148179	461384057	3476	256	""	2023-06-30	14:02:59	nan	nan	nan	39.2693	46.0269	29.25	46.4844	0	12.1634	46.6879	-1348	0	23.6093	155
DATA	1688148180	461384057	3480	19	""	2023-06-30	14:03:00	24144.838	-75.394653	2135.3315	39.2672	46.043	29.2175	46.4848	0.0192073	12.1625	46.7045	-1078.75	0	23.6093	128
DATA	1688148181	461384057	3484	18	""	2023-06-30	14:03:01	24129.492	11.577584	2136.4868	39.2681	46.0586	29.1945	46.4846	0.0187605	12.163	46.7199	-1125.75	0	23.6093	116
DATA	1688148182	461384057	3488	18	""	2023-06-30	14:03:02	24129.145	13.759304	2136.8496	39.2697	46.074	29.1723	46.4844	0.0187898	12.163	46.7355	-1127.5	0.0609896	23.6093	174
DATA	1688148183	461002111	3492	50	""	2023-06-30	14:03:03	20316.264	3752.9363	1757.9971	39.2681	46.0909	29.1587	46.7511	0.0821502	-1442.19	46.7515	594.5	0.243958	23.6093	139
DATA	1688148184	461002111	3496	50	""	2023-06-30	14:03:04	17528.879	6283.6885	1474.1182	39.2689	46.1077	29.1694	46.7374	0.119468	11.8794	46.7676	998.25	0.243958	23.6093	162
DATA	1688148185	461002111	3500	51	""	2023-06-30	14:03:05	21851.037	2443.8848	1907.2325	39.2681	46.1238	29.1797	46.7295	0.0562356	11.8784	46.7837	112.5	0.243958	23.6093	 96
DATA	1688148186	461002111	3504	19	""	2023-06-30	14:03:06	24095.893	196.15741	2127.042	39.2697	46.1402	29.176	46.7282	0.016236	11.8776	46.8008	-704	0.243958	23.6093	135
DATA	1688148187	461002111	3508	50	""	2023-06-30	14:03:07	20668.777	3341.7959	1788.7004	39.2693	46.1566	29.1694	46.8783	0.0685828	-2883.72	46.8173	-124	0.428089	23.6093	134
DATA	1688148188	461002111	3512	50	""	2023-06-30	14:03:08	16933.146	6629.7388	1451.803	39.2676	46.1726	29.1743	46.923	0.122614	-1431.34	46.8333	494.25	0.428089	23.6093	 31
DATA	1688148189	461002111	3516	51	""	2023-06-30	14:03:09	19806.572	4215.6738	1728.204	39.2693	46.1888	29.1776	46.9146	0.0841709	11.9391	46.8494	-142.5	0.428089	23.6089	122
DATA	1688148190	461002111	3520	19	""	2023-06-30	14:03:10	23876.936	461.18469	2126.1714	39.2681	46.2039	29.1715	46.9127	0.0133004	11.9401	46.8643	-751.75	0.428089	23.6093	166
DATA	1688148191	460633993	3524	51	""	2023-06-30	14:03:11	22109.252	2058.2795	1953.0785	39.2685	46.2201	29.1616	46.9735	0.0395771	11.9413	46.8804	-818	0.53244	23.6093	255
DATA	1688148192	460633993	3528	50	""	2023-06-30	14:03:12	16672.121	1659.0941	1343.5007	39.2693	46.2366	29.1567	47.0647	0.13769	12.1188	46.8963	85	0.567223	23.6093	119
DATA	1688148193	460633993	3532	51	""	2023-06-30	14:03:13	19378.176	-194.33372	1625.5323	39.2689	46.2526	29.1571	47.0561	0.0959285	12.1432	46.9126	-380	0.567223	23.6093	 99
DATA	1688148194	460633993	3536	19	""	2023-06-30	14:03:14	23127.99	266.55563	2113.4211	39.2693	46.2694	29.1505	47.0535	0.0130625	12.1433	46.9291	-750.25	0.567223	23.6097	137
DATA	1688148195	460633993	3540	19	""	2023-06-30	14:03:15	23125.197	496.51663	2127.7849	39.2676	46.2859	29.1386	47.0734	0.00879737	12.1435	46.9455	-1426.75	0.607331	23.6093	 83
DATA	1688148196	460633993	3544	50	""	2023-06-30	14:03:16	16886.895	63.662292	1286.4795	39.2685	46.3021	29.1217	47.142	0.143478	12.1458	46.9613	-668.5	0.647439	23.6093	 87
DATA	1688148197	460633993	3548	51	""	2023-06-30	14:03:17	18369.807	193.29961	1455.6899	39.2693	46.3186	29.1143	47.1354	0.11982	12.1465	46.9781	-879.75	0.647439	23.6093	166
DATA	1688148198	460272073	3552	19	""	2023-06-30	14:03:18	23477.742	480.34482	2094.3933	39.2685	46.3341	29.1061	47.1341	0.0223624	12.1465	46.9941	-1405.25	0.647439	23.6093	238
DATA	1688148199	460272073	3556	19	""	2023-06-30	14:03:19	23815.09	499.06619	2136.5991	39.2681	46.3494	29.0827	47.1334	0.0103582	12.1459	47.0093	-1440.25	0.663626	23.6093	206
DATA	1688148200	460272073	3560	18	""	2023-06-30	14:03:20	23932.359	501.67188	2138.115	39.2689	46.3654	29.0576	47.2034	0.0122389	-1413.59	47.0254	-573.25	0.712186	23.6089	175
DATA	1688148201	460272073	3564	19	""	2023-06-30	14:03:21	24551.996	460.76923	2145.7065	39.2685	46.3821	29.0473	47.2018	0.0156081	12.0933	47.0416	-688.75	0.712186	23.6093	188
DATA	1688148202	460272073	3568	19	""	2023-06-30	14:03:22	24816.922	478.28613	2151.7927	39.2689	46.3981	29.035	47.199	0.0142346	12.0755	47.0579	-1177.75	0.712186	23.6093	163
DATA	1688148203	460272073	3572	18	""	2023-06-30	14:03:23	24805.049	486.7915	2150.4946	39.2676	46.4143	29.0206	47.2262	0.0154178	12.0753	47.0735	-1226.25	0.746763	23.6093	179
DATA	1688148204	460272073	3576	19	""	2023-06-30	14:03:24	24779.273	491.29013	2147.2534	39.2689	46.4305	29.0021	47.2351	0.0181723	12.0755	47.0896	-1149.25	0.746763	23.6089	242
DATA	1688148205	460272073	3580	19	""	2023-06-30	14:03:25	24825.371	480.09842	2150.5627	39.2681	46.4472	28.9889	47.2332	0.0141568	12.0732	47.1058	-1267.75	0.746763	23.6093	252
DATA	1688148206	459884881	3584	18	""	2023-06-30	14:03:26	24818.162	477.90182	2149.8467	39.2681	46.4638	28.9708	47.2525	0.0140898	12.0744	47.1217	-1568.25	0.772692	23.6089	 48
DATA	1688148207	459884881	3588	19	""	2023-06-30	14:03:27	24708.846	489.9472	2138.1697	39.2689	46.4784	28.9466	47.2708	0.022397	12.0732	47.1365	-1086.25	0.781336	23.6093	216
DATA	1688148208	459884881	3592	19	""	2023-06-30	14:03:28	24828.012	477.30685	2149.1279	39.2685	46.495	28.9289	47.2682	0.0141073	12.0735	47.153	-1103.75	0.781336	23.6093	176
DATA	1688148209	459884881	3596	18	""	2023-06-30	14:03:29	24830.859	475.23761	2147.8335	39.2689	46.5112	28.9141	47.2761	0.013929	12.0733	47.1696	-1258.5	0.79862	23.6093	145
DATA	1688148210	459884881	3600	18	""	2023-06-30	14:03:30	24987.047	450.64487	2136.2722	39.2689	46.5272	28.896	47.3051	0.0234518	12.0885	47.1856	-1201.75	0.815905	23.6093	212
DATA	1688148211	459884881	3604	19	""	2023-06-30	14:03:31	25897.678	399.83502	2157.845	39.2693	46.5431	28.8767	47.3022	0.021604	12.1377	47.2018	-1208.5	0.815905	23.6093	115
DATA	1688148212	459884881	3608	18	""	2023-06-30	14:03:32	25935.85	407.06482	2161.4644	39.2693	46.5591	28.8594	47.3013	0.0188295	12.1378	47.2179	-1370.75	0.815905	23.6093	230
DATA	1688148213	459511041	3612	16	""	2023-06-30	14:03:33	25937.725	410.52811	2160.6526	39.2693	46.5761	28.8339	47.3	0.018737	12.1385	47.2336	-1160.5	0.814066	23.6093	223
DATA	1688148214	459511041	3616	16	""	2023-06-30	14:03:34	25935.641	410.37045	2159.9644	39.2689	46.5921	28.8089	47.2974	0.0186484	12.1385	47.2497	-1205.25	0.811124	23.6093	253
DATA	1688148215	459511041	3620	16	""	2023-06-30	14:03:35	25935.363	410.58524	2159.3513	39.2693	46.6066	28.7858	47.2945	0.01855	12.1385	47.2645	-1353	0.808182	23.6093	250
DATA	1688148216	459511041	3624	16	""	2023-06-30	14:03:36	25937.471	410.41492	2158.2637	39.2693	46.6232	28.7579	47.2913	0.0184469	12.1381	47.2809	-1159.25	0.80524	23.6093	197
DATA	1688148217	459511041	3628	16	""	2023-06-30	14:03:37	25934.314	409.47849	2157.2583	39.2685	46.6403	28.7361	47.2882	0.0183381	12.1394	47.2969	-1289.25	0.802298	23.6093	 19
DATA	1688148218	459511041	3632	16	""	2023-06-30	14:03:38	25928.225	409.13617	2156.0413	39.2689	46.6563	28.7102	47.2853	0.0182303	12.1389	47.3127	-1158.5	0.799356	23.6093	192
DATA	1688148219	459511041	3636	16	""	2023-06-30	14:03:39	25910.537	407.74896	2155.0994	39.2681	46.6724	28.6851	47.2823	0.0181005	12.1393	47.3289	-1236.75	0.796414	23.6093	 10
DATA	1688148220	459511041	3640	16	""	2023-06-30	14:03:40	25893.361	406.11206	2153.8789	39.2689	46.6885	28.6584	47.2794	0.0179702	12.14	47.3456	-1138.75	0.793472	23.6093	161
DATA	1688148221	459146022	3644	16	""	2023-06-30	14:03:41	25883.006	407.09839	2153.0686	39.2701	46.7049	28.6366	47.2763	0.0178492	12.1402	47.3611	-1154.75	0.79053	23.6089	188
DATA	1688148222	459146022	3648	16	""	2023-06-30	14:03:42	25874.709	404.59451	2151.6912	39.2676	46.7211	28.6193	47.2742	0.0177158	12.1399	47.3772	-1343.75	0.787588	23.6089	 21
DATA	1688148223	459146022	3652	16	""	2023-06-30	14:03:43	25874.889	404.48712	2150.498	39.2689	46.7374	28.5942	47.2709	0.0175907	12.1409	47.3936	-1407	0.784646	23.6089	 86
DATA	1688148224	459146022	3656	16	""	2023-06-30	14:03:44	25873.348	404.62418	2149.5063	39.2697	46.7522	28.5646	47.268	0.0174563	12.1405	47.4082	-1044.25	0.781703	23.6093	192
DATA	1688148225	459146022	3660	16	""	2023-06-30	14:03:45	25866.24	403.02621	2147.9636	39.2689	46.7683	28.5371	47.2654	0.0173047	12.1411	47.4241	-1142	0.779864	23.6093	 39
DATA	1688148226	459146022	3664	16	""	2023-06-30	14:03:46	25854.344	401.91537	2146.8232	39.2689	46.7842	28.5141	47.2656	0.0171489	12.1403	47.4401	-1189	0.779864	23.6093	109
DATA	1688148227	459146022	3668	16	""	2023-06-30	14:03:47	25823.77	399.81653	2145.2344	39.2697	46.8008	28.4931	47.2658	0.0169921	12.1406	47.4563	-1161	0.779864	23.6093	 79
DATA	1688148228	458782911	3672	16	""	2023-06-30	14:03:48	25798.742	398.78555	2143.7268	39.2697	46.8173	28.4656	47.2658	0.0168211	12.1417	47.4718	-1166.5	0.779864	23.6093	 10
DATA	1688148229	458782911	3676	16	""	2023-06-30	14:03:49	25784.426	398.40555	2142.4968	39.2689	46.8333	28.4413	47.2658	0.016665	12.1415	47.488	-980.75	0.779864	23.6093	165
DATA	1688148230	458782911	3680	16	""	2023-06-30	14:03:50	25773.898	397.54074	2140.7356	39.2693	46.8494	28.4203	47.2658	0.0164984	12.1415	47.5044	-1119.75	0.779864	23.6093	 31
DATA	1688148231	458782911	3684	16	""	2023-06-30	14:03:51	25759.764	397.14621	2139.3635	39.2689	46.8655	28.4039	47.2658	0.0163222	12.1417	47.5206	-1290.25	0.779864	23.6093	 23
DATA	1688148232	458782911	3688	16	""	2023-06-30	14:03:52	25735.301	395.75674	2137.6462	39.2693	46.8804	28.3821	47.2658	0.0161375	12.1421	47.5355	-1189	0.779864	23.6093	132
DATA	1688148233	458782911	3692	16	""	2023-06-30	14:03:53	25723.234	395.6539	2136.166	39.2701	46.8963	28.3554	47.2658	0.0159622	12.1419	47.5517	-1104.75	0.779864	23.6085	173
DATA	1688148234	458782911	3696	16	""	2023-06-30	14:03:54	25709.693	396.36197	2134.2893	39.2701	46.9126	28.3283	47.2658	0.0157743	12.1428	47.5672	-1059	0.779864	23.6089	153
DATA	1688148235	458782911	3700	16	""	2023-06-30	14:03:55	25694.221	394.24988	2132.6252	39.2701	46.9287	28.3069	47.2658	0.01558	12.1434	47.5834	-1224	0.779864	23.6093	 17
DATA	1688148236	458399057	3704	16	""	2023-06-30	14:03:56	25680.385	393.75864	2130.562	39.2701	46.9448	28.2855	47.2658	0.0153966	12.1428	47.5993	-1225.75	0.779864	23.6089	  1
DATA	1688148237	458399057	3708	16	""	2023-06-30	14:03:57	25670.16	393.89249	2129.0237	39.2693	46.9608	28.2584	47.2658	0.0152088	12.1435	47.6154	-1008.25	0.779864	23.6089	245
DATA	1688148238	458399057	3712	16	""	2023-06-30	14:03:58	25660.744	393.72079	2127.1501	39.2685	46.9774	28.2395	47.2658	0.015015	12.1437	47.6309	-1134.5	0.779864	23.6089	182
DATA	1688148239	458399057	3716	16	""	2023-06-30	14:03:59	25651.092	393.10748	2125.2158	39.2693	46.9941	28.221	47.2658	0.0148054	12.1429	47.6471	-1351.5	0.779864	23.6089	179
DATA	1688148240	458399057	3720	16	""	2023-06-30	14:04:00	25645.881	393.17944	2123.1724	39.2701	47.01	28.1934	47.2658	0.0146093	12.1433	47.6634	-1048	0.779864	23.6093	248
DATA	1688148241	458399057	3724	16	""	2023-06-30	14:04:01	25624.945	390.85089	2121.3843	39.2693	47.0247	28.17	47.2658	0.0143766	12.144	47.6775	-1116.75	0.779864	23.6093	123
DATA	1688148242	458399057	3728	16	""	2023-06-30	14:04:02	25599.961	390.75406	2118.7937	39.2705	47.041	28.1474	47.2658	0.0141585	12.1435	47.6943	-1270	0.779864	23.6093	 79
DATA	1688148243	458022117	3732	16	""	2023-06-30	14:04:03	25537.871	386.92325	2116.6208	39.2693	47.0572	28.1248	47.2658	0.0139055	12.144	47.7102	-1252.75	0.779864	23.6093	191
DATA	1688148244	458022117	3736	16	""	2023-06-30	14:04:04	25437.008	383.10446	2114.3557	39.2693	47.0731	28.0976	47.2658	0.0136465	12.1447	47.7264	-1134.5	0.779864	23.6093	195
DATA	1688148245	458022117	3740	16	""	2023-06-30	14:04:05	25402.949	383.53098	2112.1882	39.2693	47.0893	28.0734	47.2658	0.0134055	12.1446	47.742	-1043.75	0.779864	23.6093	198
DATA	1688148246	458022117	3744	16	""	2023-06-30	14:04:06	25430.027	384.99362	2109.5789	39.2689	47.1056	28.0569	47.2658	0.0131958	12.1447	47.7579	-1212.5	0.779864	23.6093	232
DATA	1688148247	458022117	3748	16	""	2023-06-30	14:04:07	25450.051	386.21021	2107.2988	39.2693	47.1217	28.0355	47.2658	0.0129884	12.1446	47.7738	-1446.75	0.779864	23.6093	  8
DATA	1688148248	458022117	3752	16	""	2023-06-30	14:04:08	25437.648	383.92218	2104.864	39.2693	47.1372	28.0088	47.2658	0.0127567	12.1453	47.7897	-1139	0.779864	23.6089	 86
DATA	1688148249	458022117	3756	16	""	2023-06-30	14:04:09	25395.254	382.99213	2102.5791	39.2693	47.1523	27.9833	47.2658	0.0125002	12.1454	47.8044	-1091.75	0.779864	23.6089	  6
DATA	1688148250	458022117	3760	16	""	2023-06-30	14:04:10	25365.576	382.64612	2099.75	39.2693	47.1689	27.9607	47.2658	0.0122595	12.1456	47.8202	-1100.75	0.779864	23.6085	160
DATA	1688148251	457655906	3764	16	""	2023-06-30	14:04:11	25367.447	383.00098	2097.1787	39.2685	47.1849	27.9418	47.2658	0.0120241	12.1449	47.8363	-1193.75	0.779864	23.6089	 41
DATA	1688148252	457655906	3768	16	""	2023-06-30	14:04:12	25381.727	383.38242	2097.7466	39.2693	47.2013	27.9217	47.2658	0.0120501	12.1456	47.8519	-1295	0.779864	23.6089	131
DATA	1688148253	457655906	3772	16	""	2023-06-30	14:04:13	25379.498	383.60696	2099.9019	39.2693	47.2174	27.8949	47.2658	0.012259	12.1455	47.8685	-1187.25	0.779864	23.6089	 23
DATA	1688148254	457655906	3776	16	""	2023-06-30	14:04:14	25403.49	385.23883	2102.1301	39.2689	47.2336	27.8678	47.2658	0.012461	12.1459	47.8846	-1074	0.779864	23.6085	 31
DATA	1688148255	457655906	3780	16	""	2023-06-30	14:04:15	25461.93	387.48441	2104.4226	39.2697	47.249	27.846	47.2658	0.0126777	12.1458	47.9003	-1256.5	0.779864	23.6085	 84
DATA	1688148256	457655906	3784	16	""	2023-06-30	14:04:16	25476.428	387.30527	2106.5955	39.2693	47.2652	27.8226	47.2658	0.0128653	12.1463	47.9163	-938	0.779864	23.6089	107
DATA	1688148257	457655906	3788	16	""	2023-06-30	14:04:17	25463.49	386.60876	2108.9514	39.2689	47.2809	27.8028	47.2658	0.0130444	12.1459	47.9314	-1231.75	0.779864	23.6089	  2
DATA	1688148258	457278966	3792	16	""	2023-06-30	14:04:18	25461.232	387.78674	2111.1306	39.2693	47.2962	27.7774	47.2658	0.0132447	12.1458	47.9468	-1180.75	0.779864	23.6089	 56
DATA	1688148259	457278966	3796	16	""	2023-06-30	14:04:19	25473.279	388.43762	2113.1106	39.2697	47.3122	27.7543	47.2658	0.0134424	12.1466	47.9625	-1070.5	0.779864	23.6093	239
DATA	1688148260	457278966	3800	16	""	2023-06-30	14:04:20	25470.611	388.05411	2114.8752	39.2701	47.3282	27.7367	47.2658	0.0136168	12.1469	47.9783	-1323.75	0.779864	23.6093	 12
DATA	1688148261	457278966	3804	16	""	2023-06-30	14:04:21	25471.979	388.14673	2116.8782	39.2689	47.3449	27.7153	47.2658	0.0137886	12.1467	47.9943	-1374.75	0.779864	23.6093	 74
DATA	1688148262	457278966	3808	16	""	2023-06-30	14:04:22	25475.816	387.81833	2118.7483	39.2693	47.3611	27.6869	47.2658	0.0139766	12.1469	48.0102	-1127.75	0.779864	23.6089	 54
DATA	1688148263	457278966	3812	16	""	2023-06-30	14:04:23	25489.742	389.46588	2120.8071	39.2685	47.3771	27.6627	47.2658	0.0141548	12.147	48.0258	-1122	0.779864	23.6093	 90
DATA	1688148264	457278966	3816	16	""	2023-06-30	14:04:24	25532.402	390.92783	2122.2751	39.2681	47.3929	27.645	47.2658	0.0143354	12.1469	48.0418	-1314.5	0.779864	23.6089	174
DATA	1688148265	457278966	3820	16	""	2023-06-30	14:04:25	25543.379	391.59576	2124.27	39.2681	47.4089	27.6269	47.2658	0.014513	12.1469	48.0585	-1447.25	0.779864	23.6085	148
DATA	1688148266	456909894	3824	16	""	2023-06-30	14:04:26	25544.109	390.98291	2125.375	39.2681	47.4239	27.6002	47.2658	0.014677	12.1475	48.0729	-1139.75	0.779864	23.6085	190
DATA	1688148267	456909894	3828	16	""	2023-06-30	14:04:27	25556.732	392.81723	2127.2451	39.2681	47.4399	27.5722	47.2658	0.0148444	12.1477	48.0886	-1102.5	0.779864	23.6085	246
DATA	1688148268	456909894	3832	16	""	2023-06-30	14:04:28	25576.846	395.94769	2128.9507	39.2689	47.4556	27.5521	47.2658	0.0150094	12.1476	48.1044	-1286	0.779864	23.6085	172
DATA	1688148269	456909894	3836	16	""	2023-06-30	14:04:29	25629.729	399.17987	2130.3254	39.2681	47.4718	27.5311	47.2658	0.0151925	12.1477	48.1201	-1319.25	0.779864	23.6085	 43
DATA	1688148270	456909894	3840	16	""	2023-06-30	14:04:30	25660.412	400.15793	2131.99	39.2685	47.4877	27.5068	47.2658	0.0153474	12.1465	48.1359	-1156.75	0.779864	23.6085	182
DATA	1688148271	456909894	3844	16	""	2023-06-30	14:04:31	25688.68	401.95142	2133.335	39.2693	47.5037	27.4826	47.2656	0.0155006	12.1468	48.1519	-1187.75	0.779313	23.6081	167
DATA	1688148272	456909894	3848	16	""	2023-06-30	14:04:32	25711.363	403.98032	2134.5732	39.2681	47.5205	27.4571	47.2632	0.0156501	12.147	48.1673	-1138	0.777106	23.6085	 40
DATA	1688148273	456532001	3852	16	""	2023-06-30	14:04:33	25723.311	403.9693	2136.3904	39.2693	47.5367	27.4349	47.2627	0.015787	12.1478	48.1831	-997.25	0.776922	23.6085	114
DATA	1688148274	456532001	3856	16	""	2023-06-30	14:04:34	25721.557	403.85446	2137.5691	39.2689	47.5518	27.4152	47.2628	0.0159293	12.1478	48.1984	-1251.5	0.776922	23.6089	224
DATA	1688148275	456532001	3860	16	""	2023-06-30	14:04:35	25714.436	403.7865	2138.801	39.2689	47.5672	27.3934	47.2628	0.0160546	12.1478	48.2132	-1207.25	0.776922	23.6085	145
DATA	1688148276	456532001	3864	16	""	2023-06-30	14:04:36	25719.684	404.82889	2139.9834	39.2693	47.5834	27.3708	47.2628	0.0161786	12.1483	48.2297	-1391.75	0.776922	23.6085	 45
DATA	1688148277	456532001	3868	16	""	2023-06-30	14:04:37	25714.748	405.71628	2141.0093	39.2689	47.5993	27.3445	47.2628	0.0163021	12.1481	48.2459	-1035.25	0.776922	23.6081	251
DATA	1688148278	456532001	3872	16	""	2023-06-30	14:04:38	25714.141	405.22916	2142.6892	39.2689	47.6154	27.3235	47.2628	0.0164085	12.1487	48.2615	-1192.5	0.776922	23.6093	200
DATA	1688148279	456532001	3876	16	""	2023-06-30	14:04:39	25715.117	405.96509	2143.4753	39.2681	47.6309	27.3075	47.2628	0.0165277	12.148	48.2774	-1511.5	0.776922	23.6089	165
DATA	1688148280	456532001	3880	16	""	2023-06-30	14:04:40	25724.242	406.7674	2144.7451	39.2689	47.6471	27.2803	47.2628	0.0166495	12.1489	48.2932	-1278.5	0.776922	23.6077	159
DATA	1688148281	456161975	3884	16	""	2023-06-30	14:04:41	25736.225	408.3555	2145.7766	39.2689	47.6632	27.2557	47.2628	0.0167684	12.1486	48.3089	-1055.75	0.776922	23.6085	247
DATA	1688148282	456161975	3888	16	""	2023-06-30	14:04:42	25741.035	408.17346	2146.8589	39.2701	47.6789	27.2355	47.2628	0.0168584	12.1486	48.3243	-1272	0.776922	23.6085	137
DATA	1688148283	456161975	3892	16	""	2023-06-30	14:04:43	25746.943	409.62354	2147.584	39.2693	47.6943	27.2117	47.2628	0.0169741	12.1492	48.3391	-1274	0.776922	23.6085	 84
DATA	1688148284	456161975	3896	16	""	2023-06-30	14:04:44	25752.232	410.77829	2148.6001	39.2689	47.7105	27.1866	47.2628	0.0170746	12.1491	48.355	-1160.5	0.776922	23.6081	162
DATA	1688148285	456161975	3900	16	""	2023-06-30	14:04:45	25757.93	411.62466	2149.6348	39.2689	47.7264	27.1648	47.2628	0.017154	12.1493	48.3705	-1105.5	0.776922	23.6081	119
DATA	1688148286	456161975	3904	16	""	2023-06-30	14:04:46	25762.975	411.31088	2150.4463	39.2685	47.7425	27.1467	47.2628	0.0172503	12.1491	48.3863	-1352	0.776922	23.6077	117
DATA	1688148287	456161975	3908	16	""	2023-06-30	14:04:47	25762.842	413.22794	2151.3801	39.2693	47.7584	27.1216	47.2628	0.0173307	12.1496	48.4024	-1317.75	0.776922	23.6085	 11
DATA	1688148288	455792903	3912	16	""	2023-06-30	14:04:48	25768.83	412.78131	2152.3152	39.2689	47.7745	27.092	47.2628	0.0174262	12.15	48.4186	-1067.25	0.776922	23.6077	 69
DATA	1688148289	455792903	3916	16	""	2023-06-30	14:04:49	25772.066	414.3696	2152.9382	39.2685	47.7903	27.0727	47.2628	0.0174981	12.1494	48.4343	-1012.5	0.776922	23.6081	179
DATA	1688148290	455792903	3920	16	""	2023-06-30	14:04:50	25772.936	415.89752	2153.6968	39.2689	47.8064	27.0563	47.2628	0.0175814	12.1507	48.4501	-1400	0.776922	23.6081	118
DATA	1688148291	455792903	3924	16	""	2023-06-30	14:04:51	25775.545	416.58701	2154.0498	39.2676	47.8218	27.0345	47.2628	0.0176509	12.1496	48.4651	-1431	0.776922	23.6085	125
DATA	1688148292	455792903	3928	16	""	2023-06-30	14:04:52	25774.518	417.34076	2154.981	39.2697	47.837	27.0061	47.2628	0.0177042	12.1498	48.4803	-969	0.776922	23.6077	246
DATA	1688148293	455792903	3932	16	""	2023-06-30	14:04:53	25774.027	417.06757	2155.4275	39.2685	47.8526	26.9835	47.2628	0.017783	12.1505	48.4961	-1242.5	0.776922	23.6085	183
DATA	1688148294	455792903	3936	16	""	2023-06-30	14:04:54	25773.766	417.64456	2156.1819	39.2689	47.8692	26.9638	47.2628	0.0178427	12.1502	48.5118	-1242.75	0.776922	23.6081	 47
DATA	1688148295	455792903	3940	16	""	2023-06-30	14:04:55	25774.191	418.55746	2156.5439	39.2701	47.8858	26.9403	47.2628	0.0178958	12.1512	48.5274	-1094.25	0.776922	23.6081	 34
DATA	1688148296	455420970	3944	16	""	2023-06-30	14:04:56	25775.168	421.34521	2157.2588	39.2689	47.9014	26.9194	47.2628	0.0179491	12.1504	48.5431	-1219.75	0.776922	23.6081	 22
DATA	1688148297	455420970	3948	16	""	2023-06-30	14:04:57	25775.758	421.49506	2157.5979	39.2689	47.9173	26.8967	47.2628	0.0179872	12.15	48.559	-1347.25	0.776922	23.6081	176
DATA	1688148298	455420970	3952	16	""	2023-06-30	14:04:58	25777.061	422.35583	2158.4834	39.2689	47.9335	26.8696	47.2628	0.0180465	12.1513	48.5743	-969.5	0.776922	23.6085	205
DATA	1688148299	455420970	3956	16	""	2023-06-30	14:04:59	25780.893	422.94147	2158.5269	39.2685	47.9487	26.8499	47.2628	0.0180983	12.1506	48.59	-1144.75	0.776922	23.6085	222
DATA	1688148300	455420970	3960	16	""	2023-06-30	14:05:00	25781.998	423.04758	2159.115	39.2685	47.9639	26.8306	47.2628	0.0181224	12.1517	48.6056	-1403	0.776922	23.6085	 52
DATA	1688148301	455420970	3964	16	""	2023-06-30	14:05:01	25781.943	425.22812	2159.5527	39.2697	47.9797	26.8067	47.2623	0.0181586	12.1519	48.6211	-1205.5	0.776187	23.6077	217
DATA	1688148302	455420970	3968	16	""	2023-06-30	14:05:02	25782.697	426.05246	2160.0339	39.2689	47.996	26.7812	47.2621	0.018186	12.1519	48.6368	-1207.5	0.776187	23.6077	123
DATA	1688148303	455046892	3972	16	""	2023-06-30	14:05:03	25779.621	427.17151	2160.314	39.2693	48.0115	26.7557	47.2621	0.0182166	12.1515	48.6527	-1122.75	0.776187	23.6081	184
DATA	1688148304	455046892	3976	16	""	2023-06-30	14:05:04	25779.178	427.09332	2161.0029	39.2689	48.0276	26.7381	47.2621	0.0182436	12.1523	48.6681	-1186.5	0.776187	23.6085	218
DATA	1688148305	455046892	3980	16	""	2023-06-30	14:05:05	25774.74	427.39032	2160.9121	39.2697	48.0437	26.7245	47.2621	0.0182504	12.1523	48.6838	-1500.25	0.776187	23.6077	196
DATA	1688148306	455046892	3984	16	""	2023-06-30	14:05:06	25774.971	428.51474	2161.0896	39.2693	48.0602	26.7023	47.2614	0.0182792	12.1517	48.6998	-1480.75	0.775451	23.6077	 26
DATA	1688148307	455046892	3988	16	""	2023-06-30	14:05:07	25772.234	429.70889	2161.3301	39.2697	48.0762	26.6731	47.2614	0.0182937	12.1519	48.7151	-1197.5	0.775451	23.6081	220
DATA	1688148308	455046892	3992	16	""	2023-06-30	14:05:08	25771.553	430.66531	2161.5386	39.2693	48.0913	26.6464	47.2614	0.0182995	12.1518	48.7302	-1065.5	0.775451	23.6081	208
DATA	1688148309	455046892	3996	16	""	2023-06-30	14:05:09	25770.072	431.68021	2161.6946	39.2685	48.1066	26.6279	47.2614	0.0182953	12.1527	48.7452	-1180.25	0.775451	23.6081	  6
DATA	1688148310	455046892	4000	16	""	2023-06-30	14:05:10	25767.32	432.23715	2161.8896	39.2681	48.1224	26.611	47.2614	0.0183039	12.1526	48.761	-1329.5	0.775451	23.6081	 11
DATA	1688148311	454678058	4004	16	""	2023-06-30	14:05:11	25761.908	431.23688	2161.8662	39.2693	48.1382	26.5864	47.2614	0.0182995	12.152	48.7771	-1345	0.775451	23.6077	 61
DATA	1688148312	454678058	4008	16	""	2023-06-30	14:05:12	25753.627	433.07947	2162.3628	39.2685	48.1541	26.5576	47.2614	0.0182831	12.153	48.7928	-968.75	0.775451	23.6081	169
DATA	1688148313	454678058	4012	16	""	2023-06-30	14:05:13	25752.064	433.97031	2162.0674	39.2697	48.1698	26.5337	47.2614	0.0182733	12.1533	48.8086	-1059.25	0.775451	23.6081	245
DATA	1688148314	454678058	4016	16	""	2023-06-30	14:05:14	25747.227	434.207	2162.0388	39.2693	48.1858	26.5128	47.2614	0.0182758	12.1544	48.824	-1080.75	0.775451	23.6077	101
DATA	1688148315	454678058	4020	16	""	2023-06-30	14:05:15	25741.385	435.28616	2161.9128	39.2697	48.2018	26.4951	47.2614	0.0182568	12.1543	48.8396	-1274.5	0.775451	23.6077	212
DATA	1688148316	454678058	4024	16	""	2023-06-30	14:05:16	25739.279	435.78296	2162.45	39.2685	48.2169	26.4766	47.2614	0.0182286	12.1537	48.8548	-1381	0.775451	23.6077	 37
DATA	1688148317	454678058	4028	16	""	2023-06-30	14:05:17	25732.314	435.18796	2162.0581	39.2685	48.2327	26.4527	47.2614	0.0182025	12.1536	48.8697	-1214.25	0.775451	23.6081	251
DATA	1688148318	454298973	4032	16	""	2023-06-30	14:05:18	25727.357	437.96991	2161.7947	39.2693	48.2487	26.4227	47.2614	0.0181685	12.1537	48.8853	-993	0.775451	23.6077	110
DATA	1688148319	454298973	4036	16	""	2023-06-30	14:05:19	25722.328	437.36865	2161.6743	39.2697	48.2649	26.3993	47.2614	0.0181387	12.1539	48.9012	-1095.25	0.775451	23.6077	 33
DATA	1688148320	454298973	4040	16	""	2023-06-30	14:05:20	25716.68	438.84857	2161.4292	39.2685	48.2805	26.3796	47.2614	0.0180973	12.1534	48.9167	-1170.25	0.775267	23.6077	223
DATA	1688148321	454298973	4044	16	""	2023-06-30	14:05:21	25713.898	438.98303	2161.1667	39.2697	48.2965	26.3611	47.2603	0.0180523	12.1544	48.9324	-1254	0.774715	23.6077	111
DATA	1688148322	454298973	4048	16	""	2023-06-30	14:05:22	25705.184	440.00278	2160.8987	39.2676	48.3126	26.3413	47.2603	0.0180134	12.1543	48.9482	-1449	0.774715	23.6077	 99
DATA	1688148323	454298973	4052	16	""	2023-06-30	14:05:23	25701.467	439.40454	2161.0508	39.2697	48.328	26.3171	47.2606	0.0179623	12.1543	48.9644	-1033.5	0.774715	23.6077	145
DATA	1688148324	454298973	4056	16	""	2023-06-30	14:05:24	25694.32	440.83856	2160.3989	39.2689	48.3441	26.2899	47.2606	0.0179114	12.1553	48.9798	-1013.5	0.774715	23.6077	190
DATA	1688148325	454298973	4060	16	""	2023-06-30	14:05:25	25687.504	441.60687	2160.2776	39.2693	48.3592	26.2682	47.2606	0.0178499	12.1544	48.9951	-992.75	0.774715	23.6081	247
DATA	1688148326	453934907	4064	16	""	2023-06-30	14:05:26	25681.605	441.67056	2159.8892	39.2685	48.3744	26.248	47.2606	0.0177941	12.1552	49.0098	-1206	0.774715	23.6085	 71
DATA	1688148327	453934907	4068	18	""	2023-06-30	14:05:27	25674.975	442.97351	2159.7168	39.2685	48.3904	26.2258	47.2586	0.0177282	12.155	49.0254	-1023.5	0.770302	23.6081	166
DATA	1688148328	453934907	4072	18	""	2023-06-30	14:05:28	25667.957	442.11685	2158.9485	39.2701	48.4066	26.2069	47.2513	0.0176568	12.1551	49.041	-1407.75	0.765888	23.6081	228
DATA	1688148329	453934907	4076	18	""	2023-06-30	14:05:29	25660.605	442.39435	2158.6257	39.2685	48.4228	26.1843	47.2518	0.0175889	12.1551	49.0567	-1196.25	0.763498	23.6077	 39
DATA	1688148330	453934907	4080	18	""	2023-06-30	14:05:30	25653.822	443.38678	2157.9475	39.2689	48.4385	26.1572	47.2421	0.0175112	12.1549	49.0719	-1283	0.756326	23.6077	115
DATA	1688148331	453934907	4084	18	""	2023-06-30	14:05:31	25644.639	445.1741	2157.4575	39.2685	48.4543	26.1263	47.2421	0.017422	12.1556	49.0878	-1134.5	0.756326	23.6077	 96
DATA	1688148332	453934907	4088	18	""	2023-06-30	14:05:32	25636.021	445.46161	2157.022	39.2693	48.4706	26.1021	47.2343	0.0173444	12.1554	49.1036	-832	0.746763	23.6077	228
DATA	1688148333	453555107	4092	18	""	2023-06-30	14:05:33	25625.732	446.6731	2156.5232	39.2693	48.4856	26.0844	47.2318	0.0172532	12.1548	49.1181	-1326.5	0.746763	23.6077	141
DATA	1688148334	453555107	4096	18	""	2023-06-30	14:05:34	25621.191	445.7001	2156.1733	39.2685	48.5007	26.056	47.2275	0.0171689	12.1558	49.1336	-1167	0.73959	23.6077	200
DATA	1688148335	453555107	4100	19	""	2023-06-30	14:05:35	25697.199	456.95978	2148.0344	39.2689	48.5166	26.0301	47.2228	0.0226471	12.1487	49.1498	-1055.75	0.737199	23.6077	 26
DATA	1688148336	453555107	4104	19	""	2023-06-30	14:05:36	25949.238	465.44815	2159.0747	39.2685	48.5323	26.0071	47.2235	0.019229	12.1395	49.1651	-1271	0.737199	23.6077	 56
DATA	1688148337	453555107	4108	18	""	2023-06-30	14:05:37	25945.379	465.05692	2157.2871	39.2701	48.5482	25.9837	47.2239	0.0189919	12.1385	49.1806	-1110.25	0.737015	23.6077	 13
DATA	1688148338	453555107	4112	16	""	2023-06-30	14:05:38	25938.188	466.06696	2156.4871	39.2689	48.5641	25.9639	47.2215	0.0188939	12.1393	49.1966	-1273.5	0.734624	23.6077	247
DATA	1688148339	453555107	4116	16	""	2023-06-30	14:05:39	25937.838	466.88702	2156.2942	39.2693	48.58	25.9409	47.2183	0.0188202	12.1397	49.2117	-1259.75	0.731682	23.6077	180
DATA	1688148340	453555107	4120	16	""	2023-06-30	14:05:40	25933.154	466.65253	2155.1694	39.2693	48.5964	25.9158	47.2154	0.0187148	12.1392	49.2274	-1120.75	0.728739	23.6081	248
DATA	1688148341	453191995	4124	16	""	2023-06-30	14:05:41	25927.033	465.8472	2154.3384	39.2689	48.6123	25.8899	47.2123	0.0186273	12.1388	49.243	-1061	0.725797	23.6077	 17
DATA	1688148342	453191995	4128	16	""	2023-06-30	14:05:42	25922.459	467.23163	2153.5088	39.2693	48.6269	25.8706	47.2091	0.0185204	12.1388	49.2571	-1297.25	0.723038	23.6077	 10
DATA	1688148343	453191995	4132	16	""	2023-06-30	14:05:43	25917.928	468.86398	2152.7048	39.2689	48.6425	25.8472	47.2082	0.0184312	12.1401	49.2726	-1175.5	0.722486	23.6077	222
DATA	1688148344	453191995	4136	16	""	2023-06-30	14:05:44	25915.1	468.80988	2151.3975	39.2689	48.6584	25.825	47.2084	0.0183121	12.1395	49.2883	-1221.25	0.722486	23.6077	124
DATA	1688148345	453191995	4140	16	""	2023-06-30	14:05:45	25910.367	469.71353	2150.9048	39.2693	48.6741	25.804	47.2084	0.0182117	12.1402	49.3036	-1285	0.722486	23.6077	 42
DATA	1688148346	453191995	4144	16	""	2023-06-30	14:05:46	25909.318	469.35373	2149.7729	39.2693	48.69	25.7793	47.2084	0.0181033	12.14	49.32	-905.75	0.722486	23.6077	184
DATA	1688148347	453191995	4148	16	""	2023-06-30	14:05:47	25906.381	470.67532	2149.0044	39.2685	48.7058	25.7625	47.2084	0.0179878	12.1404	49.3357	-1120.5	0.722486	23.6077	220
DATA	1688148348	452810049	4152	16	""	2023-06-30	14:05:48	25901.473	470.55792	2147.8206	39.2676	48.7217	25.7464	47.2084	0.0178361	12.1409	49.3512	-1464.75	0.722486	23.6077	  4
DATA	1688148349	452810049	4156	16	""	2023-06-30	14:05:49	25895.615	470.64484	2147.0315	39.2685	48.7376	25.7197	47.2084	0.0177275	12.141	49.3665	-1297	0.722486	23.6077	 82
DATA	1688148350	452810049	4160	16	""	2023-06-30	14:05:50	25888.34	470.04651	2145.9917	39.2697	48.7525	25.6897	47.2084	0.0175742	12.141	49.3817	-1089	0.722486	23.6077	 15
DATA	1688148351	452810049	4164	16	""	2023-06-30	14:05:51	25881.346	471.57736	2144.8325	39.2681	48.768	25.6712	47.2084	0.0174567	12.1405	49.3963	-1100.75	0.722486	23.6077	201
DATA	1688148352	452810049	4168	16	""	2023-06-30	14:05:52	25874.232	471.15582	2143.4746	39.2693	48.7843	25.6527	47.2084	0.0173123	12.1411	49.4118	-1313	0.722486	23.6077	 83
DATA	1688148353	452810049	4172	16	""	2023-06-30	14:05:53	25866.977	471.57013	2142.4729	39.2689	48.7997	25.6301	47.2084	0.0171795	12.142	49.4273	-1187.25	0.722486	23.6073	218
DATA	1688148354	452810049	4176	16	""	2023-06-30	14:05:54	25861.799	471.88293	2140.8379	39.2681	48.8157	25.6017	47.2084	0.0170245	12.1417	49.443	-1133.75	0.722486	23.6077	213
DATA	1688148355	452810049	4180	16	""	2023-06-30	14:05:55	25851.602	471.71008	2139.8318	39.2693	48.8316	25.5758	47.2084	0.0168715	12.1413	49.4582	-931.5	0.722486	23.6077	153
DATA	1688148356	452442884	4184	16	""	2023-06-30	14:05:56	25844.924	471.41351	2138.5632	39.2689	48.8472	25.5569	47.2084	0.0166996	12.1416	49.4739	-1172.75	0.722486	23.6077	 38
DATA	1688148357	452442884	4188	16	""	2023-06-30	14:05:57	25837.18	471.50647	2136.9827	39.2693	48.863	25.5392	47.2084	0.0165491	12.1426	49.4896	-1361	0.722486	23.6073	 37
DATA	1688148358	452442884	4192	16	""	2023-06-30	14:05:58	25827.473	472.25967	2135.5654	39.2693	48.8789	25.5191	47.2084	0.0163652	12.1423	49.5057	-1145	0.722486	23.6077	135
DATA	1688148359	452442884	4196	16	""	2023-06-30	14:05:59	25819.465	470.58624	2133.9768	39.2685	48.8931	25.4957	47.2084	0.016197	12.1422	49.5204	-1233.75	0.722486	23.6077	242
DATA	1688148360	452442884	4200	16	""	2023-06-30	14:06:00	25809.693	472.17221	2132.3235	39.2693	48.909	25.4677	47.2084	0.0160198	12.1427	49.5359	-1050.25	0.722486	23.6077	185
DATA	1688148361	452442884	4204	16	""	2023-06-30	14:06:01	25800.908	472.19534	2130.9001	39.2693	48.925	25.4476	47.2084	0.015845	12.1427	49.5513	-1210	0.722486	23.6077	227
DATA	1688148362	452442884	4208	16	""	2023-06-30	14:06:02	25794.275	471.37799	2129.1824	39.2672	48.9406	25.4266	47.2084	0.0156646	12.1427	49.5668	-1264.25	0.722486	23.6077	 22
DATA	1688148363	452065944	4212	16	""	2023-06-30	14:06:03	25785.305	471.79868	2127.4084	39.2701	48.9569	25.404	47.2084	0.0154785	12.1427	49.5822	-1098.75	0.722486	23.6077	218
DATA	1688148364	452065944	4216	16	""	2023-06-30	14:06:04	25774.297	471.74805	2125.7568	39.2689	48.9731	25.3834	47.2084	0.0152716	12.1423	49.5976	-1158.5	0.722486	23.6077	230
DATA	1688148365	452065944	4220	16	""	2023-06-30	14:06:05	25766.141	471.29309	2124.2537	39.2693	48.9888	25.3608	47.2084	0.0151019	12.1434	49.6133	-1117.25	0.722486	23.6077	240
DATA	1688148366	452065944	4224	16	""	2023-06-30	14:06:06	25753.52	469.87476	2122.2104	39.2693	49.0045	25.3411	47.2084	0.0148774	12.1433	49.6287	-1058.5	0.722486	23.6073	141
DATA	1688148367	452065944	4228	16	""	2023-06-30	14:06:07	25742.604	469.84003	2120.3708	39.2689	49.0196	25.3259	47.2084	0.0146695	12.1435	49.6432	-1489	0.722486	23.6077	117
DATA	1688148368	452065944	4232	16	""	2023-06-30	14:06:08	25727.979	469.47134	2118.2251	39.2697	49.0346	25.3041	47.2084	0.0144562	12.144	49.658	-1202.5	0.722486	23.6077	 97
DATA	1688148369	452065944	4236	16	""	2023-06-30	14:06:09	25718.051	469.96143	2116.2278	39.2693	49.0503	25.2823	47.2084	0.0142357	12.1446	49.674	-1365.75	0.722486	23.6077	210
DATA	1688148370	452065944	4240	16	""	2023-06-30	14:06:10	25709.797	468.82751	2114.4375	39.2685	49.0661	25.2543	47.2084	0.0140346	12.1435	49.6899	-1123	0.722486	23.6073	 99
DATA	1688148371	451700925	4244	16	""	2023-06-30	14:06:11	25698.912	469.67999	2112.052	39.2701	49.0821	25.2297	47.2084	0.0138112	12.1448	49.7053	-1143	0.722486	23.6073	 31
DATA	1688148372	451700925	4248	16	""	2023-06-30	14:06:12	25686.572	468.96555	2110.0793	39.2676	49.0975	25.2079	47.2084	0.0135895	12.1438	49.7209	-1154.5	0.722486	23.6073	220
DATA	1688148373	451700925	4252	16	""	2023-06-30	14:06:13	25674.537	467.64307	2107.8215	39.2701	49.1135	25.191	47.2084	0.0133539	12.1454	49.7363	-1300.25	0.722486	23.6069	170
DATA	1688148374	451700925	4256	16	""	2023-06-30	14:06:14	25654.531	466.61646	2105.1201	39.2681	49.1293	25.1697	47.2084	0.0131118	12.1448	49.7519	-1396	0.722486	23.6073	 86
DATA	1688148375	451700925	4260	16	""	2023-06-30	14:06:15	25638.459	466.20816	2103.1655	39.2697	49.1457	25.1429	47.2084	0.0128759	12.1442	49.7673	-1125.25	0.722486	23.6077	  0
DATA	1688148376	451700925	4264	16	""	2023-06-30	14:06:16	25622.555	464.69083	2100.5154	39.2685	49.1599	25.1224	47.2084	0.012641	12.1451	49.7813	-1371.5	0.722486	23.6077	134
DATA	1688148377	451700925	4268	16	""	2023-06-30	14:06:17	25609.197	465.08054	2098.4438	39.2693	49.1758	25.0961	47.2084	0.0124673	12.145	49.7967	-1095.25	0.722486	23.6077	233
DATA	1688148378	451328039	4272	16	""	2023-06-30	14:06:18	25618.715	465.42474	2100.2922	39.2681	49.1914	25.0739	47.2084	0.0126152	12.1446	49.8121	-1123	0.722486	23.6077	 79
DATA	1688148379	451328039	4276	16	""	2023-06-30	14:06:19	25631.607	467.34854	2102.635	39.2685	49.2072	25.0504	47.2084	0.0127904	12.1449	49.8274	-1176.5	0.722486	23.6077	153
DATA	1688148380	451328039	4280	16	""	2023-06-30	14:06:20	25649.441	468.88586	2105.2937	39.2701	49.2229	25.0295	47.2084	0.0129912	12.1453	49.8428	-863	0.722486	23.6077	 59
DATA	1688148381	451328039	4284	16	""	2023-06-30	14:06:21	25665.43	469.09369	2108.1099	39.2709	49.2386	25.0122	47.2084	0.0132305	12.1457	49.8586	-1173	0.722486	23.6077	 50
DATA	1688148382	451328039	4288	16	""	2023-06-30	14:06:22	25677.105	469.96042	2109.938	39.2693	49.2541	24.9945	47.2084	0.0134503	12.1453	49.8746	-1589	0.722486	23.6077	 77
DATA	1688148383	451328039	4292	16	""	2023-06-30	14:06:23	25685.762	469.64023	2112.197	39.2705	49.2699	24.9723	47.2084	0.0135943	12.1462	49.89	-1258.25	0.722486	23.6077	116
DATA	1688148384	451328039	4296	16	""	2023-06-30	14:06:24	25699.719	471.31866	2114.6743	39.2697	49.2845	24.9481	47.2084	0.0138238	12.1464	49.9044	-1234.25	0.722486	23.6077	 24
DATA	1688148385	451328039	4300	16	""	2023-06-30	14:06:25	25710.436	471.7645	2117.0061	39.2681	49.2998	24.9213	47.2084	0.0140034	12.1467	49.9195	-1126	0.722486	23.6073	 27
DATA	1688148386	450957059	4304	16	""	2023-06-30	14:06:26	25724.328	472.03027	2118.5903	39.2701	49.3162	24.8975	47.2084	0.0141827	12.1467	49.9349	-1135	0.722486	23.6077	104
DATA	1688148387	450957059	4308	16	""	2023-06-30	14:06:27	25735.104	473.18576	2121.1382	39.2685	49.3324	24.8736	47.2084	0.0143945	12.1467	49.9504	-1068.5	0.722486	23.6069	218
DATA	1688148388	450957059	4312	16	""	2023-06-30	14:06:28	25749.703	474.48898	2122.8181	39.2693	49.348	24.8556	47.2084	0.0145453	12.1461	49.9655	-1124.5	0.722486	23.6077	184
DATA	1688148389	450957059	4316	16	""	2023-06-30	14:06:29	25759.98	474.94556	2125.0891	39.2697	49.3635	24.842	47.2084	0.014739	12.1464	49.9809	-1298.5	0.722486	23.6073	107
DATA	1688148390	450957059	4320	16	""	2023-06-30	14:06:30	25769.836	474.94635	2126.8181	39.2701	49.3795	24.8227	47.2084	0.0149015	12.147	49.9965	-1399.5	0.722486	23.6073	178
DATA	1688148391	450957059	4324	16	""	2023-06-30	14:06:31	25778.801	477.04178	2128.7136	39.2689	49.395	24.7943	47.2084	0.0150788	12.1481	50.0117	-1182.25	0.722486	23.6073	208
DATA	1688148392	450957059	4328	16	""	2023-06-30	14:06:32	25788.949	477.02737	2130.2954	39.2697	49.4106	24.7659	47.2086	0.0152211	12.1473	50.0273	-1008.5	0.722486	23.6073	204
DATA	1688148393	450596094	4332	16	""	2023-06-30	14:06:33	25799.488	477.31299	2132.0415	39.2693	49.4252	24.7441	47.2084	0.0153895	12.1479	50.0413	-1174.5	0.722486	23.6077	210
DATA	1688148394	450596094	4336	16	""	2023-06-30	14:06:34	25809.699	477.37415	2133.7148	39.2693	49.4405	24.7232	47.2084	0.0155536	12.1473	50.0573	-1172.75	0.722486	23.6077	  9
DATA	1688148395	450596094	4340	16	""	2023-06-30	14:06:35	25819.172	476.64722	2135.3594	39.2701	49.4562	24.7026	47.2084	0.0157045	12.1477	50.0726	-1095.75	0.722486	23.6077	252
DATA	1688148396	450596094	4344	16	""	2023-06-30	14:06:36	25826.986	477.70169	2137.1992	39.2689	49.4721	24.6817	47.2084	0.0158571	12.1481	50.0881	-1293.25	0.722486	23.6077	 34
DATA	1688148397	450596094	4348	16	""	2023-06-30	14:06:37	25834.797	479.10873	2138.8706	39.2701	49.4877	24.657	47.2084	0.0159916	12.1488	50.1034	-1251.5	0.722486	23.6077	185
DATA	1688148398	450596094	4352	16	""	2023-06-30	14:06:38	25842.486	477.67282	2140.3591	39.2693	49.5043	24.6282	47.2084	0.0161422	12.1477	50.1187	-1035.75	0.722486	23.6077	  5
DATA	1688148399	450596094	4356	16	""	2023-06-30	14:06:39	25842.332	478.60837	2141.1509	39.2685	49.5202	24.6093	47.2084	0.0162671	12.1493	50.1342	-1113	0.722486	23.6077	 94
DATA	1688148400	450596094	4360	16	""	2023-06-30	14:06:40	25848.137	478.22571	2142.8987	39.2689	49.5361	24.5941	47.2084	0.0163896	12.1495	50.1493	-1363.25	0.722486	23.6077	 14
DATA	1688148401	450206041	4364	16	""	2023-06-30	14:06:41	25854.176	479.37183	2144.2095	39.2689	49.5502	24.5719	47.2084	0.0165305	12.1482	50.1638	-1175	0.722486	23.6069	 85
DATA	1688148402	450206041	4368	16	""	2023-06-30	14:06:42	25861.662	479.35464	2145.4746	39.2689	49.5657	24.5493	47.2084	0.0166517	12.1491	50.1793	-1020.75	0.722486	23.6073	251
DATA	1688148403	450206041	4372	16	""	2023-06-30	14:06:43	25865.721	478.90497	2146.8943	39.2693	49.5818	24.5312	47.2084	0.0167539	12.1496	50.194	-1266.25	0.722486	23.6069	210
DATA	1688148404	450206041	4376	16	""	2023-06-30	14:06:44	25869.01	479.55246	2148.4272	39.2693	49.597	24.5119	47.2077	0.0168716	12.149	50.2097	-1469.75	0.721382	23.6069	108
DATA	1688148405	450206041	4380	16	""	2023-06-30	14:06:45	25874.814	479.33932	2149.3904	39.2697	49.613	24.4819	47.2069	0.0169801	12.1501	50.225	-1184.25	0.721015	23.6066	120
DATA	1688148406	450206041	4384	16	""	2023-06-30	14:06:46	25880.592	479.18518	2150.4375	39.2693	49.6285	24.4576	47.2069	0.0170891	12.1498	50.2409	-1011.5	0.721015	23.6069	191
DATA	1688148407	450206041	4388	16	""	2023-06-30	14:06:47	25886.193	479.035	2151.7258	39.2693	49.6441	24.437	47.2069	0.0172099	12.1502	50.2563	-1012	0.721015	23.6073	173
DATA	1688148408	449835062	4392	16	""	2023-06-30	14:06:48	25889.789	479.58398	2152.8337	39.2681	49.6598	24.4165	47.2069	0.0173123	12.1507	50.2716	-1194	0.721015	23.6073	133
DATA	1688148409	449835062	4396	16	""	2023-06-30	14:06:49	25895.873	479.72394	2153.8408	39.2701	49.6756	24.391	47.2069	0.0173838	12.1503	50.2867	-1195.5	0.721015	23.6073	176
DATA	1688148410	449835062	4400	16	""	2023-06-30	14:06:50	25899.4	478.5816	2154.832	39.2693	49.6905	24.3692	47.2069	0.0174915	12.1505	50.3012	-1090.5	0.721015	23.6077	229
DATA	1688148411	449835062	4404	16	""	2023-06-30	14:06:51	25898.896	480.00262	2156.019	39.2681	49.706	24.3515	47.2069	0.0175698	12.1495	50.3164	-1266.75	0.721015	23.6077	144
DATA	1688148412	449835062	4408	16	""	2023-06-30	14:06:52	25904.182	478.41641	2156.6333	39.2689	49.7218	24.3314	47.2069	0.0176559	12.1506	50.3313	-1335.75	0.721015	23.6077	233
DATA	1688148413	449835062	4412	16	""	2023-06-30	14:06:53	25904.65	478.68341	2157.9336	39.2685	49.7374	24.3055	47.2069	0.0177321	12.1514	50.3469	-1237	0.721015	23.6077	 42
DATA	1688148414	449835062	4416	16	""	2023-06-30	14:06:54	25903.295	477.9859	2158.321	39.2685	49.753	24.2821	47.2069	0.0178115	12.1511	50.3622	-1191	0.721015	23.6077	189
DATA	1688148415	449835062	4420	16	""	2023-06-30	14:06:55	25891.789	478.27676	2159.3906	39.2685	49.7687	24.2603	47.2069	0.0178759	12.1514	50.3776	-1183.75	0.721015	23.6077	 36
DATA	1688148416	449470043	4424	80	""	2023-06-30	14:06:56	25889.486	476.97519	2160.1074	39.2701	49.7842	24.2409	47.2069	0.0179456	12.1519	50.3928	-1341	0.721015	23.6077	108
DATA	1688148417	449470043	4428	80	""	2023-06-30	14:06:57	25884.941	477.53644	2160.6006	39.2701	49.7998	24.2187	47.2069	0.0179278	12.1512	50.408	-1383.5	0.721015	23.6077	154
DATA	1688148418	449470043	4432	80	""	2023-06-30	14:06:58	25884.35	476.6633	2160.53	39.2693	49.8143	24.2002	47.2069	0.0178978	12.1518	50.4226	-1223	0.721015	23.6069	136
DATA	1688148419	449470043	4436	80	""	2023-06-30	14:06:59	25881.451	476.88068	2160.4692	39.2693	49.8297	24.1793	47.2069	0.0178657	12.1519	50.4383	-1359.5	0.721015	23.6073	231
DATA	1688148420	449470043	4440	80	""	2023-06-30	14:07:00	25886.314	478.43582	2160.6389	39.2689	49.8455	24.1579	47.2069	0.0178884	12.1521	50.4533	-1439.25	0.721015	23.6069	  0
DATA	1688148421	449470043	4444	80	""	2023-06-30	14:07:01	25886.498	477.82339	2160.6917	39.2689	49.8613	24.1336	47.2069	0.0178995	12.1519	50.4687	-1455.25	0.721015	23.6069	 23
DATA	1688148422	449470043	4448	80	""	2023-06-30	14:07:02	25882.438	478.38901	2160.7212	39.2693	49.8776	24.1106	47.2069	0.0179468	12.1523	50.4839	-1433.5	0.721015	23.6069	197
DATA	1688148423	449088096	4452	80	""	2023-06-30	14:07:03	25879.92	478.01566	2160.6704	39.2676	49.8931	24.0901	47.2069	0.0180032	12.1518	50.4993	-1343.25	0.721015	23.6069	193
DATA	1688148424	449088096	4456	80	""	2023-06-30	14:07:04	25869.223	477.56186	2160.7522	39.2705	49.9085	24.0695	47.2069	0.018078	12.1524	50.5145	-1268	0.721015	23.6069	 58
DATA	1688148425	449088096	4460	80	""	2023-06-30	14:07:05	25865.828	477.27411	2160.2776	39.2689	49.9245	24.0457	47.2069	0.0181798	12.1525	50.5297	-1470.75	0.721015	23.6069	 22
DATA	1688148426	449088096	4464	80	""	2023-06-30	14:07:06	25862.369	476.93369	2160.6575	39.2701	49.939	24.0243	47.2069	0.0183001	12.1532	50.5442	-1111.75	0.721015	23.6073	183
DATA	1688148427	449088096	4468	80	""	2023-06-30	14:07:07	25854.697	475.54709	2160.1702	39.2697	49.9541	24.005	47.2069	0.0184432	12.1533	50.5589	-1427.75	0.721015	23.6077	219
DATA	1688148428	449088096	4472	80	""	2023-06-30	14:07:08	25837.076	474.73969	2159.8159	39.2693	49.9698	23.9819	47.2069	0.0185831	12.1532	50.5743	-1455.25	0.721015	23.6073	 46
DATA	1688148429	449088096	4476	80	""	2023-06-30	14:07:09	25830.854	474.59732	2159.5391	39.2689	49.9852	23.9573	47.2069	0.0187395	12.1532	50.5895	-1512.5	0.721015	23.6077	249
DATA	1688148430	449088096	4480	80	""	2023-06-30	14:07:10	25813.887	474.94199	2159.155	39.2701	50.0009	23.933	47.2069	0.018943	12.1526	50.6053	-1288.5	0.721015	23.6069	 36
DATA	1688148431	448725938	4484	80	""	2023-06-30	14:07:11	25798.889	474.3783	2158.6421	39.2676	50.0165	23.9116	47.2069	0.019148	12.1539	50.6209	-1408.5	0.721015	23.6073	106
DATA	1688148432	448725938	4488	80	""	2023-06-30	14:07:12	25794.387	473.76312	2158.46	39.2685	50.032	23.8878	47.2069	0.0192929	12.1543	50.6359	-1449.5	0.721015	23.6077	 73
DATA	1688148433	448725938	4492	80	""	2023-06-30	14:07:13	25782.322	473.66296	2157.7827	39.2701	50.048	23.8656	47.2069	0.0195794	12.1541	50.6513	-1290.5	0.721015	23.6077	152
DATA	1688148434	448725938	4496	80	""	2023-06-30	14:07:14	25773.139	472.99603	2157.605	39.2701	50.064	23.8446	47.2069	0.0198563	12.1537	50.6666	-1291.25	0.721015	23.6069	158
DATA	1688148435	448725938	4500	80	""	2023-06-30	14:07:15	25763.094	472.70337	2157.0095	39.2689	50.078	23.8245	47.2069	0.0200631	12.1544	50.6804	-1424.25	0.721015	23.6069	176
DATA	1688148436	448725938	4504	80	""	2023-06-30	14:07:16	25746.256	473.10257	2156.3438	39.2701	50.0939	23.8015	47.2069	0.0203615	12.1543	50.6956	-1278.5	0.721015	23.6069	185
DATA	1688148437	448725938	4508	80	""	2023-06-30	14:07:17	25731.268	472.32178	2155.7021	39.2689	50.1094	23.7797	47.2069	0.0206348	12.1542	50.711	-1334.75	0.721015	23.6069	196
DATA	1688148438	448343992	4512	80	""	2023-06-30	14:07:18	25722.822	471.53934	2154.9585	39.2689	50.1248	23.7583	47.2069	0.0209257	12.1538	50.7259	-1425.75	0.721015	23.6066	  8
DATA	1688148439	448343992	4516	80	""	2023-06-30	14:07:19	25719.439	471.20697	2154.3062	39.2685	50.1403	23.7344	47.2069	0.0212404	12.1544	50.7414	-1431	0.721015	23.6069	 72
DATA	1688148440	448343992	4520	80	""	2023-06-30	14:07:20	25705.908	470.67786	2153.5518	39.2689	50.1562	23.711	47.2069	0.0215444	12.155	50.7566	-1343.25	0.721015	23.6069	131
DATA	1688148441	448343992	4524	80	""	2023-06-30	14:07:21	25697.48	469.82895	2152.8279	39.2693	50.1713	23.6909	47.2069	0.0218951	12.1557	50.7715	-1232.25	0.721015	23.6066	213
DATA	1688148442	448343992	4528	80	""	2023-06-30	14:07:22	25686.656	468.6507	2152.2	39.2681	50.1868	23.6695	47.2069	0.0221871	12.1553	50.7873	-1481.25	0.721015	23.6073	 49
DATA	1688148443	448343992	4532	80	""	2023-06-30	14:07:23	25671.621	469.15854	2151.3037	39.2693	50.2021	23.6461	47.2069	0.0226003	12.1553	50.8024	-1411.5	0.721015	23.6062	138
DATA	1688148444	448343992	4536	80	""	2023-06-30	14:07:24	25656.992	468.05148	2150.2114	39.2685	50.2168	23.6239	47.2069	0.0229439	12.1552	50.817	-1437	0.721015	23.6066	 44
DATA	1688148445	448343992	4540	80	""	2023-06-30	14:07:25	25639.148	468.14047	2149.1851	39.2701	50.2328	23.6	47.2069	0.0233166	12.1552	50.8322	-1346.5	0.721015	23.6066	 14
DATA	1688148446	447978019	4544	80	""	2023-06-30	14:07:26	25625.301	467.32825	2148.301	39.2689	50.2489	23.579	47.2069	0.0236974	12.1556	50.8473	-1383.5	0.721015	23.6069	111
DATA	1688148447	447978019	4548	80	""	2023-06-30	14:07:27	25605.32	466.00827	2147.053	39.2685	50.264	23.5573	47.2069	0.0240464	12.1553	50.8626	-1258	0.721015	23.6066	192
DATA	1688148448	447978019	4552	80	""	2023-06-30	14:07:28	25586.895	465.58298	2146.1265	39.2693	50.2795	23.5359	47.2069	0.0244736	12.1559	50.8777	-1326.75	0.721015	23.6066	 46
DATA	1688148449	447978019	4556	80	""	2023-06-30	14:07:29	25570.729	463.69611	2145.1802	39.2697	50.2954	23.5133	47.2069	0.0248538	12.1552	50.893	-1403.25	0.721015	23.6066	204
DATA	1688148450	447978019	4560	80	""	2023-06-30	14:07:30	25555.035	463.30429	2143.7842	39.2689	50.3106	23.4911	47.2069	0.0252672	12.156	50.9079	-1421.5	0.721015	23.6066	121
DATA	1688148451	447978019	4564	80	""	2023-06-30	14:07:31	25537.707	463.00104	2142.6348	39.2693	50.3265	23.4689	47.2069	0.0256696	12.1553	50.9234	-1304	0.721015	23.6069	 89
DATA	1688148452	447978019	4568	80	""	2023-06-30	14:07:32	25519.953	462.84137	2141.4065	39.2685	50.3406	23.4495	47.2069	0.0261085	12.1564	50.937	-1325	0.721015	23.6066	 44
DATA	1688148453	447598934	4572	80	""	2023-06-30	14:07:33	25504.928	461.76883	2140.3069	39.2676	50.3557	23.4249	47.2069	0.0264956	12.1561	50.9523	-1453	0.721015	23.6062	108
DATA	1688148454	447598934	4576	80	""	2023-06-30	14:07:34	25486.113	460.1167	2138.8374	39.2697	50.3716	23.4027	47.2069	0.0269927	12.1562	50.9676	-1330.25	0.721015	23.6062	204
DATA	1688148455	447598934	4580	80	""	2023-06-30	14:07:35	25468.037	459.1192	2137.7212	39.2689	50.3872	23.3813	47.2069	0.0273996	12.1564	50.9835	-1391	0.721015	23.6066	 69
DATA	1688148456	447598934	4584	80	""	2023-06-30	14:07:36	25447.287	458.03305	2135.9187	39.2693	50.4024	23.3591	47.2069	0.0278546	12.1567	50.9986	-1337.75	0.721015	23.6066	 27
DATA	1688148457	447598934	4588	80	""	2023-06-30	14:07:37	25432.736	458.17398	2134.4697	39.2693	50.4183	23.3369	47.2069	0.028308	12.1561	51.0139	-1424.5	0.721015	23.6062	163
DATA	1688148458	447598934	4592	80	""	2023-06-30	14:07:38	25423.814	458.71609	2133.1206	39.2693	50.4345	23.3122	47.2069	0.0287643	12.1565	51.0289	-1441.75	0.721015	23.6066	246
DATA	1688148459	447598934	4596	80	""	2023-06-30	14:07:39	25408.01	457.5329	2131.5608	39.2685	50.4495	23.2904	47.2069	0.0292321	12.1573	51.0442	-1454.75	0.721015	23.6066	147
DATA	1688148460	447598934	4600	80	""	2023-06-30	14:07:40	25390.807	456.04187	2129.9729	39.2697	50.4646	23.2686	47.2069	0.0296975	12.1565	51.0586	-1379.5	0.721015	23.6062	226
DATA	1688148461	447233915	4604	80	""	2023-06-30	14:07:41	25367.805	456.0311	2128.5403	39.2681	50.4796	23.2469	47.2069	0.0301756	12.157	51.0732	-1282.25	0.721015	23.6062	106
DATA	1688148462	447233915	4608	80	""	2023-06-30	14:07:42	25343.906	453.33435	2126.8086	39.2693	50.4946	23.2263	47.2069	0.030663	12.158	51.0884	-1260.25	0.721015	23.6062	119
DATA	1688148463	447233915	4612	80	""	2023-06-30	14:07:43	25319.971	453.63589	2125.2446	39.2685	50.5104	23.207	47.2069	0.0310987	12.1574	51.1033	-1544.75	0.721015	23.6062	169
DATA	1688148464	447233915	4616	80	""	2023-06-30	14:07:44	25298.635	452.15912	2123.5691	39.2693	50.5261	23.1835	47.2069	0.0316172	12.1573	51.1185	-1377	0.721015	23.6066	 79
DATA	1688148465	447233915	4620	80	""	2023-06-30	14:07:45	25274.824	451.32877	2121.7485	39.2693	50.5411	23.1609	47.2069	0.0320983	12.1573	51.1336	-1488.25	0.721015	23.6062	226
DATA	1688148466	447233915	4624	80	""	2023-06-30	14:07:46	25250.391	450.37759	2119.9185	39.2685	50.5571	23.1383	47.2069	0.0325536	12.1574	51.1488	-1414.5	0.721015	23.6062	188
DATA	1688148467	447233915	4628	80	""	2023-06-30	14:07:47	25223.469	448.51672	2118.0308	39.2701	50.5725	23.1116	47.2069	0.0330771	12.1577	51.1645	-1403	0.721015	23.6062	 62
DATA	1688148468	446867942	4632	80	""	2023-06-30	14:07:48	25195.535	447.52698	2116.2021	39.2685	50.5872	23.0865	47.2069	0.0335494	12.1579	51.1797	-1264.75	0.721015	23.6062	 17
DATA	1688148469	446867942	4636	80	""	2023-06-30	14:07:49	25167.242	447.18414	2114.3076	39.2689	50.6022	23.0697	47.2069	0.0340613	12.1585	51.1936	-1259.75	0.721015	23.6066	254
DATA	1688148470	446867942	4640	80	""	2023-06-30	14:07:50	25144.691	445.18011	2112.3584	39.2693	50.6183	23.0446	47.2069	0.0345585	12.1577	51.2089	-1428.75	0.721015	23.6069	239
DATA	1688148471	446867942	4644	80	""	2023-06-30	14:07:51	25116.947	443.37247	2110.2273	39.2689	50.6334	23.0228	47.2069	0.0350682	12.1575	51.2241	-1488	0.721015	23.6062	 78
DATA	1688148472	446867942	4648	80	""	2023-06-30	14:07:52	25091.449	442.70853	2108.033	39.2689	50.649	22.999	47.2069	0.0355665	12.1575	51.2389	-1424	0.721015	23.6062	219
DATA	1688148473	446867942	4652	80	""	2023-06-30	14:07:53	25060.467	440.73071	2106.1594	39.2685	50.6646	22.9792	47.2069	0.0361224	12.1582	51.2543	-1397.5	0.721015	23.6062	189
DATA	1688148474	446867942	4656	80	""	2023-06-30	14:07:54	25032.645	438.20285	2104.1448	39.2685	50.6798	22.9562	47.2069	0.0365898	12.1579	51.2695	-1446.25	0.721015	23.6066	 25
DATA	1688148475	446867942	4660	80	""	2023-06-30	14:07:55	25001.707	438.21463	2101.8108	39.2685	50.6954	22.9344	47.2069	0.0371268	12.1592	51.2843	-1394.5	0.721015	23.6066	191
DATA	1688148476	446490049	4664	80	""	2023-06-30	14:07:56	24969.141	436.9075	2099.531	39.2685	50.711	22.9114	47.2069	0.0376273	12.1588	51.2995	-1396.75	0.721015	23.6062	115
DATA	1688148477	446490049	4668	80	""	2023-06-30	14:07:57	24938.395	435.09833	2097.571	39.2689	50.7256	22.8892	47.2069	0.0381675	12.1584	51.3139	-1516.25	0.721015	23.6062	232
DATA	1688148478	446490049	4672	80	""	2023-06-30	14:07:58	24908.17	434.48245	2095.4653	39.2685	50.7406	22.8666	47.2069	0.0386224	12.1591	51.3282	-1364.75	0.721015	23.6062	209
DATA	1688148479	446490049	4676	80	""	2023-06-30	14:07:59	24869.59	431.81177	2092.9692	39.2685	50.7561	22.8436	47.2069	0.0392137	12.1585	51.3438	-1373	0.721015	23.6062	 79
DATA	1688148480	446490049	4680	80	""	2023-06-30	14:08:00	24830.334	430.34753	2090.6255	39.2685	50.7715	22.8226	47.2069	0.0396555	12.1594	51.3593	-1432	0.721015	23.6062	 76
DATA	1688148481	446490049	4684	80	""	2023-06-30	14:08:01	24786.992	429.28607	2087.8525	39.2693	50.7873	22.8	47.2069	0.0402839	12.1594	51.3744	-1377.25	0.721015	23.6062	117
DATA	1688148482	446490049	4688	80	""	2023-06-30	14:08:02	24767.963	429.04004	2085.8589	39.2681	50.8033	22.7778	47.2069	0.040731	12.1594	51.3899	-1477.5	0.721015	23.6062	167
DATA	1688148483	446127891	4692	80	""	2023-06-30	14:08:03	24744.699	427.33057	2083.064	39.2705	50.8184	22.7527	47.2069	0.0412989	12.1592	51.4046	-1391.75	0.721015	23.6062	200
DATA	1688148484	446127891	4696	80	""	2023-06-30	14:08:04	24711.557	425.63553	2080.3062	39.2697	50.834	22.7334	47.2069	0.041938	12.1591	51.4196	-1217.5	0.721015	23.6062	 84
DATA	1688148485	446127891	4700	80	""	2023-06-30	14:08:05	24688.885	425.52225	2078.9736	39.2672	50.849	22.7149	47.2069	0.042277	12.159	51.4345	-1642.25	0.721015	23.6062	103
DATA	1688148486	446127891	4704	80	""	2023-06-30	14:08:06	24653.215	423.54401	2075.7537	39.2701	50.8635	22.6902	47.2069	0.0429421	12.1593	51.4486	-1264.25	0.721015	23.6062	221
DATA	1688148487	446127891	4708	80	""	2023-06-30	14:08:07	24620.318	422.22198	2072.7791	39.2701	50.879	22.6676	47.2069	0.0435811	12.1602	51.4639	-1286.5	0.721015	23.6062	138
DATA	1688148488	446127891	4712	80	""	2023-06-30	14:08:08	24596.084	422.01932	2070.7815	39.2689	50.8943	22.6446	47.2069	0.04404	12.1593	51.4789	-1490.5	0.721015	23.6062	 99
DATA	1688148489	446127891	4716	80	""	2023-06-30	14:08:09	24566.484	420.07663	2067.7007	39.2681	50.9097	22.6191	47.2069	0.044607	12.1599	51.4938	-1459	0.721015	23.6062	 65
DATA	1688148490	446127891	4720	80	""	2023-06-30	14:08:10	24536.988	418.95367	2065.2375	39.2689	50.9254	22.5957	47.2069	0.0450938	12.1601	51.509	-1392.5	0.721015	23.6062	155
DATA	1688148491	445744037	4724	80	""	2023-06-30	14:08:11	24500.93	417.68234	2062.1472	39.2701	50.9409	22.573	47.2069	0.0457474	12.1593	51.5239	-1349.25	0.721015	23.6062	118
DATA	1688148492	445744037	4728	80	""	2023-06-30	14:08:12	24471.965	416.10443	2060.1995	39.2676	50.9562	22.5508	47.2069	0.0461902	12.1605	51.5395	-1530.25	0.721015	23.6062	225
DATA	1688148493	445744037	4732	80	""	2023-06-30	14:08:13	24432.703	415.07986	2057.0525	39.2701	50.9718	22.5274	47.2069	0.0467993	12.1599	51.5551	-1199.75	0.721015	23.6062	250
DATA	1688148494	445744037	4736	80	""	2023-06-30	14:08:14	24392.826	412.91629	2053.8855	39.2697	50.9871	22.506	47.2069	0.0474244	12.1606	51.5693	-1318	0.721015	23.6062	 52
DATA	1688148495	445744037	4740	80	""	2023-06-30	14:08:15	24359.689	411.24643	2051.3647	39.2685	51.0019	22.4851	47.2069	0.0478998	12.1603	51.584	-1459	0.721015	23.6062	 49
DATA	1688148496	445744037	4744	80	""	2023-06-30	14:08:16	24321.994	410.20303	2048.3408	39.2685	51.0176	22.4612	47.2069	0.0485074	12.1599	51.5988	-1461.25	0.721015	23.6062	231
DATA	1688148497	445744037	4748	80	""	2023-06-30	14:08:17	24287.752	408.73547	2045.8335	39.2693	51.0327	22.437	47.2069	0.0489712	12.16	51.6137	-1353	0.721015	23.6062	200
DATA	1688148498	445365905	4752	80	""	2023-06-30	14:08:18	24244.812	407.4194	2042.4178	39.2701	51.048	22.416	47.2069	0.0496505	12.1605	51.629	-1360.5	0.721015	23.6062	218
DATA	1688148499	445365905	4756	112	""	2023-06-30	14:08:19	24208.316	406.71643	2039.7606	39.2693	51.0635	22.393	47.2069	0.0501606	12.1604	51.6439	-1457.75	0.721015	23.6062	233
DATA	1688148500	445365905	4760	112	""	2023-06-30	14:08:20	24168.674	404.33984	2036.691	39.2697	51.0791	22.3716	47.2069	0.0507577	12.1611	51.6586	-1339	0.721015	23.6062	 81
DATA	1688148501	445365905	4764	112	""	2023-06-30	14:08:21	24133.123	402.54514	2033.7307	39.2685	51.094	22.349	47.2069	0.0512519	12.1608	51.6741	-1529.5	0.721015	23.6062	 91
DATA	1688148502	445365905	4768	112	""	2023-06-30	14:08:22	24091.965	401.74146	2030.5175	39.2697	51.1092	22.3264	47.2069	0.0518785	12.1611	51.6882	-1422	0.721015	23.6066	119
DATA	1688148503	445365905	4772	112	""	2023-06-30	14:08:23	24050.871	400.97922	2027.4906	39.2701	51.1236	22.3029	47.2069	0.0524271	12.1609	51.7028	-1352.5	0.721015	23.6062	189
DATA	1688148504	445365905	4776	112	""	2023-06-30	14:08:24	24013.984	398.80243	2024.277	39.2689	51.1391	22.2807	47.2069	0.0529799	12.1612	51.7179	-1505.5	0.721015	23.6066	194
DATA	1688148505	445365905	4780	112	""	2023-06-30	14:08:25	23979.285	397.76453	2021.5405	39.2689	51.1546	22.2552	47.2069	0.0535027	12.1612	51.7332	-1489.5	0.721015	23.6062	233
DATA	1688148506	444999933	4784	112	""	2023-06-30	14:08:26	23931.375	395.36826	2017.6122	39.2705	51.1707	22.233	47.2069	0.054186	12.1612	51.7485	-1384	0.721015	23.6062	 32
DATA	1688148507	444999933	4788	112	""	2023-06-30	14:08:27	23896.461	394.14862	2015.1871	39.2672	51.1861	22.2104	47.2069	0.0546275	12.1617	51.7634	-1523.75	0.721015	23.6058	 46
DATA	1688148508	444999933	4792	112	""	2023-06-30	14:08:28	23849.479	393.17166	2011.5494	39.2689	51.2014	22.1849	47.2069	0.0552624	12.1617	51.7781	-1351.75	0.721015	23.6062	 56
DATA	1688148509	444999933	4796	112	""	2023-06-30	14:08:29	23802.447	390.65884	2007.8376	39.2697	51.2168	22.1652	47.2069	0.0559205	12.162	51.7936	-1357.5	0.721015	23.6062	218
DATA	1688148510	444999933	4800	112	""	2023-06-30	14:08:30	23766.863	390.93329	2005.2441	39.2676	51.2321	22.141	47.2069	0.0563551	12.1625	51.8082	-1452.25	0.721015	23.6062	202
DATA	1688148511	444999933	4804	112	""	2023-06-30	14:08:31	23717.793	387.43967	2001.5966	39.2709	51.2464	22.1188	47.2069	0.0570253	12.1622	51.822	-1330	0.721015	23.6062	 77
DATA	1688148512	444999933	4808	112	""	2023-06-30	14:08:32	23678.506	386.86475	1998.2435	39.2693	51.2614	22.0974	47.2069	0.057556	12.1626	51.8371	-1479.75	0.721015	23.6062	 23
DATA	1688148513	444633960	4812	112	""	2023-06-30	14:08:33	23631.578	384.64456	1994.9962	39.2693	51.277	22.0727	47.2069	0.05817	12.1619	51.8519	-1248	0.721015	23.6062	  2
DATA	1688148514	444633960	4816	112	""	2023-06-30	14:08:34	23587.309	384.03699	1991.4806	39.2685	51.2923	22.0517	47.2069	0.0587069	12.1618	51.867	-1418.5	0.721015	23.6062	204
DATA	1688148515	444633960	4820	112	""	2023-06-30	14:08:35	23542.953	383.0806	1987.9202	39.2693	51.3075	22.0304	47.2069	0.059288	12.1624	51.8822	-1440	0.721015	23.6062	 16
DATA	1688148516	444633960	4824	112	""	2023-06-30	14:08:36	23499.178	381.733	1984.8584	39.2689	51.3231	22.0082	47.2069	0.0598743	12.1623	51.8968	-1415.5	0.721015	23.6062	155
DATA	1688148517	444633960	4828	112	""	2023-06-30	14:08:37	23456.604	379.60529	1981.1707	39.2697	51.3383	21.9831	47.2069	0.0604302	12.1623	51.9121	-1341.75	0.721015	23.6062	 22
DATA	1688148518	444633960	4832	112	""	2023-06-30	14:08:38	23407.877	378.75259	1977.6769	39.2685	51.354	21.9597	47.2069	0.0610221	12.1627	51.9276	-1508.75	0.721015	23.6058	 25
DATA	1688148519	444633960	4836	112	""	2023-06-30	14:08:39	23366.404	376.62967	1973.9938	39.2693	51.3694	21.9387	47.2069	0.0616173	12.1626	51.942	-1246	0.721015	23.6062	122
DATA	1688148520	444633960	4840	112	""	2023-06-30	14:08:40	23324.934	374.72647	1970.6461	39.2676	51.3837	21.9165	47.2069	0.0621631	12.1635	51.9566	-1544.25	0.721015	23.6062	 24
DATA	1688148521	444250106	4844	112	""	2023-06-30	14:08:41	23278.457	373.62521	1966.8696	39.2689	51.3991	21.8943	47.2069	0.0627642	12.1629	51.9714	-1274.25	0.721015	23.6062	 45
DATA	1688148522	444250106	4848	112	""	2023-06-30	14:08:42	23230.518	372.9841	1963.4142	39.2689	51.4147	21.8709	47.2069	0.0633917	12.1631	51.9864	-1407.25	0.721015	23.6062	222
DATA	1688148523	444250106	4852	112	""	2023-06-30	14:08:43	23188.225	370.72787	1960.0153	39.2693	51.4297	21.8458	47.2069	0.0638996	12.1633	52.0013	-1290.5	0.721015	23.6058	225
DATA	1688148524	444250106	4856	112	""	2023-06-30	14:08:44	23137.807	369.90176	1955.6733	39.2709	51.4451	21.8248	47.2069	0.064594	12.1625	52.0161	-1451.75	0.721015	23.6058	230
DATA	1688148525	444250106	4860	112	""	2023-06-30	14:08:45	23089.461	367.08554	1952.0063	39.2693	51.4606	21.801	47.2069	0.065127	12.1628	52.0313	-1486.5	0.721015	23.6062	 99
DATA	1688148526	444250106	4864	112	""	2023-06-30	14:08:46	23037.357	365.9382	1948.4111	39.2681	51.4756	21.7755	47.2069	0.0656953	12.1627	52.0461	-1438	0.721015	23.6058	 88
DATA	1688148527	444250106	4868	112	""	2023-06-30	14:08:47	22988.48	365.12943	1944.6807	39.2693	51.491	21.752	47.2069	0.0662652	12.1636	52.0611	-1429.25	0.721015	23.6058	140
DATA	1688148528	443876981	4872	112	""	2023-06-30	14:08:48	22946.219	364.73175	1941.2142	39.2681	51.5051	21.7315	47.2069	0.0668387	12.163	52.0748	-1401.75	0.721015	23.6062	241
DATA	1688148529	443876981	4876	112	""	2023-06-30	14:08:49	22898.182	361.34036	1937.3075	39.2693	51.5202	21.7068	47.2069	0.0674548	12.1634	52.0896	-1380.25	0.721015	23.6062	 56
DATA	1688148530	443876981	4880	112	""	2023-06-30	14:08:50	22849.822	362.26776	1933.4868	39.2689	51.536	21.6834	47.2069	0.0680015	12.1631	52.1052	-1417.75	0.721015	23.6062	244
DATA	1688148531	443876981	4884	112	""	2023-06-30	14:08:51	22799.602	359.59644	1929.6653	39.2697	51.552	21.6604	47.2069	0.0686257	12.1639	52.1203	-1341	0.721015	23.6062	109
DATA	1688148532	443876981	4888	112	""	2023-06-30	14:08:52	22752.059	358.77618	1926.1588	39.2685	51.567	21.6382	47.2069	0.0692071	12.1637	52.1352	-1400.25	0.721015	23.6062	254
DATA	1688148533	443876981	4892	112	""	2023-06-30	14:08:53	22702.58	357.11551	1921.6616	39.2689	51.5827	21.6164	47.2069	0.0698173	12.164	52.1502	-1444.5	0.721015	23.6062	136
DATA	1688148534	443876981	4896	112	""	2023-06-30	14:08:54	22657.158	356.09631	1918.3416	39.2685	51.5977	21.5917	47.2069	0.0703258	12.1635	52.1652	-1447.25	0.721015	23.6062	 59
DATA	1688148535	443876981	4900	112	""	2023-06-30	14:08:55	22602.668	354.2662	1913.5077	39.2693	51.613	21.5707	47.2069	0.0710071	12.1642	52.18	-1321	0.721015	23.6062	162
DATA	1688148536	443511009	4904	112	""	2023-06-30	14:08:56	22554.512	353.84766	1909.9858	39.2689	51.6279	21.5469	47.2069	0.0715519	12.164	52.1945	-1475.25	0.721015	23.6062	  4
DATA	1688148537	443511009	4908	112	""	2023-06-30	14:08:57	22502.078	352.83493	1905.8571	39.2685	51.6422	21.5235	47.2069	0.0721438	12.165	52.2084	-1400.25	0.721015	23.6062	206
DATA	1688148538	443511009	4912	112	""	2023-06-30	14:08:58	22452.654	351.64282	1902.2506	39.2697	51.6575	21.5008	47.2069	0.0727176	12.1643	52.2234	-1341.5	0.721015	23.6058	211
DATA	1688148539	443511009	4916	112	""	2023-06-30	14:08:59	22399.568	350.65848	1897.8887	39.2681	51.6732	21.4799	47.2069	0.0733151	12.1645	52.2385	-1486.75	0.721015	23.6062	 77
DATA	1688148540	443511009	4920	112	""	2023-06-30	14:09:00	22352.137	349.69495	1893.9762	39.2685	51.6881	21.4556	47.2069	0.073868	12.1647	52.2531	-1532.5	0.721015	23.6062	183
DATA	1688148541	443511009	4924	112	""	2023-06-30	14:09:01	22299.92	347.4957	1889.8019	39.2689	51.7035	21.431	47.2069	0.0744416	12.1655	52.2682	-1419	0.721015	23.6058	242
DATA	1688148542	443511009	4928	112	""	2023-06-30	14:09:02	22242.881	345.83084	1885.743	39.2685	51.7188	21.4088	47.2069	0.0750886	12.1648	52.283	-1305.5	0.721015	23.6054	133
DATA	1688148543	443131923	4932	112	""	2023-06-30	14:09:03	22194.197	345.71109	1881.647	39.2693	51.7345	21.3845	47.2069	0.0756426	12.1651	52.2986	-1355	0.721015	23.6058	 87
DATA	1688148544	443131923	4936	112	""	2023-06-30	14:09:04	22146.662	342.99088	1877.1696	39.2689	51.7499	21.3635	47.2069	0.0762749	12.1652	52.3137	-1366.5	0.721015	23.6058	 10
DATA	1688148545	443131923	4940	112	""	2023-06-30	14:09:05	22108.32	342.13272	1873.6946	39.2693	51.7641	21.3413	47.2069	0.0767851	12.165	52.327	-1442.25	0.721015	23.6062	101
DATA	1688148546	443131923	4944	112	""	2023-06-30	14:09:06	22063.449	341.58514	1869.4507	39.2693	51.7791	21.3179	47.2069	0.0773931	12.1644	52.3423	-1502	0.721015	23.6062	128
DATA	1688148547	443131923	4948	112	""	2023-06-30	14:09:07	22021.66	340.37106	1865.3243	39.2685	51.7945	21.2941	47.2069	0.0779594	12.1653	52.3573	-1343.75	0.721015	23.6062	232
DATA	1688148548	443131923	4952	112	""	2023-06-30	14:09:08	21980.607	338.4342	1861.0861	39.2689	51.8098	21.2723	47.2069	0.0785285	12.1654	52.3718	-1304.5	0.721015	23.6062	185
DATA	1688148549	443131923	4956	112	""	2023-06-30	14:09:09	21942.455	338.4537	1857.3508	39.2681	51.8248	21.2505	47.2069	0.0791072	12.1647	52.3871	-1448.25	0.721015	23.6062	241
DATA	1688148550	443131923	4960	112	""	2023-06-30	14:09:10	21900.404	336.47424	1853.0243	39.2685	51.8403	21.2258	47.2069	0.0796941	12.1655	52.4016	-1410	0.721015	23.6062	 88
DATA	1688148551	442766904	4964	112	""	2023-06-30	14:09:11	21856.715	335.58572	1848.8245	39.2685	51.8554	21.2036	47.2069	0.0802293	12.1662	52.4165	-1490	0.721015	23.6062	140
DATA	1688148552	442766904	4968	112	""	2023-06-30	14:09:12	21812.99	334.75964	1844.5712	39.2689	51.8705	21.1789	47.2069	0.0808512	12.1654	52.4314	-1250.5	0.721015	23.6062	196
DATA	1688148553	442766904	4972	112	""	2023-06-30	14:09:13	21771.213	333.71698	1840.3405	39.2681	51.8848	21.1576	47.2069	0.0814137	12.1665	52.4448	-1531	0.721015	23.6054	133
DATA	1688148554	442766904	4976	112	""	2023-06-30	14:09:14	21724.58	332.49615	1836.0516	39.2693	51.8997	21.1329	47.2069	0.0820155	12.1667	52.4598	-1385.75	0.721015	23.6054	  8
DATA	1688148555	442766904	4980	112	""	2023-06-30	14:09:15	21685.236	331.27795	1832.7877	39.2664	51.9156	21.1082	47.2069	0.0824512	12.1663	52.4747	-1492	0.721015	23.6058	154
DATA	1688148556	442766904	4984	112	""	2023-06-30	14:09:16	21635.826	329.19324	1827.5472	39.2693	51.9313	21.0856	47.2069	0.0831214	12.1662	52.4902	-1349.5	0.721015	23.6062	238
DATA	1688148557	442766904	4988	112	""	2023-06-30	14:09:17	21590.432	327.88831	1822.5768	39.2713	51.9463	21.0663	47.2069	0.0837802	12.1662	52.5057	-1174.25	0.721015	23.6058	 48
DATA	1688148558	442388057	4992	112	""	2023-06-30	14:09:18	21558.254	327.92563	1819.3719	39.2693	51.9618	21.0462	47.2069	0.0842123	12.1658	52.5204	-1573.25	0.721015	23.6058	 47
DATA	1688148559	442388057	4996	112	""	2023-06-30	14:09:19	21511.639	325.89392	1814.6565	39.2701	51.9769	21.0203	47.2069	0.0848875	12.1666	52.5353	-1357	0.721015	23.6058	171
DATA	1688148560	442388057	5000	112	""	2023-06-30	14:09:20	21468.973	324.51147	1810.342	39.2685	51.9921	20.9972	47.2069	0.0853929	12.1662	52.5504	-1616.25	0.721015	23.6054	220
DATA	1688148561	442388057	5004	112	""	2023-06-30	14:09:21	21426.754	323.42905	1805.9933	39.2701	52.0074	20.9722	47.2069	0.0859774	12.167	52.5648	-1429.25	0.721015	23.6058	228
DATA	1688148562	442388057	5008	112	""	2023-06-30	14:09:22	21379.602	322.07449	1801.3118	39.2689	52.0211	20.952	47.2069	0.0865535	12.167	52.5786	-1392	0.721015	23.6062	 17
DATA	1688148563	442388057	5012	112	""	2023-06-30	14:09:23	21338.395	321.86179	1797.1689	39.2681	52.0365	20.9298	47.2069	0.0870837	12.167	52.5935	-1586.5	0.721015	23.6062	212
DATA	1688148564	442388057	5016	112	""	2023-06-30	14:09:24	21293.062	320.92279	1792.6448	39.2689	52.0518	20.9056	47.2069	0.0876538	12.1666	52.608	-1308.5	0.721015	23.6062	192
DATA	1688148565	442388057	5020	112	""	2023-06-30	14:09:25	21250.328	319.52744	1788.5167	39.2689	52.0668	20.8834	47.2069	0.0882108	12.1664	52.6231	-1361	0.721015	23.6062	133
DATA	1688148566	442024946	5024	112	""	2023-06-30	14:09:26	21203.498	319.18201	1784.0605	39.2689	52.082	20.8603	47.2069	0.0887697	12.1674	52.6377	-1523.25	0.721015	23.6058	237
DATA	1688148567	442024946	5028	112	""	2023-06-30	14:09:27	21158.139	317.60553	1779.2402	39.2693	52.0974	20.8365	47.2069	0.0893317	12.1667	52.6526	-1459.75	0.721015	23.6062	 44
DATA	1688148568	442024946	5032	112	""	2023-06-30	14:09:28	21117.322	317.62173	1774.9769	39.2681	52.1131	20.8139	47.2069	0.0898557	12.1667	52.6676	-1467.75	0.721015	23.6062	 46
DATA	1688148569	442024946	5036	112	""	2023-06-30	14:09:29	21074.328	316.43835	1770.8187	39.2693	52.1285	20.7884	47.2069	0.0904021	12.1672	52.6829	-1500.5	0.721015	23.6058	235
DATA	1688148570	442024946	5040	112	""	2023-06-30	14:09:30	21026.658	314.96619	1765.5907	39.2697	52.1424	20.7666	47.2069	0.0910244	12.1675	52.6967	-1390.75	0.721015	23.6054	 33
DATA	1688148571	442024946	5044	112	""	2023-06-30	14:09:31	20986.006	313.41772	1761.165	39.2697	52.1574	20.746	47.2069	0.0916036	12.1671	52.7115	-1247.25	0.721015	23.6058	161
DATA	1688148572	442024946	5048	112	""	2023-06-30	14:09:32	20939.605	313.37299	1756.411	39.2697	52.1728	20.7243	47.2069	0.0921222	12.1673	52.7263	-1426.5	0.721015	23.6058	173
DATA	1688148573	441653966	5052	112	""	2023-06-30	14:09:33	20893.645	312.19955	1752.1676	39.2685	52.188	20.6996	47.2069	0.0926642	12.1674	52.7412	-1423.25	0.721015	23.6054	251
DATA	1688148574	441653966	5056	112	""	2023-06-30	14:09:34	20847.488	311.89169	1747.4052	39.2689	52.203	20.6762	47.2069	0.0932055	12.1672	52.7556	-1383	0.721015	23.6054	100
DATA	1688148575	441653966	5060	112	""	2023-06-30	14:09:35	20805.82	310.91919	1742.7012	39.2693	52.2184	20.654	47.2069	0.0937445	12.168	52.7704	-1390.5	0.721015	23.6058	 76
DATA	1688148576	441653966	5064	112	""	2023-06-30	14:09:36	20756.352	309.88025	1737.9684	39.2689	52.2334	20.633	47.2069	0.0943038	12.1679	52.7854	-1363.25	0.721015	23.6058	  8
DATA	1688148577	441653966	5068	112	""	2023-06-30	14:09:37	20713.863	308.70514	1733.7108	39.2697	52.2488	20.6108	47.2069	0.0948163	12.1679	52.8	-1328	0.721015	23.6058	  4
DATA	1688148578	441653966	5072	112	""	2023-06-30	14:09:38	20665.926	307.05289	1728.7961	39.2693	52.2641	20.5865	47.2069	0.0953761	12.1677	52.8151	-1535.75	0.721015	23.6058	 67
DATA	1688148579	441653966	5076	112	""	2023-06-30	14:09:39	20622.971	305.91016	1724.2371	39.2693	52.2776	20.5614	47.2069	0.095911	12.1681	52.8284	-1394.75	0.721015	23.6058	251
DATA	1688148580	441653966	5080	112	""	2023-06-30	14:09:40	20576.797	306.04102	1719.1602	39.2689	52.2932	20.5397	47.2069	0.0964978	12.1677	52.8432	-1364	0.721015	23.6054	147
DATA	1688148581	441282033	5084	112	""	2023-06-30	14:09:41	20532.029	305.86224	1714.6335	39.2693	52.309	20.5175	47.2069	0.0970168	12.1675	52.8582	-1302.25	0.721015	23.6058	207
DATA	1688148582	441282033	5088	112	""	2023-06-30	14:09:42	20484.08	304.50699	1709.7275	39.2693	52.3239	20.4961	47.2069	0.0975571	12.168	52.8734	-1339.25	0.721015	23.6058	197
DATA	1688148583	441282033	5092	112	""	2023-06-30	14:09:43	20438.412	304.04498	1705.231	39.2689	52.3393	20.4739	47.2069	0.0981013	12.168	52.8884	-1423	0.721015	23.6058	 17
DATA	1688148584	441282033	5096	112	""	2023-06-30	14:09:44	20390.732	302.27975	1700.6338	39.2685	52.3545	20.4504	47.2069	0.0986351	12.1686	52.9034	-1447.25	0.721015	23.6058	 21
DATA	1688148585	441282033	5100	112	""	2023-06-30	14:09:45	20347.492	301.60107	1695.5071	39.2689	52.3694	20.427	47.2069	0.0991781	12.1684	52.9178	-1333	0.721015	23.6058	 75
DATA	1688148586	441282033	5104	112	""	2023-06-30	14:09:46	20301.865	301.02258	1690.774	39.2693	52.3848	20.4048	47.2069	0.0996938	12.169	52.9328	-1453.75	0.721015	23.6058	189
DATA	1688148587	441282033	5108	112	""	2023-06-30	14:09:47	20253.924	298.77557	1685.8326	39.2697	52.3984	20.3843	47.2069	0.100247	12.1686	52.9461	-1380.5	0.721015	23.6054	199
DATA	1688148588	440907955	5112	112	""	2023-06-30	14:09:48	20208.186	299.47427	1681.2004	39.2693	52.4137	20.3604	47.2069	0.100739	12.1681	52.9609	-1520	0.721015	23.6054	 73
DATA	1688148589	440907955	5116	112	""	2023-06-30	14:09:49	20158.902	298.22061	1676.1115	39.2689	52.4288	20.3362	47.2069	0.101292	12.1683	52.9756	-1436	0.721015	23.6054	 90
DATA	1688148590	440907955	5120	112	""	2023-06-30	14:09:50	20114.312	297.30084	1671.5884	39.2689	52.4436	20.3119	47.2069	0.101823	12.1688	52.9902	-1307.25	0.721015	23.6058	214
DATA	1688148591	440907955	5124	112	""	2023-06-30	14:09:51	20067.951	297.11469	1666.4791	39.2689	52.4589	20.2926	47.2069	0.102359	12.1683	53.0054	-1540.25	0.721015	23.6054	241
DATA	1688148592	440907955	5128	112	""	2023-06-30	14:09:52	20026.168	296.50089	1662.093	39.2681	52.4742	20.2675	47.2069	0.102807	12.1694	53.0197	-1521.25	0.721015	23.605	120
DATA	1688148593	440907955	5132	112	""	2023-06-30	14:09:53	19973.121	294.71255	1656.6561	39.2693	52.49	20.2457	47.2069	0.103422	12.169	53.0343	-1232.25	0.721015	23.6054	 65
DATA	1688148594	440907955	5136	112	""	2023-06-30	14:09:54	19926.676	293.76764	1651.6483	39.2693	52.5057	20.2235	47.2069	0.103888	12.1689	53.0494	-1472.25	0.721015	23.6058	 18
DATA	1688148595	440907955	5140	112	""	2023-06-30	14:09:55	19877.846	292.20615	1646.8911	39.2697	52.5202	20.2017	47.2069	0.104436	12.1694	53.064	-1347.75	0.721015	23.6054	187
DATA	1688148596	440527915	5144	112	""	2023-06-30	14:09:56	19831.939	292.26471	1642.1292	39.2689	52.5345	20.1775	47.2069	0.10494	12.1687	53.0785	-1447	0.721015	23.6058	 59
DATA	1688148597	440527915	5148	112	""	2023-06-30	14:09:57	19793.164	290.48111	1637.0471	39.2697	52.5498	20.1549	47.2069	0.105454	12.1694	53.093	-1357.5	0.721015	23.6054	150
DATA	1688148598	440527915	5152	112	""	2023-06-30	14:09:58	19758	291.14127	1632.4728	39.2689	52.5646	20.1318	47.2069	0.105939	12.1691	53.1078	-1336.75	0.721015	23.6058	 55
DATA	1688148599	440527915	5156	112	""	2023-06-30	14:09:59	19716.781	290.62366	1627.3348	39.2697	52.58	20.1076	47.2069	0.106474	12.169	53.1227	-1348.25	0.721015	23.6054	101
DATA	1688148600	440527915	5160	112	""	2023-06-30	14:10:00	19683.637	289.14047	1622.9918	39.2681	52.5952	20.0858	47.2069	0.106956	12.1695	53.1372	-1475	0.721015	23.6054	 80
DATA	1688148601	440527915	5164	112	""	2023-06-30	14:10:01	19644.969	289.82944	1617.8127	39.2689	52.6101	20.0632	47.2069	0.107468	12.1696	53.152	-1490	0.721015	23.6054	 26
DATA	1688148602	440527915	5168	112	""	2023-06-30	14:10:02	19606.029	288.6424	1613.2054	39.2681	52.6254	20.0406	47.2069	0.107971	12.1692	53.1665	-1368	0.721015	23.6058	  7
DATA	1688148603	440152883	5172	112	""	2023-06-30	14:10:03	19567.275	289.22751	1608.3888	39.2689	52.6403	20.0171	47.2069	0.108478	12.1691	53.1814	-1405	0.721015	23.6058	 74
DATA	1688148604	440152883	5176	112	""	2023-06-30	14:10:04	19531.912	288.02786	1604.0557	39.2689	52.6541	19.9962	47.2069	0.108913	12.169	53.1949	-1327.5	0.721015	23.6054	140
DATA	1688148605	440152883	5180	112	""	2023-06-30	14:10:05	19487.633	287.47217	1598.4381	39.2697	52.6696	19.9768	47.2069	0.109475	12.1693	53.2093	-1400.75	0.721015	23.6058	 10
DATA	1688148606	440152883	5184	112	""	2023-06-30	14:10:06	19456.363	287.00726	1594.9115	39.2668	52.6853	19.9518	47.2069	0.109834	12.1694	53.2243	-1542.75	0.721015	23.6054	244
DATA	1688148607	440152883	5188	112	""	2023-06-30	14:10:07	19408.379	286.85052	1588.9268	39.2693	52.7005	19.9283	47.2069	0.110408	12.1697	53.2388	-1461	0.721015	23.6054	105
DATA	1688148608	440152883	5192	112	""	2023-06-30	14:10:08	19362.902	284.47784	1583.4191	39.2701	52.7156	19.9065	47.2069	0.110972	12.1696	53.2541	-1285.25	0.721015	23.6058	234
DATA	1688148609	440152883	5196	112	""	2023-06-30	14:10:09	19331.221	285.89304	1579.3558	39.2693	52.7304	19.8819	47.2069	0.111372	12.1691	53.2692	-1472.25	0.721015	23.6058	242
DATA	1688148610	440152883	5200	112	""	2023-06-30	14:10:10	19288.297	285.12152	1573.8372	39.2689	52.7455	19.8593	47.2069	0.11191	12.1701	53.2835	-1297.25	0.721015	23.6054	169
DATA	1688148611	439789056	5204	112	""	2023-06-30	14:10:11	19250.963	283.57666	1569.3568	39.2697	52.7609	19.8379	47.2069	0.11236	12.1703	53.2984	-1443	0.721015	23.6054	 57
DATA	1688148612	439789056	5208	112	""	2023-06-30	14:10:12	19211.445	282.38052	1564.4293	39.2693	52.7751	19.8173	47.2069	0.112857	12.1698	53.3124	-1122.75	0.721015	23.6054	226
DATA	1688148613	439789056	5212	112	""	2023-06-30	14:10:13	19172.121	282.46918	1559.6495	39.2697	52.7897	19.7988	47.2069	0.113306	12.17	53.3263	-1449.75	0.721015	23.6058	166
DATA	1688148614	439789056	5216	112	""	2023-06-30	14:10:14	19128.49	282.48059	1554.5336	39.2681	52.8045	19.775	47.2069	0.11381	12.1699	53.3412	-1386	0.721015	23.6058	201
DATA	1688148615	439789056	5220	112	""	2023-06-30	14:10:15	19098.588	282.28848	1550.7933	39.2681	52.8198	19.7507	47.2069	0.114189	12.17	53.3556	-1373.75	0.721015	23.6046	167
DATA	1688148616	439789056	5224	112	""	2023-06-30	14:10:16	19049.273	281.22131	1544.6746	39.2701	52.835	19.7281	47.2069	0.114766	12.1698	53.3705	-1393.25	0.721015	23.605	129
DATA	1688148617	439789056	5228	112	""	2023-06-30	14:10:17	19005.633	280.50287	1539.6285	39.2681	52.8498	19.7051	47.2069	0.115244	12.171	53.385	-1484.75	0.721015	23.605	 92
DATA	1688148618	439409971	5232	112	""	2023-06-30	14:10:18	18970.912	280.42114	1535.4281	39.2697	52.8651	19.6788	47.2069	0.115673	12.1702	53.3996	-1355.25	0.721015	23.6054	246
DATA	1688148619	439409971	5236	112	""	2023-06-30	14:10:19	18924.541	278.87344	1529.7755	39.2689	52.8809	19.6574	47.2069	0.116199	12.1699	53.4145	-1373.5	0.721015	23.605	185
DATA	1688148620	439409971	5240	112	""	2023-06-30	14:10:20	18891.807	279.40421	1525.6602	39.2681	52.8959	19.6348	47.2069	0.11659	12.1716	53.4289	-1416.75	0.721015	23.605	140
DATA	1688148621	439409971	5244	112	""	2023-06-30	14:10:21	18842.49	278.40799	1519.8925	39.2701	52.9099	19.6138	47.2069	0.117126	12.1707	53.4429	-1360.25	0.721015	23.605	141
DATA	1688148622	439409971	5248	112	""	2023-06-30	14:10:22	18803.725	277.30881	1515.4143	39.2689	52.9245	19.592	47.2069	0.117544	12.171	53.458	-1391.5	0.721015	23.605	235
DATA	1688148623	439409971	5252	112	""	2023-06-30	14:10:23	18758.076	277.58655	1510.2999	39.2697	52.9397	19.5698	47.2069	0.118048	12.1714	53.4725	-1462	0.721015	23.605	 73
DATA	1688148624	439409971	5256	112	""	2023-06-30	14:10:24	18722.936	277.10526	1505.7195	39.2685	52.9549	19.5485	47.2069	0.118412	12.1702	53.4875	-1317	0.721015	23.605	 44
DATA	1688148625	439409971	5260	112	""	2023-06-30	14:10:25	18676.238	276.53171	1500.2772	39.2701	52.9696	19.5283	47.2069	0.118957	12.1703	53.5019	-1283	0.721015	23.605	 33
DATA	1688148626	439040899	5264	112	""	2023-06-30	14:10:26	18639.023	276.48535	1495.5872	39.2681	52.985	19.5069	47.2069	0.119352	12.1715	53.5162	-1637	0.721015	23.6054	 55
DATA	1688148627	439040899	5268	112	""	2023-06-30	14:10:27	18593.264	275.59933	1490.4854	39.2697	53	19.4814	47.2069	0.119863	12.1709	53.531	-1421.25	0.721015	23.6054	210
DATA	1688148628	439040899	5272	112	""	2023-06-30	14:10:28	18553.52	275.36157	1485.319	39.2689	53.015	19.4605	47.2069	0.12033	12.1711	53.5456	-1416.5	0.721015	23.6046	226
DATA	1688148629	439040899	5276	112	""	2023-06-30	14:10:29	18510.01	274.63763	1480.496	39.2689	53.0293	19.4383	47.2069	0.120748	12.1713	53.5598	-1308	0.721015	23.6046	252
DATA	1688148630	439040899	5280	112	""	2023-06-30	14:10:30	18469.061	273.39468	1475.4528	39.2693	53.0437	19.4153	47.2069	0.121217	12.1711	53.5736	-1191.25	0.721015	23.605	168
DATA	1688148631	439040899	5284	112	""	2023-06-30	14:10:31	18428.457	273.15784	1470.6019	39.2693	53.0591	19.3947	47.2069	0.121658	12.1711	53.5884	-1543.25	0.721015	23.6054	242
DATA	1688148632	439040899	5288	112	""	2023-06-30	14:10:32	18386.203	273.17789	1465.7191	39.2693	53.0745	19.3704	47.2069	0.122093	12.1713	53.603	-1435.75	0.721015	23.605	130
DATA	1688148633	438672065	5292	112	""	2023-06-30	14:10:33	18342.176	270.83072	1460.5699	39.2693	53.0894	19.3487	47.2069	0.122556	12.1718	53.6176	-1407.25	0.721015	23.605	189
DATA	1688148634	438672065	5296	112	""	2023-06-30	14:10:34	18298.533	271.3125	1455.5734	39.2689	53.1046	19.3256	47.2069	0.122991	12.1715	53.6326	-1314.75	0.721015	23.6046	181
DATA	1688148635	438672065	5300	112	""	2023-06-30	14:10:35	18254.795	270.77771	1450.4746	39.2693	53.1197	19.3026	47.2069	0.123448	12.172	53.6475	-1492.75	0.721015	23.6046	188
DATA	1688148636	438672065	5304	112	""	2023-06-30	14:10:36	18216.398	269.19406	1446.1353	39.2672	53.1347	19.2771	47.2069	0.123832	12.1717	53.6621	-1490.25	0.721015	23.6046	223
DATA	1688148637	438672065	5308	112	""	2023-06-30	14:10:37	18166.57	268.95746	1440.3282	39.2689	53.1492	19.2537	47.2069	0.124316	12.1719	53.6762	-1260.25	0.721015	23.6046	194
DATA	1688148638	438672065	5312	112	""	2023-06-30	14:10:38	18126.861	268.23364	1435.6624	39.2685	53.1631	19.2335	47.2069	0.124732	12.1719	53.6902	-1441	0.721015	23.605	 16
DATA	1688148639	438672065	5316	112	""	2023-06-30	14:10:39	18080.85	267.73633	1430.3384	39.2697	53.1786	19.2118	47.2069	0.125186	12.1721	53.705	-1326.25	0.721015	23.6046	130
DATA	1688148640	438672065	5320	112	""	2023-06-30	14:10:40	18040.535	267.10895	1425.7197	39.2693	53.1934	19.1883	47.2069	0.125583	12.172	53.7191	-1356.75	0.721015	23.6046	177
DATA	1688148641	438294887	5324	112	""	2023-06-30	14:10:41	17994.549	266.78012	1420.5583	39.2685	53.2083	19.1682	47.2069	0.126034	12.172	53.7341	-1314.75	0.721015	23.6046	180
DATA	1688148642	438294887	5328	112	""	2023-06-30	14:10:42	17951.027	266.26044	1415.7618	39.2693	53.2236	19.1464	47.2069	0.126439	12.1717	53.7487	-1440	0.721015	23.6054	 89
DATA	1688148643	438294887	5332	112	""	2023-06-30	14:10:43	17906.455	265.78815	1410.4507	39.2689	53.2383	19.1217	47.2069	0.12689	12.1725	53.7631	-1350.75	0.721015	23.6046	194
DATA	1688148644	438294887	5336	112	""	2023-06-30	14:10:44	17866.182	264.50113	1406.0625	39.2689	53.2537	19.1012	47.2069	0.127288	12.1715	53.7776	-1271.25	0.721015	23.6046	234
DATA	1688148645	438294887	5340	112	""	2023-06-30	14:10:45	17821.576	264.69345	1400.8364	39.2689	53.2692	19.0827	47.2069	0.127745	12.1725	53.792	-1388.25	0.721015	23.6046	214
DATA	1688148646	438294887	5344	112	""	2023-06-30	14:10:46	17776.506	263.7045	1395.7979	39.2689	53.2829	19.0592	47.2069	0.128145	12.1722	53.8063	-1501.75	0.721015	23.605	165
DATA	1688148647	438294887	5348	112	""	2023-06-30	14:10:47	17732.902	263.30005	1390.5367	39.2693	53.298	19.037	47.2069	0.128574	12.1721	53.8202	-1402.25	0.721015	23.6046	126
DATA	1688148648	437927007	5352	112	""	2023-06-30	14:10:48	17689.787	263.03018	1385.7983	39.2701	53.3126	19.014	47.2069	0.129001	12.1732	53.8354	-1416	0.721015	23.6046	 23
DATA	1688148649	437927007	5356	112	""	2023-06-30	14:10:49	17647.707	262.978	1381.0083	39.2689	53.3276	18.9902	47.2069	0.129399	12.1725	53.8502	-1276.5	0.721015	23.6046	113
DATA	1688148650	437927007	5360	112	""	2023-06-30	14:10:50	17599.682	261.59601	1375.8722	39.2685	53.3427	18.9704	47.2069	0.129825	12.1732	53.8645	-1386	0.721015	23.6046	100
DATA	1688148651	437927007	5364	112	""	2023-06-30	14:10:51	17556.166	260.9671	1371.0751	39.2697	53.3573	18.9495	47.2069	0.130212	12.172	53.8793	-1200.5	0.721015	23.6046	 70
DATA	1688148652	437927007	5368	112	""	2023-06-30	14:10:52	17508.217	260.64011	1366.0621	39.2685	53.3726	18.9273	47.2069	0.130642	12.173	53.894	-1436	0.721015	23.6046	220
DATA	1688148653	437927007	5372	112	""	2023-06-30	14:10:53	17462.383	259.28955	1360.7889	39.2689	53.3873	18.9051	47.2069	0.131017	12.173	53.9085	-1363.25	0.721015	23.6046	201
DATA	1688148654	437927007	5376	112	""	2023-06-30	14:10:54	17416.387	259.27658	1356.0059	39.2689	53.4017	18.8816	47.2069	0.131437	12.1733	53.9224	-1357.25	0.721015	23.6046	250
DATA	1688148655	437927007	5380	112	""	2023-06-30	14:10:55	17369.836	258.65347	1351.158	39.2693	53.4162	18.8615	47.2069	0.131822	12.1728	53.9361	-1272.5	0.721015	23.605	 86
DATA	1688148656	437551975	5384	112	""	2023-06-30	14:10:56	17324.59	257.08371	1346.1798	39.2693	53.431	18.8397	47.2069	0.132218	12.1729	53.9512	-1441.5	0.721015	23.6046	 99
DATA	1688148657	437551975	5388	112	""	2023-06-30	14:10:57	17281.656	257.30319	1341.2711	39.2689	53.4465	18.8154	47.2069	0.132611	12.1731	53.9651	-1305.5	0.721015	23.6046	184
DATA	1688148658	437551975	5392	112	""	2023-06-30	14:10:58	17238.523	256.4938	1336.2941	39.2693	53.462	18.7961	47.2069	0.13303	12.1732	53.9797	-1233.75	0.721015	23.6046	104
DATA	1688148659	437551975	5396	112	""	2023-06-30	14:10:59	17195.727	255.06346	1331.3975	39.2689	53.4765	18.776	47.2069	0.133436	12.1729	53.9944	-1369.75	0.721015	23.6046	243
DATA	1688148660	437551975	5400	112	""	2023-06-30	14:11:00	17152.408	254.75008	1326.2169	39.2693	53.4918	18.7542	47.2069	0.133839	12.1728	54.0087	-1489.5	0.721015	23.6046	180
DATA	1688148661	437551975	5404	112	""	2023-06-30	14:11:01	17106.953	254.3154	1321.6833	39.2697	53.5068	18.7299	47.2069	0.134246	12.1729	54.0236	-1390	0.721015	23.6046	 24
DATA	1688148662	437551975	5408	112	""	2023-06-30	14:11:02	17063.705	253.97652	1316.54	39.2689	53.5215	18.7065	47.2069	0.134642	12.1735	54.0389	-1452.25	0.721015	23.6046	127
DATA	1688148663	437191009	5412	112	""	2023-06-30	14:11:03	17019.035	253.15604	1311.2426	39.2689	53.5361	18.6843	47.2069	0.135037	12.174	54.0528	-1287	0.721015	23.6046	252
DATA	1688148664	437191009	5416	112	""	2023-06-30	14:11:04	16975.371	252.88988	1306.579	39.2697	53.5499	18.6641	47.2069	0.135437	12.1732	54.0664	-1313.5	0.721015	23.6046	152
DATA	1688148665	437191009	5420	112	""	2023-06-30	14:11:05	16932.82	252.99699	1301.9254	39.2685	53.5651	18.6415	47.2069	0.135805	12.173	54.0809	-1440.5	0.721015	23.6046	 73
DATA	1688148666	437191009	5424	112	""	2023-06-30	14:11:06	16887.947	251.52747	1296.7217	39.2701	53.5802	18.621	47.2069	0.136245	12.1732	54.0958	-1417	0.721015	23.6046	 29
DATA	1688148667	437191009	5428	112	""	2023-06-30	14:11:07	16844.689	251.23163	1291.7831	39.2689	53.5948	18.5988	47.2069	0.136622	12.1737	54.1099	-1428.5	0.721015	23.6046	215
DATA	1688148668	437191009	5432	112	""	2023-06-30	14:11:08	16799.732	250.19322	1286.7397	39.2701	53.61	18.5766	47.2069	0.137009	12.1735	54.1246	-1403.75	0.721015	23.6046	126
DATA	1688148669	437191009	5436	112	""	2023-06-30	14:11:09	16756.25	249.90042	1282.1305	39.2693	53.6248	18.5544	47.2069	0.137394	12.1734	54.139	-1283	0.721015	23.6046	236
DATA	1688148670	437191009	5440	112	""	2023-06-30	14:11:10	16711.479	249.38229	1277.1882	39.2681	53.6401	18.5355	47.2069	0.137775	12.1739	54.1533	-1448	0.721015	23.6046	 80
DATA	1688148671	436810970	5444	112	""	2023-06-30	14:11:11	16668.135	249.28323	1272.1844	39.2685	53.6549	18.5137	47.2069	0.138165	12.1735	54.1673	-1338.5	0.721015	23.6046	184
DATA	1688148672	436810970	5448	112	""	2023-06-30	14:11:12	16624.953	248.46335	1267.5507	39.2689	53.669	18.4927	47.2069	0.138543	12.1735	54.181	-1489	0.721015	23.6046	  8
DATA	1688148673	436810970	5452	112	""	2023-06-30	14:11:13	16577.654	248.41942	1262.5348	39.2701	53.6842	18.4705	47.2069	0.138937	12.1743	54.196	-1464.75	0.721015	23.6046	192
DATA	1688148674	436810970	5456	112	""	2023-06-30	14:11:14	16539.535	247.36386	1258.1429	39.2693	53.6988	18.4458	47.2069	0.139289	12.1738	54.2101	-1310.25	0.721015	23.6046	252
DATA	1688148675	436810970	5460	112	""	2023-06-30	14:11:15	16486.803	245.47514	1252.5933	39.2697	53.7138	18.4245	47.2069	0.139713	12.1733	54.2252	-1367.5	0.721015	23.6046	181
DATA	1688148676	436810970	5464	112	""	2023-06-30	14:11:16	16446.668	244.78641	1247.9924	39.2689	53.729	18.4027	47.2069	0.140048	12.1739	54.24	-1458	0.721015	23.6046	210
DATA	1688148677	436810970	5468	112	""	2023-06-30	14:11:17	16398.195	245.31876	1242.925	39.2689	53.7434	18.3805	47.2069	0.14045	12.1736	54.2541	-1364.75	0.721015	23.6046	149
DATA	1688148678	436450004	5472	112	""	2023-06-30	14:11:18	16354.38	244.76135	1238.1653	39.2693	53.7584	18.3591	47.2069	0.140778	12.1741	54.2691	-1313.25	0.721015	23.6046	177
DATA	1688148679	436450004	5476	112	""	2023-06-30	14:11:19	16311.196	243.55704	1233.0771	39.2685	53.7732	18.3385	47.2069	0.141182	12.1743	54.2831	-1400.25	0.721015	23.6046	204
DATA	1688148680	436450004	5480	112	""	2023-06-30	14:11:20	16266.368	244.34644	1228.2148	39.2689	53.7869	18.3172	47.2069	0.141535	12.1743	54.2967	-1321.5	0.721015	23.612	116
DATA	1688148681	436450004	5484	112	""	2023-06-30	14:11:21	16220.392	242.57831	1223.7036	39.2693	53.8019	18.2974	47.2069	0.141889	12.1742	54.3107	-1081	0.721015	23.6132	 51
DATA	1688148682	436450004	5488	112	""	2023-06-30	14:11:22	16179.469	242.06358	1219.1162	39.2693	53.8166	18.2818	47.2069	0.142236	12.1741	54.3241	-652.25	0.721015	23.6171	164
DATA	1688148683	436450004	5492	112	""	2023-06-30	14:11:23	16141.889	241.74382	1215.0859	39.2689	53.8316	18.2752	47.2069	0.142558	12.1741	54.336	-162.75	0.721015	23.6203	122
DATA	1688148684	436450004	5496	112	""	2023-06-30	14:11:24	16107.485	240.83109	1211.2948	39.2685	53.8472	18.2707	47.2069	0.142855	12.1731	54.3469	23.25	0.721015	23.6219	 76
DATA	1688148685	436450004	5500	112	""	2023-06-30	14:11:25	16069.003	239.97284	1206.8785	39.2689	53.8618	18.274	47.2069	0.143162	12.1737	54.3561	359.5	0.721015	23.6274	 40
DATA	1688148686	436065912	5504	112	""	2023-06-30	14:11:26	16035.253	240.65057	1203.616	39.2685	53.8765	18.2806	47.2069	0.143459	12.1743	54.3642	509.25	0.721015	23.6321	 71
DATA	1688148687	436065912	5508	112	""	2023-06-30	14:11:27	16009.951	239.46893	1200.7836	39.2664	53.891	22.6438	46.9687	0.14369	12.1743	54.3709	3230	0.360507	23.6458	225
DATA	1688148688	436065912	5512	112	""	2023-06-30	14:11:28	16007.882	239.17349	1200.632	39.2689	53.9052	25.8377	46.3926	0.143715	12.1744	54.3761	5809	0	23.6532	159
DATA	1688148689	436065912	5516	112	""	2023-06-30	14:11:29	16007.882	239.17349	1200.632	39.2639	53.919	25.8381	46.4614	0.143715	12.1744	54.3807	5809	0	23.6568	115
DATA	1688148690	436065912	5520	112	""	2023-06-30	14:11:30	16007.882	239.17349	1200.632	39.2676	53.9332	25.8381	46.4813	0.143715	12.1744	54.3849	5809	0	23.6662	143
DATA	1688148691	436065912	5524	112	""	2023-06-30	14:11:31	16007.882	239.17349	1200.632	39.2701	53.9475	25.8377	46.4837	0.143715	12.1744	54.3882	5809	0	23.6682	156
DATA	1688148692	436065912	5528	112	""	2023-06-30	14:11:32	16007.882	239.17349	1200.632	39.2705	53.9614	25.8385	46.4837	0.143715	12.1744	54.391	5809	0	23.6733	101
DATA	1688148693	435698032	5532	112	""	2023-06-30	14:11:33	16007.882	239.17349	1200.632	39.2697	53.9759	25.8377	46.4839	0.143715	12.1744	54.3935	5809	0	23.6748	186
DATA	1688148694	435698032	5536	112	""	2023-06-30	14:11:34	16007.882	239.17349	1200.632	39.2697	53.9899	25.8381	46.4844	0.143715	12.1744	54.3953	5809	0	23.676	134
DATA	1688148695	435698032	5540	112	""	2023-06-30	14:11:35	16007.882	239.17349	1200.632	39.2697	54.004	25.8377	46.4844	0.143715	12.1744	54.3966	5809	0	23.6776	117
DATA	1688148696	435698032	5544	112	""	2023-06-30	14:11:36	16007.882	239.17349	1200.632	39.2705	54.0181	26.3331	46.4844	0.143715	12.1744	54.3974	5809	0	23.6787	154
DATA	1688148697	435698032	5548	112	""	2023-06-30	14:11:37	16007.882	239.17349	1200.632	39.2713	54.0314	26.7019	46.4844	0.143715	12.1744	54.3981	5809	0	23.6803	151
DATA	1688148698	435698032	5552	112	""	2023-06-30	14:11:38	16007.882	239.17349	1200.632	39.2705	54.0459	27.1969	46.4844	0.143715	12.1744	54.3991	5809	0	23.6799	183
DATA	1688148699	435698032	5556	112	""	2023-06-30	14:11:39	16007.882	239.17349	1200.632	39.2672	54.0595	27.6898	46.4844	0.143715	12.1744	54.3999	5809	0	23.6803	193
DATA	1688148700	435698032	5560	112	""	2023-06-30	14:11:40	16007.882	239.17349	1200.632	39.2697	54.0736	28.1815	46.4844	0.143715	12.1744	54.4004	5809	0	23.6815	133
DATA	1688148701	435329914	5564	112	""	2023-06-30	14:11:41	16007.882	239.17349	1200.632	39.2689	54.0872	28.6748	46.4844	0.143715	12.1744	54.4008	5809	0	23.6811	151
DATA	1688148702	435329914	5568	112	""	2023-06-30	14:11:42	16007.882	239.17349	1200.632	39.2697	54.1013	29.1682	46.4844	0.143715	12.1744	54.4014	5809	0	23.6799	149
DATA	1688148703	435329914	5572	112	""	2023-06-30	14:11:43	16007.882	239.17349	1200.632	39.2676	54.1153	29.6611	46.4844	0.143715	12.1744	54.4014	5809	0	23.6799	145
DATA	1688148704	435329914	5576	112	""	2023-06-30	14:11:44	16007.882	239.17349	1200.632	39.2693	54.1288	30.0327	46.4844	0.143715	12.1744	54.4016	5809	0	23.6799	151
DATA	1688148705	435329914	5580	112	""	2023-06-30	14:11:45	16007.882	239.17349	1200.632	39.2693	54.1422	30.5257	46.4844	0.143715	12.1744	54.4022	5809	0	23.6776	137
DATA	1688148706	435329914	5584	112	""	2023-06-30	14:11:46	16007.882	239.17349	1200.632	39.2689	54.1552	31.017	46.4844	0.143715	12.1744	54.4022	5809	0	23.6776	 94
DATA	1688148707	435329914	5588	112	""	2023-06-30	14:11:47	16007.882	239.17349	1200.632	39.2681	54.1692	31.3849	46.4844	0.143715	12.1744	54.4022	5809	0	23.6764	158
DATA	1688148708	434952020	5592	112	""	2023-06-30	14:11:48	16007.882	239.17349	1200.632	39.2701	54.1828	31.8787	46.4844	0.143715	12.1744	54.4022	5809	0	23.6756	145
DATA	1688148709	434952020	5596	112	""	2023-06-30	14:11:49	16007.882	239.17349	1200.632	39.2685	54.1965	32.3728	46.4844	0.143715	12.1744	54.4022	5809	0	23.6764	154
DATA	1688148710	434952020	5600	112	""	2023-06-30	14:11:50	16007.882	239.17349	1200.632	39.2713	54.2101	32.2869	46.4844	0.143715	12.1744	54.4022	5809	0	23.6748	106
DATA	1688148711	434952020	5604	112	""	2023-06-30	14:11:51	16007.882	239.17349	1200.632	39.2586	54.2243	30.2794	46.4964	0.143715	12.1744	54.4022	5809	0	23.6733	119
DATA	1688148712	434952020	5608	112	""	2023-06-30	14:11:52	16007.882	239.17349	1200.632	39.2619	54.2383	30.2782	46.4883	0.143715	12.1744	54.4022	5809	0	23.6717	126
DATA	1688148713	434952020	5612	112	""	2023-06-30	14:11:53	16007.882	239.17349	1200.632	39.2676	54.2518	30.2917	46.485	0.143715	12.1744	54.4022	9119	0	23.6721	 65
DATA	1688148714	434952020	5616	112	""	2023-06-30	14:11:54	16007.882	239.17349	1200.632	39.2689	54.2641	30.4385	46.485	0.143715	12.1744	54.4022	10993.5	0	23.6725	226
DATA	1688148715	434952020	5620	368	""	2023-06-30	14:11:55	16007.882	239.17349	1200.632	39.2701	54.2777	30.603	46.4844	0.107786	12.1744	54.4022	8944.25	0	23.6717	237
DATA	1688148716	434580087	5624	275	""	2023-06-30	14:11:56	19541.039	463.6795	1655.4633	39.2705	54.2913	30.7522	46.4846	0.00567288	11.9924	54.4024	6737.75	0.000553001	23.6709	164
DATA	1688148717	434580087	5628	19	""	2023-06-30	14:11:57	23105.939	464.40143	2108.1875	39.2709	54.3043	30.9006	46.4863	0.00774559	11.812	54.4029	4051.25	0.00147467	23.6705	 38
DATA	1688148718	434580087	5632	18	""	2023-06-30	14:11:58	23084.756	456.78796	2106.8181	39.2705	54.318	31.0067	46.4863	0.00773925	11.8134	54.4029	1874.5	0.00147467	23.6701	 12
DATA	1688148719	434580087	5636	18	""	2023-06-30	14:11:59	23077.166	457.3024	2105.259	39.2697	54.3312	31.0646	46.5677	0.00927196	-1441.39	54.4029	1273	0.115916	23.6693	 59
DATA	1688148720	434580087	5640	18	""	2023-06-30	14:12:00	23134.572	486.32965	2104.3391	39.2693	54.3446	31.1222	46.651	0.0147053	12.0448	54.4033	1644.25	0.154063	23.6674	106
DATA	1688148721	434580087	5644	19	""	2023-06-30	14:12:01	23172.127	488.47067	2106.7974	39.2697	54.3573	31.1765	46.6407	0.0114602	12.0693	54.4037	1054.5	0.154063	23.6678	144
DATA	1688148722	434580087	5648	19	""	2023-06-30	14:12:02	23194.248	476.42896	2108.8528	39.2701	54.3701	31.2102	46.6527	0.00755752	12.0702	54.4037	748.25	0.215586	23.665	143
DATA	1688148723	434199094	5652	18	""	2023-06-30	14:12:03	23101.115	505.80072	2101.5908	39.2693	54.3822	31.2394	46.7759	0.0176435	12.1171	54.4043	1437	0.27711	23.6646	224
DATA	1688148724	434199094	5656	19	""	2023-06-30	14:12:04	23012.688	525.979	2103.259	39.2693	54.3956	31.2846	46.7649	0.0157942	12.143	54.4045	1078	0.27711	23.665	 19
DATA	1688148725	434199094	5660	19	""	2023-06-30	14:12:05	23071.754	512.94019	2109.79	39.2697	54.4085	31.3199	46.7612	0.00785939	12.1421	54.4052	803	0.300495	23.6631	205
DATA	1688148726	434199094	5664	18	""	2023-06-30	14:12:06	23041.506	512.29706	2100.7683	39.2689	54.4221	31.3454	46.8626	0.0174074	12.1494	54.4054	1216	0.370652	23.6642	 32
DATA	1688148727	434199094	5668	19	""	2023-06-30	14:12:07	22948.037	511.35699	2096.5178	39.2689	54.4352	31.3828	46.8591	0.0214568	12.1546	54.406	1170.25	0.370652	23.665	131
DATA	1688148728	434199094	5672	19	""	2023-06-30	14:12:08	23077.559	512.06909	2112.9602	39.2697	54.4481	31.4166	46.8553	0.00697587	12.1556	54.4066	771.25	0.370652	23.6642	231
DATA	1688148729	434199094	5676	18	""	2023-06-30	14:12:09	23024.141	510.21237	2106.7244	39.2693	54.4609	31.4375	46.905	0.0111189	-1442.14	54.407	986.75	0.43398	23.6634	 41
DATA	1688148730	434199094	5680	19	""	2023-06-30	14:12:10	22887.504	509.23615	2090.3682	39.2681	54.4734	31.4622	46.9225	0.0242864	12.13	54.4076	1274.5	0.43398	23.6646	249
DATA	1688148731	433830976	5684	19	""	2023-06-30	14:12:11	23070.535	512.92438	2114.323	39.2701	54.4854	31.4848	46.9192	0.00645831	12.1302	54.4083	993.25	0.43398	23.6674	 93
DATA	1688148732	433830976	5688	18	""	2023-06-30	14:12:12	23050.152	511.4776	2112.6111	39.2689	54.4977	31.5008	46.9409	0.00631548	12.1304	54.4089	1305.5	0.470424	23.6654	132
DATA	1688148733	433830976	5692	18	""	2023-06-30	14:12:13	23177.021	494.53232	2088.0266	39.2697	54.5105	31.521	46.9718	0.0271621	-1403.07	54.4095	1560	0.482572	23.6654	 34
DATA	1688148734	433830976	5696	19	""	2023-06-30	14:12:14	23997.406	498.45483	2115.3008	39.2693	54.5229	31.551	46.9683	0.0193657	12.0911	54.4102	1226.75	0.482572	23.6658	178
DATA	1688148735	433830976	5700	19	""	2023-06-30	14:12:15	24109.596	503.40091	2129.2539	39.2689	54.5354	31.5785	46.9724	0.010177	12.0917	54.4108	900	0.492142	23.6662	204
DATA	1688148736	433830976	5704	19	""	2023-06-30	14:12:16	23890.926	501.8974	2099.8557	39.2697	54.5477	31.5946	46.9893	0.0251303	12.0922	54.4116	934.25	0.501712	23.6654	136
DATA	1688148737	433830976	5708	19	""	2023-06-30	14:12:17	24119.986	505.05399	2129.6289	39.2685	54.5602	31.6081	46.9878	0.010311	12.093	54.4124	1115.75	0.501712	23.6674	109
DATA	1688148738	433454990	5712	18	""	2023-06-30	14:12:18	24105.047	502.89749	2126.7803	39.2685	54.5723	31.6209	46.9876	0.00993543	12.0929	54.4131	1176.5	0.506313	23.6662	216
DATA	1688148739	433454990	5716	18	""	2023-06-30	14:12:19	23922.668	500.77115	2103.053	39.2689	54.5839	31.6336	47.006	0.0213666	12.0935	54.4139	1303	0.520116	23.6642	190
DATA	1688148740	433454990	5720	19	""	2023-06-30	14:12:20	24021.717	502.83517	2116.1526	39.2697	54.5958	31.6558	47.0064	0.0159861	12.0938	54.4147	1283	0.520116	23.665	244
DATA	1688148741	433454990	5724	18	""	2023-06-30	14:12:21	24092.221	502.68793	2124.8528	39.2685	54.6079	31.6805	47.0053	0.00967786	12.095	54.4154	838.75	0.520116	23.665	109
DATA	1688148742	433454990	5728	18	""	2023-06-30	14:12:22	23984.406	499.95078	2110.1423	39.2693	54.6203	31.692	47.0195	0.0160772	12.0949	54.4164	1105.75	0.538518	23.6658	163
DATA	1688148743	433454990	5732	19	""	2023-06-30	14:12:23	23887.828	500.41006	2097.853	39.2693	54.6328	31.7064	47.025	0.0232127	12.0956	54.4172	1132.5	0.538518	23.6658	 44
DATA	1688148744	433454990	5736	19	""	2023-06-30	14:12:24	24082.07	503.14798	2122.6589	39.2693	54.6447	31.72	47.0239	0.00939147	12.0955	54.4179	1117.5	0.538518	23.6666	 74
DATA	1688148745	433454990	5740	18	""	2023-06-30	14:12:25	24074.346	501.0947	2121.5171	39.2697	54.6565	31.7323	47.0237	0.00926131	12.0964	54.4187	1195	0.542934	23.6662	 44
DATA	1688148746	433084964	5744	18	""	2023-06-30	14:12:26	23816.514	496.07227	2087.3308	39.2689	54.6685	31.7463	47.043	0.023982	12.0966	54.4196	1226.5	0.556183	23.6674	 82
DATA	1688148747	433084964	5748	19	""	2023-06-30	14:12:27	23958.453	500.62735	2106.9146	39.2689	54.6804	31.7607	47.0421	0.0173023	12.0961	54.4204	1250.5	0.556183	23.6685	152
DATA	1688148748	433084964	5752	19	""	2023-06-30	14:12:28	24056.889	500.7681	2119.4207	39.2705	54.6912	31.7779	47.0414	0.00895746	12.0972	54.4212	1092.25	0.556183	23.6701	216
DATA	1688148749	433084964	5756	18	""	2023-06-30	14:12:29	24046.875	499.67059	2118.1162	39.2693	54.7028	31.7927	47.0454	0.00881916	12.0974	54.422	975.75	0.565015	23.6709	200
DATA	1688148750	433084964	5760	19	""	2023-06-30	14:12:30	23586.594	488.0864	2056.9424	39.2689	54.7146	31.8047	47.062	0.0337931	12.0983	54.4227	1227.75	0.573847	23.6705	131
DATA	1688148751	433084964	5764	19	""	2023-06-30	14:12:31	23653.717	391.36496	2076.5698	39.2697	54.7259	31.8211	47.0605	0.0265628	12.1642	54.4237	1136.75	0.573847	23.6709	239
DATA	1688148752	433084964	5768	19	""	2023-06-30	14:12:32	23934.229	416.22748	2114.1516	39.2689	54.7373	31.833	47.0598	0.00762543	12.1644	54.4244	1180.75	0.573847	23.6697	230
DATA	1688148753	432710886	5772	18	""	2023-06-30	14:12:33	23906.334	442.09381	2113.1873	39.2689	54.7485	31.8454	47.0596	0.00736046	12.1643	54.4254	1142.25	0.570903	23.6705	251
DATA	1688148754	432710886	5776	18	""	2023-06-30	14:12:34	23885.768	467.37744	2113.3542	39.2693	54.7603	31.8577	47.0471	0.00717509	12.1651	54.4262	961.5	0.562071	23.6701	169
DATA	1688148755	432710886	5780	18	""	2023-06-30	14:12:35	23865.863	467.33649	2112.1802	39.2693	54.7713	31.8676	47.0471	0.0070041	12.1639	54.4269	1021.75	0.562071	23.6701	197
DATA	1688148756	432710886	5784	18	""	2023-06-30	14:12:36	23850.645	466.71967	2110.9236	39.2693	54.7819	31.8745	47.0386	0.00684835	12.1643	54.4279	818.75	0.549559	23.6713	  9
DATA	1688148757	432710886	5788	18	""	2023-06-30	14:12:37	23835.336	466.57803	2110.1389	39.2693	54.793	31.8819	47.0344	0.00668204	12.1649	54.4287	877.5	0.549559	23.674	106
DATA	1688148758	432710886	5792	18	""	2023-06-30	14:12:38	23820.836	465.54202	2109.0056	39.2697	54.804	31.8885	47.0281	0.0065523	12.1644	54.4294	738.75	0.540174	23.6748	120
DATA	1688148759	432710886	5796	19	""	2023-06-30	14:12:39	23605.016	469.84616	2055.6543	39.2685	54.8146	31.8963	47.0211	0.0275671	-748.191	54.4302	461.75	0.537046	23.6776	235
DATA	1688148760	432710886	5800	19	""	2023-06-30	14:12:40	24268.508	488.13742	2120.4114	39.2685	54.8245	31.9017	47.0217	0.0107976	12.1475	54.4312	148.75	0.537046	23.6795	143
DATA	1688148761	432346105	5804	19	""	2023-06-30	14:12:41	24207.84	483.88495	2111.7637	39.2693	54.8334	31.9066	47.022	0.00895417	12.148	54.4319	112.5	0.537046	23.6807	248
DATA	1688148762	432346105	5808	16	""	2023-06-30	14:12:42	24198.678	481.96735	2110.8752	39.2697	54.8405	31.9078	47.0217	0.00884331	12.1487	54.4329	-81.25	0.535942	23.6838	221
DATA	1688148763	432346105	5812	16	""	2023-06-30	14:12:43	24188.758	482.86942	2110.4211	39.2685	54.8469	31.9033	47.0184	0.00876603	12.1476	54.4337	-190.25	0.532997	23.6838	  3
DATA	1688148764	432346105	5816	16	""	2023-06-30	14:12:44	24175.092	482.74786	2110.0642	39.2676	54.8523	31.8972	47.0158	0.0087183	12.1484	54.4344	-229	0.530053	23.6866	 44
DATA	1688148765	432346105	5820	16	""	2023-06-30	14:12:45	24168.777	482.71301	2109.7949	39.2681	54.8564	31.8918	47.013	0.00867377	12.1478	54.435	-161.75	0.527109	23.6886	171
DATA	1688148766	432346105	5824	16	""	2023-06-30	14:12:46	24158.084	481.62262	2109.3081	39.2681	54.8597	31.8889	47.0101	0.00862416	12.1483	54.4358	-233.25	0.524164	23.6897	250
DATA	1688148767	432346105	5828	16	""	2023-06-30	14:12:47	24150.434	480.87332	2108.9021	39.2701	54.8624	31.8824	47.0075	0.00858258	12.1484	54.4367	-415.75	0.522324	23.6905	236
DATA	1688148768	431977033	5832	16	""	2023-06-30	14:12:48	24144.482	480.77594	2108.5234	39.2693	54.8637	31.8758	47.0075	0.00855031	12.1488	54.4375	-499.5	0.522324	23.6905	225
DATA	1688148769	431977033	5836	16	""	2023-06-30	14:12:49	24145.762	480.09018	2108.7798	39.2693	54.8641	31.8725	47.0075	0.00852628	12.1485	54.4381	-397.5	0.522324	23.6897	235
DATA	1688148770	431977033	5840	16	""	2023-06-30	14:12:50	24147.436	480.62241	2108.5293	39.2697	54.8639	31.8663	47.0075	0.00850438	12.1484	54.4389	-395.75	0.522324	23.6893	  8
DATA	1688148771	431977033	5844	16	""	2023-06-30	14:12:51	24152.01	481.57474	2108.5815	39.2693	54.8635	31.8618	47.0075	0.00847338	12.1485	54.4396	-647.25	0.522324	23.6909	208
DATA	1688148772	431977033	5848	16	""	2023-06-30	14:12:52	24154.16	481.5874	2108.668	39.2685	54.8624	31.8544	47.0077	0.00845115	12.1491	54.4404	-713.5	0.522324	23.6901	 37
DATA	1688148773	431977033	5852	16	""	2023-06-30	14:12:53	24156.156	481.48035	2108.7439	39.2705	54.8612	31.8491	47.0075	0.00842571	12.1479	54.4412	-560.75	0.522324	23.6889	251
DATA	1688148774	431977033	5856	16	""	2023-06-30	14:12:54	24159.732	481.77942	2108.5747	39.2693	54.8593	31.8425	47.0075	0.00841717	12.1492	54.4419	-533	0.522324	23.6889	129
DATA	1688148775	431977033	5860	16	""	2023-06-30	14:12:55	24159.27	481.65161	2108.7344	39.2676	54.8573	31.8347	47.0075	0.00836798	12.1481	54.4427	-559.5	0.522324	23.6889	179
DATA	1688148776	431601047	5864	16	""	2023-06-30	14:12:56	24165.318	480.5426	2108.6794	39.2693	54.8554	31.8293	47.0075	0.00834699	12.1489	54.4435	-498.75	0.522324	23.6893	234
DATA	1688148777	431601047	5868	16	""	2023-06-30	14:12:57	24166.682	479.58102	2108.6538	39.2693	54.8535	31.8219	47.0075	0.00831656	12.1485	54.4442	-540.75	0.522324	23.6882	  7
DATA	1688148778	431601047	5872	16	""	2023-06-30	14:12:58	24170.922	481.21283	2108.2974	39.2689	54.8515	31.8149	47.0075	0.00826871	12.1493	54.445	-499.5	0.522324	23.6882	161
DATA	1688148779	431601047	5876	16	""	2023-06-30	14:12:59	24171.363	480.93713	2108.3689	39.2697	54.8496	31.8084	47.0075	0.00822234	12.1485	54.4456	-356	0.522324	23.6878	124
DATA	1688148780	431601047	5880	16	""	2023-06-30	14:13:00	24172.605	480.51129	2108.0554	39.2693	54.8481	31.8026	47.0075	0.0081669	12.1492	54.446	-310.5	0.52214	23.6889	 12
DATA	1688148781	431601047	5884	16	""	2023-06-30	14:13:01	24170.924	480.04224	2107.7502	39.2685	54.8471	31.7956	47.0057	0.00810827	12.1492	54.4462	-113.25	0.5203	23.6901	102
DATA	1688148782	431601047	5888	16	""	2023-06-30	14:13:02	24167.494	480.35696	2107.5901	39.2693	54.8461	31.7915	47.0051	0.0080591	12.1492	54.4469	-157.75	0.520116	23.6893	201
DATA	1688148783	431222915	5892	16	""	2023-06-30	14:13:03	24163.604	480.63568	2107.1851	39.2685	54.8453	31.7874	47.0053	0.0079914	12.1489	54.4477	-3	0.520116	23.6889	210
DATA	1688148784	431222915	5896	16	""	2023-06-30	14:13:04	24160.213	480.15182	2106.6384	39.2685	54.8452	31.7849	47.0053	0.00793723	12.1497	54.4485	-143.5	0.520116	23.6889	195
DATA	1688148785	431222915	5900	16	""	2023-06-30	14:13:05	24159.549	479.80139	2106.5369	39.2681	54.8446	31.7804	47.0053	0.00787936	12.1499	54.4492	-59.25	0.520116	23.6886	221
DATA	1688148786	431222915	5904	16	""	2023-06-30	14:13:06	24153.873	479.16858	2105.7485	39.2681	54.8453	31.78	47.0053	0.00780939	12.1495	54.4502	-2.25	0.520116	23.6882	 46
DATA	1688148787	431222915	5908	16	""	2023-06-30	14:13:07	24149.016	479.63718	2105.2803	39.2693	54.8455	31.7783	47.0053	0.007727	12.1497	54.451	-107.5	0.520116	23.6897	 45
DATA	1688148788	431222915	5912	16	""	2023-06-30	14:13:08	24144.201	478.61575	2104.5083	39.2689	54.8463	31.7775	47.0053	0.00763718	12.1495	54.4517	22.75	0.520116	23.6893	150
DATA	1688148789	431222915	5916	16	""	2023-06-30	14:13:09	24140.391	477.61633	2104.0305	39.2689	54.8475	31.773	47.0049	0.00758796	12.1496	54.4527	-164	0.519564	23.6905	 66
DATA	1688148790	431222915	5920	16	""	2023-06-30	14:13:10	24133.133	478.25812	2103.4399	39.2693	54.8486	31.7697	47.0046	0.00751112	12.1499	54.4533	-51.25	0.51938	23.6889	141
DATA	1688148791	430856943	5924	16	""	2023-06-30	14:13:11	24125.168	476.98416	2103.1187	39.2693	54.85	31.7672	47.0046	0.00743062	12.1501	54.454	-72.25	0.51938	23.6893	246
DATA	1688148792	430856943	5928	16	""	2023-06-30	14:13:12	24116.217	476.76596	2102.2703	39.2685	54.8515	31.7648	47.0046	0.00735605	12.1503	54.4548	64.75	0.51938	23.6886	121
DATA	1688148793	430856943	5932	16	""	2023-06-30	14:13:13	24110.74	475.55035	2101.4841	39.2697	54.8533	31.7627	47.0044	0.00728778	12.15	54.4556	-139.75	0.51938	23.6882	 56
DATA	1688148794	430856943	5936	16	""	2023-06-30	14:13:14	24104.35	476.47504	2101.3955	39.2689	54.855	31.759	47.0038	0.00721525	12.1509	54.4563	48.25	0.518459	23.6893	 19
DATA	1688148795	430856943	5940	16	""	2023-06-30	14:13:15	24096.609	475.28851	2100.5271	39.2681	54.8569	31.7578	47.0027	0.00715248	12.1504	54.4571	-198	0.517907	23.6897	128
DATA	1688148796	430856943	5944	16	""	2023-06-30	14:13:16	24092.418	475.15359	2100.4417	39.2689	54.8589	31.7529	47.0029	0.00708584	12.1502	54.4579	55	0.517907	23.6909	 40
DATA	1688148797	430856943	5948	16	""	2023-06-30	14:13:17	24084.955	476.42264	2099.5801	39.2685	54.8606	31.7524	47.0027	0.00700668	12.1501	54.4586	11	0.517907	23.6909	 27
DATA	1688148798	430489063	5952	16	""	2023-06-30	14:13:18	24077.619	474.61774	2098.9722	39.2685	54.8626	31.7512	47.0027	0.00693439	12.1511	54.4592	-164.75	0.517907	23.6937	 33
DATA	1688148799	430489063	5956	16	""	2023-06-30	14:13:19	24071.432	474.96368	2098.4807	39.2689	54.8643	31.7459	47.002	0.00686586	12.1506	54.46	-209.5	0.516619	23.6944	 91
DATA	1688148800	430489063	5960	16	""	2023-06-30	14:13:20	24063.592	474.30078	2097.8706	39.2681	54.8657	31.7422	47.0012	0.00680392	12.1512	54.4608	-64	0.516435	23.6937	 32
DATA	1688148801	430489063	5964	16	""	2023-06-30	14:13:21	24055.988	474.31644	2097.3855	39.2689	54.867	31.7372	47.0014	0.00674976	12.1507	54.4615	-280	0.516435	23.6933	 66
DATA	1688148802	430489063	5968	16	""	2023-06-30	14:13:22	24050.703	473.50479	2096.9004	39.2697	54.8686	31.7315	47.0016	0.00667896	12.151	54.4623	-193.75	0.516435	23.6944	209
DATA	1688148803	430489063	5972	16	""	2023-06-30	14:13:23	24046.742	472.88257	2096.3513	39.2693	54.8705	31.729	47.0012	0.00662347	12.1509	54.4629	-101	0.516435	23.6948	 42
DATA	1688148804	430489063	5976	16	""	2023-06-30	14:13:24	24039.553	473.41388	2095.8589	39.2693	54.8718	31.722	47.0005	0.00657348	12.1516	54.4636	-196.75	0.515147	23.6952	224
DATA	1688148805	430489063	5980	16	""	2023-06-30	14:13:25	24035.953	472.15356	2095.2812	39.2676	54.8732	31.7167	46.9998	0.00649692	12.151	54.4644	-289.25	0.514963	23.6948	239
DATA	1688148806	430111885	5984	16	""	2023-06-30	14:13:26	24034.264	473.23004	2094.9929	39.2693	54.8746	31.7105	46.9998	0.00645886	12.1511	54.4652	-183.25	0.514963	23.6956	 19
DATA	1688148807	430111885	5988	16	""	2023-06-30	14:13:27	24026.627	472.27429	2094.1711	39.2676	54.8759	31.7052	46.9996	0.00638877	12.151	54.4658	-239.25	0.514963	23.6956	245
DATA	1688148808	430111885	5992	16	""	2023-06-30	14:13:28	24017.465	472.59241	2094.0854	39.2693	54.8769	31.7006	46.9996	0.00634336	12.1507	54.4663	-245.5	0.514963	23.6952	224
DATA	1688148809	430111885	5996	16	""	2023-06-30	14:13:29	24008.963	471.22076	2093.3081	39.2681	54.8782	31.6937	46.9994	0.00628293	12.1511	54.4669	-194	0.514963	23.6948	139
DATA	1688148810	430111885	6000	16	""	2023-06-30	14:13:30	24006.83	471.73129	2093.0801	39.2681	54.879	31.6871	46.9998	0.00624004	12.1512	54.4677	-71	0.514963	23.694	129
DATA	1688148811	430111885	6004	16	""	2023-06-30	14:13:31	24005.412	471.53125	2092.4849	39.2701	54.88	31.6838	46.9994	0.00617647	12.1525	54.4683	-213	0.513675	23.6944	236
DATA	1688148812	430111885	6008	16	""	2023-06-30	14:13:32	24000.986	470.71646	2092.0037	39.2689	54.8807	31.6768	46.9966	0.00611495	12.1514	54.469	-264.25	0.512018	23.6956	199
DATA	1688148813	429738998	6012	16	""	2023-06-30	14:13:33	23995.287	471.49149	2091.4468	39.2685	54.8817	31.6702	46.9966	0.0060714	12.1515	54.4698	-280.25	0.512018	23.696	186
DATA	1688148814	429738998	6016	16	""	2023-06-30	14:13:34	23990.346	471.1528	2091.145	39.2693	54.8823	31.6636	46.9968	0.0060225	12.1519	54.4702	-274	0.512018	23.6956	218
DATA	1688148815	429738998	6020	16	""	2023-06-30	14:13:35	23985.486	470.53299	2090.561	39.2689	54.8831	31.6571	46.9966	0.00595648	12.152	54.4706	-167.5	0.512018	23.6972	144
DATA	1688148816	429738998	6024	16	""	2023-06-30	14:13:36	23980.998	469.51987	2089.9333	39.2681	54.8836	31.655	46.9965	0.00591997	12.1524	54.4708	-283.25	0.512018	23.696	225
DATA	1688148817	429738998	6028	16	""	2023-06-30	14:13:37	23979.055	470.00406	2089.7954	39.2689	54.8842	31.648	46.9965	0.00588269	12.1523	54.4713	-322	0.512018	23.6968	103
DATA	1688148818	429738998	6032	16	""	2023-06-30	14:13:38	23977.621	470.51532	2089.4209	39.2685	54.885	31.6414	46.9965	0.00582121	12.1523	54.4721	-179	0.512018	23.696	 19
DATA	1688148819	429738998	6036	16	""	2023-06-30	14:13:39	23974.205	469.94434	2088.783	39.2693	54.8856	31.6365	46.9965	0.00577358	12.1529	54.4727	-258	0.512018	23.6972	125
DATA	1688148820	429738998	6040	16	""	2023-06-30	14:13:40	23969.871	470.08441	2088.197	39.2689	54.8864	31.6291	46.9968	0.00572493	12.1515	54.4734	-348.75	0.512018	23.6964	249
DATA	1688148821	429363965	6044	16	""	2023-06-30	14:13:41	23969.043	470.00369	2087.8254	39.2693	54.8871	31.6234	46.9968	0.00567933	12.153	54.4742	-344.5	0.512018	23.6972	165
DATA	1688148822	429363965	6048	24	""	2023-06-30	14:13:42	23920.908	465.81992	2080.5586	39.2693	54.8877	31.6176	46.9968	0.00615974	12.153	54.4748	-366.75	0.512018	23.6972	255
DATA	1688148823	429363965	6052	8	""	2023-06-30	14:13:43	23874.689	462.66992	2073.7646	39.2718	54.8885	31.6094	46.9961	0.00650751	12.1522	54.4756	-67.25	0.510914	23.6948	201
DATA	1688148824	429363965	6056	8	""	2023-06-30	14:13:44	23875.279	463.86948	2074.0391	39.2763	54.8891	31.6114	46.9937	0.00618233	12.1526	54.4761	225.75	0.509074	23.6952	194
DATA	1688148825	429363965	6060	8	""	2023-06-30	14:13:45	23870.172	462.90881	2073.938	39.2812	54.8898	31.6127	46.9935	0.00587629	12.1527	54.4769	13.5	0.509074	23.696	252
DATA	1688148826	429363965	6064	8	""	2023-06-30	14:13:46	23869.055	464.27835	2074.0046	39.2849	54.8902	31.6102	46.9935	0.00560378	12.1531	54.4775	56	0.509074	23.696	187
DATA	1688148827	429363965	6068	8	""	2023-06-30	14:13:47	23868.461	463.25177	2074.5068	39.2874	54.8906	31.6118	46.9935	0.00538577	12.153	54.4782	61.75	0.509074	23.696	 56
DATA	1688148828	428989887	6072	8	""	2023-06-30	14:13:48	23865.02	464.0993	2074.5044	39.2915	54.8912	31.6147	46.9935	0.00518838	12.1531	54.479	-25.75	0.509074	23.6968	 49
DATA	1688148829	428989887	6076	8	""	2023-06-30	14:13:49	23865.145	463.3909	2074.4216	39.2919	54.892	31.6131	46.9935	0.00500203	12.1536	54.4796	-53.75	0.509074	23.696	 39
DATA	1688148830	428989887	6080	8	""	2023-06-30	14:13:50	23860.967	463.54114	2074.446	39.2956	54.8929	31.6127	46.9935	0.00484869	12.1529	54.4804	-98.5	0.509074	23.696	 58
DATA	1688148831	428989887	6084	8	""	2023-06-30	14:13:51	23859.902	463.28036	2074.9343	39.296	54.8937	31.6081	46.9937	0.00472051	12.153	54.4809	-104.5	0.509074	23.6968	 86
DATA	1688148832	428989887	6088	8	""	2023-06-30	14:13:52	23858.648	463.43954	2075.0906	39.2968	54.8945	31.6069	46.9937	0.00459805	12.154	54.4815	-153	0.509074	23.6988	 79
DATA	1688148833	428989887	6092	8	""	2023-06-30	14:13:53	23856.152	463.04669	2074.8948	39.2977	54.8955	31.6024	46.9935	0.00449653	12.1531	54.4823	-146.5	0.509074	23.6995	213
DATA	1688148834	428989887	6096	8	""	2023-06-30	14:13:54	23855.266	463.7767	2074.9187	39.2977	54.8962	31.597	46.9935	0.00443664	12.1537	54.4829	-277	0.509074	23.6999	 51
DATA	1688148835	428989887	6100	8	""	2023-06-30	14:13:55	23851.48	463.93124	2075.0942	39.2968	54.8974	31.5909	46.9935	0.00438399	12.154	54.4836	-251	0.509074	23.7003	247
DATA	1688148836	428626060	6104	8	""	2023-06-30	14:13:56	23851.227	464.30389	2074.9053	39.2968	54.8984	31.5851	46.9935	0.0043384	12.1544	54.4842	-213.5	0.509074	23.6999	125
DATA	1688148837	428626060	6108	8	""	2023-06-30	14:13:57	23850.439	462.832	2075.0154	39.2956	54.8993	31.5814	46.9935	0.00431348	12.1535	54.4848	-492	0.509074	23.6999	238
DATA	1688148838	428626060	6112	8	""	2023-06-30	14:13:58	23848.357	463.3544	2075.073	39.2956	54.9003	31.5757	46.9935	0.00426731	12.1545	54.4854	-451.5	0.50889	23.7011	  3
DATA	1688148839	428626060	6116	8	""	2023-06-30	14:13:59	23848.627	464.15338	2075.2351	39.2927	54.9013	31.5695	46.9922	0.00423926	12.1534	54.4859	-737.5	0.506681	23.7019	172
DATA	1688148840	428626060	6120	8	""	2023-06-30	14:14:00	23847.072	463.64362	2075.1912	39.2923	54.9024	31.5629	46.9913	0.00422449	12.1539	54.4865	-781	0.506129	23.6999	 50
DATA	1688148841	428626060	6124	8	""	2023-06-30	14:14:01	23847.318	463.29034	2075.313	39.2907	54.9032	31.5572	46.9913	0.0042055	12.1549	54.4871	-914.25	0.506129	23.7003	 65
DATA	1688148842	428626060	6128	8	""	2023-06-30	14:14:02	23847.428	461.78378	2075.5547	39.2898	54.9042	31.5485	46.9913	0.00418519	12.1538	54.4875	-1001.75	0.506129	23.6999	 31
DATA	1688148843	428248882	6132	8	""	2023-06-30	14:14:03	23845.535	463.56845	2075.7163	39.2878	54.9051	31.5378	46.9913	0.00418935	12.1543	54.4882	-964.75	0.506129	23.7011	226
DATA	1688148844	428248882	6136	8	""	2023-06-30	14:14:04	23845.982	461.9296	2075.3372	39.2837	54.9061	31.5272	46.9913	0.00419785	12.1536	54.4886	-1126.25	0.506129	23.7011	217
DATA	1688148845	428248882	6140	8	""	2023-06-30	14:14:05	23846.592	463.72385	2075.6519	39.2792	54.9069	31.514	46.9902	0.00435551	12.1536	54.489	-1287.25	0.504289	23.7007	173
DATA	1688148846	428248882	6144	8	""	2023-06-30	14:14:06	23843.562	463.81271	2075.5625	39.282	54.9076	31.5041	46.9876	0.00419326	12.1542	54.4898	-996.75	0.502449	23.7003	174
DATA	1688148847	428248882	6148	8	""	2023-06-30	14:14:07	23840.213	463.70831	2075.2449	39.2812	54.9084	31.4943	46.9876	0.00414691	12.1546	54.4902	-897.5	0.502449	23.7023	166
DATA	1688148848	428248882	6152	8	""	2023-06-30	14:14:08	23840.812	464.84875	2075.7339	39.28	54.9094	31.4823	46.9876	0.00412707	12.1539	54.4905	-960	0.502449	23.7042	234
DATA	1688148849	428248882	6156	8	""	2023-06-30	14:14:09	23844.248	465.46719	2075.7766	39.2775	54.9104	31.4737	46.9876	0.00412937	12.1538	54.4909	-705	0.502449	23.7054	102
DATA	1688148850	428248882	6160	8	""	2023-06-30	14:14:10	23845.938	466.03094	2075.6458	39.2759	54.9109	31.4667	46.9876	0.00414332	12.1537	54.4913	-992	0.502449	23.705	 25
DATA	1688148851	427881956	6164	8	""	2023-06-30	14:14:11	23846.189	466.20145	2075.7461	39.2734	54.9117	31.4556	46.9876	0.00414322	12.1537	54.4919	-959.25	0.502449	23.705	171
DATA	1688148852	427881956	6168	8	""	2023-06-30	14:14:12	23849.906	467.25424	2076.0918	39.2722	54.9125	31.4441	46.9876	0.00412889	12.1548	54.4921	-1083.5	0.502449	23.7042	220
DATA	1688148853	427881956	6172	8	""	2023-06-30	14:14:13	23852.785	468.56439	2075.9961	39.2705	54.9133	31.4326	46.9876	0.0041417	12.1539	54.4927	-1152.75	0.502449	23.7058	237
DATA	1688148854	427881956	6176	8	""	2023-06-30	14:14:14	23858.988	469.15372	2076.0244	39.2685	54.9142	31.4211	46.9876	0.00416358	12.1542	54.4929	-914.25	0.502449	23.7058	238
DATA	1688148855	427881956	6180	8	""	2023-06-30	14:14:15	23862.811	470.31052	2076.0039	39.2656	54.915	31.4116	46.9876	0.00414867	12.154	54.4934	-901	0.502449	23.7062	202
DATA	1688148856	427881956	6184	8	""	2023-06-30	14:14:16	23865.734	470.89688	2076.1487	39.2627	54.915	31.4009	46.9876	0.00417904	12.1535	54.4936	-960	0.502449	23.7066	 52
DATA	1688148857	427881956	6188	8	""	2023-06-30	14:14:17	23867.316	471.62869	2076.2207	39.2615	54.9158	31.3894	46.9876	0.0041756	12.1544	54.4942	-1102.25	0.502449	23.7046	235
DATA	1688148858	427509069	6192	8	""	2023-06-30	14:14:18	23873.639	470.68661	2076.2122	39.2582	54.9164	31.3775	46.9876	0.00420027	12.1542	54.4944	-1065.5	0.502449	23.7046	216
DATA	1688148859	427509069	6196	8	""	2023-06-30	14:14:19	23870.992	470.63586	2076.0779	39.2553	54.9171	31.3652	46.9871	0.00423021	12.1541	54.4944	-1038.5	0.501528	23.705	163
DATA	1688148860	427509069	6200	8	""	2023-06-30	14:14:20	23869.256	469.28461	2076.1555	39.2541	54.9181	31.3541	46.9862	0.00421347	12.1545	54.4952	-970.5	0.500976	23.7046	150
DATA	1688148861	427509069	6204	8	""	2023-06-30	14:14:21	23866.84	468.11188	2076.3828	39.2533	54.9189	31.345	46.9862	0.00420825	12.1543	54.4952	-875	0.500976	23.7054	224
DATA	1688148862	427509069	6208	8	""	2023-06-30	14:14:22	23866.498	467.00473	2076.3269	39.2512	54.9197	31.3335	46.9862	0.00421342	12.1542	54.4952	-1092.75	0.500976	23.7062	  1
DATA	1688148863	427509069	6212	8	""	2023-06-30	14:14:23	23866.496	467.05664	2076.5232	39.2487	54.9206	31.3224	46.9862	0.00422499	12.1538	54.4952	-1028.75	0.500976	23.7058	 17
DATA	1688148864	427509069	6216	8	""	2023-06-30	14:14:24	23867.117	467.46814	2076.6282	39.2454	54.9214	31.3117	46.9862	0.00425059	12.1539	54.4952	-913.5	0.500976	23.7066	166
DATA	1688148865	427509069	6220	8	""	2023-06-30	14:14:25	23864.691	465.59525	2076.6362	39.245	54.9224	31.3014	46.9856	0.00424519	12.1544	54.4957	-888.25	0.499872	23.7062	185
DATA	1688148866	427136898	6224	8	""	2023-06-30	14:14:26	23860.447	465.13034	2076.9084	39.2434	54.9229	31.2928	46.9828	0.00422224	12.1542	54.4959	-982.5	0.498032	23.7082	173
DATA	1688148867	427136898	6228	8	""	2023-06-30	14:14:27	23859.896	465.47641	2076.7959	39.2397	54.9239	31.2813	46.9828	0.00425197	12.1542	54.4959	-1147	0.498032	23.7086	176
DATA	1688148868	427136898	6232	8	""	2023-06-30	14:14:28	23863.734	466.79163	2076.9258	39.2385	54.9247	31.2694	46.9832	0.0042764	12.1543	54.4961	-1015.25	0.498032	23.7078	241
DATA	1688148869	427136898	6236	8	""	2023-06-30	14:14:29	23866.447	466.22043	2076.853	39.236	54.9255	31.2562	46.9832	0.00429635	12.1539	54.4967	-971.5	0.498032	23.7086	 94
DATA	1688148870	427136898	6240	8	""	2023-06-30	14:14:30	23867.562	465.1712	2077.051	39.2356	54.9264	31.2468	46.9832	0.00427056	12.155	54.4967	-1001	0.498032	23.7093	200
DATA	1688148871	427136898	6244	8	""	2023-06-30	14:14:31	23864.861	465.95285	2076.7097	39.2323	54.9272	31.2357	46.9832	0.00429355	12.1539	54.4971	-1084.25	0.498032	23.7097	 31
DATA	1688148872	427136898	6248	8	""	2023-06-30	14:14:32	23868.039	465.78952	2076.9124	39.2302	54.928	31.2233	46.9832	0.00431658	12.1545	54.4975	-1058.5	0.498032	23.7082	175
DATA	1688148873	426762104	6252	8	""	2023-06-30	14:14:33	23869.256	464.53702	2077.137	39.2278	54.9288	31.2139	46.9832	0.00430788	12.1545	54.4975	-673.5	0.498032	23.709	 72
DATA	1688148874	426762104	6256	8	""	2023-06-30	14:14:34	23870.562	465.24887	2077.0974	39.2269	54.9295	31.2065	46.9832	0.00429326	12.1543	54.4975	-952.25	0.498032	23.7074	230
DATA	1688148875	426762104	6260	8	""	2023-06-30	14:14:35	23869.408	464.77444	2077.1079	39.2257	54.9303	31.1974	46.983	0.00430118	12.1541	54.4982	-1085.75	0.49748	23.7078	172
DATA	1688148876	426762104	6264	8	""	2023-06-30	14:14:36	23869.787	465.48352	2077.3198	39.2208	54.9313	31.1855	46.9801	0.00437775	12.1544	54.4982	-1148.5	0.494903	23.7082	234
DATA	1688148877	426762104	6268	8	""	2023-06-30	14:14:37	23869.93	465.62943	2077.4136	39.2208	54.932	31.1732	46.9788	0.0043699	12.1538	54.4982	-969.75	0.494351	23.7086	106
DATA	1688148878	426762104	6272	8	""	2023-06-30	14:14:38	23868.508	465.49295	2077.4106	39.22	54.9328	31.1621	46.979	0.00433045	12.1541	54.4986	-730.75	0.494351	23.709	 14
DATA	1688148879	426762104	6276	8	""	2023-06-30	14:14:39	23869.807	466.59085	2077.5471	39.2183	54.9336	31.1547	46.9792	0.00432546	12.1545	54.499	-988.25	0.494351	23.709	156
DATA	1688148880	426762104	6280	8	""	2023-06-30	14:14:40	23872.062	465.30228	2077.4839	39.2163	54.9344	31.1444	46.9792	0.00433665	12.1546	54.499	-1122.25	0.494351	23.709	142
DATA	1688148881	426388025	6284	8	""	2023-06-30	14:14:41	23873.039	465.97824	2077.6682	39.2134	54.9351	31.1325	46.9792	0.00437277	12.1551	54.499	-1034.5	0.494351	23.709	117
DATA	1688148882	426388025	6288	8	""	2023-06-30	14:14:42	23873.201	465.9758	2077.5112	39.2113	54.9359	31.121	46.9792	0.00439227	12.1549	54.499	-1087	0.494351	23.7093	222
DATA	1688148883	426388025	6292	0	""	2023-06-30	14:14:43	23877.08	465.09802	2077.6733	39.2093	54.9367	31.1115	46.9792	0.00440263	12.1542	54.4996	-1043.25	0.494351	23.7117	199
DATA	1688148884	426388025	6296	0	""	2023-06-30	14:14:44	23877.885	464.93872	2077.9131	39.2076	54.9373	31.0992	46.9788	0.00438249	12.1542	54.4998	-1042.5	0.494351	23.7117	247
DATA	1688148885	426388025	6300	0	""	2023-06-30	14:14:45	23876.852	464.91071	2077.6863	39.2056	54.9381	31.0873	46.979	0.00440784	12.1541	54.4998	-991.25	0.494351	23.7129	179
DATA	1688148886	426388025	6304	0	""	2023-06-30	14:14:46	23876.07	465.89804	2078.1484	39.2039	54.9388	31.0753	46.9792	0.00440832	12.1541	54.4998	-938.75	0.494351	23.7125	187
DATA	1688148887	426388025	6308	0	""	2023-06-30	14:14:47	23875.674	464.69888	2077.7302	39.2039	54.9392	31.0696	46.9792	0.00438006	12.1542	54.4998	-951	0.494351	23.7133	 95
DATA	1688148888	426016092	6312	0	""	2023-06-30	14:14:48	23878.215	465.45435	2077.7295	39.2006	54.9398	31.0581	46.9792	0.00447798	12.1545	54.5005	-1149.75	0.494351	23.7129	 17
DATA	1688148889	426016092	6316	0	""	2023-06-30	14:14:49	23877.404	465.28851	2077.8625	39.2006	54.94	31.0466	46.9792	0.00444045	12.1535	54.5005	-916	0.494351	23.7129	205
DATA	1688148890	426016092	6320	0	""	2023-06-30	14:14:50	23879.973	468.29941	2078.1057	39.2023	54.9408	31.0392	46.9792	0.00434125	12.1534	54.5005	-767.75	0.494351	23.7133	189
DATA	1688148891	426016092	6324	0	""	2023-06-30	14:14:51	23880.631	467.74054	2077.9905	39.2031	54.9413	31.033	46.979	0.00427447	12.1539	54.5005	-808.75	0.494351	23.7117	 82
DATA	1688148892	426016092	6328	0	""	2023-06-30	14:14:52	23882.725	467.2991	2078.1013	39.2019	54.9421	31.0276	46.9784	0.00427211	12.1544	54.5005	-603	0.493799	23.7117	238
DATA	1688148893	426016092	6332	0	""	2023-06-30	14:14:53	23884.119	467.99564	2078.4907	39.2006	54.9429	31.0202	46.9775	0.00423982	12.1541	54.5005	-762.5	0.492879	23.7113	153
DATA	1688148894	426016092	6336	0	""	2023-06-30	14:14:54	23887.02	466.84964	2078.4368	39.1998	54.9437	31.0133	46.9773	0.00423436	12.153	54.5005	-904.25	0.492879	23.7109	119
DATA	1688148895	426016092	6340	0	""	2023-06-30	14:14:55	23885.51	468.04135	2078.4194	39.2002	54.9444	31.005	46.9775	0.00421401	12.1537	54.5005	-943.5	0.492879	23.7113	 19
DATA	1688148896	425645112	6344	0	""	2023-06-30	14:14:56	23886.514	466.02405	2078.4573	39.1978	54.9452	30.9964	46.9777	0.00420818	12.1541	54.5011	-970.5	0.492879	23.7121	169
DATA	1688148897	425645112	6348	0	""	2023-06-30	14:14:57	23888.027	468.33575	2078.3496	39.1982	54.946	30.9878	46.9773	0.00419987	12.1544	54.5013	-931.5	0.492326	23.7125	147
DATA	1688148898	425645112	6352	0	""	2023-06-30	14:14:58	23892.08	467.008	2078.4658	39.1973	54.9468	30.9787	46.9768	0.00417283	12.1539	54.5013	-745.75	0.492142	23.7125	 83
DATA	1688148899	425645112	6356	0	""	2023-06-30	14:14:59	23893.41	466.63663	2078.7024	39.1953	54.9475	30.9705	46.977	0.00419074	12.1533	54.5013	-1020.5	0.492142	23.7129	 97
DATA	1688148900	425645112	6360	0	""	2023-06-30	14:15:00	23893.48	466.22327	2078.7126	39.1953	54.9483	30.9615	46.9766	0.00415674	12.1534	54.5013	-768.25	0.492142	23.7156	139
DATA	1688148901	425645112	6364	0	""	2023-06-30	14:15:01	23891.938	466.38235	2078.7551	39.1936	54.9491	30.9545	46.9766	0.00416778	12.1538	54.5013	-916.75	0.492142	23.7156	218
DATA	1688148902	425645112	6368	0	""	2023-06-30	14:15:02	23891.768	466.36459	2078.9348	39.1916	54.9499	30.9454	46.9755	0.00418507	12.1538	54.5013	-818.75	0.490302	23.7156	229
DATA	1688148903	425271034	6372	0	""	2023-06-30	14:15:03	23888.617	465.52997	2078.7383	39.1916	54.9506	30.9372	46.9731	0.00416157	12.1544	54.5013	-888.5	0.488461	23.7156	167
DATA	1688148904	425271034	6376	0	""	2023-06-30	14:15:04	23887.336	467.11472	2078.8391	39.1908	54.9514	30.929	46.9729	0.00415098	12.1548	54.5013	-868.5	0.488461	23.7148	119
DATA	1688148905	425271034	6380	0	""	2023-06-30	14:15:05	23890.129	465.73605	2078.9673	39.1899	54.9522	30.9203	46.9729	0.00413877	12.1542	54.5013	-864.25	0.488461	23.7152	206
DATA	1688148906	425271034	6384	0	""	2023-06-30	14:15:06	23890.898	466.46091	2079.259	39.1875	54.953	30.9125	46.9731	0.00416135	12.1537	54.5013	-782	0.488461	23.7156	214
DATA	1688148907	425271034	6388	0	""	2023-06-30	14:15:07	23890.479	466.01672	2079.0286	39.1842	54.9535	30.9039	46.9733	0.00414369	12.154	54.5013	-940.5	0.488461	23.7152	100
DATA	1688148908	425271034	6392	0	""	2023-06-30	14:15:08	23891.98	464.96609	2079.135	39.1793	54.9543	30.892	46.9729	0.00427892	12.154	54.5013	-1247.25	0.488461	23.7141	 65
DATA	1688148909	425271034	6396	0	""	2023-06-30	14:15:09	23894.762	464.69427	2078.9939	39.1813	54.9553	30.878	46.9729	0.00423123	12.1534	54.5013	-731.75	0.488461	23.7144	175
DATA	1688148910	425271034	6400	0	""	2023-06-30	14:15:10	23897.539	464.72638	2079.4707	39.1834	54.9559	30.8698	46.9729	0.00413631	12.1533	54.5013	-670.5	0.488461	23.7137	153
DATA	1688148911	424906969	6404	0	""	2023-06-30	14:15:11	23900.117	463.60422	2079.4707	39.1817	54.9566	30.8632	46.9729	0.00413684	12.1539	54.5013	-741.5	0.488461	23.7137	144
DATA	1688148912	424906969	6408	0	""	2023-06-30	14:15:12	23900.682	463.16904	2079.8325	39.1805	54.9574	30.8566	46.9729	0.0041507	12.1536	54.5013	-883	0.488461	23.7141	  8
DATA	1688148913	424906969	6412	0	""	2023-06-30	14:15:13	23904.57	463.06644	2079.4426	39.1784	54.958	30.85	46.9729	0.00415465	12.1539	54.5013	-984.75	0.488461	23.7137	 22
DATA	1688148914	424906969	6416	0	""	2023-06-30	14:15:14	23903.205	462.66211	2079.6255	39.1784	54.9588	30.8414	46.9729	0.00416597	12.1534	54.5013	-955.75	0.488461	23.7141	218
DATA	1688148915	424906969	6420	0	""	2023-06-30	14:15:15	23903.057	463.37454	2079.6204	39.1747	54.9596	30.8299	46.9733	0.00417964	12.1547	54.5013	-1000.25	0.488461	23.7144	  1
DATA	1688148916	424906969	6424	0	""	2023-06-30	14:15:16	23904.564	462.53796	2079.6826	39.1739	54.9601	30.8188	46.972	0.00418406	12.1535	54.5013	-982.25	0.487173	23.7152	173
DATA	1688148917	424906969	6428	0	""	2023-06-30	14:15:17	23903.246	461.92783	2079.5808	39.1727	54.9607	30.811	46.9714	0.00417962	12.1546	54.5013	-1043	0.486989	23.7172	 75
DATA	1688148918	424526929	6432	0	""	2023-06-30	14:15:18	23904.271	462.48306	2079.8606	39.1719	54.9615	30.7999	46.9714	0.00416874	12.1538	54.5013	-930.25	0.486989	23.7172	236
DATA	1688148919	424526929	6436	0	""	2023-06-30	14:15:19	23906.467	461.82565	2079.7778	39.169	54.9621	30.7896	46.9714	0.0041918	12.154	54.5013	-969.75	0.486989	23.7172	114
DATA	1688148920	424526929	6440	0	""	2023-06-30	14:15:20	23907.562	462.07248	2079.6377	39.1682	54.9628	30.7806	46.9714	0.00420189	12.1546	54.5013	-931	0.486989	23.7168	 70
DATA	1688148921	424526929	6444	0	""	2023-06-30	14:15:21	23906.426	461.67313	2079.9832	39.1677	54.9636	30.7736	46.9714	0.0042225	12.1538	54.5013	-966	0.486989	23.7168	 28
DATA	1688148922	424526929	6448	0	""	2023-06-30	14:15:22	23905.85	461.95837	2080.0691	39.1649	54.964	30.7612	46.9714	0.00420692	12.1543	54.5013	-945.25	0.486989	23.7172	116
DATA	1688148923	424526929	6452	0	""	2023-06-30	14:15:23	23904.824	461.8074	2079.9487	39.1636	54.9646	30.7534	46.9711	0.00420037	12.1536	54.5013	-907.5	0.486437	23.7176	105
DATA	1688148924	424526929	6456	0	""	2023-06-30	14:15:24	23903.322	460.82535	2079.8481	39.1624	54.9648	30.7419	46.9707	0.00422735	12.1532	54.5013	-1046.5	0.486253	23.7172	191
DATA	1688148925	424526929	6460	0	""	2023-06-30	14:15:25	23903.178	461.28644	2080.1436	39.1616	54.9654	30.7321	46.9707	0.00423938	12.1536	54.5013	-933.5	0.486253	23.716	 89
DATA	1688148926	424158096	6464	0	""	2023-06-30	14:15:26	23899.412	460.94202	2079.9761	39.1599	54.966	30.7251	46.9705	0.00423654	12.154	54.5013	-951.75	0.485701	23.7152	107
DATA	1688148927	424158096	6468	0	""	2023-06-30	14:15:27	23896.135	461.07358	2080.2139	39.1591	54.9665	30.7164	46.9689	0.00424763	12.1542	54.5013	-987	0.484228	23.7156	 76
DATA	1688148928	424158096	6472	0	""	2023-06-30	14:15:28	23897.328	460.89706	2080.2507	39.1566	54.9673	30.7066	46.9685	0.00424969	12.1533	54.5013	-958.75	0.484044	23.7156	237
DATA	1688148929	424158096	6476	0	""	2023-06-30	14:15:29	23898.518	460.49747	2080.1616	39.1558	54.9681	30.6959	46.9685	0.00426654	12.1533	54.5013	-1019	0.484044	23.7152	128
DATA	1688148930	424158096	6480	0	""	2023-06-30	14:15:30	23897.785	460.54611	2080.4011	39.1546	54.9687	30.6856	46.9685	0.00425972	12.1539	54.5013	-941.5	0.484044	23.7152	151
DATA	1688148931	424158096	6484	0	""	2023-06-30	14:15:31	23897.305	459.8894	2080.5461	39.1538	54.9694	30.6753	46.9685	0.00426163	12.1535	54.5013	-934	0.484044	23.7156	 18
DATA	1688148932	424158096	6488	0	""	2023-06-30	14:15:32	23896.682	460.38672	2080.3574	39.1529	54.9702	30.6675	46.9685	0.00425341	12.154	54.5013	-916	0.484044	23.716	212
DATA	1688148933	423784017	6492	0	""	2023-06-30	14:15:33	23899.318	459.58072	2080.3765	39.1509	54.971	30.6589	46.9685	0.00425671	12.1538	54.5013	-941	0.484044	23.716	223
DATA	1688148934	423784017	6496	0	""	2023-06-30	14:15:34	23899.863	460.15924	2080.4856	39.1505	54.9718	30.6494	46.9685	0.00426925	12.1537	54.5013	-1001.75	0.484044	23.7192	  7
DATA	1688148935	423784017	6500	0	""	2023-06-30	14:15:35	23901.24	460.46484	2080.2646	39.1488	54.9725	30.6404	46.9674	0.00427618	12.1533	54.5013	-944.5	0.482756	23.7192	 89
DATA	1688148936	423784017	6504	0	""	2023-06-30	14:15:36	23903.77	461.13498	2080.7356	39.1488	54.9733	30.6309	46.9666	0.00427313	12.1535	54.5013	-957.25	0.482572	23.7176	158
DATA	1688148937	423784017	6508	0	""	2023-06-30	14:15:37	23904.955	460.17432	2080.8286	39.1464	54.9741	30.6202	46.9668	0.00428217	12.1539	54.5013	-780.5	0.482572	23.7168	152
DATA	1688148938	423784017	6512	0	""	2023-06-30	14:15:38	23905.004	459.48309	2080.5344	39.1455	54.9747	30.6112	46.967	0.0042954	12.1536	54.5013	-986.75	0.482572	23.7184	103
DATA	1688148939	423784017	6516	0	""	2023-06-30	14:15:39	23907.176	459.76254	2080.5078	39.1439	54.9754	30.6026	46.967	0.00429073	12.1534	54.5013	-849.75	0.482572	23.7188	178
DATA	1688148940	423784017	6520	0	""	2023-06-30	14:15:40	23906.324	460.59543	2080.7544	39.1435	54.9762	30.5947	46.967	0.00427577	12.1539	54.5013	-914.75	0.482572	23.718	100
DATA	1688148941	423423051	6524	0	""	2023-06-30	14:15:41	23906.76	460.51154	2080.6797	39.1418	54.977	30.5857	46.967	0.00427678	12.1536	54.5013	-1010.5	0.482572	23.7188	 37
DATA	1688148942	423423051	6528	0	""	2023-06-30	14:15:42	23907.656	459.21185	2080.8262	39.1406	54.9776	30.5762	46.967	0.00428558	12.1536	54.5013	-727.5	0.482572	23.7172	 97
DATA	1688148943	423423051	6532	0	""	2023-06-30	14:15:43	23904.463	459.86923	2080.7202	39.1402	54.9785	30.5688	46.9665	0.00428335	12.1539	54.5013	-966	0.481652	23.7172	 46
DATA	1688148944	423423051	6536	0	""	2023-06-30	14:15:44	23905.568	458.54501	2081.0598	39.1386	54.9791	30.5598	46.9652	0.00428836	12.1537	54.5013	-808.25	0.4811	23.7172	101
DATA	1688148945	423423051	6540	0	""	2023-06-30	14:15:45	23901.879	459.2049	2080.8799	39.139	54.9797	30.5495	46.9655	0.00428509	12.1538	54.5013	-878.5	0.4811	23.7172	225
DATA	1688148946	423423051	6544	0	""	2023-06-30	14:15:46	23903.924	458.70096	2080.9263	39.1377	54.9805	30.5405	46.9655	0.00428846	12.154	54.5013	-907.75	0.4811	23.7168	 45
DATA	1688148947	423423051	6548	0	""	2023-06-30	14:15:47	23905.316	458.89951	2080.7749	39.1353	54.9813	30.5306	46.9654	0.00429228	12.1536	54.5013	-968.75	0.4811	23.7168	112
DATA	1688148948	423041105	6552	0	""	2023-06-30	14:15:48	23907.695	459.68848	2081.239	39.1349	54.9816	30.5212	46.9655	0.00429959	12.1541	54.5013	-932.75	0.4811	23.7172	 58
DATA	1688148949	423041105	6556	0	""	2023-06-30	14:15:49	23907.631	459.36569	2080.8774	39.1353	54.9824	30.5133	46.9655	0.00427247	12.1544	54.5013	-802.75	0.4811	23.718	 42
DATA	1688148950	423041105	6560	0	""	2023-06-30	14:15:50	23907.777	458.70004	2081.1541	39.1361	54.9832	30.5084	46.9655	0.0042279	12.1537	54.5013	-872.25	0.480916	23.7199	124
DATA	1688148951	423041105	6564	0	""	2023-06-30	14:15:51	23906.369	459.60254	2080.9231	39.1349	54.9838	30.501	46.9644	0.0042114	12.1534	54.5013	-835.5	0.480363	23.7207	  7
DATA	1688148952	423041105	6568	0	""	2023-06-30	14:15:52	23907.4	458.78952	2081.1382	39.1357	54.9844	30.494	46.9648	0.00419137	12.1536	54.5013	-965.25	0.480363	23.7203	 41
DATA	1688148953	423041105	6572	0	""	2023-06-30	14:15:53	23907.088	458.35999	2081.3711	39.1353	54.9849	30.4854	46.9648	0.00416668	12.1542	54.5013	-838.75	0.480363	23.7207	212
DATA	1688148954	423041105	6576	0	""	2023-06-30	14:15:54	23905.973	459.18842	2081.2991	39.1344	54.9855	30.478	46.9644	0.00417075	12.154	54.5013	-707.5	0.480363	23.7203	 39
DATA	1688148955	423041105	6580	0	""	2023-06-30	14:15:55	23910.602	459.35284	2081.2063	39.1336	54.9861	30.4726	46.9644	0.00416258	12.154	54.5013	-889.5	0.480179	23.7203	 74
DATA	1688148956	422677040	6584	0	""	2023-06-30	14:15:56	23911.26	460.01749	2081.2612	39.1336	54.9867	30.4644	46.9632	0.00415653	12.1539	54.5013	-840.75	0.478523	23.7199	148
DATA	1688148957	422677040	6588	0	""	2023-06-30	14:15:57	23911.455	458.05539	2081.2571	39.1332	54.9873	30.4582	46.9611	0.00413644	12.1539	54.5013	-866.75	0.477419	23.7207	210
DATA	1688148958	422677040	6592	0	""	2023-06-30	14:15:58	23909.236	458.08093	2081.4434	39.132	54.9879	30.4476	46.9615	0.00414704	12.1535	54.5013	-914.25	0.477419	23.7203	149
DATA	1688148959	422677040	6596	0	""	2023-06-30	14:15:59	23911.031	458.42804	2081.2556	39.1324	54.9884	30.4381	46.9611	0.00412173	12.154	54.5013	-900.5	0.477419	23.7192	 79
DATA	1688148960	422677040	6600	0	""	2023-06-30	14:16:00	23909.174	458.85239	2081.2007	39.1303	54.9888	30.4315	46.9611	0.00414267	12.1545	54.5017	-974.75	0.477419	23.7184	187
DATA	1688148961	422677040	6604	0	""	2023-06-30	14:16:01	23910.066	458.56876	2081.4314	39.1307	54.9894	30.4225	46.9611	0.00413738	12.1541	54.5017	-880.25	0.477419	23.7188	187
DATA	1688148962	422677040	6608	0	""	2023-06-30	14:16:02	23910.039	458.67584	2081.377	39.1295	54.9894	30.4134	46.9611	0.00412397	12.1544	54.5021	-943.75	0.477419	23.7188	156
DATA	1688148963	422302961	6612	0	""	2023-06-30	14:16:03	23910.9	457.72345	2081.448	39.1275	54.9894	30.404	46.9611	0.00413802	12.1535	54.5021	-980.75	0.477419	23.7184	231
DATA	1688148964	422302961	6616	0	""	2023-06-30	14:16:04	23911.438	457.91791	2081.4482	39.1279	54.9902	30.3953	46.9615	0.00414702	12.1538	54.5021	-954.5	0.477419	23.7184	147
DATA	1688148965	422302961	6620	0	""	2023-06-30	14:16:05	23910.621	457.34583	2081.2263	39.127	54.9902	30.3884	46.9615	0.00412716	12.154	54.5021	-964.25	0.477419	23.7188	 77
DATA	1688148966	422302961	6624	0	""	2023-06-30	14:16:06	23911.418	458.69452	2081.6057	39.1266	54.991	30.3805	46.9615	0.00413808	12.1536	54.5021	-986	0.477419	23.7188	  5
DATA	1688148967	422302961	6628	0	""	2023-06-30	14:16:07	23911.871	457.76068	2081.5371	39.1258	54.991	30.3711	46.9613	0.00412352	12.1536	54.5021	-863	0.477419	23.7207	242
DATA	1688148968	422302961	6632	0	""	2023-06-30	14:16:08	23913.896	456.98947	2081.5352	39.1262	54.9917	30.3641	46.9611	0.00412719	12.1541	54.5021	-964.5	0.477419	23.7215	153
DATA	1688148969	422302961	6636	0	""	2023-06-30	14:16:09	23916.217	457.43677	2081.563	39.1242	54.9919	30.3563	46.9611	0.00412228	12.154	54.5021	-957.5	0.477419	23.7223	 41
DATA	1688148970	422302961	6640	0	""	2023-06-30	14:16:10	23917.457	458.19373	2081.7327	39.1229	54.9925	30.346	46.9608	0.00413951	12.1539	54.5021	-961.5	0.476866	23.7223	 93
DATA	1688148971	421932935	6644	0	""	2023-06-30	14:16:11	23917.115	457.96793	2081.761	39.1229	54.9927	30.339	46.9604	0.00413043	12.1539	54.5021	-974	0.476682	23.7223	205
DATA	1688148972	421932935	6648	0	""	2023-06-30	14:16:12	23919.074	457.34082	2081.8086	39.1221	54.9933	30.3312	46.9606	0.00413972	12.1532	54.5021	-835.75	0.476682	23.7219	192
DATA	1688148973	421932935	6652	0	""	2023-06-30	14:16:13	23920.66	456.79761	2081.583	39.1209	54.9935	30.3226	46.9608	0.00414559	12.154	54.5021	-756.75	0.476682	23.7215	 57
DATA	1688148974	421932935	6656	0	""	2023-06-30	14:16:14	23921.678	456.54108	2081.7161	39.1209	54.9941	30.3135	46.9608	0.00413319	12.1546	54.5021	-935.5	0.476682	23.7215	143
DATA	1688148975	421932935	6660	0	""	2023-06-30	14:16:15	23922.539	456.24155	2081.8047	39.1192	54.9941	30.3037	46.9608	0.00413832	12.1543	54.5021	-980.25	0.476682	23.7223	188
DATA	1688148976	421932935	6664	0	""	2023-06-30	14:16:16	23923.451	457.14618	2081.7573	39.118	54.9948	30.2954	46.96	0.0041586	12.1542	54.5021	-1013.75	0.475578	23.7207	 54
DATA	1688148977	421932935	6668	0	""	2023-06-30	14:16:17	23925.061	456.32947	2081.7888	39.1192	54.9948	30.2848	46.9576	0.00415891	12.1537	54.5021	-938.25	0.473738	23.7203	243
DATA	1688148978	421556949	6672	0	""	2023-06-30	14:16:18	23925.219	455.80231	2081.8064	39.1168	54.9956	30.2782	46.9574	0.00415368	12.155	54.5021	-665.75	0.473738	23.7199	186
DATA	1688148979	421556949	6676	0	""	2023-06-30	14:16:19	23924.926	455.89771	2081.9265	39.1159	54.9956	30.2691	46.9574	0.0041624	12.1542	54.5021	-936.75	0.473738	23.7199	209
DATA	1688148980	421556949	6680	0	""	2023-06-30	14:16:20	23928.223	456.55704	2082.031	39.1159	54.9962	30.2613	46.9574	0.00415258	12.1536	54.5021	-884.75	0.473738	23.7199	159
DATA	1688148981	421556949	6684	0	""	2023-06-30	14:16:21	23926.58	456.2077	2082.0957	39.1151	54.9964	30.2519	46.9574	0.00414869	12.1534	54.5021	-922.75	0.473738	23.7199	130
DATA	1688148982	421556949	6688	0	""	2023-06-30	14:16:22	23930.283	456.21606	2082.073	39.1147	54.9964	30.2424	46.9574	0.00415799	12.154	54.5021	-929.5	0.473738	23.7207	 61
DATA	1688148983	421556949	6692	0	""	2023-06-30	14:16:23	23936.141	455.77621	2082.3132	39.1143	54.9972	30.2358	46.9576	0.00414066	12.1542	54.5021	-798.5	0.473738	23.7207	154
DATA	1688148984	421556949	6696	0	""	2023-06-30	14:16:24	23954.422	455.63089	2082.5452	39.1131	54.9972	30.228	46.9574	0.00417063	12.1551	54.5021	-823	0.473738	23.7239	  8
DATA	1688148985	421556949	6700	0	""	2023-06-30	14:16:25	23958.932	454.99588	2082.6577	39.1122	54.9974	30.2202	46.9574	0.00417064	12.1529	54.5021	-954.25	0.473738	23.7235	227
DATA	1688148986	421190023	6704	0	""	2023-06-30	14:16:26	23963.998	455.64032	2082.8311	39.1127	54.9979	30.2108	46.9574	0.00417334	12.1527	54.5025	-782.75	0.473738	23.7235	204
DATA	1688148987	421190023	6708	0	""	2023-06-30	14:16:27	23967.688	453.45856	2082.6624	39.1118	54.9979	30.2025	46.9574	0.00417996	12.1534	54.5029	-974	0.473738	23.7243	 88
DATA	1688148988	421190023	6712	0	""	2023-06-30	14:16:28	23975.33	455.15598	2082.7847	39.1118	54.9979	30.1927	46.9574	0.00419222	12.1554	54.5029	-890.75	0.473738	23.7243	177
DATA	1688148989	421190023	6716	0	""	2023-06-30	14:16:29	23975.494	455.40039	2082.5461	39.1102	54.9983	30.1861	46.9574	0.00420083	12.1542	54.5029	-967.75	0.473738	23.7246	207
DATA	1688148990	421190023	6720	0	""	2023-06-30	14:16:30	23973.232	455.2251	2082.6301	39.1098	54.9987	30.177	46.9574	0.00420052	12.1553	54.5029	-939	0.473738	23.7254	181
DATA	1688148991	421190023	6724	0	""	2023-06-30	14:16:31	23971.795	455.58725	2082.6201	39.1094	54.9987	30.1705	46.9574	0.0042065	12.1536	54.5029	-914.25	0.473554	23.725	 92
DATA	1688148992	421190023	6728	0	""	2023-06-30	14:16:32	23968.607	455.34393	2082.7263	39.109	54.9987	30.1627	46.9556	0.00421588	12.1537	54.5027	-986.25	0.471161	23.7235	161
DATA	1688148993	420809984	6732	0	""	2023-06-30	14:16:33	23967.232	454.69327	2082.6484	39.1073	54.9993	30.154	46.9534	0.00420042	12.1541	54.5021	-796.75	0.470057	23.7235	149
DATA	1688148994	420809984	6736	0	""	2023-06-30	14:16:34	23964.443	454.77426	2082.9575	39.1065	54.9995	30.1454	46.9538	0.00421482	12.1545	54.5021	-949.5	0.470057	23.7219	178
DATA	1688148995	420809984	6740	0	""	2023-06-30	14:16:35	23962.863	454.57516	2082.5708	39.1065	54.9995	30.1372	46.9538	0.00422735	12.1543	54.5021	-935.25	0.470057	23.7215	211
DATA	1688148996	420809984	6744	0	""	2023-06-30	14:16:36	23962.564	453.41547	2082.6936	39.1073	54.9995	30.1298	46.9538	0.00419462	12.1535	54.5021	-758.75	0.470057	23.7219	237
DATA	1688148997	420809984	6748	0	""	2023-06-30	14:16:37	23961.473	454.2308	2082.8015	39.1077	54.9995	30.1228	46.9538	0.00416394	12.1542	54.5021	-735.75	0.470057	23.7211	159
DATA	1688148998	420809984	6752	0	""	2023-06-30	14:16:38	23960.539	454.63132	2082.5886	39.1069	55.0001	30.1158	46.9538	0.00416519	12.1543	54.5021	-776.25	0.470057	23.7219	202
DATA	1688148999	420809984	6756	0	""	2023-06-30	14:16:39	23958.857	453.99301	2082.6917	39.1065	55.0003	30.11	46.9538	0.00416619	12.1542	54.5021	-618	0.470057	23.7219	211
DATA	1688149000	420809984	6760	0	""	2023-06-30	14:16:40	23960.961	453.87921	2082.9424	39.1061	55.0003	30.1022	46.9538	0.00414959	12.1539	54.5021	-818	0.470057	23.7231	  8
DATA	1688149001	420440912	6764	0	""	2023-06-30	14:16:41	23963.131	454.0094	2082.8789	39.1065	55.0003	30.0965	46.9538	0.00417044	12.1544	54.5021	-854	0.470057	23.7239	207
DATA	1688149002	420440912	6768	0	""	2023-06-30	14:16:42	23962.939	452.49902	2082.4333	39.1053	55.0003	30.0895	46.9538	0.00414823	12.1543	54.5021	-874	0.470057	23.725	213
DATA	1688149003	420440912	6772	0	""	2023-06-30	14:16:43	23961.496	454.13794	2082.8811	39.1057	55.0003	30.0837	46.9538	0.00412832	12.1537	54.5021	-797.25	0.470057	23.725	112
DATA	1688149004	420440912	6776	0	""	2023-06-30	14:16:44	23964.664	452.23413	2082.6907	39.1048	55.0006	30.0763	46.9538	0.0041349	12.1543	54.5021	-880.5	0.470057	23.725	  3
DATA	1688149005	420440912	6780	0	""	2023-06-30	14:16:45	23966.398	453.42703	2082.6912	39.1061	55.001	30.0702	46.9538	0.00413704	12.154	54.5025	-806.5	0.470057	23.7254	246
DATA	1688149006	420440912	6784	0	""	2023-06-30	14:16:46	23966.92	451.88321	2082.8523	39.1048	55.001	30.0632	46.9538	0.00412356	12.1541	54.5029	-899.25	0.470057	23.7266	 70
DATA	1688149007	420440912	6788	0	""	2023-06-30	14:16:47	23968.391	452.69931	2082.7788	39.1048	55.001	30.0549	46.9538	0.00413164	12.1544	54.5029	-994	0.470057	23.7266	  2
DATA	1688149008	420078039	6792	0	""	2023-06-30	14:16:48	23966.014	452.16101	2082.4553	39.104	55.001	30.0471	46.9538	0.00412619	12.1541	54.5027	-766.25	0.470057	23.7266	 47
DATA	1688149009	420078039	6796	0	""	2023-06-30	14:16:49	23963.455	453.00781	2082.6047	39.1032	55.001	30.0401	46.9538	0.00414263	12.1536	54.5025	-937	0.470057	23.725	160
DATA	1688149010	420078039	6800	0	""	2023-06-30	14:16:50	23962.521	452.28558	2082.7031	39.1032	55.001	30.0332	46.9538	0.00413258	12.1542	54.5021	-710.5	0.470057	23.7243	  9
DATA	1688149011	420078039	6804	0	""	2023-06-30	14:16:51	23963.727	453.06717	2082.9141	39.1024	55.0012	30.0262	46.9538	0.00412704	12.1542	54.5021	-778.75	0.470057	23.7235	140
DATA	1688149012	420078039	6808	0	""	2023-06-30	14:16:52	23965.898	453.16943	2082.6089	39.102	55.0018	30.0192	46.9538	0.0041383	12.154	54.5021	-764.25	0.470057	23.7243	 15
DATA	1688149013	420078039	6812	0	""	2023-06-30	14:16:53	23967.314	452.92319	2082.7473	39.1011	55.0018	30.0122	46.9538	0.0041271	12.1545	54.5021	-834.75	0.470057	23.7235	 89
DATA	1688149014	420078039	6816	0	""	2023-06-30	14:16:54	23964.891	453.23959	2082.5942	39.1011	55.0018	30.0044	46.9538	0.00413527	12.1539	54.5021	-822.5	0.469872	23.7235	122
DATA	1688149015	420078039	6820	0	""	2023-06-30	14:16:55	23965.064	452.56979	2082.9741	39.1011	55.0018	29.9978	46.9527	0.00413705	12.1539	54.5021	-724.5	0.468952	23.7235	148
DATA	1688149016	419697999	6824	0	""	2023-06-30	14:16:56	23965.699	452.47479	2082.6855	39.0999	55.0018	29.9908	46.9521	0.0041333	12.1542	54.5021	-886.75	0.468584	23.7246	214
DATA	1688149017	419697999	6828	0	""	2023-06-30	14:16:57	23965.805	453.01031	2082.8582	39.0999	55.0018	29.9838	46.9523	0.00414843	12.1551	54.5021	-846.5	0.468584	23.7239	188
DATA	1688149018	419697999	6832	0	""	2023-06-30	14:16:58	23966.521	452.65366	2082.5693	39.1003	55.0018	29.9772	46.9523	0.00414585	12.155	54.5021	-775.75	0.468584	23.7266	185
DATA	1688149019	419697999	6836	0	""	2023-06-30	14:16:59	23968.338	452.63788	2083.1389	39.0991	55.0018	29.9711	46.9523	0.00415441	12.1539	54.5021	-918	0.468584	23.727	 51
DATA	1688149020	419697999	6840	0	""	2023-06-30	14:17:00	23969.557	452.39404	2082.7317	39.0974	55.002	29.9641	46.9523	0.00415043	12.1544	54.5021	-687	0.468584	23.727	214
DATA	1688149021	419697999	6844	0	""	2023-06-30	14:17:01	23967.887	451.45667	2083.0471	39.0999	55.0022	29.9567	46.9523	0.00413555	12.1543	54.5021	-869	0.468584	23.727	 41
DATA	1688149022	419697999	6848	0	""	2023-06-30	14:17:02	23970.186	452.27579	2082.8982	39.0987	55.0026	29.9489	46.9521	0.00415486	12.1547	54.5021	-886.25	0.468216	23.727	201
DATA	1688149023	419326066	6852	0	""	2023-06-30	14:17:03	23969.879	451.9032	2082.8264	39.097	55.0026	29.9431	46.9512	0.00415621	12.1545	54.5021	-960	0.467848	23.7274	199
DATA	1688149024	419326066	6856	0	""	2023-06-30	14:17:04	23971.492	452.94086	2082.6943	39.0979	55.0026	29.9341	46.9514	0.004156	12.1541	54.5021	-812.25	0.467848	23.727	 46
DATA	1688149025	419326066	6860	0	""	2023-06-30	14:17:05	23971.059	453.52365	2082.9709	39.0979	55.0026	29.9267	46.9512	0.00415448	12.1544	54.5021	-700	0.467848	23.7266	 54
DATA	1688149026	419326066	6864	0	""	2023-06-30	14:17:06	23969.863	452.69177	2082.8953	39.0983	55.0026	29.9213	46.9514	0.00413659	12.1547	54.5021	-831.5	0.467848	23.725	120
DATA	1688149027	419326066	6868	0	""	2023-06-30	14:17:07	23971.543	453.05127	2083.0378	39.0966	55.0026	29.9143	46.9514	0.00415006	12.1551	54.5021	-948	0.467664	23.7254	 38
DATA	1688149028	419326066	6872	0	""	2023-06-30	14:17:08	23971.924	453.04419	2083.1067	39.0958	55.0026	29.9053	46.9501	0.00415929	12.1549	54.5021	-717.75	0.466559	23.7239	208
DATA	1688149029	419326066	6876	0	""	2023-06-30	14:17:09	23973.801	452.12921	2083.2043	39.0958	55.0026	29.8975	46.9495	0.00415311	12.1551	54.5021	-734.75	0.466375	23.725	143
DATA	1688149030	419326066	6880	0	""	2023-06-30	14:17:10	23975.119	453.47934	2082.9414	39.0958	55.0026	29.8913	46.9499	0.00414918	12.1544	54.5021	-811.5	0.466375	23.725	 98
DATA	1688149031	418960094	6884	0	""	2023-06-30	14:17:11	23976.824	452.16434	2082.7002	39.0954	55.0026	29.8843	46.9497	0.00415544	12.1547	54.5021	-856.5	0.466375	23.7262	148
DATA	1688149032	418960094	6888	0	""	2023-06-30	14:17:12	23978.023	452.89642	2083.0886	39.0954	55.0034	29.8765	46.9497	0.00414899	12.1541	54.5021	-636.25	0.466375	23.7254	227
DATA	1688149033	418960094	6892	0	""	2023-06-30	14:17:13	23978.117	452.31223	2082.9192	39.0942	55.0034	29.8695	46.9499	0.00415607	12.1544	54.5021	-769.5	0.466375	23.7254	157
DATA	1688149034	418960094	6896	0	""	2023-06-30	14:17:14	23975.902	450.95038	2082.8098	39.0946	55.0034	29.8634	46.9497	0.00416175	12.1532	54.5021	-817	0.466375	23.7254	 66
DATA	1688149035	418960094	6900	0	""	2023-06-30	14:17:15	23964.797	449.87393	2082.8977	39.0942	55.0034	29.856	46.9499	0.00416522	12.1548	54.5021	-856.25	0.466375	23.7286	191
DATA	1688149036	418960094	6904	0	""	2023-06-30	14:17:16	23962.951	450.56308	2082.7825	39.0933	55.0034	29.8498	46.9501	0.00416183	12.155	54.5021	-725	0.466375	23.727	199
DATA	1688149037	418960094	6908	0	""	2023-06-30	14:17:17	23964.793	450.29962	2082.9126	39.0929	55.0034	29.8436	46.9499	0.00416633	12.1541	54.5021	-770.5	0.466375	23.7274	169
DATA	1688149038	418582916	6912	0	""	2023-06-30	14:17:18	23967.195	450.8049	2082.9219	39.0933	55.0034	29.8366	46.9493	0.00415777	12.1547	54.5021	-652.25	0.465455	23.7282	167
DATA	1688149039	418582916	6916	0	""	2023-06-30	14:17:19	23965.621	450.17142	2083.0569	39.0929	55.0034	29.8288	46.9484	0.00415343	12.1543	54.5021	-701.25	0.464903	23.7278	197
DATA	1688149040	418582916	6920	0	""	2023-06-30	14:17:20	23961.547	449.29318	2082.8806	39.0929	55.0034	29.8227	46.9482	0.00415051	12.1552	54.5021	-844.25	0.464903	23.7278	191
DATA	1688149041	418582916	6924	0	""	2023-06-30	14:17:21	23961.145	448.78424	2083.1077	39.0925	55.0034	29.8157	46.9482	0.00415407	12.1542	54.5021	-848.25	0.464903	23.7278	192
DATA	1688149042	418582916	6928	0	""	2023-06-30	14:17:22	23963.512	449.2554	2083.0415	39.0929	55.0034	29.8091	46.9482	0.00413352	12.1548	54.5021	-782.25	0.464903	23.7282	133
DATA	1688149043	418582916	6932	0	""	2023-06-30	14:17:23	23955.576	448.7355	2082.958	39.0917	55.0034	29.8029	46.9482	0.00414241	12.1547	54.5021	-773.5	0.464903	23.7266	 54
DATA	1688149044	418582916	6936	0	""	2023-06-30	14:17:24	23937.908	448.16171	2083.2188	39.0925	55.0034	29.7976	46.9486	0.00413279	12.1545	54.5021	-775.75	0.464903	23.7262	223
DATA	1688149045	418582916	6940	0	""	2023-06-30	14:17:25	23908.021	447.00949	2082.717	39.0921	55.0034	29.7898	46.9486	0.00412735	12.155	54.5021	-786	0.464903	23.7262	203
DATA	1688149046	418219089	6944	0	""	2023-06-30	14:17:26	23898.432	446.43054	2082.8132	39.0925	55.0034	29.784	46.9486	0.00413249	12.155	54.5021	-691.25	0.464903	23.7262	 93
DATA	1688149047	418219089	6948	0	""	2023-06-30	14:17:27	23878.656	445.6539	2083.1335	39.0921	55.0034	29.7762	46.9482	0.00410322	12.1555	54.5021	-677.5	0.464903	23.7262	101
DATA	1688149048	418219089	6952	0	""	2023-06-30	14:17:28	23889.855	446.3653	2082.9666	39.0909	55.0034	29.7696	46.9484	0.00411973	12.1546	54.5021	-598.25	0.464903	23.7262	189
DATA	1688149049	418219089	6956	0	""	2023-06-30	14:17:29	23899.186	446.37555	2082.9944	39.0905	55.0034	29.7631	46.9475	0.00411804	12.1549	54.5023	-625.25	0.463246	23.7266	225
DATA	1688149050	418219089	6960	0	""	2023-06-30	14:17:30	23899.721	446.49451	2082.8823	39.0913	55.0034	29.7569	46.9464	0.00412701	12.1549	54.5021	-731.5	0.462694	23.7262	144
DATA	1688149051	418219089	6964	0	""	2023-06-30	14:17:31	23900.902	446.40897	2082.9124	39.0909	55.0034	29.7495	46.9464	0.00413015	12.1548	54.5021	-760.25	0.462694	23.7266	191
DATA	1688149052	418219089	6968	0	""	2023-06-30	14:17:32	23896.965	445.59738	2082.7275	39.0909	55.0034	29.7429	46.9464	0.00411977	12.1549	54.5021	-492.5	0.462694	23.7286	195
DATA	1688149053	417838096	6972	0	""	2023-06-30	14:17:33	23893.102	445.64999	2083.0134	39.0913	55.0034	29.7359	46.9464	0.00411764	12.155	54.5021	-750	0.462694	23.7286	  2
DATA	1688149054	417838096	6976	0	""	2023-06-30	14:17:34	23895.775	444.99695	2082.8621	39.0884	55.0034	29.7293	46.9464	0.0041241	12.1556	54.5021	-805.75	0.462694	23.7286	188
DATA	1688149055	417838096	6980	0	""	2023-06-30	14:17:35	23891.191	444.90417	2082.8398	39.09	55.0034	29.7224	46.9464	0.00411474	12.1549	54.5021	-743.5	0.462694	23.7286	 59
DATA	1688149056	417838096	6984	0	""	2023-06-30	14:17:36	23902.193	445.01785	2082.8455	39.0896	55.0034	29.7158	46.9464	0.00411913	12.1549	54.5021	-691.75	0.462694	23.7286	226
DATA	1688149057	417838096	6988	0	""	2023-06-30	14:17:37	23886.754	444.50012	2082.8013	39.09	55.0034	29.7096	46.9464	0.00411432	12.1555	54.5021	-723.25	0.462694	23.729	 44
DATA	1688149058	417838096	6992	0	""	2023-06-30	14:17:38	23879.768	443.63757	2082.782	39.09	55.0034	29.7034	46.9464	0.00411015	12.1551	54.5021	-675.25	0.462694	23.7278	 69
DATA	1688149059	417838096	6996	0	""	2023-06-30	14:17:39	23887.988	444.5654	2082.9001	39.0892	55.0034	29.6948	46.9464	0.0041023	12.1546	54.5021	-619	0.462694	23.729	188
DATA	1688149060	417838096	7000	0	""	2023-06-30	14:17:40	23897.539	444.67148	2083.1118	39.088	55.0034	29.6899	46.9464	0.00413641	12.1546	54.5021	-612.75	0.462694	23.7274	150
DATA	1688149061	417469024	7004	0	""	2023-06-30	14:17:41	23901.486	444.61389	2083.2036	39.0892	55.0034	29.6837	46.9464	0.00411094	12.1554	54.5021	-621.25	0.462694	23.7278	176
DATA	1688149062	417469024	7008	0	""	2023-06-30	14:17:42	23907.088	444.59641	2082.9688	39.0888	55.0034	29.6763	46.9464	0.00412715	12.1552	54.5021	-526	0.462694	23.727	  4
DATA	1688149063	417469024	7012	0	""	2023-06-30	14:17:43	23911.561	444.60797	2082.9207	39.0896	55.0032	29.6706	46.9464	0.00412498	12.1548	54.5021	-577	0.462694	23.727	252
DATA	1688149064	417469024	7016	0	""	2023-06-30	14:17:44	23914.873	444.5654	2083.1533	39.0888	55.003	29.6648	46.9464	0.00412334	12.1546	54.5021	-508.25	0.462694	23.727	 35
DATA	1688149065	417469024	7020	0	""	2023-06-30	14:17:45	23920.875	445.66464	2083.2146	39.0888	55.0032	29.6574	46.9464	0.00412438	12.1546	54.5021	-383	0.462694	23.7278	 48
DATA	1688149066	417469024	7024	0	""	2023-06-30	14:17:46	23936.936	447.14529	2083.0576	39.0888	55.003	29.65	46.9462	0.0041165	12.1544	54.5021	-566.5	0.462142	23.7278	193
DATA	1688149067	417469024	7028	0	""	2023-06-30	14:17:47	23950.176	447.40384	2083.1348	39.088	55.0026	29.6438	46.9453	0.00415421	12.1549	54.5021	-598	0.461222	23.7274	243
DATA	1688149068	417108058	7032	0	""	2023-06-30	14:17:48	23956.975	447.19769	2083.2671	39.0884	55.0026	29.6377	46.9455	0.00413015	12.155	54.5021	-643.75	0.461222	23.7282	148
DATA	1688149069	417108058	7036	0	""	2023-06-30	14:17:49	23961.916	447.55219	2083.167	39.088	55.0026	29.6311	46.9457	0.00411787	12.1547	54.5021	-419.25	0.461222	23.7298	 94
DATA	1688149070	417108058	7040	0	""	2023-06-30	14:17:50	23962.58	446.87155	2083.1853	39.0884	55.0026	29.6249	46.9457	0.00412852	12.1546	54.5021	-519.5	0.461222	23.7301	 68
DATA	1688149071	417108058	7044	0	""	2023-06-30	14:17:51	23966.299	448.13715	2083.2812	39.0876	55.003	29.6183	46.9457	0.00412188	12.1545	54.5021	-423	0.461222	23.7301	219
DATA	1688149072	417108058	7048	0	""	2023-06-30	14:17:52	23968.221	446.71414	2082.9778	39.0888	55.0034	29.6122	46.9455	0.00410335	12.1549	54.5021	-402.25	0.461222	23.7301	159
DATA	1688149073	417108058	7052	0	""	2023-06-30	14:17:53	23967.744	447.5864	2083.3704	39.0868	55.0034	29.6056	46.9455	0.00413215	12.1549	54.5021	-446	0.461222	23.7301	227
DATA	1688149074	417108058	7056	0	""	2023-06-30	14:17:54	23969.68	447.11353	2083.2173	39.0876	55.0034	29.5998	46.9457	0.0041296	12.1543	54.5021	-388.25	0.461222	23.7305	 92
DATA	1688149075	417108058	7060	0	""	2023-06-30	14:17:55	23971.004	447.19894	2083.1404	39.088	55.0034	29.592	46.9455	0.00411201	12.1544	54.5021	-327.5	0.461222	23.7301	247
DATA	1688149076	416724920	7064	0	""	2023-06-30	14:17:56	23975.256	448.20648	2083.3003	39.0888	55.0034	29.5863	46.9455	0.00410211	12.1548	54.5021	-325.5	0.461222	23.7305	114
DATA	1688149077	416724920	7068	0	""	2023-06-30	14:17:57	23978.344	446.15448	2083.2444	39.0872	55.0034	29.5805	46.9455	0.00410275	12.1545	54.5021	-283	0.461222	23.7294	 36
DATA	1688149078	416724920	7072	0	""	2023-06-30	14:17:58	23979.9	447.58566	2083.3726	39.0876	55.0034	29.5723	46.9455	0.00411247	12.1548	54.5021	-172	0.460854	23.7286	219
DATA	1688149079	416724920	7076	0	""	2023-06-30	14:17:59	23980.275	446.60675	2083.1028	39.0868	55.0034	29.569	46.9444	0.00409792	12.1542	54.5021	-165.25	0.460486	23.7282	156
DATA	1688149080	416724920	7080	0	""	2023-06-30	14:18:00	23980.785	446.80093	2083.2773	39.0884	55.0034	29.5665	46.9446	0.00411222	12.1545	54.5021	-446.25	0.460486	23.7286	180
DATA	1688149081	416724920	7084	0	""	2023-06-30	14:18:01	23979.836	446.23508	2083.0701	39.0876	55.0034	29.5595	46.9446	0.00408352	12.1545	54.5021	-108.25	0.460486	23.7282	182
DATA	1688149082	416724920	7088	0	""	2023-06-30	14:18:02	23980.797	446.36441	2082.9924	39.088	55.0034	29.5571	46.9447	0.00410067	12.1543	54.5021	-481.25	0.460486	23.7278	146
DATA	1688149083	416363954	7092	0	""	2023-06-30	14:18:03	23982.086	445.14697	2083.1804	39.0863	55.0034	29.5497	46.9446	0.00411498	12.1548	54.5021	-510.75	0.460117	23.7282	193
DATA	1688149084	416363954	7096	0	""	2023-06-30	14:18:04	23979.994	445.84985	2083.1233	39.088	55.0034	29.5431	46.9438	0.00411534	12.1545	54.5021	-428.25	0.459749	23.729	117
DATA	1688149085	416363954	7100	0	""	2023-06-30	14:18:05	23975.455	445.06537	2083.0452	39.0872	55.0034	29.5361	46.9438	0.00411676	12.1552	54.5021	-395.75	0.459749	23.7294	198
DATA	1688149086	416363954	7104	0	""	2023-06-30	14:18:06	23974.949	444.64185	2083.1465	39.0872	55.0034	29.5308	46.944	0.00411019	12.155	54.5021	-274.25	0.459749	23.7313	 88
DATA	1688149087	416363954	7108	0	""	2023-06-30	14:18:07	23973.256	444.34799	2082.9133	39.0868	55.0034	29.5246	46.9442	0.00409705	12.1547	54.5021	-267	0.459749	23.7309	 68
DATA	1688149088	416363954	7112	0	""	2023-06-30	14:18:08	23970.238	445.5174	2083.2712	39.0859	55.0034	29.5197	46.944	0.00412586	12.1548	54.5021	-426.25	0.459749	23.7305	 96
DATA	1688149089	416363954	7116	0	""	2023-06-30	14:18:09	23969.496	444.46759	2082.9927	39.0863	55.0034	29.5135	46.944	0.00410671	12.1548	54.5021	-343	0.459749	23.7309	 24
DATA	1688149090	416363954	7120	0	""	2023-06-30	14:18:10	23969.338	445.14764	2083.2778	39.0859	55.0034	29.5065	46.9438	0.00409044	12.155	54.5021	-252	0.459749	23.7317	251
DATA	1688149091	415987968	7124	0	""	2023-06-30	14:18:11	23970.777	443.70508	2083.0437	39.0851	55.0034	29.4995	46.9438	0.00410744	12.1549	54.5021	-272.25	0.459565	23.7313	203
DATA	1688149092	415987968	7128	0	""	2023-06-30	14:18:12	23969.973	443.17664	2083.1938	39.0859	55.0034	29.4942	46.9418	0.00408284	12.1547	54.5021	-192.25	0.457356	23.7309	230
DATA	1688149093	415987968	7132	0	""	2023-06-30	14:18:13	23968.484	443.83539	2083.207	39.0855	55.0034	29.4876	46.9409	0.00409706	12.1543	54.5017	-270.5	0.456804	23.7313	109
DATA	1688149094	415987968	7136	0	""	2023-06-30	14:18:14	23967.488	444.6586	2083.0322	39.0847	55.0034	29.4806	46.9405	0.00411572	12.1556	54.5015	-194.25	0.456804	23.7298	167
DATA	1688149095	415987968	7140	0	""	2023-06-30	14:18:15	23968.107	443.92068	2083.2742	39.0851	55.0034	29.4736	46.9405	0.0040966	12.1546	54.5013	-111.5	0.456804	23.7298	 98
DATA	1688149096	415987968	7144	0	""	2023-06-30	14:18:16	23969.715	443.11478	2083.019	39.0847	55.0034	29.4712	46.9409	0.00410633	12.1551	54.5013	-299	0.456804	23.7301	251
DATA	1688149097	415987968	7148	0	""	2023-06-30	14:18:17	23970.113	442.88925	2083.2273	39.0851	55.0034	29.4638	46.9409	0.00408897	12.1548	54.5013	-110.75	0.456804	23.7301	210
DATA	1688149098	415608882	7152	0	""	2023-06-30	14:18:18	23971.174	443.4838	2083.2349	39.0855	55.0034	29.4609	46.9409	0.00409822	12.1547	54.5013	-280.25	0.456804	23.7298	156
DATA	1688149099	415608882	7156	0	""	2023-06-30	14:18:19	23970.568	443.20233	2083.2729	39.0847	55.0034	29.4539	46.9409	0.00410569	12.1551	54.5013	-280.5	0.456804	23.7294	149
DATA	1688149100	415608882	7160	0	""	2023-06-30	14:18:20	23971.406	443.70206	2083.0713	39.0859	55.0034	29.4485	46.9409	0.00408939	12.1548	54.5013	-146.75	0.456804	23.7298	184
DATA	1688149101	415608882	7164	0	""	2023-06-30	14:18:21	23973.428	443.18958	2083.2253	39.0851	55.0034	29.4424	46.9409	0.00408553	12.1541	54.5013	-197.5	0.456804	23.7301	119
DATA	1688149102	415608882	7168	0	""	2023-06-30	14:18:22	23974.748	442.80191	2083.2964	39.0839	55.0034	29.4383	46.9409	0.00409463	12.1551	54.5013	-85.25	0.456804	23.7301	137
DATA	1688149103	415608882	7172	0	""	2023-06-30	14:18:23	23975.477	442.4971	2083.365	39.0835	55.0034	29.4333	46.9407	0.00410276	12.1542	54.5013	-133.5	0.456804	23.7333	 13
DATA	1688149104	415608882	7176	0	""	2023-06-30	14:18:24	23973.805	443.34525	2083.3379	39.0847	55.0034	29.4284	46.9405	0.0040833	12.1548	54.5013	-266.5	0.456804	23.7325	 85
DATA	1688149105	415608882	7180	0	""	2023-06-30	14:18:25	23971.812	443.91367	2083.1951	39.0847	55.0034	29.4251	46.9409	0.00409237	12.1549	54.5013	-213.5	0.456804	23.7325	125
DATA	1688149106	415244102	7184	0	""	2023-06-30	14:18:26	23971.582	442.40656	2083.2642	39.0851	55.0034	29.4194	46.9409	0.00410214	12.1545	54.5013	-298.25	0.456804	23.7325	155
DATA	1688149107	415244102	7188	0	""	2023-06-30	14:18:27	23971.209	443.43628	2083.0703	39.0843	55.0034	29.4128	46.9409	0.00409545	12.155	54.5013	-292	0.456804	23.7329	222
DATA	1688149108	415244102	7192	0	""	2023-06-30	14:18:28	23972.965	442.86877	2083.3159	39.0839	55.0034	29.405	46.9409	0.00407894	12.1546	54.5013	-224.75	0.456804	23.7317	148
DATA	1688149109	415244102	7196	0	""	2023-06-30	14:18:29	23973.594	443.51437	2082.9653	39.0847	55.0034	29.4009	46.9409	0.00409597	12.1544	54.5013	-133	0.456804	23.7321	 33
DATA	1688149110	415244102	7200	0	""	2023-06-30	14:18:30	23973.662	442.74692	2083.312	39.0839	55.0034	29.3951	46.9409	0.00409992	12.155	54.5013	-158.25	0.456804	23.7329	 60
DATA	1688149111	415244102	7204	0	""	2023-06-30	14:18:31	23972.754	442.35715	2083.0818	39.0847	55.0034	29.3918	46.9409	0.0040858	12.155	54.5013	-174	0.456804	23.7313	163
DATA	1688149112	415244102	7208	0	""	2023-06-30	14:18:32	23971.467	441.5621	2083.2271	39.0839	55.0034	29.3852	46.9409	0.00407479	12.1547	54.5013	-192	0.456804	23.7309	219
DATA	1688149113	414880990	7212	0	""	2023-06-30	14:18:33	23974.32	442.19949	2083.2466	39.0843	55.0034	29.3795	46.9407	0.00408557	12.1558	54.5013	56.5	0.456804	23.7309	  0
DATA	1688149114	414880990	7216	0	""	2023-06-30	14:18:34	23974.633	442.04022	2083.0095	39.0843	55.0034	29.3791	46.9403	0.00407698	12.1553	54.5013	-350.25	0.456252	23.7305	158
DATA	1688149115	414880990	7220	0	""	2023-06-30	14:18:35	23975.939	443.07736	2083.1538	39.0843	55.003	29.3741	46.9398	0.00407398	12.1548	54.5013	-102	0.456068	23.7309	252
DATA	1688149116	414880990	7224	0	""	2023-06-30	14:18:36	23976.225	442.29715	2083.1108	39.0839	55.0028	29.3684	46.9401	0.00409289	12.1546	54.5013	-366.5	0.456068	23.7309	145
DATA	1688149117	414880990	7228	0	""	2023-06-30	14:18:37	23978.432	441.54236	2082.9902	39.0835	55.0026	29.3618	46.9401	0.00409204	12.1549	54.5011	-358.5	0.456068	23.7309	137
DATA	1688149118	414880990	7232	0	""	2023-06-30	14:18:38	23978.326	441.94632	2082.8708	39.0843	55.0026	29.3548	46.9401	0.00407571	12.1549	54.5009	-205.75	0.456068	23.7305	198
DATA	1688149119	414880990	7236	0	""	2023-06-30	14:18:39	23978.928	441.69412	2083.1306	39.0835	55.0026	29.3499	46.94	0.00409017	12.1554	54.5007	-184.25	0.456068	23.7329	105
DATA	1688149120	414880990	7240	0	""	2023-06-30	14:18:40	23978.336	440.92102	2083.0789	39.0843	55.0026	29.3445	46.9392	0.00407934	12.1552	54.5005	-181.75	0.455332	23.7321	167
DATA	1688149121	414500951	7244	0	""	2023-06-30	14:18:41	23978.635	440.65338	2082.9905	39.0826	55.0026	29.3388	46.939	0.00408313	12.1549	54.5005	-170	0.455332	23.7317	230
DATA	1688149122	414500951	7248	0	""	2023-06-30	14:18:42	23976.246	440.98996	2083.189	39.0843	55.0026	29.3338	46.939	0.00406901	12.155	54.5005	-119.25	0.455332	23.7317	 31
DATA	1688149123	414500951	7252	0	""	2023-06-30	14:18:43	23977.604	440.48709	2083.1799	39.0826	55.0026	29.3293	46.939	0.00408975	12.1546	54.5005	-191.75	0.455332	23.7321	137
DATA	1688149124	414500951	7256	0	""	2023-06-30	14:18:44	23978.389	441.03513	2083.2173	39.0855	55.0026	29.3244	46.9392	0.00406597	12.1549	54.5005	56	0.455332	23.7313	185
DATA	1688149125	414500951	7260	0	""	2023-06-30	14:18:45	23980.17	440.96991	2082.8687	39.0835	55.0028	29.3236	46.9394	0.00407784	12.1548	54.5005	-57.25	0.455332	23.7317	 95
DATA	1688149126	414500951	7264	0	""	2023-06-30	14:18:46	23983.82	440.2233	2083.1812	39.0839	55.0034	29.3203	46.9385	0.00407431	12.1549	54.5007	-292	0.454227	23.7321	158
DATA	1688149127	414500951	7268	0	""	2023-06-30	14:18:47	23983.328	440.32886	2083.0671	39.0839	55.0034	29.3141	46.9368	0.00407804	12.1552	54.5011	-347.5	0.453123	23.7325	119
DATA	1688149128	414134025	7272	0	""	2023-06-30	14:18:48	23982.299	440.61774	2083.1191	39.0839	55.0034	29.3084	46.9368	0.00407578	12.1551	54.5013	-260	0.453123	23.7329	 27
DATA	1688149129	414134025	7276	0	""	2023-06-30	14:18:49	23981.764	439.63269	2082.6133	39.0835	55.0034	29.3014	46.9368	0.00408588	12.1549	54.5013	-295.25	0.453123	23.7321	185
DATA	1688149130	414134025	7280	0	""	2023-06-30	14:18:50	23982.828	439.97247	2083.1382	39.0839	55.0034	29.296	46.9368	0.00408115	12.1544	54.5013	-161	0.453123	23.7313	217
DATA	1688149131	414134025	7284	0	""	2023-06-30	14:18:51	23982.781	439.92978	2083.2029	39.0831	55.0034	29.2899	46.9368	0.00408809	12.1548	54.5013	-264.5	0.453123	23.7313	138
DATA	1688149132	414134025	7288	0	""	2023-06-30	14:18:52	23982.312	439.25711	2082.9143	39.0822	55.0034	29.2857	46.9368	0.00407087	12.1548	54.5013	-112.75	0.453123	23.7309	161
DATA	1688149133	414134025	7292	0	""	2023-06-30	14:18:53	23983.707	438.95142	2083.3108	39.0822	55.0034	29.2816	46.9368	0.00408445	12.1554	54.5013	-290.75	0.453123	23.7313	160
DATA	1688149134	414134025	7296	0	""	2023-06-30	14:18:54	23986.242	438.69583	2083.1826	39.0835	55.0034	29.2779	46.9368	0.00408174	12.155	54.5013	-281.5	0.453123	23.7317	 86
DATA	1688149135	414134025	7300	0	""	2023-06-30	14:18:55	23986.959	438.89337	2083.0217	39.0835	55.0034	29.2718	46.9368	0.00408674	12.1554	54.5013	-313	0.453123	23.7317	 28
DATA	1688149136	413757085	7304	0	""	2023-06-30	14:18:56	23986.6	438.60739	2083.1824	39.0831	55.0034	29.266	46.9368	0.00407631	12.1545	54.5013	-321.25	0.453123	23.7349	 26
DATA	1688149137	413757085	7308	0	""	2023-06-30	14:18:57	23986.512	437.68561	2083.0774	39.0831	55.0034	29.2607	46.9368	0.00409363	12.1541	54.5007	-85	0.453123	23.7345	247
DATA	1688149138	413757085	7312	0	""	2023-06-30	14:18:58	23987.385	438.90823	2083.2698	39.0835	55.0034	29.2553	46.9368	0.00408798	12.1549	54.5007	-261.25	0.453123	23.7329	219
DATA	1688149139	413757085	7316	0	""	2023-06-30	14:18:59	23988.768	438.6886	2082.9412	39.0835	55.0034	29.25	46.9368	0.00408226	12.1549	54.5007	-209	0.453123	23.7329	170
DATA	1688149140	413757085	7320	0	""	2023-06-30	14:19:00	23989.494	438.43341	2082.9819	39.0843	55.0034	29.2446	46.9368	0.0040885	12.1548	54.5005	-193	0.453123	23.7325	241
DATA	1688149141	413757085	7324	0	""	2023-06-30	14:19:01	23989.123	438.93451	2083.0405	39.0835	55.0032	29.2393	46.9368	0.00409015	12.155	54.5005	-2.25	0.453123	23.7325	255
DATA	1688149142	413757085	7328	0	""	2023-06-30	14:19:02	23988.508	438.47833	2082.9639	39.0835	55.0028	29.2376	46.9368	0.00406675	12.1543	54.5007	-184.75	0.453123	23.7333	209
DATA	1688149143	413392066	7332	0	""	2023-06-30	14:19:03	23994.404	438.59131	2082.8809	39.0831	55.0026	29.2348	46.937	0.00407162	12.1552	54.5013	-79.75	0.453123	23.7333	 66
DATA	1688149144	413392066	7336	0	""	2023-06-30	14:19:04	23997.369	439.44235	2083.0078	39.0835	55.0026	29.2315	46.9372	0.00407036	12.1547	54.5013	-392.5	0.453123	23.7333	119
DATA	1688149145	413392066	7340	0	""	2023-06-30	14:19:05	24001.473	439.0535	2083.0513	39.0831	55.0026	29.2261	46.9368	0.00408546	12.1547	54.5013	-171.75	0.453123	23.7325	 89
DATA	1688149146	413392066	7344	0	""	2023-06-30	14:19:06	24004.475	438.52487	2083.2083	39.0831	55.0026	29.2228	46.9365	0.0040876	12.155	54.5013	-321.25	0.452387	23.7325	 63
DATA	1688149147	413392066	7348	0	""	2023-06-30	14:19:07	24003.588	439.04935	2082.9985	39.0835	55.0026	29.2175	46.9354	0.00407449	12.1546	54.5013	-349	0.451651	23.7321	 43
DATA	1688149148	413392066	7352	0	""	2023-06-30	14:19:08	24004.396	438.67456	2082.8118	39.0847	55.0026	29.2113	46.9354	0.00407388	12.1546	54.5013	-208.75	0.451651	23.7321	176
DATA	1688149149	413392066	7356	0	""	2023-06-30	14:19:09	24005.205	438.04794	2083.1655	39.0835	55.0026	29.2068	46.9354	0.00406714	12.1542	54.5013	-290.75	0.451651	23.7309	169
DATA	1688149150	413392066	7360	0	""	2023-06-30	14:19:10	24005.545	440.10852	2082.9204	39.0826	55.0026	29.1998	46.9354	0.00407591	12.1548	54.5013	-145.75	0.451651	23.7317	156
DATA	1688149151	413016080	7364	0	""	2023-06-30	14:19:11	24006.605	437.86435	2082.8113	39.0839	55.0026	29.2011	46.9354	0.00408196	12.1547	54.5013	-30.5	0.451651	23.7321	 30
DATA	1688149152	413016080	7368	0	""	2023-06-30	14:19:12	24007.311	439.05264	2083.2646	39.0831	55.0026	29.199	46.9354	0.00407399	12.1551	54.5013	-462.25	0.451651	23.7329	103
DATA	1688149153	413016080	7372	0	""	2023-06-30	14:19:13	24007.24	439.67862	2082.9182	39.0839	55.003	29.192	46.9354	0.00407435	12.1548	54.5013	-389.75	0.451651	23.7349	 26
DATA	1688149154	413016080	7376	0	""	2023-06-30	14:19:14	24009.877	439.45917	2082.9426	39.0839	55.0034	29.1858	46.9354	0.00406141	12.155	54.5013	-290.75	0.451651	23.7352	129
DATA	1688149155	413016080	7380	0	""	2023-06-30	14:19:15	24012.682	439.0347	2083.012	39.0839	55.0034	29.1793	46.9354	0.00405993	12.155	54.5011	-248	0.451651	23.7349	110
DATA	1688149156	413016080	7384	0	""	2023-06-30	14:19:16	24012.736	439.52548	2083.2898	39.0826	55.0034	29.1727	46.9354	0.00408669	12.1551	54.5009	-158.75	0.451651	23.7349	196
DATA	1688149157	413016080	7388	0	""	2023-06-30	14:19:17	24013.211	438.33722	2083.1133	39.0835	55.0034	29.171	46.9354	0.00408697	12.1555	54.5007	-331.5	0.451651	23.7352	 43
DATA	1688149158	412647008	7392	0	""	2023-06-30	14:19:18	24012.945	438.9877	2083.0432	39.0822	55.0034	29.1653	46.9354	0.00409168	12.1551	54.5005	-142.25	0.451651	23.7337	120
DATA	1688149159	412647008	7396	0	""	2023-06-30	14:19:19	24010.807	438.22733	2083.0222	39.0826	55.0034	29.1608	46.9354	0.00406174	12.1553	54.5005	-301.75	0.451651	23.7337	154
DATA	1688149160	412647008	7400	0	""	2023-06-30	14:19:20	24012.6	438.03217	2083.0935	39.0826	55.0034	29.1542	46.9354	0.00408099	12.155	54.5005	-193.5	0.451651	23.7333	188
DATA	1688149161	412647008	7404	0	""	2023-06-30	14:19:21	24014.842	438.8764	2082.9626	39.0826	55.0034	29.1493	46.9354	0.00407678	12.155	54.5005	-117.75	0.451282	23.7321	 68
DATA	1688149162	412647008	7408	0	""	2023-06-30	14:19:22	24015.473	437.96774	2082.9897	39.0822	55.0034	29.1472	46.9346	0.00408403	12.1548	54.5005	-118.25	0.450914	23.7313	174
DATA	1688149163	412647008	7412	0	""	2023-06-30	14:19:23	24015.135	438.04861	2082.9856	39.0826	55.0034	29.1419	46.9346	0.0040808	12.1552	54.5005	-255.25	0.450914	23.7317	107
DATA	1688149164	412647008	7416	0	""	2023-06-30	14:19:24	24018.994	438.58463	2083.0693	39.0835	55.0034	29.1357	46.9346	0.00409637	12.1547	54.5005	-202.5	0.450914	23.7321	126
DATA	1688149165	412647008	7420	0	""	2023-06-30	14:19:25	24018.139	438.33844	2082.9363	39.0826	55.003	29.1316	46.9346	0.00407967	12.1549	54.5009	-151	0.450914	23.7317	230
DATA	1688149166	412267923	7424	0	""	2023-06-30	14:19:26	24018.1	438.75662	2082.7876	39.0831	55.0026	29.1258	46.9346	0.00407955	12.1552	54.5013	-34.5	0.450914	23.7321	229
DATA	1688149167	412267923	7428	0	""	2023-06-30	14:19:27	24018.09	439.21326	2082.9209	39.0822	55.0026	29.1238	46.9346	0.00409355	12.155	54.5013	-205	0.450914	23.7325	169
DATA	1688149168	412267923	7432	0	""	2023-06-30	14:19:28	24018.119	437.91931	2082.9382	39.0831	55.0026	29.1205	46.9346	0.00408421	12.1544	54.5013	-178.25	0.450914	23.7333	164
DATA	1688149169	412267923	7436	0	""	2023-06-30	14:19:29	24016.193	437.98749	2083.0466	39.0831	55.0026	29.1164	46.9337	0.00406246	12.1553	54.5013	-128.25	0.449442	23.7333	185
DATA	1688149170	412267923	7440	0	""	2023-06-30	14:19:30	24018.828	438.53589	2083.095	39.0831	55.0026	29.1127	46.9322	0.00407741	12.1549	54.5013	-304	0.448705	23.736	170
DATA	1688149171	412267923	7444	0	""	2023-06-30	14:19:31	24023.119	438.88684	2082.9114	39.0826	55.0026	29.1065	46.9324	0.00408131	12.1545	54.5013	-197.25	0.448705	23.7356	170
DATA	1688149172	412267923	7448	0	""	2023-06-30	14:19:32	24024.471	438.39877	2083.0193	39.0822	55.0026	29.1024	46.9324	0.00406038	12.1548	54.5013	-242	0.448705	23.7352	 13
DATA	1688149173	411900997	7452	0	""	2023-06-30	14:19:33	24023.432	438.95801	2082.9292	39.0822	55.0026	29.0966	46.9324	0.00405971	12.1542	54.5013	-177.25	0.448705	23.7352	176
DATA	1688149174	411900997	7456	0	""	2023-06-30	14:19:34	24022.564	438.29456	2082.7832	39.0822	55.0026	29.0938	46.9324	0.00407453	12.1548	54.5013	-58.25	0.448705	23.7352	140
DATA	1688149175	411900997	7460	0	""	2023-06-30	14:19:35	24025.305	438.19754	2082.738	39.0818	55.0026	29.0884	46.9324	0.00407488	12.1551	54.5013	-234.5	0.448705	23.736	 35
DATA	1688149176	411900997	7464	0	""	2023-06-30	14:19:36	24024.389	437.0679	2082.8792	39.0835	55.0026	29.0831	46.9324	0.00407147	12.1547	54.5011	-179.75	0.448705	23.7352	153
DATA	1688149177	411900997	7468	0	""	2023-06-30	14:19:37	24023.225	438.52478	2082.7412	39.0818	55.0026	29.0773	46.9324	0.00406736	12.1551	54.5009	-122.5	0.448705	23.7352	132
DATA	1688149178	411900997	7472	0	""	2023-06-30	14:19:38	24024.953	438.60507	2082.9138	39.0822	55.0026	29.0736	46.9324	0.00407802	12.1545	54.5005	-113.75	0.448705	23.7333	179
DATA	1688149179	411900997	7476	0	""	2023-06-30	14:19:39	24024.502	437.86353	2083.1511	39.0826	55.0026	29.0695	46.9324	0.00407091	12.1547	54.5005	-11.5	0.448705	23.7325	 74
DATA	1688149180	411900997	7480	0	""	2023-06-30	14:19:40	24025.578	436.8114	2082.6462	39.0831	55.0026	29.067	46.9324	0.00407305	12.1548	54.5007	-157.5	0.448705	23.7325	 17
DATA	1688149181	411529064	7484	0	""	2023-06-30	14:19:41	24023.918	436.96393	2082.7395	39.0826	55.0028	29.0633	46.9324	0.00407099	12.1552	54.5005	-125.25	0.448705	23.7325	182
DATA	1688149182	411529064	7488	0	""	2023-06-30	14:19:42	24026.816	438.00497	2082.8264	39.0822	55.0028	29.0584	46.9324	0.00407132	12.1548	54.5005	73.75	0.448705	23.7321	 80
DATA	1688149183	411529064	7492	0	""	2023-06-30	14:19:43	24027.697	437.26282	2082.73	39.0831	55.0032	29.0555	46.9324	0.0040723	12.1554	54.5009	-219.5	0.448705	23.7321	219
DATA	1688149184	411529064	7496	0	""	2023-06-30	14:19:44	24028.762	437.13315	2082.6494	39.0822	55.0034	29.0498	46.9324	0.00407155	12.1553	54.5011	-120.25	0.448705	23.7325	164
DATA	1688149185	411529064	7500	0	""	2023-06-30	14:19:45	24029.686	437.60602	2082.835	39.0831	55.0034	29.0485	46.9324	0.00407661	12.1544	54.5011	22.5	0.448705	23.7341	214
DATA	1688149186	411529064	7504	0	""	2023-06-30	14:19:46	24028.215	437.12488	2082.8213	39.0826	55.0034	29.0457	46.9324	0.00407942	12.1554	54.5013	-293	0.448705	23.7345	 22
DATA	1688149187	411529064	7508	0	""	2023-06-30	14:19:47	24028.473	437.20306	2082.8208	39.0835	55.0034	29.0387	46.9324	0.00407822	12.1559	54.5013	-184.5	0.448705	23.7356	130
DATA	1688149188	411159992	7512	0	""	2023-06-30	14:19:48	24028.629	437.05276	2083.0745	39.0835	55.0034	29.0337	46.9324	0.00407466	12.1544	54.5013	-106.25	0.448705	23.736	131
DATA	1688149189	411159992	7516	0	""	2023-06-30	14:19:49	24029.658	437.02029	2083.2402	39.0826	55.0034	29.0304	46.9324	0.00406808	12.1552	54.5013	-175	0.448705	23.7364	 26
DATA	1688149190	411159992	7520	0	""	2023-06-30	14:19:50	24029.918	436.80194	2082.9612	39.0839	55.003	29.0255	46.9324	0.00407796	12.1551	54.5013	-149	0.448705	23.7364	241
DATA	1688149191	411159992	7524	0	""	2023-06-30	14:19:51	24029.848	437.16818	2082.781	39.0851	55.0026	29.021	46.9324	0.00407035	12.1547	54.5013	-88.5	0.448705	23.7364	236
DATA	1688149192	411159992	7528	0	""	2023-06-30	14:19:52	24032.475	436.66791	2082.7646	39.0835	55.0026	29.0177	46.9322	0.00406351	12.1551	54.5013	-132.5	0.448337	23.736	 77
DATA	1688149193	411159992	7532	0	""	2023-06-30	14:19:53	24034.848	437.16107	2082.7954	39.0835	55.0026	29.0124	46.9315	0.00407987	12.1549	54.5013	-140	0.447969	23.736	252
DATA	1688149194	411159992	7536	0	""	2023-06-30	14:19:54	24034.195	437.31366	2082.8594	39.0835	55.0026	29.007	46.9317	0.0040798	12.1553	54.5007	-99.25	0.447969	23.7364	 65
DATA	1688149195	411159992	7540	0	""	2023-06-30	14:19:55	24034.324	436.43845	2082.7439	39.0826	55.0026	29.0041	46.9317	0.00407511	12.155	54.5005	-72.5	0.447969	23.7337	 29
DATA	1688149196	410782098	7544	0	""	2023-06-30	14:19:56	24034.682	436.87454	2082.8896	39.0831	55.0026	29.0025	46.9317	0.00408342	12.1553	54.5005	-127.5	0.447969	23.7337	153
DATA	1688149197	410782098	7548	0	""	2023-06-30	14:19:57	24034.303	435.82727	2082.4238	39.0818	55.0026	28.9976	46.9317	0.00408413	12.1547	54.5005	-140	0.447969	23.7337	 58
DATA	1688149198	410782098	7552	0	""	2023-06-30	14:19:58	24037.555	435.9938	2082.7751	39.0831	55.0026	28.9926	46.9317	0.00407269	12.1546	54.5005	52.25	0.447969	23.7325	 77
DATA	1688149199	410782098	7556	0	""	2023-06-30	14:19:59	24037.846	436.61871	2082.9011	39.0826	55.0026	28.9914	46.9317	0.00406418	12.1553	54.5005	-129.5	0.447969	23.7325	162
DATA	1688149200	410782098	7560	0	""	2023-06-30	14:20:00	24038.527	436.47137	2082.886	39.0822	55.0026	28.9881	46.9317	0.00406396	12.1554	54.5007	-47.5	0.447969	23.7325	 35
DATA	1688149201	410782098	7564	0	""	2023-06-30	14:20:01	24037.312	436.29572	2082.9636	39.0839	55.0026	28.9869	46.9306	0.00406166	12.1549	54.5009	-109.25	0.446681	23.7329	189
DATA	1688149202	410782098	7568	0	""	2023-06-30	14:20:02	24039.695	435.17987	2082.5525	39.0835	55.0026	28.9807	46.93	0.0040645	12.1547	54.5013	-97.75	0.446497	23.7325	  1
DATA	1688149203	410409927	7572	0	""	2023-06-30	14:20:03	24040.488	435.0127	2082.8413	39.0831	55.0026	28.9786	46.9302	0.00406172	12.1551	54.5013	-102.25	0.446497	23.7333	 89
DATA	1688149204	410409927	7576	0	""	2023-06-30	14:20:04	24038.4	435.31924	2082.5701	39.0843	55.0026	28.9758	46.9302	0.0040767	12.1552	54.5013	-374.5	0.446497	23.7364	224
DATA	1688149205	410409927	7580	0	""	2023-06-30	14:20:05	24038.758	435.08203	2082.8499	39.0835	55.0026	28.9704	46.9302	0.00406801	12.1551	54.5013	-261.5	0.446497	23.7368	121
DATA	1688149206	410409927	7584	0	""	2023-06-30	14:20:06	24038.719	435.51334	2082.4961	39.0835	55.0026	28.9638	46.9302	0.0040572	12.1546	54.5013	-71.5	0.446497	23.7364	 25
DATA	1688149207	410409927	7588	0	""	2023-06-30	14:20:07	24039.098	435.54034	2082.7888	39.0826	55.0026	28.961	46.9302	0.00407201	12.1548	54.5013	-180.5	0.446497	23.7364	 80
DATA	1688149208	410409927	7592	0	""	2023-06-30	14:20:08	24038.664	434.57111	2082.9895	39.0835	55.0026	28.9544	46.9302	0.00407173	12.1547	54.5013	-153.25	0.446497	23.736	132
DATA	1688149209	410409927	7596	0	""	2023-06-30	14:20:09	24042.396	434.77283	2082.8079	39.0831	55.0026	28.9499	46.9302	0.00406879	12.1543	54.5013	61.75	0.446497	23.736	 63
DATA	1688149210	410409927	7600	0	""	2023-06-30	14:20:10	24042.625	434.98398	2082.8591	39.0835	55.0026	28.9486	46.9302	0.00407715	12.1547	54.5013	-107	0.446497	23.7364	 23
DATA	1688149211	410044908	7604	0	""	2023-06-30	14:20:11	24041.76	435.21484	2082.9512	39.0847	55.0026	28.9453	46.9302	0.00406855	12.1549	54.5013	-150	0.446497	23.7364	208
DATA	1688149212	410044908	7608	0	""	2023-06-30	14:20:12	24042.152	434.89761	2082.7307	39.0831	55.0026	28.9396	46.9302	0.00407101	12.1555	54.5009	-100.75	0.446497	23.7345	147
DATA	1688149213	410044908	7612	0	""	2023-06-30	14:20:13	24044.906	435.51547	2082.9805	39.0839	55.0026	28.9371	46.9302	0.00406025	12.1549	54.5009	-90.25	0.446497	23.7345	113
DATA	1688149214	410044908	7616	0	""	2023-06-30	14:20:14	24043.502	434.9086	2082.9741	39.0831	55.0026	28.9326	46.9302	0.00407391	12.1554	54.5005	-122	0.446497	23.7329	205
DATA	1688149215	410044908	7620	0	""	2023-06-30	14:20:15	24043.938	434.43655	2082.8872	39.0826	55.0026	28.9297	46.9302	0.00406658	12.1553	54.5005	-125.75	0.446497	23.7337	182
DATA	1688149216	410044908	7624	0	""	2023-06-30	14:20:16	24044.01	433.37695	2083.0352	39.0826	55.0026	28.9273	46.9295	0.00405662	12.1543	54.5005	-147.75	0.44576	23.7333	 56
DATA	1688149217	410044908	7628	0	""	2023-06-30	14:20:17	24043.662	433.18692	2082.5552	39.0835	55.0026	28.9231	46.9293	0.00404739	12.1551	54.5005	-98.5	0.44576	23.7333	 21
DATA	1688149218	409665107	7632	0	""	2023-06-30	14:20:18	24039.818	432.79581	2082.885	39.0847	55.0026	28.9227	46.9291	0.00404785	12.1557	54.5009	-121.25	0.44576	23.7337	 99
DATA	1688149219	409665107	7636	0	""	2023-06-30	14:20:19	24040.412	433.62888	2082.9685	39.0839	55.0026	28.9162	46.9293	0.00406886	12.1553	54.5011	-150.5	0.44576	23.7329	 92
DATA	1688149220	409665107	7640	0	""	2023-06-30	14:20:20	24040.059	432.89938	2082.8289	39.0831	55.003	28.9129	46.9295	0.00405365	12.1545	54.5013	-181	0.44576	23.7349	182
DATA	1688149221	409665107	7644	0	""	2023-06-30	14:20:21	24041.268	434.44098	2082.7756	39.0831	55.0028	28.9092	46.9295	0.00407018	12.1553	54.5013	-167.75	0.44576	23.7372	127
DATA	1688149222	409665107	7648	0	""	2023-06-30	14:20:22	24041.283	433.41177	2082.7014	39.0831	55.0026	28.9046	46.9295	0.00405854	12.1542	54.5013	-108.5	0.44576	23.7372	 52
DATA	1688149223	409665107	7652	0	""	2023-06-30	14:20:23	24041.07	433.67395	2082.8931	39.0839	55.003	28.9009	46.9295	0.00406308	12.1547	54.5013	6.75	0.44576	23.7372	135
DATA	1688149224	409665107	7656	0	""	2023-06-30	14:20:24	24042.469	433.9053	2082.7737	39.0835	55.0034	28.8997	46.9293	0.00406489	12.1549	54.5013	-186.25	0.445392	23.7368	160
DATA	1688149225	409665107	7660	0	""	2023-06-30	14:20:25	24038.973	432.66077	2082.6841	39.0843	55.0032	28.894	46.9284	0.00405435	12.1554	54.5013	-170.75	0.445024	23.7368	126
DATA	1688149226	409296989	7664	0	""	2023-06-30	14:20:26	24035.678	433.06476	2082.6931	39.0839	55.0034	28.889	46.9285	0.0040563	12.1549	54.5011	-143.25	0.445024	23.7372	100
DATA	1688149227	409296989	7668	0	""	2023-06-30	14:20:27	24038.318	435.14883	2082.9001	39.0839	55.0034	28.8874	46.9287	0.00405963	12.1543	54.5011	-37.5	0.445024	23.7372	101
DATA	1688149228	409296989	7672	0	""	2023-06-30	14:20:28	24037.904	434.33374	2082.3855	39.0847	55.0034	28.8837	46.9287	0.0040536	12.1549	54.5005	-197	0.445024	23.7364	 11
DATA	1688149229	409296989	7676	0	""	2023-06-30	14:20:29	24041.525	433.29755	2082.3801	39.0843	55.0034	28.8779	46.9287	0.00406782	12.1554	54.5005	23.5	0.445024	23.7345	 56
DATA	1688149230	409296989	7680	0	""	2023-06-30	14:20:30	24041.336	433.83002	2082.5481	39.0847	55.0034	28.8767	46.9287	0.00405247	12.1554	54.5005	-73.5	0.44484	23.7345	 29
DATA	1688149231	409296989	7684	0	""	2023-06-30	14:20:31	24043.723	434.65399	2082.6104	39.0839	55.0032	28.8746	46.9274	0.00405056	12.1542	54.5005	18.5	0.444288	23.7341	 41
DATA	1688149232	409296989	7688	0	""	2023-06-30	14:20:32	24042.766	434.63373	2082.2188	39.0851	55.0026	28.8705	46.9276	0.00404968	12.1553	54.5005	-180	0.444288	23.7341	 52
DATA	1688149233	408922910	7692	0	""	2023-06-30	14:20:33	24043.166	434.71243	2082.4656	39.0831	55.0026	28.8656	46.9276	0.00406735	12.1554	54.5005	-162.75	0.444288	23.7337	177
DATA	1688149234	408922910	7696	0	""	2023-06-30	14:20:34	24041.254	434.19452	2082.4868	39.0831	55.0026	28.8623	46.9276	0.00406423	12.1553	54.5007	14.75	0.444288	23.7337	 80
DATA	1688149235	408922910	7700	0	""	2023-06-30	14:20:35	24043.076	434.76379	2082.3042	39.0843	55.0026	28.8578	46.9276	0.00405799	12.1551	54.5013	-52	0.444288	23.7345	236
DATA	1688149236	408922910	7704	0	""	2023-06-30	14:20:36	24036.098	433.63892	2082.6616	39.0839	55.0026	28.8565	46.9276	0.0040559	12.1553	54.5013	-149.75	0.444288	23.736	 99
DATA	1688149237	408922910	7708	0	""	2023-06-30	14:20:37	24038.783	432.58078	2082.4753	39.0843	55.0026	28.8504	46.9276	0.00405819	12.1553	54.5013	-113	0.444288	23.736	240
DATA	1688149238	408922910	7712	0	""	2023-06-30	14:20:38	24038.912	433.48959	2082.5916	39.0851	55.0026	28.8463	46.9278	0.00405725	12.1551	54.5013	-72.75	0.444288	23.738	 96
DATA	1688149239	408922910	7716	0	""	2023-06-30	14:20:39	24040.766	433.332	2082.4307	39.0843	55.0026	28.8446	46.9276	0.00406182	12.1545	54.5013	-78.5	0.444288	23.7372	229
DATA	1688149240	408922910	7720	0	""	2023-06-30	14:20:40	24040.355	433.46548	2082.4448	39.0855	55.0026	28.8422	46.9274	0.00405387	12.1544	54.5013	-144	0.444288	23.7372	 10
DATA	1688149241	408552885	7724	0	""	2023-06-30	14:20:41	24040.424	433.21255	2082.4048	39.0851	55.0026	28.8401	46.9276	0.00406235	12.1544	54.5013	-55.25	0.444288	23.7372	 97
DATA	1688149242	408552885	7728	0	""	2023-06-30	14:20:42	24041.26	433.53854	2082.2441	39.0859	55.0026	28.836	46.9276	0.00405032	12.155	54.5011	-180	0.444288	23.7376	122
DATA	1688149243	408552885	7732	0	""	2023-06-30	14:20:43	24042.648	432.8483	2082.3005	39.0851	55.0026	28.8302	46.9276	0.00404703	12.1547	54.5013	-72.25	0.444288	23.738	 12
DATA	1688149244	408552885	7736	0	""	2023-06-30	14:20:44	24042.684	432.19202	2082.387	39.0859	55.0026	28.8294	46.9276	0.00405001	12.1545	54.5005	-140.25	0.444288	23.7376	125
DATA	1688149245	408552885	7740	0	""	2023-06-30	14:20:45	24042.043	434.27188	2082.3743	39.0859	55.0026	28.8257	46.9276	0.00404835	12.155	54.5005	-107.25	0.444288	23.7364	133
DATA	1688149246	408552885	7744	0	""	2023-06-30	14:20:46	24044.266	433.83646	2082.3721	39.0851	55.0026	28.82	46.9276	0.00405419	12.1553	54.5005	-107	0.444288	23.7349	188
DATA	1688149247	408552885	7748	0	""	2023-06-30	14:20:47	24043.814	433.95139	2082.4851	39.0851	55.0026	28.8187	46.9273	0.00406466	12.1556	54.5005	-80.5	0.443736	23.7345	 98
DATA	1688149248	408183097	7752	0	""	2023-06-30	14:20:48	24043.426	433.34586	2082.2175	39.0851	55.0024	28.815	46.9262	0.00406641	12.155	54.5005	-106.5	0.442815	23.7345	  8
DATA	1688149249	408183097	7756	0	""	2023-06-30	14:20:49	24041.27	433.62714	2082.1748	39.0859	55.002	28.8121	46.9258	0.0040621	12.1548	54.5005	-91	0.442815	23.7345	 78
DATA	1688149250	408183097	7760	0	""	2023-06-30	14:20:50	24039.266	433.06033	2082.0745	39.0847	55.0018	28.8121	46.926	0.00405492	12.1551	54.5005	-41.75	0.442815	23.7337	 49
DATA	1688149251	408183097	7764	0	""	2023-06-30	14:20:51	24030.766	432.01337	2082.123	39.0851	55.0018	28.8097	46.9262	0.00404861	12.155	54.5005	14	0.442815	23.7341	 53
DATA	1688149252	408183097	7768	0	""	2023-06-30	14:20:52	24014.783	431.47153	2082.2058	39.0847	55.0018	28.808	46.9262	0.00404702	12.1546	54.5005	-287.5	0.442815	23.7345	 70
DATA	1688149253	408183097	7772	0	""	2023-06-30	14:20:53	24019.889	432.7189	2082.2146	39.0859	55.0018	28.8019	46.9262	0.00403343	12.1548	54.5011	-124.75	0.442815	23.7349	136
DATA	1688149254	408183097	7776	0	""	2023-06-30	14:20:54	24021.691	431.90979	2082.0369	39.0859	55.0018	28.7982	46.9262	0.0040462	12.1551	54.5013	-183	0.442815	23.7352	243
DATA	1688149255	408183097	7780	0	""	2023-06-30	14:20:55	24022.473	431.42789	2082.2454	39.0851	55.0018	28.7924	46.9263	0.0040406	12.1554	54.5013	-118.5	0.442815	23.738	 16
DATA	1688149256	407809972	7784	0	""	2023-06-30	14:20:56	24025.504	432.67508	2082.24	39.0851	55.0018	28.7887	46.926	0.00404983	12.1553	54.5013	-59.75	0.442815	23.738	203
DATA	1688149257	407809972	7788	0	""	2023-06-30	14:20:57	24027.322	432.04074	2082.3855	39.0859	55.0018	28.7867	46.926	0.00404855	12.1554	54.5013	-162	0.442815	23.738	203
DATA	1688149258	407809972	7792	0	""	2023-06-30	14:20:58	24026.41	431.18704	2082.3682	39.0855	55.0018	28.7842	46.9262	0.00405309	12.1553	54.5013	-139.5	0.442815	23.738	 31
DATA	1688149259	407809972	7796	0	""	2023-06-30	14:20:59	24023.986	432.2171	2082.4158	39.0868	55.0018	28.7784	46.9262	0.00405759	12.1552	54.5013	-110.5	0.442815	23.7384	101
DATA	1688149260	407809972	7800	0	""	2023-06-30	14:21:00	24018.781	430.54535	2082.1138	39.0863	55.0018	28.776	46.9262	0.00404517	12.1548	54.5013	-72	0.442815	23.738	116
DATA	1688149261	407809972	7804	0	""	2023-06-30	14:21:01	24016.781	430.41891	2082.1304	39.0863	55.0018	28.7719	46.9262	0.00403476	12.1559	54.5013	-33.75	0.442815	23.738	 68
DATA	1688149262	407809972	7808	0	""	2023-06-30	14:21:02	24023.236	431.54456	2082.375	39.0863	55.0018	28.7706	46.9262	0.00403771	12.1551	54.5011	-55	0.442815	23.7384	170
DATA	1688149263	407449960	7812	0	""	2023-06-30	14:21:03	24029.012	432.12418	2082.1514	39.0872	55.0018	28.769	46.926	0.00402917	12.1545	54.5007	-28.75	0.442815	23.7368	 12
DATA	1688149264	407449960	7816	0	""	2023-06-30	14:21:04	24029.086	432.24722	2082.0161	39.0868	55.0018	28.7669	46.9258	0.00403507	12.1552	54.5005	39	0.442815	23.7356	189
DATA	1688149265	407449960	7820	0	""	2023-06-30	14:21:05	24026.092	432.10983	2082.2119	39.0868	55.0018	28.7653	46.9254	0.00403268	12.1549	54.5005	-150.25	0.442079	23.7349	172
DATA	1688149266	407449960	7824	0	""	2023-06-30	14:21:06	24025.311	431.98389	2082.1157	39.0868	55.0018	28.7645	46.9251	0.00403504	12.1553	54.5005	42.5	0.442079	23.7345	 26
DATA	1688149267	407449960	7828	0	""	2023-06-30	14:21:07	24024.227	431.9147	2081.8416	39.0859	55.0018	28.7624	46.9254	0.00404009	12.1557	54.5005	-232.75	0.442079	23.7345	131
DATA	1688149268	407449960	7832	0	""	2023-06-30	14:21:08	24016.963	432.37329	2081.99	39.0872	55.0018	28.7575	46.9254	0.00403633	12.155	54.5005	-179.75	0.442079	23.7345	 48
DATA	1688149269	407449960	7836	0	""	2023-06-30	14:21:09	24013.941	431.21713	2081.8992	39.0855	55.0018	28.7538	46.9254	0.0040365	12.1549	54.5005	-167.5	0.442079	23.7349	 95
DATA	1688149270	407449960	7840	0	""	2023-06-30	14:21:10	24011.951	431.73566	2081.8206	39.0855	55.0018	28.7484	46.9254	0.00403781	12.1556	54.5005	-76.75	0.442079	23.7333	124
DATA	1688149271	407072067	7844	0	""	2023-06-30	14:21:11	24005.889	430.01276	2082.0237	39.0863	55.0018	28.7447	46.9254	0.00403562	12.1551	54.5005	-121	0.442079	23.7349	  0
DATA	1688149272	407072067	7848	0	""	2023-06-30	14:21:12	23996.873	430.25827	2081.9197	39.0863	55.0018	28.7427	46.9251	0.0040327	12.1546	54.5011	-106.25	0.442079	23.7376	134
DATA	1688149273	407072067	7852	0	""	2023-06-30	14:21:13	23991.93	429.33099	2081.8101	39.0859	55.0018	28.7406	46.9251	0.00402919	12.156	54.5011	-50.25	0.442079	23.738	224
DATA	1688149274	407072067	7856	0	""	2023-06-30	14:21:14	23990.674	429.52859	2081.9734	39.0868	55.0018	28.7377	46.9251	0.00403	12.1555	54.5013	-40.25	0.442079	23.7384	250
DATA	1688149275	407072067	7860	0	""	2023-06-30	14:21:15	23972.768	427.1962	2081.4355	39.0872	55.0018	28.7344	46.9254	0.00402512	12.1554	54.5011	-201.5	0.442079	23.7384	 65
DATA	1688149276	407072067	7864	0	""	2023-06-30	14:21:16	23949.129	428.44107	2081.6436	39.0863	55.0018	28.7328	46.9239	0.00402977	12.1561	54.5007	32.75	0.440422	23.7388	 96
DATA	1688149277	407072067	7868	0	""	2023-06-30	14:21:17	23927.488	427.05423	2081.8511	39.0868	55.0018	28.7279	46.923	0.00401685	12.1555	54.5005	-127.25	0.43987	23.7372	101
DATA	1688149278	406694889	7872	0	""	2023-06-30	14:21:18	23907.572	425.40829	2081.6631	39.088	55.0018	28.7262	46.9232	0.00401326	12.1558	54.5005	-15	0.43987	23.738	108
DATA	1688149279	406694889	7876	0	""	2023-06-30	14:21:19	23903.135	425.82037	2081.7903	39.0868	55.0018	28.7242	46.9232	0.00401952	12.1561	54.5005	-2.5	0.43987	23.7376	  0
DATA	1688149280	406694889	7880	0	""	2023-06-30	14:21:20	23900.535	425.57907	2081.7737	39.0872	55.0018	28.7229	46.9228	0.00400802	12.1562	54.5005	-128.5	0.43987	23.736	 42
DATA	1688149281	406694889	7884	0	""	2023-06-30	14:21:21	23895.904	424.96106	2081.6724	39.0863	55.0018	28.7168	46.9228	0.00400582	12.1557	54.5005	-185.25	0.43987	23.7356	166
DATA	1688149282	406694889	7888	0	""	2023-06-30	14:21:22	23894.574	424.5795	2081.6057	39.0863	55.0018	28.711	46.9228	0.0040031	12.1556	54.5005	-61	0.43987	23.7356	 60
DATA	1688149283	406694889	7892	0	""	2023-06-30	14:21:23	23896.686	424.84769	2081.7002	39.0868	55.0018	28.7094	46.923	0.00401191	12.1569	54.5005	-59.25	0.43987	23.7356	 79
DATA	1688149284	406694889	7896	0	""	2023-06-30	14:21:24	23890.688	424.69931	2081.5764	39.0876	55.0018	28.7081	46.923	0.00401302	12.1556	54.5009	-96	0.43987	23.7352	181
DATA	1688149285	406694889	7900	0	""	2023-06-30	14:21:25	23888.648	423.21072	2081.5283	39.0868	55.0018	28.7048	46.9232	0.00400797	12.1558	54.5013	79.25	0.43987	23.736	 19
DATA	1688149286	406323909	7904	0	""	2023-06-30	14:21:26	23887.939	423.15179	2081.6096	39.0876	55.0018	28.7061	46.9232	0.00400468	12.1561	54.5013	-85.25	0.43987	23.7364	100
DATA	1688149287	406323909	7908	0	""	2023-06-30	14:21:27	23878.01	423.45132	2081.1489	39.0863	55.0018	28.702	46.9232	0.0040041	12.156	54.5013	-223.25	0.43987	23.736	110
DATA	1688149288	406323909	7912	0	""	2023-06-30	14:21:28	23868.965	423.19623	2081.1567	39.0863	55.0018	28.695	46.9232	0.00400455	12.1564	54.5013	-167.5	0.43987	23.7368	 53
DATA	1688149289	406323909	7916	0	""	2023-06-30	14:21:29	23872.67	423.06967	2081.2627	39.0872	55.0014	28.6909	46.9228	0.00402084	12.1565	54.5013	-98.75	0.43987	23.7388	 70
DATA	1688149290	406323909	7920	0	""	2023-06-30	14:21:30	23906.943	426.17041	2081.6287	39.0876	55.001	28.688	46.9228	0.00402571	12.1563	54.5013	-104.5	0.43987	23.7392	225
DATA	1688149291	406323909	7924	0	""	2023-06-30	14:21:31	23931.031	427.1033	2081.489	39.0884	55.001	28.6876	46.9228	0.00402557	12.1553	54.5013	56.25	0.43987	23.7384	133
DATA	1688149292	406323909	7928	0	""	2023-06-30	14:21:32	23958.691	428.8894	2081.5559	39.0872	55.001	28.6847	46.923	0.00402875	12.156	54.5009	-196.75	0.43987	23.7388	239
DATA	1688149293	405950069	7932	0	""	2023-06-30	14:21:33	23972.025	427.80469	2081.7473	39.0876	55.001	28.6806	46.9232	0.00403791	12.1561	54.5005	-185.75	0.43987	23.7388	101
DATA	1688149294	405950069	7936	0	""	2023-06-30	14:21:34	23952.672	427.37445	2081.7148	39.0876	55.001	28.6777	46.9232	0.00401851	12.1552	54.5005	-13.25	0.43987	23.738	247
DATA	1688149295	405950069	7940	0	""	2023-06-30	14:21:35	23927.592	426.43445	2081.8777	39.088	55.001	28.6756	46.9232	0.00401267	12.1557	54.5005	-73	0.43987	23.738	 59
DATA	1688149296	405950069	7944	0	""	2023-06-30	14:21:36	23951.896	429.39737	2081.7207	39.0884	55.001	28.6744	46.9232	0.00401251	12.1563	54.5005	96.75	0.43987	23.7376	 18
DATA	1688149297	405950069	7948	0	""	2023-06-30	14:21:37	23969.309	428.62277	2081.7224	39.0884	55.0014	28.6732	46.9228	0.00402664	12.1555	54.5005	-120.25	0.43987	23.7356	153
DATA	1688149298	405950069	7952	0	""	2023-06-30	14:21:38	23972.281	429.80038	2081.4021	39.088	55.0016	28.6695	46.9228	0.00401178	12.1555	54.5005	-34.25	0.43987	23.736	247
DATA	1688149299	405950069	7956	0	""	2023-06-30	14:21:39	23993.438	430.18448	2081.5916	39.0896	55.0018	28.6691	46.9228	0.00401717	12.1553	54.5005	-134.25	0.43987	23.7356	168
DATA	1688149300	405950069	7960	0	""	2023-06-30	14:21:40	23994.92	429.53741	2081.6992	39.0884	55.0018	28.6678	46.9228	0.00402149	12.1546	54.5005	-72	0.43987	23.7356	159
DATA	1688149301	405581951	7964	0	""	2023-06-30	14:21:41	23993.039	428.64502	2081.6887	39.0876	55.0018	28.6621	46.9232	0.0040217	12.1556	54.5007	-46.75	0.43987	23.7356	 44
DATA	1688149302	405581951	7968	0	""	2023-06-30	14:21:42	23995.67	429.16998	2081.6218	39.0884	55.0018	28.66	46.9232	0.00402021	12.1553	54.5011	-182.75	0.43987	23.7364	249
DATA	1688149303	405581951	7972	0	""	2023-06-30	14:21:43	23997.889	428.99472	2081.7588	39.0884	55.0018	28.6563	46.9232	0.00403792	12.1563	54.5011	-24.5	0.43987	23.736	 21
DATA	1688149304	405581951	7976	0	""	2023-06-30	14:21:44	23999.16	429.24902	2081.6357	39.0892	55.0018	28.6547	46.9232	0.00402019	12.1557	54.5013	92.25	0.43987	23.7376	  5
DATA	1688149305	405581951	7980	0	""	2023-06-30	14:21:45	23999.088	429.51675	2081.6914	39.0888	55.0018	28.6551	46.9232	0.0040177	12.1561	54.5013	-143.25	0.43987	23.7396	107
DATA	1688149306	405581951	7984	0	""	2023-06-30	14:21:46	23997.707	429.27954	2081.677	39.0888	55.0018	28.6502	46.9228	0.00402017	12.1555	54.5011	-201	0.439134	23.7396	252
DATA	1688149307	405581951	7988	0	""	2023-06-30	14:21:47	23994.9	428.57004	2081.7729	39.0888	55.0018	28.6436	46.9228	0.00403394	12.1551	54.5011	-175.25	0.439134	23.74	255
DATA	1688149308	405222892	7992	0	""	2023-06-30	14:21:48	23994.041	429.26331	2081.8032	39.0888	55.0018	28.6378	46.9228	0.00403965	12.1561	54.5009	-116	0.439134	23.7396	 45
DATA	1688149309	405222892	7996	0	""	2023-06-30	14:21:49	23989.438	428.72559	2081.6702	39.0884	55.0018	28.6354	46.9228	0.00401927	12.1554	54.5005	4.75	0.439134	23.738	 17
DATA	1688149310	405222892	8000	0	""	2023-06-30	14:21:50	23988.408	429.11331	2081.7085	39.0888	55.0018	28.6354	46.9228	0.00403273	12.1558	54.5005	-17.75	0.439134	23.738	 62
DATA	1688149311	405222892	8004	0	""	2023-06-30	14:21:51	23986.348	428.57785	2081.7209	39.0884	55.0018	28.6341	46.9228	0.00402673	12.1549	54.5005	-151	0.439134	23.7384	 29
DATA	1688149312	405222892	8008	0	""	2023-06-30	14:21:52	23977.412	427.6835	2081.6863	39.0884	55.0018	28.6317	46.9228	0.0040315	12.1551	54.5005	-71.75	0.439134	23.738	223
DATA	1688149313	405222892	8012	0	""	2023-06-30	14:21:53	23971.031	427.90854	2081.5071	39.0896	55.0018	28.6296	46.9228	0.00401579	12.1552	54.5005	-71.5	0.439134	23.7372	 62
DATA	1688149314	405222892	8016	0	""	2023-06-30	14:21:54	23963.51	427.25537	2081.428	39.09	55.0018	28.6275	46.9228	0.00401615	12.1554	54.5005	76.75	0.439134	23.736	 72
DATA	1688149315	405222892	8020	0	""	2023-06-30	14:21:55	23951.611	427.15848	2081.467	39.0896	55.0018	28.6267	46.9228	0.00399431	12.1557	54.5013	-114.25	0.439134	23.736	 73
DATA	1688149316	404840946	8024	0	""	2023-06-30	14:21:56	23959.469	428.14828	2081.2771	39.0896	55.0018	28.6238	46.9228	0.00401076	12.1555	54.5013	136	0.439134	23.7372	251
DATA	1688149317	404840946	8028	0	""	2023-06-30	14:21:57	23977.561	428.23328	2081.7209	39.0888	55.0018	28.6214	46.9228	0.00401536	12.1557	54.5011	-260.25	0.439134	23.7372	178
DATA	1688149318	404840946	8032	0	""	2023-06-30	14:21:58	23991.061	429.95264	2081.7639	39.0888	55.0018	28.6173	46.9228	0.00403977	12.1554	54.5013	76.25	0.439134	23.7368	113
DATA	1688149319	404840946	8036	0	""	2023-06-30	14:21:59	23996.588	430.32526	2081.4143	39.0905	55.0018	28.6185	46.9228	0.00401904	12.1556	54.5013	-33	0.439134	23.7372	232
DATA	1688149320	404840946	8040	0	""	2023-06-30	14:22:00	23991.354	429.08163	2081.4211	39.0896	55.0018	28.6185	46.9223	0.00402749	12.155	54.5011	-195	0.438029	23.7372	211
DATA	1688149321	404840946	8044	0	""	2023-06-30	14:22:01	23993.477	428.94226	2081.5828	39.0905	55.0018	28.6127	46.9201	0.00401268	12.1555	54.5007	-211	0.436189	23.736	223
DATA	1688149322	404840946	8048	0	""	2023-06-30	14:22:02	23989.904	429.20642	2081.4253	39.0892	55.0018	28.6074	46.9199	0.00401889	12.1555	54.5005	-178.25	0.436189	23.738	148
DATA	1688149323	404465913	8052	0	""	2023-06-30	14:22:03	23984.012	428.21594	2081.6091	39.09	55.0012	28.6021	46.9199	0.00400597	12.155	54.5005	-74.25	0.436189	23.7388	216
DATA	1688149324	404465913	8056	0	""	2023-06-30	14:22:04	23985.24	428.66406	2081.4409	39.0913	55.001	28.5996	46.9199	0.00399819	12.1555	54.5005	-104.25	0.436189	23.738	 47
DATA	1688149325	404465913	8060	0	""	2023-06-30	14:22:05	23986.191	427.86346	2081.4192	39.0909	55.001	28.5951	46.9201	0.0040133	12.1554	54.5005	-79.25	0.436189	23.738	223
DATA	1688149326	404465913	8064	0	""	2023-06-30	14:22:06	23987.852	428.70218	2081.645	39.0905	55.001	28.5934	46.9203	0.00399651	12.1557	54.5009	169.25	0.436189	23.7384	 52
DATA	1688149327	404465913	8068	0	""	2023-06-30	14:22:07	23983.398	428.43225	2081.3792	39.0905	55.001	28.5955	46.9203	0.00401899	12.1556	54.5011	-147.75	0.436189	23.7384	150
DATA	1688149328	404465913	8072	0	""	2023-06-30	14:22:08	23986.01	428.57977	2081.4961	39.0905	55.001	28.5918	46.9203	0.00400736	12.1557	54.5013	-87	0.436189	23.7396	152
DATA	1688149329	404465913	8076	0	""	2023-06-30	14:22:09	23989.184	428.45911	2081.5364	39.0913	55.001	28.5889	46.9203	0.00400508	12.1557	54.5013	-163.75	0.436189	23.7396	148
DATA	1688149330	404465913	8080	0	""	2023-06-30	14:22:10	23984.943	427.43723	2081.5486	39.0892	55.001	28.5844	46.9203	0.00402552	12.1554	54.5013	-88	0.436189	23.7392	179
DATA	1688149331	404100894	8084	0	""	2023-06-30	14:22:11	23979.809	427.92059	2081.1213	39.0909	55.001	28.5799	46.9199	0.00400963	12.1556	54.5013	-26.5	0.436189	23.7376	 39
DATA	1688149332	404100894	8088	0	""	2023-06-30	14:22:12	23975.287	427.4324	2081.3855	39.0913	55.0014	28.5794	46.9199	0.00400454	12.1557	54.5013	-8.25	0.436189	23.738	238
DATA	1688149333	404100894	8092	0	""	2023-06-30	14:22:13	23976.756	427.9122	2081.3882	39.0905	55.0018	28.5807	46.9199	0.00401171	12.1555	54.5013	-6.25	0.436189	23.7384	 27
DATA	1688149334	404100894	8096	0	""	2023-06-30	14:22:14	23980.645	428.22876	2081.3418	39.0909	55.0018	28.5782	46.9201	0.00400027	12.1559	54.5013	-108.5	0.436189	23.7376	123
DATA	1688149335	404100894	8100	0	""	2023-06-30	14:22:15	23980.119	428.05328	2081.4214	39.0913	55.0018	28.5725	46.9203	0.00402157	12.1548	54.5005	-183.25	0.436189	23.7372	143
DATA	1688149336	404100894	8104	0	""	2023-06-30	14:22:16	23975.09	427.42279	2081.1619	39.0913	55.0018	28.5679	46.9203	0.00402335	12.1555	54.5005	-16.25	0.436189	23.7356	 67
DATA	1688149337	404100894	8108	0	""	2023-06-30	14:22:17	23969.371	427.32123	2081.3608	39.0913	55.0018	28.5667	46.9203	0.00401804	12.1555	54.5005	-36.75	0.436189	23.736	 64
DATA	1688149338	403722047	8112	0	""	2023-06-30	14:22:18	23968.01	427.73013	2081.3376	39.0909	55.0018	28.5675	46.9203	0.00401209	12.1555	54.5005	-63.75	0.436189	23.7364	 61
DATA	1688149339	403722047	8116	0	""	2023-06-30	14:22:19	23963.465	426.64316	2081.4524	39.0909	55.0018	28.5638	46.9201	0.00402875	12.1556	54.5005	-184.25	0.436189	23.7384	182
DATA	1688149340	403722047	8120	0	""	2023-06-30	14:22:20	23964.207	426.96796	2081.0874	39.0921	55.0018	28.5593	46.9199	0.00400455	12.1553	54.5005	111.75	0.436189	23.7388	130
DATA	1688149341	403722047	8124	0	""	2023-06-30	14:22:21	23970.801	427.01544	2081.3975	39.0909	55.0018	28.5597	46.9199	0.00400741	12.1557	54.5005	-95	0.436189	23.7392	233
DATA	1688149342	403722047	8128	0	""	2023-06-30	14:22:22	23976.482	428.48508	2081.2954	39.0917	55.0018	28.556	46.9199	0.00401603	12.156	54.5009	91	0.436189	23.7384	 99
DATA	1688149343	403722047	8132	0	""	2023-06-30	14:22:23	23980.621	428.42429	2081.4094	39.0917	55.0018	28.5564	46.9199	0.00401618	12.155	54.5011	-163	0.436189	23.74	115
DATA	1688149344	403722047	8136	0	""	2023-06-30	14:22:24	23987.627	427.94958	2081.249	39.0909	55.0018	28.5511	46.9203	0.00401252	12.1546	54.5013	-104.25	0.436189	23.74	 13
DATA	1688149345	403722047	8140	0	""	2023-06-30	14:22:25	23992.6	429.16162	2081.4819	39.0909	55.0018	28.5478	46.9203	0.00400836	12.1551	54.5013	-84.25	0.436189	23.74	169
DATA	1688149346	403356075	8144	0	""	2023-06-30	14:22:26	23992.736	429.66455	2081.2363	39.0913	55.0018	28.5466	46.9203	0.00401105	12.1556	54.5013	-11.5	0.436189	23.7403	 57
DATA	1688149347	403356075	8148	0	""	2023-06-30	14:22:27	23991.08	428.01486	2081.4502	39.0921	55.0012	28.5441	46.9201	0.00400156	12.1551	54.5007	-42	0.436189	23.7376	152
DATA	1688149348	403356075	8152	0	""	2023-06-30	14:22:28	23989.594	428.35483	2081.2578	39.0929	55.001	28.542	46.9199	0.00399671	12.1548	54.5007	-24.5	0.436189	23.7364	 17
DATA	1688149349	403356075	8156	0	""	2023-06-30	14:22:29	23989.037	429.11984	2081.4683	39.0913	55.001	28.5404	46.9199	0.00399978	12.1554	54.5005	16.5	0.436189	23.7368	 23
DATA	1688149350	403356075	8160	0	""	2023-06-30	14:22:30	23992.592	428.09851	2081.2068	39.0917	55.001	28.5416	46.9199	0.00400036	12.1558	54.5005	43.5	0.436189	23.7364	227
DATA	1688149351	403356075	8164	0	""	2023-06-30	14:22:31	23993.854	428.23517	2081.1626	39.0921	55.001	28.5396	46.9199	0.00401757	12.1558	54.5005	32.75	0.436189	23.7368	 43
DATA	1688149352	403356075	8168	0	""	2023-06-30	14:22:32	23994.418	428.28867	2081.145	39.0925	55.001	28.5392	46.9199	0.0040079	12.1558	54.5005	-279.25	0.436189	23.736	255
DATA	1688149353	402986049	8172	0	""	2023-06-30	14:22:33	23995.602	427.61365	2081.3923	39.0909	55.001	28.5338	46.9203	0.00399259	12.1552	54.5005	-75.5	0.436189	23.7364	 40
DATA	1688149354	402986049	8176	0	""	2023-06-30	14:22:34	23996.59	428.45126	2081.4702	39.0925	55.001	28.5301	46.9203	0.00399756	12.1558	54.5007	-102.25	0.436189	23.7364	 86
DATA	1688149355	402986049	8180	0	""	2023-06-30	14:22:35	23998.404	428.23938	2081.355	39.0925	55.0012	28.526	46.9203	0.00400641	12.1554	54.5011	-53.25	0.436189	23.7364	 16
DATA	1688149356	402986049	8184	0	""	2023-06-30	14:22:36	23997.859	428.33118	2081.2158	39.0925	55.0014	28.5264	46.9201	0.00400778	12.1561	54.5013	-71.75	0.436189	23.7392	146
DATA	1688149357	402986049	8188	0	""	2023-06-30	14:22:37	24002.559	428.64969	2081.3254	39.0925	55.0018	28.5235	46.9199	0.00401596	12.1555	54.5013	-57.25	0.436189	23.7392	162
DATA	1688149358	402986049	8192	0	""	2023-06-30	14:22:38	24006.445	428.51242	2080.9456	39.0913	55.0018	28.5227	46.9199	0.00400452	12.155	54.5013	90.75	0.436189	23.7411	 30
DATA	1688149359	402986049	8196	0	""	2023-06-30	14:22:39	24006.895	429.21426	2081.2371	39.0917	55.0018	28.5202	46.9199	0.00401619	12.1544	54.5013	-131.5	0.436189	23.7403	126
DATA	1688149360	402986049	8200	0	""	2023-06-30	14:22:40	24009.158	429.28076	2081.2869	39.0929	55.0018	28.5145	46.9199	0.00401358	12.1558	54.5013	-62.75	0.436189	23.7388	147
DATA	1688149361	402612924	8204	0	""	2023-06-30	14:22:41	24007.057	428.11298	2081.4111	39.0917	55.0018	28.5133	46.9203	0.00401953	12.1548	54.5013	80.5	0.436189	23.7392	247
DATA	1688149362	402612924	8208	0	""	2023-06-30	14:22:42	24007.455	429.38937	2081.0759	39.0921	55.0018	28.5124	46.9203	0.00400802	12.1555	54.5009	-119.5	0.436189	23.7396	113
DATA	1688149363	402612924	8212	0	""	2023-06-30	14:22:43	24007.889	428.27042	2081.0569	39.0921	55.0018	28.5075	46.9203	0.0040168	12.1553	54.5011	-50.5	0.436189	23.7388	  4
DATA	1688149364	402612924	8216	0	""	2023-06-30	14:22:44	24007.764	428.70374	2081.2317	39.0937	55.0018	28.51	46.9201	0.0040092	12.1545	54.5005	34.75	0.436189	23.7368	165
DATA	1688149365	402612924	8220	0	""	2023-06-30	14:22:45	24008.484	428.79785	2081.312	39.0921	55.0018	28.5063	46.9199	0.00400575	12.1551	54.5005	6.25	0.436189	23.7372	227
DATA	1688149366	402612924	8224	0	""	2023-06-30	14:22:46	24010.824	428.7605	2080.9895	39.0929	55.0018	28.5067	46.9199	0.00401721	12.1545	54.5005	-43.25	0.436189	23.7368	 82
DATA	1688149367	402612924	8228	0	""	2023-06-30	14:22:47	24009.363	428.17047	2080.9397	39.0929	55.0018	28.5022	46.9199	0.00399793	12.1552	54.5011	-25.25	0.436189	23.7364	147
DATA	1688149368	402237892	8232	0	""	2023-06-30	14:22:48	24012.967	428.90234	2081.0679	39.0937	55.0018	28.5022	46.9199	0.00399152	12.155	54.5011	23.5	0.436189	23.738	196
DATA	1688149369	402237892	8236	0	""	2023-06-30	14:22:49	24012.998	428.48361	2081.104	39.0933	55.0018	28.4989	46.9199	0.00400555	12.1554	54.5013	-188.75	0.436189	23.7372	159
DATA	1688149370	402237892	8240	0	""	2023-06-30	14:22:50	24013.045	428.77322	2081.1255	39.0925	55.0018	28.4952	46.9199	0.00401089	12.1543	54.5013	-126.5	0.436189	23.7372	106
DATA	1688149371	402237892	8244	0	""	2023-06-30	14:22:51	24011.996	428.95819	2080.946	39.0929	55.0018	28.4931	46.9203	0.0040088	12.1551	54.5013	35.5	0.436189	23.7376	195
DATA	1688149372	402237892	8248	0	""	2023-06-30	14:22:52	24009.652	428.27762	2081.0332	39.0937	55.0018	28.4919	46.9203	0.00400058	12.1544	54.5007	-89.5	0.436189	23.7376	 80
DATA	1688149373	402237892	8252	0	""	2023-06-30	14:22:53	24006.662	428.46347	2081.1289	39.0937	55.001	28.4886	46.9199	0.0040123	12.1547	54.5005	-139	0.435636	23.7396	193
DATA	1688149374	402237892	8256	0	""	2023-06-30	14:22:54	24008.115	428.98318	2081.0645	39.0937	55.001	28.4853	46.9192	0.00400614	12.1562	54.5005	-2.5	0.435452	23.7392	215
DATA	1688149375	402237892	8260	0	""	2023-06-30	14:22:55	24008.895	428.38525	2080.9089	39.0937	55.001	28.4832	46.9192	0.00401368	12.1549	54.5005	-110	0.435452	23.7392	237
DATA	1688149376	401865959	8264	0	""	2023-06-30	14:22:56	24009.686	429.23712	2080.8767	39.0942	55.001	28.4828	46.9192	0.00400164	12.1556	54.5005	10	0.435452	23.7388	150
DATA	1688149377	401865959	8268	0	""	2023-06-30	14:22:57	24008.605	429.06805	2081.033	39.0937	55.001	28.4816	46.9195	0.00400305	12.1553	54.5005	6.25	0.435452	23.7388	185
DATA	1688149378	401865959	8272	0	""	2023-06-30	14:22:58	24009.531	427.90866	2080.7258	39.0954	55.001	28.4804	46.9195	0.00399782	12.1553	54.5005	-69.25	0.435452	23.7388	120
DATA	1688149379	401865959	8276	0	""	2023-06-30	14:22:59	24008.053	428.30124	2080.9351	39.0946	55.001	28.4779	46.9195	0.00400551	12.1556	54.5005	-78.25	0.435452	23.7388	 94
DATA	1688149380	401865959	8280	0	""	2023-06-30	14:23:00	24008.113	428.8544	2080.8352	39.0946	55.001	28.4758	46.9195	0.00398347	12.1555	54.5007	285.75	0.435452	23.7388	 53
DATA	1688149381	401865959	8284	0	""	2023-06-30	14:23:01	24005.389	428.17407	2080.8347	39.0942	55.001	28.4771	46.9193	0.00398662	12.1561	54.5013	-124.75	0.435452	23.738	 85
DATA	1688149382	401865959	8288	0	""	2023-06-30	14:23:02	24005.887	428.23532	2080.7449	39.095	55.001	28.4713	46.9192	0.00399735	12.1561	54.5013	46	0.435452	23.7384	104
DATA	1688149383	401493072	8292	0	""	2023-06-30	14:23:03	24002.395	428.04886	2081.0525	39.0946	55.001	28.4701	46.9192	0.00398445	12.1541	54.5013	4.5	0.435452	23.7376	166
DATA	1688149384	401493072	8296	0	""	2023-06-30	14:23:04	23993.865	426.82986	2080.7117	39.0942	55.001	28.4684	46.9192	0.00398308	12.1558	54.5011	-113.5	0.435452	23.7376	 96
DATA	1688149385	401493072	8300	0	""	2023-06-30	14:23:05	23989.215	428.0502	2080.7085	39.0942	55.0018	28.4676	46.9192	0.00399656	12.1557	54.5013	44	0.435452	23.7372	138
DATA	1688149386	401493072	8304	0	""	2023-06-30	14:23:06	23993.148	427.60693	2080.8306	39.0946	55.0018	28.4643	46.9192	0.00399271	12.1539	54.5009	32.5	0.435452	23.738	248
DATA	1688149387	401493072	8308	0	""	2023-06-30	14:23:07	23992.238	426.76974	2080.9229	39.095	55.0018	28.4635	46.9193	0.00398634	12.1551	54.5005	-46.25	0.435452	23.7372	100
DATA	1688149388	401493072	8312	0	""	2023-06-30	14:23:08	23990.037	426.73151	2080.7222	39.0942	55.0018	28.4623	46.9195	0.00398132	12.1548	54.5005	-149.5	0.435452	23.7372	116
DATA	1688149389	401493072	8316	0	""	2023-06-30	14:23:09	23993.654	426.32727	2080.7029	39.0937	55.0018	28.4586	46.9195	0.00401581	12.1553	54.5005	-186.75	0.435452	23.7372	196
DATA	1688149390	401493072	8320	0	""	2023-06-30	14:23:10	23993.846	426.50342	2080.7512	39.0946	55.0018	28.4541	46.9192	0.0040064	12.1549	54.5005	-60	0.435452	23.7396	159
DATA	1688149391	401124954	8324	0	""	2023-06-30	14:23:11	23990.508	427.32693	2080.9458	39.0933	55.0018	28.4541	46.919	0.00400633	12.1561	54.5005	96	0.434716	23.7396	134
DATA	1688149392	401124954	8328	0	""	2023-06-30	14:23:12	23990.094	426.83768	2080.7786	39.0958	55.0018	28.4541	46.9177	0.00400314	12.1552	54.5005	-155.5	0.43398	23.7392	 88
DATA	1688149393	401124954	8332	0	""	2023-06-30	14:23:13	23988.574	426.47571	2080.4937	39.0946	55.0018	28.4499	46.9177	0.00399451	12.1557	54.5005	-120.25	0.43398	23.7388	162
DATA	1688149394	401124954	8336	0	""	2023-06-30	14:23:14	23990.471	426.30283	2080.9004	39.095	55.0018	28.4458	46.9177	0.00399389	12.1552	54.5005	30	0.43398	23.7388	100
DATA	1688149395	401124954	8340	0	""	2023-06-30	14:23:15	23991.68	427.47293	2080.8784	39.0954	55.0018	28.4483	46.9177	0.00399471	12.1549	54.5005	-16.5	0.43398	23.7392	 11
DATA	1688149396	401124954	8344	0	""	2023-06-30	14:23:16	23995.533	427.47702	2080.7659	39.0958	55.0018	28.4446	46.9179	0.00400522	12.156	54.5005	-119.25	0.43398	23.7392	 93
DATA	1688149397	401124954	8348	0	""	2023-06-30	14:23:17	23995.861	427.44547	2080.7698	39.0958	55.0018	28.4421	46.9181	0.00400035	12.1555	54.5005	-80	0.43398	23.7388	208
DATA	1688149398	400749921	8352	0	""	2023-06-30	14:23:18	23995.955	427.51837	2080.7429	39.095	55.0018	28.4409	46.9179	0.00401603	12.1557	54.5009	146.75	0.43398	23.7376	 73
DATA	1688149399	400749921	8356	0	""	2023-06-30	14:23:19	23997.592	427.34024	2080.8171	39.0946	55.0014	28.4388	46.9177	0.00400929	12.1559	54.5009	-159.5	0.43398	23.7376	121
DATA	1688149400	400749921	8360	0	""	2023-06-30	14:23:20	23998.15	427.40262	2080.8477	39.0962	55.0014	28.4343	46.9177	0.0040064	12.1551	54.5013	-43.75	0.43398	23.738	164
DATA	1688149401	400749921	8364	0	""	2023-06-30	14:23:21	23995.004	427.83313	2080.6194	39.0954	55.001	28.431	46.9177	0.00399849	12.1549	54.5013	-55	0.43398	23.738	 38
DATA	1688149402	400749921	8368	0	""	2023-06-30	14:23:22	23995.713	426.70535	2080.5125	39.0958	55.001	28.4302	46.9177	0.00400381	12.155	54.5013	50.5	0.43398	23.7376	118
DATA	1688149403	400749921	8372	0	""	2023-06-30	14:23:23	23996.508	427.50333	2080.9673	39.097	55.001	28.4277	46.9177	0.00398123	12.1558	54.5013	78.5	0.43398	23.738	105
DATA	1688149404	400749921	8376	0	""	2023-06-30	14:23:24	23994.66	426.4985	2080.7722	39.0954	55.001	28.4294	46.9181	0.00398279	12.1549	54.5009	-18.25	0.43398	23.7384	218
DATA	1688149405	400749921	8380	0	""	2023-06-30	14:23:25	23997.26	428.31866	2080.8083	39.0954	55.001	28.4306	46.9181	0.00397989	12.1553	54.5007	-106.75	0.43398	23.7372	 49
DATA	1688149406	400388956	8384	0	""	2023-06-30	14:23:26	23995.625	427.06125	2080.4209	39.0958	55.001	28.4249	46.9181	0.00397671	12.1552	54.5005	-14.75	0.43398	23.7372	 43
DATA	1688149407	400388956	8388	0	""	2023-06-30	14:23:27	23995.699	427.80865	2080.7256	39.0962	55.001	28.4253	46.9177	0.00398125	12.1552	54.5005	-108.5	0.43398	23.7396	 71
DATA	1688149408	400388956	8392	0	""	2023-06-30	14:23:28	23994.354	428.62485	2080.7339	39.0958	55.001	28.4216	46.9177	0.00397966	12.1555	54.5005	-21.75	0.43398	23.7396	 76
DATA	1688149409	400388956	8396	0	""	2023-06-30	14:23:29	23996.076	427.76382	2080.6711	39.0954	55.001	28.4203	46.9177	0.00399937	12.1552	54.5005	-132.25	0.43398	23.7388	114
DATA	1688149410	400388956	8400	0	""	2023-06-30	14:23:30	23995.484	426.86746	2080.6772	39.0954	55.0018	28.4195	46.9177	0.00399376	12.1559	54.5005	41	0.43398	23.7388	180
DATA	1688149411	400388956	8404	0	""	2023-06-30	14:23:31	23993.781	428.64206	2080.5088	39.0962	55.0018	28.4175	46.9177	0.00400007	12.1556	54.5009	-85	0.43398	23.7396	196
DATA	1688149412	400388956	8408	0	""	2023-06-30	14:23:32	23994.781	427.10468	2080.6406	39.0958	55.0018	28.4158	46.9179	0.00399265	12.1549	54.5013	-95.75	0.43398	23.7392	121
DATA	1688149413	400011062	8412	0	""	2023-06-30	14:23:33	23994.342	427.7959	2080.6328	39.0958	55.0018	28.4134	46.9181	0.00398141	12.156	54.5013	-46.25	0.43398	23.7396	223
DATA	1688149414	400011062	8416	0	""	2023-06-30	14:23:34	23993.178	427.92532	2080.8188	39.0974	55.0018	28.4113	46.9179	0.00398473	12.1551	54.5013	-114.5	0.43398	23.7407	 69
DATA	1688149415	400011062	8420	0	""	2023-06-30	14:23:35	23990.48	427.36465	2080.5029	39.0962	55.0018	28.4088	46.9179	0.00398899	12.1554	54.5013	-152.75	0.43398	23.7392	 88
DATA	1688149416	400011062	8424	0	""	2023-06-30	14:23:36	23989.258	428.28891	2080.7268	39.097	55.0018	28.4051	46.9177	0.00399614	12.1555	54.5011	-21.5	0.43398	23.7392	237
DATA	1688149417	400011062	8428	0	""	2023-06-30	14:23:37	23989.861	426.77551	2080.5493	39.0962	55.0018	28.4064	46.9177	0.00400054	12.1551	54.5011	-171	0.43398	23.7388	226
DATA	1688149418	400011062	8432	0	""	2023-06-30	14:23:38	23992.244	426.74713	2080.5786	39.0979	55.0018	28.4014	46.9177	0.00398573	12.1554	54.5005	-69.25	0.43398	23.7376	 93
DATA	1688149419	400011062	8436	0	""	2023-06-30	14:23:39	23991.684	427.46811	2080.7385	39.0954	55.0018	28.4018	46.9177	0.00399964	12.1547	54.5005	53.75	0.43398	23.7372	 55
DATA	1688149420	400011062	8440	0	""	2023-06-30	14:23:40	23990.357	428.11356	2080.551	39.097	55.0018	28.3998	46.9179	0.00398156	12.1555	54.5005	1.25	0.43398	23.7372	122
DATA	1688149421	399638891	8444	0	""	2023-06-30	14:23:41	23986.311	428.1532	2080.5713	39.0979	55.0018	28.3994	46.9179	0.00398165	12.1551	54.5005	-64.75	0.43398	23.7372	 65
DATA	1688149422	399638891	8448	0	""	2023-06-30	14:23:42	23984.01	427.29065	2080.4597	39.0974	55.0016	28.3977	46.9181	0.00399315	12.1557	54.5005	-128.75	0.43398	23.7376	128
DATA	1688149423	399638891	8452	0	""	2023-06-30	14:23:43	23982.676	427.57492	2080.3799	39.0966	55.0012	28.3953	46.9177	0.00399493	12.1556	54.5005	-70.25	0.433243	23.7376	182
DATA	1688149424	399638891	8456	0	""	2023-06-30	14:23:44	23980.604	427.29904	2080.5901	39.0974	55.001	28.3928	46.9158	0.00398965	12.1553	54.5005	-70.5	0.431771	23.7403	 56
DATA	1688149425	399638891	8460	0	""	2023-06-30	14:23:45	23980.324	426.8425	2080.3933	39.0983	55.001	28.3887	46.9155	0.00398664	12.1554	54.5005	-131.5	0.431771	23.7396	 56
DATA	1688149426	399638891	8464	0	""	2023-06-30	14:23:46	23979.635	426.71393	2080.4763	39.0983	55.001	28.3879	46.9155	0.00398507	12.156	54.5005	72.5	0.431771	23.7396	242
DATA	1688149427	399638891	8468	0	""	2023-06-30	14:23:47	23979.24	426.9859	2080.4375	39.097	55.001	28.387	46.9155	0.00398769	12.1558	54.5005	-107.75	0.431771	23.7396	254
DATA	1688149428	399276018	8472	0	""	2023-06-30	14:23:48	23978.547	427.32581	2080.3679	39.0979	55.001	28.3862	46.9155	0.00397643	12.1556	54.5009	0.75	0.431771	23.7392	 29
DATA	1688149429	399276018	8476	0	""	2023-06-30	14:23:49	23979.018	426.56833	2080.3782	39.0979	55.001	28.385	46.9155	0.00397242	12.1559	54.5011	-26.75	0.431771	23.7396	 74
DATA	1688149430	399276018	8480	0	""	2023-06-30	14:23:50	23978.979	426.74918	2080.144	39.0983	55.001	28.3866	46.9155	0.00397357	12.1545	54.5013	-42.75	0.431771	23.7411	 53
DATA	1688149431	399276018	8484	0	""	2023-06-30	14:23:51	23981.92	426.9519	2080.4451	39.0995	55.001	28.3833	46.9155	0.00397482	12.1553	54.5013	-173.75	0.431771	23.7407	 44
DATA	1688149432	399276018	8488	0	""	2023-06-30	14:23:52	23978.223	427.46353	2080.2942	39.0979	55.001	28.378	46.9155	0.00397217	12.156	54.5013	-107.75	0.431771	23.7392	 50
DATA	1688149433	399276018	8492	0	""	2023-06-30	14:23:53	23979.773	427.19159	2080.4187	39.0987	55.001	28.3739	46.9155	0.00397523	12.1548	54.5013	27.5	0.431771	23.7396	 27
DATA	1688149434	399276018	8496	0	""	2023-06-30	14:23:54	23978.814	428.02689	2080.468	39.0983	55.001	28.3759	46.9155	0.00399074	12.1551	54.5013	-89.75	0.431771	23.7388	 83
DATA	1688149435	399276018	8500	0	""	2023-06-30	14:23:55	23981.863	427.89532	2080.5977	39.0974	55.001	28.3747	46.9155	0.00397609	12.1551	54.5011	89.5	0.431771	23.7388	 25
DATA	1688149436	398897886	8504	0	""	2023-06-30	14:23:56	23979.652	427.25659	2080.3286	39.0983	55.001	28.3722	46.9155	0.00396572	12.1558	54.5005	-113.25	0.431771	23.7384	174
DATA	1688149437	398897886	8508	0	""	2023-06-30	14:23:57	23978.27	427.96814	2080.1475	39.0979	55.0012	28.3702	46.9155	0.00397538	12.1547	54.5005	-68.75	0.431771	23.7372	143
DATA	1688149438	398897886	8512	0	""	2023-06-30	14:23:58	23978.725	427.48068	2080.3484	39.097	55.0016	28.3681	46.9155	0.00398815	12.1548	54.5005	-121	0.431771	23.7376	 34
DATA	1688149439	398897886	8516	0	""	2023-06-30	14:23:59	23980.832	426.9855	2080.5647	39.0974	55.0018	28.3665	46.9155	0.00398949	12.1551	54.5005	61.25	0.431771	23.7376	104
DATA	1688149440	398897886	8520	0	""	2023-06-30	14:24:00	23981.299	427.35843	2080.4797	39.0974	55.0018	28.3653	46.9155	0.00398334	12.1552	54.5005	-95.5	0.431771	23.7384	123
DATA	1688149441	398897886	8524	0	""	2023-06-30	14:24:01	23981.123	426.45294	2080.303	39.0983	55.0018	28.362	46.9155	0.00397297	12.1548	54.5005	-34.5	0.431771	23.7403	245
DATA	1688149442	398897886	8528	0	""	2023-06-30	14:24:02	23983.57	427.09018	2080.4072	39.0987	55.0018	28.3607	46.9155	0.00399072	12.1558	54.5005	-39	0.431771	23.74	119
DATA	1688149443	398521900	8532	0	""	2023-06-30	14:24:03	23982.082	426.16772	2080.2771	39.0987	55.0018	28.3603	46.9155	0.00398019	12.1549	54.5005	49	0.431771	23.7396	202
DATA	1688149444	398521900	8536	0	""	2023-06-30	14:24:04	23983.055	426.51938	2080.325	39.0979	55.0018	28.3574	46.9155	0.00398622	12.1551	54.5007	33.25	0.431771	23.74	192
DATA	1688149445	398521900	8540	0	""	2023-06-30	14:24:05	23981.473	427.06061	2080.5725	39.0974	55.0018	28.357	46.9155	0.00398782	12.155	54.5007	-102.75	0.431771	23.7392	 82
DATA	1688149446	398521900	8544	0	""	2023-06-30	14:24:06	23982.088	427.24353	2080.2173	39.0995	55.0018	28.3546	46.9155	0.00398286	12.1548	54.5013	-68.25	0.431771	23.7403	145
DATA	1688149447	398521900	8548	0	""	2023-06-30	14:24:07	23980.855	427.3642	2080.2375	39.0991	55.0018	28.3521	46.9155	0.00398727	12.1535	54.5013	-22.25	0.431771	23.7411	 79
DATA	1688149448	398521900	8552	0	""	2023-06-30	14:24:08	23981.156	426.57257	2080.2842	39.0983	55.0018	28.35	46.9155	0.0039718	12.1569	54.5013	-42.5	0.431771	23.7407	194
DATA	1688149449	398521900	8556	0	""	2023-06-30	14:24:09	23981.781	426.97397	2080.135	39.0991	55.0018	28.3496	46.9155	0.00397815	12.1562	54.5013	-49.25	0.431771	23.7396	121
DATA	1688149450	398521900	8560	0	""	2023-06-30	14:24:10	23981.982	427.18137	2080.0171	39.0983	55.0018	28.3476	46.9155	0.00398903	12.1562	54.5013	-69.25	0.431771	23.7392	133
DATA	1688149451	398152112	8564	0	""	2023-06-30	14:24:11	23982.283	427.89273	2080.1152	39.0991	55.0016	28.3451	46.9155	0.00398954	12.153	54.5011	-74.5	0.431771	23.738	230
DATA	1688149452	398152112	8568	0	""	2023-06-30	14:24:12	23980.379	427.27264	2080.3523	39.0987	55.001	28.3443	46.9155	0.00398546	12.1551	54.5005	-41.5	0.431771	23.7388	 33
DATA	1688149453	398152112	8572	0	""	2023-06-30	14:24:13	23979.758	425.87051	2079.9155	39.0991	55.001	28.3426	46.9155	0.00397872	12.1557	54.5005	87	0.431771	23.738	121
DATA	1688149454	398152112	8576	0	""	2023-06-30	14:24:14	23976.963	426.20764	2080.2312	39.0995	55.001	28.3422	46.9155	0.00397698	12.1552	54.5005	-104.5	0.431771	23.7376	 81
DATA	1688149455	398152112	8580	0	""	2023-06-30	14:24:15	23978.582	427.27222	2080.4084	39.0995	55.001	28.3389	46.9155	0.00397623	12.155	54.5005	-58	0.431771	23.7376	149
DATA	1688149456	398152112	8584	0	""	2023-06-30	14:24:16	23978.225	426.71594	2080.5425	39.0995	55.001	28.3365	46.9155	0.00397158	12.1557	54.5005	9.25	0.431771	23.7376	  7
DATA	1688149457	398152112	8588	0	""	2023-06-30	14:24:17	23978.676	426.43542	2080.377	39.0999	55.001	28.3365	46.9155	0.00397926	12.1544	54.5005	-13.75	0.431771	23.7376	 64
DATA	1688149458	397778987	8592	0	""	2023-06-30	14:24:18	23980.006	426.71155	2080.2781	39.0999	55.001	28.3344	46.9155	0.00397736	12.1553	54.5005	-11.75	0.431771	23.74	 10
DATA	1688149459	397778987	8596	0	""	2023-06-30	14:24:19	23981.084	426.465	2080.2554	39.0995	55.001	28.3348	46.9155	0.00397938	12.1554	54.5005	-43.25	0.431771	23.7403	 25
DATA	1688149460	397778987	8600	0	""	2023-06-30	14:24:20	23981.547	426.78308	2080.02	39.1003	55.001	28.332	46.9155	0.00398574	12.1552	54.5005	22	0.431771	23.74	130
DATA	1688149461	397778987	8604	0	""	2023-06-30	14:24:21	23979.959	426.42462	2080.502	39.1003	55.001	28.3328	46.9155	0.00395994	12.1542	54.5005	95.75	0.431771	23.7392	 11
DATA	1688149462	397778987	8608	0	""	2023-06-30	14:24:22	23979.361	426.6701	2080.1624	39.0999	55.001	28.3332	46.9155	0.00396789	12.1556	54.5005	-72	0.431771	23.74	 68
DATA	1688149463	397778987	8612	0	""	2023-06-30	14:24:23	23976.984	426.91464	2080.3711	39.1007	55.001	28.3311	46.9155	0.00396089	12.1549	54.5005	-93.5	0.431771	23.7396	 59
DATA	1688149464	397778987	8616	0	""	2023-06-30	14:24:24	23978.52	426.91922	2080.2324	39.1007	55.0012	28.3299	46.9155	0.0039705	12.1551	54.5005	-53.25	0.431771	23.7396	 48
DATA	1688149465	397778987	8620	0	""	2023-06-30	14:24:25	23977.855	427.82034	2080.0378	39.0995	55.0016	28.3278	46.9155	0.0039851	12.1547	54.5005	-25.5	0.431771	23.7392	 73
DATA	1688149466	397416114	8624	0	""	2023-06-30	14:24:26	23978.729	427.08853	2080.2002	39.1003	55.0018	28.3274	46.9155	0.00397786	12.1551	54.5005	53.5	0.431771	23.7384	 37
DATA	1688149467	397416114	8628	0	""	2023-06-30	14:24:27	23976.654	426.56549	2080.2026	39.0995	55.0018	28.3291	46.9155	0.0039777	12.1553	54.5007	-116.75	0.431771	23.7376	164
DATA	1688149468	397416114	8632	0	""	2023-06-30	14:24:28	23975.998	426.31396	2079.9546	39.0995	55.0018	28.3237	46.9155	0.00399227	12.155	54.5005	-180.5	0.431771	23.7376	126
DATA	1688149469	397416114	8636	0	""	2023-06-30	14:24:29	23977.346	426.93451	2080.1841	39.1007	55.0018	28.3209	46.9155	0.00396552	12.1554	54.5013	-12	0.431771	23.7372	235
DATA	1688149470	397416114	8640	0	""	2023-06-30	14:24:30	23977.842	425.43085	2080.2793	39.1007	55.0018	28.3209	46.9155	0.00397319	12.1555	54.5013	-78.5	0.431771	23.738	 28
DATA	1688149471	397416114	8644	0	""	2023-06-30	14:24:31	23978.531	427.5705	2080.2871	39.0999	55.0018	28.3176	46.9155	0.00397771	12.1551	54.5013	-91.75	0.431771	23.7384	100
DATA	1688149472	397416114	8648	0	""	2023-06-30	14:24:32	23979.031	426.77148	2080.0442	39.1003	55.0018	28.3163	46.9155	0.00397722	12.1565	54.5013	-108.75	0.431771	23.7392	171
DATA	1688149473	397037982	8652	0	""	2023-06-30	14:24:33	23976.896	426.2287	2079.8853	39.1011	55.0018	28.3143	46.9155	0.0039824	12.1558	54.5013	100.75	0.431771	23.7392	 56
DATA	1688149474	397037982	8656	0	""	2023-06-30	14:24:34	23977.387	426.22424	2080.084	39.0999	55.0018	28.3151	46.9155	0.00398035	12.155	54.5011	-108.25	0.431771	23.7415	 92
DATA	1688149475	397037982	8660	0	""	2023-06-30	14:24:35	23975.742	426.76398	2080.1184	39.1003	55.0018	28.3106	46.9155	0.00397709	12.1559	54.5013	32.5	0.431771	23.7415	 47
DATA	1688149476	397037982	8664	0	""	2023-06-30	14:24:36	23975.492	427.29568	2080.1528	39.1011	55.0016	28.3098	46.9155	0.00397125	12.1554	54.5005	-124.25	0.431771	23.7411	191
DATA	1688149477	397037982	8668	0	""	2023-06-30	14:24:37	23975.238	426.32217	2080.0647	39.0995	55.0016	28.3085	46.9155	0.00397479	12.1544	54.5005	-57	0.431771	23.74	173
DATA	1688149478	397037982	8672	0	""	2023-06-30	14:24:38	23973.391	427.1781	2080.084	39.1016	55.001	28.3077	46.9155	0.00396777	12.1552	54.5005	102.75	0.431771	23.7403	248
DATA	1688149479	397037982	8676	0	""	2023-06-30	14:24:39	23971.738	426.13556	2080.1091	39.102	55.001	28.3065	46.9155	0.00396979	12.155	54.5005	-61.75	0.431771	23.74	154
DATA	1688149480	397037982	8680	0	""	2023-06-30	14:24:40	23971.285	426.64136	2080.1111	39.1016	55.001	28.3036	46.9155	0.00397244	12.1552	54.5005	-73.5	0.431771	23.7396	 12
DATA	1688149481	396665096	8684	0	""	2023-06-30	14:24:41	23973.49	425.59348	2080.1543	39.1007	55.001	28.3019	46.9155	0.00397432	12.1551	54.5005	93.5	0.431771	23.7388	202
DATA	1688149482	396665096	8688	0	""	2023-06-30	14:24:42	23973.557	426.33856	2079.8206	39.1032	55.001	28.3015	46.9149	0.00396286	12.1539	54.5005	-51.25	0.431035	23.7396	102
DATA	1688149483	396665096	8692	0	""	2023-06-30	14:24:43	23972.342	425.90018	2079.8708	39.1011	55.001	28.2999	46.9147	0.00396634	12.1551	54.5005	-49.75	0.431035	23.7384	104
DATA	1688149484	396665096	8696	0	""	2023-06-30	14:24:44	23974.977	426.18558	2079.8733	39.1024	55.001	28.2995	46.9147	0.00395733	12.1552	54.5005	-35	0.431035	23.7384	231
DATA	1688149485	396665096	8700	0	""	2023-06-30	14:24:45	23967.488	425.9679	2079.8931	39.1024	55.001	28.2982	46.9147	0.00395285	12.1561	54.5005	36.5	0.431035	23.7376	227
DATA	1688149486	396665096	8704	0	""	2023-06-30	14:24:46	23965.143	425.72177	2080.0168	39.1016	55.001	28.2999	46.9147	0.0039572	12.1554	54.5005	-37.25	0.431035	23.7372	 39
DATA	1688149487	396665096	8708	0	""	2023-06-30	14:24:47	23958.836	424.18671	2079.7705	39.1024	55.001	28.2982	46.9147	0.00396317	12.1546	54.5005	-154	0.431035	23.7368	 13
DATA	1688149488	396292924	8712	0	""	2023-06-30	14:24:48	23949.988	424.69241	2079.7371	39.1011	55.001	28.295	46.9147	0.00396632	12.1556	54.5005	76.75	0.431035	23.7372	 15
DATA	1688149489	396292924	8716	0	""	2023-06-30	14:24:49	23948.689	425.70273	2079.6829	39.1016	55.001	28.2962	46.9147	0.00396731	12.1554	54.5007	-72	0.431035	23.7376	226
DATA	1688149490	396292924	8720	0	""	2023-06-30	14:24:50	23950.051	425.16013	2079.7917	39.1011	55.001	28.2929	46.9147	0.00396714	12.1562	54.5009	-90.25	0.431035	23.738	 12
DATA	1688149491	396292924	8724	0	""	2023-06-30	14:24:51	23948.846	425.36823	2079.8696	39.1024	55.001	28.29	46.9147	0.00395867	12.1551	54.5011	-64.5	0.431035	23.7403	200
DATA	1688149492	396292924	8728	0	""	2023-06-30	14:24:52	23945.697	424.13916	2079.9824	39.102	55.001	28.2892	46.9142	0.00394958	12.1549	54.5013	-55.75	0.430298	23.7415	 68
DATA	1688149493	396292924	8732	0	""	2023-06-30	14:24:53	23947.268	424.65125	2079.7129	39.1024	55.0014	28.2867	46.914	0.00396653	12.1562	54.5013	-117.5	0.430298	23.7411	 89
DATA	1688149494	396292924	8736	0	""	2023-06-30	14:24:54	23946.201	423.50809	2079.5476	39.102	55.0018	28.2851	46.914	0.00395178	12.1548	54.5013	-75.75	0.430298	23.7411	 46
DATA	1688149495	396292924	8740	0	""	2023-06-30	14:24:55	23944.062	423.44791	2079.8164	39.1016	55.0018	28.283	46.914	0.00397624	12.1559	54.5013	75.75	0.430298	23.7415	  7
DATA	1688149496	395927906	8744	0	""	2023-06-30	14:24:56	23945.426	423.26736	2079.8279	39.1016	55.0018	28.2814	46.914	0.0039592	12.1549	54.5009	-42.5	0.430298	23.7415	 15
DATA	1688149497	395927906	8748	0	""	2023-06-30	14:24:57	23943.641	423.7417	2079.9343	39.1032	55.0018	28.2789	46.914	0.00395036	12.1558	54.5005	-4.75	0.430298	23.74	168
DATA	1688149498	395927906	8752	0	""	2023-06-30	14:24:58	23943.838	423.00143	2079.6787	39.1036	55.0018	28.2797	46.914	0.00394664	12.1547	54.5005	-1.25	0.430298	23.7403	 61
DATA	1688149499	395927906	8756	0	""	2023-06-30	14:24:59	23942.1	423.68036	2079.6477	39.1011	55.0018	28.2781	46.914	0.00396692	12.1559	54.5005	-29.25	0.430298	23.7407	 17
DATA	1688149500	395927906	8760	0	""	2023-06-30	14:25:00	23942.332	424.35596	2079.6841	39.1016	55.0018	28.2777	46.914	0.00398511	12.1554	54.5005	-128.75	0.430298	23.7388	144
DATA	1688149501	395927906	8764	0	""	2023-06-30	14:25:01	23948.162	424.74939	2079.8765	39.1011	55.0018	28.2728	46.914	0.00399082	12.156	54.5005	-107.5	0.430298	23.7388	 54
DATA	1688149502	395927906	8768	0	""	2023-06-30	14:25:02	23951.547	423.94333	2079.7783	39.1028	55.0018	28.2752	46.914	0.00397421	12.1553	54.5005	130.75	0.430298	23.7376	102
DATA	1688149503	395549058	8772	0	""	2023-06-30	14:25:03	23954.416	423.99622	2079.8525	39.102	55.0018	28.2707	46.914	0.00397177	12.1551	54.5005	-9.75	0.430298	23.7376	  0
DATA	1688149504	395549058	8776	0	""	2023-06-30	14:25:04	23954.576	425.24771	2079.7986	39.1032	55.0018	28.2699	46.914	0.00396544	12.1555	54.5005	-96.5	0.430298	23.738	 26
DATA	1688149505	395549058	8780	0	""	2023-06-30	14:25:05	23953.955	424.2775	2079.7737	39.1024	55.0012	28.2691	46.914	0.00396634	12.1554	54.5005	-40.5	0.430298	23.7376	252
DATA	1688149506	395549058	8784	0	""	2023-06-30	14:25:06	23954.021	425.59131	2079.71	39.1036	55.001	28.2678	46.914	0.00394651	12.1546	54.5005	17.75	0.430298	23.7376	148
DATA	1688149507	395549058	8788	0	""	2023-06-30	14:25:07	23959.281	426.10562	2079.7798	39.104	55.001	28.2662	46.914	0.0039675	12.1552	54.5005	-79.5	0.430298	23.738	118
DATA	1688149508	395549058	8792	0	""	2023-06-30	14:25:08	23957.555	424.56448	2079.7129	39.1032	55.001	28.2633	46.914	0.00397484	12.1557	54.5007	-19	0.430298	23.7411	161
DATA	1688149509	395549058	8796	0	""	2023-06-30	14:25:09	23957.697	425.33841	2079.5847	39.1032	55.001	28.2625	46.914	0.0039686	12.1542	54.5007	-39.75	0.430298	23.7407	 21
DATA	1688149510	395549058	8800	0	""	2023-06-30	14:25:10	23959.707	425.14444	2079.9563	39.1032	55.001	28.2617	46.914	0.00396403	12.1554	54.5011	122.5	0.430298	23.7407	219
DATA	1688149511	395181894	8804	0	""	2023-06-30	14:25:11	23965.125	425.52408	2080.1448	39.1036	55.001	28.2625	46.914	0.00395418	12.1543	54.5011	175.75	0.430298	23.7403	 13
DATA	1688149512	395181894	8808	0	""	2023-06-30	14:25:12	23962.344	425.29388	2079.6284	39.1036	55.001	28.2641	46.914	0.00395042	12.1554	54.5013	-125.5	0.430298	23.7411	 20
DATA	1688149513	395181894	8812	0	""	2023-06-30	14:25:13	23960.617	426.33838	2079.5632	39.1028	55.001	28.2608	46.914	0.00396426	12.1555	54.5013	-83.75	0.430298	23.7415	 36
DATA	1688149514	395181894	8816	0	""	2023-06-30	14:25:14	23960.744	425.73865	2079.7117	39.1036	55.001	28.2592	46.914	0.00395981	12.1546	54.5013	-124.75	0.430298	23.7411	 92
DATA	1688149515	395181894	8820	0	""	2023-06-30	14:25:15	23964.064	425.90396	2079.7136	39.1036	55.001	28.2547	46.914	0.00397515	12.1551	54.5013	13	0.430298	23.7411	 84
DATA	1688149516	395181894	8824	0	""	2023-06-30	14:25:16	23963.527	426.32285	2079.6184	39.104	55.001	28.2551	46.914	0.00397797	12.1553	54.5013	231.25	0.430298	23.7396	  0
DATA	1688149517	395181894	8828	0	""	2023-06-30	14:25:17	23960.609	426.56735	2079.7876	39.1028	55.001	28.2567	46.914	0.00396541	12.1541	54.5009	8	0.430298	23.7392	 77
DATA	1688149518	394817113	8832	0	""	2023-06-30	14:25:18	23961.617	427.0412	2079.5247	39.1028	55.001	28.2534	46.914	0.00396128	12.1551	54.5007	-65.5	0.430298	23.7376	178
DATA	1688149519	394817113	8836	0	""	2023-06-30	14:25:19	23960.641	426.89136	2079.4626	39.1044	55.001	28.2497	46.914	0.00394764	12.1548	54.5005	28.25	0.430298	23.738	212
DATA	1688149520	394817113	8840	0	""	2023-06-30	14:25:20	23957.209	426.66547	2079.3689	39.1053	55.0012	28.2514	46.914	0.00394604	12.1565	54.5005	13.25	0.430298	23.738	232
DATA	1688149521	394817113	8844	0	""	2023-06-30	14:25:21	23955.762	425.19949	2079.5469	39.1032	55.0018	28.251	46.914	0.00397104	12.1556	54.5005	-15	0.430114	23.7376	128
DATA	1688149522	394817113	8848	0	""	2023-06-30	14:25:22	23956.598	426.0853	2079.8467	39.1024	55.0018	28.2485	46.9133	0.00398457	12.1543	54.5005	21.25	0.429562	23.738	  5
DATA	1688149523	394817113	8852	0	""	2023-06-30	14:25:23	23955.076	425.8537	2079.6211	39.1036	55.0018	28.2469	46.9133	0.00397224	12.1545	54.5005	-100	0.429562	23.738	179
DATA	1688149524	394817113	8856	0	""	2023-06-30	14:25:24	23954.561	426.01297	2079.5354	39.1044	55.0018	28.2432	46.9133	0.00397952	12.1546	54.5005	-113.25	0.429562	23.7392	181
DATA	1688149525	394817113	8860	0	""	2023-06-30	14:25:25	23952.846	426.83249	2079.6289	39.104	55.0018	28.2403	46.9133	0.00398011	12.1565	54.5007	-31	0.429562	23.7411	183
DATA	1688149526	394442081	8864	0	""	2023-06-30	14:25:26	23951.373	425.41565	2079.5769	39.1044	55.0018	28.2399	46.9133	0.00396714	12.1543	54.5005	66.5	0.429562	23.7407	 56
DATA	1688149527	394442081	8868	0	""	2023-06-30	14:25:27	23953.646	425.04736	2079.4211	39.1053	55.0018	28.2407	46.9133	0.00396826	12.1544	54.5011	93	0.429562	23.7407	196
DATA	1688149528	394442081	8872	0	""	2023-06-30	14:25:28	23951.104	425.48035	2079.4514	39.104	55.0018	28.239	46.9133	0.00397345	12.1549	54.5013	-19.5	0.429562	23.7403	229
DATA	1688149529	394442081	8876	0	""	2023-06-30	14:25:29	23950.014	424.95944	2079.541	39.1048	55.0018	28.2395	46.9133	0.00395623	12.1549	54.5013	12.75	0.429562	23.7415	 48
DATA	1688149530	394442081	8880	0	""	2023-06-30	14:25:30	23949.164	425.73788	2079.2998	39.1048	55.0018	28.2399	46.9133	0.0039619	12.1551	54.5013	-26.25	0.429562	23.7419	108
DATA	1688149531	394442081	8884	0	""	2023-06-30	14:25:31	23948.195	425.98904	2079.7717	39.1048	55.0014	28.2366	46.9133	0.00395441	12.1552	54.5013	-67.75	0.429562	23.7419	155
DATA	1688149532	394442081	8888	0	""	2023-06-30	14:25:32	23948.854	425.15039	2079.3765	39.1036	55.0012	28.2329	46.9133	0.00397125	12.1559	54.5011	-75.75	0.429562	23.7403	142
DATA	1688149533	394067049	8892	0	""	2023-06-30	14:25:33	23948.043	424.86301	2079.6008	39.1057	55.001	28.2312	46.9133	0.00396151	12.1552	54.5007	25.75	0.429562	23.7388	 31
DATA	1688149534	394067049	8896	0	""	2023-06-30	14:25:34	23948.352	425.97067	2079.5984	39.1053	55.001	28.2321	46.9133	0.00395134	12.1549	54.5007	-21.75	0.429562	23.7392	102
DATA	1688149535	394067049	8900	0	""	2023-06-30	14:25:35	23946.619	425.92261	2079.5173	39.1048	55.001	28.2316	46.9133	0.0039608	12.1557	54.5009	-59.5	0.429562	23.7388	254
DATA	1688149536	394067049	8904	0	""	2023-06-30	14:25:36	23947.631	425.78363	2079.1074	39.1053	55.001	28.2284	46.9133	0.00396293	12.1551	54.5005	-62	0.429562	23.74	 86
DATA	1688149537	394067049	8908	0	""	2023-06-30	14:25:37	23947.838	426.20914	2079.3467	39.1044	55.001	28.2267	46.9133	0.00395061	12.155	54.5007	-36.25	0.429562	23.7396	 49
DATA	1688149538	394067049	8912	0	""	2023-06-30	14:25:38	23950.027	425.31281	2079.4541	39.1057	55.001	28.2259	46.9133	0.00394625	12.1552	54.5005	-57.5	0.429562	23.7392	 29
DATA	1688149539	394067049	8916	0	""	2023-06-30	14:25:39	23948.9	425.62695	2079.5508	39.1057	55.001	28.2259	46.9133	0.0039557	12.1552	54.5005	121	0.429562	23.7384	 68
DATA	1688149540	394067049	8920	0	""	2023-06-30	14:25:40	23951.039	426.40329	2079.2285	39.1069	55.001	28.2271	46.9133	0.00395336	12.1551	54.5005	-14	0.429562	23.7384	172
DATA	1688149541	393693923	8924	0	""	2023-06-30	14:25:41	23949.754	426.20035	2079.3599	39.1044	55.001	28.2288	46.9133	0.0039538	12.1547	54.5005	-128.75	0.429562	23.7384	104
DATA	1688149542	393693923	8928	0	""	2023-06-30	14:25:42	23950.014	426.01575	2079.5132	39.1061	55.001	28.2238	46.9133	0.00395416	12.1555	54.5005	-52.75	0.429562	23.7392	 72
DATA	1688149543	393693923	8932	0	""	2023-06-30	14:25:43	23947.502	425.58099	2079.3972	39.1057	55.001	28.2226	46.9133	0.00395312	12.1548	54.5005	-9.75	0.429562	23.7403	 45
DATA	1688149544	393693923	8936	0	""	2023-06-30	14:25:44	23944.855	425.6481	2079.2292	39.1061	55.001	28.2226	46.9133	0.00395559	12.1557	54.5005	83.75	0.429562	23.7403	  6
DATA	1688149545	393693923	8940	0	""	2023-06-30	14:25:45	23943.104	425.85254	2079.3701	39.1053	55.001	28.221	46.9133	0.00395594	12.1555	54.5005	-52.25	0.429562	23.74	174
DATA	1688149546	393693923	8944	0	""	2023-06-30	14:25:46	23940.455	425.73248	2079.3682	39.1053	55.001	28.2185	46.9133	0.00394793	12.1552	54.5005	13	0.429562	23.7411	151
DATA	1688149547	393693923	8948	0	""	2023-06-30	14:25:47	23940.115	425.80298	2079.2415	39.1053	55.001	28.2185	46.9133	0.00394903	12.1554	54.5005	86	0.429562	23.7407	156
DATA	1688149548	393326997	8952	0	""	2023-06-30	14:25:48	23940.787	425.6994	2079.1479	39.1057	55.001	28.2197	46.9133	0.00394917	12.1547	54.5005	-5.5	0.429562	23.74	132
DATA	1688149549	393326997	8956	0	""	2023-06-30	14:25:49	23943.148	426.13846	2079.2285	39.1057	55.001	28.2164	46.9133	0.00395864	12.1551	54.5005	30	0.429562	23.74	 64
DATA	1688149550	393326997	8960	0	""	2023-06-30	14:25:50	23943.451	426.02029	2079.5725	39.1065	55.001	28.2177	46.9133	0.00395281	12.1558	54.5005	35	0.429562	23.7384	148
DATA	1688149551	393326997	8964	0	""	2023-06-30	14:25:51	23943.178	425.84015	2079.2488	39.1061	55.001	28.2156	46.9125	0.00395027	12.1553	54.5005	-70.5	0.428826	23.7388	 47
DATA	1688149552	393326997	8968	0	""	2023-06-30	14:25:52	23943.002	425.57864	2079.303	39.1061	55.001	28.2136	46.9125	0.00394778	12.1553	54.5011	-85.5	0.428826	23.7392	251
DATA	1688149553	393326997	8972	0	""	2023-06-30	14:25:53	23943.523	425.99338	2079.1848	39.1065	55.001	28.2111	46.9125	0.00395885	12.1558	54.5013	-69	0.428826	23.7396	232
DATA	1688149554	393326997	8976	0	""	2023-06-30	14:25:54	23943.363	426.39255	2079.2463	39.1065	55.001	28.2099	46.9125	0.00394274	12.1551	54.5011	145.25	0.428826	23.7392	111
DATA	1688149555	393326997	8980	0	""	2023-06-30	14:25:55	23943.305	425.31775	2079.4558	39.1069	55.001	28.2131	46.9125	0.00394358	12.1548	54.5013	33	0.428826	23.7388	171
DATA	1688149556	392950057	8984	0	""	2023-06-30	14:25:56	23943.545	426.66763	2079.3455	39.1069	55.0014	28.2111	46.9125	0.00394102	12.1556	54.5005	-152.25	0.428826	23.74	 87
DATA	1688149557	392950057	8988	0	""	2023-06-30	14:25:57	23942.281	426.50949	2079.3074	39.1061	55.0018	28.2057	46.9125	0.00394693	12.1551	54.5005	-115.5	0.428826	23.7388	160
DATA	1688149558	392950057	8992	0	""	2023-06-30	14:25:58	23943.404	425.37616	2079.394	39.1061	55.0018	28.2045	46.9125	0.00396824	12.1559	54.5005	48.5	0.428826	23.7388	 19
DATA	1688149559	392950057	8996	0	""	2023-06-30	14:25:59	23944.236	424.66016	2079.167	39.1061	55.0018	28.2033	46.9125	0.00395075	12.155	54.5005	-40.5	0.428826	23.7407	244
DATA	1688149560	392950057	9000	0	""	2023-06-30	14:26:00	23943.9	424.77802	2079.0132	39.1069	55.0018	28.2029	46.9125	0.00396234	12.155	54.5005	4.75	0.428826	23.7403	115
DATA	1688149561	392950057	9004	0	""	2023-06-30	14:26:01	23942.838	425.15854	2079.2358	39.1057	55.0018	28.2037	46.9125	0.00395682	12.1555	54.5005	-155.75	0.428826	23.7411	184
DATA	1688149562	392950057	9008	0	""	2023-06-30	14:26:02	23943.723	425.32547	2079.1218	39.1073	55.0018	28.2016	46.9125	0.00395309	12.1547	54.5005	-17	0.428826	23.7407	224
DATA	1688149563	392590999	9012	0	""	2023-06-30	14:26:03	23943.871	425.98029	2079.1643	39.1069	55.0018	28.2012	46.9125	0.00395152	12.1552	54.5005	-101.25	0.428826	23.7407	177
DATA	1688149564	392590999	9016	0	""	2023-06-30	14:26:04	23944.404	425.63312	2079.2993	39.1077	55.0018	28.1988	46.9125	0.00395364	12.1544	54.5005	41	0.428826	23.7403	211
DATA	1688149565	392590999	9020	0	""	2023-06-30	14:26:05	23943.934	425.39951	2079.0908	39.109	55.0012	28.1975	46.9125	0.00395197	12.1549	54.5005	-37.25	0.428826	23.74	 11
DATA	1688149566	392590999	9024	0	""	2023-06-30	14:26:06	23943.766	425.26624	2079.1128	39.1065	55.001	28.1967	46.9125	0.00395111	12.1555	54.5005	-0.25	0.428826	23.7407	 37
DATA	1688149567	392590999	9028	0	""	2023-06-30	14:26:07	23946.646	426.29025	2079.1477	39.1069	55.001	28.1963	46.9125	0.00395337	12.1543	54.5005	-57	0.428826	23.7388	231
DATA	1688149568	392590999	9032	0	""	2023-06-30	14:26:08	23946.025	426.05283	2079.1633	39.1077	55.001	28.1946	46.9125	0.00396278	12.1556	54.5005	-112.5	0.428826	23.7388	105
DATA	1688149569	392590999	9036	0	""	2023-06-30	14:26:09	23947.369	425.63132	2079.2529	39.1081	55.001	28.193	46.9125	0.00394735	12.1551	54.5011	77.5	0.428826	23.7396	224
DATA	1688149570	392590999	9040	0	""	2023-06-30	14:26:10	23947.398	426.16519	2078.9912	39.1081	55.001	28.1934	46.9125	0.00393407	12.1554	54.5013	-112.25	0.428826	23.7392	140
DATA	1688149571	392215013	9044	0	""	2023-06-30	14:26:11	23947.328	426.29233	2079.0686	39.1081	55.001	28.1909	46.9125	0.00394474	12.1554	54.5011	-20.75	0.428826	23.7392	 67
DATA	1688149572	392215013	9048	0	""	2023-06-30	14:26:12	23944.615	425.97134	2079.0483	39.1073	55.001	28.1897	46.9125	0.00394135	12.1545	54.5011	-57.5	0.428826	23.7376	 26
DATA	1688149573	392215013	9052	0	""	2023-06-30	14:26:13	23944.367	426.17307	2079.2314	39.1073	55.001	28.1893	46.9125	0.00395354	12.1556	54.5005	-30	0.428826	23.7396	172
DATA	1688149574	392215013	9056	0	""	2023-06-30	14:26:14	23941.463	425.91779	2079.4368	39.1069	55.001	28.1877	46.9125	0.00394682	12.1535	54.5005	-27	0.428826	23.7388	211
DATA	1688149575	392215013	9060	0	""	2023-06-30	14:26:15	23941.158	425.77756	2079.092	39.1081	55.001	28.1856	46.9125	0.0039533	12.1548	54.5005	12	0.428826	23.7384	 33
DATA	1688149576	392215013	9064	0	""	2023-06-30	14:26:16	23942.199	425.69965	2078.991	39.1073	55.001	28.1852	46.9125	0.00394894	12.1563	54.5005	93.5	0.428826	23.7407	215
DATA	1688149577	392215013	9068	0	""	2023-06-30	14:26:17	23945.805	425.56726	2079.2305	39.1085	55.001	28.1856	46.9125	0.00394577	12.155	54.5005	-3.5	0.428826	23.7407	190
DATA	1688149578	391834974	9072	0	""	2023-06-30	14:26:18	23944.689	425.12125	2079.1001	39.1081	55.001	28.184	46.9125	0.00393897	12.1552	54.5005	28.75	0.428826	23.7403	251
DATA	1688149579	391834974	9076	0	""	2023-06-30	14:26:19	23948.447	425.43033	2079.2349	39.1077	55.001	28.1848	46.9125	0.00395137	12.1555	54.5005	-47.5	0.428826	23.7403	 59
DATA	1688149580	391834974	9080	0	""	2023-06-30	14:26:20	23947.518	425.93188	2079.2627	39.1081	55.001	28.1835	46.9125	0.00394428	12.1548	54.5005	-52.5	0.428826	23.74	199
DATA	1688149581	391834974	9084	0	""	2023-06-30	14:26:21	23947.67	425.75488	2079.1721	39.1085	55.001	28.1819	46.9125	0.00395127	12.1547	54.5005	-99.75	0.428826	23.7403	 64
DATA	1688149582	391834974	9088	0	""	2023-06-30	14:26:22	23948.119	425.655	2079.1277	39.1073	55.001	28.1782	46.9125	0.0039584	12.1553	54.5005	-1	0.428826	23.74	152
DATA	1688149583	391834974	9092	0	""	2023-06-30	14:26:23	23948.207	425.6485	2079.1975	39.1081	55.0016	28.1794	46.912	0.00394098	12.1548	54.5005	-42.25	0.428089	23.7407	 60
DATA	1688149584	391834974	9096	0	""	2023-06-30	14:26:24	23947.732	426.49167	2079.0244	39.109	55.0018	28.1807	46.9118	0.00394728	12.1549	54.5005	94.25	0.428089	23.7392	 79
DATA	1688149585	391834974	9100	0	""	2023-06-30	14:26:25	23949.842	424.95425	2079.2261	39.1085	55.0018	28.1803	46.9118	0.00395041	12.1541	54.5005	-64	0.428089	23.7388	251
DATA	1688149586	391469955	9104	0	""	2023-06-30	14:26:26	23949.639	425.16473	2079.0403	39.1085	55.0018	28.1782	46.9118	0.00395682	12.1552	54.5005	-113.75	0.428089	23.7388	217
DATA	1688149587	391469955	9108	0	""	2023-06-30	14:26:27	23952.35	426.43793	2078.8621	39.1085	55.0018	28.1757	46.9118	0.00395318	12.1552	54.5005	17.75	0.428089	23.7388	 82
DATA	1688149588	391469955	9112	0	""	2023-06-30	14:26:28	23952.922	425.84094	2079.2151	39.1085	55.0018	28.1741	46.9118	0.00395219	12.1547	54.5005	-51	0.428089	23.7388	  9
DATA	1688149589	391469955	9116	0	""	2023-06-30	14:26:29	23952.635	426.21759	2078.9966	39.1085	55.0018	28.1741	46.9118	0.00394585	12.1552	54.5007	20.5	0.428089	23.7388	 89
DATA	1688149590	391469955	9120	0	""	2023-06-30	14:26:30	23951.416	425.61096	2079.0378	39.1094	55.0016	28.1741	46.9118	0.00396322	12.1546	54.5007	-119.5	0.428089	23.7384	140
DATA	1688149591	391469955	9124	0	""	2023-06-30	14:26:31	23950.152	425.82587	2078.9932	39.1094	55.0018	28.172	46.9118	0.00396057	12.1547	54.5013	-58.75	0.428089	23.738	 65
DATA	1688149592	391469955	9128	0	""	2023-06-30	14:26:32	23948.086	427.27313	2078.8418	39.1085	55.0012	28.17	46.9118	0.00395681	12.1552	54.5013	-36	0.428089	23.7392	161
DATA	1688149593	391089916	9132	0	""	2023-06-30	14:26:33	23949.379	426.25818	2078.9451	39.109	55.001	28.1687	46.9118	0.00393691	12.1556	54.5013	163	0.428089	23.7411	171
DATA	1688149594	391089916	9136	0	""	2023-06-30	14:26:34	23951.502	426.12152	2078.8477	39.1094	55.001	28.1683	46.9118	0.00395156	12.1547	54.5013	-80	0.428089	23.7415	197
DATA	1688149595	391089916	9140	0	""	2023-06-30	14:26:35	23949.609	426.13013	2078.8604	39.1106	55.001	28.1683	46.9118	0.00392671	12.1554	54.5013	158.25	0.428089	23.7419	 95
DATA	1688149596	391089916	9144	0	""	2023-06-30	14:26:36	23947.166	426.20508	2079.1196	39.1102	55.001	28.1704	46.9118	0.00393431	12.1548	54.5013	-75.75	0.428089	23.7415	 88
DATA	1688149597	391089916	9148	0	""	2023-06-30	14:26:37	23948.598	424.74268	2078.7925	39.1094	55.001	28.1679	46.9118	0.00394472	12.1548	54.5013	-110.75	0.428089	23.7415	184
DATA	1688149598	391089916	9152	0	""	2023-06-30	14:26:38	23941.465	425.01129	2078.7778	39.1094	55.001	28.1642	46.9118	0.00396194	12.1557	54.5007	-77.75	0.428089	23.7415	120
DATA	1688149599	391089916	9156	0	""	2023-06-30	14:26:39	23918.131	421.32916	2078.7507	39.109	55.001	28.1618	46.9118	0.00396656	12.1561	54.5007	-81.75	0.428089	23.7411	 54
DATA	1688149600	391089916	9160	0	""	2023-06-30	14:26:40	23902.203	422.24045	2078.7202	39.1094	55.001	28.1618	46.9118	0.0039494	12.155	54.5005	68	0.428089	23.7407	 17
DATA	1688149601	390733957	9164	0	""	2023-06-30	14:26:41	23907.771	422.7514	2079.0117	39.1102	55.001	28.1613	46.9118	0.00392612	12.1548	54.5005	-14.25	0.428089	23.7392	  5
DATA	1688149602	390733957	9168	0	""	2023-06-30	14:26:42	23909.422	422.84427	2078.8674	39.1098	55.001	28.163	46.9118	0.00394212	12.1556	54.5005	-25.75	0.428089	23.7384	 47
DATA	1688149603	390733957	9172	0	""	2023-06-30	14:26:43	23901.76	422.13196	2078.9089	39.1102	55.001	28.1597	46.9118	0.00394108	12.1551	54.5005	-66.75	0.428089	23.7388	 43
DATA	1688149604	390733957	9176	0	""	2023-06-30	14:26:44	23907.725	423.02933	2078.8071	39.1114	55.001	28.1572	46.9118	0.00392359	12.1549	54.5005	-13.25	0.428089	23.7388	 88
DATA	1688149605	390733957	9180	0	""	2023-06-30	14:26:45	23909.154	422.59409	2078.791	39.1102	55.001	28.1576	46.9118	0.00393732	12.1557	54.5005	-39.75	0.428089	23.7384	 50
DATA	1688149606	390733957	9184	0	""	2023-06-30	14:26:46	23907.662	422.96869	2078.9241	39.1094	55.0014	28.1552	46.9118	0.00394592	12.1544	54.5005	-66.75	0.428089	23.738	121
DATA	1688149607	390733957	9188	0	""	2023-06-30	14:26:47	23908.451	422.0285	2078.8567	39.1102	55.0018	28.1548	46.9118	0.00393892	12.1551	54.5005	41.5	0.428089	23.738	211
DATA	1688149608	390347957	9192	0	""	2023-06-30	14:26:48	23908.113	423.13501	2078.8843	39.1102	55.0018	28.1576	46.9118	0.00392103	12.1551	54.5005	25	0.428089	23.7392	184
DATA	1688149609	390347957	9196	0	""	2023-06-30	14:26:49	23904.957	422.05688	2078.8328	39.1102	55.0018	28.1548	46.9116	0.00394776	12.155	54.5005	-143.75	0.427721	23.7392	166
DATA	1688149610	390347957	9200	0	""	2023-06-30	14:26:50	23903.91	422.45667	2078.77	39.1102	55.0018	28.1527	46.9111	0.00393754	12.1553	54.5005	-20.75	0.427353	23.7411	207
DATA	1688149611	390347957	9204	0	""	2023-06-30	14:26:51	23901.697	422.11285	2078.8335	39.1098	55.0018	28.1531	46.9111	0.00393364	12.1544	54.5005	44.75	0.427353	23.7411	 72
DATA	1688149612	390347957	9208	0	""	2023-06-30	14:26:52	23896.428	421.04868	2078.656	39.1102	55.0018	28.1531	46.9111	0.0039219	12.1549	54.5005	-42	0.427353	23.7411	125
DATA	1688149613	390347957	9212	0	""	2023-06-30	14:26:53	23890.643	421.24933	2078.6655	39.1102	55.0018	28.1527	46.9111	0.00393766	12.1556	54.5005	-61.5	0.427353	23.7403	 69
DATA	1688149614	390347957	9216	0	""	2023-06-30	14:26:54	23885.781	421.99933	2078.686	39.1106	55.0014	28.1494	46.9111	0.00393854	12.1553	54.5011	-44.5	0.427353	23.7419	 47
DATA	1688149615	390347957	9220	0	""	2023-06-30	14:26:55	23879.404	420.53955	2078.5994	39.1098	55.0012	28.1465	46.9111	0.00395541	12.1545	54.5013	-115.5	0.427353	23.7427	137
DATA	1688149616	389986038	9224	0	""	2023-06-30	14:26:56	23867.793	420.17944	2078.4229	39.111	55.001	28.1441	46.9111	0.00394971	12.1559	54.5013	-72	0.427353	23.7415	146
DATA	1688149617	389986038	9228	0	""	2023-06-30	14:26:57	23861.348	420.39624	2078.5515	39.1102	55.001	28.142	46.9111	0.00393927	12.155	54.5011	96.5	0.427353	23.7419	143
DATA	1688149618	389986038	9232	0	""	2023-06-30	14:26:58	23862.148	420.44339	2078.4526	39.1102	55.001	28.142	46.9111	0.0039418	12.1557	54.5005	-104.75	0.427353	23.7403	 16
DATA	1688149619	389986038	9236	0	""	2023-06-30	14:26:59	23862.551	420.94763	2078.7061	39.1114	55.001	28.1433	46.9111	0.00393187	12.1556	54.5005	157.5	0.427353	23.7396	 50
DATA	1688149620	389986038	9240	0	""	2023-06-30	14:27:00	23860.719	419.99057	2078.3613	39.111	55.001	28.1424	46.9111	0.00393512	12.155	54.5005	-36.25	0.427353	23.7388	222
DATA	1688149621	389986038	9244	0	""	2023-06-30	14:27:01	23856.096	420.44348	2078.6658	39.111	55.001	28.1408	46.9111	0.00391776	12.1565	54.5005	57.25	0.427353	23.7384	248
DATA	1688149622	389986038	9248	0	""	2023-06-30	14:27:02	23854.402	419.39865	2078.7195	39.1102	55.001	28.1404	46.9111	0.00393183	12.1567	54.5005	107.75	0.427353	23.7384	 90
DATA	1688149623	389605998	9252	0	""	2023-06-30	14:27:03	23852.164	419.92865	2078.3611	39.111	55.001	28.1404	46.9111	0.00392233	12.1566	54.5005	98	0.427353	23.7388	 93
DATA	1688149624	389605998	9256	0	""	2023-06-30	14:27:04	23842.629	418.65839	2078.6389	39.1114	55.001	28.1404	46.9111	0.00391687	12.1564	54.5005	111.5	0.427353	23.7388	 58
DATA	1688149625	389605998	9260	0	""	2023-06-30	14:27:05	23839.525	419.52313	2078.4702	39.111	55.001	28.1387	46.9111	0.00391979	12.1549	54.5005	-103	0.427353	23.7388	195
DATA	1688149626	389605998	9264	0	""	2023-06-30	14:27:06	23836.812	418.95218	2078.3994	39.1114	55.001	28.1379	46.9111	0.00392155	12.1544	54.5005	-23.5	0.427353	23.7388	 50
DATA	1688149627	389605998	9268	0	""	2023-06-30	14:27:07	23837.963	418.97198	2078.3972	39.1106	55.001	28.1367	46.9111	0.0039244	12.1541	54.5005	-43.25	0.427353	23.7411	 52
DATA	1688149628	389605998	9272	0	""	2023-06-30	14:27:08	23836.918	419.72528	2078.5913	39.111	55.001	28.1334	46.9111	0.00392272	12.1545	54.5005	-87.25	0.427353	23.7407	 45
DATA	1688149629	389605998	9276	0	""	2023-06-30	14:27:09	23838.096	419.83423	2078.5823	39.1114	55.001	28.1334	46.9111	0.00392012	12.1558	54.5005	11.25	0.427353	23.7411	 31
DATA	1688149630	389605998	9280	0	""	2023-06-30	14:27:10	23837.83	420.07642	2078.771	39.1106	55.001	28.1338	46.9111	0.00392038	12.1565	54.5005	-1	0.427353	23.7411	 11
DATA	1688149631	389240026	9284	0	""	2023-06-30	14:27:11	23841.463	419.84518	2078.4561	39.1106	55.001	28.1322	46.9111	0.00394171	12.1564	54.5005	-104.25	0.427353	23.7407	 93
DATA	1688149632	389240026	9288	0	""	2023-06-30	14:27:12	23846.449	420.77609	2078.5525	39.111	55.001	28.1309	46.9111	0.00393146	12.1563	54.5005	-30.25	0.427353	23.7407	  6
DATA	1688149633	389240026	9292	0	""	2023-06-30	14:27:13	23852.986	420.94641	2078.6228	39.1122	55.001	28.1322	46.9111	0.0039239	12.1556	54.5005	128.75	0.427353	23.7403	 14
DATA	1688149634	389240026	9296	0	""	2023-06-30	14:27:14	23862.314	421.1882	2078.366	39.1106	55.001	28.1322	46.9111	0.00391625	12.1537	54.5005	-43.25	0.427353	23.7407	200
DATA	1688149635	389240026	9300	0	""	2023-06-30	14:27:15	23865.396	421.60635	2078.5369	39.111	55.001	28.133	46.9111	0.00392572	12.1541	54.5005	-39.75	0.427353	23.7392	214
DATA	1688149636	389240026	9304	0	""	2023-06-30	14:27:16	23873.703	422.6395	2078.5486	39.1122	55.001	28.1322	46.9111	0.00392657	12.1543	54.5005	229.25	0.427353	23.7388	 21
DATA	1688149637	389240026	9308	0	""	2023-06-30	14:27:17	23878.781	423.8801	2078.667	39.1122	55.0012	28.1317	46.9111	0.00391054	12.1562	54.5005	-105.25	0.427353	23.7384	 60
DATA	1688149638	388864994	9312	0	""	2023-06-30	14:27:18	23899.123	425.13568	2078.7329	39.1118	55.0016	28.1297	46.9111	0.003929	12.1556	54.5005	18	0.427353	23.738	 70
DATA	1688149639	388864994	9316	0	""	2023-06-30	14:27:19	23915.838	425.89447	2078.4612	39.1118	55.0018	28.128	46.9111	0.00393193	12.1566	54.5005	21	0.427353	23.738	121
DATA	1688149640	388864994	9320	0	""	2023-06-30	14:27:20	23918.549	425.62814	2078.6211	39.1122	55.0018	28.1289	46.9107	0.0039269	12.156	54.5005	-3.5	0.427353	23.7388	196
DATA	1688149641	388864994	9324	0	""	2023-06-30	14:27:21	23918.885	424.60242	2078.3521	39.1114	55.0018	28.1235	46.9111	0.00396009	12.1547	54.5005	-146	0.427353	23.7384	 29
DATA	1688149642	388864994	9328	0	""	2023-06-30	14:27:22	23915.189	424.41858	2078.4436	39.1122	55.0018	28.1194	46.9111	0.0039677	12.1539	54.5005	-6	0.427353	23.738	111
DATA	1688149643	388864994	9332	0	""	2023-06-30	14:27:23	23916.152	424.20007	2078.5115	39.1127	55.0018	28.1198	46.9111	0.00393776	12.1537	54.5011	78	0.427353	23.7407	192
DATA	1688149644	388864994	9336	0	""	2023-06-30	14:27:24	23918.102	424.72443	2078.6899	39.1127	55.0018	28.1215	46.9111	0.00393709	12.1537	54.5013	48.5	0.427353	23.7411	 49
DATA	1688149645	388864994	9340	0	""	2023-06-30	14:27:25	23919.033	423.88812	2078.521	39.1118	55.0018	28.1206	46.9111	0.00393063	12.1549	54.5013	-19.75	0.427353	23.7415	 82
DATA	1688149646	388499975	9344	0	""	2023-06-30	14:27:26	23918.551	425.55734	2078.488	39.1122	55.0018	28.1202	46.9103	0.00394156	12.1553	54.5013	-76.5	0.426617	23.7415	 47
DATA	1688149647	388499975	9348	0	""	2023-06-30	14:27:27	23918.441	425.25046	2078.5339	39.1122	55.0014	28.1182	46.91	0.00395415	12.1555	54.5013	-94.5	0.426617	23.7411	249
DATA	1688149648	388499975	9352	0	""	2023-06-30	14:27:28	23920.061	424.76208	2078.5002	39.1122	55.001	28.1153	46.91	0.00395503	12.1548	54.5013	93.75	0.426617	23.7415	188
DATA	1688149649	388499975	9356	0	""	2023-06-30	14:27:29	23920.342	424.66489	2078.5337	39.1131	55.001	28.1141	46.91	0.0039479	12.1552	54.5013	10.75	0.426617	23.7407	158
DATA	1688149650	388499975	9360	0	""	2023-06-30	14:27:30	23925.381	425.07068	2078.5286	39.1143	55.001	28.1132	46.9101	0.00392948	12.155	54.5007	27	0.426617	23.7415	 94
DATA	1688149651	388499975	9364	0	""	2023-06-30	14:27:31	23928.33	425.14185	2078.2717	39.1122	55.001	28.1132	46.91	0.00394671	12.1553	54.5005	10.25	0.426617	23.7403	125
DATA	1688149652	388499975	9368	0	""	2023-06-30	14:27:32	23928.695	425.57294	2078.679	39.1127	55.001	28.1141	46.9101	0.00394616	12.155	54.5005	-31.25	0.426617	23.7388	 12
DATA	1688149653	388119935	9372	0	""	2023-06-30	14:27:33	23929.732	424.6601	2078.5244	39.1135	55.001	28.1124	46.9103	0.00392751	12.1548	54.5005	-21.25	0.426617	23.7388	 19
DATA	1688149654	388119935	9376	0	""	2023-06-30	14:27:34	23930.965	425.82581	2078.7112	39.1131	55.001	28.1149	46.9103	0.00392236	12.1553	54.5005	120.75	0.426617	23.7384	 82
DATA	1688149655	388119935	9380	0	""	2023-06-30	14:27:35	23928.818	425.73203	2078.6509	39.1135	55.001	28.1161	46.9101	0.00391831	12.1546	54.5005	124.25	0.426617	23.738	 28
DATA	1688149656	388119935	9384	0	""	2023-06-30	14:27:36	23928.229	425.81302	2078.7502	39.1135	55.001	28.1174	46.91	0.00393755	12.155	54.5005	-123	0.426617	23.738	 35
DATA	1688149657	388119935	9388	0	""	2023-06-30	14:27:37	23930.5	425.79758	2078.5125	39.1151	55.001	28.1132	46.91	0.00393212	12.1557	54.5005	-71	0.426617	23.7392	247
DATA	1688149658	388119935	9392	0	""	2023-06-30	14:27:38	23929.467	426.07211	2078.5657	39.1143	55.001	28.1108	46.91	0.00394347	12.1555	54.5005	-59.5	0.426617	23.7388	212
DATA	1688149659	388119935	9396	0	""	2023-06-30	14:27:39	23930.225	424.95752	2078.2837	39.1147	55.001	28.11	46.91	0.00393077	12.1557	54.5005	-74	0.426617	23.7388	 13
DATA	1688149660	388119935	9400	0	""	2023-06-30	14:27:40	23930.621	425.74414	2078.5513	39.1131	55.001	28.1071	46.9103	0.0039441	12.1551	54.5005	63	0.426617	23.7407	 48
DATA	1688149661	387748956	9404	0	""	2023-06-30	14:27:41	23931.395	425.20456	2078.3523	39.1135	55.001	28.1079	46.9103	0.00394274	12.155	54.5005	-55	0.426617	23.7403	130
DATA	1688149662	387748956	9408	0	""	2023-06-30	14:27:42	23931.027	424.45575	2078.3445	39.1135	55.001	28.1054	46.9103	0.00394192	12.1546	54.5005	-59.75	0.426617	23.7411	 85
DATA	1688149663	387748956	9412	0	""	2023-06-30	14:27:43	23929.129	425.129	2078.3774	39.1135	55.001	28.1038	46.9103	0.00393651	12.1551	54.5005	31.5	0.426617	23.7388	144
DATA	1688149664	387748956	9416	0	""	2023-06-30	14:27:44	23925.514	424.74911	2078.1272	39.1143	55.001	28.1058	46.91	0.00391222	12.155	54.5005	74.25	0.426617	23.7403	130
DATA	1688149665	387748956	9420	0	""	2023-06-30	14:27:45	23927.242	423.86359	2078.4639	39.1139	55.001	28.1058	46.91	0.00392481	12.1549	54.5005	-83.75	0.426617	23.7403	  8
DATA	1688149666	387748956	9424	0	""	2023-06-30	14:27:46	23923.854	424.45877	2078.2556	39.1139	55.001	28.1046	46.91	0.00393087	12.1556	54.5005	-34.25	0.426617	23.7407	  9
DATA	1688149667	387748956	9428	0	""	2023-06-30	14:27:47	23919.314	424.73163	2078.2368	39.1127	55.001	28.103	46.9101	0.00394066	12.155	54.5005	23	0.426617	23.74	197
DATA	1688149668	387377977	9432	0	""	2023-06-30	14:27:48	23920.059	424.38315	2078.29	39.1139	55.001	28.1042	46.9101	0.00395164	12.1553	54.5007	52.75	0.426617	23.74	 96
DATA	1688149669	387377977	9436	0	""	2023-06-30	14:27:49	23920.184	424.84818	2078.1641	39.1135	55.001	28.1038	46.9103	0.00393456	12.1552	54.5005	-84.25	0.426617	23.7388	109
DATA	1688149670	387377977	9440	0	""	2023-06-30	14:27:50	23922.27	425.10336	2078.4746	39.1139	55.001	28.1017	46.9103	0.00393939	12.1554	54.5007	-128	0.426617	23.7384	193
DATA	1688149671	387377977	9444	0	""	2023-06-30	14:27:51	23922.539	424.16254	2078.2991	39.1143	55.001	28.0997	46.9103	0.00392145	12.1545	54.5011	-35	0.426617	23.7388	206
DATA	1688149672	387377977	9448	0	""	2023-06-30	14:27:52	23922.275	425.69247	2078.2971	39.1151	55.0014	28.098	46.91	0.0039446	12.1551	54.5011	140.25	0.426617	23.738	158
DATA	1688149673	387377977	9452	0	""	2023-06-30	14:27:53	23925.133	426.18585	2078.365	39.1151	55.0014	28.0997	46.91	0.0039251	12.1545	54.5011	64.75	0.426617	23.7388	169
DATA	1688149674	387377977	9456	0	""	2023-06-30	14:27:54	23926.213	425.40182	2078.074	39.1147	55.0018	28.0997	46.91	0.00394235	12.1553	54.5013	-58	0.426617	23.7396	116
DATA	1688149675	387377977	9460	0	""	2023-06-30	14:27:55	23928.904	425.52756	2078.366	39.1151	55.0018	28.0989	46.9101	0.00392024	12.1552	54.5013	-47.25	0.426617	23.7396	113
DATA	1688149676	387012958	9464	0	""	2023-06-30	14:27:56	23930.152	424.96912	2078.5	39.1159	55.0018	28.0972	46.9101	0.00392428	12.1549	54.5013	-156	0.426617	23.7403	146
DATA	1688149677	387012958	9468	0	""	2023-06-30	14:27:57	23927.074	425.82916	2078.1833	39.1151	55.0018	28.0923	46.9103	0.00393802	12.1544	54.5009	40	0.426617	23.7423	203
DATA	1688149678	387012958	9472	0	""	2023-06-30	14:27:58	23927.045	425.4859	2078.2854	39.1147	55.0018	28.0939	46.9103	0.00394116	12.1545	54.5005	0.75	0.426617	23.7415	  9
DATA	1688149679	387012958	9476	0	""	2023-06-30	14:27:59	23927.699	425.82855	2078.3215	39.1143	55.001	28.0952	46.9103	0.00395259	12.1554	54.5005	26.25	0.426617	23.7407	 68
DATA	1688149680	387012958	9480	0	""	2023-06-30	14:28:00	23926.219	426.05496	2078.438	39.1155	55.001	28.0947	46.9103	0.00392663	12.1546	54.5005	-42.75	0.426617	23.7407	 34
DATA	1688149681	387012958	9484	0	""	2023-06-30	14:28:01	23928.35	427.02826	2078.395	39.1143	55.001	28.0927	46.9103	0.00393254	12.1547	54.5005	-15.25	0.426617	23.7396	238
DATA	1688149682	387012958	9488	0	""	2023-06-30	14:28:02	23930.426	426.07217	2078.0342	39.1151	55.001	28.0906	46.91	0.00394329	12.1555	54.5005	86	0.426617	23.7403	 30
DATA	1688149683	386637926	9492	0	""	2023-06-30	14:28:03	23934.805	426.30634	2078.3767	39.1164	55.001	28.0919	46.9101	0.00393017	12.1559	54.5005	14.25	0.426617	23.7403	 38
DATA	1688149684	386637926	9496	0	""	2023-06-30	14:28:04	23934.508	426.05063	2078.2512	39.1164	55.001	28.0906	46.9101	0.00392265	12.1554	54.5005	-41.5	0.426617	23.74	176
DATA	1688149685	386637926	9500	0	""	2023-06-30	14:28:05	23935.883	425.95905	2077.9951	39.1168	55.001	28.0886	46.9103	0.00393498	12.1545	54.5005	30.25	0.426617	23.7384	 73
DATA	1688149686	386637926	9504	0	""	2023-06-30	14:28:06	23933.869	425.71078	2078.3669	39.1147	55.001	28.0873	46.9103	0.00393086	12.1561	54.5005	162.75	0.426617	23.7388	124
DATA	1688149687	386637926	9508	0	""	2023-06-30	14:28:07	23934.93	425.83249	2078.1963	39.1164	55.001	28.0894	46.9103	0.00392945	12.1558	54.5005	-66.75	0.426617	23.7384	 77
DATA	1688149688	386637926	9512	0	""	2023-06-30	14:28:08	23938.254	426.28467	2078.0796	39.1155	55.001	28.0882	46.9103	0.00393262	12.1553	54.5005	71	0.426617	23.7376	169
DATA	1688149689	386637926	9516	0	""	2023-06-30	14:28:09	23943.291	426.77414	2077.999	39.1159	55.001	28.0886	46.9096	0.00392546	12.1556	54.5005	-62.75	0.425328	23.7388	 94
DATA	1688149690	386637926	9520	0	""	2023-06-30	14:28:10	23944.521	426.63916	2078.1245	39.1155	55.001	28.0849	46.9077	0.00393033	12.1548	54.5005	-66.75	0.424408	23.738	 39
DATA	1688149691	386269092	9524	0	""	2023-06-30	14:28:11	23948.115	426.10681	2078.146	39.1159	55.001	28.0841	46.9077	0.00392889	12.1558	54.5005	16.75	0.424408	23.738	206
DATA	1688149692	386269092	9528	0	""	2023-06-30	14:28:12	23948.35	427.47342	2078.2085	39.1151	55.001	28.0832	46.9079	0.00393136	12.1549	54.5005	45	0.424408	23.738	 50
DATA	1688149693	386269092	9532	0	""	2023-06-30	14:28:13	23948.693	427.91364	2078.2397	39.1159	55.001	28.0828	46.9079	0.00394629	12.155	54.5007	21.25	0.424408	23.738	224
DATA	1688149694	386269092	9536	0	""	2023-06-30	14:28:14	23950.746	427.98038	2078.2839	39.1164	55.001	28.0824	46.9079	0.00392046	12.1547	54.5005	-2	0.424408	23.7419	161
DATA	1688149695	386269092	9540	0	""	2023-06-30	14:28:15	23950.543	426.96088	2078.2463	39.1147	55.001	28.0824	46.9079	0.00393954	12.1542	54.5005	-19.5	0.424408	23.7411	 44
DATA	1688149696	386269092	9544	0	""	2023-06-30	14:28:16	23949.484	427.33142	2078.3423	39.1176	55.001	28.0791	46.9079	0.00392798	12.1541	54.5005	-47	0.424408	23.7403	210
DATA	1688149697	386269092	9548	0	""	2023-06-30	14:28:17	23951.443	427.31647	2078.3052	39.1172	55.001	28.0808	46.9081	0.00391395	12.1552	54.5005	22	0.424408	23.7396	151
DATA	1688149698	385902881	9552	0	""	2023-06-30	14:28:18	23949.936	426.85306	2078.3342	39.1164	55.001	28.0808	46.9081	0.00392797	12.156	54.5005	0.5	0.424408	23.7407	162
DATA	1688149699	385902881	9556	0	""	2023-06-30	14:28:19	23952.088	427.11505	2077.9626	39.1155	55.001	28.0812	46.9077	0.00394089	12.1555	54.5005	-195.25	0.424408	23.74	 56
DATA	1688149700	385902881	9560	0	""	2023-06-30	14:28:20	23953.506	426.87277	2078.1672	39.1159	55.0014	28.0767	46.9077	0.00394496	12.1554	54.5009	42	0.424408	23.7403	208
DATA	1688149701	385902881	9564	0	""	2023-06-30	14:28:21	23952.543	427.50107	2077.9702	39.1155	55.0018	28.0758	46.9079	0.00394071	12.155	54.5005	-11.25	0.424408	23.7396	 78
DATA	1688149702	385902881	9568	0	""	2023-06-30	14:28:22	23952.602	427.21146	2078.1157	39.1159	55.0016	28.0779	46.9081	0.00394962	12.1538	54.5011	-50.5	0.424408	23.7388	 90
DATA	1688149703	385902881	9572	0	""	2023-06-30	14:28:23	23952.961	426.7897	2078.0388	39.1164	55.0018	28.0775	46.9081	0.00394411	12.1547	54.5009	71.75	0.424408	23.7392	 66
DATA	1688149704	385902881	9576	0	""	2023-06-30	14:28:24	23954.17	426.90564	2078.0342	39.1159	55.0018	28.0767	46.9081	0.00395307	12.1552	54.5011	-152.5	0.424408	23.7396	 90
DATA	1688149705	385902881	9580	0	""	2023-06-30	14:28:25	23955.75	427.51413	2078.1453	39.1155	55.0018	28.0734	46.9081	0.00394911	12.1546	54.5007	36.25	0.424408	23.7388	 44
DATA	1688149706	385526895	9584	0	""	2023-06-30	14:28:26	23955.838	425.48557	2078.1433	39.118	55.0018	28.0734	46.9077	0.00393504	12.1546	54.5007	7	0.424408	23.7388	132
DATA	1688149707	385526895	9588	0	""	2023-06-30	14:28:27	23956.705	427.26886	2078.0408	39.1176	55.0014	28.0713	46.9077	0.00393652	12.1552	54.5007	-36.75	0.424408	23.7392	171
DATA	1688149708	385526895	9592	0	""	2023-06-30	14:28:28	23955.682	426.28833	2078.1238	39.1176	55.001	28.0713	46.9077	0.00394232	12.1547	54.5007	7.5	0.424408	23.7392	219
DATA	1688149709	385526895	9596	0	""	2023-06-30	14:28:29	23958.414	426.43097	2078.0437	39.1172	55.001	28.0697	46.9079	0.00393803	12.155	54.5005	-17.75	0.424408	23.7388	 74
DATA	1688149710	385526895	9600	0	""	2023-06-30	14:28:30	23959.58	427.02435	2077.9927	39.1176	55.001	28.0705	46.9077	0.00393099	12.1551	54.5005	217.5	0.424408	23.7384	255
DATA	1688149711	385526895	9604	0	""	2023-06-30	14:28:31	23961.613	427.17969	2078.1086	39.1172	55.001	28.0738	46.9077	0.00392785	12.1547	54.5005	-39.25	0.424408	23.7407	103
DATA	1688149712	385526895	9608	0	""	2023-06-30	14:28:32	23962.377	428.26706	2078.1772	39.1176	55.001	28.0701	46.9081	0.00393371	12.1544	54.5005	70.75	0.424408	23.7407	 42
DATA	1688149713	385150909	9612	0	""	2023-06-30	14:28:33	23963.615	427.41339	2078.228	39.1168	55.001	28.0701	46.9077	0.00394123	12.1549	54.5005	-117.25	0.424408	23.74	219
DATA	1688149714	385150909	9616	0	""	2023-06-30	14:28:34	23962.002	427.39777	2078.1206	39.118	55.001	28.0688	46.9079	0.00393956	12.1553	54.5005	-11.75	0.424408	23.7403	 35
DATA	1688149715	385150909	9620	0	""	2023-06-30	14:28:35	23963.818	428.02609	2078.1738	39.1184	55.001	28.0684	46.9077	0.00392799	12.1555	54.5005	-29.75	0.424408	23.74	  5
DATA	1688149716	385150909	9624	0	""	2023-06-30	14:28:36	23965.074	427.76566	2078.2358	39.1168	55.001	28.0676	46.9077	0.00394735	12.1546	54.5005	-26.25	0.424408	23.7403	104
DATA	1688149717	385150909	9628	0	""	2023-06-30	14:28:37	23968.527	426.99921	2077.9858	39.1192	55.001	28.0672	46.9077	0.0039094	12.1553	54.5007	53.5	0.424408	23.7396	237
DATA	1688149718	385150909	9632	0	""	2023-06-30	14:28:38	23964.975	427.85641	2078.324	39.118	55.001	28.0693	46.9077	0.00391216	12.1553	54.5007	-63.75	0.424408	23.7407	255
DATA	1688149719	385150909	9636	0	""	2023-06-30	14:28:39	23964.523	426.97543	2078.0308	39.1172	55.001	28.0676	46.9077	0.00393599	12.155	54.5005	271	0.424408	23.7384	170
DATA	1688149720	385150909	9640	0	""	2023-06-30	14:28:40	23964.963	426.8024	2077.9783	39.1164	55.001	28.0668	46.9081	0.00395034	12.1551	54.5007	-170.25	0.424408	23.7388	 84
DATA	1688149721	384782075	9644	0	""	2023-06-30	14:28:41	23962.998	427.31555	2077.947	39.1176	55.001	28.0656	46.9074	0.00393071	12.1549	54.5005	-15.75	0.424408	23.7384	 56
DATA	1688149722	384782075	9648	0	""	2023-06-30	14:28:42	23962.787	428.38721	2078.0476	39.1188	55.001	28.0676	46.9081	0.00391779	12.1543	54.5005	36	0.424408	23.738	125
DATA	1688149723	384782075	9652	0	""	2023-06-30	14:28:43	23964.539	427.28287	2078.1531	39.1184	55.001	28.066	46.9077	0.00392368	12.1541	54.5011	-101.75	0.424408	23.7384	 89
DATA	1688149724	384782075	9656	0	""	2023-06-30	14:28:44	23965.553	428.23468	2078.05	39.1168	55.0012	28.0627	46.9077	0.00394215	12.155	54.5013	-87.25	0.424408	23.7392	253
DATA	1688149725	384782075	9660	0	""	2023-06-30	14:28:45	23965.057	428.61047	2078.2664	39.1184	55.0014	28.061	46.9077	0.00393629	12.1548	54.5013	-7.75	0.424408	23.74	203
DATA	1688149726	384782075	9664	0	""	2023-06-30	14:28:46	23959.838	426.10828	2078.304	39.1176	55.0016	28.0623	46.9077	0.00393193	12.1547	54.5013	44.75	0.424408	23.7396	 67
DATA	1688149727	384782075	9668	0	""	2023-06-30	14:28:47	23937.082	425.00049	2077.8464	39.1184	55.0018	28.0623	46.9077	0.00392005	12.1546	54.5005	-123.5	0.424408	23.7403	132
DATA	1688149728	384413957	9672	0	""	2023-06-30	14:28:48	23940.262	425.66458	2078.1462	39.1184	55.0016	28.0582	46.9077	0.00394025	12.1546	54.5005	-69	0.424408	23.7419	  6
DATA	1688149729	384413957	9676	0	""	2023-06-30	14:28:49	23941.857	425.72147	2077.9373	39.118	55.0016	28.0569	46.9081	0.00392945	12.1548	54.5005	53.5	0.424408	23.7407	 26
DATA	1688149730	384413957	9680	0	""	2023-06-30	14:28:50	23927.775	424.10214	2077.8538	39.1196	55.0014	28.0573	46.9081	0.00391597	12.1552	54.5005	-20.25	0.424408	23.7407	130
DATA	1688149731	384413957	9684	0	""	2023-06-30	14:28:51	23919.24	424.13065	2077.6021	39.1188	55.001	28.0565	46.9079	0.00393351	12.1553	54.5005	173.75	0.424408	23.7403	 29
DATA	1688149732	384413957	9688	0	""	2023-06-30	14:28:52	23930.926	425.93909	2078.0286	39.1196	55.001	28.0594	46.9077	0.00393016	12.1552	54.5005	65	0.424408	23.74	 62
DATA	1688149733	384413957	9692	0	""	2023-06-30	14:28:53	23941.684	427.11984	2078.0444	39.1188	55.001	28.0577	46.9077	0.00391276	12.1553	54.5005	-103.5	0.424408	23.7396	101
DATA	1688149734	384413957	9696	0	""	2023-06-30	14:28:54	23947.688	426.92853	2077.9094	39.1176	55.001	28.0569	46.9077	0.00393843	12.1547	54.5005	-31	0.424408	23.74	131
DATA	1688149735	384413957	9700	0	""	2023-06-30	14:28:55	23938.779	426.32187	2078.2893	39.1184	55.001	28.0553	46.9077	0.00393171	12.1554	54.5005	-18.5	0.424408	23.74	203
DATA	1688149736	384041070	9704	0	""	2023-06-30	14:28:56	23937.65	426.2561	2077.8479	39.1192	55.001	28.0536	46.9079	0.00392013	12.1548	54.5005	33	0.424408	23.7376	 41
DATA	1688149737	384041070	9708	0	""	2023-06-30	14:28:57	23940.883	426.59644	2077.8628	39.1196	55.001	28.0553	46.9081	0.00390694	12.155	54.5005	90	0.424408	23.7384	111
DATA	1688149738	384041070	9712	0	""	2023-06-30	14:28:58	23937.48	426.57275	2077.8528	39.1192	55.001	28.0569	46.9081	0.00391563	12.1557	54.5005	-79.75	0.424408	23.7388	 64
DATA	1688149739	384041070	9716	0	""	2023-06-30	14:28:59	23943.295	427.83289	2077.9541	39.1188	55.001	28.054	46.9077	0.00393663	12.155	54.5005	-64	0.424408	23.7384	111
DATA	1688149740	384041070	9720	0	""	2023-06-30	14:29:00	23954.398	429.02368	2078.2068	39.1184	55.001	28.0508	46.9077	0.00393953	12.1547	54.5005	-3.5	0.424408	23.7384	228
DATA	1688149741	384041070	9724	0	""	2023-06-30	14:29:01	23956.916	428.54242	2078.042	39.1184	55.001	28.0512	46.9077	0.00393355	12.155	54.5005	111.25	0.424408	23.7392	208
DATA	1688149742	384041070	9728	0	""	2023-06-30	14:29:02	23961.062	430.04849	2077.9802	39.1201	55.001	28.052	46.9077	0.00392381	12.1541	54.5005	-30.75	0.424408	23.738	201
DATA	1688149743	383671998	9732	0	""	2023-06-30	14:29:03	23964.723	429.34119	2077.988	39.1196	55.001	28.0524	46.9079	0.00392418	12.1551	54.5005	-61.75	0.424408	23.7384	 60
DATA	1688149744	383671998	9736	0	""	2023-06-30	14:29:04	23964.52	430.58606	2077.8164	39.1205	55.001	28.0512	46.9081	0.00391557	12.1547	54.5005	-53.75	0.424408	23.7392	 43
DATA	1688149745	383671998	9740	0	""	2023-06-30	14:29:05	23966.289	430.54556	2078.1169	39.1196	55.001	28.0508	46.9081	0.00393167	12.1548	54.5005	5	0.424408	23.7407	118
DATA	1688149746	383671998	9744	0	""	2023-06-30	14:29:06	23972.078	430.63348	2077.825	39.1196	55.001	28.0491	46.9081	0.00393501	12.155	54.5005	-117.25	0.424408	23.7407	 41
DATA	1688149747	383671998	9748	0	""	2023-06-30	14:29:07	23971.576	431.10577	2078.1709	39.1192	55.001	28.0483	46.9077	0.00393903	12.1543	54.5005	29	0.424408	23.7407	171
DATA	1688149748	383671998	9752	0	""	2023-06-30	14:29:08	23972.432	431.22861	2078.0947	39.1188	55.001	28.0475	46.9077	0.0039457	12.1553	54.5005	-29.25	0.424408	23.7407	 60
DATA	1688149749	383671998	9756	0	""	2023-06-30	14:29:09	23970.863	430.69498	2077.9629	39.118	55.001	28.0462	46.9077	0.00395549	12.1548	54.5005	87	0.424408	23.7396	165
DATA	1688149750	383671998	9760	0	""	2023-06-30	14:29:10	23968.875	430.64154	2078.1179	39.1192	55.001	28.0466	46.9077	0.00393921	12.1546	54.5005	44.75	0.424408	23.7403	 56
DATA	1688149751	383295059	9764	0	""	2023-06-30	14:29:11	23966.695	430.86276	2077.8254	39.1192	55.001	28.0479	46.9077	0.00393367	12.1551	54.5005	-153.5	0.424408	23.74	  3
DATA	1688149752	383295059	9768	0	""	2023-06-30	14:29:12	23965.088	430.61188	2077.9309	39.1201	55.001	28.0442	46.9077	0.00392607	12.155	54.5005	50.25	0.424408	23.74	138
DATA	1688149753	383295059	9772	0	""	2023-06-30	14:29:13	23961.594	429.61496	2077.9719	39.1205	55.001	28.0462	46.9077	0.00392309	12.1542	54.5005	-34.75	0.424408	23.7384	105
DATA	1688149754	383295059	9776	0	""	2023-06-30	14:29:14	23962.492	430.31506	2077.9663	39.1205	55.001	28.0466	46.9076	0.00394527	12.1552	54.5005	72.75	0.424408	23.7368	 55
DATA	1688149755	383295059	9780	0	""	2023-06-30	14:29:15	23961.264	430.40173	2078.0488	39.1196	55.001	28.0454	46.9079	0.00394159	12.1552	54.5005	-48.5	0.424408	23.738	250
DATA	1688149756	383295059	9784	0	""	2023-06-30	14:29:16	23958.104	429.85449	2078.0286	39.1217	55.001	28.0429	46.9079	0.00390994	12.1545	54.5005	-18.25	0.424408	23.738	 66
DATA	1688149757	383295059	9788	0	""	2023-06-30	14:29:17	23953.189	429.83408	2077.8767	39.1213	55.001	28.0417	46.9077	0.00390292	12.1553	54.5007	17.5	0.424408	23.738	227
DATA	1688149758	382920980	9792	0	""	2023-06-30	14:29:18	23951.111	429.78043	2077.8479	39.1209	55.001	28.0421	46.9077	0.00392374	12.1549	54.5007	-78.25	0.424408	23.738	 57
DATA	1688149759	382920980	9796	0	""	2023-06-30	14:29:19	23953.604	429.60013	2078.0833	39.1209	55.001	28.0405	46.9077	0.00393319	12.1553	54.5005	13.75	0.424408	23.74	192
DATA	1688149760	382920980	9800	0	""	2023-06-30	14:29:20	23954.686	430.16721	2077.7812	39.1196	55.001	28.0405	46.9079	0.00393277	12.1549	54.5007	-96.5	0.424408	23.7392	 43
DATA	1688149761	382920980	9804	0	""	2023-06-30	14:29:21	23953.797	428.02487	2077.4812	39.1192	55.001	28.0372	46.9077	0.00393854	12.1544	54.5005	-61.25	0.424408	23.7403	 85
DATA	1688149762	382920980	9808	0	""	2023-06-30	14:29:22	23950.865	429.39679	2077.875	39.1205	55.001	28.036	46.9077	0.00394293	12.1546	54.5005	-18.25	0.424408	23.7411	  0
DATA	1688149763	382920980	9812	0	""	2023-06-30	14:29:23	23947.195	428.6749	2078.033	39.1205	55.0016	28.0347	46.9077	0.00394198	12.1546	54.5005	61.5	0.424408	23.7407	204
DATA	1688149764	382920980	9816	0	""	2023-06-30	14:29:24	23942.893	427.86023	2077.8254	39.1213	55.0018	28.0351	46.9077	0.00391879	12.1545	54.5005	24	0.424408	23.7403	204
DATA	1688149765	382920980	9820	0	""	2023-06-30	14:29:25	23942.205	429.5517	2077.7595	39.1196	55.0018	28.0351	46.9077	0.00394834	12.1553	54.5005	29.25	0.424408	23.74	206
DATA	1688149766	382554054	9824	0	""	2023-06-30	14:29:26	23943.182	429.02551	2077.9734	39.1201	55.0018	28.0351	46.9077	0.003927	12.1549	54.5005	-42.75	0.424408	23.7403	 26
DATA	1688149767	382554054	9828	0	""	2023-06-30	14:29:27	23938.932	429.09149	2078.0151	39.1209	55.0018	28.036	46.9077	0.0039237	12.1549	54.5005	70.25	0.424408	23.74	153
DATA	1688149768	382554054	9832	0	""	2023-06-30	14:29:28	23936.664	428.62326	2077.687	39.1209	55.0018	28.0355	46.9077	0.00390776	12.1548	54.5005	-4.75	0.424408	23.7407	 63
DATA	1688149769	382554054	9836	0	""	2023-06-30	14:29:29	23941.719	428.57034	2077.9946	39.1205	55.0016	28.0351	46.9077	0.00392816	12.1552	54.5005	-14.5	0.424408	23.74	250
DATA	1688149770	382554054	9840	0	""	2023-06-30	14:29:30	23945.27	429.90512	2077.8191	39.1196	55.001	28.036	46.9079	0.00395309	12.1546	54.5005	-55	0.424408	23.7388	 96
DATA	1688149771	382554054	9844	0	""	2023-06-30	14:29:31	23944.514	429.48199	2077.8665	39.1213	55.001	28.0355	46.9081	0.00393042	12.1558	54.5005	11.75	0.424408	23.7384	 41
DATA	1688149772	382554054	9848	0	""	2023-06-30	14:29:32	23943.43	428.91602	2077.988	39.1217	55.001	28.0335	46.9077	0.00391376	12.1551	54.5005	39.25	0.424408	23.7384	202
DATA	1688149773	382174968	9852	0	""	2023-06-30	14:29:33	23946.586	429.3522	2077.6934	39.1213	55.001	28.0323	46.9077	0.00391947	12.1543	54.5005	-11.25	0.424408	23.738	247
DATA	1688149774	382174968	9856	0	""	2023-06-30	14:29:34	23947.102	428.97113	2077.7869	39.1209	55.001	28.0323	46.9077	0.00393024	12.1543	54.5005	-34.5	0.424408	23.7376	 47
DATA	1688149775	382174968	9860	0	""	2023-06-30	14:29:35	23945.094	430.08569	2077.7964	39.1217	55.001	28.0306	46.9077	0.00394173	12.1554	54.5005	-65	0.424408	23.738	164
DATA	1688149776	382174968	9864	0	""	2023-06-30	14:29:36	23948.607	429.44717	2077.8428	39.1213	55.001	28.0298	46.9077	0.00392724	12.1545	54.5005	138	0.424408	23.7376	235
DATA	1688149777	382174968	9868	0	""	2023-06-30	14:29:37	23945.926	429.88528	2077.7527	39.1225	55.001	28.0298	46.9077	0.00391399	12.1545	54.5005	-2.25	0.424408	23.7384	 90
DATA	1688149778	382174968	9872	0	""	2023-06-30	14:29:38	23944.43	429.87283	2077.7041	39.1238	55.001	28.029	46.9077	0.00389428	12.1549	54.5005	63.75	0.424408	23.7384	239
DATA	1688149779	382174968	9876	0	""	2023-06-30	14:29:39	23943.557	430.36761	2077.7361	39.1221	55.001	28.0294	46.9079	0.00392116	12.1544	54.5005	-71.25	0.424408	23.7407	102
DATA	1688149780	382174968	9880	0	""	2023-06-30	14:29:40	23946.869	429.7999	2077.8916	39.1213	55.001	28.0294	46.9077	0.00393302	12.1554	54.5005	72.5	0.424408	23.7403	224
DATA	1688149781	381809949	9884	0	""	2023-06-30	14:29:41	23945.793	429.79309	2077.655	39.1217	55.001	28.0294	46.9077	0.00394038	12.1552	54.5005	119.5	0.424408	23.74	174
DATA	1688149782	381809949	9888	0	""	2023-06-30	14:29:42	23948.098	430.02744	2077.6553	39.1213	55.001	28.0286	46.9077	0.00395134	12.1545	54.5005	-68	0.424408	23.74	111
DATA	1688149783	381809949	9892	0	""	2023-06-30	14:29:43	23949.758	430.28275	2077.9746	39.1213	55.001	28.0273	46.9077	0.0039323	12.1553	54.5007	-70	0.424408	23.7392	169
DATA	1688149784	381809949	9896	0	""	2023-06-30	14:29:44	23950.16	429.35599	2077.7993	39.1233	55.001	28.0273	46.9077	0.00391256	12.1551	54.5005	33.75	0.424408	23.7384	 28
DATA	1688149785	381809949	9900	0	""	2023-06-30	14:29:45	23951.412	429.2594	2077.5696	39.1221	55.001	28.0273	46.9077	0.00391567	12.1549	54.5009	-40.25	0.424408	23.74	204
DATA	1688149786	381809949	9904	0	""	2023-06-30	14:29:46	23950.9	429.58914	2077.7722	39.1213	55.001	28.0257	46.9077	0.00393788	12.155	54.5011	-87	0.424408	23.7415	 73
DATA	1688149787	381809949	9908	0	""	2023-06-30	14:29:47	23951.082	429.1684	2077.7744	39.1221	55.001	28.0228	46.9077	0.00393926	12.1548	54.5013	146	0.424408	23.7392	176
DATA	1688149788	381432056	9912	0	""	2023-06-30	14:29:48	23949.346	430.32639	2077.7085	39.1221	55.001	28.0257	46.9076	0.00392364	12.1548	54.5005	108.75	0.424408	23.7392	 99
DATA	1688149789	381432056	9916	0	""	2023-06-30	14:29:49	23949.119	429.08124	2077.7188	39.1221	55.001	28.0244	46.9077	0.00392051	12.1546	54.5005	10	0.424408	23.7384	142
DATA	1688149790	381432056	9920	0	""	2023-06-30	14:29:50	23950.201	430.04437	2077.7217	39.1209	55.001	28.0249	46.9077	0.0039245	12.1548	54.5005	-84.5	0.424408	23.738	164
DATA	1688149791	381432056	9924	0	""	2023-06-30	14:29:51	23951.219	430.23581	2077.5991	39.1225	55.001	28.0207	46.9077	0.00393194	12.1551	54.5005	-51.5	0.424408	23.738	222
DATA	1688149792	381432056	9928	0	""	2023-06-30	14:29:52	23951.49	429.6731	2077.7078	39.1217	55.001	28.0195	46.9077	0.00393584	12.1554	54.5005	42.75	0.424408	23.738	160
DATA	1688149793	381432056	9932	0	""	2023-06-30	14:29:53	23955.596	429.23563	2077.7546	39.1217	55.001	28.0216	46.9077	0.0039343	12.1551	54.5005	116.5	0.424408	23.738	194
DATA	1688149794	381432056	9936	0	""	2023-06-30	14:29:54	23955.252	430.5217	2077.6262	39.1213	55.001	28.0228	46.9077	0.0039228	12.1545	54.5005	-38.25	0.424408	23.7376	230
DATA	1688149795	381432056	9940	0	""	2023-06-30	14:29:55	23953.424	430.1601	2077.8936	39.1233	55.001	28.0224	46.9077	0.00390986	12.1553	54.5005	-20.25	0.424408	23.7388	 23
DATA	1688149796	381072998	9944	0	""	2023-06-30	14:29:56	23955.594	429.65997	2077.615	39.1221	55.001	28.0232	46.9079	0.00390129	12.155	54.5005	4.25	0.424408	23.7403	165
DATA	1688149797	381072998	9948	0	""	2023-06-30	14:29:57	23954.32	429.42993	2077.7009	39.1217	55.001	28.0212	46.9081	0.00393791	12.1548	54.5005	-82.25	0.424408	23.74	211
DATA	1688149798	381072998	9952	0	""	2023-06-30	14:29:58	23954.479	429.10571	2077.7554	39.1225	55.001	28.0195	46.9077	0.00392888	12.1549	54.5005	-21.75	0.424408	23.74	 26
DATA	1688149799	381072998	9956	0	""	2023-06-30	14:29:59	23953.828	429.45468	2077.7981	39.1225	55.001	28.0199	46.9081	0.00391967	12.1545	54.5005	-66.75	0.424408	23.7396	157
DATA	1688149800	381072998	9960	0	""	2023-06-30	14:30:00	23955.721	429.27756	2077.5896	39.1217	55.0016	28.017	46.9077	0.00393352	12.1553	54.5005	15.5	0.424408	23.74	140
DATA	1688149801	381072998	9964	0	""	2023-06-30	14:30:01	23957.896	430.34384	2077.8164	39.1229	55.0016	28.0175	46.9077	0.0039441	12.1544	54.5005	-21	0.424408	23.7396	196
DATA	1688149802	381072998	9968	0	""	2023-06-30	14:30:02	23959.695	430.25031	2077.5227	39.1233	55.0018	28.0158	46.9077	0.00394037	12.1548	54.5005	59	0.424408	23.7403	197
DATA	1688149803	380688905	9972	0	""	2023-06-30	14:30:03	23960.262	430.65848	2077.8425	39.1225	55.0018	28.0183	46.9077	0.00393393	12.1554	54.5005	5.5	0.424408	23.7392	248
DATA	1688149804	380688905	9976	0	""	2023-06-30	14:30:04	23962.82	430.79135	2077.9321	39.1229	55.0016	28.0154	46.9077	0.00393368	12.1549	54.5005	-65.25	0.424408	23.7392	 97
DATA	1688149805	380688905	9980	0	""	2023-06-30	14:30:05	23963.816	430.23224	2077.6887	39.1238	55.0012	28.0158	46.9079	0.00393193	12.1548	54.5005	44.25	0.424408	23.738	 48
DATA	1688149806	380688905	9984	0	""	2023-06-30	14:30:06	23964.934	430.95956	2077.7561	39.1242	55.001	28.015	46.9079	0.00393443	12.1549	54.5005	20	0.424408	23.738	 56
DATA	1688149807	380688905	9988	0	""	2023-06-30	14:30:07	23964.141	430.80377	2077.7678	39.1233	55.001	28.015	46.9077	0.00392176	12.1546	54.5005	11.5	0.424408	23.7376	201
DATA	1688149808	380688905	9992	0	""	2023-06-30	14:30:08	23961.539	430.63559	2077.7964	39.1233	55.001	28.0146	46.9077	0.00393524	12.1545	54.5005	-2.5	0.424408	23.7376	254
DATA	1688149809	380688905	9996	0	""	2023-06-30	14:30:09	23955.455	429.05038	2077.6218	39.1242	55.001	28.015	46.9079	0.00391561	12.1547	54.5007	-49.5	0.424408	23.7384	  1
DATA	1688149810	380688905	10000	0	""	2023-06-30	14:30:10	23935.117	428.33081	2077.4409	39.1229	55.001	28.0113	46.9077	0.00391001	12.1551	54.5007	-63.25	0.424408	23.7376	 73
DATA	1688149811	380326986	10004	0	""	2023-06-30	14:30:11	23931.082	427.97906	2077.6038	39.1229	55.001	28.0096	46.9077	0.00393666	12.1551	54.5011	-12.25	0.424408	23.738	 54
DATA	1688149812	380326986	10008	0	""	2023-06-30	14:30:12	23941.92	429.80435	2077.6787	39.1242	55.001	28.0101	46.9077	0.00393401	12.1546	54.5013	160.5	0.424408	23.7388	  4
DATA	1688149813	380326986	10012	0	""	2023-06-30	14:30:13	23954.551	429.42657	2077.5371	39.1233	55.001	28.0113	46.9079	0.00394701	12.1548	54.5009	-72.75	0.424408	23.7407	107
DATA	1688149814	380326986	10016	0	""	2023-06-30	14:30:14	23955.41	429.27112	2077.7761	39.1229	55.001	28.0092	46.9076	0.00392871	12.1552	54.5013	-35.25	0.424408	23.7407	 52
DATA	1688149815	380326986	10020	0	""	2023-06-30	14:30:15	23957.795	428.98544	2077.6399	39.1238	55.001	28.0092	46.9079	0.0039196	12.1548	54.5011	130	0.424408	23.7411	194
DATA	1688149816	380326986	10024	0	""	2023-06-30	14:30:16	23958.746	429.63434	2077.6677	39.1246	55.001	28.0096	46.9077	0.00392452	12.1548	54.5005	-28.75	0.424408	23.7415	141
DATA	1688149817	380326986	10028	0	""	2023-06-30	14:30:17	23960.014	430.01816	2077.7378	39.1242	55.001	28.0092	46.9077	0.00391789	12.1546	54.5005	-37	0.424408	23.74	117
DATA	1688149818	379945993	10032	0	""	2023-06-30	14:30:18	23961.67	429.48538	2077.7322	39.1246	55.001	28.0105	46.9077	0.00390852	12.155	54.5005	194	0.424408	23.7407	143
DATA	1688149819	379945993	10036	0	""	2023-06-30	14:30:19	23963.076	430.4313	2077.7146	39.1233	55.001	28.0088	46.9077	0.00394903	12.155	54.5005	-140.5	0.424408	23.7392	 19
DATA	1688149820	379945993	10040	0	""	2023-06-30	14:30:20	23961.242	430.14365	2077.6985	39.1229	55.001	28.0072	46.9077	0.00394052	12.155	54.5005	-64	0.424408	23.74	 58
DATA	1688149821	379945993	10044	0	""	2023-06-30	14:30:21	23959.279	428.09982	2077.6299	39.1246	55.001	28.0068	46.9077	0.00390997	12.1549	54.5005	210	0.424408	23.738	220
DATA	1688149822	379945993	10048	0	""	2023-06-30	14:30:22	23955.418	427.56104	2077.5049	39.125	55.001	28.0088	46.9077	0.0039099	12.1554	54.5005	-4.25	0.424408	23.7376	238
DATA	1688149823	379945993	10052	0	""	2023-06-30	14:30:23	23949.547	428.56461	2077.6099	39.1246	55.001	28.0064	46.9077	0.00391478	12.1551	54.5005	-42.5	0.424408	23.7388	 95
DATA	1688149824	379945993	10056	0	""	2023-06-30	14:30:24	23947.252	428.71396	2077.5693	39.1246	55.001	28.0055	46.9077	0.00392589	12.1545	54.5005	-39.75	0.424408	23.738	107
DATA	1688149825	379945993	10060	0	""	2023-06-30	14:30:25	23944.238	428.38437	2077.4136	39.1242	55.001	28.0068	46.9077	0.00391913	12.1555	54.5005	-46	0.424408	23.738	186
DATA	1688149826	379580974	10064	0	""	2023-06-30	14:30:26	23940.42	427.53323	2077.3479	39.1246	55.001	28.0076	46.9077	0.00391779	12.1547	54.5005	285.75	0.424408	23.7376	 99
DATA	1688149827	379580974	10068	0	""	2023-06-30	14:30:27	23921.225	425.57501	2077.4482	39.1254	55.001	28.0096	46.9081	0.0039041	12.1547	54.5005	-150.75	0.424408	23.738	 62
DATA	1688149828	379580974	10072	0	""	2023-06-30	14:30:28	23889.303	423.75348	2077.2639	39.1258	55.001	28.0064	46.9081	0.00388006	12.1549	54.5005	52.5	0.424408	23.7376	 41
DATA	1688149829	379580974	10076	0	""	2023-06-30	14:30:29	23862.066	422.08987	2077.1348	39.1246	55.001	28.0072	46.9079	0.00388165	12.155	54.5005	-24	0.424408	23.7403	189
DATA	1688149830	379580974	10080	0	""	2023-06-30	14:30:30	23831.436	419.80719	2077.0879	39.1242	55.001	28.0072	46.9081	0.0038901	12.1552	54.5005	-84.25	0.424408	23.7403	 52
DATA	1688149831	379580974	10084	0	""	2023-06-30	14:30:31	23809.871	420.48856	2076.9917	39.125	55.0014	28.0064	46.9077	0.00389064	12.1562	54.5005	-19	0.424408	23.74	138
DATA	1688149832	379580974	10088	0	""	2023-06-30	14:30:32	23832.02	423.02866	2077.1946	39.1246	55.0018	28.0043	46.9079	0.00390415	12.1557	54.5005	-30.25	0.424408	23.7396	115
DATA	1688149833	379201889	10092	0	""	2023-06-30	14:30:33	23863.01	424.23596	2077.0813	39.1238	55.0018	28.0047	46.9077	0.00391794	12.1549	54.5005	104.75	0.424408	23.7396	131
DATA	1688149834	379201889	10096	0	""	2023-06-30	14:30:34	23882.078	425.53436	2077.3899	39.1242	55.0018	28.0035	46.9077	0.00392211	12.1551	54.5005	-43.25	0.424408	23.7407	171
DATA	1688149835	379201889	10100	0	""	2023-06-30	14:30:35	23890.842	425.9072	2077.312	39.1242	55.0018	28.001	46.9077	0.00391818	12.1551	54.5005	-73.25	0.424408	23.7396	  2
DATA	1688149836	379201889	10104	0	""	2023-06-30	14:30:36	23895.369	426.17389	2077.1438	39.1246	55.0018	27.999	46.9077	0.0039207	12.155	54.5005	-8	0.424408	23.74	  4
DATA	1688149837	379201889	10108	0	""	2023-06-30	14:30:37	23905.336	426.34189	2077.2839	39.125	55.0014	27.9994	46.9077	0.00392826	12.1553	54.5005	61.5	0.424408	23.7392	 53
DATA	1688149838	379201889	10112	0	""	2023-06-30	14:30:38	23917.289	427.65659	2077.4302	39.125	55.001	28.001	46.9081	0.00391401	12.1545	54.5005	-27.75	0.424408	23.7384	 12
DATA	1688149839	379201889	10116	0	""	2023-06-30	14:30:39	23924.037	427.82742	2077.2947	39.125	55.001	28.0006	46.9081	0.00392957	12.1553	54.5005	-117.5	0.424408	23.7384	 74
DATA	1688149840	379201889	10120	0	""	2023-06-30	14:30:40	23932.822	428.82687	2077.3979	39.125	55.001	28.0006	46.9081	0.00392748	12.1554	54.5005	-74	0.424408	23.738	127
DATA	1688149841	378833055	10124	0	""	2023-06-30	14:30:41	23938.857	430.11523	2077.3394	39.1246	55.001	27.9973	46.9077	0.00393366	12.1549	54.5005	-125.25	0.424408	23.738	125
DATA	1688149842	378833055	10128	0	""	2023-06-30	14:30:42	23941.367	429.33893	2077.5811	39.1258	55.001	27.9965	46.9077	0.00392196	12.1551	54.5005	127.75	0.424408	23.7376	151
DATA	1688149843	378833055	10132	0	""	2023-06-30	14:30:43	23939.682	429.51404	2077.4536	39.1258	55.001	27.9977	46.9077	0.00392672	12.1552	54.5005	27.5	0.424408	23.7376	 45
DATA	1688149844	378833055	10136	0	""	2023-06-30	14:30:44	23937.17	428.80923	2077.4758	39.1258	55.001	27.9981	46.9077	0.00390671	12.1555	54.5005	-8.25	0.424408	23.7372	 43
DATA	1688149845	378833055	10140	0	""	2023-06-30	14:30:45	23932.254	429.19522	2077.3386	39.1258	55.001	27.9985	46.9077	0.00391839	12.155	54.5007	-33.5	0.424408	23.738	243
DATA	1688149846	378833055	10144	0	""	2023-06-30	14:30:46	23931.361	427.36713	2077.3142	39.1258	55.001	27.9969	46.9079	0.00390211	12.1548	54.5005	72.75	0.424408	23.7403	 77
DATA	1688149847	378833055	10148	0	""	2023-06-30	14:30:47	23932.262	428.94876	2077.2969	39.1258	55.001	27.9965	46.9079	0.00391517	12.1553	54.5005	-42	0.424408	23.7407	  9
DATA	1688149848	378458976	10152	0	""	2023-06-30	14:30:48	23931.557	429.1088	2077.3792	39.1246	55.001	27.9973	46.9079	0.00392557	12.1553	54.5007	-59.25	0.424408	23.7396	125
DATA	1688149849	378458976	10156	0	""	2023-06-30	14:30:49	23932.451	428.43365	2077.5266	39.1254	55.001	27.9957	46.9077	0.00392524	12.1547	54.5009	-40.5	0.424408	23.7396	112
DATA	1688149850	378458976	10160	0	""	2023-06-30	14:30:50	23931.814	427.59296	2077.4915	39.1258	55.001	27.9944	46.9077	0.00390982	12.1547	54.5009	76	0.424408	23.74	119
DATA	1688149851	378458976	10164	0	""	2023-06-30	14:30:51	23932.211	428.57355	2077.5664	39.127	55.001	27.9961	46.9077	0.00391222	12.1549	54.5011	16.5	0.424408	23.7407	238
DATA	1688149852	378458976	10168	0	""	2023-06-30	14:30:52	23935.156	429.33401	2077.3108	39.1262	55.001	27.9948	46.9077	0.00392008	12.1546	54.5013	-68.25	0.424408	23.7411	130
DATA	1688149853	378458976	10172	0	""	2023-06-30	14:30:53	23931.16	429.9137	2077.1868	39.1266	55.001	27.9948	46.9077	0.00391511	12.1549	54.5013	70	0.424408	23.7403	103
DATA	1688149854	378458976	10176	0	""	2023-06-30	14:30:54	23933.256	428.26401	2077.4492	39.1266	55.001	27.9948	46.9077	0.00391573	12.1547	54.5009	-81	0.424408	23.7403	  3
DATA	1688149855	378458976	10180	0	""	2023-06-30	14:30:55	23938.146	428.67758	2077.3179	39.1258	55.001	27.992	46.9079	0.00392528	12.1552	54.5005	-50.25	0.424408	23.738	 63
DATA	1688149856	378089904	10184	0	""	2023-06-30	14:30:56	23938.4	429.74448	2077.427	39.1266	55.001	27.9911	46.9081	0.00391988	12.1551	54.5005	-4.75	0.424408	23.7376	210
DATA	1688149857	378089904	10188	0	""	2023-06-30	14:30:57	23940.518	428.0137	2077.4778	39.1254	55.001	27.9907	46.9079	0.00392471	12.1543	54.5005	-40.75	0.424408	23.7376	101
DATA	1688149858	378089904	10192	0	""	2023-06-30	14:30:58	23942.707	429.72849	2077.3501	39.125	55.001	27.9895	46.9077	0.00393817	12.1546	54.5005	-26.5	0.424408	23.7376	 60
DATA	1688149859	378089904	10196	0	""	2023-06-30	14:30:59	23942.592	429.62674	2077.4666	39.1258	55.001	27.9899	46.9077	0.0039319	12.1551	54.5005	19.25	0.424408	23.7372	 81
DATA	1688149860	378089904	10200	0	""	2023-06-30	14:31:00	23944.838	429.47232	2077.5908	39.1258	55.001	27.9895	46.9077	0.00393844	12.1551	54.5005	-42.25	0.424408	23.7372	135
DATA	1688149861	378089904	10204	0	""	2023-06-30	14:31:01	23944.984	429.72507	2077.5601	39.1262	55.001	27.9891	46.9077	0.00391808	12.1548	54.5005	186.75	0.424408	23.7376	152
DATA	1688149862	378089904	10208	0	""	2023-06-30	14:31:02	23944.646	430.12885	2077.2988	39.1279	55.001	27.9916	46.9077	0.00391204	12.155	54.5005	-19.5	0.424408	23.7376	 41
DATA	1688149863	377716064	10212	0	""	2023-06-30	14:31:03	23943.576	429.41486	2077.3711	39.1266	55.001	27.9916	46.9081	0.00392015	12.1551	54.5005	-129	0.424408	23.7396	 18
DATA	1688149864	377716064	10216	0	""	2023-06-30	14:31:04	23941.895	429.15591	2077.5007	39.1266	55.001	27.9887	46.9081	0.00392552	12.1555	54.5005	7.5	0.424408	23.7396	250
DATA	1688149865	377716064	10220	0	""	2023-06-30	14:31:05	23944.678	429.55319	2077.2188	39.1262	55.001	27.9891	46.9081	0.00393212	12.1545	54.5005	-45.75	0.424408	23.74	 26
DATA	1688149866	377716064	10224	0	""	2023-06-30	14:31:06	23943.062	429.24002	2077.1494	39.1266	55.001	27.9874	46.9079	0.00392825	12.1554	54.5005	-41.5	0.424408	23.7396	 74
DATA	1688149867	377716064	10228	0	""	2023-06-30	14:31:07	23936.457	428.6015	2077.3689	39.1258	55.001	27.9874	46.9079	0.00392479	12.1553	54.5005	13	0.424408	23.7396	169
DATA	1688149868	377716064	10232	0	""	2023-06-30	14:31:08	23929.285	427.90414	2077.0618	39.1275	55.001	27.9887	46.9079	0.00391897	12.1548	54.5005	129.25	0.424408	23.7392	164
DATA	1688149869	377716064	10236	0	""	2023-06-30	14:31:09	23919.668	426.9053	2077.0176	39.1275	55.001	27.9874	46.9077	0.00390396	12.1547	54.5005	-14.5	0.424408	23.74	199
DATA	1688149870	377716064	10240	0	""	2023-06-30	14:31:10	23914.725	426.59906	2077.0078	39.1279	55.001	27.9879	46.9077	0.00389881	12.1545	54.5007	281.5	0.424408	23.74	253
DATA	1688149871	377355098	10244	0	""	2023-06-30	14:31:11	23914.379	426.46796	2076.9563	39.1275	55.001	27.9879	46.9081	0.00389845	12.1553	54.5009	-14.75	0.424408	23.7384	169
DATA	1688149872	377355098	10248	0	""	2023-06-30	14:31:12	23922.969	426.34985	2077.0681	39.1279	55.001	27.987	46.9079	0.00390456	12.1551	54.5013	-107.75	0.424408	23.7384	157
DATA	1688149873	377355098	10252	0	""	2023-06-30	14:31:13	23925.43	426.45352	2077.1946	39.1275	55.0012	27.987	46.9081	0.00391584	12.1548	54.5013	111.25	0.424408	23.7392	 79
DATA	1688149874	377355098	10256	0	""	2023-06-30	14:31:14	23921.982	427.45547	2076.8916	39.1275	55.0012	27.9854	46.9081	0.00392216	12.1552	54.5013	-81.75	0.424408	23.7392	197
DATA	1688149875	377355098	10260	0	""	2023-06-30	14:31:15	23915.377	427.30518	2077.2424	39.1262	55.0014	27.9817	46.9079	0.00392935	12.1553	54.5011	-30.75	0.424408	23.7376	183
DATA	1688149876	377355098	10264	0	""	2023-06-30	14:31:16	23905.752	427.17923	2076.8679	39.1258	55.0018	27.98	46.9081	0.0039317	12.155	54.5011	19.25	0.424408	23.7388	214
DATA	1688149877	377355098	10268	0	""	2023-06-30	14:31:17	23897.92	425.8392	2076.8713	39.1262	55.0018	27.9821	46.9077	0.00392758	12.1555	54.5005	148.75	0.424408	23.7388	132
DATA	1688149878	376977920	10272	0	""	2023-06-30	14:31:18	23892.361	426.04691	2076.8301	39.127	55.0018	27.9829	46.9079	0.00389875	12.1556	54.5005	60.75	0.424408	23.7376	124
DATA	1688149879	376977920	10276	0	""	2023-06-30	14:31:19	23887.102	424.89157	2076.8127	39.1283	55.0016	27.9846	46.9077	0.00389684	12.1552	54.5005	-5.75	0.424408	23.738	125
DATA	1688149880	376977920	10280	0	""	2023-06-30	14:31:20	23871.275	425.14627	2076.9485	39.127	55.0012	27.9846	46.9079	0.00387818	12.1559	54.5005	11	0.424408	23.7403	203
DATA	1688149881	376977920	10284	0	""	2023-06-30	14:31:21	23868.043	426.05008	2076.9502	39.1283	55.001	27.9837	46.9081	0.00389217	12.1554	54.5005	24	0.424408	23.74	 82
DATA	1688149882	376977920	10288	0	""	2023-06-30	14:31:22	23886.027	426.41867	2077.1206	39.127	55.001	27.9829	46.9081	0.00389879	12.1557	54.5005	-111.75	0.424408	23.7403	150
DATA	1688149883	376977920	10292	0	""	2023-06-30	14:31:23	23897.033	427.0752	2076.9685	39.1275	55.001	27.9788	46.9079	0.00391051	12.1551	54.5005	-48	0.424408	23.7396	212
DATA	1688149884	376977920	10296	0	""	2023-06-30	14:31:24	23901.861	426.55029	2076.6958	39.127	55.001	27.9796	46.9079	0.00392659	12.1555	54.5005	-38.5	0.424408	23.7396	 74
DATA	1688149885	376977920	10300	0	""	2023-06-30	14:31:25	23902.305	427.06882	2076.7212	39.1279	55.001	27.9788	46.9077	0.00392474	12.1547	54.5005	47.75	0.424408	23.7396	106
DATA	1688149886	376607894	10304	0	""	2023-06-30	14:31:26	23900.322	427.24829	2077.0078	39.1283	55.001	27.9796	46.9077	0.00389931	12.1547	54.5005	43	0.424408	23.7396	210
DATA	1688149887	376607894	10308	0	""	2023-06-30	14:31:27	23899.576	427.21234	2076.9875	39.1275	55.001	27.98	46.9077	0.00389705	12.1556	54.5005	-47.75	0.424224	23.7392	 73
DATA	1688149888	376607894	10312	0	""	2023-06-30	14:31:28	23903.848	426.19083	2076.7764	39.1291	55.001	27.98	46.907	0.00391095	12.1553	54.5005	-41	0.423303	23.7376	 91
DATA	1688149889	376607894	10316	0	""	2023-06-30	14:31:29	23903.346	426.5459	2076.8286	39.1275	55.001	27.9784	46.9059	0.00391448	12.156	54.5005	3.75	0.422935	23.7384	228
DATA	1688149890	376607894	10320	0	""	2023-06-30	14:31:30	23897.553	425.30035	2076.77	39.1287	55.001	27.978	46.9063	0.00391294	12.1548	54.5005	16.25	0.422935	23.7376	195
DATA	1688149891	376607894	10324	0	""	2023-06-30	14:31:31	23901.148	426.13974	2076.8857	39.1275	55.001	27.9792	46.9065	0.00391077	12.1559	54.5005	4.75	0.422935	23.7376	 60
DATA	1688149892	376607894	10328	0	""	2023-06-30	14:31:32	23904.799	426.64734	2076.7776	39.1275	55.001	27.9763	46.9063	0.00391397	12.1553	54.5005	-70.5	0.422935	23.7372	112
DATA	1688149893	376230955	10332	0	""	2023-06-30	14:31:33	23907.344	427.05005	2076.749	39.1275	55.001	27.9768	46.9063	0.00393884	12.1542	54.5005	61.25	0.422935	23.7372	 31
DATA	1688149894	376230955	10336	0	""	2023-06-30	14:31:34	23907.158	427.53708	2076.6335	39.1307	55.001	27.9792	46.9063	0.00389056	12.1551	54.5005	43	0.422935	23.7372	194
DATA	1688149895	376230955	10340	0	""	2023-06-30	14:31:35	23907.062	426.81482	2076.6321	39.1299	55.001	27.9796	46.9063	0.00387931	12.155	54.5005	-47	0.422935	23.7376	197
DATA	1688149896	376230955	10344	0	""	2023-06-30	14:31:36	23907.686	427.7597	2076.9204	39.1283	55.001	27.978	46.9063	0.00389104	12.1548	54.5005	5.5	0.422935	23.738	110
DATA	1688149897	376230955	10348	0	""	2023-06-30	14:31:37	23912.564	426.52481	2076.8953	39.1279	55.001	27.9784	46.9063	0.00392852	12.1553	54.5005	-99	0.422935	23.7403	  8
DATA	1688149898	376230955	10352	0	""	2023-06-30	14:31:38	23914.287	426.98315	2076.9507	39.127	55.001	27.9763	46.9061	0.00392372	12.1547	54.5005	-53.5	0.422935	23.74	195
DATA	1688149899	376230955	10356	0	""	2023-06-30	14:31:39	23912.543	427.72455	2076.9934	39.1287	55.001	27.9751	46.9063	0.00392917	12.1552	54.5005	67.25	0.422935	23.74	  6
DATA	1688149900	376230955	10360	0	""	2023-06-30	14:31:40	23911.355	426.58005	2077.0066	39.1279	55.001	27.9763	46.9063	0.00391991	12.1552	54.5005	-29.25	0.422935	23.74	  6
DATA	1688149901	375864982	10364	0	""	2023-06-30	14:31:41	23914.521	426.79297	2076.698	39.1275	55.001	27.9722	46.9063	0.00392245	12.1544	54.5005	-144	0.422935	23.74	138
DATA	1688149902	375864982	10368	0	""	2023-06-30	14:31:42	23914.904	426.16986	2076.917	39.1283	55.001	27.9706	46.9063	0.00392111	12.1547	54.5005	161.75	0.422935	23.74	243
DATA	1688149903	375864982	10372	0	""	2023-06-30	14:31:43	23911.273	427.2236	2076.895	39.1307	55.001	27.9731	46.9063	0.00389463	12.1546	54.5005	86.75	0.422935	23.74	145
DATA	1688149904	375864982	10376	0	""	2023-06-30	14:31:44	23912.906	427.12936	2076.8523	39.1295	55.001	27.9743	46.9063	0.00389078	12.1553	54.5005	18.5	0.422935	23.7403	 47
DATA	1688149905	375864982	10380	0	""	2023-06-30	14:31:45	23913.635	426.90341	2076.8208	39.1312	55.001	27.9731	46.9063	0.00390565	12.1547	54.5005	-22.5	0.422935	23.7372	 67
DATA	1688149906	375864982	10384	0	""	2023-06-30	14:31:46	23914.621	426.13165	2076.9368	39.1299	55.001	27.9718	46.9061	0.00389579	12.1545	54.5005	-35.25	0.422935	23.738	109
DATA	1688149907	375864982	10388	0	""	2023-06-30	14:31:47	23916.705	426.60336	2076.9001	39.1287	55.001	27.9731	46.9065	0.00390688	12.1554	54.5005	59.5	0.422935	23.7376	 59
DATA	1688149908	375487089	10392	0	""	2023-06-30	14:31:48	23916.098	427.37906	2076.8274	39.1295	55.001	27.9726	46.9065	0.00389568	12.1551	54.5005	43.25	0.422935	23.7376	127
DATA	1688149909	375487089	10396	0	""	2023-06-30	14:31:49	23922.713	427.22119	2076.9912	39.1291	55.001	27.9714	46.9063	0.00390691	12.1547	54.5005	-91.75	0.422935	23.7372	148
DATA	1688149910	375487089	10400	0	""	2023-06-30	14:31:50	23921.168	426.39368	2076.8521	39.1299	55.001	27.9694	46.9063	0.00390601	12.1545	54.5005	-88.75	0.422935	23.7372	139
DATA	1688149911	375487089	10404	0	""	2023-06-30	14:31:51	23919.227	427.72363	2077.0896	39.1291	55.001	27.9685	46.9063	0.00390218	12.1546	54.5005	93.75	0.422935	23.7376	101
DATA	1688149912	375487089	10408	0	""	2023-06-30	14:31:52	23920.572	426.90231	2076.6179	39.1307	55.001	27.9669	46.9063	0.00390703	12.1548	54.5005	154.5	0.422935	23.7376	 86
DATA	1688149913	375487089	10412	0	""	2023-06-30	14:31:53	23920.695	426.34326	2076.7629	39.1299	55.0018	27.9698	46.9063	0.00391109	12.1556	54.5007	27	0.422935	23.738	218
DATA	1688149914	375487089	10416	0	""	2023-06-30	14:31:54	23919.699	426.87485	2077.011	39.1287	55.0018	27.9685	46.9063	0.00392765	12.1558	54.5007	-109	0.422935	23.7403	 67
DATA	1688149915	375487089	10420	0	""	2023-06-30	14:31:55	23917.932	426.20374	2076.8899	39.1287	55.0018	27.9652	46.9065	0.00391283	12.1553	54.5011	-80.5	0.422935	23.7419	151
DATA	1688149916	375118970	10424	0	""	2023-06-30	14:31:56	23918.904	426.65616	2076.8049	39.1287	55.0018	27.964	46.9063	0.00393723	12.1549	54.5011	5.25	0.422935	23.7403	 42
DATA	1688149917	375118970	10428	0	""	2023-06-30	14:31:57	23918.123	425.98276	2076.7024	39.1287	55.0018	27.9624	46.9063	0.00394289	12.1551	54.5013	174.25	0.422935	23.7396	207
DATA	1688149918	375118970	10432	0	""	2023-06-30	14:31:58	23915.697	426.29568	2076.9753	39.1295	55.0018	27.9665	46.9063	0.00392276	12.1547	54.5011	212.5	0.422935	23.7411	159
DATA	1688149919	375118970	10436	0	""	2023-06-30	14:31:59	23916.438	425.6561	2076.7817	39.1299	55.0014	27.9669	46.9063	0.0039062	12.1548	54.5009	-56	0.422935	23.7407	217
DATA	1688149920	375118970	10440	0	""	2023-06-30	14:32:00	23916.895	426.48834	2076.9546	39.1303	55.001	27.9661	46.9063	0.00390144	12.1553	54.5007	11.25	0.422935	23.7396	 72
DATA	1688149921	375118970	10444	0	""	2023-06-30	14:32:01	23918.221	426.28735	2076.614	39.1307	55.001	27.9648	46.9063	0.0039096	12.1551	54.5007	-36.5	0.422935	23.7392	219
DATA	1688149922	375118970	10448	0	""	2023-06-30	14:32:02	23917.604	425.10568	2076.7227	39.1307	55.001	27.9632	46.9063	0.00390689	12.1548	54.5005	120.5	0.422935	23.738	 21
DATA	1688149923	374747991	10452	0	""	2023-06-30	14:32:03	23917.096	426.41785	2076.9387	39.1291	55.001	27.9665	46.9063	0.00391636	12.1556	54.5005	31.5	0.422935	23.7376	 54
DATA	1688149924	374747991	10456	0	""	2023-06-30	14:32:04	23918.586	425.83508	2076.7703	39.1303	55.001	27.9661	46.9065	0.00391725	12.1551	54.5005	47.25	0.422935	23.7372	 92
DATA	1688149925	374747991	10460	0	""	2023-06-30	14:32:05	23919.957	426.96518	2076.8799	39.1299	55.001	27.9661	46.9065	0.00392579	12.1553	54.5005	-96.75	0.422935	23.7372	192
DATA	1688149926	374747991	10464	0	""	2023-06-30	14:32:06	23922.414	426.49023	2076.5146	39.1295	55.001	27.9624	46.9063	0.00391481	12.1551	54.5005	-78.25	0.422935	23.7368	134
DATA	1688149927	374747991	10468	0	""	2023-06-30	14:32:07	23925.52	426.40231	2076.4829	39.1303	55.001	27.9603	46.9063	0.00392879	12.1548	54.5005	26.5	0.422935	23.7372	246
DATA	1688149928	374747991	10472	0	""	2023-06-30	14:32:08	23925.111	425.31598	2076.9062	39.1303	55.001	27.9615	46.9063	0.00391514	12.155	54.5005	-34	0.422935	23.7372	174
DATA	1688149929	374747991	10476	0	""	2023-06-30	14:32:09	23926.074	427.74884	2076.8462	39.1324	55.001	27.9624	46.9063	0.00389079	12.155	54.5005	-13.75	0.422935	23.7376	114
DATA	1688149930	374747991	10480	0	""	2023-06-30	14:32:10	23929.67	426.40598	2076.7747	39.1307	55.001	27.9624	46.9063	0.00390785	12.1557	54.5005	67	0.422935	23.7376	167
DATA	1688149931	374382019	10484	0	""	2023-06-30	14:32:11	23932.312	427.10251	2076.9822	39.1303	55.001	27.9636	46.9061	0.0038991	12.155	54.5005	22.5	0.422935	23.74	 48
DATA	1688149932	374382019	10488	0	""	2023-06-30	14:32:12	23933.104	428.40726	2076.7605	39.1295	55.001	27.9632	46.9063	0.00393855	12.155	54.5005	-65.5	0.422935	23.7396	 27
DATA	1688149933	374382019	10492	0	""	2023-06-30	14:32:13	23932.004	428.151	2076.8752	39.1291	55.001	27.9591	46.9061	0.00393984	12.1549	54.5007	-26.5	0.422935	23.7396	230
DATA	1688149934	374382019	10496	0	""	2023-06-30	14:32:14	23932.428	427.63834	2076.7124	39.1307	55.001	27.9578	46.9063	0.0039241	12.1556	54.5009	-34.25	0.422935	23.7396	 83
DATA	1688149935	374382019	10500	0	""	2023-06-30	14:32:15	23932.914	427.07162	2076.8601	39.1312	55.001	27.9566	46.9063	0.00391122	12.1554	54.5005	64.75	0.422935	23.7392	 57
DATA	1688149936	374382019	10504	0	""	2023-06-30	14:32:16	23933.957	427.32632	2077.0413	39.132	55.001	27.9599	46.9063	0.00390118	12.1553	54.5013	22	0.422935	23.7396	124
DATA	1688149937	374382019	10508	0	""	2023-06-30	14:32:17	23932.203	427.42596	2076.854	39.1328	55.001	27.9599	46.9063	0.00390395	12.155	54.5009	-32	0.422935	23.74	 36
DATA	1688149938	374017000	10512	0	""	2023-06-30	14:32:18	23936.74	428.31213	2076.9309	39.1307	55.001	27.9611	46.9063	0.00390631	12.1552	54.5011	21.75	0.422935	23.7396	252
DATA	1688149939	374017000	10516	0	""	2023-06-30	14:32:19	23937.723	428.39233	2076.8713	39.1316	55.001	27.9607	46.9063	0.00390852	12.1552	54.5005	9.5	0.422935	23.7376	230
DATA	1688149940	374017000	10520	0	""	2023-06-30	14:32:20	23937.262	427.91763	2076.6523	39.1303	55.001	27.9591	46.9065	0.00392074	12.1548	54.5007	-56	0.422935	23.7376	210
DATA	1688149941	374017000	10524	0	""	2023-06-30	14:32:21	23935.676	427.80225	2076.667	39.1307	55.001	27.9595	46.9063	0.00390799	12.155	54.5005	150.5	0.422935	23.7376	227
DATA	1688149942	374017000	10528	0	""	2023-06-30	14:32:22	23934.041	428.13403	2076.6094	39.1316	55.001	27.962	46.9063	0.00390345	12.1552	54.5005	68	0.422935	23.7372	 96
DATA	1688149943	374017000	10532	0	""	2023-06-30	14:32:23	23933.223	427.2001	2076.8557	39.1328	55.001	27.9603	46.9063	0.00389376	12.1548	54.5005	-56.75	0.422935	23.7368	 57
DATA	1688149944	374017000	10536	0	""	2023-06-30	14:32:24	23929.744	426.8775	2076.8171	39.132	55.001	27.9603	46.9063	0.00390631	12.1553	54.5005	-44.5	0.422935	23.7372	210
DATA	1688149945	374017000	10540	0	""	2023-06-30	14:32:25	23931.33	427.44156	2076.5732	39.1299	55.001	27.9587	46.9063	0.00393773	12.1549	54.5005	-163.5	0.422935	23.7372	 68
DATA	1688149946	373637914	10544	0	""	2023-06-30	14:32:26	23932.73	426.99615	2076.9714	39.1303	55.001	27.957	46.9063	0.003941	12.1547	54.5005	39.5	0.422935	23.7376	 99
DATA	1688149947	373637914	10548	0	""	2023-06-30	14:32:27	23931.996	427.59366	2076.6978	39.1312	55.001	27.9558	46.9063	0.00391645	12.155	54.5005	44.25	0.422935	23.7376	 72
DATA	1688149948	373637914	10552	0	""	2023-06-30	14:32:28	23930.646	427.70587	2076.7732	39.1316	55.001	27.9554	46.9063	0.00389558	12.1548	54.5005	13	0.422935	23.7396	217
DATA	1688149949	373637914	10556	0	""	2023-06-30	14:32:29	23935.141	426.96637	2076.7866	39.1332	55.001	27.957	46.9059	0.00389565	12.1548	54.5005	142.25	0.422935	23.7392	120
DATA	1688149950	373637914	10560	0	""	2023-06-30	14:32:30	23935.219	426.62881	2076.979	39.132	55.001	27.9587	46.9063	0.00389	12.1549	54.5005	-41.75	0.422935	23.7396	150
DATA	1688149951	373637914	10564	0	""	2023-06-30	14:32:31	23933.326	427.16541	2076.8911	39.1307	55.001	27.955	46.9063	0.00391807	12.1546	54.5005	-147.5	0.422935	23.7396	 76
DATA	1688149952	373637914	10568	0	""	2023-06-30	14:32:32	23933.828	426.42062	2076.5815	39.1307	55.001	27.9541	46.9063	0.00391773	12.1548	54.5005	36.5	0.422935	23.7392	 37
DATA	1688149953	373260021	10572	0	""	2023-06-30	14:32:33	23934.857	427.61502	2076.887	39.1316	55.001	27.955	46.9063	0.00391975	12.1546	54.5005	-84.5	0.422935	23.7392	233
DATA	1688149954	373260021	10576	0	""	2023-06-30	14:32:34	23934.582	428.0799	2076.855	39.1332	55.001	27.9533	46.9063	0.0039072	12.1547	54.5007	-53.75	0.422935	23.7396	237
DATA	1688149955	373260021	10580	0	""	2023-06-30	14:32:35	23933.637	427.35394	2076.5703	39.1328	55.001	27.9533	46.9063	0.00389698	12.1549	54.5007	138.25	0.422935	23.7392	144
DATA	1688149956	373260021	10584	0	""	2023-06-30	14:32:36	23935.35	427.96295	2076.8831	39.1328	55.0012	27.9546	46.9061	0.00391572	12.1555	54.5009	-79	0.422935	23.7376	253
DATA	1688149957	373260021	10588	0	""	2023-06-30	14:32:37	23936.312	428.32364	2076.7366	39.132	55.0014	27.9525	46.9059	0.00391245	12.1549	54.5007	-32.25	0.422935	23.7372	122
DATA	1688149958	373260021	10592	0	""	2023-06-30	14:32:38	23936.869	427.47122	2076.9392	39.1316	55.0016	27.9529	46.9059	0.0039233	12.1553	54.5007	-55.75	0.422935	23.7372	146
DATA	1688149959	373260021	10596	0	""	2023-06-30	14:32:39	23938.164	427.48096	2076.7893	39.1316	55.0018	27.9513	46.9061	0.00392694	12.1548	54.5013	54	0.422935	23.7372	  7
DATA	1688149960	373260021	10600	0	""	2023-06-30	14:32:40	23940.283	427.14023	2076.9111	39.132	55.0018	27.9504	46.9063	0.00390489	12.1548	54.5011	-50.25	0.422935	23.7372	 77
DATA	1688149961	372893095	10604	0	""	2023-06-30	14:32:41	23940.906	427.1828	2076.7996	39.1324	55.0018	27.9496	46.9063	0.00392996	12.1552	54.5013	-89.25	0.422935	23.7376	167
DATA	1688149962	372893095	10608	0	""	2023-06-30	14:32:42	23941.066	427.53354	2076.8965	39.132	55.0018	27.9496	46.9063	0.00392592	12.155	54.5013	19.5	0.422935	23.7384	  4
DATA	1688149963	372893095	10612	0	""	2023-06-30	14:32:43	23939.844	428.07742	2076.8518	39.1324	55.0018	27.948	46.9063	0.0039252	12.155	54.5013	-38.5	0.422935	23.738	197
DATA	1688149964	372893095	10616	0	""	2023-06-30	14:32:44	23938.941	427.22552	2076.8701	39.1324	55.0018	27.948	46.9063	0.00391566	12.1556	54.5011	20	0.422935	23.7392	196
DATA	1688149965	372893095	10620	0	""	2023-06-30	14:32:45	23940.287	427.5899	2076.9109	39.1332	55.0014	27.9484	46.9063	0.00389983	12.1543	54.5007	116.75	0.422935	23.7396	173
DATA	1688149966	372893095	10624	0	""	2023-06-30	14:32:46	23939.121	428.18082	2076.7634	39.1336	55.001	27.9509	46.9059	0.00391003	12.1544	54.5005	98.75	0.422935	23.7392	 99
DATA	1688149967	372893095	10628	0	""	2023-06-30	14:32:47	23940.006	427.74576	2076.8147	39.1324	55.001	27.9533	46.9063	0.00392226	12.1548	54.5005	-6.25	0.422935	23.7396	 94
DATA	1688149968	372524976	10632	0	""	2023-06-30	14:32:48	23943.184	426.2561	2076.5942	39.1324	55.001	27.9492	46.9063	0.00393316	12.155	54.5005	-68	0.422935	23.7396	149
DATA	1688149969	372524976	10636	0	""	2023-06-30	14:32:49	23940.014	427.55896	2076.8474	39.132	55.001	27.9484	46.9063	0.00394058	12.1547	54.5005	-22.25	0.422935	23.7392	101
DATA	1688149970	372524976	10640	0	""	2023-06-30	14:32:50	23940.779	427.2298	2076.5757	39.1324	55.001	27.948	46.9063	0.0039263	12.1553	54.5005	11.5	0.422935	23.7396	145
DATA	1688149971	372524976	10644	0	""	2023-06-30	14:32:51	23939.85	426.98309	2076.741	39.1332	55.001	27.9476	46.9063	0.00389625	12.1545	54.5005	-21.75	0.422935	23.7396	 52
DATA	1688149972	372524976	10648	0	""	2023-06-30	14:32:52	23942.814	426.04568	2076.6858	39.1336	55.001	27.948	46.9063	0.00390712	12.1549	54.5005	77.5	0.422935	23.7392	  8
DATA	1688149973	372524976	10652	0	""	2023-06-30	14:32:53	23941.029	426.21494	2076.918	39.1324	55.001	27.9467	46.9063	0.00393615	12.1544	54.5005	92.5	0.422935	23.7376	247
DATA	1688149974	372524976	10656	0	""	2023-06-30	14:32:54	23939.092	427.32443	2076.8337	39.1332	55.001	27.9463	46.9061	0.00391207	12.1546	54.5005	8.25	0.422935	23.7376	 41
DATA	1688149975	372524976	10660	0	""	2023-06-30	14:32:55	23936.848	426.7662	2076.8086	39.1336	55.001	27.9467	46.9061	0.00389736	12.155	54.5005	30.75	0.422935	23.7372	 14
DATA	1688149976	372144937	10664	0	""	2023-06-30	14:32:56	23936.518	426.48831	2076.8823	39.1344	55.001	27.9488	46.9063	0.00389295	12.1551	54.5005	244.5	0.422935	23.7372	112
DATA	1688149977	372144937	10668	0	""	2023-06-30	14:32:57	23936.975	425.72842	2076.9153	39.1344	55.001	27.9509	46.9063	0.00388247	12.1552	54.5005	44.5	0.422935	23.7372	 61
DATA	1688149978	372144937	10672	0	""	2023-06-30	14:32:58	23939.047	426.95325	2076.833	39.134	55.001	27.9492	46.9063	0.003901	12.1551	54.5005	-127	0.422935	23.7372	 86
DATA	1688149979	372144937	10676	0	""	2023-06-30	14:32:59	23940.115	426.44315	2076.6418	39.134	55.001	27.9459	46.9063	0.00392212	12.1555	54.5005	-82.75	0.422935	23.7364	 86
DATA	1688149980	372144937	10680	0	""	2023-06-30	14:33:00	23938.877	425.83954	2076.4688	39.1353	55.001	27.9447	46.9063	0.00390102	12.155	54.5007	38	0.422935	23.7376	155
DATA	1688149981	372144937	10684	0	""	2023-06-30	14:33:01	23933.412	425.59232	2076.7202	39.1349	55.001	27.9463	46.9063	0.00388484	12.1557	54.5007	58.75	0.422935	23.7376	 96
DATA	1688149982	372144937	10688	0	""	2023-06-30	14:33:02	23929.359	425.4014	2076.4858	39.1344	55.001	27.9459	46.9059	0.00390734	12.1554	54.5009	72.5	0.422935	23.7396	  9
DATA	1688149983	371786117	10692	0	""	2023-06-30	14:33:03	23928.711	426.37741	2076.5654	39.1332	55.001	27.9455	46.9059	0.00394059	12.1548	54.5013	89.75	0.422935	23.74	  3
DATA	1688149984	371786117	10696	0	""	2023-06-30	14:33:04	23930.135	426.31799	2076.7395	39.1328	55.001	27.9447	46.9059	0.00393731	12.1553	54.5009	-126	0.422935	23.7403	 46
DATA	1688149985	371786117	10700	0	""	2023-06-30	14:33:05	23931.441	425.58182	2076.7322	39.1332	55.001	27.943	46.9061	0.00392001	12.1551	54.5009	198.75	0.422935	23.7403	 56
DATA	1688149986	371786117	10704	0	""	2023-06-30	14:33:06	23928.006	425.573	2076.6511	39.1336	55.001	27.943	46.9063	0.00391514	12.1543	54.5007	69.25	0.422935	23.7407	176
DATA	1688149987	371786117	10708	0	""	2023-06-30	14:33:07	23927.311	425.8717	2076.5967	39.1344	55.001	27.9443	46.9063	0.00392641	12.1551	54.5005	-50.25	0.422935	23.7392	 82
DATA	1688149988	371786117	10712	0	""	2023-06-30	14:33:08	23925.932	425.14999	2076.4917	39.134	55.001	27.9443	46.9063	0.00391334	12.1557	54.5005	-30	0.422935	23.7396	198
DATA	1688149989	371786117	10716	0	""	2023-06-30	14:33:09	23925.961	425.21811	2076.3335	39.1332	55.001	27.9426	46.9063	0.00392096	12.1547	54.5005	53.75	0.422935	23.7392	 89
DATA	1688149990	371786117	10720	0	""	2023-06-30	14:33:10	23927.494	426.30771	2076.9199	39.1336	55.001	27.9435	46.9059	0.00390969	12.1558	54.5005	24	0.422935	23.7376	211
DATA	1688149991	371412992	10724	0	""	2023-06-30	14:33:11	23926.395	425.75131	2076.7703	39.134	55.001	27.9414	46.9059	0.00391821	12.1557	54.5005	-75.25	0.422935	23.7376	 75
DATA	1688149992	371412992	10728	0	""	2023-06-30	14:33:12	23927.42	425.56207	2076.6721	39.134	55.001	27.9398	46.9059	0.00391814	12.1549	54.5005	41.75	0.422935	23.7372	244
DATA	1688149993	371412992	10732	0	""	2023-06-30	14:33:13	23924.373	424.84088	2076.5942	39.1344	55.001	27.9422	46.9061	0.00389816	12.1552	54.5005	226.75	0.422935	23.7368	142
DATA	1688149994	371412992	10736	0	""	2023-06-30	14:33:14	23923.131	424.84998	2076.5544	39.134	55.001	27.9447	46.9063	0.00389972	12.1548	54.5005	-117.25	0.422935	23.7368	151
DATA	1688149995	371412992	10740	0	""	2023-06-30	14:33:15	23924.23	425.28922	2076.5569	39.134	55.001	27.9426	46.9063	0.00390232	12.1552	54.5005	19.75	0.422935	23.7368	236
DATA	1688149996	371412992	10744	0	""	2023-06-30	14:33:16	23923.209	425.09158	2076.8535	39.1344	55.001	27.9426	46.9063	0.00389722	12.1552	54.5005	27.25	0.422935	23.7356	 90
DATA	1688149997	371412992	10748	0	""	2023-06-30	14:33:17	23920.047	424.61966	2076.5022	39.134	55.001	27.9402	46.9063	0.00391267	12.155	54.5005	-38.25	0.422935	23.7372	 19
DATA	1688149998	371031045	10752	0	""	2023-06-30	14:33:18	23915.707	424.82675	2076.4888	39.1361	55.001	27.9398	46.9063	0.00387485	12.1551	54.5005	25.25	0.422935	23.7396	106
DATA	1688149999	371031045	10756	0	""	2023-06-30	14:33:19	23908.768	424.35245	2076.4492	39.1353	55.001	27.9414	46.9063	0.00387566	12.1553	54.5005	-18	0.422935	23.7396	249
DATA	1688150000	371031045	10760	0	""	2023-06-30	14:33:20	23903.424	423.88101	2076.5698	39.134	55.001	27.9402	46.9061	0.00390757	12.1554	54.5005	-64.5	0.422935	23.7396	232
DATA	1688150001	371031045	10764	0	""	2023-06-30	14:33:21	23898.857	424.03809	2076.5422	39.134	55.001	27.9377	46.9063	0.0039165	12.155	54.5005	-67.5	0.422935	23.7396	158
DATA	1688150002	371031045	10768	0	""	2023-06-30	14:33:22	23899.418	423.50778	2076.5266	39.1336	55.001	27.9381	46.9063	0.00391588	12.1554	54.5005	39.75	0.422935	23.7388	 82
DATA	1688150003	371031045	10772	0	""	2023-06-30	14:33:23	23904.055	424.81012	2076.5669	39.1361	55.001	27.9373	46.9063	0.00390057	12.1546	54.5005	161.75	0.422935	23.7392	 85
DATA	1688150004	371031045	10776	0	""	2023-06-30	14:33:24	23905.465	423.74234	2076.5608	39.1349	55.001	27.9393	46.9063	0.00389221	12.1552	54.5005	-46.5	0.422935	23.7388	 52
DATA	1688150005	371031045	10780	0	""	2023-06-30	14:33:25	23900.234	424.50604	2076.509	39.1349	55.001	27.9373	46.9063	0.00390628	12.1555	54.5005	-0.5	0.422935	23.7384	179
DATA	1688150006	370662927	10784	0	""	2023-06-30	14:33:26	23897.109	423.24408	2076.3	39.1369	55.001	27.9402	46.9063	0.00388526	12.1547	54.5005	60	0.422935	23.7392	 23
DATA	1688150007	370662927	10788	0	""	2023-06-30	14:33:27	23897.365	424.11572	2076.603	39.1377	55.001	27.9402	46.9065	0.00386444	12.1551	54.5005	68	0.422935	23.7376	137
DATA	1688150008	370662927	10792	0	""	2023-06-30	14:33:28	23896.961	423.16016	2076.405	39.1353	55.001	27.9398	46.9061	0.00388143	12.155	54.5005	-69.25	0.422935	23.7372	 20
DATA	1688150009	370662927	10796	0	""	2023-06-30	14:33:29	23897.227	423.02905	2076.5688	39.1357	55.001	27.9373	46.9063	0.00390185	12.1554	54.5005	-21	0.422935	23.7368	240
DATA	1688150010	370662927	10800	0	""	2023-06-30	14:33:30	23897.291	423.76227	2076.3999	39.1344	55.001	27.9356	46.9063	0.00390245	12.1552	54.5005	1.5	0.422935	23.7364	214
DATA	1688150011	370662927	10804	0	""	2023-06-30	14:33:31	23901.396	423.01727	2076.6548	39.1336	55.001	27.9365	46.9063	0.00392151	12.155	54.5005	134.75	0.422935	23.7364	 49
DATA	1688150012	370662927	10808	0	""	2023-06-30	14:33:32	23902.281	424.35492	2076.4009	39.1353	55.001	27.9352	46.9063	0.00392264	12.1555	54.5005	-31.5	0.422935	23.7372	 36
DATA	1688150013	370290994	10812	0	""	2023-06-30	14:33:33	23907.52	424.93271	2076.4507	39.1353	55.001	27.9373	46.9063	0.00391112	12.1554	54.5005	108.75	0.422935	23.7368	 50
DATA	1688150014	370290994	10816	0	""	2023-06-30	14:33:34	23910.354	424.48975	2076.6619	39.1344	55.001	27.9373	46.9063	0.00390924	12.1553	54.5005	-167	0.422935	23.7368	 25
DATA	1688150015	370290994	10820	0	""	2023-06-30	14:33:35	23912.016	425.83347	2076.5054	39.1349	55.001	27.9332	46.9063	0.00391504	12.1557	54.5005	-6.5	0.422935	23.7392	251
DATA	1688150016	370290994	10824	0	""	2023-06-30	14:33:36	23912.33	424.56161	2076.4482	39.1349	55.001	27.9336	46.9066	0.00390004	12.1553	54.5005	137.25	0.422935	23.7388	 57
DATA	1688150017	370290994	10828	0	""	2023-06-30	14:33:37	23910.174	424.09949	2076.4092	39.1361	55.001	27.9352	46.9061	0.00389942	12.1551	54.5005	34.25	0.422935	23.7396	 75
DATA	1688150018	370290994	10832	0	""	2023-06-30	14:33:38	23912.914	424.71243	2076.387	39.1344	55.001	27.9369	46.9063	0.00392117	12.155	54.5005	-130.5	0.422935	23.7388	  8
DATA	1688150019	370290994	10836	0	""	2023-06-30	14:33:39	23912.406	424.19681	2076.553	39.1353	55.001	27.9311	46.9063	0.00391156	12.155	54.5005	-72.75	0.422935	23.7396	 13
DATA	1688150020	370290994	10840	0	""	2023-06-30	14:33:40	23912.146	423.44012	2076.3472	39.1353	55.001	27.9303	46.9063	0.00389612	12.1553	54.5005	74	0.422935	23.7388	145
DATA	1688150021	369916915	10844	0	""	2023-06-30	14:33:41	23911.652	425.04031	2076.5515	39.1353	55.0012	27.9324	46.9063	0.00391137	12.1549	54.5005	-48.75	0.422935	23.7384	150
DATA	1688150022	369916915	10848	0	""	2023-06-30	14:33:42	23911.25	423.43829	2076.3999	39.1361	55.0014	27.9319	46.9063	0.00390138	12.1549	54.5005	36.25	0.422935	23.7392	 83
DATA	1688150023	369916915	10852	0	""	2023-06-30	14:33:43	23910.939	424.00775	2076.5605	39.1365	55.0012	27.9311	46.9063	0.00388471	12.1549	54.5005	27.5	0.422935	23.7396	 76
DATA	1688150024	369916915	10856	0	""	2023-06-30	14:33:44	23910.023	425.19131	2076.4949	39.1369	55.001	27.9307	46.9063	0.00388106	12.1552	54.5005	27.75	0.422935	23.7376	 74
DATA	1688150025	369916915	10860	0	""	2023-06-30	14:33:45	23910.311	424.74734	2076.5342	39.1361	55.0012	27.9328	46.9063	0.00391055	12.1551	54.5005	123.25	0.422935	23.7372	145
DATA	1688150026	369916915	10864	0	""	2023-06-30	14:33:46	23911.617	424.53412	2076.5508	39.1349	55.001	27.9348	46.9063	0.00391726	12.1556	54.5005	-79.5	0.422935	23.7372	 80
DATA	1688150027	369916915	10868	0	""	2023-06-30	14:33:47	23911.398	425.07941	2076.5803	39.1353	55.001	27.9315	46.9063	0.00392046	12.1553	54.5005	-57.25	0.422935	23.736	 74
DATA	1688150028	369549036	10872	0	""	2023-06-30	14:33:48	23911.846	424.40948	2076.5061	39.1361	55.001	27.9282	46.9063	0.00390508	12.155	54.5005	40	0.422935	23.7372	121
DATA	1688150029	369549036	10876	0	""	2023-06-30	14:33:49	23912.004	424.53986	2076.4307	39.1365	55.001	27.9295	46.9063	0.00390274	12.1559	54.5005	-3.5	0.422935	23.7372	 26
DATA	1688150030	369549036	10880	0	""	2023-06-30	14:33:50	23912.193	425.51437	2076.2883	39.1357	55.001	27.9274	46.9063	0.00392084	12.1559	54.5005	0.5	0.422935	23.7368	223
DATA	1688150031	369549036	10884	0	""	2023-06-30	14:33:51	23910.629	424.07385	2076.438	39.1365	55.001	27.9282	46.9063	0.00389196	12.1552	54.5005	85	0.422935	23.7364	138
DATA	1688150032	369549036	10888	0	""	2023-06-30	14:33:52	23908.85	423.2157	2076.1775	39.1361	55.001	27.9307	46.9063	0.00391279	12.1555	54.5005	-30	0.422935	23.7392	123
DATA	1688150033	369549036	10892	0	""	2023-06-30	14:33:53	23909.107	424.50299	2076.5215	39.1357	55.001	27.9287	46.9065	0.00393599	12.1555	54.5005	-74.25	0.422935	23.7396	142
DATA	1688150034	369549036	10896	0	""	2023-06-30	14:33:54	23908.059	423.99716	2076.3059	39.1365	55.001	27.9266	46.9063	0.00391844	12.1553	54.5005	-22.25	0.422935	23.7407	132
DATA	1688150035	369549036	10900	0	""	2023-06-30	14:33:55	23906.16	423.51657	2076.4446	39.1357	55.001	27.9245	46.9063	0.00390622	12.155	54.5005	70.25	0.422935	23.74	107
DATA	1688150036	369180917	10904	0	""	2023-06-30	14:33:56	23906.664	424.33948	2076.4705	39.1369	55.001	27.9254	46.9063	0.00390863	12.1553	54.5005	10	0.422935	23.7388	188
DATA	1688150037	369180917	10908	0	""	2023-06-30	14:33:57	23907.992	423.80942	2076.4038	39.1361	55.001	27.9274	46.9063	0.00389085	12.1555	54.5005	81.25	0.422935	23.7388	 94
DATA	1688150038	369180917	10912	0	""	2023-06-30	14:33:58	23909.721	424.25754	2076.3411	39.1373	55.001	27.9307	46.9063	0.00388524	12.1555	54.5005	367.75	0.422935	23.7392	130
DATA	1688150039	369180917	10916	0	""	2023-06-30	14:33:59	23908.799	424.1922	2076.5762	39.1381	55.001	27.9332	46.9063	0.0038694	12.1543	54.5005	-64	0.422935	23.7384	144
DATA	1688150040	369180917	10920	0	""	2023-06-30	14:34:00	23908.715	423.89459	2076.1814	39.1357	55.001	27.9324	46.9063	0.00390519	12.1556	54.5005	-80.25	0.422935	23.7368	114
DATA	1688150041	369180917	10924	0	""	2023-06-30	14:34:01	23909.938	423.24402	2076.3264	39.1344	55.001	27.9266	46.9063	0.00393093	12.1548	54.5005	-102.25	0.422935	23.7372	146
DATA	1688150042	369180917	10928	0	""	2023-06-30	14:34:02	23910.721	423.73798	2076.3496	39.1365	55.001	27.9266	46.9059	0.00391921	12.1557	54.5005	17.5	0.422935	23.7364	 32
DATA	1688150043	368804931	10932	0	""	2023-06-30	14:34:03	23909.979	424.85703	2076.6523	39.1381	55.001	27.9258	46.9061	0.00389007	12.155	54.5005	2.25	0.422935	23.7368	229
DATA	1688150044	368804931	10936	0	""	2023-06-30	14:34:04	23909.883	423.77292	2076.2617	39.1369	55.001	27.9254	46.9063	0.0038975	12.1553	54.5005	-15	0.422935	23.7364	188
DATA	1688150045	368804931	10940	0	""	2023-06-30	14:34:05	23907.512	424.58441	2076.2747	39.1361	55.001	27.9233	46.9063	0.0039039	12.1553	54.5005	43.75	0.422935	23.7364	  7
DATA	1688150046	368804931	10944	0	""	2023-06-30	14:34:06	23909.549	424.6955	2076.4424	39.1369	55.001	27.9254	46.9063	0.00390454	12.1542	54.5005	133.5	0.422935	23.7364	 25
DATA	1688150047	368804931	10948	0	""	2023-06-30	14:34:07	23909.686	423.76416	2076.405	39.1349	55.001	27.9258	46.9063	0.0039211	12.1544	54.5005	-35.25	0.422935	23.7364	 21
DATA	1688150048	368804931	10952	0	""	2023-06-30	14:34:08	23907.764	423.77805	2076.4751	39.1373	55.001	27.9245	46.9063	0.00390595	12.1549	54.5005	59.5	0.422935	23.7376	 47
DATA	1688150049	368804931	10956	0	""	2023-06-30	14:34:09	23906.391	424.34146	2076.1582	39.1357	55.001	27.9282	46.9063	0.00390783	12.155	54.5005	-6	0.422935	23.7388	134
DATA	1688150050	368804931	10960	0	""	2023-06-30	14:34:10	23908.488	424.39264	2076.313	39.1365	55.001	27.9266	46.9059	0.00391706	12.1553	54.5005	-8.75	0.422935	23.7392	 19
DATA	1688150051	368436098	10964	0	""	2023-06-30	14:34:11	23906.707	424.63144	2076.3347	39.1373	55.001	27.9266	46.9063	0.00389395	12.1555	54.5005	-6.75	0.422935	23.7396	 83
DATA	1688150052	368436098	10968	0	""	2023-06-30	14:34:12	23907.672	424.48938	2076.1812	39.139	55.001	27.9282	46.9063	0.00386387	12.1553	54.5005	16.25	0.422935	23.7388	 45
DATA	1688150053	368436098	10972	0	""	2023-06-30	14:34:13	23904.732	423.20944	2076.498	39.1377	55.001	27.9291	46.9063	0.00387942	12.1554	54.5007	23.75	0.422935	23.7388	 40
DATA	1688150054	368436098	10976	0	""	2023-06-30	14:34:14	23904.352	424.52646	2076.3828	39.1373	55.001	27.925	46.9063	0.00390906	12.1548	54.5011	3.75	0.422935	23.7384	234
DATA	1688150055	368436098	10980	0	""	2023-06-30	14:34:15	23900.836	423.99567	2076.4517	39.1361	55.001	27.9241	46.9063	0.00392277	12.1556	54.5007	-104	0.422935	23.7392	 26
DATA	1688150056	368436098	10984	0	""	2023-06-30	14:34:16	23897.555	423.43533	2076.5266	39.1349	55.001	27.9188	46.9063	0.00393333	12.1552	54.5009	-59.75	0.422935	23.7392	152
DATA	1688150057	368436098	10988	0	""	2023-06-30	14:34:17	23887.963	422.50052	2076.3003	39.1369	55.0012	27.9208	46.9063	0.00390714	12.1552	54.5009	317.75	0.422935	23.7368	188
DATA	1688150058	368057966	10992	0	""	2023-06-30	14:34:18	23880.797	423.07581	2076.4495	39.1373	55.0014	27.9245	46.9063	0.00388654	12.155	54.5009	-57.5	0.422935	23.7368	113
DATA	1688150059	368057966	10996	0	""	2023-06-30	14:34:19	23879.557	422.80737	2076.1074	39.1386	55.0014	27.9237	46.9063	0.00388093	12.1554	54.5009	-3	0.422935	23.7368	 12
DATA	1688150060	368057966	11000	0	""	2023-06-30	14:34:20	23878.783	422.73404	2076.7407	39.1373	55.0014	27.9225	46.9061	0.00389331	12.1553	54.5009	-36.25	0.422935	23.7368	161
DATA	1688150061	368057966	11004	0	""	2023-06-30	14:34:21	23877.27	422.54749	2076.4875	39.1373	55.0014	27.9204	46.9061	0.00390394	12.1554	54.5009	-101.75	0.422935	23.7364	167
DATA	1688150062	368057966	11008	0	""	2023-06-30	14:34:22	23872.992	422.05994	2076.3025	39.1373	55.0014	27.9217	46.9063	0.00390948	12.1554	54.5009	68.25	0.422935	23.7368	140
DATA	1688150063	368057966	11012	0	""	2023-06-30	14:34:23	23871.715	423.23764	2076.3013	39.1373	55.0014	27.9225	46.9063	0.00390597	12.1552	54.5009	-24.25	0.422935	23.7364	152
DATA	1688150064	368057966	11016	0	""	2023-06-30	14:34:24	23875.283	423.2171	2076.3098	39.1386	55.0014	27.9225	46.9063	0.00389777	12.1548	54.5009	100	0.422935	23.7376	241
DATA	1688150065	368057966	11020	0	""	2023-06-30	14:34:25	23877.828	422.30841	2076.1604	39.1373	55.0014	27.9229	46.9063	0.00388652	12.1556	54.5009	-68.75	0.422935	23.7368	187
DATA	1688150066	367692947	11024	0	""	2023-06-30	14:34:26	23881.758	423.36441	2076.5369	39.1369	55.0012	27.9213	46.9063	0.00390877	12.1554	54.5011	-65.75	0.422935	23.7392	191
DATA	1688150067	367692947	11028	0	""	2023-06-30	14:34:27	23886.283	424.02335	2076.407	39.1365	55.0014	27.9196	46.9063	0.00391774	12.1555	54.5009	-13.5	0.422935	23.7392	 82
DATA	1688150068	367692947	11032	0	""	2023-06-30	14:34:28	23891.332	423.836	2076.4377	39.139	55.0014	27.918	46.9063	0.00390571	12.1547	54.5009	39.5	0.422935	23.7384	145
DATA	1688150069	367692947	11036	0	""	2023-06-30	14:34:29	23893.645	424.16406	2076.5325	39.1373	55.0014	27.9196	46.9061	0.00391208	12.1551	54.5009	106	0.422935	23.7388	 38
DATA	1688150070	367692947	11040	0	""	2023-06-30	14:34:30	23894.354	424.22433	2076.4583	39.1377	55.0014	27.9188	46.9065	0.00388909	12.1551	54.5009	44.25	0.422935	23.7384	138
DATA	1688150071	367692947	11044	0	""	2023-06-30	14:34:31	23895.215	424.7926	2076.3562	39.139	55.0016	27.92	46.9065	0.00388632	12.1552	54.5009	86.5	0.422935	23.7388	147
DATA	1688150072	367692947	11048	0	""	2023-06-30	14:34:32	23896.537	425.13403	2076.3054	39.1381	55.0018	27.92	46.9065	0.00389416	12.1548	54.5009	302.25	0.422935	23.7384	 78
DATA	1688150073	367312908	11052	0	""	2023-06-30	14:34:33	23895.748	424.69135	2076.3806	39.1386	55.0018	27.9225	46.9065	0.00391662	12.1555	54.5009	-86.25	0.422935	23.7384	189
DATA	1688150074	367312908	11056	0	""	2023-06-30	14:34:34	23892.439	424.85693	2076.4958	39.1381	55.0018	27.9192	46.9063	0.00391346	12.1557	54.5011	-28.75	0.422935	23.738	144
DATA	1688150075	367312908	11060	0	""	2023-06-30	14:34:35	23889.324	423.23117	2076.3025	39.1381	55.0018	27.9204	46.9063	0.00388841	12.1558	54.5013	11	0.422935	23.738	158
DATA	1688150076	367312908	11064	0	""	2023-06-30	14:34:36	23889.889	423.55295	2076.3025	39.1386	55.0018	27.9188	46.9061	0.00389743	12.1551	54.5011	35.5	0.422935	23.738	 48
DATA	1688150077	367312908	11068	0	""	2023-06-30	14:34:37	23885.797	423.32932	2076.1401	39.1377	55.0018	27.9163	46.9061	0.00390612	12.155	54.5011	-56.5	0.422935	23.738	 16
DATA	1688150078	367312908	11072	0	""	2023-06-30	14:34:38	23883.113	423.44965	2075.9873	39.1369	55.0018	27.9176	46.9063	0.00391576	12.1554	54.5005	-88	0.422935	23.738	  0
DATA	1688150079	367312908	11076	0	""	2023-06-30	14:34:39	23883.527	422.66986	2076.3152	39.139	55.0014	27.9147	46.9063	0.00391663	12.1557	54.5005	10.25	0.422935	23.7368	 89
DATA	1688150080	367312908	11080	0	""	2023-06-30	14:34:40	23880.02	422.33591	2076.3206	39.139	55.001	27.9176	46.9063	0.00389778	12.155	54.5005	46.25	0.422935	23.7368	165
DATA	1688150081	366950988	11084	0	""	2023-06-30	14:34:41	23881	423.32443	2076.1799	39.1386	55.001	27.9171	46.9063	0.00390062	12.155	54.5005	-124.75	0.422935	23.7364	171
DATA	1688150082	366950988	11088	0	""	2023-06-30	14:34:42	23877.422	422.98184	2076.4187	39.1377	55.001	27.9143	46.9063	0.0039149	12.155	54.5005	22	0.422935	23.7372	 93
DATA	1688150083	366950988	11092	0	""	2023-06-30	14:34:43	23877.545	423.29462	2076.231	39.1381	55.001	27.9159	46.9061	0.00391342	12.1543	54.5005	-15.25	0.422935	23.7396	 68
DATA	1688150084	366950988	11096	0	""	2023-06-30	14:34:44	23874.814	422.64658	2076.2324	39.1381	55.001	27.9155	46.9063	0.00390777	12.155	54.5005	-35	0.422935	23.7388	197
DATA	1688150085	366950988	11100	0	""	2023-06-30	14:34:45	23872.721	421.94464	2076.2087	39.1398	55.001	27.9151	46.9063	0.00390161	12.155	54.5005	24	0.422935	23.7388	127
DATA	1688150086	366950988	11104	0	""	2023-06-30	14:34:46	23870.197	421.41849	2076.2881	39.1402	55.001	27.9159	46.9063	0.00388617	12.1557	54.5005	30.75	0.422935	23.738	 40
DATA	1688150087	366950988	11108	0	""	2023-06-30	14:34:47	23862.414	420.22778	2076.4353	39.1402	55.001	27.9155	46.9063	0.00387014	12.1555	54.5005	167	0.422935	23.738	179
DATA	1688150088	366581916	11112	0	""	2023-06-30	14:34:48	23853.611	419.25323	2076.1819	39.1398	55.001	27.9176	46.9063	0.00386362	12.1558	54.5005	-5.75	0.422935	23.7384	 82
DATA	1688150089	366581916	11116	0	""	2023-06-30	14:34:49	23848.092	419.3165	2076.1565	39.1398	55.001	27.9176	46.9063	0.00388216	12.1554	54.5005	-100.25	0.422935	23.738	 76
DATA	1688150090	366581916	11120	0	""	2023-06-30	14:34:50	23829.76	417.55084	2076.1265	39.139	55.001	27.9147	46.9063	0.0039039	12.1553	54.5005	97.5	0.422935	23.738	 75
DATA	1688150091	366581916	11124	0	""	2023-06-30	14:34:51	23782.781	414.59329	2076.052	39.139	55.001	27.9134	46.9063	0.00388735	12.1549	54.5005	27.75	0.422935	23.7368	239
DATA	1688150092	366581916	11128	0	""	2023-06-30	14:34:52	23722.717	415.61932	2076.051	39.1377	55.001	27.9143	46.9059	0.00388154	12.1558	54.5005	25	0.422935	23.7372	123
DATA	1688150093	366581916	11132	0	""	2023-06-30	14:34:53	23721.9	417.52945	2076.0005	39.1377	55.001	27.9143	46.9059	0.00387215	12.1563	54.5005	-29.5	0.422935	23.7372	211
DATA	1688150094	366581916	11136	0	""	2023-06-30	14:34:54	23746.996	418.13245	2076.2522	39.1381	55.001	27.9143	46.9063	0.00388795	12.1554	54.5005	-41.25	0.422935	23.736	 73
DATA	1688150095	366581916	11140	0	""	2023-06-30	14:34:55	23774.975	420.61417	2076.2241	39.1394	55.001	27.9134	46.9063	0.0038914	12.1554	54.5005	-34.5	0.422935	23.7364	  8
DATA	1688150096	366209030	11144	0	""	2023-06-30	14:34:56	23803.326	421.30124	2076.1099	39.1402	55.001	27.9118	46.9063	0.00387692	12.155	54.5005	30.25	0.422935	23.7356	239
DATA	1688150097	366209030	11148	0	""	2023-06-30	14:34:57	23768.998	418.09229	2075.9856	39.1394	55.001	27.9134	46.9063	0.00383818	12.1553	54.5005	165.5	0.422935	23.7364	101
DATA	1688150098	366209030	11152	0	""	2023-06-30	14:34:58	23725.883	416.96252	2075.9622	39.1402	55.001	27.9143	46.9063	0.00383804	12.1561	54.5005	-1	0.422935	23.7364	154
DATA	1688150099	366209030	11156	0	""	2023-06-30	14:34:59	23692.178	416.51163	2075.7332	39.1402	55.001	27.9151	46.9063	0.00383731	12.1569	54.5005	-21	0.422935	23.7364	204
DATA	1688150100	366209030	11160	0	""	2023-06-30	14:35:00	23715.631	418.81503	2076.0229	39.1398	55.001	27.9143	46.9061	0.00385085	12.1559	54.5005	65.25	0.422935	23.7384	 35
DATA	1688150101	366209030	11164	0	""	2023-06-30	14:35:01	23736.406	419.5925	2076.0461	39.1394	55.001	27.9143	46.9063	0.00387509	12.1554	54.5005	-93	0.422935	23.738	 96
DATA	1688150102	366209030	11168	0	""	2023-06-30	14:35:02	23747.062	418.60641	2076.0742	39.1386	55.001	27.911	46.9065	0.00389084	12.156	54.5005	-57	0.422935	23.7384	 97
DATA	1688150103	365833044	11172	0	""	2023-06-30	14:35:03	23756.844	421.16061	2076.011	39.1386	55.001	27.9118	46.9063	0.00388573	12.1563	54.5005	-11	0.422935	23.738	 86
DATA	1688150104	365833044	11176	0	""	2023-06-30	14:35:04	23771.754	421.30048	2075.9814	39.141	55.001	27.911	46.9063	0.00387065	12.1557	54.5005	14	0.422935	23.7384	 49
DATA	1688150105	365833044	11180	0	""	2023-06-30	14:35:05	23781.312	421.93573	2075.9856	39.1394	55.001	27.9106	46.9063	0.00387253	12.1565	54.5005	-26.25	0.422935	23.738	 54
DATA	1688150106	365833044	11184	0	""	2023-06-30	14:35:06	23794.562	423.46106	2075.9719	39.139	55.001	27.911	46.9063	0.00388781	12.1557	54.5005	42.5	0.422935	23.738	123
DATA	1688150107	365833044	11188	0	""	2023-06-30	14:35:07	23799.572	421.99997	2076	39.1406	55.001	27.9097	46.9063	0.00388136	12.1552	54.5005	128.75	0.422935	23.7384	153
DATA	1688150108	365833044	11192	0	""	2023-06-30	14:35:08	23797.814	423.77881	2076.3845	39.1394	55.001	27.9122	46.9063	0.00388187	12.1552	54.5005	-125	0.422935	23.7368	 30
DATA	1688150109	365833044	11196	0	""	2023-06-30	14:35:09	23793.293	421.63168	2075.9824	39.1394	55.001	27.9085	46.9061	0.00387403	12.1558	54.5005	5.75	0.422935	23.7372	 33
DATA	1688150110	365833044	11200	0	""	2023-06-30	14:35:10	23801.777	423.74927	2075.9766	39.139	55.001	27.9097	46.9059	0.00388367	12.1558	54.5005	118.25	0.422935	23.7368	 81
DATA	1688150111	365464925	11204	0	""	2023-06-30	14:35:11	23806.096	424.48032	2076.231	39.1398	55.001	27.9065	46.9061	0.00389484	12.1561	54.5005	-34	0.422935	23.736	 98
DATA	1688150112	365464925	11208	0	""	2023-06-30	14:35:12	23813.398	426.09052	2076.2246	39.1402	55.001	27.9077	46.9063	0.00388813	12.1552	54.5005	59	0.422935	23.7356	165
DATA	1688150113	365464925	11212	0	""	2023-06-30	14:35:13	23815.824	425.16681	2076.0303	39.1394	55.001	27.9069	46.9063	0.00390474	12.1554	54.5005	-94.25	0.422935	23.7356	101
DATA	1688150114	365464925	11216	0	""	2023-06-30	14:35:14	23815.461	425.74789	2076.1907	39.1394	55.001	27.9056	46.9063	0.00390502	12.1554	54.5005	32	0.422935	23.7356	170
DATA	1688150115	365464925	11220	0	""	2023-06-30	14:35:15	23814.801	425.44443	2076.1982	39.141	55.001	27.9069	46.9063	0.00387977	12.1551	54.5005	84.25	0.422935	23.736	218
DATA	1688150116	365464925	11224	0	""	2023-06-30	14:35:16	23812.217	425.29965	2076.1392	39.1402	55.001	27.9085	46.9063	0.00386408	12.1553	54.5005	34	0.422935	23.7364	165
DATA	1688150117	365464925	11228	0	""	2023-06-30	14:35:17	23808.799	425.75937	2075.8792	39.1402	55.001	27.9093	46.9063	0.00387151	12.1554	54.5005	-51.5	0.422935	23.7384	 86
DATA	1688150118	365086078	11232	0	""	2023-06-30	14:35:18	23809.301	425.55161	2075.979	39.1402	55.001	27.9093	46.9059	0.00387373	12.1554	54.5005	-38	0.422935	23.7384	173
DATA	1688150119	365086078	11236	0	""	2023-06-30	14:35:19	23815.422	425.24976	2075.8562	39.1402	55.001	27.9069	46.9061	0.00388452	12.155	54.5005	-2.5	0.422935	23.7388	223
DATA	1688150120	365086078	11240	0	""	2023-06-30	14:35:20	23819.803	425.82251	2076.0366	39.1402	55.001	27.9073	46.9063	0.00389427	12.1551	54.5005	88	0.422935	23.7384	157
DATA	1688150121	365086078	11244	0	""	2023-06-30	14:35:21	23818.752	425.57629	2075.9155	39.1394	55.001	27.906	46.9063	0.00389486	12.1556	54.5005	34.75	0.422935	23.7376	 38
DATA	1688150122	365086078	11248	0	""	2023-06-30	14:35:22	23809.996	424.36874	2076.1709	39.141	55.001	27.9065	46.9063	0.00388658	12.1554	54.5005	-43.75	0.422935	23.738	 34
DATA	1688150123	365086078	11252	0	""	2023-06-30	14:35:23	23803.162	424.6535	2075.9375	39.1406	55.001	27.9048	46.9063	0.00388242	12.1552	54.5005	-35.75	0.422935	23.738	  1
DATA	1688150124	365086078	11256	0	""	2023-06-30	14:35:24	23811.891	424.37543	2075.957	39.1402	55.001	27.9044	46.9063	0.00386771	12.1552	54.5005	67.25	0.422935	23.738	223
DATA	1688150125	365086078	11260	0	""	2023-06-30	14:35:25	23824.293	426.09375	2075.979	39.1402	55.001	27.906	46.9061	0.00389388	12.1554	54.5005	67.25	0.422935	23.7364	235
DATA	1688150126	364722967	11264	0	""	2023-06-30	14:35:26	23827.275	426.42221	2075.9846	39.141	55.001	27.9048	46.9063	0.00390011	12.1551	54.5005	7.5	0.422935	23.736	107
DATA	1688150127	364722967	11268	0	""	2023-06-30	14:35:27	23829.312	425.22726	2075.8167	39.1414	55.001	27.9065	46.9061	0.00387364	12.1553	54.5005	-30	0.422935	23.736	167
DATA	1688150128	364722967	11272	0	""	2023-06-30	14:35:28	23829.471	424.69974	2075.8091	39.1398	55.001	27.9044	46.9063	0.00389114	12.1557	54.5005	-93.5	0.422935	23.736	 42
DATA	1688150129	364722967	11276	0	""	2023-06-30	14:35:29	23832.855	425.54352	2076.0388	39.1406	55.001	27.9028	46.9063	0.0039078	12.1552	54.5005	0.5	0.422935	23.7356	179
DATA	1688150130	364722967	11280	0	""	2023-06-30	14:35:30	23835.328	425.58093	2075.9214	39.141	55.001	27.9065	46.9063	0.00387035	12.1554	54.5005	71.75	0.422935	23.7356	 10
DATA	1688150131	364722967	11284	0	""	2023-06-30	14:35:31	23834.963	425.72833	2075.9553	39.1406	55.001	27.9044	46.9063	0.00389042	12.1557	54.5005	-16.25	0.422935	23.7352	112
DATA	1688150132	364722967	11288	0	""	2023-06-30	14:35:32	23837.068	425.88528	2076.0288	39.1414	55.001	27.904	46.9063	0.00389578	12.1559	54.5005	-17	0.422935	23.736	144
DATA	1688150133	364343881	11292	0	""	2023-06-30	14:35:33	23839.055	424.96283	2076.0562	39.1414	55.001	27.9019	46.9063	0.00388657	12.1554	54.5005	54.25	0.422935	23.736	 19
DATA	1688150134	364343881	11296	0	""	2023-06-30	14:35:34	23840.188	425.61642	2076.04	39.1418	55.001	27.9032	46.9061	0.00388533	12.1551	54.5005	-7.75	0.422935	23.7388	212
DATA	1688150135	364343881	11300	0	""	2023-06-30	14:35:35	23839.975	425.50311	2075.9641	39.1431	55.001	27.9044	46.9065	0.00388699	12.156	54.5005	22.5	0.422935	23.7384	222
DATA	1688150136	364343881	11304	0	""	2023-06-30	14:35:36	23837.738	425.86929	2076.0374	39.1435	55.001	27.9052	46.9063	0.00383697	12.1555	54.5005	143.5	0.422935	23.738	 32
DATA	1688150137	364343881	11308	0	""	2023-06-30	14:35:37	23838.879	425.53998	2075.9729	39.1423	55.001	27.9069	46.9063	0.00386174	12.1551	54.5005	-59.75	0.422935	23.7384	161
DATA	1688150138	364343881	11312	0	""	2023-06-30	14:35:38	23840.432	427.17126	2075.9868	39.1406	55.001	27.9065	46.9063	0.00389735	12.1556	54.5005	46.75	0.422935	23.7384	 84
DATA	1688150139	364343881	11316	0	""	2023-06-30	14:35:39	23840.514	424.90085	2075.9465	39.1402	55.001	27.9036	46.9063	0.00390165	12.1556	54.5005	-139.75	0.422935	23.7384	165
DATA	1688150140	364343881	11320	0	""	2023-06-30	14:35:40	23838.879	425.11127	2076.2744	39.1402	55.001	27.9011	46.9063	0.00390864	12.1556	54.5005	-17	0.422935	23.7376	199
DATA	1688150141	363977909	11324	0	""	2023-06-30	14:35:41	23835.859	426.07602	2075.8105	39.141	55.001	27.9019	46.9063	0.003916	12.1556	54.5005	112.5	0.422935	23.7376	163
DATA	1688150142	363977909	11328	0	""	2023-06-30	14:35:42	23835.801	424.74942	2075.9197	39.1406	55.001	27.9036	46.9063	0.0038948	12.1556	54.5005	69	0.422935	23.7364	151
DATA	1688150143	363977909	11332	0	""	2023-06-30	14:35:43	23834.316	425.60858	2075.8362	39.141	55.001	27.9003	46.9063	0.00390633	12.1559	54.5005	21.75	0.422935	23.736	217
DATA	1688150144	363977909	11336	0	""	2023-06-30	14:35:44	23836.191	425.14389	2076.1641	39.1402	55.001	27.8982	46.9063	0.00390401	12.1547	54.5005	-42	0.422935	23.736	166
DATA	1688150145	363977909	11340	0	""	2023-06-30	14:35:45	23834.049	424.62085	2075.8757	39.1423	55.001	27.8991	46.9063	0.00389588	12.1553	54.5005	92.75	0.422935	23.7352	103
DATA	1688150146	363977909	11344	0	""	2023-06-30	14:35:46	23833.504	425.0401	2075.978	39.1431	55.001	27.9019	46.9063	0.00386748	12.1555	54.5005	78.25	0.422935	23.7356	237
DATA	1688150147	363977909	11348	0	""	2023-06-30	14:35:47	23834.232	425.00958	2076.1089	39.1439	55.001	27.9028	46.9063	0.00387288	12.1554	54.5005	155	0.422935	23.7356	252
DATA	1688150148	363601922	11352	0	""	2023-06-30	14:35:48	23833.195	425.10651	2076.1311	39.1414	55.001	27.9028	46.9063	0.00387342	12.1558	54.5005	-73.5	0.422935	23.736	244
DATA	1688150149	363601922	11356	0	""	2023-06-30	14:35:49	23833.346	425.37503	2076.0303	39.1423	55.001	27.8995	46.9063	0.00389509	12.1557	54.5005	-32.75	0.422935	23.736	 65
DATA	1688150150	363601922	11360	0	""	2023-06-30	14:35:50	23827.641	424.77579	2076.1213	39.1427	55.001	27.8999	46.9063	0.00389561	12.1559	54.5007	41.5	0.422935	23.7368	 28
DATA	1688150151	363601922	11364	0	""	2023-06-30	14:35:51	23829.426	424.46033	2075.9954	39.1414	55.001	27.8999	46.9061	0.00389806	12.1555	54.5011	14.5	0.422935	23.7392	 21
DATA	1688150152	363601922	11368	0	""	2023-06-30	14:35:52	23830.703	424.5354	2076.0112	39.1423	55.001	27.8991	46.9059	0.00388984	12.1557	54.5011	-41	0.422935	23.7396	161
DATA	1688150153	363601922	11372	0	""	2023-06-30	14:35:53	23822.424	425.00354	2076.0222	39.1427	55.001	27.8986	46.9061	0.00389398	12.1552	54.5011	-5.75	0.422935	23.7396	 51
DATA	1688150154	363601922	11376	0	""	2023-06-30	14:35:54	23801.441	423.14325	2075.8665	39.141	55.001	27.897	46.9063	0.00389379	12.156	54.5009	-95	0.422935	23.7396	 79
DATA	1688150155	363601922	11380	0	""	2023-06-30	14:35:55	23784.832	422.94064	2075.9468	39.1423	55.001	27.8954	46.9063	0.00388127	12.1558	54.5005	164.25	0.422935	23.7384	132
DATA	1688150156	363236904	11384	0	""	2023-06-30	14:35:56	23754.947	420.98068	2075.8037	39.1431	55.001	27.8978	46.9063	0.00388029	12.1559	54.5005	-10.5	0.422935	23.7384	 87
DATA	1688150157	363236904	11388	0	""	2023-06-30	14:35:57	23721.449	419.58496	2075.8242	39.1423	55.001	27.9007	46.9063	0.00384994	12.1559	54.5005	146.75	0.422935	23.738	 99
DATA	1688150158	363236904	11392	0	""	2023-06-30	14:35:58	23716.211	420.79462	2075.6731	39.1431	55.001	27.9011	46.9063	0.00386917	12.1564	54.5005	-46.5	0.422935	23.738	  4
DATA	1688150159	363236904	11396	0	""	2023-06-30	14:35:59	23745.922	420.90427	2075.6309	39.1439	55.001	27.9011	46.9061	0.00384266	12.1564	54.5005	19.75	0.422935	23.7364	 77
DATA	1688150160	363236904	11400	0	""	2023-06-30	14:36:00	23756.254	422.10291	2075.6597	39.1439	55.001	27.9011	46.9059	0.00385899	12.156	54.5005	-60.75	0.422935	23.7364	 53
DATA	1688150161	363236904	11404	0	""	2023-06-30	14:36:01	23765.805	422.15356	2075.9453	39.1423	55.001	27.8999	46.9059	0.00386378	12.1553	54.5005	32	0.422935	23.7356	179
DATA	1688150162	363236904	11408	0	""	2023-06-30	14:36:02	23780.121	423.43478	2075.9341	39.1418	55.001	27.8982	46.9061	0.0038868	12.156	54.5005	184	0.422935	23.7356	121
DATA	1688150163	362855911	11412	0	""	2023-06-30	14:36:03	23800.215	423.13577	2075.8591	39.1418	55.001	27.8966	46.9063	0.00389258	12.1554	54.5005	-61.25	0.422935	23.7356	111
DATA	1688150164	362855911	11416	0	""	2023-06-30	14:36:04	23808.879	423.71347	2076.1387	39.1431	55.001	27.8962	46.9063	0.00388411	12.1554	54.5005	28.75	0.422935	23.7356	 81
DATA	1688150165	362855911	11420	0	""	2023-06-30	14:36:05	23804.986	422.871	2075.8374	39.1431	55.001	27.8982	46.9063	0.0038715	12.1552	54.5005	46.25	0.422935	23.7356	174
DATA	1688150166	362855911	11424	0	""	2023-06-30	14:36:06	23800.391	423.35733	2075.9448	39.1414	55.001	27.8945	46.9063	0.00389594	12.156	54.5005	-92.5	0.422935	23.736	227
DATA	1688150167	362855911	11428	0	""	2023-06-30	14:36:07	23801.094	423.28479	2075.9233	39.1423	55.001	27.8921	46.9063	0.00390415	12.1561	54.5005	182.5	0.422935	23.7384	 63
DATA	1688150168	362855911	11432	0	""	2023-06-30	14:36:08	23795.131	423.133	2075.9175	39.1435	55.0014	27.8941	46.9061	0.00387643	12.1553	54.5005	83.25	0.422935	23.7388	 21
DATA	1688150169	362855911	11436	0	""	2023-06-30	14:36:09	23797.152	422.81546	2075.719	39.1443	55.0016	27.8966	46.9059	0.00385569	12.1558	54.5005	11.75	0.422935	23.738	 56
DATA	1688150170	362855911	11440	0	""	2023-06-30	14:36:10	23800.83	423.53995	2075.6936	39.1439	55.0012	27.897	46.9061	0.00388027	12.1555	54.5005	13.5	0.422935	23.738	171
DATA	1688150171	362495899	11444	0	""	2023-06-30	14:36:11	23803.859	423.28592	2075.8142	39.1423	55.0018	27.8962	46.9063	0.0038778	12.1562	54.5005	-20.5	0.422935	23.738	 32
DATA	1688150172	362495899	11448	0	""	2023-06-30	14:36:12	23802.322	421.73325	2075.843	39.1427	55.0018	27.8954	46.9063	0.00390842	12.1556	54.5005	-51.75	0.422935	23.7376	127
DATA	1688150173	362495899	11452	0	""	2023-06-30	14:36:13	23799.529	422.75803	2075.7031	39.1418	55.0012	27.8929	46.9063	0.00390989	12.1553	54.5007	12.75	0.422935	23.7384	154
DATA	1688150174	362495899	11456	0	""	2023-06-30	14:36:14	23801.949	421.95596	2076.2063	39.1455	55.0018	27.8945	46.9063	0.00385405	12.1559	54.5009	144.75	0.422935	23.7392	214
DATA	1688150175	362495899	11460	0	""	2023-06-30	14:36:15	23801.549	422.87033	2075.9956	39.1468	55.0012	27.8991	46.9063	0.00382044	12.1558	54.5007	72.5	0.422935	23.7396	105
DATA	1688150176	362495899	11464	0	""	2023-06-30	14:36:16	23801.975	422.40851	2075.9202	39.1447	55.001	27.8982	46.9061	0.00384045	12.1563	54.5005	-136.25	0.422935	23.7368	180
DATA	1688150177	362495899	11468	0	""	2023-06-30	14:36:17	23801.982	422.21396	2075.9963	39.1435	55.001	27.8933	46.9061	0.00387339	12.1559	54.5005	18	0.422935	23.7349	220
DATA	1688150178	362116098	11472	0	""	2023-06-30	14:36:18	23805.689	422.5145	2075.8967	39.1423	55.001	27.8908	46.9061	0.00392135	12.1553	54.5005	-93.25	0.422935	23.7356	 77
DATA	1688150179	362116098	11476	0	""	2023-06-30	14:36:19	23805.912	423.35046	2075.8403	39.1431	55.001	27.8888	46.9063	0.00390767	12.1563	54.5005	123.75	0.422935	23.7356	129
DATA	1688150180	362116098	11480	0	""	2023-06-30	14:36:20	23807.148	423.38113	2075.8528	39.1423	55.001	27.89	46.9063	0.00391032	12.1553	54.5005	0	0.422935	23.7356	248
DATA	1688150181	362116098	11484	0	""	2023-06-30	14:36:21	23806.871	422.08563	2075.7388	39.1431	55.001	27.89	46.9063	0.00389809	12.1562	54.5005	71.25	0.422935	23.7356	231
DATA	1688150182	362116098	11488	0	""	2023-06-30	14:36:22	23801.963	422.45309	2075.8228	39.1435	55.001	27.8933	46.9063	0.00388394	12.155	54.5005	65	0.422935	23.7356	134
DATA	1688150183	362116098	11492	0	""	2023-06-30	14:36:23	23800.252	421.62943	2075.9587	39.1431	55.001	27.8904	46.9063	0.00389467	12.1557	54.5005	124	0.422935	23.7356	227
DATA	1688150184	362116098	11496	0	""	2023-06-30	14:36:24	23798.229	421.88092	2075.7844	39.1435	55.001	27.8949	46.9063	0.00389669	12.1552	54.5005	77	0.422935	23.738	170
DATA	1688150185	362116098	11500	0	""	2023-06-30	14:36:25	23796.074	421.86786	2075.9343	39.1443	55.001	27.8937	46.9059	0.00388839	12.1563	54.5005	-65.5	0.422935	23.7384	 96
DATA	1688150186	361752986	11504	0	""	2023-06-30	14:36:26	23796.818	421.89719	2075.7991	39.1451	55.001	27.8937	46.9059	0.00386748	12.1557	54.5005	-1	0.422935	23.7384	223
DATA	1688150187	361752986	11508	0	""	2023-06-30	14:36:27	23797.107	421.76089	2075.6538	39.1431	55.001	27.8954	46.9063	0.00387477	12.1558	54.5005	86.75	0.422935	23.738	 68
DATA	1688150188	361752986	11512	0	""	2023-06-30	14:36:28	23799.553	422.49625	2075.7998	39.1435	55.001	27.8949	46.9063	0.00387701	12.1565	54.5005	170.5	0.422935	23.738	 63
DATA	1688150189	361752986	11516	0	""	2023-06-30	14:36:29	23800.74	421.24393	2075.8113	39.1439	55.001	27.8986	46.9063	0.00388186	12.155	54.5005	8	0.422935	23.738	252
DATA	1688150190	361752986	11520	0	""	2023-06-30	14:36:30	23800.213	422.53101	2075.8394	39.1431	55.001	27.8945	46.9063	0.00389499	12.1561	54.5005	-210.25	0.422935	23.738	 93
DATA	1688150191	361752986	11524	0	""	2023-06-30	14:36:31	23801.105	422.82397	2076.0044	39.1435	55.001	27.8908	46.9063	0.00389335	12.1546	54.5005	-80	0.422935	23.738	163
DATA	1688150192	361752986	11528	0	""	2023-06-30	14:36:32	23801.234	422.10657	2075.9504	39.1447	55.001	27.8904	46.9063	0.00388444	12.1552	54.5005	-42	0.422935	23.7376	218
DATA	1688150193	361371040	11532	0	""	2023-06-30	14:36:33	23800.936	421.91821	2075.7017	39.1443	55.001	27.888	46.9061	0.00388425	12.1559	54.5005	104	0.422935	23.7364	153
DATA	1688150194	361371040	11536	0	""	2023-06-30	14:36:34	23802.082	422.79834	2075.7908	39.1435	55.001	27.8937	46.9055	0.00388663	12.1558	54.5005	25.25	0.422383	23.736	 23
DATA	1688150195	361371040	11540	0	""	2023-06-30	14:36:35	23801.619	421.01187	2075.8601	39.1443	55.001	27.8917	46.9054	0.0038694	12.1557	54.5005	3.75	0.422199	23.7356	211
DATA	1688150196	361371040	11544	0	""	2023-06-30	14:36:36	23801.227	421.68942	2075.8447	39.1443	55.001	27.89	46.9055	0.00388539	12.1555	54.5005	86.25	0.422199	23.736	182
DATA	1688150197	361371040	11548	0	""	2023-06-30	14:36:37	23802.324	421.99854	2075.8025	39.146	55.001	27.8925	46.9055	0.00386245	12.155	54.5005	-7.25	0.422199	23.7352	217
DATA	1688150198	361371040	11552	0	""	2023-06-30	14:36:38	23801.762	421.25839	2075.7139	39.1451	55.001	27.8925	46.9055	0.00386126	12.1559	54.5005	109.75	0.422199	23.7356	126
DATA	1688150199	361371040	11556	0	""	2023-06-30	14:36:39	23803.129	421.44165	2075.4941	39.1455	55.001	27.8937	46.9055	0.00386362	12.1555	54.5005	-63.75	0.422199	23.7352	119
DATA	1688150200	361371040	11560	0	""	2023-06-30	14:36:40	23799.438	422.04633	2075.8037	39.146	55.001	27.8908	46.9055	0.00386242	12.1557	54.5005	-4	0.422199	23.7364	100
DATA	1688150201	361007928	11564	0	""	2023-06-30	14:36:41	23799	422.27643	2075.8708	39.1451	55.001	27.89	46.9054	0.00388297	12.1557	54.5005	-1	0.422199	23.7384	133
DATA	1688150202	361007928	11568	0	""	2023-06-30	14:36:42	23799.98	421.67899	2075.6694	39.1447	55.001	27.8904	46.9057	0.00387918	12.1549	54.5005	62.75	0.422199	23.7384	 76
DATA	1688150203	361007928	11572	0	""	2023-06-30	14:36:43	23797.402	420.14386	2075.8706	39.1443	55.001	27.8892	46.9054	0.00388265	12.1562	54.5005	-73.25	0.422199	23.7384	118
DATA	1688150204	361007928	11576	0	""	2023-06-30	14:36:44	23765.273	417.39795	2075.6809	39.1443	55.001	27.8871	46.9054	0.00388464	12.1556	54.5005	5.5	0.422199	23.738	201
DATA	1688150205	361007928	11580	0	""	2023-06-30	14:36:45	23744.748	418.47781	2076.0017	39.1447	55.001	27.8896	46.9055	0.00386461	12.156	54.5005	20.5	0.422199	23.738	182
DATA	1688150206	361007928	11584	0	""	2023-06-30	14:36:46	23749.158	417.80878	2075.9004	39.1451	55.001	27.89	46.9055	0.00386859	12.1561	54.5005	-56	0.422199	23.7376	148
DATA	1688150207	361007928	11588	0	""	2023-06-30	14:36:47	23745.57	418.59372	2076.0217	39.1451	55.001	27.8867	46.9055	0.00388381	12.1559	54.5005	-20.5	0.422199	23.7368	 36
DATA	1688150208	360627889	11592	0	""	2023-06-30	14:36:48	23756.889	419.3511	2075.7444	39.1443	55.001	27.8863	46.9055	0.00387804	12.156	54.5005	83.25	0.422199	23.7368	  8
DATA	1688150209	360627889	11596	0	""	2023-06-30	14:36:49	23769.137	419.87671	2075.8835	39.1447	55.001	27.8859	46.9055	0.00388274	12.1561	54.5005	68.75	0.422199	23.736	 88
DATA	1688150210	360627889	11600	0	""	2023-06-30	14:36:50	23772.34	420.05554	2075.4961	39.1451	55.001	27.8884	46.9057	0.00386646	12.1555	54.5005	114	0.422199	23.736	119
DATA	1688150211	360627889	11604	0	""	2023-06-30	14:36:51	23775.723	419.73499	2075.7798	39.146	55.001	27.888	46.9059	0.00386448	12.1556	54.5005	-26.75	0.422199	23.736	 13
DATA	1688150212	360627889	11608	0	""	2023-06-30	14:36:52	23778.738	419.94571	2075.7446	39.1455	55.001	27.8892	46.9055	0.00385553	12.1557	54.5005	15.5	0.422199	23.736	  6
DATA	1688150213	360627889	11612	0	""	2023-06-30	14:36:53	23779.34	420.62634	2075.9626	39.1468	55.001	27.8896	46.9055	0.00385015	12.156	54.5005	13.25	0.422199	23.7356	238
DATA	1688150214	360627889	11616	0	""	2023-06-30	14:36:54	23782.797	421.21127	2075.7292	39.1451	55.001	27.8896	46.9055	0.00386789	12.1557	54.5005	-115.25	0.422199	23.7352	193
DATA	1688150215	360627889	11620	0	""	2023-06-30	14:36:55	23779.984	420.38623	2075.8679	39.146	55.001	27.8867	46.9055	0.00387962	12.1559	54.5005	52.25	0.422199	23.7356	 69
DATA	1688150216	360258102	11624	0	""	2023-06-30	14:36:56	23781.922	420.60306	2075.6851	39.1455	55.001	27.8867	46.9055	0.00388346	12.1554	54.5005	3.25	0.422199	23.7356	 13
DATA	1688150217	360258102	11628	0	""	2023-06-30	14:36:57	23784.738	420.75806	2075.9988	39.1455	55.001	27.8863	46.9055	0.00385564	12.1561	54.5005	62.25	0.422199	23.736	 45
DATA	1688150218	360258102	11632	0	""	2023-06-30	14:36:58	23782.504	421.02649	2075.8618	39.1451	55.001	27.8855	46.9055	0.00389637	12.1563	54.5005	-0.25	0.422199	23.738	 11
DATA	1688150219	360258102	11636	0	""	2023-06-30	14:36:59	23777.279	420.0423	2075.7571	39.1447	55.001	27.8867	46.9055	0.00387253	12.156	54.5005	131	0.422199	23.738	 78
DATA	1688150220	360258102	11640	0	""	2023-06-30	14:37:00	23775.68	420.37622	2075.7764	39.1443	55.001	27.8863	46.9054	0.00387976	12.1552	54.5005	-92.25	0.422199	23.738	  9
DATA	1688150221	360258102	11644	0	""	2023-06-30	14:37:01	23775.627	419.92554	2075.7207	39.1451	55.001	27.8838	46.9055	0.003881	12.1561	54.5005	73.5	0.422199	23.738	115
DATA	1688150222	360258102	11648	0	""	2023-06-30	14:37:02	23773.943	420.0145	2075.3171	39.1464	55.001	27.8855	46.9055	0.00386536	12.1559	54.5005	150	0.422199	23.738	107
DATA	1688150223	359890937	11652	0	""	2023-06-30	14:37:03	23771.568	419.46652	2075.7722	39.146	55.001	27.888	46.9055	0.00386198	12.1563	54.5005	-106.25	0.422199	23.738	 42
DATA	1688150224	359890937	11656	0	""	2023-06-30	14:37:04	23770.613	419.28098	2075.5793	39.1468	55.001	27.8871	46.9055	0.00385732	12.1561	54.5005	108	0.422199	23.738	207
DATA	1688150225	359890937	11660	0	""	2023-06-30	14:37:05	23772.359	420.10934	2075.4807	39.1451	55.001	27.8855	46.9055	0.00386866	12.156	54.5005	6.25	0.422199	23.7372	243
DATA	1688150226	359890937	11664	0	""	2023-06-30	14:37:06	23771.1	420.20703	2075.533	39.1451	55.001	27.8871	46.9055	0.00388686	12.1558	54.5005	17.75	0.422199	23.7356	187
DATA	1688150227	359890937	11668	0	""	2023-06-30	14:37:07	23772.695	420.41159	2075.7883	39.1447	55.001	27.8838	46.9054	0.00388677	12.1556	54.5005	-124.75	0.422199	23.736	168
DATA	1688150228	359890937	11672	0	""	2023-06-30	14:37:08	23773.178	420.46445	2075.8018	39.146	55.001	27.8806	46.9055	0.00388434	12.1563	54.5005	50.5	0.422199	23.7356	247
DATA	1688150229	359890937	11676	0	""	2023-06-30	14:37:09	23774.719	420.31003	2075.9202	39.1468	55.001	27.8826	46.9054	0.00387172	12.1556	54.5005	51	0.422199	23.736	141
DATA	1688150230	359890937	11680	0	""	2023-06-30	14:37:10	23772.791	420.78769	2075.6931	39.1468	55.001	27.8834	46.9055	0.00386177	12.1563	54.5005	22	0.422199	23.7352	203
DATA	1688150231	359514951	11684	0	""	2023-06-30	14:37:11	23772.908	420.3103	2075.665	39.1455	55.001	27.8851	46.9055	0.0038757	12.1557	54.5005	130.75	0.422199	23.7349	226
DATA	1688150232	359514951	11688	0	""	2023-06-30	14:37:12	23773.684	421.06415	2075.9846	39.1464	55.001	27.8855	46.9055	0.00386902	12.1557	54.5005	-55.25	0.422199	23.7356	140
DATA	1688150233	359514951	11692	0	""	2023-06-30	14:37:13	23773.277	419.82745	2075.7329	39.1455	55.001	27.8851	46.9055	0.00386897	12.1563	54.5005	86.25	0.422199	23.7356	111
DATA	1688150234	359514951	11696	0	""	2023-06-30	14:37:14	23774.043	420.43884	2075.4392	39.1476	55.001	27.8843	46.9055	0.00386711	12.1555	54.5005	-64.75	0.422199	23.736	 82
DATA	1688150235	359514951	11700	0	""	2023-06-30	14:37:15	23773.559	420.44147	2075.6516	39.1464	55.001	27.8818	46.9055	0.00385946	12.1561	54.5005	20	0.422199	23.738	130
DATA	1688150236	359514951	11704	0	""	2023-06-30	14:37:16	23774.479	420.64877	2075.7727	39.1451	55.001	27.8838	46.9057	0.00388937	12.1561	54.5005	215	0.422199	23.7376	  9
DATA	1688150237	359514951	11708	0	""	2023-06-30	14:37:17	23773.982	420.41028	2075.8218	39.1455	55.001	27.883	46.9054	0.00388129	12.1561	54.5007	-104.5	0.422199	23.7376	 73
DATA	1688150238	359143018	11712	0	""	2023-06-30	14:37:18	23772.627	421.26746	2075.8022	39.146	55.001	27.8822	46.9055	0.00387484	12.1553	54.5005	28	0.422199	23.7376	130
DATA	1688150239	359143018	11716	0	""	2023-06-30	14:37:19	23774.963	420.47964	2075.4514	39.1451	55.001	27.8838	46.9055	0.00387456	12.1562	54.5007	-158.5	0.422199	23.7372	139
DATA	1688150240	359143018	11720	0	""	2023-06-30	14:37:20	23773.566	420.30588	2075.5564	39.1455	55.001	27.8822	46.9055	0.00389083	12.1563	54.5005	8.5	0.422199	23.7376	223
DATA	1688150241	359143018	11724	0	""	2023-06-30	14:37:21	23770.523	419.91336	2075.7869	39.1472	55.001	27.8822	46.9055	0.00388064	12.1556	54.5005	36.25	0.422199	23.7372	 73
DATA	1688150242	359143018	11728	0	""	2023-06-30	14:37:22	23767.422	419.16583	2075.7561	39.1472	55.0012	27.883	46.9057	0.00386929	12.1553	54.5007	-49.75	0.422199	23.7392	139
DATA	1688150243	359143018	11732	0	""	2023-06-30	14:37:23	23762.338	419.27408	2075.449	39.146	55.001	27.8801	46.9054	0.00387371	12.1561	54.5013	59.25	0.422199	23.7368	225
DATA	1688150244	359143018	11736	0	""	2023-06-30	14:37:24	23760.865	419.47293	2075.9873	39.1464	55.001	27.8818	46.9052	0.00388116	12.156	54.5007	96	0.422199	23.7372	153
DATA	1688150245	359143018	11740	0	""	2023-06-30	14:37:25	23755.051	418.24921	2075.5447	39.146	55.001	27.8814	46.9052	0.00388866	12.1554	54.5007	-12.75	0.422199	23.7372	 64
DATA	1688150246	358772039	11744	0	""	2023-06-30	14:37:26	23748.424	418.8017	2075.6411	39.1476	55.001	27.883	46.9054	0.00386792	12.1559	54.5005	-55.25	0.422199	23.7364	 37
DATA	1688150247	358772039	11748	0	""	2023-06-30	14:37:27	23750.158	419.34464	2075.7356	39.1455	55.001	27.8826	46.9055	0.00386367	12.1557	54.5005	-75.25	0.422199	23.7352	149
DATA	1688150248	358772039	11752	0	""	2023-06-30	14:37:28	23754.521	419.58878	2075.6719	39.146	55.001	27.8806	46.9055	0.00389389	12.1557	54.5005	-29.5	0.422199	23.7356	 67
DATA	1688150249	358772039	11756	0	""	2023-06-30	14:37:29	23754.652	419.40762	2075.7053	39.1451	55.001	27.8785	46.9055	0.00388911	12.1558	54.5005	40	0.422199	23.7356	203
DATA	1688150250	358772039	11760	0	""	2023-06-30	14:37:30	23749.562	419.10419	2075.6545	39.1464	55.001	27.881	46.9055	0.00387466	12.1552	54.5005	52	0.422199	23.736	 80
DATA	1688150251	358772039	11764	0	""	2023-06-30	14:37:31	23748.455	418.91577	2075.7246	39.1468	55.001	27.8822	46.9055	0.0038581	12.1561	54.5005	-12.25	0.422199	23.7356	 83
DATA	1688150252	358772039	11768	0	""	2023-06-30	14:37:32	23747.943	418.54596	2075.6184	39.148	55.001	27.8818	46.9052	0.00385954	12.1553	54.5005	96.25	0.422199	23.738	 12
DATA	1688150253	358397960	11772	0	""	2023-06-30	14:37:33	23747.717	418.59509	2075.3059	39.1451	55.0012	27.883	46.9052	0.00387465	12.1564	54.5005	107	0.422199	23.738	202
DATA	1688150254	358397960	11776	0	""	2023-06-30	14:37:34	23747.938	419.57321	2075.7141	39.1472	55.001	27.8822	46.9057	0.00388595	12.156	54.5005	-93	0.422199	23.738	161
DATA	1688150255	358397960	11780	0	""	2023-06-30	14:37:35	23745.227	419.08099	2075.6277	39.1484	55.001	27.8806	46.9055	0.00387032	12.1559	54.5005	-0.5	0.422199	23.738	247
DATA	1688150256	358397960	11784	0	""	2023-06-30	14:37:36	23745.244	419.23953	2075.354	39.1472	55.001	27.8801	46.9055	0.00386388	12.1559	54.5005	60.75	0.422199	23.738	  3
DATA	1688150257	358397960	11788	0	""	2023-06-30	14:37:37	23745.691	419.54572	2075.5459	39.1484	55.0014	27.8814	46.9055	0.00384154	12.1565	54.5005	-66	0.422199	23.7368	 71
DATA	1688150258	358397960	11792	0	""	2023-06-30	14:37:38	23749.326	418.65616	2075.8096	39.1476	55.0012	27.8801	46.9055	0.00387421	12.156	54.5005	-5.5	0.422199	23.738	255
DATA	1688150259	358397960	11796	0	""	2023-06-30	14:37:39	23748.391	419.29681	2075.324	39.1468	55.0016	27.8797	46.9055	0.00386986	12.1555	54.5005	-29.75	0.422199	23.7376	195
DATA	1688150260	358397960	11800	0	""	2023-06-30	14:37:40	23747.807	418.50507	2075.4854	39.1464	55.0018	27.8797	46.9055	0.00388235	12.1564	54.5005	-62.25	0.422199	23.736	140
DATA	1688150261	358028888	11804	0	""	2023-06-30	14:37:41	23747.811	418.48639	2075.4387	39.1472	55.0018	27.8781	46.9054	0.00387976	12.1561	54.5005	113	0.422199	23.736	  5
DATA	1688150262	358028888	11808	0	""	2023-06-30	14:37:42	23750.018	419.30341	2075.5908	39.148	55.0018	27.8777	46.9052	0.00387289	12.1565	54.5005	-23	0.422199	23.7356	247
DATA	1688150263	358028888	11812	0	""	2023-06-30	14:37:43	23751.688	418.80917	2075.5859	39.1488	55.0018	27.8773	46.9052	0.00386746	12.1557	54.5005	56	0.422199	23.7352	 27
DATA	1688150264	358028888	11816	0	""	2023-06-30	14:37:44	23750.85	418.52792	2075.3936	39.1492	55.0012	27.881	46.9055	0.00385218	12.1559	54.5005	12.75	0.422199	23.7356	 50
DATA	1688150265	358028888	11820	0	""	2023-06-30	14:37:45	23747.441	418.95938	2075.5933	39.148	55.001	27.881	46.9055	0.00387202	12.1558	54.5005	-73.5	0.422199	23.7356	251
DATA	1688150266	358028888	11824	0	""	2023-06-30	14:37:46	23745.924	418.78644	2075.5647	39.1464	55.001	27.8777	46.9055	0.0038844	12.1558	54.5005	54.25	0.422199	23.7356	 73
DATA	1688150267	358028888	11828	0	""	2023-06-30	14:37:47	23748.523	418.81805	2075.5647	39.1451	55.001	27.876	46.9055	0.00389513	12.1556	54.5005	-31	0.422199	23.7352	201
DATA	1688150268	357666969	11832	0	""	2023-06-30	14:37:48	23748.09	418.25082	2075.5359	39.1468	55.001	27.8769	46.9055	0.00387787	12.1562	54.5005	-13.25	0.422199	23.736	 68
DATA	1688150269	357666969	11836	0	""	2023-06-30	14:37:49	23749.582	418.32022	2075.3787	39.148	55.001	27.8752	46.9052	0.00388149	12.156	54.5005	-55.5	0.422199	23.738	216
DATA	1688150270	357666969	11840	0	""	2023-06-30	14:37:50	23748.793	419.52267	2075.3105	39.146	55.001	27.8732	46.9052	0.0038975	12.1563	54.5005	47.25	0.422199	23.738	200
DATA	1688150271	357666969	11844	0	""	2023-06-30	14:37:51	23752.664	419.755	2075.5369	39.1484	55.001	27.8744	46.9054	0.0038923	12.1555	54.5005	33	0.422199	23.7376	 63
DATA	1688150272	357666969	11848	0	""	2023-06-30	14:37:52	23751.963	418.17215	2075.6646	39.1472	55.001	27.8756	46.9055	0.00388291	12.1559	54.5005	-17.75	0.422199	23.7372	163
DATA	1688150273	357666969	11852	0	""	2023-06-30	14:37:53	23754.014	418.758	2075.3167	39.1472	55.001	27.8769	46.9055	0.00388496	12.1555	54.5005	-27.75	0.422199	23.7372	 61
DATA	1688150274	357666969	11856	0	""	2023-06-30	14:37:54	23753.812	419.82739	2075.5549	39.1464	55.001	27.8756	46.9055	0.00389586	12.1558	54.5005	-93.5	0.422199	23.7376	137
DATA	1688150275	357666969	11860	0	""	2023-06-30	14:37:55	23752.564	419.29449	2075.5669	39.148	55.001	27.8748	46.9055	0.00388089	12.1548	54.5005	157.75	0.422199	23.7372	141
DATA	1688150276	357286930	11864	0	""	2023-06-30	14:37:56	23751.975	419.26343	2075.4797	39.1484	55.001	27.8764	46.9055	0.00386182	12.1562	54.5005	14.25	0.422199	23.7376	110
DATA	1688150277	357286930	11868	0	""	2023-06-30	14:37:57	23750.748	418.80655	2075.3914	39.1497	55.001	27.8773	46.9054	0.00384891	12.1563	54.5005	5.75	0.422199	23.7356	 72
DATA	1688150278	357286930	11872	0	""	2023-06-30	14:37:58	23749.143	418.02405	2075.4417	39.1505	55.001	27.8781	46.9054	0.00382447	12.156	54.5005	188.75	0.422199	23.7356	 93
DATA	1688150279	357286930	11876	0	""	2023-06-30	14:37:59	23749.186	417.96072	2075.4775	39.148	55.001	27.8769	46.9052	0.00385574	12.1562	54.5005	-12.75	0.422199	23.7356	120
DATA	1688150280	357286930	11880	0	""	2023-06-30	14:38:00	23747.881	418.94104	2075.5325	39.1484	55.001	27.8752	46.9055	0.00386046	12.1558	54.5005	42.5	0.422199	23.7356	 31
DATA	1688150281	357286930	11884	0	""	2023-06-30	14:38:01	23746.953	417.90497	2075.5767	39.1484	55.001	27.8777	46.9055	0.00384276	12.1558	54.5005	1.25	0.422199	23.7352	 59
DATA	1688150282	357286930	11888	0	""	2023-06-30	14:38:02	23746.881	417.67307	2075.6506	39.1484	55.001	27.8781	46.9055	0.00385527	12.1562	54.5005	81.5	0.422199	23.7349	 53
DATA	1688150283	356925964	11892	0	""	2023-06-30	14:38:03	23745.535	418.36197	2075.7007	39.148	55.001	27.8769	46.9055	0.00387435	12.156	54.5005	-80.5	0.422199	23.7349	  0
DATA	1688150284	356925964	11896	0	""	2023-06-30	14:38:04	23745.412	418.82806	2075.5769	39.1484	55.001	27.876	46.9055	0.00387027	12.1559	54.5005	-64.25	0.422199	23.7356	109
DATA	1688150285	356925964	11900	0	""	2023-06-30	14:38:05	23744.32	417.84485	2075.6526	39.1488	55.001	27.8744	46.9055	0.00388774	12.1555	54.5005	62.5	0.422199	23.736	208
DATA	1688150286	356925964	11904	0	""	2023-06-30	14:38:06	23746.393	417.92825	2075.6106	39.148	55.001	27.8756	46.9055	0.00386	12.156	54.5005	-1.25	0.422199	23.738	 38
DATA	1688150287	356925964	11908	0	""	2023-06-30	14:38:07	23744.672	417.92874	2075.5337	39.1488	55.001	27.8736	46.9052	0.00387101	12.1557	54.5005	-59.5	0.422199	23.738	 58
DATA	1688150288	356925964	11912	0	""	2023-06-30	14:38:08	23744.805	418.37344	2075.5725	39.1488	55.001	27.874	46.9052	0.00386397	12.1557	54.5005	226.75	0.422199	23.7372	112
DATA	1688150289	356925964	11916	0	""	2023-06-30	14:38:09	23743.244	419.61237	2075.7131	39.1492	55.001	27.8736	46.9055	0.00387174	12.156	54.5005	-58.5	0.422199	23.7376	 46
DATA	1688150290	356925964	11920	0	""	2023-06-30	14:38:10	23741.658	418.86472	2075.6787	39.1488	55.001	27.8719	46.9055	0.0038735	12.1556	54.5005	-24.75	0.422199	23.7376	110
DATA	1688150291	356544017	11924	0	""	2023-06-30	14:38:11	23739.109	417.99194	2075.4763	39.1484	55.001	27.8711	46.9055	0.0038704	12.1559	54.5005	42	0.422199	23.738	 87
DATA	1688150292	356544017	11928	0	""	2023-06-30	14:38:12	23739.613	418.66956	2075.6443	39.1488	55.001	27.8707	46.9055	0.00387716	12.1562	54.5005	-36	0.422199	23.7372	249
DATA	1688150293	356544017	11932	0	""	2023-06-30	14:38:13	23739.299	417.53574	2075.6846	39.1484	55.001	27.8719	46.9055	0.00387908	12.1562	54.5005	95.25	0.422199	23.7372	109
DATA	1688150294	356544017	11936	0	""	2023-06-30	14:38:14	23739.789	418.07639	2075.5403	39.148	55.001	27.8711	46.9054	0.00388438	12.156	54.5005	168.5	0.422199	23.7356	254
DATA	1688150295	356544017	11940	0	""	2023-06-30	14:38:15	23735.656	417.87701	2075.8557	39.1546	55.001	27.8752	46.9052	0.00375517	12.1559	54.5005	391.25	0.422199	23.736	 93
DATA	1688150296	356544017	11944	0	""	2023-06-30	14:38:16	23734.643	418.59305	2075.4937	39.1521	55.001	27.8801	46.9052	0.00380848	12.1558	54.5005	-83.5	0.422199	23.7356	 80
DATA	1688150297	356544017	11948	0	""	2023-06-30	14:38:17	23736.359	417.91171	2075.3953	39.1501	55.001	27.8781	46.9054	0.00384656	12.1561	54.5005	21.75	0.422199	23.7352	 85
DATA	1688150298	356182098	11952	0	""	2023-06-30	14:38:18	23734.842	417.99109	2075.603	39.1488	55.001	27.8736	46.9055	0.00387687	12.1554	54.5005	-208	0.422199	23.7341	  2
DATA	1688150299	356182098	11956	0	""	2023-06-30	14:38:19	23736.754	417.88547	2075.458	39.1488	55.001	27.8707	46.9055	0.00387653	12.1552	54.5005	-17.25	0.422199	23.7352	114
DATA	1688150300	356182098	11960	0	""	2023-06-30	14:38:20	23735.072	417.43182	2075.5793	39.148	55.001	27.8715	46.9055	0.0038709	12.1555	54.5005	62.75	0.422199	23.7356	230
DATA	1688150301	356182098	11964	0	""	2023-06-30	14:38:21	23737.1	418.56631	2075.6213	39.148	55.001	27.8699	46.9055	0.00389953	12.156	54.5005	-56.75	0.422199	23.7356	191
DATA	1688150302	356182098	11968	0	""	2023-06-30	14:38:22	23736.658	417.06805	2075.3462	39.1484	55.001	27.8666	46.9055	0.00389032	12.1563	54.5005	-7	0.422199	23.7356	189
DATA	1688150303	356182098	11972	0	""	2023-06-30	14:38:23	23738.088	417.80756	2075.6321	39.1484	55.001	27.8653	46.9054	0.00391004	12.1557	54.5005	42.75	0.422199	23.738	 28
DATA	1688150304	356182098	11976	0	""	2023-06-30	14:38:24	23735.951	417.61111	2075.6055	39.1472	55.001	27.8662	46.9052	0.00389423	12.1553	54.5005	24.75	0.422199	23.738	 21
DATA	1688150305	356182098	11980	0	""	2023-06-30	14:38:25	23735.916	417.22885	2075.6482	39.1492	55.001	27.8674	46.9055	0.0038918	12.1562	54.5005	12.5	0.422199	23.738	196
DATA	1688150306	355803012	11984	0	""	2023-06-30	14:38:26	23734.652	416.72159	2075.6091	39.1505	55.001	27.8695	46.9055	0.00387838	12.1563	54.5005	31.75	0.422199	23.738	 32
DATA	1688150307	355803012	11988	0	""	2023-06-30	14:38:27	23730.545	418.02576	2075.6038	39.1488	55.001	27.8686	46.9055	0.00385702	12.1558	54.5005	32.5	0.422199	23.7376	 35
DATA	1688150308	355803012	11992	0	""	2023-06-30	14:38:28	23726.273	417.02744	2075.6387	39.1501	55.001	27.8699	46.9055	0.00387452	12.1559	54.5005	74.5	0.422199	23.7376	 39
DATA	1688150309	355803012	11996	0	""	2023-06-30	14:38:29	23726.191	416.66013	2075.5212	39.1492	55.001	27.8711	46.9055	0.00385843	12.1558	54.5005	80.75	0.422199	23.7368	 76
DATA	1688150310	355803012	12000	0	""	2023-06-30	14:38:30	23724.994	417.17828	2075.323	39.1513	55.001	27.8719	46.9055	0.00386275	12.1558	54.5005	-23	0.422199	23.738	 99
DATA	1688150311	355803012	12004	0	""	2023-06-30	14:38:31	23726.312	416.78622	2075.7166	39.1509	55.001	27.8715	46.9054	0.00384727	12.1558	54.5005	-92.25	0.422199	23.7356	 99
DATA	1688150312	355803012	12008	0	""	2023-06-30	14:38:32	23724.938	416.27676	2075.2737	39.1521	55.001	27.8695	46.9054	0.00382798	12.1562	54.5005	219.25	0.422199	23.7356	125
DATA	1688150313	355432033	12012	0	""	2023-06-30	14:38:33	23728.336	417.63208	2075.5339	39.1501	55.001	27.8723	46.9055	0.00385177	12.1565	54.5005	4.25	0.422199	23.7356	252
DATA	1688150314	355432033	12016	0	""	2023-06-30	14:38:34	23726.475	417.32697	2075.4705	39.1497	55.001	27.8707	46.9055	0.00385014	12.1556	54.5005	-44	0.422199	23.7349	220
DATA	1688150315	355432033	12020	0	""	2023-06-30	14:38:35	23727.275	417.28091	2075.6191	39.1505	55.001	27.8707	46.9055	0.00387856	12.1563	54.5005	169.25	0.422199	23.7349	118
DATA	1688150316	355432033	12024	0	""	2023-06-30	14:38:36	23728.428	416.47186	2075.3035	39.1492	55.001	27.8682	46.9055	0.00385783	12.1556	54.5005	-79	0.422199	23.7356	232
DATA	1688150317	355432033	12028	0	""	2023-06-30	14:38:37	23727.717	416.79721	2075.6804	39.1501	55.001	27.8682	46.9055	0.00387425	12.1556	54.5005	22	0.422199	23.7356	174
DATA	1688150318	355432033	12032	0	""	2023-06-30	14:38:38	23727.258	417.65747	2075.457	39.1484	55.001	27.8662	46.9055	0.00387965	12.1562	54.5005	-11.5	0.422199	23.7349	 27
DATA	1688150319	355432033	12036	0	""	2023-06-30	14:38:39	23725.416	416.1684	2075.5928	39.1497	55.001	27.8674	46.9055	0.003871	12.1565	54.5005	39	0.422199	23.7356	 39
DATA	1688150320	355432033	12040	0	""	2023-06-30	14:38:40	23727.01	416.20233	2075.4558	39.1492	55.001	27.8678	46.9052	0.00386314	12.1556	54.5005	-20.25	0.422199	23.7376	 27
DATA	1688150321	355057001	12044	0	""	2023-06-30	14:38:41	23726.545	417.51419	2075.3132	39.1492	55.001	27.867	46.9052	0.00387938	12.1559	54.5005	-31.5	0.422199	23.7376	  1
DATA	1688150322	355057001	12048	0	""	2023-06-30	14:38:42	23721.932	417.47778	2075.5366	39.1501	55.001	27.867	46.9052	0.00387073	12.1566	54.5005	1.5	0.422199	23.738	112
DATA	1688150323	355057001	12052	0	""	2023-06-30	14:38:43	23725.391	415.86093	2075.5571	39.1509	55.001	27.8686	46.9055	0.0038454	12.156	54.5005	41.5	0.422199	23.7368	167
DATA	1688150324	355057001	12056	0	""	2023-06-30	14:38:44	23724.082	417.97943	2075.2339	39.1513	55.001	27.8686	46.9055	0.00384699	12.1561	54.5005	-15.25	0.422199	23.7368	123
DATA	1688150325	355057001	12060	0	""	2023-06-30	14:38:45	23722.467	416.89648	2075.5935	39.1497	55.001	27.869	46.9055	0.00387732	12.1565	54.5005	-99.25	0.422199	23.7372	 92
DATA	1688150326	355057001	12064	0	""	2023-06-30	14:38:46	23721.564	416.46347	2075.4519	39.1497	55.001	27.8674	46.9055	0.00386709	12.1555	54.5005	84.5	0.422199	23.7376	 36
DATA	1688150327	355057001	12068	0	""	2023-06-30	14:38:47	23716.732	418.26651	2075.4331	39.1492	55.001	27.8674	46.9055	0.00386611	12.1565	54.5005	-78	0.422199	23.7372	222
DATA	1688150328	354696035	12072	0	""	2023-06-30	14:38:48	23716.07	417.06027	2075.3933	39.1509	55.001	27.8658	46.9054	0.00386523	12.1559	54.5005	7.5	0.422199	23.736	134
DATA	1688150329	354696035	12076	0	""	2023-06-30	14:38:49	23719.479	417.41095	2075.3535	39.1509	55.001	27.8674	46.9052	0.00385041	12.1562	54.5005	33.75	0.422199	23.7352	 85
DATA	1688150330	354696035	12080	0	""	2023-06-30	14:38:50	23719.008	416.41	2075.2429	39.1509	55.001	27.8695	46.9052	0.0038536	12.1569	54.5005	195	0.422199	23.7352	 19
DATA	1688150331	354696035	12084	0	""	2023-06-30	14:38:51	23720.979	417.69168	2075.6843	39.1513	55.001	27.8695	46.9054	0.00386366	12.1564	54.5005	-92.75	0.422199	23.7349	152
DATA	1688150332	354696035	12088	0	""	2023-06-30	14:38:52	23720.406	417.24335	2075.5925	39.1505	55.001	27.8686	46.9055	0.0038724	12.1561	54.5005	-136	0.422199	23.7349	222
DATA	1688150333	354696035	12092	0	""	2023-06-30	14:38:53	23720.066	417.05753	2075.2483	39.1501	55.001	27.8649	46.9055	0.0038734	12.1559	54.5005	29.25	0.422199	23.7356	 22
DATA	1688150334	354696035	12096	0	""	2023-06-30	14:38:54	23721.258	416.65182	2075.3049	39.1505	55.001	27.8666	46.9055	0.003869	12.1556	54.5005	-68.25	0.422199	23.7349	 35
DATA	1688150335	354696035	12100	0	""	2023-06-30	14:38:55	23719.033	416.7442	2075.4287	39.1492	55.001	27.8649	46.9055	0.00388844	12.1566	54.5007	57.75	0.422199	23.7345	 41
DATA	1688150336	354315996	12104	0	""	2023-06-30	14:38:56	23717.738	416.00705	2075.2644	39.1513	55.001	27.8662	46.9055	0.00386792	12.1567	54.5005	33	0.422199	23.7376	187
DATA	1688150337	354315996	12108	0	""	2023-06-30	14:38:57	23716.516	417.55511	2075.7651	39.1525	55.001	27.8674	46.9054	0.00382937	12.1557	54.5005	140.25	0.422199	23.7376	136
DATA	1688150338	354315996	12112	0	""	2023-06-30	14:38:58	23718.314	416.15311	2075.1616	39.1517	55.001	27.8695	46.9054	0.00384435	12.1559	54.5005	-76	0.422199	23.7372	228
DATA	1688150339	354315996	12116	0	""	2023-06-30	14:38:59	23716.631	416.45746	2075.0298	39.1517	55.001	27.8649	46.9055	0.00386079	12.1554	54.5009	11.25	0.422199	23.7372	 96
DATA	1688150340	354315996	12120	0	""	2023-06-30	14:39:00	23717.615	416.44809	2075.3308	39.1517	55.001	27.8653	46.9055	0.00386981	12.1558	54.5013	-71.5	0.422199	23.7368	 69
DATA	1688150341	354315996	12124	0	""	2023-06-30	14:39:01	23716.977	417.28836	2075.147	39.1509	55.001	27.8641	46.9055	0.00386536	12.1562	54.5007	74	0.422199	23.738	 91
DATA	1688150342	354315996	12128	0	""	2023-06-30	14:39:02	23715.344	417.57245	2075.4714	39.1509	55.001	27.8653	46.9055	0.00386162	12.156	54.5011	-2	0.422199	23.7384	115
DATA	1688150343	353941917	12132	0	""	2023-06-30	14:39:03	23715.68	416.60617	2075.3533	39.1509	55.001	27.8637	46.9055	0.00386635	12.1557	54.5007	-50.5	0.422199	23.7384	 18
DATA	1688150344	353941917	12136	0	""	2023-06-30	14:39:04	23715.758	416.87256	2075.5188	39.1509	55.001	27.8645	46.9055	0.00387454	12.1561	54.5005	-59.75	0.422199	23.7368	152
DATA	1688150345	353941917	12140	0	""	2023-06-30	14:39:05	23713.963	417.05933	2075.2429	39.1509	55.001	27.8637	46.9055	0.00388098	12.1564	54.5005	-23.5	0.422199	23.7356	 75
DATA	1688150346	353941917	12144	0	""	2023-06-30	14:39:06	23717.311	416.95667	2075.1936	39.1513	55.001	27.8629	46.9054	0.00387211	12.1564	54.5005	-9	0.422199	23.7349	182
DATA	1688150347	353941917	12148	0	""	2023-06-30	14:39:07	23717.49	418.14752	2075.5979	39.1509	55.001	27.8621	46.9052	0.00386123	12.1561	54.5005	30	0.422199	23.7349	137
DATA	1688150348	353941917	12152	0	""	2023-06-30	14:39:08	23717.062	417.17758	2075.385	39.1501	55.001	27.8625	46.9055	0.00388098	12.1562	54.5005	15.25	0.422199	23.7349	 32
DATA	1688150349	353941917	12156	0	""	2023-06-30	14:39:09	23718.713	416.61087	2075.4307	39.1509	55.001	27.8608	46.9055	0.00387935	12.1555	54.5005	111	0.422199	23.7352	237
DATA	1688150350	353941917	12160	0	""	2023-06-30	14:39:10	23717.787	416.89224	2075.4978	39.1521	55.001	27.8649	46.9055	0.00385324	12.1564	54.5005	50.25	0.422199	23.7349	 85
DATA	1688150351	353571891	12164	0	""	2023-06-30	14:39:11	23715.779	416.70294	2075.2212	39.1513	55.001	27.8649	46.9055	0.00387383	12.156	54.5005	-12.75	0.422199	23.7349	 70
DATA	1688150352	353571891	12168	0	""	2023-06-30	14:39:12	23714.457	416.67804	2075.321	39.1525	55.001	27.8604	46.9055	0.00385433	12.1566	54.5005	183	0.422199	23.736	123
DATA	1688150353	353571891	12172	0	""	2023-06-30	14:39:13	23714.365	416.5368	2075.0972	39.1525	55.001	27.8633	46.9055	0.0038489	12.1562	54.5005	40.75	0.422199	23.7376	236
DATA	1688150354	353571891	12176	0	""	2023-06-30	14:39:14	23714.035	417.23651	2075.2539	39.1513	55.001	27.8633	46.9054	0.00385336	12.1559	54.5005	-53	0.422199	23.7376	222
DATA	1688150355	353571891	12180	0	""	2023-06-30	14:39:15	23713.445	416.09476	2075.438	39.1501	55.001	27.8616	46.9054	0.00388424	12.1559	54.5005	-53.25	0.422199	23.7376	 71
DATA	1688150356	353571891	12184	0	""	2023-06-30	14:39:16	23712.059	417.2854	2075.4331	39.1513	55.001	27.8604	46.9052	0.00386589	12.1557	54.5005	2.25	0.422199	23.7368	231
DATA	1688150357	353571891	12188	0	""	2023-06-30	14:39:17	23709.326	416.4025	2075.6018	39.1525	55.001	27.8621	46.9055	0.00384934	12.1557	54.5005	15	0.422199	23.7372	130
DATA	1688150358	353199005	12192	0	""	2023-06-30	14:39:18	23703.533	416.59973	2075.4211	39.1513	55.001	27.8604	46.9055	0.00385509	12.156	54.5005	44	0.422199	23.7368	127
DATA	1688150359	353199005	12196	0	""	2023-06-30	14:39:19	23701.59	415.47726	2075.3108	39.1525	55.001	27.8621	46.9055	0.00385167	12.1563	54.5005	13.25	0.422199	23.7368	 24
DATA	1688150360	353199005	12200	0	""	2023-06-30	14:39:20	23692.758	414.93518	2075.4331	39.1509	55.0012	27.8641	46.9055	0.00384487	12.1559	54.5005	-3.75	0.422199	23.7368	119
DATA	1688150361	353199005	12204	0	""	2023-06-30	14:39:21	23692.105	415.23343	2075.3081	39.1517	55.0012	27.8612	46.9055	0.00386256	12.1559	54.5005	-86.75	0.422199	23.7368	154
DATA	1688150362	353199005	12208	0	""	2023-06-30	14:39:22	23687.379	415.26331	2075.4717	39.1521	55.001	27.8588	46.9054	0.0038494	12.1567	54.5005	78	0.422199	23.7356	144
DATA	1688150363	353199005	12212	0	""	2023-06-30	14:39:23	23686.867	416.42111	2075.5649	39.1521	55.0012	27.8604	46.9052	0.00384755	12.1564	54.5005	-41.25	0.422199	23.7349	158
DATA	1688150364	353199005	12216	0	""	2023-06-30	14:39:24	23687.842	416.43497	2075.4014	39.1529	55.0012	27.86	46.9055	0.00386549	12.1559	54.5005	37.5	0.422199	23.7349	245
DATA	1688150365	353199005	12220	0	""	2023-06-30	14:39:25	23689.262	416.0957	2075.2505	39.1505	55.0012	27.8612	46.9054	0.00388569	12.1562	54.5005	-119.5	0.422199	23.7349	117
DATA	1688150366	352828979	12224	0	""	2023-06-30	14:39:26	23692.273	416.62726	2075.3462	39.1513	55.001	27.8588	46.9055	0.00386447	12.1561	54.5005	63.25	0.422199	23.7345	 95
DATA	1688150367	352828979	12228	0	""	2023-06-30	14:39:27	23693.279	415.29166	2075.4658	39.1529	55.001	27.8612	46.9055	0.00383925	12.1556	54.5005	-31	0.422199	23.7341	  0
DATA	1688150368	352828979	12232	0	""	2023-06-30	14:39:28	23691.012	415.40649	2075.1565	39.1538	55.001	27.8608	46.9055	0.00380619	12.1563	54.5005	171	0.422199	23.7352	239
DATA	1688150369	352828979	12236	0	""	2023-06-30	14:39:29	23689.965	416.15182	2075.4802	39.1529	55.001	27.8641	46.9055	0.00383442	12.1558	54.5005	137	0.422199	23.7345	  7
DATA	1688150370	352828979	12240	0	""	2023-06-30	14:39:30	23687.535	415.36017	2075.1375	39.1534	55.001	27.8641	46.9054	0.00384439	12.1562	54.5005	-52.5	0.422199	23.7376	 71
DATA	1688150371	352828979	12244	0	""	2023-06-30	14:39:31	23684.43	414.68683	2075.2332	39.1525	55.001	27.8633	46.9052	0.0038656	12.1558	54.5005	-130.5	0.422199	23.7376	 25
DATA	1688150372	352828979	12248	0	""	2023-06-30	14:39:32	23686.729	415.05618	2075.4788	39.1521	55.001	27.8596	46.9055	0.00386188	12.156	54.5005	-75.5	0.422199	23.7364	 62
DATA	1688150373	352454900	12252	0	""	2023-06-30	14:39:33	23690.223	415.39749	2075.6011	39.1509	55.001	27.8579	46.9055	0.00387992	12.1562	54.5005	139	0.422199	23.7368	241
DATA	1688150374	352454900	12256	0	""	2023-06-30	14:39:34	23692.463	415.34943	2075.4712	39.1525	55.001	27.8612	46.9055	0.0038773	12.1562	54.5005	24	0.422199	23.7368	125
DATA	1688150375	352454900	12260	0	""	2023-06-30	14:39:35	23697.396	416.08676	2075.4219	39.1525	55.001	27.8608	46.9055	0.00385882	12.1565	54.5005	0.5	0.422199	23.7368	246
DATA	1688150376	352454900	12264	0	""	2023-06-30	14:39:36	23694.855	415.15073	2075.4246	39.1525	55.001	27.8608	46.9055	0.00385654	12.1567	54.5005	73.25	0.422199	23.7368	 88
DATA	1688150377	352454900	12268	0	""	2023-06-30	14:39:37	23694.676	416.06787	2075.6248	39.1509	55.001	27.8625	46.9055	0.00386842	12.1557	54.5005	-148	0.422199	23.7364	 55
DATA	1688150378	352454900	12272	0	""	2023-06-30	14:39:38	23694.627	416.2287	2075.4348	39.1517	55.001	27.8592	46.9055	0.0038646	12.1555	54.5005	-31.25	0.422199	23.7352	 27
DATA	1688150379	352454900	12276	0	""	2023-06-30	14:39:39	23693.65	415.73917	2075.3877	39.1513	55.001	27.8571	46.9052	0.00387652	12.1556	54.5005	-47.75	0.422199	23.7356	100
DATA	1688150380	352454900	12280	0	""	2023-06-30	14:39:40	23693.008	415.32495	2075.3596	39.1525	55.001	27.8571	46.9052	0.00385498	12.1558	54.5005	68	0.422199	23.7349	191
DATA	1688150381	352086067	12284	0	""	2023-06-30	14:39:41	23694.293	415.22147	2075.1809	39.1534	55.001	27.8579	46.9052	0.00384372	12.1568	54.5005	-40.25	0.422199	23.7349	124
DATA	1688150382	352086067	12288	0	""	2023-06-30	14:39:42	23694.486	415.58139	2075.4189	39.1525	55.001	27.8559	46.9055	0.00385784	12.1558	54.5005	142	0.422199	23.7345	  9
DATA	1688150383	352086067	12292	0	""	2023-06-30	14:39:43	23694.596	414.3591	2075.3945	39.1521	55.001	27.8592	46.9055	0.00384985	12.156	54.5005	163.25	0.422199	23.7345	 42
DATA	1688150384	352086067	12296	0	""	2023-06-30	14:39:44	23695.475	415.82846	2075.5066	39.1538	55.001	27.8588	46.9055	0.00385673	12.1571	54.5005	-117.5	0.422199	23.7352	150
DATA	1688150385	352086067	12300	0	""	2023-06-30	14:39:45	23696.385	416.27454	2075.4202	39.1529	55.001	27.8563	46.9055	0.00385625	12.156	54.5005	36.75	0.422199	23.7345	 29
DATA	1688150386	352086067	12304	0	""	2023-06-30	14:39:46	23696.387	416.30707	2075.1265	39.1529	55.001	27.8571	46.9055	0.00386968	12.1559	54.5005	-29.75	0.422199	23.7345	151
DATA	1688150387	352086067	12308	0	""	2023-06-30	14:39:47	23697.396	415.79745	2075.2505	39.1521	55.001	27.8563	46.9055	0.00387181	12.1562	54.5005	70.5	0.422199	23.7372	 41
DATA	1688150388	351712942	12312	0	""	2023-06-30	14:39:48	23695.125	416.27515	2075.125	39.1525	55.001	27.8555	46.9054	0.00386477	12.1565	54.5007	24.25	0.422199	23.7384	 28
DATA	1688150389	351712942	12316	0	""	2023-06-30	14:39:49	23696.002	416.2326	2075.3972	39.1525	55.001	27.8584	46.9052	0.00385659	12.1558	54.5005	-16	0.422199	23.736	135
DATA	1688150390	351712942	12320	0	""	2023-06-30	14:39:50	23694.25	415.76242	2075.5171	39.1538	55.001	27.8575	46.9055	0.00385916	12.156	54.5005	58.25	0.422199	23.7368	231
DATA	1688150391	351712942	12324	0	""	2023-06-30	14:39:51	23697.193	415.73251	2075.3655	39.1517	55.001	27.8559	46.9055	0.00389026	12.1569	54.5005	-19.75	0.422199	23.7372	134
DATA	1688150392	351712942	12328	0	""	2023-06-30	14:39:52	23694.803	415.95453	2075.3838	39.1534	55.001	27.8551	46.9055	0.00387065	12.1563	54.5005	40	0.422199	23.7364	184
DATA	1688150393	351712942	12332	0	""	2023-06-30	14:39:53	23697.744	415.69275	2075.2231	39.1534	55.001	27.8551	46.9055	0.00385444	12.1565	54.5005	51.5	0.422199	23.7364	 23
DATA	1688150394	351712942	12336	0	""	2023-06-30	14:39:54	23699.594	415.50616	2075.2217	39.1529	55.001	27.8567	46.9055	0.00386039	12.1562	54.5005	-7.75	0.422199	23.7376	 92
DATA	1688150395	351712942	12340	0	""	2023-06-30	14:39:55	23705.885	416.64542	2075.385	39.155	55.001	27.8563	46.9054	0.00385876	12.1562	54.5005	68	0.422199	23.7352	 95
DATA	1688150396	351342916	12344	0	""	2023-06-30	14:39:56	23708.16	415.93796	2075.3577	39.155	55.0012	27.8575	46.9052	0.00384331	12.1561	54.5005	-25.5	0.422199	23.7352	 24
DATA	1688150397	351342916	12348	0	""	2023-06-30	14:39:57	23705.539	415.42471	2075.2544	39.1554	55.001	27.8575	46.9052	0.00384717	12.1563	54.5005	-16	0.422199	23.7352	231
DATA	1688150398	351342916	12352	0	""	2023-06-30	14:39:58	23709.572	415.99304	2075.2781	39.1521	55.0012	27.8575	46.9054	0.00386729	12.1559	54.5005	-129	0.422199	23.7341	 90
DATA	1688150399	351342916	12356	0	""	2023-06-30	14:39:59	23712.002	417.36679	2075.3193	39.1534	55.0012	27.8559	46.9055	0.00387788	12.1559	54.5005	119.75	0.422199	23.7341	205
DATA	1688150400	351342916	12360	0	""	2023-06-30	14:40:00	23711.469	416.33484	2075.1443	39.1525	55.001	27.8575	46.9055	0.0038695	12.1562	54.5005	36	0.422199	23.7345	103
DATA	1688150401	351342916	12364	0	""	2023-06-30	14:40:01	23711.951	416.17462	2075.3418	39.1546	55.001	27.8547	46.9055	0.00387052	12.1559	54.5005	-11.5	0.422199	23.7345	 38
DATA	1688150402	351342916	12368	0	""	2023-06-30	14:40:02	23710.311	416.62762	2075.1421	39.1542	55.001	27.8534	46.9055	0.00387057	12.1564	54.5005	-38.75	0.422199	23.7349	 89
DATA	1688150403	350967884	12372	0	""	2023-06-30	14:40:03	23709.105	416.55032	2075.3843	39.1521	55.001	27.8538	46.9055	0.00387683	12.1555	54.5005	-28.25	0.422199	23.7345	109
DATA	1688150404	350967884	12376	0	""	2023-06-30	14:40:04	23708.383	416.84402	2075.3679	39.1529	55.001	27.8505	46.9054	0.00388045	12.1564	54.5005	19.5	0.422199	23.7364	 32
DATA	1688150405	350967884	12380	0	""	2023-06-30	14:40:05	23708.066	417.41504	2075.2156	39.1534	55.001	27.8518	46.9055	0.00387487	12.1557	54.5005	75	0.422199	23.7364	184
DATA	1688150406	350967884	12384	0	""	2023-06-30	14:40:06	23704.93	416.10947	2075.4731	39.1542	55.001	27.8542	46.9052	0.00387017	12.1559	54.5007	31.5	0.422199	23.7364	222
DATA	1688150407	350967884	12388	0	""	2023-06-30	14:40:07	23702.305	416.9303	2075.4346	39.1554	55.001	27.8551	46.9052	0.00384688	12.1554	54.5007	-75.75	0.422199	23.7368	 83
DATA	1688150408	350967884	12392	0	""	2023-06-30	14:40:08	23700.523	415.84885	2075.0386	39.1538	55.001	27.8534	46.9055	0.00385287	12.1562	54.5005	10.75	0.422199	23.7368	 88
DATA	1688150409	350967884	12396	0	""	2023-06-30	14:40:09	23697.977	415.52167	2075.1208	39.1534	55.001	27.8547	46.9055	0.00387469	12.1565	54.5005	47.25	0.422199	23.736	 60
DATA	1688150410	350967884	12400	0	""	2023-06-30	14:40:10	23696.121	414.99368	2075.2642	39.1554	55.001	27.8567	46.9055	0.00384142	12.1559	54.5005	-15.25	0.422199	23.7364	110
DATA	1688150411	350606918	12404	0	""	2023-06-30	14:40:11	23696.568	415.36826	2075.2742	39.155	55.001	27.8538	46.9055	0.00385287	12.1557	54.5009	-23.5	0.422199	23.7364	 19
DATA	1688150412	350606918	12408	0	""	2023-06-30	14:40:12	23696.85	414.66562	2075.3987	39.1542	55.001	27.8526	46.9055	0.00386263	12.156	54.5005	122.75	0.422199	23.7349	 26
DATA	1688150413	350606918	12412	0	""	2023-06-30	14:40:13	23695.002	414.77609	2075.1885	39.1542	55.001	27.8538	46.9052	0.00384687	12.1559	54.5009	-48.5	0.422199	23.7356	 73
DATA	1688150414	350606918	12416	0	""	2023-06-30	14:40:14	23694.957	414.87781	2075.312	39.1554	55.001	27.8547	46.9054	0.00383592	12.1563	54.5009	20.25	0.422199	23.7349	 26
DATA	1688150415	350606918	12420	0	""	2023-06-30	14:40:15	23696.643	415.95499	2075.5037	39.1534	55.001	27.8542	46.9054	0.00385805	12.1563	54.5009	-11.25	0.422199	23.7356	115
DATA	1688150416	350606918	12424	0	""	2023-06-30	14:40:16	23699.029	415.42264	2075.2097	39.1538	55.001	27.8534	46.9055	0.00386107	12.156	54.5007	28.5	0.422199	23.736	172
DATA	1688150417	350606918	12428	0	""	2023-06-30	14:40:17	23698.459	415.91684	2075.4292	39.1538	55.001	27.851	46.9055	0.00386221	12.1568	54.5005	-56.25	0.422199	23.736	 30
DATA	1688150418	350229024	12432	0	""	2023-06-30	14:40:18	23699.328	416.48239	2075.3079	39.1546	55.001	27.851	46.9055	0.00387727	12.1563	54.5005	88.75	0.422199	23.7349	 39
DATA	1688150419	350229024	12436	0	""	2023-06-30	14:40:19	23699.445	415.83957	2075.2625	39.1558	55.001	27.8501	46.9055	0.00385158	12.1561	54.5005	201.25	0.422199	23.7329	119
DATA	1688150420	350229024	12440	0	""	2023-06-30	14:40:20	23700.717	416.78906	2075.3186	39.155	55.001	27.851	46.9055	0.00386109	12.1562	54.5005	-14.75	0.422199	23.7352	235
DATA	1688150421	350229024	12444	0	""	2023-06-30	14:40:21	23701.035	417.01303	2075.2507	39.1542	55.001	27.851	46.9054	0.00387402	12.1562	54.5005	30.75	0.422199	23.7368	214
DATA	1688150422	350229024	12448	0	""	2023-06-30	14:40:22	23703.111	415.95718	2075.1882	39.1542	55.001	27.8514	46.9052	0.00387449	12.1562	54.5005	72.75	0.422199	23.7368	 54
DATA	1688150423	350229024	12452	0	""	2023-06-30	14:40:23	23702.881	416.25192	2075.2727	39.1571	55.001	27.8547	46.9052	0.00383848	12.1559	54.5005	7.5	0.422199	23.7372	212
DATA	1688150424	350229024	12456	0	""	2023-06-30	14:40:24	23703.836	417.27148	2075.2	39.1542	55.001	27.8526	46.9055	0.00386917	12.1564	54.5005	-42.25	0.422199	23.7368	204
DATA	1688150425	350229024	12460	0	""	2023-06-30	14:40:25	23705.336	415.6994	2075.2629	39.1546	55.001	27.8526	46.9055	0.00388294	12.1558	54.5005	69.5	0.422199	23.7364	232
DATA	1688150426	349864006	12464	0	""	2023-06-30	14:40:26	23703.639	415.71295	2075.1873	39.1554	55.001	27.8538	46.9055	0.0038587	12.1565	54.5005	-68.75	0.422199	23.7368	 95
DATA	1688150427	349864006	12468	0	""	2023-06-30	14:40:27	23704.391	415.2171	2075.4443	39.155	55.001	27.851	46.9055	0.00385792	12.1571	54.5005	-62.25	0.422199	23.7364	211
DATA	1688150428	349864006	12472	0	""	2023-06-30	14:40:28	23702.045	415.71402	2075.2046	39.1558	55.001	27.8501	46.9055	0.00386742	12.1557	54.5005	-8.25	0.422199	23.736	254
DATA	1688150429	349864006	12476	0	""	2023-06-30	14:40:29	23702.051	415.05072	2075.2983	39.1558	55.001	27.8522	46.9054	0.00384346	12.1565	54.5005	135.25	0.422199	23.7345	113
DATA	1688150430	349864006	12480	0	""	2023-06-30	14:40:30	23698.926	414.65195	2075.282	39.1566	55.001	27.8526	46.9052	0.00385841	12.1558	54.5005	-42.5	0.422199	23.7345	 18
DATA	1688150431	349864006	12484	0	""	2023-06-30	14:40:31	23697.59	414.61093	2075.4048	39.1554	55.001	27.8505	46.9052	0.00385505	12.1562	54.5005	47.25	0.422199	23.7345	 13
DATA	1688150432	349864006	12488	0	""	2023-06-30	14:40:32	23693.258	414.52542	2075.2183	39.1566	55.001	27.853	46.9055	0.00386059	12.1558	54.5005	12.25	0.422199	23.7345	 19
DATA	1688150433	349484920	12492	0	""	2023-06-30	14:40:33	23691.539	415.47534	2075.5193	39.1554	55.001	27.851	46.9055	0.00383888	12.1562	54.5005	20.5	0.422199	23.7345	231
DATA	1688150434	349484920	12496	0	""	2023-06-30	14:40:34	23690.27	415.38629	2075.572	39.1542	55.001	27.851	46.9055	0.00386012	12.1559	54.5005	-94	0.422199	23.7341	 71
DATA	1688150435	349484920	12500	0	""	2023-06-30	14:40:35	23688.533	414.73059	2075.6206	39.1546	55.001	27.8497	46.9055	0.00386078	12.156	54.5005	47.25	0.422199	23.7337	 32
DATA	1688150436	349484920	12504	0	""	2023-06-30	14:40:36	23684.291	415.29666	2075.2852	39.1566	55.001	27.851	46.9055	0.00385539	12.1554	54.5005	87.75	0.422199	23.7345	 44
DATA	1688150437	349484920	12508	0	""	2023-06-30	14:40:37	23689.496	415.37265	2075.5061	39.155	55.001	27.8518	46.9055	0.00386121	12.1563	54.5005	-95.25	0.422199	23.7349	 83
DATA	1688150438	349484920	12512	0	""	2023-06-30	14:40:38	23689.004	414.99734	2075.3997	39.155	55.001	27.8489	46.9054	0.00386386	12.1569	54.5005	-48.75	0.422199	23.7364	114
DATA	1688150439	349484920	12516	0	""	2023-06-30	14:40:39	23682.596	413.67804	2075.5498	39.1558	55.001	27.8493	46.9052	0.00386307	12.1569	54.5005	-54.25	0.422199	23.7364	153
DATA	1688150440	349484920	12520	0	""	2023-06-30	14:40:40	23666.592	413.75516	2075.0942	39.1554	55.001	27.8481	46.9054	0.00385837	12.1561	54.5005	154	0.422199	23.7368	227
DATA	1688150441	349113941	12524	0	""	2023-06-30	14:40:41	23661.061	413.82986	2075.4272	39.1554	55.001	27.8534	46.9055	0.00386798	12.1561	54.5005	134.5	0.422199	23.736	 12
DATA	1688150442	349113941	12528	0	""	2023-06-30	14:40:42	23661.748	413.70679	2075.3003	39.1566	55.001	27.8505	46.9055	0.00384489	12.1565	54.5005	-115.5	0.422199	23.7364	113
DATA	1688150443	349113941	12532	0	""	2023-06-30	14:40:43	23659.6	413.26843	2075.2517	39.1566	55.001	27.8485	46.9055	0.00383247	12.1561	54.5005	63.75	0.422199	23.7364	225
DATA	1688150444	349113941	12536	0	""	2023-06-30	14:40:44	23648.162	411.7662	2075.1118	39.1554	55.001	27.8505	46.9055	0.00383889	12.1562	54.5005	21.5	0.422199	23.736	162
DATA	1688150445	349113941	12540	0	""	2023-06-30	14:40:45	23646.711	411.92307	2075.0227	39.1562	55.001	27.8501	46.9055	0.00383461	12.1563	54.5005	3	0.422199	23.736	 40
DATA	1688150446	349113941	12544	0	""	2023-06-30	14:40:46	23659.619	414.40921	2075.0237	39.1562	55.001	27.853	46.9055	0.00384828	12.1557	54.5005	85.75	0.422199	23.7341	 24
DATA	1688150447	349113941	12548	0	""	2023-06-30	14:40:47	23667.984	415.17041	2075.209	39.1554	55.001	27.8526	46.9054	0.00387081	12.1563	54.5005	-135.5	0.422199	23.7345	 65
DATA	1688150448	348742961	12552	0	""	2023-06-30	14:40:48	23665.018	414.08328	2075.4644	39.1554	55.001	27.8489	46.9048	0.00385697	12.1562	54.5005	-86.25	0.421462	23.7341	135
DATA	1688150449	348742961	12556	0	""	2023-06-30	14:40:49	23662.195	413.78473	2075.3564	39.155	55.001	27.8464	46.9044	0.00386611	12.1563	54.5005	23.75	0.421462	23.7341	 27
DATA	1688150450	348742961	12560	0	""	2023-06-30	14:40:50	23667.287	413.29837	2075.3618	39.1579	55.001	27.8497	46.9048	0.00382527	12.1564	54.5005	167.5	0.421462	23.7333	 88
DATA	1688150451	348742961	12564	0	""	2023-06-30	14:40:51	23671.768	413.35672	2075.5747	39.1591	55.001	27.8526	46.9048	0.0038017	12.1564	54.5005	-4.5	0.421462	23.7337	222
DATA	1688150452	348742961	12568	0	""	2023-06-30	14:40:52	23670.338	414.1937	2075.0923	39.1579	55.001	27.853	46.9048	0.00381562	12.156	54.5005	58.75	0.421462	23.7341	178
DATA	1688150453	348742961	12572	0	""	2023-06-30	14:40:53	23671.367	413.47195	2075.2896	39.1566	55.001	27.851	46.9048	0.00384204	12.1567	54.5005	-110.25	0.421462	23.7341	108
DATA	1688150454	348742961	12576	0	""	2023-06-30	14:40:54	23671.121	413.84589	2075.3223	39.1558	55.001	27.8493	46.9048	0.00386344	12.1565	54.5005	117	0.421462	23.7345	232
DATA	1688150455	348742961	12580	0	""	2023-06-30	14:40:55	23671.484	413.99405	2075.3179	39.1562	55.001	27.8497	46.905	0.00386151	12.1558	54.5005	-57.25	0.421462	23.7364	 80
DATA	1688150456	348376035	12584	0	""	2023-06-30	14:40:56	23671.248	413.83859	2075.1931	39.1542	55.001	27.8481	46.9044	0.00387493	12.1563	54.5005	-95.25	0.421462	23.7364	129
DATA	1688150457	348376035	12588	0	""	2023-06-30	14:40:57	23663.83	411.98099	2075.3408	39.155	55.001	27.846	46.9048	0.0038738	12.1565	54.5005	56.5	0.421462	23.7364	 97
DATA	1688150458	348376035	12592	0	""	2023-06-30	14:40:58	23651.467	411.22717	2075.033	39.1558	55.001	27.8464	46.9048	0.00384791	12.1562	54.5005	119.25	0.421462	23.7364	 70
DATA	1688150459	348376035	12596	0	""	2023-06-30	14:40:59	23634.256	409.8656	2074.8149	39.1554	55.001	27.8473	46.9048	0.0038589	12.1569	54.5005	-58.75	0.421462	23.7368	 65
DATA	1688150460	348376035	12600	0	""	2023-06-30	14:41:00	23618.354	410.00162	2075.4053	39.1558	55.001	27.8473	46.9048	0.00383468	12.1562	54.5005	62.5	0.421462	23.736	185
DATA	1688150461	348376035	12604	0	""	2023-06-30	14:41:01	23619.305	409.68756	2075.1973	39.1554	55.001	27.8481	46.9048	0.00385476	12.1565	54.5005	-22	0.421462	23.7356	221
DATA	1688150462	348376035	12608	0	""	2023-06-30	14:41:02	23620.221	410.97226	2075.1731	39.1558	55.001	27.8477	46.9048	0.00386947	12.1566	54.5005	-121.5	0.421462	23.7364	 98
DATA	1688150463	347997903	12612	0	""	2023-06-30	14:41:03	23621.662	410.68738	2075.2405	39.1566	55.001	27.8464	46.9046	0.00384122	12.1567	54.5005	31.5	0.421462	23.7345	  5
DATA	1688150464	347997903	12616	0	""	2023-06-30	14:41:04	23633.133	411.24356	2075.1846	39.1566	55.001	27.8456	46.9044	0.00383502	12.1562	54.5005	-65.25	0.421462	23.7341	 97
DATA	1688150465	347997903	12620	0	""	2023-06-30	14:41:05	23644.924	411.17249	2074.9995	39.1558	55.001	27.8444	46.9046	0.00386703	12.1563	54.5005	22	0.421462	23.7341	181
DATA	1688150466	347997903	12624	0	""	2023-06-30	14:41:06	23647.609	412.03583	2075.187	39.1562	55.001	27.8436	46.9046	0.00386506	12.1569	54.5005	13	0.421462	23.7337	132
DATA	1688150467	347997903	12628	0	""	2023-06-30	14:41:07	23651.156	411.94241	2075.1655	39.1571	55.001	27.8456	46.9048	0.00383929	12.1564	54.5005	77.25	0.421462	23.7333	 83
DATA	1688150468	347997903	12632	0	""	2023-06-30	14:41:08	23645.189	411.08109	2074.9995	39.1566	55.001	27.8456	46.9048	0.0038434	12.1564	54.5005	-34.5	0.421462	23.7341	 32
DATA	1688150469	347997903	12636	0	""	2023-06-30	14:41:09	23638.611	410.93967	2075.126	39.1566	55.001	27.8444	46.9048	0.00383211	12.1569	54.5005	19.25	0.421462	23.7337	 34
DATA	1688150470	347997903	12640	0	""	2023-06-30	14:41:10	23620.967	409.53391	2075.0354	39.1562	55.001	27.8436	46.9048	0.00384649	12.1567	54.5005	-0.5	0.421462	23.7337	 12
DATA	1688150471	347639083	12644	0	""	2023-06-30	14:41:11	23602.939	408.82278	2074.8853	39.1558	55.001	27.846	46.9048	0.00385423	12.1566	54.5005	-37.75	0.421462	23.7345	 81
DATA	1688150472	347639083	12648	0	""	2023-06-30	14:41:12	23599.352	409.88126	2075.261	39.1579	55.001	27.8456	46.9046	0.00383226	12.1569	54.5005	75.25	0.421462	23.7364	 37
DATA	1688150473	347639083	12652	0	""	2023-06-30	14:41:13	23606.314	410.12439	2074.7703	39.1587	55.001	27.8485	46.9044	0.00381959	12.1559	54.5005	75.25	0.421462	23.7364	 71
DATA	1688150474	347639083	12656	0	""	2023-06-30	14:41:14	23613.809	410.10596	2075.0117	39.1579	55.001	27.8477	46.9048	0.00382339	12.156	54.5005	-122.75	0.421462	23.7368	117
DATA	1688150475	347639083	12660	0	""	2023-06-30	14:41:15	23613.342	410.16217	2074.9446	39.1583	55.001	27.8448	46.9048	0.0038427	12.1557	54.5005	-8.5	0.421462	23.7364	214
DATA	1688150476	347639083	12664	0	""	2023-06-30	14:41:16	23607.115	410.00064	2075.0723	39.1571	55.001	27.8452	46.9048	0.00384508	12.1561	54.5005	-26.75	0.421462	23.7364	 90
DATA	1688150477	347639083	12668	0	""	2023-06-30	14:41:17	23608.217	410.99313	2075.0647	39.1562	55.001	27.8415	46.9048	0.0038653	12.1562	54.5005	-93	0.421462	23.7356	176
DATA	1688150478	347255945	12672	0	""	2023-06-30	14:41:18	23609.566	410.56485	2075.1367	39.1579	55.001	27.8415	46.9048	0.00384015	12.1566	54.5005	178	0.421462	23.7364	247
DATA	1688150479	347255945	12676	0	""	2023-06-30	14:41:19	23595.236	409.1409	2074.9163	39.1566	55.001	27.8427	46.9048	0.00385843	12.1563	54.5005	-5.25	0.421462	23.736	239
DATA	1688150480	347255945	12680	0	""	2023-06-30	14:41:20	23596.342	409.12952	2075.177	39.1558	55.001	27.8423	46.9048	0.00384094	12.1572	54.5005	148	0.421462	23.7333	171
DATA	1688150481	347255945	12684	0	""	2023-06-30	14:41:21	23603.658	409.9231	2075.0005	39.155	55.001	27.844	46.9046	0.00384455	12.1562	54.5005	-104.25	0.421462	23.7341	240
DATA	1688150482	347255945	12688	0	""	2023-06-30	14:41:22	23606.986	410.85562	2074.8853	39.1558	55.001	27.8419	46.9046	0.00385117	12.1567	54.5005	55.75	0.421462	23.7341	 94
DATA	1688150483	347255945	12692	0	""	2023-06-30	14:41:23	23614.445	411.39404	2075.1318	39.1562	55.001	27.8431	46.9048	0.00386227	12.156	54.5005	94.75	0.421462	23.7341	  7
DATA	1688150484	347255945	12696	0	""	2023-06-30	14:41:24	23620.68	410.96964	2075.2542	39.1566	55.001	27.8436	46.9048	0.00384421	12.1562	54.5005	73.75	0.421462	23.7341	 26
DATA	1688150485	347255945	12700	0	""	2023-06-30	14:41:25	23620.023	410.8024	2075.1433	39.1583	55.001	27.8431	46.9048	0.0038346	12.1559	54.5005	-66.25	0.421462	23.7341	235
DATA	1688150486	346890926	12704	0	""	2023-06-30	14:41:26	23625.557	412.15762	2075.1001	39.1575	55.001	27.8411	46.9048	0.00385659	12.1564	54.5005	102.25	0.421462	23.7341	102
DATA	1688150487	346890926	12708	0	""	2023-06-30	14:41:27	23626.768	411.79126	2075.1426	39.1575	55.001	27.8444	46.9048	0.00384171	12.157	54.5005	166.25	0.421462	23.7341	 80
DATA	1688150488	346890926	12712	0	""	2023-06-30	14:41:28	23630.41	413.34207	2075.1663	39.1575	55.0012	27.844	46.9048	0.00383633	12.1572	54.5005	-48	0.421462	23.7345	161
DATA	1688150489	346890926	12716	0	""	2023-06-30	14:41:29	23643.965	412.36728	2075.0476	39.1562	55.0012	27.8423	46.9046	0.00386482	12.1558	54.5005	-23.75	0.421462	23.7364	188
DATA	1688150490	346890926	12720	0	""	2023-06-30	14:41:30	23644.652	413.96124	2075.1272	39.1587	55.001	27.8419	46.9044	0.00384614	12.1565	54.5005	17	0.421462	23.7364	166
DATA	1688150491	346890926	12724	0	""	2023-06-30	14:41:31	23649.613	413.41064	2075.1509	39.1558	55.0016	27.8419	46.9048	0.00386333	12.1563	54.5005	-67	0.421462	23.7364	 18
DATA	1688150492	346890926	12728	0	""	2023-06-30	14:41:32	23650.41	412.81058	2075.0425	39.1591	55.0014	27.8423	46.9048	0.00383648	12.1566	54.5005	52.75	0.421462	23.736	 15
DATA	1688150493	346513032	12732	0	""	2023-06-30	14:41:33	23655.051	412.4205	2075.1902	39.1583	55.0018	27.8427	46.9048	0.00384204	12.1559	54.5005	-87	0.421462	23.7364	195
DATA	1688150494	346513032	12736	0	""	2023-06-30	14:41:34	23659.381	412.97144	2075.2344	39.1562	55.0012	27.8423	46.9048	0.00387807	12.1562	54.5005	59.75	0.421462	23.7368	123
DATA	1688150495	346513032	12740	0	""	2023-06-30	14:41:35	23661.736	413.81067	2075.0127	39.1579	55.0016	27.8423	46.9048	0.00383249	12.1562	54.5005	9.75	0.421462	23.7364	 63
DATA	1688150496	346513032	12744	0	""	2023-06-30	14:41:36	23661.637	413.9505	2075.1611	39.1583	55.0012	27.844	46.9048	0.00384018	12.1565	54.5005	-6.25	0.421462	23.736	198
DATA	1688150497	346513032	12748	0	""	2023-06-30	14:41:37	23663.865	413.15042	2075.1055	39.1566	55.001	27.8419	46.9048	0.00386307	12.1568	54.5005	-69.75	0.421462	23.7345	120
DATA	1688150498	346513032	12752	0	""	2023-06-30	14:41:38	23662.781	413.30499	2075.2522	39.1595	55.001	27.8403	46.9044	0.00383973	12.1565	54.5005	74.25	0.421462	23.7345	 66
DATA	1688150499	346513032	12756	0	""	2023-06-30	14:41:39	23661.633	414.25638	2075.1252	39.1591	55.001	27.8423	46.9044	0.00383192	12.1563	54.5005	-19.25	0.421462	23.7341	 95
DATA	1688150500	346513032	12760	0	""	2023-06-30	14:41:40	23665.586	414.33914	2075.1001	39.1562	55.001	27.8431	46.9048	0.00386593	12.1559	54.5005	63.25	0.421462	23.7337	 37
DATA	1688150501	346148014	12764	0	""	2023-06-30	14:41:41	23666.484	413.64401	2075.2998	39.1583	55.001	27.8431	46.9048	0.00386722	12.1561	54.5005	168.75	0.421462	23.7329	115
DATA	1688150502	346148014	12768	0	""	2023-06-30	14:41:42	23666.885	414.66193	2075.28	39.1595	55.001	27.844	46.9048	0.00381692	12.1563	54.5007	-32.5	0.421462	23.7333	166
DATA	1688150503	346148014	12772	0	""	2023-06-30	14:41:43	23665.012	414.4353	2075.2141	39.1579	55.001	27.8427	46.9048	0.00384135	12.1565	54.5005	17.5	0.421462	23.7341	187
DATA	1688150504	346148014	12776	0	""	2023-06-30	14:41:44	23664.189	414.91528	2075.1775	39.1587	55.001	27.8431	46.9048	0.00383031	12.1565	54.5005	197.25	0.421462	23.7349	124
DATA	1688150505	346148014	12780	0	""	2023-06-30	14:41:45	23665.416	413.45386	2075.2695	39.1554	55.001	27.8448	46.9048	0.003874	12.1562	54.5005	-161.75	0.421462	23.7345	 61
DATA	1688150506	346148014	12784	0	""	2023-06-30	14:41:46	23664.85	413.90982	2075.064	39.1579	55.001	27.8394	46.9046	0.00387212	12.1562	54.5005	-118.75	0.421462	23.7364	 67
DATA	1688150507	346148014	12788	0	""	2023-06-30	14:41:47	23664.555	413.36096	2075.0144	39.1579	55.001	27.8378	46.9044	0.00385745	12.1563	54.5005	75.25	0.421462	23.736	 28
DATA	1688150508	345768928	12792	0	""	2023-06-30	14:41:48	23663.273	414.15802	2075.1389	39.1575	55.001	27.8386	46.9048	0.0038566	12.1562	54.5005	-8	0.421462	23.7356	146
DATA	1688150509	345768928	12796	0	""	2023-06-30	14:41:49	23666.109	414.9324	2075.1704	39.1591	55.001	27.839	46.9048	0.00386185	12.1561	54.5005	92.25	0.421462	23.7356	248
DATA	1688150510	345768928	12800	0	""	2023-06-30	14:41:50	23663.393	413.52597	2075.0684	39.1591	55.001	27.8415	46.9048	0.0038373	12.156	54.5005	114.5	0.421462	23.7341	212
DATA	1688150511	345768928	12804	0	""	2023-06-30	14:41:51	23666.285	412.8299	2075.0913	39.1591	55.001	27.8386	46.9048	0.00385285	12.1568	54.5005	5.75	0.421462	23.7364	248
DATA	1688150512	345768928	12808	0	""	2023-06-30	14:41:52	23665.988	413.54852	2075.0952	39.1587	55.001	27.8394	46.9048	0.00385019	12.1565	54.5005	-24.25	0.421462	23.7352	137
DATA	1688150513	345768928	12812	0	""	2023-06-30	14:41:53	23667.785	413.63507	2075.1482	39.1583	55.001	27.8394	46.9048	0.00386956	12.1565	54.5005	-8.25	0.421462	23.7356	 92
DATA	1688150514	345768928	12816	0	""	2023-06-30	14:41:54	23664.857	414.51199	2075.1377	39.1575	55.001	27.8394	46.9044	0.00388665	12.1564	54.5005	3.75	0.421462	23.7341	 47
DATA	1688150515	345768928	12820	0	""	2023-06-30	14:41:55	23667.139	414.87781	2075.0623	39.1595	55.001	27.8419	46.9044	0.00383858	12.1564	54.5005	15	0.421462	23.7333	192
DATA	1688150516	345406055	12824	0	""	2023-06-30	14:41:56	23666.979	413.5788	2075.061	39.1603	55.001	27.8419	46.9044	0.0038368	12.1568	54.5005	-28.75	0.421462	23.7337	231
DATA	1688150517	345406055	12828	0	""	2023-06-30	14:41:57	23668.158	413.81549	2075.1013	39.1583	55.001	27.839	46.9044	0.00385413	12.1557	54.5005	-17.75	0.421462	23.7333	 58
DATA	1688150518	345406055	12832	0	""	2023-06-30	14:41:58	23669.832	413.79834	2075.0901	39.1587	55.001	27.8382	46.9048	0.00387302	12.1566	54.5005	-96.5	0.421462	23.7337	 76
DATA	1688150519	345406055	12836	0	""	2023-06-30	14:41:59	23669.092	414.25592	2075.3064	39.1591	55.001	27.8386	46.9048	0.00384258	12.1563	54.5005	138.5	0.421462	23.7333	 75
DATA	1688150520	345406055	12840	0	""	2023-06-30	14:42:00	23669.488	413.68137	2075.2456	39.1591	55.001	27.8394	46.9048	0.00383016	12.1563	54.5005	28	0.421462	23.7337	164
DATA	1688150521	345406055	12844	0	""	2023-06-30	14:42:01	23668.354	412.92651	2075.1848	39.1595	55.001	27.839	46.9048	0.00383687	12.1558	54.5007	19.75	0.421462	23.7341	 27
DATA	1688150522	345406055	12848	0	""	2023-06-30	14:42:02	23665.064	413.65707	2075.021	39.1579	55.001	27.8382	46.9048	0.00386282	12.1556	54.5005	-39.5	0.421462	23.736	207
DATA	1688150523	345029115	12852	0	""	2023-06-30	14:42:03	23664.945	413.69296	2075.0771	39.1612	55.001	27.8394	46.9044	0.00384602	12.1568	54.5007	78.75	0.421462	23.7364	 71
DATA	1688150524	345029115	12856	0	""	2023-06-30	14:42:04	23664.236	413.84964	2075.0017	39.1587	55.001	27.8403	46.9048	0.0038353	12.1566	54.5005	70.75	0.421462	23.736	211
DATA	1688150525	345029115	12860	0	""	2023-06-30	14:42:05	23665.721	414.40073	2075.1694	39.1587	55.001	27.8394	46.9048	0.00386217	12.1563	54.5009	-138.25	0.421462	23.7364	156
DATA	1688150526	345029115	12864	0	""	2023-06-30	14:42:06	23664.561	413.57584	2075.1533	39.1591	55.001	27.8374	46.9048	0.00387976	12.1564	54.5009	77.5	0.421462	23.7368	 39
DATA	1688150527	345029115	12868	0	""	2023-06-30	14:42:07	23663.604	413.95374	2075.3518	39.1612	55.001	27.8411	46.9048	0.00381832	12.1567	54.5007	167.25	0.421462	23.7368	116
DATA	1688150528	345029115	12872	0	""	2023-06-30	14:42:08	23663.484	413.73517	2075.1118	39.1608	55.001	27.8436	46.9048	0.00382465	12.1561	54.5005	-124.75	0.421462	23.736	102
DATA	1688150529	345029115	12876	0	""	2023-06-30	14:42:09	23659.639	414.38913	2075.031	39.1595	55.001	27.839	46.9048	0.00385269	12.1559	54.5005	56	0.421462	23.7356	 96
DATA	1688150530	345029115	12880	0	""	2023-06-30	14:42:10	23661.16	414.39697	2075.1726	39.1595	55.001	27.8378	46.9048	0.00385115	12.1569	54.5005	-66.75	0.421462	23.736	 15
DATA	1688150531	344664096	12884	0	""	2023-06-30	14:42:11	23656.861	413.73123	2075.1714	39.1587	55.001	27.8366	46.9044	0.00387128	12.1565	54.5005	38	0.421462	23.7341	170
DATA	1688150532	344664096	12888	0	""	2023-06-30	14:42:12	23652.648	412.89493	2075.0383	39.1571	55.001	27.8366	46.9044	0.00387944	12.1561	54.5005	-84	0.421462	23.7337	238
DATA	1688150533	344664096	12892	0	""	2023-06-30	14:42:13	23650.629	412.87387	2075.1514	39.1587	55.001	27.8366	46.9044	0.00385792	12.156	54.5005	154.25	0.421462	23.7333	 76
DATA	1688150534	344664096	12896	0	""	2023-06-30	14:42:14	23649.533	412.32974	2075.3127	39.1595	55.001	27.8382	46.9044	0.00383773	12.1567	54.5005	26.75	0.421462	23.7329	 87
DATA	1688150535	344664096	12900	0	""	2023-06-30	14:42:15	23641.918	412.49554	2075.1484	39.1595	55.001	27.8378	46.9048	0.00386402	12.1563	54.5005	-98.75	0.421462	23.7333	126
DATA	1688150536	344664096	12904	0	""	2023-06-30	14:42:16	23640.16	412.62955	2075.2104	39.1603	55.001	27.8374	46.9048	0.0038309	12.156	54.5005	47.5	0.421462	23.7333	 99
DATA	1688150537	344664096	12908	0	""	2023-06-30	14:42:17	23636.141	411.87967	2075.1372	39.1583	55.001	27.8345	46.9048	0.00387454	12.156	54.5005	-17.75	0.421462	23.7337	 78
DATA	1688150538	344285964	12912	0	""	2023-06-30	14:42:18	23630.789	411.31433	2075.0095	39.1595	55.001	27.8337	46.9048	0.00385287	12.1563	54.5005	24.5	0.421462	23.7333	 19
DATA	1688150539	344285964	12916	0	""	2023-06-30	14:42:19	23632.973	411.36154	2074.8931	39.1599	55.001	27.8353	46.9046	0.00382564	12.1562	54.5005	94	0.421462	23.7356	196
DATA	1688150540	344285964	12920	0	""	2023-06-30	14:42:20	23621.785	411.90567	2074.9153	39.1599	55.001	27.8399	46.9044	0.00384477	12.1567	54.5005	177.25	0.421462	23.7349	142
DATA	1688150541	344285964	12924	0	""	2023-06-30	14:42:21	23614.621	410.03473	2074.9783	39.1608	55.001	27.8394	46.9046	0.00384212	12.1568	54.5005	-106	0.421462	23.736	202
DATA	1688150542	344285964	12928	0	""	2023-06-30	14:42:22	23616.496	409.49234	2075.0269	39.1595	55.001	27.8386	46.9046	0.0038444	12.1561	54.5005	99.5	0.421462	23.736	195
DATA	1688150543	344285964	12932	0	""	2023-06-30	14:42:23	23611.652	410.23492	2075.0469	39.1599	55.001	27.8357	46.9048	0.00383511	12.156	54.5005	-0.25	0.421462	23.736	203
DATA	1688150544	344285964	12936	0	""	2023-06-30	14:42:24	23611.477	409.98676	2075.0212	39.1591	55.001	27.8362	46.9048	0.00385735	12.1553	54.5005	-107.5	0.421462	23.7352	119
DATA	1688150545	344285964	12940	0	""	2023-06-30	14:42:25	23617.973	411.58847	2074.8379	39.1624	55.001	27.8357	46.9048	0.00382907	12.1566	54.5005	147.25	0.421462	23.7356	149
DATA	1688150546	343921899	12944	0	""	2023-06-30	14:42:26	23628.182	411.17569	2074.9827	39.162	55.001	27.8394	46.9048	0.0037899	12.1564	54.5005	13.25	0.421462	23.7352	249
DATA	1688150547	343921899	12948	0	""	2023-06-30	14:42:27	23634.648	412.12161	2075.0103	39.1608	55.001	27.8399	46.9048	0.00381272	12.1562	54.5005	-28.75	0.421462	23.7349	120
DATA	1688150548	343921899	12952	0	""	2023-06-30	14:42:28	23639.008	412.6091	2074.9844	39.1603	55.001	27.8374	46.9044	0.00384652	12.1559	54.5005	-35.5	0.421462	23.7345	 23
DATA	1688150549	343921899	12956	0	""	2023-06-30	14:42:29	23642.543	412.49463	2075.0342	39.1587	55.001	27.8386	46.9044	0.00386342	12.157	54.5005	-62.75	0.421462	23.7341	 78
DATA	1688150550	343921899	12960	0	""	2023-06-30	14:42:30	23642.129	411.56805	2074.9236	39.1599	55.001	27.8353	46.9044	0.00387699	12.1562	54.5005	160.5	0.421462	23.7333	 74
DATA	1688150551	343921899	12964	0	""	2023-06-30	14:42:31	23641.369	412.26428	2075.1282	39.1595	55.001	27.8374	46.9046	0.00385221	12.157	54.5005	30.25	0.421462	23.7329	 12
DATA	1688150552	343921899	12968	0	""	2023-06-30	14:42:32	23639.139	412.07034	2074.946	39.1595	55.001	27.8374	46.9048	0.0038651	12.1563	54.5005	-121.75	0.421462	23.7329	 74
DATA	1688150553	343550920	12972	0	""	2023-06-30	14:42:33	23639.088	412.32428	2075.064	39.1599	55.001	27.8325	46.9048	0.003851	12.1563	54.5005	-11	0.421462	23.7333	 47
DATA	1688150554	343550920	12976	0	""	2023-06-30	14:42:34	23639.51	411.15622	2074.915	39.1595	55.001	27.832	46.9048	0.00385502	12.1568	54.5005	-28.5	0.421462	23.7333	152
DATA	1688150555	343550920	12980	0	""	2023-06-30	14:42:35	23638.008	412.6926	2075.0137	39.1599	55.001	27.8325	46.9048	0.00387023	12.1561	54.5005	-66.5	0.421462	23.7333	255
DATA	1688150556	343550920	12984	0	""	2023-06-30	14:42:36	23637.883	411.77722	2075.125	39.1608	55.001	27.8325	46.9046	0.00386468	12.157	54.5005	68.75	0.421462	23.7364	238
DATA	1688150557	343550920	12988	0	""	2023-06-30	14:42:37	23639.924	412.80099	2075.0757	39.1599	55.001	27.8333	46.9044	0.00384914	12.1562	54.5005	-0.75	0.421462	23.736	 27
DATA	1688150558	343550920	12992	0	""	2023-06-30	14:42:38	23642.924	412.71756	2075.1711	39.1612	55.001	27.8316	46.9046	0.00384196	12.1568	54.5005	-32	0.421462	23.736	161
DATA	1688150559	343550920	12996	0	""	2023-06-30	14:42:39	23644.469	412.74197	2075.1492	39.1608	55.001	27.8308	46.9048	0.00384596	12.1565	54.5005	95.5	0.421462	23.7356	 50
DATA	1688150560	343550920	13000	0	""	2023-06-30	14:42:40	23646.865	412.21945	2075.0693	39.1616	55.001	27.8325	46.9048	0.00385304	12.157	54.5005	-47.5	0.421462	23.7356	240
DATA	1688150561	343178033	13004	0	""	2023-06-30	14:42:41	23645.822	411.8605	2074.9583	39.1595	55.001	27.8333	46.9048	0.00384428	12.1563	54.5005	60	0.421462	23.7356	106
DATA	1688150562	343178033	13008	0	""	2023-06-30	14:42:42	23647.348	412.09027	2075.0344	39.1616	55.001	27.8357	46.9048	0.00383941	12.1563	54.5005	16.5	0.421462	23.7364	250
DATA	1688150563	343178033	13012	0	""	2023-06-30	14:42:43	23646.814	411.86823	2075.0491	39.1612	55.001	27.8329	46.9048	0.00385146	12.156	54.5005	-12.5	0.421462	23.736	187
DATA	1688150564	343178033	13016	0	""	2023-06-30	14:42:44	23644.621	411.92853	2075.1187	39.1612	55.001	27.8345	46.9048	0.00383323	12.156	54.5005	40	0.421462	23.7337	 92
DATA	1688150565	343178033	13020	0	""	2023-06-30	14:42:45	23636.662	411.88672	2075	39.1616	55.001	27.8349	46.9044	0.00384641	12.1562	54.5005	-57	0.421462	23.7341	206
DATA	1688150566	343178033	13024	0	""	2023-06-30	14:42:46	23630.148	411.36319	2074.9685	39.1612	55.001	27.8333	46.9044	0.00383879	12.1567	54.5005	-11.25	0.421462	23.7337	 99
DATA	1688150567	343178033	13028	0	""	2023-06-30	14:42:47	23629.57	411.73859	2074.9827	39.1599	55.001	27.8329	46.9044	0.00384833	12.1557	54.5005	-21.5	0.421462	23.7341	 27
DATA	1688150568	342797994	13032	0	""	2023-06-30	14:42:48	23637.947	411.08722	2075.0356	39.1612	55.001	27.8329	46.9044	0.00385473	12.1563	54.5005	-13.25	0.421462	23.7333	113
DATA	1688150569	342797994	13036	0	""	2023-06-30	14:42:49	23638.066	412.686	2075.1624	39.1599	55.001	27.8333	46.9048	0.00386776	12.1568	54.5005	-14.75	0.421462	23.7337	 52
DATA	1688150570	342797994	13040	0	""	2023-06-30	14:42:50	23639.604	412.75864	2074.9717	39.1612	55.001	27.83	46.9048	0.00385211	12.1562	54.5005	-11.5	0.421462	23.7329	206
DATA	1688150571	342797994	13044	0	""	2023-06-30	14:42:51	23640.783	413.20343	2075.1208	39.1603	55.001	27.8316	46.9048	0.00385696	12.1564	54.5005	8.5	0.421462	23.7333	213
DATA	1688150572	342797994	13048	0	""	2023-06-30	14:42:52	23642.838	412.16324	2075.0764	39.1608	55.001	27.8337	46.9048	0.00384916	12.1556	54.5005	-15	0.421462	23.7341	225
DATA	1688150573	342797994	13052	0	""	2023-06-30	14:42:53	23643.51	411.44681	2075.0974	39.1612	55.001	27.8349	46.9046	0.00384006	12.1564	54.5005	59.5	0.421462	23.736	171
DATA	1688150574	342797994	13056	0	""	2023-06-30	14:42:54	23644.344	412.26898	2075.176	39.1612	55.001	27.8325	46.9046	0.00384048	12.1565	54.5005	-122.5	0.421462	23.7356	 70
DATA	1688150575	342797994	13060	0	""	2023-06-30	14:42:55	23644.727	411.84106	2074.9744	39.1608	55.001	27.8304	46.9044	0.00385157	12.156	54.5005	-13	0.421462	23.7356	171
DATA	1688150576	342436075	13064	0	""	2023-06-30	14:42:56	23644.111	412.48993	2075.2131	39.162	55.001	27.8279	46.9046	0.00384564	12.1562	54.5005	273.75	0.421462	23.7352	 58
DATA	1688150577	342436075	13068	0	""	2023-06-30	14:42:57	23642.574	411.27658	2074.9094	39.1624	55.001	27.832	46.9048	0.00381763	12.1564	54.5005	109.75	0.421462	23.7352	 74
DATA	1688150578	342436075	13072	0	""	2023-06-30	14:42:58	23644.135	412.74823	2074.9856	39.1612	55.001	27.8329	46.9048	0.00385112	12.1563	54.5005	-29	0.421462	23.7349	220
DATA	1688150579	342436075	13076	0	""	2023-06-30	14:42:59	23642.617	410.90073	2074.5986	39.1608	55.001	27.8329	46.9048	0.00383405	12.1562	54.5005	2.75	0.421462	23.7352	 19
DATA	1688150580	342436075	13080	0	""	2023-06-30	14:43:00	23642.367	412.29446	2074.9104	39.1608	55.001	27.8333	46.9048	0.00386398	12.1572	54.5005	-68.75	0.421462	23.7349	110
DATA	1688150581	342436075	13084	0	""	2023-06-30	14:43:01	23642.211	412.76025	2074.9885	39.1612	55.001	27.8304	46.9046	0.00384813	12.1563	54.5005	-40	0.421462	23.7329	186
DATA	1688150582	342436075	13088	0	""	2023-06-30	14:43:02	23643.35	411.99423	2074.896	39.1603	55.001	27.83	46.9044	0.00385905	12.1563	54.5005	70.25	0.421462	23.7337	107
DATA	1688150583	342056035	13092	0	""	2023-06-30	14:43:03	23642.598	411.92154	2075.0344	39.1603	55.001	27.83	46.9044	0.00386167	12.1567	54.5005	45.5	0.421462	23.7333	143
DATA	1688150584	342056035	13096	0	""	2023-06-30	14:43:04	23644.576	412.50656	2075.0154	39.1608	55.001	27.8316	46.9046	0.00386527	12.1558	54.5005	-27	0.421462	23.7333	204
DATA	1688150585	342056035	13100	0	""	2023-06-30	14:43:05	23643.674	412.0864	2075.1145	39.162	55.001	27.8288	46.9048	0.0038574	12.156	54.5005	28.25	0.421462	23.7329	 98
DATA	1688150586	342056035	13104	0	""	2023-06-30	14:43:06	23643.393	411.94012	2074.9451	39.1653	55.001	27.8312	46.9048	0.00379003	12.1565	54.5005	323.5	0.421462	23.7325	 28
DATA	1688150587	342056035	13108	0	""	2023-06-30	14:43:07	23643.293	413.03326	2074.8931	39.1632	55.001	27.8345	46.9048	0.00378728	12.1565	54.5005	15	0.421462	23.7329	162
DATA	1688150588	342056035	13112	0	""	2023-06-30	14:43:08	23642.182	411.83185	2075.0378	39.1616	55.001	27.8341	46.9048	0.00382084	12.1567	54.5005	-30.5	0.421462	23.7337	 36
DATA	1688150589	342056035	13116	0	""	2023-06-30	14:43:09	23641.85	411.96353	2075.083	39.1616	55.001	27.8329	46.9048	0.00385713	12.1563	54.5005	-166.75	0.421462	23.7341	 53
DATA	1688150590	342056035	13120	0	""	2023-06-30	14:43:10	23641.557	412.06003	2074.9697	39.1612	55.001	27.8283	46.9046	0.00386996	12.1566	54.5005	19	0.421462	23.7356	157
DATA	1688150591	341691017	13124	0	""	2023-06-30	14:43:11	23641.654	412.26654	2074.906	39.1612	55.001	27.8283	46.9044	0.00387732	12.1561	54.5005	-34	0.421462	23.7352	135
DATA	1688150592	341691017	13128	0	""	2023-06-30	14:43:12	23639.875	412.83493	2074.9324	39.1616	55.001	27.8316	46.9044	0.00386732	12.1563	54.5005	65.5	0.421462	23.7349	 18
DATA	1688150593	341691017	13132	0	""	2023-06-30	14:43:13	23641.736	412.72067	2074.989	39.162	55.001	27.8296	46.9044	0.00385793	12.1567	54.5005	-15	0.421462	23.7356	118
DATA	1688150594	341691017	13136	0	""	2023-06-30	14:43:14	23639.799	412.39471	2075.0488	39.162	55.001	27.8292	46.9048	0.00386486	12.1566	54.5005	32	0.421462	23.7345	136
DATA	1688150595	341691017	13140	0	""	2023-06-30	14:43:15	23640.117	412.21121	2075.1104	39.162	55.001	27.8283	46.9048	0.00385019	12.1562	54.5005	63.75	0.421462	23.7349	227
DATA	1688150596	341691017	13144	0	""	2023-06-30	14:43:16	23639.977	411.83157	2074.887	39.162	55.001	27.8271	46.9048	0.00385909	12.156	54.5005	-31	0.421462	23.7349	 80
DATA	1688150597	341691017	13148	0	""	2023-06-30	14:43:17	23640.33	412.15604	2075.0251	39.1624	55.001	27.8292	46.9048	0.00385512	12.1565	54.5005	130	0.421462	23.7345	137
DATA	1688150598	341314077	13152	0	""	2023-06-30	14:43:18	23640.084	412.17136	2075.1135	39.1632	55.001	27.8283	46.9046	0.00384311	12.1569	54.5005	15.25	0.421462	23.7329	 36
DATA	1688150599	341314077	13156	0	""	2023-06-30	14:43:19	23641.436	411.38275	2075.1123	39.1616	55.001	27.8279	46.9044	0.00384723	12.156	54.5005	19	0.421462	23.7329	113
DATA	1688150600	341314077	13160	0	""	2023-06-30	14:43:20	23641.699	411.94891	2074.9399	39.162	55.001	27.8275	46.9044	0.00386272	12.1561	54.5005	-36.75	0.421462	23.7329	 57
DATA	1688150601	341314077	13164	0	""	2023-06-30	14:43:21	23635.781	411.11337	2074.894	39.162	55.001	27.8259	46.9048	0.00384024	12.1558	54.5005	8.75	0.421462	23.7313	145
DATA	1688150602	341314077	13168	0	""	2023-06-30	14:43:22	23636.479	412.19736	2074.978	39.162	55.001	27.8283	46.9048	0.00384586	12.1577	54.5005	12.75	0.421462	23.7325	228
DATA	1688150603	341314077	13172	0	""	2023-06-30	14:43:23	23631.898	412.00183	2074.8828	39.1624	55.001	27.8296	46.9048	0.00384764	12.1564	54.5005	142	0.421462	23.7321	205
DATA	1688150604	341314077	13176	0	""	2023-06-30	14:43:24	23629.326	411.1441	2074.9033	39.1612	55.001	27.8329	46.9048	0.00388198	12.1564	54.5005	-3.75	0.421462	23.7325	244
DATA	1688150605	341314077	13180	0	""	2023-06-30	14:43:25	23628.664	411.30975	2075.0369	39.1628	55.001	27.8292	46.9048	0.0038444	12.1567	54.5005	-39.75	0.421462	23.7329	 63
DATA	1688150606	340951919	13184	0	""	2023-06-30	14:43:26	23631.422	412.33237	2074.9729	39.1645	55.001	27.8312	46.9048	0.0038131	12.1564	54.5005	32.75	0.421462	23.7329	255
DATA	1688150607	340951919	13188	0	""	2023-06-30	14:43:27	23634.58	411.91068	2074.9597	39.164	55.001	27.8312	46.9048	0.00380932	12.1562	54.5005	43.25	0.421462	23.736	175
DATA	1688150608	340951919	13192	0	""	2023-06-30	14:43:28	23634.555	411.53799	2074.915	39.164	55.001	27.8341	46.9046	0.00381533	12.1569	54.5005	-84.5	0.421462	23.7356	226
DATA	1688150609	340951919	13196	0	""	2023-06-30	14:43:29	23636.832	412.15677	2074.8777	39.1632	55.001	27.8316	46.9044	0.00383379	12.1562	54.5005	11.5	0.421462	23.7349	 31
DATA	1688150610	340951919	13200	0	""	2023-06-30	14:43:30	23639.176	411.88046	2074.8901	39.162	55.001	27.8296	46.9048	0.00384838	12.1556	54.5005	-140.25	0.421462	23.7349	103
DATA	1688150611	340951919	13204	0	""	2023-06-30	14:43:31	23638.596	411.04086	2074.8159	39.162	55.001	27.8263	46.9048	0.00383893	12.1564	54.5005	7.25	0.421462	23.7349	221
DATA	1688150612	340951919	13208	0	""	2023-06-30	14:43:32	23643.428	410.93951	2074.8545	39.1612	55.001	27.8259	46.9048	0.00387282	12.1566	54.5005	52.5	0.421462	23.7352	 12
DATA	1688150613	340572118	13212	0	""	2023-06-30	14:43:33	23643.08	411.06699	2074.8096	39.1624	55.0012	27.8263	46.9048	0.00386706	12.156	54.5005	-6.5	0.421462	23.7349	202
DATA	1688150614	340572118	13216	0	""	2023-06-30	14:43:34	23644.01	412.33102	2074.9292	39.1624	55.0014	27.8255	46.9048	0.00385883	12.1561	54.5007	151	0.421462	23.7349	193
DATA	1688150615	340572118	13220	0	""	2023-06-30	14:43:35	23644.186	411.39822	2075.0452	39.1628	55.0012	27.8267	46.9046	0.00385374	12.1561	54.5005	-18.5	0.421462	23.7333	 87
DATA	1688150616	340572118	13224	0	""	2023-06-30	14:43:36	23642.76	412.17645	2074.929	39.1632	55.001	27.8259	46.9044	0.0038427	12.1557	54.5007	204.75	0.421462	23.7333	209
DATA	1688150617	340572118	13228	0	""	2023-06-30	14:43:37	23642.049	411.92383	2075.0488	39.1628	55.001	27.8292	46.9044	0.00385241	12.1564	54.5005	-119.75	0.421462	23.7329	157
DATA	1688150618	340572118	13232	0	""	2023-06-30	14:43:38	23641.469	413.16611	2075.0684	39.162	55.001	27.8263	46.9046	0.00384658	12.1563	54.5005	16.75	0.421462	23.7325	  2
DATA	1688150619	340572118	13236	0	""	2023-06-30	14:43:39	23639.439	411.65286	2074.9456	39.1624	55.001	27.8263	46.9048	0.00385337	12.1561	54.5005	92	0.421462	23.7325	180
DATA	1688150620	340572118	13240	0	""	2023-06-30	14:43:40	23637.166	411.69199	2074.79	39.1624	55.001	27.8255	46.9048	0.0038635	12.1562	54.5007	-82	0.421462	23.7325	 53
DATA	1688150621	340199947	13244	0	""	2023-06-30	14:43:41	23636.635	411.89172	2074.9966	39.1632	55.001	27.8222	46.9048	0.00386222	12.1566	54.5007	59	0.421462	23.7325	179
DATA	1688150622	340199947	13248	0	""	2023-06-30	14:43:42	23636.674	411.38852	2075.05	39.1636	55.001	27.8267	46.9048	0.00385164	12.156	54.5009	218.5	0.421462	23.7329	180
DATA	1688150623	340199947	13252	0	""	2023-06-30	14:43:43	23637.283	412.23764	2074.8416	39.1632	55.001	27.8283	46.9048	0.00383969	12.1562	54.5007	-63.25	0.421462	23.7329	122
DATA	1688150624	340199947	13256	0	""	2023-06-30	14:43:44	23635.727	411.75272	2075.1365	39.1649	55.001	27.8263	46.9044	0.00384371	12.1564	54.5011	23.25	0.421462	23.7356	 64
DATA	1688150625	340199947	13260	0	""	2023-06-30	14:43:45	23635.652	411.89603	2074.9041	39.1632	55.001	27.8259	46.9044	0.00384935	12.156	54.5009	67.25	0.421462	23.7352	 21
DATA	1688150626	340199947	13264	0	""	2023-06-30	14:43:46	23634.992	411.98175	2074.8738	39.1628	55.001	27.8271	46.9044	0.00385686	12.1568	54.5007	85.5	0.421462	23.7352	 56
DATA	1688150627	340199947	13268	0	""	2023-06-30	14:43:47	23633.918	411.31866	2075.0549	39.1645	55.001	27.8275	46.9046	0.00383365	12.156	54.5013	-12.5	0.421462	23.7349	 25
DATA	1688150628	339826107	13272	0	""	2023-06-30	14:43:48	23633.547	412.27179	2075.0366	39.1632	55.001	27.8263	46.9048	0.00385956	12.1563	54.5011	-163.5	0.421462	23.736	 65
DATA	1688150629	339826107	13276	0	""	2023-06-30	14:43:49	23634.709	411.20731	2074.9595	39.1636	55.001	27.8234	46.9048	0.00384877	12.1566	54.5013	50.25	0.421462	23.7356	 83
DATA	1688150630	339826107	13280	0	""	2023-06-30	14:43:50	23633.549	411.55283	2074.968	39.1636	55.001	27.8238	46.9048	0.00385272	12.1568	54.5009	54.75	0.421462	23.7364	 29
DATA	1688150631	339826107	13284	0	""	2023-06-30	14:43:51	23633.711	411.00287	2075.1294	39.1653	55.001	27.8259	46.9048	0.00382581	12.1569	54.5009	19.25	0.421462	23.7349	 64
DATA	1688150632	339826107	13288	0	""	2023-06-30	14:43:52	23628.928	410.3024	2074.9204	39.1632	55.001	27.8259	46.9046	0.00383176	12.156	54.5005	17.5	0.421462	23.7345	160
DATA	1688150633	339826107	13292	0	""	2023-06-30	14:43:53	23622.762	410.84781	2074.8867	39.1636	55.001	27.8263	46.9044	0.00382879	12.1564	54.5005	-52.25	0.421462	23.7333	121
DATA	1688150634	339826107	13296	0	""	2023-06-30	14:43:54	23614.811	410.22968	2075.1062	39.1636	55.001	27.8255	46.9046	0.00384718	12.1556	54.5005	-47.75	0.421462	23.7329	115
DATA	1688150635	339826107	13300	0	""	2023-06-30	14:43:55	23604.842	409.10712	2074.8904	39.1632	55.001	27.8251	46.9044	0.00384287	12.1561	54.5005	-15.5	0.421462	23.7329	 36
DATA	1688150636	339462995	13304	0	""	2023-06-30	14:43:56	23601.539	410.03769	2074.752	39.1649	55.001	27.8251	46.9046	0.00382717	12.1566	54.5005	81.75	0.421462	23.7333	 23
DATA	1688150637	339462995	13308	0	""	2023-06-30	14:43:57	23608.324	410.5708	2074.9192	39.1649	55.001	27.8263	46.9048	0.00383236	12.1567	54.5005	3	0.421462	23.7329	 86
DATA	1688150638	339462995	13312	0	""	2023-06-30	14:43:58	23611.797	410.22339	2074.9766	39.1645	55.001	27.8267	46.9048	0.00384143	12.1567	54.5005	317.25	0.421462	23.7325	136
DATA	1688150639	339462995	13316	0	""	2023-06-30	14:43:59	23612.812	410.94489	2074.9204	39.1632	55.001	27.8288	46.9048	0.00384662	12.157	54.5005	-68.75	0.421462	23.7329	 93
DATA	1688150640	339462995	13320	0	""	2023-06-30	14:44:00	23615.479	410.43265	2074.8391	39.1632	55.001	27.8242	46.9048	0.00384257	12.157	54.5005	-58.25	0.421462	23.7333	 50
DATA	1688150641	339462995	13324	0	""	2023-06-30	14:44:01	23613.025	410.74557	2074.7312	39.1636	55.001	27.8226	46.9044	0.00385371	12.1568	54.5005	-1.25	0.421462	23.7352	 37
DATA	1688150642	339462995	13328	0	""	2023-06-30	14:44:02	23604.301	409.28107	2074.7056	39.1649	55.001	27.8246	46.9044	0.00383941	12.1556	54.5005	19.5	0.421462	23.7356	 13
DATA	1688150643	339097023	13332	0	""	2023-06-30	14:44:03	23586.574	407.59341	2074.8521	39.1649	55.001	27.8246	46.9048	0.0038264	12.1562	54.5005	-31.5	0.421462	23.7349	  6
DATA	1688150644	339097023	13336	0	""	2023-06-30	14:44:04	23574.23	409.13364	2074.8174	39.1636	55.001	27.8255	46.9048	0.00384002	12.1569	54.5005	-17.25	0.421462	23.7349	 50
DATA	1688150645	339097023	13340	0	""	2023-06-30	14:44:05	23571.635	408.52408	2074.8064	39.1649	55.001	27.8251	46.9048	0.00383169	12.1571	54.5005	22.75	0.421462	23.7349	 62
DATA	1688150646	339097023	13344	0	""	2023-06-30	14:44:06	23566.182	407.76056	2074.6631	39.1632	55.001	27.8222	46.9048	0.00384815	12.1565	54.5005	-54.75	0.421462	23.7352	107
DATA	1688150647	339097023	13348	0	""	2023-06-30	14:44:07	23564.658	407.93616	2074.8979	39.1645	55.001	27.8209	46.9048	0.00384114	12.1569	54.5005	-10	0.421462	23.7349	242
DATA	1688150648	339097023	13352	0	""	2023-06-30	14:44:08	23565.805	408.55612	2075.0112	39.1673	55.001	27.8209	46.9048	0.00381959	12.1561	54.5005	161	0.421462	23.7345	214
DATA	1688150649	339097023	13356	0	""	2023-06-30	14:44:09	23571.529	408.15009	2074.7368	39.1731	55.001	27.8255	46.9046	0.00369458	12.157	54.5005	419	0.421462	23.7333	184
DATA	1688150650	339097023	13360	0	""	2023-06-30	14:44:10	23581.516	409.36124	2074.7949	39.1682	55.001	27.8304	46.9044	0.00374188	12.1567	54.5005	36	0.421462	23.7329	167
DATA	1688150651	338720083	13364	0	""	2023-06-30	14:44:11	23586.98	408.89304	2074.7629	39.1649	55.001	27.8288	46.9044	0.00382304	12.1559	54.5005	-13.5	0.421462	23.7325	 18
DATA	1688150652	338720083	13368	0	""	2023-06-30	14:44:12	23595.869	410.00714	2074.5784	39.1632	55.001	27.8304	46.9046	0.00386406	12.1569	54.5005	-153.25	0.421462	23.7325	153
DATA	1688150653	338720083	13372	0	""	2023-06-30	14:44:13	23601.371	409.74475	2074.7915	39.1628	55.001	27.8246	46.9048	0.00385586	12.1563	54.5005	-179.5	0.421462	23.7325	119
DATA	1688150654	338720083	13376	0	""	2023-06-30	14:44:14	23604.543	410.23413	2074.8079	39.1636	55.001	27.8205	46.9048	0.00388709	12.1562	54.5005	-66.5	0.421462	23.7321	 45
DATA	1688150655	338720083	13380	0	""	2023-06-30	14:44:15	23604.764	410.36121	2074.863	39.162	55.001	27.8201	46.9048	0.00386506	12.1563	54.5005	-6.25	0.421462	23.7321	179
DATA	1688150656	338720083	13384	0	""	2023-06-30	14:44:16	23609.545	410.82193	2074.9717	39.1632	55.001	27.8193	46.9048	0.00387677	12.1562	54.5005	-37.25	0.421462	23.7329	126
DATA	1688150657	338720083	13388	0	""	2023-06-30	14:44:17	23612.057	411.30945	2074.7131	39.1632	55.001	27.8197	46.9048	0.00387569	12.1563	54.5005	137	0.421462	23.7329	227
DATA	1688150658	338344097	13392	0	""	2023-06-30	14:44:18	23608.879	410.4075	2074.6194	39.1636	55.001	27.8214	46.9046	0.00386117	12.156	54.5005	84.5	0.421462	23.7349	185
DATA	1688150659	338344097	13396	0	""	2023-06-30	14:44:19	23605.074	409.84235	2074.9268	39.1649	55.001	27.8205	46.9044	0.0038474	12.1563	54.5005	6.25	0.421462	23.7352	237
DATA	1688150660	338344097	13400	0	""	2023-06-30	14:44:20	23601.137	409.36462	2074.8755	39.1657	55.001	27.8218	46.9046	0.00382986	12.1566	54.5005	308.25	0.421462	23.7349	119
DATA	1688150661	338344097	13404	0	""	2023-06-30	14:44:21	23598.959	410.33496	2074.885	39.1653	55.001	27.8242	46.9048	0.00383063	12.1564	54.5005	-85	0.421462	23.7345	178
DATA	1688150662	338344097	13408	0	""	2023-06-30	14:44:22	23599.373	409.75443	2074.7073	39.1636	55.001	27.8222	46.9048	0.00383625	12.1566	54.5005	-56.25	0.421462	23.7349	125
DATA	1688150663	338344097	13412	0	""	2023-06-30	14:44:23	23601.754	410.50253	2074.9592	39.1649	55.001	27.8218	46.9048	0.00384813	12.157	54.5005	35.5	0.421462	23.7352	209
DATA	1688150664	338344097	13416	0	""	2023-06-30	14:44:24	23602.924	410.04828	2074.6594	39.1649	55.001	27.8222	46.9048	0.00386073	12.1562	54.5005	50.75	0.421462	23.7349	 67
DATA	1688150665	338344097	13420	0	""	2023-06-30	14:44:25	23603.135	409.80695	2075.0012	39.1657	55.001	27.8222	46.9048	0.00384404	12.1566	54.5005	-37.75	0.421462	23.7345	 98
DATA	1688150666	337980031	13424	0	""	2023-06-30	14:44:26	23604.688	409.74417	2074.7542	39.1653	55.001	27.8201	46.9046	0.00384904	12.1559	54.5005	-45.75	0.421462	23.7329	119
DATA	1688150667	337980031	13428	0	""	2023-06-30	14:44:27	23605.672	409.90454	2074.9346	39.1649	55.001	27.8193	46.9044	0.00385256	12.1566	54.5005	-51.25	0.421462	23.7329	126
DATA	1688150668	337980031	13432	0	""	2023-06-30	14:44:28	23605.137	411.34842	2074.855	39.164	55.001	27.8172	46.9046	0.00384505	12.1561	54.5005	15	0.421462	23.7329	 54
DATA	1688150669	337980031	13436	0	""	2023-06-30	14:44:29	23603.887	409.61539	2074.4878	39.1645	55.001	27.8197	46.9048	0.00384836	12.1557	54.5005	236.25	0.421462	23.7333	152
DATA	1688150670	337980031	13440	0	""	2023-06-30	14:44:30	23602.328	409.07935	2074.4241	39.1657	55.001	27.8214	46.9048	0.00383367	12.1566	54.5005	0	0.421462	23.7329	100
DATA	1688150671	337980031	13444	0	""	2023-06-30	14:44:31	23604.006	410.98749	2074.7136	39.1649	55.001	27.8222	46.9048	0.00385059	12.1566	54.5005	-99.75	0.421462	23.7325	117
DATA	1688150672	337980031	13448	0	""	2023-06-30	14:44:32	23607.086	410.91641	2074.8689	39.1653	55.001	27.8205	46.9048	0.00385102	12.1562	54.5005	21.75	0.421462	23.7325	 53
DATA	1688150673	337596893	13452	0	""	2023-06-30	14:44:33	23608.654	411.01385	2074.9153	39.1657	55.001	27.8201	46.9048	0.00384189	12.1571	54.5005	95.25	0.421462	23.7329	 79
DATA	1688150674	337596893	13456	0	""	2023-06-30	14:44:34	23611.424	410.9151	2074.9119	39.1657	55.001	27.8205	46.9048	0.00384025	12.1566	54.5005	233	0.421462	23.7329	172
DATA	1688150675	337596893	13460	0	""	2023-06-30	14:44:35	23609.646	410.31351	2074.7522	39.1649	55.001	27.8246	46.9046	0.00384169	12.1561	54.5005	11.75	0.421462	23.7349	 77
DATA	1688150676	337596893	13464	0	""	2023-06-30	14:44:36	23605.955	410.13647	2074.9749	39.1649	55.001	27.8222	46.9044	0.00383231	12.1566	54.5005	-121	0.421462	23.7349	 30
DATA	1688150677	337596893	13468	0	""	2023-06-30	14:44:37	23605.268	410.23856	2074.7476	39.1645	55.001	27.8177	46.9046	0.00384599	12.157	54.5005	51.75	0.421462	23.7349	 66
DATA	1688150678	337596893	13472	0	""	2023-06-30	14:44:38	23601.354	410.14886	2074.8347	39.1657	55.001	27.8209	46.9048	0.00383595	12.1561	54.5005	68.25	0.421462	23.7349	103
DATA	1688150679	337596893	13476	0	""	2023-06-30	14:44:39	23597.588	409.68887	2074.8525	39.1669	55.001	27.8226	46.9048	0.00381693	12.1567	54.5005	77.5	0.421462	23.7349	103
DATA	1688150680	337596893	13480	0	""	2023-06-30	14:44:40	23595.729	409.11365	2074.8433	39.1657	55.001	27.8209	46.9048	0.00384689	12.1564	54.5005	30	0.421462	23.7349	203
DATA	1688150681	337232112	13484	0	""	2023-06-30	14:44:41	23596.449	410.43506	2074.5767	39.1657	55.001	27.8214	46.9048	0.00383613	12.1561	54.5005	-20.25	0.421462	23.7341	 89
DATA	1688150682	337232112	13488	0	""	2023-06-30	14:44:42	23597.098	409.19897	2074.782	39.1661	55.001	27.8205	46.9048	0.00383196	12.1563	54.5005	-89.5	0.421462	23.7349	 40
DATA	1688150683	337232112	13492	0	""	2023-06-30	14:44:43	23598.539	409.35452	2074.8081	39.1657	55.001	27.8172	46.9044	0.00383942	12.1567	54.5005	48.25	0.421462	23.7329	 76
DATA	1688150684	337232112	13496	0	""	2023-06-30	14:44:44	23595.777	410.34409	2074.8875	39.1649	55.001	27.8181	46.9044	0.00385895	12.1565	54.5005	-57.25	0.421462	23.7325	136
DATA	1688150685	337232112	13500	0	""	2023-06-30	14:44:45	23594.449	410.00232	2074.927	39.164	55.001	27.816	46.9044	0.00386805	12.1563	54.5005	-17.75	0.421462	23.7329	191
DATA	1688150686	337232112	13504	0	""	2023-06-30	14:44:46	23595.064	409.09811	2074.667	39.1653	55.001	27.8172	46.9046	0.00384752	12.1568	54.5005	140	0.421462	23.7321	159
DATA	1688150687	337232112	13508	0	""	2023-06-30	14:44:47	23596.996	409.62524	2074.8213	39.1661	55.001	27.8164	46.9048	0.00383553	12.1566	54.5005	-50	0.421462	23.7317	223
DATA	1688150688	336865901	13512	0	""	2023-06-30	14:44:48	23598.277	410.33698	2074.865	39.1665	55.001	27.816	46.9048	0.00383053	12.1562	54.5005	192.25	0.421462	23.7325	 35
DATA	1688150689	336865901	13516	0	""	2023-06-30	14:44:49	23601.861	410.6839	2074.7437	39.1665	55.001	27.8177	46.9048	0.00382451	12.1572	54.5005	123	0.421462	23.7325	183
DATA	1688150690	336865901	13520	0	""	2023-06-30	14:44:50	23603.508	408.94867	2074.7229	39.1677	55.001	27.8205	46.9048	0.0038358	12.1562	54.5005	34.25	0.421462	23.7321	 16
DATA	1688150691	336865901	13524	0	""	2023-06-30	14:44:51	23605.17	409.91821	2074.8352	39.1673	55.001	27.8189	46.9048	0.00381729	12.1558	54.5005	115.75	0.421462	23.7345	 79
DATA	1688150692	336865901	13528	0	""	2023-06-30	14:44:52	23604.143	410.06146	2074.834	39.1677	55.001	27.8222	46.9044	0.0038065	12.1568	54.5005	-42.75	0.421462	23.7329	  0
DATA	1688150693	336865901	13532	0	""	2023-06-30	14:44:53	23606.668	410.6944	2074.8391	39.1673	55.001	27.8205	46.9046	0.0038282	12.1565	54.5005	19.25	0.421462	23.7345	228
DATA	1688150694	336865901	13536	0	""	2023-06-30	14:44:54	23607.111	410.25769	2074.5056	39.1665	55.001	27.8193	46.9046	0.00383735	12.1567	54.5005	-52	0.421462	23.7345	223
DATA	1688150695	336865901	13540	0	""	2023-06-30	14:44:55	23608.398	410.09213	2074.7361	39.1657	55.001	27.8164	46.9048	0.00385296	12.1563	54.5005	139	0.421462	23.7345	235
DATA	1688150696	336487054	13544	0	""	2023-06-30	14:44:56	23609.15	410.71017	2074.8342	39.1657	55.001	27.8177	46.9048	0.00385505	12.1566	54.5005	-89.25	0.421462	23.7337	 75
DATA	1688150697	336487054	13548	0	""	2023-06-30	14:44:57	23610.59	409.6763	2074.9602	39.1669	55.0012	27.8172	46.9048	0.00383695	12.1561	54.5005	46.5	0.421462	23.7337	252
DATA	1688150698	336487054	13552	0	""	2023-06-30	14:44:58	23610.918	409.51624	2074.9009	39.1661	55.0014	27.8193	46.9048	0.00382984	12.1561	54.5005	122.75	0.421462	23.7349	188
DATA	1688150699	336487054	13556	0	""	2023-06-30	14:44:59	23612.816	410.95181	2074.8188	39.1669	55.0012	27.8185	46.9048	0.00384216	12.1564	54.5005	-48.25	0.421462	23.7349	197
DATA	1688150700	336487054	13560	0	""	2023-06-30	14:45:00	23611.309	410.84253	2074.8804	39.1661	55.001	27.8168	46.9044	0.00384102	12.156	54.5005	17.5	0.421462	23.7329	187
DATA	1688150701	336487054	13564	0	""	2023-06-30	14:45:01	23611	410.84631	2074.6907	39.1669	55.0012	27.8185	46.9044	0.0038457	12.1565	54.5005	56.25	0.421462	23.7325	113
DATA	1688150702	336487054	13568	0	""	2023-06-30	14:45:02	23609.168	410.82019	2074.6484	39.1661	55.001	27.8189	46.9044	0.00384791	12.1567	54.5005	-92.25	0.421462	23.7325	119
DATA	1688150703	336123943	13572	0	""	2023-06-30	14:45:03	23607.85	410.87421	2074.9026	39.1665	55.001	27.8156	46.9046	0.00384417	12.1562	54.5005	5.5	0.421462	23.7317	153
DATA	1688150704	336123943	13576	0	""	2023-06-30	14:45:04	23607.014	410.72021	2074.8484	39.1673	55.001	27.8144	46.9048	0.00384207	12.1565	54.5005	130.75	0.421462	23.7325	 87
DATA	1688150705	336123943	13580	0	""	2023-06-30	14:45:05	23607.82	410.53497	2074.6272	39.1665	55.001	27.8152	46.9048	0.00385047	12.1569	54.5005	9.5	0.421462	23.7325	167
DATA	1688150706	336123943	13584	0	""	2023-06-30	14:45:06	23606.764	410.70538	2074.8213	39.1665	55.001	27.8152	46.9048	0.00385851	12.1563	54.5005	-59	0.421462	23.7321	211
DATA	1688150707	336123943	13588	0	""	2023-06-30	14:45:07	23607.74	409.94583	2074.7698	39.1673	55.001	27.816	46.9048	0.00383203	12.1562	54.5005	61.75	0.421462	23.7321	234
DATA	1688150708	336123943	13592	0	""	2023-06-30	14:45:08	23606.463	410.19351	2074.7405	39.1661	55.001	27.8168	46.9046	0.00384481	12.1572	54.5005	-19.75	0.421462	23.7349	111
DATA	1688150709	336123943	13596	0	""	2023-06-30	14:45:09	23606.557	409.95792	2074.6848	39.1665	55.001	27.8164	46.9044	0.00385099	12.156	54.5005	-49.5	0.421462	23.7345	 49
DATA	1688150710	336123943	13600	0	""	2023-06-30	14:45:10	23605.742	410.58777	2074.9246	39.1669	55.001	27.8168	46.9044	0.00382578	12.1564	54.5005	181.25	0.421462	23.7352	110
DATA	1688150711	335747957	13604	0	""	2023-06-30	14:45:11	23607.062	410.43362	2074.8577	39.1673	55.001	27.8172	46.9044	0.00383906	12.1561	54.5005	-73	0.421462	23.7349	212
DATA	1688150712	335747957	13608	0	""	2023-06-30	14:45:12	23607.082	409.83856	2074.5781	39.1673	55.001	27.8189	46.9048	0.0038276	12.1563	54.5005	279.75	0.421462	23.7341	 98
DATA	1688150713	335747957	13612	0	""	2023-06-30	14:45:13	23606.418	410.80444	2074.5847	39.1669	55.001	27.8177	46.9048	0.00383284	12.1565	54.5005	-38.75	0.421462	23.7345	130
DATA	1688150714	335747957	13616	0	""	2023-06-30	14:45:14	23605.537	410.89948	2074.6755	39.1669	55.001	27.8181	46.9048	0.00385559	12.1566	54.5005	-36.75	0.421462	23.7349	159
DATA	1688150715	335747957	13620	0	""	2023-06-30	14:45:15	23607.617	410.52094	2074.7366	39.1661	55.001	27.8193	46.9048	0.00385015	12.1569	54.5005	-66.5	0.421462	23.7349	 71
DATA	1688150716	335747957	13624	0	""	2023-06-30	14:45:16	23606.055	409.94547	2074.7302	39.1669	55.001	27.8152	46.9048	0.0038585	12.1566	54.5005	-100	0.421462	23.7345	228
DATA	1688150717	335747957	13628	0	""	2023-06-30	14:45:17	23607.379	409.65524	2074.6726	39.1673	55.001	27.8123	46.9044	0.00385225	12.157	54.5005	59	0.421462	23.7329	148
DATA	1688150718	335385084	13632	0	""	2023-06-30	14:45:18	23606.742	410.30133	2074.4597	39.1682	55.001	27.816	46.9044	0.00383989	12.1566	54.5005	93.25	0.421462	23.7329	 23
DATA	1688150719	335385084	13636	0	""	2023-06-30	14:45:19	23604.721	409.91818	2074.7061	39.1682	55.001	27.8181	46.9044	0.00381367	12.1562	54.5005	48.25	0.421462	23.7325	 69
DATA	1688150720	335385084	13640	0	""	2023-06-30	14:45:20	23603.291	410.34781	2074.9458	39.1677	55.001	27.816	46.9046	0.00382165	12.1575	54.5005	8	0.421462	23.7325	 60
DATA	1688150721	335385084	13644	0	""	2023-06-30	14:45:21	23604.625	408.81055	2074.7207	39.1686	55.001	27.8177	46.9048	0.00383506	12.1559	54.5005	-78.75	0.421462	23.7321	115
DATA	1688150722	335385084	13648	0	""	2023-06-30	14:45:22	23603.02	410.01108	2074.5137	39.1677	55.001	27.8144	46.9048	0.00384352	12.1568	54.5005	-23.75	0.421462	23.7309	 35
DATA	1688150723	335385084	13652	0	""	2023-06-30	14:45:23	23604.277	410.00385	2074.6909	39.1669	55.001	27.8148	46.9048	0.00383905	12.1566	54.5005	-19.75	0.421462	23.7317	119
DATA	1688150724	335385084	13656	0	""	2023-06-30	14:45:24	23602.268	410.44107	2074.8091	39.1657	55.001	27.8172	46.9048	0.00385889	12.1564	54.5005	-70.5	0.421462	23.7329	 67
DATA	1688150725	335385084	13660	0	""	2023-06-30	14:45:25	23602.705	411.04993	2074.5583	39.1645	55.001	27.8119	46.9046	0.00389831	12.1567	54.5005	-203.25	0.421462	23.7349	161
DATA	1688150726	335010051	13664	0	""	2023-06-30	14:45:26	23602.688	408.97546	2074.6824	39.1673	55.001	27.8094	46.9044	0.00386157	12.1563	54.5005	52.5	0.421462	23.7349	 21
DATA	1688150727	335010051	13668	0	""	2023-06-30	14:45:27	23600.135	410.93756	2074.9121	39.1686	55.001	27.8127	46.9044	0.00382436	12.1564	54.5005	337.5	0.421462	23.7349	 49
DATA	1688150728	335010051	13672	0	""	2023-06-30	14:45:28	23600.912	410.12598	2074.7598	39.1698	55.001	27.8172	46.9046	0.00380445	12.1562	54.5005	179	0.421462	23.7349	222
DATA	1688150729	335010051	13676	0	""	2023-06-30	14:45:29	23599.676	409.83322	2074.6458	39.1698	55.001	27.8193	46.9048	0.0038006	12.1569	54.5005	114.5	0.421462	23.7341	 28
DATA	1688150730	335010051	13680	0	""	2023-06-30	14:45:30	23600.207	409.28519	2074.8748	39.1694	55.001	27.8197	46.9048	0.00379064	12.1562	54.5005	-78.75	0.421462	23.7349	113
DATA	1688150731	335010051	13684	0	""	2023-06-30	14:45:31	23599.723	409.85977	2074.5459	39.1677	55.001	27.8185	46.9048	0.00384073	12.1568	54.5005	-199	0.421462	23.7341	 36
DATA	1688150732	335010051	13688	0	""	2023-06-30	14:45:32	23600.02	409.66934	2074.626	39.1682	55.001	27.8156	46.9048	0.00385343	12.1575	54.5005	27.25	0.421462	23.7345	201
DATA	1688150733	334628105	13692	0	""	2023-06-30	14:45:33	23596.902	409.83765	2074.6558	39.1677	55.001	27.8156	46.9046	0.00384953	12.1565	54.5005	-102	0.421462	23.7329	 33
DATA	1688150734	334628105	13696	0	""	2023-06-30	14:45:34	23598.189	409.20575	2074.5144	39.1669	55.001	27.8111	46.9044	0.00385038	12.156	54.5005	33.25	0.421462	23.7329	 19
DATA	1688150735	334628105	13700	0	""	2023-06-30	14:45:35	23599.387	410.00082	2074.6782	39.1677	55.001	27.8111	46.9044	0.00385565	12.1563	54.5005	22.5	0.421462	23.7325	255
DATA	1688150736	334628105	13704	0	""	2023-06-30	14:45:36	23596.934	410.23486	2074.8994	39.1677	55.001	27.8107	46.9044	0.0038591	12.1559	54.5005	-4	0.421462	23.7325	130
DATA	1688150737	334628105	13708	0	""	2023-06-30	14:45:37	23598.166	409.6712	2074.5872	39.1673	55.001	27.8119	46.9046	0.00385005	12.1569	54.5005	-14.25	0.421462	23.7321	 63
DATA	1688150738	334628105	13712	0	""	2023-06-30	14:45:38	23599.572	408.93103	2074.7202	39.1673	55.001	27.8144	46.9048	0.00383555	12.1566	54.5005	65.5	0.421462	23.7321	 14
DATA	1688150739	334628105	13716	0	""	2023-06-30	14:45:39	23597.9	410.28894	2074.5479	39.1677	55.001	27.8127	46.9048	0.00384898	12.157	54.5005	-49.25	0.421462	23.7325	  3
DATA	1688150740	334628105	13720	0	""	2023-06-30	14:45:40	23596.771	409.43372	2074.5354	39.1673	55.001	27.8119	46.9048	0.00383888	12.1565	54.5005	146	0.421462	23.7329	230
DATA	1688150741	334264039	13724	0	""	2023-06-30	14:45:41	23594.793	409.59659	2074.9006	39.1677	55.001	27.814	46.9048	0.00383085	12.1563	54.5005	-20.5	0.421462	23.7329	 21
DATA	1688150742	334264039	13728	0	""	2023-06-30	14:45:42	23594.002	409.08435	2074.4927	39.169	55.001	27.8135	46.9046	0.00383845	12.1562	54.5005	-56.5	0.421462	23.7349	 14
DATA	1688150743	334264039	13732	0	""	2023-06-30	14:45:43	23592.24	409.69632	2074.4617	39.1682	55.001	27.8107	46.9044	0.0038451	12.1569	54.5005	-6.5	0.421462	23.7349	165
DATA	1688150744	334264039	13736	0	""	2023-06-30	14:45:44	23592.201	409.2384	2074.5408	39.1682	55.001	27.8103	46.9044	0.00384919	12.1571	54.5005	199.75	0.421462	23.7349	 71
DATA	1688150745	334264039	13740	0	""	2023-06-30	14:45:45	23591.768	410.62466	2074.4607	39.1682	55.001	27.8131	46.9044	0.00385456	12.1571	54.5005	101.5	0.421462	23.7345	 54
DATA	1688150746	334264039	13744	0	""	2023-06-30	14:45:46	23590.902	409.17392	2074.4788	39.1669	55.001	27.8123	46.9046	0.00386348	12.1562	54.5005	-78.5	0.421462	23.7345	 84
DATA	1688150747	334264039	13748	0	""	2023-06-30	14:45:47	23589.186	409.57022	2074.5215	39.1673	55.001	27.8115	46.9048	0.00387369	12.1569	54.5005	104	0.421462	23.7345	241
DATA	1688150748	333899021	13752	0	""	2023-06-30	14:45:48	23586.639	409.49896	2074.8757	39.1702	55.001	27.8144	46.9048	0.00381977	12.1571	54.5005	65.25	0.421462	23.7345	114
DATA	1688150749	333899021	13756	0	""	2023-06-30	14:45:49	23583.844	409.99664	2074.7539	39.1702	55.001	27.8181	46.9048	0.00380007	12.1569	54.5005	107.25	0.421462	23.7341	142
DATA	1688150750	333899021	13760	0	""	2023-06-30	14:45:50	23583.562	409.29327	2074.9004	39.1686	55.001	27.816	46.9046	0.00383663	12.1564	54.5005	-166.75	0.421462	23.7329	121
DATA	1688150751	333899021	13764	0	""	2023-06-30	14:45:51	23585.387	409.5274	2074.782	39.1686	55.001	27.8131	46.9044	0.00381807	12.1565	54.5005	-22.25	0.421462	23.7329	 18
DATA	1688150752	333899021	13768	0	""	2023-06-30	14:45:52	23584.314	409.31555	2074.4607	39.1706	55.001	27.8152	46.9044	0.00378195	12.1563	54.5005	301.5	0.421462	23.7321	 55
DATA	1688150753	333899021	13772	0	""	2023-06-30	14:45:53	23587.432	409.57947	2074.4294	39.169	55.001	27.8177	46.9046	0.00380994	12.1565	54.5005	-90	0.421462	23.7321	195
DATA	1688150754	333899021	13776	0	""	2023-06-30	14:45:54	23586.43	409.90372	2074.6453	39.1682	55.001	27.8135	46.9048	0.00383061	12.1566	54.5005	-144.75	0.421462	23.7321	118
DATA	1688150755	333899021	13780	0	""	2023-06-30	14:45:55	23589.08	409.57657	2074.4895	39.1682	55.001	27.8103	46.9048	0.00383688	12.1559	54.5005	158.75	0.421462	23.7317	113
DATA	1688150756	333515882	13784	0	""	2023-06-30	14:45:56	23591.176	409.04102	2074.6584	39.169	55.001	27.8115	46.9048	0.00383007	12.1572	54.5005	0	0.421462	23.7325	 65
DATA	1688150757	333515882	13788	0	""	2023-06-30	14:45:57	23590.326	411.10748	2074.5027	39.1686	55.001	27.8111	46.9048	0.0038298	12.1571	54.5005	86.25	0.421462	23.7329	 32
DATA	1688150758	333515882	13792	0	""	2023-06-30	14:45:58	23589.699	409.9545	2074.4763	39.1682	55.001	27.8135	46.9048	0.00385846	12.1564	54.5005	-56.25	0.421462	23.7329	116
DATA	1688150759	333515882	13796	0	""	2023-06-30	14:45:59	23590.984	409.91129	2074.4597	39.1677	55.001	27.8098	46.9046	0.0038456	12.1569	54.5005	-8	0.421462	23.7352	174
DATA	1688150760	333515882	13800	0	""	2023-06-30	14:46:00	23588.721	409.11441	2074.6348	39.1682	55.001	27.8103	46.9044	0.00384083	12.1568	54.5005	-36.5	0.421462	23.7349	 46
DATA	1688150761	333515882	13804	0	""	2023-06-30	14:46:01	23591.229	409.54395	2074.7925	39.169	55.001	27.809	46.9044	0.00383628	12.1559	54.5005	34	0.421462	23.7349	 88
DATA	1688150762	333515882	13808	0	""	2023-06-30	14:46:02	23591.961	410.22772	2074.6145	39.1686	55.001	27.8107	46.9044	0.0038424	12.1568	54.5005	93.5	0.421462	23.7349	223
DATA	1688150763	333153963	13812	0	""	2023-06-30	14:46:03	23592.127	409.51932	2074.6365	39.1694	55.001	27.8107	46.9046	0.0038337	12.1565	54.5005	-18	0.421462	23.7349	169
DATA	1688150764	333153963	13816	0	""	2023-06-30	14:46:04	23593.303	409.92865	2074.5813	39.169	55.001	27.8086	46.9048	0.00384366	12.1559	54.5005	5	0.421462	23.7341	 87
DATA	1688150765	333153963	13820	0	""	2023-06-30	14:46:05	23592.404	410.15973	2074.6233	39.1686	55.001	27.8098	46.9048	0.00383493	12.1566	54.5005	-20.75	0.421462	23.7341	111
DATA	1688150766	333153963	13824	0	""	2023-06-30	14:46:06	23592.439	408.96994	2074.6443	39.1686	55.001	27.8086	46.9048	0.00384427	12.1571	54.5005	-22.5	0.421462	23.7345	 89
DATA	1688150767	333153963	13828	0	""	2023-06-30	14:46:07	23593.775	409.20239	2074.5532	39.1686	55.001	27.8078	46.9046	0.00384934	12.1561	54.5005	86.25	0.421462	23.7325	 91
DATA	1688150768	333153963	13832	0	""	2023-06-30	14:46:08	23592.656	409.66321	2074.6089	39.1702	55.001	27.8107	46.9044	0.00382976	12.1562	54.5005	-15.75	0.421462	23.7325	122
DATA	1688150769	333153963	13836	0	""	2023-06-30	14:46:09	23596.234	409.31989	2074.6592	39.169	55.001	27.809	46.9044	0.00383795	12.1568	54.5005	12.25	0.421462	23.7325	255
DATA	1688150770	333153963	13840	0	""	2023-06-30	14:46:10	23594.961	410.24582	2074.5425	39.1702	55.001	27.8103	46.9044	0.00382426	12.1565	54.5005	25	0.421462	23.7321	139
DATA	1688150771	332775115	13844	0	""	2023-06-30	14:46:11	23594.258	409.44675	2074.3704	39.1706	55.001	27.8098	46.9044	0.0038327	12.1562	54.5005	71.5	0.421462	23.7317	222
DATA	1688150772	332775115	13848	0	""	2023-06-30	14:46:12	23594.062	409.46405	2074.5396	39.169	55.001	27.809	46.9048	0.00384393	12.1563	54.5005	-77.5	0.421462	23.7325	231
DATA	1688150773	332775115	13852	0	""	2023-06-30	14:46:13	23596.197	409.72375	2074.5134	39.1698	55.001	27.8082	46.9048	0.00385735	12.1564	54.5005	244	0.421462	23.7325	241
DATA	1688150774	332775115	13856	0	""	2023-06-30	14:46:14	23596.658	409.60645	2074.7183	39.1702	55.001	27.8086	46.9048	0.0038288	12.1565	54.5005	-14.25	0.421462	23.7321	 74
DATA	1688150775	332775115	13860	0	""	2023-06-30	14:46:15	23595.504	410.70761	2074.8318	39.169	55.001	27.8107	46.9048	0.00383583	12.1564	54.5005	7.5	0.421462	23.7317	173
DATA	1688150776	332775115	13864	0	""	2023-06-30	14:46:16	23597.225	409.13763	2074.4729	39.1698	55.001	27.8094	46.9046	0.00382582	12.1562	54.5005	-56.75	0.421462	23.7341	138
DATA	1688150777	332775115	13868	0	""	2023-06-30	14:46:17	23598.195	410.25848	2074.594	39.1694	55.001	27.8094	46.9044	0.0038356	12.1566	54.5005	-7.5	0.421462	23.7345	198
DATA	1688150778	332406997	13872	0	""	2023-06-30	14:46:18	23600.508	409.05627	2074.4302	39.1694	55.001	27.8098	46.9044	0.00384487	12.157	54.5005	-58.5	0.421462	23.7341	 28
DATA	1688150779	332406997	13876	0	""	2023-06-30	14:46:19	23599.523	409.47153	2074.6611	39.1698	55.001	27.8094	46.9046	0.00384229	12.1566	54.5005	-20	0.421462	23.7341	248
DATA	1688150780	332406997	13880	0	""	2023-06-30	14:46:20	23596.271	408.34238	2074.5771	39.1694	55.001	27.8078	46.9046	0.00383019	12.1564	54.5005	-78.25	0.421462	23.7337	132
DATA	1688150781	332406997	13884	0	""	2023-06-30	14:46:21	23594.49	409.09167	2074.4409	39.1694	55.001	27.807	46.9048	0.00384948	12.1567	54.5005	69.75	0.421462	23.7337	 13
DATA	1688150782	332406997	13888	0	""	2023-06-30	14:46:22	23596.656	408.86868	2074.4028	39.169	55.001	27.8057	46.9048	0.00384906	12.1569	54.5005	-103.75	0.421462	23.7337	161
DATA	1688150783	332406997	13892	0	""	2023-06-30	14:46:23	23597.127	409.6026	2074.6521	39.1698	55.001	27.8057	46.9048	0.00384301	12.1563	54.5005	31.25	0.421462	23.7337	 24
DATA	1688150784	332406997	13896	0	""	2023-06-30	14:46:24	23595.447	410.396	2074.5835	39.1706	55.001	27.8061	46.9046	0.00385592	12.157	54.5005	-8.25	0.421462	23.7321	184
DATA	1688150785	332406997	13900	0	""	2023-06-30	14:46:25	23596.822	409.99527	2074.6594	39.1694	55.001	27.8057	46.9044	0.00386618	12.1562	54.5005	2.25	0.421462	23.7321	 42
DATA	1688150786	332036018	13904	0	""	2023-06-30	14:46:26	23595.355	408.95596	2074.5647	39.1723	55.001	27.8082	46.9046	0.00380345	12.1563	54.5005	308	0.421462	23.7313	228
DATA	1688150787	332036018	13908	0	""	2023-06-30	14:46:27	23594.758	409.04092	2074.3997	39.171	55.001	27.8119	46.9044	0.00380769	12.1574	54.5005	263	0.421462	23.7309	192
DATA	1688150788	332036018	13912	0	""	2023-06-30	14:46:28	23594.926	408.89029	2074.5198	39.1727	55.001	27.8148	46.9046	0.00379147	12.1564	54.5005	6.25	0.421462	23.7313	 37
DATA	1688150789	332036018	13916	0	""	2023-06-30	14:46:29	23591.613	409.22308	2074.6003	39.171	55.001	27.8127	46.9046	0.00379034	12.1569	54.5005	-156	0.421462	23.7317	206
DATA	1688150790	332036018	13920	0	""	2023-06-30	14:46:30	23593.061	408.00067	2074.6553	39.1698	55.001	27.8094	46.9048	0.00382947	12.1566	54.5005	-27.25	0.421462	23.7317	105
DATA	1688150791	332036018	13924	0	""	2023-06-30	14:46:31	23593.148	407.57486	2074.5251	39.1694	55.001	27.8061	46.9048	0.00384896	12.1575	54.5005	-78.75	0.421462	23.7313	129
DATA	1688150792	332036018	13928	0	""	2023-06-30	14:46:32	23593.184	408.97681	2074.333	39.1694	55.001	27.8049	46.9048	0.00384239	12.1568	54.5005	3.75	0.421462	23.7321	234
DATA	1688150793	331661939	13932	0	""	2023-06-30	14:46:33	23591.111	409.51175	2074.438	39.1694	55.001	27.8061	46.9044	0.00384866	12.1563	54.5005	76	0.421462	23.7349	134
DATA	1688150794	331661939	13936	0	""	2023-06-30	14:46:34	23590.754	408.49814	2074.5845	39.1694	55.0012	27.8057	46.9044	0.00384892	12.1567	54.5005	49	0.421462	23.7345	 11
DATA	1688150795	331661939	13940	0	""	2023-06-30	14:46:35	23590.248	408.37134	2074.5139	39.1702	55.001	27.8061	46.9044	0.00385317	12.1563	54.5005	-46.25	0.421462	23.7341	105
DATA	1688150796	331661939	13944	0	""	2023-06-30	14:46:36	23592.287	408.24771	2074.6797	39.1702	55.001	27.8066	46.9046	0.00384243	12.1563	54.5005	68	0.421462	23.7341	200
DATA	1688150797	331661939	13948	0	""	2023-06-30	14:46:37	23593.908	408.74121	2074.5688	39.1714	55.0012	27.8066	46.9048	0.00384431	12.1572	54.5005	118	0.421462	23.7341	 41
DATA	1688150798	331661939	13952	0	""	2023-06-30	14:46:38	23593.715	409.13998	2074.6272	39.171	55.001	27.8074	46.9048	0.00383846	12.1565	54.5005	24.5	0.421462	23.7345	255
DATA	1688150799	331661939	13956	0	""	2023-06-30	14:46:39	23594.199	408.45328	2074.4868	39.171	55.001	27.8061	46.9048	0.00383576	12.1563	54.5005	-82.25	0.421462	23.7341	101
DATA	1688150800	331661939	13960	0	""	2023-06-30	14:46:40	23595.033	409.65182	2074.6301	39.171	55.001	27.8049	46.9048	0.00382962	12.1569	54.5005	39	0.421462	23.7341	118
DATA	1688150801	331290960	13964	0	""	2023-06-30	14:46:41	23595.293	409.42258	2074.6592	39.1698	55.001	27.8066	46.9046	0.00383478	12.1565	54.5005	1.5	0.421462	23.7321	232
DATA	1688150802	331290960	13968	0	""	2023-06-30	14:46:42	23594.217	409.65485	2074.5352	39.1702	55.001	27.8053	46.9044	0.00384909	12.1565	54.5005	229.25	0.421462	23.7317	120
DATA	1688150803	331290960	13972	0	""	2023-06-30	14:46:43	23594.42	408.15546	2074.5015	39.171	55.0012	27.8082	46.9044	0.0038295	12.1562	54.5005	-68.75	0.421462	23.7317	  2
DATA	1688150804	331290960	13976	0	""	2023-06-30	14:46:44	23593.975	408.19308	2074.615	39.1706	55.001	27.8066	46.9048	0.00382369	12.1569	54.5005	15.75	0.421462	23.7317	 38
DATA	1688150805	331290960	13980	0	""	2023-06-30	14:46:45	23593.816	409.80264	2074.3105	39.1702	55.001	27.8049	46.9048	0.0038551	12.1568	54.5005	-54.5	0.421462	23.7317	  6
DATA	1688150806	331290960	13984	0	""	2023-06-30	14:46:46	23594.043	408.57764	2074.7151	39.1698	55.001	27.8033	46.9048	0.0038667	12.1563	54.5005	-63	0.421462	23.7309	186
DATA	1688150807	331290960	13988	0	""	2023-06-30	14:46:47	23592.594	409.034	2074.623	39.1686	55.001	27.8028	46.9048	0.00388113	12.1566	54.5005	-17.5	0.421462	23.7313	172
DATA	1688150808	330919981	13992	0	""	2023-06-30	14:46:48	23591.674	408.43668	2074.6023	39.1714	55.001	27.8049	46.9048	0.00384395	12.156	54.5005	71.25	0.421462	23.7325	 41
DATA	1688150809	330919981	13996	0	""	2023-06-30	14:46:49	23588.965	407.74097	2074.7688	39.1731	55.001	27.8053	46.9048	0.00379085	12.1559	54.5005	185.75	0.421462	23.7317	183
DATA	1688150810	330919981	14000	0	""	2023-06-30	14:46:50	23590.162	409.07932	2074.5454	39.1731	55.001	27.8082	46.9044	0.00378651	12.1573	54.5005	199.5	0.421462	23.7349	 58
DATA	1688150811	330919981	14004	0	""	2023-06-30	14:46:51	23590.822	407.64594	2074.5208	39.1723	55.001	27.8082	46.9044	0.00380083	12.1568	54.5005	-39.5	0.421462	23.7345	 52
DATA	1688150812	330919981	14008	0	""	2023-06-30	14:46:52	23591.775	408.89041	2074.3384	39.1714	55.001	27.8094	46.9048	0.00382935	12.1567	54.5005	88.5	0.421462	23.7341	 33
DATA	1688150813	330919981	14012	0	""	2023-06-30	14:46:53	23591.842	408.57568	2074.3784	39.1719	55.001	27.8082	46.9046	0.00382896	12.1564	54.5005	-75.75	0.421462	23.7321	135
DATA	1688150814	330919981	14016	0	""	2023-06-30	14:46:54	23591.754	407.4425	2074.5986	39.1694	55.001	27.8074	46.9048	0.00382749	12.1569	54.5005	55	0.421462	23.7341	148
DATA	1688150815	330919981	14020	0	""	2023-06-30	14:46:55	23592.711	408.0369	2074.3889	39.1706	55.001	27.8074	46.9048	0.00385076	12.1568	54.5005	-33.75	0.421462	23.7341	 71
DATA	1688150816	330554008	14024	0	""	2023-06-30	14:46:56	23594.414	407.85767	2074.5417	39.171	55.001	27.8049	46.9048	0.00383464	12.1567	54.5005	-90	0.421462	23.7337	172
DATA	1688150817	330554008	14028	0	""	2023-06-30	14:46:57	23594.158	407.61081	2074.7957	39.1714	55.001	27.8041	46.9048	0.00384165	12.1565	54.5005	-18.25	0.421462	23.7337	111
DATA	1688150818	330554008	14032	0	""	2023-06-30	14:46:58	23593.133	407.76465	2074.4502	39.171	55.001	27.8037	46.9044	0.0038373	12.1565	54.5005	7.75	0.421462	23.7321	152
DATA	1688150819	330554008	14036	0	""	2023-06-30	14:46:59	23592.449	407.85974	2074.5034	39.171	55.001	27.8049	46.9044	0.00384738	12.1566	54.5005	2.25	0.421462	23.7317	229
DATA	1688150820	330554008	14040	0	""	2023-06-30	14:47:00	23593.721	408.31995	2074.2739	39.1706	55.001	27.8057	46.9046	0.0038411	12.1568	54.5005	13.5	0.421462	23.7325	192
DATA	1688150821	330554008	14044	0	""	2023-06-30	14:47:01	23593.348	408.06396	2074.4844	39.1698	55.001	27.8037	46.9046	0.00386417	12.1559	54.5005	61.25	0.421462	23.7317	 65
DATA	1688150822	330554008	14048	0	""	2023-06-30	14:47:02	23591.811	408.14291	2074.479	39.1719	55.001	27.8016	46.9048	0.00385064	12.1567	54.5005	67	0.421462	23.7313	107
DATA	1688150823	330182075	14052	0	""	2023-06-30	14:47:03	23591.129	408.78516	2074.3601	39.1731	55.001	27.8061	46.9048	0.0038269	12.1567	54.5005	137	0.421462	23.7313	149
DATA	1688150824	330182075	14056	0	""	2023-06-30	14:47:04	23592.777	408.73401	2074.3877	39.171	55.001	27.8061	46.9048	0.00384638	12.1567	54.5005	-103	0.421462	23.7321	206
DATA	1688150825	330182075	14060	0	""	2023-06-30	14:47:05	23594.242	407.73215	2074.5649	39.1723	55.001	27.8028	46.9048	0.00381757	12.1565	54.5005	-129.5	0.421462	23.7321	 96
DATA	1688150826	330182075	14064	0	""	2023-06-30	14:47:06	23591.965	408.77521	2074.5139	39.1723	55.001	27.8	46.9048	0.00382274	12.1568	54.5005	78.75	0.421462	23.7317	180
DATA	1688150827	330182075	14068	0	""	2023-06-30	14:47:07	23594.977	408.82562	2074.5581	39.1719	55.001	27.8	46.9044	0.00383262	12.156	54.5005	66.75	0.421462	23.7345	135
DATA	1688150828	330182075	14072	0	""	2023-06-30	14:47:08	23591.82	408.28918	2074.3889	39.1694	55.001	27.8016	46.9044	0.00386362	12.1568	54.5007	13.25	0.421462	23.7337	 29
DATA	1688150829	330182075	14076	0	""	2023-06-30	14:47:09	23591.807	407.84497	2074.5618	39.1694	55.001	27.8012	46.9044	0.00387302	12.1562	54.5007	-5.5	0.421462	23.7333	 12
DATA	1688150830	330182075	14080	0	""	2023-06-30	14:47:10	23590.131	408.69638	2074.5984	39.1714	55.001	27.8008	46.9046	0.00386092	12.1567	54.5013	291.5	0.421462	23.7337	 56
DATA	1688150831	329806089	14084	0	""	2023-06-30	14:47:11	23588.137	408.08578	2074.5962	39.1727	55.001	27.8045	46.9048	0.00382499	12.1569	54.5011	-37.25	0.421462	23.7349	145
DATA	1688150832	329806089	14088	0	""	2023-06-30	14:47:12	23590.584	407.82892	2074.5232	39.1731	55.001	27.8045	46.9048	0.00381238	12.1564	54.5011	153.25	0.421462	23.7345	118
DATA	1688150833	329806089	14092	0	""	2023-06-30	14:47:13	23593.111	409.11084	2074.5022	39.1727	55.001	27.8041	46.9048	0.00381521	12.1568	54.5009	34	0.421462	23.7337	153
DATA	1688150834	329806089	14096	0	""	2023-06-30	14:47:14	23591.715	408.25342	2074.3528	39.1727	55.001	27.8041	46.9048	0.00381997	12.1563	54.5007	-10.75	0.421462	23.7349	127
DATA	1688150835	329806089	14100	0	""	2023-06-30	14:47:15	23593.789	408.43671	2074.4917	39.1723	55.001	27.8049	46.9046	0.00384687	12.157	54.5005	-130.5	0.421462	23.7329	 79
DATA	1688150836	329806089	14104	0	""	2023-06-30	14:47:16	23591.285	407.93945	2074.4661	39.1727	55.001	27.8008	46.9044	0.00382961	12.1569	54.5005	10.75	0.421462	23.7325	 79
DATA	1688150837	329806089	14108	0	""	2023-06-30	14:47:17	23591.832	408.86087	2074.843	39.1719	55.001	27.8037	46.9044	0.00383603	12.1564	54.5005	-15.75	0.421462	23.7321	 71
DATA	1688150838	329428911	14112	0	""	2023-06-30	14:47:18	23591.689	408.569	2074.4705	39.1719	55.001	27.8016	46.9046	0.00384212	12.1565	54.5005	-28	0.421462	23.7317	124
DATA	1688150839	329428911	14116	0	""	2023-06-30	14:47:19	23592.182	407.95432	2074.5366	39.1719	55.001	27.802	46.9048	0.00383414	12.1563	54.5005	193.25	0.421462	23.7313	 66
DATA	1688150840	329428911	14120	0	""	2023-06-30	14:47:20	23591.914	408.49362	2074.5056	39.1723	55.001	27.8049	46.9048	0.00383611	12.1561	54.5005	-59.5	0.421462	23.7313	 44
DATA	1688150841	329428911	14124	0	""	2023-06-30	14:47:21	23591.334	408.98135	2074.4224	39.1731	55.001	27.8028	46.9048	0.00383898	12.1566	54.5005	-101.5	0.421462	23.7317	102
DATA	1688150842	329428911	14128	0	""	2023-06-30	14:47:22	23594.566	408.81516	2074.4316	39.1723	55.001	27.8004	46.9048	0.00383351	12.1566	54.5005	-28.5	0.421462	23.7317	 54
DATA	1688150843	329428911	14132	0	""	2023-06-30	14:47:23	23594.469	407.64862	2074.5107	39.1719	55.001	27.8012	46.9048	0.00384913	12.1566	54.5005	53.5	0.421462	23.7301	 11
DATA	1688150844	329428911	14136	0	""	2023-06-30	14:47:24	23594.08	407.55893	2074.2627	39.1727	55.001	27.8033	46.9044	0.00382599	12.1564	54.5005	2	0.421462	23.7341	 77
DATA	1688150845	329428911	14140	0	""	2023-06-30	14:47:25	23592.797	408.56757	2074.6226	39.1706	55.001	27.8012	46.9044	0.00383905	12.1563	54.5005	-25	0.421462	23.7341	218
DATA	1688150846	329063892	14144	0	""	2023-06-30	14:47:26	23591.057	408.81967	2074.2397	39.1731	55.001	27.8012	46.9046	0.00383395	12.1566	54.5005	2	0.421462	23.7337	134
DATA	1688150847	329063892	14148	0	""	2023-06-30	14:47:27	23591.158	407.90228	2074.219	39.1723	55.001	27.8004	46.9046	0.00383645	12.1563	54.5005	-72.5	0.421462	23.7337	 14
DATA	1688150848	329063892	14152	0	""	2023-06-30	14:47:28	23592.094	408.24469	2074.335	39.171	55.001	27.7979	46.9048	0.00384472	12.156	54.5005	-0.75	0.421462	23.7333	183
DATA	1688150849	329063892	14156	0	""	2023-06-30	14:47:29	23592.65	408.36285	2074.355	39.1714	55.001	27.7983	46.9048	0.00384099	12.1562	54.5005	75.75	0.421462	23.7333	  1
DATA	1688150850	329063892	14160	0	""	2023-06-30	14:47:30	23593.824	408.47549	2074.5354	39.1719	55.001	27.7991	46.9048	0.0038435	12.1565	54.5005	19.25	0.421462	23.7333	 31
DATA	1688150851	329063892	14164	0	""	2023-06-30	14:47:31	23594.045	408.20535	2074.3799	39.1731	55.001	27.8008	46.9048	0.00382383	12.1566	54.5005	14.25	0.421462	23.7333	 62
DATA	1688150852	329063892	14168	0	""	2023-06-30	14:47:32	23593.094	408.13348	2074.531	39.1731	55.001	27.8012	46.9046	0.0038216	12.1565	54.5005	-69.25	0.421462	23.7313	254
DATA	1688150853	328681945	14172	0	""	2023-06-30	14:47:33	23594.969	408.16727	2074.3408	39.1723	55.001	27.8004	46.9044	0.00383088	12.1564	54.5005	72.5	0.421462	23.7321	 24
DATA	1688150854	328681945	14176	0	""	2023-06-30	14:47:34	23595.891	407.50992	2074.521	39.1727	55.001	27.8024	46.9044	0.00383272	12.1566	54.5005	8.25	0.421462	23.7313	232
DATA	1688150855	328681945	14180	0	""	2023-06-30	14:47:35	23592.494	407.73459	2074.6011	39.1723	55.001	27.8012	46.9048	0.00384538	12.1567	54.5005	-68.75	0.421462	23.7309	133
DATA	1688150856	328681945	14184	0	""	2023-06-30	14:47:36	23593.891	408.92148	2074.5344	39.1719	55.001	27.7996	46.9048	0.00384657	12.1561	54.5005	81.75	0.421462	23.7309	117
DATA	1688150857	328681945	14188	0	""	2023-06-30	14:47:37	23596.381	407.49854	2074.3811	39.1747	55.001	27.8024	46.9048	0.00379466	12.1565	54.5005	166.25	0.421462	23.7309	159
DATA	1688150858	328681945	14192	0	""	2023-06-30	14:47:38	23597.012	408.08813	2074.4587	39.1747	55.001	27.8053	46.9048	0.00379441	12.1561	54.5005	-3.75	0.421462	23.7309	 85
DATA	1688150859	328681945	14196	0	""	2023-06-30	14:47:39	23597.299	407.70444	2074.3633	39.1731	55.001	27.8028	46.9048	0.00383681	12.1563	54.5005	-47.25	0.421462	23.7313	141
DATA	1688150860	328681945	14200	0	""	2023-06-30	14:47:40	23598.141	407.35989	2074.3772	39.1739	55.001	27.8016	46.9048	0.00382569	12.1558	54.5005	64	0.421462	23.7337	197
DATA	1688150861	328315019	14204	0	""	2023-06-30	14:47:41	23597.322	406.89938	2074.0312	39.1735	55.001	27.8024	46.9044	0.00381166	12.156	54.5005	-18.75	0.421462	23.7341	 43
DATA	1688150862	328315019	14208	0	""	2023-06-30	14:47:42	23594.383	406.44345	2073.9927	39.1735	55.001	27.802	46.9044	0.00383557	12.1565	54.5005	-60	0.421462	23.7341	162
DATA	1688150863	328315019	14212	0	""	2023-06-30	14:47:43	23595.775	407.35236	2074.481	39.1727	55.001	27.8008	46.9046	0.00383557	12.156	54.5005	-51.25	0.421462	23.7333	  2
DATA	1688150864	328315019	14216	0	""	2023-06-30	14:47:44	23596.701	407.27054	2074.4048	39.1719	55.001	27.7996	46.9048	0.00384733	12.1565	54.5005	18	0.421462	23.7333	181
DATA	1688150865	328315019	14220	0	""	2023-06-30	14:47:45	23596.232	406.55402	2074.3347	39.1727	55.001	27.7979	46.9048	0.00385676	12.1568	54.5005	-19.5	0.421462	23.7333	 74
DATA	1688150866	328315019	14224	0	""	2023-06-30	14:47:46	23597.631	406.93164	2074.4966	39.1727	55.001	27.7975	46.9048	0.00384106	12.1562	54.5005	18.75	0.421462	23.7337	 89
DATA	1688150867	328315019	14228	0	""	2023-06-30	14:47:47	23599.125	406.10464	2074.0874	39.1714	55.001	27.7967	46.9048	0.00385771	12.1567	54.5005	-9	0.421462	23.7333	187
DATA	1688150868	327943086	14232	0	""	2023-06-30	14:47:48	23601.078	406.72589	2074.3328	39.1731	55.001	27.7975	46.9048	0.00383971	12.1563	54.5005	26.75	0.421462	23.7337	 96
DATA	1688150869	327943086	14236	0	""	2023-06-30	14:47:49	23599.68	406.60913	2074.4209	39.1743	55.001	27.8	46.9044	0.00382592	12.1571	54.5005	79.5	0.421462	23.7325	 94
DATA	1688150870	327943086	14240	0	""	2023-06-30	14:47:50	23596.846	406.961	2074.4805	39.1731	55.001	27.802	46.9044	0.00384701	12.1568	54.5005	-134.75	0.421462	23.7313	  1
DATA	1688150871	327943086	14244	0	""	2023-06-30	14:47:51	23590.795	405.55054	2074.302	39.1735	55.001	27.7983	46.9044	0.00383484	12.1564	54.5005	40.5	0.421462	23.7317	222
DATA	1688150872	327943086	14248	0	""	2023-06-30	14:47:52	23587.123	405.59662	2074.6045	39.1727	55.001	27.7996	46.9044	0.00384412	12.1566	54.5005	-30.5	0.421462	23.7313	 69
DATA	1688150873	327943086	14252	0	""	2023-06-30	14:47:53	23581.799	404.56454	2074.3362	39.1731	55.001	27.7987	46.9044	0.0038361	12.1562	54.5005	-16.25	0.421462	23.7305	 70
DATA	1688150874	327943086	14256	0	""	2023-06-30	14:47:54	23577.486	405.83978	2074.2661	39.1731	55.001	27.7983	46.9048	0.00384645	12.1566	54.5005	-17.25	0.421462	23.7313	148
DATA	1688150875	327943086	14260	0	""	2023-06-30	14:47:55	23581.812	405.59482	2074.4404	39.1714	55.001	27.7959	46.9048	0.00386199	12.1565	54.5005	-32.75	0.421462	23.7313	134
DATA	1688150876	327577114	14264	0	""	2023-06-30	14:47:56	23579.727	405.01776	2074.4731	39.1723	55.001	27.795	46.9048	0.00386596	12.156	54.5005	12	0.421462	23.7313	 89
DATA	1688150877	327577114	14268	0	""	2023-06-30	14:47:57	23577.154	406.4335	2074.8242	39.1727	55.001	27.7983	46.9048	0.00386225	12.1568	54.5005	-37.75	0.421462	23.7337	 94
DATA	1688150878	327577114	14272	0	""	2023-06-30	14:47:58	23578.818	405.12384	2074.4968	39.178	55.001	27.7991	46.9044	0.00377454	12.1563	54.5005	217.25	0.421462	23.7341	 98
DATA	1688150879	327577114	14276	0	""	2023-06-30	14:47:59	23577.445	405.99203	2074.4023	39.1768	55.001	27.8037	46.9044	0.00376683	12.1566	54.5005	11	0.421462	23.7341	189
DATA	1688150880	327577114	14280	0	""	2023-06-30	14:48:00	23577.436	405.62167	2074.283	39.1756	55.001	27.8041	46.9044	0.00379692	12.1569	54.5005	0.25	0.421462	23.7333	216
DATA	1688150881	327577114	14284	0	""	2023-06-30	14:48:01	23580.371	405.66272	2074.5398	39.1739	55.001	27.802	46.9046	0.00381464	12.1567	54.5005	-173.5	0.421462	23.7333	 61
DATA	1688150882	327577114	14288	0	""	2023-06-30	14:48:02	23584.154	406.01743	2074.3994	39.1735	55.001	27.7996	46.9048	0.0038333	12.1568	54.5005	72.25	0.421462	23.7333	 32
DATA	1688150883	327197074	14292	0	""	2023-06-30	14:48:03	23587.312	406.26813	2074.5125	39.1731	55.001	27.7983	46.9048	0.00383805	12.1576	54.5005	-64	0.421462	23.7333	223
DATA	1688150884	327197074	14296	0	""	2023-06-30	14:48:04	23586.957	406.18591	2074.3938	39.1727	55.001	27.7963	46.9048	0.00383911	12.1566	54.5005	-54.75	0.421462	23.7333	154
DATA	1688150885	327197074	14300	0	""	2023-06-30	14:48:05	23586.367	407.11624	2074.4492	39.1731	55.001	27.7967	46.9048	0.00385131	12.1564	54.5005	201.5	0.421462	23.7333	 59
DATA	1688150886	327197074	14304	0	""	2023-06-30	14:48:06	23588.924	406.11758	2074.3159	39.1743	55.001	27.7983	46.9044	0.00383439	12.1566	54.5005	-102.25	0.421462	23.7317	177
DATA	1688150887	327197074	14308	0	""	2023-06-30	14:48:07	23587.873	407.11276	2074.6292	39.1735	55.001	27.7975	46.9044	0.00382006	12.1565	54.5005	195.75	0.421462	23.7313	140
DATA	1688150888	327197074	14312	0	""	2023-06-30	14:48:08	23589.709	407.22504	2074.3877	39.1747	55.001	27.7971	46.9044	0.00383079	12.1569	54.5005	-1.75	0.421462	23.7313	 88
DATA	1688150889	327197074	14316	0	""	2023-06-30	14:48:09	23591.621	406.48328	2074.429	39.1727	55.001	27.7975	46.9044	0.00384365	12.1565	54.5005	-51.25	0.421462	23.7313	 78
DATA	1688150890	327197074	14320	0	""	2023-06-30	14:48:10	23594.098	406.72787	2074.6064	39.1731	55.001	27.7987	46.9046	0.00382683	12.1566	54.5005	-9.75	0.421462	23.7313	 85
DATA	1688150891	326837062	14324	0	""	2023-06-30	14:48:11	23596.111	406.68854	2074.3999	39.171	55.001	27.7959	46.9048	0.00387094	12.1568	54.5005	-169.75	0.421462	23.7309	151
DATA	1688150892	326837062	14328	0	""	2023-06-30	14:48:12	23594.252	406.12314	2074.5037	39.1751	55.001	27.7934	46.9048	0.0038427	12.1561	54.5005	315.25	0.421462	23.7317	 52
DATA	1688150893	326837062	14332	0	""	2023-06-30	14:48:13	23592.516	408.11145	2074.4719	39.1747	55.001	27.7954	46.9048	0.00383251	12.1561	54.5005	93.5	0.421462	23.7317	 17
DATA	1688150894	326837062	14336	0	""	2023-06-30	14:48:14	23588.275	407.45578	2074.4189	39.1739	55.001	27.7946	46.9046	0.00383791	12.1562	54.5005	9.25	0.421462	23.7341	 53
DATA	1688150895	326837062	14340	0	""	2023-06-30	14:48:15	23582.883	407.08636	2074.5425	39.1743	55.001	27.7946	46.9044	0.00382615	12.1564	54.5005	-21	0.421462	23.7345	224
DATA	1688150896	326837062	14344	0	""	2023-06-30	14:48:16	23577.643	407.66931	2074.4915	39.1739	55.001	27.795	46.9044	0.00382717	12.1575	54.5005	57.75	0.421462	23.7333	 49
DATA	1688150897	326837062	14348	0	""	2023-06-30	14:48:17	23585.395	407.25543	2074.4741	39.1739	55.001	27.7942	46.9044	0.00386869	12.156	54.5005	-44.5	0.421462	23.7333	 42
DATA	1688150898	326461076	14352	0	""	2023-06-30	14:48:18	23591.537	406.38791	2074.3894	39.1743	55.001	27.7938	46.9046	0.00386121	12.1563	54.5005	14.75	0.421462	23.7329	 94
DATA	1688150899	326461076	14356	0	""	2023-06-30	14:48:19	23589.057	406.57379	2074.6658	39.1743	55.001	27.7967	46.9048	0.00381097	12.1571	54.5005	183.25	0.421462	23.7337	167
DATA	1688150900	326461076	14360	0	""	2023-06-30	14:48:20	23587.074	407.22488	2074.1497	39.1743	55.001	27.7971	46.9048	0.00384435	12.1569	54.5005	-152	0.421462	23.7333	 13
DATA	1688150901	326461076	14364	0	""	2023-06-30	14:48:21	23588.451	406.91714	2074.4995	39.1739	55.001	27.7934	46.9048	0.00384872	12.1566	54.5005	193.25	0.421462	23.7333	137
DATA	1688150902	326461076	14368	0	""	2023-06-30	14:48:22	23589.734	407.3483	2074.5662	39.1747	55.001	27.7938	46.9046	0.0038336	12.1567	54.5005	-44.5	0.421462	23.7317	234
DATA	1688150903	326461076	14372	0	""	2023-06-30	14:48:23	23589.074	406.80588	2074.3799	39.1731	55.001	27.7954	46.9044	0.00385553	12.1567	54.5005	95.75	0.421462	23.7305	 95
DATA	1688150904	326461076	14376	0	""	2023-06-30	14:48:24	23586.475	408.85446	2074.302	39.1743	55.001	27.7963	46.9044	0.00384584	12.1563	54.5005	57.25	0.421462	23.7313	 26
DATA	1688150905	326461076	14380	0	""	2023-06-30	14:48:25	23587.158	406.85349	2074.4395	39.1739	55.001	27.7987	46.9044	0.00385279	12.1567	54.5005	-60.25	0.421462	23.7313	142
DATA	1688150906	326092004	14384	0	""	2023-06-30	14:48:26	23587.887	408.34027	2074.3181	39.176	55.001	27.7942	46.9046	0.00384063	12.1559	54.5005	69.75	0.421462	23.7313	 28
DATA	1688150907	326092004	14388	0	""	2023-06-30	14:48:27	23587.863	408.02216	2074.2554	39.1727	55.001	27.7971	46.9046	0.00387768	12.1562	54.5005	35.25	0.421462	23.7313	 76
DATA	1688150908	326092004	14392	0	""	2023-06-30	14:48:28	23586.119	408.99188	2074.4805	39.1768	55.001	27.7971	46.9048	0.00379871	12.1563	54.5005	228	0.421462	23.7321	253
DATA	1688150909	326092004	14396	0	""	2023-06-30	14:48:29	23586.424	407.8443	2074.4309	39.178	55.001	27.8008	46.9048	0.00378023	12.1569	54.5009	32.75	0.421462	23.7317	232
DATA	1688150910	326092004	14400	0	""	2023-06-30	14:48:30	23586.85	407.13745	2074.6125	39.1776	55.001	27.802	46.9048	0.00379073	12.157	54.5005	79.75	0.421462	23.7321	155
DATA	1688150911	326092004	14404	0	""	2023-06-30	14:48:31	23587.781	408.41278	2074.5171	39.1764	55.001	27.8041	46.9046	0.00379464	12.1566	54.5007	17.5	0.421462	23.7345	  8
DATA	1688150912	326092004	14408	0	""	2023-06-30	14:48:32	23587.979	408.17181	2074.3423	39.1735	55.001	27.8016	46.9044	0.00385372	12.157	54.5007	-337	0.421462	23.7337	213
DATA	1688150913	325712919	14412	0	""	2023-06-30	14:48:33	23586.111	408.634	2074.3159	39.1743	55.001	27.7954	46.9044	0.0038601	12.1569	54.5011	-98.25	0.421462	23.7333	208
DATA	1688150914	325712919	14416	0	""	2023-06-30	14:48:34	23584.262	406.10764	2074.3572	39.1747	55.001	27.7934	46.9044	0.00382982	12.1558	54.5009	29	0.421462	23.7337	190
DATA	1688150915	325712919	14420	0	""	2023-06-30	14:48:35	23580.518	407.547	2074.4265	39.1747	55.0014	27.793	46.9048	0.00382287	12.1564	54.5007	-0.5	0.421462	23.7349	175
DATA	1688150916	325712919	14424	0	""	2023-06-30	14:48:36	23580.314	407.40994	2074.2031	39.1719	55.0012	27.7934	46.9048	0.00386666	12.1566	54.5009	-101.25	0.421462	23.7341	212
DATA	1688150917	325712919	14428	0	""	2023-06-30	14:48:37	23579.305	407.41437	2074.4033	39.1751	55.0012	27.7922	46.9048	0.00383202	12.1568	54.5007	51.75	0.421462	23.7345	119
DATA	1688150918	325712919	14432	0	""	2023-06-30	14:48:38	23578.014	406.90765	2074.5396	39.1747	55.001	27.7922	46.9048	0.00386275	12.1566	54.5005	-96.5	0.421462	23.7333	 92
DATA	1688150919	325712919	14436	0	""	2023-06-30	14:48:39	23578.623	407.18079	2074.2354	39.1747	55.001	27.7922	46.9046	0.00383449	12.1566	54.5005	179	0.421462	23.7317	  0
DATA	1688150920	325712919	14440	0	""	2023-06-30	14:48:40	23576.26	407.40851	2074.313	39.1756	55.0012	27.793	46.9044	0.00382478	12.1564	54.5005	175.25	0.421462	23.7321	  2
DATA	1688150921	325342893	14444	0	""	2023-06-30	14:48:41	23572.299	407.70535	2074.3701	39.1743	55.001	27.793	46.9044	0.00385472	12.1566	54.5005	-133	0.421462	23.7321	209
DATA	1688150922	325342893	14448	0	""	2023-06-30	14:48:42	23569.406	407.79031	2074.5891	39.176	55.0012	27.7922	46.9044	0.00382815	12.1563	54.5005	93.25	0.421462	23.7317	 78
DATA	1688150923	325342893	14452	0	""	2023-06-30	14:48:43	23569.652	406.48972	2074.1372	39.176	55.0014	27.7954	46.9048	0.00381331	12.1569	54.5005	-6.75	0.421462	23.7313	 78
DATA	1688150924	325342893	14456	0	""	2023-06-30	14:48:44	23571.037	407.09985	2074.3557	39.1751	55.0012	27.7938	46.9048	0.00381867	12.1569	54.5005	-89	0.421462	23.7317	 54
DATA	1688150925	325342893	14460	0	""	2023-06-30	14:48:45	23572.344	406.53223	2074.4763	39.1756	55.001	27.7885	46.9048	0.00385297	12.1569	54.5005	6.25	0.421462	23.7313	 34
DATA	1688150926	325342893	14464	0	""	2023-06-30	14:48:46	23570.414	406.74615	2074.1538	39.1747	55.001	27.7926	46.9048	0.00381642	12.157	54.5005	38.5	0.421462	23.7317	234
DATA	1688150927	325342893	14468	0	""	2023-06-30	14:48:47	23571.547	407.20334	2074.261	39.1743	55.001	27.7922	46.9048	0.00384925	12.1563	54.5005	-41.5	0.421462	23.7317	 14
DATA	1688150928	324970006	14472	0	""	2023-06-30	14:48:48	23570.51	407.80154	2074.3738	39.1756	55.001	27.7917	46.9046	0.00383474	12.1568	54.5005	46	0.421462	23.7341	133
DATA	1688150929	324970006	14476	0	""	2023-06-30	14:48:49	23570.127	407.34998	2074.2068	39.1756	55.001	27.7926	46.9046	0.00383253	12.156	54.5005	-43.75	0.421462	23.7337	 85
DATA	1688150930	324970006	14480	0	""	2023-06-30	14:48:50	23571.26	408.04984	2074.3638	39.1764	55.001	27.7934	46.9044	0.00381568	12.1568	54.5005	52	0.421462	23.7337	128
DATA	1688150931	324970006	14484	0	""	2023-06-30	14:48:51	23572.938	407.05319	2074.3059	39.1743	55.001	27.7926	46.9046	0.0038432	12.1562	54.5005	-84.5	0.421462	23.7341	  7
DATA	1688150932	324970006	14488	0	""	2023-06-30	14:48:52	23571.762	406.97903	2074.4753	39.176	55.001	27.7917	46.9048	0.00381576	12.1569	54.5005	34.25	0.421462	23.7337	 41
DATA	1688150933	324970006	14492	0	""	2023-06-30	14:48:53	23573.885	406.78372	2074.5718	39.1747	55.001	27.7913	46.9048	0.00384009	12.1568	54.5005	-56.5	0.421462	23.7329	 89
DATA	1688150934	324970006	14496	0	""	2023-06-30	14:48:54	23574.297	406.88275	2074.323	39.1756	55.001	27.7901	46.9048	0.00384358	12.1566	54.5005	79.75	0.421462	23.7321	 44
DATA	1688150935	324970006	14500	0	""	2023-06-30	14:48:55	23576.416	408.20538	2074.0967	39.1751	55.001	27.7926	46.9048	0.00382802	12.1565	54.5005	-103.75	0.421462	23.7337	160
DATA	1688150936	324599027	14504	0	""	2023-06-30	14:48:56	23574.023	407.2558	2074.1057	39.1747	55.001	27.7897	46.9046	0.00384229	12.1572	54.5005	37.25	0.421462	23.7317	 31
DATA	1688150937	324599027	14508	0	""	2023-06-30	14:48:57	23573.562	407.69101	2074.2529	39.1764	55.001	27.7926	46.9044	0.00381586	12.1571	54.5005	40.25	0.421462	23.7321	 75
DATA	1688150938	324599027	14512	0	""	2023-06-30	14:48:58	23573.371	408.08569	2074.2754	39.1751	55.001	27.793	46.9044	0.0038291	12.1567	54.5005	-42.25	0.421462	23.7313	 22
DATA	1688150939	324599027	14516	0	""	2023-06-30	14:48:59	23573.719	408.16629	2074.5774	39.1764	55.001	27.7909	46.9044	0.00381179	12.1575	54.5005	13.5	0.421462	23.7317	 53
DATA	1688150940	324599027	14520	0	""	2023-06-30	14:49:00	23574.312	408.04425	2074.3853	39.1747	55.001	27.7909	46.9048	0.00384276	12.1564	54.5005	-80.75	0.421462	23.7317	112
DATA	1688150941	324599027	14524	0	""	2023-06-30	14:49:01	23572.236	407.86426	2074.6868	39.1768	55.001	27.788	46.9048	0.00382682	12.1561	54.5005	19	0.421462	23.7313	144
DATA	1688150942	324599027	14528	0	""	2023-06-30	14:49:02	23573.023	407.90665	2074.2598	39.1768	55.001	27.7913	46.9048	0.00379925	12.1569	54.5005	117	0.421462	23.7321	246
DATA	1688150943	324225902	14532	0	""	2023-06-30	14:49:03	23572.914	407.98233	2074.4043	39.1756	55.001	27.7909	46.9048	0.00383968	12.1566	54.5005	237.5	0.421462	23.7317	 77
DATA	1688150944	324225902	14536	0	""	2023-06-30	14:49:04	23573.615	408.03189	2074.448	39.1768	55.001	27.7934	46.9048	0.00382939	12.1569	54.5005	-40	0.421462	23.7329	186
DATA	1688150945	324225902	14540	0	""	2023-06-30	14:49:05	23574.871	408.18594	2074.2051	39.1756	55.001	27.7938	46.9046	0.00383195	12.1565	54.5005	-37.25	0.421462	23.7345	121
DATA	1688150946	324225902	14544	0	""	2023-06-30	14:49:06	23573.484	406.71695	2074.4055	39.1768	55.001	27.7926	46.9046	0.00382493	12.1567	54.5005	-76.25	0.421462	23.7341	132
DATA	1688150947	324225902	14548	0	""	2023-06-30	14:49:07	23570.881	408.42838	2074.2832	39.1768	55.001	27.7889	46.9048	0.00383385	12.1571	54.5005	124.25	0.421462	23.7337	144
DATA	1688150948	324225902	14552	0	""	2023-06-30	14:49:08	23571.545	407.69077	2074.2576	39.176	55.001	27.7901	46.9048	0.00381046	12.1559	54.5005	208	0.421462	23.7337	184
DATA	1688150949	324225902	14556	0	""	2023-06-30	14:49:09	23568.303	406.98206	2074.4385	39.1764	55.001	27.7913	46.9048	0.00383334	12.1563	54.5005	-85	0.421462	23.7337	235
DATA	1688150950	324225902	14560	0	""	2023-06-30	14:49:10	23562.996	406.56915	2074.3103	39.1768	55.001	27.7901	46.9048	0.00382074	12.1564	54.5005	51.5	0.421462	23.7341	  2
DATA	1688150951	323863029	14564	0	""	2023-06-30	14:49:11	23555.68	406.36523	2074.7107	39.1747	55.001	27.7905	46.9048	0.00382111	12.1569	54.5005	47	0.421462	23.7337	125
DATA	1688150952	323863029	14568	0	""	2023-06-30	14:49:12	23537.055	406.02859	2074.3542	39.178	55.001	27.7901	46.9048	0.00380883	12.1566	54.5005	53.5	0.421462	23.7333	227
DATA	1688150953	323863029	14572	0	""	2023-06-30	14:49:13	23538.906	406.1059	2074.6519	39.1772	55.001	27.7922	46.9046	0.00381466	12.1566	54.5005	146.25	0.421462	23.7321	 70
DATA	1688150954	323863029	14576	0	""	2023-06-30	14:49:14	23544.713	406.72116	2074.4333	39.1788	55.001	27.795	46.9044	0.00379463	12.1562	54.5005	113.75	0.421462	23.7317	 73
DATA	1688150955	323863029	14580	0	""	2023-06-30	14:49:15	23543.174	406.66647	2074.2976	39.176	55.001	27.7954	46.9044	0.00382365	12.1566	54.5005	-169.75	0.421462	23.7313	138
DATA	1688150956	323863029	14584	0	""	2023-06-30	14:49:16	23542.389	405.86374	2074.2236	39.1768	55.001	27.7917	46.9046	0.00382038	12.1561	54.5005	154.25	0.421462	23.7317	135
DATA	1688150957	323863029	14588	0	""	2023-06-30	14:49:17	23546.314	406.48923	2074.1931	39.1764	55.001	27.7913	46.9048	0.00382676	12.1569	54.5005	-198.25	0.421462	23.7309	197
DATA	1688150958	323483943	14592	0	""	2023-06-30	14:49:18	23550.721	405.73825	2074.1743	39.1784	55.001	27.7893	46.9048	0.00380424	12.1566	54.5005	184	0.421462	23.7313	240
DATA	1688150959	323483943	14596	0	""	2023-06-30	14:49:19	23549.244	405.7207	2074.157	39.1772	55.001	27.7938	46.9048	0.00381035	12.1565	54.5005	-26	0.421462	23.7309	139
DATA	1688150960	323483943	14600	0	""	2023-06-30	14:49:20	23547.023	406.64792	2074.2834	39.1788	55.001	27.793	46.9048	0.00381207	12.1566	54.5005	-43.25	0.421462	23.7317	 59
DATA	1688150961	323483943	14604	0	""	2023-06-30	14:49:21	23550.359	406.88632	2074.467	39.1751	55.001	27.7901	46.9048	0.00383486	12.1572	54.5005	40.25	0.421462	23.7313	 14
DATA	1688150962	323483943	14608	0	""	2023-06-30	14:49:22	23555.676	406.35327	2074.6084	39.1747	55.001	27.7868	46.9044	0.00386225	12.1566	54.5005	5.75	0.421462	23.7341	 38
DATA	1688150963	323483943	14612	0	""	2023-06-30	14:49:23	23557.928	406.4129	2074.2217	39.1764	55.001	27.7889	46.9044	0.0038146	12.1565	54.5005	25.25	0.421462	23.7345	233
DATA	1688150964	323483943	14616	0	""	2023-06-30	14:49:24	23560.373	407.06998	2074.0974	39.1776	55.001	27.7876	46.9044	0.00383548	12.1566	54.5005	38.75	0.421462	23.7325	108
DATA	1688150965	323483943	14620	0	""	2023-06-30	14:49:25	23562.756	407.88831	2074.3962	39.1764	55.001	27.7905	46.9046	0.00382644	12.1568	54.5005	-17.5	0.421462	23.7333	 84
DATA	1688150966	323123931	14624	0	""	2023-06-30	14:49:26	23566.418	407.58725	2074.1558	39.1784	55.001	27.7905	46.9048	0.0038331	12.157	54.5005	-22.25	0.421462	23.7333	 13
DATA	1688150967	323123931	14628	0	""	2023-06-30	14:49:27	23567.236	407.44135	2074.2368	39.1768	55.001	27.7889	46.9048	0.00381695	12.1569	54.5005	-85.5	0.421462	23.7337	102
DATA	1688150968	323123931	14632	0	""	2023-06-30	14:49:28	23568.188	408.73093	2074.3889	39.178	55.001	27.786	46.9048	0.00382894	12.1562	54.5005	85	0.421462	23.7325	112
DATA	1688150969	323123931	14636	0	""	2023-06-30	14:49:29	23570.891	407.44232	2074.3203	39.1764	55.001	27.788	46.9048	0.00382687	12.1562	54.5005	-40.5	0.421462	23.7333	 14
DATA	1688150970	323123931	14640	0	""	2023-06-30	14:49:30	23572.615	407.65894	2074.209	39.1764	55.001	27.7868	46.9046	0.00384914	12.1571	54.5005	-20	0.421462	23.7313	161
DATA	1688150971	323123931	14644	0	""	2023-06-30	14:49:31	23572.547	406.97305	2074.1123	39.1776	55.001	27.7868	46.9046	0.00382221	12.1574	54.5005	73.5	0.421462	23.7321	  6
DATA	1688150972	323123931	14648	0	""	2023-06-30	14:49:32	23574.803	407.03467	2074.3235	39.1768	55.001	27.7868	46.9046	0.00382201	12.1566	54.5005	-79.25	0.421462	23.7309	119
DATA	1688150973	322743892	14652	0	""	2023-06-30	14:49:33	23573.967	406.81485	2074.3452	39.1772	55.001	27.7856	46.9048	0.00382024	12.1566	54.5005	93.75	0.421462	23.7313	 93
DATA	1688150974	322743892	14656	0	""	2023-06-30	14:49:34	23574.959	406.77356	2074.4944	39.1768	55.001	27.7872	46.9048	0.00381314	12.1565	54.5005	18.75	0.421462	23.7313	110
DATA	1688150975	322743892	14660	0	""	2023-06-30	14:49:35	23575.645	407.18094	2074.2734	39.1768	55.001	27.7872	46.9048	0.00383984	12.1567	54.5005	38.75	0.421462	23.7309	114
DATA	1688150976	322743892	14664	0	""	2023-06-30	14:49:36	23574.059	407.69092	2074.2344	39.1768	55.001	27.7876	46.9048	0.00382637	12.1574	54.5005	4.25	0.421462	23.7313	 50
DATA	1688150977	322743892	14668	0	""	2023-06-30	14:49:37	23574.557	406.98666	2074.2979	39.1784	55.001	27.788	46.9048	0.00382242	12.1568	54.5005	113.75	0.421462	23.7309	128
DATA	1688150978	322743892	14672	0	""	2023-06-30	14:49:38	23571.93	406.71732	2074.2659	39.176	55.001	27.7885	46.9048	0.00383202	12.1565	54.5005	44	0.421462	23.7313	 94
DATA	1688150979	322743892	14676	0	""	2023-06-30	14:49:39	23571.781	407.91544	2074.4304	39.1768	55.001	27.7876	46.9044	0.00384887	12.1564	54.5005	-53.75	0.421462	23.7337	165
DATA	1688150980	322743892	14680	0	""	2023-06-30	14:49:40	23572.939	408.25034	2074.3401	39.178	55.001	27.7864	46.9044	0.00381169	12.1562	54.5005	152.25	0.421462	23.7333	 64
DATA	1688150981	322376012	14684	0	""	2023-06-30	14:49:41	23570.674	407.0134	2074.3059	39.1776	55.001	27.7897	46.9044	0.00383884	12.1569	54.5005	124.5	0.421462	23.7333	 25
DATA	1688150982	322376012	14688	0	""	2023-06-30	14:49:42	23567.756	406.38702	2074.021	39.1776	55.001	27.7872	46.9048	0.00383763	12.1565	54.5005	-46.25	0.421462	23.7333	 74
DATA	1688150983	322376012	14692	0	""	2023-06-30	14:49:43	23562.846	407.54556	2074.1555	39.1801	55.001	27.7868	46.9048	0.00380715	12.1563	54.5005	12.25	0.421462	23.7333	 67
DATA	1688150984	322376012	14696	0	""	2023-06-30	14:49:44	23555.689	406.80231	2074.3767	39.1768	55.001	27.7872	46.9048	0.00381063	12.1563	54.5005	21.25	0.421462	23.7329	 84
DATA	1688150985	322376012	14700	0	""	2023-06-30	14:49:45	23551.09	405.12732	2074.4158	39.1772	55.001	27.7835	46.9048	0.00385102	12.1565	54.5005	-64.5	0.421462	23.7329	253
DATA	1688150986	322376012	14704	0	""	2023-06-30	14:49:46	23542.762	405.41791	2074.4351	39.1784	55.001	27.7864	46.9048	0.00381242	12.157	54.5005	87.5	0.421462	23.7329	229
DATA	1688150987	322376012	14708	0	""	2023-06-30	14:49:47	23541.91	406.1236	2074.1401	39.1776	55.001	27.7872	46.9044	0.00381376	12.1565	54.5005	-51.5	0.421462	23.7317	206
DATA	1688150988	321999073	14712	0	""	2023-06-30	14:49:48	23544.904	406.77188	2074.1729	39.178	55.001	27.7852	46.9044	0.00383529	12.1567	54.5005	22	0.421462	23.7309	158
DATA	1688150989	321999073	14716	0	""	2023-06-30	14:49:49	23545.758	405.9725	2074.2583	39.1772	55.001	27.7848	46.9044	0.00382253	12.1564	54.5005	-39	0.421462	23.7309	211
DATA	1688150990	321999073	14720	0	""	2023-06-30	14:49:50	23553.4	408.04178	2074.1475	39.1784	55.001	27.7843	46.9048	0.0038251	12.1561	54.5005	205	0.421462	23.7309	 69
DATA	1688150991	321999073	14724	0	""	2023-06-30	14:49:51	23559.35	407.44162	2074.2883	39.178	55.001	27.7864	46.9048	0.00382333	12.1565	54.5005	-18	0.421462	23.7305	134
DATA	1688150992	321999073	14728	0	""	2023-06-30	14:49:52	23565.957	407.90704	2074.2026	39.1784	55.001	27.7848	46.9048	0.00380287	12.1568	54.5005	65.75	0.421462	23.7313	107
DATA	1688150993	321999073	14732	0	""	2023-06-30	14:49:53	23571.963	409.16455	2074.4395	39.178	55.001	27.786	46.9048	0.00382823	12.1566	54.5005	-108.5	0.421462	23.7309	 43
DATA	1688150994	321999073	14736	0	""	2023-06-30	14:49:54	23575.773	407.16223	2074.1274	39.1776	55.001	27.7831	46.9048	0.00383429	12.1563	54.5005	-10	0.421462	23.7313	231
DATA	1688150995	321999073	14740	0	""	2023-06-30	14:49:55	23578.971	407.36023	2074.3555	39.178	55.001	27.7827	46.9048	0.00383541	12.1563	54.5005	105	0.421462	23.7313	190
DATA	1688150996	321629047	14744	0	""	2023-06-30	14:49:56	23580.877	407.13037	2074.405	39.1788	55.001	27.7848	46.9046	0.00382907	12.1564	54.5005	125.5	0.421462	23.7337	 42
DATA	1688150997	321629047	14748	0	""	2023-06-30	14:49:57	23582.748	407.57382	2074.1482	39.1788	55.001	27.7876	46.9044	0.00382062	12.1566	54.5005	40	0.421462	23.7333	206
DATA	1688150998	321629047	14752	0	""	2023-06-30	14:49:58	23585.15	408.49463	2074.2878	39.1768	55.001	27.7852	46.9044	0.00385454	12.1569	54.5005	36.5	0.421462	23.7329	 13
DATA	1688150999	321629047	14756	0	""	2023-06-30	14:49:59	23583.939	406.96436	2074.2881	39.1793	55.001	27.7864	46.9048	0.00381155	12.1565	54.5005	155	0.421462	23.7333	 15
DATA	1688151000	321629047	14760	0	""	2023-06-30	14:50:00	23582.242	407.64029	2074.4624	39.1784	55.001	27.7876	46.9048	0.00380914	12.1568	54.5005	-108	0.421462	23.7329	251
DATA	1688151001	321629047	14764	0	""	2023-06-30	14:50:01	23583.91	406.8652	2074.4424	39.1772	55.001	27.7864	46.9048	0.00384708	12.1566	54.5005	8.75	0.421462	23.7329	170
DATA	1688151002	321629047	14768	0	""	2023-06-30	14:50:02	23583.777	407.33627	2074.3462	39.1788	55.001	27.7827	46.9048	0.00382681	12.157	54.5005	29	0.421462	23.7329	133
DATA	1688151003	321268081	14772	0	""	2023-06-30	14:50:03	23583.812	406.76105	2074.2952	39.178	55.001	27.7856	46.9048	0.00381358	12.1569	54.5005	59.75	0.421462	23.7333	 15
DATA	1688151004	321268081	14776	0	""	2023-06-30	14:50:04	23586.361	407.10294	2074.1218	39.1772	55.001	27.7835	46.9044	0.00384747	12.1565	54.5005	-50.25	0.421462	23.7313	 87
DATA	1688151005	321268081	14780	0	""	2023-06-30	14:50:05	23582.48	406.71243	2074.2234	39.1809	55.001	27.7827	46.9044	0.00381064	12.1563	54.5005	124.25	0.421462	23.7313	 27
DATA	1688151006	321268081	14784	0	""	2023-06-30	14:50:06	23583.979	406.64786	2074.4382	39.1793	55.001	27.786	46.9044	0.00380089	12.1571	54.5005	-13.25	0.421462	23.7309	 70
DATA	1688151007	321268081	14788	0	""	2023-06-30	14:50:07	23583.775	408.38586	2074.1516	39.1793	55.001	27.7852	46.9048	0.00381568	12.1567	54.5005	14.25	0.421462	23.7309	 84
DATA	1688151008	321268081	14792	0	""	2023-06-30	14:50:08	23581.627	407.20917	2074.2842	39.1793	55.001	27.7848	46.9048	0.00381572	12.1565	54.5005	72.5	0.421462	23.7313	 13
DATA	1688151009	321268081	14796	0	""	2023-06-30	14:50:09	23581.016	406.55478	2074.1953	39.1768	55.001	27.7839	46.9048	0.00385708	12.1567	54.5005	-152	0.421462	23.7309	 29
DATA	1688151010	321268081	14800	0	""	2023-06-30	14:50:10	23581.568	406.63904	2074.1831	39.1797	55.001	27.7819	46.9048	0.00383572	12.1569	54.5005	108.25	0.421462	23.7317	102
DATA	1688151011	320899009	14804	0	""	2023-06-30	14:50:11	23580.561	407.42728	2074.1575	39.1805	55.001	27.7839	46.9048	0.00379973	12.1568	54.5005	184.75	0.421462	23.7305	123
DATA	1688151012	320899009	14808	0	""	2023-06-30	14:50:12	23578.963	406.66678	2074.2158	39.1784	55.001	27.7848	46.9048	0.00383657	12.1562	54.5005	-77.5	0.421462	23.7321	 84
DATA	1688151013	320899009	14812	0	""	2023-06-30	14:50:13	23580.969	406.80338	2074.2234	39.1772	55.001	27.7815	46.9044	0.00384753	12.1563	54.5005	-98.75	0.421462	23.7337	115
DATA	1688151014	320899009	14816	0	""	2023-06-30	14:50:14	23581.275	406.78513	2074.3342	39.1817	55.001	27.7811	46.9044	0.00380145	12.1569	54.5005	242	0.421462	23.7333	200
DATA	1688151015	320899009	14820	0	""	2023-06-30	14:50:15	23577.986	406.65405	2074.187	39.1846	55.001	27.7876	46.9048	0.00373398	12.1571	54.5005	271	0.421462	23.7337	191
DATA	1688151016	320899009	14824	0	""	2023-06-30	14:50:16	23578.453	407.29926	2074.0935	39.1797	55.001	27.7889	46.9048	0.00380239	12.1565	54.5005	-75	0.421462	23.7325	245
DATA	1688151017	320899009	14828	0	""	2023-06-30	14:50:17	23583.365	406.46863	2074.4062	39.1793	55.001	27.786	46.9048	0.00383029	12.1562	54.5005	-71	0.421462	23.7329	176
DATA	1688151018	320513963	14832	0	""	2023-06-30	14:50:18	23582.742	406.11029	2074.177	39.1793	55.001	27.7835	46.9048	0.00381856	12.1565	54.5005	-16.25	0.421462	23.7329	 55
DATA	1688151019	320513963	14836	0	""	2023-06-30	14:50:19	23584.877	406.56198	2074.2102	39.1784	55.001	27.7811	46.9048	0.00383171	12.1558	54.5005	-110.75	0.421462	23.7333	157
DATA	1688151020	320513963	14840	0	""	2023-06-30	14:50:20	23583.352	408.05179	2074.2263	39.178	55.001	27.7798	46.9048	0.00386696	12.1563	54.5005	-5.25	0.421462	23.7325	  2
DATA	1688151021	320513963	14844	0	""	2023-06-30	14:50:21	23583.164	407.46725	2074.1758	39.1801	55.001	27.7802	46.9044	0.0038306	12.157	54.5005	128	0.421462	23.7313	 87
DATA	1688151022	320513963	14848	0	""	2023-06-30	14:50:22	23581.477	408.34891	2074.1357	39.1776	55.001	27.7835	46.9044	0.00384286	12.1567	54.5005	-43.5	0.421462	23.7309	 66
DATA	1688151023	320513963	14852	0	""	2023-06-30	14:50:23	23581.648	406.34216	2074.2478	39.178	55.001	27.7806	46.9046	0.00385645	12.1566	54.5005	43	0.421462	23.7309	115
DATA	1688151024	320513963	14856	0	""	2023-06-30	14:50:24	23578.963	407.63611	2074.2312	39.1797	55.001	27.7811	46.9044	0.00383412	12.1564	54.5005	87.25	0.421462	23.7298	 62
DATA	1688151025	320513963	14860	0	""	2023-06-30	14:50:25	23578.754	407.54214	2074.3301	39.1801	55.001	27.7811	46.9048	0.00383318	12.157	54.5005	74	0.421462	23.7305	 91
DATA	1688151026	320156097	14864	0	""	2023-06-30	14:50:26	23581.119	407.28467	2074.2024	39.1793	55.001	27.7802	46.9048	0.00384444	12.1565	54.5005	-46.75	0.421462	23.7313	103
DATA	1688151027	320156097	14868	0	""	2023-06-30	14:50:27	23580.344	407.4682	2074.374	39.1797	55.001	27.7802	46.9048	0.00385247	12.1572	54.5005	41.5	0.421462	23.7309	171
DATA	1688151028	320156097	14872	0	""	2023-06-30	14:50:28	23582.846	407.06543	2074.2756	39.1805	55.001	27.7811	46.9048	0.00381507	12.1564	54.5005	20.75	0.421462	23.7317	 58
DATA	1688151029	320156097	14876	0	""	2023-06-30	14:50:29	23583.98	407.07645	2074.2214	39.1784	55.001	27.7819	46.9048	0.00383731	12.1563	54.5005	91.75	0.421462	23.7313	 27
DATA	1688151030	320156097	14880	0	""	2023-06-30	14:50:30	23583.697	406.97861	2074.0776	39.1788	55.001	27.7811	46.9044	0.00384673	12.1572	54.5005	-6.75	0.421462	23.7329	 76
DATA	1688151031	320156097	14884	0	""	2023-06-30	14:50:31	23581.838	406.80731	2074.3242	39.1801	55.001	27.7823	46.9048	0.0038214	12.1567	54.5005	64.75	0.421462	23.7333	250
DATA	1688151032	320156097	14888	0	""	2023-06-30	14:50:32	23583.178	406.94379	2074.1292	39.1793	55.001	27.7827	46.9046	0.00383045	12.1562	54.5005	-45.5	0.421462	23.7325	 65
DATA	1688151033	319768905	14892	0	""	2023-06-30	14:50:33	23582.287	406.84183	2074.4463	39.1801	55.001	27.7811	46.9048	0.0038391	12.1567	54.5005	108.5	0.421462	23.7329	 22
DATA	1688151034	319768905	14896	0	""	2023-06-30	14:50:34	23579.004	407.00757	2074.0105	39.1809	55.001	27.7815	46.9048	0.00381977	12.1568	54.5005	-29.75	0.421462	23.7329	132
DATA	1688151035	319768905	14900	0	""	2023-06-30	14:50:35	23570.457	406.48413	2074.1125	39.1793	55.001	27.7819	46.9048	0.00383033	12.1566	54.5005	-28.5	0.421462	23.7329	 59
DATA	1688151036	319768905	14904	0	""	2023-06-30	14:50:36	23572.357	405.17432	2074.1125	39.1793	55.001	27.7798	46.9048	0.00384763	12.157	54.5005	125	0.421462	23.7321	176
DATA	1688151037	319768905	14908	0	""	2023-06-30	14:50:37	23571.635	406.43304	2074.0911	39.1793	55.001	27.7806	46.9048	0.0038207	12.1567	54.5005	196.25	0.421462	23.7325	 70
DATA	1688151038	319768905	14912	0	""	2023-06-30	14:50:38	23571.125	407.7002	2074.1914	39.1788	55.001	27.7806	46.9044	0.00383426	12.1567	54.5005	-112.25	0.421462	23.7309	102
DATA	1688151039	319768905	14916	0	""	2023-06-30	14:50:39	23572.887	407.63678	2074.1533	39.1793	55.001	27.7806	46.9044	0.00384133	12.1568	54.5005	55.5	0.421462	23.7309	 46
DATA	1688151040	319768905	14920	0	""	2023-06-30	14:50:40	23574.932	407.13672	2073.915	39.178	55.001	27.7819	46.9044	0.00383668	12.1563	54.5005	15.5	0.421462	23.7309	172
DATA	1688151041	319400072	14924	0	""	2023-06-30	14:50:41	23576.201	407.45737	2074.2209	39.1801	55.001	27.7782	46.9044	0.00385042	12.1571	54.5005	112.5	0.421462	23.7309	 19
DATA	1688151042	319400072	14928	0	""	2023-06-30	14:50:42	23579.299	406.9252	2074.0535	39.1797	55.001	27.7802	46.9048	0.00383293	12.156	54.5005	17.25	0.421462	23.7309	217
DATA	1688151043	319400072	14932	0	""	2023-06-30	14:50:43	23580.312	407.022	2074.1658	39.1797	55.001	27.7811	46.9048	0.00382994	12.1565	54.5005	65.25	0.421462	23.7305	197
DATA	1688151044	319400072	14936	0	""	2023-06-30	14:50:44	23580.992	407.59027	2074.0374	39.1813	55.001	27.779	46.9048	0.00383555	12.1566	54.5005	49.25	0.421462	23.7317	 17
DATA	1688151045	319400072	14940	0	""	2023-06-30	14:50:45	23582.688	408.23813	2074.125	39.1801	55.001	27.7798	46.9048	0.00384105	12.1565	54.5005	-28	0.421462	23.7313	148
DATA	1688151046	319400072	14944	0	""	2023-06-30	14:50:46	23584.639	406.81	2074.1453	39.1805	55.001	27.7811	46.9046	0.00382228	12.1568	54.5005	356	0.421462	23.7337	 59
DATA	1688151047	319400072	14948	0	""	2023-06-30	14:50:47	23585.531	407.43402	2074.29	39.1797	55.001	27.7835	46.9044	0.0038236	12.1568	54.5005	-61.5	0.421462	23.7333	156
DATA	1688151048	319027900	14952	0	""	2023-06-30	14:50:48	23586.045	407.68967	2074.3472	39.1805	55.001	27.7811	46.9044	0.00384207	12.1568	54.5005	-82	0.421462	23.7333	221
DATA	1688151049	319027900	14956	0	""	2023-06-30	14:50:49	23586.338	406.94147	2074.166	39.1797	55.001	27.7802	46.9044	0.00383664	12.1563	54.5005	-49.5	0.421462	23.7325	 27
DATA	1688151050	319027900	14960	0	""	2023-06-30	14:50:50	23586.773	409.08612	2074.3479	39.1809	55.001	27.7802	46.9048	0.00384056	12.1559	54.5005	9	0.421462	23.7329	125
DATA	1688151051	319027900	14964	0	""	2023-06-30	14:50:51	23586.074	407.3541	2074.2429	39.1809	55.001	27.7815	46.9048	0.00382684	12.1559	54.5005	22	0.421462	23.7333	112
DATA	1688151052	319027900	14968	0	""	2023-06-30	14:50:52	23586.967	407.5593	2074.1399	39.1801	55.001	27.7819	46.9048	0.00382966	12.1565	54.5005	-40	0.421462	23.7321	181
DATA	1688151053	319027900	14972	0	""	2023-06-30	14:50:53	23585.594	407.76419	2074.2554	39.1809	55.001	27.7827	46.9048	0.00382902	12.1569	54.5005	-19.75	0.421462	23.7329	133
DATA	1688151054	319027900	14976	0	""	2023-06-30	14:50:54	23587.795	407.76382	2074.1516	39.1793	55.001	27.7811	46.9048	0.00384441	12.1569	54.5005	-64.75	0.421462	23.7317	132
DATA	1688151055	319027900	14980	0	""	2023-06-30	14:50:55	23589.359	407.91922	2074.3206	39.1801	55.001	27.7798	46.9046	0.00383253	12.1568	54.5005	-22.25	0.421462	23.7305	109
DATA	1688151056	318665981	14984	0	""	2023-06-30	14:50:56	23587.27	406.93179	2074.0847	39.1801	55.001	27.7782	46.9044	0.00383602	12.1568	54.5005	142.75	0.421462	23.7309	 90
DATA	1688151057	318665981	14988	0	""	2023-06-30	14:50:57	23588.549	408.48248	2074.0667	39.1805	55.001	27.7802	46.9046	0.0038242	12.1569	54.5005	-20.75	0.421462	23.7309	 94
DATA	1688151058	318665981	14992	0	""	2023-06-30	14:50:58	23587.326	408.07202	2074.3208	39.1805	55.001	27.779	46.9048	0.00381856	12.1566	54.5005	142.5	0.421462	23.7309	 32
DATA	1688151059	318665981	14996	0	""	2023-06-30	14:50:59	23586.84	407.56018	2074.1934	39.1813	55.001	27.7798	46.9048	0.00382728	12.1565	54.5005	31	0.421462	23.7305	157
DATA	1688151060	318665981	15000	0	""	2023-06-30	14:51:00	23583.758	406.94888	2074.1545	39.1817	55.001	27.7802	46.9048	0.00381858	12.1563	54.5005	27.5	0.421462	23.7313	 18
DATA	1688151061	318665981	15004	0	""	2023-06-30	14:51:01	23584.936	406.78183	2073.9548	39.1805	55.001	27.7806	46.9048	0.00382937	12.1569	54.5005	-93	0.421462	23.7313	234
DATA	1688151062	318665981	15008	0	""	2023-06-30	14:51:02	23583.092	407.26419	2074.0437	39.1793	55.001	27.7778	46.9048	0.00383719	12.1568	54.5005	-32.75	0.421462	23.7317	124
DATA	1688151063	318283081	15012	0	""	2023-06-30	14:51:03	23582.662	406.36435	2074.0559	39.1805	55.001	27.7761	46.9048	0.00383039	12.1565	54.5005	28.25	0.421462	23.7329	 49
DATA	1688151064	318283081	15016	0	""	2023-06-30	14:51:04	23580.227	406.53876	2074.1501	39.1809	55.001	27.7765	46.9046	0.00383264	12.1565	54.5005	63.75	0.421462	23.7329	 56
DATA	1688151065	318283081	15020	0	""	2023-06-30	14:51:05	23578.139	406.54379	2074.1917	39.1809	55.001	27.7778	46.9044	0.00383571	12.1573	54.5005	30	0.421462	23.7333	165
DATA	1688151066	318283081	15024	0	""	2023-06-30	14:51:06	23578.371	406.71786	2073.9873	39.1805	55.001	27.7778	46.9046	0.0038312	12.1567	54.5005	-65.5	0.421462	23.7325	 18
DATA	1688151067	318283081	15028	0	""	2023-06-30	14:51:07	23577.973	407.28027	2074.2087	39.1817	55.001	27.7761	46.9048	0.0038262	12.1572	54.5005	43.5	0.421462	23.7325	217
DATA	1688151068	318283081	15032	0	""	2023-06-30	14:51:08	23580.621	406.87076	2073.9685	39.1813	55.001	27.7761	46.9048	0.00383859	12.1565	54.5005	-38.25	0.421462	23.7321	116
DATA	1688151069	318283081	15036	0	""	2023-06-30	14:51:09	23587.207	406.1904	2074.2041	39.1801	55.001	27.7753	46.9048	0.00385004	12.1559	54.5005	14	0.421462	23.7325	 92
DATA	1688151070	318283081	15040	0	""	2023-06-30	14:51:10	23585.322	408.02625	2074.1836	39.1809	55.001	27.7753	46.9048	0.00383769	12.1566	54.5005	47.5	0.421462	23.7329	  4
DATA	1688151071	317919015	15044	0	""	2023-06-30	14:51:11	23584.348	406.94943	2073.9668	39.1813	55.001	27.7782	46.9048	0.00384044	12.1568	54.5005	219.75	0.421462	23.7329	131
DATA	1688151072	317919015	15048	0	""	2023-06-30	14:51:12	23584.471	407.26501	2074.1414	39.1801	55.001	27.7794	46.9046	0.00383754	12.1566	54.5005	-68.5	0.421462	23.7309	 47
DATA	1688151073	317919015	15052	0	""	2023-06-30	14:51:13	23585.889	406.255	2073.9956	39.1817	55.001	27.7769	46.9044	0.00386062	12.1565	54.5005	-23.75	0.421462	23.7309	 24
DATA	1688151074	317919015	15056	0	""	2023-06-30	14:51:14	23587.207	405.92889	2074.1809	39.1813	55.001	27.7761	46.9044	0.00383978	12.1569	54.5005	25	0.421462	23.7309	189
DATA	1688151075	317919015	15060	0	""	2023-06-30	14:51:15	23588.803	406.465	2074.0386	39.1813	55.001	27.7757	46.9048	0.00382884	12.1566	54.5005	1.75	0.421462	23.7301	165
DATA	1688151076	317919015	15064	0	""	2023-06-30	14:51:16	23590.791	406.53159	2074.4109	39.1821	55.001	27.7765	46.9048	0.00383707	12.1569	54.5005	-5.25	0.421462	23.7309	 63
DATA	1688151077	317919015	15068	0	""	2023-06-30	14:51:17	23590.309	407.59933	2074.127	39.1821	55.001	27.7765	46.9048	0.00383816	12.1561	54.5005	-0.75	0.421462	23.7309	 12
DATA	1688151078	317542076	15072	0	""	2023-06-30	14:51:18	23589.6	406.64642	2074.1018	39.1813	55.001	27.7774	46.9048	0.00383736	12.1561	54.5005	25.5	0.421462	23.7317	166
DATA	1688151079	317542076	15076	0	""	2023-06-30	14:51:19	23588.621	407.67645	2073.9946	39.1817	55.001	27.7765	46.9048	0.00383742	12.1563	54.5005	-62	0.421462	23.7305	241
DATA	1688151080	317542076	15080	0	""	2023-06-30	14:51:20	23590.492	406.56723	2074.4138	39.1805	55.001	27.7757	46.9046	0.00383863	12.1567	54.5005	53	0.421462	23.7333	162
DATA	1688151081	317542076	15084	0	""	2023-06-30	14:51:21	23589.76	406.61777	2074.1055	39.1817	55.001	27.7753	46.9046	0.00384159	12.1565	54.5005	-35.5	0.421462	23.7333	 10
DATA	1688151082	317542076	15088	0	""	2023-06-30	14:51:22	23588.715	406.5105	2074.3323	39.1821	55.001	27.7761	46.9044	0.00383353	12.1563	54.5005	84.5	0.421462	23.7333	198
DATA	1688151083	317542076	15092	0	""	2023-06-30	14:51:23	23589.506	406.67331	2073.9685	39.1817	55.001	27.7786	46.9046	0.00381262	12.1564	54.5005	-18	0.421462	23.7333	222
DATA	1688151084	317542076	15096	0	""	2023-06-30	14:51:24	23589.129	407.07709	2074.0486	39.1817	55.001	27.7786	46.9048	0.00382396	12.157	54.5005	-42.5	0.421462	23.7321	 21
DATA	1688151085	317542076	15100	0	""	2023-06-30	14:51:25	23592.256	407.95862	2074.0671	39.1805	55.001	27.7782	46.9048	0.00384141	12.1566	54.5005	-90	0.421462	23.7317	208
DATA	1688151086	317181110	15104	0	""	2023-06-30	14:51:26	23590.621	407.33887	2074.2671	39.1813	55.001	27.7769	46.9048	0.00384756	12.1562	54.5005	40.75	0.421462	23.7321	 52
DATA	1688151087	317181110	15108	0	""	2023-06-30	14:51:27	23589.248	407.52454	2074.2195	39.1813	55.001	27.7761	46.9048	0.0038248	12.1572	54.5005	-3.5	0.421462	23.7325	201
DATA	1688151088	317181110	15112	0	""	2023-06-30	14:51:28	23587.434	408.04254	2074.2659	39.183	55.001	27.7765	46.9048	0.00380563	12.1565	54.5005	2.75	0.421462	23.7309	210
DATA	1688151089	317181110	15116	0	""	2023-06-30	14:51:29	23588.355	407.66232	2074.0986	39.1813	55.001	27.7778	46.9044	0.00384242	12.1567	54.5005	25.25	0.421462	23.7309	 64
DATA	1688151090	317181110	15120	0	""	2023-06-30	14:51:30	23588.02	407.53345	2074.0889	39.1813	55.001	27.7757	46.9048	0.00384123	12.1565	54.5005	-34	0.421462	23.7305	132
DATA	1688151091	317181110	15124	0	""	2023-06-30	14:51:31	23587.727	406.97369	2074.1624	39.1809	55.001	27.7724	46.9048	0.00384485	12.1563	54.5005	53.5	0.421462	23.7309	 11
DATA	1688151092	317181110	15128	0	""	2023-06-30	14:51:32	23588.758	406.68909	2074.1909	39.1817	55.001	27.7757	46.9048	0.00381864	12.1561	54.5005	38.5	0.421462	23.7305	 26
DATA	1688151093	316800117	15132	0	""	2023-06-30	14:51:33	23587.279	407.11661	2074.1851	39.1809	55.001	27.7753	46.9048	0.00382194	12.1571	54.5005	-32	0.421462	23.7305	195
DATA	1688151094	316800117	15136	0	""	2023-06-30	14:51:34	23586.547	406.79431	2074.0649	39.1821	55.001	27.7749	46.9048	0.00383114	12.1563	54.5005	16.5	0.421462	23.7305	  3
DATA	1688151095	316800117	15140	0	""	2023-06-30	14:51:35	23586.449	407.03378	2074.1064	39.1821	55.001	27.7753	46.9048	0.0038358	12.1567	54.5005	-2.25	0.421462	23.7301	243
DATA	1688151096	316800117	15144	0	""	2023-06-30	14:51:36	23583.479	407.19519	2074.0994	39.183	55.001	27.7753	46.9048	0.00382294	12.1566	54.5005	-59.75	0.421462	23.7317	 80
DATA	1688151097	316800117	15148	0	""	2023-06-30	14:51:37	23581.543	406.3204	2073.9648	39.1817	55.001	27.7749	46.9048	0.00383436	12.1567	54.5005	31.75	0.421462	23.7329	 21
DATA	1688151098	316800117	15152	0	""	2023-06-30	14:51:38	23578.416	406.66849	2074.1177	39.1821	55.001	27.7749	46.9046	0.00383317	12.157	54.5005	-14.25	0.421462	23.7329	 63
DATA	1688151099	316800117	15156	0	""	2023-06-30	14:51:39	23576.539	406.55759	2074.127	39.1817	55.001	27.7765	46.9044	0.00382346	12.1564	54.5005	-22.5	0.421462	23.7329	 19
DATA	1688151100	316800117	15160	0	""	2023-06-30	14:51:40	23572.184	406.09018	2074.0762	39.1817	55.001	27.7732	46.9048	0.00382446	12.1564	54.5005	-19	0.421462	23.7321	175
DATA	1688151101	316437005	15164	0	""	2023-06-30	14:51:41	23573.041	406.68375	2074.0049	39.1834	55.001	27.7749	46.9048	0.00381606	12.1563	54.5005	37.5	0.421462	23.7325	246
DATA	1688151102	316437005	15168	0	""	2023-06-30	14:51:42	23575.453	406.90869	2074.0676	39.1813	55.001	27.7761	46.9048	0.00383769	12.1563	54.5005	10.5	0.421462	23.7325	  8
DATA	1688151103	316437005	15172	0	""	2023-06-30	14:51:43	23582.506	407.64609	2073.9524	39.1817	55.001	27.7753	46.9048	0.0038359	12.1565	54.5005	-58.75	0.421462	23.7329	 63
DATA	1688151104	316437005	15176	0	""	2023-06-30	14:51:44	23584.297	407.22699	2074.0198	39.1813	55.001	27.7757	46.9048	0.00383647	12.1566	54.5005	28.75	0.421462	23.7317	 81
DATA	1688151105	316437005	15180	0	""	2023-06-30	14:51:45	23586.064	407.76154	2073.9163	39.1825	55.001	27.7753	46.9048	0.00383683	12.1562	54.5005	-37	0.421462	23.7305	206
DATA	1688151106	316437005	15184	0	""	2023-06-30	14:51:46	23586.225	407.22586	2074.197	39.1809	55.001	27.7737	46.9046	0.00383912	12.1573	54.5005	-20	0.421462	23.7305	153
DATA	1688151107	316437005	15188	0	""	2023-06-30	14:51:47	23587.254	407.4021	2074.5076	39.1834	55.001	27.7741	46.9044	0.00380755	12.1563	54.5005	211.75	0.421462	23.7298	 53
DATA	1688151108	316066980	15192	0	""	2023-06-30	14:51:48	23587.975	406.49344	2074.1079	39.183	55.001	27.7737	46.9046	0.00383438	12.1568	54.5005	-96.25	0.421462	23.7298	 97
DATA	1688151109	316066980	15196	0	""	2023-06-30	14:51:49	23587.463	407.42789	2073.9368	39.1817	55.001	27.7716	46.9048	0.00385231	12.156	54.5005	35.5	0.421462	23.7298	253
DATA	1688151110	316066980	15200	0	""	2023-06-30	14:51:50	23585.691	407.8027	2074.1914	39.183	55.001	27.7732	46.9048	0.00382233	12.1566	54.5005	46.5	0.421462	23.7301	138
DATA	1688151111	316066980	15204	0	""	2023-06-30	14:51:51	23583.287	406.78851	2073.9666	39.1813	55.001	27.7745	46.9048	0.0038293	12.1568	54.5005	175.25	0.421462	23.7298	 84
DATA	1688151112	316066980	15208	0	""	2023-06-30	14:51:52	23582.992	407.85693	2074.02	39.183	55.001	27.7749	46.9048	0.00382341	12.157	54.5005	-46.75	0.421462	23.7301	159
DATA	1688151113	316066980	15212	0	""	2023-06-30	14:51:53	23581.268	406.94958	2074.0403	39.1834	55.001	27.7745	46.9048	0.00382092	12.1563	54.5005	13	0.421462	23.7305	155
DATA	1688151114	316066980	15216	0	""	2023-06-30	14:51:54	23579.656	406.78137	2073.9617	39.1834	55.001	27.7757	46.9046	0.00380953	12.1571	54.5005	-22	0.421462	23.7325	226
DATA	1688151115	316066980	15220	0	""	2023-06-30	14:51:55	23580.49	407.28998	2074.0186	39.1821	55.001	27.7745	46.9044	0.00381888	12.1567	54.5005	-31.75	0.421462	23.7317	 70
DATA	1688151116	315684080	15224	0	""	2023-06-30	14:51:56	23582.402	407.21082	2073.9907	39.1813	55.001	27.772	46.9048	0.00384318	12.1563	54.5005	-31.25	0.421462	23.7317	 33
DATA	1688151117	315684080	15228	0	""	2023-06-30	14:51:57	23579.408	407.52829	2074.1902	39.183	55.001	27.772	46.9048	0.00383345	12.1569	54.5005	52.75	0.421462	23.7321	222
DATA	1688151118	315684080	15232	0	""	2023-06-30	14:51:58	23577.809	407.561	2074.239	39.1834	55.001	27.7741	46.9048	0.00380071	12.1563	54.5005	26.75	0.421462	23.7321	157
DATA	1688151119	315684080	15236	0	""	2023-06-30	14:51:59	23578.574	406.76562	2073.927	39.1825	55.001	27.7745	46.9048	0.00383089	12.1562	54.5005	-105.5	0.421462	23.7325	 74
DATA	1688151120	315684080	15240	0	""	2023-06-30	14:52:00	23579.783	406.4505	2074.1392	39.1821	55.001	27.7741	46.9048	0.00383519	12.1568	54.5005	352.5	0.421462	23.7325	248
DATA	1688151121	315684080	15244	0	""	2023-06-30	14:52:01	23577.434	407.65314	2074.3857	39.183	55.001	27.7761	46.9048	0.00379616	12.1571	54.5005	-10.5	0.421462	23.7325	246
DATA	1688151122	315684080	15248	0	""	2023-06-30	14:52:02	23581.297	407.02274	2073.9871	39.1825	55.001	27.7765	46.9046	0.00383488	12.1564	54.5005	-124.25	0.421462	23.7301	151
DATA	1688151123	315313100	15252	0	""	2023-06-30	14:52:03	23582.908	407.92737	2074.1643	39.1825	55.001	27.7716	46.9044	0.00383922	12.1562	54.5005	-10.5	0.421462	23.7298	 29
DATA	1688151124	315313100	15256	0	""	2023-06-30	14:52:04	23584.48	407.21506	2074.188	39.1846	55.001	27.7724	46.9044	0.00381812	12.1563	54.5005	207.25	0.421462	23.7301	226
DATA	1688151125	315313100	15260	0	""	2023-06-30	14:52:05	23585.15	407.6424	2074.0459	39.1825	55.001	27.7749	46.9044	0.00380475	12.1567	54.5005	-17.5	0.421462	23.7301	179
DATA	1688151126	315313100	15264	0	""	2023-06-30	14:52:06	23584.73	407.14215	2073.948	39.1813	55.001	27.7724	46.9048	0.00384253	12.1563	54.5005	-106.5	0.421462	23.7298	237
DATA	1688151127	315313100	15268	0	""	2023-06-30	14:52:07	23582.586	407.33719	2074.2798	39.1825	55.001	27.7732	46.9048	0.00381887	12.157	54.5007	174.75	0.421462	23.7301	 70
DATA	1688151128	315313100	15272	0	""	2023-06-30	14:52:08	23584.479	407.7775	2074.116	39.183	55.001	27.7753	46.9048	0.0038335	12.1571	54.5009	-64.25	0.421462	23.7313	149
DATA	1688151129	315313100	15276	0	""	2023-06-30	14:52:09	23582.654	407.64569	2073.8718	39.1825	55.001	27.7732	46.9048	0.00384113	12.1561	54.5005	29.5	0.421462	23.7305	  4
DATA	1688151130	315313100	15280	0	""	2023-06-30	14:52:10	23584.082	406.92856	2073.9497	39.1821	55.001	27.7732	46.9048	0.00382195	12.1568	54.5007	-88	0.421462	23.7301	200
DATA	1688151131	314954042	15284	0	""	2023-06-30	14:52:11	23583.814	408.08905	2073.9543	39.1821	55.001	27.7712	46.9044	0.00385026	12.1564	54.5005	1.25	0.421462	23.7321	236
DATA	1688151132	314954042	15288	0	""	2023-06-30	14:52:12	23585.279	407.67148	2074.0354	39.185	55.001	27.7728	46.9044	0.00381615	12.1565	54.5005	199.75	0.421462	23.7321	 69
DATA	1688151133	314954042	15292	0	""	2023-06-30	14:52:13	23584.939	407.96375	2074.105	39.1825	55.001	27.7728	46.9044	0.00383382	12.1572	54.5005	-11.75	0.421462	23.7317	 54
DATA	1688151134	314954042	15296	0	""	2023-06-30	14:52:14	23588.178	408.33057	2073.9238	39.1834	55.001	27.7704	46.9046	0.00383685	12.1574	54.5005	-18.75	0.421462	23.7321	117
DATA	1688151135	314954042	15300	0	""	2023-06-30	14:52:15	23588.396	407.75598	2074.0254	39.1858	55.001	27.7691	46.9046	0.00380875	12.1563	54.5005	204.5	0.421462	23.7321	 64
DATA	1688151136	314954042	15304	0	""	2023-06-30	14:52:16	23590.215	408.85519	2074.197	39.1883	55.001	27.7732	46.9048	0.00370831	12.1559	54.5005	327	0.421462	23.7313	162
DATA	1688151137	314954042	15308	0	""	2023-06-30	14:52:17	23588.73	407.83627	2074.0476	39.1854	55.001	27.7753	46.9048	0.00379906	12.1561	54.5005	81.5	0.421462	23.7317	232
DATA	1688151138	314568996	15312	0	""	2023-06-30	14:52:18	23589.463	406.92865	2074.189	39.1862	55.001	27.7774	46.9048	0.00377081	12.1564	54.5005	66.75	0.421462	23.7321	 50
DATA	1688151139	314568996	15316	0	""	2023-06-30	14:52:19	23590.793	407.54657	2074.1926	39.185	55.001	27.7774	46.9048	0.00380029	12.1562	54.5005	-101	0.421462	23.7301	226
DATA	1688151140	314568996	15320	0	""	2023-06-30	14:52:20	23588.658	408.56631	2074.1736	39.1817	55.001	27.7728	46.9044	0.00385052	12.1567	54.5005	-109.75	0.421462	23.7301	164
DATA	1688151141	314568996	15324	0	""	2023-06-30	14:52:21	23589.436	407.7674	2074.0452	39.1825	55.001	27.77	46.9044	0.00383341	12.1563	54.5005	6	0.421462	23.7301	214
DATA	1688151142	314568996	15328	0	""	2023-06-30	14:52:22	23590.061	407.3172	2074.1709	39.1805	55.001	27.7691	46.9046	0.00387321	12.1566	54.5005	-121.25	0.421462	23.7298	102
DATA	1688151143	314568996	15332	0	""	2023-06-30	14:52:23	23587.736	407.57242	2074.1924	39.1813	55.001	27.7654	46.9046	0.0038593	12.1562	54.5005	75.25	0.421462	23.7298	 33
DATA	1688151144	314568996	15336	0	""	2023-06-30	14:52:24	23589.045	407.99606	2074.155	39.1821	55.001	27.7683	46.9048	0.00385487	12.1563	54.5005	7.5	0.421462	23.7298	203
DATA	1688151145	314568996	15340	0	""	2023-06-30	14:52:25	23588.256	406.84964	2073.9817	39.1825	55.001	27.7687	46.9048	0.00387589	12.1566	54.5005	-49.5	0.421462	23.7286	120
DATA	1688151146	314213037	15344	0	""	2023-06-30	14:52:26	23584.176	408.80325	2073.9658	39.1842	55.001	27.7708	46.9048	0.00384245	12.157	54.5005	17	0.421462	23.7298	124
DATA	1688151147	314213037	15348	0	""	2023-06-30	14:52:27	23589.852	408.08563	2074.0117	39.1817	55.001	27.7704	46.9048	0.00384141	12.1564	54.5005	-48.75	0.421462	23.7301	 98
DATA	1688151148	314213037	15352	0	""	2023-06-30	14:52:28	23591.268	407.36462	2074.1355	39.1834	55.001	27.7691	46.9046	0.00385889	12.1566	54.5005	19	0.421462	23.7321	173
DATA	1688151149	314213037	15356	0	""	2023-06-30	14:52:29	23588.529	407.78864	2074.209	39.1834	55.001	27.7708	46.9044	0.00383823	12.1563	54.5005	66.5	0.421462	23.7321	227
DATA	1688151150	314213037	15360	0	""	2023-06-30	14:52:30	23590.271	407.43561	2074.0107	39.1825	55.001	27.77	46.9046	0.00385554	12.1567	54.5009	-84	0.421462	23.7317	 84
DATA	1688151151	314213037	15364	0	""	2023-06-30	14:52:31	23589.211	407.73425	2074.0916	39.1846	55.001	27.7716	46.9048	0.0038261	12.1563	54.5005	1.5	0.421462	23.7321	134
DATA	1688151152	314213037	15368	0	""	2023-06-30	14:52:32	23587.879	407.55917	2074.2964	39.1838	55.001	27.7732	46.9048	0.0038454	12.1565	54.5005	34	0.421462	23.7317	134
DATA	1688151153	313823938	15372	0	""	2023-06-30	14:52:33	23587.836	408.90375	2074.1067	39.185	55.001	27.7716	46.9048	0.0038121	12.1565	54.5005	-39.5	0.421462	23.7333	217
DATA	1688151154	313823938	15376	0	""	2023-06-30	14:52:34	23588.4	407.8743	2074.1042	39.1842	55.001	27.7691	46.9048	0.00383123	12.1567	54.5007	-93	0.421462	23.7333	 66
DATA	1688151155	313823938	15380	0	""	2023-06-30	14:52:35	23587.58	409.22705	2074.0869	39.1846	55.001	27.7663	46.9048	0.00384874	12.1568	54.5007	167.75	0.421462	23.7333	100
DATA	1688151156	313823938	15384	0	""	2023-06-30	14:52:36	23590.271	407.83459	2073.9712	39.1838	55.001	27.7675	46.9046	0.00383805	12.1561	54.5005	-24.75	0.421462	23.7305	125
DATA	1688151157	313823938	15388	0	""	2023-06-30	14:52:37	23591.4	408.21796	2073.9448	39.1838	55.001	27.7683	46.9044	0.00384025	12.1564	54.5005	151.25	0.421462	23.7301	 23
DATA	1688151158	313823938	15392	0	""	2023-06-30	14:52:38	23593.115	408.04581	2074.2251	39.1842	55.001	27.7704	46.9044	0.00382102	12.1564	54.5005	10	0.421462	23.7294	147
DATA	1688151159	313823938	15396	0	""	2023-06-30	14:52:39	23592.979	408.22058	2074.0273	39.1846	55.001	27.7708	46.9048	0.00385104	12.1567	54.5005	151.75	0.421462	23.7301	132
DATA	1688151160	313823938	15400	0	""	2023-06-30	14:52:40	23595.111	408.13513	2074.1526	39.185	55.001	27.7712	46.9048	0.0038155	12.1567	54.5005	-15.75	0.421462	23.7301	228
DATA	1688151161	313462018	15404	0	""	2023-06-30	14:52:41	23594.938	407.05707	2074.0913	39.1834	55.001	27.77	46.9048	0.00384484	12.1564	54.5005	-73.5	0.421462	23.7301	196
DATA	1688151162	313462018	15408	0	""	2023-06-30	14:52:42	23596.262	408.40207	2074.1382	39.185	55.001	27.7687	46.9048	0.00382216	12.1561	54.5005	90.75	0.421462	23.7298	  6
DATA	1688151163	313462018	15412	0	""	2023-06-30	14:52:43	23595.537	407.9328	2074.218	39.1838	55.001	27.7675	46.9048	0.00384719	12.1556	54.5005	-84	0.421462	23.7301	116
DATA	1688151164	313462018	15416	0	""	2023-06-30	14:52:44	23595.184	408.25833	2073.9568	39.185	55.001	27.7691	46.9048	0.0038203	12.1569	54.5005	106.25	0.421462	23.7305	 11
DATA	1688151165	313462018	15420	0	""	2023-06-30	14:52:45	23593.693	407.95465	2074.2017	39.1846	55.001	27.7704	46.9044	0.00382183	12.1565	54.5005	-29.25	0.421462	23.7329	105
DATA	1688151166	313462018	15424	0	""	2023-06-30	14:52:46	23597.518	408.23892	2073.9956	39.1846	55.001	27.77	46.9046	0.00383984	12.1565	54.5005	-51	0.421462	23.7329	139
DATA	1688151167	313462018	15428	0	""	2023-06-30	14:52:47	23600.424	408.24603	2074.3564	39.1854	55.001	27.7679	46.9048	0.00382492	12.1568	54.5005	266.25	0.421462	23.7325	115
DATA	1688151168	313082933	15432	0	""	2023-06-30	14:52:48	23603.904	407.61917	2074.1445	39.1854	55.001	27.7704	46.9048	0.00382039	12.1564	54.5005	-94.25	0.421462	23.7321	100
DATA	1688151169	313082933	15436	0	""	2023-06-30	14:52:49	23603.633	407.16391	2074.1973	39.1842	55.001	27.7679	46.9048	0.00382467	12.1568	54.5005	-17.5	0.421462	23.7321	 69
DATA	1688151170	313082933	15440	0	""	2023-06-30	14:52:50	23604.23	408.46591	2074.0493	39.1842	55.001	27.7671	46.9048	0.00385701	12.1562	54.5005	102	0.421462	23.7321	131
DATA	1688151171	313082933	15444	0	""	2023-06-30	14:52:51	23606.723	408.78671	2074.2961	39.1858	55.001	27.7708	46.9048	0.0038176	12.1563	54.5005	174.75	0.421462	23.7325	 73
DATA	1688151172	313082933	15448	0	""	2023-06-30	14:52:52	23606.533	408.43515	2074.2021	39.185	55.001	27.77	46.9048	0.00384464	12.1567	54.5005	-63.5	0.421462	23.7321	141
DATA	1688151173	313082933	15452	0	""	2023-06-30	14:52:53	23608.029	407.65323	2074.1355	39.1842	55.001	27.7695	46.9046	0.00383411	12.1568	54.5005	-76.25	0.421462	23.7305	 97
DATA	1688151174	313082933	15456	0	""	2023-06-30	14:52:54	23608.385	407.77618	2073.9824	39.1854	55.001	27.7687	46.9044	0.0038303	12.157	54.5005	153.75	0.421462	23.7301	 22
DATA	1688151175	313082933	15460	0	""	2023-06-30	14:52:55	23606.844	408.36081	2074.0183	39.1846	55.001	27.77	46.9044	0.00383089	12.1566	54.5005	-93.75	0.421462	23.7301	  3
DATA	1688151176	312726974	15464	0	""	2023-06-30	14:52:56	23605.4	407.79926	2073.9536	39.185	55.001	27.7654	46.9044	0.0038359	12.1568	54.5005	-31.25	0.421462	23.7298	193
DATA	1688151177	312726974	15468	0	""	2023-06-30	14:52:57	23603.922	407.63129	2074.2148	39.1846	55.001	27.7663	46.9046	0.00383783	12.1572	54.5005	189	0.421462	23.7301	238
DATA	1688151178	312726974	15472	0	""	2023-06-30	14:52:58	23603.287	408.16901	2074.0078	39.1854	55.001	27.7658	46.9048	0.00383448	12.1563	54.5005	56.25	0.421462	23.7294	 88
DATA	1688151179	312726974	15476	0	""	2023-06-30	14:52:59	23604.643	407.99252	2073.9082	39.1842	55.001	27.7691	46.9048	0.0038108	12.1565	54.5005	-31.25	0.421462	23.7294	 79
DATA	1688151180	312726974	15480	0	""	2023-06-30	14:53:00	23604.445	407.95517	2074.1016	39.1834	55.001	27.77	46.9048	0.00386307	12.156	54.5005	31.75	0.421462	23.7298	161
DATA	1688151181	312726974	15484	0	""	2023-06-30	14:53:01	23603.561	408.71027	2074.188	39.1854	55.001	27.7716	46.9048	0.00380981	12.156	54.5005	80	0.421462	23.7305	 63
DATA	1688151182	312726974	15488	0	""	2023-06-30	14:53:02	23605.045	408.71964	2073.8264	39.185	55.001	27.7687	46.9046	0.0038393	12.1568	54.5005	-120.5	0.421462	23.7325	 19
DATA	1688151183	312340021	15492	0	""	2023-06-30	14:53:03	23605.574	407.74796	2074.2356	39.1854	55.001	27.7658	46.9044	0.00384093	12.156	54.5005	16	0.421462	23.7325	109
DATA	1688151184	312340021	15496	0	""	2023-06-30	14:53:04	23608.318	408.67505	2074.0356	39.185	55.001	27.7658	46.9046	0.00381864	12.1566	54.5005	34.75	0.421462	23.7317	  9
DATA	1688151185	312340021	15500	0	""	2023-06-30	14:53:05	23607.473	408.12912	2074.1499	39.185	55.001	27.7675	46.9048	0.0038483	12.1566	54.5005	160.5	0.421462	23.7321	192
DATA	1688151186	312340021	15504	0	""	2023-06-30	14:53:06	23606.305	408.18005	2073.9956	39.1858	55.001	27.7695	46.9048	0.00381433	12.1561	54.5005	-88	0.421462	23.7317	204
DATA	1688151187	312340021	15508	0	""	2023-06-30	14:53:07	23606.24	407.64703	2074.3091	39.1838	55.001	27.7663	46.9048	0.00384492	12.1574	54.5005	-70	0.421462	23.7321	141
DATA	1688151188	312340021	15512	0	""	2023-06-30	14:53:08	23606.002	407.59695	2074.1438	39.1854	55.001	27.7642	46.9048	0.00382558	12.1565	54.5005	87.25	0.421462	23.7321	 51
DATA	1688151189	312340021	15516	0	""	2023-06-30	14:53:09	23604.725	408.19775	2073.9731	39.1858	55.001	27.7671	46.9048	0.00385124	12.1565	54.5005	54.5	0.421462	23.7317	 13
DATA	1688151190	312340021	15520	0	""	2023-06-30	14:53:10	23605.961	407.65033	2073.9666	39.1862	55.001	27.7687	46.9044	0.00380452	12.1566	54.5005	-40.5	0.421462	23.7305	 24
DATA	1688151191	311975955	15524	0	""	2023-06-30	14:53:11	23607.521	408.62256	2074.1086	39.1862	55.001	27.7695	46.9044	0.00382857	12.1571	54.5005	36.75	0.421462	23.7298	 79
DATA	1688151192	311975955	15528	0	""	2023-06-30	14:53:12	23608.92	408.42844	2074.1995	39.1846	55.001	27.7683	46.9044	0.00383006	12.1568	54.5005	45	0.421462	23.7298	145
DATA	1688151193	311975955	15532	0	""	2023-06-30	14:53:13	23607.537	408.44315	2074.2505	39.1862	55.001	27.7679	46.9044	0.00382746	12.1562	54.5005	101	0.421462	23.7298	224
DATA	1688151194	311975955	15536	0	""	2023-06-30	14:53:14	23609.426	408.94452	2073.8623	39.1858	55.001	27.7679	46.9044	0.00382323	12.1557	54.5005	-65.25	0.421462	23.729	 85
DATA	1688151195	311975955	15540	0	""	2023-06-30	14:53:15	23608.961	407.54703	2074.2202	39.1854	55.001	27.7663	46.9048	0.00383038	12.1565	54.5005	96.5	0.421462	23.729	228
DATA	1688151196	311975955	15544	0	""	2023-06-30	14:53:16	23608.994	408.01562	2074.0195	39.1846	55.001	27.7667	46.9048	0.00386062	12.1567	54.5005	-33.25	0.421462	23.7294	134
DATA	1688151197	311975955	15548	0	""	2023-06-30	14:53:17	23611.221	409.00104	2074.2683	39.1879	55.001	27.7671	46.9048	0.00382433	12.156	54.5005	87.25	0.421462	23.7298	 25
DATA	1688151198	311595916	15552	0	""	2023-06-30	14:53:18	23609.855	408.54434	2074.1616	39.1862	55.001	27.7683	46.9048	0.00383451	12.1566	54.5005	7.5	0.421462	23.7294	242
DATA	1688151199	311595916	15556	0	""	2023-06-30	14:53:19	23614.178	408.67252	2074.1707	39.1854	55.001	27.7683	46.9046	0.00383016	12.1564	54.5005	-30	0.421462	23.7317	225
DATA	1688151200	311595916	15560	0	""	2023-06-30	14:53:20	23615.07	408.69168	2074.2512	39.1862	55.001	27.7683	46.9044	0.00382688	12.157	54.5005	-29.25	0.421462	23.7317	  3
DATA	1688151201	311595916	15564	0	""	2023-06-30	14:53:21	23615.406	407.97665	2073.9502	39.1858	55.001	27.7683	46.9048	0.00383379	12.1567	54.5005	-56	0.421462	23.7317	235
DATA	1688151202	311595916	15568	0	""	2023-06-30	14:53:22	23619.061	408.12363	2073.9983	39.1854	55.001	27.7658	46.9048	0.00383505	12.1563	54.5005	-29.5	0.421462	23.7313	 62
DATA	1688151203	311595916	15572	0	""	2023-06-30	14:53:23	23617.32	408.2973	2073.8274	39.1858	55.001	27.7663	46.9048	0.00383077	12.1561	54.5005	-66.75	0.421462	23.7317	 19
DATA	1688151204	311595916	15576	0	""	2023-06-30	14:53:24	23619.211	407.82892	2074.1709	39.1846	55.001	27.7642	46.9048	0.00383341	12.1565	54.5005	-36	0.421462	23.7309	218
DATA	1688151205	311595916	15580	0	""	2023-06-30	14:53:25	23620.984	407.38974	2074.0859	39.1854	55.001	27.7642	46.9048	0.00385349	12.1569	54.5005	218.25	0.421462	23.7309	142
DATA	1688151206	311225891	15584	0	""	2023-06-30	14:53:26	23619.594	407.63858	2074.1826	39.1858	55.001	27.7663	46.9048	0.00383182	12.157	54.5005	18	0.421462	23.7309	140
DATA	1688151207	311225891	15588	0	""	2023-06-30	14:53:27	23615.969	406.633	2074.1599	39.1867	55.001	27.7679	46.9046	0.00383764	12.1573	54.5005	26.5	0.421462	23.7301	192
DATA	1688151208	311225891	15592	0	""	2023-06-30	14:53:28	23615.809	407.38403	2073.9868	39.1862	55.001	27.7671	46.9046	0.00381881	12.1565	54.5005	-0.5	0.421462	23.7294	 21
DATA	1688151209	311225891	15596	0	""	2023-06-30	14:53:29	23615.484	406.72391	2074.0959	39.1862	55.001	27.7654	46.9048	0.00382483	12.1561	54.5005	-36	0.421462	23.7294	234
DATA	1688151210	311225891	15600	0	""	2023-06-30	14:53:30	23615.17	408.51746	2074.1101	39.1858	55.001	27.7646	46.9048	0.00383721	12.1567	54.5005	73	0.421462	23.7294	 95
DATA	1688151211	311225891	15604	0	""	2023-06-30	14:53:31	23613.904	407.4501	2074.0393	39.1854	55.001	27.7658	46.9048	0.00382198	12.1565	54.5005	32.25	0.421462	23.729	198
DATA	1688151212	311225891	15608	0	""	2023-06-30	14:53:32	23612.361	407.44247	2074.2231	39.1854	55.001	27.765	46.9048	0.00384115	12.1566	54.5005	-17.25	0.421462	23.7294	 32
DATA	1688151213	310873031	15612	0	""	2023-06-30	14:53:33	23612.943	407.01315	2074.3674	39.1862	55.001	27.7634	46.9048	0.00382953	12.1559	54.5005	-102.5	0.421462	23.7294	 82
DATA	1688151214	310873031	15616	0	""	2023-06-30	14:53:34	23609.445	406.92697	2073.9529	39.1867	55.001	27.7626	46.9048	0.00382831	12.1565	54.5005	194.75	0.421462	23.7294	136
DATA	1688151215	310873031	15620	0	""	2023-06-30	14:53:35	23609.104	406.44901	2074.1836	39.185	55.001	27.7663	46.9048	0.00383141	12.156	54.5005	-19.25	0.421462	23.7321	226
DATA	1688151216	310873031	15624	0	""	2023-06-30	14:53:36	23611.043	406.61505	2074.2024	39.1871	55.001	27.765	46.9044	0.00382637	12.1558	54.5005	-20	0.421462	23.7321	118
DATA	1688151217	310873031	15628	0	""	2023-06-30	14:53:37	23615.455	407.48428	2074.116	39.1867	55.001	27.7679	46.9044	0.00380743	12.1565	54.5005	99.25	0.421462	23.7317	 24
DATA	1688151218	310873031	15632	0	""	2023-06-30	14:53:38	23615.354	406.82407	2074.2148	39.1875	55.001	27.7658	46.9048	0.00381766	12.1563	54.5005	-42	0.421462	23.7317	212
DATA	1688151219	310873031	15636	0	""	2023-06-30	14:53:39	23615.641	407.04242	2074.1597	39.1867	55.001	27.7671	46.9048	0.00382704	12.1561	54.5005	-7.25	0.421462	23.7317	 49
DATA	1688151220	310873031	15640	0	""	2023-06-30	14:53:40	23615.387	406.78574	2073.8853	39.1867	55.001	27.7658	46.9048	0.0038445	12.157	54.5005	-33	0.421462	23.7313	113
DATA	1688151221	310484886	15644	0	""	2023-06-30	14:53:41	23614.799	407.13565	2074.1189	39.1862	55.001	27.7626	46.9048	0.00383817	12.1559	54.5005	51.5	0.421462	23.7313	 24
DATA	1688151222	310484886	15648	0	""	2023-06-30	14:53:42	23614.803	407.53064	2073.7642	39.1875	55.001	27.7654	46.9048	0.00382189	12.156	54.5005	183.25	0.421462	23.7313	 67
DATA	1688151223	310484886	15652	0	""	2023-06-30	14:53:43	23612.811	407.52728	2074.115	39.1871	55.001	27.7675	46.9048	0.00383119	12.157	54.5005	59.25	0.421462	23.7317	216
DATA	1688151224	310484886	15656	0	""	2023-06-30	14:53:44	23611.658	407.34317	2074.2102	39.1875	55.001	27.7671	46.9046	0.00382507	12.1565	54.5005	-126.75	0.421462	23.7298	165
DATA	1688151225	310484886	15660	0	""	2023-06-30	14:53:45	23610.771	407.4584	2074.041	39.1867	55.001	27.7646	46.9044	0.00382905	12.1561	54.5005	-62.75	0.421462	23.7294	 10
DATA	1688151226	310484886	15664	0	""	2023-06-30	14:53:46	23611.828	407.81857	2074.0769	39.1867	55.001	27.7601	46.9044	0.00385209	12.1563	54.5005	183	0.421462	23.7294	243
DATA	1688151227	310484886	15668	0	""	2023-06-30	14:53:47	23614.184	407.34964	2074.0437	39.1871	55.001	27.7634	46.9048	0.00383101	12.1563	54.5005	53.5	0.421462	23.729	225
DATA	1688151228	310112953	15672	0	""	2023-06-30	14:53:48	23615.973	407.93079	2074.147	39.1871	55.001	27.7642	46.9048	0.00385472	12.1562	54.5005	21.75	0.421462	23.7294	 21
DATA	1688151229	310112953	15676	0	""	2023-06-30	14:53:49	23616.236	406.72205	2074.0266	39.1871	55.001	27.7646	46.9048	0.00382956	12.1568	54.5005	-27.25	0.421462	23.7294	117
DATA	1688151230	310112953	15680	0	""	2023-06-30	14:53:50	23616.791	406.86053	2074.0845	39.1871	55.001	27.7621	46.9048	0.0038432	12.1566	54.5005	-115.75	0.421462	23.7294	 92
DATA	1688151231	310112953	15684	0	""	2023-06-30	14:53:51	23619.146	407.45541	2074.1348	39.1871	55.001	27.7609	46.9048	0.00383849	12.156	54.5005	36.75	0.421462	23.7294	 16
DATA	1688151232	310112953	15688	0	""	2023-06-30	14:53:52	23619.596	408.18036	2074.1245	39.1879	55.001	27.7584	46.9048	0.00383413	12.1563	54.5005	23.75	0.421462	23.7317	 67
DATA	1688151233	310112953	15692	0	""	2023-06-30	14:53:53	23621.514	406.79434	2073.8381	39.1871	55.001	27.7605	46.9044	0.00382467	12.157	54.5005	217.75	0.421462	23.7317	 54
DATA	1688151234	310112953	15696	0	""	2023-06-30	14:53:54	23622.07	408.1322	2074.3003	39.1858	55.001	27.7634	46.9044	0.00383078	12.1566	54.5005	-29.5	0.421462	23.7317	190
DATA	1688151235	310112953	15700	0	""	2023-06-30	14:53:55	23621.326	407.33731	2074.1616	39.1879	55.001	27.7605	46.9044	0.00384673	12.1561	54.5005	-18.25	0.421462	23.7317	 83
DATA	1688151236	309746026	15704	0	""	2023-06-30	14:53:56	23619.139	407.24658	2073.9802	39.1875	55.001	27.7613	46.9048	0.00382858	12.157	54.5005	105.75	0.421462	23.7305	 78
DATA	1688151237	309746026	15708	0	""	2023-06-30	14:53:57	23617.195	408.00903	2073.9561	39.1862	55.001	27.7626	46.9048	0.00384453	12.1565	54.5005	-69.75	0.421462	23.7313	124
DATA	1688151238	309746026	15712	0	""	2023-06-30	14:53:58	23619.162	407.34644	2074.1138	39.1871	55.001	27.7601	46.9048	0.00383895	12.1564	54.5005	-111.25	0.421462	23.7317	154
DATA	1688151239	309746026	15716	0	""	2023-06-30	14:53:59	23619.922	407.24771	2074.1331	39.1875	55.001	27.758	46.9048	0.00384131	12.1564	54.5005	120	0.421462	23.7317	167
DATA	1688151240	309746026	15720	0	""	2023-06-30	14:54:00	23621.941	407.45859	2074.1611	39.1879	55.001	27.7626	46.9048	0.00381458	12.1563	54.5005	142.5	0.421462	23.7313	 50
DATA	1688151241	309746026	15724	0	""	2023-06-30	14:54:01	23622.166	406.78775	2073.9568	39.1879	55.001	27.7642	46.9044	0.00381898	12.1565	54.5005	39.5	0.421462	23.7298	 49
DATA	1688151242	309746026	15728	0	""	2023-06-30	14:54:02	23622.354	406.17191	2074.0801	39.1875	55.001	27.7634	46.9044	0.00383103	12.1565	54.5005	82.5	0.421462	23.7294	249
DATA	1688151243	309370040	15732	0	""	2023-06-30	14:54:03	23622.047	407.96692	2074.0188	39.1875	55.001	27.763	46.9044	0.00383073	12.1559	54.5005	-132	0.421462	23.7294	203
DATA	1688151244	309370040	15736	0	""	2023-06-30	14:54:04	23621.9	407.15787	2074.2004	39.1875	55.001	27.7617	46.9044	0.00383854	12.1561	54.5005	51.25	0.421462	23.729	152
DATA	1688151245	309370040	15740	0	""	2023-06-30	14:54:05	23621.641	407.3476	2074.0833	39.1879	55.001	27.7613	46.9048	0.00382049	12.1555	54.5005	-21.75	0.421462	23.7294	 44
DATA	1688151246	309370040	15744	0	""	2023-06-30	14:54:06	23621.363	407.4299	2073.7549	39.1862	55.001	27.7617	46.9048	0.00384039	12.1566	54.5005	-71.75	0.421462	23.7294	 69
DATA	1688151247	309370040	15748	0	""	2023-06-30	14:54:07	23619.904	406.54581	2074.1924	39.1879	55.001	27.7593	46.9048	0.00381671	12.1563	54.5005	35.25	0.421462	23.7286	 79
DATA	1688151248	309370040	15752	0	""	2023-06-30	14:54:08	23618.82	407.50732	2074.1919	39.1883	55.001	27.7605	46.9048	0.00380565	12.1565	54.5005	72.5	0.421462	23.7298	225
DATA	1688151249	309370040	15756	0	""	2023-06-30	14:54:09	23618.699	408.47955	2074.0962	39.1879	55.001	27.7626	46.9046	0.00381729	12.1566	54.5005	63	0.421462	23.7317	207
DATA	1688151250	309370040	15760	0	""	2023-06-30	14:54:10	23618.656	406.77576	2074.2185	39.1883	55.001	27.7621	46.9044	0.00381024	12.1567	54.5005	90.5	0.421462	23.7317	254
DATA	1688151251	309005022	15764	0	""	2023-06-30	14:54:11	23619.406	407.88336	2074.1074	39.1871	55.001	27.7613	46.9044	0.00385008	12.157	54.5005	-129	0.421462	23.7317	189
DATA	1688151252	309005022	15768	0	""	2023-06-30	14:54:12	23619.104	407.55554	2074.2749	39.1867	55.001	27.7568	46.9046	0.00384629	12.1566	54.5005	70.25	0.421462	23.7313	 64
DATA	1688151253	309005022	15772	0	""	2023-06-30	14:54:13	23619.43	406.50934	2074.0725	39.1883	55.001	27.7568	46.9044	0.00383209	12.1563	54.5005	35	0.421462	23.7317	101
DATA	1688151254	309005022	15776	0	""	2023-06-30	14:54:14	23618.318	407.80484	2073.9028	39.1875	55.001	27.758	46.9048	0.00384302	12.1566	54.5005	197.5	0.421462	23.7317	 16
DATA	1688151255	309005022	15780	0	""	2023-06-30	14:54:15	23618.607	407.76312	2074.0337	39.1883	55.001	27.7601	46.9048	0.00383904	12.1562	54.5005	9.5	0.421462	23.7317	200
DATA	1688151256	309005022	15784	0	""	2023-06-30	14:54:16	23620.734	407.47617	2073.9214	39.1871	55.001	27.7601	46.9048	0.00383122	12.1562	54.5005	90.5	0.421462	23.7313	241
DATA	1688151257	309005022	15788	0	""	2023-06-30	14:54:17	23618.617	407.60303	2074.2009	39.1879	55.001	27.7589	46.9046	0.00384284	12.1565	54.5005	-21.25	0.421462	23.7298	116
DATA	1688151258	308633089	15792	0	""	2023-06-30	14:54:18	23616.725	407.29324	2073.999	39.1875	55.001	27.7593	46.9044	0.00383651	12.1566	54.5005	39	0.421462	23.7298	163
DATA	1688151259	308633089	15796	0	""	2023-06-30	14:54:19	23617.555	406.91043	2074.1631	39.1875	55.001	27.7609	46.9044	0.00383695	12.1565	54.5005	39	0.421462	23.7294	201
DATA	1688151260	308633089	15800	0	""	2023-06-30	14:54:20	23617.814	407.63092	2073.9905	39.1875	55.001	27.7621	46.9044	0.00383205	12.1566	54.5005	-60.75	0.421462	23.7294	103
DATA	1688151261	308633089	15804	0	""	2023-06-30	14:54:21	23616.098	406.94995	2073.8928	39.1883	55.001	27.7597	46.9044	0.0038402	12.1567	54.5005	-23.25	0.421462	23.729	 33
DATA	1688151262	308633089	15808	0	""	2023-06-30	14:54:22	23615.934	407.45676	2074.407	39.1879	55.001	27.7593	46.9048	0.00382978	12.1566	54.5005	4	0.421462	23.7286	105
DATA	1688151263	308633089	15812	0	""	2023-06-30	14:54:23	23615.619	407.59714	2074.144	39.1879	55.001	27.758	46.9048	0.00382982	12.1566	54.5005	66.25	0.421462	23.729	193
DATA	1688151264	308633089	15816	0	""	2023-06-30	14:54:24	23613.881	408.53271	2073.8567	39.1887	55.001	27.7572	46.9048	0.00383144	12.1559	54.5005	39.5	0.421462	23.7298	 46
DATA	1688151265	308633089	15820	0	""	2023-06-30	14:54:25	23615.441	408.31955	2074.3027	39.1875	55.001	27.7593	46.9048	0.00384228	12.1561	54.5005	-32.75	0.421462	23.7298	119
DATA	1688151266	308263063	15824	0	""	2023-06-30	14:54:26	23615.717	407.82645	2074.0986	39.1887	55.001	27.7593	46.9046	0.00383123	12.156	54.5005	-8.25	0.421462	23.7305	 18
DATA	1688151267	308263063	15828	0	""	2023-06-30	14:54:27	23616.303	406.85638	2073.8276	39.1875	55.001	27.7593	46.9044	0.00384937	12.1559	54.5005	105.5	0.421462	23.7317	 86
DATA	1688151268	308263063	15832	0	""	2023-06-30	14:54:28	23617.559	408.99954	2074.2314	39.1883	55.001	27.7589	46.9044	0.00382839	12.1558	54.5005	8.25	0.421462	23.7317	 51
DATA	1688151269	308263063	15836	0	""	2023-06-30	14:54:29	23617.881	407.51535	2074.0273	39.1875	55.001	27.7601	46.9044	0.00383463	12.1566	54.5005	14	0.421462	23.7313	166
DATA	1688151270	308263063	15840	0	""	2023-06-30	14:54:30	23617.689	406.76755	2074.2651	39.1891	55.001	27.7605	46.9044	0.00382567	12.157	54.5005	-6.75	0.421462	23.7313	 12
DATA	1688151271	308263063	15844	0	""	2023-06-30	14:54:31	23616.049	407.40939	2073.9521	39.1912	55.001	27.7601	46.9048	0.00378101	12.1557	54.5005	85.5	0.421462	23.7309	  1
DATA	1688151272	308263063	15848	0	""	2023-06-30	14:54:32	23616.305	408.07028	2074.2212	39.1899	55.001	27.7642	46.9048	0.0037952	12.1563	54.5005	-62.5	0.421462	23.7313	251
DATA	1688151273	307882070	15852	0	""	2023-06-30	14:54:33	23615.83	407.63684	2073.9988	39.1883	55.001	27.7621	46.9048	0.00382546	12.157	54.5005	-136.75	0.421462	23.7313	 80
DATA	1688151274	307882070	15856	0	""	2023-06-30	14:54:34	23616.42	408.21365	2074.302	39.1879	55.001	27.7597	46.9046	0.00383732	12.1561	54.5005	-45.5	0.421462	23.7294	218
DATA	1688151275	307882070	15860	0	""	2023-06-30	14:54:35	23615.123	408.15323	2074.4121	39.1887	55.001	27.7572	46.9046	0.00381774	12.1565	54.5005	-46	0.421462	23.7298	216
DATA	1688151276	307882070	15864	0	""	2023-06-30	14:54:36	23616.738	408.0549	2074.0249	39.1875	55.001	27.7568	46.9044	0.00384894	12.1564	54.5005	-108.75	0.421462	23.7294	144
DATA	1688151277	307882070	15868	0	""	2023-06-30	14:54:37	23616.57	408.20105	2074.0393	39.1867	55.001	27.7556	46.9048	0.00387315	12.1563	54.5005	82.5	0.421462	23.729	183
DATA	1688151278	307882070	15872	0	""	2023-06-30	14:54:38	23617.443	408.44415	2074.2849	39.1862	55.001	27.7535	46.9048	0.00388924	12.1561	54.5005	-95.75	0.421462	23.7286	144
DATA	1688151279	307882070	15876	0	""	2023-06-30	14:54:39	23618.309	407.57819	2074.156	39.1867	55.001	27.7535	46.9048	0.00387696	12.157	54.5005	48.5	0.421462	23.729	167
DATA	1688151280	307882070	15880	0	""	2023-06-30	14:54:40	23615.699	408.23154	2074.2112	39.1899	55.001	27.7572	46.9048	0.00381346	12.1565	54.5005	332.25	0.421462	23.7294	117
DATA	1688151281	307514905	15884	0	""	2023-06-30	14:54:41	23614.688	408.04559	2074.0015	39.192	55.001	27.7617	46.9048	0.00377518	12.1565	54.5005	118.25	0.421462	23.7298	 76
DATA	1688151282	307514905	15888	0	""	2023-06-30	14:54:42	23614.457	407.56223	2074.0061	39.1891	55.001	27.7626	46.9048	0.00380468	12.1563	54.5005	-137	0.421462	23.7298	 19
DATA	1688151283	307514905	15892	0	""	2023-06-30	14:54:43	23615.34	407.12128	2073.9719	39.1887	55.001	27.7584	46.9046	0.0038343	12.156	54.5005	62.25	0.421462	23.7317	174
DATA	1688151284	307514905	15896	0	""	2023-06-30	14:54:44	23615.422	407.80756	2074.2405	39.1887	55.001	27.7593	46.9046	0.00385166	12.1571	54.5005	-107.25	0.421462	23.7317	170
DATA	1688151285	307514905	15900	0	""	2023-06-30	14:54:45	23615.529	407.88461	2074.0154	39.1899	55.001	27.7568	46.9044	0.00383741	12.1563	54.5005	71.5	0.421462	23.7317	 24
DATA	1688151286	307514905	15904	0	""	2023-06-30	14:54:46	23616.201	407.01276	2073.9785	39.1887	55.001	27.7576	46.9048	0.00382465	12.1559	54.5005	119.75	0.421462	23.7317	138
DATA	1688151287	307514905	15908	0	""	2023-06-30	14:54:47	23614.016	407.81216	2074.2632	39.1883	55.001	27.7572	46.9048	0.00384259	12.1558	54.5005	-85	0.421462	23.7317	228
DATA	1688151288	307147979	15912	0	""	2023-06-30	14:54:48	23615.043	407.93082	2074.2068	39.1887	55.001	27.7556	46.9048	0.00384181	12.1566	54.5005	48	0.421462	23.7313	195
DATA	1688151289	307147979	15916	0	""	2023-06-30	14:54:49	23616.887	407.49384	2074.1118	39.1883	55.001	27.7568	46.9048	0.00384267	12.1555	54.5005	14.25	0.421462	23.7305	108
DATA	1688151290	307147979	15920	0	""	2023-06-30	14:54:50	23616.596	407.67303	2074.2639	39.1883	55.001	27.7568	46.9048	0.00385241	12.1567	54.5005	-28.5	0.421462	23.7313	 79
DATA	1688151291	307147979	15924	0	""	2023-06-30	14:54:51	23615.754	406.76743	2074.0862	39.1879	55.001	27.7568	46.9046	0.00384798	12.1559	54.5005	-22.75	0.421462	23.7298	164
DATA	1688151292	307147979	15928	0	""	2023-06-30	14:54:52	23614.9	407.27472	2074.3792	39.1887	55.001	27.7568	46.9046	0.00382156	12.1573	54.5005	99.75	0.421462	23.7294	 13
DATA	1688151293	307147979	15932	0	""	2023-06-30	14:54:53	23614.928	407.6095	2074.0999	39.1879	55.001	27.7576	46.9046	0.00382836	12.1562	54.5005	-79.75	0.421462	23.7294	118
DATA	1688151294	307147979	15936	0	""	2023-06-30	14:54:54	23617.4	407.81793	2074.094	39.1883	55.001	27.7568	46.9044	0.00384863	12.1561	54.5005	-67.75	0.421462	23.7294	  2
DATA	1688151295	307147979	15940	0	""	2023-06-30	14:54:55	23616.488	407.04776	2073.8843	39.1887	55.001	27.7564	46.9048	0.0038383	12.1559	54.5005	-10.75	0.421462	23.7286	108
DATA	1688151296	306775093	15944	0	""	2023-06-30	14:54:56	23615.074	407.39429	2073.991	39.1891	55.001	27.7556	46.9048	0.00384384	12.1563	54.5005	64.75	0.421462	23.7294	 55
DATA	1688151297	306775093	15948	0	""	2023-06-30	14:54:57	23615.965	407.69565	2074.1155	39.1891	55.001	27.7564	46.9048	0.00383235	12.1565	54.5005	29.75	0.421462	23.729	 60
DATA	1688151298	306775093	15952	0	""	2023-06-30	14:54:58	23616.188	406.59985	2074.073	39.1883	55.001	27.7552	46.9048	0.00383824	12.1569	54.5005	2.75	0.421462	23.7294	 10
DATA	1688151299	306775093	15956	0	""	2023-06-30	14:54:59	23615.684	407.39407	2074.1926	39.1891	55.001	27.756	46.9048	0.00384006	12.1565	54.5005	132	0.421462	23.7294	201
DATA	1688151300	306775093	15960	0	""	2023-06-30	14:55:00	23616.295	406.67789	2074.04	39.1899	55.001	27.7556	46.9046	0.00384103	12.1564	54.5005	114.75	0.421462	23.7313	 14
DATA	1688151301	306775093	15964	0	""	2023-06-30	14:55:01	23614.621	406.42731	2073.9854	39.1895	55.001	27.7564	46.9044	0.00383924	12.1563	54.5005	-62.5	0.421462	23.7317	 58
DATA	1688151302	306775093	15968	0	""	2023-06-30	14:55:02	23614.553	407.67096	2074.0596	39.1883	55.001	27.7543	46.9048	0.00383881	12.1568	54.5005	196.5	0.421462	23.7317	 91
DATA	1688151303	306396961	15972	0	""	2023-06-30	14:55:03	23614.895	406.80664	2074.1418	39.1895	55.001	27.7568	46.9048	0.00383991	12.1563	54.5005	-47	0.421462	23.7313	241
DATA	1688151304	306396961	15976	0	""	2023-06-30	14:55:04	23612.059	406.46747	2074.2373	39.1895	55.001	27.7576	46.9048	0.00382378	12.1567	54.5005	-4.75	0.421462	23.7313	 86
DATA	1688151305	306396961	15980	0	""	2023-06-30	14:55:05	23610.875	406.31122	2074.1355	39.1891	55.001	27.7547	46.9048	0.00382716	12.1563	54.5005	-4.75	0.421462	23.7309	 58
DATA	1688151306	306396961	15984	0	""	2023-06-30	14:55:06	23606.613	406.61511	2074.0588	39.1887	55.001	27.7539	46.9048	0.00384265	12.1554	54.5005	-93.25	0.421462	23.7317	128
DATA	1688151307	306396961	15988	0	""	2023-06-30	14:55:07	23609.754	406.58575	2074.1724	39.1899	55.001	27.7527	46.9048	0.0038377	12.1558	54.5005	289.75	0.421462	23.7309	124
DATA	1688151308	306396961	15992	0	""	2023-06-30	14:55:08	23605.547	405.96234	2073.7778	39.1899	55.001	27.7576	46.9048	0.00381723	12.1563	54.5005	-54	0.421462	23.7298	  8
DATA	1688151309	306396961	15996	0	""	2023-06-30	14:55:09	23605.768	406.45612	2073.9353	39.1895	55.001	27.7572	46.9044	0.00382823	12.1562	54.5005	-46.25	0.421462	23.7301	129
DATA	1688151310	306396961	16000	0	""	2023-06-30	14:55:10	23605.188	406.14038	2073.843	39.1887	55.001	27.756	46.9046	0.00382452	12.1568	54.5005	67.5	0.421462	23.729	110
DATA	1688151311	306027889	16004	0	""	2023-06-30	14:55:11	23606.768	405.78967	2073.9521	39.1891	55.001	27.7568	46.9044	0.00382798	12.1568	54.5005	-59	0.421462	23.7294	252
DATA	1688151312	306027889	16008	0	""	2023-06-30	14:55:12	23609.432	406.68765	2073.9636	39.1883	55.001	27.7547	46.9048	0.00384912	12.1563	54.5005	-0.25	0.421462	23.7294	 70
DATA	1688151313	306027889	16012	0	""	2023-06-30	14:55:13	23609.912	406.38831	2074.2378	39.1895	55.001	27.7552	46.9048	0.00383306	12.1554	54.5005	150.75	0.421462	23.7294	115
DATA	1688151314	306027889	16016	0	""	2023-06-30	14:55:14	23609.207	406.5	2074.0657	39.1895	55.001	27.7552	46.9048	0.00382709	12.1561	54.5005	58.25	0.421462	23.7282	117
DATA	1688151315	306027889	16020	0	""	2023-06-30	14:55:15	23608.904	406.82025	2074.0449	39.1895	55.001	27.7556	46.9048	0.00383615	12.1556	54.5005	103.25	0.421462	23.7286	112
DATA	1688151316	306027889	16024	0	""	2023-06-30	14:55:16	23607.57	406.48615	2073.9995	39.1908	55.001	27.7556	46.9048	0.00383556	12.1556	54.5005	50.25	0.421462	23.7298	 44
DATA	1688151317	306027889	16028	0	""	2023-06-30	14:55:17	23607.992	405.58502	2073.9426	39.1908	55.001	27.756	46.9044	0.00381996	12.1564	54.5005	-58	0.421462	23.7317	190
DATA	1688151318	305671930	16032	0	""	2023-06-30	14:55:18	23608.148	405.65555	2073.9805	39.1904	55.001	27.7556	46.9044	0.00382441	12.157	54.5005	203	0.421462	23.7317	158
DATA	1688151319	305671930	16036	0	""	2023-06-30	14:55:19	23609.115	406.57169	2074.021	39.1883	55.001	27.7547	46.9046	0.00383814	12.1568	54.5005	-111.5	0.421462	23.7313	 46
DATA	1688151320	305671930	16040	0	""	2023-06-30	14:55:20	23609.283	406.47812	2074.26	39.1899	55.001	27.756	46.9048	0.00383925	12.156	54.5005	176.75	0.421462	23.7309	167
DATA	1688151321	305671930	16044	0	""	2023-06-30	14:55:21	23608.131	406.36597	2073.9458	39.1899	55.001	27.7535	46.9048	0.00382615	12.1564	54.5005	-92.5	0.421462	23.7309	 65
DATA	1688151322	305671930	16048	0	""	2023-06-30	14:55:22	23608.938	406.52628	2074.1042	39.1908	55.001	27.7506	46.9048	0.00383974	12.156	54.5005	152.25	0.421462	23.7309	 57
DATA	1688151323	305671930	16052	0	""	2023-06-30	14:55:23	23608.506	407.11899	2074.0703	39.1899	55.001	27.7523	46.9048	0.00383051	12.156	54.5005	15	0.421462	23.7309	105
DATA	1688151324	305671930	16056	0	""	2023-06-30	14:55:24	23607.846	406.70447	2074.0825	39.1895	55.001	27.7527	46.9048	0.00383191	12.1559	54.5005	4.25	0.421462	23.7313	 14
DATA	1688151325	305671930	16060	0	""	2023-06-30	14:55:25	23608.99	406.37552	2074.1199	39.1895	55.001	27.7539	46.9048	0.00383969	12.1564	54.5005	88.25	0.421462	23.7294	 49
DATA	1688151326	305290937	16064	0	""	2023-06-30	14:55:26	23609.541	407.18832	2074.2664	39.1904	55.001	27.7523	46.9048	0.00383764	12.1564	54.5005	2.5	0.421462	23.7294	220
DATA	1688151327	305290937	16068	0	""	2023-06-30	14:55:27	23610.479	406.40701	2074.2495	39.1912	55.001	27.7543	46.9046	0.00381899	12.1565	54.5005	3	0.421462	23.7278	130
DATA	1688151328	305290937	16072	0	""	2023-06-30	14:55:28	23611.791	406.59647	2074.0085	39.1904	55.001	27.7568	46.9048	0.0038223	12.1557	54.5005	50	0.421462	23.729	 76
DATA	1688151329	305290937	16076	0	""	2023-06-30	14:55:29	23614.02	406.50504	2074.2129	39.1899	55.001	27.7576	46.9048	0.00381495	12.156	54.5005	38	0.421462	23.729	 30
DATA	1688151330	305290937	16080	0	""	2023-06-30	14:55:30	23614.041	406.83936	2074.0894	39.1908	55.001	27.7589	46.9048	0.00382488	12.1568	54.5005	-83.75	0.421462	23.7286	132
DATA	1688151331	305290937	16084	0	""	2023-06-30	14:55:31	23613.131	406.08539	2074.0195	39.1899	55.001	27.7547	46.9048	0.00384123	12.1565	54.5005	-88	0.421462	23.7282	218
DATA	1688151332	305290937	16088	0	""	2023-06-30	14:55:32	23616.627	406.54092	2074.2446	39.1908	55.001	27.7531	46.9048	0.00383804	12.1564	54.5005	-36.25	0.421462	23.7286	111
DATA	1688151333	304910898	16092	0	""	2023-06-30	14:55:33	23617.006	406.00568	2074.1782	39.1904	55.001	27.751	46.9048	0.00384246	12.1563	54.5005	-43.75	0.421462	23.7294	 52
DATA	1688151334	304910898	16096	0	""	2023-06-30	14:55:34	23614.83	406.31503	2074.1172	39.1908	55.001	27.7519	46.905	0.00382493	12.157	54.5005	29.5	0.421462	23.7317	112
DATA	1688151335	304910898	16100	0	""	2023-06-30	14:55:35	23615.16	406.63199	2074.0674	39.1904	55.001	27.7523	46.9046	0.00384511	12.1565	54.5005	-36	0.421462	23.7309	153
DATA	1688151336	304910898	16104	0	""	2023-06-30	14:55:36	23615.031	405.51886	2074.1143	39.1904	55.001	27.7519	46.9048	0.00384278	12.1567	54.5005	-18.5	0.421462	23.7301	 49
DATA	1688151337	304910898	16108	0	""	2023-06-30	14:55:37	23617.473	406.14453	2074.2722	39.1904	55.001	27.7519	46.9048	0.00384079	12.1569	54.5005	239.75	0.421462	23.7305	129
DATA	1688151338	304910898	16112	0	""	2023-06-30	14:55:38	23620.113	406.15256	2073.8293	39.1895	55.001	27.7539	46.9048	0.00383663	12.1562	54.5005	-91.5	0.421462	23.7313	 60
DATA	1688151339	304910898	16116	0	""	2023-06-30	14:55:39	23620.037	407.15561	2074.0479	39.1899	55.001	27.7519	46.9048	0.0038394	12.1559	54.5005	163.75	0.421462	23.7309	 91
DATA	1688151340	304910898	16120	0	""	2023-06-30	14:55:40	23620.822	406.86047	2074.2124	39.1912	55.001	27.7515	46.9048	0.00383117	12.1565	54.5005	-50.25	0.421462	23.7309	 77
DATA	1688151341	304542064	16124	0	""	2023-06-30	14:55:41	23620.537	407.02649	2074.0815	39.1899	55.001	27.7506	46.9048	0.00384606	12.1563	54.5005	-48.25	0.421462	23.7305	 93
DATA	1688151342	304542064	16128	0	""	2023-06-30	14:55:42	23621.355	406.49316	2074.2283	39.1895	55.001	27.7527	46.9046	0.00384937	12.1561	54.5005	217.75	0.421462	23.729	 63
DATA	1688151343	304542064	16132	0	""	2023-06-30	14:55:43	23621.502	406.80371	2073.9575	39.1912	55.001	27.7552	46.9044	0.00384595	12.1563	54.5005	-44.25	0.421462	23.7294	 90
DATA	1688151344	304542064	16136	0	""	2023-06-30	14:55:44	23621.949	407.7804	2073.9856	39.1895	55.001	27.7539	46.9044	0.00383179	12.1567	54.5005	107.5	0.421462	23.729	239
DATA	1688151345	304542064	16140	0	""	2023-06-30	14:55:45	23622.67	406.5238	2074.0798	39.1904	55.001	27.7543	46.9048	0.00382424	12.1565	54.5005	-103.75	0.421462	23.7286	 48
DATA	1688151346	304542064	16144	0	""	2023-06-30	14:55:46	23627.098	407.26392	2074.0251	39.1904	55.001	27.7523	46.9048	0.0038393	12.1569	54.5005	165.5	0.421462	23.7286	 13
DATA	1688151347	304542064	16148	0	""	2023-06-30	14:55:47	23627.746	407.71423	2074.1345	39.1912	55.001	27.7515	46.9048	0.00383963	12.1564	54.5005	-123.5	0.421462	23.7282	103
DATA	1688151348	304171085	16152	0	""	2023-06-30	14:55:48	23627.836	406.8223	2074.0891	39.1912	55.001	27.7498	46.9048	0.00382936	12.1563	54.5005	85.25	0.421462	23.729	234
DATA	1688151349	304171085	16156	0	""	2023-06-30	14:55:49	23624.383	407.3176	2074.2722	39.1912	55.001	27.7515	46.9048	0.00382308	12.1563	54.5005	151.75	0.421462	23.7286	 59
DATA	1688151350	304171085	16160	0	""	2023-06-30	14:55:50	23623.947	406.81339	2074.2537	39.1908	55.001	27.7494	46.9048	0.00383538	12.1566	54.5005	-32.5	0.421462	23.729	  8
DATA	1688151351	304171085	16164	0	""	2023-06-30	14:55:51	23625.658	406.89951	2074.1533	39.1916	55.001	27.7515	46.9046	0.00382522	12.1564	54.5005	23	0.421462	23.7317	159
DATA	1688151352	304171085	16168	0	""	2023-06-30	14:55:52	23620.383	405.82318	2074.2012	39.1916	55.001	27.7523	46.9044	0.00380251	12.1567	54.5005	27.5	0.421462	23.7309	238
DATA	1688151353	304171085	16172	0	""	2023-06-30	14:55:53	23617.33	406.63333	2073.9861	39.1912	55.001	27.7527	46.9046	0.00383182	12.1568	54.5005	90.5	0.421462	23.7309	209
DATA	1688151354	304171085	16176	0	""	2023-06-30	14:55:54	23620.824	406.45831	2074.2173	39.1908	55.001	27.7539	46.9048	0.00382552	12.1565	54.5005	-93.75	0.421462	23.7309	112
DATA	1688151355	304171085	16180	0	""	2023-06-30	14:55:55	23623.727	406.26453	2074.1062	39.192	55.001	27.7515	46.9048	0.00383726	12.1562	54.5005	-76.5	0.421462	23.7313	247
DATA	1688151356	303802013	16184	0	""	2023-06-30	14:55:56	23624.816	406.7879	2074.4014	39.1908	55.001	27.749	46.9048	0.00383531	12.1567	54.5005	-7.75	0.421462	23.7309	220
DATA	1688151357	303802013	16188	0	""	2023-06-30	14:55:57	23623.074	408.03937	2074.3652	39.1916	55.001	27.751	46.9048	0.00383373	12.1567	54.5005	15	0.421462	23.7294	116
DATA	1688151358	303802013	16192	0	""	2023-06-30	14:55:58	23623.453	406.10172	2074.2683	39.1912	55.001	27.749	46.9048	0.00384032	12.156	54.5005	-33.25	0.421462	23.7313	231
DATA	1688151359	303802013	16196	0	""	2023-06-30	14:55:59	23621.803	406.07059	2074.3589	39.1908	55.001	27.7494	46.9048	0.00381361	12.1563	54.5005	181.25	0.421462	23.7294	119
DATA	1688151360	303802013	16200	0	""	2023-06-30	14:56:00	23607.238	405.03842	2074.1975	39.1912	55.001	27.7506	46.9044	0.00381742	12.1569	54.5005	46.75	0.421462	23.7294	 33
DATA	1688151361	303802013	16204	0	""	2023-06-30	14:56:01	23572.824	403.74582	2074.1008	39.1916	55.001	27.751	46.9044	0.0038257	12.1562	54.5005	94.25	0.421462	23.7294	185
DATA	1688151362	303802013	16208	0	""	2023-06-30	14:56:02	23517.664	401.25626	2074.23	39.1908	55.001	27.7539	46.9046	0.00380804	12.1567	54.5005	-48.75	0.421462	23.7286	248
DATA	1688151363	303425073	16212	0	""	2023-06-30	14:56:03	23509.881	402.15982	2074.2856	39.1904	55.001	27.7506	46.9048	0.0038066	12.1569	54.5005	-36.25	0.421462	23.7286	 53
DATA	1688151364	303425073	16216	0	""	2023-06-30	14:56:04	23521.375	402.64447	2074.2598	39.1912	55.001	27.7506	46.9048	0.00380535	12.1568	54.5005	32.75	0.421462	23.7286	 57
DATA	1688151365	303425073	16220	0	""	2023-06-30	14:56:05	23529.664	402.12061	2074.325	39.192	55.001	27.7494	46.9048	0.00381028	12.1566	54.5005	-4.75	0.421462	23.7286	191
DATA	1688151366	303425073	16224	0	""	2023-06-30	14:56:06	23537.516	401.13327	2074.0869	39.192	55.001	27.7506	46.9048	0.00380363	12.1562	54.5005	41.25	0.421462	23.7286	248
DATA	1688151367	303425073	16228	0	""	2023-06-30	14:56:07	23534.361	402.39355	2074.4934	39.1908	55.001	27.751	46.9048	0.00381884	12.1568	54.5005	-44	0.421462	23.7286	171
DATA	1688151368	303425073	16232	0	""	2023-06-30	14:56:08	23535.957	403.58173	2074.3254	39.1916	55.001	27.7519	46.9044	0.00381229	12.1566	54.5005	81.25	0.421462	23.7309	 62
DATA	1688151369	303425073	16236	0	""	2023-06-30	14:56:09	23538.518	402.90176	2074.4629	39.1916	55.001	27.7515	46.9044	0.00381184	12.1568	54.5005	-92.5	0.421462	23.7305	 60
DATA	1688151370	303425073	16240	0	""	2023-06-30	14:56:10	23552.414	402.84109	2074.3186	39.1908	55.001	27.7478	46.9046	0.00383286	12.1563	54.5005	162.5	0.421462	23.7301	 34
DATA	1688151371	303056955	16244	0	""	2023-06-30	14:56:11	23554.469	403.27716	2074.137	39.1908	55.001	27.7486	46.9048	0.00382499	12.1574	54.5005	32.25	0.421462	23.7305	 18
DATA	1688151372	303056955	16248	0	""	2023-06-30	14:56:12	23555.77	403.59875	2074.3591	39.1912	55.001	27.7498	46.9048	0.00381849	12.1565	54.5005	62.25	0.421462	23.7305	 37
DATA	1688151373	303056955	16252	0	""	2023-06-30	14:56:13	23553.037	403.60724	2074.0862	39.1912	55.001	27.7506	46.9048	0.00381955	12.1565	54.5005	-44.75	0.421462	23.7301	 93
DATA	1688151374	303056955	16256	0	""	2023-06-30	14:56:14	23557.041	403.22446	2074.1929	39.1899	55.001	27.7494	46.9048	0.0038396	12.1567	54.5005	19	0.421462	23.7301	133
DATA	1688151375	303056955	16260	0	""	2023-06-30	14:56:15	23552.773	404.16281	2074.3323	39.1912	55.001	27.7478	46.9048	0.00383352	12.1568	54.5005	-47.75	0.421462	23.7301	104
DATA	1688151376	303056955	16264	0	""	2023-06-30	14:56:16	23546.482	403.55133	2074.2188	39.192	55.001	27.7473	46.9048	0.00379894	12.1566	54.5005	154.5	0.421462	23.729	238
DATA	1688151377	303056955	16268	0	""	2023-06-30	14:56:17	23538.877	403.46268	2074.3423	39.1928	55.001	27.7515	46.9048	0.00378854	12.157	54.5005	8.75	0.421462	23.7286	  4
DATA	1688151378	302685976	16272	0	""	2023-06-30	14:56:18	23533.822	402.61703	2074.4324	39.1924	55.001	27.7515	46.9046	0.00379594	12.1567	54.5005	-50.5	0.421462	23.7278	 73
DATA	1688151379	302685976	16276	0	""	2023-06-30	14:56:19	23525.449	403.50708	2074.2512	39.1932	55.001	27.7531	46.9048	0.00378747	12.1562	54.5005	353	0.421462	23.7278	245
DATA	1688151380	302685976	16280	0	""	2023-06-30	14:56:20	23534.91	403.05197	2074.4985	39.1924	55.001	27.7556	46.9048	0.00378312	12.1564	54.5005	-92.5	0.421462	23.7278	 25
DATA	1688151381	302685976	16284	0	""	2023-06-30	14:56:21	23532.119	401.86667	2074.406	39.1924	55.001	27.7519	46.9048	0.00381337	12.1567	54.5005	20.5	0.421462	23.7278	228
DATA	1688151382	302685976	16288	0	""	2023-06-30	14:56:22	23515.449	401.30508	2074.3379	39.1916	55.001	27.7519	46.9048	0.00379856	12.157	54.5005	-118.25	0.421462	23.7278	139
DATA	1688151383	302685976	16292	0	""	2023-06-30	14:56:23	23510.145	400.92728	2074.3044	39.192	55.001	27.7494	46.9048	0.00379944	12.1566	54.5005	100.75	0.421462	23.7282	 70
DATA	1688151384	302685976	16296	0	""	2023-06-30	14:56:24	23514.127	402.21198	2074.1567	39.192	55.001	27.7494	46.9048	0.00381571	12.1573	54.5005	-4.25	0.421462	23.7305	 13
DATA	1688151385	302685976	16300	0	""	2023-06-30	14:56:25	23524.338	402.8107	2074.3494	39.1908	55.001	27.7478	46.9044	0.0038092	12.1568	54.5005	-67.75	0.421462	23.7305	 21
DATA	1688151386	302316904	16304	0	""	2023-06-30	14:56:26	23518.746	401.70114	2074.1609	39.1908	55.001	27.7494	46.9044	0.0038165	12.1567	54.5005	249	0.421462	23.7305	160
DATA	1688151387	302316904	16308	0	""	2023-06-30	14:56:27	23529.994	402.48721	2074.1631	39.1912	55.001	27.749	46.9046	0.00382925	12.1571	54.5005	-81.75	0.421462	23.7294	 68
DATA	1688151388	302316904	16312	0	""	2023-06-30	14:56:28	23538.107	403.19345	2074.1052	39.1916	55.001	27.7486	46.9046	0.00382951	12.156	54.5005	86.5	0.421462	23.7305	209
DATA	1688151389	302316904	16316	0	""	2023-06-30	14:56:29	23530.422	402.30655	2074.2112	39.192	55.0012	27.7478	46.9048	0.00382078	12.1565	54.5005	-71.5	0.421462	23.7301	 33
DATA	1688151390	302316904	16320	0	""	2023-06-30	14:56:30	23536.664	402.88818	2074.3179	39.1924	55.001	27.749	46.9048	0.00382554	12.1562	54.5005	110.25	0.421462	23.7305	 49
DATA	1688151391	302316904	16324	0	""	2023-06-30	14:56:31	23542.969	402.53891	2074.2546	39.1916	55.001	27.7478	46.9048	0.00382547	12.1566	54.5005	-101	0.421462	23.7309	 11
DATA	1688151392	302316904	16328	0	""	2023-06-30	14:56:32	23539.098	403.24704	2074.4377	39.1924	55.001	27.7453	46.9048	0.00382914	12.1565	54.5005	-18	0.421462	23.7301	208
DATA	1688151393	301940917	16332	0	""	2023-06-30	14:56:33	23543.184	403.4921	2074.2708	39.192	55.001	27.7436	46.9046	0.00383934	12.1562	54.5005	161	0.421462	23.7294	109
DATA	1688151394	301940917	16336	0	""	2023-06-30	14:56:34	23555.898	403.3602	2074.1711	39.1904	55.001	27.7461	46.9044	0.00383353	12.1567	54.5005	44.75	0.421462	23.7282	 11
DATA	1688151395	301940917	16340	0	""	2023-06-30	14:56:35	23560.445	403.47	2074.1096	39.192	55.001	27.7486	46.9044	0.00382947	12.1565	54.5005	172.5	0.421462	23.7282	116
DATA	1688151396	301940917	16344	0	""	2023-06-30	14:56:36	23565.148	403.14948	2074.2178	39.192	55.001	27.7486	46.9044	0.00382987	12.1571	54.5005	-117.25	0.421462	23.7282	127
DATA	1688151397	301940917	16348	0	""	2023-06-30	14:56:37	23569.336	405.01349	2074.4148	39.1916	55.001	27.7457	46.9048	0.00383316	12.1564	54.5005	112.25	0.421462	23.7278	127
DATA	1688151398	301940917	16352	0	""	2023-06-30	14:56:38	23570.045	404.28671	2074.1079	39.1928	55.001	27.7478	46.9048	0.00383549	12.1562	54.5005	8.75	0.421462	23.7278	 44
DATA	1688151399	301940917	16356	0	""	2023-06-30	14:56:39	23572.133	404.35977	2074.2532	39.1928	55.001	27.7469	46.9048	0.00381529	12.1567	54.5005	113	0.421462	23.7278	248
DATA	1688151400	301940917	16360	0	""	2023-06-30	14:56:40	23574.094	404.56027	2074.281	39.1924	55.001	27.749	46.9048	0.00383084	12.1565	54.5005	2.75	0.421462	23.7282	154
DATA	1688151401	301573038	16364	0	""	2023-06-30	14:56:41	23576.418	404.33249	2074.1379	39.1932	55.001	27.7494	46.9048	0.00381996	12.1561	54.5005	129	0.421462	23.7305	221
DATA	1688151402	301573038	16368	0	""	2023-06-30	14:56:42	23582.363	405.38831	2074.4314	39.192	55.001	27.7498	46.9044	0.00383501	12.1559	54.5005	-126.75	0.421462	23.7309	102
DATA	1688151403	301573038	16372	0	""	2023-06-30	14:56:43	23584.715	404.62296	2074.281	39.1924	55.001	27.7465	46.9044	0.00382685	12.1561	54.5005	302.25	0.421462	23.7309	 51
DATA	1688151404	301573038	16376	0	""	2023-06-30	14:56:44	23589.158	405.29788	2073.9958	39.1932	55.001	27.7482	46.9044	0.00383004	12.1569	54.5005	-51.75	0.421462	23.7301	127
DATA	1688151405	301573038	16380	0	""	2023-06-30	14:56:45	23590.057	405.21756	2074.3975	39.1924	55.001	27.7469	46.9048	0.00382842	12.1556	54.5005	-64.5	0.421462	23.7309	 67
DATA	1688151406	301573038	16384	0	""	2023-06-30	14:56:46	23592.205	405.47485	2074.3308	39.1924	55.0012	27.7457	46.9048	0.00382721	12.1569	54.5005	40.5	0.421462	23.7301	 55
DATA	1688151407	301573038	16388	0	""	2023-06-30	14:56:47	23591.035	406.01419	2074.1663	39.1928	55.0012	27.7465	46.9048	0.00382249	12.1568	54.5005	48.75	0.421462	23.7309	129
DATA	1688151408	301194906	16392	0	""	2023-06-30	14:56:48	23594.309	405.00043	2074.1938	39.1924	55.001	27.7465	46.9048	0.00382585	12.1563	54.5005	7	0.421462	23.7301	117
DATA	1688151409	301194906	16396	0	""	2023-06-30	14:56:49	23594.383	406.02734	2074.1431	39.1928	55.0014	27.7478	46.9048	0.00383088	12.1559	54.5005	13.5	0.421462	23.7305	 79
DATA	1688151410	301194906	16400	0	""	2023-06-30	14:56:50	23594.613	404.6748	2074.053	39.192	55.0012	27.7478	46.9046	0.0038272	12.1562	54.5005	164.25	0.421462	23.7286	202
DATA	1688151411	301194906	16404	0	""	2023-06-30	14:56:51	23593.604	404.01385	2074.1597	39.1924	55.0014	27.7498	46.9044	0.003828	12.1571	54.5005	77.25	0.421462	23.7286	 13
DATA	1688151412	301194906	16408	0	""	2023-06-30	14:56:52	23593.447	405.5451	2074.1575	39.1924	55.001	27.7478	46.9044	0.00384223	12.157	54.5005	-113.25	0.421462	23.7282	 45
DATA	1688151413	301194906	16412	0	""	2023-06-30	14:56:53	23592.73	405.15009	2074.1865	39.1916	55.001	27.7469	46.9048	0.00384632	12.1566	54.5007	-99.75	0.421462	23.7282	 72
DATA	1688151414	301194906	16416	0	""	2023-06-30	14:56:54	23591.789	404.80402	2074.1816	39.1924	55.001	27.7428	46.9048	0.0038489	12.1565	54.5005	36	0.421462	23.7282	130
DATA	1688151415	301194906	16420	0	""	2023-06-30	14:56:55	23592.914	405.85681	2074.0989	39.1932	55.001	27.7449	46.9048	0.00381029	12.1568	54.5011	33.25	0.421462	23.729	 25
DATA	1688151416	300827026	16424	0	""	2023-06-30	14:56:56	23593.254	404.93555	2074.1455	39.1945	55.001	27.7457	46.9048	0.00380928	12.1564	54.5009	30.5	0.421462	23.7294	 23
DATA	1688151417	300827026	16428	0	""	2023-06-30	14:56:57	23593.197	405.87604	2074.2893	39.1949	55.001	27.7469	46.9048	0.00379986	12.1563	54.5005	22.5	0.421462	23.7298	 60
DATA	1688151418	300827026	16432	0	""	2023-06-30	14:56:58	23594.285	405.02487	2074.4204	39.1945	55.001	27.7457	46.9046	0.0038179	12.1571	54.5005	-32.25	0.421462	23.7298	 64
DATA	1688151419	300827026	16436	0	""	2023-06-30	14:56:59	23593.865	405.95282	2074.156	39.1932	55.001	27.7457	46.9044	0.00382222	12.1568	54.5005	105.5	0.421462	23.7313	 13
DATA	1688151420	300827026	16440	0	""	2023-06-30	14:57:00	23596.48	405.53891	2073.9744	39.1932	55.001	27.7465	46.9044	0.00383798	12.1565	54.5005	-76	0.421462	23.7301	167
DATA	1688151421	300827026	16444	0	""	2023-06-30	14:57:01	23594.461	406.5145	2074.2151	39.1924	55.001	27.7449	46.9048	0.00385021	12.1564	54.5005	110	0.421462	23.7298	140
DATA	1688151422	300827026	16448	0	""	2023-06-30	14:57:02	23594.254	405.87296	2074.2515	39.1928	55.001	27.7461	46.9048	0.0038314	12.1563	54.5005	-6.75	0.421462	23.7301	255
DATA	1688151423	300451993	16452	0	""	2023-06-30	14:57:03	23596.789	406.62585	2074.3738	39.192	55.001	27.7424	46.9048	0.00384227	12.1562	54.5005	34.75	0.421462	23.7309	 29
DATA	1688151424	300451993	16456	0	""	2023-06-30	14:57:04	23596.908	406.15421	2074.0266	39.1936	55.001	27.7436	46.9048	0.00382434	12.1563	54.5005	43.5	0.421462	23.7301	  2
DATA	1688151425	300451993	16460	0	""	2023-06-30	14:57:05	23596.301	406.39105	2074.2983	39.1932	55.001	27.7428	46.9048	0.00384611	12.1568	54.5005	-106.5	0.421462	23.7301	 93
DATA	1688151426	300451993	16464	0	""	2023-06-30	14:57:06	23596.025	405.95502	2074.2271	39.192	55.001	27.7399	46.9046	0.00385022	12.1571	54.5005	32.25	0.421462	23.7286	  6
DATA	1688151427	300451993	16468	0	""	2023-06-30	14:57:07	23596.057	406.21997	2074.3845	39.1924	55.001	27.7432	46.9046	0.00383619	12.1565	54.5005	152.5	0.421462	23.7286	 87
DATA	1688151428	300451993	16472	0	""	2023-06-30	14:57:08	23597.891	406.89197	2074.1638	39.1936	55.001	27.7428	46.9044	0.00383227	12.1563	54.5005	69.75	0.421462	23.7286	108
DATA	1688151429	300451993	16476	0	""	2023-06-30	14:57:09	23597.549	404.99976	2074.3647	39.1928	55.001	27.7424	46.9046	0.00382644	12.1565	54.5005	-8.25	0.421462	23.7282	104
DATA	1688151430	300451993	16480	0	""	2023-06-30	14:57:10	23599.869	405.81519	2074.1306	39.1916	55.001	27.7436	46.9048	0.00384554	12.1564	54.5005	54.25	0.421462	23.7278	 77
DATA	1688151431	300084114	16484	0	""	2023-06-30	14:57:11	23601.797	405.58328	2074.3062	39.1928	55.001	27.7404	46.9048	0.00383145	12.1564	54.5005	-28.75	0.421462	23.7274	 97
DATA	1688151432	300084114	16488	0	""	2023-06-30	14:57:12	23601.123	406.3056	2074.197	39.1941	55.001	27.7408	46.9048	0.00382895	12.1562	54.5005	162.5	0.421462	23.7278	200
DATA	1688151433	300084114	16492	0	""	2023-06-30	14:57:13	23600.951	404.7135	2074.2217	39.1941	55.001	27.7445	46.9048	0.0037986	12.1563	54.5005	-18.5	0.421462	23.7282	192
DATA	1688151434	300084114	16496	0	""	2023-06-30	14:57:14	23603.838	405.78806	2074.3511	39.1945	55.001	27.7441	46.9048	0.00381419	12.1568	54.5005	168	0.421462	23.7282	221
DATA	1688151435	300084114	16500	0	""	2023-06-30	14:57:15	23601.672	405.99945	2074.3032	39.1932	55.001	27.7465	46.9048	0.00381575	12.1559	54.5005	-70	0.421462	23.7305	198
DATA	1688151436	300084114	16504	0	""	2023-06-30	14:57:16	23601.311	406.67294	2074.2258	39.1945	55.001	27.7457	46.9044	0.00382035	12.1564	54.5005	40.5	0.421462	23.7305	236
DATA	1688151437	300084114	16508	0	""	2023-06-30	14:57:17	23603.482	406.58469	2074.2075	39.1928	55.001	27.7445	46.9044	0.00382437	12.1562	54.5005	-59.75	0.421462	23.7301	106
DATA	1688151438	299709081	16512	0	""	2023-06-30	14:57:18	23603.396	406.47998	2074.1294	39.1941	55.001	27.7449	46.9048	0.00383016	12.1563	54.5005	-25.5	0.421462	23.7301	 74
DATA	1688151439	299709081	16516	0	""	2023-06-30	14:57:19	23605.344	405.99048	2074.165	39.1941	55.001	27.7436	46.9048	0.00382761	12.1564	54.5005	91	0.421462	23.7301	133
DATA	1688151440	299709081	16520	0	""	2023-06-30	14:57:20	23606.674	406.5459	2074.0486	39.1941	55.001	27.7436	46.9048	0.00383105	12.1567	54.5005	-13.75	0.421462	23.7301	 52
DATA	1688151441	299709081	16524	0	""	2023-06-30	14:57:21	23608.029	407.08264	2074.0498	39.1936	55.001	27.7432	46.9048	0.00384347	12.1563	54.5005	-51.25	0.421462	23.7301	105
DATA	1688151442	299709081	16528	0	""	2023-06-30	14:57:22	23609.047	406.7457	2074.3193	39.1936	55.001	27.7424	46.9048	0.00384039	12.1572	54.5005	2.5	0.421462	23.7301	169
DATA	1688151443	299709081	16532	0	""	2023-06-30	14:57:23	23607.219	405.55289	2074.4377	39.1945	55.001	27.7432	46.9048	0.0038172	12.1562	54.5005	10.5	0.421462	23.7286	226
DATA	1688151444	299709081	16536	0	""	2023-06-30	14:57:24	23606.814	406.42981	2074.3438	39.1941	55.001	27.7428	46.9048	0.00383822	12.157	54.5005	-16	0.421462	23.7282	178
DATA	1688151445	299709081	16540	0	""	2023-06-30	14:57:25	23603.449	405.81534	2074.375	39.1945	55.001	27.7404	46.9044	0.00383276	12.1568	54.5005	-3	0.421462	23.7286	125
DATA	1688151446	299340963	16544	0	""	2023-06-30	14:57:26	23601.053	406.17197	2074.4473	39.1936	55.001	27.7408	46.9048	0.00383499	12.156	54.5005	62.5	0.421462	23.7278	243
DATA	1688151447	299340963	16548	0	""	2023-06-30	14:57:27	23604.881	405.85739	2074.3613	39.1945	55.001	27.7432	46.9048	0.00382926	12.1566	54.5005	65.25	0.421462	23.7278	104
DATA	1688151448	299340963	16552	0	""	2023-06-30	14:57:28	23605.135	406.59137	2074.2251	39.1941	55.001	27.742	46.9048	0.00382859	12.1567	54.5005	-35.5	0.421462	23.7266	 25
DATA	1688151449	299340963	16556	0	""	2023-06-30	14:57:29	23606.01	406.72009	2074.2959	39.1945	55.001	27.7408	46.9048	0.00383894	12.1564	54.5005	-26.75	0.421462	23.7282	 92
DATA	1688151450	299340963	16560	0	""	2023-06-30	14:57:30	23606.303	405.97928	2074.4397	39.1945	55.001	27.7408	46.9048	0.00383776	12.1561	54.5005	36	0.421462	23.7282	192
DATA	1688151451	299340963	16564	0	""	2023-06-30	14:57:31	23609.076	406.09952	2074.1565	39.1924	55.001	27.7416	46.9048	0.00382913	12.1574	54.5005	18.25	0.421462	23.7286	 82
DATA	1688151452	299340963	16568	0	""	2023-06-30	14:57:32	23609.807	405.57196	2074.1497	39.1949	55.001	27.7441	46.9046	0.00382741	12.156	54.5005	-8.75	0.421462	23.7305	 38
DATA	1688151453	298965930	16572	0	""	2023-06-30	14:57:33	23607.715	406.13431	2074.5303	39.1945	55.001	27.7424	46.9044	0.00383084	12.1564	54.5005	-134.75	0.421462	23.7301	152
DATA	1688151454	298965930	16576	0	""	2023-06-30	14:57:34	23607.711	406.38147	2074.3389	39.1941	55.001	27.7379	46.9046	0.00382623	12.1559	54.5005	-48.25	0.421462	23.7301	137
DATA	1688151455	298965930	16580	0	""	2023-06-30	14:57:35	23605.648	403.98386	2074.2681	39.1945	55.001	27.7395	46.9048	0.00382511	12.1561	54.5005	142	0.421462	23.7305	245
DATA	1688151456	298965930	16584	0	""	2023-06-30	14:57:36	23606.742	405.51047	2074.2803	39.1936	55.001	27.7416	46.9048	0.00383544	12.1566	54.5005	-54	0.421462	23.7301	229
DATA	1688151457	298965930	16588	0	""	2023-06-30	14:57:37	23608.047	404.44733	2074.292	39.1936	55.001	27.7416	46.9048	0.0038265	12.1557	54.5005	-20	0.421462	23.7301	132
DATA	1688151458	298965930	16592	0	""	2023-06-30	14:57:38	23609.863	405.03918	2074.2317	39.1945	55.001	27.7412	46.9048	0.00383325	12.1559	54.5005	44.5	0.421462	23.7305	 39
DATA	1688151459	298965930	16596	0	""	2023-06-30	14:57:39	23610.463	404.71844	2074.2893	39.1949	55.001	27.7436	46.9048	0.0038374	12.1564	54.5005	50.5	0.421462	23.7298	 11
DATA	1688151460	298965930	16600	0	""	2023-06-30	14:57:40	23610.918	405.09924	2073.9998	39.1945	55.001	27.7428	46.9048	0.00383668	12.1568	54.5005	-113	0.421462	23.7286	 48
DATA	1688151461	298597097	16604	0	""	2023-06-30	14:57:41	23611.436	405.474	2074.3203	39.1949	55.001	27.7399	46.9044	0.00383749	12.156	54.5005	-14.5	0.421462	23.729	129
DATA	1688151462	298597097	16608	0	""	2023-06-30	14:57:42	23612.111	405.82431	2074.2466	39.1936	55.001	27.7387	46.9044	0.00384207	12.156	54.5005	-4.5	0.421462	23.7282	218
DATA	1688151463	298597097	16612	0	""	2023-06-30	14:57:43	23614.572	405.69083	2074.1255	39.1949	55.001	27.7391	46.9046	0.00383233	12.1568	54.5005	24.5	0.421462	23.7278	 40
DATA	1688151464	298597097	16616	0	""	2023-06-30	14:57:44	23615.266	406.02576	2074.1282	39.1949	55.001	27.7408	46.9048	0.00383847	12.1564	54.5005	55.75	0.421462	23.7278	109
DATA	1688151465	298597097	16620	0	""	2023-06-30	14:57:45	23615.465	405.13211	2074.2549	39.1953	55.001	27.742	46.9048	0.0038353	12.1563	54.5005	-25.5	0.421462	23.7278	225
DATA	1688151466	298597097	16624	0	""	2023-06-30	14:57:46	23614.713	405.65512	2074.1406	39.1941	55.001	27.7416	46.9048	0.00384316	12.1569	54.5005	-33.25	0.421462	23.7278	128
DATA	1688151467	298597097	16628	0	""	2023-06-30	14:57:47	23616.008	405.84381	2074.2095	39.1957	55.001	27.7412	46.9048	0.00382899	12.1566	54.5005	-22.75	0.421462	23.7278	160
DATA	1688151468	298223972	16632	0	""	2023-06-30	14:57:48	23615.779	405.22519	2074.3621	39.1945	55.001	27.7399	46.9048	0.00382375	12.1558	54.5005	48	0.421462	23.729	162
DATA	1688151469	298223972	16636	0	""	2023-06-30	14:57:49	23615.4	405.58914	2074.386	39.1953	55.001	27.7387	46.9046	0.00383285	12.1564	54.5005	-13	0.421462	23.7309	 96
DATA	1688151470	298223972	16640	0	""	2023-06-30	14:57:50	23616.953	405.061	2074.1814	39.1957	55.001	27.7399	46.9046	0.00383482	12.1563	54.5005	-32.5	0.421462	23.7305	215
DATA	1688151471	298223972	16644	0	""	2023-06-30	14:57:51	23614.693	406.15738	2074.1562	39.1945	55.001	27.7387	46.9048	0.00382285	12.1569	54.5005	-21.75	0.421462	23.7301	129
DATA	1688151472	298223972	16648	0	""	2023-06-30	14:57:52	23614.783	405.18854	2074.4309	39.1945	55.001	27.7399	46.9048	0.00382004	12.1566	54.5005	25.5	0.421462	23.7305	 35
DATA	1688151473	298223972	16652	0	""	2023-06-30	14:57:53	23614.447	405.28256	2074.1956	39.1949	55.001	27.7404	46.9048	0.00383362	12.1569	54.5005	5	0.421462	23.7301	136
DATA	1688151474	298223972	16656	0	""	2023-06-30	14:57:54	23614.441	405.48904	2074.3418	39.1961	55.001	27.7395	46.9048	0.00382519	12.1562	54.5005	40.25	0.421462	23.7305	 76
DATA	1688151475	298223972	16660	0	""	2023-06-30	14:57:55	23614.041	405.16687	2074.3984	39.1961	55.001	27.7383	46.9048	0.00381748	12.1564	54.5005	26.25	0.421462	23.7301	 82
DATA	1688151476	297853946	16664	0	""	2023-06-30	14:57:56	23615.006	404.61288	2074.0571	39.1949	55.001	27.7395	46.9048	0.00383788	12.1568	54.5005	7.5	0.421462	23.7298	 19
DATA	1688151477	297853946	16668	0	""	2023-06-30	14:57:57	23612.766	406.46262	2074.2649	39.1936	55.001	27.7379	46.9048	0.00385721	12.1566	54.5005	-34.25	0.421462	23.7282	161
DATA	1688151478	297853946	16672	0	""	2023-06-30	14:57:58	23615.186	405.59689	2074.2891	39.1945	55.001	27.7395	46.9044	0.00384936	12.1561	54.5005	79.5	0.421462	23.7274	 83
DATA	1688151479	297853946	16676	0	""	2023-06-30	14:57:59	23612.824	405.61276	2074.376	39.1949	55.001	27.7408	46.9044	0.00383949	12.1564	54.5005	-66	0.421462	23.7278	225
DATA	1688151480	297853946	16680	0	""	2023-06-30	14:58:00	23614.902	405.77054	2074.2502	39.1953	55.001	27.7379	46.9046	0.00384387	12.1561	54.5005	-13	0.421462	23.7282	225
DATA	1688151481	297853946	16684	0	""	2023-06-30	14:58:01	23615.32	405.53543	2073.9634	39.1961	55.001	27.7375	46.9048	0.00382021	12.1562	54.5005	240	0.421462	23.7278	178
DATA	1688151482	297853946	16688	0	""	2023-06-30	14:58:02	23619.564	405.38864	2073.9612	39.1965	55.001	27.7441	46.9048	0.00379577	12.1564	54.5005	-13.75	0.421462	23.7278	166
DATA	1688151483	297481060	16692	0	""	2023-06-30	14:58:03	23621.98	404.93353	2074.2395	39.1953	55.001	27.7416	46.9048	0.00382857	12.1563	54.5005	16	0.421462	23.727	 86
DATA	1688151484	297481060	16696	0	""	2023-06-30	14:58:04	23622.646	405.55688	2074.0974	39.1957	55.001	27.7416	46.9048	0.00381975	12.1566	54.5005	-27.75	0.421462	23.7282	154
DATA	1688151485	297481060	16700	0	""	2023-06-30	14:58:05	23623.314	405.2247	2074.363	39.1957	55.001	27.7424	46.9048	0.00381305	12.1564	54.5005	-53	0.421462	23.7282	 99
DATA	1688151486	297481060	16704	0	""	2023-06-30	14:58:06	23625.631	405.36194	2074.396	39.1953	55.001	27.7395	46.9048	0.00383386	12.1573	54.5005	-120	0.421462	23.7305	224
DATA	1688151487	297481060	16708	0	""	2023-06-30	14:58:07	23625.32	406.5976	2074.3101	39.1957	55.001	27.7395	46.9044	0.00384062	12.1563	54.5005	54.5	0.421462	23.7301	168
DATA	1688151488	297481060	16712	0	""	2023-06-30	14:58:08	23625.004	405.27481	2074.3235	39.1969	55.001	27.7379	46.9046	0.00383386	12.1561	54.5005	9	0.421462	23.7301	128
DATA	1688151489	297481060	16716	0	""	2023-06-30	14:58:09	23627.254	405.57349	2074.0789	39.1957	55.001	27.7391	46.9048	0.00381069	12.1555	54.5005	53.5	0.421462	23.7301	 42
DATA	1688151490	297481060	16720	0	""	2023-06-30	14:58:10	23630.293	406.26721	2074.2622	39.1965	55.001	27.7391	46.9048	0.00382034	12.1569	54.5005	-74.25	0.421462	23.7301	 92
DATA	1688151491	297115087	16724	0	""	2023-06-30	14:58:11	23630.867	404.8067	2074.3347	39.1965	55.001	27.7367	46.9048	0.00382478	12.156	54.5005	25.75	0.421462	23.7298	251
DATA	1688151492	297115087	16728	0	""	2023-06-30	14:58:12	23627.305	406.388	2074.3428	39.1957	55.001	27.7354	46.9048	0.00383398	12.156	54.5005	16.5	0.421462	23.7298	146
DATA	1688151493	297115087	16732	0	""	2023-06-30	14:58:13	23628.455	405.65927	2074.2781	39.1953	55.001	27.7367	46.9048	0.00384012	12.1561	54.5005	-16.25	0.421462	23.7298	128
DATA	1688151494	297115087	16736	0	""	2023-06-30	14:58:14	23626.881	405.2814	2074.3645	39.1965	55.001	27.7362	46.9048	0.0038278	12.1557	54.5005	62.25	0.421462	23.7282	243
DATA	1688151495	297115087	16740	0	""	2023-06-30	14:58:15	23627.172	406.21924	2074.3762	39.1961	55.001	27.7371	46.9044	0.00383578	12.1563	54.5005	5.5	0.421462	23.7282	228
DATA	1688151496	297115087	16744	0	""	2023-06-30	14:58:16	23628.975	406.72971	2074.4355	39.1973	55.001	27.7354	46.9044	0.00383958	12.1562	54.5005	36.5	0.421462	23.7278	 59
DATA	1688151497	297115087	16748	0	""	2023-06-30	14:58:17	23632.268	405.10318	2074.2729	39.1965	55.001	27.7395	46.9044	0.00383268	12.1564	54.5005	70.25	0.421462	23.7282	 89
DATA	1688151498	296751976	16752	0	""	2023-06-30	14:58:18	23632.135	404.5351	2074.1201	39.1953	55.001	27.7383	46.9048	0.00383518	12.1565	54.5005	85	0.421462	23.7274	138
DATA	1688151499	296751976	16756	0	""	2023-06-30	14:58:19	23632.211	405.14087	2074.4014	39.1957	55.001	27.7383	46.9048	0.0038386	12.1566	54.5005	-134.25	0.421462	23.727	 85
DATA	1688151500	296751976	16760	0	""	2023-06-30	14:58:20	23631.611	406.21777	2074.3484	39.1949	55.001	27.7367	46.9048	0.00383166	12.1557	54.5005	24	0.421462	23.7278	191
DATA	1688151501	296751976	16764	0	""	2023-06-30	14:58:21	23632.613	406.00769	2074.3647	39.1957	55.001	27.7375	46.9048	0.00384081	12.1563	54.5005	197.25	0.421462	23.7282	138
DATA	1688151502	296751976	16768	0	""	2023-06-30	14:58:22	23633.412	406.23083	2074.1072	39.1957	55.001	27.7379	46.9048	0.00384489	12.1564	54.5005	-67.5	0.421462	23.7282	 86
DATA	1688151503	296751976	16772	0	""	2023-06-30	14:58:23	23631.936	406.0752	2074.4087	39.1953	55.001	27.7367	46.9044	0.00384093	12.156	54.5005	-52.25	0.421462	23.7301	 15
DATA	1688151504	296751976	16776	0	""	2023-06-30	14:58:24	23631.9	406.29251	2074.1648	39.1965	55.001	27.7346	46.9044	0.00383895	12.1564	54.5005	176.5	0.421462	23.7301	246
DATA	1688151505	296751976	16780	0	""	2023-06-30	14:58:25	23632.785	405.36395	2074.2964	39.1965	55.001	27.7362	46.9044	0.00382464	12.1564	54.5005	10	0.421462	23.7301	188
DATA	1688151506	296371936	16784	0	""	2023-06-30	14:58:26	23633.924	404.59366	2074.0249	39.1965	55.001	27.7383	46.9046	0.00382788	12.1565	54.5005	73.5	0.421462	23.7301	 47
DATA	1688151507	296371936	16788	0	""	2023-06-30	14:58:27	23635.922	406.06802	2074.2434	39.1973	55.001	27.7383	46.9048	0.0038189	12.1562	54.5005	-40.25	0.421462	23.7305	 76
DATA	1688151508	296371936	16792	0	""	2023-06-30	14:58:28	23635.98	406.30646	2074.3247	39.1961	55.001	27.7362	46.9048	0.00383515	12.1568	54.5005	-1.5	0.421462	23.7294	241
DATA	1688151509	296371936	16796	0	""	2023-06-30	14:58:29	23638.553	406.16968	2074.3518	39.1965	55.001	27.7371	46.9048	0.0038416	12.1562	54.5005	2.5	0.421462	23.7301	198
DATA	1688151510	296371936	16800	0	""	2023-06-30	14:58:30	23639.299	406.25247	2074.3948	39.1961	55.001	27.7371	46.9048	0.00383815	12.1564	54.5005	-23.25	0.421462	23.7305	119
DATA	1688151511	296371936	16804	0	""	2023-06-30	14:58:31	23640.363	405.97067	2074.4395	39.1961	55.001	27.7367	46.9048	0.0038396	12.1565	54.5005	116.25	0.421462	23.7282	 83
DATA	1688151512	296371936	16808	0	""	2023-06-30	14:58:32	23639.725	405.90024	2074.1462	39.1953	55.001	27.7371	46.9044	0.0038414	12.1558	54.5005	-82	0.421462	23.7286	172
DATA	1688151513	295994997	16812	0	""	2023-06-30	14:58:33	23641.277	406.737	2074.2646	39.1973	55.001	27.7375	46.9044	0.00382956	12.1564	54.5005	47.25	0.421462	23.7282	  2
DATA	1688151514	295994997	16816	0	""	2023-06-30	14:58:34	23638.99	407.44174	2074.4863	39.1961	55.001	27.7383	46.9044	0.00383618	12.1567	54.5005	-28.75	0.421462	23.7278	120
DATA	1688151515	295994997	16820	0	""	2023-06-30	14:58:35	23640.939	405.4494	2073.9995	39.1961	55.001	27.7391	46.9048	0.00383678	12.1561	54.5005	59.5	0.421462	23.7274	 25
DATA	1688151516	295994997	16824	0	""	2023-06-30	14:58:36	23640.826	406.93179	2074.4951	39.1965	55.001	27.7383	46.9048	0.00383652	12.1562	54.5005	-130.75	0.421462	23.7278	211
DATA	1688151517	295994997	16828	0	""	2023-06-30	14:58:37	23643.936	406.96695	2074.2588	39.1957	55.001	27.7342	46.9048	0.00383933	12.1562	54.5005	6.75	0.421462	23.7278	 91
DATA	1688151518	295994997	16832	0	""	2023-06-30	14:58:38	23643.359	406.32544	2074.2361	39.1973	55.001	27.7367	46.9048	0.00383703	12.1568	54.5005	7.75	0.421462	23.7282	 61
DATA	1688151519	295994997	16836	0	""	2023-06-30	14:58:39	23646.033	406.08847	2074.1812	39.1973	55.001	27.7346	46.9048	0.00384211	12.1563	54.5005	125.25	0.421462	23.7282	147
DATA	1688151520	295994997	16840	0	""	2023-06-30	14:58:40	23644.395	406.6257	2074.3213	39.1978	55.001	27.7375	46.9046	0.00382095	12.1564	54.5005	5.5	0.421462	23.7301	190
DATA	1688151521	295624971	16844	0	""	2023-06-30	14:58:41	23643.49	406.56281	2074.2722	39.1961	55.001	27.7375	46.9044	0.00383526	12.1558	54.5005	100.75	0.421462	23.7301	 63
DATA	1688151522	295624971	16848	0	""	2023-06-30	14:58:42	23643.158	405.71323	2074.3962	39.1969	55.001	27.7395	46.9048	0.00381593	12.1565	54.5007	-112	0.421462	23.7298	 43
DATA	1688151523	295624971	16852	0	""	2023-06-30	14:58:43	23642.951	406.33801	2074.2698	39.1953	55.001	27.7375	46.9048	0.00384913	12.1561	54.5005	-7.25	0.421462	23.7301	 70
DATA	1688151524	295624971	16856	0	""	2023-06-30	14:58:44	23645.328	406.86676	2074.355	39.1982	55.001	27.7358	46.9048	0.00381003	12.1557	54.5005	136.5	0.421462	23.7298	 49
DATA	1688151525	295624971	16860	0	""	2023-06-30	14:58:45	23643.184	407.0105	2074.4094	39.1982	55.001	27.7375	46.9048	0.00378928	12.1569	54.5005	142	0.421462	23.7294	196
DATA	1688151526	295624971	16864	0	""	2023-06-30	14:58:46	23644.895	405.82565	2074.313	39.1986	55.001	27.7399	46.9048	0.00379634	12.156	54.5005	-55.5	0.421462	23.7301	  0
DATA	1688151527	295624971	16868	0	""	2023-06-30	14:58:47	23648.336	406.21713	2074.4414	39.1982	55.001	27.7371	46.9048	0.00381826	12.1558	54.5005	-24.75	0.421462	23.7301	131
DATA	1688151528	295253038	16872	0	""	2023-06-30	14:58:48	23647.234	407.08551	2074.4202	39.1973	55.001	27.7358	46.9048	0.0038311	12.1563	54.5009	-32.75	0.421462	23.7286	 73
DATA	1688151529	295253038	16876	0	""	2023-06-30	14:58:49	23646.811	406.86478	2074.45	39.1978	55.001	27.735	46.9048	0.0038367	12.156	54.5011	-19.25	0.421462	23.7294	154
DATA	1688151530	295253038	16880	0	""	2023-06-30	14:58:50	23646.043	406.29352	2074.46	39.1973	55.001	27.7354	46.9046	0.00382893	12.1558	54.5005	-44.25	0.421462	23.7286	 19
DATA	1688151531	295253038	16884	0	""	2023-06-30	14:58:51	23646.285	406.56677	2074.2473	39.1969	55.001	27.7338	46.9048	0.00383886	12.1567	54.5005	-32	0.421462	23.7278	  6
DATA	1688151532	295253038	16888	0	""	2023-06-30	14:58:52	23645.623	406.33191	2074.4873	39.1973	55.001	27.7346	46.9048	0.00385346	12.1557	54.5005	-54	0.421462	23.7278	245
DATA	1688151533	295253038	16892	0	""	2023-06-30	14:58:53	23645.797	406.71359	2074.2742	39.1969	55.001	27.7338	46.9048	0.00384957	12.1556	54.5005	139.25	0.421462	23.7278	167
DATA	1688151534	295253038	16896	0	""	2023-06-30	14:58:54	23645.635	406.09344	2074.2188	39.1973	55.001	27.7346	46.9048	0.00384203	12.156	54.5005	18.25	0.421462	23.7282	 31
DATA	1688151535	295253038	16900	0	""	2023-06-30	14:58:55	23646.109	406.42447	2074.0984	39.1969	55.001	27.7354	46.9048	0.00383578	12.1559	54.5005	-12.5	0.421462	23.727	 31
DATA	1688151536	294886112	16904	0	""	2023-06-30	14:58:56	23645.568	405.90579	2074.3113	39.1973	55.001	27.7346	46.9048	0.00384025	12.1556	54.5005	118.25	0.421462	23.7282	136
DATA	1688151537	294886112	16908	0	""	2023-06-30	14:58:57	23644.283	406.39758	2074.1543	39.1969	55.001	27.7342	46.9044	0.00383847	12.1569	54.5005	151.75	0.421462	23.7298	164
DATA	1688151538	294886112	16912	0	""	2023-06-30	14:58:58	23647.137	406.31754	2074.2544	39.1953	55.001	27.735	46.9046	0.00385553	12.156	54.5005	-67	0.421462	23.7301	127
DATA	1688151539	294886112	16916	0	""	2023-06-30	14:58:59	23649.639	405.59613	2074.3533	39.1961	55.001	27.7321	46.9046	0.0038673	12.156	54.5005	-40.5	0.421462	23.7286	241
DATA	1688151540	294886112	16920	0	""	2023-06-30	14:59:00	23647.754	407.26093	2074.4736	39.1965	55.001	27.7309	46.9048	0.00386154	12.156	54.5005	118.75	0.421462	23.7294	 82
DATA	1688151541	294886112	16924	0	""	2023-06-30	14:59:01	23648.387	405.94479	2074.4417	39.1982	55.001	27.7334	46.9048	0.00383242	12.1565	54.5005	-4.75	0.421462	23.7298	 90
DATA	1688151542	294886112	16928	0	""	2023-06-30	14:59:02	23650.717	406.73083	2074.3279	39.1978	55.001	27.7346	46.9048	0.00382157	12.1562	54.5005	43.5	0.421462	23.7298	 40
DATA	1688151543	294508934	16932	0	""	2023-06-30	14:59:03	23650.365	405.94409	2074.3618	39.1986	55.001	27.7354	46.9048	0.0038275	12.1561	54.5005	-40	0.421462	23.7301	172
DATA	1688151544	294508934	16936	0	""	2023-06-30	14:59:04	23648.941	406.50345	2074.4561	39.1969	55.001	27.7354	46.9048	0.00382314	12.156	54.5005	-29.25	0.421462	23.7294	 82
DATA	1688151545	294508934	16940	0	""	2023-06-30	14:59:05	23651.83	406.74896	2074.3206	39.1969	55.001	27.7338	46.9044	0.00384237	12.1558	54.5005	103.5	0.421462	23.7282	 36
DATA	1688151546	294508934	16944	0	""	2023-06-30	14:59:06	23650.605	405.36893	2074.5522	39.1986	55.001	27.7342	46.9044	0.00381948	12.1561	54.5005	52.25	0.421462	23.7278	 90
DATA	1688151547	294508934	16948	0	""	2023-06-30	14:59:07	23652.061	406.37372	2074.3623	39.2006	55.001	27.7358	46.9044	0.00379386	12.1563	54.5005	-29	0.421462	23.7278	240
DATA	1688151548	294508934	16952	0	""	2023-06-30	14:59:08	23653.305	405.99435	2074.2864	39.1982	55.001	27.7346	46.9048	0.00380507	12.1559	54.5005	7	0.421462	23.7274	156
DATA	1688151549	294508934	16956	0	""	2023-06-30	14:59:09	23652.48	405.09741	2074.2151	39.1982	55.001	27.7358	46.9048	0.00383942	12.1562	54.5005	-51.25	0.421462	23.7278	 89
DATA	1688151550	294508934	16960	0	""	2023-06-30	14:59:10	23654.5	405.51151	2074.2581	39.1973	55.001	27.7338	46.9048	0.00384379	12.1567	54.5005	-9.75	0.421462	23.727	182
DATA	1688151551	294140100	16964	0	""	2023-06-30	14:59:11	23656.678	406.61353	2074.3955	39.1978	55.001	27.7325	46.9048	0.00384008	12.1562	54.5005	-78	0.421462	23.7274	228
DATA	1688151552	294140100	16968	0	""	2023-06-30	14:59:12	23655.363	405.79855	2074.1045	39.1982	55.001	27.7325	46.9048	0.00384232	12.1564	54.5005	36.5	0.421462	23.7282	 14
DATA	1688151553	294140100	16972	0	""	2023-06-30	14:59:13	23655.391	405.95816	2074.4368	39.1969	55.001	27.7325	46.9048	0.00384837	12.1562	54.5005	-12.75	0.421462	23.7301	118
DATA	1688151554	294140100	16976	0	""	2023-06-30	14:59:14	23654.227	406.70755	2074.3081	39.1973	55.001	27.7305	46.9046	0.00384777	12.1567	54.5005	10.75	0.421462	23.7301	 60
DATA	1688151555	294140100	16980	0	""	2023-06-30	14:59:15	23653.816	406.15302	2074.1355	39.1978	55.001	27.7325	46.9044	0.00385039	12.1559	54.5005	-23	0.421462	23.7301	198
DATA	1688151556	294140100	16984	0	""	2023-06-30	14:59:16	23657.154	405.98239	2074.3723	39.1965	55.001	27.7334	46.9044	0.00385867	12.1559	54.5005	-66.5	0.421462	23.7301	 78
DATA	1688151557	294140100	16988	0	""	2023-06-30	14:59:17	23655.186	406.54266	2074.5737	39.1973	55.001	27.7313	46.9048	0.00384523	12.1563	54.5005	-86.75	0.421462	23.7298	142
DATA	1688151558	293767929	16992	0	""	2023-06-30	14:59:18	23654.992	406.84894	2074.4392	39.1982	55.001	27.7309	46.9048	0.00383585	12.1565	54.5005	-40	0.421462	23.7301	 17
DATA	1688151559	293767929	16996	0	""	2023-06-30	14:59:19	23656.799	405.90268	2074.5464	39.1982	55.001	27.7305	46.9048	0.00384047	12.1556	54.5005	156.25	0.421462	23.7301	172
DATA	1688151560	293767929	17000	0	""	2023-06-30	14:59:20	23656.43	406.5455	2074.4519	39.1986	55.001	27.7317	46.9048	0.00383403	12.1563	54.5005	135.75	0.421462	23.7298	 31
DATA	1688151561	293767929	17004	0	""	2023-06-30	14:59:21	23656.029	406.36053	2074.2212	39.1982	55.001	27.7362	46.9048	0.0038163	12.1567	54.5005	18	0.421462	23.7298	129
DATA	1688151562	293767929	17008	0	""	2023-06-30	14:59:22	23656.951	406.01505	2074.1875	39.1982	55.001	27.7354	46.9044	0.00382513	12.1559	54.5005	-74.25	0.421462	23.7278	132
DATA	1688151563	293767929	17012	0	""	2023-06-30	14:59:23	23656.168	406.80804	2074.4055	39.199	55.001	27.7354	46.9044	0.00383188	12.156	54.5005	216.5	0.421462	23.7278	242
DATA	1688151564	293767929	17016	0	""	2023-06-30	14:59:24	23654.885	406.83942	2074.2642	39.1986	55.001	27.7379	46.9046	0.003833	12.1561	54.5005	-82.25	0.421462	23.7274	 47
DATA	1688151565	293767929	17020	0	""	2023-06-30	14:59:25	23653.184	407.14575	2074.1353	39.199	55.001	27.7346	46.9046	0.00383076	12.1564	54.5005	-136.75	0.421462	23.7274	133
DATA	1688151566	293397903	17024	0	""	2023-06-30	14:59:26	23652.475	407.0405	2074.0535	39.1978	55.001	27.7338	46.9048	0.00383898	12.1564	54.5005	-48	0.421462	23.727	145
DATA	1688151567	293397903	17028	0	""	2023-06-30	14:59:27	23651.652	406.27039	2074.1953	39.1969	55.001	27.7317	46.9048	0.00384576	12.1561	54.5005	-51	0.421462	23.727	193
DATA	1688151568	293397903	17032	0	""	2023-06-30	14:59:28	23653.322	406.38995	2074.2493	39.1969	55.001	27.7301	46.9048	0.00385544	12.156	54.5005	-64	0.421462	23.7278	199
DATA	1688151569	293397903	17036	0	""	2023-06-30	14:59:29	23657.754	407.05746	2074.2417	39.1965	55.001	27.7284	46.9048	0.0038569	12.1565	54.5005	1.75	0.421462	23.7266	  9
DATA	1688151570	293397903	17040	0	""	2023-06-30	14:59:30	23658.174	406.20615	2074.5388	39.201	55.001	27.7284	46.9048	0.00382242	12.1565	54.5005	196.75	0.421462	23.7301	 59
DATA	1688151571	293397903	17044	0	""	2023-06-30	14:59:31	23655.041	407.478	2074.5693	39.2047	55.001	27.7354	46.9046	0.00373108	12.1563	54.5005	227.25	0.421462	23.7301	  7
DATA	1688151572	293397903	17048	0	""	2023-06-30	14:59:32	23657.02	406.12427	2074.2974	39.201	55.001	27.7371	46.9046	0.00377084	12.1564	54.5005	-70.25	0.421462	23.7301	253
DATA	1688151573	293025016	17052	0	""	2023-06-30	14:59:33	23656.652	405.98837	2074.1777	39.199	55.001	27.7342	46.9046	0.00380042	12.1565	54.5005	6.25	0.421462	23.7294	229
DATA	1688151574	293025016	17056	0	""	2023-06-30	14:59:34	23656.6	406.62036	2073.9944	39.1986	55.001	27.7338	46.9048	0.00382576	12.1563	54.5005	-29.75	0.421462	23.7298	 41
DATA	1688151575	293025016	17060	0	""	2023-06-30	14:59:35	23658.102	407.52643	2074.353	39.1982	55.001	27.7317	46.9048	0.0038566	12.1559	54.5005	-54.75	0.421462	23.7298	 20
DATA	1688151576	293025016	17064	0	""	2023-06-30	14:59:36	23659.908	407.94742	2074.4038	39.1986	55.001	27.7305	46.9048	0.00383171	12.1563	54.5005	3.25	0.421462	23.7294	 30
DATA	1688151577	293025016	17068	0	""	2023-06-30	14:59:37	23658.445	406.71872	2074.3213	39.1986	55.001	27.7317	46.9048	0.0038289	12.1564	54.5005	25.75	0.421462	23.729	247
DATA	1688151578	293025016	17072	0	""	2023-06-30	14:59:38	23658.359	407.01447	2074.4792	39.1986	55.001	27.7313	46.9048	0.0038405	12.1558	54.5005	-72.5	0.421462	23.7294	 30
DATA	1688151579	293025016	17076	0	""	2023-06-30	14:59:39	23657.674	406.57642	2074.1787	39.1978	55.001	27.7297	46.9046	0.00385017	12.1561	54.5005	-33	0.421462	23.7278	255
DATA	1688151580	293025016	17080	0	""	2023-06-30	14:59:40	23656.279	406.22882	2074.0913	39.199	55.001	27.7301	46.9044	0.00383659	12.1563	54.5005	12	0.421462	23.7278	116
DATA	1688151581	292653083	17084	0	""	2023-06-30	14:59:41	23656.529	407.43631	2074.3289	39.1994	55.001	27.728	46.9046	0.00383876	12.1562	54.5005	105.5	0.421462	23.7278	 41
DATA	1688151582	292653083	17088	0	""	2023-06-30	14:59:42	23657.615	406.24408	2074.4338	39.1978	55.001	27.7301	46.9048	0.00384449	12.1561	54.5005	-51	0.421462	23.727	180
DATA	1688151583	292653083	17092	0	""	2023-06-30	14:59:43	23657.994	407.39145	2074.3528	39.199	55.001	27.7272	46.9048	0.00385246	12.156	54.5005	124	0.421462	23.727	 96
DATA	1688151584	292653083	17096	0	""	2023-06-30	14:59:44	23658.143	406.46194	2074.3408	39.1986	55.001	27.728	46.9048	0.00383944	12.1557	54.5005	18.75	0.421462	23.727	  0
DATA	1688151585	292653083	17100	0	""	2023-06-30	14:59:45	23658.367	406.80176	2074.1692	39.1982	55.001	27.7288	46.9048	0.0038413	12.1562	54.5005	83.25	0.421462	23.727	238
DATA	1688151586	292653083	17104	0	""	2023-06-30	14:59:46	23658.682	407.53378	2074.5352	39.1978	55.001	27.7305	46.9048	0.00384414	12.156	54.5005	-59.75	0.421462	23.727	 41
DATA	1688151587	292653083	17108	0	""	2023-06-30	14:59:47	23659.559	406.32669	2074.0474	39.199	55.001	27.7305	46.9048	0.00383333	12.1559	54.5005	111.75	0.421462	23.7294	 97
DATA	1688151588	292282104	17112	0	""	2023-06-30	14:59:48	23656.227	406.68994	2074.4944	39.1994	55.001	27.7301	46.9044	0.00383146	12.1564	54.5005	5.5	0.421462	23.7298	244
DATA	1688151589	292282104	17116	0	""	2023-06-30	14:59:49	23657.59	406.07281	2074.2151	39.1994	55.001	27.7293	46.9044	0.00384338	12.1556	54.5005	118	0.421462	23.7294	189
DATA	1688151590	292282104	17120	0	""	2023-06-30	14:59:50	23655.811	405.79929	2074.3435	39.199	55.001	27.7297	46.9044	0.00384678	12.1564	54.5005	-54.5	0.421462	23.7301	 19
DATA	1688151591	292282104	17124	0	""	2023-06-30	14:59:51	23654.91	406.61218	2074.3733	39.1982	55.001	27.7284	46.9048	0.00385627	12.1561	54.5005	-62.25	0.421462	23.7294	 61
DATA	1688151592	292282104	17128	0	""	2023-06-30	14:59:52	23653.943	407.22723	2074.3318	39.1986	55.001	27.7268	46.9048	0.00385534	12.156	54.5005	49.5	0.421462	23.7294	238
DATA	1688151593	292282104	17132	0	""	2023-06-30	14:59:53	23655.281	405.95056	2074.5388	39.2002	55.001	27.728	46.9048	0.00382186	12.1553	54.5005	88.25	0.421462	23.729	225
DATA	1688151594	292282104	17136	0	""	2023-06-30	14:59:54	23655.219	406.22736	2074.1355	39.201	55.001	27.7305	46.9048	0.00381358	12.156	54.5005	47	0.421462	23.7298	 67
DATA	1688151595	292282104	17140	0	""	2023-06-30	14:59:55	23654.402	406.87582	2074.1699	39.2002	55.001	27.733	46.9048	0.00380758	12.1563	54.5005	88.75	0.421462	23.7294	 30
DATA	1688151596	291915893	17144	0	""	2023-06-30	14:59:56	23654.969	407.47354	2074.262	39.2006	55.001	27.7325	46.9044	0.00381041	12.1561	54.5005	-78.5	0.421462	23.7278	 29
DATA	1688151597	291915893	17148	0	""	2023-06-30	14:59:57	23654.09	405.88553	2074.3247	39.199	55.001	27.7305	46.9044	0.00380974	12.156	54.5007	139	0.421462	23.7274	112
DATA	1688151598	291915893	17152	0	""	2023-06-30	14:59:58	23650.102	405.1265	2074.4702	39.201	55.001	27.7305	46.9044	0.00381756	12.1559	54.5005	-35	0.421462	23.7274	110
DATA	1688151599	291915893	17156	0	""	2023-06-30	14:59:59	23649.43	405.19681	2074.3828	39.1986	55.001	27.7309	46.9046	0.00382493	12.1563	54.5005	84	0.421462	23.7262	172
DATA	1688151600	291915893	17160	0	""	2023-06-30	15:00:00	23647.32	405.88507	2074.5662	39.1986	55.001	27.7301	46.9046	0.00382615	12.1563	54.5005	-49.75	0.421462	23.727	  3
DATA	1688151601	291915893	17164	0	""	2023-06-30	15:00:01	23647.191	406.20663	2074.5054	39.1994	55.001	27.7288	46.9048	0.00382684	12.1554	54.5007	-53.5	0.421462	23.727	 11
DATA	1688151602	291915893	17168	0	""	2023-06-30	15:00:02	23649.006	406.65561	2074.4814	39.1986	55.001	27.7284	46.9048	0.00384662	12.1566	54.5007	81.75	0.421462	23.727	 32
DATA	1688151603	291536092	17172	0	""	2023-06-30	15:00:03	23649.889	405.44052	2074.408	39.1998	55.001	27.7264	46.9048	0.00383423	12.1564	54.5007	-54.75	0.421462	23.727	 14
DATA	1688151604	291536092	17176	0	""	2023-06-30	15:00:04	23649.936	406.20331	2074.3718	39.199	55.001	27.726	46.9046	0.00384538	12.156	54.5007	-17.25	0.421462	23.7301	202
DATA	1688151605	291536092	17180	0	""	2023-06-30	15:00:05	23649.74	405.84671	2074.4172	39.199	55.001	27.7256	46.9044	0.00383539	12.156	54.5011	102.75	0.421462	23.7298	219
DATA	1688151606	291536092	17184	0	""	2023-06-30	15:00:06	23651.812	405.11691	2074.4009	39.2002	55.001	27.7284	46.9044	0.0038277	12.1561	54.5007	111.5	0.421462	23.7305	227
DATA	1688151607	291536092	17188	0	""	2023-06-30	15:00:07	23652.215	406.16348	2074.4607	39.2002	55.001	27.7272	46.9046	0.00383238	12.1559	54.5005	-31.25	0.421462	23.7305	 84
DATA	1688151608	291536092	17192	0	""	2023-06-30	15:00:08	23652.568	406.77979	2074.5254	39.1994	55.001	27.7284	46.9048	0.00382276	12.156	54.5005	102	0.421462	23.7298	197
DATA	1688151609	291536092	17196	0	""	2023-06-30	15:00:09	23654.619	406.21814	2074.4519	39.2006	55.001	27.7288	46.9048	0.00382201	12.1565	54.5005	-11.75	0.421462	23.7294	102
DATA	1688151610	291536092	17200	0	""	2023-06-30	15:00:10	23655.828	407.48889	2074.4431	39.2006	55.001	27.7288	46.9048	0.00383573	12.1565	54.5005	56	0.421462	23.7301	158
DATA	1688151611	291169881	17204	0	""	2023-06-30	15:00:11	23657.289	407.01303	2074.3015	39.1998	55.001	27.7293	46.9048	0.00383314	12.1566	54.5005	-81.5	0.421462	23.7298	 52
DATA	1688151612	291169881	17208	0	""	2023-06-30	15:00:12	23655.035	407.31229	2074.3638	39.199	55.001	27.7284	46.9046	0.00384338	12.1558	54.5005	-23.5	0.421462	23.7274	  6
DATA	1688151613	291169881	17212	0	""	2023-06-30	15:00:13	23654.197	407.48114	2074.314	39.199	55.001	27.728	46.9044	0.00383767	12.1565	54.5005	-25.5	0.421462	23.7286	162
DATA	1688151614	291169881	17216	0	""	2023-06-30	15:00:14	23652.791	407.40036	2074.3584	39.2002	55.001	27.7272	46.9044	0.0038483	12.156	54.5005	2.25	0.421462	23.7278	147
DATA	1688151615	291169881	17220	0	""	2023-06-30	15:00:15	23649.279	406.35574	2074.3445	39.2006	55.001	27.7276	46.9044	0.00383314	12.1567	54.5005	186.5	0.421462	23.7274	 63
DATA	1688151616	291169881	17224	0	""	2023-06-30	15:00:16	23650.553	406.83066	2074.322	39.2006	55.001	27.7301	46.9046	0.00381377	12.1565	54.5005	-27.75	0.421462	23.727	244
DATA	1688151617	291169881	17228	0	""	2023-06-30	15:00:17	23651.057	406.63992	2074.4387	39.2006	55.001	27.7293	46.9048	0.00382814	12.1564	54.5005	144.5	0.421462	23.727	 19
DATA	1688151618	290793895	17232	0	""	2023-06-30	15:00:18	23650.355	406.93552	2074.2681	39.2002	55.001	27.7321	46.9048	0.00381376	12.1564	54.5005	27.25	0.421462	23.727	  5
DATA	1688151619	290793895	17236	0	""	2023-06-30	15:00:19	23652.379	406.7236	2074.3376	39.1998	55.001	27.7313	46.9048	0.00381755	12.1564	54.5005	-49.25	0.421462	23.7266	 94
DATA	1688151620	290793895	17240	0	""	2023-06-30	15:00:20	23652.4	406.91794	2074.3469	39.199	55.001	27.7301	46.9048	0.0038363	12.1565	54.5005	0	0.421462	23.7282	168
DATA	1688151621	290793895	17244	0	""	2023-06-30	15:00:21	23652.641	406.95898	2074.1797	39.1998	55.001	27.7293	46.9048	0.00384033	12.1569	54.5005	-52.5	0.421462	23.7301	 83
DATA	1688151622	290793895	17248	0	""	2023-06-30	15:00:22	23654.49	407.21152	2074.3296	39.1994	55.001	27.7284	46.9044	0.00383558	12.1562	54.5005	-25	0.421462	23.7301	167
DATA	1688151623	290793895	17252	0	""	2023-06-30	15:00:23	23656.566	407.38986	2074.1328	39.2002	55.001	27.7268	46.9046	0.00384754	12.156	54.5005	152.5	0.421462	23.7301	 16
DATA	1688151624	290793895	17256	0	""	2023-06-30	15:00:24	23653.934	405.92899	2074.406	39.1994	55.001	27.7288	46.9046	0.00384477	12.1561	54.5005	127.25	0.421462	23.7294	102
DATA	1688151625	290793895	17260	0	""	2023-06-30	15:00:25	23654.764	405.73022	2074.4668	39.2002	55.001	27.7284	46.9048	0.00384071	12.1562	54.5005	-57.5	0.421462	23.7294	 59
DATA	1688151626	290429115	17264	0	""	2023-06-30	15:00:26	23658.07	406.80762	2074.4824	39.201	55.001	27.7264	46.9048	0.0038232	12.1553	54.5005	-11.25	0.421462	23.7301	177
DATA	1688151627	290429115	17268	0	""	2023-06-30	15:00:27	23657.533	406.00681	2074.3975	39.1994	55.001	27.7268	46.9048	0.0038352	12.1555	54.5005	171.75	0.421462	23.7298	 83
DATA	1688151628	290429115	17272	0	""	2023-06-30	15:00:28	23659.824	406.10934	2074.04	39.199	55.001	27.728	46.9048	0.00384003	12.1559	54.5005	-87.75	0.421462	23.7294	169
DATA	1688151629	290429115	17276	0	""	2023-06-30	15:00:29	23658.662	406.77597	2074.3562	39.1982	55.001	27.7247	46.9046	0.00387993	12.1564	54.5005	4.75	0.421462	23.727	  1
DATA	1688151630	290429115	17280	0	""	2023-06-30	15:00:30	23660.641	406.04819	2074.6465	39.199	55.001	27.7214	46.9044	0.00385066	12.156	54.5005	59.5	0.421462	23.7282	152
DATA	1688151631	290429115	17284	0	""	2023-06-30	15:00:31	23657.857	405.48972	2074.2114	39.2015	55.001	27.7247	46.9044	0.00382908	12.1561	54.5005	21.25	0.421462	23.7274	 45
DATA	1688151632	290429115	17288	0	""	2023-06-30	15:00:32	23652.732	405.33432	2074.5657	39.2015	55.001	27.7272	46.9044	0.00380138	12.1561	54.5005	87.25	0.421462	23.727	245
DATA	1688151633	290050983	17292	0	""	2023-06-30	15:00:33	23630.523	404.86777	2074.6504	39.2006	55.001	27.7284	46.9046	0.00380828	12.1562	54.5005	-31.5	0.421462	23.7274	 42
DATA	1688151634	290050983	17296	0	""	2023-06-30	15:00:34	23627.592	404.06378	2074.2808	39.2015	55.001	27.7276	46.9048	0.00379981	12.1562	54.5005	5.5	0.421462	23.7266	228
DATA	1688151635	290050983	17300	0	""	2023-06-30	15:00:35	23635.141	404.76361	2074.3589	39.2002	55.001	27.7276	46.9048	0.00381929	12.156	54.5005	116.75	0.421462	23.727	253
DATA	1688151636	290050983	17304	0	""	2023-06-30	15:00:36	23644.318	404.89056	2074.3296	39.2006	55.001	27.7272	46.9048	0.00382134	12.1566	54.5005	-126	0.421462	23.7278	  0
DATA	1688151637	290050983	17308	0	""	2023-06-30	15:00:37	23646.604	405.81985	2074.4399	39.1998	55.001	27.7243	46.9048	0.00383103	12.1559	54.5005	40.5	0.421462	23.7278	 32
DATA	1688151638	290050983	17312	0	""	2023-06-30	15:00:38	23643.654	405.33362	2074.4612	39.2006	55.001	27.7251	46.9048	0.00383234	12.1562	54.5005	117.75	0.421462	23.7301	 79
DATA	1688151639	290050983	17316	0	""	2023-06-30	15:00:39	23644.34	404.96927	2074.4092	39.2015	55.001	27.7256	46.9044	0.00383435	12.1561	54.5005	-52	0.421462	23.7301	147
DATA	1688151640	290050983	17320	0	""	2023-06-30	15:00:40	23646.301	405.35922	2074.4868	39.201	55.001	27.7239	46.9046	0.00381632	12.1564	54.5005	66.25	0.421462	23.7298	247
DATA	1688151641	289683103	17324	0	""	2023-06-30	15:00:41	23639.652	405.39642	2074.3621	39.201	55.001	27.7235	46.9048	0.00382256	12.1558	54.5005	85.5	0.421462	23.7298	212
DATA	1688151642	289683103	17328	0	""	2023-06-30	15:00:42	23637.422	404.444	2074.3135	39.2006	55.001	27.7243	46.9048	0.00384196	12.1567	54.5005	-3.25	0.421462	23.7301	181
DATA	1688151643	289683103	17332	0	""	2023-06-30	15:00:43	23636.982	404.95227	2074.4714	39.2002	55.001	27.7235	46.9048	0.00383204	12.1564	54.5005	-16.25	0.421462	23.7301	 80
DATA	1688151644	289683103	17336	0	""	2023-06-30	15:00:44	23636.98	404.63452	2074.2566	39.1998	55.001	27.7239	46.9048	0.00384078	12.1563	54.5005	18.25	0.421462	23.7298	 42
DATA	1688151645	289683103	17340	0	""	2023-06-30	15:00:45	23639.951	405.74573	2074.4673	39.1998	55.001	27.7251	46.9048	0.00383364	12.1562	54.5005	98.75	0.421462	23.7298	 99
DATA	1688151646	289683103	17344	0	""	2023-06-30	15:00:46	23641.729	405.00104	2074.4165	39.2006	55.001	27.726	46.9048	0.00384436	12.156	54.5005	18.5	0.421462	23.7278	151
DATA	1688151647	289683103	17348	0	""	2023-06-30	15:00:47	23644.475	406.67206	2074.3535	39.201	55.001	27.7227	46.9044	0.00383802	12.1562	54.5005	-44.75	0.421462	23.7278	 58
DATA	1688151648	289324045	17352	0	""	2023-06-30	15:00:48	23650.465	405.44159	2074.2163	39.2006	55.001	27.7223	46.9044	0.00384846	12.1558	54.5005	-18.75	0.421462	23.7278	109
DATA	1688151649	289324045	17356	0	""	2023-06-30	15:00:49	23652.002	404.98962	2074.2544	39.2006	55.001	27.7223	46.9048	0.00383546	12.156	54.5005	117	0.421462	23.7274	163
DATA	1688151650	289324045	17360	0	""	2023-06-30	15:00:50	23656.162	405.9538	2074.4409	39.201	55.001	27.7247	46.9046	0.00383841	12.1558	54.5005	-79	0.421462	23.727	 55
DATA	1688151651	289324045	17364	0	""	2023-06-30	15:00:51	23659.4	405.82635	2074.4482	39.201	55.001	27.7243	46.9048	0.00384573	12.1563	54.5005	75	0.421462	23.7274	 11
DATA	1688151652	289324045	17368	0	""	2023-06-30	15:00:52	23660.035	405.50323	2074.4729	39.201	55.001	27.7243	46.9048	0.00384082	12.1559	54.5005	-41.25	0.421462	23.7278	 37
DATA	1688151653	289324045	17372	0	""	2023-06-30	15:00:53	23662.41	407.01605	2074.5117	39.1998	55.001	27.7227	46.9048	0.00384354	12.156	54.5005	-50.75	0.421462	23.7282	254
DATA	1688151654	289324045	17376	0	""	2023-06-30	15:00:54	23661.404	406.78305	2074.5334	39.201	55.001	27.7198	46.9048	0.00384996	12.1558	54.5005	20.75	0.421462	23.7274	 20
DATA	1688151655	289324045	17380	0	""	2023-06-30	15:00:55	23662.721	406.61993	2074.5051	39.2023	55.001	27.7206	46.9044	0.00382779	12.156	54.5005	105.75	0.421462	23.7301	 44
DATA	1688151656	288938999	17384	0	""	2023-06-30	15:00:56	23664.062	407.22937	2074.4575	39.2015	55.001	27.7243	46.9044	0.00384351	12.1561	54.5005	100.5	0.421462	23.7301	 63
DATA	1688151657	288938999	17388	0	""	2023-06-30	15:00:57	23663.703	406.97	2074.4924	39.2023	55.001	27.7235	46.9044	0.00384099	12.1561	54.5005	74.5	0.421462	23.7298	158
DATA	1688151658	288938999	17392	0	""	2023-06-30	15:00:58	23664.789	407.83841	2074.4746	39.2015	55.001	27.7235	46.9046	0.00382854	12.1562	54.5005	99.75	0.421462	23.7301	117
DATA	1688151659	288938999	17396	0	""	2023-06-30	15:00:59	23665.723	406.30734	2074.4214	39.2015	55.001	27.7235	46.9048	0.00384097	12.1562	54.5005	-85.5	0.421462	23.7294	 93
DATA	1688151660	288938999	17400	0	""	2023-06-30	15:01:00	23665.566	406.20477	2074.521	39.201	55.001	27.7214	46.9048	0.0038381	12.1568	54.5005	1.5	0.421462	23.7282	 57
DATA	1688151661	288938999	17404	0	""	2023-06-30	15:01:01	23664.561	406.95865	2074.6194	39.2002	55.001	27.7231	46.9048	0.00383803	12.1554	54.5005	46.5	0.421462	23.729	231
DATA	1688151662	288938999	17408	0	""	2023-06-30	15:01:02	23663.59	405.34488	2074.4954	39.2019	55.001	27.7239	46.9048	0.00382752	12.1562	54.5005	-2.5	0.421462	23.7298	247
DATA	1688151663	288568019	17412	0	""	2023-06-30	15:01:03	23662.934	406.41547	2074.2725	39.2019	55.001	27.7235	46.9046	0.00386535	12.1558	54.5005	-52	0.421462	23.727	162
DATA	1688151664	288568019	17416	0	""	2023-06-30	15:01:04	23664.15	407.05307	2074.5322	39.2006	55.001	27.7206	46.9044	0.00386325	12.1562	54.5005	-125.75	0.421462	23.7278	 90
DATA	1688151665	288568019	17420	0	""	2023-06-30	15:01:05	23666.162	405.91373	2074.3369	39.2002	55.001	27.7177	46.9044	0.00386009	12.156	54.5005	78.75	0.421462	23.727	221
DATA	1688151666	288568019	17424	0	""	2023-06-30	15:01:06	23664.18	406.23532	2074.3291	39.2019	55.001	27.7202	46.9044	0.00384513	12.1564	54.5005	-11	0.421462	23.727	 89
DATA	1688151667	288568019	17428	0	""	2023-06-30	15:01:07	23662.801	406.13635	2074.4062	39.2043	55.001	27.7231	46.9046	0.00377464	12.1557	54.5005	164.75	0.421462	23.7266	114
DATA	1688151668	288568019	17432	0	""	2023-06-30	15:01:08	23662.301	405.95374	2074.3113	39.2035	55.001	27.7272	46.9048	0.00379392	12.1561	54.5005	-13.5	0.421462	23.7274	 50
DATA	1688151669	288568019	17436	0	""	2023-06-30	15:01:09	23659.889	405.68997	2074.4399	39.2023	55.001	27.7243	46.9048	0.00382219	12.1561	54.5005	-25.75	0.421462	23.727	104
DATA	1688151670	288568019	17440	0	""	2023-06-30	15:01:10	23657.986	405.7793	2074.2798	39.2019	55.001	27.7235	46.9048	0.00383912	12.1563	54.5005	-60.5	0.421462	23.727	228
DATA	1688151671	288196086	17444	0	""	2023-06-30	15:01:11	23659.533	406.05981	2074.6294	39.2027	55.001	27.721	46.9048	0.0038345	12.1563	54.5005	42.5	0.421462	23.727	114
DATA	1688151672	288196086	17448	0	""	2023-06-30	15:01:12	23661.666	405.20786	2074.5618	39.2015	55.001	27.7231	46.9044	0.00383291	12.1561	54.5005	17	0.421462	23.7298	172
DATA	1688151673	288196086	17452	0	""	2023-06-30	15:01:13	23661.783	406.23761	2074.4644	39.2015	55.001	27.7214	46.9044	0.00383457	12.1565	54.5005	-29	0.421462	23.729	165
DATA	1688151674	288196086	17456	0	""	2023-06-30	15:01:14	23663.168	404.69769	2074.2864	39.201	55.001	27.7202	46.9044	0.00384542	12.1562	54.5005	-56	0.421462	23.7298	181
DATA	1688151675	288196086	17460	0	""	2023-06-30	15:01:15	23660.979	405.71619	2074.0002	39.2031	55.001	27.7186	46.9046	0.00384216	12.1565	54.5005	102	0.421462	23.7298	215
DATA	1688151676	288196086	17464	0	""	2023-06-30	15:01:16	23663.508	406.47989	2074.4194	39.2015	55.001	27.7198	46.9048	0.00385675	12.1561	54.5005	-49	0.421462	23.7294	  2
DATA	1688151677	288196086	17468	0	""	2023-06-30	15:01:17	23663.877	406.24313	2074.2542	39.2019	55.001	27.719	46.9048	0.00384586	12.1565	54.5005	63.75	0.421462	23.729	249
DATA	1688151678	287837982	17472	0	""	2023-06-30	15:01:18	23662.682	406.17752	2074.1938	39.2023	55.001	27.7202	46.9048	0.00383341	12.1558	54.5005	-9.5	0.421462	23.7301	 16
DATA	1688151679	287837982	17476	0	""	2023-06-30	15:01:19	23666.4	406.44864	2074.342	39.2019	55.001	27.7202	46.9048	0.00384169	12.1563	54.5005	128	0.421462	23.7298	 97
DATA	1688151680	287837982	17480	0	""	2023-06-30	15:01:20	23665.721	406.54312	2074.5481	39.2019	55.001	27.7214	46.9046	0.00383142	12.1562	54.5005	-55.25	0.421462	23.7274	 96
DATA	1688151681	287837982	17484	0	""	2023-06-30	15:01:21	23667.709	407.8042	2074.3618	39.201	55.001	27.7235	46.9044	0.00384113	12.1559	54.5005	149.75	0.421462	23.7278	 27
DATA	1688151682	287837982	17488	0	""	2023-06-30	15:01:22	23663.617	405.83249	2074.2913	39.2015	55.001	27.7235	46.9044	0.00384754	12.1562	54.5005	-109	0.421462	23.7278	 27
DATA	1688151683	287837982	17492	0	""	2023-06-30	15:01:23	23660.605	406.79483	2074.4878	39.2027	55.001	27.7214	46.9046	0.00381477	12.1563	54.5005	-31.25	0.421462	23.727	 77
DATA	1688151684	287837982	17496	0	""	2023-06-30	15:01:24	23661.697	408.16589	2074.375	39.2023	55.001	27.7223	46.9048	0.00382858	12.1562	54.5005	32.75	0.421462	23.727	253
DATA	1688151685	287837982	17500	0	""	2023-06-30	15:01:25	23665.332	407.88281	2074.3191	39.2015	55.001	27.7219	46.9048	0.00384171	12.1561	54.5005	-56.75	0.421462	23.7274	117
DATA	1688151686	287451982	17504	0	""	2023-06-30	15:01:26	23665.83	407.7334	2074.4736	39.2002	55.001	27.7198	46.9048	0.00385488	12.156	54.5005	-12	0.421462	23.7274	 77
DATA	1688151687	287451982	17508	0	""	2023-06-30	15:01:27	23666.264	406.96082	2074.3987	39.2015	55.001	27.721	46.9048	0.0038373	12.1559	54.5005	-18.25	0.421462	23.727	235
DATA	1688151688	287451982	17512	0	""	2023-06-30	15:01:28	23669.467	407.75262	2074.4741	39.2015	55.001	27.7173	46.9048	0.00386003	12.1556	54.5005	-61.75	0.421462	23.7278	127
DATA	1688151689	287451982	17516	0	""	2023-06-30	15:01:29	23672.043	408.09064	2074.2725	39.2015	55.001	27.7173	46.9046	0.00384163	12.1556	54.5005	20.5	0.421462	23.7294	 11
DATA	1688151690	287451982	17520	0	""	2023-06-30	15:01:30	23671.01	407.04605	2074.3279	39.2027	55.001	27.7182	46.9044	0.00383841	12.1563	54.5005	91.5	0.421462	23.7282	197
DATA	1688151691	287451982	17524	0	""	2023-06-30	15:01:31	23669.92	407.26242	2074.269	39.2027	55.001	27.7194	46.9046	0.00382539	12.1555	54.5005	-27.25	0.421462	23.7298	 23
DATA	1688151692	287451982	17528	0	""	2023-06-30	15:01:32	23669.752	407.50562	2074.4412	39.2019	55.001	27.7198	46.9048	0.00383264	12.1555	54.5005	-38.25	0.421462	23.7294	125
DATA	1688151693	287079095	17532	0	""	2023-06-30	15:01:33	23670.846	408.49026	2074.479	39.2019	55.001	27.7182	46.9048	0.00384253	12.1559	54.5005	-21	0.421462	23.729	127
DATA	1688151694	287079095	17536	0	""	2023-06-30	15:01:34	23670.594	407.26462	2074.2727	39.2019	55.001	27.7169	46.9048	0.00383926	12.1563	54.5005	32.75	0.421462	23.7294	 90
DATA	1688151695	287079095	17540	0	""	2023-06-30	15:01:35	23671.33	407.62259	2074.2793	39.2019	55.001	27.7182	46.9048	0.00383108	12.1558	54.5005	111	0.421462	23.729	122
DATA	1688151696	287079095	17544	0	""	2023-06-30	15:01:36	23672.164	406.82166	2074.3997	39.2035	55.001	27.7198	46.9048	0.00381711	12.1564	54.5005	30.75	0.421462	23.729	 37
DATA	1688151697	287079095	17548	0	""	2023-06-30	15:01:37	23672.199	406.57852	2074.3982	39.2027	55.001	27.7198	46.9046	0.00383025	12.1564	54.5005	124.75	0.421462	23.7278	154
DATA	1688151698	287079095	17552	0	""	2023-06-30	15:01:38	23671.789	407.64847	2074.395	39.2031	55.001	27.7214	46.9044	0.00382392	12.1565	54.5005	-95.25	0.421462	23.727	 37
DATA	1688151699	287079095	17556	0	""	2023-06-30	15:01:39	23670.516	406.4548	2074.2991	39.2035	55.001	27.7214	46.9046	0.00383072	12.1568	54.5005	192	0.421462	23.727	138
DATA	1688151700	287079095	17560	0	""	2023-06-30	15:01:40	23663.189	406.90155	2074.4578	39.2023	55.001	27.7235	46.9046	0.00381834	12.1559	54.5005	72	0.421462	23.727	119
DATA	1688151701	286711931	17564	0	""	2023-06-30	15:01:41	23665.457	406.25958	2074.5466	39.2023	55.001	27.7219	46.9048	0.00383995	12.156	54.5005	-84.25	0.421462	23.7266	 74
DATA	1688151702	286711931	17568	0	""	2023-06-30	15:01:42	23664.361	407.35782	2074.2217	39.2019	55.001	27.7206	46.9048	0.00383997	12.1563	54.5005	192.25	0.421462	23.7262	114
DATA	1688151703	286711931	17572	0	""	2023-06-30	15:01:43	23666.318	407.40924	2074.1899	39.2023	55.001	27.721	46.9048	0.00383907	12.1563	54.5005	-96.25	0.421462	23.727	  8
DATA	1688151704	286711931	17576	0	""	2023-06-30	15:01:44	23665.852	406.92609	2074.4812	39.2027	55.001	27.7186	46.9048	0.00383741	12.156	54.5005	-47.75	0.421462	23.727	 20
DATA	1688151705	286711931	17580	0	""	2023-06-30	15:01:45	23665.361	406.84695	2074.2444	39.2023	55.001	27.7161	46.9048	0.00385036	12.1559	54.5005	197.5	0.421462	23.727	 15
DATA	1688151706	286711931	17584	0	""	2023-06-30	15:01:46	23664.068	407.74786	2074.4524	39.2027	55.001	27.7186	46.9046	0.00384858	12.1565	54.5005	-88.75	0.421462	23.729	 96
DATA	1688151707	286711931	17588	0	""	2023-06-30	15:01:47	23666.889	406.73724	2074.2678	39.2031	55.001	27.7165	46.9044	0.00384405	12.156	54.5005	65.25	0.421462	23.7298	 39
DATA	1688151708	286334991	17592	0	""	2023-06-30	15:01:48	23666.93	408.36902	2074.2722	39.2031	55.001	27.7202	46.9046	0.00385115	12.1561	54.5005	75.5	0.421462	23.729	164
DATA	1688151709	286334991	17596	0	""	2023-06-30	15:01:49	23667.551	408.4006	2074.3784	39.2027	55.001	27.7182	46.9046	0.00383836	12.1561	54.5005	138	0.421462	23.729	138
DATA	1688151710	286334991	17600	0	""	2023-06-30	15:01:50	23667.875	408.30936	2074.417	39.2027	55.001	27.7186	46.9048	0.00386375	12.1557	54.5005	-71.25	0.421462	23.729	 16
DATA	1688151711	286334991	17604	0	""	2023-06-30	15:01:51	23669.992	408.18143	2074.3423	39.2027	55.001	27.7169	46.9048	0.00384149	12.1558	54.5005	43	0.421462	23.729	128
DATA	1688151712	286334991	17608	0	""	2023-06-30	15:01:52	23671.734	410.0058	2074.4409	39.2035	55.001	27.719	46.9048	0.00382891	12.156	54.5005	29.75	0.421462	23.7286	170
DATA	1688151713	286334991	17612	0	""	2023-06-30	15:01:53	23672.479	408.42957	2074.1768	39.2015	55.001	27.7194	46.9048	0.00384471	12.1572	54.5005	84.75	0.421462	23.7286	 90
DATA	1688151714	286334991	17616	0	""	2023-06-30	15:01:54	23670.574	408.31796	2074.405	39.2019	55.001	27.7186	46.9044	0.00382904	12.1557	54.5005	-57.5	0.421462	23.7274	 18
DATA	1688151715	286334991	17620	0	""	2023-06-30	15:01:55	23671.719	409.33939	2074.5083	39.2031	55.001	27.7182	46.9044	0.0038376	12.156	54.5005	42.75	0.421462	23.7266	224
DATA	1688151716	285969018	17624	0	""	2023-06-30	15:01:56	23673.152	408.2966	2074.2607	39.2035	55.001	27.7186	46.9044	0.00383207	12.1559	54.5005	-21	0.421462	23.7274	167
DATA	1688151717	285969018	17628	0	""	2023-06-30	15:01:57	23671.115	408.57162	2074.49	39.2031	55.001	27.7186	46.9044	0.00383352	12.1559	54.5005	1.25	0.421462	23.727	117
DATA	1688151718	285969018	17632	0	""	2023-06-30	15:01:58	23673.607	409.6908	2074.4539	39.2035	55.001	27.7194	46.9046	0.00383557	12.1558	54.5005	-57.5	0.421462	23.7266	 43
DATA	1688151719	285969018	17636	0	""	2023-06-30	15:01:59	23670.656	408.5762	2074.4414	39.2031	55.001	27.7182	46.9048	0.00383422	12.1568	54.5005	115.5	0.421462	23.7266	 23
DATA	1688151720	285969018	17640	0	""	2023-06-30	15:02:00	23671.775	408.38831	2074.6038	39.2027	55.001	27.7186	46.9048	0.00385155	12.1559	54.5005	-42.25	0.421462	23.7258	116
DATA	1688151721	285969018	17644	0	""	2023-06-30	15:02:01	23672.426	408.98975	2074.6099	39.2043	55.001	27.7194	46.9048	0.00382585	12.1556	54.5005	67.75	0.421462	23.727	 49
DATA	1688151722	285969018	17648	0	""	2023-06-30	15:02:02	23670.436	409.25278	2074.3596	39.2043	55.001	27.7194	46.9048	0.0038289	12.1565	54.5005	23	0.421462	23.7278	141
DATA	1688151723	285593032	17652	0	""	2023-06-30	15:02:03	23672.484	408.36053	2074.4182	39.2035	55.001	27.7214	46.9044	0.00383494	12.1556	54.5005	-117	0.421462	23.7298	254
DATA	1688151724	285593032	17656	0	""	2023-06-30	15:02:04	23672.613	409.59424	2074.4536	39.2027	55.001	27.7173	46.9044	0.00386479	12.1561	54.5005	-39.5	0.421462	23.7294	 66
DATA	1688151725	285593032	17660	0	""	2023-06-30	15:02:05	23671.391	408.21304	2074.3489	39.2039	55.001	27.7173	46.9046	0.00383709	12.1559	54.5005	-29.5	0.421462	23.7294	 60
DATA	1688151726	285593032	17664	0	""	2023-06-30	15:02:06	23670.467	409.43942	2074.531	39.2027	55.001	27.7186	46.9048	0.00383252	12.1561	54.5005	158.5	0.421462	23.7298	 18
DATA	1688151727	285593032	17668	0	""	2023-06-30	15:02:07	23671.572	408.77982	2074.4192	39.2043	55.001	27.7202	46.9048	0.00382153	12.1555	54.5005	30.5	0.421462	23.7294	 13
DATA	1688151728	285593032	17672	0	""	2023-06-30	15:02:08	23669.221	409.19351	2074.3462	39.2035	55.001	27.7202	46.9048	0.00384177	12.1559	54.5005	-86	0.421462	23.729	168
DATA	1688151729	285593032	17676	0	""	2023-06-30	15:02:09	23668.859	409.73001	2074.3191	39.2043	55.001	27.7198	46.9048	0.00382948	12.1558	54.5005	-40.75	0.421462	23.729	 85
DATA	1688151730	285593032	17680	0	""	2023-06-30	15:02:10	23671.252	408.74088	2074.2925	39.2043	55.001	27.7182	46.9048	0.00382302	12.1562	54.5005	137	0.421462	23.7294	200
DATA	1688151731	285227060	17684	0	""	2023-06-30	15:02:11	23670.145	409.37915	2074.2983	39.2035	55.001	27.7198	46.9044	0.00382484	12.1562	54.5005	-37	0.421462	23.7278	217
DATA	1688151732	285227060	17688	0	""	2023-06-30	15:02:12	23669.436	408.66623	2074.3472	39.2035	55.001	27.7145	46.9044	0.00384178	12.1557	54.5005	98.75	0.421462	23.7278	 83
DATA	1688151733	285227060	17692	0	""	2023-06-30	15:02:13	23670.562	408.34543	2074.479	39.2039	55.001	27.7177	46.9044	0.00382142	12.1561	54.5005	94.75	0.421462	23.7266	 10
DATA	1688151734	285227060	17696	0	""	2023-06-30	15:02:14	23667.199	408.98181	2074.4236	39.2031	55.001	27.7194	46.9046	0.0038294	12.1565	54.5005	-36	0.421462	23.727	124
DATA	1688151735	285227060	17700	0	""	2023-06-30	15:02:15	23668.428	407.1452	2074.5005	39.2035	55.001	27.7206	46.9048	0.0038244	12.1558	54.5005	106.25	0.421462	23.7262	235
DATA	1688151736	285227060	17704	0	""	2023-06-30	15:02:16	23667.906	408.14221	2074.1426	39.2035	55.001	27.7202	46.9048	0.00382964	12.1562	54.5005	2.25	0.421462	23.7266	244
DATA	1688151737	285227060	17708	0	""	2023-06-30	15:02:17	23666.457	407.14777	2074.3684	39.2035	55.001	27.7198	46.9048	0.00382411	12.1555	54.5005	-60.25	0.421462	23.727	 64
DATA	1688151738	284849882	17712	0	""	2023-06-30	15:02:18	23666.465	408.27505	2074.5437	39.2039	55.001	27.7173	46.9048	0.00383124	12.1559	54.5005	-29.5	0.421462	23.727	 31
DATA	1688151739	284849882	17716	0	""	2023-06-30	15:02:19	23664.344	409.36569	2074.4082	39.2043	55.001	27.719	46.9048	0.00382099	12.1564	54.5005	-22.5	0.421462	23.7294	 36
DATA	1688151740	284849882	17720	0	""	2023-06-30	15:02:20	23663.754	408.26523	2074.3435	39.2039	55.001	27.7169	46.9046	0.00384897	12.1563	54.5005	-48.25	0.421462	23.729	 78
DATA	1688151741	284849882	17724	0	""	2023-06-30	15:02:21	23665.395	407.61227	2074.407	39.2052	55.001	27.7153	46.9044	0.00381859	12.1564	54.5005	196.5	0.421462	23.729	229
DATA	1688151742	284849882	17728	0	""	2023-06-30	15:02:22	23663.168	408.57642	2074.3293	39.2052	55.001	27.7169	46.9048	0.00380166	12.1557	54.5005	-5.75	0.421462	23.7286	 85
DATA	1688151743	284849882	17732	0	""	2023-06-30	15:02:23	23666.236	408.90366	2074.4238	39.2035	55.001	27.7153	46.9048	0.00384927	12.1553	54.5005	-90.5	0.421462	23.7286	 77
DATA	1688151744	284849882	17736	0	""	2023-06-30	15:02:24	23665.094	409.06381	2074.2595	39.2043	55.001	27.7161	46.9048	0.00382046	12.1558	54.5005	96.25	0.421462	23.7282	 83
DATA	1688151745	284849882	17740	0	""	2023-06-30	15:02:25	23667.336	406.91547	2074.5239	39.2035	55.001	27.7177	46.9048	0.00383856	12.1564	54.5005	-24.75	0.421462	23.729	 91
DATA	1688151746	284482002	17744	0	""	2023-06-30	15:02:26	23666.67	408.63943	2074.4314	39.2052	55.001	27.7186	46.9048	0.00381746	12.1566	54.5005	-58.5	0.421462	23.729	225
DATA	1688151747	284482002	17748	0	""	2023-06-30	15:02:27	23666.514	408.86465	2074.2534	39.2035	55.001	27.7169	46.9048	0.00384298	12.156	54.5005	-79.5	0.421462	23.729	238
DATA	1688151748	284482002	17752	0	""	2023-06-30	15:02:28	23667.52	408.45078	2074.3953	39.2039	55.001	27.7157	46.9044	0.00383578	12.1559	54.5005	3.75	0.421462	23.7278	242
DATA	1688151749	284482002	17756	0	""	2023-06-30	15:02:29	23667.906	407.50769	2074.488	39.2047	55.001	27.7165	46.9044	0.00382244	12.1557	54.5005	115.5	0.421462	23.7274	 28
DATA	1688151750	284482002	17760	0	""	2023-06-30	15:02:30	23670.604	408.18262	2074.5979	39.206	55.001	27.7153	46.9044	0.00381319	12.156	54.5005	157.25	0.421462	23.7258	253
DATA	1688151751	284482002	17764	0	""	2023-06-30	15:02:31	23669.738	407.69226	2074.3042	39.2023	55.001	27.7165	46.9046	0.00385196	12.1564	54.5005	-90.75	0.421462	23.7262	107
DATA	1688151752	284482002	17768	0	""	2023-06-30	15:02:32	23668.582	408.8396	2074.4373	39.2031	55.001	27.7161	46.9048	0.00384279	12.156	54.5005	137.75	0.421462	23.7262	 22
DATA	1688151753	284106016	17772	0	""	2023-06-30	15:02:33	23668.189	408.43839	2074.3064	39.2035	55.001	27.7157	46.9048	0.00384794	12.1567	54.5005	-83.5	0.421462	23.7262	 73
DATA	1688151754	284106016	17776	0	""	2023-06-30	15:02:34	23668.586	408.33618	2074.4863	39.2047	55.001	27.7136	46.9048	0.00382541	12.1561	54.5005	71.25	0.421462	23.7266	 70
DATA	1688151755	284106016	17780	0	""	2023-06-30	15:02:35	23667.779	408.84265	2074.4807	39.2056	55.001	27.7169	46.9048	0.0037946	12.1556	54.5005	188.75	0.421462	23.7266	102
DATA	1688151756	284106016	17784	0	""	2023-06-30	15:02:36	23667.363	408.47964	2074.2722	39.2052	55.001	27.7194	46.9048	0.00382491	12.156	54.5005	-119.75	0.421462	23.7294	123
DATA	1688151757	284106016	17788	0	""	2023-06-30	15:02:37	23665.127	407.32764	2073.9094	39.2047	55.001	27.7173	46.9044	0.00383306	12.1568	54.5005	-89.25	0.421462	23.7294	126
DATA	1688151758	284106016	17792	0	""	2023-06-30	15:02:38	23668.996	408.76447	2074.3855	39.2052	55.001	27.7157	46.9044	0.00383085	12.1562	54.5005	28	0.421462	23.729	146
DATA	1688151759	284106016	17796	0	""	2023-06-30	15:02:39	23667.996	407.99838	2074.4797	39.2039	55.001	27.714	46.9046	0.00382579	12.1558	54.5005	23.75	0.421462	23.729	 21
DATA	1688151760	284106016	17800	0	""	2023-06-30	15:02:40	23667.975	409.66714	2074.4338	39.2052	55.001	27.7149	46.9048	0.00382426	12.1557	54.5005	40.75	0.421462	23.7286	 64
DATA	1688151761	283740043	17804	0	""	2023-06-30	15:02:41	23667.201	408.22824	2074.2827	39.2039	55.001	27.7157	46.9048	0.00383371	12.1561	54.5005	-76.25	0.421462	23.7282	 93
DATA	1688151762	283740043	17808	0	""	2023-06-30	15:02:42	23666.674	407.11511	2074.5261	39.2039	55.001	27.7132	46.9048	0.00383182	12.1559	54.5005	-1.25	0.421462	23.7286	 41
DATA	1688151763	283740043	17812	0	""	2023-06-30	15:02:43	23663.869	408.01633	2074.2769	39.2052	55.001	27.712	46.9048	0.0038392	12.1558	54.5005	45.25	0.421462	23.7286	218
DATA	1688151764	283740043	17816	0	""	2023-06-30	15:02:44	23665.635	408.50436	2074.3589	39.2039	55.001	27.712	46.9048	0.00384191	12.1563	54.5005	9.5	0.421462	23.7286	175
DATA	1688151765	283740043	17820	0	""	2023-06-30	15:02:45	23666.008	408.38562	2074.3843	39.2047	55.001	27.7116	46.9044	0.00382613	12.1558	54.5005	86.5	0.421462	23.7274	  9
DATA	1688151766	283740043	17824	0	""	2023-06-30	15:02:46	23665.852	408.26047	2074.4531	39.2035	55.001	27.7145	46.9044	0.00385541	12.1557	54.5005	-122.25	0.421462	23.727	 94
DATA	1688151767	283740043	17828	0	""	2023-06-30	15:02:47	23662.811	408.31186	2074.3923	39.2043	55.001	27.7099	46.9044	0.00383775	12.1565	54.5005	40	0.421462	23.7262	171
DATA	1688151768	283369064	17832	0	""	2023-06-30	15:02:48	23661.863	407.16479	2074.5427	39.2052	55.001	27.7136	46.9044	0.00383395	12.1564	54.5005	39.5	0.421462	23.7262	 32
DATA	1688151769	283369064	17836	0	""	2023-06-30	15:02:49	23658.965	408.43066	2074.5637	39.206	55.001	27.7124	46.9048	0.00382662	12.1559	54.5005	54.25	0.421462	23.7262	 42
DATA	1688151770	283369064	17840	0	""	2023-06-30	15:02:50	23659.467	408.31235	2074.2227	39.2035	55.001	27.7128	46.9048	0.00385223	12.1566	54.5005	47.75	0.421462	23.7262	 61
DATA	1688151771	283369064	17844	0	""	2023-06-30	15:02:51	23661.027	407.78885	2074.4817	39.2043	55.001	27.7112	46.9048	0.00384064	12.1557	54.5005	32.25	0.421462	23.7258	 68
DATA	1688151772	283369064	17848	0	""	2023-06-30	15:02:52	23658.062	408.49136	2074.1958	39.2039	55.001	27.712	46.9048	0.00382254	12.1563	54.5005	71	0.421462	23.7266	131
DATA	1688151773	283369064	17852	0	""	2023-06-30	15:02:53	23661.975	407.78052	2074.2395	39.2023	55.001	27.7128	46.9046	0.00383995	12.1563	54.5005	123.5	0.421462	23.729	 27
DATA	1688151774	283369064	17856	0	""	2023-06-30	15:02:54	23660.639	408.04379	2074.3806	39.2052	55.001	27.7145	46.9044	0.00382835	12.1563	54.5005	-12.5	0.421462	23.729	 14
DATA	1688151775	283369064	17860	0	""	2023-06-30	15:02:55	23662.961	409.35266	2074.2297	39.2031	55.001	27.714	46.9044	0.0038338	12.1557	54.5005	-19.25	0.421462	23.7294	 18
DATA	1688151776	282998085	17864	0	""	2023-06-30	15:02:56	23663.137	409.23047	2074.4785	39.2047	55.001	27.7132	46.9046	0.00384557	12.1562	54.5005	206.5	0.421462	23.7286	 89
DATA	1688151777	282998085	17868	0	""	2023-06-30	15:02:57	23664.344	408.03116	2074.3672	39.2047	55.001	27.714	46.9048	0.00382873	12.1563	54.5005	-53.25	0.421462	23.7286	 84
DATA	1688151778	282998085	17872	0	""	2023-06-30	15:02:58	23660.287	408.78439	2074.3765	39.2047	55.001	27.7145	46.9048	0.00383711	12.1559	54.5005	-51.5	0.421462	23.7286	104
DATA	1688151779	282998085	17876	0	""	2023-06-30	15:02:59	23660.887	408.46106	2074.2764	39.2052	55.001	27.7149	46.9048	0.0038289	12.1567	54.5005	-26.5	0.421462	23.7286	 60
DATA	1688151780	282998085	17880	0	""	2023-06-30	15:03:00	23659.148	407.40225	2074.4373	39.2052	55.001	27.712	46.9048	0.00384353	12.1564	54.5005	-3	0.421462	23.7282	107
DATA	1688151781	282998085	17884	0	""	2023-06-30	15:03:01	23656.752	408.22888	2074.4048	39.2047	55.001	27.7103	46.9046	0.00383492	12.1559	54.5005	11	0.421462	23.7254	185
DATA	1688151782	282998085	17888	0	""	2023-06-30	15:03:02	23658.26	408.62399	2074.5464	39.2039	55.001	27.7108	46.9044	0.00384722	12.1558	54.5005	-7.75	0.421462	23.7266	 46
DATA	1688151783	282633066	17892	0	""	2023-06-30	15:03:03	23657.902	407.71326	2074.3206	39.2043	55.001	27.7112	46.9044	0.00382853	12.1568	54.5007	6.25	0.421462	23.7262	  0
DATA	1688151784	282633066	17896	0	""	2023-06-30	15:03:04	23656.42	407.30103	2074.1958	39.2052	55.001	27.7136	46.9044	0.00383529	12.1561	54.5005	178.5	0.421462	23.7262	  6
DATA	1688151785	282633066	17900	0	""	2023-06-30	15:03:05	23654.062	408.11349	2074.043	39.2064	55.001	27.7149	46.9048	0.00380909	12.1561	54.5005	65	0.421462	23.7262	104
DATA	1688151786	282633066	17904	0	""	2023-06-30	15:03:06	23653.443	409.13885	2074.3457	39.2043	55.001	27.7128	46.9048	0.0038527	12.1564	54.5013	-65.25	0.421462	23.7262	 62
DATA	1688151787	282633066	17908	0	""	2023-06-30	15:03:07	23656.584	407.67661	2074.2278	39.206	55.001	27.7108	46.9048	0.00382733	12.1563	54.5013	65.75	0.421462	23.7274	 36
DATA	1688151788	282633066	17912	0	""	2023-06-30	15:03:08	23657.254	408.68045	2074.4402	39.2052	55.001	27.7128	46.9048	0.00383451	12.156	54.5013	-74.75	0.421462	23.7278	 64
DATA	1688151789	282633066	17916	0	""	2023-06-30	15:03:09	23659.316	407.29114	2074.2058	39.2064	55.001	27.712	46.9048	0.0038192	12.1565	54.5009	-13.25	0.421462	23.7282	  8
DATA	1688151790	282633066	17920	0	""	2023-06-30	15:03:10	23658.002	407.99631	2074.239	39.2064	55.001	27.7124	46.9046	0.00381631	12.1564	54.5005	76.25	0.421462	23.7294	255
DATA	1688151791	282254934	17924	0	""	2023-06-30	15:03:11	23659.088	408.92136	2074.4443	39.2047	55.001	27.7128	46.9044	0.00384449	12.1559	54.5005	-47.5	0.421462	23.729	 24
DATA	1688151792	282254934	17928	0	""	2023-06-30	15:03:12	23659.473	407.10657	2074.4006	39.206	55.001	27.7136	46.9044	0.00382786	12.1565	54.5005	132.75	0.421462	23.7286	 71
DATA	1688151793	282254934	17932	0	""	2023-06-30	15:03:13	23659.326	407.78192	2074.4612	39.2052	55.001	27.714	46.9044	0.00382223	12.1559	54.5005	-114.75	0.421462	23.7286	106
DATA	1688151794	282254934	17936	0	""	2023-06-30	15:03:14	23657.816	407.79657	2074.2717	39.2056	55.001	27.712	46.9046	0.00382551	12.1569	54.5005	-8	0.421462	23.7286	142
DATA	1688151795	282254934	17940	0	""	2023-06-30	15:03:15	23659.838	407.2901	2074.4275	39.2035	55.001	27.7095	46.9048	0.00385751	12.1562	54.5005	-41	0.421462	23.729	124
DATA	1688151796	282254934	17944	0	""	2023-06-30	15:03:16	23660.705	407.5423	2074.3364	39.2068	55.001	27.7095	46.9048	0.00381494	12.1565	54.5005	60.75	0.421462	23.7286	 31
DATA	1688151797	282254934	17948	0	""	2023-06-30	15:03:17	23659.768	408.56113	2074.3206	39.2043	55.001	27.7103	46.9048	0.00383374	12.1554	54.5005	-29.25	0.421462	23.729	 72
DATA	1688151798	281888961	17952	0	""	2023-06-30	15:03:18	23658.707	408.06851	2074.4795	39.206	55.001	27.7087	46.9046	0.0038283	12.156	54.5005	118.75	0.421462	23.7278	  9
DATA	1688151799	281888961	17956	0	""	2023-06-30	15:03:19	23658.113	407.97336	2074.3176	39.2043	55.001	27.7112	46.9044	0.00382874	12.1563	54.5005	118	0.421462	23.727	194
DATA	1688151800	281888961	17960	0	""	2023-06-30	15:03:20	23655.957	408.0564	2074.2422	39.2056	55.001	27.712	46.9044	0.00382812	12.1563	54.5005	-28.5	0.421462	23.727	153
DATA	1688151801	281888961	17964	0	""	2023-06-30	15:03:21	23657.881	407.31711	2074.3396	39.2068	55.001	27.7132	46.9044	0.00380851	12.156	54.5005	11.25	0.421462	23.7266	 11
DATA	1688151802	281888961	17968	0	""	2023-06-30	15:03:22	23657.826	407.68747	2074.5039	39.2052	55.001	27.7145	46.9044	0.00384808	12.156	54.5005	54.5	0.421462	23.7262	243
DATA	1688151803	281888961	17972	0	""	2023-06-30	15:03:23	23656.828	407.96262	2074.4143	39.2072	55.001	27.7124	46.9046	0.003814	12.156	54.5005	-18.5	0.421462	23.7258	169
DATA	1688151804	281888961	17976	0	""	2023-06-30	15:03:24	23656.633	408.81955	2074.1797	39.2052	55.001	27.7124	46.9046	0.00383331	12.1561	54.5005	-48.5	0.421462	23.7266	 79
DATA	1688151805	281888961	17980	0	""	2023-06-30	15:03:25	23656.873	408.08932	2074.5713	39.2056	55.001	27.712	46.9048	0.00382242	12.1561	54.5005	28.25	0.421462	23.7266	 25
DATA	1688151806	281511068	17984	0	""	2023-06-30	15:03:26	23657.918	408.50601	2074.2485	39.2056	55.001	27.7095	46.9048	0.0038467	12.1556	54.5005	-61.25	0.421462	23.7266	 70
DATA	1688151807	281511068	17988	0	""	2023-06-30	15:03:27	23657.607	407.95032	2074.3289	39.206	55.001	27.7083	46.9046	0.00382605	12.1562	54.5005	90.25	0.421462	23.7294	 21
DATA	1688151808	281511068	17992	0	""	2023-06-30	15:03:28	23656.33	408.18179	2074.3499	39.2052	55.001	27.7112	46.9044	0.00383852	12.1562	54.5005	50	0.421462	23.729	 69
DATA	1688151809	281511068	17996	0	""	2023-06-30	15:03:29	23651.072	406.73712	2074.1001	39.2047	55.001	27.7116	46.9044	0.00383733	12.1562	54.5005	-56.25	0.421462	23.7286	 93
DATA	1688151810	281511068	18000	0	""	2023-06-30	15:03:30	23647.826	406.86908	2074.2195	39.2072	55.001	27.7128	46.9046	0.00378486	12.1561	54.5005	80	0.421462	23.729	109
DATA	1688151811	281511068	18004	0	""	2023-06-30	15:03:31	23650.809	407.19815	2074.502	39.206	55.001	27.7132	46.9048	0.00381541	12.1557	54.5005	-121.5	0.421462	23.7278	225
DATA	1688151812	281511068	18008	0	""	2023-06-30	15:03:32	23652.27	408.09366	2074.4656	39.206	55.001	27.7083	46.9048	0.00384993	12.1562	54.5005	1.5	0.421462	23.7282	106
DATA	1688151813	281135082	18012	0	""	2023-06-30	15:03:33	23652.885	407.98978	2074.4526	39.206	55.001	27.7112	46.9048	0.00381262	12.1562	54.5005	88.5	0.421462	23.7278	220
DATA	1688151814	281135082	18016	0	""	2023-06-30	15:03:34	23651.721	408.57822	2074.4409	39.206	55.001	27.7112	46.9048	0.00384949	12.1559	54.5005	-99.5	0.421462	23.7286	  9
DATA	1688151815	281135082	18020	0	""	2023-06-30	15:03:35	23651.799	407.10464	2074.1992	39.206	55.001	27.7075	46.9048	0.00382536	12.1561	54.5005	238.75	0.421462	23.7274	 56
DATA	1688151816	281135082	18024	0	""	2023-06-30	15:03:36	23651.33	407.17178	2074.23	39.206	55.001	27.7116	46.9044	0.00381745	12.1569	54.5005	23	0.421462	23.7266	196
DATA	1688151817	281135082	18028	0	""	2023-06-30	15:03:37	23650.637	408.32605	2074.6687	39.2068	55.001	27.712	46.9044	0.00380531	12.156	54.5005	30	0.421462	23.7266	 50
DATA	1688151818	281135082	18032	0	""	2023-06-30	15:03:38	23652.346	408.59857	2074.3374	39.2039	55.001	27.7103	46.9048	0.00386209	12.1561	54.5005	-111	0.421462	23.7262	251
DATA	1688151819	281135082	18036	0	""	2023-06-30	15:03:39	23654.467	407.97171	2074.5593	39.2068	55.001	27.7079	46.9046	0.0038338	12.1561	54.5005	200	0.421462	23.7262	173
DATA	1688151820	281135082	18040	0	""	2023-06-30	15:03:40	23654.576	408.02472	2074.4934	39.206	55.001	27.7112	46.9048	0.00382638	12.1562	54.5005	-105	0.421462	23.7262	179
DATA	1688151821	280770063	18044	0	""	2023-06-30	15:03:41	23654.283	408.08179	2074.2317	39.2064	55.001	27.7087	46.9048	0.00384668	12.156	54.5005	72.75	0.421462	23.7262	 12
DATA	1688151822	280770063	18048	0	""	2023-06-30	15:03:42	23653.238	407.2562	2074.1763	39.2072	55.001	27.7108	46.9048	0.00382255	12.1559	54.5005	245.75	0.421462	23.7266	 55
DATA	1688151823	280770063	18052	0	""	2023-06-30	15:03:43	23655.441	407.83875	2074.3472	39.206	55.001	27.7116	46.9048	0.00382939	12.156	54.5005	-82.5	0.421462	23.7266	211
DATA	1688151824	280770063	18056	0	""	2023-06-30	15:03:44	23654.643	408.22406	2074.3425	39.2043	55.001	27.7083	46.9044	0.00386663	12.1563	54.5005	-116.25	0.421462	23.7286	141
DATA	1688151825	280770063	18060	0	""	2023-06-30	15:03:45	23654.572	408.15689	2074.2402	39.2076	55.001	27.7079	46.9044	0.0038282	12.1565	54.5005	99.5	0.421462	23.7294	226
DATA	1688151826	280770063	18064	0	""	2023-06-30	15:03:46	23655.102	406.97284	2074.3533	39.2056	55.001	27.7071	46.9044	0.00383311	12.1564	54.5005	-74	0.421462	23.7286	200
DATA	1688151827	280770063	18068	0	""	2023-06-30	15:03:47	23653.971	407.54263	2074.4155	39.2072	55.001	27.7066	46.9046	0.00383492	12.156	54.5005	210.5	0.421462	23.7286	 10
DATA	1688151828	280392885	18072	0	""	2023-06-30	15:03:48	23653.803	407.81891	2074.5757	39.2064	55.001	27.7099	46.9048	0.00381418	12.156	54.5005	143.5	0.421462	23.7282	 35
DATA	1688151829	280392885	18076	0	""	2023-06-30	15:03:49	23652.979	406.93567	2074.2163	39.206	55.001	27.7091	46.9048	0.00384516	12.156	54.5005	-112.5	0.421462	23.7286	 31
DATA	1688151830	280392885	18080	0	""	2023-06-30	15:03:50	23652.439	408.06613	2074.4236	39.2076	55.001	27.7075	46.9048	0.00383338	12.1565	54.5005	48.75	0.421462	23.7286	 73
DATA	1688151831	280392885	18084	0	""	2023-06-30	15:03:51	23650.764	407.91177	2074.1948	39.2043	55.001	27.7071	46.9048	0.00384116	12.1553	54.5005	-105.75	0.421462	23.7286	162
DATA	1688151832	280392885	18088	0	""	2023-06-30	15:03:52	23647.713	406.66687	2074.3064	39.2072	55.001	27.7066	46.9046	0.0038177	12.1565	54.5005	165	0.421462	23.727	136
DATA	1688151833	280392885	18092	0	""	2023-06-30	15:03:53	23643.268	406.40741	2074.2334	39.2076	55.001	27.7095	46.9046	0.00379462	12.1564	54.5005	-18	0.421462	23.7266	221
DATA	1688151834	280392885	18096	0	""	2023-06-30	15:03:54	23639.986	407.48056	2074.521	39.2072	55.001	27.7091	46.9044	0.00380277	12.156	54.5005	38.25	0.421462	23.7262	231
DATA	1688151835	280392885	18100	0	""	2023-06-30	15:03:55	23636.328	405.82431	2074.2039	39.208	55.001	27.7108	46.9046	0.00380915	12.1555	54.5005	121.5	0.421462	23.7262	247
DATA	1688151836	280024051	18104	0	""	2023-06-30	15:03:56	23634.619	407.41486	2074.3054	39.2052	55.001	27.7087	46.9046	0.00383918	12.1569	54.5005	-73	0.421462	23.7266	208
DATA	1688151837	280024051	18108	0	""	2023-06-30	15:03:57	23633.412	406.9968	2074.3196	39.208	55.001	27.7058	46.9048	0.00382154	12.1565	54.5005	35.25	0.421462	23.7262	209
DATA	1688151838	280024051	18112	0	""	2023-06-30	15:03:58	23634.262	407.22061	2074.127	39.2047	55.001	27.7095	46.9048	0.00385324	12.1557	54.5005	106	0.421462	23.7266	138
DATA	1688151839	280024051	18116	0	""	2023-06-30	15:03:59	23636.615	408.03799	2074.5242	39.2072	55.001	27.7066	46.9048	0.00382536	12.1562	54.5005	23.75	0.421462	23.7262	 55
DATA	1688151840	280024051	18120	0	""	2023-06-30	15:04:00	23638.953	407.29538	2074.4397	39.2056	55.001	27.7066	46.9048	0.00383235	12.1563	54.5005	-9	0.421462	23.7266	151
DATA	1688151841	280024051	18124	0	""	2023-06-30	15:04:01	23640.965	407.26132	2074.2395	39.2064	55.001	27.7075	46.9046	0.00382247	12.1559	54.5005	77.75	0.421462	23.7278	 49
DATA	1688151842	280024051	18128	0	""	2023-06-30	15:04:02	23641.896	407.05841	2074.3413	39.2064	55.001	27.7099	46.9044	0.0038123	12.1562	54.5005	83.25	0.421462	23.7286	243
DATA	1688151843	279663085	18132	0	""	2023-06-30	15:04:03	23641.111	407.51385	2074.0808	39.2068	55.001	27.7091	46.9046	0.00382365	12.1558	54.5005	33.25	0.421462	23.729	  0
DATA	1688151844	279663085	18136	0	""	2023-06-30	15:04:04	23642.945	407.00809	2074.4016	39.2064	55.001	27.7087	46.9048	0.00383916	12.1559	54.5005	-6.25	0.421462	23.7286	 69
DATA	1688151845	279663085	18140	0	""	2023-06-30	15:04:05	23642.725	406.55518	2074.3491	39.208	55.001	27.7091	46.9048	0.00381468	12.1566	54.5005	19.5	0.421462	23.7282	226
DATA	1688151846	279663085	18144	0	""	2023-06-30	15:04:06	23638.719	407.8634	2074.1506	39.2068	55.001	27.7071	46.9048	0.0038373	12.1556	54.5005	-102.25	0.421462	23.7286	 66
DATA	1688151847	279663085	18148	0	""	2023-06-30	15:04:07	23640.521	407.66986	2074.4817	39.2072	55.001	27.7079	46.9048	0.00380601	12.1562	54.5005	60.75	0.421462	23.7282	 79
DATA	1688151848	279663085	18152	0	""	2023-06-30	15:04:08	23639.994	406.46158	2074.2461	39.2064	55.001	27.7075	46.9048	0.00384633	12.1561	54.5005	-27.25	0.421462	23.7282	127
DATA	1688151849	279663085	18156	0	""	2023-06-30	15:04:09	23636.574	407.83411	2074.4709	39.2076	55.001	27.7091	46.9046	0.00382264	12.1556	54.5005	123.25	0.421462	23.7266	128
DATA	1688151850	279663085	18160	0	""	2023-06-30	15:04:10	23634.557	406.55008	2074.3042	39.2072	55.001	27.7095	46.9044	0.00381516	12.1558	54.5005	-105.5	0.421462	23.7262	 85
DATA	1688151851	279279947	18164	0	""	2023-06-30	15:04:11	23635.623	407.19376	2074.0908	39.2068	55.001	27.7075	46.9044	0.00386587	12.1562	54.5005	-10.25	0.421462	23.7262	121
DATA	1688151852	279279947	18168	0	""	2023-06-30	15:04:12	23635.348	407.3045	2074.2856	39.208	55.001	27.7075	46.9044	0.00381441	12.1556	54.5005	94.75	0.421462	23.7262	234
DATA	1688151853	279279947	18172	0	""	2023-06-30	15:04:13	23635.684	407.59158	2074.2998	39.2076	55.001	27.7099	46.9048	0.00382337	12.1562	54.5005	-162.75	0.421462	23.7262	203
DATA	1688151854	279279947	18176	0	""	2023-06-30	15:04:14	23636.379	407.21423	2074.3047	39.2072	55.001	27.7058	46.9048	0.00382726	12.1568	54.5005	52	0.421462	23.7262	187
DATA	1688151855	279279947	18180	0	""	2023-06-30	15:04:15	23635.297	406.74432	2074.2749	39.2056	55.001	27.7054	46.9048	0.00382808	12.156	54.5005	-54.75	0.421462	23.7262	 85
DATA	1688151856	279279947	18184	0	""	2023-06-30	15:04:16	23636.141	407.0206	2074.2463	39.208	55.001	27.7054	46.9048	0.00381501	12.1562	54.5005	295.5	0.421462	23.7266	217
DATA	1688151857	279279947	18188	0	""	2023-06-30	15:04:17	23634.15	407.44901	2074.1943	39.2072	55.001	27.7087	46.9048	0.00381865	12.1557	54.5005	28	0.421462	23.7266	152
DATA	1688151858	278908014	18192	0	""	2023-06-30	15:04:18	23634.924	408.18756	2074.0791	39.2076	55.001	27.7066	46.9044	0.00384117	12.1556	54.5005	22.75	0.421462	23.729	 29
DATA	1688151859	278908014	18196	0	""	2023-06-30	15:04:19	23633.76	407.78598	2074.2332	39.2076	55.001	27.7079	46.9044	0.00380381	12.1566	54.5005	9.5	0.421462	23.7294	200
DATA	1688151860	278908014	18200	0	""	2023-06-30	15:04:20	23635.479	406.90997	2074.2029	39.2068	55.001	27.7087	46.9046	0.00382781	12.1561	54.5005	-24	0.421462	23.7286	221
DATA	1688151861	278908014	18204	0	""	2023-06-30	15:04:21	23632.045	408.24088	2074.1118	39.2076	55.001	27.7046	46.9046	0.00382419	12.156	54.5005	-34.75	0.421462	23.7286	 43
DATA	1688151862	278908014	18208	0	""	2023-06-30	15:04:22	23633.062	406.98935	2074.2339	39.2076	55.001	27.7054	46.9046	0.00382671	12.1562	54.5005	148.25	0.421462	23.729	 65
DATA	1688151863	278908014	18212	0	""	2023-06-30	15:04:23	23630.088	407.78162	2074.4075	39.2064	55.001	27.7087	46.9048	0.00381347	12.156	54.5005	50.5	0.421462	23.7286	214
DATA	1688151864	278908014	18216	0	""	2023-06-30	15:04:24	23633.018	408.08368	2074.4609	39.208	55.001	27.7066	46.9048	0.00382022	12.156	54.5005	59.5	0.421462	23.7278	169
DATA	1688151865	278908014	18220	0	""	2023-06-30	15:04:25	23631.01	407.54953	2074.3201	39.2072	55.001	27.7083	46.9048	0.00380944	12.1571	54.5005	-66.25	0.421462	23.7282	 36
DATA	1688151866	278534889	18224	0	""	2023-06-30	15:04:26	23628.182	407.99176	2073.7986	39.2072	55.001	27.7075	46.9044	0.0038399	12.1563	54.5005	-108.75	0.421462	23.7262	152
DATA	1688151867	278534889	18228	0	""	2023-06-30	15:04:27	23629.383	407.20917	2074.1326	39.208	55.001	27.7054	46.9044	0.00381332	12.1571	54.5005	74.75	0.421462	23.7262	 24
DATA	1688151868	278534889	18232	0	""	2023-06-30	15:04:28	23630.744	406.57169	2074.2141	39.2072	55.001	27.7071	46.9044	0.00381798	12.1562	54.5005	-54.75	0.421462	23.7262	125
DATA	1688151869	278534889	18236	0	""	2023-06-30	15:04:29	23630.701	407.09116	2074.2451	39.2068	55.001	27.7058	46.9044	0.00384174	12.1566	54.5005	30	0.421462	23.7262	174
DATA	1688151870	278534889	18240	0	""	2023-06-30	15:04:30	23629.08	408.3049	2074.231	39.2076	55.001	27.7054	46.9046	0.0038079	12.1563	54.5005	23.5	0.421462	23.7262	 58
DATA	1688151871	278534889	18244	0	""	2023-06-30	15:04:31	23629.836	406.71796	2074.1113	39.2068	55.001	27.7062	46.9046	0.00382073	12.1563	54.5005	81.5	0.421462	23.725	226
DATA	1688151872	278534889	18248	0	""	2023-06-30	15:04:32	23629.629	407.20609	2074.0557	39.2089	55.001	27.7071	46.9048	0.00381747	12.1563	54.5005	-51.5	0.421462	23.7262	 80
DATA	1688151873	278168916	18252	0	""	2023-06-30	15:04:33	23626.672	406.54675	2074.2205	39.2072	55.001	27.7075	46.9048	0.00381783	12.1567	54.5005	-92.5	0.421462	23.7266	 76
DATA	1688151874	278168916	18256	0	""	2023-06-30	15:04:34	23625.234	407.39011	2074.2244	39.2076	55.001	27.705	46.9048	0.00383447	12.1558	54.5005	157.5	0.421462	23.7266	 19
DATA	1688151875	278168916	18260	0	""	2023-06-30	15:04:35	23622.6	406.57852	2074.168	39.2084	55.001	27.7087	46.9044	0.0038037	12.1566	54.5005	-68.5	0.421462	23.7286	133
DATA	1688151876	278168916	18264	0	""	2023-06-30	15:04:36	23622.963	407.22101	2074.1106	39.2064	55.001	27.7075	46.9044	0.00382655	12.1557	54.5005	-67.75	0.421462	23.7286	117
DATA	1688151877	278168916	18268	0	""	2023-06-30	15:04:37	23623.469	407.16556	2074.2393	39.2076	55.001	27.7054	46.9048	0.00382532	12.1563	54.5005	106.75	0.421462	23.7286	143
DATA	1688151878	278168916	18272	0	""	2023-06-30	15:04:38	23625.857	406.3522	2074.1929	39.2068	55.001	27.7054	46.9048	0.00382769	12.1561	54.5005	-102	0.421462	23.7286	241
DATA	1688151879	278168916	18276	0	""	2023-06-30	15:04:39	23623.6	407.24921	2074.2246	39.2076	55.001	27.7038	46.9048	0.00383046	12.1556	54.5005	69.5	0.421462	23.7282	191
DATA	1688151880	278168916	18280	0	""	2023-06-30	15:04:40	23619.816	407.12778	2073.9001	39.2072	55.001	27.7038	46.9048	0.00382588	12.1561	54.5005	-5.25	0.421462	23.7286	 69
DATA	1688151881	277795076	18284	0	""	2023-06-30	15:04:41	23621.717	407.6232	2074.1194	39.2089	55.001	27.7034	46.9048	0.00381899	12.1558	54.5005	114.5	0.421462	23.7278	 33
DATA	1688151882	277795076	18288	0	""	2023-06-30	15:04:42	23625.281	405.87268	2074.2832	39.2084	55.001	27.7095	46.9048	0.00381982	12.1569	54.5005	12.25	0.421462	23.7282	 94
DATA	1688151883	277795076	18292	0	""	2023-06-30	15:04:43	23625.418	406.94604	2074.1399	39.2076	55.001	27.7071	46.9046	0.003841	12.1561	54.5005	-11.25	0.421462	23.7266	 13
DATA	1688151884	277795076	18296	0	""	2023-06-30	15:04:44	23626.34	405.91278	2074.0979	39.2093	55.001	27.7058	46.9044	0.00379598	12.1563	54.5005	77.75	0.421462	23.7262	 65
DATA	1688151885	277795076	18300	0	""	2023-06-30	15:04:45	23628.279	406.64331	2074.1506	39.2076	55.001	27.7066	46.9044	0.00383143	12.1558	54.5005	-50.5	0.421462	23.7262	 58
DATA	1688151886	277795076	18304	0	""	2023-06-30	15:04:46	23628.539	406.65656	2074.1074	39.208	55.001	27.7054	46.9044	0.00381159	12.1561	54.5005	-106.5	0.421462	23.7262	 67
DATA	1688151887	277795076	18308	0	""	2023-06-30	15:04:47	23630.365	406.13943	2074.0703	39.2068	55.001	27.7034	46.9048	0.00383836	12.1557	54.5005	74.25	0.421462	23.7258	 84
DATA	1688151888	277430057	18312	0	""	2023-06-30	15:04:48	23630.643	407.12866	2074.1279	39.2076	55.001	27.7054	46.9048	0.00381831	12.1561	54.5005	67.25	0.421462	23.7262	 64
DATA	1688151889	277430057	18316	0	""	2023-06-30	15:04:49	23630.186	405.13141	2074.2141	39.2068	55.001	27.7058	46.9048	0.00381811	12.1558	54.5005	65.25	0.421462	23.7262	 53
DATA	1688151890	277430057	18320	0	""	2023-06-30	15:04:50	23628.678	406.93588	2074.1387	39.2076	55.001	27.7075	46.9048	0.00382874	12.1564	54.5005	6	0.421462	23.7262	139
DATA	1688151891	277430057	18324	0	""	2023-06-30	15:04:51	23629.129	407.23575	2074.2107	39.2084	55.001	27.7042	46.9048	0.00381462	12.1557	54.5005	-92	0.421462	23.7258	208
DATA	1688151892	277430057	18328	0	""	2023-06-30	15:04:52	23626.238	405.78827	2073.9431	39.2072	55.001	27.7005	46.9046	0.00384761	12.1562	54.5005	-62.25	0.421462	23.7286	112
DATA	1688151893	277430057	18332	0	""	2023-06-30	15:04:53	23622.715	405.46069	2074.1096	39.2089	55.001	27.7013	46.9046	0.00382156	12.1559	54.5005	95.75	0.421462	23.7286	 73
DATA	1688151894	277430057	18336	0	""	2023-06-30	15:04:54	23621.363	406.59842	2074.2266	39.2089	55.001	27.7029	46.9046	0.00380971	12.1567	54.5005	74.25	0.421462	23.7286	 82
DATA	1688151895	277430057	18340	0	""	2023-06-30	15:04:55	23621.441	406.9899	2074.1628	39.2089	55.001	27.705	46.9048	0.00381341	12.156	54.5005	251.75	0.421462	23.7286	227
DATA	1688151896	277050971	18344	0	""	2023-06-30	15:04:56	23618.939	405.84192	2074.1067	39.208	55.001	27.7054	46.9048	0.00383739	12.1563	54.5005	-128.5	0.421462	23.7286	 83
DATA	1688151897	277050971	18348	0	""	2023-06-30	15:04:57	23621.082	405.59787	2073.9302	39.2097	55.001	27.7046	46.9048	0.00380506	12.1559	54.5005	135	0.421462	23.7278	245
DATA	1688151898	277050971	18352	0	""	2023-06-30	15:04:58	23620.82	406.14001	2074.0388	39.2093	55.001	27.7062	46.9048	0.00380687	12.1564	54.5005	24.5	0.421462	23.7286	217
DATA	1688151899	277050971	18356	0	""	2023-06-30	15:04:59	23622.854	406.12628	2074.0632	39.208	55.001	27.7038	46.9048	0.00381922	12.1564	54.5005	-97.5	0.421462	23.7282	 24
DATA	1688151900	277050971	18360	0	""	2023-06-30	15:05:00	23620.424	406.11343	2074.104	39.2093	55.001	27.7034	46.9046	0.00381496	12.1564	54.5005	234	0.421462	23.7266	126
DATA	1688151901	277050971	18364	0	""	2023-06-30	15:05:01	23617.66	406.23947	2073.9036	39.2089	55.001	27.705	46.9044	0.00380278	12.156	54.5005	-53	0.421462	23.7262	 55
DATA	1688151902	277050971	18368	0	""	2023-06-30	15:05:02	23618.371	405.92358	2073.8042	39.2076	55.001	27.7034	46.9046	0.00381064	12.1569	54.5005	-35.5	0.421462	23.725	253
DATA	1688151903	276690959	18372	0	""	2023-06-30	15:05:03	23618.996	406.12625	2074.0154	39.2084	55.001	27.7025	46.9048	0.00381716	12.1558	54.5005	130.5	0.421462	23.7262	 62
DATA	1688151904	276690959	18376	0	""	2023-06-30	15:05:04	23618.395	405.42624	2073.9297	39.208	55.001	27.7046	46.9048	0.00381094	12.1559	54.5005	-55.5	0.421462	23.7262	 32
DATA	1688151905	276690959	18380	0	""	2023-06-30	15:05:05	23620.34	406.02911	2073.8967	39.208	55.001	27.7021	46.9048	0.00384049	12.1554	54.5005	48	0.421462	23.7262	 68
DATA	1688151906	276690959	18384	0	""	2023-06-30	15:05:06	23620.988	406.83231	2073.8176	39.208	55.001	27.7013	46.9048	0.00382497	12.1561	54.5005	18	0.421462	23.7262	137
DATA	1688151907	276690959	18388	0	""	2023-06-30	15:05:07	23621.402	405.94122	2073.7788	39.2093	55.001	27.7038	46.9048	0.00381506	12.1563	54.5005	65.75	0.421462	23.7262	 84
DATA	1688151908	276690959	18392	0	""	2023-06-30	15:05:08	23620.297	405.50955	2073.8826	39.2072	55.001	27.7029	46.9048	0.00383004	12.1562	54.5005	-16.25	0.421462	23.7286	125
DATA	1688151909	276690959	18396	0	""	2023-06-30	15:05:09	23619.021	404.96918	2074.0398	39.208	55.001	27.7013	46.9048	0.00385329	12.1565	54.5005	38	0.421462	23.7282	150
DATA	1688151910	276690959	18400	0	""	2023-06-30	15:05:10	23616.447	404.7193	2074.0164	39.2093	55.001	27.7021	46.9044	0.00381642	12.1554	54.5005	58.75	0.421462	23.7286	  2
DATA	1688151911	276319980	18404	0	""	2023-06-30	15:05:11	23620.662	405.68723	2074.165	39.208	55.001	27.7017	46.9046	0.00381055	12.1562	54.5005	100.25	0.421462	23.7286	241
DATA	1688151912	276319980	18408	0	""	2023-06-30	15:05:12	23621.268	405.418	2073.7869	39.208	55.001	27.7025	46.9048	0.00383503	12.1565	54.5005	-59.75	0.421462	23.7282	221
DATA	1688151913	276319980	18412	0	""	2023-06-30	15:05:13	23621.553	405.88226	2073.9658	39.2084	55.001	27.7021	46.9048	0.00383498	12.1561	54.5005	138.25	0.421462	23.7282	119
DATA	1688151914	276319980	18416	0	""	2023-06-30	15:05:14	23621.537	405.66733	2073.9146	39.2084	55.001	27.7042	46.9048	0.00380672	12.1559	54.5005	2.5	0.421462	23.7286	223
DATA	1688151915	276319980	18420	0	""	2023-06-30	15:05:15	23622.443	405.92349	2074.0613	39.2089	55.001	27.7021	46.9048	0.00382686	12.1557	54.5005	-73.75	0.421462	23.7286	117
DATA	1688151916	276319980	18424	0	""	2023-06-30	15:05:16	23624.521	405.91724	2073.7861	39.2097	55.001	27.7005	46.9048	0.00381773	12.1562	54.5005	3.5	0.421462	23.7282	219
DATA	1688151917	276319980	18428	0	""	2023-06-30	15:05:17	23624.031	405.58661	2073.8127	39.2084	55.001	27.7009	46.9046	0.00380708	12.1565	54.5005	55	0.421462	23.7266	176
DATA	1688151918	275935888	18432	0	""	2023-06-30	15:05:18	23624.918	406.91693	2073.9414	39.208	55.001	27.7021	46.9044	0.00383673	12.1559	54.5005	191.25	0.421462	23.7266	 89
DATA	1688151919	275935888	18436	0	""	2023-06-30	15:05:19	23626.02	405.21603	2074.0991	39.2089	55.001	27.7025	46.9046	0.00382354	12.1559	54.5005	-66.75	0.421462	23.7262	 75
DATA	1688151920	275935888	18440	0	""	2023-06-30	15:05:20	23628.691	405.89398	2074.2078	39.2097	55.001	27.7001	46.9048	0.00381942	12.1563	54.5005	119.75	0.421462	23.7258	140
DATA	1688151921	275935888	18444	0	""	2023-06-30	15:05:21	23630.615	406.27246	2073.9807	39.2089	55.001	27.7017	46.9048	0.00381546	12.156	54.5005	-4.25	0.421462	23.7262	 15
DATA	1688151922	275935888	18448	0	""	2023-06-30	15:05:22	23632.455	406.13638	2074.1028	39.2084	55.001	27.6997	46.9048	0.00383011	12.1556	54.5005	-93	0.421462	23.7258	234
DATA	1688151923	275935888	18452	0	""	2023-06-30	15:05:23	23634.723	406.06033	2073.9622	39.2089	55.001	27.698	46.9048	0.00383939	12.1559	54.5005	5	0.421462	23.7254	 96
DATA	1688151924	275935888	18456	0	""	2023-06-30	15:05:24	23635.453	406.01981	2074.0725	39.2101	55.001	27.6988	46.9048	0.00379955	12.1559	54.5005	105	0.421462	23.7266	250
DATA	1688151925	275935888	18460	0	""	2023-06-30	15:05:25	23637.793	407.12869	2074.082	39.2097	55.001	27.7013	46.9048	0.00382375	12.1562	54.5005	82.25	0.421462	23.7286	 41
DATA	1688151926	275568962	18464	0	""	2023-06-30	15:05:26	23636.846	406.5957	2073.958	39.2089	55.001	27.7025	46.9046	0.00383309	12.1563	54.5005	41	0.421462	23.7286	105
DATA	1688151927	275568962	18468	0	""	2023-06-30	15:05:27	23637.691	406.45615	2073.7573	39.2097	55.001	27.7042	46.9044	0.00382844	12.1558	54.5005	-68.25	0.421462	23.729	 98
DATA	1688151928	275568962	18472	0	""	2023-06-30	15:05:28	23638.164	406.797	2074.1438	39.2089	55.001	27.7029	46.9044	0.00381874	12.1564	54.5005	-3.5	0.421462	23.7286	197
DATA	1688151929	275568962	18476	0	""	2023-06-30	15:05:29	23639.688	405.85388	2074.0789	39.2093	55.001	27.7009	46.9046	0.00383702	12.156	54.5005	-128.25	0.421462	23.7282	156
DATA	1688151930	275568962	18480	0	""	2023-06-30	15:05:30	23636.203	406.08932	2073.9897	39.2089	55.001	27.6976	46.9048	0.00382689	12.1562	54.5005	137.5	0.421462	23.7286	105
DATA	1688151931	275568962	18484	0	""	2023-06-30	15:05:31	23639.973	405.07397	2074.071	39.2093	55.001	27.6988	46.9048	0.00383013	12.156	54.5005	69.5	0.421462	23.7286	201
DATA	1688151932	275568962	18488	0	""	2023-06-30	15:05:32	23639.074	406.56088	2074.0532	39.2093	55.001	27.7013	46.9048	0.0038265	12.1567	54.5005	-36.5	0.421462	23.7274	 24
DATA	1688151933	275197029	18492	0	""	2023-06-30	15:05:33	23637.715	406.15298	2073.6843	39.2097	55.001	27.6988	46.9048	0.00383498	12.1563	54.5005	37.5	0.421462	23.7278	 60
DATA	1688151934	275197029	18496	0	""	2023-06-30	15:05:34	23639.77	405.71918	2073.9424	39.2105	55.001	27.6992	46.9046	0.00381287	12.156	54.5005	30.25	0.421462	23.7266	241
DATA	1688151935	275197029	18500	0	""	2023-06-30	15:05:35	23642.766	406.23294	2074.1929	39.2097	55.001	27.7013	46.9044	0.00382155	12.1563	54.5005	-52.75	0.421462	23.7262	107
DATA	1688151936	275197029	18504	0	""	2023-06-30	15:05:36	23640.979	405.73206	2073.8462	39.2089	55.001	27.6997	46.9046	0.00384073	12.1562	54.5005	-88.5	0.421462	23.7266	 93
DATA	1688151937	275197029	18508	0	""	2023-06-30	15:05:37	23641.65	405.58719	2073.8625	39.2093	55.001	27.698	46.9048	0.0038396	12.1561	54.5005	27	0.421462	23.7258	 53
DATA	1688151938	275197029	18512	0	""	2023-06-30	15:05:38	23644.166	404.27182	2074.0378	39.2101	55.001	27.7009	46.9048	0.00381586	12.156	54.5005	167.25	0.421462	23.7254	 64
DATA	1688151939	275197029	18516	0	""	2023-06-30	15:05:39	23644.15	405.63055	2073.9729	39.2093	55.001	27.6984	46.9048	0.00380599	12.1561	54.5005	205.75	0.421462	23.7262	 93
DATA	1688151940	275197029	18520	0	""	2023-06-30	15:05:40	23645.59	405.15762	2074.0103	39.2105	55.001	27.7021	46.9048	0.0038398	12.1564	54.5005	29.75	0.421462	23.7266	206
DATA	1688151941	274821996	18524	0	""	2023-06-30	15:05:41	23644.691	404.94812	2073.9146	39.2101	55.001	27.7034	46.9048	0.00384595	12.156	54.5005	38.25	0.421462	23.7266	 22
DATA	1688151942	274821996	18528	0	""	2023-06-30	15:05:42	23646.107	406.02563	2073.8945	39.2093	55.001	27.7046	46.9046	0.00383489	12.1556	54.5005	-148.25	0.421462	23.7286	184
DATA	1688151943	274821996	18532	0	""	2023-06-30	15:05:43	23648.803	405.20084	2073.9475	39.2105	55.001	27.7001	46.9044	0.00383216	12.1564	54.5005	102.5	0.421462	23.7286	 47
DATA	1688151944	274821996	18536	0	""	2023-06-30	15:05:44	23648.154	404.25308	2073.7869	39.2097	55.001	27.7017	46.9044	0.00383174	12.1559	54.5005	-36	0.421462	23.7286	244
DATA	1688151945	274821996	18540	0	""	2023-06-30	15:05:45	23647.275	403.87238	2074.061	39.2109	55.001	27.6984	46.9044	0.00382251	12.1561	54.5005	21.75	0.421462	23.7286	 24
DATA	1688151946	274821996	18544	0	""	2023-06-30	15:05:46	23645.773	404.32343	2073.7898	39.2089	55.001	27.6976	46.9048	0.00384542	12.1563	54.5005	20.75	0.421462	23.7282	105
DATA	1688151947	274821996	18548	0	""	2023-06-30	15:05:47	23643.402	404.27393	2073.988	39.2105	55.001	27.6997	46.9048	0.00383737	12.1561	54.5005	42.25	0.421462	23.7286	 50
DATA	1688151948	274451017	18552	0	""	2023-06-30	15:05:48	23634.623	403.68896	2073.603	39.2105	55.001	27.7029	46.9048	0.00380274	12.1565	54.5005	89.25	0.421462	23.7278	 27
DATA	1688151949	274451017	18556	0	""	2023-06-30	15:05:49	23627.211	404.12402	2073.8389	39.2113	55.001	27.7038	46.9048	0.00380576	12.1564	54.5005	-33	0.421462	23.7274	208
DATA	1688151950	274451017	18560	0	""	2023-06-30	15:05:50	23631.229	403.66327	2073.7952	39.2105	55.001	27.7013	46.9046	0.00380715	12.1562	54.5005	-25	0.421462	23.7266	187
DATA	1688151951	274451017	18564	0	""	2023-06-30	15:05:51	23631.592	404.59842	2073.8733	39.2105	55.001	27.7009	46.9044	0.00380735	12.1558	54.5005	71.75	0.421462	23.7266	 63
DATA	1688151952	274451017	18568	0	""	2023-06-30	15:05:52	23638.436	406.34137	2073.821	39.2089	55.001	27.7013	46.9044	0.00383039	12.1563	54.5005	-121.5	0.421462	23.7262	 39
DATA	1688151953	274451017	18572	0	""	2023-06-30	15:05:53	23642.789	406.41263	2074.0679	39.2109	55.001	27.6976	46.9044	0.00384304	12.1563	54.5005	38	0.421462	23.7258	182
DATA	1688151954	274451017	18576	0	""	2023-06-30	15:05:54	23646.977	406.6506	2074.0674	39.2121	55.001	27.7013	46.9046	0.00379282	12.156	54.5005	4.25	0.421462	23.7258	170
DATA	1688151955	274451017	18580	0	""	2023-06-30	15:05:55	23651.543	406.67084	2073.8301	39.2113	55.001	27.6992	46.9048	0.00379832	12.1557	54.5005	224.5	0.421462	23.7254	 65
DATA	1688151956	274080991	18584	0	""	2023-06-30	15:05:56	23651.473	405.74063	2073.8013	39.2093	55.001	27.7021	46.9048	0.00382909	12.1561	54.5005	-111	0.421462	23.7262	  1
DATA	1688151957	274080991	18588	0	""	2023-06-30	15:05:57	23650.781	406.18536	2073.9863	39.2105	55.001	27.6976	46.9048	0.00384134	12.1557	54.5005	24.5	0.421462	23.7258	 49
DATA	1688151958	274080991	18592	0	""	2023-06-30	15:05:58	23651.111	407.02795	2074.0911	39.2113	55.001	27.698	46.9048	0.00380815	12.1562	54.5005	12.25	0.421462	23.7262	  7
DATA	1688151959	274080991	18596	0	""	2023-06-30	15:05:59	23652.533	405.60675	2073.7986	39.2109	55.001	27.6984	46.9046	0.00380892	12.1558	54.5005	5	0.421462	23.7282	167
DATA	1688151960	274080991	18600	0	""	2023-06-30	15:06:00	23649.662	406.08173	2073.9871	39.2117	55.001	27.698	46.9044	0.00381498	12.1562	54.5005	36.5	0.421462	23.7282	226
DATA	1688151961	274080991	18604	0	""	2023-06-30	15:06:01	23650.873	406.6994	2074.0781	39.2105	55.001	27.6997	46.9044	0.00380093	12.1561	54.5005	47.75	0.421462	23.7282	 24
DATA	1688151962	274080991	18608	0	""	2023-06-30	15:06:02	23652.523	406.06665	2073.875	39.2097	55.001	27.6992	46.9044	0.00382608	12.1564	54.5005	-59.75	0.421462	23.727	 31
DATA	1688151963	273711919	18612	0	""	2023-06-30	15:06:03	23653.41	407.00385	2074.165	39.2101	55.001	27.698	46.9046	0.00382499	12.156	54.5005	-31.25	0.421462	23.7278	153
DATA	1688151964	273711919	18616	0	""	2023-06-30	15:06:04	23655.061	406.77692	2073.9814	39.2105	55.001	27.698	46.9048	0.00382387	12.1556	54.5005	-3.5	0.421462	23.7278	238
DATA	1688151965	273711919	18620	0	""	2023-06-30	15:06:05	23655.791	406.5108	2073.8411	39.2113	55.001	27.6964	46.9048	0.00382762	12.1557	54.5005	-16.25	0.421462	23.7274	 61
DATA	1688151966	273711919	18624	0	""	2023-06-30	15:06:06	23656.809	407.03146	2074.136	39.2101	55.001	27.698	46.9048	0.00383064	12.1553	54.5005	17.75	0.421462	23.7282	221
DATA	1688151967	273711919	18628	0	""	2023-06-30	15:06:07	23658.865	407.49518	2074.0195	39.2097	55.001	27.6968	46.9046	0.00385105	12.1562	54.5005	-62.5	0.421462	23.7266	 97
DATA	1688151968	273711919	18632	0	""	2023-06-30	15:06:08	23658.77	406.71667	2074.0696	39.2109	55.001	27.6964	46.9044	0.00382579	12.1563	54.5005	88.25	0.421462	23.7266	 60
DATA	1688151969	273711919	18636	0	""	2023-06-30	15:06:09	23660.461	407.37656	2074.1809	39.2109	55.001	27.6988	46.9044	0.00382366	12.1558	54.5005	15.25	0.421462	23.7262	 92
DATA	1688151970	273711919	18640	0	""	2023-06-30	15:06:10	23658.947	406.66681	2074.0688	39.2113	55.001	27.6984	46.9044	0.00382493	12.1562	54.5005	-16.25	0.421462	23.7258	128
DATA	1688151971	273338079	18644	0	""	2023-06-30	15:06:11	23658.52	408.1925	2073.9475	39.2105	55.001	27.696	46.9044	0.00384313	12.156	54.5005	-32	0.421462	23.7258	 16
DATA	1688151972	273338079	18648	0	""	2023-06-30	15:06:12	23658.627	407.76019	2074.3059	39.2097	55.001	27.6964	46.9048	0.00383601	12.156	54.5005	12.5	0.421462	23.7262	236
DATA	1688151973	273338079	18652	0	""	2023-06-30	15:06:13	23660.783	407.49426	2074.0461	39.2105	55.001	27.6964	46.9048	0.00383513	12.1562	54.5005	14.25	0.421462	23.7262	 63
DATA	1688151974	273338079	18656	0	""	2023-06-30	15:06:14	23661.381	408.37909	2074.0178	39.2101	55.001	27.6964	46.9048	0.00382729	12.1558	54.5005	207.75	0.421462	23.7262	139
DATA	1688151975	273338079	18660	0	""	2023-06-30	15:06:15	23660.211	406.98523	2073.9329	39.2097	55.001	27.6984	46.9048	0.00383122	12.1555	54.5005	-87.5	0.421462	23.7266	 83
DATA	1688151976	273338079	18664	0	""	2023-06-30	15:06:16	23660.826	407.08334	2073.9248	39.2093	55.001	27.6964	46.9046	0.00383445	12.1559	54.5005	-82	0.421462	23.7286	251
DATA	1688151977	273338079	18668	0	""	2023-06-30	15:06:17	23663.133	406.52161	2073.8955	39.2105	55.001	27.6951	46.9044	0.00384091	12.1557	54.5005	49.75	0.421462	23.7282	 87
DATA	1688151978	272965908	18672	0	""	2023-06-30	15:06:18	23666.207	407.54202	2074.2673	39.2101	55.001	27.696	46.9044	0.0038483	12.1559	54.5005	-27	0.421462	23.7286	136
DATA	1688151979	272965908	18676	0	""	2023-06-30	15:06:19	23666.6	406.90244	2073.9717	39.2105	55.001	27.6955	46.9046	0.00383979	12.1565	54.5005	176.5	0.421462	23.7274	 17
DATA	1688151980	272965908	18680	0	""	2023-06-30	15:06:20	23665.529	406.27957	2073.8943	39.2113	55.001	27.696	46.9046	0.00383222	12.1557	54.5005	-3	0.421462	23.7278	140
DATA	1688151981	272965908	18684	0	""	2023-06-30	15:06:21	23665.422	407.02982	2073.9729	39.2105	55.001	27.6964	46.9048	0.00383617	12.1561	54.5005	128	0.421462	23.727	194
DATA	1688151982	272965908	18688	0	""	2023-06-30	15:06:22	23667.68	406.64273	2073.8994	39.2117	55.001	27.6976	46.9048	0.00381943	12.1555	54.5005	136	0.421462	23.7274	223
DATA	1688151983	272965908	18692	0	""	2023-06-30	15:06:23	23666.102	406.70859	2073.8684	39.2101	55.001	27.6984	46.9048	0.00383351	12.1558	54.5005	21	0.421462	23.727	142
DATA	1688151984	272965908	18696	0	""	2023-06-30	15:06:24	23665.035	406.70236	2073.9172	39.2113	55.001	27.6988	46.9046	0.00383269	12.1563	54.5005	-72	0.421462	23.7258	248
DATA	1688151985	272965908	18700	0	""	2023-06-30	15:06:25	23665.93	406.71887	2074.0234	39.2109	55.001	27.6972	46.9044	0.00383034	12.1559	54.5005	-27.5	0.421462	23.7262	 25
DATA	1688151986	272595882	18704	0	""	2023-06-30	15:06:26	23664.129	406.25378	2073.7498	39.2109	55.001	27.696	46.9044	0.00382813	12.1559	54.5005	-5.25	0.421462	23.7258	 46
DATA	1688151987	272595882	18708	0	""	2023-06-30	15:06:27	23662.896	406.78168	2073.9036	39.2101	55.001	27.696	46.9044	0.00384115	12.1558	54.5005	-14.75	0.421462	23.7262	 92
DATA	1688151988	272595882	18712	0	""	2023-06-30	15:06:28	23661.146	406.76727	2073.897	39.2109	55.001	27.6988	46.9046	0.00383151	12.1562	54.5005	244.75	0.421462	23.7254	104
DATA	1688151989	272595882	18716	0	""	2023-06-30	15:06:29	23655.887	405.91354	2073.9683	39.2113	55.001	27.6988	46.9048	0.00382756	12.1561	54.5005	-120.5	0.421462	23.7254	156
DATA	1688151990	272595882	18720	0	""	2023-06-30	15:06:30	23659.785	404.51431	2073.8408	39.2117	55.001	27.6964	46.9048	0.00383015	12.156	54.5005	-23.25	0.421462	23.7254	 63
DATA	1688151991	272595882	18724	0	""	2023-06-30	15:06:31	23658.93	406.38953	2073.7375	39.2117	55.001	27.6964	46.9048	0.00384094	12.1562	54.5005	-22.5	0.421462	23.7258	 41
DATA	1688151992	272595882	18728	0	""	2023-06-30	15:06:32	23657.76	406.51019	2073.8599	39.2109	55.001	27.6955	46.9048	0.00383764	12.156	54.5005	66.25	0.421462	23.7243	  5
DATA	1688151993	272224903	18732	0	""	2023-06-30	15:06:33	23657.818	406.84225	2073.9067	39.2105	55.001	27.6955	46.9044	0.00383415	12.1556	54.5005	-62.75	0.421462	23.7282	120
DATA	1688151994	272224903	18736	0	""	2023-06-30	15:06:34	23658.387	405.83487	2073.9797	39.2113	55.001	27.6939	46.9044	0.00383839	12.1562	54.5005	-12.25	0.421462	23.7282	144
DATA	1688151995	272224903	18740	0	""	2023-06-30	15:06:35	23660.287	405.11804	2073.8789	39.2113	55.001	27.6947	46.9044	0.00383055	12.1562	54.5005	128.75	0.421462	23.7278	127
DATA	1688151996	272224903	18744	0	""	2023-06-30	15:06:36	23660.498	405.1059	2073.7629	39.2101	55.001	27.696	46.9048	0.00383721	12.1558	54.5005	-48.5	0.421462	23.7278	234
DATA	1688151997	272224903	18748	0	""	2023-06-30	15:06:37	23656.352	405.76999	2073.7144	39.2113	55.001	27.6947	46.9048	0.0038424	12.1561	54.5005	4.5	0.421462	23.727	141
DATA	1688151998	272224903	18752	0	""	2023-06-30	15:06:38	23655.023	405.80206	2073.9744	39.2121	55.001	27.6951	46.9048	0.00382512	12.1569	54.5005	117.25	0.421462	23.7282	112
DATA	1688151999	272224903	18756	0	""	2023-06-30	15:06:39	23656.574	404.71133	2074.0437	39.2113	55.001	27.6964	46.9048	0.00382511	12.1561	54.5005	113	0.421462	23.7278	223
DATA	1688152000	272224903	18760	0	""	2023-06-30	15:06:40	23656.377	406.54947	2074.011	39.2113	55.001	27.696	46.9048	0.00383695	12.156	54.5005	-60	0.421462	23.7278	 52
DATA	1688152001	271851062	18764	0	""	2023-06-30	15:06:41	23655.391	405.28333	2074.0515	39.2109	55.001	27.6964	46.9048	0.00382604	12.1558	54.5005	-16.75	0.421462	23.7266	 97
DATA	1688152002	271851062	18768	0	""	2023-06-30	15:06:42	23651.535	404.5423	2073.7754	39.2109	55.001	27.6939	46.9044	0.00383495	12.1559	54.5005	-48	0.421462	23.7258	172
DATA	1688152003	271851062	18772	0	""	2023-06-30	15:06:43	23646.123	404.67776	2073.8145	39.2121	55.001	27.6935	46.9044	0.0038476	12.156	54.5005	12.25	0.421462	23.7262	200
DATA	1688152004	271851062	18776	0	""	2023-06-30	15:06:44	23644.123	404.73441	2073.8916	39.2113	55.001	27.6918	46.9044	0.00383999	12.1567	54.5005	-29.75	0.421462	23.7258	121
DATA	1688152005	271851062	18780	0	""	2023-06-30	15:06:45	23645.609	405.71497	2073.8413	39.2113	55.001	27.6927	46.9048	0.0038401	12.1561	54.5005	46.75	0.421462	23.7254	  5
DATA	1688152006	271851062	18784	0	""	2023-06-30	15:06:46	23648.312	405.95013	2074.0105	39.2113	55.001	27.6935	46.9046	0.00382006	12.1558	54.5005	13.25	0.421462	23.725	233
DATA	1688152007	271851062	18788	0	""	2023-06-30	15:06:47	23648.512	406.00531	2074.0425	39.2117	55.001	27.696	46.9048	0.00383446	12.1562	54.5005	-45.25	0.421462	23.7258	 48
DATA	1688152008	271477937	18792	0	""	2023-06-30	15:06:48	23645.215	405.52191	2073.5808	39.2126	55.001	27.691	46.9048	0.00381806	12.1555	54.5005	79.5	0.421462	23.7258	237
DATA	1688152009	271477937	18796	0	""	2023-06-30	15:06:49	23647.527	405.05255	2073.6746	39.2121	55.001	27.6939	46.9048	0.00382367	12.1561	54.5005	246.25	0.421462	23.7266	143
DATA	1688152010	271477937	18800	0	""	2023-06-30	15:06:50	23648.846	405.88437	2073.6577	39.2109	55.001	27.6968	46.9044	0.00383578	12.1557	54.5005	-25.5	0.421462	23.7286	 91
DATA	1688152011	271477937	18804	0	""	2023-06-30	15:06:51	23648.17	405.30881	2073.7295	39.2109	55.001	27.6939	46.9044	0.00383634	12.1556	54.5005	-89	0.421462	23.7282	180
DATA	1688152012	271477937	18808	0	""	2023-06-30	15:06:52	23644.057	404.87732	2073.6692	39.2121	55.001	27.6935	46.9044	0.00383864	12.1564	54.5005	-7.5	0.421462	23.7282	 19
DATA	1688152013	271477937	18812	0	""	2023-06-30	15:06:53	23631.447	403.12964	2073.4331	39.2113	55.001	27.6935	46.9048	0.00381438	12.1561	54.5005	-25.5	0.421462	23.727	247
DATA	1688152014	271477937	18816	0	""	2023-06-30	15:06:54	23630.598	404.73849	2073.7097	39.2105	55.001	27.6923	46.9048	0.00383462	12.1558	54.5005	57.25	0.421462	23.7278	 94
DATA	1688152015	271477937	18820	0	""	2023-06-30	15:06:55	23637.576	404.99936	2073.645	39.2113	55.001	27.6931	46.9048	0.00384096	12.1559	54.5005	-24.25	0.421462	23.7278	 85
DATA	1688152016	271109104	18824	0	""	2023-06-30	15:06:56	23643.814	404.29474	2073.9941	39.2105	55.001	27.691	46.9048	0.00385237	12.1563	54.5005	-7.5	0.421462	23.7274	205
DATA	1688152017	271109104	18828	0	""	2023-06-30	15:06:57	23645.162	405.57312	2073.7366	39.2121	55.001	27.6923	46.9048	0.00383658	12.1561	54.5005	90	0.421462	23.7274	160
DATA	1688152018	271109104	18832	0	""	2023-06-30	15:06:58	23644.648	405.91458	2073.7454	39.2126	55.001	27.6918	46.9046	0.00381403	12.1566	54.5005	37.25	0.421462	23.7262	 61
DATA	1688152019	271109104	18836	0	""	2023-06-30	15:06:59	23645.852	405.33093	2073.9587	39.2109	55.001	27.6927	46.9044	0.00383624	12.1566	54.5005	-19.5	0.421462	23.7262	 66
DATA	1688152020	271109104	18840	0	""	2023-06-30	15:07:00	23645.75	405.50311	2073.6689	39.2109	55.001	27.6931	46.9044	0.00384681	12.1558	54.5005	33.75	0.421462	23.7262	243
DATA	1688152021	271109104	18844	0	""	2023-06-30	15:07:01	23643.744	404.75339	2073.6997	39.2117	55.001	27.6927	46.9046	0.00384536	12.1562	54.5005	133.75	0.421462	23.7254	110
DATA	1688152022	271109104	18848	0	""	2023-06-30	15:07:02	23642.201	404.53662	2073.8579	39.2117	55.001	27.6935	46.9048	0.00384028	12.1569	54.5005	-77.25	0.421462	23.725	 47
DATA	1688152023	270741939	18852	0	""	2023-06-30	15:07:03	23639.189	405.18765	2073.6228	39.2126	55.001	27.6923	46.9048	0.00383555	12.156	54.5005	170.5	0.421462	23.7246	 21
DATA	1688152024	270741939	18856	0	""	2023-06-30	15:07:04	23639.449	405.40341	2073.5408	39.2113	55.001	27.6927	46.9048	0.00384436	12.1564	54.5005	52.25	0.421462	23.725	  9
DATA	1688152025	270741939	18860	0	""	2023-06-30	15:07:05	23641.598	405.05133	2073.6406	39.2117	55.001	27.6931	46.9048	0.00384442	12.1563	54.5005	-43	0.421462	23.7262	201
DATA	1688152026	270741939	18864	0	""	2023-06-30	15:07:06	23639.336	403.34204	2073.8086	39.2126	55.001	27.6914	46.9048	0.00382282	12.1557	54.5005	-31.5	0.421462	23.7258	 58
DATA	1688152027	270741939	18868	0	""	2023-06-30	15:07:07	23631.504	403.49039	2073.7085	39.2117	55.001	27.691	46.9044	0.0038315	12.1563	54.5005	7.75	0.421462	23.7282	169
DATA	1688152028	270741939	18872	0	""	2023-06-30	15:07:08	23626.008	403.34882	2073.7468	39.2126	55.001	27.6914	46.9044	0.00382446	12.1558	54.5005	123.5	0.421462	23.7282	 69
DATA	1688152029	270741939	18876	0	""	2023-06-30	15:07:09	23626.604	402.99899	2073.9092	39.2117	55.001	27.6931	46.9044	0.00382053	12.156	54.5005	-66	0.421462	23.7274	189
DATA	1688152030	270741939	18880	0	""	2023-06-30	15:07:10	23620.17	404.05649	2073.5911	39.2117	55.001	27.6939	46.9048	0.00382982	12.1564	54.5005	426.5	0.421462	23.7274	 11
DATA	1688152031	270369052	18884	0	""	2023-06-30	15:07:11	23610.773	402.38242	2073.1438	39.2121	55.001	27.6972	46.9046	0.00381665	12.156	54.5005	-99.5	0.421462	23.7274	252
DATA	1688152032	270369052	18888	0	""	2023-06-30	15:07:12	23602.854	401.64093	2073.3984	39.2113	55.001	27.6951	46.9048	0.00382221	12.1563	54.5005	-23.75	0.421462	23.7278	 99
DATA	1688152033	270369052	18892	0	""	2023-06-30	15:07:13	23604.814	402.12564	2073.1975	39.2121	55.001	27.6918	46.9048	0.00382798	12.1568	54.5005	-78.5	0.421462	23.727	 14
DATA	1688152034	270369052	18896	0	""	2023-06-30	15:07:14	23603.355	401.89951	2073.4495	39.2121	55.001	27.6914	46.9048	0.00380629	12.1562	54.5005	218.75	0.421462	23.7278	123
DATA	1688152035	270369052	18900	0	""	2023-06-30	15:07:15	23606.639	402.95889	2073.3625	39.2121	55.001	27.6914	46.9044	0.00381262	12.1563	54.5005	40.75	0.421462	23.7262	 50
DATA	1688152036	270369052	18904	0	""	2023-06-30	15:07:16	23618.775	403.21234	2073.481	39.2121	55.001	27.6923	46.9044	0.00383514	12.1564	54.5005	-30.5	0.421462	23.7254	232
DATA	1688152037	270369052	18908	0	""	2023-06-30	15:07:17	23627.301	404.39868	2073.5623	39.2126	55.001	27.6923	46.9044	0.00382491	12.1563	54.5005	-48.5	0.421462	23.7262	 56
DATA	1688152038	270004987	18912	0	""	2023-06-30	15:07:18	23631.805	404.62064	2073.5515	39.2126	55.001	27.691	46.9044	0.00383045	12.1564	54.5005	40.75	0.421462	23.7258	252
DATA	1688152039	270004987	18916	0	""	2023-06-30	15:07:19	23636.002	404.99188	2073.6848	39.2117	55.001	27.6923	46.9048	0.00381914	12.1568	54.5005	-42.75	0.421462	23.725	 77
DATA	1688152040	270004987	18920	0	""	2023-06-30	15:07:20	23636.219	403.77753	2073.5154	39.2117	55.001	27.6894	46.9048	0.00384268	12.1564	54.5005	-25.25	0.421462	23.725	 52
DATA	1688152041	270004987	18924	0	""	2023-06-30	15:07:21	23628.631	403.68738	2073.5076	39.2121	55.001	27.689	46.9048	0.00383815	12.1559	54.5005	178.25	0.421462	23.7258	 75
DATA	1688152042	270004987	18928	0	""	2023-06-30	15:07:22	23619.814	403.73944	2073.3679	39.2126	55.001	27.6914	46.9048	0.00383796	12.1566	54.5005	47	0.421462	23.7254	192
DATA	1688152043	270004987	18932	0	""	2023-06-30	15:07:23	23615.199	402.73718	2073.4028	39.2121	55.001	27.6927	46.9048	0.00382471	12.1563	54.5005	-66	0.421462	23.7258	213
DATA	1688152044	270004987	18936	0	""	2023-06-30	15:07:24	23617.352	402.50815	2073.5083	39.2138	55.001	27.6918	46.9044	0.00381051	12.1565	54.5005	78.5	0.421462	23.7274	  5
DATA	1688152045	270004987	18940	0	""	2023-06-30	15:07:25	23618.736	402.59058	2073.4651	39.2126	55.001	27.6931	46.9044	0.00382269	12.1563	54.5005	-52.5	0.421462	23.7274	 56
DATA	1688152046	269623994	18944	0	""	2023-06-30	15:07:26	23620.988	403.76138	2073.4797	39.2126	55.001	27.6906	46.9044	0.00383268	12.1558	54.5005	17.25	0.421462	23.727	 47
DATA	1688152047	269623994	18948	0	""	2023-06-30	15:07:27	23619.537	403.08484	2073.353	39.213	55.001	27.6923	46.9046	0.00382613	12.1554	54.5005	-28.25	0.421462	23.727	226
DATA	1688152048	269623994	18952	0	""	2023-06-30	15:07:28	23613.924	401.52548	2073.4155	39.2121	55.001	27.691	46.9048	0.00383072	12.1564	54.5005	41.25	0.421462	23.7274	 12
DATA	1688152049	269623994	18956	0	""	2023-06-30	15:07:29	23611.143	403.39798	2073.2532	39.213	55.001	27.6923	46.9048	0.00382881	12.1562	54.5005	-18	0.421462	23.7262	182
DATA	1688152050	269623994	18960	0	""	2023-06-30	15:07:30	23611.992	401.84784	2073.3108	39.2142	55.001	27.6914	46.9048	0.00381305	12.1556	54.5005	9	0.421462	23.7274	120
DATA	1688152051	269623994	18964	0	""	2023-06-30	15:07:31	23615.809	403.67035	2073.363	39.2121	55.001	27.6906	46.9048	0.00383514	12.156	54.5005	-28	0.421462	23.727	 62
DATA	1688152052	269623994	18968	0	""	2023-06-30	15:07:32	23621.615	404.03174	2073.3604	39.2126	55.001	27.6914	46.9044	0.00382723	12.1564	54.5005	23.25	0.421462	23.7254	 50
DATA	1688152053	269253969	18972	0	""	2023-06-30	15:07:33	23630.062	405.03061	2073.7305	39.213	55.001	27.691	46.9044	0.00383622	12.1562	54.5005	-5.75	0.421462	23.7243	190
DATA	1688152054	269253969	18976	0	""	2023-06-30	15:07:34	23641.918	405.39795	2073.6377	39.2126	55.001	27.6906	46.9044	0.0038431	12.156	54.5005	23.75	0.421462	23.7246	248
DATA	1688152055	269253969	18980	0	""	2023-06-30	15:07:35	23650.678	406.84119	2073.7712	39.2134	55.001	27.6914	46.9044	0.00381278	12.1558	54.5005	28.5	0.421462	23.7254	 37
DATA	1688152056	269253969	18984	0	""	2023-06-30	15:07:36	23654.01	406.14908	2073.531	39.213	55.001	27.6902	46.9048	0.00383299	12.1565	54.5005	-7	0.421462	23.725	229
DATA	1688152057	269253969	18988	0	""	2023-06-30	15:07:37	23655.826	405.64557	2073.9414	39.2126	55.001	27.6898	46.9048	0.00384753	12.1565	54.5005	50.25	0.421462	23.7254	113
DATA	1688152058	269253969	18992	0	""	2023-06-30	15:07:38	23655.113	405.6701	2073.6028	39.2126	55.001	27.6906	46.9048	0.00384789	12.1561	54.5005	108.75	0.421462	23.725	 36
DATA	1688152059	269253969	18996	0	""	2023-06-30	15:07:39	23656.494	405.38483	2073.3225	39.2138	55.001	27.6918	46.9048	0.00383832	12.1559	54.5005	-34.75	0.421462	23.7254	159
DATA	1688152060	269253969	19000	0	""	2023-06-30	15:07:40	23657.18	404.7858	2073.7261	39.2154	55.001	27.6923	46.9048	0.00380442	12.1564	54.5005	183.25	0.421462	23.7258	 13
DATA	1688152061	268877029	19004	0	""	2023-06-30	15:07:41	23657.643	406.22488	2073.6675	39.2134	55.001	27.6923	46.9044	0.00382149	12.1567	54.5005	-99.5	0.421462	23.7278	 81
DATA	1688152062	268877029	19008	0	""	2023-06-30	15:07:42	23659.402	405.80765	2073.4255	39.2117	55.001	27.6906	46.9046	0.00385222	12.1563	54.5005	-90.5	0.421462	23.7274	 57
DATA	1688152063	268877029	19012	0	""	2023-06-30	15:07:43	23659.979	406.3222	2073.5427	39.2121	55.001	27.6881	46.9044	0.00384405	12.1565	54.5005	-52	0.421462	23.727	113
DATA	1688152064	268877029	19016	0	""	2023-06-30	15:07:44	23658.887	405.67828	2073.7249	39.2142	55.001	27.6877	46.9046	0.00383089	12.156	54.5005	109.25	0.421462	23.727	 52
DATA	1688152065	268877029	19020	0	""	2023-06-30	15:07:45	23658.355	404.85327	2073.4045	39.2146	55.001	27.6906	46.9048	0.00379797	12.1562	54.5005	171.75	0.421462	23.7266	140
DATA	1688152066	268877029	19024	0	""	2023-06-30	15:07:46	23656.408	406.63901	2073.6462	39.2126	55.001	27.6906	46.9048	0.00382876	12.1557	54.5005	-101.25	0.421462	23.7278	174
DATA	1688152067	268877029	19028	0	""	2023-06-30	15:07:47	23654.996	405.83578	2073.7788	39.2142	55.001	27.6886	46.9048	0.00382691	12.1559	54.5005	5	0.421462	23.7266	181
DATA	1688152068	268517971	19032	0	""	2023-06-30	15:07:48	23655.949	406.75018	2073.6699	39.2134	55.001	27.6894	46.9048	0.00381861	12.1559	54.5005	46.75	0.421462	23.727	 61
DATA	1688152069	268517971	19036	0	""	2023-06-30	15:07:49	23657.727	405.78586	2073.5884	39.213	55.001	27.6886	46.9048	0.00381439	12.156	54.5005	-24.5	0.421462	23.7258	  4
DATA	1688152070	268517971	19040	0	""	2023-06-30	15:07:50	23659.662	405.10928	2073.6675	39.2126	55.001	27.6881	46.9044	0.00383592	12.1565	54.5005	-20.5	0.421462	23.7254	 59
DATA	1688152071	268517971	19044	0	""	2023-06-30	15:07:51	23658.66	405.51071	2073.5793	39.213	55.001	27.6886	46.9046	0.00384614	12.1559	54.5005	118.25	0.421462	23.725	226
DATA	1688152072	268517971	19048	0	""	2023-06-30	15:07:52	23659.498	405.44141	2073.5764	39.2138	55.001	27.6894	46.9048	0.00384057	12.1556	54.5005	69	0.421462	23.725	151
DATA	1688152073	268517971	19052	0	""	2023-06-30	15:07:53	23660.811	406.34406	2073.6743	39.215	55.001	27.6914	46.9048	0.00381547	12.1561	54.5005	-8.25	0.421462	23.725	206
DATA	1688152074	268517971	19056	0	""	2023-06-30	15:07:54	23660.469	406.41937	2073.3833	39.2134	55.001	27.6902	46.9048	0.00383369	12.1558	54.5005	-75.75	0.421462	23.7246	136
DATA	1688152075	268517971	19060	0	""	2023-06-30	15:07:55	23662.688	406.27979	2073.6653	39.213	55.001	27.6894	46.9048	0.00385772	12.1561	54.5005	14	0.421462	23.725	100
DATA	1688152076	268136978	19064	0	""	2023-06-30	15:07:56	23663.295	405.40909	2073.7251	39.213	55.001	27.691	46.9048	0.00384291	12.1564	54.5005	73.5	0.421462	23.725	130
DATA	1688152077	268136978	19068	0	""	2023-06-30	15:07:57	23662.684	405.92651	2073.6357	39.2138	55.001	27.691	46.9048	0.00383394	12.1559	54.5005	-112	0.421462	23.7258	251
DATA	1688152078	268136978	19072	0	""	2023-06-30	15:07:58	23662.291	406.10477	2073.8267	39.2146	55.001	27.691	46.9044	0.00380037	12.1558	54.5005	227.5	0.421462	23.7278	 33
DATA	1688152079	268136978	19076	0	""	2023-06-30	15:07:59	23659.572	405.91129	2073.5537	39.213	55.001	27.6939	46.9044	0.00383049	12.1561	54.5005	64	0.421462	23.727	102
DATA	1688152080	268136978	19080	0	""	2023-06-30	15:08:00	23661.029	405.79758	2073.4087	39.2126	55.001	27.6935	46.9046	0.00384039	12.1561	54.5005	-188.25	0.421462	23.7274	175
DATA	1688152081	268136978	19084	0	""	2023-06-30	15:08:01	23659.689	404.74329	2073.4692	39.2138	55.001	27.6906	46.9048	0.00382976	12.1566	54.5005	-93.5	0.421462	23.7266	104
DATA	1688152082	268136978	19088	0	""	2023-06-30	15:08:02	23659.607	405.57257	2073.5139	39.2146	55.001	27.6902	46.9048	0.00379118	12.1561	54.5005	104.75	0.421462	23.7274	133
DATA	1688152083	267780065	19092	0	""	2023-06-30	15:08:03	23659.059	406.32452	2073.1111	39.2134	55.001	27.6923	46.9048	0.00383472	12.156	54.5005	-88.75	0.421462	23.7254	 54
DATA	1688152084	267780065	19096	0	""	2023-06-30	15:08:04	23660.508	405.14926	2073.4785	39.2134	55.001	27.6902	46.9048	0.00383737	12.1561	54.5005	154.25	0.421462	23.7274	120
DATA	1688152085	267780065	19100	0	""	2023-06-30	15:08:05	23659.27	405.47736	2073.9146	39.2138	55.001	27.6914	46.9048	0.00383563	12.1553	54.5005	130.5	0.421462	23.727	218
DATA	1688152086	267780065	19104	0	""	2023-06-30	15:08:06	23660.355	406.35135	2073.6023	39.2146	55.001	27.6914	46.9044	0.0038145	12.1561	54.5005	-44.75	0.421462	23.7254	 39
DATA	1688152087	267780065	19108	0	""	2023-06-30	15:08:07	23658.975	406.45993	2073.45	39.2138	55.001	27.6923	46.9044	0.00384606	12.1561	54.5005	2.5	0.421462	23.7246	133
DATA	1688152088	267780065	19112	0	""	2023-06-30	15:08:08	23661.436	404.98718	2073.636	39.2146	55.001	27.689	46.9044	0.00384545	12.1565	54.5005	-60.5	0.421462	23.725	175
DATA	1688152089	267780065	19116	0	""	2023-06-30	15:08:09	23659.477	406.13605	2073.553	39.2158	55.001	27.689	46.9046	0.00381187	12.1565	54.5005	164.75	0.421462	23.725	242
DATA	1688152090	267780065	19120	0	""	2023-06-30	15:08:10	23660.865	405.69998	2073.5901	39.2134	55.001	27.6902	46.9048	0.00383339	12.1566	54.5005	-81.75	0.421462	23.725	 68
DATA	1688152091	267395973	19124	0	""	2023-06-30	15:08:11	23660.855	406.224	2073.6023	39.215	55.001	27.6902	46.9048	0.00385325	12.1564	54.5005	69	0.421462	23.7254	 11
DATA	1688152092	267395973	19128	0	""	2023-06-30	15:08:12	23660.148	406.80219	2073.6177	39.2142	55.001	27.6923	46.9048	0.00380273	12.1559	54.5005	127.75	0.421462	23.725	 72
DATA	1688152093	267395973	19132	0	""	2023-06-30	15:08:13	23661.623	406.12503	2073.1973	39.2142	55.001	27.6927	46.9048	0.0038214	12.1563	54.5005	-58.25	0.421462	23.7254	 51
DATA	1688152094	267395973	19136	0	""	2023-06-30	15:08:14	23662.203	406.71475	2073.5789	39.2134	55.001	27.6873	46.9046	0.0038565	12.1559	54.5005	-93.25	0.421462	23.7274	 88
DATA	1688152095	267395973	19140	0	""	2023-06-30	15:08:15	23664.898	406.30746	2073.6277	39.2158	55.001	27.6881	46.9046	0.00381036	12.1561	54.5005	119.5	0.421462	23.7278	 92
DATA	1688152096	267395973	19144	0	""	2023-06-30	15:08:16	23665.777	405.9686	2073.4634	39.2138	55.001	27.6894	46.9044	0.00381752	12.1558	54.5005	174	0.421462	23.727	163
DATA	1688152097	267395973	19148	0	""	2023-06-30	15:08:17	23662.486	406.49924	2073.4409	39.2146	55.001	27.6906	46.9048	0.00383271	12.1558	54.5005	-116.25	0.421462	23.727	140
DATA	1688152098	267034053	19152	0	""	2023-06-30	15:08:18	23660.451	406.86264	2073.5491	39.2146	55.001	27.689	46.9048	0.00383886	12.1561	54.5005	-34.5	0.421462	23.727	223
DATA	1688152099	267034053	19156	0	""	2023-06-30	15:08:19	23661.547	406.63104	2073.4785	39.2142	55.001	27.6898	46.9048	0.00379918	12.1559	54.5005	51.25	0.421462	23.7266	 90
DATA	1688152100	267034053	19160	0	""	2023-06-30	15:08:20	23663.572	406.84338	2073.7861	39.2142	55.001	27.689	46.9048	0.00384304	12.156	54.5005	42.5	0.421462	23.727	 96
DATA	1688152101	267034053	19164	0	""	2023-06-30	15:08:21	23661.965	406.63562	2073.563	39.213	55.001	27.6886	46.9048	0.00385959	12.1561	54.5005	-32	0.421462	23.7266	112
DATA	1688152102	267034053	19168	0	""	2023-06-30	15:08:22	23660.645	405.6561	2073.4363	39.2163	55.001	27.6902	46.9048	0.00382252	12.1554	54.5005	127.25	0.421462	23.727	241
DATA	1688152103	267034053	19172	0	""	2023-06-30	15:08:23	23663.633	406.79453	2073.634	39.2154	55.001	27.691	46.9044	0.00381036	12.1559	54.5005	-99.25	0.421462	23.7258	  0
DATA	1688152104	267034053	19176	0	""	2023-06-30	15:08:24	23663.295	406.24734	2073.3896	39.213	55.001	27.6873	46.9044	0.00385056	12.1559	54.5005	-65	0.421462	23.725	115
DATA	1688152105	267034053	19180	0	""	2023-06-30	15:08:25	23664.496	406.7529	2073.4792	39.2154	55.001	27.6869	46.9044	0.00383578	12.1563	54.5005	103	0.421462	23.725	124
DATA	1688152106	266653060	19184	0	""	2023-06-30	15:08:26	23665.535	406.13504	2073.4099	39.2142	55.001	27.6894	46.9048	0.00383294	12.1564	54.5005	-53	0.421462	23.725	163
DATA	1688152107	266653060	19188	0	""	2023-06-30	15:08:27	23666.439	406.28671	2073.3625	39.2146	55.001	27.689	46.9048	0.00384683	12.1558	54.5005	12.75	0.421462	23.725	240
DATA	1688152108	266653060	19192	0	""	2023-06-30	15:08:28	23666.289	405.89755	2073.4722	39.215	55.001	27.6881	46.9048	0.00381498	12.1563	54.5005	109.75	0.421462	23.725	 39
DATA	1688152109	266653060	19196	0	""	2023-06-30	15:08:29	23667.607	405.65625	2073.1748	39.2142	55.001	27.6886	46.9048	0.00383692	12.1559	54.5005	-79	0.421462	23.7254	249
DATA	1688152110	266653060	19200	0	""	2023-06-30	15:08:30	23668.088	405.1947	2073.3511	39.2142	55.001	27.6877	46.9048	0.0038376	12.1564	54.5005	-30	0.421462	23.725	 41
DATA	1688152111	266653060	19204	0	""	2023-06-30	15:08:31	23667.84	404.64789	2073.438	39.2158	55.001	27.6894	46.9046	0.00380991	12.1562	54.5005	74.25	0.421462	23.7266	231
DATA	1688152112	266653060	19208	0	""	2023-06-30	15:08:32	23670.363	405.47186	2073.4988	39.215	55.001	27.6906	46.9044	0.00382414	12.1555	54.5005	70.25	0.421462	23.7274	  3
DATA	1688152113	266289949	19212	0	""	2023-06-30	15:08:33	23668.764	405.21103	2073.1699	39.2138	55.001	27.6886	46.9046	0.00383655	12.1557	54.5005	-69	0.421462	23.7262	240
DATA	1688152114	266289949	19216	0	""	2023-06-30	15:08:34	23665.725	404.0477	2073.1675	39.2146	55.001	27.6861	46.9048	0.00382624	12.156	54.5005	-6	0.421462	23.7274	 77
DATA	1688152115	266289949	19220	0	""	2023-06-30	15:08:35	23664.008	404.3746	2073.3948	39.2163	55.001	27.6869	46.9048	0.00378211	12.1568	54.5005	79.5	0.421462	23.727	194
DATA	1688152116	266289949	19224	0	""	2023-06-30	15:08:36	23659.957	404.09872	2073.2739	39.2138	55.001	27.6881	46.9048	0.00383299	12.1564	54.5005	-40	0.421462	23.7266	  3
DATA	1688152117	266289949	19228	0	""	2023-06-30	15:08:37	23656.131	404.37509	2073.3328	39.2138	55.001	27.6857	46.9048	0.00384323	12.1557	54.5005	-109	0.421462	23.7266	 31
DATA	1688152118	266289949	19232	0	""	2023-06-30	15:08:38	23658.889	404.45673	2073.4045	39.2154	55.001	27.6844	46.9048	0.00382028	12.1559	54.5005	136.5	0.421462	23.727	 45
DATA	1688152119	266289949	19236	0	""	2023-06-30	15:08:39	23659.561	402.53024	2073.2224	39.215	55.001	27.6877	46.9046	0.00379483	12.1569	54.5005	41.25	0.421462	23.7246	 35
DATA	1688152120	266289949	19240	0	""	2023-06-30	15:08:40	23656.906	402.33295	2073.5681	39.2142	55.001	27.6877	46.9044	0.00384525	12.1566	54.5005	-134.5	0.421462	23.725	 62
DATA	1688152121	265912055	19244	0	""	2023-06-30	15:08:41	23653.855	403.15674	2073.0671	39.2154	55.001	27.6824	46.9044	0.00382856	12.1556	54.5005	39.75	0.421462	23.7246	 62
DATA	1688152122	265912055	19248	0	""	2023-06-30	15:08:42	23653.32	403.82565	2073.4111	39.2146	55.001	27.6857	46.9044	0.00382062	12.1561	54.5005	138	0.421462	23.725	 92
DATA	1688152123	265912055	19252	0	""	2023-06-30	15:08:43	23652.873	403.85696	2073.1738	39.2146	55.001	27.6849	46.9044	0.00383555	12.1559	54.5005	-82	0.421462	23.725	180
DATA	1688152124	265912055	19256	0	""	2023-06-30	15:08:44	23651.934	402.19852	2073.0466	39.215	55.001	27.6836	46.9048	0.00382948	12.1561	54.5005	227.75	0.421462	23.7246	 70
DATA	1688152125	265912055	19260	0	""	2023-06-30	15:08:45	23649.711	402.89716	2073.1655	39.215	55.001	27.6881	46.9048	0.0038081	12.1563	54.5005	207.5	0.421462	23.725	160
DATA	1688152126	265912055	19264	0	""	2023-06-30	15:08:46	23649.928	402.10843	2073.1526	39.2134	55.001	27.6881	46.9048	0.00384194	12.1566	54.5005	-45	0.421462	23.7246	219
DATA	1688152127	265912055	19268	0	""	2023-06-30	15:08:47	23644.846	402.4126	2073.1921	39.2163	55.001	27.6869	46.9048	0.0038154	12.1555	54.5005	55.75	0.421462	23.7254	226
DATA	1688152128	265535116	19272	0	""	2023-06-30	15:08:48	23641.811	402.19977	2073.2959	39.2146	55.001	27.6873	46.9046	0.00382505	12.1561	54.5005	-26.25	0.421462	23.727	 64
DATA	1688152129	265535116	19276	0	""	2023-06-30	15:08:49	23636.973	402.09116	2073.146	39.215	55.001	27.6873	46.9046	0.00383171	12.1566	54.5005	-34.25	0.421462	23.727	212
DATA	1688152130	265535116	19280	0	""	2023-06-30	15:08:50	23630.742	403.25684	2073.3083	39.2163	55.001	27.689	46.9044	0.00379676	12.1562	54.5005	-72.25	0.421462	23.7274	 49
DATA	1688152131	265535116	19284	0	""	2023-06-30	15:08:51	23632.074	401.76379	2073.1653	39.2146	55.001	27.6865	46.9048	0.00383351	12.1565	54.5005	-109.5	0.421462	23.7274	103
DATA	1688152132	265535116	19288	0	""	2023-06-30	15:08:52	23632.77	403.01001	2073.1216	39.2154	55.001	27.6849	46.9048	0.00382939	12.1562	54.5005	116.5	0.421462	23.7274	249
DATA	1688152133	265535116	19292	0	""	2023-06-30	15:08:53	23634.232	403.30551	2073.0586	39.2134	55.001	27.6881	46.9048	0.0038396	12.1566	54.5005	-73	0.421462	23.7262	152
DATA	1688152134	265535116	19296	0	""	2023-06-30	15:08:54	23642.76	403.80023	2073.0972	39.215	55.001	27.6849	46.9048	0.00385259	12.1562	54.5005	-122.75	0.421462	23.727	  6
DATA	1688152135	265535116	19300	0	""	2023-06-30	15:08:55	23650.377	404.29245	2073.376	39.2154	55.001	27.6844	46.9048	0.00382429	12.1555	54.5005	198.25	0.421462	23.7262	 62
DATA	1688152136	265166997	19304	0	""	2023-06-30	15:08:56	23654.256	402.91644	2073.0945	39.2154	55.001	27.6869	46.9046	0.00383185	12.1558	54.5005	-9.75	0.421462	23.725	 37
DATA	1688152137	265166997	19308	0	""	2023-06-30	15:08:57	23657.24	403.54681	2073.321	39.2146	55.001	27.6853	46.9044	0.00385174	12.1562	54.5005	-66.25	0.421462	23.7246	 18
DATA	1688152138	265166997	19312	0	""	2023-06-30	15:08:58	23655.523	403.57233	2073.2356	39.2163	55.001	27.6869	46.9044	0.00380634	12.1563	54.5005	138	0.421462	23.725	179
DATA	1688152139	265166997	19316	0	""	2023-06-30	15:08:59	23658.416	404.37421	2073.1831	39.215	55.001	27.6861	46.9044	0.00383489	12.1559	54.5005	23	0.421462	23.7246	138
DATA	1688152140	265166997	19320	0	""	2023-06-30	15:09:00	23655.971	404.29202	2073.1399	39.215	55.001	27.6857	46.9048	0.00382317	12.1562	54.5007	-17	0.421462	23.7246	164
DATA	1688152141	265166997	19324	0	""	2023-06-30	15:09:01	23656.498	403.9227	2072.9695	39.2171	55.001	27.6881	46.9048	0.00379162	12.1559	54.5005	145.5	0.421462	23.7262	 39
DATA	1688152142	265166997	19328	0	""	2023-06-30	15:09:02	23660.9	404.00781	2073.2466	39.215	55.001	27.6853	46.9048	0.00382959	12.1558	54.5011	-104.75	0.421462	23.7262	 14
DATA	1688152143	264797925	19332	0	""	2023-06-30	15:09:03	23661.432	404.00259	2073.1472	39.215	55.001	27.6824	46.9048	0.00381094	12.1556	54.5009	29.25	0.421462	23.727	211
DATA	1688152144	264797925	19336	0	""	2023-06-30	15:09:04	23657.959	403.82245	2073.0872	39.2142	55.001	27.6836	46.9048	0.00383376	12.1563	54.5005	-16.5	0.421462	23.7258	 83
DATA	1688152145	264797925	19340	0	""	2023-06-30	15:09:05	23657.039	403.65594	2073.2588	39.2142	55.001	27.6828	46.9046	0.00384054	12.1561	54.5005	48.75	0.421462	23.727	 35
DATA	1688152146	264797925	19344	0	""	2023-06-30	15:09:06	23656.369	402.56229	2072.9312	39.2163	55.001	27.6853	46.9044	0.00380183	12.1558	54.5005	132.5	0.421462	23.7274	 74
DATA	1688152147	264797925	19348	0	""	2023-06-30	15:09:07	23643.312	402.43689	2073.0813	39.2146	55.001	27.6881	46.9044	0.00382639	12.1556	54.5005	-21.5	0.421462	23.727	 18
DATA	1688152148	264797925	19352	0	""	2023-06-30	15:09:08	23638.559	403.70511	2073.1089	39.2158	55.001	27.6865	46.9044	0.0038274	12.1559	54.5005	59.25	0.421462	23.727	248
DATA	1688152149	264797925	19356	0	""	2023-06-30	15:09:09	23633.908	402.97778	2073.1309	39.2158	55.001	27.6873	46.9046	0.00380161	12.1564	54.5005	-112.5	0.421462	23.7274	134
DATA	1688152150	264797925	19360	0	""	2023-06-30	15:09:10	23626.348	402.35577	2072.6648	39.2158	55.001	27.6853	46.9048	0.00382926	12.156	54.5005	-127.5	0.421462	23.7282	 76
DATA	1688152151	264420032	19364	0	""	2023-06-30	15:09:11	23619.578	402.43796	2073.0498	39.2154	55.001	27.684	46.9048	0.00380429	12.1568	54.5005	-36.5	0.421462	23.727	213
DATA	1688152152	264420032	19368	0	""	2023-06-30	15:09:12	23617.596	401.46902	2072.9651	39.2154	55.001	27.682	46.9048	0.00381809	12.1559	54.5005	7.25	0.421462	23.727	163
DATA	1688152153	264420032	19372	0	""	2023-06-30	15:09:13	23619.896	402.42615	2073.0786	39.2167	55.001	27.6853	46.9046	0.00381131	12.1564	54.5005	45	0.421462	23.7258	159
DATA	1688152154	264420032	19376	0	""	2023-06-30	15:09:14	23617.482	402.56363	2072.7961	39.215	55.001	27.6844	46.9044	0.00383439	12.1561	54.5005	63	0.421462	23.725	 56
DATA	1688152155	264420032	19380	0	""	2023-06-30	15:09:15	23617.609	402.03894	2072.9961	39.2163	55.001	27.6844	46.9044	0.00381019	12.1565	54.5005	27.75	0.421462	23.725	  3
DATA	1688152156	264420032	19384	0	""	2023-06-30	15:09:16	23619.92	403.03024	2073.002	39.2138	55.001	27.684	46.9044	0.00382447	12.1564	54.5005	50.75	0.421462	23.7254	134
DATA	1688152157	264420032	19388	0	""	2023-06-30	15:09:17	23631.309	403.92139	2073.1963	39.2138	55.001	27.6853	46.9048	0.00383859	12.1553	54.5005	51	0.421462	23.7246	173
DATA	1688152158	264050960	19392	0	""	2023-06-30	15:09:18	23643.967	403.68726	2073.0496	39.2175	55.001	27.6865	46.9048	0.00380507	12.1564	54.5005	23.5	0.421462	23.7246	 32
DATA	1688152159	264050960	19396	0	""	2023-06-30	15:09:19	23652.023	404.35577	2073.1853	39.2154	55.001	27.6857	46.9048	0.00382667	12.1565	54.5005	-7.75	0.421462	23.7246	 80
DATA	1688152160	264050960	19400	0	""	2023-06-30	15:09:20	23656.344	403.66705	2073.1377	39.2163	55.001	27.6861	46.9048	0.00384848	12.1563	54.5005	-45	0.421462	23.725	152
DATA	1688152161	264050960	19404	0	""	2023-06-30	15:09:21	23661.367	405.42828	2073.071	39.2154	55.001	27.6865	46.9048	0.00381285	12.1561	54.5005	-46.75	0.421462	23.7258	 52
DATA	1688152162	264050960	19408	0	""	2023-06-30	15:09:22	23661.047	404.41827	2073.4521	39.2158	55.001	27.6857	46.9044	0.00384432	12.1562	54.5005	-0.75	0.421462	23.7278	 45
DATA	1688152163	264050960	19412	0	""	2023-06-30	15:09:23	23657.209	402.85342	2073.0532	39.2167	55.001	27.6828	46.9044	0.00381119	12.1559	54.5005	-18.5	0.421462	23.7278	 48
DATA	1688152164	264050960	19416	0	""	2023-06-30	15:09:24	23656.984	406.46539	2073.5027	39.2167	55.001	27.682	46.9044	0.00381071	12.156	54.5005	-4.5	0.421462	23.727	108
DATA	1688152165	264050960	19420	0	""	2023-06-30	15:09:25	23656.588	404.94388	2073.1875	39.2158	55.001	27.6836	46.9046	0.00383496	12.1561	54.5005	53.25	0.421462	23.7266	 88
DATA	1688152166	263681888	19424	0	""	2023-06-30	15:09:26	23659.912	404.71521	2073.3633	39.2163	55.001	27.6865	46.9048	0.00381195	12.1561	54.5005	170	0.421462	23.7274	232
DATA	1688152167	263681888	19428	0	""	2023-06-30	15:09:27	23662.203	405.03918	2073.1265	39.2154	55.001	27.6865	46.9048	0.0038435	12.1559	54.5005	-132.75	0.421462	23.7274	126
DATA	1688152168	263681888	19432	0	""	2023-06-30	15:09:28	23664.744	405.6571	2072.9546	39.2171	55.001	27.6853	46.9048	0.0038124	12.1567	54.5005	139	0.421462	23.727	 96
DATA	1688152169	263681888	19436	0	""	2023-06-30	15:09:29	23666.596	404.41754	2073.1726	39.2158	55.001	27.6857	46.9048	0.00382199	12.1565	54.5005	-59.5	0.421462	23.7266	114
DATA	1688152170	263681888	19440	0	""	2023-06-30	15:09:30	23665.051	405.12106	2073.0803	39.215	55.001	27.6828	46.9046	0.00384606	12.156	54.5005	-129.25	0.421462	23.725	242
DATA	1688152171	263681888	19444	0	""	2023-06-30	15:09:31	23666.461	405.91418	2073.3855	39.2175	55.001	27.682	46.9044	0.00381013	12.1557	54.5005	56	0.421462	23.7246	127
DATA	1688152172	263681888	19448	0	""	2023-06-30	15:09:32	23665.188	405.91599	2072.937	39.215	55.001	27.6836	46.9044	0.0038488	12.1555	54.5005	17.25	0.421462	23.725	155
DATA	1688152173	263310909	19452	0	""	2023-06-30	15:09:33	23666.535	406.24716	2073.0886	39.2171	55.001	27.6828	46.9044	0.0038229	12.156	54.5005	241.25	0.421462	23.7246	  9
DATA	1688152174	263310909	19456	0	""	2023-06-30	15:09:34	23665.936	406.3819	2073.2932	39.215	55.001	27.6824	46.9046	0.00382478	12.1563	54.5005	-26.75	0.421462	23.7235	 21
DATA	1688152175	263310909	19460	0	""	2023-06-30	15:09:35	23666.586	405.38324	2073.124	39.2167	55.001	27.6824	46.9048	0.00382161	12.1557	54.5005	34.75	0.421462	23.7246	 15
DATA	1688152176	263310909	19464	0	""	2023-06-30	15:09:36	23668.561	405.08673	2073.0576	39.2146	55.001	27.6828	46.9048	0.00383998	12.1565	54.5005	-53	0.421462	23.725	193
DATA	1688152177	263310909	19468	0	""	2023-06-30	15:09:37	23669.439	405.13889	2072.9353	39.2167	55.001	27.6812	46.9048	0.00382029	12.1561	54.5005	148.75	0.421462	23.725	 92
DATA	1688152178	263310909	19472	0	""	2023-06-30	15:09:38	23667.783	405.68494	2072.9436	39.215	55.001	27.6828	46.9048	0.00383016	12.1564	54.5005	98.75	0.421462	23.725	  0
DATA	1688152179	263310909	19476	0	""	2023-06-30	15:09:39	23666.473	405.4729	2072.9666	39.2154	55.001	27.6844	46.9044	0.00384171	12.1562	54.5005	-87.5	0.421462	23.727	242
DATA	1688152180	263310909	19480	0	""	2023-06-30	15:09:40	23663.812	405.44894	2072.9902	39.2167	55.001	27.6824	46.9044	0.00382457	12.1554	54.5005	-18	0.421462	23.727	166
DATA	1688152181	262938022	19484	0	""	2023-06-30	15:09:41	23663.131	405.35468	2073.0925	39.2167	55.001	27.682	46.9044	0.00384501	12.1557	54.5005	-111.5	0.421462	23.7266	 42
DATA	1688152182	262938022	19488	0	""	2023-06-30	15:09:42	23663.961	405.24741	2073.1831	39.2171	55.001	27.6803	46.9044	0.00381154	12.1555	54.5005	165.75	0.421462	23.7274	109
DATA	1688152183	262938022	19492	0	""	2023-06-30	15:09:43	23664.465	404.51147	2072.6555	39.2154	55.001	27.682	46.9044	0.0038354	12.1559	54.5005	79.5	0.421462	23.727	126
DATA	1688152184	262938022	19496	0	""	2023-06-30	15:09:44	23664.807	405.54218	2073.0696	39.2171	55.001	27.6812	46.9044	0.00379757	12.1563	54.5005	64	0.421462	23.7266	190
DATA	1688152185	262938022	19500	0	""	2023-06-30	15:09:45	23665.438	404.78378	2073.0603	39.2167	55.001	27.6828	46.9048	0.00380348	12.1561	54.5005	-14	0.421462	23.7266	221
DATA	1688152186	262938022	19504	0	""	2023-06-30	15:09:46	23665.316	405.45276	2073.0044	39.2158	55.001	27.6812	46.9048	0.00384472	12.1559	54.5005	-79.75	0.421462	23.727	 71
DATA	1688152187	262938022	19508	0	""	2023-06-30	15:09:47	23666.889	406.09537	2073.1079	39.2175	55.001	27.6807	46.9046	0.00381086	12.156	54.5005	60.75	0.421462	23.725	245
DATA	1688152188	262562990	19512	0	""	2023-06-30	15:09:48	23665.543	406.71732	2073.1094	39.2175	55.001	27.6812	46.9044	0.00382131	12.1565	54.5005	49.75	0.421462	23.725	 18
DATA	1688152189	262562990	19516	0	""	2023-06-30	15:09:49	23665.604	406.20041	2072.8533	39.2167	55.001	27.6816	46.9044	0.00383939	12.1559	54.5005	-19.75	0.421462	23.7246	133
DATA	1688152190	262562990	19520	0	""	2023-06-30	15:09:50	23668.486	404.49725	2072.7825	39.2158	55.001	27.6807	46.9044	0.00382006	12.1559	54.5005	-63	0.421462	23.7246	229
DATA	1688152191	262562990	19524	0	""	2023-06-30	15:09:51	23668.062	406.55481	2072.9856	39.2175	55.001	27.6791	46.9048	0.00383027	12.1554	54.5005	-20.5	0.421462	23.7246	 69
DATA	1688152192	262562990	19528	0	""	2023-06-30	15:09:52	23670.605	404.88782	2073.0862	39.2154	55.001	27.6791	46.9048	0.00383437	12.156	54.5005	-31.5	0.421462	23.7246	 21
DATA	1688152193	262562990	19532	0	""	2023-06-30	15:09:53	23670.898	406.08044	2073.0183	39.2163	55.001	27.6791	46.9048	0.00383656	12.156	54.5005	97.75	0.421462	23.7246	 38
DATA	1688152194	262562990	19536	0	""	2023-06-30	15:09:54	23670.24	406.45956	2072.8816	39.2163	55.001	27.6799	46.9048	0.0038446	12.156	54.5005	-87.5	0.421462	23.725	146
DATA	1688152195	262562990	19540	0	""	2023-06-30	15:09:55	23670.592	404.89334	2072.9941	39.2158	55.001	27.6779	46.9048	0.0038307	12.1557	54.5005	-11	0.421462	23.725	137
DATA	1688152196	262200117	19544	0	""	2023-06-30	15:09:56	23670.654	405.46365	2072.9131	39.2183	55.001	27.6791	46.9044	0.00381087	12.1557	54.5005	79	0.421462	23.727	124
DATA	1688152197	262200117	19548	0	""	2023-06-30	15:09:57	23670.131	404.47861	2072.8982	39.2154	55.001	27.6803	46.9044	0.00385295	12.1565	54.5005	-31.5	0.421462	23.7266	 59
DATA	1688152198	262200117	19552	0	""	2023-06-30	15:09:58	23671.475	406.33347	2073.248	39.2175	55.001	27.6816	46.9044	0.0038118	12.1564	54.5005	65.25	0.421462	23.727	166
DATA	1688152199	262200117	19556	0	""	2023-06-30	15:09:59	23673.498	406.51828	2072.9302	39.2154	55.001	27.6812	46.9044	0.00383855	12.1558	54.5005	-20	0.421462	23.727	172
DATA	1688152200	262200117	19560	0	""	2023-06-30	15:10:00	23673.174	405.5751	2072.9324	39.2163	55.001	27.6787	46.9048	0.00383789	12.1559	54.5005	106	0.421462	23.727	 98
DATA	1688152201	262200117	19564	0	""	2023-06-30	15:10:01	23672.656	406.25278	2073.0645	39.2187	55.001	27.6816	46.9048	0.0038067	12.1559	54.5005	95.5	0.421462	23.7262	205
DATA	1688152202	262200117	19568	0	""	2023-06-30	15:10:02	23674.23	407.1178	2072.8486	39.2175	55.001	27.6824	46.9048	0.00382985	12.1557	54.5005	66.25	0.421462	23.727	161
DATA	1688152203	261821985	19572	0	""	2023-06-30	15:10:03	23675.494	405.75992	2073.1375	39.2154	55.001	27.682	46.9048	0.00385247	12.1553	54.5005	-130.5	0.421462	23.727	  6
DATA	1688152204	261821985	19576	0	""	2023-06-30	15:10:04	23676.873	406.3634	2073.0891	39.2179	55.001	27.682	46.9046	0.00381328	12.1566	54.5005	152.5	0.421462	23.7235	222
DATA	1688152205	261821985	19580	0	""	2023-06-30	15:10:05	23672.744	406.24908	2073.103	39.2171	55.001	27.6828	46.9044	0.00382296	12.1559	54.5005	-60	0.421462	23.725	103
DATA	1688152206	261821985	19584	0	""	2023-06-30	15:10:06	23674.814	405.88312	2072.7488	39.2167	55.001	27.6812	46.9044	0.00384846	12.1559	54.5005	-72	0.421462	23.7246	234
DATA	1688152207	261821985	19588	0	""	2023-06-30	15:10:07	23677.822	405.43011	2072.9893	39.2179	55.001	27.6807	46.9044	0.00380429	12.1558	54.5005	48.5	0.421462	23.7246	 31
DATA	1688152208	261821985	19592	0	""	2023-06-30	15:10:08	23680.061	405.44394	2073.0403	39.2163	55.001	27.6816	46.9046	0.00383588	12.1558	54.5005	-7.75	0.421462	23.7246	 62
DATA	1688152209	261821985	19596	0	""	2023-06-30	15:10:09	23678.49	405.97986	2073.0278	39.2171	55.001	27.6779	46.9048	0.00382671	12.1563	54.5005	11	0.421462	23.7246	155
DATA	1688152210	261821985	19600	0	""	2023-06-30	15:10:10	23676.883	406.41898	2073.0564	39.2171	55.001	27.6791	46.9048	0.00381849	12.1565	54.5005	44.5	0.421462	23.7246	 18
DATA	1688152211	261454105	19604	0	""	2023-06-30	15:10:11	23679.287	406.72021	2073.1089	39.2175	55.001	27.6787	46.9048	0.0038499	12.1553	54.5005	-93.75	0.421462	23.7246	 58
DATA	1688152212	261454105	19608	0	""	2023-06-30	15:10:12	23679.43	405.98941	2072.927	39.2179	55.001	27.6787	46.9048	0.00379843	12.1562	54.5005	57.75	0.421462	23.725	186
DATA	1688152213	261454105	19612	0	""	2023-06-30	15:10:13	23681.117	406.47131	2073.0125	39.2163	55.001	27.6791	46.9044	0.00383949	12.1556	54.5005	-61.75	0.421462	23.727	 26
DATA	1688152214	261454105	19616	0	""	2023-06-30	15:10:14	23681.674	405.40839	2072.9302	39.2175	55.001	27.6799	46.9044	0.00381321	12.156	54.5005	4.75	0.421462	23.7274	204
DATA	1688152215	261454105	19620	0	""	2023-06-30	15:10:15	23679.33	406.46014	2073.0051	39.2163	55.001	27.6766	46.9044	0.00383262	12.1556	54.5005	9.5	0.421462	23.727	 82
DATA	1688152216	261454105	19624	0	""	2023-06-30	15:10:16	23681.289	406.71689	2072.9832	39.2175	55.001	27.6779	46.9046	0.00381928	12.1557	54.5005	52	0.421462	23.727	137
DATA	1688152217	261454105	19628	0	""	2023-06-30	15:10:17	23679.814	406.66068	2072.8174	39.2171	55.001	27.677	46.9048	0.00384706	12.1554	54.5005	-28.25	0.421462	23.7266	 66
DATA	1688152218	261079072	19632	0	""	2023-06-30	15:10:18	23682.02	407.11127	2073.1492	39.2171	55.001	27.6783	46.9048	0.00380105	12.1559	54.5005	77.25	0.421462	23.727	196
DATA	1688152219	261079072	19636	0	""	2023-06-30	15:10:19	23683.078	406.3721	2073	39.2175	55.001	27.6766	46.9048	0.00384692	12.1555	54.5005	-74.25	0.421462	23.727	 20
DATA	1688152220	261079072	19640	0	""	2023-06-30	15:10:20	23683.008	406.31854	2072.896	39.2195	55.001	27.6758	46.9048	0.00382598	12.1563	54.5005	71	0.421462	23.7266	121
DATA	1688152221	261079072	19644	0	""	2023-06-30	15:10:21	23683.164	406.36325	2073.0203	39.2183	55.001	27.6779	46.9046	0.00381905	12.1558	54.5005	21.75	0.421462	23.725	246
DATA	1688152222	261079072	19648	0	""	2023-06-30	15:10:22	23683.203	406.85718	2073.0559	39.2179	55.001	27.6783	46.9044	0.00383625	12.1563	54.5005	-45.5	0.421462	23.725	  5
DATA	1688152223	261079072	19652	0	""	2023-06-30	15:10:23	23682.592	407.01813	2072.9683	39.2183	55.001	27.6779	46.9044	0.00382163	12.156	54.5005	298.5	0.421462	23.7246	 14
DATA	1688152224	261079072	19656	0	""	2023-06-30	15:10:24	23684.852	406.5813	2072.9275	39.2167	55.001	27.6795	46.9048	0.00383364	12.1557	54.5005	-114.25	0.421462	23.7243	114
DATA	1688152225	261079072	19660	0	""	2023-06-30	15:10:25	23684.486	407.18958	2073.0713	39.2175	55.001	27.6775	46.9048	0.00383101	12.1564	54.5005	184.5	0.421462	23.7246	 65
DATA	1688152226	260714054	19664	0	""	2023-06-30	15:10:26	23685.242	405.79404	2072.9875	39.2175	55.001	27.6799	46.9048	0.00382958	12.1565	54.5005	92.25	0.421462	23.7243	 88
DATA	1688152227	260714054	19668	0	""	2023-06-30	15:10:27	23687.379	406.29224	2073.0171	39.2175	55.001	27.6816	46.9048	0.00382164	12.1561	54.5005	191.25	0.421462	23.7246	110
DATA	1688152228	260714054	19672	0	""	2023-06-30	15:10:28	23685.418	406.5965	2073.1248	39.2179	55.001	27.6803	46.9048	0.0038469	12.156	54.5005	-143	0.421462	23.725	 68
DATA	1688152229	260714054	19676	0	""	2023-06-30	15:10:29	23686.01	406.97028	2073.0708	39.2175	55.001	27.6779	46.9048	0.00385118	12.1556	54.5005	-25.25	0.421462	23.725	 13
DATA	1688152230	260714054	19680	0	""	2023-06-30	15:10:30	23687.924	406.86633	2072.9822	39.2179	55.001	27.6779	46.9046	0.00382466	12.1556	54.5005	-64	0.421462	23.727	177
DATA	1688152231	260714054	19684	0	""	2023-06-30	15:10:31	23685.801	406.7197	2073.1331	39.2167	55.001	27.6754	46.9044	0.00386057	12.1557	54.5005	96.25	0.421462	23.727	211
DATA	1688152232	260714054	19688	0	""	2023-06-30	15:10:32	23686.686	407.37537	2073.0681	39.2183	55.001	27.6766	46.9044	0.00382365	12.1562	54.5005	142.5	0.421462	23.727	 15
DATA	1688152233	260337114	19692	0	""	2023-06-30	15:10:33	23688.658	406.89478	2072.9736	39.2183	55.001	27.6783	46.9048	0.00382833	12.1558	54.5005	-78.5	0.421462	23.7266	 96
DATA	1688152234	260337114	19696	0	""	2023-06-30	15:10:34	23689.553	407.14166	2073.1987	39.2183	55.001	27.6791	46.9048	0.00382624	12.1562	54.5005	-15	0.421462	23.7258	222
DATA	1688152235	260337114	19700	0	""	2023-06-30	15:10:35	23688.5	406.36966	2073.1636	39.2171	55.001	27.6766	46.9048	0.00383232	12.1556	54.5005	-50	0.421462	23.727	 50
DATA	1688152236	260337114	19704	0	""	2023-06-30	15:10:36	23687.783	406.6853	2072.9739	39.2183	55.001	27.6754	46.9048	0.00384793	12.1563	54.5005	-0.5	0.421462	23.727	176
DATA	1688152237	260337114	19708	0	""	2023-06-30	15:10:37	23685.535	406.32401	2072.7639	39.2183	55.001	27.6758	46.9048	0.00380679	12.1562	54.5005	7.5	0.421462	23.7266	225
DATA	1688152238	260337114	19712	0	""	2023-06-30	15:10:38	23686.486	406.60349	2073.0679	39.2171	55.001	27.6762	46.9044	0.00383233	12.1553	54.5005	52.25	0.421462	23.725	  2
DATA	1688152239	260337114	19716	0	""	2023-06-30	15:10:39	23687.066	406.40427	2073.0254	39.2187	55.001	27.6758	46.9044	0.00383258	12.1559	54.5005	23.25	0.421462	23.725	 10
DATA	1688152240	260337114	19720	0	""	2023-06-30	15:10:40	23684.668	406.84845	2073.0356	39.2179	55.001	27.677	46.9044	0.0038159	12.1551	54.5005	-57.75	0.421462	23.7246	  7
DATA	1688152241	259964942	19724	0	""	2023-06-30	15:10:41	23686.523	407.4783	2072.8596	39.2179	55.001	27.6754	46.9044	0.00382545	12.1558	54.5005	149.5	0.421462	23.7246	 43
DATA	1688152242	259964942	19728	0	""	2023-06-30	15:10:42	23686.699	406.95825	2073.0249	39.2175	55.001	27.6775	46.9044	0.00382622	12.1556	54.5005	-59.25	0.421462	23.7246	145
DATA	1688152243	259964942	19732	0	""	2023-06-30	15:10:43	23684.674	406.13403	2072.8352	39.2179	55.001	27.6762	46.9048	0.0038409	12.1557	54.5005	-23.75	0.421462	23.7239	 73
DATA	1688152244	259964942	19736	0	""	2023-06-30	15:10:44	23686.59	406.30942	2073.0261	39.2187	55.001	27.6783	46.9048	0.00382236	12.1563	54.5005	38.75	0.421462	23.7246	 35
DATA	1688152245	259964942	19740	0	""	2023-06-30	15:10:45	23684.27	406.74014	2073.1133	39.2175	55.001	27.6775	46.9048	0.00382554	12.1552	54.5005	-60.25	0.421462	23.725	  3
DATA	1688152246	259964942	19744	0	""	2023-06-30	15:10:46	23685.84	406.43094	2072.813	39.2179	55.001	27.6742	46.9048	0.00384753	12.1561	54.5005	-76.5	0.421462	23.7246	239
DATA	1688152247	259964942	19748	0	""	2023-06-30	15:10:47	23685.428	406.86789	2073.0149	39.22	55.001	27.6758	46.9046	0.00380933	12.1553	54.5005	167.25	0.421462	23.7274	 54
DATA	1688152248	259594917	19752	0	""	2023-06-30	15:10:48	23687.756	405.5365	2072.688	39.2187	55.001	27.6754	46.9046	0.00382818	12.1558	54.5005	-46.25	0.421462	23.727	  5
DATA	1688152249	259594917	19756	0	""	2023-06-30	15:10:49	23687.246	406.96646	2072.7021	39.2179	55.001	27.6762	46.9046	0.00383531	12.1556	54.5005	161	0.421462	23.727	201
DATA	1688152250	259594917	19760	0	""	2023-06-30	15:10:50	23686.24	406.67007	2072.8992	39.2191	55.001	27.6775	46.9048	0.00382256	12.1561	54.5005	-60.25	0.421462	23.727	 19
DATA	1688152251	259594917	19764	0	""	2023-06-30	15:10:51	23685.475	407.12134	2073.0105	39.2183	55.001	27.6779	46.9048	0.00383819	12.1551	54.5005	72	0.421462	23.727	128
DATA	1688152252	259594917	19768	0	""	2023-06-30	15:10:52	23685.74	407.55716	2072.8862	39.2179	55.001	27.6779	46.9048	0.00383037	12.1557	54.5005	-65.5	0.421462	23.7266	 57
DATA	1688152253	259594917	19772	0	""	2023-06-30	15:10:53	23685.746	406.55096	2072.9756	39.2179	55.001	27.6762	46.9048	0.00384203	12.1554	54.5005	-100.75	0.421462	23.7266	189
DATA	1688152254	259594917	19776	0	""	2023-06-30	15:10:54	23685.365	406.46796	2072.7834	39.2183	55.001	27.6758	46.9048	0.00383761	12.1559	54.5005	51.5	0.421462	23.7266	 64
DATA	1688152255	259594917	19780	0	""	2023-06-30	15:10:55	23685.123	406.74619	2072.8457	39.2187	55.001	27.6766	46.9044	0.00380972	12.1559	54.5005	-79	0.421462	23.725	207
DATA	1688152256	259222984	19784	0	""	2023-06-30	15:10:56	23686.445	406.29144	2072.9595	39.2179	55.001	27.6758	46.9044	0.00383457	12.156	54.5005	129.75	0.421462	23.7246	107
DATA	1688152257	259222984	19788	0	""	2023-06-30	15:10:57	23683.59	406.91977	2072.6697	39.2187	55.001	27.6779	46.9044	0.00381146	12.1558	54.5005	55.25	0.421462	23.7246	 71
DATA	1688152258	259222984	19792	0	""	2023-06-30	15:10:58	23686.047	406.03397	2072.7275	39.2183	55.001	27.6766	46.9048	0.00384867	12.1551	54.5004	-69.25	0.421462	23.7243	146
DATA	1688152259	259222984	19796	0	""	2023-06-30	15:10:59	23684.916	406.93069	2073.0676	39.2195	55.001	27.6758	46.9048	0.00380358	12.1558	54.5005	146.5	0.421462	23.7239	116
DATA	1688152260	259222984	19800	0	""	2023-06-30	15:11:00	23682.797	406.64127	2072.8555	39.2171	55.001	27.6758	46.9048	0.00384005	12.1559	54.5005	-62	0.421462	23.7246	219
DATA	1688152261	259222984	19804	0	""	2023-06-30	15:11:01	23680.184	407.18936	2072.7158	39.2191	55.001	27.6742	46.9048	0.0038452	12.1554	54.5002	9.75	0.421462	23.7246	222
DATA	1688152262	259222984	19808	0	""	2023-06-30	15:11:02	23682.879	406.89453	2072.9243	39.2183	55.001	27.6762	46.9048	0.00381124	12.156	54.5002	3.5	0.421462	23.725	122
DATA	1688152263	258852958	19812	0	""	2023-06-30	15:11:03	23681.188	406.77744	2072.6458	39.2175	55.001	27.6746	46.9048	0.00384643	12.1563	54.5005	-59	0.421462	23.727	198
DATA	1688152264	258852958	19816	0	""	2023-06-30	15:11:04	23679.363	406.41727	2072.7605	39.2187	55.001	27.675	46.9044	0.00380087	12.157	54.5004	116.75	0.421462	23.727	237
DATA	1688152265	258852958	19820	0	""	2023-06-30	15:11:05	23662.934	405.33786	2072.8408	39.2187	55.001	27.6754	46.9046	0.00382778	12.1555	54.5004	117.5	0.421462	23.7262	 90
DATA	1688152266	258852958	19824	0	""	2023-06-30	15:11:06	23657.373	405.21173	2072.7275	39.2191	55.001	27.6766	46.9048	0.00382976	12.1559	54.5002	-66.75	0.421462	23.727	 93
DATA	1688152267	258852958	19828	0	""	2023-06-30	15:11:07	23654.457	404.36572	2072.5796	39.2191	55.001	27.6758	46.9046	0.00381333	12.1564	54.5005	122.75	0.421462	23.727	 93
DATA	1688152268	258852958	19832	0	""	2023-06-30	15:11:08	23650.697	406.30164	2072.6389	39.2187	55.001	27.6758	46.9048	0.00383707	12.1557	54.5005	-104.5	0.421462	23.7266	143
DATA	1688152269	258852958	19836	0	""	2023-06-30	15:11:09	23644.307	404.51566	2072.7764	39.2183	55.001	27.675	46.9048	0.00384098	12.1559	54.5005	-37	0.421462	23.7262	201
DATA	1688152270	258852958	19840	0	""	2023-06-30	15:11:10	23639.998	405.24231	2072.8823	39.2204	55.001	27.6733	46.9048	0.0037922	12.1566	54.5005	4.25	0.421462	23.727	172
DATA	1688152271	258476972	19844	0	""	2023-06-30	15:11:11	23637.75	404.30786	2072.5635	39.2187	55.001	27.6729	46.9048	0.00382596	12.1565	54.5005	45.25	0.421462	23.7266	 43
DATA	1688152272	258476972	19848	0	""	2023-06-30	15:11:12	23632.953	404.62329	2072.4358	39.2187	55.001	27.6725	46.9044	0.00383508	12.1564	54.5005	-4	0.421462	23.7246	178
DATA	1688152273	258476972	19852	0	""	2023-06-30	15:11:13	23628.062	405.23349	2072.4695	39.22	55.001	27.675	46.9044	0.00379056	12.1558	54.5005	113	0.421462	23.7246	 73
DATA	1688152274	258476972	19856	0	""	2023-06-30	15:11:14	23628.734	403.80286	2072.4827	39.2183	55.001	27.6758	46.9046	0.00381734	12.1564	54.5005	-115	0.421462	23.7243	 28
DATA	1688152275	258476972	19860	0	""	2023-06-30	15:11:15	23627.141	405.20599	2072.5801	39.2183	55.001	27.6729	46.9048	0.00382579	12.1563	54.5004	39.5	0.421462	23.7243	 29
DATA	1688152276	258476972	19864	0	""	2023-06-30	15:11:16	23629.932	404.95486	2072.3477	39.2187	55.001	27.6758	46.9048	0.00380477	12.1561	54.5005	-52.75	0.421462	23.7243	153
DATA	1688152277	258476972	19868	0	""	2023-06-30	15:11:17	23635.277	405.01324	2072.5571	39.2191	55.001	27.6746	46.9048	0.00381684	12.156	54.5005	-34.75	0.421462	23.7246	 81
DATA	1688152278	258105993	19872	0	""	2023-06-30	15:11:18	23639.086	404.58636	2072.6436	39.2195	55.001	27.6762	46.9048	0.0038111	12.1557	54.5005	191.75	0.421462	23.7243	 86
DATA	1688152279	258105993	19876	0	""	2023-06-30	15:11:19	23633.535	405.29825	2072.3242	39.2187	55.001	27.6779	46.9048	0.00382427	12.1556	54.5005	-45.25	0.421462	23.7246	137
DATA	1688152280	258105993	19880	0	""	2023-06-30	15:11:20	23636.838	405.36279	2072.4729	39.2187	55.001	27.6738	46.9046	0.00381801	12.1558	54.5005	-73.75	0.421462	23.7266	135
DATA	1688152281	258105993	19884	0	""	2023-06-30	15:11:21	23630.461	404.14816	2072.5852	39.2191	55.001	27.6725	46.9044	0.00382681	12.1561	54.5004	93.5	0.421462	23.7266	  8
DATA	1688152282	258105993	19888	0	""	2023-06-30	15:11:22	23635.26	405.13812	2072.5457	39.2187	55.001	27.6733	46.9046	0.00382205	12.1558	54.5	34	0.421462	23.7266	229
DATA	1688152283	258105993	19892	0	""	2023-06-30	15:11:23	23643.713	405.09256	2072.6938	39.2191	55.001	27.6738	46.9048	0.00383614	12.1562	54.5002	23	0.421462	23.727	125
DATA	1688152284	258105993	19896	0	""	2023-06-30	15:11:24	23648.246	406.1683	2072.6475	39.2187	55.001	27.6738	46.9048	0.00382498	12.1558	54.5002	95.5	0.421462	23.7262	  2
DATA	1688152285	258105993	19900	0	""	2023-06-30	15:11:25	23643.797	404.40829	2072.3149	39.2183	55.001	27.6766	46.9048	0.00384553	12.1561	54.4998	-4.5	0.421462	23.7262	 37
DATA	1688152286	257739067	19904	0	""	2023-06-30	15:11:26	23626.768	403.70328	2072.4573	39.2195	55.001	27.675	46.9048	0.00380373	12.156	54.5004	-88.25	0.421462	23.727	235
DATA	1688152287	257739067	19908	0	""	2023-06-30	15:11:27	23605.561	402.95538	2072.1111	39.2195	55.001	27.6733	46.9048	0.00381325	12.1564	54.5	-78.25	0.421462	23.7266	226
DATA	1688152288	257739067	19912	0	""	2023-06-30	15:11:28	23606.689	403.18817	2072.4365	39.2212	55.001	27.6717	46.9048	0.00381629	12.1553	54.5002	67.75	0.421462	23.7262	 86
DATA	1688152289	257739067	19916	0	""	2023-06-30	15:11:29	23606.354	404.17941	2072.4802	39.2195	55.001	27.675	46.9044	0.0037901	12.1563	54.5004	167	0.421462	23.7246	129
DATA	1688152290	257739067	19920	0	""	2023-06-30	15:11:30	23609.6	403.74518	2072.1345	39.2187	55.001	27.6746	46.9044	0.00382006	12.1561	54.4998	-188.25	0.421462	23.725	 18
DATA	1688152291	257739067	19924	0	""	2023-06-30	15:11:31	23607.752	403.19006	2072.0198	39.2187	55.001	27.6709	46.9044	0.00382501	12.1568	54.5	23.25	0.421462	23.7246	163
DATA	1688152292	257739067	19928	0	""	2023-06-30	15:11:32	23611.553	403.71469	2072.1863	39.2187	55.001	27.6705	46.9048	0.00382161	12.1558	54.5002	68.5	0.421462	23.7239	 26
DATA	1688152293	257366895	19932	0	""	2023-06-30	15:11:33	23616.869	404.28177	2072.2803	39.2187	55.001	27.6733	46.9048	0.00381829	12.156	54.5	-31.25	0.421462	23.7235	184
DATA	1688152294	257366895	19936	0	""	2023-06-30	15:11:34	23627.975	403.99811	2072.3735	39.2179	55.001	27.6729	46.9048	0.00383005	12.1566	54.4998	-67	0.421462	23.7243	 17
DATA	1688152295	257366895	19940	0	""	2023-06-30	15:11:35	23636.428	405.63107	2072.6245	39.2195	55.001	27.6713	46.9048	0.00382352	12.1563	54.4998	-128.25	0.421462	23.7231	181
DATA	1688152296	257366895	19944	0	""	2023-06-30	15:11:36	23650.631	406.24445	2072.3674	39.2187	55.001	27.6705	46.9048	0.00382572	12.1566	54.4998	102.5	0.421462	23.725	 44
DATA	1688152297	257366895	19948	0	""	2023-06-30	15:11:37	23662.109	405.69809	2072.8591	39.2187	55.001	27.6717	46.9046	0.00383638	12.1562	54.4998	-94.75	0.421462	23.7274	185
DATA	1688152298	257366895	19952	0	""	2023-06-30	15:11:38	23666.078	406.09439	2072.5742	39.2183	55.001	27.6696	46.9046	0.00382341	12.1558	54.5	113.25	0.421462	23.727	202
DATA	1688152299	257366895	19956	0	""	2023-06-30	15:11:39	23667.207	405.85687	2072.5286	39.2191	55.001	27.6696	46.9046	0.00383591	12.1563	54.4998	1.75	0.421462	23.7274	 87
DATA	1688152300	257366895	19960	0	""	2023-06-30	15:11:40	23669.266	406.81277	2072.5256	39.2195	55.001	27.6696	46.9046	0.00383408	12.1566	54.4998	171.75	0.421462	23.7266	162
DATA	1688152301	257003068	19964	0	""	2023-06-30	15:11:41	23668.285	406.3688	2072.4353	39.2187	55.001	27.6713	46.9048	0.00383198	12.156	54.5	-46.25	0.421462	23.7262	118
DATA	1688152302	257003068	19968	0	""	2023-06-30	15:11:42	23670.838	405.9892	2072.6057	39.2191	55.001	27.6713	46.9048	0.00384294	12.1555	54.5002	141.25	0.421462	23.727	 11
DATA	1688152303	257003068	19972	0	""	2023-06-30	15:11:43	23669.59	405.05051	2072.5676	39.2204	55.001	27.6717	46.9048	0.00383447	12.1561	54.5004	-46	0.421462	23.7266	158
DATA	1688152304	257003068	19976	0	""	2023-06-30	15:11:44	23671.143	406.01022	2072.5957	39.2191	55.001	27.6721	46.9048	0.00382897	12.156	54.5004	-55.75	0.421462	23.7266	 53
DATA	1688152305	257003068	19980	0	""	2023-06-30	15:11:45	23673.223	406.10541	2072.4128	39.2191	55.001	27.6684	46.9048	0.00383648	12.1562	54.5	5.75	0.421462	23.725	 54
DATA	1688152306	257003068	19984	0	""	2023-06-30	15:11:46	23676.133	406.20865	2072.6431	39.2195	55.001	27.6696	46.9046	0.00382734	12.1562	54.5	51.75	0.421462	23.725	121
DATA	1688152307	257003068	19988	0	""	2023-06-30	15:11:47	23674.955	406.77365	2072.582	39.22	55.001	27.6701	46.9044	0.00383747	12.1564	54.5002	35	0.421462	23.7246	 27
DATA	1688152308	256620883	19992	0	""	2023-06-30	15:11:48	23678.217	406.53989	2072.4902	39.2195	55.001	27.6709	46.9048	0.00383969	12.1563	54.5002	-69.5	0.421462	23.725	 50
DATA	1688152309	256620883	19996	0	""	2023-06-30	15:11:49	23679.135	406.29056	2072.5452	39.2204	55.001	27.6688	46.9048	0.00385199	12.1546	54.4998	80.75	0.421462	23.7246	119
DATA	1688152310	256620883	20000	0	""	2023-06-30	15:11:50	23679.551	406.67886	2072.6411	39.2195	55.001	27.6705	46.9048	0.0038081	12.156	54.5002	78.75	0.421462	23.7239	208
DATA	1688152311	256620883	20004	0	""	2023-06-30	15:11:51	23681.258	406.71024	2072.8264	39.22	55.001	27.6713	46.9048	0.00381903	12.156	54.5002	33.5	0.421462	23.7243	 71
DATA	1688152312	256620883	20008	0	""	2023-06-30	15:11:52	23680.352	406.33676	2072.5164	39.2204	55.001	27.6725	46.9048	0.00384272	12.156	54.5	-24.25	0.421462	23.725	 82
DATA	1688152313	256620883	20012	0	""	2023-06-30	15:11:53	23677.861	406.99951	2072.4629	39.22	55.001	27.6713	46.9048	0.0038366	12.1564	54.5	-38.75	0.421462	23.725	 14
DATA	1688152314	256620883	20016	0	""	2023-06-30	15:11:54	23677.152	406.9744	2072.4724	39.2195	55.001	27.6701	46.9048	0.00381862	12.156	54.5002	9.75	0.421462	23.727	109
DATA	1688152315	256620883	20020	0	""	2023-06-30	15:11:55	23659.615	404.76123	2072.2705	39.22	55.001	27.6709	46.9046	0.00382767	12.1563	54.5002	-54.25	0.421462	23.7278	245
DATA	1688152316	256253004	20024	0	""	2023-06-30	15:11:56	23642.936	404.4198	2072.1624	39.22	55.001	27.6696	46.9048	0.00385197	12.1563	54.5	148	0.421462	23.727	109
DATA	1688152317	256253004	20028	0	""	2023-06-30	15:11:57	23639.273	404.74826	2072.3142	39.2216	55.001	27.6746	46.9048	0.00380241	12.1564	54.4998	-24.5	0.421462	23.727	252
DATA	1688152318	256253004	20032	0	""	2023-06-30	15:11:58	23640.398	404.29568	2072.5315	39.22	55.001	27.6746	46.9048	0.00380931	12.1558	54.5	3.25	0.421462	23.727	203
DATA	1688152319	256253004	20036	0	""	2023-06-30	15:11:59	23633.611	403.84644	2072.4194	39.22	55.001	27.6754	46.9048	0.00382054	12.1559	54.5002	31.25	0.421462	23.727	135
DATA	1688152320	256253004	20040	0	""	2023-06-30	15:12:00	23604.605	401.83923	2072.0151	39.22	55.001	27.6762	46.9046	0.00380797	12.1561	54.4998	-75.5	0.421094	23.7266	178
DATA	1688152321	256253004	20044	0	""	2023-06-30	15:12:01	23579.311	401.68115	2072.0237	39.22	55.001	27.6721	46.9041	0.0038154	12.1563	54.5	-40.75	0.420726	23.7262	252
DATA	1688152322	256253004	20048	0	""	2023-06-30	15:12:02	23575.705	401.95764	2071.8955	39.2208	55.001	27.6696	46.9041	0.00380143	12.1558	54.5002	-15.25	0.420726	23.725	 30
DATA	1688152323	255892992	20052	0	""	2023-06-30	15:12:03	23585.045	402.93854	2072.3252	39.22	55.001	27.668	46.9037	0.00382435	12.1562	54.5004	102.5	0.420726	23.725	 89
DATA	1688152324	255892992	20056	0	""	2023-06-30	15:12:04	23601.104	404.37946	2071.9553	39.2208	55.001	27.6696	46.9037	0.00380347	12.1562	54.5002	48.5	0.420726	23.7246	  6
DATA	1688152325	255892992	20060	0	""	2023-06-30	15:12:05	23631.072	404.88879	2072.4465	39.2195	55.001	27.6717	46.9037	0.0038236	12.156	54.5005	23	0.420726	23.7235	 68
DATA	1688152326	255892992	20064	0	""	2023-06-30	15:12:06	23646.471	406.23611	2072.3643	39.2212	55.001	27.6688	46.9039	0.00383764	12.1559	54.5002	25.25	0.420726	23.7246	 61
DATA	1688152327	255892992	20068	0	""	2023-06-30	15:12:07	23655.623	406.82504	2072.5437	39.2204	55.001	27.6688	46.9041	0.00383213	12.1554	54.5005	-41.5	0.420726	23.7243	 46
DATA	1688152328	255892992	20072	0	""	2023-06-30	15:12:08	23664.623	405.99466	2072.4937	39.2183	55.001	27.668	46.9041	0.00386101	12.1558	54.5005	-58	0.420726	23.7246	182
DATA	1688152329	255892992	20076	0	""	2023-06-30	15:12:09	23665.566	406.00867	2072.6013	39.2212	55.001	27.6676	46.9041	0.00381763	12.156	54.5002	93.75	0.420726	23.7246	 19
DATA	1688152330	255892992	20080	0	""	2023-06-30	15:12:10	23667.799	407.32693	2072.72	39.2208	55.0006	27.6696	46.9041	0.00381511	12.156	54.5004	7.75	0.420726	23.725	117
DATA	1688152331	255505084	20084	0	""	2023-06-30	15:12:11	23669.047	407.19498	2072.5127	39.2208	55.0008	27.6692	46.9039	0.0038347	12.1562	54.5	98.5	0.420726	23.727	 74
DATA	1688152332	255505084	20088	0	""	2023-06-30	15:12:12	23668.137	407.09879	2072.4895	39.2195	55.001	27.6705	46.9037	0.00383388	12.156	54.5	93	0.420726	23.727	193
DATA	1688152333	255505084	20092	0	""	2023-06-30	15:12:13	23669.742	407.19537	2072.4692	39.2208	55.001	27.6713	46.9037	0.00383033	12.1563	54.5004	-99.25	0.420726	23.727	 48
DATA	1688152334	255505084	20096	0	""	2023-06-30	15:12:14	23672.721	406.01038	2072.2244	39.2204	55.001	27.6688	46.9039	0.0038292	12.1562	54.5005	-77.25	0.420726	23.727	239
DATA	1688152335	255505084	20100	0	""	2023-06-30	15:12:15	23671.482	406.38028	2072.4224	39.2204	55.001	27.6684	46.9041	0.00383274	12.1557	54.5005	89.25	0.420726	23.7262	 34
DATA	1688152336	255505084	20104	0	""	2023-06-30	15:12:16	23673.289	406.57092	2072.5195	39.2204	55.001	27.6688	46.9041	0.00383402	12.1563	54.5005	-0.5	0.420726	23.7266	241
DATA	1688152337	255505084	20108	0	""	2023-06-30	15:12:17	23671.785	406.41235	2072.5349	39.2208	55.0008	27.6688	46.9041	0.00383295	12.1553	54.5002	31.25	0.420726	23.7258	106
DATA	1688152338	255136966	20112	0	""	2023-06-30	15:12:18	23673.402	406.59271	2072.3467	39.2208	55.001	27.6725	46.9041	0.00381821	12.1557	54.5002	5.75	0.420726	23.727	202
DATA	1688152339	255136966	20116	0	""	2023-06-30	15:12:19	23674.16	407.91174	2072.5352	39.2212	55.0006	27.6709	46.9041	0.00382542	12.1553	54.5	-107	0.420726	23.725	 45
DATA	1688152340	255136966	20120	0	""	2023-06-30	15:12:20	23674.629	407.49643	2072.4265	39.2208	55.001	27.6684	46.9037	0.00383061	12.1566	54.5002	-67.75	0.420726	23.7246	102
DATA	1688152341	255136966	20124	0	""	2023-06-30	15:12:21	23675.469	406.78668	2072.543	39.2204	55.0006	27.6684	46.9037	0.00382894	12.1558	54.5002	5	0.420726	23.7246	130
DATA	1688152342	255136966	20128	0	""	2023-06-30	15:12:22	23675.822	407.19217	2072.416	39.2216	55.001	27.6676	46.9037	0.00383221	12.1562	54.5002	-95.75	0.420726	23.7239	 47
DATA	1688152343	255136966	20132	0	""	2023-06-30	15:12:23	23675.645	407.00436	2072.5247	39.2208	55.0005	27.6676	46.9041	0.00383568	12.1554	54.5	112.25	0.420726	23.7239	  0
DATA	1688152344	255136966	20136	0	""	2023-06-30	15:12:24	23676.902	406.78165	2072.4927	39.2204	55.0008	27.6705	46.9041	0.00383635	12.1556	54.4998	-28.5	0.420726	23.7239	131
DATA	1688152345	255136966	20140	0	""	2023-06-30	15:12:25	23677.342	407.19904	2072.4207	39.2204	55.0005	27.6701	46.9041	0.00383205	12.1554	54.4998	-53.5	0.420726	23.7243	 92
DATA	1688152346	254765987	20144	0	""	2023-06-30	15:12:26	23677.656	406.72693	2072.4248	39.22	55.0003	27.6705	46.9041	0.00383781	12.1554	54.5	-119.75	0.420726	23.7239	233
DATA	1688152347	254765987	20148	0	""	2023-06-30	15:12:27	23677.332	407.28302	2072.2612	39.2208	55.0008	27.6684	46.9041	0.00383411	12.1554	54.4998	-0.75	0.420726	23.7243	118
DATA	1688152348	254765987	20152	0	""	2023-06-30	15:12:28	23675.178	407.5567	2072.2776	39.2204	55.001	27.6696	46.9039	0.00383793	12.1558	54.4998	-82.5	0.420726	23.7266	 68
DATA	1688152349	254765987	20156	0	""	2023-06-30	15:12:29	23671.676	406.8053	2072.3591	39.2208	55.0008	27.6651	46.9037	0.00382984	12.1557	54.4998	39.5	0.420726	23.7266	 66
DATA	1688152350	254765987	20160	0	""	2023-06-30	15:12:30	23667.99	406.14227	2072.4258	39.2204	55.0008	27.6684	46.9039	0.00383944	12.1559	54.4998	8	0.420726	23.727	105
DATA	1688152351	254765987	20164	0	""	2023-06-30	15:12:31	23666.674	407.24271	2072.3059	39.2212	55.001	27.6705	46.9041	0.00383701	12.156	54.5	219.25	0.420726	23.727	102
DATA	1688152352	254765987	20168	0	""	2023-06-30	15:12:32	23667.494	406.00067	2072.0107	39.2204	55.001	27.6696	46.9041	0.00382027	12.1557	54.4998	-74.75	0.420726	23.7262	123
DATA	1688152353	254395961	20172	0	""	2023-06-30	15:12:33	23667.582	406.71799	2072.3835	39.22	55.001	27.6696	46.9041	0.00383532	12.1564	54.4998	-117.25	0.420726	23.7262	 81
DATA	1688152354	254395961	20176	0	""	2023-06-30	15:12:34	23665.902	406.2876	2072.4976	39.2208	55.0008	27.6659	46.9041	0.00382407	12.1558	54.4998	-16.5	0.420726	23.7266	 95
DATA	1688152355	254395961	20180	0	""	2023-06-30	15:12:35	23668.479	407.2088	2072.2837	39.2224	55.0008	27.6668	46.9041	0.00380606	12.1556	54.4998	28	0.420726	23.725	149
DATA	1688152356	254395961	20184	0	""	2023-06-30	15:12:36	23670.967	407.93243	2072.3481	39.2224	55.0006	27.6696	46.9041	0.00380293	12.1561	54.4998	40.75	0.420726	23.725	 86
DATA	1688152357	254395961	20188	0	""	2023-06-30	15:12:37	23673.93	407.12656	2072.3142	39.2224	55.0006	27.6692	46.9037	0.00381009	12.1557	54.4998	-27.5	0.420726	23.725	 27
DATA	1688152358	254395961	20192	0	""	2023-06-30	15:12:38	23674.645	407.81631	2072.3496	39.2224	55.0008	27.6676	46.9037	0.00383228	12.1555	54.4998	61.25	0.420726	23.7246	150
DATA	1688152359	254395961	20196	0	""	2023-06-30	15:12:39	23673.811	407.14908	2072.2227	39.2212	55.001	27.6672	46.9037	0.00382839	12.1556	54.4998	-77.75	0.420726	23.7246	147
DATA	1688152360	254395961	20200	0	""	2023-06-30	15:12:40	23674.924	408.03519	2072.5266	39.2212	55.0008	27.6668	46.9039	0.00382497	12.1557	54.4998	-33.5	0.420726	23.7243	123
DATA	1688152361	254021883	20204	0	""	2023-06-30	15:12:41	23674.781	406.76953	2072.4309	39.2212	55.0006	27.6647	46.9041	0.0038382	12.1558	54.4998	-6.5	0.420726	23.7239	 15
DATA	1688152362	254021883	20208	0	""	2023-06-30	15:12:42	23673.9	407.45193	2072.4153	39.2216	55.0005	27.6639	46.9041	0.00381913	12.1553	54.4998	57.25	0.420726	23.7246	 12
DATA	1688152363	254021883	20212	0	""	2023-06-30	15:12:43	23671.387	406.62814	2072.4028	39.2212	55.0006	27.6643	46.9041	0.00380887	12.1557	54.4998	33.25	0.420726	23.7239	112
DATA	1688152364	254021883	20216	0	""	2023-06-30	15:12:44	23670.369	407.64178	2072.2534	39.2208	55.0008	27.6643	46.9041	0.00383676	12.156	54.4998	49.25	0.420726	23.725	 27
DATA	1688152365	254021883	20220	0	""	2023-06-30	15:12:45	23671.172	407.85114	2072.2827	39.2212	55.0006	27.6659	46.9039	0.00383864	12.1559	54.4998	16.5	0.420726	23.727	 23
DATA	1688152366	254021883	20224	0	""	2023-06-30	15:12:46	23668.221	407.58884	2072.5049	39.222	55.0005	27.6655	46.9037	0.00383724	12.156	54.4998	-2.75	0.420726	23.727	229
DATA	1688152367	254021883	20228	0	""	2023-06-30	15:12:47	23670.627	407.23868	2072.2827	39.2216	55.0006	27.6668	46.9037	0.00381946	12.1558	54.4998	-8.25	0.420726	23.7266	148
DATA	1688152368	253648042	20232	0	""	2023-06-30	15:12:48	23670.691	407.42215	2072.344	39.2212	55.0006	27.6664	46.9041	0.00382603	12.156	54.4998	-1.5	0.420726	23.727	147
DATA	1688152369	253648042	20236	0	""	2023-06-30	15:12:49	23668.734	407.36957	2072.2175	39.2212	55.0005	27.6647	46.9041	0.00382993	12.1556	54.4998	89.75	0.420726	23.7262	158
DATA	1688152370	253648042	20240	0	""	2023-06-30	15:12:50	23668.637	406.94962	2072.2654	39.222	55.0008	27.6668	46.9041	0.0038166	12.1552	54.4998	7	0.420726	23.727	 30
DATA	1688152371	253648042	20244	0	""	2023-06-30	15:12:51	23669.477	406.45856	2072.1245	39.2212	55.0005	27.6655	46.9041	0.00382099	12.1562	54.4998	-16.5	0.420726	23.727	 66
DATA	1688152372	253648042	20248	0	""	2023-06-30	15:12:52	23671.676	406.7554	2072.3538	39.2216	55.0006	27.6668	46.9041	0.00381394	12.1558	54.4998	-28.75	0.420726	23.7266	140
DATA	1688152373	253648042	20252	0	""	2023-06-30	15:12:53	23671.236	406.35526	2072.4004	39.222	55.0005	27.6643	46.9039	0.00382328	12.156	54.4998	-64.75	0.420726	23.725	  0
DATA	1688152374	253648042	20256	0	""	2023-06-30	15:12:54	23671.209	406.76498	2072.2253	39.2208	55.0006	27.6631	46.9039	0.00383368	12.156	54.4998	17.5	0.420726	23.7243	 28
DATA	1688152375	253648042	20260	0	""	2023-06-30	15:12:55	23670.484	407.18329	2072.4734	39.2224	55.0006	27.6635	46.9039	0.00382547	12.1557	54.4998	8.5	0.420726	23.7246	 34
DATA	1688152376	253278970	20264	0	""	2023-06-30	15:12:56	23672.066	407.14932	2072.4009	39.2228	55.0005	27.6643	46.9039	0.00382678	12.1552	54.4998	252.25	0.420726	23.7243	184
DATA	1688152377	253278970	20268	0	""	2023-06-30	15:12:57	23672.301	406.69006	2072.1841	39.2216	55.0005	27.6659	46.9039	0.00383876	12.1563	54.4998	-49	0.420726	23.7243	 43
DATA	1688152378	253278970	20272	0	""	2023-06-30	15:12:58	23671.799	408.17828	2072.5312	39.222	55.0008	27.6651	46.9041	0.00384077	12.1559	54.4998	-43.25	0.420726	23.7243	141
DATA	1688152379	253278970	20276	0	""	2023-06-30	15:12:59	23669.604	406.98288	2072.2583	39.2216	55.0003	27.6639	46.9041	0.00383111	12.1562	54.4998	-57.25	0.420726	23.7239	199
DATA	1688152380	253278970	20280	0	""	2023-06-30	15:13:00	23672.846	407.44781	2072.3215	39.2224	55.0006	27.6655	46.9041	0.0038273	12.1556	54.4998	106.5	0.420726	23.725	 12
DATA	1688152381	253278970	20284	0	""	2023-06-30	15:13:01	23671.646	407.18066	2072.2019	39.2216	55.0006	27.6647	46.9041	0.00383593	12.1562	54.4998	-85.25	0.420726	23.725	121
DATA	1688152382	253278970	20288	0	""	2023-06-30	15:13:02	23668.854	407.58853	2072.2234	39.2224	55.0006	27.6639	46.9039	0.00382626	12.1552	54.4998	-22.5	0.420726	23.727	 86
DATA	1688152383	252918958	20292	0	""	2023-06-30	15:13:03	23668.426	407.66791	2072.0659	39.2212	55.0005	27.6639	46.9039	0.003833	12.1561	54.4998	67.5	0.420726	23.7266	  0
DATA	1688152384	252918958	20296	0	""	2023-06-30	15:13:04	23671.297	407.37491	2072.2983	39.2216	55.0006	27.6635	46.9039	0.0038278	12.1562	54.4998	-16	0.420726	23.727	207
DATA	1688152385	252918958	20300	0	""	2023-06-30	15:13:05	23669.398	408.01132	2072.1047	39.2216	55.0003	27.6639	46.9041	0.00383534	12.1561	54.4998	108.5	0.420726	23.7266	118
DATA	1688152386	252918958	20304	0	""	2023-06-30	15:13:06	23670.572	407.58365	2072.2168	39.222	55.0006	27.6643	46.9041	0.00382902	12.1565	54.4998	29.75	0.420726	23.7258	 91
DATA	1688152387	252918958	20308	0	""	2023-06-30	15:13:07	23668.137	407.32266	2072.231	39.2208	55.0006	27.6651	46.9041	0.00383616	12.1563	54.4998	55.5	0.420726	23.7262	 27
DATA	1688152388	252918958	20312	0	""	2023-06-30	15:13:08	23667.342	407.80679	2072.3308	39.2224	55.0005	27.6651	46.9041	0.00382657	12.1563	54.4998	-6.75	0.420726	23.727	 88
DATA	1688152389	252918958	20316	0	""	2023-06-30	15:13:09	23662.779	407.70557	2072.1621	39.2224	55.0003	27.6655	46.9041	0.00382886	12.156	54.4998	55.5	0.420726	23.7262	 49
DATA	1688152390	252918958	20320	0	""	2023-06-30	15:13:10	23658.756	407.24069	2072.2361	39.2224	55.0005	27.6664	46.9039	0.00382183	12.1553	54.4998	-31	0.420726	23.7246	 18
DATA	1688152391	252537012	20324	0	""	2023-06-30	15:13:11	23658.188	407.37024	2071.9707	39.2216	55.0006	27.6651	46.9037	0.0038196	12.1559	54.5	-25.75	0.420726	23.7243	203
DATA	1688152392	252537012	20328	0	""	2023-06-30	15:13:12	23660.465	407.71362	2072.187	39.222	55.0005	27.6622	46.9037	0.00383091	12.1561	54.4998	-53.25	0.420726	23.7246	 43
DATA	1688152393	252537012	20332	0	""	2023-06-30	15:13:13	23661.717	406.33551	2072.1848	39.2224	55.0005	27.6614	46.9037	0.00382474	12.1554	54.4998	56.75	0.420726	23.7243	110
DATA	1688152394	252537012	20336	0	""	2023-06-30	15:13:14	23664.377	406.26892	2072.207	39.222	55.0006	27.6635	46.9041	0.00383394	12.1552	54.5	-48.25	0.420726	23.7239	151
DATA	1688152395	252537012	20340	0	""	2023-06-30	15:13:15	23662.312	406.47443	2072.0583	39.2216	55.0005	27.6647	46.9041	0.00383781	12.1556	54.4998	114.75	0.420726	23.7235	155
DATA	1688152396	252537012	20344	0	""	2023-06-30	15:13:16	23661.811	407.90805	2072.1787	39.2216	55.0006	27.6643	46.9041	0.00383776	12.1565	54.5	-1.75	0.420726	23.7243	203
DATA	1688152397	252537012	20348	0	""	2023-06-30	15:13:17	23661.496	407.13269	2072.2603	39.2232	55.001	27.6643	46.9041	0.00381714	12.1562	54.4998	-21.5	0.420726	23.7246	 48
DATA	1688152398	252161979	20352	0	""	2023-06-30	15:13:18	23662.318	407.43204	2072.1169	39.2212	55.0003	27.6635	46.9041	0.00382	12.1564	54.4998	-21.5	0.420726	23.7239	206
DATA	1688152399	252161979	20356	0	""	2023-06-30	15:13:19	23662.777	406.77957	2072.2458	39.2224	55.0003	27.6655	46.9037	0.00382099	12.1561	54.4998	111.25	0.420726	23.7266	210
DATA	1688152400	252161979	20360	0	""	2023-06-30	15:13:20	23660.945	406.74179	2071.8691	39.2228	55.0003	27.6651	46.9037	0.0038259	12.1568	54.4998	-103.5	0.420726	23.7266	123
DATA	1688152401	252161979	20364	0	""	2023-06-30	15:13:21	23661.859	407.58224	2071.9817	39.222	55.0003	27.6664	46.9037	0.0038254	12.156	54.4998	-1.25	0.420726	23.7266	223
DATA	1688152402	252161979	20368	0	""	2023-06-30	15:13:22	23662.307	406.69037	2072.1265	39.2212	55.0005	27.6672	46.9037	0.00383004	12.1562	54.5002	60.75	0.420726	23.7266	 89
DATA	1688152403	252161979	20372	0	""	2023-06-30	15:13:23	23661.73	407.20551	2072.1387	39.2228	55.0006	27.6668	46.9039	0.00381952	12.1553	54.5005	-6.5	0.420726	23.7262	253
DATA	1688152404	252161979	20376	0	""	2023-06-30	15:13:24	23660.525	407.53558	2071.9966	39.2216	55.0005	27.6651	46.9041	0.00381253	12.1562	54.5002	-63	0.420726	23.7262	255
DATA	1688152405	252161979	20380	0	""	2023-06-30	15:13:25	23660.129	406.34567	2071.8765	39.222	55.0003	27.6639	46.9041	0.0038264	12.156	54.5004	-0.25	0.420726	23.7262	194
DATA	1688152406	251794099	20384	0	""	2023-06-30	15:13:26	23659.828	406.20706	2072.1028	39.222	55.0003	27.6631	46.9041	0.00384187	12.1555	54.5004	-46	0.420726	23.7262	203
DATA	1688152407	251794099	20388	0	""	2023-06-30	15:13:27	23660.646	406.62631	2072.0725	39.2224	55.0003	27.6606	46.9039	0.00381959	12.1557	54.5004	79.75	0.420726	23.7239	135
DATA	1688152408	251794099	20392	0	""	2023-06-30	15:13:28	23660.543	406.81671	2071.8625	39.2237	55.0003	27.6635	46.9037	0.0038192	12.1554	54.5	199.75	0.420726	23.7246	237
DATA	1688152409	251794099	20396	0	""	2023-06-30	15:13:29	23661.406	406.26782	2071.875	39.222	55.0003	27.6659	46.9037	0.00383121	12.1561	54.5004	-67.75	0.420726	23.7246	 69
DATA	1688152410	251794099	20400	0	""	2023-06-30	15:13:30	23661.787	406.9537	2071.8892	39.2216	55.0005	27.6647	46.9039	0.00381931	12.1557	54.5005	-56.25	0.420726	23.7239	119
DATA	1688152411	251794099	20404	0	""	2023-06-30	15:13:31	23663.539	406.71716	2072.0901	39.222	55.0003	27.6643	46.9041	0.00382324	12.1556	54.5002	9.25	0.420726	23.7235	236
DATA	1688152412	251794099	20408	0	""	2023-06-30	15:13:32	23661.732	406.89932	2071.8801	39.2224	55.0003	27.6631	46.9041	0.00381594	12.1561	54.5005	-1.75	0.420726	23.7235	 92
DATA	1688152413	251427888	20412	0	""	2023-06-30	15:13:33	23662.57	407.27509	2072.2019	39.2224	55.0003	27.6655	46.9041	0.00383081	12.156	54.5005	9	0.420726	23.7239	 49
DATA	1688152414	251427888	20416	0	""	2023-06-30	15:13:34	23662.904	406.54791	2072.0437	39.2228	55.0003	27.6639	46.9041	0.00383577	12.1562	54.5005	-60.25	0.420726	23.7243	152
DATA	1688152415	251427888	20420	0	""	2023-06-30	15:13:35	23661.818	407.12653	2071.9282	39.2224	55.0003	27.6627	46.9041	0.00382734	12.1565	54.5004	75.5	0.420726	23.7239	 55
DATA	1688152416	251427888	20424	0	""	2023-06-30	15:13:36	23663.836	407.37424	2071.9834	39.2216	55.0003	27.6622	46.9039	0.00383133	12.1557	54.5005	-96.5	0.420726	23.7246	114
DATA	1688152417	251427888	20428	0	""	2023-06-30	15:13:37	23663.961	407.26187	2071.9124	39.2228	55.0003	27.6614	46.9037	0.00383171	12.1561	54.5005	-17.75	0.420726	23.7258	165
DATA	1688152418	251427888	20432	0	""	2023-06-30	15:13:38	23663.273	407.37384	2072.0984	39.2232	55.0003	27.6614	46.9039	0.00383184	12.1561	54.5005	150.25	0.420726	23.7262	157
DATA	1688152419	251427888	20436	0	""	2023-06-30	15:13:39	23663.645	407.39282	2071.9973	39.2224	55.0003	27.6602	46.9041	0.00383616	12.1556	54.5005	-49.25	0.420726	23.7262	170
DATA	1688152420	251427888	20440	0	""	2023-06-30	15:13:40	23665.693	407.6687	2071.958	39.2228	55.0003	27.6618	46.9041	0.0038326	12.1555	54.5005	67.25	0.420726	23.7262	223
DATA	1688152421	251049995	20444	0	""	2023-06-30	15:13:41	23666.008	406.58203	2071.8706	39.2228	55.0003	27.6622	46.9041	0.00381924	12.1555	54.5005	18.75	0.420726	23.7262	 97
DATA	1688152422	251049995	20448	0	""	2023-06-30	15:13:42	23664.205	407.44589	2072.1543	39.2224	55.0003	27.6631	46.9041	0.00383768	12.1555	54.5005	89.5	0.420726	23.7258	 68
DATA	1688152423	251049995	20452	0	""	2023-06-30	15:13:43	23668.389	406.94168	2072.1245	39.2216	55.0003	27.6664	46.9041	0.00382571	12.1562	54.5005	146	0.420726	23.7258	 17
DATA	1688152424	251049995	20456	0	""	2023-06-30	15:13:44	23667.896	407.75494	2072.0266	39.222	55.0003	27.6651	46.9037	0.00383075	12.1558	54.5005	-97.5	0.420726	23.7246	 80
DATA	1688152425	251049995	20460	0	""	2023-06-30	15:13:45	23669.506	407.41833	2072.0266	39.2228	55.0003	27.6618	46.9037	0.00382683	12.1562	54.5005	17.5	0.420726	23.7243	 59
DATA	1688152426	251049995	20464	0	""	2023-06-30	15:13:46	23670.453	407.39383	2072.115	39.2232	55.0003	27.6614	46.9037	0.00383085	12.1557	54.5005	71	0.420726	23.7239	164
DATA	1688152427	251049995	20468	0	""	2023-06-30	15:13:47	23670.998	408.39758	2071.8694	39.2216	55.0003	27.6622	46.9039	0.00384111	12.1558	54.5005	-28	0.420726	23.7231	 36
DATA	1688152428	250678062	20472	0	""	2023-06-30	15:13:48	23672.035	407.75906	2072.0637	39.2224	55.0003	27.6622	46.9041	0.00384007	12.1554	54.5005	-26.5	0.420726	23.7243	 85
DATA	1688152429	250678062	20476	0	""	2023-06-30	15:13:49	23672.869	407.76935	2072.1946	39.2232	55.0005	27.6614	46.9041	0.00383734	12.1561	54.5005	15	0.420726	23.7231	226
DATA	1688152430	250678062	20480	0	""	2023-06-30	15:13:50	23673.426	407.59641	2071.9209	39.2249	55.0003	27.6614	46.9041	0.00382418	12.1559	54.5005	5	0.420726	23.7235	155
DATA	1688152431	250678062	20484	0	""	2023-06-30	15:13:51	23674.533	408.24356	2072.0952	39.2237	55.0003	27.6635	46.9041	0.00381254	12.1549	54.5005	24.25	0.420726	23.7231	 88
DATA	1688152432	250678062	20488	0	""	2023-06-30	15:13:52	23673.604	408.23737	2071.9009	39.2241	55.0006	27.6643	46.9041	0.00382391	12.1554	54.5005	91.75	0.420726	23.7262	104
DATA	1688152433	250678062	20492	0	""	2023-06-30	15:13:53	23676.238	407.44122	2071.9717	39.222	55.0005	27.6631	46.9039	0.0038264	12.1552	54.5005	-83.25	0.420726	23.7262	 43
DATA	1688152434	250678062	20496	0	""	2023-06-30	15:13:54	23675.904	407.77469	2071.9595	39.2237	55.0003	27.6622	46.9037	0.0038324	12.1557	54.5005	-70.5	0.420726	23.7262	 72
DATA	1688152435	250678062	20500	0	""	2023-06-30	15:13:55	23674.787	407.72675	2072.0752	39.2232	55.0005	27.6602	46.9039	0.00383973	12.1554	54.5005	12.5	0.420726	23.7258	 60
DATA	1688152436	250317096	20504	0	""	2023-06-30	15:13:56	23674.527	407.33731	2072.0952	39.2228	55.0005	27.6618	46.9041	0.00382834	12.1554	54.5005	151.25	0.420726	23.7258	149
DATA	1688152437	250317096	20508	0	""	2023-06-30	15:13:57	23675.002	408.28671	2072.0996	39.2237	55.0003	27.6627	46.9041	0.00383081	12.1551	54.5005	-26.75	0.420726	23.7254	149
DATA	1688152438	250317096	20512	0	""	2023-06-30	15:13:58	23675.971	408.11673	2072.0364	39.222	55.0003	27.6614	46.9041	0.00383629	12.1566	54.5005	254	0.420726	23.7258	210
DATA	1688152439	250317096	20516	0	""	2023-06-30	15:13:59	23677.441	407.83078	2071.9827	39.2237	55.0003	27.6635	46.9041	0.00383114	12.156	54.5005	-129.5	0.420726	23.7254	108
DATA	1688152440	250317096	20520	0	""	2023-06-30	15:14:00	23679.26	407.93427	2072.0342	39.2245	55.0003	27.661	46.9041	0.0038336	12.1558	54.5005	26.5	0.420726	23.7254	131
DATA	1688152441	250317096	20524	0	""	2023-06-30	15:14:01	23676.801	407.99747	2071.8672	39.2228	55.0003	27.6602	46.9041	0.0038384	12.1554	54.5005	-10.25	0.420726	23.7243	 86
DATA	1688152442	250317096	20528	0	""	2023-06-30	15:14:02	23681.494	407.20145	2072.0981	39.2232	55.0003	27.661	46.9037	0.00383098	12.1559	54.5005	27.75	0.420726	23.7239	 50
DATA	1688152443	249938964	20532	0	""	2023-06-30	15:14:03	23682.363	407.54102	2071.7012	39.2237	55.0003	27.6598	46.9037	0.00383027	12.1557	54.5005	-22.25	0.420726	23.7235	144
DATA	1688152444	249938964	20536	0	""	2023-06-30	15:14:04	23682.221	407.87473	2071.9766	39.2228	55.0003	27.6594	46.9041	0.00383149	12.1562	54.5005	22.75	0.420726	23.7235	130
DATA	1688152445	249938964	20540	0	""	2023-06-30	15:14:05	23681.461	408.40027	2071.926	39.2237	55.0003	27.6618	46.9041	0.00382209	12.1555	54.5005	42.75	0.420726	23.7235	 55
DATA	1688152446	249938964	20544	0	""	2023-06-30	15:14:06	23680.463	406.48083	2071.9534	39.2232	55.0003	27.6598	46.9041	0.00383489	12.1557	54.5005	55.75	0.420726	23.7227	142
DATA	1688152447	249938964	20548	0	""	2023-06-30	15:14:07	23679.695	407.95404	2071.949	39.2224	55.0003	27.661	46.9041	0.00383194	12.156	54.5005	-47.75	0.420726	23.7239	 42
DATA	1688152448	249938964	20552	0	""	2023-06-30	15:14:08	23677.996	408.31357	2071.9719	39.2237	55.0003	27.6614	46.9041	0.00383416	12.1561	54.5005	81.75	0.420726	23.7246	144
DATA	1688152449	249938964	20556	0	""	2023-06-30	15:14:09	23680.076	407.19278	2071.9602	39.2232	55.0003	27.6618	46.9041	0.00383377	12.1556	54.5005	-38	0.420726	23.7266	 35
DATA	1688152450	249938964	20560	0	""	2023-06-30	15:14:10	23682.283	407.94299	2071.8875	39.2224	55.0003	27.6598	46.9039	0.00383578	12.1559	54.5005	-12.5	0.420726	23.7262	141
DATA	1688152451	249563932	20564	0	""	2023-06-30	15:14:11	23680.547	406.99414	2071.9751	39.2232	55.0003	27.661	46.9037	0.00382211	12.156	54.5005	118.5	0.420726	23.7258	  0
DATA	1688152452	249563932	20568	0	""	2023-06-30	15:14:12	23682.258	408.30823	2072.0779	39.2228	55.0003	27.6631	46.9041	0.0038311	12.1557	54.5005	-35.75	0.420726	23.7254	102
DATA	1688152453	249563932	20572	0	""	2023-06-30	15:14:13	23684.117	407.5755	2071.9839	39.2232	55.0005	27.6614	46.9041	0.00384117	12.156	54.5005	-60	0.420726	23.7258	161
DATA	1688152454	249563932	20576	0	""	2023-06-30	15:14:14	23682.496	408.23944	2071.8977	39.2241	55.0003	27.6594	46.9041	0.00382439	12.1561	54.5005	9.75	0.420726	23.7258	 93
DATA	1688152455	249563932	20580	0	""	2023-06-30	15:14:15	23681.945	408.48303	2071.8364	39.2237	55.0003	27.6602	46.9041	0.0038351	12.1558	54.5005	-4.25	0.420726	23.7258	 53
DATA	1688152456	249563932	20584	0	""	2023-06-30	15:14:16	23680.781	406.88177	2071.6506	39.2237	55.0003	27.6606	46.9041	0.00383365	12.1563	54.5005	-44.25	0.420726	23.725	115
DATA	1688152457	249563932	20588	0	""	2023-06-30	15:14:17	23681.752	408.22437	2072.0913	39.2237	55.0003	27.6635	46.9041	0.00383276	12.1562	54.5005	2.5	0.420726	23.7258	 15
DATA	1688152458	249192953	20592	0	""	2023-06-30	15:14:18	23681.592	408.41922	2072.1262	39.2232	55.0003	27.6618	46.9037	0.00383219	12.1551	54.5005	79.75	0.420726	23.7243	120
DATA	1688152459	249192953	20596	0	""	2023-06-30	15:14:19	23682.98	407.8963	2072.0042	39.2237	55.0003	27.661	46.9037	0.00382685	12.1553	54.5005	-70.25	0.420726	23.7235	 23
DATA	1688152460	249192953	20600	0	""	2023-06-30	15:14:20	23682.193	408.41611	2071.7693	39.2232	55.0003	27.659	46.9037	0.00382193	12.1556	54.5005	-43.75	0.420726	23.7235	 95
DATA	1688152461	249192953	20604	0	""	2023-06-30	15:14:21	23683.389	407.27069	2071.8779	39.2237	55.0003	27.6581	46.9041	0.00383601	12.1557	54.5005	-1.75	0.420726	23.7235	115
DATA	1688152462	249192953	20608	0	""	2023-06-30	15:14:22	23681.957	408.6048	2071.9719	39.2232	55.0003	27.659	46.9041	0.0038242	12.1559	54.5005	222.5	0.420726	23.7231	214
DATA	1688152463	249192953	20612	0	""	2023-06-30	15:14:23	23685.451	408.04358	2072.1284	39.2245	55.0003	27.6602	46.9041	0.00382207	12.1556	54.5005	-55.5	0.420726	23.7235	 87
DATA	1688152464	249192953	20616	0	""	2023-06-30	15:14:24	23684.268	408.83667	2071.9453	39.2237	55.0003	27.659	46.9041	0.00383102	12.1556	54.5005	19.25	0.420726	23.7235	 72
DATA	1688152465	249192953	20620	0	""	2023-06-30	15:14:25	23685.996	407.84396	2071.7444	39.2237	55.0003	27.6577	46.9041	0.0038257	12.1556	54.5005	20.5	0.420726	23.7235	 30
DATA	1688152466	248830080	20624	0	""	2023-06-30	15:14:26	23685.322	408.75766	2071.926	39.2232	55.0003	27.659	46.9039	0.00382305	12.1556	54.5005	5.25	0.420726	23.7258	219
DATA	1688152467	248830080	20628	0	""	2023-06-30	15:14:27	23687.855	408.7037	2072.1531	39.2224	55.0003	27.659	46.9037	0.00384842	12.1554	54.5005	40.75	0.420726	23.7262	 14
DATA	1688152468	248830080	20632	0	""	2023-06-30	15:14:28	23685.785	408.71292	2072.0059	39.2249	55.0003	27.6594	46.9037	0.00382516	12.1562	54.5005	-20	0.420726	23.7254	 11
DATA	1688152469	248830080	20636	0	""	2023-06-30	15:14:29	23686.783	407.44077	2072.032	39.2241	55.0003	27.659	46.9037	0.00381176	12.1553	54.5005	-66.75	0.420726	23.7254	 64
DATA	1688152470	248830080	20640	0	""	2023-06-30	15:14:30	23687.369	408.40079	2071.8372	39.2245	55.0003	27.659	46.9039	0.00381494	12.1555	54.5005	-11.75	0.420726	23.7258	110
DATA	1688152471	248830080	20644	0	""	2023-06-30	15:14:31	23686.195	408.18988	2071.7554	39.2237	55.0003	27.6573	46.9041	0.00383347	12.1554	54.5005	-17.5	0.420726	23.7254	115
DATA	1688152472	248830080	20648	0	""	2023-06-30	15:14:32	23687.293	408.41855	2071.8801	39.2232	55.0003	27.6573	46.9041	0.00382824	12.1557	54.5005	0.5	0.420726	23.7258	  6
DATA	1688152473	248447895	20652	0	""	2023-06-30	15:14:33	23687.893	407.40921	2071.9392	39.2245	55.0003	27.6577	46.9041	0.00383465	12.1562	54.5005	-65.25	0.420726	23.7258	185
DATA	1688152474	248447895	20656	0	""	2023-06-30	15:14:34	23685.365	407.8736	2071.9167	39.2237	55.0003	27.6553	46.9039	0.00383929	12.1558	54.5005	100	0.420726	23.7243	249
DATA	1688152475	248447895	20660	0	""	2023-06-30	15:14:35	23684.268	407.64096	2071.7324	39.2249	55.0003	27.6581	46.9037	0.00382769	12.1559	54.5005	78.75	0.420726	23.7243	157
DATA	1688152476	248447895	20664	0	""	2023-06-30	15:14:36	23681.031	406.39001	2071.8484	39.2241	55.0003	27.6581	46.9037	0.00382832	12.1556	54.5005	-74	0.420726	23.7235	 11
DATA	1688152477	248447895	20668	0	""	2023-06-30	15:14:37	23678.57	405.79385	2071.7334	39.2228	55.0003	27.6565	46.9037	0.00383812	12.1559	54.5005	47.5	0.420726	23.7243	 56
DATA	1688152478	248447895	20672	0	""	2023-06-30	15:14:38	23676.889	407.24121	2071.8479	39.2232	55.0003	27.6577	46.9037	0.00383773	12.1561	54.5005	-64.25	0.420726	23.7235	195
DATA	1688152479	248447895	20676	0	""	2023-06-30	15:14:39	23674.031	407.14789	2071.7766	39.2241	55.0003	27.6573	46.9039	0.00382939	12.1557	54.5005	-30.5	0.420726	23.7235	144
DATA	1688152480	248447895	20680	0	""	2023-06-30	15:14:40	23673.5	406.84491	2071.959	39.2241	55.0003	27.6553	46.9041	0.00384405	12.1552	54.5005	42.75	0.420726	23.7235	217
DATA	1688152481	248079061	20684	0	""	2023-06-30	15:14:41	23672.158	407.98541	2072.0176	39.2237	55.0003	27.6557	46.9041	0.00382682	12.1558	54.5005	17.5	0.420726	23.7235	 66
DATA	1688152482	248079061	20688	0	""	2023-06-30	15:14:42	23679.402	407.9975	2071.8645	39.2245	55.0003	27.6581	46.9041	0.00382754	12.1556	54.5005	73	0.420726	23.7239	191
DATA	1688152483	248079061	20692	0	""	2023-06-30	15:14:43	23684.225	407.14188	2071.7461	39.2249	55.0003	27.6598	46.9039	0.00383037	12.1556	54.5005	35.25	0.420726	23.7262	123
DATA	1688152484	248079061	20696	0	""	2023-06-30	15:14:44	23683.879	408.35501	2071.9001	39.2245	55.0003	27.6594	46.9037	0.0038362	12.1564	54.5005	-55	0.420726	23.7254	222
DATA	1688152485	248079061	20700	0	""	2023-06-30	15:14:45	23685.666	407.8663	2071.7522	39.2232	55.0003	27.6581	46.9037	0.00382364	12.1556	54.5005	-35.5	0.420726	23.7254	 58
DATA	1688152486	248079061	20704	0	""	2023-06-30	15:14:46	23686.715	408.22644	2071.8408	39.2241	55.0003	27.6577	46.9037	0.00383219	12.1558	54.5005	96.5	0.420726	23.7254	 77
DATA	1688152487	248079061	20708	0	""	2023-06-30	15:14:47	23686.686	406.97906	2071.9587	39.2245	55.0003	27.659	46.9039	0.00382091	12.1556	54.5005	-90.25	0.420726	23.7254	147
DATA	1688152488	247704982	20712	0	""	2023-06-30	15:14:48	23688.662	408.24625	2071.991	39.2245	55.0003	27.6573	46.9041	0.00383211	12.1556	54.5005	112.5	0.420726	23.7254	 63
DATA	1688152489	247704982	20716	0	""	2023-06-30	15:14:49	23691.824	407.64914	2072.1643	39.2241	55.0003	27.6573	46.9041	0.00384454	12.1557	54.5005	-48	0.420726	23.7246	 25
DATA	1688152490	247704982	20720	0	""	2023-06-30	15:14:50	23695.562	407.36615	2072.2998	39.2241	55.0003	27.6565	46.9041	0.00383384	12.1559	54.5005	-14	0.420726	23.7254	 14
DATA	1688152491	247704982	20724	0	""	2023-06-30	15:14:51	23700.99	408.2919	2072.3186	39.2237	55.0003	27.6569	46.9039	0.00385117	12.156	54.5005	-106	0.420726	23.7243	167
DATA	1688152492	247704982	20728	0	""	2023-06-30	15:14:52	23709.477	407.43008	2072.3567	39.2249	55.0003	27.6528	46.9037	0.00383944	12.1561	54.5005	33.25	0.420726	23.7239	129
DATA	1688152493	247704982	20732	0	""	2023-06-30	15:14:53	23709.99	406.33966	2072.2708	39.2249	55.0003	27.6548	46.9037	0.00382458	12.156	54.5005	63.25	0.420726	23.7235	 36
DATA	1688152494	247704982	20736	0	""	2023-06-30	15:14:54	23708.422	407.38629	2072.2295	39.2245	55.0003	27.6573	46.9037	0.00382916	12.1555	54.5005	-55.5	0.420726	23.7231	119
DATA	1688152495	247704982	20740	0	""	2023-06-30	15:14:55	23711.91	406.60947	2072.5464	39.2245	55.0003	27.6536	46.9037	0.00383505	12.1556	54.5005	23.25	0.420726	23.7235	 61
DATA	1688152496	247339010	20744	0	""	2023-06-30	15:14:56	23716.473	407.40231	2072.6533	39.2249	55.0003	27.6577	46.9041	0.00384687	12.1557	54.5005	78	0.420726	23.7231	223
DATA	1688152497	247339010	20748	0	""	2023-06-30	15:14:57	23716.572	407.47498	2072.5745	39.2249	55.0003	27.659	46.9041	0.0038478	12.1558	54.5005	121	0.420726	23.7231	186
DATA	1688152498	247339010	20752	0	""	2023-06-30	15:14:58	23722.729	408.15317	2072.4695	39.2253	55.0003	27.6585	46.9041	0.00384577	12.1561	54.5005	-61.5	0.420726	23.7239	117
DATA	1688152499	247339010	20756	0	""	2023-06-30	15:14:59	23726.092	408.24084	2072.4026	39.2261	55.0003	27.6573	46.9041	0.0038419	12.1556	54.5005	-52.75	0.420726	23.7235	103
DATA	1688152500	247339010	20760	0	""	2023-06-30	15:15:00	23726.176	407.44641	2072.3574	39.2245	55.0003	27.6548	46.9039	0.00383353	12.156	54.5005	-47.75	0.420726	23.7258	 93
DATA	1688152501	247339010	20764	0	""	2023-06-30	15:15:01	23729.377	407.68597	2072.7146	39.2253	55.0003	27.6548	46.9037	0.00383492	12.1559	54.5005	0.25	0.420726	23.7254	 64
DATA	1688152502	247339010	20768	0	""	2023-06-30	15:15:02	23729.158	407.91354	2072.4734	39.2232	55.0003	27.6569	46.9037	0.00384614	12.1559	54.5005	-34	0.420726	23.7258	  6
DATA	1688152503	246963024	20772	0	""	2023-06-30	15:15:03	23730.287	407.22772	2072.4834	39.2249	55.0003	27.6548	46.9039	0.00383071	12.1558	54.5005	-35.75	0.420726	23.7258	161
DATA	1688152504	246963024	20776	0	""	2023-06-30	15:15:04	23729.799	406.48978	2072.4067	39.2253	55.0003	27.6569	46.9041	0.00383364	12.1558	54.5005	151.25	0.420726	23.7258	189
DATA	1688152505	246963024	20780	0	""	2023-06-30	15:15:05	23731.74	408.04565	2072.4998	39.2249	55.0003	27.6577	46.9041	0.00384708	12.1554	54.5005	-106.5	0.420726	23.7254	110
DATA	1688152506	246963024	20784	0	""	2023-06-30	15:15:06	23732.912	407.19305	2072.4233	39.2249	55.0003	27.6565	46.9041	0.00383457	12.1556	54.5005	-69.25	0.420726	23.7266	157
DATA	1688152507	246963024	20788	0	""	2023-06-30	15:15:07	23728.043	407.86472	2072.5881	39.2249	55.0003	27.6544	46.9041	0.00383783	12.1553	54.5005	217	0.420726	23.725	228
DATA	1688152508	246963024	20792	0	""	2023-06-30	15:15:08	23717.031	406.49203	2072.4192	39.2253	55.0003	27.6569	46.9039	0.003825	12.1552	54.5005	31.75	0.420726	23.7239	  1
DATA	1688152509	246963024	20796	0	""	2023-06-30	15:15:09	23708.572	406.00427	2072.1997	39.2261	55.0003	27.6557	46.9037	0.00382166	12.1556	54.5005	1.25	0.420726	23.7246	 66
DATA	1688152510	246963024	20800	0	""	2023-06-30	15:15:10	23691.156	406.34781	2072.4341	39.2253	55.0003	27.6544	46.9037	0.00383995	12.1555	54.5005	-8.75	0.420726	23.7239	 97
DATA	1688152511	246592998	20804	0	""	2023-06-30	15:15:11	23690.672	405.44052	2072.3381	39.2253	55.0003	27.6557	46.9037	0.00380932	12.1558	54.5005	11	0.420726	23.7235	207
DATA	1688152512	246592998	20808	0	""	2023-06-30	15:15:12	23695.357	405.40976	2072.114	39.2257	55.0003	27.6548	46.9037	0.00381826	12.1552	54.5005	-26	0.420726	23.7235	224
DATA	1688152513	246592998	20812	0	""	2023-06-30	15:15:13	23694.395	406.35825	2072.0093	39.2249	55.0003	27.6548	46.9041	0.00383291	12.1555	54.5005	140.25	0.420726	23.7231	160
DATA	1688152514	246592998	20816	0	""	2023-06-30	15:15:14	23702.326	407.4899	2072.3687	39.2253	55.0003	27.6536	46.9041	0.00383763	12.1553	54.5005	-8	0.420726	23.7231	175
DATA	1688152515	246592998	20820	0	""	2023-06-30	15:15:15	23710.582	406.39154	2072.4897	39.2249	55.0003	27.6532	46.9041	0.00383266	12.1553	54.5005	83.5	0.420726	23.7231	 66
DATA	1688152516	246592998	20824	0	""	2023-06-30	15:15:16	23709.984	406.25336	2072.2144	39.2253	55.0003	27.6548	46.9041	0.003828	12.1558	54.5005	108	0.420726	23.7235	177
DATA	1688152517	246592998	20828	0	""	2023-06-30	15:15:17	23710.459	406.36496	2072.511	39.2249	55.0003	27.6561	46.9037	0.00383232	12.1556	54.5005	-65	0.420726	23.7258	232
DATA	1688152518	246222972	20832	0	""	2023-06-30	15:15:18	23711.209	407.10767	2072.0679	39.2253	55.0003	27.6565	46.9037	0.00383537	12.1556	54.5005	-103.75	0.420726	23.7254	204
DATA	1688152519	246222972	20836	0	""	2023-06-30	15:15:19	23716.088	407.47403	2072.5403	39.2257	55.0003	27.6561	46.9037	0.00384166	12.1559	54.5005	-43.25	0.420726	23.7254	159
DATA	1688152520	246222972	20840	0	""	2023-06-30	15:15:20	23718.109	406.76117	2072.3127	39.2253	55.0003	27.6528	46.9037	0.00382945	12.1556	54.5005	-63.75	0.420726	23.725	 92
DATA	1688152521	246222972	20844	0	""	2023-06-30	15:15:21	23718.109	407.98175	2072.3364	39.2253	55.0003	27.6532	46.9037	0.0038312	12.156	54.5005	31	0.420726	23.725	 42
DATA	1688152522	246222972	20848	0	""	2023-06-30	15:15:22	23721.037	407.55219	2072.2585	39.2245	55.0003	27.654	46.9041	0.00384528	12.1562	54.5005	203	0.420726	23.7254	197
DATA	1688152523	246222972	20852	0	""	2023-06-30	15:15:23	23720.498	406.9566	2072.3665	39.2257	55.0003	27.6561	46.9041	0.00382717	12.1553	54.5005	-75.5	0.420726	23.7254	 58
DATA	1688152524	246222972	20856	0	""	2023-06-30	15:15:24	23719.814	407.56702	2072.3069	39.2245	55.0003	27.654	46.9041	0.00384062	12.1562	54.5005	17.75	0.420726	23.725	  0
DATA	1688152525	246222972	20860	0	""	2023-06-30	15:15:25	23718.838	406.85138	2072.262	39.2253	55.0003	27.6557	46.9039	0.0038414	12.1559	54.5005	-67.25	0.420726	23.7235	 63
DATA	1688152526	245851993	20864	0	""	2023-06-30	15:15:26	23711.098	406.50418	2072.3123	39.2261	55.0003	27.6536	46.9037	0.00383607	12.1556	54.5005	-76.25	0.420726	23.7235	156
DATA	1688152527	245851993	20868	0	""	2023-06-30	15:15:27	23706.061	407.03558	2072.228	39.2257	55.0003	27.6528	46.9037	0.00382403	12.1554	54.5005	23.5	0.420726	23.7231	  5
DATA	1688152528	245851993	20872	0	""	2023-06-30	15:15:28	23708.902	407.77261	2072.1414	39.2257	55.0003	27.654	46.9037	0.00383792	12.1561	54.5005	117.25	0.420726	23.7235	118
DATA	1688152529	245851993	20876	0	""	2023-06-30	15:15:29	23717.566	407.80115	2072.2751	39.2261	55.0003	27.6544	46.9039	0.00383714	12.1555	54.5005	-92	0.420726	23.7231	 19
DATA	1688152530	245851993	20880	0	""	2023-06-30	15:15:30	23721.471	406.84058	2072.2925	39.2265	55.0003	27.652	46.9041	0.00383626	12.1557	54.5005	-4	0.420726	23.7231	148
DATA	1688152531	245851993	20884	0	""	2023-06-30	15:15:31	23719.865	407.77795	2072.3323	39.2253	55.0003	27.6516	46.9041	0.00384742	12.1556	54.5005	21	0.420726	23.7227	228
DATA	1688152532	245851993	20888	0	""	2023-06-30	15:15:32	23720.088	407.12595	2072.2634	39.2261	55.0003	27.6516	46.9041	0.00383334	12.1557	54.5005	40.75	0.420726	23.7235	108
DATA	1688152533	245476007	20892	0	""	2023-06-30	15:15:33	23721.111	408.09811	2072.1838	39.2261	55.0003	27.6507	46.9041	0.00383853	12.1556	54.5005	-19	0.420726	23.7235	243
DATA	1688152534	245476007	20896	0	""	2023-06-30	15:15:34	23721.91	407.33008	2072.364	39.2257	55.0003	27.652	46.9037	0.00384363	12.1558	54.5005	85	0.420726	23.7262	 61
DATA	1688152535	245476007	20900	0	""	2023-06-30	15:15:35	23721.623	408.98453	2072.3613	39.2265	55.0003	27.654	46.9037	0.00383333	12.1553	54.5005	-20.5	0.420726	23.7258	 36
DATA	1688152536	245476007	20904	0	""	2023-06-30	15:15:36	23722.48	408.28928	2072.4229	39.2261	55.0003	27.6524	46.9037	0.00383724	12.1553	54.5005	120.75	0.420726	23.7254	105
DATA	1688152537	245476007	20908	0	""	2023-06-30	15:15:37	23721.34	407.5704	2072.0476	39.2261	55.0003	27.6544	46.9037	0.00383094	12.1561	54.5005	46.25	0.420726	23.7243	252
DATA	1688152538	245476007	20912	0	""	2023-06-30	15:15:38	23723.535	408.25998	2072.2832	39.2253	55.0003	27.6528	46.9039	0.00383714	12.155	54.5005	6.25	0.420726	23.7254	 17
DATA	1688152539	245476007	20916	0	""	2023-06-30	15:15:39	23724.75	407.76721	2071.864	39.2278	55.0003	27.6544	46.9041	0.00383227	12.1552	54.5005	213.75	0.420726	23.7258	 70
DATA	1688152540	245476007	20920	0	""	2023-06-30	15:15:40	23722.857	408.08154	2072.1992	39.2261	55.0003	27.6565	46.9041	0.00382257	12.1561	54.5005	-72.75	0.420726	23.7254	144
DATA	1688152541	245112895	20924	0	""	2023-06-30	15:15:41	23722.809	407.88177	2072.0991	39.2253	55.0003	27.6524	46.9041	0.00382761	12.1557	54.5005	-52.75	0.420726	23.7254	158
DATA	1688152542	245112895	20928	0	""	2023-06-30	15:15:42	23720.551	407.91293	2072.1953	39.2261	55.0003	27.6536	46.9039	0.0038281	12.1553	54.5005	76.25	0.420726	23.7246	 57
DATA	1688152543	245112895	20932	0	""	2023-06-30	15:15:43	23720.766	408.39215	2072.2295	39.2269	55.0003	27.6532	46.9037	0.00383136	12.1555	54.5005	-45.75	0.420726	23.7239	161
DATA	1688152544	245112895	20936	0	""	2023-06-30	15:15:44	23723.586	408.97644	2072.1804	39.2265	55.0003	27.6524	46.9037	0.00383049	12.1561	54.5005	99.75	0.420726	23.7231	128
DATA	1688152545	245112895	20940	0	""	2023-06-30	15:15:45	23721.777	407.51901	2072.0676	39.2257	55.0003	27.6544	46.9037	0.00383199	12.1556	54.5005	-73.75	0.420726	23.7239	174
DATA	1688152546	245112895	20944	0	""	2023-06-30	15:15:46	23717.965	407.43472	2072.1418	39.2265	55.0003	27.6516	46.9039	0.00382684	12.1551	54.5005	37.75	0.420726	23.7235	127
DATA	1688152547	245112895	20948	0	""	2023-06-30	15:15:47	23702.172	406.522	2072.0037	39.2269	55.0003	27.6536	46.9039	0.00381018	12.156	54.5005	61.75	0.420726	23.7231	202
DATA	1688152548	244743108	20952	0	""	2023-06-30	15:15:48	23702.236	407.33936	2072.0754	39.2261	55.0003	27.6548	46.9041	0.00381123	12.1555	54.5005	17.75	0.420726	23.7235	100
DATA	1688152549	244743108	20956	0	""	2023-06-30	15:15:49	23705.189	407.50494	2072.0403	39.2269	55.0003	27.654	46.9041	0.00383198	12.1558	54.5005	-98.75	0.420726	23.7235	128
DATA	1688152550	244743108	20960	0	""	2023-06-30	15:15:50	23703.668	406.47458	2071.8418	39.2253	55.0003	27.6516	46.9041	0.00382385	12.1559	54.5005	47	0.420726	23.7235	218
DATA	1688152551	244743108	20964	0	""	2023-06-30	15:15:51	23701.492	406.29364	2071.707	39.2261	55.0003	27.6516	46.9037	0.00382819	12.1554	54.5005	-22.5	0.420726	23.7262	 40
DATA	1688152552	244743108	20968	0	""	2023-06-30	15:15:52	23699.479	406.79593	2071.8293	39.2261	55.0003	27.6507	46.9037	0.00383786	12.1554	54.5005	27.75	0.420726	23.7258	156
DATA	1688152553	244743108	20972	0	""	2023-06-30	15:15:53	23699.002	406.40942	2072.0122	39.2253	55.0003	27.6528	46.9037	0.00382464	12.156	54.5005	99.25	0.420726	23.7254	 50
DATA	1688152554	244743108	20976	0	""	2023-06-30	15:15:54	23704.9	406.97485	2072.1123	39.2265	55.0003	27.6544	46.9039	0.00383833	12.1558	54.5005	23.5	0.420726	23.7258	226
DATA	1688152555	244743108	20980	0	""	2023-06-30	15:15:55	23707.652	407.18442	2071.9058	39.2269	55.0003	27.6532	46.9041	0.00384659	12.1556	54.5005	39.5	0.420726	23.7254	 73
DATA	1688152556	244364023	20984	0	""	2023-06-30	15:15:56	23707.197	407.65393	2071.9939	39.2265	55.0003	27.6544	46.9041	0.00383481	12.1553	54.5005	-106.5	0.420726	23.725	117
DATA	1688152557	244364023	20988	0	""	2023-06-30	15:15:57	23707.789	407.3316	2071.9824	39.2261	55.0003	27.6524	46.9041	0.00383485	12.156	54.5005	-34.75	0.420726	23.7254	 69
DATA	1688152558	244364023	20992	0	""	2023-06-30	15:15:58	23707.459	407.41418	2071.9707	39.2265	55.0003	27.6524	46.9041	0.00381934	12.156	54.5005	31.75	0.420726	23.7262	 65
DATA	1688152559	244364023	20996	0	""	2023-06-30	15:15:59	23708.066	407.98645	2071.9023	39.2265	55.0003	27.6544	46.9037	0.00382716	12.1559	54.5005	-83.75	0.420726	23.7243	184
DATA	1688152560	244364023	21000	0	""	2023-06-30	15:16:00	23711.746	408.1936	2071.8103	39.2269	55.0003	27.652	46.9037	0.00383533	12.1556	54.5005	-9.75	0.420726	23.7243	228
DATA	1688152561	244364023	21004	0	""	2023-06-30	15:16:01	23714.021	407.07697	2071.8416	39.2257	55.0003	27.6524	46.9037	0.00384576	12.1553	54.5005	107.5	0.420726	23.7235	 81
DATA	1688152562	244364023	21008	0	""	2023-06-30	15:16:02	23707.539	406.92505	2072.1157	39.2261	55.0003	27.6507	46.9037	0.00383126	12.1556	54.5005	-123.75	0.420726	23.7231	173
DATA	1688152563	244004964	21012	0	""	2023-06-30	15:16:03	23704.186	407.49707	2071.9883	39.2257	55.0003	27.6483	46.9037	0.00383312	12.1557	54.5005	155	0.420726	23.7231	  2
DATA	1688152564	244004964	21016	0	""	2023-06-30	15:16:04	23708.52	408.04672	2071.9963	39.2261	55.0003	27.6499	46.9041	0.00384077	12.1557	54.5005	-30	0.420726	23.7231	199
DATA	1688152565	244004964	21020	0	""	2023-06-30	15:16:05	23711.291	408.25607	2072.0229	39.2274	55.0003	27.6499	46.9041	0.00383858	12.1556	54.5005	57.25	0.420726	23.7231	 97
DATA	1688152566	244004964	21024	0	""	2023-06-30	15:16:06	23711.273	407.40808	2072.001	39.2265	55.0003	27.652	46.9041	0.00382861	12.1558	54.5005	19.75	0.420726	23.7239	241
DATA	1688152567	244004964	21028	0	""	2023-06-30	15:16:07	23712.154	407.00275	2071.71	39.2265	55.0003	27.6516	46.9041	0.00383442	12.156	54.5005	97.5	0.420726	23.7227	140
DATA	1688152568	244004964	21032	0	""	2023-06-30	15:16:08	23708.939	408.62326	2072.157	39.2278	55.0003	27.6516	46.9037	0.003828	12.1557	54.5005	1.25	0.420726	23.7258	168
DATA	1688152569	244004964	21036	0	""	2023-06-30	15:16:09	23709.682	407.86932	2071.8203	39.2265	55.0003	27.6487	46.9037	0.00383588	12.1558	54.5005	-22	0.420726	23.7258	 30
DATA	1688152570	244004964	21040	0	""	2023-06-30	15:16:10	23706.414	408.25623	2071.9619	39.2257	55.0003	27.6507	46.9037	0.00385453	12.1562	54.5005	2	0.420726	23.7254	141
DATA	1688152571	243621110	21044	0	""	2023-06-30	15:16:11	23701.529	407.23752	2071.9045	39.2265	55.0003	27.6507	46.9039	0.00383077	12.1558	54.5005	36.25	0.420726	23.725	 31
DATA	1688152572	243621110	21048	0	""	2023-06-30	15:16:12	23705.25	407.17407	2071.7515	39.2265	55.0003	27.652	46.9039	0.00383276	12.1555	54.5005	0	0.420726	23.7254	 31
DATA	1688152573	243621110	21052	0	""	2023-06-30	15:16:13	23706.857	407.5416	2071.9744	39.2274	55.0003	27.652	46.9041	0.00382252	12.1559	54.5005	28.75	0.420726	23.7254	247
DATA	1688152574	243621110	21056	0	""	2023-06-30	15:16:14	23699.977	407.00885	2071.8831	39.2261	55.0003	27.6528	46.9041	0.00382	12.1555	54.5005	12.75	0.420726	23.7258	208
DATA	1688152575	243621110	21060	0	""	2023-06-30	15:16:15	23693.797	406.11154	2071.894	39.2274	55.0003	27.6524	46.9041	0.00382439	12.1561	54.5005	-86.25	0.420726	23.7258	 94
DATA	1688152576	243621110	21064	0	""	2023-06-30	15:16:16	23689.346	405.4585	2071.7283	39.2269	55.0003	27.6524	46.9037	0.00383313	12.1557	54.5005	-59	0.420726	23.7235	211
DATA	1688152577	243621110	21068	0	""	2023-06-30	15:16:17	23693.133	406.72018	2072.092	39.2274	55.0003	27.6516	46.9037	0.00383723	12.1558	54.5005	-7.5	0.420726	23.7235	242
DATA	1688152578	243248939	21072	0	""	2023-06-30	15:16:18	23696.346	407.34256	2071.8391	39.2265	55.0003	27.6503	46.9037	0.00383679	12.1553	54.5005	-52.5	0.420726	23.7231	121
DATA	1688152579	243248939	21076	0	""	2023-06-30	15:16:19	23698.582	407.24069	2071.8635	39.2278	55.0003	27.6511	46.9037	0.00383956	12.1557	54.5005	-7.75	0.420726	23.7231	145
DATA	1688152580	243248939	21080	0	""	2023-06-30	15:16:20	23696.77	406.99408	2071.7573	39.2269	55.0003	27.6507	46.9039	0.00383937	12.1564	54.5005	98	0.420726	23.7235	204
DATA	1688152581	243248939	21084	0	""	2023-06-30	15:16:21	23693.463	407.15768	2071.9468	39.2265	55.0003	27.652	46.9037	0.00382831	12.156	54.5005	-23.25	0.420726	23.7231	 60
DATA	1688152582	243248939	21088	0	""	2023-06-30	15:16:22	23692.137	406.74353	2071.6636	39.2265	55.0003	27.6511	46.9041	0.00384948	12.1562	54.5005	-98.25	0.420726	23.7231	167
DATA	1688152583	243248939	21092	0	""	2023-06-30	15:16:23	23682.432	404.86136	2071.9192	39.2265	55.0003	27.6524	46.9041	0.00382118	12.1561	54.5005	124.75	0.420726	23.7231	149
DATA	1688152584	243248939	21096	0	""	2023-06-30	15:16:24	23677.311	405.50827	2071.5427	39.2265	55.0003	27.6516	46.9041	0.0038263	12.1565	54.5005	74.5	0.420726	23.7235	 12
DATA	1688152585	243248939	21100	0	""	2023-06-30	15:16:25	23680.84	405.82297	2071.853	39.2261	55.0003	27.6511	46.9037	0.00383312	12.156	54.5005	-46	0.420726	23.7254	100
DATA	1688152586	242881059	21104	0	""	2023-06-30	15:16:26	23685.137	406.50842	2071.7217	39.2274	55.0003	27.6495	46.9037	0.00381633	12.1558	54.5005	-11	0.420726	23.7258	  8
DATA	1688152587	242881059	21108	0	""	2023-06-30	15:16:27	23686.908	406.32935	2071.9578	39.2265	55.0003	27.6499	46.9037	0.00382302	12.1556	54.5005	28	0.420726	23.7258	251
DATA	1688152588	242881059	21112	0	""	2023-06-30	15:16:28	23682.252	406.46756	2071.9319	39.2269	55.0003	27.6495	46.9037	0.00383626	12.1562	54.5005	13.5	0.420726	23.725	 23
DATA	1688152589	242881059	21116	0	""	2023-06-30	15:16:29	23671.697	406.97321	2071.5413	39.2274	55.0003	27.6483	46.9037	0.00384002	12.1555	54.5005	42.5	0.420726	23.725	 11
DATA	1688152590	242881059	21120	0	""	2023-06-30	15:16:30	23668.924	407.38406	2072	39.2274	55.0003	27.6487	46.9041	0.00382869	12.1555	54.5005	38.5	0.420726	23.7254	 70
DATA	1688152591	242881059	21124	0	""	2023-06-30	15:16:31	23672.9	406.89297	2071.738	39.2269	55.0003	27.6499	46.9041	0.00381719	12.1564	54.5005	5	0.420726	23.7254	 36
DATA	1688152592	242881059	21128	0	""	2023-06-30	15:16:32	23683.316	406.9014	2071.8191	39.2265	55.0003	27.6503	46.9041	0.00384401	12.1558	54.5005	155.25	0.420726	23.725	 40
DATA	1688152593	242511034	21132	0	""	2023-06-30	15:16:33	23692.062	406.72037	2071.9421	39.2269	55.0003	27.6499	46.9037	0.00382893	12.1559	54.5005	-55	0.420726	23.7235	  3
DATA	1688152594	242511034	21136	0	""	2023-06-30	15:16:34	23697.529	407.10999	2071.895	39.2269	55.0003	27.6503	46.9037	0.00381585	12.1562	54.5005	42.5	0.420726	23.7235	 17
DATA	1688152595	242511034	21140	0	""	2023-06-30	15:16:35	23699.982	407.09836	2071.7085	39.2265	55.0003	27.6495	46.9037	0.00383894	12.1555	54.5005	-63	0.420726	23.7235	 25
DATA	1688152596	242511034	21144	0	""	2023-06-30	15:16:36	23698.982	407.63318	2071.77	39.2282	55.0003	27.6487	46.9037	0.00381715	12.1562	54.5005	-12.25	0.420726	23.7231	 50
DATA	1688152597	242511034	21148	0	""	2023-06-30	15:16:37	23700.146	408.46274	2071.6345	39.2274	55.0003	27.6483	46.9037	0.00384723	12.1561	54.5005	-15.5	0.420726	23.7223	 87
DATA	1688152598	242511034	21152	0	""	2023-06-30	15:16:38	23699.682	407.07843	2071.7869	39.2269	55.0003	27.6491	46.9041	0.00384221	12.1559	54.5005	-40.5	0.420726	23.7231	111
DATA	1688152599	242511034	21156	0	""	2023-06-30	15:16:39	23699.021	407.21991	2071.7769	39.2274	55.0003	27.6487	46.9041	0.00383756	12.1556	54.5005	49.75	0.420726	23.7227	137
DATA	1688152600	242511034	21160	0	""	2023-06-30	15:16:40	23695.594	406.94913	2071.6587	39.2265	55.0003	27.6487	46.9041	0.00384485	12.1555	54.5005	-33.5	0.420726	23.7235	 99
DATA	1688152601	242141008	21164	0	""	2023-06-30	15:16:41	23693.41	406.70972	2071.8115	39.2274	55.0003	27.6483	46.9039	0.0038242	12.1558	54.5005	26.25	0.420726	23.7254	239
DATA	1688152602	242141008	21168	0	""	2023-06-30	15:16:42	23692.314	407.30698	2071.7202	39.2282	55.0003	27.6495	46.9037	0.00381938	12.1559	54.5005	-25.5	0.420726	23.7258	 97
DATA	1688152603	242141008	21172	0	""	2023-06-30	15:16:43	23686.412	406.4819	2071.5977	39.2274	55.0003	27.6487	46.9037	0.00383285	12.1555	54.5005	14.5	0.420726	23.7258	  8
DATA	1688152604	242141008	21176	0	""	2023-06-30	15:16:44	23684.48	406.32553	2071.8821	39.2278	55.0003	27.6495	46.9037	0.00381691	12.1558	54.5005	-34.5	0.420726	23.7254	 52
DATA	1688152605	242141008	21180	0	""	2023-06-30	15:16:45	23684.482	406.23029	2071.7368	39.2269	55.0003	27.6491	46.9039	0.00382662	12.1553	54.5005	14.25	0.420726	23.7254	 97
DATA	1688152606	242141008	21184	0	""	2023-06-30	15:16:46	23687.639	407.04346	2071.583	39.2282	55.0003	27.6487	46.9041	0.0038323	12.1556	54.5005	4.25	0.420726	23.7258	207
DATA	1688152607	242141008	21188	0	""	2023-06-30	15:16:47	23685.396	407.40115	2071.8894	39.2269	55.0003	27.6495	46.9041	0.00383323	12.1559	54.5005	-21.75	0.420726	23.7254	161
DATA	1688152608	241764068	21192	0	""	2023-06-30	15:16:48	23688.717	406.90576	2071.7266	39.2269	55.0003	27.647	46.9041	0.00381865	12.1558	54.5005	14.25	0.420726	23.7254	 86
DATA	1688152609	241764068	21196	0	""	2023-06-30	15:16:49	23689.828	408.4325	2071.6484	39.2278	55.0003	27.6487	46.9041	0.00384119	12.1557	54.5005	234.5	0.420726	23.725	 38
DATA	1688152610	241764068	21200	0	""	2023-06-30	15:16:50	23682.662	406.36694	2071.6953	39.2278	55.0003	27.6466	46.9037	0.00382997	12.1556	54.5005	142	0.420726	23.7239	 25
DATA	1688152611	241764068	21204	0	""	2023-06-30	15:16:51	23680.842	406.63474	2071.8762	39.2278	55.0003	27.6491	46.9037	0.00381864	12.1565	54.5005	-37.75	0.420726	23.7235	165
DATA	1688152612	241764068	21208	0	""	2023-06-30	15:16:52	23680.297	407.47559	2071.615	39.229	55.0003	27.6491	46.9037	0.00380621	12.156	54.5005	160.25	0.420726	23.7235	  1
DATA	1688152613	241764068	21212	0	""	2023-06-30	15:16:53	23684.93	407.72919	2071.7166	39.2282	55.0003	27.652	46.9037	0.00381321	12.156	54.5005	-70.75	0.420726	23.7231	248
DATA	1688152614	241764068	21216	0	""	2023-06-30	15:16:54	23692.275	408.77859	2071.6494	39.2278	55.0003	27.6479	46.9037	0.003837	12.1563	54.5005	-67.25	0.420726	23.7231	 84
DATA	1688152615	241764068	21220	0	""	2023-06-30	15:16:55	23694.395	408.37436	2071.77	39.2278	55.0003	27.6466	46.9039	0.00383724	12.1554	54.5005	150.5	0.420726	23.7231	 14
DATA	1688152616	241393089	21224	0	""	2023-06-30	15:16:56	23690.229	407.9151	2071.7344	39.2282	55.0003	27.6479	46.9041	0.00383905	12.1556	54.5005	119.5	0.420726	23.7227	 62
DATA	1688152617	241393089	21228	0	""	2023-06-30	15:16:57	23693.537	407.70154	2071.5337	39.2274	55.0003	27.6483	46.9041	0.00383554	12.1554	54.5005	23	0.420726	23.7235	218
DATA	1688152618	241393089	21232	0	""	2023-06-30	15:16:58	23692.393	408.52002	2071.6216	39.2278	55.0003	27.6462	46.9039	0.00383691	12.1557	54.5005	55.25	0.420726	23.7254	116
DATA	1688152619	241393089	21236	0	""	2023-06-30	15:16:59	23690.15	407.68878	2071.6943	39.2269	55.0003	27.6487	46.9037	0.00383832	12.1558	54.5005	-24.5	0.420726	23.7254	 91
DATA	1688152620	241393089	21240	0	""	2023-06-30	15:17:00	23691.441	407.92798	2071.8945	39.2274	55.0003	27.6479	46.9037	0.00384004	12.1555	54.5005	-46	0.420726	23.7254	 10
DATA	1688152621	241393089	21244	0	""	2023-06-30	15:17:01	23691.549	407.68677	2071.5903	39.2278	55.0003	27.6437	46.9037	0.00383784	12.1557	54.5005	12.5	0.420726	23.7254	 76
DATA	1688152622	241393089	21248	0	""	2023-06-30	15:17:02	23694.152	407.32315	2071.3879	39.2282	55.0003	27.6446	46.9039	0.00383071	12.156	54.5005	108	0.420726	23.725	156
DATA	1688152623	241019964	21252	0	""	2023-06-30	15:17:03	23695.828	409.59119	2071.6704	39.2278	55.0003	27.6483	46.9039	0.00384492	12.1554	54.5005	32.5	0.420726	23.725	 20
DATA	1688152624	241019964	21256	0	""	2023-06-30	15:17:04	23698.191	408.12234	2071.7463	39.2282	55.0003	27.6466	46.9041	0.0038348	12.1555	54.5005	-6.5	0.420726	23.725	203
DATA	1688152625	241019964	21260	0	""	2023-06-30	15:17:05	23696.521	407.10056	2072.0259	39.2286	55.0003	27.6446	46.9041	0.00383441	12.155	54.5005	159.25	0.420726	23.725	 39
DATA	1688152626	241019964	21264	0	""	2023-06-30	15:17:06	23698.053	408.79266	2071.9683	39.2274	55.0003	27.647	46.9041	0.00381654	12.1558	54.5005	159	0.420726	23.725	188
DATA	1688152627	241019964	21268	0	""	2023-06-30	15:17:07	23707.652	409.19928	2071.7068	39.2278	55.0003	27.6491	46.9037	0.00382315	12.1551	54.5005	-7.5	0.420726	23.7239	 72
DATA	1688152628	241019964	21272	0	""	2023-06-30	15:17:08	23714.717	410.36023	2071.7075	39.2274	55.0003	27.6474	46.9037	0.0038297	12.1557	54.5005	-108.25	0.420726	23.7219	152
DATA	1688152629	241019964	21276	0	""	2023-06-30	15:17:09	23715.01	409.64194	2071.4653	39.2286	55.0003	27.6462	46.9037	0.00383309	12.1558	54.5005	59.5	0.420726	23.7231	 16
DATA	1688152630	241019964	21280	0	""	2023-06-30	15:17:10	23713.709	409.51196	2071.8325	39.229	55.0003	27.6499	46.9037	0.0038333	12.1557	54.5005	164.5	0.420726	23.7227	  6
DATA	1688152631	240649938	21284	0	""	2023-06-30	15:17:11	23709.953	409.13712	2071.6106	39.2294	55.0003	27.6495	46.9037	0.00383177	12.1553	54.5005	-21.5	0.420726	23.7223	100
DATA	1688152632	240649938	21288	0	""	2023-06-30	15:17:12	23708.801	409.11423	2071.7122	39.2278	55.0003	27.6503	46.9041	0.00382893	12.1557	54.5005	96.25	0.420726	23.7231	104
DATA	1688152633	240649938	21292	0	""	2023-06-30	15:17:13	23709.18	408.13144	2071.5166	39.2278	55.0003	27.6479	46.9041	0.00384669	12.1557	54.5005	-161.75	0.420726	23.7231	167
DATA	1688152634	240649938	21296	0	""	2023-06-30	15:17:14	23712.389	409.80804	2071.8398	39.2269	55.0003	27.645	46.9041	0.00383161	12.1564	54.5005	78	0.420726	23.7235	189
DATA	1688152635	240649938	21300	0	""	2023-06-30	15:17:15	23710.842	409.06192	2071.8147	39.2282	55.0003	27.647	46.9039	0.00383532	12.1551	54.5005	-28.25	0.420726	23.7254	 95
DATA	1688152636	240649938	21304	0	""	2023-06-30	15:17:16	23713.205	409.35294	2071.8713	39.2278	55.0003	27.6458	46.9037	0.00384055	12.1554	54.5005	37	0.420726	23.725	172
DATA	1688152637	240649938	21308	0	""	2023-06-30	15:17:17	23713.445	409.89249	2071.6162	39.2302	55.0003	27.6458	46.9037	0.00383921	12.156	54.5005	47.25	0.420726	23.7254	 73
DATA	1688152638	240282058	21312	0	""	2023-06-30	15:17:18	23716.107	410.62488	2071.6846	39.229	55.0003	27.6458	46.9037	0.00382935	12.1557	54.5005	-10.75	0.420726	23.725	 55
DATA	1688152639	240282058	21316	0	""	2023-06-30	15:17:19	23713.881	410.27774	2071.8181	39.2294	55.0003	27.647	46.9037	0.0038418	12.1555	54.5004	203	0.420726	23.7254	162
DATA	1688152640	240282058	21320	0	""	2023-06-30	15:17:20	23716.461	409.50919	2071.6738	39.2282	55.0003	27.6462	46.9037	0.00382261	12.1558	54.5005	-30.25	0.420726	23.7246	134
DATA	1688152641	240282058	21324	0	""	2023-06-30	15:17:21	23717.127	408.86142	2071.5669	39.2294	55.0003	27.6462	46.9041	0.00382979	12.1555	54.5005	-104	0.420726	23.7246	 50
DATA	1688152642	240282058	21328	0	""	2023-06-30	15:17:22	23717.883	409.55695	2071.6709	39.2282	55.0003	27.6454	46.9041	0.00382701	12.1558	54.5005	52.75	0.420726	23.725	 65
DATA	1688152643	240282058	21332	0	""	2023-06-30	15:17:23	23719.574	409.99695	2071.5757	39.229	55.0003	27.6458	46.9039	0.00382835	12.1563	54.5005	-131.5	0.420726	23.7235	124
DATA	1688152644	240282058	21336	0	""	2023-06-30	15:17:24	23721.697	408.90884	2071.8098	39.2294	55.0003	27.6429	46.9037	0.00384659	12.1555	54.5005	-22.75	0.420726	23.7235	181
DATA	1688152645	240282058	21340	0	""	2023-06-30	15:17:25	23723.711	409.85275	2071.9363	39.2286	55.0003	27.6442	46.9037	0.00383016	12.1552	54.5005	112.5	0.420726	23.7231	 85
DATA	1688152646	239907979	21344	0	""	2023-06-30	15:17:26	23723.387	409.57397	2071.7107	39.2294	55.0003	27.6479	46.9037	0.00382998	12.1552	54.5005	-0.25	0.420726	23.7227	149
DATA	1688152647	239907979	21348	0	""	2023-06-30	15:17:27	23723.01	408.88455	2071.6777	39.2286	55.0003	27.6495	46.9037	0.00382485	12.1554	54.5005	25.25	0.420726	23.7227	102
DATA	1688152648	239907979	21352	0	""	2023-06-30	15:17:28	23724.051	410.02985	2071.5571	39.2294	55.0003	27.6462	46.9037	0.00382946	12.1563	54.5005	-29.5	0.420726	23.7231	120
DATA	1688152649	239907979	21356	0	""	2023-06-30	15:17:29	23725.562	408.91772	2071.9905	39.2282	55.0003	27.6462	46.9039	0.00383677	12.156	54.5005	126.25	0.420726	23.7231	149
DATA	1688152650	239907979	21360	0	""	2023-06-30	15:17:30	23725.967	409.58112	2072.0071	39.2286	55.0003	27.6479	46.9041	0.00384054	12.1555	54.5005	186	0.420726	23.7227	 24
DATA	1688152651	239907979	21364	0	""	2023-06-30	15:17:31	23724.607	408.57617	2071.5652	39.2298	55.0003	27.6499	46.9041	0.00383224	12.1552	54.5004	103.25	0.420726	23.7219	175
DATA	1688152652	239907979	21368	0	""	2023-06-30	15:17:32	23722.9	408.16757	2071.7539	39.2286	55.0003	27.6479	46.9039	0.00382282	12.1556	54.5004	-139.25	0.420726	23.7254	147
DATA	1688152653	239536046	21372	0	""	2023-06-30	15:17:33	23722.914	408.87317	2071.6506	39.229	55.0003	27.6462	46.9037	0.00383937	12.1559	54.5004	57.25	0.420726	23.725	 23
DATA	1688152654	239536046	21376	0	""	2023-06-30	15:17:34	23721.939	408.13974	2071.6631	39.2282	55.0003	27.6462	46.9037	0.00385012	12.1558	54.5005	-66.5	0.420726	23.7254	114
DATA	1688152655	239536046	21380	0	""	2023-06-30	15:17:35	23722.459	408.40836	2071.6201	39.2286	55.0003	27.6454	46.9037	0.00383063	12.1555	54.5005	-18	0.420726	23.7254	  3
DATA	1688152656	239536046	21384	0	""	2023-06-30	15:17:36	23725.719	409.0162	2071.7104	39.2286	55.0003	27.645	46.9037	0.00383371	12.1558	54.5005	186.25	0.420726	23.725	 14
DATA	1688152657	239536046	21388	0	""	2023-06-30	15:17:37	23724.404	408.96823	2071.8645	39.229	55.0003	27.6446	46.9041	0.00383944	12.1556	54.5005	-39.25	0.420726	23.7243	130
DATA	1688152658	239536046	21392	0	""	2023-06-30	15:17:38	23725.807	408.42929	2071.8213	39.2286	55.0003	27.6437	46.9041	0.00383416	12.1556	54.5005	10.25	0.420726	23.7243	115
DATA	1688152659	239536046	21396	0	""	2023-06-30	15:17:39	23726.564	408.59445	2071.4753	39.2286	55.0003	27.6442	46.9041	0.00383359	12.1555	54.5005	32.75	0.420726	23.7246	141
DATA	1688152660	239536046	21400	0	""	2023-06-30	15:17:40	23729.068	408.02164	2071.7239	39.2294	55.0003	27.6442	46.9039	0.0038259	12.1555	54.5005	40.75	0.420726	23.7235	 52
DATA	1688152661	239165067	21404	0	""	2023-06-30	15:17:41	23728.689	408.6575	2071.7195	39.2286	55.0003	27.6454	46.9037	0.003841	12.1551	54.5004	-7.75	0.420726	23.7231	220
DATA	1688152662	239165067	21408	0	""	2023-06-30	15:17:42	23730.074	408.9574	2071.541	39.229	55.0003	27.645	46.9037	0.00384034	12.1556	54.5005	43.75	0.420726	23.7227	160
DATA	1688152663	239165067	21412	0	""	2023-06-30	15:17:43	23728.668	408.76996	2071.8074	39.2286	55.0003	27.6437	46.9037	0.00384252	12.1557	54.5005	-21.25	0.420726	23.7231	174
DATA	1688152664	239165067	21416	0	""	2023-06-30	15:17:44	23728.328	408.07239	2071.7969	39.2282	55.0003	27.6421	46.9037	0.00384434	12.1554	54.5005	-62.75	0.420726	23.7227	172
DATA	1688152665	239165067	21420	0	""	2023-06-30	15:17:45	23728.191	409.26642	2071.7666	39.2294	55.0003	27.6437	46.9037	0.00383052	12.1552	54.5005	38.5	0.420726	23.7231	 62
DATA	1688152666	239165067	21424	0	""	2023-06-30	15:17:46	23727.766	408.98212	2071.6589	39.2294	55.0003	27.6446	46.9041	0.00382786	12.1562	54.5005	50.5	0.420726	23.7227	 87
DATA	1688152667	239165067	21428	0	""	2023-06-30	15:17:47	23728.279	408.60995	2071.7954	39.2294	55.0003	27.6454	46.9041	0.00384153	12.155	54.5004	181	0.420726	23.7223	240
DATA	1688152668	238790988	21432	0	""	2023-06-30	15:17:48	23726.936	408.69144	2071.6028	39.2286	55.0003	27.647	46.9041	0.00384265	12.1562	54.5002	4.5	0.420726	23.7235	240
DATA	1688152669	238790988	21436	0	""	2023-06-30	15:17:49	23728.342	409.40091	2071.4609	39.2286	55.0003	27.645	46.9039	0.00383814	12.1558	54.5004	-93.25	0.420726	23.725	 88
DATA	1688152670	238790988	21440	0	""	2023-06-30	15:17:50	23727.697	408.85242	2071.5967	39.229	55.0003	27.6433	46.9037	0.00383964	12.1558	54.5005	-43	0.420726	23.7254	248
DATA	1688152671	238790988	21444	0	""	2023-06-30	15:17:51	23729.061	409.40079	2071.6638	39.2298	55.0003	27.6425	46.9037	0.00382286	12.1557	54.5005	51	0.420726	23.725	191
DATA	1688152672	238790988	21448	0	""	2023-06-30	15:17:52	23730.008	410.29764	2072.0371	39.229	55.0003	27.6446	46.9037	0.00383622	12.1556	54.5005	-35.75	0.420726	23.725	 65
DATA	1688152673	238790988	21452	0	""	2023-06-30	15:17:53	23731.436	409.07785	2071.7666	39.229	55.0003	27.6446	46.9039	0.00383218	12.1557	54.5002	14	0.420726	23.7246	196
DATA	1688152674	238790988	21456	0	""	2023-06-30	15:17:54	23733.557	409.25909	2072.0503	39.2282	55.0003	27.645	46.9041	0.0038457	12.1559	54.5002	-81	0.420726	23.7246	184
DATA	1688152675	238790988	21460	0	""	2023-06-30	15:17:55	23735.854	410.11035	2071.7766	39.229	55.0003	27.6437	46.9041	0.00384517	12.1559	54.5005	-44.75	0.420726	23.7254	129
DATA	1688152676	238426923	21464	0	""	2023-06-30	15:17:56	23735.35	409.15405	2071.7864	39.2286	55.0003	27.6425	46.9041	0.0038512	12.1559	54.5005	-51.5	0.420726	23.7246	 12
DATA	1688152677	238426923	21468	0	""	2023-06-30	15:17:57	23737.871	410.21078	2071.8794	39.229	55.0003	27.6442	46.9039	0.00383907	12.1554	54.5005	83.5	0.420726	23.7231	 35
DATA	1688152678	238426923	21472	0	""	2023-06-30	15:17:58	23738.359	410.29919	2071.8479	39.2278	55.0003	27.6442	46.9037	0.00384061	12.1559	54.5005	116	0.420726	23.7235	 45
DATA	1688152679	238426923	21476	0	""	2023-06-30	15:17:59	23741.791	409.73877	2071.7361	39.2286	55.0003	27.6433	46.9037	0.00384206	12.1554	54.5005	-10.5	0.420726	23.7231	124
DATA	1688152680	238426923	21480	0	""	2023-06-30	15:18:00	23745.473	410.04333	2071.7805	39.229	55.0003	27.6442	46.9037	0.00383411	12.1556	54.5004	-45.5	0.420726	23.7227	 33
DATA	1688152681	238426923	21484	0	""	2023-06-30	15:18:01	23745.098	409.86496	2071.906	39.2298	55.0003	27.6437	46.9039	0.00383936	12.1545	54.5005	85.75	0.420726	23.7227	104
DATA	1688152682	238426923	21488	0	""	2023-06-30	15:18:02	23747.453	409.16245	2071.7063	39.229	55.0003	27.6433	46.9041	0.00383743	12.1558	54.5005	152.25	0.420726	23.7227	112
DATA	1688152683	238053083	21492	0	""	2023-06-30	15:18:03	23749.111	410.45444	2071.7051	39.2294	55.0003	27.6454	46.9041	0.00383433	12.1552	54.5005	41	0.420726	23.7223	184
DATA	1688152684	238053083	21496	0	""	2023-06-30	15:18:04	23753.223	409.78168	2071.9434	39.2298	55.0003	27.6425	46.9041	0.00383755	12.1558	54.5005	-50	0.420726	23.7231	 16
DATA	1688152685	238053083	21500	0	""	2023-06-30	15:18:05	23757.008	409.24182	2071.7666	39.229	55.0003	27.6413	46.9041	0.00385055	12.1556	54.5005	-70.25	0.420726	23.7231	 86
DATA	1688152686	238053083	21504	0	""	2023-06-30	15:18:06	23754.691	409.3219	2071.7532	39.2302	55.0003	27.6405	46.9039	0.00384349	12.1559	54.5005	-9.25	0.420726	23.725	  4
DATA	1688152687	238053083	21508	0	""	2023-06-30	15:18:07	23759.717	409.91122	2071.7937	39.2294	55.0003	27.6405	46.9037	0.00384163	12.1549	54.5005	29.25	0.420726	23.7254	129
DATA	1688152688	238053083	21512	0	""	2023-06-30	15:18:08	23758.76	409.71582	2071.9207	39.2306	55.0003	27.6409	46.9037	0.00384342	12.155	54.5005	46.75	0.420726	23.7239	 23
DATA	1688152689	238053083	21516	0	""	2023-06-30	15:18:09	23760.686	409.86856	2071.8201	39.2298	55.0003	27.6413	46.9037	0.00384621	12.1553	54.5005	18	0.420726	23.7254	234
DATA	1688152690	238053083	21520	0	""	2023-06-30	15:18:10	23759.783	409.2684	2071.5227	39.2298	55.0003	27.6421	46.9041	0.00385096	12.1554	54.5005	-15	0.420726	23.725	155
DATA	1688152691	237678050	21524	0	""	2023-06-30	15:18:11	23760.734	409.89401	2071.8843	39.2302	55.0003	27.6429	46.9041	0.00384487	12.1555	54.5005	-4.5	0.420726	23.725	  3
DATA	1688152692	237678050	21528	0	""	2023-06-30	15:18:12	23760.705	408.77466	2071.7246	39.2306	55.0003	27.6429	46.9041	0.0038302	12.1554	54.5005	64	0.420726	23.7243	163
DATA	1688152693	237678050	21532	0	""	2023-06-30	15:18:13	23765.016	409.45047	2072.0017	39.2302	55.0003	27.6425	46.9041	0.00383966	12.1552	54.5005	-11.25	0.420726	23.7246	131
DATA	1688152694	237678050	21536	0	""	2023-06-30	15:18:14	23774.393	409.38644	2071.9805	39.2302	55.0003	27.6421	46.9039	0.00384226	12.1551	54.5005	3.5	0.420726	23.7223	  8
DATA	1688152695	237678050	21540	0	""	2023-06-30	15:18:15	23778.041	409.70526	2072.1399	39.2302	55.0003	27.6433	46.9037	0.00384781	12.1556	54.5005	-38.5	0.420726	23.7235	111
DATA	1688152696	237678050	21544	0	""	2023-06-30	15:18:16	23776.869	409.35379	2072.0205	39.2315	55.0003	27.6429	46.9037	0.00384182	12.1559	54.5005	-65.5	0.420726	23.7231	128
DATA	1688152697	237678050	21548	0	""	2023-06-30	15:18:17	23778.762	409.58249	2071.9768	39.2302	55.0003	27.6421	46.9037	0.00383543	12.1557	54.5005	22.25	0.420726	23.7231	135
DATA	1688152698	237319946	21552	0	""	2023-06-30	15:18:18	23780.641	409.30804	2072.0984	39.2302	55.0003	27.6405	46.9039	0.00383661	12.1557	54.5005	94	0.420726	23.7223	228
DATA	1688152699	237319946	21556	0	""	2023-06-30	15:18:19	23783.014	410.0372	2072.02	39.2311	55.0003	27.6433	46.9041	0.00384109	12.1555	54.5005	0.75	0.420726	23.7227	144
DATA	1688152700	237319946	21560	0	""	2023-06-30	15:18:20	23791.779	409.69171	2072.1069	39.2311	55.0003	27.6417	46.9041	0.0038445	12.1548	54.5005	118.25	0.420726	23.7231	104
DATA	1688152701	237319946	21564	0	""	2023-06-30	15:18:21	23796.633	409.6181	2071.9575	39.2306	55.0003	27.6433	46.9041	0.00384408	12.156	54.5005	-3.75	0.420726	23.7231	  3
DATA	1688152702	237319946	21568	0	""	2023-06-30	15:18:22	23797.865	409.43958	2072.053	39.2306	55.0003	27.6409	46.9041	0.00383315	12.1554	54.5005	14.5	0.420726	23.7231	 13
DATA	1688152703	237319946	21572	0	""	2023-06-30	15:18:23	23798.875	409.51694	2072.3152	39.2311	55.0003	27.6409	46.9037	0.00385151	12.1557	54.5005	40	0.420726	23.7258	228
DATA	1688152704	237319946	21576	0	""	2023-06-30	15:18:24	23796.33	409.26236	2072.2954	39.2294	55.0003	27.6429	46.9037	0.00384172	12.1554	54.5005	-20.75	0.420726	23.7254	121
DATA	1688152705	237319946	21580	0	""	2023-06-30	15:18:25	23798.496	409.3884	2072.4207	39.2306	55.0003	27.6409	46.9037	0.00385703	12.1558	54.5005	-47.5	0.420726	23.7254	 81
DATA	1688152706	236949920	21584	0	""	2023-06-30	15:18:26	23798.832	410.13971	2072.3826	39.2302	55.0003	27.6417	46.9037	0.00384945	12.1554	54.5004	-9.25	0.420726	23.7254	122
DATA	1688152707	236949920	21588	0	""	2023-06-30	15:18:27	23799.594	410.21289	2072.1741	39.2306	55.0003	27.6433	46.9039	0.00385596	12.1551	54.5005	49.25	0.420726	23.725	 89
DATA	1688152708	236949920	21592	0	""	2023-06-30	15:18:28	23805.941	409.8447	2072.2966	39.2311	55.0003	27.6413	46.9041	0.00384838	12.1557	54.5005	-10.25	0.420726	23.725	 65
DATA	1688152709	236949920	21596	0	""	2023-06-30	15:18:29	23809.156	408.92975	2072.2722	39.2315	55.0003	27.6413	46.9041	0.0038609	12.1549	54.5005	-45.5	0.420726	23.7243	 76
DATA	1688152710	236949920	21600	0	""	2023-06-30	15:18:30	23810.232	409.47925	2072.0725	39.2311	55.0003	27.64	46.9041	0.00384697	12.155	54.5005	-17.75	0.420726	23.725	189
DATA	1688152711	236949920	21604	0	""	2023-06-30	15:18:31	23810.166	409.20157	2072.1624	39.2315	55.0003	27.6396	46.9039	0.00385596	12.1554	54.5005	-55.5	0.420726	23.7231	 98
DATA	1688152712	236949920	21608	0	""	2023-06-30	15:18:32	23812.678	410.33112	2072.3474	39.2306	55.0003	27.6392	46.9037	0.00385315	12.1546	54.5005	134.25	0.420726	23.7231	141
DATA	1688152713	236563920	21612	0	""	2023-06-30	15:18:33	23814.32	410.49997	2072.3843	39.2306	55.0003	27.6392	46.9037	0.00385164	12.1553	54.5005	-85	0.420726	23.7231	205
DATA	1688152714	236563920	21616	0	""	2023-06-30	15:18:34	23812.307	410.52036	2072.2336	39.2311	55.0003	27.6388	46.9037	0.00385202	12.1551	54.5005	23.25	0.420726	23.7231	 68
DATA	1688152715	236563920	21620	0	""	2023-06-30	15:18:35	23815.506	410.51233	2072.3518	39.2311	55.0003	27.64	46.9039	0.00384729	12.1554	54.5005	-32.25	0.420726	23.7223	 23
DATA	1688152716	236563920	21624	0	""	2023-06-30	15:18:36	23816.016	411.18698	2072.5232	39.2306	55.0005	27.6392	46.9041	0.00384632	12.1552	54.5005	82	0.420726	23.7231	202
DATA	1688152717	236563920	21628	0	""	2023-06-30	15:18:37	23813.566	410.18649	2072.3479	39.2311	55.0005	27.6417	46.9041	0.00384938	12.1557	54.5005	78.25	0.420726	23.7227	132
DATA	1688152718	236563920	21632	0	""	2023-06-30	15:18:38	23816.33	409.01605	2072.3052	39.2319	55.0003	27.6413	46.9041	0.00386223	12.1551	54.5005	-26.75	0.420726	23.7211	 73
DATA	1688152719	236563920	21636	0	""	2023-06-30	15:18:39	23815.307	410.96262	2072.3357	39.2315	55.001	27.6405	46.9041	0.00385284	12.1557	54.5005	-8.25	0.420726	23.7223	 52
DATA	1688152720	236563920	21640	0	""	2023-06-30	15:18:40	23817.303	411.7594	2072.3069	39.2302	55.0006	27.6425	46.9037	0.00386315	12.1555	54.5005	278.5	0.420726	23.7246	 47
DATA	1688152721	236196994	21644	0	""	2023-06-30	15:18:41	23813.477	409.5592	2072.3052	39.2311	55.0005	27.6421	46.9037	0.00384595	12.1557	54.5005	-162	0.420726	23.725	215
DATA	1688152722	236196994	21648	0	""	2023-06-30	15:18:42	23815.219	409.63312	2072.481	39.2315	55.0005	27.6417	46.9037	0.00384358	12.1545	54.5005	123.25	0.420726	23.7246	115
DATA	1688152723	236196994	21652	0	""	2023-06-30	15:18:43	23814.51	410.98993	2072.1804	39.2311	55.0005	27.6409	46.9037	0.00385525	12.1551	54.5005	-106	0.420726	23.725	211
DATA	1688152724	236196994	21656	0	""	2023-06-30	15:18:44	23814.283	410.20016	2072.4167	39.2315	55.0006	27.6384	46.9039	0.00384771	12.1563	54.5005	55.5	0.420726	23.725	 15
DATA	1688152725	236196994	21660	0	""	2023-06-30	15:18:45	23813.99	410.28326	2072.1428	39.2315	55.0003	27.6392	46.9041	0.00385291	12.1559	54.5005	-6	0.420726	23.7246	172
DATA	1688152726	236196994	21664	0	""	2023-06-30	15:18:46	23814.529	410.7876	2072	39.2306	55.0003	27.6396	46.9041	0.00383288	12.1557	54.5005	147.75	0.420726	23.7254	147
DATA	1688152727	236196994	21668	0	""	2023-06-30	15:18:47	23813.797	411.17419	2071.9861	39.2315	55.0006	27.6429	46.9041	0.00383884	12.1547	54.5005	-22	0.420726	23.7246	 44
DATA	1688152728	235822916	21672	0	""	2023-06-30	15:18:48	23812.146	411.17133	2071.9895	39.2315	55.0005	27.6417	46.9039	0.00384087	12.1553	54.5005	-28	0.420726	23.7231	 13
DATA	1688152729	235822916	21676	0	""	2023-06-30	15:18:49	23812.066	411.12662	2072.2761	39.2319	55.0005	27.6405	46.9037	0.00383063	12.1553	54.5005	114.5	0.420726	23.7231	 98
DATA	1688152730	235822916	21680	0	""	2023-06-30	15:18:50	23813.023	411.3002	2072.2783	39.2319	55.0003	27.6433	46.9037	0.00384886	12.1554	54.5005	-70.25	0.420726	23.7231	 77
DATA	1688152731	235822916	21684	0	""	2023-06-30	15:18:51	23812.492	410.96716	2072.104	39.2315	55.0003	27.6417	46.9037	0.00385267	12.1552	54.5005	-69.5	0.420726	23.7219	 54
DATA	1688152732	235822916	21688	0	""	2023-06-30	15:18:52	23812.949	410.34827	2072.2615	39.2319	55.0006	27.6392	46.9039	0.00384059	12.1556	54.5005	-44	0.420726	23.7223	 21
DATA	1688152733	235822916	21692	0	""	2023-06-30	15:18:53	23812.025	410.16702	2072.1387	39.2311	55.0008	27.638	46.9041	0.00383678	12.1554	54.5005	26	0.420726	23.7227	155
DATA	1688152734	235822916	21696	0	""	2023-06-30	15:18:54	23810.652	410.64484	2072.0571	39.2327	55.0003	27.6396	46.9041	0.00384686	12.1545	54.5005	3.75	0.420726	23.7223	 67
DATA	1688152735	235822916	21700	0	""	2023-06-30	15:18:55	23810.893	410.15811	2072.1379	39.2323	55.0005	27.6376	46.9041	0.00383832	12.1556	54.5005	10.75	0.420726	23.7219	100
DATA	1688152736	235450983	21704	0	""	2023-06-30	15:18:56	23812.088	410.8252	2072.2151	39.2311	55.0003	27.64	46.9041	0.0038276	12.1553	54.5005	97.5	0.420726	23.7231	 92
DATA	1688152737	235450983	21708	0	""	2023-06-30	15:18:57	23810.883	410.49625	2072.1462	39.2319	55.0008	27.6421	46.9039	0.00385001	12.1552	54.5005	-59.75	0.420726	23.7246	165
DATA	1688152738	235450983	21712	0	""	2023-06-30	15:18:58	23810.812	410.70557	2072.0928	39.2319	55.0003	27.64	46.9037	0.00384523	12.1549	54.5005	52.5	0.420726	23.725	162
DATA	1688152739	235450983	21716	0	""	2023-06-30	15:18:59	23810.877	410.98599	2072.1721	39.2323	55.0008	27.6417	46.9037	0.00384111	12.1552	54.5005	63.5	0.420726	23.7246	 77
DATA	1688152740	235450983	21720	0	""	2023-06-30	15:19:00	23810.73	411.37506	2071.9958	39.2315	55.0006	27.6409	46.9037	0.00383616	12.1554	54.5005	-30.25	0.420726	23.7243	 89
DATA	1688152741	235450983	21724	0	""	2023-06-30	15:19:01	23810.893	411.37265	2071.8711	39.2306	55.0008	27.6409	46.9039	0.00383991	12.1553	54.5005	20.25	0.420726	23.7243	104
DATA	1688152742	235450983	21728	0	""	2023-06-30	15:19:02	23811.012	411.28693	2071.9832	39.2319	55.0008	27.6413	46.9041	0.00385335	12.155	54.5005	-57.75	0.420726	23.7246	102
DATA	1688152743	235093116	21732	0	""	2023-06-30	15:19:03	23809.428	410.71399	2072.175	39.2311	55.0005	27.6384	46.9041	0.00385278	12.1552	54.5005	-41.25	0.420726	23.7243	 89
DATA	1688152744	235093116	21736	0	""	2023-06-30	15:19:04	23807.053	410.84238	2072.1377	39.2315	55.0006	27.6384	46.9041	0.00383602	12.1554	54.5005	-40.5	0.420726	23.7239	 86
DATA	1688152745	235093116	21740	0	""	2023-06-30	15:19:05	23806.484	410.94623	2071.948	39.2306	55.0006	27.6372	46.9037	0.00385595	12.1547	54.5005	18.75	0.420726	23.7231	 67
DATA	1688152746	235093116	21744	0	""	2023-06-30	15:19:06	23805.516	410.69116	2071.9617	39.2319	55.0005	27.638	46.9037	0.00384327	12.1562	54.5005	44.25	0.420726	23.7219	 60
DATA	1688152747	235093116	21748	0	""	2023-06-30	15:19:07	23806.053	411.35681	2072.0544	39.2319	55.0005	27.6388	46.9037	0.00384855	12.1558	54.5005	173.25	0.420726	23.7223	168
DATA	1688152748	235093116	21752	0	""	2023-06-30	15:19:08	23805.303	412.53134	2071.9578	39.2319	55.0003	27.6384	46.9037	0.00384994	12.1552	54.5005	-70.25	0.420726	23.7219	161
DATA	1688152749	235093116	21756	0	""	2023-06-30	15:19:09	23806.307	410.99585	2071.9177	39.2327	55.0005	27.6376	46.9037	0.00385704	12.1556	54.5005	1.75	0.420726	23.7207	 84
DATA	1688152750	235093116	21760	0	""	2023-06-30	15:19:10	23807.01	412.29944	2071.8699	39.2323	55.0005	27.6372	46.9041	0.00385293	12.1555	54.5005	58.25	0.420726	23.7215	 52
DATA	1688152751	234707117	21764	0	""	2023-06-30	15:19:11	23805.695	412.25275	2071.8811	39.2311	55.0008	27.64	46.9041	0.00385513	12.1552	54.5005	-94.75	0.420726	23.7215	 42
DATA	1688152752	234707117	21768	0	""	2023-06-30	15:19:12	23805.738	411.74695	2071.8403	39.2319	55.0003	27.6376	46.9041	0.00385184	12.1554	54.5005	27	0.420726	23.7223	221
DATA	1688152753	234707117	21772	0	""	2023-06-30	15:19:13	23804.744	410.8858	2072.1274	39.2315	55.0003	27.6372	46.9041	0.00385318	12.1555	54.5005	18.25	0.420726	23.7227	 52
DATA	1688152754	234707117	21776	0	""	2023-06-30	15:19:14	23801.443	410.21497	2072.1384	39.2315	55.0008	27.638	46.9037	0.00385752	12.1549	54.5005	-10.25	0.420726	23.725	 46
DATA	1688152755	234707117	21780	0	""	2023-06-30	15:19:15	23801.855	410.28839	2071.9287	39.2319	55.0006	27.6388	46.9037	0.00385458	12.1557	54.5005	135.25	0.420726	23.725	137
DATA	1688152756	234707117	21784	0	""	2023-06-30	15:19:16	23803.42	411.03442	2071.9917	39.2323	55.0008	27.6376	46.9037	0.00384029	12.1551	54.5005	-6.75	0.420726	23.7239	 56
DATA	1688152757	234707117	21788	0	""	2023-06-30	15:19:17	23802.902	410.83493	2071.9429	39.2319	55.0006	27.6376	46.9041	0.0038558	12.1556	54.5005	-48.5	0.420726	23.7246	 80
DATA	1688152758	234335899	21792	0	""	2023-06-30	15:19:18	23802.514	410.23828	2071.9995	39.2327	55.0006	27.6388	46.9041	0.00384338	12.1555	54.5005	-8	0.420726	23.7243	245
DATA	1688152759	234335899	21796	0	""	2023-06-30	15:19:19	23802.424	410.13452	2071.9624	39.2311	55.0006	27.6396	46.9041	0.00385709	12.1558	54.5005	55.25	0.420726	23.7246	131
DATA	1688152760	234335899	21800	0	""	2023-06-30	15:19:20	23803.172	410.55573	2071.7097	39.2319	55.0006	27.638	46.9041	0.00385167	12.1557	54.5005	-17	0.420726	23.7239	216
DATA	1688152761	234335899	21804	0	""	2023-06-30	15:19:21	23805.285	409.85699	2071.9419	39.2327	55.0006	27.6376	46.9041	0.00385267	12.1553	54.5005	118.75	0.420726	23.7239	201
DATA	1688152762	234335899	21808	0	""	2023-06-30	15:19:22	23810.08	410.76022	2071.876	39.2315	55.0008	27.6396	46.9037	0.00384614	12.1551	54.5005	125	0.420726	23.7219	167
DATA	1688152763	234335899	21812	0	""	2023-06-30	15:19:23	23814.557	411.42307	2071.9968	39.2331	55.0008	27.6417	46.9037	0.00385351	12.1549	54.5005	-41.5	0.420726	23.7223	114
DATA	1688152764	234335899	21816	0	""	2023-06-30	15:19:24	23817.258	411.26379	2071.8972	39.2319	55.001	27.6421	46.9037	0.00385435	12.155	54.5005	12.25	0.420726	23.7215	 23
DATA	1688152765	234335899	21820	0	""	2023-06-30	15:19:25	23818.781	410.7901	2071.7649	39.2327	55.0006	27.6392	46.9039	0.00384966	12.1552	54.5005	-36.75	0.420726	23.7219	142
DATA	1688152766	233973979	21824	0	""	2023-06-30	15:19:26	23821.258	411.00131	2072.1819	39.2323	55.001	27.6396	46.9039	0.00385378	12.1548	54.5005	-62	0.420726	23.7215	225
DATA	1688152767	233973979	21828	0	""	2023-06-30	15:19:27	23822.92	411.47495	2071.8572	39.2323	55.001	27.6368	46.9041	0.00385046	12.1549	54.5005	-19.75	0.420726	23.7219	 95
DATA	1688152768	233973979	21832	0	""	2023-06-30	15:19:28	23820.898	412.25082	2071.9995	39.2319	55.001	27.6388	46.9041	0.00386313	12.1552	54.5005	150.5	0.420726	23.7219	 94
DATA	1688152769	233973979	21836	0	""	2023-06-30	15:19:29	23824.025	412.22009	2072.2092	39.2331	55.001	27.6388	46.9041	0.00386572	12.155	54.5005	45	0.420726	23.7219	127
DATA	1688152770	233973979	21840	0	""	2023-06-30	15:19:30	23824.473	412.45584	2071.998	39.2315	55.001	27.6388	46.9041	0.00385768	12.1552	54.5005	-65	0.420726	23.7223	190
DATA	1688152771	233973979	21844	0	""	2023-06-30	15:19:31	23824.193	411.16055	2071.7439	39.2327	55.0008	27.6351	46.9037	0.00386085	12.1549	54.5005	8.5	0.420726	23.7246	 34
DATA	1688152772	233973979	21848	0	""	2023-06-30	15:19:32	23823.338	410.86987	2071.8735	39.2323	55.0008	27.6384	46.9037	0.00386272	12.1544	54.5005	20.75	0.420726	23.7243	149
DATA	1688152773	233592987	21852	0	""	2023-06-30	15:19:33	23823.977	411.79272	2072.0813	39.2323	55.0008	27.6392	46.9037	0.00385043	12.1551	54.5005	-34.25	0.420726	23.7239	173
DATA	1688152774	233592987	21856	0	""	2023-06-30	15:19:34	23825.215	410.99463	2071.8501	39.2323	55.001	27.6376	46.9039	0.0038553	12.1553	54.5005	-16	0.420726	23.7243	176
DATA	1688152775	233592987	21860	0	""	2023-06-30	15:19:35	23825.064	411.38055	2072.0061	39.2319	55.001	27.638	46.9041	0.00384629	12.1551	54.5005	84	0.420726	23.7243	119
DATA	1688152776	233592987	21864	0	""	2023-06-30	15:19:36	23827.621	411.55939	2072.167	39.2331	55.001	27.6384	46.9041	0.00386019	12.1551	54.5005	-39.75	0.420726	23.7239	 84
DATA	1688152777	233592987	21868	0	""	2023-06-30	15:19:37	23828.232	411.3038	2071.9431	39.2331	55.001	27.6376	46.9041	0.00384578	12.1555	54.5005	14.25	0.420726	23.7239	 30
DATA	1688152778	233592987	21872	0	""	2023-06-30	15:19:38	23827.949	412.70758	2072.0605	39.2327	55.001	27.64	46.9041	0.00385786	12.1548	54.5005	-50.5	0.420726	23.7239	250
DATA	1688152779	233592987	21876	0	""	2023-06-30	15:19:39	23829.725	411.9549	2071.6753	39.2327	55.001	27.6372	46.9039	0.00386472	12.155	54.5005	-45	0.420726	23.7223	157
DATA	1688152780	233592987	21880	0	""	2023-06-30	15:19:40	23831.969	413.54129	2071.9292	39.2335	55.001	27.6368	46.9037	0.00385396	12.1544	54.5005	-77.5	0.420726	23.7219	 94
DATA	1688152781	233227968	21884	0	""	2023-06-30	15:19:41	23833.609	413.0564	2071.9634	39.2331	55.001	27.6376	46.9037	0.00386218	12.1554	54.5005	133.75	0.420726	23.7219	 74
DATA	1688152782	233227968	21888	0	""	2023-06-30	15:19:42	23836.617	412.77106	2071.9646	39.2331	55.001	27.638	46.9039	0.00385399	12.1555	54.5005	-60	0.420726	23.7215	191
DATA	1688152783	233227968	21892	0	""	2023-06-30	15:19:43	23842.561	413.91501	2072.0896	39.2331	55.001	27.6363	46.9041	0.00386524	12.1549	54.5005	-12.5	0.420726	23.7219	 58
DATA	1688152784	233227968	21896	0	""	2023-06-30	15:19:44	23844.205	413.94632	2072.0667	39.2323	55.0006	27.6368	46.9041	0.0038632	12.1555	54.5005	87	0.420726	23.7215	187
DATA	1688152785	233227968	21900	0	""	2023-06-30	15:19:45	23844.559	413.18839	2072.4612	39.2315	55.0006	27.6372	46.9041	0.00387624	12.1551	54.5005	-54.5	0.420726	23.7215	116
DATA	1688152786	233227968	21904	0	""	2023-06-30	15:19:46	23842.195	411.34927	2072.1572	39.2331	55.001	27.6359	46.9041	0.00384875	12.1556	54.5005	161.75	0.420726	23.7219	133
DATA	1688152787	233227968	21908	0	""	2023-06-30	15:19:47	23839.328	411.62869	2072.3589	39.2323	55.001	27.6372	46.9039	0.00384671	12.1548	54.5005	-61.75	0.420726	23.7243	150
DATA	1688152788	232848882	21912	0	""	2023-06-30	15:19:48	23839.676	412.30008	2072.144	39.2323	55.001	27.6351	46.9037	0.00385536	12.1554	54.5005	42	0.420726	23.7243	122
DATA	1688152789	232848882	21916	0	""	2023-06-30	15:19:49	23841.529	412.69498	2072.3008	39.2319	55.001	27.6355	46.9037	0.00385963	12.155	54.5005	6.5	0.420726	23.7243	205
DATA	1688152790	232848882	21920	0	""	2023-06-30	15:19:50	23839.854	412.56207	2072.1682	39.2335	55.001	27.6372	46.9037	0.00385051	12.155	54.5005	44.25	0.420726	23.7239	 16
DATA	1688152791	232848882	21924	0	""	2023-06-30	15:19:51	23839.971	412.90955	2071.8545	39.2339	55.001	27.6376	46.9041	0.00385111	12.1548	54.5005	-13	0.420726	23.7243	232
DATA	1688152792	232848882	21928	0	""	2023-06-30	15:19:52	23847.496	411.96448	2072.1013	39.2327	55.001	27.6368	46.9041	0.00387114	12.1549	54.5005	16.25	0.420726	23.7239	 85
DATA	1688152793	232848882	21932	0	""	2023-06-30	15:19:53	23851.918	412.83926	2072.1052	39.2327	55.001	27.6347	46.9041	0.00387751	12.155	54.5005	53.5	0.420726	23.7239	232
DATA	1688152794	232848882	21936	0	""	2023-06-30	15:19:54	23852.789	412.35861	2072.1821	39.2323	55.001	27.6363	46.9041	0.00387171	12.1545	54.5005	-76.25	0.420726	23.7243	125
DATA	1688152795	232848882	21940	0	""	2023-06-30	15:19:55	23854.76	412.34918	2072.1299	39.2327	55.001	27.6351	46.9041	0.00386294	12.1559	54.5005	-42.5	0.420726	23.7239	 35
DATA	1688152796	232480049	21944	0	""	2023-06-30	15:19:56	23858.092	413.08286	2072.124	39.2327	55.001	27.6335	46.9037	0.00386994	12.155	54.5005	34.75	0.420726	23.7231	232
DATA	1688152797	232480049	21948	0	""	2023-06-30	15:19:57	23861.957	413.24725	2072.2214	39.2327	55.001	27.6339	46.9037	0.003865	12.1546	54.5005	56.75	0.420726	23.7227	241
DATA	1688152798	232480049	21952	0	""	2023-06-30	15:19:58	23865.385	412.8577	2072.4338	39.2323	55.001	27.6355	46.9037	0.00386263	12.155	54.5005	-45.25	0.420726	23.7215	 26
DATA	1688152799	232480049	21956	0	""	2023-06-30	15:19:59	23865.578	413.96655	2072.4351	39.2343	55.001	27.6359	46.9039	0.00386756	12.1552	54.5005	-16	0.420726	23.7215	254
DATA	1688152800	232480049	21960	0	""	2023-06-30	15:20:00	23864.898	414.31659	2072.4543	39.2331	55.001	27.6351	46.9041	0.0038677	12.1553	54.5005	23.5	0.420726	23.7219	198
DATA	1688152801	232480049	21964	0	""	2023-06-30	15:20:01	23868.404	412.58218	2072.4197	39.2331	55.001	27.6331	46.9041	0.0038758	12.1545	54.5005	-113	0.420726	23.7215	183
DATA	1688152802	232480049	21968	0	""	2023-06-30	15:20:02	23868.771	413.60413	2072.679	39.2348	55.001	27.6322	46.9041	0.00386044	12.1551	54.5005	199	0.420726	23.7219	160
DATA	1688152803	232105016	21972	0	""	2023-06-30	15:20:03	23869.812	412.68787	2072.2498	39.2335	55.001	27.6376	46.9041	0.00386507	12.1547	54.5005	127.75	0.420726	23.7219	115
DATA	1688152804	232105016	21976	0	""	2023-06-30	15:20:04	23871.281	412.87494	2072.501	39.2335	55.001	27.6368	46.9041	0.00385157	12.155	54.5005	-35.75	0.420726	23.7246	243
DATA	1688152805	232105016	21980	0	""	2023-06-30	15:20:05	23874.238	413.47546	2072.4543	39.2331	55.001	27.6355	46.9037	0.0038648	12.1549	54.5005	-47.5	0.420726	23.7246	251
DATA	1688152806	232105016	21984	0	""	2023-06-30	15:20:06	23875.189	413.11646	2072.4287	39.2339	55.001	27.6363	46.9037	0.00385395	12.155	54.5005	53	0.420726	23.7239	118
DATA	1688152807	232105016	21988	0	""	2023-06-30	15:20:07	23876.904	413.40607	2072.6699	39.2339	55.001	27.6363	46.9037	0.00385393	12.1548	54.5005	-18.5	0.420726	23.7243	 65
DATA	1688152808	232105016	21992	0	""	2023-06-30	15:20:08	23880.277	412.3298	2072.6763	39.2343	55.001	27.6359	46.9041	0.00385771	12.155	54.5005	-24.5	0.420726	23.7243	201
DATA	1688152809	232105016	21996	0	""	2023-06-30	15:20:09	23880.207	413.31039	2072.4709	39.2348	55.001	27.6376	46.9041	0.00385424	12.1546	54.5005	131.25	0.420726	23.7227	 91
DATA	1688152810	232105016	22000	0	""	2023-06-30	15:20:10	23885.031	413.4996	2072.6401	39.2348	55.001	27.6351	46.9041	0.00385992	12.155	54.5005	-9	0.420726	23.7239	 20
DATA	1688152811	231735944	22004	0	""	2023-06-30	15:20:11	23893.258	412.68961	2072.687	39.2331	55.001	27.6351	46.9041	0.0038662	12.1553	54.5005	64	0.420726	23.7243	 48
DATA	1688152812	231735944	22008	0	""	2023-06-30	15:20:12	23898.428	412.78036	2072.6853	39.2323	55.001	27.6339	46.9041	0.00387262	12.1555	54.5005	11	0.420726	23.7243	153
DATA	1688152813	231735944	22012	0	""	2023-06-30	15:20:13	23897.305	413.51547	2072.845	39.2348	55.001	27.6343	46.9037	0.00386604	12.1553	54.5005	23.75	0.420726	23.7223	248
DATA	1688152814	231735944	22016	0	""	2023-06-30	15:20:14	23900.143	412.28174	2072.6057	39.2343	55.001	27.6347	46.9037	0.00386262	12.1541	54.5005	36	0.420726	23.7219	138
DATA	1688152815	231735944	22020	0	""	2023-06-30	15:20:15	23902.537	413.18457	2072.7644	39.2331	55.001	27.6376	46.9037	0.00388643	12.1554	54.5005	102.5	0.420726	23.7215	 40
DATA	1688152816	231735944	22024	0	""	2023-06-30	15:20:16	23903.078	413.48492	2072.9021	39.2335	55.001	27.6359	46.9037	0.00385936	12.1547	54.5005	13.5	0.420726	23.7219	  6
DATA	1688152817	231735944	22028	0	""	2023-06-30	15:20:17	23905.176	413.76764	2072.7859	39.2335	55.001	27.6347	46.9041	0.00386577	12.1549	54.5005	56.25	0.420726	23.7215	 82
DATA	1688152818	231363058	22032	0	""	2023-06-30	15:20:18	23911.578	413.66168	2073.0505	39.2331	55.001	27.6363	46.9041	0.00387143	12.1549	54.5005	-14.75	0.420726	23.7215	 82
DATA	1688152819	231363058	22036	0	""	2023-06-30	15:20:19	23913.764	414.26862	2072.946	39.2343	55.001	27.6347	46.9041	0.00385914	12.1547	54.5005	-13.5	0.420726	23.7211	248
DATA	1688152820	231363058	22040	0	""	2023-06-30	15:20:20	23915.967	413.48627	2073.0217	39.2335	55.001	27.6339	46.9041	0.00387527	12.1546	54.5005	23.5	0.420726	23.7219	243
DATA	1688152821	231363058	22044	0	""	2023-06-30	15:20:21	23918.074	413.36246	2073.0818	39.2335	55.001	27.6355	46.9039	0.00387632	12.1548	54.5005	8	0.420726	23.7239	104
DATA	1688152822	231363058	22048	0	""	2023-06-30	15:20:22	23921.955	414.7692	2073.1587	39.2327	55.001	27.6351	46.9037	0.00387774	12.1546	54.5005	-55.75	0.420726	23.7243	 60
DATA	1688152823	231363058	22052	0	""	2023-06-30	15:20:23	23923.391	413.08917	2073.158	39.2339	55.001	27.6343	46.9037	0.00387401	12.1548	54.5005	57	0.420726	23.7239	103
DATA	1688152824	231363058	22056	0	""	2023-06-30	15:20:24	23928.812	413.87497	2073.0635	39.2339	55.001	27.6368	46.9041	0.00386381	12.1549	54.5005	54	0.420726	23.7239	176
DATA	1688152825	231363058	22060	0	""	2023-06-30	15:20:25	23932.246	414.51471	2073.1082	39.2335	55.001	27.638	46.9041	0.0038764	12.1544	54.5005	-105.75	0.420726	23.7243	 21
DATA	1688152826	231003046	22064	0	""	2023-06-30	15:20:26	23935.006	413.73581	2073.0483	39.2348	55.001	27.6359	46.9041	0.00386312	12.1542	54.5005	-19.25	0.420726	23.7243	 71
DATA	1688152827	231003046	22068	0	""	2023-06-30	15:20:27	23941.061	413.80658	2073.5586	39.2335	55.001	27.6372	46.9041	0.00386013	12.1551	54.5005	102.25	0.420726	23.7243	 72
DATA	1688152828	231003046	22072	0	""	2023-06-30	15:20:28	23941.525	413.76993	2073.241	39.2343	55.001	27.6363	46.9041	0.00386726	12.1545	54.5005	-6.5	0.420726	23.7239	192
DATA	1688152829	231003046	22076	0	""	2023-06-30	15:20:29	23943.496	413.0405	2073.2629	39.2343	55.001	27.6335	46.9039	0.00386468	12.1544	54.5005	-36	0.420726	23.7219	152
DATA	1688152830	231003046	22080	0	""	2023-06-30	15:20:30	23943.498	413.49924	2073.3384	39.2331	55.001	27.6359	46.9037	0.00387338	12.1546	54.5005	66.5	0.420726	23.7219	  0
DATA	1688152831	231003046	22084	0	""	2023-06-30	15:20:31	23943.598	414.27667	2073.2144	39.2339	55.001	27.6368	46.9037	0.00386899	12.1547	54.5005	-14.75	0.420726	23.7219	114
DATA	1688152832	231003046	22088	0	""	2023-06-30	15:20:32	23945.52	414.06161	2073.3542	39.2348	55.001	27.6368	46.9037	0.00387734	12.1547	54.5005	145.5	0.420726	23.7215	242
DATA	1688152833	230633020	22092	0	""	2023-06-30	15:20:33	23949.551	414.7955	2073.3298	39.2339	55.001	27.638	46.9039	0.00387853	12.1543	54.5005	-98.75	0.420726	23.7215	 16
DATA	1688152834	230633020	22096	0	""	2023-06-30	15:20:34	23952.227	415.02203	2073.6436	39.2348	55.001	27.6343	46.9041	0.00386402	12.1549	54.5005	148.25	0.420726	23.7215	 72
DATA	1688152835	230633020	22100	0	""	2023-06-30	15:20:35	23952.879	413.02594	2073.2842	39.2356	55.001	27.6343	46.9041	0.00386716	12.1543	54.5005	-68	0.420726	23.7211	183
DATA	1688152836	230633020	22104	0	""	2023-06-30	15:20:36	23953.312	413.43439	2073.2952	39.2348	55.001	27.6318	46.9041	0.0038748	12.1541	54.5005	157.25	0.420726	23.7215	 28
DATA	1688152837	230633020	22108	0	""	2023-06-30	15:20:37	23953.979	414.8078	2073.3945	39.2343	55.001	27.6343	46.9041	0.00386825	12.155	54.5005	1.75	0.420726	23.7219	161
DATA	1688152838	230633020	22112	0	""	2023-06-30	15:20:38	23955.561	414.41061	2073.5618	39.2343	55.001	27.6339	46.9039	0.00387365	12.155	54.5005	-8.25	0.420726	23.7239	244
DATA	1688152839	230633020	22116	0	""	2023-06-30	15:20:39	23957.975	414.17947	2073.3948	39.2339	55.001	27.6331	46.9037	0.00386715	12.1542	54.5005	150.5	0.420726	23.7223	 59
DATA	1688152840	230633020	22120	0	""	2023-06-30	15:20:40	23959.02	414.22415	2073.6052	39.2348	55.001	27.6339	46.9039	0.0038725	12.1541	54.5005	-39	0.420726	23.7235	 67
DATA	1688152841	230251073	22124	0	""	2023-06-30	15:20:41	23963.85	413.04745	2073.2722	39.236	55.001	27.6322	46.9037	0.00387209	12.1546	54.5005	-42.5	0.420726	23.7239	178
DATA	1688152842	230251073	22128	0	""	2023-06-30	15:20:42	23967.873	414.07074	2073.6169	39.2348	55.001	27.6326	46.9041	0.00388216	12.1545	54.5005	84.25	0.420726	23.7239	 55
DATA	1688152843	230251073	22132	0	""	2023-06-30	15:20:43	23968.426	413.62723	2073.3457	39.2352	55.001	27.6331	46.9041	0.00387179	12.1546	54.5005	13.75	0.420726	23.7239	 41
DATA	1688152844	230251073	22136	0	""	2023-06-30	15:20:44	23971.562	415.15155	2073.4224	39.2348	55.001	27.6351	46.9041	0.00388023	12.1547	54.5005	-33.5	0.420726	23.7239	 23
DATA	1688152845	230251073	22140	0	""	2023-06-30	15:20:45	23977	414.26294	2073.7756	39.2339	55.001	27.6347	46.9041	0.00387767	12.155	54.5005	-42	0.420726	23.7231	211
DATA	1688152846	230251073	22144	0	""	2023-06-30	15:20:46	23980.883	413.93246	2073.6279	39.2348	55.001	27.6314	46.9039	0.00387696	12.1547	54.5005	8.5	0.420726	23.7219	233
DATA	1688152847	230251073	22148	0	""	2023-06-30	15:20:47	23977.523	413.99237	2073.6277	39.2352	55.001	27.6306	46.9037	0.00387284	12.1543	54.5005	1.75	0.420726	23.7215	 11
DATA	1688152848	229887962	22152	0	""	2023-06-30	15:20:48	23974.955	414.42911	2073.6138	39.2343	55.001	27.6318	46.9037	0.00388461	12.1551	54.5005	51	0.420726	23.7219	187
DATA	1688152849	229887962	22156	0	""	2023-06-30	15:20:49	23975.287	414.13876	2073.7092	39.2356	55.001	27.6314	46.9039	0.00387679	12.1546	54.5005	-29	0.420726	23.7215	  6
DATA	1688152850	229887962	22160	0	""	2023-06-30	15:20:50	23974.074	413.71176	2073.7131	39.2352	55.001	27.631	46.9041	0.00387722	12.1545	54.5005	100	0.420726	23.7215	142
DATA	1688152851	229887962	22164	0	""	2023-06-30	15:20:51	23973.436	414.9256	2073.6746	39.2348	55.001	27.6326	46.9041	0.00387533	12.1549	54.5007	-56.5	0.420726	23.7215	 29
DATA	1688152852	229887962	22168	0	""	2023-06-30	15:20:52	23976.16	414.52386	2073.53	39.2348	55.001	27.6322	46.9041	0.00387316	12.1546	54.5005	207	0.420726	23.7215	 71
DATA	1688152853	229887962	22172	0	""	2023-06-30	15:20:53	23974.34	414.58328	2073.5469	39.2352	55.001	27.6322	46.9041	0.00388099	12.1549	54.5005	-27.25	0.420726	23.7219	 81
DATA	1688152854	229887962	22176	0	""	2023-06-30	15:20:54	23972.715	414.80515	2073.4905	39.2364	55.001	27.6331	46.9041	0.00387838	12.1543	54.5005	214.25	0.420726	23.7215	120
DATA	1688152855	229887962	22180	0	""	2023-06-30	15:20:55	23974.459	414.29135	2073.8064	39.236	55.001	27.6359	46.9039	0.00386158	12.1544	54.5009	56.75	0.420726	23.7231	 48
DATA	1688152856	229516029	22184	0	""	2023-06-30	15:20:56	23974.934	414.25443	2073.646	39.2335	55.001	27.6355	46.9037	0.0038707	12.1548	54.5007	-38	0.420726	23.7239	130
DATA	1688152857	229516029	22188	0	""	2023-06-30	15:20:57	23976.293	414.41357	2073.5967	39.236	55.001	27.6355	46.9037	0.00387148	12.1535	54.5009	24.75	0.420726	23.7239	 47
DATA	1688152858	229516029	22192	0	""	2023-06-30	15:20:58	23974.453	414.20416	2073.3049	39.2356	55.001	27.6331	46.9037	0.00387291	12.1547	54.5011	-100.5	0.420726	23.7239	 97
DATA	1688152859	229516029	22196	0	""	2023-06-30	15:20:59	23972.131	415.00638	2073.4673	39.2352	55.001	27.6314	46.9041	0.00387602	12.1549	54.5011	142	0.420726	23.7239	211
DATA	1688152860	229516029	22200	0	""	2023-06-30	15:21:00	23971.734	414.8631	2073.3716	39.2343	55.001	27.6339	46.9041	0.00386885	12.1546	54.5013	-58	0.420726	23.7235	150
DATA	1688152861	229516029	22204	0	""	2023-06-30	15:21:01	23967.924	414.59692	2073.5491	39.2356	55.001	27.6347	46.9041	0.00386631	12.1548	54.5009	83.75	0.420726	23.7231	 71
DATA	1688152862	229516029	22208	0	""	2023-06-30	15:21:02	23966.646	414.19379	2073.3352	39.2364	55.001	27.6331	46.9041	0.003881	12.1548	54.5009	-11	0.420726	23.7235	100
DATA	1688152863	229135990	22212	0	""	2023-06-30	15:21:03	23964.012	414.68698	2073.2197	39.2356	55.001	27.6335	46.9039	0.00386635	12.1547	54.5013	24	0.420726	23.7219	174
DATA	1688152864	229135990	22216	0	""	2023-06-30	15:21:04	23962.236	414.35168	2073.5212	39.2352	55.001	27.6331	46.9037	0.00386842	12.1551	54.5013	-35.5	0.420726	23.7227	 37
DATA	1688152865	229135990	22220	0	""	2023-06-30	15:21:05	23952.172	413.88364	2072.998	39.236	55.001	27.6322	46.9037	0.00385987	12.1548	54.5009	154.75	0.420726	23.7231	 30
DATA	1688152866	229135990	22224	0	""	2023-06-30	15:21:06	23935.48	412.48865	2073.0442	39.2352	55.001	27.6339	46.9039	0.00386894	12.1547	54.5011	-5.5	0.420726	23.7215	221
DATA	1688152867	229135990	22228	0	""	2023-06-30	15:21:07	23931.592	414.21695	2072.8872	39.2352	55.001	27.6339	46.9039	0.00386527	12.1545	54.5007	-58.5	0.420726	23.7211	 75
DATA	1688152868	229135990	22232	0	""	2023-06-30	15:21:08	23936.107	413.91833	2073.0676	39.2356	55.001	27.6318	46.9041	0.00386398	12.1554	54.5005	68.5	0.420726	23.7215	 22
DATA	1688152869	229135990	22236	0	""	2023-06-30	15:21:09	23938.74	414.98782	2073.0181	39.2352	55.001	27.6326	46.9041	0.00386962	12.1543	54.5005	-5	0.420726	23.7215	122
DATA	1688152870	229135990	22240	0	""	2023-06-30	15:21:10	23937.939	414.4729	2073.1335	39.236	55.001	27.6306	46.9041	0.0038722	12.1544	54.5005	-10.5	0.420726	23.7211	129
DATA	1688152871	228771924	22244	0	""	2023-06-30	15:21:11	23937.85	414.31757	2072.7622	39.2364	55.001	27.6306	46.9041	0.00386355	12.1546	54.5005	72	0.420726	23.7215	112
DATA	1688152872	228771924	22248	0	""	2023-06-30	15:21:12	23938.658	414.59402	2072.853	39.2356	55.001	27.6363	46.9041	0.00385136	12.1545	54.5005	356.75	0.420726	23.7235	 73
DATA	1688152873	228771924	22252	0	""	2023-06-30	15:21:13	23938.213	413.92105	2072.6782	39.2352	55.001	27.6388	46.9039	0.00386441	12.155	54.5005	24	0.420726	23.7239	116
DATA	1688152874	228771924	22256	0	""	2023-06-30	15:21:14	23940.582	414.78128	2073.1931	39.2356	55.001	27.6372	46.9037	0.00387868	12.1549	54.5005	-244	0.420726	23.7239	 32
DATA	1688152875	228771924	22260	0	""	2023-06-30	15:21:15	23938.078	414.5191	2072.8315	39.2343	55.001	27.6331	46.9039	0.00387195	12.1549	54.5005	-99.25	0.420726	23.7239	 75
DATA	1688152876	228771924	22264	0	""	2023-06-30	15:21:16	23937.697	413.4317	2072.8962	39.2356	55.001	27.6322	46.9041	0.00386733	12.1547	54.5005	23.5	0.420726	23.7235	229
DATA	1688152877	228771924	22268	0	""	2023-06-30	15:21:17	23933.949	413.18954	2072.7969	39.2356	55.001	27.6331	46.9041	0.00387368	12.1545	54.5005	43.75	0.420726	23.7239	105
DATA	1688152878	228394031	22272	0	""	2023-06-30	15:21:18	23925.258	413.4281	2072.7964	39.2348	55.001	27.6326	46.9041	0.00387614	12.1554	54.5005	-23.25	0.420726	23.7231	 50
DATA	1688152879	228394031	22276	0	""	2023-06-30	15:21:19	23916.32	412.91318	2072.803	39.2352	55.001	27.6326	46.9041	0.00387851	12.1543	54.5005	-21.75	0.420726	23.7235	248
DATA	1688152880	228394031	22280	0	""	2023-06-30	15:21:20	23916.609	412.6539	2072.5786	39.2356	55.001	27.6314	46.9039	0.00386933	12.1547	54.5005	-5.25	0.420726	23.7219	  8
DATA	1688152881	228394031	22284	0	""	2023-06-30	15:21:21	23916.951	413.28891	2072.907	39.2364	55.001	27.631	46.9037	0.00386431	12.1546	54.5005	-40.75	0.420726	23.7219	255
DATA	1688152882	228394031	22288	0	""	2023-06-30	15:21:22	23916.961	412.22009	2072.7585	39.2352	55.001	27.6326	46.9037	0.00386867	12.1547	54.5005	232.25	0.420726	23.7215	110
DATA	1688152883	228394031	22292	0	""	2023-06-30	15:21:23	23921.16	413.29999	2072.7671	39.2356	55.001	27.6326	46.9039	0.00386741	12.1546	54.5005	47.5	0.420726	23.7215	226
DATA	1688152884	228394031	22296	0	""	2023-06-30	15:21:24	23923.24	412.59872	2072.6362	39.2352	55.001	27.6326	46.9039	0.00386481	12.1553	54.5005	-18	0.420726	23.7215	160
DATA	1688152885	228394031	22300	0	""	2023-06-30	15:21:25	23923.215	413.49625	2072.8887	39.2352	55.001	27.6322	46.9041	0.00385515	12.1545	54.5005	-65.25	0.420726	23.7215	 90
DATA	1688152886	228027105	22304	0	""	2023-06-30	15:21:26	23924.262	414.52316	2072.8123	39.2348	55.001	27.6306	46.9041	0.00387571	12.1545	54.5005	-35.75	0.420726	23.7219	 86
DATA	1688152887	228027105	22308	0	""	2023-06-30	15:21:27	23927.055	414.19626	2072.8767	39.2348	55.001	27.6322	46.9041	0.00387074	12.1546	54.5005	117.75	0.420726	23.7211	109
DATA	1688152888	228027105	22312	0	""	2023-06-30	15:21:28	23927.113	414.09808	2072.8174	39.2356	55.001	27.6326	46.9041	0.00386996	12.1551	54.5005	-14.25	0.420726	23.7219	101
DATA	1688152889	228027105	22316	0	""	2023-06-30	15:21:29	23927.105	413.95261	2072.8135	39.2352	55.001	27.6306	46.9039	0.00386935	12.1542	54.5005	-44.25	0.420726	23.7235	 97
DATA	1688152890	228027105	22320	0	""	2023-06-30	15:21:30	23928.797	412.33029	2072.6838	39.2356	55.001	27.6298	46.9037	0.00388091	12.1542	54.5005	131.5	0.420726	23.7235	 52
DATA	1688152891	228027105	22324	0	""	2023-06-30	15:21:31	23927.465	414.0719	2072.6614	39.2356	55.001	27.6318	46.9037	0.00386745	12.1542	54.5005	-14.75	0.420726	23.7239	 48
DATA	1688152892	228027105	22328	0	""	2023-06-30	15:21:32	23930.982	413.72064	2072.7461	39.2356	55.001	27.6306	46.9039	0.00386968	12.1551	54.5005	27.75	0.420726	23.7231	 59
DATA	1688152893	227649927	22332	0	""	2023-06-30	15:21:33	23930.793	414.13574	2072.8745	39.2364	55.001	27.6306	46.9041	0.00386494	12.1547	54.5005	-33.75	0.420726	23.7235	122
DATA	1688152894	227649927	22336	0	""	2023-06-30	15:21:34	23931.004	414.8616	2072.8708	39.2356	55.001	27.6318	46.9041	0.00385394	12.1543	54.5005	47.75	0.420726	23.7235	 24
DATA	1688152895	227649927	22340	0	""	2023-06-30	15:21:35	23930.77	414.12421	2072.5823	39.2352	55.001	27.6322	46.9041	0.00386747	12.1545	54.5005	-44.5	0.420726	23.7235	253
DATA	1688152896	227649927	22344	0	""	2023-06-30	15:21:36	23932.781	413.85919	2073.2576	39.2364	55.001	27.6306	46.9041	0.00385956	12.1547	54.5005	-86	0.420726	23.7235	250
DATA	1688152897	227649927	22348	0	""	2023-06-30	15:21:37	23931.164	413.21033	2072.7395	39.236	55.001	27.6306	46.9039	0.00387066	12.1548	54.5005	66	0.420726	23.7219	135
DATA	1688152898	227649927	22352	0	""	2023-06-30	15:21:38	23930.396	414.05215	2072.9773	39.2364	55.001	27.6322	46.9037	0.00385134	12.1548	54.5005	-14.25	0.420726	23.7215	114
DATA	1688152899	227649927	22356	0	""	2023-06-30	15:21:39	23930.596	413.57199	2072.6963	39.2356	55.001	27.6302	46.9037	0.00386256	12.1552	54.5005	39.25	0.420726	23.7215	 99
DATA	1688152900	227649927	22360	0	""	2023-06-30	15:21:40	23930.379	413.56555	2072.6799	39.236	55.001	27.6302	46.9037	0.00386461	12.1548	54.5005	-36.25	0.420726	23.7207	 63
DATA	1688152901	227279901	22364	0	""	2023-06-30	15:21:41	23930.906	413.9946	2072.7754	39.2364	55.001	27.6289	46.9037	0.00385882	12.1548	54.5005	-53.5	0.420726	23.7215	 22
DATA	1688152902	227279901	22368	0	""	2023-06-30	15:21:42	23930.414	414.26483	2072.9104	39.236	55.001	27.6285	46.9039	0.00387193	12.1546	54.5005	120.25	0.420726	23.7219	 50
DATA	1688152903	227279901	22372	0	""	2023-06-30	15:21:43	23929.967	413.08466	2072.3442	39.2364	55.001	27.6289	46.9041	0.00386332	12.1542	54.5005	-1.25	0.420726	23.7215	 49
DATA	1688152904	227279901	22376	0	""	2023-06-30	15:21:44	23929.139	413.93799	2072.7947	39.236	55.001	27.6285	46.9041	0.00386833	12.155	54.5005	26.5	0.420726	23.7219	194
DATA	1688152905	227279901	22380	0	""	2023-06-30	15:21:45	23927.438	413.44836	2072.8391	39.2356	55.001	27.631	46.9041	0.00387434	12.1547	54.5005	121.25	0.420726	23.7219	 57
DATA	1688152906	227279901	22384	0	""	2023-06-30	15:21:46	23928.428	413.8252	2072.6091	39.236	55.001	27.6322	46.9037	0.00386962	12.1548	54.5005	-41.5	0.420726	23.7243	212
DATA	1688152907	227279901	22388	0	""	2023-06-30	15:21:47	23926.869	413.23022	2072.7532	39.236	55.001	27.631	46.9037	0.0038688	12.1547	54.5005	-23.5	0.420726	23.7239	170
DATA	1688152908	226907968	22392	0	""	2023-06-30	15:21:48	23927.629	414.06894	2072.7336	39.2356	55.001	27.631	46.9037	0.00385407	12.1549	54.5005	-76.25	0.420726	23.7239	 92
DATA	1688152909	226907968	22396	0	""	2023-06-30	15:21:49	23925.838	413.86923	2072.3296	39.2368	55.001	27.6298	46.9039	0.00386286	12.1543	54.5005	-11	0.420726	23.7239	  7
DATA	1688152910	226907968	22400	0	""	2023-06-30	15:21:50	23928.203	414.98422	2072.8528	39.2356	55.001	27.6285	46.9041	0.00387343	12.1545	54.5005	5	0.420726	23.7235	112
DATA	1688152911	226907968	22404	0	""	2023-06-30	15:21:51	23926.885	414.73941	2072.79	39.2356	55.001	27.6285	46.9041	0.00386699	12.1548	54.5005	-21.5	0.420726	23.7235	234
DATA	1688152912	226907968	22408	0	""	2023-06-30	15:21:52	23927.635	414.46356	2072.5774	39.2368	55.001	27.6289	46.9041	0.0038698	12.1547	54.5005	26	0.420726	23.7235	149
DATA	1688152913	226907968	22412	0	""	2023-06-30	15:21:53	23926.799	413.57309	2072.5911	39.236	55.001	27.6285	46.9041	0.0038662	12.1546	54.5005	9.25	0.420726	23.7231	176
DATA	1688152914	226907968	22416	0	""	2023-06-30	15:21:54	23927.145	414.24908	2072.6211	39.2364	55.001	27.6302	46.9039	0.00386154	12.1552	54.5005	70	0.420726	23.7215	157
DATA	1688152915	226907968	22420	0	""	2023-06-30	15:21:55	23928.299	414.34406	2072.7859	39.236	55.001	27.6294	46.9037	0.0038783	12.1544	54.5005	19.25	0.420726	23.7211	237
DATA	1688152916	226540088	22424	0	""	2023-06-30	15:21:56	23926.203	413.52249	2072.5681	39.2368	55.001	27.6294	46.9037	0.00386282	12.155	54.5005	18.5	0.420726	23.7215	213
DATA	1688152917	226540088	22428	0	""	2023-06-30	15:21:57	23928.318	413.64127	2072.5498	39.2356	55.001	27.6289	46.9039	0.00385894	12.1538	54.5005	-2.75	0.420726	23.7211	 82
DATA	1688152918	226540088	22432	0	""	2023-06-30	15:21:58	23928.428	414.29733	2072.7854	39.236	55.001	27.6285	46.9039	0.00386484	12.1542	54.5005	-53	0.420726	23.7211	174
DATA	1688152919	226540088	22436	0	""	2023-06-30	15:21:59	23928.605	414.90005	2072.7378	39.2364	55.001	27.6285	46.9041	0.00386958	12.155	54.5005	167.5	0.420726	23.7211	 22
DATA	1688152920	226540088	22440	0	""	2023-06-30	15:22:00	23930.553	413.98267	2072.8086	39.2364	55.001	27.6306	46.9041	0.00386812	12.1553	54.5005	-70.5	0.420726	23.7211	 29
DATA	1688152921	226540088	22444	0	""	2023-06-30	15:22:01	23933.217	414.75717	2072.8042	39.2356	55.001	27.6248	46.9041	0.00386766	12.1546	54.5005	-55	0.420726	23.7219	207
DATA	1688152922	226540088	22448	0	""	2023-06-30	15:22:02	23935.914	414.57571	2072.9265	39.236	55.001	27.6252	46.9041	0.00388081	12.1544	54.5005	80.25	0.420726	23.7227	  2
DATA	1688152923	226166963	22452	0	""	2023-06-30	15:22:03	23936.225	415.71524	2072.6189	39.2372	55.001	27.6277	46.9037	0.00387455	12.155	54.5005	21.75	0.420726	23.7239	 17
DATA	1688152924	226166963	22456	0	""	2023-06-30	15:22:04	23940.18	416.00851	2072.7319	39.2348	55.001	27.6289	46.9037	0.00386363	12.1546	54.5005	-57.5	0.420726	23.7235	 13
DATA	1688152925	226166963	22460	0	""	2023-06-30	15:22:05	23939.992	415.09659	2072.864	39.236	55.001	27.6277	46.9037	0.00387444	12.1553	54.5005	7.25	0.420726	23.7239	195
DATA	1688152926	226166963	22464	0	""	2023-06-30	15:22:06	23939.203	415.20288	2072.7581	39.2368	55.001	27.6281	46.9039	0.00387416	12.155	54.5005	-7.25	0.420726	23.7231	 10
DATA	1688152927	226166963	22468	0	""	2023-06-30	15:22:07	23940.23	415.3154	2072.907	39.236	55.001	27.6281	46.9041	0.0038601	12.154	54.5005	106.5	0.420726	23.7239	250
DATA	1688152928	226166963	22472	0	""	2023-06-30	15:22:08	23941.797	414.9736	2072.8372	39.2368	55.001	27.6273	46.9041	0.00387719	12.1542	54.5005	-43	0.420726	23.7231	183
DATA	1688152929	226166963	22476	0	""	2023-06-30	15:22:09	23943.123	414.84418	2072.9531	39.2364	55.001	27.6273	46.9041	0.00388322	12.1546	54.5005	-24	0.420726	23.7231	210
DATA	1688152930	226166963	22480	0	""	2023-06-30	15:22:10	23942.322	414.49683	2072.895	39.2364	55.001	27.6285	46.9041	0.00386957	12.1546	54.5005	164	0.420726	23.7227	178
DATA	1688152931	225800037	22484	0	""	2023-06-30	15:22:11	23940.18	414.55325	2072.749	39.2364	55.001	27.6314	46.9037	0.00385059	12.1551	54.5005	90	0.420726	23.7219	 47
DATA	1688152932	225800037	22488	0	""	2023-06-30	15:22:12	23940.453	414.77097	2072.9172	39.2356	55.001	27.631	46.9037	0.00385606	12.1544	54.5005	129.25	0.420726	23.7215	 50
DATA	1688152933	225800037	22492	0	""	2023-06-30	15:22:13	23939.428	414.15738	2072.8567	39.2364	55.001	27.6289	46.9037	0.00386914	12.1551	54.5005	-38.25	0.420726	23.7215	117
DATA	1688152934	225800037	22496	0	""	2023-06-30	15:22:14	23936.299	414.1188	2072.6968	39.2364	55.001	27.6277	46.9037	0.00387457	12.1542	54.5005	2	0.420726	23.7215	 80
DATA	1688152935	225800037	22500	0	""	2023-06-30	15:22:15	23933.797	412.70007	2072.5972	39.2368	55.001	27.6273	46.9037	0.00387212	12.155	54.5005	15.75	0.420726	23.7211	246
DATA	1688152936	225800037	22504	0	""	2023-06-30	15:22:16	23924.725	412.45813	2072.5466	39.2356	55.001	27.6289	46.9041	0.00386054	12.1552	54.5005	139.5	0.420726	23.7215	 48
DATA	1688152937	225800037	22508	0	""	2023-06-30	15:22:17	23926.928	413.39972	2072.6606	39.2368	55.001	27.6289	46.9041	0.00385684	12.1548	54.5005	17.25	0.420726	23.7215	 81
DATA	1688152938	225424051	22512	0	""	2023-06-30	15:22:18	23931.811	414.46997	2072.866	39.2376	55.001	27.6277	46.9041	0.00386829	12.1551	54.5005	-53	0.420726	23.7219	171
DATA	1688152939	225424051	22516	0	""	2023-06-30	15:22:19	23933.285	414.04373	2072.6187	39.2368	55.001	27.6269	46.9041	0.00386345	12.1548	54.5005	-11.25	0.420726	23.7211	 96
DATA	1688152940	225424051	22520	0	""	2023-06-30	15:22:20	23936.295	414.81927	2072.9741	39.2372	55.001	27.6261	46.9037	0.00386261	12.1548	54.5005	89.5	0.420726	23.7235	  3
DATA	1688152941	225424051	22524	0	""	2023-06-30	15:22:21	23938.871	414.26682	2072.7327	39.2368	55.001	27.6273	46.9037	0.00387129	12.1548	54.5005	68.5	0.420726	23.7235	 15
DATA	1688152942	225424051	22528	0	""	2023-06-30	15:22:22	23938.916	414.32181	2072.7476	39.2368	55.001	27.6261	46.9037	0.00386806	12.1541	54.5005	-23.25	0.420726	23.7239	 98
DATA	1688152943	225424051	22532	0	""	2023-06-30	15:22:23	23940.326	414.9429	2072.8857	39.2372	55.001	27.6265	46.9037	0.00386675	12.1555	54.5005	-8.75	0.420726	23.7239	 16
DATA	1688152944	225424051	22536	0	""	2023-06-30	15:22:24	23939.023	413.80588	2072.5916	39.2372	55.001	27.6285	46.9039	0.00386148	12.155	54.5005	233	0.420726	23.7235	164
DATA	1688152945	225424051	22540	0	""	2023-06-30	15:22:25	23940.031	414.02768	2072.7698	39.2372	55.001	27.6281	46.9041	0.00387987	12.1547	54.5005	-101	0.420726	23.7231	246
DATA	1688152946	225059032	22544	0	""	2023-06-30	15:22:26	23940.807	413.81989	2072.7244	39.236	55.001	27.6277	46.9041	0.00385571	12.1539	54.5005	43	0.420726	23.7235	122
DATA	1688152947	225059032	22548	0	""	2023-06-30	15:22:27	23939.227	414.04147	2072.8198	39.238	55.001	27.6269	46.9041	0.00384673	12.1538	54.5005	15.75	0.420726	23.7235	 24
DATA	1688152948	225059032	22552	0	""	2023-06-30	15:22:28	23940.037	415.91708	2072.7478	39.2372	55.001	27.6269	46.9037	0.00386752	12.1543	54.5005	38	0.420726	23.7215	177
DATA	1688152949	225059032	22556	0	""	2023-06-30	15:22:29	23939.027	415.33978	2072.6504	39.2368	55.001	27.6273	46.9037	0.00387393	12.1544	54.5005	-55	0.420726	23.7215	231
DATA	1688152950	225059032	22560	0	""	2023-06-30	15:22:30	23938.105	415.13754	2072.8337	39.2372	55.001	27.6252	46.9037	0.00387343	12.1544	54.5005	28.5	0.420726	23.7219	247
DATA	1688152951	225059032	22564	0	""	2023-06-30	15:22:31	23937.395	414.72778	2072.7556	39.2356	55.001	27.6269	46.9037	0.00387936	12.1544	54.5005	68.75	0.420726	23.7207	 93
DATA	1688152952	225059032	22568	0	""	2023-06-30	15:22:32	23938.346	414.36301	2072.6035	39.236	55.001	27.6273	46.9039	0.00387218	12.1546	54.5005	-29.75	0.420726	23.7215	 49
DATA	1688152953	224678993	22572	0	""	2023-06-30	15:22:33	23938.074	415.0033	2072.9387	39.238	55.001	27.6269	46.9041	0.00386935	12.1546	54.5005	122.5	0.420726	23.7215	228
DATA	1688152954	224678993	22576	0	""	2023-06-30	15:22:34	23938.139	415.14169	2072.6848	39.2376	55.001	27.6269	46.9041	0.00387495	12.1552	54.5005	-10.75	0.420726	23.7207	143
DATA	1688152955	224678993	22580	0	""	2023-06-30	15:22:35	23938.18	414.7915	2072.7234	39.2368	55.001	27.6277	46.9041	0.00386247	12.1549	54.5005	-20	0.420726	23.7211	128
DATA	1688152956	224678993	22584	0	""	2023-06-30	15:22:36	23938.312	415.45752	2072.6841	39.2372	55.001	27.6277	46.9039	0.00386344	12.1545	54.5005	-97.5	0.420726	23.7235	 91
DATA	1688152957	224678993	22588	0	""	2023-06-30	15:22:37	23937.598	415.44357	2072.6565	39.2376	55.001	27.6261	46.9037	0.00386092	12.1541	54.5005	237.25	0.420726	23.7239	159
DATA	1688152958	224678993	22592	0	""	2023-06-30	15:22:38	23939.016	414.50687	2072.5215	39.2376	55.001	27.6273	46.9037	0.00386902	12.1552	54.5005	-12	0.420726	23.7235	232
DATA	1688152959	224678993	22596	0	""	2023-06-30	15:22:39	23939.305	414.33752	2072.7866	39.2368	55.001	27.6265	46.9037	0.00387008	12.1547	54.5005	79.5	0.420726	23.7235	 62
DATA	1688152960	224678993	22600	0	""	2023-06-30	15:22:40	23939.822	415.29416	2072.7041	39.2372	55.001	27.6285	46.9039	0.00386248	12.155	54.5005	64.25	0.420726	23.7215	 16
DATA	1688152961	224313974	22604	0	""	2023-06-30	15:22:41	23941.691	416.55322	2072.823	39.238	55.001	27.6265	46.9041	0.00387726	12.1546	54.5005	-48	0.420726	23.7235	106
DATA	1688152962	224313974	22608	0	""	2023-06-30	15:22:42	23944.617	416.10452	2072.7327	39.2372	55.001	27.6261	46.9041	0.00386662	12.155	54.5005	61.25	0.420726	23.7235	251
DATA	1688152963	224313974	22612	0	""	2023-06-30	15:22:43	23945.953	415.95767	2073.0789	39.2376	55.001	27.6281	46.9041	0.00387793	12.1546	54.5005	303.25	0.420726	23.7239	139
DATA	1688152964	224313974	22616	0	""	2023-06-30	15:22:44	23947.215	414.97791	2072.8518	39.2372	55.001	27.6277	46.9041	0.00387613	12.1544	54.5005	-128	0.420726	23.7235	 20
DATA	1688152965	224313974	22620	0	""	2023-06-30	15:22:45	23954.195	416.02002	2073.1184	39.2364	55.001	27.6257	46.9037	0.00387096	12.1546	54.5005	-29.25	0.420726	23.7215	 98
DATA	1688152966	224313974	22624	0	""	2023-06-30	15:22:46	23976.32	416.34683	2073.3149	39.2372	55.001	27.6248	46.9037	0.00388537	12.154	54.5005	63.25	0.420726	23.7215	228
DATA	1688152967	224313974	22628	0	""	2023-06-30	15:22:47	23991.979	415.79855	2073.5984	39.2372	55.001	27.6252	46.9037	0.0039027	12.1539	54.5005	-11.75	0.420726	23.7215	 94
DATA	1688152968	223934888	22632	0	""	2023-06-30	15:22:48	23992.857	415.86639	2073.4446	39.2376	55.001	27.6252	46.9041	0.00387678	12.1542	54.5005	-49.25	0.420726	23.7215	154
DATA	1688152969	223934888	22636	0	""	2023-06-30	15:22:49	23991.602	415.043	2073.4922	39.238	55.001	27.6269	46.9039	0.0038662	12.1545	54.5005	-26.75	0.420726	23.7211	180
DATA	1688152970	223934888	22640	0	""	2023-06-30	15:22:50	23988.574	415.39597	2073.2871	39.238	55.001	27.6261	46.9041	0.00387319	12.1545	54.5005	102.75	0.420726	23.7219	 85
DATA	1688152971	223934888	22644	0	""	2023-06-30	15:22:51	23983.498	416.66122	2073.3542	39.2376	55.001	27.6269	46.9041	0.00386632	12.1545	54.5005	205.75	0.420726	23.7211	126
DATA	1688152972	223934888	22648	0	""	2023-06-30	15:22:52	23980.113	415.5972	2073.053	39.2376	55.001	27.6285	46.9041	0.00387055	12.1546	54.5005	250	0.420726	23.7219	125
DATA	1688152973	223934888	22652	0	""	2023-06-30	15:22:53	23982.445	415.48981	2073.2036	39.238	55.001	27.6298	46.9039	0.00387984	12.1543	54.5005	-232.5	0.420726	23.7239	 94
DATA	1688152974	223934888	22656	0	""	2023-06-30	15:22:54	23977.918	414.8992	2073.1841	39.238	55.001	27.6261	46.9037	0.0038724	12.1541	54.5005	0.25	0.420726	23.7235	138
DATA	1688152975	223934888	22660	0	""	2023-06-30	15:22:55	23976.48	415.99295	2073.1746	39.2368	55.001	27.6244	46.9037	0.00388483	12.1548	54.5005	27.75	0.420726	23.7239	 69
DATA	1688152976	223572969	22664	0	""	2023-06-30	15:22:56	23977.465	414.94174	2073.0886	39.238	55.001	27.6236	46.9039	0.00388128	12.1546	54.5005	-9	0.420726	23.7235	157
DATA	1688152977	223572969	22668	0	""	2023-06-30	15:22:57	23981.91	415.75235	2073.033	39.2376	55.001	27.6236	46.9039	0.0038728	12.1543	54.5005	9.25	0.420726	23.7231	139
DATA	1688152978	223572969	22672	0	""	2023-06-30	15:22:58	23982.855	415.78394	2073.2681	39.2372	55.001	27.6257	46.9041	0.00387078	12.1546	54.5005	203	0.420726	23.7235	  0
DATA	1688152979	223572969	22676	0	""	2023-06-30	15:22:59	23986.479	414.93378	2073.3208	39.2376	55.001	27.6265	46.9041	0.00387478	12.1543	54.5005	50.75	0.420726	23.7239	120
DATA	1688152980	223572969	22680	0	""	2023-06-30	15:23:00	23987.473	414.62595	2073.3396	39.2372	55.001	27.6261	46.9041	0.00387948	12.1547	54.5005	-108.5	0.420726	23.7235	130
DATA	1688152981	223572969	22684	0	""	2023-06-30	15:23:01	23988.123	415.55829	2073.0615	39.2368	55.001	27.6215	46.9041	0.00388326	12.1548	54.5005	-25.5	0.420726	23.7235	 69
DATA	1688152982	223572969	22688	0	""	2023-06-30	15:23:02	23988.09	414.90506	2073.3557	39.238	55.001	27.6203	46.9037	0.00387436	12.1547	54.5005	160.25	0.420726	23.7215	 27
DATA	1688152983	223192930	22692	0	""	2023-06-30	15:23:03	23989.57	416.04202	2073.3191	39.238	55.001	27.6232	46.9037	0.00388119	12.1542	54.5005	91	0.420726	23.7215	 56
DATA	1688152984	223192930	22696	0	""	2023-06-30	15:23:04	23989.615	416.16388	2073.3206	39.238	55.001	27.6261	46.9037	0.00386975	12.1543	54.5005	-66.5	0.420726	23.7211	 22
DATA	1688152985	223192930	22700	0	""	2023-06-30	15:23:05	23988.158	416.73074	2073.2419	39.238	55.001	27.624	46.9037	0.00387437	12.1545	54.5005	-18.5	0.420726	23.7211	209
DATA	1688152986	223192930	22704	0	""	2023-06-30	15:23:06	23991.088	415.70163	2073.4363	39.2385	55.001	27.6244	46.9041	0.00387078	12.1554	54.5005	31.75	0.420726	23.7215	 60
DATA	1688152987	223192930	22708	0	""	2023-06-30	15:23:07	23993.844	416.21039	2073.4756	39.2385	55.001	27.6261	46.9041	0.00388151	12.1544	54.5005	-82	0.420726	23.7211	213
DATA	1688152988	223192930	22712	0	""	2023-06-30	15:23:08	23993.857	415.83987	2073.4534	39.2385	55.001	27.6244	46.9041	0.00387752	12.1537	54.5005	-17	0.420726	23.7211	234
DATA	1688152989	223192930	22716	0	""	2023-06-30	15:23:09	23994.836	416.48624	2073.4839	39.238	55.001	27.6244	46.9041	0.00387263	12.1541	54.5005	-56.25	0.420726	23.7215	 75
DATA	1688152990	223192930	22720	0	""	2023-06-30	15:23:10	23996.551	416.62668	2073.4575	39.238	55.001	27.6248	46.9039	0.0038719	12.1545	54.5005	-53.25	0.420726	23.7239	 20
DATA	1688152991	222826957	22724	0	""	2023-06-30	15:23:11	23996.086	416.48932	2073.1909	39.2389	55.001	27.624	46.9037	0.00387446	12.1544	54.5005	34.25	0.420726	23.7235	 37
DATA	1688152992	222826957	22728	0	""	2023-06-30	15:23:12	23996.693	416.36368	2073.0642	39.2389	55.001	27.6228	46.9037	0.00387653	12.1547	54.5005	95	0.420726	23.7239	215
DATA	1688152993	222826957	22732	0	""	2023-06-30	15:23:13	23997.83	416.02377	2073.219	39.238	55.001	27.6269	46.9037	0.00387173	12.1545	54.5005	-22.75	0.420726	23.7239	235
DATA	1688152994	222826957	22736	0	""	2023-06-30	15:23:14	23999.844	416.83188	2073.0662	39.2385	55.001	27.6244	46.9039	0.00386649	12.1541	54.5005	-3.25	0.420726	23.7235	 92
DATA	1688152995	222826957	22740	0	""	2023-06-30	15:23:15	23997.791	416.18353	2073.1453	39.238	55.001	27.624	46.9041	0.0038877	12.1545	54.5005	-1.25	0.420726	23.7235	174
DATA	1688152996	222826957	22744	0	""	2023-06-30	15:23:16	24004.227	415.83112	2073.54	39.2376	55.001	27.6224	46.9041	0.00387867	12.1546	54.5005	-37.25	0.420726	23.7231	  3
DATA	1688152997	222826957	22748	0	""	2023-06-30	15:23:17	24004.523	416.44183	2073.1841	39.2376	55.001	27.6203	46.9041	0.0038754	12.1543	54.5005	34	0.420726	23.7231	108
DATA	1688152998	222450017	22752	0	""	2023-06-30	15:23:18	24006.199	416.42587	2073.5962	39.2385	55.001	27.6228	46.9039	0.003882	12.1546	54.5005	21	0.420726	23.7215	 71
DATA	1688152999	222450017	22756	0	""	2023-06-30	15:23:19	24007.312	416.24667	2073.6345	39.2376	55.001	27.6228	46.9037	0.0038811	12.154	54.5005	12.75	0.420726	23.7215	206
DATA	1688153000	222450017	22760	0	""	2023-06-30	15:23:20	24009.514	416.86273	2073.4275	39.238	55.001	27.6207	46.9037	0.00387063	12.1545	54.5005	3.5	0.420726	23.7215	122
DATA	1688153001	222450017	22764	0	""	2023-06-30	15:23:21	24012.109	416.85553	2073.377	39.2385	55.001	27.6232	46.9037	0.00386828	12.1552	54.5005	49.5	0.420726	23.7211	184
DATA	1688153002	222450017	22768	0	""	2023-06-30	15:23:22	24013.389	416.40909	2073.4951	39.2393	55.001	27.6244	46.9039	0.00386991	12.1544	54.5005	48.75	0.420726	23.7203	 52
DATA	1688153003	222450017	22772	0	""	2023-06-30	15:23:23	24011.033	415.34601	2073.3467	39.2389	55.001	27.6244	46.9041	0.00387265	12.1547	54.5005	-24.5	0.420726	23.7207	  9
DATA	1688153004	222450017	22776	0	""	2023-06-30	15:23:24	24013.062	416.80756	2073.7903	39.2409	55.001	27.6244	46.9041	0.00383598	12.1542	54.5005	213	0.420726	23.7207	184
DATA	1688153005	222450017	22780	0	""	2023-06-30	15:23:25	24013.684	415.70731	2073.3801	39.2397	55.001	27.6252	46.9041	0.00385122	12.1544	54.5005	-123.25	0.420726	23.7211	100
DATA	1688153006	222083091	22784	0	""	2023-06-30	15:23:26	24014.08	415.95798	2073.425	39.238	55.001	27.6236	46.9041	0.00387106	12.1549	54.5005	74.25	0.420726	23.7219	155
DATA	1688153007	222083091	22788	0	""	2023-06-30	15:23:27	24017.475	416.31949	2073.3125	39.2376	55.001	27.6232	46.9039	0.00387398	12.1543	54.5005	-45.25	0.420726	23.7235	105
DATA	1688153008	222083091	22792	0	""	2023-06-30	15:23:28	24028.926	417.63831	2073.5244	39.2385	55.001	27.6224	46.9037	0.00390405	12.1542	54.5005	-40	0.420726	23.7239	192
DATA	1688153009	222083091	22796	0	""	2023-06-30	15:23:29	24076.086	418.17493	2073.5442	39.2385	55.001	27.6232	46.9037	0.0038839	12.1541	54.5005	69	0.420726	23.7239	128
DATA	1688153010	222083091	22800	0	""	2023-06-30	15:23:30	24123.197	420.59915	2073.9624	39.238	55.001	27.6211	46.9037	0.00391013	12.154	54.5005	69	0.420726	23.7235	 23
DATA	1688153011	222083091	22804	0	""	2023-06-30	15:23:31	24146.098	420.32059	2073.769	39.2368	55.001	27.6183	46.9039	0.00393708	12.1543	54.5005	-120.25	0.420726	23.7231	 75
DATA	1688153012	222083091	22808	0	""	2023-06-30	15:23:32	24675.979	420.53748	2073.8518	39.2446	55.001	27.6158	46.9037	0.00406861	12.152	54.5005	-158.25	0.420726	23.7227	107
DATA	1688153013	221708059	22812	0	""	2023-06-30	15:23:33	25076.781	419.10812	2073.7144	39.2541	55.001	27.617	46.9033	0.00392592	12.1501	54.5005	766	0.419806	23.7231	144
DATA	1688153014	221708059	22816	0	""	2023-06-30	15:23:34	24852.711	421.65308	2073.8718	39.2327	55.001	27.6187	46.9022	0.00426991	12.1511	54.5005	-662.75	0.419253	23.7231	147
DATA	1688153015	221708059	22820	0	""	2023-06-30	15:23:35	25083.598	422.14697	2073.7244	39.2463	55.001	27.615	46.9024	0.00396186	12.1502	54.5005	1028	0.419253	17.7289	218
DATA	1688153016	221708059	22824	0	""	2023-06-30	15:23:36	26180.377	446.02438	2074.2556	39.2475	55.001	27.6232	46.9022	0.00421045	12.1457	54.5005	-335.5	0.419253	15.7245	 88
DATA	1688153017	221708059	22828	0	""	2023-06-30	15:23:37	26254.676	497.78622	2073.8467	39.2339	55.001	27.6166	46.9022	0.00477588	12.1451	54.5005	-851.75	0.418885	15.7186	212
DATA	1688153018	221708059	22832	0	""	2023-06-30	15:23:38	26088.562	594.70752	2074.1482	39.2405	55.001	27.6092	46.9015	0.00444373	12.1458	54.5005	-164	0.418517	15.7143	  8
DATA	1688153019	221708059	22836	0	""	2023-06-30	15:23:39	26097.777	610.3996	2073.8809	39.2413	55.001	27.6063	46.9015	0.00430062	12.1461	54.5005	179.5	0.418517	15.71	172
DATA	1688153020	221708059	22840	0	""	2023-06-30	15:23:40	25634.082	589.44714	2074.1931	39.2446	55.001	27.6104	46.9015	0.00412533	12.1473	54.5005	430.5	0.418517	15.7072	 28
DATA	1688153021	221340894	22844	0	""	2023-06-30	15:23:41	25557.359	572.07788	2074.1465	39.2454	55.001	27.6166	46.9015	0.00409313	12.1474	54.5005	161.5	0.418517	15.7025	 57
DATA	1688153022	221340894	22848	0	""	2023-06-30	15:23:42	27241.184	560.05786	2073.8982	39.2454	55.001	27.6158	46.9017	0.00465265	12.1417	54.5005	-609.25	0.418517	15.701	110
DATA	1688153023	221340894	22852	0	""	2023-06-30	15:23:43	30647.203	556.50769	2073.9182	39.2459	55.001	27.603	46.9017	0.00607263	12.1276	54.5005	-1633.5	0.418333	15.6982	104
DATA	1688153024	221340894	22856	0	""	2023-06-30	15:23:44	32240.354	540.41278	2074.3948	39.2467	55.001	27.5788	46.9009	0.00680568	12.1212	54.5005	-1303.5	0.417781	15.6986	171
DATA	1688153025	221340894	22860	0	""	2023-06-30	15:23:45	33114.777	524.36523	2074.6357	39.2512	55.001	27.5582	46.9008	0.00703191	12.1175	54.5005	-566.25	0.417781	15.6974	161
DATA	1688153026	221340894	22864	0	""	2023-06-30	15:23:46	31733.795	511.24057	2075.2561	39.2602	55.001	27.5533	46.9008	0.00606896	12.1227	54.5005	837	0.417781	15.6394	228
DATA	1688153027	221340894	22868	96	""	2023-06-30	15:23:47	28604.662	12102.742	1284.8807	40.2297	55.001	31.4725	46.9008	0.269439	12.1344	54.5005	1960.25	0.417781	15.5903	132
DATA	1688153028	220972061	22872	36	""	2023-06-30	15:23:48	41420.984	-133.51921	4026.8948	44.2454	55.001	41.1584	46.8925	1.67732	-5817.09	54.5005	1947	0.417781	15.5923	 41
DATA	1688153029	220972061	22876	36	""	2023-06-30	15:23:49	41420.984	-133.51921	4026.8948	50.531	55.0016	45.6626	46.8949	1.67732	-5817.09	54.5005	1947	0.417781	15.5899	 68
DATA	1688153030	220972061	22880	36	""	2023-06-30	15:23:50	41420.984	-133.51921	4026.8948	57.3358	55.002	50.4397	46.9002	1.67732	-5817.09	54.5005	1947	0.417781	15.5856	 32
DATA	1688153031	220972061	22884	36	""	2023-06-30	15:23:51	41420.984	-133.51921	4026.8948	63.9934	55.0026	55.3456	46.9008	1.67732	-5817.09	54.5002	1947	0.417781	15.5809	 96
DATA	1688153032	220972061	22888	36	""	2023-06-30	15:23:52	41420.984	-133.51921	4026.8948	69.4206	55.0026	61.4679	46.9008	1.67732	-5817.09	54.4998	1947	0.417781	15.5691	122
DATA	1688153033	220972061	22892	36	""	2023-06-30	15:23:53	41420.984	-133.51921	4026.8948	72.4262	55.0034	68.0569	46.9008	1.67732	-5817.09	54.499	1947	0.417781	15.5542	 54
DATA	1688153034	220972061	22896	36	""	2023-06-30	15:23:54	41420.984	-133.51921	4026.8948	72.6745	55.0034	74.3021	46.9008	1.67732	-5817.09	54.4984	1947	0.417781	15.5468	109
DATA	1688153035	220972061	22900	36	""	2023-06-30	15:23:55	41420.984	-133.51921	4026.8948	73.3693	55.0034	56.7693	46.9008	1.67732	-5817.09	54.4977	1947	0.417781	15.5476	117
DATA	1688153036	220603942	22904	36	""	2023-06-30	15:23:56	41420.984	-133.51921	4026.8948	72.9969	55.0026	46.449	46.9008	1.67732	-5817.09	54.4969	1947	0.417781	15.546	 23
DATA	1688153037	220603942	22908	36	""	2023-06-30	15:23:57	41420.984	-133.51921	4026.8948	72.1685	55.0026	79.0066	46.9008	1.67732	-5817.09	54.4961	1947	0.417781	15.5338	109
DATA	1688153038	220603942	22912	36	""	2023-06-30	15:23:58	41420.984	-133.51921	4026.8948	81.2134	55.0026	52.0641	46.9008	1.67732	-5817.09	54.4955	1947	0.417781	15.5491	 89
DATA	1688153039	220603942	22916	36	""	2023-06-30	15:23:59	41420.984	-133.51921	4026.8948	83.674	55.0026	28.5959	46.9008	1.67732	-5817.09	54.4952	1947	0.417781	15.5444	 71
DATA	1688153040	220603942	22920	36	""	2023-06-30	15:24:00	41420.984	-133.51921	4026.8948	83.7611	55.0026	27.8123	46.9008	1.67732	-5817.09	54.495	1947	0.417781	15.5417	 26
DATA	1688153041	220603942	22924	36	""	2023-06-30	15:24:01	41420.984	-133.51921	4026.8948	83.6834	55.0026	28.3048	46.9008	1.67732	-5817.09	54.4944	1947	0.417781	15.5425	 90
DATA	1688153042	220603942	22928	36	""	2023-06-30	15:24:02	41420.984	-133.51921	4026.8948	83.6259	55.002	28.6744	46.9008	1.67732	-5817.09	54.4936	1947	0.417781	15.5393	 54
DATA	1688153043	220227003	22932	36	""	2023-06-30	15:24:03	41420.984	-133.51921	4026.8948	83.5687	55.0018	29.1669	46.9008	1.67732	-5817.09	54.4929	1947	0.417781	15.5354	101
DATA	1688153044	220227003	22936	36	""	2023-06-30	15:24:04	41420.984	-133.51921	4026.8948	83.5153	55.0018	29.6599	46.9008	1.67732	-5817.09	54.4923	1947	0.417781	15.5315	 93
DATA	1688153045	220227003	22940	36	""	2023-06-30	15:24:05	41420.984	-133.51921	4026.8948	83.4667	55.0014	30.1553	46.9008	1.67732	-5817.09	54.4917	1947	0.417781	15.5299	 86
DATA	1688153046	220227003	22944	36	""	2023-06-30	15:24:06	41420.984	-133.51921	4026.8948	83.4178	55.001	30.6486	46.9008	1.67732	-5817.09	54.4911	1947	0.417781	15.5279	 39
DATA	1688153047	220227003	22948	36	""	2023-06-30	15:24:07	41420.984	-133.51921	4026.8948	83.3697	55.001	31.1399	46.9008	1.67732	-5817.09	54.4905	1947	0.417781	15.524	248
DATA	1688153048	220227003	22952	36	""	2023-06-30	15:24:08	41420.984	-133.51921	4026.8948	83.3311	55.001	31.5078	46.9008	1.67732	-5817.09	54.49	1947	0.417781	15.5213	173
DATA	1688153049	220227003	22956	36	""	2023-06-30	15:24:09	41420.984	-133.51921	4026.8948	83.2817	55.001	32.0028	46.9008	1.67732	-5817.09	54.4898	1947	0.417781	15.5142	 37
DATA	1688153050	220227003	22960	36	""	2023-06-30	15:24:10	41420.984	-133.51921	4026.8948	83.2365	55.0006	32.4966	46.9008	1.67732	-5817.09	54.489	1947	0.417781	15.5126	 28
DATA	1688153051	219865083	22964	36	""	2023-06-30	15:24:11	41420.984	-133.51921	4026.8948	83.2184	55.0003	32.4316	46.9009	1.67732	-5817.09	54.489	1947	0.417781	15.5079	 51
DATA	1688153052	219865083	22968	36	""	2023-06-30	15:24:12	41420.984	-133.51921	4026.8948	83.3007	55.0003	31.264	46.9135	1.67732	-5817.09	54.4882	1947	0.417781	15.5205	 41
DATA	1688153053	219865083	22972	36	""	2023-06-30	15:24:13	41420.984	-133.51921	4026.8948	83.5819	55.0003	47.8892	46.9044	1.67732	-5817.09	54.4882	1947	0.417781	15.5621	122
DATA	1688153054	219865083	22976	36	""	2023-06-30	15:24:14	41420.984	-133.51921	4026.8948	86.4284	55.0003	81.2196	46.9013	1.67732	-5817.09	54.4882	-53	0.417781	15.5593	 55
DATA	1688153055	219865083	22980	36	""	2023-06-30	15:24:15	41420.984	-133.51921	4026.8948	87.0426	55.0003	86.0905	46.9011	1.67732	-5817.09	54.4882	3416	0.417781	15.5585	104
DATA	1688153056	219865083	22984	292	""	2023-06-30	15:24:16	41420.984	-133.51921	4026.8948	87.1795	55.0003	86.4017	46.9011	1.25799	-5817.09	54.4882	2905	0.417781	15.557	125
