"","IDs","H2S_mean","H2S_sd","H2S_cv","H2S_flag","QAQC_flag","Dilution","H2S_cv_flag"
"1","1 Spike",18.6624347065299,2.01104235029035,10.7758841861438,"Within_Range","",1,"High CV"
"2","13",1686.27414105986,740.251760645732,43.8986605215015,"Within_Range","",25,"High CV"
"3","8",4.94410788090886,0.828076261884263,16.748749862069,"Within_Range","",1,"High CV"
