"","IDs","H2S_mean","H2S_sd","H2S_cv","H2S_flag","QAQC_flag","Dilution","H2S_cv_flag"
"1","35",9.39321472768,1.06660157288448,11.355021723728,"Within_Range","Std curve r2 low",1,"High CV"
"2","37",0.742083258437849,0.376447613959228,50.7284876297686,"Within_Range","Std curve r2 low",1,"High CV"
"3","33",7.75171798736226,0.878377765904866,11.3313947609665,"Within_Range","Std curve r2 low",1,"High CV"
"4","41",0.209705937253717,0.12548253798641,59.8373797278768,"Within_Range","Std curve r2 low",1,"High CV"
