"","IDs","H2S_mean","H2S_sd","H2S_cv","H2S_flag","QAQC_flag","Dilution","H2S_cv_flag"
"1","15",7194.62340561689,367.194876843545,5.10374005895671,"Within_Range","",250,"Within range"
"2","18",5685.66629024522,124.349442878885,2.18706896484988,"Within_Range","",250,"Within range"
"3","43",1165.73194651993,50.8880291317288,4.36532852030395,"Within_Range","",50,"Within range"
