"RepNumber","Month","Site","Zone","Replicate","Plot","TIMESTAMP","HM81_AIC","HM81_flux.estimate","HM81_p.value","HM81_r.squared","HM81_RMSE","lin_AIC","lin_flux.estimate","lin_flux.std.error","lin_int.estimate","lin_int.std.error","lin_p.value","lin_r.squared","lin_RMSE","poly_AIC","poly_r.squared","poly_RMSE","rob_AIC","rob_converged","rob_flux.estimate","rob_flux.std.error","rob_RMSE","TIMESTAMP_min","TIMESTAMP_max","qaqc_flag"
"1","Apr","GCW","TR","1","1-Apr-GCW-TR-1",2025-04-16 10:58:18.5,NA,NA,NA,NA,NA,471.518764859292,6.24657148946232,0.160323651806428,3745.92998528209,5.63456480185583,3.72538556075633e-40,0.966880194944329,18.3621331791064,277.024798072264,0.999161115928152,2.98021015953883,472.005208558991,TRUE,6.34031395879236,0.159716085496841,21.5535894172902,2025-04-16 10:57:52,2025-04-16 10:58:45,NA
"1","Apr","GCW","TR","2","1-Apr-GCW-TR-2",2025-04-16 11:07:21.5,415.102619226537,2.76743861960672,1.62090469049495e-31,0.928875502984662,10.8908048976915,299.816220313533,2.56030931683454,0.0326993833669992,3820.19682120306,1.14921780090526,1.2279542072798e-55,0.991589352124217,3.74511449492458,285.714441346151,0.99398485546428,3.22990744268734,299.821579786759,TRUE,2.55842698531465,0.0318580441402611,4.2360809606773,2025-04-16 11:06:55,2025-04-16 11:07:48,NA
"1","Apr","GCW","TR","3","1-Apr-GCW-TR-3",2025-04-16 11:11:25.5,417.93954025976,2.71583600177118,2.23666420325082e-31,0.927990441088526,11.1806726701341,314.595000247544,2.609335496773,0.0374945944802055,3865.56426159373,1.31774519815144,5.32589969102027e-53,0.989377110127418,4.29431795985647,275.580475582194,0.995210405160074,2.94062006323788,314.596259367989,TRUE,2.60971005609907,0.0386364675339686,5.16589477220709,2025-04-16 11:10:59,2025-04-16 11:11:52,NA
"1","Apr","GCW","TR","4","1-Apr-GCW-TR-4",2025-04-16 11:15:46.5,350.525370006146,1.57922295971739,7.54491129855052e-33,0.936780297788758,5.98934078249886,308.608214061803,1.47780988674913,0.0354727065061997,3821.67784913834,1.24668607067233,1.27381818891618e-41,0.970910643018224,4.06274778394285,292.648632087706,0.979899383637188,3.44408735669717,308.76538336187,TRUE,1.46687434126814,0.0342161946443476,3.83712902598701,2025-04-16 11:15:20,2025-04-16 11:16:13,NA
"1","Apr","GCW","TR","5","1-Apr-GCW-TR-5",2025-04-16 11:20:03.5,407.144263182604,1.85965465374011,7.86095334263057e-29,0.909811788017079,10.1171334110802,302.436747024301,2.10728482245301,0.0335025098412156,3867.92467345433,1.17744363104367,9.63020556784333e-51,0.987026995078264,3.83709789920128,296.056174832529,0.989295782361707,3.55448530737085,302.481371557783,TRUE,2.10647040959526,0.034357003279237,4.05665939421513,2025-04-16 11:19:37,2025-04-16 11:20:30,NA
"1","Apr","GCW","UP","1","1-Apr-GCW-UP-1",2025-04-16 11:25:26.5,NA,NA,NA,NA,NA,292.189608298885,1.79161013526379,0.0304699040055152,3823.87361870419,1.07086288698495,3.05580760292949e-49,0.985182491688971,3.48976853383666,295.644342771294,0.985331358765663,3.5409569413256,292.296547614464,TRUE,1.78435068055001,0.0332190924295424,3.73728323297892,2025-04-16 11:25:00,2025-04-16 11:25:53,NA
"1","Apr","GCW","UP","2","1-Apr-GCW-UP-2",2025-04-16 11:33:34.5,NA,NA,NA,NA,NA,312.497514172747,1.31606682702938,0.0367734312687739,3835.44671600567,1.29239996180145,2.64367089085724e-38,0.96098493381917,4.21172194371677,273.067739074715,0.982543836604782,2.87299312263863,312.594191979722,TRUE,1.32425830506974,0.0384772331937308,5.00192405959433,2025-04-16 11:33:08,2025-04-16 11:34:01,NA
"1","Apr","GCW","UP","3","1-Apr-GCW-UP-3",2025-04-16 11:38:36.5,NA,NA,NA,NA,NA,393.320973058985,5.54636689618055,0.0777222028943288,3800.71379945413,2.73154200154966,1.46299648253886e-53,0.989892024480922,8.90165252873795,331.497614050095,0.997012688930777,4.93509413207991,394.357825464561,TRUE,5.49206776167888,0.0687128292370107,7.24452308848239,2025-04-16 11:38:10,2025-04-16 11:39:03,NA
"1","Apr","GCW","UP","4","1-Apr-GCW-UP-4",2025-04-16 11:43:33.5,NA,NA,NA,NA,NA,278.115784343628,1.94242828554147,0.0267471053898794,3827.6455437957,0.940025360470863,5.93819196066506e-54,0.990236492564626,3.06339024710805,275.679337261646,0.991333558746834,2.94331309783728,278.146175911322,TRUE,1.94550287777799,0.0272687114059831,3.73084301876004,2025-04-16 11:43:07,2025-04-16 11:44:00,NA
"1","Apr","GCW","UP","5","1-Apr-GCW-UP-5",2025-04-16 11:29:21.5,NA,NA,NA,NA,NA,350.397159654324,2.21292976736748,0.0522321523868739,3820.56096788054,1.83569575697782,5.44369877668395e-42,0.971845919822457,5.98223485775604,270.933370119884,0.993998157195814,2.81677245700496,350.828450380514,TRUE,2.24418213291603,0.050093635458314,6.25332430321684,2025-04-16 11:28:55,2025-04-16 11:29:48,NA
"1","Jul","GCW","TR","1","1-Jul-GCW-TR-1",2025-07-16 15:06:09.5,1408.3902180954,11.0050768582106,6.04864880872884e-56,0.891959141651745,114.519549365513,866.075719062885,10.4892167606673,0.0302084772067179,3946.2020236278,2.10706384215446,1.15184409652603e-171,0.999071918061908,10.6139925346853,798.117577149236,0.999506309771308,7.81134018892757,873.437823462874,TRUE,10.4154065995773,0.0213896763599046,6.35663984717232,2025-07-16 15:05:13,2025-07-16 15:07:06,NA
"1","Jul","GCW","TR","2","1-Jul-GCW-TR-2",2025-07-16 14:59:37.5,1408.50154268605,13.6969404623882,5.23920716564345e-60,0.908564375701126,114.575478992146,1010.5460468199,11.3969094799207,0.0569266943214854,4010.83989626096,3.97067943668168,6.31734898033564e-145,0.997213468919127,20.0016539866562,827.27881926234,0.999460923342522,8.87711603064947,1021.67844365702,TRUE,11.2348572666366,0.0400353393704854,13.6812217488654,2025-07-16 14:58:41,2025-07-16 15:00:34,NA
"1","Jul","GCW","TR","3","1-Jul-GCW-TR-3",2025-07-16 14:50:55.5,1086.92677979887,18.005150527168,1.57787505735183e-70,0.940657061595749,27.961209769306,1236.9152116328,3.05102887617453,0.153639905699249,4004.63442942354,10.7164981470472,1.72351525774664e-38,0.778810205792073,53.9826221945059,993.239262446207,0.974810554314404,18.3820273639485,1237.26030694406,TRUE,2.97400190624988,0.149436290631513,67.5989496716095,2025-07-16 14:49:59,2025-07-16 14:51:52,NA
"1","Jul","GCW","TR","4","1-Jul-GCW-TR-4",2025-07-16 14:43:55.5,1382.51672323028,13.0583252269568,2.20889154854683e-61,0.913586578722078,102.234102350544,1020.44989370365,10.456332831629,0.0594539641036116,4178.94466893523,4.14695839112376,1.21114712779706e-138,0.996392127793091,20.8896306435748,777.420578032464,0.999586792602719,7.13348743603572,1029.38827379884,TRUE,10.3065764254374,0.0466335482726154,15.5788027263217,2025-07-16 14:42:59,2025-07-16 14:44:52,NA
"1","Jul","GCW","TR","5","1-Jul-GCW-TR-5",2025-07-16 14:37:10.5,1315.17216306778,10.0395269593688,5.14669302568705e-63,0.919192796967207,76.0882938155086,1001.49107263575,8.04135085325984,0.0547101678767702,4073.78154856869,3.81607506205931,5.95230730474065e-130,0.994842367814292,19.2228595119745,700.2454484614,0.999645524341284,5.08509049554501,1006.66374448176,TRUE,7.93570880439352,0.0472840663373328,18.4335016475214,2025-07-16 14:36:14,2025-07-16 14:38:07,NA
"1","Jul","GCW","UP","1","1-Jul-GCW-UP-1",2025-07-16 15:15:37.5,591.559694376519,29.2521187613957,1.02083139062242e-40,0.968487897596762,55.8003785152431,565.586507058581,19.5975971407393,0.383060219858366,4322.76818706507,13.4626276752421,3.76060475853326e-46,0.980520030646394,43.8725209499941,490.451434869884,0.995500697318064,21.502439295588,577.495943192322,TRUE,18.4380149056841,0.190393953403223,19.3366696263972,2025-07-16 15:15:11,2025-07-16 15:16:04,NA
"1","Jul","GCW","UP","2","1-Jul-GCW-UP-2",2025-07-16 15:23:18.5,637.328221173629,25.8987312163512,1.64692192734504e-34,0.945418908049387,85.2478851575931,515.489658202292,22.9083431073325,0.240888096840669,3793.1990938011,8.46599722717924,5.359505179201e-60,0.994283150672021,27.5893124040759,411.987066287494,0.999219148979635,10.3983220625204,515.490078960639,TRUE,22.9043571683757,0.244905139305356,35.3478285556703,2025-07-16 15:22:52,2025-07-16 15:23:45,NA
"1","Jul","GCW","UP","3","1-Jul-GCW-UP-3",2025-07-16 15:27:16.5,610.927443203838,29.3571869417933,1.72352554040444e-38,0.961621154449678,66.7605048182158,542.350868233407,21.3401038477059,0.308909206891151,3881.51412822787,10.8565949222489,7.77710953397587e-53,0.989221322930326,35.379882713974,431.642755178558,0.998711671655163,12.4739388057761,548.824307470323,TRUE,20.6860906493883,0.235019111348612,22.6516773293455,2025-07-16 15:26:50,2025-07-16 15:27:43,NA
"1","Jul","GCW","UP","4","1-Jul-GCW-UP-4",2025-07-16 15:30:55.5,603.409498146536,15.7876950265364,1.74342908466769e-32,0.934713240520818,62.2713256916695,418.141588006608,15.3282462200425,0.0978036088693389,4020.81340413683,3.43730176939218,3.07146493805202e-71,0.997887436737756,11.2016091900423,352.310432308985,0.999420313317234,5.98396281906545,418.4985263297,TRUE,15.2748358106384,0.0946821127537892,11.7624874264078,2025-07-16 15:30:29,2025-07-16 15:31:22,NA
"1","Jul","GCW","UP","5","1-Jul-GCW-UP-5",2025-07-16 15:19:26.5,669.691053603919,35.0422927832017,2.08819617875729e-34,0.944918812858617,115.033013854061,545.443270050328,30.7748228946459,0.31788216221919,3962.90275483834,11.1719488808841,2.12956638194565e-60,0.994482508348543,36.4075701380514,478.820617054403,0.998508031425767,19.3071139560874,546.254327330301,TRUE,30.5450937533048,0.320027269578931,37.3865911170927,2025-07-16 15:19:00,2025-07-16 15:19:53,NA
"1","Jul","GWI","TR","1","1-Jul-GWI-TR-1",2025-07-23 11:50:54.938053,NA,NA,NA,NA,NA,1084.38488130308,8.62687781845238,0.0829026868147713,3297.54985374965,5.80730031214313,1.70389703062047e-112,0.989853325175038,28.8354287066305,995.362431697555,0.99554539438901,19.2804609050572,1085.36391775274,TRUE,8.54709541933676,0.056835764736698,15.1810908751607,2025-07-23 11:49:58,2025-07-23 11:51:51,NA
"1","Jul","GWI","TR","2","1-Jul-GWI-TR-2",2025-07-23 11:59:02.084906,1239.13090391592,26.9902228523005,2.29027705030309e-77,0.964738153007888,82.0427761351163,1262.65351372784,12.8788410692371,0.271004423204556,4021.29560745206,18.3213066223849,2.36224590732352e-72,0.955976967142086,91.6701197318733,1037.7419490703,0.994920718024525,31.4416670576133,1266.43499636015,TRUE,12.4433832405743,0.231646176439068,86.2254769130661,2025-07-23 11:58:08,2025-07-23 12:00:01,NA
"1","Jul","GWI","TR","3","1-Jul-GWI-TR-3",2025-07-23 12:05:40.5,1429.36047605783,11.497893013608,3.22444262693852e-56,0.893164761634834,125.552043375301,1035.16927302353,11.5503096360754,0.0634188402271575,3411.83217425456,4.42351146135556,2.45060326180527e-140,0.996634857705369,22.2827219036304,991.479443528443,0.997785252478565,18.2406917631242,1035.45342392657,TRUE,11.5403882574277,0.0524831292804651,15.7148229485605,2025-07-23 12:04:44,2025-07-23 12:06:37,NA
"1","Jul","GWI","TR","4","1-Jul-GWI-TR-4",2025-07-23 12:26:18.5,1149.92874342417,11.879715150277,5.9378356456657e-85,0.967198357093468,36.8605762704679,1164.96153711415,6.01437668944483,0.112058975307263,3772.16847798296,7.81619720329051,9.58761428092587e-82,0.962574764829565,39.3728263499252,895.923089511493,0.996588093887879,11.9956980979038,1179.87839226926,TRUE,5.64513914435675,0.0765483017275727,28.920291071265,2025-07-23 12:25:22,2025-07-23 12:27:15,NA
"1","Jul","GWI","TR","5","1-Jul-GWI-TR-5",2025-07-23 12:34:50.5,1102.37025942627,3.72048802298824,4.93751206507129e-68,0.934248694005672,29.9207656910356,1081.70716825772,3.41687954007536,0.07777923998622,3276.66737720546,5.42516006761087,1.91787861862232e-72,0.94514878442925,27.3283643832153,982.456670660755,0.977826048836377,17.5329390701213,1084.67811276551,TRUE,3.30239504456431,0.0742441787753166,24.4590861656292,2025-07-23 12:33:54,2025-07-23 12:35:47,NA
"1","Jul","GWI","UP","1","1-Jul-GWI-UP-1",2025-07-23 12:51:07.5,NA,NA,NA,NA,NA,353.664961291678,6.13825587640564,0.0538367152470728,3385.22444490418,1.89208801920846,4.48167155847768e-64,0.99601584045695,6.16600809770689,311.26940131819,0.998312666709076,4.09216218129008,353.938896737112,TRUE,6.1610072770177,0.060999042577148,6.07863618278395,2025-07-23 12:50:41,2025-07-23 12:51:34,NA
"1","Jul","GWI","UP","2","1-Jul-GWI-UP-2",2025-07-23 12:54:41.5,535.204701361783,9.05606349545446,1.23013159723508e-32,0.935581966678322,33.1146294444759,379.764836180845,8.1998231618723,0.0685539606710839,3381.10820188889,2.40932469709133,3.74618245709215e-65,0.996378538793618,7.85159857335031,323.180499936636,0.998820671227346,4.56930644689252,380.01608795024,TRUE,8.22227339365014,0.0727435949023184,8.37533075991102,2025-07-23 12:54:15,2025-07-23 12:55:08,NA
"1","Jul","GWI","UP","3","1-Jul-GWI-UP-3",2025-07-23 12:58:31.5,455.636014023713,2.85616086315977,2.92966626222738e-30,0.920513171304817,15.8509281494263,370.138049253445,3.5108357580528,0.062707701195884,3377.6925817064,2.20385827033322,3.75780126058553e-48,0.983681561133829,7.18201680002066,341.8150172063,0.99103147684596,5.42980519597956,370.228763588148,TRUE,3.52785424629314,0.0658815018174042,8.29963542808256,2025-07-23 12:58:05,2025-07-23 12:58:58,NA
"1","Jul","GWI","UP","4","1-Jul-GWI-UP-4",2025-07-23 13:04:34.5,473.226678896893,2.59159574335879,3.03307559249741e-22,0.838630574590811,18.6548204812363,426.669409844721,2.82249089414353,0.10583939357808,3398.95595853967,3.71971892472141,5.30389435987685e-32,0.931862708995231,12.1219609120621,424.221578968638,0.939531632343821,11.6455831318897,426.782892779529,TRUE,2.78935874634881,0.104085486822731,12.7696754778069,2025-07-23 13:04:08,2025-07-23 13:05:01,NA
"1","Jul","GWI","UP","5","1-Jul-GWI-UP-5",2025-07-23 13:08:46.5,NA,NA,NA,NA,NA,412.107040804715,1.58228263125091,0.092488659759662,3390.94647090248,3.25050821248644,5.23908003384604e-23,0.849134870389286,10.5928792722015,345.446266145589,0.959233796512524,5.61547361695448,413.43869715843,TRUE,1.48775270485823,0.084415606105679,9.69322260209372,2025-07-23 13:08:20,2025-07-23 13:09:13,NA
"1","Jul","SWH","SWAMP","1","1-Jul-SWH-SWAMP-1",2025-07-22 10:15:25.5,NA,NA,NA,NA,NA,649.56823351534,-0.572041165154276,0.833639276932404,3625.54682520674,29.298200697918,0.495636998974325,0.00897387443757301,95.4780860708476,646.477300836521,0.13092682414836,91.181345248368,654.665763585057,TRUE,0.20244776285533,0.382841015912312,34.4762035245353,2025-07-22 10:14:59,2025-07-22 10:15:52,"low r2, but also low flux - checked"
"1","Jul","SWH","SWAMP","2","1-Jul-SWH-SWAMP-2",2025-07-22 10:22:37.5,452.063786732475,10.6811628961375,6.75217534778134e-45,0.978232556663085,15.335215929721,457.987341659632,6.46431406383419,0.141443966235333,4049.63118000693,4.97103942309613,1.17118875666112e-43,0.975708879058348,16.1998115445252,313.455010859239,0.998448050051287,4.17581941633455,460.245486388474,TRUE,6.28475450572261,0.118898964610022,15.9145960925415,2025-07-22 10:22:11,2025-07-22 10:23:04,NA
"1","Jul","SWH","SWAMP","3","1-Jul-SWH-SWAMP-3",2025-07-22 10:29:49.5,485.292966040937,9.81200437410991,1.34295704642177e-39,0.965206930922423,20.8599168715326,436.182674075967,6.99162274294198,0.115585275100224,4242.91965453356,4.06223732652297,7.15181976538776e-50,0.98598723988487,13.2381728523531,292.688178622704,0.999087357639445,3.44534871466785,437.140736249188,TRUE,6.89880222733914,0.109411694287172,13.5031033846933,2025-07-22 10:29:23,2025-07-22 10:30:16,NA
"1","Jul","SWH","SWAMP","4","1-Jul-SWH-SWAMP-4",2025-07-22 10:34:49.5,560.883355695036,14.7499213907561,4.65571369343513e-36,0.952407724761076,42.0029762897738,475.042155660219,12.0633924498153,0.165640302473972,4184.29410636357,5.82141815990729,5.12903541673701e-54,0.990291336699499,18.9710579791858,336.562463840707,0.999306146336901,5.17204677317985,475.055830592691,TRUE,12.079283694393,0.173103791681998,22.4279506342264,2025-07-22 10:34:23,2025-07-22 10:35:16,NA
"1","Jul","SWH","SWAMP","5","1-Jul-SWH-SWAMP-5",2025-07-22 10:43:22.5,579.48261902351,13.9024733878479,5.47794670511793e-32,0.931778152110849,49.8967505303303,400.995244147752,12.0127512533434,0.0834459430616274,4068.61647887864,2.9327024948284,2.52247580835876e-69,0.997497117401911,9.55720196296262,380.019274531938,0.998423944587518,7.73415613551019,404.116050624025,TRUE,11.8890417468742,0.0534281912164859,5.65663998831327,2025-07-22 10:42:56,2025-07-22 10:43:49,NA
"1","Jul","SWH","TR","1","1-Jul-SWH-TR-1",2025-07-21 16:43:31.5,1944.46076668021,59.5275037127321,1.58247571189529e-34,0.739782356412608,1202.22845789208,1887.56452827537,65.1389163202002,2.66600576377887,3581.43374401228,185.955892757965,1.08077464733863e-46,0.842026300390678,936.722664983729,1888.81806968898,0.84578668303877,933.882510267171,1889.90393825984,TRUE,62.2195343478183,0.47078836886787,173.357272429131,2025-07-21 16:42:35,2025-07-21 16:44:28,NA
"1","Jul","SWH","TR","10","1-Jul-SWH-TR-10",2025-07-21 16:01:17,709.512258984799,4.90360135099783,8.92034062924198e-77,0.969403511431007,7.95496097071157,843.12206788579,1.45296296753853,0.0526047962405921,3517.47479089998,3.27462215784014,2.55973335858475e-48,0.885135330920803,15.4132950675089,707.229864387393,0.971248690241603,7.79045470075644,858.893813575245,TRUE,1.26635859711386,0.0315602889438764,7.6444793008579,2025-07-21 16:00:27,2025-07-21 16:02:07,NA
"1","Jul","SWH","TR","2","1-Jul-SWH-TR-2",2025-07-21 16:57:14.5,NA,NA,NA,NA,NA,1886.45521196882,11.0998915938073,2.6530660238014,3113.7094434843,185.053336232297,5.72226316841311e-05,0.135162939486629,932.176182796567,1886.02362138779,0.168137204263738,922.506374679947,1887.76074416569,TRUE,11.4445100990346,0.359779841072797,120.716439197925,2025-07-21 16:56:18,2025-07-21 16:58:11,NA
"1","Jul","SWH","TR","3","1-Jul-SWH-TR-3",2025-07-21 16:18:53,NA,NA,NA,NA,NA,1210.91756755958,-0.803827091142281,0.145568966654935,3557.95848885155,10.0695432167271,2.23012973588048e-07,0.215504038527324,50.4752913962718,1157.04250372908,0.529934184539326,39.4285724896269,1210.92218278416,TRUE,-0.813442739586957,0.151834829667961,64.3914221760213,2025-07-21 16:17:57,2025-07-21 16:19:49,"low r2, but also low flux - checked"
"1","Jul","SWH","TR","4","1-Jul-SWH-TR-4",2025-07-21 16:07:42.5,1593.71763952435,34.609232440509,1.00795068225453e-57,0.899569317260312,258.161436706802,1353.94107460666,24.3859134070124,0.256693539110653,4460.78270364167,17.9045660287185,6.76309199193935e-109,0.98774217431425,90.1913489110446,1256.76273972581,0.994953800876093,58.3919558745476,1354.08697356175,TRUE,24.3720184329413,0.261916873960999,80.8012931620907,2025-07-21 16:06:46,2025-07-21 16:08:39,NA
"1","Jul","SWH","TR","5","1-Jul-SWH-TR-5",2025-07-21 15:45:50.5,NA,NA,NA,NA,NA,1293.48528747032,16.0396101439186,0.196905901528675,3203.18825316785,13.7343336633213,1.60078188676152e-101,0.983401128079697,69.1844793949453,1043.0613592882,0.998218339325187,22.8714951552871,1298.6662433992,TRUE,16.4826475817959,0.161639124602674,43.7622523505696,2025-07-21 15:44:54,2025-07-21 15:46:47,NA
"1","Jul","SWH","TR","6","1-Jul-SWH-TR-6",2025-07-21 16:34:23.5,2101.93955165764,6.85437772584665,0.119974767616163,0.0214491915283388,2398.57139537639,2099.74234640075,14.6301501104175,6.76110169340804,2430.21393920278,471.591891700562,0.0325984838454895,0.0401289236059297,2375.56770601209,2099.25658420996,0.0771652443224963,2350.36656291407,2104.61885972186,TRUE,4.96179979043967,0.246715241783847,80.9006567808684,2025-07-21 16:33:27,2025-07-21 16:35:20,NA
"1","Jul","SWH","TR","7a","1-Jul-SWH-TR-7a",2025-07-21 16:51:36.5,2012.26677140174,19.7924365494232,0.000353552179630496,0.10815230455641,1618.61628696305,1992.99314629828,25.6506273264283,4.23332443620546,1016.66589532093,295.277540492965,1.87788027857341e-08,0.246877056456561,1487.41274362527,1929.43174160889,0.583625712495036,1115.97169343142,2003.63845266697,TRUE,16.8688633041308,2.88525837786928,965.853198942165,2025-07-21 16:50:40,2025-07-21 16:52:33,"poor flux, need to remove"
"1","Jul","SWH","TR","8","1-Jul-SWH-TR-8",2025-07-21 16:26:42.5,NA,NA,NA,NA,NA,2139.19448806188,-8.30065728805295,8.03833167230161,3407.66529459556,560.679636449374,0.303999724739897,0.00943104491869319,2824.33277842157,2142.66280637112,0.0140401776263706,2843.2548434852,2141.16487684855,TRUE,0.315878165728399,0.0555507548637587,15.5608111083464,2025-07-21 16:25:46,2025-07-21 16:27:39,"negative CO2 flux, messy - remove"
"1","Jul","SWH","TR","9","1-Jul-SWH-TR-9",2025-07-21 15:53:19.5,NA,NA,NA,NA,NA,651.717471178388,0.996851325949963,0.0235389725615371,3100.39932495357,1.424545480895,6.39497533036253e-64,0.949191175355436,6.59194206683705,608.88943255333,0.968492269634685,5.24594891944651,651.973033431987,TRUE,0.999388044291303,0.0233501713102627,6.86402609541344,2025-07-21 15:52:31,2025-07-21 15:54:08,NA
"1","Jul","SWH","UP","1","1-Jul-SWH-UP-1",2025-07-22 09:46:18.5,615.310680730458,22.4257838374613,4.44737093747782e-35,0.948096474625543,69.5257503863854,495.39437524597,19.1600507223627,0.199989539446781,5248.01505283393,7.02861996348941,3.65662886483361e-60,0.994366593111148,22.9051329381127,378.336244715103,0.999401364776215,7.61456432340168,498.265284800925,TRUE,18.860119869949,0.166017345288708,17.5995518668258,2025-07-22 09:45:52,2025-07-22 09:46:45,NA
"1","Jul","SWH","UP","2","1-Jul-SWH-UP-2",2025-07-22 09:50:55.5,526.271770404423,12.4294655559485,6.6784563558819e-38,0.9595703405565,30.4858559965323,449.280415322579,9.49957810983747,0.130488350165097,4616.93638827095,4.58600497561154,5.23402654101816e-54,0.990283768617828,14.9450467043148,326.266589053107,0.999075322331303,4.70175729057524,454.023839436558,TRUE,9.27228810065698,0.0978171290257074,10.210006583268,2025-07-22 09:50:29,2025-07-22 09:51:22,NA
"1","Jul","SWH","UP","3","1-Jul-SWH-UP-3",2025-07-22 09:58:05.5,593.660383149682,26.9023714559645,4.46478697421818e-39,0.963562722919913,56.8963661197603,536.041067593936,18.6486949018375,0.291378562821059,4626.36306101165,10.2404815233946,3.9464715455946e-51,0.987464457818593,33.3720690351838,419.450587342385,0.998656321580343,11.1423273325219,538.533341088664,TRUE,18.2546483330949,0.227224955374195,29.1201606988965,2025-07-22 09:57:39,2025-07-22 09:58:32,NA
"1","Jul","SWH","UP","4","1-Jul-SWH-UP-4",2025-07-22 10:01:59.5,608.388860035539,21.2652926233249,4.21606427244104e-34,0.943411722060948,65.2095715286912,473.239086506385,17.2193217205112,0.162897879772972,4324.89355137777,5.72503588412478,2.25553771408801e-62,0.995367816865322,18.6569637684952,417.221625605379,0.998475610784803,10.9147228151157,478.431210749214,TRUE,16.9024569144518,0.115135799766946,12.9293284412076,2025-07-22 10:01:33,2025-07-22 10:02:26,NA
"1","Jul","SWH","UP","5","1-Jul-SWH-UP-5",2025-07-22 10:05:44.5,660.112202605019,51.1639055531927,2.57389370619639e-39,0.964325993654333,105.269749572285,601.811322517236,34.8783630380932,0.535717605475574,4788.04922482565,18.8277620272253,1.6389196875108e-51,0.987880976810543,61.3566239746795,480.028458815108,0.998820059407721,19.5242512508503,605.116177474879,TRUE,34.0487306631456,0.387095119422951,52.203023320491,2025-07-22 10:05:18,2025-07-22 10:06:11,NA
"1","Jun","GCW","TR","1","1-Jun-GCW-TR-1",2025-06-17 14:40:24.5,1254.3789146626,11.6193509321339,3.65479028136502e-71,0.942186110312209,58.2799062251809,1087.81509985461,7.25153171981605,0.079891041974512,4491.86254820773,5.57245983319887,1.0440309128568e-106,0.98658809214796,28.0703630740159,844.409595716587,0.998469002876999,9.56979436123387,1100.04931637596,TRUE,7.00951191348729,0.0515137257223207,19.081804116813,2025-06-17 14:39:28,2025-06-17 14:41:21,NA
"1","Jun","GCW","TR","2","1-Jun-GCW-TR-2",2025-06-17 14:47:06.5,1338.5561617956,11.5905767990806,4.80815810164742e-63,0.919290843127877,84.3062350262104,1025.0902541125,8.91525427189252,0.0606763959571743,4318.70415247567,4.23222392571241,6.18110134636459e-130,0.994838892995157,21.3191419519101,799.389875994983,0.999311861054118,7.85505132954804,1037.58067107631,TRUE,8.73601555958203,0.0431660613698686,15.1722784526535,2025-06-17 14:46:10,2025-06-17 14:48:03,NA
"1","Jun","GCW","TR","3","1-Jun-GCW-TR-3",2025-06-17 14:53:03.5,1204.30606594868,11.3314715208352,1.27883758033671e-78,0.957445093571624,46.7886014626976,1133.9914776211,6.75272747043469,0.0978261284753508,4497.53517572847,6.82344550894906,1.26400481873693e-93,0.977034329277709,34.3720006218532,773.414109804151,0.999062038675291,7.00923108857125,1141.95325802764,TRUE,6.51765182021268,0.0751733708322456,29.7295751595914,2025-06-17 14:52:07,2025-06-17 14:54:00,NA
"1","Jun","GCW","TR","4","1-Jun-GCW-TR-4",2025-06-17 14:58:46.5,1302.01989207555,10.371387098538,1.5027144454761e-64,0.924130720582339,71.8233065833261,1023.00661069714,7.82819317857949,0.0601244133713756,4815.48341584606,4.19372272818178,4.33935434169624e-124,0.993436480768398,21.12519841067,768.505924478105,0.99932024507608,6.85995497712109,1033.39590039694,TRUE,7.66137655078559,0.0444637033972474,16.3381548544179,2025-06-17 14:57:50,2025-06-17 14:59:43,NA
"1","Jun","GCW","TR","5","1-Jun-GCW-TR-5",2025-06-17 15:04:42.5,1411.87828533093,18.4532776199035,1.87492133114728e-66,0.929839723265343,116.285001316537,1172.83994858657,13.1661089586533,0.115998787009173,4656.35495921102,8.09100201139735,1.83419692517796e-117,0.991381123178196,40.7571110229322,774.482384927834,0.999747286169633,7.04214931813462,1174.19806342332,TRUE,13.0512538285095,0.112838048157794,46.8310366640818,2025-06-17 15:03:46,2025-06-17 15:05:39,NA
"1","Jun","GCW","UP","1","1-Jun-GCW-UP-1",2025-06-17 15:12:14.5,643.125050994077,26.6551032466074,1.86058843030603e-33,0.940090459720666,89.9485336572296,496.321798880036,23.0920417096075,0.201714295656221,5000.90066300263,7.08923641352653,3.63343005771947e-64,0.99604786072983,23.1026721212737,377.335619184024,0.999594755555195,7.5443408095399,496.364627805554,TRUE,23.1259960190959,0.212304390285026,27.6759224258265,2025-06-17 15:11:48,2025-06-17 15:12:41,NA
"1","Jun","GCW","UP","2","1-Jun-GCW-UP-2",2025-06-17 15:20:36.5,671.973848461507,36.6833713024713,1.24184964376594e-34,0.946007718555964,117.490344246087,543.035784718179,31.7565323552437,0.310874478374025,4836.06450628843,10.9256642666578,1.32419484398334e-61,0.995041520313398,35.6049685094574,387.450951768706,0.999741839941671,8.28509574669822,543.167853147718,TRUE,31.6969164694601,0.339569359956087,40.7482932818614,2025-06-17 15:20:10,2025-06-17 15:21:03,NA
"1","Jun","GCW","UP","3","1-Jun-GCW-UP-3",2025-06-17 15:27:59.5,602.311615337844,33.8737255045268,2.4847126625267e-42,0.972682084086425,61.6415081061167,582.232237617078,23.2593028189941,0.446893067601831,4920.49386393125,15.7060291512253,1.5659165617091e-46,0.981165271632451,51.1834026462414,417.515844188609,0.999171944614993,10.9444977453298,586.148034895315,TRUE,22.5031817246082,0.379735755784997,42.5579239794944,2025-06-17 15:27:33,2025-06-17 15:28:26,NA
"1","Jun","GCW","UP","4","1-Jun-GCW-UP-4",2025-06-17 15:24:23.5,647.902240606552,30.7042923378032,2.03895592523784e-34,0.944969288739118,94.0165561167035,509.386497843522,25.1800676180805,0.22765282090862,5130.03689552324,8.00084427520175,2.15859339843559e-63,0.995767532871729,26.0734543470256,391.4564152868,0.999557440085323,8.59813941372329,510.398006439153,TRUE,24.9962393547675,0.205450705718831,26.3420419116243,2025-06-17 15:23:57,2025-06-17 15:24:50,NA
"1","Jun","GCW","UP","5","1-Jun-GCW-UP-5",2025-06-17 15:16:57.5,663.533290536514,21.7394115004772,5.34221726092952e-30,0.918658206772728,108.657728848795,445.675324996989,23.9699480107242,0.126204484713739,4676.98109572346,4.43544878994498,1.42946501831057e-75,0.998560561399146,14.4544085043181,442.031083682768,0.998750562871478,13.7333859534356,445.749642496814,TRUE,23.9864952781685,0.132027217208022,14.7737377730147,2025-06-17 15:16:31,2025-06-17 15:17:24,NA
"1","Mar","04","1","Mar","1-Mar-04",2025-03-13 13:34:51.5,321.058125605833,1.08164559018065,2.56287374337883e-17,0.750865339241172,4.55915134433487,314.111799392771,0.508219304817316,0.037327215303658,3903.60165033842,1.31186266737003,8.87344000979717e-19,0.780937322843884,4.27514774575179,314.872851655319,0.793690519844132,4.23100165098623,314.160826272867,TRUE,0.512253524307489,0.0364549647962167,3.73792112387319,2025-03-13 13:34:25,2025-03-13 13:35:18,"low r2, but also low flux - checked"
"1","Mar","GWI","TR","1","1-Mar-GWI-TR-1",2025-03-19 11:52:42.5,NA,NA,NA,NA,NA,447.717359308647,5.48028100397632,0.12861342645585,4114.81460312754,4.52011089810486,4.07505497003952e-42,0.972157580511505,14.7303085888718,430.125651066741,0.981333802092003,12.2999391111786,449.842785143607,TRUE,5.52588554501547,0.11060802317682,10.2762249582041,2025-03-19 11:52:16,2025-03-19 11:53:09,NA
"1","Mar","GWI","TR","2","1-Mar-GWI-TR-2",2025-03-19 11:56:26.5,NA,NA,NA,NA,NA,520.991663514267,6.77294688976946,0.253477988991176,4074.88361703966,8.90846820617153,4.82212241596488e-32,0.932111476333003,29.0312535885078,501.816110464794,0.955801533505075,23.8884448283366,522.320597251736,TRUE,6.52386934651138,0.232209995382009,23.6068541680632,2025-03-19 11:56:00,2025-03-19 11:56:53,NA
"1","Mar","GWI","TR","3","1-Mar-GWI-TR-3",2025-03-19 12:00:15.5,444.713793199116,4.75947195822426,5.51892240681192e-35,0.947664183844041,14.3262910275971,380.833746289535,3.91111359685574,0.0692358296407745,4095.77660994799,2.43328893975176,2.37893367817416e-48,0.983965909267414,7.92969415495093,334.386626672405,0.99370024207831,5.06889002654896,380.845541033959,TRUE,3.91725456195903,0.0750590658870527,9.73096667730385,2025-03-19 11:59:49,2025-03-19 12:00:42,NA
"1","Mar","GWI","TR","4","1-Mar-GWI-TR-4",2025-03-19 12:04:51.5,460.839876725059,8.29302708945269,1.87453544367468e-32,0.934531154964326,16.6333875039338,506.853811849769,3.76576854125852,0.22237629220436,4140.04414567643,7.81540100106212,8.2266632239693e-23,0.846502498366549,25.4691247818035,445.927090473185,0.953875807347797,14.2378503523941,506.949697943675,TRUE,3.7896451291144,0.255383405674126,27.4299823882901,2025-03-19 12:04:25,2025-03-19 12:05:18,NA
"1","Mar","GWI","TR","5","1-Mar-GWI-TR-5",2025-03-19 12:09:11.5,491.599461351975,4.48944952505932,1.71387503776484e-27,0.898484977721263,22.1142664196025,437.701323468462,4.28748762596765,0.117222066313763,4045.89740591122,4.11976225223342,8.89714396283249e-39,0.962584198104339,13.4256372589503,383.38692380084,0.987292443257237,7.97912150933819,437.711158343667,TRUE,4.28790916432267,0.120428638695046,16.7502836786903,2025-03-19 12:08:45,2025-03-19 12:09:38,NA
"1","Mar","GWI","UP","1","1-Mar-GWI-UP-1",2025-03-19 12:14:53.5,464.52918260347,8.11373020936577,2.47635888078426e-31,0.927708338849503,17.2114043971721,463.572868543753,3.88464107260051,0.148951609067687,4156.86340034875,5.23489506492721,1.56156011434284e-31,0.928977319754812,17.0596743033606,439.462838965231,0.957799031846777,13.4106578874895,463.583882214628,TRUE,3.87065452473719,0.163207220929558,20.6398434844422,2025-03-19 12:14:27,2025-03-19 12:15:20,NA
"1","Mar","GWI","UP","2","1-Mar-GWI-UP-2",2025-03-19 12:18:38.5,477.021483149776,7.75846235215195,9.57403509326608e-38,0.959006832398668,19.3219481563617,505.525197650985,5.79603114263153,0.21965738105588,4190.34934671694,7.71984503733508,8.86447515949383e-32,0.930505196931302,25.1577233881349,457.618391040841,0.973423833594735,15.8656551458173,505.828786675025,TRUE,5.68280314108069,0.238700768540957,23.7707566442305,2025-03-19 12:18:12,2025-03-19 12:19:05,NA
"1","Mar","GWI","UP","3a","1-Mar-GWI-UP-3a",2025-03-19 12:25:37,NA,NA,NA,NA,NA,310.512619831887,3.37368281581149,0.234646210838733,4361.51674264768,5.95002830747947,2.96510379736273e-16,0.855204058141834,15.2393636708621,314.043189610976,0.857029523564754,15.5951254439416,310.513199506143,TRUE,3.3690722703515,0.24452311199601,17.5210686978612,2025-03-19 12:25:19,2025-03-19 12:25:55,NA
"1","Mar","GWI","UP","4","1-Mar-GWI-UP-4",2025-03-19 12:30:00.5,NA,NA,NA,NA,NA,631.042931020143,5.83909123040251,0.702236476541646,4254.72599750129,24.6800574258262,4.05943361915375e-11,0.570741421205997,80.4283058687609,601.0169795968,0.771405595552938,59.8547879563268,631.092540786581,TRUE,5.93837793556276,0.726530411608016,97.4195002204903,2025-03-19 12:29:34,2025-03-19 12:30:27,NA
"1","Mar","GWI","UP","5","1-Mar-GWI-UP-5",2025-03-19 12:34:02.5,NA,NA,NA,NA,NA,392.646579055286,3.37825298477457,0.077238387369737,4151.18387543937,2.7145383349369,1.08652877277837e-42,0.973537072023115,8.8462403359855,374.726062712174,0.982366344480575,7.36423489512047,393.23792563778,TRUE,3.37764043394677,0.0712022998873026,7.5986111303246,2025-03-19 12:33:36,2025-03-19 12:34:29,NA
"1","Mar","MSM","TR","1","1-Mar-MSM-TR-1",2025-03-13 13:56:20.5,NA,NA,NA,NA,NA,331.883232316853,0.376241609352999,0.0440036681837391,3917.69310246777,1.54650618986648,1.73689722436192e-11,0.584354069943767,5.03981294372329,335.289447339126,0.58889948359134,5.11144076502309,331.912420998805,TRUE,0.377677899962232,0.0443109026963806,4.07596441941423,2025-03-13 13:55:54,2025-03-13 13:56:47,"low r2, but also low flux - checked"
"1","Mar","MSM","TR","2b","1-Mar-MSM-TR-2b",2025-03-13 13:49:07.5,NA,NA,NA,NA,NA,321.126936976035,0.775864555547368,0.0398322812820672,3914.85812687182,1.39990305585441,1.50575643406352e-25,0.879463225948125,4.56205709817557,323.077880567586,0.883951362017351,4.56496684831957,321.140204445999,TRUE,0.77145366405549,0.0421242218179839,4.63097032368545,2025-03-13 13:48:41,2025-03-13 13:49:34,"low r2, but also low flux - checked"
"1","Mar","MSM","TR","3","1-Mar-MSM-TR-3",2025-03-13 13:52:47.5,353.585758660668,1.48964256981595,3.81306106280017e-23,0.850961293361058,6.16148786589986,323.122102996137,0.961335222221726,0.0405749722901472,3928.88444378808,1.42600488528276,1.57045940437437e-29,0.915219609093789,4.64711872849419,318.515771602584,0.927709858134773,4.37615069926763,323.176721488016,TRUE,0.96918852012772,0.0398435098243926,5.72892417117828,2025-03-13 13:52:21,2025-03-13 13:53:14,NA
"1","Mar","MSM","TR","4","1-Mar-MSM-TR-4",2025-03-13 14:00:09.5,NA,NA,NA,NA,NA,320.519239335829,0.351743308141565,0.0396087811948931,3929.33143039362,1.39204815914881,5.31602390481234e-12,0.602635356604133,4.53645926329598,323.025147715955,0.613479080126363,4.56273846905719,320.746927335984,TRUE,0.333857954542107,0.0364166391073484,3.86584026057797,2025-03-13 13:59:43,2025-03-13 14:00:36,"low r2, but also low flux - checked"
"1","Mar","MSM","TR","5","1-Mar-MSM-TR-5",2025-03-13 14:04:07.5,318.630076452871,0.326380009953261,2.87507631405653e-10,0.537671120809481,4.45779638970045,302.598757312738,0.334436755159924,0.0335528045115041,3928.06280935686,1.17921123411243,1.16316985354219e-13,0.656426790455446,3.84285823102775,302.67966278561,0.680478554829269,3.77930021810536,302.636079798457,TRUE,0.335606197380505,0.0345834883121077,4.50922916426376,2025-03-13 14:03:41,2025-03-13 14:04:34,"low r2, but also low flux - checked"
"1","Mar","MSM","UP","1","1-Mar-MSM-UP-1",2025-03-13 14:08:50.5,NA,NA,NA,NA,NA,334.657260510739,1.20864403895276,0.0451485626560278,3980.97500810665,1.58674343510579,4.40125818280006e-32,0.932349194476518,5.17093960244967,327.666687215029,0.94480733154262,4.76310707581859,334.974846599523,TRUE,1.21477504718327,0.0433561846854884,4.90060069310289,2025-03-13 14:08:24,2025-03-13 14:09:17,NA
"1","Mar","MSM","UP","2","1-Mar-MSM-UP-2",2025-03-13 14:12:42.5,NA,NA,NA,NA,NA,334.988953794723,0.702002382037413,0.0452874376113065,3991.47361514691,1.59162418679811,3.87160131215499e-21,0.822089772570177,5.18684518091758,337.814061814893,0.825918805766274,5.2323336049614,335.015362877361,TRUE,0.705676954462172,0.0442819600175351,5.67678587043895,2025-03-13 14:12:16,2025-03-13 14:13:09,"low r2, but also low flux - checked"
"1","Mar","MSM","UP","3","1-Mar-MSM-UP-3",2025-03-13 14:15:53.5,323.936872291169,1.62360861143582,1.10334200148013e-08,0.469337496674722,4.68230991342825,326.272505079084,0.270232004186872,0.041775991986167,3988.24399080703,1.46821464803005,3.47869458675799e-08,0.445881428819461,4.78467350198246,325.183787093517,0.495714198914047,4.65485325645637,326.791268819902,TRUE,0.281121742882979,0.0413363406089622,4.2083241987234,2025-03-13 14:15:27,2025-03-13 14:16:20,"low r2, but also low flux - checked"
"1","Mar","MSM","UP","4","1-Mar-MSM-UP-4",2025-03-13 14:22:27.5,NA,NA,NA,NA,NA,328.633571807639,0.699924592847414,0.0426993436574368,3971.88973092931,1.50066578526433,3.43876222584764e-22,0.837852328392685,4.89042649705194,329.100588114656,0.848121349623383,4.82676785497914,328.801297394953,TRUE,0.706393932729226,0.0387652022480324,3.9571416539988,2025-03-13 14:22:01,2025-03-13 14:22:54,"low r2, but also low flux - checked"
"1","Mar","MSM","UP","5","1-Mar-MSM-UP-5",2025-03-13 14:19:05.5,NA,NA,NA,NA,NA,334.237558377212,0.713394258504379,0.0449734499090401,3978.38700727671,1.58058910847079,1.43369722079113e-21,0.828733825719662,5.15088364972331,326.562512749601,0.862033021212551,4.71465793250646,334.23939314258,TRUE,0.711697375296128,0.0473011257648529,4.96161008522423,2025-03-13 14:18:39,2025-03-13 14:19:32,"low r2, but also low flux - checked"
"1","Mar","SWH","TR","1","1-Mar-SWH-TR-1",2025-03-20 10:32:30.170732,NA,NA,NA,NA,NA,815.365334286379,9.09307235312306,0.119407957911088,3934.58984842164,7.17594795991465,2.01064933202972e-76,0.986392294339215,34.0749411478879,606.574670780141,0.998984249108609,9.4283122944258,818.245880309518,TRUE,9.25632827318817,0.103637631208514,34.5133625699354,2025-03-20 10:31:44,2025-03-20 10:33:35,NA
"1","Mar","SWH","TR","2","1-Mar-SWH-TR-2",2025-03-20 10:38:27.5,1322.12533827537,8.09452684383492,1.37829978330471e-58,0.903071629383593,78.4444561348127,931.723464607197,7.57721142433484,0.040287904834469,4150.58978811067,2.81011144560414,6.77442859861549e-142,0.9968437190521,14.155480868002,777.264285751925,0.999213842698709,7.12859915982514,931.830208701452,TRUE,7.57087123051024,0.0411627326319834,17.1029564210774,2025-03-20 10:37:31,2025-03-20 10:39:24,NA
"1","Mar","SWH","TR","3","1-Mar-SWH-TR-3",2025-03-20 10:58:08.295455,979.819149202017,8.15654668824717,2.76449942946301e-49,0.921451859083311,61.9061527916378,830.002828571456,6.48723890826561,0.0842995541748085,4187.86277855952,5.73777673085286,4.31021736759581e-81,0.985685779153224,26.4271126944508,765.266312915924,0.993445467866785,18.0944876733403,830.436576801441,TRUE,6.43591365240917,0.0916251472016461,25.2024441328384,2025-03-20 10:57:14,2025-03-20 10:59:06,NA
"1","Mar","SWH","TR","4","1-Mar-SWH-TR-4",2025-03-20 11:04:28.494118,816.951734762888,2.4341052866254,3.67625626542417e-38,0.867336503263349,28.8835177766303,495.452228800015,2.35596030459818,0.014234273808454,4063.52412994068,0.994820183799894,2.32188623665211e-106,0.996979360108905,4.35836744834916,496.183374006084,0.997093319878529,4.32782331818218,495.453871622519,TRUE,2.35650515319368,0.0148656539717768,4.49495116886863,2025-03-20 11:03:32,2025-03-20 11:05:24,NA
"1","Mar","SWH","TR","5","1-Mar-SWH-TR-5",2025-03-20 11:10:11.428571,NA,NA,NA,NA,NA,707.033142675626,6.38925895585123,0.0160123287036898,4029.58987026967,1.11614332380292,1.07385502703593e-175,0.999309600040039,5.58275824629405,691.190957537384,0.999421690776443,5.15659433666631,707.044657739419,TRUE,6.39044654178178,0.0170406232127125,5.59686459782668,2025-03-20 11:09:15,2025-03-20 11:11:08,NA
"1","Mar","SWH","TR","6c","1-Mar-SWH-TR-6c",2025-03-20 10:27:15.5,NA,NA,NA,NA,NA,682.421475923988,0.306954301775155,0.0134990798086885,4080.72169168537,0.941570896560111,8.86447950726743e-44,0.821955955646596,4.74301075602311,681.416887267558,0.829602991348937,4.68202831727057,682.499074424004,TRUE,0.303488679909556,0.0138076449862822,5.15739724704275,2025-03-20 10:26:19,2025-03-20 10:28:12,"low r2, but also low flux - checked"
"1","Mar","SWH","TR","7a","1-Mar-SWH-TR-7a",2025-03-20 10:51:08.089552,454.18437733857,0.494413570140442,3.18507584630815e-22,0.766760190041586,6.96483330648096,374.937443973766,0.405993629606727,0.0139709617267755,4078.85697654822,0.926290126295581,5.86719976218562e-39,0.928530048591657,3.85541498145248,367.683974839786,0.939580320255122,3.6006839287333,375.81776598436,TRUE,0.418699287855698,0.0162672925464411,3.44937111675139,2025-03-20 10:50:16,2025-03-20 10:52:08,NA
"1","Mar","SWH","UP","1","1-Mar-SWH-UP-1",2025-03-20 11:24:33.5,NA,NA,NA,NA,NA,349.485409915642,6.46777365045125,0.051793057965287,4088.07224395119,1.82026381075723,4.01711405915307e-66,0.99667653538767,5.93194464694475,304.763099408195,0.998651837185679,3.85291476951053,351.206955831897,TRUE,6.52711548057345,0.0463551624788996,5.33893978370875,2025-03-20 11:24:07,2025-03-20 11:25:00,NA
"1","Mar","SWH","UP","2","1-Mar-SWH-UP-2",2025-03-20 11:27:59.5,402.376393827768,1.72295193967444,4.8031349028005e-27,0.894389521043295,9.68020835649662,308.742288928635,1.85788795191708,0.0355167708742732,4123.82143711467,1.24823471015606,1.21012948789089e-46,0.98135099686688,4.06779454894541,312.622716147813,0.981392245869197,4.14376242698059,309.313722272013,TRUE,1.84116281240185,0.0364865839407333,3.90036603418945,2025-03-20 11:27:33,2025-03-20 11:28:26,NA
"1","Mar","SWH","UP","3","1-Mar-SWH-UP-3",2025-03-20 11:31:37.5,NA,NA,NA,NA,NA,327.064214023084,4.19810495055895,0.042083361908395,4090.37018623506,1.47901714488826,4.52010693407024e-61,0.994801785806665,4.81987708787643,330.932259299967,0.994814472686791,4.90932756790862,327.121411528181,TRUE,4.20123683403401,0.0414548368253422,4.63634316614488,2025-03-20 11:31:11,2025-03-20 11:32:04,NA
"1","Mar","SWH","UP","4a","1-Mar-SWH-UP-4a",2025-03-20 11:41:12.5,NA,NA,NA,NA,NA,321.05631151051,3.27194260971693,0.0398062418951567,4056.95860597955,1.39898790321601,1.00122756986688e-56,0.992362265000025,4.55907476409718,315.235781710944,0.993632293037443,4.24524369403991,321.064924802568,TRUE,3.27228022736719,0.0388206260837407,4.07995824634797,2025-03-20 11:40:46,2025-03-20 11:41:39,NA
"1","Mar","SWH","UP","5","1-Mar-SWH-UP-5",2025-03-20 11:45:11.5,559.723224996836,9.9202009901625,1.40265644889525e-31,0.929269457755563,41.554197077917,393.903398089541,9.82141158278428,0.0781424772976422,4070.10013986841,2.74631251939496,2.87478820630142e-66,0.996719027271169,8.94978725170899,358.351266533258,0.998422733853361,6.32820532807875,394.249138987244,TRUE,9.83667352982583,0.0789842419293513,7.76981328192554,2025-03-20 11:44:45,2025-03-20 11:45:38,NA
"1","May","GCW","TR","1","1-May-GCW-TR-1",2025-05-14 13:18:48.5,1258.87308804079,9.65552855218101,1.43913335449218e-66,0.930170138506734,59.4400748126102,1015.50732787384,6.74709788033134,0.0581789950750783,3998.60226095316,4.05802834935085,1.68019573302961e-118,0.991741240757431,20.4416599743417,737.484018246448,0.999304145239215,5.98729597123024,1022.03306477039,TRUE,6.62178093875885,0.0454902612713435,17.8069526041763,2025-05-14 13:17:52,2025-05-14 13:19:45,NA
"1","May","GCW","TR","2","1-May-GCW-TR-2",2025-05-14 13:28:10.5,1222.21798266118,7.22065316825327,5.11673986388526e-64,0.922453690072996,50.612604850153,935.723382247427,5.45718480765833,0.0410009318358738,3818.40179807031,2.85984561137685,3.74151728583833e-125,0.993717520198436,14.4060086658168,653.533274368957,0.999489658294785,4.14306092851824,939.763183451891,TRUE,5.38792343233092,0.0367375279528838,13.7993500232701,2025-05-14 13:27:14,2025-05-14 13:29:07,NA
"1","May","GCW","TR","3a","1-May-GCW-TR-3a",2025-05-14 13:44:50.5,1184.4950092571,4.87719622923361,2.08126303356783e-59,0.906286229476183,42.894731744932,793.604627580726,4.21405790266694,0.0219829449420433,3624.53584962792,1.53332682460244,8.06065456575093e-143,0.996961444781871,7.72388531565432,648.889717137019,0.999175629004404,4.05953481830184,795.254772564939,TRUE,4.19274737357175,0.0207305862309609,7.86032377588835,2025-05-14 13:43:54,2025-05-14 13:45:47,NA
"1","May","GCW","TR","4","1-May-GCW-TR-4",2025-05-14 13:51:49.5,1255.51533299786,10.4094619855099,2.61577631009785e-71,0.942530209058109,58.5711153666676,1098.40027189365,7.30557749855142,0.0836875251670246,3744.25795673615,5.83726737075033,7.75418345290986e-105,0.985515818188005,29.4042881172295,764.001114058094,0.999255733806212,6.72574660176599,1104.11089023721,TRUE,7.13732055285774,0.0718413287817275,27.4614325272229,2025-05-14 13:50:53,2025-05-14 13:52:46,NA
"1","May","GCW","TR","5","1-May-GCW-TR-5",2025-05-14 13:58:02.5,NA,NA,NA,NA,NA,797.914442891305,3.28387024622807,0.0224024341761631,3543.00705262988,1.5625865119193,8.03663492170136e-130,0.994814643329312,7.87127624730774,641.053552349153,0.998735371776004,3.92238248697402,797.962728726509,TRUE,3.27996240348456,0.0236159287811861,9.37527056938658,2025-05-14 13:57:06,2025-05-14 13:58:59,NA
"1","May","GCW","UP","1","1-May-GCW-UP-1",2025-05-14 14:08:06.5,526.136735082848,6.50780009187647,6.95441392979295e-30,0.91783027014585,30.447762525699,366.482060348754,6.67337948453692,0.0606204634683357,3639.07266337688,2.13050242981788,2.75869211202733e-63,0.99572741541369,6.94296200867913,364.946963401676,0.996143665432772,6.72672195019868,366.507557075147,TRUE,6.68163063782194,0.0669842854137147,7.88617946798616,2025-05-14 14:07:40,2025-05-14 14:08:33,NA
"1","May","GCW","UP","2","1-May-GCW-UP-2",2025-05-14 14:20:54.5,603.319186016023,10.6459381675829,5.54049662367838e-28,0.902791126587579,62.2192747162224,422.165401406121,12.5432408120841,0.101516262603428,3575.2900137251,3.56778275467333,6.96302985360867e-66,0.996605480285389,11.6268255666974,354.398698741432,0.999101340193853,6.10079339552562,422.519003729677,TRUE,12.5980254672456,0.0982075730525836,13.2313709901192,2025-05-14 14:20:28,2025-05-14 14:21:21,NA
"1","May","GCW","UP","3","1-May-GCW-UP-3",2025-05-14 14:25:50.5,571.636004301698,10.1058333181261,3.486076659823e-31,0.926752573028953,46.4001197936077,394.006359549363,10.7796675252587,0.0782170097042139,3680.44534121109,2.74893195620254,2.42003354777703e-68,0.997269717032782,8.95832357158574,370.83128955227,0.998349359791453,7.10339221124832,394.091173693788,TRUE,10.8017741844865,0.0847334603795054,8.8118601213081,2025-05-14 14:25:24,2025-05-14 14:26:17,NA
"1","May","GCW","UP","4","1-May-GCW-UP-4",2025-05-14 14:30:27.5,531.982061700699,7.06271888949602,3.46771204317405e-30,0.919996863635722,32.141110311029,315.322689267474,7.14938937313763,0.0377480808762413,3742.77399635159,1.32665396182267,1.65360497938509e-75,0.998552474947353,4.32335017631771,315.753381900199,0.998645060297604,4.26563825735853,315.374893008584,TRUE,7.15233347732993,0.0367064401035852,4.01349952245106,2025-05-14 14:30:01,2025-05-14 14:30:54,NA
"1","May","GCW","UP","5a","1-May-GCW-UP-5a",2025-05-14 14:13:57.5,606.057047766449,13.7095294190342,1.13230307912499e-29,0.916277791247704,63.8167315776196,421.250100746018,13.8674377562028,0.100659547119715,3802.46732278611,3.53767354211896,2.46757133156662e-68,0.997267673595608,11.5287045244726,387.978471170127,0.998629825578668,8.32566278362408,421.499591325158,TRUE,13.916830523996,0.102282647413176,11.0058516850345,2025-05-14 14:13:31,2025-05-14 14:14:24,NA
"1","May","GWI","TR","1","1-May-GWI-TR-1",2025-05-20 15:02:59.5,1394.80244890499,13.5018138612056,2.4136244843415e-60,0.909820038330022,107.894086601954,1021.02915556126,10.8034541297005,0.0596052062068204,3937.63395214819,4.15750764075664,4.20085736461535e-140,0.996602315573924,20.9427707784914,799.964545775083,0.999528179571835,7.87487481290712,1022.63049934951,TRUE,10.7498625797786,0.0567119297442839,20.4853565321726,2025-05-20 15:02:03,2025-05-20 15:03:56,NA
"1","May","GWI","TR","2","1-May-GWI-TR-2",2025-05-20 15:10:06.5,1374.04593029176,11.2263735766069,6.25958379515652e-58,0.900419231557721,98.5055315030932,1010.35223301138,9.38296497504282,0.0568783237454937,4019.92601412964,3.96730555288744,1.53288364844099e-135,0.995901285172607,19.9846585939735,923.412293097957,0.99815412264308,13.5327784527388,1010.40144934403,TRUE,9.37360080928948,0.0632995712187698,19.9970528477477,2025-05-20 15:09:10,2025-05-20 15:11:03,NA
"1","May","GWI","TR","3","1-May-GWI-TR-3",2025-05-20 15:16:53.5,1202.2866012242,4.33662925527226,5.887343187197e-56,0.892011223044891,46.3760106344103,735.922511351364,4.24688616407833,0.0170691917230688,3947.31650585076,1.19058886842804,1.79034086344991e-155,0.998194000396259,5.99739842170777,694.840414689056,0.998783889991077,4.96595952899485,736.223833616662,TRUE,4.24007777397751,0.0178274839087537,6.33503277451492,2025-05-20 15:15:57,2025-05-20 15:17:50,NA
"1","May","GWI","TR","4","1-May-GWI-TR-4",2025-05-20 15:24:19.858407,NA,NA,NA,NA,NA,880.046795498303,6.51959205393565,0.0334533099671128,4295.47250208422,2.34276340565092,1.439728780749e-142,0.997085977284134,11.6750486712561,864.786001911195,0.997542646390496,10.8191788811068,880.339580851662,TRUE,6.53741770100241,0.0373666292022063,11.1227117602882,2025-05-20 15:23:23,2025-05-20 15:25:16,NA
"1","May","GWI","TR","5","1-May-GWI-TR-5",2025-05-20 15:31:07.5,1074.94368139909,2.94476311001607,4.16234878165007e-55,0.888177178595378,26.529590566092,734.007356001804,2.38287184980144,0.0169264143458394,3939.62582158166,1.18063003975293,7.256340711572e-128,0.994380480590557,5.9472324366545,720.566021671552,0.995177695214101,5.55911068654744,735.776645704324,TRUE,2.36480170474248,0.0130836130422909,4.30376069361254,2025-05-20 15:30:11,2025-05-20 15:32:04,NA
"1","May","GWI","UP","1","1-May-GWI-UP-1",2025-05-20 15:39:26.5,455.171190305881,2.97916417243335,1.65117749814148e-28,0.907205197850575,15.7828535691966,317.023771244706,3.25037770483008,0.0383473488764666,3919.93219781851,1.34771519853293,2.04970651714627e-57,0.992814212702155,4.39198533217981,320.554468132943,0.992876392343928,4.45954312269743,317.461539939058,TRUE,3.27167563082019,0.037594969837432,4.23529269861358,2025-05-20 15:39:00,2025-05-20 15:39:53,NA
"1","May","GWI","UP","2","1-May-GWI-UP-2",2025-05-20 15:42:53.5,503.659334024544,5.84625475174651,1.54040261879281e-31,0.929014521364265,24.7268185857204,357.537532202595,5.82944756154676,0.0558021730407986,3940.62829981701,1.96116391150058,4.15421473772883e-62,0.995257729464866,6.39111523168037,343.290016581734,0.996617554120034,5.50447093570113,357.968092867531,TRUE,5.81122934698155,0.0385515226670983,3.01007454775264,2025-05-20 15:42:27,2025-05-20 15:43:20,NA
"1","May","GWI","UP","3","1-May-GWI-UP-3",2025-05-20 15:46:47.5,479.435736465283,6.13082963379552,2.35252408343354e-34,0.944666005773499,19.7587386606083,377.989795761169,5.26617824874296,0.067436446615707,3978.00249346491,2.37004973490666,1.40795963666361e-55,0.991544992140555,7.72360783908779,325.745631463274,0.997016192069538,4.67913212361328,378.007121789522,TRUE,5.27486586172362,0.0720703994914604,7.57593788711419,2025-05-20 15:46:21,2025-05-20 15:47:14,NA
"1","May","GWI","UP","4","1-May-GWI-UP-4",2025-05-20 15:51:09.5,471.850215499655,4.50230889928092,1.22842481897174e-31,0.929628857895527,18.4185728967604,335.17569507261,4.35928599341871,0.0453658112192397,3918.84325822769,1.59437862238936,3.13323394559582e-60,0.994399960628732,5.19582143994351,321.813255783248,0.995939740146895,4.51182515859795,335.446866393666,TRUE,4.38247866477383,0.0453889890395306,4.22226688358991,2025-05-20 15:50:43,2025-05-20 15:51:36,NA
"1","May","GWI","UP","5","1-May-GWI-UP-5",2025-05-20 15:55:08.5,469.487239477713,4.50791162496756,3.64864647304372e-32,0.932834748297808,18.0199620190895,340.704742278162,4.36425612463579,0.0477487861683498,3974.48279198093,1.67812812921928,4.16751172713146e-59,0.993813961074384,5.46874750471943,326.173418052537,0.995610908333785,4.69770285977567,340.899627582085,TRUE,4.36422487928414,0.0477016247995874,4.94063874073842,2025-05-20 15:54:42,2025-05-20 15:55:35,NA
"1","May","MSM","TR","1","1-May-MSM-TR-1",2025-05-15 14:15:19.5,NA,NA,NA,NA,NA,785.539294837153,2.22255042506417,0.0212189076904203,3535.78674109449,1.48003465578712,1.35930839402611e-113,0.989894685914837,7.45543465429014,744.290708428691,0.993205292448553,6.16873498823369,785.615077962472,TRUE,2.22034803682716,0.0215533532914716,7.17044129707273,2025-05-15 14:14:23,2025-05-15 14:16:16,NA
"1","May","MSM","TR","2","1-May-MSM-TR-2",2025-05-15 14:23:59.5,1030.94142953589,2.440043834803,9.75282947912704e-58,0.899628329353095,21.873336911098,711.527129339669,2.07320188118276,0.0153371485512726,3588.36683510059,1.06977756386051,6.68031200131051e-126,0.99390785536656,5.38883105932815,673.370224095431,0.995791093977183,4.51967023728903,711.559470307286,TRUE,2.07589228641132,0.0156840474918663,5.73230848492224,2025-05-15 14:23:03,2025-05-15 14:24:56,NA
"1","May","MSM","TR","3","1-May-MSM-TR-3",2025-05-15 14:31:58.5,NA,NA,NA,NA,NA,909.587728003933,3.35037559017373,0.0365603650568175,3473.88976322073,2.55011276272001,3.62986268927728e-107,0.986838716092342,12.8457796506252,889.448050603604,0.989350340430202,11.6598206623599,912.906957923636,TRUE,3.40631983941153,0.0279352298737087,8.10916681981703,2025-05-15 14:31:02,2025-05-15 14:32:55,NA
"1","May","MSM","TR","4","1-May-MSM-TR-4",2025-05-15 14:38:44.5,NA,NA,NA,NA,NA,777.147757497914,2.1187674263512,0.020452142977122,3477.07610963413,1.42655224448334,4.61014598700835e-113,0.989671902517464,7.18602567722995,764.946990456404,0.991040126571774,6.75370686186939,777.379875304322,TRUE,2.12503126471709,0.0218130596105793,5.72034565159827,2025-05-15 14:37:48,2025-05-15 14:39:41,NA
"1","May","MSM","TR","5","1-May-MSM-TR-5",2025-05-15 14:46:05.5,1061.30720091608,2.06968109137927,2.26794960149977e-52,0.874877472234276,24.9893968834553,654.787689362943,2.12411308216308,0.0119582414594853,3597.84943048694,0.834096271143073,3.99938136290364e-139,0.996462809203975,4.20162475289273,636.416625239842,0.997093076088277,3.84341712373577,654.804289745615,TRUE,2.12501712191988,0.0124264938173526,4.11827779949575,2025-05-15 14:45:09,2025-05-15 14:47:02,NA
"1","May","MSM","UP","1","1-May-MSM-UP-1",2025-05-15 15:14:06.811321,NA,NA,NA,NA,NA,331.692231044751,3.54278413317857,0.047014375027624,3579.55961184927,1.66501687283304,5.74246491435032e-54,0.991098586304518,5.32739739132383,288.363050635247,0.996355545481181,3.477674384053,331.950407714538,TRUE,3.56123628385223,0.0453410390079674,6.2666350032551,2025-05-15 15:13:40,2025-05-15 15:14:33,NA
"1","May","MSM","UP","2","1-May-MSM-UP-2",2025-05-15 15:10:40.5,NA,NA,NA,NA,NA,410.769955944283,3.16999755721898,0.0913506706586731,3564.51728165053,3.21051365609329,1.2340944403798e-37,0.958604929487655,10.4625434970786,309.408168983527,0.994117289641595,4.0222435675142,413.159383647861,TRUE,3.2867680833953,0.0803836007157245,9.61060599883374,2025-05-15 15:10:14,2025-05-15 15:11:07,NA
"1","May","MSM","UP","3","1-May-MSM-UP-3",2025-05-15 15:06:53.5,404.535374626273,1.54586065028556,1.87590107413813e-26,0.888720999900654,9.87566833941172,294.91250618155,1.85028741186049,0.0312478776903003,3591.22805620355,1.0982047238984,2.13309017753654e-49,0.985385890841619,3.57887114751159,284.388324659432,0.988832350979302,3.19049036078858,295.321201243156,TRUE,1.86695619661113,0.0318616850519431,3.69762377643642,2025-05-15 15:06:27,2025-05-15 15:07:20,NA
"1","May","MSM","UP","4","1-May-MSM-UP-4",2025-05-15 15:03:16.5,NA,NA,NA,NA,NA,329.403345622653,1.94339287470706,0.043004771920017,3584.58658864504,1.51140004261461,2.07483502549066e-43,0.97516893834575,4.92540770145298,284.369741882055,0.989985183397955,3.18994144345758,329.458527708752,TRUE,1.95207663920876,0.0446501264566046,6.01798520761788,2025-05-15 15:02:50,2025-05-15 15:03:43,NA
"1","May","MSM","UP","5","1-May-MSM-UP-5",2025-05-15 14:57:48.5,NA,NA,NA,NA,NA,362.991893424158,4.21407075422883,0.0586927468787268,3592.54000942133,2.0627529498043,1.06807474526766e-53,0.990013582441781,6.72217743727535,326.543385981786,0.995278250010131,4.71382304192322,363.822963573823,TRUE,4.26129976434202,0.0571445483805398,4.96035838559395,2025-05-15 14:57:22,2025-05-15 14:58:15,NA
"1","May","SWH","SWAMP","1a","1-May-SWH-SWAMP-1a",2025-05-21 10:09:36.5,976.338408771109,1.72977056364618,1.67160733893769e-52,0.875556447081173,17.2150064119502,707.251934770761,1.46121634337099,0.0150522433826994,3973.11310304727,1.04990521561085,6.18106128784349e-110,0.988254801060313,5.28872732647077,704.191101691787,0.988960194488954,5.17385636539071,707.299540987726,TRUE,1.45971771165977,0.0147546473902763,5.10948835857577,2025-05-21 10:08:40,2025-05-21 10:10:33,NA
"1","May","SWH","SWAMP","2","1-May-SWH-SWAMP-2",2025-05-21 10:16:42.5,1107.71340839737,8.87454088910172,2.45770329949082e-82,0.963473228777742,30.6302354574027,1080.57633067551,4.7572996522211,0.0773944245215891,4150.12864908218,5.39831890160713,3.97616009545041e-88,0.97121078296681,27.1931563606171,798.007462499178,0.997669136250279,7.80756854279635,1090.76705086249,TRUE,4.54433440973119,0.0547795330153691,21.1166551760402,2025-05-21 10:15:46,2025-05-21 10:17:39,NA
"1","May","SWH","SWAMP","3a","1-May-SWH-SWAMP-3a",2025-05-21 10:30:12.5,1095.20458568354,3.04277808820017,3.41599669090206e-58,0.901489378053627,28.9950275197441,725.286883915986,2.77719118779879,0.01629124254419,4221.05172578707,1.13632633229846,3.93426942493572e-137,0.996160768337783,5.72405969230147,664.375293030729,0.997827513555464,4.34483412877287,725.642988162887,TRUE,2.76895038734515,0.0164651375956575,4.89994214857978,2025-05-21 10:29:16,2025-05-21 10:31:09,NA
"1","May","SWH","SWAMP","4a","1-May-SWH-SWAMP-4a",2025-05-21 10:51:53.5,1239.73714909229,9.04389708003493,9.60107444520833e-68,0.933463716905535,54.654912579138,1037.85540639233,6.34579694413051,0.0641704143282636,4311.1823731227,4.47593431611595,7.96332251879468e-111,0.988676786285898,22.546793536365,711.174298560977,0.999377403437826,5.33477323650513,1038.58090280199,TRUE,6.29958226822292,0.0647325808864246,25.9299646804264,2025-05-21 10:50:57,2025-05-21 10:52:50,NA
"1","May","SWH","SWAMP","5","1-May-SWH-SWAMP-5",2025-05-21 10:37:51.5,1279.21541729635,9.62905782691614,1.43680895760467e-64,0.924191413711027,64.9871398189456,1004.6081918738,7.08503490847101,0.0554632784469218,4281.26683097223,3.86860508668293,3.61404556539804e-123,0.993183294769511,19.487470995522,716.272585123399,0.999475322335089,5.45540731642692,1006.95849651834,TRUE,7.01460992518053,0.0502656394764577,20.0783310780271,2025-05-21 10:36:55,2025-05-21 10:38:48,NA
"1","May","SWH","TR","1","1-May-SWH-TR-1",2025-05-21 12:15:51.5,1410.6090064792,17.8819472357758,1.73866093226231e-55,0.902868033001366,162.914741835654,1097.51926034172,16.5668897590211,0.118012679756863,5247.29187920798,7.82288479890074,3.10483064672331e-122,0.994650027570649,38.2344691410947,1011.65124870818,0.997672068305302,25.4624783265517,1097.53885499734,TRUE,16.5686938226353,0.122922437170297,46.4713185077087,2025-05-21 12:14:58,2025-05-21 12:16:45,NA
"1","May","SWH","TR","10","1-May-SWH-TR-10",2025-05-21 12:52:31.5,761.853840733204,0.434286608332512,6.63039892757544e-38,0.773437778374151,6.71980865125124,675.788246877117,0.401949736988271,0.01311200746736,4133.29214802113,0.91457231172148,2.69047061074925e-56,0.893509235109377,4.60700976156284,679.614321211314,0.893671580333895,4.64515818084798,676.116524275865,TRUE,0.406734811802576,0.012594073502378,4.13312416687341,2025-05-21 12:51:35,2025-05-21 12:53:28,"low r2, but also low flux - checked"
"1","May","SWH","TR","2","1-May-SWH-TR-2",2025-05-21 12:04:55.5,NA,NA,NA,NA,NA,1079.46681711228,9.13563350109503,0.0770187158910169,4297.63961102705,5.37211294407915,1.37239934191362e-119,0.992102497434273,27.0611480977436,741.234468055959,0.999607607070887,6.0865975294729,1080.37186550253,TRUE,9.19035048542436,0.0792864805403962,28.7493247726263,2025-05-21 12:03:59,2025-05-21 12:05:52,NA
"1","May","SWH","TR","3","1-May-SWH-TR-3",2025-05-21 12:24:56.5,1012.7559916635,1.73458239767962,1.64531481172649e-51,0.870376410408979,20.1964674420884,669.521009868686,1.68423131237122,0.0127564946896118,4206.43955435772,0.889775030008433,9.18529910588348e-125,0.993615956894972,4.48209747475066,668.526252282545,0.993889626203539,4.42466046491527,669.541666319059,TRUE,1.68321251080198,0.014067312342397,5.05861557008231,2025-05-21 12:24:00,2025-05-21 12:25:53,NA
"1","May","SWH","TR","4","1-May-SWH-TR-4",2025-05-21 12:41:07.5,1338.00581535851,9.36377685338632,5.09274494992091e-59,0.904778107263359,84.102982027136,963.367300089049,8.19459547393796,0.0462860235264452,4163.86325425235,3.22848470322744,5.77945835975323e-139,0.996439478170085,16.2629683319723,774.816199131143,0.999342386318125,7.05246726191565,963.373080582597,TRUE,8.19805031932666,0.0473865311533086,20.4158198933187,2025-05-21 12:40:11,2025-05-21 12:42:04,NA
"1","May","SWH","TR","5","1-May-SWH-TR-5",2025-05-21 12:32:40.5,NA,NA,NA,NA,NA,947.617567374337,5.51086534109187,0.0431966209213285,4073.08704754262,3.01299656463132,4.1783511185431e-123,0.993165611719111,15.1774817659678,789.10489641914,0.998357175160991,7.50858660833348,947.622081214605,TRUE,5.50850500375601,0.0453066939550314,18.4979126134891,2025-05-21 12:31:44,2025-05-21 12:33:37,NA
"1","May","SWH","TR","6a","1-May-SWH-TR-6a",2025-05-21 13:45:47.5,620.670452593401,1.20931699824214,1.6202287621063e-39,0.886270020005572,10.3957631912274,489.551603034923,1.2715012032822,0.0218040832316362,4131.76848152716,1.11829654782506,2.57813792672846e-67,0.97701557800653,4.67342943913844,488.71464837334,0.978332153581008,4.59541209646535,489.560647817182,TRUE,1.27186887814828,0.0240634955527612,4.93529849566061,2025-05-21 13:45:07,2025-05-21 13:46:28,NA
"1","May","SWH","TR","7a","1-May-SWH-TR-7a",2025-05-21 13:25:55,NA,NA,NA,NA,NA,405.355764093646,0.814964275157274,0.0268107958296654,4126.02884450667,1.17407614761339,6.41965246359667e-41,0.932389456862293,4.43554616902557,396.442515910558,0.943929186982737,4.1009931269127,405.367972495854,TRUE,0.816359735625374,0.027584841461684,4.90085897721131,2025-05-21 13:25:21,2025-05-21 13:26:29,NA
"1","May","SWH","TR","8a","1-May-SWH-TR-8a",2025-05-21 13:15:06.5,NA,NA,NA,NA,NA,688.097847567972,0.384653327918752,0.0138393763486631,4082.45821590174,0.965306834326319,4.42563636224422e-52,0.87337668787983,4.86257669475456,690.893917431879,0.874706893796474,4.88074239754067,688.230984438202,TRUE,0.38164456756045,0.0135278801747603,4.2355674506503,2025-05-21 13:14:10,2025-05-21 13:16:03,"low r2, but also low flux - checked"
"1","May","SWH","TR","9","1-May-SWH-TR-9",2025-05-21 12:59:56.5,797.796446422484,0.740342874953819,1.93599591822376e-48,0.852958347330876,7.86720369244799,654.069028922175,0.604944082466903,0.0119206081910491,4100.38293127616,0.831471322568494,3.97770988336273e-79,0.958323014167365,4.18840199997129,657.055410429962,0.958691937960995,4.20755969416453,654.141729011645,TRUE,0.606097716945049,0.0124786250865448,4.36705276186826,2025-05-21 12:59:00,2025-05-21 13:00:53,NA
"1","May","SWH","UP","1","1-May-SWH-UP-1",2025-05-21 10:59:30.5,597.795933347274,13.5865705731443,4.26225176044961e-31,0.92618489620571,59.1173000266924,414.959671490953,13.6827968479737,0.0949641343258436,4263.04329513116,3.33750861262288,2.41112002105116e-69,0.997501459733148,10.8763994712087,358.988882143696,0.999177053021474,6.36567659549615,414.996611782784,TRUE,13.6949881265743,0.101588540759805,13.0654612563169,2025-05-21 10:59:04,2025-05-21 10:59:57,NA
"1","May","SWH","UP","2","1-May-SWH-UP-2",2025-05-21 11:03:36,477.588876482239,6.6500752669146,1.02079641804121e-37,0.956341392965528,17.9349927548936,412.021807146756,5.27260643251006,0.0839367536864684,4210.10147274361,2.99831671415539,1.91612242307417e-51,0.986746364231754,9.88174820895579,333.693528985047,0.997033466416299,4.7658870933269,412.119368312644,TRUE,5.25369959450889,0.087811472538748,11.5924981274348,2025-05-21 11:03:09,2025-05-21 11:04:03,NA
"1","May","SWH","UP","3","1-May-SWH-UP-3",2025-05-21 11:07:53.5,564.423709773622,11.8367437340981,9.3436429828956e-33,0.936258893550835,43.4026950063123,405.29205541969,10.8057547914089,0.0868327906923911,4311.52997379197,3.05173304480982,4.81145186854837e-66,0.996653392388107,9.94510322739058,360.501247880123,0.998644170144113,6.45544468658673,405.377427819332,TRUE,10.7819383398311,0.0863381146557408,11.9507219305314,2025-05-21 11:07:27,2025-05-21 11:08:20,NA
"1","May","SWH","UP","4","1-May-SWH-UP-4",2025-05-21 11:11:41.5,457.068520840468,6.42450271880895,2.42898938060629e-36,0.953582830893938,16.0625746311069,379.954065844023,4.66790081073893,0.0686741811730115,4226.07431790447,2.41354983917729,1.78993173718171e-52,0.988870224974613,7.86536762640256,316.396801121519,0.996814645792755,4.29112701181453,380.062157038762,TRUE,4.64785505438309,0.0680636369968674,10.1393998467319,2025-05-21 11:11:15,2025-05-21 11:12:08,NA
"1","May","SWH","UP","5","1-May-SWH-UP-5",2025-05-21 11:15:49.5,608.339861845295,25.9596227778527,8.23604269283317e-37,0.955472440778608,65.1799935073767,515.615493608386,19.3701341846761,0.241168929409171,4364.87767854878,8.4758670703862,3.30197955824961e-56,0.992003608515256,27.621476622928,398.275178718884,0.99915469053915,9.15850111036402,516.729954568705,TRUE,19.154549315273,0.207794622077443,28.8175288459615,2025-05-21 11:15:23,2025-05-21 11:16:16,NA
"1","Nov","GCW","TR","1","1-Nov-GCW-TR-1",2025-11-12 13:36:03,996.091485421495,2.26695674722772,1.07921337874149e-63,0.919620200100285,18.0758936928415,777.734622207764,1.89232664057972,0.0196494581762489,4047.43293947024,1.38190324116535,2.67210387021534e-110,0.987962731236088,6.99504152346306,615.658921106799,0.997159809759608,3.42829168917577,777.734804995266,TRUE,1.89248531736017,0.019934751772357,9.11242701240888,2025-11-12 13:35:06,2025-11-12 13:37:00,NA
"1","Nov","GCW","TR","2","1-Nov-GCW-TR-2",2025-11-12 13:42:49.5,1131.89496033862,5.21779654252496,9.80751722058621e-68,0.933438451061571,34.0573901186198,930.337342213401,3.95346466366032,0.0400437181708257,4149.28280265863,2.79307924347828,9.5385780513517e-111,0.988640234326443,14.0696839108351,625.374612578429,0.999244308154,3.66171628114059,931.079331549948,TRUE,3.92437477565621,0.040785294688112,16.8899132059894,2025-11-12 13:41:53,2025-11-12 13:43:46,NA
"1","Nov","GCW","TR","3","1-Nov-GCW-TR-3",2025-11-12 13:49:36.5,968.7262794548,3.82534862130013,3.74125397776151e-77,0.954801784227486,16.6497456022291,908.022323294502,2.32737084406887,0.036310208279241,4139.63798711347,2.53266414068937,4.15385983737891e-90,0.973462289252698,12.7578850456927,567.294623283756,0.998710003409417,2.83827130557136,908.678853515258,TRUE,2.30257768140009,0.0368507258605507,15.214951937382,2025-11-12 13:48:40,2025-11-12 13:50:33,NA
"1","Nov","GCW","TR","4","1-Nov-GCW-TR-4",2025-11-12 13:56:17.5,1046.78841987354,3.97019882024307,6.93065931025424e-70,0.939068841348732,23.4477079009356,924.947188397982,2.83105067983993,0.0391081461232184,4142.68371839012,2.72782239455624,6.89540877590398e-96,0.979074637333815,13.7409631129938,688.506395749525,0.997460842868752,4.82989994733199,924.947191652715,TRUE,2.83099244206414,0.0394535899024797,18.6483606031272,2025-11-12 13:55:21,2025-11-12 13:57:14,NA
"1","Nov","GCW","TR","5","1-Nov-GCW-TR-5",2025-11-12 14:03:17.5,995.206775149313,3.03019846440888,5.62373336061817e-68,0.934095816336378,18.7002606476472,832.856939470589,2.17659533950197,0.0261128148820192,4094.2937374222,1.82138833673284,1.26931415789238e-102,0.984135553141231,9.17494848617315,606.062186595531,0.997904975636157,3.36432834891929,832.857855081006,TRUE,2.17668892378023,0.0266290468634674,11.9498557645843,2025-11-12 14:02:21,2025-11-12 14:04:14,NA
"1","Nov","GCW","UP","1","1-Nov-GCW-UP-1",2025-11-12 14:13:04.5,564.3778647762,3.15871563913423,2.73769428558864e-34,0.911113976562151,19.2837521631098,364.32142978077,3.4395005094762,0.0273393771710493,4084.05774833978,1.11841111584821,2.16024792464405e-76,0.996098062921258,4.04031228040154,313.712178878067,0.998337697696432,2.68071117961894,364.385702884964,TRUE,3.44530615187137,0.030126630563392,4.24460527115671,2025-11-12 14:12:33,2025-11-12 14:13:36,NA
"1","Nov","GCW","UP","2","1-Nov-GCW-UP-2",2025-11-12 14:24:41.5,602.382218149942,5.42147963192733,2.67239425287145e-37,0.928902889485119,25.9500074122848,442.174414956392,5.17028145818292,0.0502270887078718,4111.6729523217,2.05471156040319,5.14155658073505e-71,0.994182912125285,7.42274127335005,357.160429646538,0.998552328721062,3.76414816244215,442.178307741173,TRUE,5.16925669079106,0.0518322016454839,9.6600221669003,2025-11-12 14:24:10,2025-11-12 14:25:13,NA
"1","Nov","GCW","UP","3","1-Nov-GCW-UP-3",2025-11-12 14:30:57.5,NA,NA,NA,NA,NA,313.757993924882,2.72868411129723,0.0184174983050125,4025.81275484573,0.75343102008388,8.82983731055731e-81,0.99718342387826,2.7218046742782,313.766279905572,0.997353729012408,2.68184445995423,313.797829945106,TRUE,2.73195597247675,0.0184278495964405,2.21716174577571,2025-11-12 14:30:26,2025-11-12 14:31:29,NA
"1","Nov","GCW","UP","4","1-Nov-GCW-UP-4",2025-11-12 14:35:16.5,531.040425676634,3.33149525247075,4.52189096915905e-38,0.932858501344209,14.8620969275461,365.778088772994,3.04823885518604,0.0276522804054584,4053.43013592795,1.13121149726724,7.53304741496493e-73,0.99492372208806,4.08655425484927,313.095366459743,0.997906346214389,2.66782431739075,365.863233417887,TRUE,3.04033622834094,0.0262014471890659,3.46872191078731,2025-11-12 14:34:45,2025-11-12 14:35:48,NA
"1","Nov","GCW","UP","5","1-Nov-GCW-UP-5",2025-11-12 14:17:34.5,627.122517999641,7.18072767154156,1.24354442268284e-37,0.930633918491108,31.4832446305962,475.378043588351,6.34839885927731,0.0651021676268315,4077.64613201621,2.66322774963448,1.44458667252942e-69,0.993522137490526,9.62103436730747,359.883794424569,0.99899870621066,3.84509331293206,475.379172603366,TRUE,6.35025609541156,0.0658933502719145,13.3174314279892,2025-11-12 14:17:03,2025-11-12 14:18:06,NA
"1","Nov","GWI","TR","1a","1-Nov-GWI-TR-1a",2025-11-06 12:53:00.5,889.208314686195,1.735000395148,8.85359453112286e-67,0.930772902986342,11.7473999328531,759.633803719528,1.32979414397824,0.0189399241180019,3857.9278586099,1.32107384987007,1.96560304043808e-94,0.977784864317462,6.65469536317023,633.625633118354,0.992898178539093,3.79665590146643,759.854750031835,TRUE,1.32198662487043,0.0193856304169842,7.42827250215899,2025-11-06 12:52:04,2025-11-06 12:53:57,NA
"1","Nov","GWI","TR","2","1-Nov-GWI-TR-2",2025-11-06 12:39:51.5,806.952107332958,0.984454557287438,1.61746284592247e-63,0.920844658479981,8.18955117294158,752.664090593101,0.854931686800314,0.0183697109477598,3897.0076637716,1.28130105546155,4.17184203489242e-75,0.950834035928783,6.45434635879266,651.489472751973,0.980456998752036,4.10608831520892,752.785027293915,TRUE,0.849855669518427,0.0188712528565174,7.99351715269395,2025-11-06 12:38:55,2025-11-06 12:40:48,NA
"1","Nov","GWI","TR","3","1-Nov-GWI-TR-3",2025-11-06 12:30:43.5,1085.56826785988,2.85734923187158,4.84468683974708e-59,0.904862899287932,27.7951014570685,755.761134928767,2.70710251274151,0.0186209388445621,3937.74477875756,1.29882438885801,2.0174777592e-129,0.994728715922111,6.54261731011923,657.162829923967,0.99785682396074,4.2095425030292,756.169376899872,TRUE,2.69748675629269,0.0186265165308048,7.97073621662677,2025-11-06 12:29:47,2025-11-06 12:31:40,NA
"1","Nov","GWI","TR","4","1-Nov-GWI-TR-4",2025-11-06 12:16:22.5,952.91595848096,2.27826678441085,4.36834719410409e-68,0.934392252347837,15.534314630744,836.232429338792,1.80506654288038,0.0265022852627342,3893.76470234405,1.84855418660932,5.46951152975432e-93,0.976425772408237,9.31179205114674,685.068753138276,0.993955981017275,4.75762394662005,836.615030681962,TRUE,1.79122302979274,0.0278136190427502,10.3992314470046,2025-11-06 12:15:26,2025-11-06 12:17:19,NA
"1","Nov","GWI","TR","5","1-Nov-GWI-TR-5",2025-11-06 12:05:24.5,749.324170986016,1.00968226470274,3.23470543675254e-70,0.939891881918659,6.36048726073081,776.760964512574,0.750947939691848,0.0204174761389721,3874.78783094303,1.42413420663629,2.32742650218516e-64,0.923536115136501,7.17384520355675,643.138067836157,0.977135164923156,3.95840773883363,777.182010829452,TRUE,0.740575104391789,0.0220324122369399,7.62982368266321,2025-11-06 12:04:28,2025-11-06 12:06:21,NA
"1","Nov","GWI","UP","1a","1-Nov-GWI-UP-1a",2025-11-06 13:08:03.5,594.919017211427,4.48583342001413,8.29773852017704e-35,0.914466757080068,24.4802247341089,385.87751261257,4.45253928562379,0.032353912203772,3874.62769825462,1.32354789297078,8.44505090382092e-79,0.996737050316736,4.78137844831218,309.204930398808,0.999074922258363,2.58795825451507,385.887053997351,TRUE,4.45513595138036,0.0330009517894434,6.32473795489092,2025-11-06 13:07:32,2025-11-06 13:08:35,NA
"1","Nov","GWI","UP","2","1-Nov-GWI-UP-2",2025-11-06 13:12:35.5,590.903832612498,4.01099634740873,5.58114113788497e-34,0.909051238620753,23.7242328346772,350.957045782779,4.18695186410441,0.0246288569002193,3927.88241314288,1.0075279753267,1.78486272895911e-84,0.99785931099545,3.63974176747455,304.763906342268,0.999022874383785,2.49970755157887,350.970030963217,TRUE,4.18690885350129,0.0266297659767587,3.70834502154072,2025-11-06 13:12:04,2025-11-06 13:13:07,NA
"1","Nov","GWI","UP","3a","1-Nov-GWI-UP-3a",2025-11-06 13:21:26.5,NA,NA,NA,NA,NA,365.724640761888,3.59567460045404,0.0276407362580922,3866.54563595463,1.13073924427271,2.73754202624241e-77,0.996349587990502,4.08484821889684,291.360152213702,0.998927068194146,2.25118538785868,370.812860848008,TRUE,3.64871980895506,0.0209181769916185,2.43927616850482,2025-11-06 13:20:55,2025-11-06 13:21:58,NA
"1","Nov","GWI","UP","4","1-Nov-GWI-UP-4",2025-11-06 13:26:51.5,NA,NA,NA,NA,NA,450.071343640205,0.523909693206325,0.0534234213674229,3912.18644274833,2.18546852512937,3.15405543940916e-14,0.608022099462561,7.89510690245108,314.546443978253,0.9556936102498,2.69824030310295,450.095634169382,TRUE,0.516198674716616,0.0570478616671919,9.33135119663847,2025-11-06 13:26:20,2025-11-06 13:27:23,"low r2, but also low flux - checked"
"1","Nov","GWI","UP","5","1-Nov-GWI-UP-5",2025-11-06 13:33:22.5,562.747668470492,3.32869873321273,6.33320109014345e-35,0.915207903532457,19.0397133838052,365.793873172184,3.47697979104365,0.0276556905737835,3869.52449314519,1.13135100191425,2.25091483497563e-76,0.996092884863657,4.08705822188831,321.977698857085,0.99814910082563,2.85952778106919,365.812569505474,TRUE,3.47558205419199,0.0311402308413306,4.39185791996089,2025-11-06 13:32:51,2025-11-06 13:33:54,NA
"1","Nov","MSM","TR","1a","1-Nov-MSM-TR-1a",2025-11-13 12:54:46.5,757.498403257635,1.10578076756845,8.14559698154127e-67,0.930875791591289,6.59265983329407,678.697559121292,0.742082079792978,0.0132803905482415,3896.45695450395,0.926317157346372,1.23589407176366e-83,0.965371760028814,4.66617251747448,560.832220171354,0.988110266079921,2.75895310591406,678.775267237494,TRUE,0.740550114711255,0.0135628977754807,5.1694174679187,2025-11-13 12:53:50,2025-11-13 12:55:43,NA
"1","Nov","MSM","TR","2","1-Nov-MSM-TR-2",2025-11-13 13:02:38.5,871.585558753269,1.205116219027,8.46826823262751e-61,0.911489610979907,10.87361426137,675.830976667409,1.09208562167611,0.013114465036805,3885.52696708744,0.91474372902536,1.41135637992914e-102,0.984105478687796,4.60787324844316,601.449442564951,0.992008190844653,3.29694740167939,675.856370065904,TRUE,1.09089268700021,0.0138234474534498,5.10643074823132,2025-11-13 13:01:42,2025-11-13 13:03:35,NA
"1","Nov","MSM","TR","3","1-Nov-MSM-TR-3",2025-11-13 13:10:12.5,934.665500258041,1.80210277698398,1.83658795789655e-65,0.926923744738194,14.3393220143882,758.484905621449,1.58521988113976,0.0188447253897126,3958.26877120135,1.31443366748601,4.62627035326602e-103,0.984418883878554,6.62124652083174,628.655129864671,0.995183178481266,3.71478276175413,758.650156101298,TRUE,1.57770102991419,0.0205396452491362,6.58229962147649,2025-11-13 13:09:16,2025-11-13 13:11:09,NA
"1","Nov","MSM","TR","4","1-Nov-MSM-TR-4",2025-11-13 13:18:35.5,846.0530893703,1.25499018697841,8.18862830334788e-66,0.927969525096055,9.721642928706,807.984681769198,1.06252874156576,0.0234140749683518,3901.78510860709,1.63314921257721,6.12550563271563e-74,0.948418870821097,8.22672441315191,714.969627337104,0.977975694420029,5.42432006440037,808.938290292455,TRUE,1.04225522686701,0.0248113819017386,7.78313808891196,2025-11-13 13:17:39,2025-11-13 13:19:32,NA
"1","Nov","MSM","TR","5","1-Nov-MSM-TR-5",2025-11-13 13:27:18.5,900.931651963383,1.13040983316987,2.70268393267638e-59,0.905848380743903,12.3672281112445,807.365426465721,1.18857912473686,0.0233505678734116,3887.48307952913,1.62871954528373,2.87438713503429e-79,0.958563999112075,8.20441068224182,747.135036363989,0.97641229468517,6.24617273140036,808.060400574539,TRUE,1.17080701339203,0.0231953289239469,7.33848217992592,2025-11-13 13:26:22,2025-11-13 13:28:15,NA
"1","Nov","MSM","UP","1","1-Nov-MSM-UP-1",2025-11-13 12:19:36.5,528.055026683314,3.07302398278378,5.6563448928108e-34,0.909012023007023,14.5194729701461,371.812386562678,2.55447493178741,0.0289871071479626,3938.74013195271,1.18581716941579,7.35785216793265e-67,0.992079644232575,4.28381979042478,338.999444492187,0.995544078413902,3.26623807692446,371.839397595254,TRUE,2.55354572370149,0.0292314578218895,5.34989613696827,2025-11-13 12:19:05,2025-11-13 12:20:08,NA
"1","Nov","MSM","UP","2","1-Nov-MSM-UP-2",2025-11-13 12:24:13.5,505.865730058194,1.7908794771805,8.33923770490365e-32,0.893138961971004,12.2085537367978,344.901759186358,1.98125158090771,0.023490870907376,3931.76099612388,0.960974750060713,1.09298663416382e-65,0.991359441382533,3.47156607155275,316.370732040869,0.99480254056307,2.73697164858984,345.063269524699,TRUE,1.97573186189535,0.0234313932941397,3.99269466528146,2025-11-13 12:23:42,2025-11-13 12:24:45,NA
"1","Nov","MSM","UP","3a","1-Nov-MSM-UP-3a",2025-11-13 12:30:37.5,NA,NA,NA,NA,NA,325.28361209491,0.980334941999396,0.0201528375435222,3935.02616287696,0.824421031376896,4.255959644212e-51,0.974468121512813,2.97825939861764,294.712975137859,0.985123815095679,2.310931859636,325.329090281193,TRUE,0.977947238581289,0.0220834189991787,3.22789526749516,2025-11-13 12:30:06,2025-11-13 12:31:09,NA
"1","Nov","MSM","UP","4","1-Nov-MSM-UP-4",2025-11-13 12:13:49.5,474.250288568668,1.61986897271747,1.39723121069365e-33,0.906323047576626,9.53663974470827,328.179621319628,1.65220070008539,0.0206139941239868,3920.52271752844,0.843286225068446,2.50611021570738e-64,0.990440857644993,3.04641079005505,259.515657348267,0.996928630436017,1.75535620194995,328.550117013485,TRUE,1.66391452602133,0.0205191339769633,3.11016475612774,2025-11-13 12:13:18,2025-11-13 12:14:21,NA
"1","Nov","MSM","UP","5","1-Nov-MSM-UP-5",2025-11-13 12:35:29.5,552.400409763024,3.8283821620193,6.72825443433234e-37,0.926756037769174,17.5611489711661,375.2999175952,3.44933052382736,0.029787757478096,3988.55091157823,1.21857052087389,3.61230613615582e-74,0.995397495428014,4.40214279906198,303.049114283854,0.998601805410102,2.46644275570296,375.32444226722,TRUE,3.45299737687428,0.0318250973151493,4.95082526549142,2025-11-13 12:34:58,2025-11-13 12:36:01,NA
"1","Nov","SWH","SWAMP","1","1-Nov-SWH-SWAMP-1",2025-11-04 15:03:23.5,1014.61863524987,2.04964150228624,9.06588481087292e-58,0.899759028065709,20.3621380698638,591.164394446987,1.93476737698152,0.00904643867280452,4494.54710574862,0.630995852498493,3.95084473025503e-148,0.997557392485031,3.17853931800584,522.708114248735,0.998706327960193,2.33413251327061,595.133215755255,TRUE,1.91965393984084,0.00749587559479415,2.83730420116469,2025-11-04 15:02:27,2025-11-04 15:04:20,NA
"1","Nov","SWH","SWAMP","2","1-Nov-SWH-SWAMP-2",2025-11-04 14:53:09.5,1085.39596029715,2.87383124412965,5.07756484683931e-58,0.90079033006034,27.7741036635568,655.132685190369,2.65293763246708,0.0119763496447629,4325.14518749641,0.83535933058776,7.80765319615985e-150,0.997722687013115,4.20798721009434,529.990798521737,0.999266426391358,2.40989193228474,655.304748007128,TRUE,2.64983137944758,0.0123661552587092,4.55504013582491,2025-11-04 14:52:13,2025-11-04 14:54:06,NA
"1","Nov","SWH","SWAMP","3b","1-Nov-SWH-SWAMP-3b",2025-11-04 14:42:30.5,1093.35981630874,3.91699950840983,2.2023346146735e-64,0.923611456569339,28.7613725705711,818.595255421816,3.12363249702887,0.0245294623421826,4504.653301454,1.71094831477333,5.12610811027531e-123,0.993140618457936,8.61862477867215,550.4490991663,0.999369744320368,2.6361283164152,827.894811195847,TRUE,3.06029839913355,0.019838416859847,6.86498127683867,2025-11-04 14:41:34,2025-11-04 14:43:27,NA
"1","Nov","SWH","SWAMP","4a","1-Nov-SWH-SWAMP-4a",2025-11-04 14:11:15.5,1252.22319409636,9.34636964055674,3.35187872414859e-69,0.937330555387741,57.7314714669263,1081.09878403522,6.89746068054163,0.0775719742589952,4215.42813830037,5.41070312836945,1.01674439121653e-105,0.986031808823212,27.2555398953602,714.390463181066,0.999459383265469,5.41055872655719,1081.37933926313,TRUE,6.86313560130228,0.0807465262788766,34.668920950296,2025-11-04 14:10:19,2025-11-04 14:12:12,NA
"1","Nov","SWH","SWAMP","5","1-Nov-SWH-SWAMP-5",2025-11-04 14:31:21.5,1199.86865474072,4.55411880100234,1.61633568722122e-56,0.894472823625536,45.8867904051626,723.963769764701,4.25120298678186,0.0161969760941951,4247.89506832203,1.12975117702157,4.53612346298303e-158,0.998376857213537,5.69093841347398,596.076037284516,0.999489592408024,3.22015483419752,723.963832815645,TRUE,4.25114273883758,0.0169486803059369,7.09770279954655,2025-11-04 14:30:25,2025-11-04 14:32:18,NA
"1","Nov","SWH","TR","1","1-Nov-SWH-TR-1",2025-11-04 11:53:31.5,NA,NA,NA,NA,NA,996.076398302567,4.07705884628577,0.0534261862465484,3755.65832400857,3.72651638458883,2.10349154504158e-98,0.981130551382989,18.7717221923212,838.942898885469,0.995409025138735,9.34307079294032,1007.56303556422,TRUE,3.92468732321112,0.0403453399992719,14.3846569846802,2025-11-04 11:52:35,2025-11-04 11:54:28,NA
"1","Nov","SWH","TR","10","1-Nov-SWH-TR-10",2025-11-05 09:53:15.5,1241.81488602844,5.71834945005191,3.85574735972145e-55,0.888329693685331,55.1552526170196,904.831033488376,4.95691900229993,0.0358055187457469,4083.74129367983,2.4974616688712,4.68572053239664e-127,0.994190165239088,12.5805583004819,871.619374467912,0.995808183935077,10.7828062566131,904.840185181682,TRUE,4.95539151849242,0.0381167466749564,15.0629970409342,2025-11-05 09:52:19,2025-11-05 09:54:12,NA
"1","Nov","SWH","TR","2","1-Nov-SWH-TR-2",2025-11-04 11:44:48.5,806.467334676438,1.86007685192081,6.96287008543536e-72,0.943871876206319,8.17215708130226,734.810508898031,1.02330632804598,0.0169861444810932,3823.29602917365,1.184796261288,3.5469520140738e-87,0.970063802852928,5.96821910226299,637.518381857274,0.987688412095322,3.86203448289843,739.882037273244,TRUE,0.992244120816632,0.014670011595974,4.5814806293227,2025-11-04 11:43:52,2025-11-04 11:45:45,NA
"1","Nov","SWH","TR","3a","1-Nov-SWH-TR-3a",2025-11-04 12:05:43.5,672.947348184254,0.883916906537788,3.01255415021471e-73,0.946931316269522,4.54996218900631,743.249037561712,0.564901780598523,0.0176265990679865,3765.83392344778,1.22946844695795,3.07159648799044e-58,0.901675967369138,6.19324799589353,639.609853642192,0.961753000526116,3.89762438152797,744.772762447449,TRUE,0.546161126480678,0.0181797116579858,6.27645244764762,2025-11-04 12:04:47,2025-11-04 12:06:40,NA
"1","Nov","SWH","TR","4","1-Nov-SWH-TR-4",2025-11-04 11:29:03.5,951.705034662091,1.39625967485486,1.90975014851597e-58,0.902506045082717,15.4520295123612,767.101445072769,1.47612222638444,0.0195705306057349,3745.93806255405,1.36505912326991,7.59235453249245e-98,0.980693136740572,6.87626404759348,729.792797219971,0.986561763927428,5.78869258747791,767.788804614839,TRUE,1.46217617521531,0.0184642042083195,6.0245112610233,2025-11-04 11:28:07,2025-11-04 11:30:00,NA
"1","Nov","SWH","TR","5","1-Nov-SWH-TR-5",2025-11-04 11:36:04.5,NA,NA,NA,NA,NA,924.532326507179,2.26866983705292,0.0390370508266851,3694.5417677533,2.72286344453544,1.75855516079291e-85,0.967903227281262,13.7159832061454,912.125357068054,0.972205596091699,12.8791621832418,924.885755192033,TRUE,2.26853299607216,0.024678708823434,7.82561536570012,2025-11-04 11:35:08,2025-11-04 11:37:01,NA
"1","Nov","SWH","TR","6","1-Nov-SWH-TR-6",2025-11-04 11:12:10.5,NA,NA,NA,NA,NA,736.868967794218,1.15940673001505,0.0171401953377528,3804.45450687939,1.1955414235714,1.16126985317115e-92,0.9761067493793,6.0223461153977,740.834354254115,0.976114002927078,6.0759256169132,737.434232444397,TRUE,1.17065853821671,0.0149946481684001,4.35820873326486,2025-11-04 11:11:14,2025-11-04 11:13:07,NA
"1","Nov","SWH","TR","7","1-Nov-SWH-TR-7",2025-11-04 10:55:17.5,NA,NA,NA,NA,NA,675.118963892329,1.13708971011048,0.0130735742399502,3860.22397303499,0.911891565411156,1.16259720732096e-104,0.985410698096826,4.59350593659279,671.761628233438,0.986322522776914,4.48789507897432,675.186953355024,TRUE,1.1337452451781,0.0139405205890279,4.76890137174396,2025-11-04 10:54:21,2025-11-04 10:56:14,NA
"1","Nov","SWH","TR","8","1-Nov-SWH-TR-8",2025-11-04 11:19:31.5,NA,NA,NA,NA,NA,642.227907982085,1.23773680554638,0.0113173159991059,3864.77450192387,0.789391241695868,1.12923369468839e-115,0.990723148449436,3.97643041405848,630.760736349724,0.991900152190752,3.74924811288348,642.233200861881,TRUE,1.23702941765094,0.0116643890744281,3.41832495260512,2025-11-04 11:18:35,2025-11-04 11:20:28,NA
"1","Nov","SWH","TR","9a","1-Nov-SWH-TR-9a",2025-11-05 09:41:36.5,868.861224077653,0.919226263504,1.40652238742861e-56,0.894734240877802,10.7444603805535,576.141055696834,0.993435190382997,0.00846956650090175,4086.90916388361,0.59075858775179,4.76365549197983e-119,0.991925044030011,2.97585061959366,525.016484004996,0.99502105240713,2.35788430538314,576.146688749483,TRUE,0.993881281499672,0.00891167805456256,3.31394558668441,2025-11-05 09:40:40,2025-11-05 09:42:33,NA
"1","Nov","SWH","UP","1c","1-Nov-SWH-UP-1c",2025-11-04 13:09:44.5,NA,NA,NA,NA,NA,435.128778163304,4.80766599880061,0.0475371000283723,3874.7252918643,1.94466833513747,1.52807687981193e-70,0.993974904971062,7.02520499342953,426.144784018264,0.995081230767697,6.45246257493854,435.705336970717,TRUE,4.829651626495,0.0393893601775036,5.39685942423311,2025-11-04 13:09:13,2025-11-04 13:10:16,NA
"1","Nov","SWH","UP","2a","1-Nov-SWH-UP-2a",2025-11-04 13:18:56.5,537.110001623058,2.72081498447276,1.16474892389738e-35,0.919709107032516,15.5838123188507,384.39194489931,2.91944658048343,0.031980583388491,3956.18237842372,1.30827559564431,8.39894005670862e-68,0.992615105976796,4.7262065624433,367.627313155717,0.994661262538381,4.08488718644443,384.450661367321,TRUE,2.91795425393971,0.0335392857543557,5.18422709279647,2025-11-04 13:18:25,2025-11-04 13:19:28,NA
"1","Nov","SWH","UP","3b","1-Nov-SWH-UP-3b",2025-11-04 13:35:06.5,622.167120114351,6.2865603050235,2.38629092986594e-38,0.934227215710073,30.2876924989766,522.765964200317,6.24840951088546,0.0942712226815568,4029.59332489794,3.85648812304705,2.85896107992165e-59,0.986083668493157,13.9317430790668,458.241533890654,0.995229892432857,8.29139069564066,522.866617440331,TRUE,6.22739777379835,0.0988841551726851,17.3603192901108,2025-11-04 13:34:35,2025-11-04 13:35:38,NA
"1","Nov","SWH","UP","4","1-Nov-SWH-UP-4",2025-11-04 13:39:35.5,NA,NA,NA,NA,NA,305.273454947128,3.69078431926505,0.0172362676259009,4168.68621616481,0.705108722409214,1.11776377588727e-90,0.998649626342935,2.54723812183107,286.076185348898,0.999060188541884,2.16014624495622,305.642073737596,TRUE,3.70095778364652,0.0161582822161508,2.57209107117344,2025-11-04 13:39:04,2025-11-04 13:40:07,NA
"1","Nov","SWH","UP","5","1-Nov-SWH-UP-5",2025-11-04 13:43:46.5,716.339921613323,13.3892252124942,1.21663979669944e-37,0.930682787652923,63.2102488628424,558.804543806367,12.754064722608,0.124926726633125,4284.32306880053,5.11055679355317,8.54974914324742e-71,0.994086706384467,18.4621245980934,492.902484011066,0.998016261318493,10.8699965495087,558.846017014635,TRUE,12.7339284564108,0.129761814771885,22.8586703394598,2025-11-04 13:43:15,2025-11-04 13:44:18,NA
"1","Sep","GCW","TR","1","1-Sep-GCW-TR-1",2025-09-09 13:09:41.5,1323.19209080523,6.75984323940934,2.65139394311902e-54,0.884422336893645,78.8123372228243,913.986757430354,6.97143581599958,0.0372726092484953,3609.55371299568,2.59979232692972,1.2562679007363e-141,0.996808719510429,13.0960324019178,909.249356592646,0.997044173294676,12.7177242851107,915.164717295114,TRUE,6.93866420107686,0.0252407326930761,7.49922609347241,2025-09-09 13:08:45,2025-09-09 13:10:38,NA
"1","Sep","GCW","TR","2","1-Sep-GCW-TR-2",2025-09-09 13:18:39.5,1243.38068888363,4.69464429814215,3.00955031442679e-53,0.879304348305497,55.5353380594159,635.87973626454,4.81343983609254,0.0110065558727434,3543.05243177834,0.767715490834244,7.05338884482068e-183,0.999414730950032,3.8672423328878,631.045517085184,0.999458372494858,3.75393399323583,635.901012627153,TRUE,4.81488147106593,0.011317952363909,4.37793254913451,2025-09-09 13:17:43,2025-09-09 13:19:36,NA
"1","Sep","GCW","TR","3","1-Sep-GCW-TR-3",2025-09-09 13:24:35.5,1256.98586647593,5.3864285333091,1.85337248004458e-54,0.885158176857845,58.9501028374309,625.489742289722,5.23836311254623,0.0105162421633331,3562.65147425365,0.733515743480501,3.31260285577385e-189,0.999548817766291,3.69496664961776,595.261231448376,0.99966583956276,3.20866747375659,625.955686207575,TRUE,5.23165916432173,0.0108338733367061,3.46953551098727,2025-09-09 13:23:39,2025-09-09 13:25:32,NA
"1","Sep","GCW","TR","4","1-Sep-GCW-TR-4",2025-09-09 13:30:15.5,1219.11844076611,4.59182133178906,2.73973455114899e-55,0.889008273059068,49.9292084396879,658.272870325163,4.51224215496508,0.012142437936528,3551.73303536018,0.846944112958237,5.79880047542031e-175,0.999189612150889,4.26634367330927,603.966383270015,0.999514075847763,3.33354473959358,658.398211425997,TRUE,4.50887459414898,0.0121045273975236,4.46441128171667,2025-09-09 13:29:19,2025-09-09 13:31:12,NA
"1","Sep","GCW","TR","5","1-Sep-GCW-TR-5",2025-09-09 13:36:34.5,1242.91873281933,4.83887904998598,1.21428878944929e-52,0.876263826824301,55.4229305429031,745.56381377499,4.74195629857447,0.0178064650978014,3516.81678863192,1.24201423684538,8.95339235373585e-159,0.998423213026397,6.25644537868892,664.70725412026,0.999250962755382,4.35116468300569,745.583197238831,TRUE,4.74367453413717,0.0192813726660985,7.39981660464299,2025-09-09 13:35:38,2025-09-09 13:37:31,NA
"1","Sep","GCW","UP","1","1-Sep-GCW-UP-1",2025-09-09 13:43:47.660377,NA,NA,NA,NA,NA,335.46070264928,3.44534196259575,0.0483338572582034,3526.95187601853,1.70782783526983,9.51755715988283e-53,0.990062638447114,5.52020194314652,291.565115395162,0.995974652580502,3.58433136666416,335.778023703625,TRUE,3.46826232142099,0.0497077148256375,5.11827314584072,2025-09-09 13:43:21,2025-09-09 13:44:14,NA
"1","Sep","GCW","UP","2","1-Sep-GCW-UP-2",2025-09-09 13:51:39.5,NA,NA,NA,NA,NA,351.416604807416,4.45486933317814,0.0527275220019138,3552.85243096976,1.85310549138296,2.42115105413369e-57,0.992768041675879,6.03897035960968,271.318931961551,0.998476293964742,2.8268463540021,353.492634119707,TRUE,4.52116523655533,0.0472244108788812,4.70243996366119,2025-09-09 13:51:13,2025-09-09 13:52:06,NA
"1","Sep","GCW","UP","3","1-Sep-GCW-UP-3",2025-09-09 13:55:32.5,NA,NA,NA,NA,NA,301.524612803931,2.84844080603647,0.0332207496259667,3560.66890410952,1.16754118574931,1.13120554548505e-57,0.992976609421436,3.80482743543203,298.379363454247,0.993847080667296,3.63177416151593,301.737538587141,TRUE,2.83787047989303,0.0335723326551947,3.63425858590021,2025-09-09 13:55:06,2025-09-09 13:55:59,NA
"1","Sep","GCW","UP","4","1-Sep-GCW-UP-4",2025-09-09 13:59:26.5,488.18729627692,5.8848007358088,3.14094844681395e-32,0.933220182052613,21.4265073885924,337.207262265325,5.20975962459227,0.0462272555844616,3572.62956101779,1.62465403119116,8.18160507946526e-64,0.99592253956349,5.29448408879394,306.996883252623,0.997836020656731,3.93343515208344,337.275367705689,TRUE,5.21040640857164,0.0463430921420333,6.14705794238709,2025-09-09 13:59:00,2025-09-09 13:59:53,NA
"1","Sep","GCW","UP","5","1-Sep-GCW-UP-5",2025-09-09 13:47:49.5,NA,NA,NA,NA,NA,350.682002253529,9.58690039072333,0.0523700929339502,3601.85179252416,1.8405436689518,9.67877801337417e-75,0.998450683231714,5.99803341690608,346.506532729286,0.998668353088774,5.67087380637851,351.01693570676,TRUE,9.61085776793146,0.0515159775123428,5.86319005172246,2025-09-09 13:47:23,2025-09-09 13:48:16,NA
"1","Sep","GWI","TR","1","1-Sep-GWI-TR-1",2025-09-17 11:32:20.5,930.428152652301,1.02581852887451,1.11574883790221e-45,0.835313300736768,14.0752888610466,665.524567241368,1.03623255318936,0.0125348438221886,3790.6040851544,0.874314716496647,3.15355745255245e-102,0.983875671553826,4.40421865166279,648.45825283805,0.986596216960983,4.05185987054164,665.864635417495,TRUE,1.0409126078034,0.0121120636689767,3.74552366582951,2025-09-17 11:31:24,2025-09-17 11:33:17,NA
"1","Sep","GWI","TR","2","1-Sep-GWI-TR-2",2025-09-17 11:39:09.5,866.353256237465,1.30812265153225,6.97580612621414e-57,0.896042877344409,10.6269204782274,651.380542872179,0.984888739181916,0.0117808705667304,3832.15484136369,0.821724518928721,9.15839715747161e-103,0.984227735657161,4.13930405666274,638.341250181069,0.986417455219158,3.87599802440565,651.721872226058,TRUE,0.982593718209827,0.0123180757474621,4.28796075281689,2025-09-17 11:38:13,2025-09-17 11:40:06,NA
"1","Sep","GWI","TR","3","1-Sep-GWI-TR-3",2025-09-17 11:48:05.5,908.707139491543,1.82818803456041,5.09504922831649e-55,0.887773155919381,12.7962619768909,642.547749126185,1.14425025204668,0.0113332032069772,3817.24228853371,0.790499386308031,7.98535741626839e-112,0.989132347438638,3.98201251290406,642.587096711693,0.989503433989475,3.94885363670338,644.028831143121,TRUE,1.13221883931332,0.010927391405767,3.36171206292988,2025-09-17 11:47:09,2025-09-17 11:49:02,NA
"1","Sep","GWI","TR","4","1-Sep-GWI-TR-4",2025-09-17 11:57:24.5,939.155925670795,1.93552875872237,1.73759130875769e-61,0.9139558111404,14.624532152359,693.337061390465,1.49419299003309,0.0141610734733199,3950.51691215147,0.987745448985743,6.0323565268772e-114,0.990040218224963,4.97560757864097,643.757116224822,0.993775110804811,3.96916991242177,696.04419921696,TRUE,1.47373311056985,0.0123218598221885,4.14908530543609,2025-09-17 11:56:28,2025-09-17 11:58:21,NA
"1","Sep","GWI","TR","5","1-Sep-GWI-TR-5",2025-09-17 12:03:50.5,950.385759416639,1.50912267973783,1.68983144728121e-53,0.88054043648051,15.3628776903505,625.06209256471,1.33420042461353,0.0104965357903525,3776.80384238939,0.73214120925015,6.2867136200345e-123,0.99311557538678,3.68804265625423,623.843558544645,0.993423616702337,3.63720968454194,625.150303532793,TRUE,1.3323579281253,0.0111067917266595,3.93413641735,2025-09-17 12:02:54,2025-09-17 12:04:47,NA
"1","Sep","GWI","UP","1","1-Sep-GWI-UP-1",2025-09-17 12:11:42.5,475.515867602274,6.0508863889113,5.69923870949634e-36,0.952036437105849,19.0544520037331,385.946796163671,5.45286619871103,0.0725924957666666,3854.15641065771,2.55125876261588,1.04267154910957e-54,0.990868270490591,8.31413868167519,321.658466620493,0.997421632587203,4.50536329372751,388.661280418485,TRUE,5.34830916375055,0.0542513683509883,4.47110180365098,2025-09-17 12:11:16,2025-09-17 12:12:09,NA
"1","Sep","GWI","UP","2","1-Sep-GWI-UP-2",2025-09-17 12:16:24.5,504.348283482298,7.03431685186507,2.27352253987927e-33,0.939627373574425,24.8850591428975,362.808302122978,6.36266871036117,0.0585930586913691,3837.41705548876,2.05924941464079,5.59667242225823e-63,0.995609579398811,6.71075998419204,318.827069136358,0.998194416731877,4.38878264484471,364.95879067867,TRUE,6.2843326313393,0.0491177587672012,5.17630791609422,2025-09-17 12:15:58,2025-09-17 12:16:51,NA
"1","Sep","GWI","UP","3","1-Sep-GWI-UP-3",2025-09-17 12:19:50.5,513.399879803344,8.98525898493558,1.51109061922655e-34,0.945599115472648,27.0605964971969,390.315185678523,7.28447182640985,0.0755889118256957,3878.76576705368,2.65656761921744,2.69884985980382e-60,0.994432009449473,8.6573231720231,331.023536764081,0.998275449126426,4.91347849742138,397.956312612033,TRUE,7.10503286851679,0.0470411396029749,4.14947896638234,2025-09-17 12:19:24,2025-09-17 12:20:17,NA
"1","Sep","GWI","UP","4","1-Sep-GWI-UP-4",2025-09-17 12:23:22.5,482.781708342706,8.38347828312112,2.34023288829723e-36,0.953649180306827,20.3804697768424,396.82495587071,5.93202622286186,0.0802851966488964,3860.65389847173,2.8216182581353,2.43983328588552e-54,0.990564801056694,9.19519644523636,332.097944830847,0.997357501588557,4.9626028211546,402.037766895037,TRUE,5.76862241690399,0.0517004788925829,5.13523779521104,2025-09-17 12:22:56,2025-09-17 12:23:49,NA
"1","Sep","GWI","UP","5","1-Sep-GWI-UP-5",2025-09-17 12:27:42.5,537.226017008024,6.46797902022174,1.27758978204466e-30,0.923006458928455,33.7402351824493,398.591322688959,7.63326338059065,0.0816090776669372,3965.4768437968,2.868145974427,1.26394475954037e-59,0.994091379524492,9.34682272927277,387.483547684033,0.995533349625024,8.28759668223085,399.580451838444,TRUE,7.59040494657392,0.0742001727090392,6.0556096908428,2025-09-17 12:27:16,2025-09-17 12:28:09,NA
"1","Sep","MSM","TR","1","1-Sep-MSM-TR-1",2025-09-11 14:11:11.5,979.709133316041,1.68140539898387,2.09673624838099e-59,0.906273844500168,17.4714015815625,844.48297740719,1.69414467957236,0.0274788764367937,3493.05319840735,1.91667215023081,2.87032699596329e-88,0.971377791396413,9.65492525047931,785.521372752247,0.983524273716171,7.39149516856593,846.994304561915,TRUE,1.65922989382795,0.0258368207064962,10.1965701772018,2025-09-11 14:10:15,2025-09-11 14:12:08,NA
"1","Sep","MSM","TR","2","1-Sep-MSM-TR-2",2025-09-11 14:17:40.5,973.544636296018,2.51737073737733,5.69766927131878e-71,0.941726136915479,17.005351373619,921.475083977277,2.08229314209458,0.0385170984341954,3518.0625983187,2.68659637690539,4.39055667806525e-82,0.963092926874107,13.5332937321109,784.457058482208,0.989287588819742,7.3570717437342,923.160185240795,TRUE,2.04048727280205,0.0372025156357288,14.3282565330793,2025-09-11 14:16:44,2025-09-11 14:18:37,NA
"1","Sep","MSM","TR","3","1-Sep-MSM-TR-3",2025-09-11 14:25:33.5,927.339509019314,2.5272931059392,1.69782436156704e-70,0.940579411367913,13.8859010746913,837.629643104269,1.69242631105282,0.0266651933779851,3698.54125393768,1.85991714929326,1.21391638926133e-89,0.972949320424837,9.36903113364929,747.09280811735,0.988195962363106,6.24501597483019,848.813574467892,TRUE,1.61484090474677,0.0176036068740536,5.64319997851025,2025-09-11 14:24:37,2025-09-11 14:26:30,NA
"1","Sep","MSM","TR","4","1-Sep-MSM-TR-4",2025-09-11 14:32:24.5,1012.78975551433,3.3477665463581,2.53247696227753e-70,0.940153856529694,20.199458499139,882.053539413607,2.46327549865764,0.0324013713212813,3618.87434338356,2.26001984410224,3.18805080816263e-98,0.98098994442082,11.3844835992318,709.997360153578,0.995942302759639,5.30730603471421,896.710309488342,TRUE,2.35550218215437,0.0235690125786109,7.22918413714749,2025-09-11 14:31:28,2025-09-11 14:33:21,NA
"1","Sep","MSM","TR","5","1-Sep-MSM-TR-5",2025-09-11 14:38:37.5,937.181653126229,2.3637319613204,2.46183513748378e-73,0.947122192191929,14.4984437041255,872.623330405597,1.87036488200796,0.0310885685479468,3608.68884938681,2.1684508703786,4.10632926864212e-87,0.969985438050449,10.9232197380867,702.021018632734,0.993511162219753,5.12484568527182,875.706304425373,FALSE,1.8231364108155,0.0297996544105858,10.1900763192009,2025-09-11 14:37:41,2025-09-11 14:39:34,NA
"1","Sep","MSM","UP","1","1-Sep-MSM-UP-1",2025-09-11 15:04:57.5,576.400067480457,13.846209933761,9.60886860171775e-33,0.936190322534319,48.4927225945169,410.199026514726,12.0689716924803,0.0908690301606841,3863.82051563612,3.19358643065562,1.64470909211787e-67,0.99706088707879,10.4073804137227,345.91606562663,0.999170051366423,5.63995410660851,410.3516126261,TRUE,12.034630033217,0.0982648189100426,10.3943522253586,2025-09-11 15:04:31,2025-09-11 15:05:24,NA
"1","Sep","MSM","UP","2","1-Sep-MSM-UP-2",2025-09-11 15:00:57.5,NA,NA,NA,NA,NA,408.621147629863,7.31548880496642,0.0895510855896308,3748.33599141789,3.14726735042522,1.37703550120192e-56,0.992268079601667,10.2564340407846,382.709997644996,0.995556478995092,7.92926610000872,409.480008657868,TRUE,7.38679901850575,0.0865549798935811,8.43305978490656,2025-09-11 15:00:31,2025-09-11 15:01:24,NA
"1","Sep","MSM","UP","3","1-Sep-MSM-UP-3",2025-09-11 14:57:17,481.635723746016,6.34556195316056,4.16701348662357e-35,0.945235163898551,18.6070999867282,390.244193939222,4.89119435632439,0.0688606764251851,3707.4786090533,2.45978201450223,3.0652825121941e-54,0.989604384479326,8.10686422867645,338.939554239984,0.996196790828729,4.9986847460954,390.293116127572,TRUE,4.90609752239173,0.0721017294914625,8.98661249905834,2025-09-11 14:56:50,2025-09-11 14:57:44,NA
"1","Sep","MSM","UP","4","1-Sep-MSM-UP-4",2025-09-11 14:53:10.5,518.520297874055,6.90488461414666,2.07179597082555e-32,0.93427905542433,28.3744741773573,374.225239875131,6.95286199761468,0.065126310570562,3722.70904635523,2.28886014684021,1.34995389151921e-62,0.995458365532598,7.45902413453231,323.423786167864,0.998353840125251,4.57961109841192,374.233321456294,TRUE,6.95269372934745,0.0661842680441203,9.16394643960254,2025-09-11 14:52:44,2025-09-11 14:53:37,NA
"1","Sep","MSM","UP","5","1-Sep-MSM-UP-5",2025-09-11 14:49:05.5,529.726405768899,18.928374831797,4.50051877186538e-42,0.972051088138837,31.4767822527913,508.017917849845,11.74317548696,0.224786197284317,3804.2286293144,7.90009696567082,1.29400357037485e-46,0.981302885041142,25.745135199035,352.236924581782,0.999030076475252,5.97989135751375,508.622514418703,TRUE,11.5958662506732,0.217898127315709,28.5015609251997,2025-09-11 14:48:39,2025-09-11 14:49:32,NA
"1","Sep","SWH","SWAMP","1","1-Sep-SWH-SWAMP-1",2025-09-16 13:16:01.60241,649.004371642977,1.5760093466416,4.19669132312263e-49,0.932212009075273,11.7844103884735,542.204188063889,1.39535383966734,0.0214144976599874,3761.7726518904,1.29737603770707,9.53917628556814e-72,0.98127918784408,6.19289647019131,434.050452758995,0.99515287361432,3.19082225641259,544.711474295626,TRUE,1.36668324899903,0.0190277588530115,4.92745193820881,2025-09-16 13:15:15,2025-09-16 13:17:07,NA
"1","Sep","SWH","SWAMP","2","1-Sep-SWH-SWAMP-2",2025-09-16 13:23:53.681416,1070.8481653861,3.83083644595907,5.69895308560576e-64,0.924077181212523,27.1589820286265,806.468960916184,2.94979193397895,0.024036123109392,3808.36882230718,1.68138567796824,2.22540002012145e-120,0.992683893376824,8.43077189147159,624.763961336055,0.998585648349642,3.74071194981428,809.911699415587,TRUE,2.91182441931329,0.0210345523020963,8.00325397580674,2025-09-16 13:22:57,2025-09-16 13:24:50,NA
"1","Sep","SWH","SWAMP","3","1-Sep-SWH-SWAMP-3",2025-09-16 12:58:50.5,1132.84408950574,4.40240785589718,9.35786652910414e-62,0.914900698244734,34.199461335758,813.874499653849,3.52197620307965,0.02402679991562,3861.69893044819,1.6758872351773,8.0372398155808e-130,0.994814636360486,8.44201027385972,705.07008924846,0.998072299965675,5.19384115887355,826.619645312281,TRUE,3.44936527764704,0.0139171347092236,4.57752955151956,2025-09-16 12:57:54,2025-09-16 12:59:47,NA
"1","Sep","SWH","SWAMP","4","1-Sep-SWH-SWAMP-4",2025-09-16 12:49:34.619469,1208.08032988827,6.244144671214,3.86114611864965e-61,0.914623086804221,49.8455780957237,861.211095953201,5.10891838192041,0.0305940272092461,3757.27122483678,2.13892116280511,3.80165726008762e-135,0.996035275028591,10.7414508573267,673.381108917481,0.999273977313587,4.63852336953402,870.019395159579,TRUE,5.03242017150078,0.0223821205874019,8.60303545174967,2025-09-16 12:48:38,2025-09-16 12:50:31,NA
"1","Sep","SWH","SWAMP","5","1-Sep-SWH-SWAMP-5",2025-09-16 13:05:43.920354,1238.26747874245,6.60477662788158,1.18873311967819e-58,0.905346473943521,56.9686572266553,834.149435054545,5.59685948647086,0.0273747966719499,3838.28779374983,1.91750372465295,7.15307306449176e-145,0.997351595833579,9.5292718314099,649.34327156002,0.999501869778471,4.17049178981178,842.023240701473,TRUE,5.53225872540031,0.0224108698237804,7.66137425534088,2025-09-16 13:04:47,2025-09-16 13:06:40,NA
"1","Sep","SWH","TR","10a","1-Sep-SWH-TR-10a",2025-09-16 15:36:03.5,767.547636425465,1.00949981254999,1.38503429739972e-56,0.894763146504991,6.88973393202211,651.043722215864,0.627471056481289,0.0117634797288426,3652.88304893997,0.820511495000125,1.86777875050654e-81,0.962126585649617,4.13319364526232,636.459637121505,0.967823669412906,3.84414224740456,651.410195084192,TRUE,0.633106998565325,0.0122902950921864,4.2899740849044,2025-09-16 15:35:07,2025-09-16 15:37:00,NA
"1","Sep","SWH","TR","1b","1-Sep-SWH-TR-1b",2025-09-16 14:18:15.5,NA,NA,NA,NA,NA,1279.70387681803,23.9044847240966,0.185356532636704,3688.142608383,12.9287565590718,1.25305414033267e-123,0.993311013894087,65.1265153221172,1187.94103635887,0.997112366257076,43.1778901565026,1280.26414750224,TRUE,23.9899169535935,0.157522035618042,71.5103716050743,2025-09-16 14:17:19,2025-09-16 14:19:12,NA
"1","Sep","SWH","TR","2","1-Sep-SWH-TR-2",2025-09-16 14:36:35.5,1295.58299753668,15.7934661950464,1.34411799496e-76,0.953758134512019,69.8239471993965,1389.88498659971,9.24857446158329,0.30052521341916,4046.15207410204,20.9618580413066,1.82106927342894e-56,0.894248077489871,105.591961815484,1251.24128076065,0.969739736384924,56.994867116209,1395.60288125179,TRUE,9.10419724458541,0.216502137125465,70.5076348870971,2025-09-16 14:35:39,2025-09-16 14:37:32,NA
"1","Sep","SWH","TR","3b","1-Sep-SWH-TR-3b",2025-09-16 14:58:43.5,1328.68817206835,6.71661673708525,5.53261830518995e-54,0.882895947969947,80.7352407191838,1135.16306208011,7.02957311674479,0.0983301045465635,3608.53577630776,6.85859821624035,2.72159119429088e-95,0.978555371615278,34.549076686327,1090.03326006923,0.98606350396136,28.1039037690516,1135.42482024815,TRUE,6.99764657717349,0.10988486048709,33.9105228010473,2025-09-16 14:57:47,2025-09-16 14:59:40,NA
"1","Sep","SWH","TR","4","1-Sep-SWH-TR-4",2025-09-16 15:43:50.5,NA,NA,NA,NA,NA,1166.77829917537,13.015116251286,0.112955456711533,3637.189837294,7.87872745065042,3.44732609015491e-118,0.991634574959429,39.687812334399,1103.42292643776,0.995366694510592,29.8037760250979,1166.85615180193,TRUE,13.0167335515807,0.120870748561641,45.8270463957414,2025-09-16 15:42:54,2025-09-16 15:44:47,NA
"1","Sep","SWH","TR","5","1-Sep-SWH-TR-5",2025-09-16 15:15:44.5,NA,NA,NA,NA,NA,764.669034049288,4.10347086061313,0.0193628527708705,3659.67401945842,1.35057343921291,1.09683980488671e-147,0.997512447100091,6.80329476238966,679.406505363985,0.99886311187102,4.64092617349083,765.285370308863,TRUE,4.11743093365667,0.0181139840785458,6.56666565852257,2025-09-16 15:14:48,2025-09-16 15:16:41,NA
"1","Sep","SWH","TR","6","1-Sep-SWH-TR-6",2025-09-16 13:54:14.5,NA,NA,NA,NA,NA,648.229740062609,0.55421179616306,0.011619186809729,3652.96253472305,0.810446956146919,3.03450035817173e-76,0.953081100391337,4.08249516232326,600.998462255941,0.970065148690085,3.29043253836283,648.447476523077,TRUE,0.558991192434099,0.0118254682539705,4.36115526830963,2025-09-16 13:53:18,2025-09-16 13:55:11,NA
"1","Sep","SWH","TR","7","1-Sep-SWH-TR-7",2025-09-16 14:25:55.5,897.845475777785,2.25738599646336,2.42901919963768e-67,0.932352396408573,12.2009549013988,793.500148874279,1.39368298262066,0.0219728737863389,3667.45815163106,1.53262435397182,1.3048718143617e-89,0.972914404769952,7.72034673372811,664.645073313978,0.991554728950594,4.34997818283986,793.557755739174,TRUE,1.38914608875498,0.0229534341112636,9.39732735160961,2025-09-16 14:24:59,2025-09-16 14:26:52,NA
"1","Sep","SWH","TR","8","1-Sep-SWH-TR-8",2025-09-16 15:07:44.5,857.661301113007,0.837596273536548,1.67290787944175e-49,0.859240282833657,10.2294195581907,657.166436616444,0.811223693813512,0.0120836561065341,3714.33338098794,0.84284403642316,2.65024237269975e-92,0.975752162902016,4.24569020241565,642.050908952487,0.979495438894611,3.93957802585374,657.767533443909,TRUE,0.812256796946864,0.0123146571217346,3.90940150217193,2025-09-16 15:06:48,2025-09-16 15:08:41,NA
"1","Sep","SWH","TR","9","1-Sep-SWH-TR-9",2025-09-16 15:23:26.5,1045.56915415602,2.75213854707034,7.45822172760332e-60,0.907986455721727,23.3226522849864,716.5547031492,2.3099015207841,0.0156791006654021,3742.36855208596,1.09362897916026,4.59189151455989e-130,0.994866210342438,5.50897869741508,633.344328610742,0.997611081326478,3.79197450745363,718.377632403389,TRUE,2.29228522411951,0.014531474162107,4.92696967610584,2025-09-16 15:22:30,2025-09-16 15:24:23,NA
"1","Sep","SWH","UP","1","1-Sep-SWH-UP-1",2025-09-16 12:22:47.5,524.150939349392,9.87895309097518,9.0301049275733e-35,0.94666465746008,29.8930351056459,405.396957025919,8.12550600097103,0.0869171733260703,3848.41274441386,3.05469866723833,1.29855804328845e-59,0.994085237303595,9.95476771008022,339.493872089727,0.998379151455876,5.31435246827472,408.997790463526,TRUE,7.97890829906773,0.0726596878674483,6.74027984772071,2025-09-16 12:22:21,2025-09-16 12:23:14,NA
"1","Sep","SWH","UP","2","1-Sep-SWH-UP-2",2025-09-16 12:26:42.5,463.36562552089,6.74019175815866,1.52590566993472e-36,0.954404680637636,17.0269695952445,380.559911691546,4.99581384958277,0.0690605041746384,3804.98989130014,2.42712713711548,7.25732339965472e-54,0.9901608834975,7.90961383914845,322.106049149952,0.996904922609994,4.52407353628153,385.451582232946,TRUE,4.86867298480319,0.0516410493256435,4.77676685430368,2025-09-16 12:26:16,2025-09-16 12:27:09,NA
"1","Sep","SWH","UP","3a","1-Sep-SWH-UP-3a",2025-09-16 12:33:59.5,507.473855660999,13.4824822072999,1.2046747354808e-40,0.968286680591078,25.6157673011616,471.209162416428,8.98287799470184,0.159864711844967,3910.37952096431,5.61843538536686,3.12197892875e-48,0.983797454332752,18.3095700257686,363.698772306151,0.997945235699844,6.64942656303939,479.502954222069,TRUE,8.58717949660055,0.105797756120599,10.7991281227296,2025-09-16 12:33:33,2025-09-16 12:34:26,NA
"1","Sep","SWH","UP","4","1-Sep-SWH-UP-4",2025-09-16 12:38:38.5,386.294213996091,4.07214826426947,3.92896137408946e-37,0.956721094649562,8.34092693076873,357.011682948841,2.49240262195822,0.0555311340556333,3814.19574211245,1.95163826317274,2.93253988446426e-43,0.974836456803726,6.36007268813636,331.146788279406,0.985526163453313,4.91908904704113,359.938101276328,TRUE,2.4096030772951,0.0387118220295522,3.50703642093595,2025-09-16 12:38:12,2025-09-16 12:39:05,NA
"1","Sep","SWH","UP","5","1-Sep-SWH-UP-5",2025-09-16 12:42:56.5,578.419282368097,19.3449293198075,7.64035706973578e-37,0.955600719538767,49.4078921340437,488.354261833813,14.701377964089,0.187368792499037,3975.4372011451,6.58506459456139,1.10245199906197e-55,0.991624150437676,21.4596579026883,401.248463202668,0.998450072595933,9.41414121072674,493.755128367512,FALSE,14.35183536428,0.123553689963219,14.5890356158932,2025-09-16 12:42:30,2025-09-16 12:43:23,NA
"2","Apr","GCW","TR","1","2-Apr-GCW-TR-1",2025-04-16 10:59:43.5,NA,NA,NA,NA,NA,430.759276279148,4.64493421298049,0.109924297445798,3765.30549867055,3.86328261786753,6.21907655338179e-42,0.971701432665742,12.5898117126004,310.665344608278,0.997157240010755,4.06933812494349,430.985057655364,TRUE,4.68888559740181,0.110776270104201,15.5149391596749,2025-04-16 10:59:17,2025-04-16 11:00:10,NA
"2","Apr","GCW","TR","2","2-Apr-GCW-TR-2",2025-04-16 11:08:47.5,NA,NA,NA,NA,NA,286.742532202254,2.24867716370799,0.0289712382323278,3832.82184367569,1.01819237131117,1.92648936378181e-55,0.99144242452466,3.31812386252227,280.567080689256,0.992912145936227,3.07957849234696,286.79897809234,TRUE,2.24598952039082,0.030251523469326,3.39207348900601,2025-04-16 11:08:21,2025-04-16 11:09:14,NA
"2","Apr","GCW","TR","3","2-Apr-GCW-TR-3",2025-04-16 11:12:50.5,NA,NA,NA,NA,NA,313.076359449906,2.25531132278784,0.0369710541619367,3844.43232560597,1.29934540612804,4.63682822403471e-50,0.98621879210075,4.23435602073915,262.636391154077,0.994971315813853,2.60848040476679,314.510674681201,TRUE,2.2990062589574,0.0360752256778182,3.71086988529633,2025-04-16 11:12:24,2025-04-16 11:13:17,NA
"2","Apr","GCW","TR","4","2-Apr-GCW-TR-4",2025-04-16 11:17:11.5,380.609723624762,1.74973060899892,8.87683367332267e-30,0.917056582261812,7.91326276534631,285.22066425502,1.7176710741702,0.0285658566969588,3803.85796308088,1.00394526238634,9.70197966403508e-50,0.985821955601654,3.27169484436478,283.575634116796,0.987229255056581,3.16657230371346,285.241878542453,TRUE,1.72166301899814,0.0300907938695011,3.73043053302552,2025-04-16 11:16:45,2025-04-16 11:17:38,NA
"2","Apr","GCW","TR","5","2-Apr-GCW-TR-5",2025-04-16 11:21:28.5,NA,NA,NA,NA,NA,263.376790088442,3.04875659797376,0.0233349932172518,3859.44517491462,0.820106889732159,3.85695086028603e-67,0.996962948101789,2.67259539288726,267.213849082413,0.996972098369194,2.72141428008002,263.663031970624,TRUE,3.06081939598253,0.0241011709265873,2.70148342290602,2025-04-16 11:21:02,2025-04-16 11:21:55,NA
"2","Apr","GCW","UP","1","2-Apr-GCW-UP-1",2025-04-16 11:26:51.5,NA,NA,NA,NA,NA,292.903992666176,1.66370141100582,0.0306721204276457,3820.88819199436,1.07796977060228,1.89901943477917e-47,0.982632736098873,3.51292871533405,286.023406152599,0.98580209091321,3.23916074378455,292.938048165908,TRUE,1.6667705222054,0.03319818671682,4.0532110836781,2025-04-16 11:26:25,2025-04-16 11:27:18,NA
"2","Apr","GCW","UP","2","2-Apr-GCW-UP-2",2025-04-16 11:34:59.5,NA,NA,NA,NA,NA,312.121489169737,1.77262157801413,0.0366456193667028,3820.98105448371,1.28790802042816,6.53810146712285e-45,0.978259502003776,4.19708343504222,294.237081792802,0.985503460220322,3.49511688556261,312.736293104784,TRUE,1.7982451792591,0.0366346998651018,3.69977493981358,2025-04-16 11:34:33,2025-04-16 11:35:26,NA
"2","Apr","GCW","UP","3","2-Apr-GCW-UP-3",2025-04-16 11:40:01.5,NA,NA,NA,NA,NA,430.983484045549,11.5229523603679,0.110152737087592,3745.58920437717,3.87131111491397,3.87113629334661e-62,0.995270583469129,12.6159752828456,364.659490173841,0.998714039825164,6.70884064341109,432.265217890329,TRUE,11.6315427121282,0.102684342611785,11.9078846542865,2025-04-16 11:39:35,2025-04-16 11:40:28,NA
"2","Apr","GCW","UP","4","2-Apr-GCW-UP-4",2025-04-16 11:44:59.5,390.568757783074,1.76789808096543,1.37320052448086e-29,0.915655415697171,8.67767349409581,291.814792813499,1.86848292315451,0.030364341069359,3810.99782722454,1.06715288413918,2.96664744753908e-50,0.98645342872594,3.47767823605066,287.773463104772,0.988327683118929,3.29207642393606,291.95013903746,TRUE,1.86568481048347,0.030084241474679,3.70472224891623,2025-04-16 11:44:33,2025-04-16 11:45:26,NA
"2","Apr","GCW","UP","5","2-Apr-GCW-UP-5",2025-04-16 11:30:46.5,NA,NA,NA,NA,NA,351.063815379369,2.71844513398162,0.0525555649324916,3817.11272224492,1.84706207084033,2.14836876902167e-46,0.980934869181845,6.01927583185759,273.689458272664,0.995775383379572,2.88957966076402,354.177156113553,TRUE,2.79810725353241,0.0438700135704806,4.54133419385339,2025-04-16 11:30:20,2025-04-16 11:31:13,NA
"2","Jul","GCW","TR","1","2-Jul-GCW-TR-1",2025-07-16 15:08:54.5,NA,NA,NA,NA,NA,870.801327015247,9.50493419286941,0.0308411222625345,4024.55749153469,2.15119130720036,7.18521153568933e-166,0.99882220873203,10.8362774864753,686.983975524282,0.999773243777775,4.7977567787743,871.053900600583,TRUE,9.51151271335568,0.0320308348435276,11.448941203599,2025-07-16 15:07:58,2025-07-16 15:09:51,NA
"2","Jul","GCW","TR","2","2-Jul-GCW-TR-2",2025-07-16 15:02:22.5,1396.58740320342,10.0584647630227,4.66023385335921e-56,0.892460545497682,108.742077120968,847.276259302193,9.9835280056109,0.0278175972854946,4347.88047240913,1.94029818235409,2.85497506257758e-173,0.999131216226851,9.77393755735104,730.068613223371,0.99969997394944,5.79569951805404,848.100607119018,TRUE,9.97612293728463,0.0265484853607473,8.30567853035374,2025-07-16 15:01:26,2025-07-16 15:03:19,NA
"2","Jul","GCW","TR","3","2-Jul-GCW-TR-3",2025-07-16 14:53:39.5,1291.7874216748,6.74405325012663,1.43677268607945e-55,0.890278858740084,68.671191354489,712.205774474769,6.24224551413201,0.0153828677930493,4012.90714000136,1.07296651511346,3.06325734287018e-179,0.99932030252483,5.40489488431305,640.859263416186,0.99964902552424,3.91904147424994,714.199893119308,TRUE,6.22634762781378,0.0140869802031082,4.60768044839198,2025-07-16 14:52:43,2025-07-16 14:54:36,NA
"2","Jul","GCW","TR","4","2-Jul-GCW-TR-4",2025-07-16 14:46:42.038095,1264.09039593552,11.0338127553896,3.25634843256114e-54,0.903957895116571,97.6689593914567,834.440515150028,9.33076559733455,0.0368580738990005,3969.04509756731,2.62989401744654,9.36246883126626e-146,0.998395386269405,12.6244067228409,680.687884883756,0.999642822685493,6.01486085545118,843.565270316292,TRUE,9.23821685839476,0.0280489109251958,8.54651401963546,2025-07-16 14:45:44,2025-07-16 14:47:37,NA
"2","Jul","GCW","TR","5","2-Jul-GCW-TR-5",2025-07-16 14:39:56,1268.3851274808,6.03918576046755,2.18181047193641e-57,0.900256380051492,65.0896256208767,765.973797698963,6.25844709354921,0.0203254181659449,4605.68910378815,1.42394025040714,1.41372493826116e-164,0.998830606625944,7.0477343368733,710.128442781339,0.999311417250633,5.45752231701404,766.36987283961,TRUE,6.24580334934958,0.0209944472977267,6.48227608127838,2025-07-16 14:39:00,2025-07-16 14:40:52,NA
"2","Jul","GCW","UP","1","2-Jul-GCW-UP-1",2025-07-16 15:17:03.5,585.03476443024,18.0667999063915,4.74666189832478e-35,0.947966428256196,52.5289599060318,477.712074530843,14.4470482763592,0.169786209729238,4122.94996608357,5.96712581332628,1.67894747263501e-57,0.99286913959996,19.4458955986614,427.60507087494,0.997381896106033,12.0161984044711,481.028412976902,TRUE,14.2049856940635,0.134132254044195,14.5635980045179,2025-07-16 15:16:37,2025-07-16 15:17:30,NA
"2","Jul","GCW","UP","2","2-Jul-GCW-UP-2",2025-07-16 15:24:48.307692,440.596934956671,21.0453558235941,3.97888753790139e-23,0.931414954250712,65.3095915519523,292.615153456371,16.2019216463156,0.104705905630042,3891.52226178988,4.11251244562981,1.25753814892836e-53,0.998457090584186,9.79563210724279,290.317320017118,0.998687167579178,9.29038555582952,292.661737402563,TRUE,16.1877474795599,0.106018344343658,9.61951483166376,2025-07-16 15:24:18,2025-07-16 15:25:10,NA
"2","Jul","GCW","UP","3","2-Jul-GCW-UP-3",2025-07-16 15:28:41.5,603.51186939418,16.6045342427538,1.81597105913866e-33,0.940146296844132,62.3303795392068,474.865937265019,15.9965740791671,0.165370255546251,3814.56998781276,5.81192737737683,2.22280009902111e-60,0.994473408680441,18.9401290576228,416.929385196005,0.998244773267098,10.8852282653898,474.875275313412,TRUE,15.999661295997,0.167310558857373,26.2296156471068,2025-07-16 15:28:15,2025-07-16 15:29:08,NA
"2","Jul","GCW","UP","4","2-Jul-GCW-UP-4",2025-07-16 15:32:21.5,592.110040541711,11.8424770502482,4.42224102267467e-30,0.91924638288328,56.0854516835005,347.258378513476,12.421013931977,0.0507359870746588,4431.92622618608,1.78311311984987,2.68285861942351e-81,0.999133148227199,5.81087656837512,345.108710740409,0.999226453905773,5.59794978085667,347.316380117444,TRUE,12.4309733332387,0.0543692933688863,5.98443840662825,2025-07-16 15:31:55,2025-07-16 15:32:48,NA
"2","Jul","GCW","UP","5","2-Jul-GCW-UP-5",2025-07-16 15:20:52.5,658.777583293545,22.0677052324933,8.77745173842812e-31,0.924108393248938,103.976874426771,496.626561646933,23.7189954809353,0.202284312563446,3988.78640310602,7.10926962238702,1.04985273966739e-64,0.996232131721615,23.1679571010436,486.907035544284,0.997077486306372,20.8082152367001,496.743380458741,TRUE,23.7337899236426,0.213998297211027,25.9423964296657,2025-07-16 15:20:26,2025-07-16 15:21:19,NA
"2","Jul","GWI","TR","1","2-Jul-GWI-TR-1",2025-07-23 11:53:36.679245,NA,NA,NA,NA,NA,1057.87778943634,8.57710964752441,0.105891125257045,3297.69373521082,7.07776226217784,8.79479866707956e-96,0.9843958429366,34.8925468920788,1007.25146178881,0.990679701617044,27.2297720781225,1058.56407612213,TRUE,8.4969287231284,0.103618124929521,30.1830950265611,2025-07-23 11:52:43,2025-07-23 11:54:36,NA
"2","Jul","GWI","TR","2","2-Jul-GWI-TR-2",2025-07-23 12:01:49.902655,1418.67139880833,10.8003607904846,5.27194671357642e-53,0.880387853708895,126.56407191617,1027.42002034462,11.0464710894438,0.0643301663726987,3466.60610252245,4.5058474902336,1.73849986969013e-136,0.996249636327352,22.4109098605897,956.350812542723,0.998069993169423,16.2237206815988,1027.44448117115,TRUE,11.0370677264288,0.0687457368047946,25.2236187255691,2025-07-23 12:00:53,2025-07-23 12:02:46,NA
"2","Jul","GWI","TR","3","2-Jul-GWI-TR-3",2025-07-23 12:08:25.5,NA,NA,NA,NA,NA,897.277700282849,10.9482978194245,0.0346387633162514,3600.66849516731,2.4160796064354,4.26310541732035e-167,0.998880142009505,12.1706093535779,894.691237544693,0.998943009315038,11.931061794101,898.683130837782,TRUE,10.9843339125293,0.0322091563764602,10.7708881009952,2025-07-23 12:07:29,2025-07-23 12:09:22,NA
"2","Jul","GWI","TR","4","2-Jul-GWI-TR-4",2025-07-23 12:29:03.5,1285.99485305996,6.81212606456064,2.17756771849447e-59,0.906210570845828,66.9485068059456,1090.85373209513,6.52851620420315,0.0809629032673707,3514.43107241269,5.6472229587458,4.8941391410445e-101,0.983066601148579,28.4469701993195,986.501329995105,0.993454169595078,17.8467439219529,1090.85793691214,TRUE,6.53083873597876,0.0829062532166709,36.5036978370003,2025-07-23 12:28:07,2025-07-23 12:30:00,NA
"2","Jul","GWI","TR","5","2-Jul-GWI-TR-5",2025-07-23 12:37:35.5,1078.63294425982,3.54769257223276,1.19248359023615e-64,0.92444313001899,26.9623571236549,1069.1427324938,2.84992270722058,0.0736090060420151,3321.4459184774,5.13428313604527,1.12317293581249e-66,0.930478354796597,25.8631189936913,993.27720046365,0.96549641252242,18.3850862924485,1072.37073229668,TRUE,2.74142352471834,0.0647272768010439,24.0347015225047,2025-07-23 12:36:39,2025-07-23 12:38:32,NA
"2","Jul","GWI","UP","1","2-Jul-GWI-UP-1",2025-07-23 12:52:31.5,NA,NA,NA,NA,NA,311.832111375079,5.35100794574617,0.0365475616415525,3395.54351212724,1.28446178775782,1.04971775455022e-69,0.997580103757532,4.18585272149395,302.76334460042,0.998100272481247,3.7822296741816,311.910077076417,TRUE,5.34980338146608,0.0415684203234732,4.13140583880854,2025-07-23 12:52:05,2025-07-23 12:52:58,NA
"2","Jul","GWI","UP","2","2-Jul-GWI-UP-2",2025-07-23 12:56:06.5,NA,NA,NA,NA,NA,388.761782474603,7.21079541215383,0.0745094706747461,3370.07247324381,2.61863072689815,2.16993930380411e-60,0.994478521819132,8.53369299051578,298.160359185981,0.999042311392506,3.6244170490071,392.767794272537,TRUE,7.34172582840371,0.0520843491707608,5.55332365483543,2025-07-23 12:55:40,2025-07-23 12:56:33,NA
"2","Jul","GWI","UP","3","2-Jul-GWI-UP-3",2025-07-23 12:59:57.5,NA,NA,NA,NA,NA,353.002527775159,1.87522496239855,0.05350751066321,3409.65695191751,1.88051814452096,7.53658811612287e-38,0.959382079265739,6.12830375187925,320.650077988655,0.979281731401502,4.4634927991849,353.491324887322,TRUE,1.90078728680605,0.0533767058960665,5.41348502334553,2025-07-23 12:59:31,2025-07-23 13:00:24,NA
"2","Jul","GWI","UP","4","2-Jul-GWI-UP-4",2025-07-23 13:05:59.5,NA,NA,NA,NA,NA,467.491585632622,2.3395487402183,0.154455479977493,3442.74613083546,5.42832826678436,1.03921691875498e-20,0.815231912467053,17.6900417476382,460.249746636506,0.849957399943305,16.2569599693735,467.614741007364,TRUE,2.28975755284175,0.160998764793424,17.7173861349668,2025-07-23 13:05:33,2025-07-23 13:06:26,NA
"2","Jul","GWI","UP","5","2-Jul-GWI-UP-5",2025-07-23 13:10:11.5,NA,NA,NA,NA,NA,409.746503516083,1.68947916409079,0.0904890829518632,3374.44991250544,3.18023320956027,1.03937487588544e-24,0.870191046741804,10.3638644310789,352.478105637434,0.958259836509849,5.99326032122343,409.886124452663,TRUE,1.71960203464951,0.0920004457915813,11.9805992796216,2025-07-23 13:09:45,2025-07-23 13:10:38,"V-shaped, flux compromised"
"2","Jul","SWH","SWAMP","1","2-Jul-SWH-SWAMP-1",2025-07-22 10:16:50.5,NA,NA,NA,NA,NA,593.686820978136,-1.01801818894684,0.496895777394849,3501.83378608944,17.4633712864788,0.0455483652305655,0.0746903048353136,56.9102957539668,567.82809599916,0.467709636980823,44.018805939371,594.202786304392,TRUE,-0.838536889040529,0.389150513346135,51.1618469269094,2025-07-22 10:16:24,2025-07-22 10:17:17,"negative CO2 flux, messy - remove"
"2","Jul","SWH","SWAMP","2","2-Jul-SWH-SWAMP-2",2025-07-22 10:24:02.5,460.729650932387,5.02679038325343,7.60454439452538e-34,0.942114741816333,16.6164199758435,341.801451353188,4.33446691702272,0.0482361316584996,4258.29590165414,1.6952558562527,1.00347957783949e-58,0.993601339461176,5.52456399026938,298.81871516971,0.997319407083407,3.64657857053701,342.081949513222,TRUE,4.33936194679515,0.0484558218961263,5.631443865838,2025-07-22 10:23:36,2025-07-22 10:24:29,NA
"2","Jul","SWH","SWAMP","3","2-Jul-SWH-SWAMP-3",2025-07-22 10:31:14.5,484.055372142899,4.22423681828907,1.78807053278587e-30,0.922006084802769,20.6222432305781,311.150833941478,4.64185493134578,0.0363177407083526,4473.47109775101,1.27638474531058,1.20485150402275e-66,0.996826944763508,4.15953094965795,298.196143603842,0.997681966553742,3.62561815218658,311.258444484234,TRUE,4.64002060268722,0.0354995550044965,3.57500829049629,2025-07-22 10:30:48,2025-07-22 10:31:41,NA
"2","Jul","SWH","SWAMP","4","2-Jul-SWH-SWAMP-4",2025-07-22 10:36:14.5,543.924742174799,7.60553029643625,1.06560200432541e-29,0.916472738672393,35.8992455715515,324.00480588886,7.81516538652772,0.0409079575563381,4300.93797625685,1.43770763181626,1.05530779617107e-75,0.998577264184271,4.68525608212596,317.489616720442,0.99882900253067,4.33476790110483,324.082185335388,TRUE,7.82609248905109,0.0410303036733688,4.29970132967191,2025-07-22 10:35:48,2025-07-22 10:36:41,NA
"2","Jul","SWH","SWAMP","5","2-Jul-SWH-SWAMP-5",2025-07-22 10:44:47.5,NA,NA,NA,NA,NA,318.239665929913,11.4816430141325,0.0387815136146256,4297.27736631589,1.3629738913351,1.37924629490051e-85,0.999407092148057,4.44171093818941,321.91193393208,0.999410679674107,4.51594943648287,318.364879830111,TRUE,11.4917943279712,0.0385771245445739,4.92908255279857,2025-07-22 10:44:21,2025-07-22 10:45:14,NA
"2","Jul","SWH","TR","1","2-Jul-SWH-TR-1",2025-07-21 16:46:15.5,NA,NA,NA,NA,NA,1516.72121833948,31.0853676069194,0.524177788267083,4137.39421283327,36.5617921406662,1.95948163818576e-86,0.969136292598609,184.174100979756,1428.36157705714,0.986272396168345,123.940872597948,1534.87708007326,TRUE,29.1019533601052,0.26656028494677,85.4214331635704,2025-07-21 16:45:19,2025-07-21 16:47:12,NA
"2","Jul","SWH","TR","10","2-Jul-SWH-TR-10",2025-07-21 16:03:53.5,NA,NA,NA,NA,NA,965.770973934809,-0.383832866182739,0.0467765718923121,3655.11945137037,3.26270081804425,4.30724402010154e-13,0.375463292157055,16.4353264636843,920.082926465768,0.59610697960502,13.3366020725443,966.161854893551,TRUE,-0.392477638420455,0.0498259137518652,16.6268798187429,2025-07-21 16:02:57,2025-07-21 16:04:50,"low r2, but also low flux - checked"
"2","Jul","SWH","TR","2","2-Jul-SWH-TR-2",2025-07-21 16:59:41.5,NA,NA,NA,NA,NA,711.346430487197,3.67327298288868,0.0974541824827985,3542.86193024171,4.88584772554387,8.02623789456249e-52,0.947955242242093,20.1284766530764,605.349288876836,0.986840554307844,10.2537261819456,712.767182140763,TRUE,3.73620554485792,0.0931776463760725,17.9718107971464,2025-07-21 16:59:02,2025-07-21 17:00:21,NA
"2","Jul","SWH","TR","3","2-Jul-SWH-TR-3",2025-07-21 16:21:07.5,424.833484037921,1.84166686861405,2.52522381787667e-24,0.865695304675864,11.9176375031903,351.85621656654,2.01157717630441,0.0529425856953924,3472.16139012745,1.86066389155522,1.31741659999177e-39,0.965232599333797,6.06360196035697,353.702983379326,0.966591662431617,6.06161956092643,351.925740478546,TRUE,1.99788538226744,0.0503752064611945,5.31614551500283,2025-07-21 16:20:41,2025-07-21 16:21:34,NA
"2","Jul","SWH","TR","4","2-Jul-SWH-TR-4",2025-07-21 16:10:26.5,1554.52789768641,50.3612985222487,1.54176879426293e-78,0.957302824833925,217.391587999825,1526.2992047991,31.1559458652247,0.546666884105058,4234.12628706054,38.130423368208,1.45781016088759e-84,0.9666681748886,192.07582650212,1330.99022492759,0.994198083669451,80.8614571007824,1534.04662636602,TRUE,29.8408045010005,0.434082549293713,161.078877044755,2025-07-21 16:09:30,2025-07-21 16:11:23,NA
"2","Jul","SWH","TR","5","2-Jul-SWH-TR-5",2025-07-21 15:48:35.5,NA,NA,NA,NA,NA,1080.43213271499,13.019281068104,0.0773454921100851,3175.89047266985,5.39490582936638,1.6160039868571e-136,0.996062680122602,27.1759635624878,955.933100290181,0.998724528693161,15.6074738946089,1093.0428343115,TRUE,13.2759988368482,0.0355494093272288,10.7222011292458,2025-07-21 15:47:39,2025-07-21 15:49:32,NA
"2","Jul","SWH","TR","6","2-Jul-SWH-TR-6",2025-07-21 16:37:08.5,NA,NA,NA,NA,NA,1093.1761898686,-0.343296417224205,0.0817918236895025,3792.33674107545,5.70504077715304,5.43764635734451e-05,0.135912245157716,28.7382180868627,1002.58234956527,0.623128680056062,19.1509412496929,1093.26826435892,TRUE,-0.349046994427495,0.0948627476960772,29.727666819091,2025-07-21 16:36:12,2025-07-21 16:38:05,"low r2, but also low flux - checked"
"2","Jul","SWH","TR","7a","2-Jul-SWH-TR-7a",2025-07-21 16:54:21.5,882.844818548162,1.33893719251045,6.62005560190344e-64,0.922096438764807,11.4240623456811,862.052108725334,1.19213793963375,0.0296800520926058,3484.12351384203,2.07020579586459,2.40998215019194e-68,0.935084951050028,10.4283261014539,783.221307448084,0.968609870393423,7.31730456980213,865.764543413134,TRUE,1.14128252321522,0.0260763157360356,7.66742915666435,2025-07-21 16:53:25,2025-07-21 16:55:18,NA
"2","Jul","SWH","TR","8","2-Jul-SWH-TR-8",2025-07-21 16:29:26.5,NA,NA,NA,NA,NA,769.913610177813,0.365709726629457,0.0198134094166456,3491.79978529208,1.38200010169108,9.29822543311534e-36,0.752588018495664,6.96160148013598,758.815173459205,0.783278642604978,6.57449378793533,770.073417203712,TRUE,0.369667997216544,0.0194353668884351,7.16998794556891,2025-07-21 16:28:30,2025-07-21 16:30:23,"low r2, but also low flux - checked"
"2","Jul","SWH","TR","9","2-Jul-SWH-TR-9",2025-07-21 15:55:55,NA,NA,NA,NA,NA,889.763186634712,1.47945715414653,0.0319806323052579,3297.45231641874,2.24912763704458,2.83420250454204e-75,0.949846507457979,11.3848355977716,872.732413038496,0.958228601381331,10.4831889506711,891.220069178461,TRUE,1.51384169875288,0.0226382776057972,6.171532433745,2025-07-21 15:54:58,2025-07-21 15:56:52,NA
"2","Jul","SWH","UP","1","2-Jul-SWH-UP-1",2025-07-22 09:47:43.5,598.483695945523,14.1027751964432,7.20433357221263e-31,0.924681840640368,59.4949704323825,401.758298244104,13.635719835898,0.0840376026635255,5655.42620939632,2.9534963348512,5.07504723295771e-72,0.998028768754001,9.62496571637229,384.690116122118,0.998665566543384,8.07598557603012,402.076996312435,TRUE,13.5916855707037,0.0851704523711011,7.54689675449841,2025-07-22 09:47:17,2025-07-22 09:48:10,NA
"2","Jul","SWH","UP","2","2-Jul-SWH-UP-2",2025-07-22 09:52:20,547.080130268512,6.86161534740913,8.44308686190506e-31,0.920419195815859,33.7335326850544,306.814609757936,7.3908589265717,0.0322537564578697,4716.39481904627,1.15214102088295,4.3012065682502e-81,0.998991656484259,3.79718640656736,300.550348975477,0.999163320353833,3.52606335553159,307.149980152453,TRUE,7.37765307957977,0.0328659012929214,3.87192858620562,2025-07-22 09:51:53,2025-07-22 09:52:47,NA
"2","Jul","SWH","UP","3","2-Jul-SWH-UP-3",2025-07-22 09:59:30.5,568.171867167541,17.7205586374485,8.38608968789694e-36,0.951319276160857,44.9354356937835,481.113346045262,12.7605067110503,0.175218420104012,5469.80641551937,6.15804051012308,5.13833917862953e-54,0.990290660068791,20.0680556432627,431.727130075955,0.996387302682591,12.4836878663438,488.701811755666,TRUE,12.3440820958753,0.0847274069796761,10.1161551005539,2025-07-22 09:59:04,2025-07-22 09:59:57,NA
"2","Jul","SWH","UP","4","2-Jul-SWH-UP-4",2025-07-22 10:03:25.5,561.854852070414,8.6261818471386,1.15010772844178e-28,0.908484563026413,42.3825116735809,336.838320720132,8.81469774266021,0.0460696069087706,4478.25837131592,1.61911347825901,9.74933531823146e-76,0.998581592355393,5.27642832505645,336.038237492809,0.998702233856537,5.14700275915628,336.867044351529,TRUE,8.81834716813703,0.0493611619015156,5.99686942150057,2025-07-22 10:02:59,2025-07-22 10:03:52,NA
"2","Jul","SWH","UP","5","2-Jul-SWH-UP-5",2025-07-22 10:07:08.5,656.233081988553,20.4111065412869,4.34075075606127e-29,0.911844779244205,101.555791342239,367.069625514473,21.5311061771209,0.0609511628970698,5262.91206568516,2.1421248407357,1.42211336761674e-89,0.99958346287708,6.98083756156389,354.264163879854,0.999694862243345,6.09319841039809,367.151655774158,TRUE,21.5204576722605,0.0586370602317144,5.93826901936563,2025-07-22 10:06:42,2025-07-22 10:07:35,NA
"2","Jun","GCW","TR","1","2-Jun-GCW-TR-1",2025-06-17 14:43:09.5,1272.2977919866,6.74321269694442,1.21121066480305e-58,0.903294842251683,63.0450114976183,866.332475629346,6.09800276824038,0.0302425148986737,4455.69593810265,2.10943799658469,2.84738127059244e-145,0.997252840490109,10.6259519527601,765.073284978648,0.998908840122157,6.75744893406805,869.066593777174,TRUE,6.05371057929434,0.0300914628181935,8.67544112519722,2025-06-17 14:42:13,2025-06-17 14:44:06,NA
"2","Jun","GCW","TR","2","2-Jun-GCW-TR-2",2025-06-17 14:49:50.5,1319.22748591427,10.9540233177237,2.2994533510488e-64,0.923552611762079,77.4537458471209,1120.68876199964,8.38091372531588,0.0922817557751638,4547.03179667535,6.43672137306993,9.8121557354879e-107,0.986602943546933,32.4239404781193,940.566272342385,0.997335742367901,14.5902212532969,1120.70228110138,TRUE,8.37189796563723,0.0946763351425402,41.5361617310801,2025-06-17 14:48:54,2025-06-17 14:50:47,NA
"2","Jun","GCW","TR","3","2-Jun-GCW-TR-3",2025-06-17 14:55:47.5,1205.17071355373,4.61899592819248,2.0121279959288e-56,0.89405969840907,46.9663754080029,728.937521739494,4.34272570395024,0.0165541903910245,4980.77190419624,1.15466714096107,4.80474895591833e-158,0.998375188832848,5.81644854276267,660.150305572674,0.999141949864434,4.26506293097878,729.25953859838,TRUE,4.33376883180589,0.0178700604160315,5.96482453677587,2025-06-17 14:54:51,2025-06-17 14:56:44,NA
"2","Jun","GCW","TR","4","2-Jun-GCW-TR-4",2025-06-17 15:01:31.5,1276.47169356548,6.66605450428032,2.30192579806514e-57,0.898078780757491,64.2097793467656,801.279596545558,6.05320129653723,0.0227355338265843,5259.48844325153,1.58582046126517,9.18662526383093e-159,0.99842248878265,7.98831350074767,672.933746525814,0.999505930993707,4.51102616883403,803.15716737031,TRUE,6.02831196512924,0.0229614495070226,7.31738802472061,2025-06-17 15:00:35,2025-06-17 15:02:28,NA
"2","Jun","GCW","TR","5","2-Jun-GCW-TR-5",2025-06-17 15:07:27.5,1364.18938354339,10.2889613279179,3.83332881358737e-59,0.905259495672694,94.337826237326,942.783805544194,9.22074674063427,0.0422904614503324,4941.64610054341,2.94979126489059,4.58343258006385e-149,0.997649562542708,14.8590953145565,682.698901007693,0.999768212155128,4.70842889502016,943.800280652508,TRUE,9.18617075883646,0.0434074034130174,16.2048848667445,2025-06-17 15:06:31,2025-06-17 15:08:24,NA
"2","Jun","GCW","UP","1","2-Jun-GCW-UP-1",2025-06-17 15:13:39.5,592.571752290378,15.0683795294029,2.94366730933353e-33,0.939025267280588,56.3257363462158,438.505860797596,14.3365012520978,0.118098563329227,5564.96376000022,4.15056668549465,1.74010238462009e-65,0.996483776670149,13.5260239127453,355.979768190235,0.999291742501043,6.190763105658,439.050519333038,TRUE,14.2642477628891,0.126941204673684,13.1844813751347,2025-06-17 15:13:13,2025-06-17 15:14:06,NA
"2","Jun","GCW","UP","2","2-Jun-GCW-UP-2",2025-06-17 15:22:01.5,640.817279314262,18.3517248969082,6.05387406794745e-30,0.918266660995362,88.0468802036498,426.211023316981,19.3756670075137,0.105391129316092,5202.83395627194,3.70396470502849,7.7511236169045e-75,0.998463861102178,12.0706204642534,390.940669100738,0.99925766653489,8.5571775042007,426.496362958569,TRUE,19.4242559091129,0.114782373674977,13.021661381729,2025-06-17 15:21:35,2025-06-17 15:22:28,NA
"2","Jun","GCW","UP","3","2-Jun-GCW-UP-3",2025-06-17 15:29:24.5,603.101746256133,16.0262649683825,8.71404817965852e-33,0.936429472075364,62.0941327331848,424.380434806773,15.4879506406544,0.103619815088134,4916.65995541348,3.6417119763174,3.59345908688546e-70,0.997677844034083,11.8677489141774,341.200416689064,0.99953788834063,5.39899331078344,425.198325122807,TRUE,15.407229459173,0.0980355316073424,12.292948445232,2025-06-17 15:28:58,2025-06-17 15:29:51,NA
"2","Jun","GCW","UP","4","2-Jun-GCW-UP-4",2025-06-17 15:25:48.5,NA,NA,NA,NA,NA,461.107144974677,15.0939825362457,0.145589454906972,6076.9263292633,5.1167323654195,6.15753062951036e-62,0.995185407923175,16.6746012229253,421.523363871512,0.997851984774275,11.358240374589,465.240446559449,TRUE,15.3539953694853,0.0748351915014767,8.29178816285542,2025-06-17 15:25:22,2025-06-17 15:26:15,NA
"2","Jun","GCW","UP","5","2-Jun-GCW-UP-5",2025-06-17 15:18:22.5,653.934683333928,19.2712144065826,5.25062254232074e-29,0.911198348364034,99.4173699955164,492.708047971601,20.9580947416922,0.195076475108627,5086.37853139442,6.85595062195997,9.73827830428354e-63,0.995515052379189,22.342431548279,493.245903827037,0.995793575345186,22.066069166755,493.658299057316,TRUE,20.8001073104003,0.151402836061095,12.4946531600721,2025-06-17 15:17:56,2025-06-17 15:18:49,NA
"2","Mar","GWI","TR","1","2-Mar-GWI-TR-1",2025-03-19 11:54:07.5,NA,NA,NA,NA,NA,356.988845700639,1.96551205384571,0.0555193929054587,4107.93658745363,1.95122562117786,4.54767312417542e-38,0.960163028328416,6.35872795477511,349.711061066036,0.967671553023906,5.84165866802457,357.242596793706,TRUE,1.95951164504975,0.0521185439130318,5.6285214113235,2025-03-19 11:53:41,2025-03-19 11:54:34,NA
"2","Mar","GWI","TR","2","2-Mar-GWI-TR-2",2025-03-19 11:57:51.5,517.30616593706,13.466032287474,1.39361323043827e-15,0.709775569993325,28.0572757133814,539.664204538223,2.45585830230082,0.301319417319014,4167.93004081038,10.5898522383417,7.37168254625173e-11,0.560915326712344,34.5106115530773,506.601458322187,0.778959681843388,24.970712509216,541.119106827862,TRUE,2.65676709573835,0.244428375609111,28.8990059944296,2025-03-19 11:57:25,2025-03-19 11:58:18,"significant ebullition, flux compromised"
"2","Mar","GWI","TR","3","2-Mar-GWI-TR-3",2025-03-19 12:01:40.5,477.803649097788,3.97035900838141,1.60765179153723e-26,0.889377996703752,19.4623910120107,475.830005117306,3.48226593076699,0.16685305037146,4180.55957251629,5.86404010956799,6.20249242042423e-27,0.89334812224013,19.1099560029985,470.697294940749,0.909942731108248,17.9081816038087,476.509774066705,TRUE,3.57107461274682,0.153783472356229,15.0930121712894,2025-03-19 12:01:14,2025-03-19 12:02:07,NA
"2","Mar","GWI","TR","4","2-Mar-GWI-TR-4",2025-03-19 12:06:16.5,498.719865578711,8.82496107204713,5.30095726327363e-09,0.483810022130244,23.6213888400992,497.316220273766,1.45941520676953,0.203580178286972,4271.22168534371,7.15481274289009,2.66310027074085e-09,0.497054688108437,23.3163747470336,498.599815821904,0.52172893460867,23.1875235519515,499.657595417518,TRUE,1.68068502226799,0.13517934015209,13.8220183958499,2025-03-19 12:05:50,2025-03-19 12:06:43,"significant ebullition, flux compromised"
"2","Mar","GWI","TR","5","2-Mar-GWI-TR-5",2025-03-19 12:10:45,NA,NA,NA,NA,NA,249.728614904954,1.25482528621455,0.0804233164343609,4193.16377426846,2.1318500505307,7.42118465332911e-18,0.868067272690197,5.65256353718635,252.515562867831,0.872107732074604,5.72213588428449,249.730074639381,TRUE,1.25734112251112,0.083683954594949,6.11066838713908,2025-03-19 12:10:26,2025-03-19 12:11:04,NA
"2","Mar","GWI","UP","1","2-Mar-GWI-UP-1",2025-03-19 12:16:18.5,388.413033916104,4.29278450656826,1.51809595253469e-40,0.968003533338964,8.50618083186437,389.361588552331,2.94490286788493,0.0749244296156211,4113.95072586731,2.63321443314564,2.39755666054355e-40,0.967436523535498,8.58121892477661,323.6812119665,0.991039608123245,4.59053995183819,390.096347469128,TRUE,2.88806562750023,0.0753347385956462,8.57835368743028,2025-03-19 12:15:52,2025-03-19 12:16:45,NA
"2","Mar","GWI","UP","2","2-Mar-GWI-UP-2",2025-03-19 12:20:03.5,502.231802422934,7.65597022510772,2.42037091699016e-30,0.921093937388193,24.4021328926062,472.331892385332,5.34403533149425,0.161535277355231,4157.43429710112,5.67714730664157,1.33108298553761e-36,0.954643385229575,18.5009026584668,461.087771271368,0.96579891094738,16.3835963259759,472.680020781451,TRUE,5.25437983675815,0.104871770736947,9.6248287566604,2025-03-19 12:19:37,2025-03-19 12:20:30,NA
"2","Mar","GWI","UP","3a","2-Mar-GWI-UP-3a",2025-03-19 12:27:01,385.278340929631,4.52120141596785,6.70621940961588e-08,0.549669352841137,32.134369747116,372.016355315902,3.4161044776127,0.385713815273123,4453.86305235395,10.2244479963907,1.12697989806305e-10,0.679484328806935,27.1099470236515,366.460935374652,0.749133630854009,24.6599445979682,372.30201173456,TRUE,3.55828558164292,0.366270822479873,29.3720302835113,2025-03-19 12:26:42,2025-03-19 12:27:20,NA
"2","Mar","GWI","UP","4","2-Mar-GWI-UP-4",2025-03-19 12:31:25.5,478.922964024093,3.58866725951763,3.95897326690051e-25,0.874909238016471,19.6651486376657,427.538027615436,3.41515482767071,0.106694066472231,4176.02531203508,3.74975635059228,6.84251136374546e-36,0.951698304032837,12.2198480131238,429.366280963354,0.953602334631155,12.2137590518337,430.13063160595,TRUE,3.53327139760949,0.0874149245091367,9.60591528834929,2025-03-19 12:30:59,2025-03-19 12:31:52,NA
"2","Mar","GWI","UP","5","2-Mar-GWI-UP-5",2025-03-19 12:35:28.5,464.549795416781,3.58365322921198,3.21103384011294e-28,0.904805450451088,17.2146896686899,348.327640176826,3.49344148095935,0.0512407971452189,4126.9663633298,1.80085463847892,1.53280121638242e-52,0.988936398749496,5.86869330122356,350.351605223045,0.989333933855829,5.87640828522732,348.37115585141,TRUE,3.4925786208014,0.047568098582278,4.96467714743558,2025-03-19 12:35:02,2025-03-19 12:35:55,NA
"2","Mar","MSM","TR","1","2-Mar-MSM-TR-1",2025-03-13 13:57:45.5,318.32118935734,0.345212367711942,4.70970246753055e-15,0.695968439268842,4.44506501411535,305.267526888093,0.442853345784673,0.0343922511357261,3916.68807896513,1.20871353367076,8.41201380621025e-18,0.761254764285116,3.93900144219491,301.688754008831,0.792517006323064,3.74478342082497,305.861179935633,TRUE,0.423194935182187,0.0316443897519988,3.24757274982613,2025-03-13 13:57:19,2025-03-13 13:58:12,"low r2, but also low flux - checked"
"2","Mar","MSM","TR","2b","2-Mar-MSM-TR-2b",2025-03-13 13:50:33.5,NA,NA,NA,NA,NA,321.135141898477,0.673123865202544,0.0398353075153401,3921.69996910797,1.40000941263514,9.05005779033894e-23,0.84594018535772,4.56240369768077,321.41555069215,0.8561947986817,4.49524112124895,321.175595470131,TRUE,0.666233665619924,0.0436841308173956,4.58462304089287,2025-03-13 13:50:07,2025-03-13 13:51:00,"low r2, but also low flux - checked"
"2","Mar","MSM","TR","3","2-Mar-MSM-TR-3",2025-03-13 13:54:12.5,356.339789158047,1.71079004989258,2.09776063159033e-24,0.86664719874067,6.32062798182528,334.448822026544,1.04019854893248,0.0450615105954212,3924.92352415662,1.58368399583344,5.41799566821669e-29,0.911091302088044,5.16096938587611,334.152118193719,0.917891512797452,5.05789550739865,335.211198475805,TRUE,1.00852885722923,0.044307762706646,4.67760109284416,2025-03-13 13:53:46,2025-03-13 13:54:39,NA
"2","Mar","MSM","TR","4","2-Mar-MSM-TR-4",2025-03-13 14:01:35.5,341.201567337874,0.481775810052631,3.87147472869471e-13,0.640325958000157,5.49396296619759,311.672998207729,0.513242103686934,0.0364937568571471,3926.78088603574,1.28257082194607,2.34162696126949e-19,0.791826299836557,4.17969037048839,306.895014733646,0.823058781486778,3.92972677893067,311.695362791656,TRUE,0.516705031321554,0.0382982689111984,3.93388195086509,2025-03-13 14:01:09,2025-03-13 14:02:02,"low r2, but also low flux - checked"
"2","Mar","MSM","TR","5","2-Mar-MSM-TR-5",2025-03-13 14:05:32.5,330.560268465492,0.704613500015841,2.45581348300017e-11,0.578852048391842,4.97845350559503,318.750276632982,0.392866696289411,0.0389653019582073,3917.72419636707,1.36943312127447,7.82187198716691e-14,0.661582395717694,4.46276052135191,321.730037465525,0.667916205356901,4.50834995599857,319.055159397887,TRUE,0.381461484428193,0.0411516741222122,3.88524950495267,2025-03-13 14:05:06,2025-03-13 14:05:59,"low r2, but also low flux - checked"
"2","Mar","MSM","UP","1","2-Mar-MSM-UP-1",2025-03-13 14:10:15.5,375.030903826139,2.01867599490615,8.38349645827255e-26,0.882141205051708,7.51487540824563,330.2364162108,1.34231578768111,0.0433377769260449,3982.49432346129,1.52310348290346,3.47976282998877e-35,0.948583470493556,4.96354731592093,333.809350306896,0.948988500962046,5.04186832314081,330.27413678328,TRUE,1.33437834995832,0.04342971888756,4.20126456005268,2025-03-13 14:09:49,2025-03-13 14:10:42,NA
"2","Mar","MSM","UP","2","2-Mar-MSM-UP-2",2025-03-13 14:14:07.5,NA,NA,NA,NA,NA,348.067540035948,1.07315194442568,0.0511175406396184,3978.04735648193,1.79652279623211,4.71136126309801e-27,0.894467684574286,5.85457652964602,338.397848054098,0.918069217965874,5.26069318706083,348.162217942063,TRUE,1.07826558916329,0.0520122753350354,6.40120289874756,2025-03-13 14:13:41,2025-03-13 14:14:34,NA
"2","Mar","MSM","UP","3","2-Mar-MSM-UP-3",2025-03-13 14:17:18.5,NA,NA,NA,NA,NA,318.131012267592,0.385781394432979,0.0387425169982668,3984.14440439319,1.36160335767116,1.20369155690238e-13,0.655978255080574,4.43724459117793,321.381851836988,0.660718031872791,4.49383870598657,318.141463506568,TRUE,0.38892302785097,0.042795912956756,4.08346080317982,2025-03-13 14:16:52,2025-03-13 14:17:45,"low r2, but also low flux - checked"
"2","Mar","MSM","UP","4","2-Mar-MSM-UP-4",2025-03-13 14:23:52.5,364.497921593654,0.683562738059692,8.00991166565289e-18,0.761701549389463,6.81657284889697,327.827090362282,0.824359315225713,0.042381677241426,3960.94720544298,1.48950141877057,1.60628849778424e-25,0.879163980588524,4.8540436366842,329.359229681486,0.884562034403392,4.83834099248451,328.000947453584,TRUE,0.815277435860203,0.0460359412009576,4.78827048329056,2025-03-13 14:23:26,2025-03-13 14:24:19,"low r2, but also low flux - checked"
"2","Mar","MSM","UP","5","2-Mar-MSM-UP-5",2025-03-13 14:20:30.5,NA,NA,NA,NA,NA,302.48133676356,0.965904420196673,0.0335163448097889,3975.38297142826,1.17792986015634,1.20687910975312e-33,0.941078449793262,3.83868244104903,304.595124146841,0.943101041419277,3.84692688685366,302.533601205067,TRUE,0.964504969619417,0.0351830935942121,3.90767515562925,2025-03-13 14:20:04,2025-03-13 14:20:57,NA
"2","Mar","SWH","TR","1","2-Mar-SWH-TR-1",2025-03-20 10:35:06,NA,NA,NA,NA,NA,615.794974181088,7.07772201691739,0.235812411884209,4047.21995903311,16.2795981059471,2.30283135765822e-35,0.943446761997423,57.0451621558995,370.398846944729,0.999341848290082,6.27116598949708,621.488465591929,TRUE,7.55834233565975,0.167266703281795,43.2004255456842,2025-03-20 10:34:11,2025-03-20 10:36:01,NA
"2","Mar","SWH","TR","2","2-Mar-SWH-TR-2",2025-03-20 10:40:53.5,NA,NA,NA,NA,NA,1051.13402900169,4.6462673429311,0.0680186438130088,4215.13500870052,4.74435119619013,3.97579404010559e-93,0.976559636654619,23.8989000574364,852.404243944066,0.996040459362931,9.91130439692416,1073.26081871861,TRUE,4.93187266065969,0.0320961644415371,9.94996626983318,2025-03-20 10:39:57,2025-03-20 10:41:50,NA
"2","Mar","SWH","TR","3","2-Mar-SWH-TR-3",2025-03-20 11:00:35.070588,NA,NA,NA,NA,NA,868.46801137588,4.51427003941188,0.129969939219842,4203.42322416078,8.99966960096832,3.28038050821292e-51,0.935628684740534,39.1072563640033,749.03961527559,0.984932059500739,19.1529044448879,877.058003858982,TRUE,4.33964959567863,0.0826976841991302,19.7784244776095,2025-03-20 10:59:39,2025-03-20 11:01:31,NA
"2","Mar","SWH","TR","4","2-Mar-SWH-TR-4",2025-03-20 11:06:53.160714,NA,NA,NA,NA,NA,1014.50607279965,3.05101419866467,0.0633644611813269,4061.3672661907,4.39902462553927,9.41179772450163e-76,0.954703540941292,22.0283436772879,731.145729894489,0.996518331908456,6.163506599617,1017.82434022351,TRUE,3.15080571285831,0.059837742978959,21.5467507979203,2025-03-20 11:05:57,2025-03-20 11:07:50,NA
"2","Mar","SWH","TR","5","2-Mar-SWH-TR-5",2025-03-20 11:12:36.142857,NA,NA,NA,NA,NA,1041.90821758275,5.74831401181822,0.0711299693430273,4065.34754539936,4.94450139943179,8.66540207319422e-100,0.983436081013401,24.8948505437738,813.460191073598,0.997921185110605,8.90062182155484,1054.34064678029,TRUE,5.94963654947622,0.0458522383134303,16.3275945375232,2025-03-20 11:11:40,2025-03-20 11:13:33,NA
"2","Mar","SWH","TR","6c","2-Mar-SWH-TR-6c",2025-03-20 10:29:40.5,NA,NA,NA,NA,NA,686.735221350955,0.231998317189963,0.0137569129378104,4106.45678149519,0.959554949843058,1.61353211912127e-32,0.717456227077079,4.83360250909188,683.622527072848,0.734546036036836,4.72754138665094,686.954182661969,TRUE,0.234942440996506,0.0141705419404123,4.51059943344085,2025-03-20 10:28:44,2025-03-20 10:30:37,"low r2, but also low flux - checked"
"2","Mar","SWH","TR","7a","2-Mar-SWH-TR-7a",2025-03-20 10:53:46.767123,477.722423667311,0.60454699388418,3.16166218812051e-23,0.752605408334039,6.20854614512542,417.297478441306,0.344650102385553,0.0142413117478791,4100.38704111789,1.11645055868396,5.04237055773368e-36,0.891879578123027,4.10439054578909,417.411071145702,0.897485201145074,4.05408382019598,417.316644567491,TRUE,0.343419624112364,0.0130064467090132,3.98982330896693,2025-03-20 10:52:42,2025-03-20 10:54:34,"low r2, but also low flux - checked"
"2","Mar","SWH","UP","1","2-Mar-SWH-UP-1",2025-03-20 11:26:02.5,NA,NA,NA,NA,NA,356.389446607394,4.48844907167025,0.0990728552740773,4197.49193274665,3.13947898223186,8.17209395520773e-40,0.978079584543012,9.50892986448433,278.571154479686,0.99601367137751,4.1461630810313,362.99839251448,TRUE,4.71533142743376,0.0670895228116931,5.33879171275522,2025-03-20 11:25:39,2025-03-20 11:26:26,NA
"2","Mar","SWH","UP","2","2-Mar-SWH-UP-2",2025-03-20 11:29:31,NA,NA,NA,NA,NA,243.845143785067,1.61114498648708,0.0483852791671927,4144.24741676968,1.39396637307804,2.62985075092879e-31,0.964340795533876,3.93738460908472,240.994519879491,0.969592464125079,3.72796866275142,243.897280781898,TRUE,1.60768145098625,0.0547653459486132,2.87905705319607,2025-03-20 11:29:10,2025-03-20 11:29:52,NA
"2","Mar","SWH","UP","3","2-Mar-SWH-UP-3",2025-03-20 11:33:02.5,NA,NA,NA,NA,NA,393.198961504205,3.61444994109345,0.0776344468556001,4111.51698004388,2.72845782100986,4.5692233957134e-44,0.976572163634069,8.89160168438496,314.052101675975,0.99497629233303,4.19896986557246,393.769442344588,TRUE,3.66553330308727,0.0756492009157746,9.41148872609678,2025-03-20 11:32:36,2025-03-20 11:33:29,NA
"2","Mar","SWH","UP","4a","2-Mar-SWH-UP-4a",2025-03-20 11:42:37.5,NA,NA,NA,NA,NA,395.595720927394,2.96114736254044,0.0793765868126273,4092.26959537978,2.78968522177805,3.3072253772988e-39,0.963980602998784,9.09113185692744,313.327873372556,0.992709990374101,4.17090653838378,395.867638946648,TRUE,2.98969235142007,0.0771428484553162,10.2572416925074,2025-03-20 11:42:11,2025-03-20 11:43:04,NA
"2","Mar","SWH","UP","5","2-Mar-SWH-UP-5",2025-03-20 11:46:42.5,NA,NA,NA,NA,NA,346.979126283579,6.74159074472166,0.111839528080385,4134.56781678626,3.41522834353128,6.22086938541829e-44,0.988035593804113,10.0702164293713,309.735921533232,0.995119026517513,6.58336822719599,347.622131453966,TRUE,6.80337205741961,0.0964936392903736,9.14811368614939,2025-03-20 11:46:20,2025-03-20 11:47:05,NA
"2","May","GCW","TR","1","2-May-GCW-TR-1",2025-05-14 13:21:33.5,1269.87080694032,6.34303786047843,2.90676032900561e-57,0.897653720781538,62.377477220511,792.563100260606,5.86830833802512,0.0218827536174435,3889.17842481938,1.52633840489769,4.1023160323166e-159,0.99844503622394,7.68868228426467,638.462930418216,0.999611472507102,3.87806713946179,793.081132837323,TRUE,5.85412412504811,0.0236969385833892,8.03345397345668,2025-05-14 13:20:37,2025-05-14 13:22:30,NA
"2","May","GCW","TR","2","2-May-GCW-TR-2",2025-05-14 13:30:55.5,1209.07067740687,4.92408418869607,7.61580828806173e-58,0.900070226788569,47.7766503355681,765.923353018994,4.54759714827837,0.0194696690997654,3723.35850900119,1.35802395791419,2.08789763820537e-152,0.997951289768211,6.84082554256484,635.156889470167,0.999371834442729,3.82224019794601,768.582757056748,TRUE,4.51982952378929,0.0194386892247917,6.24434497938352,2025-05-14 13:29:59,2025-05-14 13:31:52,NA
"2","May","GCW","TR","3a","2-May-GCW-TR-3a",2025-05-14 13:47:36.5,1183.01080918534,4.15813197925902,4.56230865030006e-56,0.892501276951037,42.6164089532953,663.617551299305,3.91281172870097,0.012430438310189,3586.11302703299,0.867032354073985,6.74614661654798e-167,0.998870926077221,4.36753493148183,594.389298030621,0.999406047149773,3.19642009855603,664.126427855222,TRUE,3.90464095236835,0.0127831902186216,4.64333752730805,2025-05-14 13:46:40,2025-05-14 13:48:33,NA
"2","May","GCW","TR","4","2-May-GCW-TR-4",2025-05-14 13:54:33.5,1251.86311557789,6.43693119378308,9.06992746129852e-60,0.907664712263826,57.6403685884037,860.619407874982,5.70496385234247,0.0294941340490939,3612.29897865262,2.05723787350269,2.95516371583869e-143,0.997015405069856,10.3630022947491,678.27972037061,0.999417889290293,4.61804711445397,867.759113488407,TRUE,5.63955151220681,0.0268565074122752,8.05496717540699,2025-05-14 13:53:37,2025-05-14 13:55:30,NA
"2","May","GCW","TR","5","2-May-GCW-TR-5",2025-05-14 14:00:48.5,NA,NA,NA,NA,NA,765.682512225474,3.95685054709785,0.0194491137715242,3590.22560221226,1.35659020842049,1.04965237429212e-145,0.997301361113455,6.83360326191141,660.102110647787,0.998967982177247,4.26416147192634,765.741572530588,TRUE,3.95950769699094,0.0204127740323232,7.52334091892549,2025-05-14 13:59:52,2025-05-14 14:01:45,NA
"2","May","GCW","UP","1","2-May-GCW-UP-1",2025-05-14 14:09:31.5,525.832758106177,6.3229423580498,2.1919111162575e-30,0.921393788091151,30.362184693735,390.797351239757,6.79635389252625,0.0759271326464136,3697.62034778831,2.66845436899016,1.22613026645943e-58,0.993551838538023,8.69606016237974,375.873593283352,0.995458056140222,7.44289915036257,390.885283493343,TRUE,6.80802066508589,0.0830012330339915,8.87435730729668,2025-05-14 14:09:05,2025-05-14 14:09:58,NA
"2","May","GCW","UP","2","2-May-GCW-UP-2",2025-05-14 14:22:20.5,NA,NA,NA,NA,NA,383.104144146694,10.1680332423869,0.0707067258328247,3670.50531293167,2.48498349521833,2.66527147691663e-69,0.99749181121162,8.09815833017865,353.988347086456,0.998641602911427,6.07765709320655,383.106150788794,TRUE,10.1656562025926,0.0715800616128552,10.0453624784604,2025-05-14 14:21:54,2025-05-14 14:22:47,NA
"2","May","GCW","UP","3","2-May-GCW-UP-3",2025-05-14 14:27:15.5,538.636577529924,10.2841387788298,2.0605564999637e-34,0.944947003384009,34.1837981358425,416.645741486926,9.14647517856182,0.0964583246476723,3673.33864526297,3.39002183883616,6.23014245813846e-60,0.994249960411301,11.0475315616721,340.77444760214,0.998689893142007,5.37774076622888,416.775459599726,TRUE,9.11740334720897,0.100886916111875,12.3969700345437,2025-05-14 14:26:49,2025-05-14 14:27:42,NA
"2","May","GCW","UP","4","2-May-GCW-UP-4",2025-05-14 14:31:52.5,NA,NA,NA,NA,NA,351.53022393707,6.61148537411883,0.0527830220717346,3700.93543981105,1.85505603789553,3.43097907758372e-66,0.996696633533034,6.04532687445959,334.968404553291,0.997742703954456,5.09626896337946,351.56447842653,TRUE,6.60901774706619,0.0550480016438708,5.98232770055939,2025-05-14 14:31:26,2025-05-14 14:32:19,NA
"2","May","GCW","UP","5a","2-May-GCW-UP-5a",2025-05-14 14:15:22.5,590.845976010766,12.6321423374774,5.0666011611545e-32,0.931982392909733,55.4328373111114,421.695142860887,13.3624923568809,0.101075196795782,3850.71783159132,3.55228152421196,2.09114449884413e-67,0.997033615819888,11.5763095697782,376.100862704978,0.998815961363783,7.45857808027843,421.698653874179,TRUE,13.3647233318901,0.116258605908991,12.4445373179776,2025-05-14 14:14:56,2025-05-14 14:15:49,NA
"2","May","GWI","TR","1","2-May-GWI-TR-1",2025-05-20 15:05:43.5,1379.91555206818,9.02451434116302,4.20745081955438e-55,0.888155679456079,101.074377746415,827.230735127659,9.09918735103528,0.0254763316521253,3982.77113103557,1.77699315617905,4.9029179914041e-173,0.999122786190704,8.95131496091079,754.103174080914,0.999554056079266,6.4400153311833,827.26334117236,TRUE,9.10273607241406,0.0259280683465901,8.30992212185226,2025-05-20 15:04:47,2025-05-20 15:06:40,NA
"2","May","GWI","TR","2","2-May-GWI-TR-2",2025-05-20 15:12:51.5,NA,NA,NA,NA,NA,1088.77376697635,7.88700226781721,0.0802276654706839,3852.22547164089,5.59593957341715,1.53097040812404e-110,0.988543859170372,28.1886384591311,1024.18427390213,0.993723178741639,21.0541385818607,1089.95352883028,TRUE,7.84756744509978,0.0834942638247852,25.2611036302439,2025-05-20 15:11:55,2025-05-20 15:13:48,NA
"2","May","GWI","TR","3","2-May-GWI-TR-3",2025-05-20 15:19:39.5,NA,NA,NA,NA,NA,688.324630710497,4.27362116754936,0.0138531487112502,3872.20885659496,0.966267466900742,6.43419366048146e-166,0.99882452831928,4.86741572562278,690.088035080116,0.998847365447406,4.8635215156479,688.373599395886,TRUE,4.27600143955189,0.0140228562781216,4.58441841318664,2025-05-20 15:18:43,2025-05-20 15:20:36,NA
"2","May","GWI","TR","4","2-May-GWI-TR-4",2025-05-20 15:27:03.5,NA,NA,NA,NA,NA,983.963554753637,6.48496754358591,0.0506619176972071,4044.29403659525,3.53370658916404,2.87750717769176e-123,0.993210978710428,17.8004741037201,859.235147305537,0.997805157621423,10.2127410818561,985.570546089765,TRUE,6.54847032449037,0.0473633671600615,14.7845029553078,2025-05-20 15:26:07,2025-05-20 15:28:00,NA
"2","May","GWI","TR","5","2-May-GWI-TR-5",2025-05-20 15:33:52.5,NA,NA,NA,NA,NA,669.277705187871,2.31007387720473,0.0127428891657934,3897.01798039882,0.888826034562716,4.11586423904142e-140,0.996603555453558,4.47731706403183,667.489901360053,0.996771689440437,4.40459425762897,669.379072759411,TRUE,2.30633286201673,0.0136697929672166,4.3798646636043,2025-05-20 15:32:56,2025-05-20 15:34:49,NA
"2","May","GWI","UP","1","2-May-GWI-UP-1",2025-05-20 15:40:51.5,NA,NA,NA,NA,NA,302.915601653185,3.2289787491402,0.0336513843801721,3921.02104636922,1.18267581748432,3.37508276100018e-60,0.994383924528427,3.85414874653726,306.577758046261,0.994418951052149,3.91819990193447,302.999548496883,TRUE,3.22076470985887,0.0303677783564618,3.56118111162407,2025-05-20 15:40:25,2025-05-20 15:41:18,NA
"2","May","GWI","UP","2","2-May-GWI-UP-2",2025-05-20 15:44:17.5,516.156415562275,5.80555946609323,4.83631187332915e-30,0.918968359436693,27.7601668273765,333.425040775803,6.13159297726084,0.0446363702206294,3918.12845219091,1.56874246372225,2.86713313439923e-68,0.997251857154205,5.11227735513839,332.740912011652,0.997480193206149,4.99223529938148,333.454422089637,TRUE,6.13552409096798,0.0459459555325271,6.24457060392507,2025-05-20 15:43:51,2025-05-20 15:44:44,NA
"2","May","GWI","UP","3","2-May-GWI-UP-3",2025-05-20 15:48:12.5,482.227444876438,4.67577215188144,4.31913486786062e-31,0.926147303312026,20.2761437302239,319.928052666418,4.68902821582688,0.0393925570217546,3950.03264716845,1.38444897399086,4.81468533694799e-65,0.996343420221086,4.51169475089263,310.342538035222,0.99715675894056,4.05719323704168,319.968345656446,TRUE,4.68410310091146,0.0407835624103895,4.72948000650384,2025-05-20 15:47:46,2025-05-20 15:48:39,NA
"2","May","GWI","UP","4","2-May-GWI-UP-4",2025-05-20 15:52:35.5,482.016191417008,4.39618152649359,1.88781824735509e-30,0.921843328138759,20.2365213324627,317.672581374333,4.54902559418566,0.0385784139879063,3949.60596087638,1.35583596754726,7.84727716270249e-65,0.996274074640074,4.41844960180874,308.171552871381,0.997098301679315,3.97645094508669,317.776371587143,TRUE,4.55796403332841,0.037973463167764,5.1155304383616,2025-05-20 15:52:09,2025-05-20 15:53:02,NA
"2","May","GWI","UP","5","2-May-GWI-UP-5",2025-05-20 15:56:33.5,483.639637010938,4.68834347932782,1.89867782903107e-30,0.921826110725304,20.5430125735348,331.102905656351,4.61530109551561,0.0436868766452069,3947.02450094141,1.53537257088745,2.32419205918056e-62,0.9953624722548,5.00353028452111,331.027045471777,0.995699623752023,4.91363812927202,331.134577554855,TRUE,4.61815687950789,0.0446117006969869,5.45190877092951,2025-05-20 15:56:07,2025-05-20 15:57:00,NA
"2","May","MSM","TR","1","2-May-MSM-TR-1",2025-05-15 14:18:04.20354,1020.95340689252,1.90297798739121,8.02382675772693e-55,0.889066289537558,21.7787462981755,726.277809561707,1.96169115575376,0.0169051157924457,3578.58746513606,1.17467493214514,1.06075667512397e-117,0.991824154218608,5.9124495990503,690.652528346196,0.994242415866365,5.00690663423236,726.958634304068,TRUE,1.95050490009158,0.0185949892420783,5.31539623486284,2025-05-15 14:17:08,2025-05-15 14:19:01,NA
"2","May","MSM","TR","2","2-May-MSM-TR-2",2025-05-15 14:26:45.5,NA,NA,NA,NA,NA,663.253622864433,1.98412239344038,0.0124106129527607,3536.05808606843,0.865649520589559,5.0622063599346e-134,0.99563716620654,4.36056913197126,645.905408767198,0.996382233802265,4.0067455107888,663.271465301296,TRUE,1.98560337767686,0.012215370719196,5.06063600362435,2025-05-15 14:25:49,2025-05-15 14:27:42,NA
"2","May","MSM","TR","3","2-May-MSM-TR-3",2025-05-15 14:34:43,NA,NA,NA,NA,NA,930.762763316487,2.70601885524952,0.0382211683782683,3530.86795480968,2.68801083415616,1.89699989411949e-95,0.977953337315236,13.6064138503537,859.887000298397,0.988503212519623,9.91375613431305,934.944481200837,TRUE,2.77615642024042,0.024978841597744,7.29974373899176,2025-05-15 14:33:46,2025-05-15 14:35:40,NA
"2","May","MSM","TR","4","2-May-MSM-TR-4",2025-05-15 14:41:29.5,NA,NA,NA,NA,NA,822.497266216913,1.95256099804103,0.0249528744027951,3507.09623625904,1.74048162216727,1.33470947611053e-99,0.982037042864294,8.76739402710807,792.019385087757,0.986725111779854,7.6051837854366,827.841077539782,TRUE,2.00093522862871,0.019211584453959,5.99023159054213,2025-05-15 14:40:33,2025-05-15 14:42:26,NA
"2","May","MSM","TR","5","2-May-MSM-TR-5",2025-05-15 14:48:50.5,NA,NA,NA,NA,NA,846.968213818736,2.20137227993593,0.0277800389562624,3487.88458691567,1.93767846084495,3.33267816974271e-100,0.982476577108416,9.76074113492439,829.485272867876,0.985486320964156,8.96344070944821,852.662218695956,TRUE,2.25568037589417,0.0204666342059143,5.93400906550141,2025-05-15 14:47:54,2025-05-15 14:49:47,NA
"2","May","MSM","UP","1","2-May-MSM-UP-1",2025-05-15 15:15:31.5,NA,NA,NA,NA,NA,419.177229961036,2.78969952703349,0.0987459859374404,3603.78637055802,3.47042155301844,3.19481150747509e-33,0.938833191341178,11.3095411952982,299.822677594112,0.993770717623069,3.68063502494407,421.470519024054,TRUE,2.91642570820889,0.0794163750870832,10.3249003211594,2025-05-15 15:15:05,2025-05-15 15:15:58,NA
"2","May","MSM","UP","2","2-May-MSM-UP-2",2025-05-15 15:12:06.5,NA,NA,NA,NA,NA,477.365855993602,2.33602550758415,0.169242792947442,3585.39622324528,5.94802746422468,5.06820219220635e-19,0.785582452644732,19.3836571752806,316.456157579701,0.989884772457739,4.29348604983943,479.28524925986,TRUE,2.53439608704046,0.141050805396625,19.2836513396914,2025-05-15 15:11:40,2025-05-15 15:12:33,"V-shaped, flux compromised"
"2","May","MSM","UP","3","2-May-MSM-UP-3",2025-05-15 15:08:16.5,NA,NA,NA,NA,NA,336.270335018248,0.694834854602524,0.0458279569919751,3636.22161056721,1.61062070691676,9.97069344134919e-21,0.815524686129544,5.24875176015212,281.401830054059,0.937986124708459,3.10347327401379,336.496401277059,TRUE,0.707982309956098,0.0468039535235514,5.56709460053097,2025-05-15 15:07:50,2025-05-15 15:08:43,"low r2, but also low flux - checked"
"2","May","MSM","UP","4","2-May-MSM-UP-4",2025-05-15 15:04:41.5,NA,NA,NA,NA,NA,395.750251023612,1.49019783963968,0.0794902428417198,3600.45071335876,2.79367965587326,8.63498105935714e-25,0.87111079941241,9.10414907004159,284.883351600905,0.984639668323799,3.20514780364208,399.843978703526,TRUE,1.62897311629599,0.0681874325481216,6.62298880815147,2025-05-15 15:04:15,2025-05-15 15:05:08,"V-shaped, flux compromised"
"2","May","MSM","UP","5","2-May-MSM-UP-5",2025-05-15 14:59:13.5,NA,NA,NA,NA,NA,435.045836234911,3.91856505652503,0.114374973716343,3611.27554875032,4.01970135943129,2.33418020319354e-37,0.957578537311813,13.0995550317927,306.13194014602,0.996380680649085,3.90205913105134,436.481046264305,TRUE,4.02801847235251,0.0989731463794048,13.4276779660009,2025-05-15 14:58:47,2025-05-15 14:59:40,NA
"2","May","SWH","SWAMP","1a","2-May-SWH-SWAMP-1a",2025-05-21 10:12:22.5,966.182331802992,1.38435653145195,2.81713857644093e-51,0.869127232475132,16.4650058647762,671.728527547765,1.36407587565758,0.0128806041343226,4041.72705321737,0.898431756450829,4.0175536505666e-114,0.990112241237004,4.52570433088675,673.373854606037,0.990314378388927,4.51974220589156,671.824205918576,TRUE,1.36774348030714,0.0145027421282422,4.00903635932461,2025-05-21 10:11:26,2025-05-21 10:13:19,NA
"2","May","SWH","SWAMP","2","2-May-SWH-SWAMP-2",2025-05-21 10:19:28.5,1151.76856491562,3.8316657048437,1.05971802762995e-57,0.899479544700218,37.159222052898,760.954693152705,3.52443159609418,0.0190499686521615,4109.66852732017,1.32874953829911,4.24618022056806e-141,0.99673855814457,6.69336039934735,699.351554610649,0.998165626040193,5.06519298597174,761.686406810667,TRUE,3.51012976106029,0.0198452507735473,6.36673465781829,2025-05-21 10:18:32,2025-05-21 10:20:25,NA
"2","May","SWH","SWAMP","3a","2-May-SWH-SWAMP-3a",2025-05-21 10:32:57.5,1086.92019106928,2.6241585790795,5.28614858702626e-57,0.89655596697505,27.960401759708,712.069806897502,2.61342337763216,0.015373696969646,4190.86437782341,1.07232684333313,5.38264020866715e-137,0.996139219141115,5.40167264141501,676.833200441588,0.997263475458742,4.58884118739015,712.330183912417,TRUE,2.61698035044396,0.0163692727370426,5.12096455327604,2025-05-21 10:32:01,2025-05-21 10:33:54,NA
"2","May","SWH","SWAMP","4a","2-May-SWH-SWAMP-4a",2025-05-21 10:54:38.5,1237.14935500986,6.11517900464709,4.7930011783954e-61,0.912383898654056,54.0380878340134,897.92980177936,5.48648613804669,0.0347379752552996,4320.54252885374,2.42299971326661,1.96660938249316e-133,0.995530150807708,12.2054682699411,725.551864101847,0.999048599549616,5.68201473646861,899.184599587341,TRUE,5.45557172284323,0.0342105259626556,12.7520463928223,2025-05-21 10:53:42,2025-05-21 10:55:35,NA
"2","May","SWH","SWAMP","5","2-May-SWH-SWAMP-5",2025-05-21 10:40:37.5,1253.74041751359,6.05479570563403,5.54835297948217e-58,0.900633270626491,58.1169259687331,802.339561205054,5.54790918435235,0.022841476662976,4252.17389678957,1.59321005321211,2.63917714250987e-154,0.998105110152654,8.02553737227452,641.411456342554,0.999554062759467,3.92854449913022,802.814561120152,TRUE,5.53608764249858,0.024328734348894,7.91567528610075,2025-05-21 10:39:41,2025-05-21 10:41:34,NA
"2","May","SWH","TR","1","2-May-SWH-TR-1",2025-05-21 12:18:33.5,NA,NA,NA,NA,NA,1331.92625633099,11.3742032905473,0.233067170639467,4030.48852386888,16.2566091857969,2.62715219839164e-77,0.955086098489824,81.8900334604557,1019.16674334958,0.997209683198909,20.5958672156336,1332.23745377995,TRUE,11.3290128449621,0.247167507561832,87.7695038033451,2025-05-21 12:17:37,2025-05-21 12:19:30,NA
"2","May","SWH","TR","10","2-May-SWH-TR-10",2025-05-21 12:55:16.5,NA,NA,NA,NA,NA,684.209496419265,0.42438744572368,0.0136053584110502,4147.59574313676,0.94898390843418,4.70020288467082e-57,0.896772539865113,4.78035260163632,684.606488997005,0.89998405973192,4.74798775818417,684.24645082699,TRUE,0.426406853524766,0.0129204804828173,4.69593253376585,2025-05-21 12:54:20,2025-05-21 12:56:13,"low r2, but also low flux - checked"
"2","May","SWH","TR","2","2-May-SWH-TR-2",2025-05-21 12:07:39.5,NA,NA,NA,NA,NA,1064.53624525819,8.34621631308892,0.0721367405064071,4356.52856656163,5.03159151558054,2.17973691021156e-118,0.991702766645646,25.3458266026488,859.01692716554,0.998679469733158,10.2029710835517,1068.89996511584,TRUE,8.47567437624775,0.0657029002579959,22.5758555242764,2025-05-21 12:06:43,2025-05-21 12:08:36,NA
"2","May","SWH","TR","3","2-May-SWH-TR-3",2025-05-21 12:27:42.5,NA,NA,NA,NA,NA,820.800195723403,1.78955710537768,0.024767832396529,4145.03457924178,1.72757480405741,8.4879827643319e-96,0.978996861338694,8.70237802316748,695.360222560357,0.993252085288415,4.97729413268111,828.141490295158,TRUE,1.73271387133493,0.0209823553359489,6.71656118933431,2025-05-21 12:26:46,2025-05-21 12:28:39,NA
"2","May","SWH","TR","4","2-May-SWH-TR-4",2025-05-21 12:43:52.5,NA,NA,NA,NA,NA,880.673088229479,6.65133496905213,0.0322057863326109,4233.7682121886,2.24637764509712,1.95957613028916e-146,0.997381037353172,11.3157632332419,840.436456137319,0.998223335605427,9.40447525175844,881.958600657986,TRUE,6.64367955430809,0.0327713864034355,10.266425187103,2025-05-21 12:42:56,2025-05-21 12:44:49,NA
"2","May","SWH","TR","5","2-May-SWH-TR-5",2025-05-21 12:35:26.5,NA,NA,NA,NA,NA,1037.03852186231,6.98229667333883,0.0639409142176039,4021.80008837535,4.4599265120273,1.33851439400345e-115,0.990694942610229,22.4661568182483,743.186798764395,0.999317625297895,6.13893995583387,1042.7489963113,TRUE,7.12134185597582,0.0572469584436597,16.435875704611,2025-05-21 12:34:30,2025-05-21 12:36:23,NA
"2","May","SWH","TR","6a","2-May-SWH-TR-6a",2025-05-21 13:48:29.5,NA,NA,NA,NA,NA,538.745749219611,1.24540758007562,0.0191547807518006,4208.68762859683,1.07081335025879,3.54284620087431e-76,0.979607699447267,4.72088603611842,535.798597244225,0.98112257378214,4.59466556991829,538.770792187321,TRUE,1.2468991714656,0.0200777860336266,4.06824165948564,2025-05-21 13:47:45,2025-05-21 13:49:14,NA
"2","May","SWH","TR","7a","2-May-SWH-TR-7a",2025-05-21 13:29:03.5,851.928779504081,0.70016092122154,2.87034156370166e-47,0.845716591289174,9.97543130600464,694.977858640448,0.749905135543079,0.0142633509209015,4177.97274236304,0.994879377326197,8.85461699842342e-81,0.961059736618675,5.01154358619503,691.389918098409,0.963567257784245,4.89137172474795,694.991146393841,TRUE,0.74946624501651,0.0155972295898759,4.63386490917746,2025-05-21 13:28:07,2025-05-21 13:30:00,NA
"2","May","SWH","TR","8a","2-May-SWH-TR-8a",2025-05-21 13:17:52.5,752.789562491557,0.394867322631458,2.10158303784936e-35,0.748969487099614,6.45789926214902,675.280711828694,0.36269973716688,0.0130828521956985,4089.47166853531,0.912538709752542,5.68168988337126e-52,0.872811237956747,4.59676582130578,677.448149481472,0.874839465418364,4.60123466303643,675.363026495852,TRUE,0.363337578524422,0.0133229535736071,4.1118395240261,2025-05-21 13:16:56,2025-05-21 13:18:49,"low r2, but also low flux - checked"
"2","May","SWH","TR","9","2-May-SWH-TR-9",2025-05-21 13:02:42.5,NA,NA,NA,NA,NA,700.253033204952,0.773196886007403,0.0145972054866128,4123.00520293773,1.01816598257726,3.96889051343723e-81,0.961613558702715,5.12884608522144,677.743376889744,0.969578078176348,4.60719646320268,700.265696739865,TRUE,0.772322861489213,0.0143210613114024,4.84057206992431,2025-05-21 13:01:46,2025-05-21 13:03:39,NA
"2","May","SWH","UP","1","2-May-SWH-UP-1",2025-05-21 11:00:55.5,560.674993020486,9.71945053849714,2.12351132282448e-31,0.928133874984959,41.9220187388397,348.73653898351,9.83892924919457,0.0514351676513699,4437.31879996141,1.80768577786564,9.87278970799006e-76,0.998580905733559,5.89095487697874,313.111194065193,0.999318721334506,4.16254687954653,348.977870800223,TRUE,9.81477841622291,0.0540333024674647,5.30526142544332,2025-05-21 11:00:29,2025-05-21 11:01:22,NA
"2","May","SWH","UP","2","2-May-SWH-UP-2",2025-05-21 11:05:01.5,474.888749900847,4.37401006920584,4.03689345553031e-32,0.932573369664286,18.9441301678362,358.60370741644,4.57539633860834,0.0563557797917405,4329.35833326998,1.980620386436,1.89389787232109e-56,0.992172733554798,6.45452072909208,338.822364989652,0.994960947310815,5.2814121522961,358.882968492773,TRUE,4.5644710561809,0.0547692733868639,6.48136885030118,2025-05-21 11:04:35,2025-05-21 11:05:28,NA
"2","May","SWH","UP","3","2-May-SWH-UP-3",2025-05-21 11:09:18.5,570.438610608779,11.4584714318927,2.88416731963485e-32,0.933438595240775,45.8885239233739,412.942353852756,11.1785475244418,0.0932067757178566,4278.86342233048,3.27574635331034,3.25967329447403e-65,0.996397862014249,10.6751262813848,374.025747767466,0.99837293856115,7.31663675718225,413.006349292685,TRUE,11.166568446073,0.0904592112235269,10.4626550173502,2025-05-21 11:08:52,2025-05-21 11:09:45,NA
"2","May","SWH","UP","4","2-May-SWH-UP-4",2025-05-21 11:13:07.5,423.680671539027,3.38747021702083,4.81852261661769e-32,0.932113423643181,11.7911029070332,321.017106525432,2.83481755644709,0.0397917944887011,4390.09652830162,1.39848015001194,1.59560036676722e-53,0.989858243704087,4.55742007872519,308.619521289077,0.992514242598245,3.99297894406314,321.18296632752,TRUE,2.82672224594239,0.0401409775080138,3.46905746008842,2025-05-21 11:12:41,2025-05-21 11:13:34,NA
"2","May","SWH","UP","5","2-May-SWH-UP-5",2025-05-21 11:17:15.5,NA,NA,NA,NA,NA,423.517615461854,11.5164030968852,0.102795287328008,5083.01436235402,3.61273399931266,1.11236473118509e-63,0.995874083178975,11.773314385206,337.986580808614,0.999213917765889,5.24069840384641,425.874308605408,TRUE,11.649699376549,0.0857775658062226,10.8818995599552,2025-05-21 11:16:49,2025-05-21 11:17:42,NA
"2","Nov","GCW","TR","1","2-Nov-GCW-TR-1",2025-11-12 13:38:50.5,921.694544447372,1.79706731216376,1.12106775042949e-64,0.924526348429713,13.5463264200709,702.970343400504,1.47694213720443,0.0147722161979362,4085.55169343327,1.0303731103744,2.36142313184755e-111,0.988919904870194,5.19033751263652,539.929269665627,0.99744033167287,2.51726171789337,702.997153889015,TRUE,1.47461628716332,0.0160831307841947,6.07931356500026,2025-11-12 13:37:54,2025-11-12 13:39:47,NA
"2","Nov","GCW","TR","2","2-Nov-GCW-TR-2",2025-11-12 13:45:36.5,NA,NA,NA,NA,NA,691.010843385289,3.60255990103017,0.0140173266899647,4123.84161949681,0.977719003509489,4.76184730818933e-157,0.998307260139179,4.92510098491309,679.054907633677,0.998528350196312,4.63377493837244,691.432125931009,TRUE,3.59639229606079,0.013341456075635,4.21654297483748,2025-11-12 13:44:40,2025-11-12 13:46:33,NA
"2","Nov","GCW","TR","3","2-Nov-GCW-TR-3",2025-11-12 13:52:24.5,960.659338264489,2.23824584597157,2.08298943205472e-65,0.926759389661518,16.0709551714103,781.014905630077,1.77504794062928,0.0208019939287965,4110.7653047453,1.4509546096,9.5677076399164e-104,0.984851194306542,7.30894863570665,618.79091442961,0.996475225330186,3.55749305120624,781.084699197695,TRUE,1.77059551479425,0.021817781829094,8.96617156850992,2025-11-12 13:51:28,2025-11-12 13:53:21,NA
"2","Nov","GCW","TR","4","2-Nov-GCW-TR-4",2025-11-12 13:59:05.5,1031.81635845888,2.67652521289176,1.05292135138569e-62,0.918154089890653,21.957435075723,814.077613455642,2.29770516124053,0.0240482137273448,4086.83159674393,1.67738086453502,3.58858945502693e-109,0.987880092565532,8.44953418962119,679.975199423634,0.996391021895592,4.65251635511284,814.085226872706,TRUE,2.29601904012012,0.0244851359827963,11.1384590061177,2025-11-12 13:58:09,2025-11-12 14:00:02,NA
"2","Nov","GCW","TR","5","2-Nov-GCW-TR-5",2025-11-12 14:06:04.5,980.346820771852,1.83619558136889,4.17498014864273e-59,0.905115079341341,17.5203353033228,667.652889409311,1.70793876775432,0.0126524012405174,4150.85029483375,0.882514434206431,7.78621743367856e-126,0.99389116811935,4.44552340039275,570.073803462298,0.997493992223121,2.87307980837252,667.675385579349,TRUE,1.70973476532385,0.0135628562188803,4.80727877803171,2025-11-12 14:05:08,2025-11-12 14:07:01,NA
"2","Nov","GCW","UP","1","2-Nov-GCW-UP-1",2025-11-12 14:14:42.5,547.087961657089,2.68226766502047,1.50008899271402e-33,0.906108501010318,16.8472176140127,340.853960933881,2.92395305417799,0.0227596322137337,4074.00266349545,0.93106091997632,5.92277538553278e-77,0.996257575781441,3.36350096621609,310.281678864605,0.997819527315843,2.60982023502659,340.873104877047,TRUE,2.92086170624625,0.0237778701934894,3.91211011915064,2025-11-12 14:14:11,2025-11-12 14:15:14,NA
"2","Nov","GCW","UP","2","2-Nov-GCW-UP-2",2025-11-12 14:26:18.5,583.16641540275,3.70706075684393,5.57251486663287e-36,0.921593562727853,22.3326210356162,396.740326429123,4.24039771963629,0.035219527250917,4065.4616251982,1.44077571796537,3.25793968436932e-75,0.99574115331743,5.204869429597,354.223921621448,0.997941084131759,3.67877609885984,396.784512655646,TRUE,4.2351230576762,0.0379818401514629,5.96075210240852,2025-11-12 14:25:47,2025-11-12 14:26:50,NA
"2","Nov","GCW","UP","3","2-Nov-GCW-UP-3",2025-11-12 14:32:35.5,NA,NA,NA,NA,NA,339.643786114441,2.52498554492807,0.0225454654948328,4038.24291698669,0.922299694818745,2.83404886548597e-73,0.99508129391277,3.3318506320108,305.33846311088,0.997296560547597,2.5109532713335,342.490858620251,TRUE,2.55913073934639,0.0187199803565976,2.2586483663205,2025-11-12 14:32:04,2025-11-12 14:33:07,NA
"2","Nov","GCW","UP","4","2-Nov-GCW-UP-4",2025-11-12 14:36:53.5,NA,NA,NA,NA,NA,325.72770133504,3.20326141051142,0.0202228781799658,4010.98588570199,0.827286284153853,1.41567301305172e-82,0.9975349769212,2.98861025781168,326.245156926762,0.997665526430502,2.95647007911694,326.834471835404,TRUE,3.2207652277511,0.0219253903968782,2.43445716200975,2025-11-12 14:36:22,2025-11-12 14:37:25,NA
"2","Nov","GCW","UP","5","2-Nov-GCW-UP-5",2025-11-12 14:19:12.5,NA,NA,NA,NA,NA,360.342997402695,4.71102629685697,0.0265026982142314,4172.8535533161,1.0841838896811,1.12974234867622e-85,0.998041653742845,3.91666483068696,299.780412268488,0.999285869829749,2.40425527397152,360.84957645464,TRUE,4.72838248926347,0.0259380615262287,4.0708012091237,2025-11-12 14:18:41,2025-11-12 14:19:44,NA
"2","Nov","GWI","TR","1a","2-Nov-GWI-TR-1a",2025-11-06 12:55:47.5,906.147259317129,1.5803544542675,3.98330754504276e-59,0.905194603626466,12.6533948985545,761.29212578236,1.22121955833098,0.0190781828628661,3873.98335829589,1.3307175005636,4.80520958925585e-90,0.973393188210456,6.7032736902339,687.572980414563,0.98654406360776,4.81016710993354,761.34057654771,TRUE,1.21763672141326,0.0202589334983894,8.05372677700231,2025-11-06 12:54:51,2025-11-06 12:56:44,NA
"2","Nov","GWI","TR","2","2-Nov-GWI-TR-2",2025-11-06 12:42:39.5,796.612623777074,0.863910669704488,1.11408168142023e-62,0.918071591731168,7.82646142399127,753.001059112665,0.800239171486012,0.0183968802055125,3880.53964436097,1.28319613147737,5.45718366962118e-72,0.944115435710657,6.46389249701693,662.367656918704,0.975634440284481,4.30674397875527,753.329712882409,TRUE,0.791548715159347,0.019147252342129,7.38037791780578,2025-11-06 12:41:43,2025-11-06 12:43:36,NA
"2","Nov","GWI","TR","3","2-Nov-GWI-TR-3",2025-11-06 12:33:30.5,1070.71946946722,2.46544524771899,1.00102776431754e-55,0.890983862442848,26.0425956015132,747.632854077877,2.36811170105319,0.0179687895181522,3928.44500859262,1.25333648637419,1.12377928083192e-124,0.993592925280192,6.3134793752724,706.366744531569,0.995692612083946,5.22346312428629,754.128359346438,TRUE,2.33253477453566,0.0161576108050138,4.85423748192076,2025-11-06 12:32:34,2025-11-06 12:34:27,NA
"2","Nov","GWI","TR","4","2-Nov-GWI-TR-4",2025-11-06 12:19:10.5,923.35778283718,1.8836527590053,5.14808597023804e-68,0.93419967027006,13.6455069036481,794.286948257801,1.58518405070717,0.0220488303989318,3890.21313399492,1.53792238441777,1.46567877620109e-95,0.978791022774404,7.74703470325083,648.480195348222,0.994300774876716,4.05224983657135,797.785268396422,TRUE,1.55117862575386,0.0209001149389104,7.2618466171965,2025-11-06 12:18:14,2025-11-06 12:20:07,NA
"2","Nov","GWI","TR","5","2-Nov-GWI-TR-5",2025-11-06 12:08:12.5,753.692600150625,1.10875244140812,8.36977826604022e-73,0.945954565251168,6.48352772850271,774.256297111134,0.812380855451382,0.0201944098145732,3874.34052292541,1.40857516394351,2.05184735418082e-68,0.935271060841546,7.09546904822431,630.715558212181,0.982256994608243,3.74850527399606,774.866510658916,TRUE,0.799346849573438,0.0212693861393248,7.82381714630199,2025-11-06 12:07:16,2025-11-06 12:09:09,NA
"2","Nov","GWI","UP","1a","2-Nov-GWI-UP-1a",2025-11-06 13:09:41.5,NA,NA,NA,NA,NA,356.106513706564,4.46523460597267,0.0256398817046305,3876.04540954481,1.04888741715221,4.01345744783842e-85,0.997959915025006,3.78915467865742,299.743105199082,0.999205614799757,2.40355462828229,356.563949479095,TRUE,4.48139264244373,0.026029967693903,3.90070972767782,2025-11-06 13:09:10,2025-11-06 13:10:13,NA
"2","Nov","GWI","UP","2","2-Nov-GWI-UP-2",2025-11-06 13:14:12.5,NA,NA,NA,NA,NA,375.329683974482,3.98744504846927,0.0297946854217909,3937.79509663874,1.21885393220363,4.74102620315318e-78,0.996550317638054,4.40316663569927,319.092291027195,0.998654086596459,2.7957887048767,376.160323419537,TRUE,4.0074662723845,0.0285419803131911,4.32193941629662,2025-11-06 13:13:41,2025-11-06 13:14:44,NA
"2","Nov","GWI","UP","3a","2-Nov-GWI-UP-3a",2025-11-06 13:23:03.5,NA,NA,NA,NA,NA,385.503807376494,3.66421583864684,0.0322595903792223,3867.88669663472,1.31968933480453,1.18747412104506e-73,0.995217386932556,4.76743922710558,290.596207139093,0.998980251722316,2.23778960599542,390.884051957754,TRUE,3.72857490329839,0.0225189197905005,2.78575182795884,2025-11-06 13:22:32,2025-11-06 13:23:35,NA
"2","Nov","GWI","UP","4","2-Nov-GWI-UP-4",2025-11-06 13:28:28.5,385.520746642982,1.97368269804475,1.35049575763277e-38,0.93542272419904,4.76807018231947,352.754331621542,0.98016989760676,0.0249771172520586,3893.54217309403,1.0217747610625,1.70598024251589e-45,0.961298152171329,3.69120894492741,317.053101580428,0.979187461303831,2.75160143851342,353.220084724627,TRUE,0.985575904143809,0.0246381390090302,3.23355112252747,2025-11-06 13:27:57,2025-11-06 13:29:00,NA
"2","Nov","GWI","UP","5","2-Nov-GWI-UP-5",2025-11-06 13:35:00.5,561.238880402462,3.20583151333983,3.92849656072803e-35,0.916502261142177,18.8166020723463,342.330691567981,3.46481221897701,0.0230237296476819,3889.56777731827,0.941864732511872,3.36243226304644e-81,0.997269788438076,3.40253024252067,289.239928192272,0.998881111341306,2.21420332556043,342.342536329284,TRUE,3.4637492262415,0.0232568378050347,3.81003428299932,2025-11-06 13:34:29,2025-11-06 13:35:32,NA
"2","Nov","MSM","TR","1a","2-Nov-MSM-TR-1a",2025-11-13 12:57:34.5,766.276517333118,1.11440900039585,1.10717189662135e-66,0.930496154218202,6.8514299615497,712.765740250403,0.765571884844541,0.0154206943981466,3891.70178149634,1.07560494906453,4.19247507712941e-78,0.956533553109896,5.41818556763245,603.576588158183,0.983895447346162,3.32785048813457,712.791760202585,TRUE,0.763116030692198,0.0160597601212449,6.16865218525986,2025-11-13 12:56:38,2025-11-13 12:58:31,NA
"2","Nov","MSM","TR","2","2-Nov-MSM-TR-2",2025-11-13 13:05:26.5,911.704619715233,1.19135541621409,1.82913863732849e-57,0.898495935010609,12.9656031369599,654.381854225461,1.21924590199927,0.0119369749772761,3886.4403361054,0.832612918129078,2.21350409429247e-112,0.989378485587461,4.1941526025469,595.534637263461,0.993879827827815,3.2125174498256,654.402203267259,TRUE,1.21758579904918,0.0125553033657448,4.66472632553233,2025-11-13 13:04:30,2025-11-13 13:06:23,NA
"2","Nov","MSM","TR","3","2-Nov-MSM-TR-3",2025-11-13 13:13:00.5,948.223774690032,1.87329773293572,1.16596898735805e-62,0.918005017674481,15.2178894096414,723.448566852173,1.59157392990066,0.0161604177248006,3931.86285889502,1.12720120345779,1.25281163642641e-110,0.988584801094139,5.67809333501544,627.353682574929,0.995255811458251,3.69363880563321,723.604759096784,TRUE,1.5854596251998,0.0171474794330133,5.66181889871083,2025-11-13 13:12:04,2025-11-13 13:13:57,NA
"2","Nov","MSM","TR","4","2-Nov-MSM-TR-4",2025-11-13 13:21:23.5,840.592965480683,1.21615289251512,2.18317603364781e-65,0.926697967219402,9.49159545394361,722.409404429281,1.0421277251392,0.01608693050001,3909.93869098111,1.12207541465496,1.30459098890943e-90,0.974005358077261,5.65227300484834,627.042689771569,0.989127326870095,3.68860410374391,722.526145693281,TRUE,1.03670730121932,0.0173418382063021,5.55378089587576,2025-11-13 13:20:27,2025-11-13 13:22:20,NA
"2","Nov","MSM","TR","5","2-Nov-MSM-TR-5",2025-11-13 13:30:06.5,878.353639159757,1.2224115860451,8.96954771937805e-61,0.911398745862562,11.201231278065,769.319256753908,1.11399485272017,0.0197618268205067,3885.01594313585,1.37840217709313,4.7779767477992e-84,0.965954289041139,6.94347751822318,700.161298856796,0.982079100728469,5.08321405081397,769.43413322243,TRUE,1.11533879120481,0.0200303257050774,7.7680801045998,2025-11-13 13:29:10,2025-11-13 13:31:03,NA
"2","Nov","MSM","UP","1","2-Nov-MSM-UP-1",2025-11-13 12:21:14.5,517.177773508292,1.94659545674051,9.24829822407747e-32,0.892782365919339,13.3366004807567,333.648885037794,2.16348717836706,0.0215138904585915,3932.03074560868,0.880099575183776,2.16840065721205e-70,0.993906504749901,3.17940073306083,305.908147801664,0.99628910595353,2.52215358066025,333.73994205865,TRUE,2.15751964926474,0.021054086609153,3.19772719943382,2025-11-13 12:20:43,2025-11-13 12:21:46,NA
"2","Nov","MSM","UP","2","2-Nov-MSM-UP-2",2025-11-13 12:25:51.5,NA,NA,NA,NA,NA,363.897600570634,1.79373517497307,0.0272490016696886,3950.02428543396,1.11471399558502,4.35090842456723e-59,0.985893917536168,4.02695626114366,297.53921564547,0.995301438865148,2.36252473363475,364.777832989112,TRUE,1.8148629489794,0.0278857244135362,3.69568339355319,2025-11-13 12:25:20,2025-11-13 12:26:23,NA
"2","Nov","MSM","UP","3a","2-Nov-MSM-UP-3a",2025-11-13 12:32:14.5,444.922445815168,0.867139682779289,1.19203261271436e-27,0.854601862348036,7.58382298339778,342.359621962256,1.04405915414353,0.023028934029369,3929.91581843669,0.942077635618387,2.98062844177381e-49,0.970719211046311,3.40329936491546,279.619806075348,0.98967960524643,2.05388980754306,342.556567425185,TRUE,1.05096921918197,0.0246861296588844,3.11528206841459,2025-11-13 12:31:43,2025-11-13 12:32:46,NA
"2","Nov","MSM","UP","4","2-Nov-MSM-UP-4",2025-11-13 12:15:26.5,NA,NA,NA,NA,NA,371.192960181922,1.40109751046623,0.0288471696212801,3917.81122853932,1.18009254429406,4.67391464448894e-51,0.97439088354102,4.26313931537201,278.959217014941,0.994306665168777,2.04331729121354,371.522938703497,TRUE,1.41450311733519,0.0277672571638105,4.8568382795194,2025-11-13 12:14:55,2025-11-13 12:15:58,NA
"2","Nov","MSM","UP","5","2-Nov-MSM-UP-5",2025-11-13 12:37:06.5,NA,NA,NA,NA,NA,357.634560577629,3.18764906755065,0.0259478014769514,3969.94523110695,1.06148393293962,9.39433035532364e-76,0.995908606025249,3.83466017900963,304.149025509524,0.998333585601066,2.48772836075932,358.333007130747,TRUE,3.20628176561,0.0241438979417492,3.56853567952851,2025-11-13 12:36:35,2025-11-13 12:37:38,NA
"2","Nov","SWH","SWAMP","1","2-Nov-SWH-SWAMP-1",2025-11-04 15:06:11.5,NA,NA,NA,NA,NA,539.771186261274,1.758546407071,0.00722077548920872,4447.82441566578,0.503654482200891,1.9554760773405e-154,0.998115228434583,2.53707780808152,509.478492587756,0.9986048617341,2.20254971582482,540.759199780672,TRUE,1.76529861732983,0.00678900998410637,2.61078153866822,2025-11-04 15:05:15,2025-11-04 15:07:08,NA
"2","Nov","SWH","SWAMP","2","2-Nov-SWH-SWAMP-2",2025-11-04 14:55:57.5,1095.3066827781,2.43940539696666,5.76726564319284e-53,0.877896079130071,29.0080142345244,536.527574456614,2.49928072330757,0.00711877733489114,4332.85777228955,0.496540034774151,3.34809045220446e-172,0.999092170445281,2.50123993247229,530.080680722523,0.99917166536011,2.41084214759809,536.922051768285,TRUE,2.49555913925249,0.00725165801758045,2.3725020482625,2025-11-04 14:55:01,2025-11-04 14:56:54,NA
"2","Nov","SWH","SWAMP","3b","2-Nov-SWH-SWAMP-3b",2025-11-04 14:45:18.5,NA,NA,NA,NA,NA,628.102480705686,2.77993032862458,0.0106374448958136,4389.30703167347,0.741969724574366,7.36294254889116e-158,0.998362756715842,3.73755220892711,562.659413122147,0.999109645706104,2.78115220061895,628.213156992741,TRUE,2.77819648533145,0.0114847604373541,3.60625813750409,2025-11-04 14:44:22,2025-11-04 14:46:15,NA
"2","Nov","SWH","SWAMP","4a","2-Nov-SWH-SWAMP-4a",2025-11-04 14:14:03.5,1245.06616958199,5.75460882641791,8.37269071748446e-59,0.903929769210188,55.9474019866975,858.320422396875,5.42802687465194,0.0291982310844355,4296.48987766353,2.03659842076392,2.48085581994404e-141,0.996769706692226,10.2590343973809,643.460941704489,0.999526331261534,3.96401726422801,858.351494375318,TRUE,5.42471186347556,0.0306265442260523,12.7636641408324,2025-11-04 14:13:07,2025-11-04 14:15:00,NA
"2","Nov","SWH","SWAMP","5","2-Nov-SWH-SWAMP-5",2025-11-04 14:34:08.5,NA,NA,NA,NA,NA,685.520354270477,3.99745731134757,0.0136838060358969,4341.95451402709,0.954455688844901,2.8598152463524e-163,0.998689326312525,4.80791580844046,589.087463413447,0.999456893040923,3.12294917505151,691.35919238924,TRUE,4.02632426587152,0.00885701476945015,2.86311993563249,2025-11-04 14:33:12,2025-11-04 14:35:05,NA
"2","Nov","SWH","TR","1","2-Nov-SWH-TR-1",2025-11-04 11:56:18.5,1143.61066170057,3.26043845725446,6.2996300047894e-56,0.891880758699203,35.8531597558498,850.262243655263,3.2706682314061,0.0281843043291648,3736.10580524523,1.96587627247408,1.5647199955993e-118,0.991751734243231,9.90278303993851,795.49059598295,0.995074320681055,7.72185562436662,850.306191133521,TRUE,3.27019585517699,0.0323035037097141,9.83992286195036,2025-11-04 11:55:22,2025-11-04 11:57:15,NA
"2","Nov","SWH","TR","10","2-Nov-SWH-TR-10",2025-11-05 09:56:03.5,NA,NA,NA,NA,NA,1062.00173020126,5.70770970834294,0.0713392878538471,4011.81564257533,4.97596859759824,1.15749306209942e-100,0.982804339057662,25.0656351701871,743.39190898903,0.99898514436707,6.1444650694174,1062.46594520521,TRUE,5.7536645945167,0.0721852058336001,28.8641971833159,2025-11-05 09:55:07,2025-11-05 09:57:00,NA
"2","Nov","SWH","TR","2","2-Nov-SWH-TR-2",2025-11-04 11:47:43,690.582514962304,1.89107754679046,4.66076856028109e-66,0.946558029223044,6.78070985289895,641.404672013235,0.960569261736847,0.0176991506956402,3779.65678752786,1.12218756903419,1.5576457209605e-76,0.96684672115983,5.34068756184196,562.365719139414,0.985195396273715,3.60475216916579,645.407803523176,TRUE,0.93139949277512,0.0151125407138141,4.766533583581,2025-11-04 11:46:52,2025-11-04 11:48:34,NA
"2","Nov","SWH","TR","3a","2-Nov-SWH-TR-3a",2025-11-04 12:08:30.5,795.671038598883,0.429917475714425,8.78763565945791e-44,0.821983582377715,7.79420666819045,731.625813775397,0.527423631772516,0.0167505320199233,3761.00322403791,1.16836211618711,1.82675274137944e-57,0.898498298476261,5.88543476041011,714.507330189088,0.915662575891216,5.41333275240064,731.748780801314,TRUE,0.53262129437503,0.0163061303715857,6.0782217889421,2025-11-04 12:07:34,2025-11-04 12:09:27,"low r2, but also low flux - checked"
"2","Nov","SWH","TR","4","2-Nov-SWH-TR-4",2025-11-04 11:31:59.5,700.040481309127,2.25182166680101,7.88593486393202e-62,0.943833560982606,8.43503591816926,644.624785566022,1.22522703211839,0.0227023917618288,3735.5605325164,1.37391678864803,1.26961892544352e-73,0.968092116053285,6.35766284536769,572.093659216986,0.985386828724065,4.34802886064166,646.131990659729,TRUE,1.20217078476122,0.02301053233406,6.36016386422253,2025-11-04 11:31:11,2025-11-04 11:32:48,NA
"2","Nov","SWH","TR","5","2-Nov-SWH-TR-5",2025-11-04 11:39:02,837.535114996072,2.42357945411945,6.65839020309385e-51,0.907504120622627,17.7740937455072,741.66517055269,2.02972379596874,0.0393211403958823,3750.48222185809,2.35697357446863,2.63959603189848e-71,0.965573929058616,10.8435129701781,728.966363103101,0.971018389753228,10.0555969548109,741.847977279162,TRUE,2.03530952831518,0.030808346073818,6.42228323875222,2025-11-04 11:38:14,2025-11-04 11:39:50,NA
"2","Nov","SWH","TR","6","2-Nov-SWH-TR-6",2025-11-04 11:14:58.5,NA,NA,NA,NA,NA,610.582955168839,1.87988507843966,0.00985067804055687,3901.16897916317,0.687092148933167,1.33060213228568e-142,0.996934127188816,3.46111531768335,612.773831984461,0.996982397040087,3.4648362915548,610.674441836338,TRUE,1.88260860963487,0.01015663090446,3.02177210541733,2025-11-04 11:14:02,2025-11-04 11:15:55,NA
"2","Nov","SWH","TR","7","2-Nov-SWH-TR-7",2025-11-04 10:58:04.5,NA,NA,NA,NA,NA,640.675207738329,0.970244672714075,0.0112405059109193,3869.3860174265,0.784033680689955,2.69273801007643e-104,0.985190263994949,3.94944256899028,635.293267900497,0.98636026689976,3.82452715868747,641.392130851808,TRUE,0.978248810140157,0.0113148234776836,4.14391624924561,2025-11-04 10:57:08,2025-11-04 10:59:01,NA
"2","Nov","SWH","TR","8","2-Nov-SWH-TR-8",2025-11-04 11:22:19.5,927.646691510389,1.28735103405006,5.17198892794419e-56,0.89226048645046,13.9046220414189,722.582438547318,1.26451499785544,0.016099143852469,3810.11728245387,1.12292730510882,8.81609058724338e-100,0.98216955899074,5.6565642649121,693.713174885432,0.986635789288659,4.9414682478702,723.351013727184,TRUE,1.25234396700211,0.0162124996593026,5.79658477576169,2025-11-04 11:21:23,2025-11-04 11:23:16,NA
"2","Nov","SWH","TR","9a","2-Nov-SWH-TR-9a",2025-11-05 09:44:23.5,NA,NA,NA,NA,NA,568.335600604792,0.85585152054464,0.00818452253247318,4079.92483794503,0.570876558108585,1.63508141497005e-113,0.989861301399652,2.87569811828568,534.230495189581,0.99274199980175,2.45512350114218,569.875868257506,TRUE,0.864951111483058,0.0074888974578899,2.59161936524452,2025-11-05 09:43:27,2025-11-05 09:45:20,NA
"2","Nov","SWH","UP","1c","2-Nov-SWH-UP-1c",2025-11-04 13:11:21.5,NA,NA,NA,NA,NA,448.432023009599,3.93499639551169,0.0527435800516668,3961.30582526795,2.15765728130339,2.03843315555057e-62,0.988983810355242,7.79463748796556,388.372594184664,0.995951131735188,4.80360472015136,451.742806996758,TRUE,4.0169626170974,0.0388481404571015,5.12684395647315,2025-11-04 13:10:50,2025-11-04 13:11:53,NA
"2","Nov","SWH","UP","2a","2-Nov-SWH-UP-2a",2025-11-04 13:20:34.5,NA,NA,NA,NA,NA,412.209549969138,2.62779798446229,0.039743805367281,3903.71172080633,1.62585685221625,3.32279664881187e-59,0.986016026009697,5.87348365292519,333.645990355984,0.996150834621494,3.13244868766499,414.102800371692,TRUE,2.67699292971463,0.0337533570303936,4.04091107806434,2025-11-04 13:20:03,2025-11-04 13:21:06,NA
"2","Nov","SWH","UP","3b","2-Nov-SWH-UP-3b",2025-11-04 13:36:44.5,599.609509124586,5.36821168137225,3.97400224515265e-37,0.927988105889721,25.3939283976763,426.431277289345,5.02979248372772,0.0444142886375873,4136.69985531729,1.81691901040707,1.42733294631845e-73,0.995188920780431,6.56370460398661,352.560995824048,0.998574962283588,3.63129199790559,426.437150235472,TRUE,5.0265606873723,0.0473339250849104,7.97224216517401,2025-11-04 13:36:13,2025-11-04 13:37:16,NA
"2","Nov","SWH","UP","4","2-Nov-SWH-UP-4",2025-11-04 13:41:12.5,NA,NA,NA,NA,NA,424.143898401292,2.7564300946446,0.0436276483684161,4169.1572406585,1.78473878860793,5.34068167655409e-58,0.984705763142484,6.4474520529535,306.662317602562,0.997708225561521,2.53705785191368,430.698549405538,TRUE,2.85438088532234,0.0288936190918581,4.03672578952756,2025-11-04 13:40:41,2025-11-04 13:41:44,NA
"2","Nov","SWH","UP","5","2-Nov-SWH-UP-5",2025-11-04 13:45:24.5,NA,NA,NA,NA,NA,506.446096552666,7.6314745528859,0.0829864224373589,4270.61418439907,3.39484461323796,5.34613672963406e-68,0.992721925987127,12.2640343846349,393.553838254194,0.998828336267151,5.0020362959921,514.954890234535,TRUE,7.8413429008211,0.0450867260506212,7.50146575540048,2025-11-04 13:44:53,2025-11-04 13:45:56,NA
"2","Sep","GCW","TR","1","2-Sep-GCW-TR-1",2025-09-09 13:12:27.5,NA,NA,NA,NA,NA,927.893768276178,6.17918222808981,0.0396168440252382,3556.47960515116,2.76330445307217,7.94538545865368e-133,0.995417304994414,13.9196982308715,911.329041858091,0.996173712862396,12.834258746023,930.814566591381,TRUE,6.19089811674631,0.0221401111744035,7.51563164616279,2025-09-09 13:11:31,2025-09-09 13:13:24,NA
"2","Sep","GCW","TR","2","2-Sep-GCW-TR-2",2025-09-09 13:21:24.5,NA,NA,NA,NA,NA,686.757538917158,5.45228866002724,0.01375825958624,3556.57024215011,0.959648879576578,4.34176744145865e-178,0.999287347638147,4.8340756648978,670.689585846032,0.999402377637032,4.46684279633366,686.924637003229,TRUE,5.45785364509337,0.0135491681450999,4.25541088908004,2025-09-09 13:20:28,2025-09-09 13:22:21,NA
"2","Sep","GCW","TR","3","2-Sep-GCW-TR-3",2025-09-09 13:27:20.5,1248.22871741819,5.42701373968324,3.03184495205853e-56,0.893282071704214,56.7288456487256,763.768870662699,5.22652942193712,0.019286557291353,3509.79732800836,1.34525177254593,1.27192022595562e-159,0.998477214245156,6.77648772923511,685.330164712814,0.999261109212054,4.76308189054759,763.990675561237,TRUE,5.22710380760832,0.0186848266971136,6.72522613528095,2025-09-09 13:26:24,2025-09-09 13:28:17,NA
"2","Sep","GCW","TR","4","2-Sep-GCW-TR-4",2025-09-09 13:33:00.5,1222.28618126613,4.46745275982785,2.19981447836815e-55,0.889441973809655,50.6277461893067,719.153664190075,4.58312304343501,0.0158588485024203,3563.37240350301,1.10616652501186,9.56310938313581e-163,0.998660766581154,5.57213455221641,681.124726079563,0.999073718894667,4.67603256768423,719.624871683253,TRUE,4.57408858101125,0.0145802398661116,4.53765861565625,2025-09-09 13:32:04,2025-09-09 13:33:57,NA
"2","Sep","GCW","TR","5","2-Sep-GCW-TR-5",2025-09-09 13:39:19.5,1197.70856001422,4.01672617387677,1.15571230128353e-53,0.881347173282792,45.4541072570266,679.037581750184,3.97210434797554,0.0133002107330005,3499.54893585822,0.927699630033249,2.42192006258558e-164,0.998745852093245,4.67313649952588,678.456779951873,0.998795247789556,4.62163477700767,679.445401160999,TRUE,3.97895214856473,0.0113593268029413,3.75627324807397,2025-09-09 13:38:23,2025-09-09 13:40:16,NA
"2","Sep","GCW","UP","1","2-Sep-GCW-UP-1",2025-09-09 13:45:12.5,NA,NA,NA,NA,NA,368.135776463599,4.02983000212193,0.0615558383367035,3594.09639962795,2.16337612156867,1.23416370318337e-51,0.988012439684253,7.0500920404108,370.96045419978,0.98827053274131,7.11189272999755,368.223508586576,TRUE,4.03126143884841,0.0476331122474488,4.44781895677783,2025-09-09 13:44:46,2025-09-09 13:45:39,NA
"2","Sep","GCW","UP","2","2-Sep-GCW-UP-2",2025-09-09 13:53:04.5,NA,NA,NA,NA,NA,372.970152077657,4.37062308035252,0.0643738465069856,3573.26051706053,2.26241484398241,1.89782255252882e-52,0.988845147272983,7.37284317999316,285.678876897175,0.997942903638198,3.22884400780618,379.547019080395,TRUE,4.51258395392102,0.0517959413258235,4.12413606176192,2025-09-09 13:52:38,2025-09-09 13:53:31,NA
"2","Sep","GCW","UP","3","2-Sep-GCW-UP-3",2025-09-09 13:56:57.5,NA,NA,NA,NA,NA,346.334303669107,2.88768877269371,0.0503037292481734,3571.07064084908,1.76792144534022,1.04474552982289e-48,0.984465283020976,5.76136936411546,298.565568646731,0.994044012320656,3.63804118480555,347.949893337805,TRUE,2.94380302812733,0.04777174399178,5.08815689666344,2025-09-09 13:56:31,2025-09-09 13:57:24,NA
"2","Sep","GCW","UP","4","2-Sep-GCW-UP-4",2025-09-09 14:00:51.5,495.825573435361,5.08593504115647,7.75505812946625e-31,0.924468470386247,22.996766222906,314.10866301511,5.26152005017472,0.0373261313171362,3577.96081005999,1.31182457073094,7.51386014535081e-69,0.997389812105136,4.27502359498144,302.308979967344,0.998051937116015,3.76635095654408,314.226212558495,TRUE,5.26936765944123,0.0404506673782092,4.54258688460359,2025-09-09 14:00:25,2025-09-09 14:01:18,NA
"2","Sep","GCW","UP","5","2-Sep-GCW-UP-5",2025-09-09 13:49:14.5,569.525597303514,10.8863321036238,7.63015758161652e-32,0.930904276088363,45.5022254363084,380.821654722365,10.8874741834885,0.0692280785035331,3598.33845359011,2.43301652651402,2.56524777115949e-71,0.997902019131432,7.92880640437444,336.507813968443,0.999142492508606,5.16943028989998,380.849007971079,TRUE,10.8804807208744,0.0773249686260194,8.64871036795626,2025-09-09 13:48:48,2025-09-09 13:49:41,NA
"2","Sep","GWI","TR","1","2-Sep-GWI-TR-1",2025-09-17 11:35:05.5,NA,NA,NA,NA,NA,605.227579384615,1.25924232982871,0.00962199668869205,3778.50925486258,0.671141453881839,2.44850067483254e-124,0.993503206342152,3.3807662770844,596.943605400074,0.994166864869648,3.2324312622802,605.256885031188,TRUE,1.26049580185337,0.00946025535604072,3.14201956791689,2025-09-17 11:34:09,2025-09-17 11:36:02,NA
"2","Sep","GWI","TR","2","2-Sep-GWI-TR-2",2025-09-17 11:41:55.5,856.378932215046,0.802525816403861,1.38969601555417e-49,0.859705060046598,10.172046451796,659.64292543225,0.807706581662958,0.0122156216723824,3800.21289587242,0.852048733181142,1.39609148097615e-91,0.975022073993516,4.29205737018659,663.443061426008,0.97506582675475,4.32710552141847,659.971723417629,TRUE,0.808481163420612,0.0119309017525007,3.53511421407208,2025-09-17 11:40:59,2025-09-17 11:42:52,NA
"2","Sep","GWI","TR","3","2-Sep-GWI-TR-3",2025-09-17 11:50:50.5,NA,NA,NA,NA,NA,632.332650040049,1.08686736890234,0.010836647619398,3776.46700002427,0.755864263291132,1.66764510611511e-111,0.988988510435393,3.80754369530839,630.705060622784,0.989518891836389,3.74833268906908,632.527100635173,TRUE,1.08769205716093,0.00975489338028008,2.85672700184076,2025-09-17 11:49:54,2025-09-17 11:51:47,NA
"2","Sep","GWI","TR","4","2-Sep-GWI-TR-4",2025-09-17 12:00:08.5,925.679282414593,1.52762900748721,1.23170714421966e-55,0.890579850242336,13.7851554142228,621.151218503923,1.25046780479036,0.0103180245441635,3947.92956357928,0.719689916532252,1.2593101633793e-120,0.992432246566713,3.62532128763171,614.191590234127,0.993125910757461,3.4864485936079,621.215655432459,TRUE,1.24945163495572,0.0106182431020585,3.76208809179646,2025-09-17 11:59:12,2025-09-17 12:01:05,NA
"2","Sep","GWI","TR","5","2-Sep-GWI-TR-5",2025-09-17 12:06:35.5,NA,NA,NA,NA,NA,608.832168692068,1.35308514481609,0.00977532546885441,3731.51146969419,0.681836250790367,4.76807650524173e-127,0.994188357437101,3.4346395828078,612.202100424374,0.994220389289205,3.45615877131096,608.862364628669,TRUE,1.35450120773042,0.0110872814835661,3.65829559861099,2025-09-17 12:05:39,2025-09-17 12:07:32,NA
"2","Sep","GWI","UP","1","2-Sep-GWI-UP-1",2025-09-17 12:13:08.5,NA,NA,NA,NA,NA,315.026242442079,5.00355024029903,0.0376446090727196,3896.15167323404,1.32301745170368,1.58285141567197e-67,0.997065217214525,4.3114993794132,308.682216728897,0.997576828036919,3.99529759451187,315.22230285227,TRUE,4.99172048180073,0.0418249974919154,4.29049959838291,2025-09-17 12:12:42,2025-09-17 12:13:35,NA
"2","Sep","GWI","UP","2","2-Sep-GWI-UP-2",2025-09-17 12:17:49.5,513.072664600139,6.24388198061823,1.50307840664327e-30,0.922524370695748,26.9787331790733,323.244304220245,6.09556910634125,0.0406209085631758,3880.95092547867,1.42761931275007,2.92828840932138e-70,0.997696053736839,4.65237988586929,321.393095317376,0.997932649783002,4.49430656725977,323.473223050566,TRUE,6.08179325918085,0.0404268293731758,4.2863697118111,2025-09-17 12:17:23,2025-09-17 12:18:16,NA
"2","Sep","GWI","UP","3","2-Sep-GWI-UP-3",2025-09-17 12:21:15.5,527.036758007782,6.69585753261555,1.07354584362847e-29,0.916448915022712,30.7025605540579,293.377559877424,6.68397694058025,0.0308069093444533,3953.92152608139,1.08270691872589,1.42425425818821e-78,0.99889655615943,3.52836631305342,294.116255193567,0.998961225635883,3.49120885828144,293.670270041009,TRUE,6.67040623560718,0.0304493755863834,3.16552324234594,2025-09-17 12:20:49,2025-09-17 12:21:42,NA
"2","Sep","GWI","UP","4","2-Sep-GWI-UP-4",2025-09-17 12:24:47.5,503.774796502694,5.54462461695952,2.8931638433068e-30,0.920551431645691,24.7532680898058,293.651425979596,5.52475529358242,0.0308851285523253,3902.13985430993,1.08545592793656,3.21094660155825e-74,0.998377551634326,3.53732488838481,292.72281760019,0.998519076588927,3.44645392297507,293.77455023861,TRUE,5.51836907031351,0.0300429921855431,3.04551315593021,2025-09-17 12:24:21,2025-09-17 12:25:14,NA
"2","Sep","GWI","UP","5","2-Sep-GWI-UP-5",2025-09-17 12:29:07.5,530.300780633544,7.04907430553511,2.13163980119621e-30,0.921477907479511,31.6446307137857,325.058077676483,7.10393143115038,0.0413088648394024,3869.51585603021,1.45179749342127,2.48188796090781e-73,0.998244788744682,4.73117265676204,313.816687528937,0.998676418582798,4.18982708456896,325.105210497905,TRUE,7.10291639369567,0.0422747870314985,4.76517784686795,2025-09-17 12:28:41,2025-09-17 12:29:34,NA
"2","Sep","MSM","TR","1","2-Sep-MSM-TR-1",2025-09-11 14:13:56.5,926.289004595118,2.17020979707456,2.00422321596337e-68,0.935298183223795,13.8220692896903,787.118161666879,1.62102309941149,0.0213663554771875,3515.24407962183,1.49031924901494,3.99406987116143e-98,0.980913287480952,7.50724162546892,668.684368616263,0.993479104112683,4.4277299988378,789.475241557938,TRUE,1.59346329138297,0.0222853621850175,7.07350301805837,2025-09-11 14:13:00,2025-09-11 14:14:53,NA
"2","Sep","MSM","TR","2","2-Sep-MSM-TR-2",2025-09-11 14:20:25.5,975.525214622143,1.89306620909366,6.64899591217254e-65,0.925226641171863,17.1537160295612,858.070576049833,1.86410431553579,0.0291662526817891,3497.46113162696,2.03436790330073,5.68147740383552e-90,0.973313500281465,10.247798527243,767.782178763062,0.988329472989044,6.83821378715973,869.143018535281,TRUE,1.78202005528117,0.0232621474451454,7.15591568543035,2025-09-11 14:19:29,2025-09-11 14:21:22,NA
"2","Sep","MSM","TR","3","2-Sep-MSM-TR-3",2025-09-11 14:28:18.5,964.027122518378,1.94925571633733,2.99221907452032e-64,0.923192528411525,16.3101008465253,781.242637247091,1.75886203792484,0.020822781816297,3599.72204780522,1.45240458027569,2.93405044280941e-103,0.984545051490913,7.31625262793479,690.429454424509,0.993272291080099,4.87080986744152,786.27431294547,FALSE,1.71901224412049,0.0184572410206289,5.59700734559319,2025-09-11 14:27:22,2025-09-11 14:29:15,NA
"2","Sep","MSM","TR","4","2-Sep-MSM-TR-4",2025-09-11 14:35:09.5,NA,NA,NA,NA,NA,702.543800889006,2.12534587422653,0.0147446061631351,3609.43167880308,1.02844728983032,5.22119837293551e-129,0.994638449667258,5.18063650383506,701.03663092137,0.994891301546725,5.1027669122058,703.184924730093,TRUE,2.13430313799986,0.0130613446702804,4.629707452237,2025-09-11 14:34:13,2025-09-11 14:36:06,NA
"2","Sep","MSM","TR","5","2-Sep-MSM-TR-5",2025-09-11 14:41:22.5,962.189242757097,1.73093435975888,1.75974766966095e-62,0.917400584363553,16.1791556193451,781.921577512566,1.68114467939768,0.0208848804794257,3542.15111656222,1.45673600839864,5.92719819483746e-101,0.983008600628368,7.33807149494858,706.462865377905,0.991537022602639,5.22566571001468,783.177021913313,TRUE,1.66018165914513,0.0213526013228211,6.45857347793537,2025-09-11 14:40:26,2025-09-11 14:42:19,NA
"2","Sep","MSM","UP","1","2-Sep-MSM-UP-1",2025-09-11 15:06:21.5,NA,NA,NA,NA,NA,342.080033900615,10.2709647607924,0.048360715829452,4284.74578364375,1.69963435921597,4.3152459971824e-78,0.998848494740433,5.53883282155697,334.22641406654,0.999075443827899,5.06137615596764,342.373497362585,TRUE,10.2903460914544,0.0516063180604266,5.46656541547339,2025-09-11 15:05:55,2025-09-11 15:06:48,NA
"2","Sep","MSM","UP","2","2-Sep-MSM-UP-2",2025-09-11 15:02:23.5,NA,NA,NA,NA,NA,365.804963511693,5.93405106112394,0.0602415974907959,4034.11947649839,2.11718720852886,8.69067811451869e-61,0.994669443851336,6.89956986124341,341.81313266101,0.996825696183691,5.42971044945615,369.451400165426,TRUE,6.02953783217318,0.0378652565125967,4.66026555980082,2025-09-11 15:01:57,2025-09-11 15:02:50,NA
"2","Sep","MSM","UP","3","2-Sep-MSM-UP-3",2025-09-11 14:58:42.5,NA,NA,NA,NA,NA,331.354724224457,3.64521561785115,0.0437888581465934,3808.72979697689,1.53895670443031,5.2045916279901e-57,0.992552038454819,5.0152103946556,312.909444384581,0.995085023135403,4.15477828136693,332.660363407073,TRUE,3.69031935425494,0.0300239749937031,3.30380823648983,2025-09-11 14:58:16,2025-09-11 14:59:09,NA
"2","Sep","MSM","UP","4","2-Sep-MSM-UP-4",2025-09-11 14:54:35.5,515.470512641149,5.15801393275374,7.41092126246222e-28,0.901699706587111,27.5844219776763,326.554394335671,5.5311580728008,0.0418851733301843,3831.56357264069,1.47205181959574,2.21636103694268e-67,0.997026973740214,4.7971782220093,308.62571564103,0.998019214002756,3.99320796838018,326.587394997367,TRUE,5.52374030958991,0.0469165711811525,4.66555497042242,2025-09-11 14:54:09,2025-09-11 14:55:02,NA
"2","Sep","MSM","UP","5","2-Sep-MSM-UP-5",2025-09-11 14:50:30.5,NA,NA,NA,NA,NA,381.182466310067,8.46034088297751,0.0694597457605936,3868.10925102667,2.44115845789887,1.4625728901913e-65,0.996507194221234,7.95533963873789,338.031147423075,0.998541318727837,5.24286144441729,382.213406456476,TRUE,8.52034045191437,0.067492480481362,6.2116249577885,2025-09-11 14:50:04,2025-09-11 14:50:57,NA
"2","Sep","SWH","SWAMP","1","2-Sep-SWH-SWAMP-1",2025-09-16 13:18:57.963964,NA,NA,NA,NA,NA,589.596741227126,1.49064662996014,0.0100044447808662,3681.54872018545,0.6893027723087,8.51700591040621e-128,0.99511419648318,3.38368981736846,584.342609983694,0.995505011062825,3.27573091395853,589.739688604631,TRUE,1.48701348382129,0.0103564088587334,3.57004177594913,2025-09-16 13:18:02,2025-09-16 13:19:53,NA
"2","Sep","SWH","SWAMP","2","2-Sep-SWH-SWAMP-2",2025-09-16 13:26:39.711712,1073.91215108174,2.90895687439564,8.52537897699972e-53,0.883954659150507,29.9811161349608,600.161017134902,2.68135639804969,0.0103637732285995,3781.42822409246,0.732021554766463,7.66685525877536e-154,0.998374276820416,3.54860157882475,574.209083468971,0.998758754252809,3.12956653640049,600.179889616832,TRUE,2.68105158232237,0.0108459006757205,3.72322352943423,2025-09-16 13:25:42,2025-09-16 13:27:35,NA
"2","Sep","SWH","SWAMP","3","2-Sep-SWH-SWAMP-3",2025-09-16 13:01:34,1139.61858802356,3.56029599413125,9.53681941796253e-55,0.888720850685559,36.8185475209642,642.402128042816,3.351308269644,0.0117645989103352,3778.65355237959,0.813800770021925,7.87651835969005e-161,0.998633987052525,4.07931423712764,622.382156633808,0.998895569164996,3.70149575239235,642.608474278265,TRUE,3.35135944771979,0.0111263978350378,3.79528338240576,2025-09-16 13:00:38,2025-09-16 13:02:30,NA
"2","Sep","SWH","SWAMP","4","2-Sep-SWH-SWAMP-4",2025-09-16 12:52:17.535714,1204.06551471113,4.6751133413082,2.34950221369366e-54,0.889125774326588,51.3455093962556,693.694865215707,4.71524897337304,0.0153448381669528,3734.6295782435,1.05352280265346,3.15964125791143e-163,0.998836403479019,5.26003185132775,650.158427362541,0.999238843904379,4.29347063215069,693.744201728377,TRUE,4.71195878673649,0.0156031420654742,5.92062319806549,2025-09-16 12:51:22,2025-09-16 12:53:14,NA
"2","Sep","SWH","SWAMP","5","2-Sep-SWH-SWAMP-5",2025-09-16 13:08:29.5,1253.21091810815,5.08729589812216,1.99350612966559e-54,0.885008774553001,57.982113808854,631.124363265368,5.14889685992696,0.0107793706722577,3712.40289196056,0.751869153458799,3.62419908519027e-187,0.999509359588465,3.78741897716399,608.86957936967,0.999610288633901,3.40600983655427,631.43655082841,TRUE,5.15047580996896,0.0113426915916626,3.52237868023754,2025-09-16 13:07:33,2025-09-16 13:09:26,NA
"2","Sep","SWH","TR","10a","2-Sep-SWH-TR-10a",2025-09-16 15:38:49.5,831.57794939876,1.63788403645318,6.67758894892655e-63,0.918816455897515,9.12362473156205,731.305578777952,0.948093675047826,0.0167270217510989,3628.49076990761,1.16672225738125,2.64245511591289e-84,0.966312381396351,5.87717423750845,619.115616349562,0.987842817193195,3.56256299743086,735.034743103909,TRUE,0.976587449843258,0.0159229687999011,4.85365873072057,2025-09-16 15:37:53,2025-09-16 15:39:46,NA
"2","Sep","SWH","TR","1b","2-Sep-SWH-TR-1b",2025-09-16 14:21:10.9,1117.90430768115,27.2343061417472,1.0853572711766e-37,0.880240364911431,255.47442168098,736.711114555359,22.8383630891843,0.0826621221809361,3562.73380797884,6.42668097368073,2.00979263218552e-118,0.99897921516346,23.5862717380102,690.053458414201,0.999458086520797,17.4099560449895,739.76286401679,TRUE,22.9710042350523,0.0580776835632069,15.9379902975144,2025-09-16 14:20:06,2025-09-16 14:21:57,NA
"2","Sep","SWH","TR","2","2-Sep-SWH-TR-2",2025-09-16 14:39:20.5,NA,NA,NA,NA,NA,1073.59007249087,10.1308848666688,0.0750589091176673,3808.01434997833,5.23541495822981,7.89516391041038e-126,0.993889652233612,26.3725541537519,970.24684092966,0.997616961403127,16.6187148270021,1081.55494449441,TRUE,9.96927876358875,0.0607247959203005,19.3706210422506,2025-09-16 14:38:24,2025-09-16 14:40:17,NA
"2","Sep","SWH","TR","3b","2-Sep-SWH-TR-3b",2025-09-16 15:01:29.5,1297.91785977889,16.4850678463448,1.25734394944699e-76,0.953813185838375,70.5426617414065,1316.02638831517,9.61536414101103,0.217367709826416,3753.09488080867,15.161560071135,9.21444480137223e-73,0.945861742903441,76.3739010606651,1138.63940760044,0.988972113234259,34.781768243559,1316.21788735052,TRUE,9.52114206561141,0.27289964468545,69.562087756638,2025-09-16 15:00:33,2025-09-16 15:02:26,NA
"2","Sep","SWH","TR","4","2-Sep-SWH-TR-4",2025-09-16 15:46:36.5,1413.88405793688,10.281758489642,2.99607483913052e-54,0.884170107458818,117.312502307399,1044.94075873865,10.358625162608,0.0661958899224619,3701.72736193123,4.6172127512551,5.51821878566184e-133,0.99544703831309,23.2584607511304,1041.18122669215,0.995746628890203,22.6836678274394,1044.99254729978,TRUE,10.355014280559,0.0707111079580969,26.0688718486233,2025-09-16 15:45:40,2025-09-16 15:47:33,NA
"2","Sep","SWH","TR","5","2-Sep-SWH-TR-5",2025-09-16 15:18:30,NA,NA,NA,NA,NA,864.246497431325,4.31727347251689,0.0286223634801601,3717.15760285332,2.01294796570297,3.81855910447438e-132,0.995057819228528,10.1893201963899,654.667176983957,0.999228489345101,4.06195018661047,864.731112122783,TRUE,4.33069917299446,0.0287154263041898,11.5479207069171,2025-09-16 15:17:33,2025-09-16 15:19:27,NA
"2","Sep","SWH","TR","6","2-Sep-SWH-TR-6",2025-09-16 13:57:00.5,NA,NA,NA,NA,NA,609.058804572651,0.544679412612976,0.00978504713970012,3758.52579396195,0.682514344591129,1.86993609380007e-83,0.965114822899029,3.43805537040526,602.807369420154,0.968114953302448,3.31664201600539,609.060980766995,TRUE,0.544254058897534,0.0104689767379299,4.2763483132133,2025-09-16 13:56:04,2025-09-16 13:57:57,NA
"2","Sep","SWH","TR","7","2-Sep-SWH-TR-7",2025-09-16 14:28:27,657.326240784395,1.31316848649392,6.58313215933721e-46,0.903300586256181,9.50256513639072,472.81790602843,1.16886409054919,0.0139059287046882,3707.96618167711,0.769363649687941,4.30862830888516e-85,0.98783600957077,3.3702876544052,462.007488556228,0.989700752874805,3.13748629604353,472.833523095792,TRUE,1.16740797175237,0.0140120772038341,4.02594529921186,2025-09-16 14:27:43,2025-09-16 14:29:11,NA
"2","Sep","SWH","TR","8","2-Sep-SWH-TR-8",2025-09-16 15:10:30.5,836.35299095408,0.633512205077853,3.88321977391224e-47,0.844883005921029,9.31671723342177,613.806643549425,0.70462321509632,0.00999094590681551,3637.92718354665,0.69687593734419,1.20371577704694e-94,0.977978512294633,3.51039956578157,612.763268139798,0.978931510083863,3.46467576021952,613.920731467314,TRUE,0.70223887739893,0.0100933710175326,3.05007327524985,2025-09-16 15:09:34,2025-09-16 15:11:27,NA
"2","Sep","SWH","TR","9","2-Sep-SWH-TR-9",2025-09-16 15:26:12.5,NA,NA,NA,NA,NA,599.510860793192,1.80992912335906,0.00938374063574943,3676.36222720129,0.654522916280804,4.05620430117693e-143,0.996998479092166,3.29705308790338,587.732251266206,0.997386447847584,3.10444169499534,599.595865471756,TRUE,1.81255260460481,0.00990506400446841,3.604987265122,2025-09-16 15:25:16,2025-09-16 15:27:09,NA
"2","Sep","SWH","UP","1","2-Sep-SWH-UP-1",2025-09-16 12:24:12.5,520.087240110592,7.29493107309009,3.66743092049003e-31,0.926609769244942,28.7891525564732,341.146434149863,6.68198251665846,0.047944466135045,3894.21889230484,1.68500528951563,1.35404027233814e-68,0.997330016742269,5.49115905515791,331.24534534134,0.997936002510375,4.92358008631914,341.523975948858,TRUE,6.66134859786551,0.046899876843818,4.40461318213756,2025-09-16 12:23:46,2025-09-16 12:24:39,NA
"2","Sep","SWH","UP","2","2-Sep-SWH-UP-2",2025-09-16 12:28:08.5,483.803421069193,4.59049118832496,3.50902413150584e-31,0.926734113839078,20.5741900782743,295.638930394421,4.78034801444145,0.0314587640381077,3803.00481004004,1.10561631151607,1.52643744974263e-70,0.997753064034074,3.60302430994561,277.241801662722,0.998515903971279,2.98620429344096,295.818397079999,TRUE,4.76727731570263,0.0282544399023743,3.50656173046898,2025-09-16 12:27:42,2025-09-16 12:28:35,NA
"2","Sep","SWH","UP","3a","2-Sep-SWH-UP-3a",2025-09-16 12:35:24.5,522.58288455783,6.69102497598954,1.76793456526398e-31,0.928637921439944,29.4621529202842,339.835885954698,6.93554898863277,0.047366189859743,3874.51733902239,1.66468180567621,1.04531287972548e-69,0.997580495087045,5.42492811629286,322.459213576129,0.998371436016974,4.53889165688228,339.931544433941,TRUE,6.92149669706835,0.0442947870230843,4.82028363008001,2025-09-16 12:34:58,2025-09-16 12:35:51,NA
"2","Sep","SWH","UP","4","2-Sep-SWH-UP-4",2025-09-16 12:40:04.354167,353.863561330633,2.31468087764131,5.70570095760097e-27,0.920797733352163,9.26200027607178,260.601491796186,2.00812272298151,0.0317212336156946,3798.06001167089,1.1159214843088,2.15653343830118e-46,0.988651958933925,3.50587504972806,260.466702484547,0.98958857571969,3.43355204227063,260.662503113208,TRUE,2.01532361370769,0.0357915464862908,3.62634633543558,2025-09-16 12:39:38,2025-09-16 12:40:31,NA
"2","Sep","SWH","UP","5","2-Sep-SWH-UP-5",2025-09-16 12:44:21.5,570.071251889587,12.2934349055174,2.63529089455925e-32,0.933668918560529,45.7327006675184,390.905623972969,11.166626280957,0.0760032896867203,3822.89032485045,2.67113090344961,8.76221187528747e-70,0.997596859102882,8.70478255424696,357.432072785294,0.998799399393197,6.27457418821937,394.107370077455,TRUE,11.0521845454876,0.0583838542493195,6.81588690359308,2025-09-16 12:43:55,2025-09-16 12:44:48,NA
