"","Plate","Wells","Abs1","Abs2","IDs","Dilution","QAQC_flag","FE_2_Curve","FE_Tot_Curve","FE_2_Conc","CalcAbs2","Abs2_diff","FE_3_Conc","FE_2_Conc_DilCorr","FE_3_Conc_DilCorr","FE_2_Conc_Final","FE_3_Conc_Final","FE_tot_Conc_Final","ID_full","Run_notes"
"1","Plate15","A04",0.272,0.507,"202511_SWH_WC_B_10",1,"FE_2_high Std curve r2 low; FE_2_diff Std curve r2 low; Fe2 Chk Std 0.6 out of range; Fe3 Chk Std 9 out of range; Fe3 Chk Std 60 out of range; Spk recovery out of range","Within range","High",102.835205197712,0.404685103589122,0.102314896410878,70.6063332089921,102.835205197712,70.6063332089921,102.835205197712,70.6063332089921,173.441538406704,"Plate15_1_202511_SWH_WC_B_10","
The Fe2 diff std curve R squared is 0.94, which is below the 0.985 cutoff but I think is reasonable, 
and Melanie mentioned that this R sqaured might be lower since it is the difference between two curves and is more sensitive. 
The FE_2_high std curve R squared is 0.984, which is close to the 0.985 cutoff
so I think it is reasonable. 
The FE_2_diff slope is slightly lower than previous slopes. 
The check stds for FE3 60 uM and Fe3 9 uM were all bad.
One dup was off for Fe2 and one dup was off for Fe3. 
One spike was too high and one spike looks like the spk solution didn't get added. "
"2","Plate15","A05",0.232,0.53,"202511_SWH_WC_B_10",1,"FE_2_high Std curve r2 low; FE_2_diff Std curve r2 low; Fe2 Chk Std 0.6 out of range; Fe3 Chk Std 9 out of range; Fe3 Chk Std 60 out of range; Spk recovery out of range","Within range","High",84.0069246765705,0.34107124426093,0.18892875573907,130.377561317208,84.0069246765705,130.377561317208,84.0069246765705,130.377561317208,214.384485993778,"Plate15_1_202511_SWH_WC_B_10","
The Fe2 diff std curve R squared is 0.94, which is below the 0.985 cutoff but I think is reasonable, 
and Melanie mentioned that this R sqaured might be lower since it is the difference between two curves and is more sensitive. 
The FE_2_high std curve R squared is 0.984, which is close to the 0.985 cutoff
so I think it is reasonable. 
The FE_2_diff slope is slightly lower than previous slopes. 
The check stds for FE3 60 uM and Fe3 9 uM were all bad.
One dup was off for Fe2 and one dup was off for Fe3. 
One spike was too high and one spike looks like the spk solution didn't get added. "
"3","Plate15","A06",0.264,0.628,"202511_SWH_WC_B_10",1,"FE_2_high Std curve r2 low; FE_2_diff Std curve r2 low; Fe2 Chk Std 0.6 out of range; Fe3 Chk Std 9 out of range; Fe3 Chk Std 60 out of range; Spk recovery out of range","Within range","High",99.0695490934838,0.391962331723484,0.236037668276516,162.886880022618,99.0695490934838,162.886880022618,99.0695490934838,162.886880022618,261.956429116102,"Plate15_1_202511_SWH_WC_B_10","
The Fe2 diff std curve R squared is 0.94, which is below the 0.985 cutoff but I think is reasonable, 
and Melanie mentioned that this R sqaured might be lower since it is the difference between two curves and is more sensitive. 
The FE_2_high std curve R squared is 0.984, which is close to the 0.985 cutoff
so I think it is reasonable. 
The FE_2_diff slope is slightly lower than previous slopes. 
The check stds for FE3 60 uM and Fe3 9 uM were all bad.
One dup was off for Fe2 and one dup was off for Fe3. 
One spike was too high and one spike looks like the spk solution didn't get added. "
"4","Plate15","A07",0.059,0.061,"20260309_TMP_C_E3",1,"FE_2_high Std curve r2 low; FE_2_diff Std curve r2 low; Fe2 Chk Std 0.6 out of range; Fe3 Chk Std 9 out of range; Fe3 Chk Std 60 out of range; Spk recovery out of range","Within range","Within range",7.60929647084105,0.0722556522087582,-0.0112556522087582,-7.49897175253063,7.60929647084105,-7.49897175253063,7.60929647084105,0,7.60929647084105,"Plate15_1_20260309_TMP_C_E3","
The Fe2 diff std curve R squared is 0.94, which is below the 0.985 cutoff but I think is reasonable, 
and Melanie mentioned that this R sqaured might be lower since it is the difference between two curves and is more sensitive. 
The FE_2_high std curve R squared is 0.984, which is close to the 0.985 cutoff
so I think it is reasonable. 
The FE_2_diff slope is slightly lower than previous slopes. 
The check stds for FE3 60 uM and Fe3 9 uM were all bad.
One dup was off for Fe2 and one dup was off for Fe3. 
One spike was too high and one spike looks like the spk solution didn't get added. "
"5","Plate15","A08",0.047,0.061,"20260309_TMP_C_E3",1,"FE_2_high Std curve r2 low; FE_2_diff Std curve r2 low; Fe2 Chk Std 0.6 out of range; Fe3 Chk Std 9 out of range; Fe3 Chk Std 60 out of range; Spk recovery out of range","Within range","Within range",3.23669158620264,0.0547716635605291,0.0062283364394709,4.14957020336028,3.23669158620264,4.14957020336028,3.23669158620264,4.14957020336028,7.38626178956292,"Plate15_1_20260309_TMP_C_E3","
The Fe2 diff std curve R squared is 0.94, which is below the 0.985 cutoff but I think is reasonable, 
and Melanie mentioned that this R sqaured might be lower since it is the difference between two curves and is more sensitive. 
The FE_2_high std curve R squared is 0.984, which is close to the 0.985 cutoff
so I think it is reasonable. 
The FE_2_diff slope is slightly lower than previous slopes. 
The check stds for FE3 60 uM and Fe3 9 uM were all bad.
One dup was off for Fe2 and one dup was off for Fe3. 
One spike was too high and one spike looks like the spk solution didn't get added. "
"6","Plate15","A09",0.053,0.059,"20260309_TMP_C_E3",1,"FE_2_high Std curve r2 low; FE_2_diff Std curve r2 low; Fe2 Chk Std 0.6 out of range; Fe3 Chk Std 9 out of range; Fe3 Chk Std 60 out of range; Spk recovery out of range","Within range","Within range",5.42299402852185,0.0635136578846437,-0.00451365788464367,-3.00718184515265,5.42299402852185,-3.00718184515265,5.42299402852185,0,5.42299402852185,"Plate15_1_20260309_TMP_C_E3","
The Fe2 diff std curve R squared is 0.94, which is below the 0.985 cutoff but I think is reasonable, 
and Melanie mentioned that this R sqaured might be lower since it is the difference between two curves and is more sensitive. 
The FE_2_high std curve R squared is 0.984, which is close to the 0.985 cutoff
so I think it is reasonable. 
The FE_2_diff slope is slightly lower than previous slopes. 
The check stds for FE3 60 uM and Fe3 9 uM were all bad.
One dup was off for Fe2 and one dup was off for Fe3. 
One spike was too high and one spike looks like the spk solution didn't get added. "
"7","Plate15","A10",0.059,0.093,"20260309_TMP_C_C3",1,"FE_2_high Std curve r2 low; FE_2_diff Std curve r2 low; Fe2 Chk Std 0.6 out of range; Fe3 Chk Std 9 out of range; Fe3 Chk Std 60 out of range; Spk recovery out of range","Within range","Within range",7.60929647084105,0.0722556522087582,0.0207443477912418,13.8207253765489,7.60929647084105,13.8207253765489,7.60929647084105,13.8207253765489,21.4300218473899,"Plate15_1_20260309_TMP_C_C3","
The Fe2 diff std curve R squared is 0.94, which is below the 0.985 cutoff but I think is reasonable, 
and Melanie mentioned that this R sqaured might be lower since it is the difference between two curves and is more sensitive. 
The FE_2_high std curve R squared is 0.984, which is close to the 0.985 cutoff
so I think it is reasonable. 
The FE_2_diff slope is slightly lower than previous slopes. 
The check stds for FE3 60 uM and Fe3 9 uM were all bad.
One dup was off for Fe2 and one dup was off for Fe3. 
One spike was too high and one spike looks like the spk solution didn't get added. "
"8","Plate15","A11",0.084,0.094,"20260309_TMP_C_C3",1,"FE_2_high Std curve r2 low; FE_2_diff Std curve r2 low; Fe2 Chk Std 0.6 out of range; Fe3 Chk Std 9 out of range; Fe3 Chk Std 60 out of range; Spk recovery out of range","Within range","Within range",16.7188899805044,0.108680628559236,-0.0146806285592356,-9.7808298296068,16.7188899805044,-9.7808298296068,16.7188899805044,0,16.7188899805044,"Plate15_1_20260309_TMP_C_C3","
The Fe2 diff std curve R squared is 0.94, which is below the 0.985 cutoff but I think is reasonable, 
and Melanie mentioned that this R sqaured might be lower since it is the difference between two curves and is more sensitive. 
The FE_2_high std curve R squared is 0.984, which is close to the 0.985 cutoff
so I think it is reasonable. 
The FE_2_diff slope is slightly lower than previous slopes. 
The check stds for FE3 60 uM and Fe3 9 uM were all bad.
One dup was off for Fe2 and one dup was off for Fe3. 
One spike was too high and one spike looks like the spk solution didn't get added. "
"9","Plate15","A12",0.088,0.093,"20260309_TMP_C_C3",1,"FE_2_high Std curve r2 low; FE_2_diff Std curve r2 low; Fe2 Chk Std 0.6 out of range; Fe3 Chk Std 9 out of range; Fe3 Chk Std 60 out of range; Spk recovery out of range","Within range","Within range",18.1764249420506,0.114508624775312,-0.021508624775312,-14.3299176835208,18.1764249420506,-14.3299176835208,18.1764249420506,0,18.1764249420506,"Plate15_1_20260309_TMP_C_C3","
The Fe2 diff std curve R squared is 0.94, which is below the 0.985 cutoff but I think is reasonable, 
and Melanie mentioned that this R sqaured might be lower since it is the difference between two curves and is more sensitive. 
The FE_2_high std curve R squared is 0.984, which is close to the 0.985 cutoff
so I think it is reasonable. 
The FE_2_diff slope is slightly lower than previous slopes. 
The check stds for FE3 60 uM and Fe3 9 uM were all bad.
One dup was off for Fe2 and one dup was off for Fe3. 
One spike was too high and one spike looks like the spk solution didn't get added. "
"10","Plate15","B04",0.218,0.298,"202511_SWH_WC_B_20",1,"FE_2_high Std curve r2 low; FE_2_diff Std curve r2 low; Fe2 Chk Std 0.6 out of range; Fe3 Chk Std 9 out of range; Fe3 Chk Std 60 out of range; Spk recovery out of range","Within range","Within range",77.4170264941709,0.318806393496063,-0.0208063934960634,-14.3582528409252,77.4170264941709,-14.3582528409252,77.4170264941709,0,77.4170264941709,"Plate15_1_202511_SWH_WC_B_20","
The Fe2 diff std curve R squared is 0.94, which is below the 0.985 cutoff but I think is reasonable, 
and Melanie mentioned that this R sqaured might be lower since it is the difference between two curves and is more sensitive. 
The FE_2_high std curve R squared is 0.984, which is close to the 0.985 cutoff
so I think it is reasonable. 
The FE_2_diff slope is slightly lower than previous slopes. 
The check stds for FE3 60 uM and Fe3 9 uM were all bad.
One dup was off for Fe2 and one dup was off for Fe3. 
One spike was too high and one spike looks like the spk solution didn't get added. "
"11","Plate15","B05",0.165,0.305,"202511_SWH_WC_B_20",1,"FE_2_high Std curve r2 low; FE_2_diff Std curve r2 low; Fe2 Chk Std 0.6 out of range; Fe3 Chk Std 9 out of range; Fe3 Chk Std 60 out of range; Spk recovery out of range","Within range","Within range",46.2339729518137,0.226697551934782,0.0783024480652178,54.0356187917203,46.2339729518137,54.0356187917203,46.2339729518137,54.0356187917203,100.269591743534,"Plate15_1_202511_SWH_WC_B_20","
The Fe2 diff std curve R squared is 0.94, which is below the 0.985 cutoff but I think is reasonable, 
and Melanie mentioned that this R sqaured might be lower since it is the difference between two curves and is more sensitive. 
The FE_2_high std curve R squared is 0.984, which is close to the 0.985 cutoff
so I think it is reasonable. 
The FE_2_diff slope is slightly lower than previous slopes. 
The check stds for FE3 60 uM and Fe3 9 uM were all bad.
One dup was off for Fe2 and one dup was off for Fe3. 
One spike was too high and one spike looks like the spk solution didn't get added. "
"12","Plate15","B06",0.176,0.31,"202511_SWH_WC_B_20",1,"FE_2_high Std curve r2 low; FE_2_diff Std curve r2 low; Fe2 Chk Std 0.6 out of range; Fe3 Chk Std 9 out of range; Fe3 Chk Std 60 out of range; Spk recovery out of range","Within range","Within range",50.2421940960656,0.242724541528992,0.0672754584710078,46.4260201028426,50.2421940960656,46.4260201028426,50.2421940960656,46.4260201028426,96.6682141989082,"Plate15_1_202511_SWH_WC_B_20","
The Fe2 diff std curve R squared is 0.94, which is below the 0.985 cutoff but I think is reasonable, 
and Melanie mentioned that this R sqaured might be lower since it is the difference between two curves and is more sensitive. 
The FE_2_high std curve R squared is 0.984, which is close to the 0.985 cutoff
so I think it is reasonable. 
The FE_2_diff slope is slightly lower than previous slopes. 
The check stds for FE3 60 uM and Fe3 9 uM were all bad.
One dup was off for Fe2 and one dup was off for Fe3. 
One spike was too high and one spike looks like the spk solution didn't get added. "
"13","Plate15","B07",0.073,0.079,"20260309_TMP_C_F6",1,"FE_2_high Std curve r2 low; FE_2_diff Std curve r2 low; Fe2 Chk Std 0.6 out of range; Fe3 Chk Std 9 out of range; Fe3 Chk Std 60 out of range; Spk recovery out of range","Within range","Within range",12.7106688362525,0.0926536389650255,-0.0136536389650255,-9.09660773262947,12.7106688362525,-9.09660773262947,12.7106688362525,0,12.7106688362525,"Plate15_1_20260309_TMP_C_F6","
The Fe2 diff std curve R squared is 0.94, which is below the 0.985 cutoff but I think is reasonable, 
and Melanie mentioned that this R sqaured might be lower since it is the difference between two curves and is more sensitive. 
The FE_2_high std curve R squared is 0.984, which is close to the 0.985 cutoff
so I think it is reasonable. 
The FE_2_diff slope is slightly lower than previous slopes. 
The check stds for FE3 60 uM and Fe3 9 uM were all bad.
One dup was off for Fe2 and one dup was off for Fe3. 
One spike was too high and one spike looks like the spk solution didn't get added. "
"14","Plate15","B08",0.072,0.079,"20260309_TMP_C_F6",1,"FE_2_high Std curve r2 low; FE_2_diff Std curve r2 low; Fe2 Chk Std 0.6 out of range; Fe3 Chk Std 9 out of range; Fe3 Chk Std 60 out of range; Spk recovery out of range","Within range","Within range",12.346285095866,0.0911966399110064,-0.0121966399110064,-8.12589590297189,12.346285095866,-8.12589590297189,12.346285095866,0,12.346285095866,"Plate15_1_20260309_TMP_C_F6","
The Fe2 diff std curve R squared is 0.94, which is below the 0.985 cutoff but I think is reasonable, 
and Melanie mentioned that this R sqaured might be lower since it is the difference between two curves and is more sensitive. 
The FE_2_high std curve R squared is 0.984, which is close to the 0.985 cutoff
so I think it is reasonable. 
The FE_2_diff slope is slightly lower than previous slopes. 
The check stds for FE3 60 uM and Fe3 9 uM were all bad.
One dup was off for Fe2 and one dup was off for Fe3. 
One spike was too high and one spike looks like the spk solution didn't get added. "
"15","Plate15","B09",0.073,0.08,"20260309_TMP_C_F6",1,"FE_2_high Std curve r2 low; FE_2_diff Std curve r2 low; Fe2 Chk Std 0.6 out of range; Fe3 Chk Std 9 out of range; Fe3 Chk Std 60 out of range; Spk recovery out of range","Within range","Within range",12.7106688362525,0.0926536389650255,-0.0126536389650255,-8.43036719734573,12.7106688362525,-8.43036719734573,12.7106688362525,0,12.7106688362525,"Plate15_1_20260309_TMP_C_F6","
The Fe2 diff std curve R squared is 0.94, which is below the 0.985 cutoff but I think is reasonable, 
and Melanie mentioned that this R sqaured might be lower since it is the difference between two curves and is more sensitive. 
The FE_2_high std curve R squared is 0.984, which is close to the 0.985 cutoff
so I think it is reasonable. 
The FE_2_diff slope is slightly lower than previous slopes. 
The check stds for FE3 60 uM and Fe3 9 uM were all bad.
One dup was off for Fe2 and one dup was off for Fe3. 
One spike was too high and one spike looks like the spk solution didn't get added. "
"16","Plate15","B10",0.053,0.055,"20260309_TMP_FW_F4",1,"FE_2_high Std curve r2 low; FE_2_diff Std curve r2 low; Fe2 Chk Std 0.6 out of range; Fe3 Chk Std 9 out of range; Fe3 Chk Std 60 out of range; Spk recovery out of range","Within range","Within range",5.42299402852185,0.0635136578846437,-0.00851365788464366,-5.67214398628758,5.42299402852185,-5.67214398628758,5.42299402852185,0,5.42299402852185,"Plate15_1_20260309_TMP_FW_F4","
The Fe2 diff std curve R squared is 0.94, which is below the 0.985 cutoff but I think is reasonable, 
and Melanie mentioned that this R sqaured might be lower since it is the difference between two curves and is more sensitive. 
The FE_2_high std curve R squared is 0.984, which is close to the 0.985 cutoff
so I think it is reasonable. 
The FE_2_diff slope is slightly lower than previous slopes. 
The check stds for FE3 60 uM and Fe3 9 uM were all bad.
One dup was off for Fe2 and one dup was off for Fe3. 
One spike was too high and one spike looks like the spk solution didn't get added. "
"17","Plate15","B11",0.052,0.053,"20260309_TMP_FW_F4",1,"FE_2_high Std curve r2 low; FE_2_diff Std curve r2 low; Fe2 Chk Std 0.6 out of range; Fe3 Chk Std 9 out of range; Fe3 Chk Std 60 out of range; Spk recovery out of range","Within range","Within range",5.05861028813531,0.0620566588306246,-0.00905665883062457,-6.03391322719747,5.05861028813531,-6.03391322719747,5.05861028813531,0,5.05861028813531,"Plate15_1_20260309_TMP_FW_F4","
The Fe2 diff std curve R squared is 0.94, which is below the 0.985 cutoff but I think is reasonable, 
and Melanie mentioned that this R sqaured might be lower since it is the difference between two curves and is more sensitive. 
The FE_2_high std curve R squared is 0.984, which is close to the 0.985 cutoff
so I think it is reasonable. 
The FE_2_diff slope is slightly lower than previous slopes. 
The check stds for FE3 60 uM and Fe3 9 uM were all bad.
One dup was off for Fe2 and one dup was off for Fe3. 
One spike was too high and one spike looks like the spk solution didn't get added. "
"18","Plate15","B12",0.051,0.053,"20260309_TMP_FW_F4",1,"FE_2_high Std curve r2 low; FE_2_diff Std curve r2 low; Fe2 Chk Std 0.6 out of range; Fe3 Chk Std 9 out of range; Fe3 Chk Std 60 out of range; Spk recovery out of range","Within range","Within range",4.69422654774878,0.0605996597766055,-0.00759965977660548,-5.0632013975399,4.69422654774878,-5.0632013975399,4.69422654774878,0,4.69422654774878,"Plate15_1_20260309_TMP_FW_F4","
The Fe2 diff std curve R squared is 0.94, which is below the 0.985 cutoff but I think is reasonable, 
and Melanie mentioned that this R sqaured might be lower since it is the difference between two curves and is more sensitive. 
The FE_2_high std curve R squared is 0.984, which is close to the 0.985 cutoff
so I think it is reasonable. 
The FE_2_diff slope is slightly lower than previous slopes. 
The check stds for FE3 60 uM and Fe3 9 uM were all bad.
One dup was off for Fe2 and one dup was off for Fe3. 
One spike was too high and one spike looks like the spk solution didn't get added. "
"19","Plate15","C04",0.238,0.411,"202511_SWH_WC_C_10",1,"FE_2_high Std curve r2 low; FE_2_diff Std curve r2 low; Fe2 Chk Std 0.6 out of range; Fe3 Chk Std 9 out of range; Fe3 Chk Std 60 out of range; Spk recovery out of range","Within range","Within range",86.8311667547417,0.350613323160159,0.0603866768398408,41.6721511324739,86.8311667547417,41.6721511324739,86.8311667547417,41.6721511324739,128.503317887216,"Plate15_1_202511_SWH_WC_C_10","
The Fe2 diff std curve R squared is 0.94, which is below the 0.985 cutoff but I think is reasonable, 
and Melanie mentioned that this R sqaured might be lower since it is the difference between two curves and is more sensitive. 
The FE_2_high std curve R squared is 0.984, which is close to the 0.985 cutoff
so I think it is reasonable. 
The FE_2_diff slope is slightly lower than previous slopes. 
The check stds for FE3 60 uM and Fe3 9 uM were all bad.
One dup was off for Fe2 and one dup was off for Fe3. 
One spike was too high and one spike looks like the spk solution didn't get added. "
"20","Plate15","C05",0.303,0.414,"202511_SWH_WC_C_10",1,"FE_2_high Std curve r2 low; FE_2_diff Std curve r2 low; Fe2 Chk Std 0.6 out of range; Fe3 Chk Std 9 out of range; Fe3 Chk Std 60 out of range; Spk recovery out of range","Within range","Within range",117.427122601597,0.45398584456847,-0.0399858445684703,-27.5937714280304,117.427122601597,-27.5937714280304,117.427122601597,0,117.427122601597,"Plate15_1_202511_SWH_WC_C_10","
The Fe2 diff std curve R squared is 0.94, which is below the 0.985 cutoff but I think is reasonable, 
and Melanie mentioned that this R sqaured might be lower since it is the difference between two curves and is more sensitive. 
The FE_2_high std curve R squared is 0.984, which is close to the 0.985 cutoff
so I think it is reasonable. 
The FE_2_diff slope is slightly lower than previous slopes. 
The check stds for FE3 60 uM and Fe3 9 uM were all bad.
One dup was off for Fe2 and one dup was off for Fe3. 
One spike was too high and one spike looks like the spk solution didn't get added. "
"21","Plate15","C06",0.413,0.415,"202511_SWH_WC_C_10",1,"FE_2_high Std curve r2 low; FE_2_diff Std curve r2 low; Fe2 Chk Std 0.6 out of range; Fe3 Chk Std 9 out of range; Fe3 Chk Std 60 out of range; Spk recovery out of range","Within range","Within range",169.204894034737,0.628923957720997,-0.213923957720997,-147.626462715444,169.204894034737,-147.626462715444,169.204894034737,0,169.204894034737,"Plate15_1_202511_SWH_WC_C_10","
The Fe2 diff std curve R squared is 0.94, which is below the 0.985 cutoff but I think is reasonable, 
and Melanie mentioned that this R sqaured might be lower since it is the difference between two curves and is more sensitive. 
The FE_2_high std curve R squared is 0.984, which is close to the 0.985 cutoff
so I think it is reasonable. 
The FE_2_diff slope is slightly lower than previous slopes. 
The check stds for FE3 60 uM and Fe3 9 uM were all bad.
One dup was off for Fe2 and one dup was off for Fe3. 
One spike was too high and one spike looks like the spk solution didn't get added. "
"22","Plate15","C07",0.041,0.044,"20260309_TMP_C_D5",1,"FE_2_high Std curve r2 low; FE_2_diff Std curve r2 low; Fe2 Chk Std 0.6 out of range; Fe3 Chk Std 9 out of range; Fe3 Chk Std 60 out of range; Spk recovery out of range","Within range","Within range",1.05038914388343,0.0460296692364145,-0.00202966923641454,-1.35224791851775,1.05038914388343,-1.35224791851775,1.05038914388343,0,1.05038914388343,"Plate15_1_20260309_TMP_C_D5","
The Fe2 diff std curve R squared is 0.94, which is below the 0.985 cutoff but I think is reasonable, 
and Melanie mentioned that this R sqaured might be lower since it is the difference between two curves and is more sensitive. 
The FE_2_high std curve R squared is 0.984, which is close to the 0.985 cutoff
so I think it is reasonable. 
The FE_2_diff slope is slightly lower than previous slopes. 
The check stds for FE3 60 uM and Fe3 9 uM were all bad.
One dup was off for Fe2 and one dup was off for Fe3. 
One spike was too high and one spike looks like the spk solution didn't get added. "
"23","Plate15","C08",0.042,0.045,"20260309_TMP_C_D5",1,"FE_2_high Std curve r2 low; FE_2_diff Std curve r2 low; Fe2 Chk Std 0.6 out of range; Fe3 Chk Std 9 out of range; Fe3 Chk Std 60 out of range; Spk recovery out of range","Within range","Within range",1.41477288426997,0.0474866682904336,-0.00248666829043363,-1.65671921289159,1.41477288426997,-1.65671921289159,1.41477288426997,0,1.41477288426997,"Plate15_1_20260309_TMP_C_D5","
The Fe2 diff std curve R squared is 0.94, which is below the 0.985 cutoff but I think is reasonable, 
and Melanie mentioned that this R sqaured might be lower since it is the difference between two curves and is more sensitive. 
The FE_2_high std curve R squared is 0.984, which is close to the 0.985 cutoff
so I think it is reasonable. 
The FE_2_diff slope is slightly lower than previous slopes. 
The check stds for FE3 60 uM and Fe3 9 uM were all bad.
One dup was off for Fe2 and one dup was off for Fe3. 
One spike was too high and one spike looks like the spk solution didn't get added. "
"24","Plate15","C09",0.042,0.046,"20260309_TMP_C_D5",1,"FE_2_high Std curve r2 low; FE_2_diff Std curve r2 low; Fe2 Chk Std 0.6 out of range; Fe3 Chk Std 9 out of range; Fe3 Chk Std 60 out of range; Spk recovery out of range","Within range","Within range",1.41477288426997,0.0474866682904336,-0.00148666829043363,-0.990478677607857,1.41477288426997,-0.990478677607857,1.41477288426997,0,1.41477288426997,"Plate15_1_20260309_TMP_C_D5","
The Fe2 diff std curve R squared is 0.94, which is below the 0.985 cutoff but I think is reasonable, 
and Melanie mentioned that this R sqaured might be lower since it is the difference between two curves and is more sensitive. 
The FE_2_high std curve R squared is 0.984, which is close to the 0.985 cutoff
so I think it is reasonable. 
The FE_2_diff slope is slightly lower than previous slopes. 
The check stds for FE3 60 uM and Fe3 9 uM were all bad.
One dup was off for Fe2 and one dup was off for Fe3. 
One spike was too high and one spike looks like the spk solution didn't get added. "
"25","Plate15","C10",0.05,0.052,"20260309_TMP_FW_E3",1,"FE_2_high Std curve r2 low; FE_2_diff Std curve r2 low; Fe2 Chk Std 0.6 out of range; Fe3 Chk Std 9 out of range; Fe3 Chk Std 60 out of range; Spk recovery out of range","Within range","Within range",4.32984280736224,0.0591426607225864,-0.00714266072258639,-4.75873010316606,4.32984280736224,-4.75873010316606,4.32984280736224,0,4.32984280736224,"Plate15_1_20260309_TMP_FW_E3","
The Fe2 diff std curve R squared is 0.94, which is below the 0.985 cutoff but I think is reasonable, 
and Melanie mentioned that this R sqaured might be lower since it is the difference between two curves and is more sensitive. 
The FE_2_high std curve R squared is 0.984, which is close to the 0.985 cutoff
so I think it is reasonable. 
The FE_2_diff slope is slightly lower than previous slopes. 
The check stds for FE3 60 uM and Fe3 9 uM were all bad.
One dup was off for Fe2 and one dup was off for Fe3. 
One spike was too high and one spike looks like the spk solution didn't get added. "
"26","Plate15","C11",0.049,0.053,"20260309_TMP_FW_E3",1,"FE_2_high Std curve r2 low; FE_2_diff Std curve r2 low; Fe2 Chk Std 0.6 out of range; Fe3 Chk Std 9 out of range; Fe3 Chk Std 60 out of range; Spk recovery out of range","Within range","Within range",3.96545906697571,0.0576856616685673,-0.00468566166856729,-3.12177773822475,3.96545906697571,-3.12177773822475,3.96545906697571,0,3.96545906697571,"Plate15_1_20260309_TMP_FW_E3","
The Fe2 diff std curve R squared is 0.94, which is below the 0.985 cutoff but I think is reasonable, 
and Melanie mentioned that this R sqaured might be lower since it is the difference between two curves and is more sensitive. 
The FE_2_high std curve R squared is 0.984, which is close to the 0.985 cutoff
so I think it is reasonable. 
The FE_2_diff slope is slightly lower than previous slopes. 
The check stds for FE3 60 uM and Fe3 9 uM were all bad.
One dup was off for Fe2 and one dup was off for Fe3. 
One spike was too high and one spike looks like the spk solution didn't get added. "
"27","Plate15","C12",0.05,0.057,"20260309_TMP_FW_E3",1,"FE_2_high Std curve r2 low; FE_2_diff Std curve r2 low; Fe2 Chk Std 0.6 out of range; Fe3 Chk Std 9 out of range; Fe3 Chk Std 60 out of range; Spk recovery out of range","Within range","Within range",4.32984280736224,0.0591426607225864,-0.00214266072258638,-1.42752742674739,4.32984280736224,-1.42752742674739,4.32984280736224,0,4.32984280736224,"Plate15_1_20260309_TMP_FW_E3","
The Fe2 diff std curve R squared is 0.94, which is below the 0.985 cutoff but I think is reasonable, 
and Melanie mentioned that this R sqaured might be lower since it is the difference between two curves and is more sensitive. 
The FE_2_high std curve R squared is 0.984, which is close to the 0.985 cutoff
so I think it is reasonable. 
The FE_2_diff slope is slightly lower than previous slopes. 
The check stds for FE3 60 uM and Fe3 9 uM were all bad.
One dup was off for Fe2 and one dup was off for Fe3. 
One spike was too high and one spike looks like the spk solution didn't get added. "
"28","Plate15","D04",0.104,0.164,"202511_SWH_WC_C_45",1,"FE_2_high Std curve r2 low; FE_2_diff Std curve r2 low; Fe2 Chk Std 0.6 out of range; Fe3 Chk Std 9 out of range; Fe3 Chk Std 60 out of range; Spk recovery out of range","Within range","Within range",24.0065647882351,0.137820609639617,0.0261793903603826,18.0660961779259,24.0065647882351,18.0660961779259,24.0065647882351,18.0660961779259,42.072660966161,"Plate15_1_202511_SWH_WC_C_45","
The Fe2 diff std curve R squared is 0.94, which is below the 0.985 cutoff but I think is reasonable, 
and Melanie mentioned that this R sqaured might be lower since it is the difference between two curves and is more sensitive. 
The FE_2_high std curve R squared is 0.984, which is close to the 0.985 cutoff
so I think it is reasonable. 
The FE_2_diff slope is slightly lower than previous slopes. 
The check stds for FE3 60 uM and Fe3 9 uM were all bad.
One dup was off for Fe2 and one dup was off for Fe3. 
One spike was too high and one spike looks like the spk solution didn't get added. "
"29","Plate15","D05",0.103,0.157,"202511_SWH_WC_C_45",1,"FE_2_high Std curve r2 low; FE_2_diff Std curve r2 low; Fe2 Chk Std 0.6 out of range; Fe3 Chk Std 9 out of range; Fe3 Chk Std 60 out of range; Spk recovery out of range","Within range","Within range",23.6421810478486,0.136363610585598,0.0206363894144016,14.2409349795212,23.6421810478486,14.2409349795212,23.6421810478486,14.2409349795212,37.8831160273697,"Plate15_1_202511_SWH_WC_C_45","
The Fe2 diff std curve R squared is 0.94, which is below the 0.985 cutoff but I think is reasonable, 
and Melanie mentioned that this R sqaured might be lower since it is the difference between two curves and is more sensitive. 
The FE_2_high std curve R squared is 0.984, which is close to the 0.985 cutoff
so I think it is reasonable. 
The FE_2_diff slope is slightly lower than previous slopes. 
The check stds for FE3 60 uM and Fe3 9 uM were all bad.
One dup was off for Fe2 and one dup was off for Fe3. 
One spike was too high and one spike looks like the spk solution didn't get added. "
"30","Plate15","D06",0.125,0.197,"202511_SWH_WC_C_45",1,"FE_2_high Std curve r2 low; FE_2_diff Std curve r2 low; Fe2 Chk Std 0.6 out of range; Fe3 Chk Std 9 out of range; Fe3 Chk Std 60 out of range; Spk recovery out of range","Within range","Within range",31.6586233363523,0.168417589774018,0.0285824102259816,19.7243925481529,31.6586233363523,19.7243925481529,31.6586233363523,19.7243925481529,51.3830158845052,"Plate15_1_202511_SWH_WC_C_45","
The Fe2 diff std curve R squared is 0.94, which is below the 0.985 cutoff but I think is reasonable, 
and Melanie mentioned that this R sqaured might be lower since it is the difference between two curves and is more sensitive. 
The FE_2_high std curve R squared is 0.984, which is close to the 0.985 cutoff
so I think it is reasonable. 
The FE_2_diff slope is slightly lower than previous slopes. 
The check stds for FE3 60 uM and Fe3 9 uM were all bad.
One dup was off for Fe2 and one dup was off for Fe3. 
One spike was too high and one spike looks like the spk solution didn't get added. "
"31","Plate15","D07",0.041,0.044,"20260309_TMP_C_D5 dup",1,"FE_2_high Std curve r2 low; FE_2_diff Std curve r2 low; Fe2 Chk Std 0.6 out of range; Fe3 Chk Std 9 out of range; Fe3 Chk Std 60 out of range; Spk recovery out of range","Within range","Within range",1.05038914388343,0.0460296692364145,-0.00202966923641454,-1.35224791851775,1.05038914388343,-1.35224791851775,1.05038914388343,0,1.05038914388343,"Plate15_1_20260309_TMP_C_D5 dup","
The Fe2 diff std curve R squared is 0.94, which is below the 0.985 cutoff but I think is reasonable, 
and Melanie mentioned that this R sqaured might be lower since it is the difference between two curves and is more sensitive. 
The FE_2_high std curve R squared is 0.984, which is close to the 0.985 cutoff
so I think it is reasonable. 
The FE_2_diff slope is slightly lower than previous slopes. 
The check stds for FE3 60 uM and Fe3 9 uM were all bad.
One dup was off for Fe2 and one dup was off for Fe3. 
One spike was too high and one spike looks like the spk solution didn't get added. "
"32","Plate15","D08",0.041,0.044,"20260309_TMP_C_D5 dup",1,"FE_2_high Std curve r2 low; FE_2_diff Std curve r2 low; Fe2 Chk Std 0.6 out of range; Fe3 Chk Std 9 out of range; Fe3 Chk Std 60 out of range; Spk recovery out of range","Within range","Within range",1.05038914388343,0.0460296692364145,-0.00202966923641454,-1.35224791851775,1.05038914388343,-1.35224791851775,1.05038914388343,0,1.05038914388343,"Plate15_1_20260309_TMP_C_D5 dup","
The Fe2 diff std curve R squared is 0.94, which is below the 0.985 cutoff but I think is reasonable, 
and Melanie mentioned that this R sqaured might be lower since it is the difference between two curves and is more sensitive. 
The FE_2_high std curve R squared is 0.984, which is close to the 0.985 cutoff
so I think it is reasonable. 
The FE_2_diff slope is slightly lower than previous slopes. 
The check stds for FE3 60 uM and Fe3 9 uM were all bad.
One dup was off for Fe2 and one dup was off for Fe3. 
One spike was too high and one spike looks like the spk solution didn't get added. "
"33","Plate15","D09",0.048,0.054,"20260309_TMP_C_D5 dup",1,"FE_2_high Std curve r2 low; FE_2_diff Std curve r2 low; Fe2 Chk Std 0.6 out of range; Fe3 Chk Std 9 out of range; Fe3 Chk Std 60 out of range; Spk recovery out of range","Within range","Within range",3.60107532658917,0.0562286626145482,-0.0022286626145482,-1.48482537328344,3.60107532658917,-1.48482537328344,3.60107532658917,0,3.60107532658917,"Plate15_1_20260309_TMP_C_D5 dup","
The Fe2 diff std curve R squared is 0.94, which is below the 0.985 cutoff but I think is reasonable, 
and Melanie mentioned that this R sqaured might be lower since it is the difference between two curves and is more sensitive. 
The FE_2_high std curve R squared is 0.984, which is close to the 0.985 cutoff
so I think it is reasonable. 
The FE_2_diff slope is slightly lower than previous slopes. 
The check stds for FE3 60 uM and Fe3 9 uM were all bad.
One dup was off for Fe2 and one dup was off for Fe3. 
One spike was too high and one spike looks like the spk solution didn't get added. "
"34","Plate15","D10",0.048,0.057,"20260309_TMP_FW_F6",1,"FE_2_high Std curve r2 low; FE_2_diff Std curve r2 low; Fe2 Chk Std 0.6 out of range; Fe3 Chk Std 9 out of range; Fe3 Chk Std 60 out of range; Spk recovery out of range","Within range","Within range",3.60107532658917,0.0562286626145482,0.000771337385451806,0.513896232567768,3.60107532658917,0.513896232567768,3.60107532658917,0.513896232567768,4.11497155915694,"Plate15_1_20260309_TMP_FW_F6","
The Fe2 diff std curve R squared is 0.94, which is below the 0.985 cutoff but I think is reasonable, 
and Melanie mentioned that this R sqaured might be lower since it is the difference between two curves and is more sensitive. 
The FE_2_high std curve R squared is 0.984, which is close to the 0.985 cutoff
so I think it is reasonable. 
The FE_2_diff slope is slightly lower than previous slopes. 
The check stds for FE3 60 uM and Fe3 9 uM were all bad.
One dup was off for Fe2 and one dup was off for Fe3. 
One spike was too high and one spike looks like the spk solution didn't get added. "
"35","Plate15","D11",0.047,0.056,"20260309_TMP_FW_F6",1,"FE_2_high Std curve r2 low; FE_2_diff Std curve r2 low; Fe2 Chk Std 0.6 out of range; Fe3 Chk Std 9 out of range; Fe3 Chk Std 60 out of range; Spk recovery out of range","Within range","Within range",3.23669158620264,0.0547716635605291,0.0012283364394709,0.818367526941609,3.23669158620264,0.818367526941609,3.23669158620264,0.818367526941609,4.05505911314425,"Plate15_1_20260309_TMP_FW_F6","
The Fe2 diff std curve R squared is 0.94, which is below the 0.985 cutoff but I think is reasonable, 
and Melanie mentioned that this R sqaured might be lower since it is the difference between two curves and is more sensitive. 
The FE_2_high std curve R squared is 0.984, which is close to the 0.985 cutoff
so I think it is reasonable. 
The FE_2_diff slope is slightly lower than previous slopes. 
The check stds for FE3 60 uM and Fe3 9 uM were all bad.
One dup was off for Fe2 and one dup was off for Fe3. 
One spike was too high and one spike looks like the spk solution didn't get added. "
"36","Plate15","D12",0.054,0.059,"20260309_TMP_FW_F6",1,"FE_2_high Std curve r2 low; FE_2_diff Std curve r2 low; Fe2 Chk Std 0.6 out of range; Fe3 Chk Std 9 out of range; Fe3 Chk Std 60 out of range; Spk recovery out of range","Within range","Within range",5.78737776890838,0.0649706569386628,-0.00597065693866276,-3.97789367481022,5.78737776890838,-3.97789367481022,5.78737776890838,0,5.78737776890838,"Plate15_1_20260309_TMP_FW_F6","
The Fe2 diff std curve R squared is 0.94, which is below the 0.985 cutoff but I think is reasonable, 
and Melanie mentioned that this R sqaured might be lower since it is the difference between two curves and is more sensitive. 
The FE_2_high std curve R squared is 0.984, which is close to the 0.985 cutoff
so I think it is reasonable. 
The FE_2_diff slope is slightly lower than previous slopes. 
The check stds for FE3 60 uM and Fe3 9 uM were all bad.
One dup was off for Fe2 and one dup was off for Fe3. 
One spike was too high and one spike looks like the spk solution didn't get added. "
"37","Plate15","E04",0.045,0.044,"202511_SWH_SW_A",1,"FE_2_high Std curve r2 low; FE_2_diff Std curve r2 low; Fe2 Chk Std 0.6 out of range; Fe3 Chk Std 9 out of range; Fe3 Chk Std 60 out of range; Spk recovery out of range","Within range","Within range",2.50792410542957,0.0518576654524909,-0.00785766545249091,-5.23509523714805,2.50792410542957,-5.23509523714805,2.50792410542957,0,2.50792410542957,"Plate15_1_202511_SWH_SW_A","
The Fe2 diff std curve R squared is 0.94, which is below the 0.985 cutoff but I think is reasonable, 
and Melanie mentioned that this R sqaured might be lower since it is the difference between two curves and is more sensitive. 
The FE_2_high std curve R squared is 0.984, which is close to the 0.985 cutoff
so I think it is reasonable. 
The FE_2_diff slope is slightly lower than previous slopes. 
The check stds for FE3 60 uM and Fe3 9 uM were all bad.
One dup was off for Fe2 and one dup was off for Fe3. 
One spike was too high and one spike looks like the spk solution didn't get added. "
"38","Plate15","E05",0.041,0.044,"202511_SWH_SW_A",1,"FE_2_high Std curve r2 low; FE_2_diff Std curve r2 low; Fe2 Chk Std 0.6 out of range; Fe3 Chk Std 9 out of range; Fe3 Chk Std 60 out of range; Spk recovery out of range","Within range","Within range",1.05038914388343,0.0460296692364145,-0.00202966923641454,-1.35224791851775,1.05038914388343,-1.35224791851775,1.05038914388343,0,1.05038914388343,"Plate15_1_202511_SWH_SW_A","
The Fe2 diff std curve R squared is 0.94, which is below the 0.985 cutoff but I think is reasonable, 
and Melanie mentioned that this R sqaured might be lower since it is the difference between two curves and is more sensitive. 
The FE_2_high std curve R squared is 0.984, which is close to the 0.985 cutoff
so I think it is reasonable. 
The FE_2_diff slope is slightly lower than previous slopes. 
The check stds for FE3 60 uM and Fe3 9 uM were all bad.
One dup was off for Fe2 and one dup was off for Fe3. 
One spike was too high and one spike looks like the spk solution didn't get added. "
"39","Plate15","E06",0.045,0.045,"202511_SWH_SW_A",1,"FE_2_high Std curve r2 low; FE_2_diff Std curve r2 low; Fe2 Chk Std 0.6 out of range; Fe3 Chk Std 9 out of range; Fe3 Chk Std 60 out of range; Spk recovery out of range","Within range","Within range",2.50792410542957,0.0518576654524909,-0.00685766545249091,-4.56885470186432,2.50792410542957,-4.56885470186432,2.50792410542957,0,2.50792410542957,"Plate15_1_202511_SWH_SW_A","
The Fe2 diff std curve R squared is 0.94, which is below the 0.985 cutoff but I think is reasonable, 
and Melanie mentioned that this R sqaured might be lower since it is the difference between two curves and is more sensitive. 
The FE_2_high std curve R squared is 0.984, which is close to the 0.985 cutoff
so I think it is reasonable. 
The FE_2_diff slope is slightly lower than previous slopes. 
The check stds for FE3 60 uM and Fe3 9 uM were all bad.
One dup was off for Fe2 and one dup was off for Fe3. 
One spike was too high and one spike looks like the spk solution didn't get added. "
"40","Plate15","E07",0.057,0.067,"20260309_TMP_C_C6",1,"FE_2_high Std curve r2 low; FE_2_diff Std curve r2 low; Fe2 Chk Std 0.6 out of range; Fe3 Chk Std 9 out of range; Fe3 Chk Std 60 out of range; Spk recovery out of range","Within range","Within range",6.88052899006799,0.06934165410072,-0.00234165410072004,-1.56010488151307,6.88052899006799,-1.56010488151307,6.88052899006799,0,6.88052899006799,"Plate15_1_20260309_TMP_C_C6","
The Fe2 diff std curve R squared is 0.94, which is below the 0.985 cutoff but I think is reasonable, 
and Melanie mentioned that this R sqaured might be lower since it is the difference between two curves and is more sensitive. 
The FE_2_high std curve R squared is 0.984, which is close to the 0.985 cutoff
so I think it is reasonable. 
The FE_2_diff slope is slightly lower than previous slopes. 
The check stds for FE3 60 uM and Fe3 9 uM were all bad.
One dup was off for Fe2 and one dup was off for Fe3. 
One spike was too high and one spike looks like the spk solution didn't get added. "
"41","Plate15","E08",0.052,0.064,"20260309_TMP_C_C6",1,"FE_2_high Std curve r2 low; FE_2_diff Std curve r2 low; Fe2 Chk Std 0.6 out of range; Fe3 Chk Std 9 out of range; Fe3 Chk Std 60 out of range; Spk recovery out of range","Within range","Within range",5.05861028813531,0.0620566588306246,0.00194334116937543,1.29473266092361,5.05861028813531,1.29473266092361,5.05861028813531,1.29473266092361,6.35334294905892,"Plate15_1_20260309_TMP_C_C6","
The Fe2 diff std curve R squared is 0.94, which is below the 0.985 cutoff but I think is reasonable, 
and Melanie mentioned that this R sqaured might be lower since it is the difference between two curves and is more sensitive. 
The FE_2_high std curve R squared is 0.984, which is close to the 0.985 cutoff
so I think it is reasonable. 
The FE_2_diff slope is slightly lower than previous slopes. 
The check stds for FE3 60 uM and Fe3 9 uM were all bad.
One dup was off for Fe2 and one dup was off for Fe3. 
One spike was too high and one spike looks like the spk solution didn't get added. "
"42","Plate15","E09",0.063,0.067,"20260309_TMP_C_C6",1,"FE_2_high Std curve r2 low; FE_2_diff Std curve r2 low; Fe2 Chk Std 0.6 out of range; Fe3 Chk Std 9 out of range; Fe3 Chk Std 60 out of range; Spk recovery out of range","Within range","Within range",9.0668314323872,0.0780836484248346,-0.0110836484248346,-7.38437585945852,9.0668314323872,-7.38437585945852,9.0668314323872,0,9.0668314323872,"Plate15_1_20260309_TMP_C_C6","
The Fe2 diff std curve R squared is 0.94, which is below the 0.985 cutoff but I think is reasonable, 
and Melanie mentioned that this R sqaured might be lower since it is the difference between two curves and is more sensitive. 
The FE_2_high std curve R squared is 0.984, which is close to the 0.985 cutoff
so I think it is reasonable. 
The FE_2_diff slope is slightly lower than previous slopes. 
The check stds for FE3 60 uM and Fe3 9 uM were all bad.
One dup was off for Fe2 and one dup was off for Fe3. 
One spike was too high and one spike looks like the spk solution didn't get added. "
"43","Plate15","E10",0.05,0.052,"20260309_TMP_FW_C3",1,"FE_2_high Std curve r2 low; FE_2_diff Std curve r2 low; Fe2 Chk Std 0.6 out of range; Fe3 Chk Std 9 out of range; Fe3 Chk Std 60 out of range; Spk recovery out of range","Within range","Within range",4.32984280736224,0.0591426607225864,-0.00714266072258639,-4.75873010316606,4.32984280736224,-4.75873010316606,4.32984280736224,0,4.32984280736224,"Plate15_1_20260309_TMP_FW_C3","
The Fe2 diff std curve R squared is 0.94, which is below the 0.985 cutoff but I think is reasonable, 
and Melanie mentioned that this R sqaured might be lower since it is the difference between two curves and is more sensitive. 
The FE_2_high std curve R squared is 0.984, which is close to the 0.985 cutoff
so I think it is reasonable. 
The FE_2_diff slope is slightly lower than previous slopes. 
The check stds for FE3 60 uM and Fe3 9 uM were all bad.
One dup was off for Fe2 and one dup was off for Fe3. 
One spike was too high and one spike looks like the spk solution didn't get added. "
"44","Plate15","E11",0.049,0.052,"20260309_TMP_FW_C3",1,"FE_2_high Std curve r2 low; FE_2_diff Std curve r2 low; Fe2 Chk Std 0.6 out of range; Fe3 Chk Std 9 out of range; Fe3 Chk Std 60 out of range; Spk recovery out of range","Within range","Within range",3.96545906697571,0.0576856616685673,-0.00568566166856729,-3.78801827350848,3.96545906697571,-3.78801827350848,3.96545906697571,0,3.96545906697571,"Plate15_1_20260309_TMP_FW_C3","
The Fe2 diff std curve R squared is 0.94, which is below the 0.985 cutoff but I think is reasonable, 
and Melanie mentioned that this R sqaured might be lower since it is the difference between two curves and is more sensitive. 
The FE_2_high std curve R squared is 0.984, which is close to the 0.985 cutoff
so I think it is reasonable. 
The FE_2_diff slope is slightly lower than previous slopes. 
The check stds for FE3 60 uM and Fe3 9 uM were all bad.
One dup was off for Fe2 and one dup was off for Fe3. 
One spike was too high and one spike looks like the spk solution didn't get added. "
"45","Plate15","E12",0.051,0.053,"20260309_TMP_FW_C3",1,"FE_2_high Std curve r2 low; FE_2_diff Std curve r2 low; Fe2 Chk Std 0.6 out of range; Fe3 Chk Std 9 out of range; Fe3 Chk Std 60 out of range; Spk recovery out of range","Within range","Within range",4.69422654774878,0.0605996597766055,-0.00759965977660548,-5.0632013975399,4.69422654774878,-5.0632013975399,4.69422654774878,0,4.69422654774878,"Plate15_1_20260309_TMP_FW_C3","
The Fe2 diff std curve R squared is 0.94, which is below the 0.985 cutoff but I think is reasonable, 
and Melanie mentioned that this R sqaured might be lower since it is the difference between two curves and is more sensitive. 
The FE_2_high std curve R squared is 0.984, which is close to the 0.985 cutoff
so I think it is reasonable. 
The FE_2_diff slope is slightly lower than previous slopes. 
The check stds for FE3 60 uM and Fe3 9 uM were all bad.
One dup was off for Fe2 and one dup was off for Fe3. 
One spike was too high and one spike looks like the spk solution didn't get added. "
"46","Plate15","F04",0.046,0.058,"202511_SWH_SW_B",1,"FE_2_high Std curve r2 low; FE_2_diff Std curve r2 low; Fe2 Chk Std 0.6 out of range; Fe3 Chk Std 9 out of range; Fe3 Chk Std 60 out of range; Spk recovery out of range","Within range","Within range",2.8723078458161,0.05331466450651,0.00468533549349,3.12156042716666,2.8723078458161,3.12156042716666,2.8723078458161,3.12156042716666,5.99386827298276,"Plate15_1_202511_SWH_SW_B","
The Fe2 diff std curve R squared is 0.94, which is below the 0.985 cutoff but I think is reasonable, 
and Melanie mentioned that this R sqaured might be lower since it is the difference between two curves and is more sensitive. 
The FE_2_high std curve R squared is 0.984, which is close to the 0.985 cutoff
so I think it is reasonable. 
The FE_2_diff slope is slightly lower than previous slopes. 
The check stds for FE3 60 uM and Fe3 9 uM were all bad.
One dup was off for Fe2 and one dup was off for Fe3. 
One spike was too high and one spike looks like the spk solution didn't get added. "
"47","Plate15","F05",0.053,0.059,"202511_SWH_SW_B",1,"FE_2_high Std curve r2 low; FE_2_diff Std curve r2 low; Fe2 Chk Std 0.6 out of range; Fe3 Chk Std 9 out of range; Fe3 Chk Std 60 out of range; Spk recovery out of range","Within range","Within range",5.42299402852185,0.0635136578846437,-0.00451365788464367,-3.00718184515265,5.42299402852185,-3.00718184515265,5.42299402852185,0,5.42299402852185,"Plate15_1_202511_SWH_SW_B","
The Fe2 diff std curve R squared is 0.94, which is below the 0.985 cutoff but I think is reasonable, 
and Melanie mentioned that this R sqaured might be lower since it is the difference between two curves and is more sensitive. 
The FE_2_high std curve R squared is 0.984, which is close to the 0.985 cutoff
so I think it is reasonable. 
The FE_2_diff slope is slightly lower than previous slopes. 
The check stds for FE3 60 uM and Fe3 9 uM were all bad.
One dup was off for Fe2 and one dup was off for Fe3. 
One spike was too high and one spike looks like the spk solution didn't get added. "
"48","Plate15","F06",0.047,0.059,"202511_SWH_SW_B",1,"FE_2_high Std curve r2 low; FE_2_diff Std curve r2 low; Fe2 Chk Std 0.6 out of range; Fe3 Chk Std 9 out of range; Fe3 Chk Std 60 out of range; Spk recovery out of range","Within range","Within range",3.23669158620264,0.0547716635605291,0.0042283364394709,2.81708913279281,3.23669158620264,2.81708913279281,3.23669158620264,2.81708913279281,6.05378071899545,"Plate15_1_202511_SWH_SW_B","
The Fe2 diff std curve R squared is 0.94, which is below the 0.985 cutoff but I think is reasonable, 
and Melanie mentioned that this R sqaured might be lower since it is the difference between two curves and is more sensitive. 
The FE_2_high std curve R squared is 0.984, which is close to the 0.985 cutoff
so I think it is reasonable. 
The FE_2_diff slope is slightly lower than previous slopes. 
The check stds for FE3 60 uM and Fe3 9 uM were all bad.
One dup was off for Fe2 and one dup was off for Fe3. 
One spike was too high and one spike looks like the spk solution didn't get added. "
"49","Plate15","F07",0.13,0.202,"20260309_TMP_C_C6 spk",1,"FE_2_high Std curve r2 low; FE_2_diff Std curve r2 low; Fe2 Chk Std 0.6 out of range; Fe3 Chk Std 9 out of range; Fe3 Chk Std 60 out of range; Spk recovery out of range","Within range","Within range",33.480542038285,0.175702585044114,0.0262974149558861,18.1475435937891,33.480542038285,18.1475435937891,33.480542038285,18.1475435937891,51.6280856320741,"Plate15_1_20260309_TMP_C_C6 spk","
The Fe2 diff std curve R squared is 0.94, which is below the 0.985 cutoff but I think is reasonable, 
and Melanie mentioned that this R sqaured might be lower since it is the difference between two curves and is more sensitive. 
The FE_2_high std curve R squared is 0.984, which is close to the 0.985 cutoff
so I think it is reasonable. 
The FE_2_diff slope is slightly lower than previous slopes. 
The check stds for FE3 60 uM and Fe3 9 uM were all bad.
One dup was off for Fe2 and one dup was off for Fe3. 
One spike was too high and one spike looks like the spk solution didn't get added. "
"50","Plate15","F08",0.094,0.172,"20260309_TMP_C_C6 spk",1,"FE_2_high Std curve r2 low; FE_2_diff Std curve r2 low; Fe2 Chk Std 0.6 out of range; Fe3 Chk Std 9 out of range; Fe3 Chk Std 60 out of range; Spk recovery out of range","Within range","Within range",20.3627273843698,0.123250619099427,0.0487493809005735,33.6413870544857,20.3627273843698,33.6413870544857,20.3627273843698,33.6413870544857,54.0041144388555,"Plate15_1_20260309_TMP_C_C6 spk","
The Fe2 diff std curve R squared is 0.94, which is below the 0.985 cutoff but I think is reasonable, 
and Melanie mentioned that this R sqaured might be lower since it is the difference between two curves and is more sensitive. 
The FE_2_high std curve R squared is 0.984, which is close to the 0.985 cutoff
so I think it is reasonable. 
The FE_2_diff slope is slightly lower than previous slopes. 
The check stds for FE3 60 uM and Fe3 9 uM were all bad.
One dup was off for Fe2 and one dup was off for Fe3. 
One spike was too high and one spike looks like the spk solution didn't get added. "
"51","Plate15","F09",0.097,0.179,"20260309_TMP_C_C6 spk",1,"FE_2_high Std curve r2 low; FE_2_diff Std curve r2 low; Fe2 Chk Std 0.6 out of range; Fe3 Chk Std 9 out of range; Fe3 Chk Std 60 out of range; Spk recovery out of range","Within range","Within range",21.4558786055294,0.127621616261484,0.0513783837385162,35.4556316747191,21.4558786055294,35.4556316747191,21.4558786055294,35.4556316747191,56.9115102802485,"Plate15_1_20260309_TMP_C_C6 spk","
The Fe2 diff std curve R squared is 0.94, which is below the 0.985 cutoff but I think is reasonable, 
and Melanie mentioned that this R sqaured might be lower since it is the difference between two curves and is more sensitive. 
The FE_2_high std curve R squared is 0.984, which is close to the 0.985 cutoff
so I think it is reasonable. 
The FE_2_diff slope is slightly lower than previous slopes. 
The check stds for FE3 60 uM and Fe3 9 uM were all bad.
One dup was off for Fe2 and one dup was off for Fe3. 
One spike was too high and one spike looks like the spk solution didn't get added. "
"52","Plate15","F10",0.055,0.062,"20260309_TMP_FW_B4",1,"FE_2_high Std curve r2 low; FE_2_diff Std curve r2 low; Fe2 Chk Std 0.6 out of range; Fe3 Chk Std 9 out of range; Fe3 Chk Std 60 out of range; Spk recovery out of range","Within range","Within range",6.15176150929492,0.0664276559926819,-0.00442765599268186,-2.94988389861659,6.15176150929492,-2.94988389861659,6.15176150929492,0,6.15176150929492,"Plate15_1_20260309_TMP_FW_B4","
The Fe2 diff std curve R squared is 0.94, which is below the 0.985 cutoff but I think is reasonable, 
and Melanie mentioned that this R sqaured might be lower since it is the difference between two curves and is more sensitive. 
The FE_2_high std curve R squared is 0.984, which is close to the 0.985 cutoff
so I think it is reasonable. 
The FE_2_diff slope is slightly lower than previous slopes. 
The check stds for FE3 60 uM and Fe3 9 uM were all bad.
One dup was off for Fe2 and one dup was off for Fe3. 
One spike was too high and one spike looks like the spk solution didn't get added. "
"53","Plate15","F11",0.056,0.061,"20260309_TMP_FW_B4",1,"FE_2_high Std curve r2 low; FE_2_diff Std curve r2 low; Fe2 Chk Std 0.6 out of range; Fe3 Chk Std 9 out of range; Fe3 Chk Std 60 out of range; Spk recovery out of range","Within range","Within range",6.51614524968145,0.067884655046701,-0.00688465504670095,-4.58683626355791,6.51614524968145,-4.58683626355791,6.51614524968145,0,6.51614524968145,"Plate15_1_20260309_TMP_FW_B4","
The Fe2 diff std curve R squared is 0.94, which is below the 0.985 cutoff but I think is reasonable, 
and Melanie mentioned that this R sqaured might be lower since it is the difference between two curves and is more sensitive. 
The FE_2_high std curve R squared is 0.984, which is close to the 0.985 cutoff
so I think it is reasonable. 
The FE_2_diff slope is slightly lower than previous slopes. 
The check stds for FE3 60 uM and Fe3 9 uM were all bad.
One dup was off for Fe2 and one dup was off for Fe3. 
One spike was too high and one spike looks like the spk solution didn't get added. "
"54","Plate15","F12",0.055,0.06,"20260309_TMP_FW_B4",1,"FE_2_high Std curve r2 low; FE_2_diff Std curve r2 low; Fe2 Chk Std 0.6 out of range; Fe3 Chk Std 9 out of range; Fe3 Chk Std 60 out of range; Spk recovery out of range","Within range","Within range",6.15176150929492,0.0664276559926819,-0.00642765599268186,-4.28236496918406,6.15176150929492,-4.28236496918406,6.15176150929492,0,6.15176150929492,"Plate15_1_20260309_TMP_FW_B4","
The Fe2 diff std curve R squared is 0.94, which is below the 0.985 cutoff but I think is reasonable, 
and Melanie mentioned that this R sqaured might be lower since it is the difference between two curves and is more sensitive. 
The FE_2_high std curve R squared is 0.984, which is close to the 0.985 cutoff
so I think it is reasonable. 
The FE_2_diff slope is slightly lower than previous slopes. 
The check stds for FE3 60 uM and Fe3 9 uM were all bad.
One dup was off for Fe2 and one dup was off for Fe3. 
One spike was too high and one spike looks like the spk solution didn't get added. "
"55","Plate15","G04",0.045,0.051,"202511_SWH_SW_C",1,"FE_2_high Std curve r2 low; FE_2_diff Std curve r2 low; Fe2 Chk Std 0.6 out of range; Fe3 Chk Std 9 out of range; Fe3 Chk Std 60 out of range; Spk recovery out of range","Within range","Within range",2.50792410542957,0.0518576654524909,-0.000857665452490913,-0.571411490161912,2.50792410542957,-0.571411490161912,2.50792410542957,0,2.50792410542957,"Plate15_1_202511_SWH_SW_C","
The Fe2 diff std curve R squared is 0.94, which is below the 0.985 cutoff but I think is reasonable, 
and Melanie mentioned that this R sqaured might be lower since it is the difference between two curves and is more sensitive. 
The FE_2_high std curve R squared is 0.984, which is close to the 0.985 cutoff
so I think it is reasonable. 
The FE_2_diff slope is slightly lower than previous slopes. 
The check stds for FE3 60 uM and Fe3 9 uM were all bad.
One dup was off for Fe2 and one dup was off for Fe3. 
One spike was too high and one spike looks like the spk solution didn't get added. "
"56","Plate15","G05",0.042,0.047,"202511_SWH_SW_C",1,"FE_2_high Std curve r2 low; FE_2_diff Std curve r2 low; Fe2 Chk Std 0.6 out of range; Fe3 Chk Std 9 out of range; Fe3 Chk Std 60 out of range; Spk recovery out of range","Within range","Within range",1.41477288426997,0.0474866682904336,-0.000486668290433631,-0.324238142324122,1.41477288426997,-0.324238142324122,1.41477288426997,0,1.41477288426997,"Plate15_1_202511_SWH_SW_C","
The Fe2 diff std curve R squared is 0.94, which is below the 0.985 cutoff but I think is reasonable, 
and Melanie mentioned that this R sqaured might be lower since it is the difference between two curves and is more sensitive. 
The FE_2_high std curve R squared is 0.984, which is close to the 0.985 cutoff
so I think it is reasonable. 
The FE_2_diff slope is slightly lower than previous slopes. 
The check stds for FE3 60 uM and Fe3 9 uM were all bad.
One dup was off for Fe2 and one dup was off for Fe3. 
One spike was too high and one spike looks like the spk solution didn't get added. "
"57","Plate15","G06",0.046,0.05,"202511_SWH_SW_C",1,"FE_2_high Std curve r2 low; FE_2_diff Std curve r2 low; Fe2 Chk Std 0.6 out of range; Fe3 Chk Std 9 out of range; Fe3 Chk Std 60 out of range; Spk recovery out of range","Within range","Within range",2.8723078458161,0.05331466450651,-0.00331466450651,-2.20836385510322,2.8723078458161,-2.20836385510322,2.8723078458161,0,2.8723078458161,"Plate15_1_202511_SWH_SW_C","
The Fe2 diff std curve R squared is 0.94, which is below the 0.985 cutoff but I think is reasonable, 
and Melanie mentioned that this R sqaured might be lower since it is the difference between two curves and is more sensitive. 
The FE_2_high std curve R squared is 0.984, which is close to the 0.985 cutoff
so I think it is reasonable. 
The FE_2_diff slope is slightly lower than previous slopes. 
The check stds for FE3 60 uM and Fe3 9 uM were all bad.
One dup was off for Fe2 and one dup was off for Fe3. 
One spike was too high and one spike looks like the spk solution didn't get added. "
"58","Plate15","G07",0.099,0.108,"20260309_TMP_C_H6",1,"FE_2_high Std curve r2 low; FE_2_diff Std curve r2 low; Fe2 Chk Std 0.6 out of range; Fe3 Chk Std 9 out of range; Fe3 Chk Std 60 out of range; Spk recovery out of range","Within range","Within range",22.1846460863024,0.130535614369522,-0.022535614369522,-15.0141397804981,22.1846460863024,-15.0141397804981,22.1846460863024,0,22.1846460863024,"Plate15_1_20260309_TMP_C_H6","
The Fe2 diff std curve R squared is 0.94, which is below the 0.985 cutoff but I think is reasonable, 
and Melanie mentioned that this R sqaured might be lower since it is the difference between two curves and is more sensitive. 
The FE_2_high std curve R squared is 0.984, which is close to the 0.985 cutoff
so I think it is reasonable. 
The FE_2_diff slope is slightly lower than previous slopes. 
The check stds for FE3 60 uM and Fe3 9 uM were all bad.
One dup was off for Fe2 and one dup was off for Fe3. 
One spike was too high and one spike looks like the spk solution didn't get added. "
"59","Plate15","G08",0.067,0.104,"20260309_TMP_C_H6",1,"FE_2_high Std curve r2 low; FE_2_diff Std curve r2 low; Fe2 Chk Std 0.6 out of range; Fe3 Chk Std 9 out of range; Fe3 Chk Std 60 out of range; Spk recovery out of range","Within range","Within range",10.5243663939333,0.083911644640911,0.020088355359089,13.3836766274093,10.5243663939333,13.3836766274093,10.5243663939333,13.3836766274093,23.9080430213427,"Plate15_1_20260309_TMP_C_H6","
The Fe2 diff std curve R squared is 0.94, which is below the 0.985 cutoff but I think is reasonable, 
and Melanie mentioned that this R sqaured might be lower since it is the difference between two curves and is more sensitive. 
The FE_2_high std curve R squared is 0.984, which is close to the 0.985 cutoff
so I think it is reasonable. 
The FE_2_diff slope is slightly lower than previous slopes. 
The check stds for FE3 60 uM and Fe3 9 uM were all bad.
One dup was off for Fe2 and one dup was off for Fe3. 
One spike was too high and one spike looks like the spk solution didn't get added. "
"60","Plate15","G09",0.095,0.107,"20260309_TMP_C_H6",1,"FE_2_high Std curve r2 low; FE_2_diff Std curve r2 low; Fe2 Chk Std 0.6 out of range; Fe3 Chk Std 9 out of range; Fe3 Chk Std 60 out of range; Spk recovery out of range","Within range","Within range",20.7271111247563,0.124707618153446,-0.0177076181534456,-11.7975329971516,20.7271111247563,-11.7975329971516,20.7271111247563,0,20.7271111247563,"Plate15_1_20260309_TMP_C_H6","
The Fe2 diff std curve R squared is 0.94, which is below the 0.985 cutoff but I think is reasonable, 
and Melanie mentioned that this R sqaured might be lower since it is the difference between two curves and is more sensitive. 
The FE_2_high std curve R squared is 0.984, which is close to the 0.985 cutoff
so I think it is reasonable. 
The FE_2_diff slope is slightly lower than previous slopes. 
The check stds for FE3 60 uM and Fe3 9 uM were all bad.
One dup was off for Fe2 and one dup was off for Fe3. 
One spike was too high and one spike looks like the spk solution didn't get added. "
"61","Plate15","G10",0.043,0.052,"20260309_TMP_FW_C6",1,"FE_2_high Std curve r2 low; FE_2_diff Std curve r2 low; Fe2 Chk Std 0.6 out of range; Fe3 Chk Std 9 out of range; Fe3 Chk Std 60 out of range; Spk recovery out of range","Within range","Within range",1.7791566246565,0.0489436673444527,0.00305633265554728,2.03625270443698,1.7791566246565,2.03625270443698,1.7791566246565,2.03625270443698,3.81540932909347,"Plate15_1_20260309_TMP_FW_C6","
The Fe2 diff std curve R squared is 0.94, which is below the 0.985 cutoff but I think is reasonable, 
and Melanie mentioned that this R sqaured might be lower since it is the difference between two curves and is more sensitive. 
The FE_2_high std curve R squared is 0.984, which is close to the 0.985 cutoff
so I think it is reasonable. 
The FE_2_diff slope is slightly lower than previous slopes. 
The check stds for FE3 60 uM and Fe3 9 uM were all bad.
One dup was off for Fe2 and one dup was off for Fe3. 
One spike was too high and one spike looks like the spk solution didn't get added. "
"62","Plate15","G11",0.05,0.053,"20260309_TMP_FW_C6",1,"FE_2_high Std curve r2 low; FE_2_diff Std curve r2 low; Fe2 Chk Std 0.6 out of range; Fe3 Chk Std 9 out of range; Fe3 Chk Std 60 out of range; Spk recovery out of range","Within range","Within range",4.32984280736224,0.0591426607225864,-0.00614266072258639,-4.09248956788232,4.32984280736224,-4.09248956788232,4.32984280736224,0,4.32984280736224,"Plate15_1_20260309_TMP_FW_C6","
The Fe2 diff std curve R squared is 0.94, which is below the 0.985 cutoff but I think is reasonable, 
and Melanie mentioned that this R sqaured might be lower since it is the difference between two curves and is more sensitive. 
The FE_2_high std curve R squared is 0.984, which is close to the 0.985 cutoff
so I think it is reasonable. 
The FE_2_diff slope is slightly lower than previous slopes. 
The check stds for FE3 60 uM and Fe3 9 uM were all bad.
One dup was off for Fe2 and one dup was off for Fe3. 
One spike was too high and one spike looks like the spk solution didn't get added. "
"63","Plate15","G12",0.049,0.052,"20260309_TMP_FW_C6",1,"FE_2_high Std curve r2 low; FE_2_diff Std curve r2 low; Fe2 Chk Std 0.6 out of range; Fe3 Chk Std 9 out of range; Fe3 Chk Std 60 out of range; Spk recovery out of range","Within range","Within range",3.96545906697571,0.0576856616685673,-0.00568566166856729,-3.78801827350848,3.96545906697571,-3.78801827350848,3.96545906697571,0,3.96545906697571,"Plate15_1_20260309_TMP_FW_C6","
The Fe2 diff std curve R squared is 0.94, which is below the 0.985 cutoff but I think is reasonable, 
and Melanie mentioned that this R sqaured might be lower since it is the difference between two curves and is more sensitive. 
The FE_2_high std curve R squared is 0.984, which is close to the 0.985 cutoff
so I think it is reasonable. 
The FE_2_diff slope is slightly lower than previous slopes. 
The check stds for FE3 60 uM and Fe3 9 uM were all bad.
One dup was off for Fe2 and one dup was off for Fe3. 
One spike was too high and one spike looks like the spk solution didn't get added. "
"64","Plate15","H04",0.059,0.07,"20260309_TMP_C_B4",1,"FE_2_high Std curve r2 low; FE_2_diff Std curve r2 low; Fe2 Chk Std 0.6 out of range; Fe3 Chk Std 9 out of range; Fe3 Chk Std 60 out of range; Spk recovery out of range","Within range","Within range",7.60929647084105,0.0722556522087582,-0.00225565220875822,-1.50280693497701,7.60929647084105,-1.50280693497701,7.60929647084105,0,7.60929647084105,"Plate15_1_20260309_TMP_C_B4","
The Fe2 diff std curve R squared is 0.94, which is below the 0.985 cutoff but I think is reasonable, 
and Melanie mentioned that this R sqaured might be lower since it is the difference between two curves and is more sensitive. 
The FE_2_high std curve R squared is 0.984, which is close to the 0.985 cutoff
so I think it is reasonable. 
The FE_2_diff slope is slightly lower than previous slopes. 
The check stds for FE3 60 uM and Fe3 9 uM were all bad.
One dup was off for Fe2 and one dup was off for Fe3. 
One spike was too high and one spike looks like the spk solution didn't get added. "
"65","Plate15","H05",0.065,0.072,"20260309_TMP_C_B4",1,"FE_2_high Std curve r2 low; FE_2_diff Std curve r2 low; Fe2 Chk Std 0.6 out of range; Fe3 Chk Std 9 out of range; Fe3 Chk Std 60 out of range; Spk recovery out of range","Within range","Within range",9.79559891316027,0.0809976465328728,-0.00899764653287281,-5.99459684235502,9.79559891316027,-5.99459684235502,9.79559891316027,0,9.79559891316027,"Plate15_1_20260309_TMP_C_B4","
The Fe2 diff std curve R squared is 0.94, which is below the 0.985 cutoff but I think is reasonable, 
and Melanie mentioned that this R sqaured might be lower since it is the difference between two curves and is more sensitive. 
The FE_2_high std curve R squared is 0.984, which is close to the 0.985 cutoff
so I think it is reasonable. 
The FE_2_diff slope is slightly lower than previous slopes. 
The check stds for FE3 60 uM and Fe3 9 uM were all bad.
One dup was off for Fe2 and one dup was off for Fe3. 
One spike was too high and one spike looks like the spk solution didn't get added. "
"66","Plate15","H06",0.056,0.072,"20260309_TMP_C_B4",1,"FE_2_high Std curve r2 low; FE_2_diff Std curve r2 low; Fe2 Chk Std 0.6 out of range; Fe3 Chk Std 9 out of range; Fe3 Chk Std 60 out of range; Spk recovery out of range","Within range","Within range",6.51614524968145,0.067884655046701,0.00411534495329904,2.74180962456317,6.51614524968145,2.74180962456317,6.51614524968145,2.74180962456317,9.25795487424462,"Plate15_1_20260309_TMP_C_B4","
The Fe2 diff std curve R squared is 0.94, which is below the 0.985 cutoff but I think is reasonable, 
and Melanie mentioned that this R sqaured might be lower since it is the difference between two curves and is more sensitive. 
The FE_2_high std curve R squared is 0.984, which is close to the 0.985 cutoff
so I think it is reasonable. 
The FE_2_diff slope is slightly lower than previous slopes. 
The check stds for FE3 60 uM and Fe3 9 uM were all bad.
One dup was off for Fe2 and one dup was off for Fe3. 
One spike was too high and one spike looks like the spk solution didn't get added. "
"67","Plate15","H07",0.063,0.069,"20260309_TMP_C_F4",1,"FE_2_high Std curve r2 low; FE_2_diff Std curve r2 low; Fe2 Chk Std 0.6 out of range; Fe3 Chk Std 9 out of range; Fe3 Chk Std 60 out of range; Spk recovery out of range","Within range","Within range",9.0668314323872,0.0780836484248346,-0.0090836484248346,-6.05189478889105,9.0668314323872,-6.05189478889105,9.0668314323872,0,9.0668314323872,"Plate15_1_20260309_TMP_C_F4","
The Fe2 diff std curve R squared is 0.94, which is below the 0.985 cutoff but I think is reasonable, 
and Melanie mentioned that this R sqaured might be lower since it is the difference between two curves and is more sensitive. 
The FE_2_high std curve R squared is 0.984, which is close to the 0.985 cutoff
so I think it is reasonable. 
The FE_2_diff slope is slightly lower than previous slopes. 
The check stds for FE3 60 uM and Fe3 9 uM were all bad.
One dup was off for Fe2 and one dup was off for Fe3. 
One spike was too high and one spike looks like the spk solution didn't get added. "
"68","Plate15","H08",0.061,0.066,"20260309_TMP_C_F4",1,"FE_2_high Std curve r2 low; FE_2_diff Std curve r2 low; Fe2 Chk Std 0.6 out of range; Fe3 Chk Std 9 out of range; Fe3 Chk Std 60 out of range; Spk recovery out of range","Within range","Within range",8.33806395161412,0.0751696503167964,-0.00916965031679641,-6.1091927354271,8.33806395161412,-6.1091927354271,8.33806395161412,0,8.33806395161412,"Plate15_1_20260309_TMP_C_F4","
The Fe2 diff std curve R squared is 0.94, which is below the 0.985 cutoff but I think is reasonable, 
and Melanie mentioned that this R sqaured might be lower since it is the difference between two curves and is more sensitive. 
The FE_2_high std curve R squared is 0.984, which is close to the 0.985 cutoff
so I think it is reasonable. 
The FE_2_diff slope is slightly lower than previous slopes. 
The check stds for FE3 60 uM and Fe3 9 uM were all bad.
One dup was off for Fe2 and one dup was off for Fe3. 
One spike was too high and one spike looks like the spk solution didn't get added. "
"69","Plate15","H09",0.064,0.068,"20260309_TMP_C_F4",1,"FE_2_high Std curve r2 low; FE_2_diff Std curve r2 low; Fe2 Chk Std 0.6 out of range; Fe3 Chk Std 9 out of range; Fe3 Chk Std 60 out of range; Spk recovery out of range","Within range","Within range",9.43121517277373,0.0795406474788537,-0.0115406474788537,-7.68884715383236,9.43121517277373,-7.68884715383236,9.43121517277373,0,9.43121517277373,"Plate15_1_20260309_TMP_C_F4","
The Fe2 diff std curve R squared is 0.94, which is below the 0.985 cutoff but I think is reasonable, 
and Melanie mentioned that this R sqaured might be lower since it is the difference between two curves and is more sensitive. 
The FE_2_high std curve R squared is 0.984, which is close to the 0.985 cutoff
so I think it is reasonable. 
The FE_2_diff slope is slightly lower than previous slopes. 
The check stds for FE3 60 uM and Fe3 9 uM were all bad.
One dup was off for Fe2 and one dup was off for Fe3. 
One spike was too high and one spike looks like the spk solution didn't get added. "
"70","Plate15","H10",0.228,0.24,"20260309_TMP_FW_I5",1,"FE_2_high Std curve r2 low; FE_2_diff Std curve r2 low; Fe2 Chk Std 0.6 out of range; Fe3 Chk Std 9 out of range; Fe3 Chk Std 60 out of range; Spk recovery out of range","Within range","Within range",82.1240966244563,0.334709858328111,-0.0947098583281113,-65.3581838996036,82.1240966244563,-65.3581838996036,82.1240966244563,0,82.1240966244563,"Plate15_1_20260309_TMP_FW_I5","
The Fe2 diff std curve R squared is 0.94, which is below the 0.985 cutoff but I think is reasonable, 
and Melanie mentioned that this R sqaured might be lower since it is the difference between two curves and is more sensitive. 
The FE_2_high std curve R squared is 0.984, which is close to the 0.985 cutoff
so I think it is reasonable. 
The FE_2_diff slope is slightly lower than previous slopes. 
The check stds for FE3 60 uM and Fe3 9 uM were all bad.
One dup was off for Fe2 and one dup was off for Fe3. 
One spike was too high and one spike looks like the spk solution didn't get added. "
"71","Plate15","H11",0.128,0.196,"20260309_TMP_FW_I5",1,"FE_2_high Std curve r2 low; FE_2_diff Std curve r2 low; Fe2 Chk Std 0.6 out of range; Fe3 Chk Std 9 out of range; Fe3 Chk Std 60 out of range; Spk recovery out of range","Within range","Within range",32.751774557512,0.172788586936076,0.0232114130639243,16.017929182683,32.751774557512,16.017929182683,32.751774557512,16.017929182683,48.7697037401949,"Plate15_1_20260309_TMP_FW_I5","
The Fe2 diff std curve R squared is 0.94, which is below the 0.985 cutoff but I think is reasonable, 
and Melanie mentioned that this R sqaured might be lower since it is the difference between two curves and is more sensitive. 
The FE_2_high std curve R squared is 0.984, which is close to the 0.985 cutoff
so I think it is reasonable. 
The FE_2_diff slope is slightly lower than previous slopes. 
The check stds for FE3 60 uM and Fe3 9 uM were all bad.
One dup was off for Fe2 and one dup was off for Fe3. 
One spike was too high and one spike looks like the spk solution didn't get added. "
"72","Plate15","H12",0.218,0.237,"20260309_TMP_FW_I5",1,"FE_2_high Std curve r2 low; FE_2_diff Std curve r2 low; Fe2 Chk Std 0.6 out of range; Fe3 Chk Std 9 out of range; Fe3 Chk Std 60 out of range; Spk recovery out of range","Within range","Within range",77.4170264941709,0.318806393496063,-0.0818063934960634,-56.4536512319126,77.4170264941709,-56.4536512319126,77.4170264941709,0,77.4170264941709,"Plate15_1_20260309_TMP_FW_I5","
The Fe2 diff std curve R squared is 0.94, which is below the 0.985 cutoff but I think is reasonable, 
and Melanie mentioned that this R sqaured might be lower since it is the difference between two curves and is more sensitive. 
The FE_2_high std curve R squared is 0.984, which is close to the 0.985 cutoff
so I think it is reasonable. 
The FE_2_diff slope is slightly lower than previous slopes. 
The check stds for FE3 60 uM and Fe3 9 uM were all bad.
One dup was off for Fe2 and one dup was off for Fe3. 
One spike was too high and one spike looks like the spk solution didn't get added. "
"73","Plate16","A04",0.11,0.146,"20260309_TMP_SW_F6",1,"FE_2_high Std curve r2 low; FE_2_diff Std curve r2 low; Fe2 Chk Std 0.6 out of range; Fe3 Chk Std 9 out of range; Fe3 Chk Std 60 out of range","Within range","Within range",26.1928672305543,0.146562603963732,-0.000562603963732033,-0.388246524420468,26.1928672305543,-0.388246524420468,26.1928672305543,0,26.1928672305543,"Plate16_1_20260309_TMP_SW_F6","
The Fe2 diff std curve R squared is 0.94, which is below the 0.985 cutoff but I think is reasonable, 
and Melanie mentioned that this R sqaured might be lower since it is the difference between two curves and is more sensitive. 
The FE_2_high std curve R squared is 0.984, which is close to the 0.985 cutoff
so I think it is reasonable. 
The FE_2_diff slope is slightly lower than previous slopes. 
The check stds for FE3 60 uM and Fe3 9 uM were all bad.
One dup was off for Fe2 and one dup was off for Fe3. 
One spike was too high and one spike looks like the spk solution didn't get added. "
"74","Plate16","A05",0.117,0.16,"20260309_TMP_SW_F6",1,"FE_2_high Std curve r2 low; FE_2_diff Std curve r2 low; Fe2 Chk Std 0.6 out of range; Fe3 Chk Std 9 out of range; Fe3 Chk Std 60 out of range","Within range","Within range",28.7435534132601,0.156761597341866,0.0032384026581343,2.23478442696059,28.7435534132601,2.23478442696059,28.7435534132601,2.23478442696059,30.9783378402207,"Plate16_1_20260309_TMP_SW_F6","
The Fe2 diff std curve R squared is 0.94, which is below the 0.985 cutoff but I think is reasonable, 
and Melanie mentioned that this R sqaured might be lower since it is the difference between two curves and is more sensitive. 
The FE_2_high std curve R squared is 0.984, which is close to the 0.985 cutoff
so I think it is reasonable. 
The FE_2_diff slope is slightly lower than previous slopes. 
The check stds for FE3 60 uM and Fe3 9 uM were all bad.
One dup was off for Fe2 and one dup was off for Fe3. 
One spike was too high and one spike looks like the spk solution didn't get added. "
"75","Plate16","A06",0.094,0.136,"20260309_TMP_SW_F6",1,"FE_2_high Std curve r2 low; FE_2_diff Std curve r2 low; Fe2 Chk Std 0.6 out of range; Fe3 Chk Std 9 out of range; Fe3 Chk Std 60 out of range","Within range","Within range",20.3627273843698,0.123250619099427,0.0127493809005735,8.79820111882108,20.3627273843698,8.79820111882108,20.3627273843698,8.79820111882108,29.1609285031909,"Plate16_1_20260309_TMP_SW_F6","
The Fe2 diff std curve R squared is 0.94, which is below the 0.985 cutoff but I think is reasonable, 
and Melanie mentioned that this R sqaured might be lower since it is the difference between two curves and is more sensitive. 
The FE_2_high std curve R squared is 0.984, which is close to the 0.985 cutoff
so I think it is reasonable. 
The FE_2_diff slope is slightly lower than previous slopes. 
The check stds for FE3 60 uM and Fe3 9 uM were all bad.
One dup was off for Fe2 and one dup was off for Fe3. 
One spike was too high and one spike looks like the spk solution didn't get added. "
"76","Plate16","A07",0.072,0.092,"20260309_TMP_SW_H6",1,"FE_2_high Std curve r2 low; FE_2_diff Std curve r2 low; Fe2 Chk Std 0.6 out of range; Fe3 Chk Std 9 out of range; Fe3 Chk Std 60 out of range","Within range","Within range",12.346285095866,0.0911966399110064,0.000803360088993552,0.535231055716652,12.346285095866,0.535231055716652,12.346285095866,0.535231055716652,12.8815161515827,"Plate16_1_20260309_TMP_SW_H6","
The Fe2 diff std curve R squared is 0.94, which is below the 0.985 cutoff but I think is reasonable, 
and Melanie mentioned that this R sqaured might be lower since it is the difference between two curves and is more sensitive. 
The FE_2_high std curve R squared is 0.984, which is close to the 0.985 cutoff
so I think it is reasonable. 
The FE_2_diff slope is slightly lower than previous slopes. 
The check stds for FE3 60 uM and Fe3 9 uM were all bad.
One dup was off for Fe2 and one dup was off for Fe3. 
One spike was too high and one spike looks like the spk solution didn't get added. "
"77","Plate16","A08",0.073,0.095,"20260309_TMP_SW_H6",1,"FE_2_high Std curve r2 low; FE_2_diff Std curve r2 low; Fe2 Chk Std 0.6 out of range; Fe3 Chk Std 9 out of range; Fe3 Chk Std 60 out of range","Within range","Within range",12.7106688362525,0.0926536389650255,0.00234636103497446,1.56324083191028,12.7106688362525,1.56324083191028,12.7106688362525,1.56324083191028,14.2739096681628,"Plate16_1_20260309_TMP_SW_H6","
The Fe2 diff std curve R squared is 0.94, which is below the 0.985 cutoff but I think is reasonable, 
and Melanie mentioned that this R sqaured might be lower since it is the difference between two curves and is more sensitive. 
The FE_2_high std curve R squared is 0.984, which is close to the 0.985 cutoff
so I think it is reasonable. 
The FE_2_diff slope is slightly lower than previous slopes. 
The check stds for FE3 60 uM and Fe3 9 uM were all bad.
One dup was off for Fe2 and one dup was off for Fe3. 
One spike was too high and one spike looks like the spk solution didn't get added. "
"78","Plate16","A09",0.067,0.089,"20260309_TMP_SW_H6",1,"FE_2_high Std curve r2 low; FE_2_diff Std curve r2 low; Fe2 Chk Std 0.6 out of range; Fe3 Chk Std 9 out of range; Fe3 Chk Std 60 out of range","Within range","Within range",10.5243663939333,0.083911644640911,0.005088355359089,3.39006859815331,10.5243663939333,3.39006859815331,10.5243663939333,3.39006859815331,13.9144349920866,"Plate16_1_20260309_TMP_SW_H6","
The Fe2 diff std curve R squared is 0.94, which is below the 0.985 cutoff but I think is reasonable, 
and Melanie mentioned that this R sqaured might be lower since it is the difference between two curves and is more sensitive. 
The FE_2_high std curve R squared is 0.984, which is close to the 0.985 cutoff
so I think it is reasonable. 
The FE_2_diff slope is slightly lower than previous slopes. 
The check stds for FE3 60 uM and Fe3 9 uM were all bad.
One dup was off for Fe2 and one dup was off for Fe3. 
One spike was too high and one spike looks like the spk solution didn't get added. "
"79","Plate16","A10",0.062,0.104,"20260309_TMP_C_I5_NoAcid",1,"FE_2_high Std curve r2 low; FE_2_diff Std curve r2 low; Fe2 Chk Std 0.6 out of range; Fe3 Chk Std 9 out of range; Fe3 Chk Std 60 out of range","Within range","Within range",8.70244769200066,0.0766266493708155,0.0273733506291845,18.2372357756972,8.70244769200066,18.2372357756972,8.70244769200066,18.2372357756972,26.9396834676979,"Plate16_1_20260309_TMP_C_I5_NoAcid","
The Fe2 diff std curve R squared is 0.94, which is below the 0.985 cutoff but I think is reasonable, 
and Melanie mentioned that this R sqaured might be lower since it is the difference between two curves and is more sensitive. 
The FE_2_high std curve R squared is 0.984, which is close to the 0.985 cutoff
so I think it is reasonable. 
The FE_2_diff slope is slightly lower than previous slopes. 
The check stds for FE3 60 uM and Fe3 9 uM were all bad.
One dup was off for Fe2 and one dup was off for Fe3. 
One spike was too high and one spike looks like the spk solution didn't get added. "
"80","Plate16","A11",0.061,0.101,"20260309_TMP_C_I5_NoAcid",1,"FE_2_high Std curve r2 low; FE_2_diff Std curve r2 low; Fe2 Chk Std 0.6 out of range; Fe3 Chk Std 9 out of range; Fe3 Chk Std 60 out of range","Within range","Within range",8.33806395161412,0.0751696503167964,0.0258303496832036,17.2092259995036,8.33806395161412,17.2092259995036,8.33806395161412,17.2092259995036,25.5472899511177,"Plate16_1_20260309_TMP_C_I5_NoAcid","
The Fe2 diff std curve R squared is 0.94, which is below the 0.985 cutoff but I think is reasonable, 
and Melanie mentioned that this R sqaured might be lower since it is the difference between two curves and is more sensitive. 
The FE_2_high std curve R squared is 0.984, which is close to the 0.985 cutoff
so I think it is reasonable. 
The FE_2_diff slope is slightly lower than previous slopes. 
The check stds for FE3 60 uM and Fe3 9 uM were all bad.
One dup was off for Fe2 and one dup was off for Fe3. 
One spike was too high and one spike looks like the spk solution didn't get added. "
"81","Plate16","A12",0.061,0.086,"20260309_TMP_C_I5_NoAcid",1,"FE_2_high Std curve r2 low; FE_2_diff Std curve r2 low; Fe2 Chk Std 0.6 out of range; Fe3 Chk Std 9 out of range; Fe3 Chk Std 60 out of range","Within range","Within range",8.33806395161412,0.0751696503167964,0.0108303496832036,7.21561797024758,8.33806395161412,7.21561797024758,8.33806395161412,7.21561797024758,15.5536819218617,"Plate16_1_20260309_TMP_C_I5_NoAcid","
The Fe2 diff std curve R squared is 0.94, which is below the 0.985 cutoff but I think is reasonable, 
and Melanie mentioned that this R sqaured might be lower since it is the difference between two curves and is more sensitive. 
The FE_2_high std curve R squared is 0.984, which is close to the 0.985 cutoff
so I think it is reasonable. 
The FE_2_diff slope is slightly lower than previous slopes. 
The check stds for FE3 60 uM and Fe3 9 uM were all bad.
One dup was off for Fe2 and one dup was off for Fe3. 
One spike was too high and one spike looks like the spk solution didn't get added. "
"82","Plate16","B04",0.112,0.181,"20260309_TMP_SW_F4",1,"FE_2_high Std curve r2 low; FE_2_diff Std curve r2 low; Fe2 Chk Std 0.6 out of range; Fe3 Chk Std 9 out of range; Fe3 Chk Std 60 out of range","Within range","Within range",26.9216347113274,0.14947660207177,0.0315233979282298,21.75393433486,26.9216347113274,21.75393433486,26.9216347113274,21.75393433486,48.6755690461874,"Plate16_1_20260309_TMP_SW_F4","
The Fe2 diff std curve R squared is 0.94, which is below the 0.985 cutoff but I think is reasonable, 
and Melanie mentioned that this R sqaured might be lower since it is the difference between two curves and is more sensitive. 
The FE_2_high std curve R squared is 0.984, which is close to the 0.985 cutoff
so I think it is reasonable. 
The FE_2_diff slope is slightly lower than previous slopes. 
The check stds for FE3 60 uM and Fe3 9 uM were all bad.
One dup was off for Fe2 and one dup was off for Fe3. 
One spike was too high and one spike looks like the spk solution didn't get added. "
"83","Plate16","B05",0.123,0.187,"20260309_TMP_SW_F4",1,"FE_2_high Std curve r2 low; FE_2_diff Std curve r2 low; Fe2 Chk Std 0.6 out of range; Fe3 Chk Std 9 out of range; Fe3 Chk Std 60 out of range","Within range","Within range",30.9298558555793,0.16550359166598,0.0214964083340198,14.8344241441951,30.9298558555793,14.8344241441951,30.9298558555793,14.8344241441951,45.7642799997744,"Plate16_1_20260309_TMP_SW_F4","
The Fe2 diff std curve R squared is 0.94, which is below the 0.985 cutoff but I think is reasonable, 
and Melanie mentioned that this R sqaured might be lower since it is the difference between two curves and is more sensitive. 
The FE_2_high std curve R squared is 0.984, which is close to the 0.985 cutoff
so I think it is reasonable. 
The FE_2_diff slope is slightly lower than previous slopes. 
The check stds for FE3 60 uM and Fe3 9 uM were all bad.
One dup was off for Fe2 and one dup was off for Fe3. 
One spike was too high and one spike looks like the spk solution didn't get added. "
"84","Plate16","B06",0.124,0.193,"20260309_TMP_SW_F4",1,"FE_2_high Std curve r2 low; FE_2_diff Std curve r2 low; Fe2 Chk Std 0.6 out of range; Fe3 Chk Std 9 out of range; Fe3 Chk Std 60 out of range","Within range","Within range",31.2942395959658,0.166960590719999,0.0260394092800006,17.9694968443869,31.2942395959658,17.9694968443869,31.2942395959658,17.9694968443869,49.2637364403527,"Plate16_1_20260309_TMP_SW_F4","
The Fe2 diff std curve R squared is 0.94, which is below the 0.985 cutoff but I think is reasonable, 
and Melanie mentioned that this R sqaured might be lower since it is the difference between two curves and is more sensitive. 
The FE_2_high std curve R squared is 0.984, which is close to the 0.985 cutoff
so I think it is reasonable. 
The FE_2_diff slope is slightly lower than previous slopes. 
The check stds for FE3 60 uM and Fe3 9 uM were all bad.
One dup was off for Fe2 and one dup was off for Fe3. 
One spike was too high and one spike looks like the spk solution didn't get added. "
"85","Plate16","B07",0.12,0.183,"20260309_TMP_SW_B4",1,"FE_2_high Std curve r2 low; FE_2_diff Std curve r2 low; Fe2 Chk Std 0.6 out of range; Fe3 Chk Std 9 out of range; Fe3 Chk Std 60 out of range","Within range","Within range",29.8367046344197,0.161132594503923,0.021867405496077,15.0904450186005,29.8367046344197,15.0904450186005,29.8367046344197,15.0904450186005,44.9271496530201,"Plate16_1_20260309_TMP_SW_B4","
The Fe2 diff std curve R squared is 0.94, which is below the 0.985 cutoff but I think is reasonable, 
and Melanie mentioned that this R sqaured might be lower since it is the difference between two curves and is more sensitive. 
The FE_2_high std curve R squared is 0.984, which is close to the 0.985 cutoff
so I think it is reasonable. 
The FE_2_diff slope is slightly lower than previous slopes. 
The check stds for FE3 60 uM and Fe3 9 uM were all bad.
One dup was off for Fe2 and one dup was off for Fe3. 
One spike was too high and one spike looks like the spk solution didn't get added. "
"86","Plate16","B08",0.115,0.176,"20260309_TMP_SW_B4",1,"FE_2_high Std curve r2 low; FE_2_diff Std curve r2 low; Fe2 Chk Std 0.6 out of range; Fe3 Chk Std 9 out of range; Fe3 Chk Std 60 out of range","Within range","Within range",28.014785932487,0.153847599233828,0.0221524007661725,15.2871169765384,28.014785932487,15.2871169765384,28.014785932487,15.2871169765384,43.3019029090254,"Plate16_1_20260309_TMP_SW_B4","
The Fe2 diff std curve R squared is 0.94, which is below the 0.985 cutoff but I think is reasonable, 
and Melanie mentioned that this R sqaured might be lower since it is the difference between two curves and is more sensitive. 
The FE_2_high std curve R squared is 0.984, which is close to the 0.985 cutoff
so I think it is reasonable. 
The FE_2_diff slope is slightly lower than previous slopes. 
The check stds for FE3 60 uM and Fe3 9 uM were all bad.
One dup was off for Fe2 and one dup was off for Fe3. 
One spike was too high and one spike looks like the spk solution didn't get added. "
"87","Plate16","B09",0.116,0.178,"20260309_TMP_SW_B4",1,"FE_2_high Std curve r2 low; FE_2_diff Std curve r2 low; Fe2 Chk Std 0.6 out of range; Fe3 Chk Std 9 out of range; Fe3 Chk Std 60 out of range","Within range","Within range",28.3791696728735,0.155304598287847,0.0226954017121534,15.6618356838786,28.3791696728735,15.6618356838786,28.3791696728735,15.6618356838786,44.0410053567521,"Plate16_1_20260309_TMP_SW_B4","
The Fe2 diff std curve R squared is 0.94, which is below the 0.985 cutoff but I think is reasonable, 
and Melanie mentioned that this R sqaured might be lower since it is the difference between two curves and is more sensitive. 
The FE_2_high std curve R squared is 0.984, which is close to the 0.985 cutoff
so I think it is reasonable. 
The FE_2_diff slope is slightly lower than previous slopes. 
The check stds for FE3 60 uM and Fe3 9 uM were all bad.
One dup was off for Fe2 and one dup was off for Fe3. 
One spike was too high and one spike looks like the spk solution didn't get added. "
"88","Plate16","B10",0.047,0.054,"20260309_TMP_FW_H3_NoAcid",1,"FE_2_high Std curve r2 low; FE_2_diff Std curve r2 low; Fe2 Chk Std 0.6 out of range; Fe3 Chk Std 9 out of range; Fe3 Chk Std 60 out of range","Within range","Within range",3.23669158620264,0.0547716635605291,-0.000771663560529101,-0.514113543625861,3.23669158620264,-0.514113543625861,3.23669158620264,0,3.23669158620264,"Plate16_1_20260309_TMP_FW_H3_NoAcid","
The Fe2 diff std curve R squared is 0.94, which is below the 0.985 cutoff but I think is reasonable, 
and Melanie mentioned that this R sqaured might be lower since it is the difference between two curves and is more sensitive. 
The FE_2_high std curve R squared is 0.984, which is close to the 0.985 cutoff
so I think it is reasonable. 
The FE_2_diff slope is slightly lower than previous slopes. 
The check stds for FE3 60 uM and Fe3 9 uM were all bad.
One dup was off for Fe2 and one dup was off for Fe3. 
One spike was too high and one spike looks like the spk solution didn't get added. "
"89","Plate16","B11",0.049,0.053,"20260309_TMP_FW_H3_NoAcid",1,"FE_2_high Std curve r2 low; FE_2_diff Std curve r2 low; Fe2 Chk Std 0.6 out of range; Fe3 Chk Std 9 out of range; Fe3 Chk Std 60 out of range","Within range","Within range",3.96545906697571,0.0576856616685673,-0.00468566166856729,-3.12177773822475,3.96545906697571,-3.12177773822475,3.96545906697571,0,3.96545906697571,"Plate16_1_20260309_TMP_FW_H3_NoAcid","
The Fe2 diff std curve R squared is 0.94, which is below the 0.985 cutoff but I think is reasonable, 
and Melanie mentioned that this R sqaured might be lower since it is the difference between two curves and is more sensitive. 
The FE_2_high std curve R squared is 0.984, which is close to the 0.985 cutoff
so I think it is reasonable. 
The FE_2_diff slope is slightly lower than previous slopes. 
The check stds for FE3 60 uM and Fe3 9 uM were all bad.
One dup was off for Fe2 and one dup was off for Fe3. 
One spike was too high and one spike looks like the spk solution didn't get added. "
"90","Plate16","B12",0.048,0.056,"20260309_TMP_FW_H3_NoAcid",1,"FE_2_high Std curve r2 low; FE_2_diff Std curve r2 low; Fe2 Chk Std 0.6 out of range; Fe3 Chk Std 9 out of range; Fe3 Chk Std 60 out of range","Within range","Within range",3.60107532658917,0.0562286626145482,-0.000228662614548195,-0.152344302715967,3.60107532658917,-0.152344302715967,3.60107532658917,0,3.60107532658917,"Plate16_1_20260309_TMP_FW_H3_NoAcid","
The Fe2 diff std curve R squared is 0.94, which is below the 0.985 cutoff but I think is reasonable, 
and Melanie mentioned that this R sqaured might be lower since it is the difference between two curves and is more sensitive. 
The FE_2_high std curve R squared is 0.984, which is close to the 0.985 cutoff
so I think it is reasonable. 
The FE_2_diff slope is slightly lower than previous slopes. 
The check stds for FE3 60 uM and Fe3 9 uM were all bad.
One dup was off for Fe2 and one dup was off for Fe3. 
One spike was too high and one spike looks like the spk solution didn't get added. "
"91","Plate16","C04",0.094,0.13,"20260309_TMP_SW_D5",1,"FE_2_high Std curve r2 low; FE_2_diff Std curve r2 low; Fe2 Chk Std 0.6 out of range; Fe3 Chk Std 9 out of range; Fe3 Chk Std 60 out of range","Within range","Within range",20.3627273843698,0.123250619099427,0.00674938090057348,4.65767012954363,20.3627273843698,4.65767012954363,20.3627273843698,4.65767012954363,25.0203975139134,"Plate16_1_20260309_TMP_SW_D5","
The Fe2 diff std curve R squared is 0.94, which is below the 0.985 cutoff but I think is reasonable, 
and Melanie mentioned that this R sqaured might be lower since it is the difference between two curves and is more sensitive. 
The FE_2_high std curve R squared is 0.984, which is close to the 0.985 cutoff
so I think it is reasonable. 
The FE_2_diff slope is slightly lower than previous slopes. 
The check stds for FE3 60 uM and Fe3 9 uM were all bad.
One dup was off for Fe2 and one dup was off for Fe3. 
One spike was too high and one spike looks like the spk solution didn't get added. "
"92","Plate16","C05",0.09,0.128,"20260309_TMP_SW_D5",1,"FE_2_high Std curve r2 low; FE_2_diff Std curve r2 low; Fe2 Chk Std 0.6 out of range; Fe3 Chk Std 9 out of range; Fe3 Chk Std 60 out of range","Within range","Within range",18.9051924228236,0.11742262288335,0.0105773771166499,7.04707739209472,18.9051924228236,7.04707739209472,18.9051924228236,7.04707739209472,25.9522698149184,"Plate16_1_20260309_TMP_SW_D5","
The Fe2 diff std curve R squared is 0.94, which is below the 0.985 cutoff but I think is reasonable, 
and Melanie mentioned that this R sqaured might be lower since it is the difference between two curves and is more sensitive. 
The FE_2_high std curve R squared is 0.984, which is close to the 0.985 cutoff
so I think it is reasonable. 
The FE_2_diff slope is slightly lower than previous slopes. 
The check stds for FE3 60 uM and Fe3 9 uM were all bad.
One dup was off for Fe2 and one dup was off for Fe3. 
One spike was too high and one spike looks like the spk solution didn't get added. "
"93","Plate16","C06",0.095,0.117,"20260309_TMP_SW_D5",1,"FE_2_high Std curve r2 low; FE_2_diff Std curve r2 low; Fe2 Chk Std 0.6 out of range; Fe3 Chk Std 9 out of range; Fe3 Chk Std 60 out of range","Within range","Within range",20.7271111247563,0.124707618153446,-0.00770761815344562,-5.13512764431424,20.7271111247563,-5.13512764431424,20.7271111247563,0,20.7271111247563,"Plate16_1_20260309_TMP_SW_D5","
The Fe2 diff std curve R squared is 0.94, which is below the 0.985 cutoff but I think is reasonable, 
and Melanie mentioned that this R sqaured might be lower since it is the difference between two curves and is more sensitive. 
The FE_2_high std curve R squared is 0.984, which is close to the 0.985 cutoff
so I think it is reasonable. 
The FE_2_diff slope is slightly lower than previous slopes. 
The check stds for FE3 60 uM and Fe3 9 uM were all bad.
One dup was off for Fe2 and one dup was off for Fe3. 
One spike was too high and one spike looks like the spk solution didn't get added. "
"94","Plate16","C10",0.043,0.048,"20260309_TMP_FW_D5_NoAcid",1,"FE_2_high Std curve r2 low; FE_2_diff Std curve r2 low; Fe2 Chk Std 0.6 out of range; Fe3 Chk Std 9 out of range; Fe3 Chk Std 60 out of range","Within range","Within range",1.7791566246565,0.0489436673444527,-0.000943667344452719,-0.628709436697959,1.7791566246565,-0.628709436697959,1.7791566246565,0,1.7791566246565,"Plate16_1_20260309_TMP_FW_D5_NoAcid","
The Fe2 diff std curve R squared is 0.94, which is below the 0.985 cutoff but I think is reasonable, 
and Melanie mentioned that this R sqaured might be lower since it is the difference between two curves and is more sensitive. 
The FE_2_high std curve R squared is 0.984, which is close to the 0.985 cutoff
so I think it is reasonable. 
The FE_2_diff slope is slightly lower than previous slopes. 
The check stds for FE3 60 uM and Fe3 9 uM were all bad.
One dup was off for Fe2 and one dup was off for Fe3. 
One spike was too high and one spike looks like the spk solution didn't get added. "
"95","Plate16","C11",0.042,0.049,"20260309_TMP_FW_D5_NoAcid",1,"FE_2_high Std curve r2 low; FE_2_diff Std curve r2 low; Fe2 Chk Std 0.6 out of range; Fe3 Chk Std 9 out of range; Fe3 Chk Std 60 out of range","Within range","Within range",1.41477288426997,0.0474866682904336,0.00151333170956637,1.00824292824335,1.41477288426997,1.00824292824335,1.41477288426997,1.00824292824335,2.42301581251331,"Plate16_1_20260309_TMP_FW_D5_NoAcid","
The Fe2 diff std curve R squared is 0.94, which is below the 0.985 cutoff but I think is reasonable, 
and Melanie mentioned that this R sqaured might be lower since it is the difference between two curves and is more sensitive. 
The FE_2_high std curve R squared is 0.984, which is close to the 0.985 cutoff
so I think it is reasonable. 
The FE_2_diff slope is slightly lower than previous slopes. 
The check stds for FE3 60 uM and Fe3 9 uM were all bad.
One dup was off for Fe2 and one dup was off for Fe3. 
One spike was too high and one spike looks like the spk solution didn't get added. "
"96","Plate16","C12",0.072,0.068,"20260309_TMP_FW_D5_NoAcid",1,"FE_2_high Std curve r2 low; FE_2_diff Std curve r2 low; Fe2 Chk Std 0.6 out of range; Fe3 Chk Std 9 out of range; Fe3 Chk Std 60 out of range","Within range","Within range",12.346285095866,0.0911966399110064,-0.0231966399110064,-15.454541791093,12.346285095866,-15.454541791093,12.346285095866,0,12.346285095866,"Plate16_1_20260309_TMP_FW_D5_NoAcid","
The Fe2 diff std curve R squared is 0.94, which is below the 0.985 cutoff but I think is reasonable, 
and Melanie mentioned that this R sqaured might be lower since it is the difference between two curves and is more sensitive. 
The FE_2_high std curve R squared is 0.984, which is close to the 0.985 cutoff
so I think it is reasonable. 
The FE_2_diff slope is slightly lower than previous slopes. 
The check stds for FE3 60 uM and Fe3 9 uM were all bad.
One dup was off for Fe2 and one dup was off for Fe3. 
One spike was too high and one spike looks like the spk solution didn't get added. "
"97","Plate16","D04",0.063,0.089,"20260309_TMP_C_H3",1,"FE_2_high Std curve r2 low; FE_2_diff Std curve r2 low; Fe2 Chk Std 0.6 out of range; Fe3 Chk Std 9 out of range; Fe3 Chk Std 60 out of range","Within range","Within range",9.0668314323872,0.0780836484248346,0.0109163515751654,7.27291591678363,9.0668314323872,7.27291591678363,9.0668314323872,7.27291591678363,16.3397473491708,"Plate16_1_20260309_TMP_C_H3","
The Fe2 diff std curve R squared is 0.94, which is below the 0.985 cutoff but I think is reasonable, 
and Melanie mentioned that this R sqaured might be lower since it is the difference between two curves and is more sensitive. 
The FE_2_high std curve R squared is 0.984, which is close to the 0.985 cutoff
so I think it is reasonable. 
The FE_2_diff slope is slightly lower than previous slopes. 
The check stds for FE3 60 uM and Fe3 9 uM were all bad.
One dup was off for Fe2 and one dup was off for Fe3. 
One spike was too high and one spike looks like the spk solution didn't get added. "
"98","Plate16","D05",0.089,0.094,"20260309_TMP_C_H3",1,"FE_2_high Std curve r2 low; FE_2_diff Std curve r2 low; Fe2 Chk Std 0.6 out of range; Fe3 Chk Std 9 out of range; Fe3 Chk Std 60 out of range","Within range","Within range",18.5408086824371,0.115965623829331,-0.0219656238293311,-14.6343889778947,18.5408086824371,-14.6343889778947,18.5408086824371,0,18.5408086824371,"Plate16_1_20260309_TMP_C_H3","
The Fe2 diff std curve R squared is 0.94, which is below the 0.985 cutoff but I think is reasonable, 
and Melanie mentioned that this R sqaured might be lower since it is the difference between two curves and is more sensitive. 
The FE_2_high std curve R squared is 0.984, which is close to the 0.985 cutoff
so I think it is reasonable. 
The FE_2_diff slope is slightly lower than previous slopes. 
The check stds for FE3 60 uM and Fe3 9 uM were all bad.
One dup was off for Fe2 and one dup was off for Fe3. 
One spike was too high and one spike looks like the spk solution didn't get added. "
"99","Plate16","D06",0.081,0.093,"20260309_TMP_C_H3",1,"FE_2_high Std curve r2 low; FE_2_diff Std curve r2 low; Fe2 Chk Std 0.6 out of range; Fe3 Chk Std 9 out of range; Fe3 Chk Std 60 out of range","Within range","Within range",15.6257387593448,0.104309631397178,-0.0113096313971783,-7.5349348759178,15.6257387593448,-7.5349348759178,15.6257387593448,0,15.6257387593448,"Plate16_1_20260309_TMP_C_H3","
The Fe2 diff std curve R squared is 0.94, which is below the 0.985 cutoff but I think is reasonable, 
and Melanie mentioned that this R sqaured might be lower since it is the difference between two curves and is more sensitive. 
The FE_2_high std curve R squared is 0.984, which is close to the 0.985 cutoff
so I think it is reasonable. 
The FE_2_diff slope is slightly lower than previous slopes. 
The check stds for FE3 60 uM and Fe3 9 uM were all bad.
One dup was off for Fe2 and one dup was off for Fe3. 
One spike was too high and one spike looks like the spk solution didn't get added. "
"100","Plate16","D07",0.039,0.041,"GCW_TR_B_10",8,"FE_2_high Std curve r2 low; FE_2_diff Std curve r2 low; Fe2 Chk Std 0.6 out of range; Fe3 Chk Std 9 out of range; Fe3 Chk Std 60 out of range","Below MDL","Below MDL",0.321621663110362,0.0431156711283763,-0.00211567112837634,-1.4095458650538,2.5729733048829,-11.2763669204304,2.5729733048829,0,2.5729733048829,"Plate16_8_GCW_TR_B_10","
The Fe2 diff std curve R squared is 0.94, which is below the 0.985 cutoff but I think is reasonable, 
and Melanie mentioned that this R sqaured might be lower since it is the difference between two curves and is more sensitive. 
The FE_2_high std curve R squared is 0.984, which is close to the 0.985 cutoff
so I think it is reasonable. 
The FE_2_diff slope is slightly lower than previous slopes. 
The check stds for FE3 60 uM and Fe3 9 uM were all bad.
One dup was off for Fe2 and one dup was off for Fe3. 
One spike was too high and one spike looks like the spk solution didn't get added. "
"101","Plate16","D08",0.04,0.041,"GCW_TR_B_11",8,"FE_2_high Std curve r2 low; FE_2_diff Std curve r2 low; Fe2 Chk Std 0.6 out of range; Fe3 Chk Std 9 out of range; Fe3 Chk Std 60 out of range","Within range","Below MDL",0.686005403496897,0.0445726701823954,-0.00357267018239544,-2.38025769471137,5.48804322797518,-19.042061557691,5.48804322797518,0,5.48804322797518,"Plate16_8_GCW_TR_B_11","
The Fe2 diff std curve R squared is 0.94, which is below the 0.985 cutoff but I think is reasonable, 
and Melanie mentioned that this R sqaured might be lower since it is the difference between two curves and is more sensitive. 
The FE_2_high std curve R squared is 0.984, which is close to the 0.985 cutoff
so I think it is reasonable. 
The FE_2_diff slope is slightly lower than previous slopes. 
The check stds for FE3 60 uM and Fe3 9 uM were all bad.
One dup was off for Fe2 and one dup was off for Fe3. 
One spike was too high and one spike looks like the spk solution didn't get added. "
"102","Plate16","D09",0.04,0.041,"GCW_TR_B_12",8,"FE_2_high Std curve r2 low; FE_2_diff Std curve r2 low; Fe2 Chk Std 0.6 out of range; Fe3 Chk Std 9 out of range; Fe3 Chk Std 60 out of range","Within range","Below MDL",0.686005403496897,0.0445726701823954,-0.00357267018239544,-2.38025769471137,5.48804322797518,-19.042061557691,5.48804322797518,0,5.48804322797518,"Plate16_8_GCW_TR_B_12","
The Fe2 diff std curve R squared is 0.94, which is below the 0.985 cutoff but I think is reasonable, 
and Melanie mentioned that this R sqaured might be lower since it is the difference between two curves and is more sensitive. 
The FE_2_high std curve R squared is 0.984, which is close to the 0.985 cutoff
so I think it is reasonable. 
The FE_2_diff slope is slightly lower than previous slopes. 
The check stds for FE3 60 uM and Fe3 9 uM were all bad.
One dup was off for Fe2 and one dup was off for Fe3. 
One spike was too high and one spike looks like the spk solution didn't get added. "
"103","Plate16","D10",0.072,0.154,"20260309_TMP_SW_C6_NoAcid",1,"FE_2_high Std curve r2 low; FE_2_diff Std curve r2 low; Fe2 Chk Std 0.6 out of range; Fe3 Chk Std 9 out of range; Fe3 Chk Std 60 out of range","Within range","Within range",12.346285095866,0.0911966399110064,0.0628033600889936,43.339876446538,12.346285095866,43.339876446538,12.346285095866,43.339876446538,55.686161542404,"Plate16_1_20260309_TMP_SW_C6_NoAcid","
The Fe2 diff std curve R squared is 0.94, which is below the 0.985 cutoff but I think is reasonable, 
and Melanie mentioned that this R sqaured might be lower since it is the difference between two curves and is more sensitive. 
The FE_2_high std curve R squared is 0.984, which is close to the 0.985 cutoff
so I think it is reasonable. 
The FE_2_diff slope is slightly lower than previous slopes. 
The check stds for FE3 60 uM and Fe3 9 uM were all bad.
One dup was off for Fe2 and one dup was off for Fe3. 
One spike was too high and one spike looks like the spk solution didn't get added. "
"104","Plate16","D11",0.072,0.151,"20260309_TMP_SW_C6_NoAcid",1,"FE_2_high Std curve r2 low; FE_2_diff Std curve r2 low; Fe2 Chk Std 0.6 out of range; Fe3 Chk Std 9 out of range; Fe3 Chk Std 60 out of range","Within range","Within range",12.346285095866,0.0911966399110064,0.0598033600889935,41.2696109518993,12.346285095866,41.2696109518993,12.346285095866,41.2696109518993,53.6158960477653,"Plate16_1_20260309_TMP_SW_C6_NoAcid","
The Fe2 diff std curve R squared is 0.94, which is below the 0.985 cutoff but I think is reasonable, 
and Melanie mentioned that this R sqaured might be lower since it is the difference between two curves and is more sensitive. 
The FE_2_high std curve R squared is 0.984, which is close to the 0.985 cutoff
so I think it is reasonable. 
The FE_2_diff slope is slightly lower than previous slopes. 
The check stds for FE3 60 uM and Fe3 9 uM were all bad.
One dup was off for Fe2 and one dup was off for Fe3. 
One spike was too high and one spike looks like the spk solution didn't get added. "
"105","Plate16","D12",0.07,0.145,"20260309_TMP_SW_C6_NoAcid",1,"FE_2_high Std curve r2 low; FE_2_diff Std curve r2 low; Fe2 Chk Std 0.6 out of range; Fe3 Chk Std 9 out of range; Fe3 Chk Std 60 out of range","Within range","Within range",11.6175176150929,0.0882826418029683,0.0567173581970317,39.1399965407932,11.6175176150929,39.1399965407932,11.6175176150929,39.1399965407932,50.7575141558861,"Plate16_1_20260309_TMP_SW_C6_NoAcid","
The Fe2 diff std curve R squared is 0.94, which is below the 0.985 cutoff but I think is reasonable, 
and Melanie mentioned that this R sqaured might be lower since it is the difference between two curves and is more sensitive. 
The FE_2_high std curve R squared is 0.984, which is close to the 0.985 cutoff
so I think it is reasonable. 
The FE_2_diff slope is slightly lower than previous slopes. 
The check stds for FE3 60 uM and Fe3 9 uM were all bad.
One dup was off for Fe2 and one dup was off for Fe3. 
One spike was too high and one spike looks like the spk solution didn't get added. "
"106","Plate16","E04",0.07,0.091,"20260309_TMP_C_I5",1,"FE_2_high Std curve r2 low; FE_2_diff Std curve r2 low; Fe2 Chk Std 0.6 out of range; Fe3 Chk Std 9 out of range; Fe3 Chk Std 60 out of range","Within range","Within range",11.6175176150929,0.0882826418029683,0.00271735819703173,1.81041417974806,11.6175176150929,1.81041417974806,11.6175176150929,1.81041417974806,13.427931794841,"Plate16_1_20260309_TMP_C_I5","
The Fe2 diff std curve R squared is 0.94, which is below the 0.985 cutoff but I think is reasonable, 
and Melanie mentioned that this R sqaured might be lower since it is the difference between two curves and is more sensitive. 
The FE_2_high std curve R squared is 0.984, which is close to the 0.985 cutoff
so I think it is reasonable. 
The FE_2_diff slope is slightly lower than previous slopes. 
The check stds for FE3 60 uM and Fe3 9 uM were all bad.
One dup was off for Fe2 and one dup was off for Fe3. 
One spike was too high and one spike looks like the spk solution didn't get added. "
"107","Plate16","E05",0.096,0.103,"20260309_TMP_C_I5",1,"FE_2_high Std curve r2 low; FE_2_diff Std curve r2 low; Fe2 Chk Std 0.6 out of range; Fe3 Chk Std 9 out of range; Fe3 Chk Std 60 out of range","Within range","Within range",21.0914948651428,0.126164617207465,-0.0231646172074647,-15.4332069679441,21.0914948651428,-15.4332069679441,21.0914948651428,0,21.0914948651428,"Plate16_1_20260309_TMP_C_I5","
The Fe2 diff std curve R squared is 0.94, which is below the 0.985 cutoff but I think is reasonable, 
and Melanie mentioned that this R sqaured might be lower since it is the difference between two curves and is more sensitive. 
The FE_2_high std curve R squared is 0.984, which is close to the 0.985 cutoff
so I think it is reasonable. 
The FE_2_diff slope is slightly lower than previous slopes. 
The check stds for FE3 60 uM and Fe3 9 uM were all bad.
One dup was off for Fe2 and one dup was off for Fe3. 
One spike was too high and one spike looks like the spk solution didn't get added. "
"108","Plate16","E06",0.078,0.096,"20260309_TMP_C_I5",1,"FE_2_high Std curve r2 low; FE_2_diff Std curve r2 low; Fe2 Chk Std 0.6 out of range; Fe3 Chk Std 9 out of range; Fe3 Chk Std 60 out of range","Within range","Within range",14.5325875381852,0.099938634235121,-0.00393863423512102,-2.62407778109387,14.5325875381852,-2.62407778109387,14.5325875381852,0,14.5325875381852,"Plate16_1_20260309_TMP_C_I5","
The Fe2 diff std curve R squared is 0.94, which is below the 0.985 cutoff but I think is reasonable, 
and Melanie mentioned that this R sqaured might be lower since it is the difference between two curves and is more sensitive. 
The FE_2_high std curve R squared is 0.984, which is close to the 0.985 cutoff
so I think it is reasonable. 
The FE_2_diff slope is slightly lower than previous slopes. 
The check stds for FE3 60 uM and Fe3 9 uM were all bad.
One dup was off for Fe2 and one dup was off for Fe3. 
One spike was too high and one spike looks like the spk solution didn't get added. "
"109","Plate16","E07",0.106,0.137,"GCW_TR_B_20",8,"FE_2_high Std curve r2 low; FE_2_diff Std curve r2 low; Fe2 Chk Std 0.6 out of range; Fe3 Chk Std 9 out of range; Fe3 Chk Std 60 out of range","Within range","Within range",24.7353322690082,0.140734607747656,-0.00373460774765563,-2.57720985199397,197.882658152065,-20.6176788159517,197.882658152065,0,197.882658152065,"Plate16_8_GCW_TR_B_20","
The Fe2 diff std curve R squared is 0.94, which is below the 0.985 cutoff but I think is reasonable, 
and Melanie mentioned that this R sqaured might be lower since it is the difference between two curves and is more sensitive. 
The FE_2_high std curve R squared is 0.984, which is close to the 0.985 cutoff
so I think it is reasonable. 
The FE_2_diff slope is slightly lower than previous slopes. 
The check stds for FE3 60 uM and Fe3 9 uM were all bad.
One dup was off for Fe2 and one dup was off for Fe3. 
One spike was too high and one spike looks like the spk solution didn't get added. "
"110","Plate16","E08",0.103,0.137,"GCW_TR_B_20",8,"FE_2_high Std curve r2 low; FE_2_diff Std curve r2 low; Fe2 Chk Std 0.6 out of range; Fe3 Chk Std 9 out of range; Fe3 Chk Std 60 out of range","Within range","Within range",23.6421810478486,0.136363610585598,0.000636389414401639,0.439165015263019,189.137448382789,3.51332012210415,189.137448382789,3.51332012210415,192.650768504893,"Plate16_8_GCW_TR_B_20","
The Fe2 diff std curve R squared is 0.94, which is below the 0.985 cutoff but I think is reasonable, 
and Melanie mentioned that this R sqaured might be lower since it is the difference between two curves and is more sensitive. 
The FE_2_high std curve R squared is 0.984, which is close to the 0.985 cutoff
so I think it is reasonable. 
The FE_2_diff slope is slightly lower than previous slopes. 
The check stds for FE3 60 uM and Fe3 9 uM were all bad.
One dup was off for Fe2 and one dup was off for Fe3. 
One spike was too high and one spike looks like the spk solution didn't get added. "
"111","Plate16","E09",0.099,0.13,"GCW_TR_B_20",8,"FE_2_high Std curve r2 low; FE_2_diff Std curve r2 low; Fe2 Chk Std 0.6 out of range; Fe3 Chk Std 9 out of range; Fe3 Chk Std 60 out of range","Within range","Within range",22.1846460863024,0.130535614369522,-0.000535614369521986,-0.369621315884681,177.47716869042,-2.95697052707745,177.47716869042,0,177.47716869042,"Plate16_8_GCW_TR_B_20","
The Fe2 diff std curve R squared is 0.94, which is below the 0.985 cutoff but I think is reasonable, 
and Melanie mentioned that this R sqaured might be lower since it is the difference between two curves and is more sensitive. 
The FE_2_high std curve R squared is 0.984, which is close to the 0.985 cutoff
so I think it is reasonable. 
The FE_2_diff slope is slightly lower than previous slopes. 
The check stds for FE3 60 uM and Fe3 9 uM were all bad.
One dup was off for Fe2 and one dup was off for Fe3. 
One spike was too high and one spike looks like the spk solution didn't get added. "
"112","Plate16","E10",0.052,0.079,"20260309_TMP_SW_H6_NoAcid",1,"FE_2_high Std curve r2 low; FE_2_diff Std curve r2 low; Fe2 Chk Std 0.6 out of range; Fe3 Chk Std 9 out of range; Fe3 Chk Std 60 out of range","Within range","Within range",5.05861028813531,0.0620566588306246,0.0169433411693754,11.2883406901796,5.05861028813531,11.2883406901796,5.05861028813531,11.2883406901796,16.3469509783149,"Plate16_1_20260309_TMP_SW_H6_NoAcid","
The Fe2 diff std curve R squared is 0.94, which is below the 0.985 cutoff but I think is reasonable, 
and Melanie mentioned that this R sqaured might be lower since it is the difference between two curves and is more sensitive. 
The FE_2_high std curve R squared is 0.984, which is close to the 0.985 cutoff
so I think it is reasonable. 
The FE_2_diff slope is slightly lower than previous slopes. 
The check stds for FE3 60 uM and Fe3 9 uM were all bad.
One dup was off for Fe2 and one dup was off for Fe3. 
One spike was too high and one spike looks like the spk solution didn't get added. "
"113","Plate16","E11",0.051,0.08,"20260309_TMP_SW_H6_NoAcid",1,"FE_2_high Std curve r2 low; FE_2_diff Std curve r2 low; Fe2 Chk Std 0.6 out of range; Fe3 Chk Std 9 out of range; Fe3 Chk Std 60 out of range","Within range","Within range",4.69422654774878,0.0605996597766055,0.0194003402233945,12.9252930551209,4.69422654774878,12.9252930551209,4.69422654774878,12.9252930551209,17.6195196028697,"Plate16_1_20260309_TMP_SW_H6_NoAcid","
The Fe2 diff std curve R squared is 0.94, which is below the 0.985 cutoff but I think is reasonable, 
and Melanie mentioned that this R sqaured might be lower since it is the difference between two curves and is more sensitive. 
The FE_2_high std curve R squared is 0.984, which is close to the 0.985 cutoff
so I think it is reasonable. 
The FE_2_diff slope is slightly lower than previous slopes. 
The check stds for FE3 60 uM and Fe3 9 uM were all bad.
One dup was off for Fe2 and one dup was off for Fe3. 
One spike was too high and one spike looks like the spk solution didn't get added. "
"114","Plate16","E12",0.052,0.077,"20260309_TMP_SW_H6_NoAcid",1,"FE_2_high Std curve r2 low; FE_2_diff Std curve r2 low; Fe2 Chk Std 0.6 out of range; Fe3 Chk Std 9 out of range; Fe3 Chk Std 60 out of range","Within range","Within range",5.05861028813531,0.0620566588306246,0.0149433411693754,9.95585961961215,5.05861028813531,9.95585961961215,5.05861028813531,9.95585961961215,15.0144699077475,"Plate16_1_20260309_TMP_SW_H6_NoAcid","
The Fe2 diff std curve R squared is 0.94, which is below the 0.985 cutoff but I think is reasonable, 
and Melanie mentioned that this R sqaured might be lower since it is the difference between two curves and is more sensitive. 
The FE_2_high std curve R squared is 0.984, which is close to the 0.985 cutoff
so I think it is reasonable. 
The FE_2_diff slope is slightly lower than previous slopes. 
The check stds for FE3 60 uM and Fe3 9 uM were all bad.
One dup was off for Fe2 and one dup was off for Fe3. 
One spike was too high and one spike looks like the spk solution didn't get added. "
"115","Plate16","F04",0.053,0.056,"20260309_TMP_FW_H3",1,"FE_2_high Std curve r2 low; FE_2_diff Std curve r2 low; Fe2 Chk Std 0.6 out of range; Fe3 Chk Std 9 out of range; Fe3 Chk Std 60 out of range","Within range","Within range",5.42299402852185,0.0635136578846437,-0.00751365788464366,-5.00590345100384,5.42299402852185,-5.00590345100384,5.42299402852185,0,5.42299402852185,"Plate16_1_20260309_TMP_FW_H3","
The Fe2 diff std curve R squared is 0.94, which is below the 0.985 cutoff but I think is reasonable, 
and Melanie mentioned that this R sqaured might be lower since it is the difference between two curves and is more sensitive. 
The FE_2_high std curve R squared is 0.984, which is close to the 0.985 cutoff
so I think it is reasonable. 
The FE_2_diff slope is slightly lower than previous slopes. 
The check stds for FE3 60 uM and Fe3 9 uM were all bad.
One dup was off for Fe2 and one dup was off for Fe3. 
One spike was too high and one spike looks like the spk solution didn't get added. "
"116","Plate16","F05",0.051,0.055,"20260309_TMP_FW_H3",1,"FE_2_high Std curve r2 low; FE_2_diff Std curve r2 low; Fe2 Chk Std 0.6 out of range; Fe3 Chk Std 9 out of range; Fe3 Chk Std 60 out of range","Within range","Within range",4.69422654774878,0.0605996597766055,-0.00559965977660547,-3.73072032697243,4.69422654774878,-3.73072032697243,4.69422654774878,0,4.69422654774878,"Plate16_1_20260309_TMP_FW_H3","
The Fe2 diff std curve R squared is 0.94, which is below the 0.985 cutoff but I think is reasonable, 
and Melanie mentioned that this R sqaured might be lower since it is the difference between two curves and is more sensitive. 
The FE_2_high std curve R squared is 0.984, which is close to the 0.985 cutoff
so I think it is reasonable. 
The FE_2_diff slope is slightly lower than previous slopes. 
The check stds for FE3 60 uM and Fe3 9 uM were all bad.
One dup was off for Fe2 and one dup was off for Fe3. 
One spike was too high and one spike looks like the spk solution didn't get added. "
"117","Plate16","F06",0.051,0.054,"20260309_TMP_FW_H3",1,"FE_2_high Std curve r2 low; FE_2_diff Std curve r2 low; Fe2 Chk Std 0.6 out of range; Fe3 Chk Std 9 out of range; Fe3 Chk Std 60 out of range","Within range","Within range",4.69422654774878,0.0605996597766055,-0.00659965977660548,-4.39696086225616,4.69422654774878,-4.39696086225616,4.69422654774878,0,4.69422654774878,"Plate16_1_20260309_TMP_FW_H3","
The Fe2 diff std curve R squared is 0.94, which is below the 0.985 cutoff but I think is reasonable, 
and Melanie mentioned that this R sqaured might be lower since it is the difference between two curves and is more sensitive. 
The FE_2_high std curve R squared is 0.984, which is close to the 0.985 cutoff
so I think it is reasonable. 
The FE_2_diff slope is slightly lower than previous slopes. 
The check stds for FE3 60 uM and Fe3 9 uM were all bad.
One dup was off for Fe2 and one dup was off for Fe3. 
One spike was too high and one spike looks like the spk solution didn't get added. "
"118","Plate16","F07",0.123,0.286,"20260309_TMP_FW_H3 spk",1,"FE_2_high Std curve r2 low; FE_2_diff Std curve r2 low; Fe2 Chk Std 0.6 out of range; Fe3 Chk Std 9 out of range; Fe3 Chk Std 60 out of range","Within range","Within range",30.9298558555793,0.16550359166598,0.12049640833402,83.153185467273,30.9298558555793,83.153185467273,30.9298558555793,83.153185467273,114.083041322852,"Plate16_1_20260309_TMP_FW_H3 spk","
The Fe2 diff std curve R squared is 0.94, which is below the 0.985 cutoff but I think is reasonable, 
and Melanie mentioned that this R sqaured might be lower since it is the difference between two curves and is more sensitive. 
The FE_2_high std curve R squared is 0.984, which is close to the 0.985 cutoff
so I think it is reasonable. 
The FE_2_diff slope is slightly lower than previous slopes. 
The check stds for FE3 60 uM and Fe3 9 uM were all bad.
One dup was off for Fe2 and one dup was off for Fe3. 
One spike was too high and one spike looks like the spk solution didn't get added. "
"119","Plate16","F08",0.131,0.206,"20260309_TMP_FW_H3 spk",1,"FE_2_high Std curve r2 low; FE_2_diff Std curve r2 low; Fe2 Chk Std 0.6 out of range; Fe3 Chk Std 9 out of range; Fe3 Chk Std 60 out of range","Within range","Within range",33.8449257786716,0.177159584098133,0.028840415901867,19.902439297555,33.8449257786716,19.902439297555,33.8449257786716,19.902439297555,53.7473650762266,"Plate16_1_20260309_TMP_FW_H3 spk","
The Fe2 diff std curve R squared is 0.94, which is below the 0.985 cutoff but I think is reasonable, 
and Melanie mentioned that this R sqaured might be lower since it is the difference between two curves and is more sensitive. 
The FE_2_high std curve R squared is 0.984, which is close to the 0.985 cutoff
so I think it is reasonable. 
The FE_2_diff slope is slightly lower than previous slopes. 
The check stds for FE3 60 uM and Fe3 9 uM were all bad.
One dup was off for Fe2 and one dup was off for Fe3. 
One spike was too high and one spike looks like the spk solution didn't get added. "
"120","Plate16","F09",0.118,0.221,"20260309_TMP_FW_H3 spk",1,"FE_2_high Std curve r2 low; FE_2_diff Std curve r2 low; Fe2 Chk Std 0.6 out of range; Fe3 Chk Std 9 out of range; Fe3 Chk Std 60 out of range","Within range","Within range",29.1079371536466,0.158218596395885,0.0627814036041152,43.3247245288623,29.1079371536466,43.3247245288623,29.1079371536466,43.3247245288623,72.4326616825089,"Plate16_1_20260309_TMP_FW_H3 spk","
The Fe2 diff std curve R squared is 0.94, which is below the 0.985 cutoff but I think is reasonable, 
and Melanie mentioned that this R sqaured might be lower since it is the difference between two curves and is more sensitive. 
The FE_2_high std curve R squared is 0.984, which is close to the 0.985 cutoff
so I think it is reasonable. 
The FE_2_diff slope is slightly lower than previous slopes. 
The check stds for FE3 60 uM and Fe3 9 uM were all bad.
One dup was off for Fe2 and one dup was off for Fe3. 
One spike was too high and one spike looks like the spk solution didn't get added. "
"121","Plate16","F10",0.081,0.169,"20260309_TMP_C_B4_NoAcid",1,"FE_2_high Std curve r2 low; FE_2_diff Std curve r2 low; Fe2 Chk Std 0.6 out of range; Fe3 Chk Std 9 out of range; Fe3 Chk Std 60 out of range","Within range","Within range",15.6257387593448,0.104309631397178,0.0646903686028217,44.6420793179607,15.6257387593448,44.6420793179607,15.6257387593448,44.6420793179607,60.2678180773055,"Plate16_1_20260309_TMP_C_B4_NoAcid","
The Fe2 diff std curve R squared is 0.94, which is below the 0.985 cutoff but I think is reasonable, 
and Melanie mentioned that this R sqaured might be lower since it is the difference between two curves and is more sensitive. 
The FE_2_high std curve R squared is 0.984, which is close to the 0.985 cutoff
so I think it is reasonable. 
The FE_2_diff slope is slightly lower than previous slopes. 
The check stds for FE3 60 uM and Fe3 9 uM were all bad.
One dup was off for Fe2 and one dup was off for Fe3. 
One spike was too high and one spike looks like the spk solution didn't get added. "
"122","Plate16","F11",0.079,0.156,"20260309_TMP_C_B4_NoAcid",1,"FE_2_high Std curve r2 low; FE_2_diff Std curve r2 low; Fe2 Chk Std 0.6 out of range; Fe3 Chk Std 9 out of range; Fe3 Chk Std 60 out of range","Within range","Within range",14.8969712785717,0.10139563328914,0.0546043667108599,37.6818454193642,14.8969712785717,37.6818454193642,14.8969712785717,37.6818454193642,52.5788166979359,"Plate16_1_20260309_TMP_C_B4_NoAcid","
The Fe2 diff std curve R squared is 0.94, which is below the 0.985 cutoff but I think is reasonable, 
and Melanie mentioned that this R sqaured might be lower since it is the difference between two curves and is more sensitive. 
The FE_2_high std curve R squared is 0.984, which is close to the 0.985 cutoff
so I think it is reasonable. 
The FE_2_diff slope is slightly lower than previous slopes. 
The check stds for FE3 60 uM and Fe3 9 uM were all bad.
One dup was off for Fe2 and one dup was off for Fe3. 
One spike was too high and one spike looks like the spk solution didn't get added. "
"123","Plate16","F12",0.078,0.154,"20260309_TMP_C_B4_NoAcid",1,"FE_2_high Std curve r2 low; FE_2_diff Std curve r2 low; Fe2 Chk Std 0.6 out of range; Fe3 Chk Std 9 out of range; Fe3 Chk Std 60 out of range","Within range","Within range",14.5325875381852,0.099938634235121,0.054061365764879,37.307126712024,14.5325875381852,37.307126712024,14.5325875381852,37.307126712024,51.8397142502093,"Plate16_1_20260309_TMP_C_B4_NoAcid","
The Fe2 diff std curve R squared is 0.94, which is below the 0.985 cutoff but I think is reasonable, 
and Melanie mentioned that this R sqaured might be lower since it is the difference between two curves and is more sensitive. 
The FE_2_high std curve R squared is 0.984, which is close to the 0.985 cutoff
so I think it is reasonable. 
The FE_2_diff slope is slightly lower than previous slopes. 
The check stds for FE3 60 uM and Fe3 9 uM were all bad.
One dup was off for Fe2 and one dup was off for Fe3. 
One spike was too high and one spike looks like the spk solution didn't get added. "
"124","Plate16","G04",0.046,0.053,"20260309_TMP_FW_D5",1,"FE_2_high Std curve r2 low; FE_2_diff Std curve r2 low; Fe2 Chk Std 0.6 out of range; Fe3 Chk Std 9 out of range; Fe3 Chk Std 60 out of range","Within range","Within range",2.8723078458161,0.05331466450651,-0.000314664506510007,-0.209642249252019,2.8723078458161,-0.209642249252019,2.8723078458161,0,2.8723078458161,"Plate16_1_20260309_TMP_FW_D5","
The Fe2 diff std curve R squared is 0.94, which is below the 0.985 cutoff but I think is reasonable, 
and Melanie mentioned that this R sqaured might be lower since it is the difference between two curves and is more sensitive. 
The FE_2_high std curve R squared is 0.984, which is close to the 0.985 cutoff
so I think it is reasonable. 
The FE_2_diff slope is slightly lower than previous slopes. 
The check stds for FE3 60 uM and Fe3 9 uM were all bad.
One dup was off for Fe2 and one dup was off for Fe3. 
One spike was too high and one spike looks like the spk solution didn't get added. "
"125","Plate16","G05",0.051,0.053,"20260309_TMP_FW_D5",1,"FE_2_high Std curve r2 low; FE_2_diff Std curve r2 low; Fe2 Chk Std 0.6 out of range; Fe3 Chk Std 9 out of range; Fe3 Chk Std 60 out of range","Within range","Within range",4.69422654774878,0.0605996597766055,-0.00759965977660548,-5.0632013975399,4.69422654774878,-5.0632013975399,4.69422654774878,0,4.69422654774878,"Plate16_1_20260309_TMP_FW_D5","
The Fe2 diff std curve R squared is 0.94, which is below the 0.985 cutoff but I think is reasonable, 
and Melanie mentioned that this R sqaured might be lower since it is the difference between two curves and is more sensitive. 
The FE_2_high std curve R squared is 0.984, which is close to the 0.985 cutoff
so I think it is reasonable. 
The FE_2_diff slope is slightly lower than previous slopes. 
The check stds for FE3 60 uM and Fe3 9 uM were all bad.
One dup was off for Fe2 and one dup was off for Fe3. 
One spike was too high and one spike looks like the spk solution didn't get added. "
"126","Plate16","G06",0.05,0.053,"20260309_TMP_FW_D5",1,"FE_2_high Std curve r2 low; FE_2_diff Std curve r2 low; Fe2 Chk Std 0.6 out of range; Fe3 Chk Std 9 out of range; Fe3 Chk Std 60 out of range","Within range","Within range",4.32984280736224,0.0591426607225864,-0.00614266072258639,-4.09248956788232,4.32984280736224,-4.09248956788232,4.32984280736224,0,4.32984280736224,"Plate16_1_20260309_TMP_FW_D5","
The Fe2 diff std curve R squared is 0.94, which is below the 0.985 cutoff but I think is reasonable, 
and Melanie mentioned that this R sqaured might be lower since it is the difference between two curves and is more sensitive. 
The FE_2_high std curve R squared is 0.984, which is close to the 0.985 cutoff
so I think it is reasonable. 
The FE_2_diff slope is slightly lower than previous slopes. 
The check stds for FE3 60 uM and Fe3 9 uM were all bad.
One dup was off for Fe2 and one dup was off for Fe3. 
One spike was too high and one spike looks like the spk solution didn't get added. "
"127","Plate16","G07",0.04,0.041,"GCW_TR_C_20",8,"FE_2_high Std curve r2 low; FE_2_diff Std curve r2 low; Fe2 Chk Std 0.6 out of range; Fe3 Chk Std 9 out of range; Fe3 Chk Std 60 out of range","Within range","Below MDL",0.686005403496897,0.0445726701823954,-0.00357267018239544,-2.38025769471137,5.48804322797518,-19.042061557691,5.48804322797518,0,5.48804322797518,"Plate16_8_GCW_TR_C_20","
The Fe2 diff std curve R squared is 0.94, which is below the 0.985 cutoff but I think is reasonable, 
and Melanie mentioned that this R sqaured might be lower since it is the difference between two curves and is more sensitive. 
The FE_2_high std curve R squared is 0.984, which is close to the 0.985 cutoff
so I think it is reasonable. 
The FE_2_diff slope is slightly lower than previous slopes. 
The check stds for FE3 60 uM and Fe3 9 uM were all bad.
One dup was off for Fe2 and one dup was off for Fe3. 
One spike was too high and one spike looks like the spk solution didn't get added. "
"128","Plate16","G08",0.04,0.042,"GCW_TR_C_20",8,"FE_2_high Std curve r2 low; FE_2_diff Std curve r2 low; Fe2 Chk Std 0.6 out of range; Fe3 Chk Std 9 out of range; Fe3 Chk Std 60 out of range","Within range","Within range",0.686005403496897,0.0445726701823954,-0.00257267018239544,-1.71401715942764,5.48804322797518,-13.7121372754211,5.48804322797518,0,5.48804322797518,"Plate16_8_GCW_TR_C_20","
The Fe2 diff std curve R squared is 0.94, which is below the 0.985 cutoff but I think is reasonable, 
and Melanie mentioned that this R sqaured might be lower since it is the difference between two curves and is more sensitive. 
The FE_2_high std curve R squared is 0.984, which is close to the 0.985 cutoff
so I think it is reasonable. 
The FE_2_diff slope is slightly lower than previous slopes. 
The check stds for FE3 60 uM and Fe3 9 uM were all bad.
One dup was off for Fe2 and one dup was off for Fe3. 
One spike was too high and one spike looks like the spk solution didn't get added. "
"129","Plate16","G09",0.04,0.042,"GCW_TR_C_20",8,"FE_2_high Std curve r2 low; FE_2_diff Std curve r2 low; Fe2 Chk Std 0.6 out of range; Fe3 Chk Std 9 out of range; Fe3 Chk Std 60 out of range","Within range","Within range",0.686005403496897,0.0445726701823954,-0.00257267018239544,-1.71401715942764,5.48804322797518,-13.7121372754211,5.48804322797518,0,5.48804322797518,"Plate16_8_GCW_TR_C_20","
The Fe2 diff std curve R squared is 0.94, which is below the 0.985 cutoff but I think is reasonable, 
and Melanie mentioned that this R sqaured might be lower since it is the difference between two curves and is more sensitive. 
The FE_2_high std curve R squared is 0.984, which is close to the 0.985 cutoff
so I think it is reasonable. 
The FE_2_diff slope is slightly lower than previous slopes. 
The check stds for FE3 60 uM and Fe3 9 uM were all bad.
One dup was off for Fe2 and one dup was off for Fe3. 
One spike was too high and one spike looks like the spk solution didn't get added. "
"130","Plate16","G10",0.04,0.041,"GCW_TR_B_10_NoAcid",8,"FE_2_high Std curve r2 low; FE_2_diff Std curve r2 low; Fe2 Chk Std 0.6 out of range; Fe3 Chk Std 9 out of range; Fe3 Chk Std 60 out of range","Within range","Below MDL",0.686005403496897,0.0445726701823954,-0.00357267018239544,-2.38025769471137,5.48804322797518,-19.042061557691,5.48804322797518,0,5.48804322797518,"Plate16_8_GCW_TR_B_10_NoAcid","
The Fe2 diff std curve R squared is 0.94, which is below the 0.985 cutoff but I think is reasonable, 
and Melanie mentioned that this R sqaured might be lower since it is the difference between two curves and is more sensitive. 
The FE_2_high std curve R squared is 0.984, which is close to the 0.985 cutoff
so I think it is reasonable. 
The FE_2_diff slope is slightly lower than previous slopes. 
The check stds for FE3 60 uM and Fe3 9 uM were all bad.
One dup was off for Fe2 and one dup was off for Fe3. 
One spike was too high and one spike looks like the spk solution didn't get added. "
"131","Plate16","G11",0.04,0.041,"GCW_TR_B_10_NoAcid",8,"FE_2_high Std curve r2 low; FE_2_diff Std curve r2 low; Fe2 Chk Std 0.6 out of range; Fe3 Chk Std 9 out of range; Fe3 Chk Std 60 out of range","Within range","Below MDL",0.686005403496897,0.0445726701823954,-0.00357267018239544,-2.38025769471137,5.48804322797518,-19.042061557691,5.48804322797518,0,5.48804322797518,"Plate16_8_GCW_TR_B_10_NoAcid","
The Fe2 diff std curve R squared is 0.94, which is below the 0.985 cutoff but I think is reasonable, 
and Melanie mentioned that this R sqaured might be lower since it is the difference between two curves and is more sensitive. 
The FE_2_high std curve R squared is 0.984, which is close to the 0.985 cutoff
so I think it is reasonable. 
The FE_2_diff slope is slightly lower than previous slopes. 
The check stds for FE3 60 uM and Fe3 9 uM were all bad.
One dup was off for Fe2 and one dup was off for Fe3. 
One spike was too high and one spike looks like the spk solution didn't get added. "
"132","Plate16","G12",0.04,0.041,"GCW_TR_B_10_NoAcid",8,"FE_2_high Std curve r2 low; FE_2_diff Std curve r2 low; Fe2 Chk Std 0.6 out of range; Fe3 Chk Std 9 out of range; Fe3 Chk Std 60 out of range","Within range","Below MDL",0.686005403496897,0.0445726701823954,-0.00357267018239544,-2.38025769471137,5.48804322797518,-19.042061557691,5.48804322797518,0,5.48804322797518,"Plate16_8_GCW_TR_B_10_NoAcid","
The Fe2 diff std curve R squared is 0.94, which is below the 0.985 cutoff but I think is reasonable, 
and Melanie mentioned that this R sqaured might be lower since it is the difference between two curves and is more sensitive. 
The FE_2_high std curve R squared is 0.984, which is close to the 0.985 cutoff
so I think it is reasonable. 
The FE_2_diff slope is slightly lower than previous slopes. 
The check stds for FE3 60 uM and Fe3 9 uM were all bad.
One dup was off for Fe2 and one dup was off for Fe3. 
One spike was too high and one spike looks like the spk solution didn't get added. "
"133","Plate16","H04",0.209,0.236,"20260309_TMP_SW_C6",1,"FE_2_high Std curve r2 low; FE_2_diff Std curve r2 low; Fe2 Chk Std 0.6 out of range; Fe3 Chk Std 9 out of range; Fe3 Chk Std 60 out of range","Within range","Within range",73.180663376914,0.30449327514722,-0.0684932751472203,-47.2664213840287,73.180663376914,-47.2664213840287,73.180663376914,0,73.180663376914,"Plate16_1_20260309_TMP_SW_C6","
The Fe2 diff std curve R squared is 0.94, which is below the 0.985 cutoff but I think is reasonable, 
and Melanie mentioned that this R sqaured might be lower since it is the difference between two curves and is more sensitive. 
The FE_2_high std curve R squared is 0.984, which is close to the 0.985 cutoff
so I think it is reasonable. 
The FE_2_diff slope is slightly lower than previous slopes. 
The check stds for FE3 60 uM and Fe3 9 uM were all bad.
One dup was off for Fe2 and one dup was off for Fe3. 
One spike was too high and one spike looks like the spk solution didn't get added. "
"134","Plate16","H05",0.198,0.22,"20260309_TMP_SW_C6",1,"FE_2_high Std curve r2 low; FE_2_diff Std curve r2 low; Fe2 Chk Std 0.6 out of range; Fe3 Chk Std 9 out of range; Fe3 Chk Std 60 out of range","Within range","Within range",58.2586363845694,0.274778520717412,-0.0547785207174123,-37.8020270962037,58.2586363845694,-37.8020270962037,58.2586363845694,0,58.2586363845694,"Plate16_1_20260309_TMP_SW_C6","
The Fe2 diff std curve R squared is 0.94, which is below the 0.985 cutoff but I think is reasonable, 
and Melanie mentioned that this R sqaured might be lower since it is the difference between two curves and is more sensitive. 
The FE_2_high std curve R squared is 0.984, which is close to the 0.985 cutoff
so I think it is reasonable. 
The FE_2_diff slope is slightly lower than previous slopes. 
The check stds for FE3 60 uM and Fe3 9 uM were all bad.
One dup was off for Fe2 and one dup was off for Fe3. 
One spike was too high and one spike looks like the spk solution didn't get added. "
"135","Plate16","H06",0.209,0.217,"20260309_TMP_SW_C6",1,"FE_2_high Std curve r2 low; FE_2_diff Std curve r2 low; Fe2 Chk Std 0.6 out of range; Fe3 Chk Std 9 out of range; Fe3 Chk Std 60 out of range","Within range","Within range",73.180663376914,0.30449327514722,-0.0874932751472203,-60.378102850074,73.180663376914,-60.378102850074,73.180663376914,0,73.180663376914,"Plate16_1_20260309_TMP_SW_C6","
The Fe2 diff std curve R squared is 0.94, which is below the 0.985 cutoff but I think is reasonable, 
and Melanie mentioned that this R sqaured might be lower since it is the difference between two curves and is more sensitive. 
The FE_2_high std curve R squared is 0.984, which is close to the 0.985 cutoff
so I think it is reasonable. 
The FE_2_diff slope is slightly lower than previous slopes. 
The check stds for FE3 60 uM and Fe3 9 uM were all bad.
One dup was off for Fe2 and one dup was off for Fe3. 
One spike was too high and one spike looks like the spk solution didn't get added. "
"136","Plate16","H07",0.063,0.087,"20260309_TMP_C_H3_NoAcid",1,"FE_2_high Std curve r2 low; FE_2_diff Std curve r2 low; Fe2 Chk Std 0.6 out of range; Fe3 Chk Std 9 out of range; Fe3 Chk Std 60 out of range","Within range","Within range",9.0668314323872,0.0780836484248346,0.00891635157516539,5.94043484621616,9.0668314323872,5.94043484621616,9.0668314323872,5.94043484621616,15.0072662786034,"Plate16_1_20260309_TMP_C_H3_NoAcid","
The Fe2 diff std curve R squared is 0.94, which is below the 0.985 cutoff but I think is reasonable, 
and Melanie mentioned that this R sqaured might be lower since it is the difference between two curves and is more sensitive. 
The FE_2_high std curve R squared is 0.984, which is close to the 0.985 cutoff
so I think it is reasonable. 
The FE_2_diff slope is slightly lower than previous slopes. 
The check stds for FE3 60 uM and Fe3 9 uM were all bad.
One dup was off for Fe2 and one dup was off for Fe3. 
One spike was too high and one spike looks like the spk solution didn't get added. "
"137","Plate16","H08",0.061,0.083,"20260309_TMP_C_H3_NoAcid",1,"FE_2_high Std curve r2 low; FE_2_diff Std curve r2 low; Fe2 Chk Std 0.6 out of range; Fe3 Chk Std 9 out of range; Fe3 Chk Std 60 out of range","Within range","Within range",8.33806395161412,0.0751696503167964,0.00783034968320359,5.21689636439638,8.33806395161412,5.21689636439638,8.33806395161412,5.21689636439638,13.5549603160105,"Plate16_1_20260309_TMP_C_H3_NoAcid","
The Fe2 diff std curve R squared is 0.94, which is below the 0.985 cutoff but I think is reasonable, 
and Melanie mentioned that this R sqaured might be lower since it is the difference between two curves and is more sensitive. 
The FE_2_high std curve R squared is 0.984, which is close to the 0.985 cutoff
so I think it is reasonable. 
The FE_2_diff slope is slightly lower than previous slopes. 
The check stds for FE3 60 uM and Fe3 9 uM were all bad.
One dup was off for Fe2 and one dup was off for Fe3. 
One spike was too high and one spike looks like the spk solution didn't get added. "
"138","Plate16","H09",0.061,0.083,"20260309_TMP_C_H3_NoAcid",1,"FE_2_high Std curve r2 low; FE_2_diff Std curve r2 low; Fe2 Chk Std 0.6 out of range; Fe3 Chk Std 9 out of range; Fe3 Chk Std 60 out of range","Within range","Within range",8.33806395161412,0.0751696503167964,0.00783034968320359,5.21689636439638,8.33806395161412,5.21689636439638,8.33806395161412,5.21689636439638,13.5549603160105,"Plate16_1_20260309_TMP_C_H3_NoAcid","
The Fe2 diff std curve R squared is 0.94, which is below the 0.985 cutoff but I think is reasonable, 
and Melanie mentioned that this R sqaured might be lower since it is the difference between two curves and is more sensitive. 
The FE_2_high std curve R squared is 0.984, which is close to the 0.985 cutoff
so I think it is reasonable. 
The FE_2_diff slope is slightly lower than previous slopes. 
The check stds for FE3 60 uM and Fe3 9 uM were all bad.
One dup was off for Fe2 and one dup was off for Fe3. 
One spike was too high and one spike looks like the spk solution didn't get added. "
"139","Plate16","H10",0.061,0.075,"GCW_TR_B_20_NoAcid",8,"FE_2_high Std curve r2 low; FE_2_diff Std curve r2 low; Fe2 Chk Std 0.6 out of range; Fe3 Chk Std 9 out of range; Fe3 Chk Std 60 out of range","Within range","Within range",8.33806395161412,0.0751696503167964,-0.000169650316796416,-0.113027917873499,66.704511612913,-0.904223342987994,66.704511612913,0,66.704511612913,"Plate16_8_GCW_TR_B_20_NoAcid","
The Fe2 diff std curve R squared is 0.94, which is below the 0.985 cutoff but I think is reasonable, 
and Melanie mentioned that this R sqaured might be lower since it is the difference between two curves and is more sensitive. 
The FE_2_high std curve R squared is 0.984, which is close to the 0.985 cutoff
so I think it is reasonable. 
The FE_2_diff slope is slightly lower than previous slopes. 
The check stds for FE3 60 uM and Fe3 9 uM were all bad.
One dup was off for Fe2 and one dup was off for Fe3. 
One spike was too high and one spike looks like the spk solution didn't get added. "
"140","Plate16","H11",0.066,0.085,"GCW_TR_B_20_NoAcid",8,"FE_2_high Std curve r2 low; FE_2_diff Std curve r2 low; Fe2 Chk Std 0.6 out of range; Fe3 Chk Std 9 out of range; Fe3 Chk Std 60 out of range","Within range","Within range",10.1599826535468,0.0824546455868919,0.00254535441310812,1.69581828667597,81.2798612283744,13.5665462934077,81.2798612283744,13.5665462934077,94.8464075217821,"Plate16_8_GCW_TR_B_20_NoAcid","
The Fe2 diff std curve R squared is 0.94, which is below the 0.985 cutoff but I think is reasonable, 
and Melanie mentioned that this R sqaured might be lower since it is the difference between two curves and is more sensitive. 
The FE_2_high std curve R squared is 0.984, which is close to the 0.985 cutoff
so I think it is reasonable. 
The FE_2_diff slope is slightly lower than previous slopes. 
The check stds for FE3 60 uM and Fe3 9 uM were all bad.
One dup was off for Fe2 and one dup was off for Fe3. 
One spike was too high and one spike looks like the spk solution didn't get added. "
"141","Plate16","H12",0.059,0.076,"GCW_TR_B_20_NoAcid",8,"FE_2_high Std curve r2 low; FE_2_diff Std curve r2 low; Fe2 Chk Std 0.6 out of range; Fe3 Chk Std 9 out of range; Fe3 Chk Std 60 out of range","Within range","Within range",7.60929647084105,0.0722556522087582,0.00374434779124178,2.49463627672539,60.8743717667284,19.9570902138031,60.8743717667284,19.9570902138031,80.8314619805315,"Plate16_8_GCW_TR_B_20_NoAcid","
The Fe2 diff std curve R squared is 0.94, which is below the 0.985 cutoff but I think is reasonable, 
and Melanie mentioned that this R sqaured might be lower since it is the difference between two curves and is more sensitive. 
The FE_2_high std curve R squared is 0.984, which is close to the 0.985 cutoff
so I think it is reasonable. 
The FE_2_diff slope is slightly lower than previous slopes. 
The check stds for FE3 60 uM and Fe3 9 uM were all bad.
One dup was off for Fe2 and one dup was off for Fe3. 
One spike was too high and one spike looks like the spk solution didn't get added. "
"142","Plate17","A04",0.096,0.12,"GCW_TR_C_20_NoAcid",1,"FE_2_high Std curve r2 low; FE_2_diff Std curve r2 low; Fe2 Chk Std 0.6 out of range; Fe3 Chk Std 9 out of range; Fe3 Chk Std 60 out of range","Within range","Within range",21.0914948651428,0.126164617207465,-0.00616461720746472,-4.10711786812062,21.0914948651428,-4.10711786812062,21.0914948651428,0,21.0914948651428,"Plate17_1_GCW_TR_C_20_NoAcid","
The Fe2 diff std curve R squared is 0.94, which is below the 0.985 cutoff but I think is reasonable, 
and Melanie mentioned that this R sqaured might be lower since it is the difference between two curves and is more sensitive. 
The FE_2_high std curve R squared is 0.984, which is close to the 0.985 cutoff
so I think it is reasonable. 
The FE_2_diff slope is slightly lower than previous slopes. 
The check stds for FE3 60 uM and Fe3 9 uM were all bad.
One dup was off for Fe2 and one dup was off for Fe3. 
One spike was too high and one spike looks like the spk solution didn't get added. "
"143","Plate17","A05",0.094,0.113,"GCW_TR_C_20_NoAcid",1,"FE_2_high Std curve r2 low; FE_2_diff Std curve r2 low; Fe2 Chk Std 0.6 out of range; Fe3 Chk Std 9 out of range; Fe3 Chk Std 60 out of range","Within range","Within range",20.3627273843698,0.123250619099427,-0.0102506190994265,-6.8293779557916,20.3627273843698,-6.8293779557916,20.3627273843698,0,20.3627273843698,"Plate17_1_GCW_TR_C_20_NoAcid","
The Fe2 diff std curve R squared is 0.94, which is below the 0.985 cutoff but I think is reasonable, 
and Melanie mentioned that this R sqaured might be lower since it is the difference between two curves and is more sensitive. 
The FE_2_high std curve R squared is 0.984, which is close to the 0.985 cutoff
so I think it is reasonable. 
The FE_2_diff slope is slightly lower than previous slopes. 
The check stds for FE3 60 uM and Fe3 9 uM were all bad.
One dup was off for Fe2 and one dup was off for Fe3. 
One spike was too high and one spike looks like the spk solution didn't get added. "
"144","Plate17","A06",0.092,0.111,"GCW_TR_C_20_NoAcid",1,"FE_2_high Std curve r2 low; FE_2_diff Std curve r2 low; Fe2 Chk Std 0.6 out of range; Fe3 Chk Std 9 out of range; Fe3 Chk Std 60 out of range","Within range","Within range",19.6339599035967,0.120336620991388,-0.00933662099138834,-6.22043536704392,19.6339599035967,-6.22043536704392,19.6339599035967,0,19.6339599035967,"Plate17_1_GCW_TR_C_20_NoAcid","
The Fe2 diff std curve R squared is 0.94, which is below the 0.985 cutoff but I think is reasonable, 
and Melanie mentioned that this R sqaured might be lower since it is the difference between two curves and is more sensitive. 
The FE_2_high std curve R squared is 0.984, which is close to the 0.985 cutoff
so I think it is reasonable. 
The FE_2_diff slope is slightly lower than previous slopes. 
The check stds for FE3 60 uM and Fe3 9 uM were all bad.
One dup was off for Fe2 and one dup was off for Fe3. 
One spike was too high and one spike looks like the spk solution didn't get added. "
"145","Plate17","A07",0.056,0.086,"GCW_TR_B_10_Reacidified",1,"FE_2_high Std curve r2 low; FE_2_diff Std curve r2 low; Fe2 Chk Std 0.6 out of range; Fe3 Chk Std 9 out of range; Fe3 Chk Std 60 out of range","Within range","Within range",6.51614524968145,0.067884655046701,0.018115344953299,12.0691771185354,6.51614524968145,12.0691771185354,6.51614524968145,12.0691771185354,18.5853223682169,"Plate17_1_GCW_TR_B_10_Reacidified","
The Fe2 diff std curve R squared is 0.94, which is below the 0.985 cutoff but I think is reasonable, 
and Melanie mentioned that this R sqaured might be lower since it is the difference between two curves and is more sensitive. 
The FE_2_high std curve R squared is 0.984, which is close to the 0.985 cutoff
so I think it is reasonable. 
The FE_2_diff slope is slightly lower than previous slopes. 
The check stds for FE3 60 uM and Fe3 9 uM were all bad.
One dup was off for Fe2 and one dup was off for Fe3. 
One spike was too high and one spike looks like the spk solution didn't get added. "
"146","Plate17","A08",0.059,0.08,"GCW_TR_B_10_Reacidified",1,"FE_2_high Std curve r2 low; FE_2_diff Std curve r2 low; Fe2 Chk Std 0.6 out of range; Fe3 Chk Std 9 out of range; Fe3 Chk Std 60 out of range","Within range","Within range",7.60929647084105,0.0722556522087582,0.00774434779124178,5.15959841786033,7.60929647084105,5.15959841786033,7.60929647084105,5.15959841786033,12.7688948887014,"Plate17_1_GCW_TR_B_10_Reacidified","
The Fe2 diff std curve R squared is 0.94, which is below the 0.985 cutoff but I think is reasonable, 
and Melanie mentioned that this R sqaured might be lower since it is the difference between two curves and is more sensitive. 
The FE_2_high std curve R squared is 0.984, which is close to the 0.985 cutoff
so I think it is reasonable. 
The FE_2_diff slope is slightly lower than previous slopes. 
The check stds for FE3 60 uM and Fe3 9 uM were all bad.
One dup was off for Fe2 and one dup was off for Fe3. 
One spike was too high and one spike looks like the spk solution didn't get added. "
"147","Plate17","A09",0.069,0.09,"GCW_TR_B_10_Reacidified",1,"FE_2_high Std curve r2 low; FE_2_diff Std curve r2 low; Fe2 Chk Std 0.6 out of range; Fe3 Chk Std 9 out of range; Fe3 Chk Std 60 out of range","Within range","Within range",11.2531338747064,0.0868256427489492,0.00317435725105081,2.11488547412189,11.2531338747064,2.11488547412189,11.2531338747064,2.11488547412189,13.3680193488283,"Plate17_1_GCW_TR_B_10_Reacidified","
The Fe2 diff std curve R squared is 0.94, which is below the 0.985 cutoff but I think is reasonable, 
and Melanie mentioned that this R sqaured might be lower since it is the difference between two curves and is more sensitive. 
The FE_2_high std curve R squared is 0.984, which is close to the 0.985 cutoff
so I think it is reasonable. 
The FE_2_diff slope is slightly lower than previous slopes. 
The check stds for FE3 60 uM and Fe3 9 uM were all bad.
One dup was off for Fe2 and one dup was off for Fe3. 
One spike was too high and one spike looks like the spk solution didn't get added. "
"148","Plate17","A10",0.346,1.042,"GCW_TR_B_20_NoAcid",1,"FE_2_high Std curve r2 low; FE_2_diff Std curve r2 low; Fe2 Chk Std 0.6 out of range; Fe3 Chk Std 9 out of range; Fe3 Chk Std 60 out of range","Within range","High",137.667524161824,0.522370743346276,0.519629256653724,358.590173351658,137.667524161824,358.590173351658,137.667524161824,358.590173351658,496.257697513482,"Plate17_1_GCW_TR_B_20_NoAcid","
The Fe2 diff std curve R squared is 0.94, which is below the 0.985 cutoff but I think is reasonable, 
and Melanie mentioned that this R sqaured might be lower since it is the difference between two curves and is more sensitive. 
The FE_2_high std curve R squared is 0.984, which is close to the 0.985 cutoff
so I think it is reasonable. 
The FE_2_diff slope is slightly lower than previous slopes. 
The check stds for FE3 60 uM and Fe3 9 uM were all bad.
One dup was off for Fe2 and one dup was off for Fe3. 
One spike was too high and one spike looks like the spk solution didn't get added. "
"149","Plate17","A11",0.626,1.035,"GCW_TR_B_20_NoAcid",1,"FE_2_high Std curve r2 low; FE_2_diff Std curve r2 low; Fe2 Chk Std 0.6 out of range; Fe3 Chk Std 9 out of range; Fe3 Chk Std 60 out of range","Within range","High",269.465487809816,0.967667758643617,0.0673322413563833,46.4652053189356,269.465487809816,46.4652053189356,269.465487809816,46.4652053189356,315.930693128751,"Plate17_1_GCW_TR_B_20_NoAcid","
The Fe2 diff std curve R squared is 0.94, which is below the 0.985 cutoff but I think is reasonable, 
and Melanie mentioned that this R sqaured might be lower since it is the difference between two curves and is more sensitive. 
The FE_2_high std curve R squared is 0.984, which is close to the 0.985 cutoff
so I think it is reasonable. 
The FE_2_diff slope is slightly lower than previous slopes. 
The check stds for FE3 60 uM and Fe3 9 uM were all bad.
One dup was off for Fe2 and one dup was off for Fe3. 
One spike was too high and one spike looks like the spk solution didn't get added. "
"150","Plate17","A12",0.623,0.918,"GCW_TR_B_20_NoAcid",1,"FE_2_high Std curve r2 low; FE_2_diff Std curve r2 low; Fe2 Chk Std 0.6 out of range; Fe3 Chk Std 9 out of range; Fe3 Chk Std 60 out of range","Within range","High",268.05336677073,0.962896719194002,-0.0448967191940022,-30.9827095232756,268.05336677073,-30.9827095232756,268.05336677073,0,268.05336677073,"Plate17_1_GCW_TR_B_20_NoAcid","
The Fe2 diff std curve R squared is 0.94, which is below the 0.985 cutoff but I think is reasonable, 
and Melanie mentioned that this R sqaured might be lower since it is the difference between two curves and is more sensitive. 
The FE_2_high std curve R squared is 0.984, which is close to the 0.985 cutoff
so I think it is reasonable. 
The FE_2_diff slope is slightly lower than previous slopes. 
The check stds for FE3 60 uM and Fe3 9 uM were all bad.
One dup was off for Fe2 and one dup was off for Fe3. 
One spike was too high and one spike looks like the spk solution didn't get added. "
"151","Plate17","B04",0.065,0.092,"20260309_TMP_C_H3_Reacidified",1,"FE_2_high Std curve r2 low; FE_2_diff Std curve r2 low; Fe2 Chk Std 0.6 out of range; Fe3 Chk Std 9 out of range; Fe3 Chk Std 60 out of range","Within range","Within range",9.79559891316027,0.0809976465328728,0.0110023534671272,7.33021386331967,9.79559891316027,7.33021386331967,9.79559891316027,7.33021386331967,17.1258127764799,"Plate17_1_20260309_TMP_C_H3_Reacidified","
The Fe2 diff std curve R squared is 0.94, which is below the 0.985 cutoff but I think is reasonable, 
and Melanie mentioned that this R sqaured might be lower since it is the difference between two curves and is more sensitive. 
The FE_2_high std curve R squared is 0.984, which is close to the 0.985 cutoff
so I think it is reasonable. 
The FE_2_diff slope is slightly lower than previous slopes. 
The check stds for FE3 60 uM and Fe3 9 uM were all bad.
One dup was off for Fe2 and one dup was off for Fe3. 
One spike was too high and one spike looks like the spk solution didn't get added. "
"152","Plate17","B05",0.062,0.086,"20260309_TMP_C_H3_Reacidified",1,"FE_2_high Std curve r2 low; FE_2_diff Std curve r2 low; Fe2 Chk Std 0.6 out of range; Fe3 Chk Std 9 out of range; Fe3 Chk Std 60 out of range","Within range","Within range",8.70244769200066,0.0766266493708155,0.00937335062918448,6.24490614059,8.70244769200066,6.24490614059,8.70244769200066,6.24490614059,14.9473538325907,"Plate17_1_20260309_TMP_C_H3_Reacidified","
The Fe2 diff std curve R squared is 0.94, which is below the 0.985 cutoff but I think is reasonable, 
and Melanie mentioned that this R sqaured might be lower since it is the difference between two curves and is more sensitive. 
The FE_2_high std curve R squared is 0.984, which is close to the 0.985 cutoff
so I think it is reasonable. 
The FE_2_diff slope is slightly lower than previous slopes. 
The check stds for FE3 60 uM and Fe3 9 uM were all bad.
One dup was off for Fe2 and one dup was off for Fe3. 
One spike was too high and one spike looks like the spk solution didn't get added. "
"153","Plate17","B06",0.063,0.082,"20260309_TMP_C_H3_Reacidified",1,"FE_2_high Std curve r2 low; FE_2_diff Std curve r2 low; Fe2 Chk Std 0.6 out of range; Fe3 Chk Std 9 out of range; Fe3 Chk Std 60 out of range","Within range","Within range",9.0668314323872,0.0780836484248346,0.0039163515751654,2.60923216979749,9.0668314323872,2.60923216979749,9.0668314323872,2.60923216979749,11.6760636021847,"Plate17_1_20260309_TMP_C_H3_Reacidified","
The Fe2 diff std curve R squared is 0.94, which is below the 0.985 cutoff but I think is reasonable, 
and Melanie mentioned that this R sqaured might be lower since it is the difference between two curves and is more sensitive. 
The FE_2_high std curve R squared is 0.984, which is close to the 0.985 cutoff
so I think it is reasonable. 
The FE_2_diff slope is slightly lower than previous slopes. 
The check stds for FE3 60 uM and Fe3 9 uM were all bad.
One dup was off for Fe2 and one dup was off for Fe3. 
One spike was too high and one spike looks like the spk solution didn't get added. "
"154","Plate17","B07",0.058,0.082,"GCW_TR_B_20_Reacidified",8,"FE_2_high Std curve r2 low; FE_2_diff Std curve r2 low; Fe2 Chk Std 0.6 out of range; Fe3 Chk Std 9 out of range; Fe3 Chk Std 60 out of range","Within range","Within range",7.24491273045452,0.0707986531547391,0.0112013468452609,7.46279131808537,57.9593018436362,59.7023305446829,57.9593018436362,59.7023305446829,117.661632388319,"Plate17_8_GCW_TR_B_20_Reacidified","
The Fe2 diff std curve R squared is 0.94, which is below the 0.985 cutoff but I think is reasonable, 
and Melanie mentioned that this R sqaured might be lower since it is the difference between two curves and is more sensitive. 
The FE_2_high std curve R squared is 0.984, which is close to the 0.985 cutoff
so I think it is reasonable. 
The FE_2_diff slope is slightly lower than previous slopes. 
The check stds for FE3 60 uM and Fe3 9 uM were all bad.
One dup was off for Fe2 and one dup was off for Fe3. 
One spike was too high and one spike looks like the spk solution didn't get added. "
"155","Plate17","B08",0.058,0.079,"GCW_TR_B_20_Reacidified",8,"FE_2_high Std curve r2 low; FE_2_diff Std curve r2 low; Fe2 Chk Std 0.6 out of range; Fe3 Chk Std 9 out of range; Fe3 Chk Std 60 out of range","Within range","Within range",7.24491273045452,0.0707986531547391,0.00820134684526086,5.46406971223416,57.9593018436362,43.7125576978733,57.9593018436362,43.7125576978733,101.671859541509,"Plate17_8_GCW_TR_B_20_Reacidified","
The Fe2 diff std curve R squared is 0.94, which is below the 0.985 cutoff but I think is reasonable, 
and Melanie mentioned that this R sqaured might be lower since it is the difference between two curves and is more sensitive. 
The FE_2_high std curve R squared is 0.984, which is close to the 0.985 cutoff
so I think it is reasonable. 
The FE_2_diff slope is slightly lower than previous slopes. 
The check stds for FE3 60 uM and Fe3 9 uM were all bad.
One dup was off for Fe2 and one dup was off for Fe3. 
One spike was too high and one spike looks like the spk solution didn't get added. "
"156","Plate17","B09",0.055,0.077,"GCW_TR_B_20_Reacidified",8,"FE_2_high Std curve r2 low; FE_2_diff Std curve r2 low; Fe2 Chk Std 0.6 out of range; Fe3 Chk Std 9 out of range; Fe3 Chk Std 60 out of range","Within range","Within range",6.15176150929492,0.0664276559926819,0.0105723440073181,7.04372413063942,49.2140920743593,56.3497930451154,49.2140920743593,56.3497930451154,105.563885119475,"Plate17_8_GCW_TR_B_20_Reacidified","
The Fe2 diff std curve R squared is 0.94, which is below the 0.985 cutoff but I think is reasonable, 
and Melanie mentioned that this R sqaured might be lower since it is the difference between two curves and is more sensitive. 
The FE_2_high std curve R squared is 0.984, which is close to the 0.985 cutoff
so I think it is reasonable. 
The FE_2_diff slope is slightly lower than previous slopes. 
The check stds for FE3 60 uM and Fe3 9 uM were all bad.
One dup was off for Fe2 and one dup was off for Fe3. 
One spike was too high and one spike looks like the spk solution didn't get added. "
"157","Plate17","B10",1.313,1.5,"GCW_TR_B_20",1,"FE_2_high Std curve r2 low; FE_2_diff Std curve r2 low; Fe2 Chk Std 0.6 out of range; Fe3 Chk Std 9 out of range; Fe3 Chk Std 60 out of range","High","High",592.841205760424,2.06023579260531,-0.560235792605305,-386.612276764113,592.841205760424,-386.612276764113,592.841205760424,0,592.841205760424,"Plate17_1_GCW_TR_B_20","
The Fe2 diff std curve R squared is 0.94, which is below the 0.985 cutoff but I think is reasonable, 
and Melanie mentioned that this R sqaured might be lower since it is the difference between two curves and is more sensitive. 
The FE_2_high std curve R squared is 0.984, which is close to the 0.985 cutoff
so I think it is reasonable. 
The FE_2_diff slope is slightly lower than previous slopes. 
The check stds for FE3 60 uM and Fe3 9 uM were all bad.
One dup was off for Fe2 and one dup was off for Fe3. 
One spike was too high and one spike looks like the spk solution didn't get added. "
"158","Plate17","B11",1.025,1.291,"GCW_TR_B_20",1,"FE_2_high Std curve r2 low; FE_2_diff Std curve r2 low; Fe2 Chk Std 0.6 out of range; Fe3 Chk Std 9 out of range; Fe3 Chk Std 60 out of range","Within range","High",457.277586008204,1.60221600544233,-0.311216005442327,-214.766585815515,457.277586008204,-214.766585815515,457.277586008204,0,457.277586008204,"Plate17_1_GCW_TR_B_20","
The Fe2 diff std curve R squared is 0.94, which is below the 0.985 cutoff but I think is reasonable, 
and Melanie mentioned that this R sqaured might be lower since it is the difference between two curves and is more sensitive. 
The FE_2_high std curve R squared is 0.984, which is close to the 0.985 cutoff
so I think it is reasonable. 
The FE_2_diff slope is slightly lower than previous slopes. 
The check stds for FE3 60 uM and Fe3 9 uM were all bad.
One dup was off for Fe2 and one dup was off for Fe3. 
One spike was too high and one spike looks like the spk solution didn't get added. "
"159","Plate17","B12",1.448,1.541,"GCW_TR_B_20",1,"FE_2_high Std curve r2 low; FE_2_diff Std curve r2 low; Fe2 Chk Std 0.6 out of range; Fe3 Chk Std 9 out of range; Fe3 Chk Std 60 out of range","High","High",656.386652519277,2.27493256783795,-0.733932567837952,-506.478423528835,656.386652519277,-506.478423528835,656.386652519277,0,656.386652519277,"Plate17_1_GCW_TR_B_20","
The Fe2 diff std curve R squared is 0.94, which is below the 0.985 cutoff but I think is reasonable, 
and Melanie mentioned that this R sqaured might be lower since it is the difference between two curves and is more sensitive. 
The FE_2_high std curve R squared is 0.984, which is close to the 0.985 cutoff
so I think it is reasonable. 
The FE_2_diff slope is slightly lower than previous slopes. 
The check stds for FE3 60 uM and Fe3 9 uM were all bad.
One dup was off for Fe2 and one dup was off for Fe3. 
One spike was too high and one spike looks like the spk solution didn't get added. "
"160","Plate17","C04",0.068,0.1,"20260309_TMP_C_I5_Reacidified",1,"FE_2_high Std curve r2 low; FE_2_diff Std curve r2 low; Fe2 Chk Std 0.6 out of range; Fe3 Chk Std 9 out of range; Fe3 Chk Std 60 out of range","Within range","Within range",10.8887501343199,0.0853686436949301,0.0146313563050699,9.74800265661683,10.8887501343199,9.74800265661683,10.8887501343199,9.74800265661683,20.6367527909367,"Plate17_1_20260309_TMP_C_I5_Reacidified","
The Fe2 diff std curve R squared is 0.94, which is below the 0.985 cutoff but I think is reasonable, 
and Melanie mentioned that this R sqaured might be lower since it is the difference between two curves and is more sensitive. 
The FE_2_high std curve R squared is 0.984, which is close to the 0.985 cutoff
so I think it is reasonable. 
The FE_2_diff slope is slightly lower than previous slopes. 
The check stds for FE3 60 uM and Fe3 9 uM were all bad.
One dup was off for Fe2 and one dup was off for Fe3. 
One spike was too high and one spike looks like the spk solution didn't get added. "
"161","Plate17","C05",0.065,0.103,"20260309_TMP_C_I5_Reacidified",1,"FE_2_high Std curve r2 low; FE_2_diff Std curve r2 low; Fe2 Chk Std 0.6 out of range; Fe3 Chk Std 9 out of range; Fe3 Chk Std 60 out of range","Within range","Within range",9.79559891316027,0.0809976465328728,0.0220023534671272,14.6588597514407,9.79559891316027,14.6588597514407,9.79559891316027,14.6588597514407,24.454458664601,"Plate17_1_20260309_TMP_C_I5_Reacidified","
The Fe2 diff std curve R squared is 0.94, which is below the 0.985 cutoff but I think is reasonable, 
and Melanie mentioned that this R sqaured might be lower since it is the difference between two curves and is more sensitive. 
The FE_2_high std curve R squared is 0.984, which is close to the 0.985 cutoff
so I think it is reasonable. 
The FE_2_diff slope is slightly lower than previous slopes. 
The check stds for FE3 60 uM and Fe3 9 uM were all bad.
One dup was off for Fe2 and one dup was off for Fe3. 
One spike was too high and one spike looks like the spk solution didn't get added. "
"162","Plate17","C06",0.066,0.09,"20260309_TMP_C_I5_Reacidified",1,"FE_2_high Std curve r2 low; FE_2_diff Std curve r2 low; Fe2 Chk Std 0.6 out of range; Fe3 Chk Std 9 out of range; Fe3 Chk Std 60 out of range","Within range","Within range",10.1599826535468,0.0824546455868919,0.00754535441310811,5.02702096309463,10.1599826535468,5.02702096309463,10.1599826535468,5.02702096309463,15.1870036166414,"Plate17_1_20260309_TMP_C_I5_Reacidified","
The Fe2 diff std curve R squared is 0.94, which is below the 0.985 cutoff but I think is reasonable, 
and Melanie mentioned that this R sqaured might be lower since it is the difference between two curves and is more sensitive. 
The FE_2_high std curve R squared is 0.984, which is close to the 0.985 cutoff
so I think it is reasonable. 
The FE_2_diff slope is slightly lower than previous slopes. 
The check stds for FE3 60 uM and Fe3 9 uM were all bad.
One dup was off for Fe2 and one dup was off for Fe3. 
One spike was too high and one spike looks like the spk solution didn't get added. "
"163","Plate17","C07",0.054,0.089,"GCW_TR_C_20_Reacidified",1,"FE_2_high Std curve r2 low; FE_2_diff Std curve r2 low; Fe2 Chk Std 0.6 out of range; Fe3 Chk Std 9 out of range; Fe3 Chk Std 60 out of range","Within range","Within range",5.78737776890838,0.0649706569386628,0.0240293430613372,16.0093223837018,5.78737776890838,16.0093223837018,5.78737776890838,16.0093223837018,21.7967001526102,"Plate17_1_GCW_TR_C_20_Reacidified","
The Fe2 diff std curve R squared is 0.94, which is below the 0.985 cutoff but I think is reasonable, 
and Melanie mentioned that this R sqaured might be lower since it is the difference between two curves and is more sensitive. 
The FE_2_high std curve R squared is 0.984, which is close to the 0.985 cutoff
so I think it is reasonable. 
The FE_2_diff slope is slightly lower than previous slopes. 
The check stds for FE3 60 uM and Fe3 9 uM were all bad.
One dup was off for Fe2 and one dup was off for Fe3. 
One spike was too high and one spike looks like the spk solution didn't get added. "
"164","Plate17","C08",0.069,0.098,"GCW_TR_C_20_Reacidified",1,"FE_2_high Std curve r2 low; FE_2_diff Std curve r2 low; Fe2 Chk Std 0.6 out of range; Fe3 Chk Std 9 out of range; Fe3 Chk Std 60 out of range","Within range","Within range",11.2531338747064,0.0868256427489492,0.0111743572510508,7.44480975639177,11.2531338747064,7.44480975639177,11.2531338747064,7.44480975639177,18.6979436310982,"Plate17_1_GCW_TR_C_20_Reacidified","
The Fe2 diff std curve R squared is 0.94, which is below the 0.985 cutoff but I think is reasonable, 
and Melanie mentioned that this R sqaured might be lower since it is the difference between two curves and is more sensitive. 
The FE_2_high std curve R squared is 0.984, which is close to the 0.985 cutoff
so I think it is reasonable. 
The FE_2_diff slope is slightly lower than previous slopes. 
The check stds for FE3 60 uM and Fe3 9 uM were all bad.
One dup was off for Fe2 and one dup was off for Fe3. 
One spike was too high and one spike looks like the spk solution didn't get added. "
"165","Plate17","C09",0.059,0.088,"GCW_TR_C_20_Reacidified",1,"FE_2_high Std curve r2 low; FE_2_diff Std curve r2 low; Fe2 Chk Std 0.6 out of range; Fe3 Chk Std 9 out of range; Fe3 Chk Std 60 out of range","Within range","Within range",7.60929647084105,0.0722556522087582,0.0157443477912418,10.4895227001302,7.60929647084105,10.4895227001302,7.60929647084105,10.4895227001302,18.0988191709713,"Plate17_1_GCW_TR_C_20_Reacidified","
The Fe2 diff std curve R squared is 0.94, which is below the 0.985 cutoff but I think is reasonable, 
and Melanie mentioned that this R sqaured might be lower since it is the difference between two curves and is more sensitive. 
The FE_2_high std curve R squared is 0.984, which is close to the 0.985 cutoff
so I think it is reasonable. 
The FE_2_diff slope is slightly lower than previous slopes. 
The check stds for FE3 60 uM and Fe3 9 uM were all bad.
One dup was off for Fe2 and one dup was off for Fe3. 
One spike was too high and one spike looks like the spk solution didn't get added. "
"166","Plate17","C10",0.185,0.673,"GCW_TR_B_20_Reacidified",1,"FE_2_high Std curve r2 low; FE_2_diff Std curve r2 low; Fe2 Chk Std 0.6 out of range; Fe3 Chk Std 9 out of range; Fe3 Chk Std 60 out of range","Within range","High",53.5216477595444,0.255837533015164,0.417162466984836,287.879020352357,53.5216477595444,287.879020352357,53.5216477595444,287.879020352357,341.400668111901,"Plate17_1_GCW_TR_B_20_Reacidified","
The Fe2 diff std curve R squared is 0.94, which is below the 0.985 cutoff but I think is reasonable, 
and Melanie mentioned that this R sqaured might be lower since it is the difference between two curves and is more sensitive. 
The FE_2_high std curve R squared is 0.984, which is close to the 0.985 cutoff
so I think it is reasonable. 
The FE_2_diff slope is slightly lower than previous slopes. 
The check stds for FE3 60 uM and Fe3 9 uM were all bad.
One dup was off for Fe2 and one dup was off for Fe3. 
One spike was too high and one spike looks like the spk solution didn't get added. "
"167","Plate17","C11",0.183,0.737,"GCW_TR_B_20_Reacidified",1,"FE_2_high Std curve r2 low; FE_2_diff Std curve r2 low; Fe2 Chk Std 0.6 out of range; Fe3 Chk Std 9 out of range; Fe3 Chk Std 60 out of range","Within range","High",52.7928802787713,0.252923534907126,0.484076465092874,334.055600816154,52.7928802787713,334.055600816154,52.7928802787713,334.055600816154,386.848481094926,"Plate17_1_GCW_TR_B_20_Reacidified","
The Fe2 diff std curve R squared is 0.94, which is below the 0.985 cutoff but I think is reasonable, 
and Melanie mentioned that this R sqaured might be lower since it is the difference between two curves and is more sensitive. 
The FE_2_high std curve R squared is 0.984, which is close to the 0.985 cutoff
so I think it is reasonable. 
The FE_2_diff slope is slightly lower than previous slopes. 
The check stds for FE3 60 uM and Fe3 9 uM were all bad.
One dup was off for Fe2 and one dup was off for Fe3. 
One spike was too high and one spike looks like the spk solution didn't get added. "
"168","Plate17","C12",0.485,0.851,"GCW_TR_B_20_Reacidified",1,"FE_2_high Std curve r2 low; FE_2_diff Std curve r2 low; Fe2 Chk Std 0.6 out of range; Fe3 Chk Std 9 out of range; Fe3 Chk Std 60 out of range","Within range","High",203.095798972792,0.743428904511742,0.107571095488258,74.2335757366095,203.095798972792,74.2335757366095,203.095798972792,74.2335757366095,277.329374709401,"Plate17_1_GCW_TR_B_20_Reacidified","
The Fe2 diff std curve R squared is 0.94, which is below the 0.985 cutoff but I think is reasonable, 
and Melanie mentioned that this R sqaured might be lower since it is the difference between two curves and is more sensitive. 
The FE_2_high std curve R squared is 0.984, which is close to the 0.985 cutoff
so I think it is reasonable. 
The FE_2_diff slope is slightly lower than previous slopes. 
The check stds for FE3 60 uM and Fe3 9 uM were all bad.
One dup was off for Fe2 and one dup was off for Fe3. 
One spike was too high and one spike looks like the spk solution didn't get added. "
"169","Plate17","D04",0.049,0.053,"20260309_TMP_FW_H3_Reacidified",1,"FE_2_high Std curve r2 low; FE_2_diff Std curve r2 low; Fe2 Chk Std 0.6 out of range; Fe3 Chk Std 9 out of range; Fe3 Chk Std 60 out of range","Within range","Within range",3.96545906697571,0.0576856616685673,-0.00468566166856729,-3.12177773822475,3.96545906697571,-3.12177773822475,3.96545906697571,0,3.96545906697571,"Plate17_1_20260309_TMP_FW_H3_Reacidified","
The Fe2 diff std curve R squared is 0.94, which is below the 0.985 cutoff but I think is reasonable, 
and Melanie mentioned that this R sqaured might be lower since it is the difference between two curves and is more sensitive. 
The FE_2_high std curve R squared is 0.984, which is close to the 0.985 cutoff
so I think it is reasonable. 
The FE_2_diff slope is slightly lower than previous slopes. 
The check stds for FE3 60 uM and Fe3 9 uM were all bad.
One dup was off for Fe2 and one dup was off for Fe3. 
One spike was too high and one spike looks like the spk solution didn't get added. "
"170","Plate17","D05",0.05,0.055,"20260309_TMP_FW_H3_Reacidified",1,"FE_2_high Std curve r2 low; FE_2_diff Std curve r2 low; Fe2 Chk Std 0.6 out of range; Fe3 Chk Std 9 out of range; Fe3 Chk Std 60 out of range","Within range","Within range",4.32984280736224,0.0591426607225864,-0.00414266072258639,-2.76000849731486,4.32984280736224,-2.76000849731486,4.32984280736224,0,4.32984280736224,"Plate17_1_20260309_TMP_FW_H3_Reacidified","
The Fe2 diff std curve R squared is 0.94, which is below the 0.985 cutoff but I think is reasonable, 
and Melanie mentioned that this R sqaured might be lower since it is the difference between two curves and is more sensitive. 
The FE_2_high std curve R squared is 0.984, which is close to the 0.985 cutoff
so I think it is reasonable. 
The FE_2_diff slope is slightly lower than previous slopes. 
The check stds for FE3 60 uM and Fe3 9 uM were all bad.
One dup was off for Fe2 and one dup was off for Fe3. 
One spike was too high and one spike looks like the spk solution didn't get added. "
"171","Plate17","D06",0.049,0.054,"20260309_TMP_FW_H3_Reacidified",1,"FE_2_high Std curve r2 low; FE_2_diff Std curve r2 low; Fe2 Chk Std 0.6 out of range; Fe3 Chk Std 9 out of range; Fe3 Chk Std 60 out of range","Within range","Within range",3.96545906697571,0.0576856616685673,-0.00368566166856729,-2.45553720294101,3.96545906697571,-2.45553720294101,3.96545906697571,0,3.96545906697571,"Plate17_1_20260309_TMP_FW_H3_Reacidified","
The Fe2 diff std curve R squared is 0.94, which is below the 0.985 cutoff but I think is reasonable, 
and Melanie mentioned that this R sqaured might be lower since it is the difference between two curves and is more sensitive. 
The FE_2_high std curve R squared is 0.984, which is close to the 0.985 cutoff
so I think it is reasonable. 
The FE_2_diff slope is slightly lower than previous slopes. 
The check stds for FE3 60 uM and Fe3 9 uM were all bad.
One dup was off for Fe2 and one dup was off for Fe3. 
One spike was too high and one spike looks like the spk solution didn't get added. "
"172","Plate17","D07",0.051,0.087,"GCW_TR_B_10 dup",1,"FE_2_high Std curve r2 low; FE_2_diff Std curve r2 low; Fe2 Chk Std 0.6 out of range; Fe3 Chk Std 9 out of range; Fe3 Chk Std 60 out of range","Within range","Within range",4.69422654774878,0.0605996597766055,0.0264003402233945,17.5889768021071,4.69422654774878,17.5889768021071,4.69422654774878,17.5889768021071,22.2832033498558,"Plate17_1_GCW_TR_B_10 dup","
The Fe2 diff std curve R squared is 0.94, which is below the 0.985 cutoff but I think is reasonable, 
and Melanie mentioned that this R sqaured might be lower since it is the difference between two curves and is more sensitive. 
The FE_2_high std curve R squared is 0.984, which is close to the 0.985 cutoff
so I think it is reasonable. 
The FE_2_diff slope is slightly lower than previous slopes. 
The check stds for FE3 60 uM and Fe3 9 uM were all bad.
One dup was off for Fe2 and one dup was off for Fe3. 
One spike was too high and one spike looks like the spk solution didn't get added. "
"173","Plate17","D08",0.053,0.092,"GCW_TR_B_10 dup",1,"FE_2_high Std curve r2 low; FE_2_diff Std curve r2 low; Fe2 Chk Std 0.6 out of range; Fe3 Chk Std 9 out of range; Fe3 Chk Std 60 out of range","Within range","Within range",5.42299402852185,0.0635136578846437,0.0284863421153563,18.9787558192106,5.42299402852185,18.9787558192106,5.42299402852185,18.9787558192106,24.4017498477324,"Plate17_1_GCW_TR_B_10 dup","
The Fe2 diff std curve R squared is 0.94, which is below the 0.985 cutoff but I think is reasonable, 
and Melanie mentioned that this R sqaured might be lower since it is the difference between two curves and is more sensitive. 
The FE_2_high std curve R squared is 0.984, which is close to the 0.985 cutoff
so I think it is reasonable. 
The FE_2_diff slope is slightly lower than previous slopes. 
The check stds for FE3 60 uM and Fe3 9 uM were all bad.
One dup was off for Fe2 and one dup was off for Fe3. 
One spike was too high and one spike looks like the spk solution didn't get added. "
"174","Plate17","D09",0.057,0.097,"GCW_TR_B_10 dup",1,"FE_2_high Std curve r2 low; FE_2_diff Std curve r2 low; Fe2 Chk Std 0.6 out of range; Fe3 Chk Std 9 out of range; Fe3 Chk Std 60 out of range","Within range","Within range",6.88052899006799,0.06934165410072,0.02765834589928,18.427111176999,6.88052899006799,18.427111176999,6.88052899006799,18.427111176999,25.3076401670669,"Plate17_1_GCW_TR_B_10 dup","
The Fe2 diff std curve R squared is 0.94, which is below the 0.985 cutoff but I think is reasonable, 
and Melanie mentioned that this R sqaured might be lower since it is the difference between two curves and is more sensitive. 
The FE_2_high std curve R squared is 0.984, which is close to the 0.985 cutoff
so I think it is reasonable. 
The FE_2_diff slope is slightly lower than previous slopes. 
The check stds for FE3 60 uM and Fe3 9 uM were all bad.
One dup was off for Fe2 and one dup was off for Fe3. 
One spike was too high and one spike looks like the spk solution didn't get added. "
"175","Plate17","E04",0.043,0.052,"20260309_TMP_FW_D5_Reacidified",1,"FE_2_high Std curve r2 low; FE_2_diff Std curve r2 low; Fe2 Chk Std 0.6 out of range; Fe3 Chk Std 9 out of range; Fe3 Chk Std 60 out of range","Within range","Within range",1.7791566246565,0.0489436673444527,0.00305633265554728,2.03625270443698,1.7791566246565,2.03625270443698,1.7791566246565,2.03625270443698,3.81540932909347,"Plate17_1_20260309_TMP_FW_D5_Reacidified","
The Fe2 diff std curve R squared is 0.94, which is below the 0.985 cutoff but I think is reasonable, 
and Melanie mentioned that this R sqaured might be lower since it is the difference between two curves and is more sensitive. 
The FE_2_high std curve R squared is 0.984, which is close to the 0.985 cutoff
so I think it is reasonable. 
The FE_2_diff slope is slightly lower than previous slopes. 
The check stds for FE3 60 uM and Fe3 9 uM were all bad.
One dup was off for Fe2 and one dup was off for Fe3. 
One spike was too high and one spike looks like the spk solution didn't get added. "
"176","Plate17","E05",0.045,0.051,"20260309_TMP_FW_D5_Reacidified",1,"FE_2_high Std curve r2 low; FE_2_diff Std curve r2 low; Fe2 Chk Std 0.6 out of range; Fe3 Chk Std 9 out of range; Fe3 Chk Std 60 out of range","Within range","Within range",2.50792410542957,0.0518576654524909,-0.000857665452490913,-0.571411490161912,2.50792410542957,-0.571411490161912,2.50792410542957,0,2.50792410542957,"Plate17_1_20260309_TMP_FW_D5_Reacidified","
The Fe2 diff std curve R squared is 0.94, which is below the 0.985 cutoff but I think is reasonable, 
and Melanie mentioned that this R sqaured might be lower since it is the difference between two curves and is more sensitive. 
The FE_2_high std curve R squared is 0.984, which is close to the 0.985 cutoff
so I think it is reasonable. 
The FE_2_diff slope is slightly lower than previous slopes. 
The check stds for FE3 60 uM and Fe3 9 uM were all bad.
One dup was off for Fe2 and one dup was off for Fe3. 
One spike was too high and one spike looks like the spk solution didn't get added. "
"177","Plate17","E06",0.045,0.052,"20260309_TMP_FW_D5_Reacidified",1,"FE_2_high Std curve r2 low; FE_2_diff Std curve r2 low; Fe2 Chk Std 0.6 out of range; Fe3 Chk Std 9 out of range; Fe3 Chk Std 60 out of range","Within range","Within range",2.50792410542957,0.0518576654524909,0.000142334547509088,0.0948290451218226,2.50792410542957,0.0948290451218226,2.50792410542957,0.0948290451218226,2.60275315055139,"Plate17_1_20260309_TMP_FW_D5_Reacidified","
The Fe2 diff std curve R squared is 0.94, which is below the 0.985 cutoff but I think is reasonable, 
and Melanie mentioned that this R sqaured might be lower since it is the difference between two curves and is more sensitive. 
The FE_2_high std curve R squared is 0.984, which is close to the 0.985 cutoff
so I think it is reasonable. 
The FE_2_diff slope is slightly lower than previous slopes. 
The check stds for FE3 60 uM and Fe3 9 uM were all bad.
One dup was off for Fe2 and one dup was off for Fe3. 
One spike was too high and one spike looks like the spk solution didn't get added. "
"178","Plate17","E07",0.052,0.081,"GCW_TR_B_10",1,"FE_2_high Std curve r2 low; FE_2_diff Std curve r2 low; Fe2 Chk Std 0.6 out of range; Fe3 Chk Std 9 out of range; Fe3 Chk Std 60 out of range","Within range","Within range",5.05861028813531,0.0620566588306246,0.0189433411693754,12.6208217607471,5.05861028813531,12.6208217607471,5.05861028813531,12.6208217607471,17.6794320488824,"Plate17_1_GCW_TR_B_10","
The Fe2 diff std curve R squared is 0.94, which is below the 0.985 cutoff but I think is reasonable, 
and Melanie mentioned that this R sqaured might be lower since it is the difference between two curves and is more sensitive. 
The FE_2_high std curve R squared is 0.984, which is close to the 0.985 cutoff
so I think it is reasonable. 
The FE_2_diff slope is slightly lower than previous slopes. 
The check stds for FE3 60 uM and Fe3 9 uM were all bad.
One dup was off for Fe2 and one dup was off for Fe3. 
One spike was too high and one spike looks like the spk solution didn't get added. "
"179","Plate17","E08",0.052,0.081,"GCW_TR_B_10",1,"FE_2_high Std curve r2 low; FE_2_diff Std curve r2 low; Fe2 Chk Std 0.6 out of range; Fe3 Chk Std 9 out of range; Fe3 Chk Std 60 out of range","Within range","Within range",5.05861028813531,0.0620566588306246,0.0189433411693754,12.6208217607471,5.05861028813531,12.6208217607471,5.05861028813531,12.6208217607471,17.6794320488824,"Plate17_1_GCW_TR_B_10","
The Fe2 diff std curve R squared is 0.94, which is below the 0.985 cutoff but I think is reasonable, 
and Melanie mentioned that this R sqaured might be lower since it is the difference between two curves and is more sensitive. 
The FE_2_high std curve R squared is 0.984, which is close to the 0.985 cutoff
so I think it is reasonable. 
The FE_2_diff slope is slightly lower than previous slopes. 
The check stds for FE3 60 uM and Fe3 9 uM were all bad.
One dup was off for Fe2 and one dup was off for Fe3. 
One spike was too high and one spike looks like the spk solution didn't get added. "
"180","Plate17","E09",0.057,0.086,"GCW_TR_B_10",1,"FE_2_high Std curve r2 low; FE_2_diff Std curve r2 low; Fe2 Chk Std 0.6 out of range; Fe3 Chk Std 9 out of range; Fe3 Chk Std 60 out of range","Within range","Within range",6.88052899006799,0.06934165410072,0.0166583458992799,11.0984652888779,6.88052899006799,11.0984652888779,6.88052899006799,11.0984652888779,17.9789942789459,"Plate17_1_GCW_TR_B_10","
The Fe2 diff std curve R squared is 0.94, which is below the 0.985 cutoff but I think is reasonable, 
and Melanie mentioned that this R sqaured might be lower since it is the difference between two curves and is more sensitive. 
The FE_2_high std curve R squared is 0.984, which is close to the 0.985 cutoff
so I think it is reasonable. 
The FE_2_diff slope is slightly lower than previous slopes. 
The check stds for FE3 60 uM and Fe3 9 uM were all bad.
One dup was off for Fe2 and one dup was off for Fe3. 
One spike was too high and one spike looks like the spk solution didn't get added. "
"181","Plate17","F04",0.115,0.169,"20260309_TMP_SW_C6_Reacidified",1,"FE_2_high Std curve r2 low; FE_2_diff Std curve r2 low; Fe2 Chk Std 0.6 out of range; Fe3 Chk Std 9 out of range; Fe3 Chk Std 60 out of range","Within range","Within range",28.014785932487,0.153847599233828,0.0151524007661725,10.4564974890481,28.014785932487,10.4564974890481,28.014785932487,10.4564974890481,38.4712834215351,"Plate17_1_20260309_TMP_SW_C6_Reacidified","
The Fe2 diff std curve R squared is 0.94, which is below the 0.985 cutoff but I think is reasonable, 
and Melanie mentioned that this R sqaured might be lower since it is the difference between two curves and is more sensitive. 
The FE_2_high std curve R squared is 0.984, which is close to the 0.985 cutoff
so I think it is reasonable. 
The FE_2_diff slope is slightly lower than previous slopes. 
The check stds for FE3 60 uM and Fe3 9 uM were all bad.
One dup was off for Fe2 and one dup was off for Fe3. 
One spike was too high and one spike looks like the spk solution didn't get added. "
"182","Plate17","F05",0.111,0.155,"20260309_TMP_SW_C6_Reacidified",1,"FE_2_high Std curve r2 low; FE_2_diff Std curve r2 low; Fe2 Chk Std 0.6 out of range; Fe3 Chk Std 9 out of range; Fe3 Chk Std 60 out of range","Within range","Within range",26.5572509709409,0.148019603017751,0.00698039698224887,4.81709167041003,26.5572509709409,4.81709167041003,26.5572509709409,4.81709167041003,31.3743426413509,"Plate17_1_20260309_TMP_SW_C6_Reacidified","
The Fe2 diff std curve R squared is 0.94, which is below the 0.985 cutoff but I think is reasonable, 
and Melanie mentioned that this R sqaured might be lower since it is the difference between two curves and is more sensitive. 
The FE_2_high std curve R squared is 0.984, which is close to the 0.985 cutoff
so I think it is reasonable. 
The FE_2_diff slope is slightly lower than previous slopes. 
The check stds for FE3 60 uM and Fe3 9 uM were all bad.
One dup was off for Fe2 and one dup was off for Fe3. 
One spike was too high and one spike looks like the spk solution didn't get added. "
"183","Plate17","F06",0.109,0.157,"20260309_TMP_SW_C6_Reacidified",1,"FE_2_high Std curve r2 low; FE_2_diff Std curve r2 low; Fe2 Chk Std 0.6 out of range; Fe3 Chk Std 9 out of range; Fe3 Chk Std 60 out of range","Within range","Within range",25.8284834901678,0.145105604909713,0.0118943950902871,8.20818524500718,25.8284834901678,8.20818524500718,25.8284834901678,8.20818524500718,34.036668735175,"Plate17_1_20260309_TMP_SW_C6_Reacidified","
The Fe2 diff std curve R squared is 0.94, which is below the 0.985 cutoff but I think is reasonable, 
and Melanie mentioned that this R sqaured might be lower since it is the difference between two curves and is more sensitive. 
The FE_2_high std curve R squared is 0.984, which is close to the 0.985 cutoff
so I think it is reasonable. 
The FE_2_diff slope is slightly lower than previous slopes. 
The check stds for FE3 60 uM and Fe3 9 uM were all bad.
One dup was off for Fe2 and one dup was off for Fe3. 
One spike was too high and one spike looks like the spk solution didn't get added. "
"184","Plate17","F07",0.052,0.083,"GCW_TR_C_20 spk",1,"FE_2_high Std curve r2 low; FE_2_diff Std curve r2 low; Fe2 Chk Std 0.6 out of range; Fe3 Chk Std 9 out of range; Fe3 Chk Std 60 out of range","Within range","Within range",5.05861028813531,0.0620566588306246,0.0209433411693754,13.9533028313146,5.05861028813531,13.9533028313146,5.05861028813531,13.9533028313146,19.0119131194499,"Plate17_1_GCW_TR_C_20 spk","
The Fe2 diff std curve R squared is 0.94, which is below the 0.985 cutoff but I think is reasonable, 
and Melanie mentioned that this R sqaured might be lower since it is the difference between two curves and is more sensitive. 
The FE_2_high std curve R squared is 0.984, which is close to the 0.985 cutoff
so I think it is reasonable. 
The FE_2_diff slope is slightly lower than previous slopes. 
The check stds for FE3 60 uM and Fe3 9 uM were all bad.
One dup was off for Fe2 and one dup was off for Fe3. 
One spike was too high and one spike looks like the spk solution didn't get added. "
"185","Plate17","F08",0.052,0.092,"GCW_TR_C_20 spk",1,"FE_2_high Std curve r2 low; FE_2_diff Std curve r2 low; Fe2 Chk Std 0.6 out of range; Fe3 Chk Std 9 out of range; Fe3 Chk Std 60 out of range","Within range","Within range",5.05861028813531,0.0620566588306246,0.0299433411693754,19.9494676488682,5.05861028813531,19.9494676488682,5.05861028813531,19.9494676488682,25.0080779370035,"Plate17_1_GCW_TR_C_20 spk","
The Fe2 diff std curve R squared is 0.94, which is below the 0.985 cutoff but I think is reasonable, 
and Melanie mentioned that this R sqaured might be lower since it is the difference between two curves and is more sensitive. 
The FE_2_high std curve R squared is 0.984, which is close to the 0.985 cutoff
so I think it is reasonable. 
The FE_2_diff slope is slightly lower than previous slopes. 
The check stds for FE3 60 uM and Fe3 9 uM were all bad.
One dup was off for Fe2 and one dup was off for Fe3. 
One spike was too high and one spike looks like the spk solution didn't get added. "
"186","Plate17","F09",0.058,0.091,"GCW_TR_C_20 spk",1,"FE_2_high Std curve r2 low; FE_2_diff Std curve r2 low; Fe2 Chk Std 0.6 out of range; Fe3 Chk Std 9 out of range; Fe3 Chk Std 60 out of range","Within range","Within range",7.24491273045452,0.0707986531547391,0.0202013468452609,13.458956135639,7.24491273045452,13.458956135639,7.24491273045452,13.458956135639,20.7038688660935,"Plate17_1_GCW_TR_C_20 spk","
The Fe2 diff std curve R squared is 0.94, which is below the 0.985 cutoff but I think is reasonable, 
and Melanie mentioned that this R sqaured might be lower since it is the difference between two curves and is more sensitive. 
The FE_2_high std curve R squared is 0.984, which is close to the 0.985 cutoff
so I think it is reasonable. 
The FE_2_diff slope is slightly lower than previous slopes. 
The check stds for FE3 60 uM and Fe3 9 uM were all bad.
One dup was off for Fe2 and one dup was off for Fe3. 
One spike was too high and one spike looks like the spk solution didn't get added. "
"187","Plate17","G04",0.066,0.08,"20260309_TMP_SW_H6_Reacidified",1,"FE_2_high Std curve r2 low; FE_2_diff Std curve r2 low; Fe2 Chk Std 0.6 out of range; Fe3 Chk Std 9 out of range; Fe3 Chk Std 60 out of range","Within range","Within range",10.1599826535468,0.0824546455868919,-0.00245464558689189,-1.63538438974271,10.1599826535468,-1.63538438974271,10.1599826535468,0,10.1599826535468,"Plate17_1_20260309_TMP_SW_H6_Reacidified","
The Fe2 diff std curve R squared is 0.94, which is below the 0.985 cutoff but I think is reasonable, 
and Melanie mentioned that this R sqaured might be lower since it is the difference between two curves and is more sensitive. 
The FE_2_high std curve R squared is 0.984, which is close to the 0.985 cutoff
so I think it is reasonable. 
The FE_2_diff slope is slightly lower than previous slopes. 
The check stds for FE3 60 uM and Fe3 9 uM were all bad.
One dup was off for Fe2 and one dup was off for Fe3. 
One spike was too high and one spike looks like the spk solution didn't get added. "
"188","Plate17","G05",0.063,0.085,"20260309_TMP_SW_H6_Reacidified",1,"FE_2_high Std curve r2 low; FE_2_diff Std curve r2 low; Fe2 Chk Std 0.6 out of range; Fe3 Chk Std 9 out of range; Fe3 Chk Std 60 out of range","Within range","Within range",9.0668314323872,0.0780836484248346,0.0069163515751654,4.6079537756487,9.0668314323872,4.6079537756487,9.0668314323872,4.6079537756487,13.6747852080359,"Plate17_1_20260309_TMP_SW_H6_Reacidified","
The Fe2 diff std curve R squared is 0.94, which is below the 0.985 cutoff but I think is reasonable, 
and Melanie mentioned that this R sqaured might be lower since it is the difference between two curves and is more sensitive. 
The FE_2_high std curve R squared is 0.984, which is close to the 0.985 cutoff
so I think it is reasonable. 
The FE_2_diff slope is slightly lower than previous slopes. 
The check stds for FE3 60 uM and Fe3 9 uM were all bad.
One dup was off for Fe2 and one dup was off for Fe3. 
One spike was too high and one spike looks like the spk solution didn't get added. "
"189","Plate17","G06",0.07,0.082,"20260309_TMP_SW_H6_Reacidified",1,"FE_2_high Std curve r2 low; FE_2_diff Std curve r2 low; Fe2 Chk Std 0.6 out of range; Fe3 Chk Std 9 out of range; Fe3 Chk Std 60 out of range","Within range","Within range",11.6175176150929,0.0882826418029683,-0.00628264180296827,-4.18575063780554,11.6175176150929,-4.18575063780554,11.6175176150929,0,11.6175176150929,"Plate17_1_20260309_TMP_SW_H6_Reacidified","
The Fe2 diff std curve R squared is 0.94, which is below the 0.985 cutoff but I think is reasonable, 
and Melanie mentioned that this R sqaured might be lower since it is the difference between two curves and is more sensitive. 
The FE_2_high std curve R squared is 0.984, which is close to the 0.985 cutoff
so I think it is reasonable. 
The FE_2_diff slope is slightly lower than previous slopes. 
The check stds for FE3 60 uM and Fe3 9 uM were all bad.
One dup was off for Fe2 and one dup was off for Fe3. 
One spike was too high and one spike looks like the spk solution didn't get added. "
"190","Plate17","G07",0.057,0.088,"GCW_TR_C_20",1,"FE_2_high Std curve r2 low; FE_2_diff Std curve r2 low; Fe2 Chk Std 0.6 out of range; Fe3 Chk Std 9 out of range; Fe3 Chk Std 60 out of range","Within range","Within range",6.88052899006799,0.06934165410072,0.0186583458992799,12.4309463594453,6.88052899006799,12.4309463594453,6.88052899006799,12.4309463594453,19.3114753495133,"Plate17_1_GCW_TR_C_20","
The Fe2 diff std curve R squared is 0.94, which is below the 0.985 cutoff but I think is reasonable, 
and Melanie mentioned that this R sqaured might be lower since it is the difference between two curves and is more sensitive. 
The FE_2_high std curve R squared is 0.984, which is close to the 0.985 cutoff
so I think it is reasonable. 
The FE_2_diff slope is slightly lower than previous slopes. 
The check stds for FE3 60 uM and Fe3 9 uM were all bad.
One dup was off for Fe2 and one dup was off for Fe3. 
One spike was too high and one spike looks like the spk solution didn't get added. "
"191","Plate17","G08",0.055,0.104,"GCW_TR_C_20",1,"FE_2_high Std curve r2 low; FE_2_diff Std curve r2 low; Fe2 Chk Std 0.6 out of range; Fe3 Chk Std 9 out of range; Fe3 Chk Std 60 out of range","Within range","Within range",6.15176150929492,0.0664276559926819,0.0375723440073181,25.0322185833002,6.15176150929492,25.0322185833002,6.15176150929492,25.0322185833002,31.1839800925952,"Plate17_1_GCW_TR_C_20","
The Fe2 diff std curve R squared is 0.94, which is below the 0.985 cutoff but I think is reasonable, 
and Melanie mentioned that this R sqaured might be lower since it is the difference between two curves and is more sensitive. 
The FE_2_high std curve R squared is 0.984, which is close to the 0.985 cutoff
so I think it is reasonable. 
The FE_2_diff slope is slightly lower than previous slopes. 
The check stds for FE3 60 uM and Fe3 9 uM were all bad.
One dup was off for Fe2 and one dup was off for Fe3. 
One spike was too high and one spike looks like the spk solution didn't get added. "
"192","Plate17","G09",0.058,0.088,"GCW_TR_C_20",1,"FE_2_high Std curve r2 low; FE_2_diff Std curve r2 low; Fe2 Chk Std 0.6 out of range; Fe3 Chk Std 9 out of range; Fe3 Chk Std 60 out of range","Within range","Within range",7.24491273045452,0.0707986531547391,0.0172013468452609,11.4602345297878,7.24491273045452,11.4602345297878,7.24491273045452,11.4602345297878,18.7051472602423,"Plate17_1_GCW_TR_C_20","
The Fe2 diff std curve R squared is 0.94, which is below the 0.985 cutoff but I think is reasonable, 
and Melanie mentioned that this R sqaured might be lower since it is the difference between two curves and is more sensitive. 
The FE_2_high std curve R squared is 0.984, which is close to the 0.985 cutoff
so I think it is reasonable. 
The FE_2_diff slope is slightly lower than previous slopes. 
The check stds for FE3 60 uM and Fe3 9 uM were all bad.
One dup was off for Fe2 and one dup was off for Fe3. 
One spike was too high and one spike looks like the spk solution didn't get added. "
"193","Plate17","H04",0.12,0.181,"20260309_TMP_C_B4_Reacidified",1,"FE_2_high Std curve r2 low; FE_2_diff Std curve r2 low; Fe2 Chk Std 0.6 out of range; Fe3 Chk Std 9 out of range; Fe3 Chk Std 60 out of range","Within range","Within range",29.8367046344197,0.161132594503923,0.019867405496077,13.7102680221747,29.8367046344197,13.7102680221747,29.8367046344197,13.7102680221747,43.5469726565943,"Plate17_1_20260309_TMP_C_B4_Reacidified","
The Fe2 diff std curve R squared is 0.94, which is below the 0.985 cutoff but I think is reasonable, 
and Melanie mentioned that this R sqaured might be lower since it is the difference between two curves and is more sensitive. 
The FE_2_high std curve R squared is 0.984, which is close to the 0.985 cutoff
so I think it is reasonable. 
The FE_2_diff slope is slightly lower than previous slopes. 
The check stds for FE3 60 uM and Fe3 9 uM were all bad.
One dup was off for Fe2 and one dup was off for Fe3. 
One spike was too high and one spike looks like the spk solution didn't get added. "
"194","Plate17","H05",0.115,0.175,"20260309_TMP_C_B4_Reacidified",1,"FE_2_high Std curve r2 low; FE_2_diff Std curve r2 low; Fe2 Chk Std 0.6 out of range; Fe3 Chk Std 9 out of range; Fe3 Chk Std 60 out of range","Within range","Within range",28.014785932487,0.153847599233828,0.0211524007661725,14.5970284783255,28.014785932487,14.5970284783255,28.014785932487,14.5970284783255,42.6118144108125,"Plate17_1_20260309_TMP_C_B4_Reacidified","
The Fe2 diff std curve R squared is 0.94, which is below the 0.985 cutoff but I think is reasonable, 
and Melanie mentioned that this R sqaured might be lower since it is the difference between two curves and is more sensitive. 
The FE_2_high std curve R squared is 0.984, which is close to the 0.985 cutoff
so I think it is reasonable. 
The FE_2_diff slope is slightly lower than previous slopes. 
The check stds for FE3 60 uM and Fe3 9 uM were all bad.
One dup was off for Fe2 and one dup was off for Fe3. 
One spike was too high and one spike looks like the spk solution didn't get added. "
"195","Plate17","H06",0.113,0.159,"20260309_TMP_C_B4_Reacidified",1,"FE_2_high Std curve r2 low; FE_2_diff Std curve r2 low; Fe2 Chk Std 0.6 out of range; Fe3 Chk Std 9 out of range; Fe3 Chk Std 60 out of range","Within range","Within range",27.2860184517139,0.150933601125789,0.00806639887421068,5.56652908509034,27.2860184517139,5.56652908509034,27.2860184517139,5.56652908509034,32.8525475368043,"Plate17_1_20260309_TMP_C_B4_Reacidified","
The Fe2 diff std curve R squared is 0.94, which is below the 0.985 cutoff but I think is reasonable, 
and Melanie mentioned that this R sqaured might be lower since it is the difference between two curves and is more sensitive. 
The FE_2_high std curve R squared is 0.984, which is close to the 0.985 cutoff
so I think it is reasonable. 
The FE_2_diff slope is slightly lower than previous slopes. 
The check stds for FE3 60 uM and Fe3 9 uM were all bad.
One dup was off for Fe2 and one dup was off for Fe3. 
One spike was too high and one spike looks like the spk solution didn't get added. "
"196","Plate17","H07",0.094,0.11,"GCW_TR_B_10_NoAcid",1,"FE_2_high Std curve r2 low; FE_2_diff Std curve r2 low; Fe2 Chk Std 0.6 out of range; Fe3 Chk Std 9 out of range; Fe3 Chk Std 60 out of range","Within range","Within range",20.3627273843698,0.123250619099427,-0.0132506190994265,-8.8280995616428,20.3627273843698,-8.8280995616428,20.3627273843698,0,20.3627273843698,"Plate17_1_GCW_TR_B_10_NoAcid","
The Fe2 diff std curve R squared is 0.94, which is below the 0.985 cutoff but I think is reasonable, 
and Melanie mentioned that this R sqaured might be lower since it is the difference between two curves and is more sensitive. 
The FE_2_high std curve R squared is 0.984, which is close to the 0.985 cutoff
so I think it is reasonable. 
The FE_2_diff slope is slightly lower than previous slopes. 
The check stds for FE3 60 uM and Fe3 9 uM were all bad.
One dup was off for Fe2 and one dup was off for Fe3. 
One spike was too high and one spike looks like the spk solution didn't get added. "
"197","Plate17","H08",0.091,0.105,"GCW_TR_B_10_NoAcid",1,"FE_2_high Std curve r2 low; FE_2_diff Std curve r2 low; Fe2 Chk Std 0.6 out of range; Fe3 Chk Std 9 out of range; Fe3 Chk Std 60 out of range","Within range","Within range",19.2695761632102,0.118879621937369,-0.0138796219373692,-9.24716674908875,19.2695761632102,-9.24716674908875,19.2695761632102,0,19.2695761632102,"Plate17_1_GCW_TR_B_10_NoAcid","
The Fe2 diff std curve R squared is 0.94, which is below the 0.985 cutoff but I think is reasonable, 
and Melanie mentioned that this R sqaured might be lower since it is the difference between two curves and is more sensitive. 
The FE_2_high std curve R squared is 0.984, which is close to the 0.985 cutoff
so I think it is reasonable. 
The FE_2_diff slope is slightly lower than previous slopes. 
The check stds for FE3 60 uM and Fe3 9 uM were all bad.
One dup was off for Fe2 and one dup was off for Fe3. 
One spike was too high and one spike looks like the spk solution didn't get added. "
"198","Plate17","H09",0.091,0.105,"GCW_TR_B_10_NoAcid",1,"FE_2_high Std curve r2 low; FE_2_diff Std curve r2 low; Fe2 Chk Std 0.6 out of range; Fe3 Chk Std 9 out of range; Fe3 Chk Std 60 out of range","Within range","Within range",19.2695761632102,0.118879621937369,-0.0138796219373692,-9.24716674908875,19.2695761632102,-9.24716674908875,19.2695761632102,0,19.2695761632102,"Plate17_1_GCW_TR_B_10_NoAcid","
The Fe2 diff std curve R squared is 0.94, which is below the 0.985 cutoff but I think is reasonable, 
and Melanie mentioned that this R sqaured might be lower since it is the difference between two curves and is more sensitive. 
The FE_2_high std curve R squared is 0.984, which is close to the 0.985 cutoff
so I think it is reasonable. 
The FE_2_diff slope is slightly lower than previous slopes. 
The check stds for FE3 60 uM and Fe3 9 uM were all bad.
One dup was off for Fe2 and one dup was off for Fe3. 
One spike was too high and one spike looks like the spk solution didn't get added. "
